t,cond.S.mean,cond.S.sd,cond.S.se,cond.S.q025,cond.S.q25,cond.S.q50,cond.S.q75,cond.S.q975,cond.I.mean,cond.I.sd,cond.I.se,cond.I.q025,cond.I.q25,cond.I.q50,cond.I.q75,cond.I.q975,cond.R.mean,cond.R.sd,cond.R.se,cond.R.q025,cond.R.q25,cond.R.q50,cond.R.q75,cond.R.q975,cond.infectious.mean,cond.infectious.sd,cond.infectious.se,cond.infectious.q025,cond.infectious.q25,cond.infectious.q50,cond.infectious.q75,cond.infectious.q975,cond.cumulative.mean,cond.cumulative.sd,cond.cumulative.se,cond.cumulative.q025,cond.cumulative.q25,cond.cumulative.q50,cond.cumulative.q75,cond.cumulative.q975
0.0,0.99,0.0,0.0,0.99,0.99,0.99,0.99,0.99,0.01,0.0,0.0,0.01,0.01,0.01,0.01,0.01,0.0,0.0,0.0,0.0,0.0,0.0,0.0,0.0,0.01,0.0,0.0,0.01,0.01,0.01,0.01,0.01,0.01,0.0,0.0,0.01,0.01,0.01,0.01,0.01
0.25,0.988751,0.00012,4.0e-6,0.98852,0.98867,0.98875,0.98883,0.98897,0.010604,0.00014,4.0e-6,0.01032,0.01051,0.0106,0.01069,0.01088,0.000646,8.0e-5,3.0e-6,0.00049,0.00059,0.00065,0.0007,0.0008,0.010604,0.00014,4.0e-6,0.01032,0.01051,0.0106,0.01069,0.01088,0.011249,0.00012,4.0e-6,0.01103,0.01117,0.01125,0.01133,0.01148
0.5,0.987472,0.00017,5.0e-6,0.98713,0.98735,0.98748,0.98759,0.98783,0.011201,0.0002,6.0e-6,0.01081,0.01106,0.0112,0.01135,0.01159,0.001327,0.00011,3.0e-6,0.00111,0.00126,0.00133,0.0014,0.00154,0.011201,0.0002,6.0e-6,0.01081,0.01106,0.0112,0.01135,0.01159,0.012528,0.00017,5.0e-6,0.01217,0.01241,0.01252,0.01265,0.01287
0.75,0.986179,0.00023,7.0e-6,0.98576,0.98603,0.98618,0.98634,0.98666,0.011779,0.00026,8.0e-6,0.01125,0.01162,0.01178,0.01195,0.01227,0.002042,0.00013,4.0e-6,0.00179,0.00195,0.00204,0.00214,0.00231,0.011779,0.00026,8.0e-6,0.01125,0.01162,0.01178,0.01195,0.01227,0.013821,0.00023,7.0e-6,0.01334,0.01366,0.01382,0.01397,0.01424
1.0,0.984851,0.00027,8.0e-6,0.98435,0.98467,0.98484,0.98504,0.98538,0.012356,0.0003,9.0e-6,0.01176,0.01216,0.01237,0.01255,0.01291,0.002793,0.00015,5.0e-6,0.00252,0.00269,0.00279,0.0029,0.0031,0.012356,0.0003,9.0e-6,0.01176,0.01216,0.01237,0.01255,0.01291,0.015149,0.00027,8.0e-6,0.01462,0.01496,0.01516,0.01533,0.01565
1.25,0.983497,0.00032,1.0e-5,0.98287,0.98329,0.9835,0.98371,0.98412,0.012921,0.00034,1.1e-5,0.01226,0.0127,0.01293,0.01315,0.01358,0.003581,0.00016,5.0e-6,0.00327,0.00346,0.00358,0.0037,0.0039,0.012921,0.00034,1.1e-5,0.01226,0.0127,0.01293,0.01315,0.01358,0.016503,0.00032,1.0e-5,0.01588,0.01629,0.0165,0.01671,0.01713
1.5,0.982126,0.00036,1.1e-5,0.98145,0.98189,0.98211,0.98236,0.98279,0.013473,0.00037,1.2e-5,0.01273,0.01323,0.01348,0.01373,0.01416,0.004401,0.00018,6.0e-6,0.00407,0.00427,0.0044,0.00453,0.00474,0.013473,0.00037,1.2e-5,0.01273,0.01323,0.01348,0.01373,0.01416,0.017874,0.00036,1.1e-5,0.01721,0.01764,0.01789,0.01811,0.01855
1.75,0.98072,0.0004,1.3e-5,0.97994,0.98045,0.98071,0.98099,0.98148,0.014023,0.00041,1.3e-5,0.01321,0.01374,0.01404,0.0143,0.01478,0.005257,0.0002,6.0e-6,0.0049,0.00512,0.00525,0.0054,0.00564,0.014023,0.00041,1.3e-5,0.01321,0.01374,0.01404,0.0143,0.01478,0.01928,0.0004,1.3e-5,0.01852,0.01901,0.01929,0.01955,0.02006
2.0,0.979289,0.00045,1.4e-5,0.97841,0.979,0.97928,0.97959,0.98016,0.014562,0.00044,1.4e-5,0.0137,0.01428,0.01457,0.01486,0.01543,0.00615,0.00021,7.0e-6,0.00577,0.00601,0.00615,0.00629,0.00658,0.014562,0.00044,1.4e-5,0.0137,0.01428,0.01457,0.01486,0.01543,0.020711,0.00045,1.4e-5,0.01984,0.02041,0.02072,0.021,0.02159
2.25,0.977833,0.0005,1.6e-5,0.97689,0.9775,0.97782,0.97817,0.97883,0.015092,0.00048,1.5e-5,0.01411,0.01477,0.01511,0.01541,0.01599,0.007075,0.00022,7.0e-6,0.00663,0.00692,0.00707,0.00722,0.0075,0.015092,0.00048,1.5e-5,0.01411,0.01477,0.01511,0.01541,0.01599,0.022167,0.0005,1.6e-5,0.02117,0.02183,0.02218,0.0225,0.02311
2.5,0.976349,0.00056,1.8e-5,0.97527,0.97598,0.97634,0.97668,0.97747,0.015616,0.00053,1.7e-5,0.01452,0.01528,0.01563,0.01597,0.01663,0.008035,0.00024,8.0e-6,0.00756,0.00786,0.00803,0.00819,0.0085,0.015616,0.00053,1.7e-5,0.01452,0.01528,0.01563,0.01597,0.01663,0.023651,0.00056,1.8e-5,0.02253,0.02332,0.02366,0.02402,0.02473
2.75,0.974838,0.00061,1.9e-5,0.97369,0.97443,0.97483,0.97523,0.97605,0.016131,0.00055,1.7e-5,0.01499,0.01576,0.01615,0.01649,0.0172,0.009031,0.00026,8.0e-6,0.00854,0.00885,0.00902,0.0092,0.00958,0.016131,0.00055,1.7e-5,0.01499,0.01576,0.01615,0.01649,0.0172,0.025162,0.00061,1.9e-5,0.02395,0.02477,0.02517,0.02557,0.02631
3.0,0.973307,0.00067,2.1e-5,0.972,0.97287,0.97329,0.97376,0.97464,0.01664,0.00059,1.9e-5,0.0154,0.01624,0.01667,0.01703,0.01779,0.010052,0.00028,9.0e-6,0.00953,0.00985,0.01005,0.01023,0.01064,0.01664,0.00059,1.9e-5,0.0154,0.01624,0.01667,0.01703,0.01779,0.026693,0.00067,2.1e-5,0.02536,0.02624,0.02671,0.02713,0.028
3.25,0.97174,0.00073,2.3e-5,0.97042,0.97124,0.97172,0.97224,0.97324,0.017156,0.00063,2.0e-5,0.01589,0.01674,0.01717,0.0176,0.01839,0.011104,0.0003,9.0e-6,0.01053,0.0109,0.01109,0.0113,0.01171,0.017156,0.00063,2.0e-5,0.01589,0.01674,0.01717,0.0176,0.01839,0.02826,0.00073,2.3e-5,0.02676,0.02776,0.02828,0.02876,0.02958
3.5,0.970149,0.00079,2.5e-5,0.96864,0.96961,0.97011,0.97067,0.97174,0.017658,0.00066,2.1e-5,0.01628,0.0172,0.01768,0.01811,0.01891,0.012194,0.00032,1.0e-5,0.01159,0.01197,0.01218,0.01241,0.01282,0.017658,0.00066,2.1e-5,0.01628,0.0172,0.01768,0.01811,0.01891,0.029851,0.00079,2.5e-5,0.02826,0.02933,0.02989,0.03039,0.03136
3.75,0.968524,0.00085,2.7e-5,0.96683,0.96796,0.96849,0.9691,0.97023,0.018159,0.0007,2.2e-5,0.01672,0.01768,0.01819,0.01865,0.01953,0.013317,0.00034,1.1e-5,0.01269,0.01308,0.01331,0.01354,0.01399,0.018159,0.0007,2.2e-5,0.01672,0.01768,0.01819,0.01865,0.01953,0.031476,0.00085,2.7e-5,0.02977,0.0309,0.03151,0.03204,0.03317
4.0,0.966878,0.00092,2.9e-5,0.96508,0.96628,0.96686,0.9675,0.9687,0.018653,0.00074,2.3e-5,0.01717,0.01815,0.0187,0.01915,0.02007,0.014469,0.00038,1.2e-5,0.01378,0.0142,0.01447,0.01472,0.01522,0.018653,0.00074,2.3e-5,0.01717,0.01815,0.0187,0.01915,0.02007,0.033122,0.00092,2.9e-5,0.0313,0.0325,0.03314,0.03372,0.03492
4.25,0.965193,0.00099,3.1e-5,0.96326,0.96456,0.96515,0.96583,0.96718,0.019159,0.00077,2.4e-5,0.01761,0.01863,0.01919,0.01968,0.02061,0.015649,0.00041,1.3e-5,0.01488,0.01536,0.01564,0.01593,0.01646,0.019159,0.00077,2.4e-5,0.01761,0.01863,0.01919,0.01968,0.02061,0.034807,0.00099,3.1e-5,0.03282,0.03417,0.03485,0.03544,0.03674
4.5,0.963482,0.00105,3.3e-5,0.96142,0.9628,0.96342,0.96419,0.9656,0.019654,0.0008,2.5e-5,0.01805,0.01911,0.01971,0.02022,0.0212,0.016864,0.00044,1.4e-5,0.01604,0.01657,0.01685,0.01716,0.01773,0.019654,0.0008,2.5e-5,0.01805,0.01911,0.01971,0.02022,0.0212,0.036518,0.00105,3.3e-5,0.0344,0.03581,0.03658,0.0372,0.03858
4.75,0.961745,0.00113,3.6e-5,0.95957,0.96101,0.96169,0.96251,0.96396,0.020144,0.00084,2.7e-5,0.01847,0.01957,0.02017,0.02074,0.02172,0.018111,0.00047,1.5e-5,0.01717,0.01779,0.01811,0.01844,0.01903,0.020144,0.00084,2.7e-5,0.01847,0.01957,0.02017,0.02074,0.02172,0.038255,0.00113,3.6e-5,0.03604,0.03749,0.03831,0.03899,0.04043
5.0,0.959977,0.0012,3.8e-5,0.95772,0.95919,0.95991,0.96078,0.9624,0.020635,0.00088,2.8e-5,0.01886,0.02005,0.02068,0.02128,0.02226,0.019389,0.0005,1.6e-5,0.01843,0.01906,0.01938,0.01972,0.02035,0.020635,0.00088,2.8e-5,0.01886,0.02005,0.02068,0.02128,0.02226,0.040023,0.0012,3.8e-5,0.0376,0.03922,0.04009,0.04081,0.04228
5.25,0.958178,0.00127,4.0e-5,0.95568,0.95731,0.95814,0.95905,0.96073,0.021125,0.00091,2.9e-5,0.01927,0.02048,0.02115,0.02177,0.02274,0.020697,0.00054,1.7e-5,0.01964,0.02034,0.02071,0.02106,0.02173,0.021125,0.00091,2.9e-5,0.01927,0.02048,0.02115,0.02177,0.02274,0.041822,0.00127,4.0e-5,0.03927,0.04095,0.04186,0.04269,0.04432
5.5,0.956351,0.00135,4.3e-5,0.95376,0.95544,0.95631,0.95723,0.95914,0.021614,0.00095,3.0e-5,0.01971,0.02097,0.02164,0.02228,0.02333,0.022036,0.00058,1.8e-5,0.02089,0.02166,0.02204,0.02241,0.02318,0.021614,0.00095,3.0e-5,0.01971,0.02097,0.02164,0.02228,0.02333,0.043649,0.00135,4.3e-5,0.04086,0.04277,0.04369,0.04456,0.04624
5.75,0.954485,0.00143,4.5e-5,0.95168,0.95351,0.95444,0.95543,0.9574,0.022117,0.00098,3.1e-5,0.02011,0.02145,0.02216,0.02278,0.02396,0.023398,0.00063,2.0e-5,0.02216,0.02299,0.0234,0.02381,0.02459,0.022117,0.00098,3.1e-5,0.02011,0.02145,0.02216,0.02278,0.02396,0.045515,0.00143,4.5e-5,0.0426,0.04457,0.04556,0.04649,0.04832
6.0,0.952592,0.00151,4.8e-5,0.94969,0.95156,0.95254,0.95359,0.95566,0.022612,0.00102,3.2e-5,0.0206,0.02192,0.02264,0.02329,0.02454,0.024797,0.00067,2.1e-5,0.0235,0.02435,0.02481,0.02524,0.02602,0.022612,0.00102,3.2e-5,0.0206,0.02192,0.02264,0.02329,0.02454,0.047408,0.00151,4.8e-5,0.04434,0.04641,0.04746,0.04844,0.05031
6.25,0.950671,0.0016,5.1e-5,0.94746,0.9496,0.95064,0.95174,0.95393,0.023103,0.00105,3.3e-5,0.02103,0.0224,0.02314,0.02381,0.02519,0.026227,0.00072,2.3e-5,0.02476,0.02575,0.02627,0.02669,0.02755,0.023103,0.00105,3.3e-5,0.02103,0.0224,0.02314,0.02381,0.02519,0.049329,0.0016,5.1e-5,0.04607,0.04826,0.04936,0.0504,0.05254
6.5,0.948721,0.00168,5.3e-5,0.94546,0.94762,0.94866,0.94981,0.9522,0.023606,0.00107,3.4e-5,0.02146,0.02288,0.02364,0.02433,0.02571,0.027673,0.00078,2.5e-5,0.02612,0.02718,0.02769,0.02817,0.02914,0.023606,0.00107,3.4e-5,0.02146,0.02288,0.02364,0.02433,0.02571,0.051279,0.00168,5.3e-5,0.0478,0.05019,0.05134,0.05238,0.05454
6.75,0.94673,0.00177,5.6e-5,0.94327,0.94556,0.94668,0.94786,0.95049,0.024101,0.00111,3.5e-5,0.02187,0.02335,0.02413,0.02484,0.02633,0.029168,0.00083,2.6e-5,0.02747,0.02861,0.02921,0.0297,0.03074,0.024101,0.00111,3.5e-5,0.02187,0.02335,0.02413,0.02484,0.02633,0.05327,0.00177,5.6e-5,0.04951,0.05214,0.05332,0.05444,0.05673
7.0,0.944714,0.00186,5.9e-5,0.94098,0.94345,0.94466,0.9459,0.94861,0.024601,0.00115,3.7e-5,0.02221,0.02384,0.02464,0.0254,0.0268,0.030685,0.00088,2.8e-5,0.02887,0.03009,0.03073,0.03127,0.03235,0.024601,0.00115,3.7e-5,0.02221,0.02384,0.02464,0.0254,0.0268,0.055286,0.00186,5.9e-5,0.05139,0.0541,0.05535,0.05655,0.05902
7.25,0.942671,0.00195,6.2e-5,0.9389,0.94135,0.94261,0.94399,0.94675,0.025083,0.00119,3.8e-5,0.02266,0.02425,0.02514,0.02588,0.02738,0.032246,0.00094,3.0e-5,0.03034,0.03163,0.03228,0.03287,0.03401,0.025083,0.00119,3.8e-5,0.02266,0.02425,0.02514,0.02588,0.02738,0.057329,0.00195,6.2e-5,0.05325,0.05601,0.05739,0.05865,0.0611
7.5,0.940593,0.00204,6.4e-5,0.93655,0.93922,0.94054,0.94194,0.94489,0.025578,0.00122,3.8e-5,0.02326,0.02475,0.0256,0.0264,0.02791,0.033829,0.00101,3.2e-5,0.03179,0.03313,0.03386,0.0345,0.03577,0.025578,0.00122,3.8e-5,0.02326,0.02475,0.0256,0.0264,0.02791,0.059407,0.00204,6.4e-5,0.05511,0.05806,0.05946,0.06078,0.06345
7.75,0.938477,0.00212,6.7e-5,0.93427,0.93707,0.9384,0.93983,0.94292,0.026083,0.00124,3.9e-5,0.02369,0.02525,0.02613,0.02694,0.02854,0.03544,0.00107,3.4e-5,0.0333,0.03472,0.0355,0.03613,0.03747,0.026083,0.00124,3.9e-5,0.02369,0.02525,0.02613,0.02694,0.02854,0.061523,0.00212,6.7e-5,0.05708,0.06017,0.0616,0.06293,0.06573
8.0,0.936331,0.00221,7.0e-5,0.93191,0.93486,0.93627,0.93778,0.94101,0.026585,0.00127,4.0e-5,0.0241,0.02571,0.02662,0.02746,0.02915,0.037084,0.00113,3.6e-5,0.03484,0.03633,0.03714,0.03783,0.03921,0.026585,0.00127,4.0e-5,0.0241,0.02571,0.02662,0.02746,0.02915,0.063669,0.00221,7.0e-5,0.05899,0.06222,0.06373,0.06514,0.06809
8.25,0.934155,0.0023,7.3e-5,0.92955,0.9326,0.93408,0.93568,0.93892,0.027084,0.0013,4.1e-5,0.0246,0.0262,0.02706,0.02798,0.02963,0.03876,0.00119,3.8e-5,0.03639,0.03796,0.0388,0.03956,0.04106,0.027084,0.0013,4.1e-5,0.0246,0.0262,0.02706,0.02798,0.02963,0.065845,0.0023,7.3e-5,0.06108,0.06432,0.06592,0.0674,0.07045
8.5,0.931949,0.0024,7.6e-5,0.92708,0.93036,0.93189,0.93352,0.93698,0.027586,0.00134,4.2e-5,0.02505,0.02666,0.02756,0.0285,0.03025,0.040466,0.00126,4.0e-5,0.03792,0.03962,0.04052,0.04132,0.04293,0.027586,0.00134,4.2e-5,0.02505,0.02666,0.02756,0.0285,0.03025,0.068051,0.0024,7.6e-5,0.06302,0.06648,0.06812,0.06964,0.07292
8.75,0.929698,0.0025,7.9e-5,0.92466,0.92805,0.92964,0.93136,0.93476,0.028097,0.00138,4.3e-5,0.02547,0.02716,0.02808,0.02901,0.03091,0.042205,0.00133,4.2e-5,0.03945,0.04136,0.04226,0.04309,0.04478,0.028097,0.00138,4.3e-5,0.02547,0.02716,0.02808,0.02901,0.03091,0.070302,0.0025,7.9e-5,0.06524,0.06864,0.07036,0.07195,0.07534
9.0,0.927427,0.00261,8.2e-5,0.92227,0.92568,0.92738,0.92911,0.93273,0.028591,0.00141,4.4e-5,0.02591,0.02766,0.02855,0.02953,0.03138,0.043982,0.0014,4.4e-5,0.04104,0.0431,0.04404,0.0449,0.04678,0.028591,0.00141,4.4e-5,0.02591,0.02766,0.02855,0.02953,0.03138,0.072573,0.00261,8.2e-5,0.06727,0.07089,0.07262,0.07432,0.07773
9.25,0.925119,0.0027,8.5e-5,0.91985,0.92335,0.92509,0.92688,0.9306,0.029089,0.00144,4.5e-5,0.02636,0.0281,0.02905,0.03006,0.03191,0.045791,0.00147,4.7e-5,0.04257,0.04486,0.04587,0.04676,0.04871,0.029089,0.00144,4.5e-5,0.02636,0.0281,0.02905,0.03006,0.03191,0.074881,0.0027,8.5e-5,0.0694,0.07312,0.07491,0.07665,0.08015
9.5,0.922777,0.00281,8.9e-5,0.91728,0.92092,0.92275,0.92463,0.9285,0.029602,0.00147,4.7e-5,0.02685,0.02859,0.02958,0.03062,0.03248,0.047621,0.00154,4.9e-5,0.04429,0.04663,0.04769,0.04865,0.05057,0.029602,0.00147,4.7e-5,0.02685,0.02859,0.02958,0.03062,0.03248,0.077223,0.00281,8.9e-5,0.0715,0.07537,0.07725,0.07908,0.08272
9.75,0.920401,0.00292,9.2e-5,0.91462,0.91845,0.92036,0.92232,0.92629,0.03012,0.00151,4.8e-5,0.02727,0.02905,0.0301,0.03116,0.033,0.049479,0.00161,5.1e-5,0.04607,0.04848,0.04954,0.05054,0.05259,0.03012,0.00151,4.8e-5,0.02727,0.02905,0.0301,0.03116,0.033,0.079599,0.00292,9.2e-5,0.07371,0.07768,0.07964,0.08155,0.08538
10.0,0.917987,0.00303,9.6e-5,0.91201,0.91608,0.918,0.92001,0.92403,0.030638,0.00155,4.9e-5,0.02772,0.02956,0.03058,0.03167,0.03366,0.051375,0.0017,5.4e-5,0.04772,0.05027,0.05145,0.05245,0.05471,0.030638,0.00155,4.9e-5,0.02772,0.02956,0.03058,0.03167,0.03366,0.082013,0.00303,9.6e-5,0.07597,0.07999,0.082,0.08392,0.08799
10.25,0.915545,0.00315,0.0001,0.90943,0.91359,0.91555,0.91763,0.92183,0.031146,0.00158,5.0e-5,0.02825,0.03008,0.03108,0.03217,0.03426,0.053309,0.00179,5.6e-5,0.04941,0.05214,0.05338,0.05449,0.05675,0.031146,0.00158,5.0e-5,0.02825,0.03008,0.03108,0.03217,0.03426,0.084455,0.00315,0.0001,0.07817,0.08237,0.08445,0.08641,0.09057
10.5,0.913075,0.00326,0.000103,0.90666,0.91102,0.9131,0.91524,0.91959,0.031658,0.00162,5.1e-5,0.02868,0.03055,0.03162,0.03272,0.03481,0.055267,0.00186,5.9e-5,0.05136,0.05403,0.0553,0.05652,0.05892,0.031658,0.00162,5.1e-5,0.02868,0.03055,0.03162,0.03272,0.03481,0.086925,0.00326,0.000103,0.08041,0.08476,0.0869,0.08898,0.09334
10.75,0.910566,0.00338,0.000107,0.90389,0.90843,0.91063,0.91281,0.91742,0.03218,0.00166,5.3e-5,0.02905,0.03103,0.03212,0.03326,0.03546,0.057253,0.00194,6.1e-5,0.05314,0.056,0.05728,0.05854,0.06098,0.03218,0.00166,5.3e-5,0.02905,0.03103,0.03212,0.03326,0.03546,0.089434,0.00338,0.000107,0.08258,0.08719,0.08937,0.09157,0.09611
11.0,0.908024,0.0035,0.000111,0.90105,0.9058,0.90807,0.91026,0.91505,0.032696,0.0017,5.4e-5,0.02945,0.03156,0.03266,0.03377,0.0361,0.05928,0.00201,6.4e-5,0.05507,0.058,0.05932,0.06059,0.06315,0.032696,0.0017,5.4e-5,0.02945,0.03156,0.03266,0.03377,0.0361,0.091976,0.0035,0.000111,0.08495,0.08974,0.09193,0.09421,0.09895
11.25,0.905454,0.00361,0.000114,0.89825,0.90323,0.90556,0.90781,0.91259,0.033212,0.00174,5.5e-5,0.02996,0.03206,0.03314,0.03433,0.03673,0.061334,0.00209,6.6e-5,0.057,0.05997,0.06138,0.06274,0.06544,0.033212,0.00174,5.5e-5,0.02996,0.03206,0.03314,0.03433,0.03673,0.094546,0.00361,0.000114,0.08741,0.0922,0.09444,0.09677,0.10175
11.5,0.902851,0.00374,0.000118,0.89546,0.90046,0.90292,0.90529,0.91032,0.033721,0.00178,5.6e-5,0.03048,0.03253,0.03364,0.03485,0.03739,0.063429,0.00218,6.9e-5,0.05898,0.062,0.06351,0.06487,0.06764,0.033721,0.00178,5.6e-5,0.03048,0.03253,0.03364,0.03485,0.03739,0.097149,0.00374,0.000118,0.08968,0.09471,0.09708,0.09954,0.10454
11.75,0.900219,0.00385,0.000122,0.89257,0.89781,0.90028,0.90277,0.9079,0.034236,0.00181,5.7e-5,0.03091,0.03302,0.03413,0.03541,0.03782,0.065545,0.00227,7.2e-5,0.06093,0.06408,0.06562,0.06702,0.06993,0.034236,0.00181,5.7e-5,0.03091,0.03302,0.03413,0.03541,0.03782,0.099781,0.00385,0.000122,0.0921,0.09723,0.09972,0.1022,0.10743
12.0,0.897556,0.00397,0.000126,0.88958,0.89508,0.89762,0.90018,0.90552,0.034743,0.00182,5.8e-5,0.03134,0.03353,0.03469,0.0359,0.0385,0.067701,0.00237,7.5e-5,0.06293,0.06619,0.06778,0.06924,0.07226,0.034743,0.00182,5.8e-5,0.03134,0.03353,0.03469,0.0359,0.0385,0.102444,0.00397,0.000126,0.09448,0.09982,0.10238,0.10492,0.11042
12.25,0.894851,0.0041,0.00013,0.8868,0.89227,0.89488,0.89752,0.90308,0.035255,0.00186,5.9e-5,0.03176,0.03397,0.0352,0.03645,0.03904,0.069894,0.00247,7.8e-5,0.06494,0.06837,0.06995,0.07149,0.07456,0.035255,0.00186,5.9e-5,0.03176,0.03397,0.0352,0.03645,0.03904,0.105149,0.0041,0.00013,0.09692,0.10248,0.10512,0.10773,0.1132
12.5,0.892112,0.00423,0.000134,0.88363,0.88947,0.89219,0.89489,0.90067,0.035775,0.0019,6.0e-5,0.03228,0.03449,0.03573,0.03704,0.03952,0.072113,0.00256,8.1e-5,0.06692,0.07046,0.07218,0.07377,0.07713,0.035775,0.0019,6.0e-5,0.03228,0.03449,0.03573,0.03704,0.03952,0.107888,0.00423,0.000134,0.09933,0.10511,0.10781,0.11053,0.11637
12.75,0.889343,0.00436,0.000138,0.88066,0.8866,0.88936,0.89221,0.89814,0.036298,0.00193,6.1e-5,0.03278,0.035,0.03626,0.03754,0.04015,0.074359,0.00266,8.4e-5,0.06899,0.07259,0.07442,0.07611,0.07947,0.036298,0.00193,6.1e-5,0.03278,0.035,0.03626,0.03754,0.04015,0.110657,0.00436,0.000138,0.10186,0.10779,0.11064,0.1134,0.11934
13.0,0.886549,0.00449,0.000142,0.87766,0.88369,0.8865,0.88953,0.89552,0.036801,0.00197,6.2e-5,0.03317,0.03544,0.03686,0.03808,0.0408,0.07665,0.00276,8.7e-5,0.07103,0.07483,0.07675,0.07848,0.08213,0.036801,0.00197,6.2e-5,0.03317,0.03544,0.03686,0.03808,0.0408,0.113451,0.00449,0.000142,0.10448,0.11047,0.1135,0.11631,0.12234
13.25,0.883735,0.00461,0.000146,0.87477,0.88078,0.88372,0.8868,0.89292,0.037302,0.00198,6.3e-5,0.03365,0.03597,0.03732,0.03859,0.0411,0.078964,0.00287,9.1e-5,0.07314,0.0771,0.07903,0.08082,0.08467,0.037302,0.00198,6.3e-5,0.03365,0.03597,0.03732,0.03859,0.0411,0.116265,0.00461,0.000146,0.10708,0.1132,0.11628,0.11922,0.12523
13.5,0.880875,0.00474,0.00015,0.87144,0.87794,0.88084,0.88409,0.89029,0.037811,0.00201,6.4e-5,0.03413,0.0364,0.03779,0.03911,0.04187,0.081315,0.00298,9.4e-5,0.07522,0.07938,0.08132,0.08321,0.08723,0.037811,0.00201,6.4e-5,0.03413,0.0364,0.03779,0.03911,0.04187,0.119125,0.00474,0.00015,0.10971,0.11591,0.11916,0.12206,0.12856
13.75,0.877996,0.00488,0.000154,0.86849,0.87494,0.87788,0.88133,0.88766,0.038313,0.00205,6.5e-5,0.03445,0.03692,0.03829,0.03965,0.04229,0.08369,0.00308,9.8e-5,0.07757,0.08169,0.08371,0.08565,0.08987,0.038313,0.00205,6.5e-5,0.03445,0.03692,0.03829,0.03965,0.04229,0.122004,0.00488,0.000154,0.11234,0.11866,0.12213,0.12506,0.13151
14.0,0.87508,0.00501,0.000158,0.86526,0.87186,0.87497,0.87843,0.88507,0.038825,0.00208,6.6e-5,0.0348,0.03739,0.03882,0.04019,0.0431,0.086095,0.00318,0.000101,0.07978,0.08405,0.08609,0.08813,0.0926,0.038825,0.00208,6.6e-5,0.0348,0.03739,0.03882,0.04019,0.0431,0.12492,0.00501,0.000158,0.11493,0.12157,0.12503,0.12814,0.13474
14.25,0.87214,0.00514,0.000163,0.86205,0.86882,0.87205,0.87561,0.88231,0.03932,0.0021,6.6e-5,0.03534,0.03789,0.03928,0.04075,0.04355,0.08854,0.00329,0.000104,0.08203,0.08634,0.08855,0.09061,0.09522,0.03932,0.0021,6.6e-5,0.03534,0.03789,0.03928,0.04075,0.04355,0.12786,0.00514,0.000163,0.11769,0.1244,0.12795,0.13118,0.13795
14.5,0.869168,0.00528,0.000167,0.85908,0.86572,0.8691,0.87269,0.87955,0.039819,0.00213,6.7e-5,0.03578,0.03834,0.03978,0.04125,0.0441,0.091013,0.0034,0.000108,0.08425,0.08864,0.09102,0.09316,0.09791,0.039819,0.00213,6.7e-5,0.03578,0.03834,0.03978,0.04125,0.0441,0.130832,0.00528,0.000167,0.12045,0.12731,0.1309,0.13429,0.14092
14.75,0.866171,0.00542,0.000171,0.8557,0.86271,0.86609,0.86984,0.87669,0.040316,0.00216,6.8e-5,0.03623,0.03879,0.04025,0.04178,0.04457,0.093513,0.00351,0.000111,0.08649,0.09116,0.09356,0.09572,0.10059,0.040316,0.00216,6.8e-5,0.03623,0.03879,0.04025,0.04178,0.04457,0.133829,0.00542,0.000171,0.12331,0.13016,0.13391,0.13729,0.1443
15.0,0.863146,0.00555,0.000176,0.85225,0.8596,0.86313,0.86685,0.87383,0.040814,0.00219,6.9e-5,0.03666,0.03931,0.04074,0.04228,0.04521,0.096041,0.00362,0.000114,0.08889,0.09364,0.09606,0.0983,0.1032,0.040814,0.00219,6.9e-5,0.03666,0.03931,0.04074,0.04228,0.04521,0.136854,0.00555,0.000176,0.12617,0.13315,0.13687,0.1404,0.14775
15.25,0.860097,0.00567,0.000179,0.84902,0.85644,0.86,0.86384,0.87096,0.041301,0.00219,6.9e-5,0.03708,0.03985,0.04124,0.04274,0.04563,0.098602,0.00374,0.000118,0.09116,0.0961,0.0986,0.10097,0.106,0.041301,0.00219,6.9e-5,0.03708,0.03985,0.04124,0.04274,0.04563,0.139903,0.00567,0.000179,0.12903,0.13616,0.14,0.14356,0.15098
15.5,0.857013,0.00582,0.000184,0.84557,0.85333,0.85693,0.86096,0.86817,0.0418,0.00223,7.0e-5,0.03749,0.04035,0.04175,0.04329,0.04606,0.101187,0.00385,0.000122,0.09359,0.09861,0.10118,0.10363,0.10884,0.0418,0.00223,7.0e-5,0.03749,0.04035,0.04175,0.04329,0.04606,0.142987,0.00582,0.000184,0.13183,0.13904,0.14307,0.14667,0.15443
15.75,0.853909,0.00595,0.000188,0.84223,0.85014,0.85393,0.85791,0.8656,0.042277,0.00225,7.1e-5,0.03791,0.04082,0.04222,0.0438,0.04656,0.103814,0.00397,0.000125,0.09606,0.10115,0.10386,0.1064,0.11176,0.042277,0.00225,7.1e-5,0.03791,0.04082,0.04222,0.0438,0.04656,0.146091,0.00595,0.000188,0.1344,0.14209,0.14607,0.14986,0.15777
16.0,0.850775,0.00609,0.000193,0.83873,0.84696,0.85076,0.85486,0.86278,0.042752,0.00227,7.2e-5,0.03833,0.0412,0.0427,0.04426,0.04724,0.106473,0.00408,0.000129,0.09847,0.10374,0.10648,0.10909,0.11471,0.042752,0.00227,7.2e-5,0.03833,0.0412,0.0427,0.04426,0.04724,0.149225,0.00609,0.000193,0.13722,0.14514,0.14924,0.15304,0.16127
16.25,0.84762,0.00623,0.000197,0.83528,0.84368,0.84755,0.85185,0.85974,0.043218,0.00229,7.2e-5,0.03862,0.04165,0.04319,0.04478,0.04754,0.109162,0.0042,0.000133,0.10098,0.10634,0.10916,0.11184,0.11762,0.043218,0.00229,7.2e-5,0.03862,0.04165,0.04319,0.04478,0.04754,0.15238,0.00623,0.000197,0.14026,0.14815,0.15245,0.15632,0.16472
16.5,0.844445,0.00637,0.000202,0.83183,0.84048,0.84437,0.84875,0.85694,0.043672,0.00232,7.3e-5,0.03911,0.04211,0.04362,0.04517,0.04823,0.111883,0.00432,0.000137,0.1035,0.10892,0.11188,0.11464,0.12046,0.043672,0.00232,7.3e-5,0.03911,0.04211,0.04362,0.04517,0.04823,0.155555,0.00637,0.000202,0.14306,0.15125,0.15563,0.15952,0.16817
16.75,0.841249,0.00652,0.000206,0.82851,0.83728,0.84109,0.84562,0.85402,0.044129,0.00235,7.4e-5,0.03948,0.04259,0.0441,0.04562,0.04876,0.114622,0.00445,0.000141,0.10605,0.11148,0.11461,0.11743,0.12343,0.044129,0.00235,7.4e-5,0.03948,0.04259,0.0441,0.04562,0.04876,0.158751,0.00652,0.000206,0.14598,0.15438,0.15892,0.16272,0.17149
17.0,0.838018,0.00666,0.00021,0.82498,0.83391,0.83792,0.84253,0.85123,0.044592,0.00236,7.5e-5,0.03994,0.04309,0.04452,0.04612,0.04933,0.11739,0.00456,0.000144,0.10856,0.11416,0.11734,0.12032,0.12642,0.044592,0.00236,7.5e-5,0.03994,0.04309,0.04452,0.04612,0.04933,0.161982,0.00666,0.00021,0.14877,0.15747,0.16208,0.1661,0.17502
17.25,0.834772,0.00679,0.000215,0.8214,0.83057,0.83474,0.83935,0.84806,0.045044,0.00239,7.6e-5,0.04046,0.04352,0.04499,0.04658,0.04994,0.120184,0.00469,0.000148,0.11118,0.11691,0.12014,0.12311,0.12949,0.045044,0.00239,7.6e-5,0.04046,0.04352,0.04499,0.04658,0.04994,0.165228,0.00679,0.000215,0.15194,0.16065,0.16526,0.16943,0.1786
17.5,0.831511,0.00694,0.000219,0.81792,0.82727,0.83142,0.83624,0.84516,0.045468,0.0024,7.6e-5,0.04099,0.04391,0.0454,0.04702,0.05023,0.123021,0.00483,0.000153,0.11359,0.11973,0.12296,0.12604,0.1326,0.045468,0.0024,7.6e-5,0.04099,0.04391,0.0454,0.04702,0.05023,0.168489,0.00694,0.000219,0.15484,0.16376,0.16858,0.17273,0.18208
17.75,0.828238,0.00707,0.000224,0.81435,0.82383,0.82814,0.83307,0.842,0.045882,0.00242,7.6e-5,0.04137,0.04432,0.04584,0.04749,0.05082,0.125881,0.00496,0.000157,0.11619,0.12247,0.12586,0.12898,0.1356,0.045882,0.00242,7.6e-5,0.04137,0.04432,0.04584,0.04749,0.05082,0.171762,0.00707,0.000224,0.158,0.16693,0.17186,0.17617,0.18565
18.0,0.82495,0.00722,0.000228,0.81086,0.82042,0.82484,0.82983,0.83913,0.046291,0.00243,7.7e-5,0.04164,0.04474,0.04626,0.04786,0.05107,0.12876,0.00509,0.000161,0.1188,0.12526,0.12878,0.13188,0.13883,0.046291,0.00243,7.7e-5,0.04164,0.04474,0.04626,0.04786,0.05107,0.17505,0.00722,0.000228,0.16087,0.17017,0.17516,0.17958,0.18914
18.25,0.821632,0.00735,0.000233,0.80723,0.81703,0.82154,0.82658,0.83595,0.046693,0.00244,7.7e-5,0.04197,0.04511,0.04663,0.04827,0.05154,0.131675,0.00522,0.000165,0.12154,0.12805,0.1317,0.13493,0.14208,0.046693,0.00244,7.7e-5,0.04197,0.04511,0.04663,0.04827,0.05154,0.178368,0.00735,0.000233,0.16405,0.17342,0.17846,0.18297,0.19277
18.5,0.818303,0.00749,0.000237,0.80364,0.81364,0.8182,0.82333,0.83287,0.047088,0.00246,7.8e-5,0.0423,0.04551,0.04705,0.04875,0.05184,0.134609,0.00534,0.000169,0.12429,0.13098,0.13462,0.13793,0.14515,0.047088,0.00246,7.8e-5,0.0423,0.04551,0.04705,0.04875,0.05184,0.181697,0.00749,0.000237,0.16713,0.17667,0.1818,0.18636,0.19636
18.75,0.814959,0.00761,0.000241,0.80012,0.81021,0.81485,0.82003,0.82968,0.047483,0.00246,7.8e-5,0.04266,0.0459,0.04746,0.04906,0.05238,0.137558,0.00547,0.000173,0.12685,0.13388,0.13762,0.14087,0.14854,0.047483,0.00246,7.8e-5,0.04266,0.0459,0.04746,0.04906,0.05238,0.185041,0.00761,0.000241,0.17032,0.17997,0.18515,0.18979,0.19988
19.0,0.811602,0.00774,0.000245,0.79656,0.80684,0.81152,0.81684,0.82641,0.047854,0.00245,7.7e-5,0.04307,0.04622,0.04777,0.04948,0.05262,0.140544,0.00561,0.000177,0.12957,0.13669,0.14057,0.14399,0.15165,0.047854,0.00245,7.7e-5,0.04307,0.04622,0.04777,0.04948,0.05262,0.188398,0.00774,0.000245,0.17359,0.18316,0.18848,0.19316,0.20344
19.25,0.808227,0.00787,0.000249,0.79301,0.80337,0.80814,0.81356,0.82337,0.048224,0.00246,7.8e-5,0.04341,0.04661,0.04816,0.04988,0.05322,0.143549,0.00574,0.000181,0.13234,0.13977,0.14354,0.14702,0.1548,0.048224,0.00246,7.8e-5,0.04341,0.04661,0.04816,0.04988,0.05322,0.191773,0.00787,0.000249,0.17663,0.18644,0.19186,0.19663,0.20699
19.5,0.804842,0.00801,0.000253,0.78921,0.79981,0.80473,0.81028,0.82021,0.048589,0.00247,7.8e-5,0.0438,0.04691,0.04854,0.05022,0.0537,0.146569,0.00586,0.000185,0.13506,0.14272,0.14664,0.15008,0.15808,0.048589,0.00247,7.8e-5,0.0438,0.04691,0.04854,0.05022,0.0537,0.195158,0.00801,0.000253,0.17979,0.18972,0.19527,0.20019,0.21079
19.75,0.801443,0.00813,0.000257,0.78545,0.79635,0.80126,0.80692,0.81713,0.048949,0.00247,7.8e-5,0.04416,0.04736,0.0489,0.05056,0.05395,0.149608,0.00599,0.00019,0.13778,0.14563,0.14962,0.15321,0.16146,0.048949,0.00247,7.8e-5,0.04416,0.04736,0.0489,0.05056,0.05395,0.198557,0.00813,0.000257,0.18287,0.19308,0.19874,0.20365,0.21455
20.0,0.798033,0.00826,0.000261,0.78188,0.79285,0.79786,0.8035,0.81401,0.049284,0.00248,7.8e-5,0.04438,0.04761,0.04925,0.05087,0.05437,0.152684,0.00611,0.000193,0.14074,0.14861,0.1527,0.15636,0.16474,0.049284,0.00248,7.8e-5,0.04438,0.04761,0.04925,0.05087,0.05437,0.201967,0.00826,0.000261,0.18599,0.1965,0.20214,0.20715,0.21812
20.25,0.794615,0.00838,0.000265,0.77827,0.78931,0.79441,0.8002,0.81098,0.049611,0.00248,7.8e-5,0.04466,0.04796,0.04958,0.05121,0.05469,0.155775,0.00624,0.000197,0.14375,0.15161,0.15583,0.15961,0.16818,0.049611,0.00248,7.8e-5,0.04466,0.04796,0.04958,0.05121,0.05469,0.205385,0.00838,0.000265,0.18902,0.1998,0.20559,0.21069,0.22173
20.5,0.791185,0.00851,0.000269,0.77469,0.78584,0.79102,0.79676,0.80789,0.049942,0.00249,7.9e-5,0.04515,0.04827,0.04991,0.05166,0.05504,0.158873,0.00636,0.000201,0.14647,0.15466,0.15892,0.16277,0.17126,0.049942,0.00249,7.9e-5,0.04515,0.04827,0.04991,0.05166,0.05504,0.208815,0.00851,0.000269,0.19211,0.20324,0.20898,0.21416,0.22531
20.75,0.787746,0.00864,0.000273,0.77091,0.78232,0.78756,0.79353,0.8045,0.050253,0.0025,7.9e-5,0.04551,0.04856,0.05024,0.05189,0.05523,0.162001,0.00648,0.000205,0.14921,0.15774,0.16204,0.16601,0.17466,0.050253,0.0025,7.9e-5,0.04551,0.04856,0.05024,0.05189,0.05523,0.212254,0.00864,0.000273,0.1955,0.20647,0.21244,0.21768,0.22909
21.0,0.7843,0.00877,0.000277,0.76752,0.77873,0.7841,0.79023,0.80111,0.050549,0.0025,7.9e-5,0.04576,0.04881,0.05054,0.05228,0.05538,0.165151,0.00661,0.000209,0.15224,0.16073,0.1652,0.16926,0.17791,0.050549,0.0025,7.9e-5,0.04576,0.04881,0.05054,0.05228,0.05538,0.2157,0.00877,0.000277,0.19889,0.20977,0.2159,0.22128,0.23248
21.25,0.780849,0.00888,0.000281,0.76363,0.77527,0.78066,0.78686,0.79808,0.050825,0.00249,7.9e-5,0.0461,0.04907,0.05084,0.05253,0.05575,0.168326,0.00675,0.000213,0.15514,0.16383,0.16842,0.17247,0.18133,0.050825,0.00249,7.9e-5,0.0461,0.04907,0.05084,0.05253,0.05575,0.219151,0.00888,0.000281,0.20192,0.21314,0.21934,0.22473,0.23637
21.5,0.777393,0.00901,0.000285,0.76004,0.77175,0.77714,0.78343,0.79484,0.051108,0.00249,7.9e-5,0.04644,0.04937,0.05113,0.05282,0.05597,0.1715,0.00687,0.000217,0.15807,0.16687,0.17162,0.17575,0.18478,0.051108,0.00249,7.9e-5,0.04644,0.04937,0.05113,0.05282,0.05597,0.222607,0.00901,0.000285,0.20516,0.21657,0.22286,0.22825,0.23996
21.75,0.773931,0.00913,0.000289,0.75635,0.76813,0.77367,0.78005,0.79154,0.05136,0.00249,7.9e-5,0.04662,0.04967,0.05134,0.05307,0.05627,0.174709,0.007,0.000221,0.16106,0.16997,0.17486,0.17908,0.1883,0.05136,0.00249,7.9e-5,0.04662,0.04967,0.05134,0.05307,0.05627,0.226069,0.00913,0.000289,0.20846,0.21995,0.22633,0.23187,0.24365
22.0,0.770448,0.00924,0.000292,0.75255,0.76456,0.77018,0.77664,0.78828,0.051631,0.00249,7.9e-5,0.04704,0.04994,0.05162,0.05326,0.05677,0.177921,0.00712,0.000225,0.16415,0.17319,0.17806,0.18234,0.19175,0.051631,0.00249,7.9e-5,0.04704,0.04994,0.05162,0.05326,0.05677,0.229552,0.00924,0.000292,0.21172,0.22336,0.22982,0.23544,0.24745
22.25,0.766982,0.00935,0.000296,0.74882,0.76112,0.76673,0.77328,0.78508,0.051861,0.00249,7.9e-5,0.04718,0.05015,0.05184,0.05349,0.05681,0.181157,0.00724,0.000229,0.16709,0.17636,0.18128,0.18569,0.19526,0.051861,0.00249,7.9e-5,0.04718,0.05015,0.05184,0.05349,0.05681,0.233018,0.00935,0.000296,0.21492,0.22672,0.23327,0.23888,0.25118
22.5,0.763516,0.00948,0.0003,0.74511,0.7575,0.7633,0.76984,0.78183,0.05208,0.0025,7.9e-5,0.0473,0.05042,0.05206,0.05376,0.05707,0.184404,0.00737,0.000233,0.17012,0.17946,0.18451,0.18902,0.19874,0.05208,0.0025,7.9e-5,0.0473,0.05042,0.05206,0.05376,0.05707,0.236484,0.00948,0.0003,0.21817,0.23016,0.2367,0.24251,0.25489
22.75,0.760041,0.00958,0.000303,0.74138,0.75397,0.75985,0.76647,0.77852,0.052306,0.00248,7.8e-5,0.04762,0.05069,0.05228,0.05393,0.05722,0.187653,0.00749,0.000237,0.1731,0.18254,0.18776,0.19227,0.2022,0.052306,0.00248,7.8e-5,0.04762,0.05069,0.05228,0.05393,0.05722,0.239959,0.00958,0.000303,0.22148,0.23353,0.24015,0.24604,0.25862
23.0,0.756569,0.00969,0.000307,0.73765,0.75036,0.7563,0.76306,0.77544,0.052504,0.00248,7.8e-5,0.04787,0.05088,0.05246,0.05416,0.05742,0.190927,0.00761,0.000241,0.17625,0.18587,0.1911,0.19564,0.20553,0.052504,0.00248,7.8e-5,0.04787,0.05088,0.05246,0.05416,0.05742,0.243431,0.00969,0.000307,0.22456,0.23694,0.2437,0.24964,0.26235
23.25,0.753103,0.0098,0.00031,0.73402,0.74688,0.7529,0.75969,0.77215,0.052681,0.00246,7.8e-5,0.0482,0.05103,0.05274,0.05432,0.05751,0.194216,0.00774,0.000245,0.1793,0.18902,0.19442,0.19906,0.2091,0.052681,0.00246,7.8e-5,0.0482,0.05103,0.05274,0.05432,0.05751,0.246897,0.0098,0.00031,0.22785,0.24031,0.24711,0.25312,0.26598
23.5,0.749634,0.00991,0.000313,0.73043,0.74326,0.74939,0.75618,0.76872,0.052851,0.00244,7.7e-5,0.04837,0.05116,0.05286,0.05451,0.05763,0.197515,0.00786,0.000249,0.18242,0.19222,0.19772,0.2024,0.2127,0.052851,0.00244,7.7e-5,0.04837,0.05116,0.05286,0.05451,0.05763,0.250366,0.00991,0.000313,0.23128,0.24382,0.25061,0.25674,0.26957
23.75,0.746167,0.01001,0.000316,0.72659,0.73984,0.74592,0.75273,0.76566,0.053015,0.00242,7.7e-5,0.04847,0.05134,0.053,0.05463,0.05766,0.200818,0.00798,0.000252,0.18562,0.19544,0.20106,0.20582,0.21607,0.053015,0.00242,7.7e-5,0.04847,0.05134,0.053,0.05463,0.05766,0.253833,0.01001,0.000316,0.23434,0.24727,0.25408,0.26016,0.27341
24.0,0.742712,0.01011,0.00032,0.72294,0.73628,0.74242,0.74933,0.76257,0.053146,0.00241,7.6e-5,0.04865,0.05145,0.05312,0.05478,0.05785,0.204142,0.0081,0.000256,0.18858,0.19859,0.20436,0.20926,0.21965,0.053146,0.00241,7.6e-5,0.04865,0.05145,0.05312,0.05478,0.05785,0.257288,0.01011,0.00032,0.23743,0.25067,0.25758,0.26372,0.27706
24.25,0.739253,0.0102,0.000323,0.71933,0.73272,0.73895,0.74592,0.75925,0.053277,0.0024,7.6e-5,0.04871,0.0516,0.05329,0.05488,0.05799,0.20747,0.00822,0.00026,0.19154,0.20188,0.20766,0.21273,0.22336,0.053277,0.0024,7.6e-5,0.04871,0.0516,0.05329,0.05488,0.05799,0.260747,0.0102,0.000323,0.24075,0.25408,0.26105,0.26728,0.28067
24.5,0.735803,0.0103,0.000326,0.71586,0.72934,0.7356,0.74256,0.75594,0.053388,0.00238,7.5e-5,0.04882,0.05175,0.05344,0.05503,0.0581,0.210809,0.00834,0.000264,0.1947,0.20513,0.21104,0.21609,0.22684,0.053388,0.00238,7.5e-5,0.04882,0.05175,0.05344,0.05503,0.0581,0.264197,0.0103,0.000326,0.24406,0.25744,0.2644,0.27066,0.28414
24.75,0.732371,0.01039,0.000328,0.71217,0.72585,0.73211,0.73912,0.75272,0.053479,0.00235,7.4e-5,0.04908,0.05183,0.05352,0.05509,0.05809,0.21415,0.00847,0.000268,0.19787,0.20845,0.21434,0.21952,0.23058,0.053479,0.00235,7.4e-5,0.04908,0.05183,0.05352,0.05509,0.05809,0.267629,0.01039,0.000328,0.24728,0.26088,0.26789,0.27415,0.28783
25.0,0.728951,0.01047,0.000331,0.70848,0.72235,0.72866,0.73578,0.74956,0.053555,0.00233,7.4e-5,0.04916,0.05191,0.05359,0.05517,0.0582,0.217495,0.00858,0.000271,0.20083,0.21161,0.21764,0.22293,0.23442,0.053555,0.00233,7.4e-5,0.04916,0.05191,0.05359,0.05517,0.0582,0.271049,0.01047,0.000331,0.25044,0.26422,0.27134,0.27765,0.29152
25.25,0.725542,0.01056,0.000334,0.70504,0.71896,0.72526,0.7324,0.74632,0.05361,0.00232,7.3e-5,0.04919,0.052,0.05361,0.05514,0.05815,0.220848,0.0087,0.000275,0.20417,0.21508,0.22102,0.22647,0.23791,0.05361,0.00232,7.3e-5,0.04919,0.052,0.05361,0.05514,0.05815,0.274458,0.01056,0.000334,0.25368,0.2676,0.27474,0.28104,0.29497
25.5,0.722137,0.01065,0.000337,0.70159,0.71557,0.72183,0.72906,0.74312,0.053659,0.0023,7.3e-5,0.04916,0.05204,0.05371,0.05521,0.05825,0.224204,0.0088,0.000278,0.2072,0.2184,0.22428,0.22996,0.24149,0.053659,0.0023,7.3e-5,0.04916,0.05204,0.05371,0.05521,0.05825,0.277863,0.01065,0.000337,0.25688,0.27094,0.27817,0.28443,0.29841
25.75,0.718739,0.01072,0.000339,0.69797,0.71209,0.71852,0.72574,0.7398,0.053707,0.00229,7.2e-5,0.04931,0.0521,0.0537,0.05524,0.05808,0.227554,0.00891,0.000282,0.21048,0.22169,0.2276,0.23334,0.24507,0.053707,0.00229,7.2e-5,0.04931,0.0521,0.0537,0.05524,0.05808,0.281261,0.01072,0.000339,0.2602,0.27426,0.28148,0.28791,0.30203
26.0,0.715364,0.01081,0.000342,0.6946,0.70864,0.71514,0.72232,0.73648,0.053723,0.00229,7.2e-5,0.04938,0.05214,0.05368,0.05531,0.05818,0.230913,0.00901,0.000285,0.21358,0.225,0.23096,0.23671,0.24872,0.053723,0.00229,7.2e-5,0.04938,0.05214,0.05368,0.05531,0.05818,0.284636,0.01081,0.000342,0.26352,0.27768,0.28487,0.29136,0.3054
26.25,0.711991,0.01087,0.000344,0.69101,0.70517,0.7118,0.71904,0.73314,0.053737,0.00226,7.1e-5,0.0494,0.05218,0.05372,0.05528,0.0582,0.234272,0.00911,0.000288,0.2166,0.22825,0.23437,0.24013,0.2523,0.053737,0.00226,7.1e-5,0.0494,0.05218,0.05372,0.05528,0.0582,0.288009,0.01087,0.000344,0.26686,0.28097,0.2882,0.29483,0.30899
26.5,0.708641,0.01093,0.000346,0.6876,0.70179,0.70852,0.71573,0.73003,0.053733,0.00223,7.0e-5,0.04933,0.0522,0.05374,0.05524,0.05819,0.237626,0.00921,0.000291,0.21967,0.23153,0.23775,0.24362,0.25606,0.053733,0.00223,7.0e-5,0.04933,0.0522,0.05374,0.05524,0.05819,0.291359,0.01093,0.000346,0.26997,0.28427,0.29148,0.29821,0.3124
26.75,0.705291,0.01099,0.000347,0.68418,0.69838,0.7051,0.71241,0.72657,0.053729,0.00219,6.9e-5,0.04969,0.05221,0.05368,0.05524,0.05821,0.24098,0.00932,0.000295,0.22282,0.23476,0.2411,0.24708,0.2595,0.053729,0.00219,6.9e-5,0.04969,0.05221,0.05368,0.05524,0.05821,0.294709,0.01099,0.000347,0.27343,0.28759,0.2949,0.30162,0.31582
27.0,0.70197,0.01105,0.000349,0.68059,0.69496,0.70175,0.7091,0.7233,0.05369,0.00217,6.9e-5,0.04957,0.05221,0.0536,0.0552,0.05806,0.24434,0.00942,0.000298,0.22599,0.23806,0.24446,0.25055,0.26276,0.05369,0.00217,6.9e-5,0.04957,0.05221,0.0536,0.0552,0.05806,0.29803,0.01105,0.000349,0.2767,0.2909,0.29825,0.30504,0.31941
27.25,0.698669,0.0111,0.000351,0.67748,0.69165,0.69852,0.70579,0.72019,0.053641,0.00214,6.8e-5,0.04962,0.05222,0.05359,0.05514,0.05789,0.24769,0.00951,0.000301,0.22924,0.24141,0.2478,0.25388,0.2663,0.053641,0.00214,6.8e-5,0.04962,0.05222,0.05359,0.05514,0.05789,0.301331,0.0111,0.000351,0.27981,0.29421,0.30148,0.30835,0.32252
27.5,0.69538,0.01115,0.000353,0.67416,0.68826,0.6952,0.70253,0.71706,0.053581,0.00212,6.7e-5,0.04947,0.05215,0.0535,0.05505,0.05781,0.251039,0.00962,0.000304,0.23224,0.24463,0.25114,0.25742,0.26975,0.053581,0.00212,6.7e-5,0.04947,0.05215,0.0535,0.05505,0.05781,0.30462,0.01115,0.000353,0.28294,0.29747,0.3048,0.31174,0.32584
27.75,0.692124,0.0112,0.000354,0.67061,0.68488,0.69189,0.69926,0.71388,0.053485,0.00209,6.6e-5,0.04949,0.05207,0.05341,0.05493,0.05777,0.254392,0.00971,0.000307,0.23553,0.24789,0.25456,0.26066,0.27338,0.053485,0.00209,6.6e-5,0.04949,0.05207,0.05341,0.05493,0.05777,0.307876,0.0112,0.000354,0.28612,0.30073,0.30811,0.31512,0.32939
28.0,0.688877,0.01126,0.000356,0.66751,0.68156,0.6887,0.69612,0.71074,0.053396,0.00208,6.6e-5,0.0494,0.05197,0.05332,0.05481,0.05758,0.257727,0.00981,0.00031,0.23852,0.25116,0.25792,0.26402,0.27681,0.053396,0.00208,6.6e-5,0.0494,0.05197,0.05332,0.05481,0.05758,0.311123,0.01126,0.000356,0.28926,0.30388,0.3113,0.31844,0.33249
28.25,0.685645,0.01129,0.000357,0.66431,0.67832,0.6854,0.69288,0.70762,0.053297,0.00206,6.5e-5,0.0494,0.05188,0.0532,0.05465,0.05737,0.261058,0.00989,0.000313,0.24151,0.2545,0.26119,0.26737,0.2802,0.053297,0.00206,6.5e-5,0.0494,0.05188,0.0532,0.05465,0.05737,0.314355,0.01129,0.000357,0.29238,0.30712,0.31459,0.32168,0.33569
28.5,0.682431,0.01133,0.000358,0.661,0.67506,0.68218,0.68975,0.70438,0.053192,0.00203,6.4e-5,0.04922,0.05181,0.05313,0.05459,0.05728,0.264376,0.00997,0.000315,0.245,0.25785,0.26453,0.27064,0.28372,0.053192,0.00203,6.4e-5,0.04922,0.05181,0.05313,0.05459,0.05728,0.317569,0.01133,0.000358,0.29562,0.31025,0.31782,0.32495,0.339
28.75,0.67924,0.01138,0.00036,0.65767,0.67188,0.67898,0.68658,0.70126,0.053071,0.00201,6.4e-5,0.04916,0.05172,0.05302,0.05445,0.05713,0.267689,0.01005,0.000318,0.24803,0.26112,0.26789,0.27402,0.28701,0.053071,0.00201,6.4e-5,0.04916,0.05172,0.05302,0.05445,0.05713,0.32076,0.01138,0.00036,0.29874,0.31342,0.32102,0.32812,0.34233
29.0,0.676068,0.01141,0.000361,0.65443,0.66857,0.67582,0.68337,0.69798,0.052935,0.00198,6.3e-5,0.04902,0.05161,0.05288,0.05426,0.05691,0.270997,0.01013,0.00032,0.25121,0.2643,0.27128,0.27732,0.29037,0.052935,0.00198,6.3e-5,0.04902,0.05161,0.05288,0.05426,0.05691,0.323932,0.01141,0.000361,0.30202,0.31663,0.32418,0.33143,0.34557
29.25,0.672926,0.01145,0.000362,0.65141,0.66539,0.67261,0.68035,0.69494,0.052774,0.00197,6.2e-5,0.04903,0.05145,0.05272,0.05412,0.05662,0.2743,0.0102,0.000323,0.25452,0.26756,0.27458,0.28072,0.29384,0.052774,0.00197,6.2e-5,0.04903,0.05145,0.05272,0.05412,0.05662,0.327074,0.01145,0.000362,0.30506,0.31965,0.32739,0.33461,0.34859
29.5,0.669803,0.01148,0.000363,0.64832,0.66223,0.66953,0.6772,0.69206,0.052609,0.00194,6.1e-5,0.04892,0.05127,0.05259,0.05395,0.05641,0.277588,0.01027,0.000325,0.25758,0.2709,0.27783,0.28401,0.2972,0.052609,0.00194,6.1e-5,0.04892,0.05127,0.05259,0.05395,0.05641,0.330197,0.01148,0.000363,0.30794,0.3228,0.33047,0.33777,0.35168
29.75,0.666704,0.01152,0.000364,0.64515,0.65907,0.66648,0.6741,0.68904,0.052433,0.00193,6.1e-5,0.04872,0.05114,0.05243,0.05376,0.0561,0.280863,0.01034,0.000327,0.26066,0.27406,0.28113,0.28722,0.30037,0.052433,0.00193,6.1e-5,0.04872,0.05114,0.05243,0.05376,0.0561,0.333296,0.01152,0.000364,0.31096,0.3259,0.33352,0.34093,0.35485
30.0,0.663631,0.01156,0.000365,0.642,0.65599,0.6633,0.67126,0.68609,0.052239,0.00192,6.1e-5,0.04853,0.05097,0.05223,0.05354,0.05598,0.28413,0.01039,0.000328,0.26393,0.27733,0.28436,0.29057,0.30377,0.052239,0.00192,6.1e-5,0.04853,0.05097,0.05223,0.05354,0.05598,0.336369,0.01156,0.000365,0.31391,0.32874,0.3367,0.34401,0.358
30.25,0.66058,0.01159,0.000366,0.63876,0.65298,0.66025,0.6681,0.68283,0.052032,0.0019,6.0e-5,0.04829,0.05078,0.05197,0.05332,0.05576,0.287388,0.01046,0.000331,0.26707,0.28068,0.28768,0.29389,0.3071,0.052032,0.0019,6.0e-5,0.04829,0.05078,0.05197,0.05332,0.05576,0.33942,0.01159,0.000366,0.31717,0.3319,0.33975,0.34702,0.36124
30.5,0.657562,0.01161,0.000367,0.63539,0.64988,0.65715,0.6651,0.67982,0.051808,0.00189,6.0e-5,0.04812,0.05053,0.05175,0.05311,0.05547,0.29063,0.01053,0.000333,0.27031,0.28387,0.29086,0.29707,0.31061,0.051808,0.00189,6.0e-5,0.04812,0.05053,0.05175,0.05311,0.05547,0.342438,0.01161,0.000367,0.32018,0.3349,0.34285,0.35012,0.36461
30.75,0.654562,0.01163,0.000368,0.63208,0.64677,0.65428,0.66209,0.67701,0.051567,0.00186,5.9e-5,0.04798,0.05029,0.05154,0.05282,0.05516,0.293871,0.01058,0.000335,0.27335,0.28702,0.29424,0.30051,0.31387,0.051567,0.00186,5.9e-5,0.04798,0.05029,0.05154,0.05282,0.05516,0.345438,0.01163,0.000368,0.32299,0.3379,0.34572,0.35323,0.36792
31.0,0.651597,0.01165,0.000368,0.62916,0.6438,0.6512,0.65911,0.67404,0.051316,0.00184,5.8e-5,0.04772,0.05011,0.05129,0.05252,0.05492,0.297086,0.01065,0.000337,0.27643,0.29016,0.29736,0.30387,0.3173,0.051316,0.00184,5.8e-5,0.04772,0.05011,0.05129,0.05252,0.05492,0.348403,0.01165,0.000368,0.32596,0.34089,0.3488,0.3562,0.37084
31.25,0.64865,0.01167,0.000369,0.62629,0.64076,0.64831,0.65617,0.67118,0.051061,0.00182,5.8e-5,0.0475,0.04983,0.05102,0.05226,0.05468,0.300289,0.0107,0.000338,0.27942,0.29336,0.30056,0.30714,0.32061,0.051061,0.00182,5.8e-5,0.0475,0.04983,0.05102,0.05226,0.05468,0.35135,0.01167,0.000369,0.32882,0.34383,0.35169,0.35924,0.37371
31.5,0.645738,0.01168,0.000369,0.62321,0.63779,0.64535,0.65333,0.66842,0.050794,0.0018,5.7e-5,0.04726,0.04957,0.05074,0.05199,0.05433,0.303468,0.01075,0.00034,0.28261,0.29648,0.30373,0.31041,0.3239,0.050794,0.0018,5.7e-5,0.04726,0.04957,0.05074,0.05199,0.05433,0.354262,0.01168,0.000369,0.33158,0.34667,0.35465,0.36221,0.37679
31.75,0.64285,0.0117,0.00037,0.6201,0.63481,0.64257,0.65048,0.66584,0.050521,0.00179,5.7e-5,0.04706,0.04934,0.05051,0.05172,0.05398,0.30663,0.0108,0.000342,0.28558,0.29965,0.3069,0.31356,0.32702,0.050521,0.00179,5.7e-5,0.04706,0.04934,0.05051,0.05172,0.05398,0.35715,0.0117,0.00037,0.33416,0.34952,0.35744,0.36519,0.3799
32.0,0.64,0.01171,0.00037,0.6172,0.63195,0.63972,0.64755,0.663,0.050216,0.00178,5.6e-5,0.04687,0.04901,0.05019,0.05137,0.05375,0.309783,0.01085,0.000343,0.28855,0.30282,0.3101,0.31675,0.33021,0.050216,0.00178,5.6e-5,0.04687,0.04901,0.05019,0.05137,0.05375,0.36,0.01171,0.00037,0.337,0.35245,0.36028,0.36805,0.3828
32.25,0.63718,0.01172,0.000371,0.61439,0.6291,0.63679,0.64472,0.66012,0.049904,0.00175,5.5e-5,0.04651,0.04865,0.04987,0.05104,0.05341,0.312916,0.01089,0.000345,0.29141,0.30588,0.31332,0.32003,0.33351,0.049904,0.00175,5.5e-5,0.04651,0.04865,0.04987,0.05104,0.05341,0.36282,0.01172,0.000371,0.33988,0.35528,0.36321,0.3709,0.38561
32.5,0.634379,0.01173,0.000371,0.61164,0.62641,0.63393,0.64191,0.6573,0.049593,0.00173,5.5e-5,0.04637,0.0484,0.04955,0.0507,0.05302,0.316028,0.01095,0.000346,0.29426,0.30905,0.31636,0.32303,0.33659,0.049593,0.00173,5.5e-5,0.04637,0.0484,0.04955,0.0507,0.05302,0.365621,0.01173,0.000371,0.3427,0.35809,0.36606,0.3736,0.38836
32.75,0.631613,0.01173,0.000371,0.60876,0.62359,0.63126,0.63916,0.65449,0.049281,0.00171,5.4e-5,0.04602,0.04813,0.04925,0.05043,0.05267,0.319106,0.011,0.000348,0.29727,0.31215,0.31944,0.32617,0.34017,0.049281,0.00171,5.4e-5,0.04602,0.04813,0.04925,0.05043,0.05267,0.368387,0.01173,0.000371,0.34551,0.36084,0.36874,0.37641,0.39124
33.0,0.628864,0.01173,0.000371,0.60604,0.62082,0.62841,0.63659,0.65157,0.048959,0.00171,5.4e-5,0.04562,0.04782,0.04893,0.05011,0.05231,0.322177,0.01103,0.000349,0.30029,0.31516,0.32251,0.32933,0.34318,0.048959,0.00171,5.4e-5,0.04562,0.04782,0.04893,0.05011,0.05231,0.371136,0.01173,0.000371,0.34843,0.36341,0.37159,0.37918,0.39396
33.25,0.626165,0.01173,0.000371,0.60323,0.61826,0.62568,0.6338,0.64889,0.048613,0.0017,5.4e-5,0.04535,0.04744,0.04859,0.04976,0.05194,0.325222,0.01107,0.00035,0.30326,0.31816,0.32552,0.33235,0.34644,0.048613,0.0017,5.4e-5,0.04535,0.04744,0.04859,0.04976,0.05194,0.373835,0.01173,0.000371,0.35111,0.3662,0.37432,0.38174,0.39677
33.5,0.623497,0.01172,0.000371,0.60058,0.61556,0.62304,0.63119,0.64627,0.048262,0.00169,5.3e-5,0.04504,0.04708,0.04819,0.04942,0.05152,0.328241,0.0111,0.000351,0.30635,0.32121,0.3285,0.33538,0.34941,0.048262,0.00169,5.3e-5,0.04504,0.04708,0.04819,0.04942,0.05152,0.376503,0.01172,0.000371,0.35373,0.36881,0.37696,0.38444,0.39942
33.75,0.620848,0.01171,0.00037,0.59785,0.61285,0.62038,0.6285,0.64343,0.047897,0.00167,5.3e-5,0.04471,0.04674,0.04779,0.04905,0.0512,0.331255,0.01114,0.000352,0.30923,0.32418,0.33162,0.33852,0.35231,0.047897,0.00167,5.3e-5,0.04471,0.04674,0.04779,0.04905,0.0512,0.379152,0.01171,0.00037,0.35657,0.3715,0.37962,0.38714,0.40215
34.0,0.618242,0.0117,0.00037,0.59509,0.61025,0.6178,0.62587,0.64088,0.047515,0.00166,5.2e-5,0.04429,0.04636,0.04748,0.04862,0.05083,0.334243,0.01116,0.000353,0.31251,0.32714,0.33459,0.3415,0.35505,0.047515,0.00166,5.2e-5,0.04429,0.04636,0.04748,0.04862,0.05083,0.381758,0.0117,0.00037,0.35912,0.37413,0.3822,0.38975,0.40491
34.25,0.615658,0.0117,0.00037,0.59266,0.60772,0.61518,0.62334,0.63838,0.047145,0.00165,5.2e-5,0.04395,0.046,0.04708,0.04829,0.05047,0.337197,0.01118,0.000353,0.31561,0.33016,0.33752,0.34459,0.35815,0.047145,0.00165,5.2e-5,0.04395,0.046,0.04708,0.04829,0.05047,0.384342,0.0117,0.00037,0.36162,0.37666,0.38482,0.39228,0.40734
34.5,0.61311,0.01168,0.000369,0.59024,0.60516,0.61264,0.62082,0.63586,0.046757,0.00164,5.2e-5,0.04358,0.04562,0.04673,0.04793,0.05,0.340132,0.0112,0.000354,0.31843,0.33312,0.34048,0.34755,0.36118,0.046757,0.00164,5.2e-5,0.04358,0.04562,0.04673,0.04793,0.05,0.38689,0.01168,0.000369,0.36414,0.37918,0.38736,0.39484,0.40976
34.75,0.61059,0.01167,0.000369,0.58789,0.60267,0.6101,0.61829,0.6334,0.046369,0.00163,5.1e-5,0.04316,0.04525,0.04634,0.04748,0.04964,0.34304,0.01124,0.000355,0.32123,0.33587,0.34338,0.35059,0.36448,0.046369,0.00163,5.1e-5,0.04316,0.04525,0.04634,0.04748,0.04964,0.38941,0.01167,0.000369,0.3666,0.38171,0.3899,0.39733,0.41211
35.0,0.608093,0.01165,0.000368,0.58543,0.60022,0.60755,0.61583,0.63065,0.045982,0.00161,5.1e-5,0.04285,0.04488,0.04596,0.04707,0.0492,0.345925,0.01126,0.000356,0.32426,0.33871,0.34623,0.35351,0.36717,0.045982,0.00161,5.1e-5,0.04285,0.04488,0.04596,0.04707,0.0492,0.391907,0.01165,0.000368,0.36935,0.38417,0.39245,0.39978,0.41457
35.25,0.605632,0.01162,0.000368,0.58295,0.59773,0.60508,0.61335,0.62799,0.04558,0.00161,5.1e-5,0.04245,0.04439,0.04554,0.04661,0.04871,0.348788,0.01128,0.000357,0.32711,0.34158,0.34911,0.35625,0.37008,0.04558,0.00161,5.1e-5,0.04245,0.04439,0.04554,0.04661,0.04871,0.394368,0.01162,0.000368,0.37201,0.38665,0.39492,0.40227,0.41705
35.5,0.603199,0.0116,0.000367,0.58041,0.59542,0.60272,0.61086,0.62547,0.045178,0.00161,5.1e-5,0.04197,0.04402,0.04512,0.04629,0.04833,0.351623,0.01131,0.000358,0.33003,0.34436,0.352,0.35912,0.37328,0.045178,0.00161,5.1e-5,0.04197,0.04402,0.04512,0.04629,0.04833,0.396801,0.0116,0.000367,0.37453,0.38914,0.39728,0.40458,0.41959
35.75,0.600808,0.01158,0.000366,0.57827,0.59289,0.60034,0.60841,0.62307,0.044757,0.00161,5.1e-5,0.04167,0.04362,0.04469,0.04583,0.04791,0.354435,0.01131,0.000358,0.33268,0.34718,0.35483,0.36199,0.37615,0.044757,0.00161,5.1e-5,0.04167,0.04362,0.04469,0.04583,0.04791,0.399192,0.01158,0.000366,0.37693,0.39159,0.39966,0.40711,0.42173
36.0,0.598449,0.01156,0.000365,0.57613,0.59052,0.59804,0.606,0.62067,0.044327,0.0016,5.1e-5,0.04116,0.0432,0.04425,0.04542,0.04746,0.357224,0.01132,0.000358,0.33533,0.34986,0.35758,0.36485,0.37902,0.044327,0.0016,5.1e-5,0.04116,0.0432,0.04425,0.04542,0.04746,0.401551,0.01156,0.000365,0.37933,0.394,0.40196,0.40948,0.42387
36.25,0.596116,0.01153,0.000365,0.57384,0.58827,0.59574,0.60368,0.61826,0.043903,0.0016,5.1e-5,0.04069,0.0428,0.04384,0.04498,0.04707,0.359981,0.01132,0.000358,0.33822,0.35262,0.36037,0.36767,0.38199,0.043903,0.0016,5.1e-5,0.04069,0.0428,0.04384,0.04498,0.04707,0.403884,0.01153,0.000365,0.38174,0.39632,0.40426,0.41173,0.42616
36.5,0.593812,0.0115,0.000364,0.57167,0.58591,0.59348,0.60134,0.61602,0.043481,0.00158,5.0e-5,0.04045,0.04238,0.04343,0.04455,0.04664,0.362708,0.01133,0.000358,0.34092,0.35536,0.36298,0.37034,0.38499,0.043481,0.00158,5.0e-5,0.04045,0.04238,0.04343,0.04455,0.04664,0.406188,0.0115,0.000364,0.38398,0.39866,0.40652,0.41409,0.42833
36.75,0.591536,0.01148,0.000363,0.56928,0.58364,0.59112,0.5991,0.61369,0.043054,0.00158,5.0e-5,0.04004,0.04198,0.04298,0.04412,0.04623,0.36541,0.01133,0.000358,0.34344,0.35804,0.36572,0.37303,0.38767,0.043054,0.00158,5.0e-5,0.04004,0.04198,0.04298,0.04412,0.04623,0.408464,0.01148,0.000363,0.38631,0.4009,0.40888,0.41636,0.43072
37.0,0.589288,0.01144,0.000362,0.56713,0.58144,0.58888,0.59689,0.61149,0.042621,0.00158,5.0e-5,0.03949,0.04158,0.04254,0.04372,0.04579,0.368091,0.01133,0.000358,0.34622,0.36062,0.36843,0.37585,0.39031,0.042621,0.00158,5.0e-5,0.03949,0.04158,0.04254,0.04372,0.04579,0.410712,0.01144,0.000362,0.38851,0.40311,0.41112,0.41856,0.43287
37.25,0.587065,0.01141,0.000361,0.56487,0.57912,0.58672,0.59464,0.60927,0.042191,0.00159,5.0e-5,0.03901,0.04117,0.04213,0.04334,0.04529,0.370744,0.01133,0.000358,0.34892,0.36322,0.37113,0.37849,0.39295,0.042191,0.00159,5.0e-5,0.03901,0.04117,0.04213,0.04334,0.04529,0.412935,0.01141,0.000361,0.39073,0.40536,0.41328,0.42088,0.43513
37.5,0.584891,0.01138,0.00036,0.56282,0.57701,0.58455,0.59244,0.60703,0.041734,0.00157,5.0e-5,0.03856,0.04068,0.04169,0.04286,0.04488,0.373376,0.01131,0.000358,0.35141,0.36603,0.37362,0.38103,0.39567,0.041734,0.00157,5.0e-5,0.03856,0.04068,0.04169,0.04286,0.04488,0.415109,0.01138,0.00036,0.39297,0.40756,0.41544,0.42299,0.43718
37.75,0.582741,0.01136,0.000359,0.56063,0.57496,0.58242,0.59033,0.6047,0.041277,0.00156,4.9e-5,0.03824,0.0402,0.04118,0.0424,0.04434,0.375982,0.01132,0.000358,0.3541,0.36854,0.37624,0.38366,0.3983,0.041277,0.00156,4.9e-5,0.03824,0.0402,0.04118,0.0424,0.04434,0.417259,0.01136,0.000359,0.3953,0.40967,0.41758,0.42504,0.43937
38.0,0.580627,0.01132,0.000358,0.55872,0.5729,0.5802,0.58808,0.60258,0.040821,0.00156,4.9e-5,0.03768,0.03976,0.04078,0.04191,0.04393,0.378553,0.01132,0.000358,0.35661,0.37121,0.37876,0.38613,0.40089,0.040821,0.00156,4.9e-5,0.03768,0.03976,0.04078,0.04191,0.04393,0.419373,0.01132,0.000358,0.39742,0.41192,0.4198,0.4271,0.44128
38.25,0.578544,0.01129,0.000357,0.55671,0.57087,0.57817,0.586,0.6006,0.040365,0.00155,4.9e-5,0.03726,0.03932,0.04028,0.04145,0.04343,0.381091,0.0113,0.000357,0.35925,0.37367,0.38142,0.38868,0.4034,0.040365,0.00155,4.9e-5,0.03726,0.03932,0.04028,0.04145,0.04343,0.421456,0.01129,0.000357,0.3994,0.414,0.42183,0.42913,0.44329
38.5,0.576487,0.01125,0.000356,0.55464,0.56888,0.57608,0.58387,0.59851,0.039911,0.00155,4.9e-5,0.03682,0.03888,0.03984,0.04096,0.04295,0.383602,0.01129,0.000357,0.36178,0.3761,0.38394,0.39122,0.40581,0.039911,0.00155,4.9e-5,0.03682,0.03888,0.03984,0.04096,0.04295,0.423513,0.01125,0.000356,0.40149,0.41614,0.42392,0.43112,0.44536
38.75,0.574468,0.01122,0.000355,0.55281,0.56684,0.57411,0.58188,0.59654,0.039455,0.00153,4.8e-5,0.03638,0.03837,0.0394,0.04051,0.04258,0.386077,0.01129,0.000357,0.36422,0.37859,0.38643,0.39376,0.40834,0.039455,0.00153,4.8e-5,0.03638,0.03837,0.0394,0.04051,0.04258,0.425532,0.01122,0.000355,0.40346,0.41812,0.42589,0.43316,0.44719
39.0,0.572476,0.01118,0.000354,0.55106,0.56496,0.57206,0.57985,0.5943,0.038996,0.00152,4.8e-5,0.0361,0.03798,0.03892,0.04005,0.04204,0.388528,0.01128,0.000357,0.3668,0.38116,0.38889,0.39618,0.41068,0.038996,0.00152,4.8e-5,0.0361,0.03798,0.03892,0.04005,0.04204,0.427524,0.01118,0.000354,0.4057,0.42015,0.42794,0.43503,0.44894
39.25,0.570516,0.01114,0.000352,0.5491,0.56298,0.57002,0.57778,0.59236,0.038527,0.00152,4.8e-5,0.03561,0.03749,0.03846,0.03957,0.0417,0.390957,0.01127,0.000356,0.36942,0.38357,0.3912,0.39868,0.41288,0.038527,0.00152,4.8e-5,0.03561,0.03749,0.03846,0.03957,0.0417,0.429485,0.01114,0.000352,0.40764,0.42222,0.42998,0.43702,0.4509
39.5,0.568579,0.01111,0.000351,0.54717,0.56112,0.56808,0.57588,0.59037,0.038065,0.0015,4.8e-5,0.03521,0.03704,0.03799,0.03906,0.04107,0.393356,0.01126,0.000356,0.37184,0.38591,0.39368,0.40108,0.41512,0.038065,0.0015,4.8e-5,0.03521,0.03704,0.03799,0.03906,0.04107,0.431421,0.01111,0.000351,0.40963,0.42412,0.43192,0.43887,0.45283
39.75,0.56667,0.01107,0.00035,0.54535,0.55934,0.56622,0.57391,0.58845,0.037609,0.00151,4.8e-5,0.03468,0.03663,0.03754,0.03862,0.04056,0.39572,0.01125,0.000356,0.37424,0.38826,0.39608,0.40342,0.41746,0.037609,0.00151,4.8e-5,0.03468,0.03663,0.03754,0.03862,0.04056,0.43333,0.01107,0.00035,0.41155,0.42609,0.43378,0.44066,0.45465
40.0,0.564794,0.01103,0.000349,0.54372,0.5574,0.56434,0.57213,0.58628,0.037157,0.0015,4.8e-5,0.03423,0.03615,0.0371,0.03815,0.04006,0.398049,0.01124,0.000355,0.37642,0.39064,0.39849,0.4057,0.41963,0.037157,0.0015,4.8e-5,0.03423,0.03615,0.0371,0.03815,0.04006,0.435206,0.01103,0.000349,0.41372,0.42787,0.43566,0.44259,0.45628
40.25,0.562948,0.01098,0.000347,0.542,0.55561,0.56244,0.57026,0.58427,0.036702,0.0015,4.8e-5,0.03381,0.03565,0.03666,0.0377,0.03966,0.40035,0.01122,0.000355,0.37871,0.39296,0.40073,0.40794,0.4218,0.036702,0.0015,4.8e-5,0.03381,0.03565,0.03666,0.0377,0.03966,0.437052,0.01098,0.000347,0.41573,0.42974,0.43756,0.44439,0.458
40.5,0.561136,0.01093,0.000346,0.54037,0.55382,0.56063,0.56832,0.58243,0.036231,0.00149,4.7e-5,0.0334,0.03524,0.03618,0.03725,0.03919,0.402634,0.0112,0.000354,0.38103,0.3953,0.40302,0.41033,0.42424,0.036231,0.00149,4.7e-5,0.0334,0.03524,0.03618,0.03725,0.03919,0.438864,0.01093,0.000346,0.41757,0.43168,0.43937,0.44618,0.45963
40.75,0.559352,0.01089,0.000344,0.5387,0.55206,0.55888,0.56658,0.58068,0.035761,0.00148,4.7e-5,0.03296,0.03476,0.03572,0.03673,0.03864,0.404887,0.01117,0.000353,0.38334,0.39754,0.40532,0.4125,0.42652,0.035761,0.00148,4.7e-5,0.03296,0.03476,0.03572,0.03673,0.03864,0.440648,0.01089,0.000344,0.41932,0.43342,0.44112,0.44794,0.4613
41.0,0.557602,0.01085,0.000343,0.53697,0.55031,0.55722,0.56483,0.57883,0.035288,0.00149,4.7e-5,0.03248,0.03432,0.03525,0.03629,0.03815,0.40711,0.01115,0.000353,0.38554,0.39974,0.40745,0.4147,0.42865,0.035288,0.00149,4.7e-5,0.03248,0.03432,0.03525,0.03629,0.03815,0.442398,0.01085,0.000343,0.42117,0.43517,0.44278,0.44969,0.46303
41.25,0.555874,0.0108,0.000342,0.53533,0.5486,0.55554,0.56309,0.57708,0.034832,0.00148,4.7e-5,0.03198,0.03387,0.0348,0.03581,0.03779,0.409294,0.01112,0.000352,0.38777,0.40205,0.40963,0.41695,0.43052,0.034832,0.00148,4.7e-5,0.03198,0.03387,0.0348,0.03581,0.03779,0.444126,0.0108,0.000342,0.42292,0.43691,0.44446,0.45141,0.46467
41.5,0.554178,0.01076,0.00034,0.53373,0.54696,0.5538,0.56139,0.57523,0.034362,0.0015,4.7e-5,0.0315,0.03337,0.03436,0.0353,0.03745,0.41146,0.01109,0.000351,0.39004,0.4042,0.41185,0.419,0.43247,0.034362,0.0015,4.7e-5,0.0315,0.03337,0.03436,0.0353,0.03745,0.445822,0.01076,0.00034,0.42477,0.43861,0.4462,0.45304,0.46627
41.75,0.552515,0.01072,0.000339,0.53223,0.54531,0.55214,0.5597,0.57342,0.033874,0.0015,4.7e-5,0.0309,0.03285,0.03384,0.03486,0.03689,0.413611,0.01106,0.00035,0.3923,0.40634,0.41393,0.42112,0.43453,0.033874,0.0015,4.7e-5,0.0309,0.03285,0.03384,0.03486,0.03689,0.447485,0.01072,0.000339,0.42658,0.4403,0.44786,0.45469,0.46777
42.0,0.550871,0.01067,0.000338,0.53079,0.54371,0.5505,0.55799,0.57185,0.033415,0.0015,4.7e-5,0.03048,0.03243,0.03342,0.03439,0.03644,0.415714,0.01102,0.000349,0.39456,0.40839,0.41609,0.42318,0.43644,0.033415,0.0015,4.7e-5,0.03048,0.03243,0.03342,0.03439,0.03644,0.449129,0.01067,0.000338,0.42815,0.44201,0.4495,0.45629,0.46921
42.25,0.549265,0.01063,0.000336,0.52935,0.54207,0.54888,0.55637,0.57026,0.032946,0.0015,4.7e-5,0.03013,0.03194,0.03293,0.03393,0.03608,0.417789,0.01101,0.000348,0.39663,0.41041,0.41826,0.42532,0.43856,0.032946,0.0015,4.7e-5,0.03013,0.03194,0.03293,0.03393,0.03608,0.450735,0.01063,0.000336,0.42974,0.44363,0.45112,0.45793,0.47065
42.5,0.547679,0.01059,0.000335,0.52795,0.54052,0.54734,0.55481,0.56845,0.032485,0.0015,4.8e-5,0.02965,0.03144,0.03245,0.03345,0.03548,0.419836,0.01098,0.000347,0.39856,0.41241,0.42026,0.42734,0.44069,0.032485,0.0015,4.8e-5,0.02965,0.03144,0.03245,0.03345,0.03548,0.452321,0.01059,0.000335,0.43155,0.44519,0.45266,0.45948,0.47205
42.75,0.546115,0.01053,0.000333,0.52638,0.53899,0.54581,0.55322,0.56675,0.032041,0.0015,4.7e-5,0.02927,0.031,0.03198,0.03299,0.03515,0.421843,0.01095,0.000346,0.40046,0.41446,0.42222,0.42926,0.44268,0.032041,0.0015,4.7e-5,0.02927,0.031,0.03198,0.03299,0.03515,0.453885,0.01053,0.000333,0.43325,0.44678,0.45419,0.46101,0.47362
43.0,0.544579,0.01049,0.000332,0.52474,0.53744,0.54421,0.5516,0.56539,0.031591,0.0015,4.7e-5,0.02882,0.03051,0.03155,0.03258,0.03467,0.42383,0.01092,0.000345,0.40247,0.41648,0.42416,0.4312,0.44462,0.031591,0.0015,4.7e-5,0.02882,0.03051,0.03155,0.03258,0.03467,0.455421,0.01049,0.000332,0.43461,0.4484,0.45579,0.46256,0.47526
43.25,0.543069,0.01045,0.00033,0.52346,0.53594,0.54266,0.55004,0.56369,0.031142,0.00151,4.8e-5,0.02832,0.03006,0.0311,0.03209,0.03424,0.425788,0.01089,0.000344,0.40451,0.41844,0.42614,0.43307,0.44666,0.031142,0.00151,4.8e-5,0.02832,0.03006,0.0311,0.03209,0.03424,0.456931,0.01045,0.00033,0.43631,0.44996,0.45734,0.46406,0.47654
43.5,0.541589,0.0104,0.000329,0.52187,0.53453,0.5412,0.54855,0.56193,0.030692,0.00152,4.8e-5,0.0278,0.02962,0.03065,0.03163,0.03388,0.42772,0.01086,0.000343,0.40661,0.42042,0.42799,0.43512,0.44858,0.030692,0.00152,4.8e-5,0.0278,0.02962,0.03065,0.03163,0.03388,0.458411,0.0104,0.000329,0.43807,0.45145,0.4588,0.46547,0.47813
43.75,0.54014,0.01036,0.000328,0.52053,0.53308,0.53982,0.54706,0.56039,0.030246,0.00151,4.8e-5,0.02739,0.02915,0.03023,0.03121,0.03336,0.429614,0.01082,0.000342,0.40865,0.42234,0.42996,0.43699,0.45041,0.030246,0.00151,4.8e-5,0.02739,0.02915,0.03023,0.03121,0.03336,0.45986,0.01036,0.000328,0.43961,0.45294,0.46018,0.46692,0.47947
44.0,0.538714,0.01032,0.000326,0.51935,0.53165,0.53841,0.54569,0.55892,0.029788,0.00152,4.8e-5,0.02692,0.02876,0.02976,0.03079,0.03299,0.431498,0.01079,0.000341,0.41064,0.42423,0.4319,0.43888,0.45208,0.029788,0.00152,4.8e-5,0.02692,0.02876,0.02976,0.03079,0.03299,0.461286,0.01032,0.000326,0.44108,0.45431,0.46159,0.46835,0.48065
44.25,0.537311,0.01027,0.000325,0.51821,0.53028,0.53702,0.54422,0.55735,0.029337,0.00152,4.8e-5,0.02645,0.02826,0.02927,0.03038,0.03256,0.433352,0.01076,0.00034,0.41241,0.42611,0.43371,0.44067,0.45374,0.029337,0.00152,4.8e-5,0.02645,0.02826,0.02927,0.03038,0.03256,0.462689,0.01027,0.000325,0.44265,0.45578,0.46298,0.46972,0.48179
44.5,0.535932,0.01023,0.000323,0.517,0.52895,0.53562,0.54279,0.55592,0.028895,0.00152,4.8e-5,0.02607,0.02787,0.02885,0.02991,0.03212,0.435173,0.01072,0.000339,0.41423,0.4279,0.43552,0.44246,0.4554,0.028895,0.00152,4.8e-5,0.02607,0.02787,0.02885,0.02991,0.03212,0.464068,0.01023,0.000323,0.44408,0.45721,0.46438,0.47105,0.483
44.75,0.534578,0.01019,0.000322,0.51558,0.52762,0.53431,0.54142,0.55442,0.028457,0.00152,4.8e-5,0.0257,0.02743,0.02842,0.02948,0.03167,0.436965,0.01069,0.000338,0.41614,0.42977,0.43726,0.44412,0.45716,0.028457,0.00152,4.8e-5,0.0257,0.02743,0.02842,0.02948,0.03167,0.465422,0.01019,0.000322,0.44558,0.45858,0.46569,0.47238,0.48442
45.0,0.533255,0.01016,0.000321,0.51441,0.52634,0.53302,0.54005,0.55308,0.028009,0.00152,4.8e-5,0.02527,0.02702,0.02794,0.02898,0.03123,0.438736,0.01066,0.000337,0.41802,0.43149,0.43898,0.44593,0.4588,0.028009,0.00152,4.8e-5,0.02527,0.02702,0.02794,0.02898,0.03123,0.466745,0.01016,0.000321,0.44692,0.45995,0.46698,0.47366,0.48559
45.25,0.531951,0.01012,0.00032,0.51304,0.52497,0.53172,0.53864,0.55156,0.02757,0.00151,4.8e-5,0.02483,0.02658,0.02747,0.02856,0.03069,0.440479,0.01063,0.000336,0.4199,0.43334,0.44077,0.44777,0.46049,0.02757,0.00151,4.8e-5,0.02483,0.02658,0.02747,0.02856,0.03069,0.468049,0.01012,0.00032,0.44844,0.46136,0.46828,0.47503,0.48696
45.5,0.530674,0.01008,0.000319,0.51197,0.52368,0.53042,0.53742,0.55011,0.027142,0.00149,4.7e-5,0.02436,0.02614,0.02706,0.02807,0.03018,0.442184,0.01059,0.000335,0.42174,0.43502,0.44246,0.44947,0.46203,0.027142,0.00149,4.7e-5,0.02436,0.02614,0.02706,0.02807,0.03018,0.469326,0.01008,0.000319,0.44989,0.46258,0.46958,0.47632,0.48803
45.75,0.529419,0.01003,0.000317,0.51074,0.52256,0.52911,0.53612,0.54878,0.026717,0.00148,4.7e-5,0.02397,0.02571,0.02664,0.02769,0.02975,0.443864,0.01055,0.000334,0.42349,0.43678,0.44414,0.45112,0.46359,0.026717,0.00148,4.7e-5,0.02397,0.02571,0.02664,0.02769,0.02975,0.470581,0.01003,0.000317,0.45122,0.46388,0.47089,0.47744,0.48926
46.0,0.528184,0.00999,0.000316,0.50947,0.5214,0.52788,0.5349,0.54747,0.026298,0.00148,4.7e-5,0.02356,0.02531,0.02623,0.02728,0.02927,0.445518,0.01051,0.000332,0.42531,0.4384,0.44589,0.45268,0.46528,0.026298,0.00148,4.7e-5,0.02356,0.02531,0.02623,0.02728,0.02927,0.471816,0.00999,0.000316,0.45253,0.4651,0.47212,0.4786,0.49053
46.25,0.526971,0.00994,0.000314,0.50827,0.5202,0.52663,0.53367,0.5462,0.025879,0.00147,4.7e-5,0.02309,0.02492,0.02578,0.02685,0.02882,0.447149,0.01047,0.000331,0.42691,0.44008,0.44752,0.45426,0.46691,0.025879,0.00147,4.7e-5,0.02309,0.02492,0.02578,0.02685,0.02882,0.473029,0.00994,0.000314,0.4538,0.46634,0.47337,0.4798,0.49173
46.5,0.525788,0.0099,0.000313,0.50716,0.51907,0.52543,0.53238,0.54474,0.025454,0.00147,4.6e-5,0.02273,0.02449,0.02537,0.02647,0.02844,0.448758,0.01044,0.00033,0.4286,0.44162,0.44903,0.45591,0.46853,0.025454,0.00147,4.6e-5,0.02273,0.02449,0.02537,0.02647,0.02844,0.474212,0.0099,0.000313,0.45526,0.46762,0.47457,0.48092,0.49284
46.75,0.524627,0.00985,0.000312,0.50593,0.518,0.52433,0.53106,0.54355,0.02504,0.00146,4.6e-5,0.02233,0.02408,0.02494,0.02602,0.028,0.450333,0.0104,0.000329,0.43025,0.4432,0.45067,0.4574,0.46983,0.02504,0.00146,4.6e-5,0.02233,0.02408,0.02494,0.02602,0.028,0.475373,0.00985,0.000312,0.45645,0.46894,0.47567,0.482,0.49407
47.0,0.523484,0.00982,0.000311,0.50486,0.51681,0.52318,0.52992,0.54244,0.024629,0.00145,4.6e-5,0.02184,0.02367,0.02451,0.02562,0.02759,0.451887,0.01036,0.000328,0.4319,0.44482,0.45224,0.45902,0.47138,0.024629,0.00145,4.6e-5,0.02184,0.02367,0.02451,0.02562,0.02759,0.476516,0.00982,0.000311,0.45756,0.47008,0.47682,0.48319,0.49514
47.25,0.522365,0.00978,0.000309,0.50382,0.51574,0.5221,0.5288,0.5413,0.024218,0.00143,4.5e-5,0.02144,0.02328,0.02414,0.02513,0.02707,0.453416,0.01032,0.000326,0.43346,0.44635,0.45373,0.46048,0.47283,0.024218,0.00143,4.5e-5,0.02144,0.02328,0.02414,0.02513,0.02707,0.477635,0.00978,0.000309,0.4587,0.4712,0.4779,0.48426,0.49618
47.5,0.521268,0.00974,0.000308,0.50281,0.51467,0.52095,0.52769,0.54,0.023815,0.00142,4.5e-5,0.02113,0.02289,0.02371,0.02475,0.02669,0.454917,0.01028,0.000325,0.43504,0.44796,0.45522,0.46191,0.47435,0.023815,0.00142,4.5e-5,0.02113,0.02289,0.02371,0.02475,0.02669,0.478732,0.00974,0.000308,0.46,0.47231,0.47905,0.48533,0.49719
47.75,0.520191,0.0097,0.000307,0.5018,0.51363,0.51984,0.5265,0.53885,0.023416,0.00142,4.5e-5,0.02073,0.02247,0.02331,0.02437,0.02633,0.456393,0.01024,0.000324,0.43657,0.4496,0.45663,0.46334,0.47574,0.023416,0.00142,4.5e-5,0.02073,0.02247,0.02331,0.02437,0.02633,0.479809,0.0097,0.000307,0.46115,0.47349,0.48016,0.48637,0.4982
48.0,0.519138,0.00965,0.000305,0.50093,0.51261,0.51886,0.52542,0.53772,0.023015,0.00142,4.5e-5,0.02034,0.02207,0.02293,0.02397,0.02591,0.457846,0.0102,0.000323,0.43793,0.45108,0.45808,0.46484,0.47721,0.023015,0.00142,4.5e-5,0.02034,0.02207,0.02293,0.02397,0.02591,0.480862,0.00965,0.000305,0.46228,0.47458,0.48114,0.48739,0.49907
48.25,0.518107,0.00962,0.000304,0.50009,0.51153,0.51784,0.52442,0.53664,0.022628,0.00141,4.5e-5,0.01999,0.02166,0.02252,0.02358,0.02551,0.459265,0.01017,0.000321,0.43942,0.45247,0.45951,0.46626,0.47853,0.022628,0.00141,4.5e-5,0.01999,0.02166,0.02252,0.02358,0.02551,0.481893,0.00962,0.000304,0.46336,0.47558,0.48216,0.48847,0.49991
48.5,0.51709,0.00958,0.000303,0.49912,0.51058,0.5169,0.5234,0.5355,0.022239,0.0014,4.4e-5,0.01958,0.02128,0.02218,0.02316,0.02519,0.460671,0.01014,0.00032,0.44092,0.4539,0.4609,0.46764,0.4798,0.022239,0.0014,4.4e-5,0.01958,0.02128,0.02218,0.02316,0.02519,0.48291,0.00958,0.000303,0.4645,0.4766,0.4831,0.48942,0.50088
48.75,0.51609,0.00954,0.000302,0.49832,0.50966,0.51585,0.52241,0.53455,0.021862,0.00139,4.4e-5,0.01927,0.02092,0.02178,0.02279,0.02477,0.462048,0.01009,0.000319,0.4425,0.45524,0.46235,0.46902,0.48101,0.021862,0.00139,4.4e-5,0.01927,0.02092,0.02178,0.02279,0.02477,0.48391,0.00954,0.000302,0.46545,0.47759,0.48414,0.49034,0.50168
49.0,0.515109,0.0095,0.0003,0.49756,0.50859,0.51484,0.52148,0.5334,0.021488,0.00138,4.4e-5,0.01891,0.02059,0.02143,0.02238,0.02437,0.463403,0.01005,0.000318,0.44399,0.45665,0.46372,0.47027,0.48198,0.021488,0.00138,4.4e-5,0.01891,0.02059,0.02143,0.02238,0.02437,0.484891,0.0095,0.0003,0.4666,0.47852,0.48516,0.49141,0.50244
49.25,0.514149,0.00946,0.000299,0.49666,0.50767,0.5139,0.52044,0.53232,0.021113,0.00137,4.3e-5,0.01845,0.02022,0.02101,0.022,0.02397,0.464738,0.01002,0.000317,0.44568,0.45804,0.46504,0.47151,0.48333,0.021113,0.00137,4.3e-5,0.01845,0.02022,0.02101,0.022,0.02397,0.485851,0.00946,0.000299,0.46768,0.47956,0.4861,0.49233,0.50334
49.5,0.513208,0.00942,0.000298,0.4958,0.5067,0.51304,0.51952,0.53132,0.020747,0.00136,4.3e-5,0.01821,0.01984,0.02066,0.0216,0.02365,0.466045,0.00998,0.000315,0.447,0.45926,0.46639,0.47286,0.48462,0.020747,0.00136,4.3e-5,0.01821,0.01984,0.02066,0.0216,0.02365,0.486792,0.00942,0.000298,0.46868,0.48048,0.48696,0.4933,0.5042
49.75,0.512283,0.00939,0.000297,0.49493,0.50577,0.51219,0.5185,0.53033,0.020388,0.00136,4.3e-5,0.01786,0.01947,0.0203,0.02126,0.02317,0.467329,0.00994,0.000314,0.44832,0.46062,0.4676,0.4741,0.48602,0.020388,0.00136,4.3e-5,0.01786,0.01947,0.0203,0.02126,0.02317,0.487717,0.00939,0.000297,0.46967,0.4815,0.48781,0.49423,0.50507
50.0,0.511385,0.00935,0.000296,0.49395,0.50493,0.5112,0.51762,0.52931,0.020024,0.00136,4.3e-5,0.01748,0.0191,0.01995,0.02088,0.02291,0.468591,0.0099,0.000313,0.44958,0.46192,0.46886,0.47533,0.48705,0.020024,0.00136,4.3e-5,0.01748,0.0191,0.01995,0.02088,0.02291,0.488615,0.00935,0.000296,0.47069,0.48238,0.48881,0.49507,0.50605
50.25,0.510503,0.0093,0.000294,0.49306,0.50402,0.5103,0.51679,0.52826,0.019665,0.00135,4.3e-5,0.0171,0.01874,0.01958,0.02055,0.02248,0.469832,0.00986,0.000312,0.45084,0.46323,0.47008,0.47661,0.48821,0.019665,0.00135,4.3e-5,0.0171,0.01874,0.01958,0.02055,0.02248,0.489497,0.0093,0.000294,0.47174,0.48322,0.4897,0.49598,0.50694
50.5,0.509637,0.00926,0.000293,0.49217,0.50306,0.50945,0.51592,0.52749,0.019309,0.00135,4.3e-5,0.01674,0.01837,0.01921,0.02017,0.02211,0.471054,0.00982,0.000311,0.4522,0.46458,0.47119,0.47782,0.48951,0.019309,0.00135,4.3e-5,0.01674,0.01837,0.01921,0.02017,0.02211,0.490363,0.00926,0.000293,0.47251,0.48408,0.49055,0.49694,0.50783
50.75,0.508786,0.00923,0.000292,0.49138,0.50226,0.5086,0.51499,0.52653,0.018964,0.00134,4.2e-5,0.01638,0.01803,0.01888,0.01984,0.02162,0.47225,0.00979,0.00031,0.45333,0.4658,0.47245,0.47894,0.49077,0.018964,0.00134,4.2e-5,0.01638,0.01803,0.01888,0.01984,0.02162,0.491214,0.00923,0.000292,0.47347,0.485,0.4914,0.49774,0.50862
51.0,0.50795,0.00919,0.000291,0.49064,0.50144,0.50781,0.51406,0.52545,0.018622,0.00133,4.2e-5,0.01604,0.01769,0.01859,0.01948,0.02126,0.473428,0.00975,0.000308,0.45446,0.46692,0.47361,0.48014,0.49193,0.018622,0.00133,4.2e-5,0.01604,0.01769,0.01859,0.01948,0.02126,0.49205,0.00919,0.000291,0.47455,0.48594,0.49218,0.49856,0.50936
51.25,0.507137,0.00916,0.00029,0.48981,0.50078,0.50705,0.51328,0.52455,0.018282,0.00132,4.2e-5,0.01572,0.01739,0.01825,0.01914,0.02093,0.474581,0.00971,0.000307,0.45574,0.46803,0.47476,0.48122,0.49295,0.018282,0.00132,4.2e-5,0.01572,0.01739,0.01825,0.01914,0.02093,0.492863,0.00916,0.00029,0.47545,0.48672,0.49295,0.49922,0.51019
51.5,0.506342,0.00912,0.000288,0.48899,0.50006,0.50626,0.51241,0.5237,0.017944,0.00131,4.1e-5,0.01545,0.01701,0.0179,0.0188,0.02048,0.475714,0.00967,0.000306,0.45696,0.4692,0.47593,0.48229,0.49397,0.017944,0.00131,4.1e-5,0.01545,0.01701,0.0179,0.0188,0.02048,0.493658,0.00912,0.000288,0.4763,0.48758,0.49374,0.49994,0.51101
51.75,0.505562,0.00908,0.000287,0.48839,0.49938,0.50554,0.51159,0.52291,0.017612,0.0013,4.1e-5,0.01513,0.01672,0.01756,0.01845,0.02025,0.476826,0.00964,0.000305,0.45817,0.47046,0.4771,0.4834,0.49486,0.017612,0.0013,4.1e-5,0.01513,0.01672,0.01756,0.01845,0.02025,0.494438,0.00908,0.000287,0.47709,0.48841,0.49447,0.50062,0.51161
52.0,0.504795,0.00905,0.000286,0.48779,0.49861,0.50475,0.51082,0.52196,0.017289,0.0013,4.1e-5,0.01482,0.01641,0.01724,0.01811,0.01985,0.477915,0.0096,0.000304,0.45947,0.47154,0.4781,0.48448,0.4958,0.017289,0.0013,4.1e-5,0.01482,0.01641,0.01724,0.01811,0.01985,0.495205,0.00905,0.000286,0.47804,0.48918,0.49525,0.50139,0.51221
52.25,0.504045,0.00901,0.000285,0.48712,0.49788,0.50401,0.51013,0.52108,0.016974,0.00128,4.1e-5,0.01454,0.01612,0.01695,0.01778,0.01957,0.478981,0.00956,0.000302,0.46056,0.47266,0.47924,0.48549,0.49693,0.016974,0.00128,4.1e-5,0.01454,0.01612,0.01695,0.01778,0.01957,0.495955,0.00901,0.000285,0.47892,0.48987,0.49599,0.50212,0.51288
52.5,0.503309,0.00898,0.000284,0.48656,0.49717,0.50324,0.50935,0.52039,0.016655,0.00128,4.0e-5,0.01426,0.01579,0.01663,0.01744,0.01929,0.480036,0.00952,0.000301,0.46166,0.47368,0.48025,0.48652,0.4978,0.016655,0.00128,4.0e-5,0.01426,0.01579,0.01663,0.01744,0.01929,0.496691,0.00898,0.000284,0.47961,0.49065,0.49676,0.50283,0.51344
52.75,0.502585,0.00894,0.000283,0.48596,0.49643,0.50254,0.50861,0.5197,0.016348,0.00127,4.0e-5,0.01394,0.01548,0.01629,0.01714,0.01893,0.481067,0.00949,0.0003,0.4629,0.47474,0.48129,0.48752,0.4987,0.016348,0.00127,4.0e-5,0.01394,0.01548,0.01629,0.01714,0.01893,0.497415,0.00894,0.000283,0.4803,0.49139,0.49746,0.50357,0.51404
53.0,0.501882,0.00891,0.000282,0.48523,0.49568,0.50184,0.50789,0.51893,0.016041,0.00126,4.0e-5,0.01368,0.01522,0.01601,0.01683,0.01853,0.482077,0.00945,0.000299,0.46395,0.47573,0.48226,0.48849,0.49957,0.016041,0.00126,4.0e-5,0.01368,0.01522,0.01601,0.01683,0.01853,0.498118,0.00891,0.000282,0.48107,0.49211,0.49816,0.50432,0.51477
53.25,0.501188,0.00887,0.000281,0.48454,0.49509,0.50116,0.50727,0.51834,0.015741,0.00124,3.9e-5,0.01344,0.01489,0.01573,0.01653,0.01821,0.483071,0.00941,0.000297,0.46513,0.47679,0.4832,0.48948,0.50054,0.015741,0.00124,3.9e-5,0.01344,0.01489,0.01573,0.01653,0.01821,0.498812,0.00887,0.000281,0.48166,0.49274,0.49884,0.50491,0.51547
53.5,0.500513,0.00884,0.00028,0.48391,0.49438,0.5005,0.50663,0.5176,0.015439,0.00123,3.9e-5,0.0131,0.0146,0.01544,0.01622,0.01797,0.484048,0.00937,0.000296,0.46611,0.47784,0.48422,0.49045,0.50142,0.015439,0.00123,3.9e-5,0.0131,0.0146,0.01544,0.01622,0.01797,0.499487,0.00884,0.00028,0.4824,0.49337,0.4995,0.50562,0.51609
53.75,0.499848,0.00881,0.000279,0.4832,0.49375,0.49987,0.50591,0.51694,0.015148,0.00123,3.9e-5,0.01287,0.01431,0.01514,0.01593,0.01766,0.485004,0.00934,0.000295,0.46712,0.47886,0.48513,0.49136,0.50237,0.015148,0.00123,3.9e-5,0.01287,0.01431,0.01514,0.01593,0.01766,0.500152,0.00881,0.000279,0.48306,0.49409,0.50013,0.50625,0.5168
54.0,0.499196,0.00878,0.000278,0.48252,0.49312,0.4992,0.50518,0.51632,0.014862,0.00121,3.8e-5,0.01272,0.01403,0.01486,0.01565,0.01732,0.485942,0.0093,0.000294,0.46821,0.47977,0.48609,0.49225,0.50327,0.014862,0.00121,3.8e-5,0.01272,0.01403,0.01486,0.01565,0.01732,0.500804,0.00878,0.000278,0.48368,0.49482,0.5008,0.50688,0.51748
54.25,0.498559,0.00875,0.000277,0.48192,0.49254,0.49858,0.50455,0.51577,0.01458,0.00119,3.8e-5,0.01245,0.01375,0.01457,0.01537,0.01698,0.486861,0.00926,0.000293,0.46924,0.48074,0.48704,0.49316,0.50421,0.01458,0.00119,3.8e-5,0.01245,0.01375,0.01457,0.01537,0.01698,0.501441,0.00875,0.000277,0.48423,0.49545,0.50141,0.50746,0.51808
54.5,0.497939,0.00872,0.000276,0.4814,0.49192,0.49798,0.50393,0.51514,0.0143,0.00118,3.7e-5,0.01215,0.01351,0.01432,0.01507,0.01677,0.487761,0.00923,0.000292,0.47019,0.4817,0.48794,0.49414,0.505,0.0143,0.00118,3.7e-5,0.01215,0.01351,0.01432,0.01507,0.01677,0.502061,0.00872,0.000276,0.48486,0.49608,0.50202,0.50808,0.5186
54.75,0.497326,0.00869,0.000275,0.48093,0.49131,0.49734,0.50326,0.51456,0.014024,0.00117,3.7e-5,0.01188,0.01325,0.01406,0.01482,0.01637,0.488649,0.0092,0.000291,0.47107,0.48261,0.48878,0.49493,0.50599,0.014024,0.00117,3.7e-5,0.01188,0.01325,0.01406,0.01482,0.01637,0.502674,0.00869,0.000275,0.48544,0.49674,0.50266,0.50869,0.51907
55.0,0.496729,0.00866,0.000274,0.48033,0.49074,0.49682,0.50267,0.51391,0.013754,0.00116,3.7e-5,0.01158,0.013,0.01378,0.01449,0.01614,0.489517,0.00917,0.00029,0.47199,0.48348,0.48966,0.4958,0.50683,0.013754,0.00116,3.7e-5,0.01158,0.013,0.01378,0.01449,0.01614,0.503271,0.00866,0.000274,0.48609,0.49733,0.50318,0.50927,0.51967
55.25,0.496147,0.00863,0.000273,0.47973,0.4902,0.4962,0.502,0.51324,0.013487,0.00114,3.6e-5,0.01134,0.01272,0.0135,0.01421,0.01587,0.490366,0.00913,0.000289,0.47293,0.48428,0.49046,0.4965,0.50755,0.013487,0.00114,3.6e-5,0.01134,0.01272,0.0135,0.01421,0.01587,0.503853,0.00863,0.000273,0.48676,0.498,0.5038,0.5098,0.52027
55.5,0.495577,0.0086,0.000272,0.47917,0.48966,0.49568,0.50135,0.51267,0.013225,0.00113,3.6e-5,0.01109,0.01244,0.01322,0.01394,0.01557,0.491198,0.00909,0.000288,0.47392,0.48517,0.49128,0.49733,0.50841,0.013225,0.00113,3.6e-5,0.01109,0.01244,0.01322,0.01394,0.01557,0.504423,0.0086,0.000272,0.48733,0.49865,0.50432,0.51035,0.52083
55.75,0.49502,0.00857,0.000271,0.47869,0.48917,0.49512,0.50072,0.51187,0.012963,0.00112,3.6e-5,0.01081,0.01221,0.01296,0.01366,0.01528,0.492017,0.00906,0.000287,0.47465,0.48599,0.49207,0.49807,0.50919,0.012963,0.00112,3.6e-5,0.01081,0.01221,0.01296,0.01366,0.01528,0.50498,0.00857,0.000271,0.48813,0.49928,0.50488,0.51083,0.52131
56.0,0.494473,0.00855,0.00027,0.47819,0.4886,0.49454,0.50015,0.51145,0.012706,0.00111,3.5e-5,0.01061,0.01196,0.01272,0.0134,0.01496,0.492821,0.00902,0.000285,0.4756,0.48677,0.49292,0.49888,0.51005,0.012706,0.00111,3.5e-5,0.01061,0.01196,0.01272,0.0134,0.01496,0.505527,0.00855,0.00027,0.48855,0.49986,0.50546,0.5114,0.52181
56.25,0.493941,0.00852,0.000269,0.47776,0.48805,0.49394,0.49961,0.51077,0.01245,0.0011,3.5e-5,0.0104,0.0117,0.01246,0.01314,0.01467,0.493609,0.00899,0.000284,0.47644,0.48749,0.49366,0.49963,0.51075,0.01245,0.0011,3.5e-5,0.0104,0.0117,0.01246,0.01314,0.01467,0.506059,0.00852,0.000269,0.48923,0.50039,0.50606,0.51195,0.52224
56.5,0.493417,0.00849,0.000269,0.4773,0.48752,0.49343,0.4991,0.51026,0.012199,0.00108,3.4e-5,0.01019,0.01147,0.01219,0.01289,0.01442,0.494384,0.00896,0.000283,0.47725,0.48829,0.49436,0.50042,0.51137,0.012199,0.00108,3.4e-5,0.01019,0.01147,0.01219,0.01289,0.01442,0.506583,0.00849,0.000269,0.48974,0.5009,0.50656,0.51249,0.5227
56.75,0.492903,0.00847,0.000268,0.47673,0.48704,0.49292,0.4985,0.50967,0.011955,0.00108,3.4e-5,0.01,0.0112,0.01197,0.01265,0.01413,0.495143,0.00893,0.000282,0.47792,0.48905,0.49519,0.5012,0.51193,0.011955,0.00108,3.4e-5,0.01,0.0112,0.01197,0.01265,0.01413,0.507097,0.00847,0.000268,0.49033,0.5015,0.50708,0.51296,0.52327
57.0,0.492399,0.00845,0.000267,0.47627,0.48653,0.49242,0.49799,0.50926,0.011719,0.00107,3.4e-5,0.00976,0.01097,0.01172,0.0124,0.01388,0.495883,0.0089,0.000281,0.47872,0.48992,0.49588,0.50192,0.51265,0.011719,0.00107,3.4e-5,0.00976,0.01097,0.01172,0.0124,0.01388,0.507601,0.00845,0.000267,0.49074,0.50201,0.50758,0.51347,0.52373
57.25,0.491901,0.00842,0.000266,0.47573,0.48604,0.49192,0.49746,0.50873,0.011493,0.00106,3.3e-5,0.00954,0.01075,0.01149,0.01219,0.01364,0.496606,0.00887,0.00028,0.47944,0.49066,0.49662,0.50262,0.51323,0.011493,0.00106,3.3e-5,0.00954,0.01075,0.01149,0.01219,0.01364,0.508099,0.00842,0.000266,0.49127,0.50254,0.50808,0.51396,0.52427
57.5,0.491422,0.0084,0.000266,0.47528,0.48556,0.49146,0.49695,0.50817,0.01126,0.00105,3.3e-5,0.00936,0.01051,0.01122,0.01195,0.01337,0.497318,0.00884,0.00028,0.48017,0.49132,0.49727,0.50329,0.51386,0.01126,0.00105,3.3e-5,0.00936,0.01051,0.01122,0.01195,0.01337,0.508578,0.0084,0.000266,0.49183,0.50305,0.50854,0.51445,0.52472
57.75,0.490949,0.00838,0.000265,0.4748,0.48514,0.49098,0.49645,0.5076,0.011039,0.00104,3.3e-5,0.00909,0.01031,0.01098,0.01174,0.01315,0.498012,0.00882,0.000279,0.48083,0.49206,0.49798,0.504,0.51447,0.011039,0.00104,3.3e-5,0.00909,0.01031,0.01098,0.01174,0.01315,0.509051,0.00838,0.000265,0.4924,0.50355,0.50902,0.51486,0.5252
58.0,0.490491,0.00835,0.000264,0.47442,0.48472,0.4905,0.49598,0.50702,0.010815,0.00103,3.3e-5,0.00894,0.01008,0.0108,0.01149,0.01289,0.498694,0.00879,0.000278,0.48153,0.49269,0.49862,0.50466,0.51515,0.010815,0.00103,3.3e-5,0.00894,0.01008,0.0108,0.01149,0.01289,0.509509,0.00835,0.000264,0.49298,0.50402,0.5095,0.51528,0.52558
58.25,0.490042,0.00833,0.000263,0.47406,0.48428,0.49004,0.49557,0.50654,0.010599,0.00102,3.2e-5,0.00874,0.00987,0.01056,0.01126,0.01262,0.49936,0.00876,0.000277,0.48223,0.49338,0.49929,0.5053,0.51585,0.010599,0.00102,3.2e-5,0.00874,0.00987,0.01056,0.01126,0.01262,0.509958,0.00833,0.000263,0.49346,0.50443,0.50996,0.51572,0.52594
58.5,0.489598,0.00831,0.000263,0.47364,0.48386,0.4896,0.49504,0.50599,0.010384,0.00101,3.2e-5,0.00857,0.0097,0.01034,0.01104,0.01242,0.500017,0.00873,0.000276,0.48302,0.49403,0.49994,0.50593,0.51648,0.010384,0.00101,3.2e-5,0.00857,0.0097,0.01034,0.01104,0.01242,0.510402,0.00831,0.000263,0.49401,0.50496,0.5104,0.51614,0.52636
58.75,0.489169,0.00828,0.000262,0.47329,0.48344,0.48917,0.49457,0.50549,0.010169,0.001,3.2e-5,0.00839,0.00947,0.01014,0.01081,0.01217,0.500663,0.0087,0.000275,0.48366,0.49474,0.50062,0.50659,0.51708,0.010169,0.001,3.2e-5,0.00839,0.00947,0.01014,0.01081,0.01217,0.510831,0.00828,0.000262,0.49451,0.50543,0.51083,0.51656,0.52671
59.0,0.488751,0.00826,0.000261,0.47283,0.48302,0.48876,0.49418,0.50499,0.00996,0.00099,3.1e-5,0.00822,0.00926,0.00993,0.01061,0.01196,0.501289,0.00868,0.000274,0.48431,0.49545,0.50122,0.50719,0.51765,0.00996,0.00099,3.1e-5,0.00822,0.00926,0.00993,0.01061,0.01196,0.511249,0.00826,0.000261,0.49501,0.50582,0.51124,0.51698,0.52717
59.25,0.488337,0.00824,0.000261,0.47251,0.48268,0.48833,0.49373,0.50463,0.009757,0.00097,3.1e-5,0.008,0.00908,0.00974,0.01037,0.01172,0.501905,0.00865,0.000274,0.4849,0.49614,0.50184,0.50788,0.51829,0.009757,0.00097,3.1e-5,0.008,0.00908,0.00974,0.01037,0.01172,0.511663,0.00824,0.000261,0.49537,0.50627,0.51167,0.51732,0.52749
59.5,0.487933,0.00822,0.00026,0.47208,0.4823,0.48794,0.49332,0.50421,0.009556,0.00096,3.0e-5,0.00788,0.00886,0.00951,0.01019,0.0115,0.502511,0.00862,0.000273,0.48538,0.49675,0.50247,0.50844,0.51887,0.009556,0.00096,3.0e-5,0.00788,0.00886,0.00951,0.01019,0.0115,0.512067,0.00822,0.00026,0.49579,0.50668,0.51206,0.5177,0.52792
59.75,0.487538,0.00819,0.000259,0.47169,0.4819,0.48747,0.49291,0.50381,0.009362,0.00095,3.0e-5,0.00766,0.0087,0.00932,0.01,0.01128,0.5031,0.00859,0.000272,0.48603,0.49733,0.50307,0.50907,0.51946,0.009362,0.00095,3.0e-5,0.00766,0.0087,0.00932,0.01,0.01128,0.512462,0.00819,0.000259,0.49619,0.50709,0.51253,0.5181,0.52831
60.0,0.487155,0.00817,0.000258,0.47126,0.48151,0.48709,0.49254,0.50337,0.009167,0.00095,3.0e-5,0.0075,0.0085,0.00912,0.0098,0.01107,0.503679,0.00856,0.000271,0.48675,0.49791,0.50361,0.50962,0.5199,0.009167,0.00095,3.0e-5,0.0075,0.0085,0.00912,0.0098,0.01107,0.512845,0.00817,0.000258,0.49663,0.50746,0.51291,0.51849,0.52874
60.25,0.486778,0.00815,0.000258,0.47093,0.48116,0.48672,0.49217,0.50291,0.008973,0.00093,2.9e-5,0.00728,0.0083,0.00894,0.00958,0.01084,0.504249,0.00854,0.00027,0.48743,0.49865,0.50416,0.51014,0.52042,0.008973,0.00093,2.9e-5,0.00728,0.0083,0.00894,0.00958,0.01084,0.513222,0.00815,0.000258,0.49709,0.50783,0.51328,0.51884,0.52907
60.5,0.48641,0.00813,0.000257,0.47067,0.48073,0.48637,0.49178,0.50257,0.008787,0.00092,2.9e-5,0.00716,0.00813,0.00875,0.00939,0.0106,0.504803,0.00851,0.000269,0.48802,0.49917,0.50476,0.51072,0.52099,0.008787,0.00092,2.9e-5,0.00716,0.00813,0.00875,0.00939,0.0106,0.51359,0.00813,0.000257,0.49743,0.50822,0.51363,0.51927,0.52933
60.75,0.486049,0.00811,0.000257,0.47024,0.48038,0.48601,0.49137,0.5022,0.008604,0.00091,2.9e-5,0.00698,0.00795,0.00856,0.00921,0.01044,0.505348,0.00848,0.000268,0.4886,0.49975,0.50531,0.51124,0.52167,0.008604,0.00091,2.9e-5,0.00698,0.00795,0.00856,0.00921,0.01044,0.513951,0.00811,0.000257,0.4978,0.50863,0.51399,0.51962,0.52976
61.0,0.485697,0.00809,0.000256,0.4699,0.48006,0.48562,0.49104,0.50183,0.008424,0.0009,2.8e-5,0.00683,0.00777,0.00838,0.009,0.01022,0.505878,0.00846,0.000267,0.48911,0.50032,0.50584,0.5117,0.52221,0.008424,0.0009,2.8e-5,0.00683,0.00777,0.00838,0.009,0.01022,0.514303,0.00809,0.000256,0.49817,0.50896,0.51438,0.51994,0.5301
61.25,0.485353,0.00807,0.000255,0.46958,0.47972,0.48526,0.49069,0.50148,0.008246,0.00088,2.8e-5,0.00667,0.0076,0.00819,0.00882,0.01001,0.5064,0.00843,0.000267,0.48967,0.50086,0.50637,0.5122,0.5227,0.008246,0.00088,2.8e-5,0.00667,0.0076,0.00819,0.00882,0.01001,0.514647,0.00807,0.000255,0.49852,0.50931,0.51474,0.52028,0.53042
61.5,0.485016,0.00805,0.000255,0.4693,0.47941,0.48496,0.49032,0.50107,0.008073,0.00087,2.7e-5,0.00652,0.00744,0.00802,0.00865,0.00982,0.506912,0.0084,0.000266,0.49027,0.5014,0.50692,0.51272,0.5232,0.008073,0.00087,2.7e-5,0.00652,0.00744,0.00802,0.00865,0.00982,0.514984,0.00805,0.000255,0.49893,0.50968,0.51504,0.52059,0.5307
61.75,0.484686,0.00803,0.000254,0.46905,0.47914,0.4846,0.48998,0.50073,0.007899,0.00086,2.7e-5,0.00634,0.00729,0.00785,0.00845,0.00958,0.507415,0.00838,0.000265,0.49082,0.50192,0.50736,0.51321,0.52364,0.007899,0.00086,2.7e-5,0.00634,0.00729,0.00785,0.00845,0.00958,0.515314,0.00803,0.000254,0.49927,0.51002,0.5154,0.52086,0.53095
62.0,0.484364,0.00802,0.000253,0.46876,0.47879,0.4843,0.48961,0.50045,0.007736,0.00085,2.7e-5,0.0062,0.00713,0.0077,0.0083,0.00945,0.507901,0.00836,0.000264,0.49136,0.5024,0.50782,0.51364,0.52408,0.007736,0.00085,2.7e-5,0.0062,0.00713,0.0077,0.0083,0.00945,0.515636,0.00802,0.000253,0.49955,0.51039,0.51571,0.52121,0.53124
62.25,0.484047,0.008,0.000253,0.46851,0.47845,0.48399,0.48932,0.50013,0.007572,0.00084,2.7e-5,0.00606,0.00697,0.00754,0.00812,0.00926,0.508382,0.00833,0.000264,0.49176,0.50288,0.50828,0.51405,0.52456,0.007572,0.00084,2.7e-5,0.00606,0.00697,0.00754,0.00812,0.00926,0.515953,0.008,0.000253,0.49987,0.51068,0.51601,0.52155,0.53149
62.5,0.48374,0.00798,0.000252,0.46827,0.47814,0.48371,0.48898,0.49978,0.007412,0.00083,2.6e-5,0.00594,0.00681,0.00737,0.00796,0.00902,0.508848,0.00831,0.000263,0.49227,0.50335,0.50876,0.5145,0.5249,0.007412,0.00083,2.6e-5,0.00594,0.00681,0.00737,0.00796,0.00902,0.51626,0.00798,0.000252,0.50022,0.51102,0.51629,0.52186,0.53173
62.75,0.483437,0.00796,0.000252,0.46791,0.47776,0.48342,0.48872,0.49943,0.007257,0.00083,2.6e-5,0.00578,0.00667,0.00721,0.00778,0.00892,0.509306,0.00829,0.000262,0.49277,0.50379,0.5092,0.51498,0.52528,0.007257,0.00083,2.6e-5,0.00578,0.00667,0.00721,0.00778,0.00892,0.516563,0.00796,0.000252,0.50057,0.51128,0.51658,0.52224,0.53209
63.0,0.483139,0.00795,0.000251,0.46768,0.47744,0.48314,0.48836,0.49907,0.007105,0.00082,2.6e-5,0.00564,0.00652,0.00707,0.00763,0.00871,0.509756,0.00827,0.000262,0.49334,0.50432,0.50968,0.51542,0.52563,0.007105,0.00082,2.6e-5,0.00564,0.00652,0.00707,0.00763,0.00871,0.516861,0.00795,0.000251,0.50093,0.51164,0.51686,0.52256,0.53232
63.25,0.482852,0.00793,0.000251,0.46745,0.47718,0.48285,0.48815,0.49873,0.006951,0.00081,2.6e-5,0.00551,0.00637,0.0069,0.00747,0.00854,0.510198,0.00825,0.000261,0.49385,0.50479,0.5102,0.51589,0.52598,0.006951,0.00081,2.6e-5,0.00551,0.00637,0.0069,0.00747,0.00854,0.517148,0.00793,0.000251,0.50127,0.51185,0.51715,0.52282,0.53255
63.5,0.482569,0.00791,0.00025,0.46717,0.47688,0.48252,0.48784,0.49847,0.006805,0.0008,2.5e-5,0.00537,0.00623,0.00677,0.00731,0.00843,0.510625,0.00823,0.00026,0.49431,0.5052,0.51068,0.5163,0.5264,0.006805,0.0008,2.5e-5,0.00537,0.00623,0.00677,0.00731,0.00843,0.517431,0.00791,0.00025,0.50153,0.51215,0.51748,0.52312,0.53283
63.75,0.482296,0.0079,0.00025,0.46697,0.47664,0.48222,0.48759,0.49816,0.00666,0.00079,2.5e-5,0.00527,0.00608,0.00662,0.00717,0.00825,0.511045,0.00821,0.00026,0.49483,0.50567,0.51109,0.5167,0.52677,0.00666,0.00079,2.5e-5,0.00527,0.00608,0.00662,0.00717,0.00825,0.517704,0.0079,0.00025,0.50184,0.51241,0.51778,0.52336,0.53303
64.0,0.482028,0.00788,0.000249,0.4668,0.47641,0.48192,0.48734,0.49785,0.006514,0.00078,2.5e-5,0.0051,0.00593,0.00647,0.00702,0.00808,0.511458,0.00819,0.000259,0.4953,0.50612,0.51158,0.51708,0.52713,0.006514,0.00078,2.5e-5,0.0051,0.00593,0.00647,0.00702,0.00808,0.517972,0.00788,0.000249,0.50215,0.51266,0.51808,0.52359,0.5332
64.25,0.481769,0.00787,0.000249,0.46657,0.4762,0.48165,0.48702,0.49751,0.006369,0.00077,2.4e-5,0.005,0.00581,0.00632,0.00689,0.00797,0.511862,0.00816,0.000258,0.49568,0.50652,0.51194,0.51747,0.52744,0.006369,0.00077,2.4e-5,0.005,0.00581,0.00632,0.00689,0.00797,0.518231,0.00787,0.000249,0.50249,0.51298,0.51835,0.5238,0.53343
64.5,0.481511,0.00785,0.000248,0.46639,0.47596,0.4814,0.48677,0.49719,0.006229,0.00076,2.4e-5,0.00489,0.00567,0.00618,0.00674,0.00778,0.512259,0.00814,0.000257,0.49611,0.50693,0.51234,0.51789,0.52784,0.006229,0.00076,2.4e-5,0.00489,0.00567,0.00618,0.00674,0.00778,0.518489,0.00785,0.000248,0.50281,0.51323,0.5186,0.52404,0.53361
64.75,0.481262,0.00783,0.000248,0.46617,0.47571,0.48114,0.4865,0.49687,0.006089,0.00075,2.4e-5,0.00478,0.00554,0.00603,0.00656,0.00763,0.512649,0.00812,0.000257,0.49651,0.50732,0.51274,0.51834,0.52826,0.006089,0.00075,2.4e-5,0.00478,0.00554,0.00603,0.00656,0.00763,0.518738,0.00783,0.000248,0.50313,0.5135,0.51886,0.52429,0.53383
65.0,0.481018,0.00782,0.000247,0.46593,0.4755,0.48088,0.48625,0.49648,0.005957,0.00074,2.3e-5,0.00466,0.00542,0.00592,0.00644,0.00747,0.513025,0.0081,0.000256,0.49688,0.50771,0.51307,0.51869,0.52865,0.005957,0.00074,2.3e-5,0.00466,0.00542,0.00592,0.00644,0.00747,0.518982,0.00782,0.000247,0.50352,0.51375,0.51912,0.5245,0.53407
65.25,0.480777,0.0078,0.000247,0.46581,0.47526,0.48064,0.48598,0.49624,0.005832,0.00073,2.3e-5,0.00456,0.0053,0.00579,0.00632,0.00729,0.513391,0.00808,0.000255,0.4973,0.50809,0.51345,0.519,0.52899,0.005832,0.00073,2.3e-5,0.00456,0.0053,0.00579,0.00632,0.00729,0.519223,0.0078,0.000247,0.50376,0.51402,0.51937,0.52473,0.53419
65.5,0.480543,0.00778,0.000246,0.46562,0.47498,0.48042,0.48577,0.49601,0.005703,0.00072,2.3e-5,0.00446,0.00518,0.00566,0.00619,0.00714,0.513754,0.00806,0.000255,0.49773,0.50846,0.51377,0.51934,0.52927,0.005703,0.00072,2.3e-5,0.00446,0.00518,0.00566,0.00619,0.00714,0.519457,0.00778,0.000246,0.50399,0.51423,0.51958,0.52502,0.53438
65.75,0.480315,0.00777,0.000246,0.46545,0.47478,0.4802,0.48551,0.49577,0.005579,0.00071,2.2e-5,0.00436,0.00507,0.00553,0.00607,0.00695,0.514106,0.00804,0.000254,0.49809,0.50886,0.51414,0.51973,0.52957,0.005579,0.00071,2.2e-5,0.00436,0.00507,0.00553,0.00607,0.00695,0.519685,0.00777,0.000246,0.50423,0.51449,0.5198,0.52522,0.53455
66.0,0.480091,0.00776,0.000245,0.46526,0.47458,0.47994,0.48532,0.49555,0.005457,0.0007,2.2e-5,0.00425,0.00496,0.00543,0.00594,0.00686,0.514452,0.00803,0.000254,0.49839,0.50917,0.51443,0.52005,0.52989,0.005457,0.0007,2.2e-5,0.00425,0.00496,0.00543,0.00594,0.00686,0.519909,0.00776,0.000245,0.50445,0.51468,0.52005,0.52542,0.53474
66.25,0.479873,0.00774,0.000245,0.46514,0.47435,0.47974,0.48511,0.49525,0.00534,0.00069,2.2e-5,0.00413,0.00483,0.0053,0.00582,0.00671,0.514787,0.00801,0.000253,0.4989,0.5095,0.51481,0.52037,0.53016,0.00534,0.00069,2.2e-5,0.00413,0.00483,0.0053,0.00582,0.00671,0.520127,0.00774,0.000245,0.50475,0.51489,0.52025,0.52565,0.53486
66.5,0.47966,0.00773,0.000244,0.46496,0.47419,0.47954,0.48488,0.49509,0.005227,0.00068,2.2e-5,0.00401,0.00472,0.00519,0.0057,0.00662,0.515113,0.00799,0.000253,0.49923,0.50986,0.51516,0.52069,0.53043,0.005227,0.00068,2.2e-5,0.00401,0.00472,0.00519,0.0057,0.00662,0.52034,0.00773,0.000244,0.50491,0.51512,0.52046,0.52581,0.53504
66.75,0.479453,0.00772,0.000244,0.46482,0.47398,0.47934,0.48465,0.49485,0.00511,0.00067,2.1e-5,0.00395,0.00462,0.00507,0.00558,0.00646,0.515437,0.00797,0.000252,0.49958,0.51015,0.51546,0.52103,0.53071,0.00511,0.00067,2.1e-5,0.00395,0.00462,0.00507,0.00558,0.00646,0.520547,0.00772,0.000244,0.50515,0.51535,0.52066,0.52602,0.53518
67.0,0.479251,0.0077,0.000244,0.46465,0.47378,0.47916,0.48442,0.49466,0.004997,0.00066,2.1e-5,0.00384,0.00451,0.00496,0.00545,0.0063,0.515752,0.00796,0.000252,0.49984,0.5105,0.51584,0.5213,0.53102,0.004997,0.00066,2.1e-5,0.00384,0.00451,0.00496,0.00545,0.0063,0.520749,0.0077,0.000244,0.50534,0.51558,0.52084,0.52622,0.53535
67.25,0.479053,0.00769,0.000243,0.46445,0.47361,0.47899,0.48419,0.49447,0.004884,0.00065,2.1e-5,0.00372,0.00442,0.00485,0.00532,0.0062,0.516064,0.00794,0.000251,0.50021,0.51083,0.51615,0.52157,0.53133,0.004884,0.00065,2.1e-5,0.00372,0.00442,0.00485,0.00532,0.0062,0.520947,0.00769,0.000243,0.50553,0.51581,0.52101,0.52639,0.53555
67.5,0.478857,0.00768,0.000243,0.46423,0.47344,0.47878,0.48401,0.4943,0.004778,0.00064,2.0e-5,0.00363,0.00432,0.00473,0.00523,0.00609,0.516365,0.00792,0.00025,0.5005,0.51115,0.51645,0.52189,0.53169,0.004778,0.00064,2.0e-5,0.00363,0.00432,0.00473,0.00523,0.00609,0.521143,0.00768,0.000243,0.5057,0.51599,0.52122,0.52656,0.53577
67.75,0.478666,0.00767,0.000242,0.46406,0.4732,0.47857,0.48381,0.49411,0.004675,0.00063,2.0e-5,0.00354,0.00423,0.00464,0.00512,0.00593,0.516659,0.00791,0.00025,0.50087,0.51146,0.51674,0.52221,0.53191,0.004675,0.00063,2.0e-5,0.00354,0.00423,0.00464,0.00512,0.00593,0.521334,0.00767,0.000242,0.50589,0.51619,0.52143,0.5268,0.53594
68.0,0.478482,0.00766,0.000242,0.46393,0.47304,0.47841,0.48361,0.49388,0.004568,0.00063,2.0e-5,0.00345,0.00411,0.00453,0.005,0.00581,0.51695,0.00789,0.00025,0.50117,0.51174,0.51702,0.52252,0.5322,0.004568,0.00063,2.0e-5,0.00345,0.00411,0.00453,0.005,0.00581,0.521518,0.00766,0.000242,0.50612,0.51639,0.52159,0.52696,0.53607
68.25,0.4783,0.00764,0.000242,0.46381,0.47286,0.47825,0.48341,0.49371,0.004468,0.00061,1.9e-5,0.0034,0.00402,0.00444,0.00489,0.00569,0.517231,0.00788,0.000249,0.50157,0.51201,0.5173,0.52282,0.53247,0.004468,0.00061,1.9e-5,0.0034,0.00402,0.00444,0.00489,0.00569,0.5217,0.00764,0.000242,0.50629,0.51659,0.52175,0.52714,0.53619
68.5,0.478122,0.00763,0.000241,0.46366,0.47272,0.47808,0.48325,0.49355,0.004368,0.00061,1.9e-5,0.00332,0.00393,0.00433,0.00478,0.00559,0.51751,0.00786,0.000249,0.50187,0.51228,0.51764,0.52307,0.53276,0.004368,0.00061,1.9e-5,0.00332,0.00393,0.00433,0.00478,0.00559,0.521878,0.00763,0.000241,0.50645,0.51675,0.52192,0.52728,0.53634
68.75,0.477948,0.00762,0.000241,0.46346,0.47253,0.47794,0.48305,0.49335,0.004271,0.0006,1.9e-5,0.00321,0.00385,0.00422,0.00468,0.00549,0.517781,0.00785,0.000248,0.50211,0.51253,0.51789,0.52331,0.53297,0.004271,0.0006,1.9e-5,0.00321,0.00385,0.00422,0.00468,0.00549,0.522052,0.00762,0.000241,0.50665,0.51695,0.52205,0.52747,0.53654
69.0,0.477778,0.00761,0.000241,0.46333,0.47232,0.47778,0.48285,0.49317,0.004173,0.00059,1.9e-5,0.00314,0.00375,0.00414,0.00459,0.00533,0.518049,0.00783,0.000248,0.50241,0.51277,0.51816,0.52355,0.53329,0.004173,0.00059,1.9e-5,0.00314,0.00375,0.00414,0.00459,0.00533,0.522222,0.00761,0.000241,0.50683,0.51715,0.52222,0.52768,0.53667
69.25,0.477614,0.0076,0.00024,0.46318,0.47218,0.4776,0.48269,0.49299,0.00408,0.00058,1.8e-5,0.00306,0.00364,0.00405,0.00449,0.00521,0.518306,0.00782,0.000247,0.50269,0.51307,0.51838,0.52385,0.53344,0.00408,0.00058,1.8e-5,0.00306,0.00364,0.00405,0.00449,0.00521,0.522386,0.0076,0.00024,0.50701,0.51731,0.5224,0.52782,0.53682
69.5,0.477452,0.00759,0.00024,0.46308,0.47202,0.47748,0.48252,0.49281,0.003992,0.00057,1.8e-5,0.00301,0.00356,0.00396,0.0044,0.00513,0.518556,0.0078,0.000247,0.50292,0.5133,0.51864,0.5241,0.5336,0.003992,0.00057,1.8e-5,0.00301,0.00356,0.00396,0.0044,0.00513,0.522548,0.00759,0.00024,0.50719,0.51748,0.52252,0.52798,0.53692
69.75,0.477294,0.00758,0.00024,0.46297,0.47186,0.47732,0.48234,0.49263,0.003903,0.00056,1.8e-5,0.00295,0.00347,0.00388,0.0043,0.00506,0.518803,0.00779,0.000246,0.50321,0.51354,0.51892,0.52435,0.53382,0.003903,0.00056,1.8e-5,0.00295,0.00347,0.00388,0.0043,0.00506,0.522706,0.00758,0.00024,0.50737,0.51767,0.52268,0.52815,0.53703
70.0,0.477138,0.00757,0.000239,0.46286,0.4717,0.47719,0.48218,0.4925,0.003817,0.00056,1.8e-5,0.00284,0.0034,0.00378,0.00421,0.00496,0.519045,0.00777,0.000246,0.50356,0.51378,0.51913,0.52458,0.53408,0.003817,0.00056,1.8e-5,0.00284,0.0034,0.00378,0.00421,0.00496,0.522862,0.00757,0.000239,0.5075,0.51782,0.52281,0.52829,0.53714
70.25,0.476985,0.00755,0.000239,0.46276,0.47158,0.47702,0.48202,0.49232,0.003731,0.00055,1.7e-5,0.00277,0.00333,0.00372,0.00412,0.0049,0.519284,0.00776,0.000245,0.50382,0.51404,0.5194,0.52476,0.53425,0.003731,0.00055,1.7e-5,0.00277,0.00333,0.00372,0.00412,0.0049,0.523015,0.00755,0.000239,0.50768,0.51798,0.52298,0.52842,0.53724
70.5,0.476838,0.00755,0.000239,0.46256,0.4714,0.47693,0.48186,0.49218,0.003649,0.00054,1.7e-5,0.00271,0.00325,0.00362,0.00401,0.00479,0.519513,0.00775,0.000245,0.50411,0.51429,0.5196,0.525,0.53444,0.003649,0.00054,1.7e-5,0.00271,0.00325,0.00362,0.00401,0.00479,0.523162,0.00755,0.000239,0.50782,0.51814,0.52307,0.5286,0.53744
70.75,0.476695,0.00754,0.000238,0.46244,0.47126,0.47674,0.4817,0.49202,0.003566,0.00053,1.7e-5,0.00266,0.00317,0.00354,0.00392,0.00466,0.519739,0.00773,0.000244,0.5043,0.51452,0.51981,0.5252,0.53459,0.003566,0.00053,1.7e-5,0.00266,0.00317,0.00354,0.00392,0.00466,0.523305,0.00754,0.000238,0.50798,0.5183,0.52326,0.52874,0.53756
71.0,0.476555,0.00753,0.000238,0.46233,0.47115,0.4766,0.48158,0.49189,0.003487,0.00052,1.7e-5,0.00259,0.00311,0.00345,0.00385,0.00457,0.519958,0.00772,0.000244,0.50452,0.51474,0.52004,0.52543,0.53474,0.003487,0.00052,1.7e-5,0.00259,0.00311,0.00345,0.00385,0.00457,0.523445,0.00753,0.000238,0.50811,0.51842,0.5234,0.52885,0.53767
71.25,0.476419,0.00752,0.000238,0.46214,0.47102,0.47645,0.48144,0.49172,0.003407,0.00052,1.6e-5,0.00252,0.00303,0.00339,0.00376,0.00448,0.520174,0.0077,0.000244,0.5048,0.51497,0.52025,0.52563,0.53499,0.003407,0.00052,1.6e-5,0.00252,0.00303,0.00339,0.00376,0.00448,0.523581,0.00752,0.000238,0.50828,0.51856,0.52355,0.52898,0.53786
71.5,0.476284,0.00751,0.000237,0.46204,0.4709,0.47636,0.48126,0.49146,0.003333,0.00051,1.6e-5,0.00244,0.00295,0.00331,0.00368,0.00438,0.520383,0.00769,0.000243,0.50502,0.51519,0.52042,0.52582,0.53512,0.003333,0.00051,1.6e-5,0.00244,0.00295,0.00331,0.00368,0.00438,0.523716,0.00751,0.000237,0.50854,0.51873,0.52364,0.5291,0.53796
71.75,0.476157,0.00749,0.000237,0.46189,0.47076,0.47623,0.48111,0.49133,0.003253,0.0005,1.6e-5,0.00238,0.00289,0.00323,0.00361,0.00429,0.52059,0.00768,0.000243,0.50522,0.5154,0.52064,0.52599,0.53533,0.003253,0.0005,1.6e-5,0.00238,0.00289,0.00323,0.00361,0.00429,0.523843,0.00749,0.000237,0.50867,0.51889,0.52377,0.52924,0.53811
72.0,0.476029,0.00748,0.000237,0.46174,0.47064,0.47608,0.48097,0.49119,0.003179,0.0005,1.6e-5,0.00232,0.00281,0.00316,0.00353,0.0042,0.520791,0.00767,0.000242,0.50538,0.51561,0.52082,0.52622,0.53546,0.003179,0.0005,1.6e-5,0.00232,0.00281,0.00316,0.00353,0.0042,0.523971,0.00748,0.000237,0.50881,0.51903,0.52392,0.52936,0.53826
72.25,0.475906,0.00748,0.000236,0.46165,0.47053,0.47595,0.48085,0.49109,0.003106,0.00049,1.6e-5,0.00226,0.00275,0.00307,0.00344,0.00412,0.520988,0.00765,0.000242,0.50554,0.51585,0.521,0.5264,0.53568,0.003106,0.00049,1.6e-5,0.00226,0.00275,0.00307,0.00344,0.00412,0.524094,0.00748,0.000236,0.50891,0.51915,0.52405,0.52947,0.53835
72.5,0.475786,0.00747,0.000236,0.4615,0.47043,0.47581,0.4807,0.49096,0.003035,0.00049,1.5e-5,0.0022,0.00268,0.003,0.00336,0.00404,0.521179,0.00764,0.000242,0.50572,0.51605,0.52122,0.52662,0.5358,0.003035,0.00049,1.5e-5,0.0022,0.00268,0.003,0.00336,0.00404,0.524214,0.00747,0.000236,0.50904,0.5193,0.52419,0.52957,0.5385
72.75,0.475667,0.00746,0.000236,0.4614,0.47034,0.47568,0.48059,0.49085,0.002967,0.00048,1.5e-5,0.00215,0.00262,0.00294,0.00328,0.00397,0.521366,0.00763,0.000241,0.50593,0.51626,0.52137,0.52679,0.5359,0.002967,0.00048,1.5e-5,0.00215,0.00262,0.00294,0.00328,0.00397,0.524333,0.00746,0.000236,0.50915,0.51941,0.52432,0.52966,0.5386
73.0,0.475554,0.00745,0.000236,0.46126,0.47024,0.47557,0.48047,0.49077,0.002898,0.00047,1.5e-5,0.00209,0.00256,0.00286,0.00321,0.0039,0.521549,0.00762,0.000241,0.50613,0.51643,0.52154,0.52698,0.5361,0.002898,0.00047,1.5e-5,0.00209,0.00256,0.00286,0.00321,0.0039,0.524446,0.00745,0.000236,0.50923,0.51953,0.52443,0.52976,0.53874
73.25,0.475441,0.00744,0.000235,0.4611,0.47014,0.47546,0.48038,0.49066,0.002831,0.00046,1.5e-5,0.00204,0.00249,0.0028,0.00313,0.00383,0.521728,0.00761,0.000241,0.50627,0.51663,0.52173,0.52716,0.53619,0.002831,0.00046,1.5e-5,0.00204,0.00249,0.0028,0.00313,0.00383,0.524559,0.00744,0.000235,0.50934,0.51962,0.52454,0.52986,0.5389
73.5,0.47533,0.00743,0.000235,0.46097,0.47,0.47537,0.48028,0.49054,0.002765,0.00046,1.5e-5,0.00197,0.00243,0.00273,0.00307,0.00376,0.521905,0.0076,0.00024,0.50648,0.5168,0.5219,0.5273,0.53633,0.002765,0.00046,1.5e-5,0.00197,0.00243,0.00273,0.00307,0.00376,0.52467,0.00743,0.000235,0.50946,0.51972,0.52463,0.53,0.53903
73.75,0.475223,0.00742,0.000235,0.4609,0.46992,0.47528,0.48014,0.49039,0.002701,0.00046,1.4e-5,0.0019,0.00236,0.00267,0.00299,0.00367,0.522076,0.00759,0.00024,0.5067,0.51697,0.52206,0.52751,0.53652,0.002701,0.00046,1.4e-5,0.0019,0.00236,0.00267,0.00299,0.00367,0.524777,0.00742,0.000235,0.50961,0.51986,0.52472,0.53008,0.5391
74.0,0.475118,0.00742,0.000235,0.46082,0.46982,0.47516,0.48004,0.49016,0.00264,0.00045,1.4e-5,0.00185,0.00231,0.00261,0.00294,0.00357,0.522241,0.00758,0.00024,0.50688,0.51716,0.52222,0.52767,0.53664,0.00264,0.00045,1.4e-5,0.00185,0.00231,0.00261,0.00294,0.00357,0.524882,0.00742,0.000235,0.50984,0.51996,0.52483,0.53018,0.53918
74.25,0.475016,0.00741,0.000234,0.46073,0.46971,0.47504,0.47992,0.49007,0.002579,0.00045,1.4e-5,0.00181,0.00226,0.00254,0.00288,0.00351,0.522405,0.00757,0.000239,0.507,0.51732,0.52235,0.52785,0.53681,0.002579,0.00045,1.4e-5,0.00181,0.00226,0.00254,0.00288,0.00351,0.524984,0.00741,0.000234,0.50993,0.52008,0.52496,0.53029,0.53927
74.5,0.474917,0.0074,0.000234,0.46066,0.46964,0.47494,0.47982,0.48989,0.002517,0.00044,1.4e-5,0.00176,0.00219,0.00249,0.00281,0.00346,0.522565,0.00755,0.000239,0.50716,0.51752,0.5225,0.52801,0.53691,0.002517,0.00044,1.4e-5,0.00176,0.00219,0.00249,0.00281,0.00346,0.525083,0.0074,0.000234,0.51011,0.52018,0.52506,0.53037,0.53934
74.75,0.474818,0.00739,0.000234,0.4606,0.46954,0.47481,0.47969,0.48978,0.002461,0.00043,1.4e-5,0.00169,0.00215,0.00242,0.00275,0.00337,0.522721,0.00754,0.000239,0.50735,0.51767,0.52267,0.52816,0.53701,0.002461,0.00043,1.4e-5,0.00169,0.00215,0.00242,0.00275,0.00337,0.525182,0.00739,0.000234,0.51022,0.52031,0.52519,0.53046,0.5394
75.0,0.474723,0.00739,0.000234,0.46055,0.46946,0.47473,0.47955,0.48968,0.002405,0.00043,1.3e-5,0.00164,0.0021,0.00236,0.00268,0.00329,0.522872,0.00753,0.000238,0.50754,0.51781,0.52283,0.52831,0.53715,0.002405,0.00043,1.3e-5,0.00164,0.0021,0.00236,0.00268,0.00329,0.525277,0.00739,0.000234,0.51032,0.52045,0.52527,0.53054,0.53945
75.25,0.47463,0.00738,0.000233,0.46044,0.46938,0.47466,0.47946,0.48955,0.002351,0.00042,1.3e-5,0.00159,0.00206,0.00232,0.00263,0.00323,0.523019,0.00752,0.000238,0.5077,0.51798,0.523,0.52847,0.53729,0.002351,0.00042,1.3e-5,0.00159,0.00206,0.00232,0.00263,0.00323,0.52537,0.00738,0.000233,0.51045,0.52054,0.52534,0.53062,0.53956
75.5,0.474538,0.00737,0.000233,0.46035,0.46926,0.47456,0.47941,0.48947,0.002296,0.00042,1.3e-5,0.00154,0.00201,0.00226,0.00257,0.00322,0.523166,0.00752,0.000238,0.50793,0.51815,0.52314,0.52859,0.53742,0.002296,0.00042,1.3e-5,0.00154,0.00201,0.00226,0.00257,0.00322,0.525462,0.00737,0.000233,0.51053,0.52059,0.52544,0.53073,0.53965
75.75,0.47445,0.00736,0.000233,0.46026,0.46919,0.47449,0.47936,0.48942,0.002243,0.00041,1.3e-5,0.00151,0.00196,0.00221,0.00251,0.00313,0.523307,0.00751,0.000237,0.50813,0.51829,0.52324,0.52874,0.53758,0.002243,0.00041,1.3e-5,0.00151,0.00196,0.00221,0.00251,0.00313,0.52555,0.00736,0.000233,0.51058,0.52064,0.52551,0.53081,0.53974
76.0,0.474362,0.00736,0.000233,0.46019,0.46912,0.47442,0.47925,0.48933,0.002193,0.00041,1.3e-5,0.00147,0.00191,0.00216,0.00245,0.00307,0.523445,0.0075,0.000237,0.50831,0.51842,0.5234,0.52886,0.53777,0.002193,0.00041,1.3e-5,0.00147,0.00191,0.00216,0.00245,0.00307,0.525638,0.00736,0.000233,0.51067,0.52075,0.52558,0.53088,0.53981
76.25,0.474275,0.00735,0.000232,0.46013,0.46904,0.47432,0.47917,0.48921,0.002145,0.0004,1.3e-5,0.00143,0.00187,0.0021,0.00241,0.00299,0.52358,0.00749,0.000237,0.50845,0.51859,0.52351,0.52896,0.53789,0.002145,0.0004,1.3e-5,0.00143,0.00187,0.0021,0.00241,0.00299,0.525725,0.00735,0.000232,0.51079,0.52083,0.52568,0.53096,0.53987
76.5,0.474192,0.00734,0.000232,0.46008,0.46896,0.47426,0.4791,0.4891,0.002096,0.0004,1.3e-5,0.0014,0.00182,0.00205,0.00236,0.00295,0.523712,0.00748,0.000237,0.5086,0.51872,0.52365,0.5291,0.53804,0.002096,0.0004,1.3e-5,0.0014,0.00182,0.00205,0.00236,0.00295,0.525808,0.00734,0.000232,0.5109,0.5209,0.52574,0.53104,0.53992
76.75,0.474111,0.00733,0.000232,0.46001,0.46888,0.47419,0.47903,0.48895,0.00205,0.00039,1.2e-5,0.00137,0.00179,0.002,0.0023,0.00291,0.523839,0.00747,0.000236,0.50874,0.51886,0.52379,0.52924,0.53812,0.00205,0.00039,1.2e-5,0.00137,0.00179,0.002,0.0023,0.00291,0.525889,0.00733,0.000232,0.51105,0.52097,0.52581,0.53112,0.53999
77.0,0.474032,0.00733,0.000232,0.45992,0.46883,0.47411,0.47896,0.48884,0.002005,0.00038,1.2e-5,0.00134,0.00173,0.00196,0.00225,0.00285,0.523963,0.00746,0.000236,0.50886,0.51896,0.52393,0.52936,0.53825,0.002005,0.00038,1.2e-5,0.00134,0.00173,0.00196,0.00225,0.00285,0.525968,0.00733,0.000232,0.51116,0.52104,0.52589,0.53117,0.54008
77.25,0.473956,0.00732,0.000232,0.45988,0.46878,0.47402,0.47884,0.48874,0.001957,0.00038,1.2e-5,0.00131,0.0017,0.00192,0.00221,0.0028,0.524087,0.00745,0.000236,0.50894,0.51908,0.52404,0.52947,0.53839,0.001957,0.00038,1.2e-5,0.00131,0.0017,0.00192,0.00221,0.0028,0.526044,0.00732,0.000232,0.51126,0.52116,0.52598,0.53122,0.54012
77.5,0.473882,0.00732,0.000231,0.45979,0.46871,0.47394,0.47878,0.48862,0.001911,0.00037,1.2e-5,0.00128,0.00165,0.00187,0.00216,0.00275,0.524207,0.00744,0.000235,0.50905,0.51923,0.52414,0.52957,0.5385,0.001911,0.00037,1.2e-5,0.00128,0.00165,0.00187,0.00216,0.00275,0.526118,0.00732,0.000231,0.51138,0.52122,0.52606,0.53129,0.54021
77.75,0.473808,0.00731,0.000231,0.45972,0.46865,0.47386,0.47872,0.48852,0.001865,0.00037,1.2e-5,0.00125,0.0016,0.00183,0.00211,0.00269,0.524327,0.00744,0.000235,0.50917,0.51938,0.52429,0.52969,0.53863,0.001865,0.00037,1.2e-5,0.00125,0.0016,0.00183,0.00211,0.00269,0.526192,0.00731,0.000231,0.51148,0.52128,0.52614,0.53135,0.54028
78.0,0.473737,0.0073,0.000231,0.45966,0.46858,0.47382,0.4786,0.48846,0.001821,0.00036,1.1e-5,0.00121,0.00157,0.00178,0.00205,0.00263,0.524442,0.00743,0.000235,0.50933,0.51948,0.5244,0.52981,0.53879,0.001821,0.00036,1.1e-5,0.00121,0.00157,0.00178,0.00205,0.00263,0.526263,0.0073,0.000231,0.51154,0.5214,0.52618,0.53142,0.54034
78.25,0.473667,0.0073,0.000231,0.45962,0.46849,0.47377,0.47849,0.48839,0.001776,0.00036,1.1e-5,0.00117,0.00153,0.00174,0.002,0.00256,0.524557,0.00742,0.000235,0.50947,0.51957,0.52453,0.5299,0.53885,0.001776,0.00036,1.1e-5,0.00117,0.00153,0.00174,0.002,0.00256,0.526333,0.0073,0.000231,0.51161,0.52151,0.52623,0.53151,0.54038
78.5,0.473598,0.00729,0.000231,0.45959,0.46844,0.4737,0.47846,0.48833,0.001737,0.00036,1.1e-5,0.00113,0.00149,0.0017,0.00196,0.00253,0.524666,0.00741,0.000234,0.5096,0.51973,0.52462,0.52999,0.53896,0.001737,0.00036,1.1e-5,0.00113,0.00149,0.0017,0.00196,0.00253,0.526402,0.00729,0.000231,0.51167,0.52154,0.5263,0.53157,0.54041
78.75,0.473532,0.00728,0.00023,0.45953,0.46838,0.47362,0.4784,0.48825,0.001694,0.00035,1.1e-5,0.00108,0.00145,0.00166,0.00192,0.00247,0.524774,0.00741,0.000234,0.50974,0.5198,0.52472,0.5301,0.53906,0.001694,0.00035,1.1e-5,0.00108,0.00145,0.00166,0.00192,0.00247,0.526468,0.00728,0.00023,0.51175,0.5216,0.52638,0.53162,0.54047
79.0,0.473465,0.00728,0.00023,0.45949,0.46832,0.47354,0.47835,0.48817,0.001656,0.00034,1.1e-5,0.00107,0.00142,0.00162,0.00186,0.00241,0.524878,0.0074,0.000234,0.50982,0.51992,0.52482,0.53019,0.53913,0.001656,0.00034,1.1e-5,0.00107,0.00142,0.00162,0.00186,0.00241,0.526535,0.00728,0.00023,0.51183,0.52165,0.52646,0.53168,0.54051
79.25,0.473402,0.00728,0.00023,0.45946,0.46823,0.47352,0.47826,0.48809,0.001618,0.00034,1.1e-5,0.00104,0.00138,0.00158,0.00183,0.00237,0.524981,0.00739,0.000234,0.50995,0.52004,0.52491,0.53028,0.53923,0.001618,0.00034,1.1e-5,0.00104,0.00138,0.00158,0.00183,0.00237,0.526598,0.00728,0.00023,0.51191,0.52174,0.52648,0.53177,0.54054
79.5,0.473339,0.00727,0.00023,0.45944,0.46817,0.47346,0.4782,0.48803,0.001581,0.00034,1.1e-5,0.001,0.00134,0.00155,0.00179,0.00236,0.52508,0.00738,0.000233,0.5101,0.52011,0.52502,0.53035,0.53934,0.001581,0.00034,1.1e-5,0.001,0.00134,0.00155,0.00179,0.00236,0.526661,0.00727,0.00023,0.51197,0.5218,0.52654,0.53183,0.54056
79.75,0.47328,0.00727,0.00023,0.45939,0.46815,0.4734,0.47812,0.48798,0.001542,0.00033,1.1e-5,0.00097,0.00131,0.00151,0.00175,0.00229,0.525178,0.00738,0.000233,0.51025,0.52022,0.52512,0.53045,0.53941,0.001542,0.00033,1.1e-5,0.00097,0.00131,0.00151,0.00175,0.00229,0.52672,0.00727,0.00023,0.51202,0.52188,0.5266,0.53185,0.54061
80.0,0.47322,0.00726,0.00023,0.45934,0.46811,0.47332,0.47808,0.4879,0.001507,0.00033,1.0e-5,0.00095,0.00128,0.00147,0.00171,0.00222,0.525273,0.00737,0.000233,0.51034,0.52038,0.52523,0.53052,0.53948,0.001507,0.00033,1.0e-5,0.00095,0.00128,0.00147,0.00171,0.00222,0.52678,0.00726,0.00023,0.5121,0.52192,0.52668,0.53189,0.54066
80.25,0.473162,0.00726,0.000229,0.45927,0.46806,0.47327,0.47802,0.48782,0.001472,0.00032,1.0e-5,0.00092,0.00124,0.00144,0.00166,0.00219,0.525365,0.00736,0.000233,0.51044,0.52046,0.52533,0.53063,0.53956,0.001472,0.00032,1.0e-5,0.00092,0.00124,0.00144,0.00166,0.00219,0.526838,0.00726,0.000229,0.51217,0.52198,0.52673,0.53194,0.54073
80.5,0.473107,0.00725,0.000229,0.45924,0.46803,0.47322,0.47797,0.48776,0.001438,0.00032,1.0e-5,0.00088,0.00121,0.00141,0.00163,0.00214,0.525455,0.00736,0.000233,0.51058,0.52056,0.52543,0.5307,0.53966,0.001438,0.00032,1.0e-5,0.00088,0.00121,0.00141,0.00163,0.00214,0.526893,0.00725,0.000229,0.51224,0.52203,0.52679,0.53197,0.54076
80.75,0.473053,0.00725,0.000229,0.45916,0.46796,0.47317,0.47792,0.48772,0.001403,0.00031,1.0e-5,0.00086,0.00118,0.00137,0.00159,0.00208,0.525544,0.00735,0.000232,0.51066,0.52062,0.52551,0.53076,0.53975,0.001403,0.00031,1.0e-5,0.00086,0.00118,0.00137,0.00159,0.00208,0.526947,0.00725,0.000229,0.51228,0.52208,0.52683,0.53204,0.54084
81.0,0.472999,0.00724,0.000229,0.45913,0.46792,0.47312,0.47787,0.48764,0.00137,0.00031,1.0e-5,0.00083,0.00115,0.00134,0.00156,0.00205,0.525631,0.00734,0.000232,0.51074,0.52072,0.52559,0.53083,0.53981,0.00137,0.00031,1.0e-5,0.00083,0.00115,0.00134,0.00156,0.00205,0.527001,0.00724,0.000229,0.51236,0.52213,0.52688,0.53208,0.54087
81.25,0.472947,0.00724,0.000229,0.45909,0.46787,0.47306,0.47783,0.48757,0.001338,0.0003,1.0e-5,0.00082,0.00112,0.00131,0.00153,0.002,0.525714,0.00734,0.000232,0.51084,0.52085,0.52568,0.53091,0.53989,0.001338,0.0003,1.0e-5,0.00082,0.00112,0.00131,0.00153,0.002,0.527053,0.00724,0.000229,0.51243,0.52217,0.52694,0.53213,0.54091
81.5,0.472896,0.00723,0.000229,0.45904,0.46784,0.47298,0.47778,0.48751,0.001306,0.0003,9.0e-6,0.0008,0.0011,0.00128,0.00148,0.00197,0.525798,0.00733,0.000232,0.51088,0.52096,0.52575,0.531,0.53998,0.001306,0.0003,9.0e-6,0.0008,0.0011,0.00128,0.00148,0.00197,0.527104,0.00723,0.000229,0.51249,0.52222,0.52702,0.53216,0.54096
81.75,0.472845,0.00723,0.000229,0.45898,0.46779,0.47293,0.4777,0.48745,0.001276,0.00029,9.0e-6,0.00078,0.00107,0.00125,0.00146,0.00195,0.525878,0.00732,0.000232,0.51103,0.52102,0.52581,0.53112,0.54005,0.001276,0.00029,9.0e-6,0.00078,0.00107,0.00125,0.00146,0.00195,0.527155,0.00723,0.000229,0.51255,0.5223,0.52707,0.53221,0.54102
82.0,0.472796,0.00722,0.000228,0.45893,0.46774,0.47289,0.4776,0.48736,0.001246,0.00029,9.0e-6,0.00076,0.00105,0.00122,0.00142,0.0019,0.525958,0.00732,0.000231,0.51104,0.52109,0.52588,0.53118,0.5401,0.001246,0.00029,9.0e-6,0.00076,0.00105,0.00122,0.00142,0.0019,0.527204,0.00722,0.000228,0.51264,0.5224,0.52711,0.53226,0.54107
82.25,0.472749,0.00722,0.000228,0.45889,0.4677,0.47286,0.47754,0.4873,0.001216,0.00028,9.0e-6,0.00073,0.00101,0.00119,0.00139,0.00185,0.526035,0.00731,0.000231,0.5111,0.52117,0.52594,0.53126,0.54014,0.001216,0.00028,9.0e-6,0.00073,0.00101,0.00119,0.00139,0.00185,0.527251,0.00722,0.000228,0.5127,0.52246,0.52714,0.5323,0.54111
82.5,0.472703,0.00722,0.000228,0.45888,0.46766,0.47282,0.47748,0.48718,0.001186,0.00028,9.0e-6,0.0007,0.00099,0.00116,0.00136,0.00183,0.526111,0.00731,0.000231,0.51125,0.52121,0.52604,0.53129,0.5402,0.001186,0.00028,9.0e-6,0.0007,0.00099,0.00116,0.00136,0.00183,0.527297,0.00722,0.000228,0.51282,0.52252,0.52718,0.53234,0.54112
82.75,0.472657,0.00721,0.000228,0.45887,0.46763,0.47275,0.47744,0.48706,0.00116,0.00028,9.0e-6,0.00069,0.00097,0.00113,0.00133,0.0018,0.526183,0.0073,0.000231,0.5113,0.52129,0.5261,0.53134,0.54023,0.00116,0.00028,9.0e-6,0.00069,0.00097,0.00113,0.00133,0.0018,0.527343,0.00721,0.000228,0.51294,0.52256,0.52725,0.53237,0.54113
83.0,0.472612,0.00721,0.000228,0.45884,0.46761,0.4727,0.47742,0.48696,0.001133,0.00027,9.0e-6,0.00066,0.00094,0.00111,0.0013,0.00178,0.526255,0.00729,0.000231,0.51138,0.52139,0.52615,0.53142,0.54025,0.001133,0.00027,9.0e-6,0.00066,0.00094,0.00111,0.0013,0.00178,0.527388,0.00721,0.000228,0.51304,0.52258,0.5273,0.53239,0.54116
83.25,0.472568,0.00721,0.000228,0.45881,0.46758,0.47266,0.47739,0.48681,0.001107,0.00027,8.0e-6,0.00065,0.00092,0.00108,0.00128,0.00172,0.526325,0.00729,0.00023,0.51148,0.52142,0.5262,0.53147,0.54031,0.001107,0.00027,8.0e-6,0.00065,0.00092,0.00108,0.00128,0.00172,0.527432,0.00721,0.000228,0.51319,0.52261,0.52734,0.53242,0.54119
83.5,0.472527,0.0072,0.000228,0.45879,0.46754,0.47262,0.47737,0.48677,0.001079,0.00026,8.0e-6,0.00063,0.00089,0.00106,0.00124,0.00167,0.526394,0.00728,0.00023,0.51159,0.52149,0.52628,0.53154,0.54036,0.001079,0.00026,8.0e-6,0.00063,0.00089,0.00106,0.00124,0.00167,0.527473,0.0072,0.000228,0.51323,0.52263,0.52737,0.53246,0.54121
83.75,0.472486,0.0072,0.000228,0.45877,0.4675,0.47259,0.47733,0.48669,0.001055,0.00026,8.0e-6,0.00062,0.00088,0.00104,0.00121,0.00163,0.526459,0.00728,0.00023,0.51171,0.52155,0.52633,0.5316,0.54041,0.001055,0.00026,8.0e-6,0.00062,0.00088,0.00104,0.00121,0.00163,0.527514,0.0072,0.000228,0.51331,0.52267,0.52741,0.53249,0.54123
84.0,0.472446,0.0072,0.000228,0.45873,0.46748,0.47254,0.47731,0.48663,0.00103,0.00025,8.0e-6,0.00059,0.00086,0.00101,0.00119,0.00159,0.526524,0.00727,0.00023,0.51177,0.52162,0.52639,0.53164,0.54044,0.00103,0.00025,8.0e-6,0.00059,0.00086,0.00101,0.00119,0.00159,0.527554,0.0072,0.000228,0.51337,0.52269,0.52746,0.53252,0.54127
84.25,0.472408,0.00719,0.000227,0.4587,0.46744,0.4725,0.47728,0.48657,0.001006,0.00025,8.0e-6,0.00058,0.00083,0.00098,0.00116,0.00156,0.526587,0.00727,0.00023,0.51187,0.52169,0.52647,0.53168,0.54049,0.001006,0.00025,8.0e-6,0.00058,0.00083,0.00098,0.00116,0.00156,0.527592,0.00719,0.000227,0.51343,0.52272,0.5275,0.53256,0.5413
84.5,0.47237,0.00719,0.000227,0.45868,0.4674,0.47247,0.47724,0.48655,0.000979,0.00025,8.0e-6,0.00056,0.00081,0.00095,0.00112,0.00153,0.526651,0.00726,0.00023,0.51199,0.5218,0.52655,0.53173,0.54053,0.000979,0.00025,8.0e-6,0.00056,0.00081,0.00095,0.00112,0.00153,0.52763,0.00719,0.000227,0.51345,0.52276,0.52753,0.5326,0.54132
84.75,0.472333,0.00719,0.000227,0.45866,0.46733,0.47244,0.47718,0.48654,0.000956,0.00024,8.0e-6,0.00054,0.00079,0.00094,0.00109,0.00151,0.526711,0.00726,0.00023,0.51203,0.52185,0.52662,0.53179,0.54061,0.000956,0.00024,8.0e-6,0.00054,0.00079,0.00094,0.00109,0.00151,0.527667,0.00719,0.000227,0.51346,0.52282,0.52756,0.53267,0.54134
85.0,0.472296,0.00719,0.000227,0.45864,0.46729,0.47241,0.47717,0.48651,0.000933,0.00024,8.0e-6,0.00053,0.00076,0.00091,0.00107,0.00149,0.52677,0.00725,0.000229,0.51212,0.52191,0.52669,0.53182,0.54063,0.000933,0.00024,8.0e-6,0.00053,0.00076,0.00091,0.00107,0.00149,0.527704,0.00719,0.000227,0.51349,0.52283,0.52759,0.53271,0.54136
85.25,0.472261,0.00718,0.000227,0.45861,0.46726,0.47238,0.47712,0.48644,0.00091,0.00024,8.0e-6,0.00052,0.00075,0.00088,0.00105,0.00146,0.526829,0.00725,0.000229,0.51224,0.52198,0.52675,0.5319,0.54067,0.00091,0.00024,8.0e-6,0.00052,0.00075,0.00088,0.00105,0.00146,0.527739,0.00718,0.000227,0.51356,0.52288,0.52762,0.53274,0.54139
85.5,0.472226,0.00718,0.000227,0.45859,0.4672,0.47233,0.47708,0.48642,0.00089,0.00023,7.0e-6,0.0005,0.00072,0.00087,0.00103,0.00143,0.526885,0.00724,0.000229,0.51234,0.52207,0.5268,0.53196,0.54069,0.00089,0.00023,7.0e-6,0.0005,0.00072,0.00087,0.00103,0.00143,0.527774,0.00718,0.000227,0.51358,0.52292,0.52767,0.5328,0.54141
85.75,0.472192,0.00718,0.000227,0.45857,0.46718,0.4723,0.47706,0.48639,0.000868,0.00023,7.0e-6,0.00049,0.00071,0.00084,0.001,0.00138,0.52694,0.00724,0.000229,0.51241,0.52214,0.52686,0.53201,0.54075,0.000868,0.00023,7.0e-6,0.00049,0.00071,0.00084,0.001,0.00138,0.527808,0.00718,0.000227,0.51361,0.52294,0.5277,0.53282,0.54143
86.0,0.472159,0.00718,0.000227,0.45856,0.46715,0.47226,0.47704,0.48638,0.000847,0.00023,7.0e-6,0.00047,0.00068,0.00083,0.00098,0.00134,0.526994,0.00723,0.000229,0.51248,0.52219,0.5269,0.53207,0.54081,0.000847,0.00023,7.0e-6,0.00047,0.00068,0.00083,0.00098,0.00134,0.527841,0.00718,0.000227,0.51362,0.52296,0.52774,0.53285,0.54144
86.25,0.472127,0.00717,0.000227,0.45851,0.46713,0.47222,0.477,0.48632,0.000827,0.00022,7.0e-6,0.00046,0.00067,0.00081,0.00096,0.00133,0.527046,0.00723,0.000229,0.51251,0.52226,0.52695,0.53214,0.54089,0.000827,0.00022,7.0e-6,0.00046,0.00067,0.00081,0.00096,0.00133,0.527873,0.00717,0.000227,0.51368,0.523,0.52778,0.53287,0.54149
86.5,0.472096,0.00717,0.000227,0.45848,0.46711,0.4722,0.47696,0.48627,0.000807,0.00022,7.0e-6,0.00044,0.00065,0.00079,0.00093,0.0013,0.527097,0.00723,0.000229,0.51261,0.52232,0.527,0.5322,0.5409,0.000807,0.00022,7.0e-6,0.00044,0.00065,0.00079,0.00093,0.0013,0.527904,0.00717,0.000227,0.51373,0.52304,0.5278,0.53289,0.54152
86.75,0.472065,0.00717,0.000227,0.45846,0.46708,0.47216,0.47691,0.48626,0.000787,0.00022,7.0e-6,0.00042,0.00064,0.00077,0.00091,0.00127,0.527147,0.00723,0.000228,0.51269,0.52236,0.52704,0.53223,0.54092,0.000787,0.00022,7.0e-6,0.00042,0.00064,0.00077,0.00091,0.00127,0.527935,0.00717,0.000227,0.51374,0.52309,0.52784,0.53292,0.54154
87.0,0.472036,0.00717,0.000227,0.45846,0.46706,0.47215,0.47688,0.48623,0.00077,0.00022,7.0e-6,0.00041,0.00062,0.00076,0.0009,0.00124,0.527194,0.00722,0.000228,0.51276,0.52241,0.5271,0.53228,0.54095,0.00077,0.00022,7.0e-6,0.00041,0.00062,0.00076,0.0009,0.00124,0.527964,0.00717,0.000227,0.51377,0.52312,0.52785,0.53294,0.54154
87.25,0.472008,0.00716,0.000227,0.45846,0.46704,0.4721,0.47682,0.48623,0.000749,0.00021,7.0e-6,0.00039,0.00061,0.00073,0.00087,0.00124,0.527243,0.00722,0.000228,0.51284,0.52244,0.52716,0.5323,0.54097,0.000749,0.00021,7.0e-6,0.00039,0.00061,0.00073,0.00087,0.00124,0.527992,0.00716,0.000227,0.51377,0.52318,0.5279,0.53296,0.54154
87.5,0.471979,0.00716,0.000226,0.45844,0.46704,0.47209,0.47681,0.48619,0.000732,0.00021,7.0e-6,0.00039,0.00059,0.00071,0.00085,0.00121,0.527289,0.00721,0.000228,0.5129,0.5225,0.52723,0.53234,0.54102,0.000732,0.00021,7.0e-6,0.00039,0.00059,0.00071,0.00085,0.00121,0.528021,0.00716,0.000226,0.51381,0.52319,0.52791,0.53296,0.54156
87.75,0.471952,0.00716,0.000226,0.45842,0.46701,0.47207,0.47679,0.48616,0.000713,0.00021,7.0e-6,0.00037,0.00057,0.00069,0.00083,0.00118,0.527335,0.00721,0.000228,0.51298,0.52256,0.52727,0.53238,0.54107,0.000713,0.00021,7.0e-6,0.00037,0.00057,0.00069,0.00083,0.00118,0.528048,0.00716,0.000226,0.51384,0.52321,0.52793,0.53299,0.54158
88.0,0.471926,0.00716,0.000226,0.45839,0.467,0.47204,0.47676,0.48615,0.000695,0.0002,6.0e-6,0.00036,0.00055,0.00067,0.00081,0.00116,0.527379,0.00721,0.000228,0.513,0.52258,0.52732,0.53242,0.54111,0.000695,0.0002,6.0e-6,0.00036,0.00055,0.00067,0.00081,0.00116,0.528074,0.00716,0.000226,0.51385,0.52324,0.52796,0.533,0.54161
88.25,0.471899,0.00715,0.000226,0.45837,0.46698,0.47201,0.47674,0.4861,0.000678,0.0002,6.0e-6,0.00034,0.00054,0.00065,0.0008,0.00112,0.527423,0.0072,0.000228,0.51309,0.52262,0.52734,0.53247,0.54112,0.000678,0.0002,6.0e-6,0.00034,0.00054,0.00065,0.0008,0.00112,0.528101,0.00715,0.000226,0.5139,0.52326,0.52798,0.53302,0.54163
88.5,0.471874,0.00715,0.000226,0.45834,0.46694,0.472,0.47672,0.48604,0.000662,0.0002,6.0e-6,0.00034,0.00053,0.00065,0.00077,0.00109,0.527464,0.0072,0.000228,0.51313,0.52264,0.52741,0.53248,0.54114,0.000662,0.0002,6.0e-6,0.00034,0.00053,0.00065,0.00077,0.00109,0.528126,0.00715,0.000226,0.51396,0.52327,0.528,0.53306,0.54166
88.75,0.471849,0.00715,0.000226,0.45832,0.46692,0.47196,0.47669,0.48602,0.000646,0.00019,6.0e-6,0.00032,0.00051,0.00063,0.00076,0.00109,0.527504,0.0072,0.000228,0.51316,0.52268,0.52744,0.53253,0.54117,0.000646,0.00019,6.0e-6,0.00032,0.00051,0.00063,0.00076,0.00109,0.528151,0.00715,0.000226,0.51398,0.52331,0.52804,0.53308,0.54168
89.0,0.471824,0.00715,0.000226,0.45828,0.4669,0.47194,0.47666,0.48595,0.000632,0.00019,6.0e-6,0.00031,0.0005,0.00061,0.00074,0.00106,0.527544,0.00719,0.000228,0.51326,0.5227,0.52748,0.53255,0.54123,0.000632,0.00019,6.0e-6,0.00031,0.0005,0.00061,0.00074,0.00106,0.528176,0.00715,0.000226,0.51405,0.52335,0.52806,0.5331,0.54172
89.25,0.471801,0.00715,0.000226,0.45827,0.46688,0.4719,0.47664,0.48595,0.000616,0.00019,6.0e-6,0.0003,0.00049,0.0006,0.00073,0.00104,0.527583,0.00719,0.000227,0.51336,0.52272,0.52753,0.53258,0.54126,0.000616,0.00019,6.0e-6,0.0003,0.00049,0.0006,0.00073,0.00104,0.528199,0.00715,0.000226,0.51405,0.52336,0.5281,0.53312,0.54173
89.5,0.471778,0.00714,0.000226,0.45827,0.46686,0.47189,0.47659,0.48591,0.000602,0.00019,6.0e-6,0.00029,0.00047,0.00058,0.00071,0.001,0.527621,0.00719,0.000227,0.51343,0.5228,0.52757,0.5326,0.54129,0.000602,0.00019,6.0e-6,0.00029,0.00047,0.00058,0.00071,0.001,0.528222,0.00714,0.000226,0.51409,0.52341,0.52811,0.53314,0.54173
89.75,0.471755,0.00714,0.000226,0.45825,0.46684,0.47186,0.47654,0.48588,0.000587,0.00018,6.0e-6,0.00028,0.00046,0.00057,0.0007,0.00098,0.527658,0.00718,0.000227,0.51348,0.52284,0.5276,0.53265,0.54131,0.000587,0.00018,6.0e-6,0.00028,0.00046,0.00057,0.0007,0.00098,0.528245,0.00714,0.000226,0.51412,0.52346,0.52814,0.53316,0.54175
90.0,0.471732,0.00714,0.000226,0.45825,0.4668,0.47182,0.47652,0.48581,0.000574,0.00018,6.0e-6,0.00026,0.00045,0.00056,0.00068,0.00096,0.527695,0.00718,0.000227,0.51355,0.52287,0.52761,0.53267,0.54135,0.000574,0.00018,6.0e-6,0.00026,0.00045,0.00056,0.00068,0.00096,0.528268,0.00714,0.000226,0.51419,0.52348,0.52818,0.5332,0.54175
90.25,0.47171,0.00714,0.000226,0.45825,0.46678,0.4718,0.47651,0.48576,0.000561,0.00018,6.0e-6,0.00026,0.00043,0.00054,0.00068,0.00094,0.527729,0.00718,0.000227,0.51357,0.52289,0.52764,0.53269,0.54138,0.000561,0.00018,6.0e-6,0.00026,0.00043,0.00054,0.00068,0.00094,0.52829,0.00714,0.000226,0.51424,0.52349,0.5282,0.53323,0.54175
90.5,0.471689,0.00714,0.000226,0.45825,0.46677,0.47178,0.47648,0.48574,0.000546,0.00017,6.0e-6,0.00026,0.00042,0.00053,0.00066,0.00094,0.527765,0.00718,0.000227,0.5136,0.52292,0.5277,0.53272,0.54138,0.000546,0.00017,6.0e-6,0.00026,0.00042,0.00053,0.00066,0.00094,0.528311,0.00714,0.000226,0.51426,0.52352,0.52822,0.53323,0.54175
90.75,0.471668,0.00714,0.000226,0.45819,0.46674,0.47176,0.47644,0.4857,0.000533,0.00017,6.0e-6,0.00024,0.00041,0.00052,0.00064,0.00091,0.527799,0.00717,0.000227,0.51365,0.52294,0.52771,0.53274,0.54138,0.000533,0.00017,6.0e-6,0.00024,0.00041,0.00052,0.00064,0.00091,0.528332,0.00714,0.000226,0.5143,0.52356,0.52825,0.53326,0.54181
91.0,0.471649,0.00713,0.000226,0.45815,0.46673,0.47173,0.47639,0.48567,0.00052,0.00017,5.0e-6,0.00024,0.0004,0.0005,0.00062,0.00089,0.527831,0.00717,0.000227,0.51368,0.52296,0.52774,0.53275,0.54144,0.00052,0.00017,5.0e-6,0.00024,0.0004,0.0005,0.00062,0.00089,0.528351,0.00713,0.000226,0.51433,0.52361,0.52827,0.53327,0.54185
91.25,0.471629,0.00713,0.000226,0.45812,0.46671,0.47171,0.47638,0.48567,0.000508,0.00017,5.0e-6,0.00023,0.00039,0.00049,0.00061,0.00088,0.527863,0.00717,0.000227,0.5137,0.52301,0.52777,0.53278,0.54147,0.000508,0.00017,5.0e-6,0.00023,0.00039,0.00049,0.00061,0.00088,0.528371,0.00713,0.000226,0.51433,0.52362,0.52829,0.5333,0.54188
91.5,0.47161,0.00713,0.000225,0.4581,0.46668,0.4717,0.47637,0.48563,0.000496,0.00017,5.0e-6,0.00021,0.00038,0.00048,0.00059,0.00087,0.527895,0.00717,0.000227,0.51373,0.52305,0.52779,0.53282,0.54149,0.000496,0.00017,5.0e-6,0.00021,0.00038,0.00048,0.00059,0.00087,0.52839,0.00713,0.000225,0.51437,0.52363,0.5283,0.53332,0.5419
91.75,0.471591,0.00713,0.000225,0.45806,0.46666,0.47162,0.47632,0.4856,0.000483,0.00016,5.0e-6,0.00022,0.00037,0.00046,0.00058,0.00085,0.527926,0.00717,0.000227,0.51376,0.52307,0.52783,0.53284,0.5415,0.000483,0.00016,5.0e-6,0.00022,0.00037,0.00046,0.00058,0.00085,0.528409,0.00713,0.000225,0.5144,0.52368,0.52838,0.53335,0.54194
92.0,0.471573,0.00713,0.000225,0.45803,0.46665,0.47161,0.47631,0.48558,0.00047,0.00016,5.0e-6,0.0002,0.00036,0.00045,0.00057,0.00083,0.527956,0.00716,0.000227,0.51379,0.52311,0.52785,0.53286,0.54151,0.00047,0.00016,5.0e-6,0.0002,0.00036,0.00045,0.00057,0.00083,0.528427,0.00713,0.000225,0.51442,0.52369,0.52839,0.53335,0.54197
92.25,0.471556,0.00713,0.000225,0.45802,0.46662,0.47159,0.47629,0.48556,0.000458,0.00016,5.0e-6,0.00019,0.00035,0.00044,0.00055,0.00081,0.527986,0.00716,0.000226,0.51379,0.52312,0.52788,0.53289,0.54156,0.000458,0.00016,5.0e-6,0.00019,0.00035,0.00044,0.00055,0.00081,0.528444,0.00713,0.000225,0.51444,0.52371,0.52841,0.53338,0.54198
92.5,0.471539,0.00712,0.000225,0.45801,0.4666,0.47158,0.47626,0.48555,0.000446,0.00016,5.0e-6,0.00019,0.00033,0.00043,0.00053,0.00079,0.528014,0.00716,0.000226,0.51381,0.52317,0.5279,0.53293,0.54156,0.000446,0.00016,5.0e-6,0.00019,0.00033,0.00043,0.00053,0.00079,0.528461,0.00712,0.000225,0.51445,0.52374,0.52842,0.5334,0.54199
92.75,0.471522,0.00712,0.000225,0.458,0.4666,0.47156,0.47626,0.48551,0.000435,0.00016,5.0e-6,0.00018,0.00032,0.00042,0.00053,0.00078,0.528043,0.00716,0.000226,0.51384,0.52319,0.52793,0.53296,0.54161,0.000435,0.00016,5.0e-6,0.00018,0.00032,0.00042,0.00053,0.00078,0.528478,0.00712,0.000225,0.51449,0.52374,0.52844,0.5334,0.542
93.0,0.471506,0.00712,0.000225,0.45799,0.4666,0.47156,0.47623,0.48549,0.000424,0.00015,5.0e-6,0.00017,0.00031,0.00041,0.00051,0.00076,0.52807,0.00716,0.000226,0.51388,0.52322,0.52797,0.53297,0.54163,0.000424,0.00015,5.0e-6,0.00017,0.00031,0.00041,0.00051,0.00076,0.528494,0.00712,0.000225,0.51451,0.52377,0.52845,0.5334,0.54201
93.25,0.471491,0.00712,0.000225,0.45797,0.46659,0.47153,0.47622,0.48547,0.000413,0.00015,5.0e-6,0.00016,0.00031,0.0004,0.0005,0.00076,0.528096,0.00715,0.000226,0.51391,0.52325,0.52798,0.53302,0.54165,0.000413,0.00015,5.0e-6,0.00016,0.00031,0.0004,0.0005,0.00076,0.528509,0.00712,0.000225,0.51453,0.52378,0.52847,0.53341,0.54203
93.5,0.471475,0.00712,0.000225,0.45795,0.46657,0.47152,0.4762,0.48546,0.000402,0.00015,5.0e-6,0.00016,0.00029,0.00038,0.00049,0.00073,0.528123,0.00715,0.000226,0.51393,0.52328,0.528,0.53304,0.54165,0.000402,0.00015,5.0e-6,0.00016,0.00029,0.00038,0.00049,0.00073,0.528525,0.00712,0.000225,0.51454,0.5238,0.52848,0.53343,0.54205
93.75,0.47146,0.00712,0.000225,0.45793,0.46657,0.4715,0.47619,0.48544,0.000391,0.00015,5.0e-6,0.00015,0.00029,0.00037,0.00048,0.00073,0.528148,0.00715,0.000226,0.51395,0.52331,0.52803,0.53308,0.54166,0.000391,0.00015,5.0e-6,0.00015,0.00029,0.00037,0.00048,0.00073,0.52854,0.00712,0.000225,0.51456,0.52381,0.5285,0.53343,0.54207
94.0,0.471445,0.00712,0.000225,0.45793,0.46656,0.47148,0.47617,0.48541,0.000382,0.00014,5.0e-6,0.00015,0.00028,0.00036,0.00046,0.00071,0.528172,0.00715,0.000226,0.51399,0.52335,0.52806,0.53309,0.5417,0.000382,0.00014,5.0e-6,0.00015,0.00028,0.00036,0.00046,0.00071,0.528555,0.00712,0.000225,0.51459,0.52383,0.52852,0.53344,0.54207
94.25,0.47143,0.00712,0.000225,0.45793,0.46656,0.47146,0.47615,0.48539,0.000375,0.00014,5.0e-6,0.00014,0.00027,0.00035,0.00046,0.0007,0.528195,0.00715,0.000226,0.51402,0.52337,0.52808,0.53313,0.54171,0.000375,0.00014,5.0e-6,0.00014,0.00027,0.00035,0.00046,0.0007,0.52857,0.00712,0.000225,0.51461,0.52385,0.52854,0.53344,0.54207
94.5,0.471416,0.00711,0.000225,0.45793,0.46652,0.47144,0.47612,0.48539,0.000366,0.00014,5.0e-6,0.00014,0.00026,0.00035,0.00045,0.00068,0.528218,0.00714,0.000226,0.51409,0.52339,0.52811,0.53315,0.54172,0.000366,0.00014,5.0e-6,0.00014,0.00026,0.00035,0.00045,0.00068,0.528584,0.00711,0.000225,0.51461,0.52388,0.52856,0.53348,0.54207
94.75,0.471402,0.00711,0.000225,0.45791,0.4665,0.47144,0.47611,0.48538,0.000358,0.00014,4.0e-6,0.00014,0.00026,0.00034,0.00044,0.00066,0.52824,0.00714,0.000226,0.51412,0.52343,0.52815,0.53316,0.54173,0.000358,0.00014,4.0e-6,0.00014,0.00026,0.00034,0.00044,0.00066,0.528598,0.00711,0.000225,0.51462,0.52389,0.52856,0.5335,0.54209
95.0,0.471389,0.00711,0.000225,0.4579,0.46649,0.47144,0.4761,0.48534,0.000348,0.00014,4.0e-6,0.00013,0.00025,0.00033,0.00043,0.00065,0.528263,0.00714,0.000226,0.51416,0.52348,0.52816,0.53317,0.54173,0.000348,0.00014,4.0e-6,0.00013,0.00025,0.00033,0.00043,0.00065,0.528611,0.00711,0.000225,0.51466,0.5239,0.52856,0.53351,0.5421
95.25,0.471376,0.00711,0.000225,0.45787,0.46648,0.47143,0.4761,0.48532,0.000339,0.00014,4.0e-6,0.00012,0.00024,0.00032,0.00042,0.00063,0.528285,0.00714,0.000226,0.51419,0.52349,0.52822,0.53318,0.54173,0.000339,0.00014,4.0e-6,0.00012,0.00024,0.00032,0.00042,0.00063,0.528624,0.00711,0.000225,0.51468,0.5239,0.52857,0.53352,0.54213
95.5,0.471363,0.00711,0.000225,0.45786,0.46647,0.47142,0.47609,0.48532,0.000331,0.00014,4.0e-6,0.00012,0.00023,0.00031,0.00042,0.00061,0.528306,0.00714,0.000226,0.51422,0.5235,0.52825,0.5332,0.54176,0.000331,0.00014,4.0e-6,0.00012,0.00023,0.00031,0.00042,0.00061,0.528637,0.00711,0.000225,0.51468,0.52391,0.52858,0.53353,0.54214
95.75,0.471351,0.00711,0.000225,0.45785,0.46644,0.4714,0.47609,0.4853,0.000322,0.00013,4.0e-6,0.00012,0.00023,0.0003,0.00041,0.0006,0.528327,0.00713,0.000226,0.51426,0.52352,0.52826,0.53322,0.54184,0.000322,0.00013,4.0e-6,0.00012,0.00023,0.0003,0.00041,0.0006,0.528649,0.00711,0.000225,0.5147,0.52391,0.52859,0.53356,0.54215
96.0,0.471339,0.00711,0.000225,0.45785,0.46643,0.4714,0.47608,0.48529,0.000314,0.00013,4.0e-6,0.00012,0.00022,0.0003,0.0004,0.00058,0.528347,0.00713,0.000226,0.51426,0.52354,0.52828,0.53324,0.54186,0.000314,0.00013,4.0e-6,0.00012,0.00022,0.0003,0.0004,0.00058,0.528661,0.00711,0.000225,0.51471,0.52392,0.5286,0.53357,0.54215
96.25,0.471328,0.00711,0.000225,0.45783,0.46643,0.47139,0.47607,0.48527,0.000306,0.00013,4.0e-6,0.00011,0.00021,0.00029,0.00039,0.00058,0.528366,0.00713,0.000226,0.51428,0.52356,0.52829,0.53325,0.54187,0.000306,0.00013,4.0e-6,0.00011,0.00021,0.00029,0.00039,0.00058,0.528672,0.00711,0.000225,0.51473,0.52393,0.52861,0.53357,0.54217
96.5,0.471317,0.0071,0.000225,0.45783,0.46641,0.47138,0.47606,0.48523,0.000297,0.00013,4.0e-6,0.0001,0.00021,0.00028,0.00038,0.00055,0.528386,0.00713,0.000225,0.5143,0.5236,0.52832,0.53328,0.5419,0.000297,0.00013,4.0e-6,0.0001,0.00021,0.00028,0.00038,0.00055,0.528683,0.0071,0.000225,0.51477,0.52394,0.52862,0.53359,0.54217
96.75,0.471306,0.0071,0.000225,0.45782,0.46641,0.47136,0.47605,0.48523,0.000291,0.00012,4.0e-6,0.0001,0.0002,0.00027,0.00037,0.00055,0.528403,0.00713,0.000225,0.51435,0.52365,0.52835,0.53331,0.54191,0.000291,0.00012,4.0e-6,0.0001,0.0002,0.00027,0.00037,0.00055,0.528694,0.0071,0.000225,0.51477,0.52395,0.52864,0.53359,0.54218
97.0,0.471296,0.0071,0.000225,0.45781,0.46641,0.47136,0.47604,0.4852,0.000283,0.00012,4.0e-6,9.0e-5,0.00019,0.00027,0.00036,0.00053,0.528421,0.00713,0.000225,0.51436,0.52367,0.52836,0.53333,0.54191,0.000283,0.00012,4.0e-6,9.0e-5,0.00019,0.00027,0.00036,0.00053,0.528704,0.0071,0.000225,0.5148,0.52396,0.52864,0.53359,0.54219
97.25,0.471286,0.0071,0.000225,0.4578,0.46641,0.47136,0.47603,0.48519,0.000276,0.00012,4.0e-6,9.0e-5,0.00019,0.00026,0.00035,0.00053,0.528438,0.00712,0.000225,0.51437,0.52367,0.52838,0.53336,0.54192,0.000276,0.00012,4.0e-6,9.0e-5,0.00019,0.00026,0.00035,0.00053,0.528714,0.0071,0.000225,0.51481,0.52397,0.52864,0.53359,0.5422
97.5,0.471276,0.0071,0.000225,0.4578,0.4664,0.47136,0.476,0.48519,0.000268,0.00012,4.0e-6,8.0e-5,0.00018,0.00025,0.00034,0.00051,0.528456,0.00712,0.000225,0.51443,0.5237,0.52838,0.53336,0.54195,0.000268,0.00012,4.0e-6,8.0e-5,0.00018,0.00025,0.00034,0.00051,0.528724,0.0071,0.000225,0.51481,0.524,0.52864,0.5336,0.5422
97.75,0.471265,0.0071,0.000225,0.45779,0.46639,0.47136,0.476,0.48519,0.000262,0.00012,4.0e-6,8.0e-5,0.00017,0.00024,0.00034,0.00049,0.528473,0.00712,0.000225,0.51446,0.52371,0.52839,0.53337,0.54197,0.000262,0.00012,4.0e-6,8.0e-5,0.00017,0.00024,0.00034,0.00049,0.528735,0.0071,0.000225,0.51481,0.524,0.52864,0.53361,0.54221
98.0,0.471255,0.0071,0.000224,0.45779,0.46639,0.47136,0.476,0.48518,0.000256,0.00012,4.0e-6,8.0e-5,0.00017,0.00024,0.00033,0.00049,0.528489,0.00712,0.000225,0.51447,0.52373,0.52844,0.53337,0.54199,0.000256,0.00012,4.0e-6,8.0e-5,0.00017,0.00024,0.00033,0.00049,0.528745,0.0071,0.000224,0.51482,0.524,0.52864,0.53361,0.54221
98.25,0.471246,0.0071,0.000224,0.45778,0.46639,0.47134,0.47599,0.48515,0.000249,0.00011,4.0e-6,8.0e-5,0.00016,0.00023,0.00032,0.00048,0.528505,0.00712,0.000225,0.51452,0.52375,0.52846,0.53339,0.54201,0.000249,0.00011,4.0e-6,8.0e-5,0.00016,0.00023,0.00032,0.00048,0.528754,0.0071,0.000224,0.51485,0.52401,0.52866,0.53361,0.54222
98.5,0.471237,0.0071,0.000224,0.45777,0.46638,0.47134,0.47599,0.48515,0.000243,0.00011,4.0e-6,7.0e-5,0.00016,0.00023,0.00031,0.00048,0.52852,0.00712,0.000225,0.51453,0.52378,0.52848,0.5334,0.54202,0.000243,0.00011,4.0e-6,7.0e-5,0.00016,0.00023,0.00031,0.00048,0.528763,0.0071,0.000224,0.51485,0.52401,0.52866,0.53362,0.54223
98.75,0.471228,0.0071,0.000224,0.45776,0.46636,0.47134,0.47598,0.48511,0.000236,0.00011,4.0e-6,7.0e-5,0.00015,0.00022,0.00031,0.00047,0.528535,0.00712,0.000225,0.51455,0.52378,0.52848,0.53341,0.54202,0.000236,0.00011,4.0e-6,7.0e-5,0.00015,0.00022,0.00031,0.00047,0.528772,0.0071,0.000224,0.51489,0.52402,0.52866,0.53364,0.54224
99.0,0.47122,0.00709,0.000224,0.45776,0.46635,0.47133,0.47597,0.48509,0.000231,0.00011,3.0e-6,7.0e-5,0.00015,0.00021,0.0003,0.00046,0.52855,0.00712,0.000225,0.51456,0.52379,0.52851,0.53343,0.54205,0.000231,0.00011,3.0e-6,7.0e-5,0.00015,0.00021,0.0003,0.00046,0.52878,0.00709,0.000224,0.51491,0.52403,0.52867,0.53365,0.54224
99.25,0.471211,0.00709,0.000224,0.45776,0.46634,0.47132,0.47595,0.48507,0.000225,0.00011,3.0e-6,6.0e-5,0.00014,0.00021,0.00029,0.00047,0.528564,0.00712,0.000225,0.51458,0.52381,0.52852,0.53345,0.54205,0.000225,0.00011,3.0e-6,6.0e-5,0.00014,0.00021,0.00029,0.00047,0.528789,0.00709,0.000224,0.51493,0.52405,0.52868,0.53366,0.54224
99.5,0.471203,0.00709,0.000224,0.45776,0.46633,0.47131,0.47594,0.48505,0.000219,0.00011,3.0e-6,6.0e-5,0.00014,0.0002,0.00029,0.00045,0.528578,0.00711,0.000225,0.51462,0.52383,0.52854,0.53346,0.54206,0.000219,0.00011,3.0e-6,6.0e-5,0.00014,0.0002,0.00029,0.00045,0.528797,0.00709,0.000224,0.51495,0.52406,0.52869,0.53367,0.54224
99.75,0.471195,0.00709,0.000224,0.45776,0.46633,0.47131,0.47593,0.48505,0.000214,0.00011,3.0e-6,6.0e-5,0.00014,0.0002,0.00028,0.00045,0.528592,0.00711,0.000225,0.51465,0.52384,0.52856,0.53347,0.5421,0.000214,0.00011,3.0e-6,6.0e-5,0.00014,0.0002,0.00028,0.00045,0.528805,0.00709,0.000224,0.51495,0.52407,0.52869,0.53367,0.54224
100.0,0.471186,0.00709,0.000224,0.45776,0.46633,0.4713,0.47591,0.48503,0.000209,0.0001,3.0e-6,6.0e-5,0.00013,0.00019,0.00027,0.00044,0.528605,0.00711,0.000225,0.51465,0.52385,0.52856,0.53348,0.5421,0.000209,0.0001,3.0e-6,6.0e-5,0.00013,0.00019,0.00027,0.00044,0.528814,0.00709,0.000224,0.51497,0.52409,0.5287,0.53367,0.54224
100.25,0.471179,0.00709,0.000224,0.45776,0.46633,0.4713,0.4759,0.48501,0.000203,0.0001,3.0e-6,5.0e-5,0.00013,0.00019,0.00027,0.00043,0.528618,0.00711,0.000225,0.51466,0.52385,0.52857,0.5335,0.54211,0.000203,0.0001,3.0e-6,5.0e-5,0.00013,0.00019,0.00027,0.00043,0.528821,0.00709,0.000224,0.51499,0.5241,0.5287,0.53367,0.54224
100.5,0.471171,0.00709,0.000224,0.45776,0.46633,0.47129,0.4759,0.48499,0.000198,0.0001,3.0e-6,5.0e-5,0.00012,0.00018,0.00026,0.00043,0.528631,0.00711,0.000225,0.51466,0.52386,0.52857,0.53352,0.54215,0.000198,0.0001,3.0e-6,5.0e-5,0.00012,0.00018,0.00026,0.00043,0.528829,0.00709,0.000224,0.51501,0.5241,0.52871,0.53367,0.54224
100.75,0.471164,0.00709,0.000224,0.45776,0.46632,0.47128,0.4759,0.48498,0.000193,0.0001,3.0e-6,4.0e-5,0.00012,0.00018,0.00025,0.00043,0.528643,0.00711,0.000225,0.51468,0.52386,0.52857,0.53353,0.54215,0.000193,0.0001,3.0e-6,4.0e-5,0.00012,0.00018,0.00025,0.00043,0.528836,0.00709,0.000224,0.51502,0.5241,0.52872,0.53368,0.54224
101.0,0.471157,0.00709,0.000224,0.45776,0.46632,0.47128,0.4759,0.48497,0.000188,0.0001,3.0e-6,4.0e-5,0.00012,0.00017,0.00024,0.00041,0.528655,0.00711,0.000225,0.51469,0.52387,0.52858,0.53354,0.54217,0.000188,0.0001,3.0e-6,4.0e-5,0.00012,0.00017,0.00024,0.00041,0.528843,0.00709,0.000224,0.51503,0.52411,0.52872,0.53368,0.54224
101.25,0.47115,0.00709,0.000224,0.45776,0.46632,0.47127,0.47588,0.48497,0.000184,0.0001,3.0e-6,4.0e-5,0.00011,0.00017,0.00024,0.0004,0.528667,0.00711,0.000225,0.5147,0.52388,0.52858,0.53356,0.54218,0.000184,0.0001,3.0e-6,4.0e-5,0.00011,0.00017,0.00024,0.0004,0.52885,0.00709,0.000224,0.51503,0.52412,0.52873,0.53369,0.54224
101.5,0.471142,0.00709,0.000224,0.45776,0.46631,0.47125,0.47588,0.48496,0.000179,9.0e-5,3.0e-6,4.0e-5,0.00011,0.00017,0.00024,0.00039,0.528678,0.00711,0.000225,0.51473,0.52389,0.52859,0.53357,0.5422,0.000179,9.0e-5,3.0e-6,4.0e-5,0.00011,0.00017,0.00024,0.00039,0.528858,0.00709,0.000224,0.51504,0.52412,0.52875,0.53369,0.54224
101.75,0.471136,0.00709,0.000224,0.45776,0.4663,0.47124,0.47588,0.48494,0.000175,9.0e-5,3.0e-6,4.0e-5,0.0001,0.00016,0.00023,0.00039,0.528689,0.0071,0.000225,0.51474,0.52393,0.5286,0.5336,0.5422,0.000175,9.0e-5,3.0e-6,4.0e-5,0.0001,0.00016,0.00023,0.00039,0.528864,0.00709,0.000224,0.51506,0.52412,0.52876,0.5337,0.54224
102.0,0.47113,0.00709,0.000224,0.45776,0.4663,0.47122,0.47587,0.48493,0.00017,9.0e-5,3.0e-6,3.0e-5,0.0001,0.00015,0.00023,0.00038,0.5287,0.0071,0.000225,0.51475,0.52395,0.5286,0.5336,0.5422,0.00017,9.0e-5,3.0e-6,3.0e-5,0.0001,0.00015,0.00023,0.00038,0.52887,0.00709,0.000224,0.51507,0.52413,0.52878,0.5337,0.54224
102.25,0.471124,0.00708,0.000224,0.45776,0.4663,0.47122,0.47586,0.48493,0.000166,9.0e-5,3.0e-6,3.0e-5,0.0001,0.00015,0.00022,0.00038,0.52871,0.0071,0.000225,0.51477,0.52396,0.5286,0.5336,0.54221,0.000166,9.0e-5,3.0e-6,3.0e-5,0.0001,0.00015,0.00022,0.00038,0.528876,0.00708,0.000224,0.51507,0.52414,0.52879,0.5337,0.54224
102.5,0.471117,0.00708,0.000224,0.45776,0.46628,0.4712,0.47584,0.48492,0.000162,9.0e-5,3.0e-6,3.0e-5,9.0e-5,0.00015,0.00022,0.00038,0.528721,0.0071,0.000225,0.51478,0.52397,0.52861,0.53361,0.54222,0.000162,9.0e-5,3.0e-6,3.0e-5,9.0e-5,0.00015,0.00022,0.00038,0.528883,0.00708,0.000224,0.51508,0.52415,0.5288,0.53372,0.54224
102.75,0.471112,0.00708,0.000224,0.45776,0.46628,0.47118,0.47584,0.48491,0.000158,9.0e-5,3.0e-6,3.0e-5,9.0e-5,0.00014,0.00021,0.00037,0.528731,0.0071,0.000225,0.5148,0.52397,0.52862,0.53362,0.54222,0.000158,9.0e-5,3.0e-6,3.0e-5,9.0e-5,0.00014,0.00021,0.00037,0.528888,0.00708,0.000224,0.51509,0.52415,0.52882,0.53372,0.54224
103.0,0.471106,0.00708,0.000224,0.45776,0.46628,0.47116,0.47584,0.48489,0.000154,9.0e-5,3.0e-6,3.0e-5,9.0e-5,0.00014,0.00021,0.00036,0.52874,0.0071,0.000225,0.51483,0.52398,0.52862,0.53362,0.54222,0.000154,9.0e-5,3.0e-6,3.0e-5,9.0e-5,0.00014,0.00021,0.00036,0.528894,0.00708,0.000224,0.51511,0.52415,0.52884,0.53372,0.54224
103.25,0.4711,0.00708,0.000224,0.45776,0.46626,0.47114,0.47584,0.48489,0.00015,9.0e-5,3.0e-6,2.0e-5,8.0e-5,0.00013,0.0002,0.00035,0.52875,0.0071,0.000224,0.51485,0.52398,0.52864,0.53362,0.54222,0.00015,9.0e-5,3.0e-6,2.0e-5,8.0e-5,0.00013,0.0002,0.00035,0.5289,0.00708,0.000224,0.51511,0.52415,0.52886,0.53374,0.54224
103.5,0.471095,0.00708,0.000224,0.45776,0.46626,0.47114,0.47584,0.48489,0.000147,9.0e-5,3.0e-6,2.0e-5,8.0e-5,0.00013,0.0002,0.00034,0.528759,0.0071,0.000224,0.51486,0.524,0.52864,0.53364,0.54222,0.000147,9.0e-5,3.0e-6,2.0e-5,8.0e-5,0.00013,0.0002,0.00034,0.528905,0.00708,0.000224,0.51511,0.52416,0.52886,0.53374,0.54224
103.75,0.471089,0.00708,0.000224,0.45776,0.46626,0.47113,0.47583,0.48488,0.000143,8.0e-5,3.0e-6,2.0e-5,8.0e-5,0.00013,0.00019,0.00033,0.528768,0.0071,0.000224,0.51489,0.52402,0.52865,0.53364,0.54223,0.000143,8.0e-5,3.0e-6,2.0e-5,8.0e-5,0.00013,0.00019,0.00033,0.528911,0.00708,0.000224,0.51512,0.52417,0.52887,0.53374,0.54224
104.0,0.471084,0.00708,0.000224,0.45775,0.46625,0.47113,0.47583,0.48487,0.00014,8.0e-5,3.0e-6,2.0e-5,7.0e-5,0.00013,0.00019,0.00032,0.528776,0.0071,0.000224,0.51489,0.52404,0.52865,0.53365,0.54223,0.00014,8.0e-5,3.0e-6,2.0e-5,7.0e-5,0.00013,0.00019,0.00032,0.528916,0.00708,0.000224,0.51513,0.52417,0.52887,0.53375,0.54225
104.25,0.471079,0.00708,0.000224,0.45773,0.46624,0.47112,0.47582,0.48485,0.000135,8.0e-5,3.0e-6,2.0e-5,7.0e-5,0.00012,0.00018,0.00032,0.528785,0.00709,0.000224,0.51489,0.52404,0.52865,0.53365,0.54223,0.000135,8.0e-5,3.0e-6,2.0e-5,7.0e-5,0.00012,0.00018,0.00032,0.528921,0.00708,0.000224,0.51515,0.52418,0.52888,0.53376,0.54227
104.5,0.471074,0.00708,0.000224,0.45773,0.46624,0.47112,0.47581,0.48485,0.000132,8.0e-5,3.0e-6,2.0e-5,7.0e-5,0.00012,0.00018,0.00031,0.528794,0.00709,0.000224,0.51492,0.52406,0.52865,0.53365,0.54223,0.000132,8.0e-5,3.0e-6,2.0e-5,7.0e-5,0.00012,0.00018,0.00031,0.528926,0.00708,0.000224,0.51515,0.52419,0.52888,0.53376,0.54227
104.75,0.471069,0.00708,0.000224,0.45773,0.46624,0.47112,0.47581,0.48485,0.000129,8.0e-5,3.0e-6,1.0e-5,7.0e-5,0.00012,0.00017,0.00031,0.528802,0.00709,0.000224,0.51492,0.52406,0.52867,0.53365,0.54223,0.000129,8.0e-5,3.0e-6,1.0e-5,7.0e-5,0.00012,0.00017,0.00031,0.528931,0.00708,0.000224,0.51515,0.52419,0.52888,0.53376,0.54227
105.0,0.471064,0.00708,0.000224,0.45773,0.46623,0.47111,0.47581,0.48485,0.000125,8.0e-5,2.0e-6,1.0e-5,6.0e-5,0.00011,0.00017,0.00031,0.52881,0.00709,0.000224,0.51496,0.52406,0.52868,0.53365,0.54224,0.000125,8.0e-5,2.0e-6,1.0e-5,6.0e-5,0.00011,0.00017,0.00031,0.528935,0.00708,0.000224,0.51515,0.52419,0.52889,0.53377,0.54227
105.25,0.47106,0.00708,0.000224,0.45773,0.46622,0.47111,0.47581,0.48484,0.000122,8.0e-5,2.0e-6,1.0e-5,6.0e-5,0.00011,0.00017,0.0003,0.528818,0.00709,0.000224,0.51498,0.52406,0.52868,0.53366,0.54224,0.000122,8.0e-5,2.0e-6,1.0e-5,6.0e-5,0.00011,0.00017,0.0003,0.52894,0.00708,0.000224,0.51516,0.52419,0.52889,0.53378,0.54227
105.5,0.471056,0.00708,0.000224,0.45773,0.46621,0.4711,0.47581,0.48481,0.000119,8.0e-5,2.0e-6,1.0e-5,6.0e-5,0.00011,0.00017,0.0003,0.528825,0.00709,0.000224,0.51499,0.52407,0.52869,0.53366,0.54224,0.000119,8.0e-5,2.0e-6,1.0e-5,6.0e-5,0.00011,0.00017,0.0003,0.528944,0.00708,0.000224,0.51519,0.52419,0.5289,0.53379,0.54227
105.75,0.471051,0.00708,0.000224,0.45773,0.4662,0.4711,0.4758,0.48479,0.000116,7.0e-5,2.0e-6,1.0e-5,6.0e-5,0.0001,0.00016,0.00029,0.528833,0.00709,0.000224,0.51499,0.52408,0.52871,0.53366,0.54224,0.000116,7.0e-5,2.0e-6,1.0e-5,6.0e-5,0.0001,0.00016,0.00029,0.528949,0.00708,0.000224,0.51521,0.5242,0.5289,0.5338,0.54227
106.0,0.471047,0.00707,0.000224,0.45772,0.46618,0.47109,0.4758,0.48479,0.000113,7.0e-5,2.0e-6,1.0e-5,5.0e-5,0.0001,0.00015,0.0003,0.52884,0.00709,0.000224,0.51499,0.52408,0.52872,0.53367,0.54224,0.000113,7.0e-5,2.0e-6,1.0e-5,5.0e-5,0.0001,0.00015,0.0003,0.528953,0.00707,0.000224,0.51521,0.5242,0.52891,0.53382,0.54228
106.25,0.471043,0.00707,0.000224,0.45772,0.46617,0.47108,0.4758,0.48477,0.00011,7.0e-5,2.0e-6,1.0e-5,5.0e-5,0.0001,0.00015,0.0003,0.528847,0.00709,0.000224,0.51501,0.52408,0.52873,0.53368,0.54224,0.00011,7.0e-5,2.0e-6,1.0e-5,5.0e-5,0.0001,0.00015,0.0003,0.528957,0.00707,0.000224,0.51523,0.5242,0.52892,0.53383,0.54228
106.5,0.471039,0.00707,0.000224,0.45772,0.46616,0.47108,0.47578,0.48477,0.000107,7.0e-5,2.0e-6,1.0e-5,5.0e-5,9.0e-5,0.00015,0.00029,0.528854,0.00709,0.000224,0.51502,0.52409,0.52874,0.53369,0.54224,0.000107,7.0e-5,2.0e-6,1.0e-5,5.0e-5,9.0e-5,0.00015,0.00029,0.528961,0.00707,0.000224,0.51523,0.52422,0.52893,0.53384,0.54228
106.75,0.471035,0.00707,0.000224,0.45771,0.46616,0.47107,0.47578,0.48477,0.000104,7.0e-5,2.0e-6,1.0e-5,5.0e-5,9.0e-5,0.00015,0.00028,0.528861,0.00708,0.000224,0.51503,0.5241,0.52876,0.5337,0.54224,0.000104,7.0e-5,2.0e-6,1.0e-5,5.0e-5,9.0e-5,0.00015,0.00028,0.528965,0.00707,0.000224,0.51523,0.52422,0.52893,0.53384,0.54229
107.0,0.471032,0.00707,0.000224,0.45771,0.46615,0.47106,0.47576,0.48475,0.000101,7.0e-5,2.0e-6,1.0e-5,5.0e-5,9.0e-5,0.00014,0.00027,0.528867,0.00708,0.000224,0.51505,0.5241,0.52878,0.53371,0.54224,0.000101,7.0e-5,2.0e-6,1.0e-5,5.0e-5,9.0e-5,0.00014,0.00027,0.528968,0.00707,0.000224,0.51525,0.52424,0.52894,0.53385,0.54229
107.25,0.471028,0.00707,0.000224,0.45771,0.46615,0.47105,0.47576,0.48474,9.8e-5,7.0e-5,2.0e-6,1.0e-5,5.0e-5,9.0e-5,0.00014,0.00027,0.528873,0.00708,0.000224,0.51507,0.5241,0.52879,0.53372,0.54224,9.8e-5,7.0e-5,2.0e-6,1.0e-5,5.0e-5,9.0e-5,0.00014,0.00027,0.528972,0.00707,0.000224,0.51526,0.52424,0.52895,0.53385,0.54229
107.5,0.471025,0.00707,0.000224,0.45769,0.46614,0.47105,0.47575,0.48474,9.6e-5,7.0e-5,2.0e-6,0.0,4.0e-5,8.0e-5,0.00014,0.00026,0.52888,0.00708,0.000224,0.5151,0.52412,0.5288,0.53373,0.54224,9.6e-5,7.0e-5,2.0e-6,0.0,4.0e-5,8.0e-5,0.00014,0.00026,0.528975,0.00707,0.000224,0.51526,0.52425,0.52895,0.53386,0.54231
107.75,0.471022,0.00707,0.000224,0.45769,0.46613,0.47104,0.47574,0.48474,9.3e-5,7.0e-5,2.0e-6,0.0,4.0e-5,8.0e-5,0.00013,0.00026,0.528885,0.00708,0.000224,0.51514,0.52412,0.52881,0.53374,0.54224,9.3e-5,7.0e-5,2.0e-6,0.0,4.0e-5,8.0e-5,0.00013,0.00026,0.528978,0.00707,0.000224,0.51526,0.52425,0.52896,0.53387,0.54231
108.0,0.471018,0.00707,0.000224,0.45768,0.46613,0.47104,0.47574,0.48473,9.1e-5,7.0e-5,2.0e-6,0.0,4.0e-5,8.0e-5,0.00013,0.00025,0.528891,0.00708,0.000224,0.51515,0.52412,0.52884,0.53374,0.54224,9.1e-5,7.0e-5,2.0e-6,0.0,4.0e-5,8.0e-5,0.00013,0.00025,0.528982,0.00707,0.000224,0.51527,0.52426,0.52896,0.53387,0.54232
108.25,0.471015,0.00707,0.000224,0.45767,0.46613,0.47102,0.47574,0.48473,8.8e-5,6.0e-5,2.0e-6,0.0,4.0e-5,8.0e-5,0.00012,0.00025,0.528897,0.00708,0.000224,0.51515,0.52413,0.52884,0.53375,0.54224,8.8e-5,6.0e-5,2.0e-6,0.0,4.0e-5,8.0e-5,0.00012,0.00025,0.528985,0.00707,0.000224,0.51527,0.52426,0.52899,0.53387,0.54233
108.5,0.471012,0.00707,0.000224,0.45767,0.46613,0.47102,0.47572,0.48473,8.6e-5,6.0e-5,2.0e-6,0.0,4.0e-5,8.0e-5,0.00012,0.00024,0.528902,0.00708,0.000224,0.51515,0.52415,0.52884,0.53375,0.54224,8.6e-5,6.0e-5,2.0e-6,0.0,4.0e-5,8.0e-5,0.00012,0.00024,0.528988,0.00707,0.000224,0.51527,0.52428,0.52899,0.53387,0.54233
108.75,0.471009,0.00707,0.000224,0.45767,0.46613,0.47102,0.47572,0.48473,8.4e-5,6.0e-5,2.0e-6,0.0,4.0e-5,7.0e-5,0.00012,0.00023,0.528907,0.00708,0.000224,0.51515,0.52415,0.52886,0.53376,0.54224,8.4e-5,6.0e-5,2.0e-6,0.0,4.0e-5,7.0e-5,0.00012,0.00023,0.528991,0.00707,0.000224,0.51527,0.52428,0.52899,0.53387,0.54233
109.0,0.471006,0.00707,0.000224,0.45766,0.46613,0.47101,0.47571,0.48473,8.2e-5,6.0e-5,2.0e-6,0.0,3.0e-5,7.0e-5,0.00011,0.00023,0.528913,0.00708,0.000224,0.51516,0.52417,0.52886,0.53378,0.54224,8.2e-5,6.0e-5,2.0e-6,0.0,3.0e-5,7.0e-5,0.00011,0.00023,0.528994,0.00707,0.000224,0.51527,0.52429,0.52899,0.53387,0.54234
109.25,0.471003,0.00707,0.000224,0.45764,0.46613,0.47101,0.47571,0.48473,8.0e-5,6.0e-5,2.0e-6,0.0,3.0e-5,7.0e-5,0.00011,0.00022,0.528918,0.00708,0.000224,0.51516,0.52418,0.52887,0.53379,0.54224,8.0e-5,6.0e-5,2.0e-6,0.0,3.0e-5,7.0e-5,0.00011,0.00022,0.528997,0.00707,0.000224,0.51527,0.52429,0.52899,0.53387,0.54236
109.5,0.471,0.00707,0.000224,0.45764,0.46613,0.471,0.47571,0.48473,7.8e-5,6.0e-5,2.0e-6,0.0,3.0e-5,7.0e-5,0.00011,0.00022,0.528922,0.00708,0.000224,0.51516,0.52418,0.52888,0.5338,0.54224,7.8e-5,6.0e-5,2.0e-6,0.0,3.0e-5,7.0e-5,0.00011,0.00022,0.529,0.00707,0.000224,0.51527,0.52429,0.529,0.53387,0.54236
109.75,0.470997,0.00707,0.000224,0.45764,0.46613,0.471,0.4757,0.48473,7.6e-5,6.0e-5,2.0e-6,0.0,3.0e-5,6.0e-5,0.00011,0.00022,0.528927,0.00708,0.000224,0.51516,0.52418,0.52889,0.53382,0.54225,7.6e-5,6.0e-5,2.0e-6,0.0,3.0e-5,6.0e-5,0.00011,0.00022,0.529003,0.00707,0.000224,0.51527,0.5243,0.529,0.53387,0.54236
110.0,0.470994,0.00707,0.000224,0.45764,0.46613,0.471,0.47569,0.48472,7.4e-5,6.0e-5,2.0e-6,0.0,3.0e-5,6.0e-5,0.00011,0.00022,0.528932,0.00708,0.000224,0.51517,0.52418,0.5289,0.53382,0.54225,7.4e-5,6.0e-5,2.0e-6,0.0,3.0e-5,6.0e-5,0.00011,0.00022,0.529006,0.00707,0.000224,0.51528,0.52431,0.529,0.53387,0.54236
110.25,0.470992,0.00707,0.000224,0.45764,0.46613,0.471,0.47568,0.48472,7.2e-5,6.0e-5,2.0e-6,0.0,3.0e-5,6.0e-5,0.00011,0.00021,0.528936,0.00707,0.000224,0.51519,0.52419,0.52891,0.53384,0.54226,7.2e-5,6.0e-5,2.0e-6,0.0,3.0e-5,6.0e-5,0.00011,0.00021,0.529008,0.00707,0.000224,0.51528,0.52432,0.529,0.53387,0.54236
110.5,0.470989,0.00707,0.000224,0.45764,0.46613,0.471,0.47568,0.48472,7.0e-5,6.0e-5,2.0e-6,0.0,3.0e-5,6.0e-5,0.0001,0.00021,0.528941,0.00707,0.000224,0.51519,0.5242,0.52891,0.53384,0.54227,7.0e-5,6.0e-5,2.0e-6,0.0,3.0e-5,6.0e-5,0.0001,0.00021,0.529011,0.00707,0.000224,0.51528,0.52432,0.529,0.53387,0.54236
110.75,0.470987,0.00707,0.000223,0.45764,0.46613,0.471,0.47568,0.48472,6.8e-5,6.0e-5,2.0e-6,0.0,2.0e-5,5.0e-5,0.0001,0.0002,0.528945,0.00707,0.000224,0.5152,0.5242,0.52892,0.53384,0.54227,6.8e-5,6.0e-5,2.0e-6,0.0,2.0e-5,5.0e-5,0.0001,0.0002,0.529013,0.00707,0.000223,0.51528,0.52432,0.529,0.53387,0.54236
111.0,0.470985,0.00707,0.000223,0.45764,0.46613,0.471,0.47568,0.48472,6.6e-5,6.0e-5,2.0e-6,0.0,2.0e-5,5.0e-5,0.0001,0.0002,0.528949,0.00707,0.000224,0.51523,0.52421,0.52892,0.53384,0.54227,6.6e-5,6.0e-5,2.0e-6,0.0,2.0e-5,5.0e-5,0.0001,0.0002,0.529015,0.00707,0.000223,0.51528,0.52432,0.529,0.53387,0.54236
111.25,0.470982,0.00707,0.000223,0.45764,0.46612,0.47099,0.47568,0.48472,6.5e-5,5.0e-5,2.0e-6,0.0,2.0e-5,5.0e-5,0.0001,0.00019,0.528953,0.00707,0.000224,0.51523,0.52423,0.52893,0.53385,0.54227,6.5e-5,5.0e-5,2.0e-6,0.0,2.0e-5,5.0e-5,0.0001,0.00019,0.529018,0.00707,0.000223,0.51528,0.52432,0.52901,0.53388,0.54236
111.5,0.47098,0.00707,0.000223,0.45761,0.46612,0.47098,0.47568,0.48472,6.3e-5,5.0e-5,2.0e-6,0.0,2.0e-5,5.0e-5,9.0e-5,0.00019,0.528957,0.00707,0.000224,0.51525,0.52424,0.52893,0.53386,0.54227,6.3e-5,5.0e-5,2.0e-6,0.0,2.0e-5,5.0e-5,9.0e-5,0.00019,0.52902,0.00707,0.000223,0.51528,0.52432,0.52902,0.53388,0.54239
111.75,0.470977,0.00707,0.000223,0.45761,0.46612,0.47098,0.47568,0.48472,6.1e-5,5.0e-5,2.0e-6,0.0,2.0e-5,5.0e-5,9.0e-5,0.00019,0.528961,0.00707,0.000224,0.51525,0.52424,0.52894,0.53386,0.54227,6.1e-5,5.0e-5,2.0e-6,0.0,2.0e-5,5.0e-5,9.0e-5,0.00019,0.529023,0.00707,0.000223,0.51528,0.52432,0.52903,0.53388,0.54239
112.0,0.470975,0.00707,0.000223,0.4576,0.46612,0.47097,0.47567,0.48472,5.9e-5,5.0e-5,2.0e-6,0.0,2.0e-5,5.0e-5,9.0e-5,0.00018,0.528965,0.00707,0.000224,0.51525,0.52424,0.52895,0.53386,0.54227,5.9e-5,5.0e-5,2.0e-6,0.0,2.0e-5,5.0e-5,9.0e-5,0.00018,0.529025,0.00707,0.000223,0.51528,0.52433,0.52903,0.53388,0.5424
112.25,0.470973,0.00707,0.000223,0.4576,0.46612,0.47096,0.47566,0.48472,5.8e-5,5.0e-5,2.0e-6,0.0,2.0e-5,4.0e-5,9.0e-5,0.00019,0.528969,0.00707,0.000224,0.51526,0.52425,0.52896,0.53386,0.54228,5.8e-5,5.0e-5,2.0e-6,0.0,2.0e-5,4.0e-5,9.0e-5,0.00019,0.529027,0.00707,0.000223,0.51528,0.52434,0.52904,0.53388,0.5424
112.5,0.470971,0.00707,0.000223,0.4576,0.46612,0.47096,0.47566,0.48472,5.6e-5,5.0e-5,2.0e-6,0.0,2.0e-5,4.0e-5,8.0e-5,0.00018,0.528973,0.00707,0.000224,0.51526,0.52425,0.52896,0.53386,0.54229,5.6e-5,5.0e-5,2.0e-6,0.0,2.0e-5,4.0e-5,8.0e-5,0.00018,0.529029,0.00707,0.000223,0.51528,0.52434,0.52904,0.53388,0.5424
112.75,0.470969,0.00706,0.000223,0.45759,0.46612,0.47096,0.47566,0.48472,5.5e-5,5.0e-5,2.0e-6,0.0,2.0e-5,4.0e-5,8.0e-5,0.00018,0.528976,0.00707,0.000224,0.51526,0.52426,0.52897,0.53386,0.54231,5.5e-5,5.0e-5,2.0e-6,0.0,2.0e-5,4.0e-5,8.0e-5,0.00018,0.529031,0.00706,0.000223,0.51528,0.52434,0.52904,0.53388,0.54241
113.0,0.470967,0.00706,0.000223,0.45759,0.46612,0.47094,0.47566,0.48472,5.4e-5,5.0e-5,2.0e-6,0.0,1.0e-5,4.0e-5,8.0e-5,0.00018,0.52898,0.00707,0.000224,0.51526,0.52426,0.52899,0.53386,0.54231,5.4e-5,5.0e-5,2.0e-6,0.0,1.0e-5,4.0e-5,8.0e-5,0.00018,0.529033,0.00706,0.000223,0.51528,0.52434,0.52906,0.53388,0.54241
113.25,0.470965,0.00706,0.000223,0.45758,0.46612,0.47094,0.47566,0.48472,5.2e-5,5.0e-5,2.0e-6,0.0,1.0e-5,4.0e-5,8.0e-5,0.00017,0.528983,0.00707,0.000224,0.51526,0.52426,0.52899,0.53386,0.54232,5.2e-5,5.0e-5,2.0e-6,0.0,1.0e-5,4.0e-5,8.0e-5,0.00017,0.529035,0.00706,0.000223,0.51528,0.52434,0.52906,0.53388,0.54242
113.5,0.470963,0.00706,0.000223,0.45758,0.46612,0.47094,0.47566,0.48472,5.1e-5,5.0e-5,2.0e-6,0.0,1.0e-5,4.0e-5,8.0e-5,0.00017,0.528986,0.00707,0.000224,0.51526,0.52427,0.52899,0.53387,0.54234,5.1e-5,5.0e-5,2.0e-6,0.0,1.0e-5,4.0e-5,8.0e-5,0.00017,0.529037,0.00706,0.000223,0.51528,0.52434,0.52906,0.53388,0.54242
113.75,0.470961,0.00706,0.000223,0.45758,0.46612,0.47094,0.47566,0.48472,4.9e-5,5.0e-5,1.0e-6,0.0,1.0e-5,4.0e-5,7.0e-5,0.00017,0.52899,0.00707,0.000224,0.51526,0.52428,0.529,0.53387,0.54235,4.9e-5,5.0e-5,1.0e-6,0.0,1.0e-5,4.0e-5,7.0e-5,0.00017,0.529039,0.00706,0.000223,0.51528,0.52434,0.52906,0.53388,0.54242
114.0,0.47096,0.00706,0.000223,0.45757,0.46612,0.47094,0.47566,0.48472,4.8e-5,5.0e-5,1.0e-6,0.0,1.0e-5,3.0e-5,7.0e-5,0.00016,0.528993,0.00707,0.000224,0.51526,0.52428,0.529,0.53387,0.54236,4.8e-5,5.0e-5,1.0e-6,0.0,1.0e-5,3.0e-5,7.0e-5,0.00016,0.52904,0.00706,0.000223,0.51528,0.52434,0.52906,0.53388,0.54243
114.25,0.470958,0.00706,0.000223,0.45756,0.46612,0.47094,0.47566,0.48472,4.6e-5,5.0e-5,1.0e-6,0.0,1.0e-5,3.0e-5,7.0e-5,0.00017,0.528996,0.00707,0.000224,0.51526,0.52429,0.529,0.53387,0.54236,4.6e-5,5.0e-5,1.0e-6,0.0,1.0e-5,3.0e-5,7.0e-5,0.00017,0.529042,0.00706,0.000223,0.51528,0.52434,0.52906,0.53388,0.54244
114.5,0.470956,0.00706,0.000223,0.45756,0.46612,0.47094,0.47566,0.48472,4.5e-5,4.0e-5,1.0e-6,0.0,1.0e-5,3.0e-5,7.0e-5,0.00016,0.528999,0.00707,0.000224,0.51526,0.5243,0.52901,0.53387,0.54236,4.5e-5,4.0e-5,1.0e-6,0.0,1.0e-5,3.0e-5,7.0e-5,0.00016,0.529044,0.00706,0.000223,0.51528,0.52434,0.52906,0.53388,0.54244
114.75,0.470955,0.00706,0.000223,0.45754,0.46612,0.47094,0.47566,0.48472,4.4e-5,4.0e-5,1.0e-6,0.0,1.0e-5,3.0e-5,6.0e-5,0.00016,0.529002,0.00707,0.000224,0.51526,0.52431,0.52901,0.53387,0.54236,4.4e-5,4.0e-5,1.0e-6,0.0,1.0e-5,3.0e-5,6.0e-5,0.00016,0.529045,0.00706,0.000223,0.51528,0.52434,0.52906,0.53388,0.54246
115.0,0.470953,0.00706,0.000223,0.45753,0.46612,0.47094,0.47566,0.48472,4.3e-5,4.0e-5,1.0e-6,0.0,1.0e-5,3.0e-5,6.0e-5,0.00015,0.529004,0.00707,0.000224,0.51526,0.52431,0.52902,0.53387,0.54236,4.3e-5,4.0e-5,1.0e-6,0.0,1.0e-5,3.0e-5,6.0e-5,0.00015,0.529047,0.00706,0.000223,0.51528,0.52434,0.52906,0.53388,0.54247
115.25,0.470951,0.00706,0.000223,0.45753,0.46612,0.47094,0.47566,0.48472,4.1e-5,4.0e-5,1.0e-6,0.0,1.0e-5,3.0e-5,6.0e-5,0.00014,0.529007,0.00707,0.000224,0.51527,0.52431,0.52902,0.53387,0.54236,4.1e-5,4.0e-5,1.0e-6,0.0,1.0e-5,3.0e-5,6.0e-5,0.00014,0.529049,0.00706,0.000223,0.51528,0.52434,0.52906,0.53388,0.54247
115.5,0.47095,0.00706,0.000223,0.45753,0.46612,0.47094,0.47565,0.48472,4.0e-5,4.0e-5,1.0e-6,0.0,1.0e-5,3.0e-5,6.0e-5,0.00015,0.52901,0.00707,0.000223,0.51527,0.52431,0.52902,0.53387,0.54236,4.0e-5,4.0e-5,1.0e-6,0.0,1.0e-5,3.0e-5,6.0e-5,0.00015,0.52905,0.00706,0.000223,0.51528,0.52435,0.52906,0.53388,0.54247
115.75,0.470948,0.00706,0.000223,0.45753,0.46612,0.47094,0.47565,0.48472,3.9e-5,4.0e-5,1.0e-6,0.0,1.0e-5,3.0e-5,6.0e-5,0.00015,0.529012,0.00707,0.000223,0.51528,0.52432,0.52904,0.53388,0.54236,3.9e-5,4.0e-5,1.0e-6,0.0,1.0e-5,3.0e-5,6.0e-5,0.00015,0.529052,0.00706,0.000223,0.51528,0.52435,0.52906,0.53388,0.54247
116.0,0.470947,0.00706,0.000223,0.45753,0.46612,0.47094,0.47564,0.48472,3.8e-5,4.0e-5,1.0e-6,0.0,1.0e-5,3.0e-5,6.0e-5,0.00015,0.529015,0.00707,0.000223,0.51528,0.52432,0.52904,0.53388,0.54236,3.8e-5,4.0e-5,1.0e-6,0.0,1.0e-5,3.0e-5,6.0e-5,0.00015,0.529053,0.00706,0.000223,0.51528,0.52436,0.52906,0.53388,0.54247
116.25,0.470946,0.00706,0.000223,0.45753,0.46612,0.47094,0.47564,0.48472,3.7e-5,4.0e-5,1.0e-6,0.0,1.0e-5,2.0e-5,5.0e-5,0.00015,0.529017,0.00707,0.000223,0.51528,0.52432,0.52904,0.53388,0.54236,3.7e-5,4.0e-5,1.0e-6,0.0,1.0e-5,2.0e-5,5.0e-5,0.00015,0.529054,0.00706,0.000223,0.51528,0.52436,0.52906,0.53388,0.54247
116.5,0.470944,0.00706,0.000223,0.45753,0.46612,0.47094,0.47564,0.48472,3.7e-5,4.0e-5,1.0e-6,0.0,1.0e-5,2.0e-5,5.0e-5,0.00015,0.529019,0.00707,0.000223,0.51528,0.52432,0.52904,0.53388,0.54236,3.7e-5,4.0e-5,1.0e-6,0.0,1.0e-5,2.0e-5,5.0e-5,0.00015,0.529056,0.00706,0.000223,0.51528,0.52436,0.52906,0.53388,0.54247
116.75,0.470943,0.00706,0.000223,0.45753,0.46612,0.47093,0.47563,0.48471,3.5e-5,4.0e-5,1.0e-6,0.0,0.0,2.0e-5,5.0e-5,0.00015,0.529021,0.00707,0.000223,0.51528,0.52432,0.52904,0.53388,0.54236,3.5e-5,4.0e-5,1.0e-6,0.0,0.0,2.0e-5,5.0e-5,0.00015,0.529057,0.00706,0.000223,0.51529,0.52437,0.52907,0.53388,0.54247
117.0,0.470942,0.00706,0.000223,0.45753,0.46612,0.47093,0.47562,0.48471,3.5e-5,4.0e-5,1.0e-6,0.0,0.0,2.0e-5,5.0e-5,0.00014,0.529024,0.00707,0.000223,0.51528,0.52432,0.52904,0.53388,0.54237,3.5e-5,4.0e-5,1.0e-6,0.0,0.0,2.0e-5,5.0e-5,0.00014,0.529058,0.00706,0.000223,0.51529,0.52438,0.52907,0.53388,0.54247
117.25,0.47094,0.00706,0.000223,0.45753,0.46612,0.47093,0.47562,0.48471,3.4e-5,4.0e-5,1.0e-6,0.0,0.0,2.0e-5,5.0e-5,0.00014,0.529026,0.00706,0.000223,0.51528,0.52432,0.52905,0.53388,0.54238,3.4e-5,4.0e-5,1.0e-6,0.0,0.0,2.0e-5,5.0e-5,0.00014,0.52906,0.00706,0.000223,0.51529,0.52438,0.52907,0.53388,0.54247
117.5,0.470939,0.00706,0.000223,0.45752,0.46612,0.47093,0.47562,0.48471,3.4e-5,4.0e-5,1.0e-6,0.0,0.0,2.0e-5,5.0e-5,0.00014,0.529028,0.00706,0.000223,0.51528,0.52432,0.52905,0.53388,0.54238,3.4e-5,4.0e-5,1.0e-6,0.0,0.0,2.0e-5,5.0e-5,0.00014,0.529061,0.00706,0.000223,0.51529,0.52438,0.52907,0.53388,0.54248
117.75,0.470938,0.00706,0.000223,0.45751,0.46612,0.47093,0.47562,0.48471,3.3e-5,4.0e-5,1.0e-6,0.0,0.0,2.0e-5,5.0e-5,0.00014,0.52903,0.00706,0.000223,0.51528,0.52432,0.52905,0.53388,0.54238,3.3e-5,4.0e-5,1.0e-6,0.0,0.0,2.0e-5,5.0e-5,0.00014,0.529062,0.00706,0.000223,0.51529,0.52438,0.52907,0.53388,0.54249
118.0,0.470936,0.00706,0.000223,0.45751,0.46612,0.47093,0.47562,0.48471,3.2e-5,4.0e-5,1.0e-6,0.0,0.0,2.0e-5,5.0e-5,0.00013,0.529031,0.00706,0.000223,0.51528,0.52432,0.52905,0.53388,0.54238,3.2e-5,4.0e-5,1.0e-6,0.0,0.0,2.0e-5,5.0e-5,0.00013,0.529064,0.00706,0.000223,0.51529,0.52438,0.52907,0.53388,0.54249
118.25,0.470935,0.00706,0.000223,0.45751,0.46612,0.47093,0.47562,0.48471,3.1e-5,4.0e-5,1.0e-6,0.0,0.0,2.0e-5,5.0e-5,0.00013,0.529033,0.00706,0.000223,0.51528,0.52432,0.52905,0.53388,0.54239,3.1e-5,4.0e-5,1.0e-6,0.0,0.0,2.0e-5,5.0e-5,0.00013,0.529065,0.00706,0.000223,0.51529,0.52438,0.52907,0.53388,0.54249
118.5,0.470934,0.00706,0.000223,0.45751,0.46612,0.47093,0.47561,0.48471,3.0e-5,4.0e-5,1.0e-6,0.0,0.0,2.0e-5,5.0e-5,0.00012,0.529036,0.00706,0.000223,0.51528,0.52433,0.52905,0.53388,0.5424,3.0e-5,4.0e-5,1.0e-6,0.0,0.0,2.0e-5,5.0e-5,0.00012,0.529066,0.00706,0.000223,0.51529,0.52439,0.52907,0.53388,0.54249
118.75,0.470933,0.00706,0.000223,0.45751,0.46612,0.47093,0.47561,0.4847,3.0e-5,4.0e-5,1.0e-6,0.0,0.0,2.0e-5,4.0e-5,0.00013,0.529037,0.00706,0.000223,0.51528,0.52433,0.52905,0.53388,0.54242,3.0e-5,4.0e-5,1.0e-6,0.0,0.0,2.0e-5,4.0e-5,0.00013,0.529067,0.00706,0.000223,0.5153,0.52439,0.52907,0.53388,0.54249
119.0,0.470932,0.00706,0.000223,0.45751,0.46612,0.47093,0.47561,0.4847,2.9e-5,4.0e-5,1.0e-6,0.0,0.0,2.0e-5,4.0e-5,0.00012,0.529039,0.00706,0.000223,0.51528,0.52433,0.52905,0.53388,0.54242,2.9e-5,4.0e-5,1.0e-6,0.0,0.0,2.0e-5,4.0e-5,0.00012,0.529068,0.00706,0.000223,0.5153,0.52439,0.52907,0.53388,0.54249
119.25,0.470931,0.00706,0.000223,0.45751,0.46612,0.47093,0.47561,0.4847,2.8e-5,4.0e-5,1.0e-6,0.0,0.0,1.0e-5,4.0e-5,0.00012,0.529041,0.00706,0.000223,0.51528,0.52433,0.52905,0.53388,0.54243,2.8e-5,4.0e-5,1.0e-6,0.0,0.0,1.0e-5,4.0e-5,0.00012,0.529069,0.00706,0.000223,0.5153,0.52439,0.52907,0.53388,0.54249
119.5,0.47093,0.00706,0.000223,0.45751,0.46612,0.47093,0.47561,0.4847,2.7e-5,4.0e-5,1.0e-6,0.0,0.0,1.0e-5,4.0e-5,0.00012,0.529043,0.00706,0.000223,0.51528,0.52434,0.52905,0.53388,0.54245,2.7e-5,4.0e-5,1.0e-6,0.0,0.0,1.0e-5,4.0e-5,0.00012,0.52907,0.00706,0.000223,0.5153,0.52439,0.52907,0.53388,0.54249
119.75,0.470929,0.00706,0.000223,0.45751,0.46612,0.47093,0.47561,0.48469,2.7e-5,3.0e-5,1.0e-6,0.0,0.0,1.0e-5,4.0e-5,0.00012,0.529044,0.00706,0.000223,0.51528,0.52434,0.52905,0.53388,0.54245,2.7e-5,3.0e-5,1.0e-6,0.0,0.0,1.0e-5,4.0e-5,0.00012,0.529071,0.00706,0.000223,0.51531,0.52439,0.52907,0.53388,0.54249
120.0,0.470928,0.00706,0.000223,0.45751,0.46612,0.47093,0.47561,0.48468,2.6e-5,3.0e-5,1.0e-6,0.0,0.0,1.0e-5,4.0e-5,0.00012,0.529046,0.00706,0.000223,0.51528,0.52435,0.52905,0.53388,0.54245,2.6e-5,3.0e-5,1.0e-6,0.0,0.0,1.0e-5,4.0e-5,0.00012,0.529072,0.00706,0.000223,0.51532,0.52439,0.52907,0.53388,0.54249
120.25,0.470927,0.00706,0.000223,0.45751,0.46612,0.47093,0.47561,0.48468,2.5e-5,3.0e-5,1.0e-6,0.0,0.0,1.0e-5,4.0e-5,0.00012,0.529048,0.00706,0.000223,0.51528,0.52435,0.52906,0.53388,0.54245,2.5e-5,3.0e-5,1.0e-6,0.0,0.0,1.0e-5,4.0e-5,0.00012,0.529073,0.00706,0.000223,0.51532,0.52439,0.52907,0.53388,0.54249
120.5,0.470926,0.00706,0.000223,0.45751,0.46612,0.47093,0.47561,0.48468,2.5e-5,3.0e-5,1.0e-6,0.0,0.0,1.0e-5,4.0e-5,0.00012,0.529049,0.00706,0.000223,0.51528,0.52435,0.52906,0.53388,0.54246,2.5e-5,3.0e-5,1.0e-6,0.0,0.0,1.0e-5,4.0e-5,0.00012,0.529074,0.00706,0.000223,0.51532,0.52439,0.52907,0.53388,0.54249
120.75,0.470925,0.00706,0.000223,0.45751,0.46612,0.47093,0.47561,0.48467,2.4e-5,3.0e-5,1.0e-6,0.0,0.0,1.0e-5,4.0e-5,0.00012,0.529051,0.00706,0.000223,0.51528,0.52435,0.52906,0.53388,0.54247,2.4e-5,3.0e-5,1.0e-6,0.0,0.0,1.0e-5,4.0e-5,0.00012,0.529075,0.00706,0.000223,0.51533,0.52439,0.52907,0.53388,0.54249
121.0,0.470924,0.00706,0.000223,0.45751,0.46612,0.47093,0.47561,0.48467,2.3e-5,3.0e-5,1.0e-6,0.0,0.0,1.0e-5,4.0e-5,0.00011,0.529053,0.00706,0.000223,0.51528,0.52435,0.52906,0.53388,0.54248,2.3e-5,3.0e-5,1.0e-6,0.0,0.0,1.0e-5,4.0e-5,0.00011,0.529076,0.00706,0.000223,0.51533,0.52439,0.52907,0.53388,0.54249
121.25,0.470923,0.00706,0.000223,0.45751,0.46612,0.47092,0.47561,0.48467,2.3e-5,3.0e-5,1.0e-6,0.0,0.0,1.0e-5,3.0e-5,0.00011,0.529054,0.00706,0.000223,0.51528,0.52435,0.52906,0.53388,0.54248,2.3e-5,3.0e-5,1.0e-6,0.0,0.0,1.0e-5,3.0e-5,0.00011,0.529077,0.00706,0.000223,0.51533,0.52439,0.52908,0.53388,0.54249
121.5,0.470923,0.00706,0.000223,0.45751,0.46612,0.47092,0.47561,0.48467,2.2e-5,3.0e-5,1.0e-6,0.0,0.0,1.0e-5,3.0e-5,0.00011,0.529055,0.00706,0.000223,0.51529,0.52436,0.52906,0.53388,0.54248,2.2e-5,3.0e-5,1.0e-6,0.0,0.0,1.0e-5,3.0e-5,0.00011,0.529077,0.00706,0.000223,0.51533,0.52439,0.52908,0.53388,0.54249
121.75,0.470922,0.00706,0.000223,0.45751,0.46612,0.47092,0.47561,0.48467,2.2e-5,3.0e-5,1.0e-6,0.0,0.0,1.0e-5,3.0e-5,0.00011,0.529056,0.00706,0.000223,0.51529,0.52436,0.52906,0.53388,0.54248,2.2e-5,3.0e-5,1.0e-6,0.0,0.0,1.0e-5,3.0e-5,0.00011,0.529078,0.00706,0.000223,0.51533,0.52439,0.52908,0.53388,0.54249
122.0,0.470921,0.00706,0.000223,0.45751,0.46612,0.47092,0.47561,0.48467,2.1e-5,3.0e-5,1.0e-6,0.0,0.0,1.0e-5,3.0e-5,0.00011,0.529058,0.00706,0.000223,0.5153,0.52436,0.52906,0.53388,0.54248,2.1e-5,3.0e-5,1.0e-6,0.0,0.0,1.0e-5,3.0e-5,0.00011,0.529079,0.00706,0.000223,0.51533,0.52439,0.52908,0.53388,0.54249
122.25,0.47092,0.00706,0.000223,0.45751,0.46612,0.47092,0.47561,0.48467,2.1e-5,3.0e-5,1.0e-6,0.0,0.0,1.0e-5,3.0e-5,0.00011,0.529059,0.00706,0.000223,0.5153,0.52436,0.52906,0.53388,0.54248,2.1e-5,3.0e-5,1.0e-6,0.0,0.0,1.0e-5,3.0e-5,0.00011,0.52908,0.00706,0.000223,0.51533,0.52439,0.52908,0.53388,0.54249
122.5,0.47092,0.00705,0.000223,0.45751,0.46612,0.47092,0.47561,0.48467,2.0e-5,3.0e-5,1.0e-6,0.0,0.0,1.0e-5,3.0e-5,0.00011,0.52906,0.00706,0.000223,0.5153,0.52436,0.52906,0.53388,0.54248,2.0e-5,3.0e-5,1.0e-6,0.0,0.0,1.0e-5,3.0e-5,0.00011,0.52908,0.00705,0.000223,0.51533,0.52439,0.52908,0.53388,0.54249
122.75,0.470919,0.00705,0.000223,0.45751,0.46612,0.47092,0.47561,0.48466,1.9e-5,3.0e-5,1.0e-6,0.0,0.0,1.0e-5,3.0e-5,0.0001,0.529062,0.00706,0.000223,0.5153,0.52436,0.52906,0.53388,0.54248,1.9e-5,3.0e-5,1.0e-6,0.0,0.0,1.0e-5,3.0e-5,0.0001,0.529081,0.00705,0.000223,0.51534,0.52439,0.52908,0.53388,0.54249
123.0,0.470918,0.00705,0.000223,0.45751,0.46612,0.47092,0.47561,0.48466,1.9e-5,3.0e-5,1.0e-6,0.0,0.0,1.0e-5,3.0e-5,0.0001,0.529063,0.00706,0.000223,0.5153,0.52436,0.52906,0.53388,0.54248,1.9e-5,3.0e-5,1.0e-6,0.0,0.0,1.0e-5,3.0e-5,0.0001,0.529082,0.00705,0.000223,0.51534,0.52439,0.52908,0.53388,0.54249
123.25,0.470918,0.00705,0.000223,0.45751,0.46612,0.47092,0.47561,0.48466,1.8e-5,3.0e-5,1.0e-6,0.0,0.0,0.0,3.0e-5,9.0e-5,0.529064,0.00706,0.000223,0.51531,0.52437,0.52906,0.53388,0.54248,1.8e-5,3.0e-5,1.0e-6,0.0,0.0,0.0,3.0e-5,9.0e-5,0.529082,0.00705,0.000223,0.51534,0.52439,0.52908,0.53388,0.54249
123.5,0.470917,0.00705,0.000223,0.45751,0.46612,0.47092,0.4756,0.48466,1.8e-5,3.0e-5,1.0e-6,0.0,0.0,0.0,3.0e-5,0.0001,0.529065,0.00706,0.000223,0.51532,0.52437,0.52907,0.53388,0.54248,1.8e-5,3.0e-5,1.0e-6,0.0,0.0,0.0,3.0e-5,0.0001,0.529083,0.00705,0.000223,0.51534,0.52439,0.52908,0.53388,0.54249
123.75,0.470917,0.00705,0.000223,0.45751,0.46612,0.47092,0.4756,0.48466,1.7e-5,3.0e-5,1.0e-6,0.0,0.0,0.0,3.0e-5,0.0001,0.529066,0.00706,0.000223,0.51532,0.52437,0.52907,0.53388,0.54248,1.7e-5,3.0e-5,1.0e-6,0.0,0.0,0.0,3.0e-5,0.0001,0.529083,0.00705,0.000223,0.51534,0.52439,0.52908,0.53388,0.54249
124.0,0.470916,0.00705,0.000223,0.4575,0.46612,0.47092,0.4756,0.48466,1.7e-5,3.0e-5,1.0e-6,0.0,0.0,0.0,2.0e-5,9.0e-5,0.529067,0.00706,0.000223,0.51532,0.52437,0.52907,0.53388,0.54248,1.7e-5,3.0e-5,1.0e-6,0.0,0.0,0.0,2.0e-5,9.0e-5,0.529084,0.00705,0.000223,0.51534,0.52439,0.52908,0.53388,0.5425
124.25,0.470915,0.00705,0.000223,0.4575,0.46612,0.47092,0.4756,0.48466,1.6e-5,3.0e-5,1.0e-6,0.0,0.0,0.0,2.0e-5,0.0001,0.529068,0.00706,0.000223,0.51532,0.52437,0.52907,0.53388,0.54248,1.6e-5,3.0e-5,1.0e-6,0.0,0.0,0.0,2.0e-5,0.0001,0.529085,0.00705,0.000223,0.51534,0.52439,0.52908,0.53388,0.5425
124.5,0.470915,0.00705,0.000223,0.4575,0.46612,0.47092,0.4756,0.48466,1.6e-5,3.0e-5,1.0e-6,0.0,0.0,0.0,2.0e-5,9.0e-5,0.529069,0.00706,0.000223,0.51533,0.52437,0.52907,0.53388,0.54248,1.6e-5,3.0e-5,1.0e-6,0.0,0.0,0.0,2.0e-5,9.0e-5,0.529085,0.00705,0.000223,0.51534,0.52439,0.52908,0.53388,0.5425
124.75,0.470914,0.00705,0.000223,0.4575,0.46612,0.47092,0.4756,0.48466,1.6e-5,3.0e-5,1.0e-6,0.0,0.0,0.0,2.0e-5,9.0e-5,0.52907,0.00706,0.000223,0.51533,0.52437,0.52907,0.53388,0.54248,1.6e-5,3.0e-5,1.0e-6,0.0,0.0,0.0,2.0e-5,9.0e-5,0.529086,0.00705,0.000223,0.51534,0.52439,0.52908,0.53388,0.5425
125.0,0.470914,0.00705,0.000223,0.4575,0.46612,0.47092,0.4756,0.48466,1.5e-5,3.0e-5,1.0e-6,0.0,0.0,0.0,2.0e-5,9.0e-5,0.529071,0.00706,0.000223,0.51533,0.52437,0.52907,0.53388,0.54248,1.5e-5,3.0e-5,1.0e-6,0.0,0.0,0.0,2.0e-5,9.0e-5,0.529086,0.00705,0.000223,0.51534,0.52439,0.52908,0.53388,0.5425
125.25,0.470913,0.00705,0.000223,0.4575,0.46612,0.47092,0.4756,0.48466,1.5e-5,2.0e-5,1.0e-6,0.0,0.0,0.0,2.0e-5,9.0e-5,0.529072,0.00706,0.000223,0.51533,0.52438,0.52907,0.53388,0.54248,1.5e-5,2.0e-5,1.0e-6,0.0,0.0,0.0,2.0e-5,9.0e-5,0.529087,0.00705,0.000223,0.51534,0.52439,0.52908,0.53388,0.5425
125.5,0.470913,0.00705,0.000223,0.4575,0.46612,0.47092,0.4756,0.48466,1.4e-5,2.0e-5,1.0e-6,0.0,0.0,0.0,2.0e-5,9.0e-5,0.529073,0.00706,0.000223,0.51533,0.52438,0.52907,0.53388,0.54248,1.4e-5,2.0e-5,1.0e-6,0.0,0.0,0.0,2.0e-5,9.0e-5,0.529087,0.00705,0.000223,0.51534,0.52439,0.52908,0.53388,0.5425
125.75,0.470912,0.00705,0.000223,0.4575,0.46612,0.47092,0.4756,0.48466,1.4e-5,2.0e-5,1.0e-6,0.0,0.0,0.0,2.0e-5,9.0e-5,0.529074,0.00706,0.000223,0.51533,0.52438,0.52907,0.53388,0.54248,1.4e-5,2.0e-5,1.0e-6,0.0,0.0,0.0,2.0e-5,9.0e-5,0.529088,0.00705,0.000223,0.51534,0.52439,0.52908,0.53388,0.5425
126.0,0.470911,0.00705,0.000223,0.4575,0.46612,0.47092,0.4756,0.48466,1.4e-5,2.0e-5,1.0e-6,0.0,0.0,0.0,2.0e-5,9.0e-5,0.529075,0.00706,0.000223,0.51533,0.52438,0.52907,0.53388,0.54248,1.4e-5,2.0e-5,1.0e-6,0.0,0.0,0.0,2.0e-5,9.0e-5,0.529089,0.00705,0.000223,0.51534,0.52439,0.52908,0.53388,0.5425
126.25,0.470911,0.00705,0.000223,0.4575,0.46612,0.47092,0.4756,0.48466,1.3e-5,2.0e-5,1.0e-6,0.0,0.0,0.0,2.0e-5,8.0e-5,0.529076,0.00706,0.000223,0.51533,0.52438,0.52907,0.53388,0.54248,1.3e-5,2.0e-5,1.0e-6,0.0,0.0,0.0,2.0e-5,8.0e-5,0.529089,0.00705,0.000223,0.51534,0.52439,0.52908,0.53388,0.5425
126.5,0.470911,0.00705,0.000223,0.4575,0.46612,0.47092,0.4756,0.48466,1.3e-5,2.0e-5,1.0e-6,0.0,0.0,0.0,2.0e-5,8.0e-5,0.529077,0.00706,0.000223,0.51533,0.52438,0.52908,0.53388,0.54248,1.3e-5,2.0e-5,1.0e-6,0.0,0.0,0.0,2.0e-5,8.0e-5,0.529089,0.00705,0.000223,0.51534,0.52439,0.52908,0.53388,0.5425
126.75,0.47091,0.00705,0.000223,0.4575,0.46612,0.47092,0.4756,0.48466,1.2e-5,2.0e-5,1.0e-6,0.0,0.0,0.0,2.0e-5,8.0e-5,0.529077,0.00706,0.000223,0.51533,0.52438,0.52908,0.53388,0.54248,1.2e-5,2.0e-5,1.0e-6,0.0,0.0,0.0,2.0e-5,8.0e-5,0.52909,0.00705,0.000223,0.51534,0.52439,0.52908,0.53388,0.5425
127.0,0.47091,0.00705,0.000223,0.4575,0.46612,0.47092,0.4756,0.48466,1.2e-5,2.0e-5,1.0e-6,0.0,0.0,0.0,2.0e-5,8.0e-5,0.529078,0.00706,0.000223,0.51533,0.52438,0.52908,0.53388,0.54248,1.2e-5,2.0e-5,1.0e-6,0.0,0.0,0.0,2.0e-5,8.0e-5,0.52909,0.00705,0.000223,0.51534,0.52439,0.52908,0.53388,0.5425
127.25,0.470909,0.00705,0.000223,0.4575,0.46612,0.47092,0.4756,0.48466,1.2e-5,2.0e-5,1.0e-6,0.0,0.0,0.0,1.0e-5,7.0e-5,0.529079,0.00706,0.000223,0.51533,0.52438,0.52908,0.53388,0.54248,1.2e-5,2.0e-5,1.0e-6,0.0,0.0,0.0,1.0e-5,7.0e-5,0.529091,0.00705,0.000223,0.51534,0.52439,0.52908,0.53388,0.5425
127.5,0.470909,0.00705,0.000223,0.4575,0.46612,0.47092,0.4756,0.48466,1.1e-5,2.0e-5,1.0e-6,0.0,0.0,0.0,1.0e-5,7.0e-5,0.52908,0.00705,0.000223,0.51533,0.52438,0.52908,0.53388,0.54248,1.1e-5,2.0e-5,1.0e-6,0.0,0.0,0.0,1.0e-5,7.0e-5,0.529091,0.00705,0.000223,0.51534,0.52439,0.52908,0.53388,0.5425
127.75,0.470908,0.00705,0.000223,0.4575,0.46612,0.47092,0.4756,0.48465,1.1e-5,2.0e-5,1.0e-6,0.0,0.0,0.0,1.0e-5,7.0e-5,0.529081,0.00705,0.000223,0.51533,0.52438,0.52908,0.53388,0.54248,1.1e-5,2.0e-5,1.0e-6,0.0,0.0,0.0,1.0e-5,7.0e-5,0.529092,0.00705,0.000223,0.51535,0.52439,0.52908,0.53388,0.5425
128.0,0.470908,0.00705,0.000223,0.4575,0.46612,0.47092,0.4756,0.48465,1.1e-5,2.0e-5,1.0e-6,0.0,0.0,0.0,1.0e-5,7.0e-5,0.529081,0.00705,0.000223,0.51533,0.52438,0.52908,0.53388,0.54248,1.1e-5,2.0e-5,1.0e-6,0.0,0.0,0.0,1.0e-5,7.0e-5,0.529092,0.00705,0.000223,0.51535,0.52439,0.52908,0.53388,0.5425
128.25,0.470908,0.00705,0.000223,0.4575,0.46612,0.47092,0.4756,0.48465,1.0e-5,2.0e-5,1.0e-6,0.0,0.0,0.0,1.0e-5,7.0e-5,0.529082,0.00705,0.000223,0.51533,0.52439,0.52908,0.53388,0.54248,1.0e-5,2.0e-5,1.0e-6,0.0,0.0,0.0,1.0e-5,7.0e-5,0.529092,0.00705,0.000223,0.51535,0.52439,0.52908,0.53388,0.5425
128.5,0.470907,0.00705,0.000223,0.4575,0.46612,0.47092,0.4756,0.48465,1.0e-5,2.0e-5,1.0e-6,0.0,0.0,0.0,1.0e-5,7.0e-5,0.529083,0.00705,0.000223,0.51533,0.52439,0.52908,0.53388,0.54248,1.0e-5,2.0e-5,1.0e-6,0.0,0.0,0.0,1.0e-5,7.0e-5,0.529093,0.00705,0.000223,0.51535,0.52439,0.52908,0.53388,0.5425
128.75,0.470907,0.00705,0.000223,0.4575,0.46612,0.47092,0.4756,0.48464,1.0e-5,2.0e-5,1.0e-6,0.0,0.0,0.0,1.0e-5,7.0e-5,0.529083,0.00705,0.000223,0.51533,0.52439,0.52908,0.53388,0.54248,1.0e-5,2.0e-5,1.0e-6,0.0,0.0,0.0,1.0e-5,7.0e-5,0.529093,0.00705,0.000223,0.51536,0.52439,0.52908,0.53388,0.5425
129.0,0.470906,0.00705,0.000223,0.4575,0.46612,0.47092,0.4756,0.48464,1.0e-5,2.0e-5,1.0e-6,0.0,0.0,0.0,1.0e-5,7.0e-5,0.529084,0.00705,0.000223,0.51533,0.52439,0.52908,0.53388,0.54249,1.0e-5,2.0e-5,1.0e-6,0.0,0.0,0.0,1.0e-5,7.0e-5,0.529094,0.00705,0.000223,0.51536,0.52439,0.52908,0.53388,0.5425
129.25,0.470906,0.00705,0.000223,0.4575,0.46612,0.47092,0.4756,0.48464,1.0e-5,2.0e-5,1.0e-6,0.0,0.0,0.0,1.0e-5,7.0e-5,0.529084,0.00705,0.000223,0.51533,0.52439,0.52908,0.53388,0.54249,1.0e-5,2.0e-5,1.0e-6,0.0,0.0,0.0,1.0e-5,7.0e-5,0.529094,0.00705,0.000223,0.51536,0.52439,0.52908,0.53388,0.5425
129.5,0.470906,0.00705,0.000223,0.4575,0.46612,0.47091,0.4756,0.48464,1.0e-5,2.0e-5,1.0e-6,0.0,0.0,0.0,1.0e-5,7.0e-5,0.529085,0.00705,0.000223,0.51533,0.52439,0.52908,0.53388,0.54249,1.0e-5,2.0e-5,1.0e-6,0.0,0.0,0.0,1.0e-5,7.0e-5,0.529094,0.00705,0.000223,0.51536,0.52439,0.52909,0.53388,0.5425
129.75,0.470905,0.00705,0.000223,0.4575,0.46612,0.47091,0.4756,0.48464,9.0e-6,2.0e-5,1.0e-6,0.0,0.0,0.0,1.0e-5,7.0e-5,0.529085,0.00705,0.000223,0.51533,0.52439,0.52908,0.53388,0.54249,9.0e-6,2.0e-5,1.0e-6,0.0,0.0,0.0,1.0e-5,7.0e-5,0.529095,0.00705,0.000223,0.51536,0.52439,0.52909,0.53388,0.5425
130.0,0.470905,0.00705,0.000223,0.4575,0.46612,0.47091,0.4756,0.48464,9.0e-6,2.0e-5,1.0e-6,0.0,0.0,0.0,1.0e-5,7.0e-5,0.529086,0.00705,0.000223,0.51533,0.52439,0.52908,0.53388,0.54249,9.0e-6,2.0e-5,1.0e-6,0.0,0.0,0.0,1.0e-5,7.0e-5,0.529095,0.00705,0.000223,0.51536,0.52439,0.52909,0.53388,0.5425
130.25,0.470905,0.00705,0.000223,0.4575,0.46612,0.47091,0.4756,0.48464,9.0e-6,2.0e-5,1.0e-6,0.0,0.0,0.0,1.0e-5,6.0e-5,0.529087,0.00705,0.000223,0.51533,0.52439,0.52908,0.53388,0.54249,9.0e-6,2.0e-5,1.0e-6,0.0,0.0,0.0,1.0e-5,6.0e-5,0.529095,0.00705,0.000223,0.51536,0.52439,0.52909,0.53388,0.5425
130.5,0.470904,0.00705,0.000223,0.4575,0.46612,0.47091,0.4756,0.48464,8.0e-6,2.0e-5,1.0e-6,0.0,0.0,0.0,1.0e-5,7.0e-5,0.529087,0.00705,0.000223,0.51534,0.52439,0.52908,0.53388,0.54249,8.0e-6,2.0e-5,1.0e-6,0.0,0.0,0.0,1.0e-5,7.0e-5,0.529096,0.00705,0.000223,0.51536,0.52439,0.52909,0.53388,0.5425
130.75,0.470904,0.00705,0.000223,0.4575,0.46612,0.47091,0.4756,0.48464,8.0e-6,2.0e-5,1.0e-6,0.0,0.0,0.0,1.0e-5,7.0e-5,0.529088,0.00705,0.000223,0.51534,0.52439,0.52908,0.53388,0.54249,8.0e-6,2.0e-5,1.0e-6,0.0,0.0,0.0,1.0e-5,7.0e-5,0.529096,0.00705,0.000223,0.51536,0.52439,0.52909,0.53388,0.5425
131.0,0.470904,0.00705,0.000223,0.4575,0.46612,0.47091,0.4756,0.48464,8.0e-6,2.0e-5,1.0e-6,0.0,0.0,0.0,1.0e-5,7.0e-5,0.529088,0.00705,0.000223,0.51534,0.52439,0.52908,0.53388,0.54249,8.0e-6,2.0e-5,1.0e-6,0.0,0.0,0.0,1.0e-5,7.0e-5,0.529096,0.00705,0.000223,0.51536,0.52439,0.52909,0.53388,0.5425
131.25,0.470904,0.00705,0.000223,0.4575,0.46612,0.47091,0.4756,0.48464,8.0e-6,2.0e-5,1.0e-6,0.0,0.0,0.0,1.0e-5,6.0e-5,0.529089,0.00705,0.000223,0.51534,0.52439,0.52908,0.53388,0.54249,8.0e-6,2.0e-5,1.0e-6,0.0,0.0,0.0,1.0e-5,6.0e-5,0.529096,0.00705,0.000223,0.51536,0.52439,0.52909,0.53388,0.5425
131.5,0.470903,0.00705,0.000223,0.4575,0.46612,0.4709,0.4756,0.48464,8.0e-6,2.0e-5,1.0e-6,0.0,0.0,0.0,1.0e-5,6.0e-5,0.529089,0.00705,0.000223,0.51534,0.52439,0.52908,0.53388,0.54249,8.0e-6,2.0e-5,1.0e-6,0.0,0.0,0.0,1.0e-5,6.0e-5,0.529097,0.00705,0.000223,0.51536,0.52439,0.5291,0.53388,0.5425
131.75,0.470903,0.00705,0.000223,0.4575,0.46612,0.4709,0.4756,0.48464,7.0e-6,2.0e-5,1.0e-6,0.0,0.0,0.0,0.0,6.0e-5,0.52909,0.00705,0.000223,0.51534,0.52439,0.52908,0.53388,0.5425,7.0e-6,2.0e-5,1.0e-6,0.0,0.0,0.0,0.0,6.0e-5,0.529097,0.00705,0.000223,0.51536,0.52439,0.5291,0.53388,0.5425
132.0,0.470903,0.00705,0.000223,0.4575,0.46612,0.4709,0.4756,0.48464,7.0e-6,2.0e-5,1.0e-6,0.0,0.0,0.0,0.0,6.0e-5,0.52909,0.00705,0.000223,0.51534,0.52439,0.52908,0.53388,0.5425,7.0e-6,2.0e-5,1.0e-6,0.0,0.0,0.0,0.0,6.0e-5,0.529097,0.00705,0.000223,0.51536,0.52439,0.5291,0.53388,0.5425
132.25,0.470903,0.00705,0.000223,0.4575,0.46612,0.4709,0.4756,0.48464,7.0e-6,2.0e-5,1.0e-6,0.0,0.0,0.0,0.0,6.0e-5,0.529091,0.00705,0.000223,0.51534,0.52439,0.52908,0.53388,0.5425,7.0e-6,2.0e-5,1.0e-6,0.0,0.0,0.0,0.0,6.0e-5,0.529097,0.00705,0.000223,0.51536,0.52439,0.5291,0.53388,0.5425
132.5,0.470902,0.00705,0.000223,0.4575,0.46612,0.4709,0.4756,0.48464,7.0e-6,2.0e-5,1.0e-6,0.0,0.0,0.0,0.0,6.0e-5,0.529091,0.00705,0.000223,0.51534,0.52439,0.52908,0.53388,0.5425,7.0e-6,2.0e-5,1.0e-6,0.0,0.0,0.0,0.0,6.0e-5,0.529098,0.00705,0.000223,0.51536,0.52439,0.5291,0.53388,0.5425
132.75,0.470902,0.00705,0.000223,0.4575,0.46612,0.4709,0.4756,0.48464,7.0e-6,2.0e-5,1.0e-6,0.0,0.0,0.0,0.0,5.0e-5,0.529091,0.00705,0.000223,0.51534,0.52439,0.52908,0.53388,0.5425,7.0e-6,2.0e-5,1.0e-6,0.0,0.0,0.0,0.0,5.0e-5,0.529098,0.00705,0.000223,0.51536,0.52439,0.5291,0.53388,0.5425
133.0,0.470902,0.00705,0.000223,0.4575,0.46612,0.4709,0.4756,0.48464,6.0e-6,2.0e-5,1.0e-6,0.0,0.0,0.0,0.0,5.0e-5,0.529092,0.00705,0.000223,0.51534,0.52439,0.52908,0.53388,0.5425,6.0e-6,2.0e-5,1.0e-6,0.0,0.0,0.0,0.0,5.0e-5,0.529098,0.00705,0.000223,0.51536,0.52439,0.5291,0.53388,0.5425
133.25,0.470902,0.00705,0.000223,0.4575,0.46612,0.4709,0.4756,0.48464,6.0e-6,2.0e-5,0.0,0.0,0.0,0.0,0.0,5.0e-5,0.529092,0.00705,0.000223,0.51535,0.52439,0.52908,0.53388,0.5425,6.0e-6,2.0e-5,0.0,0.0,0.0,0.0,0.0,5.0e-5,0.529098,0.00705,0.000223,0.51536,0.52439,0.5291,0.53388,0.5425
133.5,0.470901,0.00705,0.000223,0.4575,0.46612,0.4709,0.4756,0.48464,6.0e-6,2.0e-5,0.0,0.0,0.0,0.0,0.0,5.0e-5,0.529093,0.00705,0.000223,0.51535,0.52439,0.52909,0.53388,0.5425,6.0e-6,2.0e-5,0.0,0.0,0.0,0.0,0.0,5.0e-5,0.529099,0.00705,0.000223,0.51536,0.52439,0.5291,0.53388,0.5425
133.75,0.470901,0.00705,0.000223,0.4575,0.46612,0.4709,0.4756,0.48464,6.0e-6,2.0e-5,0.0,0.0,0.0,0.0,0.0,5.0e-5,0.529093,0.00705,0.000223,0.51535,0.52439,0.52909,0.53388,0.5425,6.0e-6,2.0e-5,0.0,0.0,0.0,0.0,0.0,5.0e-5,0.529099,0.00705,0.000223,0.51536,0.52439,0.5291,0.53388,0.5425
134.0,0.470901,0.00705,0.000223,0.4575,0.46612,0.4709,0.4756,0.48464,5.0e-6,1.0e-5,0.0,0.0,0.0,0.0,0.0,5.0e-5,0.529094,0.00705,0.000223,0.51535,0.52439,0.52909,0.53388,0.5425,5.0e-6,1.0e-5,0.0,0.0,0.0,0.0,0.0,5.0e-5,0.529099,0.00705,0.000223,0.51536,0.52439,0.5291,0.53388,0.5425
134.25,0.470901,0.00705,0.000223,0.4575,0.46612,0.4709,0.4756,0.48464,5.0e-6,1.0e-5,0.0,0.0,0.0,0.0,0.0,5.0e-5,0.529094,0.00705,0.000223,0.51535,0.52439,0.52909,0.53388,0.5425,5.0e-6,1.0e-5,0.0,0.0,0.0,0.0,0.0,5.0e-5,0.529099,0.00705,0.000223,0.51536,0.52439,0.5291,0.53388,0.5425
134.5,0.470901,0.00705,0.000223,0.4575,0.46612,0.4709,0.4756,0.48464,5.0e-6,1.0e-5,0.0,0.0,0.0,0.0,0.0,5.0e-5,0.529094,0.00705,0.000223,0.51535,0.52439,0.52909,0.53388,0.5425,5.0e-6,1.0e-5,0.0,0.0,0.0,0.0,0.0,5.0e-5,0.529099,0.00705,0.000223,0.51536,0.52439,0.5291,0.53388,0.5425
134.75,0.4709,0.00705,0.000223,0.4575,0.46612,0.4709,0.4756,0.48464,5.0e-6,1.0e-5,0.0,0.0,0.0,0.0,0.0,5.0e-5,0.529095,0.00705,0.000223,0.51535,0.52439,0.52909,0.53388,0.5425,5.0e-6,1.0e-5,0.0,0.0,0.0,0.0,0.0,5.0e-5,0.5291,0.00705,0.000223,0.51536,0.52439,0.5291,0.53388,0.5425
135.0,0.4709,0.00705,0.000223,0.4575,0.46612,0.4709,0.4756,0.48464,5.0e-6,1.0e-5,0.0,0.0,0.0,0.0,0.0,5.0e-5,0.529095,0.00705,0.000223,0.51535,0.52439,0.52909,0.53388,0.5425,5.0e-6,1.0e-5,0.0,0.0,0.0,0.0,0.0,5.0e-5,0.5291,0.00705,0.000223,0.51536,0.52439,0.5291,0.53388,0.5425
135.25,0.4709,0.00705,0.000223,0.4575,0.46612,0.4709,0.4756,0.48464,5.0e-6,1.0e-5,0.0,0.0,0.0,0.0,0.0,5.0e-5,0.529095,0.00705,0.000223,0.51536,0.52439,0.52909,0.53388,0.5425,5.0e-6,1.0e-5,0.0,0.0,0.0,0.0,0.0,5.0e-5,0.5291,0.00705,0.000223,0.51536,0.52439,0.5291,0.53388,0.5425
135.5,0.4709,0.00705,0.000223,0.4575,0.46612,0.4709,0.4756,0.48464,5.0e-6,1.0e-5,0.0,0.0,0.0,0.0,0.0,5.0e-5,0.529095,0.00705,0.000223,0.51536,0.52439,0.5291,0.53388,0.5425,5.0e-6,1.0e-5,0.0,0.0,0.0,0.0,0.0,5.0e-5,0.5291,0.00705,0.000223,0.51536,0.52439,0.5291,0.53388,0.5425
135.75,0.4709,0.00705,0.000223,0.4575,0.46612,0.4709,0.4756,0.48464,5.0e-6,1.0e-5,0.0,0.0,0.0,0.0,0.0,5.0e-5,0.529096,0.00705,0.000223,0.51536,0.52439,0.5291,0.53388,0.5425,5.0e-6,1.0e-5,0.0,0.0,0.0,0.0,0.0,5.0e-5,0.5291,0.00705,0.000223,0.51536,0.52439,0.5291,0.53388,0.5425
136.0,0.4709,0.00705,0.000223,0.4575,0.46612,0.4709,0.4756,0.48464,4.0e-6,1.0e-5,0.0,0.0,0.0,0.0,0.0,4.0e-5,0.529096,0.00705,0.000223,0.51536,0.52439,0.5291,0.53388,0.5425,4.0e-6,1.0e-5,0.0,0.0,0.0,0.0,0.0,4.0e-5,0.5291,0.00705,0.000223,0.51536,0.52439,0.5291,0.53388,0.5425
136.25,0.470899,0.00705,0.000223,0.4575,0.46612,0.4709,0.4756,0.48464,4.0e-6,1.0e-5,0.0,0.0,0.0,0.0,0.0,5.0e-5,0.529096,0.00705,0.000223,0.51536,0.52439,0.5291,0.53388,0.5425,4.0e-6,1.0e-5,0.0,0.0,0.0,0.0,0.0,5.0e-5,0.529101,0.00705,0.000223,0.51536,0.52439,0.5291,0.53388,0.5425
136.5,0.470899,0.00705,0.000223,0.4575,0.46612,0.4709,0.4756,0.48464,4.0e-6,1.0e-5,0.0,0.0,0.0,0.0,0.0,5.0e-5,0.529097,0.00705,0.000223,0.51536,0.52439,0.5291,0.53388,0.5425,4.0e-6,1.0e-5,0.0,0.0,0.0,0.0,0.0,5.0e-5,0.529101,0.00705,0.000223,0.51536,0.52439,0.5291,0.53388,0.5425
136.75,0.470899,0.00705,0.000223,0.4575,0.46612,0.4709,0.4756,0.48464,4.0e-6,1.0e-5,0.0,0.0,0.0,0.0,0.0,4.0e-5,0.529097,0.00705,0.000223,0.51536,0.52439,0.5291,0.53388,0.5425,4.0e-6,1.0e-5,0.0,0.0,0.0,0.0,0.0,4.0e-5,0.529101,0.00705,0.000223,0.51536,0.52439,0.5291,0.53388,0.5425
137.0,0.470899,0.00705,0.000223,0.4575,0.46612,0.4709,0.4756,0.48464,4.0e-6,1.0e-5,0.0,0.0,0.0,0.0,0.0,4.0e-5,0.529097,0.00705,0.000223,0.51536,0.52439,0.5291,0.53388,0.5425,4.0e-6,1.0e-5,0.0,0.0,0.0,0.0,0.0,4.0e-5,0.529101,0.00705,0.000223,0.51536,0.52439,0.5291,0.53388,0.5425
137.25,0.470899,0.00705,0.000223,0.4575,0.46612,0.4709,0.4756,0.48464,4.0e-6,1.0e-5,0.0,0.0,0.0,0.0,0.0,5.0e-5,0.529097,0.00705,0.000223,0.51536,0.52439,0.5291,0.53388,0.5425,4.0e-6,1.0e-5,0.0,0.0,0.0,0.0,0.0,5.0e-5,0.529101,0.00705,0.000223,0.51536,0.52439,0.5291,0.53388,0.5425
137.5,0.470899,0.00705,0.000223,0.4575,0.46612,0.4709,0.4756,0.48464,4.0e-6,1.0e-5,0.0,0.0,0.0,0.0,0.0,4.0e-5,0.529098,0.00705,0.000223,0.51536,0.52439,0.5291,0.53388,0.5425,4.0e-6,1.0e-5,0.0,0.0,0.0,0.0,0.0,4.0e-5,0.529101,0.00705,0.000223,0.51536,0.52439,0.5291,0.53388,0.5425
137.75,0.470899,0.00705,0.000223,0.4575,0.46612,0.4709,0.4756,0.48464,4.0e-6,1.0e-5,0.0,0.0,0.0,0.0,0.0,4.0e-5,0.529098,0.00705,0.000223,0.51536,0.52439,0.5291,0.53388,0.5425,4.0e-6,1.0e-5,0.0,0.0,0.0,0.0,0.0,4.0e-5,0.529101,0.00705,0.000223,0.51536,0.52439,0.5291,0.53388,0.5425
138.0,0.470898,0.00705,0.000223,0.4575,0.46612,0.4709,0.4756,0.48464,4.0e-6,1.0e-5,0.0,0.0,0.0,0.0,0.0,4.0e-5,0.529098,0.00705,0.000223,0.51536,0.52439,0.5291,0.53388,0.5425,4.0e-6,1.0e-5,0.0,0.0,0.0,0.0,0.0,4.0e-5,0.529102,0.00705,0.000223,0.51536,0.52439,0.5291,0.53388,0.5425
138.25,0.470898,0.00705,0.000223,0.4575,0.46612,0.4709,0.4756,0.48464,4.0e-6,1.0e-5,0.0,0.0,0.0,0.0,0.0,4.0e-5,0.529098,0.00705,0.000223,0.51536,0.52439,0.5291,0.53388,0.5425,4.0e-6,1.0e-5,0.0,0.0,0.0,0.0,0.0,4.0e-5,0.529102,0.00705,0.000223,0.51536,0.52439,0.5291,0.53388,0.5425
138.5,0.470898,0.00705,0.000223,0.4575,0.46612,0.4709,0.4756,0.48464,4.0e-6,1.0e-5,0.0,0.0,0.0,0.0,0.0,4.0e-5,0.529098,0.00705,0.000223,0.51536,0.52439,0.5291,0.53388,0.5425,4.0e-6,1.0e-5,0.0,0.0,0.0,0.0,0.0,4.0e-5,0.529102,0.00705,0.000223,0.51536,0.52439,0.5291,0.53388,0.5425
138.75,0.470898,0.00705,0.000223,0.4575,0.46612,0.4709,0.4756,0.48464,3.0e-6,1.0e-5,0.0,0.0,0.0,0.0,0.0,4.0e-5,0.529099,0.00705,0.000223,0.51536,0.52439,0.5291,0.53388,0.5425,3.0e-6,1.0e-5,0.0,0.0,0.0,0.0,0.0,4.0e-5,0.529102,0.00705,0.000223,0.51536,0.52439,0.5291,0.53388,0.5425
139.0,0.470898,0.00705,0.000223,0.4575,0.46612,0.4709,0.4756,0.48464,3.0e-6,1.0e-5,0.0,0.0,0.0,0.0,0.0,4.0e-5,0.529099,0.00705,0.000223,0.51536,0.52439,0.5291,0.53388,0.5425,3.0e-6,1.0e-5,0.0,0.0,0.0,0.0,0.0,4.0e-5,0.529102,0.00705,0.000223,0.51536,0.52439,0.5291,0.53388,0.5425
139.25,0.470898,0.00705,0.000223,0.4575,0.46612,0.4709,0.4756,0.48464,3.0e-6,1.0e-5,0.0,0.0,0.0,0.0,0.0,4.0e-5,0.529099,0.00705,0.000223,0.51536,0.52439,0.5291,0.53388,0.5425,3.0e-6,1.0e-5,0.0,0.0,0.0,0.0,0.0,4.0e-5,0.529102,0.00705,0.000223,0.51536,0.52439,0.5291,0.53388,0.5425
139.5,0.470898,0.00705,0.000223,0.4575,0.46612,0.4709,0.4756,0.48464,3.0e-6,1.0e-5,0.0,0.0,0.0,0.0,0.0,4.0e-5,0.529099,0.00705,0.000223,0.51536,0.52439,0.5291,0.53388,0.5425,3.0e-6,1.0e-5,0.0,0.0,0.0,0.0,0.0,4.0e-5,0.529102,0.00705,0.000223,0.51536,0.52439,0.5291,0.53388,0.5425
139.75,0.470898,0.00705,0.000223,0.4575,0.46612,0.4709,0.4756,0.48464,3.0e-6,1.0e-5,0.0,0.0,0.0,0.0,0.0,4.0e-5,0.529099,0.00705,0.000223,0.51536,0.52439,0.5291,0.53388,0.5425,3.0e-6,1.0e-5,0.0,0.0,0.0,0.0,0.0,4.0e-5,0.529102,0.00705,0.000223,0.51536,0.52439,0.5291,0.53388,0.5425
140.0,0.470898,0.00705,0.000223,0.4575,0.46612,0.4709,0.4756,0.48464,3.0e-6,1.0e-5,0.0,0.0,0.0,0.0,0.0,4.0e-5,0.529099,0.00705,0.000223,0.51536,0.52439,0.5291,0.53388,0.5425,3.0e-6,1.0e-5,0.0,0.0,0.0,0.0,0.0,4.0e-5,0.529102,0.00705,0.000223,0.51536,0.52439,0.5291,0.53388,0.5425
140.25,0.470897,0.00705,0.000223,0.4575,0.46612,0.4709,0.4756,0.48464,3.0e-6,1.0e-5,0.0,0.0,0.0,0.0,0.0,3.0e-5,0.5291,0.00705,0.000223,0.51536,0.52439,0.5291,0.53388,0.5425,3.0e-6,1.0e-5,0.0,0.0,0.0,0.0,0.0,3.0e-5,0.529103,0.00705,0.000223,0.51536,0.52439,0.5291,0.53388,0.5425
140.5,0.470897,0.00705,0.000223,0.4575,0.46612,0.4709,0.4756,0.48464,3.0e-6,1.0e-5,0.0,0.0,0.0,0.0,0.0,3.0e-5,0.5291,0.00705,0.000223,0.51536,0.52439,0.5291,0.53388,0.5425,3.0e-6,1.0e-5,0.0,0.0,0.0,0.0,0.0,3.0e-5,0.529103,0.00705,0.000223,0.51536,0.52439,0.5291,0.53388,0.5425
140.75,0.470897,0.00705,0.000223,0.4575,0.46612,0.4709,0.4756,0.48464,3.0e-6,1.0e-5,0.0,0.0,0.0,0.0,0.0,3.0e-5,0.5291,0.00705,0.000223,0.51536,0.52439,0.5291,0.53388,0.5425,3.0e-6,1.0e-5,0.0,0.0,0.0,0.0,0.0,3.0e-5,0.529103,0.00705,0.000223,0.51536,0.52439,0.5291,0.53388,0.5425
141.0,0.470897,0.00705,0.000223,0.4575,0.46612,0.4709,0.4756,0.48464,3.0e-6,1.0e-5,0.0,0.0,0.0,0.0,0.0,3.0e-5,0.5291,0.00705,0.000223,0.51536,0.52439,0.5291,0.53388,0.5425,3.0e-6,1.0e-5,0.0,0.0,0.0,0.0,0.0,3.0e-5,0.529103,0.00705,0.000223,0.51536,0.52439,0.5291,0.53388,0.5425
141.25,0.470897,0.00705,0.000223,0.4575,0.46612,0.4709,0.4756,0.48464,3.0e-6,1.0e-5,0.0,0.0,0.0,0.0,0.0,3.0e-5,0.5291,0.00705,0.000223,0.51536,0.52439,0.5291,0.53388,0.5425,3.0e-6,1.0e-5,0.0,0.0,0.0,0.0,0.0,3.0e-5,0.529103,0.00705,0.000223,0.51536,0.52439,0.5291,0.53388,0.5425
141.5,0.470897,0.00705,0.000223,0.4575,0.46612,0.4709,0.4756,0.48464,3.0e-6,1.0e-5,0.0,0.0,0.0,0.0,0.0,4.0e-5,0.5291,0.00705,0.000223,0.51536,0.52439,0.5291,0.53388,0.5425,3.0e-6,1.0e-5,0.0,0.0,0.0,0.0,0.0,4.0e-5,0.529103,0.00705,0.000223,0.51536,0.52439,0.5291,0.53388,0.5425
141.75,0.470897,0.00705,0.000223,0.4575,0.46612,0.4709,0.4756,0.48464,3.0e-6,1.0e-5,0.0,0.0,0.0,0.0,0.0,4.0e-5,0.529101,0.00705,0.000223,0.51536,0.52439,0.5291,0.53388,0.5425,3.0e-6,1.0e-5,0.0,0.0,0.0,0.0,0.0,4.0e-5,0.529103,0.00705,0.000223,0.51536,0.52439,0.5291,0.53388,0.5425
142.0,0.470897,0.00705,0.000223,0.4575,0.46612,0.4709,0.4756,0.48464,2.0e-6,1.0e-5,0.0,0.0,0.0,0.0,0.0,3.0e-5,0.529101,0.00705,0.000223,0.51536,0.52439,0.5291,0.53388,0.5425,2.0e-6,1.0e-5,0.0,0.0,0.0,0.0,0.0,3.0e-5,0.529103,0.00705,0.000223,0.51536,0.52439,0.5291,0.53388,0.5425
142.25,0.470897,0.00705,0.000223,0.4575,0.46612,0.4709,0.4756,0.48464,2.0e-6,1.0e-5,0.0,0.0,0.0,0.0,0.0,3.0e-5,0.529101,0.00705,0.000223,0.51536,0.52439,0.5291,0.53388,0.5425,2.0e-6,1.0e-5,0.0,0.0,0.0,0.0,0.0,3.0e-5,0.529103,0.00705,0.000223,0.51536,0.52439,0.5291,0.53388,0.5425
142.5,0.470897,0.00705,0.000223,0.4575,0.46612,0.4709,0.4756,0.48464,2.0e-6,1.0e-5,0.0,0.0,0.0,0.0,0.0,3.0e-5,0.529101,0.00705,0.000223,0.51536,0.52439,0.5291,0.53388,0.5425,2.0e-6,1.0e-5,0.0,0.0,0.0,0.0,0.0,3.0e-5,0.529103,0.00705,0.000223,0.51536,0.52439,0.5291,0.53388,0.5425
142.75,0.470897,0.00705,0.000223,0.4575,0.46612,0.4709,0.4756,0.48464,2.0e-6,1.0e-5,0.0,0.0,0.0,0.0,0.0,3.0e-5,0.529101,0.00705,0.000223,0.51536,0.52439,0.5291,0.53388,0.5425,2.0e-6,1.0e-5,0.0,0.0,0.0,0.0,0.0,3.0e-5,0.529103,0.00705,0.000223,0.51536,0.52439,0.5291,0.53388,0.5425
143.0,0.470897,0.00705,0.000223,0.4575,0.46612,0.4709,0.4756,0.48464,2.0e-6,1.0e-5,0.0,0.0,0.0,0.0,0.0,3.0e-5,0.529101,0.00705,0.000223,0.51536,0.52439,0.5291,0.53388,0.5425,2.0e-6,1.0e-5,0.0,0.0,0.0,0.0,0.0,3.0e-5,0.529103,0.00705,0.000223,0.51536,0.52439,0.5291,0.53388,0.5425
143.25,0.470897,0.00705,0.000223,0.4575,0.46612,0.4709,0.4756,0.48464,2.0e-6,1.0e-5,0.0,0.0,0.0,0.0,0.0,3.0e-5,0.529102,0.00705,0.000223,0.51536,0.52439,0.5291,0.53388,0.5425,2.0e-6,1.0e-5,0.0,0.0,0.0,0.0,0.0,3.0e-5,0.529103,0.00705,0.000223,0.51536,0.52439,0.5291,0.53388,0.5425
143.5,0.470896,0.00705,0.000223,0.4575,0.46612,0.4709,0.4756,0.48464,2.0e-6,1.0e-5,0.0,0.0,0.0,0.0,0.0,3.0e-5,0.529102,0.00705,0.000223,0.51536,0.52439,0.5291,0.53388,0.5425,2.0e-6,1.0e-5,0.0,0.0,0.0,0.0,0.0,3.0e-5,0.529104,0.00705,0.000223,0.51536,0.52439,0.5291,0.53388,0.5425
143.75,0.470896,0.00705,0.000223,0.4575,0.46612,0.4709,0.4756,0.48464,2.0e-6,1.0e-5,0.0,0.0,0.0,0.0,0.0,3.0e-5,0.529102,0.00705,0.000223,0.51536,0.52439,0.5291,0.53388,0.5425,2.0e-6,1.0e-5,0.0,0.0,0.0,0.0,0.0,3.0e-5,0.529104,0.00705,0.000223,0.51536,0.52439,0.5291,0.53388,0.5425
144.0,0.470896,0.00705,0.000223,0.4575,0.46612,0.4709,0.4756,0.48464,2.0e-6,1.0e-5,0.0,0.0,0.0,0.0,0.0,2.0e-5,0.529102,0.00705,0.000223,0.51536,0.52439,0.5291,0.53388,0.5425,2.0e-6,1.0e-5,0.0,0.0,0.0,0.0,0.0,2.0e-5,0.529104,0.00705,0.000223,0.51536,0.52439,0.5291,0.53388,0.5425
144.25,0.470896,0.00705,0.000223,0.4575,0.46612,0.4709,0.4756,0.48464,2.0e-6,1.0e-5,0.0,0.0,0.0,0.0,0.0,2.0e-5,0.529102,0.00705,0.000223,0.51536,0.52439,0.5291,0.53388,0.5425,2.0e-6,1.0e-5,0.0,0.0,0.0,0.0,0.0,2.0e-5,0.529104,0.00705,0.000223,0.51536,0.52439,0.5291,0.53388,0.5425
144.5,0.470896,0.00705,0.000223,0.4575,0.46612,0.4709,0.4756,0.48464,2.0e-6,1.0e-5,0.0,0.0,0.0,0.0,0.0,2.0e-5,0.529102,0.00705,0.000223,0.51536,0.52439,0.5291,0.53388,0.5425,2.0e-6,1.0e-5,0.0,0.0,0.0,0.0,0.0,2.0e-5,0.529104,0.00705,0.000223,0.51536,0.52439,0.5291,0.53388,0.5425
144.75,0.470896,0.00705,0.000223,0.4575,0.46612,0.4709,0.4756,0.48464,2.0e-6,1.0e-5,0.0,0.0,0.0,0.0,0.0,2.0e-5,0.529102,0.00705,0.000223,0.51536,0.52439,0.5291,0.53388,0.5425,2.0e-6,1.0e-5,0.0,0.0,0.0,0.0,0.0,2.0e-5,0.529104,0.00705,0.000223,0.51536,0.52439,0.5291,0.53388,0.5425
145.0,0.470896,0.00705,0.000223,0.4575,0.46612,0.4709,0.4756,0.48464,2.0e-6,1.0e-5,0.0,0.0,0.0,0.0,0.0,2.0e-5,0.529102,0.00705,0.000223,0.51536,0.52439,0.5291,0.53388,0.5425,2.0e-6,1.0e-5,0.0,0.0,0.0,0.0,0.0,2.0e-5,0.529104,0.00705,0.000223,0.51536,0.52439,0.5291,0.53388,0.5425
145.25,0.470896,0.00705,0.000223,0.4575,0.46612,0.4709,0.4756,0.48464,2.0e-6,1.0e-5,0.0,0.0,0.0,0.0,0.0,2.0e-5,0.529102,0.00705,0.000223,0.51536,0.52439,0.5291,0.53388,0.5425,2.0e-6,1.0e-5,0.0,0.0,0.0,0.0,0.0,2.0e-5,0.529104,0.00705,0.000223,0.51536,0.52439,0.5291,0.53388,0.5425
145.5,0.470896,0.00705,0.000223,0.4575,0.46612,0.4709,0.4756,0.48464,2.0e-6,1.0e-5,0.0,0.0,0.0,0.0,0.0,2.0e-5,0.529103,0.00705,0.000223,0.51536,0.52439,0.5291,0.53388,0.5425,2.0e-6,1.0e-5,0.0,0.0,0.0,0.0,0.0,2.0e-5,0.529104,0.00705,0.000223,0.51536,0.52439,0.5291,0.53388,0.5425
145.75,0.470896,0.00705,0.000223,0.4575,0.46612,0.4709,0.4756,0.48464,2.0e-6,1.0e-5,0.0,0.0,0.0,0.0,0.0,2.0e-5,0.529103,0.00705,0.000223,0.51536,0.52439,0.5291,0.53388,0.5425,2.0e-6,1.0e-5,0.0,0.0,0.0,0.0,0.0,2.0e-5,0.529104,0.00705,0.000223,0.51536,0.52439,0.5291,0.53388,0.5425
146.0,0.470896,0.00705,0.000223,0.4575,0.46612,0.4709,0.4756,0.48464,2.0e-6,1.0e-5,0.0,0.0,0.0,0.0,0.0,2.0e-5,0.529103,0.00705,0.000223,0.51536,0.52439,0.5291,0.53388,0.5425,2.0e-6,1.0e-5,0.0,0.0,0.0,0.0,0.0,2.0e-5,0.529104,0.00705,0.000223,0.51536,0.52439,0.5291,0.53388,0.5425
146.25,0.470896,0.00705,0.000223,0.4575,0.46612,0.4709,0.4756,0.48464,1.0e-6,1.0e-5,0.0,0.0,0.0,0.0,0.0,2.0e-5,0.529103,0.00705,0.000223,0.51536,0.52439,0.5291,0.53388,0.5425,1.0e-6,1.0e-5,0.0,0.0,0.0,0.0,0.0,2.0e-5,0.529104,0.00705,0.000223,0.51536,0.52439,0.5291,0.53388,0.5425
146.5,0.470896,0.00705,0.000223,0.4575,0.46612,0.4709,0.4756,0.48464,1.0e-6,1.0e-5,0.0,0.0,0.0,0.0,0.0,2.0e-5,0.529103,0.00705,0.000223,0.51536,0.52439,0.5291,0.53388,0.5425,1.0e-6,1.0e-5,0.0,0.0,0.0,0.0,0.0,2.0e-5,0.529104,0.00705,0.000223,0.51536,0.52439,0.5291,0.53388,0.5425
146.75,0.470896,0.00705,0.000223,0.4575,0.46612,0.4709,0.4756,0.48464,1.0e-6,1.0e-5,0.0,0.0,0.0,0.0,0.0,2.0e-5,0.529103,0.00705,0.000223,0.51536,0.52439,0.5291,0.53388,0.5425,1.0e-6,1.0e-5,0.0,0.0,0.0,0.0,0.0,2.0e-5,0.529104,0.00705,0.000223,0.51536,0.52439,0.5291,0.53388,0.5425
147.0,0.470896,0.00705,0.000223,0.4575,0.46612,0.4709,0.4756,0.48464,1.0e-6,1.0e-5,0.0,0.0,0.0,0.0,0.0,2.0e-5,0.529103,0.00705,0.000223,0.51536,0.52439,0.5291,0.53388,0.5425,1.0e-6,1.0e-5,0.0,0.0,0.0,0.0,0.0,2.0e-5,0.529104,0.00705,0.000223,0.51536,0.52439,0.5291,0.53388,0.5425
147.25,0.470896,0.00705,0.000223,0.4575,0.46612,0.4709,0.4756,0.48464,1.0e-6,1.0e-5,0.0,0.0,0.0,0.0,0.0,2.0e-5,0.529103,0.00705,0.000223,0.51536,0.52439,0.5291,0.53388,0.5425,1.0e-6,1.0e-5,0.0,0.0,0.0,0.0,0.0,2.0e-5,0.529104,0.00705,0.000223,0.51536,0.52439,0.5291,0.53388,0.5425
147.5,0.470896,0.00705,0.000223,0.4575,0.46612,0.4709,0.4756,0.48464,1.0e-6,1.0e-5,0.0,0.0,0.0,0.0,0.0,2.0e-5,0.529103,0.00705,0.000223,0.51536,0.52439,0.5291,0.53388,0.5425,1.0e-6,1.0e-5,0.0,0.0,0.0,0.0,0.0,2.0e-5,0.529104,0.00705,0.000223,0.51536,0.52439,0.5291,0.53388,0.5425
147.75,0.470896,0.00705,0.000223,0.4575,0.46612,0.4709,0.4756,0.48464,1.0e-6,1.0e-5,0.0,0.0,0.0,0.0,0.0,2.0e-5,0.529103,0.00705,0.000223,0.51536,0.52439,0.5291,0.53388,0.5425,1.0e-6,1.0e-5,0.0,0.0,0.0,0.0,0.0,2.0e-5,0.529104,0.00705,0.000223,0.51536,0.52439,0.5291,0.53388,0.5425
148.0,0.470896,0.00705,0.000223,0.4575,0.46612,0.4709,0.4756,0.48464,1.0e-6,1.0e-5,0.0,0.0,0.0,0.0,0.0,2.0e-5,0.529103,0.00705,0.000223,0.51536,0.52439,0.5291,0.53388,0.5425,1.0e-6,1.0e-5,0.0,0.0,0.0,0.0,0.0,2.0e-5,0.529104,0.00705,0.000223,0.51536,0.52439,0.5291,0.53388,0.5425
148.25,0.470895,0.00705,0.000223,0.4575,0.46612,0.4709,0.4756,0.48464,1.0e-6,1.0e-5,0.0,0.0,0.0,0.0,0.0,2.0e-5,0.529103,0.00705,0.000223,0.51536,0.52439,0.5291,0.53388,0.5425,1.0e-6,1.0e-5,0.0,0.0,0.0,0.0,0.0,2.0e-5,0.529105,0.00705,0.000223,0.51536,0.52439,0.5291,0.53388,0.5425
148.5,0.470895,0.00705,0.000223,0.4575,0.46612,0.4709,0.4756,0.48464,1.0e-6,1.0e-5,0.0,0.0,0.0,0.0,0.0,1.0e-5,0.529104,0.00705,0.000223,0.51536,0.52439,0.5291,0.53388,0.5425,1.0e-6,1.0e-5,0.0,0.0,0.0,0.0,0.0,1.0e-5,0.529105,0.00705,0.000223,0.51536,0.52439,0.5291,0.53388,0.5425
148.75,0.470895,0.00705,0.000223,0.4575,0.46612,0.4709,0.4756,0.48464,1.0e-6,1.0e-5,0.0,0.0,0.0,0.0,0.0,1.0e-5,0.529104,0.00705,0.000223,0.51536,0.52439,0.5291,0.53388,0.5425,1.0e-6,1.0e-5,0.0,0.0,0.0,0.0,0.0,1.0e-5,0.529105,0.00705,0.000223,0.51536,0.52439,0.5291,0.53388,0.5425
149.0,0.470895,0.00705,0.000223,0.4575,0.46612,0.4709,0.4756,0.48464,1.0e-6,1.0e-5,0.0,0.0,0.0,0.0,0.0,1.0e-5,0.529104,0.00705,0.000223,0.51536,0.52439,0.5291,0.53388,0.5425,1.0e-6,1.0e-5,0.0,0.0,0.0,0.0,0.0,1.0e-5,0.529105,0.00705,0.000223,0.51536,0.52439,0.5291,0.53388,0.5425
149.25,0.470895,0.00705,0.000223,0.4575,0.46612,0.4709,0.4756,0.48464,1.0e-6,1.0e-5,0.0,0.0,0.0,0.0,0.0,1.0e-5,0.529104,0.00705,0.000223,0.51536,0.52439,0.5291,0.53388,0.5425,1.0e-6,1.0e-5,0.0,0.0,0.0,0.0,0.0,1.0e-5,0.529105,0.00705,0.000223,0.51536,0.52439,0.5291,0.53388,0.5425
149.5,0.470895,0.00705,0.000223,0.4575,0.46612,0.4709,0.4756,0.48464,1.0e-6,1.0e-5,0.0,0.0,0.0,0.0,0.0,1.0e-5,0.529104,0.00705,0.000223,0.51536,0.52439,0.5291,0.53388,0.5425,1.0e-6,1.0e-5,0.0,0.0,0.0,0.0,0.0,1.0e-5,0.529105,0.00705,0.000223,0.51536,0.52439,0.5291,0.53388,0.5425
149.75,0.470895,0.00705,0.000223,0.4575,0.46612,0.4709,0.4756,0.48464,1.0e-6,1.0e-5,0.0,0.0,0.0,0.0,0.0,1.0e-5,0.529104,0.00705,0.000223,0.51536,0.52439,0.5291,0.53388,0.5425,1.0e-6,1.0e-5,0.0,0.0,0.0,0.0,0.0,1.0e-5,0.529105,0.00705,0.000223,0.51536,0.52439,0.5291,0.53388,0.5425
150.0,0.470895,0.00705,0.000223,0.4575,0.46612,0.4709,0.4756,0.48464,1.0e-6,1.0e-5,0.0,0.0,0.0,0.0,0.0,1.0e-5,0.529104,0.00705,0.000223,0.51536,0.52439,0.5291,0.53388,0.5425,1.0e-6,1.0e-5,0.0,0.0,0.0,0.0,0.0,1.0e-5,0.529105,0.00705,0.000223,0.51536,0.52439,0.5291,0.53388,0.5425
150.25,0.470895,0.00705,0.000223,0.4575,0.46612,0.4709,0.4756,0.48464,1.0e-6,1.0e-5,0.0,0.0,0.0,0.0,0.0,1.0e-5,0.529104,0.00705,0.000223,0.51536,0.52439,0.5291,0.53388,0.5425,1.0e-6,1.0e-5,0.0,0.0,0.0,0.0,0.0,1.0e-5,0.529105,0.00705,0.000223,0.51536,0.52439,0.5291,0.53388,0.5425
150.5,0.470895,0.00705,0.000223,0.4575,0.46612,0.4709,0.4756,0.48464,1.0e-6,1.0e-5,0.0,0.0,0.0,0.0,0.0,1.0e-5,0.529104,0.00705,0.000223,0.51536,0.52439,0.5291,0.53388,0.5425,1.0e-6,1.0e-5,0.0,0.0,0.0,0.0,0.0,1.0e-5,0.529105,0.00705,0.000223,0.51536,0.52439,0.5291,0.53388,0.5425
150.75,0.470895,0.00705,0.000223,0.4575,0.46612,0.4709,0.4756,0.48464,1.0e-6,1.0e-5,0.0,0.0,0.0,0.0,0.0,1.0e-5,0.529104,0.00705,0.000223,0.51536,0.52439,0.5291,0.53388,0.5425,1.0e-6,1.0e-5,0.0,0.0,0.0,0.0,0.0,1.0e-5,0.529105,0.00705,0.000223,0.51536,0.52439,0.5291,0.53388,0.5425
151.0,0.470895,0.00705,0.000223,0.4575,0.46612,0.4709,0.4756,0.48464,1.0e-6,1.0e-5,0.0,0.0,0.0,0.0,0.0,1.0e-5,0.529104,0.00705,0.000223,0.51536,0.52439,0.5291,0.53388,0.5425,1.0e-6,1.0e-5,0.0,0.0,0.0,0.0,0.0,1.0e-5,0.529105,0.00705,0.000223,0.51536,0.52439,0.5291,0.53388,0.5425
151.25,0.470895,0.00705,0.000223,0.4575,0.46612,0.4709,0.4756,0.48464,1.0e-6,1.0e-5,0.0,0.0,0.0,0.0,0.0,1.0e-5,0.529104,0.00705,0.000223,0.51536,0.52439,0.5291,0.53388,0.5425,1.0e-6,1.0e-5,0.0,0.0,0.0,0.0,0.0,1.0e-5,0.529105,0.00705,0.000223,0.51536,0.52439,0.5291,0.53388,0.5425
151.5,0.470895,0.00705,0.000223,0.4575,0.46612,0.4709,0.4756,0.48464,1.0e-6,1.0e-5,0.0,0.0,0.0,0.0,0.0,1.0e-5,0.529104,0.00705,0.000223,0.51536,0.52439,0.5291,0.53388,0.5425,1.0e-6,1.0e-5,0.0,0.0,0.0,0.0,0.0,1.0e-5,0.529105,0.00705,0.000223,0.51536,0.52439,0.5291,0.53388,0.5425
151.75,0.470895,0.00705,0.000223,0.4575,0.46612,0.4709,0.4756,0.48464,1.0e-6,1.0e-5,0.0,0.0,0.0,0.0,0.0,1.0e-5,0.529104,0.00705,0.000223,0.51536,0.52439,0.5291,0.53388,0.5425,1.0e-6,1.0e-5,0.0,0.0,0.0,0.0,0.0,1.0e-5,0.529105,0.00705,0.000223,0.51536,0.52439,0.5291,0.53388,0.5425
152.0,0.470895,0.00705,0.000223,0.4575,0.46612,0.4709,0.4756,0.48464,1.0e-6,1.0e-5,0.0,0.0,0.0,0.0,0.0,1.0e-5,0.529104,0.00705,0.000223,0.51536,0.52439,0.5291,0.53388,0.5425,1.0e-6,1.0e-5,0.0,0.0,0.0,0.0,0.0,1.0e-5,0.529105,0.00705,0.000223,0.51536,0.52439,0.5291,0.53388,0.5425
152.25,0.470895,0.00705,0.000223,0.4575,0.46612,0.4709,0.4756,0.48464,1.0e-6,1.0e-5,0.0,0.0,0.0,0.0,0.0,1.0e-5,0.529104,0.00705,0.000223,0.51536,0.52439,0.5291,0.53388,0.5425,1.0e-6,1.0e-5,0.0,0.0,0.0,0.0,0.0,1.0e-5,0.529105,0.00705,0.000223,0.51536,0.52439,0.5291,0.53388,0.5425
152.5,0.470895,0.00705,0.000223,0.4575,0.46612,0.4709,0.4756,0.48464,1.0e-6,1.0e-5,0.0,0.0,0.0,0.0,0.0,1.0e-5,0.529104,0.00705,0.000223,0.51536,0.52439,0.5291,0.53388,0.5425,1.0e-6,1.0e-5,0.0,0.0,0.0,0.0,0.0,1.0e-5,0.529105,0.00705,0.000223,0.51536,0.52439,0.5291,0.53388,0.5425
152.75,0.470895,0.00705,0.000223,0.4575,0.46612,0.4709,0.4756,0.48464,1.0e-6,1.0e-5,0.0,0.0,0.0,0.0,0.0,1.0e-5,0.529104,0.00705,0.000223,0.51536,0.52439,0.5291,0.53388,0.5425,1.0e-6,1.0e-5,0.0,0.0,0.0,0.0,0.0,1.0e-5,0.529105,0.00705,0.000223,0.51536,0.52439,0.5291,0.53388,0.5425
153.0,0.470895,0.00705,0.000223,0.4575,0.46612,0.4709,0.4756,0.48464,1.0e-6,1.0e-5,0.0,0.0,0.0,0.0,0.0,0.0,0.529104,0.00705,0.000223,0.51536,0.52439,0.5291,0.53388,0.5425,1.0e-6,1.0e-5,0.0,0.0,0.0,0.0,0.0,0.0,0.529105,0.00705,0.000223,0.51536,0.52439,0.5291,0.53388,0.5425
153.25,0.470895,0.00705,0.000223,0.4575,0.46612,0.4709,0.4756,0.48464,1.0e-6,1.0e-5,0.0,0.0,0.0,0.0,0.0,0.0,0.529104,0.00705,0.000223,0.51536,0.52439,0.5291,0.53388,0.5425,1.0e-6,1.0e-5,0.0,0.0,0.0,0.0,0.0,0.0,0.529105,0.00705,0.000223,0.51536,0.52439,0.5291,0.53388,0.5425
153.5,0.470895,0.00705,0.000223,0.4575,0.46612,0.4709,0.4756,0.48464,1.0e-6,1.0e-5,0.0,0.0,0.0,0.0,0.0,0.0,0.529104,0.00705,0.000223,0.51536,0.52439,0.5291,0.53388,0.5425,1.0e-6,1.0e-5,0.0,0.0,0.0,0.0,0.0,0.0,0.529105,0.00705,0.000223,0.51536,0.52439,0.5291,0.53388,0.5425
153.75,0.470895,0.00705,0.000223,0.4575,0.46612,0.4709,0.4756,0.48464,1.0e-6,1.0e-5,0.0,0.0,0.0,0.0,0.0,0.0,0.529104,0.00705,0.000223,0.51536,0.52439,0.5291,0.53388,0.5425,1.0e-6,1.0e-5,0.0,0.0,0.0,0.0,0.0,0.0,0.529105,0.00705,0.000223,0.51536,0.52439,0.5291,0.53388,0.5425
154.0,0.470895,0.00705,0.000223,0.4575,0.46612,0.4709,0.4756,0.48464,1.0e-6,1.0e-5,0.0,0.0,0.0,0.0,0.0,0.0,0.529104,0.00705,0.000223,0.51536,0.52439,0.5291,0.53388,0.5425,1.0e-6,1.0e-5,0.0,0.0,0.0,0.0,0.0,0.0,0.529105,0.00705,0.000223,0.51536,0.52439,0.5291,0.53388,0.5425
154.25,0.470895,0.00705,0.000223,0.4575,0.46612,0.4709,0.4756,0.48464,1.0e-6,1.0e-5,0.0,0.0,0.0,0.0,0.0,0.0,0.529105,0.00705,0.000223,0.51536,0.52439,0.5291,0.53388,0.5425,1.0e-6,1.0e-5,0.0,0.0,0.0,0.0,0.0,0.0,0.529105,0.00705,0.000223,0.51536,0.52439,0.5291,0.53388,0.5425
154.5,0.470895,0.00705,0.000223,0.4575,0.46612,0.4709,0.4756,0.48464,1.0e-6,0.0,0.0,0.0,0.0,0.0,0.0,0.0,0.529105,0.00705,0.000223,0.51536,0.52439,0.5291,0.53388,0.5425,1.0e-6,0.0,0.0,0.0,0.0,0.0,0.0,0.0,0.529105,0.00705,0.000223,0.51536,0.52439,0.5291,0.53388,0.5425
154.75,0.470895,0.00705,0.000223,0.4575,0.46612,0.4709,0.4756,0.48464,1.0e-6,0.0,0.0,0.0,0.0,0.0,0.0,0.0,0.529105,0.00705,0.000223,0.51536,0.52439,0.5291,0.53388,0.5425,1.0e-6,0.0,0.0,0.0,0.0,0.0,0.0,0.0,0.529105,0.00705,0.000223,0.51536,0.52439,0.5291,0.53388,0.5425
155.0,0.470895,0.00705,0.000223,0.4575,0.46612,0.4709,0.4756,0.48464,1.0e-6,0.0,0.0,0.0,0.0,0.0,0.0,0.0,0.529105,0.00705,0.000223,0.51536,0.52439,0.5291,0.53388,0.5425,1.0e-6,0.0,0.0,0.0,0.0,0.0,0.0,0.0,0.529105,0.00705,0.000223,0.51536,0.52439,0.5291,0.53388,0.5425
155.25,0.470895,0.00705,0.000223,0.4575,0.46612,0.4709,0.4756,0.48464,1.0e-6,0.0,0.0,0.0,0.0,0.0,0.0,0.0,0.529105,0.00705,0.000223,0.51536,0.52439,0.5291,0.53388,0.5425,1.0e-6,0.0,0.0,0.0,0.0,0.0,0.0,0.0,0.529105,0.00705,0.000223,0.51536,0.52439,0.5291,0.53388,0.5425
155.5,0.470895,0.00705,0.000223,0.4575,0.46612,0.4709,0.4756,0.48464,1.0e-6,0.0,0.0,0.0,0.0,0.0,0.0,0.0,0.529105,0.00705,0.000223,0.51536,0.52439,0.5291,0.53388,0.5425,1.0e-6,0.0,0.0,0.0,0.0,0.0,0.0,0.0,0.529105,0.00705,0.000223,0.51536,0.52439,0.5291,0.53388,0.5425
155.75,0.470895,0.00705,0.000223,0.4575,0.46612,0.4709,0.4756,0.48464,0.0,0.0,0.0,0.0,0.0,0.0,0.0,0.0,0.529105,0.00705,0.000223,0.51536,0.52439,0.5291,0.53388,0.5425,0.0,0.0,0.0,0.0,0.0,0.0,0.0,0.0,0.529105,0.00705,0.000223,0.51536,0.52439,0.5291,0.53388,0.5425
156.0,0.470895,0.00705,0.000223,0.4575,0.46612,0.4709,0.4756,0.48464,0.0,0.0,0.0,0.0,0.0,0.0,0.0,0.0,0.529105,0.00705,0.000223,0.51536,0.52439,0.5291,0.53388,0.5425,0.0,0.0,0.0,0.0,0.0,0.0,0.0,0.0,0.529105,0.00705,0.000223,0.51536,0.52439,0.5291,0.53388,0.5425
156.25,0.470895,0.00705,0.000223,0.4575,0.46612,0.4709,0.4756,0.48464,0.0,0.0,0.0,0.0,0.0,0.0,0.0,0.0,0.529105,0.00705,0.000223,0.51536,0.52439,0.5291,0.53388,0.5425,0.0,0.0,0.0,0.0,0.0,0.0,0.0,0.0,0.529105,0.00705,0.000223,0.51536,0.52439,0.5291,0.53388,0.5425
156.5,0.470895,0.00705,0.000223,0.4575,0.46612,0.4709,0.4756,0.48464,0.0,0.0,0.0,0.0,0.0,0.0,0.0,0.0,0.529105,0.00705,0.000223,0.51536,0.52439,0.5291,0.53388,0.5425,0.0,0.0,0.0,0.0,0.0,0.0,0.0,0.0,0.529105,0.00705,0.000223,0.51536,0.52439,0.5291,0.53388,0.5425
156.75,0.470895,0.00705,0.000223,0.4575,0.46612,0.4709,0.4756,0.48464,0.0,0.0,0.0,0.0,0.0,0.0,0.0,0.0,0.529105,0.00705,0.000223,0.51536,0.52439,0.5291,0.53388,0.5425,0.0,0.0,0.0,0.0,0.0,0.0,0.0,0.0,0.529105,0.00705,0.000223,0.51536,0.52439,0.5291,0.53388,0.5425
157.0,0.470895,0.00705,0.000223,0.4575,0.46612,0.4709,0.4756,0.48464,0.0,0.0,0.0,0.0,0.0,0.0,0.0,0.0,0.529105,0.00705,0.000223,0.51536,0.52439,0.5291,0.53388,0.5425,0.0,0.0,0.0,0.0,0.0,0.0,0.0,0.0,0.529105,0.00705,0.000223,0.51536,0.52439,0.5291,0.53388,0.5425
157.25,0.470895,0.00705,0.000223,0.4575,0.46612,0.4709,0.4756,0.48464,0.0,0.0,0.0,0.0,0.0,0.0,0.0,0.0,0.529105,0.00705,0.000223,0.51536,0.52439,0.5291,0.53388,0.5425,0.0,0.0,0.0,0.0,0.0,0.0,0.0,0.0,0.529105,0.00705,0.000223,0.51536,0.52439,0.5291,0.53388,0.5425
157.5,0.470895,0.00705,0.000223,0.4575,0.46612,0.4709,0.4756,0.48464,0.0,0.0,0.0,0.0,0.0,0.0,0.0,0.0,0.529105,0.00705,0.000223,0.51536,0.52439,0.5291,0.53388,0.5425,0.0,0.0,0.0,0.0,0.0,0.0,0.0,0.0,0.529105,0.00705,0.000223,0.51536,0.52439,0.5291,0.53388,0.5425
157.75,0.470895,0.00705,0.000223,0.4575,0.46612,0.4709,0.4756,0.48464,0.0,0.0,0.0,0.0,0.0,0.0,0.0,0.0,0.529105,0.00705,0.000223,0.51536,0.52439,0.5291,0.53388,0.5425,0.0,0.0,0.0,0.0,0.0,0.0,0.0,0.0,0.529105,0.00705,0.000223,0.51536,0.52439,0.5291,0.53388,0.5425
158.0,0.470895,0.00705,0.000223,0.4575,0.46612,0.4709,0.4756,0.48464,0.0,0.0,0.0,0.0,0.0,0.0,0.0,0.0,0.529105,0.00705,0.000223,0.51536,0.52439,0.5291,0.53388,0.5425,0.0,0.0,0.0,0.0,0.0,0.0,0.0,0.0,0.529105,0.00705,0.000223,0.51536,0.52439,0.5291,0.53388,0.5425
158.25,0.470895,0.00705,0.000223,0.4575,0.46612,0.4709,0.4756,0.48464,0.0,0.0,0.0,0.0,0.0,0.0,0.0,0.0,0.529105,0.00705,0.000223,0.51536,0.52439,0.5291,0.53388,0.5425,0.0,0.0,0.0,0.0,0.0,0.0,0.0,0.0,0.529105,0.00705,0.000223,0.51536,0.52439,0.5291,0.53388,0.5425
158.5,0.470895,0.00705,0.000223,0.4575,0.46612,0.4709,0.4756,0.48464,0.0,0.0,0.0,0.0,0.0,0.0,0.0,0.0,0.529105,0.00705,0.000223,0.51536,0.52439,0.5291,0.53388,0.5425,0.0,0.0,0.0,0.0,0.0,0.0,0.0,0.0,0.529105,0.00705,0.000223,0.51536,0.52439,0.5291,0.53388,0.5425
158.75,0.470895,0.00705,0.000223,0.4575,0.46612,0.4709,0.4756,0.48464,0.0,0.0,0.0,0.0,0.0,0.0,0.0,0.0,0.529105,0.00705,0.000223,0.51536,0.52439,0.5291,0.53388,0.5425,0.0,0.0,0.0,0.0,0.0,0.0,0.0,0.0,0.529105,0.00705,0.000223,0.51536,0.52439,0.5291,0.53388,0.5425
159.0,0.470895,0.00705,0.000223,0.4575,0.46612,0.4709,0.4756,0.48464,0.0,0.0,0.0,0.0,0.0,0.0,0.0,0.0,0.529105,0.00705,0.000223,0.51536,0.52439,0.5291,0.53388,0.5425,0.0,0.0,0.0,0.0,0.0,0.0,0.0,0.0,0.529105,0.00705,0.000223,0.51536,0.52439,0.5291,0.53388,0.5425
159.25,0.470895,0.00705,0.000223,0.4575,0.46612,0.4709,0.4756,0.48464,0.0,0.0,0.0,0.0,0.0,0.0,0.0,0.0,0.529105,0.00705,0.000223,0.51536,0.52439,0.5291,0.53388,0.5425,0.0,0.0,0.0,0.0,0.0,0.0,0.0,0.0,0.529105,0.00705,0.000223,0.51536,0.52439,0.5291,0.53388,0.5425
159.5,0.470895,0.00705,0.000223,0.4575,0.46612,0.4709,0.4756,0.48464,0.0,0.0,0.0,0.0,0.0,0.0,0.0,0.0,0.529105,0.00705,0.000223,0.51536,0.52439,0.5291,0.53388,0.5425,0.0,0.0,0.0,0.0,0.0,0.0,0.0,0.0,0.529105,0.00705,0.000223,0.51536,0.52439,0.5291,0.53388,0.5425
159.75,0.470895,0.00705,0.000223,0.4575,0.46612,0.4709,0.4756,0.48464,0.0,0.0,0.0,0.0,0.0,0.0,0.0,0.0,0.529105,0.00705,0.000223,0.51536,0.52439,0.5291,0.53388,0.5425,0.0,0.0,0.0,0.0,0.0,0.0,0.0,0.0,0.529105,0.00705,0.000223,0.51536,0.52439,0.5291,0.53388,0.5425
160.0,0.470894,0.00705,0.000223,0.4575,0.46612,0.4709,0.4756,0.48464,0.0,0.0,0.0,0.0,0.0,0.0,0.0,0.0,0.529105,0.00705,0.000223,0.51536,0.52439,0.5291,0.53388,0.5425,0.0,0.0,0.0,0.0,0.0,0.0,0.0,0.0,0.529106,0.00705,0.000223,0.51536,0.52439,0.5291,0.53388,0.5425
160.25,0.470894,0.00705,0.000223,0.4575,0.46612,0.4709,0.4756,0.48464,0.0,0.0,0.0,0.0,0.0,0.0,0.0,0.0,0.529105,0.00705,0.000223,0.51536,0.52439,0.5291,0.53388,0.5425,0.0,0.0,0.0,0.0,0.0,0.0,0.0,0.0,0.529106,0.00705,0.000223,0.51536,0.52439,0.5291,0.53388,0.5425
160.5,0.470894,0.00705,0.000223,0.4575,0.46612,0.4709,0.4756,0.48464,0.0,0.0,0.0,0.0,0.0,0.0,0.0,0.0,0.529105,0.00705,0.000223,0.51536,0.52439,0.5291,0.53388,0.5425,0.0,0.0,0.0,0.0,0.0,0.0,0.0,0.0,0.529106,0.00705,0.000223,0.51536,0.52439,0.5291,0.53388,0.5425
160.75,0.470894,0.00705,0.000223,0.4575,0.46612,0.4709,0.4756,0.48464,0.0,0.0,0.0,0.0,0.0,0.0,0.0,0.0,0.529105,0.00705,0.000223,0.51536,0.52439,0.5291,0.53388,0.5425,0.0,0.0,0.0,0.0,0.0,0.0,0.0,0.0,0.529106,0.00705,0.000223,0.51536,0.52439,0.5291,0.53388,0.5425
161.0,0.470894,0.00705,0.000223,0.4575,0.46612,0.4709,0.4756,0.48464,0.0,0.0,0.0,0.0,0.0,0.0,0.0,0.0,0.529105,0.00705,0.000223,0.51536,0.52439,0.5291,0.53388,0.5425,0.0,0.0,0.0,0.0,0.0,0.0,0.0,0.0,0.529106,0.00705,0.000223,0.51536,0.52439,0.5291,0.53388,0.5425
161.25,0.470894,0.00705,0.000223,0.4575,0.46612,0.4709,0.4756,0.48464,0.0,0.0,0.0,0.0,0.0,0.0,0.0,0.0,0.529105,0.00705,0.000223,0.51536,0.52439,0.5291,0.53388,0.5425,0.0,0.0,0.0,0.0,0.0,0.0,0.0,0.0,0.529106,0.00705,0.000223,0.51536,0.52439,0.5291,0.53388,0.5425
161.5,0.470894,0.00705,0.000223,0.4575,0.46612,0.4709,0.4756,0.48464,0.0,0.0,0.0,0.0,0.0,0.0,0.0,0.0,0.529105,0.00705,0.000223,0.51536,0.52439,0.5291,0.53388,0.5425,0.0,0.0,0.0,0.0,0.0,0.0,0.0,0.0,0.529106,0.00705,0.000223,0.51536,0.52439,0.5291,0.53388,0.5425
161.75,0.470894,0.00705,0.000223,0.4575,0.46612,0.4709,0.4756,0.48464,0.0,0.0,0.0,0.0,0.0,0.0,0.0,0.0,0.529105,0.00705,0.000223,0.51536,0.52439,0.5291,0.53388,0.5425,0.0,0.0,0.0,0.0,0.0,0.0,0.0,0.0,0.529106,0.00705,0.000223,0.51536,0.52439,0.5291,0.53388,0.5425
162.0,0.470894,0.00705,0.000223,0.4575,0.46612,0.4709,0.4756,0.48464,0.0,0.0,0.0,0.0,0.0,0.0,0.0,0.0,0.529105,0.00705,0.000223,0.51536,0.52439,0.5291,0.53388,0.5425,0.0,0.0,0.0,0.0,0.0,0.0,0.0,0.0,0.529106,0.00705,0.000223,0.51536,0.52439,0.5291,0.53388,0.5425
162.25,0.470894,0.00705,0.000223,0.4575,0.46612,0.4709,0.4756,0.48464,0.0,0.0,0.0,0.0,0.0,0.0,0.0,0.0,0.529105,0.00705,0.000223,0.51536,0.52439,0.5291,0.53388,0.5425,0.0,0.0,0.0,0.0,0.0,0.0,0.0,0.0,0.529106,0.00705,0.000223,0.51536,0.52439,0.5291,0.53388,0.5425
162.5,0.470894,0.00705,0.000223,0.4575,0.46612,0.4709,0.4756,0.48464,0.0,0.0,0.0,0.0,0.0,0.0,0.0,0.0,0.529105,0.00705,0.000223,0.51536,0.52439,0.5291,0.53388,0.5425,0.0,0.0,0.0,0.0,0.0,0.0,0.0,0.0,0.529106,0.00705,0.000223,0.51536,0.52439,0.5291,0.53388,0.5425
162.75,0.470894,0.00705,0.000223,0.4575,0.46612,0.4709,0.4756,0.48464,0.0,0.0,0.0,0.0,0.0,0.0,0.0,0.0,0.529105,0.00705,0.000223,0.51536,0.52439,0.5291,0.53388,0.5425,0.0,0.0,0.0,0.0,0.0,0.0,0.0,0.0,0.529106,0.00705,0.000223,0.51536,0.52439,0.5291,0.53388,0.5425
163.0,0.470894,0.00705,0.000223,0.4575,0.46612,0.4709,0.4756,0.48464,0.0,0.0,0.0,0.0,0.0,0.0,0.0,0.0,0.529105,0.00705,0.000223,0.51536,0.52439,0.5291,0.53388,0.5425,0.0,0.0,0.0,0.0,0.0,0.0,0.0,0.0,0.529106,0.00705,0.000223,0.51536,0.52439,0.5291,0.53388,0.5425
163.25,0.470894,0.00705,0.000223,0.4575,0.46612,0.4709,0.4756,0.48464,0.0,0.0,0.0,0.0,0.0,0.0,0.0,0.0,0.529105,0.00705,0.000223,0.51536,0.52439,0.5291,0.53388,0.5425,0.0,0.0,0.0,0.0,0.0,0.0,0.0,0.0,0.529106,0.00705,0.000223,0.51536,0.52439,0.5291,0.53388,0.5425
163.5,0.470894,0.00705,0.000223,0.4575,0.46612,0.4709,0.4756,0.48464,0.0,0.0,0.0,0.0,0.0,0.0,0.0,0.0,0.529105,0.00705,0.000223,0.51536,0.52439,0.5291,0.53388,0.5425,0.0,0.0,0.0,0.0,0.0,0.0,0.0,0.0,0.529106,0.00705,0.000223,0.51536,0.52439,0.5291,0.53388,0.5425
163.75,0.470894,0.00705,0.000223,0.4575,0.46612,0.4709,0.4756,0.48464,0.0,0.0,0.0,0.0,0.0,0.0,0.0,0.0,0.529105,0.00705,0.000223,0.51536,0.52439,0.5291,0.53388,0.5425,0.0,0.0,0.0,0.0,0.0,0.0,0.0,0.0,0.529106,0.00705,0.000223,0.51536,0.52439,0.5291,0.53388,0.5425
164.0,0.470894,0.00705,0.000223,0.4575,0.46612,0.4709,0.4756,0.48464,0.0,0.0,0.0,0.0,0.0,0.0,0.0,0.0,0.529105,0.00705,0.000223,0.51536,0.52439,0.5291,0.53388,0.5425,0.0,0.0,0.0,0.0,0.0,0.0,0.0,0.0,0.529106,0.00705,0.000223,0.51536,0.52439,0.5291,0.53388,0.5425
164.25,0.470894,0.00705,0.000223,0.4575,0.46612,0.4709,0.4756,0.48464,0.0,0.0,0.0,0.0,0.0,0.0,0.0,0.0,0.529106,0.00705,0.000223,0.51536,0.52439,0.5291,0.53388,0.5425,0.0,0.0,0.0,0.0,0.0,0.0,0.0,0.0,0.529106,0.00705,0.000223,0.51536,0.52439,0.5291,0.53388,0.5425
164.5,0.470894,0.00705,0.000223,0.4575,0.46612,0.4709,0.4756,0.48464,0.0,0.0,0.0,0.0,0.0,0.0,0.0,0.0,0.529106,0.00705,0.000223,0.51536,0.52439,0.5291,0.53388,0.5425,0.0,0.0,0.0,0.0,0.0,0.0,0.0,0.0,0.529106,0.00705,0.000223,0.51536,0.52439,0.5291,0.53388,0.5425
164.75,0.470894,0.00705,0.000223,0.4575,0.46612,0.4709,0.4756,0.48464,0.0,0.0,0.0,0.0,0.0,0.0,0.0,0.0,0.529106,0.00705,0.000223,0.51536,0.52439,0.5291,0.53388,0.5425,0.0,0.0,0.0,0.0,0.0,0.0,0.0,0.0,0.529106,0.00705,0.000223,0.51536,0.52439,0.5291,0.53388,0.5425
165.0,0.470894,0.00705,0.000223,0.4575,0.46612,0.4709,0.4756,0.48464,0.0,0.0,0.0,0.0,0.0,0.0,0.0,0.0,0.529106,0.00705,0.000223,0.51536,0.52439,0.5291,0.53388,0.5425,0.0,0.0,0.0,0.0,0.0,0.0,0.0,0.0,0.529106,0.00705,0.000223,0.51536,0.52439,0.5291,0.53388,0.5425
165.25,0.470894,0.00705,0.000223,0.4575,0.46612,0.4709,0.4756,0.48464,0.0,0.0,0.0,0.0,0.0,0.0,0.0,0.0,0.529106,0.00705,0.000223,0.51536,0.52439,0.5291,0.53388,0.5425,0.0,0.0,0.0,0.0,0.0,0.0,0.0,0.0,0.529106,0.00705,0.000223,0.51536,0.52439,0.5291,0.53388,0.5425
165.5,0.470894,0.00705,0.000223,0.4575,0.46612,0.4709,0.4756,0.48464,0.0,0.0,0.0,0.0,0.0,0.0,0.0,0.0,0.529106,0.00705,0.000223,0.51536,0.52439,0.5291,0.53388,0.5425,0.0,0.0,0.0,0.0,0.0,0.0,0.0,0.0,0.529106,0.00705,0.000223,0.51536,0.52439,0.5291,0.53388,0.5425
165.75,0.470894,0.00705,0.000223,0.4575,0.46612,0.4709,0.4756,0.48464,0.0,0.0,0.0,0.0,0.0,0.0,0.0,0.0,0.529106,0.00705,0.000223,0.51536,0.52439,0.5291,0.53388,0.5425,0.0,0.0,0.0,0.0,0.0,0.0,0.0,0.0,0.529106,0.00705,0.000223,0.51536,0.52439,0.5291,0.53388,0.5425
166.0,0.470894,0.00705,0.000223,0.4575,0.46612,0.4709,0.4756,0.48464,0.0,0.0,0.0,0.0,0.0,0.0,0.0,0.0,0.529106,0.00705,0.000223,0.51536,0.52439,0.5291,0.53388,0.5425,0.0,0.0,0.0,0.0,0.0,0.0,0.0,0.0,0.529106,0.00705,0.000223,0.51536,0.52439,0.5291,0.53388,0.5425
166.25,0.470894,0.00705,0.000223,0.4575,0.46612,0.4709,0.4756,0.48464,0.0,0.0,0.0,0.0,0.0,0.0,0.0,0.0,0.529106,0.00705,0.000223,0.51536,0.52439,0.5291,0.53388,0.5425,0.0,0.0,0.0,0.0,0.0,0.0,0.0,0.0,0.529106,0.00705,0.000223,0.51536,0.52439,0.5291,0.53388,0.5425
166.5,0.470894,0.00705,0.000223,0.4575,0.46612,0.4709,0.4756,0.48464,0.0,0.0,0.0,0.0,0.0,0.0,0.0,0.0,0.529106,0.00705,0.000223,0.51536,0.52439,0.5291,0.53388,0.5425,0.0,0.0,0.0,0.0,0.0,0.0,0.0,0.0,0.529106,0.00705,0.000223,0.51536,0.52439,0.5291,0.53388,0.5425
166.75,0.470894,0.00705,0.000223,0.4575,0.46612,0.4709,0.4756,0.48464,0.0,0.0,0.0,0.0,0.0,0.0,0.0,0.0,0.529106,0.00705,0.000223,0.51536,0.52439,0.5291,0.53388,0.5425,0.0,0.0,0.0,0.0,0.0,0.0,0.0,0.0,0.529106,0.00705,0.000223,0.51536,0.52439,0.5291,0.53388,0.5425
167.0,0.470894,0.00705,0.000223,0.4575,0.46612,0.4709,0.4756,0.48464,0.0,0.0,0.0,0.0,0.0,0.0,0.0,0.0,0.529106,0.00705,0.000223,0.51536,0.52439,0.5291,0.53388,0.5425,0.0,0.0,0.0,0.0,0.0,0.0,0.0,0.0,0.529106,0.00705,0.000223,0.51536,0.52439,0.5291,0.53388,0.5425
167.25,0.470894,0.00705,0.000223,0.4575,0.46612,0.4709,0.4756,0.48464,0.0,0.0,0.0,0.0,0.0,0.0,0.0,0.0,0.529106,0.00705,0.000223,0.51536,0.52439,0.5291,0.53388,0.5425,0.0,0.0,0.0,0.0,0.0,0.0,0.0,0.0,0.529106,0.00705,0.000223,0.51536,0.52439,0.5291,0.53388,0.5425
167.5,0.470894,0.00705,0.000223,0.4575,0.46612,0.4709,0.4756,0.48464,0.0,0.0,0.0,0.0,0.0,0.0,0.0,0.0,0.529106,0.00705,0.000223,0.51536,0.52439,0.5291,0.53388,0.5425,0.0,0.0,0.0,0.0,0.0,0.0,0.0,0.0,0.529106,0.00705,0.000223,0.51536,0.52439,0.5291,0.53388,0.5425
167.75,0.470894,0.00705,0.000223,0.4575,0.46612,0.4709,0.4756,0.48464,0.0,0.0,0.0,0.0,0.0,0.0,0.0,0.0,0.529106,0.00705,0.000223,0.51536,0.52439,0.5291,0.53388,0.5425,0.0,0.0,0.0,0.0,0.0,0.0,0.0,0.0,0.529106,0.00705,0.000223,0.51536,0.52439,0.5291,0.53388,0.5425
168.0,0.470894,0.00705,0.000223,0.4575,0.46612,0.4709,0.4756,0.48464,0.0,0.0,0.0,0.0,0.0,0.0,0.0,0.0,0.529106,0.00705,0.000223,0.51536,0.52439,0.5291,0.53388,0.5425,0.0,0.0,0.0,0.0,0.0,0.0,0.0,0.0,0.529106,0.00705,0.000223,0.51536,0.52439,0.5291,0.53388,0.5425
168.25,0.470894,0.00705,0.000223,0.4575,0.46612,0.4709,0.4756,0.48464,0.0,0.0,0.0,0.0,0.0,0.0,0.0,0.0,0.529106,0.00705,0.000223,0.51536,0.52439,0.5291,0.53388,0.5425,0.0,0.0,0.0,0.0,0.0,0.0,0.0,0.0,0.529106,0.00705,0.000223,0.51536,0.52439,0.5291,0.53388,0.5425
168.5,0.470894,0.00705,0.000223,0.4575,0.46612,0.4709,0.4756,0.48464,0.0,0.0,0.0,0.0,0.0,0.0,0.0,0.0,0.529106,0.00705,0.000223,0.51536,0.52439,0.5291,0.53388,0.5425,0.0,0.0,0.0,0.0,0.0,0.0,0.0,0.0,0.529106,0.00705,0.000223,0.51536,0.52439,0.5291,0.53388,0.5425
168.75,0.470894,0.00705,0.000223,0.4575,0.46612,0.4709,0.4756,0.48464,0.0,0.0,0.0,0.0,0.0,0.0,0.0,0.0,0.529106,0.00705,0.000223,0.51536,0.52439,0.5291,0.53388,0.5425,0.0,0.0,0.0,0.0,0.0,0.0,0.0,0.0,0.529106,0.00705,0.000223,0.51536,0.52439,0.5291,0.53388,0.5425
169.0,0.470894,0.00705,0.000223,0.4575,0.46612,0.4709,0.4756,0.48464,0.0,0.0,0.0,0.0,0.0,0.0,0.0,0.0,0.529106,0.00705,0.000223,0.51536,0.52439,0.5291,0.53388,0.5425,0.0,0.0,0.0,0.0,0.0,0.0,0.0,0.0,0.529106,0.00705,0.000223,0.51536,0.52439,0.5291,0.53388,0.5425
169.25,0.470894,0.00705,0.000223,0.4575,0.46612,0.4709,0.4756,0.48464,0.0,0.0,0.0,0.0,0.0,0.0,0.0,0.0,0.529106,0.00705,0.000223,0.51536,0.52439,0.5291,0.53388,0.5425,0.0,0.0,0.0,0.0,0.0,0.0,0.0,0.0,0.529106,0.00705,0.000223,0.51536,0.52439,0.5291,0.53388,0.5425
169.5,0.470894,0.00705,0.000223,0.4575,0.46612,0.4709,0.4756,0.48464,0.0,0.0,0.0,0.0,0.0,0.0,0.0,0.0,0.529106,0.00705,0.000223,0.51536,0.52439,0.5291,0.53388,0.5425,0.0,0.0,0.0,0.0,0.0,0.0,0.0,0.0,0.529106,0.00705,0.000223,0.51536,0.52439,0.5291,0.53388,0.5425
169.75,0.470894,0.00705,0.000223,0.4575,0.46612,0.4709,0.4756,0.48464,0.0,0.0,0.0,0.0,0.0,0.0,0.0,0.0,0.529106,0.00705,0.000223,0.51536,0.52439,0.5291,0.53388,0.5425,0.0,0.0,0.0,0.0,0.0,0.0,0.0,0.0,0.529106,0.00705,0.000223,0.51536,0.52439,0.5291,0.53388,0.5425
170.0,0.470894,0.00705,0.000223,0.4575,0.46612,0.4709,0.4756,0.48464,0.0,0.0,0.0,0.0,0.0,0.0,0.0,0.0,0.529106,0.00705,0.000223,0.51536,0.52439,0.5291,0.53388,0.5425,0.0,0.0,0.0,0.0,0.0,0.0,0.0,0.0,0.529106,0.00705,0.000223,0.51536,0.52439,0.5291,0.53388,0.5425
170.25,0.470894,0.00705,0.000223,0.4575,0.46612,0.4709,0.4756,0.48464,0.0,0.0,0.0,0.0,0.0,0.0,0.0,0.0,0.529106,0.00705,0.000223,0.51536,0.52439,0.5291,0.53388,0.5425,0.0,0.0,0.0,0.0,0.0,0.0,0.0,0.0,0.529106,0.00705,0.000223,0.51536,0.52439,0.5291,0.53388,0.5425
170.5,0.470894,0.00705,0.000223,0.4575,0.46612,0.4709,0.4756,0.48464,0.0,0.0,0.0,0.0,0.0,0.0,0.0,0.0,0.529106,0.00705,0.000223,0.51536,0.52439,0.5291,0.53388,0.5425,0.0,0.0,0.0,0.0,0.0,0.0,0.0,0.0,0.529106,0.00705,0.000223,0.51536,0.52439,0.5291,0.53388,0.5425
170.75,0.470894,0.00705,0.000223,0.4575,0.46612,0.4709,0.4756,0.48464,0.0,0.0,0.0,0.0,0.0,0.0,0.0,0.0,0.529106,0.00705,0.000223,0.51536,0.52439,0.5291,0.53388,0.5425,0.0,0.0,0.0,0.0,0.0,0.0,0.0,0.0,0.529106,0.00705,0.000223,0.51536,0.52439,0.5291,0.53388,0.5425
171.0,0.470894,0.00705,0.000223,0.4575,0.46612,0.4709,0.4756,0.48464,0.0,0.0,0.0,0.0,0.0,0.0,0.0,0.0,0.529106,0.00705,0.000223,0.51536,0.52439,0.5291,0.53388,0.5425,0.0,0.0,0.0,0.0,0.0,0.0,0.0,0.0,0.529106,0.00705,0.000223,0.51536,0.52439,0.5291,0.53388,0.5425
171.25,0.470894,0.00705,0.000223,0.4575,0.46612,0.4709,0.4756,0.48464,0.0,0.0,0.0,0.0,0.0,0.0,0.0,0.0,0.529106,0.00705,0.000223,0.51536,0.52439,0.5291,0.53388,0.5425,0.0,0.0,0.0,0.0,0.0,0.0,0.0,0.0,0.529106,0.00705,0.000223,0.51536,0.52439,0.5291,0.53388,0.5425
171.5,0.470894,0.00705,0.000223,0.4575,0.46612,0.4709,0.4756,0.48464,0.0,0.0,0.0,0.0,0.0,0.0,0.0,0.0,0.529106,0.00705,0.000223,0.51536,0.52439,0.5291,0.53388,0.5425,0.0,0.0,0.0,0.0,0.0,0.0,0.0,0.0,0.529106,0.00705,0.000223,0.51536,0.52439,0.5291,0.53388,0.5425
171.75,0.470894,0.00705,0.000223,0.4575,0.46612,0.4709,0.4756,0.48464,0.0,0.0,0.0,0.0,0.0,0.0,0.0,0.0,0.529106,0.00705,0.000223,0.51536,0.52439,0.5291,0.53388,0.5425,0.0,0.0,0.0,0.0,0.0,0.0,0.0,0.0,0.529106,0.00705,0.000223,0.51536,0.52439,0.5291,0.53388,0.5425
172.0,0.470894,0.00705,0.000223,0.4575,0.46612,0.4709,0.4756,0.48464,0.0,0.0,0.0,0.0,0.0,0.0,0.0,0.0,0.529106,0.00705,0.000223,0.51536,0.52439,0.5291,0.53388,0.5425,0.0,0.0,0.0,0.0,0.0,0.0,0.0,0.0,0.529106,0.00705,0.000223,0.51536,0.52439,0.5291,0.53388,0.5425
172.25,0.470894,0.00705,0.000223,0.4575,0.46612,0.4709,0.4756,0.48464,0.0,0.0,0.0,0.0,0.0,0.0,0.0,0.0,0.529106,0.00705,0.000223,0.51536,0.52439,0.5291,0.53388,0.5425,0.0,0.0,0.0,0.0,0.0,0.0,0.0,0.0,0.529106,0.00705,0.000223,0.51536,0.52439,0.5291,0.53388,0.5425
172.5,0.470894,0.00705,0.000223,0.4575,0.46612,0.4709,0.4756,0.48464,0.0,0.0,0.0,0.0,0.0,0.0,0.0,0.0,0.529106,0.00705,0.000223,0.51536,0.52439,0.5291,0.53388,0.5425,0.0,0.0,0.0,0.0,0.0,0.0,0.0,0.0,0.529106,0.00705,0.000223,0.51536,0.52439,0.5291,0.53388,0.5425
172.75,0.470894,0.00705,0.000223,0.4575,0.46612,0.4709,0.4756,0.48464,0.0,0.0,0.0,0.0,0.0,0.0,0.0,0.0,0.529106,0.00705,0.000223,0.51536,0.52439,0.5291,0.53388,0.5425,0.0,0.0,0.0,0.0,0.0,0.0,0.0,0.0,0.529106,0.00705,0.000223,0.51536,0.52439,0.5291,0.53388,0.5425
173.0,0.470894,0.00705,0.000223,0.4575,0.46612,0.4709,0.4756,0.48464,0.0,0.0,0.0,0.0,0.0,0.0,0.0,0.0,0.529106,0.00705,0.000223,0.51536,0.52439,0.5291,0.53388,0.5425,0.0,0.0,0.0,0.0,0.0,0.0,0.0,0.0,0.529106,0.00705,0.000223,0.51536,0.52439,0.5291,0.53388,0.5425
173.25,0.470894,0.00705,0.000223,0.4575,0.46612,0.4709,0.4756,0.48464,0.0,0.0,0.0,0.0,0.0,0.0,0.0,0.0,0.529106,0.00705,0.000223,0.51536,0.52439,0.5291,0.53388,0.5425,0.0,0.0,0.0,0.0,0.0,0.0,0.0,0.0,0.529106,0.00705,0.000223,0.51536,0.52439,0.5291,0.53388,0.5425
173.5,0.470894,0.00705,0.000223,0.4575,0.46612,0.4709,0.4756,0.48464,0.0,0.0,0.0,0.0,0.0,0.0,0.0,0.0,0.529106,0.00705,0.000223,0.51536,0.52439,0.5291,0.53388,0.5425,0.0,0.0,0.0,0.0,0.0,0.0,0.0,0.0,0.529106,0.00705,0.000223,0.51536,0.52439,0.5291,0.53388,0.5425
173.75,0.470894,0.00705,0.000223,0.4575,0.46612,0.4709,0.4756,0.48464,0.0,0.0,0.0,0.0,0.0,0.0,0.0,0.0,0.529106,0.00705,0.000223,0.51536,0.52439,0.5291,0.53388,0.5425,0.0,0.0,0.0,0.0,0.0,0.0,0.0,0.0,0.529106,0.00705,0.000223,0.51536,0.52439,0.5291,0.53388,0.5425
174.0,0.470894,0.00705,0.000223,0.4575,0.46612,0.4709,0.4756,0.48464,0.0,0.0,0.0,0.0,0.0,0.0,0.0,0.0,0.529106,0.00705,0.000223,0.51536,0.52439,0.5291,0.53388,0.5425,0.0,0.0,0.0,0.0,0.0,0.0,0.0,0.0,0.529106,0.00705,0.000223,0.51536,0.52439,0.5291,0.53388,0.5425
174.25,0.470894,0.00705,0.000223,0.4575,0.46612,0.4709,0.4756,0.48464,0.0,0.0,0.0,0.0,0.0,0.0,0.0,0.0,0.529106,0.00705,0.000223,0.51536,0.52439,0.5291,0.53388,0.5425,0.0,0.0,0.0,0.0,0.0,0.0,0.0,0.0,0.529106,0.00705,0.000223,0.51536,0.52439,0.5291,0.53388,0.5425
174.5,0.470894,0.00705,0.000223,0.4575,0.46612,0.4709,0.4756,0.48464,0.0,0.0,0.0,0.0,0.0,0.0,0.0,0.0,0.529106,0.00705,0.000223,0.51536,0.52439,0.5291,0.53388,0.5425,0.0,0.0,0.0,0.0,0.0,0.0,0.0,0.0,0.529106,0.00705,0.000223,0.51536,0.52439,0.5291,0.53388,0.5425
174.75,0.470894,0.00705,0.000223,0.4575,0.46612,0.4709,0.4756,0.48464,0.0,0.0,0.0,0.0,0.0,0.0,0.0,0.0,0.529106,0.00705,0.000223,0.51536,0.52439,0.5291,0.53388,0.5425,0.0,0.0,0.0,0.0,0.0,0.0,0.0,0.0,0.529106,0.00705,0.000223,0.51536,0.52439,0.5291,0.53388,0.5425
175.0,0.470894,0.00705,0.000223,0.4575,0.46612,0.4709,0.4756,0.48464,0.0,0.0,0.0,0.0,0.0,0.0,0.0,0.0,0.529106,0.00705,0.000223,0.51536,0.52439,0.5291,0.53388,0.5425,0.0,0.0,0.0,0.0,0.0,0.0,0.0,0.0,0.529106,0.00705,0.000223,0.51536,0.52439,0.5291,0.53388,0.5425
175.25,0.470894,0.00705,0.000223,0.4575,0.46612,0.4709,0.4756,0.48464,0.0,0.0,0.0,0.0,0.0,0.0,0.0,0.0,0.529106,0.00705,0.000223,0.51536,0.52439,0.5291,0.53388,0.5425,0.0,0.0,0.0,0.0,0.0,0.0,0.0,0.0,0.529106,0.00705,0.000223,0.51536,0.52439,0.5291,0.53388,0.5425
175.5,0.470894,0.00705,0.000223,0.4575,0.46612,0.4709,0.4756,0.48464,0.0,0.0,0.0,0.0,0.0,0.0,0.0,0.0,0.529106,0.00705,0.000223,0.51536,0.52439,0.5291,0.53388,0.5425,0.0,0.0,0.0,0.0,0.0,0.0,0.0,0.0,0.529106,0.00705,0.000223,0.51536,0.52439,0.5291,0.53388,0.5425
175.75,0.470894,0.00705,0.000223,0.4575,0.46612,0.4709,0.4756,0.48464,0.0,0.0,0.0,0.0,0.0,0.0,0.0,0.0,0.529106,0.00705,0.000223,0.51536,0.52439,0.5291,0.53388,0.5425,0.0,0.0,0.0,0.0,0.0,0.0,0.0,0.0,0.529106,0.00705,0.000223,0.51536,0.52439,0.5291,0.53388,0.5425
176.0,0.470894,0.00705,0.000223,0.4575,0.46612,0.4709,0.4756,0.48464,0.0,0.0,0.0,0.0,0.0,0.0,0.0,0.0,0.529106,0.00705,0.000223,0.51536,0.52439,0.5291,0.53388,0.5425,0.0,0.0,0.0,0.0,0.0,0.0,0.0,0.0,0.529106,0.00705,0.000223,0.51536,0.52439,0.5291,0.53388,0.5425
176.25,0.470894,0.00705,0.000223,0.4575,0.46612,0.4709,0.4756,0.48464,0.0,0.0,0.0,0.0,0.0,0.0,0.0,0.0,0.529106,0.00705,0.000223,0.51536,0.52439,0.5291,0.53388,0.5425,0.0,0.0,0.0,0.0,0.0,0.0,0.0,0.0,0.529106,0.00705,0.000223,0.51536,0.52439,0.5291,0.53388,0.5425
176.5,0.470894,0.00705,0.000223,0.4575,0.46612,0.4709,0.4756,0.48464,0.0,0.0,0.0,0.0,0.0,0.0,0.0,0.0,0.529106,0.00705,0.000223,0.51536,0.52439,0.5291,0.53388,0.5425,0.0,0.0,0.0,0.0,0.0,0.0,0.0,0.0,0.529106,0.00705,0.000223,0.51536,0.52439,0.5291,0.53388,0.5425
176.75,0.470894,0.00705,0.000223,0.4575,0.46612,0.4709,0.4756,0.48464,0.0,0.0,0.0,0.0,0.0,0.0,0.0,0.0,0.529106,0.00705,0.000223,0.51536,0.52439,0.5291,0.53388,0.5425,0.0,0.0,0.0,0.0,0.0,0.0,0.0,0.0,0.529106,0.00705,0.000223,0.51536,0.52439,0.5291,0.53388,0.5425
177.0,0.470894,0.00705,0.000223,0.4575,0.46612,0.4709,0.4756,0.48464,0.0,0.0,0.0,0.0,0.0,0.0,0.0,0.0,0.529106,0.00705,0.000223,0.51536,0.52439,0.5291,0.53388,0.5425,0.0,0.0,0.0,0.0,0.0,0.0,0.0,0.0,0.529106,0.00705,0.000223,0.51536,0.52439,0.5291,0.53388,0.5425
177.25,0.470894,0.00705,0.000223,0.4575,0.46612,0.4709,0.4756,0.48464,0.0,0.0,0.0,0.0,0.0,0.0,0.0,0.0,0.529106,0.00705,0.000223,0.51536,0.52439,0.5291,0.53388,0.5425,0.0,0.0,0.0,0.0,0.0,0.0,0.0,0.0,0.529106,0.00705,0.000223,0.51536,0.52439,0.5291,0.53388,0.5425
177.5,0.470894,0.00705,0.000223,0.4575,0.46612,0.4709,0.4756,0.48464,0.0,0.0,0.0,0.0,0.0,0.0,0.0,0.0,0.529106,0.00705,0.000223,0.51536,0.52439,0.5291,0.53388,0.5425,0.0,0.0,0.0,0.0,0.0,0.0,0.0,0.0,0.529106,0.00705,0.000223,0.51536,0.52439,0.5291,0.53388,0.5425
177.75,0.470894,0.00705,0.000223,0.4575,0.46612,0.4709,0.4756,0.48464,0.0,0.0,0.0,0.0,0.0,0.0,0.0,0.0,0.529106,0.00705,0.000223,0.51536,0.52439,0.5291,0.53388,0.5425,0.0,0.0,0.0,0.0,0.0,0.0,0.0,0.0,0.529106,0.00705,0.000223,0.51536,0.52439,0.5291,0.53388,0.5425
178.0,0.470894,0.00705,0.000223,0.4575,0.46612,0.4709,0.4756,0.48464,0.0,0.0,0.0,0.0,0.0,0.0,0.0,0.0,0.529106,0.00705,0.000223,0.51536,0.52439,0.5291,0.53388,0.5425,0.0,0.0,0.0,0.0,0.0,0.0,0.0,0.0,0.529106,0.00705,0.000223,0.51536,0.52439,0.5291,0.53388,0.5425
178.25,0.470894,0.00705,0.000223,0.4575,0.46612,0.4709,0.4756,0.48464,0.0,0.0,0.0,0.0,0.0,0.0,0.0,0.0,0.529106,0.00705,0.000223,0.51536,0.52439,0.5291,0.53388,0.5425,0.0,0.0,0.0,0.0,0.0,0.0,0.0,0.0,0.529106,0.00705,0.000223,0.51536,0.52439,0.5291,0.53388,0.5425
178.5,0.470894,0.00705,0.000223,0.4575,0.46612,0.4709,0.4756,0.48464,0.0,0.0,0.0,0.0,0.0,0.0,0.0,0.0,0.529106,0.00705,0.000223,0.51536,0.52439,0.5291,0.53388,0.5425,0.0,0.0,0.0,0.0,0.0,0.0,0.0,0.0,0.529106,0.00705,0.000223,0.51536,0.52439,0.5291,0.53388,0.5425
178.75,0.470894,0.00705,0.000223,0.4575,0.46612,0.4709,0.4756,0.48464,0.0,0.0,0.0,0.0,0.0,0.0,0.0,0.0,0.529106,0.00705,0.000223,0.51536,0.52439,0.5291,0.53388,0.5425,0.0,0.0,0.0,0.0,0.0,0.0,0.0,0.0,0.529106,0.00705,0.000223,0.51536,0.52439,0.5291,0.53388,0.5425
179.0,0.470894,0.00705,0.000223,0.4575,0.46612,0.4709,0.4756,0.48464,0.0,0.0,0.0,0.0,0.0,0.0,0.0,0.0,0.529106,0.00705,0.000223,0.51536,0.52439,0.5291,0.53388,0.5425,0.0,0.0,0.0,0.0,0.0,0.0,0.0,0.0,0.529106,0.00705,0.000223,0.51536,0.52439,0.5291,0.53388,0.5425
179.25,0.470894,0.00705,0.000223,0.4575,0.46612,0.4709,0.4756,0.48464,0.0,0.0,0.0,0.0,0.0,0.0,0.0,0.0,0.529106,0.00705,0.000223,0.51536,0.52439,0.5291,0.53388,0.5425,0.0,0.0,0.0,0.0,0.0,0.0,0.0,0.0,0.529106,0.00705,0.000223,0.51536,0.52439,0.5291,0.53388,0.5425
179.5,0.470894,0.00705,0.000223,0.4575,0.46612,0.4709,0.4756,0.48464,0.0,0.0,0.0,0.0,0.0,0.0,0.0,0.0,0.529106,0.00705,0.000223,0.51536,0.52439,0.5291,0.53388,0.5425,0.0,0.0,0.0,0.0,0.0,0.0,0.0,0.0,0.529106,0.00705,0.000223,0.51536,0.52439,0.5291,0.53388,0.5425
179.75,0.470894,0.00705,0.000223,0.4575,0.46612,0.4709,0.4756,0.48464,0.0,0.0,0.0,0.0,0.0,0.0,0.0,0.0,0.529106,0.00705,0.000223,0.51536,0.52439,0.5291,0.53388,0.5425,0.0,0.0,0.0,0.0,0.0,0.0,0.0,0.0,0.529106,0.00705,0.000223,0.51536,0.52439,0.5291,0.53388,0.5425
180.0,0.470894,0.00705,0.000223,0.4575,0.46612,0.4709,0.4756,0.48464,0.0,0.0,0.0,0.0,0.0,0.0,0.0,0.0,0.529106,0.00705,0.000223,0.51536,0.52439,0.5291,0.53388,0.5425,0.0,0.0,0.0,0.0,0.0,0.0,0.0,0.0,0.529106,0.00705,0.000223,0.51536,0.52439,0.5291,0.53388,0.5425
180.25,0.470894,0.00705,0.000223,0.4575,0.46612,0.4709,0.4756,0.48464,0.0,0.0,0.0,0.0,0.0,0.0,0.0,0.0,0.529106,0.00705,0.000223,0.51536,0.52439,0.5291,0.53388,0.5425,0.0,0.0,0.0,0.0,0.0,0.0,0.0,0.0,0.529106,0.00705,0.000223,0.51536,0.52439,0.5291,0.53388,0.5425
180.5,0.470894,0.00705,0.000223,0.4575,0.46612,0.4709,0.4756,0.48464,0.0,0.0,0.0,0.0,0.0,0.0,0.0,0.0,0.529106,0.00705,0.000223,0.51536,0.52439,0.5291,0.53388,0.5425,0.0,0.0,0.0,0.0,0.0,0.0,0.0,0.0,0.529106,0.00705,0.000223,0.51536,0.52439,0.5291,0.53388,0.5425
180.75,0.470894,0.00705,0.000223,0.4575,0.46612,0.4709,0.4756,0.48464,0.0,0.0,0.0,0.0,0.0,0.0,0.0,0.0,0.529106,0.00705,0.000223,0.51536,0.52439,0.5291,0.53388,0.5425,0.0,0.0,0.0,0.0,0.0,0.0,0.0,0.0,0.529106,0.00705,0.000223,0.51536,0.52439,0.5291,0.53388,0.5425
181.0,0.470894,0.00705,0.000223,0.4575,0.46612,0.4709,0.4756,0.48464,0.0,0.0,0.0,0.0,0.0,0.0,0.0,0.0,0.529106,0.00705,0.000223,0.51536,0.52439,0.5291,0.53388,0.5425,0.0,0.0,0.0,0.0,0.0,0.0,0.0,0.0,0.529106,0.00705,0.000223,0.51536,0.52439,0.5291,0.53388,0.5425
181.25,0.470894,0.00705,0.000223,0.4575,0.46612,0.4709,0.4756,0.48464,0.0,0.0,0.0,0.0,0.0,0.0,0.0,0.0,0.529106,0.00705,0.000223,0.51536,0.52439,0.5291,0.53388,0.5425,0.0,0.0,0.0,0.0,0.0,0.0,0.0,0.0,0.529106,0.00705,0.000223,0.51536,0.52439,0.5291,0.53388,0.5425
181.5,0.470894,0.00705,0.000223,0.4575,0.46612,0.4709,0.4756,0.48464,0.0,0.0,0.0,0.0,0.0,0.0,0.0,0.0,0.529106,0.00705,0.000223,0.51536,0.52439,0.5291,0.53388,0.5425,0.0,0.0,0.0,0.0,0.0,0.0,0.0,0.0,0.529106,0.00705,0.000223,0.51536,0.52439,0.5291,0.53388,0.5425
181.75,0.470894,0.00705,0.000223,0.4575,0.46612,0.4709,0.4756,0.48464,0.0,0.0,0.0,0.0,0.0,0.0,0.0,0.0,0.529106,0.00705,0.000223,0.51536,0.52439,0.5291,0.53388,0.5425,0.0,0.0,0.0,0.0,0.0,0.0,0.0,0.0,0.529106,0.00705,0.000223,0.51536,0.52439,0.5291,0.53388,0.5425
182.0,0.470894,0.00705,0.000223,0.4575,0.46612,0.4709,0.4756,0.48464,0.0,0.0,0.0,0.0,0.0,0.0,0.0,0.0,0.529106,0.00705,0.000223,0.51536,0.52439,0.5291,0.53388,0.5425,0.0,0.0,0.0,0.0,0.0,0.0,0.0,0.0,0.529106,0.00705,0.000223,0.51536,0.52439,0.5291,0.53388,0.5425
182.25,0.470894,0.00705,0.000223,0.4575,0.46612,0.4709,0.4756,0.48464,0.0,0.0,0.0,0.0,0.0,0.0,0.0,0.0,0.529106,0.00705,0.000223,0.51536,0.52439,0.5291,0.53388,0.5425,0.0,0.0,0.0,0.0,0.0,0.0,0.0,0.0,0.529106,0.00705,0.000223,0.51536,0.52439,0.5291,0.53388,0.5425
182.5,0.470894,0.00705,0.000223,0.4575,0.46612,0.4709,0.4756,0.48464,0.0,0.0,0.0,0.0,0.0,0.0,0.0,0.0,0.529106,0.00705,0.000223,0.51536,0.52439,0.5291,0.53388,0.5425,0.0,0.0,0.0,0.0,0.0,0.0,0.0,0.0,0.529106,0.00705,0.000223,0.51536,0.52439,0.5291,0.53388,0.5425
182.75,0.470894,0.00705,0.000223,0.4575,0.46612,0.4709,0.4756,0.48464,0.0,0.0,0.0,0.0,0.0,0.0,0.0,0.0,0.529106,0.00705,0.000223,0.51536,0.52439,0.5291,0.53388,0.5425,0.0,0.0,0.0,0.0,0.0,0.0,0.0,0.0,0.529106,0.00705,0.000223,0.51536,0.52439,0.5291,0.53388,0.5425
183.0,0.470894,0.00705,0.000223,0.4575,0.46612,0.4709,0.4756,0.48464,0.0,0.0,0.0,0.0,0.0,0.0,0.0,0.0,0.529106,0.00705,0.000223,0.51536,0.52439,0.5291,0.53388,0.5425,0.0,0.0,0.0,0.0,0.0,0.0,0.0,0.0,0.529106,0.00705,0.000223,0.51536,0.52439,0.5291,0.53388,0.5425
183.25,0.470894,0.00705,0.000223,0.4575,0.46612,0.4709,0.4756,0.48464,0.0,0.0,0.0,0.0,0.0,0.0,0.0,0.0,0.529106,0.00705,0.000223,0.51536,0.52439,0.5291,0.53388,0.5425,0.0,0.0,0.0,0.0,0.0,0.0,0.0,0.0,0.529106,0.00705,0.000223,0.51536,0.52439,0.5291,0.53388,0.5425
183.5,0.470894,0.00705,0.000223,0.4575,0.46612,0.4709,0.4756,0.48464,0.0,0.0,0.0,0.0,0.0,0.0,0.0,0.0,0.529106,0.00705,0.000223,0.51536,0.52439,0.5291,0.53388,0.5425,0.0,0.0,0.0,0.0,0.0,0.0,0.0,0.0,0.529106,0.00705,0.000223,0.51536,0.52439,0.5291,0.53388,0.5425
183.75,0.470894,0.00705,0.000223,0.4575,0.46612,0.4709,0.4756,0.48464,0.0,0.0,0.0,0.0,0.0,0.0,0.0,0.0,0.529106,0.00705,0.000223,0.51536,0.52439,0.5291,0.53388,0.5425,0.0,0.0,0.0,0.0,0.0,0.0,0.0,0.0,0.529106,0.00705,0.000223,0.51536,0.52439,0.5291,0.53388,0.5425
184.0,0.470894,0.00705,0.000223,0.4575,0.46612,0.4709,0.4756,0.48464,0.0,0.0,0.0,0.0,0.0,0.0,0.0,0.0,0.529106,0.00705,0.000223,0.51536,0.52439,0.5291,0.53388,0.5425,0.0,0.0,0.0,0.0,0.0,0.0,0.0,0.0,0.529106,0.00705,0.000223,0.51536,0.52439,0.5291,0.53388,0.5425
184.25,0.470894,0.00705,0.000223,0.4575,0.46612,0.4709,0.4756,0.48464,0.0,0.0,0.0,0.0,0.0,0.0,0.0,0.0,0.529106,0.00705,0.000223,0.51536,0.52439,0.5291,0.53388,0.5425,0.0,0.0,0.0,0.0,0.0,0.0,0.0,0.0,0.529106,0.00705,0.000223,0.51536,0.52439,0.5291,0.53388,0.5425
184.5,0.470894,0.00705,0.000223,0.4575,0.46612,0.4709,0.4756,0.48464,0.0,0.0,0.0,0.0,0.0,0.0,0.0,0.0,0.529106,0.00705,0.000223,0.51536,0.52439,0.5291,0.53388,0.5425,0.0,0.0,0.0,0.0,0.0,0.0,0.0,0.0,0.529106,0.00705,0.000223,0.51536,0.52439,0.5291,0.53388,0.5425
184.75,0.470894,0.00705,0.000223,0.4575,0.46612,0.4709,0.4756,0.48464,0.0,0.0,0.0,0.0,0.0,0.0,0.0,0.0,0.529106,0.00705,0.000223,0.51536,0.52439,0.5291,0.53388,0.5425,0.0,0.0,0.0,0.0,0.0,0.0,0.0,0.0,0.529106,0.00705,0.000223,0.51536,0.52439,0.5291,0.53388,0.5425
185.0,0.470894,0.00705,0.000223,0.4575,0.46612,0.4709,0.4756,0.48464,0.0,0.0,0.0,0.0,0.0,0.0,0.0,0.0,0.529106,0.00705,0.000223,0.51536,0.52439,0.5291,0.53388,0.5425,0.0,0.0,0.0,0.0,0.0,0.0,0.0,0.0,0.529106,0.00705,0.000223,0.51536,0.52439,0.5291,0.53388,0.5425
185.25,0.470894,0.00705,0.000223,0.4575,0.46612,0.4709,0.4756,0.48464,0.0,0.0,0.0,0.0,0.0,0.0,0.0,0.0,0.529106,0.00705,0.000223,0.51536,0.52439,0.5291,0.53388,0.5425,0.0,0.0,0.0,0.0,0.0,0.0,0.0,0.0,0.529106,0.00705,0.000223,0.51536,0.52439,0.5291,0.53388,0.5425
185.5,0.470894,0.00705,0.000223,0.4575,0.46612,0.4709,0.4756,0.48464,0.0,0.0,0.0,0.0,0.0,0.0,0.0,0.0,0.529106,0.00705,0.000223,0.51536,0.52439,0.5291,0.53388,0.5425,0.0,0.0,0.0,0.0,0.0,0.0,0.0,0.0,0.529106,0.00705,0.000223,0.51536,0.52439,0.5291,0.53388,0.5425
185.75,0.470894,0.00705,0.000223,0.4575,0.46612,0.4709,0.4756,0.48464,0.0,0.0,0.0,0.0,0.0,0.0,0.0,0.0,0.529106,0.00705,0.000223,0.51536,0.52439,0.5291,0.53388,0.5425,0.0,0.0,0.0,0.0,0.0,0.0,0.0,0.0,0.529106,0.00705,0.000223,0.51536,0.52439,0.5291,0.53388,0.5425
186.0,0.470894,0.00705,0.000223,0.4575,0.46612,0.4709,0.4756,0.48464,0.0,0.0,0.0,0.0,0.0,0.0,0.0,0.0,0.529106,0.00705,0.000223,0.51536,0.52439,0.5291,0.53388,0.5425,0.0,0.0,0.0,0.0,0.0,0.0,0.0,0.0,0.529106,0.00705,0.000223,0.51536,0.52439,0.5291,0.53388,0.5425
186.25,0.470894,0.00705,0.000223,0.4575,0.46612,0.4709,0.4756,0.48464,0.0,0.0,0.0,0.0,0.0,0.0,0.0,0.0,0.529106,0.00705,0.000223,0.51536,0.52439,0.5291,0.53388,0.5425,0.0,0.0,0.0,0.0,0.0,0.0,0.0,0.0,0.529106,0.00705,0.000223,0.51536,0.52439,0.5291,0.53388,0.5425
186.5,0.470894,0.00705,0.000223,0.4575,0.46612,0.4709,0.4756,0.48464,0.0,0.0,0.0,0.0,0.0,0.0,0.0,0.0,0.529106,0.00705,0.000223,0.51536,0.52439,0.5291,0.53388,0.5425,0.0,0.0,0.0,0.0,0.0,0.0,0.0,0.0,0.529106,0.00705,0.000223,0.51536,0.52439,0.5291,0.53388,0.5425
186.75,0.470894,0.00705,0.000223,0.4575,0.46612,0.4709,0.4756,0.48464,0.0,0.0,0.0,0.0,0.0,0.0,0.0,0.0,0.529106,0.00705,0.000223,0.51536,0.52439,0.5291,0.53388,0.5425,0.0,0.0,0.0,0.0,0.0,0.0,0.0,0.0,0.529106,0.00705,0.000223,0.51536,0.52439,0.5291,0.53388,0.5425
187.0,0.470894,0.00705,0.000223,0.4575,0.46612,0.4709,0.4756,0.48464,0.0,0.0,0.0,0.0,0.0,0.0,0.0,0.0,0.529106,0.00705,0.000223,0.51536,0.52439,0.5291,0.53388,0.5425,0.0,0.0,0.0,0.0,0.0,0.0,0.0,0.0,0.529106,0.00705,0.000223,0.51536,0.52439,0.5291,0.53388,0.5425
187.25,0.470894,0.00705,0.000223,0.4575,0.46612,0.4709,0.4756,0.48464,0.0,0.0,0.0,0.0,0.0,0.0,0.0,0.0,0.529106,0.00705,0.000223,0.51536,0.52439,0.5291,0.53388,0.5425,0.0,0.0,0.0,0.0,0.0,0.0,0.0,0.0,0.529106,0.00705,0.000223,0.51536,0.52439,0.5291,0.53388,0.5425
187.5,0.470894,0.00705,0.000223,0.4575,0.46612,0.4709,0.4756,0.48464,0.0,0.0,0.0,0.0,0.0,0.0,0.0,0.0,0.529106,0.00705,0.000223,0.51536,0.52439,0.5291,0.53388,0.5425,0.0,0.0,0.0,0.0,0.0,0.0,0.0,0.0,0.529106,0.00705,0.000223,0.51536,0.52439,0.5291,0.53388,0.5425
187.75,0.470894,0.00705,0.000223,0.4575,0.46612,0.4709,0.4756,0.48464,0.0,0.0,0.0,0.0,0.0,0.0,0.0,0.0,0.529106,0.00705,0.000223,0.51536,0.52439,0.5291,0.53388,0.5425,0.0,0.0,0.0,0.0,0.0,0.0,0.0,0.0,0.529106,0.00705,0.000223,0.51536,0.52439,0.5291,0.53388,0.5425
188.0,0.470894,0.00705,0.000223,0.4575,0.46612,0.4709,0.4756,0.48464,0.0,0.0,0.0,0.0,0.0,0.0,0.0,0.0,0.529106,0.00705,0.000223,0.51536,0.52439,0.5291,0.53388,0.5425,0.0,0.0,0.0,0.0,0.0,0.0,0.0,0.0,0.529106,0.00705,0.000223,0.51536,0.52439,0.5291,0.53388,0.5425
188.25,0.470894,0.00705,0.000223,0.4575,0.46612,0.4709,0.4756,0.48464,0.0,0.0,0.0,0.0,0.0,0.0,0.0,0.0,0.529106,0.00705,0.000223,0.51536,0.52439,0.5291,0.53388,0.5425,0.0,0.0,0.0,0.0,0.0,0.0,0.0,0.0,0.529106,0.00705,0.000223,0.51536,0.52439,0.5291,0.53388,0.5425
188.5,0.470894,0.00705,0.000223,0.4575,0.46612,0.4709,0.4756,0.48464,0.0,0.0,0.0,0.0,0.0,0.0,0.0,0.0,0.529106,0.00705,0.000223,0.51536,0.52439,0.5291,0.53388,0.5425,0.0,0.0,0.0,0.0,0.0,0.0,0.0,0.0,0.529106,0.00705,0.000223,0.51536,0.52439,0.5291,0.53388,0.5425
188.75,0.470894,0.00705,0.000223,0.4575,0.46612,0.4709,0.4756,0.48464,0.0,0.0,0.0,0.0,0.0,0.0,0.0,0.0,0.529106,0.00705,0.000223,0.51536,0.52439,0.5291,0.53388,0.5425,0.0,0.0,0.0,0.0,0.0,0.0,0.0,0.0,0.529106,0.00705,0.000223,0.51536,0.52439,0.5291,0.53388,0.5425
189.0,0.470894,0.00705,0.000223,0.4575,0.46612,0.4709,0.4756,0.48464,0.0,0.0,0.0,0.0,0.0,0.0,0.0,0.0,0.529106,0.00705,0.000223,0.51536,0.52439,0.5291,0.53388,0.5425,0.0,0.0,0.0,0.0,0.0,0.0,0.0,0.0,0.529106,0.00705,0.000223,0.51536,0.52439,0.5291,0.53388,0.5425
189.25,0.470894,0.00705,0.000223,0.4575,0.46612,0.4709,0.4756,0.48464,0.0,0.0,0.0,0.0,0.0,0.0,0.0,0.0,0.529106,0.00705,0.000223,0.51536,0.52439,0.5291,0.53388,0.5425,0.0,0.0,0.0,0.0,0.0,0.0,0.0,0.0,0.529106,0.00705,0.000223,0.51536,0.52439,0.5291,0.53388,0.5425
189.5,0.470894,0.00705,0.000223,0.4575,0.46612,0.4709,0.4756,0.48464,0.0,0.0,0.0,0.0,0.0,0.0,0.0,0.0,0.529106,0.00705,0.000223,0.51536,0.52439,0.5291,0.53388,0.5425,0.0,0.0,0.0,0.0,0.0,0.0,0.0,0.0,0.529106,0.00705,0.000223,0.51536,0.52439,0.5291,0.53388,0.5425
189.75,0.470894,0.00705,0.000223,0.4575,0.46612,0.4709,0.4756,0.48464,0.0,0.0,0.0,0.0,0.0,0.0,0.0,0.0,0.529106,0.00705,0.000223,0.51536,0.52439,0.5291,0.53388,0.5425,0.0,0.0,0.0,0.0,0.0,0.0,0.0,0.0,0.529106,0.00705,0.000223,0.51536,0.52439,0.5291,0.53388,0.5425
190.0,0.470894,0.00705,0.000223,0.4575,0.46612,0.4709,0.4756,0.48464,0.0,0.0,0.0,0.0,0.0,0.0,0.0,0.0,0.529106,0.00705,0.000223,0.51536,0.52439,0.5291,0.53388,0.5425,0.0,0.0,0.0,0.0,0.0,0.0,0.0,0.0,0.529106,0.00705,0.000223,0.51536,0.52439,0.5291,0.53388,0.5425
190.25,0.470894,0.00705,0.000223,0.4575,0.46612,0.4709,0.4756,0.48464,0.0,0.0,0.0,0.0,0.0,0.0,0.0,0.0,0.529106,0.00705,0.000223,0.51536,0.52439,0.5291,0.53388,0.5425,0.0,0.0,0.0,0.0,0.0,0.0,0.0,0.0,0.529106,0.00705,0.000223,0.51536,0.52439,0.5291,0.53388,0.5425
190.5,0.470894,0.00705,0.000223,0.4575,0.46612,0.4709,0.4756,0.48464,0.0,0.0,0.0,0.0,0.0,0.0,0.0,0.0,0.529106,0.00705,0.000223,0.51536,0.52439,0.5291,0.53388,0.5425,0.0,0.0,0.0,0.0,0.0,0.0,0.0,0.0,0.529106,0.00705,0.000223,0.51536,0.52439,0.5291,0.53388,0.5425
190.75,0.470894,0.00705,0.000223,0.4575,0.46612,0.4709,0.4756,0.48464,0.0,0.0,0.0,0.0,0.0,0.0,0.0,0.0,0.529106,0.00705,0.000223,0.51536,0.52439,0.5291,0.53388,0.5425,0.0,0.0,0.0,0.0,0.0,0.0,0.0,0.0,0.529106,0.00705,0.000223,0.51536,0.52439,0.5291,0.53388,0.5425
191.0,0.470894,0.00705,0.000223,0.4575,0.46612,0.4709,0.4756,0.48464,0.0,0.0,0.0,0.0,0.0,0.0,0.0,0.0,0.529106,0.00705,0.000223,0.51536,0.52439,0.5291,0.53388,0.5425,0.0,0.0,0.0,0.0,0.0,0.0,0.0,0.0,0.529106,0.00705,0.000223,0.51536,0.52439,0.5291,0.53388,0.5425
191.25,0.470894,0.00705,0.000223,0.4575,0.46612,0.4709,0.4756,0.48464,0.0,0.0,0.0,0.0,0.0,0.0,0.0,0.0,0.529106,0.00705,0.000223,0.51536,0.52439,0.5291,0.53388,0.5425,0.0,0.0,0.0,0.0,0.0,0.0,0.0,0.0,0.529106,0.00705,0.000223,0.51536,0.52439,0.5291,0.53388,0.5425
191.5,0.470894,0.00705,0.000223,0.4575,0.46612,0.4709,0.4756,0.48464,0.0,0.0,0.0,0.0,0.0,0.0,0.0,0.0,0.529106,0.00705,0.000223,0.51536,0.52439,0.5291,0.53388,0.5425,0.0,0.0,0.0,0.0,0.0,0.0,0.0,0.0,0.529106,0.00705,0.000223,0.51536,0.52439,0.5291,0.53388,0.5425
191.75,0.470894,0.00705,0.000223,0.4575,0.46612,0.4709,0.4756,0.48464,0.0,0.0,0.0,0.0,0.0,0.0,0.0,0.0,0.529106,0.00705,0.000223,0.51536,0.52439,0.5291,0.53388,0.5425,0.0,0.0,0.0,0.0,0.0,0.0,0.0,0.0,0.529106,0.00705,0.000223,0.51536,0.52439,0.5291,0.53388,0.5425
192.0,0.470894,0.00705,0.000223,0.4575,0.46612,0.4709,0.4756,0.48464,0.0,0.0,0.0,0.0,0.0,0.0,0.0,0.0,0.529106,0.00705,0.000223,0.51536,0.52439,0.5291,0.53388,0.5425,0.0,0.0,0.0,0.0,0.0,0.0,0.0,0.0,0.529106,0.00705,0.000223,0.51536,0.52439,0.5291,0.53388,0.5425
192.25,0.470894,0.00705,0.000223,0.4575,0.46612,0.4709,0.4756,0.48464,0.0,0.0,0.0,0.0,0.0,0.0,0.0,0.0,0.529106,0.00705,0.000223,0.51536,0.52439,0.5291,0.53388,0.5425,0.0,0.0,0.0,0.0,0.0,0.0,0.0,0.0,0.529106,0.00705,0.000223,0.51536,0.52439,0.5291,0.53388,0.5425
192.5,0.470894,0.00705,0.000223,0.4575,0.46612,0.4709,0.4756,0.48464,0.0,0.0,0.0,0.0,0.0,0.0,0.0,0.0,0.529106,0.00705,0.000223,0.51536,0.52439,0.5291,0.53388,0.5425,0.0,0.0,0.0,0.0,0.0,0.0,0.0,0.0,0.529106,0.00705,0.000223,0.51536,0.52439,0.5291,0.53388,0.5425
192.75,0.470894,0.00705,0.000223,0.4575,0.46612,0.4709,0.4756,0.48464,0.0,0.0,0.0,0.0,0.0,0.0,0.0,0.0,0.529106,0.00705,0.000223,0.51536,0.52439,0.5291,0.53388,0.5425,0.0,0.0,0.0,0.0,0.0,0.0,0.0,0.0,0.529106,0.00705,0.000223,0.51536,0.52439,0.5291,0.53388,0.5425
193.0,0.470894,0.00705,0.000223,0.4575,0.46612,0.4709,0.4756,0.48464,0.0,0.0,0.0,0.0,0.0,0.0,0.0,0.0,0.529106,0.00705,0.000223,0.51536,0.52439,0.5291,0.53388,0.5425,0.0,0.0,0.0,0.0,0.0,0.0,0.0,0.0,0.529106,0.00705,0.000223,0.51536,0.52439,0.5291,0.53388,0.5425
193.25,0.470894,0.00705,0.000223,0.4575,0.46612,0.4709,0.4756,0.48464,0.0,0.0,0.0,0.0,0.0,0.0,0.0,0.0,0.529106,0.00705,0.000223,0.51536,0.52439,0.5291,0.53388,0.5425,0.0,0.0,0.0,0.0,0.0,0.0,0.0,0.0,0.529106,0.00705,0.000223,0.51536,0.52439,0.5291,0.53388,0.5425
193.5,0.470894,0.00705,0.000223,0.4575,0.46612,0.4709,0.4756,0.48464,0.0,0.0,0.0,0.0,0.0,0.0,0.0,0.0,0.529106,0.00705,0.000223,0.51536,0.52439,0.5291,0.53388,0.5425,0.0,0.0,0.0,0.0,0.0,0.0,0.0,0.0,0.529106,0.00705,0.000223,0.51536,0.52439,0.5291,0.53388,0.5425
193.75,0.470894,0.00705,0.000223,0.4575,0.46612,0.4709,0.4756,0.48464,0.0,0.0,0.0,0.0,0.0,0.0,0.0,0.0,0.529106,0.00705,0.000223,0.51536,0.52439,0.5291,0.53388,0.5425,0.0,0.0,0.0,0.0,0.0,0.0,0.0,0.0,0.529106,0.00705,0.000223,0.51536,0.52439,0.5291,0.53388,0.5425
194.0,0.470894,0.00705,0.000223,0.4575,0.46612,0.4709,0.4756,0.48464,0.0,0.0,0.0,0.0,0.0,0.0,0.0,0.0,0.529106,0.00705,0.000223,0.51536,0.52439,0.5291,0.53388,0.5425,0.0,0.0,0.0,0.0,0.0,0.0,0.0,0.0,0.529106,0.00705,0.000223,0.51536,0.52439,0.5291,0.53388,0.5425
194.25,0.470894,0.00705,0.000223,0.4575,0.46612,0.4709,0.4756,0.48464,0.0,0.0,0.0,0.0,0.0,0.0,0.0,0.0,0.529106,0.00705,0.000223,0.51536,0.52439,0.5291,0.53388,0.5425,0.0,0.0,0.0,0.0,0.0,0.0,0.0,0.0,0.529106,0.00705,0.000223,0.51536,0.52439,0.5291,0.53388,0.5425
194.5,0.470894,0.00705,0.000223,0.4575,0.46612,0.4709,0.4756,0.48464,0.0,0.0,0.0,0.0,0.0,0.0,0.0,0.0,0.529106,0.00705,0.000223,0.51536,0.52439,0.5291,0.53388,0.5425,0.0,0.0,0.0,0.0,0.0,0.0,0.0,0.0,0.529106,0.00705,0.000223,0.51536,0.52439,0.5291,0.53388,0.5425
194.75,0.470894,0.00705,0.000223,0.4575,0.46612,0.4709,0.4756,0.48464,0.0,0.0,0.0,0.0,0.0,0.0,0.0,0.0,0.529106,0.00705,0.000223,0.51536,0.52439,0.5291,0.53388,0.5425,0.0,0.0,0.0,0.0,0.0,0.0,0.0,0.0,0.529106,0.00705,0.000223,0.51536,0.52439,0.5291,0.53388,0.5425
195.0,0.470894,0.00705,0.000223,0.4575,0.46612,0.4709,0.4756,0.48464,0.0,0.0,0.0,0.0,0.0,0.0,0.0,0.0,0.529106,0.00705,0.000223,0.51536,0.52439,0.5291,0.53388,0.5425,0.0,0.0,0.0,0.0,0.0,0.0,0.0,0.0,0.529106,0.00705,0.000223,0.51536,0.52439,0.5291,0.53388,0.5425
195.25,0.470894,0.00705,0.000223,0.4575,0.46612,0.4709,0.4756,0.48464,0.0,0.0,0.0,0.0,0.0,0.0,0.0,0.0,0.529106,0.00705,0.000223,0.51536,0.52439,0.5291,0.53388,0.5425,0.0,0.0,0.0,0.0,0.0,0.0,0.0,0.0,0.529106,0.00705,0.000223,0.51536,0.52439,0.5291,0.53388,0.5425
195.5,0.470894,0.00705,0.000223,0.4575,0.46612,0.4709,0.4756,0.48464,0.0,0.0,0.0,0.0,0.0,0.0,0.0,0.0,0.529106,0.00705,0.000223,0.51536,0.52439,0.5291,0.53388,0.5425,0.0,0.0,0.0,0.0,0.0,0.0,0.0,0.0,0.529106,0.00705,0.000223,0.51536,0.52439,0.5291,0.53388,0.5425
195.75,0.470894,0.00705,0.000223,0.4575,0.46612,0.4709,0.4756,0.48464,0.0,0.0,0.0,0.0,0.0,0.0,0.0,0.0,0.529106,0.00705,0.000223,0.51536,0.52439,0.5291,0.53388,0.5425,0.0,0.0,0.0,0.0,0.0,0.0,0.0,0.0,0.529106,0.00705,0.000223,0.51536,0.52439,0.5291,0.53388,0.5425
196.0,0.470894,0.00705,0.000223,0.4575,0.46612,0.4709,0.4756,0.48464,0.0,0.0,0.0,0.0,0.0,0.0,0.0,0.0,0.529106,0.00705,0.000223,0.51536,0.52439,0.5291,0.53388,0.5425,0.0,0.0,0.0,0.0,0.0,0.0,0.0,0.0,0.529106,0.00705,0.000223,0.51536,0.52439,0.5291,0.53388,0.5425
196.25,0.470894,0.00705,0.000223,0.4575,0.46612,0.4709,0.4756,0.48464,0.0,0.0,0.0,0.0,0.0,0.0,0.0,0.0,0.529106,0.00705,0.000223,0.51536,0.52439,0.5291,0.53388,0.5425,0.0,0.0,0.0,0.0,0.0,0.0,0.0,0.0,0.529106,0.00705,0.000223,0.51536,0.52439,0.5291,0.53388,0.5425
196.5,0.470894,0.00705,0.000223,0.4575,0.46612,0.4709,0.4756,0.48464,0.0,0.0,0.0,0.0,0.0,0.0,0.0,0.0,0.529106,0.00705,0.000223,0.51536,0.52439,0.5291,0.53388,0.5425,0.0,0.0,0.0,0.0,0.0,0.0,0.0,0.0,0.529106,0.00705,0.000223,0.51536,0.52439,0.5291,0.53388,0.5425
196.75,0.470894,0.00705,0.000223,0.4575,0.46612,0.4709,0.4756,0.48464,0.0,0.0,0.0,0.0,0.0,0.0,0.0,0.0,0.529106,0.00705,0.000223,0.51536,0.52439,0.5291,0.53388,0.5425,0.0,0.0,0.0,0.0,0.0,0.0,0.0,0.0,0.529106,0.00705,0.000223,0.51536,0.52439,0.5291,0.53388,0.5425
197.0,0.470894,0.00705,0.000223,0.4575,0.46612,0.4709,0.4756,0.48464,0.0,0.0,0.0,0.0,0.0,0.0,0.0,0.0,0.529106,0.00705,0.000223,0.51536,0.52439,0.5291,0.53388,0.5425,0.0,0.0,0.0,0.0,0.0,0.0,0.0,0.0,0.529106,0.00705,0.000223,0.51536,0.52439,0.5291,0.53388,0.5425
197.25,0.470894,0.00705,0.000223,0.4575,0.46612,0.4709,0.4756,0.48464,0.0,0.0,0.0,0.0,0.0,0.0,0.0,0.0,0.529106,0.00705,0.000223,0.51536,0.52439,0.5291,0.53388,0.5425,0.0,0.0,0.0,0.0,0.0,0.0,0.0,0.0,0.529106,0.00705,0.000223,0.51536,0.52439,0.5291,0.53388,0.5425
197.5,0.470894,0.00705,0.000223,0.4575,0.46612,0.4709,0.4756,0.48464,0.0,0.0,0.0,0.0,0.0,0.0,0.0,0.0,0.529106,0.00705,0.000223,0.51536,0.52439,0.5291,0.53388,0.5425,0.0,0.0,0.0,0.0,0.0,0.0,0.0,0.0,0.529106,0.00705,0.000223,0.51536,0.52439,0.5291,0.53388,0.5425
197.75,0.470894,0.00705,0.000223,0.4575,0.46612,0.4709,0.4756,0.48464,0.0,0.0,0.0,0.0,0.0,0.0,0.0,0.0,0.529106,0.00705,0.000223,0.51536,0.52439,0.5291,0.53388,0.5425,0.0,0.0,0.0,0.0,0.0,0.0,0.0,0.0,0.529106,0.00705,0.000223,0.51536,0.52439,0.5291,0.53388,0.5425
198.0,0.470894,0.00705,0.000223,0.4575,0.46612,0.4709,0.4756,0.48464,0.0,0.0,0.0,0.0,0.0,0.0,0.0,0.0,0.529106,0.00705,0.000223,0.51536,0.52439,0.5291,0.53388,0.5425,0.0,0.0,0.0,0.0,0.0,0.0,0.0,0.0,0.529106,0.00705,0.000223,0.51536,0.52439,0.5291,0.53388,0.5425
198.25,0.470894,0.00705,0.000223,0.4575,0.46612,0.4709,0.4756,0.48464,0.0,0.0,0.0,0.0,0.0,0.0,0.0,0.0,0.529106,0.00705,0.000223,0.51536,0.52439,0.5291,0.53388,0.5425,0.0,0.0,0.0,0.0,0.0,0.0,0.0,0.0,0.529106,0.00705,0.000223,0.51536,0.52439,0.5291,0.53388,0.5425
198.5,0.470894,0.00705,0.000223,0.4575,0.46612,0.4709,0.4756,0.48464,0.0,0.0,0.0,0.0,0.0,0.0,0.0,0.0,0.529106,0.00705,0.000223,0.51536,0.52439,0.5291,0.53388,0.5425,0.0,0.0,0.0,0.0,0.0,0.0,0.0,0.0,0.529106,0.00705,0.000223,0.51536,0.52439,0.5291,0.53388,0.5425
198.75,0.470894,0.00705,0.000223,0.4575,0.46612,0.4709,0.4756,0.48464,0.0,0.0,0.0,0.0,0.0,0.0,0.0,0.0,0.529106,0.00705,0.000223,0.51536,0.52439,0.5291,0.53388,0.5425,0.0,0.0,0.0,0.0,0.0,0.0,0.0,0.0,0.529106,0.00705,0.000223,0.51536,0.52439,0.5291,0.53388,0.5425
199.0,0.470894,0.00705,0.000223,0.4575,0.46612,0.4709,0.4756,0.48464,0.0,0.0,0.0,0.0,0.0,0.0,0.0,0.0,0.529106,0.00705,0.000223,0.51536,0.52439,0.5291,0.53388,0.5425,0.0,0.0,0.0,0.0,0.0,0.0,0.0,0.0,0.529106,0.00705,0.000223,0.51536,0.52439,0.5291,0.53388,0.5425
199.25,0.470894,0.00705,0.000223,0.4575,0.46612,0.4709,0.4756,0.48464,0.0,0.0,0.0,0.0,0.0,0.0,0.0,0.0,0.529106,0.00705,0.000223,0.51536,0.52439,0.5291,0.53388,0.5425,0.0,0.0,0.0,0.0,0.0,0.0,0.0,0.0,0.529106,0.00705,0.000223,0.51536,0.52439,0.5291,0.53388,0.5425
199.5,0.470894,0.00705,0.000223,0.4575,0.46612,0.4709,0.4756,0.48464,0.0,0.0,0.0,0.0,0.0,0.0,0.0,0.0,0.529106,0.00705,0.000223,0.51536,0.52439,0.5291,0.53388,0.5425,0.0,0.0,0.0,0.0,0.0,0.0,0.0,0.0,0.529106,0.00705,0.000223,0.51536,0.52439,0.5291,0.53388,0.5425
199.75,0.470894,0.00705,0.000223,0.4575,0.46612,0.4709,0.4756,0.48464,0.0,0.0,0.0,0.0,0.0,0.0,0.0,0.0,0.529106,0.00705,0.000223,0.51536,0.52439,0.5291,0.53388,0.5425,0.0,0.0,0.0,0.0,0.0,0.0,0.0,0.0,0.529106,0.00705,0.000223,0.51536,0.52439,0.5291,0.53388,0.5425
200.0,0.470894,0.00705,0.000223,0.4575,0.46612,0.4709,0.4756,0.48464,0.0,0.0,0.0,0.0,0.0,0.0,0.0,0.0,0.529106,0.00705,0.000223,0.51536,0.52439,0.5291,0.53388,0.5425,0.0,0.0,0.0,0.0,0.0,0.0,0.0,0.0,0.529106,0.00705,0.000223,0.51536,0.52439,0.5291,0.53388,0.5425
200.25,0.470894,0.00705,0.000223,0.4575,0.46612,0.4709,0.4756,0.48464,0.0,0.0,0.0,0.0,0.0,0.0,0.0,0.0,0.529106,0.00705,0.000223,0.51536,0.52439,0.5291,0.53388,0.5425,0.0,0.0,0.0,0.0,0.0,0.0,0.0,0.0,0.529106,0.00705,0.000223,0.51536,0.52439,0.5291,0.53388,0.5425
200.5,0.470894,0.00705,0.000223,0.4575,0.46612,0.4709,0.4756,0.48464,0.0,0.0,0.0,0.0,0.0,0.0,0.0,0.0,0.529106,0.00705,0.000223,0.51536,0.52439,0.5291,0.53388,0.5425,0.0,0.0,0.0,0.0,0.0,0.0,0.0,0.0,0.529106,0.00705,0.000223,0.51536,0.52439,0.5291,0.53388,0.5425
200.75,0.470894,0.00705,0.000223,0.4575,0.46612,0.4709,0.4756,0.48464,0.0,0.0,0.0,0.0,0.0,0.0,0.0,0.0,0.529106,0.00705,0.000223,0.51536,0.52439,0.5291,0.53388,0.5425,0.0,0.0,0.0,0.0,0.0,0.0,0.0,0.0,0.529106,0.00705,0.000223,0.51536,0.52439,0.5291,0.53388,0.5425
201.0,0.470894,0.00705,0.000223,0.4575,0.46612,0.4709,0.4756,0.48464,0.0,0.0,0.0,0.0,0.0,0.0,0.0,0.0,0.529106,0.00705,0.000223,0.51536,0.52439,0.5291,0.53388,0.5425,0.0,0.0,0.0,0.0,0.0,0.0,0.0,0.0,0.529106,0.00705,0.000223,0.51536,0.52439,0.5291,0.53388,0.5425
201.25,0.470894,0.00705,0.000223,0.4575,0.46612,0.4709,0.4756,0.48464,0.0,0.0,0.0,0.0,0.0,0.0,0.0,0.0,0.529106,0.00705,0.000223,0.51536,0.52439,0.5291,0.53388,0.5425,0.0,0.0,0.0,0.0,0.0,0.0,0.0,0.0,0.529106,0.00705,0.000223,0.51536,0.52439,0.5291,0.53388,0.5425
201.5,0.470894,0.00705,0.000223,0.4575,0.46612,0.4709,0.4756,0.48464,0.0,0.0,0.0,0.0,0.0,0.0,0.0,0.0,0.529106,0.00705,0.000223,0.51536,0.52439,0.5291,0.53388,0.5425,0.0,0.0,0.0,0.0,0.0,0.0,0.0,0.0,0.529106,0.00705,0.000223,0.51536,0.52439,0.5291,0.53388,0.5425
201.75,0.470894,0.00705,0.000223,0.4575,0.46612,0.4709,0.4756,0.48464,0.0,0.0,0.0,0.0,0.0,0.0,0.0,0.0,0.529106,0.00705,0.000223,0.51536,0.52439,0.5291,0.53388,0.5425,0.0,0.0,0.0,0.0,0.0,0.0,0.0,0.0,0.529106,0.00705,0.000223,0.51536,0.52439,0.5291,0.53388,0.5425
202.0,0.470894,0.00705,0.000223,0.4575,0.46612,0.4709,0.4756,0.48464,0.0,0.0,0.0,0.0,0.0,0.0,0.0,0.0,0.529106,0.00705,0.000223,0.51536,0.52439,0.5291,0.53388,0.5425,0.0,0.0,0.0,0.0,0.0,0.0,0.0,0.0,0.529106,0.00705,0.000223,0.51536,0.52439,0.5291,0.53388,0.5425
202.25,0.470894,0.00705,0.000223,0.4575,0.46612,0.4709,0.4756,0.48464,0.0,0.0,0.0,0.0,0.0,0.0,0.0,0.0,0.529106,0.00705,0.000223,0.51536,0.52439,0.5291,0.53388,0.5425,0.0,0.0,0.0,0.0,0.0,0.0,0.0,0.0,0.529106,0.00705,0.000223,0.51536,0.52439,0.5291,0.53388,0.5425
202.5,0.470894,0.00705,0.000223,0.4575,0.46612,0.4709,0.4756,0.48464,0.0,0.0,0.0,0.0,0.0,0.0,0.0,0.0,0.529106,0.00705,0.000223,0.51536,0.52439,0.5291,0.53388,0.5425,0.0,0.0,0.0,0.0,0.0,0.0,0.0,0.0,0.529106,0.00705,0.000223,0.51536,0.52439,0.5291,0.53388,0.5425
202.75,0.470894,0.00705,0.000223,0.4575,0.46612,0.4709,0.4756,0.48464,0.0,0.0,0.0,0.0,0.0,0.0,0.0,0.0,0.529106,0.00705,0.000223,0.51536,0.52439,0.5291,0.53388,0.5425,0.0,0.0,0.0,0.0,0.0,0.0,0.0,0.0,0.529106,0.00705,0.000223,0.51536,0.52439,0.5291,0.53388,0.5425
203.0,0.470894,0.00705,0.000223,0.4575,0.46612,0.4709,0.4756,0.48464,0.0,0.0,0.0,0.0,0.0,0.0,0.0,0.0,0.529106,0.00705,0.000223,0.51536,0.52439,0.5291,0.53388,0.5425,0.0,0.0,0.0,0.0,0.0,0.0,0.0,0.0,0.529106,0.00705,0.000223,0.51536,0.52439,0.5291,0.53388,0.5425
203.25,0.470894,0.00705,0.000223,0.4575,0.46612,0.4709,0.4756,0.48464,0.0,0.0,0.0,0.0,0.0,0.0,0.0,0.0,0.529106,0.00705,0.000223,0.51536,0.52439,0.5291,0.53388,0.5425,0.0,0.0,0.0,0.0,0.0,0.0,0.0,0.0,0.529106,0.00705,0.000223,0.51536,0.52439,0.5291,0.53388,0.5425
203.5,0.470894,0.00705,0.000223,0.4575,0.46612,0.4709,0.4756,0.48464,0.0,0.0,0.0,0.0,0.0,0.0,0.0,0.0,0.529106,0.00705,0.000223,0.51536,0.52439,0.5291,0.53388,0.5425,0.0,0.0,0.0,0.0,0.0,0.0,0.0,0.0,0.529106,0.00705,0.000223,0.51536,0.52439,0.5291,0.53388,0.5425
203.75,0.470894,0.00705,0.000223,0.4575,0.46612,0.4709,0.4756,0.48464,0.0,0.0,0.0,0.0,0.0,0.0,0.0,0.0,0.529106,0.00705,0.000223,0.51536,0.52439,0.5291,0.53388,0.5425,0.0,0.0,0.0,0.0,0.0,0.0,0.0,0.0,0.529106,0.00705,0.000223,0.51536,0.52439,0.5291,0.53388,0.5425
204.0,0.470894,0.00705,0.000223,0.4575,0.46612,0.4709,0.4756,0.48464,0.0,0.0,0.0,0.0,0.0,0.0,0.0,0.0,0.529106,0.00705,0.000223,0.51536,0.52439,0.5291,0.53388,0.5425,0.0,0.0,0.0,0.0,0.0,0.0,0.0,0.0,0.529106,0.00705,0.000223,0.51536,0.52439,0.5291,0.53388,0.5425
204.25,0.470894,0.00705,0.000223,0.4575,0.46612,0.4709,0.4756,0.48464,0.0,0.0,0.0,0.0,0.0,0.0,0.0,0.0,0.529106,0.00705,0.000223,0.51536,0.52439,0.5291,0.53388,0.5425,0.0,0.0,0.0,0.0,0.0,0.0,0.0,0.0,0.529106,0.00705,0.000223,0.51536,0.52439,0.5291,0.53388,0.5425
204.5,0.470894,0.00705,0.000223,0.4575,0.46612,0.4709,0.4756,0.48464,0.0,0.0,0.0,0.0,0.0,0.0,0.0,0.0,0.529106,0.00705,0.000223,0.51536,0.52439,0.5291,0.53388,0.5425,0.0,0.0,0.0,0.0,0.0,0.0,0.0,0.0,0.529106,0.00705,0.000223,0.51536,0.52439,0.5291,0.53388,0.5425
204.75,0.470894,0.00705,0.000223,0.4575,0.46612,0.4709,0.4756,0.48464,0.0,0.0,0.0,0.0,0.0,0.0,0.0,0.0,0.529106,0.00705,0.000223,0.51536,0.52439,0.5291,0.53388,0.5425,0.0,0.0,0.0,0.0,0.0,0.0,0.0,0.0,0.529106,0.00705,0.000223,0.51536,0.52439,0.5291,0.53388,0.5425
205.0,0.470894,0.00705,0.000223,0.4575,0.46612,0.4709,0.4756,0.48464,0.0,0.0,0.0,0.0,0.0,0.0,0.0,0.0,0.529106,0.00705,0.000223,0.51536,0.52439,0.5291,0.53388,0.5425,0.0,0.0,0.0,0.0,0.0,0.0,0.0,0.0,0.529106,0.00705,0.000223,0.51536,0.52439,0.5291,0.53388,0.5425
205.25,0.470894,0.00705,0.000223,0.4575,0.46612,0.4709,0.4756,0.48464,0.0,0.0,0.0,0.0,0.0,0.0,0.0,0.0,0.529106,0.00705,0.000223,0.51536,0.52439,0.5291,0.53388,0.5425,0.0,0.0,0.0,0.0,0.0,0.0,0.0,0.0,0.529106,0.00705,0.000223,0.51536,0.52439,0.5291,0.53388,0.5425
205.5,0.470894,0.00705,0.000223,0.4575,0.46612,0.4709,0.4756,0.48464,0.0,0.0,0.0,0.0,0.0,0.0,0.0,0.0,0.529106,0.00705,0.000223,0.51536,0.52439,0.5291,0.53388,0.5425,0.0,0.0,0.0,0.0,0.0,0.0,0.0,0.0,0.529106,0.00705,0.000223,0.51536,0.52439,0.5291,0.53388,0.5425
205.75,0.470894,0.00705,0.000223,0.4575,0.46612,0.4709,0.4756,0.48464,0.0,0.0,0.0,0.0,0.0,0.0,0.0,0.0,0.529106,0.00705,0.000223,0.51536,0.52439,0.5291,0.53388,0.5425,0.0,0.0,0.0,0.0,0.0,0.0,0.0,0.0,0.529106,0.00705,0.000223,0.51536,0.52439,0.5291,0.53388,0.5425
206.0,0.470894,0.00705,0.000223,0.4575,0.46612,0.4709,0.4756,0.48464,0.0,0.0,0.0,0.0,0.0,0.0,0.0,0.0,0.529106,0.00705,0.000223,0.51536,0.52439,0.5291,0.53388,0.5425,0.0,0.0,0.0,0.0,0.0,0.0,0.0,0.0,0.529106,0.00705,0.000223,0.51536,0.52439,0.5291,0.53388,0.5425
206.25,0.470894,0.00705,0.000223,0.4575,0.46612,0.4709,0.4756,0.48464,0.0,0.0,0.0,0.0,0.0,0.0,0.0,0.0,0.529106,0.00705,0.000223,0.51536,0.52439,0.5291,0.53388,0.5425,0.0,0.0,0.0,0.0,0.0,0.0,0.0,0.0,0.529106,0.00705,0.000223,0.51536,0.52439,0.5291,0.53388,0.5425
206.5,0.470894,0.00705,0.000223,0.4575,0.46612,0.4709,0.4756,0.48464,0.0,0.0,0.0,0.0,0.0,0.0,0.0,0.0,0.529106,0.00705,0.000223,0.51536,0.52439,0.5291,0.53388,0.5425,0.0,0.0,0.0,0.0,0.0,0.0,0.0,0.0,0.529106,0.00705,0.000223,0.51536,0.52439,0.5291,0.53388,0.5425
206.75,0.470894,0.00705,0.000223,0.4575,0.46612,0.4709,0.4756,0.48464,0.0,0.0,0.0,0.0,0.0,0.0,0.0,0.0,0.529106,0.00705,0.000223,0.51536,0.52439,0.5291,0.53388,0.5425,0.0,0.0,0.0,0.0,0.0,0.0,0.0,0.0,0.529106,0.00705,0.000223,0.51536,0.52439,0.5291,0.53388,0.5425
207.0,0.470894,0.00705,0.000223,0.4575,0.46612,0.4709,0.4756,0.48464,0.0,0.0,0.0,0.0,0.0,0.0,0.0,0.0,0.529106,0.00705,0.000223,0.51536,0.52439,0.5291,0.53388,0.5425,0.0,0.0,0.0,0.0,0.0,0.0,0.0,0.0,0.529106,0.00705,0.000223,0.51536,0.52439,0.5291,0.53388,0.5425
207.25,0.470894,0.00705,0.000223,0.4575,0.46612,0.4709,0.4756,0.48464,0.0,0.0,0.0,0.0,0.0,0.0,0.0,0.0,0.529106,0.00705,0.000223,0.51536,0.52439,0.5291,0.53388,0.5425,0.0,0.0,0.0,0.0,0.0,0.0,0.0,0.0,0.529106,0.00705,0.000223,0.51536,0.52439,0.5291,0.53388,0.5425
207.5,0.470894,0.00705,0.000223,0.4575,0.46612,0.4709,0.4756,0.48464,0.0,0.0,0.0,0.0,0.0,0.0,0.0,0.0,0.529106,0.00705,0.000223,0.51536,0.52439,0.5291,0.53388,0.5425,0.0,0.0,0.0,0.0,0.0,0.0,0.0,0.0,0.529106,0.00705,0.000223,0.51536,0.52439,0.5291,0.53388,0.5425
207.75,0.470894,0.00705,0.000223,0.4575,0.46612,0.4709,0.4756,0.48464,0.0,0.0,0.0,0.0,0.0,0.0,0.0,0.0,0.529106,0.00705,0.000223,0.51536,0.52439,0.5291,0.53388,0.5425,0.0,0.0,0.0,0.0,0.0,0.0,0.0,0.0,0.529106,0.00705,0.000223,0.51536,0.52439,0.5291,0.53388,0.5425
208.0,0.470894,0.00705,0.000223,0.4575,0.46612,0.4709,0.4756,0.48464,0.0,0.0,0.0,0.0,0.0,0.0,0.0,0.0,0.529106,0.00705,0.000223,0.51536,0.52439,0.5291,0.53388,0.5425,0.0,0.0,0.0,0.0,0.0,0.0,0.0,0.0,0.529106,0.00705,0.000223,0.51536,0.52439,0.5291,0.53388,0.5425
208.25,0.470894,0.00705,0.000223,0.4575,0.46612,0.4709,0.4756,0.48464,0.0,0.0,0.0,0.0,0.0,0.0,0.0,0.0,0.529106,0.00705,0.000223,0.51536,0.52439,0.5291,0.53388,0.5425,0.0,0.0,0.0,0.0,0.0,0.0,0.0,0.0,0.529106,0.00705,0.000223,0.51536,0.52439,0.5291,0.53388,0.5425
208.5,0.470894,0.00705,0.000223,0.4575,0.46612,0.4709,0.4756,0.48464,0.0,0.0,0.0,0.0,0.0,0.0,0.0,0.0,0.529106,0.00705,0.000223,0.51536,0.52439,0.5291,0.53388,0.5425,0.0,0.0,0.0,0.0,0.0,0.0,0.0,0.0,0.529106,0.00705,0.000223,0.51536,0.52439,0.5291,0.53388,0.5425
208.75,0.470894,0.00705,0.000223,0.4575,0.46612,0.4709,0.4756,0.48464,0.0,0.0,0.0,0.0,0.0,0.0,0.0,0.0,0.529106,0.00705,0.000223,0.51536,0.52439,0.5291,0.53388,0.5425,0.0,0.0,0.0,0.0,0.0,0.0,0.0,0.0,0.529106,0.00705,0.000223,0.51536,0.52439,0.5291,0.53388,0.5425
209.0,0.470894,0.00705,0.000223,0.4575,0.46612,0.4709,0.4756,0.48464,0.0,0.0,0.0,0.0,0.0,0.0,0.0,0.0,0.529106,0.00705,0.000223,0.51536,0.52439,0.5291,0.53388,0.5425,0.0,0.0,0.0,0.0,0.0,0.0,0.0,0.0,0.529106,0.00705,0.000223,0.51536,0.52439,0.5291,0.53388,0.5425
209.25,0.470894,0.00705,0.000223,0.4575,0.46612,0.4709,0.4756,0.48464,0.0,0.0,0.0,0.0,0.0,0.0,0.0,0.0,0.529106,0.00705,0.000223,0.51536,0.52439,0.5291,0.53388,0.5425,0.0,0.0,0.0,0.0,0.0,0.0,0.0,0.0,0.529106,0.00705,0.000223,0.51536,0.52439,0.5291,0.53388,0.5425
209.5,0.470894,0.00705,0.000223,0.4575,0.46612,0.4709,0.4756,0.48464,0.0,0.0,0.0,0.0,0.0,0.0,0.0,0.0,0.529106,0.00705,0.000223,0.51536,0.52439,0.5291,0.53388,0.5425,0.0,0.0,0.0,0.0,0.0,0.0,0.0,0.0,0.529106,0.00705,0.000223,0.51536,0.52439,0.5291,0.53388,0.5425
209.75,0.470894,0.00705,0.000223,0.4575,0.46612,0.4709,0.4756,0.48464,0.0,0.0,0.0,0.0,0.0,0.0,0.0,0.0,0.529106,0.00705,0.000223,0.51536,0.52439,0.5291,0.53388,0.5425,0.0,0.0,0.0,0.0,0.0,0.0,0.0,0.0,0.529106,0.00705,0.000223,0.51536,0.52439,0.5291,0.53388,0.5425
210.0,0.470894,0.00705,0.000223,0.4575,0.46612,0.4709,0.4756,0.48464,0.0,0.0,0.0,0.0,0.0,0.0,0.0,0.0,0.529106,0.00705,0.000223,0.51536,0.52439,0.5291,0.53388,0.5425,0.0,0.0,0.0,0.0,0.0,0.0,0.0,0.0,0.529106,0.00705,0.000223,0.51536,0.52439,0.5291,0.53388,0.5425
210.25,0.470894,0.00705,0.000223,0.4575,0.46612,0.4709,0.4756,0.48464,0.0,0.0,0.0,0.0,0.0,0.0,0.0,0.0,0.529106,0.00705,0.000223,0.51536,0.52439,0.5291,0.53388,0.5425,0.0,0.0,0.0,0.0,0.0,0.0,0.0,0.0,0.529106,0.00705,0.000223,0.51536,0.52439,0.5291,0.53388,0.5425
210.5,0.470894,0.00705,0.000223,0.4575,0.46612,0.4709,0.4756,0.48464,0.0,0.0,0.0,0.0,0.0,0.0,0.0,0.0,0.529106,0.00705,0.000223,0.51536,0.52439,0.5291,0.53388,0.5425,0.0,0.0,0.0,0.0,0.0,0.0,0.0,0.0,0.529106,0.00705,0.000223,0.51536,0.52439,0.5291,0.53388,0.5425
210.75,0.470894,0.00705,0.000223,0.4575,0.46612,0.4709,0.4756,0.48464,0.0,0.0,0.0,0.0,0.0,0.0,0.0,0.0,0.529106,0.00705,0.000223,0.51536,0.52439,0.5291,0.53388,0.5425,0.0,0.0,0.0,0.0,0.0,0.0,0.0,0.0,0.529106,0.00705,0.000223,0.51536,0.52439,0.5291,0.53388,0.5425
211.0,0.470894,0.00705,0.000223,0.4575,0.46612,0.4709,0.4756,0.48464,0.0,0.0,0.0,0.0,0.0,0.0,0.0,0.0,0.529106,0.00705,0.000223,0.51536,0.52439,0.5291,0.53388,0.5425,0.0,0.0,0.0,0.0,0.0,0.0,0.0,0.0,0.529106,0.00705,0.000223,0.51536,0.52439,0.5291,0.53388,0.5425
211.25,0.470894,0.00705,0.000223,0.4575,0.46612,0.4709,0.4756,0.48464,0.0,0.0,0.0,0.0,0.0,0.0,0.0,0.0,0.529106,0.00705,0.000223,0.51536,0.52439,0.5291,0.53388,0.5425,0.0,0.0,0.0,0.0,0.0,0.0,0.0,0.0,0.529106,0.00705,0.000223,0.51536,0.52439,0.5291,0.53388,0.5425
211.5,0.470894,0.00705,0.000223,0.4575,0.46612,0.4709,0.4756,0.48464,0.0,0.0,0.0,0.0,0.0,0.0,0.0,0.0,0.529106,0.00705,0.000223,0.51536,0.52439,0.5291,0.53388,0.5425,0.0,0.0,0.0,0.0,0.0,0.0,0.0,0.0,0.529106,0.00705,0.000223,0.51536,0.52439,0.5291,0.53388,0.5425
211.75,0.470894,0.00705,0.000223,0.4575,0.46612,0.4709,0.4756,0.48464,0.0,0.0,0.0,0.0,0.0,0.0,0.0,0.0,0.529106,0.00705,0.000223,0.51536,0.52439,0.5291,0.53388,0.5425,0.0,0.0,0.0,0.0,0.0,0.0,0.0,0.0,0.529106,0.00705,0.000223,0.51536,0.52439,0.5291,0.53388,0.5425
212.0,0.470894,0.00705,0.000223,0.4575,0.46612,0.4709,0.4756,0.48464,0.0,0.0,0.0,0.0,0.0,0.0,0.0,0.0,0.529106,0.00705,0.000223,0.51536,0.52439,0.5291,0.53388,0.5425,0.0,0.0,0.0,0.0,0.0,0.0,0.0,0.0,0.529106,0.00705,0.000223,0.51536,0.52439,0.5291,0.53388,0.5425
212.25,0.470894,0.00705,0.000223,0.4575,0.46612,0.4709,0.4756,0.48464,0.0,0.0,0.0,0.0,0.0,0.0,0.0,0.0,0.529106,0.00705,0.000223,0.51536,0.52439,0.5291,0.53388,0.5425,0.0,0.0,0.0,0.0,0.0,0.0,0.0,0.0,0.529106,0.00705,0.000223,0.51536,0.52439,0.5291,0.53388,0.5425
212.5,0.470894,0.00705,0.000223,0.4575,0.46612,0.4709,0.4756,0.48464,0.0,0.0,0.0,0.0,0.0,0.0,0.0,0.0,0.529106,0.00705,0.000223,0.51536,0.52439,0.5291,0.53388,0.5425,0.0,0.0,0.0,0.0,0.0,0.0,0.0,0.0,0.529106,0.00705,0.000223,0.51536,0.52439,0.5291,0.53388,0.5425
212.75,0.470894,0.00705,0.000223,0.4575,0.46612,0.4709,0.4756,0.48464,0.0,0.0,0.0,0.0,0.0,0.0,0.0,0.0,0.529106,0.00705,0.000223,0.51536,0.52439,0.5291,0.53388,0.5425,0.0,0.0,0.0,0.0,0.0,0.0,0.0,0.0,0.529106,0.00705,0.000223,0.51536,0.52439,0.5291,0.53388,0.5425
213.0,0.470894,0.00705,0.000223,0.4575,0.46612,0.4709,0.4756,0.48464,0.0,0.0,0.0,0.0,0.0,0.0,0.0,0.0,0.529106,0.00705,0.000223,0.51536,0.52439,0.5291,0.53388,0.5425,0.0,0.0,0.0,0.0,0.0,0.0,0.0,0.0,0.529106,0.00705,0.000223,0.51536,0.52439,0.5291,0.53388,0.5425
213.25,0.470894,0.00705,0.000223,0.4575,0.46612,0.4709,0.4756,0.48464,0.0,0.0,0.0,0.0,0.0,0.0,0.0,0.0,0.529106,0.00705,0.000223,0.51536,0.52439,0.5291,0.53388,0.5425,0.0,0.0,0.0,0.0,0.0,0.0,0.0,0.0,0.529106,0.00705,0.000223,0.51536,0.52439,0.5291,0.53388,0.5425
213.5,0.470894,0.00705,0.000223,0.4575,0.46612,0.4709,0.4756,0.48464,0.0,0.0,0.0,0.0,0.0,0.0,0.0,0.0,0.529106,0.00705,0.000223,0.51536,0.52439,0.5291,0.53388,0.5425,0.0,0.0,0.0,0.0,0.0,0.0,0.0,0.0,0.529106,0.00705,0.000223,0.51536,0.52439,0.5291,0.53388,0.5425
213.75,0.470894,0.00705,0.000223,0.4575,0.46612,0.4709,0.4756,0.48464,0.0,0.0,0.0,0.0,0.0,0.0,0.0,0.0,0.529106,0.00705,0.000223,0.51536,0.52439,0.5291,0.53388,0.5425,0.0,0.0,0.0,0.0,0.0,0.0,0.0,0.0,0.529106,0.00705,0.000223,0.51536,0.52439,0.5291,0.53388,0.5425
214.0,0.470894,0.00705,0.000223,0.4575,0.46612,0.4709,0.4756,0.48464,0.0,0.0,0.0,0.0,0.0,0.0,0.0,0.0,0.529106,0.00705,0.000223,0.51536,0.52439,0.5291,0.53388,0.5425,0.0,0.0,0.0,0.0,0.0,0.0,0.0,0.0,0.529106,0.00705,0.000223,0.51536,0.52439,0.5291,0.53388,0.5425
214.25,0.470894,0.00705,0.000223,0.4575,0.46612,0.4709,0.4756,0.48464,0.0,0.0,0.0,0.0,0.0,0.0,0.0,0.0,0.529106,0.00705,0.000223,0.51536,0.52439,0.5291,0.53388,0.5425,0.0,0.0,0.0,0.0,0.0,0.0,0.0,0.0,0.529106,0.00705,0.000223,0.51536,0.52439,0.5291,0.53388,0.5425
214.5,0.470894,0.00705,0.000223,0.4575,0.46612,0.4709,0.4756,0.48464,0.0,0.0,0.0,0.0,0.0,0.0,0.0,0.0,0.529106,0.00705,0.000223,0.51536,0.52439,0.5291,0.53388,0.5425,0.0,0.0,0.0,0.0,0.0,0.0,0.0,0.0,0.529106,0.00705,0.000223,0.51536,0.52439,0.5291,0.53388,0.5425
214.75,0.470894,0.00705,0.000223,0.4575,0.46612,0.4709,0.4756,0.48464,0.0,0.0,0.0,0.0,0.0,0.0,0.0,0.0,0.529106,0.00705,0.000223,0.51536,0.52439,0.5291,0.53388,0.5425,0.0,0.0,0.0,0.0,0.0,0.0,0.0,0.0,0.529106,0.00705,0.000223,0.51536,0.52439,0.5291,0.53388,0.5425
215.0,0.470894,0.00705,0.000223,0.4575,0.46612,0.4709,0.4756,0.48464,0.0,0.0,0.0,0.0,0.0,0.0,0.0,0.0,0.529106,0.00705,0.000223,0.51536,0.52439,0.5291,0.53388,0.5425,0.0,0.0,0.0,0.0,0.0,0.0,0.0,0.0,0.529106,0.00705,0.000223,0.51536,0.52439,0.5291,0.53388,0.5425
215.25,0.470894,0.00705,0.000223,0.4575,0.46612,0.4709,0.4756,0.48464,0.0,0.0,0.0,0.0,0.0,0.0,0.0,0.0,0.529106,0.00705,0.000223,0.51536,0.52439,0.5291,0.53388,0.5425,0.0,0.0,0.0,0.0,0.0,0.0,0.0,0.0,0.529106,0.00705,0.000223,0.51536,0.52439,0.5291,0.53388,0.5425
215.5,0.470894,0.00705,0.000223,0.4575,0.46612,0.4709,0.4756,0.48464,0.0,0.0,0.0,0.0,0.0,0.0,0.0,0.0,0.529106,0.00705,0.000223,0.51536,0.52439,0.5291,0.53388,0.5425,0.0,0.0,0.0,0.0,0.0,0.0,0.0,0.0,0.529106,0.00705,0.000223,0.51536,0.52439,0.5291,0.53388,0.5425
215.75,0.470894,0.00705,0.000223,0.4575,0.46612,0.4709,0.4756,0.48464,0.0,0.0,0.0,0.0,0.0,0.0,0.0,0.0,0.529106,0.00705,0.000223,0.51536,0.52439,0.5291,0.53388,0.5425,0.0,0.0,0.0,0.0,0.0,0.0,0.0,0.0,0.529106,0.00705,0.000223,0.51536,0.52439,0.5291,0.53388,0.5425
216.0,0.470894,0.00705,0.000223,0.4575,0.46612,0.4709,0.4756,0.48464,0.0,0.0,0.0,0.0,0.0,0.0,0.0,0.0,0.529106,0.00705,0.000223,0.51536,0.52439,0.5291,0.53388,0.5425,0.0,0.0,0.0,0.0,0.0,0.0,0.0,0.0,0.529106,0.00705,0.000223,0.51536,0.52439,0.5291,0.53388,0.5425
216.25,0.470894,0.00705,0.000223,0.4575,0.46612,0.4709,0.4756,0.48464,0.0,0.0,0.0,0.0,0.0,0.0,0.0,0.0,0.529106,0.00705,0.000223,0.51536,0.52439,0.5291,0.53388,0.5425,0.0,0.0,0.0,0.0,0.0,0.0,0.0,0.0,0.529106,0.00705,0.000223,0.51536,0.52439,0.5291,0.53388,0.5425
216.5,0.470894,0.00705,0.000223,0.4575,0.46612,0.4709,0.4756,0.48464,0.0,0.0,0.0,0.0,0.0,0.0,0.0,0.0,0.529106,0.00705,0.000223,0.51536,0.52439,0.5291,0.53388,0.5425,0.0,0.0,0.0,0.0,0.0,0.0,0.0,0.0,0.529106,0.00705,0.000223,0.51536,0.52439,0.5291,0.53388,0.5425
216.75,0.470894,0.00705,0.000223,0.4575,0.46612,0.4709,0.4756,0.48464,0.0,0.0,0.0,0.0,0.0,0.0,0.0,0.0,0.529106,0.00705,0.000223,0.51536,0.52439,0.5291,0.53388,0.5425,0.0,0.0,0.0,0.0,0.0,0.0,0.0,0.0,0.529106,0.00705,0.000223,0.51536,0.52439,0.5291,0.53388,0.5425
217.0,0.470894,0.00705,0.000223,0.4575,0.46612,0.4709,0.4756,0.48464,0.0,0.0,0.0,0.0,0.0,0.0,0.0,0.0,0.529106,0.00705,0.000223,0.51536,0.52439,0.5291,0.53388,0.5425,0.0,0.0,0.0,0.0,0.0,0.0,0.0,0.0,0.529106,0.00705,0.000223,0.51536,0.52439,0.5291,0.53388,0.5425
217.25,0.470894,0.00705,0.000223,0.4575,0.46612,0.4709,0.4756,0.48464,0.0,0.0,0.0,0.0,0.0,0.0,0.0,0.0,0.529106,0.00705,0.000223,0.51536,0.52439,0.5291,0.53388,0.5425,0.0,0.0,0.0,0.0,0.0,0.0,0.0,0.0,0.529106,0.00705,0.000223,0.51536,0.52439,0.5291,0.53388,0.5425
217.5,0.470894,0.00705,0.000223,0.4575,0.46612,0.4709,0.4756,0.48464,0.0,0.0,0.0,0.0,0.0,0.0,0.0,0.0,0.529106,0.00705,0.000223,0.51536,0.52439,0.5291,0.53388,0.5425,0.0,0.0,0.0,0.0,0.0,0.0,0.0,0.0,0.529106,0.00705,0.000223,0.51536,0.52439,0.5291,0.53388,0.5425
217.75,0.470894,0.00705,0.000223,0.4575,0.46612,0.4709,0.4756,0.48464,0.0,0.0,0.0,0.0,0.0,0.0,0.0,0.0,0.529106,0.00705,0.000223,0.51536,0.52439,0.5291,0.53388,0.5425,0.0,0.0,0.0,0.0,0.0,0.0,0.0,0.0,0.529106,0.00705,0.000223,0.51536,0.52439,0.5291,0.53388,0.5425
218.0,0.470894,0.00705,0.000223,0.4575,0.46612,0.4709,0.4756,0.48464,0.0,0.0,0.0,0.0,0.0,0.0,0.0,0.0,0.529106,0.00705,0.000223,0.51536,0.52439,0.5291,0.53388,0.5425,0.0,0.0,0.0,0.0,0.0,0.0,0.0,0.0,0.529106,0.00705,0.000223,0.51536,0.52439,0.5291,0.53388,0.5425
218.25,0.470894,0.00705,0.000223,0.4575,0.46612,0.4709,0.4756,0.48464,0.0,0.0,0.0,0.0,0.0,0.0,0.0,0.0,0.529106,0.00705,0.000223,0.51536,0.52439,0.5291,0.53388,0.5425,0.0,0.0,0.0,0.0,0.0,0.0,0.0,0.0,0.529106,0.00705,0.000223,0.51536,0.52439,0.5291,0.53388,0.5425
218.5,0.470894,0.00705,0.000223,0.4575,0.46612,0.4709,0.4756,0.48464,0.0,0.0,0.0,0.0,0.0,0.0,0.0,0.0,0.529106,0.00705,0.000223,0.51536,0.52439,0.5291,0.53388,0.5425,0.0,0.0,0.0,0.0,0.0,0.0,0.0,0.0,0.529106,0.00705,0.000223,0.51536,0.52439,0.5291,0.53388,0.5425
218.75,0.470894,0.00705,0.000223,0.4575,0.46612,0.4709,0.4756,0.48464,0.0,0.0,0.0,0.0,0.0,0.0,0.0,0.0,0.529106,0.00705,0.000223,0.51536,0.52439,0.5291,0.53388,0.5425,0.0,0.0,0.0,0.0,0.0,0.0,0.0,0.0,0.529106,0.00705,0.000223,0.51536,0.52439,0.5291,0.53388,0.5425
219.0,0.470894,0.00705,0.000223,0.4575,0.46612,0.4709,0.4756,0.48464,0.0,0.0,0.0,0.0,0.0,0.0,0.0,0.0,0.529106,0.00705,0.000223,0.51536,0.52439,0.5291,0.53388,0.5425,0.0,0.0,0.0,0.0,0.0,0.0,0.0,0.0,0.529106,0.00705,0.000223,0.51536,0.52439,0.5291,0.53388,0.5425
219.25,0.470894,0.00705,0.000223,0.4575,0.46612,0.4709,0.4756,0.48464,0.0,0.0,0.0,0.0,0.0,0.0,0.0,0.0,0.529106,0.00705,0.000223,0.51536,0.52439,0.5291,0.53388,0.5425,0.0,0.0,0.0,0.0,0.0,0.0,0.0,0.0,0.529106,0.00705,0.000223,0.51536,0.52439,0.5291,0.53388,0.5425
219.5,0.470894,0.00705,0.000223,0.4575,0.46612,0.4709,0.4756,0.48464,0.0,0.0,0.0,0.0,0.0,0.0,0.0,0.0,0.529106,0.00705,0.000223,0.51536,0.52439,0.5291,0.53388,0.5425,0.0,0.0,0.0,0.0,0.0,0.0,0.0,0.0,0.529106,0.00705,0.000223,0.51536,0.52439,0.5291,0.53388,0.5425
219.75,0.470894,0.00705,0.000223,0.4575,0.46612,0.4709,0.4756,0.48464,0.0,0.0,0.0,0.0,0.0,0.0,0.0,0.0,0.529106,0.00705,0.000223,0.51536,0.52439,0.5291,0.53388,0.5425,0.0,0.0,0.0,0.0,0.0,0.0,0.0,0.0,0.529106,0.00705,0.000223,0.51536,0.52439,0.5291,0.53388,0.5425
220.0,0.470894,0.00705,0.000223,0.4575,0.46612,0.4709,0.4756,0.48464,0.0,0.0,0.0,0.0,0.0,0.0,0.0,0.0,0.529106,0.00705,0.000223,0.51536,0.52439,0.5291,0.53388,0.5425,0.0,0.0,0.0,0.0,0.0,0.0,0.0,0.0,0.529106,0.00705,0.000223,0.51536,0.52439,0.5291,0.53388,0.5425
220.25,0.470894,0.00705,0.000223,0.4575,0.46612,0.4709,0.4756,0.48464,0.0,0.0,0.0,0.0,0.0,0.0,0.0,0.0,0.529106,0.00705,0.000223,0.51536,0.52439,0.5291,0.53388,0.5425,0.0,0.0,0.0,0.0,0.0,0.0,0.0,0.0,0.529106,0.00705,0.000223,0.51536,0.52439,0.5291,0.53388,0.5425
220.5,0.470894,0.00705,0.000223,0.4575,0.46612,0.4709,0.4756,0.48464,0.0,0.0,0.0,0.0,0.0,0.0,0.0,0.0,0.529106,0.00705,0.000223,0.51536,0.52439,0.5291,0.53388,0.5425,0.0,0.0,0.0,0.0,0.0,0.0,0.0,0.0,0.529106,0.00705,0.000223,0.51536,0.52439,0.5291,0.53388,0.5425
220.75,0.470894,0.00705,0.000223,0.4575,0.46612,0.4709,0.4756,0.48464,0.0,0.0,0.0,0.0,0.0,0.0,0.0,0.0,0.529106,0.00705,0.000223,0.51536,0.52439,0.5291,0.53388,0.5425,0.0,0.0,0.0,0.0,0.0,0.0,0.0,0.0,0.529106,0.00705,0.000223,0.51536,0.52439,0.5291,0.53388,0.5425
221.0,0.470894,0.00705,0.000223,0.4575,0.46612,0.4709,0.4756,0.48464,0.0,0.0,0.0,0.0,0.0,0.0,0.0,0.0,0.529106,0.00705,0.000223,0.51536,0.52439,0.5291,0.53388,0.5425,0.0,0.0,0.0,0.0,0.0,0.0,0.0,0.0,0.529106,0.00705,0.000223,0.51536,0.52439,0.5291,0.53388,0.5425
221.25,0.470894,0.00705,0.000223,0.4575,0.46612,0.4709,0.4756,0.48464,0.0,0.0,0.0,0.0,0.0,0.0,0.0,0.0,0.529106,0.00705,0.000223,0.51536,0.52439,0.5291,0.53388,0.5425,0.0,0.0,0.0,0.0,0.0,0.0,0.0,0.0,0.529106,0.00705,0.000223,0.51536,0.52439,0.5291,0.53388,0.5425
221.5,0.470894,0.00705,0.000223,0.4575,0.46612,0.4709,0.4756,0.48464,0.0,0.0,0.0,0.0,0.0,0.0,0.0,0.0,0.529106,0.00705,0.000223,0.51536,0.52439,0.5291,0.53388,0.5425,0.0,0.0,0.0,0.0,0.0,0.0,0.0,0.0,0.529106,0.00705,0.000223,0.51536,0.52439,0.5291,0.53388,0.5425
221.75,0.470894,0.00705,0.000223,0.4575,0.46612,0.4709,0.4756,0.48464,0.0,0.0,0.0,0.0,0.0,0.0,0.0,0.0,0.529106,0.00705,0.000223,0.51536,0.52439,0.5291,0.53388,0.5425,0.0,0.0,0.0,0.0,0.0,0.0,0.0,0.0,0.529106,0.00705,0.000223,0.51536,0.52439,0.5291,0.53388,0.5425
222.0,0.470894,0.00705,0.000223,0.4575,0.46612,0.4709,0.4756,0.48464,0.0,0.0,0.0,0.0,0.0,0.0,0.0,0.0,0.529106,0.00705,0.000223,0.51536,0.52439,0.5291,0.53388,0.5425,0.0,0.0,0.0,0.0,0.0,0.0,0.0,0.0,0.529106,0.00705,0.000223,0.51536,0.52439,0.5291,0.53388,0.5425
222.25,0.470894,0.00705,0.000223,0.4575,0.46612,0.4709,0.4756,0.48464,0.0,0.0,0.0,0.0,0.0,0.0,0.0,0.0,0.529106,0.00705,0.000223,0.51536,0.52439,0.5291,0.53388,0.5425,0.0,0.0,0.0,0.0,0.0,0.0,0.0,0.0,0.529106,0.00705,0.000223,0.51536,0.52439,0.5291,0.53388,0.5425
222.5,0.470894,0.00705,0.000223,0.4575,0.46612,0.4709,0.4756,0.48464,0.0,0.0,0.0,0.0,0.0,0.0,0.0,0.0,0.529106,0.00705,0.000223,0.51536,0.52439,0.5291,0.53388,0.5425,0.0,0.0,0.0,0.0,0.0,0.0,0.0,0.0,0.529106,0.00705,0.000223,0.51536,0.52439,0.5291,0.53388,0.5425
222.75,0.470894,0.00705,0.000223,0.4575,0.46612,0.4709,0.4756,0.48464,0.0,0.0,0.0,0.0,0.0,0.0,0.0,0.0,0.529106,0.00705,0.000223,0.51536,0.52439,0.5291,0.53388,0.5425,0.0,0.0,0.0,0.0,0.0,0.0,0.0,0.0,0.529106,0.00705,0.000223,0.51536,0.52439,0.5291,0.53388,0.5425
223.0,0.470894,0.00705,0.000223,0.4575,0.46612,0.4709,0.4756,0.48464,0.0,0.0,0.0,0.0,0.0,0.0,0.0,0.0,0.529106,0.00705,0.000223,0.51536,0.52439,0.5291,0.53388,0.5425,0.0,0.0,0.0,0.0,0.0,0.0,0.0,0.0,0.529106,0.00705,0.000223,0.51536,0.52439,0.5291,0.53388,0.5425
223.25,0.470894,0.00705,0.000223,0.4575,0.46612,0.4709,0.4756,0.48464,0.0,0.0,0.0,0.0,0.0,0.0,0.0,0.0,0.529106,0.00705,0.000223,0.51536,0.52439,0.5291,0.53388,0.5425,0.0,0.0,0.0,0.0,0.0,0.0,0.0,0.0,0.529106,0.00705,0.000223,0.51536,0.52439,0.5291,0.53388,0.5425
223.5,0.470894,0.00705,0.000223,0.4575,0.46612,0.4709,0.4756,0.48464,0.0,0.0,0.0,0.0,0.0,0.0,0.0,0.0,0.529106,0.00705,0.000223,0.51536,0.52439,0.5291,0.53388,0.5425,0.0,0.0,0.0,0.0,0.0,0.0,0.0,0.0,0.529106,0.00705,0.000223,0.51536,0.52439,0.5291,0.53388,0.5425
223.75,0.470894,0.00705,0.000223,0.4575,0.46612,0.4709,0.4756,0.48464,0.0,0.0,0.0,0.0,0.0,0.0,0.0,0.0,0.529106,0.00705,0.000223,0.51536,0.52439,0.5291,0.53388,0.5425,0.0,0.0,0.0,0.0,0.0,0.0,0.0,0.0,0.529106,0.00705,0.000223,0.51536,0.52439,0.5291,0.53388,0.5425
224.0,0.470894,0.00705,0.000223,0.4575,0.46612,0.4709,0.4756,0.48464,0.0,0.0,0.0,0.0,0.0,0.0,0.0,0.0,0.529106,0.00705,0.000223,0.51536,0.52439,0.5291,0.53388,0.5425,0.0,0.0,0.0,0.0,0.0,0.0,0.0,0.0,0.529106,0.00705,0.000223,0.51536,0.52439,0.5291,0.53388,0.5425
224.25,0.470894,0.00705,0.000223,0.4575,0.46612,0.4709,0.4756,0.48464,0.0,0.0,0.0,0.0,0.0,0.0,0.0,0.0,0.529106,0.00705,0.000223,0.51536,0.52439,0.5291,0.53388,0.5425,0.0,0.0,0.0,0.0,0.0,0.0,0.0,0.0,0.529106,0.00705,0.000223,0.51536,0.52439,0.5291,0.53388,0.5425
224.5,0.470894,0.00705,0.000223,0.4575,0.46612,0.4709,0.4756,0.48464,0.0,0.0,0.0,0.0,0.0,0.0,0.0,0.0,0.529106,0.00705,0.000223,0.51536,0.52439,0.5291,0.53388,0.5425,0.0,0.0,0.0,0.0,0.0,0.0,0.0,0.0,0.529106,0.00705,0.000223,0.51536,0.52439,0.5291,0.53388,0.5425
224.75,0.470894,0.00705,0.000223,0.4575,0.46612,0.4709,0.4756,0.48464,0.0,0.0,0.0,0.0,0.0,0.0,0.0,0.0,0.529106,0.00705,0.000223,0.51536,0.52439,0.5291,0.53388,0.5425,0.0,0.0,0.0,0.0,0.0,0.0,0.0,0.0,0.529106,0.00705,0.000223,0.51536,0.52439,0.5291,0.53388,0.5425
225.0,0.470894,0.00705,0.000223,0.4575,0.46612,0.4709,0.4756,0.48464,0.0,0.0,0.0,0.0,0.0,0.0,0.0,0.0,0.529106,0.00705,0.000223,0.51536,0.52439,0.5291,0.53388,0.5425,0.0,0.0,0.0,0.0,0.0,0.0,0.0,0.0,0.529106,0.00705,0.000223,0.51536,0.52439,0.5291,0.53388,0.5425
225.25,0.470894,0.00705,0.000223,0.4575,0.46612,0.4709,0.4756,0.48464,0.0,0.0,0.0,0.0,0.0,0.0,0.0,0.0,0.529106,0.00705,0.000223,0.51536,0.52439,0.5291,0.53388,0.5425,0.0,0.0,0.0,0.0,0.0,0.0,0.0,0.0,0.529106,0.00705,0.000223,0.51536,0.52439,0.5291,0.53388,0.5425
225.5,0.470894,0.00705,0.000223,0.4575,0.46612,0.4709,0.4756,0.48464,0.0,0.0,0.0,0.0,0.0,0.0,0.0,0.0,0.529106,0.00705,0.000223,0.51536,0.52439,0.5291,0.53388,0.5425,0.0,0.0,0.0,0.0,0.0,0.0,0.0,0.0,0.529106,0.00705,0.000223,0.51536,0.52439,0.5291,0.53388,0.5425
225.75,0.470894,0.00705,0.000223,0.4575,0.46612,0.4709,0.4756,0.48464,0.0,0.0,0.0,0.0,0.0,0.0,0.0,0.0,0.529106,0.00705,0.000223,0.51536,0.52439,0.5291,0.53388,0.5425,0.0,0.0,0.0,0.0,0.0,0.0,0.0,0.0,0.529106,0.00705,0.000223,0.51536,0.52439,0.5291,0.53388,0.5425
226.0,0.470894,0.00705,0.000223,0.4575,0.46612,0.4709,0.4756,0.48464,0.0,0.0,0.0,0.0,0.0,0.0,0.0,0.0,0.529106,0.00705,0.000223,0.51536,0.52439,0.5291,0.53388,0.5425,0.0,0.0,0.0,0.0,0.0,0.0,0.0,0.0,0.529106,0.00705,0.000223,0.51536,0.52439,0.5291,0.53388,0.5425
226.25,0.470894,0.00705,0.000223,0.4575,0.46612,0.4709,0.4756,0.48464,0.0,0.0,0.0,0.0,0.0,0.0,0.0,0.0,0.529106,0.00705,0.000223,0.51536,0.52439,0.5291,0.53388,0.5425,0.0,0.0,0.0,0.0,0.0,0.0,0.0,0.0,0.529106,0.00705,0.000223,0.51536,0.52439,0.5291,0.53388,0.5425
226.5,0.470894,0.00705,0.000223,0.4575,0.46612,0.4709,0.4756,0.48464,0.0,0.0,0.0,0.0,0.0,0.0,0.0,0.0,0.529106,0.00705,0.000223,0.51536,0.52439,0.5291,0.53388,0.5425,0.0,0.0,0.0,0.0,0.0,0.0,0.0,0.0,0.529106,0.00705,0.000223,0.51536,0.52439,0.5291,0.53388,0.5425
226.75,0.470894,0.00705,0.000223,0.4575,0.46612,0.4709,0.4756,0.48464,0.0,0.0,0.0,0.0,0.0,0.0,0.0,0.0,0.529106,0.00705,0.000223,0.51536,0.52439,0.5291,0.53388,0.5425,0.0,0.0,0.0,0.0,0.0,0.0,0.0,0.0,0.529106,0.00705,0.000223,0.51536,0.52439,0.5291,0.53388,0.5425
227.0,0.470894,0.00705,0.000223,0.4575,0.46612,0.4709,0.4756,0.48464,0.0,0.0,0.0,0.0,0.0,0.0,0.0,0.0,0.529106,0.00705,0.000223,0.51536,0.52439,0.5291,0.53388,0.5425,0.0,0.0,0.0,0.0,0.0,0.0,0.0,0.0,0.529106,0.00705,0.000223,0.51536,0.52439,0.5291,0.53388,0.5425
227.25,0.470894,0.00705,0.000223,0.4575,0.46612,0.4709,0.4756,0.48464,0.0,0.0,0.0,0.0,0.0,0.0,0.0,0.0,0.529106,0.00705,0.000223,0.51536,0.52439,0.5291,0.53388,0.5425,0.0,0.0,0.0,0.0,0.0,0.0,0.0,0.0,0.529106,0.00705,0.000223,0.51536,0.52439,0.5291,0.53388,0.5425
227.5,0.470894,0.00705,0.000223,0.4575,0.46612,0.4709,0.4756,0.48464,0.0,0.0,0.0,0.0,0.0,0.0,0.0,0.0,0.529106,0.00705,0.000223,0.51536,0.52439,0.5291,0.53388,0.5425,0.0,0.0,0.0,0.0,0.0,0.0,0.0,0.0,0.529106,0.00705,0.000223,0.51536,0.52439,0.5291,0.53388,0.5425
227.75,0.470894,0.00705,0.000223,0.4575,0.46612,0.4709,0.4756,0.48464,0.0,0.0,0.0,0.0,0.0,0.0,0.0,0.0,0.529106,0.00705,0.000223,0.51536,0.52439,0.5291,0.53388,0.5425,0.0,0.0,0.0,0.0,0.0,0.0,0.0,0.0,0.529106,0.00705,0.000223,0.51536,0.52439,0.5291,0.53388,0.5425
228.0,0.470894,0.00705,0.000223,0.4575,0.46612,0.4709,0.4756,0.48464,0.0,0.0,0.0,0.0,0.0,0.0,0.0,0.0,0.529106,0.00705,0.000223,0.51536,0.52439,0.5291,0.53388,0.5425,0.0,0.0,0.0,0.0,0.0,0.0,0.0,0.0,0.529106,0.00705,0.000223,0.51536,0.52439,0.5291,0.53388,0.5425
228.25,0.470894,0.00705,0.000223,0.4575,0.46612,0.4709,0.4756,0.48464,0.0,0.0,0.0,0.0,0.0,0.0,0.0,0.0,0.529106,0.00705,0.000223,0.51536,0.52439,0.5291,0.53388,0.5425,0.0,0.0,0.0,0.0,0.0,0.0,0.0,0.0,0.529106,0.00705,0.000223,0.51536,0.52439,0.5291,0.53388,0.5425
228.5,0.470894,0.00705,0.000223,0.4575,0.46612,0.4709,0.4756,0.48464,0.0,0.0,0.0,0.0,0.0,0.0,0.0,0.0,0.529106,0.00705,0.000223,0.51536,0.52439,0.5291,0.53388,0.5425,0.0,0.0,0.0,0.0,0.0,0.0,0.0,0.0,0.529106,0.00705,0.000223,0.51536,0.52439,0.5291,0.53388,0.5425
228.75,0.470894,0.00705,0.000223,0.4575,0.46612,0.4709,0.4756,0.48464,0.0,0.0,0.0,0.0,0.0,0.0,0.0,0.0,0.529106,0.00705,0.000223,0.51536,0.52439,0.5291,0.53388,0.5425,0.0,0.0,0.0,0.0,0.0,0.0,0.0,0.0,0.529106,0.00705,0.000223,0.51536,0.52439,0.5291,0.53388,0.5425
229.0,0.470894,0.00705,0.000223,0.4575,0.46612,0.4709,0.4756,0.48464,0.0,0.0,0.0,0.0,0.0,0.0,0.0,0.0,0.529106,0.00705,0.000223,0.51536,0.52439,0.5291,0.53388,0.5425,0.0,0.0,0.0,0.0,0.0,0.0,0.0,0.0,0.529106,0.00705,0.000223,0.51536,0.52439,0.5291,0.53388,0.5425
229.25,0.470894,0.00705,0.000223,0.4575,0.46612,0.4709,0.4756,0.48464,0.0,0.0,0.0,0.0,0.0,0.0,0.0,0.0,0.529106,0.00705,0.000223,0.51536,0.52439,0.5291,0.53388,0.5425,0.0,0.0,0.0,0.0,0.0,0.0,0.0,0.0,0.529106,0.00705,0.000223,0.51536,0.52439,0.5291,0.53388,0.5425
229.5,0.470894,0.00705,0.000223,0.4575,0.46612,0.4709,0.4756,0.48464,0.0,0.0,0.0,0.0,0.0,0.0,0.0,0.0,0.529106,0.00705,0.000223,0.51536,0.52439,0.5291,0.53388,0.5425,0.0,0.0,0.0,0.0,0.0,0.0,0.0,0.0,0.529106,0.00705,0.000223,0.51536,0.52439,0.5291,0.53388,0.5425
229.75,0.470894,0.00705,0.000223,0.4575,0.46612,0.4709,0.4756,0.48464,0.0,0.0,0.0,0.0,0.0,0.0,0.0,0.0,0.529106,0.00705,0.000223,0.51536,0.52439,0.5291,0.53388,0.5425,0.0,0.0,0.0,0.0,0.0,0.0,0.0,0.0,0.529106,0.00705,0.000223,0.51536,0.52439,0.5291,0.53388,0.5425
230.0,0.470894,0.00705,0.000223,0.4575,0.46612,0.4709,0.4756,0.48464,0.0,0.0,0.0,0.0,0.0,0.0,0.0,0.0,0.529106,0.00705,0.000223,0.51536,0.52439,0.5291,0.53388,0.5425,0.0,0.0,0.0,0.0,0.0,0.0,0.0,0.0,0.529106,0.00705,0.000223,0.51536,0.52439,0.5291,0.53388,0.5425
230.25,0.470894,0.00705,0.000223,0.4575,0.46612,0.4709,0.4756,0.48464,0.0,0.0,0.0,0.0,0.0,0.0,0.0,0.0,0.529106,0.00705,0.000223,0.51536,0.52439,0.5291,0.53388,0.5425,0.0,0.0,0.0,0.0,0.0,0.0,0.0,0.0,0.529106,0.00705,0.000223,0.51536,0.52439,0.5291,0.53388,0.5425
230.5,0.470894,0.00705,0.000223,0.4575,0.46612,0.4709,0.4756,0.48464,0.0,0.0,0.0,0.0,0.0,0.0,0.0,0.0,0.529106,0.00705,0.000223,0.51536,0.52439,0.5291,0.53388,0.5425,0.0,0.0,0.0,0.0,0.0,0.0,0.0,0.0,0.529106,0.00705,0.000223,0.51536,0.52439,0.5291,0.53388,0.5425
230.75,0.470894,0.00705,0.000223,0.4575,0.46612,0.4709,0.4756,0.48464,0.0,0.0,0.0,0.0,0.0,0.0,0.0,0.0,0.529106,0.00705,0.000223,0.51536,0.52439,0.5291,0.53388,0.5425,0.0,0.0,0.0,0.0,0.0,0.0,0.0,0.0,0.529106,0.00705,0.000223,0.51536,0.52439,0.5291,0.53388,0.5425
231.0,0.470894,0.00705,0.000223,0.4575,0.46612,0.4709,0.4756,0.48464,0.0,0.0,0.0,0.0,0.0,0.0,0.0,0.0,0.529106,0.00705,0.000223,0.51536,0.52439,0.5291,0.53388,0.5425,0.0,0.0,0.0,0.0,0.0,0.0,0.0,0.0,0.529106,0.00705,0.000223,0.51536,0.52439,0.5291,0.53388,0.5425
231.25,0.470894,0.00705,0.000223,0.4575,0.46612,0.4709,0.4756,0.48464,0.0,0.0,0.0,0.0,0.0,0.0,0.0,0.0,0.529106,0.00705,0.000223,0.51536,0.52439,0.5291,0.53388,0.5425,0.0,0.0,0.0,0.0,0.0,0.0,0.0,0.0,0.529106,0.00705,0.000223,0.51536,0.52439,0.5291,0.53388,0.5425
231.5,0.470894,0.00705,0.000223,0.4575,0.46612,0.4709,0.4756,0.48464,0.0,0.0,0.0,0.0,0.0,0.0,0.0,0.0,0.529106,0.00705,0.000223,0.51536,0.52439,0.5291,0.53388,0.5425,0.0,0.0,0.0,0.0,0.0,0.0,0.0,0.0,0.529106,0.00705,0.000223,0.51536,0.52439,0.5291,0.53388,0.5425
231.75,0.470894,0.00705,0.000223,0.4575,0.46612,0.4709,0.4756,0.48464,0.0,0.0,0.0,0.0,0.0,0.0,0.0,0.0,0.529106,0.00705,0.000223,0.51536,0.52439,0.5291,0.53388,0.5425,0.0,0.0,0.0,0.0,0.0,0.0,0.0,0.0,0.529106,0.00705,0.000223,0.51536,0.52439,0.5291,0.53388,0.5425
232.0,0.470894,0.00705,0.000223,0.4575,0.46612,0.4709,0.4756,0.48464,0.0,0.0,0.0,0.0,0.0,0.0,0.0,0.0,0.529106,0.00705,0.000223,0.51536,0.52439,0.5291,0.53388,0.5425,0.0,0.0,0.0,0.0,0.0,0.0,0.0,0.0,0.529106,0.00705,0.000223,0.51536,0.52439,0.5291,0.53388,0.5425
232.25,0.470894,0.00705,0.000223,0.4575,0.46612,0.4709,0.4756,0.48464,0.0,0.0,0.0,0.0,0.0,0.0,0.0,0.0,0.529106,0.00705,0.000223,0.51536,0.52439,0.5291,0.53388,0.5425,0.0,0.0,0.0,0.0,0.0,0.0,0.0,0.0,0.529106,0.00705,0.000223,0.51536,0.52439,0.5291,0.53388,0.5425
232.5,0.470894,0.00705,0.000223,0.4575,0.46612,0.4709,0.4756,0.48464,0.0,0.0,0.0,0.0,0.0,0.0,0.0,0.0,0.529106,0.00705,0.000223,0.51536,0.52439,0.5291,0.53388,0.5425,0.0,0.0,0.0,0.0,0.0,0.0,0.0,0.0,0.529106,0.00705,0.000223,0.51536,0.52439,0.5291,0.53388,0.5425
232.75,0.470894,0.00705,0.000223,0.4575,0.46612,0.4709,0.4756,0.48464,0.0,0.0,0.0,0.0,0.0,0.0,0.0,0.0,0.529106,0.00705,0.000223,0.51536,0.52439,0.5291,0.53388,0.5425,0.0,0.0,0.0,0.0,0.0,0.0,0.0,0.0,0.529106,0.00705,0.000223,0.51536,0.52439,0.5291,0.53388,0.5425
233.0,0.470894,0.00705,0.000223,0.4575,0.46612,0.4709,0.4756,0.48464,0.0,0.0,0.0,0.0,0.0,0.0,0.0,0.0,0.529106,0.00705,0.000223,0.51536,0.52439,0.5291,0.53388,0.5425,0.0,0.0,0.0,0.0,0.0,0.0,0.0,0.0,0.529106,0.00705,0.000223,0.51536,0.52439,0.5291,0.53388,0.5425
233.25,0.470894,0.00705,0.000223,0.4575,0.46612,0.4709,0.4756,0.48464,0.0,0.0,0.0,0.0,0.0,0.0,0.0,0.0,0.529106,0.00705,0.000223,0.51536,0.52439,0.5291,0.53388,0.5425,0.0,0.0,0.0,0.0,0.0,0.0,0.0,0.0,0.529106,0.00705,0.000223,0.51536,0.52439,0.5291,0.53388,0.5425
233.5,0.470894,0.00705,0.000223,0.4575,0.46612,0.4709,0.4756,0.48464,0.0,0.0,0.0,0.0,0.0,0.0,0.0,0.0,0.529106,0.00705,0.000223,0.51536,0.52439,0.5291,0.53388,0.5425,0.0,0.0,0.0,0.0,0.0,0.0,0.0,0.0,0.529106,0.00705,0.000223,0.51536,0.52439,0.5291,0.53388,0.5425
233.75,0.470894,0.00705,0.000223,0.4575,0.46612,0.4709,0.4756,0.48464,0.0,0.0,0.0,0.0,0.0,0.0,0.0,0.0,0.529106,0.00705,0.000223,0.51536,0.52439,0.5291,0.53388,0.5425,0.0,0.0,0.0,0.0,0.0,0.0,0.0,0.0,0.529106,0.00705,0.000223,0.51536,0.52439,0.5291,0.53388,0.5425
234.0,0.470894,0.00705,0.000223,0.4575,0.46612,0.4709,0.4756,0.48464,0.0,0.0,0.0,0.0,0.0,0.0,0.0,0.0,0.529106,0.00705,0.000223,0.51536,0.52439,0.5291,0.53388,0.5425,0.0,0.0,0.0,0.0,0.0,0.0,0.0,0.0,0.529106,0.00705,0.000223,0.51536,0.52439,0.5291,0.53388,0.5425
234.25,0.470894,0.00705,0.000223,0.4575,0.46612,0.4709,0.4756,0.48464,0.0,0.0,0.0,0.0,0.0,0.0,0.0,0.0,0.529106,0.00705,0.000223,0.51536,0.52439,0.5291,0.53388,0.5425,0.0,0.0,0.0,0.0,0.0,0.0,0.0,0.0,0.529106,0.00705,0.000223,0.51536,0.52439,0.5291,0.53388,0.5425
234.5,0.470894,0.00705,0.000223,0.4575,0.46612,0.4709,0.4756,0.48464,0.0,0.0,0.0,0.0,0.0,0.0,0.0,0.0,0.529106,0.00705,0.000223,0.51536,0.52439,0.5291,0.53388,0.5425,0.0,0.0,0.0,0.0,0.0,0.0,0.0,0.0,0.529106,0.00705,0.000223,0.51536,0.52439,0.5291,0.53388,0.5425
234.75,0.470894,0.00705,0.000223,0.4575,0.46612,0.4709,0.4756,0.48464,0.0,0.0,0.0,0.0,0.0,0.0,0.0,0.0,0.529106,0.00705,0.000223,0.51536,0.52439,0.5291,0.53388,0.5425,0.0,0.0,0.0,0.0,0.0,0.0,0.0,0.0,0.529106,0.00705,0.000223,0.51536,0.52439,0.5291,0.53388,0.5425
235.0,0.470894,0.00705,0.000223,0.4575,0.46612,0.4709,0.4756,0.48464,0.0,0.0,0.0,0.0,0.0,0.0,0.0,0.0,0.529106,0.00705,0.000223,0.51536,0.52439,0.5291,0.53388,0.5425,0.0,0.0,0.0,0.0,0.0,0.0,0.0,0.0,0.529106,0.00705,0.000223,0.51536,0.52439,0.5291,0.53388,0.5425
235.25,0.470894,0.00705,0.000223,0.4575,0.46612,0.4709,0.4756,0.48464,0.0,0.0,0.0,0.0,0.0,0.0,0.0,0.0,0.529106,0.00705,0.000223,0.51536,0.52439,0.5291,0.53388,0.5425,0.0,0.0,0.0,0.0,0.0,0.0,0.0,0.0,0.529106,0.00705,0.000223,0.51536,0.52439,0.5291,0.53388,0.5425
235.5,0.470894,0.00705,0.000223,0.4575,0.46612,0.4709,0.4756,0.48464,0.0,0.0,0.0,0.0,0.0,0.0,0.0,0.0,0.529106,0.00705,0.000223,0.51536,0.52439,0.5291,0.53388,0.5425,0.0,0.0,0.0,0.0,0.0,0.0,0.0,0.0,0.529106,0.00705,0.000223,0.51536,0.52439,0.5291,0.53388,0.5425
235.75,0.470894,0.00705,0.000223,0.4575,0.46612,0.4709,0.4756,0.48464,0.0,0.0,0.0,0.0,0.0,0.0,0.0,0.0,0.529106,0.00705,0.000223,0.51536,0.52439,0.5291,0.53388,0.5425,0.0,0.0,0.0,0.0,0.0,0.0,0.0,0.0,0.529106,0.00705,0.000223,0.51536,0.52439,0.5291,0.53388,0.5425
236.0,0.470894,0.00705,0.000223,0.4575,0.46612,0.4709,0.4756,0.48464,0.0,0.0,0.0,0.0,0.0,0.0,0.0,0.0,0.529106,0.00705,0.000223,0.51536,0.52439,0.5291,0.53388,0.5425,0.0,0.0,0.0,0.0,0.0,0.0,0.0,0.0,0.529106,0.00705,0.000223,0.51536,0.52439,0.5291,0.53388,0.5425
236.25,0.470894,0.00705,0.000223,0.4575,0.46612,0.4709,0.4756,0.48464,0.0,0.0,0.0,0.0,0.0,0.0,0.0,0.0,0.529106,0.00705,0.000223,0.51536,0.52439,0.5291,0.53388,0.5425,0.0,0.0,0.0,0.0,0.0,0.0,0.0,0.0,0.529106,0.00705,0.000223,0.51536,0.52439,0.5291,0.53388,0.5425
236.5,0.470894,0.00705,0.000223,0.4575,0.46612,0.4709,0.4756,0.48464,0.0,0.0,0.0,0.0,0.0,0.0,0.0,0.0,0.529106,0.00705,0.000223,0.51536,0.52439,0.5291,0.53388,0.5425,0.0,0.0,0.0,0.0,0.0,0.0,0.0,0.0,0.529106,0.00705,0.000223,0.51536,0.52439,0.5291,0.53388,0.5425
236.75,0.470894,0.00705,0.000223,0.4575,0.46612,0.4709,0.4756,0.48464,0.0,0.0,0.0,0.0,0.0,0.0,0.0,0.0,0.529106,0.00705,0.000223,0.51536,0.52439,0.5291,0.53388,0.5425,0.0,0.0,0.0,0.0,0.0,0.0,0.0,0.0,0.529106,0.00705,0.000223,0.51536,0.52439,0.5291,0.53388,0.5425
237.0,0.470894,0.00705,0.000223,0.4575,0.46612,0.4709,0.4756,0.48464,0.0,0.0,0.0,0.0,0.0,0.0,0.0,0.0,0.529106,0.00705,0.000223,0.51536,0.52439,0.5291,0.53388,0.5425,0.0,0.0,0.0,0.0,0.0,0.0,0.0,0.0,0.529106,0.00705,0.000223,0.51536,0.52439,0.5291,0.53388,0.5425
237.25,0.470894,0.00705,0.000223,0.4575,0.46612,0.4709,0.4756,0.48464,0.0,0.0,0.0,0.0,0.0,0.0,0.0,0.0,0.529106,0.00705,0.000223,0.51536,0.52439,0.5291,0.53388,0.5425,0.0,0.0,0.0,0.0,0.0,0.0,0.0,0.0,0.529106,0.00705,0.000223,0.51536,0.52439,0.5291,0.53388,0.5425
237.5,0.470894,0.00705,0.000223,0.4575,0.46612,0.4709,0.4756,0.48464,0.0,0.0,0.0,0.0,0.0,0.0,0.0,0.0,0.529106,0.00705,0.000223,0.51536,0.52439,0.5291,0.53388,0.5425,0.0,0.0,0.0,0.0,0.0,0.0,0.0,0.0,0.529106,0.00705,0.000223,0.51536,0.52439,0.5291,0.53388,0.5425
237.75,0.470894,0.00705,0.000223,0.4575,0.46612,0.4709,0.4756,0.48464,0.0,0.0,0.0,0.0,0.0,0.0,0.0,0.0,0.529106,0.00705,0.000223,0.51536,0.52439,0.5291,0.53388,0.5425,0.0,0.0,0.0,0.0,0.0,0.0,0.0,0.0,0.529106,0.00705,0.000223,0.51536,0.52439,0.5291,0.53388,0.5425
238.0,0.470894,0.00705,0.000223,0.4575,0.46612,0.4709,0.4756,0.48464,0.0,0.0,0.0,0.0,0.0,0.0,0.0,0.0,0.529106,0.00705,0.000223,0.51536,0.52439,0.5291,0.53388,0.5425,0.0,0.0,0.0,0.0,0.0,0.0,0.0,0.0,0.529106,0.00705,0.000223,0.51536,0.52439,0.5291,0.53388,0.5425
238.25,0.470894,0.00705,0.000223,0.4575,0.46612,0.4709,0.4756,0.48464,0.0,0.0,0.0,0.0,0.0,0.0,0.0,0.0,0.529106,0.00705,0.000223,0.51536,0.52439,0.5291,0.53388,0.5425,0.0,0.0,0.0,0.0,0.0,0.0,0.0,0.0,0.529106,0.00705,0.000223,0.51536,0.52439,0.5291,0.53388,0.5425
238.5,0.470894,0.00705,0.000223,0.4575,0.46612,0.4709,0.4756,0.48464,0.0,0.0,0.0,0.0,0.0,0.0,0.0,0.0,0.529106,0.00705,0.000223,0.51536,0.52439,0.5291,0.53388,0.5425,0.0,0.0,0.0,0.0,0.0,0.0,0.0,0.0,0.529106,0.00705,0.000223,0.51536,0.52439,0.5291,0.53388,0.5425
238.75,0.470894,0.00705,0.000223,0.4575,0.46612,0.4709,0.4756,0.48464,0.0,0.0,0.0,0.0,0.0,0.0,0.0,0.0,0.529106,0.00705,0.000223,0.51536,0.52439,0.5291,0.53388,0.5425,0.0,0.0,0.0,0.0,0.0,0.0,0.0,0.0,0.529106,0.00705,0.000223,0.51536,0.52439,0.5291,0.53388,0.5425
239.0,0.470894,0.00705,0.000223,0.4575,0.46612,0.4709,0.4756,0.48464,0.0,0.0,0.0,0.0,0.0,0.0,0.0,0.0,0.529106,0.00705,0.000223,0.51536,0.52439,0.5291,0.53388,0.5425,0.0,0.0,0.0,0.0,0.0,0.0,0.0,0.0,0.529106,0.00705,0.000223,0.51536,0.52439,0.5291,0.53388,0.5425
239.25,0.470894,0.00705,0.000223,0.4575,0.46612,0.4709,0.4756,0.48464,0.0,0.0,0.0,0.0,0.0,0.0,0.0,0.0,0.529106,0.00705,0.000223,0.51536,0.52439,0.5291,0.53388,0.5425,0.0,0.0,0.0,0.0,0.0,0.0,0.0,0.0,0.529106,0.00705,0.000223,0.51536,0.52439,0.5291,0.53388,0.5425
239.5,0.470894,0.00705,0.000223,0.4575,0.46612,0.4709,0.4756,0.48464,0.0,0.0,0.0,0.0,0.0,0.0,0.0,0.0,0.529106,0.00705,0.000223,0.51536,0.52439,0.5291,0.53388,0.5425,0.0,0.0,0.0,0.0,0.0,0.0,0.0,0.0,0.529106,0.00705,0.000223,0.51536,0.52439,0.5291,0.53388,0.5425
239.75,0.470894,0.00705,0.000223,0.4575,0.46612,0.4709,0.4756,0.48464,0.0,0.0,0.0,0.0,0.0,0.0,0.0,0.0,0.529106,0.00705,0.000223,0.51536,0.52439,0.5291,0.53388,0.5425,0.0,0.0,0.0,0.0,0.0,0.0,0.0,0.0,0.529106,0.00705,0.000223,0.51536,0.52439,0.5291,0.53388,0.5425
240.0,0.470894,0.00705,0.000223,0.4575,0.46612,0.4709,0.4756,0.48464,0.0,0.0,0.0,0.0,0.0,0.0,0.0,0.0,0.529106,0.00705,0.000223,0.51536,0.52439,0.5291,0.53388,0.5425,0.0,0.0,0.0,0.0,0.0,0.0,0.0,0.0,0.529106,0.00705,0.000223,0.51536,0.52439,0.5291,0.53388,0.5425
240.25,0.470894,0.00705,0.000223,0.4575,0.46612,0.4709,0.4756,0.48464,0.0,0.0,0.0,0.0,0.0,0.0,0.0,0.0,0.529106,0.00705,0.000223,0.51536,0.52439,0.5291,0.53388,0.5425,0.0,0.0,0.0,0.0,0.0,0.0,0.0,0.0,0.529106,0.00705,0.000223,0.51536,0.52439,0.5291,0.53388,0.5425
240.5,0.470894,0.00705,0.000223,0.4575,0.46612,0.4709,0.4756,0.48464,0.0,0.0,0.0,0.0,0.0,0.0,0.0,0.0,0.529106,0.00705,0.000223,0.51536,0.52439,0.5291,0.53388,0.5425,0.0,0.0,0.0,0.0,0.0,0.0,0.0,0.0,0.529106,0.00705,0.000223,0.51536,0.52439,0.5291,0.53388,0.5425
240.75,0.470894,0.00705,0.000223,0.4575,0.46612,0.4709,0.4756,0.48464,0.0,0.0,0.0,0.0,0.0,0.0,0.0,0.0,0.529106,0.00705,0.000223,0.51536,0.52439,0.5291,0.53388,0.5425,0.0,0.0,0.0,0.0,0.0,0.0,0.0,0.0,0.529106,0.00705,0.000223,0.51536,0.52439,0.5291,0.53388,0.5425
241.0,0.470894,0.00705,0.000223,0.4575,0.46612,0.4709,0.4756,0.48464,0.0,0.0,0.0,0.0,0.0,0.0,0.0,0.0,0.529106,0.00705,0.000223,0.51536,0.52439,0.5291,0.53388,0.5425,0.0,0.0,0.0,0.0,0.0,0.0,0.0,0.0,0.529106,0.00705,0.000223,0.51536,0.52439,0.5291,0.53388,0.5425
241.25,0.470894,0.00705,0.000223,0.4575,0.46612,0.4709,0.4756,0.48464,0.0,0.0,0.0,0.0,0.0,0.0,0.0,0.0,0.529106,0.00705,0.000223,0.51536,0.52439,0.5291,0.53388,0.5425,0.0,0.0,0.0,0.0,0.0,0.0,0.0,0.0,0.529106,0.00705,0.000223,0.51536,0.52439,0.5291,0.53388,0.5425
241.5,0.470894,0.00705,0.000223,0.4575,0.46612,0.4709,0.4756,0.48464,0.0,0.0,0.0,0.0,0.0,0.0,0.0,0.0,0.529106,0.00705,0.000223,0.51536,0.52439,0.5291,0.53388,0.5425,0.0,0.0,0.0,0.0,0.0,0.0,0.0,0.0,0.529106,0.00705,0.000223,0.51536,0.52439,0.5291,0.53388,0.5425
241.75,0.470894,0.00705,0.000223,0.4575,0.46612,0.4709,0.4756,0.48464,0.0,0.0,0.0,0.0,0.0,0.0,0.0,0.0,0.529106,0.00705,0.000223,0.51536,0.52439,0.5291,0.53388,0.5425,0.0,0.0,0.0,0.0,0.0,0.0,0.0,0.0,0.529106,0.00705,0.000223,0.51536,0.52439,0.5291,0.53388,0.5425
242.0,0.470894,0.00705,0.000223,0.4575,0.46612,0.4709,0.4756,0.48464,0.0,0.0,0.0,0.0,0.0,0.0,0.0,0.0,0.529106,0.00705,0.000223,0.51536,0.52439,0.5291,0.53388,0.5425,0.0,0.0,0.0,0.0,0.0,0.0,0.0,0.0,0.529106,0.00705,0.000223,0.51536,0.52439,0.5291,0.53388,0.5425
242.25,0.470894,0.00705,0.000223,0.4575,0.46612,0.4709,0.4756,0.48464,0.0,0.0,0.0,0.0,0.0,0.0,0.0,0.0,0.529106,0.00705,0.000223,0.51536,0.52439,0.5291,0.53388,0.5425,0.0,0.0,0.0,0.0,0.0,0.0,0.0,0.0,0.529106,0.00705,0.000223,0.51536,0.52439,0.5291,0.53388,0.5425
242.5,0.470894,0.00705,0.000223,0.4575,0.46612,0.4709,0.4756,0.48464,0.0,0.0,0.0,0.0,0.0,0.0,0.0,0.0,0.529106,0.00705,0.000223,0.51536,0.52439,0.5291,0.53388,0.5425,0.0,0.0,0.0,0.0,0.0,0.0,0.0,0.0,0.529106,0.00705,0.000223,0.51536,0.52439,0.5291,0.53388,0.5425
242.75,0.470894,0.00705,0.000223,0.4575,0.46612,0.4709,0.4756,0.48464,0.0,0.0,0.0,0.0,0.0,0.0,0.0,0.0,0.529106,0.00705,0.000223,0.51536,0.52439,0.5291,0.53388,0.5425,0.0,0.0,0.0,0.0,0.0,0.0,0.0,0.0,0.529106,0.00705,0.000223,0.51536,0.52439,0.5291,0.53388,0.5425
243.0,0.470894,0.00705,0.000223,0.4575,0.46612,0.4709,0.4756,0.48464,0.0,0.0,0.0,0.0,0.0,0.0,0.0,0.0,0.529106,0.00705,0.000223,0.51536,0.52439,0.5291,0.53388,0.5425,0.0,0.0,0.0,0.0,0.0,0.0,0.0,0.0,0.529106,0.00705,0.000223,0.51536,0.52439,0.5291,0.53388,0.5425
243.25,0.470894,0.00705,0.000223,0.4575,0.46612,0.4709,0.4756,0.48464,0.0,0.0,0.0,0.0,0.0,0.0,0.0,0.0,0.529106,0.00705,0.000223,0.51536,0.52439,0.5291,0.53388,0.5425,0.0,0.0,0.0,0.0,0.0,0.0,0.0,0.0,0.529106,0.00705,0.000223,0.51536,0.52439,0.5291,0.53388,0.5425
243.5,0.470894,0.00705,0.000223,0.4575,0.46612,0.4709,0.4756,0.48464,0.0,0.0,0.0,0.0,0.0,0.0,0.0,0.0,0.529106,0.00705,0.000223,0.51536,0.52439,0.5291,0.53388,0.5425,0.0,0.0,0.0,0.0,0.0,0.0,0.0,0.0,0.529106,0.00705,0.000223,0.51536,0.52439,0.5291,0.53388,0.5425
243.75,0.470894,0.00705,0.000223,0.4575,0.46612,0.4709,0.4756,0.48464,0.0,0.0,0.0,0.0,0.0,0.0,0.0,0.0,0.529106,0.00705,0.000223,0.51536,0.52439,0.5291,0.53388,0.5425,0.0,0.0,0.0,0.0,0.0,0.0,0.0,0.0,0.529106,0.00705,0.000223,0.51536,0.52439,0.5291,0.53388,0.5425
244.0,0.470894,0.00705,0.000223,0.4575,0.46612,0.4709,0.4756,0.48464,0.0,0.0,0.0,0.0,0.0,0.0,0.0,0.0,0.529106,0.00705,0.000223,0.51536,0.52439,0.5291,0.53388,0.5425,0.0,0.0,0.0,0.0,0.0,0.0,0.0,0.0,0.529106,0.00705,0.000223,0.51536,0.52439,0.5291,0.53388,0.5425
244.25,0.470894,0.00705,0.000223,0.4575,0.46612,0.4709,0.4756,0.48464,0.0,0.0,0.0,0.0,0.0,0.0,0.0,0.0,0.529106,0.00705,0.000223,0.51536,0.52439,0.5291,0.53388,0.5425,0.0,0.0,0.0,0.0,0.0,0.0,0.0,0.0,0.529106,0.00705,0.000223,0.51536,0.52439,0.5291,0.53388,0.5425
244.5,0.470894,0.00705,0.000223,0.4575,0.46612,0.4709,0.4756,0.48464,0.0,0.0,0.0,0.0,0.0,0.0,0.0,0.0,0.529106,0.00705,0.000223,0.51536,0.52439,0.5291,0.53388,0.5425,0.0,0.0,0.0,0.0,0.0,0.0,0.0,0.0,0.529106,0.00705,0.000223,0.51536,0.52439,0.5291,0.53388,0.5425
244.75,0.470894,0.00705,0.000223,0.4575,0.46612,0.4709,0.4756,0.48464,0.0,0.0,0.0,0.0,0.0,0.0,0.0,0.0,0.529106,0.00705,0.000223,0.51536,0.52439,0.5291,0.53388,0.5425,0.0,0.0,0.0,0.0,0.0,0.0,0.0,0.0,0.529106,0.00705,0.000223,0.51536,0.52439,0.5291,0.53388,0.5425
245.0,0.470894,0.00705,0.000223,0.4575,0.46612,0.4709,0.4756,0.48464,0.0,0.0,0.0,0.0,0.0,0.0,0.0,0.0,0.529106,0.00705,0.000223,0.51536,0.52439,0.5291,0.53388,0.5425,0.0,0.0,0.0,0.0,0.0,0.0,0.0,0.0,0.529106,0.00705,0.000223,0.51536,0.52439,0.5291,0.53388,0.5425
245.25,0.470894,0.00705,0.000223,0.4575,0.46612,0.4709,0.4756,0.48464,0.0,0.0,0.0,0.0,0.0,0.0,0.0,0.0,0.529106,0.00705,0.000223,0.51536,0.52439,0.5291,0.53388,0.5425,0.0,0.0,0.0,0.0,0.0,0.0,0.0,0.0,0.529106,0.00705,0.000223,0.51536,0.52439,0.5291,0.53388,0.5425
245.5,0.470894,0.00705,0.000223,0.4575,0.46612,0.4709,0.4756,0.48464,0.0,0.0,0.0,0.0,0.0,0.0,0.0,0.0,0.529106,0.00705,0.000223,0.51536,0.52439,0.5291,0.53388,0.5425,0.0,0.0,0.0,0.0,0.0,0.0,0.0,0.0,0.529106,0.00705,0.000223,0.51536,0.52439,0.5291,0.53388,0.5425
245.75,0.470894,0.00705,0.000223,0.4575,0.46612,0.4709,0.4756,0.48464,0.0,0.0,0.0,0.0,0.0,0.0,0.0,0.0,0.529106,0.00705,0.000223,0.51536,0.52439,0.5291,0.53388,0.5425,0.0,0.0,0.0,0.0,0.0,0.0,0.0,0.0,0.529106,0.00705,0.000223,0.51536,0.52439,0.5291,0.53388,0.5425
246.0,0.470894,0.00705,0.000223,0.4575,0.46612,0.4709,0.4756,0.48464,0.0,0.0,0.0,0.0,0.0,0.0,0.0,0.0,0.529106,0.00705,0.000223,0.51536,0.52439,0.5291,0.53388,0.5425,0.0,0.0,0.0,0.0,0.0,0.0,0.0,0.0,0.529106,0.00705,0.000223,0.51536,0.52439,0.5291,0.53388,0.5425
246.25,0.470894,0.00705,0.000223,0.4575,0.46612,0.4709,0.4756,0.48464,0.0,0.0,0.0,0.0,0.0,0.0,0.0,0.0,0.529106,0.00705,0.000223,0.51536,0.52439,0.5291,0.53388,0.5425,0.0,0.0,0.0,0.0,0.0,0.0,0.0,0.0,0.529106,0.00705,0.000223,0.51536,0.52439,0.5291,0.53388,0.5425
246.5,0.470894,0.00705,0.000223,0.4575,0.46612,0.4709,0.4756,0.48464,0.0,0.0,0.0,0.0,0.0,0.0,0.0,0.0,0.529106,0.00705,0.000223,0.51536,0.52439,0.5291,0.53388,0.5425,0.0,0.0,0.0,0.0,0.0,0.0,0.0,0.0,0.529106,0.00705,0.000223,0.51536,0.52439,0.5291,0.53388,0.5425
246.75,0.470894,0.00705,0.000223,0.4575,0.46612,0.4709,0.4756,0.48464,0.0,0.0,0.0,0.0,0.0,0.0,0.0,0.0,0.529106,0.00705,0.000223,0.51536,0.52439,0.5291,0.53388,0.5425,0.0,0.0,0.0,0.0,0.0,0.0,0.0,0.0,0.529106,0.00705,0.000223,0.51536,0.52439,0.5291,0.53388,0.5425
247.0,0.470894,0.00705,0.000223,0.4575,0.46612,0.4709,0.4756,0.48464,0.0,0.0,0.0,0.0,0.0,0.0,0.0,0.0,0.529106,0.00705,0.000223,0.51536,0.52439,0.5291,0.53388,0.5425,0.0,0.0,0.0,0.0,0.0,0.0,0.0,0.0,0.529106,0.00705,0.000223,0.51536,0.52439,0.5291,0.53388,0.5425
247.25,0.470894,0.00705,0.000223,0.4575,0.46612,0.4709,0.4756,0.48464,0.0,0.0,0.0,0.0,0.0,0.0,0.0,0.0,0.529106,0.00705,0.000223,0.51536,0.52439,0.5291,0.53388,0.5425,0.0,0.0,0.0,0.0,0.0,0.0,0.0,0.0,0.529106,0.00705,0.000223,0.51536,0.52439,0.5291,0.53388,0.5425
247.5,0.470894,0.00705,0.000223,0.4575,0.46612,0.4709,0.4756,0.48464,0.0,0.0,0.0,0.0,0.0,0.0,0.0,0.0,0.529106,0.00705,0.000223,0.51536,0.52439,0.5291,0.53388,0.5425,0.0,0.0,0.0,0.0,0.0,0.0,0.0,0.0,0.529106,0.00705,0.000223,0.51536,0.52439,0.5291,0.53388,0.5425
247.75,0.470894,0.00705,0.000223,0.4575,0.46612,0.4709,0.4756,0.48464,0.0,0.0,0.0,0.0,0.0,0.0,0.0,0.0,0.529106,0.00705,0.000223,0.51536,0.52439,0.5291,0.53388,0.5425,0.0,0.0,0.0,0.0,0.0,0.0,0.0,0.0,0.529106,0.00705,0.000223,0.51536,0.52439,0.5291,0.53388,0.5425
248.0,0.470894,0.00705,0.000223,0.4575,0.46612,0.4709,0.4756,0.48464,0.0,0.0,0.0,0.0,0.0,0.0,0.0,0.0,0.529106,0.00705,0.000223,0.51536,0.52439,0.5291,0.53388,0.5425,0.0,0.0,0.0,0.0,0.0,0.0,0.0,0.0,0.529106,0.00705,0.000223,0.51536,0.52439,0.5291,0.53388,0.5425
248.25,0.470894,0.00705,0.000223,0.4575,0.46612,0.4709,0.4756,0.48464,0.0,0.0,0.0,0.0,0.0,0.0,0.0,0.0,0.529106,0.00705,0.000223,0.51536,0.52439,0.5291,0.53388,0.5425,0.0,0.0,0.0,0.0,0.0,0.0,0.0,0.0,0.529106,0.00705,0.000223,0.51536,0.52439,0.5291,0.53388,0.5425
248.5,0.470894,0.00705,0.000223,0.4575,0.46612,0.4709,0.4756,0.48464,0.0,0.0,0.0,0.0,0.0,0.0,0.0,0.0,0.529106,0.00705,0.000223,0.51536,0.52439,0.5291,0.53388,0.5425,0.0,0.0,0.0,0.0,0.0,0.0,0.0,0.0,0.529106,0.00705,0.000223,0.51536,0.52439,0.5291,0.53388,0.5425
248.75,0.470894,0.00705,0.000223,0.4575,0.46612,0.4709,0.4756,0.48464,0.0,0.0,0.0,0.0,0.0,0.0,0.0,0.0,0.529106,0.00705,0.000223,0.51536,0.52439,0.5291,0.53388,0.5425,0.0,0.0,0.0,0.0,0.0,0.0,0.0,0.0,0.529106,0.00705,0.000223,0.51536,0.52439,0.5291,0.53388,0.5425
249.0,0.470894,0.00705,0.000223,0.4575,0.46612,0.4709,0.4756,0.48464,0.0,0.0,0.0,0.0,0.0,0.0,0.0,0.0,0.529106,0.00705,0.000223,0.51536,0.52439,0.5291,0.53388,0.5425,0.0,0.0,0.0,0.0,0.0,0.0,0.0,0.0,0.529106,0.00705,0.000223,0.51536,0.52439,0.5291,0.53388,0.5425
249.25,0.470894,0.00705,0.000223,0.4575,0.46612,0.4709,0.4756,0.48464,0.0,0.0,0.0,0.0,0.0,0.0,0.0,0.0,0.529106,0.00705,0.000223,0.51536,0.52439,0.5291,0.53388,0.5425,0.0,0.0,0.0,0.0,0.0,0.0,0.0,0.0,0.529106,0.00705,0.000223,0.51536,0.52439,0.5291,0.53388,0.5425
249.5,0.470894,0.00705,0.000223,0.4575,0.46612,0.4709,0.4756,0.48464,0.0,0.0,0.0,0.0,0.0,0.0,0.0,0.0,0.529106,0.00705,0.000223,0.51536,0.52439,0.5291,0.53388,0.5425,0.0,0.0,0.0,0.0,0.0,0.0,0.0,0.0,0.529106,0.00705,0.000223,0.51536,0.52439,0.5291,0.53388,0.5425
249.75,0.470894,0.00705,0.000223,0.4575,0.46612,0.4709,0.4756,0.48464,0.0,0.0,0.0,0.0,0.0,0.0,0.0,0.0,0.529106,0.00705,0.000223,0.51536,0.52439,0.5291,0.53388,0.5425,0.0,0.0,0.0,0.0,0.0,0.0,0.0,0.0,0.529106,0.00705,0.000223,0.51536,0.52439,0.5291,0.53388,0.5425
250.0,0.470894,0.00705,0.000223,0.4575,0.46612,0.4709,0.4756,0.48464,0.0,0.0,0.0,0.0,0.0,0.0,0.0,0.0,0.529106,0.00705,0.000223,0.51536,0.52439,0.5291,0.53388,0.5425,0.0,0.0,0.0,0.0,0.0,0.0,0.0,0.0,0.529106,0.00705,0.000223,0.51536,0.52439,0.5291,0.53388,0.5425
