t,cond.S.mean,cond.S.sd,cond.S.se,cond.S.q025,cond.S.q25,cond.S.q50,cond.S.q75,cond.S.q975,cond.I.mean,cond.I.sd,cond.I.se,cond.I.q025,cond.I.q25,cond.I.q50,cond.I.q75,cond.I.q975,cond.R.mean,cond.R.sd,cond.R.se,cond.R.q025,cond.R.q25,cond.R.q50,cond.R.q75,cond.R.q975,cond.infectious.mean,cond.infectious.sd,cond.infectious.se,cond.infectious.q025,cond.infectious.q25,cond.infectious.q50,cond.infectious.q75,cond.infectious.q975,cond.cumulative.mean,cond.cumulative.sd,cond.cumulative.se,cond.cumulative.q025,cond.cumulative.q25,cond.cumulative.q50,cond.cumulative.q75,cond.cumulative.q975,uncond.S.mean,uncond.S.sd,uncond.S.se,uncond.S.q025,uncond.S.q25,uncond.S.q50,uncond.S.q75,uncond.S.q975,uncond.I.mean,uncond.I.sd,uncond.I.se,uncond.I.q025,uncond.I.q25,uncond.I.q50,uncond.I.q75,uncond.I.q975,uncond.R.mean,uncond.R.sd,uncond.R.se,uncond.R.q025,uncond.R.q25,uncond.R.q50,uncond.R.q75,uncond.R.q975,uncond.infectious.mean,uncond.infectious.sd,uncond.infectious.se,uncond.infectious.q025,uncond.infectious.q25,uncond.infectious.q50,uncond.infectious.q75,uncond.infectious.q975,uncond.cumulative.mean,uncond.cumulative.sd,uncond.cumulative.se,uncond.cumulative.q025,uncond.cumulative.q25,uncond.cumulative.q50,uncond.cumulative.q75,uncond.cumulative.q975
0.0,0.99,0.0,0.0,0.99,0.99,0.99,0.99,0.99,0.01,0.0,0.0,0.01,0.01,0.01,0.01,0.01,0.0,0.0,0.0,0.0,0.0,0.0,0.0,0.0,0.01,0.0,0.0,0.01,0.01,0.01,0.01,0.01,0.01,0.0,0.0,0.01,0.01,0.01,0.01,0.01,0.99,0.0,0.0,0.99,0.99,0.99,0.99,0.99,0.01,0.0,0.0,0.01,0.01,0.01,0.01,0.01,0.0,0.0,0.0,0.0,0.0,0.0,0.0,0.0,0.01,0.0,0.0,0.01,0.01,0.01,0.01,0.01,0.01,0.0,0.0,0.01,0.01,0.01,0.01,0.01
0.25,0.988756,0.00168,5.4e-5,0.984,0.988,0.99,0.99,0.99,0.010676,0.00197,6.4e-5,0.008,0.01,0.01,0.012,0.016,0.000568,0.00102,3.3e-5,0.0,0.0,0.0,0.002,0.004,0.010676,0.00197,6.4e-5,0.008,0.01,0.01,0.012,0.016,0.011244,0.00168,5.4e-5,0.01,0.01,0.01,0.012,0.016,0.988778,0.00166,5.3e-5,0.984,0.988,0.99,0.99,0.99,0.010632,0.00197,6.2e-5,0.008,0.01,0.01,0.012,0.016,0.00059,0.00104,3.3e-5,0.0,0.0,0.0,0.002,0.004,0.010632,0.00197,6.2e-5,0.008,0.01,0.01,0.012,0.016,0.011222,0.00166,5.3e-5,0.01,0.01,0.01,0.012,0.016
0.5,0.987306,0.00259,8.3e-5,0.98,0.986,0.988,0.99,0.99,0.011465,0.0029,9.3e-5,0.006,0.01,0.012,0.014,0.018,0.001229,0.00148,4.8e-5,0.0,0.0,0.0,0.002,0.004,0.011465,0.0029,9.3e-5,0.006,0.01,0.012,0.014,0.018,0.012694,0.00259,8.3e-5,0.01,0.01,0.012,0.014,0.02,0.987362,0.00258,8.2e-5,0.98,0.986,0.988,0.99,0.99,0.01137,0.00292,9.2e-5,0.006,0.01,0.012,0.014,0.018,0.001268,0.00152,4.8e-5,0.0,0.0,0.0,0.002,0.004,0.01137,0.00292,9.2e-5,0.006,0.01,0.012,0.014,0.018,0.012638,0.00258,8.2e-5,0.01,0.01,0.012,0.014,0.02
0.75,0.985755,0.00343,0.00011,0.978,0.984,0.986,0.988,0.99,0.012301,0.00376,0.000121,0.006,0.01,0.012,0.014,0.02,0.001944,0.00186,6.0e-5,0.0,0.0,0.002,0.004,0.006,0.012301,0.00376,0.000121,0.006,0.01,0.012,0.014,0.02,0.014245,0.00343,0.00011,0.01,0.012,0.014,0.016,0.022,0.985844,0.00342,0.000108,0.978,0.984,0.986,0.988,0.99,0.012166,0.00379,0.00012,0.006,0.01,0.012,0.014,0.02,0.00199,0.00188,5.9e-5,0.0,0.0,0.002,0.004,0.006,0.012166,0.00379,0.00012,0.006,0.01,0.012,0.014,0.02,0.014156,0.00342,0.000108,0.01,0.012,0.014,0.016,0.022
1.0,0.984135,0.00433,0.000139,0.974,0.982,0.984,0.988,0.99,0.013165,0.00459,0.000148,0.006,0.01,0.012,0.016,0.024,0.002701,0.00214,6.9e-5,0.0,0.002,0.002,0.004,0.008,0.013165,0.00459,0.000148,0.006,0.01,0.012,0.016,0.024,0.015865,0.00433,0.000139,0.01,0.012,0.016,0.018,0.026,0.984264,0.00433,0.000137,0.974,0.982,0.986,0.988,0.99,0.012982,0.00464,0.000147,0.006,0.01,0.012,0.016,0.024,0.002754,0.00217,6.9e-5,0.0,0.002,0.002,0.004,0.008,0.012982,0.00464,0.000147,0.006,0.01,0.012,0.016,0.024,0.015736,0.00433,0.000137,0.01,0.012,0.014,0.018,0.026
1.25,0.982365,0.0052,0.000167,0.97,0.98,0.984,0.986,0.99,0.01412,0.00541,0.000174,0.006,0.01,0.014,0.016,0.028,0.003515,0.00245,7.9e-5,0.0,0.002,0.004,0.006,0.008,0.01412,0.00541,0.000174,0.006,0.01,0.014,0.016,0.028,0.017635,0.0052,0.000167,0.01,0.014,0.016,0.02,0.03,0.98253,0.00521,0.000165,0.97,0.98,0.984,0.986,0.99,0.013902,0.00549,0.000174,0.006,0.01,0.014,0.016,0.028,0.003568,0.00247,7.8e-5,0.0,0.002,0.004,0.006,0.008,0.013902,0.00549,0.000174,0.006,0.01,0.014,0.016,0.028,0.01747,0.00521,0.000165,0.01,0.014,0.016,0.02,0.03
1.5,0.980473,0.00631,0.000203,0.966,0.978,0.982,0.984,0.99,0.015061,0.00626,0.000201,0.006,0.01,0.014,0.018,0.03,0.004466,0.00272,8.8e-5,0.0,0.002,0.004,0.006,0.01,0.015061,0.00626,0.000201,0.006,0.01,0.014,0.018,0.03,0.019527,0.00631,0.000203,0.01,0.016,0.018,0.022,0.034,0.980698,0.00634,0.000201,0.966,0.978,0.982,0.986,0.99,0.014786,0.00636,0.000201,0.004,0.01,0.014,0.018,0.03,0.004516,0.00273,8.6e-5,0.0,0.002,0.004,0.006,0.01,0.014786,0.00636,0.000201,0.004,0.01,0.014,0.018,0.03,0.019302,0.00634,0.000201,0.01,0.014,0.018,0.022,0.034
1.75,0.978597,0.00727,0.000234,0.962,0.974,0.98,0.984,0.988,0.015983,0.00694,0.000224,0.006,0.012,0.014,0.02,0.032,0.00542,0.00299,9.6e-5,0.0,0.004,0.006,0.008,0.012,0.015983,0.00694,0.000224,0.006,0.012,0.014,0.02,0.032,0.021403,0.00727,0.000234,0.012,0.016,0.02,0.026,0.038,0.978876,0.00732,0.000232,0.962,0.976,0.98,0.984,0.99,0.015646,0.00709,0.000224,0.004,0.01,0.014,0.02,0.032,0.005478,0.00299,9.5e-5,0.0,0.004,0.006,0.008,0.012,0.015646,0.00709,0.000224,0.004,0.01,0.014,0.02,0.032,0.021124,0.00732,0.000232,0.01,0.016,0.02,0.024,0.038
2.0,0.976568,0.00837,0.000269,0.9562,0.972,0.978,0.982,0.988,0.016951,0.00769,0.000248,0.006,0.012,0.016,0.022,0.036,0.006481,0.00338,0.000109,0.0,0.004,0.006,0.008,0.014,0.016951,0.00769,0.000248,0.006,0.012,0.016,0.022,0.036,0.023432,0.00837,0.000269,0.012,0.018,0.022,0.028,0.0438,0.976908,0.00845,0.000267,0.95795,0.972,0.978,0.9825,0.988,0.016572,0.00785,0.000248,0.004,0.01,0.016,0.022,0.036,0.00652,0.00337,0.000107,0.0,0.004,0.006,0.008,0.014,0.016572,0.00785,0.000248,0.004,0.01,0.016,0.022,0.036,0.023092,0.00845,0.000267,0.012,0.0175,0.022,0.028,0.04205
2.25,0.974363,0.00957,0.000308,0.952,0.97,0.976,0.982,0.988,0.018106,0.0085,0.000274,0.006,0.012,0.016,0.022,0.038,0.007532,0.00367,0.000118,0.002,0.004,0.008,0.01,0.016,0.018106,0.0085,0.000274,0.006,0.012,0.016,0.022,0.038,0.025637,0.00957,0.000308,0.012,0.018,0.024,0.03,0.048,0.974774,0.00967,0.000306,0.952,0.97,0.976,0.982,0.988,0.017674,0.00868,0.000275,0.004,0.012,0.016,0.022,0.038,0.007552,0.00364,0.000115,0.002,0.004,0.008,0.01,0.016,0.017674,0.00868,0.000275,0.004,0.012,0.016,0.022,0.038,0.025226,0.00967,0.000306,0.012,0.018,0.024,0.03,0.048
2.5,0.972048,0.01074,0.000346,0.946,0.966,0.974,0.98,0.988,0.019295,0.00938,0.000302,0.006,0.012,0.018,0.024,0.042,0.008657,0.00398,0.000128,0.002,0.006,0.008,0.012,0.018,0.019295,0.00938,0.000302,0.006,0.012,0.018,0.024,0.042,0.027952,0.01074,0.000346,0.012,0.02,0.026,0.034,0.054,0.972534,0.01088,0.000344,0.946,0.966,0.974,0.98,0.988,0.018812,0.00959,0.000303,0.004,0.012,0.018,0.024,0.042,0.008654,0.00395,0.000125,0.002,0.006,0.008,0.01,0.018,0.018812,0.00959,0.000303,0.004,0.012,0.018,0.024,0.042,0.027466,0.01088,0.000344,0.012,0.02,0.026,0.034,0.054
2.75,0.969652,0.01207,0.000389,0.94,0.964,0.972,0.978,0.988,0.020481,0.0103,0.000331,0.006,0.012,0.018,0.026,0.048,0.009867,0.00439,0.000141,0.004,0.006,0.01,0.012,0.02,0.020481,0.0103,0.000331,0.006,0.012,0.018,0.026,0.048,0.030348,0.01207,0.000389,0.012,0.022,0.028,0.036,0.06,0.970204,0.01224,0.000387,0.94,0.964,0.972,0.978,0.988,0.019966,0.0105,0.000332,0.004,0.012,0.018,0.026,0.048,0.00983,0.00435,0.000138,0.004,0.006,0.01,0.012,0.02,0.019966,0.0105,0.000332,0.004,0.012,0.018,0.026,0.048,0.029796,0.01224,0.000387,0.012,0.022,0.028,0.036,0.06
3.0,0.966924,0.01362,0.000438,0.9322,0.96,0.968,0.976,0.986,0.021952,0.01154,0.000371,0.006,0.014,0.02,0.028,0.05,0.011123,0.00471,0.000151,0.004,0.008,0.01,0.014,0.022,0.021952,0.01154,0.000371,0.006,0.014,0.02,0.028,0.05,0.033076,0.01362,0.000438,0.014,0.024,0.032,0.04,0.0678,0.967566,0.01382,0.000437,0.93395,0.96,0.97,0.978,0.988,0.021368,0.01177,0.000372,0.004,0.0135,0.02,0.028,0.05,0.011066,0.00465,0.000147,0.004,0.008,0.01,0.014,0.022,0.021368,0.01177,0.000372,0.004,0.0135,0.02,0.028,0.05,0.032434,0.01382,0.000437,0.012,0.022,0.03,0.04,0.06605
3.25,0.964205,0.01495,0.000481,0.926,0.956,0.966,0.974,0.986,0.023225,0.01234,0.000397,0.006,0.014,0.022,0.03,0.054,0.01257,0.00518,0.000167,0.004,0.008,0.012,0.016,0.024,0.023225,0.01234,0.000397,0.006,0.014,0.022,0.03,0.054,0.035795,0.01495,0.000481,0.014,0.026,0.034,0.044,0.074,0.964932,0.01519,0.00048,0.926,0.956,0.966,0.976,0.988,0.02257,0.01261,0.000399,0.004,0.014,0.02,0.03,0.054,0.012498,0.00513,0.000162,0.004,0.008,0.012,0.016,0.024,0.02257,0.01261,0.000399,0.004,0.014,0.02,0.03,0.054,0.035068,0.01519,0.00048,0.012,0.024,0.034,0.044,0.074
3.5,0.961337,0.01647,0.00053,0.92,0.952,0.964,0.974,0.984,0.024566,0.01327,0.000427,0.006,0.014,0.022,0.032,0.058,0.014097,0.00583,0.000188,0.006,0.01,0.014,0.018,0.0278,0.024566,0.01327,0.000427,0.006,0.014,0.022,0.032,0.058,0.038663,0.01647,0.00053,0.016,0.026,0.036,0.048,0.08,0.962158,0.01677,0.00053,0.92,0.954,0.964,0.974,0.98605,0.023854,0.01358,0.000429,0.004,0.014,0.022,0.032,0.058,0.013988,0.00578,0.000183,0.006,0.01,0.014,0.018,0.02605,0.023854,0.01358,0.000429,0.004,0.014,0.022,0.032,0.058,0.037842,0.01677,0.00053,0.01395,0.026,0.036,0.046,0.08
3.75,0.958342,0.01808,0.000582,0.914,0.948,0.962,0.972,0.984,0.025988,0.0143,0.00046,0.006,0.016,0.024,0.034,0.0618,0.01567,0.00635,0.000204,0.006,0.012,0.014,0.02,0.03,0.025988,0.0143,0.00046,0.006,0.016,0.024,0.034,0.0618,0.041658,0.01808,0.000582,0.016,0.028,0.038,0.052,0.086,0.959262,0.01843,0.000583,0.914,0.9495,0.962,0.972,0.986,0.025214,0.01464,0.000463,0.002,0.014,0.024,0.034,0.06005,0.015524,0.00632,0.0002,0.006,0.012,0.014,0.02,0.03,0.025214,0.01464,0.000463,0.002,0.014,0.024,0.034,0.06005,0.040738,0.01843,0.000583,0.014,0.028,0.038,0.0505,0.086
4.0,0.955076,0.01987,0.00064,0.908,0.944,0.958,0.97,0.984,0.027635,0.01553,0.0005,0.006,0.016,0.024,0.036,0.064,0.017289,0.00688,0.000222,0.006,0.012,0.016,0.022,0.034,0.027635,0.01553,0.0005,0.006,0.016,0.024,0.036,0.064,0.044924,0.01987,0.00064,0.016,0.03,0.042,0.056,0.092,0.956098,0.02027,0.000641,0.908,0.944,0.96,0.97,0.986,0.0268,0.01589,0.000502,0.002,0.014,0.024,0.036,0.064,0.017102,0.00687,0.000217,0.006,0.012,0.016,0.022,0.034,0.0268,0.01589,0.000502,0.002,0.014,0.024,0.036,0.064,0.043902,0.02027,0.000641,0.014,0.03,0.04,0.056,0.092
4.25,0.951697,0.02177,0.000701,0.9,0.94,0.956,0.968,0.984,0.029233,0.01674,0.000539,0.006,0.018,0.026,0.038,0.0698,0.019069,0.00757,0.000244,0.008,0.014,0.018,0.024,0.036,0.029233,0.01674,0.000539,0.006,0.018,0.026,0.038,0.0698,0.048303,0.02177,0.000701,0.016,0.032,0.044,0.06,0.1,0.952822,0.02221,0.000702,0.9,0.94,0.956,0.968,0.986,0.028346,0.01711,0.000541,0.002,0.016,0.026,0.038,0.06805,0.018832,0.00757,0.000239,0.008,0.014,0.018,0.024,0.036,0.028346,0.01711,0.000541,0.002,0.016,0.026,0.038,0.06805,0.047178,0.02221,0.000702,0.014,0.032,0.044,0.06,0.1
4.5,0.948309,0.02359,0.000759,0.89,0.936,0.952,0.966,0.982,0.030779,0.01782,0.000574,0.006,0.018,0.028,0.042,0.0758,0.020912,0.00829,0.000267,0.008,0.014,0.02,0.026,0.0398,0.030779,0.01782,0.000574,0.006,0.018,0.028,0.042,0.0758,0.051691,0.02359,0.000759,0.018,0.034,0.048,0.064,0.11,0.949534,0.02408,0.000761,0.89,0.936,0.953,0.968,0.986,0.02984,0.0182,0.000576,0.002,0.016,0.026,0.04,0.07405,0.020626,0.00832,0.000263,0.008,0.014,0.02,0.026,0.03805,0.02984,0.0182,0.000576,0.002,0.016,0.026,0.04,0.07405,0.050466,0.02408,0.000761,0.014,0.032,0.047,0.064,0.11
4.75,0.944495,0.02582,0.000831,0.8822,0.93,0.95,0.964,0.9818,0.032665,0.01913,0.000616,0.006,0.018,0.03,0.044,0.0778,0.022839,0.00922,0.000297,0.008,0.016,0.022,0.028,0.044,0.032665,0.01913,0.000616,0.006,0.018,0.03,0.044,0.0778,0.055505,0.02582,0.000831,0.0182,0.036,0.05,0.07,0.1178,0.945844,0.02636,0.000834,0.88395,0.93,0.95,0.964,0.98405,0.031656,0.01954,0.000618,0.00395,0.016,0.028,0.044,0.07605,0.0225,0.00927,0.000293,0.008,0.016,0.022,0.028,0.044,0.031656,0.01954,0.000618,0.00395,0.016,0.028,0.044,0.07605,0.054156,0.02636,0.000834,0.01595,0.036,0.05,0.07,0.11605
5.0,0.940572,0.02794,0.000899,0.8722,0.926,0.946,0.96,0.98,0.034429,0.02029,0.000653,0.006,0.02,0.03,0.046,0.082,0.024999,0.01021,0.000329,0.01,0.018,0.024,0.032,0.048,0.034429,0.02029,0.000653,0.006,0.02,0.03,0.046,0.082,0.059428,0.02794,0.000899,0.02,0.04,0.054,0.074,0.1278,0.942044,0.02854,0.000903,0.87395,0.926,0.946,0.962,0.98405,0.033364,0.02072,0.000655,0.002,0.018,0.03,0.046,0.082,0.024592,0.01028,0.000325,0.01,0.018,0.024,0.03,0.048,0.033364,0.02072,0.000655,0.002,0.018,0.03,0.046,0.082,0.057956,0.02854,0.000903,0.01595,0.038,0.054,0.074,0.12605
5.25,0.936499,0.03023,0.000973,0.862,0.918,0.942,0.958,0.98,0.03639,0.02169,0.000698,0.006,0.02,0.032,0.05,0.0878,0.027111,0.01118,0.00036,0.012,0.018,0.026,0.034,0.054,0.03639,0.02169,0.000698,0.006,0.02,0.032,0.05,0.0878,0.063501,0.03023,0.000973,0.02,0.042,0.058,0.082,0.138,0.938106,0.0309,0.000977,0.862,0.92,0.944,0.962,0.984,0.035246,0.02215,0.0007,0.002,0.018,0.032,0.048,0.08605,0.026648,0.01129,0.000357,0.01,0.018,0.025,0.034,0.054,0.035246,0.02215,0.0007,0.002,0.018,0.032,0.048,0.08605,0.061894,0.0309,0.000977,0.016,0.038,0.056,0.08,0.138
5.5,0.932197,0.03279,0.001056,0.856,0.912,0.938,0.958,0.9798,0.038303,0.02304,0.000742,0.006,0.022,0.034,0.052,0.0936,0.029501,0.01237,0.000398,0.012,0.02,0.028,0.036,0.058,0.038303,0.02304,0.000742,0.006,0.022,0.034,0.052,0.0936,0.067803,0.03279,0.001056,0.0202,0.042,0.062,0.088,0.144,0.933952,0.03353,0.00106,0.856,0.914,0.94,0.958,0.984,0.03707,0.02355,0.000745,0.002,0.02,0.032,0.052,0.0901,0.028978,0.01249,0.000395,0.01,0.02,0.028,0.036,0.058,0.03707,0.02355,0.000745,0.002,0.02,0.032,0.052,0.0901,0.066048,0.03353,0.00106,0.016,0.042,0.06,0.086,0.144
5.75,0.927956,0.03522,0.001134,0.8426,0.906,0.934,0.954,0.978,0.04022,0.02445,0.000787,0.006,0.022,0.036,0.054,0.096,0.031824,0.01348,0.000434,0.012,0.022,0.03,0.04,0.064,0.04022,0.02445,0.000787,0.006,0.022,0.036,0.054,0.096,0.072044,0.03522,0.001134,0.022,0.046,0.066,0.094,0.1574,0.929854,0.03603,0.00114,0.84785,0.908,0.936,0.958,0.984,0.038914,0.02499,0.00079,0.002,0.02,0.036,0.052,0.096,0.031232,0.01364,0.000431,0.012,0.022,0.03,0.038,0.064,0.038914,0.02499,0.00079,0.002,0.02,0.036,0.052,0.096,0.070146,0.03603,0.00114,0.016,0.042,0.064,0.092,0.15215
6.0,0.923469,0.03771,0.001214,0.834,0.9,0.93,0.952,0.976,0.04218,0.02561,0.000825,0.006,0.024,0.038,0.056,0.1056,0.03435,0.01477,0.000476,0.012,0.024,0.032,0.044,0.068,0.04218,0.02561,0.000825,0.006,0.024,0.038,0.056,0.1056,0.076531,0.03771,0.001214,0.024,0.048,0.07,0.1,0.166,0.925518,0.0386,0.001221,0.834,0.902,0.932,0.954,0.984,0.0408,0.02619,0.000828,0.002,0.022,0.036,0.056,0.1021,0.033682,0.01497,0.000473,0.012,0.022,0.032,0.042,0.068,0.0408,0.02619,0.000828,0.002,0.022,0.036,0.056,0.1021,0.074482,0.0386,0.001221,0.016,0.046,0.068,0.098,0.166
6.25,0.918661,0.04032,0.001298,0.826,0.894,0.926,0.95,0.976,0.044259,0.02682,0.000863,0.006,0.024,0.038,0.06,0.108,0.03708,0.01621,0.000522,0.014,0.024,0.034,0.046,0.0758,0.044259,0.02682,0.000863,0.006,0.024,0.038,0.06,0.108,0.081339,0.04032,0.001298,0.024,0.05,0.074,0.106,0.174,0.920872,0.0413,0.001306,0.826,0.896,0.928,0.952,0.984,0.042808,0.02744,0.000868,0.002,0.022,0.038,0.058,0.108,0.03632,0.01645,0.00052,0.012,0.024,0.034,0.046,0.07405,0.042808,0.02744,0.000868,0.002,0.022,0.038,0.058,0.108,0.079128,0.0413,0.001306,0.016,0.048,0.072,0.104,0.174
6.5,0.913646,0.04336,0.001396,0.8162,0.888,0.92,0.946,0.974,0.046381,0.02836,0.000913,0.006,0.026,0.042,0.062,0.112,0.039973,0.01771,0.00057,0.014,0.026,0.038,0.05,0.082,0.046381,0.02836,0.000913,0.006,0.026,0.042,0.062,0.112,0.086354,0.04336,0.001396,0.026,0.054,0.08,0.112,0.1838,0.916026,0.04441,0.001404,0.81795,0.89,0.924,0.948,0.98205,0.04485,0.029,0.000917,0.002,0.024,0.04,0.062,0.112,0.039124,0.018,0.000569,0.012,0.026,0.036,0.05,0.082,0.04485,0.029,0.000917,0.002,0.024,0.04,0.062,0.112,0.083974,0.04441,0.001404,0.01795,0.052,0.076,0.11,0.18205
6.75,0.908412,0.04627,0.00149,0.802,0.882,0.916,0.944,0.974,0.04862,0.02978,0.000959,0.006,0.026,0.044,0.064,0.1218,0.042968,0.01926,0.00062,0.016,0.028,0.04,0.054,0.086,0.04862,0.02978,0.000959,0.006,0.026,0.044,0.064,0.1218,0.091588,0.04627,0.00149,0.026,0.056,0.084,0.118,0.198,0.91097,0.04742,0.0015,0.802,0.882,0.92,0.946,0.98205,0.047006,0.03047,0.000963,0.002,0.024,0.042,0.064,0.12005,0.042024,0.01959,0.00062,0.012,0.028,0.04,0.054,0.086,0.047006,0.03047,0.000963,0.002,0.024,0.042,0.064,0.12005,0.08903,0.04742,0.0015,0.01795,0.054,0.08,0.118,0.198
7.0,0.902972,0.04906,0.001579,0.7902,0.874,0.91,0.94,0.972,0.050989,0.03083,0.000992,0.008,0.028,0.046,0.068,0.1258,0.046039,0.02103,0.000677,0.016,0.03,0.042,0.058,0.094,0.050989,0.03083,0.000992,0.008,0.028,0.046,0.068,0.1258,0.097028,0.04906,0.001579,0.028,0.06,0.09,0.126,0.2098,0.905708,0.05032,0.001591,0.79195,0.876,0.914,0.944,0.98205,0.04929,0.03158,0.000999,0.002,0.026,0.044,0.0665,0.12405,0.045002,0.0214,0.000677,0.014,0.03,0.042,0.058,0.094,0.04929,0.03158,0.000999,0.002,0.026,0.044,0.0665,0.12405,0.094292,0.05032,0.001591,0.01795,0.056,0.086,0.124,0.20805
7.25,0.897447,0.05191,0.001671,0.778,0.866,0.906,0.936,0.972,0.053246,0.03206,0.001032,0.008,0.028,0.048,0.072,0.1298,0.049308,0.02275,0.000732,0.016,0.032,0.046,0.062,0.1056,0.053246,0.03206,0.001032,0.008,0.028,0.048,0.072,0.1298,0.102553,0.05191,0.001671,0.028,0.064,0.094,0.134,0.222,0.90037,0.05328,0.001685,0.778,0.868,0.908,0.94,0.982,0.051464,0.03286,0.001039,0.002,0.026,0.046,0.072,0.12805,0.048166,0.02317,0.000733,0.014,0.03,0.044,0.062,0.1021,0.051464,0.03286,0.001039,0.002,0.026,0.046,0.072,0.12805,0.09963,0.05328,0.001685,0.018,0.06,0.092,0.132,0.222
7.5,0.891675,0.05488,0.001767,0.7642,0.86,0.9,0.932,0.97,0.055623,0.03317,0.001068,0.008,0.03,0.05,0.076,0.1336,0.052703,0.02455,0.00079,0.018,0.034,0.048,0.068,0.11,0.055623,0.03317,0.001068,0.008,0.03,0.05,0.076,0.1336,0.108325,0.05488,0.001767,0.03,0.068,0.1,0.14,0.2358,0.894798,0.05637,0.001783,0.76595,0.86,0.903,0.936,0.982,0.053758,0.03403,0.001076,0.002,0.028,0.048,0.074,0.1301,0.051444,0.02504,0.000792,0.014,0.034,0.046,0.066,0.11,0.053758,0.03403,0.001076,0.002,0.028,0.048,0.074,0.1301,0.105202,0.05637,0.001783,0.018,0.064,0.097,0.14,0.23405
7.75,0.885585,0.05798,0.001866,0.7522,0.85,0.894,0.928,0.9698,0.058135,0.03455,0.001112,0.008,0.032,0.054,0.078,0.138,0.05628,0.02644,0.000851,0.018,0.036,0.052,0.072,0.118,0.058135,0.03455,0.001112,0.008,0.032,0.054,0.078,0.138,0.114415,0.05798,0.001866,0.0302,0.072,0.106,0.15,0.2478,0.888914,0.0596,0.001885,0.75395,0.854,0.896,0.932,0.98,0.056186,0.03546,0.001121,0.002,0.03,0.052,0.078,0.138,0.0549,0.02699,0.000853,0.014,0.034,0.05,0.07,0.118,0.056186,0.03546,0.001121,0.002,0.03,0.052,0.078,0.138,0.111086,0.0596,0.001885,0.02,0.068,0.104,0.146,0.24605
8.0,0.879337,0.06097,0.001963,0.7384,0.842,0.888,0.924,0.968,0.060636,0.03552,0.001143,0.008,0.034,0.056,0.082,0.142,0.060027,0.02846,0.000916,0.018,0.038,0.056,0.076,0.126,0.060636,0.03552,0.001143,0.008,0.034,0.056,0.082,0.142,0.120663,0.06097,0.001963,0.032,0.076,0.112,0.158,0.2616,0.882878,0.06274,0.001984,0.7419,0.844,0.892,0.928,0.98,0.058594,0.03651,0.001155,0.002,0.032,0.054,0.082,0.142,0.058528,0.02907,0.000919,0.01595,0.038,0.054,0.076,0.126,0.058594,0.03651,0.001155,0.002,0.032,0.054,0.082,0.142,0.117122,0.06274,0.001984,0.02,0.072,0.108,0.156,0.2581
8.25,0.87287,0.06413,0.002064,0.7262,0.834,0.882,0.922,0.968,0.063202,0.03679,0.001184,0.01,0.034,0.058,0.086,0.148,0.063927,0.03039,0.000978,0.02,0.042,0.06,0.082,0.1358,0.063202,0.03679,0.001184,0.01,0.034,0.058,0.086,0.148,0.12713,0.06413,0.002064,0.032,0.078,0.118,0.166,0.2738,0.87663,0.06604,0.002088,0.72795,0.836,0.886,0.926,0.98,0.06107,0.03784,0.001197,0.002,0.032,0.056,0.084,0.148,0.0623,0.03108,0.000983,0.016,0.04,0.058,0.08,0.13405,0.06107,0.03784,0.001197,0.002,0.032,0.056,0.084,0.148,0.12337,0.06604,0.002088,0.02,0.074,0.114,0.164,0.27205
8.5,0.866292,0.06733,0.002167,0.714,0.826,0.878,0.916,0.9678,0.065807,0.03823,0.001231,0.01,0.038,0.06,0.09,0.1558,0.067901,0.0322,0.001037,0.022,0.044,0.064,0.086,0.142,0.065807,0.03823,0.001231,0.01,0.038,0.06,0.09,0.1558,0.133708,0.06733,0.002167,0.0322,0.084,0.122,0.174,0.286,0.870274,0.06939,0.002194,0.714,0.8275,0.88,0.922,0.98,0.063578,0.03935,0.001244,0.002,0.034,0.058,0.088,0.15405,0.066148,0.03297,0.001043,0.016,0.042,0.062,0.084,0.142,0.063578,0.03935,0.001244,0.002,0.034,0.058,0.088,0.15405,0.129726,0.06939,0.002194,0.02,0.078,0.12,0.1725,0.286
8.75,0.859326,0.07082,0.00228,0.7002,0.816,0.87,0.914,0.964,0.068597,0.03956,0.001273,0.01,0.038,0.062,0.094,0.16,0.072077,0.03431,0.001104,0.022,0.046,0.068,0.092,0.15,0.068597,0.03956,0.001273,0.01,0.038,0.062,0.094,0.16,0.140674,0.07082,0.00228,0.036,0.086,0.13,0.184,0.2998,0.86355,0.07305,0.00231,0.70195,0.818,0.872,0.918,0.98,0.06626,0.04076,0.001289,0.002,0.036,0.06,0.092,0.16,0.07019,0.03516,0.001112,0.016,0.044,0.066,0.0905,0.15,0.06626,0.04076,0.001289,0.002,0.036,0.06,0.092,0.16,0.13645,0.07305,0.00231,0.02,0.082,0.128,0.182,0.29805
9.0,0.852158,0.07405,0.002384,0.6864,0.806,0.864,0.908,0.9638,0.07143,0.04057,0.001306,0.01,0.04,0.066,0.096,0.1658,0.076412,0.03656,0.001177,0.024,0.048,0.07,0.098,0.1618,0.07143,0.04057,0.001306,0.01,0.04,0.066,0.096,0.1658,0.147842,0.07405,0.002384,0.0362,0.092,0.136,0.194,0.3136,0.856622,0.07645,0.002418,0.6899,0.808,0.866,0.914,0.98,0.069,0.04185,0.001323,0.00195,0.0375,0.064,0.096,0.16405,0.074378,0.03749,0.001186,0.016,0.046,0.07,0.098,0.16005,0.069,0.04185,0.001323,0.00195,0.0375,0.064,0.096,0.16405,0.143378,0.07645,0.002418,0.02,0.086,0.134,0.192,0.3101
9.25,0.844703,0.07736,0.00249,0.6722,0.794,0.856,0.902,0.962,0.074365,0.04165,0.001341,0.01,0.044,0.068,0.102,0.17,0.080933,0.03896,0.001254,0.024,0.05,0.074,0.106,0.168,0.074365,0.04165,0.001341,0.01,0.044,0.068,0.102,0.17,0.155297,0.07736,0.00249,0.038,0.098,0.144,0.206,0.3278,0.84942,0.07995,0.002528,0.67395,0.798,0.859,0.908,0.98,0.071836,0.04302,0.00136,0.00195,0.04,0.067,0.1,0.17,0.078744,0.03999,0.001265,0.01795,0.048,0.074,0.104,0.168,0.071836,0.04302,0.00136,0.00195,0.04,0.067,0.1,0.17,0.15058,0.07995,0.002528,0.02,0.092,0.141,0.202,0.32605
9.5,0.83714,0.08055,0.002593,0.658,0.786,0.848,0.898,0.9618,0.077235,0.04276,0.001376,0.012,0.044,0.072,0.106,0.1718,0.085625,0.04123,0.001327,0.026,0.054,0.08,0.11,0.18,0.077235,0.04276,0.001376,0.012,0.044,0.072,0.106,0.1718,0.16286,0.08055,0.002593,0.0382,0.102,0.152,0.214,0.342,0.842118,0.08336,0.002636,0.658,0.788,0.852,0.904,0.97805,0.074588,0.04425,0.001399,0.0,0.042,0.07,0.106,0.17005,0.083294,0.04234,0.001339,0.018,0.052,0.078,0.11,0.18,0.074588,0.04425,0.001399,0.0,0.042,0.07,0.106,0.17005,0.157882,0.08336,0.002636,0.02195,0.096,0.148,0.212,0.342
9.75,0.829424,0.08383,0.002699,0.6442,0.774,0.84,0.894,0.96,0.080162,0.04372,0.001407,0.012,0.046,0.074,0.112,0.172,0.090415,0.04357,0.001403,0.026,0.058,0.084,0.118,0.19,0.080162,0.04372,0.001407,0.012,0.046,0.074,0.112,0.172,0.170576,0.08383,0.002699,0.04,0.106,0.16,0.226,0.3558,0.834668,0.08686,0.002747,0.64595,0.776,0.844,0.9,0.978,0.077412,0.04531,0.001433,0.0,0.044,0.072,0.11,0.172,0.08792,0.04479,0.001416,0.018,0.054,0.082,0.116,0.19,0.077412,0.04531,0.001433,0.0,0.044,0.072,0.11,0.172,0.165332,0.08686,0.002747,0.022,0.1,0.156,0.224,0.35405
10.0,0.82142,0.08728,0.00281,0.6302,0.762,0.832,0.888,0.96,0.083121,0.04491,0.001446,0.014,0.048,0.078,0.114,0.174,0.095459,0.04594,0.001479,0.028,0.062,0.088,0.124,0.196,0.083121,0.04491,0.001446,0.014,0.048,0.078,0.114,0.174,0.17858,0.08728,0.00281,0.04,0.112,0.168,0.238,0.3698,0.826944,0.09054,0.002863,0.63195,0.766,0.838,0.894,0.978,0.08026,0.04661,0.001474,0.0,0.044,0.076,0.112,0.174,0.092796,0.04728,0.001495,0.018,0.058,0.086,0.122,0.196,0.08026,0.04661,0.001474,0.0,0.044,0.076,0.112,0.174,0.173056,0.09054,0.002863,0.022,0.106,0.162,0.234,0.36805
10.25,0.813341,0.09065,0.002918,0.6182,0.752,0.824,0.884,0.958,0.085901,0.04589,0.001477,0.0122,0.05,0.08,0.12,0.182,0.100759,0.04867,0.001567,0.0282,0.064,0.092,0.132,0.2078,0.085901,0.04589,0.001477,0.0122,0.05,0.08,0.12,0.182,0.186659,0.09065,0.002918,0.042,0.116,0.176,0.248,0.3818,0.819148,0.09415,0.002977,0.61995,0.754,0.83,0.89,0.978,0.082936,0.04769,0.001508,0.0,0.048,0.078,0.118,0.182,0.097916,0.05012,0.001585,0.018,0.0615,0.09,0.13,0.20605,0.082936,0.04769,0.001508,0.0,0.048,0.078,0.118,0.182,0.180852,0.09415,0.002977,0.022,0.11,0.17,0.246,0.38005
10.5,0.804665,0.09445,0.003041,0.6004,0.74,0.816,0.878,0.954,0.089179,0.04741,0.001526,0.012,0.052,0.084,0.124,0.186,0.106155,0.05111,0.001645,0.0282,0.068,0.098,0.138,0.2178,0.089179,0.04741,0.001526,0.012,0.052,0.084,0.124,0.186,0.195335,0.09445,0.003041,0.046,0.122,0.184,0.26,0.3996,0.810776,0.0982,0.003105,0.6039,0.742,0.82,0.884,0.978,0.086096,0.04931,0.001559,0.0,0.048,0.082,0.122,0.186,0.103128,0.05269,0.001666,0.018,0.064,0.096,0.1365,0.21605,0.086096,0.04931,0.001559,0.0,0.048,0.082,0.122,0.186,0.189224,0.0982,0.003105,0.022,0.116,0.18,0.258,0.3961
10.75,0.796081,0.09782,0.003149,0.5884,0.73,0.808,0.87,0.9538,0.091882,0.04814,0.00155,0.014,0.056,0.088,0.126,0.186,0.112037,0.05386,0.001734,0.0302,0.072,0.104,0.146,0.23,0.091882,0.04814,0.00155,0.014,0.056,0.088,0.126,0.186,0.203919,0.09782,0.003149,0.0462,0.13,0.192,0.27,0.4116,0.802488,0.10183,0.00322,0.5919,0.732,0.812,0.878,0.978,0.088702,0.05016,0.001586,0.0,0.05,0.084,0.124,0.186,0.10881,0.05558,0.001758,0.01995,0.068,0.102,0.1445,0.23,0.088702,0.05016,0.001586,0.0,0.05,0.084,0.124,0.186,0.197512,0.10183,0.00322,0.022,0.122,0.188,0.268,0.4081
11.0,0.787167,0.10144,0.003265,0.5744,0.718,0.798,0.864,0.952,0.094829,0.04911,0.001581,0.014,0.058,0.09,0.13,0.192,0.118004,0.05666,0.001824,0.032,0.076,0.11,0.156,0.2418,0.094829,0.04911,0.001581,0.014,0.058,0.09,0.13,0.192,0.212833,0.10144,0.003265,0.048,0.136,0.202,0.282,0.4256,0.793882,0.10573,0.003343,0.5779,0.72,0.802,0.872,0.978,0.091546,0.05123,0.00162,0.0,0.052,0.088,0.128,0.192,0.114572,0.05853,0.001851,0.02,0.072,0.107,0.1525,0.24005,0.091546,0.05123,0.00162,0.0,0.052,0.088,0.128,0.192,0.206118,0.10573,0.003343,0.022,0.128,0.198,0.28,0.4221
11.25,0.778311,0.10467,0.003369,0.5622,0.706,0.79,0.858,0.948,0.097577,0.04963,0.001598,0.014,0.058,0.094,0.134,0.192,0.124112,0.0596,0.001919,0.034,0.078,0.116,0.162,0.2536,0.097577,0.04963,0.001598,0.014,0.058,0.094,0.134,0.192,0.221689,0.10467,0.003369,0.052,0.142,0.21,0.294,0.4378,0.785334,0.10926,0.003455,0.56395,0.7095,0.796,0.868,0.978,0.094198,0.05189,0.001641,0.0,0.054,0.092,0.132,0.192,0.120468,0.06162,0.001949,0.02,0.074,0.112,0.16,0.2501,0.094198,0.05189,0.001641,0.0,0.054,0.092,0.132,0.192,0.214666,0.10926,0.003455,0.022,0.132,0.204,0.2905,0.43605
11.5,0.769544,0.10781,0.003471,0.5462,0.694,0.782,0.852,0.944,0.100189,0.05005,0.001611,0.014,0.06,0.098,0.136,0.2,0.130267,0.06246,0.002011,0.034,0.084,0.122,0.172,0.2676,0.100189,0.05005,0.001611,0.014,0.06,0.098,0.136,0.2,0.230456,0.10781,0.003471,0.056,0.148,0.218,0.306,0.4538,0.776872,0.1127,0.003564,0.54795,0.6975,0.787,0.862,0.978,0.09672,0.05243,0.001658,0.0,0.056,0.094,0.134,0.2,0.126408,0.06465,0.002044,0.02,0.078,0.118,0.1685,0.2641,0.09672,0.05243,0.001658,0.0,0.056,0.094,0.134,0.2,0.223128,0.1127,0.003564,0.022,0.138,0.213,0.3025,0.45205
11.75,0.760481,0.11105,0.003575,0.534,0.68,0.77,0.844,0.944,0.102891,0.05079,0.001635,0.0142,0.064,0.102,0.14,0.202,0.136628,0.06521,0.002099,0.036,0.088,0.126,0.18,0.2758,0.102891,0.05079,0.001635,0.0142,0.064,0.102,0.14,0.202,0.239519,0.11105,0.003575,0.056,0.156,0.23,0.32,0.466,0.768118,0.11626,0.003676,0.534,0.6855,0.775,0.856,0.978,0.099326,0.05329,0.001685,0.0,0.06,0.098,0.138,0.202,0.132556,0.06756,0.002136,0.02,0.084,0.124,0.178,0.27405,0.099326,0.05329,0.001685,0.0,0.06,0.098,0.138,0.202,0.231882,0.11626,0.003676,0.022,0.144,0.225,0.3145,0.466
12.0,0.751237,0.1142,0.003676,0.52,0.668,0.76,0.836,0.944,0.105648,0.05137,0.001654,0.014,0.066,0.106,0.144,0.2058,0.143115,0.06781,0.002183,0.036,0.092,0.134,0.188,0.2858,0.105648,0.05137,0.001654,0.014,0.066,0.106,0.144,0.2058,0.248763,0.1142,0.003676,0.056,0.164,0.24,0.332,0.48,0.759198,0.11974,0.003787,0.52,0.6735,0.766,0.8485,0.97605,0.101982,0.05401,0.001708,0.0,0.062,0.104,0.142,0.20405,0.13882,0.07035,0.002225,0.02,0.088,0.13,0.186,0.28405,0.101982,0.05401,0.001708,0.0,0.062,0.104,0.142,0.20405,0.240802,0.11974,0.003787,0.02395,0.1515,0.234,0.3265,0.48
12.25,0.741983,0.11714,0.003771,0.508,0.66,0.75,0.83,0.9438,0.108062,0.0517,0.001664,0.0142,0.068,0.108,0.146,0.2078,0.149954,0.07061,0.002273,0.038,0.096,0.142,0.196,0.296,0.108062,0.0517,0.001664,0.0142,0.068,0.108,0.146,0.2078,0.258017,0.11714,0.003771,0.0562,0.17,0.25,0.34,0.492,0.750268,0.12304,0.003891,0.508,0.662,0.756,0.842,0.9741,0.104304,0.05449,0.001723,0.0,0.064,0.106,0.144,0.20605,0.145428,0.07335,0.002319,0.02,0.092,0.138,0.194,0.296,0.104304,0.05449,0.001723,0.0,0.064,0.106,0.144,0.20605,0.249732,0.12304,0.003891,0.0259,0.158,0.244,0.338,0.492
12.5,0.732479,0.11989,0.003859,0.498,0.644,0.738,0.824,0.94,0.110659,0.0517,0.001664,0.016,0.072,0.11,0.148,0.21,0.156862,0.07354,0.002367,0.0382,0.1,0.148,0.208,0.3116,0.110659,0.0517,0.001664,0.016,0.072,0.11,0.148,0.21,0.267521,0.11989,0.003859,0.06,0.176,0.262,0.356,0.502,0.741096,0.12619,0.003991,0.498,0.65,0.746,0.836,0.9741,0.106806,0.05467,0.001729,0.0,0.066,0.108,0.148,0.21,0.152098,0.07648,0.002419,0.02,0.096,0.144,0.204,0.3081,0.106806,0.05467,0.001729,0.0,0.066,0.108,0.148,0.21,0.258904,0.12619,0.003991,0.0259,0.164,0.254,0.35,0.502
12.75,0.722941,0.12269,0.003949,0.484,0.632,0.728,0.816,0.938,0.113167,0.05222,0.001681,0.0162,0.074,0.114,0.15,0.2158,0.163892,0.0762,0.002453,0.042,0.106,0.154,0.216,0.3272,0.113167,0.05222,0.001681,0.0162,0.074,0.114,0.15,0.2158,0.277059,0.12269,0.003949,0.062,0.184,0.272,0.368,0.516,0.731892,0.12939,0.004092,0.484,0.638,0.733,0.828,0.9741,0.109222,0.05533,0.00175,0.0,0.068,0.112,0.15,0.21405,0.158886,0.07936,0.00251,0.02195,0.1,0.15,0.214,0.3202,0.109222,0.05533,0.00175,0.0,0.068,0.112,0.15,0.21405,0.268108,0.12939,0.004092,0.0259,0.172,0.267,0.362,0.516
13.0,0.713434,0.1255,0.00404,0.472,0.62,0.718,0.808,0.936,0.115486,0.05241,0.001687,0.016,0.076,0.118,0.154,0.2178,0.17108,0.07907,0.002545,0.0422,0.112,0.164,0.226,0.3376,0.115486,0.05241,0.001687,0.016,0.076,0.118,0.154,0.2178,0.286566,0.1255,0.00404,0.064,0.192,0.282,0.38,0.528,0.722716,0.1326,0.004193,0.472,0.624,0.724,0.82,0.9741,0.111458,0.05567,0.00176,0.0,0.072,0.116,0.152,0.21605,0.165826,0.08246,0.002608,0.02195,0.106,0.16,0.2225,0.3341,0.111458,0.05567,0.00176,0.0,0.072,0.116,0.152,0.21605,0.277284,0.1326,0.004193,0.0259,0.18,0.276,0.376,0.528
13.25,0.70383,0.1283,0.00413,0.458,0.608,0.708,0.8,0.934,0.117797,0.05261,0.001693,0.018,0.08,0.12,0.156,0.22,0.178373,0.08186,0.002635,0.046,0.118,0.17,0.236,0.3478,0.117797,0.05261,0.001693,0.018,0.08,0.12,0.156,0.22,0.29617,0.1283,0.00413,0.066,0.2,0.292,0.392,0.542,0.713448,0.1358,0.004295,0.458,0.6115,0.714,0.814,0.9741,0.113688,0.056,0.001771,0.0,0.074,0.118,0.154,0.22,0.172864,0.08548,0.002703,0.02195,0.11,0.166,0.2325,0.34605,0.113688,0.056,0.001771,0.0,0.074,0.118,0.154,0.22,0.286552,0.1358,0.004295,0.0259,0.186,0.286,0.3885,0.542
13.5,0.694226,0.13076,0.004209,0.4462,0.598,0.698,0.792,0.93,0.119956,0.0525,0.00169,0.0182,0.084,0.124,0.158,0.222,0.185818,0.08463,0.002724,0.048,0.122,0.178,0.244,0.3578,0.119956,0.0525,0.00169,0.0182,0.084,0.124,0.158,0.222,0.305774,0.13076,0.004209,0.07,0.208,0.302,0.402,0.5538,0.70418,0.1387,0.004386,0.44795,0.598,0.704,0.806,0.9741,0.115768,0.05607,0.001773,0.0,0.078,0.12,0.156,0.222,0.180052,0.0885,0.002799,0.022,0.116,0.174,0.2425,0.35605,0.115768,0.05607,0.001773,0.0,0.078,0.12,0.156,0.222,0.29582,0.1387,0.004386,0.0259,0.194,0.296,0.402,0.55205
13.75,0.684487,0.13304,0.004283,0.4384,0.584,0.688,0.786,0.9278,0.122199,0.05234,0.001685,0.018,0.086,0.124,0.16,0.2216,0.193314,0.08744,0.002815,0.0482,0.126,0.186,0.254,0.368,0.122199,0.05234,0.001685,0.018,0.086,0.124,0.16,0.2216,0.315513,0.13304,0.004283,0.0722,0.214,0.312,0.416,0.5616,0.694782,0.14145,0.004473,0.4419,0.5895,0.692,0.8,0.9741,0.117932,0.05609,0.001774,0.0,0.0815,0.122,0.158,0.2181,0.187286,0.09157,0.002896,0.022,0.122,0.182,0.252,0.368,0.117932,0.05609,0.001774,0.0,0.0815,0.122,0.158,0.2181,0.305218,0.14145,0.004473,0.0259,0.2,0.308,0.4105,0.5581
14.0,0.674701,0.13526,0.004354,0.428,0.572,0.676,0.776,0.9258,0.124189,0.05228,0.001683,0.02,0.088,0.128,0.16,0.2198,0.201111,0.09,0.002897,0.052,0.134,0.196,0.264,0.3838,0.124189,0.05228,0.001683,0.02,0.088,0.128,0.16,0.2198,0.325299,0.13526,0.004354,0.0742,0.224,0.324,0.428,0.572,0.685338,0.14416,0.004559,0.428,0.576,0.68,0.79,0.9741,0.11985,0.05619,0.001777,0.0,0.082,0.126,0.16,0.21805,0.194812,0.09442,0.002986,0.022,0.128,0.189,0.2605,0.38205,0.11985,0.05619,0.001777,0.0,0.082,0.126,0.16,0.21805,0.314662,0.14416,0.004559,0.0259,0.21,0.32,0.424,0.572
14.25,0.664765,0.13747,0.004425,0.4164,0.56,0.662,0.77,0.9258,0.12639,0.05222,0.001681,0.02,0.09,0.13,0.162,0.222,0.208846,0.09258,0.00298,0.054,0.14,0.204,0.274,0.394,0.12639,0.05222,0.001681,0.02,0.09,0.13,0.162,0.222,0.335235,0.13747,0.004425,0.0742,0.23,0.338,0.44,0.5836,0.67575,0.14687,0.004644,0.4199,0.564,0.668,0.78,0.9741,0.121972,0.05631,0.001781,0.0,0.086,0.128,0.16,0.222,0.202278,0.09729,0.003077,0.022,0.132,0.197,0.272,0.394,0.121972,0.05631,0.001781,0.0,0.086,0.128,0.16,0.222,0.32425,0.14687,0.004644,0.0259,0.22,0.332,0.436,0.5801
14.5,0.655246,0.13932,0.004485,0.4062,0.55,0.652,0.76,0.9238,0.128093,0.05179,0.001667,0.02,0.092,0.134,0.164,0.22,0.216661,0.09538,0.00307,0.054,0.148,0.212,0.284,0.4058,0.128093,0.05179,0.001667,0.02,0.092,0.134,0.164,0.22,0.344754,0.13932,0.004485,0.0762,0.24,0.348,0.45,0.5938,0.666564,0.14923,0.004719,0.40795,0.552,0.658,0.774,0.9741,0.123614,0.05605,0.001772,0.0,0.088,0.132,0.162,0.22,0.209822,0.10037,0.003174,0.022,0.138,0.204,0.282,0.40405,0.123614,0.05605,0.001772,0.0,0.088,0.132,0.162,0.22,0.333436,0.14923,0.004719,0.0259,0.226,0.342,0.448,0.59205
14.75,0.645436,0.14116,0.004544,0.398,0.54,0.64,0.748,0.92,0.12965,0.05126,0.00165,0.022,0.096,0.136,0.164,0.222,0.224914,0.09818,0.00316,0.0542,0.154,0.218,0.294,0.416,0.12965,0.05126,0.00165,0.022,0.096,0.136,0.164,0.222,0.354564,0.14116,0.004544,0.08,0.252,0.36,0.46,0.602,0.657098,0.15161,0.004794,0.398,0.5435,0.65,0.766,0.9741,0.125116,0.0557,0.001761,0.0,0.09,0.134,0.164,0.222,0.217786,0.10348,0.003272,0.02395,0.144,0.214,0.292,0.416,0.125116,0.0557,0.001761,0.0,0.09,0.134,0.164,0.222,0.342902,0.15161,0.004794,0.0259,0.234,0.35,0.4565,0.602
15.0,0.635706,0.14289,0.0046,0.3882,0.53,0.63,0.74,0.918,0.13142,0.05107,0.001644,0.022,0.1,0.138,0.166,0.2238,0.232875,0.10057,0.003237,0.0562,0.16,0.228,0.304,0.4258,0.13142,0.05107,0.001644,0.022,0.1,0.138,0.166,0.2238,0.364294,0.14289,0.0046,0.082,0.26,0.37,0.47,0.6118,0.647706,0.15389,0.004867,0.38995,0.532,0.638,0.7565,0.9741,0.126826,0.05567,0.001761,0.0,0.0935,0.136,0.164,0.22205,0.225468,0.1062,0.003358,0.02395,0.15,0.222,0.304,0.42405,0.126826,0.05567,0.001761,0.0,0.0935,0.136,0.164,0.22205,0.352294,0.15389,0.004867,0.0259,0.2435,0.362,0.468,0.61005
15.25,0.626218,0.14441,0.004649,0.3782,0.518,0.618,0.73,0.9158,0.132767,0.05032,0.00162,0.026,0.102,0.138,0.166,0.22,0.241016,0.10326,0.003324,0.0582,0.166,0.236,0.316,0.438,0.132767,0.05032,0.00162,0.026,0.102,0.138,0.166,0.22,0.373782,0.14441,0.004649,0.0842,0.27,0.382,0.482,0.6218,0.63855,0.15597,0.004932,0.37995,0.522,0.626,0.7465,0.9741,0.128124,0.05512,0.001743,0.0,0.096,0.136,0.166,0.22,0.233326,0.10921,0.003453,0.02395,0.156,0.23,0.314,0.438,0.128124,0.05512,0.001743,0.0,0.096,0.136,0.166,0.22,0.36145,0.15597,0.004932,0.0259,0.2535,0.374,0.478,0.62005
15.5,0.616659,0.14564,0.004688,0.3682,0.506,0.608,0.718,0.9116,0.133697,0.04951,0.001594,0.0242,0.104,0.138,0.168,0.218,0.249644,0.10579,0.003405,0.06,0.172,0.246,0.326,0.4498,0.133697,0.04951,0.001594,0.0242,0.104,0.138,0.168,0.218,0.383341,0.14564,0.004688,0.0884,0.282,0.392,0.494,0.6318,0.629326,0.1578,0.00499,0.36995,0.5115,0.614,0.7385,0.9741,0.12902,0.05449,0.001723,0.0,0.0995,0.136,0.168,0.218,0.241654,0.1121,0.003545,0.02395,0.164,0.24,0.3245,0.44805,0.12902,0.05449,0.001723,0.0,0.0995,0.136,0.168,0.218,0.370674,0.1578,0.00499,0.0259,0.2615,0.386,0.4885,0.63005
15.75,0.607111,0.14687,0.004728,0.3584,0.498,0.596,0.71,0.9096,0.134802,0.04902,0.001578,0.026,0.108,0.14,0.168,0.218,0.258087,0.108,0.003477,0.064,0.178,0.254,0.338,0.4618,0.134802,0.04902,0.001578,0.026,0.108,0.14,0.168,0.218,0.392889,0.14687,0.004728,0.0904,0.29,0.404,0.502,0.6416,0.620112,0.15964,0.005048,0.3619,0.5,0.604,0.728,0.9741,0.130086,0.05415,0.001713,0.0,0.1,0.138,0.168,0.218,0.249802,0.11469,0.003627,0.02395,0.168,0.25,0.336,0.46005,0.130086,0.05415,0.001713,0.0,0.1,0.138,0.168,0.218,0.379888,0.15964,0.005048,0.0259,0.272,0.396,0.5,0.6381
16.0,0.59761,0.14782,0.004759,0.3464,0.488,0.586,0.698,0.9056,0.135913,0.04813,0.001549,0.028,0.108,0.142,0.168,0.218,0.266477,0.11027,0.00355,0.064,0.186,0.264,0.348,0.474,0.135913,0.04813,0.001549,0.028,0.108,0.142,0.168,0.218,0.40239,0.14782,0.004759,0.0944,0.302,0.414,0.512,0.6536,0.610944,0.16124,0.005099,0.3499,0.49,0.594,0.716,0.9741,0.131156,0.05348,0.001691,0.0,0.104,0.139,0.168,0.218,0.2579,0.11734,0.003711,0.02395,0.176,0.259,0.346,0.474,0.131156,0.05348,0.001691,0.0,0.104,0.139,0.168,0.218,0.389056,0.16124,0.005099,0.0259,0.284,0.406,0.51,0.6501
16.25,0.588537,0.14888,0.004793,0.342,0.476,0.574,0.69,0.9018,0.136622,0.04758,0.001532,0.0244,0.11,0.144,0.168,0.214,0.274841,0.11241,0.003618,0.064,0.194,0.274,0.358,0.484,0.136622,0.04758,0.001532,0.0244,0.11,0.144,0.168,0.214,0.411463,0.14888,0.004793,0.0982,0.31,0.426,0.524,0.658,0.602188,0.1629,0.005151,0.342,0.48,0.581,0.706,0.9741,0.13184,0.05306,0.001678,0.0,0.104,0.142,0.168,0.214,0.265972,0.11987,0.003791,0.02395,0.18,0.268,0.356,0.484,0.13184,0.05306,0.001678,0.0,0.104,0.142,0.168,0.214,0.397812,0.1629,0.005151,0.0259,0.294,0.419,0.52,0.658
16.5,0.578873,0.14976,0.004821,0.3342,0.468,0.564,0.68,0.896,0.137691,0.04705,0.001514,0.03,0.11,0.144,0.17,0.214,0.283436,0.11439,0.003682,0.0662,0.2,0.282,0.368,0.496,0.137691,0.04705,0.001514,0.03,0.11,0.144,0.17,0.214,0.421127,0.14976,0.004821,0.104,0.32,0.436,0.532,0.6658,0.592862,0.16446,0.005201,0.33595,0.47,0.572,0.694,0.9741,0.132872,0.05269,0.001666,0.0,0.106,0.142,0.168,0.214,0.274266,0.12228,0.003867,0.02395,0.186,0.278,0.366,0.496,0.132872,0.05269,0.001666,0.0,0.106,0.142,0.168,0.214,0.407138,0.16446,0.005201,0.0259,0.306,0.428,0.53,0.66405
16.75,0.569664,0.15054,0.004846,0.3282,0.458,0.554,0.67,0.8938,0.138155,0.04629,0.00149,0.03,0.112,0.146,0.17,0.214,0.29218,0.11648,0.00375,0.0682,0.206,0.292,0.378,0.5078,0.138155,0.04629,0.00149,0.03,0.112,0.146,0.17,0.214,0.430336,0.15054,0.004846,0.1062,0.33,0.446,0.542,0.6718,0.583976,0.16591,0.005247,0.32995,0.46,0.56,0.684,0.9741,0.13332,0.05209,0.001647,0.0,0.106,0.144,0.17,0.214,0.282704,0.1248,0.003947,0.02395,0.1935,0.288,0.376,0.50605,0.13332,0.05209,0.001647,0.0,0.106,0.144,0.17,0.214,0.416024,0.16591,0.005247,0.0259,0.316,0.44,0.54,0.67005
17.0,0.560402,0.15131,0.004871,0.318,0.448,0.544,0.654,0.89,0.138796,0.04578,0.001474,0.032,0.114,0.146,0.17,0.2118,0.300802,0.11832,0.003809,0.0702,0.214,0.302,0.39,0.518,0.138796,0.04578,0.001474,0.032,0.114,0.146,0.17,0.2118,0.439598,0.15131,0.004871,0.11,0.346,0.456,0.552,0.682,0.575038,0.16736,0.005292,0.318,0.4515,0.549,0.674,0.9741,0.133938,0.05171,0.001635,0.0,0.108,0.144,0.168,0.21005,0.291024,0.12709,0.004019,0.0259,0.202,0.297,0.386,0.518,0.133938,0.05171,0.001635,0.0,0.108,0.144,0.168,0.21005,0.424962,0.16736,0.005292,0.0259,0.326,0.451,0.5485,0.682
17.25,0.551521,0.15198,0.004892,0.312,0.438,0.534,0.644,0.8878,0.13885,0.04481,0.001442,0.0284,0.114,0.146,0.17,0.21,0.309629,0.12011,0.003866,0.074,0.222,0.314,0.4,0.528,0.13885,0.04481,0.001442,0.0284,0.114,0.146,0.17,0.21,0.448479,0.15198,0.004892,0.1122,0.356,0.466,0.562,0.688,0.566468,0.1687,0.005335,0.312,0.442,0.538,0.663,0.9741,0.13399,0.05089,0.001609,0.0,0.11,0.144,0.168,0.21,0.299542,0.12936,0.004091,0.0259,0.212,0.307,0.398,0.528,0.13399,0.05089,0.001609,0.0,0.11,0.144,0.168,0.21,0.433532,0.1687,0.005335,0.0259,0.337,0.462,0.558,0.688
17.5,0.542628,0.15248,0.004909,0.3,0.428,0.522,0.636,0.884,0.138885,0.04416,0.001422,0.034,0.114,0.144,0.168,0.2098,0.318487,0.12189,0.003924,0.0782,0.232,0.322,0.41,0.536,0.138885,0.04416,0.001422,0.034,0.114,0.144,0.168,0.2098,0.457372,0.15248,0.004909,0.116,0.364,0.478,0.572,0.7,0.557886,0.1699,0.005373,0.3,0.432,0.53,0.6545,0.9741,0.134024,0.05034,0.001592,0.0,0.11,0.142,0.168,0.20805,0.30809,0.13162,0.004162,0.0259,0.218,0.316,0.408,0.536,0.134024,0.05034,0.001592,0.0,0.11,0.142,0.168,0.20805,0.442114,0.1699,0.005373,0.0259,0.3455,0.47,0.568,0.7
17.75,0.533728,0.15274,0.004917,0.298,0.418,0.512,0.624,0.8836,0.139096,0.04354,0.001402,0.032,0.116,0.144,0.168,0.2098,0.327175,0.12362,0.00398,0.0822,0.238,0.332,0.42,0.544,0.139096,0.04354,0.001402,0.032,0.116,0.144,0.168,0.2098,0.466272,0.15274,0.004917,0.1164,0.376,0.488,0.582,0.702,0.549298,0.1709,0.005404,0.298,0.422,0.517,0.646,0.9741,0.134228,0.04984,0.001576,0.0,0.112,0.142,0.168,0.20805,0.316474,0.13384,0.004232,0.0259,0.224,0.325,0.418,0.544,0.134228,0.04984,0.001576,0.0,0.112,0.142,0.168,0.20805,0.450702,0.1709,0.005404,0.0259,0.354,0.483,0.578,0.702
18.0,0.525063,0.15294,0.004923,0.288,0.412,0.502,0.614,0.8778,0.13897,0.04281,0.001378,0.0322,0.116,0.142,0.168,0.212,0.335967,0.12535,0.004035,0.084,0.246,0.34,0.43,0.552,0.13897,0.04281,0.001378,0.0322,0.116,0.142,0.168,0.212,0.474937,0.15294,0.004923,0.1222,0.386,0.498,0.588,0.712,0.540936,0.17184,0.005434,0.288,0.414,0.508,0.6305,0.9741,0.134106,0.0492,0.001556,0.0,0.112,0.142,0.168,0.212,0.324958,0.13606,0.004302,0.0259,0.234,0.336,0.428,0.552,0.134106,0.0492,0.001556,0.0,0.112,0.142,0.168,0.212,0.459064,0.17184,0.005434,0.0259,0.3695,0.492,0.586,0.712
18.25,0.516626,0.15293,0.004923,0.28,0.402,0.494,0.604,0.8738,0.138734,0.04206,0.001354,0.036,0.118,0.142,0.168,0.208,0.34464,0.12667,0.004078,0.0844,0.254,0.348,0.44,0.5618,0.138734,0.04206,0.001354,0.036,0.118,0.142,0.168,0.208,0.483374,0.15293,0.004923,0.1262,0.396,0.506,0.598,0.72,0.532794,0.17259,0.005458,0.28,0.406,0.5,0.622,0.9741,0.133878,0.04856,0.001535,0.0,0.114,0.142,0.1665,0.208,0.333328,0.13792,0.004361,0.0259,0.2435,0.346,0.438,0.56005,0.133878,0.04856,0.001535,0.0,0.114,0.142,0.1665,0.208,0.467206,0.17259,0.005458,0.0259,0.378,0.5,0.594,0.72
18.5,0.508427,0.1527,0.004916,0.274,0.396,0.486,0.596,0.8658,0.138172,0.04087,0.001316,0.036,0.116,0.142,0.166,0.206,0.353401,0.12805,0.004122,0.0882,0.264,0.358,0.45,0.566,0.138172,0.04087,0.001316,0.036,0.116,0.142,0.166,0.206,0.491573,0.1527,0.004916,0.1342,0.404,0.514,0.604,0.726,0.524882,0.17314,0.005475,0.274,0.398,0.492,0.612,0.9741,0.133336,0.04751,0.001502,0.0,0.114,0.14,0.166,0.206,0.341782,0.13983,0.004422,0.0259,0.25,0.354,0.446,0.566,0.133336,0.04751,0.001502,0.0,0.114,0.14,0.166,0.206,0.475118,0.17314,0.005475,0.0259,0.388,0.508,0.602,0.726
18.75,0.500334,0.15268,0.004915,0.268,0.388,0.474,0.586,0.8618,0.137673,0.04037,0.0013,0.038,0.116,0.14,0.166,0.204,0.361994,0.12918,0.004158,0.0884,0.272,0.368,0.46,0.5818,0.137673,0.04037,0.0013,0.038,0.116,0.14,0.166,0.204,0.499666,0.15268,0.004915,0.1382,0.414,0.526,0.612,0.732,0.517072,0.17387,0.005498,0.268,0.39,0.482,0.604,0.9741,0.132854,0.04705,0.001488,0.0,0.114,0.138,0.164,0.204,0.350074,0.14152,0.004475,0.0259,0.26,0.364,0.4545,0.58005,0.132854,0.04705,0.001488,0.0,0.114,0.138,0.164,0.204,0.482928,0.17387,0.005498,0.0259,0.396,0.518,0.61,0.732
19.0,0.492321,0.15251,0.004909,0.26,0.38,0.468,0.572,0.858,0.137264,0.03975,0.00128,0.04,0.118,0.14,0.164,0.208,0.370415,0.13043,0.004199,0.092,0.284,0.38,0.468,0.5918,0.137264,0.03975,0.00128,0.04,0.118,0.14,0.164,0.208,0.507679,0.15251,0.004909,0.142,0.428,0.532,0.62,0.74,0.50934,0.17448,0.005518,0.26,0.382,0.475,0.594,0.9741,0.13246,0.04649,0.00147,0.0,0.114,0.138,0.162,0.208,0.3582,0.14331,0.004532,0.0259,0.268,0.374,0.466,0.59005,0.13246,0.04649,0.00147,0.0,0.114,0.138,0.162,0.208,0.49066,0.17448,0.005518,0.0259,0.406,0.525,0.618,0.74
19.25,0.484247,0.15216,0.004898,0.256,0.372,0.46,0.562,0.852,0.136846,0.03905,0.001257,0.042,0.118,0.14,0.162,0.206,0.378908,0.13155,0.004235,0.0962,0.292,0.39,0.478,0.598,0.136846,0.03905,0.001257,0.042,0.118,0.14,0.162,0.206,0.515753,0.15216,0.004898,0.148,0.438,0.54,0.628,0.744,0.501548,0.17495,0.005532,0.256,0.3755,0.464,0.582,0.9741,0.132056,0.04588,0.001451,0.0,0.114,0.138,0.162,0.206,0.366396,0.145,0.004585,0.0259,0.2775,0.383,0.474,0.598,0.132056,0.04588,0.001451,0.0,0.114,0.138,0.162,0.206,0.498452,0.17495,0.005532,0.0259,0.418,0.536,0.6245,0.744
19.5,0.476499,0.1518,0.004887,0.2502,0.364,0.452,0.554,0.844,0.136176,0.03849,0.001239,0.044,0.116,0.138,0.162,0.206,0.387324,0.13266,0.00427,0.1002,0.302,0.398,0.486,0.6098,0.136176,0.03849,0.001239,0.044,0.116,0.138,0.162,0.206,0.523501,0.1518,0.004887,0.156,0.446,0.548,0.636,0.7498,0.494072,0.1754,0.005547,0.25195,0.368,0.456,0.5725,0.9741,0.13141,0.04535,0.001434,0.0,0.112,0.138,0.16,0.206,0.374518,0.14667,0.004638,0.0259,0.286,0.392,0.4825,0.60805,0.13141,0.04535,0.001434,0.0,0.112,0.138,0.16,0.206,0.505928,0.1754,0.005547,0.0259,0.4275,0.544,0.632,0.74805
19.75,0.468883,0.15129,0.00487,0.248,0.356,0.442,0.544,0.8398,0.13537,0.03778,0.001216,0.0422,0.114,0.136,0.16,0.202,0.395747,0.13351,0.004298,0.1024,0.31,0.408,0.494,0.6158,0.13537,0.03778,0.001216,0.0422,0.114,0.136,0.16,0.202,0.531117,0.15129,0.00487,0.1602,0.456,0.558,0.644,0.752,0.486722,0.17571,0.005556,0.248,0.362,0.448,0.5645,0.9741,0.130632,0.04468,0.001413,0.0,0.112,0.136,0.16,0.202,0.382646,0.14813,0.004684,0.0259,0.2955,0.402,0.492,0.61405,0.130632,0.04468,0.001413,0.0,0.112,0.136,0.16,0.202,0.513278,0.17571,0.005556,0.0259,0.4355,0.552,0.638,0.752
20.0,0.461353,0.15064,0.004849,0.2424,0.35,0.434,0.536,0.8378,0.134622,0.03712,0.001195,0.044,0.114,0.136,0.158,0.202,0.404025,0.13438,0.004326,0.1046,0.318,0.42,0.504,0.624,0.134622,0.03712,0.001195,0.044,0.114,0.136,0.158,0.202,0.538647,0.15064,0.004849,0.1622,0.464,0.566,0.65,0.7576,0.479456,0.17592,0.005563,0.2459,0.354,0.44,0.556,0.9741,0.12991,0.04407,0.001394,0.0,0.112,0.136,0.158,0.202,0.390634,0.1496,0.004731,0.0259,0.304,0.412,0.5,0.624,0.12991,0.04407,0.001394,0.0,0.112,0.136,0.158,0.202,0.520544,0.17592,0.005563,0.0259,0.444,0.56,0.646,0.7541
20.25,0.454176,0.14989,0.004825,0.238,0.344,0.426,0.53,0.8338,0.133629,0.03639,0.001171,0.048,0.114,0.136,0.156,0.198,0.412195,0.13506,0.004348,0.114,0.326,0.43,0.51,0.63,0.133629,0.03639,0.001171,0.048,0.114,0.136,0.156,0.198,0.545824,0.14989,0.004825,0.1662,0.47,0.574,0.656,0.762,0.47253,0.17602,0.005566,0.238,0.3475,0.432,0.5465,0.9741,0.128952,0.04338,0.001372,0.0,0.112,0.134,0.156,0.198,0.398518,0.15089,0.004772,0.0259,0.314,0.422,0.508,0.63,0.128952,0.04338,0.001372,0.0,0.112,0.134,0.156,0.198,0.52747,0.17602,0.005566,0.0259,0.4535,0.568,0.6525,0.762
20.5,0.447167,0.14925,0.004805,0.2342,0.338,0.418,0.518,0.8298,0.132004,0.03561,0.001146,0.046,0.112,0.134,0.154,0.194,0.420829,0.13576,0.00437,0.118,0.338,0.438,0.522,0.6378,0.132004,0.03561,0.001146,0.046,0.112,0.134,0.154,0.194,0.552833,0.14925,0.004805,0.1702,0.482,0.582,0.662,0.7658,0.465766,0.1762,0.005572,0.23595,0.342,0.424,0.534,0.9741,0.127384,0.04258,0.001346,0.0,0.11,0.132,0.154,0.194,0.40685,0.15226,0.004815,0.0259,0.3255,0.432,0.518,0.63605,0.127384,0.04258,0.001346,0.0,0.11,0.132,0.154,0.194,0.534234,0.1762,0.005572,0.0259,0.466,0.576,0.658,0.76405
20.75,0.440035,0.14851,0.004781,0.23,0.334,0.412,0.51,0.824,0.130987,0.03551,0.001143,0.0502,0.112,0.132,0.152,0.1938,0.428978,0.13646,0.004393,0.1182,0.348,0.448,0.528,0.644,0.130987,0.03551,0.001143,0.0502,0.112,0.132,0.152,0.1938,0.559965,0.14851,0.004781,0.176,0.49,0.588,0.666,0.77,0.458884,0.17633,0.005576,0.23,0.336,0.418,0.528,0.9741,0.126402,0.04239,0.001341,0.0,0.108,0.132,0.152,0.19205,0.414714,0.15359,0.004857,0.0259,0.3335,0.442,0.5265,0.644,0.126402,0.04239,0.001341,0.0,0.108,0.132,0.152,0.19205,0.541116,0.17633,0.005576,0.0259,0.472,0.582,0.664,0.77
21.0,0.433127,0.14763,0.004752,0.2262,0.326,0.406,0.5,0.8138,0.129813,0.03522,0.001134,0.0522,0.11,0.132,0.152,0.1938,0.437059,0.1371,0.004413,0.1202,0.356,0.456,0.54,0.6518,0.129813,0.03522,0.001134,0.0522,0.11,0.132,0.152,0.1938,0.566873,0.14763,0.004752,0.1862,0.5,0.594,0.674,0.7738,0.452218,0.17633,0.005576,0.22795,0.33,0.411,0.518,0.9741,0.12527,0.04203,0.001329,0.0,0.108,0.13,0.152,0.19205,0.422512,0.15486,0.004897,0.0259,0.342,0.449,0.5345,0.65005,0.12527,0.04203,0.001329,0.0,0.108,0.13,0.152,0.19205,0.547782,0.17633,0.005576,0.0259,0.482,0.589,0.67,0.77205
21.25,0.426777,0.14647,0.004715,0.224,0.322,0.398,0.49,0.8098,0.128209,0.035,0.001127,0.05,0.108,0.13,0.15,0.194,0.445013,0.13761,0.00443,0.1244,0.364,0.466,0.546,0.6596,0.128209,0.035,0.001127,0.05,0.108,0.13,0.15,0.194,0.573223,0.14647,0.004715,0.1902,0.51,0.602,0.678,0.776,0.44609,0.17607,0.005568,0.224,0.324,0.404,0.51,0.9741,0.123722,0.04169,0.001318,0.0,0.106,0.128,0.15,0.194,0.430188,0.15603,0.004934,0.0259,0.3515,0.458,0.542,0.6561,0.123722,0.04169,0.001318,0.0,0.106,0.128,0.15,0.194,0.55391,0.17607,0.005568,0.0259,0.49,0.596,0.676,0.776
21.5,0.420228,0.14556,0.004686,0.2202,0.316,0.392,0.482,0.8038,0.12696,0.03465,0.001116,0.052,0.106,0.128,0.15,0.192,0.452812,0.13786,0.004438,0.1282,0.372,0.474,0.556,0.668,0.12696,0.03465,0.001116,0.052,0.106,0.128,0.15,0.192,0.579772,0.14556,0.004686,0.1962,0.518,0.608,0.684,0.7798,0.43977,0.17604,0.005567,0.22195,0.318,0.396,0.5,0.9741,0.122516,0.04128,0.001305,0.0,0.104,0.128,0.148,0.192,0.437714,0.15696,0.004963,0.0259,0.3595,0.468,0.5525,0.668,0.122516,0.04128,0.001305,0.0,0.104,0.128,0.148,0.192,0.56023,0.17604,0.005567,0.0259,0.5,0.604,0.682,0.77805
21.75,0.413892,0.14442,0.004649,0.216,0.312,0.386,0.476,0.798,0.125405,0.03457,0.001113,0.0522,0.104,0.126,0.148,0.192,0.460703,0.13822,0.004449,0.1322,0.382,0.482,0.562,0.674,0.125405,0.03457,0.001113,0.0522,0.104,0.126,0.148,0.192,0.586108,0.14442,0.004649,0.202,0.524,0.614,0.688,0.784,0.433656,0.17582,0.00556,0.216,0.314,0.39,0.492,0.9741,0.121016,0.04105,0.001298,0.0,0.102,0.126,0.148,0.192,0.445328,0.158,0.004996,0.0259,0.364,0.476,0.5585,0.674,0.121016,0.04105,0.001298,0.0,0.102,0.126,0.148,0.192,0.566344,0.17582,0.00556,0.0259,0.508,0.61,0.686,0.784
22.0,0.407519,0.1434,0.004616,0.216,0.308,0.38,0.468,0.796,0.124048,0.03448,0.00111,0.0522,0.102,0.124,0.146,0.192,0.468433,0.13844,0.004457,0.136,0.39,0.49,0.568,0.6818,0.124048,0.03448,0.00111,0.0522,0.102,0.124,0.146,0.192,0.592481,0.1434,0.004616,0.204,0.532,0.62,0.692,0.784,0.427506,0.17571,0.005556,0.216,0.31,0.382,0.4825,0.9741,0.119706,0.04083,0.001291,0.0,0.1,0.123,0.146,0.192,0.452788,0.15892,0.005025,0.0259,0.376,0.482,0.566,0.68005,0.119706,0.04083,0.001291,0.0,0.1,0.123,0.146,0.192,0.572494,0.17571,0.005556,0.0259,0.5175,0.618,0.69,0.784
22.25,0.401337,0.14238,0.004583,0.212,0.302,0.374,0.462,0.7936,0.122504,0.03444,0.001109,0.0522,0.102,0.122,0.146,0.1918,0.47616,0.13835,0.004453,0.1422,0.398,0.498,0.576,0.686,0.122504,0.03444,0.001109,0.0522,0.102,0.122,0.146,0.1918,0.598663,0.14238,0.004583,0.2064,0.538,0.626,0.698,0.788,0.42154,0.17559,0.005553,0.212,0.304,0.377,0.4745,0.9741,0.118216,0.04065,0.001285,0.0,0.098,0.12,0.144,0.19005,0.460244,0.15958,0.005046,0.0259,0.386,0.492,0.5725,0.686,0.118216,0.04065,0.001285,0.0,0.098,0.12,0.144,0.19005,0.57846,0.17559,0.005553,0.0259,0.5255,0.623,0.696,0.788
22.5,0.395233,0.14136,0.00455,0.208,0.296,0.366,0.454,0.7876,0.121005,0.0345,0.00111,0.0522,0.1,0.12,0.144,0.188,0.483762,0.13826,0.004451,0.1444,0.406,0.506,0.584,0.6938,0.121005,0.0345,0.00111,0.0522,0.1,0.12,0.144,0.188,0.604767,0.14136,0.00455,0.2124,0.546,0.634,0.704,0.792,0.41565,0.17547,0.005549,0.208,0.2995,0.37,0.468,0.9741,0.11677,0.04054,0.001282,0.0,0.096,0.118,0.142,0.188,0.46758,0.16024,0.005067,0.0259,0.3955,0.5,0.582,0.69205,0.11677,0.04054,0.001282,0.0,0.096,0.118,0.142,0.188,0.58435,0.17547,0.005549,0.0259,0.532,0.63,0.7005,0.792
22.75,0.389436,0.14015,0.004512,0.206,0.294,0.36,0.446,0.7848,0.119492,0.03452,0.001111,0.0502,0.098,0.118,0.142,0.19,0.491072,0.13818,0.004448,0.154,0.416,0.512,0.592,0.6998,0.119492,0.03452,0.001111,0.0502,0.098,0.118,0.142,0.19,0.610564,0.14015,0.004512,0.2152,0.554,0.64,0.706,0.794,0.410056,0.1752,0.00554,0.206,0.294,0.364,0.458,0.9741,0.11531,0.04041,0.001278,0.0,0.094,0.116,0.142,0.19,0.474634,0.16089,0.005088,0.0259,0.402,0.508,0.588,0.69805,0.11531,0.04041,0.001278,0.0,0.094,0.116,0.142,0.19,0.589944,0.1752,0.00554,0.0259,0.542,0.636,0.706,0.794
23.0,0.383687,0.13887,0.00447,0.204,0.288,0.354,0.438,0.7752,0.117892,0.03441,0.001108,0.05,0.096,0.116,0.14,0.1898,0.498421,0.138,0.004442,0.156,0.424,0.522,0.598,0.7058,0.117892,0.03441,0.001108,0.05,0.096,0.116,0.14,0.1898,0.616313,0.13887,0.00447,0.2248,0.562,0.646,0.712,0.796,0.404508,0.17487,0.00553,0.204,0.29,0.358,0.452,0.9741,0.113766,0.04015,0.00127,0.0,0.092,0.114,0.14,0.18805,0.481726,0.16148,0.005106,0.0259,0.41,0.514,0.596,0.70405,0.113766,0.04015,0.00127,0.0,0.092,0.114,0.14,0.18805,0.595492,0.17487,0.00553,0.0259,0.548,0.642,0.71,0.796
23.25,0.378089,0.13762,0.00443,0.2022,0.284,0.348,0.43,0.7658,0.116369,0.0347,0.001117,0.052,0.094,0.114,0.14,0.1878,0.505542,0.13781,0.004436,0.1584,0.432,0.528,0.606,0.71,0.116369,0.0347,0.001117,0.052,0.094,0.114,0.14,0.1878,0.621911,0.13762,0.00443,0.2342,0.57,0.652,0.716,0.7978,0.399106,0.17456,0.00552,0.20395,0.286,0.352,0.444,0.9741,0.112296,0.04024,0.001273,0.0,0.09,0.112,0.138,0.18605,0.488598,0.16203,0.005124,0.0259,0.416,0.524,0.602,0.71,0.112296,0.04024,0.001273,0.0,0.09,0.112,0.138,0.18605,0.600894,0.17456,0.00552,0.0259,0.556,0.648,0.714,0.79605
23.5,0.372775,0.13631,0.004388,0.2002,0.28,0.342,0.422,0.7616,0.114377,0.03461,0.001114,0.05,0.09,0.112,0.138,0.186,0.512848,0.13779,0.004436,0.164,0.442,0.536,0.614,0.7158,0.114377,0.03461,0.001114,0.05,0.09,0.112,0.138,0.186,0.627225,0.13631,0.004388,0.2384,0.578,0.658,0.72,0.7998,0.393978,0.17419,0.005508,0.20195,0.282,0.346,0.438,0.9741,0.110374,0.03998,0.001264,0.0,0.088,0.11,0.138,0.186,0.495648,0.16276,0.005147,0.0259,0.424,0.53,0.6105,0.71405,0.110374,0.03998,0.001264,0.0,0.088,0.11,0.138,0.186,0.606022,0.17419,0.005508,0.0259,0.562,0.654,0.718,0.79805
23.75,0.367416,0.13499,0.004345,0.1962,0.276,0.336,0.416,0.7572,0.112783,0.03422,0.001102,0.048,0.09,0.11,0.136,0.182,0.519801,0.13748,0.004426,0.1702,0.45,0.542,0.62,0.7198,0.112783,0.03422,0.001102,0.048,0.09,0.11,0.136,0.182,0.632584,0.13499,0.004345,0.2428,0.584,0.664,0.724,0.8038,0.388806,0.17383,0.005497,0.19795,0.278,0.341,0.4305,0.9741,0.108836,0.0395,0.001249,0.0,0.086,0.109,0.134,0.182,0.502358,0.16322,0.005161,0.0259,0.434,0.538,0.618,0.71805,0.108836,0.0395,0.001249,0.0,0.086,0.109,0.134,0.182,0.611194,0.17383,0.005497,0.0259,0.5695,0.659,0.722,0.80205
24.0,0.362392,0.13378,0.004307,0.1942,0.272,0.332,0.412,0.7512,0.110607,0.03412,0.001098,0.0482,0.086,0.108,0.132,0.182,0.527001,0.13721,0.004417,0.174,0.458,0.548,0.626,0.7258,0.110607,0.03412,0.001098,0.0482,0.086,0.108,0.132,0.182,0.637608,0.13378,0.004307,0.2488,0.588,0.668,0.728,0.8058,0.383958,0.17353,0.005487,0.19595,0.276,0.336,0.426,0.9741,0.106736,0.0392,0.00124,0.0,0.084,0.106,0.132,0.182,0.509306,0.16375,0.005178,0.0259,0.442,0.544,0.624,0.72405,0.106736,0.0392,0.00124,0.0,0.084,0.106,0.132,0.182,0.616042,0.17353,0.005487,0.0259,0.574,0.664,0.724,0.80405
24.25,0.357451,0.13246,0.004264,0.192,0.27,0.328,0.406,0.7432,0.108508,0.03393,0.001092,0.048,0.084,0.106,0.13,0.18,0.534041,0.13659,0.004397,0.1764,0.468,0.558,0.634,0.7318,0.108508,0.03393,0.001092,0.048,0.084,0.106,0.13,0.18,0.642549,0.13246,0.004264,0.2568,0.594,0.672,0.73,0.808,0.37919,0.17314,0.005475,0.192,0.272,0.33,0.42,0.9741,0.10471,0.03884,0.001228,0.0,0.082,0.104,0.13,0.18,0.5161,0.16399,0.005186,0.0259,0.454,0.552,0.632,0.73005,0.10471,0.03884,0.001228,0.0,0.082,0.104,0.13,0.18,0.62081,0.17314,0.005475,0.0259,0.58,0.67,0.728,0.808
24.5,0.352363,0.13111,0.004221,0.1864,0.266,0.322,0.4,0.7318,0.106868,0.03431,0.001105,0.046,0.082,0.104,0.128,0.1798,0.540769,0.13617,0.004383,0.1822,0.478,0.566,0.638,0.7356,0.106868,0.03431,0.001105,0.046,0.082,0.104,0.128,0.1798,0.647637,0.13111,0.004221,0.2682,0.6,0.678,0.734,0.8136,0.37428,0.17277,0.005464,0.1899,0.268,0.326,0.412,0.9741,0.103128,0.03902,0.001234,0.0,0.08,0.104,0.128,0.17805,0.522592,0.16436,0.005198,0.0259,0.462,0.56,0.636,0.7321,0.103128,0.03902,0.001234,0.0,0.08,0.104,0.128,0.17805,0.62572,0.17277,0.005464,0.0259,0.588,0.674,0.732,0.8101
24.75,0.34783,0.12967,0.004174,0.186,0.264,0.318,0.392,0.7274,0.104765,0.03402,0.001095,0.048,0.08,0.102,0.128,0.174,0.547405,0.13566,0.004367,0.1882,0.484,0.572,0.644,0.742,0.104765,0.03402,0.001095,0.048,0.08,0.102,0.128,0.174,0.65217,0.12967,0.004174,0.2726,0.608,0.682,0.736,0.814,0.369906,0.17228,0.005448,0.186,0.266,0.322,0.408,0.9741,0.101098,0.03857,0.00122,0.0,0.078,0.1,0.126,0.174,0.528996,0.16467,0.005207,0.0259,0.4695,0.566,0.642,0.742,0.101098,0.03857,0.00122,0.0,0.078,0.1,0.126,0.174,0.630094,0.17228,0.005448,0.0259,0.592,0.678,0.734,0.814
25.0,0.34332,0.12827,0.004129,0.186,0.26,0.316,0.386,0.7196,0.102663,0.03383,0.001089,0.044,0.078,0.1,0.124,0.1738,0.554017,0.13517,0.004351,0.196,0.492,0.578,0.65,0.746,0.102663,0.03383,0.001089,0.044,0.078,0.1,0.124,0.1738,0.65668,0.12827,0.004129,0.2804,0.614,0.684,0.74,0.814,0.365554,0.17183,0.005434,0.186,0.2635,0.318,0.402,0.9741,0.09907,0.03822,0.001209,0.0,0.076,0.098,0.124,0.17205,0.535376,0.165,0.005218,0.0259,0.476,0.573,0.646,0.746,0.09907,0.03822,0.001209,0.0,0.076,0.098,0.124,0.17205,0.634446,0.17183,0.005434,0.0259,0.598,0.682,0.7365,0.814
25.25,0.338914,0.12686,0.004084,0.1822,0.256,0.312,0.384,0.7138,0.100812,0.03405,0.001096,0.044,0.076,0.098,0.122,0.17,0.560274,0.13454,0.004331,0.2024,0.5,0.586,0.654,0.75,0.100812,0.03405,0.001096,0.044,0.076,0.098,0.122,0.17,0.661086,0.12686,0.004084,0.2862,0.616,0.688,0.744,0.8178,0.361302,0.17137,0.005419,0.18395,0.2595,0.314,0.396,0.9741,0.097284,0.03824,0.001209,0.0,0.074,0.096,0.122,0.17,0.541414,0.16519,0.005224,0.0259,0.484,0.579,0.652,0.75,0.097284,0.03824,0.001209,0.0,0.074,0.096,0.122,0.17,0.638698,0.17137,0.005419,0.0259,0.604,0.686,0.7405,0.81605
25.5,0.33452,0.12542,0.004037,0.1782,0.252,0.308,0.376,0.7076,0.099018,0.03429,0.001104,0.042,0.074,0.096,0.12,0.172,0.566462,0.13366,0.004303,0.2084,0.506,0.592,0.66,0.7538,0.099018,0.03429,0.001104,0.042,0.074,0.096,0.12,0.172,0.66548,0.12542,0.004037,0.2924,0.624,0.692,0.748,0.8218,0.357062,0.1709,0.005404,0.17995,0.256,0.312,0.39,0.9741,0.095552,0.03829,0.001211,0.0,0.0715,0.094,0.12,0.172,0.547386,0.16519,0.005224,0.0259,0.4915,0.585,0.658,0.75205,0.095552,0.03829,0.001211,0.0,0.0715,0.094,0.12,0.172,0.642938,0.1709,0.005404,0.0259,0.61,0.688,0.744,0.82005
25.75,0.330298,0.12401,0.003992,0.178,0.252,0.304,0.372,0.696,0.097227,0.03426,0.001103,0.0402,0.072,0.092,0.118,0.17,0.572475,0.13299,0.004281,0.2182,0.514,0.598,0.666,0.7578,0.097227,0.03426,0.001103,0.0402,0.072,0.092,0.118,0.17,0.669702,0.12401,0.003992,0.304,0.628,0.696,0.748,0.822,0.352988,0.17045,0.00539,0.178,0.254,0.308,0.384,0.9741,0.093824,0.0381,0.001205,0.0,0.07,0.092,0.118,0.17,0.553188,0.16534,0.005229,0.0259,0.5015,0.592,0.662,0.75605,0.093824,0.0381,0.001205,0.0,0.07,0.092,0.118,0.17,0.647012,0.17045,0.00539,0.0259,0.616,0.692,0.746,0.822
26.0,0.326216,0.12256,0.003945,0.176,0.25,0.3,0.366,0.6858,0.095241,0.03417,0.0011,0.038,0.07,0.092,0.118,0.168,0.578543,0.13208,0.004252,0.2228,0.522,0.602,0.67,0.76,0.095241,0.03417,0.0011,0.038,0.07,0.092,0.118,0.168,0.673784,0.12256,0.003945,0.3142,0.634,0.7,0.75,0.824,0.349048,0.16996,0.005375,0.176,0.25,0.304,0.378,0.9741,0.091908,0.03786,0.001197,0.0,0.068,0.09,0.116,0.168,0.559044,0.16533,0.005228,0.0259,0.508,0.598,0.668,0.76,0.091908,0.03786,0.001197,0.0,0.068,0.09,0.116,0.168,0.650952,0.16996,0.005375,0.0259,0.622,0.696,0.75,0.824
26.25,0.322228,0.12131,0.003905,0.176,0.246,0.296,0.362,0.6796,0.093212,0.03402,0.001095,0.036,0.068,0.09,0.114,0.168,0.58456,0.13134,0.004228,0.2324,0.528,0.608,0.674,0.7658,0.093212,0.03402,0.001095,0.036,0.068,0.09,0.114,0.168,0.677772,0.12131,0.003905,0.3204,0.638,0.704,0.754,0.824,0.3452,0.16961,0.005364,0.176,0.248,0.3,0.374,0.9741,0.08995,0.03756,0.001188,0.0,0.066,0.088,0.114,0.168,0.56485,0.16544,0.005232,0.0259,0.514,0.604,0.674,0.76405,0.08995,0.03756,0.001188,0.0,0.066,0.088,0.114,0.168,0.6548,0.16961,0.005364,0.0259,0.626,0.7,0.752,0.824
26.5,0.318539,0.1201,0.003866,0.1742,0.244,0.294,0.358,0.6738,0.091225,0.03387,0.00109,0.036,0.066,0.086,0.112,0.166,0.590236,0.1305,0.004201,0.2366,0.534,0.616,0.68,0.768,0.091225,0.03387,0.00109,0.036,0.066,0.086,0.112,0.166,0.681461,0.1201,0.003866,0.3262,0.642,0.706,0.756,0.8258,0.34164,0.16927,0.005353,0.17595,0.246,0.296,0.368,0.9741,0.088032,0.03726,0.001178,0.0,0.064,0.086,0.112,0.166,0.570328,0.16546,0.005232,0.0259,0.522,0.61,0.678,0.768,0.088032,0.03726,0.001178,0.0,0.064,0.086,0.112,0.166,0.65836,0.16927,0.005353,0.0259,0.632,0.704,0.754,0.82405
26.75,0.314945,0.11873,0.003822,0.174,0.242,0.29,0.354,0.6696,0.089051,0.03359,0.001081,0.032,0.064,0.086,0.11,0.1618,0.596004,0.12954,0.00417,0.2482,0.542,0.622,0.684,0.77,0.089051,0.03359,0.001081,0.032,0.064,0.086,0.11,0.1618,0.685055,0.11873,0.003822,0.3304,0.646,0.71,0.758,0.826,0.338172,0.16881,0.005338,0.174,0.244,0.292,0.362,0.9741,0.085934,0.03684,0.001165,0.0,0.062,0.084,0.108,0.16005,0.575894,0.16541,0.005231,0.0259,0.528,0.616,0.6825,0.77,0.085934,0.03684,0.001165,0.0,0.062,0.084,0.108,0.16005,0.661828,0.16881,0.005338,0.0259,0.638,0.708,0.756,0.826
27.0,0.311422,0.11742,0.00378,0.172,0.238,0.286,0.35,0.66,0.087026,0.03348,0.001078,0.032,0.062,0.084,0.108,0.16,0.601552,0.12868,0.004142,0.2524,0.548,0.628,0.69,0.772,0.087026,0.03348,0.001078,0.032,0.062,0.084,0.108,0.16,0.688578,0.11742,0.00378,0.34,0.65,0.714,0.762,0.828,0.334772,0.1684,0.005325,0.172,0.24,0.29,0.358,0.9741,0.08398,0.03657,0.001157,0.0,0.06,0.082,0.106,0.16,0.581248,0.16541,0.005231,0.0259,0.536,0.622,0.688,0.772,0.08398,0.03657,0.001157,0.0,0.06,0.082,0.106,0.16,0.665228,0.1684,0.005325,0.0259,0.642,0.71,0.76,0.828
27.25,0.308037,0.11616,0.003739,0.172,0.238,0.282,0.346,0.6518,0.085109,0.03321,0.001069,0.0302,0.06,0.082,0.104,0.158,0.606854,0.12779,0.004114,0.2564,0.554,0.634,0.694,0.7778,0.085109,0.03321,0.001069,0.0302,0.06,0.082,0.104,0.158,0.691963,0.11616,0.003739,0.3482,0.654,0.718,0.762,0.828,0.331506,0.16801,0.005313,0.172,0.238,0.286,0.3525,0.9741,0.08213,0.03618,0.001144,0.0,0.058,0.08,0.104,0.158,0.586364,0.16538,0.00523,0.0259,0.544,0.628,0.692,0.77605,0.08213,0.03618,0.001144,0.0,0.058,0.08,0.104,0.158,0.668494,0.16801,0.005313,0.0259,0.6475,0.714,0.762,0.828
27.5,0.304642,0.11467,0.003691,0.17,0.236,0.28,0.34,0.6418,0.08327,0.03299,0.001062,0.03,0.058,0.08,0.102,0.1558,0.612087,0.12675,0.00408,0.2592,0.56,0.636,0.698,0.7798,0.08327,0.03299,0.001062,0.03,0.058,0.08,0.102,0.1558,0.695358,0.11467,0.003691,0.3582,0.66,0.72,0.764,0.83,0.32823,0.16748,0.005296,0.17,0.236,0.282,0.35,0.9741,0.080356,0.03585,0.001134,0.0,0.056,0.078,0.102,0.15405,0.591414,0.16523,0.005225,0.0259,0.55,0.632,0.6965,0.77805,0.080356,0.03585,0.001134,0.0,0.056,0.078,0.102,0.15405,0.67177,0.16748,0.005296,0.0259,0.65,0.718,0.764,0.83
27.75,0.301416,0.11314,0.003642,0.168,0.234,0.278,0.336,0.6332,0.081183,0.03279,0.001055,0.028,0.056,0.076,0.1,0.154,0.617401,0.12572,0.004047,0.2614,0.57,0.642,0.704,0.782,0.081183,0.03279,0.001055,0.028,0.056,0.076,0.1,0.154,0.698584,0.11314,0.003642,0.3668,0.664,0.722,0.766,0.832,0.325116,0.16691,0.005278,0.168,0.234,0.28,0.344,0.9741,0.078342,0.0355,0.001123,0.0,0.056,0.076,0.1,0.154,0.596542,0.16512,0.005222,0.0259,0.558,0.638,0.702,0.782,0.078342,0.0355,0.001123,0.0,0.056,0.076,0.1,0.154,0.674884,0.16691,0.005278,0.0259,0.656,0.72,0.766,0.832
28.0,0.298278,0.11187,0.003601,0.166,0.232,0.274,0.33,0.6292,0.079206,0.03264,0.001051,0.028,0.056,0.074,0.098,0.152,0.622516,0.12474,0.004016,0.2658,0.574,0.646,0.708,0.7858,0.079206,0.03264,0.001051,0.028,0.056,0.074,0.098,0.152,0.701722,0.11187,0.003601,0.3708,0.67,0.726,0.768,0.834,0.322088,0.16652,0.005266,0.166,0.232,0.278,0.34,0.9741,0.076434,0.03521,0.001113,0.0,0.054,0.073,0.096,0.152,0.601478,0.16503,0.005219,0.0259,0.562,0.642,0.706,0.78405,0.076434,0.03521,0.001113,0.0,0.054,0.073,0.096,0.152,0.677912,0.16652,0.005266,0.0259,0.66,0.722,0.768,0.834
28.25,0.295393,0.11057,0.003559,0.1642,0.23,0.272,0.326,0.6192,0.077246,0.03236,0.001042,0.026,0.054,0.072,0.096,0.1518,0.627362,0.12381,0.003986,0.2714,0.582,0.652,0.71,0.788,0.077246,0.03236,0.001042,0.026,0.054,0.072,0.096,0.1518,0.704607,0.11057,0.003559,0.3808,0.674,0.728,0.77,0.8358,0.319304,0.16608,0.005252,0.16595,0.23,0.276,0.336,0.9741,0.074542,0.03482,0.001101,0.0,0.05,0.07,0.096,0.15005,0.606154,0.16495,0.005216,0.0259,0.568,0.648,0.71,0.788,0.074542,0.03482,0.001101,0.0,0.05,0.07,0.096,0.15005,0.680696,0.16608,0.005252,0.0259,0.664,0.724,0.77,0.83405
28.5,0.292462,0.10928,0.003518,0.164,0.226,0.27,0.324,0.6114,0.07542,0.03204,0.001031,0.0262,0.052,0.07,0.094,0.1498,0.632118,0.12286,0.003955,0.2792,0.586,0.656,0.714,0.79,0.07542,0.03204,0.001031,0.0262,0.052,0.07,0.094,0.1498,0.707538,0.10928,0.003518,0.3886,0.676,0.73,0.774,0.836,0.316476,0.16566,0.005239,0.164,0.228,0.272,0.334,0.9741,0.07278,0.03439,0.001088,0.0,0.05,0.07,0.094,0.14805,0.610744,0.16486,0.005213,0.0259,0.574,0.652,0.712,0.79,0.07278,0.03439,0.001088,0.0,0.05,0.07,0.094,0.14805,0.683524,0.16566,0.005239,0.0259,0.666,0.728,0.772,0.836
28.75,0.289662,0.10797,0.003476,0.162,0.226,0.266,0.32,0.6058,0.073577,0.03182,0.001024,0.026,0.05,0.068,0.092,0.146,0.636761,0.12182,0.003922,0.2884,0.592,0.66,0.718,0.792,0.073577,0.03182,0.001024,0.026,0.05,0.068,0.092,0.146,0.710338,0.10797,0.003476,0.3942,0.68,0.734,0.774,0.838,0.313774,0.16523,0.005225,0.162,0.226,0.27,0.3305,0.9741,0.071002,0.03406,0.001077,0.0,0.048,0.068,0.0905,0.146,0.615224,0.1647,0.005208,0.0259,0.58,0.656,0.714,0.792,0.071002,0.03406,0.001077,0.0,0.048,0.068,0.0905,0.146,0.686226,0.16523,0.005225,0.0259,0.6695,0.73,0.774,0.838
29.0,0.286858,0.10673,0.003436,0.162,0.222,0.264,0.316,0.5978,0.071795,0.03156,0.001016,0.024,0.048,0.066,0.09,0.144,0.641347,0.12067,0.003885,0.296,0.596,0.666,0.72,0.792,0.071795,0.03156,0.001016,0.024,0.048,0.066,0.09,0.144,0.713142,0.10673,0.003436,0.4022,0.684,0.736,0.778,0.838,0.311068,0.16484,0.005213,0.162,0.224,0.268,0.328,0.9741,0.069282,0.0337,0.001066,0.0,0.046,0.066,0.09,0.144,0.61965,0.16447,0.005201,0.0259,0.584,0.66,0.718,0.792,0.069282,0.0337,0.001066,0.0,0.046,0.066,0.09,0.144,0.688932,0.16484,0.005213,0.0259,0.672,0.732,0.776,0.838
29.25,0.284068,0.10538,0.003392,0.162,0.222,0.262,0.314,0.5878,0.070257,0.03159,0.001017,0.0222,0.046,0.066,0.088,0.142,0.645675,0.11978,0.003856,0.3026,0.602,0.67,0.724,0.7958,0.070257,0.03159,0.001017,0.0222,0.046,0.066,0.088,0.142,0.715932,0.10538,0.003392,0.4122,0.686,0.738,0.778,0.838,0.308376,0.1644,0.005199,0.162,0.222,0.264,0.322,0.9741,0.067798,0.03361,0.001063,0.0,0.044,0.064,0.0865,0.142,0.623826,0.16439,0.005199,0.0259,0.59,0.664,0.7205,0.79405,0.067798,0.03361,0.001063,0.0,0.044,0.064,0.0865,0.142,0.691624,0.1644,0.005199,0.0259,0.678,0.736,0.778,0.838
29.5,0.281405,0.10386,0.003343,0.16,0.218,0.26,0.31,0.5796,0.068717,0.0316,0.001017,0.022,0.046,0.064,0.088,0.142,0.649878,0.1187,0.003821,0.3064,0.606,0.674,0.728,0.798,0.068717,0.0316,0.001017,0.022,0.046,0.064,0.088,0.142,0.718595,0.10386,0.003343,0.4204,0.69,0.74,0.782,0.84,0.305806,0.16385,0.005181,0.16,0.2215,0.264,0.318,0.9741,0.066312,0.03351,0.00106,0.0,0.0435,0.062,0.086,0.142,0.627882,0.16418,0.005192,0.0259,0.594,0.668,0.724,0.798,0.066312,0.03351,0.00106,0.0,0.0435,0.062,0.086,0.142,0.694194,0.16385,0.005181,0.0259,0.682,0.736,0.7785,0.84
29.75,0.278931,0.10256,0.003301,0.16,0.218,0.258,0.308,0.5716,0.066978,0.03111,0.001001,0.022,0.044,0.062,0.086,0.138,0.654091,0.11746,0.003781,0.3142,0.612,0.678,0.73,0.8018,0.066978,0.03111,0.001001,0.022,0.044,0.062,0.086,0.138,0.721069,0.10256,0.003301,0.4284,0.692,0.742,0.782,0.84,0.303418,0.16341,0.005168,0.16,0.22,0.262,0.314,0.9741,0.064634,0.03295,0.001042,0.0,0.042,0.06,0.084,0.138,0.631948,0.16386,0.005182,0.0259,0.598,0.672,0.728,0.80005,0.064634,0.03295,0.001042,0.0,0.042,0.06,0.084,0.138,0.696582,0.16341,0.005168,0.0259,0.686,0.738,0.78,0.84
30.0,0.276446,0.10127,0.00326,0.1582,0.216,0.256,0.304,0.5634,0.06521,0.03089,0.000994,0.02,0.042,0.06,0.082,0.1418,0.658344,0.11615,0.003739,0.3202,0.618,0.682,0.734,0.8038,0.06521,0.03089,0.000994,0.02,0.042,0.06,0.082,0.1418,0.723554,0.10127,0.00326,0.4366,0.696,0.744,0.784,0.8418,0.30102,0.163,0.005154,0.15995,0.218,0.259,0.3105,0.9741,0.062928,0.03263,0.001032,0.0,0.042,0.058,0.082,0.14005,0.636052,0.16352,0.005171,0.0259,0.606,0.678,0.73,0.80205,0.062928,0.03263,0.001032,0.0,0.042,0.058,0.082,0.14005,0.69898,0.163,0.005154,0.0259,0.6895,0.741,0.782,0.84005
30.25,0.274141,0.10018,0.003225,0.1562,0.214,0.254,0.302,0.5534,0.063507,0.03069,0.000988,0.02,0.042,0.058,0.08,0.1398,0.662352,0.11504,0.003703,0.3284,0.622,0.686,0.736,0.804,0.063507,0.03069,0.000988,0.02,0.042,0.058,0.08,0.1398,0.725859,0.10018,0.003225,0.4466,0.698,0.746,0.786,0.8438,0.298796,0.16268,0.005144,0.15795,0.2155,0.256,0.308,0.9741,0.061284,0.03233,0.001022,0.0,0.04,0.056,0.08,0.13805,0.63992,0.16329,0.005164,0.0259,0.61,0.682,0.734,0.804,0.061284,0.03233,0.001022,0.0,0.04,0.056,0.08,0.13805,0.701204,0.16268,0.005144,0.0259,0.692,0.744,0.7845,0.84205
30.5,0.271882,0.09893,0.003185,0.1542,0.212,0.252,0.298,0.5416,0.061959,0.03046,0.000981,0.02,0.04,0.056,0.078,0.1338,0.66616,0.11402,0.00367,0.3324,0.628,0.69,0.738,0.8078,0.061959,0.03046,0.000981,0.02,0.04,0.056,0.078,0.1338,0.728118,0.09893,0.003185,0.4584,0.702,0.748,0.788,0.8458,0.296616,0.16228,0.005132,0.15595,0.214,0.254,0.306,0.9741,0.05979,0.03202,0.001013,0.0,0.038,0.054,0.078,0.13205,0.643594,0.16311,0.005158,0.0259,0.616,0.686,0.7365,0.80605,0.05979,0.03202,0.001013,0.0,0.038,0.054,0.078,0.13205,0.703384,0.16228,0.005132,0.0259,0.694,0.746,0.786,0.84405
30.75,0.269702,0.09775,0.003147,0.1542,0.21,0.25,0.298,0.5338,0.060419,0.03012,0.00097,0.0162,0.038,0.054,0.078,0.132,0.66988,0.11282,0.003632,0.344,0.634,0.692,0.742,0.808,0.060419,0.03012,0.00097,0.0162,0.038,0.054,0.078,0.132,0.730298,0.09775,0.003147,0.4662,0.702,0.75,0.79,0.8458,0.294512,0.16191,0.00512,0.15595,0.214,0.252,0.304,0.9741,0.058304,0.03161,0.000999,0.0,0.0375,0.054,0.076,0.132,0.647184,0.1628,0.005148,0.0259,0.622,0.69,0.74,0.808,0.058304,0.03161,0.000999,0.0,0.0375,0.054,0.076,0.132,0.705488,0.16191,0.00512,0.0259,0.696,0.748,0.786,0.84405
31.0,0.267542,0.09664,0.003111,0.1522,0.21,0.248,0.296,0.5274,0.058906,0.02983,0.00096,0.016,0.038,0.052,0.074,0.1318,0.673552,0.11154,0.00359,0.352,0.638,0.696,0.744,0.81,0.058906,0.02983,0.00096,0.016,0.038,0.052,0.074,0.1318,0.732458,0.09664,0.003111,0.4726,0.704,0.752,0.79,0.8478,0.292428,0.16159,0.00511,0.15395,0.2115,0.25,0.3,0.9741,0.056844,0.03124,0.000988,0.0,0.036,0.052,0.072,0.13005,0.650728,0.16244,0.005137,0.0259,0.628,0.692,0.742,0.81,0.056844,0.03124,0.000988,0.0,0.036,0.052,0.072,0.13005,0.707572,0.16159,0.00511,0.0259,0.7,0.75,0.7885,0.84605
31.25,0.265436,0.09552,0.003075,0.1522,0.208,0.246,0.292,0.516,0.057389,0.02978,0.000959,0.016,0.036,0.052,0.072,0.1334,0.677175,0.11041,0.003554,0.3602,0.642,0.698,0.746,0.812,0.057389,0.02978,0.000959,0.016,0.036,0.052,0.072,0.1334,0.734564,0.09552,0.003075,0.484,0.708,0.754,0.792,0.8478,0.290396,0.16126,0.005099,0.15395,0.21,0.25,0.298,0.9741,0.05538,0.03109,0.000983,0.0,0.034,0.05,0.072,0.12815,0.654224,0.16219,0.005129,0.0259,0.632,0.696,0.744,0.812,0.05538,0.03109,0.000983,0.0,0.034,0.05,0.072,0.12815,0.709604,0.16126,0.005099,0.0259,0.702,0.75,0.79,0.84605
31.5,0.263492,0.09444,0.00304,0.152,0.206,0.246,0.29,0.5118,0.055938,0.02964,0.000954,0.014,0.034,0.05,0.072,0.1316,0.68057,0.10944,0.003523,0.3704,0.646,0.702,0.748,0.812,0.055938,0.02964,0.000954,0.014,0.034,0.05,0.072,0.1316,0.736508,0.09444,0.00304,0.4882,0.71,0.754,0.794,0.848,0.28852,0.16093,0.005089,0.152,0.208,0.246,0.296,0.9741,0.05398,0.03088,0.000977,0.0,0.032,0.048,0.07,0.1281,0.6575,0.16202,0.005124,0.0259,0.636,0.7,0.748,0.812,0.05398,0.03088,0.000977,0.0,0.032,0.048,0.07,0.1281,0.71148,0.16093,0.005089,0.0259,0.704,0.754,0.792,0.848
31.75,0.261534,0.09345,0.003008,0.1502,0.206,0.244,0.288,0.5058,0.054439,0.0293,0.000943,0.014,0.034,0.048,0.07,0.128,0.684027,0.10831,0.003487,0.3784,0.648,0.704,0.752,0.8138,0.054439,0.0293,0.000943,0.014,0.034,0.048,0.07,0.128,0.738466,0.09345,0.003008,0.4942,0.712,0.756,0.794,0.8498,0.28663,0.16067,0.005081,0.15195,0.2075,0.246,0.294,0.9741,0.052534,0.03047,0.000964,0.0,0.032,0.047,0.068,0.128,0.660836,0.16176,0.005115,0.0259,0.64,0.702,0.7485,0.81205,0.052534,0.03047,0.000964,0.0,0.032,0.047,0.068,0.128,0.71337,0.16067,0.005081,0.0259,0.706,0.754,0.7925,0.84805
32.0,0.259627,0.09233,0.002972,0.15,0.204,0.242,0.284,0.4994,0.053076,0.02915,0.000938,0.012,0.032,0.046,0.068,0.1278,0.687297,0.10734,0.003455,0.3882,0.652,0.708,0.754,0.8158,0.053076,0.02915,0.000938,0.012,0.032,0.046,0.068,0.1278,0.740373,0.09233,0.002972,0.5006,0.716,0.758,0.796,0.85,0.28479,0.16033,0.00507,0.15,0.206,0.244,0.292,0.9741,0.051218,0.03025,0.000957,0.0,0.03,0.046,0.066,0.12605,0.663992,0.1616,0.00511,0.0259,0.644,0.706,0.752,0.81405,0.051218,0.03025,0.000957,0.0,0.03,0.046,0.066,0.12605,0.71521,0.16033,0.00507,0.0259,0.708,0.756,0.794,0.85
32.25,0.257716,0.09119,0.002935,0.15,0.202,0.24,0.284,0.4878,0.051793,0.02899,0.000933,0.012,0.032,0.046,0.066,0.126,0.690491,0.10626,0.003421,0.396,0.656,0.712,0.756,0.818,0.051793,0.02899,0.000933,0.012,0.032,0.046,0.066,0.126,0.742284,0.09119,0.002935,0.5122,0.716,0.76,0.798,0.85,0.282946,0.15999,0.005059,0.15,0.204,0.242,0.29,0.9741,0.04998,0.03003,0.00095,0.0,0.03,0.044,0.066,0.126,0.667074,0.16135,0.005102,0.0259,0.648,0.709,0.754,0.818,0.04998,0.03003,0.00095,0.0,0.03,0.044,0.066,0.126,0.717054,0.15999,0.005059,0.0259,0.71,0.758,0.796,0.85
32.5,0.255853,0.0901,0.0029,0.15,0.202,0.238,0.28,0.4778,0.050458,0.0287,0.000924,0.012,0.03,0.044,0.064,0.126,0.693689,0.10507,0.003382,0.4022,0.662,0.714,0.758,0.8218,0.050458,0.0287,0.000924,0.012,0.03,0.044,0.064,0.126,0.744147,0.0901,0.0029,0.5222,0.72,0.762,0.798,0.85,0.281148,0.15968,0.00505,0.15,0.204,0.242,0.288,0.9741,0.048692,0.02968,0.000939,0.0,0.028,0.042,0.064,0.126,0.67016,0.16105,0.005093,0.0259,0.652,0.712,0.756,0.82005,0.048692,0.02968,0.000939,0.0,0.028,0.042,0.064,0.126,0.718852,0.15968,0.00505,0.0259,0.712,0.758,0.796,0.85
32.75,0.25417,0.08909,0.002868,0.15,0.202,0.238,0.28,0.47,0.049036,0.02838,0.000914,0.01,0.03,0.042,0.064,0.124,0.696794,0.10404,0.003349,0.414,0.666,0.718,0.76,0.824,0.049036,0.02838,0.000914,0.01,0.03,0.042,0.064,0.124,0.74583,0.08909,0.002868,0.53,0.72,0.762,0.798,0.85,0.279524,0.15939,0.00504,0.15,0.202,0.24,0.284,0.9741,0.04732,0.0293,0.000926,0.0,0.028,0.042,0.062,0.124,0.673156,0.16084,0.005086,0.0259,0.656,0.714,0.758,0.824,0.04732,0.0293,0.000926,0.0,0.028,0.042,0.062,0.124,0.720476,0.15939,0.00504,0.0259,0.716,0.76,0.798,0.85
33.0,0.252495,0.08805,0.002835,0.148,0.2,0.236,0.278,0.466,0.047716,0.02805,0.000903,0.01,0.028,0.042,0.062,0.12,0.699789,0.10296,0.003314,0.418,0.67,0.72,0.762,0.824,0.047716,0.02805,0.000903,0.01,0.028,0.042,0.062,0.12,0.747505,0.08805,0.002835,0.534,0.722,0.764,0.8,0.852,0.277908,0.15909,0.005031,0.148,0.202,0.238,0.282,0.9741,0.046046,0.02892,0.000914,0.0,0.026,0.04,0.062,0.12,0.676046,0.1606,0.005079,0.0259,0.66,0.716,0.76,0.824,0.046046,0.02892,0.000914,0.0,0.026,0.04,0.062,0.12,0.722092,0.15909,0.005031,0.0259,0.718,0.762,0.798,0.852
33.25,0.250933,0.08707,0.002803,0.148,0.2,0.234,0.276,0.4636,0.046396,0.02787,0.000897,0.01,0.026,0.04,0.06,0.118,0.702672,0.1019,0.00328,0.4248,0.672,0.722,0.764,0.8258,0.046396,0.02787,0.000897,0.01,0.026,0.04,0.06,0.118,0.749067,0.08707,0.002803,0.5364,0.724,0.766,0.8,0.852,0.2764,0.15881,0.005022,0.148,0.2,0.238,0.282,0.9741,0.044772,0.02868,0.000907,0.0,0.026,0.038,0.058,0.118,0.678828,0.16036,0.005071,0.0259,0.664,0.72,0.762,0.82405,0.044772,0.02868,0.000907,0.0,0.026,0.038,0.058,0.118,0.7236,0.15881,0.005022,0.0259,0.718,0.762,0.8,0.852
33.5,0.249335,0.08613,0.002773,0.1462,0.198,0.234,0.274,0.4608,0.045188,0.02762,0.000889,0.01,0.026,0.038,0.058,0.1178,0.705478,0.10091,0.003248,0.4288,0.676,0.724,0.766,0.826,0.045188,0.02762,0.000889,0.01,0.026,0.038,0.058,0.1178,0.750665,0.08613,0.002773,0.5392,0.726,0.766,0.802,0.8538,0.274858,0.15857,0.005014,0.14795,0.2,0.236,0.28,0.9741,0.043606,0.02838,0.000897,0.0,0.024,0.038,0.058,0.11605,0.681536,0.16016,0.005065,0.0259,0.668,0.722,0.764,0.826,0.043606,0.02838,0.000897,0.0,0.024,0.038,0.058,0.11605,0.725142,0.15857,0.005014,0.0259,0.72,0.764,0.8,0.85205
33.75,0.247789,0.08514,0.002741,0.1462,0.198,0.232,0.272,0.4516,0.043996,0.02733,0.00088,0.01,0.026,0.038,0.056,0.116,0.708216,0.09985,0.003214,0.4388,0.678,0.728,0.768,0.828,0.043996,0.02733,0.00088,0.01,0.026,0.038,0.056,0.116,0.752211,0.08514,0.002741,0.5484,0.728,0.768,0.802,0.8538,0.273366,0.15829,0.005005,0.14795,0.198,0.234,0.28,0.9741,0.042456,0.02804,0.000887,0.0,0.024,0.036,0.056,0.116,0.684178,0.15991,0.005057,0.0259,0.672,0.724,0.766,0.828,0.042456,0.02804,0.000887,0.0,0.024,0.036,0.056,0.116,0.726634,0.15829,0.005005,0.0259,0.72,0.766,0.802,0.85205
34.0,0.246375,0.08415,0.002709,0.1462,0.196,0.232,0.272,0.4456,0.042808,0.02704,0.00087,0.008,0.024,0.036,0.054,0.1158,0.710817,0.09876,0.003179,0.4446,0.68,0.73,0.77,0.8298,0.042808,0.02704,0.00087,0.008,0.024,0.036,0.054,0.1158,0.753625,0.08415,0.002709,0.5544,0.728,0.768,0.804,0.8538,0.272002,0.158,0.004996,0.14795,0.198,0.234,0.278,0.9741,0.04131,0.0277,0.000876,0.0,0.022,0.036,0.054,0.11405,0.686688,0.15964,0.005048,0.0259,0.676,0.728,0.768,0.82805,0.04131,0.0277,0.000876,0.0,0.022,0.036,0.054,0.11405,0.727998,0.158,0.004996,0.0259,0.722,0.766,0.802,0.85205
34.25,0.244949,0.08313,0.002676,0.1462,0.194,0.23,0.27,0.4376,0.041648,0.02684,0.000864,0.008,0.022,0.036,0.054,0.1118,0.713403,0.0978,0.003148,0.4582,0.684,0.732,0.772,0.83,0.041648,0.02684,0.000864,0.008,0.022,0.036,0.054,0.1118,0.755051,0.08313,0.002676,0.5624,0.73,0.77,0.806,0.8538,0.270626,0.1577,0.004987,0.14795,0.196,0.232,0.276,0.9741,0.04019,0.02746,0.000868,0.0,0.022,0.034,0.052,0.11005,0.689184,0.15945,0.005042,0.0259,0.678,0.73,0.77,0.83,0.04019,0.02746,0.000868,0.0,0.022,0.034,0.052,0.11005,0.729374,0.1577,0.004987,0.0259,0.724,0.768,0.804,0.85205
34.5,0.243583,0.08214,0.002644,0.1462,0.194,0.23,0.27,0.4318,0.040346,0.02637,0.000849,0.008,0.022,0.034,0.052,0.112,0.71607,0.09674,0.003114,0.461,0.688,0.734,0.774,0.832,0.040346,0.02637,0.000849,0.008,0.022,0.034,0.052,0.112,0.756417,0.08214,0.002644,0.5682,0.73,0.77,0.806,0.8538,0.269308,0.15742,0.004978,0.14795,0.196,0.232,0.276,0.9741,0.038934,0.02694,0.000852,0.0,0.02,0.034,0.052,0.112,0.691758,0.15921,0.005035,0.0259,0.68,0.732,0.772,0.832,0.038934,0.02694,0.000852,0.0,0.02,0.034,0.052,0.112,0.730692,0.15742,0.004978,0.0259,0.724,0.768,0.804,0.85205
34.75,0.242257,0.08129,0.002617,0.146,0.194,0.228,0.268,0.4298,0.039252,0.02584,0.000832,0.008,0.022,0.034,0.05,0.112,0.718491,0.09561,0.003078,0.4704,0.69,0.736,0.776,0.834,0.039252,0.02584,0.000832,0.008,0.022,0.034,0.05,0.112,0.757743,0.08129,0.002617,0.5702,0.732,0.772,0.806,0.854,0.268028,0.1572,0.004971,0.146,0.194,0.23,0.274,0.9741,0.037878,0.02639,0.000835,0.0,0.02,0.032,0.048,0.112,0.694094,0.15891,0.005025,0.0259,0.684,0.734,0.774,0.834,0.037878,0.02639,0.000835,0.0,0.02,0.032,0.048,0.112,0.731972,0.1572,0.004971,0.0259,0.726,0.77,0.806,0.854
35.0,0.241065,0.08053,0.002592,0.146,0.192,0.228,0.268,0.4296,0.038027,0.02527,0.000814,0.008,0.02,0.032,0.05,0.108,0.720908,0.0945,0.003042,0.4714,0.694,0.74,0.778,0.8358,0.038027,0.02527,0.000814,0.008,0.02,0.032,0.05,0.108,0.758935,0.08053,0.002592,0.5704,0.732,0.772,0.808,0.854,0.266878,0.15701,0.004965,0.146,0.194,0.23,0.2725,0.9741,0.036696,0.02579,0.000816,0.0,0.02,0.032,0.048,0.108,0.696426,0.15863,0.005016,0.0259,0.686,0.736,0.776,0.83405,0.036696,0.02579,0.000816,0.0,0.02,0.032,0.048,0.108,0.733122,0.15701,0.004965,0.0259,0.7275,0.77,0.806,0.854
35.25,0.239923,0.0798,0.002569,0.1442,0.192,0.228,0.266,0.4254,0.036773,0.02489,0.000801,0.006,0.02,0.03,0.048,0.1058,0.723304,0.09353,0.003011,0.4756,0.696,0.742,0.778,0.836,0.036773,0.02489,0.000801,0.006,0.02,0.03,0.048,0.1058,0.760077,0.0798,0.002569,0.5746,0.734,0.772,0.808,0.8558,0.265776,0.15683,0.004959,0.14595,0.192,0.23,0.2705,0.9741,0.035486,0.02536,0.000802,0.0,0.018,0.03,0.046,0.10405,0.698738,0.15843,0.00501,0.0259,0.69,0.74,0.778,0.836,0.035486,0.02536,0.000802,0.0,0.018,0.03,0.046,0.10405,0.734224,0.15683,0.004959,0.0259,0.7295,0.77,0.808,0.85405
35.5,0.238781,0.07885,0.002538,0.144,0.19,0.226,0.264,0.4178,0.035627,0.02468,0.000794,0.006,0.02,0.03,0.044,0.1038,0.725592,0.09265,0.002983,0.4846,0.7,0.744,0.782,0.8378,0.035627,0.02468,0.000794,0.006,0.02,0.03,0.044,0.1038,0.761219,0.07885,0.002538,0.5822,0.736,0.774,0.81,0.856,0.264674,0.15655,0.00495,0.144,0.192,0.228,0.27,0.9741,0.03438,0.02511,0.000794,0.0,0.018,0.028,0.044,0.10205,0.700946,0.15828,0.005005,0.0259,0.692,0.742,0.78,0.83605,0.03438,0.02511,0.000794,0.0,0.018,0.028,0.044,0.10205,0.735326,0.15655,0.00495,0.0259,0.73,0.772,0.808,0.856
35.75,0.237666,0.07819,0.002517,0.142,0.19,0.224,0.264,0.4118,0.03463,0.02416,0.000778,0.006,0.018,0.028,0.044,0.1,0.727704,0.0917,0.002952,0.4894,0.702,0.746,0.782,0.8418,0.03463,0.02416,0.000778,0.006,0.018,0.028,0.044,0.1,0.762334,0.07819,0.002517,0.5882,0.736,0.776,0.81,0.858,0.263598,0.15641,0.004946,0.142,0.192,0.228,0.2685,0.9741,0.033418,0.02457,0.000777,0.0,0.0175,0.028,0.044,0.1,0.702984,0.15806,0.004998,0.0259,0.694,0.744,0.782,0.84005,0.033418,0.02457,0.000777,0.0,0.0175,0.028,0.044,0.1,0.736402,0.15641,0.004946,0.0259,0.7315,0.772,0.808,0.858
36.0,0.236613,0.07748,0.002494,0.142,0.19,0.224,0.262,0.4098,0.033675,0.02385,0.000768,0.006,0.018,0.028,0.042,0.0998,0.729712,0.09084,0.002924,0.4972,0.704,0.748,0.784,0.842,0.033675,0.02385,0.000768,0.006,0.018,0.028,0.042,0.0998,0.763387,0.07748,0.002494,0.5902,0.738,0.776,0.81,0.858,0.262582,0.15624,0.004941,0.142,0.19,0.226,0.268,0.9741,0.032496,0.02423,0.000766,0.0,0.016,0.028,0.042,0.09805,0.704922,0.15789,0.004993,0.0259,0.698,0.746,0.782,0.842,0.032496,0.02423,0.000766,0.0,0.016,0.028,0.042,0.09805,0.737418,0.15624,0.004941,0.0259,0.732,0.774,0.81,0.858
36.25,0.235552,0.0767,0.002469,0.142,0.188,0.222,0.26,0.406,0.032589,0.0234,0.000753,0.004,0.016,0.028,0.04,0.098,0.731859,0.08994,0.002895,0.503,0.706,0.75,0.786,0.844,0.032589,0.0234,0.000753,0.004,0.016,0.028,0.04,0.098,0.764448,0.0767,0.002469,0.594,0.74,0.778,0.812,0.858,0.261558,0.15604,0.004934,0.142,0.19,0.226,0.266,0.9741,0.031448,0.02375,0.000751,0.0,0.016,0.026,0.04,0.098,0.706994,0.15772,0.004987,0.0259,0.7,0.746,0.7845,0.844,0.031448,0.02375,0.000751,0.0,0.016,0.026,0.04,0.098,0.738442,0.15604,0.004934,0.0259,0.734,0.774,0.81,0.858
36.5,0.234533,0.07587,0.002442,0.14,0.188,0.222,0.26,0.404,0.031602,0.02322,0.000747,0.004,0.016,0.026,0.04,0.096,0.733865,0.089,0.002865,0.5034,0.708,0.75,0.788,0.846,0.031602,0.02322,0.000747,0.004,0.016,0.026,0.04,0.096,0.765467,0.07587,0.002442,0.596,0.74,0.778,0.812,0.86,0.260574,0.15581,0.004927,0.14,0.19,0.224,0.266,0.9741,0.030496,0.02354,0.000744,0.0,0.014,0.026,0.0385,0.096,0.70893,0.15751,0.004981,0.0259,0.702,0.748,0.786,0.846,0.030496,0.02354,0.000744,0.0,0.014,0.026,0.0385,0.096,0.739426,0.15581,0.004927,0.0259,0.734,0.776,0.81,0.86
36.75,0.233511,0.07492,0.002412,0.14,0.188,0.222,0.258,0.3998,0.030742,0.02287,0.000736,0.004,0.016,0.026,0.038,0.094,0.735747,0.08807,0.002835,0.5184,0.708,0.752,0.79,0.846,0.030742,0.02287,0.000736,0.004,0.016,0.026,0.038,0.094,0.766489,0.07492,0.002412,0.6002,0.742,0.778,0.812,0.86,0.259588,0.15553,0.004918,0.14,0.188,0.224,0.264,0.9741,0.029666,0.02317,0.000733,0.0,0.014,0.024,0.038,0.094,0.710746,0.15729,0.004974,0.0259,0.704,0.75,0.788,0.846,0.029666,0.02317,0.000733,0.0,0.014,0.024,0.038,0.094,0.740412,0.15553,0.004918,0.0259,0.736,0.776,0.812,0.86
37.0,0.232584,0.0741,0.002385,0.14,0.186,0.22,0.258,0.3958,0.029826,0.02252,0.000725,0.004,0.016,0.024,0.038,0.0934,0.73759,0.08721,0.002807,0.5188,0.71,0.754,0.79,0.846,0.029826,0.02252,0.000725,0.004,0.016,0.024,0.038,0.0934,0.767416,0.0741,0.002385,0.6042,0.742,0.78,0.814,0.86,0.258694,0.1553,0.004911,0.14,0.188,0.222,0.262,0.9741,0.028782,0.02279,0.000721,0.0,0.014,0.024,0.038,0.08815,0.712524,0.15711,0.004968,0.0259,0.706,0.752,0.788,0.846,0.028782,0.02279,0.000721,0.0,0.014,0.024,0.038,0.08815,0.741306,0.1553,0.004911,0.0259,0.738,0.778,0.812,0.86
37.25,0.23159,0.07318,0.002356,0.14,0.186,0.22,0.256,0.3938,0.029013,0.02256,0.000726,0.004,0.014,0.024,0.036,0.0938,0.739397,0.08646,0.002783,0.523,0.712,0.756,0.792,0.8478,0.029013,0.02256,0.000726,0.004,0.014,0.024,0.036,0.0938,0.76841,0.07318,0.002356,0.6062,0.744,0.78,0.814,0.86,0.257734,0.15504,0.004903,0.14,0.188,0.222,0.262,0.9741,0.027998,0.02279,0.000721,0.0,0.012,0.024,0.036,0.09205,0.714268,0.15699,0.004964,0.0259,0.708,0.752,0.7905,0.84605,0.027998,0.02279,0.000721,0.0,0.012,0.024,0.036,0.09205,0.742266,0.15504,0.004903,0.0259,0.738,0.778,0.812,0.86
37.5,0.230701,0.07244,0.002332,0.14,0.186,0.218,0.256,0.39,0.02806,0.02208,0.000711,0.004,0.014,0.022,0.036,0.0878,0.741239,0.08549,0.002752,0.5268,0.714,0.758,0.794,0.8478,0.02806,0.02208,0.000711,0.004,0.014,0.022,0.036,0.0878,0.769299,0.07244,0.002332,0.61,0.744,0.782,0.814,0.86,0.256876,0.15485,0.004897,0.14,0.188,0.222,0.26,0.9741,0.027078,0.0223,0.000705,0.0,0.012,0.022,0.0345,0.08605,0.716046,0.15676,0.004957,0.0259,0.708,0.754,0.792,0.84605,0.027078,0.0223,0.000705,0.0,0.012,0.022,0.0345,0.08605,0.743124,0.15485,0.004897,0.0259,0.74,0.778,0.812,0.86
37.75,0.229842,0.07172,0.002309,0.14,0.186,0.218,0.254,0.388,0.027254,0.0218,0.000702,0.002,0.012,0.022,0.034,0.0858,0.742904,0.08463,0.002724,0.5306,0.716,0.76,0.794,0.848,0.027254,0.0218,0.000702,0.002,0.012,0.022,0.034,0.0858,0.770158,0.07172,0.002309,0.612,0.746,0.782,0.814,0.86,0.256048,0.15466,0.004891,0.14,0.188,0.222,0.26,0.9741,0.0263,0.02199,0.000695,0.0,0.012,0.022,0.034,0.08405,0.717652,0.15657,0.004951,0.0259,0.71,0.756,0.794,0.848,0.0263,0.02199,0.000695,0.0,0.012,0.022,0.034,0.08405,0.743952,0.15466,0.004891,0.0259,0.74,0.778,0.812,0.86
38.0,0.228993,0.07097,0.002285,0.14,0.186,0.218,0.254,0.384,0.026464,0.02159,0.000695,0.002,0.012,0.02,0.034,0.08,0.744543,0.08382,0.002698,0.5326,0.718,0.76,0.796,0.85,0.026464,0.02159,0.000695,0.002,0.012,0.02,0.034,0.08,0.771007,0.07097,0.002285,0.616,0.746,0.782,0.814,0.86,0.255228,0.15447,0.004885,0.14,0.186,0.22,0.258,0.9741,0.025538,0.02176,0.000688,0.0,0.012,0.02,0.032,0.08,0.719234,0.1564,0.004946,0.0259,0.71,0.758,0.794,0.85,0.025538,0.02176,0.000688,0.0,0.012,0.02,0.032,0.08,0.744772,0.15447,0.004885,0.0259,0.742,0.78,0.814,0.86
38.25,0.228168,0.07025,0.002261,0.14,0.184,0.218,0.254,0.382,0.025668,0.02121,0.000683,0.002,0.012,0.02,0.032,0.082,0.746164,0.08291,0.002669,0.5442,0.72,0.762,0.796,0.85,0.025668,0.02121,0.000683,0.002,0.012,0.02,0.032,0.082,0.771832,0.07025,0.002261,0.618,0.746,0.782,0.816,0.86,0.254432,0.15429,0.004879,0.14,0.186,0.22,0.258,0.9741,0.02477,0.02137,0.000676,0.0,0.01,0.02,0.032,0.082,0.720798,0.15619,0.004939,0.0259,0.714,0.76,0.796,0.85,0.02477,0.02137,0.000676,0.0,0.01,0.02,0.032,0.082,0.745568,0.15429,0.004879,0.0259,0.742,0.78,0.814,0.86
38.5,0.227374,0.06949,0.002237,0.14,0.184,0.218,0.252,0.38,0.024974,0.02105,0.000678,0.002,0.012,0.02,0.032,0.078,0.747652,0.08223,0.002647,0.5482,0.72,0.762,0.798,0.85,0.024974,0.02105,0.000678,0.002,0.012,0.02,0.032,0.078,0.772626,0.06949,0.002237,0.62,0.748,0.782,0.816,0.86,0.253666,0.15409,0.004873,0.14,0.186,0.22,0.258,0.9741,0.0241,0.02118,0.00067,0.0,0.01,0.02,0.03,0.078,0.722234,0.15608,0.004936,0.0259,0.716,0.76,0.796,0.85,0.0241,0.02118,0.00067,0.0,0.01,0.02,0.03,0.078,0.746334,0.15409,0.004873,0.0259,0.742,0.78,0.814,0.86
38.75,0.226547,0.06866,0.00221,0.1382,0.184,0.216,0.252,0.378,0.024189,0.0209,0.000673,0.002,0.01,0.02,0.03,0.078,0.749264,0.08138,0.00262,0.5522,0.722,0.764,0.798,0.8518,0.024189,0.0209,0.000673,0.002,0.01,0.02,0.03,0.078,0.773453,0.06866,0.00221,0.622,0.748,0.784,0.816,0.8618,0.252868,0.15386,0.004866,0.13995,0.184,0.218,0.256,0.9741,0.023342,0.02101,0.000664,0.0,0.01,0.018,0.03,0.078,0.72379,0.1559,0.00493,0.0259,0.716,0.762,0.798,0.85005,0.023342,0.02101,0.000664,0.0,0.01,0.018,0.03,0.078,0.747132,0.15386,0.004866,0.0259,0.744,0.782,0.816,0.86005
39.0,0.225764,0.06783,0.002183,0.138,0.184,0.216,0.25,0.376,0.02355,0.02079,0.000669,0.002,0.01,0.018,0.03,0.0758,0.750686,0.08062,0.002595,0.5582,0.724,0.764,0.8,0.852,0.02355,0.02079,0.000669,0.002,0.01,0.018,0.03,0.0758,0.774236,0.06783,0.002183,0.624,0.75,0.784,0.816,0.862,0.252112,0.15364,0.004858,0.138,0.184,0.218,0.256,0.9741,0.022726,0.02088,0.00066,0.0,0.01,0.018,0.03,0.07405,0.725162,0.15575,0.004925,0.0259,0.718,0.762,0.798,0.852,0.022726,0.02088,0.00066,0.0,0.01,0.018,0.03,0.07405,0.747888,0.15364,0.004858,0.0259,0.744,0.782,0.816,0.862
39.25,0.225024,0.06699,0.002157,0.138,0.184,0.214,0.25,0.3738,0.022754,0.02053,0.000661,0.002,0.01,0.018,0.028,0.076,0.752222,0.07972,0.002566,0.5646,0.726,0.766,0.8,0.8538,0.022754,0.02053,0.000661,0.002,0.01,0.018,0.028,0.076,0.774976,0.06699,0.002157,0.6262,0.75,0.786,0.816,0.862,0.251398,0.15341,0.004851,0.138,0.184,0.218,0.254,0.9741,0.021958,0.02059,0.000651,0.0,0.01,0.016,0.028,0.076,0.726644,0.15554,0.004919,0.0259,0.72,0.764,0.7985,0.85205,0.021958,0.02059,0.000651,0.0,0.01,0.016,0.028,0.076,0.748602,0.15341,0.004851,0.0259,0.746,0.782,0.816,0.862
39.5,0.224282,0.06616,0.00213,0.138,0.182,0.214,0.25,0.372,0.022087,0.02034,0.000655,0.002,0.01,0.016,0.028,0.0796,0.753631,0.07881,0.002537,0.57,0.728,0.768,0.802,0.8538,0.022087,0.02034,0.000655,0.002,0.01,0.016,0.028,0.0796,0.775718,0.06616,0.00213,0.628,0.75,0.786,0.818,0.862,0.250682,0.15318,0.004844,0.138,0.184,0.218,0.254,0.9741,0.021314,0.02039,0.000645,0.0,0.008,0.016,0.026,0.0761,0.728004,0.15532,0.004912,0.0259,0.722,0.764,0.8,0.85205,0.021314,0.02039,0.000645,0.0,0.008,0.016,0.026,0.0761,0.749318,0.15318,0.004844,0.0259,0.746,0.782,0.816,0.862
39.75,0.223583,0.06542,0.002106,0.1362,0.182,0.214,0.25,0.37,0.021463,0.02005,0.000645,0.002,0.01,0.016,0.026,0.0796,0.754953,0.07785,0.002506,0.5704,0.73,0.768,0.802,0.8538,0.021463,0.02005,0.000645,0.002,0.01,0.016,0.026,0.0796,0.776417,0.06542,0.002106,0.63,0.75,0.786,0.818,0.8638,0.250008,0.15299,0.004838,0.13795,0.184,0.216,0.254,0.9741,0.020712,0.02008,0.000635,0.0,0.008,0.016,0.026,0.0761,0.72928,0.15506,0.004904,0.0259,0.724,0.766,0.802,0.85205,0.020712,0.02008,0.000635,0.0,0.008,0.016,0.026,0.0761,0.749992,0.15299,0.004838,0.0259,0.746,0.784,0.816,0.86205
40.0,0.222908,0.06466,0.002082,0.1362,0.182,0.212,0.25,0.3698,0.020763,0.01986,0.000639,0.002,0.008,0.016,0.026,0.0758,0.75633,0.07695,0.002477,0.5742,0.73,0.77,0.804,0.854,0.020763,0.01986,0.000639,0.002,0.008,0.016,0.026,0.0758,0.777092,0.06466,0.002082,0.6302,0.75,0.788,0.818,0.8638,0.249356,0.15279,0.004832,0.13795,0.182,0.216,0.252,0.9741,0.020036,0.01987,0.000628,0.0,0.008,0.016,0.024,0.07405,0.730608,0.15485,0.004897,0.0259,0.724,0.766,0.802,0.854,0.020036,0.01987,0.000628,0.0,0.008,0.016,0.024,0.07405,0.750644,0.15279,0.004832,0.0259,0.748,0.784,0.818,0.86205
40.25,0.222218,0.06389,0.002057,0.1362,0.182,0.212,0.248,0.3678,0.020249,0.01981,0.000638,0.002,0.008,0.014,0.024,0.074,0.757534,0.07617,0.002452,0.5762,0.73,0.77,0.804,0.8558,0.020249,0.01981,0.000638,0.002,0.008,0.014,0.024,0.074,0.777782,0.06389,0.002057,0.6322,0.752,0.788,0.818,0.8638,0.24869,0.15259,0.004825,0.13795,0.182,0.214,0.252,0.9741,0.01954,0.01981,0.000627,0.0,0.008,0.014,0.024,0.074,0.73177,0.15467,0.004891,0.0259,0.726,0.768,0.802,0.85405,0.01954,0.01981,0.000627,0.0,0.008,0.014,0.024,0.074,0.75131,0.15259,0.004825,0.0259,0.748,0.786,0.818,0.86205
40.5,0.221633,0.06323,0.002036,0.1362,0.18,0.212,0.248,0.364,0.019648,0.01968,0.000633,0.0,0.008,0.014,0.024,0.074,0.758719,0.07536,0.002426,0.5842,0.732,0.772,0.806,0.8558,0.019648,0.01968,0.000633,0.0,0.008,0.014,0.024,0.074,0.778367,0.06323,0.002036,0.636,0.752,0.788,0.82,0.8638,0.248126,0.15243,0.00482,0.13795,0.182,0.214,0.252,0.9741,0.01896,0.01966,0.000622,0.0,0.008,0.014,0.024,0.074,0.732914,0.15448,0.004885,0.0259,0.726,0.768,0.804,0.85405,0.01896,0.01966,0.000622,0.0,0.008,0.014,0.024,0.074,0.751874,0.15243,0.00482,0.0259,0.748,0.786,0.818,0.86205
40.75,0.221078,0.06266,0.002017,0.136,0.18,0.212,0.246,0.3638,0.019013,0.01936,0.000623,0.0,0.008,0.014,0.024,0.0738,0.759909,0.07458,0.002401,0.5864,0.734,0.772,0.806,0.8558,0.019013,0.01936,0.000623,0.0,0.008,0.014,0.024,0.0738,0.778922,0.06266,0.002017,0.6362,0.754,0.788,0.82,0.864,0.24759,0.15229,0.004816,0.136,0.182,0.214,0.25,0.9741,0.018348,0.01934,0.000611,0.0,0.006,0.014,0.022,0.07205,0.734062,0.1543,0.00488,0.0259,0.728,0.77,0.806,0.85405,0.018348,0.01934,0.000611,0.0,0.006,0.014,0.022,0.07205,0.75241,0.15229,0.004816,0.0259,0.75,0.786,0.818,0.864
41.0,0.220458,0.062,0.001996,0.136,0.18,0.212,0.246,0.362,0.018444,0.01924,0.000619,0.0,0.008,0.014,0.022,0.072,0.761098,0.07388,0.002378,0.5906,0.736,0.774,0.808,0.8576,0.018444,0.01924,0.000619,0.0,0.008,0.014,0.022,0.072,0.779542,0.062,0.001996,0.638,0.754,0.788,0.82,0.864,0.246992,0.15214,0.004811,0.136,0.182,0.214,0.25,0.9741,0.017798,0.0192,0.000607,0.0,0.006,0.012,0.022,0.072,0.73521,0.15417,0.004875,0.0259,0.73,0.772,0.806,0.8541,0.017798,0.0192,0.000607,0.0,0.006,0.012,0.022,0.072,0.753008,0.15214,0.004811,0.0259,0.75,0.786,0.818,0.864
41.25,0.219861,0.06147,0.001979,0.136,0.18,0.212,0.246,0.3598,0.017992,0.01906,0.000613,0.0,0.006,0.014,0.022,0.0714,0.762147,0.07315,0.002355,0.5944,0.738,0.774,0.808,0.8578,0.017992,0.01906,0.000613,0.0,0.006,0.014,0.022,0.0714,0.780139,0.06147,0.001979,0.6402,0.754,0.788,0.82,0.864,0.246416,0.15203,0.004808,0.136,0.182,0.214,0.25,0.9741,0.017362,0.01901,0.000601,0.0,0.006,0.012,0.022,0.06615,0.736222,0.15401,0.00487,0.0259,0.732,0.772,0.806,0.85605,0.017362,0.01901,0.000601,0.0,0.006,0.012,0.022,0.06615,0.753584,0.15203,0.004808,0.0259,0.75,0.786,0.818,0.864
41.5,0.219374,0.06087,0.001959,0.136,0.18,0.21,0.244,0.3558,0.017372,0.01884,0.000606,0.0,0.006,0.012,0.022,0.064,0.763254,0.07245,0.002332,0.5982,0.738,0.774,0.808,0.8578,0.017372,0.01884,0.000606,0.0,0.006,0.012,0.022,0.064,0.780626,0.06087,0.001959,0.6442,0.756,0.79,0.82,0.864,0.245946,0.15188,0.004803,0.136,0.1815,0.212,0.25,0.9741,0.016764,0.01878,0.000594,0.0,0.006,0.012,0.022,0.064,0.73729,0.15387,0.004866,0.0259,0.7335,0.773,0.808,0.85605,0.016764,0.01878,0.000594,0.0,0.006,0.012,0.022,0.064,0.754054,0.15188,0.004803,0.0259,0.75,0.788,0.8185,0.864
41.75,0.218866,0.06033,0.001942,0.136,0.18,0.21,0.244,0.3538,0.016864,0.01858,0.000598,0.0,0.006,0.012,0.022,0.062,0.764269,0.0716,0.002305,0.5984,0.74,0.776,0.81,0.858,0.016864,0.01858,0.000598,0.0,0.006,0.012,0.022,0.062,0.781134,0.06033,0.001942,0.6462,0.756,0.79,0.82,0.864,0.245456,0.15176,0.004799,0.136,0.18,0.212,0.2485,0.9741,0.016274,0.01851,0.000585,0.0,0.006,0.012,0.02,0.062,0.73827,0.15365,0.004859,0.0259,0.734,0.774,0.808,0.858,0.016274,0.01851,0.000585,0.0,0.006,0.012,0.02,0.062,0.754544,0.15176,0.004799,0.0259,0.7515,0.788,0.82,0.864
42.0,0.218307,0.0598,0.001925,0.136,0.18,0.21,0.244,0.3536,0.016406,0.01824,0.000587,0.0,0.006,0.012,0.02,0.0638,0.765287,0.07081,0.00228,0.6022,0.74,0.776,0.81,0.858,0.016406,0.01824,0.000587,0.0,0.006,0.012,0.02,0.0638,0.781693,0.0598,0.001925,0.6464,0.756,0.79,0.82,0.864,0.244916,0.15165,0.004796,0.136,0.18,0.212,0.248,0.9741,0.015832,0.01817,0.000575,0.0,0.006,0.012,0.02,0.06205,0.739252,0.15346,0.004853,0.0259,0.734,0.774,0.808,0.858,0.015832,0.01817,0.000575,0.0,0.006,0.012,0.02,0.06205,0.755084,0.15165,0.004796,0.0259,0.752,0.788,0.82,0.864
42.25,0.217737,0.05912,0.001903,0.136,0.18,0.21,0.242,0.3518,0.015917,0.01812,0.000583,0.0,0.006,0.012,0.02,0.0638,0.766346,0.07012,0.002257,0.606,0.742,0.778,0.81,0.858,0.015917,0.01812,0.000583,0.0,0.006,0.012,0.02,0.0638,0.782263,0.05912,0.001903,0.6482,0.758,0.79,0.82,0.864,0.244366,0.15149,0.00479,0.136,0.18,0.212,0.248,0.9741,0.01536,0.01804,0.00057,0.0,0.006,0.012,0.02,0.06205,0.740274,0.15333,0.004849,0.0259,0.738,0.774,0.81,0.858,0.01536,0.01804,0.00057,0.0,0.006,0.012,0.02,0.06205,0.755634,0.15149,0.00479,0.0259,0.752,0.788,0.82,0.864
42.5,0.217241,0.05854,0.001884,0.136,0.18,0.21,0.242,0.3518,0.015424,0.01778,0.000572,0.0,0.006,0.012,0.02,0.0636,0.767335,0.06928,0.00223,0.6082,0.742,0.778,0.81,0.858,0.015424,0.01778,0.000572,0.0,0.006,0.012,0.02,0.0636,0.782759,0.05854,0.001884,0.6482,0.758,0.79,0.82,0.864,0.243888,0.15135,0.004786,0.136,0.18,0.212,0.248,0.9741,0.014884,0.01769,0.000559,0.0,0.004,0.01,0.018,0.0601,0.741228,0.15312,0.004842,0.0259,0.738,0.776,0.81,0.858,0.014884,0.01769,0.000559,0.0,0.004,0.01,0.018,0.0601,0.756112,0.15135,0.004786,0.0259,0.752,0.788,0.82,0.864
42.75,0.216779,0.05801,0.001868,0.136,0.18,0.208,0.242,0.3498,0.014941,0.01772,0.00057,0.0,0.006,0.01,0.018,0.0638,0.76828,0.0687,0.002211,0.6102,0.744,0.78,0.812,0.858,0.014941,0.01772,0.00057,0.0,0.006,0.01,0.018,0.0638,0.783221,0.05801,0.001868,0.6502,0.758,0.792,0.82,0.864,0.243442,0.15124,0.004783,0.136,0.18,0.212,0.248,0.9741,0.014418,0.01762,0.000557,0.0,0.004,0.01,0.018,0.06205,0.74214,0.15303,0.004839,0.0259,0.738,0.778,0.81,0.858,0.014418,0.01762,0.000557,0.0,0.004,0.01,0.018,0.06205,0.756558,0.15124,0.004783,0.0259,0.752,0.788,0.82,0.864
43.0,0.216338,0.05751,0.001851,0.136,0.18,0.208,0.242,0.3498,0.014425,0.01751,0.000564,0.0,0.004,0.01,0.018,0.0618,0.769237,0.06796,0.002188,0.6122,0.744,0.78,0.812,0.858,0.014425,0.01751,0.000564,0.0,0.004,0.01,0.018,0.0618,0.783662,0.05751,0.001851,0.6502,0.758,0.792,0.82,0.864,0.243016,0.15113,0.004779,0.136,0.18,0.21,0.248,0.9741,0.01392,0.0174,0.00055,0.0,0.004,0.01,0.018,0.06005,0.743064,0.15287,0.004834,0.0259,0.74,0.778,0.812,0.858,0.01392,0.0174,0.00055,0.0,0.004,0.01,0.018,0.06005,0.756984,0.15113,0.004779,0.0259,0.752,0.79,0.82,0.864
43.25,0.215888,0.05684,0.00183,0.136,0.18,0.208,0.242,0.3456,0.014033,0.01739,0.00056,0.0,0.004,0.01,0.018,0.06,0.770079,0.06721,0.002164,0.6164,0.744,0.78,0.812,0.858,0.014033,0.01739,0.00056,0.0,0.004,0.01,0.018,0.06,0.784112,0.05684,0.00183,0.6544,0.758,0.792,0.82,0.864,0.242582,0.15096,0.004774,0.136,0.18,0.21,0.248,0.9741,0.013542,0.01728,0.000546,0.0,0.004,0.01,0.018,0.06,0.743876,0.15269,0.004828,0.0259,0.74,0.778,0.812,0.858,0.013542,0.01728,0.000546,0.0,0.004,0.01,0.018,0.06,0.757418,0.15096,0.004774,0.0259,0.752,0.79,0.82,0.864
43.5,0.215393,0.05625,0.001811,0.136,0.178,0.208,0.24,0.3438,0.013639,0.01721,0.000554,0.0,0.004,0.01,0.018,0.056,0.770968,0.06652,0.002141,0.6182,0.746,0.782,0.814,0.858,0.013639,0.01721,0.000554,0.0,0.004,0.01,0.018,0.056,0.784607,0.05625,0.001811,0.6562,0.76,0.792,0.822,0.864,0.242104,0.15083,0.00477,0.136,0.18,0.21,0.248,0.9741,0.013162,0.01709,0.00054,0.0,0.004,0.008,0.016,0.056,0.744734,0.15254,0.004824,0.0259,0.74,0.78,0.812,0.858,0.013162,0.01709,0.00054,0.0,0.004,0.008,0.016,0.056,0.757896,0.15083,0.00477,0.0259,0.752,0.79,0.82,0.864
43.75,0.21496,0.0557,0.001793,0.136,0.178,0.208,0.24,0.342,0.013227,0.01686,0.000543,0.0,0.004,0.008,0.016,0.056,0.771813,0.06568,0.002114,0.622,0.746,0.782,0.814,0.858,0.013227,0.01686,0.000543,0.0,0.004,0.008,0.016,0.056,0.78504,0.0557,0.001793,0.658,0.76,0.792,0.822,0.864,0.241686,0.15071,0.004766,0.136,0.18,0.21,0.246,0.9741,0.012764,0.01674,0.000529,0.0,0.004,0.008,0.016,0.056,0.74555,0.15233,0.004817,0.0259,0.742,0.78,0.812,0.858,0.012764,0.01674,0.000529,0.0,0.004,0.008,0.016,0.056,0.758314,0.15071,0.004766,0.0259,0.754,0.79,0.82,0.864
44.0,0.214533,0.05518,0.001776,0.136,0.178,0.208,0.24,0.342,0.012777,0.01667,0.000536,0.0,0.004,0.008,0.016,0.0558,0.77269,0.06495,0.002091,0.622,0.748,0.782,0.814,0.858,0.012777,0.01667,0.000536,0.0,0.004,0.008,0.016,0.0558,0.785467,0.05518,0.001776,0.658,0.76,0.792,0.822,0.864,0.241274,0.15059,0.004762,0.136,0.18,0.21,0.246,0.9741,0.01233,0.01654,0.000523,0.0,0.004,0.008,0.016,0.05405,0.746396,0.15218,0.004812,0.0259,0.742,0.78,0.814,0.858,0.01233,0.01654,0.000523,0.0,0.004,0.008,0.016,0.05405,0.758726,0.15059,0.004762,0.0259,0.754,0.79,0.82,0.864
44.25,0.214145,0.05472,0.001761,0.136,0.178,0.208,0.24,0.342,0.01235,0.01632,0.000525,0.0,0.004,0.008,0.016,0.0556,0.773505,0.06423,0.002068,0.6222,0.748,0.782,0.814,0.858,0.01235,0.01632,0.000525,0.0,0.004,0.008,0.016,0.0556,0.785855,0.05472,0.001761,0.658,0.76,0.792,0.822,0.864,0.2409,0.1505,0.004759,0.136,0.18,0.21,0.246,0.9741,0.011918,0.01619,0.000512,0.0,0.004,0.008,0.016,0.0521,0.747182,0.15202,0.004807,0.0259,0.742,0.782,0.814,0.858,0.011918,0.01619,0.000512,0.0,0.004,0.008,0.016,0.0521,0.7591,0.1505,0.004759,0.0259,0.754,0.79,0.82,0.864
44.5,0.213826,0.05434,0.001749,0.136,0.178,0.206,0.24,0.342,0.011944,0.01617,0.00052,0.0,0.004,0.008,0.014,0.0538,0.77423,0.06358,0.002047,0.626,0.748,0.784,0.816,0.8598,0.011944,0.01617,0.00052,0.0,0.004,0.008,0.014,0.0538,0.786174,0.05434,0.001749,0.658,0.76,0.794,0.822,0.864,0.240592,0.15042,0.004757,0.136,0.18,0.21,0.246,0.9741,0.011526,0.01603,0.000507,0.0,0.002,0.008,0.014,0.05205,0.747882,0.15187,0.004803,0.0259,0.7435,0.782,0.814,0.85805,0.011526,0.01603,0.000507,0.0,0.002,0.008,0.014,0.05205,0.759408,0.15042,0.004757,0.0259,0.754,0.79,0.82,0.864
44.75,0.213451,0.05386,0.001734,0.136,0.178,0.206,0.238,0.34,0.01153,0.01603,0.000516,0.0,0.004,0.008,0.014,0.052,0.77502,0.06298,0.002027,0.6282,0.75,0.784,0.816,0.86,0.01153,0.01603,0.000516,0.0,0.004,0.008,0.014,0.052,0.786549,0.05386,0.001734,0.66,0.762,0.794,0.822,0.864,0.24023,0.15032,0.004754,0.136,0.178,0.209,0.2445,0.9741,0.011126,0.01589,0.000503,0.0,0.002,0.006,0.014,0.052,0.748644,0.15176,0.004799,0.0259,0.744,0.782,0.814,0.86,0.011126,0.01589,0.000503,0.0,0.002,0.006,0.014,0.052,0.75977,0.15032,0.004754,0.0259,0.7555,0.791,0.822,0.864
45.0,0.213074,0.05344,0.00172,0.136,0.178,0.206,0.238,0.3398,0.011204,0.01609,0.000518,0.0,0.002,0.006,0.014,0.0516,0.775722,0.06248,0.002011,0.632,0.75,0.784,0.816,0.86,0.011204,0.01609,0.000518,0.0,0.002,0.006,0.014,0.0516,0.786926,0.05344,0.00172,0.6602,0.762,0.794,0.822,0.864,0.239866,0.15024,0.004751,0.136,0.178,0.208,0.244,0.9741,0.010812,0.01593,0.000504,0.0,0.002,0.006,0.014,0.0481,0.749322,0.15168,0.004797,0.0259,0.746,0.782,0.8145,0.86,0.010812,0.01593,0.000504,0.0,0.002,0.006,0.014,0.0481,0.760134,0.15024,0.004751,0.0259,0.756,0.792,0.822,0.864
45.25,0.212734,0.0531,0.001709,0.136,0.178,0.206,0.238,0.338,0.01086,0.0157,0.000505,0.0,0.002,0.006,0.014,0.048,0.776406,0.06178,0.001989,0.6322,0.75,0.786,0.816,0.86,0.01086,0.0157,0.000505,0.0,0.002,0.006,0.014,0.048,0.787266,0.0531,0.001709,0.662,0.762,0.794,0.822,0.864,0.239538,0.15018,0.004749,0.136,0.178,0.208,0.244,0.9741,0.01048,0.01555,0.000492,0.0,0.002,0.006,0.014,0.048,0.749982,0.15152,0.004792,0.0259,0.746,0.783,0.816,0.86,0.01048,0.01555,0.000492,0.0,0.002,0.006,0.014,0.048,0.760462,0.15018,0.004749,0.0259,0.756,0.792,0.822,0.864
45.5,0.212396,0.05275,0.001698,0.136,0.178,0.204,0.238,0.338,0.010562,0.01561,0.000502,0.0,0.002,0.006,0.014,0.046,0.777042,0.06126,0.001972,0.6342,0.75,0.786,0.816,0.8618,0.010562,0.01561,0.000502,0.0,0.002,0.006,0.014,0.046,0.787604,0.05275,0.001698,0.662,0.762,0.796,0.822,0.864,0.239212,0.15012,0.004747,0.136,0.178,0.208,0.244,0.9741,0.010192,0.01546,0.000489,0.0,0.002,0.006,0.012,0.046,0.750596,0.15142,0.004788,0.0259,0.746,0.784,0.816,0.86005,0.010192,0.01546,0.000489,0.0,0.002,0.006,0.012,0.046,0.760788,0.15012,0.004747,0.0259,0.756,0.792,0.822,0.864
45.75,0.212031,0.05227,0.001683,0.136,0.178,0.204,0.238,0.336,0.010272,0.01566,0.000504,0.0,0.002,0.006,0.012,0.046,0.777697,0.06083,0.001958,0.636,0.752,0.786,0.818,0.862,0.010272,0.01566,0.000504,0.0,0.002,0.006,0.012,0.046,0.787969,0.05227,0.001683,0.664,0.762,0.796,0.822,0.864,0.23886,0.15002,0.004744,0.136,0.178,0.208,0.244,0.9741,0.009912,0.0155,0.00049,0.0,0.002,0.006,0.012,0.046,0.751228,0.15137,0.004787,0.0259,0.7475,0.784,0.816,0.862,0.009912,0.0155,0.00049,0.0,0.002,0.006,0.012,0.046,0.76114,0.15002,0.004744,0.0259,0.756,0.792,0.822,0.864
46.0,0.211778,0.05193,0.001672,0.136,0.178,0.204,0.238,0.334,0.009865,0.01531,0.000493,0.0,0.002,0.006,0.012,0.044,0.778356,0.06025,0.001939,0.642,0.752,0.786,0.818,0.862,0.009865,0.01531,0.000493,0.0,0.002,0.006,0.012,0.044,0.788222,0.05193,0.001672,0.666,0.762,0.796,0.822,0.864,0.238616,0.14995,0.004742,0.136,0.178,0.208,0.244,0.9741,0.00952,0.01515,0.000479,0.0,0.002,0.006,0.012,0.044,0.751864,0.15125,0.004783,0.0259,0.748,0.785,0.816,0.862,0.00952,0.01515,0.000479,0.0,0.002,0.006,0.012,0.044,0.761384,0.14995,0.004742,0.0259,0.756,0.792,0.822,0.864
46.25,0.211467,0.05153,0.001659,0.136,0.178,0.204,0.236,0.334,0.009532,0.01512,0.000487,0.0,0.002,0.006,0.012,0.0438,0.779001,0.05958,0.001918,0.6442,0.752,0.786,0.818,0.862,0.009532,0.01512,0.000487,0.0,0.002,0.006,0.012,0.0438,0.788533,0.05153,0.001659,0.666,0.764,0.796,0.822,0.864,0.238316,0.14987,0.004739,0.136,0.178,0.208,0.244,0.9741,0.009198,0.01496,0.000473,0.0,0.002,0.006,0.012,0.04205,0.752486,0.15111,0.004779,0.0259,0.748,0.786,0.816,0.862,0.009198,0.01496,0.000473,0.0,0.002,0.006,0.012,0.04205,0.761684,0.14987,0.004739,0.0259,0.756,0.792,0.822,0.864
46.5,0.211183,0.05123,0.001649,0.136,0.178,0.204,0.236,0.334,0.009198,0.01469,0.000473,0.0,0.002,0.006,0.012,0.046,0.779619,0.05894,0.001898,0.6462,0.754,0.788,0.818,0.862,0.009198,0.01469,0.000473,0.0,0.002,0.006,0.012,0.046,0.788817,0.05123,0.001649,0.666,0.764,0.796,0.822,0.864,0.238042,0.14982,0.004738,0.136,0.178,0.208,0.244,0.9741,0.008876,0.01453,0.000459,0.0,0.002,0.006,0.012,0.046,0.753082,0.15097,0.004774,0.0259,0.748,0.786,0.818,0.862,0.008876,0.01453,0.000459,0.0,0.002,0.006,0.012,0.046,0.761958,0.14982,0.004738,0.0259,0.756,0.792,0.822,0.864
46.75,0.210868,0.05092,0.001639,0.136,0.178,0.204,0.236,0.332,0.008922,0.01438,0.000463,0.0,0.002,0.006,0.01,0.042,0.780209,0.05846,0.001882,0.6482,0.754,0.788,0.818,0.862,0.008922,0.01438,0.000463,0.0,0.002,0.006,0.01,0.042,0.789132,0.05092,0.001639,0.668,0.764,0.796,0.822,0.864,0.237738,0.14978,0.004736,0.136,0.178,0.208,0.242,0.9741,0.00861,0.01422,0.00045,0.0,0.002,0.004,0.01,0.042,0.753652,0.15089,0.004772,0.0259,0.748,0.786,0.818,0.862,0.00861,0.01422,0.00045,0.0,0.002,0.004,0.01,0.042,0.762262,0.14978,0.004736,0.0259,0.758,0.792,0.822,0.864
47.0,0.210584,0.05056,0.001627,0.136,0.176,0.204,0.236,0.332,0.008634,0.01401,0.000451,0.0,0.002,0.004,0.01,0.04,0.780781,0.05783,0.001862,0.6502,0.754,0.788,0.818,0.862,0.008634,0.01401,0.000451,0.0,0.002,0.004,0.01,0.04,0.789416,0.05056,0.001627,0.668,0.764,0.796,0.824,0.864,0.237464,0.14971,0.004734,0.136,0.178,0.206,0.242,0.9741,0.008332,0.01386,0.000438,0.0,0.002,0.004,0.01,0.04,0.754204,0.15075,0.004767,0.0259,0.75,0.786,0.818,0.862,0.008332,0.01386,0.000438,0.0,0.002,0.004,0.01,0.04,0.762536,0.14971,0.004734,0.0259,0.758,0.794,0.822,0.864
47.25,0.210309,0.05028,0.001619,0.136,0.176,0.204,0.236,0.3298,0.008431,0.01388,0.000447,0.0,0.002,0.004,0.01,0.042,0.78126,0.05746,0.00185,0.652,0.754,0.788,0.818,0.862,0.008431,0.01388,0.000447,0.0,0.002,0.004,0.01,0.042,0.789691,0.05028,0.001619,0.6702,0.764,0.796,0.824,0.864,0.237198,0.14967,0.004733,0.136,0.178,0.206,0.242,0.9741,0.008136,0.01372,0.000434,0.0,0.002,0.004,0.01,0.042,0.754666,0.1507,0.004766,0.0259,0.75,0.786,0.818,0.862,0.008136,0.01372,0.000434,0.0,0.002,0.004,0.01,0.042,0.762802,0.14967,0.004733,0.0259,0.758,0.794,0.822,0.864
47.5,0.210004,0.04987,0.001605,0.136,0.176,0.204,0.236,0.328,0.008174,0.01387,0.000447,0.0,0.002,0.004,0.01,0.038,0.781822,0.05699,0.001835,0.654,0.756,0.79,0.82,0.8638,0.008174,0.01387,0.000447,0.0,0.002,0.004,0.01,0.038,0.789996,0.04987,0.001605,0.672,0.764,0.796,0.824,0.864,0.236904,0.14958,0.00473,0.136,0.178,0.206,0.242,0.9741,0.007888,0.01371,0.000433,0.0,0.002,0.004,0.01,0.038,0.755208,0.15062,0.004763,0.0259,0.75,0.786,0.818,0.86205,0.007888,0.01371,0.000433,0.0,0.002,0.004,0.01,0.038,0.763096,0.14958,0.00473,0.0259,0.758,0.794,0.822,0.864
47.75,0.209724,0.04955,0.001595,0.136,0.176,0.204,0.236,0.326,0.008012,0.0137,0.000441,0.0,0.002,0.004,0.01,0.0378,0.782263,0.05649,0.001818,0.654,0.756,0.79,0.82,0.864,0.008012,0.0137,0.000441,0.0,0.002,0.004,0.01,0.0378,0.790276,0.04955,0.001595,0.674,0.764,0.796,0.824,0.864,0.236634,0.14953,0.004729,0.136,0.178,0.206,0.24,0.9741,0.007732,0.01354,0.000428,0.0,0.0,0.004,0.01,0.03605,0.755634,0.15052,0.00476,0.0259,0.75,0.788,0.818,0.864,0.007732,0.01354,0.000428,0.0,0.0,0.004,0.01,0.03605,0.763366,0.14953,0.004729,0.0259,0.76,0.794,0.822,0.864
48.0,0.209515,0.04927,0.001586,0.136,0.176,0.204,0.236,0.3258,0.007691,0.01328,0.000427,0.0,0.002,0.004,0.01,0.036,0.782794,0.05592,0.0018,0.654,0.758,0.79,0.82,0.864,0.007691,0.01328,0.000427,0.0,0.002,0.004,0.01,0.036,0.790485,0.04927,0.001586,0.6742,0.764,0.796,0.824,0.864,0.236432,0.14948,0.004727,0.136,0.178,0.206,0.24,0.9741,0.007422,0.01312,0.000415,0.0,0.0,0.004,0.008,0.036,0.756146,0.1504,0.004756,0.0259,0.75,0.788,0.8185,0.864,0.007422,0.01312,0.000415,0.0,0.0,0.004,0.008,0.036,0.763568,0.14948,0.004727,0.0259,0.76,0.794,0.822,0.864
48.25,0.209322,0.04907,0.00158,0.136,0.176,0.204,0.236,0.324,0.007355,0.01301,0.000419,0.0,0.0,0.004,0.008,0.0358,0.783322,0.05548,0.001786,0.6562,0.758,0.79,0.82,0.864,0.007355,0.01301,0.000419,0.0,0.0,0.004,0.008,0.0358,0.790678,0.04907,0.00158,0.676,0.764,0.796,0.824,0.864,0.236246,0.14945,0.004726,0.136,0.178,0.206,0.24,0.9741,0.007098,0.01285,0.000406,0.0,0.0,0.004,0.008,0.03405,0.756656,0.15034,0.004754,0.0259,0.7515,0.788,0.82,0.864,0.007098,0.01285,0.000406,0.0,0.0,0.004,0.008,0.03405,0.763754,0.14945,0.004726,0.0259,0.76,0.794,0.822,0.864
48.5,0.209086,0.04874,0.001569,0.136,0.176,0.202,0.236,0.3236,0.007111,0.01295,0.000417,0.0,0.0,0.004,0.008,0.0358,0.783803,0.05496,0.001769,0.6582,0.758,0.79,0.82,0.864,0.007111,0.01295,0.000417,0.0,0.0,0.004,0.008,0.0358,0.790914,0.04874,0.001569,0.6764,0.764,0.798,0.824,0.864,0.236018,0.14938,0.004724,0.136,0.178,0.204,0.24,0.9741,0.006862,0.01279,0.000405,0.0,0.0,0.004,0.008,0.03405,0.75712,0.15023,0.004751,0.0259,0.752,0.788,0.82,0.864,0.006862,0.01279,0.000405,0.0,0.0,0.004,0.008,0.03405,0.763982,0.14938,0.004724,0.0259,0.76,0.796,0.822,0.864
48.75,0.208887,0.0485,0.001561,0.136,0.176,0.202,0.236,0.32,0.006877,0.01259,0.000405,0.0,0.0,0.004,0.008,0.0358,0.784236,0.05446,0.001753,0.6582,0.758,0.79,0.82,0.864,0.006877,0.01259,0.000405,0.0,0.0,0.004,0.008,0.0358,0.791113,0.0485,0.001561,0.68,0.764,0.798,0.824,0.864,0.235826,0.14934,0.004723,0.136,0.1775,0.204,0.24,0.9741,0.006636,0.01243,0.000393,0.0,0.0,0.004,0.008,0.03405,0.757538,0.15013,0.004748,0.0259,0.752,0.79,0.82,0.864,0.006636,0.01243,0.000393,0.0,0.0,0.004,0.008,0.03405,0.764174,0.14934,0.004723,0.0259,0.76,0.796,0.8225,0.864
49.0,0.208682,0.04825,0.001553,0.136,0.176,0.202,0.236,0.32,0.006607,0.01254,0.000404,0.0,0.0,0.004,0.008,0.0358,0.784711,0.05404,0.00174,0.6602,0.76,0.792,0.82,0.864,0.006607,0.01254,0.000404,0.0,0.0,0.004,0.008,0.0358,0.791318,0.04825,0.001553,0.68,0.764,0.798,0.824,0.864,0.235628,0.1493,0.004721,0.136,0.176,0.204,0.24,0.9741,0.006376,0.01238,0.000391,0.0,0.0,0.004,0.008,0.03405,0.757996,0.15007,0.004746,0.0259,0.7535,0.79,0.82,0.864,0.006376,0.01238,0.000391,0.0,0.0,0.004,0.008,0.03405,0.764372,0.1493,0.004721,0.0259,0.76,0.796,0.824,0.864
49.25,0.208495,0.04808,0.001548,0.136,0.176,0.202,0.234,0.32,0.006367,0.01214,0.000391,0.0,0.0,0.004,0.008,0.034,0.785138,0.05354,0.001723,0.664,0.76,0.792,0.82,0.864,0.006367,0.01214,0.000391,0.0,0.0,0.004,0.008,0.034,0.791505,0.04808,0.001548,0.68,0.766,0.798,0.824,0.864,0.235448,0.14928,0.004721,0.136,0.176,0.204,0.24,0.9741,0.006144,0.01199,0.000379,0.0,0.0,0.002,0.008,0.034,0.758408,0.14997,0.004742,0.0259,0.7535,0.79,0.82,0.864,0.006144,0.01199,0.000379,0.0,0.0,0.002,0.008,0.034,0.764552,0.14928,0.004721,0.0259,0.76,0.796,0.824,0.864
49.5,0.208334,0.04793,0.001543,0.1342,0.176,0.202,0.234,0.3198,0.006143,0.01159,0.000373,0.0,0.0,0.002,0.008,0.032,0.785523,0.05301,0.001706,0.6642,0.76,0.792,0.82,0.864,0.006143,0.01159,0.000373,0.0,0.0,0.002,0.008,0.032,0.791666,0.04793,0.001543,0.6802,0.766,0.798,0.824,0.8658,0.235292,0.14926,0.00472,0.13595,0.176,0.204,0.24,0.9741,0.005928,0.01144,0.000362,0.0,0.0,0.002,0.008,0.032,0.75878,0.14985,0.004739,0.0259,0.754,0.79,0.82,0.864,0.005928,0.01144,0.000362,0.0,0.0,0.002,0.008,0.032,0.764708,0.14926,0.00472,0.0259,0.76,0.796,0.824,0.86405
49.75,0.20818,0.04781,0.001539,0.1342,0.176,0.202,0.234,0.3198,0.005872,0.01102,0.000355,0.0,0.0,0.002,0.008,0.0318,0.785948,0.0526,0.001693,0.666,0.76,0.792,0.822,0.864,0.005872,0.01102,0.000355,0.0,0.0,0.002,0.008,0.0318,0.79182,0.04781,0.001539,0.6802,0.766,0.798,0.824,0.8658,0.235144,0.14925,0.00472,0.13595,0.176,0.204,0.238,0.9741,0.005666,0.01088,0.000344,0.0,0.0,0.002,0.006,0.03005,0.75919,0.14978,0.004737,0.0259,0.754,0.79,0.82,0.864,0.005666,0.01088,0.000344,0.0,0.0,0.002,0.006,0.03005,0.764856,0.14925,0.00472,0.0259,0.762,0.796,0.824,0.86405
50.0,0.208039,0.04765,0.001534,0.1342,0.174,0.202,0.234,0.318,0.005621,0.01056,0.00034,0.0,0.0,0.002,0.006,0.028,0.78634,0.05214,0.001678,0.666,0.76,0.794,0.822,0.864,0.005621,0.01056,0.00034,0.0,0.0,0.002,0.006,0.028,0.791961,0.04765,0.001534,0.682,0.766,0.798,0.826,0.8658,0.235008,0.14923,0.004719,0.13595,0.176,0.204,0.238,0.9741,0.005424,0.01043,0.00033,0.0,0.0,0.002,0.006,0.028,0.759568,0.1497,0.004734,0.0259,0.754,0.79,0.82,0.864,0.005424,0.01043,0.00033,0.0,0.0,0.002,0.006,0.028,0.764992,0.14923,0.004719,0.0259,0.762,0.796,0.824,0.86405
50.25,0.207882,0.04749,0.001529,0.1342,0.174,0.202,0.234,0.318,0.005413,0.01038,0.000334,0.0,0.0,0.002,0.006,0.028,0.786705,0.05182,0.001668,0.6662,0.76,0.794,0.822,0.864,0.005413,0.01038,0.000334,0.0,0.0,0.002,0.006,0.028,0.792118,0.04749,0.001529,0.682,0.766,0.798,0.826,0.8658,0.234856,0.1492,0.004718,0.13595,0.176,0.204,0.238,0.9741,0.005224,0.01025,0.000324,0.0,0.0,0.002,0.006,0.028,0.75992,0.14965,0.004732,0.0259,0.756,0.79,0.82,0.864,0.005224,0.01025,0.000324,0.0,0.0,0.002,0.006,0.028,0.765144,0.1492,0.004718,0.0259,0.762,0.796,0.824,0.86405
50.5,0.20776,0.04737,0.001525,0.1342,0.174,0.202,0.234,0.316,0.005177,0.00993,0.00032,0.0,0.0,0.002,0.006,0.0298,0.787063,0.05146,0.001657,0.6662,0.762,0.794,0.822,0.864,0.005177,0.00993,0.00032,0.0,0.0,0.002,0.006,0.0298,0.79224,0.04737,0.001525,0.684,0.766,0.798,0.826,0.8658,0.234738,0.14919,0.004718,0.13595,0.176,0.204,0.238,0.9741,0.004996,0.0098,0.00031,0.0,0.0,0.002,0.006,0.02805,0.760266,0.1496,0.004731,0.0259,0.756,0.792,0.82,0.864,0.004996,0.0098,0.00031,0.0,0.0,0.002,0.006,0.02805,0.765262,0.14919,0.004718,0.0259,0.762,0.796,0.824,0.86405
50.75,0.207602,0.0472,0.001519,0.134,0.174,0.202,0.234,0.312,0.005016,0.00992,0.000319,0.0,0.0,0.002,0.006,0.03,0.787382,0.0512,0.001648,0.6682,0.762,0.794,0.822,0.864,0.005016,0.00992,0.000319,0.0,0.0,0.002,0.006,0.03,0.792398,0.0472,0.001519,0.688,0.766,0.798,0.826,0.866,0.234586,0.14916,0.004717,0.134,0.176,0.204,0.238,0.9741,0.00484,0.00979,0.00031,0.0,0.0,0.002,0.006,0.03,0.760574,0.14956,0.00473,0.0259,0.756,0.792,0.82,0.864,0.00484,0.00979,0.00031,0.0,0.0,0.002,0.006,0.03,0.765414,0.14916,0.004717,0.0259,0.762,0.796,0.824,0.866
51.0,0.207445,0.04707,0.001515,0.134,0.174,0.202,0.234,0.312,0.004848,0.00947,0.000305,0.0,0.0,0.002,0.006,0.0298,0.787708,0.05086,0.001637,0.6682,0.762,0.794,0.822,0.864,0.004848,0.00947,0.000305,0.0,0.0,0.002,0.006,0.0298,0.792555,0.04707,0.001515,0.688,0.766,0.798,0.826,0.866,0.234434,0.14915,0.004717,0.134,0.176,0.204,0.238,0.9741,0.004678,0.00935,0.000296,0.0,0.0,0.002,0.006,0.02805,0.760888,0.14951,0.004728,0.0259,0.756,0.792,0.82,0.864,0.004678,0.00935,0.000296,0.0,0.0,0.002,0.006,0.02805,0.765566,0.14915,0.004717,0.0259,0.762,0.796,0.824,0.866
51.25,0.207302,0.04693,0.001511,0.134,0.174,0.202,0.234,0.312,0.004667,0.00919,0.000296,0.0,0.0,0.002,0.006,0.028,0.788031,0.05051,0.001626,0.6682,0.762,0.794,0.822,0.864,0.004667,0.00919,0.000296,0.0,0.0,0.002,0.006,0.028,0.792698,0.04693,0.001511,0.688,0.766,0.798,0.826,0.866,0.234296,0.14913,0.004716,0.134,0.176,0.204,0.238,0.9741,0.004504,0.00907,0.000287,0.0,0.0,0.002,0.006,0.028,0.7612,0.14945,0.004726,0.0259,0.756,0.792,0.82,0.864,0.004504,0.00907,0.000287,0.0,0.0,0.002,0.006,0.028,0.765704,0.14913,0.004716,0.0259,0.762,0.796,0.824,0.866
51.5,0.207163,0.04682,0.001507,0.134,0.174,0.202,0.234,0.312,0.004562,0.00906,0.000292,0.0,0.0,0.002,0.006,0.026,0.788276,0.05029,0.001619,0.67,0.762,0.794,0.822,0.864,0.004562,0.00906,0.000292,0.0,0.0,0.002,0.006,0.026,0.792837,0.04682,0.001507,0.688,0.766,0.798,0.826,0.866,0.234162,0.14913,0.004716,0.134,0.176,0.204,0.238,0.9741,0.004402,0.00894,0.000283,0.0,0.0,0.002,0.006,0.026,0.761436,0.14942,0.004725,0.0259,0.756,0.792,0.822,0.864,0.004402,0.00894,0.000283,0.0,0.0,0.002,0.006,0.026,0.765838,0.14913,0.004716,0.0259,0.762,0.796,0.824,0.866
51.75,0.207057,0.04671,0.001504,0.134,0.174,0.202,0.234,0.312,0.004396,0.00887,0.000285,0.0,0.0,0.002,0.006,0.024,0.788547,0.05008,0.001612,0.672,0.762,0.796,0.822,0.864,0.004396,0.00887,0.000285,0.0,0.0,0.002,0.006,0.024,0.792943,0.04671,0.001504,0.688,0.766,0.798,0.826,0.866,0.23406,0.14911,0.004715,0.134,0.176,0.204,0.238,0.9741,0.004242,0.00875,0.000277,0.0,0.0,0.002,0.006,0.024,0.761698,0.1494,0.004724,0.0259,0.756,0.793,0.822,0.864,0.004242,0.00875,0.000277,0.0,0.0,0.002,0.006,0.024,0.76594,0.14911,0.004715,0.0259,0.762,0.796,0.824,0.866
52.0,0.206902,0.04656,0.001499,0.134,0.174,0.202,0.234,0.312,0.00429,0.00874,0.000281,0.0,0.0,0.002,0.006,0.024,0.788808,0.04983,0.001604,0.6722,0.764,0.796,0.822,0.864,0.00429,0.00874,0.000281,0.0,0.0,0.002,0.006,0.024,0.793098,0.04656,0.001499,0.688,0.766,0.798,0.826,0.866,0.23391,0.1491,0.004715,0.134,0.176,0.204,0.236,0.9741,0.00414,0.00862,0.000273,0.0,0.0,0.002,0.006,0.024,0.76195,0.14937,0.004723,0.0259,0.756,0.794,0.822,0.864,0.00414,0.00862,0.000273,0.0,0.0,0.002,0.006,0.024,0.76609,0.1491,0.004715,0.0259,0.764,0.796,0.824,0.866
52.25,0.206779,0.04648,0.001496,0.1322,0.174,0.202,0.234,0.31,0.004158,0.00864,0.000278,0.0,0.0,0.002,0.006,0.0238,0.789063,0.04965,0.001598,0.674,0.764,0.796,0.822,0.864,0.004158,0.00864,0.000278,0.0,0.0,0.002,0.006,0.0238,0.793221,0.04648,0.001496,0.69,0.766,0.798,0.826,0.8678,0.233792,0.14909,0.004715,0.13395,0.176,0.204,0.236,0.9741,0.004012,0.00853,0.00027,0.0,0.0,0.002,0.0045,0.02205,0.762196,0.14935,0.004723,0.0259,0.756,0.794,0.822,0.864,0.004012,0.00853,0.00027,0.0,0.0,0.002,0.0045,0.02205,0.766208,0.14909,0.004715,0.0259,0.764,0.796,0.824,0.86605
52.5,0.206645,0.04637,0.001493,0.1322,0.174,0.202,0.232,0.3098,0.004062,0.00844,0.000272,0.0,0.0,0.002,0.006,0.024,0.789293,0.04944,0.001592,0.674,0.764,0.796,0.824,0.864,0.004062,0.00844,0.000272,0.0,0.0,0.002,0.006,0.024,0.793355,0.04637,0.001493,0.6902,0.768,0.798,0.826,0.8678,0.233662,0.14908,0.004714,0.13395,0.176,0.204,0.236,0.9741,0.00392,0.00833,0.000263,0.0,0.0,0.002,0.0045,0.024,0.762418,0.14932,0.004722,0.0259,0.7575,0.794,0.822,0.864,0.00392,0.00833,0.000263,0.0,0.0,0.002,0.0045,0.024,0.766338,0.14908,0.004714,0.0259,0.764,0.796,0.824,0.86605
52.75,0.20651,0.04624,0.001489,0.1322,0.174,0.202,0.232,0.3098,0.003969,0.00844,0.000272,0.0,0.0,0.002,0.004,0.022,0.789521,0.04928,0.001586,0.674,0.764,0.796,0.824,0.864,0.003969,0.00844,0.000272,0.0,0.0,0.002,0.004,0.022,0.79349,0.04624,0.001489,0.6902,0.768,0.798,0.826,0.8678,0.233532,0.14907,0.004714,0.13395,0.176,0.204,0.236,0.9741,0.00383,0.00832,0.000263,0.0,0.0,0.002,0.004,0.022,0.762638,0.14931,0.004722,0.0259,0.758,0.794,0.822,0.864,0.00383,0.00832,0.000263,0.0,0.0,0.002,0.004,0.022,0.766468,0.14907,0.004714,0.0259,0.764,0.796,0.824,0.86605
53.0,0.206398,0.04617,0.001486,0.1322,0.174,0.202,0.232,0.308,0.00384,0.00843,0.000271,0.0,0.0,0.002,0.004,0.0218,0.789762,0.04912,0.001581,0.676,0.764,0.796,0.824,0.864,0.00384,0.00843,0.000271,0.0,0.0,0.002,0.004,0.0218,0.793602,0.04617,0.001486,0.692,0.768,0.798,0.826,0.8678,0.233424,0.14906,0.004714,0.13395,0.176,0.204,0.236,0.9741,0.003706,0.00831,0.000263,0.0,0.0,0.002,0.004,0.02005,0.76287,0.1493,0.004721,0.0259,0.758,0.794,0.822,0.864,0.003706,0.00831,0.000263,0.0,0.0,0.002,0.004,0.02005,0.766576,0.14906,0.004714,0.0259,0.764,0.796,0.824,0.86605
53.25,0.206305,0.04612,0.001485,0.1322,0.174,0.202,0.232,0.308,0.003664,0.00801,0.000258,0.0,0.0,0.002,0.004,0.02,0.790031,0.04881,0.001571,0.676,0.764,0.796,0.824,0.864,0.003664,0.00801,0.000258,0.0,0.0,0.002,0.004,0.02,0.793695,0.04612,0.001485,0.692,0.768,0.798,0.826,0.8678,0.233334,0.14907,0.004714,0.13395,0.176,0.204,0.236,0.9741,0.003536,0.0079,0.00025,0.0,0.0,0.0,0.004,0.02,0.76313,0.14925,0.00472,0.0259,0.758,0.794,0.822,0.864,0.003536,0.0079,0.00025,0.0,0.0,0.0,0.004,0.02,0.766666,0.14907,0.004714,0.0259,0.764,0.796,0.824,0.86605
53.5,0.206174,0.04597,0.00148,0.1322,0.174,0.202,0.232,0.3078,0.003544,0.00794,0.000256,0.0,0.0,0.0,0.004,0.02,0.790282,0.04863,0.001565,0.676,0.764,0.796,0.824,0.864,0.003544,0.00794,0.000256,0.0,0.0,0.0,0.004,0.02,0.793826,0.04597,0.00148,0.6922,0.768,0.798,0.826,0.8678,0.233208,0.14905,0.004713,0.13395,0.176,0.204,0.236,0.9741,0.00342,0.00783,0.000248,0.0,0.0,0.0,0.004,0.02,0.763372,0.14924,0.004719,0.0259,0.758,0.794,0.822,0.864,0.00342,0.00783,0.000248,0.0,0.0,0.0,0.004,0.02,0.766792,0.14905,0.004713,0.0259,0.764,0.796,0.824,0.86605
53.75,0.206056,0.04585,0.001476,0.1322,0.174,0.202,0.232,0.306,0.003469,0.00785,0.000253,0.0,0.0,0.0,0.004,0.02,0.790475,0.04844,0.001559,0.676,0.764,0.796,0.824,0.864,0.003469,0.00785,0.000253,0.0,0.0,0.0,0.004,0.02,0.793944,0.04585,0.001476,0.694,0.768,0.798,0.826,0.8678,0.233094,0.14903,0.004713,0.13395,0.176,0.204,0.236,0.9741,0.003348,0.00773,0.000245,0.0,0.0,0.0,0.004,0.02,0.763558,0.14921,0.004719,0.0259,0.758,0.794,0.822,0.864,0.003348,0.00773,0.000245,0.0,0.0,0.0,0.004,0.02,0.766906,0.14903,0.004713,0.0259,0.764,0.796,0.824,0.86605
54.0,0.205923,0.04568,0.001471,0.1322,0.174,0.202,0.232,0.306,0.003378,0.00775,0.00025,0.0,0.0,0.0,0.004,0.018,0.790698,0.04823,0.001553,0.676,0.764,0.796,0.824,0.864,0.003378,0.00775,0.00025,0.0,0.0,0.0,0.004,0.018,0.794077,0.04568,0.001471,0.694,0.768,0.798,0.826,0.8678,0.232966,0.149,0.004712,0.13395,0.176,0.203,0.236,0.9741,0.00326,0.00764,0.000242,0.0,0.0,0.0,0.004,0.018,0.763774,0.14919,0.004718,0.0259,0.758,0.794,0.822,0.864,0.00326,0.00764,0.000242,0.0,0.0,0.0,0.004,0.018,0.767034,0.149,0.004712,0.0259,0.764,0.797,0.824,0.86605
54.25,0.205818,0.04557,0.001467,0.1322,0.174,0.202,0.232,0.306,0.003273,0.00759,0.000244,0.0,0.0,0.0,0.004,0.018,0.79091,0.04802,0.001546,0.6762,0.764,0.796,0.824,0.864,0.003273,0.00759,0.000244,0.0,0.0,0.0,0.004,0.018,0.794182,0.04557,0.001467,0.694,0.768,0.798,0.826,0.8678,0.232864,0.14899,0.004711,0.13395,0.176,0.203,0.236,0.9741,0.003158,0.00748,0.000237,0.0,0.0,0.0,0.004,0.018,0.763978,0.14916,0.004717,0.0259,0.758,0.794,0.822,0.864,0.003158,0.00748,0.000237,0.0,0.0,0.0,0.004,0.018,0.767136,0.14899,0.004711,0.0259,0.764,0.797,0.824,0.86605
54.5,0.205708,0.04547,0.001464,0.1322,0.174,0.202,0.232,0.306,0.003161,0.00746,0.00024,0.0,0.0,0.0,0.004,0.016,0.791132,0.04782,0.001539,0.68,0.764,0.798,0.824,0.864,0.003161,0.00746,0.00024,0.0,0.0,0.0,0.004,0.016,0.794292,0.04547,0.001464,0.694,0.768,0.798,0.826,0.8678,0.232758,0.14898,0.004711,0.13395,0.176,0.203,0.236,0.9741,0.00305,0.00735,0.000232,0.0,0.0,0.0,0.004,0.016,0.764192,0.14913,0.004716,0.0259,0.76,0.794,0.822,0.864,0.00305,0.00735,0.000232,0.0,0.0,0.0,0.004,0.016,0.767242,0.14898,0.004711,0.0259,0.764,0.797,0.824,0.86605
54.75,0.205594,0.04537,0.00146,0.1322,0.174,0.202,0.232,0.3058,0.003055,0.00729,0.000235,0.0,0.0,0.0,0.004,0.016,0.791351,0.04759,0.001532,0.6802,0.766,0.798,0.824,0.864,0.003055,0.00729,0.000235,0.0,0.0,0.0,0.004,0.016,0.794406,0.04537,0.00146,0.6942,0.768,0.798,0.826,0.8678,0.232648,0.14897,0.004711,0.13395,0.1755,0.203,0.236,0.9741,0.002948,0.00719,0.000227,0.0,0.0,0.0,0.004,0.016,0.764404,0.1491,0.004715,0.0259,0.76,0.794,0.822,0.864,0.002948,0.00719,0.000227,0.0,0.0,0.0,0.004,0.016,0.767352,0.14897,0.004711,0.0259,0.764,0.797,0.8245,0.86605
55.0,0.205511,0.04532,0.001459,0.1322,0.174,0.202,0.232,0.3058,0.00292,0.00688,0.000222,0.0,0.0,0.0,0.004,0.018,0.791569,0.04737,0.001525,0.6802,0.766,0.798,0.824,0.864,0.00292,0.00688,0.000222,0.0,0.0,0.0,0.004,0.018,0.794489,0.04532,0.001459,0.6942,0.768,0.798,0.826,0.8678,0.232568,0.14897,0.004711,0.13395,0.1755,0.203,0.236,0.9741,0.002818,0.00678,0.000214,0.0,0.0,0.0,0.004,0.018,0.764614,0.14907,0.004714,0.0259,0.76,0.795,0.8225,0.864,0.002818,0.00678,0.000214,0.0,0.0,0.0,0.004,0.018,0.767432,0.14897,0.004711,0.0259,0.764,0.797,0.8245,0.86605
55.25,0.205436,0.04527,0.001457,0.1322,0.174,0.202,0.232,0.3058,0.002817,0.00672,0.000216,0.0,0.0,0.0,0.004,0.0178,0.791747,0.04724,0.001521,0.6802,0.766,0.798,0.824,0.864,0.002817,0.00672,0.000216,0.0,0.0,0.0,0.004,0.0178,0.794564,0.04527,0.001457,0.6942,0.768,0.798,0.826,0.8678,0.232496,0.14897,0.004711,0.13395,0.1755,0.202,0.236,0.9741,0.002718,0.00662,0.000209,0.0,0.0,0.0,0.002,0.01605,0.764786,0.14906,0.004714,0.0259,0.762,0.796,0.824,0.864,0.002718,0.00662,0.000209,0.0,0.0,0.0,0.002,0.01605,0.767504,0.14897,0.004711,0.0259,0.764,0.798,0.8245,0.86605
55.5,0.20538,0.04525,0.001456,0.1322,0.174,0.202,0.23,0.3058,0.002688,0.00646,0.000208,0.0,0.0,0.0,0.002,0.0178,0.791932,0.04708,0.001516,0.682,0.766,0.798,0.824,0.864,0.002688,0.00646,0.000208,0.0,0.0,0.0,0.002,0.0178,0.79462,0.04525,0.001456,0.6942,0.77,0.798,0.826,0.8678,0.232442,0.14897,0.004711,0.13395,0.1755,0.202,0.236,0.9741,0.002594,0.00636,0.000201,0.0,0.0,0.0,0.002,0.01605,0.764964,0.14905,0.004713,0.0259,0.762,0.796,0.824,0.864,0.002594,0.00636,0.000201,0.0,0.0,0.0,0.002,0.01605,0.767558,0.14897,0.004711,0.0259,0.764,0.798,0.8245,0.86605
55.75,0.20531,0.04519,0.001455,0.1322,0.174,0.202,0.23,0.3056,0.002593,0.00632,0.000204,0.0,0.0,0.0,0.002,0.0158,0.792097,0.04695,0.001511,0.6824,0.766,0.798,0.824,0.864,0.002593,0.00632,0.000204,0.0,0.0,0.0,0.002,0.0158,0.79469,0.04519,0.001455,0.6944,0.77,0.798,0.826,0.8678,0.232374,0.14897,0.004711,0.13395,0.174,0.202,0.236,0.9741,0.002502,0.00623,0.000197,0.0,0.0,0.0,0.002,0.01405,0.765124,0.14904,0.004713,0.0259,0.762,0.796,0.824,0.864,0.002502,0.00623,0.000197,0.0,0.0,0.0,0.002,0.01405,0.767626,0.14897,0.004711,0.0259,0.764,0.798,0.826,0.86605
56.0,0.205231,0.04511,0.001452,0.1322,0.174,0.202,0.23,0.3056,0.002495,0.00616,0.000198,0.0,0.0,0.0,0.002,0.0158,0.792274,0.04679,0.001506,0.6824,0.766,0.798,0.824,0.8658,0.002495,0.00616,0.000198,0.0,0.0,0.0,0.002,0.0158,0.794769,0.04511,0.001452,0.6944,0.77,0.798,0.826,0.8678,0.232298,0.14896,0.00471,0.13395,0.174,0.202,0.236,0.9741,0.002408,0.00607,0.000192,0.0,0.0,0.0,0.002,0.01405,0.765294,0.14902,0.004712,0.0259,0.762,0.796,0.824,0.86405,0.002408,0.00607,0.000192,0.0,0.0,0.0,0.002,0.01405,0.767702,0.14896,0.00471,0.0259,0.764,0.798,0.826,0.86605
56.25,0.205161,0.04506,0.00145,0.1322,0.174,0.202,0.23,0.3056,0.002423,0.00593,0.000191,0.0,0.0,0.0,0.002,0.0158,0.792417,0.04665,0.001502,0.6842,0.766,0.798,0.824,0.8658,0.002423,0.00593,0.000191,0.0,0.0,0.0,0.002,0.0158,0.794839,0.04506,0.00145,0.6944,0.77,0.798,0.826,0.8678,0.23223,0.14895,0.00471,0.13395,0.174,0.202,0.236,0.9741,0.002338,0.00584,0.000185,0.0,0.0,0.0,0.002,0.01405,0.765432,0.149,0.004712,0.0259,0.762,0.796,0.824,0.86405,0.002338,0.00584,0.000185,0.0,0.0,0.0,0.002,0.01405,0.76777,0.14895,0.00471,0.0259,0.764,0.798,0.826,0.86605
56.5,0.205084,0.045,0.001449,0.1322,0.174,0.202,0.23,0.3056,0.002354,0.00581,0.000187,0.0,0.0,0.0,0.002,0.016,0.792562,0.04652,0.001498,0.686,0.766,0.798,0.824,0.8658,0.002354,0.00581,0.000187,0.0,0.0,0.0,0.002,0.016,0.794916,0.045,0.001449,0.6944,0.77,0.798,0.826,0.8678,0.232156,0.14895,0.00471,0.13395,0.174,0.202,0.236,0.9741,0.002272,0.00572,0.000181,0.0,0.0,0.0,0.002,0.016,0.765572,0.14899,0.004711,0.0259,0.762,0.796,0.824,0.86405,0.002272,0.00572,0.000181,0.0,0.0,0.0,0.002,0.016,0.767844,0.14895,0.00471,0.0259,0.764,0.798,0.826,0.86605
56.75,0.205022,0.04499,0.001448,0.1322,0.174,0.202,0.23,0.3056,0.002288,0.0057,0.000183,0.0,0.0,0.0,0.002,0.016,0.79269,0.04644,0.001495,0.6862,0.766,0.798,0.824,0.8658,0.002288,0.0057,0.000183,0.0,0.0,0.0,0.002,0.016,0.794978,0.04499,0.001448,0.6944,0.77,0.798,0.826,0.8678,0.232096,0.14896,0.00471,0.13395,0.174,0.202,0.236,0.9741,0.002208,0.00561,0.000177,0.0,0.0,0.0,0.002,0.016,0.765696,0.14899,0.004711,0.0259,0.762,0.796,0.824,0.86405,0.002208,0.00561,0.000177,0.0,0.0,0.0,0.002,0.016,0.767904,0.14896,0.00471,0.0259,0.764,0.798,0.826,0.86605
57.0,0.204937,0.04492,0.001446,0.1322,0.174,0.2,0.23,0.3056,0.00223,0.00559,0.00018,0.0,0.0,0.0,0.002,0.016,0.792833,0.04631,0.001491,0.6862,0.766,0.798,0.824,0.8658,0.00223,0.00559,0.00018,0.0,0.0,0.0,0.002,0.016,0.795063,0.04492,0.001446,0.6944,0.77,0.8,0.826,0.8678,0.232014,0.14895,0.00471,0.13395,0.174,0.202,0.236,0.9741,0.002152,0.0055,0.000174,0.0,0.0,0.0,0.002,0.016,0.765834,0.14897,0.004711,0.0259,0.7635,0.796,0.824,0.86405,0.002152,0.0055,0.000174,0.0,0.0,0.0,0.002,0.016,0.767986,0.14895,0.00471,0.0259,0.764,0.798,0.826,0.86605
57.25,0.204883,0.04486,0.001444,0.1322,0.174,0.2,0.23,0.3056,0.002178,0.00546,0.000176,0.0,0.0,0.0,0.002,0.014,0.792939,0.04622,0.001488,0.688,0.766,0.798,0.824,0.8658,0.002178,0.00546,0.000176,0.0,0.0,0.0,0.002,0.014,0.795117,0.04486,0.001444,0.6944,0.77,0.8,0.826,0.8678,0.231962,0.14895,0.00471,0.13395,0.174,0.202,0.236,0.9741,0.002102,0.00537,0.00017,0.0,0.0,0.0,0.002,0.014,0.765936,0.14896,0.004711,0.0259,0.7635,0.796,0.824,0.86405,0.002102,0.00537,0.00017,0.0,0.0,0.0,0.002,0.014,0.768038,0.14895,0.00471,0.0259,0.764,0.798,0.826,0.86605
57.5,0.204808,0.04482,0.001443,0.1322,0.174,0.2,0.23,0.3056,0.002104,0.00522,0.000168,0.0,0.0,0.0,0.002,0.016,0.793088,0.04613,0.001485,0.6902,0.766,0.798,0.824,0.8658,0.002104,0.00522,0.000168,0.0,0.0,0.0,0.002,0.016,0.795192,0.04482,0.001443,0.6944,0.77,0.8,0.826,0.8678,0.23189,0.14895,0.00471,0.13395,0.174,0.202,0.236,0.9741,0.00203,0.00515,0.000163,0.0,0.0,0.0,0.002,0.016,0.76608,0.14896,0.004711,0.0259,0.764,0.796,0.824,0.86405,0.00203,0.00515,0.000163,0.0,0.0,0.0,0.002,0.016,0.76811,0.14895,0.00471,0.0259,0.764,0.798,0.826,0.86605
57.75,0.204763,0.04479,0.001442,0.1322,0.174,0.2,0.23,0.3056,0.002002,0.00491,0.000158,0.0,0.0,0.0,0.002,0.016,0.793235,0.04603,0.001482,0.6902,0.766,0.798,0.824,0.866,0.002002,0.00491,0.000158,0.0,0.0,0.0,0.002,0.016,0.795237,0.04479,0.001442,0.6944,0.77,0.8,0.826,0.8678,0.231846,0.14894,0.00471,0.13395,0.174,0.202,0.236,0.9741,0.001932,0.00484,0.000153,0.0,0.0,0.0,0.002,0.016,0.766222,0.14896,0.00471,0.0259,0.764,0.796,0.824,0.866,0.001932,0.00484,0.000153,0.0,0.0,0.0,0.002,0.016,0.768154,0.14894,0.00471,0.0259,0.764,0.798,0.826,0.86605
58.0,0.204715,0.04475,0.001441,0.1322,0.174,0.2,0.23,0.3056,0.001936,0.00478,0.000154,0.0,0.0,0.0,0.002,0.016,0.793349,0.04593,0.001479,0.6902,0.766,0.798,0.824,0.866,0.001936,0.00478,0.000154,0.0,0.0,0.0,0.002,0.016,0.795285,0.04475,0.001441,0.6944,0.77,0.8,0.826,0.8678,0.2318,0.14894,0.00471,0.13395,0.174,0.202,0.236,0.9741,0.001868,0.00471,0.000149,0.0,0.0,0.0,0.002,0.016,0.766332,0.14895,0.00471,0.0259,0.764,0.796,0.824,0.866,0.001868,0.00471,0.000149,0.0,0.0,0.0,0.002,0.016,0.7682,0.14894,0.00471,0.0259,0.764,0.798,0.826,0.86605
58.25,0.204669,0.04471,0.001439,0.1322,0.174,0.2,0.23,0.3056,0.001822,0.0046,0.000148,0.0,0.0,0.0,0.002,0.014,0.793509,0.04586,0.001476,0.692,0.766,0.798,0.824,0.866,0.001822,0.0046,0.000148,0.0,0.0,0.0,0.002,0.014,0.795331,0.04471,0.001439,0.6944,0.77,0.8,0.826,0.8678,0.231756,0.14894,0.00471,0.13395,0.174,0.202,0.236,0.9741,0.001758,0.00454,0.000143,0.0,0.0,0.0,0.002,0.014,0.766486,0.14896,0.00471,0.0259,0.764,0.796,0.824,0.866,0.001758,0.00454,0.000143,0.0,0.0,0.0,0.002,0.014,0.768244,0.14894,0.00471,0.0259,0.764,0.798,0.826,0.86605
58.5,0.204609,0.04466,0.001438,0.1322,0.174,0.2,0.23,0.3038,0.001764,0.00451,0.000145,0.0,0.0,0.0,0.002,0.014,0.793627,0.04575,0.001473,0.692,0.766,0.798,0.824,0.866,0.001764,0.00451,0.000145,0.0,0.0,0.0,0.002,0.014,0.795391,0.04466,0.001438,0.6962,0.77,0.8,0.826,0.8678,0.231698,0.14894,0.00471,0.13395,0.174,0.202,0.236,0.9741,0.001702,0.00444,0.000141,0.0,0.0,0.0,0.002,0.014,0.7666,0.14894,0.00471,0.0259,0.764,0.796,0.824,0.866,0.001702,0.00444,0.000141,0.0,0.0,0.0,0.002,0.014,0.768302,0.14894,0.00471,0.0259,0.764,0.798,0.826,0.86605
58.75,0.204539,0.04464,0.001437,0.1322,0.174,0.2,0.23,0.302,0.001718,0.00445,0.000143,0.0,0.0,0.0,0.002,0.014,0.793743,0.04568,0.00147,0.692,0.768,0.798,0.826,0.866,0.001718,0.00445,0.000143,0.0,0.0,0.0,0.002,0.014,0.795461,0.04464,0.001437,0.698,0.77,0.8,0.826,0.8678,0.23163,0.14894,0.00471,0.13395,0.174,0.202,0.236,0.9741,0.001658,0.00439,0.000139,0.0,0.0,0.0,0.002,0.014,0.766712,0.14894,0.00471,0.0259,0.764,0.796,0.824,0.866,0.001658,0.00439,0.000139,0.0,0.0,0.0,0.002,0.014,0.76837,0.14894,0.00471,0.0259,0.764,0.798,0.826,0.86605
59.0,0.204483,0.0446,0.001436,0.1322,0.174,0.2,0.23,0.302,0.00166,0.00427,0.000137,0.0,0.0,0.0,0.002,0.012,0.793857,0.04559,0.001468,0.6922,0.768,0.798,0.826,0.866,0.00166,0.00427,0.000137,0.0,0.0,0.0,0.002,0.012,0.795517,0.0446,0.001436,0.698,0.77,0.8,0.826,0.8678,0.231576,0.14894,0.00471,0.13395,0.174,0.202,0.236,0.9741,0.001602,0.0042,0.000133,0.0,0.0,0.0,0.002,0.012,0.766822,0.14894,0.00471,0.0259,0.764,0.796,0.824,0.866,0.001602,0.0042,0.000133,0.0,0.0,0.0,0.002,0.012,0.768424,0.14894,0.00471,0.0259,0.764,0.798,0.826,0.86605
59.25,0.204441,0.04456,0.001434,0.1322,0.174,0.2,0.23,0.302,0.001596,0.0041,0.000132,0.0,0.0,0.0,0.002,0.012,0.793963,0.04551,0.001465,0.694,0.768,0.798,0.826,0.866,0.001596,0.0041,0.000132,0.0,0.0,0.0,0.002,0.012,0.795559,0.04456,0.001434,0.698,0.77,0.8,0.826,0.8678,0.231536,0.14893,0.00471,0.13395,0.174,0.202,0.236,0.9741,0.00154,0.00404,0.000128,0.0,0.0,0.0,0.002,0.012,0.766924,0.14893,0.00471,0.0259,0.764,0.796,0.824,0.866,0.00154,0.00404,0.000128,0.0,0.0,0.0,0.002,0.012,0.768464,0.14893,0.00471,0.0259,0.764,0.798,0.826,0.86605
59.5,0.2044,0.04453,0.001434,0.1322,0.174,0.2,0.23,0.302,0.001538,0.00396,0.000127,0.0,0.0,0.0,0.002,0.012,0.794062,0.04542,0.001462,0.694,0.768,0.798,0.826,0.866,0.001538,0.00396,0.000127,0.0,0.0,0.0,0.002,0.012,0.7956,0.04453,0.001434,0.698,0.77,0.8,0.826,0.8678,0.231496,0.14893,0.00471,0.13395,0.174,0.202,0.2345,0.9741,0.001484,0.0039,0.000123,0.0,0.0,0.0,0.002,0.012,0.76702,0.14892,0.004709,0.0259,0.764,0.796,0.824,0.866,0.001484,0.0039,0.000123,0.0,0.0,0.0,0.002,0.012,0.768504,0.14893,0.00471,0.0259,0.7655,0.798,0.826,0.86605
59.75,0.204361,0.04449,0.001432,0.1322,0.174,0.2,0.23,0.302,0.001465,0.00381,0.000123,0.0,0.0,0.0,0.002,0.012,0.794174,0.04533,0.001459,0.694,0.768,0.798,0.826,0.866,0.001465,0.00381,0.000123,0.0,0.0,0.0,0.002,0.012,0.795639,0.04449,0.001432,0.698,0.77,0.8,0.826,0.8678,0.231458,0.14893,0.00471,0.13395,0.174,0.202,0.234,0.9741,0.001414,0.00375,0.000119,0.0,0.0,0.0,0.002,0.012,0.767128,0.14892,0.004709,0.0259,0.764,0.796,0.824,0.866,0.001414,0.00375,0.000119,0.0,0.0,0.0,0.002,0.012,0.768542,0.14893,0.00471,0.0259,0.766,0.798,0.826,0.86605
60.0,0.204313,0.04447,0.001431,0.1322,0.174,0.2,0.23,0.302,0.001422,0.00381,0.000123,0.0,0.0,0.0,0.002,0.012,0.794265,0.04527,0.001457,0.694,0.768,0.798,0.826,0.8678,0.001422,0.00381,0.000123,0.0,0.0,0.0,0.002,0.012,0.795687,0.04447,0.001431,0.698,0.77,0.8,0.826,0.8678,0.231412,0.14893,0.00471,0.13395,0.174,0.202,0.234,0.9741,0.001372,0.00375,0.000119,0.0,0.0,0.0,0.0,0.012,0.767216,0.14892,0.004709,0.0259,0.764,0.797,0.824,0.86605,0.001372,0.00375,0.000119,0.0,0.0,0.0,0.0,0.012,0.768588,0.14893,0.00471,0.0259,0.766,0.798,0.826,0.86605
