t,cond.S.mean,cond.S.sd,cond.S.se,cond.S.q025,cond.S.q25,cond.S.q50,cond.S.q75,cond.S.q975,cond.I.mean,cond.I.sd,cond.I.se,cond.I.q025,cond.I.q25,cond.I.q50,cond.I.q75,cond.I.q975,cond.R.mean,cond.R.sd,cond.R.se,cond.R.q025,cond.R.q25,cond.R.q50,cond.R.q75,cond.R.q975,cond.infectious.mean,cond.infectious.sd,cond.infectious.se,cond.infectious.q025,cond.infectious.q25,cond.infectious.q50,cond.infectious.q75,cond.infectious.q975,cond.cumulative.mean,cond.cumulative.sd,cond.cumulative.se,cond.cumulative.q025,cond.cumulative.q25,cond.cumulative.q50,cond.cumulative.q75,cond.cumulative.q975
0.0,0.99,0.0,0.0,0.99,0.99,0.99,0.99,0.99,0.01,0.0,0.0,0.01,0.01,0.01,0.01,0.01,0.0,0.0,0.0,0.0,0.0,0.0,0.0,0.0,0.01,0.0,0.0,0.01,0.01,0.01,0.01,0.01,0.01,0.0,0.0,0.01,0.01,0.01,0.01,0.01
0.25,0.98875,0.00012,4.0e-6,0.98851,0.98867,0.98875,0.98883,0.98897,0.010604,0.00014,4.0e-6,0.01033,0.01051,0.01061,0.01069,0.01087,0.000647,8.0e-5,3.0e-6,0.0005,0.00059,0.00065,0.0007,0.0008,0.010604,0.00014,4.0e-6,0.01033,0.01051,0.01061,0.01069,0.01087,0.01125,0.00012,4.0e-6,0.01103,0.01117,0.01125,0.01133,0.01149
0.5,0.98747,0.00017,5.0e-6,0.98713,0.98735,0.98747,0.98759,0.98782,0.011202,0.0002,6.0e-6,0.01081,0.01106,0.0112,0.01134,0.01162,0.001327,0.00011,3.0e-6,0.00112,0.00125,0.00132,0.0014,0.00155,0.011202,0.0002,6.0e-6,0.01081,0.01106,0.0112,0.01134,0.01162,0.01253,0.00017,5.0e-6,0.01218,0.01241,0.01253,0.01265,0.01287
0.75,0.986175,0.00023,7.0e-6,0.98574,0.98603,0.98617,0.98633,0.98661,0.011784,0.00026,8.0e-6,0.01129,0.01161,0.01179,0.01196,0.01227,0.002041,0.00013,4.0e-6,0.00178,0.00195,0.00204,0.00213,0.00229,0.011784,0.00026,8.0e-6,0.01129,0.01161,0.01179,0.01196,0.01227,0.013825,0.00023,7.0e-6,0.01339,0.01367,0.01383,0.01397,0.01426
1.0,0.984847,0.00027,9.0e-6,0.98433,0.98466,0.98484,0.98503,0.98538,0.01236,0.0003,9.0e-6,0.01175,0.01217,0.01236,0.01257,0.01292,0.002792,0.00015,5.0e-6,0.00253,0.00269,0.00279,0.00289,0.00309,0.01236,0.0003,9.0e-6,0.01175,0.01217,0.01236,0.01257,0.01292,0.015153,0.00027,9.0e-6,0.01462,0.01497,0.01516,0.01534,0.01567
1.25,0.983503,0.00032,1.0e-5,0.98289,0.9833,0.9835,0.98371,0.98415,0.012914,0.00034,1.1e-5,0.01223,0.01269,0.01292,0.01313,0.01358,0.003583,0.00017,5.0e-6,0.00328,0.00346,0.00358,0.0037,0.00391,0.012914,0.00034,1.1e-5,0.01223,0.01269,0.01292,0.01313,0.01358,0.016497,0.00032,1.0e-5,0.01585,0.01629,0.0165,0.0167,0.01711
1.5,0.982139,0.00036,1.1e-5,0.98143,0.98191,0.98212,0.98238,0.98289,0.013457,0.00038,1.2e-5,0.01266,0.0132,0.01344,0.01373,0.01415,0.004403,0.00018,6.0e-6,0.00406,0.00428,0.0044,0.00453,0.00474,0.013457,0.00038,1.2e-5,0.01266,0.0132,0.01344,0.01373,0.01415,0.017861,0.00036,1.1e-5,0.01711,0.01762,0.01788,0.01809,0.01857
1.75,0.980741,0.00041,1.3e-5,0.97995,0.98047,0.98073,0.98103,0.98155,0.013999,0.00042,1.3e-5,0.01314,0.01371,0.014,0.01429,0.01482,0.005261,0.0002,6.0e-6,0.00489,0.00512,0.00526,0.0054,0.00565,0.013999,0.00042,1.3e-5,0.01314,0.01371,0.014,0.01429,0.01482,0.01926,0.00041,1.3e-5,0.01845,0.01897,0.01927,0.01953,0.02005
2.0,0.979318,0.00046,1.5e-5,0.97845,0.97901,0.97931,0.97963,0.9802,0.014537,0.00046,1.5e-5,0.01364,0.01422,0.01453,0.01486,0.01547,0.006146,0.00021,7.0e-6,0.00574,0.006,0.00614,0.00628,0.00656,0.014537,0.00046,1.5e-5,0.01364,0.01422,0.01453,0.01486,0.01547,0.020682,0.00046,1.5e-5,0.0198,0.02037,0.02069,0.02099,0.02155
2.25,0.977874,0.00051,1.6e-5,0.97685,0.97753,0.97787,0.97823,0.97884,0.015056,0.0005,1.6e-5,0.01408,0.01472,0.01504,0.01538,0.01604,0.00707,0.00022,7.0e-6,0.00665,0.00691,0.00706,0.00722,0.0075,0.015056,0.0005,1.6e-5,0.01408,0.01472,0.01504,0.01538,0.01604,0.022126,0.00051,1.6e-5,0.02116,0.02177,0.02213,0.02247,0.02315
2.5,0.9764,0.00057,1.8e-5,0.9753,0.97602,0.97641,0.97678,0.97747,0.015573,0.00054,1.7e-5,0.01453,0.01523,0.01557,0.01592,0.01664,0.008027,0.00024,8.0e-6,0.00757,0.00785,0.00803,0.0082,0.00852,0.015573,0.00054,1.7e-5,0.01453,0.01523,0.01557,0.01592,0.01664,0.0236,0.00057,1.8e-5,0.02253,0.02322,0.02359,0.02398,0.0247
2.75,0.974902,0.00063,2.0e-5,0.97371,0.97449,0.97491,0.97534,0.97611,0.016078,0.00058,1.8e-5,0.01491,0.01569,0.01607,0.01646,0.01729,0.00902,0.00026,8.0e-6,0.00855,0.00883,0.00901,0.00919,0.00955,0.016078,0.00058,1.8e-5,0.01491,0.01569,0.01607,0.01646,0.01729,0.025098,0.00063,2.0e-5,0.02389,0.02466,0.02509,0.02551,0.02629
3.0,0.97338,0.00069,2.2e-5,0.97206,0.97294,0.97338,0.97386,0.97463,0.016582,0.00061,1.9e-5,0.01531,0.01618,0.01658,0.017,0.01777,0.010038,0.00027,9.0e-6,0.00954,0.00985,0.01003,0.01023,0.01057,0.016582,0.00061,1.9e-5,0.01531,0.01618,0.01658,0.017,0.01777,0.02662,0.00069,2.2e-5,0.02537,0.02614,0.02662,0.02706,0.02794
3.25,0.971824,0.00075,2.4e-5,0.97037,0.97132,0.97182,0.97234,0.97328,0.017085,0.00065,2.1e-5,0.01583,0.01665,0.0171,0.01752,0.01837,0.01109,0.00029,9.0e-6,0.01053,0.01088,0.01108,0.01129,0.01168,0.017085,0.00065,2.1e-5,0.01583,0.01665,0.0171,0.01752,0.01837,0.028176,0.00075,2.4e-5,0.02672,0.02766,0.02818,0.02868,0.02963
3.5,0.970248,0.0008,2.5e-5,0.96869,0.9697,0.97026,0.9708,0.9718,0.017574,0.00068,2.2e-5,0.01626,0.01711,0.01758,0.01801,0.01897,0.012178,0.00032,1.0e-5,0.01154,0.01196,0.01217,0.01239,0.01281,0.017574,0.00068,2.2e-5,0.01626,0.01711,0.01758,0.01801,0.01897,0.029752,0.0008,2.5e-5,0.0282,0.0292,0.02974,0.0303,0.03131
3.75,0.968642,0.00086,2.7e-5,0.967,0.96807,0.96862,0.96924,0.97036,0.018066,0.00071,2.3e-5,0.01666,0.01758,0.01808,0.01855,0.01949,0.013292,0.00035,1.1e-5,0.01261,0.01305,0.01329,0.01352,0.01397,0.018066,0.00071,2.3e-5,0.01666,0.01758,0.01808,0.01855,0.01949,0.031358,0.00086,2.7e-5,0.02964,0.03076,0.03138,0.03193,0.033
4.0,0.967012,0.00093,2.9e-5,0.96521,0.9664,0.96699,0.96766,0.9688,0.018546,0.00075,2.4e-5,0.01709,0.01804,0.01854,0.01905,0.02003,0.014442,0.00037,1.2e-5,0.01374,0.01418,0.01444,0.01469,0.01519,0.018546,0.00075,2.4e-5,0.01709,0.01804,0.01854,0.01905,0.02003,0.032988,0.00093,2.9e-5,0.0312,0.03234,0.03301,0.0336,0.03479
4.25,0.965345,0.001,3.1e-5,0.96341,0.96468,0.96534,0.96602,0.96724,0.019035,0.00078,2.5e-5,0.01746,0.0185,0.01905,0.01954,0.02058,0.01562,0.0004,1.3e-5,0.01486,0.01534,0.01563,0.01591,0.01639,0.019035,0.00078,2.5e-5,0.01746,0.0185,0.01905,0.01954,0.02058,0.034655,0.001,3.1e-5,0.03276,0.03398,0.03466,0.03532,0.03659
4.5,0.963659,0.00106,3.3e-5,0.96162,0.96296,0.96366,0.96438,0.96571,0.019518,0.00081,2.6e-5,0.0179,0.01899,0.01952,0.02004,0.02109,0.016823,0.00043,1.4e-5,0.01602,0.01652,0.01682,0.01712,0.01771,0.019518,0.00081,2.6e-5,0.0179,0.01899,0.01952,0.02004,0.02109,0.036341,0.00106,3.3e-5,0.03429,0.03562,0.03635,0.03704,0.03838
4.75,0.961948,0.00114,3.6e-5,0.95976,0.96121,0.96193,0.96271,0.96416,0.01999,0.00085,2.7e-5,0.01831,0.01943,0.02,0.02054,0.02161,0.018062,0.00046,1.5e-5,0.01719,0.01774,0.01806,0.01838,0.01898,0.01999,0.00085,2.7e-5,0.01831,0.01943,0.02,0.02054,0.02161,0.038052,0.00114,3.6e-5,0.03584,0.03729,0.03807,0.03879,0.04024
5.0,0.960217,0.00121,3.8e-5,0.95792,0.95943,0.9602,0.96102,0.96266,0.020462,0.00088,2.8e-5,0.01873,0.01989,0.02045,0.02102,0.02218,0.019321,0.0005,1.6e-5,0.01842,0.01896,0.01932,0.01966,0.02031,0.020462,0.00088,2.8e-5,0.01873,0.01989,0.02045,0.02102,0.02218,0.039783,0.00121,3.8e-5,0.03734,0.03898,0.0398,0.04057,0.04208
5.25,0.958451,0.00127,4.0e-5,0.95598,0.95766,0.95843,0.95931,0.96102,0.020935,0.00091,2.9e-5,0.0191,0.02034,0.0209,0.02152,0.02273,0.020614,0.00054,1.7e-5,0.0196,0.02023,0.02061,0.021,0.02165,0.020935,0.00091,2.9e-5,0.0191,0.02034,0.0209,0.02152,0.02273,0.041549,0.00127,4.0e-5,0.03898,0.04069,0.04158,0.04234,0.04402
5.5,0.956647,0.00134,4.2e-5,0.95404,0.95582,0.95664,0.95753,0.95935,0.021419,0.00094,3.0e-5,0.0195,0.0208,0.02142,0.02202,0.02323,0.021934,0.00058,1.8e-5,0.02083,0.02151,0.02192,0.02235,0.02307,0.021419,0.00094,3.0e-5,0.0195,0.0208,0.02142,0.02202,0.02323,0.043353,0.00134,4.2e-5,0.04065,0.04247,0.04336,0.04418,0.04596
5.75,0.954814,0.00143,4.5e-5,0.95209,0.95393,0.95478,0.9558,0.95762,0.021902,0.00098,3.1e-5,0.01987,0.02125,0.02192,0.02254,0.0238,0.023284,0.00063,2.0e-5,0.02205,0.02284,0.02327,0.02369,0.02452,0.021902,0.00098,3.1e-5,0.01987,0.02125,0.02192,0.02254,0.0238,0.045186,0.00143,4.5e-5,0.04238,0.0442,0.04522,0.04607,0.04791
6.0,0.952954,0.0015,4.8e-5,0.95009,0.95199,0.95293,0.954,0.95591,0.022382,0.00101,3.2e-5,0.02038,0.02169,0.02238,0.02304,0.02431,0.024665,0.00067,2.1e-5,0.02342,0.0242,0.02464,0.02511,0.02605,0.022382,0.00101,3.2e-5,0.02038,0.02169,0.02238,0.02304,0.02431,0.047046,0.0015,4.8e-5,0.04409,0.046,0.04707,0.04801,0.04991
6.25,0.951066,0.00158,5.0e-5,0.94807,0.95003,0.95104,0.95214,0.95416,0.02285,0.00104,3.3e-5,0.02075,0.02215,0.02284,0.02355,0.02486,0.026084,0.00072,2.3e-5,0.02475,0.02559,0.02606,0.02656,0.02752,0.02285,0.00104,3.3e-5,0.02075,0.02215,0.02284,0.02355,0.02486,0.048934,0.00158,5.0e-5,0.04584,0.04786,0.04896,0.04997,0.05193
6.5,0.949156,0.00166,5.3e-5,0.94592,0.9481,0.94912,0.95029,0.95242,0.023322,0.00107,3.4e-5,0.02119,0.02258,0.0233,0.02405,0.02541,0.027522,0.00077,2.4e-5,0.0261,0.02699,0.02751,0.02802,0.02904,0.023322,0.00107,3.4e-5,0.02119,0.02258,0.0233,0.02405,0.02541,0.050844,0.00166,5.3e-5,0.04758,0.04971,0.05088,0.0519,0.05408
6.75,0.947215,0.00175,5.5e-5,0.94387,0.94609,0.94718,0.94842,0.9507,0.023798,0.0011,3.5e-5,0.02147,0.0231,0.02379,0.02453,0.02592,0.028988,0.00083,2.6e-5,0.02744,0.02841,0.02898,0.02952,0.03055,0.023798,0.0011,3.5e-5,0.02147,0.0231,0.02379,0.02453,0.02592,0.052785,0.00175,5.5e-5,0.0493,0.05158,0.05282,0.05391,0.05613
7.0,0.945241,0.00184,5.8e-5,0.94172,0.94406,0.94521,0.94648,0.94892,0.024272,0.00113,3.6e-5,0.02199,0.02356,0.02425,0.02503,0.02647,0.030487,0.00088,2.8e-5,0.02884,0.02989,0.03046,0.03107,0.03214,0.024272,0.00113,3.6e-5,0.02199,0.02356,0.02425,0.02503,0.02647,0.054759,0.00184,5.8e-5,0.05108,0.05352,0.05478,0.05594,0.05828
7.25,0.943244,0.00192,6.1e-5,0.93953,0.94202,0.94318,0.94457,0.94712,0.02474,0.00116,3.7e-5,0.02245,0.02398,0.0247,0.02552,0.02692,0.032016,0.00094,3.0e-5,0.03027,0.03137,0.032,0.03261,0.03383,0.02474,0.00116,3.7e-5,0.02245,0.02398,0.0247,0.02552,0.02692,0.056756,0.00192,6.1e-5,0.05288,0.05543,0.05682,0.05798,0.06047
7.5,0.941203,0.002,6.3e-5,0.93729,0.93995,0.94116,0.94256,0.94524,0.02521,0.00119,3.8e-5,0.02283,0.02449,0.02518,0.02603,0.0274,0.033587,0.001,3.2e-5,0.0317,0.0329,0.03358,0.03422,0.03554,0.02521,0.00119,3.8e-5,0.02283,0.02449,0.02518,0.02603,0.0274,0.058797,0.002,6.3e-5,0.05476,0.05744,0.05884,0.06005,0.06271
7.75,0.939137,0.00209,6.6e-5,0.93496,0.93779,0.93906,0.94052,0.94329,0.025687,0.00122,3.9e-5,0.02324,0.02491,0.02564,0.02652,0.02803,0.035175,0.00105,3.3e-5,0.03323,0.03447,0.03518,0.03583,0.03726,0.025687,0.00122,3.9e-5,0.02324,0.02491,0.02564,0.02652,0.02803,0.060863,0.00209,6.6e-5,0.05671,0.05948,0.06094,0.06221,0.06504
8.0,0.937048,0.00219,6.9e-5,0.93273,0.93562,0.93694,0.93851,0.94136,0.026148,0.00125,4.0e-5,0.02363,0.02535,0.02612,0.02698,0.02864,0.036805,0.00111,3.5e-5,0.0348,0.03607,0.03682,0.03753,0.03899,0.026148,0.00125,4.0e-5,0.02363,0.02535,0.02612,0.02698,0.02864,0.062952,0.00219,6.9e-5,0.05864,0.06149,0.06306,0.06438,0.06727
8.25,0.934927,0.00228,7.2e-5,0.93043,0.93342,0.93482,0.93647,0.93945,0.02662,0.00129,4.1e-5,0.02401,0.02578,0.02658,0.02752,0.02922,0.038453,0.00117,3.7e-5,0.03617,0.03769,0.03846,0.03921,0.04079,0.02662,0.00129,4.1e-5,0.02401,0.02578,0.02658,0.02752,0.02922,0.065073,0.00228,7.2e-5,0.06055,0.06353,0.06518,0.06658,0.06957
8.5,0.932772,0.00238,7.5e-5,0.92813,0.93122,0.93272,0.93434,0.93754,0.027095,0.00132,4.2e-5,0.02452,0.02621,0.02706,0.02798,0.02985,0.040133,0.00124,3.9e-5,0.03775,0.03932,0.04013,0.0409,0.04263,0.027095,0.00132,4.2e-5,0.02452,0.02621,0.02706,0.02798,0.02985,0.067228,0.00238,7.5e-5,0.06246,0.06566,0.06728,0.06878,0.07187
8.75,0.930585,0.00248,7.9e-5,0.92573,0.92897,0.93051,0.93223,0.93563,0.02757,0.00136,4.3e-5,0.02494,0.02668,0.02756,0.02846,0.03036,0.041846,0.00131,4.1e-5,0.03936,0.04097,0.04185,0.04268,0.04448,0.02757,0.00136,4.3e-5,0.02494,0.02668,0.02756,0.02846,0.03036,0.069415,0.00248,7.9e-5,0.06437,0.06777,0.06949,0.07103,0.07427
9.0,0.928371,0.00258,8.2e-5,0.92338,0.9267,0.92834,0.93009,0.93354,0.02804,0.00139,4.4e-5,0.02538,0.02715,0.02805,0.02891,0.03084,0.043589,0.00138,4.4e-5,0.04098,0.04264,0.04359,0.04448,0.04639,0.02804,0.00139,4.4e-5,0.02538,0.02715,0.02805,0.02891,0.03084,0.071629,0.00258,8.2e-5,0.06646,0.06991,0.07167,0.0733,0.07662
9.25,0.926133,0.00268,8.5e-5,0.92086,0.92439,0.92614,0.92789,0.93136,0.028512,0.00142,4.5e-5,0.02584,0.0276,0.02852,0.02942,0.03139,0.045356,0.00145,4.6e-5,0.04254,0.04439,0.04538,0.04626,0.04829,0.028512,0.00142,4.5e-5,0.02584,0.0276,0.02852,0.02942,0.03139,0.073867,0.00268,8.5e-5,0.06864,0.07211,0.07386,0.07561,0.07914
9.5,0.923873,0.00279,8.8e-5,0.91829,0.92208,0.92386,0.92568,0.92929,0.028976,0.00145,4.6e-5,0.02624,0.02804,0.02896,0.02991,0.03184,0.047151,0.00152,4.8e-5,0.04417,0.04612,0.04717,0.04811,0.05017,0.028976,0.00145,4.6e-5,0.02624,0.02804,0.02896,0.02991,0.03184,0.076127,0.00279,8.8e-5,0.07071,0.07432,0.07614,0.07792,0.08171
9.75,0.921568,0.0029,9.2e-5,0.91568,0.9197,0.92152,0.92345,0.92722,0.029452,0.00149,4.7e-5,0.02661,0.02847,0.02943,0.03043,0.03233,0.048979,0.00159,5.0e-5,0.04587,0.04791,0.04899,0.04999,0.05221,0.029452,0.00149,4.7e-5,0.02661,0.02847,0.02943,0.03043,0.03233,0.078432,0.0029,9.2e-5,0.07278,0.07655,0.07847,0.0803,0.08432
10.0,0.919235,0.00301,9.5e-5,0.91316,0.91731,0.91923,0.92122,0.92508,0.029929,0.00152,4.8e-5,0.02702,0.0289,0.0299,0.03097,0.03295,0.050836,0.00168,5.3e-5,0.0476,0.04969,0.05084,0.05191,0.05424,0.029929,0.00152,4.8e-5,0.02702,0.0289,0.0299,0.03097,0.03295,0.080765,0.00301,9.5e-5,0.07492,0.07878,0.08077,0.08269,0.08684
10.25,0.916878,0.00312,9.9e-5,0.91047,0.9148,0.91692,0.91892,0.92289,0.030405,0.00155,4.9e-5,0.02744,0.02938,0.03037,0.03145,0.03351,0.052717,0.00176,5.6e-5,0.04926,0.0515,0.05272,0.05383,0.05629,0.030405,0.00155,4.9e-5,0.02744,0.02938,0.03037,0.03145,0.03351,0.083122,0.00312,9.9e-5,0.07711,0.08108,0.08308,0.0852,0.08953
10.5,0.914485,0.00323,0.000102,0.90782,0.91233,0.91451,0.91663,0.92073,0.03088,0.00159,5.0e-5,0.02789,0.02982,0.03087,0.03195,0.03403,0.054635,0.00184,5.8e-5,0.05098,0.05341,0.05464,0.05579,0.05826,0.03088,0.00159,5.0e-5,0.02789,0.02982,0.03087,0.03195,0.03403,0.085515,0.00323,0.000102,0.07927,0.08337,0.08549,0.08767,0.09218
10.75,0.912069,0.00334,0.000106,0.90531,0.90979,0.91212,0.91428,0.91864,0.03135,0.00161,5.1e-5,0.02835,0.03027,0.03135,0.03243,0.03444,0.05658,0.00193,6.1e-5,0.05276,0.05532,0.0566,0.05777,0.06041,0.03135,0.00161,5.1e-5,0.02835,0.03027,0.03135,0.03243,0.03444,0.087931,0.00334,0.000106,0.08136,0.08572,0.08788,0.09021,0.09469
11.0,0.909619,0.00346,0.000109,0.90285,0.9073,0.90962,0.91187,0.91635,0.031824,0.00165,5.2e-5,0.02874,0.03073,0.03183,0.03295,0.03499,0.058557,0.00201,6.4e-5,0.05457,0.05722,0.05856,0.05978,0.06267,0.031824,0.00165,5.2e-5,0.02874,0.03073,0.03183,0.03295,0.03499,0.090381,0.00346,0.000109,0.08365,0.08813,0.09038,0.0927,0.09715
11.25,0.907141,0.00358,0.000113,0.89983,0.90479,0.90713,0.90948,0.91418,0.032297,0.00168,5.3e-5,0.02919,0.03119,0.0323,0.03342,0.03558,0.060563,0.0021,6.6e-5,0.05642,0.05917,0.06056,0.06185,0.06485,0.032297,0.00168,5.3e-5,0.02919,0.03119,0.0323,0.03342,0.03558,0.092859,0.00358,0.000113,0.08582,0.09052,0.09287,0.09521,0.10017
11.5,0.904627,0.00369,0.000117,0.89712,0.90221,0.9046,0.9071,0.91185,0.032774,0.00171,5.4e-5,0.02953,0.03161,0.03281,0.0339,0.0362,0.062599,0.00219,6.9e-5,0.0582,0.06119,0.0626,0.06393,0.06701,0.032774,0.00171,5.4e-5,0.02953,0.03161,0.03281,0.0339,0.0362,0.095373,0.00369,0.000117,0.08815,0.0929,0.0954,0.09779,0.10288
11.75,0.902088,0.00381,0.00012,0.89427,0.89961,0.90205,0.90462,0.90958,0.033248,0.00174,5.5e-5,0.0299,0.03211,0.03327,0.03435,0.03678,0.064664,0.00228,7.2e-5,0.06012,0.06318,0.06469,0.0661,0.06931,0.033248,0.00174,5.5e-5,0.0299,0.03211,0.03327,0.03435,0.03678,0.097912,0.00381,0.00012,0.09042,0.09538,0.09795,0.10039,0.10573
12.0,0.899524,0.00393,0.000124,0.89146,0.89694,0.89952,0.90208,0.90718,0.033717,0.00177,5.6e-5,0.0303,0.03257,0.0337,0.03486,0.0373,0.066759,0.00237,7.5e-5,0.06203,0.06524,0.06676,0.06826,0.07159,0.033717,0.00177,5.6e-5,0.0303,0.03257,0.0337,0.03486,0.0373,0.100476,0.00393,0.000124,0.09282,0.09792,0.10048,0.10306,0.10854
12.25,0.89693,0.00406,0.000128,0.88882,0.89432,0.89687,0.89959,0.90491,0.034195,0.00182,5.7e-5,0.03063,0.033,0.03415,0.03538,0.03779,0.068875,0.00245,7.7e-5,0.06401,0.0673,0.06889,0.07045,0.07391,0.034195,0.00182,5.7e-5,0.03063,0.033,0.03415,0.03538,0.03779,0.10307,0.00406,0.000128,0.09509,0.10041,0.10313,0.10568,0.11118
12.5,0.894309,0.00418,0.000132,0.88596,0.89161,0.89428,0.89707,0.9026,0.034669,0.00185,5.8e-5,0.03101,0.03348,0.03462,0.03589,0.03832,0.071022,0.00255,8.1e-5,0.0661,0.0694,0.07106,0.07261,0.07626,0.034669,0.00185,5.8e-5,0.03101,0.03348,0.03462,0.03589,0.03832,0.105691,0.00418,0.000132,0.0974,0.10293,0.10572,0.10839,0.11404
12.75,0.891652,0.0043,0.000136,0.88327,0.88894,0.89166,0.89442,0.9002,0.035144,0.00186,5.9e-5,0.03153,0.03392,0.03511,0.03637,0.03874,0.073204,0.00265,8.4e-5,0.06801,0.07148,0.07322,0.07484,0.07869,0.035144,0.00186,5.9e-5,0.03153,0.03392,0.03511,0.03637,0.03874,0.108348,0.0043,0.000136,0.0998,0.10558,0.10834,0.11106,0.11673
13.0,0.888973,0.00443,0.00014,0.88019,0.88616,0.889,0.89182,0.89778,0.035622,0.0019,6.0e-5,0.03193,0.03447,0.03558,0.03684,0.03933,0.075405,0.00275,8.7e-5,0.06984,0.0736,0.0754,0.07713,0.08107,0.035622,0.0019,6.0e-5,0.03193,0.03447,0.03558,0.03684,0.03933,0.111027,0.00443,0.00014,0.10222,0.10818,0.111,0.11384,0.11981
13.25,0.886263,0.00456,0.000144,0.87728,0.88341,0.8863,0.88916,0.89531,0.03609,0.00192,6.1e-5,0.03226,0.03484,0.03607,0.03733,0.03975,0.077647,0.00285,9.0e-5,0.07191,0.07576,0.07768,0.07944,0.08331,0.03609,0.00192,6.1e-5,0.03226,0.03484,0.03607,0.03733,0.03975,0.113737,0.00456,0.000144,0.10469,0.11084,0.1137,0.11659,0.12272
13.5,0.883525,0.00469,0.000148,0.87427,0.88062,0.88358,0.88655,0.89276,0.036555,0.00195,6.2e-5,0.03274,0.03532,0.03656,0.03779,0.04036,0.07992,0.00295,9.3e-5,0.07417,0.07794,0.07992,0.08182,0.08568,0.036555,0.00195,6.2e-5,0.03274,0.03532,0.03656,0.03779,0.04036,0.116475,0.00469,0.000148,0.10724,0.11345,0.11641,0.11938,0.12573
13.75,0.88077,0.00482,0.000152,0.87146,0.87781,0.88082,0.88387,0.89033,0.03702,0.00199,6.3e-5,0.03312,0.03575,0.03703,0.03835,0.04088,0.08221,0.00306,9.7e-5,0.07604,0.08016,0.08222,0.08416,0.08833,0.03702,0.00199,6.3e-5,0.03312,0.03575,0.03703,0.03835,0.04088,0.11923,0.00482,0.000152,0.10967,0.11613,0.11918,0.12219,0.12854
14.0,0.877976,0.00494,0.000156,0.8684,0.87489,0.878,0.88111,0.88782,0.037484,0.00201,6.4e-5,0.03365,0.03618,0.03752,0.0388,0.04136,0.084539,0.00316,0.0001,0.07842,0.08245,0.0846,0.08654,0.09079,0.037484,0.00201,6.4e-5,0.03365,0.03618,0.03752,0.0388,0.04136,0.122024,0.00494,0.000156,0.11218,0.11889,0.122,0.12511,0.1316
14.25,0.875159,0.00507,0.00016,0.86541,0.87196,0.87516,0.87842,0.88527,0.037945,0.00203,6.4e-5,0.03402,0.0366,0.03793,0.03927,0.042,0.086896,0.00327,0.000103,0.08052,0.08473,0.0869,0.08894,0.09348,0.037945,0.00203,6.4e-5,0.03402,0.0366,0.03793,0.03927,0.042,0.124841,0.00507,0.00016,0.11473,0.12158,0.12485,0.12804,0.13459
14.5,0.872325,0.0052,0.000164,0.86231,0.86902,0.87234,0.87566,0.88251,0.038389,0.00206,6.5e-5,0.03437,0.0371,0.03837,0.03974,0.04246,0.089286,0.00337,0.000107,0.08269,0.08712,0.08925,0.09143,0.09604,0.038389,0.00206,6.5e-5,0.03437,0.0371,0.03837,0.03974,0.04246,0.127675,0.0052,0.000164,0.11749,0.12434,0.12766,0.13098,0.13769
14.75,0.869466,0.00533,0.000169,0.85911,0.866,0.86949,0.8729,0.87987,0.038828,0.00208,6.6e-5,0.0348,0.03752,0.03886,0.04026,0.04284,0.091706,0.00348,0.00011,0.08483,0.08945,0.09173,0.0939,0.09854,0.038828,0.00208,6.6e-5,0.0348,0.03752,0.03886,0.04026,0.04284,0.130534,0.00533,0.000169,0.12013,0.12711,0.13051,0.134,0.14089
15.0,0.866588,0.00546,0.000173,0.85595,0.86303,0.8666,0.87011,0.87745,0.039263,0.0021,6.7e-5,0.03508,0.03788,0.03926,0.04073,0.04322,0.094149,0.00359,0.000113,0.08704,0.09178,0.09418,0.09643,0.1012,0.039263,0.0021,6.7e-5,0.03508,0.03788,0.03926,0.04073,0.04322,0.133412,0.00546,0.000173,0.12255,0.12989,0.13339,0.13697,0.14405
15.25,0.863679,0.00559,0.000177,0.85285,0.86007,0.86364,0.86727,0.87473,0.039691,0.00212,6.7e-5,0.03559,0.0383,0.0397,0.04113,0.04363,0.09663,0.0037,0.000117,0.08928,0.09415,0.09666,0.09906,0.10385,0.039691,0.00212,6.7e-5,0.03559,0.0383,0.0397,0.04113,0.04363,0.136321,0.00559,0.000177,0.12527,0.13273,0.13636,0.13993,0.14715
15.5,0.860751,0.00571,0.000181,0.84967,0.85706,0.86072,0.8644,0.87193,0.040119,0.00213,6.7e-5,0.0358,0.03877,0.0401,0.04159,0.04417,0.09913,0.00382,0.000121,0.09147,0.09664,0.09913,0.10157,0.1065,0.040119,0.00213,6.7e-5,0.0358,0.03877,0.0401,0.04159,0.04417,0.139249,0.00571,0.000181,0.12807,0.1356,0.13927,0.14294,0.15033
15.75,0.857803,0.00584,0.000185,0.84634,0.85402,0.85774,0.86149,0.86937,0.040546,0.00216,6.8e-5,0.03621,0.03914,0.04059,0.04205,0.04473,0.101651,0.00392,0.000124,0.09374,0.09914,0.10164,0.10416,0.10903,0.040546,0.00216,6.8e-5,0.03621,0.03914,0.04059,0.04205,0.04473,0.142197,0.00584,0.000185,0.13063,0.13851,0.14226,0.14598,0.15366
16.0,0.85483,0.00597,0.000189,0.84321,0.85097,0.85476,0.85859,0.86663,0.040969,0.00218,6.9e-5,0.03663,0.03951,0.041,0.04246,0.0451,0.104201,0.00404,0.000128,0.09605,0.10161,0.10425,0.10679,0.1118,0.040969,0.00218,6.9e-5,0.03663,0.03951,0.041,0.04246,0.0451,0.14517,0.00597,0.000189,0.13337,0.14141,0.14524,0.14903,0.15679
16.25,0.851827,0.0061,0.000193,0.8399,0.84788,0.85172,0.85569,0.86389,0.041392,0.00219,6.9e-5,0.03709,0.03992,0.04144,0.04287,0.04552,0.106782,0.00415,0.000131,0.09849,0.10418,0.10676,0.10943,0.11452,0.041392,0.00219,6.9e-5,0.03709,0.03992,0.04144,0.04287,0.04552,0.148173,0.0061,0.000193,0.13611,0.14431,0.14828,0.15212,0.1601
16.5,0.84881,0.00625,0.000198,0.83658,0.84472,0.84881,0.85287,0.86107,0.04181,0.00223,7.1e-5,0.03732,0.04038,0.04184,0.04332,0.0461,0.109381,0.00426,0.000135,0.10094,0.10666,0.10942,0.11205,0.11734,0.04181,0.00223,7.1e-5,0.03732,0.04038,0.04184,0.04332,0.0461,0.15119,0.00625,0.000198,0.13893,0.14713,0.15119,0.15528,0.16342
16.75,0.845764,0.00639,0.000202,0.83333,0.84167,0.84575,0.84985,0.85819,0.042235,0.00225,7.1e-5,0.03769,0.04072,0.04226,0.04372,0.04655,0.112001,0.00438,0.000139,0.10335,0.10921,0.11204,0.11478,0.12014,0.042235,0.00225,7.1e-5,0.03769,0.04072,0.04226,0.04372,0.04655,0.154236,0.00639,0.000202,0.14181,0.15015,0.15425,0.15833,0.16667
17.0,0.842709,0.00653,0.000206,0.82981,0.83848,0.84264,0.84694,0.85532,0.042635,0.00228,7.2e-5,0.03808,0.0411,0.04261,0.04418,0.04701,0.114655,0.0045,0.000142,0.10575,0.11171,0.11472,0.11744,0.12312,0.042635,0.00228,7.2e-5,0.03808,0.0411,0.04261,0.04418,0.04701,0.157291,0.00653,0.000206,0.14468,0.15306,0.15736,0.16152,0.17019
17.25,0.839641,0.00667,0.000211,0.82655,0.83544,0.83956,0.84394,0.85269,0.043028,0.0023,7.3e-5,0.03843,0.04145,0.043,0.04455,0.0475,0.117331,0.00463,0.000146,0.10821,0.11434,0.11734,0.12016,0.12607,0.043028,0.0023,7.3e-5,0.03843,0.04145,0.043,0.04455,0.0475,0.160359,0.00667,0.000211,0.14731,0.15606,0.16044,0.16456,0.17345
17.5,0.836542,0.00681,0.000215,0.82314,0.83222,0.83646,0.84107,0.84976,0.043428,0.00231,7.3e-5,0.03885,0.04189,0.04336,0.045,0.04814,0.12003,0.00475,0.00015,0.11068,0.11699,0.12004,0.12296,0.12898,0.043428,0.00231,7.3e-5,0.03885,0.04189,0.04336,0.045,0.04814,0.163458,0.00681,0.000215,0.15024,0.15893,0.16353,0.16778,0.17686
17.75,0.833421,0.00694,0.00022,0.82008,0.82882,0.83331,0.83801,0.84684,0.043814,0.00233,7.4e-5,0.03922,0.04231,0.04376,0.0454,0.04847,0.122765,0.00487,0.000154,0.1131,0.1197,0.12276,0.12579,0.13222,0.043814,0.00233,7.4e-5,0.03922,0.04231,0.04376,0.0454,0.04847,0.166579,0.00694,0.00022,0.15316,0.16199,0.16669,0.17118,0.17992
18.0,0.83029,0.00708,0.000224,0.81669,0.82558,0.83034,0.83492,0.8441,0.044189,0.00235,7.4e-5,0.03968,0.04269,0.04415,0.04577,0.04889,0.125521,0.005,0.000158,0.11572,0.12235,0.12554,0.12868,0.13511,0.044189,0.00235,7.4e-5,0.03968,0.04269,0.04415,0.04577,0.04889,0.16971,0.00708,0.000224,0.1559,0.16508,0.16966,0.17442,0.18331
18.25,0.827155,0.0072,0.000228,0.8134,0.8225,0.82714,0.83185,0.84106,0.044548,0.00235,7.4e-5,0.03996,0.04308,0.0445,0.0461,0.04919,0.128297,0.00513,0.000162,0.11817,0.12514,0.12834,0.13153,0.13823,0.044548,0.00235,7.4e-5,0.03996,0.04308,0.0445,0.0461,0.04919,0.172845,0.0072,0.000228,0.15894,0.16815,0.17286,0.1775,0.1866
18.5,0.823988,0.00734,0.000232,0.80983,0.81916,0.82401,0.82878,0.83799,0.044924,0.00237,7.5e-5,0.04029,0.04346,0.04483,0.04648,0.04963,0.131088,0.00525,0.000166,0.12099,0.1278,0.13114,0.13437,0.14122,0.044924,0.00237,7.5e-5,0.04029,0.04346,0.04483,0.04648,0.04963,0.176012,0.00734,0.000232,0.16201,0.17122,0.17599,0.18084,0.19017
18.75,0.820802,0.00749,0.000237,0.80643,0.81578,0.8208,0.82565,0.83503,0.045293,0.00238,7.5e-5,0.04064,0.04379,0.04521,0.04689,0.0499,0.133906,0.00538,0.00017,0.12354,0.1305,0.13396,0.13726,0.14456,0.045293,0.00238,7.5e-5,0.04064,0.04379,0.04521,0.04689,0.0499,0.179198,0.00749,0.000237,0.16497,0.17435,0.1792,0.18422,0.19357
19.0,0.817606,0.00762,0.000241,0.80288,0.81257,0.8176,0.82254,0.83226,0.045642,0.00239,7.6e-5,0.04076,0.04411,0.04563,0.04726,0.05035,0.136752,0.00551,0.000174,0.12603,0.13325,0.13679,0.14029,0.14759,0.045642,0.00239,7.6e-5,0.04076,0.04411,0.04563,0.04726,0.05035,0.182394,0.00762,0.000241,0.16774,0.17746,0.18239,0.18743,0.19712
19.25,0.814407,0.00775,0.000245,0.79916,0.80932,0.81446,0.8194,0.82946,0.045973,0.00239,7.6e-5,0.04111,0.04444,0.04602,0.04753,0.05072,0.13962,0.00564,0.000178,0.12869,0.13605,0.13957,0.14318,0.15067,0.045973,0.00239,7.6e-5,0.04111,0.04444,0.04602,0.04753,0.05072,0.185593,0.00775,0.000245,0.17054,0.1806,0.18554,0.19068,0.20084
19.5,0.811189,0.00789,0.000249,0.796,0.80602,0.8112,0.81632,0.82653,0.046309,0.00241,7.6e-5,0.04155,0.04475,0.04633,0.04786,0.05102,0.142501,0.00577,0.000183,0.13132,0.13882,0.14245,0.1462,0.15392,0.046309,0.00241,7.6e-5,0.04155,0.04475,0.04633,0.04786,0.05102,0.188811,0.00789,0.000249,0.17347,0.18367,0.1888,0.19398,0.204
19.75,0.807958,0.00801,0.000253,0.79275,0.80267,0.80798,0.81311,0.82355,0.046636,0.00242,7.7e-5,0.04197,0.04508,0.04668,0.04823,0.05135,0.145406,0.00589,0.000186,0.13394,0.14173,0.14536,0.14919,0.15708,0.046636,0.00242,7.7e-5,0.04197,0.04508,0.04668,0.04823,0.05135,0.192042,0.00801,0.000253,0.17645,0.18689,0.19202,0.19733,0.20725
20.0,0.804715,0.00813,0.000257,0.78908,0.79933,0.8047,0.80989,0.82062,0.046962,0.00242,7.7e-5,0.04233,0.04542,0.04702,0.04858,0.05169,0.148322,0.00603,0.000191,0.13652,0.14452,0.1483,0.15224,0.16028,0.046962,0.00242,7.7e-5,0.04233,0.04542,0.04702,0.04858,0.05169,0.195285,0.00813,0.000257,0.17938,0.1901,0.1953,0.20067,0.21092
20.25,0.801465,0.00825,0.000261,0.78533,0.79608,0.80148,0.80685,0.81751,0.047261,0.00242,7.6e-5,0.04252,0.04574,0.04731,0.04883,0.05211,0.151274,0.00616,0.000195,0.1392,0.14731,0.1513,0.15527,0.16337,0.047261,0.00242,7.6e-5,0.04252,0.04574,0.04731,0.04883,0.05211,0.198535,0.00825,0.000261,0.18249,0.19315,0.19852,0.20392,0.21467
20.5,0.7982,0.00837,0.000265,0.78184,0.7927,0.79822,0.80371,0.81448,0.047563,0.00241,7.6e-5,0.04277,0.04605,0.04764,0.0491,0.05227,0.154237,0.00628,0.000199,0.14186,0.15023,0.15423,0.1583,0.1665,0.047563,0.00241,7.6e-5,0.04277,0.04605,0.04764,0.0491,0.05227,0.2018,0.00837,0.000265,0.18552,0.19629,0.20178,0.2073,0.21816
20.75,0.79493,0.0085,0.000269,0.77828,0.78938,0.79494,0.80042,0.81133,0.047858,0.00242,7.6e-5,0.04316,0.04635,0.04792,0.04942,0.05259,0.157213,0.00641,0.000203,0.1447,0.15312,0.15725,0.16143,0.16975,0.047858,0.00242,7.6e-5,0.04316,0.04635,0.04792,0.04942,0.05259,0.20507,0.0085,0.000269,0.18868,0.19958,0.20506,0.21062,0.22172
21.0,0.79166,0.00862,0.000272,0.77479,0.78603,0.79162,0.79716,0.80823,0.048119,0.00243,7.7e-5,0.04335,0.04656,0.04816,0.0497,0.053,0.160221,0.00653,0.000206,0.14736,0.15601,0.16022,0.16446,0.17273,0.048119,0.00243,7.7e-5,0.04335,0.04656,0.04816,0.0497,0.053,0.20834,0.00862,0.000272,0.19177,0.20284,0.20838,0.21397,0.22521
21.25,0.788382,0.00873,0.000276,0.77121,0.78266,0.78841,0.79406,0.80527,0.048384,0.00243,7.7e-5,0.04355,0.04677,0.04844,0.05,0.05316,0.163234,0.00665,0.00021,0.15007,0.159,0.16322,0.16756,0.17604,0.048384,0.00243,7.7e-5,0.04355,0.04677,0.04844,0.05,0.05316,0.211618,0.00873,0.000276,0.19473,0.20594,0.21159,0.21734,0.22879
21.5,0.785095,0.00886,0.00028,0.76789,0.77935,0.78504,0.79084,0.80219,0.048629,0.00245,7.7e-5,0.04379,0.04697,0.04871,0.05024,0.05344,0.166275,0.00677,0.000214,0.15291,0.16188,0.16631,0.17062,0.17941,0.048629,0.00245,7.7e-5,0.04379,0.04697,0.04871,0.05024,0.05344,0.214905,0.00886,0.00028,0.19781,0.20916,0.21496,0.22065,0.23211
21.75,0.781803,0.00897,0.000284,0.76441,0.77587,0.78181,0.78754,0.79922,0.048874,0.00245,7.7e-5,0.04406,0.0472,0.04898,0.05047,0.05379,0.169324,0.00689,0.000218,0.15579,0.16483,0.16942,0.1738,0.18273,0.048874,0.00245,7.7e-5,0.04406,0.0472,0.04898,0.05047,0.05379,0.218197,0.00897,0.000284,0.20078,0.21246,0.2182,0.22413,0.23559
22.0,0.778504,0.00909,0.000288,0.76096,0.77258,0.77842,0.78431,0.79604,0.049107,0.00244,7.7e-5,0.04431,0.04746,0.04919,0.05066,0.05404,0.172389,0.00702,0.000222,0.15868,0.16778,0.17246,0.17703,0.18603,0.049107,0.00244,7.7e-5,0.04431,0.04746,0.04919,0.05066,0.05404,0.221496,0.00909,0.000288,0.20396,0.21569,0.22158,0.22742,0.23904
22.25,0.7752,0.00921,0.000291,0.75767,0.76919,0.77516,0.78104,0.79296,0.049329,0.00244,7.7e-5,0.04449,0.04772,0.0494,0.05089,0.05434,0.175471,0.00713,0.000226,0.16156,0.17077,0.17556,0.18025,0.1892,0.049329,0.00244,7.7e-5,0.04449,0.04772,0.0494,0.05089,0.05434,0.2248,0.00921,0.000291,0.20704,0.21896,0.22484,0.23081,0.24233
22.5,0.7719,0.00933,0.000295,0.75405,0.76583,0.77195,0.77785,0.78995,0.049549,0.00244,7.7e-5,0.04473,0.04793,0.04968,0.05113,0.05449,0.17855,0.00726,0.00023,0.16434,0.17375,0.17871,0.18332,0.19257,0.049549,0.00244,7.7e-5,0.04473,0.04793,0.04968,0.05113,0.05449,0.2281,0.00933,0.000295,0.21005,0.22215,0.22806,0.23417,0.24595
22.75,0.768587,0.00944,0.000298,0.75041,0.76253,0.76863,0.77469,0.78677,0.049755,0.00243,7.7e-5,0.04492,0.0482,0.04986,0.05133,0.05463,0.181658,0.00739,0.000234,0.16728,0.17674,0.1818,0.18655,0.19592,0.049755,0.00243,7.7e-5,0.04492,0.0482,0.04986,0.05133,0.05463,0.231413,0.00944,0.000298,0.21323,0.22531,0.23137,0.23747,0.24959
23.0,0.765277,0.00955,0.000302,0.74682,0.7591,0.76533,0.7714,0.78363,0.049957,0.00243,7.7e-5,0.04508,0.04835,0.05012,0.0515,0.05476,0.184766,0.00751,0.000237,0.17014,0.1798,0.18482,0.1897,0.19934,0.049957,0.00243,7.7e-5,0.04508,0.04835,0.05012,0.0515,0.05476,0.234724,0.00955,0.000302,0.21637,0.2286,0.23467,0.2409,0.25318
23.25,0.761981,0.00966,0.000306,0.74361,0.75577,0.76202,0.76824,0.78064,0.050121,0.00243,7.7e-5,0.04554,0.04852,0.05025,0.0517,0.05497,0.187898,0.00762,0.000241,0.17303,0.18283,0.18791,0.1929,0.2027,0.050121,0.00243,7.7e-5,0.04554,0.04852,0.05025,0.0517,0.05497,0.238019,0.00966,0.000306,0.21936,0.23176,0.23798,0.24423,0.25639
23.5,0.758685,0.00977,0.000309,0.73976,0.7524,0.75868,0.76493,0.77761,0.050278,0.00243,7.7e-5,0.04565,0.04871,0.05037,0.0519,0.05523,0.191037,0.00774,0.000245,0.17596,0.18591,0.19109,0.19609,0.20602,0.050278,0.00243,7.7e-5,0.04565,0.04871,0.05037,0.0519,0.05523,0.241315,0.00977,0.000309,0.22239,0.23507,0.24132,0.2476,0.26024
23.75,0.755389,0.00986,0.000312,0.73626,0.74903,0.75533,0.76167,0.77445,0.050435,0.00241,7.6e-5,0.04567,0.04887,0.05054,0.05198,0.05531,0.194176,0.00787,0.000249,0.17892,0.189,0.1942,0.19931,0.20942,0.050435,0.00241,7.6e-5,0.04567,0.04887,0.05054,0.05198,0.05531,0.244611,0.00986,0.000312,0.22555,0.23833,0.24467,0.25097,0.26374
24.0,0.752096,0.00996,0.000315,0.73258,0.7456,0.75205,0.75852,0.77151,0.050572,0.00241,7.6e-5,0.04573,0.049,0.05064,0.0522,0.05532,0.197332,0.00797,0.000252,0.18178,0.19203,0.19739,0.20256,0.21258,0.050572,0.00241,7.6e-5,0.04573,0.049,0.05064,0.0522,0.05532,0.247904,0.00996,0.000315,0.22849,0.24148,0.24796,0.2544,0.26742
24.25,0.74879,0.01007,0.000318,0.72911,0.74226,0.74878,0.75522,0.76847,0.050722,0.00241,7.6e-5,0.04597,0.0492,0.05082,0.0523,0.05537,0.200488,0.00809,0.000256,0.18479,0.19513,0.20058,0.20578,0.21598,0.050722,0.00241,7.6e-5,0.04597,0.0492,0.05082,0.0523,0.05537,0.25121,0.01007,0.000318,0.23153,0.24478,0.25121,0.25774,0.27089
24.5,0.745502,0.01017,0.000322,0.72569,0.73886,0.74556,0.75206,0.76539,0.050833,0.00239,7.6e-5,0.04601,0.04929,0.05088,0.05239,0.05562,0.203665,0.00821,0.00026,0.18767,0.19829,0.20363,0.20896,0.21926,0.050833,0.00239,7.6e-5,0.04601,0.04929,0.05088,0.05239,0.05562,0.254498,0.01017,0.000322,0.23461,0.24794,0.25443,0.26114,0.27431
24.75,0.742216,0.01027,0.000325,0.72218,0.73563,0.74214,0.74872,0.76219,0.050948,0.00238,7.5e-5,0.04617,0.04948,0.05098,0.05248,0.05564,0.206836,0.00833,0.000263,0.19068,0.20137,0.20685,0.21222,0.22262,0.050948,0.00238,7.5e-5,0.04617,0.04948,0.05098,0.05248,0.05564,0.257784,0.01027,0.000325,0.23781,0.25128,0.25786,0.26437,0.27782
25.0,0.73894,0.01036,0.000328,0.71884,0.73217,0.73871,0.74554,0.75909,0.051042,0.00236,7.5e-5,0.04632,0.04951,0.05112,0.05264,0.05571,0.210019,0.00844,0.000267,0.19383,0.20451,0.21004,0.21553,0.22625,0.051042,0.00236,7.5e-5,0.04632,0.04951,0.05112,0.05264,0.05571,0.26106,0.01036,0.000328,0.24091,0.25446,0.26129,0.26783,0.28116
25.25,0.735663,0.01045,0.000331,0.71522,0.72882,0.73548,0.74232,0.7561,0.051124,0.00235,7.4e-5,0.04652,0.04964,0.05116,0.05265,0.05567,0.213214,0.00856,0.000271,0.19682,0.20772,0.21322,0.21886,0.22992,0.051124,0.00235,7.4e-5,0.04652,0.04964,0.05116,0.05265,0.05567,0.264337,0.01045,0.000331,0.2439,0.25768,0.26452,0.27118,0.28478
25.5,0.7324,0.01054,0.000333,0.71135,0.72562,0.73226,0.73905,0.75296,0.05118,0.00233,7.4e-5,0.04672,0.04964,0.05123,0.05275,0.05558,0.21642,0.00868,0.000274,0.19966,0.21079,0.2164,0.22208,0.23299,0.05118,0.00233,7.4e-5,0.04672,0.04964,0.05123,0.05275,0.05558,0.2676,0.01054,0.000333,0.24704,0.26095,0.26774,0.27438,0.28865
25.75,0.729159,0.01063,0.000336,0.70801,0.72225,0.72902,0.73584,0.74989,0.051223,0.00231,7.3e-5,0.04676,0.04968,0.05124,0.05279,0.05564,0.219619,0.00879,0.000278,0.20248,0.21397,0.21958,0.22537,0.23635,0.051223,0.00231,7.3e-5,0.04676,0.04968,0.05124,0.05279,0.05564,0.270841,0.01063,0.000336,0.25011,0.26416,0.27097,0.27775,0.29199
26.0,0.725906,0.01071,0.000339,0.70465,0.71875,0.72576,0.7326,0.74681,0.051267,0.0023,7.3e-5,0.04684,0.04977,0.05128,0.05276,0.05577,0.222827,0.0089,0.000282,0.20567,0.21715,0.22276,0.2287,0.23997,0.051267,0.0023,7.3e-5,0.04684,0.04977,0.05128,0.05276,0.05577,0.274094,0.01071,0.000339,0.25319,0.2674,0.27424,0.28125,0.29535
26.25,0.722671,0.01078,0.000341,0.70107,0.71545,0.72243,0.7295,0.74392,0.051299,0.00227,7.2e-5,0.04699,0.0498,0.05134,0.05283,0.05579,0.22603,0.00901,0.000285,0.20871,0.22025,0.22592,0.23198,0.24328,0.051299,0.00227,7.2e-5,0.04699,0.0498,0.05134,0.05283,0.05579,0.277329,0.01078,0.000341,0.25608,0.2705,0.27757,0.28455,0.29893
26.5,0.719445,0.01086,0.000344,0.69752,0.71209,0.71912,0.72633,0.74091,0.051328,0.00226,7.1e-5,0.04696,0.04982,0.05137,0.05288,0.05575,0.229227,0.00911,0.000288,0.21176,0.22332,0.22923,0.23517,0.24687,0.051328,0.00226,7.1e-5,0.04696,0.04982,0.05137,0.05288,0.05575,0.280555,0.01086,0.000344,0.25909,0.27367,0.28088,0.2879,0.30248
26.75,0.71623,0.01095,0.000346,0.69418,0.7089,0.71594,0.72318,0.73781,0.051336,0.00225,7.1e-5,0.04706,0.04988,0.05138,0.05292,0.05568,0.232434,0.00921,0.000291,0.21479,0.2265,0.2325,0.23853,0.2504,0.051336,0.00225,7.1e-5,0.04706,0.04988,0.05138,0.05292,0.05568,0.28377,0.01095,0.000346,0.26219,0.27682,0.28406,0.2911,0.30582
27.0,0.713023,0.01103,0.000349,0.69094,0.70558,0.7129,0.72007,0.73465,0.051341,0.00224,7.1e-5,0.04707,0.04989,0.05142,0.05287,0.05566,0.235636,0.00932,0.000295,0.21779,0.22967,0.23562,0.24164,0.25391,0.051341,0.00224,7.1e-5,0.04707,0.04989,0.05142,0.05287,0.05566,0.286977,0.01103,0.000349,0.26535,0.27993,0.2871,0.29442,0.30906
27.25,0.709842,0.0111,0.000351,0.68782,0.70242,0.70954,0.71695,0.73184,0.051327,0.00223,7.0e-5,0.04702,0.04978,0.05142,0.05282,0.05573,0.238832,0.00941,0.000298,0.22088,0.2328,0.23893,0.24492,0.25736,0.051327,0.00223,7.0e-5,0.04702,0.04978,0.05142,0.05282,0.05573,0.290158,0.0111,0.000351,0.26816,0.28305,0.29046,0.29758,0.31218
27.5,0.706666,0.01116,0.000353,0.68483,0.69914,0.70634,0.71382,0.72875,0.051297,0.0022,7.0e-5,0.047,0.04984,0.05138,0.05281,0.05554,0.242037,0.0095,0.000301,0.22394,0.23595,0.24212,0.24818,0.26077,0.051297,0.0022,7.0e-5,0.047,0.04984,0.05138,0.05281,0.05554,0.293334,0.01116,0.000353,0.27125,0.28618,0.29366,0.30086,0.31517
27.75,0.703507,0.01123,0.000355,0.68185,0.69594,0.70328,0.71072,0.72567,0.051255,0.00218,6.9e-5,0.04703,0.0498,0.05132,0.05272,0.05549,0.245238,0.0096,0.000304,0.22676,0.23912,0.24534,0.25143,0.26406,0.051255,0.00218,6.9e-5,0.04703,0.0498,0.05132,0.05272,0.05549,0.296493,0.01123,0.000355,0.27433,0.28928,0.29671,0.30406,0.31815
28.0,0.70037,0.01129,0.000357,0.67835,0.69284,0.70015,0.70761,0.72249,0.051187,0.00217,6.9e-5,0.047,0.04969,0.05128,0.05266,0.05543,0.248443,0.00969,0.000307,0.22987,0.24214,0.24853,0.25479,0.26742,0.051187,0.00217,6.9e-5,0.047,0.04969,0.05128,0.05266,0.05543,0.29963,0.01129,0.000357,0.27751,0.29239,0.29985,0.30715,0.32165
28.25,0.697226,0.01135,0.000359,0.67512,0.68964,0.69704,0.70464,0.71961,0.051127,0.00214,6.8e-5,0.047,0.04968,0.05122,0.05256,0.0553,0.251647,0.00979,0.00031,0.23284,0.24526,0.25187,0.25806,0.27075,0.051127,0.00214,6.8e-5,0.047,0.04968,0.05122,0.05256,0.0553,0.302774,0.01135,0.000359,0.28039,0.29536,0.30296,0.31036,0.32488
28.5,0.694115,0.01141,0.000361,0.67188,0.68655,0.69402,0.70158,0.71651,0.051048,0.00211,6.7e-5,0.04694,0.04965,0.05114,0.05246,0.05527,0.254837,0.00989,0.000313,0.23578,0.24846,0.2551,0.26138,0.27404,0.051048,0.00211,6.7e-5,0.04694,0.04965,0.05114,0.05246,0.05527,0.305885,0.01141,0.000361,0.28349,0.29842,0.30598,0.31345,0.32812
28.75,0.691024,0.01146,0.000362,0.66867,0.68348,0.69094,0.69854,0.71349,0.050957,0.00209,6.6e-5,0.04685,0.04957,0.051,0.05235,0.05507,0.258019,0.00997,0.000315,0.2388,0.2516,0.25822,0.26468,0.27778,0.050957,0.00209,6.6e-5,0.04685,0.04957,0.051,0.05235,0.05507,0.308976,0.01146,0.000362,0.28651,0.30146,0.30906,0.31652,0.33133
29.0,0.687951,0.01152,0.000364,0.66541,0.68032,0.68785,0.69556,0.71062,0.050847,0.00207,6.6e-5,0.04673,0.04943,0.05091,0.05224,0.05497,0.261202,0.01006,0.000318,0.24178,0.25472,0.26138,0.26792,0.28106,0.050847,0.00207,6.6e-5,0.04673,0.04943,0.05091,0.05224,0.05497,0.312049,0.01152,0.000364,0.28938,0.30444,0.31215,0.31968,0.33459
29.25,0.684889,0.01157,0.000366,0.66234,0.67721,0.68478,0.69253,0.70765,0.050735,0.00205,6.5e-5,0.04663,0.0493,0.0508,0.05215,0.05471,0.264376,0.01015,0.000321,0.24465,0.2578,0.26447,0.27112,0.28457,0.050735,0.00205,6.5e-5,0.04663,0.0493,0.0508,0.05215,0.05471,0.315111,0.01157,0.000366,0.29235,0.30747,0.31522,0.32279,0.33766
29.5,0.681851,0.01161,0.000367,0.65898,0.67424,0.68168,0.68953,0.70482,0.050605,0.00201,6.4e-5,0.04663,0.04915,0.05066,0.05197,0.05453,0.267544,0.01024,0.000324,0.24757,0.26096,0.26769,0.27437,0.28795,0.050605,0.00201,6.4e-5,0.04663,0.04915,0.05066,0.05197,0.05453,0.318149,0.01161,0.000367,0.29518,0.31047,0.31832,0.32576,0.34102
29.75,0.678844,0.01165,0.000368,0.65578,0.6712,0.67862,0.68656,0.70197,0.050452,0.002,6.3e-5,0.04655,0.04902,0.05055,0.05184,0.05422,0.270704,0.01032,0.000326,0.25057,0.26401,0.27077,0.27763,0.29103,0.050452,0.002,6.3e-5,0.04655,0.04902,0.05055,0.05184,0.05422,0.321156,0.01165,0.000368,0.29803,0.31344,0.32137,0.3288,0.34422
30.0,0.675841,0.01169,0.00037,0.65241,0.6682,0.67559,0.68369,0.69918,0.05032,0.00198,6.2e-5,0.04641,0.04887,0.05042,0.0517,0.05397,0.273839,0.0104,0.000329,0.25357,0.26708,0.274,0.28083,0.29453,0.05032,0.00198,6.2e-5,0.04641,0.04887,0.05042,0.0517,0.05397,0.324159,0.01169,0.00037,0.30082,0.31631,0.32441,0.3318,0.34759
30.25,0.672862,0.01173,0.000371,0.64943,0.6652,0.67257,0.68079,0.69637,0.050163,0.00196,6.2e-5,0.04637,0.04876,0.05023,0.05154,0.05392,0.276974,0.01047,0.000331,0.25647,0.27021,0.27711,0.28404,0.29779,0.050163,0.00196,6.2e-5,0.04637,0.04876,0.05023,0.05154,0.05392,0.327138,0.01173,0.000371,0.30363,0.31921,0.32743,0.3348,0.35057
30.5,0.669907,0.01177,0.000372,0.64654,0.66221,0.66966,0.67786,0.69332,0.049987,0.00194,6.1e-5,0.0462,0.0486,0.05006,0.05132,0.05378,0.280106,0.01054,0.000333,0.25951,0.2733,0.28022,0.28718,0.30091,0.049987,0.00194,6.1e-5,0.0462,0.0486,0.05006,0.05132,0.05378,0.330093,0.01177,0.000372,0.30668,0.32214,0.33034,0.33779,0.35346
30.75,0.666981,0.0118,0.000373,0.64351,0.65932,0.66685,0.67494,0.69039,0.049807,0.00191,6.0e-5,0.04604,0.04838,0.04991,0.05117,0.05351,0.283211,0.01061,0.000336,0.26262,0.27634,0.2834,0.29038,0.30398,0.049807,0.00191,6.0e-5,0.04604,0.04838,0.04991,0.05117,0.05351,0.333019,0.0118,0.000373,0.30961,0.32506,0.33315,0.34068,0.35649
31.0,0.664074,0.01183,0.000374,0.64055,0.65638,0.6638,0.67206,0.68748,0.049604,0.00189,6.0e-5,0.04604,0.04819,0.0497,0.05092,0.0532,0.286322,0.01069,0.000338,0.2656,0.27942,0.28648,0.29359,0.30743,0.049604,0.00189,6.0e-5,0.04604,0.04819,0.0497,0.05092,0.0532,0.335926,0.01183,0.000374,0.31252,0.32794,0.3362,0.34362,0.35945
31.25,0.661189,0.01185,0.000375,0.63775,0.65351,0.66094,0.6691,0.68467,0.049392,0.00186,5.9e-5,0.04582,0.04801,0.04947,0.05068,0.05301,0.289419,0.01075,0.00034,0.26852,0.28237,0.28958,0.2967,0.31068,0.049392,0.00186,5.9e-5,0.04582,0.04801,0.04947,0.05068,0.05301,0.338811,0.01185,0.000375,0.31533,0.33089,0.33906,0.34649,0.36225
31.5,0.65833,0.01189,0.000376,0.63483,0.65062,0.65794,0.66628,0.68183,0.049166,0.00184,5.8e-5,0.04561,0.04782,0.04926,0.05044,0.05267,0.292505,0.01082,0.000342,0.27145,0.28542,0.29276,0.29981,0.31393,0.049166,0.00184,5.8e-5,0.04561,0.04782,0.04926,0.05044,0.05267,0.34167,0.01189,0.000376,0.31817,0.33372,0.34206,0.34939,0.36517
31.75,0.655494,0.0119,0.000376,0.63203,0.64792,0.65511,0.66338,0.67892,0.048927,0.00182,5.8e-5,0.04541,0.0476,0.04901,0.05016,0.0524,0.295578,0.01088,0.000344,0.27411,0.28845,0.29576,0.30274,0.31709,0.048927,0.00182,5.8e-5,0.04541,0.0476,0.04901,0.05016,0.0524,0.344506,0.0119,0.000376,0.32108,0.33662,0.34489,0.35208,0.36797
32.0,0.652675,0.01192,0.000377,0.62919,0.64509,0.65215,0.66063,0.67623,0.048696,0.00181,5.7e-5,0.04518,0.04733,0.04878,0.04996,0.05206,0.298629,0.01094,0.000346,0.27712,0.29137,0.29869,0.30593,0.32029,0.048696,0.00181,5.7e-5,0.04518,0.04733,0.04878,0.04996,0.05206,0.347325,0.01192,0.000377,0.32377,0.33937,0.34785,0.35491,0.37081
32.25,0.64989,0.01194,0.000378,0.62646,0.64223,0.64939,0.65783,0.67339,0.048446,0.00179,5.7e-5,0.04501,0.04712,0.0485,0.04968,0.05179,0.301664,0.01099,0.000348,0.28012,0.29426,0.30173,0.30894,0.32343,0.048446,0.00179,5.7e-5,0.04501,0.04712,0.0485,0.04968,0.05179,0.35011,0.01194,0.000378,0.32661,0.34217,0.3506,0.35777,0.37354
32.5,0.647126,0.01196,0.000378,0.62355,0.63939,0.64671,0.65512,0.67073,0.048189,0.00177,5.6e-5,0.04477,0.04691,0.0482,0.04946,0.05151,0.304685,0.01105,0.000349,0.28273,0.29717,0.30479,0.31198,0.32651,0.048189,0.00177,5.6e-5,0.04477,0.04691,0.0482,0.04946,0.05151,0.352874,0.01196,0.000378,0.32927,0.34488,0.35329,0.36061,0.37645
32.75,0.644387,0.01197,0.000379,0.62092,0.63665,0.64393,0.65243,0.66806,0.047924,0.00176,5.6e-5,0.0445,0.04667,0.04798,0.04918,0.0512,0.307688,0.01111,0.000351,0.28553,0.30023,0.30777,0.31503,0.32971,0.047924,0.00176,5.6e-5,0.0445,0.04667,0.04798,0.04918,0.0512,0.355613,0.01197,0.000379,0.33194,0.34757,0.35606,0.36335,0.37908
33.0,0.641683,0.01197,0.000379,0.61819,0.63392,0.64117,0.64962,0.66541,0.047645,0.00174,5.5e-5,0.04423,0.04639,0.04771,0.04886,0.05083,0.310673,0.01115,0.000353,0.28841,0.30329,0.31084,0.3181,0.33262,0.047645,0.00174,5.5e-5,0.04423,0.04639,0.04771,0.04886,0.05083,0.358317,0.01197,0.000379,0.33459,0.35038,0.35883,0.36608,0.38181
33.25,0.638992,0.01197,0.000379,0.61548,0.63129,0.6385,0.64698,0.66279,0.047359,0.00171,5.4e-5,0.04398,0.0461,0.04738,0.0486,0.05041,0.313649,0.01121,0.000354,0.29135,0.30619,0.31388,0.32103,0.3357,0.047359,0.00171,5.4e-5,0.04398,0.0461,0.04738,0.0486,0.05041,0.361008,0.01197,0.000379,0.33721,0.35302,0.3615,0.36871,0.38452
33.5,0.636329,0.01198,0.000379,0.6128,0.6286,0.63585,0.64428,0.6602,0.047064,0.00168,5.3e-5,0.04379,0.04586,0.04706,0.04832,0.05009,0.316607,0.01125,0.000356,0.29416,0.30911,0.31687,0.32413,0.33889,0.047064,0.00168,5.3e-5,0.04379,0.04586,0.04706,0.04832,0.05009,0.363671,0.01198,0.000379,0.3398,0.35572,0.36415,0.3714,0.3872
33.75,0.633703,0.01198,0.000379,0.61006,0.62607,0.63326,0.64173,0.65763,0.046765,0.00168,5.3e-5,0.04358,0.04557,0.04676,0.048,0.04981,0.319533,0.01128,0.000357,0.29692,0.31202,0.31976,0.32707,0.34198,0.046765,0.00168,5.3e-5,0.04358,0.04557,0.04676,0.048,0.04981,0.366297,0.01198,0.000379,0.34237,0.35827,0.36674,0.37393,0.38994
34.0,0.631099,0.01198,0.000379,0.60758,0.6235,0.63057,0.63906,0.65499,0.046451,0.00166,5.3e-5,0.04333,0.04527,0.04644,0.04766,0.04949,0.322449,0.01132,0.000358,0.29987,0.31488,0.32264,0.32997,0.34475,0.046451,0.00166,5.3e-5,0.04333,0.04527,0.04644,0.04766,0.04949,0.368901,0.01198,0.000379,0.34502,0.36094,0.36943,0.3765,0.39242
34.25,0.62852,0.01198,0.000379,0.60512,0.62092,0.62794,0.63642,0.65232,0.046131,0.00165,5.2e-5,0.04302,0.04499,0.04614,0.04732,0.04917,0.325348,0.01135,0.000359,0.30293,0.31777,0.32558,0.33294,0.34764,0.046131,0.00165,5.2e-5,0.04302,0.04499,0.04614,0.04732,0.04917,0.37148,0.01198,0.000379,0.34768,0.36358,0.37206,0.37908,0.39488
34.5,0.625962,0.01198,0.000379,0.60266,0.61828,0.62536,0.63376,0.64979,0.045817,0.00165,5.2e-5,0.0427,0.04468,0.0458,0.04704,0.0488,0.328222,0.01138,0.00036,0.3056,0.32065,0.32851,0.33578,0.35062,0.045817,0.00165,5.2e-5,0.0427,0.04468,0.0458,0.04704,0.0488,0.374038,0.01198,0.000379,0.35021,0.36624,0.37464,0.38172,0.39734
34.75,0.623437,0.01198,0.000379,0.59998,0.61584,0.62285,0.63132,0.64732,0.04549,0.00163,5.2e-5,0.04246,0.04436,0.04553,0.04667,0.04846,0.331073,0.01141,0.000361,0.30841,0.32346,0.33142,0.33864,0.35351,0.04549,0.00163,5.2e-5,0.04246,0.04436,0.04553,0.04667,0.04846,0.376563,0.01198,0.000379,0.35268,0.36868,0.37715,0.38416,0.40002
35.0,0.620941,0.01198,0.000379,0.59759,0.61333,0.6204,0.62878,0.64479,0.045148,0.00162,5.1e-5,0.04203,0.04401,0.04515,0.04634,0.048,0.333911,0.01144,0.000362,0.31115,0.32641,0.33424,0.34136,0.35653,0.045148,0.00162,5.1e-5,0.04203,0.04401,0.04515,0.04634,0.048,0.379059,0.01198,0.000379,0.35521,0.37122,0.3796,0.38667,0.40241
35.25,0.618471,0.01198,0.000379,0.59519,0.61084,0.61794,0.62624,0.64242,0.044801,0.00161,5.1e-5,0.04178,0.04367,0.04482,0.04595,0.04778,0.336728,0.01147,0.000363,0.3141,0.32914,0.33704,0.34415,0.35933,0.044801,0.00161,5.1e-5,0.04178,0.04367,0.04482,0.04595,0.04778,0.381529,0.01198,0.000379,0.35758,0.37376,0.38206,0.38916,0.40481
35.5,0.616036,0.01197,0.000378,0.5927,0.60852,0.61553,0.62374,0.63994,0.044452,0.00162,5.1e-5,0.04136,0.04333,0.04445,0.0456,0.04749,0.339512,0.01149,0.000363,0.31698,0.33203,0.33988,0.34705,0.362,0.044452,0.00162,5.1e-5,0.04136,0.04333,0.04445,0.0456,0.04749,0.383964,0.01197,0.000378,0.36006,0.37626,0.38447,0.39148,0.4073
35.75,0.613628,0.01195,0.000378,0.5904,0.60609,0.6132,0.62134,0.63755,0.0441,0.00161,5.1e-5,0.04111,0.04297,0.04411,0.04525,0.04708,0.342272,0.01152,0.000364,0.31958,0.33466,0.34266,0.34987,0.36469,0.0441,0.00161,5.1e-5,0.04111,0.04297,0.04411,0.04525,0.04708,0.386372,0.01195,0.000378,0.36245,0.37866,0.3868,0.39391,0.4096
36.0,0.61124,0.01194,0.000378,0.58814,0.60374,0.61081,0.619,0.63518,0.043743,0.0016,5.1e-5,0.04069,0.04266,0.04376,0.04488,0.04668,0.345017,0.01154,0.000365,0.32241,0.33734,0.3453,0.35253,0.36756,0.043743,0.0016,5.1e-5,0.04069,0.04266,0.04376,0.04488,0.04668,0.38876,0.01194,0.000378,0.36482,0.381,0.38919,0.39626,0.41186
36.25,0.608888,0.01193,0.000377,0.58576,0.60151,0.60848,0.6166,0.63283,0.043373,0.0016,5.0e-5,0.0404,0.04227,0.04337,0.04446,0.04636,0.34774,0.01155,0.000365,0.32497,0.33999,0.3481,0.35527,0.37054,0.043373,0.0016,5.0e-5,0.0404,0.04227,0.04337,0.04446,0.04636,0.391112,0.01193,0.000377,0.36717,0.3834,0.39152,0.3985,0.41424
36.5,0.606561,0.01192,0.000377,0.5833,0.59918,0.60615,0.61433,0.63039,0.043002,0.00158,5.0e-5,0.04006,0.04193,0.04297,0.04409,0.04602,0.350437,0.01157,0.000366,0.32751,0.34265,0.35082,0.35792,0.37328,0.043002,0.00158,5.0e-5,0.04006,0.04193,0.04297,0.04409,0.04602,0.393439,0.01192,0.000377,0.36961,0.38567,0.39385,0.40083,0.4167
36.75,0.604258,0.01191,0.000377,0.58095,0.59684,0.6039,0.61197,0.62822,0.042626,0.00157,4.9e-5,0.03963,0.04156,0.04258,0.04365,0.04564,0.353116,0.01158,0.000366,0.33048,0.34544,0.35358,0.36064,0.37616,0.042626,0.00157,4.9e-5,0.03963,0.04156,0.04258,0.04365,0.04564,0.395742,0.01191,0.000377,0.37178,0.38802,0.3961,0.40316,0.41905
37.0,0.601978,0.01189,0.000376,0.57879,0.59455,0.60153,0.6097,0.62607,0.042247,0.00156,4.9e-5,0.03918,0.04121,0.04222,0.0433,0.04531,0.355775,0.0116,0.000367,0.33291,0.34795,0.35614,0.36328,0.3788,0.042247,0.00156,4.9e-5,0.03918,0.04121,0.04222,0.0433,0.04531,0.398022,0.01189,0.000376,0.37393,0.3903,0.39848,0.40545,0.42121
37.25,0.599738,0.01186,0.000375,0.57643,0.59239,0.59929,0.60744,0.62377,0.041859,0.00155,4.9e-5,0.03886,0.04079,0.04184,0.04293,0.04496,0.358403,0.0116,0.000367,0.33531,0.35055,0.35878,0.36586,0.3812,0.041859,0.00155,4.9e-5,0.03886,0.04079,0.04184,0.04293,0.04496,0.400262,0.01186,0.000375,0.37623,0.39256,0.40071,0.40762,0.42357
37.5,0.59752,0.01184,0.000374,0.57444,0.5902,0.59709,0.60507,0.62141,0.041477,0.00155,4.9e-5,0.03845,0.04042,0.04141,0.04253,0.04456,0.361003,0.01162,0.000367,0.33802,0.35329,0.3614,0.36843,0.3839,0.041477,0.00155,4.9e-5,0.03845,0.04042,0.04141,0.04253,0.04456,0.40248,0.01184,0.000374,0.37859,0.39493,0.4029,0.4098,0.42556
37.75,0.595329,0.01182,0.000374,0.5724,0.588,0.59482,0.60289,0.61928,0.041073,0.00155,4.9e-5,0.03804,0.04001,0.04104,0.04215,0.04415,0.363597,0.01163,0.000368,0.34049,0.35584,0.36402,0.37091,0.38655,0.041073,0.00155,4.9e-5,0.03804,0.04001,0.04104,0.04215,0.04415,0.404671,0.01182,0.000374,0.38072,0.3971,0.40518,0.412,0.4276
38.0,0.593174,0.0118,0.000373,0.57013,0.58585,0.59262,0.60076,0.61685,0.040678,0.00155,4.9e-5,0.03763,0.03966,0.04064,0.04176,0.04366,0.366149,0.01164,0.000368,0.34292,0.35839,0.36663,0.37348,0.38918,0.040678,0.00155,4.9e-5,0.03763,0.03966,0.04064,0.04176,0.04366,0.406826,0.0118,0.000373,0.38315,0.39924,0.40738,0.41416,0.42987
38.25,0.591046,0.01178,0.000373,0.56805,0.58368,0.59038,0.59865,0.61471,0.040273,0.00155,4.9e-5,0.0372,0.03925,0.04025,0.0413,0.04338,0.368681,0.01164,0.000368,0.34534,0.36098,0.36909,0.37601,0.39181,0.040273,0.00155,4.9e-5,0.0372,0.03925,0.04025,0.0413,0.04338,0.408954,0.01178,0.000373,0.38529,0.40135,0.40962,0.41632,0.43195
38.5,0.588938,0.01176,0.000372,0.56622,0.58153,0.58831,0.59646,0.61246,0.03988,0.00154,4.9e-5,0.03675,0.03886,0.0399,0.04091,0.04291,0.371182,0.01164,0.000368,0.34791,0.3635,0.37159,0.37846,0.39424,0.03988,0.00154,4.9e-5,0.03675,0.03886,0.0399,0.04091,0.04291,0.411062,0.01176,0.000372,0.38754,0.40354,0.41168,0.41848,0.43378
38.75,0.586867,0.01173,0.000371,0.5643,0.57951,0.58616,0.59418,0.61054,0.03947,0.00153,4.8e-5,0.03638,0.03843,0.03948,0.04046,0.04254,0.373663,0.01164,0.000368,0.35023,0.36596,0.37402,0.38097,0.39678,0.03947,0.00153,4.8e-5,0.03638,0.03843,0.03948,0.04046,0.04254,0.413133,0.01173,0.000371,0.38946,0.40582,0.41384,0.42049,0.4357
39.0,0.584815,0.01171,0.00037,0.56247,0.57739,0.5841,0.5922,0.60862,0.039058,0.00152,4.8e-5,0.03593,0.03798,0.03904,0.04006,0.04211,0.376127,0.01164,0.000368,0.35253,0.36843,0.37656,0.38336,0.39908,0.039058,0.00152,4.8e-5,0.03593,0.03798,0.03904,0.04006,0.04211,0.415185,0.01171,0.00037,0.39138,0.4078,0.4159,0.42262,0.43753
39.25,0.582799,0.01169,0.00037,0.56021,0.57535,0.58205,0.5902,0.60659,0.038653,0.0015,4.8e-5,0.03555,0.0376,0.03863,0.03964,0.04169,0.378548,0.01164,0.000368,0.355,0.3709,0.37896,0.38577,0.40145,0.038653,0.0015,4.8e-5,0.03555,0.0376,0.03863,0.03964,0.04169,0.417201,0.01169,0.00037,0.39341,0.4098,0.41795,0.42465,0.43979
39.5,0.580805,0.01167,0.000369,0.5582,0.57341,0.58012,0.58819,0.60464,0.038247,0.00151,4.8e-5,0.03516,0.03719,0.03825,0.03925,0.0413,0.380948,0.01163,0.000368,0.35746,0.37332,0.38138,0.38824,0.40376,0.038247,0.00151,4.8e-5,0.03516,0.03719,0.03825,0.03925,0.0413,0.419195,0.01167,0.000369,0.39536,0.41181,0.41988,0.42659,0.4418
39.75,0.578839,0.01164,0.000368,0.55631,0.57146,0.57814,0.58625,0.60247,0.037839,0.00151,4.8e-5,0.03483,0.03681,0.03785,0.03882,0.04091,0.383321,0.01163,0.000368,0.35994,0.37566,0.3838,0.39074,0.40607,0.037839,0.00151,4.8e-5,0.03483,0.03681,0.03785,0.03882,0.04091,0.421161,0.01164,0.000368,0.39753,0.41375,0.42186,0.42854,0.44369
40.0,0.5769,0.01161,0.000367,0.55449,0.56947,0.57622,0.58438,0.60048,0.037442,0.00149,4.7e-5,0.03442,0.03642,0.03741,0.03844,0.04056,0.385658,0.01163,0.000368,0.36212,0.378,0.3861,0.39308,0.40838,0.037442,0.00149,4.7e-5,0.03442,0.03642,0.03741,0.03844,0.04056,0.4231,0.01161,0.000367,0.39952,0.41562,0.42378,0.43053,0.44551
40.25,0.574991,0.01159,0.000366,0.55254,0.56764,0.57435,0.58246,0.59859,0.037027,0.00149,4.7e-5,0.0341,0.036,0.03701,0.03801,0.04008,0.387981,0.01162,0.000367,0.36495,0.38034,0.38847,0.39534,0.41064,0.037027,0.00149,4.7e-5,0.0341,0.036,0.03701,0.03801,0.04008,0.425009,0.01159,0.000366,0.40141,0.41754,0.42564,0.43236,0.44746
40.5,0.573112,0.01156,0.000365,0.5507,0.56578,0.57238,0.58054,0.59657,0.036608,0.00149,4.7e-5,0.03376,0.0356,0.03656,0.03758,0.03967,0.39028,0.0116,0.000367,0.36707,0.3827,0.39076,0.39763,0.41293,0.036608,0.00149,4.7e-5,0.03376,0.0356,0.03656,0.03758,0.03967,0.426888,0.01156,0.000365,0.40343,0.41946,0.42762,0.43422,0.4493
40.75,0.571255,0.01153,0.000365,0.54894,0.56394,0.57051,0.57868,0.5947,0.03619,0.00148,4.7e-5,0.0333,0.0352,0.03616,0.03716,0.03912,0.392556,0.0116,0.000367,0.36917,0.38512,0.39304,0.39993,0.4152,0.03619,0.00148,4.7e-5,0.0333,0.0352,0.03616,0.03716,0.03912,0.428745,0.01153,0.000365,0.4053,0.42132,0.42949,0.43606,0.45106
41.0,0.569428,0.01149,0.000363,0.54738,0.56197,0.56877,0.57686,0.59279,0.035768,0.00147,4.7e-5,0.03293,0.03481,0.03575,0.03673,0.03881,0.394804,0.01159,0.000367,0.3716,0.38734,0.39537,0.40216,0.41752,0.035768,0.00147,4.7e-5,0.03293,0.03481,0.03575,0.03673,0.03881,0.430572,0.01149,0.000363,0.40721,0.42314,0.43123,0.43803,0.45262
41.25,0.56762,0.01146,0.000362,0.54578,0.56014,0.56698,0.57502,0.59079,0.035356,0.00147,4.7e-5,0.03256,0.0344,0.03534,0.03631,0.03829,0.397025,0.01158,0.000366,0.37372,0.38967,0.3976,0.40431,0.41981,0.035356,0.00147,4.7e-5,0.03256,0.0344,0.03534,0.03631,0.03829,0.43238,0.01146,0.000362,0.40921,0.42498,0.43302,0.43986,0.45422
41.5,0.56584,0.01142,0.000361,0.54419,0.55832,0.56506,0.57321,0.58892,0.034941,0.00147,4.7e-5,0.03222,0.03396,0.03492,0.03588,0.03791,0.399219,0.01157,0.000366,0.37604,0.39179,0.39984,0.40648,0.42215,0.034941,0.00147,4.7e-5,0.03222,0.03396,0.03492,0.03588,0.03791,0.43416,0.01142,0.000361,0.41108,0.42679,0.43494,0.44168,0.45581
41.75,0.564089,0.01138,0.00036,0.54275,0.55666,0.56336,0.5714,0.58706,0.034523,0.00146,4.6e-5,0.0318,0.03352,0.03453,0.03548,0.03743,0.401387,0.01155,0.000365,0.37806,0.39406,0.40202,0.4086,0.42417,0.034523,0.00146,4.6e-5,0.0318,0.03352,0.03453,0.03548,0.03743,0.435911,0.01138,0.00036,0.41294,0.4286,0.43664,0.44334,0.45725
42.0,0.562361,0.01135,0.000359,0.5411,0.55508,0.5616,0.56968,0.5853,0.034096,0.00146,4.6e-5,0.03126,0.03311,0.03406,0.03502,0.037,0.403544,0.01153,0.000365,0.38016,0.39627,0.40417,0.41072,0.42624,0.034096,0.00146,4.6e-5,0.03126,0.03311,0.03406,0.03502,0.037,0.437639,0.01135,0.000359,0.4147,0.43032,0.4384,0.44492,0.4589
42.25,0.56066,0.01132,0.000358,0.53954,0.55334,0.55994,0.56783,0.58373,0.033677,0.00146,4.6e-5,0.0309,0.03272,0.03365,0.03461,0.03661,0.405664,0.01152,0.000364,0.38228,0.39838,0.40632,0.41283,0.42828,0.033677,0.00146,4.6e-5,0.0309,0.03272,0.03365,0.03461,0.03661,0.43934,0.01132,0.000358,0.41627,0.43217,0.44006,0.44666,0.46046
42.5,0.558989,0.01128,0.000357,0.53794,0.55167,0.55828,0.56623,0.58211,0.033253,0.00145,4.6e-5,0.03045,0.03231,0.03322,0.03415,0.03622,0.407759,0.0115,0.000364,0.38438,0.40052,0.40848,0.41497,0.43047,0.033253,0.00145,4.6e-5,0.03045,0.03231,0.03322,0.03415,0.03622,0.441011,0.01128,0.000357,0.41789,0.43377,0.44172,0.44833,0.46206
42.75,0.557336,0.01125,0.000356,0.53652,0.55006,0.55668,0.56458,0.58045,0.032841,0.00146,4.6e-5,0.03003,0.03189,0.03283,0.03377,0.03584,0.409823,0.01148,0.000363,0.38654,0.40251,0.41062,0.41712,0.43258,0.032841,0.00146,4.6e-5,0.03003,0.03189,0.03283,0.03377,0.03584,0.442664,0.01125,0.000356,0.41955,0.43542,0.44332,0.44994,0.46348
43.0,0.555714,0.01121,0.000355,0.53481,0.54845,0.55509,0.56296,0.57878,0.032423,0.00146,4.6e-5,0.02961,0.03145,0.03237,0.03339,0.03539,0.411863,0.01146,0.000362,0.38877,0.40456,0.41264,0.41906,0.43437,0.032423,0.00146,4.6e-5,0.02961,0.03145,0.03237,0.03339,0.03539,0.444286,0.01121,0.000355,0.42122,0.43704,0.44492,0.45154,0.46519
43.25,0.554118,0.01118,0.000353,0.53321,0.54684,0.55352,0.56128,0.57692,0.032012,0.00146,4.6e-5,0.02921,0.03104,0.03196,0.03299,0.03494,0.41387,0.01145,0.000362,0.39064,0.40654,0.4147,0.42105,0.43616,0.032012,0.00146,4.6e-5,0.02921,0.03104,0.03196,0.03299,0.03494,0.445882,0.01118,0.000353,0.42308,0.43872,0.44648,0.45316,0.46679
43.5,0.552543,0.01114,0.000352,0.53178,0.54516,0.55192,0.55967,0.57519,0.0316,0.00145,4.6e-5,0.02885,0.03061,0.03158,0.03257,0.03449,0.415857,0.01143,0.000361,0.39247,0.4085,0.41669,0.42301,0.43808,0.0316,0.00145,4.6e-5,0.02885,0.03061,0.03158,0.03257,0.03449,0.447457,0.01114,0.000352,0.42481,0.44032,0.44808,0.45484,0.46822
43.75,0.550985,0.01111,0.000351,0.53014,0.54358,0.55033,0.5582,0.57355,0.031198,0.00145,4.6e-5,0.02848,0.03019,0.03116,0.03216,0.03408,0.417818,0.0114,0.000361,0.39446,0.41055,0.41862,0.4249,0.43998,0.031198,0.00145,4.6e-5,0.02848,0.03019,0.03116,0.03216,0.03408,0.449015,0.01111,0.000351,0.42646,0.4418,0.44967,0.45642,0.46986
44.0,0.54946,0.01107,0.00035,0.52867,0.54201,0.54885,0.55662,0.57198,0.030782,0.00145,4.6e-5,0.02809,0.0298,0.03075,0.03174,0.03364,0.419758,0.01137,0.00036,0.39646,0.41255,0.42054,0.42684,0.4418,0.030782,0.00145,4.6e-5,0.02809,0.0298,0.03075,0.03174,0.03364,0.45054,0.01107,0.00035,0.42802,0.44338,0.45115,0.45799,0.47133
44.25,0.547961,0.01103,0.000349,0.52727,0.54064,0.54737,0.55517,0.5702,0.030367,0.00144,4.6e-5,0.0277,0.02938,0.03034,0.03134,0.03321,0.421672,0.01135,0.000359,0.39848,0.41441,0.42247,0.42877,0.44382,0.030367,0.00144,4.6e-5,0.0277,0.02938,0.03034,0.03134,0.03321,0.452039,0.01103,0.000349,0.4298,0.44483,0.45263,0.45936,0.47273
44.5,0.546478,0.01099,0.000348,0.5257,0.5391,0.54591,0.5537,0.56868,0.029966,0.00144,4.5e-5,0.02738,0.02901,0.02995,0.03092,0.03288,0.423555,0.01132,0.000358,0.40048,0.41637,0.42426,0.43053,0.44553,0.029966,0.00144,4.5e-5,0.02738,0.02901,0.02995,0.03092,0.03288,0.453522,0.01099,0.000348,0.43132,0.4463,0.4541,0.4609,0.4743
44.75,0.545023,0.01096,0.000346,0.52443,0.5377,0.54444,0.55233,0.56721,0.029562,0.00143,4.5e-5,0.02695,0.02858,0.02953,0.03052,0.03247,0.425415,0.0113,0.000357,0.40245,0.41822,0.42608,0.43244,0.44714,0.029562,0.00143,4.5e-5,0.02695,0.02858,0.02953,0.03052,0.03247,0.454977,0.01096,0.000346,0.43279,0.44767,0.45556,0.4623,0.47557
45.0,0.543593,0.01092,0.000345,0.52303,0.53626,0.54293,0.55092,0.56574,0.029158,0.00143,4.5e-5,0.02655,0.0282,0.02912,0.0301,0.03205,0.427249,0.01126,0.000356,0.40445,0.42008,0.42786,0.43426,0.44897,0.029158,0.00143,4.5e-5,0.02655,0.0282,0.02912,0.0301,0.03205,0.456407,0.01092,0.000345,0.43426,0.44908,0.45706,0.46374,0.47697
45.25,0.542189,0.01088,0.000344,0.52178,0.53487,0.5415,0.54953,0.56412,0.02875,0.00143,4.5e-5,0.02608,0.02781,0.02871,0.02973,0.03164,0.429061,0.01124,0.000355,0.4063,0.42191,0.4297,0.43617,0.45052,0.02875,0.00143,4.5e-5,0.02608,0.02781,0.02871,0.02973,0.03164,0.457811,0.01088,0.000344,0.43588,0.45047,0.4585,0.46513,0.47822
45.5,0.540811,0.01085,0.000343,0.52057,0.53354,0.54011,0.54819,0.56284,0.028349,0.00143,4.5e-5,0.0257,0.02742,0.0283,0.02932,0.03126,0.43084,0.01122,0.000355,0.40818,0.42369,0.43151,0.43792,0.4523,0.028349,0.00143,4.5e-5,0.0257,0.02742,0.0283,0.02932,0.03126,0.459189,0.01085,0.000343,0.43716,0.45181,0.4599,0.46646,0.47943
45.75,0.539446,0.01082,0.000342,0.51933,0.53212,0.53882,0.54683,0.56151,0.027954,0.00142,4.5e-5,0.02525,0.027,0.02792,0.02891,0.03077,0.432599,0.01119,0.000354,0.41004,0.42549,0.43322,0.43975,0.45382,0.027954,0.00142,4.5e-5,0.02525,0.027,0.02792,0.02891,0.03077,0.460554,0.01082,0.000342,0.43849,0.45317,0.46118,0.46788,0.48067
46.0,0.538109,0.01078,0.000341,0.51813,0.53074,0.53747,0.54552,0.55997,0.02756,0.00142,4.5e-5,0.02492,0.02661,0.02752,0.02849,0.03043,0.434331,0.01115,0.000353,0.41196,0.42728,0.43502,0.44153,0.45523,0.02756,0.00142,4.5e-5,0.02492,0.02661,0.02752,0.02849,0.03043,0.461891,0.01078,0.000341,0.44003,0.45448,0.46253,0.46926,0.48187
46.25,0.536789,0.01075,0.00034,0.51688,0.5295,0.53615,0.54417,0.55848,0.027163,0.00142,4.5e-5,0.02451,0.02618,0.02711,0.02812,0.02999,0.436048,0.01113,0.000352,0.41366,0.429,0.4367,0.44329,0.45688,0.027163,0.00142,4.5e-5,0.02451,0.02618,0.02711,0.02812,0.02999,0.463211,0.01075,0.00034,0.44152,0.45583,0.46384,0.4705,0.48312
46.5,0.535495,0.01071,0.000339,0.51568,0.52826,0.53492,0.54281,0.55706,0.026778,0.00142,4.5e-5,0.0242,0.02581,0.02674,0.02768,0.02962,0.437727,0.0111,0.000351,0.41533,0.43072,0.43841,0.44492,0.45847,0.026778,0.00142,4.5e-5,0.0242,0.02581,0.02674,0.02768,0.02962,0.464505,0.01071,0.000339,0.44294,0.45719,0.46508,0.47174,0.48432
46.75,0.534218,0.01067,0.000337,0.5146,0.52698,0.53367,0.54154,0.55571,0.026393,0.00142,4.5e-5,0.02373,0.02543,0.02639,0.02726,0.02931,0.439389,0.01107,0.00035,0.41676,0.43238,0.44012,0.44652,0.46023,0.026393,0.00142,4.5e-5,0.02373,0.02543,0.02639,0.02726,0.02931,0.465782,0.01067,0.000337,0.44429,0.45846,0.46633,0.47302,0.4854
47.0,0.532965,0.01063,0.000336,0.51338,0.52584,0.53236,0.5403,0.55412,0.026002,0.00142,4.5e-5,0.02333,0.025,0.02598,0.02689,0.02886,0.441033,0.01104,0.000349,0.41856,0.4339,0.44175,0.4482,0.46169,0.026002,0.00142,4.5e-5,0.02333,0.025,0.02598,0.02689,0.02886,0.467035,0.01063,0.000336,0.44588,0.4597,0.46764,0.47416,0.48662
47.25,0.531738,0.01059,0.000335,0.5122,0.52463,0.53119,0.53918,0.55281,0.025616,0.00142,4.5e-5,0.02298,0.02464,0.02561,0.02656,0.02852,0.442645,0.01101,0.000348,0.41999,0.4355,0.44332,0.4498,0.46351,0.025616,0.00142,4.5e-5,0.02298,0.02464,0.02561,0.02656,0.02852,0.468262,0.01059,0.000335,0.44719,0.46082,0.46881,0.47537,0.4878
47.5,0.530526,0.01055,0.000334,0.51129,0.52344,0.52995,0.53796,0.55146,0.025241,0.00141,4.5e-5,0.02251,0.02425,0.02521,0.02616,0.02805,0.444233,0.01098,0.000347,0.42165,0.43704,0.44492,0.45137,0.46495,0.025241,0.00141,4.5e-5,0.02251,0.02425,0.02521,0.02616,0.02805,0.469474,0.01055,0.000334,0.44854,0.46204,0.47005,0.47656,0.48871
47.75,0.529338,0.01051,0.000332,0.51019,0.52225,0.5288,0.53681,0.55017,0.024868,0.0014,4.4e-5,0.02216,0.02388,0.02488,0.0258,0.02764,0.445793,0.01095,0.000346,0.42336,0.43847,0.44654,0.45304,0.46652,0.024868,0.0014,4.4e-5,0.02216,0.02388,0.02488,0.0258,0.02764,0.470662,0.01051,0.000332,0.44983,0.46319,0.4712,0.47774,0.48981
48.0,0.528166,0.01048,0.000331,0.50906,0.52116,0.52763,0.5356,0.54894,0.024502,0.0014,4.4e-5,0.02185,0.02352,0.0245,0.02544,0.02721,0.447332,0.01091,0.000345,0.42524,0.44006,0.44802,0.4546,0.46797,0.024502,0.0014,4.4e-5,0.02185,0.02352,0.0245,0.02544,0.02721,0.471834,0.01048,0.000331,0.45106,0.4644,0.47237,0.47884,0.49094
48.25,0.527018,0.01044,0.00033,0.5082,0.5201,0.52642,0.5344,0.54764,0.02413,0.00139,4.4e-5,0.02148,0.02316,0.0241,0.0251,0.02677,0.448852,0.01087,0.000344,0.42705,0.44148,0.4496,0.45604,0.46923,0.02413,0.00139,4.4e-5,0.02148,0.02316,0.0241,0.0251,0.02677,0.472982,0.01044,0.00033,0.45236,0.4656,0.47358,0.4799,0.4918
48.5,0.525895,0.0104,0.000329,0.50715,0.519,0.52537,0.53326,0.54638,0.023758,0.00138,4.4e-5,0.02114,0.0228,0.02371,0.0247,0.02644,0.450347,0.01085,0.000343,0.42864,0.44306,0.45108,0.45754,0.47076,0.023758,0.00138,4.4e-5,0.02114,0.0228,0.02371,0.0247,0.02644,0.474105,0.0104,0.000329,0.45362,0.46674,0.47463,0.481,0.49285
48.75,0.524785,0.01037,0.000328,0.50601,0.51787,0.52428,0.53221,0.54525,0.023391,0.00138,4.4e-5,0.02076,0.02245,0.02334,0.02436,0.02609,0.451825,0.01082,0.000342,0.43015,0.44451,0.45256,0.45904,0.47207,0.023391,0.00138,4.4e-5,0.02076,0.02245,0.02334,0.02436,0.02609,0.475215,0.01037,0.000328,0.45475,0.46779,0.47572,0.48213,0.49399
49.0,0.523699,0.01033,0.000327,0.50502,0.51683,0.52317,0.53112,0.54407,0.023021,0.00138,4.4e-5,0.02034,0.02204,0.02297,0.02399,0.02574,0.453279,0.01078,0.000341,0.43172,0.44597,0.45397,0.46044,0.47346,0.023021,0.00138,4.4e-5,0.02034,0.02204,0.02297,0.02399,0.02574,0.476301,0.01033,0.000327,0.45593,0.46888,0.47682,0.48317,0.49498
49.25,0.522626,0.01029,0.000325,0.50397,0.51568,0.52205,0.53002,0.54289,0.022669,0.00137,4.3e-5,0.02001,0.02171,0.02264,0.02361,0.0254,0.454704,0.01075,0.00034,0.43304,0.4475,0.45538,0.46192,0.47474,0.022669,0.00137,4.3e-5,0.02001,0.02171,0.02264,0.02361,0.0254,0.477374,0.01029,0.000325,0.45711,0.46998,0.47794,0.48432,0.49603
49.5,0.521576,0.01026,0.000324,0.5029,0.51463,0.52098,0.52894,0.5418,0.022312,0.00136,4.3e-5,0.0197,0.02135,0.0223,0.02326,0.02503,0.456112,0.01071,0.000339,0.4346,0.44889,0.45676,0.46339,0.47604,0.022312,0.00136,4.3e-5,0.0197,0.02135,0.0223,0.02326,0.02503,0.478424,0.01026,0.000324,0.4582,0.47106,0.47902,0.48537,0.4971
49.75,0.520543,0.01022,0.000323,0.50196,0.51361,0.51989,0.52786,0.54075,0.021964,0.00136,4.3e-5,0.01934,0.02099,0.02194,0.02289,0.02471,0.457492,0.01068,0.000338,0.43614,0.45023,0.45816,0.4647,0.47737,0.021964,0.00136,4.3e-5,0.01934,0.02099,0.02194,0.02289,0.02471,0.479457,0.01022,0.000323,0.45925,0.47214,0.48011,0.48639,0.49804
50.0,0.519524,0.01018,0.000322,0.501,0.51258,0.51885,0.52687,0.53958,0.021622,0.00134,4.3e-5,0.01899,0.02066,0.02162,0.02255,0.02429,0.458854,0.01065,0.000337,0.43763,0.45149,0.45951,0.46612,0.47854,0.021622,0.00134,4.3e-5,0.01899,0.02066,0.02162,0.02255,0.02429,0.480476,0.01018,0.000322,0.46042,0.47313,0.48115,0.48742,0.499
50.25,0.518527,0.01015,0.000321,0.50003,0.51163,0.51777,0.52587,0.53849,0.021277,0.00134,4.2e-5,0.01862,0.0203,0.02126,0.02218,0.02396,0.460197,0.01061,0.000335,0.43904,0.45291,0.4608,0.4674,0.47969,0.021277,0.00134,4.2e-5,0.01862,0.0203,0.02126,0.02218,0.02396,0.481473,0.01015,0.000321,0.46151,0.47413,0.48223,0.48837,0.49997
50.5,0.51755,0.01011,0.00032,0.49909,0.5107,0.51687,0.52486,0.53748,0.020934,0.00133,4.2e-5,0.01829,0.01996,0.02094,0.02184,0.02361,0.461517,0.01058,0.000335,0.44041,0.45423,0.46216,0.4687,0.48089,0.020934,0.00133,4.2e-5,0.01829,0.01996,0.02094,0.02184,0.02361,0.48245,0.01011,0.00032,0.46252,0.47514,0.48313,0.4893,0.50091
50.75,0.516592,0.01008,0.000319,0.49819,0.50976,0.5159,0.52391,0.53639,0.020594,0.00134,4.2e-5,0.01794,0.01962,0.02059,0.02147,0.02324,0.462814,0.01055,0.000334,0.44165,0.45557,0.46343,0.46998,0.48216,0.020594,0.00134,4.2e-5,0.01794,0.01962,0.02059,0.02147,0.02324,0.483408,0.01008,0.000319,0.46361,0.4761,0.4841,0.49024,0.50181
51.0,0.515649,0.01004,0.000318,0.49732,0.5088,0.5149,0.52289,0.5353,0.020264,0.00133,4.2e-5,0.01771,0.01928,0.02024,0.02114,0.02303,0.464087,0.01052,0.000333,0.44289,0.45676,0.46468,0.47126,0.48335,0.020264,0.00133,4.2e-5,0.01771,0.01928,0.02024,0.02114,0.02303,0.484351,0.01004,0.000318,0.4647,0.47711,0.4851,0.4912,0.50268
51.25,0.514726,0.01001,0.000316,0.49664,0.50795,0.51393,0.52192,0.53433,0.019934,0.00133,4.2e-5,0.01732,0.01897,0.01992,0.02081,0.02262,0.46534,0.01049,0.000332,0.44418,0.45801,0.466,0.47248,0.48446,0.019934,0.00133,4.2e-5,0.01732,0.01897,0.01992,0.02081,0.02262,0.485274,0.01001,0.000316,0.46567,0.47808,0.48607,0.49205,0.50336
51.5,0.513814,0.00997,0.000315,0.49569,0.50691,0.51298,0.52098,0.53348,0.019606,0.00133,4.2e-5,0.017,0.01863,0.01963,0.02047,0.0223,0.46658,0.01045,0.000331,0.44566,0.4593,0.46724,0.47373,0.48565,0.019606,0.00133,4.2e-5,0.017,0.01863,0.01963,0.02047,0.0223,0.486186,0.00997,0.000315,0.46652,0.47902,0.48702,0.49309,0.50431
51.75,0.512919,0.00994,0.000314,0.49484,0.50599,0.51205,0.52005,0.53251,0.01929,0.00131,4.1e-5,0.01675,0.01837,0.01931,0.02015,0.0219,0.467791,0.01042,0.000329,0.44709,0.46052,0.46848,0.47493,0.48675,0.01929,0.00131,4.1e-5,0.01675,0.01837,0.01931,0.02015,0.0219,0.487081,0.00994,0.000314,0.46749,0.47995,0.48795,0.49401,0.50516
52.0,0.512044,0.00991,0.000313,0.49408,0.50507,0.51121,0.51917,0.5315,0.018971,0.00131,4.1e-5,0.01644,0.018,0.01897,0.01983,0.02152,0.468986,0.01039,0.000328,0.44826,0.46173,0.46964,0.4761,0.48783,0.018971,0.00131,4.1e-5,0.01644,0.018,0.01897,0.01983,0.02152,0.487956,0.00991,0.000313,0.4685,0.48083,0.48879,0.49492,0.50592
52.25,0.511178,0.00988,0.000312,0.49323,0.50426,0.51029,0.51835,0.53049,0.018661,0.0013,4.1e-5,0.01614,0.01776,0.01866,0.01951,0.02132,0.470161,0.01035,0.000327,0.44946,0.46292,0.47081,0.47727,0.48912,0.018661,0.0013,4.1e-5,0.01614,0.01776,0.01866,0.01951,0.02132,0.488822,0.00988,0.000312,0.46951,0.48165,0.4897,0.49574,0.50677
52.5,0.51033,0.00985,0.000312,0.4924,0.50352,0.50946,0.51738,0.52966,0.018352,0.00129,4.1e-5,0.01582,0.01746,0.01834,0.01923,0.02096,0.471318,0.01031,0.000326,0.4507,0.46415,0.47186,0.47839,0.49022,0.018352,0.00129,4.1e-5,0.01582,0.01746,0.01834,0.01923,0.02096,0.48967,0.00985,0.000312,0.47034,0.48262,0.49054,0.49648,0.5076
52.75,0.509497,0.00982,0.00031,0.49172,0.50272,0.50866,0.51646,0.52878,0.018046,0.00128,4.1e-5,0.01555,0.01716,0.01805,0.01886,0.0207,0.472457,0.01028,0.000325,0.4519,0.4653,0.47298,0.47942,0.4912,0.018046,0.00128,4.1e-5,0.01555,0.01716,0.01805,0.01886,0.0207,0.490503,0.00982,0.00031,0.47122,0.48354,0.49134,0.49728,0.50828
53.0,0.50868,0.00978,0.000309,0.4909,0.5019,0.50788,0.51563,0.52795,0.017745,0.00127,4.0e-5,0.01532,0.01688,0.01775,0.01854,0.02032,0.473575,0.01025,0.000324,0.4531,0.46641,0.4741,0.48052,0.49224,0.017745,0.00127,4.0e-5,0.01532,0.01688,0.01775,0.01854,0.02032,0.49132,0.00978,0.000309,0.47205,0.48437,0.49212,0.4981,0.5091
53.25,0.507878,0.00974,0.000308,0.49026,0.50109,0.50713,0.5149,0.5272,0.017453,0.00126,4.0e-5,0.01499,0.01657,0.01745,0.01826,0.01994,0.474669,0.01022,0.000323,0.45426,0.4675,0.47523,0.4816,0.49318,0.017453,0.00126,4.0e-5,0.01499,0.01657,0.01745,0.01826,0.01994,0.492122,0.00974,0.000308,0.4728,0.4851,0.49287,0.49891,0.50974
53.5,0.50709,0.00971,0.000307,0.48949,0.50033,0.50627,0.514,0.52638,0.017162,0.00125,4.0e-5,0.01475,0.01629,0.01716,0.01792,0.01956,0.475748,0.01018,0.000322,0.45541,0.46868,0.4763,0.48264,0.4942,0.017162,0.00125,4.0e-5,0.01475,0.01629,0.01716,0.01792,0.01956,0.49291,0.00971,0.000307,0.47362,0.486,0.49373,0.49967,0.51051
53.75,0.506321,0.00968,0.000306,0.48873,0.49961,0.5055,0.51325,0.52559,0.016864,0.00124,3.9e-5,0.0145,0.01601,0.01687,0.01763,0.01937,0.476815,0.01015,0.000321,0.45652,0.4696,0.47735,0.4837,0.4953,0.016864,0.00124,3.9e-5,0.0145,0.01601,0.01687,0.01763,0.01937,0.493679,0.00968,0.000306,0.47441,0.48675,0.4945,0.50039,0.51127
54.0,0.505565,0.00964,0.000305,0.48801,0.49888,0.50478,0.51248,0.52474,0.016576,0.00123,3.9e-5,0.01422,0.01571,0.01655,0.01737,0.01906,0.477859,0.01012,0.00032,0.45751,0.47068,0.47842,0.48482,0.49644,0.016576,0.00123,3.9e-5,0.01422,0.01571,0.01655,0.01737,0.01906,0.494435,0.00964,0.000305,0.47526,0.48752,0.49522,0.50112,0.51199
54.25,0.50482,0.00961,0.000304,0.48727,0.49814,0.50407,0.51168,0.52386,0.01629,0.00121,3.8e-5,0.01391,0.01545,0.01628,0.01705,0.01873,0.47889,0.01008,0.000319,0.45857,0.47175,0.47948,0.4858,0.49739,0.01629,0.00121,3.8e-5,0.01391,0.01545,0.01628,0.01705,0.01873,0.49518,0.00961,0.000304,0.47614,0.48832,0.49593,0.50185,0.51273
54.5,0.504089,0.00958,0.000303,0.48658,0.49748,0.50336,0.511,0.52316,0.016012,0.00121,3.8e-5,0.01368,0.01516,0.01602,0.01675,0.0185,0.479899,0.01005,0.000318,0.45978,0.47275,0.48054,0.48677,0.49834,0.016012,0.00121,3.8e-5,0.01368,0.01516,0.01602,0.01675,0.0185,0.495911,0.00958,0.000303,0.47684,0.489,0.49664,0.50252,0.51342
54.75,0.503369,0.00955,0.000302,0.48588,0.49688,0.50263,0.51024,0.52239,0.01574,0.00121,3.8e-5,0.01343,0.01491,0.01569,0.01647,0.01826,0.480892,0.01002,0.000317,0.46085,0.4737,0.48156,0.48775,0.49918,0.01574,0.00121,3.8e-5,0.01343,0.01491,0.01569,0.01647,0.01826,0.496631,0.00955,0.000302,0.47761,0.48976,0.49737,0.50312,0.51412
55.0,0.502666,0.00952,0.000301,0.48518,0.4961,0.50196,0.50954,0.52169,0.015471,0.00121,3.8e-5,0.01321,0.01463,0.01543,0.01622,0.01798,0.481863,0.00999,0.000316,0.46192,0.4747,0.48257,0.48868,0.50008,0.015471,0.00121,3.8e-5,0.01321,0.01463,0.01543,0.01622,0.01798,0.497334,0.00952,0.000301,0.47831,0.49046,0.49804,0.5039,0.51482
55.25,0.50197,0.00949,0.0003,0.48457,0.49536,0.50124,0.50883,0.52084,0.015212,0.00121,3.8e-5,0.01292,0.01442,0.01519,0.01597,0.01767,0.482819,0.00996,0.000315,0.463,0.47557,0.48352,0.48965,0.50094,0.015212,0.00121,3.8e-5,0.01292,0.01442,0.01519,0.01597,0.01767,0.49803,0.00949,0.0003,0.47916,0.49118,0.49876,0.50464,0.51543
55.5,0.501286,0.00946,0.000299,0.48374,0.49468,0.50056,0.50809,0.52007,0.01495,0.00119,3.8e-5,0.01263,0.01415,0.0149,0.0157,0.01742,0.483764,0.00993,0.000314,0.46415,0.47656,0.48446,0.4906,0.50181,0.01495,0.00119,3.8e-5,0.01263,0.01415,0.0149,0.0157,0.01742,0.498714,0.00946,0.000299,0.47993,0.49191,0.49943,0.50532,0.51626
55.75,0.500619,0.00943,0.000298,0.4831,0.49407,0.49998,0.50732,0.51926,0.014693,0.00119,3.8e-5,0.01238,0.01392,0.01464,0.01545,0.01714,0.484688,0.0099,0.000313,0.46525,0.47754,0.48542,0.4915,0.50258,0.014693,0.00119,3.8e-5,0.01238,0.01392,0.01464,0.01545,0.01714,0.499381,0.00943,0.000298,0.48074,0.49268,0.50002,0.50593,0.5169
56.0,0.499967,0.0094,0.000297,0.48247,0.49346,0.49938,0.50676,0.51846,0.014438,0.00118,3.7e-5,0.01209,0.01367,0.0144,0.0152,0.01684,0.485595,0.00986,0.000312,0.46624,0.47848,0.48637,0.49239,0.50342,0.014438,0.00118,3.7e-5,0.01209,0.01367,0.0144,0.0152,0.01684,0.500033,0.0094,0.000297,0.48154,0.49324,0.50062,0.50654,0.51753
56.25,0.499325,0.00938,0.000297,0.48181,0.49281,0.4987,0.50614,0.51777,0.014187,0.00118,3.7e-5,0.01187,0.01344,0.01415,0.01494,0.0166,0.486488,0.00984,0.000311,0.46728,0.47943,0.48729,0.49323,0.50435,0.014187,0.00118,3.7e-5,0.01187,0.01344,0.01415,0.01494,0.0166,0.500675,0.00938,0.000297,0.48223,0.49386,0.5013,0.5072,0.51819
56.5,0.4987,0.00935,0.000296,0.48128,0.49217,0.49805,0.5055,0.517,0.013936,0.00117,3.7e-5,0.01162,0.01315,0.0139,0.01468,0.0163,0.487364,0.00981,0.00031,0.46824,0.48039,0.48811,0.49409,0.50515,0.013936,0.00117,3.7e-5,0.01162,0.01315,0.0139,0.01468,0.0163,0.5013,0.00935,0.000296,0.483,0.4945,0.50195,0.50783,0.51872
56.75,0.498086,0.00933,0.000295,0.48076,0.49161,0.49742,0.50489,0.51628,0.013686,0.00116,3.7e-5,0.01139,0.01292,0.01366,0.01445,0.01609,0.488228,0.00978,0.000309,0.46904,0.48131,0.48896,0.49495,0.50596,0.013686,0.00116,3.7e-5,0.01139,0.01292,0.01366,0.01445,0.01609,0.501914,0.00933,0.000295,0.48372,0.49511,0.50259,0.50839,0.51924
57.0,0.497482,0.0093,0.000294,0.48017,0.49101,0.49686,0.50434,0.51549,0.013443,0.00114,3.6e-5,0.01122,0.01266,0.01342,0.01419,0.01584,0.489075,0.00975,0.000308,0.46992,0.48222,0.48984,0.4959,0.50682,0.013443,0.00114,3.6e-5,0.01122,0.01266,0.01342,0.01419,0.01584,0.502518,0.0093,0.000294,0.48451,0.49566,0.50314,0.50899,0.51983
57.25,0.496887,0.00928,0.000293,0.47951,0.49041,0.49628,0.5038,0.51482,0.013205,0.00113,3.6e-5,0.01103,0.01244,0.01318,0.01395,0.01555,0.489908,0.00972,0.000307,0.47086,0.48304,0.49065,0.49661,0.50753,0.013205,0.00113,3.6e-5,0.01103,0.01244,0.01318,0.01395,0.01555,0.503113,0.00928,0.000293,0.48518,0.4962,0.50372,0.50959,0.52049
57.5,0.496303,0.00925,0.000292,0.47899,0.48981,0.4957,0.5032,0.51414,0.012969,0.00112,3.5e-5,0.01083,0.0122,0.01296,0.01369,0.01529,0.490728,0.00969,0.000306,0.47186,0.4839,0.49148,0.49737,0.50856,0.012969,0.00112,3.5e-5,0.01083,0.0122,0.01296,0.01369,0.01529,0.503697,0.00925,0.000292,0.48586,0.4968,0.5043,0.51019,0.52101
57.75,0.495737,0.00922,0.000292,0.47862,0.4893,0.4952,0.5026,0.5136,0.012731,0.00111,3.5e-5,0.01061,0.01196,0.0127,0.01343,0.01502,0.491531,0.00965,0.000305,0.47261,0.48471,0.49228,0.49816,0.50927,0.012731,0.00111,3.5e-5,0.01061,0.01196,0.0127,0.01343,0.01502,0.504263,0.00922,0.000292,0.4864,0.4974,0.5048,0.51071,0.52138
58.0,0.495176,0.0092,0.000291,0.47813,0.48871,0.49466,0.50195,0.51309,0.012506,0.00111,3.5e-5,0.01038,0.01174,0.01248,0.01321,0.01471,0.492318,0.00962,0.000304,0.47341,0.48542,0.49304,0.49897,0.51004,0.012506,0.00111,3.5e-5,0.01038,0.01174,0.01248,0.01321,0.01471,0.504824,0.0092,0.000291,0.48691,0.49805,0.50534,0.51129,0.52187
58.25,0.494624,0.00917,0.00029,0.47756,0.4882,0.49409,0.50138,0.51261,0.012284,0.00109,3.5e-5,0.01013,0.01152,0.01228,0.01299,0.01452,0.493092,0.0096,0.000304,0.47423,0.48622,0.49378,0.4997,0.51074,0.012284,0.00109,3.5e-5,0.01013,0.01152,0.01228,0.01299,0.01452,0.505376,0.00917,0.00029,0.48739,0.49862,0.50591,0.5118,0.52244
58.5,0.494085,0.00915,0.000289,0.4771,0.48774,0.49359,0.50086,0.51192,0.012065,0.00109,3.4e-5,0.00993,0.01132,0.01206,0.01278,0.0143,0.49385,0.00957,0.000303,0.47506,0.48693,0.49459,0.50044,0.51145,0.012065,0.00109,3.4e-5,0.00993,0.01132,0.01206,0.01278,0.0143,0.505915,0.00915,0.000289,0.48808,0.49914,0.50641,0.51227,0.5229
58.75,0.493554,0.00912,0.000288,0.47659,0.48725,0.49302,0.50032,0.51136,0.011847,0.00108,3.4e-5,0.00977,0.0111,0.01183,0.01256,0.01406,0.494599,0.00954,0.000302,0.47582,0.48772,0.4953,0.50128,0.51223,0.011847,0.00108,3.4e-5,0.00977,0.0111,0.01183,0.01256,0.01406,0.506446,0.00912,0.000288,0.48864,0.49969,0.50697,0.51276,0.52341
59.0,0.493034,0.00909,0.000288,0.47617,0.48669,0.4925,0.49976,0.51072,0.011632,0.00107,3.4e-5,0.00953,0.0109,0.01161,0.01232,0.01383,0.495335,0.00951,0.000301,0.47652,0.48838,0.49602,0.50201,0.51293,0.011632,0.00107,3.4e-5,0.00953,0.0109,0.01161,0.01232,0.01383,0.506966,0.00909,0.000288,0.48928,0.50024,0.5075,0.51331,0.52383
59.25,0.492523,0.00907,0.000287,0.47575,0.48624,0.49199,0.49924,0.51011,0.011419,0.00106,3.3e-5,0.00935,0.01067,0.01138,0.01211,0.01362,0.496058,0.00949,0.0003,0.47725,0.48909,0.49674,0.50269,0.5137,0.011419,0.00106,3.3e-5,0.00935,0.01067,0.01138,0.01211,0.01362,0.507477,0.00907,0.000287,0.48989,0.50076,0.50801,0.51375,0.52425
59.5,0.492021,0.00904,0.000286,0.47523,0.48568,0.49154,0.49876,0.50953,0.011213,0.00105,3.3e-5,0.00912,0.01049,0.01118,0.01188,0.01341,0.496766,0.00945,0.000299,0.47808,0.4898,0.49744,0.50338,0.51429,0.011213,0.00105,3.3e-5,0.00912,0.01049,0.01118,0.01188,0.01341,0.507979,0.00904,0.000286,0.49047,0.50124,0.50846,0.51432,0.52477
59.75,0.49153,0.00902,0.000285,0.47481,0.48522,0.49104,0.49821,0.50888,0.011011,0.00104,3.3e-5,0.00897,0.01031,0.01097,0.01166,0.0131,0.497459,0.00942,0.000298,0.47882,0.49048,0.49816,0.50406,0.51483,0.011011,0.00104,3.3e-5,0.00897,0.01031,0.01097,0.01166,0.0131,0.50847,0.00902,0.000285,0.49112,0.50179,0.50896,0.51479,0.52519
60.0,0.491048,0.009,0.000285,0.47435,0.4848,0.49055,0.49764,0.5083,0.01081,0.00103,3.3e-5,0.00879,0.01013,0.01078,0.01149,0.01291,0.498141,0.0094,0.000297,0.47959,0.49115,0.49881,0.50471,0.51545,0.01081,0.00103,3.3e-5,0.00879,0.01013,0.01078,0.01149,0.01291,0.508952,0.009,0.000285,0.4917,0.50236,0.50944,0.5152,0.52565
60.25,0.49058,0.00898,0.000284,0.474,0.48431,0.4901,0.49712,0.50774,0.010614,0.00103,3.3e-5,0.00863,0.00992,0.01057,0.0113,0.01265,0.498806,0.00937,0.000296,0.48027,0.49183,0.49949,0.50537,0.51615,0.010614,0.00103,3.3e-5,0.00863,0.00992,0.01057,0.0113,0.01265,0.50942,0.00898,0.000284,0.49226,0.50288,0.5099,0.51569,0.526
60.5,0.490118,0.00895,0.000283,0.47356,0.48391,0.48967,0.49662,0.5072,0.010421,0.00102,3.2e-5,0.00847,0.00974,0.01037,0.01108,0.01245,0.499461,0.00934,0.000295,0.48099,0.49253,0.50012,0.50599,0.51667,0.010421,0.00102,3.2e-5,0.00847,0.00974,0.01037,0.01108,0.01245,0.509882,0.00895,0.000283,0.4928,0.50338,0.51033,0.51609,0.52644
60.75,0.489662,0.00893,0.000282,0.47316,0.48349,0.48924,0.49616,0.5066,0.010233,0.001,3.2e-5,0.00833,0.00958,0.01018,0.01088,0.01227,0.500105,0.00931,0.000294,0.48171,0.49322,0.50072,0.50655,0.51731,0.010233,0.001,3.2e-5,0.00833,0.00958,0.01018,0.01088,0.01227,0.510338,0.00893,0.000282,0.4934,0.50384,0.51076,0.51651,0.52684
61.0,0.489214,0.0089,0.000281,0.47277,0.48304,0.48882,0.4957,0.50606,0.010043,0.00099,3.1e-5,0.00817,0.00936,0.01,0.01069,0.01209,0.500743,0.00929,0.000294,0.48251,0.49382,0.5013,0.50725,0.51796,0.010043,0.00099,3.1e-5,0.00817,0.00936,0.01,0.01069,0.01209,0.510786,0.0089,0.000281,0.49394,0.5043,0.51118,0.51696,0.52723
61.25,0.488776,0.00888,0.000281,0.47224,0.48267,0.48842,0.4952,0.50558,0.009853,0.00099,3.1e-5,0.00797,0.00919,0.00982,0.01048,0.01187,0.501372,0.00926,0.000293,0.48327,0.4945,0.50197,0.5078,0.51851,0.009853,0.00099,3.1e-5,0.00797,0.00919,0.00982,0.01048,0.01187,0.511224,0.00888,0.000281,0.49442,0.5048,0.51158,0.51733,0.52776
61.5,0.488345,0.00886,0.00028,0.47185,0.48229,0.488,0.49482,0.50518,0.009675,0.00098,3.1e-5,0.00779,0.00902,0.00962,0.01028,0.01168,0.50198,0.00924,0.000292,0.48397,0.49514,0.50254,0.50838,0.51906,0.009675,0.00098,3.1e-5,0.00779,0.00902,0.00962,0.01028,0.01168,0.511655,0.00886,0.00028,0.49482,0.50518,0.512,0.51771,0.52815
61.75,0.487926,0.00884,0.000279,0.47146,0.48186,0.4876,0.49441,0.50486,0.009496,0.00097,3.1e-5,0.00767,0.00887,0.00946,0.01011,0.01149,0.502578,0.00921,0.000291,0.48457,0.49576,0.50313,0.509,0.51979,0.009496,0.00097,3.1e-5,0.00767,0.00887,0.00946,0.01011,0.01149,0.512074,0.00884,0.000279,0.49514,0.5056,0.51239,0.51814,0.52854
62.0,0.487516,0.00882,0.000279,0.47119,0.4814,0.48717,0.49394,0.50447,0.009319,0.00095,3.0e-5,0.00752,0.00867,0.00926,0.00993,0.01124,0.503165,0.00918,0.00029,0.48529,0.49634,0.5037,0.50954,0.52032,0.009319,0.00095,3.0e-5,0.00752,0.00867,0.00926,0.00993,0.01124,0.512484,0.00882,0.000279,0.49553,0.50606,0.51283,0.51859,0.52881
62.25,0.487111,0.0088,0.000278,0.47077,0.48102,0.48677,0.49356,0.50407,0.009147,0.00094,3.0e-5,0.00736,0.0085,0.0091,0.00976,0.01111,0.503742,0.00916,0.00029,0.48599,0.49695,0.50425,0.51013,0.52081,0.009147,0.00094,3.0e-5,0.00736,0.0085,0.0091,0.00976,0.01111,0.512889,0.0088,0.000278,0.49593,0.50644,0.51323,0.51898,0.52923
62.5,0.486718,0.00878,0.000278,0.47038,0.48063,0.48632,0.49315,0.50369,0.008973,0.00093,2.9e-5,0.0072,0.00834,0.00893,0.00957,0.01084,0.504309,0.00913,0.000289,0.48669,0.49753,0.50482,0.51072,0.52133,0.008973,0.00093,2.9e-5,0.0072,0.00834,0.00893,0.00957,0.01084,0.513282,0.00878,0.000278,0.49631,0.50685,0.51368,0.51937,0.52962
62.75,0.486332,0.00876,0.000277,0.46992,0.48028,0.4859,0.49269,0.50334,0.008804,0.00092,2.9e-5,0.00713,0.00817,0.00876,0.0094,0.0107,0.504864,0.00911,0.000288,0.48733,0.49812,0.50539,0.51126,0.52178,0.008804,0.00092,2.9e-5,0.00713,0.00817,0.00876,0.0094,0.0107,0.513668,0.00876,0.000277,0.49666,0.50731,0.5141,0.51972,0.53008
63.0,0.485951,0.00874,0.000276,0.46949,0.47993,0.48552,0.4923,0.50291,0.00864,0.00091,2.9e-5,0.00697,0.00804,0.0086,0.00924,0.01052,0.505409,0.00908,0.000287,0.488,0.49867,0.50593,0.51177,0.52225,0.00864,0.00091,2.9e-5,0.00697,0.00804,0.0086,0.00924,0.01052,0.514049,0.00874,0.000276,0.49709,0.50771,0.51449,0.52007,0.53051
63.25,0.485581,0.00872,0.000276,0.46918,0.47957,0.48508,0.49189,0.50252,0.008477,0.0009,2.8e-5,0.00689,0.00786,0.00844,0.00904,0.01033,0.505942,0.00906,0.000287,0.48861,0.49922,0.50647,0.51226,0.52288,0.008477,0.0009,2.8e-5,0.00689,0.00786,0.00844,0.00904,0.01033,0.514419,0.00872,0.000276,0.49748,0.50811,0.51492,0.52043,0.53082
63.5,0.485215,0.0087,0.000275,0.46882,0.47914,0.48471,0.49144,0.50212,0.008318,0.00089,2.8e-5,0.00672,0.00774,0.00829,0.00888,0.01016,0.506467,0.00904,0.000286,0.48923,0.49975,0.50697,0.51279,0.52324,0.008318,0.00089,2.8e-5,0.00672,0.00774,0.00829,0.00888,0.01016,0.514785,0.0087,0.000275,0.49788,0.50856,0.51529,0.52086,0.53118
63.75,0.484858,0.00868,0.000275,0.46853,0.47881,0.48428,0.49107,0.50176,0.00816,0.00088,2.8e-5,0.00659,0.00757,0.00811,0.00871,0.00997,0.506982,0.00901,0.000285,0.48984,0.50036,0.50753,0.51324,0.52371,0.00816,0.00088,2.8e-5,0.00659,0.00757,0.00811,0.00871,0.00997,0.515142,0.00868,0.000275,0.49824,0.50893,0.51572,0.52119,0.53147
64.0,0.484509,0.00866,0.000274,0.46812,0.47846,0.48396,0.49062,0.50132,0.008007,0.00088,2.8e-5,0.00642,0.0074,0.00797,0.00857,0.00981,0.507485,0.00899,0.000284,0.49028,0.50084,0.50802,0.51369,0.52419,0.008007,0.00088,2.8e-5,0.00642,0.0074,0.00797,0.00857,0.00981,0.515491,0.00866,0.000274,0.49868,0.50938,0.51605,0.52154,0.53188
64.25,0.484167,0.00864,0.000273,0.46777,0.47813,0.48369,0.49027,0.50087,0.007852,0.00086,2.7e-5,0.00629,0.00726,0.00781,0.00839,0.00965,0.507982,0.00897,0.000284,0.49075,0.50142,0.5085,0.51423,0.52468,0.007852,0.00086,2.7e-5,0.00629,0.00726,0.00781,0.00839,0.00965,0.515833,0.00864,0.000273,0.49913,0.50973,0.51631,0.52187,0.53223
64.5,0.483831,0.00863,0.000273,0.46751,0.47778,0.48338,0.48983,0.50046,0.0077,0.00085,2.7e-5,0.00614,0.00714,0.00764,0.00824,0.00948,0.508468,0.00894,0.000283,0.49134,0.50191,0.50901,0.5147,0.52518,0.0077,0.00085,2.7e-5,0.00614,0.00714,0.00764,0.00824,0.00948,0.516169,0.00863,0.000273,0.49954,0.51017,0.51662,0.52222,0.53249
64.75,0.483502,0.00861,0.000272,0.46721,0.47747,0.48296,0.4895,0.50007,0.007553,0.00084,2.7e-5,0.00601,0.00699,0.00752,0.00808,0.00932,0.508946,0.00892,0.000282,0.49202,0.50241,0.50939,0.51518,0.52569,0.007553,0.00084,2.7e-5,0.00601,0.00699,0.00752,0.00808,0.00932,0.516498,0.00861,0.000272,0.49993,0.5105,0.51704,0.52253,0.53279
65.0,0.483179,0.00859,0.000272,0.46679,0.47714,0.48268,0.48916,0.49978,0.00741,0.00083,2.6e-5,0.00588,0.00686,0.00738,0.00792,0.00915,0.509412,0.0089,0.000282,0.49246,0.50288,0.50994,0.51558,0.52615,0.00741,0.00083,2.6e-5,0.00588,0.00686,0.00738,0.00792,0.00915,0.516821,0.00859,0.000272,0.50022,0.51084,0.51732,0.52286,0.53321
65.25,0.482861,0.00858,0.000271,0.46651,0.47682,0.48241,0.48888,0.49949,0.007265,0.00083,2.6e-5,0.00577,0.00672,0.00725,0.00778,0.00895,0.509874,0.00888,0.000281,0.49296,0.5034,0.51038,0.51601,0.52647,0.007265,0.00083,2.6e-5,0.00577,0.00672,0.00725,0.00778,0.00895,0.517139,0.00858,0.000271,0.50051,0.51112,0.51759,0.52318,0.53349
65.5,0.482548,0.00856,0.000271,0.46626,0.47651,0.48203,0.48858,0.49914,0.007128,0.00082,2.6e-5,0.00566,0.00659,0.0071,0.00767,0.0088,0.510323,0.00886,0.00028,0.49344,0.50393,0.51076,0.51642,0.52686,0.007128,0.00082,2.6e-5,0.00566,0.00659,0.0071,0.00767,0.0088,0.517452,0.00856,0.000271,0.50086,0.51142,0.51798,0.52349,0.53374
65.75,0.482245,0.00854,0.00027,0.46605,0.47619,0.48171,0.48823,0.49884,0.006987,0.00081,2.6e-5,0.00551,0.00645,0.00695,0.0075,0.00868,0.510768,0.00884,0.000279,0.49397,0.50439,0.5112,0.51686,0.52733,0.006987,0.00081,2.6e-5,0.00551,0.00645,0.00695,0.0075,0.00868,0.517755,0.00854,0.00027,0.50116,0.51177,0.51829,0.52381,0.53395
66.0,0.481944,0.00852,0.00027,0.46583,0.4759,0.48144,0.48788,0.49853,0.006854,0.0008,2.5e-5,0.00543,0.00632,0.00681,0.00736,0.00854,0.511202,0.00882,0.000279,0.49443,0.50484,0.51164,0.51726,0.5277,0.006854,0.0008,2.5e-5,0.00543,0.00632,0.00681,0.00736,0.00854,0.518056,0.00852,0.00027,0.50147,0.51212,0.51856,0.5241,0.53417
66.25,0.481656,0.00851,0.000269,0.46563,0.47565,0.48116,0.48756,0.49822,0.006716,0.00079,2.5e-5,0.00527,0.0062,0.00668,0.0072,0.00838,0.511628,0.0088,0.000278,0.4948,0.5053,0.51207,0.51769,0.52814,0.006716,0.00079,2.5e-5,0.00527,0.0062,0.00668,0.0072,0.00838,0.518344,0.00851,0.000269,0.50178,0.51245,0.51884,0.52435,0.53437
66.5,0.481367,0.00849,0.000269,0.46541,0.47535,0.48082,0.48732,0.49787,0.00659,0.00078,2.5e-5,0.00516,0.00606,0.00655,0.00709,0.00825,0.512043,0.00877,0.000277,0.49519,0.50577,0.5125,0.51812,0.52853,0.00659,0.00078,2.5e-5,0.00516,0.00606,0.00655,0.00709,0.00825,0.518633,0.00849,0.000269,0.50213,0.51268,0.51918,0.52465,0.53459
66.75,0.481085,0.00848,0.000268,0.46516,0.47505,0.48053,0.48699,0.4975,0.006463,0.00077,2.5e-5,0.00506,0.00595,0.00644,0.00695,0.00808,0.512452,0.00876,0.000277,0.4955,0.50616,0.51294,0.5185,0.52893,0.006463,0.00077,2.5e-5,0.00506,0.00595,0.00644,0.00695,0.00808,0.518915,0.00848,0.000268,0.5025,0.51301,0.51947,0.52495,0.53483
67.0,0.480812,0.00846,0.000268,0.46482,0.4748,0.48026,0.48667,0.4972,0.006338,0.00077,2.4e-5,0.00495,0.00582,0.0063,0.00681,0.00787,0.51285,0.00874,0.000276,0.49582,0.50656,0.51334,0.51885,0.52933,0.006338,0.00077,2.4e-5,0.00495,0.00582,0.0063,0.00681,0.00787,0.519188,0.00846,0.000268,0.5028,0.51333,0.51974,0.5252,0.53518
67.25,0.48054,0.00845,0.000267,0.46457,0.47458,0.48001,0.48644,0.49688,0.006218,0.00076,2.4e-5,0.00483,0.00569,0.00618,0.00667,0.00778,0.513242,0.00872,0.000276,0.49617,0.507,0.5137,0.51926,0.52971,0.006218,0.00076,2.4e-5,0.00483,0.00569,0.00618,0.00667,0.00778,0.51946,0.00845,0.000267,0.50312,0.51357,0.51999,0.52542,0.53543
67.5,0.480274,0.00843,0.000267,0.46431,0.47432,0.4797,0.48612,0.49656,0.0061,0.00075,2.4e-5,0.00476,0.0056,0.00607,0.00653,0.00765,0.513626,0.0087,0.000275,0.49661,0.50739,0.51412,0.51964,0.53008,0.0061,0.00075,2.4e-5,0.00476,0.0056,0.00607,0.00653,0.00765,0.519726,0.00843,0.000267,0.50344,0.51388,0.52029,0.52568,0.53569
67.75,0.480015,0.00842,0.000266,0.46412,0.47406,0.47944,0.48584,0.49629,0.005982,0.00074,2.3e-5,0.00466,0.00547,0.00595,0.00641,0.00755,0.514003,0.00868,0.000274,0.49712,0.50778,0.51449,0.52005,0.5305,0.005982,0.00074,2.3e-5,0.00466,0.00547,0.00595,0.00641,0.00755,0.519985,0.00842,0.000266,0.50371,0.51416,0.52056,0.52594,0.53588
68.0,0.479765,0.0084,0.000266,0.46387,0.47386,0.47922,0.48561,0.49603,0.005865,0.00074,2.3e-5,0.00454,0.00535,0.00583,0.0063,0.00743,0.514371,0.00866,0.000274,0.49761,0.50821,0.51485,0.52042,0.53082,0.005865,0.00074,2.3e-5,0.00454,0.00535,0.00583,0.0063,0.00743,0.520235,0.0084,0.000266,0.50397,0.51439,0.52078,0.52614,0.53613
68.25,0.479515,0.00839,0.000265,0.4637,0.47364,0.47898,0.4853,0.49576,0.005755,0.00073,2.3e-5,0.00446,0.00525,0.00572,0.0062,0.00732,0.51473,0.00864,0.000273,0.49807,0.50856,0.51519,0.52076,0.53128,0.005755,0.00073,2.3e-5,0.00446,0.00525,0.00572,0.0062,0.00732,0.520485,0.00839,0.000265,0.50424,0.5147,0.52102,0.52636,0.5363
68.5,0.479267,0.00838,0.000265,0.46354,0.47343,0.47872,0.48504,0.49551,0.005645,0.00072,2.3e-5,0.00433,0.00515,0.00561,0.00608,0.00718,0.515088,0.00863,0.000273,0.49846,0.50892,0.51565,0.52115,0.53153,0.005645,0.00072,2.3e-5,0.00433,0.00515,0.00561,0.00608,0.00718,0.520733,0.00838,0.000265,0.50449,0.51496,0.52128,0.52657,0.53646
68.75,0.479027,0.00837,0.000265,0.46327,0.47321,0.47849,0.48481,0.49521,0.005533,0.00072,2.3e-5,0.00422,0.00504,0.00552,0.00598,0.00707,0.515439,0.00861,0.000272,0.4989,0.50928,0.51599,0.52147,0.53184,0.005533,0.00072,2.3e-5,0.00422,0.00504,0.00552,0.00598,0.00707,0.520973,0.00837,0.000265,0.50479,0.51519,0.52151,0.52679,0.53673
69.0,0.478794,0.00835,0.000264,0.46303,0.47298,0.47826,0.48452,0.49487,0.005425,0.00071,2.2e-5,0.0041,0.00493,0.00541,0.00585,0.00694,0.515781,0.00859,0.000272,0.49928,0.50966,0.51636,0.52183,0.53211,0.005425,0.00071,2.2e-5,0.0041,0.00493,0.00541,0.00585,0.00694,0.521206,0.00835,0.000264,0.50512,0.51548,0.52174,0.52702,0.53697
69.25,0.478563,0.00834,0.000264,0.46288,0.47271,0.47804,0.48428,0.49449,0.005318,0.0007,2.2e-5,0.00402,0.00484,0.00529,0.00574,0.00679,0.516119,0.00857,0.000271,0.49975,0.51002,0.51672,0.52225,0.53245,0.005318,0.0007,2.2e-5,0.00402,0.00484,0.00529,0.00574,0.00679,0.521437,0.00834,0.000264,0.50551,0.51572,0.52196,0.52729,0.53712
69.5,0.478338,0.00832,0.000263,0.46265,0.47248,0.47782,0.48404,0.49422,0.005215,0.00069,2.2e-5,0.00391,0.00474,0.00519,0.00563,0.0067,0.516447,0.00856,0.000271,0.50013,0.51036,0.51706,0.52251,0.53275,0.005215,0.00069,2.2e-5,0.00391,0.00474,0.00519,0.00563,0.0067,0.521662,0.00832,0.000263,0.50578,0.51596,0.52218,0.52752,0.53735
69.75,0.478118,0.00831,0.000263,0.46238,0.47224,0.47759,0.48384,0.4939,0.005112,0.00069,2.2e-5,0.00383,0.00464,0.00509,0.00553,0.00664,0.516771,0.00854,0.00027,0.50038,0.51073,0.51737,0.52283,0.53301,0.005112,0.00069,2.2e-5,0.00383,0.00464,0.00509,0.00553,0.00664,0.521882,0.00831,0.000263,0.5061,0.51616,0.52241,0.52776,0.53762
70.0,0.477902,0.0083,0.000263,0.4622,0.47202,0.47739,0.48364,0.49365,0.005012,0.00068,2.1e-5,0.00375,0.00456,0.00499,0.00543,0.00655,0.517087,0.00852,0.000269,0.50069,0.51107,0.51765,0.52307,0.53333,0.005012,0.00068,2.1e-5,0.00375,0.00456,0.00499,0.00543,0.00655,0.522098,0.0083,0.000263,0.50635,0.51636,0.52261,0.52798,0.5378
70.25,0.47769,0.00829,0.000262,0.46205,0.47186,0.47713,0.48341,0.49346,0.004916,0.00067,2.1e-5,0.00366,0.00446,0.0049,0.00533,0.00641,0.517394,0.0085,0.000269,0.50102,0.51141,0.51794,0.52337,0.53353,0.004916,0.00067,2.1e-5,0.00366,0.00446,0.0049,0.00533,0.00641,0.52231,0.00829,0.000262,0.50654,0.51659,0.52287,0.52814,0.53795
70.5,0.477481,0.00828,0.000262,0.46189,0.47166,0.47695,0.48316,0.49323,0.004821,0.00067,2.1e-5,0.00359,0.00437,0.0048,0.00521,0.00632,0.517698,0.00849,0.000268,0.50131,0.51177,0.51826,0.52372,0.53385,0.004821,0.00067,2.1e-5,0.00359,0.00437,0.0048,0.00521,0.00632,0.522519,0.00828,0.000262,0.50677,0.51684,0.52305,0.52835,0.53811
70.75,0.477278,0.00827,0.000261,0.46172,0.47149,0.47676,0.48292,0.49294,0.004728,0.00066,2.1e-5,0.00354,0.00429,0.00471,0.00512,0.00619,0.517994,0.00847,0.000268,0.50157,0.51208,0.5185,0.52398,0.53397,0.004728,0.00066,2.1e-5,0.00354,0.00429,0.00471,0.00512,0.00619,0.522722,0.00827,0.000261,0.50706,0.51708,0.52324,0.52852,0.53828
71.0,0.477075,0.00825,0.000261,0.46159,0.47132,0.47656,0.4827,0.49268,0.004635,0.00066,2.1e-5,0.00343,0.00419,0.00462,0.00502,0.00605,0.518289,0.00846,0.000268,0.50194,0.51237,0.51886,0.52427,0.53416,0.004635,0.00066,2.1e-5,0.00343,0.00419,0.00462,0.00502,0.00605,0.522925,0.00825,0.000261,0.50731,0.5173,0.52344,0.52869,0.53841
71.25,0.476876,0.00824,0.000261,0.46132,0.47112,0.47633,0.48248,0.49241,0.004549,0.00065,2.0e-5,0.00332,0.00413,0.00453,0.00492,0.00596,0.518575,0.00844,0.000267,0.50228,0.5127,0.51914,0.52451,0.53439,0.004549,0.00065,2.0e-5,0.00332,0.00413,0.00453,0.00492,0.00596,0.523124,0.00824,0.000261,0.50759,0.51752,0.52367,0.52888,0.53868
71.5,0.476683,0.00823,0.00026,0.46119,0.47092,0.47612,0.48232,0.49222,0.004459,0.00064,2.0e-5,0.00328,0.00404,0.00444,0.00481,0.00583,0.518858,0.00843,0.000267,0.50262,0.51303,0.51941,0.52476,0.53464,0.004459,0.00064,2.0e-5,0.00328,0.00404,0.00444,0.00481,0.00583,0.523317,0.00823,0.00026,0.50778,0.51768,0.52388,0.52908,0.53881
71.75,0.476496,0.00822,0.00026,0.46098,0.47075,0.47598,0.48211,0.492,0.004371,0.00062,2.0e-5,0.00322,0.00395,0.00436,0.00472,0.0057,0.519133,0.00842,0.000266,0.50291,0.51329,0.51968,0.52501,0.53491,0.004371,0.00062,2.0e-5,0.00322,0.00395,0.00436,0.00472,0.0057,0.523504,0.00822,0.00026,0.508,0.51789,0.52402,0.52925,0.53902
72.0,0.476311,0.00821,0.00026,0.46083,0.47058,0.47579,0.48192,0.49181,0.004285,0.00062,2.0e-5,0.00314,0.00388,0.00427,0.00465,0.00558,0.519403,0.0084,0.000266,0.50329,0.51359,0.51991,0.5253,0.53531,0.004285,0.00062,2.0e-5,0.00314,0.00388,0.00427,0.00465,0.00558,0.523689,0.00821,0.00026,0.50819,0.51808,0.52421,0.52942,0.53917
72.25,0.47613,0.0082,0.000259,0.46067,0.4704,0.47562,0.48172,0.49162,0.004202,0.00061,1.9e-5,0.00306,0.00379,0.00418,0.00456,0.00546,0.519668,0.00839,0.000265,0.50357,0.51385,0.52019,0.52559,0.53555,0.004202,0.00061,1.9e-5,0.00306,0.00379,0.00418,0.00456,0.00546,0.52387,0.0082,0.000259,0.50838,0.51828,0.52438,0.5296,0.53933
72.5,0.475951,0.00819,0.000259,0.46052,0.47022,0.47541,0.48158,0.49152,0.004122,0.00061,1.9e-5,0.00299,0.00372,0.00409,0.00448,0.00541,0.519927,0.00838,0.000265,0.50381,0.51413,0.52046,0.52582,0.53576,0.004122,0.00061,1.9e-5,0.00299,0.00372,0.00409,0.00448,0.00541,0.524049,0.00819,0.000259,0.50848,0.51842,0.52459,0.52978,0.53948
72.75,0.475777,0.00818,0.000259,0.46043,0.47005,0.47522,0.48143,0.49139,0.004044,0.0006,1.9e-5,0.00296,0.00364,0.00402,0.00438,0.00532,0.520179,0.00836,0.000264,0.50403,0.51442,0.52072,0.52608,0.536,0.004044,0.0006,1.9e-5,0.00296,0.00364,0.00402,0.00438,0.00532,0.524223,0.00818,0.000259,0.50861,0.51857,0.52478,0.52995,0.53957
73.0,0.475605,0.00817,0.000258,0.46031,0.46991,0.47504,0.48122,0.49122,0.003966,0.00059,1.9e-5,0.0029,0.00357,0.00395,0.0043,0.00524,0.520429,0.00835,0.000264,0.50435,0.51468,0.52096,0.52637,0.53627,0.003966,0.00059,1.9e-5,0.0029,0.00357,0.00395,0.0043,0.00524,0.524395,0.00817,0.000258,0.50878,0.51878,0.52496,0.53009,0.53969
73.25,0.47544,0.00816,0.000258,0.46019,0.46974,0.47486,0.4811,0.49107,0.003884,0.00058,1.8e-5,0.00279,0.0035,0.00386,0.00421,0.00517,0.520676,0.00834,0.000264,0.50471,0.515,0.52117,0.52664,0.53652,0.003884,0.00058,1.8e-5,0.00279,0.0035,0.00386,0.00421,0.00517,0.52456,0.00816,0.000258,0.50893,0.5189,0.52514,0.53026,0.53981
73.5,0.475276,0.00814,0.000258,0.46004,0.46955,0.47472,0.48084,0.49091,0.003807,0.00058,1.8e-5,0.00273,0.00343,0.00378,0.00413,0.0051,0.520917,0.00832,0.000263,0.50502,0.51522,0.52146,0.52687,0.53672,0.003807,0.00058,1.8e-5,0.00273,0.00343,0.00378,0.00413,0.0051,0.524724,0.00814,0.000258,0.50909,0.51916,0.52527,0.53045,0.53996
73.75,0.475116,0.00814,0.000257,0.4599,0.46939,0.47457,0.48067,0.49076,0.003731,0.00057,1.8e-5,0.00267,0.00334,0.00371,0.00405,0.00497,0.521153,0.00831,0.000263,0.50538,0.51546,0.5217,0.52704,0.53686,0.003731,0.00057,1.8e-5,0.00267,0.00334,0.00371,0.00405,0.00497,0.524884,0.00814,0.000257,0.50924,0.51933,0.52543,0.53061,0.5401
74.0,0.474959,0.00813,0.000257,0.45973,0.46926,0.47443,0.48048,0.4906,0.003657,0.00056,1.8e-5,0.00264,0.00327,0.00363,0.00399,0.0049,0.521385,0.0083,0.000263,0.50568,0.51567,0.52195,0.52726,0.53707,0.003657,0.00056,1.8e-5,0.00264,0.00327,0.00363,0.00399,0.0049,0.525041,0.00813,0.000257,0.5094,0.51952,0.52557,0.53074,0.54027
74.25,0.474804,0.00812,0.000257,0.45952,0.4691,0.47427,0.48031,0.49048,0.003587,0.00055,1.8e-5,0.00257,0.00323,0.00356,0.00389,0.00479,0.521609,0.00829,0.000262,0.50588,0.51594,0.52218,0.52745,0.53731,0.003587,0.00055,1.8e-5,0.00257,0.00323,0.00356,0.00389,0.00479,0.525196,0.00812,0.000257,0.50952,0.51969,0.52574,0.5309,0.54048
74.5,0.474652,0.00811,0.000256,0.45936,0.46892,0.47411,0.48011,0.4904,0.003518,0.00055,1.7e-5,0.00252,0.00317,0.0035,0.00383,0.00472,0.52183,0.00828,0.000262,0.50622,0.51615,0.52239,0.52768,0.53755,0.003518,0.00055,1.7e-5,0.00252,0.00317,0.0035,0.00383,0.00472,0.525348,0.00811,0.000256,0.5096,0.51989,0.52589,0.53108,0.54064
74.75,0.474504,0.0081,0.000256,0.45923,0.4688,0.47397,0.47993,0.49029,0.00345,0.00054,1.7e-5,0.00245,0.00309,0.00343,0.00376,0.00466,0.522046,0.00827,0.000261,0.50641,0.51638,0.52259,0.52787,0.53773,0.00345,0.00054,1.7e-5,0.00245,0.00309,0.00343,0.00376,0.00466,0.525496,0.0081,0.000256,0.50971,0.52007,0.52603,0.5312,0.54077
75.0,0.47436,0.00809,0.000256,0.45909,0.46867,0.47386,0.47978,0.49015,0.003382,0.00053,1.7e-5,0.00238,0.00305,0.00336,0.00369,0.00458,0.522258,0.00826,0.000261,0.50657,0.5166,0.52279,0.52807,0.53789,0.003382,0.00053,1.7e-5,0.00238,0.00305,0.00336,0.00369,0.00458,0.52564,0.00809,0.000256,0.50985,0.52022,0.52614,0.53133,0.54091
75.25,0.474216,0.00808,0.000256,0.45892,0.46853,0.47373,0.47964,0.48997,0.003317,0.00053,1.7e-5,0.00233,0.00298,0.0033,0.00362,0.00449,0.522467,0.00825,0.000261,0.50688,0.51681,0.523,0.5283,0.53814,0.003317,0.00053,1.7e-5,0.00233,0.00298,0.0033,0.00362,0.00449,0.525784,0.00808,0.000256,0.51003,0.52036,0.52627,0.53147,0.54108
75.5,0.474077,0.00807,0.000255,0.45879,0.4684,0.47358,0.47947,0.4898,0.003253,0.00052,1.7e-5,0.00224,0.00291,0.00323,0.00355,0.00438,0.522671,0.00824,0.00026,0.50714,0.51702,0.52317,0.52846,0.53832,0.003253,0.00052,1.7e-5,0.00224,0.00291,0.00323,0.00355,0.00438,0.525923,0.00807,0.000255,0.5102,0.52053,0.52642,0.5316,0.54121
75.75,0.473942,0.00806,0.000255,0.45862,0.46828,0.47344,0.47934,0.48967,0.003188,0.00052,1.6e-5,0.00219,0.00285,0.00317,0.0035,0.0043,0.522871,0.00823,0.00026,0.50732,0.51725,0.5234,0.52866,0.53851,0.003188,0.00052,1.6e-5,0.00219,0.00285,0.00317,0.0035,0.0043,0.526058,0.00806,0.000255,0.51033,0.52066,0.52656,0.53172,0.54138
76.0,0.47381,0.00805,0.000255,0.45852,0.46815,0.47334,0.47915,0.48956,0.003121,0.00051,1.6e-5,0.00213,0.00279,0.00309,0.00342,0.00425,0.523069,0.00822,0.00026,0.50754,0.51747,0.5236,0.52885,0.53873,0.003121,0.00051,1.6e-5,0.00213,0.00279,0.00309,0.00342,0.00425,0.52619,0.00805,0.000255,0.51044,0.52085,0.52666,0.53185,0.54148
76.25,0.473675,0.00804,0.000254,0.45838,0.46802,0.4732,0.47901,0.48941,0.003061,0.00051,1.6e-5,0.00211,0.00273,0.00303,0.00337,0.00421,0.523264,0.0082,0.000259,0.50772,0.51765,0.52376,0.52908,0.53887,0.003061,0.00051,1.6e-5,0.00211,0.00273,0.00303,0.00337,0.00421,0.526325,0.00804,0.000254,0.51059,0.52099,0.5268,0.53198,0.54162
76.5,0.473546,0.00804,0.000254,0.45826,0.4679,0.47308,0.47889,0.48926,0.002999,0.0005,1.6e-5,0.00209,0.00266,0.00298,0.0033,0.00417,0.523455,0.00819,0.000259,0.50791,0.51781,0.524,0.52925,0.53904,0.002999,0.0005,1.6e-5,0.00209,0.00266,0.00298,0.0033,0.00417,0.526454,0.00804,0.000254,0.51074,0.52111,0.52692,0.5321,0.54174
76.75,0.47342,0.00803,0.000254,0.45811,0.4678,0.47292,0.47875,0.48903,0.002938,0.0005,1.6e-5,0.00204,0.0026,0.00291,0.00324,0.00411,0.523642,0.00818,0.000259,0.50814,0.51798,0.52421,0.52946,0.53918,0.002938,0.0005,1.6e-5,0.00204,0.0026,0.00291,0.00324,0.00411,0.52658,0.00803,0.000254,0.51097,0.52125,0.52708,0.5322,0.54189
77.0,0.473296,0.00802,0.000254,0.458,0.46768,0.47282,0.4786,0.4889,0.002878,0.00049,1.6e-5,0.002,0.00255,0.00285,0.00318,0.00401,0.523825,0.00817,0.000258,0.5083,0.51812,0.52438,0.52962,0.5393,0.002878,0.00049,1.6e-5,0.002,0.00255,0.00285,0.00318,0.00401,0.526704,0.00802,0.000254,0.5111,0.5214,0.52718,0.53232,0.542
77.25,0.473177,0.00801,0.000253,0.45789,0.46757,0.4727,0.47847,0.48876,0.002819,0.00049,1.5e-5,0.00194,0.00248,0.0028,0.00312,0.00392,0.524004,0.00816,0.000258,0.50853,0.51836,0.52458,0.52978,0.53939,0.002819,0.00049,1.5e-5,0.00194,0.00248,0.0028,0.00312,0.00392,0.526823,0.00801,0.000253,0.51124,0.52153,0.5273,0.53243,0.54211
77.5,0.473057,0.00801,0.000253,0.4578,0.46744,0.47259,0.47838,0.48857,0.002766,0.00048,1.5e-5,0.0019,0.00244,0.00275,0.00306,0.00381,0.524177,0.00815,0.000258,0.50867,0.51855,0.52474,0.52994,0.53947,0.002766,0.00048,1.5e-5,0.0019,0.00244,0.00275,0.00306,0.00381,0.526943,0.00801,0.000253,0.51143,0.52162,0.52741,0.53256,0.5422
77.75,0.472944,0.008,0.000253,0.4577,0.46728,0.4725,0.47828,0.48843,0.002708,0.00047,1.5e-5,0.00185,0.00239,0.00268,0.00301,0.00374,0.524348,0.00814,0.000258,0.50894,0.51875,0.52488,0.53009,0.53968,0.002708,0.00047,1.5e-5,0.00185,0.00239,0.00268,0.00301,0.00374,0.527056,0.008,0.000253,0.51157,0.52172,0.5275,0.53272,0.5423
78.0,0.472831,0.00799,0.000253,0.4576,0.46714,0.47238,0.47814,0.48834,0.002654,0.00047,1.5e-5,0.0018,0.00234,0.00263,0.00295,0.00367,0.524515,0.00813,0.000257,0.50911,0.51886,0.52503,0.53025,0.53986,0.002654,0.00047,1.5e-5,0.0018,0.00234,0.00263,0.00295,0.00367,0.527169,0.00799,0.000253,0.51166,0.52186,0.52762,0.53286,0.5424
78.25,0.472719,0.00799,0.000253,0.45753,0.46704,0.47227,0.47801,0.48818,0.002602,0.00047,1.5e-5,0.00177,0.00229,0.00259,0.00289,0.0036,0.524679,0.00812,0.000257,0.5092,0.51906,0.5252,0.53041,0.54004,0.002602,0.00047,1.5e-5,0.00177,0.00229,0.00259,0.00289,0.0036,0.527281,0.00799,0.000253,0.51182,0.52199,0.52773,0.53296,0.54247
78.5,0.472613,0.00798,0.000252,0.45748,0.46695,0.47218,0.47793,0.48808,0.002549,0.00046,1.4e-5,0.00171,0.00223,0.00253,0.00284,0.0035,0.524838,0.00811,0.000257,0.50936,0.51927,0.52535,0.53055,0.5402,0.002549,0.00046,1.4e-5,0.00171,0.00223,0.00253,0.00284,0.0035,0.527387,0.00798,0.000252,0.51192,0.52207,0.52782,0.53305,0.54252
78.75,0.472505,0.00797,0.000252,0.4574,0.46684,0.47209,0.47786,0.48795,0.002499,0.00045,1.4e-5,0.00167,0.0022,0.00248,0.00279,0.00342,0.524995,0.0081,0.000256,0.50947,0.51948,0.5255,0.5307,0.54035,0.002499,0.00045,1.4e-5,0.00167,0.0022,0.00248,0.00279,0.00342,0.527495,0.00797,0.000252,0.51205,0.52214,0.52791,0.53316,0.5426
79.0,0.472402,0.00796,0.000252,0.45728,0.46675,0.47201,0.47776,0.48776,0.002449,0.00045,1.4e-5,0.00163,0.00215,0.00244,0.00273,0.00338,0.52515,0.0081,0.000256,0.5097,0.51962,0.52566,0.53087,0.54044,0.002449,0.00045,1.4e-5,0.00163,0.00215,0.00244,0.00273,0.00338,0.527598,0.00796,0.000252,0.51224,0.52224,0.52798,0.53325,0.54272
79.25,0.4723,0.00796,0.000252,0.45722,0.46662,0.47191,0.47766,0.48761,0.002399,0.00044,1.4e-5,0.00158,0.00211,0.00238,0.00267,0.00329,0.525301,0.00809,0.000256,0.50982,0.5198,0.5258,0.531,0.54069,0.002399,0.00044,1.4e-5,0.00158,0.00211,0.00238,0.00267,0.00329,0.5277,0.00796,0.000252,0.51239,0.52234,0.52809,0.53338,0.54278
79.5,0.472198,0.00795,0.000251,0.45715,0.46656,0.47181,0.47751,0.4875,0.002353,0.00044,1.4e-5,0.00156,0.00206,0.00234,0.00262,0.00328,0.525449,0.00808,0.000256,0.50992,0.51999,0.52595,0.53114,0.54082,0.002353,0.00044,1.4e-5,0.00156,0.00206,0.00234,0.00262,0.00328,0.527802,0.00795,0.000251,0.5125,0.52249,0.52819,0.53344,0.54285
79.75,0.472099,0.00795,0.000251,0.45707,0.46644,0.4717,0.47742,0.48735,0.002305,0.00043,1.4e-5,0.00152,0.00201,0.00229,0.00256,0.00324,0.525596,0.00807,0.000255,0.51004,0.52017,0.52608,0.53125,0.54098,0.002305,0.00043,1.4e-5,0.00152,0.00201,0.00229,0.00256,0.00324,0.527901,0.00795,0.000251,0.51265,0.52258,0.5283,0.53356,0.54293
80.0,0.472002,0.00794,0.000251,0.45704,0.46634,0.4716,0.47736,0.48725,0.002258,0.00043,1.4e-5,0.00149,0.00196,0.00224,0.00253,0.00317,0.52574,0.00806,0.000255,0.51009,0.52034,0.5262,0.53137,0.54109,0.002258,0.00043,1.4e-5,0.00149,0.00196,0.00224,0.00253,0.00317,0.527998,0.00794,0.000251,0.51275,0.52264,0.5284,0.53366,0.54296
80.25,0.471909,0.00793,0.000251,0.45693,0.46627,0.47149,0.47726,0.48717,0.002212,0.00042,1.3e-5,0.00146,0.00192,0.00219,0.00247,0.00309,0.525879,0.00805,0.000255,0.51017,0.52053,0.52638,0.5315,0.54121,0.002212,0.00042,1.3e-5,0.00146,0.00192,0.00219,0.00247,0.00309,0.528091,0.00793,0.000251,0.51283,0.52274,0.52851,0.53373,0.54307
80.5,0.471817,0.00793,0.000251,0.4568,0.46619,0.47142,0.47712,0.48709,0.002168,0.00042,1.3e-5,0.00143,0.00189,0.00214,0.00242,0.00306,0.526016,0.00805,0.000254,0.5103,0.52067,0.52651,0.53163,0.54134,0.002168,0.00042,1.3e-5,0.00143,0.00189,0.00214,0.00242,0.00306,0.528183,0.00793,0.000251,0.51291,0.52288,0.52858,0.53381,0.5432
80.75,0.471728,0.00792,0.000251,0.45675,0.46613,0.47134,0.47704,0.48703,0.002123,0.00041,1.3e-5,0.00142,0.00185,0.00209,0.00236,0.00302,0.526149,0.00804,0.000254,0.51042,0.52079,0.52664,0.53178,0.54146,0.002123,0.00041,1.3e-5,0.00142,0.00185,0.00209,0.00236,0.00302,0.528272,0.00792,0.000251,0.51297,0.52296,0.52866,0.53387,0.54325
81.0,0.471639,0.00792,0.00025,0.45668,0.46604,0.47123,0.47694,0.48694,0.002082,0.0004,1.3e-5,0.00141,0.00181,0.00206,0.00233,0.00296,0.52628,0.00803,0.000254,0.51054,0.52096,0.52674,0.53194,0.54154,0.002082,0.0004,1.3e-5,0.00141,0.00181,0.00206,0.00233,0.00296,0.528361,0.00792,0.00025,0.51306,0.52306,0.52877,0.53396,0.54332
81.25,0.471552,0.00791,0.00025,0.4566,0.46595,0.47118,0.47683,0.48686,0.002039,0.0004,1.3e-5,0.00135,0.00178,0.00202,0.00227,0.00294,0.526408,0.00802,0.000254,0.51065,0.5211,0.52689,0.53207,0.54171,0.002039,0.0004,1.3e-5,0.00135,0.00178,0.00202,0.00227,0.00294,0.528448,0.00791,0.00025,0.51314,0.52317,0.52882,0.53405,0.5434
81.5,0.471467,0.00791,0.00025,0.45653,0.46587,0.4711,0.47677,0.48683,0.001997,0.00039,1.2e-5,0.0013,0.00174,0.00197,0.00224,0.00288,0.526535,0.00801,0.000253,0.51086,0.52119,0.527,0.53219,0.54178,0.001997,0.00039,1.2e-5,0.0013,0.00174,0.00197,0.00224,0.00288,0.528533,0.00791,0.00025,0.51317,0.52323,0.5289,0.53413,0.54347
81.75,0.471383,0.0079,0.00025,0.45642,0.46581,0.47102,0.4767,0.48679,0.001956,0.00039,1.2e-5,0.00127,0.0017,0.00193,0.00219,0.00279,0.526661,0.00801,0.000253,0.5111,0.52131,0.52711,0.53233,0.5419,0.001956,0.00039,1.2e-5,0.00127,0.0017,0.00193,0.00219,0.00279,0.528617,0.0079,0.00025,0.51321,0.5233,0.52898,0.53419,0.54358
82.0,0.471303,0.0079,0.00025,0.45632,0.46573,0.47094,0.47659,0.48674,0.001912,0.00038,1.2e-5,0.00123,0.00165,0.00188,0.00215,0.00273,0.526784,0.008,0.000253,0.51126,0.52144,0.52724,0.53246,0.54205,0.001912,0.00038,1.2e-5,0.00123,0.00165,0.00188,0.00215,0.00273,0.528697,0.0079,0.00025,0.51326,0.52341,0.52906,0.53427,0.54368
82.25,0.471224,0.00789,0.00025,0.45628,0.46568,0.47086,0.47654,0.48667,0.001872,0.00038,1.2e-5,0.0012,0.00162,0.00184,0.00211,0.00267,0.526904,0.00799,0.000253,0.51148,0.52158,0.52738,0.53258,0.54218,0.001872,0.00038,1.2e-5,0.0012,0.00162,0.00184,0.00211,0.00267,0.528776,0.00789,0.00025,0.51333,0.52346,0.52914,0.53432,0.54372
82.5,0.471147,0.00789,0.000249,0.45619,0.46559,0.47076,0.47647,0.48657,0.001834,0.00037,1.2e-5,0.00118,0.00158,0.0018,0.00207,0.00263,0.527019,0.00798,0.000253,0.51163,0.52167,0.5275,0.53268,0.54225,0.001834,0.00037,1.2e-5,0.00118,0.00158,0.0018,0.00207,0.00263,0.528853,0.00789,0.000249,0.51343,0.52353,0.52924,0.53441,0.54381
82.75,0.471071,0.00788,0.000249,0.4561,0.46554,0.47069,0.47635,0.48652,0.001795,0.00037,1.2e-5,0.00115,0.00154,0.00177,0.00203,0.00261,0.527133,0.00798,0.000252,0.51182,0.52181,0.5276,0.53276,0.54237,0.001795,0.00037,1.2e-5,0.00115,0.00154,0.00177,0.00203,0.00261,0.528929,0.00788,0.000249,0.51348,0.52365,0.52931,0.53446,0.5439
83.0,0.470995,0.00788,0.000249,0.456,0.46547,0.47062,0.47628,0.48643,0.001761,0.00036,1.1e-5,0.00112,0.00151,0.00174,0.00199,0.00256,0.527244,0.00797,0.000252,0.51199,0.52194,0.5277,0.53289,0.54243,0.001761,0.00036,1.1e-5,0.00112,0.00151,0.00174,0.00199,0.00256,0.529005,0.00788,0.000249,0.51357,0.52372,0.52938,0.53453,0.544
83.25,0.470923,0.00787,0.000249,0.45595,0.46541,0.47053,0.47622,0.48633,0.001724,0.00036,1.1e-5,0.00108,0.00146,0.0017,0.00194,0.00252,0.527354,0.00797,0.000252,0.51207,0.522,0.52782,0.53301,0.54258,0.001724,0.00036,1.1e-5,0.00108,0.00146,0.0017,0.00194,0.00252,0.529077,0.00787,0.000249,0.51367,0.52378,0.52947,0.53459,0.54405
83.5,0.47085,0.00787,0.000249,0.45586,0.46536,0.47044,0.47615,0.48626,0.001689,0.00036,1.1e-5,0.00106,0.00144,0.00166,0.00191,0.00246,0.52746,0.00796,0.000252,0.51224,0.52213,0.52791,0.53312,0.54267,0.001689,0.00036,1.1e-5,0.00106,0.00144,0.00166,0.00191,0.00246,0.52915,0.00787,0.000249,0.51374,0.52385,0.52957,0.53464,0.54414
83.75,0.47078,0.00786,0.000249,0.4558,0.4653,0.47037,0.47609,0.48621,0.001656,0.00035,1.1e-5,0.00104,0.0014,0.00164,0.00187,0.00239,0.527564,0.00796,0.000252,0.51234,0.52226,0.52801,0.5332,0.54274,0.001656,0.00035,1.1e-5,0.00104,0.0014,0.00164,0.00187,0.00239,0.52922,0.00786,0.000249,0.5138,0.52391,0.52963,0.5347,0.5442
84.0,0.470712,0.00786,0.000248,0.45576,0.46525,0.47028,0.47599,0.48614,0.001621,0.00035,1.1e-5,0.00101,0.00137,0.0016,0.00183,0.0024,0.527667,0.00795,0.000251,0.51242,0.52238,0.5281,0.5333,0.54281,0.001621,0.00035,1.1e-5,0.00101,0.00137,0.0016,0.00183,0.0024,0.529288,0.00786,0.000248,0.51386,0.52401,0.52972,0.53475,0.54423
84.25,0.470644,0.00785,0.000248,0.45568,0.46518,0.47022,0.47594,0.48606,0.001588,0.00034,1.1e-5,0.00098,0.00134,0.00157,0.00179,0.00234,0.527767,0.00794,0.000251,0.51251,0.52246,0.5282,0.5334,0.54289,0.001588,0.00034,1.1e-5,0.00098,0.00134,0.00157,0.00179,0.00234,0.529356,0.00785,0.000248,0.51394,0.52405,0.52978,0.53482,0.54432
84.5,0.470579,0.00785,0.000248,0.45562,0.4651,0.47018,0.47588,0.48594,0.001556,0.00034,1.1e-5,0.00097,0.00131,0.00154,0.00175,0.00231,0.527865,0.00794,0.000251,0.51259,0.52255,0.52832,0.53348,0.54297,0.001556,0.00034,1.1e-5,0.00097,0.00131,0.00154,0.00175,0.00231,0.529421,0.00785,0.000248,0.51406,0.52412,0.52982,0.5349,0.54438
84.75,0.470515,0.00784,0.000248,0.45559,0.46505,0.4701,0.4758,0.48582,0.001522,0.00033,1.1e-5,0.00094,0.00128,0.00151,0.00171,0.00225,0.527963,0.00793,0.000251,0.51265,0.52267,0.52842,0.53356,0.543,0.001522,0.00033,1.1e-5,0.00094,0.00128,0.00151,0.00171,0.00225,0.529485,0.00784,0.000248,0.51418,0.5242,0.52991,0.53495,0.54441
85.0,0.470451,0.00784,0.000248,0.45554,0.46504,0.47003,0.47574,0.48572,0.001492,0.00033,1.1e-5,0.00091,0.00126,0.00148,0.00168,0.00223,0.528057,0.00793,0.000251,0.51269,0.52273,0.52852,0.53366,0.54305,0.001492,0.00033,1.1e-5,0.00091,0.00126,0.00148,0.00168,0.00223,0.529549,0.00784,0.000248,0.51428,0.52426,0.52997,0.53496,0.54446
85.25,0.470388,0.00783,0.000248,0.4555,0.465,0.46996,0.47566,0.48561,0.001463,0.00033,1.0e-5,0.00087,0.00123,0.00145,0.00164,0.00219,0.528149,0.00792,0.000251,0.51275,0.52282,0.52862,0.53372,0.54311,0.001463,0.00033,1.0e-5,0.00087,0.00123,0.00145,0.00164,0.00219,0.529612,0.00783,0.000248,0.51439,0.52435,0.53004,0.535,0.5445
85.5,0.470327,0.00783,0.000248,0.45546,0.46495,0.46993,0.47558,0.48551,0.001431,0.00033,1.0e-5,0.00086,0.0012,0.00142,0.00162,0.00214,0.528241,0.00792,0.00025,0.51284,0.5229,0.5287,0.5338,0.54316,0.001431,0.00033,1.0e-5,0.00086,0.0012,0.00142,0.00162,0.00214,0.529673,0.00783,0.000248,0.51449,0.52442,0.53007,0.53505,0.54454
85.75,0.470268,0.00782,0.000247,0.45536,0.4649,0.46987,0.47552,0.48546,0.001402,0.00032,1.0e-5,0.00083,0.00118,0.00139,0.00158,0.00209,0.52833,0.00791,0.00025,0.51287,0.523,0.52878,0.53389,0.54327,0.001402,0.00032,1.0e-5,0.00083,0.00118,0.00139,0.00158,0.00209,0.529732,0.00782,0.000247,0.51454,0.52448,0.53013,0.5351,0.54464
86.0,0.47021,0.00782,0.000247,0.45533,0.46484,0.4698,0.47548,0.48543,0.001374,0.00032,1.0e-5,0.00082,0.00115,0.00136,0.00156,0.00209,0.528416,0.0079,0.00025,0.51292,0.52305,0.52886,0.53398,0.54337,0.001374,0.00032,1.0e-5,0.00082,0.00115,0.00136,0.00156,0.00209,0.52979,0.00782,0.000247,0.51457,0.52452,0.5302,0.53516,0.54467
86.25,0.470153,0.00782,0.000247,0.45525,0.46478,0.46978,0.47542,0.48541,0.001345,0.00031,1.0e-5,0.0008,0.00113,0.00132,0.00153,0.00204,0.528502,0.0079,0.00025,0.51301,0.52314,0.52896,0.53408,0.54346,0.001345,0.00031,1.0e-5,0.0008,0.00113,0.00132,0.00153,0.00204,0.529847,0.00782,0.000247,0.51459,0.52458,0.53022,0.53522,0.54475
86.5,0.470097,0.00781,0.000247,0.4552,0.46472,0.46976,0.47536,0.48536,0.001317,0.00031,1.0e-5,0.00079,0.0011,0.0013,0.0015,0.00198,0.528586,0.00789,0.00025,0.51314,0.52325,0.52906,0.53414,0.54354,0.001317,0.00031,1.0e-5,0.00079,0.0011,0.0013,0.0015,0.00198,0.529903,0.00781,0.000247,0.51464,0.52464,0.53024,0.53527,0.5448
86.75,0.470043,0.00781,0.000247,0.45516,0.46468,0.46972,0.47528,0.48533,0.00129,0.0003,1.0e-5,0.00077,0.00108,0.00126,0.00148,0.00196,0.528667,0.00789,0.000249,0.51321,0.52336,0.52911,0.53422,0.54363,0.00129,0.0003,1.0e-5,0.00077,0.00108,0.00126,0.00148,0.00196,0.529957,0.00781,0.000247,0.51467,0.52472,0.53028,0.53532,0.54484
87.0,0.469989,0.0078,0.000247,0.45505,0.46463,0.46968,0.47526,0.48532,0.001265,0.0003,1.0e-5,0.00074,0.00105,0.00124,0.00146,0.00192,0.528746,0.00788,0.000249,0.51334,0.52342,0.52918,0.53427,0.54368,0.001265,0.0003,1.0e-5,0.00074,0.00105,0.00124,0.00146,0.00192,0.530011,0.0078,0.000247,0.51468,0.52473,0.53032,0.53537,0.54495
87.25,0.469937,0.0078,0.000247,0.455,0.46459,0.46964,0.47521,0.48531,0.001239,0.0003,9.0e-6,0.00073,0.00102,0.00121,0.00143,0.0019,0.528824,0.00788,0.000249,0.51346,0.52349,0.52925,0.53435,0.54378,0.001239,0.0003,9.0e-6,0.00073,0.00102,0.00121,0.00143,0.0019,0.530063,0.0078,0.000247,0.51469,0.52479,0.53036,0.53541,0.545
87.5,0.469886,0.0078,0.000247,0.45492,0.46453,0.46958,0.47518,0.48527,0.001212,0.0003,9.0e-6,0.0007,0.001,0.00118,0.0014,0.00184,0.528902,0.00787,0.000249,0.51353,0.52357,0.52935,0.5344,0.54388,0.001212,0.0003,9.0e-6,0.0007,0.001,0.00118,0.0014,0.00184,0.530114,0.0078,0.000247,0.51473,0.52482,0.53042,0.53547,0.54508
87.75,0.469837,0.00779,0.000246,0.45488,0.46449,0.46956,0.47508,0.48525,0.001186,0.00029,9.0e-6,0.0007,0.00097,0.00116,0.00137,0.00182,0.528977,0.00787,0.000249,0.51366,0.52364,0.52942,0.53448,0.54396,0.001186,0.00029,9.0e-6,0.0007,0.00097,0.00116,0.00137,0.00182,0.530163,0.00779,0.000246,0.51475,0.52492,0.53044,0.53551,0.54512
88.0,0.469787,0.00779,0.000246,0.45482,0.46443,0.46949,0.47504,0.48521,0.001163,0.00029,9.0e-6,0.00067,0.00096,0.00113,0.00135,0.00176,0.52905,0.00786,0.000249,0.51372,0.52368,0.52947,0.53455,0.54408,0.001163,0.00029,9.0e-6,0.00067,0.00096,0.00113,0.00135,0.00176,0.530213,0.00779,0.000246,0.51479,0.52496,0.53051,0.53557,0.54518
88.25,0.469739,0.00779,0.000246,0.45477,0.46438,0.46944,0.47498,0.48515,0.001139,0.00029,9.0e-6,0.00066,0.00093,0.00111,0.00132,0.00176,0.529122,0.00786,0.000248,0.51382,0.52378,0.52954,0.53461,0.54413,0.001139,0.00029,9.0e-6,0.00066,0.00093,0.00111,0.00132,0.00176,0.530261,0.00779,0.000246,0.51485,0.52502,0.53056,0.53562,0.54523
88.5,0.469692,0.00779,0.000246,0.45471,0.46433,0.46941,0.47492,0.48513,0.001116,0.00028,9.0e-6,0.00065,0.00091,0.00109,0.00128,0.00176,0.529192,0.00785,0.000248,0.51393,0.52385,0.52962,0.53468,0.54418,0.001116,0.00028,9.0e-6,0.00065,0.00091,0.00109,0.00128,0.00176,0.530308,0.00779,0.000246,0.51487,0.52508,0.53059,0.53567,0.54529
88.75,0.469645,0.00778,0.000246,0.45468,0.46428,0.46934,0.47485,0.48509,0.001094,0.00028,9.0e-6,0.00061,0.00089,0.00107,0.00126,0.00172,0.529262,0.00785,0.000248,0.51401,0.52394,0.52968,0.53474,0.54425,0.001094,0.00028,9.0e-6,0.00061,0.00089,0.00107,0.00126,0.00172,0.530355,0.00778,0.000246,0.51491,0.52515,0.53066,0.53572,0.54532
89.0,0.4696,0.00778,0.000246,0.45467,0.46422,0.46928,0.47481,0.48508,0.001071,0.00028,9.0e-6,0.00059,0.00087,0.00105,0.00123,0.00167,0.529329,0.00784,0.000248,0.51411,0.52404,0.52971,0.53482,0.5443,0.001071,0.00028,9.0e-6,0.00059,0.00087,0.00105,0.00123,0.00167,0.5304,0.00778,0.000246,0.51492,0.52519,0.53072,0.53578,0.54533
89.25,0.469556,0.00777,0.000246,0.45467,0.46419,0.46922,0.47477,0.485,0.001049,0.00028,9.0e-6,0.00058,0.00085,0.00104,0.00121,0.00164,0.529395,0.00784,0.000248,0.51418,0.52411,0.52978,0.53486,0.54442,0.001049,0.00028,9.0e-6,0.00058,0.00085,0.00104,0.00121,0.00164,0.530444,0.00777,0.000246,0.515,0.52523,0.53078,0.53581,0.54533
89.5,0.469513,0.00777,0.000246,0.45463,0.46414,0.46918,0.47474,0.48495,0.001026,0.00027,9.0e-6,0.00056,0.00083,0.00101,0.00118,0.00162,0.529461,0.00784,0.000248,0.51418,0.52418,0.52982,0.53492,0.54449,0.001026,0.00027,9.0e-6,0.00056,0.00083,0.00101,0.00118,0.00162,0.530487,0.00777,0.000246,0.51505,0.52526,0.53082,0.53586,0.54536
89.75,0.469469,0.00777,0.000246,0.45462,0.4641,0.46912,0.47468,0.48494,0.001005,0.00027,8.0e-6,0.00055,0.00081,0.00099,0.00116,0.0016,0.529526,0.00783,0.000248,0.51423,0.52425,0.52986,0.53496,0.54455,0.001005,0.00027,8.0e-6,0.00055,0.00081,0.00099,0.00116,0.0016,0.530531,0.00777,0.000246,0.51506,0.52532,0.53088,0.5359,0.54538
90.0,0.469426,0.00776,0.000245,0.45456,0.46406,0.46908,0.47466,0.48493,0.000987,0.00027,8.0e-6,0.00053,0.0008,0.00098,0.00114,0.00158,0.529587,0.00783,0.000247,0.51425,0.52431,0.52992,0.53499,0.54464,0.000987,0.00027,8.0e-6,0.00053,0.0008,0.00098,0.00114,0.00158,0.530574,0.00776,0.000245,0.51507,0.52534,0.53092,0.53594,0.54544
90.25,0.469386,0.00776,0.000245,0.45451,0.46402,0.46905,0.47464,0.48492,0.000965,0.00026,8.0e-6,0.00052,0.00078,0.00095,0.00112,0.00155,0.529649,0.00782,0.000247,0.51426,0.52439,0.53001,0.53504,0.54466,0.000965,0.00026,8.0e-6,0.00052,0.00078,0.00095,0.00112,0.00155,0.530614,0.00776,0.000245,0.51508,0.52536,0.53095,0.53598,0.54549
90.5,0.469346,0.00776,0.000245,0.45448,0.46399,0.469,0.47462,0.4849,0.000944,0.00026,8.0e-6,0.0005,0.00077,0.00093,0.0011,0.00154,0.529709,0.00782,0.000247,0.5143,0.52447,0.53006,0.53508,0.54474,0.000944,0.00026,8.0e-6,0.0005,0.00077,0.00093,0.0011,0.00154,0.530654,0.00776,0.000245,0.5151,0.52538,0.531,0.53601,0.54552
90.75,0.469307,0.00775,0.000245,0.45447,0.46395,0.46896,0.4746,0.48489,0.000925,0.00026,8.0e-6,0.00048,0.00074,0.00091,0.00109,0.00154,0.529768,0.00781,0.000247,0.51433,0.52452,0.53011,0.53511,0.54481,0.000925,0.00026,8.0e-6,0.00048,0.00074,0.00091,0.00109,0.00154,0.530693,0.00775,0.000245,0.51511,0.5254,0.53104,0.53605,0.54553
91.0,0.469268,0.00775,0.000245,0.45444,0.46392,0.46891,0.47456,0.48484,0.000908,0.00025,8.0e-6,0.00046,0.00074,0.00089,0.00106,0.00149,0.529824,0.00781,0.000247,0.51438,0.52456,0.5302,0.53516,0.54485,0.000908,0.00025,8.0e-6,0.00046,0.00074,0.00089,0.00106,0.00149,0.530732,0.00775,0.000245,0.51516,0.52544,0.53109,0.53608,0.54556
91.25,0.469231,0.00775,0.000245,0.45442,0.4639,0.46888,0.4745,0.48478,0.00089,0.00025,8.0e-6,0.00046,0.00072,0.00087,0.00104,0.00146,0.529879,0.00781,0.000247,0.51442,0.52462,0.53022,0.53524,0.5449,0.00089,0.00025,8.0e-6,0.00046,0.00072,0.00087,0.00104,0.00146,0.530769,0.00775,0.000245,0.51522,0.5255,0.53112,0.5361,0.54558
91.5,0.469194,0.00774,0.000245,0.4544,0.46388,0.46885,0.47446,0.48468,0.000873,0.00025,8.0e-6,0.00045,0.00071,0.00086,0.00102,0.00144,0.529933,0.0078,0.000247,0.51446,0.52468,0.53026,0.53529,0.54495,0.000873,0.00025,8.0e-6,0.00045,0.00071,0.00086,0.00102,0.00144,0.530806,0.00774,0.000245,0.51532,0.52554,0.53115,0.53612,0.5456
91.75,0.469158,0.00774,0.000245,0.45437,0.46387,0.46881,0.47442,0.48466,0.000856,0.00025,8.0e-6,0.00043,0.00069,0.00084,0.001,0.00142,0.529987,0.0078,0.000247,0.51448,0.52472,0.53033,0.53533,0.54499,0.000856,0.00025,8.0e-6,0.00043,0.00069,0.00084,0.001,0.00142,0.530842,0.00774,0.000245,0.51534,0.52558,0.53119,0.53613,0.54563
92.0,0.469122,0.00774,0.000245,0.45433,0.46384,0.46877,0.47437,0.48456,0.000839,0.00024,8.0e-6,0.00041,0.00067,0.00082,0.00098,0.00137,0.530039,0.0078,0.000247,0.51455,0.52479,0.53038,0.53538,0.54503,0.000839,0.00024,8.0e-6,0.00041,0.00067,0.00082,0.00098,0.00137,0.530878,0.00774,0.000245,0.51544,0.52563,0.53123,0.53616,0.54567
92.25,0.469088,0.00774,0.000245,0.45429,0.4638,0.46872,0.47433,0.48452,0.000821,0.00024,8.0e-6,0.00041,0.00066,0.0008,0.00096,0.00135,0.530091,0.00779,0.000246,0.51461,0.52482,0.53042,0.53544,0.54508,0.000821,0.00024,8.0e-6,0.00041,0.00066,0.0008,0.00096,0.00135,0.530912,0.00774,0.000245,0.51549,0.52567,0.53127,0.5362,0.54571
92.5,0.469054,0.00773,0.000245,0.45426,0.46375,0.46868,0.47428,0.48448,0.000803,0.00024,8.0e-6,0.00039,0.00064,0.00079,0.00094,0.00133,0.530142,0.00779,0.000246,0.51467,0.52489,0.53046,0.53547,0.54512,0.000803,0.00024,8.0e-6,0.00039,0.00064,0.00079,0.00094,0.00133,0.530946,0.00773,0.000245,0.51552,0.52572,0.53132,0.53625,0.54574
92.75,0.469023,0.00773,0.000245,0.45426,0.46372,0.46864,0.47423,0.48439,0.000785,0.00023,7.0e-6,0.00038,0.00062,0.00077,0.00093,0.0013,0.530192,0.00779,0.000246,0.51467,0.52498,0.53052,0.5355,0.54518,0.000785,0.00023,7.0e-6,0.00038,0.00062,0.00077,0.00093,0.0013,0.530977,0.00773,0.000245,0.51561,0.52577,0.53136,0.53628,0.54574
93.0,0.46899,0.00773,0.000244,0.45425,0.46368,0.46862,0.47417,0.48433,0.000769,0.00023,7.0e-6,0.00036,0.00061,0.00076,0.00091,0.00128,0.530241,0.00778,0.000246,0.51473,0.52504,0.53059,0.53558,0.54521,0.000769,0.00023,7.0e-6,0.00036,0.00061,0.00076,0.00091,0.00128,0.53101,0.00773,0.000244,0.51567,0.52583,0.53138,0.53632,0.54575
93.25,0.468958,0.00773,0.000244,0.45423,0.46365,0.4686,0.47414,0.48431,0.000753,0.00023,7.0e-6,0.00035,0.00059,0.00074,0.00089,0.00125,0.530289,0.00778,0.000246,0.51479,0.52508,0.53064,0.5356,0.54522,0.000753,0.00023,7.0e-6,0.00035,0.00059,0.00074,0.00089,0.00125,0.531042,0.00773,0.000244,0.51569,0.52586,0.5314,0.53635,0.54577
93.5,0.468927,0.00772,0.000244,0.4542,0.46363,0.46856,0.47409,0.48427,0.000738,0.00023,7.0e-6,0.00033,0.00058,0.00073,0.00087,0.00123,0.530335,0.00777,0.000246,0.51481,0.52512,0.53069,0.53566,0.54523,0.000738,0.00023,7.0e-6,0.00033,0.00058,0.00073,0.00087,0.00123,0.531073,0.00772,0.000244,0.51573,0.52591,0.53144,0.53637,0.5458
93.75,0.468897,0.00772,0.000244,0.45419,0.46358,0.46853,0.47403,0.48418,0.000722,0.00023,7.0e-6,0.00033,0.00057,0.00071,0.00085,0.00121,0.530381,0.00777,0.000246,0.51484,0.52515,0.53073,0.53571,0.54528,0.000722,0.00023,7.0e-6,0.00033,0.00057,0.00071,0.00085,0.00121,0.531103,0.00772,0.000244,0.51582,0.52597,0.53147,0.53642,0.54581
94.0,0.468867,0.00772,0.000244,0.45412,0.46357,0.4685,0.47401,0.48414,0.000707,0.00022,7.0e-6,0.00031,0.00056,0.00069,0.00084,0.00119,0.530426,0.00777,0.000246,0.5149,0.52521,0.5308,0.53578,0.54529,0.000707,0.00022,7.0e-6,0.00031,0.00056,0.00069,0.00084,0.00119,0.531133,0.00772,0.000244,0.51586,0.52599,0.5315,0.53643,0.54588
94.25,0.468837,0.00772,0.000244,0.45405,0.46354,0.46846,0.47397,0.48409,0.000694,0.00022,7.0e-6,0.00031,0.00054,0.00068,0.00082,0.00118,0.530469,0.00777,0.000246,0.51493,0.52523,0.53083,0.53581,0.54534,0.000694,0.00022,7.0e-6,0.00031,0.00054,0.00068,0.00082,0.00118,0.531163,0.00772,0.000244,0.51591,0.52603,0.53154,0.53646,0.54595
94.5,0.468809,0.00771,0.000244,0.45403,0.46351,0.46843,0.47394,0.48402,0.000679,0.00022,7.0e-6,0.00031,0.00053,0.00067,0.00081,0.00116,0.530512,0.00776,0.000245,0.51496,0.52525,0.53089,0.53583,0.54538,0.000679,0.00022,7.0e-6,0.00031,0.00053,0.00067,0.00081,0.00116,0.531191,0.00771,0.000244,0.51598,0.52606,0.53157,0.53649,0.54597
94.75,0.46878,0.00771,0.000244,0.45398,0.46349,0.46841,0.4739,0.48397,0.000667,0.00022,7.0e-6,0.00031,0.00051,0.00065,0.0008,0.00114,0.530554,0.00776,0.000245,0.51503,0.52528,0.53093,0.53586,0.54539,0.000667,0.00022,7.0e-6,0.00031,0.00051,0.00065,0.0008,0.00114,0.53122,0.00771,0.000244,0.51603,0.5261,0.53159,0.53651,0.54602
95.0,0.468753,0.00771,0.000244,0.45395,0.46344,0.46839,0.47388,0.48394,0.00065,0.00021,7.0e-6,0.00029,0.0005,0.00064,0.00077,0.00112,0.530597,0.00776,0.000245,0.51507,0.52535,0.53097,0.53592,0.54541,0.00065,0.00021,7.0e-6,0.00029,0.0005,0.00064,0.00077,0.00112,0.531247,0.00771,0.000244,0.51606,0.52612,0.53161,0.53656,0.54605
95.25,0.468726,0.00771,0.000244,0.45394,0.46342,0.46836,0.47384,0.48392,0.000636,0.00021,7.0e-6,0.00028,0.00049,0.00062,0.00076,0.0011,0.530637,0.00775,0.000245,0.51515,0.52539,0.53099,0.53594,0.54541,0.000636,0.00021,7.0e-6,0.00028,0.00049,0.00062,0.00076,0.0011,0.531274,0.00771,0.000244,0.51608,0.52616,0.53164,0.53658,0.54606
95.5,0.468701,0.00771,0.000244,0.45391,0.4634,0.46834,0.47381,0.4839,0.000623,0.00021,7.0e-6,0.00028,0.00047,0.00061,0.00075,0.00106,0.530676,0.00775,0.000245,0.51523,0.52542,0.53105,0.53598,0.54546,0.000623,0.00021,7.0e-6,0.00028,0.00047,0.00061,0.00075,0.00106,0.531299,0.00771,0.000244,0.5161,0.52619,0.53166,0.5366,0.54609
95.75,0.468673,0.0077,0.000244,0.45388,0.46337,0.46832,0.4738,0.48387,0.000612,0.0002,6.0e-6,0.00027,0.00047,0.0006,0.00073,0.00107,0.530715,0.00775,0.000245,0.51528,0.52546,0.5311,0.53601,0.54549,0.000612,0.0002,6.0e-6,0.00027,0.00047,0.0006,0.00073,0.00107,0.531327,0.0077,0.000244,0.51613,0.5262,0.53168,0.53663,0.54612
96.0,0.468648,0.0077,0.000244,0.45387,0.46335,0.4683,0.47376,0.48385,0.000598,0.0002,6.0e-6,0.00025,0.00045,0.00058,0.00072,0.00106,0.530753,0.00774,0.000245,0.51539,0.52551,0.53113,0.53605,0.54552,0.000598,0.0002,6.0e-6,0.00025,0.00045,0.00058,0.00072,0.00106,0.531352,0.0077,0.000244,0.51615,0.52624,0.5317,0.53665,0.54613
96.25,0.468623,0.0077,0.000243,0.45385,0.46334,0.46826,0.47376,0.48381,0.000586,0.0002,6.0e-6,0.00025,0.00044,0.00058,0.0007,0.00104,0.53079,0.00774,0.000245,0.51542,0.52556,0.53117,0.53611,0.54556,0.000586,0.0002,6.0e-6,0.00025,0.00044,0.00058,0.0007,0.00104,0.531377,0.0077,0.000243,0.51619,0.52624,0.53174,0.53666,0.54615
96.5,0.468599,0.0077,0.000243,0.45384,0.4633,0.46824,0.47375,0.48381,0.000575,0.0002,6.0e-6,0.00025,0.00043,0.00056,0.0007,0.00102,0.530826,0.00774,0.000245,0.51543,0.52561,0.53122,0.53615,0.54558,0.000575,0.0002,6.0e-6,0.00025,0.00043,0.00056,0.0007,0.00102,0.531401,0.0077,0.000243,0.51619,0.52625,0.53177,0.53669,0.54616
96.75,0.468576,0.0077,0.000243,0.45383,0.46329,0.4682,0.47374,0.48381,0.000563,0.0002,6.0e-6,0.00023,0.00042,0.00055,0.00069,0.00102,0.530861,0.00774,0.000245,0.51548,0.52564,0.53126,0.53616,0.54563,0.000563,0.0002,6.0e-6,0.00023,0.00042,0.00055,0.00069,0.00102,0.531424,0.0077,0.000243,0.51619,0.52626,0.5318,0.53671,0.54617
97.0,0.468551,0.00769,0.000243,0.45381,0.46328,0.46818,0.47374,0.48381,0.000552,0.0002,6.0e-6,0.00023,0.00041,0.00054,0.00067,0.00099,0.530896,0.00773,0.000245,0.51553,0.52569,0.53128,0.53619,0.54566,0.000552,0.0002,6.0e-6,0.00023,0.00041,0.00054,0.00067,0.00099,0.531449,0.00769,0.000243,0.51619,0.52627,0.53181,0.53672,0.54619
97.25,0.468528,0.00769,0.000243,0.45377,0.46327,0.46817,0.47371,0.48381,0.000542,0.00019,6.0e-6,0.00022,0.0004,0.00053,0.00066,0.00098,0.53093,0.00773,0.000244,0.51556,0.52576,0.53134,0.53621,0.54568,0.000542,0.00019,6.0e-6,0.00022,0.0004,0.00053,0.00066,0.00098,0.531472,0.00769,0.000243,0.51619,0.52629,0.53183,0.53673,0.54623
97.5,0.468506,0.00769,0.000243,0.45376,0.46325,0.46816,0.47371,0.48379,0.00053,0.00019,6.0e-6,0.00022,0.00039,0.00052,0.00065,0.00095,0.530963,0.00773,0.000244,0.51565,0.5258,0.53136,0.53624,0.5457,0.00053,0.00019,6.0e-6,0.00022,0.00039,0.00052,0.00065,0.00095,0.531494,0.00769,0.000243,0.51621,0.52629,0.53184,0.53675,0.54624
97.75,0.468484,0.00769,0.000243,0.45376,0.46321,0.46814,0.4737,0.48378,0.00052,0.00019,6.0e-6,0.00021,0.00038,0.00051,0.00064,0.00095,0.530996,0.00773,0.000244,0.51569,0.52584,0.53139,0.53627,0.54574,0.00052,0.00019,6.0e-6,0.00021,0.00038,0.00051,0.00064,0.00095,0.531516,0.00769,0.000243,0.51622,0.5263,0.53186,0.53679,0.54624
98.0,0.468463,0.00769,0.000243,0.45376,0.46319,0.46814,0.47368,0.48378,0.000509,0.00019,6.0e-6,0.00021,0.00038,0.00049,0.00062,0.00093,0.531028,0.00772,0.000244,0.51577,0.52589,0.5314,0.53632,0.54576,0.000509,0.00019,6.0e-6,0.00021,0.00038,0.00049,0.00062,0.00093,0.531537,0.00769,0.000243,0.51622,0.52632,0.53186,0.53681,0.54624
98.25,0.468443,0.00768,0.000243,0.45375,0.46318,0.46811,0.47366,0.48376,0.000497,0.00018,6.0e-6,0.0002,0.00037,0.00048,0.00061,0.00091,0.53106,0.00772,0.000244,0.51583,0.52592,0.53142,0.53634,0.54577,0.000497,0.00018,6.0e-6,0.0002,0.00037,0.00048,0.00061,0.00091,0.531557,0.00768,0.000243,0.51624,0.52634,0.53189,0.53682,0.54625
98.5,0.468423,0.00768,0.000243,0.45373,0.46316,0.46809,0.47364,0.48376,0.000487,0.00018,6.0e-6,0.00019,0.00036,0.00047,0.0006,0.0009,0.53109,0.00772,0.000244,0.51587,0.52597,0.53146,0.53638,0.54581,0.000487,0.00018,6.0e-6,0.00019,0.00036,0.00047,0.0006,0.0009,0.531577,0.00768,0.000243,0.51624,0.52636,0.53191,0.53684,0.54627
98.75,0.468403,0.00768,0.000243,0.45369,0.46314,0.46808,0.47362,0.48376,0.000477,0.00018,6.0e-6,0.00019,0.00035,0.00046,0.00059,0.00088,0.53112,0.00772,0.000244,0.51595,0.52602,0.53147,0.53641,0.54582,0.000477,0.00018,6.0e-6,0.00019,0.00035,0.00046,0.00059,0.00088,0.531597,0.00768,0.000243,0.51624,0.52638,0.53192,0.53686,0.54631
99.0,0.468383,0.00768,0.000243,0.45369,0.46312,0.46806,0.4736,0.48376,0.000467,0.00018,6.0e-6,0.00018,0.00034,0.00045,0.00057,0.00087,0.53115,0.00771,0.000244,0.51597,0.52605,0.53149,0.53642,0.54582,0.000467,0.00018,6.0e-6,0.00018,0.00034,0.00045,0.00057,0.00087,0.531617,0.00768,0.000243,0.51624,0.5264,0.53194,0.53688,0.54631
99.25,0.468364,0.00768,0.000243,0.45369,0.4631,0.46804,0.4736,0.48376,0.000456,0.00018,6.0e-6,0.00017,0.00033,0.00044,0.00057,0.00087,0.53118,0.00771,0.000244,0.51605,0.52608,0.53151,0.53648,0.54584,0.000456,0.00018,6.0e-6,0.00017,0.00033,0.00044,0.00057,0.00087,0.531636,0.00768,0.000243,0.51624,0.5264,0.53196,0.5369,0.54631
99.5,0.468344,0.00768,0.000243,0.45369,0.46309,0.46802,0.47358,0.48373,0.000447,0.00018,6.0e-6,0.00016,0.00032,0.00043,0.00055,0.00085,0.531209,0.00771,0.000244,0.51607,0.52611,0.53154,0.53651,0.54584,0.000447,0.00018,6.0e-6,0.00016,0.00032,0.00043,0.00055,0.00085,0.531656,0.00768,0.000243,0.51627,0.52642,0.53198,0.53691,0.54631
99.75,0.468326,0.00767,0.000243,0.45366,0.46307,0.468,0.47358,0.48372,0.000438,0.00017,5.0e-6,0.00016,0.00032,0.00042,0.00054,0.00084,0.531236,0.00771,0.000244,0.5161,0.52612,0.53157,0.53655,0.54588,0.000438,0.00017,5.0e-6,0.00016,0.00032,0.00042,0.00054,0.00084,0.531674,0.00767,0.000243,0.51628,0.52642,0.532,0.53693,0.54634
100.0,0.468308,0.00767,0.000243,0.45363,0.46306,0.46798,0.47358,0.48372,0.000429,0.00017,5.0e-6,0.00015,0.00031,0.00041,0.00053,0.00082,0.531263,0.00771,0.000244,0.51612,0.52614,0.5316,0.53656,0.54598,0.000429,0.00017,5.0e-6,0.00015,0.00031,0.00041,0.00053,0.00082,0.531692,0.00767,0.000243,0.51628,0.52642,0.53202,0.53694,0.54637
100.25,0.468289,0.00767,0.000243,0.45361,0.46303,0.46796,0.47357,0.48369,0.00042,0.00017,5.0e-6,0.00015,0.0003,0.0004,0.00052,0.0008,0.531291,0.0077,0.000244,0.51612,0.52615,0.53164,0.53657,0.54603,0.00042,0.00017,5.0e-6,0.00015,0.0003,0.0004,0.00052,0.0008,0.531711,0.00767,0.000243,0.51631,0.52643,0.53204,0.53697,0.54639
100.5,0.468272,0.00767,0.000243,0.45359,0.46302,0.46796,0.47356,0.48367,0.000411,0.00017,5.0e-6,0.00014,0.00029,0.00039,0.00051,0.00078,0.531317,0.0077,0.000244,0.51614,0.52616,0.53167,0.53659,0.54607,0.000411,0.00017,5.0e-6,0.00014,0.00029,0.00039,0.00051,0.00078,0.531728,0.00767,0.000243,0.51633,0.52644,0.53204,0.53698,0.54641
100.75,0.468255,0.00767,0.000243,0.45358,0.46299,0.46794,0.47356,0.48363,0.000403,0.00017,5.0e-6,0.00014,0.00028,0.00038,0.00051,0.00076,0.531342,0.0077,0.000243,0.51614,0.52618,0.5317,0.53662,0.54612,0.000403,0.00017,5.0e-6,0.00014,0.00028,0.00038,0.00051,0.00076,0.531745,0.00767,0.000243,0.51637,0.52644,0.53206,0.53701,0.54642
101.0,0.468239,0.00767,0.000242,0.45358,0.46298,0.46792,0.47355,0.48361,0.000394,0.00016,5.0e-6,0.00013,0.00028,0.00038,0.0005,0.00076,0.531367,0.0077,0.000243,0.51615,0.52619,0.53173,0.53665,0.54613,0.000394,0.00016,5.0e-6,0.00013,0.00028,0.00038,0.0005,0.00076,0.531761,0.00767,0.000242,0.51639,0.52645,0.53208,0.53702,0.54642
101.25,0.468221,0.00767,0.000242,0.45358,0.46297,0.4679,0.47354,0.48357,0.000387,0.00016,5.0e-6,0.00013,0.00027,0.00037,0.00049,0.00074,0.531392,0.00769,0.000243,0.51616,0.5262,0.53175,0.53666,0.54614,0.000387,0.00016,5.0e-6,0.00013,0.00027,0.00037,0.00049,0.00074,0.531779,0.00767,0.000242,0.51643,0.52646,0.5321,0.53703,0.54642
101.5,0.468206,0.00767,0.000242,0.45358,0.46296,0.46787,0.47354,0.48356,0.000379,0.00016,5.0e-6,0.00012,0.00026,0.00036,0.00048,0.00073,0.531415,0.00769,0.000243,0.51616,0.52621,0.53178,0.53667,0.54616,0.000379,0.00016,5.0e-6,0.00012,0.00026,0.00036,0.00048,0.00073,0.531794,0.00767,0.000242,0.51644,0.52646,0.53213,0.53704,0.54642
101.75,0.46819,0.00767,0.000242,0.45357,0.46294,0.46784,0.47352,0.48352,0.000371,0.00016,5.0e-6,0.00012,0.00025,0.00035,0.00047,0.00072,0.531439,0.00769,0.000243,0.51618,0.52622,0.5318,0.53668,0.54618,0.000371,0.00016,5.0e-6,0.00012,0.00025,0.00035,0.00047,0.00072,0.53181,0.00767,0.000242,0.51648,0.52648,0.53215,0.53706,0.54643
102.0,0.468175,0.00766,0.000242,0.45357,0.46292,0.46783,0.47351,0.48349,0.000364,0.00016,5.0e-6,0.00012,0.00025,0.00034,0.00046,0.0007,0.531462,0.00769,0.000243,0.51618,0.52624,0.53182,0.53672,0.54619,0.000364,0.00016,5.0e-6,0.00012,0.00025,0.00034,0.00046,0.0007,0.531825,0.00766,0.000242,0.51651,0.52649,0.53217,0.53708,0.54643
102.25,0.46816,0.00766,0.000242,0.45356,0.46291,0.46782,0.4735,0.48349,0.000355,0.00016,5.0e-6,0.00011,0.00024,0.00034,0.00045,0.0007,0.531484,0.00769,0.000243,0.51618,0.52626,0.53183,0.53676,0.54622,0.000355,0.00016,5.0e-6,0.00011,0.00024,0.00034,0.00045,0.0007,0.53184,0.00766,0.000242,0.51651,0.5265,0.53218,0.53709,0.54644
102.5,0.468146,0.00766,0.000242,0.45356,0.46288,0.4678,0.47348,0.48344,0.000347,0.00015,5.0e-6,0.0001,0.00024,0.00033,0.00044,0.00068,0.531507,0.00769,0.000243,0.5162,0.52629,0.53186,0.53679,0.54623,0.000347,0.00015,5.0e-6,0.0001,0.00024,0.00033,0.00044,0.00068,0.531854,0.00766,0.000242,0.51656,0.52652,0.5322,0.53712,0.54644
102.75,0.468132,0.00766,0.000242,0.45354,0.46287,0.46779,0.47348,0.48343,0.00034,0.00015,5.0e-6,9.0e-5,0.00023,0.00032,0.00043,0.00068,0.531528,0.00768,0.000243,0.51621,0.5263,0.53187,0.53681,0.54624,0.00034,0.00015,5.0e-6,9.0e-5,0.00023,0.00032,0.00043,0.00068,0.531868,0.00766,0.000242,0.51657,0.52652,0.53221,0.53713,0.54646
103.0,0.468119,0.00766,0.000242,0.45354,0.46285,0.46778,0.47346,0.4834,0.000333,0.00015,5.0e-6,0.0001,0.00022,0.00031,0.00042,0.00067,0.531548,0.00768,0.000243,0.51621,0.52631,0.53188,0.53683,0.54626,0.000333,0.00015,5.0e-6,0.0001,0.00022,0.00031,0.00042,0.00067,0.531881,0.00766,0.000242,0.5166,0.52655,0.53222,0.53715,0.54646
103.25,0.468105,0.00766,0.000242,0.45354,0.46284,0.46776,0.47343,0.4834,0.000327,0.00015,5.0e-6,9.0e-5,0.00022,0.00031,0.00042,0.00066,0.531568,0.00768,0.000243,0.51622,0.52633,0.53191,0.53685,0.54629,0.000327,0.00015,5.0e-6,9.0e-5,0.00022,0.00031,0.00042,0.00066,0.531895,0.00766,0.000242,0.5166,0.52657,0.53224,0.53716,0.54646
103.5,0.468092,0.00766,0.000242,0.45354,0.46283,0.46774,0.47341,0.48339,0.000321,0.00015,5.0e-6,9.0e-5,0.00022,0.0003,0.00041,0.00064,0.531587,0.00768,0.000243,0.51623,0.52635,0.53191,0.53686,0.54629,0.000321,0.00015,5.0e-6,9.0e-5,0.00022,0.0003,0.00041,0.00064,0.531908,0.00766,0.000242,0.51661,0.52659,0.53226,0.53717,0.54646
103.75,0.468078,0.00766,0.000242,0.45351,0.46281,0.46772,0.47338,0.48336,0.000315,0.00015,5.0e-6,9.0e-5,0.00021,0.00029,0.0004,0.00065,0.531607,0.00768,0.000243,0.51625,0.52635,0.53192,0.53687,0.54631,0.000315,0.00015,5.0e-6,9.0e-5,0.00021,0.00029,0.0004,0.00065,0.531922,0.00766,0.000242,0.51664,0.52662,0.53228,0.53719,0.54649
104.0,0.468065,0.00766,0.000242,0.45351,0.4628,0.46771,0.47338,0.48336,0.000308,0.00015,5.0e-6,9.0e-5,0.0002,0.00029,0.0004,0.00063,0.531627,0.00768,0.000243,0.51625,0.52636,0.53195,0.53688,0.54632,0.000308,0.00015,5.0e-6,9.0e-5,0.0002,0.00029,0.0004,0.00063,0.531935,0.00766,0.000242,0.51664,0.52662,0.53229,0.5372,0.54649
104.25,0.468052,0.00766,0.000242,0.45351,0.46279,0.46769,0.47338,0.48335,0.000302,0.00015,5.0e-6,8.0e-5,0.0002,0.00028,0.00039,0.00063,0.531646,0.00768,0.000243,0.51627,0.52637,0.53196,0.5369,0.54634,0.000302,0.00015,5.0e-6,8.0e-5,0.0002,0.00028,0.00039,0.00063,0.531948,0.00766,0.000242,0.51665,0.52662,0.53231,0.53721,0.54649
104.5,0.46804,0.00765,0.000242,0.45351,0.46278,0.46767,0.47338,0.4833,0.000295,0.00014,5.0e-6,8.0e-5,0.00019,0.00027,0.00038,0.00062,0.531665,0.00767,0.000243,0.51627,0.52638,0.53201,0.5369,0.54635,0.000295,0.00014,5.0e-6,8.0e-5,0.00019,0.00027,0.00038,0.00062,0.53196,0.00765,0.000242,0.5167,0.52662,0.53232,0.53722,0.54649
104.75,0.468028,0.00765,0.000242,0.4535,0.46278,0.46766,0.47337,0.48325,0.000288,0.00014,4.0e-6,7.0e-5,0.00019,0.00027,0.00037,0.0006,0.531684,0.00767,0.000243,0.51631,0.52639,0.53202,0.53692,0.54636,0.000288,0.00014,4.0e-6,7.0e-5,0.00019,0.00027,0.00037,0.0006,0.531972,0.00765,0.000242,0.51675,0.52663,0.53235,0.53722,0.5465
105.0,0.468017,0.00765,0.000242,0.4535,0.46277,0.46764,0.47337,0.48325,0.000281,0.00014,4.0e-6,6.0e-5,0.00018,0.00026,0.00036,0.00059,0.531702,0.00767,0.000243,0.51633,0.52639,0.53204,0.53694,0.54636,0.000281,0.00014,4.0e-6,6.0e-5,0.00018,0.00026,0.00036,0.00059,0.531983,0.00765,0.000242,0.51675,0.52663,0.53236,0.53723,0.5465
105.25,0.468005,0.00765,0.000242,0.45349,0.46276,0.46762,0.47337,0.4832,0.000276,0.00014,4.0e-6,6.0e-5,0.00018,0.00026,0.00036,0.00059,0.531719,0.00767,0.000243,0.51636,0.5264,0.53204,0.53696,0.54637,0.000276,0.00014,4.0e-6,6.0e-5,0.00018,0.00026,0.00036,0.00059,0.531995,0.00765,0.000242,0.5168,0.52663,0.53238,0.53724,0.54651
105.5,0.467993,0.00765,0.000242,0.45348,0.46276,0.46761,0.47336,0.48317,0.000271,0.00014,4.0e-6,6.0e-5,0.00017,0.00025,0.00035,0.0006,0.531736,0.00767,0.000243,0.51639,0.52641,0.53207,0.53698,0.54639,0.000271,0.00014,4.0e-6,6.0e-5,0.00017,0.00025,0.00035,0.0006,0.532007,0.00765,0.000242,0.51683,0.52664,0.53239,0.53724,0.54652
105.75,0.467982,0.00765,0.000242,0.45347,0.46274,0.4676,0.47335,0.48317,0.000266,0.00014,4.0e-6,6.0e-5,0.00016,0.00025,0.00034,0.00059,0.531752,0.00767,0.000242,0.51642,0.52642,0.53208,0.537,0.54641,0.000266,0.00014,4.0e-6,6.0e-5,0.00016,0.00025,0.00034,0.00059,0.532018,0.00765,0.000242,0.51683,0.52665,0.5324,0.53726,0.54653
106.0,0.467971,0.00765,0.000242,0.45347,0.46274,0.46758,0.47334,0.48315,0.00026,0.00014,4.0e-6,6.0e-5,0.00016,0.00024,0.00033,0.00059,0.531769,0.00767,0.000242,0.51646,0.52644,0.5321,0.53701,0.54643,0.00026,0.00014,4.0e-6,6.0e-5,0.00016,0.00024,0.00033,0.00059,0.532029,0.00765,0.000242,0.51685,0.52666,0.53242,0.53726,0.54653
106.25,0.467961,0.00765,0.000242,0.45346,0.46274,0.46757,0.47332,0.48314,0.000255,0.00013,4.0e-6,5.0e-5,0.00015,0.00024,0.00033,0.00056,0.531785,0.00767,0.000242,0.51646,0.52644,0.53212,0.53703,0.54644,0.000255,0.00013,4.0e-6,5.0e-5,0.00015,0.00024,0.00033,0.00056,0.532039,0.00765,0.000242,0.51686,0.52668,0.53243,0.53726,0.54654
106.5,0.46795,0.00765,0.000242,0.45346,0.46272,0.46756,0.47331,0.48312,0.00025,0.00013,4.0e-6,5.0e-5,0.00015,0.00023,0.00033,0.00056,0.531801,0.00766,0.000242,0.51649,0.52646,0.53213,0.53704,0.54644,0.00025,0.00013,4.0e-6,5.0e-5,0.00015,0.00023,0.00033,0.00056,0.53205,0.00765,0.000242,0.51688,0.52669,0.53244,0.53728,0.54654
106.75,0.46794,0.00765,0.000242,0.45346,0.46271,0.46756,0.47329,0.4831,0.000244,0.00013,4.0e-6,5.0e-5,0.00015,0.00022,0.00032,0.00055,0.531816,0.00766,0.000242,0.51651,0.52647,0.53214,0.53706,0.54644,0.000244,0.00013,4.0e-6,5.0e-5,0.00015,0.00022,0.00032,0.00055,0.53206,0.00765,0.000242,0.5169,0.52671,0.53244,0.53729,0.54654
107.0,0.46793,0.00765,0.000242,0.45346,0.46271,0.46756,0.47324,0.4831,0.000239,0.00013,4.0e-6,5.0e-5,0.00015,0.00022,0.00031,0.00055,0.531831,0.00766,0.000242,0.51651,0.52649,0.53216,0.53707,0.54644,0.000239,0.00013,4.0e-6,5.0e-5,0.00015,0.00022,0.00031,0.00055,0.53207,0.00765,0.000242,0.5169,0.52676,0.53245,0.53729,0.54654
107.25,0.467919,0.00765,0.000242,0.45346,0.4627,0.46754,0.47323,0.48309,0.000235,0.00013,4.0e-6,4.0e-5,0.00014,0.00022,0.0003,0.00054,0.531846,0.00766,0.000242,0.51652,0.52651,0.53219,0.53708,0.54645,0.000235,0.00013,4.0e-6,4.0e-5,0.00014,0.00022,0.0003,0.00054,0.532081,0.00765,0.000242,0.51691,0.52677,0.53246,0.5373,0.54654
107.5,0.467909,0.00765,0.000242,0.45345,0.4627,0.46754,0.47322,0.48306,0.00023,0.00013,4.0e-6,4.0e-5,0.00014,0.00021,0.0003,0.00054,0.531861,0.00766,0.000242,0.51653,0.52652,0.53221,0.53711,0.54646,0.00023,0.00013,4.0e-6,4.0e-5,0.00014,0.00021,0.0003,0.00054,0.532091,0.00765,0.000242,0.51694,0.52678,0.53246,0.5373,0.54655
107.75,0.4679,0.00765,0.000242,0.45345,0.4627,0.46753,0.47322,0.48304,0.000225,0.00012,4.0e-6,4.0e-5,0.00014,0.00021,0.00029,0.00051,0.531875,0.00766,0.000242,0.51657,0.52653,0.53222,0.53713,0.54646,0.000225,0.00012,4.0e-6,4.0e-5,0.00014,0.00021,0.00029,0.00051,0.5321,0.00765,0.000242,0.51696,0.52678,0.53247,0.5373,0.54655
108.0,0.467891,0.00764,0.000242,0.45345,0.4627,0.46751,0.47321,0.48302,0.00022,0.00012,4.0e-6,3.0e-5,0.00013,0.0002,0.00029,0.0005,0.531889,0.00766,0.000242,0.51659,0.52653,0.53225,0.53714,0.54647,0.00022,0.00012,4.0e-6,3.0e-5,0.00013,0.0002,0.00029,0.0005,0.532109,0.00764,0.000242,0.51698,0.52679,0.53249,0.5373,0.54655
108.25,0.467882,0.00764,0.000242,0.45345,0.46269,0.4675,0.4732,0.48299,0.000216,0.00012,4.0e-6,3.0e-5,0.00013,0.0002,0.00028,0.00049,0.531903,0.00766,0.000242,0.5166,0.52654,0.53226,0.53716,0.54647,0.000216,0.00012,4.0e-6,3.0e-5,0.00013,0.0002,0.00028,0.00049,0.532118,0.00764,0.000242,0.51701,0.5268,0.53249,0.53731,0.54655
108.5,0.467873,0.00764,0.000242,0.45344,0.46268,0.4675,0.47319,0.48293,0.000211,0.00012,4.0e-6,3.0e-5,0.00012,0.00019,0.00027,0.00049,0.531917,0.00766,0.000242,0.51662,0.52657,0.53228,0.53717,0.54647,0.000211,0.00012,4.0e-6,3.0e-5,0.00012,0.00019,0.00027,0.00049,0.532127,0.00764,0.000242,0.51707,0.52681,0.53249,0.53732,0.54656
108.75,0.467865,0.00764,0.000242,0.45342,0.46268,0.4675,0.47319,0.48293,0.000206,0.00012,4.0e-6,3.0e-5,0.00012,0.00019,0.00027,0.00047,0.53193,0.00766,0.000242,0.51664,0.52658,0.5323,0.53717,0.54648,0.000206,0.00012,4.0e-6,3.0e-5,0.00012,0.00019,0.00027,0.00047,0.532135,0.00764,0.000242,0.51707,0.52681,0.5325,0.53732,0.54658
109.0,0.467856,0.00764,0.000242,0.45342,0.46268,0.46749,0.47318,0.48291,0.000202,0.00012,4.0e-6,3.0e-5,0.00012,0.00018,0.00026,0.00047,0.531942,0.00766,0.000242,0.51666,0.52659,0.53232,0.53719,0.54648,0.000202,0.00012,4.0e-6,3.0e-5,0.00012,0.00018,0.00026,0.00047,0.532144,0.00764,0.000242,0.51709,0.52682,0.53251,0.53732,0.54658
109.25,0.467847,0.00764,0.000242,0.45341,0.46268,0.46748,0.47317,0.48291,0.000198,0.00012,4.0e-6,3.0e-5,0.00011,0.00018,0.00026,0.00046,0.531955,0.00766,0.000242,0.51667,0.5266,0.53233,0.5372,0.54649,0.000198,0.00012,4.0e-6,3.0e-5,0.00011,0.00018,0.00026,0.00046,0.532153,0.00764,0.000242,0.51709,0.52683,0.53252,0.53732,0.54659
109.5,0.467839,0.00764,0.000242,0.45338,0.46267,0.46746,0.47317,0.48291,0.000193,0.00011,4.0e-6,3.0e-5,0.00011,0.00018,0.00025,0.00045,0.531968,0.00766,0.000242,0.51669,0.52661,0.53234,0.53722,0.54649,0.000193,0.00011,4.0e-6,3.0e-5,0.00011,0.00018,0.00025,0.00045,0.532161,0.00764,0.000242,0.51709,0.52683,0.53254,0.53733,0.54662
109.75,0.467831,0.00764,0.000242,0.45337,0.46267,0.46746,0.47314,0.4829,0.000189,0.00011,4.0e-6,3.0e-5,0.00011,0.00017,0.00025,0.00045,0.53198,0.00765,0.000242,0.51671,0.52662,0.53236,0.53724,0.54649,0.000189,0.00011,4.0e-6,3.0e-5,0.00011,0.00017,0.00025,0.00045,0.532169,0.00764,0.000242,0.5171,0.52686,0.53254,0.53733,0.54663
110.0,0.467823,0.00764,0.000242,0.45336,0.46266,0.46745,0.47314,0.48288,0.000186,0.00011,3.0e-6,2.0e-5,0.0001,0.00017,0.00025,0.00045,0.531991,0.00765,0.000242,0.51674,0.52663,0.53236,0.53724,0.54649,0.000186,0.00011,3.0e-6,2.0e-5,0.0001,0.00017,0.00025,0.00045,0.532177,0.00764,0.000242,0.51712,0.52686,0.53255,0.53734,0.54664
110.25,0.467816,0.00764,0.000242,0.45336,0.46266,0.46744,0.47312,0.48286,0.000182,0.00011,3.0e-6,2.0e-5,0.0001,0.00016,0.00025,0.00045,0.532002,0.00765,0.000242,0.51676,0.52664,0.53238,0.53724,0.5465,0.000182,0.00011,3.0e-6,2.0e-5,0.0001,0.00016,0.00025,0.00045,0.532184,0.00764,0.000242,0.51714,0.52688,0.53256,0.53734,0.54664
110.5,0.467808,0.00764,0.000242,0.45335,0.46265,0.46743,0.47311,0.48285,0.000179,0.00011,3.0e-6,2.0e-5,0.0001,0.00016,0.00023,0.00044,0.532014,0.00765,0.000242,0.51679,0.52666,0.53239,0.53724,0.54651,0.000179,0.00011,3.0e-6,2.0e-5,0.0001,0.00016,0.00023,0.00044,0.532192,0.00764,0.000242,0.51715,0.52689,0.53257,0.53735,0.54665
110.75,0.467801,0.00764,0.000242,0.45331,0.46265,0.4674,0.47311,0.48285,0.000175,0.00011,3.0e-6,2.0e-5,9.0e-5,0.00016,0.00023,0.00043,0.532024,0.00765,0.000242,0.51679,0.52667,0.5324,0.53724,0.54652,0.000175,0.00011,3.0e-6,2.0e-5,9.0e-5,0.00016,0.00023,0.00043,0.532199,0.00764,0.000242,0.51715,0.52689,0.53259,0.53735,0.54669
111.0,0.467793,0.00764,0.000242,0.4533,0.46264,0.4674,0.47309,0.48285,0.000172,0.00011,3.0e-6,2.0e-5,9.0e-5,0.00016,0.00023,0.00043,0.532036,0.00765,0.000242,0.51682,0.52668,0.5324,0.53725,0.54652,0.000172,0.00011,3.0e-6,2.0e-5,9.0e-5,0.00016,0.00023,0.00043,0.532207,0.00764,0.000242,0.51715,0.52691,0.5326,0.53736,0.5467
111.25,0.467786,0.00764,0.000242,0.4533,0.46264,0.46739,0.47307,0.48285,0.000168,0.00011,3.0e-6,2.0e-5,9.0e-5,0.00015,0.00023,0.00043,0.532046,0.00765,0.000242,0.51682,0.52669,0.53242,0.53725,0.54652,0.000168,0.00011,3.0e-6,2.0e-5,9.0e-5,0.00015,0.00023,0.00043,0.532214,0.00764,0.000242,0.51715,0.52693,0.53262,0.53736,0.5467
111.5,0.467779,0.00764,0.000241,0.4533,0.46263,0.46738,0.47307,0.48282,0.000164,0.0001,3.0e-6,1.0e-5,9.0e-5,0.00015,0.00022,0.00042,0.532057,0.00765,0.000242,0.51685,0.5267,0.53243,0.53725,0.54652,0.000164,0.0001,3.0e-6,1.0e-5,9.0e-5,0.00015,0.00022,0.00042,0.532221,0.00764,0.000241,0.51718,0.52693,0.53262,0.53737,0.5467
111.75,0.467772,0.00764,0.000241,0.45329,0.46263,0.46737,0.47304,0.48282,0.000161,0.0001,3.0e-6,1.0e-5,8.0e-5,0.00014,0.00022,0.00041,0.532068,0.00765,0.000242,0.51689,0.52672,0.53244,0.53726,0.54652,0.000161,0.0001,3.0e-6,1.0e-5,8.0e-5,0.00014,0.00022,0.00041,0.532228,0.00764,0.000241,0.51718,0.52696,0.53263,0.53737,0.54671
112.0,0.467765,0.00764,0.000241,0.45328,0.46262,0.46737,0.47304,0.48282,0.000157,0.0001,3.0e-6,1.0e-5,8.0e-5,0.00014,0.00021,0.00041,0.532077,0.00765,0.000242,0.51692,0.52674,0.53245,0.53726,0.54652,0.000157,0.0001,3.0e-6,1.0e-5,8.0e-5,0.00014,0.00021,0.00041,0.532235,0.00764,0.000241,0.51718,0.52696,0.53263,0.53738,0.54672
112.25,0.467759,0.00763,0.000241,0.45328,0.46261,0.46737,0.47302,0.48281,0.000154,0.0001,3.0e-6,1.0e-5,8.0e-5,0.00014,0.00021,0.0004,0.532087,0.00764,0.000242,0.51692,0.52677,0.53246,0.53727,0.54654,0.000154,0.0001,3.0e-6,1.0e-5,8.0e-5,0.00014,0.00021,0.0004,0.532241,0.00763,0.000241,0.51719,0.52698,0.53263,0.53739,0.54672
112.5,0.467752,0.00763,0.000241,0.45327,0.4626,0.46737,0.47301,0.48279,0.000151,0.0001,3.0e-6,1.0e-5,7.0e-5,0.00014,0.00021,0.00039,0.532097,0.00764,0.000242,0.51693,0.5268,0.53248,0.53728,0.54655,0.000151,0.0001,3.0e-6,1.0e-5,7.0e-5,0.00014,0.00021,0.00039,0.532248,0.00763,0.000241,0.51721,0.52699,0.53263,0.5374,0.54673
112.75,0.467746,0.00763,0.000241,0.45325,0.4626,0.46737,0.47301,0.48279,0.000147,0.0001,3.0e-6,1.0e-5,7.0e-5,0.00013,0.0002,0.00038,0.532107,0.00764,0.000242,0.51694,0.52682,0.53248,0.5373,0.54656,0.000147,0.0001,3.0e-6,1.0e-5,7.0e-5,0.00013,0.0002,0.00038,0.532254,0.00763,0.000241,0.51721,0.52699,0.53263,0.5374,0.54675
113.0,0.46774,0.00763,0.000241,0.45321,0.4626,0.46736,0.47301,0.48278,0.000144,0.0001,3.0e-6,1.0e-5,7.0e-5,0.00013,0.0002,0.00038,0.532116,0.00764,0.000242,0.51696,0.52684,0.53249,0.5373,0.54656,0.000144,0.0001,3.0e-6,1.0e-5,7.0e-5,0.00013,0.0002,0.00038,0.53226,0.00763,0.000241,0.51722,0.52699,0.53264,0.5374,0.54679
113.25,0.467734,0.00763,0.000241,0.4532,0.4626,0.46736,0.473,0.48275,0.000141,0.0001,3.0e-6,1.0e-5,7.0e-5,0.00013,0.0002,0.00037,0.532125,0.00764,0.000242,0.51699,0.52685,0.5325,0.5373,0.54656,0.000141,0.0001,3.0e-6,1.0e-5,7.0e-5,0.00013,0.0002,0.00037,0.532266,0.00763,0.000241,0.51725,0.527,0.53264,0.5374,0.5468
113.5,0.467728,0.00763,0.000241,0.4532,0.46259,0.46736,0.473,0.48272,0.000138,0.0001,3.0e-6,1.0e-5,7.0e-5,0.00012,0.00019,0.00036,0.532134,0.00764,0.000242,0.517,0.52686,0.53252,0.5373,0.54658,0.000138,0.0001,3.0e-6,1.0e-5,7.0e-5,0.00012,0.00019,0.00036,0.532272,0.00763,0.000241,0.51728,0.527,0.53264,0.53741,0.5468
113.75,0.467722,0.00763,0.000241,0.45317,0.46258,0.46734,0.47299,0.48272,0.000136,0.0001,3.0e-6,1.0e-5,6.0e-5,0.00012,0.00019,0.00036,0.532142,0.00764,0.000242,0.51702,0.52686,0.53253,0.53732,0.54659,0.000136,0.0001,3.0e-6,1.0e-5,6.0e-5,0.00012,0.00019,0.00036,0.532278,0.00763,0.000241,0.51728,0.52701,0.53266,0.53742,0.54683
114.0,0.467717,0.00763,0.000241,0.45317,0.46258,0.46734,0.47298,0.48272,0.000133,9.0e-5,3.0e-6,1.0e-5,6.0e-5,0.00012,0.00018,0.00036,0.53215,0.00764,0.000242,0.51704,0.52686,0.53254,0.53732,0.54661,0.000133,9.0e-5,3.0e-6,1.0e-5,6.0e-5,0.00012,0.00018,0.00036,0.532283,0.00763,0.000241,0.51728,0.52703,0.53266,0.53742,0.54683
114.25,0.467711,0.00763,0.000241,0.45317,0.46258,0.46733,0.47296,0.48271,0.00013,9.0e-5,3.0e-6,1.0e-5,6.0e-5,0.00011,0.00018,0.00035,0.532158,0.00764,0.000242,0.51709,0.52687,0.53256,0.53733,0.54661,0.00013,9.0e-5,3.0e-6,1.0e-5,6.0e-5,0.00011,0.00018,0.00035,0.532289,0.00763,0.000241,0.51729,0.52704,0.53267,0.53742,0.54683
114.5,0.467706,0.00763,0.000241,0.45315,0.46258,0.46733,0.47296,0.48271,0.000128,9.0e-5,3.0e-6,1.0e-5,6.0e-5,0.00011,0.00017,0.00034,0.532166,0.00764,0.000242,0.51713,0.52687,0.53256,0.53734,0.54663,0.000128,9.0e-5,3.0e-6,1.0e-5,6.0e-5,0.00011,0.00017,0.00034,0.532294,0.00763,0.000241,0.51729,0.52704,0.53267,0.53742,0.54685
114.75,0.467701,0.00763,0.000241,0.45313,0.46257,0.46732,0.47294,0.48269,0.000125,9.0e-5,3.0e-6,1.0e-5,5.0e-5,0.00011,0.00017,0.00033,0.532174,0.00764,0.000242,0.51714,0.52687,0.53257,0.53734,0.54663,0.000125,9.0e-5,3.0e-6,1.0e-5,5.0e-5,0.00011,0.00017,0.00033,0.532299,0.00763,0.000241,0.51731,0.52706,0.53268,0.53743,0.54687
115.0,0.467696,0.00763,0.000241,0.45312,0.46256,0.46732,0.47292,0.48268,0.000123,9.0e-5,3.0e-6,0.0,5.0e-5,0.00011,0.00017,0.00034,0.532181,0.00764,0.000242,0.51714,0.52688,0.53258,0.53734,0.54664,0.000123,9.0e-5,3.0e-6,0.0,5.0e-5,0.00011,0.00017,0.00034,0.532304,0.00763,0.000241,0.51732,0.52708,0.53268,0.53744,0.54688
115.25,0.467691,0.00763,0.000241,0.45311,0.46255,0.4673,0.47292,0.48268,0.000121,9.0e-5,3.0e-6,0.0,5.0e-5,0.0001,0.00017,0.00034,0.532189,0.00764,0.000242,0.51715,0.52689,0.53258,0.53735,0.54664,0.000121,9.0e-5,3.0e-6,0.0,5.0e-5,0.0001,0.00017,0.00034,0.532309,0.00763,0.000241,0.51732,0.52708,0.53269,0.53745,0.54689
115.5,0.467686,0.00763,0.000241,0.45309,0.46255,0.4673,0.47291,0.48268,0.000118,9.0e-5,3.0e-6,0.0,5.0e-5,0.0001,0.00016,0.00033,0.532197,0.00764,0.000242,0.51717,0.5269,0.53258,0.53736,0.54667,0.000118,9.0e-5,3.0e-6,0.0,5.0e-5,0.0001,0.00016,0.00033,0.532314,0.00763,0.000241,0.51732,0.52709,0.5327,0.53745,0.54691
115.75,0.467681,0.00763,0.000241,0.45307,0.46255,0.4673,0.4729,0.48268,0.000115,9.0e-5,3.0e-6,0.0,5.0e-5,0.0001,0.00016,0.00033,0.532204,0.00764,0.000241,0.51718,0.5269,0.5326,0.53737,0.54667,0.000115,9.0e-5,3.0e-6,0.0,5.0e-5,0.0001,0.00016,0.00033,0.532319,0.00763,0.000241,0.51732,0.5271,0.5327,0.53745,0.54693
116.0,0.467676,0.00763,0.000241,0.45307,0.46255,0.4673,0.47289,0.48268,0.000113,9.0e-5,3.0e-6,0.0,5.0e-5,0.0001,0.00016,0.00032,0.532211,0.00764,0.000241,0.51718,0.5269,0.5326,0.53738,0.54669,0.000113,9.0e-5,3.0e-6,0.0,5.0e-5,0.0001,0.00016,0.00032,0.532324,0.00763,0.000241,0.51732,0.52711,0.5327,0.53745,0.54693
116.25,0.467672,0.00763,0.000241,0.45307,0.46255,0.46728,0.47287,0.48268,0.00011,9.0e-5,3.0e-6,0.0,4.0e-5,9.0e-5,0.00015,0.00032,0.532218,0.00764,0.000241,0.51718,0.5269,0.5326,0.5374,0.54669,0.00011,9.0e-5,3.0e-6,0.0,4.0e-5,9.0e-5,0.00015,0.00032,0.532328,0.00763,0.000241,0.51732,0.52713,0.53272,0.53745,0.54693
116.5,0.467667,0.00763,0.000241,0.45307,0.46254,0.46728,0.47286,0.48267,0.000108,9.0e-5,3.0e-6,0.0,4.0e-5,9.0e-5,0.00015,0.00031,0.532225,0.00764,0.000241,0.51718,0.52692,0.5326,0.5374,0.54672,0.000108,9.0e-5,3.0e-6,0.0,4.0e-5,9.0e-5,0.00015,0.00031,0.532333,0.00763,0.000241,0.51733,0.52714,0.53272,0.53746,0.54693
116.75,0.467663,0.00763,0.000241,0.45307,0.46254,0.46727,0.47286,0.48266,0.000105,8.0e-5,3.0e-6,0.0,4.0e-5,9.0e-5,0.00015,0.00031,0.532232,0.00764,0.000241,0.51718,0.52693,0.53262,0.5374,0.54675,0.000105,8.0e-5,3.0e-6,0.0,4.0e-5,9.0e-5,0.00015,0.00031,0.532337,0.00763,0.000241,0.51734,0.52714,0.53273,0.53746,0.54693
117.0,0.467659,0.00763,0.000241,0.45307,0.46254,0.46727,0.47286,0.48266,0.000103,8.0e-5,3.0e-6,0.0,4.0e-5,8.0e-5,0.00015,0.00031,0.532238,0.00764,0.000241,0.51718,0.52693,0.53264,0.5374,0.54676,0.000103,8.0e-5,3.0e-6,0.0,4.0e-5,8.0e-5,0.00015,0.00031,0.532341,0.00763,0.000241,0.51734,0.52714,0.53273,0.53746,0.54693
117.25,0.467655,0.00763,0.000241,0.45307,0.46254,0.46727,0.47286,0.48266,0.000101,8.0e-5,3.0e-6,0.0,4.0e-5,8.0e-5,0.00015,0.0003,0.532244,0.00763,0.000241,0.51718,0.52695,0.53264,0.5374,0.54678,0.000101,8.0e-5,3.0e-6,0.0,4.0e-5,8.0e-5,0.00015,0.0003,0.532345,0.00763,0.000241,0.51734,0.52714,0.53273,0.53746,0.54693
117.5,0.467651,0.00763,0.000241,0.45307,0.46254,0.46725,0.47285,0.48266,9.9e-5,8.0e-5,3.0e-6,0.0,4.0e-5,8.0e-5,0.00014,0.0003,0.53225,0.00763,0.000241,0.51719,0.52696,0.53265,0.53741,0.54679,9.9e-5,8.0e-5,3.0e-6,0.0,4.0e-5,8.0e-5,0.00014,0.0003,0.532349,0.00763,0.000241,0.51734,0.52715,0.53275,0.53746,0.54693
117.75,0.467646,0.00762,0.000241,0.45307,0.46254,0.46724,0.47284,0.48266,9.7e-5,8.0e-5,3.0e-6,0.0,4.0e-5,8.0e-5,0.00014,0.00029,0.532256,0.00763,0.000241,0.51719,0.52696,0.53265,0.53741,0.54679,9.7e-5,8.0e-5,3.0e-6,0.0,4.0e-5,8.0e-5,0.00014,0.00029,0.532354,0.00762,0.000241,0.51734,0.52716,0.53276,0.53746,0.54693
118.0,0.467642,0.00763,0.000241,0.45307,0.46254,0.46724,0.47284,0.48266,9.5e-5,8.0e-5,2.0e-6,0.0,4.0e-5,8.0e-5,0.00014,0.00029,0.532262,0.00763,0.000241,0.51722,0.52698,0.53265,0.53742,0.5468,9.5e-5,8.0e-5,2.0e-6,0.0,4.0e-5,8.0e-5,0.00014,0.00029,0.532358,0.00763,0.000241,0.51734,0.52716,0.53276,0.53746,0.54693
118.25,0.467638,0.00762,0.000241,0.45307,0.46254,0.46724,0.47283,0.48266,9.3e-5,8.0e-5,2.0e-6,0.0,3.0e-5,7.0e-5,0.00014,0.00028,0.532268,0.00763,0.000241,0.51724,0.52698,0.53266,0.53742,0.54681,9.3e-5,8.0e-5,2.0e-6,0.0,3.0e-5,7.0e-5,0.00014,0.00028,0.532362,0.00762,0.000241,0.51734,0.52717,0.53276,0.53746,0.54693
118.5,0.467635,0.00762,0.000241,0.45307,0.46254,0.46723,0.47283,0.48266,9.1e-5,8.0e-5,2.0e-6,0.0,3.0e-5,7.0e-5,0.00013,0.00027,0.532274,0.00763,0.000241,0.51725,0.52699,0.53266,0.53742,0.54682,9.1e-5,8.0e-5,2.0e-6,0.0,3.0e-5,7.0e-5,0.00013,0.00027,0.532365,0.00762,0.000241,0.51734,0.52717,0.53276,0.53747,0.54693
118.75,0.467631,0.00762,0.000241,0.45307,0.46254,0.46723,0.47282,0.48266,8.9e-5,8.0e-5,2.0e-6,0.0,3.0e-5,7.0e-5,0.00013,0.00027,0.53228,0.00763,0.000241,0.51726,0.527,0.53268,0.53742,0.54683,8.9e-5,8.0e-5,2.0e-6,0.0,3.0e-5,7.0e-5,0.00013,0.00027,0.532369,0.00762,0.000241,0.51734,0.52718,0.53276,0.53747,0.54693
119.0,0.467628,0.00762,0.000241,0.45307,0.46252,0.46723,0.47282,0.48265,8.7e-5,7.0e-5,2.0e-6,0.0,3.0e-5,7.0e-5,0.00013,0.00027,0.532285,0.00763,0.000241,0.51728,0.52702,0.53268,0.53742,0.54685,8.7e-5,7.0e-5,2.0e-6,0.0,3.0e-5,7.0e-5,0.00013,0.00027,0.532372,0.00762,0.000241,0.51735,0.52718,0.53276,0.53748,0.54693
119.25,0.467624,0.00762,0.000241,0.45307,0.46252,0.46723,0.4728,0.48265,8.5e-5,7.0e-5,2.0e-6,0.0,3.0e-5,7.0e-5,0.00013,0.00027,0.532291,0.00763,0.000241,0.51728,0.52703,0.53268,0.53743,0.54685,8.5e-5,7.0e-5,2.0e-6,0.0,3.0e-5,7.0e-5,0.00013,0.00027,0.532376,0.00762,0.000241,0.51735,0.5272,0.53276,0.53748,0.54693
119.5,0.46762,0.00762,0.000241,0.45307,0.46252,0.46723,0.4728,0.48265,8.4e-5,7.0e-5,2.0e-6,0.0,3.0e-5,6.0e-5,0.00012,0.00027,0.532296,0.00763,0.000241,0.5173,0.52704,0.53269,0.53744,0.54686,8.4e-5,7.0e-5,2.0e-6,0.0,3.0e-5,6.0e-5,0.00012,0.00027,0.53238,0.00762,0.000241,0.51735,0.5272,0.53276,0.53748,0.54693
119.75,0.467617,0.00762,0.000241,0.45307,0.46252,0.46723,0.47279,0.48265,8.2e-5,7.0e-5,2.0e-6,0.0,3.0e-5,6.0e-5,0.00012,0.00027,0.532301,0.00763,0.000241,0.5173,0.52706,0.5327,0.53744,0.54687,8.2e-5,7.0e-5,2.0e-6,0.0,3.0e-5,6.0e-5,0.00012,0.00027,0.532383,0.00762,0.000241,0.51735,0.52721,0.53276,0.53748,0.54693
120.0,0.467613,0.00762,0.000241,0.45307,0.46252,0.46723,0.47279,0.48264,8.1e-5,7.0e-5,2.0e-6,0.0,3.0e-5,6.0e-5,0.00012,0.00026,0.532306,0.00763,0.000241,0.51731,0.52708,0.53271,0.53744,0.54689,8.1e-5,7.0e-5,2.0e-6,0.0,3.0e-5,6.0e-5,0.00012,0.00026,0.532387,0.00762,0.000241,0.51736,0.52721,0.53276,0.53748,0.54693
120.25,0.46761,0.00762,0.000241,0.45307,0.46252,0.46723,0.47279,0.48263,7.9e-5,7.0e-5,2.0e-6,0.0,2.0e-5,6.0e-5,0.00012,0.00026,0.532311,0.00763,0.000241,0.51731,0.5271,0.53272,0.53744,0.54691,7.9e-5,7.0e-5,2.0e-6,0.0,2.0e-5,6.0e-5,0.00012,0.00026,0.53239,0.00762,0.000241,0.51737,0.52721,0.53276,0.53748,0.54693
120.5,0.467607,0.00762,0.000241,0.45307,0.46252,0.46722,0.47278,0.48263,7.8e-5,7.0e-5,2.0e-6,0.0,2.0e-5,6.0e-5,0.00011,0.00025,0.532316,0.00763,0.000241,0.51731,0.5271,0.53272,0.53744,0.54693,7.8e-5,7.0e-5,2.0e-6,0.0,2.0e-5,6.0e-5,0.00011,0.00025,0.532393,0.00762,0.000241,0.51737,0.52722,0.53278,0.53748,0.54693
120.75,0.467603,0.00762,0.000241,0.45307,0.46251,0.46722,0.47278,0.48263,7.6e-5,7.0e-5,2.0e-6,0.0,2.0e-5,6.0e-5,0.00011,0.00026,0.53232,0.00763,0.000241,0.51731,0.52712,0.53272,0.53745,0.54693,7.6e-5,7.0e-5,2.0e-6,0.0,2.0e-5,6.0e-5,0.00011,0.00026,0.532397,0.00762,0.000241,0.51737,0.52722,0.53278,0.53749,0.54693
121.0,0.4676,0.00762,0.000241,0.45307,0.46251,0.46722,0.47278,0.48261,7.5e-5,7.0e-5,2.0e-6,0.0,2.0e-5,6.0e-5,0.00011,0.00025,0.532325,0.00763,0.000241,0.51731,0.52714,0.53273,0.53745,0.54693,7.5e-5,7.0e-5,2.0e-6,0.0,2.0e-5,6.0e-5,0.00011,0.00025,0.5324,0.00762,0.000241,0.51739,0.52722,0.53278,0.53749,0.54693
121.25,0.467597,0.00762,0.000241,0.45307,0.46251,0.46722,0.47278,0.48261,7.3e-5,7.0e-5,2.0e-6,0.0,2.0e-5,6.0e-5,0.00011,0.00024,0.53233,0.00763,0.000241,0.51731,0.52714,0.53273,0.53745,0.54693,7.3e-5,7.0e-5,2.0e-6,0.0,2.0e-5,6.0e-5,0.00011,0.00024,0.532403,0.00762,0.000241,0.51739,0.52722,0.53278,0.53749,0.54693
121.5,0.467594,0.00762,0.000241,0.45307,0.4625,0.46722,0.47278,0.48261,7.2e-5,7.0e-5,2.0e-6,0.0,2.0e-5,5.0e-5,0.00011,0.00024,0.532334,0.00763,0.000241,0.51731,0.52717,0.53274,0.53745,0.54693,7.2e-5,7.0e-5,2.0e-6,0.0,2.0e-5,5.0e-5,0.00011,0.00024,0.532406,0.00762,0.000241,0.51739,0.52722,0.53278,0.5375,0.54693
121.75,0.467591,0.00762,0.000241,0.45307,0.4625,0.46722,0.47278,0.48259,7.1e-5,7.0e-5,2.0e-6,0.0,2.0e-5,5.0e-5,0.00011,0.00024,0.532338,0.00763,0.000241,0.51731,0.52717,0.53274,0.53745,0.54693,7.1e-5,7.0e-5,2.0e-6,0.0,2.0e-5,5.0e-5,0.00011,0.00024,0.532409,0.00762,0.000241,0.51741,0.52722,0.53278,0.5375,0.54693
122.0,0.467588,0.00762,0.000241,0.45307,0.4625,0.46722,0.47278,0.48259,7.0e-5,7.0e-5,2.0e-6,0.0,2.0e-5,5.0e-5,0.00011,0.00024,0.532342,0.00763,0.000241,0.51734,0.52718,0.53274,0.53745,0.54693,7.0e-5,7.0e-5,2.0e-6,0.0,2.0e-5,5.0e-5,0.00011,0.00024,0.532412,0.00762,0.000241,0.51741,0.52722,0.53279,0.5375,0.54693
122.25,0.467585,0.00762,0.000241,0.45307,0.4625,0.46722,0.47278,0.48259,6.9e-5,7.0e-5,2.0e-6,0.0,2.0e-5,5.0e-5,0.0001,0.00024,0.532347,0.00763,0.000241,0.51734,0.52718,0.53274,0.53745,0.54693,6.9e-5,7.0e-5,2.0e-6,0.0,2.0e-5,5.0e-5,0.0001,0.00024,0.532415,0.00762,0.000241,0.51741,0.52722,0.53279,0.5375,0.54693
122.5,0.467582,0.00762,0.000241,0.45307,0.4625,0.46721,0.47278,0.48259,6.7e-5,7.0e-5,2.0e-6,0.0,1.0e-5,5.0e-5,0.0001,0.00023,0.532351,0.00763,0.000241,0.51734,0.52719,0.53274,0.53745,0.54693,6.7e-5,7.0e-5,2.0e-6,0.0,1.0e-5,5.0e-5,0.0001,0.00023,0.532418,0.00762,0.000241,0.51741,0.52722,0.53279,0.5375,0.54693
122.75,0.467579,0.00762,0.000241,0.45307,0.4625,0.46721,0.47278,0.48259,6.6e-5,7.0e-5,2.0e-6,0.0,1.0e-5,5.0e-5,0.0001,0.00023,0.532355,0.00763,0.000241,0.51734,0.52719,0.53274,0.53746,0.54693,6.6e-5,7.0e-5,2.0e-6,0.0,1.0e-5,5.0e-5,0.0001,0.00023,0.532421,0.00762,0.000241,0.51741,0.52723,0.53279,0.5375,0.54693
123.0,0.467577,0.00762,0.000241,0.45307,0.4625,0.46721,0.47276,0.48259,6.4e-5,7.0e-5,2.0e-6,0.0,1.0e-5,5.0e-5,0.0001,0.00023,0.532359,0.00763,0.000241,0.51734,0.5272,0.53275,0.53747,0.54693,6.4e-5,7.0e-5,2.0e-6,0.0,1.0e-5,5.0e-5,0.0001,0.00023,0.532423,0.00762,0.000241,0.51741,0.52724,0.53279,0.5375,0.54693
123.25,0.467574,0.00762,0.000241,0.45307,0.4625,0.46721,0.47276,0.48259,6.4e-5,6.0e-5,2.0e-6,0.0,1.0e-5,4.0e-5,0.0001,0.00023,0.532362,0.00762,0.000241,0.51734,0.5272,0.53276,0.53747,0.54693,6.4e-5,6.0e-5,2.0e-6,0.0,1.0e-5,4.0e-5,0.0001,0.00023,0.532426,0.00762,0.000241,0.51741,0.52724,0.53279,0.5375,0.54693
123.5,0.467572,0.00762,0.000241,0.45307,0.4625,0.46721,0.47275,0.48259,6.2e-5,6.0e-5,2.0e-6,0.0,1.0e-5,4.0e-5,0.0001,0.00022,0.532366,0.00762,0.000241,0.51735,0.5272,0.53277,0.53747,0.54693,6.2e-5,6.0e-5,2.0e-6,0.0,1.0e-5,4.0e-5,0.0001,0.00022,0.532428,0.00762,0.000241,0.51741,0.52725,0.53279,0.5375,0.54693
123.75,0.467569,0.00762,0.000241,0.45307,0.4625,0.46721,0.47275,0.48259,6.1e-5,6.0e-5,2.0e-6,0.0,1.0e-5,4.0e-5,9.0e-5,0.00023,0.53237,0.00762,0.000241,0.51735,0.5272,0.53277,0.53747,0.54693,6.1e-5,6.0e-5,2.0e-6,0.0,1.0e-5,4.0e-5,9.0e-5,0.00023,0.532431,0.00762,0.000241,0.51741,0.52725,0.53279,0.5375,0.54693
124.0,0.467567,0.00762,0.000241,0.45307,0.46249,0.46721,0.47275,0.48259,6.0e-5,6.0e-5,2.0e-6,0.0,1.0e-5,4.0e-5,9.0e-5,0.00022,0.532374,0.00762,0.000241,0.51735,0.5272,0.53277,0.53748,0.54693,6.0e-5,6.0e-5,2.0e-6,0.0,1.0e-5,4.0e-5,9.0e-5,0.00022,0.532433,0.00762,0.000241,0.51741,0.52725,0.53279,0.53751,0.54693
124.25,0.467564,0.00762,0.000241,0.45307,0.46249,0.46721,0.47275,0.48259,5.8e-5,6.0e-5,2.0e-6,0.0,1.0e-5,4.0e-5,9.0e-5,0.00022,0.532377,0.00762,0.000241,0.51735,0.5272,0.53277,0.53748,0.54693,5.8e-5,6.0e-5,2.0e-6,0.0,1.0e-5,4.0e-5,9.0e-5,0.00022,0.532436,0.00762,0.000241,0.51741,0.52725,0.53279,0.53751,0.54693
124.5,0.467562,0.00762,0.000241,0.45307,0.46248,0.4672,0.47275,0.48259,5.7e-5,6.0e-5,2.0e-6,0.0,1.0e-5,4.0e-5,9.0e-5,0.00022,0.532381,0.00762,0.000241,0.51736,0.52721,0.53277,0.53748,0.54693,5.7e-5,6.0e-5,2.0e-6,0.0,1.0e-5,4.0e-5,9.0e-5,0.00022,0.532438,0.00762,0.000241,0.51741,0.52725,0.5328,0.53752,0.54693
124.75,0.467559,0.00762,0.000241,0.45307,0.46248,0.4672,0.47275,0.48259,5.6e-5,6.0e-5,2.0e-6,0.0,1.0e-5,4.0e-5,9.0e-5,0.00022,0.532385,0.00762,0.000241,0.51736,0.52721,0.53277,0.53748,0.54693,5.6e-5,6.0e-5,2.0e-6,0.0,1.0e-5,4.0e-5,9.0e-5,0.00022,0.532441,0.00762,0.000241,0.51741,0.52725,0.5328,0.53752,0.54693
125.0,0.467557,0.00762,0.000241,0.45307,0.46248,0.46719,0.47275,0.48259,5.4e-5,6.0e-5,2.0e-6,0.0,1.0e-5,4.0e-5,8.0e-5,0.00021,0.532388,0.00762,0.000241,0.51737,0.52721,0.53277,0.53748,0.54693,5.4e-5,6.0e-5,2.0e-6,0.0,1.0e-5,4.0e-5,8.0e-5,0.00021,0.532443,0.00762,0.000241,0.51741,0.52725,0.53281,0.53752,0.54693
125.25,0.467555,0.00762,0.000241,0.45307,0.46247,0.46718,0.47275,0.48259,5.3e-5,6.0e-5,2.0e-6,0.0,1.0e-5,3.0e-5,8.0e-5,0.00021,0.532392,0.00762,0.000241,0.51737,0.52721,0.53277,0.53748,0.54693,5.3e-5,6.0e-5,2.0e-6,0.0,1.0e-5,3.0e-5,8.0e-5,0.00021,0.532445,0.00762,0.000241,0.51741,0.52725,0.53282,0.53753,0.54693
125.5,0.467553,0.00762,0.000241,0.45307,0.46246,0.46718,0.47275,0.48259,5.2e-5,6.0e-5,2.0e-6,0.0,1.0e-5,3.0e-5,8.0e-5,0.00021,0.532395,0.00762,0.000241,0.51737,0.52721,0.53277,0.53748,0.54693,5.2e-5,6.0e-5,2.0e-6,0.0,1.0e-5,3.0e-5,8.0e-5,0.00021,0.532447,0.00762,0.000241,0.51741,0.52725,0.53282,0.53754,0.54693
125.75,0.467551,0.00762,0.000241,0.45307,0.46246,0.46718,0.47275,0.48259,5.0e-5,6.0e-5,2.0e-6,0.0,1.0e-5,3.0e-5,8.0e-5,0.0002,0.532399,0.00762,0.000241,0.51737,0.52721,0.53278,0.53748,0.54693,5.0e-5,6.0e-5,2.0e-6,0.0,1.0e-5,3.0e-5,8.0e-5,0.0002,0.532449,0.00762,0.000241,0.51741,0.52725,0.53283,0.53754,0.54693
126.0,0.467549,0.00761,0.000241,0.45307,0.46246,0.46717,0.47275,0.48259,4.9e-5,6.0e-5,2.0e-6,0.0,1.0e-5,3.0e-5,7.0e-5,0.0002,0.532402,0.00762,0.000241,0.51737,0.52722,0.53278,0.5375,0.54693,4.9e-5,6.0e-5,2.0e-6,0.0,1.0e-5,3.0e-5,7.0e-5,0.0002,0.532451,0.00761,0.000241,0.51741,0.52725,0.53283,0.53754,0.54693
126.25,0.467547,0.00761,0.000241,0.45307,0.46246,0.46717,0.47275,0.48259,4.8e-5,5.0e-5,2.0e-6,0.0,0.0,3.0e-5,7.0e-5,0.0002,0.532405,0.00762,0.000241,0.51738,0.52722,0.53278,0.5375,0.54693,4.8e-5,5.0e-5,2.0e-6,0.0,0.0,3.0e-5,7.0e-5,0.0002,0.532453,0.00761,0.000241,0.51741,0.52725,0.53283,0.53754,0.54693
126.5,0.467545,0.00761,0.000241,0.45307,0.46246,0.46716,0.47275,0.48259,4.7e-5,5.0e-5,2.0e-6,0.0,0.0,3.0e-5,7.0e-5,0.00019,0.532408,0.00762,0.000241,0.51739,0.52723,0.53278,0.5375,0.54693,4.7e-5,5.0e-5,2.0e-6,0.0,0.0,3.0e-5,7.0e-5,0.00019,0.532455,0.00761,0.000241,0.51741,0.52725,0.53283,0.53754,0.54693
126.75,0.467543,0.00761,0.000241,0.45307,0.46245,0.46716,0.47275,0.48259,4.6e-5,5.0e-5,2.0e-6,0.0,0.0,3.0e-5,7.0e-5,0.00019,0.532411,0.00762,0.000241,0.5174,0.52723,0.53278,0.5375,0.54693,4.6e-5,5.0e-5,2.0e-6,0.0,0.0,3.0e-5,7.0e-5,0.00019,0.532457,0.00761,0.000241,0.51741,0.52725,0.53283,0.53755,0.54693
127.0,0.467541,0.00761,0.000241,0.45307,0.46245,0.46716,0.47275,0.48259,4.5e-5,5.0e-5,2.0e-6,0.0,0.0,3.0e-5,7.0e-5,0.00019,0.532414,0.00762,0.000241,0.51741,0.52724,0.53278,0.5375,0.54693,4.5e-5,5.0e-5,2.0e-6,0.0,0.0,3.0e-5,7.0e-5,0.00019,0.532459,0.00761,0.000241,0.51741,0.52725,0.53284,0.53755,0.54693
127.25,0.467539,0.00761,0.000241,0.45307,0.46245,0.46716,0.47275,0.48259,4.4e-5,5.0e-5,2.0e-6,0.0,0.0,3.0e-5,7.0e-5,0.00019,0.532417,0.00762,0.000241,0.51741,0.52724,0.53279,0.5375,0.54693,4.4e-5,5.0e-5,2.0e-6,0.0,0.0,3.0e-5,7.0e-5,0.00019,0.532461,0.00761,0.000241,0.51741,0.52725,0.53284,0.53755,0.54693
127.5,0.467537,0.00761,0.000241,0.45307,0.46245,0.46716,0.47275,0.48259,4.3e-5,5.0e-5,2.0e-6,0.0,0.0,2.0e-5,7.0e-5,0.00019,0.53242,0.00762,0.000241,0.51741,0.52724,0.53279,0.53751,0.54693,4.3e-5,5.0e-5,2.0e-6,0.0,0.0,2.0e-5,7.0e-5,0.00019,0.532463,0.00761,0.000241,0.51741,0.52725,0.53284,0.53755,0.54693
127.75,0.467536,0.00761,0.000241,0.45307,0.46245,0.46716,0.47275,0.48259,4.2e-5,5.0e-5,2.0e-6,0.0,0.0,2.0e-5,6.0e-5,0.00019,0.532422,0.00762,0.000241,0.51741,0.52724,0.53279,0.53751,0.54693,4.2e-5,5.0e-5,2.0e-6,0.0,0.0,2.0e-5,6.0e-5,0.00019,0.532464,0.00761,0.000241,0.51741,0.52725,0.53284,0.53755,0.54693
128.0,0.467534,0.00761,0.000241,0.45307,0.46245,0.46716,0.47275,0.48259,4.1e-5,5.0e-5,2.0e-6,0.0,0.0,2.0e-5,6.0e-5,0.00018,0.532425,0.00762,0.000241,0.51741,0.52724,0.53279,0.53751,0.54693,4.1e-5,5.0e-5,2.0e-6,0.0,0.0,2.0e-5,6.0e-5,0.00018,0.532466,0.00761,0.000241,0.51741,0.52725,0.53284,0.53755,0.54693
128.25,0.467532,0.00761,0.000241,0.45307,0.46245,0.46715,0.47275,0.48259,4.1e-5,5.0e-5,2.0e-6,0.0,0.0,2.0e-5,6.0e-5,0.00019,0.532427,0.00762,0.000241,0.51741,0.52724,0.5328,0.53751,0.54693,4.1e-5,5.0e-5,2.0e-6,0.0,0.0,2.0e-5,6.0e-5,0.00019,0.532468,0.00761,0.000241,0.51741,0.52725,0.53285,0.53755,0.54693
128.5,0.46753,0.00761,0.000241,0.45307,0.46245,0.46715,0.47275,0.48259,4.0e-5,5.0e-5,2.0e-6,0.0,0.0,2.0e-5,6.0e-5,0.00018,0.532429,0.00762,0.000241,0.51741,0.52724,0.5328,0.53752,0.54693,4.0e-5,5.0e-5,2.0e-6,0.0,0.0,2.0e-5,6.0e-5,0.00018,0.53247,0.00761,0.000241,0.51741,0.52725,0.53285,0.53755,0.54693
128.75,0.467528,0.00761,0.000241,0.45307,0.46245,0.46715,0.47275,0.48259,4.0e-5,5.0e-5,2.0e-6,0.0,0.0,2.0e-5,6.0e-5,0.00018,0.532432,0.00762,0.000241,0.51741,0.52724,0.5328,0.53752,0.54693,4.0e-5,5.0e-5,2.0e-6,0.0,0.0,2.0e-5,6.0e-5,0.00018,0.532472,0.00761,0.000241,0.51741,0.52725,0.53285,0.53755,0.54693
129.0,0.467527,0.00761,0.000241,0.45307,0.46245,0.46715,0.47275,0.48259,3.9e-5,5.0e-5,2.0e-6,0.0,0.0,2.0e-5,6.0e-5,0.00019,0.532434,0.00762,0.000241,0.51741,0.52724,0.53282,0.53753,0.54693,3.9e-5,5.0e-5,2.0e-6,0.0,0.0,2.0e-5,6.0e-5,0.00019,0.532473,0.00761,0.000241,0.51741,0.52725,0.53285,0.53755,0.54693
129.25,0.467525,0.00761,0.000241,0.45307,0.46245,0.46715,0.47275,0.48259,3.8e-5,5.0e-5,2.0e-6,0.0,0.0,2.0e-5,6.0e-5,0.00018,0.532437,0.00762,0.000241,0.51741,0.52724,0.53283,0.53753,0.54693,3.8e-5,5.0e-5,2.0e-6,0.0,0.0,2.0e-5,6.0e-5,0.00018,0.532475,0.00761,0.000241,0.51741,0.52725,0.53285,0.53755,0.54693
129.5,0.467523,0.00761,0.000241,0.45307,0.46245,0.46715,0.47275,0.48259,3.8e-5,5.0e-5,2.0e-6,0.0,0.0,2.0e-5,6.0e-5,0.00019,0.532439,0.00762,0.000241,0.51741,0.52724,0.53283,0.53754,0.54693,3.8e-5,5.0e-5,2.0e-6,0.0,0.0,2.0e-5,6.0e-5,0.00019,0.532477,0.00761,0.000241,0.51741,0.52725,0.53285,0.53755,0.54693
129.75,0.467522,0.00761,0.000241,0.45307,0.46245,0.46715,0.47275,0.48259,3.7e-5,5.0e-5,2.0e-6,0.0,0.0,2.0e-5,6.0e-5,0.00018,0.532441,0.00762,0.000241,0.51741,0.52724,0.53283,0.53754,0.54693,3.7e-5,5.0e-5,2.0e-6,0.0,0.0,2.0e-5,6.0e-5,0.00018,0.532478,0.00761,0.000241,0.51741,0.52725,0.53285,0.53755,0.54693
130.0,0.46752,0.00761,0.000241,0.45307,0.46245,0.46715,0.47275,0.48259,3.6e-5,5.0e-5,2.0e-6,0.0,0.0,2.0e-5,6.0e-5,0.00017,0.532444,0.00762,0.000241,0.51741,0.52724,0.53283,0.53754,0.54693,3.6e-5,5.0e-5,2.0e-6,0.0,0.0,2.0e-5,6.0e-5,0.00017,0.53248,0.00761,0.000241,0.51741,0.52725,0.53285,0.53755,0.54693
130.25,0.467519,0.00761,0.000241,0.45307,0.46245,0.46715,0.47275,0.48259,3.6e-5,5.0e-5,2.0e-6,0.0,0.0,2.0e-5,6.0e-5,0.00018,0.532446,0.00762,0.000241,0.51741,0.52724,0.53283,0.53754,0.54693,3.6e-5,5.0e-5,2.0e-6,0.0,0.0,2.0e-5,6.0e-5,0.00018,0.532481,0.00761,0.000241,0.51741,0.52725,0.53285,0.53755,0.54693
130.5,0.467517,0.00761,0.000241,0.45307,0.46243,0.46715,0.47275,0.48259,3.5e-5,5.0e-5,1.0e-6,0.0,0.0,2.0e-5,5.0e-5,0.00017,0.532448,0.00762,0.000241,0.51741,0.52724,0.53283,0.53754,0.54693,3.5e-5,5.0e-5,1.0e-6,0.0,0.0,2.0e-5,5.0e-5,0.00017,0.532483,0.00761,0.000241,0.51741,0.52725,0.53285,0.53757,0.54693
130.75,0.467515,0.00761,0.000241,0.45307,0.46243,0.46715,0.47275,0.48259,3.4e-5,5.0e-5,1.0e-6,0.0,0.0,1.0e-5,5.0e-5,0.00017,0.53245,0.00762,0.000241,0.51741,0.52724,0.53284,0.53754,0.54693,3.4e-5,5.0e-5,1.0e-6,0.0,0.0,1.0e-5,5.0e-5,0.00017,0.532485,0.00761,0.000241,0.51741,0.52725,0.53285,0.53757,0.54693
131.0,0.467514,0.00761,0.000241,0.45307,0.46243,0.46715,0.47275,0.48259,3.4e-5,5.0e-5,1.0e-6,0.0,0.0,1.0e-5,5.0e-5,0.00017,0.532452,0.00762,0.000241,0.51741,0.52724,0.53285,0.53754,0.54693,3.4e-5,5.0e-5,1.0e-6,0.0,0.0,1.0e-5,5.0e-5,0.00017,0.532486,0.00761,0.000241,0.51741,0.52725,0.53285,0.53757,0.54693
131.25,0.467512,0.00761,0.000241,0.45307,0.46243,0.46715,0.47275,0.48259,3.3e-5,5.0e-5,1.0e-6,0.0,0.0,1.0e-5,5.0e-5,0.00017,0.532454,0.00762,0.000241,0.51741,0.52724,0.53285,0.53754,0.54693,3.3e-5,5.0e-5,1.0e-6,0.0,0.0,1.0e-5,5.0e-5,0.00017,0.532488,0.00761,0.000241,0.51741,0.52725,0.53285,0.53757,0.54693
131.5,0.467511,0.00761,0.000241,0.45307,0.46243,0.46715,0.47275,0.48259,3.2e-5,5.0e-5,1.0e-6,0.0,0.0,1.0e-5,5.0e-5,0.00017,0.532456,0.00761,0.000241,0.51741,0.52724,0.53285,0.53754,0.54693,3.2e-5,5.0e-5,1.0e-6,0.0,0.0,1.0e-5,5.0e-5,0.00017,0.532489,0.00761,0.000241,0.51741,0.52725,0.53285,0.53757,0.54693
131.75,0.46751,0.00761,0.000241,0.45307,0.46243,0.46715,0.47275,0.48259,3.1e-5,4.0e-5,1.0e-6,0.0,0.0,1.0e-5,5.0e-5,0.00015,0.532458,0.00761,0.000241,0.51741,0.52724,0.53285,0.53754,0.54693,3.1e-5,4.0e-5,1.0e-6,0.0,0.0,1.0e-5,5.0e-5,0.00015,0.53249,0.00761,0.000241,0.51741,0.52725,0.53285,0.53757,0.54693
132.0,0.467509,0.00761,0.000241,0.45307,0.46243,0.46715,0.47275,0.48259,3.1e-5,4.0e-5,1.0e-6,0.0,0.0,1.0e-5,5.0e-5,0.00016,0.532461,0.00761,0.000241,0.51741,0.52724,0.53285,0.53754,0.54693,3.1e-5,4.0e-5,1.0e-6,0.0,0.0,1.0e-5,5.0e-5,0.00016,0.532491,0.00761,0.000241,0.51741,0.52725,0.53285,0.53757,0.54693
132.25,0.467507,0.00761,0.000241,0.45307,0.46243,0.46715,0.47275,0.48259,3.0e-5,4.0e-5,1.0e-6,0.0,0.0,1.0e-5,5.0e-5,0.00015,0.532463,0.00761,0.000241,0.51741,0.52724,0.53285,0.53755,0.54693,3.0e-5,4.0e-5,1.0e-6,0.0,0.0,1.0e-5,5.0e-5,0.00015,0.532493,0.00761,0.000241,0.51741,0.52725,0.53285,0.53757,0.54693
132.5,0.467506,0.00761,0.000241,0.45307,0.46243,0.46715,0.47275,0.48259,3.0e-5,4.0e-5,1.0e-6,0.0,0.0,1.0e-5,5.0e-5,0.00016,0.532464,0.00761,0.000241,0.51741,0.52725,0.53285,0.53755,0.54693,3.0e-5,4.0e-5,1.0e-6,0.0,0.0,1.0e-5,5.0e-5,0.00016,0.532494,0.00761,0.000241,0.51741,0.52725,0.53285,0.53757,0.54693
132.75,0.467505,0.00761,0.000241,0.45307,0.46243,0.46715,0.47275,0.48259,2.9e-5,4.0e-5,1.0e-6,0.0,0.0,1.0e-5,4.0e-5,0.00015,0.532466,0.00761,0.000241,0.51741,0.52725,0.53285,0.53755,0.54693,2.9e-5,4.0e-5,1.0e-6,0.0,0.0,1.0e-5,4.0e-5,0.00015,0.532495,0.00761,0.000241,0.51741,0.52725,0.53285,0.53757,0.54693
133.0,0.467503,0.00761,0.000241,0.45307,0.46243,0.46715,0.47275,0.48259,2.9e-5,4.0e-5,1.0e-6,0.0,0.0,1.0e-5,4.0e-5,0.00015,0.532468,0.00761,0.000241,0.51741,0.52725,0.53285,0.53755,0.54693,2.9e-5,4.0e-5,1.0e-6,0.0,0.0,1.0e-5,4.0e-5,0.00015,0.532497,0.00761,0.000241,0.51741,0.52725,0.53285,0.53757,0.54693
133.25,0.467502,0.00761,0.000241,0.45307,0.46243,0.46714,0.47275,0.48259,2.8e-5,4.0e-5,1.0e-6,0.0,0.0,1.0e-5,4.0e-5,0.00015,0.532469,0.00761,0.000241,0.51741,0.52725,0.53285,0.53755,0.54693,2.8e-5,4.0e-5,1.0e-6,0.0,0.0,1.0e-5,4.0e-5,0.00015,0.532498,0.00761,0.000241,0.51741,0.52725,0.53286,0.53757,0.54693
133.5,0.467501,0.00761,0.000241,0.45307,0.46243,0.46714,0.47275,0.48259,2.8e-5,4.0e-5,1.0e-6,0.0,0.0,1.0e-5,4.0e-5,0.00015,0.532471,0.00761,0.000241,0.51741,0.52725,0.53285,0.53755,0.54693,2.8e-5,4.0e-5,1.0e-6,0.0,0.0,1.0e-5,4.0e-5,0.00015,0.532499,0.00761,0.000241,0.51741,0.52725,0.53286,0.53757,0.54693
133.75,0.4675,0.00761,0.000241,0.45307,0.46243,0.46714,0.47275,0.48259,2.7e-5,4.0e-5,1.0e-6,0.0,0.0,1.0e-5,4.0e-5,0.00015,0.532473,0.00761,0.000241,0.51741,0.52725,0.53285,0.53755,0.54693,2.7e-5,4.0e-5,1.0e-6,0.0,0.0,1.0e-5,4.0e-5,0.00015,0.5325,0.00761,0.000241,0.51741,0.52725,0.53286,0.53757,0.54693
134.0,0.467499,0.00761,0.000241,0.45307,0.46242,0.46714,0.47275,0.48259,2.7e-5,4.0e-5,1.0e-6,0.0,0.0,1.0e-5,4.0e-5,0.00015,0.532474,0.00761,0.000241,0.51741,0.52725,0.53285,0.53755,0.54693,2.7e-5,4.0e-5,1.0e-6,0.0,0.0,1.0e-5,4.0e-5,0.00015,0.532501,0.00761,0.000241,0.51741,0.52725,0.53286,0.53757,0.54693
134.25,0.467498,0.00761,0.000241,0.45307,0.46242,0.46714,0.47275,0.48259,2.6e-5,4.0e-5,1.0e-6,0.0,0.0,1.0e-5,4.0e-5,0.00014,0.532476,0.00761,0.000241,0.51741,0.52725,0.53285,0.53755,0.54693,2.6e-5,4.0e-5,1.0e-6,0.0,0.0,1.0e-5,4.0e-5,0.00014,0.532502,0.00761,0.000241,0.51741,0.52725,0.53286,0.53757,0.54693
134.5,0.467497,0.00761,0.000241,0.45307,0.46242,0.46714,0.47275,0.48259,2.5e-5,4.0e-5,1.0e-6,0.0,0.0,1.0e-5,4.0e-5,0.00014,0.532477,0.00761,0.000241,0.51741,0.52725,0.53285,0.53755,0.54693,2.5e-5,4.0e-5,1.0e-6,0.0,0.0,1.0e-5,4.0e-5,0.00014,0.532503,0.00761,0.000241,0.51741,0.52725,0.53286,0.53757,0.54693
134.75,0.467496,0.00761,0.000241,0.45307,0.46242,0.46714,0.47275,0.48259,2.5e-5,4.0e-5,1.0e-6,0.0,0.0,0.0,4.0e-5,0.00014,0.532479,0.00761,0.000241,0.51741,0.52725,0.53285,0.53755,0.54693,2.5e-5,4.0e-5,1.0e-6,0.0,0.0,0.0,4.0e-5,0.00014,0.532504,0.00761,0.000241,0.51741,0.52725,0.53286,0.53757,0.54693
135.0,0.467495,0.00761,0.000241,0.45307,0.46242,0.46714,0.47275,0.48259,2.4e-5,4.0e-5,1.0e-6,0.0,0.0,0.0,4.0e-5,0.00013,0.532481,0.00761,0.000241,0.51741,0.52725,0.53285,0.53756,0.54693,2.4e-5,4.0e-5,1.0e-6,0.0,0.0,0.0,4.0e-5,0.00013,0.532505,0.00761,0.000241,0.51741,0.52725,0.53286,0.53757,0.54693
135.25,0.467494,0.00761,0.000241,0.45307,0.46242,0.46714,0.47275,0.48259,2.4e-5,4.0e-5,1.0e-6,0.0,0.0,0.0,4.0e-5,0.00013,0.532482,0.00761,0.000241,0.51741,0.52725,0.53285,0.53756,0.54693,2.4e-5,4.0e-5,1.0e-6,0.0,0.0,0.0,4.0e-5,0.00013,0.532506,0.00761,0.000241,0.51741,0.52725,0.53286,0.53757,0.54693
135.5,0.467493,0.00761,0.000241,0.45307,0.46242,0.46714,0.47274,0.48259,2.3e-5,4.0e-5,1.0e-6,0.0,0.0,0.0,4.0e-5,0.00013,0.532484,0.00761,0.000241,0.51741,0.52725,0.53285,0.53756,0.54693,2.3e-5,4.0e-5,1.0e-6,0.0,0.0,0.0,4.0e-5,0.00013,0.532507,0.00761,0.000241,0.51741,0.52726,0.53286,0.53757,0.54693
135.75,0.467492,0.00761,0.000241,0.45307,0.46242,0.46714,0.47274,0.48259,2.3e-5,4.0e-5,1.0e-6,0.0,0.0,0.0,4.0e-5,0.00013,0.532485,0.00761,0.000241,0.51741,0.52725,0.53285,0.53756,0.54693,2.3e-5,4.0e-5,1.0e-6,0.0,0.0,0.0,4.0e-5,0.00013,0.532508,0.00761,0.000241,0.51741,0.52726,0.53286,0.53757,0.54693
136.0,0.467491,0.00761,0.000241,0.45307,0.46242,0.46714,0.47274,0.48259,2.2e-5,4.0e-5,1.0e-6,0.0,0.0,0.0,3.0e-5,0.00012,0.532486,0.00761,0.000241,0.51741,0.52725,0.53285,0.53756,0.54693,2.2e-5,4.0e-5,1.0e-6,0.0,0.0,0.0,3.0e-5,0.00012,0.532509,0.00761,0.000241,0.51741,0.52726,0.53286,0.53757,0.54693
136.25,0.46749,0.00761,0.000241,0.45307,0.46242,0.46714,0.47274,0.48259,2.2e-5,4.0e-5,1.0e-6,0.0,0.0,0.0,3.0e-5,0.00012,0.532488,0.00761,0.000241,0.51741,0.52725,0.53285,0.53756,0.54693,2.2e-5,4.0e-5,1.0e-6,0.0,0.0,0.0,3.0e-5,0.00012,0.53251,0.00761,0.000241,0.51741,0.52726,0.53286,0.53757,0.54693
136.5,0.46749,0.00761,0.000241,0.45307,0.46242,0.46714,0.47274,0.48259,2.2e-5,4.0e-5,1.0e-6,0.0,0.0,0.0,3.0e-5,0.00012,0.532489,0.00761,0.000241,0.51741,0.52725,0.53285,0.53756,0.54693,2.2e-5,4.0e-5,1.0e-6,0.0,0.0,0.0,3.0e-5,0.00012,0.53251,0.00761,0.000241,0.51741,0.52726,0.53286,0.53757,0.54693
136.75,0.467489,0.00761,0.000241,0.45307,0.46242,0.46714,0.47274,0.48259,2.1e-5,3.0e-5,1.0e-6,0.0,0.0,0.0,3.0e-5,0.00012,0.53249,0.00761,0.000241,0.51741,0.52725,0.53285,0.53757,0.54693,2.1e-5,3.0e-5,1.0e-6,0.0,0.0,0.0,3.0e-5,0.00012,0.532511,0.00761,0.000241,0.51741,0.52726,0.53286,0.53757,0.54693
137.0,0.467488,0.00761,0.000241,0.45307,0.46242,0.46714,0.47273,0.48259,2.1e-5,3.0e-5,1.0e-6,0.0,0.0,0.0,3.0e-5,0.00012,0.532492,0.00761,0.000241,0.51741,0.52725,0.53285,0.53757,0.54693,2.1e-5,3.0e-5,1.0e-6,0.0,0.0,0.0,3.0e-5,0.00012,0.532512,0.00761,0.000241,0.51741,0.52727,0.53286,0.53757,0.54693
137.25,0.467487,0.00761,0.000241,0.45307,0.46242,0.46714,0.47273,0.48259,2.0e-5,3.0e-5,1.0e-6,0.0,0.0,0.0,3.0e-5,0.00012,0.532493,0.00761,0.000241,0.51741,0.52725,0.53285,0.53757,0.54693,2.0e-5,3.0e-5,1.0e-6,0.0,0.0,0.0,3.0e-5,0.00012,0.532513,0.00761,0.000241,0.51741,0.52727,0.53286,0.53757,0.54693
137.5,0.467486,0.00761,0.000241,0.45307,0.46242,0.46714,0.47273,0.48259,2.0e-5,3.0e-5,1.0e-6,0.0,0.0,0.0,3.0e-5,0.00012,0.532494,0.00761,0.000241,0.51741,0.52725,0.53285,0.53757,0.54693,2.0e-5,3.0e-5,1.0e-6,0.0,0.0,0.0,3.0e-5,0.00012,0.532514,0.00761,0.000241,0.51741,0.52727,0.53286,0.53757,0.54693
137.75,0.467485,0.00761,0.000241,0.45307,0.46242,0.46714,0.47273,0.48259,1.9e-5,3.0e-5,1.0e-6,0.0,0.0,0.0,3.0e-5,0.00011,0.532496,0.00761,0.000241,0.51741,0.52725,0.53285,0.53757,0.54693,1.9e-5,3.0e-5,1.0e-6,0.0,0.0,0.0,3.0e-5,0.00011,0.532515,0.00761,0.000241,0.51741,0.52727,0.53286,0.53757,0.54693
138.0,0.467484,0.00761,0.000241,0.45307,0.46242,0.46714,0.47273,0.48259,1.9e-5,3.0e-5,1.0e-6,0.0,0.0,0.0,3.0e-5,0.00011,0.532497,0.00761,0.000241,0.51741,0.52725,0.53285,0.53757,0.54693,1.9e-5,3.0e-5,1.0e-6,0.0,0.0,0.0,3.0e-5,0.00011,0.532516,0.00761,0.000241,0.51741,0.52727,0.53286,0.53757,0.54693
138.25,0.467483,0.00761,0.000241,0.45307,0.46242,0.46714,0.47273,0.48259,1.8e-5,3.0e-5,1.0e-6,0.0,0.0,0.0,3.0e-5,0.00011,0.532498,0.00761,0.000241,0.51741,0.52725,0.53285,0.53757,0.54693,1.8e-5,3.0e-5,1.0e-6,0.0,0.0,0.0,3.0e-5,0.00011,0.532517,0.00761,0.000241,0.51741,0.52727,0.53286,0.53757,0.54693
138.5,0.467483,0.00761,0.000241,0.45307,0.46242,0.46714,0.47273,0.48259,1.8e-5,3.0e-5,1.0e-6,0.0,0.0,0.0,3.0e-5,0.00011,0.532499,0.00761,0.000241,0.51741,0.52725,0.53286,0.53757,0.54693,1.8e-5,3.0e-5,1.0e-6,0.0,0.0,0.0,3.0e-5,0.00011,0.532517,0.00761,0.000241,0.51741,0.52727,0.53286,0.53757,0.54693
138.75,0.467482,0.00761,0.000241,0.45307,0.46242,0.46714,0.47273,0.48259,1.8e-5,3.0e-5,1.0e-6,0.0,0.0,0.0,2.0e-5,0.00011,0.5325,0.00761,0.000241,0.51741,0.52727,0.53286,0.53757,0.54693,1.8e-5,3.0e-5,1.0e-6,0.0,0.0,0.0,2.0e-5,0.00011,0.532518,0.00761,0.000241,0.51741,0.52727,0.53286,0.53757,0.54693
139.0,0.467481,0.00761,0.000241,0.45307,0.46242,0.46714,0.47273,0.48259,1.7e-5,3.0e-5,1.0e-6,0.0,0.0,0.0,2.0e-5,0.00011,0.532501,0.00761,0.000241,0.51741,0.52727,0.53286,0.53757,0.54693,1.7e-5,3.0e-5,1.0e-6,0.0,0.0,0.0,2.0e-5,0.00011,0.532519,0.00761,0.000241,0.51741,0.52727,0.53286,0.53757,0.54693
139.25,0.467481,0.00761,0.000241,0.45307,0.46242,0.46714,0.47273,0.48259,1.7e-5,3.0e-5,1.0e-6,0.0,0.0,0.0,2.0e-5,0.0001,0.532503,0.00761,0.000241,0.51741,0.52727,0.53286,0.53757,0.54693,1.7e-5,3.0e-5,1.0e-6,0.0,0.0,0.0,2.0e-5,0.0001,0.532519,0.00761,0.000241,0.51741,0.52727,0.53286,0.53757,0.54693
139.5,0.46748,0.00761,0.000241,0.45307,0.46242,0.46714,0.47273,0.48259,1.7e-5,3.0e-5,1.0e-6,0.0,0.0,0.0,2.0e-5,0.00011,0.532503,0.00761,0.000241,0.51741,0.52727,0.53286,0.53757,0.54693,1.7e-5,3.0e-5,1.0e-6,0.0,0.0,0.0,2.0e-5,0.00011,0.53252,0.00761,0.000241,0.51741,0.52727,0.53286,0.53757,0.54693
139.75,0.467479,0.00761,0.000241,0.45307,0.46242,0.46714,0.47273,0.48259,1.6e-5,3.0e-5,1.0e-6,0.0,0.0,0.0,2.0e-5,0.00011,0.532504,0.00761,0.000241,0.51741,0.52727,0.53286,0.53757,0.54693,1.6e-5,3.0e-5,1.0e-6,0.0,0.0,0.0,2.0e-5,0.00011,0.532521,0.00761,0.000241,0.51741,0.52727,0.53286,0.53757,0.54693
140.0,0.467478,0.00761,0.000241,0.45307,0.46242,0.46714,0.47273,0.48259,1.6e-5,3.0e-5,1.0e-6,0.0,0.0,0.0,2.0e-5,0.0001,0.532505,0.00761,0.000241,0.51741,0.52727,0.53286,0.53757,0.54693,1.6e-5,3.0e-5,1.0e-6,0.0,0.0,0.0,2.0e-5,0.0001,0.532522,0.00761,0.000241,0.51741,0.52727,0.53286,0.53757,0.54693
140.25,0.467478,0.00761,0.000241,0.45307,0.46242,0.46714,0.47272,0.48259,1.6e-5,3.0e-5,1.0e-6,0.0,0.0,0.0,2.0e-5,0.0001,0.532506,0.00761,0.000241,0.51741,0.52727,0.53286,0.53757,0.54693,1.6e-5,3.0e-5,1.0e-6,0.0,0.0,0.0,2.0e-5,0.0001,0.532522,0.00761,0.000241,0.51741,0.52727,0.53286,0.53757,0.54693
140.5,0.467477,0.00761,0.000241,0.45307,0.46242,0.46714,0.47272,0.48259,1.5e-5,3.0e-5,1.0e-6,0.0,0.0,0.0,2.0e-5,0.00011,0.532507,0.00761,0.000241,0.51741,0.52727,0.53286,0.53757,0.54693,1.5e-5,3.0e-5,1.0e-6,0.0,0.0,0.0,2.0e-5,0.00011,0.532523,0.00761,0.000241,0.51741,0.52727,0.53286,0.53757,0.54693
140.75,0.467476,0.00761,0.000241,0.45307,0.46242,0.46714,0.47272,0.48259,1.5e-5,3.0e-5,1.0e-6,0.0,0.0,0.0,2.0e-5,0.00011,0.532508,0.00761,0.000241,0.51741,0.52727,0.53286,0.53757,0.54693,1.5e-5,3.0e-5,1.0e-6,0.0,0.0,0.0,2.0e-5,0.00011,0.532524,0.00761,0.000241,0.51741,0.52728,0.53286,0.53757,0.54693
141.0,0.467476,0.00761,0.000241,0.45307,0.46242,0.46714,0.47271,0.48259,1.5e-5,3.0e-5,1.0e-6,0.0,0.0,0.0,2.0e-5,9.0e-5,0.532509,0.00761,0.000241,0.51741,0.52727,0.53286,0.53757,0.54693,1.5e-5,3.0e-5,1.0e-6,0.0,0.0,0.0,2.0e-5,9.0e-5,0.532524,0.00761,0.000241,0.51741,0.52729,0.53286,0.53757,0.54693
141.25,0.467475,0.00761,0.000241,0.45307,0.46242,0.46714,0.4727,0.48259,1.4e-5,3.0e-5,1.0e-6,0.0,0.0,0.0,2.0e-5,0.0001,0.53251,0.00761,0.000241,0.51741,0.52727,0.53286,0.53757,0.54693,1.4e-5,3.0e-5,1.0e-6,0.0,0.0,0.0,2.0e-5,0.0001,0.532525,0.00761,0.000241,0.51741,0.5273,0.53286,0.53757,0.54693
141.5,0.467475,0.00761,0.000241,0.45307,0.46242,0.46714,0.4727,0.48259,1.4e-5,3.0e-5,1.0e-6,0.0,0.0,0.0,2.0e-5,0.0001,0.532511,0.00761,0.000241,0.51741,0.52727,0.53286,0.53757,0.54693,1.4e-5,3.0e-5,1.0e-6,0.0,0.0,0.0,2.0e-5,0.0001,0.532525,0.00761,0.000241,0.51741,0.5273,0.53286,0.53757,0.54693
141.75,0.467474,0.00761,0.000241,0.45307,0.46242,0.46714,0.4727,0.48259,1.4e-5,3.0e-5,1.0e-6,0.0,0.0,0.0,2.0e-5,0.0001,0.532512,0.00761,0.000241,0.51741,0.52727,0.53286,0.53757,0.54693,1.4e-5,3.0e-5,1.0e-6,0.0,0.0,0.0,2.0e-5,0.0001,0.532526,0.00761,0.000241,0.51741,0.5273,0.53286,0.53757,0.54693
142.0,0.467474,0.00761,0.000241,0.45307,0.46242,0.46714,0.4727,0.48259,1.4e-5,3.0e-5,1.0e-6,0.0,0.0,0.0,1.0e-5,0.0001,0.532513,0.00761,0.000241,0.51741,0.52727,0.53286,0.53757,0.54693,1.4e-5,3.0e-5,1.0e-6,0.0,0.0,0.0,1.0e-5,0.0001,0.532526,0.00761,0.000241,0.51741,0.5273,0.53286,0.53757,0.54693
142.25,0.467473,0.00761,0.000241,0.45307,0.46242,0.46714,0.4727,0.48259,1.3e-5,3.0e-5,1.0e-6,0.0,0.0,0.0,1.0e-5,0.0001,0.532514,0.00761,0.000241,0.51741,0.52728,0.53286,0.53757,0.54693,1.3e-5,3.0e-5,1.0e-6,0.0,0.0,0.0,1.0e-5,0.0001,0.532527,0.00761,0.000241,0.51741,0.5273,0.53286,0.53757,0.54693
142.5,0.467473,0.00761,0.000241,0.45307,0.46242,0.46714,0.4727,0.48259,1.3e-5,3.0e-5,1.0e-6,0.0,0.0,0.0,1.0e-5,0.0001,0.532514,0.00761,0.000241,0.51741,0.52728,0.53286,0.53757,0.54693,1.3e-5,3.0e-5,1.0e-6,0.0,0.0,0.0,1.0e-5,0.0001,0.532527,0.00761,0.000241,0.51741,0.5273,0.53286,0.53757,0.54693
142.75,0.467472,0.00761,0.000241,0.45307,0.46242,0.46714,0.4727,0.48259,1.3e-5,3.0e-5,1.0e-6,0.0,0.0,0.0,1.0e-5,0.0001,0.532515,0.00761,0.000241,0.51741,0.52728,0.53286,0.53757,0.54693,1.3e-5,3.0e-5,1.0e-6,0.0,0.0,0.0,1.0e-5,0.0001,0.532528,0.00761,0.000241,0.51741,0.5273,0.53286,0.53757,0.54693
143.0,0.467472,0.00761,0.000241,0.45307,0.46242,0.46714,0.4727,0.48259,1.2e-5,3.0e-5,1.0e-6,0.0,0.0,0.0,1.0e-5,9.0e-5,0.532516,0.00761,0.000241,0.51741,0.52728,0.53286,0.53757,0.54693,1.2e-5,3.0e-5,1.0e-6,0.0,0.0,0.0,1.0e-5,9.0e-5,0.532528,0.00761,0.000241,0.51741,0.5273,0.53286,0.53757,0.54693
143.25,0.467471,0.00761,0.000241,0.45307,0.46242,0.46714,0.4727,0.48259,1.2e-5,3.0e-5,1.0e-6,0.0,0.0,0.0,1.0e-5,9.0e-5,0.532517,0.00761,0.000241,0.51741,0.52728,0.53286,0.53757,0.54693,1.2e-5,3.0e-5,1.0e-6,0.0,0.0,0.0,1.0e-5,9.0e-5,0.532529,0.00761,0.000241,0.51741,0.5273,0.53286,0.53757,0.54693
143.5,0.467471,0.00761,0.000241,0.45307,0.46242,0.46714,0.4727,0.48259,1.2e-5,3.0e-5,1.0e-6,0.0,0.0,0.0,1.0e-5,9.0e-5,0.532518,0.00761,0.000241,0.51741,0.52728,0.53286,0.53757,0.54693,1.2e-5,3.0e-5,1.0e-6,0.0,0.0,0.0,1.0e-5,9.0e-5,0.532529,0.00761,0.000241,0.51741,0.5273,0.53286,0.53757,0.54693
143.75,0.46747,0.00761,0.000241,0.45307,0.46242,0.46714,0.4727,0.48259,1.2e-5,3.0e-5,1.0e-6,0.0,0.0,0.0,1.0e-5,9.0e-5,0.532518,0.00761,0.000241,0.51741,0.52728,0.53286,0.53757,0.54693,1.2e-5,3.0e-5,1.0e-6,0.0,0.0,0.0,1.0e-5,9.0e-5,0.53253,0.00761,0.000241,0.51741,0.5273,0.53286,0.53757,0.54693
144.0,0.46747,0.00761,0.000241,0.45307,0.46242,0.46714,0.4727,0.48259,1.1e-5,2.0e-5,1.0e-6,0.0,0.0,0.0,1.0e-5,8.0e-5,0.532519,0.00761,0.000241,0.51741,0.52728,0.53286,0.53757,0.54693,1.1e-5,2.0e-5,1.0e-6,0.0,0.0,0.0,1.0e-5,8.0e-5,0.53253,0.00761,0.000241,0.51741,0.5273,0.53286,0.53757,0.54693
144.25,0.467469,0.00761,0.000241,0.45307,0.46242,0.46714,0.4727,0.48259,1.1e-5,2.0e-5,1.0e-6,0.0,0.0,0.0,1.0e-5,8.0e-5,0.53252,0.00761,0.000241,0.51741,0.5273,0.53286,0.53757,0.54693,1.1e-5,2.0e-5,1.0e-6,0.0,0.0,0.0,1.0e-5,8.0e-5,0.532531,0.00761,0.000241,0.51741,0.5273,0.53286,0.53757,0.54693
144.5,0.467469,0.00761,0.000241,0.45307,0.46242,0.46714,0.4727,0.48259,1.1e-5,2.0e-5,1.0e-6,0.0,0.0,0.0,1.0e-5,8.0e-5,0.53252,0.00761,0.000241,0.51741,0.5273,0.53286,0.53757,0.54693,1.1e-5,2.0e-5,1.0e-6,0.0,0.0,0.0,1.0e-5,8.0e-5,0.532531,0.00761,0.000241,0.51741,0.5273,0.53286,0.53757,0.54693
144.75,0.467468,0.00761,0.000241,0.45307,0.46242,0.46714,0.4727,0.48259,1.0e-5,2.0e-5,1.0e-6,0.0,0.0,0.0,1.0e-5,8.0e-5,0.532521,0.00761,0.000241,0.51741,0.5273,0.53286,0.53757,0.54693,1.0e-5,2.0e-5,1.0e-6,0.0,0.0,0.0,1.0e-5,8.0e-5,0.532532,0.00761,0.000241,0.51741,0.5273,0.53286,0.53757,0.54693
145.0,0.467468,0.00761,0.000241,0.45307,0.46242,0.46714,0.4727,0.48259,1.0e-5,2.0e-5,1.0e-6,0.0,0.0,0.0,1.0e-5,8.0e-5,0.532522,0.00761,0.000241,0.51741,0.5273,0.53286,0.53757,0.54693,1.0e-5,2.0e-5,1.0e-6,0.0,0.0,0.0,1.0e-5,8.0e-5,0.532532,0.00761,0.000241,0.51741,0.5273,0.53286,0.53757,0.54693
145.25,0.467468,0.00761,0.000241,0.45307,0.46242,0.46714,0.4727,0.48259,1.0e-5,2.0e-5,1.0e-6,0.0,0.0,0.0,1.0e-5,9.0e-5,0.532522,0.00761,0.000241,0.51741,0.5273,0.53286,0.53757,0.54693,1.0e-5,2.0e-5,1.0e-6,0.0,0.0,0.0,1.0e-5,9.0e-5,0.532532,0.00761,0.000241,0.51741,0.5273,0.53286,0.53757,0.54693
145.5,0.467467,0.00761,0.000241,0.45307,0.46242,0.46714,0.4727,0.48259,1.0e-5,2.0e-5,1.0e-6,0.0,0.0,0.0,1.0e-5,8.0e-5,0.532523,0.00761,0.000241,0.51741,0.5273,0.53286,0.53757,0.54693,1.0e-5,2.0e-5,1.0e-6,0.0,0.0,0.0,1.0e-5,8.0e-5,0.532533,0.00761,0.000241,0.51741,0.5273,0.53286,0.53757,0.54693
145.75,0.467467,0.00761,0.000241,0.45307,0.46242,0.46714,0.4727,0.48259,1.0e-5,2.0e-5,1.0e-6,0.0,0.0,0.0,1.0e-5,9.0e-5,0.532524,0.00761,0.000241,0.51741,0.5273,0.53286,0.53757,0.54693,1.0e-5,2.0e-5,1.0e-6,0.0,0.0,0.0,1.0e-5,9.0e-5,0.532533,0.00761,0.000241,0.51741,0.5273,0.53286,0.53757,0.54693
146.0,0.467466,0.00761,0.000241,0.45307,0.46242,0.46714,0.4727,0.48259,1.0e-5,2.0e-5,1.0e-6,0.0,0.0,0.0,1.0e-5,9.0e-5,0.532524,0.00761,0.000241,0.51741,0.5273,0.53286,0.53757,0.54693,1.0e-5,2.0e-5,1.0e-6,0.0,0.0,0.0,1.0e-5,9.0e-5,0.532534,0.00761,0.000241,0.51741,0.5273,0.53286,0.53757,0.54693
146.25,0.467466,0.00761,0.000241,0.45307,0.46242,0.46714,0.4727,0.48259,9.0e-6,2.0e-5,1.0e-6,0.0,0.0,0.0,0.0,9.0e-5,0.532525,0.00761,0.000241,0.51741,0.5273,0.53286,0.53757,0.54693,9.0e-6,2.0e-5,1.0e-6,0.0,0.0,0.0,0.0,9.0e-5,0.532534,0.00761,0.000241,0.51741,0.5273,0.53286,0.53757,0.54693
146.5,0.467466,0.00761,0.000241,0.45307,0.46242,0.46714,0.4727,0.48259,9.0e-6,2.0e-5,1.0e-6,0.0,0.0,0.0,0.0,8.0e-5,0.532525,0.00761,0.000241,0.51741,0.5273,0.53286,0.53757,0.54693,9.0e-6,2.0e-5,1.0e-6,0.0,0.0,0.0,0.0,8.0e-5,0.532534,0.00761,0.000241,0.51741,0.5273,0.53286,0.53757,0.54693
146.75,0.467465,0.00761,0.000241,0.45307,0.46242,0.46714,0.4727,0.48259,9.0e-6,2.0e-5,1.0e-6,0.0,0.0,0.0,0.0,8.0e-5,0.532526,0.00761,0.000241,0.51741,0.5273,0.53286,0.53757,0.54693,9.0e-6,2.0e-5,1.0e-6,0.0,0.0,0.0,0.0,8.0e-5,0.532535,0.00761,0.000241,0.51741,0.5273,0.53286,0.53757,0.54693
147.0,0.467465,0.00761,0.000241,0.45307,0.46242,0.46714,0.4727,0.48259,9.0e-6,2.0e-5,1.0e-6,0.0,0.0,0.0,0.0,8.0e-5,0.532526,0.00761,0.000241,0.51741,0.5273,0.53286,0.53757,0.54693,9.0e-6,2.0e-5,1.0e-6,0.0,0.0,0.0,0.0,8.0e-5,0.532535,0.00761,0.000241,0.51741,0.5273,0.53286,0.53757,0.54693
147.25,0.467465,0.00761,0.00024,0.45307,0.46242,0.46714,0.4727,0.48259,9.0e-6,2.0e-5,1.0e-6,0.0,0.0,0.0,0.0,8.0e-5,0.532527,0.00761,0.000241,0.51741,0.5273,0.53286,0.53757,0.54693,9.0e-6,2.0e-5,1.0e-6,0.0,0.0,0.0,0.0,8.0e-5,0.532535,0.00761,0.00024,0.51741,0.5273,0.53286,0.53757,0.54693
147.5,0.467464,0.00761,0.00024,0.45307,0.46242,0.46714,0.4727,0.48259,8.0e-6,2.0e-5,1.0e-6,0.0,0.0,0.0,0.0,8.0e-5,0.532527,0.00761,0.000241,0.51741,0.5273,0.53286,0.53757,0.54693,8.0e-6,2.0e-5,1.0e-6,0.0,0.0,0.0,0.0,8.0e-5,0.532536,0.00761,0.00024,0.51741,0.5273,0.53286,0.53757,0.54693
147.75,0.467464,0.00761,0.00024,0.45307,0.46242,0.46714,0.4727,0.48259,8.0e-6,2.0e-5,1.0e-6,0.0,0.0,0.0,0.0,8.0e-5,0.532528,0.00761,0.000241,0.51741,0.5273,0.53286,0.53757,0.54693,8.0e-6,2.0e-5,1.0e-6,0.0,0.0,0.0,0.0,8.0e-5,0.532536,0.00761,0.00024,0.51741,0.5273,0.53286,0.53757,0.54693
148.0,0.467463,0.00761,0.00024,0.45307,0.46242,0.46714,0.4727,0.48259,8.0e-6,2.0e-5,1.0e-6,0.0,0.0,0.0,0.0,8.0e-5,0.532529,0.00761,0.000241,0.51741,0.5273,0.53286,0.53757,0.54693,8.0e-6,2.0e-5,1.0e-6,0.0,0.0,0.0,0.0,8.0e-5,0.532537,0.00761,0.00024,0.51741,0.5273,0.53286,0.53757,0.54693
148.25,0.467463,0.0076,0.00024,0.45307,0.46242,0.46714,0.4727,0.48259,8.0e-6,2.0e-5,1.0e-6,0.0,0.0,0.0,0.0,8.0e-5,0.532529,0.00761,0.000241,0.51741,0.5273,0.53286,0.53757,0.54693,8.0e-6,2.0e-5,1.0e-6,0.0,0.0,0.0,0.0,8.0e-5,0.532537,0.0076,0.00024,0.51741,0.5273,0.53286,0.53757,0.54693
148.5,0.467463,0.0076,0.00024,0.45307,0.46242,0.46714,0.4727,0.48259,8.0e-6,2.0e-5,1.0e-6,0.0,0.0,0.0,0.0,8.0e-5,0.532529,0.00761,0.000241,0.51741,0.5273,0.53286,0.53757,0.54693,8.0e-6,2.0e-5,1.0e-6,0.0,0.0,0.0,0.0,8.0e-5,0.532537,0.0076,0.00024,0.51741,0.5273,0.53286,0.53757,0.54693
148.75,0.467463,0.0076,0.00024,0.45307,0.46242,0.46714,0.4727,0.48259,7.0e-6,2.0e-5,1.0e-6,0.0,0.0,0.0,0.0,8.0e-5,0.53253,0.00761,0.000241,0.51741,0.5273,0.53286,0.53757,0.54693,7.0e-6,2.0e-5,1.0e-6,0.0,0.0,0.0,0.0,8.0e-5,0.532537,0.0076,0.00024,0.51741,0.5273,0.53286,0.53757,0.54693
149.0,0.467462,0.0076,0.00024,0.45307,0.46242,0.46714,0.4727,0.48259,7.0e-6,2.0e-5,1.0e-6,0.0,0.0,0.0,0.0,7.0e-5,0.53253,0.00761,0.000241,0.51741,0.5273,0.53286,0.53757,0.54693,7.0e-6,2.0e-5,1.0e-6,0.0,0.0,0.0,0.0,7.0e-5,0.532538,0.0076,0.00024,0.51741,0.5273,0.53286,0.53757,0.54693
149.25,0.467462,0.0076,0.00024,0.45307,0.46242,0.46714,0.4727,0.48259,7.0e-6,2.0e-5,1.0e-6,0.0,0.0,0.0,0.0,7.0e-5,0.532531,0.00761,0.000241,0.51741,0.5273,0.53286,0.53757,0.54693,7.0e-6,2.0e-5,1.0e-6,0.0,0.0,0.0,0.0,7.0e-5,0.532538,0.0076,0.00024,0.51741,0.5273,0.53286,0.53757,0.54693
149.5,0.467462,0.0076,0.00024,0.45307,0.46242,0.46714,0.4727,0.48259,7.0e-6,2.0e-5,1.0e-6,0.0,0.0,0.0,0.0,7.0e-5,0.532531,0.00761,0.000241,0.51741,0.5273,0.53286,0.53757,0.54693,7.0e-6,2.0e-5,1.0e-6,0.0,0.0,0.0,0.0,7.0e-5,0.532538,0.0076,0.00024,0.51741,0.5273,0.53286,0.53757,0.54693
149.75,0.467461,0.0076,0.00024,0.45307,0.46242,0.46714,0.4727,0.48259,7.0e-6,2.0e-5,1.0e-6,0.0,0.0,0.0,0.0,7.0e-5,0.532532,0.00761,0.000241,0.51741,0.5273,0.53286,0.53757,0.54693,7.0e-6,2.0e-5,1.0e-6,0.0,0.0,0.0,0.0,7.0e-5,0.532539,0.0076,0.00024,0.51741,0.5273,0.53286,0.53757,0.54693
150.0,0.467461,0.0076,0.00024,0.45307,0.46242,0.46714,0.4727,0.48259,7.0e-6,2.0e-5,1.0e-6,0.0,0.0,0.0,0.0,7.0e-5,0.532532,0.00761,0.000241,0.51741,0.5273,0.53286,0.53757,0.54693,7.0e-6,2.0e-5,1.0e-6,0.0,0.0,0.0,0.0,7.0e-5,0.532539,0.0076,0.00024,0.51741,0.5273,0.53286,0.53757,0.54693
150.25,0.467461,0.0076,0.00024,0.45307,0.46242,0.46714,0.4727,0.48259,7.0e-6,2.0e-5,1.0e-6,0.0,0.0,0.0,0.0,7.0e-5,0.532532,0.00761,0.000241,0.51741,0.5273,0.53286,0.53757,0.54693,7.0e-6,2.0e-5,1.0e-6,0.0,0.0,0.0,0.0,7.0e-5,0.532539,0.0076,0.00024,0.51741,0.5273,0.53286,0.53757,0.54693
150.5,0.46746,0.0076,0.00024,0.45307,0.46242,0.46714,0.4727,0.48259,7.0e-6,2.0e-5,1.0e-6,0.0,0.0,0.0,0.0,8.0e-5,0.532533,0.00761,0.000241,0.51741,0.5273,0.53286,0.53757,0.54693,7.0e-6,2.0e-5,1.0e-6,0.0,0.0,0.0,0.0,8.0e-5,0.53254,0.0076,0.00024,0.51741,0.5273,0.53286,0.53757,0.54693
150.75,0.46746,0.0076,0.00024,0.45307,0.46242,0.46714,0.4727,0.48259,7.0e-6,2.0e-5,1.0e-6,0.0,0.0,0.0,0.0,7.0e-5,0.532533,0.00761,0.000241,0.51741,0.5273,0.53286,0.53757,0.54693,7.0e-6,2.0e-5,1.0e-6,0.0,0.0,0.0,0.0,7.0e-5,0.53254,0.0076,0.00024,0.51741,0.5273,0.53286,0.53757,0.54693
151.0,0.46746,0.0076,0.00024,0.45307,0.46242,0.46714,0.4727,0.48259,7.0e-6,2.0e-5,1.0e-6,0.0,0.0,0.0,0.0,7.0e-5,0.532534,0.00761,0.000241,0.51741,0.5273,0.53286,0.53757,0.54693,7.0e-6,2.0e-5,1.0e-6,0.0,0.0,0.0,0.0,7.0e-5,0.53254,0.0076,0.00024,0.51741,0.5273,0.53286,0.53757,0.54693
151.25,0.467459,0.0076,0.00024,0.45307,0.46242,0.46714,0.4727,0.48259,7.0e-6,2.0e-5,1.0e-6,0.0,0.0,0.0,0.0,7.0e-5,0.532534,0.00761,0.000241,0.51741,0.5273,0.53286,0.53757,0.54693,7.0e-6,2.0e-5,1.0e-6,0.0,0.0,0.0,0.0,7.0e-5,0.532541,0.0076,0.00024,0.51741,0.5273,0.53286,0.53757,0.54693
151.5,0.467459,0.0076,0.00024,0.45307,0.46242,0.46714,0.4727,0.48259,7.0e-6,2.0e-5,1.0e-6,0.0,0.0,0.0,0.0,7.0e-5,0.532534,0.00761,0.00024,0.51741,0.5273,0.53286,0.53757,0.54693,7.0e-6,2.0e-5,1.0e-6,0.0,0.0,0.0,0.0,7.0e-5,0.532541,0.0076,0.00024,0.51741,0.5273,0.53286,0.53757,0.54693
151.75,0.467459,0.0076,0.00024,0.45307,0.46242,0.46714,0.4727,0.48259,6.0e-6,2.0e-5,1.0e-6,0.0,0.0,0.0,0.0,7.0e-5,0.532535,0.00761,0.00024,0.51741,0.5273,0.53286,0.53757,0.54693,6.0e-6,2.0e-5,1.0e-6,0.0,0.0,0.0,0.0,7.0e-5,0.532541,0.0076,0.00024,0.51741,0.5273,0.53286,0.53757,0.54693
152.0,0.467459,0.0076,0.00024,0.45307,0.46242,0.46714,0.4727,0.48259,6.0e-6,2.0e-5,1.0e-6,0.0,0.0,0.0,0.0,7.0e-5,0.532535,0.00761,0.00024,0.51741,0.5273,0.53286,0.53757,0.54693,6.0e-6,2.0e-5,1.0e-6,0.0,0.0,0.0,0.0,7.0e-5,0.532541,0.0076,0.00024,0.51741,0.5273,0.53286,0.53757,0.54693
152.25,0.467458,0.0076,0.00024,0.45307,0.46242,0.46714,0.4727,0.48259,6.0e-6,2.0e-5,1.0e-6,0.0,0.0,0.0,0.0,7.0e-5,0.532536,0.0076,0.00024,0.51741,0.5273,0.53286,0.53757,0.54693,6.0e-6,2.0e-5,1.0e-6,0.0,0.0,0.0,0.0,7.0e-5,0.532542,0.0076,0.00024,0.51741,0.5273,0.53286,0.53757,0.54693
152.5,0.467458,0.0076,0.00024,0.45307,0.46242,0.46714,0.4727,0.48259,6.0e-6,2.0e-5,1.0e-6,0.0,0.0,0.0,0.0,7.0e-5,0.532536,0.0076,0.00024,0.51741,0.5273,0.53286,0.53757,0.54693,6.0e-6,2.0e-5,1.0e-6,0.0,0.0,0.0,0.0,7.0e-5,0.532542,0.0076,0.00024,0.51741,0.5273,0.53286,0.53757,0.54693
152.75,0.467458,0.0076,0.00024,0.45307,0.46242,0.46714,0.4727,0.48259,6.0e-6,2.0e-5,1.0e-6,0.0,0.0,0.0,0.0,7.0e-5,0.532536,0.0076,0.00024,0.51741,0.5273,0.53286,0.53757,0.54693,6.0e-6,2.0e-5,1.0e-6,0.0,0.0,0.0,0.0,7.0e-5,0.532542,0.0076,0.00024,0.51741,0.5273,0.53286,0.53757,0.54693
153.0,0.467458,0.0076,0.00024,0.45307,0.46242,0.46714,0.4727,0.48259,6.0e-6,2.0e-5,1.0e-6,0.0,0.0,0.0,0.0,7.0e-5,0.532537,0.0076,0.00024,0.51741,0.5273,0.53286,0.53757,0.54693,6.0e-6,2.0e-5,1.0e-6,0.0,0.0,0.0,0.0,7.0e-5,0.532542,0.0076,0.00024,0.51741,0.5273,0.53286,0.53757,0.54693
153.25,0.467457,0.0076,0.00024,0.45307,0.46242,0.46714,0.4727,0.48259,5.0e-6,2.0e-5,1.0e-6,0.0,0.0,0.0,0.0,6.0e-5,0.532537,0.0076,0.00024,0.51741,0.5273,0.53286,0.53757,0.54693,5.0e-6,2.0e-5,1.0e-6,0.0,0.0,0.0,0.0,6.0e-5,0.532543,0.0076,0.00024,0.51741,0.5273,0.53286,0.53757,0.54693
153.5,0.467457,0.0076,0.00024,0.45307,0.46242,0.46714,0.4727,0.48259,5.0e-6,2.0e-5,1.0e-6,0.0,0.0,0.0,0.0,6.0e-5,0.532538,0.0076,0.00024,0.51741,0.5273,0.53286,0.53757,0.54693,5.0e-6,2.0e-5,1.0e-6,0.0,0.0,0.0,0.0,6.0e-5,0.532543,0.0076,0.00024,0.51741,0.5273,0.53286,0.53757,0.54693
153.75,0.467457,0.0076,0.00024,0.45307,0.46242,0.46714,0.4727,0.48259,5.0e-6,2.0e-5,1.0e-6,0.0,0.0,0.0,0.0,5.0e-5,0.532538,0.0076,0.00024,0.51741,0.5273,0.53286,0.53757,0.54693,5.0e-6,2.0e-5,1.0e-6,0.0,0.0,0.0,0.0,5.0e-5,0.532543,0.0076,0.00024,0.51741,0.5273,0.53286,0.53757,0.54693
154.0,0.467457,0.0076,0.00024,0.45307,0.46242,0.46714,0.4727,0.48259,5.0e-6,2.0e-5,1.0e-6,0.0,0.0,0.0,0.0,5.0e-5,0.532538,0.0076,0.00024,0.51741,0.5273,0.53286,0.53757,0.54693,5.0e-6,2.0e-5,1.0e-6,0.0,0.0,0.0,0.0,5.0e-5,0.532543,0.0076,0.00024,0.51741,0.5273,0.53286,0.53757,0.54693
154.25,0.467456,0.0076,0.00024,0.45307,0.46242,0.46714,0.4727,0.48259,5.0e-6,2.0e-5,1.0e-6,0.0,0.0,0.0,0.0,5.0e-5,0.532538,0.0076,0.00024,0.51741,0.5273,0.53286,0.53757,0.54693,5.0e-6,2.0e-5,1.0e-6,0.0,0.0,0.0,0.0,5.0e-5,0.532544,0.0076,0.00024,0.51741,0.5273,0.53286,0.53757,0.54693
154.5,0.467456,0.0076,0.00024,0.45307,0.46242,0.46714,0.4727,0.48259,5.0e-6,2.0e-5,1.0e-6,0.0,0.0,0.0,0.0,5.0e-5,0.532539,0.0076,0.00024,0.51741,0.5273,0.53286,0.53757,0.54693,5.0e-6,2.0e-5,1.0e-6,0.0,0.0,0.0,0.0,5.0e-5,0.532544,0.0076,0.00024,0.51741,0.5273,0.53286,0.53757,0.54693
154.75,0.467456,0.0076,0.00024,0.45307,0.46242,0.46714,0.4727,0.48259,5.0e-6,2.0e-5,1.0e-6,0.0,0.0,0.0,0.0,5.0e-5,0.532539,0.0076,0.00024,0.51741,0.5273,0.53286,0.53757,0.54693,5.0e-6,2.0e-5,1.0e-6,0.0,0.0,0.0,0.0,5.0e-5,0.532544,0.0076,0.00024,0.51741,0.5273,0.53286,0.53757,0.54693
155.0,0.467456,0.0076,0.00024,0.45307,0.46242,0.46714,0.4727,0.48259,5.0e-6,2.0e-5,1.0e-6,0.0,0.0,0.0,0.0,6.0e-5,0.532539,0.0076,0.00024,0.51741,0.5273,0.53286,0.53757,0.54693,5.0e-6,2.0e-5,1.0e-6,0.0,0.0,0.0,0.0,6.0e-5,0.532544,0.0076,0.00024,0.51741,0.5273,0.53286,0.53757,0.54693
155.25,0.467455,0.0076,0.00024,0.45307,0.46242,0.46714,0.4727,0.48259,5.0e-6,2.0e-5,1.0e-6,0.0,0.0,0.0,0.0,5.0e-5,0.53254,0.0076,0.00024,0.51741,0.5273,0.53286,0.53757,0.54693,5.0e-6,2.0e-5,1.0e-6,0.0,0.0,0.0,0.0,5.0e-5,0.532545,0.0076,0.00024,0.51741,0.5273,0.53286,0.53757,0.54693
155.5,0.467455,0.0076,0.00024,0.45307,0.46242,0.46714,0.4727,0.48259,5.0e-6,2.0e-5,1.0e-6,0.0,0.0,0.0,0.0,5.0e-5,0.53254,0.0076,0.00024,0.51741,0.5273,0.53286,0.53757,0.54693,5.0e-6,2.0e-5,1.0e-6,0.0,0.0,0.0,0.0,5.0e-5,0.532545,0.0076,0.00024,0.51741,0.5273,0.53286,0.53757,0.54693
155.75,0.467455,0.0076,0.00024,0.45307,0.46242,0.46714,0.4727,0.48259,5.0e-6,2.0e-5,1.0e-6,0.0,0.0,0.0,0.0,6.0e-5,0.53254,0.0076,0.00024,0.51741,0.5273,0.53286,0.53757,0.54693,5.0e-6,2.0e-5,1.0e-6,0.0,0.0,0.0,0.0,6.0e-5,0.532545,0.0076,0.00024,0.51741,0.5273,0.53286,0.53757,0.54693
156.0,0.467455,0.0076,0.00024,0.45307,0.46242,0.46714,0.4727,0.48259,4.0e-6,2.0e-5,0.0,0.0,0.0,0.0,0.0,6.0e-5,0.532541,0.0076,0.00024,0.51741,0.5273,0.53286,0.53757,0.54693,4.0e-6,2.0e-5,0.0,0.0,0.0,0.0,0.0,6.0e-5,0.532545,0.0076,0.00024,0.51741,0.5273,0.53286,0.53757,0.54693
156.25,0.467455,0.0076,0.00024,0.45307,0.46242,0.46714,0.4727,0.48259,4.0e-6,2.0e-5,0.0,0.0,0.0,0.0,0.0,6.0e-5,0.532541,0.0076,0.00024,0.51741,0.5273,0.53286,0.53757,0.54693,4.0e-6,2.0e-5,0.0,0.0,0.0,0.0,0.0,6.0e-5,0.532545,0.0076,0.00024,0.51741,0.5273,0.53286,0.53757,0.54693
156.5,0.467455,0.0076,0.00024,0.45307,0.46242,0.46714,0.4727,0.48259,4.0e-6,2.0e-5,0.0,0.0,0.0,0.0,0.0,5.0e-5,0.532541,0.0076,0.00024,0.51741,0.5273,0.53286,0.53757,0.54693,4.0e-6,2.0e-5,0.0,0.0,0.0,0.0,0.0,5.0e-5,0.532545,0.0076,0.00024,0.51741,0.5273,0.53286,0.53757,0.54693
156.75,0.467455,0.0076,0.00024,0.45307,0.46242,0.46714,0.4727,0.48259,4.0e-6,2.0e-5,0.0,0.0,0.0,0.0,0.0,5.0e-5,0.532541,0.0076,0.00024,0.51741,0.5273,0.53286,0.53757,0.54693,4.0e-6,2.0e-5,0.0,0.0,0.0,0.0,0.0,5.0e-5,0.532545,0.0076,0.00024,0.51741,0.5273,0.53286,0.53757,0.54693
157.0,0.467454,0.0076,0.00024,0.45307,0.46242,0.46714,0.4727,0.48259,4.0e-6,1.0e-5,0.0,0.0,0.0,0.0,0.0,5.0e-5,0.532542,0.0076,0.00024,0.51741,0.5273,0.53286,0.53757,0.54693,4.0e-6,1.0e-5,0.0,0.0,0.0,0.0,0.0,5.0e-5,0.532546,0.0076,0.00024,0.51741,0.5273,0.53286,0.53757,0.54693
157.25,0.467454,0.0076,0.00024,0.45307,0.46242,0.46714,0.4727,0.48259,4.0e-6,1.0e-5,0.0,0.0,0.0,0.0,0.0,5.0e-5,0.532542,0.0076,0.00024,0.51741,0.5273,0.53286,0.53757,0.54693,4.0e-6,1.0e-5,0.0,0.0,0.0,0.0,0.0,5.0e-5,0.532546,0.0076,0.00024,0.51741,0.5273,0.53286,0.53757,0.54693
157.5,0.467454,0.0076,0.00024,0.45307,0.46242,0.46714,0.4727,0.48259,4.0e-6,1.0e-5,0.0,0.0,0.0,0.0,0.0,5.0e-5,0.532542,0.0076,0.00024,0.51741,0.5273,0.53286,0.53757,0.54693,4.0e-6,1.0e-5,0.0,0.0,0.0,0.0,0.0,5.0e-5,0.532546,0.0076,0.00024,0.51741,0.5273,0.53286,0.53757,0.54693
157.75,0.467454,0.0076,0.00024,0.45307,0.46242,0.46714,0.4727,0.48259,4.0e-6,1.0e-5,0.0,0.0,0.0,0.0,0.0,5.0e-5,0.532542,0.0076,0.00024,0.51741,0.5273,0.53286,0.53757,0.54693,4.0e-6,1.0e-5,0.0,0.0,0.0,0.0,0.0,5.0e-5,0.532546,0.0076,0.00024,0.51741,0.5273,0.53286,0.53757,0.54693
158.0,0.467454,0.0076,0.00024,0.45307,0.46242,0.46714,0.4727,0.48259,4.0e-6,1.0e-5,0.0,0.0,0.0,0.0,0.0,5.0e-5,0.532542,0.0076,0.00024,0.51741,0.5273,0.53286,0.53757,0.54693,4.0e-6,1.0e-5,0.0,0.0,0.0,0.0,0.0,5.0e-5,0.532546,0.0076,0.00024,0.51741,0.5273,0.53286,0.53757,0.54693
158.25,0.467454,0.0076,0.00024,0.45307,0.46242,0.46714,0.4727,0.48259,4.0e-6,1.0e-5,0.0,0.0,0.0,0.0,0.0,5.0e-5,0.532543,0.0076,0.00024,0.51741,0.5273,0.53286,0.53757,0.54693,4.0e-6,1.0e-5,0.0,0.0,0.0,0.0,0.0,5.0e-5,0.532546,0.0076,0.00024,0.51741,0.5273,0.53286,0.53757,0.54693
158.5,0.467454,0.0076,0.00024,0.45307,0.46242,0.46714,0.4727,0.48259,3.0e-6,1.0e-5,0.0,0.0,0.0,0.0,0.0,4.0e-5,0.532543,0.0076,0.00024,0.51741,0.5273,0.53286,0.53757,0.54693,3.0e-6,1.0e-5,0.0,0.0,0.0,0.0,0.0,4.0e-5,0.532546,0.0076,0.00024,0.51741,0.5273,0.53286,0.53757,0.54693
158.75,0.467453,0.0076,0.00024,0.45307,0.46242,0.46714,0.4727,0.48259,3.0e-6,1.0e-5,0.0,0.0,0.0,0.0,0.0,4.0e-5,0.532543,0.0076,0.00024,0.51741,0.5273,0.53286,0.53757,0.54693,3.0e-6,1.0e-5,0.0,0.0,0.0,0.0,0.0,4.0e-5,0.532547,0.0076,0.00024,0.51741,0.5273,0.53286,0.53757,0.54693
159.0,0.467453,0.0076,0.00024,0.45307,0.46242,0.46714,0.4727,0.48259,3.0e-6,1.0e-5,0.0,0.0,0.0,0.0,0.0,4.0e-5,0.532544,0.0076,0.00024,0.51741,0.5273,0.53286,0.53757,0.54693,3.0e-6,1.0e-5,0.0,0.0,0.0,0.0,0.0,4.0e-5,0.532547,0.0076,0.00024,0.51741,0.5273,0.53286,0.53757,0.54693
159.25,0.467453,0.0076,0.00024,0.45307,0.46242,0.46714,0.4727,0.48259,3.0e-6,1.0e-5,0.0,0.0,0.0,0.0,0.0,4.0e-5,0.532544,0.0076,0.00024,0.51741,0.5273,0.53286,0.53757,0.54693,3.0e-6,1.0e-5,0.0,0.0,0.0,0.0,0.0,4.0e-5,0.532547,0.0076,0.00024,0.51741,0.5273,0.53286,0.53757,0.54693
159.5,0.467453,0.0076,0.00024,0.45307,0.46242,0.46714,0.4727,0.48259,3.0e-6,1.0e-5,0.0,0.0,0.0,0.0,0.0,4.0e-5,0.532544,0.0076,0.00024,0.51741,0.5273,0.53286,0.53757,0.54693,3.0e-6,1.0e-5,0.0,0.0,0.0,0.0,0.0,4.0e-5,0.532547,0.0076,0.00024,0.51741,0.5273,0.53286,0.53757,0.54693
159.75,0.467453,0.0076,0.00024,0.45307,0.46242,0.46714,0.4727,0.48259,3.0e-6,1.0e-5,0.0,0.0,0.0,0.0,0.0,4.0e-5,0.532544,0.0076,0.00024,0.51741,0.5273,0.53286,0.53757,0.54693,3.0e-6,1.0e-5,0.0,0.0,0.0,0.0,0.0,4.0e-5,0.532547,0.0076,0.00024,0.51741,0.5273,0.53286,0.53757,0.54693
160.0,0.467453,0.0076,0.00024,0.45307,0.46242,0.46714,0.4727,0.48259,3.0e-6,1.0e-5,0.0,0.0,0.0,0.0,0.0,3.0e-5,0.532544,0.0076,0.00024,0.51741,0.5273,0.53286,0.53757,0.54693,3.0e-6,1.0e-5,0.0,0.0,0.0,0.0,0.0,3.0e-5,0.532547,0.0076,0.00024,0.51741,0.5273,0.53286,0.53757,0.54693
160.25,0.467453,0.0076,0.00024,0.45307,0.46242,0.46714,0.4727,0.48259,3.0e-6,1.0e-5,0.0,0.0,0.0,0.0,0.0,3.0e-5,0.532544,0.0076,0.00024,0.51741,0.5273,0.53286,0.53757,0.54693,3.0e-6,1.0e-5,0.0,0.0,0.0,0.0,0.0,3.0e-5,0.532547,0.0076,0.00024,0.51741,0.5273,0.53286,0.53757,0.54693
160.5,0.467453,0.0076,0.00024,0.45307,0.46242,0.46714,0.4727,0.48259,3.0e-6,1.0e-5,0.0,0.0,0.0,0.0,0.0,4.0e-5,0.532545,0.0076,0.00024,0.51741,0.5273,0.53286,0.53757,0.54693,3.0e-6,1.0e-5,0.0,0.0,0.0,0.0,0.0,4.0e-5,0.532547,0.0076,0.00024,0.51741,0.5273,0.53286,0.53757,0.54693
160.75,0.467452,0.0076,0.00024,0.45307,0.46242,0.46714,0.4727,0.48259,3.0e-6,1.0e-5,0.0,0.0,0.0,0.0,0.0,4.0e-5,0.532545,0.0076,0.00024,0.51741,0.5273,0.53286,0.53757,0.54693,3.0e-6,1.0e-5,0.0,0.0,0.0,0.0,0.0,4.0e-5,0.532548,0.0076,0.00024,0.51741,0.5273,0.53286,0.53757,0.54693
161.0,0.467452,0.0076,0.00024,0.45307,0.46242,0.46714,0.4727,0.48258,3.0e-6,1.0e-5,0.0,0.0,0.0,0.0,0.0,3.0e-5,0.532545,0.0076,0.00024,0.51741,0.5273,0.53286,0.53757,0.54693,3.0e-6,1.0e-5,0.0,0.0,0.0,0.0,0.0,3.0e-5,0.532548,0.0076,0.00024,0.51742,0.5273,0.53286,0.53757,0.54693
161.25,0.467452,0.0076,0.00024,0.45307,0.46242,0.46714,0.4727,0.48258,2.0e-6,1.0e-5,0.0,0.0,0.0,0.0,0.0,3.0e-5,0.532545,0.0076,0.00024,0.51741,0.5273,0.53286,0.53757,0.54693,2.0e-6,1.0e-5,0.0,0.0,0.0,0.0,0.0,3.0e-5,0.532548,0.0076,0.00024,0.51742,0.5273,0.53286,0.53757,0.54693
161.5,0.467452,0.0076,0.00024,0.45307,0.46242,0.46714,0.4727,0.48258,2.0e-6,1.0e-5,0.0,0.0,0.0,0.0,0.0,3.0e-5,0.532545,0.0076,0.00024,0.51741,0.5273,0.53286,0.53757,0.54693,2.0e-6,1.0e-5,0.0,0.0,0.0,0.0,0.0,3.0e-5,0.532548,0.0076,0.00024,0.51742,0.5273,0.53286,0.53757,0.54693
161.75,0.467452,0.0076,0.00024,0.45307,0.46242,0.46714,0.4727,0.48258,2.0e-6,1.0e-5,0.0,0.0,0.0,0.0,0.0,3.0e-5,0.532545,0.0076,0.00024,0.51741,0.5273,0.53286,0.53757,0.54693,2.0e-6,1.0e-5,0.0,0.0,0.0,0.0,0.0,3.0e-5,0.532548,0.0076,0.00024,0.51742,0.5273,0.53286,0.53757,0.54693
162.0,0.467452,0.0076,0.00024,0.45307,0.46242,0.46714,0.4727,0.48258,2.0e-6,1.0e-5,0.0,0.0,0.0,0.0,0.0,3.0e-5,0.532546,0.0076,0.00024,0.51741,0.5273,0.53286,0.53757,0.54693,2.0e-6,1.0e-5,0.0,0.0,0.0,0.0,0.0,3.0e-5,0.532548,0.0076,0.00024,0.51742,0.5273,0.53286,0.53757,0.54693
162.25,0.467452,0.0076,0.00024,0.45307,0.46242,0.46714,0.4727,0.48258,2.0e-6,1.0e-5,0.0,0.0,0.0,0.0,0.0,3.0e-5,0.532546,0.0076,0.00024,0.51742,0.5273,0.53286,0.53757,0.54693,2.0e-6,1.0e-5,0.0,0.0,0.0,0.0,0.0,3.0e-5,0.532548,0.0076,0.00024,0.51742,0.5273,0.53286,0.53757,0.54693
162.5,0.467452,0.0076,0.00024,0.45307,0.46242,0.46714,0.4727,0.48258,2.0e-6,1.0e-5,0.0,0.0,0.0,0.0,0.0,3.0e-5,0.532546,0.0076,0.00024,0.51742,0.5273,0.53286,0.53757,0.54693,2.0e-6,1.0e-5,0.0,0.0,0.0,0.0,0.0,3.0e-5,0.532548,0.0076,0.00024,0.51742,0.5273,0.53286,0.53757,0.54693
162.75,0.467452,0.0076,0.00024,0.45307,0.46242,0.46714,0.4727,0.48258,2.0e-6,1.0e-5,0.0,0.0,0.0,0.0,0.0,3.0e-5,0.532546,0.0076,0.00024,0.51742,0.5273,0.53286,0.53757,0.54693,2.0e-6,1.0e-5,0.0,0.0,0.0,0.0,0.0,3.0e-5,0.532548,0.0076,0.00024,0.51742,0.5273,0.53286,0.53757,0.54693
163.0,0.467452,0.0076,0.00024,0.45307,0.46242,0.46714,0.4727,0.48258,2.0e-6,1.0e-5,0.0,0.0,0.0,0.0,0.0,3.0e-5,0.532546,0.0076,0.00024,0.51742,0.5273,0.53286,0.53757,0.54693,2.0e-6,1.0e-5,0.0,0.0,0.0,0.0,0.0,3.0e-5,0.532548,0.0076,0.00024,0.51742,0.5273,0.53286,0.53757,0.54693
163.25,0.467452,0.0076,0.00024,0.45307,0.46242,0.46714,0.4727,0.48258,2.0e-6,1.0e-5,0.0,0.0,0.0,0.0,0.0,3.0e-5,0.532546,0.0076,0.00024,0.51742,0.5273,0.53286,0.53757,0.54693,2.0e-6,1.0e-5,0.0,0.0,0.0,0.0,0.0,3.0e-5,0.532548,0.0076,0.00024,0.51742,0.5273,0.53286,0.53757,0.54693
163.5,0.467451,0.0076,0.00024,0.45307,0.46242,0.46714,0.4727,0.48258,2.0e-6,1.0e-5,0.0,0.0,0.0,0.0,0.0,3.0e-5,0.532547,0.0076,0.00024,0.51742,0.5273,0.53286,0.53757,0.54693,2.0e-6,1.0e-5,0.0,0.0,0.0,0.0,0.0,3.0e-5,0.532549,0.0076,0.00024,0.51742,0.5273,0.53286,0.53757,0.54693
163.75,0.467451,0.0076,0.00024,0.45307,0.46242,0.46714,0.4727,0.48258,2.0e-6,1.0e-5,0.0,0.0,0.0,0.0,0.0,3.0e-5,0.532547,0.0076,0.00024,0.51742,0.5273,0.53286,0.53757,0.54693,2.0e-6,1.0e-5,0.0,0.0,0.0,0.0,0.0,3.0e-5,0.532549,0.0076,0.00024,0.51742,0.5273,0.53286,0.53757,0.54693
164.0,0.467451,0.0076,0.00024,0.45307,0.46242,0.46714,0.4727,0.48258,2.0e-6,1.0e-5,0.0,0.0,0.0,0.0,0.0,2.0e-5,0.532547,0.0076,0.00024,0.51742,0.5273,0.53286,0.53757,0.54693,2.0e-6,1.0e-5,0.0,0.0,0.0,0.0,0.0,2.0e-5,0.532549,0.0076,0.00024,0.51742,0.5273,0.53286,0.53757,0.54693
164.25,0.467451,0.0076,0.00024,0.45307,0.46242,0.46714,0.4727,0.48258,2.0e-6,1.0e-5,0.0,0.0,0.0,0.0,0.0,2.0e-5,0.532547,0.0076,0.00024,0.51742,0.5273,0.53286,0.53757,0.54693,2.0e-6,1.0e-5,0.0,0.0,0.0,0.0,0.0,2.0e-5,0.532549,0.0076,0.00024,0.51742,0.5273,0.53286,0.53757,0.54693
164.5,0.467451,0.0076,0.00024,0.45307,0.46242,0.46714,0.4727,0.48258,2.0e-6,1.0e-5,0.0,0.0,0.0,0.0,0.0,2.0e-5,0.532547,0.0076,0.00024,0.51742,0.5273,0.53286,0.53757,0.54693,2.0e-6,1.0e-5,0.0,0.0,0.0,0.0,0.0,2.0e-5,0.532549,0.0076,0.00024,0.51742,0.5273,0.53286,0.53757,0.54693
164.75,0.467451,0.0076,0.00024,0.45307,0.46242,0.46714,0.4727,0.48258,2.0e-6,1.0e-5,0.0,0.0,0.0,0.0,0.0,2.0e-5,0.532547,0.0076,0.00024,0.51742,0.5273,0.53286,0.53757,0.54693,2.0e-6,1.0e-5,0.0,0.0,0.0,0.0,0.0,2.0e-5,0.532549,0.0076,0.00024,0.51742,0.5273,0.53286,0.53757,0.54693
165.0,0.467451,0.0076,0.00024,0.45307,0.46242,0.46714,0.4727,0.48258,2.0e-6,1.0e-5,0.0,0.0,0.0,0.0,0.0,2.0e-5,0.532547,0.0076,0.00024,0.51742,0.5273,0.53286,0.53757,0.54693,2.0e-6,1.0e-5,0.0,0.0,0.0,0.0,0.0,2.0e-5,0.532549,0.0076,0.00024,0.51742,0.5273,0.53286,0.53757,0.54693
165.25,0.467451,0.0076,0.00024,0.45307,0.46242,0.46714,0.4727,0.48258,2.0e-6,1.0e-5,0.0,0.0,0.0,0.0,0.0,2.0e-5,0.532547,0.0076,0.00024,0.51742,0.5273,0.53286,0.53757,0.54693,2.0e-6,1.0e-5,0.0,0.0,0.0,0.0,0.0,2.0e-5,0.532549,0.0076,0.00024,0.51742,0.5273,0.53286,0.53757,0.54693
165.5,0.467451,0.0076,0.00024,0.45307,0.46242,0.46714,0.4727,0.48258,2.0e-6,1.0e-5,0.0,0.0,0.0,0.0,0.0,2.0e-5,0.532547,0.0076,0.00024,0.51742,0.5273,0.53286,0.53757,0.54693,2.0e-6,1.0e-5,0.0,0.0,0.0,0.0,0.0,2.0e-5,0.532549,0.0076,0.00024,0.51742,0.5273,0.53286,0.53757,0.54693
165.75,0.467451,0.0076,0.00024,0.45307,0.46242,0.46714,0.4727,0.48258,2.0e-6,1.0e-5,0.0,0.0,0.0,0.0,0.0,2.0e-5,0.532548,0.0076,0.00024,0.51742,0.5273,0.53286,0.53757,0.54693,2.0e-6,1.0e-5,0.0,0.0,0.0,0.0,0.0,2.0e-5,0.532549,0.0076,0.00024,0.51742,0.5273,0.53286,0.53757,0.54693
166.0,0.467451,0.0076,0.00024,0.45307,0.46242,0.46714,0.4727,0.48258,2.0e-6,1.0e-5,0.0,0.0,0.0,0.0,0.0,2.0e-5,0.532548,0.0076,0.00024,0.51742,0.5273,0.53286,0.53757,0.54693,2.0e-6,1.0e-5,0.0,0.0,0.0,0.0,0.0,2.0e-5,0.532549,0.0076,0.00024,0.51742,0.5273,0.53286,0.53757,0.54693
166.25,0.467451,0.0076,0.00024,0.45307,0.46242,0.46714,0.4727,0.48258,2.0e-6,1.0e-5,0.0,0.0,0.0,0.0,0.0,2.0e-5,0.532548,0.0076,0.00024,0.51742,0.5273,0.53286,0.53757,0.54693,2.0e-6,1.0e-5,0.0,0.0,0.0,0.0,0.0,2.0e-5,0.532549,0.0076,0.00024,0.51742,0.5273,0.53286,0.53757,0.54693
166.5,0.467451,0.0076,0.00024,0.45307,0.46242,0.46714,0.4727,0.48258,1.0e-6,1.0e-5,0.0,0.0,0.0,0.0,0.0,2.0e-5,0.532548,0.0076,0.00024,0.51742,0.5273,0.53286,0.53757,0.54693,1.0e-6,1.0e-5,0.0,0.0,0.0,0.0,0.0,2.0e-5,0.532549,0.0076,0.00024,0.51742,0.5273,0.53286,0.53757,0.54693
166.75,0.467451,0.0076,0.00024,0.45307,0.46242,0.46714,0.4727,0.48258,1.0e-6,1.0e-5,0.0,0.0,0.0,0.0,0.0,1.0e-5,0.532548,0.0076,0.00024,0.51742,0.5273,0.53286,0.53757,0.54693,1.0e-6,1.0e-5,0.0,0.0,0.0,0.0,0.0,1.0e-5,0.532549,0.0076,0.00024,0.51742,0.5273,0.53286,0.53757,0.54693
167.0,0.467451,0.0076,0.00024,0.45307,0.46242,0.46714,0.4727,0.48258,1.0e-6,1.0e-5,0.0,0.0,0.0,0.0,0.0,1.0e-5,0.532548,0.0076,0.00024,0.51742,0.5273,0.53286,0.53757,0.54693,1.0e-6,1.0e-5,0.0,0.0,0.0,0.0,0.0,1.0e-5,0.532549,0.0076,0.00024,0.51742,0.5273,0.53286,0.53757,0.54693
167.25,0.467451,0.0076,0.00024,0.45307,0.46242,0.46714,0.4727,0.48258,1.0e-6,1.0e-5,0.0,0.0,0.0,0.0,0.0,1.0e-5,0.532548,0.0076,0.00024,0.51742,0.5273,0.53286,0.53757,0.54693,1.0e-6,1.0e-5,0.0,0.0,0.0,0.0,0.0,1.0e-5,0.532549,0.0076,0.00024,0.51742,0.5273,0.53286,0.53757,0.54693
167.5,0.46745,0.0076,0.00024,0.45307,0.46242,0.46714,0.4727,0.48258,1.0e-6,1.0e-5,0.0,0.0,0.0,0.0,0.0,2.0e-5,0.532548,0.0076,0.00024,0.51742,0.5273,0.53286,0.53757,0.54693,1.0e-6,1.0e-5,0.0,0.0,0.0,0.0,0.0,2.0e-5,0.53255,0.0076,0.00024,0.51742,0.5273,0.53286,0.53757,0.54693
167.75,0.46745,0.0076,0.00024,0.45307,0.46242,0.46714,0.4727,0.48258,1.0e-6,1.0e-5,0.0,0.0,0.0,0.0,0.0,1.0e-5,0.532548,0.0076,0.00024,0.51742,0.5273,0.53286,0.53757,0.54693,1.0e-6,1.0e-5,0.0,0.0,0.0,0.0,0.0,1.0e-5,0.53255,0.0076,0.00024,0.51742,0.5273,0.53286,0.53757,0.54693
168.0,0.46745,0.0076,0.00024,0.45307,0.46242,0.46714,0.4727,0.48258,1.0e-6,1.0e-5,0.0,0.0,0.0,0.0,0.0,1.0e-5,0.532548,0.0076,0.00024,0.51742,0.5273,0.53286,0.53757,0.54693,1.0e-6,1.0e-5,0.0,0.0,0.0,0.0,0.0,1.0e-5,0.53255,0.0076,0.00024,0.51742,0.5273,0.53286,0.53757,0.54693
168.25,0.46745,0.0076,0.00024,0.45307,0.46242,0.46714,0.4727,0.48258,1.0e-6,1.0e-5,0.0,0.0,0.0,0.0,0.0,1.0e-5,0.532548,0.0076,0.00024,0.51742,0.5273,0.53286,0.53757,0.54693,1.0e-6,1.0e-5,0.0,0.0,0.0,0.0,0.0,1.0e-5,0.53255,0.0076,0.00024,0.51742,0.5273,0.53286,0.53757,0.54693
168.5,0.46745,0.0076,0.00024,0.45307,0.46242,0.46714,0.4727,0.48258,1.0e-6,1.0e-5,0.0,0.0,0.0,0.0,0.0,1.0e-5,0.532549,0.0076,0.00024,0.51742,0.5273,0.53286,0.53757,0.54693,1.0e-6,1.0e-5,0.0,0.0,0.0,0.0,0.0,1.0e-5,0.53255,0.0076,0.00024,0.51742,0.5273,0.53286,0.53757,0.54693
168.75,0.46745,0.0076,0.00024,0.45307,0.46242,0.46714,0.4727,0.48258,1.0e-6,1.0e-5,0.0,0.0,0.0,0.0,0.0,1.0e-5,0.532549,0.0076,0.00024,0.51742,0.5273,0.53286,0.53757,0.54693,1.0e-6,1.0e-5,0.0,0.0,0.0,0.0,0.0,1.0e-5,0.53255,0.0076,0.00024,0.51742,0.5273,0.53286,0.53757,0.54693
169.0,0.46745,0.0076,0.00024,0.45307,0.46242,0.46714,0.4727,0.48258,1.0e-6,1.0e-5,0.0,0.0,0.0,0.0,0.0,1.0e-5,0.532549,0.0076,0.00024,0.51742,0.5273,0.53286,0.53757,0.54693,1.0e-6,1.0e-5,0.0,0.0,0.0,0.0,0.0,1.0e-5,0.53255,0.0076,0.00024,0.51742,0.5273,0.53286,0.53757,0.54693
169.25,0.46745,0.0076,0.00024,0.45307,0.46242,0.46714,0.4727,0.48258,1.0e-6,1.0e-5,0.0,0.0,0.0,0.0,0.0,1.0e-5,0.532549,0.0076,0.00024,0.51742,0.5273,0.53286,0.53757,0.54693,1.0e-6,1.0e-5,0.0,0.0,0.0,0.0,0.0,1.0e-5,0.53255,0.0076,0.00024,0.51742,0.5273,0.53286,0.53757,0.54693
169.5,0.46745,0.0076,0.00024,0.45307,0.46242,0.46714,0.4727,0.48258,1.0e-6,1.0e-5,0.0,0.0,0.0,0.0,0.0,1.0e-5,0.532549,0.0076,0.00024,0.51742,0.5273,0.53286,0.53757,0.54693,1.0e-6,1.0e-5,0.0,0.0,0.0,0.0,0.0,1.0e-5,0.53255,0.0076,0.00024,0.51742,0.5273,0.53286,0.53757,0.54693
169.75,0.46745,0.0076,0.00024,0.45307,0.46242,0.46714,0.4727,0.48258,1.0e-6,1.0e-5,0.0,0.0,0.0,0.0,0.0,1.0e-5,0.532549,0.0076,0.00024,0.51742,0.5273,0.53286,0.53757,0.54693,1.0e-6,1.0e-5,0.0,0.0,0.0,0.0,0.0,1.0e-5,0.53255,0.0076,0.00024,0.51742,0.5273,0.53286,0.53757,0.54693
170.0,0.46745,0.0076,0.00024,0.45307,0.46242,0.46714,0.4727,0.48258,1.0e-6,1.0e-5,0.0,0.0,0.0,0.0,0.0,1.0e-5,0.532549,0.0076,0.00024,0.51742,0.5273,0.53286,0.53757,0.54693,1.0e-6,1.0e-5,0.0,0.0,0.0,0.0,0.0,1.0e-5,0.53255,0.0076,0.00024,0.51742,0.5273,0.53286,0.53757,0.54693
170.25,0.46745,0.0076,0.00024,0.45307,0.46242,0.46714,0.4727,0.48258,1.0e-6,1.0e-5,0.0,0.0,0.0,0.0,0.0,1.0e-5,0.532549,0.0076,0.00024,0.51742,0.5273,0.53286,0.53757,0.54693,1.0e-6,1.0e-5,0.0,0.0,0.0,0.0,0.0,1.0e-5,0.53255,0.0076,0.00024,0.51742,0.5273,0.53286,0.53757,0.54693
170.5,0.46745,0.0076,0.00024,0.45307,0.46242,0.46714,0.4727,0.48258,1.0e-6,1.0e-5,0.0,0.0,0.0,0.0,0.0,1.0e-5,0.532549,0.0076,0.00024,0.51742,0.5273,0.53286,0.53757,0.54693,1.0e-6,1.0e-5,0.0,0.0,0.0,0.0,0.0,1.0e-5,0.53255,0.0076,0.00024,0.51742,0.5273,0.53286,0.53757,0.54693
170.75,0.46745,0.0076,0.00024,0.45307,0.46242,0.46714,0.4727,0.48258,1.0e-6,1.0e-5,0.0,0.0,0.0,0.0,0.0,1.0e-5,0.532549,0.0076,0.00024,0.51742,0.5273,0.53286,0.53757,0.54693,1.0e-6,1.0e-5,0.0,0.0,0.0,0.0,0.0,1.0e-5,0.53255,0.0076,0.00024,0.51742,0.5273,0.53286,0.53757,0.54693
171.0,0.46745,0.0076,0.00024,0.45307,0.46242,0.46714,0.4727,0.48258,1.0e-6,1.0e-5,0.0,0.0,0.0,0.0,0.0,1.0e-5,0.532549,0.0076,0.00024,0.51742,0.5273,0.53286,0.53757,0.54693,1.0e-6,1.0e-5,0.0,0.0,0.0,0.0,0.0,1.0e-5,0.53255,0.0076,0.00024,0.51742,0.5273,0.53286,0.53757,0.54693
171.25,0.46745,0.0076,0.00024,0.45307,0.46242,0.46714,0.4727,0.48258,1.0e-6,1.0e-5,0.0,0.0,0.0,0.0,0.0,1.0e-5,0.532549,0.0076,0.00024,0.51742,0.5273,0.53286,0.53757,0.54693,1.0e-6,1.0e-5,0.0,0.0,0.0,0.0,0.0,1.0e-5,0.53255,0.0076,0.00024,0.51742,0.5273,0.53286,0.53757,0.54693
171.5,0.46745,0.0076,0.00024,0.45307,0.46242,0.46714,0.4727,0.48258,1.0e-6,1.0e-5,0.0,0.0,0.0,0.0,0.0,1.0e-5,0.532549,0.0076,0.00024,0.51742,0.5273,0.53286,0.53757,0.54693,1.0e-6,1.0e-5,0.0,0.0,0.0,0.0,0.0,1.0e-5,0.53255,0.0076,0.00024,0.51742,0.5273,0.53286,0.53757,0.54693
171.75,0.467449,0.0076,0.00024,0.45307,0.46242,0.46714,0.4727,0.48258,1.0e-6,1.0e-5,0.0,0.0,0.0,0.0,0.0,1.0e-5,0.532549,0.0076,0.00024,0.51742,0.5273,0.53286,0.53757,0.54693,1.0e-6,1.0e-5,0.0,0.0,0.0,0.0,0.0,1.0e-5,0.532551,0.0076,0.00024,0.51742,0.5273,0.53286,0.53757,0.54693
172.0,0.467449,0.0076,0.00024,0.45307,0.46242,0.46714,0.4727,0.48258,1.0e-6,1.0e-5,0.0,0.0,0.0,0.0,0.0,1.0e-5,0.53255,0.0076,0.00024,0.51742,0.5273,0.53286,0.53757,0.54693,1.0e-6,1.0e-5,0.0,0.0,0.0,0.0,0.0,1.0e-5,0.532551,0.0076,0.00024,0.51742,0.5273,0.53286,0.53757,0.54693
172.25,0.467449,0.0076,0.00024,0.45307,0.46242,0.46714,0.4727,0.48258,1.0e-6,1.0e-5,0.0,0.0,0.0,0.0,0.0,1.0e-5,0.53255,0.0076,0.00024,0.51742,0.5273,0.53286,0.53757,0.54693,1.0e-6,1.0e-5,0.0,0.0,0.0,0.0,0.0,1.0e-5,0.532551,0.0076,0.00024,0.51742,0.5273,0.53286,0.53757,0.54693
172.5,0.467449,0.0076,0.00024,0.45307,0.46242,0.46714,0.4727,0.48258,1.0e-6,1.0e-5,0.0,0.0,0.0,0.0,0.0,1.0e-5,0.53255,0.0076,0.00024,0.51742,0.5273,0.53286,0.53757,0.54693,1.0e-6,1.0e-5,0.0,0.0,0.0,0.0,0.0,1.0e-5,0.532551,0.0076,0.00024,0.51742,0.5273,0.53286,0.53757,0.54693
172.75,0.467449,0.0076,0.00024,0.45307,0.46242,0.46714,0.4727,0.48258,1.0e-6,1.0e-5,0.0,0.0,0.0,0.0,0.0,1.0e-5,0.53255,0.0076,0.00024,0.51742,0.5273,0.53286,0.53757,0.54693,1.0e-6,1.0e-5,0.0,0.0,0.0,0.0,0.0,1.0e-5,0.532551,0.0076,0.00024,0.51742,0.5273,0.53286,0.53757,0.54693
173.0,0.467449,0.0076,0.00024,0.45307,0.46242,0.46714,0.4727,0.48258,1.0e-6,1.0e-5,0.0,0.0,0.0,0.0,0.0,1.0e-5,0.53255,0.0076,0.00024,0.51742,0.5273,0.53286,0.53757,0.54693,1.0e-6,1.0e-5,0.0,0.0,0.0,0.0,0.0,1.0e-5,0.532551,0.0076,0.00024,0.51742,0.5273,0.53286,0.53757,0.54693
173.25,0.467449,0.0076,0.00024,0.45307,0.46242,0.46714,0.4727,0.48258,1.0e-6,1.0e-5,0.0,0.0,0.0,0.0,0.0,1.0e-5,0.53255,0.0076,0.00024,0.51742,0.5273,0.53286,0.53757,0.54693,1.0e-6,1.0e-5,0.0,0.0,0.0,0.0,0.0,1.0e-5,0.532551,0.0076,0.00024,0.51742,0.5273,0.53286,0.53757,0.54693
173.5,0.467449,0.0076,0.00024,0.45307,0.46242,0.46714,0.4727,0.48258,1.0e-6,1.0e-5,0.0,0.0,0.0,0.0,0.0,1.0e-5,0.53255,0.0076,0.00024,0.51742,0.5273,0.53286,0.53757,0.54693,1.0e-6,1.0e-5,0.0,0.0,0.0,0.0,0.0,1.0e-5,0.532551,0.0076,0.00024,0.51742,0.5273,0.53286,0.53757,0.54693
173.75,0.467449,0.0076,0.00024,0.45307,0.46242,0.46714,0.4727,0.48258,1.0e-6,1.0e-5,0.0,0.0,0.0,0.0,0.0,0.0,0.53255,0.0076,0.00024,0.51742,0.5273,0.53286,0.53757,0.54693,1.0e-6,1.0e-5,0.0,0.0,0.0,0.0,0.0,0.0,0.532551,0.0076,0.00024,0.51742,0.5273,0.53286,0.53757,0.54693
174.0,0.467449,0.0076,0.00024,0.45307,0.46242,0.46714,0.4727,0.48258,1.0e-6,1.0e-5,0.0,0.0,0.0,0.0,0.0,0.0,0.53255,0.0076,0.00024,0.51742,0.5273,0.53286,0.53757,0.54693,1.0e-6,1.0e-5,0.0,0.0,0.0,0.0,0.0,0.0,0.532551,0.0076,0.00024,0.51742,0.5273,0.53286,0.53757,0.54693
174.25,0.467449,0.0076,0.00024,0.45307,0.46242,0.46714,0.4727,0.48258,1.0e-6,1.0e-5,0.0,0.0,0.0,0.0,0.0,0.0,0.53255,0.0076,0.00024,0.51742,0.5273,0.53286,0.53757,0.54693,1.0e-6,1.0e-5,0.0,0.0,0.0,0.0,0.0,0.0,0.532551,0.0076,0.00024,0.51742,0.5273,0.53286,0.53757,0.54693
174.5,0.467449,0.0076,0.00024,0.45307,0.46242,0.46714,0.4727,0.48258,1.0e-6,1.0e-5,0.0,0.0,0.0,0.0,0.0,0.0,0.53255,0.0076,0.00024,0.51742,0.5273,0.53286,0.53757,0.54693,1.0e-6,1.0e-5,0.0,0.0,0.0,0.0,0.0,0.0,0.532551,0.0076,0.00024,0.51742,0.5273,0.53286,0.53757,0.54693
174.75,0.467449,0.0076,0.00024,0.45307,0.46242,0.46714,0.4727,0.48258,1.0e-6,1.0e-5,0.0,0.0,0.0,0.0,0.0,0.0,0.53255,0.0076,0.00024,0.51742,0.5273,0.53286,0.53757,0.54693,1.0e-6,1.0e-5,0.0,0.0,0.0,0.0,0.0,0.0,0.532551,0.0076,0.00024,0.51742,0.5273,0.53286,0.53757,0.54693
175.0,0.467449,0.0076,0.00024,0.45307,0.46242,0.46714,0.4727,0.48258,1.0e-6,1.0e-5,0.0,0.0,0.0,0.0,0.0,0.0,0.53255,0.0076,0.00024,0.51742,0.5273,0.53286,0.53757,0.54693,1.0e-6,1.0e-5,0.0,0.0,0.0,0.0,0.0,0.0,0.532551,0.0076,0.00024,0.51742,0.5273,0.53286,0.53757,0.54693
175.25,0.467449,0.0076,0.00024,0.45307,0.46242,0.46714,0.4727,0.48258,1.0e-6,1.0e-5,0.0,0.0,0.0,0.0,0.0,0.0,0.53255,0.0076,0.00024,0.51742,0.5273,0.53286,0.53757,0.54693,1.0e-6,1.0e-5,0.0,0.0,0.0,0.0,0.0,0.0,0.532551,0.0076,0.00024,0.51742,0.5273,0.53286,0.53757,0.54693
175.5,0.467449,0.0076,0.00024,0.45307,0.46242,0.46714,0.4727,0.48258,1.0e-6,1.0e-5,0.0,0.0,0.0,0.0,0.0,0.0,0.53255,0.0076,0.00024,0.51742,0.5273,0.53286,0.53757,0.54693,1.0e-6,1.0e-5,0.0,0.0,0.0,0.0,0.0,0.0,0.532551,0.0076,0.00024,0.51742,0.5273,0.53286,0.53757,0.54693
175.75,0.467449,0.0076,0.00024,0.45307,0.46242,0.46714,0.4727,0.48258,1.0e-6,1.0e-5,0.0,0.0,0.0,0.0,0.0,0.0,0.53255,0.0076,0.00024,0.51742,0.5273,0.53286,0.53757,0.54693,1.0e-6,1.0e-5,0.0,0.0,0.0,0.0,0.0,0.0,0.532551,0.0076,0.00024,0.51742,0.5273,0.53286,0.53757,0.54693
176.0,0.467449,0.0076,0.00024,0.45307,0.46242,0.46714,0.4727,0.48258,1.0e-6,1.0e-5,0.0,0.0,0.0,0.0,0.0,0.0,0.53255,0.0076,0.00024,0.51742,0.5273,0.53286,0.53757,0.54693,1.0e-6,1.0e-5,0.0,0.0,0.0,0.0,0.0,0.0,0.532551,0.0076,0.00024,0.51742,0.5273,0.53286,0.53757,0.54693
176.25,0.467449,0.0076,0.00024,0.45307,0.46242,0.46714,0.4727,0.48258,1.0e-6,1.0e-5,0.0,0.0,0.0,0.0,0.0,0.0,0.53255,0.0076,0.00024,0.51742,0.5273,0.53286,0.53757,0.54693,1.0e-6,1.0e-5,0.0,0.0,0.0,0.0,0.0,0.0,0.532551,0.0076,0.00024,0.51742,0.5273,0.53286,0.53757,0.54693
176.5,0.467449,0.0076,0.00024,0.45307,0.46242,0.46714,0.4727,0.48258,1.0e-6,1.0e-5,0.0,0.0,0.0,0.0,0.0,0.0,0.53255,0.0076,0.00024,0.51742,0.5273,0.53286,0.53757,0.54693,1.0e-6,1.0e-5,0.0,0.0,0.0,0.0,0.0,0.0,0.532551,0.0076,0.00024,0.51742,0.5273,0.53286,0.53757,0.54693
176.75,0.467449,0.0076,0.00024,0.45307,0.46242,0.46714,0.4727,0.48258,1.0e-6,1.0e-5,0.0,0.0,0.0,0.0,0.0,0.0,0.53255,0.0076,0.00024,0.51742,0.5273,0.53286,0.53757,0.54693,1.0e-6,1.0e-5,0.0,0.0,0.0,0.0,0.0,0.0,0.532551,0.0076,0.00024,0.51742,0.5273,0.53286,0.53757,0.54693
177.0,0.467449,0.0076,0.00024,0.45307,0.46242,0.46714,0.4727,0.48258,1.0e-6,1.0e-5,0.0,0.0,0.0,0.0,0.0,0.0,0.53255,0.0076,0.00024,0.51742,0.5273,0.53286,0.53757,0.54693,1.0e-6,1.0e-5,0.0,0.0,0.0,0.0,0.0,0.0,0.532551,0.0076,0.00024,0.51742,0.5273,0.53286,0.53757,0.54693
177.25,0.467449,0.0076,0.00024,0.45307,0.46242,0.46714,0.4727,0.48258,1.0e-6,1.0e-5,0.0,0.0,0.0,0.0,0.0,0.0,0.53255,0.0076,0.00024,0.51742,0.5273,0.53286,0.53757,0.54693,1.0e-6,1.0e-5,0.0,0.0,0.0,0.0,0.0,0.0,0.532551,0.0076,0.00024,0.51742,0.5273,0.53286,0.53757,0.54693
177.5,0.467449,0.0076,0.00024,0.45307,0.46242,0.46714,0.4727,0.48258,1.0e-6,1.0e-5,0.0,0.0,0.0,0.0,0.0,0.0,0.532551,0.0076,0.00024,0.51742,0.5273,0.53286,0.53757,0.54693,1.0e-6,1.0e-5,0.0,0.0,0.0,0.0,0.0,0.0,0.532551,0.0076,0.00024,0.51742,0.5273,0.53286,0.53757,0.54693
177.75,0.467449,0.0076,0.00024,0.45307,0.46242,0.46714,0.4727,0.48258,1.0e-6,1.0e-5,0.0,0.0,0.0,0.0,0.0,0.0,0.532551,0.0076,0.00024,0.51742,0.5273,0.53286,0.53757,0.54693,1.0e-6,1.0e-5,0.0,0.0,0.0,0.0,0.0,0.0,0.532551,0.0076,0.00024,0.51742,0.5273,0.53286,0.53757,0.54693
178.0,0.467449,0.0076,0.00024,0.45307,0.46242,0.46714,0.4727,0.48258,1.0e-6,1.0e-5,0.0,0.0,0.0,0.0,0.0,0.0,0.532551,0.0076,0.00024,0.51742,0.5273,0.53286,0.53757,0.54693,1.0e-6,1.0e-5,0.0,0.0,0.0,0.0,0.0,0.0,0.532551,0.0076,0.00024,0.51742,0.5273,0.53286,0.53757,0.54693
178.25,0.467449,0.0076,0.00024,0.45307,0.46242,0.46714,0.4727,0.48258,1.0e-6,1.0e-5,0.0,0.0,0.0,0.0,0.0,0.0,0.532551,0.0076,0.00024,0.51742,0.5273,0.53286,0.53757,0.54693,1.0e-6,1.0e-5,0.0,0.0,0.0,0.0,0.0,0.0,0.532551,0.0076,0.00024,0.51742,0.5273,0.53286,0.53757,0.54693
178.5,0.467449,0.0076,0.00024,0.45307,0.46242,0.46714,0.4727,0.48258,1.0e-6,1.0e-5,0.0,0.0,0.0,0.0,0.0,0.0,0.532551,0.0076,0.00024,0.51742,0.5273,0.53286,0.53757,0.54693,1.0e-6,1.0e-5,0.0,0.0,0.0,0.0,0.0,0.0,0.532551,0.0076,0.00024,0.51742,0.5273,0.53286,0.53757,0.54693
178.75,0.467449,0.0076,0.00024,0.45307,0.46242,0.46714,0.4727,0.48258,1.0e-6,1.0e-5,0.0,0.0,0.0,0.0,0.0,0.0,0.532551,0.0076,0.00024,0.51742,0.5273,0.53286,0.53757,0.54693,1.0e-6,1.0e-5,0.0,0.0,0.0,0.0,0.0,0.0,0.532551,0.0076,0.00024,0.51742,0.5273,0.53286,0.53757,0.54693
179.0,0.467449,0.0076,0.00024,0.45307,0.46242,0.46714,0.4727,0.48258,1.0e-6,1.0e-5,0.0,0.0,0.0,0.0,0.0,0.0,0.532551,0.0076,0.00024,0.51742,0.5273,0.53286,0.53757,0.54693,1.0e-6,1.0e-5,0.0,0.0,0.0,0.0,0.0,0.0,0.532551,0.0076,0.00024,0.51742,0.5273,0.53286,0.53757,0.54693
179.25,0.467449,0.0076,0.00024,0.45307,0.46242,0.46714,0.4727,0.48258,1.0e-6,1.0e-5,0.0,0.0,0.0,0.0,0.0,0.0,0.532551,0.0076,0.00024,0.51742,0.5273,0.53286,0.53757,0.54693,1.0e-6,1.0e-5,0.0,0.0,0.0,0.0,0.0,0.0,0.532551,0.0076,0.00024,0.51742,0.5273,0.53286,0.53757,0.54693
179.5,0.467449,0.0076,0.00024,0.45307,0.46242,0.46714,0.4727,0.48258,1.0e-6,1.0e-5,0.0,0.0,0.0,0.0,0.0,0.0,0.532551,0.0076,0.00024,0.51742,0.5273,0.53286,0.53757,0.54693,1.0e-6,1.0e-5,0.0,0.0,0.0,0.0,0.0,0.0,0.532551,0.0076,0.00024,0.51742,0.5273,0.53286,0.53757,0.54693
179.75,0.467449,0.0076,0.00024,0.45307,0.46242,0.46714,0.4727,0.48258,1.0e-6,1.0e-5,0.0,0.0,0.0,0.0,0.0,0.0,0.532551,0.0076,0.00024,0.51742,0.5273,0.53286,0.53757,0.54693,1.0e-6,1.0e-5,0.0,0.0,0.0,0.0,0.0,0.0,0.532552,0.0076,0.00024,0.51742,0.5273,0.53286,0.53757,0.54693
180.0,0.467449,0.0076,0.00024,0.45307,0.46242,0.46714,0.4727,0.48258,1.0e-6,1.0e-5,0.0,0.0,0.0,0.0,0.0,0.0,0.532551,0.0076,0.00024,0.51742,0.5273,0.53286,0.53757,0.54693,1.0e-6,1.0e-5,0.0,0.0,0.0,0.0,0.0,0.0,0.532552,0.0076,0.00024,0.51742,0.5273,0.53286,0.53757,0.54693
180.25,0.467449,0.0076,0.00024,0.45307,0.46242,0.46714,0.4727,0.48258,1.0e-6,1.0e-5,0.0,0.0,0.0,0.0,0.0,0.0,0.532551,0.0076,0.00024,0.51742,0.5273,0.53286,0.53757,0.54693,1.0e-6,1.0e-5,0.0,0.0,0.0,0.0,0.0,0.0,0.532552,0.0076,0.00024,0.51742,0.5273,0.53286,0.53757,0.54693
180.5,0.467448,0.0076,0.00024,0.45307,0.46242,0.46714,0.4727,0.48258,1.0e-6,1.0e-5,0.0,0.0,0.0,0.0,0.0,0.0,0.532551,0.0076,0.00024,0.51742,0.5273,0.53286,0.53757,0.54693,1.0e-6,1.0e-5,0.0,0.0,0.0,0.0,0.0,0.0,0.532552,0.0076,0.00024,0.51742,0.5273,0.53286,0.53757,0.54693
180.75,0.467448,0.0076,0.00024,0.45306,0.46242,0.46714,0.4727,0.48258,1.0e-6,1.0e-5,0.0,0.0,0.0,0.0,0.0,0.0,0.532551,0.0076,0.00024,0.51742,0.5273,0.53286,0.53757,0.54693,1.0e-6,1.0e-5,0.0,0.0,0.0,0.0,0.0,0.0,0.532552,0.0076,0.00024,0.51742,0.5273,0.53286,0.53757,0.54694
181.0,0.467448,0.0076,0.00024,0.45306,0.46242,0.46714,0.4727,0.48258,1.0e-6,1.0e-5,0.0,0.0,0.0,0.0,0.0,0.0,0.532551,0.0076,0.00024,0.51742,0.5273,0.53286,0.53757,0.54693,1.0e-6,1.0e-5,0.0,0.0,0.0,0.0,0.0,0.0,0.532552,0.0076,0.00024,0.51742,0.5273,0.53286,0.53757,0.54694
181.25,0.467448,0.0076,0.00024,0.45306,0.46242,0.46714,0.4727,0.48258,1.0e-6,1.0e-5,0.0,0.0,0.0,0.0,0.0,0.0,0.532551,0.0076,0.00024,0.51742,0.5273,0.53286,0.53757,0.54693,1.0e-6,1.0e-5,0.0,0.0,0.0,0.0,0.0,0.0,0.532552,0.0076,0.00024,0.51742,0.5273,0.53286,0.53757,0.54694
181.5,0.467448,0.0076,0.00024,0.45306,0.46242,0.46714,0.4727,0.48258,1.0e-6,1.0e-5,0.0,0.0,0.0,0.0,0.0,0.0,0.532551,0.0076,0.00024,0.51742,0.5273,0.53286,0.53757,0.54693,1.0e-6,1.0e-5,0.0,0.0,0.0,0.0,0.0,0.0,0.532552,0.0076,0.00024,0.51742,0.5273,0.53286,0.53757,0.54694
181.75,0.467448,0.0076,0.00024,0.45306,0.46242,0.46714,0.4727,0.48258,1.0e-6,1.0e-5,0.0,0.0,0.0,0.0,0.0,0.0,0.532551,0.0076,0.00024,0.51742,0.5273,0.53286,0.53757,0.54693,1.0e-6,1.0e-5,0.0,0.0,0.0,0.0,0.0,0.0,0.532552,0.0076,0.00024,0.51742,0.5273,0.53286,0.53757,0.54694
182.0,0.467448,0.0076,0.00024,0.45305,0.46242,0.46714,0.4727,0.48258,1.0e-6,1.0e-5,0.0,0.0,0.0,0.0,0.0,0.0,0.532551,0.0076,0.00024,0.51742,0.5273,0.53286,0.53757,0.54693,1.0e-6,1.0e-5,0.0,0.0,0.0,0.0,0.0,0.0,0.532552,0.0076,0.00024,0.51742,0.5273,0.53286,0.53757,0.54695
182.25,0.467448,0.0076,0.00024,0.45305,0.46242,0.46714,0.4727,0.48258,1.0e-6,1.0e-5,0.0,0.0,0.0,0.0,0.0,0.0,0.532551,0.0076,0.00024,0.51742,0.5273,0.53286,0.53757,0.54693,1.0e-6,1.0e-5,0.0,0.0,0.0,0.0,0.0,0.0,0.532552,0.0076,0.00024,0.51742,0.5273,0.53286,0.53757,0.54695
182.5,0.467448,0.0076,0.00024,0.45305,0.46242,0.46714,0.4727,0.48258,1.0e-6,1.0e-5,0.0,0.0,0.0,0.0,0.0,0.0,0.532551,0.0076,0.00024,0.51742,0.5273,0.53286,0.53757,0.54693,1.0e-6,1.0e-5,0.0,0.0,0.0,0.0,0.0,0.0,0.532552,0.0076,0.00024,0.51742,0.5273,0.53286,0.53757,0.54695
182.75,0.467448,0.0076,0.00024,0.45304,0.46242,0.46714,0.4727,0.48258,1.0e-6,1.0e-5,0.0,0.0,0.0,0.0,0.0,0.0,0.532551,0.0076,0.00024,0.51742,0.5273,0.53286,0.53757,0.54693,1.0e-6,1.0e-5,0.0,0.0,0.0,0.0,0.0,0.0,0.532552,0.0076,0.00024,0.51742,0.5273,0.53286,0.53757,0.54696
183.0,0.467448,0.0076,0.00024,0.45304,0.46242,0.46714,0.4727,0.48258,1.0e-6,1.0e-5,0.0,0.0,0.0,0.0,0.0,0.0,0.532551,0.0076,0.00024,0.51742,0.5273,0.53286,0.53757,0.54693,1.0e-6,1.0e-5,0.0,0.0,0.0,0.0,0.0,0.0,0.532552,0.0076,0.00024,0.51742,0.5273,0.53286,0.53757,0.54696
183.25,0.467448,0.0076,0.00024,0.45303,0.46242,0.46714,0.4727,0.48258,1.0e-6,1.0e-5,0.0,0.0,0.0,0.0,0.0,0.0,0.532551,0.0076,0.00024,0.51742,0.5273,0.53286,0.53757,0.54693,1.0e-6,1.0e-5,0.0,0.0,0.0,0.0,0.0,0.0,0.532552,0.0076,0.00024,0.51742,0.5273,0.53286,0.53757,0.54697
183.5,0.467448,0.0076,0.00024,0.45303,0.46242,0.46714,0.4727,0.48258,1.0e-6,1.0e-5,0.0,0.0,0.0,0.0,0.0,0.0,0.532551,0.0076,0.00024,0.51742,0.5273,0.53286,0.53757,0.54693,1.0e-6,1.0e-5,0.0,0.0,0.0,0.0,0.0,0.0,0.532552,0.0076,0.00024,0.51742,0.5273,0.53286,0.53757,0.54697
183.75,0.467448,0.0076,0.00024,0.45303,0.46242,0.46714,0.4727,0.48258,1.0e-6,1.0e-5,0.0,0.0,0.0,0.0,0.0,0.0,0.532551,0.0076,0.00024,0.51742,0.5273,0.53286,0.53757,0.54693,1.0e-6,1.0e-5,0.0,0.0,0.0,0.0,0.0,0.0,0.532552,0.0076,0.00024,0.51742,0.5273,0.53286,0.53757,0.54697
184.0,0.467448,0.0076,0.00024,0.45303,0.46242,0.46714,0.4727,0.48258,1.0e-6,1.0e-5,0.0,0.0,0.0,0.0,0.0,0.0,0.532551,0.0076,0.00024,0.51742,0.5273,0.53286,0.53757,0.54693,1.0e-6,1.0e-5,0.0,0.0,0.0,0.0,0.0,0.0,0.532552,0.0076,0.00024,0.51742,0.5273,0.53286,0.53757,0.54697
184.25,0.467448,0.0076,0.00024,0.45303,0.46242,0.46714,0.4727,0.48258,1.0e-6,1.0e-5,0.0,0.0,0.0,0.0,0.0,0.0,0.532551,0.0076,0.00024,0.51742,0.5273,0.53286,0.53757,0.54693,1.0e-6,1.0e-5,0.0,0.0,0.0,0.0,0.0,0.0,0.532552,0.0076,0.00024,0.51742,0.5273,0.53286,0.53757,0.54697
184.5,0.467448,0.0076,0.00024,0.45303,0.46242,0.46714,0.4727,0.48258,0.0,1.0e-5,0.0,0.0,0.0,0.0,0.0,0.0,0.532551,0.0076,0.00024,0.51742,0.5273,0.53286,0.53757,0.54693,0.0,1.0e-5,0.0,0.0,0.0,0.0,0.0,0.0,0.532552,0.0076,0.00024,0.51742,0.5273,0.53286,0.53757,0.54697
184.75,0.467448,0.0076,0.00024,0.45303,0.46242,0.46714,0.4727,0.48258,0.0,0.0,0.0,0.0,0.0,0.0,0.0,0.0,0.532552,0.0076,0.00024,0.51742,0.5273,0.53286,0.53757,0.54693,0.0,0.0,0.0,0.0,0.0,0.0,0.0,0.0,0.532552,0.0076,0.00024,0.51742,0.5273,0.53286,0.53757,0.54697
185.0,0.467448,0.0076,0.00024,0.45303,0.46242,0.46714,0.4727,0.48258,0.0,0.0,0.0,0.0,0.0,0.0,0.0,0.0,0.532552,0.0076,0.00024,0.51742,0.5273,0.53286,0.53757,0.54693,0.0,0.0,0.0,0.0,0.0,0.0,0.0,0.0,0.532552,0.0076,0.00024,0.51742,0.5273,0.53286,0.53757,0.54697
185.25,0.467448,0.0076,0.00024,0.45303,0.46242,0.46714,0.4727,0.48258,0.0,0.0,0.0,0.0,0.0,0.0,0.0,0.0,0.532552,0.0076,0.00024,0.51742,0.5273,0.53286,0.53757,0.54693,0.0,0.0,0.0,0.0,0.0,0.0,0.0,0.0,0.532552,0.0076,0.00024,0.51742,0.5273,0.53286,0.53757,0.54697
185.5,0.467448,0.0076,0.00024,0.45303,0.46242,0.46714,0.4727,0.48258,0.0,0.0,0.0,0.0,0.0,0.0,0.0,0.0,0.532552,0.0076,0.00024,0.51742,0.5273,0.53286,0.53757,0.54694,0.0,0.0,0.0,0.0,0.0,0.0,0.0,0.0,0.532552,0.0076,0.00024,0.51742,0.5273,0.53286,0.53757,0.54697
185.75,0.467448,0.0076,0.00024,0.45303,0.46242,0.46714,0.4727,0.48258,0.0,0.0,0.0,0.0,0.0,0.0,0.0,0.0,0.532552,0.0076,0.00024,0.51742,0.5273,0.53286,0.53757,0.54694,0.0,0.0,0.0,0.0,0.0,0.0,0.0,0.0,0.532552,0.0076,0.00024,0.51742,0.5273,0.53286,0.53757,0.54697
186.0,0.467448,0.0076,0.00024,0.45303,0.46242,0.46714,0.4727,0.48258,0.0,0.0,0.0,0.0,0.0,0.0,0.0,0.0,0.532552,0.0076,0.00024,0.51742,0.5273,0.53286,0.53757,0.54694,0.0,0.0,0.0,0.0,0.0,0.0,0.0,0.0,0.532552,0.0076,0.00024,0.51742,0.5273,0.53286,0.53757,0.54697
186.25,0.467448,0.0076,0.00024,0.45303,0.46242,0.46714,0.4727,0.48258,0.0,0.0,0.0,0.0,0.0,0.0,0.0,0.0,0.532552,0.0076,0.00024,0.51742,0.5273,0.53286,0.53757,0.54694,0.0,0.0,0.0,0.0,0.0,0.0,0.0,0.0,0.532552,0.0076,0.00024,0.51742,0.5273,0.53286,0.53757,0.54697
186.5,0.467448,0.0076,0.00024,0.45303,0.46242,0.46714,0.4727,0.48258,0.0,0.0,0.0,0.0,0.0,0.0,0.0,0.0,0.532552,0.0076,0.00024,0.51742,0.5273,0.53286,0.53757,0.54694,0.0,0.0,0.0,0.0,0.0,0.0,0.0,0.0,0.532552,0.0076,0.00024,0.51742,0.5273,0.53286,0.53757,0.54697
186.75,0.467448,0.0076,0.00024,0.45303,0.46242,0.46714,0.4727,0.48258,0.0,0.0,0.0,0.0,0.0,0.0,0.0,0.0,0.532552,0.0076,0.00024,0.51742,0.5273,0.53286,0.53757,0.54694,0.0,0.0,0.0,0.0,0.0,0.0,0.0,0.0,0.532552,0.0076,0.00024,0.51742,0.5273,0.53286,0.53757,0.54697
187.0,0.467448,0.0076,0.00024,0.45303,0.46242,0.46714,0.4727,0.48258,0.0,0.0,0.0,0.0,0.0,0.0,0.0,0.0,0.532552,0.0076,0.00024,0.51742,0.5273,0.53286,0.53757,0.54694,0.0,0.0,0.0,0.0,0.0,0.0,0.0,0.0,0.532552,0.0076,0.00024,0.51742,0.5273,0.53286,0.53757,0.54697
187.25,0.467448,0.0076,0.00024,0.45303,0.46242,0.46714,0.4727,0.48258,0.0,0.0,0.0,0.0,0.0,0.0,0.0,0.0,0.532552,0.0076,0.00024,0.51742,0.5273,0.53286,0.53757,0.54694,0.0,0.0,0.0,0.0,0.0,0.0,0.0,0.0,0.532552,0.0076,0.00024,0.51742,0.5273,0.53286,0.53757,0.54697
187.5,0.467448,0.0076,0.00024,0.45303,0.46242,0.46714,0.4727,0.48258,0.0,0.0,0.0,0.0,0.0,0.0,0.0,0.0,0.532552,0.0076,0.00024,0.51742,0.5273,0.53286,0.53757,0.54694,0.0,0.0,0.0,0.0,0.0,0.0,0.0,0.0,0.532552,0.0076,0.00024,0.51742,0.5273,0.53286,0.53757,0.54697
187.75,0.467448,0.0076,0.00024,0.45303,0.46242,0.46714,0.4727,0.48258,0.0,0.0,0.0,0.0,0.0,0.0,0.0,0.0,0.532552,0.0076,0.00024,0.51742,0.5273,0.53286,0.53757,0.54694,0.0,0.0,0.0,0.0,0.0,0.0,0.0,0.0,0.532552,0.0076,0.00024,0.51742,0.5273,0.53286,0.53757,0.54697
188.0,0.467448,0.0076,0.00024,0.45302,0.46242,0.46714,0.4727,0.48258,0.0,0.0,0.0,0.0,0.0,0.0,0.0,0.0,0.532552,0.0076,0.00024,0.51742,0.5273,0.53286,0.53757,0.54694,0.0,0.0,0.0,0.0,0.0,0.0,0.0,0.0,0.532552,0.0076,0.00024,0.51742,0.5273,0.53286,0.53757,0.54698
188.25,0.467448,0.0076,0.00024,0.45302,0.46242,0.46714,0.4727,0.48258,0.0,0.0,0.0,0.0,0.0,0.0,0.0,0.0,0.532552,0.0076,0.00024,0.51742,0.5273,0.53286,0.53757,0.54694,0.0,0.0,0.0,0.0,0.0,0.0,0.0,0.0,0.532552,0.0076,0.00024,0.51742,0.5273,0.53286,0.53757,0.54698
188.5,0.467448,0.0076,0.00024,0.45302,0.46242,0.46714,0.4727,0.48258,0.0,0.0,0.0,0.0,0.0,0.0,0.0,0.0,0.532552,0.0076,0.00024,0.51742,0.5273,0.53286,0.53757,0.54694,0.0,0.0,0.0,0.0,0.0,0.0,0.0,0.0,0.532552,0.0076,0.00024,0.51742,0.5273,0.53286,0.53757,0.54698
188.75,0.467448,0.0076,0.00024,0.45302,0.46242,0.46714,0.4727,0.48258,0.0,0.0,0.0,0.0,0.0,0.0,0.0,0.0,0.532552,0.0076,0.00024,0.51742,0.5273,0.53286,0.53757,0.54694,0.0,0.0,0.0,0.0,0.0,0.0,0.0,0.0,0.532552,0.0076,0.00024,0.51742,0.5273,0.53286,0.53757,0.54698
189.0,0.467448,0.0076,0.00024,0.45302,0.46242,0.46714,0.4727,0.48258,0.0,0.0,0.0,0.0,0.0,0.0,0.0,0.0,0.532552,0.0076,0.00024,0.51742,0.5273,0.53286,0.53757,0.54694,0.0,0.0,0.0,0.0,0.0,0.0,0.0,0.0,0.532552,0.0076,0.00024,0.51742,0.5273,0.53286,0.53757,0.54698
189.25,0.467448,0.0076,0.00024,0.45302,0.46242,0.46714,0.4727,0.48258,0.0,0.0,0.0,0.0,0.0,0.0,0.0,0.0,0.532552,0.0076,0.00024,0.51742,0.5273,0.53286,0.53757,0.54694,0.0,0.0,0.0,0.0,0.0,0.0,0.0,0.0,0.532552,0.0076,0.00024,0.51742,0.5273,0.53286,0.53757,0.54698
189.5,0.467448,0.0076,0.00024,0.45302,0.46242,0.46714,0.4727,0.48258,0.0,0.0,0.0,0.0,0.0,0.0,0.0,0.0,0.532552,0.0076,0.00024,0.51742,0.5273,0.53286,0.53757,0.54694,0.0,0.0,0.0,0.0,0.0,0.0,0.0,0.0,0.532552,0.0076,0.00024,0.51742,0.5273,0.53286,0.53757,0.54698
189.75,0.467448,0.0076,0.00024,0.45302,0.46242,0.46714,0.4727,0.48258,0.0,0.0,0.0,0.0,0.0,0.0,0.0,0.0,0.532552,0.0076,0.00024,0.51742,0.5273,0.53286,0.53757,0.54694,0.0,0.0,0.0,0.0,0.0,0.0,0.0,0.0,0.532552,0.0076,0.00024,0.51742,0.5273,0.53286,0.53757,0.54698
190.0,0.467448,0.0076,0.00024,0.45302,0.46242,0.46714,0.4727,0.48258,0.0,0.0,0.0,0.0,0.0,0.0,0.0,0.0,0.532552,0.0076,0.00024,0.51742,0.5273,0.53286,0.53757,0.54694,0.0,0.0,0.0,0.0,0.0,0.0,0.0,0.0,0.532552,0.0076,0.00024,0.51742,0.5273,0.53286,0.53757,0.54698
190.25,0.467448,0.0076,0.00024,0.45302,0.46242,0.46714,0.4727,0.48258,0.0,0.0,0.0,0.0,0.0,0.0,0.0,0.0,0.532552,0.0076,0.00024,0.51742,0.5273,0.53286,0.53757,0.54694,0.0,0.0,0.0,0.0,0.0,0.0,0.0,0.0,0.532552,0.0076,0.00024,0.51742,0.5273,0.53286,0.53757,0.54698
190.5,0.467448,0.0076,0.00024,0.45302,0.46242,0.46714,0.4727,0.48258,0.0,0.0,0.0,0.0,0.0,0.0,0.0,0.0,0.532552,0.0076,0.00024,0.51742,0.5273,0.53286,0.53757,0.54694,0.0,0.0,0.0,0.0,0.0,0.0,0.0,0.0,0.532552,0.0076,0.00024,0.51742,0.5273,0.53286,0.53757,0.54698
190.75,0.467448,0.0076,0.00024,0.45302,0.46242,0.46714,0.4727,0.48258,0.0,0.0,0.0,0.0,0.0,0.0,0.0,0.0,0.532552,0.0076,0.00024,0.51742,0.5273,0.53286,0.53757,0.54694,0.0,0.0,0.0,0.0,0.0,0.0,0.0,0.0,0.532552,0.0076,0.00024,0.51742,0.5273,0.53286,0.53757,0.54698
191.0,0.467448,0.0076,0.00024,0.45302,0.46242,0.46714,0.4727,0.48258,0.0,0.0,0.0,0.0,0.0,0.0,0.0,0.0,0.532552,0.0076,0.00024,0.51742,0.5273,0.53286,0.53757,0.54694,0.0,0.0,0.0,0.0,0.0,0.0,0.0,0.0,0.532552,0.0076,0.00024,0.51742,0.5273,0.53286,0.53757,0.54698
191.25,0.467448,0.0076,0.00024,0.45302,0.46242,0.46714,0.4727,0.48258,0.0,0.0,0.0,0.0,0.0,0.0,0.0,0.0,0.532552,0.0076,0.00024,0.51742,0.5273,0.53286,0.53757,0.54695,0.0,0.0,0.0,0.0,0.0,0.0,0.0,0.0,0.532552,0.0076,0.00024,0.51742,0.5273,0.53286,0.53757,0.54698
191.5,0.467448,0.0076,0.00024,0.45302,0.46242,0.46714,0.4727,0.48258,0.0,0.0,0.0,0.0,0.0,0.0,0.0,0.0,0.532552,0.0076,0.00024,0.51742,0.5273,0.53286,0.53757,0.54695,0.0,0.0,0.0,0.0,0.0,0.0,0.0,0.0,0.532552,0.0076,0.00024,0.51742,0.5273,0.53286,0.53757,0.54698
191.75,0.467448,0.0076,0.00024,0.45302,0.46242,0.46714,0.4727,0.48258,0.0,0.0,0.0,0.0,0.0,0.0,0.0,0.0,0.532552,0.0076,0.00024,0.51742,0.5273,0.53286,0.53757,0.54695,0.0,0.0,0.0,0.0,0.0,0.0,0.0,0.0,0.532552,0.0076,0.00024,0.51742,0.5273,0.53286,0.53757,0.54698
192.0,0.467448,0.0076,0.00024,0.45301,0.46242,0.46714,0.4727,0.48258,0.0,0.0,0.0,0.0,0.0,0.0,0.0,0.0,0.532552,0.0076,0.00024,0.51742,0.5273,0.53286,0.53757,0.54695,0.0,0.0,0.0,0.0,0.0,0.0,0.0,0.0,0.532552,0.0076,0.00024,0.51742,0.5273,0.53286,0.53757,0.54699
192.25,0.467448,0.0076,0.00024,0.45301,0.46242,0.46714,0.4727,0.48258,0.0,0.0,0.0,0.0,0.0,0.0,0.0,0.0,0.532552,0.0076,0.00024,0.51742,0.5273,0.53286,0.53757,0.54695,0.0,0.0,0.0,0.0,0.0,0.0,0.0,0.0,0.532552,0.0076,0.00024,0.51742,0.5273,0.53286,0.53757,0.54699
192.5,0.467448,0.0076,0.00024,0.45301,0.46242,0.46714,0.4727,0.48258,0.0,0.0,0.0,0.0,0.0,0.0,0.0,0.0,0.532552,0.0076,0.00024,0.51742,0.5273,0.53286,0.53757,0.54695,0.0,0.0,0.0,0.0,0.0,0.0,0.0,0.0,0.532552,0.0076,0.00024,0.51742,0.5273,0.53286,0.53757,0.54699
192.75,0.467448,0.0076,0.00024,0.45301,0.46242,0.46714,0.4727,0.48258,0.0,0.0,0.0,0.0,0.0,0.0,0.0,0.0,0.532552,0.0076,0.00024,0.51742,0.5273,0.53286,0.53757,0.54697,0.0,0.0,0.0,0.0,0.0,0.0,0.0,0.0,0.532552,0.0076,0.00024,0.51742,0.5273,0.53286,0.53757,0.54699
193.0,0.467448,0.0076,0.00024,0.45301,0.46242,0.46714,0.4727,0.48258,0.0,0.0,0.0,0.0,0.0,0.0,0.0,0.0,0.532552,0.0076,0.00024,0.51742,0.5273,0.53286,0.53757,0.54697,0.0,0.0,0.0,0.0,0.0,0.0,0.0,0.0,0.532552,0.0076,0.00024,0.51742,0.5273,0.53286,0.53757,0.54699
193.25,0.467448,0.0076,0.00024,0.453,0.46242,0.46714,0.4727,0.48258,0.0,0.0,0.0,0.0,0.0,0.0,0.0,0.0,0.532552,0.0076,0.00024,0.51742,0.5273,0.53286,0.53757,0.54697,0.0,0.0,0.0,0.0,0.0,0.0,0.0,0.0,0.532552,0.0076,0.00024,0.51742,0.5273,0.53286,0.53757,0.547
193.5,0.467448,0.0076,0.00024,0.453,0.46242,0.46714,0.4727,0.48258,0.0,0.0,0.0,0.0,0.0,0.0,0.0,0.0,0.532552,0.0076,0.00024,0.51742,0.5273,0.53286,0.53757,0.54697,0.0,0.0,0.0,0.0,0.0,0.0,0.0,0.0,0.532552,0.0076,0.00024,0.51742,0.5273,0.53286,0.53757,0.547
193.75,0.467448,0.0076,0.00024,0.453,0.46242,0.46714,0.4727,0.48258,0.0,0.0,0.0,0.0,0.0,0.0,0.0,0.0,0.532552,0.0076,0.00024,0.51742,0.5273,0.53286,0.53757,0.54697,0.0,0.0,0.0,0.0,0.0,0.0,0.0,0.0,0.532552,0.0076,0.00024,0.51742,0.5273,0.53286,0.53757,0.547
194.0,0.467448,0.0076,0.00024,0.453,0.46242,0.46714,0.4727,0.48258,0.0,0.0,0.0,0.0,0.0,0.0,0.0,0.0,0.532552,0.0076,0.00024,0.51742,0.5273,0.53286,0.53757,0.54697,0.0,0.0,0.0,0.0,0.0,0.0,0.0,0.0,0.532552,0.0076,0.00024,0.51742,0.5273,0.53286,0.53757,0.547
194.25,0.467448,0.0076,0.00024,0.453,0.46242,0.46714,0.4727,0.48258,0.0,0.0,0.0,0.0,0.0,0.0,0.0,0.0,0.532552,0.0076,0.00024,0.51742,0.5273,0.53286,0.53757,0.54698,0.0,0.0,0.0,0.0,0.0,0.0,0.0,0.0,0.532552,0.0076,0.00024,0.51742,0.5273,0.53286,0.53757,0.547
194.5,0.467448,0.0076,0.00024,0.453,0.46242,0.46714,0.4727,0.48258,0.0,0.0,0.0,0.0,0.0,0.0,0.0,0.0,0.532552,0.0076,0.00024,0.51742,0.5273,0.53286,0.53757,0.54698,0.0,0.0,0.0,0.0,0.0,0.0,0.0,0.0,0.532552,0.0076,0.00024,0.51742,0.5273,0.53286,0.53757,0.547
194.75,0.467448,0.0076,0.00024,0.453,0.46242,0.46714,0.4727,0.48258,0.0,0.0,0.0,0.0,0.0,0.0,0.0,0.0,0.532552,0.0076,0.00024,0.51742,0.5273,0.53286,0.53757,0.54698,0.0,0.0,0.0,0.0,0.0,0.0,0.0,0.0,0.532552,0.0076,0.00024,0.51742,0.5273,0.53286,0.53757,0.547
195.0,0.467448,0.0076,0.00024,0.45299,0.46242,0.46714,0.4727,0.48258,0.0,0.0,0.0,0.0,0.0,0.0,0.0,0.0,0.532552,0.0076,0.00024,0.51742,0.5273,0.53286,0.53757,0.54698,0.0,0.0,0.0,0.0,0.0,0.0,0.0,0.0,0.532552,0.0076,0.00024,0.51742,0.5273,0.53286,0.53757,0.54701
195.25,0.467448,0.0076,0.00024,0.45299,0.46242,0.46714,0.4727,0.48258,0.0,0.0,0.0,0.0,0.0,0.0,0.0,0.0,0.532552,0.0076,0.00024,0.51742,0.5273,0.53286,0.53757,0.54698,0.0,0.0,0.0,0.0,0.0,0.0,0.0,0.0,0.532552,0.0076,0.00024,0.51742,0.5273,0.53286,0.53757,0.54701
195.5,0.467448,0.0076,0.00024,0.45299,0.46242,0.46714,0.4727,0.48258,0.0,0.0,0.0,0.0,0.0,0.0,0.0,0.0,0.532552,0.0076,0.00024,0.51742,0.5273,0.53286,0.53757,0.54698,0.0,0.0,0.0,0.0,0.0,0.0,0.0,0.0,0.532552,0.0076,0.00024,0.51742,0.5273,0.53286,0.53757,0.54701
195.75,0.467448,0.0076,0.00024,0.45299,0.46242,0.46714,0.4727,0.48258,0.0,0.0,0.0,0.0,0.0,0.0,0.0,0.0,0.532552,0.0076,0.00024,0.51742,0.5273,0.53286,0.53757,0.54698,0.0,0.0,0.0,0.0,0.0,0.0,0.0,0.0,0.532552,0.0076,0.00024,0.51742,0.5273,0.53286,0.53757,0.54701
196.0,0.467448,0.0076,0.00024,0.45299,0.46242,0.46714,0.4727,0.48258,0.0,0.0,0.0,0.0,0.0,0.0,0.0,0.0,0.532552,0.0076,0.00024,0.51742,0.5273,0.53286,0.53757,0.54698,0.0,0.0,0.0,0.0,0.0,0.0,0.0,0.0,0.532552,0.0076,0.00024,0.51742,0.5273,0.53286,0.53757,0.54701
196.25,0.467448,0.0076,0.00024,0.45299,0.46242,0.46714,0.4727,0.48258,0.0,0.0,0.0,0.0,0.0,0.0,0.0,0.0,0.532552,0.0076,0.00024,0.51742,0.5273,0.53286,0.53757,0.54698,0.0,0.0,0.0,0.0,0.0,0.0,0.0,0.0,0.532552,0.0076,0.00024,0.51742,0.5273,0.53286,0.53757,0.54701
196.5,0.467448,0.0076,0.00024,0.45299,0.46242,0.46714,0.4727,0.48258,0.0,0.0,0.0,0.0,0.0,0.0,0.0,0.0,0.532552,0.0076,0.00024,0.51742,0.5273,0.53286,0.53757,0.54698,0.0,0.0,0.0,0.0,0.0,0.0,0.0,0.0,0.532552,0.0076,0.00024,0.51742,0.5273,0.53286,0.53757,0.54701
196.75,0.467448,0.0076,0.00024,0.45297,0.46242,0.46714,0.4727,0.48258,0.0,0.0,0.0,0.0,0.0,0.0,0.0,0.0,0.532552,0.0076,0.00024,0.51742,0.5273,0.53286,0.53757,0.54698,0.0,0.0,0.0,0.0,0.0,0.0,0.0,0.0,0.532552,0.0076,0.00024,0.51742,0.5273,0.53286,0.53757,0.54703
197.0,0.467448,0.0076,0.00024,0.45297,0.46242,0.46714,0.4727,0.48258,0.0,0.0,0.0,0.0,0.0,0.0,0.0,0.0,0.532552,0.0076,0.00024,0.51742,0.5273,0.53286,0.53757,0.54698,0.0,0.0,0.0,0.0,0.0,0.0,0.0,0.0,0.532552,0.0076,0.00024,0.51742,0.5273,0.53286,0.53757,0.54703
197.25,0.467448,0.0076,0.00024,0.45297,0.46242,0.46714,0.4727,0.48258,0.0,0.0,0.0,0.0,0.0,0.0,0.0,0.0,0.532552,0.0076,0.00024,0.51742,0.5273,0.53286,0.53757,0.54698,0.0,0.0,0.0,0.0,0.0,0.0,0.0,0.0,0.532552,0.0076,0.00024,0.51742,0.5273,0.53286,0.53757,0.54703
197.5,0.467448,0.0076,0.00024,0.45296,0.46242,0.46714,0.4727,0.48258,0.0,0.0,0.0,0.0,0.0,0.0,0.0,0.0,0.532552,0.0076,0.00024,0.51742,0.5273,0.53286,0.53757,0.54698,0.0,0.0,0.0,0.0,0.0,0.0,0.0,0.0,0.532552,0.0076,0.00024,0.51742,0.5273,0.53286,0.53757,0.54704
197.75,0.467448,0.0076,0.00024,0.45296,0.46242,0.46714,0.4727,0.48258,0.0,0.0,0.0,0.0,0.0,0.0,0.0,0.0,0.532552,0.0076,0.00024,0.51742,0.5273,0.53286,0.53757,0.54698,0.0,0.0,0.0,0.0,0.0,0.0,0.0,0.0,0.532552,0.0076,0.00024,0.51742,0.5273,0.53286,0.53757,0.54704
198.0,0.467448,0.0076,0.00024,0.45296,0.46242,0.46714,0.4727,0.48258,0.0,0.0,0.0,0.0,0.0,0.0,0.0,0.0,0.532552,0.0076,0.00024,0.51742,0.5273,0.53286,0.53757,0.54698,0.0,0.0,0.0,0.0,0.0,0.0,0.0,0.0,0.532552,0.0076,0.00024,0.51742,0.5273,0.53286,0.53757,0.54704
198.25,0.467448,0.0076,0.00024,0.45296,0.46242,0.46714,0.4727,0.48258,0.0,0.0,0.0,0.0,0.0,0.0,0.0,0.0,0.532552,0.0076,0.00024,0.51742,0.5273,0.53286,0.53757,0.54698,0.0,0.0,0.0,0.0,0.0,0.0,0.0,0.0,0.532552,0.0076,0.00024,0.51742,0.5273,0.53286,0.53757,0.54704
198.5,0.467448,0.0076,0.00024,0.45296,0.46242,0.46714,0.4727,0.48258,0.0,0.0,0.0,0.0,0.0,0.0,0.0,0.0,0.532552,0.0076,0.00024,0.51742,0.5273,0.53286,0.53757,0.54699,0.0,0.0,0.0,0.0,0.0,0.0,0.0,0.0,0.532552,0.0076,0.00024,0.51742,0.5273,0.53286,0.53757,0.54704
198.75,0.467448,0.0076,0.00024,0.45294,0.46242,0.46714,0.4727,0.48258,0.0,0.0,0.0,0.0,0.0,0.0,0.0,0.0,0.532552,0.0076,0.00024,0.51742,0.5273,0.53286,0.53757,0.54699,0.0,0.0,0.0,0.0,0.0,0.0,0.0,0.0,0.532552,0.0076,0.00024,0.51742,0.5273,0.53286,0.53757,0.54706
199.0,0.467448,0.0076,0.00024,0.45294,0.46242,0.46714,0.4727,0.48258,0.0,0.0,0.0,0.0,0.0,0.0,0.0,0.0,0.532552,0.0076,0.00024,0.51742,0.5273,0.53286,0.53757,0.54699,0.0,0.0,0.0,0.0,0.0,0.0,0.0,0.0,0.532552,0.0076,0.00024,0.51742,0.5273,0.53286,0.53757,0.54706
199.25,0.467448,0.0076,0.00024,0.45294,0.46242,0.46714,0.4727,0.48258,0.0,0.0,0.0,0.0,0.0,0.0,0.0,0.0,0.532552,0.0076,0.00024,0.51742,0.5273,0.53286,0.53757,0.54699,0.0,0.0,0.0,0.0,0.0,0.0,0.0,0.0,0.532552,0.0076,0.00024,0.51742,0.5273,0.53286,0.53757,0.54706
199.5,0.467448,0.0076,0.00024,0.45294,0.46242,0.46714,0.4727,0.48258,0.0,0.0,0.0,0.0,0.0,0.0,0.0,0.0,0.532552,0.0076,0.00024,0.51742,0.5273,0.53286,0.53757,0.54699,0.0,0.0,0.0,0.0,0.0,0.0,0.0,0.0,0.532552,0.0076,0.00024,0.51742,0.5273,0.53286,0.53757,0.54706
199.75,0.467448,0.0076,0.00024,0.45294,0.46242,0.46714,0.4727,0.48258,0.0,0.0,0.0,0.0,0.0,0.0,0.0,0.0,0.532552,0.0076,0.00024,0.51742,0.5273,0.53286,0.53757,0.54699,0.0,0.0,0.0,0.0,0.0,0.0,0.0,0.0,0.532552,0.0076,0.00024,0.51742,0.5273,0.53286,0.53757,0.54706
200.0,0.467448,0.0076,0.00024,0.45294,0.46242,0.46714,0.4727,0.48258,0.0,0.0,0.0,0.0,0.0,0.0,0.0,0.0,0.532552,0.0076,0.00024,0.51742,0.5273,0.53286,0.53757,0.54699,0.0,0.0,0.0,0.0,0.0,0.0,0.0,0.0,0.532552,0.0076,0.00024,0.51742,0.5273,0.53286,0.53757,0.54706
200.25,0.467448,0.0076,0.00024,0.45294,0.46242,0.46714,0.4727,0.48258,0.0,0.0,0.0,0.0,0.0,0.0,0.0,0.0,0.532552,0.0076,0.00024,0.51742,0.5273,0.53286,0.53757,0.547,0.0,0.0,0.0,0.0,0.0,0.0,0.0,0.0,0.532552,0.0076,0.00024,0.51742,0.5273,0.53286,0.53757,0.54706
200.5,0.467448,0.0076,0.00024,0.45294,0.46242,0.46714,0.4727,0.48258,0.0,0.0,0.0,0.0,0.0,0.0,0.0,0.0,0.532552,0.0076,0.00024,0.51742,0.5273,0.53286,0.53757,0.547,0.0,0.0,0.0,0.0,0.0,0.0,0.0,0.0,0.532552,0.0076,0.00024,0.51742,0.5273,0.53286,0.53757,0.54706
200.75,0.467448,0.0076,0.00024,0.45294,0.46242,0.46714,0.4727,0.48258,0.0,0.0,0.0,0.0,0.0,0.0,0.0,0.0,0.532552,0.0076,0.00024,0.51742,0.5273,0.53286,0.53757,0.547,0.0,0.0,0.0,0.0,0.0,0.0,0.0,0.0,0.532552,0.0076,0.00024,0.51742,0.5273,0.53286,0.53757,0.54706
201.0,0.467448,0.0076,0.00024,0.45294,0.46242,0.46714,0.4727,0.48258,0.0,0.0,0.0,0.0,0.0,0.0,0.0,0.0,0.532552,0.0076,0.00024,0.51742,0.5273,0.53286,0.53757,0.54701,0.0,0.0,0.0,0.0,0.0,0.0,0.0,0.0,0.532552,0.0076,0.00024,0.51742,0.5273,0.53286,0.53757,0.54706
201.25,0.467448,0.0076,0.00024,0.45294,0.46242,0.46714,0.4727,0.48258,0.0,0.0,0.0,0.0,0.0,0.0,0.0,0.0,0.532552,0.0076,0.00024,0.51742,0.5273,0.53286,0.53757,0.54702,0.0,0.0,0.0,0.0,0.0,0.0,0.0,0.0,0.532552,0.0076,0.00024,0.51742,0.5273,0.53286,0.53757,0.54706
201.5,0.467448,0.0076,0.00024,0.45294,0.46242,0.46714,0.4727,0.48258,0.0,0.0,0.0,0.0,0.0,0.0,0.0,0.0,0.532552,0.0076,0.00024,0.51742,0.5273,0.53286,0.53757,0.54702,0.0,0.0,0.0,0.0,0.0,0.0,0.0,0.0,0.532552,0.0076,0.00024,0.51742,0.5273,0.53286,0.53757,0.54706
201.75,0.467448,0.0076,0.00024,0.45294,0.46242,0.46714,0.4727,0.48258,0.0,0.0,0.0,0.0,0.0,0.0,0.0,0.0,0.532552,0.0076,0.00024,0.51742,0.5273,0.53286,0.53757,0.54702,0.0,0.0,0.0,0.0,0.0,0.0,0.0,0.0,0.532552,0.0076,0.00024,0.51742,0.5273,0.53286,0.53757,0.54706
202.0,0.467448,0.0076,0.00024,0.45294,0.46242,0.46714,0.4727,0.48258,0.0,0.0,0.0,0.0,0.0,0.0,0.0,0.0,0.532552,0.0076,0.00024,0.51742,0.5273,0.53286,0.53757,0.54702,0.0,0.0,0.0,0.0,0.0,0.0,0.0,0.0,0.532552,0.0076,0.00024,0.51742,0.5273,0.53286,0.53757,0.54706
202.25,0.467448,0.0076,0.00024,0.45294,0.46242,0.46714,0.4727,0.48258,0.0,0.0,0.0,0.0,0.0,0.0,0.0,0.0,0.532552,0.0076,0.00024,0.51742,0.5273,0.53286,0.53757,0.54702,0.0,0.0,0.0,0.0,0.0,0.0,0.0,0.0,0.532552,0.0076,0.00024,0.51742,0.5273,0.53286,0.53757,0.54706
202.5,0.467448,0.0076,0.00024,0.45294,0.46242,0.46714,0.4727,0.48258,0.0,0.0,0.0,0.0,0.0,0.0,0.0,0.0,0.532552,0.0076,0.00024,0.51742,0.5273,0.53286,0.53757,0.54702,0.0,0.0,0.0,0.0,0.0,0.0,0.0,0.0,0.532552,0.0076,0.00024,0.51742,0.5273,0.53286,0.53757,0.54706
202.75,0.467448,0.0076,0.00024,0.45294,0.46242,0.46714,0.4727,0.48258,0.0,0.0,0.0,0.0,0.0,0.0,0.0,0.0,0.532552,0.0076,0.00024,0.51742,0.5273,0.53286,0.53757,0.54703,0.0,0.0,0.0,0.0,0.0,0.0,0.0,0.0,0.532552,0.0076,0.00024,0.51742,0.5273,0.53286,0.53757,0.54706
203.0,0.467448,0.0076,0.00024,0.45294,0.46242,0.46714,0.4727,0.48258,0.0,0.0,0.0,0.0,0.0,0.0,0.0,0.0,0.532552,0.0076,0.00024,0.51742,0.5273,0.53286,0.53757,0.54703,0.0,0.0,0.0,0.0,0.0,0.0,0.0,0.0,0.532552,0.0076,0.00024,0.51742,0.5273,0.53286,0.53757,0.54706
203.25,0.467448,0.0076,0.00024,0.45294,0.46242,0.46714,0.4727,0.48258,0.0,0.0,0.0,0.0,0.0,0.0,0.0,0.0,0.532552,0.0076,0.00024,0.51742,0.5273,0.53286,0.53757,0.54703,0.0,0.0,0.0,0.0,0.0,0.0,0.0,0.0,0.532552,0.0076,0.00024,0.51742,0.5273,0.53286,0.53757,0.54706
203.5,0.467448,0.0076,0.00024,0.45294,0.46242,0.46714,0.4727,0.48258,0.0,0.0,0.0,0.0,0.0,0.0,0.0,0.0,0.532552,0.0076,0.00024,0.51742,0.5273,0.53286,0.53757,0.54703,0.0,0.0,0.0,0.0,0.0,0.0,0.0,0.0,0.532552,0.0076,0.00024,0.51742,0.5273,0.53286,0.53757,0.54706
203.75,0.467448,0.0076,0.00024,0.45294,0.46242,0.46714,0.4727,0.48258,0.0,0.0,0.0,0.0,0.0,0.0,0.0,0.0,0.532552,0.0076,0.00024,0.51742,0.5273,0.53286,0.53757,0.54703,0.0,0.0,0.0,0.0,0.0,0.0,0.0,0.0,0.532552,0.0076,0.00024,0.51742,0.5273,0.53286,0.53757,0.54706
204.0,0.467448,0.0076,0.00024,0.45294,0.46242,0.46714,0.4727,0.48258,0.0,0.0,0.0,0.0,0.0,0.0,0.0,0.0,0.532552,0.0076,0.00024,0.51742,0.5273,0.53286,0.53757,0.54703,0.0,0.0,0.0,0.0,0.0,0.0,0.0,0.0,0.532552,0.0076,0.00024,0.51742,0.5273,0.53286,0.53757,0.54706
204.25,0.467448,0.0076,0.00024,0.45294,0.46242,0.46714,0.4727,0.48258,0.0,0.0,0.0,0.0,0.0,0.0,0.0,0.0,0.532552,0.0076,0.00024,0.51742,0.5273,0.53286,0.53757,0.54703,0.0,0.0,0.0,0.0,0.0,0.0,0.0,0.0,0.532552,0.0076,0.00024,0.51742,0.5273,0.53286,0.53757,0.54706
204.5,0.467448,0.0076,0.00024,0.45293,0.46242,0.46714,0.4727,0.48258,0.0,0.0,0.0,0.0,0.0,0.0,0.0,0.0,0.532552,0.0076,0.00024,0.51742,0.5273,0.53286,0.53757,0.54703,0.0,0.0,0.0,0.0,0.0,0.0,0.0,0.0,0.532552,0.0076,0.00024,0.51742,0.5273,0.53286,0.53757,0.54707
204.75,0.467447,0.0076,0.00024,0.45293,0.46242,0.46714,0.4727,0.48258,0.0,0.0,0.0,0.0,0.0,0.0,0.0,0.0,0.532552,0.0076,0.00024,0.51742,0.5273,0.53286,0.53757,0.54703,0.0,0.0,0.0,0.0,0.0,0.0,0.0,0.0,0.532552,0.0076,0.00024,0.51742,0.5273,0.53286,0.53757,0.54707
205.0,0.467447,0.0076,0.00024,0.45293,0.46242,0.46714,0.4727,0.48258,0.0,0.0,0.0,0.0,0.0,0.0,0.0,0.0,0.532552,0.0076,0.00024,0.51742,0.5273,0.53286,0.53757,0.54703,0.0,0.0,0.0,0.0,0.0,0.0,0.0,0.0,0.532552,0.0076,0.00024,0.51742,0.5273,0.53286,0.53757,0.54707
205.25,0.467447,0.0076,0.00024,0.45293,0.46242,0.46714,0.4727,0.48258,0.0,0.0,0.0,0.0,0.0,0.0,0.0,0.0,0.532552,0.0076,0.00024,0.51742,0.5273,0.53286,0.53757,0.54704,0.0,0.0,0.0,0.0,0.0,0.0,0.0,0.0,0.532553,0.0076,0.00024,0.51742,0.5273,0.53286,0.53757,0.54707
205.5,0.467447,0.0076,0.00024,0.45293,0.46242,0.46714,0.4727,0.48258,0.0,0.0,0.0,0.0,0.0,0.0,0.0,0.0,0.532552,0.0076,0.00024,0.51742,0.5273,0.53286,0.53757,0.54704,0.0,0.0,0.0,0.0,0.0,0.0,0.0,0.0,0.532553,0.0076,0.00024,0.51742,0.5273,0.53286,0.53757,0.54707
205.75,0.467447,0.0076,0.00024,0.45293,0.46242,0.46714,0.4727,0.48258,0.0,0.0,0.0,0.0,0.0,0.0,0.0,0.0,0.532552,0.0076,0.00024,0.51742,0.5273,0.53286,0.53757,0.54704,0.0,0.0,0.0,0.0,0.0,0.0,0.0,0.0,0.532553,0.0076,0.00024,0.51742,0.5273,0.53286,0.53757,0.54707
206.0,0.467447,0.0076,0.00024,0.45293,0.46242,0.46714,0.4727,0.48258,0.0,0.0,0.0,0.0,0.0,0.0,0.0,0.0,0.532552,0.0076,0.00024,0.51742,0.5273,0.53286,0.53757,0.54704,0.0,0.0,0.0,0.0,0.0,0.0,0.0,0.0,0.532553,0.0076,0.00024,0.51742,0.5273,0.53286,0.53757,0.54707
206.25,0.467447,0.0076,0.00024,0.45291,0.46242,0.46714,0.4727,0.48258,0.0,0.0,0.0,0.0,0.0,0.0,0.0,0.0,0.532552,0.0076,0.00024,0.51742,0.5273,0.53286,0.53757,0.54704,0.0,0.0,0.0,0.0,0.0,0.0,0.0,0.0,0.532553,0.0076,0.00024,0.51742,0.5273,0.53286,0.53757,0.54709
206.5,0.467447,0.0076,0.00024,0.4529,0.46242,0.46714,0.4727,0.48258,0.0,0.0,0.0,0.0,0.0,0.0,0.0,0.0,0.532552,0.0076,0.00024,0.51742,0.5273,0.53286,0.53757,0.54705,0.0,0.0,0.0,0.0,0.0,0.0,0.0,0.0,0.532553,0.0076,0.00024,0.51742,0.5273,0.53286,0.53757,0.5471
206.75,0.467447,0.0076,0.00024,0.4529,0.46242,0.46714,0.4727,0.48258,0.0,0.0,0.0,0.0,0.0,0.0,0.0,0.0,0.532552,0.0076,0.00024,0.51742,0.5273,0.53286,0.53757,0.54705,0.0,0.0,0.0,0.0,0.0,0.0,0.0,0.0,0.532553,0.0076,0.00024,0.51742,0.5273,0.53286,0.53757,0.5471
207.0,0.467447,0.0076,0.00024,0.4529,0.46242,0.46714,0.4727,0.48258,0.0,0.0,0.0,0.0,0.0,0.0,0.0,0.0,0.532552,0.0076,0.00024,0.51742,0.5273,0.53286,0.53757,0.54706,0.0,0.0,0.0,0.0,0.0,0.0,0.0,0.0,0.532553,0.0076,0.00024,0.51742,0.5273,0.53286,0.53757,0.5471
207.25,0.467447,0.0076,0.00024,0.4529,0.46242,0.46714,0.4727,0.48258,0.0,0.0,0.0,0.0,0.0,0.0,0.0,0.0,0.532552,0.0076,0.00024,0.51742,0.5273,0.53286,0.53757,0.54706,0.0,0.0,0.0,0.0,0.0,0.0,0.0,0.0,0.532553,0.0076,0.00024,0.51742,0.5273,0.53286,0.53757,0.5471
207.5,0.467447,0.0076,0.00024,0.4529,0.46242,0.46714,0.4727,0.48258,0.0,0.0,0.0,0.0,0.0,0.0,0.0,0.0,0.532552,0.0076,0.00024,0.51742,0.5273,0.53286,0.53757,0.54706,0.0,0.0,0.0,0.0,0.0,0.0,0.0,0.0,0.532553,0.0076,0.00024,0.51742,0.5273,0.53286,0.53757,0.5471
207.75,0.467447,0.0076,0.00024,0.4529,0.46242,0.46714,0.4727,0.48258,0.0,0.0,0.0,0.0,0.0,0.0,0.0,0.0,0.532552,0.0076,0.00024,0.51742,0.5273,0.53286,0.53757,0.54706,0.0,0.0,0.0,0.0,0.0,0.0,0.0,0.0,0.532553,0.0076,0.00024,0.51742,0.5273,0.53286,0.53757,0.5471
208.0,0.467447,0.0076,0.00024,0.4529,0.46242,0.46714,0.4727,0.48258,0.0,0.0,0.0,0.0,0.0,0.0,0.0,0.0,0.532552,0.0076,0.00024,0.51742,0.5273,0.53286,0.53757,0.54707,0.0,0.0,0.0,0.0,0.0,0.0,0.0,0.0,0.532553,0.0076,0.00024,0.51742,0.5273,0.53286,0.53757,0.5471
208.25,0.467447,0.0076,0.00024,0.4529,0.46242,0.46714,0.4727,0.48258,0.0,0.0,0.0,0.0,0.0,0.0,0.0,0.0,0.532552,0.0076,0.00024,0.51742,0.5273,0.53286,0.53757,0.54707,0.0,0.0,0.0,0.0,0.0,0.0,0.0,0.0,0.532553,0.0076,0.00024,0.51742,0.5273,0.53286,0.53757,0.5471
208.5,0.467447,0.0076,0.00024,0.4529,0.46242,0.46714,0.4727,0.48258,0.0,0.0,0.0,0.0,0.0,0.0,0.0,0.0,0.532552,0.0076,0.00024,0.51742,0.5273,0.53286,0.53757,0.54707,0.0,0.0,0.0,0.0,0.0,0.0,0.0,0.0,0.532553,0.0076,0.00024,0.51742,0.5273,0.53286,0.53757,0.5471
208.75,0.467447,0.0076,0.00024,0.4529,0.46242,0.46714,0.4727,0.48258,0.0,0.0,0.0,0.0,0.0,0.0,0.0,0.0,0.532552,0.0076,0.00024,0.51742,0.5273,0.53286,0.53757,0.54707,0.0,0.0,0.0,0.0,0.0,0.0,0.0,0.0,0.532553,0.0076,0.00024,0.51742,0.5273,0.53286,0.53757,0.5471
209.0,0.467447,0.0076,0.00024,0.4529,0.46242,0.46714,0.4727,0.48258,0.0,0.0,0.0,0.0,0.0,0.0,0.0,0.0,0.532553,0.0076,0.00024,0.51742,0.5273,0.53286,0.53757,0.54708,0.0,0.0,0.0,0.0,0.0,0.0,0.0,0.0,0.532553,0.0076,0.00024,0.51742,0.5273,0.53286,0.53757,0.5471
209.25,0.467447,0.0076,0.00024,0.4529,0.46242,0.46714,0.4727,0.48258,0.0,0.0,0.0,0.0,0.0,0.0,0.0,0.0,0.532553,0.0076,0.00024,0.51742,0.5273,0.53286,0.53757,0.54708,0.0,0.0,0.0,0.0,0.0,0.0,0.0,0.0,0.532553,0.0076,0.00024,0.51742,0.5273,0.53286,0.53757,0.5471
209.5,0.467447,0.0076,0.00024,0.4529,0.46242,0.46714,0.4727,0.48258,0.0,0.0,0.0,0.0,0.0,0.0,0.0,0.0,0.532553,0.0076,0.00024,0.51742,0.5273,0.53286,0.53757,0.54708,0.0,0.0,0.0,0.0,0.0,0.0,0.0,0.0,0.532553,0.0076,0.00024,0.51742,0.5273,0.53286,0.53757,0.5471
209.75,0.467447,0.0076,0.00024,0.4529,0.46242,0.46714,0.4727,0.48258,0.0,0.0,0.0,0.0,0.0,0.0,0.0,0.0,0.532553,0.0076,0.00024,0.51742,0.5273,0.53286,0.53757,0.54708,0.0,0.0,0.0,0.0,0.0,0.0,0.0,0.0,0.532553,0.0076,0.00024,0.51742,0.5273,0.53286,0.53757,0.5471
210.0,0.467447,0.0076,0.00024,0.4529,0.46242,0.46714,0.4727,0.48258,0.0,0.0,0.0,0.0,0.0,0.0,0.0,0.0,0.532553,0.0076,0.00024,0.51742,0.5273,0.53286,0.53757,0.54708,0.0,0.0,0.0,0.0,0.0,0.0,0.0,0.0,0.532553,0.0076,0.00024,0.51742,0.5273,0.53286,0.53757,0.5471
210.25,0.467447,0.0076,0.00024,0.4529,0.46242,0.46714,0.4727,0.48258,0.0,0.0,0.0,0.0,0.0,0.0,0.0,0.0,0.532553,0.0076,0.00024,0.51742,0.5273,0.53286,0.53757,0.54708,0.0,0.0,0.0,0.0,0.0,0.0,0.0,0.0,0.532553,0.0076,0.00024,0.51742,0.5273,0.53286,0.53757,0.5471
210.5,0.467447,0.0076,0.00024,0.45289,0.46242,0.46714,0.4727,0.48258,0.0,0.0,0.0,0.0,0.0,0.0,0.0,0.0,0.532553,0.0076,0.00024,0.51742,0.5273,0.53286,0.53757,0.54708,0.0,0.0,0.0,0.0,0.0,0.0,0.0,0.0,0.532553,0.0076,0.00024,0.51742,0.5273,0.53286,0.53757,0.54711
210.75,0.467447,0.0076,0.00024,0.45289,0.46242,0.46714,0.4727,0.48258,0.0,0.0,0.0,0.0,0.0,0.0,0.0,0.0,0.532553,0.0076,0.00024,0.51742,0.5273,0.53286,0.53757,0.54708,0.0,0.0,0.0,0.0,0.0,0.0,0.0,0.0,0.532553,0.0076,0.00024,0.51742,0.5273,0.53286,0.53757,0.54711
211.0,0.467447,0.0076,0.00024,0.45289,0.46242,0.46714,0.4727,0.48258,0.0,0.0,0.0,0.0,0.0,0.0,0.0,0.0,0.532553,0.0076,0.00024,0.51742,0.5273,0.53286,0.53757,0.54708,0.0,0.0,0.0,0.0,0.0,0.0,0.0,0.0,0.532553,0.0076,0.00024,0.51742,0.5273,0.53286,0.53757,0.54711
211.25,0.467447,0.0076,0.00024,0.45289,0.46242,0.46714,0.4727,0.48258,0.0,0.0,0.0,0.0,0.0,0.0,0.0,0.0,0.532553,0.0076,0.00024,0.51742,0.5273,0.53286,0.53757,0.54709,0.0,0.0,0.0,0.0,0.0,0.0,0.0,0.0,0.532553,0.0076,0.00024,0.51742,0.5273,0.53286,0.53757,0.54711
211.5,0.467447,0.0076,0.00024,0.45289,0.46242,0.46714,0.4727,0.48258,0.0,0.0,0.0,0.0,0.0,0.0,0.0,0.0,0.532553,0.0076,0.00024,0.51742,0.5273,0.53286,0.53757,0.54709,0.0,0.0,0.0,0.0,0.0,0.0,0.0,0.0,0.532553,0.0076,0.00024,0.51742,0.5273,0.53286,0.53757,0.54711
211.75,0.467447,0.0076,0.00024,0.45289,0.46242,0.46714,0.4727,0.48258,0.0,0.0,0.0,0.0,0.0,0.0,0.0,0.0,0.532553,0.0076,0.00024,0.51742,0.5273,0.53286,0.53757,0.5471,0.0,0.0,0.0,0.0,0.0,0.0,0.0,0.0,0.532553,0.0076,0.00024,0.51742,0.5273,0.53286,0.53757,0.54711
212.0,0.467447,0.0076,0.00024,0.45289,0.46242,0.46714,0.4727,0.48258,0.0,0.0,0.0,0.0,0.0,0.0,0.0,0.0,0.532553,0.0076,0.00024,0.51742,0.5273,0.53286,0.53757,0.5471,0.0,0.0,0.0,0.0,0.0,0.0,0.0,0.0,0.532553,0.0076,0.00024,0.51742,0.5273,0.53286,0.53757,0.54711
212.25,0.467447,0.0076,0.00024,0.45289,0.46242,0.46714,0.4727,0.48258,0.0,0.0,0.0,0.0,0.0,0.0,0.0,0.0,0.532553,0.0076,0.00024,0.51742,0.5273,0.53286,0.53757,0.5471,0.0,0.0,0.0,0.0,0.0,0.0,0.0,0.0,0.532553,0.0076,0.00024,0.51742,0.5273,0.53286,0.53757,0.54711
212.5,0.467447,0.0076,0.00024,0.45289,0.46242,0.46714,0.4727,0.48258,0.0,0.0,0.0,0.0,0.0,0.0,0.0,0.0,0.532553,0.0076,0.00024,0.51742,0.5273,0.53286,0.53757,0.5471,0.0,0.0,0.0,0.0,0.0,0.0,0.0,0.0,0.532553,0.0076,0.00024,0.51742,0.5273,0.53286,0.53757,0.54711
212.75,0.467447,0.0076,0.00024,0.45289,0.46242,0.46714,0.4727,0.48258,0.0,0.0,0.0,0.0,0.0,0.0,0.0,0.0,0.532553,0.0076,0.00024,0.51742,0.5273,0.53286,0.53757,0.5471,0.0,0.0,0.0,0.0,0.0,0.0,0.0,0.0,0.532553,0.0076,0.00024,0.51742,0.5273,0.53286,0.53757,0.54711
213.0,0.467447,0.0076,0.00024,0.45289,0.46242,0.46714,0.4727,0.48258,0.0,0.0,0.0,0.0,0.0,0.0,0.0,0.0,0.532553,0.0076,0.00024,0.51742,0.5273,0.53286,0.53757,0.54711,0.0,0.0,0.0,0.0,0.0,0.0,0.0,0.0,0.532553,0.0076,0.00024,0.51742,0.5273,0.53286,0.53757,0.54711
213.25,0.467447,0.0076,0.00024,0.45289,0.46242,0.46714,0.4727,0.48258,0.0,0.0,0.0,0.0,0.0,0.0,0.0,0.0,0.532553,0.0076,0.00024,0.51742,0.5273,0.53286,0.53757,0.54711,0.0,0.0,0.0,0.0,0.0,0.0,0.0,0.0,0.532553,0.0076,0.00024,0.51742,0.5273,0.53286,0.53757,0.54711
213.5,0.467447,0.0076,0.00024,0.45289,0.46242,0.46714,0.4727,0.48258,0.0,0.0,0.0,0.0,0.0,0.0,0.0,0.0,0.532553,0.0076,0.00024,0.51742,0.5273,0.53286,0.53757,0.54711,0.0,0.0,0.0,0.0,0.0,0.0,0.0,0.0,0.532553,0.0076,0.00024,0.51742,0.5273,0.53286,0.53757,0.54711
213.75,0.467447,0.0076,0.00024,0.45289,0.46242,0.46714,0.4727,0.48258,0.0,0.0,0.0,0.0,0.0,0.0,0.0,0.0,0.532553,0.0076,0.00024,0.51742,0.5273,0.53286,0.53757,0.54711,0.0,0.0,0.0,0.0,0.0,0.0,0.0,0.0,0.532553,0.0076,0.00024,0.51742,0.5273,0.53286,0.53757,0.54711
214.0,0.467447,0.0076,0.00024,0.45289,0.46242,0.46714,0.4727,0.48258,0.0,0.0,0.0,0.0,0.0,0.0,0.0,0.0,0.532553,0.0076,0.00024,0.51742,0.5273,0.53286,0.53757,0.54711,0.0,0.0,0.0,0.0,0.0,0.0,0.0,0.0,0.532553,0.0076,0.00024,0.51742,0.5273,0.53286,0.53757,0.54711
214.25,0.467447,0.0076,0.00024,0.45289,0.46242,0.46714,0.4727,0.48258,0.0,0.0,0.0,0.0,0.0,0.0,0.0,0.0,0.532553,0.0076,0.00024,0.51742,0.5273,0.53286,0.53757,0.54711,0.0,0.0,0.0,0.0,0.0,0.0,0.0,0.0,0.532553,0.0076,0.00024,0.51742,0.5273,0.53286,0.53757,0.54711
214.5,0.467447,0.0076,0.00024,0.45289,0.46242,0.46714,0.4727,0.48258,0.0,0.0,0.0,0.0,0.0,0.0,0.0,0.0,0.532553,0.0076,0.00024,0.51742,0.5273,0.53286,0.53757,0.54711,0.0,0.0,0.0,0.0,0.0,0.0,0.0,0.0,0.532553,0.0076,0.00024,0.51742,0.5273,0.53286,0.53757,0.54711
214.75,0.467447,0.0076,0.00024,0.45289,0.46242,0.46714,0.4727,0.48258,0.0,0.0,0.0,0.0,0.0,0.0,0.0,0.0,0.532553,0.0076,0.00024,0.51742,0.5273,0.53286,0.53757,0.54711,0.0,0.0,0.0,0.0,0.0,0.0,0.0,0.0,0.532553,0.0076,0.00024,0.51742,0.5273,0.53286,0.53757,0.54711
215.0,0.467447,0.0076,0.00024,0.45289,0.46242,0.46714,0.4727,0.48258,0.0,0.0,0.0,0.0,0.0,0.0,0.0,0.0,0.532553,0.0076,0.00024,0.51742,0.5273,0.53286,0.53757,0.54711,0.0,0.0,0.0,0.0,0.0,0.0,0.0,0.0,0.532553,0.0076,0.00024,0.51742,0.5273,0.53286,0.53757,0.54711
215.25,0.467447,0.0076,0.00024,0.45289,0.46242,0.46714,0.4727,0.48258,0.0,0.0,0.0,0.0,0.0,0.0,0.0,0.0,0.532553,0.0076,0.00024,0.51742,0.5273,0.53286,0.53757,0.54711,0.0,0.0,0.0,0.0,0.0,0.0,0.0,0.0,0.532553,0.0076,0.00024,0.51742,0.5273,0.53286,0.53757,0.54711
215.5,0.467447,0.0076,0.00024,0.45289,0.46242,0.46714,0.4727,0.48258,0.0,0.0,0.0,0.0,0.0,0.0,0.0,0.0,0.532553,0.0076,0.00024,0.51742,0.5273,0.53286,0.53757,0.54711,0.0,0.0,0.0,0.0,0.0,0.0,0.0,0.0,0.532553,0.0076,0.00024,0.51742,0.5273,0.53286,0.53757,0.54711
215.75,0.467447,0.0076,0.00024,0.45289,0.46242,0.46714,0.4727,0.48258,0.0,0.0,0.0,0.0,0.0,0.0,0.0,0.0,0.532553,0.0076,0.00024,0.51742,0.5273,0.53286,0.53757,0.54711,0.0,0.0,0.0,0.0,0.0,0.0,0.0,0.0,0.532553,0.0076,0.00024,0.51742,0.5273,0.53286,0.53757,0.54711
216.0,0.467447,0.0076,0.00024,0.45289,0.46242,0.46714,0.4727,0.48258,0.0,0.0,0.0,0.0,0.0,0.0,0.0,0.0,0.532553,0.0076,0.00024,0.51742,0.5273,0.53286,0.53757,0.54711,0.0,0.0,0.0,0.0,0.0,0.0,0.0,0.0,0.532553,0.0076,0.00024,0.51742,0.5273,0.53286,0.53757,0.54711
216.25,0.467447,0.0076,0.00024,0.45289,0.46242,0.46714,0.4727,0.48258,0.0,0.0,0.0,0.0,0.0,0.0,0.0,0.0,0.532553,0.0076,0.00024,0.51742,0.5273,0.53286,0.53757,0.54711,0.0,0.0,0.0,0.0,0.0,0.0,0.0,0.0,0.532553,0.0076,0.00024,0.51742,0.5273,0.53286,0.53757,0.54711
216.5,0.467447,0.0076,0.00024,0.45289,0.46242,0.46714,0.4727,0.48258,0.0,0.0,0.0,0.0,0.0,0.0,0.0,0.0,0.532553,0.0076,0.00024,0.51742,0.5273,0.53286,0.53757,0.54711,0.0,0.0,0.0,0.0,0.0,0.0,0.0,0.0,0.532553,0.0076,0.00024,0.51742,0.5273,0.53286,0.53757,0.54711
216.75,0.467447,0.0076,0.00024,0.45289,0.46242,0.46714,0.4727,0.48258,0.0,0.0,0.0,0.0,0.0,0.0,0.0,0.0,0.532553,0.0076,0.00024,0.51742,0.5273,0.53286,0.53757,0.54711,0.0,0.0,0.0,0.0,0.0,0.0,0.0,0.0,0.532553,0.0076,0.00024,0.51742,0.5273,0.53286,0.53757,0.54711
217.0,0.467447,0.0076,0.00024,0.45289,0.46242,0.46714,0.4727,0.48258,0.0,0.0,0.0,0.0,0.0,0.0,0.0,0.0,0.532553,0.0076,0.00024,0.51742,0.5273,0.53286,0.53757,0.54711,0.0,0.0,0.0,0.0,0.0,0.0,0.0,0.0,0.532553,0.0076,0.00024,0.51742,0.5273,0.53286,0.53757,0.54711
217.25,0.467447,0.0076,0.00024,0.45289,0.46242,0.46714,0.4727,0.48258,0.0,0.0,0.0,0.0,0.0,0.0,0.0,0.0,0.532553,0.0076,0.00024,0.51742,0.5273,0.53286,0.53757,0.54711,0.0,0.0,0.0,0.0,0.0,0.0,0.0,0.0,0.532553,0.0076,0.00024,0.51742,0.5273,0.53286,0.53757,0.54711
217.5,0.467447,0.0076,0.00024,0.45289,0.46242,0.46714,0.4727,0.48258,0.0,0.0,0.0,0.0,0.0,0.0,0.0,0.0,0.532553,0.0076,0.00024,0.51742,0.5273,0.53286,0.53757,0.54711,0.0,0.0,0.0,0.0,0.0,0.0,0.0,0.0,0.532553,0.0076,0.00024,0.51742,0.5273,0.53286,0.53757,0.54711
217.75,0.467447,0.0076,0.00024,0.45289,0.46242,0.46714,0.4727,0.48258,0.0,0.0,0.0,0.0,0.0,0.0,0.0,0.0,0.532553,0.0076,0.00024,0.51742,0.5273,0.53286,0.53757,0.54711,0.0,0.0,0.0,0.0,0.0,0.0,0.0,0.0,0.532553,0.0076,0.00024,0.51742,0.5273,0.53286,0.53757,0.54711
218.0,0.467447,0.0076,0.00024,0.45289,0.46242,0.46714,0.4727,0.48258,0.0,0.0,0.0,0.0,0.0,0.0,0.0,0.0,0.532553,0.0076,0.00024,0.51742,0.5273,0.53286,0.53757,0.54711,0.0,0.0,0.0,0.0,0.0,0.0,0.0,0.0,0.532553,0.0076,0.00024,0.51742,0.5273,0.53286,0.53757,0.54711
218.25,0.467447,0.0076,0.00024,0.45289,0.46242,0.46714,0.4727,0.48258,0.0,0.0,0.0,0.0,0.0,0.0,0.0,0.0,0.532553,0.0076,0.00024,0.51742,0.5273,0.53286,0.53757,0.54711,0.0,0.0,0.0,0.0,0.0,0.0,0.0,0.0,0.532553,0.0076,0.00024,0.51742,0.5273,0.53286,0.53757,0.54711
218.5,0.467447,0.0076,0.00024,0.45289,0.46242,0.46714,0.4727,0.48258,0.0,0.0,0.0,0.0,0.0,0.0,0.0,0.0,0.532553,0.0076,0.00024,0.51742,0.5273,0.53286,0.53757,0.54711,0.0,0.0,0.0,0.0,0.0,0.0,0.0,0.0,0.532553,0.0076,0.00024,0.51742,0.5273,0.53286,0.53757,0.54711
218.75,0.467447,0.0076,0.00024,0.45289,0.46242,0.46714,0.4727,0.48258,0.0,0.0,0.0,0.0,0.0,0.0,0.0,0.0,0.532553,0.0076,0.00024,0.51742,0.5273,0.53286,0.53757,0.54711,0.0,0.0,0.0,0.0,0.0,0.0,0.0,0.0,0.532553,0.0076,0.00024,0.51742,0.5273,0.53286,0.53757,0.54711
219.0,0.467447,0.0076,0.00024,0.45289,0.46242,0.46714,0.4727,0.48258,0.0,0.0,0.0,0.0,0.0,0.0,0.0,0.0,0.532553,0.0076,0.00024,0.51742,0.5273,0.53286,0.53757,0.54711,0.0,0.0,0.0,0.0,0.0,0.0,0.0,0.0,0.532553,0.0076,0.00024,0.51742,0.5273,0.53286,0.53757,0.54711
219.25,0.467447,0.0076,0.00024,0.45289,0.46242,0.46714,0.4727,0.48258,0.0,0.0,0.0,0.0,0.0,0.0,0.0,0.0,0.532553,0.0076,0.00024,0.51742,0.5273,0.53286,0.53757,0.54711,0.0,0.0,0.0,0.0,0.0,0.0,0.0,0.0,0.532553,0.0076,0.00024,0.51742,0.5273,0.53286,0.53757,0.54711
219.5,0.467447,0.0076,0.00024,0.45289,0.46242,0.46714,0.4727,0.48258,0.0,0.0,0.0,0.0,0.0,0.0,0.0,0.0,0.532553,0.0076,0.00024,0.51742,0.5273,0.53286,0.53757,0.54711,0.0,0.0,0.0,0.0,0.0,0.0,0.0,0.0,0.532553,0.0076,0.00024,0.51742,0.5273,0.53286,0.53757,0.54711
219.75,0.467447,0.0076,0.00024,0.45289,0.46242,0.46714,0.4727,0.48258,0.0,0.0,0.0,0.0,0.0,0.0,0.0,0.0,0.532553,0.0076,0.00024,0.51742,0.5273,0.53286,0.53757,0.54711,0.0,0.0,0.0,0.0,0.0,0.0,0.0,0.0,0.532553,0.0076,0.00024,0.51742,0.5273,0.53286,0.53757,0.54711
220.0,0.467447,0.0076,0.00024,0.45289,0.46242,0.46714,0.4727,0.48258,0.0,0.0,0.0,0.0,0.0,0.0,0.0,0.0,0.532553,0.0076,0.00024,0.51742,0.5273,0.53286,0.53757,0.54711,0.0,0.0,0.0,0.0,0.0,0.0,0.0,0.0,0.532553,0.0076,0.00024,0.51742,0.5273,0.53286,0.53757,0.54711
220.25,0.467447,0.0076,0.00024,0.45289,0.46242,0.46714,0.4727,0.48258,0.0,0.0,0.0,0.0,0.0,0.0,0.0,0.0,0.532553,0.0076,0.00024,0.51742,0.5273,0.53286,0.53757,0.54711,0.0,0.0,0.0,0.0,0.0,0.0,0.0,0.0,0.532553,0.0076,0.00024,0.51742,0.5273,0.53286,0.53757,0.54711
220.5,0.467447,0.0076,0.00024,0.45289,0.46242,0.46714,0.4727,0.48258,0.0,0.0,0.0,0.0,0.0,0.0,0.0,0.0,0.532553,0.0076,0.00024,0.51742,0.5273,0.53286,0.53757,0.54711,0.0,0.0,0.0,0.0,0.0,0.0,0.0,0.0,0.532553,0.0076,0.00024,0.51742,0.5273,0.53286,0.53757,0.54711
220.75,0.467447,0.0076,0.00024,0.45289,0.46242,0.46714,0.4727,0.48258,0.0,0.0,0.0,0.0,0.0,0.0,0.0,0.0,0.532553,0.0076,0.00024,0.51742,0.5273,0.53286,0.53757,0.54711,0.0,0.0,0.0,0.0,0.0,0.0,0.0,0.0,0.532553,0.0076,0.00024,0.51742,0.5273,0.53286,0.53757,0.54711
221.0,0.467447,0.0076,0.00024,0.45289,0.46242,0.46714,0.4727,0.48258,0.0,0.0,0.0,0.0,0.0,0.0,0.0,0.0,0.532553,0.0076,0.00024,0.51742,0.5273,0.53286,0.53757,0.54711,0.0,0.0,0.0,0.0,0.0,0.0,0.0,0.0,0.532553,0.0076,0.00024,0.51742,0.5273,0.53286,0.53757,0.54711
221.25,0.467447,0.0076,0.00024,0.45289,0.46242,0.46714,0.4727,0.48258,0.0,0.0,0.0,0.0,0.0,0.0,0.0,0.0,0.532553,0.0076,0.00024,0.51742,0.5273,0.53286,0.53757,0.54711,0.0,0.0,0.0,0.0,0.0,0.0,0.0,0.0,0.532553,0.0076,0.00024,0.51742,0.5273,0.53286,0.53757,0.54711
221.5,0.467447,0.0076,0.00024,0.45289,0.46242,0.46714,0.4727,0.48258,0.0,0.0,0.0,0.0,0.0,0.0,0.0,0.0,0.532553,0.0076,0.00024,0.51742,0.5273,0.53286,0.53757,0.54711,0.0,0.0,0.0,0.0,0.0,0.0,0.0,0.0,0.532553,0.0076,0.00024,0.51742,0.5273,0.53286,0.53757,0.54711
221.75,0.467447,0.0076,0.00024,0.45289,0.46242,0.46714,0.4727,0.48258,0.0,0.0,0.0,0.0,0.0,0.0,0.0,0.0,0.532553,0.0076,0.00024,0.51742,0.5273,0.53286,0.53757,0.54711,0.0,0.0,0.0,0.0,0.0,0.0,0.0,0.0,0.532553,0.0076,0.00024,0.51742,0.5273,0.53286,0.53757,0.54711
222.0,0.467447,0.0076,0.00024,0.45289,0.46242,0.46714,0.4727,0.48258,0.0,0.0,0.0,0.0,0.0,0.0,0.0,0.0,0.532553,0.0076,0.00024,0.51742,0.5273,0.53286,0.53757,0.54711,0.0,0.0,0.0,0.0,0.0,0.0,0.0,0.0,0.532553,0.0076,0.00024,0.51742,0.5273,0.53286,0.53757,0.54711
222.25,0.467447,0.0076,0.00024,0.45289,0.46242,0.46714,0.4727,0.48258,0.0,0.0,0.0,0.0,0.0,0.0,0.0,0.0,0.532553,0.0076,0.00024,0.51742,0.5273,0.53286,0.53757,0.54711,0.0,0.0,0.0,0.0,0.0,0.0,0.0,0.0,0.532553,0.0076,0.00024,0.51742,0.5273,0.53286,0.53757,0.54711
222.5,0.467447,0.0076,0.00024,0.45289,0.46242,0.46714,0.4727,0.48258,0.0,0.0,0.0,0.0,0.0,0.0,0.0,0.0,0.532553,0.0076,0.00024,0.51742,0.5273,0.53286,0.53757,0.54711,0.0,0.0,0.0,0.0,0.0,0.0,0.0,0.0,0.532553,0.0076,0.00024,0.51742,0.5273,0.53286,0.53757,0.54711
222.75,0.467447,0.0076,0.00024,0.45289,0.46242,0.46714,0.4727,0.48258,0.0,0.0,0.0,0.0,0.0,0.0,0.0,0.0,0.532553,0.0076,0.00024,0.51742,0.5273,0.53286,0.53757,0.54711,0.0,0.0,0.0,0.0,0.0,0.0,0.0,0.0,0.532553,0.0076,0.00024,0.51742,0.5273,0.53286,0.53757,0.54711
223.0,0.467447,0.0076,0.00024,0.45289,0.46242,0.46714,0.4727,0.48258,0.0,0.0,0.0,0.0,0.0,0.0,0.0,0.0,0.532553,0.0076,0.00024,0.51742,0.5273,0.53286,0.53757,0.54711,0.0,0.0,0.0,0.0,0.0,0.0,0.0,0.0,0.532553,0.0076,0.00024,0.51742,0.5273,0.53286,0.53757,0.54711
223.25,0.467447,0.0076,0.00024,0.45289,0.46242,0.46714,0.4727,0.48258,0.0,0.0,0.0,0.0,0.0,0.0,0.0,0.0,0.532553,0.0076,0.00024,0.51742,0.5273,0.53286,0.53757,0.54711,0.0,0.0,0.0,0.0,0.0,0.0,0.0,0.0,0.532553,0.0076,0.00024,0.51742,0.5273,0.53286,0.53757,0.54711
223.5,0.467447,0.0076,0.00024,0.45289,0.46242,0.46714,0.4727,0.48258,0.0,0.0,0.0,0.0,0.0,0.0,0.0,0.0,0.532553,0.0076,0.00024,0.51742,0.5273,0.53286,0.53757,0.54711,0.0,0.0,0.0,0.0,0.0,0.0,0.0,0.0,0.532553,0.0076,0.00024,0.51742,0.5273,0.53286,0.53757,0.54711
223.75,0.467447,0.0076,0.00024,0.45289,0.46242,0.46714,0.4727,0.48258,0.0,0.0,0.0,0.0,0.0,0.0,0.0,0.0,0.532553,0.0076,0.00024,0.51742,0.5273,0.53286,0.53757,0.54711,0.0,0.0,0.0,0.0,0.0,0.0,0.0,0.0,0.532553,0.0076,0.00024,0.51742,0.5273,0.53286,0.53757,0.54711
224.0,0.467447,0.0076,0.00024,0.45289,0.46242,0.46714,0.4727,0.48258,0.0,0.0,0.0,0.0,0.0,0.0,0.0,0.0,0.532553,0.0076,0.00024,0.51742,0.5273,0.53286,0.53757,0.54711,0.0,0.0,0.0,0.0,0.0,0.0,0.0,0.0,0.532553,0.0076,0.00024,0.51742,0.5273,0.53286,0.53757,0.54711
224.25,0.467447,0.0076,0.00024,0.45289,0.46242,0.46714,0.4727,0.48258,0.0,0.0,0.0,0.0,0.0,0.0,0.0,0.0,0.532553,0.0076,0.00024,0.51742,0.5273,0.53286,0.53757,0.54711,0.0,0.0,0.0,0.0,0.0,0.0,0.0,0.0,0.532553,0.0076,0.00024,0.51742,0.5273,0.53286,0.53757,0.54711
224.5,0.467447,0.0076,0.00024,0.45289,0.46242,0.46714,0.4727,0.48258,0.0,0.0,0.0,0.0,0.0,0.0,0.0,0.0,0.532553,0.0076,0.00024,0.51742,0.5273,0.53286,0.53757,0.54711,0.0,0.0,0.0,0.0,0.0,0.0,0.0,0.0,0.532553,0.0076,0.00024,0.51742,0.5273,0.53286,0.53757,0.54711
224.75,0.467447,0.0076,0.00024,0.45289,0.46242,0.46714,0.4727,0.48258,0.0,0.0,0.0,0.0,0.0,0.0,0.0,0.0,0.532553,0.0076,0.00024,0.51742,0.5273,0.53286,0.53757,0.54711,0.0,0.0,0.0,0.0,0.0,0.0,0.0,0.0,0.532553,0.0076,0.00024,0.51742,0.5273,0.53286,0.53757,0.54711
225.0,0.467447,0.0076,0.00024,0.45289,0.46242,0.46714,0.4727,0.48258,0.0,0.0,0.0,0.0,0.0,0.0,0.0,0.0,0.532553,0.0076,0.00024,0.51742,0.5273,0.53286,0.53757,0.54711,0.0,0.0,0.0,0.0,0.0,0.0,0.0,0.0,0.532553,0.0076,0.00024,0.51742,0.5273,0.53286,0.53757,0.54711
225.25,0.467447,0.0076,0.00024,0.45289,0.46242,0.46714,0.4727,0.48258,0.0,0.0,0.0,0.0,0.0,0.0,0.0,0.0,0.532553,0.0076,0.00024,0.51742,0.5273,0.53286,0.53757,0.54711,0.0,0.0,0.0,0.0,0.0,0.0,0.0,0.0,0.532553,0.0076,0.00024,0.51742,0.5273,0.53286,0.53757,0.54711
225.5,0.467447,0.0076,0.00024,0.45289,0.46242,0.46714,0.4727,0.48258,0.0,0.0,0.0,0.0,0.0,0.0,0.0,0.0,0.532553,0.0076,0.00024,0.51742,0.5273,0.53286,0.53757,0.54711,0.0,0.0,0.0,0.0,0.0,0.0,0.0,0.0,0.532553,0.0076,0.00024,0.51742,0.5273,0.53286,0.53757,0.54711
225.75,0.467447,0.0076,0.00024,0.45289,0.46242,0.46714,0.4727,0.48258,0.0,0.0,0.0,0.0,0.0,0.0,0.0,0.0,0.532553,0.0076,0.00024,0.51742,0.5273,0.53286,0.53757,0.54711,0.0,0.0,0.0,0.0,0.0,0.0,0.0,0.0,0.532553,0.0076,0.00024,0.51742,0.5273,0.53286,0.53757,0.54711
226.0,0.467447,0.0076,0.00024,0.45289,0.46242,0.46714,0.4727,0.48258,0.0,0.0,0.0,0.0,0.0,0.0,0.0,0.0,0.532553,0.0076,0.00024,0.51742,0.5273,0.53286,0.53757,0.54711,0.0,0.0,0.0,0.0,0.0,0.0,0.0,0.0,0.532553,0.0076,0.00024,0.51742,0.5273,0.53286,0.53757,0.54711
226.25,0.467447,0.0076,0.00024,0.45289,0.46242,0.46714,0.4727,0.48258,0.0,0.0,0.0,0.0,0.0,0.0,0.0,0.0,0.532553,0.0076,0.00024,0.51742,0.5273,0.53286,0.53757,0.54711,0.0,0.0,0.0,0.0,0.0,0.0,0.0,0.0,0.532553,0.0076,0.00024,0.51742,0.5273,0.53286,0.53757,0.54711
226.5,0.467447,0.0076,0.00024,0.45289,0.46242,0.46714,0.4727,0.48258,0.0,0.0,0.0,0.0,0.0,0.0,0.0,0.0,0.532553,0.0076,0.00024,0.51742,0.5273,0.53286,0.53757,0.54711,0.0,0.0,0.0,0.0,0.0,0.0,0.0,0.0,0.532553,0.0076,0.00024,0.51742,0.5273,0.53286,0.53757,0.54711
226.75,0.467447,0.0076,0.00024,0.45289,0.46242,0.46714,0.4727,0.48258,0.0,0.0,0.0,0.0,0.0,0.0,0.0,0.0,0.532553,0.0076,0.00024,0.51742,0.5273,0.53286,0.53757,0.54711,0.0,0.0,0.0,0.0,0.0,0.0,0.0,0.0,0.532553,0.0076,0.00024,0.51742,0.5273,0.53286,0.53757,0.54711
227.0,0.467447,0.0076,0.00024,0.45289,0.46242,0.46714,0.4727,0.48258,0.0,0.0,0.0,0.0,0.0,0.0,0.0,0.0,0.532553,0.0076,0.00024,0.51742,0.5273,0.53286,0.53757,0.54711,0.0,0.0,0.0,0.0,0.0,0.0,0.0,0.0,0.532553,0.0076,0.00024,0.51742,0.5273,0.53286,0.53757,0.54711
227.25,0.467447,0.0076,0.00024,0.45289,0.46242,0.46714,0.4727,0.48258,0.0,0.0,0.0,0.0,0.0,0.0,0.0,0.0,0.532553,0.0076,0.00024,0.51742,0.5273,0.53286,0.53757,0.54711,0.0,0.0,0.0,0.0,0.0,0.0,0.0,0.0,0.532553,0.0076,0.00024,0.51742,0.5273,0.53286,0.53757,0.54711
227.5,0.467447,0.0076,0.00024,0.45289,0.46242,0.46714,0.4727,0.48258,0.0,0.0,0.0,0.0,0.0,0.0,0.0,0.0,0.532553,0.0076,0.00024,0.51742,0.5273,0.53286,0.53757,0.54711,0.0,0.0,0.0,0.0,0.0,0.0,0.0,0.0,0.532553,0.0076,0.00024,0.51742,0.5273,0.53286,0.53757,0.54711
227.75,0.467447,0.0076,0.00024,0.45289,0.46242,0.46714,0.4727,0.48258,0.0,0.0,0.0,0.0,0.0,0.0,0.0,0.0,0.532553,0.0076,0.00024,0.51742,0.5273,0.53286,0.53757,0.54711,0.0,0.0,0.0,0.0,0.0,0.0,0.0,0.0,0.532553,0.0076,0.00024,0.51742,0.5273,0.53286,0.53757,0.54711
228.0,0.467447,0.0076,0.00024,0.45289,0.46242,0.46714,0.4727,0.48258,0.0,0.0,0.0,0.0,0.0,0.0,0.0,0.0,0.532553,0.0076,0.00024,0.51742,0.5273,0.53286,0.53757,0.54711,0.0,0.0,0.0,0.0,0.0,0.0,0.0,0.0,0.532553,0.0076,0.00024,0.51742,0.5273,0.53286,0.53757,0.54711
228.25,0.467447,0.0076,0.00024,0.45289,0.46242,0.46714,0.4727,0.48258,0.0,0.0,0.0,0.0,0.0,0.0,0.0,0.0,0.532553,0.0076,0.00024,0.51742,0.5273,0.53286,0.53757,0.54711,0.0,0.0,0.0,0.0,0.0,0.0,0.0,0.0,0.532553,0.0076,0.00024,0.51742,0.5273,0.53286,0.53757,0.54711
228.5,0.467447,0.0076,0.00024,0.45289,0.46242,0.46714,0.4727,0.48258,0.0,0.0,0.0,0.0,0.0,0.0,0.0,0.0,0.532553,0.0076,0.00024,0.51742,0.5273,0.53286,0.53757,0.54711,0.0,0.0,0.0,0.0,0.0,0.0,0.0,0.0,0.532553,0.0076,0.00024,0.51742,0.5273,0.53286,0.53757,0.54711
228.75,0.467447,0.0076,0.00024,0.45289,0.46242,0.46714,0.4727,0.48258,0.0,0.0,0.0,0.0,0.0,0.0,0.0,0.0,0.532553,0.0076,0.00024,0.51742,0.5273,0.53286,0.53757,0.54711,0.0,0.0,0.0,0.0,0.0,0.0,0.0,0.0,0.532553,0.0076,0.00024,0.51742,0.5273,0.53286,0.53757,0.54711
229.0,0.467447,0.0076,0.00024,0.45289,0.46242,0.46714,0.4727,0.48258,0.0,0.0,0.0,0.0,0.0,0.0,0.0,0.0,0.532553,0.0076,0.00024,0.51742,0.5273,0.53286,0.53757,0.54711,0.0,0.0,0.0,0.0,0.0,0.0,0.0,0.0,0.532553,0.0076,0.00024,0.51742,0.5273,0.53286,0.53757,0.54711
229.25,0.467447,0.0076,0.00024,0.45289,0.46242,0.46714,0.4727,0.48258,0.0,0.0,0.0,0.0,0.0,0.0,0.0,0.0,0.532553,0.0076,0.00024,0.51742,0.5273,0.53286,0.53757,0.54711,0.0,0.0,0.0,0.0,0.0,0.0,0.0,0.0,0.532553,0.0076,0.00024,0.51742,0.5273,0.53286,0.53757,0.54711
229.5,0.467447,0.0076,0.00024,0.45289,0.46242,0.46714,0.4727,0.48258,0.0,0.0,0.0,0.0,0.0,0.0,0.0,0.0,0.532553,0.0076,0.00024,0.51742,0.5273,0.53286,0.53757,0.54711,0.0,0.0,0.0,0.0,0.0,0.0,0.0,0.0,0.532553,0.0076,0.00024,0.51742,0.5273,0.53286,0.53757,0.54711
229.75,0.467447,0.0076,0.00024,0.45289,0.46242,0.46714,0.4727,0.48258,0.0,0.0,0.0,0.0,0.0,0.0,0.0,0.0,0.532553,0.0076,0.00024,0.51742,0.5273,0.53286,0.53757,0.54711,0.0,0.0,0.0,0.0,0.0,0.0,0.0,0.0,0.532553,0.0076,0.00024,0.51742,0.5273,0.53286,0.53757,0.54711
230.0,0.467447,0.0076,0.00024,0.45289,0.46242,0.46714,0.4727,0.48258,0.0,0.0,0.0,0.0,0.0,0.0,0.0,0.0,0.532553,0.0076,0.00024,0.51742,0.5273,0.53286,0.53757,0.54711,0.0,0.0,0.0,0.0,0.0,0.0,0.0,0.0,0.532553,0.0076,0.00024,0.51742,0.5273,0.53286,0.53757,0.54711
230.25,0.467447,0.0076,0.00024,0.45289,0.46242,0.46714,0.4727,0.48258,0.0,0.0,0.0,0.0,0.0,0.0,0.0,0.0,0.532553,0.0076,0.00024,0.51742,0.5273,0.53286,0.53757,0.54711,0.0,0.0,0.0,0.0,0.0,0.0,0.0,0.0,0.532553,0.0076,0.00024,0.51742,0.5273,0.53286,0.53757,0.54711
230.5,0.467447,0.0076,0.00024,0.45289,0.46242,0.46714,0.4727,0.48258,0.0,0.0,0.0,0.0,0.0,0.0,0.0,0.0,0.532553,0.0076,0.00024,0.51742,0.5273,0.53286,0.53757,0.54711,0.0,0.0,0.0,0.0,0.0,0.0,0.0,0.0,0.532553,0.0076,0.00024,0.51742,0.5273,0.53286,0.53757,0.54711
230.75,0.467447,0.0076,0.00024,0.45289,0.46242,0.46714,0.4727,0.48258,0.0,0.0,0.0,0.0,0.0,0.0,0.0,0.0,0.532553,0.0076,0.00024,0.51742,0.5273,0.53286,0.53757,0.54711,0.0,0.0,0.0,0.0,0.0,0.0,0.0,0.0,0.532553,0.0076,0.00024,0.51742,0.5273,0.53286,0.53757,0.54711
231.0,0.467447,0.0076,0.00024,0.45289,0.46242,0.46714,0.4727,0.48258,0.0,0.0,0.0,0.0,0.0,0.0,0.0,0.0,0.532553,0.0076,0.00024,0.51742,0.5273,0.53286,0.53757,0.54711,0.0,0.0,0.0,0.0,0.0,0.0,0.0,0.0,0.532553,0.0076,0.00024,0.51742,0.5273,0.53286,0.53757,0.54711
231.25,0.467447,0.0076,0.00024,0.45289,0.46242,0.46714,0.4727,0.48258,0.0,0.0,0.0,0.0,0.0,0.0,0.0,0.0,0.532553,0.0076,0.00024,0.51742,0.5273,0.53286,0.53757,0.54711,0.0,0.0,0.0,0.0,0.0,0.0,0.0,0.0,0.532553,0.0076,0.00024,0.51742,0.5273,0.53286,0.53757,0.54711
231.5,0.467447,0.0076,0.00024,0.45289,0.46242,0.46714,0.4727,0.48258,0.0,0.0,0.0,0.0,0.0,0.0,0.0,0.0,0.532553,0.0076,0.00024,0.51742,0.5273,0.53286,0.53757,0.54711,0.0,0.0,0.0,0.0,0.0,0.0,0.0,0.0,0.532553,0.0076,0.00024,0.51742,0.5273,0.53286,0.53757,0.54711
231.75,0.467447,0.0076,0.00024,0.45289,0.46242,0.46714,0.4727,0.48258,0.0,0.0,0.0,0.0,0.0,0.0,0.0,0.0,0.532553,0.0076,0.00024,0.51742,0.5273,0.53286,0.53757,0.54711,0.0,0.0,0.0,0.0,0.0,0.0,0.0,0.0,0.532553,0.0076,0.00024,0.51742,0.5273,0.53286,0.53757,0.54711
232.0,0.467447,0.0076,0.00024,0.45289,0.46242,0.46714,0.4727,0.48258,0.0,0.0,0.0,0.0,0.0,0.0,0.0,0.0,0.532553,0.0076,0.00024,0.51742,0.5273,0.53286,0.53757,0.54711,0.0,0.0,0.0,0.0,0.0,0.0,0.0,0.0,0.532553,0.0076,0.00024,0.51742,0.5273,0.53286,0.53757,0.54711
232.25,0.467447,0.0076,0.00024,0.45289,0.46242,0.46714,0.4727,0.48258,0.0,0.0,0.0,0.0,0.0,0.0,0.0,0.0,0.532553,0.0076,0.00024,0.51742,0.5273,0.53286,0.53757,0.54711,0.0,0.0,0.0,0.0,0.0,0.0,0.0,0.0,0.532553,0.0076,0.00024,0.51742,0.5273,0.53286,0.53757,0.54711
232.5,0.467447,0.0076,0.00024,0.45289,0.46242,0.46714,0.4727,0.48258,0.0,0.0,0.0,0.0,0.0,0.0,0.0,0.0,0.532553,0.0076,0.00024,0.51742,0.5273,0.53286,0.53757,0.54711,0.0,0.0,0.0,0.0,0.0,0.0,0.0,0.0,0.532553,0.0076,0.00024,0.51742,0.5273,0.53286,0.53757,0.54711
232.75,0.467447,0.0076,0.00024,0.45289,0.46242,0.46714,0.4727,0.48258,0.0,0.0,0.0,0.0,0.0,0.0,0.0,0.0,0.532553,0.0076,0.00024,0.51742,0.5273,0.53286,0.53757,0.54711,0.0,0.0,0.0,0.0,0.0,0.0,0.0,0.0,0.532553,0.0076,0.00024,0.51742,0.5273,0.53286,0.53757,0.54711
233.0,0.467447,0.0076,0.00024,0.45289,0.46242,0.46714,0.4727,0.48258,0.0,0.0,0.0,0.0,0.0,0.0,0.0,0.0,0.532553,0.0076,0.00024,0.51742,0.5273,0.53286,0.53757,0.54711,0.0,0.0,0.0,0.0,0.0,0.0,0.0,0.0,0.532553,0.0076,0.00024,0.51742,0.5273,0.53286,0.53757,0.54711
233.25,0.467447,0.0076,0.00024,0.45289,0.46242,0.46714,0.4727,0.48258,0.0,0.0,0.0,0.0,0.0,0.0,0.0,0.0,0.532553,0.0076,0.00024,0.51742,0.5273,0.53286,0.53757,0.54711,0.0,0.0,0.0,0.0,0.0,0.0,0.0,0.0,0.532553,0.0076,0.00024,0.51742,0.5273,0.53286,0.53757,0.54711
233.5,0.467447,0.0076,0.00024,0.45289,0.46242,0.46714,0.4727,0.48258,0.0,0.0,0.0,0.0,0.0,0.0,0.0,0.0,0.532553,0.0076,0.00024,0.51742,0.5273,0.53286,0.53757,0.54711,0.0,0.0,0.0,0.0,0.0,0.0,0.0,0.0,0.532553,0.0076,0.00024,0.51742,0.5273,0.53286,0.53757,0.54711
233.75,0.467447,0.0076,0.00024,0.45289,0.46242,0.46714,0.4727,0.48258,0.0,0.0,0.0,0.0,0.0,0.0,0.0,0.0,0.532553,0.0076,0.00024,0.51742,0.5273,0.53286,0.53757,0.54711,0.0,0.0,0.0,0.0,0.0,0.0,0.0,0.0,0.532553,0.0076,0.00024,0.51742,0.5273,0.53286,0.53757,0.54711
234.0,0.467447,0.0076,0.00024,0.45289,0.46242,0.46714,0.4727,0.48258,0.0,0.0,0.0,0.0,0.0,0.0,0.0,0.0,0.532553,0.0076,0.00024,0.51742,0.5273,0.53286,0.53757,0.54711,0.0,0.0,0.0,0.0,0.0,0.0,0.0,0.0,0.532553,0.0076,0.00024,0.51742,0.5273,0.53286,0.53757,0.54711
234.25,0.467447,0.0076,0.00024,0.45289,0.46242,0.46714,0.4727,0.48258,0.0,0.0,0.0,0.0,0.0,0.0,0.0,0.0,0.532553,0.0076,0.00024,0.51742,0.5273,0.53286,0.53757,0.54711,0.0,0.0,0.0,0.0,0.0,0.0,0.0,0.0,0.532553,0.0076,0.00024,0.51742,0.5273,0.53286,0.53757,0.54711
234.5,0.467447,0.0076,0.00024,0.45289,0.46242,0.46714,0.4727,0.48258,0.0,0.0,0.0,0.0,0.0,0.0,0.0,0.0,0.532553,0.0076,0.00024,0.51742,0.5273,0.53286,0.53757,0.54711,0.0,0.0,0.0,0.0,0.0,0.0,0.0,0.0,0.532553,0.0076,0.00024,0.51742,0.5273,0.53286,0.53757,0.54711
234.75,0.467447,0.0076,0.00024,0.45289,0.46242,0.46714,0.4727,0.48258,0.0,0.0,0.0,0.0,0.0,0.0,0.0,0.0,0.532553,0.0076,0.00024,0.51742,0.5273,0.53286,0.53757,0.54711,0.0,0.0,0.0,0.0,0.0,0.0,0.0,0.0,0.532553,0.0076,0.00024,0.51742,0.5273,0.53286,0.53757,0.54711
235.0,0.467447,0.0076,0.00024,0.45289,0.46242,0.46714,0.4727,0.48258,0.0,0.0,0.0,0.0,0.0,0.0,0.0,0.0,0.532553,0.0076,0.00024,0.51742,0.5273,0.53286,0.53757,0.54711,0.0,0.0,0.0,0.0,0.0,0.0,0.0,0.0,0.532553,0.0076,0.00024,0.51742,0.5273,0.53286,0.53757,0.54711
235.25,0.467447,0.0076,0.00024,0.45289,0.46242,0.46714,0.4727,0.48258,0.0,0.0,0.0,0.0,0.0,0.0,0.0,0.0,0.532553,0.0076,0.00024,0.51742,0.5273,0.53286,0.53757,0.54711,0.0,0.0,0.0,0.0,0.0,0.0,0.0,0.0,0.532553,0.0076,0.00024,0.51742,0.5273,0.53286,0.53757,0.54711
235.5,0.467447,0.0076,0.00024,0.45289,0.46242,0.46714,0.4727,0.48258,0.0,0.0,0.0,0.0,0.0,0.0,0.0,0.0,0.532553,0.0076,0.00024,0.51742,0.5273,0.53286,0.53757,0.54711,0.0,0.0,0.0,0.0,0.0,0.0,0.0,0.0,0.532553,0.0076,0.00024,0.51742,0.5273,0.53286,0.53757,0.54711
235.75,0.467447,0.0076,0.00024,0.45289,0.46242,0.46714,0.4727,0.48258,0.0,0.0,0.0,0.0,0.0,0.0,0.0,0.0,0.532553,0.0076,0.00024,0.51742,0.5273,0.53286,0.53757,0.54711,0.0,0.0,0.0,0.0,0.0,0.0,0.0,0.0,0.532553,0.0076,0.00024,0.51742,0.5273,0.53286,0.53757,0.54711
236.0,0.467447,0.0076,0.00024,0.45289,0.46242,0.46714,0.4727,0.48258,0.0,0.0,0.0,0.0,0.0,0.0,0.0,0.0,0.532553,0.0076,0.00024,0.51742,0.5273,0.53286,0.53757,0.54711,0.0,0.0,0.0,0.0,0.0,0.0,0.0,0.0,0.532553,0.0076,0.00024,0.51742,0.5273,0.53286,0.53757,0.54711
236.25,0.467447,0.0076,0.00024,0.45289,0.46242,0.46714,0.4727,0.48258,0.0,0.0,0.0,0.0,0.0,0.0,0.0,0.0,0.532553,0.0076,0.00024,0.51742,0.5273,0.53286,0.53757,0.54711,0.0,0.0,0.0,0.0,0.0,0.0,0.0,0.0,0.532553,0.0076,0.00024,0.51742,0.5273,0.53286,0.53757,0.54711
236.5,0.467447,0.0076,0.00024,0.45289,0.46242,0.46714,0.4727,0.48258,0.0,0.0,0.0,0.0,0.0,0.0,0.0,0.0,0.532553,0.0076,0.00024,0.51742,0.5273,0.53286,0.53757,0.54711,0.0,0.0,0.0,0.0,0.0,0.0,0.0,0.0,0.532553,0.0076,0.00024,0.51742,0.5273,0.53286,0.53757,0.54711
236.75,0.467447,0.0076,0.00024,0.45289,0.46242,0.46714,0.4727,0.48258,0.0,0.0,0.0,0.0,0.0,0.0,0.0,0.0,0.532553,0.0076,0.00024,0.51742,0.5273,0.53286,0.53757,0.54711,0.0,0.0,0.0,0.0,0.0,0.0,0.0,0.0,0.532553,0.0076,0.00024,0.51742,0.5273,0.53286,0.53757,0.54711
237.0,0.467447,0.0076,0.00024,0.45289,0.46242,0.46714,0.4727,0.48258,0.0,0.0,0.0,0.0,0.0,0.0,0.0,0.0,0.532553,0.0076,0.00024,0.51742,0.5273,0.53286,0.53757,0.54711,0.0,0.0,0.0,0.0,0.0,0.0,0.0,0.0,0.532553,0.0076,0.00024,0.51742,0.5273,0.53286,0.53757,0.54711
237.25,0.467447,0.0076,0.00024,0.45289,0.46242,0.46714,0.4727,0.48258,0.0,0.0,0.0,0.0,0.0,0.0,0.0,0.0,0.532553,0.0076,0.00024,0.51742,0.5273,0.53286,0.53757,0.54711,0.0,0.0,0.0,0.0,0.0,0.0,0.0,0.0,0.532553,0.0076,0.00024,0.51742,0.5273,0.53286,0.53757,0.54711
237.5,0.467447,0.0076,0.00024,0.45289,0.46242,0.46714,0.4727,0.48258,0.0,0.0,0.0,0.0,0.0,0.0,0.0,0.0,0.532553,0.0076,0.00024,0.51742,0.5273,0.53286,0.53757,0.54711,0.0,0.0,0.0,0.0,0.0,0.0,0.0,0.0,0.532553,0.0076,0.00024,0.51742,0.5273,0.53286,0.53757,0.54711
237.75,0.467447,0.0076,0.00024,0.45289,0.46242,0.46714,0.4727,0.48258,0.0,0.0,0.0,0.0,0.0,0.0,0.0,0.0,0.532553,0.0076,0.00024,0.51742,0.5273,0.53286,0.53757,0.54711,0.0,0.0,0.0,0.0,0.0,0.0,0.0,0.0,0.532553,0.0076,0.00024,0.51742,0.5273,0.53286,0.53757,0.54711
238.0,0.467447,0.0076,0.00024,0.45289,0.46242,0.46714,0.4727,0.48258,0.0,0.0,0.0,0.0,0.0,0.0,0.0,0.0,0.532553,0.0076,0.00024,0.51742,0.5273,0.53286,0.53757,0.54711,0.0,0.0,0.0,0.0,0.0,0.0,0.0,0.0,0.532553,0.0076,0.00024,0.51742,0.5273,0.53286,0.53757,0.54711
238.25,0.467447,0.0076,0.00024,0.45289,0.46242,0.46714,0.4727,0.48258,0.0,0.0,0.0,0.0,0.0,0.0,0.0,0.0,0.532553,0.0076,0.00024,0.51742,0.5273,0.53286,0.53757,0.54711,0.0,0.0,0.0,0.0,0.0,0.0,0.0,0.0,0.532553,0.0076,0.00024,0.51742,0.5273,0.53286,0.53757,0.54711
238.5,0.467447,0.0076,0.00024,0.45289,0.46242,0.46714,0.4727,0.48258,0.0,0.0,0.0,0.0,0.0,0.0,0.0,0.0,0.532553,0.0076,0.00024,0.51742,0.5273,0.53286,0.53757,0.54711,0.0,0.0,0.0,0.0,0.0,0.0,0.0,0.0,0.532553,0.0076,0.00024,0.51742,0.5273,0.53286,0.53757,0.54711
238.75,0.467447,0.0076,0.00024,0.45289,0.46242,0.46714,0.4727,0.48258,0.0,0.0,0.0,0.0,0.0,0.0,0.0,0.0,0.532553,0.0076,0.00024,0.51742,0.5273,0.53286,0.53757,0.54711,0.0,0.0,0.0,0.0,0.0,0.0,0.0,0.0,0.532553,0.0076,0.00024,0.51742,0.5273,0.53286,0.53757,0.54711
239.0,0.467447,0.0076,0.00024,0.45289,0.46242,0.46714,0.4727,0.48258,0.0,0.0,0.0,0.0,0.0,0.0,0.0,0.0,0.532553,0.0076,0.00024,0.51742,0.5273,0.53286,0.53757,0.54711,0.0,0.0,0.0,0.0,0.0,0.0,0.0,0.0,0.532553,0.0076,0.00024,0.51742,0.5273,0.53286,0.53757,0.54711
239.25,0.467447,0.0076,0.00024,0.45289,0.46242,0.46714,0.4727,0.48258,0.0,0.0,0.0,0.0,0.0,0.0,0.0,0.0,0.532553,0.0076,0.00024,0.51742,0.5273,0.53286,0.53757,0.54711,0.0,0.0,0.0,0.0,0.0,0.0,0.0,0.0,0.532553,0.0076,0.00024,0.51742,0.5273,0.53286,0.53757,0.54711
239.5,0.467447,0.0076,0.00024,0.45289,0.46242,0.46714,0.4727,0.48258,0.0,0.0,0.0,0.0,0.0,0.0,0.0,0.0,0.532553,0.0076,0.00024,0.51742,0.5273,0.53286,0.53757,0.54711,0.0,0.0,0.0,0.0,0.0,0.0,0.0,0.0,0.532553,0.0076,0.00024,0.51742,0.5273,0.53286,0.53757,0.54711
239.75,0.467447,0.0076,0.00024,0.45289,0.46242,0.46714,0.4727,0.48258,0.0,0.0,0.0,0.0,0.0,0.0,0.0,0.0,0.532553,0.0076,0.00024,0.51742,0.5273,0.53286,0.53757,0.54711,0.0,0.0,0.0,0.0,0.0,0.0,0.0,0.0,0.532553,0.0076,0.00024,0.51742,0.5273,0.53286,0.53757,0.54711
240.0,0.467447,0.0076,0.00024,0.45289,0.46242,0.46714,0.4727,0.48258,0.0,0.0,0.0,0.0,0.0,0.0,0.0,0.0,0.532553,0.0076,0.00024,0.51742,0.5273,0.53286,0.53757,0.54711,0.0,0.0,0.0,0.0,0.0,0.0,0.0,0.0,0.532553,0.0076,0.00024,0.51742,0.5273,0.53286,0.53757,0.54711
240.25,0.467447,0.0076,0.00024,0.45289,0.46242,0.46714,0.4727,0.48258,0.0,0.0,0.0,0.0,0.0,0.0,0.0,0.0,0.532553,0.0076,0.00024,0.51742,0.5273,0.53286,0.53757,0.54711,0.0,0.0,0.0,0.0,0.0,0.0,0.0,0.0,0.532553,0.0076,0.00024,0.51742,0.5273,0.53286,0.53757,0.54711
240.5,0.467447,0.0076,0.00024,0.45289,0.46242,0.46714,0.4727,0.48258,0.0,0.0,0.0,0.0,0.0,0.0,0.0,0.0,0.532553,0.0076,0.00024,0.51742,0.5273,0.53286,0.53757,0.54711,0.0,0.0,0.0,0.0,0.0,0.0,0.0,0.0,0.532553,0.0076,0.00024,0.51742,0.5273,0.53286,0.53757,0.54711
240.75,0.467447,0.0076,0.00024,0.45289,0.46242,0.46714,0.4727,0.48258,0.0,0.0,0.0,0.0,0.0,0.0,0.0,0.0,0.532553,0.0076,0.00024,0.51742,0.5273,0.53286,0.53757,0.54711,0.0,0.0,0.0,0.0,0.0,0.0,0.0,0.0,0.532553,0.0076,0.00024,0.51742,0.5273,0.53286,0.53757,0.54711
241.0,0.467447,0.0076,0.00024,0.45289,0.46242,0.46714,0.4727,0.48258,0.0,0.0,0.0,0.0,0.0,0.0,0.0,0.0,0.532553,0.0076,0.00024,0.51742,0.5273,0.53286,0.53757,0.54711,0.0,0.0,0.0,0.0,0.0,0.0,0.0,0.0,0.532553,0.0076,0.00024,0.51742,0.5273,0.53286,0.53757,0.54711
241.25,0.467447,0.0076,0.00024,0.45289,0.46242,0.46714,0.4727,0.48258,0.0,0.0,0.0,0.0,0.0,0.0,0.0,0.0,0.532553,0.0076,0.00024,0.51742,0.5273,0.53286,0.53757,0.54711,0.0,0.0,0.0,0.0,0.0,0.0,0.0,0.0,0.532553,0.0076,0.00024,0.51742,0.5273,0.53286,0.53757,0.54711
241.5,0.467447,0.0076,0.00024,0.45289,0.46242,0.46714,0.4727,0.48258,0.0,0.0,0.0,0.0,0.0,0.0,0.0,0.0,0.532553,0.0076,0.00024,0.51742,0.5273,0.53286,0.53757,0.54711,0.0,0.0,0.0,0.0,0.0,0.0,0.0,0.0,0.532553,0.0076,0.00024,0.51742,0.5273,0.53286,0.53757,0.54711
241.75,0.467447,0.0076,0.00024,0.45289,0.46242,0.46714,0.4727,0.48258,0.0,0.0,0.0,0.0,0.0,0.0,0.0,0.0,0.532553,0.0076,0.00024,0.51742,0.5273,0.53286,0.53757,0.54711,0.0,0.0,0.0,0.0,0.0,0.0,0.0,0.0,0.532553,0.0076,0.00024,0.51742,0.5273,0.53286,0.53757,0.54711
242.0,0.467447,0.0076,0.00024,0.45289,0.46242,0.46714,0.4727,0.48258,0.0,0.0,0.0,0.0,0.0,0.0,0.0,0.0,0.532553,0.0076,0.00024,0.51742,0.5273,0.53286,0.53757,0.54711,0.0,0.0,0.0,0.0,0.0,0.0,0.0,0.0,0.532553,0.0076,0.00024,0.51742,0.5273,0.53286,0.53757,0.54711
242.25,0.467447,0.0076,0.00024,0.45289,0.46242,0.46714,0.4727,0.48258,0.0,0.0,0.0,0.0,0.0,0.0,0.0,0.0,0.532553,0.0076,0.00024,0.51742,0.5273,0.53286,0.53757,0.54711,0.0,0.0,0.0,0.0,0.0,0.0,0.0,0.0,0.532553,0.0076,0.00024,0.51742,0.5273,0.53286,0.53757,0.54711
242.5,0.467447,0.0076,0.00024,0.45289,0.46242,0.46714,0.4727,0.48258,0.0,0.0,0.0,0.0,0.0,0.0,0.0,0.0,0.532553,0.0076,0.00024,0.51742,0.5273,0.53286,0.53757,0.54711,0.0,0.0,0.0,0.0,0.0,0.0,0.0,0.0,0.532553,0.0076,0.00024,0.51742,0.5273,0.53286,0.53757,0.54711
242.75,0.467447,0.0076,0.00024,0.45289,0.46242,0.46714,0.4727,0.48258,0.0,0.0,0.0,0.0,0.0,0.0,0.0,0.0,0.532553,0.0076,0.00024,0.51742,0.5273,0.53286,0.53757,0.54711,0.0,0.0,0.0,0.0,0.0,0.0,0.0,0.0,0.532553,0.0076,0.00024,0.51742,0.5273,0.53286,0.53757,0.54711
243.0,0.467447,0.0076,0.00024,0.45289,0.46242,0.46714,0.4727,0.48258,0.0,0.0,0.0,0.0,0.0,0.0,0.0,0.0,0.532553,0.0076,0.00024,0.51742,0.5273,0.53286,0.53757,0.54711,0.0,0.0,0.0,0.0,0.0,0.0,0.0,0.0,0.532553,0.0076,0.00024,0.51742,0.5273,0.53286,0.53757,0.54711
243.25,0.467447,0.0076,0.00024,0.45289,0.46242,0.46714,0.4727,0.48258,0.0,0.0,0.0,0.0,0.0,0.0,0.0,0.0,0.532553,0.0076,0.00024,0.51742,0.5273,0.53286,0.53757,0.54711,0.0,0.0,0.0,0.0,0.0,0.0,0.0,0.0,0.532553,0.0076,0.00024,0.51742,0.5273,0.53286,0.53757,0.54711
243.5,0.467447,0.0076,0.00024,0.45289,0.46242,0.46714,0.4727,0.48258,0.0,0.0,0.0,0.0,0.0,0.0,0.0,0.0,0.532553,0.0076,0.00024,0.51742,0.5273,0.53286,0.53757,0.54711,0.0,0.0,0.0,0.0,0.0,0.0,0.0,0.0,0.532553,0.0076,0.00024,0.51742,0.5273,0.53286,0.53757,0.54711
243.75,0.467447,0.0076,0.00024,0.45289,0.46242,0.46714,0.4727,0.48258,0.0,0.0,0.0,0.0,0.0,0.0,0.0,0.0,0.532553,0.0076,0.00024,0.51742,0.5273,0.53286,0.53757,0.54711,0.0,0.0,0.0,0.0,0.0,0.0,0.0,0.0,0.532553,0.0076,0.00024,0.51742,0.5273,0.53286,0.53757,0.54711
244.0,0.467447,0.0076,0.00024,0.45289,0.46242,0.46714,0.4727,0.48258,0.0,0.0,0.0,0.0,0.0,0.0,0.0,0.0,0.532553,0.0076,0.00024,0.51742,0.5273,0.53286,0.53757,0.54711,0.0,0.0,0.0,0.0,0.0,0.0,0.0,0.0,0.532553,0.0076,0.00024,0.51742,0.5273,0.53286,0.53757,0.54711
244.25,0.467447,0.0076,0.00024,0.45289,0.46242,0.46714,0.4727,0.48258,0.0,0.0,0.0,0.0,0.0,0.0,0.0,0.0,0.532553,0.0076,0.00024,0.51742,0.5273,0.53286,0.53757,0.54711,0.0,0.0,0.0,0.0,0.0,0.0,0.0,0.0,0.532553,0.0076,0.00024,0.51742,0.5273,0.53286,0.53757,0.54711
244.5,0.467447,0.0076,0.00024,0.45289,0.46242,0.46714,0.4727,0.48258,0.0,0.0,0.0,0.0,0.0,0.0,0.0,0.0,0.532553,0.0076,0.00024,0.51742,0.5273,0.53286,0.53757,0.54711,0.0,0.0,0.0,0.0,0.0,0.0,0.0,0.0,0.532553,0.0076,0.00024,0.51742,0.5273,0.53286,0.53757,0.54711
244.75,0.467447,0.0076,0.00024,0.45289,0.46242,0.46714,0.4727,0.48258,0.0,0.0,0.0,0.0,0.0,0.0,0.0,0.0,0.532553,0.0076,0.00024,0.51742,0.5273,0.53286,0.53757,0.54711,0.0,0.0,0.0,0.0,0.0,0.0,0.0,0.0,0.532553,0.0076,0.00024,0.51742,0.5273,0.53286,0.53757,0.54711
245.0,0.467447,0.0076,0.00024,0.45289,0.46242,0.46714,0.4727,0.48258,0.0,0.0,0.0,0.0,0.0,0.0,0.0,0.0,0.532553,0.0076,0.00024,0.51742,0.5273,0.53286,0.53757,0.54711,0.0,0.0,0.0,0.0,0.0,0.0,0.0,0.0,0.532553,0.0076,0.00024,0.51742,0.5273,0.53286,0.53757,0.54711
245.25,0.467447,0.0076,0.00024,0.45289,0.46242,0.46714,0.4727,0.48258,0.0,0.0,0.0,0.0,0.0,0.0,0.0,0.0,0.532553,0.0076,0.00024,0.51742,0.5273,0.53286,0.53757,0.54711,0.0,0.0,0.0,0.0,0.0,0.0,0.0,0.0,0.532553,0.0076,0.00024,0.51742,0.5273,0.53286,0.53757,0.54711
245.5,0.467447,0.0076,0.00024,0.45289,0.46242,0.46714,0.4727,0.48258,0.0,0.0,0.0,0.0,0.0,0.0,0.0,0.0,0.532553,0.0076,0.00024,0.51742,0.5273,0.53286,0.53757,0.54711,0.0,0.0,0.0,0.0,0.0,0.0,0.0,0.0,0.532553,0.0076,0.00024,0.51742,0.5273,0.53286,0.53757,0.54711
245.75,0.467447,0.0076,0.00024,0.45289,0.46242,0.46714,0.4727,0.48258,0.0,0.0,0.0,0.0,0.0,0.0,0.0,0.0,0.532553,0.0076,0.00024,0.51742,0.5273,0.53286,0.53757,0.54711,0.0,0.0,0.0,0.0,0.0,0.0,0.0,0.0,0.532553,0.0076,0.00024,0.51742,0.5273,0.53286,0.53757,0.54711
246.0,0.467447,0.0076,0.00024,0.45289,0.46242,0.46714,0.4727,0.48258,0.0,0.0,0.0,0.0,0.0,0.0,0.0,0.0,0.532553,0.0076,0.00024,0.51742,0.5273,0.53286,0.53757,0.54711,0.0,0.0,0.0,0.0,0.0,0.0,0.0,0.0,0.532553,0.0076,0.00024,0.51742,0.5273,0.53286,0.53757,0.54711
246.25,0.467447,0.0076,0.00024,0.45289,0.46242,0.46714,0.4727,0.48258,0.0,0.0,0.0,0.0,0.0,0.0,0.0,0.0,0.532553,0.0076,0.00024,0.51742,0.5273,0.53286,0.53757,0.54711,0.0,0.0,0.0,0.0,0.0,0.0,0.0,0.0,0.532553,0.0076,0.00024,0.51742,0.5273,0.53286,0.53757,0.54711
246.5,0.467447,0.0076,0.00024,0.45289,0.46242,0.46714,0.4727,0.48258,0.0,0.0,0.0,0.0,0.0,0.0,0.0,0.0,0.532553,0.0076,0.00024,0.51742,0.5273,0.53286,0.53757,0.54711,0.0,0.0,0.0,0.0,0.0,0.0,0.0,0.0,0.532553,0.0076,0.00024,0.51742,0.5273,0.53286,0.53757,0.54711
246.75,0.467447,0.0076,0.00024,0.45289,0.46242,0.46714,0.4727,0.48258,0.0,0.0,0.0,0.0,0.0,0.0,0.0,0.0,0.532553,0.0076,0.00024,0.51742,0.5273,0.53286,0.53757,0.54711,0.0,0.0,0.0,0.0,0.0,0.0,0.0,0.0,0.532553,0.0076,0.00024,0.51742,0.5273,0.53286,0.53757,0.54711
247.0,0.467447,0.0076,0.00024,0.45289,0.46242,0.46714,0.4727,0.48258,0.0,0.0,0.0,0.0,0.0,0.0,0.0,0.0,0.532553,0.0076,0.00024,0.51742,0.5273,0.53286,0.53757,0.54711,0.0,0.0,0.0,0.0,0.0,0.0,0.0,0.0,0.532553,0.0076,0.00024,0.51742,0.5273,0.53286,0.53757,0.54711
247.25,0.467447,0.0076,0.00024,0.45289,0.46242,0.46714,0.4727,0.48258,0.0,0.0,0.0,0.0,0.0,0.0,0.0,0.0,0.532553,0.0076,0.00024,0.51742,0.5273,0.53286,0.53757,0.54711,0.0,0.0,0.0,0.0,0.0,0.0,0.0,0.0,0.532553,0.0076,0.00024,0.51742,0.5273,0.53286,0.53757,0.54711
247.5,0.467447,0.0076,0.00024,0.45289,0.46242,0.46714,0.4727,0.48258,0.0,0.0,0.0,0.0,0.0,0.0,0.0,0.0,0.532553,0.0076,0.00024,0.51742,0.5273,0.53286,0.53757,0.54711,0.0,0.0,0.0,0.0,0.0,0.0,0.0,0.0,0.532553,0.0076,0.00024,0.51742,0.5273,0.53286,0.53757,0.54711
247.75,0.467447,0.0076,0.00024,0.45289,0.46242,0.46714,0.4727,0.48258,0.0,0.0,0.0,0.0,0.0,0.0,0.0,0.0,0.532553,0.0076,0.00024,0.51742,0.5273,0.53286,0.53757,0.54711,0.0,0.0,0.0,0.0,0.0,0.0,0.0,0.0,0.532553,0.0076,0.00024,0.51742,0.5273,0.53286,0.53757,0.54711
248.0,0.467447,0.0076,0.00024,0.45289,0.46242,0.46714,0.4727,0.48258,0.0,0.0,0.0,0.0,0.0,0.0,0.0,0.0,0.532553,0.0076,0.00024,0.51742,0.5273,0.53286,0.53757,0.54711,0.0,0.0,0.0,0.0,0.0,0.0,0.0,0.0,0.532553,0.0076,0.00024,0.51742,0.5273,0.53286,0.53757,0.54711
248.25,0.467447,0.0076,0.00024,0.45289,0.46242,0.46714,0.4727,0.48258,0.0,0.0,0.0,0.0,0.0,0.0,0.0,0.0,0.532553,0.0076,0.00024,0.51742,0.5273,0.53286,0.53757,0.54711,0.0,0.0,0.0,0.0,0.0,0.0,0.0,0.0,0.532553,0.0076,0.00024,0.51742,0.5273,0.53286,0.53757,0.54711
248.5,0.467447,0.0076,0.00024,0.45289,0.46242,0.46714,0.4727,0.48258,0.0,0.0,0.0,0.0,0.0,0.0,0.0,0.0,0.532553,0.0076,0.00024,0.51742,0.5273,0.53286,0.53757,0.54711,0.0,0.0,0.0,0.0,0.0,0.0,0.0,0.0,0.532553,0.0076,0.00024,0.51742,0.5273,0.53286,0.53757,0.54711
248.75,0.467447,0.0076,0.00024,0.45289,0.46242,0.46714,0.4727,0.48258,0.0,0.0,0.0,0.0,0.0,0.0,0.0,0.0,0.532553,0.0076,0.00024,0.51742,0.5273,0.53286,0.53757,0.54711,0.0,0.0,0.0,0.0,0.0,0.0,0.0,0.0,0.532553,0.0076,0.00024,0.51742,0.5273,0.53286,0.53757,0.54711
249.0,0.467447,0.0076,0.00024,0.45289,0.46242,0.46714,0.4727,0.48258,0.0,0.0,0.0,0.0,0.0,0.0,0.0,0.0,0.532553,0.0076,0.00024,0.51742,0.5273,0.53286,0.53757,0.54711,0.0,0.0,0.0,0.0,0.0,0.0,0.0,0.0,0.532553,0.0076,0.00024,0.51742,0.5273,0.53286,0.53757,0.54711
249.25,0.467447,0.0076,0.00024,0.45289,0.46242,0.46714,0.4727,0.48258,0.0,0.0,0.0,0.0,0.0,0.0,0.0,0.0,0.532553,0.0076,0.00024,0.51742,0.5273,0.53286,0.53757,0.54711,0.0,0.0,0.0,0.0,0.0,0.0,0.0,0.0,0.532553,0.0076,0.00024,0.51742,0.5273,0.53286,0.53757,0.54711
249.5,0.467447,0.0076,0.00024,0.45289,0.46242,0.46714,0.4727,0.48258,0.0,0.0,0.0,0.0,0.0,0.0,0.0,0.0,0.532553,0.0076,0.00024,0.51742,0.5273,0.53286,0.53757,0.54711,0.0,0.0,0.0,0.0,0.0,0.0,0.0,0.0,0.532553,0.0076,0.00024,0.51742,0.5273,0.53286,0.53757,0.54711
249.75,0.467447,0.0076,0.00024,0.45289,0.46242,0.46714,0.4727,0.48258,0.0,0.0,0.0,0.0,0.0,0.0,0.0,0.0,0.532553,0.0076,0.00024,0.51742,0.5273,0.53286,0.53757,0.54711,0.0,0.0,0.0,0.0,0.0,0.0,0.0,0.0,0.532553,0.0076,0.00024,0.51742,0.5273,0.53286,0.53757,0.54711
250.0,0.467447,0.0076,0.00024,0.45289,0.46242,0.46714,0.4727,0.48258,0.0,0.0,0.0,0.0,0.0,0.0,0.0,0.0,0.532553,0.0076,0.00024,0.51742,0.5273,0.53286,0.53757,0.54711,0.0,0.0,0.0,0.0,0.0,0.0,0.0,0.0,0.532553,0.0076,0.00024,0.51742,0.5273,0.53286,0.53757,0.54711
