t,cond.S.mean,cond.S.sd,cond.S.se,cond.S.q025,cond.S.q25,cond.S.q50,cond.S.q75,cond.S.q975,cond.I.mean,cond.I.sd,cond.I.se,cond.I.q025,cond.I.q25,cond.I.q50,cond.I.q75,cond.I.q975,cond.R.mean,cond.R.sd,cond.R.se,cond.R.q025,cond.R.q25,cond.R.q50,cond.R.q75,cond.R.q975,cond.infectious.mean,cond.infectious.sd,cond.infectious.se,cond.infectious.q025,cond.infectious.q25,cond.infectious.q50,cond.infectious.q75,cond.infectious.q975,cond.cumulative.mean,cond.cumulative.sd,cond.cumulative.se,cond.cumulative.q025,cond.cumulative.q25,cond.cumulative.q50,cond.cumulative.q75,cond.cumulative.q975,uncond.S.mean,uncond.S.sd,uncond.S.se,uncond.S.q025,uncond.S.q25,uncond.S.q50,uncond.S.q75,uncond.S.q975,uncond.I.mean,uncond.I.sd,uncond.I.se,uncond.I.q025,uncond.I.q25,uncond.I.q50,uncond.I.q75,uncond.I.q975,uncond.R.mean,uncond.R.sd,uncond.R.se,uncond.R.q025,uncond.R.q25,uncond.R.q50,uncond.R.q75,uncond.R.q975,uncond.infectious.mean,uncond.infectious.sd,uncond.infectious.se,uncond.infectious.q025,uncond.infectious.q25,uncond.infectious.q50,uncond.infectious.q75,uncond.infectious.q975,uncond.cumulative.mean,uncond.cumulative.sd,uncond.cumulative.se,uncond.cumulative.q025,uncond.cumulative.q25,uncond.cumulative.q50,uncond.cumulative.q75,uncond.cumulative.q975
0.0,0.99,0.0,0.0,0.99,0.99,0.99,0.99,0.99,0.01,0.0,0.0,0.01,0.01,0.01,0.01,0.01,0.0,0.0,0.0,0.0,0.0,0.0,0.0,0.0,0.01,0.0,0.0,0.01,0.01,0.01,0.01,0.01,0.01,0.0,0.0,0.01,0.01,0.01,0.01,0.01,0.99,0.0,0.0,0.99,0.99,0.99,0.99,0.99,0.01,0.0,0.0,0.01,0.01,0.01,0.01,0.01,0.0,0.0,0.0,0.0,0.0,0.0,0.0,0.0,0.01,0.0,0.0,0.01,0.01,0.01,0.01,0.01,0.01,0.0,0.0,0.01,0.01,0.01,0.01,0.01
0.25,0.988624,0.00181,5.8e-5,0.984,0.988,0.99,0.99,0.99,0.010731,0.0021,6.7e-5,0.008,0.01,0.01,0.012,0.016,0.000645,0.00109,3.5e-5,0.0,0.0,0.0,0.002,0.004,0.010731,0.0021,6.7e-5,0.008,0.01,0.01,0.012,0.016,0.011376,0.00181,5.8e-5,0.01,0.01,0.01,0.012,0.016,0.988644,0.00179,5.7e-5,0.984,0.988,0.99,0.99,0.99,0.010696,0.00211,6.7e-5,0.008,0.01,0.01,0.012,0.016,0.00066,0.00112,3.5e-5,0.0,0.0,0.0,0.002,0.004,0.010696,0.00211,6.7e-5,0.008,0.01,0.01,0.012,0.016,0.011356,0.00179,5.7e-5,0.01,0.01,0.01,0.012,0.016
0.5,0.987176,0.00278,8.9e-5,0.98,0.986,0.988,0.99,0.99,0.011457,0.00314,0.000101,0.006,0.01,0.012,0.014,0.018,0.001368,0.0015,4.8e-5,0.0,0.0,0.002,0.002,0.004,0.011457,0.00314,0.000101,0.006,0.01,0.012,0.014,0.018,0.012824,0.00278,8.9e-5,0.01,0.01,0.012,0.014,0.02,0.98721,0.00276,8.7e-5,0.98,0.986,0.988,0.99,0.99,0.011376,0.00316,0.0001,0.006,0.01,0.01,0.014,0.018,0.001414,0.00154,4.9e-5,0.0,0.0,0.002,0.002,0.004,0.011376,0.00316,0.0001,0.006,0.01,0.01,0.014,0.018,0.01279,0.00276,8.7e-5,0.01,0.01,0.012,0.014,0.02
0.75,0.985731,0.00364,0.000117,0.978,0.984,0.986,0.988,0.99,0.012184,0.00395,0.000127,0.006,0.01,0.012,0.014,0.02165,0.002085,0.00181,5.8e-5,0.0,0.0,0.002,0.004,0.006,0.012184,0.00395,0.000127,0.006,0.01,0.012,0.014,0.02165,0.014269,0.00364,0.000117,0.01,0.012,0.014,0.016,0.022,0.985806,0.00363,0.000115,0.978,0.984,0.986,0.988,0.99,0.012056,0.00398,0.000126,0.006,0.01,0.012,0.014,0.02005,0.002138,0.00185,5.8e-5,0.0,0.0,0.002,0.004,0.006,0.012056,0.00398,0.000126,0.006,0.01,0.012,0.014,0.02005,0.014194,0.00363,0.000115,0.01,0.012,0.014,0.016,0.022
1.0,0.984242,0.00446,0.000143,0.974,0.982,0.986,0.988,0.99,0.01288,0.00467,0.00015,0.006,0.01,0.012,0.016,0.024,0.002878,0.00208,6.7e-5,0.0,0.002,0.002,0.004,0.008,0.01288,0.00467,0.00015,0.006,0.01,0.012,0.016,0.024,0.015758,0.00446,0.000143,0.01,0.012,0.014,0.018,0.026,0.984342,0.00444,0.00014,0.974,0.982,0.986,0.988,0.99,0.012718,0.00471,0.000149,0.006,0.01,0.012,0.016,0.024,0.00294,0.00211,6.7e-5,0.0,0.002,0.002,0.004,0.008,0.012718,0.00471,0.000149,0.006,0.01,0.012,0.016,0.024,0.015658,0.00444,0.00014,0.01,0.012,0.014,0.018,0.026
1.25,0.982638,0.00534,0.000172,0.97,0.98,0.984,0.986,0.99,0.013674,0.00538,0.000173,0.006,0.01,0.014,0.016,0.026,0.003688,0.00227,7.3e-5,0.0,0.002,0.004,0.006,0.008,0.013674,0.00538,0.000173,0.006,0.01,0.014,0.016,0.026,0.017362,0.00534,0.000172,0.01,0.014,0.016,0.02,0.03,0.982778,0.00533,0.000169,0.97,0.98,0.984,0.986,0.99,0.013456,0.00545,0.000172,0.004,0.01,0.012,0.016,0.026,0.003766,0.00233,7.4e-5,0.0,0.002,0.004,0.006,0.008,0.013456,0.00545,0.000172,0.004,0.01,0.012,0.016,0.026,0.017222,0.00533,0.000169,0.01,0.014,0.016,0.02,0.03
1.5,0.98087,0.0062,0.000199,0.96435,0.978,0.982,0.986,0.99,0.014543,0.00605,0.000194,0.006,0.01,0.014,0.018,0.02965,0.004587,0.00252,8.1e-5,0.0,0.002,0.004,0.006,0.01,0.014543,0.00605,0.000194,0.006,0.01,0.014,0.018,0.02965,0.01913,0.0062,0.000199,0.01,0.014,0.018,0.022,0.03565,0.981056,0.00621,0.000196,0.96595,0.978,0.982,0.986,0.99,0.014292,0.00614,0.000194,0.004,0.01,0.014,0.018,0.02805,0.004652,0.00255,8.1e-5,0.0,0.002,0.004,0.006,0.01,0.014292,0.00614,0.000194,0.004,0.01,0.014,0.018,0.02805,0.018944,0.00621,0.000196,0.01,0.014,0.018,0.022,0.03405
1.75,0.978975,0.00723,0.000232,0.96,0.976,0.98,0.984,0.99,0.015488,0.00692,0.000223,0.00435,0.01,0.014,0.02,0.032,0.005537,0.0028,9.0e-5,0.0,0.004,0.006,0.008,0.012,0.015488,0.00692,0.000223,0.00435,0.01,0.014,0.02,0.032,0.021025,0.00723,0.000232,0.01,0.016,0.02,0.024,0.04,0.979214,0.00726,0.00023,0.96,0.976,0.98,0.984,0.99,0.015198,0.00702,0.000222,0.004,0.01,0.014,0.02,0.032,0.005588,0.00281,8.9e-5,0.0,0.004,0.006,0.008,0.012,0.015198,0.00702,0.000222,0.004,0.01,0.014,0.02,0.032,0.020786,0.00726,0.00023,0.01,0.016,0.02,0.024,0.04
2.0,0.976961,0.00828,0.000266,0.956,0.972,0.978,0.984,0.988,0.016564,0.00774,0.000249,0.004,0.012,0.016,0.02,0.034,0.006475,0.00307,9.9e-5,0.002,0.004,0.006,0.008,0.012,0.016564,0.00774,0.000249,0.004,0.012,0.016,0.02,0.034,0.023039,0.00828,0.000266,0.012,0.016,0.022,0.028,0.044,0.977248,0.00832,0.000263,0.956,0.972,0.978,0.984,0.98805,0.016236,0.00785,0.000248,0.004,0.01,0.016,0.02,0.034,0.006516,0.00307,9.7e-5,0.002,0.004,0.006,0.008,0.01205,0.016236,0.00785,0.000248,0.004,0.01,0.016,0.02,0.034,0.022752,0.00832,0.000263,0.01195,0.016,0.022,0.028,0.044
2.25,0.974874,0.00946,0.000304,0.952,0.97,0.976,0.982,0.988,0.01763,0.00867,0.000279,0.004,0.012,0.016,0.022,0.038,0.007496,0.00336,0.000108,0.002,0.006,0.008,0.01,0.014,0.01763,0.00867,0.000279,0.004,0.012,0.016,0.022,0.038,0.025126,0.00946,0.000304,0.012,0.018,0.024,0.03,0.048,0.975212,0.00952,0.000301,0.952,0.97,0.976,0.982,0.988,0.01726,0.00879,0.000278,0.004,0.012,0.016,0.022,0.038,0.007528,0.00335,0.000106,0.002,0.006,0.008,0.01,0.014,0.01726,0.00879,0.000278,0.004,0.012,0.016,0.022,0.038,0.024788,0.00952,0.000301,0.012,0.018,0.024,0.03,0.048
2.5,0.972707,0.01071,0.000344,0.94635,0.968,0.974,0.98,0.988,0.018636,0.00959,0.000308,0.004,0.012,0.018,0.024,0.04165,0.008657,0.00378,0.000121,0.002,0.006,0.008,0.012,0.018,0.018636,0.00959,0.000308,0.004,0.012,0.018,0.024,0.04165,0.027293,0.01071,0.000344,0.012,0.02,0.026,0.032,0.05365,0.973102,0.01078,0.000341,0.94795,0.968,0.976,0.98,0.988,0.018212,0.00974,0.000308,0.004,0.012,0.016,0.024,0.04005,0.008686,0.00375,0.000119,0.002,0.006,0.008,0.012,0.018,0.018212,0.00974,0.000308,0.004,0.012,0.016,0.024,0.04005,0.026898,0.01078,0.000341,0.012,0.02,0.024,0.032,0.05205
2.75,0.970279,0.01221,0.000392,0.93835,0.964,0.972,0.978,0.988,0.019835,0.01059,0.00034,0.004,0.012,0.018,0.026,0.04565,0.009886,0.00418,0.000134,0.004,0.006,0.01,0.012,0.02,0.019835,0.01059,0.00034,0.004,0.012,0.018,0.026,0.04565,0.029721,0.01221,0.000392,0.012,0.022,0.028,0.036,0.06165,0.970738,0.0123,0.000389,0.93995,0.964,0.972,0.98,0.988,0.019368,0.01076,0.00034,0.004,0.012,0.018,0.024,0.04405,0.009894,0.00414,0.000131,0.004,0.006,0.01,0.012,0.02,0.019368,0.01076,0.00034,0.004,0.012,0.018,0.024,0.04405,0.029262,0.0123,0.000389,0.012,0.02,0.028,0.036,0.06005
3.0,0.967694,0.01384,0.000445,0.934,0.962,0.97,0.978,0.986,0.021095,0.01176,0.000378,0.004,0.012,0.02,0.026,0.04965,0.011211,0.00464,0.000149,0.004,0.008,0.01,0.014,0.022,0.021095,0.01176,0.000378,0.004,0.012,0.02,0.026,0.04965,0.032306,0.01384,0.000445,0.014,0.022,0.03,0.038,0.066,0.968224,0.01395,0.000441,0.934,0.962,0.97,0.978,0.988,0.020566,0.01194,0.000378,0.004,0.012,0.018,0.026,0.04805,0.01121,0.0046,0.000145,0.004,0.008,0.01,0.014,0.022,0.020566,0.01194,0.000378,0.004,0.012,0.018,0.026,0.04805,0.031776,0.01395,0.000441,0.012,0.022,0.03,0.038,0.066
3.25,0.965271,0.01513,0.000486,0.928,0.958,0.968,0.976,0.986,0.022159,0.01246,0.000401,0.00435,0.014,0.02,0.028,0.052,0.01257,0.00514,0.000165,0.004,0.008,0.012,0.016,0.026,0.022159,0.01246,0.000401,0.00435,0.014,0.02,0.028,0.052,0.034729,0.01513,0.000486,0.014,0.024,0.032,0.042,0.072,0.965878,0.01528,0.000483,0.928,0.958,0.968,0.976,0.988,0.02159,0.01267,0.000401,0.004,0.012,0.02,0.028,0.052,0.012532,0.0051,0.000161,0.004,0.008,0.012,0.016,0.026,0.02159,0.01267,0.000401,0.004,0.012,0.02,0.028,0.052,0.034122,0.01528,0.000483,0.012,0.024,0.032,0.042,0.072
3.5,0.962543,0.01659,0.000533,0.92235,0.954,0.966,0.974,0.986,0.02343,0.01322,0.000425,0.006,0.014,0.02,0.03,0.054,0.014027,0.00574,0.000185,0.006,0.01,0.014,0.018,0.028,0.02343,0.01322,0.000425,0.006,0.014,0.02,0.03,0.054,0.037457,0.01659,0.000533,0.014,0.026,0.034,0.046,0.07765,0.96322,0.01677,0.00053,0.92395,0.956,0.966,0.976,0.98605,0.022826,0.01344,0.000425,0.004,0.014,0.02,0.03,0.054,0.013954,0.0057,0.00018,0.006,0.01,0.014,0.018,0.028,0.022826,0.01344,0.000425,0.004,0.014,0.02,0.03,0.054,0.03678,0.01677,0.00053,0.01395,0.024,0.034,0.044,0.07605
3.75,0.959643,0.01808,0.000581,0.916,0.95,0.964,0.972,0.986,0.024777,0.01402,0.000451,0.00435,0.014,0.022,0.032,0.05765,0.015581,0.00648,0.000208,0.006,0.012,0.014,0.02,0.032,0.024777,0.01402,0.000451,0.00435,0.014,0.022,0.032,0.05765,0.040357,0.01808,0.000581,0.014,0.028,0.036,0.05,0.084,0.960406,0.01831,0.000579,0.916,0.952,0.964,0.974,0.986,0.024122,0.01428,0.000452,0.004,0.014,0.022,0.032,0.05605,0.015472,0.00644,0.000204,0.006,0.01,0.014,0.02,0.032,0.024122,0.01428,0.000452,0.004,0.014,0.022,0.032,0.05605,0.039594,0.01831,0.000579,0.014,0.026,0.036,0.048,0.084
4.0,0.956599,0.01973,0.000634,0.91,0.948,0.96,0.97,0.984,0.026145,0.01495,0.000481,0.006,0.016,0.024,0.034,0.06,0.017256,0.00724,0.000233,0.006,0.012,0.016,0.022,0.03565,0.026145,0.01495,0.000481,0.006,0.016,0.024,0.034,0.06,0.043401,0.01973,0.000634,0.016,0.03,0.04,0.052,0.09,0.957442,0.01999,0.000632,0.91,0.948,0.96,0.972,0.986,0.025458,0.01521,0.000481,0.004,0.014,0.024,0.034,0.06,0.0171,0.00721,0.000228,0.006,0.012,0.016,0.02,0.03405,0.025458,0.01521,0.000481,0.004,0.014,0.024,0.034,0.06,0.042558,0.01999,0.000632,0.014,0.028,0.04,0.052,0.09
4.25,0.95344,0.02139,0.000688,0.902,0.944,0.956,0.968,0.984,0.027626,0.01585,0.00051,0.006,0.016,0.025,0.036,0.06565,0.018934,0.00806,0.000259,0.00635,0.014,0.018,0.024,0.038,0.027626,0.01585,0.00051,0.006,0.016,0.025,0.036,0.06565,0.04656,0.02139,0.000688,0.016,0.032,0.044,0.056,0.098,0.954382,0.0217,0.000686,0.902,0.944,0.958,0.97,0.986,0.026884,0.01614,0.000511,0.004,0.016,0.024,0.036,0.06405,0.018734,0.00803,0.000254,0.006,0.012,0.018,0.024,0.038,0.026884,0.01614,0.000511,0.004,0.016,0.024,0.036,0.06405,0.045618,0.0217,0.000686,0.014,0.03,0.042,0.056,0.098
4.5,0.950035,0.02325,0.000747,0.896,0.938,0.954,0.966,0.984,0.02931,0.01691,0.000544,0.006,0.016,0.026,0.038,0.07,0.020655,0.00883,0.000284,0.008,0.014,0.02,0.026,0.042,0.02931,0.01691,0.000544,0.006,0.016,0.026,0.038,0.07,0.049965,0.02325,0.000747,0.016,0.034,0.046,0.062,0.104,0.951076,0.02361,0.000747,0.896,0.94,0.955,0.968,0.986,0.028516,0.01722,0.000545,0.004,0.016,0.026,0.038,0.07,0.020408,0.00882,0.000279,0.008,0.014,0.018,0.026,0.042,0.028516,0.01722,0.000545,0.004,0.016,0.026,0.038,0.07,0.048924,0.02361,0.000747,0.014,0.032,0.045,0.06,0.104
4.75,0.946465,0.02527,0.000812,0.89,0.934,0.95,0.964,0.982,0.030932,0.0181,0.000582,0.006,0.018,0.028,0.042,0.072,0.022603,0.00974,0.000313,0.008,0.016,0.022,0.028,0.046,0.030932,0.0181,0.000582,0.006,0.018,0.028,0.042,0.072,0.053535,0.02527,0.000812,0.018,0.036,0.05,0.066,0.11,0.94761,0.02568,0.000812,0.89,0.936,0.952,0.966,0.98405,0.030078,0.01844,0.000583,0.004,0.018,0.028,0.04,0.072,0.022312,0.00975,0.000308,0.008,0.016,0.02,0.028,0.046,0.030078,0.01844,0.000583,0.004,0.018,0.028,0.04,0.072,0.05239,0.02568,0.000812,0.01595,0.034,0.048,0.064,0.11
5.0,0.942783,0.02731,0.000878,0.88035,0.928,0.948,0.962,0.982,0.032659,0.01938,0.000623,0.006,0.018,0.03,0.044,0.078,0.024558,0.01059,0.00034,0.008,0.016,0.022,0.03,0.05,0.032659,0.01938,0.000623,0.006,0.018,0.03,0.044,0.078,0.057217,0.02731,0.000878,0.018,0.038,0.052,0.072,0.11965,0.944042,0.02778,0.000878,0.88195,0.93,0.948,0.964,0.984,0.031738,0.01975,0.000625,0.004,0.016,0.03,0.042,0.078,0.02422,0.0106,0.000335,0.008,0.016,0.022,0.03,0.05,0.031738,0.01975,0.000625,0.004,0.016,0.03,0.042,0.078,0.055958,0.02778,0.000878,0.016,0.036,0.052,0.07,0.11805
5.25,0.938841,0.02963,0.000952,0.86835,0.924,0.944,0.96,0.98,0.034541,0.02088,0.000671,0.006,0.018,0.032,0.046,0.08165,0.026618,0.01144,0.000368,0.01,0.018,0.024,0.032,0.056,0.034541,0.02088,0.000671,0.006,0.018,0.032,0.046,0.08165,0.061159,0.02963,0.000952,0.02,0.04,0.056,0.076,0.13165,0.94022,0.03016,0.000954,0.86995,0.924,0.946,0.962,0.984,0.033544,0.02128,0.000673,0.00395,0.018,0.03,0.046,0.08005,0.026236,0.01148,0.000363,0.01,0.018,0.024,0.032,0.056,0.033544,0.02128,0.000673,0.00395,0.018,0.03,0.046,0.08005,0.05978,0.03016,0.000954,0.016,0.038,0.054,0.076,0.13005
5.5,0.934787,0.03207,0.001031,0.862,0.918,0.94,0.958,0.98,0.036329,0.02221,0.000714,0.006,0.02,0.032,0.048,0.088,0.028884,0.01248,0.000401,0.01,0.02,0.026,0.036,0.06165,0.036329,0.02221,0.000714,0.006,0.02,0.032,0.048,0.088,0.065213,0.03207,0.001031,0.02,0.042,0.06,0.082,0.138,0.93629,0.03265,0.001032,0.862,0.918,0.942,0.96,0.984,0.03526,0.02265,0.000716,0.002,0.018,0.032,0.048,0.088,0.02845,0.01254,0.000397,0.01,0.02,0.026,0.036,0.06005,0.03526,0.02265,0.000716,0.002,0.018,0.032,0.048,0.088,0.06371,0.03265,0.001032,0.016,0.04,0.058,0.082,0.138
5.75,0.930469,0.0345,0.001109,0.84905,0.912,0.936,0.954,0.97965,0.03838,0.02338,0.000752,0.006,0.02,0.035,0.052,0.09365,0.031151,0.0138,0.000444,0.01,0.022,0.028,0.038,0.066,0.03838,0.02338,0.000752,0.006,0.02,0.035,0.052,0.09365,0.069531,0.0345,0.001109,0.02035,0.046,0.064,0.088,0.15095,0.932106,0.03515,0.001111,0.85385,0.912,0.938,0.958,0.98205,0.037238,0.02386,0.000754,0.002,0.02,0.034,0.05,0.09205,0.030656,0.01388,0.000439,0.01,0.02,0.028,0.038,0.066,0.037238,0.02386,0.000754,0.002,0.02,0.034,0.05,0.09205,0.067894,0.03515,0.001111,0.01795,0.042,0.062,0.088,0.14615
6.0,0.926033,0.03682,0.001183,0.84235,0.904,0.932,0.952,0.978,0.040279,0.02449,0.000787,0.006,0.022,0.036,0.054,0.096,0.033688,0.01507,0.000484,0.012,0.024,0.03,0.04,0.068,0.040279,0.02449,0.000787,0.006,0.022,0.036,0.054,0.096,0.073967,0.03682,0.001183,0.022,0.048,0.068,0.096,0.15765,0.927812,0.03755,0.001187,0.84395,0.906,0.934,0.956,0.982,0.039066,0.02501,0.000791,0.002,0.02,0.036,0.054,0.096,0.033122,0.01519,0.00048,0.01,0.022,0.03,0.04,0.068,0.039066,0.02501,0.000791,0.002,0.02,0.036,0.054,0.096,0.072188,0.03755,0.001187,0.018,0.044,0.066,0.094,0.15605
6.25,0.921331,0.03929,0.001263,0.83235,0.898,0.928,0.95,0.976,0.042399,0.02577,0.000828,0.006,0.022,0.038,0.058,0.10365,0.036271,0.01635,0.000526,0.012,0.024,0.034,0.044,0.0773,0.042399,0.02577,0.000828,0.006,0.022,0.038,0.058,0.10365,0.078669,0.03929,0.001263,0.024,0.05,0.072,0.102,0.16765,0.923258,0.04011,0.001268,0.83395,0.9,0.93,0.952,0.982,0.041114,0.02633,0.000833,0.002,0.0215,0.038,0.056,0.10205,0.035628,0.0165,0.000522,0.01195,0.024,0.032,0.044,0.0741,0.041114,0.02633,0.000833,0.002,0.0215,0.038,0.056,0.10205,0.076742,0.04011,0.001268,0.018,0.048,0.07,0.1,0.16605
6.5,0.91657,0.04196,0.001349,0.822,0.892,0.924,0.948,0.976,0.044349,0.02706,0.00087,0.006,0.024,0.04,0.06,0.108,0.039081,0.0178,0.000572,0.014,0.026,0.036,0.048,0.082,0.044349,0.02706,0.00087,0.006,0.024,0.04,0.06,0.108,0.08343,0.04196,0.001349,0.024,0.052,0.076,0.108,0.178,0.918644,0.04285,0.001355,0.822,0.894,0.926,0.95,0.982,0.043002,0.02764,0.000874,0.002,0.022,0.04,0.058,0.108,0.038354,0.01799,0.000569,0.012,0.026,0.036,0.048,0.082,0.043002,0.02764,0.000874,0.002,0.022,0.04,0.058,0.108,0.081356,0.04285,0.001355,0.018,0.05,0.074,0.106,0.178
6.75,0.911413,0.04465,0.001435,0.814,0.886,0.92,0.944,0.97565,0.046634,0.02815,0.000905,0.006,0.026,0.042,0.062,0.112,0.041952,0.01945,0.000625,0.014,0.028,0.038,0.052,0.08965,0.046634,0.02815,0.000905,0.006,0.026,0.042,0.062,0.112,0.088587,0.04465,0.001435,0.02435,0.056,0.08,0.114,0.186,0.91365,0.04564,0.001443,0.814,0.8875,0.922,0.9465,0.98005,0.045206,0.0288,0.000911,0.002,0.022,0.042,0.0605,0.112,0.041144,0.01967,0.000622,0.012,0.0275,0.038,0.052,0.08805,0.045206,0.0288,0.000911,0.002,0.022,0.042,0.0605,0.112,0.08635,0.04564,0.001443,0.01995,0.0535,0.078,0.1125,0.186
7.0,0.906128,0.04745,0.001525,0.802,0.878,0.914,0.942,0.974,0.048983,0.02946,0.000947,0.00635,0.026,0.044,0.0645,0.11765,0.044888,0.02106,0.000677,0.016,0.03,0.042,0.056,0.094,0.048983,0.02946,0.000947,0.00635,0.026,0.044,0.0645,0.11765,0.093872,0.04745,0.001525,0.026,0.058,0.086,0.122,0.198,0.908528,0.04854,0.001535,0.802,0.88,0.916,0.944,0.98,0.04748,0.03015,0.000953,0.002,0.024,0.044,0.064,0.11605,0.043992,0.02133,0.000674,0.01395,0.028,0.04,0.056,0.094,0.04748,0.03015,0.000953,0.002,0.024,0.044,0.064,0.11605,0.091472,0.04854,0.001535,0.02,0.056,0.084,0.12,0.198
7.25,0.900558,0.05021,0.001614,0.79,0.872,0.91,0.938,0.974,0.051488,0.03083,0.000991,0.00635,0.026,0.048,0.07,0.12165,0.047955,0.02246,0.000722,0.016,0.032,0.044,0.06,0.102,0.051488,0.03083,0.000991,0.00635,0.026,0.048,0.07,0.12165,0.099442,0.05021,0.001614,0.026,0.062,0.09,0.128,0.21,0.903134,0.05142,0.001626,0.79,0.872,0.912,0.942,0.98,0.049896,0.03157,0.000998,0.002,0.024,0.046,0.07,0.12005,0.04697,0.02279,0.000721,0.014,0.03,0.044,0.06,0.102,0.049896,0.03157,0.000998,0.002,0.024,0.046,0.07,0.12005,0.096866,0.05142,0.001626,0.02,0.058,0.088,0.128,0.21
7.5,0.8948,0.05333,0.001714,0.778,0.862,0.904,0.934,0.972,0.053938,0.03234,0.001039,0.008,0.028,0.05,0.072,0.128,0.051262,0.02413,0.000776,0.016,0.034,0.046,0.064,0.106,0.053938,0.03234,0.001039,0.008,0.028,0.05,0.072,0.128,0.1052,0.05333,0.001714,0.028,0.066,0.096,0.138,0.222,0.897556,0.05464,0.001728,0.778,0.8655,0.906,0.94,0.98,0.052268,0.03312,0.001047,0.002,0.026,0.048,0.072,0.128,0.050176,0.02451,0.000775,0.014,0.032,0.046,0.064,0.106,0.052268,0.03312,0.001047,0.002,0.026,0.048,0.072,0.128,0.102444,0.05464,0.001728,0.02,0.06,0.094,0.1345,0.222
7.75,0.888876,0.05639,0.001812,0.76235,0.856,0.898,0.932,0.972,0.056388,0.03369,0.001083,0.008,0.03,0.052,0.076,0.13165,0.054736,0.02593,0.000833,0.018,0.036,0.05,0.07,0.114,0.056388,0.03369,0.001083,0.008,0.03,0.052,0.076,0.13165,0.111124,0.05639,0.001812,0.028,0.068,0.102,0.144,0.23765,0.89182,0.05782,0.001828,0.76395,0.858,0.9,0.936,0.98,0.05463,0.03453,0.001092,0.002,0.028,0.05,0.074,0.13005,0.05355,0.02637,0.000834,0.014,0.034,0.048,0.068,0.114,0.05463,0.03453,0.001092,0.002,0.028,0.05,0.074,0.13005,0.10818,0.05782,0.001828,0.02,0.064,0.1,0.142,0.23605
8.0,0.882744,0.05966,0.001917,0.752,0.8475,0.892,0.928,0.97,0.059064,0.03528,0.001134,0.008,0.03,0.054,0.08,0.138,0.058192,0.02767,0.000889,0.018,0.04,0.054,0.074,0.12,0.059064,0.03528,0.001134,0.008,0.03,0.054,0.08,0.138,0.117256,0.05966,0.001917,0.03,0.072,0.108,0.1525,0.248,0.885882,0.0612,0.001935,0.752,0.85,0.896,0.934,0.98,0.057212,0.03618,0.001144,0.002,0.028,0.052,0.0785,0.138,0.056906,0.02816,0.00089,0.014,0.038,0.052,0.0725,0.12,0.057212,0.03618,0.001144,0.002,0.028,0.052,0.0785,0.138,0.114118,0.0612,0.001935,0.02,0.066,0.104,0.15,0.248
8.25,0.87625,0.06303,0.002026,0.734,0.838,0.886,0.924,0.968,0.06187,0.03674,0.001181,0.008,0.032,0.056,0.086,0.144,0.06188,0.02969,0.000954,0.018,0.04,0.058,0.08,0.128,0.06187,0.03674,0.001181,0.008,0.032,0.056,0.086,0.144,0.12375,0.06303,0.002026,0.032,0.076,0.114,0.162,0.266,0.87959,0.0647,0.002046,0.734,0.84,0.89,0.9285,0.98,0.05993,0.0377,0.001192,0.002,0.03,0.056,0.084,0.144,0.06048,0.03024,0.000956,0.016,0.04,0.056,0.078,0.128,0.05993,0.0377,0.001192,0.002,0.03,0.056,0.084,0.144,0.12041,0.0647,0.002046,0.02,0.0715,0.11,0.16,0.266
8.5,0.869626,0.06628,0.00213,0.72,0.828,0.88,0.9205,0.966,0.064508,0.03787,0.001217,0.008,0.034,0.06,0.088,0.15,0.065866,0.03174,0.00102,0.02,0.044,0.06,0.084,0.13765,0.064508,0.03787,0.001217,0.008,0.034,0.06,0.088,0.15,0.130374,0.06628,0.00213,0.034,0.0795,0.12,0.172,0.28,0.873176,0.06809,0.002153,0.72,0.832,0.884,0.926,0.978,0.062482,0.0389,0.00123,0.002,0.032,0.058,0.088,0.15,0.064342,0.03236,0.001023,0.016,0.042,0.06,0.082,0.13605,0.062482,0.0389,0.00123,0.002,0.032,0.058,0.088,0.15,0.126824,0.06809,0.002153,0.022,0.074,0.116,0.168,0.28
8.75,0.863039,0.06905,0.002219,0.7087,0.82,0.872,0.916,0.966,0.06701,0.03865,0.001242,0.00835,0.036,0.062,0.092,0.152,0.06995,0.0339,0.00109,0.02,0.046,0.064,0.0885,0.144,0.06701,0.03865,0.001242,0.00835,0.036,0.062,0.092,0.152,0.136961,0.06905,0.002219,0.034,0.084,0.128,0.18,0.2913,0.866798,0.07104,0.002246,0.7119,0.822,0.876,0.922,0.978,0.064896,0.03977,0.001258,0.002,0.034,0.06,0.09,0.152,0.068306,0.03459,0.001094,0.016,0.044,0.062,0.088,0.144,0.064896,0.03977,0.001258,0.002,0.034,0.06,0.09,0.152,0.133202,0.07104,0.002246,0.022,0.078,0.124,0.178,0.2881
9.0,0.856136,0.07235,0.002326,0.69705,0.81,0.868,0.912,0.964,0.069686,0.03975,0.001278,0.01,0.038,0.064,0.096,0.158,0.074178,0.03601,0.001157,0.022,0.05,0.068,0.094,0.154,0.069686,0.03975,0.001278,0.01,0.038,0.064,0.096,0.158,0.143864,0.07235,0.002326,0.036,0.088,0.132,0.19,0.30295,0.860112,0.07449,0.002356,0.70185,0.812,0.87,0.916,0.978,0.067486,0.04094,0.001295,0.002,0.036,0.062,0.094,0.158,0.072402,0.03679,0.001163,0.01795,0.046,0.066,0.094,0.154,0.067486,0.04094,0.001295,0.002,0.036,0.062,0.094,0.158,0.139888,0.07449,0.002356,0.022,0.084,0.13,0.188,0.29815
9.25,0.848963,0.07547,0.002426,0.68235,0.8,0.86,0.908,0.962,0.07238,0.04068,0.001308,0.01,0.04,0.068,0.1,0.16165,0.078657,0.03818,0.001227,0.022,0.052,0.072,0.1,0.16165,0.07238,0.04068,0.001308,0.01,0.04,0.068,0.1,0.16165,0.151037,0.07547,0.002426,0.038,0.092,0.14,0.2,0.31765,0.853166,0.07779,0.00246,0.68395,0.802,0.864,0.912,0.978,0.070088,0.04197,0.001327,0.002,0.038,0.066,0.098,0.16005,0.076746,0.03904,0.001235,0.018,0.048,0.07,0.0985,0.16005,0.070088,0.04197,0.001327,0.002,0.038,0.066,0.098,0.16005,0.146834,0.07779,0.00246,0.022,0.088,0.136,0.198,0.31605
9.5,0.841368,0.07881,0.002533,0.666,0.792,0.852,0.902,0.96,0.075388,0.04189,0.001346,0.012,0.042,0.071,0.102,0.166,0.083244,0.04038,0.001298,0.024,0.054,0.076,0.106,0.17,0.075388,0.04189,0.001346,0.012,0.042,0.071,0.102,0.166,0.158632,0.07881,0.002533,0.04,0.098,0.148,0.208,0.334,0.845812,0.08132,0.002572,0.666,0.792,0.856,0.908,0.978,0.072998,0.04326,0.001368,0.002,0.04,0.069,0.102,0.166,0.08119,0.04134,0.001307,0.018,0.05,0.074,0.106,0.17,0.072998,0.04326,0.001368,0.002,0.04,0.069,0.102,0.166,0.154188,0.08132,0.002572,0.022,0.092,0.144,0.208,0.334
9.75,0.833721,0.08205,0.002637,0.658,0.78,0.842,0.898,0.95965,0.078153,0.04295,0.00138,0.012,0.044,0.074,0.106,0.172,0.088126,0.04262,0.00137,0.024,0.056,0.08,0.114,0.18365,0.078153,0.04295,0.00138,0.012,0.044,0.074,0.106,0.172,0.166279,0.08205,0.002637,0.04035,0.102,0.158,0.22,0.342,0.83841,0.08477,0.002681,0.658,0.782,0.848,0.902,0.978,0.07567,0.04441,0.001404,0.002,0.042,0.072,0.104,0.172,0.08592,0.04369,0.001382,0.018,0.054,0.078,0.112,0.18205,0.07567,0.04441,0.001404,0.002,0.042,0.072,0.104,0.172,0.16159,0.08477,0.002681,0.022,0.098,0.152,0.218,0.342
10.0,0.826,0.08534,0.002743,0.64235,0.77,0.836,0.8925,0.958,0.080742,0.04371,0.001405,0.012,0.046,0.076,0.11,0.174,0.093258,0.04508,0.001449,0.026,0.06,0.086,0.12,0.192,0.080742,0.04371,0.001405,0.012,0.046,0.076,0.11,0.174,0.174,0.08534,0.002743,0.042,0.1075,0.164,0.23,0.35765,0.830936,0.08826,0.002791,0.64395,0.772,0.84,0.8985,0.978,0.078174,0.04526,0.001431,0.002,0.042,0.074,0.108,0.174,0.09089,0.04626,0.001463,0.01995,0.058,0.084,0.1185,0.192,0.078174,0.04526,0.001431,0.002,0.042,0.074,0.108,0.174,0.169064,0.08826,0.002791,0.022,0.1015,0.16,0.228,0.35605
10.25,0.818033,0.08843,0.002842,0.6267,0.758,0.826,0.886,0.95765,0.083395,0.04449,0.00143,0.012,0.046,0.08,0.114,0.17565,0.098572,0.04743,0.001525,0.028,0.064,0.092,0.1265,0.204,0.083395,0.04449,0.00143,0.012,0.046,0.08,0.114,0.17565,0.181967,0.08843,0.002842,0.04235,0.114,0.174,0.242,0.3733,0.823224,0.09159,0.002896,0.6299,0.7615,0.831,0.8925,0.978,0.08074,0.04615,0.001459,0.00195,0.044,0.078,0.112,0.17405,0.096036,0.04874,0.001541,0.02,0.06,0.09,0.126,0.204,0.08074,0.04615,0.001459,0.00195,0.044,0.078,0.112,0.17405,0.176776,0.09159,0.002896,0.022,0.1075,0.169,0.2385,0.3701
10.5,0.809831,0.09186,0.002952,0.6094,0.7475,0.82,0.882,0.95565,0.086279,0.0457,0.001469,0.012,0.05,0.082,0.116,0.17965,0.10389,0.04987,0.001603,0.028,0.066,0.098,0.134,0.216,0.086279,0.0457,0.001469,0.012,0.05,0.082,0.116,0.17965,0.190169,0.09186,0.002952,0.04435,0.118,0.18,0.2525,0.3906,0.815282,0.09524,0.003012,0.6158,0.75,0.823,0.888,0.978,0.08353,0.04744,0.0015,0.0,0.046,0.082,0.114,0.17805,0.101188,0.0513,0.001622,0.02,0.064,0.094,0.132,0.216,0.08353,0.04744,0.0015,0.0,0.046,0.082,0.114,0.17805,0.184718,0.09524,0.003012,0.022,0.112,0.177,0.25,0.3842
10.75,0.801612,0.0953,0.003063,0.59635,0.734,0.81,0.878,0.954,0.08888,0.04675,0.001502,0.012,0.052,0.086,0.12,0.18565,0.109508,0.05246,0.001686,0.03,0.072,0.102,0.142,0.22765,0.08888,0.04675,0.001502,0.012,0.052,0.086,0.12,0.18565,0.198388,0.0953,0.003063,0.046,0.122,0.19,0.266,0.40365,0.807326,0.09891,0.003128,0.59795,0.738,0.816,0.884,0.978,0.086046,0.04856,0.001536,0.0,0.048,0.084,0.12,0.18405,0.106628,0.05402,0.001708,0.02,0.066,0.1,0.14,0.22605,0.086046,0.04856,0.001536,0.0,0.048,0.084,0.12,0.18405,0.192674,0.09891,0.003128,0.022,0.116,0.184,0.262,0.40205
11.0,0.793138,0.09864,0.00317,0.58235,0.724,0.8,0.872,0.952,0.091826,0.0477,0.001533,0.01235,0.052,0.088,0.124,0.192,0.115035,0.05501,0.001768,0.03035,0.074,0.108,0.148,0.236,0.091826,0.0477,0.001533,0.01235,0.052,0.088,0.124,0.192,0.206862,0.09864,0.00317,0.048,0.128,0.2,0.276,0.41765,0.799124,0.1025,0.003241,0.58395,0.7275,0.804,0.8785,0.978,0.088894,0.04963,0.001569,0.0,0.0495,0.086,0.122,0.192,0.111982,0.0567,0.001793,0.02195,0.07,0.104,0.148,0.236,0.088894,0.04963,0.001569,0.0,0.0495,0.086,0.122,0.192,0.200876,0.1025,0.003241,0.022,0.1215,0.196,0.2725,0.41605
11.25,0.784661,0.10174,0.00327,0.56835,0.714,0.792,0.866,0.95165,0.094506,0.04825,0.001551,0.01235,0.056,0.092,0.128,0.19365,0.120833,0.05765,0.001853,0.032,0.0775,0.112,0.156,0.246,0.094506,0.04825,0.001551,0.01235,0.056,0.092,0.128,0.19365,0.215339,0.10174,0.00327,0.04835,0.134,0.208,0.286,0.43165,0.790918,0.10587,0.003348,0.56995,0.716,0.796,0.8725,0.978,0.091488,0.05029,0.00159,0.0,0.052,0.09,0.128,0.19205,0.117594,0.05948,0.001881,0.022,0.0735,0.11,0.154,0.246,0.091488,0.05029,0.00159,0.0,0.052,0.09,0.128,0.19205,0.209082,0.10587,0.003348,0.022,0.1275,0.204,0.284,0.43005
11.5,0.775977,0.10484,0.00337,0.55835,0.702,0.784,0.86,0.948,0.097182,0.0488,0.001569,0.012,0.058,0.094,0.13,0.196,0.126841,0.0603,0.001938,0.03235,0.08,0.118,0.166,0.25565,0.097182,0.0488,0.001569,0.012,0.058,0.094,0.13,0.196,0.224023,0.10484,0.00337,0.052,0.14,0.216,0.298,0.44165,0.782512,0.10925,0.003455,0.55995,0.706,0.788,0.866,0.978,0.094078,0.05096,0.001612,0.0,0.056,0.092,0.13,0.196,0.12341,0.06229,0.00197,0.022,0.076,0.116,0.164,0.25405,0.094078,0.05096,0.001612,0.0,0.056,0.092,0.13,0.196,0.217488,0.10925,0.003455,0.022,0.134,0.212,0.294,0.44005
11.75,0.76712,0.10798,0.00347,0.54305,0.692,0.774,0.852,0.948,0.099833,0.04941,0.001588,0.01235,0.062,0.1,0.134,0.198,0.133048,0.0629,0.002022,0.034,0.084,0.124,0.172,0.268,0.099833,0.04941,0.001588,0.01235,0.062,0.1,0.134,0.198,0.23288,0.10798,0.00347,0.052,0.148,0.226,0.308,0.45695,0.773938,0.11268,0.003563,0.54785,0.694,0.778,0.86,0.978,0.096644,0.05169,0.001634,0.0,0.058,0.098,0.132,0.198,0.129418,0.06506,0.002057,0.022,0.082,0.122,0.172,0.268,0.096644,0.05169,0.001634,0.0,0.058,0.098,0.132,0.198,0.226062,0.11268,0.003563,0.022,0.14,0.222,0.306,0.45215
12.0,0.758062,0.1109,0.003565,0.534,0.678,0.764,0.846,0.946,0.102426,0.04971,0.001598,0.014,0.064,0.102,0.138,0.198,0.139512,0.06582,0.002115,0.036,0.09,0.132,0.182,0.282,0.102426,0.04971,0.001598,0.014,0.064,0.102,0.138,0.198,0.241938,0.1109,0.003565,0.054,0.154,0.236,0.322,0.466,0.765168,0.11592,0.003666,0.534,0.68,0.768,0.854,0.978,0.099156,0.05211,0.001648,0.0,0.06,0.1,0.1365,0.198,0.135676,0.06813,0.002155,0.022,0.084,0.128,0.18,0.282,0.099156,0.05211,0.001648,0.0,0.06,0.1,0.1365,0.198,0.234832,0.11592,0.003666,0.022,0.146,0.232,0.32,0.466
12.25,0.74893,0.11391,0.003661,0.52035,0.668,0.753,0.838,0.946,0.105236,0.05017,0.001613,0.014,0.066,0.106,0.14,0.198,0.145835,0.06847,0.002201,0.036,0.0935,0.138,0.192,0.296,0.105236,0.05017,0.001613,0.014,0.066,0.106,0.14,0.198,0.25107,0.11391,0.003661,0.054,0.162,0.247,0.332,0.47965,0.756326,0.11925,0.003771,0.52195,0.67,0.756,0.848,0.978,0.101878,0.05271,0.001667,0.0,0.064,0.104,0.14,0.198,0.141796,0.07096,0.002244,0.022,0.09,0.136,0.19,0.296,0.101878,0.05271,0.001667,0.0,0.064,0.104,0.14,0.198,0.243674,0.11925,0.003771,0.022,0.152,0.244,0.33,0.47805
12.5,0.739783,0.11664,0.003749,0.51035,0.654,0.742,0.8325,0.944,0.107868,0.05032,0.001617,0.016,0.07,0.108,0.144,0.20365,0.152349,0.07126,0.00229,0.038,0.096,0.146,0.2,0.3073,0.107868,0.05032,0.001617,0.016,0.07,0.108,0.144,0.20365,0.260217,0.11664,0.003749,0.056,0.1675,0.258,0.346,0.48965,0.74747,0.12232,0.003868,0.51195,0.658,0.746,0.84,0.978,0.104426,0.053,0.001676,0.0,0.066,0.106,0.142,0.20205,0.148104,0.07392,0.002338,0.022,0.0935,0.144,0.2,0.3041,0.104426,0.053,0.001676,0.0,0.066,0.106,0.142,0.20205,0.25253,0.12232,0.003868,0.022,0.16,0.254,0.342,0.48805
12.75,0.730426,0.11961,0.003844,0.4907,0.6415,0.732,0.824,0.94165,0.110337,0.05084,0.001634,0.016,0.0735,0.11,0.1465,0.204,0.159238,0.07375,0.002371,0.04,0.102,0.152,0.21,0.314,0.110337,0.05084,0.001634,0.016,0.0735,0.11,0.1465,0.204,0.269574,0.11961,0.003844,0.05835,0.176,0.268,0.3585,0.5093,0.738412,0.12563,0.003973,0.4939,0.646,0.736,0.8325,0.97605,0.106816,0.05364,0.001696,0.0,0.068,0.108,0.146,0.204,0.154772,0.07663,0.002423,0.022,0.098,0.149,0.208,0.314,0.106816,0.05364,0.001696,0.0,0.068,0.108,0.146,0.204,0.261588,0.12563,0.003973,0.02395,0.1675,0.264,0.354,0.5061
13.0,0.720833,0.1223,0.003931,0.478,0.6335,0.72,0.816,0.94,0.11293,0.05105,0.001641,0.016,0.074,0.114,0.15,0.20765,0.166238,0.07654,0.00246,0.04,0.106,0.158,0.22,0.32565,0.11293,0.05105,0.001641,0.016,0.074,0.114,0.15,0.20765,0.279167,0.1223,0.003931,0.06,0.184,0.28,0.3665,0.522,0.729124,0.1287,0.00407,0.478,0.636,0.724,0.8245,0.97605,0.109328,0.054,0.001708,0.0,0.072,0.112,0.1485,0.20605,0.161548,0.07962,0.002518,0.022,0.102,0.156,0.218,0.32405,0.109328,0.054,0.001708,0.0,0.072,0.112,0.1485,0.20605,0.270876,0.1287,0.00407,0.02395,0.1755,0.276,0.364,0.522
13.25,0.7115,0.12498,0.004017,0.46835,0.62,0.71,0.808,0.938,0.115054,0.05096,0.001638,0.016,0.078,0.116,0.152,0.208,0.173446,0.07937,0.002551,0.04235,0.112,0.166,0.23,0.34,0.115054,0.05096,0.001638,0.016,0.078,0.116,0.152,0.208,0.2885,0.12498,0.004017,0.062,0.192,0.29,0.38,0.53165,0.72009,0.13174,0.004166,0.46995,0.6255,0.714,0.816,0.97605,0.111382,0.05405,0.001709,0.0,0.0735,0.114,0.15,0.208,0.168528,0.08266,0.002614,0.022,0.106,0.164,0.228,0.34,0.111382,0.05405,0.001709,0.0,0.0735,0.114,0.15,0.208,0.27991,0.13174,0.004166,0.02395,0.184,0.286,0.3745,0.53005
13.5,0.702027,0.12728,0.004091,0.45635,0.61,0.698,0.8005,0.936,0.117103,0.05061,0.001627,0.018,0.08,0.12,0.154,0.206,0.18087,0.08223,0.002643,0.04435,0.118,0.176,0.24,0.35165,0.117103,0.05061,0.001627,0.018,0.08,0.12,0.154,0.206,0.297973,0.12728,0.004091,0.064,0.1995,0.302,0.39,0.54365,0.710916,0.13445,0.004252,0.45795,0.612,0.704,0.8085,0.976,0.11337,0.05387,0.001703,0.0,0.076,0.116,0.154,0.206,0.175714,0.08575,0.002712,0.022,0.11,0.172,0.238,0.35005,0.11337,0.05387,0.001703,0.0,0.076,0.116,0.154,0.206,0.289084,0.13445,0.004252,0.024,0.1915,0.296,0.388,0.54205
13.75,0.692622,0.12951,0.004163,0.446,0.6,0.688,0.79,0.934,0.118917,0.05045,0.001622,0.01835,0.084,0.12,0.158,0.20965,0.188461,0.08487,0.002728,0.04635,0.122,0.184,0.25,0.366,0.118917,0.05045,0.001622,0.01835,0.084,0.12,0.158,0.20965,0.307378,0.12951,0.004163,0.066,0.21,0.312,0.4,0.554,0.701812,0.1371,0.004335,0.446,0.602,0.692,0.802,0.976,0.115124,0.05385,0.001703,0.0,0.08,0.12,0.156,0.20805,0.183064,0.08864,0.002803,0.022,0.116,0.18,0.248,0.366,0.115124,0.05385,0.001703,0.0,0.08,0.12,0.156,0.20805,0.298188,0.1371,0.004335,0.024,0.198,0.308,0.398,0.554
14.0,0.683314,0.13184,0.004237,0.4307,0.588,0.678,0.782,0.934,0.120531,0.05035,0.001618,0.018,0.086,0.123,0.158,0.208,0.196155,0.08765,0.002817,0.05,0.1275,0.192,0.2585,0.378,0.120531,0.05035,0.001618,0.018,0.086,0.123,0.158,0.208,0.316686,0.13184,0.004237,0.066,0.218,0.322,0.412,0.5693,0.692802,0.13984,0.004422,0.4339,0.592,0.682,0.7945,0.976,0.116684,0.05387,0.001703,0.0,0.082,0.122,0.158,0.208,0.190514,0.09167,0.002899,0.022,0.122,0.188,0.2565,0.378,0.116684,0.05387,0.001703,0.0,0.082,0.122,0.158,0.208,0.307198,0.13984,0.004422,0.024,0.2055,0.318,0.408,0.5661
14.25,0.673767,0.13401,0.004307,0.422,0.576,0.668,0.774,0.93,0.122537,0.0502,0.001613,0.01835,0.088,0.124,0.16,0.208,0.203696,0.09012,0.002897,0.05,0.134,0.2,0.27,0.38965,0.122537,0.0502,0.001613,0.01835,0.088,0.124,0.16,0.208,0.326233,0.13401,0.004307,0.07,0.226,0.332,0.424,0.578,0.68356,0.14244,0.004504,0.422,0.58,0.674,0.786,0.976,0.118626,0.05387,0.001704,0.0,0.084,0.122,0.16,0.208,0.197814,0.09441,0.002985,0.022,0.126,0.196,0.266,0.38805,0.118626,0.05387,0.001704,0.0,0.084,0.122,0.16,0.208,0.31644,0.14244,0.004504,0.024,0.214,0.326,0.42,0.578
14.5,0.664186,0.13617,0.004377,0.4127,0.564,0.657,0.764,0.9293,0.124599,0.05008,0.00161,0.018,0.094,0.126,0.164,0.208,0.211215,0.09273,0.00298,0.052,0.14,0.208,0.278,0.40165,0.124599,0.05008,0.00161,0.018,0.094,0.126,0.164,0.208,0.335814,0.13617,0.004377,0.0707,0.236,0.343,0.436,0.5873,0.674286,0.14505,0.004587,0.4159,0.57,0.664,0.776,0.976,0.120622,0.05392,0.001705,0.0,0.088,0.124,0.162,0.208,0.205092,0.09727,0.003076,0.022,0.134,0.203,0.278,0.40005,0.120622,0.05392,0.001705,0.0,0.088,0.124,0.162,0.208,0.325714,0.14505,0.004587,0.024,0.224,0.336,0.43,0.5841
14.75,0.654479,0.13815,0.00444,0.404,0.55,0.644,0.758,0.92765,0.126597,0.04984,0.001602,0.02,0.096,0.129,0.164,0.20965,0.218924,0.09532,0.003064,0.052,0.1455,0.217,0.288,0.4113,0.126597,0.04984,0.001602,0.02,0.096,0.129,0.164,0.20965,0.345521,0.13815,0.00444,0.07235,0.242,0.356,0.45,0.596,0.66489,0.14751,0.004665,0.404,0.556,0.65,0.768,0.976,0.122554,0.05385,0.001703,0.0,0.092,0.128,0.164,0.20805,0.212556,0.10013,0.003166,0.022,0.1395,0.214,0.286,0.4081,0.122554,0.05385,0.001703,0.0,0.092,0.128,0.164,0.20805,0.33511,0.14751,0.004665,0.024,0.232,0.35,0.444,0.596
15.0,0.644917,0.13985,0.004495,0.394,0.538,0.634,0.744,0.922,0.128134,0.0493,0.001585,0.022,0.098,0.13,0.166,0.20965,0.226948,0.09775,0.003142,0.054,0.152,0.226,0.298,0.41965,0.128134,0.0493,0.001585,0.022,0.098,0.13,0.166,0.20965,0.355083,0.13985,0.004495,0.078,0.256,0.366,0.462,0.606,0.655634,0.14971,0.004734,0.394,0.5455,0.64,0.762,0.976,0.124036,0.05349,0.001692,0.0,0.094,0.128,0.166,0.20805,0.22033,0.10285,0.003253,0.02395,0.146,0.222,0.296,0.41805,0.124036,0.05349,0.001692,0.0,0.094,0.128,0.166,0.20805,0.344366,0.14971,0.004734,0.024,0.238,0.36,0.4545,0.606
15.25,0.635748,0.14148,0.004547,0.38505,0.532,0.626,0.738,0.922,0.129322,0.0491,0.001578,0.02,0.1,0.132,0.166,0.21,0.23493,0.10017,0.003219,0.056,0.158,0.236,0.31,0.43165,0.129322,0.0491,0.001578,0.02,0.1,0.132,0.166,0.21,0.364252,0.14148,0.004547,0.078,0.262,0.374,0.468,0.61495,0.646758,0.15182,0.004801,0.38985,0.534,0.632,0.7525,0.976,0.125186,0.0534,0.001689,0.0,0.096,0.13,0.166,0.21,0.228056,0.10557,0.003339,0.02395,0.15,0.23,0.306,0.43005,0.125186,0.0534,0.001689,0.0,0.096,0.13,0.166,0.21,0.353242,0.15182,0.004801,0.024,0.2475,0.368,0.466,0.61015
15.5,0.626293,0.14303,0.004597,0.3747,0.5215,0.614,0.726,0.91765,0.130847,0.04876,0.001567,0.02,0.102,0.136,0.166,0.21165,0.24286,0.10258,0.003297,0.058,0.166,0.244,0.32,0.442,0.130847,0.04876,0.001567,0.02,0.102,0.136,0.166,0.21165,0.373707,0.14303,0.004597,0.08235,0.274,0.386,0.4785,0.6253,0.637606,0.15388,0.004866,0.3779,0.524,0.62,0.7425,0.976,0.126662,0.05321,0.001683,0.0,0.098,0.133,0.166,0.21005,0.235732,0.10829,0.003424,0.02395,0.156,0.239,0.3145,0.442,0.126662,0.05321,0.001683,0.0,0.098,0.133,0.166,0.21005,0.362394,0.15388,0.004866,0.024,0.2575,0.38,0.476,0.6221
15.75,0.616727,0.14451,0.004645,0.37,0.512,0.606,0.714,0.914,0.132004,0.04808,0.001545,0.022,0.106,0.136,0.168,0.212,0.251269,0.10527,0.003384,0.06035,0.172,0.252,0.328,0.45365,0.132004,0.04808,0.001545,0.022,0.106,0.136,0.168,0.212,0.383273,0.14451,0.004645,0.086,0.286,0.394,0.488,0.63,0.628344,0.1559,0.00493,0.37,0.514,0.61,0.734,0.976,0.127784,0.05269,0.001666,0.0,0.102,0.134,0.166,0.212,0.243872,0.1113,0.00352,0.02395,0.164,0.248,0.326,0.45205,0.127784,0.05269,0.001666,0.0,0.102,0.134,0.166,0.212,0.371656,0.1559,0.00493,0.024,0.266,0.39,0.486,0.63
16.0,0.607421,0.14554,0.004678,0.36035,0.5035,0.596,0.706,0.914,0.132955,0.04733,0.001521,0.024,0.106,0.138,0.168,0.21,0.259624,0.10754,0.003456,0.06035,0.178,0.262,0.3365,0.466,0.132955,0.04733,0.001521,0.024,0.106,0.138,0.168,0.21,0.392579,0.14554,0.004678,0.086,0.294,0.404,0.4965,0.63965,0.619336,0.1575,0.00498,0.36195,0.506,0.6,0.724,0.976,0.128704,0.05211,0.001648,0.0,0.1,0.136,0.166,0.21,0.25196,0.11391,0.003602,0.02395,0.1695,0.258,0.3325,0.466,0.128704,0.05211,0.001648,0.0,0.1,0.136,0.166,0.21,0.380664,0.1575,0.00498,0.024,0.276,0.4,0.494,0.63805
16.25,0.597864,0.14672,0.004716,0.35,0.492,0.583,0.696,0.912,0.134357,0.047,0.001511,0.026,0.108,0.14,0.168,0.21,0.267779,0.10974,0.003527,0.062,0.186,0.272,0.346,0.478,0.134357,0.047,0.001511,0.026,0.108,0.14,0.168,0.21,0.402136,0.14672,0.004716,0.088,0.304,0.417,0.508,0.65,0.610084,0.15925,0.005036,0.35,0.496,0.59,0.714,0.976,0.130062,0.05193,0.001642,0.0,0.104,0.138,0.166,0.21,0.259854,0.11646,0.003683,0.02395,0.176,0.266,0.344,0.478,0.130062,0.05193,0.001642,0.0,0.104,0.138,0.166,0.21,0.389916,0.15925,0.005036,0.024,0.286,0.41,0.504,0.65
16.5,0.588494,0.1477,0.004747,0.342,0.4815,0.574,0.688,0.906,0.135134,0.04636,0.00149,0.026,0.1095,0.142,0.166,0.21,0.276372,0.11204,0.003601,0.062,0.192,0.282,0.358,0.4873,0.135134,0.04636,0.00149,0.026,0.1095,0.142,0.166,0.21,0.411506,0.1477,0.004747,0.094,0.312,0.426,0.5185,0.658,0.601014,0.16083,0.005086,0.342,0.484,0.578,0.702,0.976,0.130812,0.05144,0.001627,0.0,0.104,0.14,0.1645,0.21,0.268174,0.11912,0.003767,0.02395,0.184,0.276,0.354,0.4841,0.130812,0.05144,0.001627,0.0,0.104,0.14,0.1645,0.21,0.398986,0.16083,0.005086,0.024,0.298,0.422,0.516,0.658
16.75,0.57938,0.14869,0.004779,0.332,0.47,0.563,0.6785,0.90565,0.135696,0.04584,0.001473,0.028,0.11,0.142,0.166,0.21,0.284924,0.11426,0.003673,0.064,0.202,0.289,0.3665,0.49765,0.135696,0.04584,0.001473,0.028,0.11,0.142,0.166,0.21,0.42062,0.14869,0.004779,0.09435,0.3215,0.437,0.53,0.668,0.592192,0.1624,0.005135,0.332,0.474,0.568,0.692,0.976,0.131354,0.05104,0.001614,0.0,0.106,0.14,0.164,0.21,0.276454,0.12171,0.003849,0.02395,0.19,0.286,0.364,0.49605,0.131354,0.05104,0.001614,0.0,0.106,0.14,0.164,0.21,0.407808,0.1624,0.005135,0.024,0.308,0.432,0.526,0.668
17.0,0.570256,0.14929,0.004798,0.32635,0.4615,0.553,0.668,0.902,0.136184,0.04519,0.001453,0.032,0.112,0.14,0.1665,0.212,0.29356,0.11611,0.003732,0.06635,0.208,0.298,0.378,0.51,0.136184,0.04519,0.001453,0.032,0.112,0.14,0.1665,0.212,0.429744,0.14929,0.004798,0.098,0.332,0.447,0.5385,0.67365,0.58336,0.16363,0.005174,0.32795,0.462,0.558,0.6805,0.976,0.131826,0.05052,0.001598,0.0,0.106,0.14,0.166,0.212,0.284814,0.12397,0.00392,0.02395,0.198,0.294,0.374,0.51,0.131826,0.05052,0.001598,0.0,0.106,0.14,0.166,0.212,0.41664,0.16363,0.005174,0.024,0.3195,0.442,0.538,0.67205
17.25,0.561333,0.14985,0.004816,0.318,0.45,0.542,0.658,0.898,0.136589,0.04465,0.001435,0.03235,0.112,0.142,0.166,0.21365,0.302079,0.11805,0.003794,0.06835,0.216,0.308,0.388,0.52,0.136589,0.04465,0.001435,0.03235,0.112,0.142,0.166,0.21365,0.438667,0.14985,0.004816,0.102,0.342,0.458,0.55,0.682,0.574722,0.16482,0.005212,0.318,0.454,0.548,0.67,0.976,0.132218,0.05008,0.001584,0.0,0.108,0.14,0.166,0.21205,0.29306,0.12631,0.003994,0.02395,0.206,0.304,0.384,0.52,0.132218,0.05008,0.001584,0.0,0.108,0.14,0.166,0.21205,0.425278,0.16482,0.005212,0.024,0.33,0.452,0.546,0.682
17.5,0.552421,0.15004,0.004823,0.31,0.442,0.532,0.648,0.89365,0.136977,0.04379,0.001407,0.034,0.112,0.142,0.166,0.212,0.310601,0.11975,0.003849,0.07435,0.226,0.318,0.396,0.5273,0.136977,0.04379,0.001407,0.034,0.112,0.142,0.166,0.212,0.447579,0.15004,0.004823,0.10635,0.352,0.468,0.558,0.69,0.566096,0.1657,0.00524,0.31,0.446,0.536,0.6585,0.976,0.132594,0.04937,0.001561,0.0,0.11,0.14,0.166,0.212,0.30131,0.12844,0.004062,0.02395,0.2135,0.312,0.394,0.5241,0.132594,0.04937,0.001561,0.0,0.11,0.14,0.166,0.212,0.433904,0.1657,0.00524,0.024,0.3415,0.464,0.554,0.69
17.75,0.543678,0.15035,0.004832,0.30235,0.43,0.522,0.638,0.89165,0.137293,0.04292,0.001379,0.036,0.114,0.142,0.166,0.21,0.319029,0.12129,0.003898,0.078,0.2355,0.326,0.408,0.536,0.137293,0.04292,0.001379,0.036,0.114,0.142,0.166,0.21,0.456322,0.15035,0.004832,0.10835,0.362,0.478,0.57,0.69765,0.557632,0.16668,0.005271,0.30395,0.436,0.527,0.65,0.976,0.1329,0.04865,0.001539,0.0,0.11,0.14,0.164,0.21,0.309468,0.13042,0.004124,0.02395,0.222,0.323,0.406,0.536,0.1329,0.04865,0.001539,0.0,0.11,0.14,0.164,0.21,0.442368,0.16668,0.005271,0.024,0.35,0.473,0.564,0.69605
18.0,0.53518,0.15074,0.004845,0.29435,0.4215,0.514,0.628,0.884,0.137262,0.04226,0.001358,0.03435,0.114,0.142,0.166,0.20965,0.327558,0.12281,0.003947,0.08,0.244,0.338,0.418,0.54365,0.137262,0.04226,0.001358,0.03435,0.114,0.142,0.166,0.20965,0.46482,0.15074,0.004845,0.116,0.372,0.486,0.5785,0.70565,0.549406,0.16771,0.005304,0.29595,0.426,0.518,0.64,0.976,0.13287,0.04809,0.001521,0.0,0.11,0.14,0.164,0.20805,0.317724,0.13241,0.004187,0.024,0.23,0.332,0.414,0.54205,0.13287,0.04809,0.001521,0.0,0.11,0.14,0.164,0.20805,0.450594,0.16771,0.005304,0.024,0.36,0.482,0.574,0.70405
18.25,0.526942,0.15104,0.004854,0.28835,0.4135,0.504,0.618,0.878,0.136876,0.04147,0.001333,0.03635,0.1155,0.14,0.164,0.20765,0.336182,0.12432,0.003996,0.08,0.252,0.348,0.426,0.55165,0.136876,0.04147,0.001333,0.03635,0.1155,0.14,0.164,0.20765,0.473058,0.15104,0.004854,0.122,0.382,0.496,0.5865,0.71165,0.541432,0.16865,0.005333,0.28995,0.418,0.51,0.63,0.976,0.132496,0.04739,0.001498,0.0,0.112,0.139,0.162,0.20605,0.326072,0.13438,0.004249,0.024,0.24,0.342,0.4225,0.55005,0.132496,0.04739,0.001498,0.0,0.112,0.139,0.162,0.20605,0.458568,0.16865,0.005333,0.024,0.37,0.49,0.582,0.71005
18.5,0.518783,0.15097,0.004852,0.2827,0.406,0.496,0.606,0.876,0.136572,0.04043,0.001299,0.04,0.116,0.14,0.162,0.206,0.344645,0.12566,0.004039,0.0807,0.258,0.356,0.436,0.56165,0.136572,0.04043,0.001299,0.04,0.116,0.14,0.162,0.206,0.481217,0.15097,0.004852,0.124,0.394,0.504,0.594,0.7173,0.533534,0.16927,0.005353,0.2859,0.41,0.5,0.6205,0.976,0.132202,0.04648,0.00147,0.0,0.112,0.139,0.162,0.206,0.334264,0.1362,0.004307,0.024,0.248,0.35,0.432,0.56005,0.132202,0.04648,0.00147,0.0,0.112,0.139,0.162,0.206,0.466466,0.16927,0.005353,0.024,0.3795,0.5,0.59,0.7141
18.75,0.510467,0.15087,0.004849,0.27835,0.398,0.488,0.5965,0.87165,0.136438,0.03978,0.001279,0.04035,0.116,0.14,0.162,0.206,0.353095,0.12701,0.004082,0.084,0.266,0.366,0.444,0.57,0.136438,0.03978,0.001279,0.04035,0.116,0.14,0.162,0.206,0.489533,0.15087,0.004849,0.12835,0.4035,0.512,0.602,0.72165,0.525484,0.1699,0.005373,0.27995,0.4,0.491,0.6105,0.976,0.132072,0.04592,0.001452,0.0,0.112,0.138,0.162,0.206,0.342444,0.13804,0.004365,0.024,0.256,0.36,0.442,0.57,0.132072,0.04592,0.001452,0.0,0.112,0.138,0.162,0.206,0.474516,0.1699,0.005373,0.024,0.3895,0.509,0.6,0.72005
19.0,0.502285,0.15063,0.004841,0.2727,0.39,0.478,0.586,0.86765,0.136041,0.03888,0.00125,0.04,0.116,0.138,0.16,0.206,0.361674,0.12832,0.004124,0.08635,0.274,0.374,0.454,0.57965,0.136041,0.03888,0.00125,0.04,0.116,0.138,0.16,0.206,0.497715,0.15063,0.004841,0.13235,0.414,0.522,0.61,0.7273,0.517564,0.1704,0.005388,0.2759,0.392,0.484,0.602,0.976,0.131688,0.04514,0.001427,0.0,0.112,0.138,0.16,0.206,0.350748,0.13984,0.004422,0.024,0.264,0.371,0.4505,0.57805,0.131688,0.04514,0.001427,0.0,0.112,0.138,0.16,0.206,0.482436,0.1704,0.005388,0.024,0.398,0.516,0.608,0.7241
19.25,0.493973,0.15021,0.004828,0.26835,0.3815,0.467,0.5785,0.86295,0.136004,0.03823,0.001229,0.0407,0.116,0.139,0.16,0.20565,0.370023,0.12927,0.004155,0.09235,0.282,0.384,0.464,0.586,0.136004,0.03823,0.001229,0.0407,0.116,0.139,0.16,0.20565,0.506027,0.15021,0.004828,0.13705,0.4215,0.533,0.6185,0.73165,0.509518,0.17076,0.0054,0.26995,0.384,0.476,0.5905,0.976,0.131652,0.04459,0.00141,0.0,0.112,0.138,0.158,0.20405,0.35883,0.14132,0.004469,0.024,0.272,0.38,0.46,0.586,0.131652,0.04459,0.00141,0.0,0.112,0.138,0.158,0.20405,0.490482,0.17076,0.0054,0.024,0.4095,0.524,0.616,0.73005
19.5,0.486279,0.14985,0.004816,0.268,0.3755,0.46,0.568,0.85365,0.135287,0.03763,0.00121,0.04435,0.116,0.138,0.158,0.206,0.378434,0.13049,0.004194,0.09635,0.29,0.394,0.474,0.59365,0.135287,0.03763,0.00121,0.04435,0.116,0.138,0.158,0.206,0.513721,0.14985,0.004816,0.14635,0.432,0.54,0.6245,0.732,0.50207,0.17114,0.005412,0.268,0.3775,0.467,0.58,0.976,0.130958,0.04403,0.001392,0.0,0.112,0.136,0.158,0.206,0.366972,0.14305,0.004524,0.024,0.282,0.39,0.47,0.59205,0.130958,0.04403,0.001392,0.0,0.112,0.136,0.158,0.206,0.49793,0.17114,0.005412,0.024,0.42,0.533,0.6225,0.732
19.75,0.478477,0.14931,0.004799,0.26035,0.368,0.451,0.558,0.84695,0.134903,0.03693,0.001187,0.04435,0.114,0.136,0.1565,0.20565,0.38662,0.13148,0.004226,0.09835,0.298,0.402,0.482,0.602,0.134903,0.03693,0.001187,0.04435,0.114,0.136,0.1565,0.20565,0.521523,0.14931,0.004799,0.15305,0.442,0.549,0.632,0.73965,0.494518,0.17139,0.00542,0.26195,0.37,0.458,0.572,0.976,0.130586,0.04341,0.001373,0.0,0.112,0.136,0.156,0.20405,0.374896,0.14456,0.004572,0.024,0.2915,0.398,0.48,0.602,0.130586,0.04341,0.001373,0.0,0.112,0.136,0.156,0.20405,0.505482,0.17139,0.00542,0.024,0.428,0.542,0.63,0.73805
20.0,0.470748,0.14849,0.004773,0.256,0.362,0.442,0.548,0.84165,0.134428,0.03585,0.001152,0.04635,0.114,0.136,0.156,0.202,0.394824,0.13256,0.004261,0.10035,0.31,0.412,0.49,0.61,0.134428,0.03585,0.001152,0.04635,0.114,0.136,0.156,0.202,0.529252,0.14849,0.004773,0.15835,0.452,0.558,0.638,0.744,0.487036,0.1714,0.00542,0.256,0.364,0.448,0.562,0.976,0.130126,0.04248,0.001343,0.0,0.112,0.134,0.156,0.202,0.382838,0.14616,0.004622,0.024,0.298,0.407,0.488,0.61,0.130126,0.04248,0.001343,0.0,0.112,0.134,0.156,0.202,0.512964,0.1714,0.00542,0.024,0.438,0.552,0.636,0.744
20.25,0.463281,0.14768,0.004746,0.254,0.3555,0.434,0.5365,0.836,0.13356,0.03541,0.001138,0.04835,0.114,0.134,0.156,0.202,0.403159,0.13329,0.004284,0.10235,0.318,0.422,0.498,0.61765,0.13356,0.03541,0.001138,0.04835,0.114,0.134,0.156,0.202,0.536719,0.14768,0.004746,0.164,0.4635,0.566,0.6445,0.746,0.479808,0.17142,0.005421,0.254,0.358,0.442,0.552,0.976,0.129286,0.04203,0.001329,0.0,0.11,0.132,0.154,0.202,0.390906,0.14746,0.004663,0.024,0.308,0.416,0.496,0.61605,0.129286,0.04203,0.001329,0.0,0.11,0.132,0.154,0.202,0.520192,0.17142,0.005421,0.024,0.448,0.558,0.642,0.746
20.5,0.456008,0.14683,0.004719,0.25,0.348,0.428,0.5265,0.8353,0.132364,0.03516,0.00113,0.05305,0.112,0.132,0.154,0.2,0.411628,0.13401,0.004307,0.104,0.328,0.43,0.51,0.6273,0.132364,0.03516,0.00113,0.05305,0.112,0.132,0.154,0.2,0.543992,0.14683,0.004719,0.1647,0.4735,0.572,0.652,0.75,0.472768,0.17139,0.00542,0.25,0.352,0.435,0.544,0.976,0.128128,0.04171,0.001319,0.0,0.11,0.13,0.154,0.2,0.399104,0.14878,0.004705,0.024,0.318,0.424,0.5045,0.6241,0.128128,0.04171,0.001319,0.0,0.11,0.13,0.154,0.2,0.527232,0.17139,0.00542,0.024,0.456,0.565,0.648,0.75
20.75,0.448872,0.1458,0.004686,0.2407,0.342,0.421,0.518,0.82965,0.131184,0.03433,0.001103,0.05235,0.1115,0.13,0.154,0.19765,0.419944,0.1347,0.004329,0.1067,0.336,0.438,0.518,0.63765,0.131184,0.03433,0.001103,0.05235,0.1115,0.13,0.154,0.19765,0.551128,0.1458,0.004686,0.17035,0.482,0.579,0.658,0.7593,0.46586,0.17123,0.005415,0.2439,0.344,0.426,0.534,0.976,0.126986,0.04092,0.001294,0.0,0.11,0.13,0.152,0.19605,0.407154,0.15007,0.004745,0.024,0.326,0.434,0.514,0.63605,0.126986,0.04092,0.001294,0.0,0.11,0.13,0.152,0.19605,0.53414,0.17123,0.005415,0.024,0.466,0.574,0.656,0.7561
21.0,0.441833,0.145,0.00466,0.238,0.338,0.414,0.5085,0.8253,0.130035,0.034,0.001093,0.05435,0.11,0.13,0.152,0.194,0.428132,0.13528,0.004348,0.11,0.346,0.448,0.5265,0.644,0.130035,0.034,0.001093,0.05435,0.11,0.13,0.152,0.194,0.558167,0.145,0.00466,0.1747,0.4915,0.586,0.662,0.762,0.459046,0.17125,0.005415,0.238,0.34,0.42,0.524,0.976,0.125874,0.04054,0.001282,0.0,0.1075,0.128,0.1505,0.194,0.41508,0.15125,0.004783,0.024,0.334,0.442,0.524,0.644,0.125874,0.04054,0.001282,0.0,0.1075,0.128,0.1505,0.194,0.540954,0.17125,0.005415,0.024,0.476,0.58,0.66,0.762
21.25,0.435027,0.14402,0.004629,0.236,0.3315,0.407,0.5025,0.8166,0.128612,0.03346,0.001075,0.05835,0.108,0.128,0.15,0.19365,0.436362,0.13571,0.004362,0.116,0.354,0.458,0.536,0.65165,0.128612,0.03346,0.001075,0.05835,0.108,0.128,0.15,0.19365,0.564973,0.14402,0.004629,0.1834,0.4975,0.593,0.6685,0.764,0.452458,0.17112,0.005411,0.236,0.334,0.412,0.514,0.976,0.124496,0.03996,0.001264,0.0,0.106,0.127,0.15,0.19205,0.423046,0.15231,0.004817,0.024,0.3435,0.451,0.534,0.65005,0.124496,0.03996,0.001264,0.0,0.106,0.127,0.15,0.19205,0.547542,0.17112,0.005411,0.024,0.486,0.588,0.666,0.764
21.5,0.428506,0.143,0.004596,0.2307,0.326,0.4,0.496,0.8126,0.127159,0.03314,0.001065,0.06,0.1075,0.126,0.148,0.19365,0.444335,0.13593,0.004369,0.124,0.3635,0.464,0.544,0.65965,0.127159,0.03314,0.001065,0.06,0.1075,0.126,0.148,0.19365,0.571494,0.143,0.004596,0.1874,0.504,0.6,0.674,0.7693,0.446146,0.17094,0.005406,0.2339,0.328,0.406,0.508,0.976,0.12309,0.03955,0.001251,0.0,0.104,0.126,0.148,0.19205,0.430764,0.15318,0.004844,0.024,0.352,0.458,0.542,0.65805,0.12309,0.03955,0.001251,0.0,0.104,0.126,0.148,0.19205,0.553854,0.17094,0.005406,0.024,0.492,0.594,0.672,0.7661
21.75,0.422074,0.14202,0.004565,0.226,0.32,0.396,0.4865,0.8053,0.125616,0.03282,0.001055,0.05835,0.106,0.126,0.146,0.19165,0.45231,0.13607,0.004373,0.12835,0.372,0.472,0.5505,0.666,0.125616,0.03282,0.001055,0.05835,0.106,0.126,0.146,0.19165,0.577926,0.14202,0.004565,0.1947,0.5135,0.604,0.68,0.774,0.43992,0.1708,0.005401,0.226,0.324,0.4,0.4985,0.976,0.121596,0.03914,0.001238,0.0,0.102,0.124,0.146,0.19005,0.438484,0.15399,0.00487,0.024,0.3635,0.466,0.55,0.666,0.121596,0.03914,0.001238,0.0,0.102,0.124,0.146,0.19005,0.56008,0.1708,0.005401,0.024,0.5015,0.6,0.676,0.774
22.0,0.415612,0.14077,0.004524,0.22435,0.316,0.388,0.4785,0.796,0.12443,0.03254,0.001046,0.06035,0.104,0.124,0.146,0.188,0.459959,0.13616,0.004376,0.1327,0.382,0.482,0.558,0.674,0.12443,0.03254,0.001046,0.06035,0.104,0.124,0.146,0.188,0.584388,0.14077,0.004524,0.204,0.5215,0.612,0.684,0.77565,0.433664,0.17045,0.00539,0.22595,0.318,0.394,0.492,0.976,0.120448,0.03879,0.001227,0.0,0.102,0.122,0.144,0.188,0.445888,0.15474,0.004893,0.024,0.37,0.476,0.5545,0.674,0.120448,0.03879,0.001227,0.0,0.102,0.122,0.144,0.188,0.566336,0.17045,0.00539,0.024,0.508,0.606,0.682,0.77405
22.25,0.409386,0.13963,0.004488,0.224,0.3115,0.382,0.47,0.7906,0.122808,0.03211,0.001032,0.062,0.102,0.122,0.144,0.188,0.467806,0.13599,0.004371,0.14035,0.39,0.49,0.566,0.6793,0.122808,0.03211,0.001032,0.062,0.102,0.122,0.144,0.188,0.590614,0.13963,0.004488,0.2094,0.53,0.618,0.6885,0.776,0.427638,0.17018,0.005382,0.224,0.314,0.387,0.482,0.976,0.118878,0.03828,0.001211,0.0,0.1,0.12,0.142,0.188,0.453484,0.15529,0.004911,0.024,0.38,0.482,0.562,0.6761,0.118878,0.03828,0.001211,0.0,0.1,0.12,0.142,0.188,0.572362,0.17018,0.005382,0.024,0.518,0.613,0.686,0.776
22.5,0.403335,0.13829,0.004445,0.222,0.306,0.376,0.462,0.7852,0.121277,0.0318,0.001022,0.062,0.102,0.12,0.14,0.186,0.475388,0.13599,0.004371,0.1434,0.4015,0.497,0.574,0.682,0.121277,0.0318,0.001022,0.062,0.102,0.12,0.14,0.186,0.596665,0.13829,0.004445,0.2148,0.538,0.624,0.694,0.778,0.42178,0.16976,0.005368,0.222,0.306,0.38,0.4745,0.976,0.117396,0.03788,0.001198,0.0,0.1,0.12,0.14,0.186,0.460824,0.15597,0.004932,0.024,0.388,0.492,0.57,0.682,0.117396,0.03788,0.001198,0.0,0.1,0.12,0.14,0.186,0.57822,0.16976,0.005368,0.024,0.5255,0.62,0.694,0.778
22.75,0.397574,0.13711,0.004407,0.218,0.302,0.37,0.4565,0.78015,0.119632,0.03162,0.001016,0.062,0.1,0.118,0.14,0.184,0.482793,0.13573,0.004362,0.1474,0.41,0.506,0.5805,0.688,0.119632,0.03162,0.001016,0.062,0.1,0.118,0.14,0.184,0.602426,0.13711,0.004407,0.21985,0.5435,0.63,0.698,0.782,0.416204,0.16944,0.005358,0.218,0.302,0.373,0.4665,0.976,0.115804,0.03757,0.001188,0.0,0.096,0.118,0.138,0.184,0.467992,0.15642,0.004947,0.024,0.3975,0.5,0.578,0.688,0.115804,0.03757,0.001188,0.0,0.096,0.118,0.138,0.184,0.583796,0.16944,0.005358,0.024,0.5335,0.627,0.698,0.782
23.0,0.39188,0.13572,0.004362,0.216,0.296,0.364,0.4465,0.7705,0.118066,0.03163,0.001017,0.06035,0.098,0.116,0.138,0.18365,0.490054,0.13545,0.004353,0.15305,0.42,0.514,0.588,0.69365,0.118066,0.03163,0.001017,0.06035,0.098,0.116,0.138,0.18365,0.60812,0.13572,0.004362,0.2295,0.5535,0.636,0.704,0.784,0.410692,0.16897,0.005343,0.216,0.298,0.368,0.462,0.976,0.114288,0.03743,0.001184,0.0,0.096,0.116,0.138,0.18205,0.47502,0.15686,0.00496,0.024,0.406,0.508,0.584,0.69205,0.114288,0.03743,0.001184,0.0,0.096,0.116,0.138,0.18205,0.589308,0.16897,0.005343,0.024,0.538,0.632,0.702,0.784
23.25,0.38618,0.13447,0.004322,0.21,0.292,0.358,0.44,0.7592,0.116417,0.03146,0.001011,0.06,0.096,0.114,0.136,0.18,0.497403,0.13523,0.004346,0.15635,0.428,0.521,0.596,0.702,0.116417,0.03146,0.001011,0.06,0.096,0.114,0.136,0.18,0.61382,0.13447,0.004322,0.2408,0.56,0.642,0.708,0.79,0.405174,0.16861,0.005332,0.21,0.294,0.362,0.4525,0.976,0.112692,0.03712,0.001174,0.0,0.094,0.112,0.136,0.18,0.482134,0.15737,0.004976,0.024,0.414,0.516,0.592,0.702,0.112692,0.03712,0.001174,0.0,0.094,0.112,0.136,0.18,0.594826,0.16861,0.005332,0.024,0.5475,0.638,0.706,0.79
23.5,0.380682,0.13297,0.004274,0.208,0.286,0.353,0.434,0.7472,0.114793,0.03168,0.001018,0.058,0.094,0.113,0.134,0.18165,0.504525,0.13498,0.004339,0.162,0.436,0.528,0.602,0.706,0.114793,0.03168,0.001018,0.058,0.094,0.113,0.134,0.18165,0.619318,0.13297,0.004274,0.2528,0.566,0.647,0.714,0.792,0.399852,0.16807,0.005315,0.208,0.29,0.357,0.446,0.976,0.11112,0.03715,0.001175,0.0,0.092,0.112,0.134,0.18005,0.489028,0.15784,0.004991,0.024,0.422,0.522,0.6,0.706,0.11112,0.03715,0.001175,0.0,0.092,0.112,0.134,0.18005,0.600148,0.16807,0.005315,0.024,0.554,0.643,0.71,0.792
23.75,0.375085,0.13157,0.004229,0.204,0.284,0.344,0.426,0.73555,0.113221,0.03138,0.001009,0.056,0.092,0.112,0.132,0.17965,0.511694,0.13468,0.004329,0.1647,0.4435,0.534,0.608,0.71,0.113221,0.03138,0.001009,0.056,0.092,0.112,0.132,0.17965,0.624915,0.13157,0.004229,0.26445,0.574,0.656,0.716,0.796,0.394434,0.16762,0.005301,0.204,0.284,0.352,0.442,0.976,0.109598,0.03675,0.001162,0.0,0.09,0.112,0.132,0.17805,0.495968,0.15827,0.005005,0.024,0.43,0.528,0.604,0.71,0.109598,0.03675,0.001162,0.0,0.09,0.112,0.132,0.17805,0.605566,0.16762,0.005301,0.024,0.558,0.648,0.716,0.796
24.0,0.369733,0.13012,0.004182,0.20235,0.28,0.34,0.42,0.72165,0.111242,0.03152,0.001013,0.056,0.09,0.11,0.13,0.176,0.519025,0.13421,0.004314,0.17,0.452,0.538,0.616,0.7173,0.111242,0.03152,0.001013,0.056,0.09,0.11,0.13,0.176,0.630267,0.13012,0.004182,0.27835,0.58,0.66,0.72,0.79765,0.389254,0.16713,0.005285,0.20395,0.282,0.346,0.436,0.976,0.107682,0.03668,0.00116,0.0,0.088,0.108,0.13,0.176,0.503064,0.1586,0.005015,0.024,0.4395,0.536,0.6125,0.7141,0.107682,0.03668,0.00116,0.0,0.088,0.108,0.13,0.176,0.610746,0.16713,0.005285,0.024,0.564,0.654,0.718,0.79605
24.25,0.364669,0.12866,0.004135,0.1987,0.2775,0.334,0.414,0.7193,0.10932,0.03148,0.001012,0.056,0.088,0.108,0.128,0.174,0.52601,0.13372,0.004298,0.1727,0.4595,0.548,0.622,0.7213,0.10932,0.03148,0.001012,0.056,0.088,0.108,0.128,0.174,0.635331,0.12866,0.004135,0.2807,0.586,0.666,0.7225,0.8013,0.384352,0.1666,0.005269,0.2019,0.278,0.341,0.428,0.976,0.105822,0.03646,0.001153,0.0,0.084,0.106,0.128,0.174,0.509826,0.15888,0.005024,0.024,0.448,0.542,0.62,0.7181,0.105822,0.03646,0.001153,0.0,0.084,0.106,0.128,0.174,0.615648,0.1666,0.005269,0.024,0.572,0.659,0.722,0.7981
24.5,0.359684,0.12739,0.004094,0.19635,0.272,0.33,0.406,0.71695,0.107624,0.03134,0.001007,0.05235,0.086,0.106,0.128,0.174,0.532692,0.13311,0.004278,0.18235,0.466,0.555,0.628,0.726,0.107624,0.03134,0.001007,0.05235,0.086,0.106,0.128,0.174,0.640316,0.12739,0.004094,0.28305,0.594,0.67,0.728,0.80365,0.379526,0.16623,0.005257,0.19795,0.2755,0.336,0.42,0.976,0.10418,0.03619,0.001144,0.0,0.084,0.105,0.128,0.174,0.516294,0.15904,0.005029,0.024,0.458,0.55,0.626,0.726,0.10418,0.03619,0.001144,0.0,0.084,0.105,0.128,0.174,0.620474,0.16623,0.005257,0.024,0.58,0.664,0.7245,0.80205
24.75,0.354926,0.12608,0.004052,0.194,0.2695,0.326,0.4005,0.71165,0.105748,0.03145,0.001011,0.052,0.084,0.104,0.126,0.172,0.539326,0.13266,0.004264,0.19035,0.4755,0.562,0.632,0.73,0.105748,0.03145,0.001011,0.052,0.084,0.104,0.126,0.172,0.645074,0.12608,0.004052,0.28835,0.5995,0.674,0.7305,0.806,0.37492,0.16582,0.005244,0.194,0.27,0.33,0.414,0.976,0.102364,0.03611,0.001142,0.0,0.082,0.102,0.124,0.172,0.522716,0.15935,0.005039,0.024,0.4635,0.558,0.6305,0.73,0.102364,0.03611,0.001142,0.0,0.082,0.102,0.124,0.172,0.62508,0.16582,0.005244,0.024,0.586,0.67,0.73,0.806
25.0,0.34994,0.12442,0.003999,0.19235,0.266,0.322,0.394,0.7,0.10426,0.03129,0.001006,0.05,0.082,0.102,0.124,0.17565,0.5458,0.13194,0.004241,0.19835,0.482,0.568,0.638,0.734,0.10426,0.03129,0.001006,0.05,0.082,0.102,0.124,0.17565,0.65006,0.12442,0.003999,0.3,0.606,0.678,0.734,0.80765,0.370094,0.16519,0.005224,0.19395,0.266,0.326,0.408,0.976,0.100924,0.03584,0.001133,0.0,0.08,0.1,0.124,0.17405,0.528982,0.15943,0.005042,0.024,0.472,0.564,0.636,0.734,0.100924,0.03584,0.001133,0.0,0.08,0.1,0.124,0.17405,0.629906,0.16519,0.005224,0.024,0.592,0.674,0.734,0.80605
25.25,0.345349,0.1229,0.00395,0.19035,0.262,0.318,0.388,0.69565,0.102277,0.03155,0.001014,0.048,0.08,0.1,0.122,0.172,0.552374,0.13113,0.004215,0.20835,0.4895,0.575,0.646,0.73765,0.102277,0.03155,0.001014,0.048,0.08,0.1,0.122,0.172,0.654651,0.1229,0.00395,0.30435,0.612,0.682,0.738,0.80965,0.36565,0.16463,0.005206,0.19195,0.264,0.322,0.402,0.976,0.099004,0.03588,0.001135,0.0,0.078,0.098,0.1205,0.172,0.535346,0.15946,0.005043,0.024,0.4815,0.57,0.644,0.73605,0.099004,0.03588,0.001135,0.0,0.078,0.098,0.1205,0.172,0.63435,0.16463,0.005206,0.024,0.598,0.678,0.736,0.80805
25.5,0.340928,0.12138,0.003901,0.19,0.258,0.314,0.382,0.68765,0.100362,0.03158,0.001015,0.046,0.078,0.097,0.12,0.17,0.558711,0.13047,0.004193,0.214,0.496,0.582,0.6505,0.74,0.100362,0.03158,0.001015,0.046,0.078,0.097,0.12,0.17,0.659072,0.12138,0.003901,0.31235,0.618,0.686,0.742,0.81,0.36137,0.16407,0.005188,0.19,0.262,0.318,0.396,0.976,0.09715,0.03574,0.00113,0.0,0.076,0.096,0.12,0.17,0.54148,0.15959,0.005047,0.024,0.488,0.578,0.65,0.74,0.09715,0.03574,0.00113,0.0,0.076,0.096,0.12,0.17,0.63863,0.16407,0.005188,0.024,0.604,0.682,0.738,0.81
25.75,0.336508,0.11988,0.003853,0.18635,0.2555,0.31,0.378,0.6793,0.098651,0.03187,0.001024,0.044,0.076,0.096,0.118,0.16765,0.564841,0.12975,0.00417,0.2174,0.504,0.588,0.656,0.744,0.098651,0.03187,0.001024,0.044,0.076,0.096,0.118,0.16765,0.663492,0.11988,0.003853,0.3207,0.622,0.69,0.7445,0.81365,0.357092,0.16353,0.005171,0.18795,0.258,0.314,0.388,0.976,0.095494,0.03584,0.001133,0.0,0.074,0.094,0.118,0.16605,0.547414,0.15967,0.005049,0.024,0.494,0.584,0.654,0.744,0.095494,0.03584,0.001133,0.0,0.074,0.094,0.118,0.16605,0.642908,0.16353,0.005171,0.024,0.612,0.686,0.742,0.81205
26.0,0.332364,0.1183,0.003802,0.1847,0.252,0.308,0.372,0.67625,0.096618,0.0321,0.001032,0.042,0.074,0.094,0.116,0.166,0.571019,0.12884,0.004141,0.23235,0.5115,0.594,0.662,0.748,0.096618,0.0321,0.001032,0.042,0.074,0.094,0.116,0.166,0.667636,0.1183,0.003802,0.32375,0.628,0.692,0.748,0.8153,0.35308,0.16292,0.005152,0.1879,0.254,0.31,0.384,0.976,0.093526,0.03587,0.001134,0.0,0.072,0.092,0.116,0.166,0.553394,0.15962,0.005048,0.024,0.5035,0.592,0.66,0.748,0.093526,0.03587,0.001134,0.0,0.072,0.092,0.116,0.166,0.64692,0.16292,0.005152,0.024,0.616,0.69,0.746,0.8121
26.25,0.328293,0.11687,0.003756,0.184,0.25,0.304,0.366,0.66825,0.09463,0.03217,0.001034,0.04035,0.072,0.092,0.114,0.164,0.577076,0.1279,0.004111,0.2387,0.518,0.6,0.666,0.75,0.09463,0.03217,0.001034,0.04035,0.072,0.092,0.114,0.164,0.671707,0.11687,0.003756,0.33175,0.634,0.696,0.75,0.816,0.34914,0.16243,0.005136,0.184,0.2515,0.308,0.378,0.976,0.091602,0.03577,0.001131,0.0,0.07,0.09,0.114,0.164,0.559258,0.15953,0.005045,0.024,0.5115,0.598,0.666,0.75,0.091602,0.03577,0.001131,0.0,0.07,0.09,0.114,0.164,0.65086,0.16243,0.005136,0.024,0.622,0.692,0.7485,0.816
26.5,0.324471,0.11559,0.003715,0.18035,0.248,0.3,0.364,0.6619,0.09257,0.03206,0.001031,0.04,0.07,0.089,0.112,0.166,0.582959,0.12703,0.004083,0.24975,0.526,0.606,0.672,0.752,0.09257,0.03206,0.001031,0.04,0.07,0.089,0.112,0.166,0.675529,0.11559,0.003715,0.3381,0.636,0.7,0.752,0.81965,0.34544,0.16202,0.005124,0.18195,0.248,0.304,0.372,0.976,0.089608,0.03551,0.001123,0.0,0.068,0.088,0.112,0.166,0.564952,0.1595,0.005044,0.024,0.5175,0.604,0.672,0.752,0.089608,0.03551,0.001123,0.0,0.068,0.088,0.112,0.166,0.65456,0.16202,0.005124,0.024,0.628,0.696,0.752,0.81805
26.75,0.320727,0.11426,0.003672,0.18,0.246,0.296,0.3605,0.6539,0.090628,0.0322,0.001035,0.03635,0.068,0.086,0.11,0.15965,0.588645,0.12624,0.004058,0.25705,0.534,0.614,0.678,0.75565,0.090628,0.0322,0.001035,0.03635,0.068,0.086,0.11,0.15965,0.679273,0.11426,0.003672,0.3461,0.6395,0.704,0.754,0.82,0.341816,0.16158,0.005109,0.18,0.246,0.3,0.368,0.976,0.087728,0.03547,0.001122,0.0,0.066,0.084,0.11,0.15805,0.570456,0.15952,0.005045,0.024,0.524,0.61,0.676,0.75405,0.087728,0.03547,0.001122,0.0,0.066,0.084,0.11,0.15805,0.658184,0.16158,0.005109,0.024,0.632,0.7,0.754,0.82
27.0,0.316983,0.11276,0.003624,0.178,0.242,0.292,0.356,0.6426,0.088676,0.03239,0.001041,0.036,0.066,0.085,0.108,0.15965,0.594341,0.12537,0.00403,0.2601,0.542,0.618,0.682,0.76,0.088676,0.03239,0.001041,0.036,0.066,0.085,0.108,0.15965,0.683017,0.11276,0.003624,0.3574,0.644,0.708,0.758,0.822,0.338192,0.16103,0.005092,0.178,0.244,0.296,0.364,0.976,0.085838,0.03549,0.001122,0.0,0.064,0.084,0.108,0.15805,0.57597,0.15949,0.005043,0.024,0.53,0.616,0.68,0.76,0.085838,0.03549,0.001122,0.0,0.064,0.084,0.108,0.15805,0.661808,0.16103,0.005092,0.024,0.636,0.704,0.756,0.822
27.25,0.313483,0.11124,0.003575,0.17635,0.24,0.29,0.352,0.6325,0.086669,0.03214,0.001033,0.034,0.064,0.082,0.106,0.158,0.599847,0.12431,0.003996,0.26705,0.548,0.624,0.686,0.764,0.086669,0.03214,0.001033,0.034,0.064,0.082,0.106,0.158,0.686517,0.11124,0.003575,0.3675,0.648,0.71,0.76,0.82365,0.334804,0.16045,0.005074,0.17795,0.242,0.294,0.36,0.976,0.083896,0.03511,0.00111,0.0,0.062,0.082,0.106,0.158,0.5813,0.1593,0.005038,0.024,0.538,0.622,0.684,0.764,0.083896,0.03511,0.00111,0.0,0.062,0.082,0.106,0.158,0.665196,0.16045,0.005074,0.024,0.64,0.706,0.758,0.82205
27.5,0.309845,0.10977,0.003528,0.17435,0.2395,0.286,0.348,0.6186,0.084893,0.03214,0.001033,0.034,0.062,0.082,0.104,0.15965,0.605262,0.12331,0.003963,0.272,0.554,0.632,0.69,0.768,0.084893,0.03214,0.001033,0.034,0.062,0.082,0.104,0.15965,0.690155,0.10977,0.003528,0.3814,0.652,0.714,0.7605,0.82565,0.331282,0.15994,0.005058,0.17595,0.24,0.29,0.356,0.976,0.082176,0.03497,0.001106,0.0,0.06,0.08,0.104,0.15805,0.586542,0.15916,0.005033,0.024,0.544,0.626,0.69,0.768,0.082176,0.03497,0.001106,0.0,0.06,0.08,0.104,0.15805,0.668718,0.15994,0.005058,0.024,0.644,0.71,0.76,0.82405
27.75,0.306403,0.10826,0.00348,0.17235,0.236,0.282,0.346,0.60765,0.083054,0.03228,0.001037,0.032,0.06,0.08,0.102,0.158,0.610543,0.12236,0.003933,0.27635,0.56,0.635,0.696,0.77565,0.083054,0.03228,0.001037,0.032,0.06,0.08,0.102,0.158,0.693597,0.10826,0.00348,0.39235,0.654,0.718,0.764,0.82765,0.32795,0.15939,0.005041,0.17395,0.238,0.286,0.352,0.976,0.080396,0.03496,0.001106,0.0,0.058,0.078,0.1,0.158,0.591654,0.15906,0.00503,0.024,0.55,0.631,0.694,0.77405,0.080396,0.03496,0.001106,0.0,0.058,0.078,0.1,0.158,0.67205,0.15939,0.005041,0.024,0.648,0.714,0.762,0.82605
28.0,0.303126,0.10684,0.003434,0.17035,0.234,0.279,0.34,0.596,0.08118,0.03236,0.00104,0.032,0.058,0.078,0.1,0.15965,0.615694,0.12129,0.003898,0.28235,0.566,0.641,0.702,0.77965,0.08118,0.03236,0.00104,0.032,0.058,0.078,0.1,0.15965,0.696874,0.10684,0.003434,0.404,0.66,0.721,0.766,0.82965,0.324778,0.1589,0.005025,0.17195,0.236,0.282,0.3465,0.976,0.078582,0.0349,0.001104,0.0,0.056,0.076,0.1,0.15805,0.59664,0.15886,0.005024,0.024,0.556,0.636,0.698,0.77805,0.078582,0.0349,0.001104,0.0,0.056,0.076,0.1,0.15805,0.675222,0.1589,0.005025,0.024,0.6535,0.718,0.764,0.82805
28.25,0.299961,0.10527,0.003384,0.17,0.232,0.276,0.3365,0.5886,0.079289,0.03236,0.00104,0.028,0.056,0.074,0.098,0.156,0.62075,0.12002,0.003858,0.298,0.572,0.646,0.704,0.78165,0.079289,0.03236,0.00104,0.028,0.056,0.074,0.098,0.156,0.700039,0.10527,0.003384,0.4114,0.6635,0.724,0.768,0.83,0.321714,0.1583,0.005006,0.17,0.234,0.282,0.344,0.976,0.076752,0.03477,0.001099,0.0,0.054,0.074,0.098,0.156,0.601534,0.15852,0.005013,0.024,0.562,0.64,0.702,0.78005,0.076752,0.03477,0.001099,0.0,0.054,0.074,0.098,0.156,0.678286,0.1583,0.005006,0.024,0.656,0.718,0.766,0.83
28.5,0.296857,0.1039,0.00334,0.168,0.2315,0.274,0.334,0.58425,0.077529,0.03244,0.001043,0.028,0.054,0.072,0.096,0.154,0.625614,0.11886,0.00382,0.306,0.578,0.65,0.708,0.784,0.077529,0.03244,0.001043,0.028,0.054,0.072,0.096,0.154,0.703143,0.1039,0.00334,0.41575,0.666,0.726,0.7685,0.832,0.31871,0.15784,0.004991,0.168,0.232,0.278,0.34,0.976,0.075048,0.03471,0.001098,0.0,0.052,0.07,0.096,0.154,0.606242,0.15824,0.005004,0.024,0.568,0.644,0.706,0.784,0.075048,0.03471,0.001098,0.0,0.052,0.07,0.096,0.154,0.68129,0.15784,0.004991,0.024,0.66,0.722,0.768,0.832
28.75,0.29388,0.10228,0.003287,0.168,0.228,0.27,0.3285,0.57425,0.075746,0.03241,0.001042,0.02635,0.052,0.07,0.094,0.15565,0.630374,0.11776,0.003785,0.31035,0.5855,0.656,0.712,0.78765,0.075746,0.03241,0.001042,0.02635,0.052,0.07,0.094,0.15565,0.70612,0.10228,0.003287,0.42575,0.6715,0.73,0.772,0.832,0.315828,0.15721,0.004972,0.168,0.23,0.275,0.336,0.976,0.073322,0.03456,0.001093,0.0,0.05,0.068,0.094,0.15405,0.61085,0.15802,0.004997,0.024,0.574,0.65,0.71,0.78605,0.073322,0.03456,0.001093,0.0,0.05,0.068,0.094,0.15405,0.684172,0.15721,0.004972,0.024,0.664,0.725,0.77,0.832
29.0,0.291019,0.1009,0.003243,0.168,0.226,0.268,0.326,0.5653,0.074052,0.03225,0.001037,0.026,0.052,0.068,0.092,0.15,0.63493,0.11676,0.003753,0.3154,0.59,0.658,0.7145,0.78965,0.074052,0.03225,0.001037,0.026,0.052,0.068,0.092,0.15,0.708981,0.1009,0.003243,0.4347,0.674,0.732,0.774,0.832,0.313058,0.15673,0.004956,0.168,0.228,0.272,0.3325,0.976,0.071682,0.0343,0.001085,0.0,0.05,0.068,0.092,0.15,0.61526,0.15785,0.004992,0.024,0.582,0.656,0.712,0.78805,0.071682,0.0343,0.001085,0.0,0.05,0.068,0.092,0.15,0.686942,0.15673,0.004956,0.024,0.6675,0.728,0.772,0.832
29.25,0.288267,0.0994,0.003195,0.16635,0.226,0.266,0.322,0.5533,0.072074,0.03192,0.001026,0.024,0.048,0.066,0.09,0.14965,0.639659,0.11552,0.003713,0.3214,0.5975,0.664,0.718,0.79,0.072074,0.03192,0.001026,0.024,0.048,0.066,0.09,0.14965,0.711733,0.0994,0.003195,0.4467,0.678,0.734,0.774,0.83365,0.310394,0.15618,0.004939,0.16795,0.226,0.269,0.33,0.976,0.069768,0.03387,0.001071,0.0,0.048,0.066,0.0885,0.14805,0.619838,0.15754,0.004982,0.024,0.588,0.66,0.716,0.79,0.069768,0.03387,0.001071,0.0,0.048,0.066,0.0885,0.14805,0.689606,0.15618,0.004939,0.024,0.67,0.731,0.774,0.83205
29.5,0.28561,0.09798,0.003149,0.166,0.224,0.264,0.32,0.5486,0.070302,0.03178,0.001021,0.022,0.048,0.064,0.088,0.15165,0.644089,0.11434,0.003675,0.32245,0.6015,0.668,0.722,0.794,0.070302,0.03178,0.001021,0.022,0.048,0.064,0.088,0.15165,0.71439,0.09798,0.003149,0.4514,0.68,0.736,0.776,0.834,0.307822,0.15568,0.004923,0.166,0.226,0.268,0.326,0.976,0.068052,0.03362,0.001063,0.0,0.046,0.064,0.086,0.15005,0.624126,0.15724,0.004972,0.024,0.592,0.664,0.72,0.794,0.068052,0.03362,0.001063,0.0,0.046,0.064,0.086,0.15005,0.692178,0.15568,0.004923,0.024,0.674,0.732,0.774,0.834
29.75,0.282988,0.09661,0.003105,0.166,0.222,0.262,0.318,0.53965,0.068564,0.0316,0.001016,0.022,0.046,0.062,0.084,0.148,0.648448,0.11321,0.003639,0.34035,0.606,0.672,0.726,0.79565,0.068564,0.0316,0.001016,0.022,0.046,0.062,0.084,0.148,0.717012,0.09661,0.003105,0.46035,0.682,0.738,0.778,0.834,0.305284,0.15521,0.004908,0.166,0.222,0.266,0.3225,0.976,0.06637,0.03335,0.001055,0.0,0.044,0.062,0.084,0.148,0.628346,0.15699,0.004964,0.024,0.598,0.67,0.7225,0.79405,0.06637,0.03335,0.001055,0.0,0.044,0.062,0.084,0.148,0.694716,0.15521,0.004908,0.024,0.6775,0.734,0.778,0.834
30.0,0.280479,0.09536,0.003065,0.16435,0.22,0.26,0.314,0.5333,0.066744,0.0312,0.001003,0.02035,0.044,0.06,0.082,0.144,0.652777,0.11197,0.003599,0.34635,0.612,0.676,0.73,0.79765,0.066744,0.0312,0.001003,0.02035,0.044,0.06,0.082,0.144,0.719521,0.09536,0.003065,0.4667,0.686,0.74,0.78,0.83565,0.302856,0.15481,0.004896,0.16595,0.222,0.264,0.322,0.976,0.064608,0.03287,0.00104,0.0,0.042,0.06,0.082,0.144,0.632536,0.15667,0.004954,0.024,0.602,0.674,0.7265,0.79605,0.064608,0.03287,0.00104,0.0,0.042,0.06,0.082,0.144,0.697144,0.15481,0.004896,0.024,0.678,0.736,0.778,0.83405
30.25,0.277837,0.09409,0.003024,0.164,0.218,0.258,0.31,0.52365,0.065329,0.0307,0.000987,0.02,0.044,0.06,0.08,0.13965,0.656835,0.11062,0.003556,0.35235,0.616,0.68,0.734,0.79965,0.065329,0.0307,0.000987,0.02,0.044,0.06,0.08,0.13965,0.722163,0.09409,0.003024,0.47635,0.69,0.742,0.782,0.836,0.300298,0.15443,0.004884,0.164,0.22,0.26,0.3165,0.976,0.063238,0.03232,0.001022,0.0,0.042,0.058,0.08,0.13805,0.636464,0.15625,0.004941,0.024,0.608,0.676,0.7305,0.79805,0.063238,0.03232,0.001022,0.0,0.042,0.058,0.08,0.13805,0.699702,0.15443,0.004884,0.024,0.6835,0.74,0.78,0.836
30.5,0.275314,0.09272,0.00298,0.164,0.216,0.256,0.308,0.5186,0.063756,0.03054,0.000982,0.018,0.042,0.058,0.08,0.14,0.66093,0.10955,0.003521,0.36235,0.622,0.684,0.736,0.79965,0.063756,0.03054,0.000982,0.018,0.042,0.058,0.08,0.14,0.724686,0.09272,0.00298,0.4814,0.692,0.744,0.784,0.836,0.297856,0.15398,0.004869,0.164,0.218,0.258,0.316,0.976,0.061716,0.03207,0.001014,0.0,0.04,0.056,0.078,0.14,0.640428,0.15603,0.004934,0.024,0.612,0.68,0.734,0.79805,0.061716,0.03207,0.001014,0.0,0.04,0.056,0.078,0.14,0.702144,0.15398,0.004869,0.024,0.684,0.742,0.782,0.836
30.75,0.272913,0.09141,0.002938,0.162,0.216,0.254,0.3045,0.506,0.062277,0.03042,0.000978,0.018,0.04,0.056,0.078,0.138,0.66481,0.10837,0.003483,0.37105,0.626,0.688,0.738,0.8033,0.062277,0.03042,0.000978,0.018,0.04,0.056,0.078,0.138,0.727087,0.09141,0.002938,0.494,0.6955,0.746,0.784,0.838,0.295532,0.15357,0.004856,0.162,0.216,0.258,0.314,0.976,0.060284,0.03188,0.001008,0.0,0.038,0.056,0.076,0.138,0.644184,0.15574,0.004925,0.024,0.618,0.684,0.736,0.8001,0.060284,0.03188,0.001008,0.0,0.038,0.056,0.076,0.138,0.704468,0.15357,0.004856,0.024,0.686,0.742,0.784,0.838
31.0,0.270795,0.09019,0.002899,0.16,0.2155,0.252,0.302,0.502,0.060349,0.03007,0.000966,0.018,0.038,0.054,0.074,0.136,0.668855,0.10713,0.003443,0.37975,0.632,0.69,0.742,0.804,0.060349,0.03007,0.000966,0.018,0.038,0.054,0.074,0.136,0.729205,0.09019,0.002899,0.498,0.698,0.748,0.7845,0.84,0.293482,0.15317,0.004844,0.16,0.216,0.255,0.31,0.976,0.058418,0.03143,0.000994,0.0,0.038,0.054,0.074,0.136,0.6481,0.15542,0.004915,0.024,0.62,0.688,0.74,0.804,0.058418,0.03143,0.000994,0.0,0.038,0.054,0.074,0.136,0.706518,0.15317,0.004844,0.024,0.69,0.745,0.784,0.84
31.25,0.268587,0.08885,0.002856,0.16,0.214,0.25,0.3,0.496,0.058822,0.03017,0.00097,0.016,0.038,0.052,0.074,0.136,0.672591,0.10599,0.003407,0.3828,0.636,0.694,0.744,0.80765,0.058822,0.03017,0.00097,0.016,0.038,0.052,0.074,0.136,0.731413,0.08885,0.002856,0.504,0.7,0.75,0.786,0.84,0.291344,0.15273,0.00483,0.16,0.214,0.254,0.308,0.976,0.05694,0.03144,0.000994,0.0,0.036,0.052,0.072,0.136,0.651716,0.15515,0.004906,0.024,0.624,0.692,0.742,0.80605,0.05694,0.03144,0.000994,0.0,0.036,0.052,0.072,0.136,0.708656,0.15273,0.00483,0.024,0.692,0.746,0.786,0.84
31.5,0.266477,0.08766,0.002818,0.158,0.212,0.248,0.298,0.49,0.057186,0.02977,0.000957,0.016,0.036,0.05,0.07,0.132,0.676337,0.10462,0.003363,0.39045,0.64,0.698,0.746,0.80965,0.057186,0.02977,0.000957,0.016,0.036,0.05,0.07,0.132,0.733523,0.08766,0.002818,0.51,0.702,0.752,0.788,0.842,0.289302,0.15237,0.004818,0.158,0.214,0.252,0.3045,0.976,0.055356,0.03097,0.000979,0.0,0.034,0.05,0.07,0.132,0.655342,0.15474,0.004893,0.024,0.632,0.694,0.744,0.80805,0.055356,0.03097,0.000979,0.0,0.034,0.05,0.07,0.132,0.710698,0.15237,0.004818,0.024,0.6955,0.748,0.786,0.842
31.75,0.264465,0.08649,0.00278,0.158,0.2115,0.247,0.296,0.48,0.05557,0.02963,0.000952,0.014,0.034,0.048,0.0685,0.1293,0.679965,0.10358,0.003329,0.39905,0.642,0.701,0.748,0.81,0.05557,0.02963,0.000952,0.014,0.034,0.048,0.0685,0.1293,0.735535,0.08649,0.00278,0.52,0.704,0.753,0.7885,0.842,0.287354,0.15202,0.004807,0.158,0.212,0.252,0.3025,0.976,0.053792,0.03075,0.000972,0.0,0.034,0.048,0.068,0.1261,0.658854,0.15454,0.004887,0.024,0.634,0.698,0.746,0.81,0.053792,0.03075,0.000972,0.0,0.034,0.048,0.068,0.1261,0.712646,0.15202,0.004807,0.024,0.6975,0.748,0.788,0.842
32.0,0.262419,0.0852,0.002738,0.156,0.21,0.246,0.294,0.4786,0.054136,0.02917,0.000938,0.014,0.034,0.048,0.068,0.13,0.683444,0.10226,0.003287,0.40975,0.646,0.704,0.75,0.814,0.054136,0.02917,0.000938,0.014,0.034,0.048,0.068,0.13,0.737581,0.0852,0.002738,0.5214,0.706,0.754,0.79,0.844,0.285374,0.1516,0.004794,0.156,0.21,0.25,0.3,0.976,0.052404,0.03024,0.000956,0.0,0.032,0.046,0.066,0.13,0.662222,0.15415,0.004875,0.024,0.6395,0.702,0.748,0.814,0.052404,0.03024,0.000956,0.0,0.032,0.046,0.066,0.13,0.714626,0.1516,0.004794,0.024,0.7,0.75,0.79,0.844
32.25,0.260566,0.08428,0.002709,0.156,0.208,0.244,0.292,0.4733,0.05276,0.02902,0.000933,0.014,0.032,0.046,0.066,0.126,0.686674,0.10105,0.003248,0.41835,0.6515,0.708,0.752,0.814,0.05276,0.02902,0.000933,0.014,0.032,0.046,0.066,0.126,0.739434,0.08428,0.002709,0.5267,0.708,0.756,0.792,0.844,0.28358,0.15138,0.004787,0.156,0.21,0.248,0.2985,0.976,0.051072,0.03002,0.000949,0.0,0.03,0.044,0.064,0.126,0.665348,0.15381,0.004864,0.024,0.642,0.705,0.752,0.814,0.051072,0.03002,0.000949,0.0,0.03,0.044,0.064,0.126,0.71642,0.15138,0.004787,0.024,0.7015,0.752,0.79,0.844
32.5,0.258849,0.08317,0.002673,0.156,0.208,0.243,0.29,0.4666,0.05126,0.02873,0.000923,0.014,0.032,0.044,0.064,0.124,0.68989,0.09998,0.003213,0.4234,0.654,0.712,0.756,0.816,0.05126,0.02873,0.000923,0.014,0.032,0.044,0.064,0.124,0.741151,0.08317,0.002673,0.5334,0.71,0.757,0.792,0.844,0.281918,0.15104,0.004776,0.156,0.208,0.246,0.296,0.976,0.04962,0.02967,0.000938,0.0,0.03,0.044,0.062,0.124,0.668462,0.15357,0.004856,0.024,0.646,0.708,0.754,0.816,0.04962,0.02967,0.000938,0.0,0.03,0.044,0.062,0.124,0.718082,0.15104,0.004776,0.024,0.704,0.754,0.792,0.844
32.75,0.256907,0.08186,0.002631,0.156,0.206,0.242,0.288,0.4626,0.050004,0.0286,0.000919,0.012,0.03,0.044,0.062,0.12,0.693089,0.09879,0.003175,0.43035,0.658,0.714,0.758,0.818,0.050004,0.0286,0.000919,0.012,0.03,0.044,0.062,0.12,0.743093,0.08186,0.002631,0.5374,0.712,0.758,0.794,0.844,0.280038,0.15063,0.004763,0.156,0.208,0.244,0.294,0.976,0.048404,0.02948,0.000932,0.0,0.028,0.042,0.062,0.12,0.671558,0.15326,0.004846,0.024,0.65,0.712,0.756,0.818,0.048404,0.02948,0.000932,0.0,0.028,0.042,0.062,0.12,0.719962,0.15063,0.004763,0.024,0.706,0.756,0.792,0.844
33.0,0.25513,0.08057,0.00259,0.156,0.206,0.24,0.286,0.45365,0.048676,0.02816,0.000905,0.012,0.03,0.042,0.0605,0.116,0.696194,0.09744,0.003132,0.4347,0.662,0.717,0.758,0.82,0.048676,0.02816,0.000905,0.012,0.03,0.042,0.0605,0.116,0.74487,0.08057,0.00259,0.54635,0.714,0.76,0.794,0.844,0.278318,0.15023,0.004751,0.156,0.206,0.242,0.292,0.976,0.047118,0.029,0.000917,0.0,0.028,0.042,0.06,0.116,0.674564,0.15284,0.004833,0.024,0.654,0.714,0.758,0.82,0.047118,0.029,0.000917,0.0,0.028,0.042,0.06,0.116,0.721682,0.15023,0.004751,0.024,0.708,0.758,0.794,0.844
33.25,0.25344,0.0794,0.002552,0.15435,0.204,0.238,0.284,0.448,0.047469,0.02812,0.000904,0.012,0.028,0.04,0.06,0.11765,0.699091,0.09635,0.003097,0.44435,0.664,0.72,0.762,0.822,0.047469,0.02812,0.000904,0.012,0.028,0.04,0.06,0.11765,0.74656,0.0794,0.002552,0.552,0.716,0.762,0.796,0.84565,0.276682,0.14988,0.004739,0.15595,0.206,0.242,0.29,0.976,0.04595,0.0289,0.000914,0.0,0.026,0.04,0.058,0.11605,0.677368,0.15257,0.004825,0.024,0.6575,0.717,0.76,0.822,0.04595,0.0289,0.000914,0.0,0.026,0.04,0.058,0.11605,0.723318,0.14988,0.004739,0.024,0.71,0.758,0.794,0.84405
33.5,0.25175,0.0783,0.002517,0.154,0.202,0.236,0.2825,0.44365,0.04631,0.02806,0.000902,0.01,0.026,0.04,0.058,0.11565,0.70194,0.09523,0.003061,0.4534,0.668,0.722,0.764,0.822,0.04631,0.02806,0.000902,0.01,0.026,0.04,0.058,0.11565,0.74825,0.0783,0.002517,0.55635,0.7175,0.764,0.798,0.846,0.275046,0.14957,0.00473,0.154,0.204,0.239,0.288,0.976,0.044828,0.02879,0.00091,0.0,0.026,0.038,0.058,0.11405,0.680126,0.15228,0.004816,0.024,0.662,0.72,0.762,0.822,0.044828,0.02879,0.00091,0.0,0.026,0.038,0.058,0.11405,0.724954,0.14957,0.00473,0.024,0.712,0.761,0.796,0.846
33.75,0.250252,0.07739,0.002487,0.154,0.202,0.236,0.282,0.43565,0.045083,0.02746,0.000883,0.01,0.026,0.038,0.058,0.11765,0.704665,0.09399,0.003021,0.4647,0.67,0.724,0.7645,0.824,0.045083,0.02746,0.000883,0.01,0.026,0.038,0.058,0.11765,0.749748,0.07739,0.002487,0.56435,0.718,0.764,0.798,0.846,0.273596,0.14934,0.004722,0.154,0.204,0.238,0.286,0.976,0.04364,0.02816,0.000891,0.0,0.026,0.038,0.056,0.11605,0.682764,0.15191,0.004804,0.024,0.664,0.722,0.764,0.824,0.04364,0.02816,0.000891,0.0,0.026,0.038,0.056,0.11605,0.726404,0.14934,0.004722,0.024,0.714,0.762,0.796,0.846
34.0,0.248793,0.07639,0.002455,0.15235,0.202,0.234,0.28,0.42965,0.043806,0.02721,0.000874,0.01,0.026,0.037,0.056,0.11565,0.707401,0.09289,0.002985,0.47435,0.674,0.726,0.7665,0.826,0.043806,0.02721,0.000874,0.01,0.026,0.037,0.056,0.11565,0.751207,0.07639,0.002455,0.57035,0.72,0.766,0.798,0.84765,0.272184,0.14906,0.004714,0.15395,0.202,0.237,0.284,0.976,0.042404,0.02786,0.000881,0.0,0.024,0.036,0.054,0.11405,0.685412,0.15164,0.004795,0.024,0.666,0.724,0.7645,0.826,0.042404,0.02786,0.000881,0.0,0.024,0.036,0.054,0.11405,0.727816,0.14906,0.004714,0.024,0.716,0.763,0.798,0.84605
34.25,0.247267,0.0754,0.002423,0.152,0.2,0.234,0.278,0.42495,0.042663,0.02702,0.000869,0.008,0.024,0.036,0.054,0.116,0.71007,0.09175,0.002949,0.47635,0.6775,0.73,0.768,0.826,0.042663,0.02702,0.000869,0.008,0.024,0.036,0.054,0.116,0.752733,0.0754,0.002423,0.57505,0.722,0.766,0.8,0.848,0.270706,0.1488,0.004706,0.152,0.202,0.236,0.282,0.976,0.041298,0.02763,0.000874,0.0,0.022,0.034,0.052,0.116,0.687996,0.15135,0.004786,0.024,0.67,0.726,0.768,0.826,0.041298,0.02763,0.000874,0.0,0.022,0.034,0.052,0.116,0.729294,0.1488,0.004706,0.024,0.718,0.764,0.798,0.848
34.5,0.245878,0.07451,0.002395,0.152,0.2,0.232,0.276,0.416,0.041382,0.02679,0.000861,0.008,0.024,0.034,0.052,0.114,0.71274,0.09072,0.002916,0.48,0.68,0.732,0.77,0.82765,0.041382,0.02679,0.000861,0.008,0.024,0.034,0.052,0.114,0.754122,0.07451,0.002395,0.584,0.724,0.768,0.8,0.848,0.269362,0.14858,0.004699,0.152,0.2,0.234,0.2805,0.976,0.040058,0.02734,0.000865,0.0,0.022,0.034,0.052,0.114,0.69058,0.15112,0.004779,0.024,0.672,0.728,0.77,0.82605,0.040058,0.02734,0.000865,0.0,0.022,0.034,0.052,0.114,0.730638,0.14858,0.004699,0.024,0.7195,0.766,0.8,0.848
34.75,0.244552,0.07357,0.002365,0.15,0.198,0.232,0.274,0.414,0.0402,0.02657,0.000854,0.008,0.022,0.034,0.05,0.11165,0.715248,0.08966,0.002882,0.4827,0.682,0.734,0.772,0.828,0.0402,0.02657,0.000854,0.008,0.022,0.034,0.05,0.11165,0.755448,0.07357,0.002365,0.586,0.726,0.768,0.802,0.85,0.268078,0.14833,0.004691,0.15,0.2,0.234,0.28,0.976,0.038914,0.02708,0.000856,0.0,0.022,0.032,0.05,0.11005,0.693008,0.15087,0.004771,0.024,0.676,0.731,0.772,0.828,0.038914,0.02708,0.000856,0.0,0.022,0.032,0.05,0.11005,0.731922,0.14833,0.004691,0.024,0.72,0.766,0.8,0.85
35.0,0.243225,0.07266,0.002335,0.15,0.198,0.23,0.2725,0.4133,0.038971,0.02596,0.000834,0.008,0.022,0.032,0.05,0.11365,0.717804,0.08834,0.002839,0.49235,0.686,0.734,0.774,0.83,0.038971,0.02596,0.000834,0.008,0.022,0.032,0.05,0.11365,0.756775,0.07266,0.002335,0.5867,0.7275,0.77,0.802,0.85,0.266794,0.1481,0.004683,0.15,0.198,0.232,0.278,0.976,0.037724,0.02644,0.000836,0.0,0.02,0.032,0.048,0.11205,0.695482,0.15048,0.004759,0.024,0.678,0.732,0.774,0.83,0.037724,0.02644,0.000836,0.0,0.02,0.032,0.048,0.11205,0.733206,0.1481,0.004683,0.024,0.722,0.768,0.802,0.85
35.25,0.241915,0.07166,0.002303,0.15,0.1975,0.229,0.272,0.40765,0.037992,0.02568,0.000825,0.008,0.02,0.032,0.048,0.11,0.720093,0.08735,0.002807,0.49435,0.688,0.738,0.776,0.83,0.037992,0.02568,0.000825,0.008,0.02,0.032,0.048,0.11,0.758085,0.07166,0.002303,0.59235,0.728,0.771,0.8025,0.85,0.265526,0.14783,0.004675,0.15,0.198,0.232,0.276,0.976,0.036776,0.02614,0.000827,0.0,0.02,0.03,0.046,0.11,0.697698,0.15025,0.004751,0.024,0.682,0.734,0.774,0.83,0.036776,0.02614,0.000827,0.0,0.02,0.03,0.046,0.11,0.734474,0.14783,0.004675,0.024,0.724,0.768,0.802,0.85
35.5,0.240719,0.0708,0.002276,0.15,0.196,0.228,0.2705,0.4053,0.036833,0.0253,0.000813,0.006,0.02,0.03,0.046,0.11,0.722448,0.0863,0.002774,0.50035,0.69,0.74,0.778,0.832,0.036833,0.0253,0.000813,0.006,0.02,0.03,0.046,0.11,0.759281,0.0708,0.002276,0.5947,0.7295,0.772,0.804,0.85,0.264368,0.14762,0.004668,0.15,0.198,0.231,0.276,0.976,0.035654,0.02572,0.000813,0.0,0.018,0.03,0.044,0.11,0.699978,0.15001,0.004744,0.024,0.684,0.736,0.776,0.832,0.035654,0.02572,0.000813,0.0,0.018,0.03,0.044,0.11,0.735632,0.14762,0.004668,0.024,0.724,0.769,0.802,0.85
35.75,0.239603,0.06993,0.002248,0.14835,0.196,0.226,0.27,0.39965,0.035643,0.02476,0.000796,0.006,0.018,0.029,0.044,0.10965,0.724754,0.08514,0.002737,0.5087,0.694,0.742,0.778,0.83365,0.035643,0.02476,0.000796,0.006,0.018,0.029,0.044,0.10965,0.760397,0.06993,0.002248,0.60035,0.73,0.774,0.804,0.85165,0.263288,0.14739,0.004661,0.14995,0.198,0.23,0.2745,0.976,0.034502,0.02515,0.000795,0.0,0.018,0.028,0.042,0.10805,0.70221,0.1497,0.004734,0.024,0.688,0.739,0.778,0.83205,0.034502,0.02515,0.000795,0.0,0.018,0.028,0.042,0.10805,0.736712,0.14739,0.004661,0.024,0.7255,0.77,0.802,0.85005
36.0,0.238345,0.06898,0.002217,0.14835,0.196,0.226,0.27,0.39565,0.034589,0.02443,0.000785,0.006,0.018,0.028,0.042,0.104,0.727066,0.08397,0.002699,0.5167,0.696,0.744,0.78,0.834,0.034589,0.02443,0.000785,0.006,0.018,0.028,0.042,0.104,0.761655,0.06898,0.002217,0.60435,0.73,0.774,0.804,0.85165,0.26207,0.14715,0.004653,0.14995,0.196,0.23,0.272,0.976,0.033482,0.02479,0.000784,0.0,0.018,0.028,0.042,0.104,0.704448,0.1494,0.004724,0.024,0.69,0.74,0.778,0.834,0.033482,0.02479,0.000784,0.0,0.018,0.028,0.042,0.104,0.73793,0.14715,0.004653,0.024,0.728,0.77,0.804,0.85005
36.25,0.237246,0.06823,0.002193,0.14835,0.194,0.225,0.268,0.392,0.033548,0.02422,0.000779,0.006,0.018,0.028,0.042,0.10365,0.729207,0.08299,0.002667,0.52,0.698,0.746,0.782,0.836,0.033548,0.02422,0.000779,0.006,0.018,0.028,0.042,0.10365,0.762754,0.06823,0.002193,0.608,0.732,0.775,0.806,0.85165,0.261006,0.14698,0.004648,0.14995,0.196,0.229,0.272,0.976,0.032474,0.02455,0.000776,0.0,0.016,0.026,0.04,0.10205,0.70652,0.14918,0.004717,0.024,0.692,0.742,0.78,0.836,0.032474,0.02455,0.000776,0.0,0.016,0.026,0.04,0.10205,0.738994,0.14698,0.004648,0.024,0.728,0.771,0.804,0.85005
36.5,0.236184,0.06746,0.002168,0.148,0.194,0.224,0.2665,0.3893,0.03257,0.0239,0.000768,0.004,0.016,0.026,0.04,0.09965,0.731246,0.08208,0.002638,0.5267,0.7,0.748,0.784,0.83765,0.03257,0.0239,0.000768,0.004,0.016,0.026,0.04,0.09965,0.763816,0.06746,0.002168,0.6107,0.7335,0.776,0.806,0.852,0.259978,0.14681,0.004642,0.148,0.1955,0.228,0.2705,0.976,0.031528,0.0242,0.000765,0.0,0.016,0.026,0.04,0.09805,0.708494,0.14899,0.004712,0.024,0.694,0.744,0.782,0.83605,0.031528,0.0242,0.000765,0.0,0.016,0.026,0.04,0.09805,0.740022,0.14681,0.004642,0.024,0.7295,0.772,0.8045,0.852
36.75,0.235093,0.06651,0.002138,0.148,0.192,0.224,0.266,0.3853,0.031566,0.02349,0.000755,0.004,0.016,0.026,0.04,0.09765,0.733341,0.08088,0.0026,0.532,0.702,0.748,0.784,0.838,0.031566,0.02349,0.000755,0.004,0.016,0.026,0.04,0.09765,0.764907,0.06651,0.002138,0.6147,0.734,0.776,0.808,0.852,0.258922,0.14656,0.004634,0.148,0.194,0.226,0.27,0.976,0.030556,0.02377,0.000752,0.0,0.016,0.024,0.038,0.09605,0.710522,0.14867,0.004701,0.024,0.696,0.746,0.782,0.838,0.030556,0.02377,0.000752,0.0,0.016,0.024,0.038,0.09605,0.741078,0.14656,0.004634,0.024,0.73,0.774,0.806,0.852
37.0,0.234112,0.06586,0.002117,0.14635,0.192,0.222,0.264,0.3846,0.030659,0.02314,0.000744,0.004,0.016,0.024,0.038,0.094,0.735229,0.08,0.002571,0.53835,0.704,0.75,0.786,0.838,0.030659,0.02314,0.000744,0.004,0.016,0.024,0.038,0.094,0.765888,0.06586,0.002117,0.6154,0.736,0.778,0.808,0.85365,0.257972,0.14643,0.00463,0.14795,0.194,0.226,0.268,0.976,0.029678,0.0234,0.00074,0.0,0.014,0.024,0.038,0.094,0.71235,0.14849,0.004696,0.024,0.6975,0.748,0.7845,0.838,0.029678,0.0234,0.00074,0.0,0.014,0.024,0.038,0.094,0.742028,0.14643,0.00463,0.024,0.732,0.774,0.806,0.85205
37.25,0.233064,0.06513,0.002093,0.146,0.192,0.222,0.264,0.38095,0.029919,0.02281,0.000733,0.004,0.014,0.024,0.038,0.09365,0.737017,0.07891,0.002536,0.54235,0.706,0.752,0.786,0.838,0.029919,0.02281,0.000733,0.004,0.014,0.024,0.038,0.09365,0.766936,0.06513,0.002093,0.61905,0.736,0.778,0.808,0.854,0.256958,0.14628,0.004626,0.146,0.192,0.224,0.268,0.976,0.028962,0.02305,0.000729,0.0,0.014,0.022,0.036,0.09205,0.71408,0.14819,0.004686,0.024,0.7,0.75,0.786,0.838,0.028962,0.02305,0.000729,0.0,0.014,0.022,0.036,0.09205,0.743042,0.14628,0.004626,0.024,0.732,0.776,0.808,0.854
37.5,0.232171,0.06444,0.002071,0.146,0.19,0.222,0.262,0.37565,0.028919,0.02238,0.000719,0.004,0.014,0.022,0.036,0.09165,0.738909,0.07796,0.002506,0.55035,0.708,0.754,0.788,0.83965,0.028919,0.02238,0.000719,0.004,0.014,0.022,0.036,0.09165,0.767829,0.06444,0.002071,0.62435,0.738,0.778,0.81,0.854,0.256094,0.14612,0.004621,0.146,0.192,0.224,0.266,0.976,0.027994,0.0226,0.000715,0.0,0.014,0.022,0.036,0.09005,0.715912,0.14799,0.00468,0.024,0.702,0.75,0.786,0.83805,0.027994,0.0226,0.000715,0.0,0.014,0.022,0.036,0.09005,0.743906,0.14612,0.004621,0.024,0.734,0.776,0.808,0.854
37.75,0.231182,0.06373,0.002048,0.146,0.19,0.22,0.262,0.37165,0.02819,0.02221,0.000714,0.004,0.014,0.022,0.036,0.09,0.740628,0.07697,0.002474,0.5527,0.71,0.754,0.788,0.84,0.02819,0.02221,0.000714,0.004,0.014,0.022,0.036,0.09,0.768818,0.06373,0.002048,0.62835,0.738,0.78,0.81,0.854,0.255136,0.14598,0.004616,0.146,0.192,0.224,0.266,0.976,0.027288,0.0224,0.000709,0.0,0.012,0.022,0.034,0.09,0.717576,0.14774,0.004672,0.024,0.706,0.752,0.788,0.84,0.027288,0.0224,0.000709,0.0,0.012,0.022,0.034,0.09,0.744864,0.14598,0.004616,0.024,0.734,0.776,0.808,0.854
38.0,0.230271,0.06312,0.002029,0.146,0.19,0.22,0.26,0.36765,0.02738,0.02206,0.000709,0.002,0.012,0.022,0.034,0.09,0.742349,0.0762,0.002449,0.55835,0.712,0.756,0.79,0.84,0.02738,0.02206,0.000709,0.002,0.012,0.022,0.034,0.09,0.769729,0.06312,0.002029,0.63235,0.74,0.78,0.81,0.854,0.254254,0.14587,0.004613,0.146,0.19,0.222,0.264,0.976,0.026504,0.02224,0.000703,0.0,0.012,0.02,0.034,0.09,0.719242,0.14762,0.004668,0.024,0.708,0.754,0.788,0.84,0.026504,0.02224,0.000703,0.0,0.012,0.02,0.034,0.09,0.745746,0.14587,0.004613,0.024,0.736,0.778,0.81,0.854
38.25,0.229368,0.06247,0.002008,0.146,0.188,0.218,0.2585,0.36165,0.026603,0.02185,0.000702,0.002,0.012,0.02,0.034,0.088,0.744029,0.07536,0.002422,0.5607,0.714,0.758,0.792,0.84,0.026603,0.02185,0.000702,0.002,0.012,0.02,0.034,0.088,0.770632,0.06247,0.002008,0.63835,0.7415,0.782,0.812,0.854,0.25338,0.14574,0.004609,0.146,0.19,0.222,0.264,0.976,0.025752,0.022,0.000696,0.0,0.012,0.02,0.034,0.088,0.720868,0.14746,0.004663,0.024,0.71,0.754,0.79,0.84,0.025752,0.022,0.000696,0.0,0.012,0.02,0.034,0.088,0.74662,0.14574,0.004609,0.024,0.736,0.778,0.81,0.854
38.5,0.228541,0.06177,0.001985,0.144,0.188,0.218,0.258,0.35965,0.025853,0.02157,0.000693,0.002,0.012,0.02,0.032,0.08565,0.745605,0.07441,0.002392,0.56435,0.716,0.759,0.792,0.842,0.025853,0.02157,0.000693,0.002,0.012,0.02,0.032,0.08565,0.771459,0.06177,0.001985,0.64035,0.742,0.782,0.812,0.856,0.25258,0.14558,0.004604,0.144,0.19,0.22,0.262,0.976,0.025026,0.0217,0.000686,0.0,0.0115,0.02,0.032,0.08405,0.722394,0.14723,0.004656,0.024,0.71,0.756,0.79,0.842,0.025026,0.0217,0.000686,0.0,0.0115,0.02,0.032,0.08405,0.74742,0.14558,0.004604,0.024,0.738,0.78,0.81,0.856
38.75,0.227731,0.06103,0.001961,0.144,0.188,0.218,0.258,0.3573,0.025019,0.02124,0.000683,0.002,0.012,0.02,0.0305,0.086,0.74725,0.07351,0.002363,0.57,0.7175,0.76,0.7925,0.842,0.025019,0.02124,0.000683,0.002,0.012,0.02,0.0305,0.086,0.772269,0.06103,0.001961,0.6427,0.742,0.782,0.812,0.856,0.251796,0.14541,0.004598,0.144,0.19,0.22,0.262,0.976,0.024218,0.02136,0.000675,0.0,0.01,0.018,0.03,0.086,0.723986,0.14704,0.00465,0.024,0.712,0.756,0.792,0.842,0.024218,0.02136,0.000675,0.0,0.01,0.018,0.03,0.086,0.748204,0.14541,0.004598,0.024,0.738,0.78,0.81,0.856
39.0,0.22686,0.06029,0.001938,0.144,0.188,0.216,0.256,0.354,0.02431,0.02101,0.000675,0.002,0.01,0.018,0.03,0.086,0.748831,0.07264,0.002335,0.576,0.718,0.762,0.794,0.844,0.02431,0.02101,0.000675,0.002,0.01,0.018,0.03,0.086,0.77314,0.06029,0.001938,0.646,0.744,0.784,0.812,0.856,0.250952,0.14525,0.004593,0.144,0.188,0.22,0.26,0.976,0.023532,0.02111,0.000668,0.0,0.01,0.018,0.03,0.086,0.725516,0.14687,0.004644,0.024,0.714,0.757,0.794,0.844,0.023532,0.02111,0.000668,0.0,0.01,0.018,0.03,0.086,0.749048,0.14525,0.004593,0.024,0.74,0.78,0.812,0.856
39.25,0.226153,0.05975,0.00192,0.144,0.1875,0.216,0.256,0.352,0.023459,0.02058,0.000662,0.002,0.01,0.018,0.03,0.082,0.750388,0.07177,0.002307,0.5787,0.72,0.764,0.794,0.844,0.023459,0.02058,0.000662,0.002,0.01,0.018,0.03,0.082,0.773847,0.05975,0.00192,0.648,0.744,0.784,0.8125,0.856,0.250268,0.14515,0.00459,0.144,0.188,0.22,0.2585,0.976,0.022708,0.02067,0.000654,0.0,0.01,0.018,0.028,0.082,0.727024,0.14669,0.004639,0.024,0.716,0.758,0.794,0.844,0.022708,0.02067,0.000654,0.0,0.01,0.018,0.028,0.082,0.749732,0.14515,0.00459,0.024,0.7415,0.78,0.812,0.856
39.5,0.225463,0.059,0.001896,0.144,0.186,0.216,0.254,0.3493,0.022713,0.02027,0.000652,0.002,0.01,0.018,0.028,0.08165,0.751824,0.07083,0.002277,0.5814,0.722,0.764,0.796,0.844,0.022713,0.02027,0.000652,0.002,0.01,0.018,0.028,0.08165,0.774537,0.059,0.001896,0.6507,0.746,0.784,0.814,0.856,0.2496,0.14496,0.004584,0.144,0.188,0.218,0.258,0.976,0.021986,0.02034,0.000643,0.0,0.01,0.016,0.028,0.08005,0.728414,0.14647,0.004632,0.024,0.7175,0.76,0.796,0.844,0.021986,0.02034,0.000643,0.0,0.01,0.016,0.028,0.08005,0.7504,0.14496,0.004584,0.024,0.742,0.782,0.812,0.856
39.75,0.224725,0.05835,0.001875,0.144,0.186,0.216,0.254,0.34565,0.022006,0.02013,0.000647,0.002,0.01,0.016,0.028,0.08165,0.753269,0.06999,0.002249,0.5854,0.724,0.765,0.796,0.84565,0.022006,0.02013,0.000647,0.002,0.01,0.016,0.028,0.08165,0.775275,0.05835,0.001875,0.65435,0.746,0.784,0.814,0.856,0.248886,0.14483,0.00458,0.144,0.188,0.218,0.2565,0.976,0.021302,0.02018,0.000638,0.0,0.008,0.016,0.028,0.08005,0.729812,0.1463,0.004627,0.024,0.718,0.762,0.796,0.84405,0.021302,0.02018,0.000638,0.0,0.008,0.016,0.028,0.08005,0.751114,0.14483,0.00458,0.024,0.7435,0.782,0.812,0.856
40.0,0.224039,0.05778,0.001857,0.144,0.186,0.216,0.254,0.34365,0.021372,0.01979,0.000636,0.0,0.008,0.016,0.026,0.078,0.754589,0.06913,0.002222,0.59105,0.724,0.766,0.798,0.846,0.021372,0.01979,0.000636,0.0,0.008,0.016,0.026,0.078,0.775961,0.05778,0.001857,0.65635,0.746,0.784,0.814,0.856,0.248222,0.14472,0.004576,0.144,0.186,0.218,0.256,0.976,0.020688,0.01983,0.000627,0.0,0.008,0.016,0.026,0.078,0.73109,0.14612,0.004621,0.024,0.72,0.764,0.796,0.846,0.020688,0.01983,0.000627,0.0,0.008,0.016,0.026,0.078,0.751778,0.14472,0.004576,0.024,0.744,0.782,0.814,0.856
40.25,0.223362,0.05721,0.001839,0.144,0.186,0.214,0.252,0.33965,0.020748,0.0196,0.00063,0.0,0.008,0.016,0.026,0.078,0.75589,0.0683,0.002195,0.59835,0.7255,0.766,0.798,0.846,0.020748,0.0196,0.00063,0.0,0.008,0.016,0.026,0.078,0.776638,0.05721,0.001839,0.66035,0.748,0.786,0.814,0.856,0.247566,0.14461,0.004573,0.144,0.186,0.216,0.256,0.976,0.020084,0.01962,0.000621,0.0,0.008,0.016,0.026,0.078,0.73235,0.14594,0.004615,0.024,0.722,0.764,0.798,0.846,0.020084,0.01962,0.000621,0.0,0.008,0.016,0.026,0.078,0.752434,0.14461,0.004573,0.024,0.744,0.784,0.814,0.856
40.5,0.222657,0.05666,0.001821,0.144,0.186,0.214,0.2505,0.338,0.020246,0.01945,0.000625,0.0,0.008,0.016,0.026,0.076,0.757097,0.06762,0.002173,0.60235,0.7275,0.768,0.8,0.846,0.020246,0.01945,0.000625,0.0,0.008,0.016,0.026,0.076,0.777343,0.05666,0.001821,0.662,0.7495,0.786,0.814,0.856,0.246884,0.14451,0.00457,0.144,0.186,0.216,0.256,0.976,0.019598,0.01946,0.000615,0.0,0.008,0.014,0.026,0.076,0.733518,0.14582,0.004611,0.024,0.722,0.766,0.798,0.846,0.019598,0.01946,0.000615,0.0,0.008,0.014,0.026,0.076,0.753116,0.14451,0.00457,0.024,0.744,0.784,0.814,0.856
40.75,0.221994,0.05609,0.001803,0.14235,0.186,0.214,0.25,0.33765,0.019638,0.01898,0.00061,0.0,0.008,0.014,0.026,0.074,0.758368,0.06671,0.002144,0.6054,0.728,0.768,0.8,0.846,0.019638,0.01898,0.00061,0.0,0.008,0.014,0.026,0.074,0.778006,0.05609,0.001803,0.66235,0.75,0.786,0.814,0.85765,0.246242,0.1444,0.004566,0.14395,0.186,0.216,0.254,0.976,0.01901,0.01899,0.000601,0.0,0.008,0.014,0.024,0.074,0.734748,0.14562,0.004605,0.024,0.724,0.766,0.7985,0.846,0.01901,0.01899,0.000601,0.0,0.008,0.014,0.024,0.074,0.753758,0.1444,0.004566,0.024,0.746,0.784,0.814,0.85605
41.0,0.221405,0.0556,0.001787,0.142,0.184,0.214,0.25,0.336,0.018981,0.01854,0.000596,0.0,0.008,0.014,0.024,0.07165,0.759614,0.06595,0.00212,0.60775,0.73,0.77,0.802,0.846,0.018981,0.01854,0.000596,0.0,0.008,0.014,0.024,0.07165,0.778595,0.0556,0.001787,0.664,0.75,0.786,0.816,0.858,0.245672,0.14432,0.004564,0.142,0.186,0.216,0.254,0.976,0.018374,0.01854,0.000586,0.0,0.006,0.014,0.024,0.07005,0.735954,0.14548,0.0046,0.024,0.724,0.768,0.8,0.846,0.018374,0.01854,0.000586,0.0,0.006,0.014,0.024,0.07005,0.754328,0.14432,0.004564,0.024,0.746,0.784,0.814,0.858
41.25,0.220839,0.05514,0.001772,0.142,0.184,0.214,0.248,0.336,0.018388,0.0182,0.000585,0.0,0.008,0.014,0.024,0.072,0.760773,0.06516,0.002094,0.6094,0.732,0.772,0.802,0.84765,0.018388,0.0182,0.000585,0.0,0.008,0.014,0.024,0.072,0.779161,0.05514,0.001772,0.664,0.752,0.786,0.816,0.858,0.245124,0.14424,0.004561,0.142,0.186,0.215,0.252,0.976,0.0178,0.0182,0.000575,0.0,0.006,0.012,0.022,0.072,0.737076,0.14531,0.004595,0.024,0.726,0.768,0.8,0.84605,0.0178,0.0182,0.000575,0.0,0.006,0.012,0.022,0.072,0.754876,0.14424,0.004561,0.024,0.748,0.785,0.814,0.858
41.5,0.220357,0.05486,0.001763,0.142,0.184,0.213,0.248,0.3353,0.017742,0.01774,0.00057,0.0,0.006,0.012,0.022,0.068,0.761901,0.06442,0.00207,0.6147,0.732,0.772,0.802,0.848,0.017742,0.01774,0.00057,0.0,0.006,0.012,0.022,0.068,0.779643,0.05486,0.001763,0.6647,0.752,0.787,0.816,0.858,0.244658,0.14421,0.00456,0.142,0.186,0.214,0.252,0.976,0.017174,0.01773,0.000561,0.0,0.006,0.012,0.022,0.068,0.738168,0.14517,0.004591,0.024,0.728,0.77,0.802,0.848,0.017174,0.01773,0.000561,0.0,0.006,0.012,0.022,0.068,0.755342,0.14421,0.00456,0.024,0.748,0.786,0.814,0.858
41.75,0.219841,0.05435,0.001747,0.142,0.184,0.212,0.248,0.3353,0.017188,0.01738,0.000559,0.0,0.006,0.012,0.022,0.06565,0.762971,0.06373,0.002048,0.6187,0.732,0.773,0.802,0.85,0.017188,0.01738,0.000559,0.0,0.006,0.012,0.022,0.06565,0.780159,0.05435,0.001747,0.6647,0.752,0.788,0.816,0.858,0.244158,0.14411,0.004557,0.142,0.186,0.214,0.2505,0.976,0.016638,0.01737,0.000549,0.0,0.006,0.012,0.0205,0.06405,0.739204,0.14505,0.004587,0.024,0.728,0.77,0.802,0.85,0.016638,0.01737,0.000549,0.0,0.006,0.012,0.0205,0.06405,0.755842,0.14411,0.004557,0.024,0.7495,0.786,0.814,0.858
42.0,0.219353,0.05401,0.001736,0.142,0.184,0.212,0.246,0.33365,0.016659,0.01707,0.000549,0.0,0.006,0.012,0.02,0.064,0.763988,0.06315,0.00203,0.62105,0.734,0.774,0.804,0.85,0.016659,0.01707,0.000549,0.0,0.006,0.012,0.02,0.064,0.780647,0.05401,0.001736,0.66635,0.754,0.788,0.816,0.858,0.243686,0.14407,0.004556,0.142,0.186,0.214,0.25,0.976,0.016126,0.01705,0.000539,0.0,0.006,0.012,0.02,0.064,0.740188,0.14496,0.004584,0.024,0.7295,0.772,0.8025,0.85,0.016126,0.01705,0.000539,0.0,0.006,0.012,0.02,0.064,0.756314,0.14407,0.004556,0.024,0.75,0.786,0.814,0.858
42.25,0.218775,0.05364,0.001724,0.142,0.182,0.212,0.246,0.33165,0.016221,0.01676,0.000539,0.0,0.006,0.012,0.02,0.06165,0.765004,0.06253,0.00201,0.62835,0.734,0.776,0.804,0.85,0.016221,0.01676,0.000539,0.0,0.006,0.012,0.02,0.06165,0.781225,0.05364,0.001724,0.66835,0.754,0.788,0.818,0.858,0.243126,0.14403,0.004555,0.142,0.184,0.214,0.25,0.976,0.015702,0.01673,0.000529,0.0,0.006,0.012,0.02,0.06005,0.741172,0.14487,0.004581,0.024,0.73,0.772,0.804,0.85,0.015702,0.01673,0.000529,0.0,0.006,0.012,0.02,0.06005,0.756874,0.14403,0.004555,0.024,0.75,0.786,0.816,0.858
42.5,0.218289,0.05316,0.001709,0.142,0.182,0.212,0.246,0.3313,0.015771,0.01649,0.00053,0.0,0.006,0.012,0.02,0.058,0.76594,0.06198,0.001992,0.63035,0.736,0.776,0.806,0.85,0.015771,0.01649,0.00053,0.0,0.006,0.012,0.02,0.058,0.781711,0.05316,0.001709,0.6687,0.754,0.788,0.818,0.858,0.242656,0.14394,0.004552,0.142,0.184,0.214,0.25,0.976,0.015266,0.01646,0.000521,0.0,0.006,0.01,0.02,0.058,0.742078,0.14479,0.004579,0.024,0.732,0.774,0.804,0.85,0.015266,0.01646,0.000521,0.0,0.006,0.01,0.02,0.058,0.757344,0.14394,0.004552,0.024,0.75,0.786,0.816,0.858
42.75,0.217779,0.0528,0.001697,0.14035,0.182,0.21,0.246,0.3313,0.015337,0.01622,0.000521,0.0,0.006,0.01,0.02,0.058,0.766884,0.06132,0.001971,0.63435,0.736,0.777,0.806,0.85165,0.015337,0.01622,0.000521,0.0,0.006,0.01,0.02,0.058,0.782221,0.0528,0.001697,0.6687,0.754,0.79,0.818,0.85965,0.242162,0.14389,0.00455,0.14195,0.184,0.214,0.248,0.976,0.014846,0.01619,0.000512,0.0,0.004,0.01,0.018,0.058,0.742992,0.14467,0.004575,0.024,0.732,0.774,0.806,0.85005,0.014846,0.01619,0.000512,0.0,0.004,0.01,0.018,0.058,0.757838,0.14389,0.00455,0.024,0.752,0.786,0.816,0.85805
43.0,0.217349,0.0523,0.001681,0.14035,0.182,0.21,0.246,0.3313,0.014785,0.01605,0.000516,0.0,0.006,0.01,0.018,0.056,0.767866,0.06074,0.001952,0.6387,0.738,0.778,0.8065,0.852,0.014785,0.01605,0.000516,0.0,0.006,0.01,0.018,0.056,0.782651,0.0523,0.001681,0.6687,0.754,0.79,0.818,0.85965,0.241746,0.14378,0.004547,0.14195,0.184,0.214,0.248,0.976,0.014312,0.016,0.000506,0.0,0.004,0.01,0.018,0.056,0.743942,0.14458,0.004572,0.024,0.732,0.775,0.806,0.852,0.014312,0.016,0.000506,0.0,0.004,0.01,0.018,0.056,0.758254,0.14378,0.004547,0.024,0.752,0.786,0.816,0.85805
43.25,0.216921,0.05198,0.001671,0.14035,0.182,0.21,0.246,0.3313,0.014306,0.01595,0.000513,0.0,0.004,0.01,0.018,0.056,0.768773,0.06029,0.001938,0.63905,0.738,0.778,0.808,0.852,0.014306,0.01595,0.000513,0.0,0.004,0.01,0.018,0.056,0.783079,0.05198,0.001671,0.6687,0.754,0.79,0.818,0.85965,0.241332,0.14374,0.004545,0.14195,0.184,0.213,0.248,0.976,0.013848,0.01589,0.000502,0.0,0.004,0.01,0.018,0.056,0.74482,0.14455,0.004571,0.024,0.734,0.776,0.806,0.852,0.013848,0.01589,0.000502,0.0,0.004,0.01,0.018,0.056,0.758668,0.14374,0.004545,0.024,0.752,0.787,0.816,0.85805
43.5,0.216488,0.05168,0.001661,0.14,0.182,0.21,0.244,0.328,0.013917,0.01554,0.0005,0.0,0.004,0.01,0.018,0.05565,0.769595,0.0597,0.001919,0.6394,0.74,0.78,0.808,0.852,0.013917,0.01554,0.0005,0.0,0.004,0.01,0.018,0.05565,0.783512,0.05168,0.001661,0.672,0.756,0.79,0.818,0.86,0.240912,0.14371,0.004544,0.14,0.1835,0.212,0.248,0.976,0.013472,0.01549,0.00049,0.0,0.004,0.01,0.016,0.05405,0.745616,0.14444,0.004568,0.024,0.734,0.776,0.808,0.852,0.013472,0.01549,0.00049,0.0,0.004,0.01,0.016,0.05405,0.759088,0.14371,0.004544,0.024,0.752,0.788,0.8165,0.86
43.75,0.216017,0.05129,0.001649,0.14,0.182,0.21,0.244,0.32565,0.013548,0.01543,0.000496,0.0,0.004,0.01,0.016,0.054,0.770436,0.05911,0.0019,0.648,0.74,0.78,0.81,0.852,0.013548,0.01543,0.000496,0.0,0.004,0.01,0.016,0.054,0.783983,0.05129,0.001649,0.67435,0.756,0.79,0.818,0.86,0.240456,0.14365,0.004543,0.14,0.1835,0.212,0.248,0.976,0.013114,0.01536,0.000486,0.0,0.004,0.008,0.016,0.054,0.74643,0.14434,0.004565,0.024,0.736,0.776,0.808,0.852,0.013114,0.01536,0.000486,0.0,0.004,0.008,0.016,0.054,0.759544,0.14365,0.004543,0.024,0.752,0.788,0.8165,0.86
44.0,0.21564,0.05103,0.00164,0.14,0.182,0.208,0.244,0.32565,0.013116,0.01508,0.000485,0.0,0.004,0.008,0.016,0.05565,0.771244,0.05856,0.001882,0.65,0.7415,0.78,0.81,0.854,0.013116,0.01508,0.000485,0.0,0.004,0.008,0.016,0.05565,0.78436,0.05103,0.00164,0.67435,0.756,0.792,0.818,0.86,0.240092,0.14362,0.004542,0.14,0.182,0.211,0.2465,0.976,0.012696,0.01502,0.000475,0.0,0.004,0.008,0.016,0.05405,0.747212,0.14426,0.004562,0.024,0.736,0.778,0.808,0.854,0.012696,0.01502,0.000475,0.0,0.004,0.008,0.016,0.05405,0.759908,0.14362,0.004542,0.024,0.7535,0.789,0.818,0.86
44.25,0.215293,0.05067,0.001629,0.14,0.182,0.208,0.244,0.32365,0.012665,0.01466,0.000471,0.0,0.004,0.008,0.016,0.052,0.772041,0.05796,0.001863,0.656,0.742,0.78,0.81,0.854,0.012665,0.01466,0.000471,0.0,0.004,0.008,0.016,0.052,0.784707,0.05067,0.001629,0.67635,0.756,0.792,0.818,0.86,0.239756,0.14356,0.00454,0.14,0.182,0.21,0.246,0.976,0.01226,0.0146,0.000462,0.0,0.004,0.008,0.016,0.052,0.747984,0.14415,0.004558,0.024,0.738,0.778,0.8085,0.854,0.01226,0.0146,0.000462,0.0,0.004,0.008,0.016,0.052,0.760244,0.14356,0.00454,0.024,0.754,0.79,0.818,0.86
44.5,0.214905,0.05034,0.001618,0.14,0.182,0.208,0.242,0.32365,0.012262,0.01434,0.000461,0.0,0.004,0.008,0.016,0.052,0.772833,0.05744,0.001846,0.656,0.744,0.782,0.81,0.854,0.012262,0.01434,0.000461,0.0,0.004,0.008,0.016,0.052,0.785095,0.05034,0.001618,0.67635,0.758,0.792,0.818,0.86,0.23938,0.14351,0.004538,0.14,0.182,0.21,0.246,0.976,0.01187,0.01427,0.000451,0.0,0.004,0.008,0.016,0.052,0.74875,0.14408,0.004556,0.024,0.7395,0.78,0.81,0.854,0.01187,0.01427,0.000451,0.0,0.004,0.008,0.016,0.052,0.76062,0.14351,0.004538,0.024,0.754,0.79,0.818,0.86
44.75,0.214529,0.05001,0.001608,0.14,0.182,0.208,0.242,0.32165,0.011921,0.01416,0.000455,0.0,0.004,0.008,0.016,0.05,0.77355,0.05699,0.001832,0.65635,0.744,0.782,0.812,0.854,0.011921,0.01416,0.000455,0.0,0.004,0.008,0.016,0.05,0.785471,0.05001,0.001608,0.67835,0.758,0.792,0.818,0.86,0.239016,0.14346,0.004537,0.14,0.182,0.21,0.246,0.976,0.01154,0.01409,0.000446,0.0,0.004,0.008,0.014,0.05,0.749444,0.14402,0.004554,0.024,0.74,0.78,0.81,0.854,0.01154,0.01409,0.000446,0.0,0.004,0.008,0.014,0.05,0.760984,0.14346,0.004537,0.024,0.754,0.79,0.818,0.86
45.0,0.21419,0.04968,0.001597,0.14,0.182,0.208,0.242,0.3213,0.011537,0.01398,0.000449,0.0,0.004,0.008,0.014,0.05165,0.774273,0.0565,0.001816,0.65635,0.7455,0.782,0.812,0.854,0.011537,0.01398,0.000449,0.0,0.004,0.008,0.014,0.05165,0.78581,0.04968,0.001597,0.6787,0.758,0.792,0.818,0.86,0.238688,0.1434,0.004535,0.14,0.182,0.21,0.246,0.976,0.011168,0.01391,0.00044,0.0,0.002,0.008,0.014,0.05005,0.750144,0.14395,0.004552,0.024,0.74,0.78,0.81,0.854,0.011168,0.01391,0.00044,0.0,0.002,0.008,0.014,0.05005,0.761312,0.1434,0.004535,0.024,0.754,0.79,0.818,0.86
45.25,0.213868,0.04937,0.001587,0.13835,0.18,0.208,0.242,0.32095,0.011126,0.01364,0.000438,0.0,0.004,0.008,0.014,0.04965,0.775006,0.05599,0.0018,0.65835,0.746,0.784,0.812,0.854,0.011126,0.01364,0.000438,0.0,0.004,0.008,0.014,0.04965,0.786132,0.04937,0.001587,0.67905,0.758,0.792,0.82,0.86165,0.238376,0.14335,0.004533,0.13995,0.182,0.21,0.246,0.976,0.01077,0.01356,0.000429,0.0,0.002,0.006,0.014,0.04805,0.750854,0.14388,0.00455,0.024,0.7415,0.782,0.812,0.854,0.01077,0.01356,0.000429,0.0,0.002,0.006,0.014,0.04805,0.761624,0.14335,0.004533,0.024,0.754,0.79,0.818,0.86005
45.5,0.213535,0.04908,0.001577,0.13835,0.18,0.208,0.242,0.316,0.01081,0.01332,0.000428,0.0,0.002,0.006,0.014,0.05,0.775655,0.05558,0.001786,0.66,0.7475,0.784,0.814,0.854,0.01081,0.01332,0.000428,0.0,0.002,0.006,0.014,0.05,0.786465,0.04908,0.001577,0.684,0.758,0.792,0.82,0.86165,0.238054,0.14331,0.004532,0.13995,0.182,0.21,0.244,0.976,0.010464,0.01324,0.000419,0.0,0.002,0.006,0.014,0.05,0.751482,0.14383,0.004548,0.024,0.742,0.782,0.812,0.854,0.010464,0.01324,0.000419,0.0,0.002,0.006,0.014,0.05,0.761946,0.14331,0.004532,0.024,0.756,0.79,0.818,0.86005
45.75,0.21326,0.04882,0.001569,0.13835,0.18,0.208,0.242,0.316,0.010527,0.01312,0.000422,0.0,0.002,0.006,0.014,0.04965,0.776213,0.05524,0.001775,0.66,0.748,0.784,0.814,0.854,0.010527,0.01312,0.000422,0.0,0.002,0.006,0.014,0.04965,0.78674,0.04882,0.001569,0.684,0.758,0.792,0.82,0.86165,0.237788,0.14327,0.004531,0.13995,0.182,0.21,0.244,0.976,0.01019,0.01304,0.000412,0.0,0.002,0.006,0.012,0.04805,0.752022,0.14379,0.004547,0.024,0.742,0.782,0.812,0.854,0.01019,0.01304,0.000412,0.0,0.002,0.006,0.012,0.04805,0.762212,0.14327,0.004531,0.024,0.756,0.79,0.818,0.86005
46.0,0.212917,0.0485,0.001559,0.13835,0.18,0.208,0.24,0.316,0.010213,0.01283,0.000412,0.0,0.002,0.006,0.012,0.04565,0.77687,0.0548,0.001761,0.66035,0.748,0.784,0.814,0.85565,0.010213,0.01283,0.000412,0.0,0.002,0.006,0.012,0.04565,0.787083,0.0485,0.001559,0.684,0.76,0.792,0.82,0.86165,0.237456,0.14322,0.004529,0.13995,0.1815,0.209,0.244,0.976,0.009886,0.01275,0.000403,0.0,0.002,0.006,0.012,0.04405,0.752658,0.14374,0.004545,0.024,0.744,0.782,0.812,0.85405,0.009886,0.01275,0.000403,0.0,0.002,0.006,0.012,0.04405,0.762544,0.14322,0.004529,0.024,0.756,0.791,0.8185,0.86005
46.25,0.212653,0.04821,0.00155,0.13835,0.18,0.208,0.24,0.314,0.009795,0.01231,0.000396,0.0,0.002,0.006,0.012,0.044,0.777552,0.05425,0.001744,0.66235,0.75,0.784,0.814,0.856,0.009795,0.01231,0.000396,0.0,0.002,0.006,0.012,0.044,0.787347,0.04821,0.00155,0.686,0.76,0.792,0.82,0.86165,0.2372,0.14317,0.004528,0.13995,0.18,0.208,0.244,0.976,0.009482,0.01223,0.000387,0.0,0.002,0.006,0.012,0.044,0.753318,0.14365,0.004543,0.024,0.744,0.782,0.812,0.856,0.009482,0.01223,0.000387,0.0,0.002,0.006,0.012,0.044,0.7628,0.14317,0.004528,0.024,0.756,0.792,0.82,0.86005
46.5,0.212357,0.04793,0.001541,0.138,0.18,0.208,0.24,0.314,0.009411,0.01191,0.000383,0.0,0.002,0.006,0.012,0.04365,0.778231,0.05368,0.001725,0.664,0.75,0.786,0.814,0.856,0.009411,0.01191,0.000383,0.0,0.002,0.006,0.012,0.04365,0.787643,0.04793,0.001541,0.686,0.76,0.792,0.82,0.862,0.236914,0.14313,0.004526,0.138,0.18,0.208,0.244,0.976,0.00911,0.01183,0.000374,0.0,0.002,0.006,0.012,0.04205,0.753976,0.14355,0.004539,0.024,0.746,0.784,0.8125,0.856,0.00911,0.01183,0.000374,0.0,0.002,0.006,0.012,0.04205,0.763086,0.14313,0.004526,0.024,0.756,0.792,0.82,0.862
46.75,0.212089,0.04753,0.001528,0.138,0.18,0.206,0.24,0.31365,0.00913,0.01164,0.000374,0.0,0.002,0.006,0.012,0.04165,0.778781,0.05324,0.001711,0.666,0.752,0.786,0.814,0.856,0.00913,0.01164,0.000374,0.0,0.002,0.006,0.012,0.04165,0.787911,0.04753,0.001528,0.68635,0.76,0.794,0.82,0.862,0.236654,0.14305,0.004524,0.138,0.18,0.208,0.244,0.976,0.008838,0.01157,0.000366,0.0,0.002,0.006,0.012,0.04005,0.754508,0.14348,0.004537,0.024,0.746,0.784,0.814,0.856,0.008838,0.01157,0.000366,0.0,0.002,0.006,0.012,0.04005,0.763346,0.14305,0.004524,0.024,0.756,0.792,0.82,0.862
47.0,0.211816,0.0472,0.001517,0.138,0.18,0.206,0.24,0.31365,0.00886,0.01169,0.000376,0.0,0.002,0.006,0.012,0.04,0.779324,0.05299,0.001703,0.66635,0.752,0.786,0.814,0.856,0.00886,0.01169,0.000376,0.0,0.002,0.006,0.012,0.04,0.788184,0.0472,0.001517,0.68635,0.76,0.794,0.82,0.862,0.23639,0.14299,0.004522,0.138,0.18,0.208,0.242,0.976,0.008576,0.01161,0.000367,0.0,0.002,0.006,0.0105,0.04,0.755034,0.14348,0.004537,0.024,0.748,0.784,0.814,0.856,0.008576,0.01161,0.000367,0.0,0.002,0.006,0.0105,0.04,0.76361,0.14299,0.004522,0.024,0.758,0.792,0.82,0.862
47.25,0.211519,0.04687,0.001506,0.138,0.18,0.206,0.2385,0.31365,0.008589,0.01152,0.00037,0.0,0.002,0.006,0.01,0.038,0.779893,0.05263,0.001692,0.668,0.752,0.786,0.814,0.858,0.008589,0.01152,0.00037,0.0,0.002,0.006,0.01,0.038,0.788481,0.04687,0.001506,0.68635,0.7615,0.794,0.82,0.862,0.236102,0.14293,0.00452,0.138,0.18,0.208,0.242,0.976,0.008314,0.01144,0.000362,0.0,0.002,0.004,0.01,0.038,0.755584,0.14345,0.004536,0.024,0.748,0.786,0.814,0.858,0.008314,0.01144,0.000362,0.0,0.002,0.004,0.01,0.038,0.763898,0.14293,0.00452,0.024,0.758,0.792,0.82,0.862
47.5,0.211248,0.04652,0.001495,0.13635,0.18,0.206,0.238,0.31365,0.008335,0.01141,0.000367,0.0,0.002,0.004,0.01,0.03765,0.780417,0.0522,0.001678,0.668,0.752,0.787,0.816,0.858,0.008335,0.01141,0.000367,0.0,0.002,0.004,0.01,0.03765,0.788752,0.04652,0.001495,0.68635,0.762,0.794,0.82,0.86365,0.23584,0.14287,0.004518,0.13795,0.18,0.208,0.242,0.976,0.008068,0.01132,0.000358,0.0,0.002,0.004,0.01,0.03605,0.756092,0.14338,0.004534,0.024,0.7495,0.786,0.814,0.858,0.008068,0.01132,0.000358,0.0,0.002,0.004,0.01,0.03605,0.76416,0.14287,0.004518,0.024,0.758,0.792,0.82,0.86205
47.75,0.211019,0.04626,0.001487,0.13635,0.178,0.206,0.238,0.31365,0.008031,0.01129,0.000363,0.0,0.002,0.004,0.01,0.03765,0.78095,0.0519,0.001668,0.6707,0.752,0.788,0.816,0.858,0.008031,0.01129,0.000363,0.0,0.002,0.004,0.01,0.03765,0.788981,0.04626,0.001487,0.68635,0.762,0.794,0.822,0.86365,0.235618,0.14282,0.004516,0.13795,0.18,0.208,0.242,0.976,0.007774,0.01119,0.000354,0.0,0.0,0.004,0.01,0.03605,0.756608,0.14336,0.004534,0.024,0.75,0.786,0.814,0.858,0.007774,0.01119,0.000354,0.0,0.0,0.004,0.01,0.03605,0.764382,0.14282,0.004516,0.024,0.758,0.792,0.82,0.86205
48.0,0.210787,0.04595,0.001477,0.13635,0.178,0.206,0.238,0.312,0.007731,0.01102,0.000354,0.0,0.002,0.004,0.01,0.036,0.781481,0.05145,0.001654,0.6707,0.754,0.788,0.816,0.858,0.007731,0.01102,0.000354,0.0,0.002,0.004,0.01,0.036,0.789213,0.04595,0.001477,0.688,0.762,0.794,0.822,0.86365,0.235394,0.14276,0.004515,0.13795,0.18,0.208,0.2405,0.976,0.007484,0.01093,0.000346,0.0,0.0,0.004,0.01,0.036,0.757122,0.14329,0.004531,0.024,0.75,0.786,0.8145,0.858,0.007484,0.01093,0.000346,0.0,0.0,0.004,0.01,0.036,0.764606,0.14276,0.004515,0.024,0.7595,0.792,0.82,0.86205
48.25,0.210548,0.04566,0.001467,0.13635,0.178,0.206,0.238,0.3113,0.007483,0.01077,0.000346,0.0,0.002,0.004,0.01,0.034,0.781969,0.05102,0.00164,0.67105,0.754,0.788,0.816,0.858,0.007483,0.01077,0.000346,0.0,0.002,0.004,0.01,0.034,0.789452,0.04566,0.001467,0.6887,0.762,0.794,0.822,0.86365,0.235162,0.14271,0.004513,0.13795,0.18,0.208,0.24,0.976,0.007244,0.01068,0.000338,0.0,0.0,0.004,0.01,0.034,0.757594,0.14323,0.004529,0.024,0.752,0.786,0.816,0.858,0.007244,0.01068,0.000338,0.0,0.0,0.004,0.01,0.034,0.764838,0.14271,0.004513,0.024,0.76,0.792,0.82,0.86205
48.5,0.210329,0.04535,0.001458,0.13635,0.178,0.206,0.238,0.30965,0.007256,0.01067,0.000343,0.0,0.002,0.004,0.01,0.03365,0.782415,0.05065,0.001628,0.6727,0.754,0.79,0.816,0.858,0.007256,0.01067,0.000343,0.0,0.002,0.004,0.01,0.03365,0.789671,0.04535,0.001458,0.69035,0.762,0.794,0.822,0.86365,0.23495,0.14265,0.004511,0.13795,0.18,0.208,0.24,0.976,0.007024,0.01058,0.000334,0.0,0.0,0.004,0.008,0.03205,0.758026,0.14317,0.004527,0.024,0.752,0.786,0.816,0.858,0.007024,0.01058,0.000334,0.0,0.0,0.004,0.008,0.03205,0.76505,0.14265,0.004511,0.024,0.76,0.792,0.82,0.86205
48.75,0.210124,0.04505,0.001448,0.13635,0.178,0.206,0.238,0.3086,0.007068,0.01061,0.000341,0.0,0.0,0.004,0.008,0.032,0.782808,0.05031,0.001617,0.67435,0.754,0.79,0.816,0.858,0.007068,0.01061,0.000341,0.0,0.0,0.004,0.008,0.032,0.789876,0.04505,0.001448,0.6914,0.762,0.794,0.822,0.86365,0.234752,0.1426,0.004509,0.13795,0.18,0.208,0.24,0.976,0.006842,0.01051,0.000332,0.0,0.0,0.004,0.008,0.032,0.758406,0.14312,0.004526,0.024,0.752,0.786,0.816,0.858,0.006842,0.01051,0.000332,0.0,0.0,0.004,0.008,0.032,0.765248,0.1426,0.004509,0.024,0.76,0.792,0.82,0.86205
49.0,0.209932,0.04488,0.001442,0.13635,0.178,0.206,0.238,0.3053,0.006831,0.01046,0.000336,0.0,0.0,0.004,0.008,0.032,0.783238,0.05,0.001607,0.6747,0.754,0.79,0.818,0.858,0.006831,0.01046,0.000336,0.0,0.0,0.004,0.008,0.032,0.790068,0.04488,0.001442,0.6947,0.762,0.794,0.822,0.86365,0.234566,0.14258,0.004509,0.13795,0.18,0.208,0.24,0.976,0.006612,0.01036,0.000328,0.0,0.0,0.004,0.008,0.032,0.758822,0.14309,0.004525,0.024,0.752,0.788,0.816,0.858,0.006612,0.01036,0.000328,0.0,0.0,0.004,0.008,0.032,0.765434,0.14258,0.004509,0.024,0.76,0.792,0.82,0.86205
49.25,0.209721,0.04463,0.001435,0.13635,0.178,0.206,0.238,0.30365,0.006601,0.01031,0.000332,0.0,0.0,0.004,0.008,0.03,0.783678,0.04966,0.001596,0.67635,0.754,0.79,0.818,0.85965,0.006601,0.01031,0.000332,0.0,0.0,0.004,0.008,0.03,0.790279,0.04463,0.001435,0.69635,0.762,0.794,0.822,0.86365,0.234362,0.14254,0.004507,0.13795,0.1795,0.208,0.24,0.976,0.00639,0.01021,0.000323,0.0,0.0,0.004,0.008,0.03,0.759248,0.14304,0.004523,0.024,0.752,0.788,0.816,0.85805,0.00639,0.01021,0.000323,0.0,0.0,0.004,0.008,0.03,0.765638,0.14254,0.004507,0.024,0.76,0.792,0.8205,0.86205
49.5,0.209481,0.04448,0.00143,0.13635,0.178,0.206,0.238,0.30365,0.006421,0.01004,0.000323,0.0,0.0,0.004,0.008,0.03165,0.784097,0.04926,0.001583,0.678,0.756,0.79,0.818,0.86,0.006421,0.01004,0.000323,0.0,0.0,0.004,0.008,0.03165,0.790519,0.04448,0.00143,0.69635,0.762,0.794,0.822,0.86365,0.23413,0.14253,0.004507,0.13795,0.178,0.206,0.24,0.976,0.006216,0.00994,0.000314,0.0,0.0,0.004,0.008,0.03005,0.759654,0.14298,0.004521,0.024,0.752,0.788,0.816,0.86,0.006216,0.00994,0.000314,0.0,0.0,0.004,0.008,0.03005,0.76587,0.14253,0.004507,0.024,0.76,0.794,0.822,0.86205
49.75,0.20932,0.04423,0.001422,0.136,0.178,0.206,0.2365,0.30365,0.0062,0.01003,0.000322,0.0,0.0,0.004,0.008,0.03165,0.784479,0.04904,0.001576,0.678,0.756,0.79,0.818,0.86,0.0062,0.01003,0.000322,0.0,0.0,0.004,0.008,0.03165,0.79068,0.04423,0.001422,0.69635,0.7635,0.794,0.822,0.864,0.233974,0.14248,0.004506,0.136,0.178,0.206,0.24,0.976,0.006002,0.00993,0.000314,0.0,0.0,0.004,0.008,0.03005,0.760024,0.14297,0.004521,0.024,0.752,0.788,0.816,0.86,0.006002,0.00993,0.000314,0.0,0.0,0.004,0.008,0.03005,0.766026,0.14248,0.004506,0.024,0.76,0.794,0.822,0.864
50.0,0.209163,0.04403,0.001415,0.136,0.178,0.206,0.236,0.30365,0.005957,0.00973,0.000313,0.0,0.0,0.004,0.008,0.03,0.78488,0.04865,0.001564,0.682,0.756,0.79,0.818,0.86,0.005957,0.00973,0.000313,0.0,0.0,0.004,0.008,0.03,0.790837,0.04403,0.001415,0.69635,0.764,0.794,0.822,0.864,0.233822,0.14245,0.004505,0.136,0.178,0.206,0.238,0.976,0.005766,0.00963,0.000304,0.0,0.0,0.002,0.008,0.03,0.760412,0.14291,0.004519,0.024,0.754,0.789,0.816,0.86,0.005766,0.00963,0.000304,0.0,0.0,0.002,0.008,0.03,0.766178,0.14245,0.004505,0.024,0.762,0.794,0.822,0.864
50.25,0.208971,0.04387,0.00141,0.136,0.178,0.204,0.236,0.302,0.005785,0.00952,0.000306,0.0,0.0,0.002,0.008,0.03,0.785244,0.04829,0.001552,0.682,0.756,0.792,0.818,0.86,0.005785,0.00952,0.000306,0.0,0.0,0.002,0.008,0.03,0.791029,0.04387,0.00141,0.698,0.764,0.796,0.822,0.864,0.233636,0.14243,0.004504,0.136,0.178,0.206,0.238,0.976,0.0056,0.00943,0.000298,0.0,0.0,0.002,0.008,0.03,0.760764,0.14285,0.004517,0.024,0.754,0.79,0.818,0.86,0.0056,0.00943,0.000298,0.0,0.0,0.002,0.008,0.03,0.766364,0.14243,0.004504,0.024,0.762,0.794,0.822,0.864
50.5,0.208812,0.04365,0.001403,0.136,0.178,0.204,0.236,0.302,0.005566,0.00946,0.000304,0.0,0.0,0.002,0.008,0.03,0.785622,0.04803,0.001544,0.68235,0.7575,0.792,0.818,0.86165,0.005566,0.00946,0.000304,0.0,0.0,0.002,0.008,0.03,0.791188,0.04365,0.001403,0.698,0.764,0.796,0.822,0.864,0.233482,0.14239,0.004503,0.136,0.178,0.206,0.238,0.976,0.005388,0.00935,0.000296,0.0,0.0,0.002,0.006,0.03,0.76113,0.14283,0.004517,0.024,0.754,0.79,0.818,0.86005,0.005388,0.00935,0.000296,0.0,0.0,0.002,0.006,0.03,0.766518,0.14239,0.004503,0.024,0.762,0.794,0.822,0.864
50.75,0.208624,0.0435,0.001398,0.136,0.178,0.204,0.236,0.302,0.005386,0.0093,0.000299,0.0,0.0,0.002,0.008,0.028,0.78599,0.04773,0.001534,0.68235,0.758,0.792,0.818,0.86165,0.005386,0.0093,0.000299,0.0,0.0,0.002,0.008,0.028,0.791376,0.0435,0.001398,0.698,0.764,0.796,0.822,0.864,0.2333,0.14238,0.004503,0.136,0.178,0.206,0.238,0.976,0.005214,0.0092,0.000291,0.0,0.0,0.002,0.006,0.028,0.761486,0.14279,0.004515,0.024,0.754,0.79,0.818,0.86005,0.005214,0.0092,0.000291,0.0,0.0,0.002,0.006,0.028,0.7667,0.14238,0.004503,0.024,0.762,0.794,0.822,0.864
51.0,0.208452,0.04329,0.001391,0.136,0.178,0.204,0.236,0.302,0.005198,0.00919,0.000295,0.0,0.0,0.002,0.006,0.026,0.786349,0.04742,0.001524,0.684,0.758,0.792,0.818,0.86165,0.005198,0.00919,0.000295,0.0,0.0,0.002,0.006,0.026,0.791548,0.04329,0.001391,0.698,0.764,0.796,0.822,0.864,0.233134,0.14235,0.004501,0.136,0.178,0.206,0.238,0.976,0.005032,0.00909,0.000287,0.0,0.0,0.002,0.006,0.026,0.761834,0.14275,0.004514,0.024,0.754,0.79,0.818,0.86005,0.005032,0.00909,0.000287,0.0,0.0,0.002,0.006,0.026,0.766866,0.14235,0.004501,0.024,0.762,0.794,0.822,0.864
51.25,0.208326,0.04315,0.001387,0.136,0.178,0.204,0.236,0.302,0.005017,0.00913,0.000293,0.0,0.0,0.002,0.006,0.02765,0.786657,0.04721,0.001517,0.68435,0.758,0.792,0.818,0.86165,0.005017,0.00913,0.000293,0.0,0.0,0.002,0.006,0.02765,0.791674,0.04315,0.001387,0.698,0.764,0.796,0.822,0.864,0.233012,0.14233,0.004501,0.136,0.178,0.206,0.238,0.976,0.004856,0.00902,0.000285,0.0,0.0,0.002,0.006,0.02605,0.762132,0.14274,0.004514,0.024,0.754,0.79,0.818,0.86005,0.004856,0.00902,0.000285,0.0,0.0,0.002,0.006,0.02605,0.766988,0.14233,0.004501,0.024,0.762,0.794,0.822,0.864
51.5,0.208161,0.04299,0.001382,0.136,0.178,0.204,0.236,0.302,0.004862,0.00901,0.000289,0.0,0.0,0.002,0.006,0.026,0.786977,0.04691,0.001508,0.686,0.758,0.792,0.82,0.86165,0.004862,0.00901,0.000289,0.0,0.0,0.002,0.006,0.026,0.791839,0.04299,0.001382,0.698,0.764,0.796,0.822,0.864,0.232852,0.14231,0.0045,0.136,0.178,0.206,0.238,0.976,0.004706,0.0089,0.000281,0.0,0.0,0.002,0.006,0.026,0.762442,0.14269,0.004512,0.024,0.756,0.79,0.818,0.86005,0.004706,0.0089,0.000281,0.0,0.0,0.002,0.006,0.026,0.767148,0.14231,0.0045,0.024,0.762,0.794,0.822,0.864
51.75,0.208043,0.04285,0.001377,0.136,0.178,0.204,0.236,0.302,0.004667,0.00887,0.000285,0.0,0.0,0.002,0.006,0.026,0.787289,0.04667,0.0015,0.68635,0.7595,0.792,0.82,0.86165,0.004667,0.00887,0.000285,0.0,0.0,0.002,0.006,0.026,0.791957,0.04285,0.001377,0.698,0.764,0.796,0.822,0.864,0.232738,0.14229,0.0045,0.136,0.178,0.206,0.238,0.976,0.004518,0.00876,0.000277,0.0,0.0,0.002,0.006,0.026,0.762744,0.14267,0.004512,0.024,0.756,0.79,0.818,0.86005,0.004518,0.00876,0.000277,0.0,0.0,0.002,0.006,0.026,0.767262,0.14229,0.0045,0.024,0.762,0.794,0.822,0.864
52.0,0.20793,0.04276,0.001374,0.136,0.178,0.204,0.236,0.302,0.004508,0.00859,0.000276,0.0,0.0,0.002,0.006,0.02565,0.787562,0.0464,0.001491,0.68635,0.76,0.792,0.82,0.86165,0.004508,0.00859,0.000276,0.0,0.0,0.002,0.006,0.02565,0.79207,0.04276,0.001374,0.698,0.764,0.796,0.822,0.864,0.232628,0.14228,0.004499,0.136,0.178,0.206,0.238,0.976,0.004364,0.00849,0.000269,0.0,0.0,0.002,0.006,0.02405,0.763008,0.14263,0.00451,0.024,0.756,0.79,0.8185,0.86005,0.004364,0.00849,0.000269,0.0,0.0,0.002,0.006,0.02405,0.767372,0.14228,0.004499,0.024,0.762,0.794,0.822,0.864
52.25,0.207785,0.04261,0.00137,0.136,0.176,0.204,0.2345,0.302,0.004343,0.00844,0.000271,0.0,0.0,0.002,0.006,0.022,0.787872,0.0461,0.001482,0.68635,0.76,0.792,0.82,0.862,0.004343,0.00844,0.000271,0.0,0.0,0.002,0.006,0.022,0.792215,0.04261,0.00137,0.698,0.7655,0.796,0.824,0.864,0.232488,0.14226,0.004499,0.136,0.178,0.206,0.238,0.976,0.004204,0.00834,0.000264,0.0,0.0,0.002,0.006,0.022,0.763308,0.14259,0.004509,0.024,0.756,0.792,0.8185,0.862,0.004204,0.00834,0.000264,0.0,0.0,0.002,0.006,0.022,0.767512,0.14226,0.004499,0.024,0.762,0.794,0.822,0.864
52.5,0.207669,0.0425,0.001366,0.136,0.176,0.204,0.234,0.302,0.00418,0.00824,0.000265,0.0,0.0,0.002,0.006,0.022,0.788151,0.0459,0.001475,0.6887,0.76,0.792,0.82,0.862,0.00418,0.00824,0.000265,0.0,0.0,0.002,0.006,0.022,0.792331,0.0425,0.001366,0.698,0.766,0.796,0.824,0.864,0.232376,0.14225,0.004498,0.136,0.178,0.206,0.238,0.976,0.004046,0.00814,0.000257,0.0,0.0,0.002,0.004,0.022,0.763578,0.14257,0.004509,0.024,0.756,0.792,0.82,0.862,0.004046,0.00814,0.000257,0.0,0.0,0.002,0.004,0.022,0.767624,0.14225,0.004498,0.024,0.762,0.794,0.822,0.864
52.75,0.207537,0.04231,0.00136,0.136,0.176,0.204,0.234,0.30165,0.004041,0.00832,0.000267,0.0,0.0,0.002,0.004,0.022,0.788421,0.04569,0.001469,0.6894,0.76,0.793,0.82,0.862,0.004041,0.00832,0.000267,0.0,0.0,0.002,0.004,0.022,0.792463,0.04231,0.00136,0.69835,0.766,0.796,0.824,0.864,0.232248,0.14222,0.004497,0.136,0.178,0.206,0.2365,0.976,0.003912,0.00821,0.00026,0.0,0.0,0.002,0.004,0.022,0.76384,0.14255,0.004508,0.024,0.758,0.792,0.82,0.862,0.003912,0.00821,0.00026,0.0,0.0,0.002,0.004,0.022,0.767752,0.14222,0.004497,0.024,0.7635,0.794,0.822,0.864
53.0,0.207409,0.04213,0.001354,0.136,0.176,0.204,0.234,0.30165,0.003882,0.00815,0.000262,0.0,0.0,0.002,0.004,0.02,0.788709,0.04537,0.001458,0.6914,0.76,0.794,0.82,0.86365,0.003882,0.00815,0.000262,0.0,0.0,0.002,0.004,0.02,0.792591,0.04213,0.001354,0.69835,0.766,0.796,0.824,0.864,0.232124,0.14219,0.004496,0.136,0.178,0.206,0.236,0.976,0.003758,0.00805,0.000254,0.0,0.0,0.002,0.004,0.02,0.764118,0.1425,0.004506,0.024,0.758,0.792,0.82,0.86205,0.003758,0.00805,0.000254,0.0,0.0,0.002,0.004,0.02,0.767876,0.14219,0.004496,0.024,0.764,0.794,0.822,0.864
53.25,0.207283,0.04208,0.001352,0.136,0.176,0.204,0.234,0.30165,0.003806,0.00796,0.000256,0.0,0.0,0.002,0.004,0.02,0.788911,0.04522,0.001454,0.6914,0.762,0.794,0.82,0.86365,0.003806,0.00796,0.000256,0.0,0.0,0.002,0.004,0.02,0.792717,0.04208,0.001352,0.69835,0.766,0.796,0.824,0.864,0.232002,0.14219,0.004497,0.136,0.178,0.206,0.236,0.976,0.003684,0.00786,0.000249,0.0,0.0,0.002,0.004,0.02,0.764314,0.14249,0.004506,0.024,0.758,0.792,0.82,0.86205,0.003684,0.00786,0.000249,0.0,0.0,0.002,0.004,0.02,0.767998,0.14219,0.004497,0.024,0.764,0.794,0.822,0.864
53.5,0.207213,0.04201,0.00135,0.136,0.176,0.204,0.234,0.30165,0.00368,0.00793,0.000255,0.0,0.0,0.002,0.004,0.02,0.789107,0.0451,0.00145,0.69305,0.762,0.794,0.82,0.86365,0.00368,0.00793,0.000255,0.0,0.0,0.002,0.004,0.02,0.792787,0.04201,0.00135,0.69835,0.766,0.796,0.824,0.864,0.231934,0.14219,0.004496,0.136,0.178,0.204,0.236,0.976,0.003562,0.00783,0.000248,0.0,0.0,0.002,0.004,0.02,0.764504,0.14248,0.004506,0.024,0.758,0.792,0.82,0.86205,0.003562,0.00783,0.000248,0.0,0.0,0.002,0.004,0.02,0.768066,0.14219,0.004496,0.024,0.764,0.796,0.822,0.864
53.75,0.20711,0.04195,0.001348,0.136,0.176,0.204,0.234,0.30165,0.003572,0.00767,0.000246,0.0,0.0,0.002,0.004,0.02,0.789318,0.04487,0.001442,0.69305,0.762,0.794,0.8205,0.86365,0.003572,0.00767,0.000246,0.0,0.0,0.002,0.004,0.02,0.79289,0.04195,0.001348,0.69835,0.766,0.796,0.824,0.864,0.231834,0.14219,0.004496,0.136,0.178,0.204,0.236,0.976,0.003458,0.00757,0.000239,0.0,0.0,0.002,0.004,0.02,0.764708,0.14245,0.004505,0.024,0.758,0.792,0.82,0.86205,0.003458,0.00757,0.000239,0.0,0.0,0.002,0.004,0.02,0.768166,0.14219,0.004496,0.024,0.764,0.796,0.822,0.864
54.0,0.207006,0.04185,0.001345,0.136,0.176,0.203,0.234,0.30165,0.003432,0.00758,0.000244,0.0,0.0,0.002,0.004,0.018,0.789562,0.04466,0.001436,0.69305,0.762,0.794,0.822,0.86365,0.003432,0.00758,0.000244,0.0,0.0,0.002,0.004,0.018,0.792994,0.04185,0.001345,0.69835,0.766,0.797,0.824,0.864,0.231734,0.14218,0.004496,0.136,0.178,0.204,0.236,0.976,0.003322,0.00748,0.000237,0.0,0.0,0.0,0.004,0.018,0.764944,0.14243,0.004504,0.024,0.76,0.792,0.82,0.86205,0.003322,0.00748,0.000237,0.0,0.0,0.0,0.004,0.018,0.768266,0.14218,0.004496,0.024,0.764,0.796,0.822,0.864
54.25,0.206903,0.04174,0.001341,0.136,0.176,0.203,0.234,0.3,0.003331,0.00754,0.000242,0.0,0.0,0.002,0.004,0.018,0.789767,0.04449,0.00143,0.69305,0.762,0.794,0.822,0.86365,0.003331,0.00754,0.000242,0.0,0.0,0.002,0.004,0.018,0.793097,0.04174,0.001341,0.7,0.766,0.797,0.824,0.864,0.231634,0.14216,0.004496,0.136,0.178,0.204,0.236,0.976,0.003224,0.00744,0.000235,0.0,0.0,0.0,0.004,0.018,0.765142,0.14241,0.004503,0.024,0.76,0.792,0.82,0.86205,0.003224,0.00744,0.000235,0.0,0.0,0.0,0.004,0.018,0.768366,0.14216,0.004496,0.024,0.764,0.796,0.822,0.864
54.5,0.206787,0.04165,0.001339,0.136,0.176,0.202,0.234,0.3,0.003233,0.00758,0.000244,0.0,0.0,0.0,0.004,0.018,0.789979,0.04434,0.001425,0.69305,0.762,0.794,0.822,0.86365,0.003233,0.00758,0.000244,0.0,0.0,0.0,0.004,0.018,0.793213,0.04165,0.001339,0.7,0.766,0.798,0.824,0.864,0.231522,0.14216,0.004495,0.136,0.178,0.204,0.236,0.976,0.00313,0.00748,0.000237,0.0,0.0,0.0,0.004,0.018,0.765348,0.1424,0.004503,0.024,0.76,0.792,0.82,0.86205,0.00313,0.00748,0.000237,0.0,0.0,0.0,0.004,0.018,0.768478,0.14216,0.004495,0.024,0.764,0.796,0.822,0.864
54.75,0.206698,0.04159,0.001337,0.136,0.176,0.202,0.234,0.3,0.003138,0.00749,0.000241,0.0,0.0,0.0,0.004,0.018,0.790163,0.0442,0.00142,0.69305,0.762,0.794,0.822,0.86365,0.003138,0.00749,0.000241,0.0,0.0,0.0,0.004,0.018,0.793302,0.04159,0.001337,0.7,0.766,0.798,0.824,0.864,0.231436,0.14215,0.004495,0.136,0.178,0.204,0.236,0.976,0.003038,0.00739,0.000234,0.0,0.0,0.0,0.004,0.018,0.765526,0.14239,0.004503,0.024,0.76,0.792,0.8205,0.86205,0.003038,0.00739,0.000234,0.0,0.0,0.0,0.004,0.018,0.768564,0.14215,0.004495,0.024,0.764,0.796,0.822,0.864
55.0,0.206593,0.04146,0.001333,0.136,0.176,0.202,0.232,0.3,0.003023,0.00741,0.000238,0.0,0.0,0.0,0.004,0.016,0.790384,0.044,0.001414,0.6947,0.762,0.794,0.822,0.864,0.003023,0.00741,0.000238,0.0,0.0,0.0,0.004,0.016,0.793407,0.04146,0.001333,0.7,0.768,0.798,0.824,0.864,0.231334,0.14214,0.004495,0.136,0.178,0.204,0.236,0.976,0.002926,0.00731,0.000231,0.0,0.0,0.0,0.004,0.016,0.76574,0.14236,0.004502,0.024,0.76,0.793,0.8205,0.864,0.002926,0.00731,0.000231,0.0,0.0,0.0,0.004,0.016,0.768666,0.14214,0.004495,0.024,0.764,0.796,0.822,0.864
55.25,0.206517,0.04139,0.00133,0.136,0.176,0.202,0.232,0.29965,0.002924,0.00737,0.000237,0.0,0.0,0.0,0.004,0.016,0.79056,0.04383,0.001409,0.6947,0.764,0.794,0.822,0.864,0.002924,0.00737,0.000237,0.0,0.0,0.0,0.004,0.016,0.793483,0.04139,0.00133,0.70035,0.768,0.798,0.824,0.864,0.23126,0.14213,0.004494,0.136,0.178,0.204,0.236,0.976,0.00283,0.00727,0.00023,0.0,0.0,0.0,0.004,0.016,0.76591,0.14234,0.004501,0.024,0.76,0.794,0.822,0.864,0.00283,0.00727,0.00023,0.0,0.0,0.0,0.004,0.016,0.76874,0.14213,0.004494,0.024,0.764,0.796,0.822,0.864
55.5,0.20643,0.04131,0.001328,0.136,0.176,0.202,0.232,0.29965,0.002816,0.00738,0.000237,0.0,0.0,0.0,0.004,0.016,0.790754,0.04371,0.001405,0.6947,0.764,0.796,0.822,0.864,0.002816,0.00738,0.000237,0.0,0.0,0.0,0.004,0.016,0.79357,0.04131,0.001328,0.70035,0.768,0.798,0.824,0.864,0.231176,0.14212,0.004494,0.136,0.178,0.204,0.236,0.976,0.002726,0.00728,0.00023,0.0,0.0,0.0,0.004,0.016,0.766098,0.14234,0.004501,0.024,0.76,0.794,0.822,0.864,0.002726,0.00728,0.00023,0.0,0.0,0.0,0.004,0.016,0.768824,0.14212,0.004494,0.024,0.764,0.796,0.822,0.864
55.75,0.206353,0.04123,0.001325,0.136,0.176,0.202,0.232,0.29965,0.002738,0.00729,0.000234,0.0,0.0,0.0,0.004,0.016,0.790909,0.04356,0.0014,0.6947,0.764,0.796,0.822,0.864,0.002738,0.00729,0.000234,0.0,0.0,0.0,0.004,0.016,0.793647,0.04123,0.001325,0.70035,0.768,0.798,0.824,0.864,0.231102,0.14211,0.004494,0.136,0.178,0.204,0.236,0.976,0.00265,0.00719,0.000227,0.0,0.0,0.0,0.004,0.016,0.766248,0.14232,0.004501,0.024,0.76,0.794,0.822,0.864,0.00265,0.00719,0.000227,0.0,0.0,0.0,0.004,0.016,0.768898,0.14211,0.004494,0.024,0.764,0.796,0.822,0.864
56.0,0.206262,0.04114,0.001322,0.136,0.176,0.202,0.232,0.298,0.002647,0.00704,0.000226,0.0,0.0,0.0,0.004,0.01565,0.791091,0.0434,0.001395,0.69635,0.764,0.796,0.822,0.864,0.002647,0.00704,0.000226,0.0,0.0,0.0,0.004,0.01565,0.793738,0.04114,0.001322,0.702,0.768,0.798,0.824,0.864,0.231014,0.1421,0.004494,0.136,0.178,0.204,0.236,0.976,0.002562,0.00695,0.00022,0.0,0.0,0.0,0.002,0.01405,0.766424,0.14231,0.0045,0.024,0.76,0.794,0.822,0.864,0.002562,0.00695,0.00022,0.0,0.0,0.0,0.002,0.01405,0.768986,0.1421,0.004494,0.024,0.764,0.796,0.822,0.864
56.25,0.206171,0.04105,0.001319,0.136,0.176,0.202,0.232,0.29765,0.002579,0.00719,0.000231,0.0,0.0,0.0,0.002,0.01565,0.79125,0.04328,0.001391,0.69635,0.764,0.796,0.822,0.864,0.002579,0.00719,0.000231,0.0,0.0,0.0,0.002,0.01565,0.793829,0.04105,0.001319,0.70235,0.768,0.798,0.824,0.864,0.230926,0.14209,0.004493,0.136,0.178,0.204,0.236,0.976,0.002496,0.00709,0.000224,0.0,0.0,0.0,0.002,0.01405,0.766578,0.1423,0.0045,0.024,0.7615,0.794,0.822,0.864,0.002496,0.00709,0.000224,0.0,0.0,0.0,0.002,0.01405,0.769074,0.14209,0.004493,0.024,0.764,0.796,0.822,0.864
56.5,0.206095,0.04098,0.001317,0.136,0.176,0.202,0.232,0.29765,0.002498,0.00711,0.000228,0.0,0.0,0.0,0.002,0.01565,0.791407,0.04313,0.001386,0.69635,0.764,0.796,0.822,0.864,0.002498,0.00711,0.000228,0.0,0.0,0.0,0.002,0.01565,0.793905,0.04098,0.001317,0.70235,0.768,0.798,0.824,0.864,0.230852,0.14208,0.004493,0.136,0.178,0.204,0.236,0.976,0.002418,0.00701,0.000222,0.0,0.0,0.0,0.002,0.01405,0.76673,0.14228,0.004499,0.024,0.762,0.794,0.822,0.864,0.002418,0.00701,0.000222,0.0,0.0,0.0,0.002,0.01405,0.769148,0.14208,0.004493,0.024,0.764,0.796,0.822,0.864
56.75,0.206029,0.04089,0.001314,0.136,0.176,0.202,0.232,0.296,0.002395,0.00693,0.000223,0.0,0.0,0.0,0.002,0.01565,0.791576,0.04294,0.00138,0.698,0.764,0.796,0.822,0.864,0.002395,0.00693,0.000223,0.0,0.0,0.0,0.002,0.01565,0.793971,0.04089,0.001314,0.704,0.768,0.798,0.824,0.864,0.230788,0.14207,0.004493,0.136,0.1775,0.204,0.236,0.976,0.002318,0.00683,0.000216,0.0,0.0,0.0,0.002,0.01405,0.766894,0.14225,0.004498,0.024,0.762,0.794,0.822,0.864,0.002318,0.00683,0.000216,0.0,0.0,0.0,0.002,0.01405,0.769212,0.14207,0.004493,0.024,0.764,0.796,0.8225,0.864
57.0,0.205969,0.04085,0.001313,0.136,0.176,0.202,0.232,0.29565,0.002304,0.00687,0.000221,0.0,0.0,0.0,0.002,0.014,0.791727,0.04285,0.001377,0.698,0.764,0.796,0.822,0.864,0.002304,0.00687,0.000221,0.0,0.0,0.0,0.002,0.014,0.794031,0.04085,0.001313,0.70435,0.768,0.798,0.824,0.864,0.23073,0.14207,0.004493,0.136,0.1775,0.204,0.236,0.976,0.00223,0.00677,0.000214,0.0,0.0,0.0,0.002,0.014,0.76704,0.14225,0.004498,0.024,0.762,0.794,0.822,0.864,0.00223,0.00677,0.000214,0.0,0.0,0.0,0.002,0.014,0.76927,0.14207,0.004493,0.024,0.764,0.796,0.8225,0.864
57.25,0.205895,0.04077,0.00131,0.136,0.176,0.202,0.232,0.29565,0.00224,0.00693,0.000223,0.0,0.0,0.0,0.002,0.01365,0.791866,0.04274,0.001374,0.698,0.764,0.796,0.822,0.864,0.00224,0.00693,0.000223,0.0,0.0,0.0,0.002,0.01365,0.794105,0.04077,0.00131,0.70435,0.768,0.798,0.824,0.864,0.230658,0.14206,0.004492,0.136,0.1775,0.204,0.236,0.976,0.002168,0.00683,0.000216,0.0,0.0,0.0,0.002,0.01205,0.767174,0.14224,0.004498,0.024,0.762,0.794,0.822,0.864,0.002168,0.00683,0.000216,0.0,0.0,0.0,0.002,0.01205,0.769342,0.14206,0.004492,0.024,0.764,0.796,0.8225,0.864
57.5,0.205845,0.04074,0.00131,0.136,0.176,0.202,0.232,0.29565,0.002161,0.00667,0.000214,0.0,0.0,0.0,0.002,0.014,0.791994,0.04258,0.001368,0.698,0.764,0.796,0.8225,0.864,0.002161,0.00667,0.000214,0.0,0.0,0.0,0.002,0.014,0.794155,0.04074,0.00131,0.70435,0.768,0.798,0.824,0.864,0.23061,0.14206,0.004492,0.136,0.1775,0.204,0.236,0.976,0.002092,0.00657,0.000208,0.0,0.0,0.0,0.002,0.014,0.767298,0.14222,0.004497,0.024,0.762,0.794,0.822,0.864,0.002092,0.00657,0.000208,0.0,0.0,0.0,0.002,0.014,0.76939,0.14206,0.004492,0.024,0.764,0.796,0.8225,0.864
57.75,0.205793,0.04071,0.001309,0.136,0.176,0.202,0.232,0.29565,0.002066,0.00629,0.000202,0.0,0.0,0.0,0.002,0.01365,0.79214,0.04242,0.001364,0.698,0.764,0.796,0.8225,0.864,0.002066,0.00629,0.000202,0.0,0.0,0.0,0.002,0.01365,0.794207,0.04071,0.001309,0.70435,0.768,0.798,0.824,0.864,0.23056,0.14206,0.004492,0.136,0.1775,0.204,0.236,0.976,0.002,0.0062,0.000196,0.0,0.0,0.0,0.002,0.01205,0.76744,0.1422,0.004497,0.024,0.762,0.794,0.822,0.864,0.002,0.0062,0.000196,0.0,0.0,0.0,0.002,0.01205,0.76944,0.14206,0.004492,0.024,0.764,0.796,0.8225,0.864
58.0,0.205736,0.04067,0.001307,0.136,0.176,0.202,0.232,0.29565,0.002006,0.00626,0.000201,0.0,0.0,0.0,0.002,0.014,0.792258,0.04234,0.001361,0.698,0.766,0.796,0.824,0.864,0.002006,0.00626,0.000201,0.0,0.0,0.0,0.002,0.014,0.794264,0.04067,0.001307,0.70435,0.768,0.798,0.824,0.864,0.230504,0.14206,0.004492,0.136,0.1775,0.204,0.236,0.976,0.001942,0.00616,0.000195,0.0,0.0,0.0,0.002,0.014,0.767554,0.14219,0.004496,0.024,0.762,0.794,0.822,0.864,0.001942,0.00616,0.000195,0.0,0.0,0.0,0.002,0.014,0.769496,0.14206,0.004492,0.024,0.764,0.796,0.8225,0.864
58.25,0.205692,0.04062,0.001305,0.136,0.176,0.202,0.232,0.29565,0.001934,0.0063,0.000202,0.0,0.0,0.0,0.002,0.014,0.792374,0.04226,0.001358,0.69835,0.766,0.796,0.824,0.864,0.001934,0.0063,0.000202,0.0,0.0,0.0,0.002,0.014,0.794308,0.04062,0.001305,0.70435,0.768,0.798,0.824,0.864,0.230462,0.14205,0.004492,0.136,0.1775,0.204,0.236,0.976,0.001872,0.00621,0.000196,0.0,0.0,0.0,0.002,0.014,0.767666,0.14219,0.004496,0.024,0.762,0.794,0.822,0.864,0.001872,0.00621,0.000196,0.0,0.0,0.0,0.002,0.014,0.769538,0.14205,0.004492,0.024,0.764,0.796,0.8225,0.864
58.5,0.205632,0.04056,0.001304,0.136,0.176,0.202,0.232,0.294,0.001888,0.00637,0.000205,0.0,0.0,0.0,0.002,0.014,0.792479,0.04215,0.001355,0.69835,0.766,0.796,0.824,0.864,0.001888,0.00637,0.000205,0.0,0.0,0.0,0.002,0.014,0.794368,0.04056,0.001304,0.706,0.768,0.798,0.824,0.864,0.230404,0.14205,0.004492,0.136,0.176,0.204,0.236,0.976,0.001828,0.00628,0.000198,0.0,0.0,0.0,0.002,0.014,0.767768,0.14218,0.004496,0.024,0.7635,0.794,0.822,0.864,0.001828,0.00628,0.000198,0.0,0.0,0.0,0.002,0.014,0.769596,0.14205,0.004492,0.024,0.764,0.796,0.824,0.864
58.75,0.205597,0.04053,0.001303,0.136,0.176,0.202,0.232,0.29365,0.00181,0.0062,0.000199,0.0,0.0,0.0,0.002,0.01365,0.792593,0.04206,0.001352,0.69835,0.766,0.796,0.824,0.864,0.00181,0.0062,0.000199,0.0,0.0,0.0,0.002,0.01365,0.794403,0.04053,0.001303,0.70635,0.768,0.798,0.824,0.864,0.23037,0.14204,0.004492,0.136,0.176,0.204,0.236,0.976,0.001752,0.00611,0.000193,0.0,0.0,0.0,0.002,0.01205,0.767878,0.14217,0.004496,0.024,0.7635,0.794,0.822,0.864,0.001752,0.00611,0.000193,0.0,0.0,0.0,0.002,0.01205,0.76963,0.14204,0.004492,0.024,0.764,0.796,0.824,0.864
59.0,0.205545,0.04049,0.001302,0.136,0.176,0.202,0.232,0.29365,0.001744,0.0059,0.00019,0.0,0.0,0.0,0.002,0.012,0.792711,0.04196,0.001349,0.69835,0.766,0.796,0.824,0.864,0.001744,0.0059,0.00019,0.0,0.0,0.0,0.002,0.012,0.794455,0.04049,0.001302,0.70635,0.768,0.798,0.824,0.864,0.23032,0.14204,0.004492,0.136,0.176,0.204,0.236,0.976,0.001688,0.00581,0.000184,0.0,0.0,0.0,0.002,0.012,0.767992,0.14216,0.004495,0.024,0.7635,0.796,0.822,0.864,0.001688,0.00581,0.000184,0.0,0.0,0.0,0.002,0.012,0.76968,0.14204,0.004492,0.024,0.764,0.796,0.824,0.864
59.25,0.205496,0.04045,0.0013,0.136,0.176,0.202,0.232,0.29365,0.001661,0.00537,0.000173,0.0,0.0,0.0,0.002,0.012,0.792843,0.04175,0.001342,0.7,0.766,0.796,0.824,0.864,0.001661,0.00537,0.000173,0.0,0.0,0.0,0.002,0.012,0.794504,0.04045,0.0013,0.70635,0.768,0.798,0.824,0.864,0.230272,0.14204,0.004492,0.136,0.176,0.204,0.236,0.976,0.001608,0.00529,0.000167,0.0,0.0,0.0,0.002,0.012,0.76812,0.14212,0.004494,0.024,0.764,0.796,0.822,0.864,0.001608,0.00529,0.000167,0.0,0.0,0.0,0.002,0.012,0.769728,0.14204,0.004492,0.024,0.764,0.796,0.824,0.864
59.5,0.205419,0.04037,0.001298,0.136,0.176,0.202,0.232,0.29365,0.001626,0.00568,0.000182,0.0,0.0,0.0,0.002,0.012,0.792955,0.04166,0.001339,0.7,0.766,0.796,0.824,0.864,0.001626,0.00568,0.000182,0.0,0.0,0.0,0.002,0.012,0.794581,0.04037,0.001298,0.70635,0.768,0.798,0.824,0.864,0.230198,0.14203,0.004491,0.136,0.176,0.204,0.236,0.976,0.001574,0.00559,0.000177,0.0,0.0,0.0,0.002,0.012,0.768228,0.14212,0.004494,0.024,0.764,0.796,0.822,0.864,0.001574,0.00559,0.000177,0.0,0.0,0.0,0.002,0.012,0.769802,0.14203,0.004491,0.024,0.764,0.796,0.824,0.864
59.75,0.205372,0.04033,0.001296,0.136,0.176,0.202,0.232,0.29365,0.001591,0.00531,0.000171,0.0,0.0,0.0,0.002,0.012,0.793037,0.04152,0.001335,0.7,0.766,0.796,0.824,0.864,0.001591,0.00531,0.000171,0.0,0.0,0.0,0.002,0.012,0.794628,0.04033,0.001296,0.70635,0.768,0.798,0.824,0.864,0.230152,0.14202,0.004491,0.136,0.176,0.204,0.236,0.976,0.00154,0.00524,0.000166,0.0,0.0,0.0,0.002,0.012,0.768308,0.14209,0.004493,0.024,0.764,0.796,0.822,0.864,0.00154,0.00524,0.000166,0.0,0.0,0.0,0.002,0.012,0.769848,0.14202,0.004491,0.024,0.764,0.796,0.824,0.864
60.0,0.205329,0.0403,0.001295,0.136,0.176,0.202,0.232,0.292,0.001512,0.00512,0.000165,0.0,0.0,0.0,0.002,0.012,0.793159,0.0414,0.001331,0.70235,0.766,0.796,0.824,0.864,0.001512,0.00512,0.000165,0.0,0.0,0.0,0.002,0.012,0.794671,0.0403,0.001295,0.708,0.768,0.798,0.824,0.864,0.23011,0.14202,0.004491,0.136,0.176,0.204,0.236,0.976,0.001464,0.00505,0.00016,0.0,0.0,0.0,0.002,0.012,0.768426,0.14208,0.004493,0.024,0.764,0.796,0.822,0.864,0.001464,0.00505,0.00016,0.0,0.0,0.0,0.002,0.012,0.76989,0.14202,0.004491,0.024,0.764,0.796,0.824,0.864
