run,final_size,peak_t,peak_value,major,realised.clustering,realised.erased_fraction,realised.excess_degree,realised.mean_degree
1,0.785,14.612659,0.223,1,0.0030654,0.0,4.823,4.87
2,0.795,9.379318,0.237,1,0.00410397,0.0,4.98476,4.986
3,0.768,11.419193,0.236,1,0.00373072,0.0,4.92126,4.902
4,0.761,11.40906,0.217,1,0.00397134,0.0,5.04003,5.096
5,0.822,17.038544,0.221,1,0.00416089,0.0,4.90869,4.994
6,0.793,9.810839,0.244,1,0.00548767,0.0,5.29318,5.164
7,0.74,11.087163,0.211,1,0.00357569,0.0,4.83176,4.862
8,0.745,12.292066,0.206,1,0.00536089,0.0,5.09541,5.052
9,0.818,14.930043,0.235,1,0.0042708,0.0,5.00951,5.048
10,0.782,10.191669,0.25,1,0.00559441,0.0,5.09501,5.052
11,0.804,12.697548,0.242,1,0.00501353,0.0,5.00637,5.02
12,0.754,43.627676,0.192,1,0.00389389,0.0,4.98665,4.944
13,0.809,11.602038,0.226,1,0.00558269,0.0,5.08757,5.07
14,0.801,7.962066,0.267,1,0.00645401,0.0,5.20262,5.182
15,0.8,7.470423,0.287,1,0.00443891,0.0,5.06548,5.07
16,0.804,11.742431,0.241,1,0.00541007,0.0,5.00746,5.094
17,0.766,12.064359,0.218,1,0.00631221,0.0,4.99273,4.95
18,0.806,8.869249,0.269,1,0.00500278,0.0,5.01314,5.024
19,0.838,10.663592,0.202,1,0.00407228,0.0,4.83668,4.874
20,0.763,14.777339,0.195,1,0.00302208,0.0,5.08071,5.08
21,0.779,10.793984,0.241,1,0.0078728,0.0,5.13719,5.044
22,0.762,12.538608,0.224,1,0.00330865,0.0,4.99961,5.078
23,0.788,12.195681,0.228,1,0.00458679,0.0,4.96088,5.01
24,0.83,10.831237,0.281,1,0.00469561,0.0,4.90069,4.954
25,0.799,9.8667,0.264,1,0.00555511,0.0,5.01453,4.954
26,0.785,11.895197,0.234,1,0.00416021,0.0,4.95513,4.948
27,0.776,11.919964,0.257,1,0.00403162,0.0,5.02183,5.038
28,0.721,11.854799,0.183,1,0.00539476,0.0,4.84564,4.82
29,0.835,10.484316,0.268,1,0.0041076,0.0,4.96839,4.998
30,0.766,10.080505,0.217,1,0.00337187,0.0,5.02056,4.962
31,0.812,11.841209,0.246,1,0.00479963,0.0,5.14342,5.104
32,0.808,9.318522,0.252,1,0.00693214,0.0,5.06753,5.124
33,0.825,12.018657,0.249,1,0.00838725,0.0,5.01562,4.992
34,0.779,12.848286,0.226,1,0.00484951,0.0,5.10452,5.09
35,0.834,10.478219,0.278,1,0.00479015,0.0,5.13349,5.124
36,0.791,9.211284,0.252,1,0.0045706,0.0,5.00241,4.986
37,0.775,11.65386,0.255,1,0.00383203,0.0,5.0104,5.0
38,0.831,10.204093,0.282,1,0.00442787,0.0,5.09822,5.05
39,0.75,10.741563,0.217,1,0.0057161,0.0,5.03035,5.008
40,0.794,8.906513,0.251,1,0.00328356,0.0,5.04775,5.068
41,0.838,12.207973,0.278,1,0.00662544,0.0,5.23468,5.19
42,0.795,10.834212,0.261,1,0.00686866,0.0,5.12036,5.118
43,0.832,9.869399,0.269,1,0.00641809,0.0,5.10652,5.126
44,0.792,9.625084,0.208,1,0.00441935,0.0,4.89151,4.996
45,0.795,9.601784,0.256,1,0.00403673,0.0,5.00952,5.044
46,0.827,9.704164,0.254,1,0.00385837,0.0,5.16732,5.116
47,0.867,9.780755,0.278,1,0.00443099,0.0,5.22617,5.182
48,0.81,13.509233,0.239,1,0.00470847,0.0,5.07083,5.026
49,0.755,11.325471,0.201,1,0.00674507,0.0,4.80632,4.812
50,0.798,15.180243,0.22,1,0.00609954,0.0,4.94411,4.974
51,0.802,12.396948,0.257,1,0.00361364,0.0,5.15845,5.15
52,0.804,13.732372,0.257,1,0.00359138,0.0,4.99402,5.018
53,0.796,10.537532,0.268,1,0.00529189,0.0,4.83157,4.928
54,0.751,13.311325,0.192,1,0.00475872,0.0,4.87505,4.914
55,0.808,11.075509,0.261,1,0.00346249,0.0,4.95709,4.894
56,0.783,14.490709,0.234,1,0.00445508,0.0,4.89342,4.954
57,0.786,13.040694,0.244,1,0.00502681,0.0,4.86786,4.904
58,0.771,11.508925,0.205,1,0.00352467,0.0,4.86566,4.898
59,0.813,14.705606,0.238,1,0.00434363,0.0,4.97678,4.996
60,0.801,11.329204,0.245,1,0.00266387,0.0,4.96712,4.988
61,0.76,7.903232,0.247,1,0.00538936,0.0,5.0705,5.05
62,0.837,11.891672,0.253,1,0.00646498,0.0,4.91646,4.908
63,0.807,12.659005,0.264,1,0.00596026,0.0,4.93464,4.896
64,0.763,9.280216,0.263,1,0.00688019,0.0,5.03384,5.024
65,0.809,14.511014,0.254,1,0.00487277,0.0,5.08016,5.09
66,0.825,12.505496,0.265,1,0.00361824,0.0,4.95893,5.016
67,0.777,11.57644,0.248,1,0.00539938,0.0,4.7977,4.864
68,0.833,9.173289,0.276,1,0.00396498,0.0,4.87163,4.97
69,0.819,11.318933,0.267,1,0.005147,0.0,5.09861,5.03
70,0.784,10.206236,0.24,1,0.0031615,0.0,4.77242,4.772
71,0.832,10.036275,0.245,1,0.00582841,0.0,5.05024,5.096
72,0.786,10.567227,0.278,1,0.00477598,0.0,5.15878,5.114
73,0.808,11.016164,0.255,1,0.00565203,0.0,4.93253,4.95
74,0.734,12.764016,0.184,1,0.00811839,0.0,4.8364,4.89
75,0.805,12.661786,0.237,1,0.0057924,0.0,5.06771,5.11
76,0.824,9.783804,0.266,1,0.00554102,0.0,5.07975,5.116
77,0.829,10.279929,0.275,1,0.00484262,0.0,4.99194,4.964
78,0.826,10.910522,0.246,1,0.00268857,0.0,5.16191,5.188
79,0.759,13.190603,0.203,1,0.00569636,0.0,4.88034,4.964
80,0.827,9.185679,0.326,1,0.00461042,0.0,5.14184,5.062
81,0.803,11.362937,0.222,1,0.00367437,0.0,4.92045,4.978
82,0.819,11.46867,0.22,1,0.00496297,0.0,5.03131,5.046
83,0.814,10.407351,0.245,1,0.00516351,0.0,4.91778,4.962
84,0.784,9.883821,0.213,1,0.00565526,0.0,5.1563,5.144
85,0.757,14.072573,0.224,1,0.00543613,0.0,4.92735,4.928
86,0.822,12.808725,0.25,1,0.00658162,0.0,4.99472,4.928
87,0.787,11.99742,0.25,1,0.00404074,0.0,4.86047,4.888
88,0.803,10.529749,0.25,1,0.00393056,0.0,4.93614,4.948
89,0.747,8.760614,0.231,1,0.00674624,0.0,4.82152,4.796
90,0.823,10.929434,0.239,1,0.00565771,0.0,5.0681,5.022
91,0.782,10.184148,0.231,1,0.00469153,0.0,5.05294,5.062
92,0.843,11.948689,0.261,1,0.0044974,0.0,5.02338,5.046
93,0.78,12.383893,0.177,1,0.00737221,0.0,4.93452,4.948
94,0.807,10.360906,0.276,1,0.00689911,0.0,5.18661,5.198
95,0.812,12.133731,0.248,1,0.00438333,0.0,4.80587,4.842
96,0.766,10.650738,0.239,1,0.00526798,0.0,5.15872,5.078
97,0.775,9.393646,0.239,1,0.00291468,0.0,4.76114,4.756
98,0.804,12.982389,0.26,1,0.00355928,0.0,5.0653,4.992
99,0.812,9.322162,0.249,1,0.00519187,0.0,5.19141,5.12
100,0.805,11.619976,0.238,1,0.00456662,0.0,4.7222,4.73
101,0.778,14.084994,0.217,1,0.00542309,0.0,4.77476,4.866
102,0.799,12.530782,0.229,1,0.00644221,0.0,5.13953,5.074
103,0.781,10.945057,0.234,1,0.00380325,0.0,4.86713,4.862
104,0.795,10.959757,0.242,1,0.0043363,0.0,5.00724,4.974
105,0.828,12.154566,0.253,1,0.00616861,0.0,5.09348,5.156
106,0.795,8.147376,0.258,1,0.00537897,0.0,4.93763,4.97
107,0.772,12.381881,0.245,1,0.00505941,0.0,5.13381,5.082
108,0.834,11.714635,0.28,1,0.00476638,0.0,5.27907,5.246
109,0.771,12.0782,0.225,1,0.00393804,0.0,4.76125,4.8
110,0.794,9.964466,0.269,1,0.00576969,0.0,4.9956,4.996
111,0.81,11.979099,0.251,1,0.00421217,0.0,5.03337,5.094
112,0.781,15.083096,0.212,1,0.00424222,0.0,4.90294,4.904
113,0.827,13.885459,0.248,1,0.00321199,0.0,4.88219,4.974
114,0.769,11.195423,0.26,1,0.00448466,0.0,5.06778,5.016
115,0.795,10.223886,0.249,1,0.00447613,0.0,4.90008,4.924
116,0.792,9.868123,0.276,1,0.00668758,0.0,4.91558,4.928
117,0.82,11.969482,0.244,1,0.00551592,0.0,5.21757,5.212
118,0.757,9.660719,0.217,1,0.00730094,0.0,5.17881,5.078
119,0.812,11.142262,0.213,1,0.00620399,0.0,4.84918,4.986
120,0.732,10.220408,0.215,1,0.00554622,0.0,4.88907,4.868
121,0.824,14.397727,0.264,1,0.00449978,0.0,5.13439,5.194
122,0.816,12.52058,0.25,1,0.00561981,0.0,4.94283,4.968
123,0.802,11.817085,0.223,1,0.00593777,0.0,5.01031,5.042
124,0.822,9.818119,0.249,1,0.0044396,0.0,5.0627,5.072
125,0.814,10.798088,0.248,1,0.00515802,0.0,4.95095,4.934
126,0.788,8.472293,0.245,1,0.00660845,0.0,5.0581,5.026
127,0.786,11.612166,0.243,1,0.00531915,0.0,4.97913,4.984
128,0.775,11.006747,0.249,1,0.00476407,0.0,5.15958,5.126
129,0.811,12.871336,0.236,1,0.00605336,0.0,5.16242,5.184
130,0.815,11.392611,0.281,1,0.00510757,0.0,5.07342,5.094
131,0.783,12.238094,0.236,1,0.00575948,0.0,5.08076,5.126
132,0.786,11.07158,0.24,1,0.00720412,0.0,4.86441,4.794
133,0.803,9.408122,0.289,1,0.0054393,0.0,5.14258,5.148
134,0.87,9.958575,0.283,1,0.00665443,0.0,5.06744,5.16
135,0.841,10.811594,0.263,1,0.00494345,0.0,5.1688,5.166
136,0.784,14.197219,0.185,1,0.00558565,0.0,4.85257,4.87
137,0.824,10.884555,0.272,1,0.00470958,0.0,4.92192,4.918
138,0.826,12.422418,0.293,1,0.00643382,0.0,5.09204,5.128
139,0.8,9.482822,0.269,1,0.00311688,0.0,4.82456,4.788
140,0.773,13.364629,0.225,1,0.0049007,0.0,4.84625,4.8
141,0.807,9.01779,0.261,1,0.00551338,0.0,5.02006,4.986
142,0.795,13.282186,0.231,1,0.00425106,0.0,4.90274,4.894
143,0.815,11.711045,0.237,1,0.00401606,0.0,4.86843,4.91
144,0.802,13.94379,0.257,1,0.00324405,0.0,4.92503,4.882
145,0.799,15.694031,0.209,1,0.0057857,0.0,5.04986,5.134
146,0.806,12.934402,0.238,1,0.00496607,0.0,4.8915,4.94
147,0.812,9.829778,0.25,1,0.0058257,0.0,5.09458,5.054
148,0.789,9.143394,0.261,1,0.00471028,0.0,5.21646,5.128
149,0.798,10.964425,0.237,1,0.00390816,0.0,4.96242,4.95
150,0.799,11.568059,0.213,1,0.00549669,0.0,5.04137,4.98
151,0.814,13.743171,0.276,1,0.00372609,0.0,4.92939,4.9
152,0.8,13.151028,0.242,1,0.00554039,0.0,5.00563,4.976
153,0.811,9.296613,0.238,1,0.00454775,0.0,4.8824,4.864
154,0.783,12.183162,0.273,1,0.00490616,0.0,5.06548,5.07
155,0.774,12.074382,0.238,1,0.00385604,0.0,4.9792,5.0
156,0.823,10.917111,0.261,1,0.00449314,0.0,5.01621,5.058
157,0.809,12.070981,0.248,1,0.00544689,0.0,4.8918,4.954
158,0.781,11.322312,0.241,1,0.006491,0.0,5.08088,5.094
159,0.828,12.867549,0.267,1,0.00800817,0.0,5.05036,5.044
160,0.798,9.761828,0.252,1,0.00486934,0.0,4.94859,4.98
161,0.835,10.87951,0.248,1,0.00541051,0.0,4.81157,4.84
162,0.79,14.631064,0.23,1,0.00562105,0.0,5.10319,5.02
163,0.809,12.218616,0.25,1,0.00523195,0.0,4.77237,4.806
164,0.786,9.959673,0.223,1,0.00481026,0.0,5.17873,5.058
165,0.837,8.674447,0.295,1,0.00471661,0.0,5.04401,5.044
166,0.786,13.650105,0.244,1,0.00342298,0.0,4.92969,4.978
167,0.796,13.478779,0.22,1,0.00534197,0.0,5.00405,4.938
168,0.808,13.309258,0.253,1,0.0047931,0.0,5.02933,4.978
169,0.812,11.66378,0.259,1,0.00602894,0.0,4.97401,5.002
170,0.79,12.274896,0.229,1,0.00577056,0.0,5.10688,5.09
171,0.805,9.795751,0.248,1,0.00296956,0.0,4.91207,4.936
172,0.799,9.691386,0.283,1,0.0045612,0.0,4.86601,4.866
173,0.804,9.806516,0.249,1,0.005739,0.0,4.89935,4.908
174,0.768,12.195606,0.224,1,0.00472888,0.0,5.05297,5.022
175,0.767,10.706478,0.244,1,0.00308495,0.0,5.04671,5.01
176,0.783,12.622969,0.252,1,0.0033157,0.0,5.03058,5.036
177,0.797,15.366843,0.191,1,0.00592345,0.0,5.14978,5.114
178,0.833,13.061921,0.268,1,0.00450263,0.0,4.86531,4.93
179,0.8,12.145458,0.275,1,0.00574438,0.0,5.00959,5.004
180,0.76,9.83301,0.235,1,0.0046622,0.0,4.95783,4.932
181,0.798,12.383518,0.221,1,0.00741941,0.0,4.83546,4.85
182,0.746,15.15592,0.21,1,0.00492185,0.0,4.77961,4.846
183,0.806,9.744012,0.25,1,0.00531219,0.0,5.07978,5.114
184,0.796,12.326131,0.23,1,0.00416025,0.0,5.12638,5.064
185,0.826,10.966053,0.303,1,0.00477907,0.0,4.83658,4.932
186,0.809,10.655192,0.252,1,0.00443787,0.0,5.06867,5.068
187,0.773,9.775651,0.251,1,0.00453497,0.0,5.00757,5.02
188,0.812,12.920747,0.246,1,0.00399634,0.0,4.92456,4.878
189,0.825,9.177859,0.288,1,0.00564481,0.0,5.26801,5.246
190,0.798,10.067536,0.236,1,0.0054365,0.0,5.05859,5.018
191,0.773,10.594066,0.224,1,0.00532095,0.0,4.87042,4.862
192,0.795,16.571541,0.205,1,0.00506842,0.0,4.8616,4.87
193,0.813,13.026395,0.226,1,0.00517454,0.0,4.91721,4.952
194,0.812,12.012808,0.251,1,0.00657521,0.0,4.94144,4.986
195,0.782,12.327428,0.233,1,0.00438027,0.0,4.979,4.952
196,0.844,9.936394,0.268,1,0.00534442,0.0,5.18353,5.198
197,0.794,9.29324,0.272,1,0.00653595,0.0,4.97511,4.982
198,0.785,13.930159,0.236,1,0.00408094,0.0,4.8067,4.894
199,0.794,10.984881,0.228,1,0.00544418,0.0,4.80166,4.82
200,0.791,14.033844,0.193,1,0.00327099,0.0,4.88447,4.882
201,0.799,14.76998,0.205,1,0.00451306,0.0,5.03187,5.02
202,0.811,10.261716,0.268,1,0.00511862,0.0,4.93504,4.988
203,0.848,12.786575,0.283,1,0.00623989,0.0,5.07864,5.112
204,0.785,12.215175,0.241,1,0.00440643,0.0,4.82049,4.802
205,0.744,12.881765,0.2,1,0.00314603,0.0,4.77987,4.788
206,0.774,12.968065,0.25,1,0.00402253,0.0,4.68664,4.774
207,0.85,16.265155,0.287,1,0.00356718,0.0,4.98814,5.058
208,0.807,12.672256,0.24,1,0.00704107,0.0,4.88334,4.886
209,0.824,11.143116,0.259,1,0.00682372,0.0,4.95173,4.972
210,0.796,13.873819,0.221,1,0.00561569,0.0,4.94845,4.966
211,0.768,15.545682,0.208,1,0.00480769,0.0,5.11076,5.128
212,0.796,11.72463,0.26,1,0.00371532,0.0,4.90762,4.936
213,0.783,12.19057,0.236,1,0.00471113,0.0,4.92831,4.91
214,0.786,11.708828,0.281,1,0.00393088,0.0,4.91191,4.972
215,0.787,13.768882,0.2,1,0.00316289,0.0,4.77433,4.768
216,0.784,13.964941,0.225,1,0.00471113,0.0,4.90235,4.936
217,0.798,9.778149,0.266,1,0.00312849,0.0,5.20753,5.156
218,0.769,13.813768,0.234,1,0.00523691,0.0,4.9062,4.904
219,0.835,11.720536,0.278,1,0.0070348,0.0,5.1681,5.116
220,0.822,10.001459,0.26,1,0.004458,0.0,5.00823,5.106
221,0.815,10.177306,0.257,1,0.00512904,0.0,4.90144,5.012
222,0.795,10.171487,0.261,1,0.00486307,0.0,4.86349,4.82
223,0.768,14.013369,0.215,1,0.00283383,0.0,4.80603,4.846
224,0.768,10.997047,0.228,1,0.00602561,0.0,4.88912,4.888
225,0.796,9.364242,0.254,1,0.0059917,0.0,5.11312,5.092
226,0.826,11.168979,0.27,1,0.00329102,0.0,5.00274,5.102
227,0.808,11.300866,0.245,1,0.00469263,0.0,5.02002,5.094
228,0.796,12.789044,0.197,1,0.00557036,0.0,4.98671,4.968
229,0.81,10.076554,0.285,1,0.00540795,0.0,5.06109,5.042
230,0.781,12.110552,0.221,1,0.00456767,0.0,4.9956,4.996
231,0.836,11.732253,0.272,1,0.00619503,0.0,5.11142,5.116
232,0.769,16.07896,0.219,1,0.00608211,0.0,4.83974,4.892
233,0.749,10.540969,0.247,1,0.00330845,0.0,4.88318,4.828
234,0.777,13.959882,0.22,1,0.00495712,0.0,5.05529,5.028
235,0.807,12.967861,0.235,1,0.00682095,0.0,4.96973,4.956
236,0.776,12.806609,0.22,1,0.00375176,0.0,5.05692,5.06
237,0.825,11.658933,0.32,1,0.00582854,0.0,4.96703,4.974
238,0.836,10.955542,0.265,1,0.00442877,0.0,4.9565,4.92
239,0.793,10.485412,0.218,1,0.00612695,0.0,4.98615,4.91
240,0.819,10.113984,0.269,1,0.00290369,0.0,4.94733,5.012
241,0.782,10.643128,0.25,1,0.00624535,0.0,5.15523,5.218
242,0.808,9.829768,0.24,1,0.00448498,0.0,5.2095,5.136
243,0.835,9.114243,0.299,1,0.00554324,0.0,5.21387,5.19
244,0.824,12.460392,0.269,1,0.00750586,0.0,5.06535,5.05
245,0.791,12.208948,0.21,1,0.00573137,0.0,4.89788,4.916
246,0.767,14.038638,0.204,1,0.00609859,0.0,4.89469,4.824
247,0.81,12.611672,0.252,1,0.00397011,0.0,5.06946,5.068
248,0.82,11.558732,0.282,1,0.00330657,0.0,5.06864,5.012
249,0.811,10.174114,0.246,1,0.00527704,0.0,5.01283,4.99
250,0.798,12.004137,0.239,1,0.00793192,0.0,4.93195,4.908
251,0.807,12.619899,0.221,1,0.00389642,0.0,4.94342,4.984
252,0.78,10.235707,0.249,1,0.00505221,0.0,4.89127,4.856
253,0.816,11.535359,0.269,1,0.00385202,0.0,4.9844,5.0
254,0.841,9.441484,0.266,1,0.00505689,0.0,4.84483,4.898
255,0.796,14.524894,0.206,1,0.00593325,0.0,4.92892,4.924
256,0.792,9.284258,0.247,1,0.00498,0.0,5.1548,5.142
257,0.796,12.749053,0.225,1,0.00443304,0.0,5.08825,5.054
258,0.803,10.657846,0.231,1,0.00594943,0.0,4.91153,4.928
259,0.824,12.075922,0.247,1,0.0047155,0.0,5.05121,5.038
260,0.85,12.659559,0.297,1,0.00613125,0.0,5.13847,5.142
261,0.774,13.069243,0.233,1,0.0051669,0.0,4.92646,4.95
262,0.793,11.948755,0.217,1,0.00554358,0.0,5.10735,5.086
263,0.772,9.628917,0.235,1,0.00277393,0.0,5.10543,5.084
264,0.798,11.399051,0.26,1,0.00472193,0.0,5.17935,5.152
265,0.811,12.920515,0.248,1,0.00567421,0.0,5.03532,5.04
266,0.834,12.634055,0.247,1,0.00640013,0.0,5.0523,5.01
267,0.808,11.676482,0.239,1,0.00484457,0.0,4.98792,4.966
268,0.786,8.742565,0.251,1,0.00491228,0.0,5.07519,5.054
269,0.788,10.641458,0.252,1,0.0053329,0.0,4.96629,4.984
270,0.842,10.827614,0.282,1,0.0064083,0.0,5.11033,5.13
271,0.787,8.393775,0.278,1,0.00441655,0.0,5.06714,5.094
272,0.825,8.554045,0.269,1,0.00446983,0.0,4.89704,4.934
273,0.785,10.303637,0.249,1,0.00490757,0.0,4.96185,4.928
274,0.808,10.850885,0.296,1,0.00499735,0.0,5.13292,5.146
275,0.79,11.566806,0.24,1,0.00524476,0.0,5.01955,5.014
276,0.794,11.510758,0.227,1,0.00440035,0.0,4.77741,4.852
277,0.813,10.309228,0.286,1,0.00397614,0.0,4.92735,4.9
278,0.799,10.798451,0.292,1,0.00531743,0.0,4.98074,4.984
279,0.81,13.583801,0.223,1,0.00484418,0.0,4.93663,5.018
280,0.813,9.586516,0.251,1,0.00399812,0.0,5.05589,5.046
281,0.812,11.863623,0.234,1,0.00585128,0.0,4.94773,4.974
282,0.781,12.869219,0.188,1,0.0062807,0.0,4.98155,4.986
283,0.814,8.179336,0.239,1,0.00522028,0.0,5.04711,5.01
284,0.796,10.326118,0.235,1,0.00616845,0.0,5.05194,5.006
285,0.818,11.064384,0.273,1,0.00389074,0.0,4.98263,4.952
286,0.826,12.336196,0.251,1,0.00391453,0.0,4.96638,4.938
287,0.818,10.755464,0.251,1,0.0033199,0.0,4.99645,5.064
288,0.805,10.49854,0.225,1,0.00495361,0.0,5.04883,5.038
289,0.804,8.817079,0.275,1,0.0053356,0.0,5.11146,5.06
290,0.852,13.690507,0.257,1,0.00365213,0.0,5.09616,5.158
291,0.795,11.091582,0.219,1,0.00394024,0.0,4.90616,4.966
292,0.817,16.806344,0.221,1,0.00475912,0.0,4.88857,4.9
293,0.779,8.886209,0.25,1,0.00370399,0.0,5.108,5.074
294,0.779,12.278735,0.241,1,0.00702293,0.0,4.99315,4.962
295,0.802,11.156235,0.217,1,0.00498297,0.0,4.91269,4.902
296,0.836,11.592078,0.259,1,0.00509601,0.0,5.1957,5.212
297,0.829,10.633738,0.268,1,0.00509709,0.0,5.02031,4.924
298,0.826,12.047465,0.295,1,0.00539357,0.0,5.05652,5.06
299,0.819,11.422856,0.294,1,0.00648901,0.0,4.81985,4.796
300,0.798,11.5827,0.259,1,0.00505708,0.0,5.11002,5.108
301,0.826,11.003179,0.255,1,0.0049054,0.0,5.09643,5.04
302,0.778,11.037108,0.22,1,0.0053313,0.0,4.83115,4.892
303,0.703,8.888985,0.193,1,0.00510535,0.0,4.9738,4.962
304,0.766,13.939371,0.246,1,0.00675676,0.0,4.802,4.808
305,0.745,9.845053,0.232,1,0.0053559,0.0,5.08606,5.066
306,0.811,13.889778,0.245,1,0.00411589,0.0,4.93272,5.024
307,0.793,10.982122,0.222,1,0.00743299,0.0,5.1584,5.164
308,0.824,13.928876,0.251,1,0.00622407,0.0,4.98885,5.024
309,0.795,10.795877,0.24,1,0.00401354,0.0,5.0265,5.056
310,0.84,11.194746,0.269,1,0.00438703,0.0,4.94735,4.976
311,0.799,13.477256,0.221,1,0.0051207,0.0,4.9689,4.952
312,0.794,10.875888,0.233,1,0.00579195,0.0,5.09002,5.088
313,0.829,9.639294,0.307,1,0.00534326,0.0,4.97062,4.97
314,0.803,9.336354,0.248,1,0.00387472,0.0,4.96513,4.99
315,0.783,13.910417,0.231,1,0.00622754,0.0,5.01401,4.996
316,0.802,9.037247,0.281,1,0.00332128,0.0,5.19318,5.218
317,0.782,11.088225,0.229,1,0.00559132,0.0,4.84764,4.87
318,0.825,13.017562,0.261,1,0.00470647,0.0,4.89531,4.948
319,0.795,10.778549,0.203,1,0.00690531,0.0,5.04162,4.998
320,0.787,12.656531,0.229,1,0.00747446,0.0,4.92072,4.894
321,0.813,13.846537,0.205,1,0.0031255,0.0,4.96933,5.022
322,0.841,8.575038,0.287,1,0.00630252,0.0,5.07783,5.062
323,0.809,11.150164,0.248,1,0.00870827,0.0,5.11567,5.118
324,0.818,11.978793,0.229,1,0.00427181,0.0,4.99447,5.062
325,0.752,16.451506,0.207,1,0.00340166,0.0,4.75726,4.82
326,0.815,8.541815,0.232,1,0.00525569,0.0,4.87673,4.916
327,0.802,11.745998,0.253,1,0.00425666,0.0,5.02416,5.05
328,0.839,11.659957,0.235,1,0.00750586,0.0,5.00783,5.108
329,0.824,11.334595,0.288,1,0.0045717,0.0,4.98122,5.006
330,0.776,17.822892,0.198,1,0.00506634,0.0,4.98997,4.984
331,0.828,9.642343,0.277,1,0.00385202,0.0,4.96256,5.022
332,0.785,14.979503,0.213,1,0.00557846,0.0,4.94365,5.004
333,0.823,9.529021,0.239,1,0.00483685,0.0,5.10985,5.098
334,0.77,13.078716,0.217,1,0.0060115,0.0,4.75871,4.824
335,0.785,12.847106,0.235,1,0.00350304,0.0,5.02582,5.112
336,0.778,10.34231,0.248,1,0.00384061,0.0,5.0012,4.998
337,0.813,11.015417,0.259,1,0.00470452,0.0,4.90328,4.942
338,0.815,13.637734,0.236,1,0.00420168,0.0,5.06782,5.072
339,0.825,12.968263,0.244,1,0.00468096,0.0,4.89626,4.974
340,0.76,19.125514,0.172,1,0.00663445,0.0,4.90321,4.98
341,0.828,12.009889,0.269,1,0.00615711,0.0,5.3361,5.296
342,0.742,16.627634,0.192,1,0.00506158,0.0,4.88825,4.85
343,0.829,10.615756,0.261,1,0.00553179,0.0,5.20661,5.208
344,0.805,15.553292,0.234,1,0.00483871,0.0,4.97193,4.988
345,0.735,10.093848,0.222,1,0.00482548,0.0,4.99558,4.978
346,0.764,12.258064,0.212,1,0.00524825,0.0,4.86978,4.93
347,0.815,13.444672,0.245,1,0.00489916,0.0,4.92441,4.974
348,0.818,13.353842,0.243,1,0.00440672,0.0,4.95913,4.942
349,0.816,14.793538,0.231,1,0.00315943,0.0,4.96141,4.976
350,0.823,11.212358,0.249,1,0.00574163,0.0,5.02002,4.996
351,0.78,12.386159,0.237,1,0.00560355,0.0,5.06265,5.076
352,0.823,10.776546,0.287,1,0.00266408,0.0,4.9787,4.976
353,0.798,12.734029,0.244,1,0.0039438,0.0,4.88011,4.988
354,0.788,9.970042,0.237,1,0.00611477,0.0,5.04988,5.052
355,0.835,11.425271,0.233,1,0.00486975,0.0,5.07532,5.098
356,0.789,12.582009,0.233,1,0.00533549,0.0,4.9879,4.96
357,0.808,18.080023,0.213,1,0.00510535,0.0,4.936,5.0
358,0.809,13.135968,0.24,1,0.00438169,0.0,4.94741,4.982
359,0.757,15.309438,0.171,1,0.00276405,0.0,4.85325,4.92
360,0.807,11.423885,0.222,1,0.00310213,0.0,5.04292,4.986
361,0.752,13.494576,0.184,1,0.00307719,0.0,4.85234,4.822
362,0.759,13.108573,0.198,1,0.00572424,0.0,4.90199,4.918
363,0.831,10.971535,0.272,1,0.00546158,0.0,5.12957,5.14
364,0.841,10.880732,0.244,1,0.00406569,0.0,4.99761,5.02
365,0.775,12.736298,0.224,1,0.00554618,0.0,4.99639,4.98
366,0.813,13.822908,0.248,1,0.00422469,0.0,5.03823,5.074
367,0.842,11.650211,0.294,1,0.00523322,0.0,5.12835,5.142
368,0.764,9.964795,0.257,1,0.00381906,0.0,4.8291,4.88
369,0.811,21.481782,0.215,1,0.00677484,0.0,4.8661,4.914
370,0.823,12.176082,0.237,1,0.00462428,0.0,5.08425,5.104
371,0.782,9.679499,0.212,1,0.00474496,0.0,4.99013,5.068
372,0.798,11.093542,0.26,1,0.00490044,0.0,5.0674,5.074
373,0.813,13.312285,0.224,1,0.00675621,0.0,4.99719,4.976
374,0.761,10.305324,0.209,1,0.00634507,0.0,4.93695,4.98
375,0.783,10.964175,0.249,1,0.00473186,0.0,5.06795,5.004
376,0.783,11.924586,0.239,1,0.00349732,0.0,5.04786,5.098
377,0.817,12.982732,0.242,1,0.00662304,0.0,5.06914,5.004
378,0.819,12.848732,0.257,1,0.00457831,0.0,4.95818,5.022
379,0.837,13.665053,0.265,1,0.00485213,0.0,5.05214,5.14
380,0.772,10.463672,0.214,1,0.00518297,0.0,5.04717,5.046
381,0.813,10.087772,0.254,1,0.00544794,0.0,4.76081,4.858
382,0.794,11.689372,0.223,1,0.00438295,0.0,4.79242,4.856
383,0.773,12.047915,0.21,1,0.00652628,0.0,4.80234,4.786
384,0.82,12.355516,0.281,1,0.00506718,0.0,5.08988,5.118
385,0.801,9.980825,0.264,1,0.00468787,0.0,5.03105,5.088
386,0.798,15.484656,0.198,1,0.00284238,0.0,4.81543,4.822
387,0.783,11.797149,0.243,1,0.00429219,0.0,5.01035,5.022
388,0.772,12.40871,0.222,1,0.00383077,0.0,4.80646,4.888
389,0.782,9.647935,0.216,1,0.00553598,0.0,4.88406,4.882
390,0.741,14.759844,0.181,1,0.00427274,0.0,4.73011,4.75
391,0.796,13.430128,0.222,1,0.00427723,0.0,4.99802,5.052
392,0.826,11.13202,0.273,1,0.00568092,0.0,5.00158,5.068
393,0.819,10.274248,0.223,1,0.00671892,0.0,4.98883,5.012
394,0.832,10.156738,0.288,1,0.00354498,0.0,5.07557,5.002
395,0.826,13.41473,0.263,1,0.00466019,0.0,5.04902,5.1
396,0.834,12.307853,0.278,1,0.00707492,0.0,5.04601,5.042
397,0.811,13.438991,0.267,1,0.00837655,0.0,5.02606,4.988
398,0.844,10.457538,0.271,1,0.00581493,0.0,4.81575,4.928
399,0.814,10.23798,0.26,1,0.00448925,0.0,5.05052,5.028
400,0.784,10.939851,0.252,1,0.00416259,0.0,4.95431,4.946
401,0.751,10.513429,0.249,1,0.00537853,0.0,4.944,4.964
402,0.744,16.94532,0.195,1,0.0028103,0.0,5.07729,5.046
403,0.835,11.445785,0.257,1,0.00820669,0.0,5.16686,5.094
404,0.792,15.416306,0.208,1,0.0050399,0.0,4.88912,4.87
405,0.84,9.401084,0.312,1,0.00461053,0.0,4.97505,4.97
406,0.799,9.848016,0.264,1,0.00301407,0.0,4.8751,4.9
407,0.817,14.279196,0.213,1,0.00763845,0.0,4.9992,5.028
408,0.802,10.642784,0.258,1,0.00608885,0.0,5.13431,5.182
409,0.851,12.551419,0.29,1,0.00441826,0.0,4.90449,4.984
410,0.804,11.90403,0.267,1,0.00468365,0.0,4.94715,4.92
411,0.783,13.339921,0.226,1,0.0048282,0.0,4.97279,4.998
412,0.825,11.821145,0.252,1,0.00556834,0.0,5.1764,5.204
413,0.799,9.193164,0.296,1,0.00764361,0.0,5.10524,5.074
414,0.82,10.1946,0.246,1,0.00474796,0.0,5.02266,5.032
415,0.802,12.513999,0.255,1,0.00497138,0.0,5.17381,5.132
416,0.798,10.340914,0.274,1,0.00461763,0.0,4.96341,4.974
417,0.763,11.514354,0.245,1,0.00451342,0.0,5.04958,5.002
418,0.81,10.212776,0.274,1,0.00663245,0.0,5.01187,5.054
419,0.797,11.239727,0.223,1,0.00558833,0.0,5.10662,5.046
420,0.821,11.407953,0.261,1,0.00621762,0.0,4.99403,5.024
421,0.8,11.357743,0.257,1,0.00527325,0.0,5.02046,4.986
422,0.791,18.907096,0.22,1,0.00715807,0.0,4.83121,4.858
423,0.773,12.425953,0.23,1,0.0043573,0.0,4.96514,4.992
424,0.763,13.139922,0.203,1,0.00326852,0.0,4.85041,4.92
425,0.797,11.925435,0.241,1,0.0038247,0.0,5.04624,4.974
426,0.77,10.271632,0.236,1,0.00644522,0.0,4.89761,4.942
427,0.792,12.847841,0.213,1,0.00515169,0.0,4.91519,4.976
428,0.814,15.04702,0.22,1,0.00573709,0.0,4.85939,4.95
429,0.793,9.95775,0.236,1,0.00411699,0.0,4.76656,4.892
430,0.797,14.154006,0.253,1,0.00475511,0.0,4.99723,5.05
431,0.833,11.046659,0.269,1,0.00292469,0.0,4.95531,4.968
432,0.8,10.162274,0.261,1,0.00442066,0.0,5.06243,5.094
433,0.843,10.807969,0.266,1,0.00500954,0.0,5.02437,5.006
434,0.823,11.506027,0.257,1,0.00519235,0.0,5.06011,5.024
435,0.799,12.148714,0.247,1,0.00402752,0.0,4.86052,4.904
436,0.793,12.351202,0.254,1,0.00458015,0.0,5.00201,4.976
437,0.809,13.441635,0.237,1,0.00556974,0.0,5.03584,5.134
438,0.809,13.473362,0.252,1,0.00595664,0.0,5.00238,5.034
439,0.77,10.929634,0.244,1,0.00435765,0.0,4.99275,4.964
440,0.806,13.309048,0.27,1,0.00564037,0.0,5.17796,5.136
441,0.808,9.879749,0.228,1,0.00476153,0.0,5.02432,5.016
442,0.765,9.750333,0.222,1,0.00344856,0.0,4.90891,4.962
443,0.758,11.313642,0.206,1,0.00436047,0.0,4.91624,5.038
444,0.833,12.232475,0.261,1,0.00311776,0.0,4.97574,5.028
445,0.816,10.107896,0.223,1,0.0061871,0.0,4.8958,4.952
446,0.754,13.220633,0.208,1,0.00552752,0.0,5.0518,4.942
447,0.767,12.482033,0.244,1,0.00481618,0.0,4.9992,4.984
448,0.799,12.27444,0.224,1,0.00381065,0.0,4.83579,4.884
449,0.839,10.605222,0.225,1,0.005386,0.0,4.84147,4.832
450,0.748,9.695771,0.194,1,0.00362694,0.0,4.82299,4.802
451,0.813,10.135734,0.258,1,0.00262843,0.0,4.98412,5.038
452,0.792,10.03117,0.278,1,0.00657041,0.0,4.93515,4.996
453,0.799,16.294452,0.234,1,0.00627143,0.0,4.88521,4.896
454,0.803,13.017409,0.202,1,0.00568541,0.0,5.05751,5.008
455,0.8,14.641621,0.212,1,0.00438989,0.0,4.92829,4.992
456,0.772,9.203742,0.214,1,0.00426671,0.0,4.87878,4.9
457,0.811,12.512337,0.232,1,0.00432864,0.0,4.85255,4.856
458,0.767,10.096523,0.245,1,0.00513866,0.0,4.9696,4.934
459,0.822,9.260487,0.249,1,0.00579772,0.0,5.35082,5.222
460,0.806,15.203525,0.226,1,0.00424195,0.0,5.04958,5.042
461,0.813,12.347878,0.234,1,0.00578267,0.0,4.99438,4.986
462,0.78,10.110079,0.233,1,0.00419546,0.0,4.90557,4.956
463,0.805,10.752724,0.253,1,0.00310683,0.0,5.0353,4.986
464,0.802,11.235497,0.224,1,0.00607632,0.0,4.96101,4.976
465,0.81,13.506184,0.224,1,0.00591483,0.0,5.01979,5.052
466,0.816,11.4706,0.238,1,0.0046344,0.0,4.80099,4.854
467,0.798,10.265089,0.239,1,0.00520095,0.0,5.03771,5.038
468,0.813,11.306877,0.23,1,0.00594648,0.0,5.17028,5.074
469,0.798,13.030702,0.245,1,0.0049673,0.0,4.89028,4.94
470,0.782,10.592656,0.235,1,0.00404858,0.0,4.88706,4.852
471,0.766,12.87606,0.205,1,0.00565203,0.0,4.97474,4.908
472,0.796,10.475551,0.22,1,0.00686987,0.0,5.03339,5.032
473,0.82,15.396914,0.219,1,0.00457978,0.0,4.99839,4.98
474,0.816,9.012074,0.271,1,0.00584051,0.0,5.20257,5.134
475,0.806,12.983327,0.235,1,0.00413525,0.0,4.93517,4.998
476,0.822,13.367305,0.239,1,0.00482083,0.0,4.95265,5.026
477,0.772,12.394021,0.233,1,0.00368189,0.0,4.9322,4.956
478,0.838,10.1712,0.279,1,0.00496465,0.0,5.11308,5.2
479,0.832,16.025324,0.229,1,0.00660949,0.0,5.00354,5.08
480,0.796,8.907508,0.245,1,0.00502112,0.0,4.98887,5.03
481,0.809,9.843787,0.254,1,0.00546807,0.0,5.21719,5.258
482,0.829,10.82602,0.268,1,0.00589079,0.0,5.14214,5.15
483,0.787,8.693822,0.278,1,0.00408883,0.0,4.99519,4.994
484,0.81,11.119871,0.222,1,0.00435063,0.0,4.97076,4.994
485,0.791,10.930143,0.236,1,0.0042571,0.0,4.8898,4.9
486,0.812,10.423081,0.259,1,0.00518094,0.0,5.05315,5.042
487,0.775,10.496283,0.223,1,0.00293327,0.0,4.98497,4.924
488,0.823,12.206804,0.255,1,0.00282908,0.0,5.0476,5.042
489,0.824,11.709399,0.293,1,0.00576037,0.0,5.09988,5.106
490,0.799,13.859546,0.22,1,0.0051559,0.0,4.96707,4.92
491,0.821,12.989251,0.27,1,0.00809186,0.0,5.1533,5.036
492,0.79,13.040117,0.268,1,0.00479693,0.0,5.01524,4.988
493,0.848,11.56237,0.274,1,0.00536366,0.0,5.26468,5.312
494,0.798,11.201834,0.267,1,0.00504767,0.0,4.98442,5.008
495,0.816,11.075432,0.259,1,0.00462392,0.0,5.09662,5.092
496,0.844,11.287529,0.295,1,0.00594522,0.0,5.33774,5.294
497,0.793,11.997436,0.236,1,0.00382867,0.0,5.04304,4.972
498,0.813,13.927831,0.239,1,0.00475624,0.0,5.00993,5.036
499,0.843,9.335555,0.298,1,0.00479452,0.0,5.13683,5.116
500,0.774,10.369807,0.238,1,0.00374781,0.0,4.89084,4.91
501,0.807,12.364552,0.261,1,0.00424116,0.0,4.89617,4.912
502,0.742,11.469555,0.216,1,0.00350175,0.0,4.90151,4.894
503,0.796,11.525711,0.284,1,0.00386691,0.0,5.02754,4.938
504,0.787,16.889044,0.181,1,0.0035229,0.0,4.91021,4.856
505,0.794,11.919402,0.229,1,0.00604128,0.0,4.87643,4.888
506,0.803,11.631096,0.222,1,0.00490998,0.0,4.97557,4.912
507,0.768,10.885951,0.2,1,0.00473973,0.0,4.92667,4.882
508,0.783,13.705704,0.225,1,0.00529278,0.0,4.88028,4.878
509,0.827,13.743595,0.222,1,0.00453786,0.0,5.03245,4.992
510,0.821,11.16644,0.281,1,0.00469998,0.0,5.11663,4.99
511,0.768,13.554006,0.205,1,0.00517114,0.0,4.91052,4.962
512,0.803,14.447021,0.25,1,0.00563116,0.0,5.0299,5.084
513,0.8,10.036446,0.272,1,0.00509338,0.0,4.86978,4.838
514,0.781,9.813792,0.23,1,0.00507485,0.0,4.81981,4.906
515,0.781,9.408987,0.263,1,0.00410298,0.0,4.98396,4.988
516,0.803,10.865191,0.243,1,0.00450113,0.0,4.88875,4.908
517,0.794,13.674482,0.232,1,0.00608026,0.0,4.934,5.0
518,0.79,10.156673,0.221,1,0.00285126,0.0,5.01032,5.04
519,0.793,12.42134,0.231,1,0.00709761,0.0,5.1465,5.092
520,0.75,11.248284,0.22,1,0.00562228,0.0,4.85886,4.832
521,0.784,9.357699,0.258,1,0.0074137,0.0,5.13645,5.042
522,0.787,10.964921,0.214,1,0.00417314,0.0,4.90213,4.986
523,0.849,10.949821,0.301,1,0.00337593,0.0,5.01047,4.966
524,0.84,10.918447,0.295,1,0.00509024,0.0,5.0887,5.096
525,0.805,13.791702,0.216,1,0.00671195,0.0,5.002,5.004
526,0.834,9.735563,0.221,1,0.00456934,0.0,5.1193,5.13
527,0.788,11.496829,0.23,1,0.00719647,0.0,5.05397,5.114
528,0.817,11.064656,0.267,1,0.00581677,0.0,4.98711,4.964
529,0.812,7.341318,0.273,1,0.00418734,0.0,5.08317,5.074
530,0.845,10.411462,0.294,1,0.00523759,0.0,5.12208,5.144
531,0.823,13.332598,0.28,1,0.00487314,0.0,5.12609,5.044
532,0.8,12.132695,0.206,1,0.00541304,0.0,5.04832,5.05
533,0.803,12.949649,0.226,1,0.00528612,0.0,4.88243,4.882
534,0.786,10.97972,0.276,1,0.0038813,0.0,4.97066,4.976
535,0.834,11.610497,0.235,1,0.00410463,0.0,4.94429,5.026
536,0.815,12.194138,0.262,1,0.00520715,0.0,5.18022,5.116
537,0.767,10.691023,0.245,1,0.00421522,0.0,4.91031,4.928
538,0.801,10.940541,0.246,1,0.00444262,0.0,4.93504,4.926
539,0.824,9.82343,0.285,1,0.00494049,0.0,5.15592,5.182
540,0.798,10.430558,0.275,1,0.00579452,0.0,5.21946,5.158
541,0.807,13.364276,0.25,1,0.00487884,0.0,4.92906,4.99
542,0.831,10.248648,0.267,1,0.00377275,0.0,5.16151,5.238
543,0.816,15.009022,0.237,1,0.0042278,0.0,4.89173,4.932
544,0.804,9.533994,0.229,1,0.00489157,0.0,4.96599,4.94
545,0.825,11.738315,0.282,1,0.00702083,0.0,5.08489,5.042
546,0.814,11.267161,0.292,1,0.00385954,0.0,5.1698,5.112
547,0.799,15.508675,0.22,1,0.00460869,0.0,4.81785,4.864
548,0.831,12.45439,0.265,1,0.00593276,0.0,4.96563,4.888
549,0.794,9.46531,0.247,1,0.00387159,0.0,5.00727,4.952
550,0.83,10.606088,0.287,1,0.00673375,0.0,5.07064,5.096
551,0.826,14.122801,0.282,1,0.0046042,0.0,4.94606,5.006
552,0.813,8.0243,0.246,1,0.00377358,0.0,5.19209,5.206
553,0.803,11.689993,0.258,1,0.00527958,0.0,5.0225,4.978
554,0.83,10.755023,0.254,1,0.00405309,0.0,4.99524,5.038
555,0.773,11.872963,0.21,1,0.0042685,0.0,4.89071,4.886
556,0.743,16.254421,0.193,1,0.00512403,0.0,4.96166,4.956
557,0.78,10.239674,0.258,1,0.004634,0.0,4.81927,4.836
558,0.824,15.462606,0.239,1,0.00477309,0.0,5.11589,5.16
559,0.787,14.784357,0.25,1,0.00516796,0.0,5.10228,5.006
560,0.799,9.075678,0.24,1,0.00398671,0.0,4.92232,4.892
561,0.82,13.920106,0.225,1,0.00552398,0.0,4.95478,5.042
562,0.866,9.090286,0.307,1,0.00389194,0.0,5.04388,5.196
563,0.8,10.206862,0.25,1,0.00501832,0.0,5.00159,5.02
564,0.796,15.609524,0.22,1,0.00398999,0.0,5.08635,5.026
565,0.763,12.865264,0.215,1,0.00268839,0.0,4.93765,4.972
566,0.796,11.594765,0.233,1,0.00707603,0.0,5.07339,5.014
567,0.817,12.985315,0.251,1,0.00709499,0.0,5.01582,5.058
568,0.781,12.145201,0.234,1,0.00623202,0.0,4.9984,5.008
569,0.803,11.215732,0.234,1,0.00478308,0.0,4.86607,4.898
570,0.826,9.72239,0.275,1,0.00520218,0.0,5.01462,5.06
571,0.82,8.698236,0.283,1,0.00556631,0.0,4.97831,4.98
572,0.803,12.887211,0.249,1,0.00488043,0.0,4.97531,4.942
573,0.816,10.310715,0.251,1,0.00601347,0.0,5.02093,4.968
574,0.774,10.250744,0.252,1,0.0052619,0.0,5.02122,4.996
575,0.83,11.500811,0.304,1,0.00316353,0.0,4.99514,4.936
576,0.824,7.844656,0.31,1,0.00729469,0.0,5.07928,5.02
577,0.823,11.086484,0.279,1,0.00323102,0.0,5.13794,5.06
578,0.794,8.85025,0.29,1,0.00518758,0.0,5.17549,5.14
579,0.818,13.799968,0.252,1,0.00526758,0.0,5.13686,5.1
580,0.789,10.872952,0.263,1,0.00561666,0.0,5.10921,5.018
581,0.786,13.283768,0.234,1,0.00744536,0.0,4.99241,5.004
582,0.819,11.303693,0.267,1,0.00615208,0.0,4.92765,4.948
583,0.807,11.579352,0.249,1,0.00459067,0.0,4.84273,4.858
584,0.792,9.420935,0.225,1,0.00645007,0.0,5.01317,5.01
585,0.804,8.434255,0.269,1,0.00507165,0.0,4.94703,5.022
586,0.799,9.566218,0.233,1,0.00641279,0.0,5.0004,5.052
587,0.835,10.719286,0.286,1,0.00338524,0.0,5.12254,5.19
588,0.787,10.485965,0.249,1,0.00490922,0.0,5.10665,5.026
589,0.787,11.028626,0.236,1,0.0056171,0.0,5.04447,5.082
590,0.799,17.868827,0.186,1,0.00419926,0.0,4.89323,4.964
591,0.835,10.22003,0.266,1,0.0040412,0.0,4.98814,5.06
592,0.77,11.928583,0.22,1,0.00428068,0.0,4.88679,4.876
593,0.802,12.88587,0.215,1,0.00413571,0.0,5.0845,5.136
594,0.778,12.797165,0.202,1,0.00566183,0.0,4.78924,4.868
595,0.778,11.905345,0.215,1,0.00435133,0.0,5.01617,4.948
596,0.814,9.985943,0.234,1,0.00476682,0.0,4.97117,5.064
597,0.816,10.86821,0.244,1,0.00515772,0.0,5.16725,5.178
598,0.812,12.420937,0.242,1,0.00425248,0.0,4.86729,4.928
599,0.795,10.21152,0.227,1,0.00583185,0.0,4.95227,4.986
600,0.791,9.891488,0.244,1,0.00557405,0.0,5.06947,5.096
601,0.809,12.694165,0.274,1,0.00507942,0.0,4.96517,4.996
602,0.819,12.639362,0.259,1,0.00467602,0.0,5.17794,5.204
603,0.728,12.642316,0.191,1,0.00556156,0.0,5.12104,5.056
604,0.795,10.442593,0.258,1,0.00529545,0.0,4.84406,4.912
605,0.801,10.821343,0.226,1,0.00578258,0.0,5.08229,5.104
606,0.757,11.491347,0.248,1,0.00387003,0.0,4.99718,4.964
607,0.774,12.155594,0.267,1,0.00512779,0.0,4.91047,5.004
608,0.837,10.55857,0.281,1,0.00504202,0.0,5.23327,5.23
609,0.79,8.74413,0.25,1,0.00587498,0.0,5.07594,5.03
610,0.771,11.210335,0.215,1,0.00568092,0.0,5.02139,5.048
611,0.831,10.062025,0.294,1,0.00410959,0.0,4.95805,5.006
612,0.748,8.432525,0.239,1,0.00600384,0.0,4.9988,4.998
613,0.817,9.161277,0.264,1,0.00319708,0.0,5.14773,5.104
614,0.803,9.657075,0.257,1,0.00544959,0.0,4.90721,4.936
615,0.77,14.326949,0.202,1,0.00429731,0.0,5.01237,5.014
616,0.828,14.737401,0.268,1,0.00618165,0.0,5.00516,5.042
617,0.782,9.127374,0.233,1,0.00519735,0.0,5.18391,5.122
618,0.846,10.873911,0.277,1,0.00373744,0.0,5.08835,5.048
619,0.775,12.663249,0.257,1,0.00242444,0.0,4.95753,4.992
620,0.801,11.081831,0.249,1,0.00423197,0.0,5.05146,5.052
621,0.767,10.91514,0.242,1,0.00569448,0.0,4.93162,4.914
622,0.767,10.003705,0.21,1,0.00378437,0.0,4.86538,4.888
623,0.81,14.479631,0.244,1,0.00384499,0.0,5.16109,5.14
624,0.812,9.746134,0.25,1,0.00556227,0.0,4.99195,4.97
625,0.798,13.960555,0.238,1,0.00386816,0.0,4.98955,4.974
626,0.81,10.572108,0.252,1,0.00528695,0.0,5.11804,5.1
627,0.776,14.09593,0.225,1,0.00368792,0.0,4.89647,4.984
628,0.757,10.873522,0.199,1,0.00448628,0.0,4.71897,4.818
629,0.795,11.56385,0.261,1,0.00440529,0.0,4.95874,4.944
630,0.828,12.233264,0.264,1,0.00565815,0.0,5.05763,5.032
631,0.76,14.898572,0.187,1,0.00543807,0.0,4.7971,4.83
632,0.81,13.266481,0.224,1,0.0076757,0.0,4.98485,5.018
633,0.811,9.76818,0.272,1,0.00530504,0.0,4.97441,5.002
634,0.801,10.844456,0.236,1,0.00543607,0.0,5.08737,4.99
635,0.787,10.689623,0.246,1,0.00463829,0.0,4.95524,4.96
636,0.798,12.10892,0.256,1,0.00427587,0.0,5.02147,5.03
637,0.758,11.51427,0.215,1,0.00547731,0.0,4.82062,4.772
638,0.823,10.977393,0.248,1,0.00467836,0.0,5.05718,5.072
639,0.803,12.524356,0.214,1,0.00621464,0.0,5.01438,5.006
640,0.801,10.612497,0.252,1,0.00432242,0.0,4.96345,5.034
641,0.858,12.881943,0.27,1,0.00430931,0.0,5.00439,5.008
642,0.774,11.021321,0.25,1,0.00488958,0.0,4.94201,4.966
643,0.807,12.170588,0.254,1,0.00493614,0.0,5.07072,5.034
644,0.76,10.697082,0.165,1,0.00457395,0.0,4.84647,4.872
645,0.806,10.586081,0.261,1,0.0067098,0.0,4.98368,5.024
646,0.814,11.106057,0.273,1,0.0066455,0.0,5.20885,5.2
647,0.786,9.947653,0.244,1,0.00505476,0.0,5.12441,5.096
648,0.801,11.778369,0.254,1,0.00474834,0.0,4.97285,5.082
649,0.834,9.141066,0.264,1,0.00419874,0.0,5.06937,5.074
650,0.787,13.209403,0.245,1,0.00577278,0.0,5.12707,5.068
651,0.735,18.215494,0.176,1,0.00299456,0.0,4.71747,4.672
652,0.824,11.632973,0.243,1,0.00594875,0.0,5.09798,5.144
653,0.739,9.093795,0.191,1,0.00579734,0.0,4.86789,4.89
654,0.818,9.579531,0.265,1,0.00662879,0.0,5.03456,5.034
655,0.77,11.324373,0.243,1,0.00353297,0.0,4.86416,4.888
656,0.842,12.014777,0.283,1,0.00581959,0.0,4.93498,5.014
657,0.84,12.29502,0.273,1,0.00495942,0.0,5.18426,5.134
658,0.788,10.770185,0.243,1,0.00414432,0.0,4.9561,4.966
659,0.774,8.932907,0.231,1,0.00604595,0.0,4.9521,5.01
660,0.794,11.204946,0.237,1,0.00276776,0.0,4.89249,4.874
661,0.825,8.011252,0.259,1,0.00434993,0.0,4.93795,5.028
662,0.811,10.51205,0.263,1,0.00492111,0.0,5.09026,5.03
663,0.787,17.140349,0.222,1,0.00373661,0.0,4.91953,4.896
664,0.825,11.963299,0.265,1,0.00572804,0.0,4.92075,4.896
665,0.766,13.235921,0.228,1,0.00413391,0.0,4.95462,4.98
666,0.812,9.789939,0.262,1,0.00502549,0.0,5.25048,5.23
667,0.786,10.364744,0.224,1,0.00382263,0.0,4.81669,4.888
668,0.773,13.57975,0.255,1,0.00587176,0.0,5.09493,5.014
669,0.839,14.567375,0.255,1,0.00560399,0.0,5.08429,5.054
670,0.837,10.426382,0.265,1,0.00516553,0.0,5.01846,5.092
671,0.803,11.060734,0.268,1,0.00410713,0.0,4.85139,4.818
672,0.811,7.540694,0.271,1,0.00470995,0.0,5.07126,5.024
673,0.794,13.383857,0.217,1,0.0043871,0.0,4.78198,4.862
674,0.778,10.406707,0.222,1,0.00446097,0.0,4.92875,4.912
675,0.818,11.825886,0.259,1,0.00678349,0.0,4.9711,4.982
676,0.791,12.039483,0.247,1,0.0047691,0.0,5.00438,5.028
677,0.784,13.056099,0.219,1,0.00541796,0.0,4.84298,4.802
678,0.81,11.440169,0.258,1,0.00573705,0.0,5.00598,5.014
679,0.819,11.912374,0.244,1,0.00584978,0.0,5.04168,5.086
680,0.79,13.42218,0.221,1,0.00589305,0.0,5.22028,5.266
681,0.755,8.587149,0.212,1,0.0056444,0.0,5.09832,5.004
682,0.778,16.881832,0.219,1,0.00366539,0.0,4.94841,4.962
683,0.82,11.306898,0.245,1,0.00426243,0.0,4.89366,4.89
684,0.84,10.643423,0.279,1,0.0055547,0.0,5.05933,5.124
685,0.796,13.846427,0.21,1,0.00488032,0.0,5.10237,5.06
686,0.816,14.930507,0.234,1,0.00451807,0.0,5.0163,5.03
687,0.798,10.924537,0.251,1,0.0045106,0.0,5.16182,5.154
688,0.805,9.310876,0.266,1,0.00593178,0.0,4.90028,4.954
689,0.764,10.995766,0.21,1,0.00465156,0.0,4.84516,4.792
690,0.805,13.55707,0.253,1,0.00536411,0.0,4.94534,4.976
691,0.822,12.08617,0.262,1,0.00694167,0.0,4.98727,5.026
692,0.807,9.55927,0.259,1,0.003327,0.0,5.02748,5.022
693,0.787,10.365355,0.227,1,0.0067243,0.0,4.98285,5.014
694,0.795,11.650818,0.235,1,0.00403057,0.0,4.90688,4.854
695,0.796,16.4889,0.179,1,0.00513259,0.0,5.0467,5.096
696,0.798,9.989713,0.283,1,0.00649195,0.0,4.97092,5.02
697,0.828,9.347294,0.257,1,0.00308983,0.0,5.1961,5.232
698,0.815,10.121452,0.255,1,0.00618312,0.0,5.00595,5.04
699,0.801,10.102171,0.254,1,0.00467035,0.0,5.09195,5.046
700,0.761,8.4034,0.236,1,0.00390894,0.0,5.09449,5.122
701,0.794,10.77115,0.252,1,0.00503517,0.0,5.0028,5.002
702,0.746,12.992387,0.208,1,0.00461651,0.0,4.97261,4.966
703,0.807,10.887167,0.289,1,0.00500357,0.0,5.03036,5.006
704,0.746,13.694457,0.188,1,0.00429458,0.0,5.01156,5.018
705,0.816,11.241099,0.27,1,0.00547695,0.0,5.09535,5.16
706,0.815,9.543916,0.257,1,0.00427222,0.0,5.16731,5.164
707,0.79,12.350767,0.215,1,0.00493344,0.0,5.03152,5.076
708,0.825,11.724978,0.253,1,0.00495756,0.0,5.18217,5.138
709,0.795,13.141173,0.23,1,0.00670308,0.0,4.8844,4.948
710,0.748,9.448229,0.209,1,0.00433352,0.0,4.99239,4.992
711,0.809,11.931465,0.21,1,0.00571219,0.0,5.24184,5.21
712,0.763,12.743286,0.202,1,0.00359404,0.0,4.82693,4.842
713,0.789,12.349961,0.227,1,0.0054433,0.0,4.94696,4.902
714,0.812,11.178366,0.258,1,0.00479386,0.0,5.01041,4.996
715,0.811,9.925493,0.305,1,0.00645985,0.0,4.98569,5.03
716,0.776,16.603987,0.198,1,0.00423862,0.0,5.05756,5.038
717,0.777,12.856612,0.226,1,0.00351053,0.0,4.88127,4.902
718,0.802,11.211154,0.228,1,0.00471995,0.0,5.00275,5.082
719,0.799,11.263192,0.241,1,0.00511904,0.0,4.95252,4.97
720,0.773,9.406589,0.196,1,0.00495907,0.0,5.05129,5.03
721,0.779,11.84337,0.236,1,0.00524601,0.0,5.04451,4.988
722,0.827,12.702649,0.263,1,0.00567018,0.0,5.03489,5.044
723,0.78,10.302518,0.227,1,0.00475473,0.0,5.05974,4.988
724,0.819,13.295888,0.21,1,0.00606845,0.0,4.96146,4.982
725,0.765,12.629669,0.236,1,0.00431655,0.0,4.82048,4.902
726,0.812,12.757027,0.277,1,0.00346771,0.0,5.22143,5.302
727,0.84,14.780567,0.255,1,0.00678204,0.0,5.02468,5.106
728,0.807,10.252275,0.268,1,0.00449809,0.0,5.17216,5.158
729,0.773,13.612017,0.237,1,0.00684526,0.0,4.87155,4.858
730,0.814,12.311524,0.24,1,0.00605522,0.0,4.96035,4.994
731,0.794,12.359724,0.208,1,0.00660039,0.0,4.93248,4.976
732,0.762,9.083237,0.234,1,0.00349971,0.0,4.87449,4.924
733,0.798,9.966797,0.281,1,0.00314592,0.0,4.94693,5.012
734,0.813,10.936814,0.256,1,0.00579394,0.0,4.85685,4.904
735,0.805,13.022831,0.221,1,0.00808754,0.0,5.0448,5.0
736,0.749,8.806798,0.246,1,0.00601106,0.0,5.00481,4.986
737,0.758,8.477859,0.226,1,0.006,0.0,5.0821,5.116
738,0.813,11.85121,0.263,1,0.0047691,0.0,5.02035,5.012
739,0.82,11.712901,0.231,1,0.0049712,0.0,5.02299,5.046
740,0.807,12.614984,0.226,1,0.00364109,0.0,4.79626,4.81
741,0.822,9.479998,0.277,1,0.00357967,0.0,4.97861,5.05
742,0.75,10.445504,0.204,1,0.00583976,0.0,5.07628,5.06
743,0.788,12.309217,0.254,1,0.0050905,0.0,4.95833,4.992
744,0.862,10.252398,0.302,1,0.00599493,0.0,5.05674,5.146
745,0.789,13.586392,0.213,1,0.00363372,0.0,4.98752,4.966
746,0.776,10.550897,0.213,1,0.00347786,0.0,5.09009,5.084
747,0.782,12.084551,0.233,1,0.00605825,0.0,5.07489,5.074
748,0.813,12.960085,0.265,1,0.00445974,0.0,5.00823,5.104
749,0.769,10.938291,0.213,1,0.00537109,0.0,4.96886,4.946
750,0.809,11.439527,0.261,1,0.00443925,0.0,5.06909,5.066
751,0.841,12.761911,0.243,1,0.00435695,0.0,4.97951,4.978
752,0.781,11.816015,0.25,1,0.00515,0.0,4.96872,4.924
753,0.794,11.583048,0.218,1,0.00472167,0.0,4.86971,4.958
754,0.826,12.227717,0.281,1,0.00473579,0.0,4.90065,4.912
755,0.83,11.863541,0.229,1,0.00730902,0.0,5.0134,5.076
756,0.817,8.987934,0.268,1,0.00567434,0.0,4.90916,4.954
757,0.846,11.975718,0.285,1,0.00394951,0.0,5.03824,5.126
758,0.755,10.670368,0.214,1,0.0054133,0.0,4.81108,4.838
759,0.782,10.153021,0.227,1,0.00661353,0.0,4.84751,4.866
760,0.803,11.479916,0.264,1,0.00489117,0.0,4.91466,4.992
761,0.796,14.441565,0.225,1,0.00378937,0.0,5.04059,5.026
762,0.828,10.908914,0.276,1,0.00265957,0.0,4.94934,5.014
763,0.765,12.802338,0.233,1,0.0076269,0.0,4.76284,4.79
764,0.78,10.333806,0.237,1,0.00601154,0.0,5.01447,4.976
765,0.782,7.965218,0.253,1,0.00393153,0.0,4.92696,4.956
766,0.813,12.647057,0.245,1,0.00455563,0.0,5.03298,4.972
767,0.811,10.714548,0.248,1,0.00486888,0.0,4.80386,4.874
768,0.814,11.062972,0.276,1,0.00445347,0.0,5.03501,5.084
769,0.78,11.447594,0.23,1,0.00358337,0.0,4.97938,5.044
770,0.802,12.226023,0.261,1,0.00569981,0.0,5.04473,5.008
771,0.813,14.521476,0.267,1,0.00695479,0.0,4.95203,4.878
772,0.798,11.003174,0.279,1,0.00715284,0.0,4.95035,4.914
773,0.804,12.006568,0.243,1,0.00648623,0.0,4.97134,5.024
774,0.797,12.702838,0.226,1,0.00428367,0.0,5.04644,4.996
775,0.832,10.025981,0.29,1,0.00371747,0.0,5.06154,5.102
776,0.812,9.840743,0.268,1,0.00562588,0.0,5.0545,5.064
777,0.819,8.78637,0.269,1,0.00359658,0.0,5.18493,5.148
778,0.792,11.911078,0.226,1,0.00579005,0.0,4.86806,4.896
779,0.814,10.841199,0.27,1,0.00495512,0.0,5.28664,5.268
780,0.796,10.363469,0.25,1,0.00501952,0.0,4.98847,5.032
781,0.801,9.199456,0.214,1,0.00547576,0.0,5.04444,4.996
782,0.786,12.580449,0.195,1,0.00582996,0.0,4.98185,4.958
783,0.817,12.042002,0.252,1,0.00574117,0.0,5.00439,5.012
784,0.814,11.628715,0.247,1,0.00679953,0.0,5.06131,5.056
785,0.757,9.532279,0.21,1,0.00600192,0.0,5.00641,4.992
786,0.829,8.758723,0.317,1,0.00525594,0.0,5.12212,5.126
787,0.783,11.616124,0.215,1,0.00540851,0.0,4.9166,4.964
788,0.805,10.960416,0.207,1,0.00461277,0.0,4.97664,4.966
789,0.791,9.94625,0.243,1,0.0040032,0.0,4.72907,4.754
790,0.757,11.084648,0.232,1,0.00393245,0.0,5.09587,5.09
791,0.812,9.436772,0.278,1,0.00415919,0.0,4.94435,4.96
792,0.786,10.791642,0.244,1,0.00358537,0.0,5.03652,4.984
793,0.79,10.927566,0.259,1,0.0049618,0.0,5.0849,4.994
794,0.822,10.850765,0.294,1,0.00556586,0.0,5.21277,5.17
795,0.785,9.236061,0.26,1,0.00410291,0.0,4.8144,4.86
796,0.813,9.787948,0.226,1,0.00417698,0.0,5.08576,5.084
797,0.791,10.036679,0.256,1,0.00551559,0.0,4.99401,5.01
798,0.783,15.51036,0.201,1,0.00614851,0.0,5.07034,5.004
799,0.792,9.408214,0.257,1,0.00299925,0.0,4.90319,4.896
800,0.782,15.440709,0.233,1,0.00495361,0.0,5.01894,5.068
801,0.813,11.7007,0.251,1,0.00726216,0.0,4.98111,4.976
802,0.815,8.590696,0.261,1,0.00271985,0.0,4.8884,4.964
803,0.802,12.435244,0.233,1,0.00636163,0.0,4.94794,4.956
804,0.816,9.911294,0.242,1,0.00462062,0.0,4.94429,4.99
805,0.801,13.633658,0.258,1,0.00555198,0.0,4.9712,5.0
806,0.772,10.069465,0.241,1,0.00340605,0.0,4.9542,4.978
807,0.814,9.878784,0.219,1,0.00365319,0.0,4.95694,4.97
808,0.826,10.587439,0.26,1,0.00548655,0.0,5.15639,5.09
809,0.809,13.588126,0.244,1,0.00453208,0.0,5.03886,4.992
810,0.793,14.664016,0.229,1,0.00530571,0.0,4.82879,4.918
811,0.819,10.696952,0.274,1,0.00451603,0.0,5.14562,5.164
812,0.784,9.413579,0.254,1,0.00472363,0.0,4.94549,4.88
813,0.817,10.765244,0.22,1,0.00517539,0.0,4.91441,4.954
814,0.818,9.694759,0.237,1,0.00625,0.0,5.01205,4.98
815,0.811,13.735058,0.236,1,0.00268402,0.0,4.95167,4.966
816,0.796,12.884137,0.241,1,0.00658669,0.0,5.0567,5.044
817,0.854,10.462603,0.268,1,0.00464328,0.0,5.20445,5.214
818,0.81,13.077183,0.248,1,0.00424894,0.0,4.89319,4.906
819,0.809,12.053278,0.235,1,0.00575727,0.0,5.09265,5.116
820,0.822,10.241816,0.271,1,0.00457317,0.0,5.10705,5.138
821,0.804,11.04383,0.263,1,0.00466792,0.0,4.95979,4.924
822,0.832,12.708888,0.284,1,0.00268489,0.0,4.9741,4.942
823,0.81,10.635078,0.247,1,0.0049598,0.0,5.16376,5.154
824,0.795,13.005346,0.232,1,0.00470491,0.0,4.90089,4.944
825,0.82,11.883221,0.248,1,0.00384879,0.0,4.82343,4.848
826,0.77,12.058696,0.226,1,0.00479744,0.0,5.14375,5.106
827,0.776,11.442478,0.226,1,0.00419544,0.0,4.79104,4.776
828,0.838,10.61223,0.291,1,0.00562576,0.0,4.93561,4.97
829,0.785,20.95507,0.201,1,0.00464504,0.0,5.06549,5.1
830,0.85,10.408025,0.281,1,0.00481578,0.0,5.12216,5.108
831,0.793,10.792346,0.265,1,0.00579199,0.0,4.86245,4.9
832,0.783,11.233561,0.247,1,0.0048391,0.0,4.96158,4.998
833,0.823,14.448024,0.262,1,0.00484888,0.0,4.96748,4.982
834,0.796,10.541915,0.225,1,0.00270292,0.0,4.93492,4.948
835,0.817,11.519548,0.282,1,0.00591156,0.0,5.00473,5.07
836,0.819,14.561539,0.224,1,0.00523386,0.0,4.90505,4.908
837,0.808,11.103186,0.217,1,0.00511613,0.0,4.96532,4.96
838,0.801,12.908036,0.246,1,0.00528979,0.0,5.1173,5.098
839,0.733,11.582962,0.212,1,0.00387263,0.0,4.84167,4.8
840,0.733,9.054433,0.222,1,0.00441138,0.0,4.7832,4.834
841,0.788,10.728189,0.245,1,0.00405893,0.0,5.17665,5.14
842,0.807,10.119651,0.232,1,0.0030249,0.0,5.09001,5.066
843,0.809,13.265726,0.238,1,0.00555985,0.0,5.06255,5.116
844,0.82,12.843276,0.237,1,0.00400501,0.0,4.86207,4.93
845,0.804,12.412641,0.247,1,0.00410265,0.0,4.97837,4.994
846,0.83,14.43337,0.257,1,0.00525634,0.0,5.09984,5.148
847,0.806,12.42402,0.271,1,0.00516432,0.0,5.07143,5.04
848,0.805,10.517816,0.253,1,0.00483574,0.0,5.10102,5.108
849,0.822,13.530711,0.271,1,0.00531377,0.0,4.8254,4.914
850,0.819,12.98921,0.229,1,0.00528828,0.0,5.19855,5.238
851,0.816,12.383067,0.249,1,0.00790943,0.0,5.02964,5.128
852,0.809,11.149445,0.246,1,0.00501139,0.0,5.12252,5.142
853,0.806,12.47436,0.272,1,0.00604595,0.0,4.97793,4.984
854,0.839,10.912579,0.294,1,0.00507778,0.0,4.97275,4.99
855,0.792,10.215225,0.246,1,0.00322581,0.0,4.89474,4.94
856,0.809,12.070587,0.261,1,0.0060333,0.0,5.01452,4.958
857,0.807,12.097664,0.289,1,0.00422956,0.0,4.90163,4.92
858,0.796,10.080997,0.254,1,0.00483055,0.0,5.08658,5.128
859,0.751,14.87323,0.185,1,0.00690661,0.0,5.10219,5.108
860,0.853,10.916109,0.259,1,0.00483286,0.0,4.95213,5.014
861,0.778,16.176183,0.172,1,0.00368292,0.0,4.73391,4.818
862,0.846,11.948767,0.297,1,0.00360461,0.0,4.9916,5.002
863,0.845,10.45937,0.276,1,0.00782077,0.0,4.96361,4.946
864,0.761,15.580899,0.177,1,0.00457684,0.0,4.95386,5.028
865,0.81,10.384042,0.259,1,0.0034751,0.0,4.87732,4.956
866,0.827,9.206678,0.256,1,0.00421035,0.0,4.91599,4.928
867,0.779,12.723358,0.216,1,0.00617843,0.0,4.89279,4.962
868,0.774,15.428506,0.204,1,0.00471425,0.0,4.9533,4.882
869,0.808,11.862987,0.223,1,0.00364491,0.0,4.93445,5.004
870,0.799,9.581638,0.259,1,0.00598611,0.0,5.0016,5.01
871,0.796,15.303955,0.216,1,0.00608569,0.0,4.96935,4.96
872,0.792,9.002362,0.241,1,0.0054801,0.0,5.04649,4.99
873,0.779,13.020352,0.198,1,0.00334477,0.0,4.83416,4.824
874,0.763,10.444132,0.206,1,0.00471035,0.0,4.89523,4.944
875,0.785,11.892257,0.231,1,0.00558092,0.0,4.86867,4.858
876,0.824,10.316477,0.281,1,0.00534138,0.0,5.11401,5.052
877,0.789,13.221358,0.232,1,0.00426305,0.0,5.01068,5.056
878,0.791,14.798644,0.219,1,0.00511779,0.0,5.0,4.924
879,0.78,11.266998,0.244,1,0.0039624,0.0,5.08735,5.06
880,0.8,10.413778,0.245,1,0.00601202,0.0,5.05415,5.134
881,0.809,13.691751,0.222,1,0.00276074,0.0,5.15415,5.06
882,0.777,10.922058,0.254,1,0.00548839,0.0,5.02478,5.004
883,0.817,9.041465,0.27,1,0.00439713,0.0,5.11765,5.066
884,0.803,13.334953,0.214,1,0.0045213,0.0,4.99683,5.046
885,0.826,9.410464,0.243,1,0.00475543,0.0,5.13887,5.156
886,0.788,13.493096,0.249,1,0.0054424,0.0,4.96805,4.882
887,0.828,12.583367,0.261,1,0.0060714,0.0,4.94714,4.994
888,0.794,12.812415,0.245,1,0.0044255,0.0,4.92811,4.952
889,0.814,12.116419,0.229,1,0.00651268,0.0,4.77248,4.826
890,0.794,11.933086,0.233,1,0.0060611,0.0,4.95158,4.998
891,0.802,13.575923,0.209,1,0.00517777,0.0,4.79437,4.834
892,0.796,10.900541,0.218,1,0.00581689,0.0,4.87546,4.866
893,0.82,9.142763,0.243,1,0.00543521,0.0,5.0337,5.044
894,0.807,11.636037,0.237,1,0.00653709,0.0,4.77644,4.804
895,0.819,16.112914,0.223,1,0.0047053,0.0,4.93241,4.912
896,0.8,12.181512,0.24,1,0.00402145,0.0,4.90185,4.87
897,0.796,13.102405,0.245,1,0.0029395,0.0,4.95629,4.942
898,0.801,12.397236,0.261,1,0.00846122,0.0,4.92443,4.896
899,0.808,10.446104,0.267,1,0.00248447,0.0,4.91453,4.914
900,0.78,11.070194,0.253,1,0.00609013,0.0,4.97576,4.95
901,0.78,9.100855,0.267,1,0.00727729,0.0,4.92583,4.854
902,0.824,12.408379,0.27,1,0.00498489,0.0,5.16582,5.126
903,0.806,12.975133,0.261,1,0.00511364,0.0,4.91228,5.016
904,0.774,12.051285,0.245,1,0.00583068,0.0,5.0862,5.058
905,0.809,11.41693,0.225,1,0.00731707,0.0,5.02769,5.056
906,0.796,9.889203,0.25,1,0.00307014,0.0,5.03089,5.05
907,0.794,9.874735,0.209,1,0.00466563,0.0,4.92026,4.966
908,0.824,12.888751,0.231,1,0.00666371,0.0,5.1767,5.218
909,0.769,10.143595,0.227,1,0.00322208,0.0,4.96473,4.876
910,0.77,11.821068,0.244,1,0.00392574,0.0,4.93821,4.952
911,0.789,13.324867,0.228,1,0.00504727,0.0,5.02496,4.968
912,0.805,8.461125,0.225,1,0.00415725,0.0,5.29587,5.178
913,0.812,13.587303,0.284,1,0.00553062,0.0,4.97448,5.016
914,0.778,12.056694,0.235,1,0.00407446,0.0,5.0028,5.004
915,0.784,13.168686,0.203,1,0.00558943,0.0,4.8334,4.886
916,0.822,11.956745,0.275,1,0.00634714,0.0,4.96927,4.946
917,0.821,12.992548,0.239,1,0.00584368,0.0,4.94819,4.98
918,0.783,11.734728,0.208,1,0.00438027,0.0,5.01342,4.918
919,0.747,11.082129,0.231,1,0.00356097,0.0,5.03466,5.02
920,0.797,12.892503,0.209,1,0.00523996,0.0,4.87946,4.928
921,0.765,10.949536,0.238,1,0.00417178,0.0,4.9534,4.936
922,0.786,11.276563,0.247,1,0.00588185,0.0,4.80385,4.884
923,0.808,10.23093,0.237,1,0.00512195,0.0,4.94572,4.974
924,0.832,12.49544,0.258,1,0.00767632,0.0,5.0024,5.0
925,0.793,10.92746,0.224,1,0.00223196,0.0,4.88176,4.956
926,0.765,11.186205,0.233,1,0.00379357,0.0,5.01705,5.044
927,0.84,12.020004,0.264,1,0.00426271,0.0,5.02698,5.04
928,0.811,12.444816,0.25,1,0.00556758,0.0,5.07137,5.1
929,0.814,11.649547,0.281,1,0.00304105,0.0,4.88366,4.848
930,0.772,10.371553,0.224,1,0.0051895,0.0,5.03883,5.048
931,0.807,18.151979,0.238,1,0.00410166,0.0,4.9459,5.028
932,0.806,12.042029,0.239,1,0.00392381,0.0,4.96268,4.93
933,0.805,11.252417,0.251,1,0.00507314,0.0,4.8751,4.852
934,0.809,9.806341,0.276,1,0.00511035,0.0,5.1851,5.208
935,0.793,14.081046,0.228,1,0.00482724,0.0,4.87934,4.84
936,0.843,11.822284,0.306,1,0.00605425,0.0,4.98511,4.97
937,0.808,11.16604,0.229,1,0.00630448,0.0,5.07024,5.068
938,0.838,12.870812,0.258,1,0.00521503,0.0,5.10062,5.188
939,0.792,12.986347,0.204,1,0.00472245,0.0,4.91249,4.914
940,0.834,10.46413,0.281,1,0.00533684,0.0,5.09417,5.076
941,0.788,11.155898,0.216,1,0.00603723,0.0,4.87372,4.894
942,0.825,10.83208,0.249,1,0.00441718,0.0,4.95541,4.934
943,0.781,15.851252,0.222,1,0.00597659,0.0,4.93932,4.878
944,0.779,9.476016,0.232,1,0.00393604,0.0,4.92727,4.95
945,0.827,11.544014,0.267,1,0.00514286,0.0,4.95951,4.94
946,0.78,11.912574,0.243,1,0.00348201,0.0,4.91524,4.908
947,0.818,14.269032,0.245,1,0.00474398,0.0,5.11951,5.188
948,0.801,8.630305,0.239,1,0.00501672,0.0,5.02924,4.994
949,0.823,13.290388,0.263,1,0.00608416,0.0,4.88403,4.846
950,0.86,11.191901,0.262,1,0.00601347,0.0,4.97487,5.014
951,0.805,9.851771,0.24,1,0.0065596,0.0,5.14668,5.154
952,0.808,14.923737,0.236,1,0.00641737,0.0,5.02668,5.022
953,0.798,11.183307,0.242,1,0.00763245,0.0,5.17583,5.164
954,0.783,11.498731,0.24,1,0.00525,0.0,4.89596,4.902
955,0.811,11.954469,0.249,1,0.00425633,0.0,5.06063,5.014
956,0.779,11.776607,0.228,1,0.00411423,0.0,4.96635,4.992
957,0.82,10.714878,0.264,1,0.00571037,0.0,5.12446,5.126
958,0.815,11.093138,0.226,1,0.00340577,0.0,4.99473,4.938
959,0.811,12.617459,0.266,1,0.00511549,0.0,5.07154,5.088
960,0.79,12.776463,0.231,1,0.00556946,0.0,4.98351,4.972
961,0.812,16.594557,0.237,1,0.0053076,0.0,4.96605,5.008
962,0.778,10.275596,0.223,1,0.00660377,0.0,5.05364,5.034
963,0.798,13.022095,0.249,1,0.00641172,0.0,5.14774,5.09
964,0.769,14.055044,0.227,1,0.00625953,0.0,4.97644,5.008
965,0.858,11.803876,0.283,1,0.00534221,0.0,5.07904,5.086
966,0.797,16.625099,0.197,1,0.00485106,0.0,4.84736,4.848
967,0.86,13.887143,0.278,1,0.00732111,0.0,5.00907,5.072
968,0.815,14.179375,0.264,1,0.00638455,0.0,4.9282,4.958
969,0.765,12.035641,0.23,1,0.00546584,0.0,4.89263,4.936
970,0.854,11.004651,0.3,1,0.00586606,0.0,4.93526,4.974
971,0.824,9.68429,0.264,1,0.00526442,0.0,5.03899,4.976
972,0.793,14.708805,0.234,1,0.00581591,0.0,4.86828,4.874
973,0.842,8.623659,0.291,1,0.00451021,0.0,4.98737,5.068
974,0.779,11.635991,0.211,1,0.00452527,0.0,4.86466,4.906
975,0.8,12.346879,0.225,1,0.00415343,0.0,4.96121,4.95
976,0.76,11.421186,0.223,1,0.00560793,0.0,4.96529,4.956
977,0.772,14.50153,0.233,1,0.00550195,0.0,5.01841,4.998
978,0.798,10.862813,0.242,1,0.00503839,0.0,5.01967,4.982
979,0.824,10.17058,0.252,1,0.00503894,0.0,5.13043,5.106
980,0.865,12.813875,0.281,1,0.00371029,0.0,5.0853,5.088
981,0.761,13.099865,0.195,1,0.00382068,0.0,4.88106,4.826
982,0.778,12.296949,0.258,1,0.00544594,0.0,5.00791,5.06
983,0.756,12.933517,0.176,1,0.0041865,0.0,4.93798,4.934
984,0.78,11.577305,0.263,1,0.00372949,0.0,4.90687,4.918
985,0.777,9.95227,0.261,1,0.00468494,0.0,5.0882,5.034
986,0.783,9.95026,0.219,1,0.00457758,0.0,5.01288,4.968
987,0.784,11.041328,0.231,1,0.00415005,0.0,4.92545,4.99
988,0.809,14.541623,0.28,1,0.00424829,0.0,5.03008,5.054
989,0.756,13.031142,0.236,1,0.00619937,0.0,4.94199,4.896
990,0.829,19.221932,0.271,1,0.00517751,0.0,4.91239,4.954
991,0.801,14.666528,0.236,1,0.00532364,0.0,4.8921,4.838
992,0.773,10.943327,0.191,1,0.00501114,0.0,5.04292,4.986
993,0.817,12.505201,0.258,1,0.00592839,0.0,5.03422,5.026
994,0.825,10.827298,0.295,1,0.00555064,0.0,4.95456,5.018
995,0.741,11.113226,0.221,1,0.00784792,0.0,4.81242,4.766
996,0.742,11.726254,0.206,1,0.00563188,0.0,4.85661,4.826
997,0.799,13.338632,0.229,1,0.00532634,0.0,4.85949,4.868
998,0.8,13.635677,0.253,1,0.00315738,0.0,4.96064,4.98
999,0.738,14.999054,0.201,1,0.00470711,0.0,4.8,4.78
1000,0.836,11.074283,0.255,1,0.00553974,0.0,5.11089,5.086
1001,0.778,14.408222,0.193,1,0.00365943,0.0,4.94849,4.97
1002,0.785,10.181263,0.258,1,0.00522085,0.0,4.90329,4.922
1003,0.818,14.820881,0.214,1,0.00518045,0.0,4.79785,4.828
1004,0.786,14.69259,0.229,1,0.00548882,0.0,5.01236,5.016
1005,0.773,11.800637,0.219,1,0.00441826,0.0,4.97031,4.918
1006,0.82,10.895394,0.251,1,0.00531628,0.0,5.0918,5.098
1007,0.851,10.690191,0.259,1,0.00523643,0.0,4.98379,5.058
1008,0.717,12.818379,0.217,1,0.00659173,0.0,4.87356,4.856
1009,0.79,12.330093,0.24,1,0.00593788,0.0,5.16962,5.082
1010,0.824,11.846752,0.262,1,0.00641172,0.0,5.13765,5.1
1011,0.772,11.435769,0.221,1,0.00385043,0.0,4.81739,4.852
1012,0.809,11.291257,0.241,1,0.00605073,0.0,5.0792,5.076
1013,0.738,11.033895,0.225,1,0.00723398,0.0,5.07741,5.064
1014,0.765,17.606452,0.228,1,0.00479354,0.0,4.86937,4.884
1015,0.806,11.06527,0.26,1,0.00458052,0.0,4.99558,4.982
1016,0.805,11.466251,0.221,1,0.0049249,0.0,4.94641,4.926
1017,0.798,9.672002,0.248,1,0.00477365,0.0,4.99364,5.034
1018,0.8,12.038138,0.264,1,0.00499085,0.0,4.91095,4.896
1019,0.818,11.535047,0.225,1,0.00421105,0.0,4.92517,4.918
1020,0.799,9.628854,0.23,1,0.00577803,0.0,4.98042,5.004
1021,0.8,10.515536,0.228,1,0.00459492,0.0,4.96995,4.992
1022,0.801,11.775757,0.232,1,0.0060773,0.0,4.9742,4.962
1023,0.819,12.258075,0.239,1,0.00609954,0.0,4.97009,4.948
1024,0.81,11.127298,0.263,1,0.00575144,0.0,4.91077,4.886
1025,0.82,12.152584,0.238,1,0.00456274,0.0,5.08704,5.17
1026,0.753,11.373238,0.202,1,0.00460048,0.0,4.96992,4.986
1027,0.814,12.189685,0.223,1,0.00703753,0.0,4.85598,4.916
1028,0.828,10.205584,0.266,1,0.00309278,0.0,5.03192,5.012
1029,0.767,10.973094,0.224,1,0.00408098,0.0,4.97492,5.024
1030,0.807,9.539031,0.276,1,0.00631258,0.0,5.31098,5.19
1031,0.783,11.809718,0.235,1,0.00550898,0.0,4.98607,5.024
1032,0.806,10.660822,0.259,1,0.00412455,0.0,4.95194,4.994
1033,0.816,11.370273,0.255,1,0.00681354,0.0,5.15574,5.124
1034,0.802,11.804744,0.216,1,0.00440188,0.0,5.10406,5.074
1035,0.766,8.596654,0.216,1,0.0064819,0.0,5.19427,5.168
1036,0.781,15.847908,0.197,1,0.00460569,0.0,4.95833,4.992
1037,0.814,11.157834,0.23,1,0.00387567,0.0,5.11228,5.148
1038,0.796,11.44041,0.22,1,0.00416924,0.0,5.10927,5.07
1039,0.796,16.070551,0.214,1,0.00596374,0.0,5.02839,5.002
1040,0.795,11.817331,0.249,1,0.00534629,0.0,4.96981,4.968
1041,0.844,11.517972,0.27,1,0.00572155,0.0,5.00159,5.032
1042,0.802,9.877364,0.3,1,0.00598755,0.0,5.0084,5.002
1043,0.791,11.357761,0.223,1,0.00660685,0.0,4.90008,5.004
1044,0.796,9.113189,0.241,1,0.00524197,0.0,5.09404,5.168
1045,0.786,11.579663,0.21,1,0.00452668,0.0,5.03076,5.006
1046,0.761,10.304455,0.229,1,0.0047908,0.0,4.99561,5.014
1047,0.79,11.265014,0.26,1,0.00594483,0.0,5.02629,5.02
1048,0.788,10.571529,0.245,1,0.00453553,0.0,4.87751,4.882
1049,0.773,12.933193,0.249,1,0.00484076,0.0,4.82384,4.882
1050,0.77,13.759206,0.189,1,0.00478871,0.0,4.90239,4.856
1051,0.832,12.33316,0.237,1,0.00828591,0.0,4.88271,4.894
1052,0.812,10.248132,0.27,1,0.00302903,0.0,4.85102,4.9
1053,0.786,13.085383,0.25,1,0.00660577,0.0,4.94635,4.958
1054,0.78,8.900335,0.265,1,0.00551074,0.0,4.96078,5.048
1055,0.764,14.867759,0.225,1,0.00476695,0.0,4.76166,4.758
1056,0.797,8.54845,0.256,1,0.00423363,0.0,5.0177,5.084
1057,0.79,9.618322,0.268,1,0.00547489,0.0,5.02112,5.02
1058,0.714,14.301856,0.185,1,0.00577756,0.0,4.97883,5.006
1059,0.837,10.73476,0.255,1,0.00569305,0.0,5.03463,5.024
1060,0.81,10.289446,0.219,1,0.00509771,0.0,5.09524,5.082
1061,0.776,11.247158,0.222,1,0.00357512,0.0,4.99484,5.04
1062,0.81,9.197322,0.276,1,0.00462775,0.0,4.95853,4.968
1063,0.821,12.617873,0.252,1,0.00573842,0.0,5.01479,5.004
1064,0.8,12.65255,0.238,1,0.00447621,0.0,5.01141,5.082
1065,0.817,10.043412,0.255,1,0.00612101,0.0,5.05073,5.046
1066,0.804,13.533589,0.248,1,0.00498497,0.0,5.04108,5.014
1067,0.831,10.95171,0.251,1,0.00318601,0.0,4.92596,4.97
1068,0.802,10.623753,0.205,1,0.00298087,0.0,4.92135,4.908
1069,0.762,10.020605,0.233,1,0.00564787,0.0,4.91037,4.976
1070,0.821,11.830405,0.257,1,0.00598068,0.0,5.12859,5.086
1071,0.837,10.874429,0.286,1,0.00637996,0.0,5.0421,5.036
1072,0.825,10.100957,0.263,1,0.00482083,0.0,4.96252,5.016
1073,0.801,10.447999,0.232,1,0.00673131,0.0,5.01165,4.98
1074,0.807,11.823866,0.237,1,0.00389343,0.0,5.10881,5.128
1075,0.782,11.111646,0.265,1,0.00472772,0.0,4.79312,4.766
1076,0.829,10.826386,0.256,1,0.00358423,0.0,5.18467,5.166
1077,0.834,7.327687,0.261,1,0.0064908,0.0,4.86321,4.942
1078,0.808,8.195581,0.273,1,0.00661063,0.0,4.95471,4.946
1079,0.832,13.608859,0.239,1,0.00606943,0.0,4.94874,4.994
1080,0.799,10.012488,0.237,1,0.00463894,0.0,5.08412,5.088
1081,0.825,9.91951,0.225,1,0.0045833,0.0,5.1297,5.104
1082,0.806,10.119751,0.257,1,0.00669231,0.0,5.07812,5.12
1083,0.843,10.302912,0.239,1,0.00462759,0.0,5.17839,5.258
1084,0.741,14.354733,0.194,1,0.00533537,0.0,4.85526,4.864
1085,0.812,10.964469,0.298,1,0.0040313,0.0,5.0004,5.06
1086,0.803,12.903239,0.215,1,0.00661386,0.0,4.92243,4.976
1087,0.834,8.846922,0.27,1,0.00302191,0.0,4.83482,4.928
1088,0.814,12.887418,0.248,1,0.00538336,0.0,4.92172,4.982
1089,0.781,12.150509,0.231,1,0.00412621,0.0,4.93216,5.012
1090,0.82,10.932537,0.266,1,0.00574117,0.0,5.02645,4.99
1091,0.791,14.916687,0.217,1,0.00531208,0.0,5.22513,5.188
1092,0.802,10.747205,0.278,1,0.00485358,0.0,4.92903,5.016
1093,0.833,10.868348,0.24,1,0.00511225,0.0,5.19515,5.196
1094,0.799,13.014884,0.218,1,0.0051886,0.0,4.90586,4.95
1095,0.821,10.533947,0.283,1,0.00478583,0.0,5.0148,5.0
1096,0.77,10.72388,0.221,1,0.00235183,0.0,5.02205,5.08
1097,0.789,12.121535,0.227,1,0.00635493,0.0,5.05393,5.044
1098,0.805,15.464935,0.276,1,0.0043598,0.0,5.10903,5.118
1099,0.755,12.563889,0.194,1,0.00447761,0.0,4.88853,4.934
1100,0.769,11.026845,0.24,1,0.0042635,0.0,4.89844,4.884
1101,0.82,13.483544,0.267,1,0.00367366,0.0,5.12593,5.098
1102,0.786,12.094761,0.235,1,0.00482431,0.0,4.98078,4.994
1103,0.814,11.055125,0.251,1,0.00359454,0.0,5.0076,5.0
1104,0.804,9.419625,0.249,1,0.00546838,0.0,4.96967,5.078
1105,0.779,11.706297,0.242,1,0.00576,0.0,4.95442,5.046
1106,0.782,12.523177,0.258,1,0.00795097,0.0,4.92615,4.902
1107,0.818,9.246379,0.238,1,0.00370706,0.0,4.94058,4.914
1108,0.786,12.004257,0.25,1,0.00342745,0.0,4.91931,4.982
1109,0.795,11.136192,0.257,1,0.00531956,0.0,5.11475,5.072
1110,0.803,11.17612,0.255,1,0.0058277,0.0,4.8366,4.896
1111,0.82,10.666076,0.258,1,0.00558701,0.0,5.18902,5.174
1112,0.778,9.878826,0.242,1,0.00436532,0.0,4.8237,4.844
1113,0.773,11.591392,0.231,1,0.00562544,0.0,5.0629,5.056
1114,0.763,14.428261,0.215,1,0.00587707,0.0,4.92404,4.976
1115,0.818,14.740886,0.264,1,0.00558976,0.0,4.93958,4.998
1116,0.76,10.905618,0.225,1,0.00606249,0.0,5.07535,5.07
1117,0.828,12.811156,0.251,1,0.00312175,0.0,4.98723,5.01
1118,0.777,12.750538,0.226,1,0.00479798,0.0,4.84502,4.904
1119,0.841,9.818179,0.324,1,0.00547285,0.0,5.24054,5.23
1120,0.798,11.12753,0.237,1,0.00535236,0.0,4.93437,4.998
1121,0.819,9.764607,0.273,1,0.00766373,0.0,5.09385,5.072
1122,0.81,12.218548,0.239,1,0.00397702,0.0,5.24652,5.176
1123,0.768,9.827876,0.247,1,0.00481116,0.0,4.97249,5.016
1124,0.804,11.563474,0.238,1,0.00529525,0.0,4.9697,5.016
1125,0.811,10.963382,0.255,1,0.00363578,0.0,4.97468,4.976
1126,0.802,11.620159,0.235,1,0.00522569,0.0,5.17804,5.1
1127,0.779,11.957036,0.223,1,0.0059652,0.0,4.89457,4.932
1128,0.768,11.138784,0.245,1,0.00476987,0.0,4.88154,4.896
1129,0.8,15.261661,0.239,1,0.00344771,0.0,4.92999,4.942
1130,0.776,10.709968,0.241,1,0.00607829,0.0,5.02812,4.908
1131,0.809,14.28031,0.294,1,0.00585176,0.0,4.9374,4.984
1132,0.783,12.364905,0.23,1,0.00464476,0.0,4.80017,4.844
1133,0.774,13.731755,0.237,1,0.00472524,0.0,4.76763,4.794
1134,0.803,10.905893,0.222,1,0.00571837,0.0,5.02033,5.016
1135,0.813,11.300028,0.252,1,0.00600739,0.0,5.11584,5.076
1136,0.78,13.884647,0.206,1,0.00508105,0.0,4.98152,4.978
1137,0.815,8.756908,0.228,1,0.00393153,0.0,4.88165,5.002
1138,0.795,12.648187,0.233,1,0.00643634,0.0,5.20085,5.198
1139,0.754,12.358469,0.204,1,0.00449888,0.0,4.87729,4.922
1140,0.824,15.648308,0.247,1,0.00548948,0.0,4.89138,4.916
1141,0.797,14.275268,0.218,1,0.00448784,0.0,5.08447,4.996
1142,0.828,8.27087,0.307,1,0.00405631,0.0,5.03928,4.99
1143,0.811,12.252414,0.27,1,0.00678426,0.0,5.15986,5.142
1144,0.781,12.278536,0.203,1,0.00252932,0.0,5.09848,5.118
1145,0.789,7.778885,0.235,1,0.00347251,0.0,4.88884,4.948
1146,0.8,15.632818,0.227,1,0.00501546,0.0,4.8749,4.908
1147,0.79,11.738446,0.233,1,0.00259583,0.0,4.81742,4.798
1148,0.836,12.107959,0.271,1,0.00514916,0.0,4.94144,4.952
1149,0.759,12.235051,0.234,1,0.00554482,0.0,4.87029,4.888
1150,0.804,9.68747,0.268,1,0.00558162,0.0,4.95868,4.986
1151,0.805,10.466155,0.221,1,0.00371402,0.0,5.07819,5.09
1152,0.835,11.436671,0.283,1,0.00393701,0.0,5.22713,5.248
1153,0.792,13.934911,0.223,1,0.00688758,0.0,5.1203,5.104
1154,0.79,11.699301,0.247,1,0.00584971,0.0,5.15423,5.174
1155,0.783,9.967341,0.304,1,0.0064531,0.0,5.13491,5.07
1156,0.809,13.645243,0.206,1,0.00857143,0.0,5.03597,5.004
1157,0.795,11.734942,0.271,1,0.00583658,0.0,4.95422,4.98
1158,0.813,7.795165,0.266,1,0.00454442,0.0,5.15139,5.126
1159,0.742,13.231606,0.196,1,0.00359312,0.0,4.82418,4.846
1160,0.78,13.965237,0.203,1,0.00446116,0.0,4.78326,4.78
1161,0.784,10.716637,0.2,1,0.00525938,0.0,4.97976,5.04
1162,0.768,10.785307,0.248,1,0.00468057,0.0,4.95443,4.916
1163,0.793,14.662264,0.232,1,0.00425319,0.0,4.86648,4.928
1164,0.777,12.173938,0.239,1,0.00290463,0.0,4.99355,4.964
1165,0.787,9.958727,0.18,1,0.00353412,0.0,5.02883,5.064
1166,0.816,9.853664,0.214,1,0.00578964,0.0,5.01452,4.96
1167,0.761,11.343531,0.229,1,0.00461657,0.0,4.85151,4.822
1168,0.799,12.734109,0.231,1,0.00379927,0.0,5.0415,5.012
1169,0.792,13.584062,0.205,1,0.00535032,0.0,4.87578,4.83
1170,0.774,14.449463,0.195,1,0.00379447,0.0,5.00792,5.052
1171,0.788,8.732535,0.22,1,0.00677762,0.0,5.12901,5.178
1172,0.803,10.402576,0.233,1,0.0069757,0.0,5.13955,5.188
1173,0.758,10.227448,0.241,1,0.00489596,0.0,4.93159,4.97
1174,0.816,11.028387,0.256,1,0.00456219,0.0,5.01364,4.984
1175,0.751,11.552965,0.236,1,0.00570295,0.0,4.9123,4.926
1176,0.789,9.511908,0.257,1,0.00477997,0.0,5.17878,5.09
1177,0.787,14.919383,0.203,1,0.00542495,0.0,4.9295,4.936
1178,0.808,15.39826,0.202,1,0.0023465,0.0,5.05736,5.056
1179,0.828,10.63802,0.247,1,0.00453677,0.0,4.99364,5.032
1180,0.812,11.710066,0.249,1,0.00651516,0.0,5.10412,5.052
1181,0.784,12.809881,0.222,1,0.00558569,0.0,4.92348,5.018
1182,0.821,14.907754,0.24,1,0.00350686,0.0,5.08803,5.044
1183,0.834,8.239922,0.323,1,0.00638395,0.0,5.11984,5.14
1184,0.77,8.828403,0.274,1,0.00647841,0.0,4.91429,4.9
1185,0.827,13.943072,0.248,1,0.00534967,0.0,5.09802,5.06
1186,0.825,11.228934,0.292,1,0.00406194,0.0,4.84502,4.878
1187,0.792,12.774003,0.225,1,0.00694742,0.0,4.85994,4.798
1188,0.752,11.621922,0.199,1,0.00553195,0.0,4.9892,5.0
1189,0.793,10.70161,0.216,1,0.00516775,0.0,4.92765,4.948
1190,0.828,13.064583,0.264,1,0.00516817,0.0,4.91731,4.958
1191,0.809,10.355431,0.249,1,0.00621266,0.0,4.99801,5.024
1192,0.81,13.447742,0.241,1,0.00416157,0.0,4.94952,4.952
1193,0.796,10.589597,0.25,1,0.00554571,0.0,5.09737,5.094
1194,0.82,13.425699,0.226,1,0.00527108,0.0,4.86051,4.918
1195,0.778,9.574576,0.232,1,0.00612116,0.0,5.35733,5.306
1196,0.829,10.144627,0.296,1,0.00627428,0.0,5.17711,5.172
1197,0.794,14.46524,0.215,1,0.00631136,0.0,4.73165,4.822
1198,0.797,11.721281,0.262,1,0.00396891,0.0,4.90032,4.936
1199,0.808,14.941312,0.24,1,0.00507146,0.0,5.10153,5.102
1200,0.792,9.736543,0.24,1,0.00564131,0.0,5.07677,5.028
1201,0.813,10.828943,0.272,1,0.00444774,0.0,4.92336,4.932
1202,0.765,11.340438,0.216,1,0.00426877,0.0,5.02982,5.03
1203,0.822,10.147216,0.245,1,0.00383724,0.0,4.98764,5.016
1204,0.812,11.379648,0.23,1,0.00521306,0.0,5.13023,5.16
1205,0.797,14.092453,0.263,1,0.00554828,0.0,5.0731,5.116
1206,0.783,10.060237,0.216,1,0.0055253,0.0,4.9972,4.998
1207,0.735,12.494593,0.21,1,0.00620723,0.0,5.01037,5.016
1208,0.8,12.61655,0.261,1,0.0049456,0.0,4.89588,4.956
1209,0.771,9.926151,0.235,1,0.00536289,0.0,4.70084,4.76
1210,0.786,11.942641,0.255,1,0.00515802,0.0,4.93495,4.95
1211,0.826,14.42318,0.233,1,0.00485751,0.0,4.96064,4.98
1212,0.852,10.052255,0.296,1,0.00317628,0.0,5.11726,5.168
1213,0.794,10.843222,0.304,1,0.00435379,0.0,4.9612,5.0
1214,0.812,10.038623,0.242,1,0.00370542,0.0,5.11409,5.066
1215,0.815,11.352863,0.248,1,0.00458287,0.0,4.841,4.868
1216,0.789,12.347596,0.266,1,0.00258095,0.0,5.02397,5.09
1217,0.803,15.28478,0.252,1,0.00367486,0.0,4.76208,4.8
1218,0.807,11.046901,0.269,1,0.00458521,0.0,4.8485,4.858
1219,0.778,11.834109,0.226,1,0.00471143,0.0,5.02764,5.066
1220,0.743,13.009655,0.212,1,0.00594213,0.0,4.80033,4.838
1221,0.772,11.625875,0.222,1,0.00781184,0.0,4.86117,4.898
1222,0.82,11.152378,0.263,1,0.00595102,0.0,5.11193,5.128
1223,0.807,11.144117,0.295,1,0.00525143,0.0,5.00717,5.02
1224,0.818,9.682964,0.259,1,0.00380319,0.0,5.00436,5.044
1225,0.78,10.060783,0.235,1,0.00442478,0.0,4.91107,4.97
1226,0.781,11.514986,0.233,1,0.00490396,0.0,4.94543,4.948
1227,0.828,9.338066,0.269,1,0.00509259,0.0,5.09634,5.086
1228,0.753,11.913569,0.234,1,0.00396138,0.0,4.89972,4.946
1229,0.804,11.053723,0.258,1,0.00491075,0.0,5.08281,5.048
1230,0.8,10.449727,0.238,1,0.00271225,0.0,4.95197,4.914
1231,0.736,12.57166,0.233,1,0.00465686,0.0,4.96149,4.934
1232,0.829,11.573465,0.271,1,0.00443338,0.0,5.0758,5.066
1233,0.802,13.406723,0.245,1,0.00525855,0.0,5.02442,4.996
1234,0.793,9.086396,0.221,1,0.00420315,0.0,4.76429,4.794
1235,0.777,13.511255,0.237,1,0.00492781,0.0,4.80956,4.81
1236,0.787,12.472672,0.219,1,0.00384156,0.0,4.8465,4.834
1237,0.811,9.724963,0.257,1,0.00412939,0.0,5.14033,5.088
1238,0.804,9.499515,0.273,1,0.00519074,0.0,4.94379,4.91
1239,0.822,10.439737,0.231,1,0.00586304,0.0,5.05813,5.058
1240,0.799,14.167393,0.257,1,0.0031625,0.0,4.95659,4.976
1241,0.808,11.830544,0.253,1,0.00583559,0.0,4.81433,4.912
1242,0.818,12.181703,0.246,1,0.00551823,0.0,5.02169,4.98
1243,0.79,16.466946,0.218,1,0.00361098,0.0,5.00683,4.978
1244,0.765,11.178114,0.239,1,0.0062751,0.0,4.91044,4.868
1245,0.78,10.275522,0.245,1,0.00541383,0.0,4.92964,4.946
1246,0.798,12.26983,0.252,1,0.00488599,0.0,4.94762,4.964
1247,0.847,11.249006,0.294,1,0.00403194,0.0,4.99368,5.066
1248,0.804,9.505049,0.272,1,0.00373861,0.0,5.10091,5.034
1249,0.813,11.591494,0.279,1,0.00426885,0.0,4.90435,4.872
1250,0.763,10.292793,0.222,1,0.00550872,0.0,4.9002,4.89
1251,0.82,10.747598,0.257,1,0.00655022,0.0,4.97026,4.976
1252,0.811,12.184388,0.266,1,0.00502765,0.0,4.87301,4.898
1253,0.76,11.193424,0.201,1,0.00382588,0.0,4.83834,4.862
1254,0.78,11.748739,0.251,1,0.00513782,0.0,4.95835,4.946
1255,0.821,9.186033,0.288,1,0.00460971,0.0,5.06459,5.14
1256,0.771,11.755225,0.182,1,0.00670552,0.0,5.05121,4.96
1257,0.8,12.814928,0.254,1,0.00380357,0.0,4.85673,4.872
1258,0.755,14.769014,0.203,1,0.00709667,0.0,5.04857,5.024
1259,0.824,9.189892,0.27,1,0.00624326,0.0,5.12401,5.064
1260,0.793,11.120887,0.255,1,0.00456402,0.0,4.9757,5.02
1261,0.735,11.712654,0.214,1,0.0042278,0.0,4.8957,4.928
1262,0.78,9.134137,0.256,1,0.00380048,0.0,5.03789,5.014
1263,0.841,13.598506,0.266,1,0.00777375,0.0,5.21909,5.176
1264,0.808,11.331317,0.244,1,0.00385511,0.0,4.97046,5.01
1265,0.765,11.270139,0.205,1,0.00398539,0.0,4.91993,4.896
1266,0.834,12.220221,0.272,1,0.00585278,0.0,5.1635,5.162
1267,0.829,9.998786,0.266,1,0.00332095,0.0,5.03865,5.02
1268,0.816,10.164305,0.26,1,0.00603318,0.0,4.87899,4.892
1269,0.823,10.904214,0.253,1,0.00628825,0.0,4.88411,4.884
1270,0.804,12.492796,0.25,1,0.00576879,0.0,5.15095,5.048
1271,0.829,9.741301,0.278,1,0.00315585,0.0,4.96305,4.98
1272,0.844,8.860481,0.261,1,0.00629113,0.0,5.28026,5.238
1273,0.831,10.138365,0.285,1,0.00622407,0.0,5.19277,5.198
1274,0.818,9.675134,0.262,1,0.00673583,0.0,5.05717,5.108
1275,0.755,15.057535,0.184,1,0.00460532,0.0,4.97068,4.98
1276,0.807,8.97985,0.193,1,0.00607287,0.0,5.09076,5.046
1277,0.798,9.543163,0.257,1,0.00645558,0.0,5.08281,5.12
1278,0.801,13.7022,0.223,1,0.00341825,0.0,4.95643,4.958
1279,0.802,15.936962,0.218,1,0.00583942,0.0,4.98585,4.946
1280,0.762,8.646257,0.226,1,0.00371747,0.0,4.90478,4.936
1281,0.838,12.759782,0.27,1,0.00521858,0.0,5.15076,5.134
1282,0.793,10.918668,0.229,1,0.00601655,0.0,4.86266,4.922
1283,0.808,8.835784,0.28,1,0.00362949,0.0,5.10618,5.18
1284,0.793,11.040073,0.263,1,0.00583158,0.0,5.10155,5.042
1285,0.784,13.737353,0.227,1,0.00704853,0.0,4.969,4.968
1286,0.814,12.661164,0.261,1,0.00769709,0.0,5.0858,5.058
1287,0.796,12.844638,0.211,1,0.00619146,0.0,4.97355,5.066
1288,0.821,11.798451,0.27,1,0.00403286,0.0,5.19193,5.158
1289,0.763,11.941043,0.216,1,0.00629151,0.0,4.7943,4.774
1290,0.76,14.720334,0.185,1,0.00411955,0.0,4.95795,4.994
1291,0.813,11.166718,0.271,1,0.00700825,0.0,5.07388,5.062
1292,0.82,12.263406,0.265,1,0.00471893,0.0,4.91216,4.918
1293,0.818,10.151268,0.28,1,0.0046523,0.0,4.94032,4.96
1294,0.81,12.676814,0.253,1,0.00580318,0.0,4.95883,5.004
1295,0.79,12.653826,0.216,1,0.00523517,0.0,4.87404,4.938
1296,0.777,7.82042,0.235,1,0.00336242,0.0,5.00441,4.992
1297,0.814,11.020351,0.269,1,0.00645707,0.0,5.10557,5.096
1298,0.811,10.343346,0.265,1,0.00671348,0.0,5.09595,5.086
1299,0.768,10.555981,0.236,1,0.00372825,0.0,4.92251,4.904
1300,0.822,11.906683,0.263,1,0.00608565,0.0,5.17295,5.146
1301,0.852,10.12695,0.246,1,0.00419098,0.0,4.9029,4.964
1302,0.799,12.57455,0.242,1,0.00424462,0.0,5.04241,5.046
1303,0.828,10.009519,0.285,1,0.0051739,0.0,5.28523,5.266
1304,0.799,7.098132,0.247,1,0.00364579,0.0,4.96101,4.976
1305,0.788,10.309313,0.229,1,0.0038901,0.0,4.94747,4.988
1306,0.784,12.056813,0.247,1,0.00476868,0.0,4.88675,4.892
1307,0.774,12.089101,0.222,1,0.00377169,0.0,4.88975,4.88
1308,0.777,9.774224,0.228,1,0.00776099,0.0,4.88902,4.902
1309,0.72,20.381246,0.129,1,0.00456621,0.0,4.87068,4.856
1310,0.802,15.379192,0.184,1,0.00450413,0.0,4.90147,4.892
1311,0.824,15.829233,0.197,1,0.00329142,0.0,4.81863,4.918
1312,0.821,11.081102,0.252,1,0.00476479,0.0,5.14675,5.138
1313,0.805,13.294728,0.253,1,0.00521492,0.0,5.00831,5.054
1314,0.831,10.584782,0.265,1,0.00453782,0.0,4.86907,4.888
1315,0.81,13.157688,0.255,1,0.0058736,0.0,5.04704,5.06
1316,0.849,11.983608,0.238,1,0.00688182,0.0,5.01468,5.042
1317,0.795,11.101736,0.224,1,0.00604351,0.0,4.96797,4.996
1318,0.806,12.379309,0.218,1,0.00650655,0.0,5.02787,4.952
1319,0.757,13.003028,0.21,1,0.00369155,0.0,4.92724,4.948
1320,0.795,9.321482,0.255,1,0.00474083,0.0,5.04826,5.014
1321,0.791,12.096084,0.264,1,0.00627767,0.0,4.98596,4.984
1322,0.838,10.31047,0.297,1,0.00636735,0.0,4.9455,4.954
1323,0.806,9.274355,0.243,1,0.00445802,0.0,4.87641,4.968
1324,0.799,10.784278,0.242,1,0.00438861,0.0,4.79216,4.85
1325,0.843,11.253548,0.275,1,0.00445104,0.0,5.06767,5.054
1326,0.814,13.579747,0.235,1,0.00641574,0.0,4.80872,4.862
1327,0.825,9.693488,0.261,1,0.00492905,0.0,5.15198,5.198
1328,0.806,10.279763,0.263,1,0.00669076,0.0,5.07533,5.124
1329,0.824,10.309396,0.275,1,0.00509299,0.0,5.05421,5.128
1330,0.814,10.538408,0.277,1,0.00470921,0.0,5.08217,5.014
1331,0.812,8.974688,0.222,1,0.00339751,0.0,4.94678,4.998
1332,0.827,13.481881,0.232,1,0.00356041,0.0,4.97598,5.08
1333,0.752,12.694147,0.236,1,0.00368211,0.0,5.07237,5.14
1334,0.807,12.314644,0.224,1,0.00570096,0.0,4.82576,4.798
1335,0.794,11.610465,0.244,1,0.00480806,0.0,5.13239,5.106
1336,0.821,13.956307,0.25,1,0.0050226,0.0,4.86599,4.91
1337,0.79,11.027901,0.236,1,0.00541563,0.0,4.82697,4.82
1338,0.819,13.383593,0.276,1,0.0035344,0.0,5.06847,5.024
1339,0.835,10.599392,0.271,1,0.00570689,0.0,5.13962,5.114
1340,0.76,11.602976,0.226,1,0.00708679,0.0,5.12017,5.126
1341,0.822,8.845485,0.258,1,0.0050598,0.0,5.12937,5.086
1342,0.761,10.717945,0.225,1,0.00411699,0.0,4.82175,4.836
1343,0.822,12.695969,0.238,1,0.00476748,0.0,4.87205,4.908
1344,0.811,13.041064,0.249,1,0.00449846,0.0,4.98074,5.088
1345,0.742,12.620054,0.203,1,0.00442007,0.0,4.92026,4.966
1346,0.818,10.23648,0.223,1,0.00473934,0.0,5.0258,5.038
1347,0.799,10.405641,0.286,1,0.00516392,0.0,5.10423,5.008
1348,0.806,9.551836,0.26,1,0.00554037,0.0,5.20654,5.2
1349,0.766,11.617685,0.207,1,0.00406148,0.0,5.00279,5.02
1350,0.79,14.791498,0.21,1,0.00526358,0.0,4.97185,5.044
1351,0.796,13.273309,0.252,1,0.00477547,0.0,4.86588,4.906
1352,0.831,13.170998,0.238,1,0.00467443,0.0,4.94084,4.936
1353,0.826,12.008079,0.281,1,0.00545153,0.0,5.02262,5.04
1354,0.807,9.786119,0.226,1,0.00422999,0.0,5.03987,5.066
1355,0.814,10.239684,0.251,1,0.0049142,0.0,5.07924,5.048
1356,0.845,10.687221,0.247,1,0.00440496,0.0,5.20481,5.234
1357,0.782,11.563194,0.219,1,0.00306044,0.0,4.86476,4.836
1358,0.826,7.714003,0.311,1,0.00487409,0.0,4.98179,4.942
1359,0.811,14.489324,0.219,1,0.00418248,0.0,5.06314,5.1
1360,0.828,12.335587,0.236,1,0.00656083,0.0,4.96621,4.972
1361,0.782,11.070338,0.222,1,0.0056899,0.0,5.02542,5.036
1362,0.848,10.379889,0.297,1,0.00530291,0.0,4.95265,5.026
1363,0.85,11.71449,0.273,1,0.00588328,0.0,5.04272,5.056
1364,0.826,11.297661,0.228,1,0.00473821,0.0,5.02699,5.038
1365,0.813,11.839079,0.251,1,0.00386393,0.0,5.1358,5.14
1366,0.813,11.814429,0.225,1,0.00175278,0.0,4.90422,4.886
1367,0.797,11.256282,0.243,1,0.00546282,0.0,5.15246,5.116
1368,0.771,10.20815,0.231,1,0.00410151,0.0,4.83595,4.84
1369,0.805,12.712231,0.231,1,0.00678119,0.0,4.68247,4.724
1370,0.778,13.313632,0.209,1,0.00472676,0.0,4.92405,4.898
1371,0.82,10.67908,0.282,1,0.00524795,0.0,5.14196,5.114
1372,0.811,14.664397,0.263,1,0.0069378,0.0,5.02807,4.988
1373,0.798,9.375309,0.249,1,0.003124,0.0,5.0016,4.992
1374,0.806,10.84383,0.259,1,0.0049165,0.0,5.07083,5.054
1375,0.78,10.146584,0.244,1,0.00513459,0.0,5.1089,5.032
1376,0.833,10.908548,0.285,1,0.00519235,0.0,5.02809,5.056
1377,0.789,9.898759,0.24,1,0.00430931,0.0,5.00839,5.004
1378,0.839,11.092957,0.266,1,0.00499562,0.0,4.73641,4.818
1379,0.823,14.378753,0.229,1,0.00490044,0.0,5.05147,5.09
1380,0.805,12.660498,0.242,1,0.00570059,0.0,4.89051,4.95
1381,0.843,10.518322,0.26,1,0.00559475,0.0,4.92926,5.004
1382,0.775,12.698589,0.234,1,0.00515464,0.0,4.96627,4.922
1383,0.767,12.309491,0.243,1,0.00530717,0.0,4.98637,4.988
1384,0.786,14.193711,0.23,1,0.00475624,0.0,5.0279,5.018
1385,0.801,9.85462,0.234,1,0.00579753,0.0,5.20062,5.174
1386,0.782,13.124564,0.21,1,0.00636527,0.0,4.94711,4.954
1387,0.801,11.919857,0.234,1,0.00696774,0.0,4.78198,4.862
1388,0.801,12.553754,0.245,1,0.00438312,0.0,4.96174,4.966
1389,0.802,11.987563,0.256,1,0.00389231,0.0,4.96657,4.966
1390,0.828,11.423031,0.279,1,0.00602922,0.0,5.06341,5.11
1391,0.79,9.889244,0.247,1,0.00648949,0.0,5.07409,5.102
1392,0.811,12.924019,0.241,1,0.00549101,0.0,4.99047,5.036
1393,0.801,10.454191,0.256,1,0.00485241,0.0,4.96188,4.984
1394,0.809,10.537183,0.302,1,0.00414095,0.0,4.95215,4.974
1395,0.769,10.507406,0.229,1,0.00372332,0.0,4.89312,4.94
1396,0.777,10.575547,0.27,1,0.00473037,0.0,5.02536,5.048
1397,0.747,11.773179,0.191,1,0.00500556,0.0,5.02235,5.012
1398,0.79,12.530639,0.222,1,0.0035452,0.0,4.85334,4.882
1399,0.796,11.625614,0.227,1,0.0046929,0.0,4.88576,4.972
1400,0.827,9.640861,0.249,1,0.00655073,0.0,5.09253,5.036
1401,0.742,10.781474,0.183,1,0.00364805,0.0,4.79309,4.804
1402,0.826,11.389453,0.28,1,0.00542291,0.0,5.12428,5.182
1403,0.826,8.708256,0.245,1,0.00261593,0.0,5.0179,5.028
1404,0.804,14.127983,0.207,1,0.00615858,0.0,4.81706,4.854
1405,0.828,11.260135,0.242,1,0.00557578,0.0,5.06591,5.098
1406,0.817,12.781589,0.23,1,0.00395932,0.0,5.06329,5.088
1407,0.837,11.137069,0.257,1,0.00536673,0.0,5.02619,5.116
1408,0.846,8.381411,0.259,1,0.00522529,0.0,5.16022,5.118
1409,0.729,14.622861,0.197,1,0.00576017,0.0,4.75633,4.818
1410,0.79,13.800665,0.22,1,0.00394704,0.0,4.92947,4.934
1411,0.807,10.149931,0.258,1,0.00404409,0.0,5.0203,5.024
1412,0.813,13.611801,0.231,1,0.00356973,0.0,5.03435,5.008
1413,0.789,14.009592,0.22,1,0.00408654,0.0,4.95828,5.034
1414,0.798,9.881649,0.241,1,0.00695142,0.0,5.09323,5.084
1415,0.808,13.542394,0.232,1,0.00605624,0.0,5.30808,5.226
1416,0.768,13.369093,0.223,1,0.00480445,0.0,4.85235,4.89
1417,0.786,9.780801,0.284,1,0.00343485,0.0,5.13161,5.106
1418,0.821,11.186024,0.246,1,0.00525876,0.0,4.93614,4.854
1419,0.816,12.531484,0.221,1,0.00437637,0.0,4.9754,4.96
1420,0.799,10.271606,0.24,1,0.0056506,0.0,5.09273,5.004
1421,0.805,9.966753,0.251,1,0.00533189,0.0,5.05903,5.116
1422,0.765,12.532165,0.218,1,0.00420987,0.0,5.1226,5.008
1423,0.835,12.936574,0.253,1,0.00477213,0.0,4.9992,5.03
1424,0.813,13.803976,0.235,1,0.00437284,0.0,5.12785,5.084
1425,0.779,14.948222,0.235,1,0.00643266,0.0,5.00875,5.028
1426,0.812,11.894599,0.235,1,0.00244938,0.0,4.93672,4.962
1427,0.832,11.348959,0.246,1,0.0041828,0.0,5.08068,5.082
1428,0.818,10.600307,0.269,1,0.00784215,0.0,4.83449,4.906
1429,0.796,10.246284,0.233,1,0.00381255,0.0,4.99802,5.038
1430,0.814,12.420628,0.231,1,0.00565435,0.0,4.92056,4.96
1431,0.79,10.429714,0.242,1,0.00421732,0.0,4.90191,4.934
1432,0.756,16.900028,0.221,1,0.00443131,0.0,4.77354,4.822
1433,0.732,9.645704,0.198,1,0.0042114,0.0,4.91877,4.924
1434,0.792,11.954567,0.234,1,0.00709278,0.0,4.98415,4.922
1435,0.762,10.173721,0.226,1,0.00577377,0.0,4.78285,4.78
1436,0.744,13.330235,0.194,1,0.00571098,0.0,4.93344,4.898
1437,0.816,12.854862,0.251,1,0.00532983,0.0,5.09886,5.078
1438,0.79,11.676936,0.247,1,0.00600578,0.0,5.2397,5.148
1439,0.767,9.328912,0.217,1,0.00539189,0.0,5.07616,5.042
1440,0.783,11.104933,0.242,1,0.00583563,0.0,4.98707,4.948
1441,0.771,10.347595,0.233,1,0.00344405,0.0,5.09992,5.124
1442,0.805,12.334841,0.263,1,0.00380439,0.0,5.03271,5.014
1443,0.8,10.539505,0.242,1,0.00728332,0.0,4.99071,4.952
1444,0.805,12.142926,0.245,1,0.0046225,0.0,4.97017,4.962
1445,0.809,12.120106,0.289,1,0.0049067,0.0,5.17147,5.202
1446,0.825,10.066633,0.269,1,0.00512303,0.0,5.05612,5.096
1447,0.787,13.625667,0.236,1,0.00431724,0.0,5.01323,4.99
1448,0.771,10.125253,0.25,1,0.00504081,0.0,4.98127,5.018
1449,0.784,11.20376,0.229,1,0.00540364,0.0,4.94494,4.94
1450,0.85,12.198077,0.266,1,0.00441484,0.0,5.08507,5.078
1451,0.752,12.446759,0.19,1,0.00491506,0.0,4.84419,4.788
1452,0.801,13.284217,0.211,1,0.00573294,0.0,5.00359,5.02
1453,0.775,9.790964,0.25,1,0.00640519,0.0,5.03223,5.026
1454,0.784,9.00132,0.237,1,0.00436717,0.0,4.9579,4.988
1455,0.8,10.079368,0.22,1,0.00666557,0.0,4.88424,4.976
1456,0.783,10.455097,0.186,1,0.00714399,0.0,4.98931,5.05
1457,0.791,8.152432,0.27,1,0.00592008,0.0,4.97017,4.894
1458,0.788,12.654131,0.187,1,0.00401391,0.0,4.6732,4.798
1459,0.805,14.434926,0.238,1,0.00647549,0.0,5.10709,5.08
1460,0.816,11.806729,0.27,1,0.00474871,0.0,5.00793,5.046
1461,0.785,8.986568,0.226,1,0.00535845,0.0,4.98866,4.938
1462,0.837,11.699485,0.255,1,0.00567481,0.0,4.92068,4.942
1463,0.802,11.115987,0.228,1,0.00568671,0.0,4.79785,4.838
1464,0.773,13.131482,0.24,1,0.00596327,0.0,5.06117,4.97
1465,0.814,17.34192,0.233,1,0.00444375,0.0,5.06596,5.064
1466,0.792,10.090987,0.226,1,0.00549144,0.0,4.99801,5.028
1467,0.751,13.119574,0.184,1,0.00504484,0.0,4.97728,5.018
1468,0.823,12.860262,0.254,1,0.0050396,0.0,4.98644,5.014
1469,0.806,14.374966,0.221,1,0.00468596,0.0,4.96085,4.904
1470,0.813,10.600002,0.246,1,0.00605083,0.0,4.98793,4.97
1471,0.808,10.791689,0.262,1,0.00634846,0.0,5.02323,5.08
1472,0.77,10.93727,0.23,1,0.00362786,0.0,4.9996,4.962
1473,0.835,12.636978,0.254,1,0.00405116,0.0,5.03157,5.004
1474,0.78,13.037719,0.215,1,0.00530547,0.0,4.97202,5.004
1475,0.812,12.881261,0.234,1,0.00384585,0.0,4.98045,5.012
1476,0.798,12.182957,0.236,1,0.00575494,0.0,4.9706,5.034
1477,0.843,10.06462,0.3,1,0.00519562,0.0,5.04488,5.036
1478,0.818,12.90666,0.239,1,0.00526064,0.0,4.98847,5.03
1479,0.794,14.542014,0.214,1,0.00434671,0.0,4.85035,4.838
1480,0.831,11.424082,0.292,1,0.00633374,0.0,4.93389,4.992
1481,0.782,16.783569,0.185,1,0.00438703,0.0,4.95931,4.964
1482,0.76,15.8061,0.227,1,0.00549268,0.0,4.93065,4.874
1483,0.752,9.958415,0.231,1,0.00478965,0.0,5.0028,5.008
1484,0.781,10.855726,0.263,1,0.00757144,0.0,4.99512,4.918
1485,0.785,12.18412,0.227,1,0.00439959,0.0,4.83806,4.792
1486,0.806,12.439536,0.229,1,0.00542139,0.0,4.92078,4.948
1487,0.779,11.124537,0.203,1,0.00577571,0.0,5.03677,4.95
1488,0.799,12.271884,0.237,1,0.00444701,0.0,4.9142,4.942
1489,0.804,12.230007,0.252,1,0.00491803,0.0,4.93727,4.942
1490,0.792,10.401943,0.236,1,0.00412889,0.0,4.93488,5.006
1491,0.797,15.306557,0.235,1,0.00572139,0.0,4.91643,4.906
1492,0.8,10.884549,0.264,1,0.00399734,0.0,5.16597,5.23
1493,0.764,16.683207,0.199,1,0.00559339,0.0,5.00041,4.934
1494,0.776,11.343424,0.208,1,0.00572709,0.0,4.86788,4.95
1495,0.819,10.226014,0.308,1,0.00469851,0.0,5.05943,5.048
1496,0.797,12.644243,0.242,1,0.00631477,0.0,4.95865,4.982
1497,0.841,10.524744,0.304,1,0.00457868,0.0,4.9796,5.0
1498,0.771,10.409322,0.224,1,0.00716874,0.0,5.09945,5.088
1499,0.771,10.226256,0.235,1,0.0057985,0.0,4.98475,4.982
1500,0.806,11.721002,0.254,1,0.0059486,0.0,4.97357,5.07
1501,0.848,11.902337,0.281,1,0.00599101,0.0,4.91735,4.888
1502,0.824,11.790103,0.249,1,0.006697,0.0,4.81082,4.842
1503,0.822,9.740708,0.279,1,0.00388004,0.0,4.96827,4.98
1504,0.795,14.998192,0.259,1,0.00568229,0.0,4.91819,4.938
1505,0.786,16.649217,0.218,1,0.00666258,0.0,5.12078,5.1
1506,0.788,12.67944,0.257,1,0.00509731,0.0,5.11374,5.064
1507,0.801,15.761567,0.235,1,0.00429628,0.0,4.96406,5.064
1508,0.839,11.714184,0.302,1,0.00594719,0.0,5.01631,5.028
1509,0.802,13.306089,0.25,1,0.00452812,0.0,4.99921,5.036
1510,0.836,13.438741,0.25,1,0.00629566,0.0,5.10151,5.044
1511,0.794,9.925033,0.262,1,0.00345253,0.0,4.91317,4.952
1512,0.797,13.640894,0.267,1,0.0050905,0.0,4.95436,4.996
1513,0.821,9.655489,0.249,1,0.00664084,0.0,5.0095,5.05
1514,0.787,13.149971,0.23,1,0.00464972,0.0,5.07432,5.086
1515,0.819,12.840357,0.235,1,0.00497906,0.0,5.01705,5.044
1516,0.772,13.306304,0.221,1,0.00518817,0.0,4.96443,4.892
1517,0.815,8.792709,0.254,1,0.00490958,0.0,4.92981,4.958
1518,0.797,10.013112,0.263,1,0.0054862,0.0,5.03886,4.992
1519,0.815,14.965464,0.232,1,0.00455996,0.0,5.12184,5.138
1520,0.837,12.56816,0.268,1,0.00417698,0.0,5.07578,5.094
1521,0.824,11.038397,0.273,1,0.00478507,0.0,5.0156,5.0
1522,0.768,12.376911,0.217,1,0.0039887,0.0,4.89984,4.912
1523,0.766,12.507085,0.226,1,0.00563081,0.0,4.94113,4.96
1524,0.807,11.164946,0.254,1,0.00350031,0.0,5.05744,5.084
1525,0.802,11.859996,0.233,1,0.00522524,0.0,5.01828,5.034
1526,0.829,12.020444,0.259,1,0.00669294,0.0,5.1779,5.194
1527,0.825,11.84115,0.265,1,0.00420725,0.0,5.05315,5.08
1528,0.837,9.983783,0.256,1,0.00402077,0.0,4.88262,4.89
1529,0.801,9.703102,0.217,1,0.00412655,0.0,4.95351,4.99
1530,0.828,12.758859,0.237,1,0.00531326,0.0,5.20592,5.206
1531,0.771,12.935943,0.218,1,0.00611321,0.0,5.14363,5.152
1532,0.815,10.105912,0.28,1,0.00521976,0.0,5.16166,5.122
1533,0.802,11.929102,0.278,1,0.00419167,0.0,4.90605,4.96
1534,0.818,12.21568,0.258,1,0.00537359,0.0,4.80689,4.878
1535,0.818,10.669995,0.251,1,0.00567388,0.0,4.93948,4.924
1536,0.771,12.675992,0.231,1,0.00486342,0.0,4.9907,4.944
1537,0.816,14.170331,0.239,1,0.00574229,0.0,5.11194,5.11
1538,0.802,9.112463,0.261,1,0.00279655,0.0,5.08212,5.066
1539,0.793,11.030991,0.274,1,0.00643883,0.0,4.93844,4.906
1540,0.821,9.105121,0.244,1,0.00595533,0.0,4.92866,4.906
1541,0.788,11.325061,0.229,1,0.00424646,0.0,4.90204,4.9
1542,0.787,11.237651,0.231,1,0.00478965,0.0,4.97103,5.04
1543,0.79,10.414256,0.261,1,0.00472402,0.0,4.94508,4.88
1544,0.807,12.096342,0.235,1,0.00549534,0.0,5.106,5.132
1545,0.81,11.057596,0.252,1,0.00377537,0.0,5.02133,5.064
1546,0.816,10.640509,0.246,1,0.00469554,0.0,5.21454,5.146
1547,0.767,12.585244,0.172,1,0.00340301,0.0,4.94669,4.99
1548,0.828,13.826778,0.218,1,0.00630583,0.0,5.15918,5.164
1549,0.825,12.900763,0.249,1,0.00629887,0.0,5.31231,5.2
1550,0.801,10.214035,0.259,1,0.005556,0.0,4.96959,4.998
1551,0.766,12.051073,0.231,1,0.0047162,0.0,4.93911,4.894
1552,0.79,10.701996,0.234,1,0.00633323,0.0,4.93825,4.988
1553,0.796,11.500103,0.279,1,0.00716789,0.0,5.05882,4.964
1554,0.798,10.984174,0.245,1,0.00473859,0.0,5.0648,5.0
1555,0.802,12.50543,0.274,1,0.00443787,0.0,5.0807,5.056
1556,0.819,10.452231,0.245,1,0.00326032,0.0,4.88644,4.896
1557,0.778,11.307069,0.239,1,0.00633117,0.0,4.98785,4.94
1558,0.818,13.02776,0.248,1,0.00660241,0.0,5.15532,5.112
1559,0.852,9.808393,0.292,1,0.00499089,0.0,4.95797,5.092
1560,0.823,9.717806,0.254,1,0.00497945,0.0,5.04466,5.016
1561,0.814,11.012131,0.238,1,0.00622456,0.0,4.96474,5.048
1562,0.771,20.439301,0.205,1,0.00500351,0.0,4.76852,4.778
1563,0.762,12.561916,0.255,1,0.00460193,0.0,5.11294,5.1
1564,0.79,12.919702,0.227,1,0.00518705,0.0,5.03124,5.058
1565,0.807,11.76082,0.22,1,0.00531743,0.0,4.98074,4.984
1566,0.807,13.088886,0.283,1,0.00427479,0.0,5.15423,5.174
1567,0.817,10.557602,0.283,1,0.00488599,0.0,4.92184,4.99
1568,0.807,11.991468,0.251,1,0.00226567,0.0,4.89003,4.874
1569,0.813,9.384567,0.276,1,0.00352231,0.0,4.88889,4.878
1570,0.774,11.158777,0.248,1,0.00477441,0.0,4.98888,5.038
1571,0.801,11.501507,0.243,1,0.00691185,0.0,4.83258,4.85
1572,0.78,12.166585,0.25,1,0.00531273,0.0,5.03363,4.936
1573,0.829,11.068803,0.304,1,0.00534635,0.0,5.07511,5.086
1574,0.818,9.534897,0.257,1,0.00549451,0.0,4.9992,5.024
1575,0.742,12.295883,0.221,1,0.00676546,0.0,4.96839,4.998
1576,0.806,12.738527,0.237,1,0.00670863,0.0,4.8843,4.944
1577,0.807,12.306087,0.225,1,0.00499168,0.0,5.1588,5.126
1578,0.801,9.38174,0.25,1,0.00345736,0.0,4.9222,4.936
1579,0.83,15.027222,0.245,1,0.00497512,0.0,5.00118,5.064
1580,0.774,10.57871,0.223,1,0.00576834,0.0,5.11487,5.084
1581,0.775,13.095369,0.221,1,0.00357173,0.0,4.80548,4.894
1582,0.803,9.016685,0.306,1,0.00600601,0.0,5.09494,5.098
1583,0.81,10.404816,0.25,1,0.00420237,0.0,4.92532,4.928
1584,0.79,9.356429,0.263,1,0.00544121,0.0,5.05219,5.02
1585,0.807,14.100118,0.244,1,0.00444826,0.0,5.05483,5.07
1586,0.81,10.554947,0.246,1,0.00505828,0.0,5.18275,5.264
1587,0.817,9.108471,0.257,1,0.00478431,0.0,5.0325,4.984
1588,0.813,12.741877,0.262,1,0.00472089,0.0,4.91013,4.918
1589,0.853,10.119326,0.289,1,0.00665239,0.0,5.10062,5.128
1590,0.833,9.518323,0.287,1,0.00637544,0.0,5.03368,5.048
1591,0.79,9.048847,0.23,1,0.00391837,0.0,4.93156,4.968
1592,0.804,12.874134,0.234,1,0.00576046,0.0,5.01364,4.986
1593,0.84,12.315405,0.251,1,0.00412151,0.0,5.14409,5.094
1594,0.794,13.961644,0.223,1,0.00566929,0.0,5.03968,5.04
1595,0.79,10.449225,0.238,1,0.00550699,0.0,4.7627,4.804
1596,0.778,13.433415,0.204,1,0.00444406,0.0,4.77968,4.802
1597,0.807,16.244506,0.275,1,0.00451592,0.0,5.02468,5.024
1598,0.797,7.97045,0.223,1,0.00405019,0.0,4.98101,5.056
1599,0.802,11.544083,0.262,1,0.00405714,0.0,4.85275,4.876
1600,0.821,10.102597,0.282,1,0.00679369,0.0,5.02985,5.092
1601,0.814,11.02897,0.268,1,0.00594201,0.0,5.00674,5.042
1602,0.806,12.490831,0.255,1,0.00358651,0.0,4.97305,5.046
1603,0.829,11.892942,0.251,1,0.00497002,0.0,5.00632,5.064
1604,0.824,12.800337,0.245,1,0.005869,0.0,5.07304,5.038
1605,0.843,10.575665,0.311,1,0.00431551,0.0,4.97337,5.032
1606,0.797,10.302401,0.28,1,0.00431482,0.0,4.998,5.008
1607,0.81,11.448184,0.241,1,0.00523519,0.0,5.04078,5.002
1608,0.805,10.513757,0.268,1,0.00558285,0.0,5.23335,5.134
1609,0.846,11.342422,0.282,1,0.00411178,0.0,5.09228,5.158
1610,0.777,13.32673,0.234,1,0.00500793,0.0,4.85848,4.932
1611,0.808,12.957118,0.238,1,0.00486825,0.0,5.0989,5.076
1612,0.79,11.105907,0.245,1,0.00354638,0.0,5.01145,5.064
1613,0.805,13.774191,0.238,1,0.0029431,0.0,4.91838,4.974
1614,0.785,10.46784,0.235,1,0.00603962,0.0,4.99116,4.976
1615,0.804,10.603422,0.262,1,0.00401733,0.0,5.0158,5.062
1616,0.795,12.908562,0.235,1,0.00350701,0.0,4.89016,4.898
1617,0.816,11.117742,0.227,1,0.00774466,0.0,5.08068,5.032
1618,0.835,10.153186,0.249,1,0.00570603,0.0,5.12037,5.134
1619,0.793,11.241659,0.221,1,0.00401101,0.0,5.03166,5.054
1620,0.769,8.433341,0.24,1,0.00600623,0.0,5.22106,5.166
1621,0.799,11.508399,0.232,1,0.00587684,0.0,4.79616,4.896
1622,0.832,7.955649,0.29,1,0.00546488,0.0,5.23417,5.244
1623,0.819,9.872021,0.252,1,0.00391615,0.0,5.1191,5.088
1624,0.841,10.711638,0.272,1,0.00515464,0.0,4.93021,4.958
1625,0.77,11.610082,0.228,1,0.0042454,0.0,4.87937,4.924
1626,0.852,11.358592,0.255,1,0.00469925,0.0,5.05663,5.05
1627,0.79,13.542871,0.217,1,0.00357654,0.0,5.00676,5.026
1628,0.837,9.265056,0.302,1,0.00470219,0.0,5.06148,5.042
1629,0.791,11.711559,0.219,1,0.00548054,0.0,5.00796,5.028
1630,0.765,14.319846,0.185,1,0.00482574,0.0,5.11159,5.108
1631,0.807,13.324925,0.252,1,0.00485909,0.0,4.94712,4.992
1632,0.791,12.16948,0.234,1,0.00603622,0.0,4.87454,4.894
1633,0.781,13.950227,0.223,1,0.00748379,0.0,4.85899,4.95
1634,0.793,10.380411,0.257,1,0.0049124,0.0,4.925,4.96
1635,0.756,11.190183,0.234,1,0.00574529,0.0,5.03495,4.978
1636,0.786,13.513048,0.243,1,0.00404537,0.0,5.01871,5.024
1637,0.772,10.656044,0.225,1,0.00654716,0.0,5.05715,5.074
1638,0.796,11.356965,0.249,1,0.00492328,0.0,4.91015,4.964
1639,0.77,11.188893,0.242,1,0.00400334,0.0,4.90991,4.884
1640,0.808,17.289802,0.199,1,0.00366356,0.0,5.12598,5.112
1641,0.796,10.569049,0.265,1,0.0055788,0.0,5.0791,5.082
1642,0.796,10.607106,0.259,1,0.0067455,0.0,4.88925,4.912
1643,0.816,9.910846,0.287,1,0.00459629,0.0,5.14342,5.076
1644,0.825,11.240474,0.253,1,0.00626398,0.0,5.21384,5.144
1645,0.808,10.910473,0.232,1,0.00611957,0.0,5.07203,5.026
1646,0.795,12.054489,0.232,1,0.00490396,0.0,4.98371,4.91
1647,0.773,13.735722,0.214,1,0.00466281,0.0,4.7895,4.836
1648,0.791,10.597767,0.255,1,0.00360577,0.0,4.996,4.996
1649,0.776,11.805694,0.221,1,0.0050741,0.0,4.98635,4.98
1650,0.769,10.735446,0.231,1,0.00332056,0.0,4.87142,4.822
1651,0.82,9.737203,0.305,1,0.00442822,0.0,5.10996,5.038
1652,0.795,10.754978,0.225,1,0.00678784,0.0,5.14713,5.152
1653,0.826,13.068252,0.25,1,0.00629371,0.0,5.06294,5.084
1654,0.809,10.658131,0.224,1,0.00420515,0.0,4.91012,4.94
1655,0.811,11.00684,0.232,1,0.00360113,0.0,4.80354,4.856
1656,0.81,13.6594,0.217,1,0.00566974,0.0,5.00355,5.076
1657,0.791,7.547568,0.255,1,0.00410661,0.0,4.96165,5.006
1658,0.83,9.918959,0.299,1,0.00389968,0.0,5.07686,5.152
1659,0.801,11.983172,0.257,1,0.00434328,0.0,4.99518,4.978
1660,0.745,13.731124,0.206,1,0.00647898,0.0,5.07635,5.108
1661,0.807,12.962211,0.252,1,0.00515424,0.0,5.11178,5.01
1662,0.822,10.164974,0.291,1,0.00533333,0.0,5.19831,5.194
1663,0.809,17.221601,0.231,1,0.00444064,0.0,5.04957,5.084
1664,0.791,10.84469,0.256,1,0.00527682,0.0,4.85918,4.914
1665,0.816,10.802175,0.238,1,0.00445251,0.0,4.90218,4.948
1666,0.787,13.214119,0.249,1,0.0051143,0.0,5.07671,5.084
1667,0.821,10.747361,0.245,1,0.00479578,0.0,4.98248,5.022
1668,0.81,10.792519,0.292,1,0.00488878,0.0,4.95079,4.958
1669,0.811,13.534675,0.243,1,0.00632072,0.0,5.08128,5.044
1670,0.757,10.75256,0.224,1,0.00478126,0.0,5.05193,4.968
1671,0.829,10.86134,0.28,1,0.00478287,0.0,5.1413,5.124
1672,0.785,13.712951,0.257,1,0.0045469,0.0,5.0124,5.002
1673,0.808,9.831551,0.25,1,0.00378818,0.0,5.02021,5.048
1674,0.787,8.942028,0.22,1,0.00583158,0.0,5.07137,5.072
1675,0.78,9.471669,0.236,1,0.00441176,0.0,5.10874,5.058
1676,0.775,16.269697,0.197,1,0.00310238,0.0,4.79901,4.836
1677,0.818,11.264332,0.292,1,0.00736167,0.0,5.02506,5.028
1678,0.815,11.529197,0.278,1,0.00476758,0.0,5.01195,5.022
1679,0.758,12.301264,0.246,1,0.00396858,0.0,4.92869,4.908
1680,0.807,12.050501,0.238,1,0.00401248,0.0,5.17416,5.202
1681,0.82,11.121768,0.229,1,0.00655996,0.0,4.76177,4.802
1682,0.781,14.559367,0.219,1,0.00600731,0.0,4.76598,4.82
1683,0.701,11.525353,0.153,1,0.00507915,0.0,4.84537,4.876
1684,0.85,11.583449,0.288,1,0.00507428,0.0,5.21596,5.214
1685,0.76,10.681715,0.242,1,0.00532407,0.0,5.06844,5.114
1686,0.757,12.784258,0.242,1,0.00691025,0.0,5.01594,5.02
1687,0.827,11.578707,0.227,1,0.00503625,0.0,5.12715,5.112
1688,0.808,10.389985,0.295,1,0.00585343,0.0,5.09058,5.034
1689,0.851,10.785585,0.281,1,0.00297964,0.0,4.91138,4.92
1690,0.851,10.844264,0.278,1,0.00337729,0.0,4.98837,4.986
1691,0.834,13.38979,0.233,1,0.00488636,0.0,5.21506,5.18
1692,0.806,8.239713,0.274,1,0.0051454,0.0,5.08403,5.046
1693,0.781,19.683842,0.229,1,0.00419907,0.0,5.07899,5.064
1694,0.786,12.639914,0.22,1,0.0043246,0.0,4.85909,4.854
1695,0.81,12.456676,0.265,1,0.00450188,0.0,4.89392,4.902
1696,0.853,9.989516,0.304,1,0.00488941,0.0,5.09893,5.054
1697,0.811,12.243486,0.24,1,0.00571951,0.0,5.09837,5.144
1698,0.819,10.671654,0.246,1,0.00435098,0.0,4.98034,4.984
1699,0.797,9.756512,0.278,1,0.0058489,0.0,4.93189,4.992
1700,0.816,13.908336,0.25,1,0.00571111,0.0,5.04684,4.996
1701,0.798,11.012915,0.253,1,0.00460476,0.0,4.84187,4.844
1702,0.741,12.998283,0.22,1,0.0063358,0.0,4.96411,4.96
1703,0.812,13.90874,0.209,1,0.00484496,0.0,4.94964,5.004
1704,0.798,10.418106,0.273,1,0.00474131,0.0,4.91295,4.894
1705,0.805,10.144255,0.264,1,0.00491228,0.0,5.04127,5.088
1706,0.83,10.085273,0.296,1,0.00520546,0.0,4.98388,5.088
1707,0.81,11.743452,0.225,1,0.00364313,0.0,4.94872,4.992
1708,0.781,10.214369,0.238,1,0.00633159,0.0,5.07457,5.042
1709,0.786,13.802085,0.259,1,0.00529056,0.0,4.87833,4.882
1710,0.827,9.761773,0.245,1,0.00395594,0.0,5.09767,5.058
1711,0.818,12.621104,0.254,1,0.00385883,0.0,4.97958,4.996
1712,0.787,11.273655,0.238,1,0.00534805,0.0,4.84375,4.864
1713,0.827,10.045735,0.254,1,0.00530419,0.0,4.99518,4.982
1714,0.805,12.620652,0.218,1,0.00714658,0.0,5.18448,5.182
1715,0.809,10.900407,0.259,1,0.00582434,0.0,5.07968,5.07
1716,0.823,13.892742,0.244,1,0.00419167,0.0,4.89618,4.97
1717,0.808,8.322266,0.27,1,0.00587899,0.0,4.95429,4.944
1718,0.795,12.29751,0.264,1,0.00370943,0.0,5.06855,5.106
1719,0.743,12.222214,0.217,1,0.00573888,0.0,5.0004,5.018
1720,0.776,12.93743,0.23,1,0.00482601,0.0,4.83067,4.89
1721,0.829,10.890025,0.284,1,0.00411429,0.0,5.13699,5.11
1722,0.782,11.489543,0.254,1,0.00558433,0.0,4.96424,4.978
1723,0.783,10.08555,0.224,1,0.00640417,0.0,5.03704,5.022
1724,0.755,10.596034,0.234,1,0.00657174,0.0,4.87233,4.872
1725,0.806,11.808604,0.248,1,0.00487465,0.0,5.08019,5.088
1726,0.827,9.196636,0.26,1,0.00552663,0.0,4.97609,5.018
1727,0.804,11.181884,0.243,1,0.0077769,0.0,5.04358,5.048
1728,0.789,12.13177,0.232,1,0.00487211,0.0,4.96372,4.962
1729,0.781,13.46758,0.228,1,0.00444189,0.0,4.93385,4.928
1730,0.815,12.946778,0.243,1,0.00637828,0.0,4.93304,4.958
1731,0.772,12.009329,0.233,1,0.00474834,0.0,5.03025,5.024
1732,0.756,12.529365,0.248,1,0.00456438,0.0,4.99121,5.004
1733,0.805,12.010537,0.262,1,0.00366268,0.0,4.76204,4.816
1734,0.81,11.890858,0.255,1,0.00490196,0.0,5.05984,5.08
1735,0.808,10.612721,0.275,1,0.00458716,0.0,4.71102,4.72
1736,0.841,10.062577,0.277,1,0.00391856,0.0,5.08995,5.114
1737,0.831,12.096761,0.267,1,0.00538841,0.0,5.1851,5.154
1738,0.769,10.880029,0.226,1,0.00766993,0.0,4.77399,4.752
1739,0.797,14.658941,0.231,1,0.00419684,0.0,4.90198,4.958
1740,0.821,13.427507,0.256,1,0.00422535,0.0,5.03546,5.076
1741,0.756,16.75304,0.231,1,0.00473672,0.0,5.05669,5.01
1742,0.781,9.641665,0.201,1,0.00644735,0.0,4.91989,4.918
1743,0.809,15.253436,0.202,1,0.00486524,0.0,5.05623,5.122
1744,0.785,13.832879,0.25,1,0.0038638,0.0,4.97119,4.998
1745,0.779,8.881765,0.259,1,0.00520833,0.0,5.07692,4.992
1746,0.77,13.335421,0.208,1,0.00257378,0.0,4.8506,4.806
1747,0.786,11.618556,0.219,1,0.00467098,0.0,4.97675,4.904
1748,0.849,12.124875,0.259,1,0.006539,0.0,5.06746,5.07
1749,0.801,9.272038,0.242,1,0.00487211,0.0,4.94181,4.984
1750,0.78,16.504635,0.173,1,0.00677623,0.0,5.05672,5.078
1751,0.786,10.494148,0.221,1,0.00382979,0.0,4.83141,4.864
1752,0.778,10.526214,0.269,1,0.00549669,0.0,5.01919,5.002
1753,0.786,14.433118,0.246,1,0.00532531,0.0,5.07918,5.102
1754,0.813,11.83837,0.28,1,0.00489077,0.0,4.93484,4.972
1755,0.784,13.356057,0.198,1,0.00610799,0.0,4.94324,4.968
1756,0.808,11.595547,0.251,1,0.00678627,0.0,5.03535,5.092
1757,0.798,13.021807,0.241,1,0.00563866,0.0,5.05303,5.054
1758,0.765,10.250316,0.255,1,0.00486514,0.0,4.82736,4.854
1759,0.799,13.05197,0.218,1,0.00482805,0.0,4.83654,4.882
1760,0.79,10.188882,0.219,1,0.00517922,0.0,4.92071,4.944
1761,0.807,9.455425,0.292,1,0.00288046,0.0,5.01324,4.986
1762,0.82,9.502442,0.275,1,0.00512821,0.0,5.32423,5.274
1763,0.79,9.999431,0.258,1,0.00618606,0.0,5.03957,5.004
1764,0.795,10.107495,0.25,1,0.00854214,0.0,4.97652,4.94
1765,0.821,11.616065,0.241,1,0.00516224,0.0,4.89531,4.986
1766,0.833,15.082911,0.254,1,0.00316718,0.0,5.17603,5.124
1767,0.791,12.795268,0.212,1,0.00332113,0.0,4.81863,4.874
1768,0.777,9.160656,0.261,1,0.00479042,0.0,4.998,5.012
1769,0.789,10.830647,0.224,1,0.0040319,0.0,4.70928,4.74
1770,0.843,9.069692,0.32,1,0.00366011,0.0,5.2601,5.298
1771,0.786,18.865647,0.22,1,0.00580084,0.0,4.97076,4.994
1772,0.786,9.230831,0.255,1,0.00536153,0.0,5.18895,5.176
1773,0.771,12.992329,0.225,1,0.0070749,0.0,4.9465,4.972
1774,0.789,14.23572,0.209,1,0.00491159,0.0,4.90405,4.982
1775,0.772,9.269223,0.247,1,0.00549669,0.0,5.03126,4.99
1776,0.811,12.877393,0.237,1,0.00823577,0.0,5.01823,4.936
1777,0.774,9.822589,0.214,1,0.00559656,0.0,4.99959,4.932
1778,0.823,11.08511,0.294,1,0.00524142,0.0,4.99286,5.044
1779,0.83,12.938325,0.241,1,0.00307838,0.0,5.04138,5.026
1780,0.805,11.1959,0.237,1,0.00523519,0.0,5.00874,5.034
1781,0.815,11.412115,0.266,1,0.00457491,0.0,5.12906,5.114
1782,0.825,9.409019,0.26,1,0.00477387,0.0,4.90349,4.87
1783,0.829,9.6675,0.272,1,0.00506222,0.0,5.34699,5.32
1784,0.816,14.012637,0.244,1,0.00487092,0.0,4.96493,4.962
1785,0.719,13.120846,0.207,1,0.00339899,0.0,4.80084,4.78
1786,0.831,12.885177,0.246,1,0.0037747,0.0,5.23277,5.164
1787,0.753,13.109429,0.228,1,0.00417601,0.0,5.10905,5.062
1788,0.802,10.295358,0.241,1,0.00491481,0.0,4.95053,4.932
1789,0.795,9.418715,0.273,1,0.0052844,0.0,5.23434,5.206
1790,0.793,9.852648,0.252,1,0.00592885,0.0,4.99211,5.068
1791,0.791,14.095067,0.248,1,0.00678562,0.0,4.92247,4.85
1792,0.831,13.289192,0.271,1,0.00698907,0.0,4.98119,4.998
1793,0.771,12.361216,0.233,1,0.00444115,0.0,4.92866,4.934
1794,0.836,10.64228,0.257,1,0.00167839,0.0,4.971,5.034
1795,0.786,13.753489,0.22,1,0.00769354,0.0,5.01124,4.98
1796,0.803,13.746885,0.221,1,0.00582434,0.0,5.07768,5.072
1797,0.817,14.280382,0.211,1,0.0043045,0.0,4.98807,5.03
1798,0.814,10.065519,0.281,1,0.00291451,0.0,4.94476,4.996
1799,0.8,10.35647,0.255,1,0.0059929,0.0,5.21049,5.188
1800,0.813,10.40034,0.271,1,0.00722022,0.0,5.00401,4.982
1801,0.777,12.10739,0.189,1,0.00755545,0.0,4.99756,4.926
1802,0.824,7.615586,0.33,1,0.00487465,0.0,5.09621,5.072
1803,0.81,12.170576,0.253,1,0.00704501,0.0,5.03151,5.078
1804,0.829,10.833974,0.26,1,0.00557711,0.0,4.93892,5.01
1805,0.821,11.504876,0.266,1,0.00608235,0.0,5.05081,5.078
1806,0.785,11.024992,0.227,1,0.00438192,0.0,5.11321,5.088
1807,0.818,9.851972,0.253,1,0.00512737,0.0,4.94248,4.972
1808,0.806,10.46006,0.259,1,0.00552056,0.0,5.33976,5.292
1809,0.793,11.600326,0.279,1,0.00275046,0.0,4.89714,4.9
1810,0.782,11.61267,0.257,1,0.00394704,0.0,4.94149,4.922
1811,0.774,10.388396,0.206,1,0.00416191,0.0,4.94113,4.96
1812,0.841,12.558561,0.213,1,0.00389914,0.0,4.78681,4.822
1813,0.804,15.372385,0.205,1,0.00329475,0.0,4.87923,4.852
1814,0.799,13.652981,0.223,1,0.00507778,0.0,4.98473,4.978
1815,0.8,11.865667,0.243,1,0.00443787,0.0,5.03686,5.1
1816,0.782,10.577887,0.223,1,0.00428499,0.0,4.86193,4.896
1817,0.826,14.050509,0.256,1,0.00635749,0.0,4.91743,4.99
1818,0.812,10.663695,0.259,1,0.0046037,0.0,5.12102,5.09
1819,0.794,10.497239,0.221,1,0.00539285,0.0,5.14886,5.186
1820,0.81,12.384505,0.252,1,0.00414634,0.0,4.95768,4.962
1821,0.778,10.324435,0.24,1,0.00534387,0.0,5.08747,5.076
1822,0.82,8.419261,0.296,1,0.00492795,0.0,5.18104,5.17
1823,0.802,12.83688,0.242,1,0.00526195,0.0,5.10631,5.136
1824,0.83,10.265521,0.259,1,0.0053684,0.0,5.09635,5.044
1825,0.791,8.647034,0.242,1,0.00294647,0.0,4.92661,4.96
1826,0.79,15.967827,0.224,1,0.00487763,0.0,4.80708,4.862
1827,0.797,10.303232,0.225,1,0.00490196,0.0,4.93349,4.962
1828,0.792,9.588456,0.225,1,0.0034353,0.0,4.9219,4.968
1829,0.733,12.254088,0.209,1,0.0039557,0.0,4.78184,4.758
1830,0.807,13.084516,0.227,1,0.00342159,0.0,4.95359,4.956
1831,0.822,10.061624,0.252,1,0.00460123,0.0,5.12982,5.084
1832,0.834,9.601434,0.263,1,0.00556758,0.0,5.06541,5.106
1833,0.781,11.197105,0.267,1,0.00556721,0.0,4.98351,4.974
1834,0.786,12.8833,0.225,1,0.00383387,0.0,5.07499,4.934
1835,0.832,9.445609,0.291,1,0.00438394,0.0,5.09682,5.102
1836,0.838,12.689723,0.265,1,0.00553038,0.0,5.05592,5.15
1837,0.791,10.365957,0.237,1,0.00369975,0.0,4.92828,4.936
1838,0.828,9.232845,0.274,1,0.00506407,0.0,5.09301,5.118
1839,0.784,13.858222,0.184,1,0.00598372,0.0,4.99363,5.02
1840,0.792,11.314572,0.224,1,0.00476834,0.0,5.02516,5.008
1841,0.815,9.873215,0.265,1,0.00649853,0.0,5.08697,5.082
1842,0.777,11.537276,0.244,1,0.00352615,0.0,4.83009,4.932
1843,0.764,10.616479,0.254,1,0.00353329,0.0,5.05798,5.036
1844,0.784,10.645644,0.268,1,0.00465953,0.0,4.90497,4.988
1845,0.824,10.065544,0.253,1,0.00490597,0.0,4.93543,4.956
1846,0.784,11.064762,0.224,1,0.0047123,0.0,4.9071,4.93
1847,0.798,9.311498,0.262,1,0.00560611,0.0,5.00936,4.914
1848,0.79,10.336525,0.242,1,0.00591813,0.0,4.9355,4.93
1849,0.781,12.543857,0.244,1,0.00588764,0.0,4.95302,4.938
1850,0.782,15.081629,0.232,1,0.00294768,0.0,4.93854,4.946
1851,0.77,9.980918,0.219,1,0.00428299,0.0,4.99327,5.05
1852,0.822,11.199574,0.234,1,0.00589345,0.0,5.05803,5.032
1853,0.747,11.512738,0.213,1,0.00564648,0.0,4.9574,4.93
1854,0.785,14.322639,0.247,1,0.004921,0.0,4.80423,4.822
1855,0.81,10.533728,0.271,1,0.00450593,0.0,5.03583,5.024
1856,0.771,12.595719,0.222,1,0.00497827,0.0,5.02781,5.034
1857,0.807,14.586247,0.24,1,0.00585176,0.0,4.96529,4.956
1858,0.795,9.432924,0.271,1,0.00351442,0.0,5.24904,5.204
1859,0.809,10.757818,0.237,1,0.00499093,0.0,5.15958,5.126
1860,0.792,8.403873,0.243,1,0.00507655,0.0,4.99799,4.966
1861,0.769,12.350599,0.218,1,0.00410562,0.0,5.01696,4.952
1862,0.79,9.857583,0.225,1,0.00421976,0.0,4.91101,4.922
1863,0.795,9.479793,0.234,1,0.00495868,0.0,4.94888,4.89
1864,0.814,16.16372,0.242,1,0.00556715,0.0,5.07375,5.098
1865,0.76,14.267532,0.19,1,0.00499251,0.0,4.90531,4.9
1866,0.844,10.906154,0.259,1,0.00450379,0.0,5.00435,5.058
1867,0.77,12.202266,0.218,1,0.00529101,0.0,4.90404,4.856
1868,0.838,9.378616,0.271,1,0.00749649,0.0,5.05766,5.064
1869,0.789,12.400941,0.237,1,0.00609911,0.0,4.85603,4.862
1870,0.767,30.900792,0.192,1,0.00460829,0.0,4.9996,4.948
1871,0.762,10.80789,0.206,1,0.00299252,0.0,4.91221,4.898
1872,0.785,7.866038,0.26,1,0.00432831,0.0,5.00441,4.986
1873,0.819,10.181818,0.227,1,0.00635127,0.0,4.92027,4.992
1874,0.822,11.018636,0.258,1,0.0043131,0.0,5.01,4.998
1875,0.846,10.031063,0.29,1,0.00408752,0.0,4.97488,5.016
1876,0.855,10.53937,0.271,1,0.0041867,0.0,5.03631,5.122
1877,0.765,14.212471,0.223,1,0.00487596,0.0,4.88917,4.782
1878,0.809,14.745848,0.234,1,0.00445876,0.0,4.88347,4.96
1879,0.768,12.006475,0.269,1,0.0063415,0.0,5.06262,5.046
1880,0.805,12.866307,0.246,1,0.00392799,0.0,4.92345,4.964
1881,0.824,11.100697,0.264,1,0.0049776,0.0,4.89205,4.928
1882,0.86,9.40631,0.302,1,0.00507042,0.0,4.97996,4.99
1883,0.801,12.533529,0.22,1,0.00583606,0.0,4.75968,4.752
1884,0.814,12.174318,0.262,1,0.0061841,0.0,4.97554,5.07
1885,0.761,16.24985,0.195,1,0.00425177,0.0,4.89392,4.902
1886,0.787,11.382134,0.256,1,0.00537222,0.0,4.82593,4.86
1887,0.778,10.048453,0.228,1,0.00466525,0.0,4.96667,4.92
1888,0.828,12.438725,0.246,1,0.00483018,0.0,5.12697,5.088
1889,0.821,7.832828,0.253,1,0.00529507,0.0,5.11622,5.094
1890,0.813,11.115335,0.236,1,0.00389105,0.0,4.96019,4.974
1891,0.824,13.673633,0.221,1,0.00447761,0.0,5.04358,5.048
1892,0.797,9.754272,0.25,1,0.00532815,0.0,4.85187,4.874
1893,0.812,16.322359,0.246,1,0.00458384,0.0,4.97599,4.998
1894,0.787,11.065825,0.244,1,0.00459841,0.0,5.14511,5.072
1895,0.781,11.170999,0.213,1,0.00344998,0.0,4.94275,4.926
1896,0.783,8.76922,0.245,1,0.00434573,0.0,4.98636,4.984
1897,0.774,13.178985,0.219,1,0.00506971,0.0,4.8784,4.852
1898,0.806,11.860089,0.253,1,0.00585461,0.0,4.99716,4.922
1899,0.821,9.472307,0.242,1,0.00505213,0.0,4.97606,5.012
1900,0.791,9.650159,0.262,1,0.0033871,0.0,5.0427,4.918
1901,0.763,13.059633,0.191,1,0.00450225,0.0,4.87759,4.918
1902,0.768,9.380512,0.207,1,0.00559565,0.0,4.99433,4.938
1903,0.771,12.85156,0.208,1,0.00537844,0.0,5.05079,5.08
1904,0.825,11.342374,0.206,1,0.00511509,0.0,5.08793,5.072
1905,0.796,13.010732,0.281,1,0.00452345,0.0,5.00636,5.034
1906,0.822,10.546396,0.269,1,0.00330865,0.0,5.04531,5.032
1907,0.814,9.370177,0.266,1,0.00492341,0.0,5.06572,5.052
1908,0.816,8.717908,0.246,1,0.00528857,0.0,5.11246,5.104
1909,0.806,13.950851,0.227,1,0.00682393,0.0,4.86675,4.878
1910,0.789,12.48827,0.22,1,0.00336916,0.0,4.9884,4.998
1911,0.799,9.285735,0.22,1,0.00536585,0.0,4.94373,4.976
1912,0.797,11.011843,0.241,1,0.00452812,0.0,5.04934,4.986
1913,0.832,11.390613,0.291,1,0.00481872,0.0,5.10903,5.118
1914,0.781,12.108766,0.255,1,0.00745408,0.0,4.73686,4.758
1915,0.824,9.259098,0.272,1,0.00398874,0.0,5.06778,5.046
1916,0.799,12.203714,0.231,1,0.00517688,0.0,5.02325,5.076
1917,0.794,12.622979,0.255,1,0.00274885,0.0,4.902,4.898
1918,0.795,11.526768,0.232,1,0.00366972,0.0,4.75686,4.812
1919,0.811,13.142393,0.256,1,0.00470569,0.0,4.91599,4.928
1920,0.771,11.373436,0.193,1,0.0069504,0.0,4.84977,4.806
1921,0.771,12.592598,0.217,1,0.00483559,0.0,4.92186,5.042
1922,0.774,15.988298,0.203,1,0.00721094,0.0,4.94062,4.884
1923,0.847,10.947975,0.287,1,0.00513259,0.0,5.32574,5.268
1924,0.827,9.273799,0.266,1,0.00454477,0.0,5.13696,5.14
1925,0.802,9.783421,0.264,1,0.00546016,0.0,5.02266,5.032
1926,0.813,11.994212,0.222,1,0.00489244,0.0,5.07968,5.07
1927,0.803,9.669305,0.289,1,0.00480038,0.0,4.97176,5.028
1928,0.779,15.949423,0.215,1,0.00410678,0.0,4.82975,4.84
1929,0.799,11.908887,0.273,1,0.00461053,0.0,5.00121,4.944
1930,0.826,9.724212,0.264,1,0.00429799,0.0,5.1423,5.158
1931,0.787,11.540287,0.264,1,0.00387744,0.0,5.15198,5.106
1932,0.761,10.926733,0.21,1,0.00317745,0.0,4.9632,4.946
1933,0.776,10.564584,0.223,1,0.00246711,0.0,4.89336,4.97
1934,0.789,10.301951,0.235,1,0.00521653,0.0,4.86976,4.96
1935,0.801,11.910564,0.245,1,0.00642769,0.0,4.93493,4.918
1936,0.781,15.14991,0.205,1,0.00523972,0.0,4.79121,4.78
1937,0.778,10.405904,0.233,1,0.0068715,0.0,5.04825,5.016
1938,0.784,10.177067,0.247,1,0.00398241,0.0,4.89959,4.92
1939,0.825,10.655305,0.246,1,0.00407218,0.0,4.99362,5.016
1940,0.75,12.063724,0.228,1,0.00599631,0.0,5.1253,5.076
1941,0.782,12.216973,0.219,1,0.00407186,0.0,5.03619,4.974
1942,0.822,12.059597,0.255,1,0.00605347,0.0,4.89465,4.86
1943,0.758,12.836354,0.228,1,0.00521955,0.0,4.92452,4.902
1944,0.833,14.046387,0.254,1,0.00374766,0.0,5.0765,5.046
1945,0.806,10.721445,0.245,1,0.00613015,0.0,5.03721,5.052
1946,0.772,10.093042,0.221,1,0.00439417,0.0,4.94129,4.974
1947,0.835,15.658718,0.284,1,0.00374781,0.0,4.8631,4.938
1948,0.809,13.357431,0.243,1,0.00513939,0.0,5.07589,5.06
1949,0.803,9.957373,0.254,1,0.00352058,0.0,5.03228,5.08
1950,0.813,14.035692,0.244,1,0.00336054,0.0,5.0012,4.998
1951,0.776,14.997684,0.236,1,0.00570934,0.0,4.78279,4.834
1952,0.77,15.579301,0.209,1,0.00507099,0.0,4.87315,4.856
1953,0.801,12.875585,0.278,1,0.00454856,0.0,5.14269,5.13
1954,0.766,13.034714,0.239,1,0.0052825,0.0,5.09637,5.126
1955,0.776,11.136435,0.22,1,0.00541738,0.0,4.90064,4.972
1956,0.795,13.065041,0.219,1,0.00428164,0.0,5.0187,5.026
1957,0.787,11.360227,0.256,1,0.00533333,0.0,4.69729,4.79
1958,0.787,12.267845,0.212,1,0.0040849,0.0,5.002,4.992
1959,0.764,15.051629,0.213,1,0.00451618,0.0,4.93887,4.842
1960,0.821,11.615533,0.227,1,0.00529873,0.0,5.0689,5.138
1961,0.785,11.620207,0.246,1,0.00416378,0.0,4.7597,4.844
1962,0.78,10.972908,0.238,1,0.0052465,0.0,4.89922,4.902
1963,0.783,9.552142,0.241,1,0.00537634,0.0,5.08076,5.052
1964,0.766,9.25379,0.208,1,0.00647221,0.0,4.83841,4.79
1965,0.83,14.484721,0.273,1,0.00532736,0.0,5.0832,5.096
1966,0.78,12.198507,0.243,1,0.00483537,0.0,5.09941,5.11
1967,0.787,9.947107,0.225,1,0.00536714,0.0,5.08343,5.058
1968,0.779,10.655788,0.244,1,0.00516513,0.0,5.05659,5.054
1969,0.785,13.064352,0.199,1,0.0045382,0.0,4.8429,4.914
1970,0.802,11.046055,0.258,1,0.00337593,0.0,5.00845,4.968
1971,0.82,13.124699,0.269,1,0.00378848,0.0,5.03577,5.032
1972,0.77,11.020809,0.204,1,0.00351732,0.0,4.67848,4.74
1973,0.789,12.516178,0.226,1,0.00612845,0.0,4.97682,4.918
1974,0.823,12.422701,0.287,1,0.00491151,0.0,5.08604,5.044
1975,0.831,13.36578,0.259,1,0.00513459,0.0,5.02698,5.114
1976,0.814,9.207177,0.314,1,0.00463643,0.0,5.06497,5.11
1977,0.763,15.233521,0.211,1,0.00369853,0.0,4.94192,4.924
1978,0.833,15.618158,0.234,1,0.00555384,0.0,5.06802,5.116
1979,0.78,13.162103,0.243,1,0.00561404,0.0,5.0772,5.052
1980,0.809,11.981886,0.283,1,0.00503637,0.0,5.01363,4.99
1981,0.842,11.881406,0.277,1,0.00838179,0.0,5.13494,5.158
1982,0.768,10.768956,0.248,1,0.00571559,0.0,5.16411,5.082
1983,0.782,9.074225,0.22,1,0.00457134,0.0,4.98561,5.002
1984,0.799,10.650275,0.262,1,0.0038766,0.0,5.00283,4.95
1985,0.768,10.919208,0.238,1,0.00690873,0.0,5.11063,5.098
1986,0.779,13.974503,0.22,1,0.0039887,0.0,4.93399,4.878
1987,0.804,9.652908,0.27,1,0.00490731,0.0,5.0643,5.07
1988,0.821,12.835166,0.266,1,0.0058629,0.0,5.15259,5.164
1989,0.767,10.874091,0.24,1,0.00677092,0.0,5.00242,4.96
1990,0.827,9.303099,0.295,1,0.00555427,0.0,5.10354,5.08
1991,0.785,11.567099,0.235,1,0.00391645,0.0,4.74206,4.846
1992,0.797,17.281946,0.198,1,0.0043906,0.0,4.95528,4.964
1993,0.808,10.022576,0.262,1,0.00373506,0.0,4.91154,4.906
1994,0.761,14.987122,0.189,1,0.00377011,0.0,4.91193,4.86
1995,0.835,11.115441,0.259,1,0.00446149,0.0,5.02201,5.088
1996,0.855,10.337921,0.286,1,0.006492,0.0,5.10616,5.068
1997,0.823,9.670743,0.254,1,0.00930831,0.0,5.13963,5.142
1998,0.772,15.777525,0.181,1,0.00533537,0.0,4.86126,4.858
1999,0.808,8.554859,0.239,1,0.00333307,0.0,5.02833,5.012
2000,0.747,13.76131,0.17,1,0.00438632,0.0,4.94616,4.978
