run,final_size,peak_t,peak_value,major,realised.clustering,realised.erased_fraction,realised.excess_degree,realised.mean_degree
1,0.803,10.062591,0.231,1,0.0030654,0.0,4.823,4.87
2,0.801,10.203824,0.241,1,0.00410397,0.0,4.98476,4.986
3,0.801,13.501081,0.282,1,0.00373072,0.0,4.92126,4.902
4,0.823,11.727089,0.242,1,0.00397134,0.0,5.04003,5.096
5,0.822,10.137769,0.214,1,0.00416089,0.0,4.90869,4.994
6,0.782,11.452227,0.235,1,0.00548767,0.0,5.29318,5.164
7,0.783,12.573768,0.23,1,0.00357569,0.0,4.83176,4.862
8,0.768,10.04282,0.202,1,0.00536089,0.0,5.09541,5.052
9,0.817,12.407387,0.227,1,0.0042708,0.0,5.00951,5.048
10,0.779,8.922228,0.273,1,0.00559441,0.0,5.09501,5.052
11,0.836,10.338562,0.272,1,0.00501353,0.0,5.00637,5.02
12,0.767,10.255775,0.249,1,0.00389389,0.0,4.98665,4.944
13,0.845,11.020804,0.267,1,0.00558269,0.0,5.08757,5.07
14,0.812,8.308177,0.244,1,0.00645401,0.0,5.20262,5.182
15,0.747,11.657542,0.218,1,0.00443891,0.0,5.06548,5.07
16,0.772,15.282445,0.21,1,0.00541007,0.0,5.00746,5.094
17,0.772,9.710353,0.251,1,0.00631221,0.0,4.99273,4.95
18,0.79,10.915812,0.217,1,0.00500278,0.0,5.01314,5.024
19,0.828,11.087843,0.267,1,0.00407228,0.0,4.83668,4.874
20,0.828,11.831089,0.241,1,0.00302208,0.0,5.08071,5.08
21,0.811,9.257046,0.257,1,0.0078728,0.0,5.13719,5.044
22,0.812,11.006767,0.303,1,0.00330865,0.0,4.99961,5.078
23,0.841,9.869442,0.246,1,0.00458679,0.0,4.96088,5.01
24,0.761,11.670364,0.236,1,0.00469561,0.0,4.90069,4.954
25,0.82,14.514885,0.193,1,0.00555511,0.0,5.01453,4.954
26,0.782,11.571925,0.232,1,0.00416021,0.0,4.95513,4.948
27,0.825,12.880456,0.291,1,0.00403162,0.0,5.02183,5.038
28,0.822,13.434575,0.248,1,0.00539476,0.0,4.84564,4.82
29,0.799,12.907716,0.247,1,0.0041076,0.0,4.96839,4.998
30,0.772,9.054113,0.255,1,0.00337187,0.0,5.02056,4.962
31,0.838,8.601871,0.278,1,0.00479963,0.0,5.14342,5.104
32,0.812,10.975925,0.259,1,0.00693214,0.0,5.06753,5.124
33,0.793,12.859124,0.243,1,0.00838725,0.0,5.01562,4.992
34,0.822,12.395857,0.263,1,0.00484951,0.0,5.10452,5.09
35,0.829,9.875148,0.248,1,0.00479015,0.0,5.13349,5.124
36,0.805,12.108053,0.222,1,0.0045706,0.0,5.00241,4.986
37,0.806,11.55227,0.266,1,0.00383203,0.0,5.0104,5.0
38,0.812,12.284024,0.23,1,0.00442787,0.0,5.09822,5.05
39,0.833,11.576361,0.269,1,0.0057161,0.0,5.03035,5.008
40,0.862,12.761839,0.26,1,0.00328356,0.0,5.04775,5.068
41,0.824,10.773024,0.294,1,0.00662544,0.0,5.23468,5.19
42,0.815,12.086854,0.262,1,0.00686866,0.0,5.12036,5.118
43,0.835,12.325568,0.301,1,0.00641809,0.0,5.10652,5.126
44,0.841,10.029603,0.276,1,0.00441935,0.0,4.89151,4.996
45,0.813,11.284267,0.249,1,0.00403673,0.0,5.00952,5.044
46,0.835,9.878331,0.253,1,0.00385837,0.0,5.16732,5.116
47,0.788,14.441706,0.226,1,0.00443099,0.0,5.22617,5.182
48,0.79,8.788905,0.259,1,0.00470847,0.0,5.07083,5.026
49,0.812,13.18275,0.267,1,0.00674507,0.0,4.80632,4.812
50,0.806,15.226738,0.253,1,0.00609954,0.0,4.94411,4.974
51,0.833,12.141238,0.266,1,0.00361364,0.0,5.15845,5.15
52,0.819,12.259253,0.254,1,0.00359138,0.0,4.99402,5.018
53,0.777,15.147539,0.212,1,0.00529189,0.0,4.83157,4.928
54,0.815,11.09817,0.24,1,0.00475872,0.0,4.87505,4.914
55,0.747,15.429375,0.181,1,0.00346249,0.0,4.95709,4.894
56,0.8,15.518283,0.244,1,0.00445508,0.0,4.89342,4.954
57,0.828,11.083151,0.296,1,0.00502681,0.0,4.86786,4.904
58,0.79,11.7086,0.231,1,0.00352467,0.0,4.86566,4.898
59,0.798,11.909031,0.276,1,0.00434363,0.0,4.97678,4.996
60,0.785,8.284661,0.219,1,0.00266387,0.0,4.96712,4.988
61,0.78,12.652691,0.179,1,0.00538936,0.0,5.0705,5.05
62,0.804,13.634959,0.223,1,0.00646498,0.0,4.91646,4.908
63,0.835,13.210882,0.275,1,0.00596026,0.0,4.93464,4.896
64,0.814,14.036141,0.203,1,0.00688019,0.0,5.03384,5.024
65,0.804,11.75788,0.268,1,0.00487277,0.0,5.08016,5.09
66,0.799,10.673559,0.222,1,0.00361824,0.0,4.95893,5.016
67,0.798,9.029072,0.268,1,0.00539938,0.0,4.7977,4.864
68,0.802,15.293689,0.209,1,0.00396498,0.0,4.87163,4.97
69,0.8,12.252387,0.245,1,0.005147,0.0,5.09861,5.03
70,0.765,11.741415,0.238,1,0.0031615,0.0,4.77242,4.772
71,0.801,11.920488,0.237,1,0.00582841,0.0,5.05024,5.096
72,0.816,9.58846,0.255,1,0.00477598,0.0,5.15878,5.114
73,0.808,10.2656,0.264,1,0.00565203,0.0,4.93253,4.95
74,0.764,8.846749,0.25,1,0.00811839,0.0,4.8364,4.89
75,0.8,8.729193,0.248,1,0.0057924,0.0,5.06771,5.11
76,0.838,12.400869,0.256,1,0.00554102,0.0,5.07975,5.116
77,0.744,13.025428,0.217,1,0.00484262,0.0,4.99194,4.964
78,0.829,10.55647,0.264,1,0.00268857,0.0,5.16191,5.188
79,0.808,12.407288,0.249,1,0.00569636,0.0,4.88034,4.964
80,0.808,13.761108,0.23,1,0.00461042,0.0,5.14184,5.062
81,0.78,10.379768,0.212,1,0.00367437,0.0,4.92045,4.978
82,0.807,8.580953,0.258,1,0.00496297,0.0,5.03131,5.046
83,0.775,11.285725,0.233,1,0.00516351,0.0,4.91778,4.962
84,0.833,10.918217,0.283,1,0.00565526,0.0,5.1563,5.144
85,0.78,15.063559,0.242,1,0.00543613,0.0,4.92735,4.928
86,0.814,11.121139,0.263,1,0.00658162,0.0,4.99472,4.928
87,0.82,9.733614,0.226,1,0.00404074,0.0,4.86047,4.888
88,0.776,11.645851,0.202,1,0.00393056,0.0,4.93614,4.948
89,0.803,11.962499,0.233,1,0.00674624,0.0,4.82152,4.796
90,0.8,11.021615,0.248,1,0.00565771,0.0,5.0681,5.022
91,0.81,11.402985,0.235,1,0.00469153,0.0,5.05294,5.062
92,0.827,12.835874,0.261,1,0.0044974,0.0,5.02338,5.046
93,0.781,9.931162,0.228,1,0.00737221,0.0,4.93452,4.948
94,0.785,10.169086,0.228,1,0.00689911,0.0,5.18661,5.198
95,0.795,12.402721,0.214,1,0.00438333,0.0,4.80587,4.842
96,0.82,10.615049,0.296,1,0.00526798,0.0,5.15872,5.078
97,0.794,14.116121,0.21,1,0.00291468,0.0,4.76114,4.756
98,0.81,11.494273,0.287,1,0.00355928,0.0,5.0653,4.992
99,0.846,11.457927,0.265,1,0.00519187,0.0,5.19141,5.12
100,0.748,12.897125,0.18,1,0.00456662,0.0,4.7222,4.73
101,0.762,12.368634,0.187,1,0.00542309,0.0,4.77476,4.866
102,0.798,12.717646,0.247,1,0.00644221,0.0,5.13953,5.074
103,0.809,11.173794,0.277,1,0.00380325,0.0,4.86713,4.862
104,0.8,10.672334,0.264,1,0.0043363,0.0,5.00724,4.974
105,0.79,9.77512,0.279,1,0.00616861,0.0,5.09348,5.156
106,0.745,14.199357,0.173,1,0.00537897,0.0,4.93763,4.97
107,0.814,11.520469,0.256,1,0.00505941,0.0,5.13381,5.082
108,0.83,14.752872,0.247,1,0.00476638,0.0,5.27907,5.246
109,0.767,14.573059,0.214,1,0.00393804,0.0,4.76125,4.8
110,0.792,10.232687,0.232,1,0.00576969,0.0,4.9956,4.996
111,0.782,11.496607,0.244,1,0.00421217,0.0,5.03337,5.094
112,0.826,10.927531,0.24,1,0.00424222,0.0,4.90294,4.904
113,0.785,16.394424,0.219,1,0.00321199,0.0,4.88219,4.974
114,0.827,12.052134,0.266,1,0.00448466,0.0,5.06778,5.016
115,0.806,12.970052,0.239,1,0.00447613,0.0,4.90008,4.924
116,0.814,10.685192,0.247,1,0.00668758,0.0,4.91558,4.928
117,0.83,11.538225,0.28,1,0.00551592,0.0,5.21757,5.212
118,0.784,9.575134,0.262,1,0.00730094,0.0,5.17881,5.078
119,0.808,11.696033,0.237,1,0.00620399,0.0,4.84918,4.986
120,0.803,11.856813,0.244,1,0.00554622,0.0,4.88907,4.868
121,0.817,11.655108,0.225,1,0.00449978,0.0,5.13439,5.194
122,0.78,13.418521,0.207,1,0.00561981,0.0,4.94283,4.968
123,0.804,11.552281,0.228,1,0.00593777,0.0,5.01031,5.042
124,0.859,12.711812,0.239,1,0.0044396,0.0,5.0627,5.072
125,0.822,11.169153,0.25,1,0.00515802,0.0,4.95095,4.934
126,0.793,12.29531,0.242,1,0.00660845,0.0,5.0581,5.026
127,0.814,11.59828,0.278,1,0.00531915,0.0,4.97913,4.984
128,0.819,11.771621,0.283,1,0.00476407,0.0,5.15958,5.126
129,0.814,9.226818,0.289,1,0.00605336,0.0,5.16242,5.184
130,0.84,12.431849,0.282,1,0.00510757,0.0,5.07342,5.094
131,0.835,9.836099,0.28,1,0.00575948,0.0,5.08076,5.126
132,0.741,10.173567,0.249,1,0.00720412,0.0,4.86441,4.794
133,0.825,10.71538,0.248,1,0.0054393,0.0,5.14258,5.148
134,0.826,13.132747,0.239,1,0.00665443,0.0,5.06744,5.16
135,0.815,12.736791,0.271,1,0.00494345,0.0,5.1688,5.166
136,0.815,10.819554,0.265,1,0.00558565,0.0,4.85257,4.87
137,0.813,13.649798,0.246,1,0.00470958,0.0,4.92192,4.918
138,0.814,15.494887,0.269,1,0.00643382,0.0,5.09204,5.128
139,0.779,12.781741,0.236,1,0.00311688,0.0,4.82456,4.788
140,0.804,12.27719,0.231,1,0.0049007,0.0,4.84625,4.8
141,0.793,11.922153,0.186,1,0.00551338,0.0,5.02006,4.986
142,0.809,13.162321,0.256,1,0.00425106,0.0,4.90274,4.894
143,0.775,12.798284,0.231,1,0.00401606,0.0,4.86843,4.91
144,0.785,13.773971,0.222,1,0.00324405,0.0,4.92503,4.882
145,0.842,10.365905,0.261,1,0.0057857,0.0,5.04986,5.134
146,0.777,11.272403,0.234,1,0.00496607,0.0,4.8915,4.94
147,0.823,12.415234,0.262,1,0.0058257,0.0,5.09458,5.054
148,0.833,9.920906,0.264,1,0.00471028,0.0,5.21646,5.128
149,0.795,12.305815,0.224,1,0.00390816,0.0,4.96242,4.95
150,0.776,10.317508,0.25,1,0.00549669,0.0,5.04137,4.98
151,0.797,10.71721,0.254,1,0.00372609,0.0,4.92939,4.9
152,0.773,14.339193,0.199,1,0.00554039,0.0,5.00563,4.976
153,0.793,11.371837,0.237,1,0.00454775,0.0,4.8824,4.864
154,0.784,11.607666,0.244,1,0.00490616,0.0,5.06548,5.07
155,0.812,10.726842,0.265,1,0.00385604,0.0,4.9792,5.0
156,0.821,13.684231,0.223,1,0.00449314,0.0,5.01621,5.058
157,0.835,13.582603,0.244,1,0.00544689,0.0,4.8918,4.954
158,0.804,12.670554,0.24,1,0.006491,0.0,5.08088,5.094
159,0.825,11.903628,0.245,1,0.00800817,0.0,5.05036,5.044
160,0.788,11.798726,0.248,1,0.00486934,0.0,4.94859,4.98
161,0.803,14.640562,0.238,1,0.00541051,0.0,4.81157,4.84
162,0.775,11.782858,0.223,1,0.00562105,0.0,5.10319,5.02
163,0.78,16.149653,0.18,1,0.00523195,0.0,4.77237,4.806
164,0.775,10.786784,0.23,1,0.00481026,0.0,5.17873,5.058
165,0.838,9.483546,0.298,1,0.00471661,0.0,5.04401,5.044
166,0.829,13.435436,0.254,1,0.00342298,0.0,4.92969,4.978
167,0.801,13.181733,0.249,1,0.00534197,0.0,5.00405,4.938
168,0.828,12.141986,0.28,1,0.0047931,0.0,5.02933,4.978
169,0.76,12.553902,0.193,1,0.00602894,0.0,4.97401,5.002
170,0.807,10.143607,0.241,1,0.00577056,0.0,5.10688,5.09
171,0.819,12.047711,0.263,1,0.00296956,0.0,4.91207,4.936
172,0.801,14.108776,0.243,1,0.0045612,0.0,4.86601,4.866
173,0.818,12.633147,0.246,1,0.005739,0.0,4.89935,4.908
174,0.811,7.646671,0.251,1,0.00472888,0.0,5.05297,5.022
175,0.801,9.862314,0.25,1,0.00308495,0.0,5.04671,5.01
176,0.797,10.803715,0.247,1,0.0033157,0.0,5.03058,5.036
177,0.802,12.473271,0.241,1,0.00592345,0.0,5.14978,5.114
178,0.809,9.706879,0.232,1,0.00450263,0.0,4.86531,4.93
179,0.796,12.207885,0.23,1,0.00574438,0.0,5.00959,5.004
180,0.795,11.13491,0.245,1,0.0046622,0.0,4.95783,4.932
181,0.747,9.002716,0.195,1,0.00741941,0.0,4.83546,4.85
182,0.763,13.176555,0.203,1,0.00492185,0.0,4.77961,4.846
183,0.809,11.220385,0.235,1,0.00531219,0.0,5.07978,5.114
184,0.824,10.530054,0.275,1,0.00416025,0.0,5.12638,5.064
185,0.767,17.076755,0.198,1,0.00477907,0.0,4.83658,4.932
186,0.785,14.565019,0.23,1,0.00443787,0.0,5.06867,5.068
187,0.788,13.246213,0.221,1,0.00453497,0.0,5.00757,5.02
188,0.773,10.448052,0.192,1,0.00399634,0.0,4.92456,4.878
189,0.807,8.370293,0.277,1,0.00564481,0.0,5.26801,5.246
190,0.789,9.201893,0.262,1,0.0054365,0.0,5.05859,5.018
191,0.791,11.203325,0.276,1,0.00532095,0.0,4.87042,4.862
192,0.778,10.841542,0.242,1,0.00506842,0.0,4.8616,4.87
193,0.817,13.3353,0.276,1,0.00517454,0.0,4.91721,4.952
194,0.8,15.229287,0.197,1,0.00657521,0.0,4.94144,4.986
195,0.804,14.364713,0.25,1,0.00438027,0.0,4.979,4.952
196,0.829,13.499656,0.276,1,0.00534442,0.0,5.18353,5.198
197,0.77,12.532568,0.213,1,0.00653595,0.0,4.97511,4.982
198,0.822,12.524279,0.249,1,0.00408094,0.0,4.8067,4.894
199,0.757,9.769063,0.227,1,0.00544418,0.0,4.80166,4.82
200,0.782,11.895288,0.213,1,0.00327099,0.0,4.88447,4.882
201,0.802,8.882974,0.246,1,0.00451306,0.0,5.03187,5.02
202,0.807,11.009738,0.258,1,0.00511862,0.0,4.93504,4.988
203,0.811,9.170144,0.291,1,0.00623989,0.0,5.07864,5.112
204,0.797,7.795594,0.247,1,0.00440643,0.0,4.82049,4.802
205,0.713,12.286397,0.176,1,0.00314603,0.0,4.77987,4.788
206,0.766,11.107075,0.212,1,0.00402253,0.0,4.68664,4.774
207,0.806,14.531827,0.23,1,0.00356718,0.0,4.98814,5.058
208,0.806,13.620914,0.21,1,0.00704107,0.0,4.88334,4.886
209,0.808,9.994143,0.248,1,0.00682372,0.0,4.95173,4.972
210,0.824,12.491973,0.242,1,0.00561569,0.0,4.94845,4.966
211,0.797,8.6074,0.232,1,0.00480769,0.0,5.11076,5.128
212,0.79,11.180298,0.244,1,0.00371532,0.0,4.90762,4.936
213,0.78,13.188475,0.228,1,0.00471113,0.0,4.92831,4.91
214,0.757,10.899773,0.227,1,0.00393088,0.0,4.91191,4.972
215,0.798,11.978789,0.244,1,0.00316289,0.0,4.77433,4.768
216,0.767,11.253633,0.227,1,0.00471113,0.0,4.90235,4.936
217,0.801,12.717642,0.263,1,0.00312849,0.0,5.20753,5.156
218,0.767,11.98514,0.224,1,0.00523691,0.0,4.9062,4.904
219,0.82,11.562366,0.274,1,0.0070348,0.0,5.1681,5.116
220,0.819,11.268789,0.24,1,0.004458,0.0,5.00823,5.106
221,0.841,10.018108,0.255,1,0.00512904,0.0,4.90144,5.012
222,0.797,13.053792,0.215,1,0.00486307,0.0,4.86349,4.82
223,0.776,8.982844,0.265,1,0.00283383,0.0,4.80603,4.846
224,0.77,11.45977,0.178,1,0.00602561,0.0,4.88912,4.888
225,0.793,13.850098,0.254,1,0.0059917,0.0,5.11312,5.092
226,0.795,12.639363,0.231,1,0.00329102,0.0,5.00274,5.102
227,0.799,10.126105,0.265,1,0.00469263,0.0,5.02002,5.094
228,0.794,8.876468,0.254,1,0.00557036,0.0,4.98671,4.968
229,0.779,11.672515,0.219,1,0.00540795,0.0,5.06109,5.042
230,0.781,10.863311,0.216,1,0.00456767,0.0,4.9956,4.996
231,0.796,10.171398,0.225,1,0.00619503,0.0,5.11142,5.116
232,0.763,13.982978,0.186,1,0.00608211,0.0,4.83974,4.892
233,0.818,12.436022,0.238,1,0.00330845,0.0,4.88318,4.828
234,0.838,10.15387,0.304,1,0.00495712,0.0,5.05529,5.028
235,0.786,15.162885,0.222,1,0.00682095,0.0,4.96973,4.956
236,0.816,11.961778,0.269,1,0.00375176,0.0,5.05692,5.06
237,0.816,12.038481,0.273,1,0.00582854,0.0,4.96703,4.974
238,0.823,9.864817,0.28,1,0.00442877,0.0,4.9565,4.92
239,0.794,12.439667,0.226,1,0.00612695,0.0,4.98615,4.91
240,0.795,9.988582,0.248,1,0.00290369,0.0,4.94733,5.012
241,0.83,11.376378,0.23,1,0.00624535,0.0,5.15523,5.218
242,0.814,9.05607,0.265,1,0.00448498,0.0,5.2095,5.136
243,0.82,10.59887,0.252,1,0.00554324,0.0,5.21387,5.19
244,0.835,9.473651,0.25,1,0.00750586,0.0,5.06535,5.05
245,0.794,15.213535,0.207,1,0.00573137,0.0,4.89788,4.916
246,0.759,9.639855,0.214,1,0.00609859,0.0,4.89469,4.824
247,0.86,11.884686,0.33,1,0.00397011,0.0,5.06946,5.068
248,0.792,11.436128,0.21,1,0.00330657,0.0,5.06864,5.012
249,0.812,9.502428,0.264,1,0.00527704,0.0,5.01283,4.99
250,0.748,12.142415,0.215,1,0.00793192,0.0,4.93195,4.908
251,0.805,11.184882,0.273,1,0.00389642,0.0,4.94342,4.984
252,0.776,10.927735,0.281,1,0.00505221,0.0,4.89127,4.856
253,0.779,11.106779,0.248,1,0.00385202,0.0,4.9844,5.0
254,0.8,10.800051,0.211,1,0.00505689,0.0,4.84483,4.898
255,0.823,13.594341,0.244,1,0.00593325,0.0,4.92892,4.924
256,0.839,8.700913,0.287,1,0.00498,0.0,5.1548,5.142
257,0.847,9.467737,0.263,1,0.00443304,0.0,5.08825,5.054
258,0.787,11.519891,0.241,1,0.00594943,0.0,4.91153,4.928
259,0.836,11.02121,0.237,1,0.0047155,0.0,5.05121,5.038
260,0.799,13.718772,0.232,1,0.00613125,0.0,5.13847,5.142
261,0.8,12.153587,0.244,1,0.0051669,0.0,4.92646,4.95
262,0.773,9.958072,0.252,1,0.00554358,0.0,5.10735,5.086
263,0.786,9.372761,0.272,1,0.00277393,0.0,5.10543,5.084
264,0.826,10.093595,0.235,1,0.00472193,0.0,5.17935,5.152
265,0.805,11.28321,0.253,1,0.00567421,0.0,5.03532,5.04
266,0.812,10.620332,0.285,1,0.00640013,0.0,5.0523,5.01
267,0.77,8.474689,0.241,1,0.00484457,0.0,4.98792,4.966
268,0.799,11.064588,0.24,1,0.00491228,0.0,5.07519,5.054
269,0.801,13.168043,0.246,1,0.0053329,0.0,4.96629,4.984
270,0.819,9.366154,0.205,1,0.0064083,0.0,5.11033,5.13
271,0.801,11.848867,0.259,1,0.00441655,0.0,5.06714,5.094
272,0.789,10.138258,0.27,1,0.00446983,0.0,4.89704,4.934
273,0.811,12.185665,0.237,1,0.00490757,0.0,4.96185,4.928
274,0.788,12.349256,0.26,1,0.00499735,0.0,5.13292,5.146
275,0.794,9.400987,0.225,1,0.00524476,0.0,5.01955,5.014
276,0.756,10.969996,0.254,1,0.00440035,0.0,4.77741,4.852
277,0.769,11.012136,0.216,1,0.00397614,0.0,4.92735,4.9
278,0.778,13.653976,0.223,1,0.00531743,0.0,4.98074,4.984
279,0.834,12.248516,0.265,1,0.00484418,0.0,4.93663,5.018
280,0.768,9.573654,0.232,1,0.00399812,0.0,5.05589,5.046
281,0.821,17.205669,0.23,1,0.00585128,0.0,4.94773,4.974
282,0.801,11.299829,0.264,1,0.0062807,0.0,4.98155,4.986
283,0.816,9.036746,0.23,1,0.00522028,0.0,5.04711,5.01
284,0.801,12.666346,0.271,1,0.00616845,0.0,5.05194,5.006
285,0.815,12.952419,0.237,1,0.00389074,0.0,4.98263,4.952
286,0.774,16.015841,0.23,1,0.00391453,0.0,4.96638,4.938
287,0.814,12.738876,0.279,1,0.0033199,0.0,4.99645,5.064
288,0.828,11.979437,0.247,1,0.00495361,0.0,5.04883,5.038
289,0.782,12.684462,0.207,1,0.0053356,0.0,5.11146,5.06
290,0.794,13.081704,0.233,1,0.00365213,0.0,5.09616,5.158
291,0.793,10.108811,0.255,1,0.00394024,0.0,4.90616,4.966
292,0.794,10.270342,0.259,1,0.00475912,0.0,4.88857,4.9
293,0.823,10.183783,0.247,1,0.00370399,0.0,5.108,5.074
294,0.772,10.398364,0.237,1,0.00702293,0.0,4.99315,4.962
295,0.772,12.639285,0.218,1,0.00498297,0.0,4.91269,4.902
296,0.81,11.878386,0.248,1,0.00509601,0.0,5.1957,5.212
297,0.821,12.737795,0.267,1,0.00509709,0.0,5.02031,4.924
298,0.791,13.88423,0.263,1,0.00539357,0.0,5.05652,5.06
299,0.761,11.113227,0.18,1,0.00648901,0.0,4.81985,4.796
300,0.789,12.231836,0.214,1,0.00505708,0.0,5.11002,5.108
301,0.755,10.644408,0.227,1,0.0049054,0.0,5.09643,5.04
302,0.802,15.230794,0.221,1,0.0053313,0.0,4.83115,4.892
303,0.833,9.450813,0.274,1,0.00510535,0.0,4.9738,4.962
304,0.788,10.245337,0.225,1,0.00675676,0.0,4.802,4.808
305,0.811,12.509704,0.24,1,0.0053559,0.0,5.08606,5.066
306,0.81,12.120058,0.236,1,0.00411589,0.0,4.93272,5.024
307,0.827,12.652764,0.268,1,0.00743299,0.0,5.1584,5.164
308,0.805,12.384217,0.256,1,0.00622407,0.0,4.98885,5.024
309,0.823,11.095118,0.223,1,0.00401354,0.0,5.0265,5.056
310,0.793,11.627924,0.229,1,0.00438703,0.0,4.94735,4.976
311,0.833,10.26028,0.246,1,0.0051207,0.0,4.9689,4.952
312,0.835,10.582968,0.281,1,0.00579195,0.0,5.09002,5.088
313,0.782,11.632376,0.221,1,0.00534326,0.0,4.97062,4.97
314,0.792,13.201036,0.235,1,0.00387472,0.0,4.96513,4.99
315,0.788,9.354967,0.28,1,0.00622754,0.0,5.01401,4.996
316,0.813,11.338422,0.288,1,0.00332128,0.0,5.19318,5.218
317,0.782,18.54729,0.195,1,0.00559132,0.0,4.84764,4.87
318,0.783,16.359016,0.223,1,0.00470647,0.0,4.89531,4.948
319,0.798,10.259529,0.23,1,0.00690531,0.0,5.04162,4.998
320,0.813,12.625522,0.248,1,0.00747446,0.0,4.92072,4.894
321,0.782,10.091575,0.227,1,0.0031255,0.0,4.96933,5.022
322,0.801,9.273658,0.234,1,0.00630252,0.0,5.07783,5.062
323,0.798,11.717614,0.23,1,0.00870827,0.0,5.11567,5.118
324,0.841,10.735581,0.288,1,0.00427181,0.0,4.99447,5.062
325,0.792,16.611617,0.23,1,0.00340166,0.0,4.75726,4.82
326,0.788,11.780257,0.241,1,0.00525569,0.0,4.87673,4.916
327,0.826,13.281959,0.22,1,0.00425666,0.0,5.02416,5.05
328,0.801,15.732458,0.235,1,0.00750586,0.0,5.00783,5.108
329,0.851,12.41284,0.274,1,0.0045717,0.0,4.98122,5.006
330,0.805,12.901009,0.249,1,0.00506634,0.0,4.98997,4.984
331,0.784,9.133981,0.248,1,0.00385202,0.0,4.96256,5.022
332,0.791,11.718189,0.273,1,0.00557846,0.0,4.94365,5.004
333,0.772,11.148379,0.213,1,0.00483685,0.0,5.10985,5.098
334,0.768,12.085052,0.224,1,0.0060115,0.0,4.75871,4.824
335,0.835,10.341973,0.269,1,0.00350304,0.0,5.02582,5.112
336,0.8,11.26758,0.263,1,0.00384061,0.0,5.0012,4.998
337,0.805,12.982059,0.234,1,0.00470452,0.0,4.90328,4.942
338,0.836,12.590271,0.266,1,0.00420168,0.0,5.06782,5.072
339,0.767,10.960354,0.229,1,0.00468096,0.0,4.89626,4.974
340,0.822,10.680664,0.252,1,0.00663445,0.0,4.90321,4.98
341,0.848,11.970922,0.27,1,0.00615711,0.0,5.3361,5.296
342,0.784,11.856449,0.22,1,0.00506158,0.0,4.88825,4.85
343,0.813,9.857122,0.289,1,0.00553179,0.0,5.20661,5.208
344,0.802,11.571787,0.212,1,0.00483871,0.0,4.97193,4.988
345,0.818,13.060004,0.249,1,0.00482548,0.0,4.99558,4.978
346,0.8,12.320687,0.233,1,0.00524825,0.0,4.86978,4.93
347,0.804,14.850271,0.24,1,0.00489916,0.0,4.92441,4.974
348,0.812,18.010143,0.267,1,0.00440672,0.0,4.95913,4.942
349,0.765,14.953532,0.228,1,0.00315943,0.0,4.96141,4.976
350,0.81,12.840959,0.261,1,0.00574163,0.0,5.02002,4.996
351,0.787,11.993676,0.206,1,0.00560355,0.0,5.06265,5.076
352,0.818,10.475517,0.234,1,0.00266408,0.0,4.9787,4.976
353,0.799,15.067524,0.207,1,0.0039438,0.0,4.88011,4.988
354,0.832,11.071794,0.26,1,0.00611477,0.0,5.04988,5.052
355,0.829,10.549934,0.253,1,0.00486975,0.0,5.07532,5.098
356,0.785,11.790695,0.204,1,0.00533549,0.0,4.9879,4.96
357,0.79,12.081547,0.263,1,0.00510535,0.0,4.936,5.0
358,0.828,10.691717,0.284,1,0.00438169,0.0,4.94741,4.982
359,0.809,12.570179,0.253,1,0.00276405,0.0,4.85325,4.92
360,0.793,12.842904,0.254,1,0.00310213,0.0,5.04292,4.986
361,0.786,13.735159,0.217,1,0.00307719,0.0,4.85234,4.822
362,0.827,15.297177,0.232,1,0.00572424,0.0,4.90199,4.918
363,0.838,12.183625,0.273,1,0.00546158,0.0,5.12957,5.14
364,0.781,11.837867,0.213,1,0.00406569,0.0,4.99761,5.02
365,0.816,12.407985,0.21,1,0.00554618,0.0,4.99639,4.98
366,0.813,9.385643,0.312,1,0.00422469,0.0,5.03823,5.074
367,0.823,11.745049,0.259,1,0.00523322,0.0,5.12835,5.142
368,0.798,12.339247,0.218,1,0.00381906,0.0,4.8291,4.88
369,0.791,11.84983,0.246,1,0.00677484,0.0,4.8661,4.914
370,0.798,11.532977,0.248,1,0.00462428,0.0,5.08425,5.104
371,0.816,12.242499,0.199,1,0.00474496,0.0,4.99013,5.068
372,0.801,9.45787,0.25,1,0.00490044,0.0,5.0674,5.074
373,0.782,13.426858,0.257,1,0.00675621,0.0,4.99719,4.976
374,0.79,12.915577,0.218,1,0.00634507,0.0,4.93695,4.98
375,0.77,11.356212,0.222,1,0.00473186,0.0,5.06795,5.004
376,0.807,10.693861,0.279,1,0.00349732,0.0,5.04786,5.098
377,0.788,11.37034,0.269,1,0.00662304,0.0,5.06914,5.004
378,0.799,12.295863,0.226,1,0.00457831,0.0,4.95818,5.022
379,0.81,10.987943,0.28,1,0.00485213,0.0,5.05214,5.14
380,0.788,14.382534,0.213,1,0.00518297,0.0,5.04717,5.046
381,0.804,11.485176,0.248,1,0.00544794,0.0,4.76081,4.858
382,0.784,12.166079,0.226,1,0.00438295,0.0,4.79242,4.856
383,0.798,12.221315,0.273,1,0.00652628,0.0,4.80234,4.786
384,0.747,11.928845,0.217,1,0.00506718,0.0,5.08988,5.118
385,0.83,11.57021,0.24,1,0.00468787,0.0,5.03105,5.088
386,0.773,14.42866,0.218,1,0.00284238,0.0,4.81543,4.822
387,0.814,12.813614,0.24,1,0.00429219,0.0,5.01035,5.022
388,0.808,12.654568,0.231,1,0.00383077,0.0,4.80646,4.888
389,0.807,11.958138,0.248,1,0.00553598,0.0,4.88406,4.882
390,0.742,11.156179,0.231,1,0.00427274,0.0,4.73011,4.75
391,0.793,11.151302,0.252,1,0.00427723,0.0,4.99802,5.052
392,0.805,11.97689,0.256,1,0.00568092,0.0,5.00158,5.068
393,0.85,11.476371,0.256,1,0.00671892,0.0,4.98883,5.012
394,0.8,11.184426,0.212,1,0.00354498,0.0,5.07557,5.002
395,0.818,13.181658,0.227,1,0.00466019,0.0,5.04902,5.1
396,0.776,11.849319,0.22,1,0.00707492,0.0,5.04601,5.042
397,0.783,11.766451,0.258,1,0.00837655,0.0,5.02606,4.988
398,0.789,13.555448,0.234,1,0.00581493,0.0,4.81575,4.928
399,0.786,13.724438,0.238,1,0.00448925,0.0,5.05052,5.028
400,0.811,12.323469,0.248,1,0.00416259,0.0,4.95431,4.946
401,0.765,10.589202,0.224,1,0.00537853,0.0,4.944,4.964
402,0.826,10.710592,0.259,1,0.0028103,0.0,5.07729,5.046
403,0.809,11.39605,0.255,1,0.00820669,0.0,5.16686,5.094
404,0.752,10.139225,0.185,1,0.0050399,0.0,4.88912,4.87
405,0.813,9.888258,0.292,1,0.00461053,0.0,4.97505,4.97
406,0.728,12.861706,0.184,1,0.00301407,0.0,4.8751,4.9
407,0.794,10.533394,0.253,1,0.00763845,0.0,4.9992,5.028
408,0.8,12.366477,0.226,1,0.00608885,0.0,5.13431,5.182
409,0.806,12.748761,0.246,1,0.00441826,0.0,4.90449,4.984
410,0.772,14.206033,0.196,1,0.00468365,0.0,4.94715,4.92
411,0.822,14.119993,0.221,1,0.0048282,0.0,4.97279,4.998
412,0.823,10.92618,0.26,1,0.00556834,0.0,5.1764,5.204
413,0.832,9.58985,0.284,1,0.00764361,0.0,5.10524,5.074
414,0.815,11.017851,0.188,1,0.00474796,0.0,5.02266,5.032
415,0.834,9.694705,0.257,1,0.00497138,0.0,5.17381,5.132
416,0.79,10.197633,0.239,1,0.00461763,0.0,4.96341,4.974
417,0.811,10.379931,0.255,1,0.00451342,0.0,5.04958,5.002
418,0.799,10.996668,0.239,1,0.00663245,0.0,5.01187,5.054
419,0.827,11.71278,0.252,1,0.00558833,0.0,5.10662,5.046
420,0.779,9.87274,0.266,1,0.00621762,0.0,4.99403,5.024
421,0.786,13.656718,0.215,1,0.00527325,0.0,5.02046,4.986
422,0.752,13.338275,0.225,1,0.00715807,0.0,4.83121,4.858
423,0.789,11.559065,0.226,1,0.0043573,0.0,4.96514,4.992
424,0.778,11.4508,0.247,1,0.00326852,0.0,4.85041,4.92
425,0.822,11.6616,0.26,1,0.0038247,0.0,5.04624,4.974
426,0.8,12.673552,0.257,1,0.00644522,0.0,4.89761,4.942
427,0.821,10.874454,0.268,1,0.00515169,0.0,4.91519,4.976
428,0.788,9.978622,0.23,1,0.00573709,0.0,4.85939,4.95
429,0.818,14.176364,0.252,1,0.00411699,0.0,4.76656,4.892
430,0.805,11.988912,0.235,1,0.00475511,0.0,4.99723,5.05
431,0.75,13.727506,0.196,1,0.00292469,0.0,4.95531,4.968
432,0.811,8.887778,0.25,1,0.00442066,0.0,5.06243,5.094
433,0.816,10.258372,0.26,1,0.00500954,0.0,5.02437,5.006
434,0.763,11.379216,0.217,1,0.00519235,0.0,5.06011,5.024
435,0.823,12.215838,0.263,1,0.00402752,0.0,4.86052,4.904
436,0.819,14.214164,0.256,1,0.00458015,0.0,5.00201,4.976
437,0.815,16.927794,0.226,1,0.00556974,0.0,5.03584,5.134
438,0.816,13.028982,0.245,1,0.00595664,0.0,5.00238,5.034
439,0.821,13.316062,0.237,1,0.00435765,0.0,4.99275,4.964
440,0.834,14.12389,0.256,1,0.00564037,0.0,5.17796,5.136
441,0.803,11.795457,0.249,1,0.00476153,0.0,5.02432,5.016
442,0.786,9.350308,0.232,1,0.00344856,0.0,4.90891,4.962
443,0.739,10.458199,0.21,1,0.00436047,0.0,4.91624,5.038
444,0.759,13.564384,0.203,1,0.00311776,0.0,4.97574,5.028
445,0.829,14.222716,0.224,1,0.0061871,0.0,4.8958,4.952
446,0.786,15.255193,0.232,1,0.00552752,0.0,5.0518,4.942
447,0.796,8.82772,0.233,1,0.00481618,0.0,4.9992,4.984
448,0.808,18.177012,0.257,1,0.00381065,0.0,4.83579,4.884
449,0.763,13.475782,0.214,1,0.005386,0.0,4.84147,4.832
450,0.798,14.959547,0.244,1,0.00362694,0.0,4.82299,4.802
451,0.776,9.063098,0.244,1,0.00262843,0.0,4.98412,5.038
452,0.805,14.172429,0.203,1,0.00657041,0.0,4.93515,4.996
453,0.754,17.434963,0.165,1,0.00627143,0.0,4.88521,4.896
454,0.845,12.559651,0.254,1,0.00568541,0.0,5.05751,5.008
455,0.828,16.90143,0.216,1,0.00438989,0.0,4.92829,4.992
456,0.767,15.001101,0.197,1,0.00426671,0.0,4.87878,4.9
457,0.773,13.296533,0.192,1,0.00432864,0.0,4.85255,4.856
458,0.772,13.29879,0.21,1,0.00513866,0.0,4.9696,4.934
459,0.82,11.188719,0.265,1,0.00579772,0.0,5.35082,5.222
460,0.802,14.070277,0.22,1,0.00424195,0.0,5.04958,5.042
461,0.791,10.613198,0.23,1,0.00578267,0.0,4.99438,4.986
462,0.784,9.541759,0.25,1,0.00419546,0.0,4.90557,4.956
463,0.799,10.791123,0.244,1,0.00310683,0.0,5.0353,4.986
464,0.766,10.589012,0.241,1,0.00607632,0.0,4.96101,4.976
465,0.807,12.254843,0.22,1,0.00591483,0.0,5.01979,5.052
466,0.753,11.151172,0.225,1,0.0046344,0.0,4.80099,4.854
467,0.818,12.317061,0.262,1,0.00520095,0.0,5.03771,5.038
468,0.789,10.07711,0.26,1,0.00594648,0.0,5.17028,5.074
469,0.805,11.543952,0.226,1,0.0049673,0.0,4.89028,4.94
470,0.791,12.146574,0.259,1,0.00404858,0.0,4.88706,4.852
471,0.784,8.762822,0.236,1,0.00565203,0.0,4.97474,4.908
472,0.834,9.434638,0.264,1,0.00686987,0.0,5.03339,5.032
473,0.83,15.171027,0.221,1,0.00457978,0.0,4.99839,4.98
474,0.764,10.108623,0.212,1,0.00584051,0.0,5.20257,5.134
475,0.792,8.304533,0.236,1,0.00413525,0.0,4.93517,4.998
476,0.841,10.164588,0.222,1,0.00482083,0.0,4.95265,5.026
477,0.794,14.820008,0.23,1,0.00368189,0.0,4.9322,4.956
478,0.825,9.079863,0.256,1,0.00496465,0.0,5.11308,5.2
479,0.813,13.732268,0.247,1,0.00660949,0.0,5.00354,5.08
480,0.804,13.598317,0.223,1,0.00502112,0.0,4.98887,5.03
481,0.838,9.271186,0.283,1,0.00546807,0.0,5.21719,5.258
482,0.812,14.196713,0.244,1,0.00589079,0.0,5.14214,5.15
483,0.816,9.315011,0.282,1,0.00408883,0.0,4.99519,4.994
484,0.8,8.484436,0.251,1,0.00435063,0.0,4.97076,4.994
485,0.771,15.339923,0.239,1,0.0042571,0.0,4.8898,4.9
486,0.812,9.442493,0.286,1,0.00518094,0.0,5.05315,5.042
487,0.776,12.191962,0.223,1,0.00293327,0.0,4.98497,4.924
488,0.815,10.266413,0.257,1,0.00282908,0.0,5.0476,5.042
489,0.818,9.962569,0.26,1,0.00576037,0.0,5.09988,5.106
490,0.808,10.880433,0.253,1,0.0051559,0.0,4.96707,4.92
491,0.775,14.158201,0.193,1,0.00809186,0.0,5.1533,5.036
492,0.796,10.184846,0.229,1,0.00479693,0.0,5.01524,4.988
493,0.847,8.967367,0.295,1,0.00536366,0.0,5.26468,5.312
494,0.802,12.79253,0.246,1,0.00504767,0.0,4.98442,5.008
495,0.83,9.41243,0.261,1,0.00462392,0.0,5.09662,5.092
496,0.864,10.27271,0.305,1,0.00594522,0.0,5.33774,5.294
497,0.785,11.74545,0.263,1,0.00382867,0.0,5.04304,4.972
498,0.79,13.576494,0.192,1,0.00475624,0.0,5.00993,5.036
499,0.829,9.021299,0.258,1,0.00479452,0.0,5.13683,5.116
500,0.809,11.141197,0.246,1,0.00374781,0.0,4.89084,4.91
501,0.789,11.022005,0.231,1,0.00424116,0.0,4.89617,4.912
502,0.797,10.951462,0.247,1,0.00350175,0.0,4.90151,4.894
503,0.756,11.027571,0.222,1,0.00386691,0.0,5.02754,4.938
504,0.775,9.76999,0.248,1,0.0035229,0.0,4.91021,4.856
505,0.785,12.59336,0.234,1,0.00604128,0.0,4.87643,4.888
506,0.747,15.509682,0.2,1,0.00490998,0.0,4.97557,4.912
507,0.761,11.548203,0.258,1,0.00473973,0.0,4.92667,4.882
508,0.784,10.970022,0.233,1,0.00529278,0.0,4.88028,4.878
509,0.782,13.446763,0.244,1,0.00453786,0.0,5.03245,4.992
510,0.824,12.284696,0.243,1,0.00469998,0.0,5.11663,4.99
511,0.778,11.819037,0.2,1,0.00517114,0.0,4.91052,4.962
512,0.804,10.509571,0.244,1,0.00563116,0.0,5.0299,5.084
513,0.774,12.379648,0.255,1,0.00509338,0.0,4.86978,4.838
514,0.838,12.764098,0.27,1,0.00507485,0.0,4.81981,4.906
515,0.799,11.746028,0.24,1,0.00410298,0.0,4.98396,4.988
516,0.781,8.860639,0.23,1,0.00450113,0.0,4.88875,4.908
517,0.787,10.471572,0.217,1,0.00608026,0.0,4.934,5.0
518,0.814,10.52187,0.25,1,0.00285126,0.0,5.01032,5.04
519,0.84,9.975557,0.293,1,0.00709761,0.0,5.1465,5.092
520,0.761,12.03756,0.214,1,0.00562228,0.0,4.85886,4.832
521,0.777,10.261318,0.238,1,0.0074137,0.0,5.13645,5.042
522,0.787,12.336082,0.244,1,0.00417314,0.0,4.90213,4.986
523,0.758,10.601644,0.235,1,0.00337593,0.0,5.01047,4.966
524,0.819,9.104677,0.25,1,0.00509024,0.0,5.0887,5.096
525,0.852,9.897247,0.301,1,0.00671195,0.0,5.002,5.004
526,0.841,10.008006,0.264,1,0.00456934,0.0,5.1193,5.13
527,0.741,9.524611,0.226,1,0.00719647,0.0,5.05397,5.114
528,0.808,8.721875,0.234,1,0.00581677,0.0,4.98711,4.964
529,0.834,10.830346,0.242,1,0.00418734,0.0,5.08317,5.074
530,0.857,10.629277,0.303,1,0.00523759,0.0,5.12208,5.144
531,0.762,11.310938,0.245,1,0.00487314,0.0,5.12609,5.044
532,0.829,12.152919,0.228,1,0.00541304,0.0,5.04832,5.05
533,0.764,11.81081,0.208,1,0.00528612,0.0,4.88243,4.882
534,0.804,13.355738,0.224,1,0.0038813,0.0,4.97066,4.976
535,0.825,12.978805,0.236,1,0.00410463,0.0,4.94429,5.026
536,0.806,11.169503,0.254,1,0.00520715,0.0,5.18022,5.116
537,0.799,9.125857,0.309,1,0.00421522,0.0,4.91031,4.928
538,0.819,8.477256,0.278,1,0.00444262,0.0,4.93504,4.926
539,0.815,11.29569,0.247,1,0.00494049,0.0,5.15592,5.182
540,0.839,10.879273,0.293,1,0.00579452,0.0,5.21946,5.158
541,0.805,12.339722,0.226,1,0.00487884,0.0,4.92906,4.99
542,0.827,10.877757,0.253,1,0.00377275,0.0,5.16151,5.238
543,0.828,11.879712,0.26,1,0.0042278,0.0,4.89173,4.932
544,0.793,13.019266,0.217,1,0.00489157,0.0,4.96599,4.94
545,0.82,9.808238,0.29,1,0.00702083,0.0,5.08489,5.042
546,0.772,10.400251,0.233,1,0.00385954,0.0,5.1698,5.112
547,0.739,11.764227,0.209,1,0.00460869,0.0,4.81785,4.864
548,0.796,15.509463,0.245,1,0.00593276,0.0,4.96563,4.888
549,0.77,11.367667,0.192,1,0.00387159,0.0,5.00727,4.952
550,0.811,10.797781,0.232,1,0.00673375,0.0,5.07064,5.096
551,0.823,13.360572,0.238,1,0.0046042,0.0,4.94606,5.006
552,0.79,9.783907,0.266,1,0.00377358,0.0,5.19209,5.206
553,0.793,11.532971,0.236,1,0.00527958,0.0,5.0225,4.978
554,0.785,12.325047,0.216,1,0.00405309,0.0,4.99524,5.038
555,0.826,12.810639,0.274,1,0.0042685,0.0,4.89071,4.886
556,0.771,10.463468,0.254,1,0.00512403,0.0,4.96166,4.956
557,0.748,9.597614,0.208,1,0.004634,0.0,4.81927,4.836
558,0.818,10.531176,0.251,1,0.00477309,0.0,5.11589,5.16
559,0.775,10.743199,0.231,1,0.00516796,0.0,5.10228,5.006
560,0.777,11.425752,0.216,1,0.00398671,0.0,4.92232,4.892
561,0.844,10.858452,0.265,1,0.00552398,0.0,4.95478,5.042
562,0.845,12.368042,0.253,1,0.00389194,0.0,5.04388,5.196
563,0.78,12.12607,0.263,1,0.00501832,0.0,5.00159,5.02
564,0.811,13.110085,0.227,1,0.00398999,0.0,5.08635,5.026
565,0.778,12.905586,0.221,1,0.00268839,0.0,4.93765,4.972
566,0.749,13.695751,0.21,1,0.00707603,0.0,5.07339,5.014
567,0.778,10.096372,0.209,1,0.00709499,0.0,5.01582,5.058
568,0.823,12.392838,0.239,1,0.00623202,0.0,4.9984,5.008
569,0.795,11.364343,0.222,1,0.00478308,0.0,4.86607,4.898
570,0.807,11.945295,0.262,1,0.00520218,0.0,5.01462,5.06
571,0.819,11.548251,0.239,1,0.00556631,0.0,4.97831,4.98
572,0.741,10.458869,0.25,1,0.00488043,0.0,4.97531,4.942
573,0.783,7.051031,0.233,1,0.00601347,0.0,5.02093,4.968
574,0.802,10.877668,0.234,1,0.0052619,0.0,5.02122,4.996
575,0.762,10.470372,0.25,1,0.00316353,0.0,4.99514,4.936
576,0.804,10.748364,0.236,1,0.00729469,0.0,5.07928,5.02
577,0.812,9.874676,0.249,1,0.00323102,0.0,5.13794,5.06
578,0.794,9.895511,0.25,1,0.00518758,0.0,5.17549,5.14
579,0.8,9.221778,0.254,1,0.00526758,0.0,5.13686,5.1
580,0.806,8.279005,0.237,1,0.00561666,0.0,5.10921,5.018
581,0.814,11.885478,0.289,1,0.00744536,0.0,4.99241,5.004
582,0.772,10.275579,0.226,1,0.00615208,0.0,4.92765,4.948
583,0.806,8.611775,0.252,1,0.00459067,0.0,4.84273,4.858
584,0.817,12.56392,0.264,1,0.00645007,0.0,5.01317,5.01
585,0.797,12.363467,0.248,1,0.00507165,0.0,4.94703,5.022
586,0.751,14.905203,0.186,1,0.00641279,0.0,5.0004,5.052
587,0.79,9.70675,0.252,1,0.00338524,0.0,5.12254,5.19
588,0.83,9.930849,0.229,1,0.00490922,0.0,5.10665,5.026
589,0.797,14.413113,0.201,1,0.0056171,0.0,5.04447,5.082
590,0.797,10.732192,0.241,1,0.00419926,0.0,4.89323,4.964
591,0.834,12.403999,0.248,1,0.0040412,0.0,4.98814,5.06
592,0.789,11.48671,0.204,1,0.00428068,0.0,4.88679,4.876
593,0.83,10.692241,0.29,1,0.00413571,0.0,5.0845,5.136
594,0.754,13.84505,0.195,1,0.00566183,0.0,4.78924,4.868
595,0.829,12.228493,0.252,1,0.00435133,0.0,5.01617,4.948
596,0.822,11.35585,0.26,1,0.00476682,0.0,4.97117,5.064
597,0.825,8.658978,0.271,1,0.00515772,0.0,5.16725,5.178
598,0.818,12.800563,0.257,1,0.00425248,0.0,4.86729,4.928
599,0.83,10.524637,0.298,1,0.00583185,0.0,4.95227,4.986
600,0.823,13.323014,0.261,1,0.00557405,0.0,5.06947,5.096
601,0.793,11.334811,0.243,1,0.00507942,0.0,4.96517,4.996
602,0.804,9.16902,0.26,1,0.00467602,0.0,5.17794,5.204
603,0.815,11.340009,0.246,1,0.00556156,0.0,5.12104,5.056
604,0.8,12.445195,0.246,1,0.00529545,0.0,4.84406,4.912
605,0.811,8.853704,0.206,1,0.00578258,0.0,5.08229,5.104
606,0.781,11.458389,0.276,1,0.00387003,0.0,4.99718,4.964
607,0.81,11.06878,0.198,1,0.00512779,0.0,4.91047,5.004
608,0.829,8.225865,0.266,1,0.00504202,0.0,5.23327,5.23
609,0.821,10.478124,0.252,1,0.00587498,0.0,5.07594,5.03
610,0.791,13.106362,0.249,1,0.00568092,0.0,5.02139,5.048
611,0.785,10.89797,0.223,1,0.00410959,0.0,4.95805,5.006
612,0.758,8.555644,0.233,1,0.00600384,0.0,4.9988,4.998
613,0.769,10.708552,0.224,1,0.00319708,0.0,5.14773,5.104
614,0.812,15.907714,0.221,1,0.00544959,0.0,4.90721,4.936
615,0.805,10.286128,0.247,1,0.00429731,0.0,5.01237,5.014
616,0.835,15.616747,0.216,1,0.00618165,0.0,5.00516,5.042
617,0.83,10.494196,0.225,1,0.00519735,0.0,5.18391,5.122
618,0.817,11.563203,0.233,1,0.00373744,0.0,5.08835,5.048
619,0.803,10.995173,0.241,1,0.00242444,0.0,4.95753,4.992
620,0.794,10.666823,0.222,1,0.00423197,0.0,5.05146,5.052
621,0.774,10.474915,0.257,1,0.00569448,0.0,4.93162,4.914
622,0.732,13.087544,0.19,1,0.00378437,0.0,4.86538,4.888
623,0.831,12.206988,0.252,1,0.00384499,0.0,5.16109,5.14
624,0.808,12.186585,0.267,1,0.00556227,0.0,4.99195,4.97
625,0.828,12.018967,0.258,1,0.00386816,0.0,4.98955,4.974
626,0.828,9.386355,0.247,1,0.00528695,0.0,5.11804,5.1
627,0.814,12.341238,0.262,1,0.00368792,0.0,4.89647,4.984
628,0.763,9.760553,0.216,1,0.00448628,0.0,4.71897,4.818
629,0.806,13.209269,0.246,1,0.00440529,0.0,4.95874,4.944
630,0.822,11.041171,0.28,1,0.00565815,0.0,5.05763,5.032
631,0.79,11.116416,0.251,1,0.00543807,0.0,4.7971,4.83
632,0.798,10.694828,0.223,1,0.0076757,0.0,4.98485,5.018
633,0.804,13.882403,0.23,1,0.00530504,0.0,4.97441,5.002
634,0.78,9.853278,0.27,1,0.00543607,0.0,5.08737,4.99
635,0.778,10.159011,0.251,1,0.00463829,0.0,4.95524,4.96
636,0.814,17.664722,0.237,1,0.00427587,0.0,5.02147,5.03
637,0.775,14.32001,0.201,1,0.00547731,0.0,4.82062,4.772
638,0.798,15.598419,0.231,1,0.00467836,0.0,5.05718,5.072
639,0.78,12.469315,0.229,1,0.00621464,0.0,5.01438,5.006
640,0.836,8.450088,0.251,1,0.00432242,0.0,4.96345,5.034
641,0.796,11.689463,0.24,1,0.00430931,0.0,5.00439,5.008
642,0.799,12.449328,0.233,1,0.00488958,0.0,4.94201,4.966
643,0.782,11.835982,0.241,1,0.00493614,0.0,5.07072,5.034
644,0.776,16.2523,0.186,1,0.00457395,0.0,4.84647,4.872
645,0.792,14.256793,0.227,1,0.0067098,0.0,4.98368,5.024
646,0.841,11.127711,0.285,1,0.0066455,0.0,5.20885,5.2
647,0.822,9.574712,0.285,1,0.00505476,0.0,5.12441,5.096
648,0.754,10.549346,0.216,1,0.00474834,0.0,4.97285,5.082
649,0.821,8.671875,0.276,1,0.00419874,0.0,5.06937,5.074
650,0.807,11.390966,0.241,1,0.00577278,0.0,5.12707,5.068
651,0.752,15.922219,0.172,1,0.00299456,0.0,4.71747,4.672
652,0.811,9.247745,0.251,1,0.00594875,0.0,5.09798,5.144
653,0.825,12.714411,0.253,1,0.00579734,0.0,4.86789,4.89
654,0.805,11.186099,0.254,1,0.00662879,0.0,5.03456,5.034
655,0.806,10.228865,0.248,1,0.00353297,0.0,4.86416,4.888
656,0.816,9.068382,0.273,1,0.00581959,0.0,4.93498,5.014
657,0.798,10.700719,0.238,1,0.00495942,0.0,5.18426,5.134
658,0.812,9.537904,0.247,1,0.00414432,0.0,4.9561,4.966
659,0.818,10.161111,0.267,1,0.00604595,0.0,4.9521,5.01
660,0.762,12.05916,0.246,1,0.00276776,0.0,4.89249,4.874
661,0.821,11.037866,0.257,1,0.00434993,0.0,4.93795,5.028
662,0.813,12.817923,0.231,1,0.00492111,0.0,5.09026,5.03
663,0.794,13.583548,0.224,1,0.00373661,0.0,4.91953,4.896
664,0.752,9.935574,0.241,1,0.00572804,0.0,4.92075,4.896
665,0.756,13.41583,0.206,1,0.00413391,0.0,4.95462,4.98
666,0.832,13.933921,0.253,1,0.00502549,0.0,5.25048,5.23
667,0.812,10.976857,0.272,1,0.00382263,0.0,4.81669,4.888
668,0.796,13.277712,0.233,1,0.00587176,0.0,5.09493,5.014
669,0.812,13.972557,0.244,1,0.00560399,0.0,5.08429,5.054
670,0.814,10.255471,0.269,1,0.00516553,0.0,5.01846,5.092
671,0.803,9.909983,0.259,1,0.00410713,0.0,4.85139,4.818
672,0.809,10.216387,0.221,1,0.00470995,0.0,5.07126,5.024
673,0.796,10.982437,0.271,1,0.0043871,0.0,4.78198,4.862
674,0.796,10.94227,0.248,1,0.00446097,0.0,4.92875,4.912
675,0.822,12.48333,0.238,1,0.00678349,0.0,4.9711,4.982
676,0.781,16.82026,0.224,1,0.0047691,0.0,5.00438,5.028
677,0.732,11.153223,0.206,1,0.00541796,0.0,4.84298,4.802
678,0.827,10.913672,0.231,1,0.00573705,0.0,5.00598,5.014
679,0.836,13.85752,0.258,1,0.00584978,0.0,5.04168,5.086
680,0.819,12.157162,0.283,1,0.00589305,0.0,5.22028,5.266
681,0.822,10.734858,0.271,1,0.0056444,0.0,5.09832,5.004
682,0.789,11.049488,0.248,1,0.00366539,0.0,4.94841,4.962
683,0.751,9.359224,0.258,1,0.00426243,0.0,4.89366,4.89
684,0.814,11.768186,0.264,1,0.0055547,0.0,5.05933,5.124
685,0.802,12.431329,0.239,1,0.00488032,0.0,5.10237,5.06
686,0.806,9.944113,0.295,1,0.00451807,0.0,5.0163,5.03
687,0.85,11.11364,0.263,1,0.0045106,0.0,5.16182,5.154
688,0.799,14.03882,0.252,1,0.00593178,0.0,4.90028,4.954
689,0.768,12.410574,0.235,1,0.00465156,0.0,4.84516,4.792
690,0.798,12.255554,0.209,1,0.00536411,0.0,4.94534,4.976
691,0.812,11.033511,0.263,1,0.00694167,0.0,4.98727,5.026
692,0.811,10.903326,0.287,1,0.003327,0.0,5.02748,5.022
693,0.78,12.093123,0.189,1,0.0067243,0.0,4.98285,5.014
694,0.787,14.969691,0.219,1,0.00403057,0.0,4.90688,4.854
695,0.855,11.756371,0.303,1,0.00513259,0.0,5.0467,5.096
696,0.791,12.486217,0.241,1,0.00649195,0.0,4.97092,5.02
697,0.835,10.827624,0.288,1,0.00308983,0.0,5.1961,5.232
698,0.77,10.094764,0.238,1,0.00618312,0.0,5.00595,5.04
699,0.787,13.388562,0.244,1,0.00467035,0.0,5.09195,5.046
700,0.807,9.875522,0.245,1,0.00390894,0.0,5.09449,5.122
701,0.84,10.26386,0.25,1,0.00503517,0.0,5.0028,5.002
702,0.758,17.121237,0.194,1,0.00461651,0.0,4.97261,4.966
703,0.806,9.640193,0.237,1,0.00500357,0.0,5.03036,5.006
704,0.806,14.128194,0.255,1,0.00429458,0.0,5.01156,5.018
705,0.843,13.389908,0.282,1,0.00547695,0.0,5.09535,5.16
706,0.79,10.961259,0.301,1,0.00427222,0.0,5.16731,5.164
707,0.812,10.835074,0.22,1,0.00493344,0.0,5.03152,5.076
708,0.854,10.294665,0.291,1,0.00495756,0.0,5.18217,5.138
709,0.806,9.356012,0.276,1,0.00670308,0.0,4.8844,4.948
710,0.794,15.879727,0.212,1,0.00433352,0.0,4.99239,4.992
711,0.805,9.357636,0.272,1,0.00571219,0.0,5.24184,5.21
712,0.738,13.24364,0.194,1,0.00359404,0.0,4.82693,4.842
713,0.778,10.461085,0.239,1,0.0054433,0.0,4.94696,4.902
714,0.779,13.304376,0.229,1,0.00479386,0.0,5.01041,4.996
715,0.794,13.592976,0.26,1,0.00645985,0.0,4.98569,5.03
716,0.798,10.13753,0.253,1,0.00423862,0.0,5.05756,5.038
717,0.772,11.90774,0.239,1,0.00351053,0.0,4.88127,4.902
718,0.8,12.659696,0.27,1,0.00471995,0.0,5.00275,5.082
719,0.737,15.494288,0.198,1,0.00511904,0.0,4.95252,4.97
720,0.803,9.224,0.259,1,0.00495907,0.0,5.05129,5.03
721,0.824,11.227267,0.256,1,0.00524601,0.0,5.04451,4.988
722,0.822,12.716695,0.259,1,0.00567018,0.0,5.03489,5.044
723,0.806,11.060856,0.24,1,0.00475473,0.0,5.05974,4.988
724,0.804,14.496264,0.246,1,0.00606845,0.0,4.96146,4.982
725,0.806,10.365071,0.246,1,0.00431655,0.0,4.82048,4.902
726,0.828,9.849675,0.249,1,0.00346771,0.0,5.22143,5.302
727,0.843,9.874574,0.302,1,0.00678204,0.0,5.02468,5.106
728,0.799,10.07529,0.233,1,0.00449809,0.0,5.17216,5.158
729,0.817,10.877164,0.287,1,0.00684526,0.0,4.87155,4.858
730,0.751,9.833118,0.209,1,0.00605522,0.0,4.96035,4.994
731,0.811,11.524242,0.246,1,0.00660039,0.0,4.93248,4.976
732,0.789,10.456388,0.256,1,0.00349971,0.0,4.87449,4.924
733,0.822,13.880666,0.268,1,0.00314592,0.0,4.94693,5.012
734,0.75,18.964721,0.191,1,0.00579394,0.0,4.85685,4.904
735,0.796,10.614433,0.222,1,0.00808754,0.0,5.0448,5.0
736,0.777,8.087055,0.232,1,0.00601106,0.0,5.00481,4.986
737,0.82,9.620429,0.245,1,0.006,0.0,5.0821,5.116
738,0.763,9.796241,0.235,1,0.0047691,0.0,5.02035,5.012
739,0.777,11.183773,0.257,1,0.0049712,0.0,5.02299,5.046
740,0.77,11.407217,0.228,1,0.00364109,0.0,4.79626,4.81
741,0.838,9.637455,0.232,1,0.00357967,0.0,4.97861,5.05
742,0.831,12.653412,0.284,1,0.00583976,0.0,5.07628,5.06
743,0.805,10.76728,0.24,1,0.0050905,0.0,4.95833,4.992
744,0.787,9.267278,0.257,1,0.00599493,0.0,5.05674,5.146
745,0.817,14.270729,0.242,1,0.00363372,0.0,4.98752,4.966
746,0.843,9.355937,0.289,1,0.00347786,0.0,5.09009,5.084
747,0.798,13.586164,0.235,1,0.00605825,0.0,5.07489,5.074
748,0.813,11.425982,0.217,1,0.00445974,0.0,5.00823,5.104
749,0.791,11.208028,0.253,1,0.00537109,0.0,4.96886,4.946
750,0.802,11.535064,0.255,1,0.00443925,0.0,5.06909,5.066
751,0.811,12.52546,0.235,1,0.00435695,0.0,4.97951,4.978
752,0.761,10.407222,0.249,1,0.00515,0.0,4.96872,4.924
753,0.798,9.880853,0.239,1,0.00472167,0.0,4.86971,4.958
754,0.838,8.144587,0.257,1,0.00473579,0.0,4.90065,4.912
755,0.813,14.04432,0.24,1,0.00730902,0.0,5.0134,5.076
756,0.806,9.767296,0.231,1,0.00567434,0.0,4.90916,4.954
757,0.775,12.952871,0.234,1,0.00394951,0.0,5.03824,5.126
758,0.783,11.472046,0.248,1,0.0054133,0.0,4.81108,4.838
759,0.806,11.847714,0.238,1,0.00661353,0.0,4.84751,4.866
760,0.783,11.438671,0.235,1,0.00489117,0.0,4.91466,4.992
761,0.789,9.832343,0.256,1,0.00378937,0.0,5.04059,5.026
762,0.789,10.118613,0.222,1,0.00265957,0.0,4.94934,5.014
763,0.796,10.477337,0.235,1,0.0076269,0.0,4.76284,4.79
764,0.786,10.472174,0.221,1,0.00601154,0.0,5.01447,4.976
765,0.809,11.539588,0.226,1,0.00393153,0.0,4.92696,4.956
766,0.814,11.61369,0.268,1,0.00455563,0.0,5.03298,4.972
767,0.774,11.270942,0.233,1,0.00486888,0.0,4.80386,4.874
768,0.829,11.448632,0.274,1,0.00445347,0.0,5.03501,5.084
769,0.81,10.390946,0.23,1,0.00358337,0.0,4.97938,5.044
770,0.807,10.404759,0.26,1,0.00569981,0.0,5.04473,5.008
771,0.776,11.253679,0.236,1,0.00695479,0.0,4.95203,4.878
772,0.788,10.410825,0.257,1,0.00715284,0.0,4.95035,4.914
773,0.829,9.732576,0.258,1,0.00648623,0.0,4.97134,5.024
774,0.794,10.393389,0.241,1,0.00428367,0.0,5.04644,4.996
775,0.804,9.94376,0.283,1,0.00371747,0.0,5.06154,5.102
776,0.825,9.749443,0.246,1,0.00562588,0.0,5.0545,5.064
777,0.857,7.898021,0.285,1,0.00359658,0.0,5.18493,5.148
778,0.804,12.621761,0.225,1,0.00579005,0.0,4.86806,4.896
779,0.761,9.097846,0.272,1,0.00495512,0.0,5.28664,5.268
780,0.753,9.731388,0.256,1,0.00501952,0.0,4.98847,5.032
781,0.786,9.320839,0.226,1,0.00547576,0.0,5.04444,4.996
782,0.788,10.22904,0.24,1,0.00582996,0.0,4.98185,4.958
783,0.78,10.380681,0.234,1,0.00574117,0.0,5.00439,5.012
784,0.832,9.570607,0.262,1,0.00679953,0.0,5.06131,5.056
785,0.825,13.48656,0.234,1,0.00600192,0.0,5.00641,4.992
786,0.815,11.284938,0.265,1,0.00525594,0.0,5.12212,5.126
787,0.835,8.14032,0.269,1,0.00540851,0.0,4.9166,4.964
788,0.777,10.017736,0.254,1,0.00461277,0.0,4.97664,4.966
789,0.804,9.614283,0.194,1,0.0040032,0.0,4.72907,4.754
790,0.798,11.78543,0.247,1,0.00393245,0.0,5.09587,5.09
791,0.796,11.162008,0.251,1,0.00415919,0.0,4.94435,4.96
792,0.805,8.825841,0.247,1,0.00358537,0.0,5.03652,4.984
793,0.794,10.668955,0.224,1,0.0049618,0.0,5.0849,4.994
794,0.79,13.872849,0.258,1,0.00556586,0.0,5.21277,5.17
795,0.784,9.836237,0.255,1,0.00410291,0.0,4.8144,4.86
796,0.798,14.363447,0.214,1,0.00417698,0.0,5.08576,5.084
797,0.824,10.312098,0.269,1,0.00551559,0.0,4.99401,5.01
798,0.83,10.30258,0.289,1,0.00614851,0.0,5.07034,5.004
799,0.801,9.240811,0.254,1,0.00299925,0.0,4.90319,4.896
800,0.827,12.67688,0.261,1,0.00495361,0.0,5.01894,5.068
801,0.798,11.773614,0.245,1,0.00726216,0.0,4.98111,4.976
802,0.776,13.950886,0.207,1,0.00271985,0.0,4.8884,4.964
803,0.813,13.441791,0.261,1,0.00636163,0.0,4.94794,4.956
804,0.837,10.578237,0.274,1,0.00462062,0.0,4.94429,4.99
805,0.825,10.543857,0.275,1,0.00555198,0.0,4.9712,5.0
806,0.811,13.260104,0.24,1,0.00340605,0.0,4.9542,4.978
807,0.796,12.435963,0.265,1,0.00365319,0.0,4.95694,4.97
808,0.796,10.9862,0.296,1,0.00548655,0.0,5.15639,5.09
809,0.805,12.87217,0.26,1,0.00453208,0.0,5.03886,4.992
810,0.773,10.72587,0.248,1,0.00530571,0.0,4.82879,4.918
811,0.844,9.243414,0.328,1,0.00451603,0.0,5.14562,5.164
812,0.766,13.826223,0.205,1,0.00472363,0.0,4.94549,4.88
813,0.801,10.639645,0.247,1,0.00517539,0.0,4.91441,4.954
814,0.79,9.762742,0.265,1,0.00625,0.0,5.01205,4.98
815,0.768,10.712274,0.236,1,0.00268402,0.0,4.95167,4.966
816,0.823,9.62274,0.301,1,0.00658669,0.0,5.0567,5.044
817,0.834,13.859516,0.264,1,0.00464328,0.0,5.20445,5.214
818,0.792,10.389427,0.248,1,0.00424894,0.0,4.89319,4.906
819,0.825,9.504379,0.279,1,0.00575727,0.0,5.09265,5.116
820,0.831,12.214228,0.268,1,0.00457317,0.0,5.10705,5.138
821,0.784,10.928412,0.248,1,0.00466792,0.0,4.95979,4.924
822,0.767,14.143568,0.227,1,0.00268489,0.0,4.9741,4.942
823,0.805,8.664369,0.248,1,0.0049598,0.0,5.16376,5.154
824,0.828,15.988919,0.236,1,0.00470491,0.0,4.90089,4.944
825,0.777,12.524092,0.215,1,0.00384879,0.0,4.82343,4.848
826,0.802,14.256556,0.247,1,0.00479744,0.0,5.14375,5.106
827,0.781,12.899611,0.247,1,0.00419544,0.0,4.79104,4.776
828,0.791,10.908799,0.232,1,0.00562576,0.0,4.93561,4.97
829,0.79,11.490778,0.21,1,0.00464504,0.0,5.06549,5.1
830,0.816,11.616254,0.296,1,0.00481578,0.0,5.12216,5.108
831,0.749,13.331436,0.199,1,0.00579199,0.0,4.86245,4.9
832,0.785,11.958867,0.278,1,0.0048391,0.0,4.96158,4.998
833,0.823,12.013099,0.266,1,0.00484888,0.0,4.96748,4.982
834,0.817,11.512105,0.259,1,0.00270292,0.0,4.93492,4.948
835,0.802,12.389235,0.197,1,0.00591156,0.0,5.00473,5.07
836,0.812,12.149868,0.27,1,0.00523386,0.0,4.90505,4.908
837,0.814,11.63872,0.25,1,0.00511613,0.0,4.96532,4.96
838,0.817,12.155161,0.235,1,0.00528979,0.0,5.1173,5.098
839,0.804,12.749907,0.239,1,0.00387263,0.0,4.84167,4.8
840,0.821,10.504626,0.213,1,0.00441138,0.0,4.7832,4.834
841,0.814,9.465784,0.237,1,0.00405893,0.0,5.17665,5.14
842,0.763,13.202571,0.219,1,0.0030249,0.0,5.09001,5.066
843,0.836,13.511806,0.282,1,0.00555985,0.0,5.06255,5.116
844,0.806,15.547491,0.239,1,0.00400501,0.0,4.86207,4.93
845,0.796,10.762251,0.255,1,0.00410265,0.0,4.97837,4.994
846,0.775,10.326547,0.249,1,0.00525634,0.0,5.09984,5.148
847,0.793,12.501342,0.225,1,0.00516432,0.0,5.07143,5.04
848,0.823,11.451727,0.236,1,0.00483574,0.0,5.10102,5.108
849,0.781,13.234169,0.206,1,0.00531377,0.0,4.8254,4.914
850,0.829,10.72993,0.253,1,0.00528828,0.0,5.19855,5.238
851,0.815,10.489424,0.212,1,0.00790943,0.0,5.02964,5.128
852,0.804,12.847635,0.211,1,0.00501139,0.0,5.12252,5.142
853,0.806,11.85441,0.243,1,0.00604595,0.0,4.97793,4.984
854,0.782,15.198335,0.213,1,0.00507778,0.0,4.97275,4.99
855,0.792,11.892191,0.234,1,0.00322581,0.0,4.89474,4.94
856,0.814,11.720868,0.236,1,0.0060333,0.0,5.01452,4.958
857,0.781,16.638642,0.206,1,0.00422956,0.0,4.90163,4.92
858,0.826,12.998624,0.277,1,0.00483055,0.0,5.08658,5.128
859,0.821,13.275636,0.242,1,0.00690661,0.0,5.10219,5.108
860,0.767,11.925038,0.237,1,0.00483286,0.0,4.95213,5.014
861,0.8,11.138896,0.217,1,0.00368292,0.0,4.73391,4.818
862,0.803,14.364053,0.234,1,0.00360461,0.0,4.9916,5.002
863,0.79,13.823319,0.224,1,0.00782077,0.0,4.96361,4.946
864,0.822,12.173821,0.242,1,0.00457684,0.0,4.95386,5.028
865,0.784,9.586726,0.245,1,0.0034751,0.0,4.87732,4.956
866,0.747,10.976456,0.209,1,0.00421035,0.0,4.91599,4.928
867,0.762,11.125965,0.223,1,0.00617843,0.0,4.89279,4.962
868,0.796,13.983961,0.243,1,0.00471425,0.0,4.9533,4.882
869,0.826,12.062625,0.26,1,0.00364491,0.0,4.93445,5.004
870,0.797,10.834457,0.242,1,0.00598611,0.0,5.0016,5.01
871,0.797,12.397875,0.238,1,0.00608569,0.0,4.96935,4.96
872,0.809,9.110316,0.288,1,0.0054801,0.0,5.04649,4.99
873,0.77,18.609788,0.216,1,0.00334477,0.0,4.83416,4.824
874,0.777,9.545188,0.234,1,0.00471035,0.0,4.89523,4.944
875,0.782,16.234883,0.221,1,0.00558092,0.0,4.86867,4.858
876,0.844,11.014106,0.272,1,0.00534138,0.0,5.11401,5.052
877,0.807,11.920987,0.241,1,0.00426305,0.0,5.01068,5.056
878,0.746,14.023258,0.212,1,0.00511779,0.0,5.0,4.924
879,0.826,19.640676,0.217,1,0.0039624,0.0,5.08735,5.06
880,0.853,10.112424,0.326,1,0.00601202,0.0,5.05415,5.134
881,0.77,13.298042,0.21,1,0.00276074,0.0,5.15415,5.06
882,0.789,14.421058,0.235,1,0.00548839,0.0,5.02478,5.004
883,0.753,10.251361,0.225,1,0.00439713,0.0,5.11765,5.066
884,0.824,10.442653,0.264,1,0.0045213,0.0,4.99683,5.046
885,0.808,12.880379,0.251,1,0.00475543,0.0,5.13887,5.156
886,0.788,9.591755,0.261,1,0.0054424,0.0,4.96805,4.882
887,0.791,11.354388,0.25,1,0.0060714,0.0,4.94714,4.994
888,0.779,10.079823,0.229,1,0.0044255,0.0,4.92811,4.952
889,0.746,15.845675,0.2,1,0.00651268,0.0,4.77248,4.826
890,0.794,13.737362,0.228,1,0.0060611,0.0,4.95158,4.998
891,0.779,12.557049,0.268,1,0.00517777,0.0,4.79437,4.834
892,0.763,9.789629,0.22,1,0.00581689,0.0,4.87546,4.866
893,0.795,9.58091,0.279,1,0.00543521,0.0,5.0337,5.044
894,0.789,12.39058,0.211,1,0.00653709,0.0,4.77644,4.804
895,0.766,11.305289,0.238,1,0.0047053,0.0,4.93241,4.912
896,0.744,10.36534,0.231,1,0.00402145,0.0,4.90185,4.87
897,0.775,13.070707,0.229,1,0.0029395,0.0,4.95629,4.942
898,0.799,10.029995,0.253,1,0.00846122,0.0,4.92443,4.896
899,0.797,17.476405,0.22,1,0.00248447,0.0,4.91453,4.914
900,0.813,10.749179,0.258,1,0.00609013,0.0,4.97576,4.95
901,0.815,12.250692,0.233,1,0.00727729,0.0,4.92583,4.854
902,0.824,11.560206,0.269,1,0.00498489,0.0,5.16582,5.126
903,0.826,11.634926,0.249,1,0.00511364,0.0,4.91228,5.016
904,0.826,11.121469,0.23,1,0.00583068,0.0,5.0862,5.058
905,0.827,8.261997,0.285,1,0.00731707,0.0,5.02769,5.056
906,0.836,9.089655,0.275,1,0.00307014,0.0,5.03089,5.05
907,0.805,9.846926,0.276,1,0.00466563,0.0,4.92026,4.966
908,0.85,10.300533,0.285,1,0.00666371,0.0,5.1767,5.218
909,0.759,10.438374,0.233,1,0.00322208,0.0,4.96473,4.876
910,0.79,10.639624,0.241,1,0.00392574,0.0,4.93821,4.952
911,0.774,14.923896,0.241,1,0.00504727,0.0,5.02496,4.968
912,0.814,10.610111,0.246,1,0.00415725,0.0,5.29587,5.178
913,0.761,11.162965,0.203,1,0.00553062,0.0,4.97448,5.016
914,0.826,12.131388,0.272,1,0.00407446,0.0,5.0028,5.004
915,0.788,10.379877,0.231,1,0.00558943,0.0,4.8334,4.886
916,0.797,11.214493,0.228,1,0.00634714,0.0,4.96927,4.946
917,0.827,9.39767,0.296,1,0.00584368,0.0,4.94819,4.98
918,0.777,9.983495,0.227,1,0.00438027,0.0,5.01342,4.918
919,0.781,14.271626,0.206,1,0.00356097,0.0,5.03466,5.02
920,0.799,12.187362,0.213,1,0.00523996,0.0,4.87946,4.928
921,0.815,13.223658,0.221,1,0.00417178,0.0,4.9534,4.936
922,0.785,18.882941,0.204,1,0.00588185,0.0,4.80385,4.884
923,0.794,11.172087,0.233,1,0.00512195,0.0,4.94572,4.974
924,0.782,12.754482,0.215,1,0.00767632,0.0,5.0024,5.0
925,0.82,16.435648,0.255,1,0.00223196,0.0,4.88176,4.956
926,0.814,10.568867,0.263,1,0.00379357,0.0,5.01705,5.044
927,0.813,10.962262,0.258,1,0.00426271,0.0,5.02698,5.04
928,0.829,12.679979,0.252,1,0.00556758,0.0,5.07137,5.1
929,0.784,13.233448,0.226,1,0.00304105,0.0,4.88366,4.848
930,0.778,12.389072,0.225,1,0.0051895,0.0,5.03883,5.048
931,0.795,14.006393,0.234,1,0.00410166,0.0,4.9459,5.028
932,0.794,13.641513,0.263,1,0.00392381,0.0,4.96268,4.93
933,0.806,11.249894,0.237,1,0.00507314,0.0,4.8751,4.852
934,0.828,11.398717,0.28,1,0.00511035,0.0,5.1851,5.208
935,0.793,12.126547,0.262,1,0.00482724,0.0,4.87934,4.84
936,0.76,11.157582,0.247,1,0.00605425,0.0,4.98511,4.97
937,0.794,12.275327,0.249,1,0.00630448,0.0,5.07024,5.068
938,0.818,13.017021,0.286,1,0.00521503,0.0,5.10062,5.188
939,0.768,10.372971,0.237,1,0.00472245,0.0,4.91249,4.914
940,0.827,10.327675,0.271,1,0.00533684,0.0,5.09417,5.076
941,0.81,13.004367,0.253,1,0.00603723,0.0,4.87372,4.894
942,0.824,11.143495,0.216,1,0.00441718,0.0,4.95541,4.934
943,0.779,11.061593,0.232,1,0.00597659,0.0,4.93932,4.878
944,0.831,12.102632,0.299,1,0.00393604,0.0,4.92727,4.95
945,0.778,9.158593,0.236,1,0.00514286,0.0,4.95951,4.94
946,0.829,13.132666,0.278,1,0.00348201,0.0,4.91524,4.908
947,0.866,12.248745,0.27,1,0.00474398,0.0,5.11951,5.188
948,0.768,12.855206,0.22,1,0.00501672,0.0,5.02924,4.994
949,0.783,10.601781,0.269,1,0.00608416,0.0,4.88403,4.846
950,0.799,11.850844,0.231,1,0.00601347,0.0,4.97487,5.014
951,0.812,11.482285,0.277,1,0.0065596,0.0,5.14668,5.154
952,0.825,13.079877,0.255,1,0.00641737,0.0,5.02668,5.022
953,0.806,11.710914,0.282,1,0.00763245,0.0,5.17583,5.164
954,0.761,13.100411,0.241,1,0.00525,0.0,4.89596,4.902
955,0.833,7.64451,0.275,1,0.00425633,0.0,5.06063,5.014
956,0.792,9.963079,0.242,1,0.00411423,0.0,4.96635,4.992
957,0.764,12.378924,0.23,1,0.00571037,0.0,5.12446,5.126
958,0.773,9.466973,0.228,1,0.00340577,0.0,4.99473,4.938
959,0.796,14.105003,0.241,1,0.00511549,0.0,5.07154,5.088
960,0.812,12.611301,0.244,1,0.00556946,0.0,4.98351,4.972
961,0.78,11.153251,0.217,1,0.0053076,0.0,4.96605,5.008
962,0.821,11.495159,0.24,1,0.00660377,0.0,5.05364,5.034
963,0.824,10.463471,0.27,1,0.00641172,0.0,5.14774,5.09
964,0.788,10.081698,0.26,1,0.00625953,0.0,4.97644,5.008
965,0.831,11.427337,0.254,1,0.00534221,0.0,5.07904,5.086
966,0.819,9.605963,0.299,1,0.00485106,0.0,4.84736,4.848
967,0.805,13.307924,0.242,1,0.00732111,0.0,5.00907,5.072
968,0.762,13.958217,0.226,1,0.00638455,0.0,4.9282,4.958
969,0.797,12.987591,0.232,1,0.00546584,0.0,4.89263,4.936
970,0.82,10.974242,0.265,1,0.00586606,0.0,4.93526,4.974
971,0.761,11.466132,0.205,1,0.00526442,0.0,5.03899,4.976
972,0.743,13.278693,0.192,1,0.00581591,0.0,4.86828,4.874
973,0.782,10.120078,0.219,1,0.00451021,0.0,4.98737,5.068
974,0.776,9.229866,0.226,1,0.00452527,0.0,4.86466,4.906
975,0.815,11.556839,0.255,1,0.00415343,0.0,4.96121,4.95
976,0.773,13.615172,0.208,1,0.00560793,0.0,4.96529,4.956
977,0.787,14.135379,0.223,1,0.00550195,0.0,5.01841,4.998
978,0.771,8.763801,0.253,1,0.00503839,0.0,5.01967,4.982
979,0.837,10.02687,0.281,1,0.00503894,0.0,5.13043,5.106
980,0.826,15.740786,0.296,1,0.00371029,0.0,5.0853,5.088
981,0.781,8.974845,0.262,1,0.00382068,0.0,4.88106,4.826
982,0.799,11.805629,0.215,1,0.00544594,0.0,5.00791,5.06
983,0.784,12.853065,0.239,1,0.0041865,0.0,4.93798,4.934
984,0.785,10.812453,0.237,1,0.00372949,0.0,4.90687,4.918
985,0.82,9.240793,0.28,1,0.00468494,0.0,5.0882,5.034
986,0.798,12.121394,0.217,1,0.00457758,0.0,5.01288,4.968
987,0.801,12.526147,0.231,1,0.00415005,0.0,4.92545,4.99
988,0.823,10.270578,0.259,1,0.00424829,0.0,5.03008,5.054
989,0.814,13.614939,0.214,1,0.00619937,0.0,4.94199,4.896
990,0.803,9.669048,0.273,1,0.00517751,0.0,4.91239,4.954
991,0.758,16.427893,0.201,1,0.00532364,0.0,4.8921,4.838
992,0.807,9.29107,0.262,1,0.00501114,0.0,5.04292,4.986
993,0.802,10.964364,0.275,1,0.00592839,0.0,5.03422,5.026
994,0.804,9.669879,0.27,1,0.00555064,0.0,4.95456,5.018
995,0.738,11.191252,0.226,1,0.00784792,0.0,4.81242,4.766
996,0.76,16.045646,0.165,1,0.00563188,0.0,4.85661,4.826
997,0.792,10.533562,0.217,1,0.00532634,0.0,4.85949,4.868
998,0.773,9.881962,0.256,1,0.00315738,0.0,4.96064,4.98
999,0.797,14.831176,0.223,1,0.00470711,0.0,4.8,4.78
1000,0.818,7.503453,0.308,1,0.00553974,0.0,5.11089,5.086
1001,0.819,10.789042,0.269,1,0.00365943,0.0,4.94849,4.97
1002,0.793,15.760381,0.222,1,0.00522085,0.0,4.90329,4.922
1003,0.775,10.782548,0.257,1,0.00518045,0.0,4.79785,4.828
1004,0.799,9.104009,0.268,1,0.00548882,0.0,5.01236,5.016
1005,0.805,11.622493,0.261,1,0.00441826,0.0,4.97031,4.918
1006,0.804,8.100339,0.253,1,0.00531628,0.0,5.0918,5.098
1007,0.834,12.12379,0.267,1,0.00523643,0.0,4.98379,5.058
1008,0.712,9.651193,0.213,1,0.00659173,0.0,4.87356,4.856
1009,0.811,10.882578,0.235,1,0.00593788,0.0,5.16962,5.082
1010,0.832,11.72964,0.247,1,0.00641172,0.0,5.13765,5.1
1011,0.786,9.386601,0.228,1,0.00385043,0.0,4.81739,4.852
1012,0.811,10.766962,0.253,1,0.00605073,0.0,5.0792,5.076
1013,0.826,11.222897,0.278,1,0.00723398,0.0,5.07741,5.064
1014,0.8,10.108196,0.25,1,0.00479354,0.0,4.86937,4.884
1015,0.802,13.299522,0.256,1,0.00458052,0.0,4.99558,4.982
1016,0.789,8.87804,0.239,1,0.0049249,0.0,4.94641,4.926
1017,0.801,17.056538,0.205,1,0.00477365,0.0,4.99364,5.034
1018,0.818,14.137694,0.234,1,0.00499085,0.0,4.91095,4.896
1019,0.763,13.159805,0.206,1,0.00421105,0.0,4.92517,4.918
1020,0.834,11.788159,0.259,1,0.00577803,0.0,4.98042,5.004
1021,0.803,10.661927,0.255,1,0.00459492,0.0,4.96995,4.992
1022,0.776,11.338633,0.212,1,0.0060773,0.0,4.9742,4.962
1023,0.733,14.083764,0.182,1,0.00609954,0.0,4.97009,4.948
1024,0.797,9.317062,0.202,1,0.00575144,0.0,4.91077,4.886
1025,0.799,11.526219,0.262,1,0.00456274,0.0,5.08704,5.17
1026,0.76,12.031988,0.265,1,0.00460048,0.0,4.96992,4.986
1027,0.755,12.444659,0.219,1,0.00703753,0.0,4.85598,4.916
1028,0.787,8.398711,0.231,1,0.00309278,0.0,5.03192,5.012
1029,0.792,11.757352,0.228,1,0.00408098,0.0,4.97492,5.024
1030,0.825,10.609692,0.29,1,0.00631258,0.0,5.31098,5.19
1031,0.802,11.013394,0.266,1,0.00550898,0.0,4.98607,5.024
1032,0.776,11.19132,0.261,1,0.00412455,0.0,4.95194,4.994
1033,0.814,13.631728,0.223,1,0.00681354,0.0,5.15574,5.124
1034,0.846,9.258946,0.292,1,0.00440188,0.0,5.10406,5.074
1035,0.791,10.018947,0.218,1,0.0064819,0.0,5.19427,5.168
1036,0.805,10.478924,0.25,1,0.00460569,0.0,4.95833,4.992
1037,0.803,10.444062,0.242,1,0.00387567,0.0,5.11228,5.148
1038,0.867,12.601463,0.279,1,0.00416924,0.0,5.10927,5.07
1039,0.827,11.385946,0.27,1,0.00596374,0.0,5.02839,5.002
1040,0.786,14.928934,0.24,1,0.00534629,0.0,4.96981,4.968
1041,0.787,13.833612,0.218,1,0.00572155,0.0,5.00159,5.032
1042,0.804,9.542397,0.256,1,0.00598755,0.0,5.0084,5.002
1043,0.787,14.251238,0.228,1,0.00660685,0.0,4.90008,5.004
1044,0.828,10.358122,0.262,1,0.00524197,0.0,5.09404,5.168
1045,0.827,13.501997,0.232,1,0.00452668,0.0,5.03076,5.006
1046,0.787,11.3549,0.229,1,0.0047908,0.0,4.99561,5.014
1047,0.816,14.463808,0.266,1,0.00594483,0.0,5.02629,5.02
1048,0.765,17.69333,0.198,1,0.00453553,0.0,4.87751,4.882
1049,0.8,13.408929,0.214,1,0.00484076,0.0,4.82384,4.882
1050,0.805,13.050566,0.248,1,0.00478871,0.0,4.90239,4.856
1051,0.82,12.211876,0.236,1,0.00828591,0.0,4.88271,4.894
1052,0.782,10.221905,0.219,1,0.00302903,0.0,4.85102,4.9
1053,0.779,13.741819,0.221,1,0.00660577,0.0,4.94635,4.958
1054,0.806,10.383111,0.237,1,0.00551074,0.0,4.96078,5.048
1055,0.767,14.288861,0.18,1,0.00476695,0.0,4.76166,4.758
1056,0.822,9.481271,0.295,1,0.00423363,0.0,5.0177,5.084
1057,0.817,8.846511,0.3,1,0.00547489,0.0,5.02112,5.02
1058,0.809,11.203877,0.269,1,0.00577756,0.0,4.97883,5.006
1059,0.802,11.370758,0.266,1,0.00569305,0.0,5.03463,5.024
1060,0.829,12.639126,0.268,1,0.00509771,0.0,5.09524,5.082
1061,0.815,14.915385,0.261,1,0.00357512,0.0,4.99484,5.04
1062,0.795,12.88818,0.27,1,0.00462775,0.0,4.95853,4.968
1063,0.799,11.384362,0.259,1,0.00573842,0.0,5.01479,5.004
1064,0.815,9.230751,0.263,1,0.00447621,0.0,5.01141,5.082
1065,0.821,13.91999,0.248,1,0.00612101,0.0,5.05073,5.046
1066,0.789,10.555789,0.227,1,0.00498497,0.0,5.04108,5.014
1067,0.79,13.051983,0.236,1,0.00318601,0.0,4.92596,4.97
1068,0.775,11.323672,0.242,1,0.00298087,0.0,4.92135,4.908
1069,0.821,11.567444,0.255,1,0.00564787,0.0,4.91037,4.976
1070,0.811,10.731542,0.289,1,0.00598068,0.0,5.12859,5.086
1071,0.786,10.799708,0.245,1,0.00637996,0.0,5.0421,5.036
1072,0.803,9.792766,0.284,1,0.00482083,0.0,4.96252,5.016
1073,0.812,11.051262,0.24,1,0.00673131,0.0,5.01165,4.98
1074,0.79,10.438134,0.251,1,0.00389343,0.0,5.10881,5.128
1075,0.741,12.015599,0.186,1,0.00472772,0.0,4.79312,4.766
1076,0.82,12.306194,0.261,1,0.00358423,0.0,5.18467,5.166
1077,0.833,11.738323,0.256,1,0.0064908,0.0,4.86321,4.942
1078,0.781,11.374859,0.231,1,0.00661063,0.0,4.95471,4.946
1079,0.778,10.307102,0.208,1,0.00606943,0.0,4.94874,4.994
1080,0.771,13.964828,0.2,1,0.00463894,0.0,5.08412,5.088
1081,0.828,8.631552,0.291,1,0.0045833,0.0,5.1297,5.104
1082,0.801,17.292929,0.251,1,0.00669231,0.0,5.07812,5.12
1083,0.826,8.73967,0.23,1,0.00462759,0.0,5.17839,5.258
1084,0.783,14.925332,0.205,1,0.00533537,0.0,4.85526,4.864
1085,0.799,9.972725,0.253,1,0.0040313,0.0,5.0004,5.06
1086,0.801,13.988342,0.213,1,0.00661386,0.0,4.92243,4.976
1087,0.809,11.320629,0.269,1,0.00302191,0.0,4.83482,4.928
1088,0.807,12.429117,0.213,1,0.00538336,0.0,4.92172,4.982
1089,0.805,12.060702,0.231,1,0.00412621,0.0,4.93216,5.012
1090,0.77,14.287402,0.236,1,0.00574117,0.0,5.02645,4.99
1091,0.809,11.393579,0.249,1,0.00531208,0.0,5.22513,5.188
1092,0.826,11.04979,0.271,1,0.00485358,0.0,4.92903,5.016
1093,0.845,13.65349,0.284,1,0.00511225,0.0,5.19515,5.196
1094,0.791,12.444206,0.243,1,0.0051886,0.0,4.90586,4.95
1095,0.803,11.475568,0.25,1,0.00478583,0.0,5.0148,5.0
1096,0.787,10.784592,0.252,1,0.00235183,0.0,5.02205,5.08
1097,0.819,12.016918,0.259,1,0.00635493,0.0,5.05393,5.044
1098,0.83,9.104125,0.281,1,0.0043598,0.0,5.10903,5.118
1099,0.812,10.788092,0.247,1,0.00447761,0.0,4.88853,4.934
1100,0.786,13.062152,0.205,1,0.0042635,0.0,4.89844,4.884
1101,0.789,9.55153,0.266,1,0.00367366,0.0,5.12593,5.098
1102,0.808,12.875315,0.255,1,0.00482431,0.0,4.98078,4.994
1103,0.802,11.061921,0.242,1,0.00359454,0.0,5.0076,5.0
1104,0.825,15.995689,0.247,1,0.00546838,0.0,4.96967,5.078
1105,0.793,14.611201,0.213,1,0.00576,0.0,4.95442,5.046
1106,0.782,10.748519,0.202,1,0.00795097,0.0,4.92615,4.902
1107,0.811,13.451061,0.245,1,0.00370706,0.0,4.94058,4.914
1108,0.812,10.631717,0.269,1,0.00342745,0.0,4.91931,4.982
1109,0.794,12.588547,0.233,1,0.00531956,0.0,5.11475,5.072
1110,0.797,13.188668,0.249,1,0.0058277,0.0,4.8366,4.896
1111,0.814,12.425395,0.272,1,0.00558701,0.0,5.18902,5.174
1112,0.834,10.326024,0.279,1,0.00436532,0.0,4.8237,4.844
1113,0.785,10.606683,0.242,1,0.00562544,0.0,5.0629,5.056
1114,0.776,11.025375,0.277,1,0.00587707,0.0,4.92404,4.976
1115,0.793,13.955485,0.206,1,0.00558976,0.0,4.93958,4.998
1116,0.771,11.729005,0.234,1,0.00606249,0.0,5.07535,5.07
1117,0.806,10.262299,0.275,1,0.00312175,0.0,4.98723,5.01
1118,0.814,14.308296,0.252,1,0.00479798,0.0,4.84502,4.904
1119,0.86,11.055788,0.315,1,0.00547285,0.0,5.24054,5.23
1120,0.807,10.010679,0.24,1,0.00535236,0.0,4.93437,4.998
1121,0.82,10.394217,0.25,1,0.00766373,0.0,5.09385,5.072
1122,0.828,8.382548,0.274,1,0.00397702,0.0,5.24652,5.176
1123,0.808,10.903118,0.208,1,0.00481116,0.0,4.97249,5.016
1124,0.773,12.018696,0.245,1,0.00529525,0.0,4.9697,5.016
1125,0.823,12.698002,0.258,1,0.00363578,0.0,4.97468,4.976
1126,0.798,10.464608,0.253,1,0.00522569,0.0,5.17804,5.1
1127,0.778,11.229821,0.268,1,0.0059652,0.0,4.89457,4.932
1128,0.807,13.595139,0.236,1,0.00476987,0.0,4.88154,4.896
1129,0.755,10.405909,0.207,1,0.00344771,0.0,4.92999,4.942
1130,0.784,14.9855,0.222,1,0.00607829,0.0,5.02812,4.908
1131,0.837,12.024519,0.259,1,0.00585176,0.0,4.9374,4.984
1132,0.806,8.473009,0.273,1,0.00464476,0.0,4.80017,4.844
1133,0.777,13.028632,0.211,1,0.00472524,0.0,4.76763,4.794
1134,0.781,12.115206,0.255,1,0.00571837,0.0,5.02033,5.016
1135,0.816,14.758468,0.236,1,0.00600739,0.0,5.11584,5.076
1136,0.815,10.316639,0.277,1,0.00508105,0.0,4.98152,4.978
1137,0.84,9.321622,0.27,1,0.00393153,0.0,4.88165,5.002
1138,0.823,10.980329,0.246,1,0.00643634,0.0,5.20085,5.198
1139,0.798,9.546359,0.251,1,0.00449888,0.0,4.87729,4.922
1140,0.804,14.441936,0.251,1,0.00548948,0.0,4.89138,4.916
1141,0.814,15.270001,0.241,1,0.00448784,0.0,5.08447,4.996
1142,0.798,10.375016,0.218,1,0.00405631,0.0,5.03928,4.99
1143,0.817,9.665229,0.262,1,0.00678426,0.0,5.15986,5.142
1144,0.82,11.333861,0.266,1,0.00252932,0.0,5.09848,5.118
1145,0.773,9.249829,0.216,1,0.00347251,0.0,4.88884,4.948
1146,0.784,15.85379,0.22,1,0.00501546,0.0,4.8749,4.908
1147,0.795,10.952691,0.236,1,0.00259583,0.0,4.81742,4.798
1148,0.783,11.390107,0.241,1,0.00514916,0.0,4.94144,4.952
1149,0.764,13.645864,0.25,1,0.00554482,0.0,4.87029,4.888
1150,0.817,10.056518,0.213,1,0.00558162,0.0,4.95868,4.986
1151,0.811,11.382067,0.257,1,0.00371402,0.0,5.07819,5.09
1152,0.861,12.132136,0.263,1,0.00393701,0.0,5.22713,5.248
1153,0.798,9.277407,0.262,1,0.00688758,0.0,5.1203,5.104
1154,0.811,10.504517,0.211,1,0.00584971,0.0,5.15423,5.174
1155,0.805,12.244212,0.261,1,0.0064531,0.0,5.13491,5.07
1156,0.766,14.507069,0.227,1,0.00857143,0.0,5.03597,5.004
1157,0.775,13.008521,0.201,1,0.00583658,0.0,4.95422,4.98
1158,0.829,10.10797,0.268,1,0.00454442,0.0,5.15139,5.126
1159,0.779,14.752208,0.227,1,0.00359312,0.0,4.82418,4.846
1160,0.758,8.817678,0.21,1,0.00446116,0.0,4.78326,4.78
1161,0.806,11.554529,0.272,1,0.00525938,0.0,4.97976,5.04
1162,0.801,11.866132,0.23,1,0.00468057,0.0,4.95443,4.916
1163,0.794,9.961076,0.266,1,0.00425319,0.0,4.86648,4.928
1164,0.809,11.421688,0.245,1,0.00290463,0.0,4.99355,4.964
1165,0.831,12.837393,0.239,1,0.00353412,0.0,5.02883,5.064
1166,0.821,10.456253,0.283,1,0.00578964,0.0,5.01452,4.96
1167,0.754,11.301266,0.193,1,0.00461657,0.0,4.85151,4.822
1168,0.774,10.446182,0.222,1,0.00379927,0.0,5.0415,5.012
1169,0.796,11.903721,0.266,1,0.00535032,0.0,4.87578,4.83
1170,0.838,10.255132,0.268,1,0.00379447,0.0,5.00792,5.052
1171,0.81,9.588939,0.266,1,0.00677762,0.0,5.12901,5.178
1172,0.834,10.990024,0.286,1,0.0069757,0.0,5.13955,5.188
1173,0.776,10.23176,0.22,1,0.00489596,0.0,4.93159,4.97
1174,0.758,12.681697,0.244,1,0.00456219,0.0,5.01364,4.984
1175,0.784,13.351129,0.241,1,0.00570295,0.0,4.9123,4.926
1176,0.837,11.298686,0.275,1,0.00477997,0.0,5.17878,5.09
1177,0.806,12.218641,0.206,1,0.00542495,0.0,4.9295,4.936
1178,0.796,10.530069,0.27,1,0.0023465,0.0,5.05736,5.056
1179,0.799,8.102074,0.225,1,0.00453677,0.0,4.99364,5.032
1180,0.813,13.171713,0.245,1,0.00651516,0.0,5.10412,5.052
1181,0.8,10.443336,0.227,1,0.00558569,0.0,4.92348,5.018
1182,0.822,14.456945,0.232,1,0.00350686,0.0,5.08803,5.044
1183,0.819,14.571911,0.26,1,0.00638395,0.0,5.11984,5.14
1184,0.818,12.485791,0.244,1,0.00647841,0.0,4.91429,4.9
1185,0.844,11.369042,0.255,1,0.00534967,0.0,5.09802,5.06
1186,0.8,10.672124,0.26,1,0.00406194,0.0,4.84502,4.878
1187,0.751,14.35303,0.209,1,0.00694742,0.0,4.85994,4.798
1188,0.804,11.718672,0.253,1,0.00553195,0.0,4.9892,5.0
1189,0.753,12.411709,0.198,1,0.00516775,0.0,4.92765,4.948
1190,0.821,9.079009,0.289,1,0.00516817,0.0,4.91731,4.958
1191,0.764,10.832324,0.207,1,0.00621266,0.0,4.99801,5.024
1192,0.771,10.913025,0.219,1,0.00416157,0.0,4.94952,4.952
1193,0.822,9.001514,0.282,1,0.00554571,0.0,5.09737,5.094
1194,0.804,12.962409,0.239,1,0.00527108,0.0,4.86051,4.918
1195,0.791,9.760159,0.25,1,0.00612116,0.0,5.35733,5.306
1196,0.819,10.2019,0.26,1,0.00627428,0.0,5.17711,5.172
1197,0.737,9.543543,0.201,1,0.00631136,0.0,4.73165,4.822
1198,0.792,12.483979,0.238,1,0.00396891,0.0,4.90032,4.936
1199,0.828,10.008756,0.28,1,0.00507146,0.0,5.10153,5.102
1200,0.773,12.751305,0.212,1,0.00564131,0.0,5.07677,5.028
1201,0.773,8.743982,0.236,1,0.00444774,0.0,4.92336,4.932
1202,0.797,10.117009,0.242,1,0.00426877,0.0,5.02982,5.03
1203,0.809,11.838587,0.231,1,0.00383724,0.0,4.98764,5.016
1204,0.809,8.133328,0.242,1,0.00521306,0.0,5.13023,5.16
1205,0.832,12.070671,0.266,1,0.00554828,0.0,5.0731,5.116
1206,0.799,10.634836,0.258,1,0.0055253,0.0,4.9972,4.998
1207,0.797,11.9247,0.257,1,0.00620723,0.0,5.01037,5.016
1208,0.824,10.554297,0.284,1,0.0049456,0.0,4.89588,4.956
1209,0.774,12.704851,0.191,1,0.00536289,0.0,4.70084,4.76
1210,0.817,11.129607,0.256,1,0.00515802,0.0,4.93495,4.95
1211,0.808,11.513699,0.287,1,0.00485751,0.0,4.96064,4.98
1212,0.813,10.458782,0.262,1,0.00317628,0.0,5.11726,5.168
1213,0.831,12.539208,0.266,1,0.00435379,0.0,4.9612,5.0
1214,0.803,11.587827,0.253,1,0.00370542,0.0,5.11409,5.066
1215,0.782,10.51063,0.256,1,0.00458287,0.0,4.841,4.868
1216,0.832,13.548026,0.275,1,0.00258095,0.0,5.02397,5.09
1217,0.81,10.685415,0.235,1,0.00367486,0.0,4.76208,4.8
1218,0.75,14.226777,0.186,1,0.00458521,0.0,4.8485,4.858
1219,0.825,11.200944,0.258,1,0.00471143,0.0,5.02764,5.066
1220,0.778,12.416249,0.21,1,0.00594213,0.0,4.80033,4.838
1221,0.783,13.068223,0.24,1,0.00781184,0.0,4.86117,4.898
1222,0.817,9.628781,0.254,1,0.00595102,0.0,5.11193,5.128
1223,0.825,10.826213,0.271,1,0.00525143,0.0,5.00717,5.02
1224,0.796,12.141579,0.226,1,0.00380319,0.0,5.00436,5.044
1225,0.807,11.683708,0.241,1,0.00442478,0.0,4.91107,4.97
1226,0.792,8.850153,0.221,1,0.00490396,0.0,4.94543,4.948
1227,0.812,10.525598,0.228,1,0.00509259,0.0,5.09634,5.086
1228,0.765,10.802706,0.249,1,0.00396138,0.0,4.89972,4.946
1229,0.816,9.622937,0.287,1,0.00491075,0.0,5.08281,5.048
1230,0.775,11.370662,0.224,1,0.00271225,0.0,4.95197,4.914
1231,0.814,9.809058,0.226,1,0.00465686,0.0,4.96149,4.934
1232,0.805,9.435866,0.256,1,0.00443338,0.0,5.0758,5.066
1233,0.787,8.583715,0.27,1,0.00525855,0.0,5.02442,4.996
1234,0.795,12.077791,0.241,1,0.00420315,0.0,4.76429,4.794
1235,0.771,12.495685,0.224,1,0.00492781,0.0,4.80956,4.81
1236,0.769,11.402418,0.214,1,0.00384156,0.0,4.8465,4.834
1237,0.783,10.130031,0.23,1,0.00412939,0.0,5.14033,5.088
1238,0.8,11.097865,0.22,1,0.00519074,0.0,4.94379,4.91
1239,0.788,13.001082,0.228,1,0.00586304,0.0,5.05813,5.058
1240,0.826,12.118903,0.224,1,0.0031625,0.0,4.95659,4.976
1241,0.778,13.465568,0.219,1,0.00583559,0.0,4.81433,4.912
1242,0.794,13.132555,0.252,1,0.00551823,0.0,5.02169,4.98
1243,0.816,10.693559,0.272,1,0.00361098,0.0,5.00683,4.978
1244,0.813,12.745729,0.256,1,0.0062751,0.0,4.91044,4.868
1245,0.715,9.063029,0.197,1,0.00541383,0.0,4.92964,4.946
1246,0.796,13.633112,0.236,1,0.00488599,0.0,4.94762,4.964
1247,0.815,12.676632,0.237,1,0.00403194,0.0,4.99368,5.066
1248,0.794,12.12336,0.218,1,0.00373861,0.0,5.10091,5.034
1249,0.729,14.887018,0.184,1,0.00426885,0.0,4.90435,4.872
1250,0.804,10.906741,0.23,1,0.00550872,0.0,4.9002,4.89
1251,0.797,13.03585,0.233,1,0.00655022,0.0,4.97026,4.976
1252,0.782,14.596573,0.248,1,0.00502765,0.0,4.87301,4.898
1253,0.809,10.351475,0.308,1,0.00382588,0.0,4.83834,4.862
1254,0.813,13.082562,0.274,1,0.00513782,0.0,4.95835,4.946
1255,0.802,10.289936,0.286,1,0.00460971,0.0,5.06459,5.14
1256,0.781,9.140725,0.268,1,0.00670552,0.0,5.05121,4.96
1257,0.771,12.262169,0.228,1,0.00380357,0.0,4.85673,4.872
1258,0.834,9.572034,0.281,1,0.00709667,0.0,5.04857,5.024
1259,0.822,11.905113,0.248,1,0.00624326,0.0,5.12401,5.064
1260,0.82,10.95593,0.278,1,0.00456402,0.0,4.9757,5.02
1261,0.774,11.948926,0.217,1,0.0042278,0.0,4.8957,4.928
1262,0.797,11.081456,0.243,1,0.00380048,0.0,5.03789,5.014
1263,0.856,10.839919,0.298,1,0.00777375,0.0,5.21909,5.176
1264,0.8,11.481388,0.241,1,0.00385511,0.0,4.97046,5.01
1265,0.784,12.135585,0.208,1,0.00398539,0.0,4.91993,4.896
1266,0.817,10.584674,0.25,1,0.00585278,0.0,5.1635,5.162
1267,0.776,10.904344,0.224,1,0.00332095,0.0,5.03865,5.02
1268,0.82,10.65639,0.261,1,0.00603318,0.0,4.87899,4.892
1269,0.788,10.071183,0.275,1,0.00628825,0.0,4.88411,4.884
1270,0.799,10.900229,0.264,1,0.00576879,0.0,5.15095,5.048
1271,0.817,10.944903,0.264,1,0.00315585,0.0,4.96305,4.98
1272,0.81,8.817414,0.272,1,0.00629113,0.0,5.28026,5.238
1273,0.792,10.882518,0.249,1,0.00622407,0.0,5.19277,5.198
1274,0.835,14.681228,0.28,1,0.00673583,0.0,5.05717,5.108
1275,0.795,13.454794,0.227,1,0.00460532,0.0,4.97068,4.98
1276,0.809,9.832545,0.259,1,0.00607287,0.0,5.09076,5.046
1277,0.798,9.702189,0.264,1,0.00645558,0.0,5.08281,5.12
1278,0.79,13.605451,0.2,1,0.00341825,0.0,4.95643,4.958
1279,0.769,13.693666,0.228,1,0.00583942,0.0,4.98585,4.946
1280,0.789,12.065976,0.212,1,0.00371747,0.0,4.90478,4.936
1281,0.8,12.48989,0.255,1,0.00521858,0.0,5.15076,5.134
1282,0.774,12.092326,0.209,1,0.00601655,0.0,4.86266,4.922
1283,0.811,10.001556,0.278,1,0.00362949,0.0,5.10618,5.18
1284,0.81,11.230683,0.275,1,0.00583158,0.0,5.10155,5.042
1285,0.823,8.207923,0.214,1,0.00704853,0.0,4.969,4.968
1286,0.793,9.445673,0.25,1,0.00769709,0.0,5.0858,5.058
1287,0.827,11.98908,0.242,1,0.00619146,0.0,4.97355,5.066
1288,0.801,14.571179,0.263,1,0.00403286,0.0,5.19193,5.158
1289,0.766,7.618156,0.214,1,0.00629151,0.0,4.7943,4.774
1290,0.827,9.66127,0.29,1,0.00411955,0.0,4.95795,4.994
1291,0.797,11.196801,0.237,1,0.00700825,0.0,5.07388,5.062
1292,0.741,13.291636,0.211,1,0.00471893,0.0,4.91216,4.918
1293,0.732,11.980034,0.195,1,0.0046523,0.0,4.94032,4.96
1294,0.818,11.189147,0.256,1,0.00580318,0.0,4.95883,5.004
1295,0.774,16.95575,0.199,1,0.00523517,0.0,4.87404,4.938
1296,0.806,10.67594,0.266,1,0.00336242,0.0,5.00441,4.992
1297,0.808,8.471452,0.28,1,0.00645707,0.0,5.10557,5.096
1298,0.794,11.140786,0.241,1,0.00671348,0.0,5.09595,5.086
1299,0.815,9.014788,0.293,1,0.00372825,0.0,4.92251,4.904
1300,0.796,10.530981,0.262,1,0.00608565,0.0,5.17295,5.146
1301,0.826,10.699556,0.292,1,0.00419098,0.0,4.9029,4.964
1302,0.804,12.348844,0.246,1,0.00424462,0.0,5.04241,5.046
1303,0.822,10.789454,0.275,1,0.0051739,0.0,5.28523,5.266
1304,0.82,13.044566,0.249,1,0.00364579,0.0,4.96101,4.976
1305,0.8,10.32277,0.26,1,0.0038901,0.0,4.94747,4.988
1306,0.781,10.112597,0.24,1,0.00476868,0.0,4.88675,4.892
1307,0.804,11.819799,0.228,1,0.00377169,0.0,4.88975,4.88
1308,0.773,11.563924,0.258,1,0.00776099,0.0,4.88902,4.902
1309,0.757,11.511538,0.246,1,0.00456621,0.0,4.87068,4.856
1310,0.759,10.837617,0.237,1,0.00450413,0.0,4.90147,4.892
1311,0.812,13.319891,0.256,1,0.00329142,0.0,4.81863,4.918
1312,0.824,9.909788,0.272,1,0.00476479,0.0,5.14675,5.138
1313,0.808,11.294486,0.233,1,0.00521492,0.0,5.00831,5.054
1314,0.784,8.545943,0.251,1,0.00453782,0.0,4.86907,4.888
1315,0.772,12.786302,0.254,1,0.0058736,0.0,5.04704,5.06
1316,0.818,10.105134,0.271,1,0.00688182,0.0,5.01468,5.042
1317,0.798,13.83397,0.244,1,0.00604351,0.0,4.96797,4.996
1318,0.766,13.448685,0.177,1,0.00650655,0.0,5.02787,4.952
1319,0.812,11.064898,0.242,1,0.00369155,0.0,4.92724,4.948
1320,0.836,8.817945,0.309,1,0.00474083,0.0,5.04826,5.014
1321,0.779,10.498946,0.252,1,0.00627767,0.0,4.98596,4.984
1322,0.788,12.563145,0.247,1,0.00636735,0.0,4.9455,4.954
1323,0.822,11.164262,0.269,1,0.00445802,0.0,4.87641,4.968
1324,0.806,10.146813,0.252,1,0.00438861,0.0,4.79216,4.85
1325,0.831,9.563673,0.276,1,0.00445104,0.0,5.06767,5.054
1326,0.777,13.072761,0.232,1,0.00641574,0.0,4.80872,4.862
1327,0.795,15.057947,0.239,1,0.00492905,0.0,5.15198,5.198
1328,0.822,12.10113,0.272,1,0.00669076,0.0,5.07533,5.124
1329,0.796,11.886045,0.265,1,0.00509299,0.0,5.05421,5.128
1330,0.806,14.212603,0.263,1,0.00470921,0.0,5.08217,5.014
1331,0.786,11.473497,0.259,1,0.00339751,0.0,4.94678,4.998
1332,0.794,11.927412,0.244,1,0.00356041,0.0,4.97598,5.08
1333,0.827,10.708964,0.288,1,0.00368211,0.0,5.07237,5.14
1334,0.739,15.265942,0.189,1,0.00570096,0.0,4.82576,4.798
1335,0.777,9.501534,0.226,1,0.00480806,0.0,5.13239,5.106
1336,0.824,10.820237,0.25,1,0.0050226,0.0,4.86599,4.91
1337,0.803,10.33884,0.261,1,0.00541563,0.0,4.82697,4.82
1338,0.815,13.383396,0.226,1,0.0035344,0.0,5.06847,5.024
1339,0.84,9.409614,0.275,1,0.00570689,0.0,5.13962,5.114
1340,0.832,14.334471,0.261,1,0.00708679,0.0,5.12017,5.126
1341,0.839,11.927265,0.246,1,0.0050598,0.0,5.12937,5.086
1342,0.77,12.935502,0.207,1,0.00411699,0.0,4.82175,4.836
1343,0.799,15.451216,0.253,1,0.00476748,0.0,4.87205,4.908
1344,0.817,12.622068,0.242,1,0.00449846,0.0,4.98074,5.088
1345,0.794,12.605766,0.209,1,0.00442007,0.0,4.92026,4.966
1346,0.852,14.038649,0.246,1,0.00473934,0.0,5.0258,5.038
1347,0.798,16.091278,0.247,1,0.00516392,0.0,5.10423,5.008
1348,0.824,10.173038,0.276,1,0.00554037,0.0,5.20654,5.2
1349,0.82,10.271155,0.246,1,0.00406148,0.0,5.00279,5.02
1350,0.813,10.624187,0.267,1,0.00526358,0.0,4.97185,5.044
1351,0.766,15.573846,0.236,1,0.00477547,0.0,4.86588,4.906
1352,0.801,9.553696,0.263,1,0.00467443,0.0,4.94084,4.936
1353,0.824,11.704074,0.237,1,0.00545153,0.0,5.02262,5.04
1354,0.814,11.384795,0.231,1,0.00422999,0.0,5.03987,5.066
1355,0.811,10.919012,0.258,1,0.0049142,0.0,5.07924,5.048
1356,0.848,9.641363,0.251,1,0.00440496,0.0,5.20481,5.234
1357,0.778,10.037048,0.267,1,0.00306044,0.0,4.86476,4.836
1358,0.791,11.152204,0.276,1,0.00487409,0.0,4.98179,4.942
1359,0.826,11.402486,0.281,1,0.00418248,0.0,5.06314,5.1
1360,0.786,12.09576,0.241,1,0.00656083,0.0,4.96621,4.972
1361,0.822,11.259857,0.247,1,0.0056899,0.0,5.02542,5.036
1362,0.808,13.066514,0.252,1,0.00530291,0.0,4.95265,5.026
1363,0.778,13.378967,0.244,1,0.00588328,0.0,5.04272,5.056
1364,0.838,12.629983,0.285,1,0.00473821,0.0,5.02699,5.038
1365,0.817,12.913619,0.226,1,0.00386393,0.0,5.1358,5.14
1366,0.82,12.077264,0.259,1,0.00175278,0.0,4.90422,4.886
1367,0.804,12.172661,0.252,1,0.00546282,0.0,5.15246,5.116
1368,0.761,14.579408,0.194,1,0.00410151,0.0,4.83595,4.84
1369,0.745,11.502685,0.198,1,0.00678119,0.0,4.68247,4.724
1370,0.763,10.794376,0.209,1,0.00472676,0.0,4.92405,4.898
1371,0.818,10.83589,0.243,1,0.00524795,0.0,5.14196,5.114
1372,0.791,11.227248,0.271,1,0.0069378,0.0,5.02807,4.988
1373,0.801,11.47959,0.262,1,0.003124,0.0,5.0016,4.992
1374,0.843,12.812172,0.253,1,0.0049165,0.0,5.07083,5.054
1375,0.792,11.581796,0.207,1,0.00513459,0.0,5.1089,5.032
1376,0.813,13.773189,0.246,1,0.00519235,0.0,5.02809,5.056
1377,0.823,12.750577,0.273,1,0.00430931,0.0,5.00839,5.004
1378,0.777,11.331117,0.218,1,0.00499562,0.0,4.73641,4.818
1379,0.817,7.750194,0.272,1,0.00490044,0.0,5.05147,5.09
1380,0.79,10.821681,0.232,1,0.00570059,0.0,4.89051,4.95
1381,0.788,10.933152,0.273,1,0.00559475,0.0,4.92926,5.004
1382,0.746,9.25755,0.195,1,0.00515464,0.0,4.96627,4.922
1383,0.798,11.160784,0.255,1,0.00530717,0.0,4.98637,4.988
1384,0.804,10.916798,0.239,1,0.00475624,0.0,5.0279,5.018
1385,0.849,11.07333,0.3,1,0.00579753,0.0,5.20062,5.174
1386,0.793,14.713939,0.235,1,0.00636527,0.0,4.94711,4.954
1387,0.82,10.604586,0.249,1,0.00696774,0.0,4.78198,4.862
1388,0.794,14.561779,0.209,1,0.00438312,0.0,4.96174,4.966
1389,0.772,13.819611,0.242,1,0.00389231,0.0,4.96657,4.966
1390,0.806,10.352177,0.248,1,0.00602922,0.0,5.06341,5.11
1391,0.828,10.185023,0.267,1,0.00648949,0.0,5.07409,5.102
1392,0.806,10.09012,0.283,1,0.00549101,0.0,4.99047,5.036
1393,0.815,13.477241,0.257,1,0.00485241,0.0,4.96188,4.984
1394,0.799,12.950025,0.227,1,0.00414095,0.0,4.95215,4.974
1395,0.815,13.026969,0.256,1,0.00372332,0.0,4.89312,4.94
1396,0.84,12.688822,0.23,1,0.00473037,0.0,5.02536,5.048
1397,0.795,12.32128,0.255,1,0.00500556,0.0,5.02235,5.012
1398,0.77,10.69056,0.213,1,0.0035452,0.0,4.85334,4.882
1399,0.795,12.424202,0.262,1,0.0046929,0.0,4.88576,4.972
1400,0.788,8.988659,0.242,1,0.00655073,0.0,5.09253,5.036
1401,0.777,15.720712,0.178,1,0.00364805,0.0,4.79309,4.804
1402,0.756,13.526924,0.201,1,0.00542291,0.0,5.12428,5.182
1403,0.816,11.453049,0.264,1,0.00261593,0.0,5.0179,5.028
1404,0.759,10.18752,0.246,1,0.00615858,0.0,4.81706,4.854
1405,0.795,9.522784,0.26,1,0.00557578,0.0,5.06591,5.098
1406,0.818,10.265904,0.306,1,0.00395932,0.0,5.06329,5.088
1407,0.815,12.50267,0.268,1,0.00536673,0.0,5.02619,5.116
1408,0.811,9.328006,0.239,1,0.00522529,0.0,5.16022,5.118
1409,0.782,14.925691,0.199,1,0.00576017,0.0,4.75633,4.818
1410,0.811,10.290159,0.272,1,0.00394704,0.0,4.92947,4.934
1411,0.792,11.637913,0.204,1,0.00404409,0.0,5.0203,5.024
1412,0.805,10.076928,0.271,1,0.00356973,0.0,5.03435,5.008
1413,0.84,12.282048,0.264,1,0.00408654,0.0,4.95828,5.034
1414,0.803,10.653273,0.292,1,0.00695142,0.0,5.09323,5.084
1415,0.804,10.423176,0.245,1,0.00605624,0.0,5.30808,5.226
1416,0.785,11.770216,0.215,1,0.00480445,0.0,4.85235,4.89
1417,0.814,10.028877,0.269,1,0.00343485,0.0,5.13161,5.106
1418,0.771,9.260158,0.245,1,0.00525876,0.0,4.93614,4.854
1419,0.818,10.864381,0.255,1,0.00437637,0.0,4.9754,4.96
1420,0.798,11.226475,0.265,1,0.0056506,0.0,5.09273,5.004
1421,0.833,13.556224,0.257,1,0.00533189,0.0,5.05903,5.116
1422,0.768,14.351483,0.198,1,0.00420987,0.0,5.1226,5.008
1423,0.779,11.928604,0.228,1,0.00477213,0.0,4.9992,5.03
1424,0.77,9.595806,0.241,1,0.00437284,0.0,5.12785,5.084
1425,0.804,9.583339,0.249,1,0.00643266,0.0,5.00875,5.028
1426,0.795,13.686311,0.247,1,0.00244938,0.0,4.93672,4.962
1427,0.79,10.54386,0.274,1,0.0041828,0.0,5.08068,5.082
1428,0.84,11.371677,0.281,1,0.00784215,0.0,4.83449,4.906
1429,0.781,11.932,0.23,1,0.00381255,0.0,4.99802,5.038
1430,0.779,13.655794,0.238,1,0.00565435,0.0,4.92056,4.96
1431,0.786,10.748781,0.211,1,0.00421732,0.0,4.90191,4.934
1432,0.783,19.1821,0.211,1,0.00443131,0.0,4.77354,4.822
1433,0.787,10.723011,0.236,1,0.0042114,0.0,4.91877,4.924
1434,0.799,11.725792,0.25,1,0.00709278,0.0,4.98415,4.922
1435,0.748,13.8055,0.219,1,0.00577377,0.0,4.78285,4.78
1436,0.788,11.077671,0.21,1,0.00571098,0.0,4.93344,4.898
1437,0.778,8.957734,0.236,1,0.00532983,0.0,5.09886,5.078
1438,0.818,8.305471,0.261,1,0.00600578,0.0,5.2397,5.148
1439,0.839,8.751963,0.306,1,0.00539189,0.0,5.07616,5.042
1440,0.751,11.469881,0.219,1,0.00583563,0.0,4.98707,4.948
1441,0.801,9.818637,0.245,1,0.00344405,0.0,5.09992,5.124
1442,0.825,16.005864,0.249,1,0.00380439,0.0,5.03271,5.014
1443,0.824,12.054872,0.269,1,0.00728332,0.0,4.99071,4.952
1444,0.774,14.26057,0.217,1,0.0046225,0.0,4.97017,4.962
1445,0.861,13.463857,0.262,1,0.0049067,0.0,5.17147,5.202
1446,0.812,9.869872,0.272,1,0.00512303,0.0,5.05612,5.096
1447,0.771,12.812914,0.214,1,0.00431724,0.0,5.01323,4.99
1448,0.823,11.373948,0.261,1,0.00504081,0.0,4.98127,5.018
1449,0.834,11.518118,0.263,1,0.00540364,0.0,4.94494,4.94
1450,0.826,10.21022,0.258,1,0.00441484,0.0,5.08507,5.078
1451,0.775,10.36029,0.233,1,0.00491506,0.0,4.84419,4.788
1452,0.813,9.872014,0.242,1,0.00573294,0.0,5.00359,5.02
1453,0.811,13.230815,0.239,1,0.00640519,0.0,5.03223,5.026
1454,0.79,10.627755,0.238,1,0.00436717,0.0,4.9579,4.988
1455,0.802,10.227035,0.26,1,0.00666557,0.0,4.88424,4.976
1456,0.823,9.069414,0.295,1,0.00714399,0.0,4.98931,5.05
1457,0.778,11.412096,0.261,1,0.00592008,0.0,4.97017,4.894
1458,0.766,12.538012,0.224,1,0.00401391,0.0,4.6732,4.798
1459,0.748,9.777483,0.208,1,0.00647549,0.0,5.10709,5.08
1460,0.821,10.465611,0.263,1,0.00474871,0.0,5.00793,5.046
1461,0.803,12.691435,0.215,1,0.00535845,0.0,4.98866,4.938
1462,0.81,10.293512,0.213,1,0.00567481,0.0,4.92068,4.942
1463,0.777,10.987437,0.224,1,0.00568671,0.0,4.79785,4.838
1464,0.752,8.460538,0.21,1,0.00596327,0.0,5.06117,4.97
1465,0.775,11.820613,0.247,1,0.00444375,0.0,5.06596,5.064
1466,0.797,9.445162,0.247,1,0.00549144,0.0,4.99801,5.028
1467,0.803,13.90561,0.217,1,0.00504484,0.0,4.97728,5.018
1468,0.796,13.267659,0.223,1,0.0050396,0.0,4.98644,5.014
1469,0.774,16.070366,0.224,1,0.00468596,0.0,4.96085,4.904
1470,0.76,12.627464,0.22,1,0.00605083,0.0,4.98793,4.97
1471,0.809,11.06297,0.258,1,0.00634846,0.0,5.02323,5.08
1472,0.797,12.896689,0.223,1,0.00362786,0.0,4.9996,4.962
1473,0.809,12.765417,0.244,1,0.00405116,0.0,5.03157,5.004
1474,0.792,15.588891,0.226,1,0.00530547,0.0,4.97202,5.004
1475,0.761,12.325279,0.223,1,0.00384585,0.0,4.98045,5.012
1476,0.794,12.771351,0.233,1,0.00575494,0.0,4.9706,5.034
1477,0.828,10.254032,0.281,1,0.00519562,0.0,5.04488,5.036
1478,0.805,12.30105,0.224,1,0.00526064,0.0,4.98847,5.03
1479,0.796,11.412631,0.239,1,0.00434671,0.0,4.85035,4.838
1480,0.813,15.812585,0.23,1,0.00633374,0.0,4.93389,4.992
1481,0.785,13.095315,0.206,1,0.00438703,0.0,4.95931,4.964
1482,0.794,10.908109,0.245,1,0.00549268,0.0,4.93065,4.874
1483,0.772,12.939648,0.191,1,0.00478965,0.0,5.0028,5.008
1484,0.81,9.88612,0.26,1,0.00757144,0.0,4.99512,4.918
1485,0.799,12.711729,0.239,1,0.00439959,0.0,4.83806,4.792
1486,0.752,11.696194,0.205,1,0.00542139,0.0,4.92078,4.948
1487,0.824,9.731508,0.234,1,0.00577571,0.0,5.03677,4.95
1488,0.807,14.159562,0.229,1,0.00444701,0.0,4.9142,4.942
1489,0.761,10.86184,0.236,1,0.00491803,0.0,4.93727,4.942
1490,0.818,9.821109,0.237,1,0.00412889,0.0,4.93488,5.006
1491,0.802,11.043151,0.206,1,0.00572139,0.0,4.91643,4.906
1492,0.838,9.494665,0.273,1,0.00399734,0.0,5.16597,5.23
1493,0.809,11.362043,0.21,1,0.00559339,0.0,5.00041,4.934
1494,0.77,11.007895,0.248,1,0.00572709,0.0,4.86788,4.95
1495,0.838,13.50376,0.271,1,0.00469851,0.0,5.05943,5.048
1496,0.812,9.185868,0.246,1,0.00631477,0.0,4.95865,4.982
1497,0.795,11.610957,0.267,1,0.00457868,0.0,4.9796,5.0
1498,0.793,15.688631,0.242,1,0.00716874,0.0,5.09945,5.088
1499,0.824,14.564631,0.21,1,0.0057985,0.0,4.98475,4.982
1500,0.833,10.923987,0.256,1,0.0059486,0.0,4.97357,5.07
1501,0.784,11.11803,0.266,1,0.00599101,0.0,4.91735,4.888
1502,0.802,11.764393,0.248,1,0.006697,0.0,4.81082,4.842
1503,0.771,11.427441,0.233,1,0.00388004,0.0,4.96827,4.98
1504,0.807,10.784391,0.216,1,0.00568229,0.0,4.91819,4.938
1505,0.79,10.977689,0.244,1,0.00666258,0.0,5.12078,5.1
1506,0.834,10.661774,0.252,1,0.00509731,0.0,5.11374,5.064
1507,0.814,13.954542,0.24,1,0.00429628,0.0,4.96406,5.064
1508,0.781,15.152318,0.222,1,0.00594719,0.0,5.01631,5.028
1509,0.809,12.685747,0.228,1,0.00452812,0.0,4.99921,5.036
1510,0.796,12.916441,0.209,1,0.00629566,0.0,5.10151,5.044
1511,0.796,15.847833,0.236,1,0.00345253,0.0,4.91317,4.952
1512,0.802,14.122771,0.204,1,0.0050905,0.0,4.95436,4.996
1513,0.806,10.103811,0.253,1,0.00664084,0.0,5.0095,5.05
1514,0.81,11.14114,0.235,1,0.00464972,0.0,5.07432,5.086
1515,0.785,15.177959,0.211,1,0.00497906,0.0,5.01705,5.044
1516,0.759,10.470925,0.227,1,0.00518817,0.0,4.96443,4.892
1517,0.8,12.213154,0.248,1,0.00490958,0.0,4.92981,4.958
1518,0.773,10.116346,0.219,1,0.0054862,0.0,5.03886,4.992
1519,0.816,10.881708,0.258,1,0.00455996,0.0,5.12184,5.138
1520,0.832,8.778875,0.267,1,0.00417698,0.0,5.07578,5.094
1521,0.819,8.657046,0.255,1,0.00478507,0.0,5.0156,5.0
1522,0.807,11.595675,0.252,1,0.0039887,0.0,4.89984,4.912
1523,0.785,10.950435,0.245,1,0.00563081,0.0,4.94113,4.96
1524,0.843,11.471387,0.31,1,0.00350031,0.0,5.05744,5.084
1525,0.835,12.351013,0.245,1,0.00522524,0.0,5.01828,5.034
1526,0.804,12.124532,0.265,1,0.00669294,0.0,5.1779,5.194
1527,0.784,10.203295,0.276,1,0.00420725,0.0,5.05315,5.08
1528,0.79,12.446818,0.262,1,0.00402077,0.0,4.88262,4.89
1529,0.783,9.567912,0.264,1,0.00412655,0.0,4.95351,4.99
1530,0.822,12.307521,0.219,1,0.00531326,0.0,5.20592,5.206
1531,0.802,9.025706,0.245,1,0.00611321,0.0,5.14363,5.152
1532,0.794,10.675033,0.238,1,0.00521976,0.0,5.16166,5.122
1533,0.819,8.685356,0.277,1,0.00419167,0.0,4.90605,4.96
1534,0.786,11.853926,0.213,1,0.00537359,0.0,4.80689,4.878
1535,0.767,12.623939,0.236,1,0.00567388,0.0,4.93948,4.924
1536,0.769,12.843716,0.239,1,0.00486342,0.0,4.9907,4.944
1537,0.797,13.855428,0.195,1,0.00574229,0.0,5.11194,5.11
1538,0.794,8.880291,0.282,1,0.00279655,0.0,5.08212,5.066
1539,0.807,14.808657,0.23,1,0.00643883,0.0,4.93844,4.906
1540,0.796,13.731582,0.191,1,0.00595533,0.0,4.92866,4.906
1541,0.786,12.734322,0.253,1,0.00424646,0.0,4.90204,4.9
1542,0.797,14.511823,0.187,1,0.00478965,0.0,4.97103,5.04
1543,0.758,13.660507,0.204,1,0.00472402,0.0,4.94508,4.88
1544,0.838,9.415355,0.274,1,0.00549534,0.0,5.106,5.132
1545,0.805,15.466284,0.223,1,0.00377537,0.0,5.02133,5.064
1546,0.775,10.24065,0.231,1,0.00469554,0.0,5.21454,5.146
1547,0.792,13.076681,0.212,1,0.00340301,0.0,4.94669,4.99
1548,0.79,12.625763,0.246,1,0.00630583,0.0,5.15918,5.164
1549,0.79,14.634549,0.242,1,0.00629887,0.0,5.31231,5.2
1550,0.803,12.330676,0.244,1,0.005556,0.0,4.96959,4.998
1551,0.792,13.29885,0.258,1,0.0047162,0.0,4.93911,4.894
1552,0.765,13.361292,0.218,1,0.00633323,0.0,4.93825,4.988
1553,0.832,9.459744,0.284,1,0.00716789,0.0,5.05882,4.964
1554,0.77,12.103676,0.216,1,0.00473859,0.0,5.0648,5.0
1555,0.815,16.951694,0.216,1,0.00443787,0.0,5.0807,5.056
1556,0.762,10.455258,0.25,1,0.00326032,0.0,4.88644,4.896
1557,0.781,10.745003,0.237,1,0.00633117,0.0,4.98785,4.94
1558,0.816,10.216871,0.232,1,0.00660241,0.0,5.15532,5.112
1559,0.841,10.681425,0.288,1,0.00499089,0.0,4.95797,5.092
1560,0.786,10.92465,0.24,1,0.00497945,0.0,5.04466,5.016
1561,0.795,11.866567,0.233,1,0.00622456,0.0,4.96474,5.048
1562,0.722,12.045111,0.186,1,0.00500351,0.0,4.76852,4.778
1563,0.793,12.602049,0.235,1,0.00460193,0.0,5.11294,5.1
1564,0.848,9.334817,0.301,1,0.00518705,0.0,5.03124,5.058
1565,0.826,13.063259,0.238,1,0.00531743,0.0,4.98074,4.984
1566,0.8,11.949401,0.25,1,0.00427479,0.0,5.15423,5.174
1567,0.792,11.44796,0.249,1,0.00488599,0.0,4.92184,4.99
1568,0.797,10.441938,0.255,1,0.00226567,0.0,4.89003,4.874
1569,0.815,9.059009,0.258,1,0.00352231,0.0,4.88889,4.878
1570,0.795,11.354455,0.264,1,0.00477441,0.0,4.98888,5.038
1571,0.749,15.531495,0.206,1,0.00691185,0.0,4.83258,4.85
1572,0.806,10.938326,0.273,1,0.00531273,0.0,5.03363,4.936
1573,0.843,12.307793,0.248,1,0.00534635,0.0,5.07511,5.086
1574,0.821,8.625203,0.281,1,0.00549451,0.0,4.9992,5.024
1575,0.792,15.078367,0.25,1,0.00676546,0.0,4.96839,4.998
1576,0.802,11.274303,0.24,1,0.00670863,0.0,4.8843,4.944
1577,0.804,12.9701,0.243,1,0.00499168,0.0,5.1588,5.126
1578,0.792,10.827496,0.251,1,0.00345736,0.0,4.9222,4.936
1579,0.8,11.70784,0.254,1,0.00497512,0.0,5.00118,5.064
1580,0.834,10.90844,0.275,1,0.00576834,0.0,5.11487,5.084
1581,0.726,9.841665,0.203,1,0.00357173,0.0,4.80548,4.894
1582,0.756,11.733725,0.208,1,0.00600601,0.0,5.09494,5.098
1583,0.755,10.486108,0.204,1,0.00420237,0.0,4.92532,4.928
1584,0.817,9.676089,0.266,1,0.00544121,0.0,5.05219,5.02
1585,0.802,11.75324,0.237,1,0.00444826,0.0,5.05483,5.07
1586,0.832,11.130403,0.244,1,0.00505828,0.0,5.18275,5.264
1587,0.798,15.55529,0.235,1,0.00478431,0.0,5.0325,4.984
1588,0.803,12.073519,0.227,1,0.00472089,0.0,4.91013,4.918
1589,0.817,16.038389,0.236,1,0.00665239,0.0,5.10062,5.128
1590,0.795,12.312855,0.226,1,0.00637544,0.0,5.03368,5.048
1591,0.777,9.585492,0.23,1,0.00391837,0.0,4.93156,4.968
1592,0.801,9.784195,0.221,1,0.00576046,0.0,5.01364,4.986
1593,0.829,11.283288,0.274,1,0.00412151,0.0,5.14409,5.094
1594,0.783,11.729145,0.276,1,0.00566929,0.0,5.03968,5.04
1595,0.78,13.130987,0.242,1,0.00550699,0.0,4.7627,4.804
1596,0.764,12.563275,0.209,1,0.00444406,0.0,4.77968,4.802
1597,0.781,11.623468,0.223,1,0.00451592,0.0,5.02468,5.024
1598,0.828,10.720612,0.249,1,0.00405019,0.0,4.98101,5.056
1599,0.803,12.561586,0.216,1,0.00405714,0.0,4.85275,4.876
1600,0.812,10.913997,0.25,1,0.00679369,0.0,5.02985,5.092
1601,0.765,13.236386,0.226,1,0.00594201,0.0,5.00674,5.042
1602,0.821,10.920464,0.253,1,0.00358651,0.0,4.97305,5.046
1603,0.835,10.045994,0.266,1,0.00497002,0.0,5.00632,5.064
1604,0.804,11.076642,0.262,1,0.005869,0.0,5.07304,5.038
1605,0.824,12.000512,0.25,1,0.00431551,0.0,4.97337,5.032
1606,0.775,10.867956,0.249,1,0.00431482,0.0,4.998,5.008
1607,0.766,14.550935,0.199,1,0.00523519,0.0,5.04078,5.002
1608,0.797,12.153414,0.253,1,0.00558285,0.0,5.23335,5.134
1609,0.832,11.705282,0.246,1,0.00411178,0.0,5.09228,5.158
1610,0.792,11.021652,0.242,1,0.00500793,0.0,4.85848,4.932
1611,0.797,12.335324,0.236,1,0.00486825,0.0,5.0989,5.076
1612,0.805,9.905567,0.253,1,0.00354638,0.0,5.01145,5.064
1613,0.81,10.574199,0.228,1,0.0029431,0.0,4.91838,4.974
1614,0.801,11.882298,0.257,1,0.00603962,0.0,4.99116,4.976
1615,0.835,15.934926,0.235,1,0.00401733,0.0,5.0158,5.062
1616,0.785,11.773993,0.221,1,0.00350701,0.0,4.89016,4.898
1617,0.805,10.986938,0.269,1,0.00774466,0.0,5.08068,5.032
1618,0.814,11.209955,0.279,1,0.00570603,0.0,5.12037,5.134
1619,0.795,13.630032,0.253,1,0.00401101,0.0,5.03166,5.054
1620,0.833,9.987313,0.327,1,0.00600623,0.0,5.22106,5.166
1621,0.793,10.717347,0.216,1,0.00587684,0.0,4.79616,4.896
1622,0.84,8.331999,0.297,1,0.00546488,0.0,5.23417,5.244
1623,0.816,10.870964,0.261,1,0.00391615,0.0,5.1191,5.088
1624,0.759,12.134795,0.22,1,0.00515464,0.0,4.93021,4.958
1625,0.825,8.387557,0.269,1,0.0042454,0.0,4.87937,4.924
1626,0.791,11.844441,0.245,1,0.00469925,0.0,5.05663,5.05
1627,0.786,12.645016,0.21,1,0.00357654,0.0,5.00676,5.026
1628,0.781,12.876991,0.254,1,0.00470219,0.0,5.06148,5.042
1629,0.803,13.458419,0.243,1,0.00548054,0.0,5.00796,5.028
1630,0.827,9.520775,0.275,1,0.00482574,0.0,5.11159,5.108
1631,0.749,9.837908,0.201,1,0.00485909,0.0,4.94712,4.992
1632,0.777,12.922707,0.234,1,0.00603622,0.0,4.87454,4.894
1633,0.813,13.643456,0.224,1,0.00748379,0.0,4.85899,4.95
1634,0.735,10.043739,0.232,1,0.0049124,0.0,4.925,4.96
1635,0.801,9.789872,0.253,1,0.00574529,0.0,5.03495,4.978
1636,0.761,10.235401,0.219,1,0.00404537,0.0,5.01871,5.024
1637,0.773,12.592321,0.217,1,0.00654716,0.0,5.05715,5.074
1638,0.828,12.103151,0.257,1,0.00492328,0.0,4.91015,4.964
1639,0.773,10.874397,0.268,1,0.00400334,0.0,4.90991,4.884
1640,0.83,11.150348,0.28,1,0.00366356,0.0,5.12598,5.112
1641,0.849,10.571978,0.305,1,0.0055788,0.0,5.0791,5.082
1642,0.789,10.763937,0.287,1,0.0067455,0.0,4.88925,4.912
1643,0.793,14.680983,0.238,1,0.00459629,0.0,5.14342,5.076
1644,0.786,11.327206,0.205,1,0.00626398,0.0,5.21384,5.144
1645,0.779,10.485975,0.243,1,0.00611957,0.0,5.07203,5.026
1646,0.807,11.214561,0.26,1,0.00490396,0.0,4.98371,4.91
1647,0.801,12.289209,0.243,1,0.00466281,0.0,4.7895,4.836
1648,0.778,10.677301,0.267,1,0.00360577,0.0,4.996,4.996
1649,0.805,13.869646,0.241,1,0.0050741,0.0,4.98635,4.98
1650,0.785,12.179965,0.245,1,0.00332056,0.0,4.87142,4.822
1651,0.847,12.457327,0.269,1,0.00442822,0.0,5.10996,5.038
1652,0.811,12.633668,0.234,1,0.00678784,0.0,5.14713,5.152
1653,0.84,11.605036,0.288,1,0.00629371,0.0,5.06294,5.084
1654,0.803,11.915845,0.249,1,0.00420515,0.0,4.91012,4.94
1655,0.834,14.970898,0.254,1,0.00360113,0.0,4.80354,4.856
1656,0.821,11.275903,0.253,1,0.00566974,0.0,5.00355,5.076
1657,0.775,10.537225,0.25,1,0.00410661,0.0,4.96165,5.006
1658,0.831,11.993683,0.257,1,0.00389968,0.0,5.07686,5.152
1659,0.823,11.306467,0.272,1,0.00434328,0.0,4.99518,4.978
1660,0.816,11.554855,0.246,1,0.00647898,0.0,5.07635,5.108
1661,0.812,12.821723,0.239,1,0.00515424,0.0,5.11178,5.01
1662,0.82,10.021102,0.276,1,0.00533333,0.0,5.19831,5.194
1663,0.801,8.733516,0.262,1,0.00444064,0.0,5.04957,5.084
1664,0.821,14.725436,0.267,1,0.00527682,0.0,4.85918,4.914
1665,0.794,12.754614,0.241,1,0.00445251,0.0,4.90218,4.948
1666,0.823,13.749292,0.215,1,0.0051143,0.0,5.07671,5.084
1667,0.809,11.916577,0.241,1,0.00479578,0.0,4.98248,5.022
1668,0.777,11.167811,0.246,1,0.00488878,0.0,4.95079,4.958
1669,0.819,11.25755,0.243,1,0.00632072,0.0,5.08128,5.044
1670,0.793,11.470067,0.259,1,0.00478126,0.0,5.05193,4.968
1671,0.794,11.722747,0.236,1,0.00478287,0.0,5.1413,5.124
1672,0.782,9.676301,0.229,1,0.0045469,0.0,5.0124,5.002
1673,0.829,10.437343,0.239,1,0.00378818,0.0,5.02021,5.048
1674,0.803,11.156749,0.283,1,0.00583158,0.0,5.07137,5.072
1675,0.804,13.130648,0.26,1,0.00441176,0.0,5.10874,5.058
1676,0.82,9.643881,0.294,1,0.00310238,0.0,4.79901,4.836
1677,0.798,11.638827,0.277,1,0.00736167,0.0,5.02506,5.028
1678,0.792,9.646867,0.259,1,0.00476758,0.0,5.01195,5.022
1679,0.766,10.399157,0.246,1,0.00396858,0.0,4.92869,4.908
1680,0.825,14.614261,0.226,1,0.00401248,0.0,5.17416,5.202
1681,0.795,10.384517,0.245,1,0.00655996,0.0,4.76177,4.802
1682,0.763,11.63313,0.237,1,0.00600731,0.0,4.76598,4.82
1683,0.794,11.332641,0.238,1,0.00507915,0.0,4.84537,4.876
1684,0.766,9.362335,0.212,1,0.00507428,0.0,5.21596,5.214
1685,0.8,13.344166,0.214,1,0.00532407,0.0,5.06844,5.114
1686,0.815,13.673414,0.232,1,0.00691025,0.0,5.01594,5.02
1687,0.796,14.760089,0.235,1,0.00503625,0.0,5.12715,5.112
1688,0.804,12.463096,0.203,1,0.00585343,0.0,5.09058,5.034
1689,0.809,12.143194,0.262,1,0.00297964,0.0,4.91138,4.92
1690,0.826,12.054605,0.29,1,0.00337729,0.0,4.98837,4.986
1691,0.845,11.375389,0.312,1,0.00488636,0.0,5.21506,5.18
1692,0.818,10.218254,0.245,1,0.0051454,0.0,5.08403,5.046
1693,0.799,11.37056,0.237,1,0.00419907,0.0,5.07899,5.064
1694,0.804,10.128958,0.294,1,0.0043246,0.0,4.85909,4.854
1695,0.832,12.485577,0.257,1,0.00450188,0.0,4.89392,4.902
1696,0.801,10.925128,0.264,1,0.00488941,0.0,5.09893,5.054
1697,0.798,12.025327,0.182,1,0.00571951,0.0,5.09837,5.144
1698,0.791,9.554251,0.281,1,0.00435098,0.0,4.98034,4.984
1699,0.804,8.654485,0.256,1,0.0058489,0.0,4.93189,4.992
1700,0.801,13.215311,0.237,1,0.00571111,0.0,5.04684,4.996
1701,0.789,12.729678,0.226,1,0.00460476,0.0,4.84187,4.844
1702,0.794,10.910921,0.266,1,0.0063358,0.0,4.96411,4.96
1703,0.81,9.971074,0.277,1,0.00484496,0.0,4.94964,5.004
1704,0.796,9.755891,0.238,1,0.00474131,0.0,4.91295,4.894
1705,0.789,10.166639,0.25,1,0.00491228,0.0,5.04127,5.088
1706,0.786,12.569759,0.218,1,0.00520546,0.0,4.98388,5.088
1707,0.799,12.609111,0.258,1,0.00364313,0.0,4.94872,4.992
1708,0.777,12.61844,0.222,1,0.00633159,0.0,5.07457,5.042
1709,0.736,12.12849,0.206,1,0.00529056,0.0,4.87833,4.882
1710,0.821,9.672716,0.266,1,0.00395594,0.0,5.09767,5.058
1711,0.796,9.140291,0.238,1,0.00385883,0.0,4.97958,4.996
1712,0.803,12.456589,0.228,1,0.00534805,0.0,4.84375,4.864
1713,0.795,9.83421,0.249,1,0.00530419,0.0,4.99518,4.982
1714,0.82,10.333073,0.275,1,0.00714658,0.0,5.18448,5.182
1715,0.812,10.774131,0.232,1,0.00582434,0.0,5.07968,5.07
1716,0.762,12.003763,0.223,1,0.00419167,0.0,4.89618,4.97
1717,0.777,10.81863,0.245,1,0.00587899,0.0,4.95429,4.944
1718,0.815,10.577171,0.26,1,0.00370943,0.0,5.06855,5.106
1719,0.817,10.151582,0.263,1,0.00573888,0.0,5.0004,5.018
1720,0.769,11.344449,0.241,1,0.00482601,0.0,4.83067,4.89
1721,0.785,11.168336,0.26,1,0.00411429,0.0,5.13699,5.11
1722,0.773,13.152344,0.253,1,0.00558433,0.0,4.96424,4.978
1723,0.789,10.190488,0.257,1,0.00640417,0.0,5.03704,5.022
1724,0.761,11.820116,0.219,1,0.00657174,0.0,4.87233,4.872
1725,0.834,10.940534,0.242,1,0.00487465,0.0,5.08019,5.088
1726,0.812,11.558791,0.216,1,0.00552663,0.0,4.97609,5.018
1727,0.764,14.186864,0.186,1,0.0077769,0.0,5.04358,5.048
1728,0.809,11.022195,0.268,1,0.00487211,0.0,4.96372,4.962
1729,0.806,11.464113,0.231,1,0.00444189,0.0,4.93385,4.928
1730,0.811,9.069989,0.246,1,0.00637828,0.0,4.93304,4.958
1731,0.804,11.745496,0.244,1,0.00474834,0.0,5.03025,5.024
1732,0.773,12.854561,0.216,1,0.00456438,0.0,4.99121,5.004
1733,0.776,9.397027,0.214,1,0.00366268,0.0,4.76204,4.816
1734,0.844,11.626676,0.283,1,0.00490196,0.0,5.05984,5.08
1735,0.803,12.449038,0.261,1,0.00458716,0.0,4.71102,4.72
1736,0.825,10.951066,0.239,1,0.00391856,0.0,5.08995,5.114
1737,0.8,10.12199,0.265,1,0.00538841,0.0,5.1851,5.154
1738,0.802,10.029316,0.203,1,0.00766993,0.0,4.77399,4.752
1739,0.781,11.199556,0.251,1,0.00419684,0.0,4.90198,4.958
1740,0.848,13.214693,0.258,1,0.00422535,0.0,5.03546,5.076
1741,0.807,13.480282,0.24,1,0.00473672,0.0,5.05669,5.01
1742,0.765,11.197877,0.222,1,0.00644735,0.0,4.91989,4.918
1743,0.827,13.742843,0.25,1,0.00486524,0.0,5.05623,5.122
1744,0.781,13.887839,0.211,1,0.0038638,0.0,4.97119,4.998
1745,0.747,13.285194,0.219,1,0.00520833,0.0,5.07692,4.992
1746,0.759,11.257871,0.212,1,0.00257378,0.0,4.8506,4.806
1747,0.793,10.334592,0.236,1,0.00467098,0.0,4.97675,4.904
1748,0.83,9.141517,0.284,1,0.006539,0.0,5.06746,5.07
1749,0.842,11.52716,0.243,1,0.00487211,0.0,4.94181,4.984
1750,0.829,9.473651,0.305,1,0.00677623,0.0,5.05672,5.078
1751,0.782,11.034865,0.198,1,0.00382979,0.0,4.83141,4.864
1752,0.793,13.216723,0.245,1,0.00549669,0.0,5.01919,5.002
1753,0.805,11.139666,0.238,1,0.00532531,0.0,5.07918,5.102
1754,0.819,13.646744,0.251,1,0.00489077,0.0,4.93484,4.972
1755,0.812,13.644956,0.209,1,0.00610799,0.0,4.94324,4.968
1756,0.81,12.597338,0.239,1,0.00678627,0.0,5.03535,5.092
1757,0.801,12.69238,0.251,1,0.00563866,0.0,5.05303,5.054
1758,0.803,10.256281,0.231,1,0.00486514,0.0,4.82736,4.854
1759,0.815,11.804554,0.25,1,0.00482805,0.0,4.83654,4.882
1760,0.8,13.439585,0.233,1,0.00517922,0.0,4.92071,4.944
1761,0.812,10.618436,0.247,1,0.00288046,0.0,5.01324,4.986
1762,0.813,10.997528,0.251,1,0.00512821,0.0,5.32423,5.274
1763,0.804,10.474183,0.255,1,0.00618606,0.0,5.03957,5.004
1764,0.788,13.664732,0.223,1,0.00854214,0.0,4.97652,4.94
1765,0.796,12.564285,0.236,1,0.00516224,0.0,4.89531,4.986
1766,0.806,12.218671,0.274,1,0.00316718,0.0,5.17603,5.124
1767,0.79,9.179986,0.226,1,0.00332113,0.0,4.81863,4.874
1768,0.783,12.261772,0.23,1,0.00479042,0.0,4.998,5.012
1769,0.756,11.906092,0.185,1,0.0040319,0.0,4.70928,4.74
1770,0.825,12.722376,0.278,1,0.00366011,0.0,5.2601,5.298
1771,0.804,8.112552,0.247,1,0.00580084,0.0,4.97076,4.994
1772,0.845,10.324996,0.278,1,0.00536153,0.0,5.18895,5.176
1773,0.776,14.557123,0.204,1,0.0070749,0.0,4.9465,4.972
1774,0.808,11.038662,0.246,1,0.00491159,0.0,4.90405,4.982
1775,0.799,11.977167,0.24,1,0.00549669,0.0,5.03126,4.99
1776,0.782,11.389424,0.245,1,0.00823577,0.0,5.01823,4.936
1777,0.755,14.810573,0.181,1,0.00559656,0.0,4.99959,4.932
1778,0.829,11.837498,0.26,1,0.00524142,0.0,4.99286,5.044
1779,0.784,13.604866,0.242,1,0.00307838,0.0,5.04138,5.026
1780,0.795,12.38778,0.252,1,0.00523519,0.0,5.00874,5.034
1781,0.833,11.980757,0.245,1,0.00457491,0.0,5.12906,5.114
1782,0.764,12.754522,0.2,1,0.00477387,0.0,4.90349,4.87
1783,0.843,11.864157,0.279,1,0.00506222,0.0,5.34699,5.32
1784,0.796,17.30763,0.203,1,0.00487092,0.0,4.96493,4.962
1785,0.765,10.100194,0.208,1,0.00339899,0.0,4.80084,4.78
1786,0.772,10.015041,0.214,1,0.0037747,0.0,5.23277,5.164
1787,0.822,9.511308,0.263,1,0.00417601,0.0,5.10905,5.062
1788,0.784,11.533337,0.247,1,0.00491481,0.0,4.95053,4.932
1789,0.831,9.92459,0.276,1,0.0052844,0.0,5.23434,5.206
1790,0.798,10.194861,0.229,1,0.00592885,0.0,4.99211,5.068
1791,0.785,12.78439,0.235,1,0.00678562,0.0,4.92247,4.85
1792,0.806,11.080848,0.228,1,0.00698907,0.0,4.98119,4.998
1793,0.737,11.344296,0.21,1,0.00444115,0.0,4.92866,4.934
1794,0.817,21.090553,0.217,1,0.00167839,0.0,4.971,5.034
1795,0.813,10.786568,0.245,1,0.00769354,0.0,5.01124,4.98
1796,0.814,11.430509,0.258,1,0.00582434,0.0,5.07768,5.072
1797,0.793,10.116025,0.268,1,0.0043045,0.0,4.98807,5.03
1798,0.798,13.225965,0.244,1,0.00291451,0.0,4.94476,4.996
1799,0.799,14.818293,0.204,1,0.0059929,0.0,5.21049,5.188
1800,0.797,11.581884,0.224,1,0.00722022,0.0,5.00401,4.982
1801,0.804,10.16613,0.258,1,0.00755545,0.0,4.99756,4.926
1802,0.791,13.356225,0.219,1,0.00487465,0.0,5.09621,5.072
1803,0.823,11.101971,0.254,1,0.00704501,0.0,5.03151,5.078
1804,0.805,9.430767,0.252,1,0.00557711,0.0,4.93892,5.01
1805,0.857,10.991812,0.25,1,0.00608235,0.0,5.05081,5.078
1806,0.732,11.41147,0.221,1,0.00438192,0.0,5.11321,5.088
1807,0.815,11.197787,0.256,1,0.00512737,0.0,4.94248,4.972
1808,0.816,9.890323,0.256,1,0.00552056,0.0,5.33976,5.292
1809,0.808,13.138177,0.231,1,0.00275046,0.0,4.89714,4.9
1810,0.806,10.904984,0.255,1,0.00394704,0.0,4.94149,4.922
1811,0.826,11.421338,0.252,1,0.00416191,0.0,4.94113,4.96
1812,0.832,12.904973,0.26,1,0.00389914,0.0,4.78681,4.822
1813,0.819,13.55614,0.249,1,0.00329475,0.0,4.87923,4.852
1814,0.782,10.940856,0.25,1,0.00507778,0.0,4.98473,4.978
1815,0.805,11.323831,0.25,1,0.00443787,0.0,5.03686,5.1
1816,0.798,10.342337,0.238,1,0.00428499,0.0,4.86193,4.896
1817,0.774,16.051097,0.179,1,0.00635749,0.0,4.91743,4.99
1818,0.791,12.42791,0.221,1,0.0046037,0.0,5.12102,5.09
1819,0.84,10.41733,0.268,1,0.00539285,0.0,5.14886,5.186
1820,0.813,13.60517,0.265,1,0.00414634,0.0,4.95768,4.962
1821,0.796,10.855832,0.263,1,0.00534387,0.0,5.08747,5.076
1822,0.819,10.134768,0.268,1,0.00492795,0.0,5.18104,5.17
1823,0.846,11.184294,0.29,1,0.00526195,0.0,5.10631,5.136
1824,0.8,10.6518,0.279,1,0.0053684,0.0,5.09635,5.044
1825,0.782,11.340867,0.242,1,0.00294647,0.0,4.92661,4.96
1826,0.8,9.871864,0.214,1,0.00487763,0.0,4.80708,4.862
1827,0.786,10.800475,0.221,1,0.00490196,0.0,4.93349,4.962
1828,0.77,13.503405,0.201,1,0.0034353,0.0,4.9219,4.968
1829,0.75,11.876861,0.192,1,0.0039557,0.0,4.78184,4.758
1830,0.823,10.276437,0.25,1,0.00342159,0.0,4.95359,4.956
1831,0.812,12.050692,0.242,1,0.00460123,0.0,5.12982,5.084
1832,0.796,13.535252,0.241,1,0.00556758,0.0,5.06541,5.106
1833,0.782,13.87792,0.237,1,0.00556721,0.0,4.98351,4.974
1834,0.788,10.287926,0.266,1,0.00383387,0.0,5.07499,4.934
1835,0.789,9.553553,0.217,1,0.00438394,0.0,5.09682,5.102
1836,0.836,9.983847,0.295,1,0.00553038,0.0,5.05592,5.15
1837,0.816,9.203182,0.232,1,0.00369975,0.0,4.92828,4.936
1838,0.825,11.421,0.249,1,0.00506407,0.0,5.09301,5.118
1839,0.83,10.791782,0.267,1,0.00598372,0.0,4.99363,5.02
1840,0.822,14.173722,0.219,1,0.00476834,0.0,5.02516,5.008
1841,0.776,10.097159,0.21,1,0.00649853,0.0,5.08697,5.082
1842,0.782,13.9396,0.24,1,0.00352615,0.0,4.83009,4.932
1843,0.831,13.491346,0.239,1,0.00353329,0.0,5.05798,5.036
1844,0.787,10.796255,0.229,1,0.00465953,0.0,4.90497,4.988
1845,0.802,12.813184,0.24,1,0.00490597,0.0,4.93543,4.956
1846,0.793,10.377545,0.245,1,0.0047123,0.0,4.9071,4.93
1847,0.78,12.372628,0.234,1,0.00560611,0.0,5.00936,4.914
1848,0.801,12.928111,0.214,1,0.00591813,0.0,4.9355,4.93
1849,0.789,13.609365,0.234,1,0.00588764,0.0,4.95302,4.938
1850,0.797,10.028294,0.275,1,0.00294768,0.0,4.93854,4.946
1851,0.812,12.592124,0.278,1,0.00428299,0.0,4.99327,5.05
1852,0.791,15.563096,0.227,1,0.00589345,0.0,5.05803,5.032
1853,0.775,11.650534,0.226,1,0.00564648,0.0,4.9574,4.93
1854,0.815,16.341875,0.235,1,0.004921,0.0,4.80423,4.822
1855,0.82,12.528256,0.257,1,0.00450593,0.0,5.03583,5.024
1856,0.831,15.32449,0.239,1,0.00497827,0.0,5.02781,5.034
1857,0.8,10.317814,0.217,1,0.00585176,0.0,4.96529,4.956
1858,0.803,13.335006,0.231,1,0.00351442,0.0,5.24904,5.204
1859,0.812,10.05273,0.28,1,0.00499093,0.0,5.15958,5.126
1860,0.785,10.903539,0.267,1,0.00507655,0.0,4.99799,4.966
1861,0.825,10.996747,0.266,1,0.00410562,0.0,5.01696,4.952
1862,0.805,9.951335,0.248,1,0.00421976,0.0,4.91101,4.922
1863,0.81,13.740093,0.233,1,0.00495868,0.0,4.94888,4.89
1864,0.818,12.609283,0.23,1,0.00556715,0.0,5.07375,5.098
1865,0.83,10.397094,0.253,1,0.00499251,0.0,4.90531,4.9
1866,0.817,9.510278,0.276,1,0.00450379,0.0,5.00435,5.058
1867,0.773,15.895605,0.205,1,0.00529101,0.0,4.90404,4.856
1868,0.78,11.401579,0.237,1,0.00749649,0.0,5.05766,5.064
1869,0.789,13.056212,0.23,1,0.00609911,0.0,4.85603,4.862
1870,0.799,11.386581,0.237,1,0.00460829,0.0,4.9996,4.948
1871,0.82,10.530837,0.252,1,0.00299252,0.0,4.91221,4.898
1872,0.773,11.003724,0.237,1,0.00432831,0.0,5.00441,4.986
1873,0.842,12.219793,0.268,1,0.00635127,0.0,4.92027,4.992
1874,0.781,12.748012,0.209,1,0.0043131,0.0,5.01,4.998
1875,0.825,11.703175,0.234,1,0.00408752,0.0,4.97488,5.016
1876,0.829,9.913737,0.264,1,0.0041867,0.0,5.03631,5.122
1877,0.749,10.50654,0.224,1,0.00487596,0.0,4.88917,4.782
1878,0.793,12.144411,0.241,1,0.00445876,0.0,4.88347,4.96
1879,0.789,12.312746,0.265,1,0.0063415,0.0,5.06262,5.046
1880,0.801,11.060876,0.251,1,0.00392799,0.0,4.92345,4.964
1881,0.807,11.26597,0.229,1,0.0049776,0.0,4.89205,4.928
1882,0.82,9.305308,0.264,1,0.00507042,0.0,4.97996,4.99
1883,0.804,8.58242,0.261,1,0.00583606,0.0,4.75968,4.752
1884,0.838,12.166401,0.272,1,0.0061841,0.0,4.97554,5.07
1885,0.75,12.82303,0.226,1,0.00425177,0.0,4.89392,4.902
1886,0.819,13.149354,0.242,1,0.00537222,0.0,4.82593,4.86
1887,0.802,10.376105,0.222,1,0.00466525,0.0,4.96667,4.92
1888,0.817,11.719572,0.294,1,0.00483018,0.0,5.12697,5.088
1889,0.82,10.5236,0.264,1,0.00529507,0.0,5.11622,5.094
1890,0.783,10.753264,0.264,1,0.00389105,0.0,4.96019,4.974
1891,0.803,11.786187,0.271,1,0.00447761,0.0,5.04358,5.048
1892,0.812,11.650494,0.273,1,0.00532815,0.0,4.85187,4.874
1893,0.785,16.029223,0.204,1,0.00458384,0.0,4.97599,4.998
1894,0.823,11.479015,0.296,1,0.00459841,0.0,5.14511,5.072
1895,0.817,13.004026,0.27,1,0.00344998,0.0,4.94275,4.926
1896,0.81,15.035679,0.219,1,0.00434573,0.0,4.98636,4.984
1897,0.769,12.949236,0.213,1,0.00506971,0.0,4.8784,4.852
1898,0.78,8.578482,0.236,1,0.00585461,0.0,4.99716,4.922
1899,0.761,15.996351,0.195,1,0.00505213,0.0,4.97606,5.012
1900,0.763,12.927561,0.232,1,0.0033871,0.0,5.0427,4.918
1901,0.826,9.733115,0.265,1,0.00450225,0.0,4.87759,4.918
1902,0.815,9.405371,0.255,1,0.00559565,0.0,4.99433,4.938
1903,0.808,10.179841,0.237,1,0.00537844,0.0,5.05079,5.08
1904,0.785,13.036771,0.236,1,0.00511509,0.0,5.08793,5.072
1905,0.796,13.728056,0.229,1,0.00452345,0.0,5.00636,5.034
1906,0.829,9.686671,0.295,1,0.00330865,0.0,5.04531,5.032
1907,0.798,12.336275,0.219,1,0.00492341,0.0,5.06572,5.052
1908,0.781,8.274882,0.243,1,0.00528857,0.0,5.11246,5.104
1909,0.79,10.43843,0.237,1,0.00682393,0.0,4.86675,4.878
1910,0.777,10.525383,0.26,1,0.00336916,0.0,4.9884,4.998
1911,0.81,14.191784,0.192,1,0.00536585,0.0,4.94373,4.976
1912,0.787,13.493932,0.209,1,0.00452812,0.0,5.04934,4.986
1913,0.826,11.376356,0.275,1,0.00481872,0.0,5.10903,5.118
1914,0.754,13.365901,0.244,1,0.00745408,0.0,4.73686,4.758
1915,0.788,11.944141,0.208,1,0.00398874,0.0,5.06778,5.046
1916,0.803,9.887294,0.267,1,0.00517688,0.0,5.02325,5.076
1917,0.802,12.529037,0.246,1,0.00274885,0.0,4.902,4.898
1918,0.789,14.18814,0.202,1,0.00366972,0.0,4.75686,4.812
1919,0.815,11.222064,0.28,1,0.00470569,0.0,4.91599,4.928
1920,0.762,14.64085,0.201,1,0.0069504,0.0,4.84977,4.806
1921,0.831,11.458535,0.254,1,0.00483559,0.0,4.92186,5.042
1922,0.741,11.419817,0.209,1,0.00721094,0.0,4.94062,4.884
1923,0.833,9.856423,0.282,1,0.00513259,0.0,5.32574,5.268
1924,0.793,8.592758,0.233,1,0.00454477,0.0,5.13696,5.14
1925,0.786,12.022784,0.238,1,0.00546016,0.0,5.02266,5.032
1926,0.791,9.905557,0.293,1,0.00489244,0.0,5.07968,5.07
1927,0.779,11.25672,0.244,1,0.00480038,0.0,4.97176,5.028
1928,0.825,15.454592,0.259,1,0.00410678,0.0,4.82975,4.84
1929,0.797,12.504223,0.233,1,0.00461053,0.0,5.00121,4.944
1930,0.825,12.164631,0.233,1,0.00429799,0.0,5.1423,5.158
1931,0.795,10.243431,0.261,1,0.00387744,0.0,5.15198,5.106
1932,0.83,11.61406,0.264,1,0.00317745,0.0,4.9632,4.946
1933,0.787,8.267159,0.23,1,0.00246711,0.0,4.89336,4.97
1934,0.815,17.342551,0.233,1,0.00521653,0.0,4.86976,4.96
1935,0.798,13.280285,0.246,1,0.00642769,0.0,4.93493,4.918
1936,0.772,12.955424,0.226,1,0.00523972,0.0,4.79121,4.78
1937,0.821,12.627689,0.23,1,0.0068715,0.0,5.04825,5.016
1938,0.755,10.352617,0.22,1,0.00398241,0.0,4.89959,4.92
1939,0.805,15.437238,0.23,1,0.00407218,0.0,4.99362,5.016
1940,0.804,12.770664,0.209,1,0.00599631,0.0,5.1253,5.076
1941,0.748,10.572816,0.211,1,0.00407186,0.0,5.03619,4.974
1942,0.799,11.993022,0.22,1,0.00605347,0.0,4.89465,4.86
1943,0.792,14.42549,0.202,1,0.00521955,0.0,4.92452,4.902
1944,0.81,10.616048,0.241,1,0.00374766,0.0,5.0765,5.046
1945,0.801,11.148031,0.241,1,0.00613015,0.0,5.03721,5.052
1946,0.799,12.039987,0.233,1,0.00439417,0.0,4.94129,4.974
1947,0.812,12.82784,0.27,1,0.00374781,0.0,4.8631,4.938
1948,0.802,10.157658,0.244,1,0.00513939,0.0,5.07589,5.06
1949,0.787,10.949288,0.272,1,0.00352058,0.0,5.03228,5.08
1950,0.831,9.250672,0.277,1,0.00336054,0.0,5.0012,4.998
1951,0.79,12.393677,0.218,1,0.00570934,0.0,4.78279,4.834
1952,0.78,15.0757,0.225,1,0.00507099,0.0,4.87315,4.856
1953,0.803,13.700952,0.234,1,0.00454856,0.0,5.14269,5.13
1954,0.842,10.184463,0.295,1,0.0052825,0.0,5.09637,5.126
1955,0.79,11.86128,0.242,1,0.00541738,0.0,4.90064,4.972
1956,0.823,13.113883,0.234,1,0.00428164,0.0,5.0187,5.026
1957,0.798,8.982842,0.242,1,0.00533333,0.0,4.69729,4.79
1958,0.809,9.296778,0.257,1,0.0040849,0.0,5.002,4.992
1959,0.779,12.730901,0.23,1,0.00451618,0.0,4.93887,4.842
1960,0.796,10.042496,0.254,1,0.00529873,0.0,5.0689,5.138
1961,0.719,12.552006,0.182,1,0.00416378,0.0,4.7597,4.844
1962,0.761,9.682018,0.268,1,0.0052465,0.0,4.89922,4.902
1963,0.785,9.653775,0.225,1,0.00537634,0.0,5.08076,5.052
1964,0.775,13.214943,0.209,1,0.00647221,0.0,4.83841,4.79
1965,0.822,12.040904,0.273,1,0.00532736,0.0,5.0832,5.096
1966,0.812,12.193216,0.215,1,0.00483537,0.0,5.09941,5.11
1967,0.802,11.183353,0.241,1,0.00536714,0.0,5.08343,5.058
1968,0.827,11.567308,0.287,1,0.00516513,0.0,5.05659,5.054
1969,0.773,10.000659,0.256,1,0.0045382,0.0,4.8429,4.914
1970,0.806,12.727776,0.196,1,0.00337593,0.0,5.00845,4.968
1971,0.813,9.638909,0.267,1,0.00378848,0.0,5.03577,5.032
1972,0.776,10.866455,0.214,1,0.00351732,0.0,4.67848,4.74
1973,0.79,10.697812,0.268,1,0.00612845,0.0,4.97682,4.918
1974,0.772,14.165823,0.199,1,0.00491151,0.0,5.08604,5.044
1975,0.843,10.434029,0.267,1,0.00513459,0.0,5.02698,5.114
1976,0.864,12.826537,0.264,1,0.00463643,0.0,5.06497,5.11
1977,0.814,13.640476,0.257,1,0.00369853,0.0,4.94192,4.924
1978,0.82,15.122578,0.241,1,0.00555384,0.0,5.06802,5.116
1979,0.794,11.409129,0.225,1,0.00561404,0.0,5.0772,5.052
1980,0.831,10.31809,0.286,1,0.00503637,0.0,5.01363,4.99
1981,0.815,11.045393,0.242,1,0.00838179,0.0,5.13494,5.158
1982,0.798,9.767264,0.257,1,0.00571559,0.0,5.16411,5.082
1983,0.828,9.567296,0.247,1,0.00457134,0.0,4.98561,5.002
1984,0.765,11.93843,0.247,1,0.0038766,0.0,5.00283,4.95
1985,0.823,12.0564,0.257,1,0.00690873,0.0,5.11063,5.098
1986,0.807,11.816775,0.243,1,0.0039887,0.0,4.93399,4.878
1987,0.796,11.651194,0.239,1,0.00490731,0.0,5.0643,5.07
1988,0.837,13.093931,0.261,1,0.0058629,0.0,5.15259,5.164
1989,0.773,10.944596,0.262,1,0.00677092,0.0,5.00242,4.96
1990,0.793,9.72721,0.251,1,0.00555427,0.0,5.10354,5.08
1991,0.818,12.65167,0.248,1,0.00391645,0.0,4.74206,4.846
1992,0.79,11.993071,0.247,1,0.0043906,0.0,4.95528,4.964
1993,0.783,8.868647,0.275,1,0.00373506,0.0,4.91154,4.906
1994,0.811,13.559035,0.263,1,0.00377011,0.0,4.91193,4.86
1995,0.793,11.76343,0.236,1,0.00446149,0.0,5.02201,5.088
1996,0.813,9.38535,0.251,1,0.006492,0.0,5.10616,5.068
1997,0.833,8.299293,0.305,1,0.00930831,0.0,5.13963,5.142
1998,0.796,10.863795,0.249,1,0.00533537,0.0,4.86126,4.858
1999,0.789,12.004136,0.202,1,0.00333307,0.0,5.02833,5.012
2000,0.771,14.329282,0.234,1,0.00438632,0.0,4.94616,4.978
