t,cond.S.mean,cond.S.sd,cond.S.se,cond.S.q025,cond.S.q25,cond.S.q50,cond.S.q75,cond.S.q975,cond.E.mean,cond.E.sd,cond.E.se,cond.E.q025,cond.E.q25,cond.E.q50,cond.E.q75,cond.E.q975,cond.I.mean,cond.I.sd,cond.I.se,cond.I.q025,cond.I.q25,cond.I.q50,cond.I.q75,cond.I.q975,cond.A.mean,cond.A.sd,cond.A.se,cond.A.q025,cond.A.q25,cond.A.q50,cond.A.q75,cond.A.q975,cond.R.mean,cond.R.sd,cond.R.se,cond.R.q025,cond.R.q25,cond.R.q50,cond.R.q75,cond.R.q975,cond.infectious.mean,cond.infectious.sd,cond.infectious.se,cond.infectious.q025,cond.infectious.q25,cond.infectious.q50,cond.infectious.q75,cond.infectious.q975,cond.cumulative.mean,cond.cumulative.sd,cond.cumulative.se,cond.cumulative.q025,cond.cumulative.q25,cond.cumulative.q50,cond.cumulative.q75,cond.cumulative.q975
0.0,0.99,0.0,0.0,0.99,0.99,0.99,0.99,0.99,0.01,0.0,0.0,0.01,0.01,0.01,0.01,0.01,0.0,0.0,0.0,0.0,0.0,0.0,0.0,0.0,0.0,0.0,0.0,0.0,0.0,0.0,0.0,0.0,0.0,0.0,0.0,0.0,0.0,0.0,0.0,0.0,0.0,0.0,0.0,0.0,0.0,0.0,0.0,0.0,0.01,0.0,0.0,0.01,0.01,0.01,0.01,0.01
0.5,0.989851,0.00013,9.0e-6,0.9895,0.9898,0.9899,0.9899,0.99,0.009164,0.00028,2.0e-5,0.0086,0.009,0.0092,0.0094,0.0097,0.000558,0.00023,1.7e-5,0.0002,0.0004,0.0005,0.0007,0.001,0.000372,0.00018,1.3e-5,0.0,0.0003,0.00035,0.0005,0.0007,5.4e-5,8.0e-5,5.0e-6,0.0,0.0,0.0,0.0001,0.0003,0.000931,0.00028,2.0e-5,0.0004,0.0007,0.0009,0.0011,0.0015,0.010149,0.00013,9.0e-6,0.01,0.0101,0.0101,0.0102,0.0105
1.0,0.989486,0.00025,1.7e-5,0.9889,0.9893,0.9895,0.9897,0.9899,0.008659,0.00034,2.4e-5,0.0079,0.0085,0.0087,0.0089,0.0093,0.000975,0.00028,2.0e-5,0.0005,0.0008,0.001,0.0011,0.0015,0.000655,0.00024,1.7e-5,0.0002,0.0005,0.0006,0.0008,0.0011,0.000225,0.00016,1.1e-5,0.0,0.0001,0.0002,0.0003,0.0005,0.00163,0.00034,2.4e-5,0.001,0.0014,0.0017,0.0018,0.0022,0.010514,0.00025,1.7e-5,0.0101,0.0103,0.0105,0.0107,0.0111
1.5,0.988896,0.0004,2.8e-5,0.988,0.9887,0.9889,0.9891,0.9896,0.008373,0.00045,3.1e-5,0.0075,0.0081,0.0084,0.0087,0.0093,0.001379,0.00034,2.4e-5,0.0008,0.0011,0.0013,0.0016,0.002,0.000891,0.0003,2.1e-5,0.0004,0.0007,0.0009,0.0011,0.0016,0.000462,0.00022,1.5e-5,0.0001,0.0003,0.0004,0.0006,0.0009,0.002271,0.00046,3.2e-5,0.0014,0.0019,0.0023,0.00252,0.0032,0.011105,0.0004,2.8e-5,0.0104,0.0109,0.0111,0.0113,0.012
2.0,0.988185,0.00058,4.1e-5,0.987,0.9878,0.9883,0.9886,0.9892,0.008267,0.00048,3.4e-5,0.0074,0.0079,0.0083,0.0086,0.0092,0.001689,0.00041,2.9e-5,0.001,0.0014,0.0017,0.0019,0.0025,0.0011,0.00033,2.4e-5,0.0005,0.0009,0.0011,0.0013,0.0019,0.00076,0.00028,2.0e-5,0.0003,0.0005,0.0007,0.0009,0.00131,0.002789,0.00055,3.9e-5,0.0019,0.0024,0.0027,0.0031,0.0039,0.011816,0.00058,4.1e-5,0.0108,0.0114,0.0117,0.0122,0.013
2.5,0.987337,0.00074,5.2e-5,0.9859,0.9869,0.98745,0.9878,0.9888,0.008309,0.00055,3.9e-5,0.0073,0.0079,0.0083,0.0086,0.0095,0.001946,0.00046,3.3e-5,0.0012,0.0016,0.0019,0.0022,0.003,0.001257,0.00038,2.7e-5,0.0006,0.001,0.0013,0.0015,0.002,0.001151,0.00033,2.3e-5,0.0006,0.0009,0.00115,0.0014,0.0018,0.003203,0.0006,4.3e-5,0.0021,0.0028,0.0032,0.0036,0.0045,0.012662,0.00074,5.2e-5,0.0112,0.0122,0.01255,0.0131,0.01411
3.0,0.986413,0.0009,6.4e-5,0.9844,0.98588,0.9865,0.987,0.9879,0.008412,0.00059,4.2e-5,0.0073,0.008,0.0083,0.0088,0.0097,0.002182,0.00045,3.2e-5,0.0014,0.0019,0.0022,0.0024,0.0031,0.00143,0.00038,2.7e-5,0.0007,0.0012,0.0014,0.0017,0.0022,0.001563,0.00037,2.6e-5,0.0008,0.0013,0.0016,0.0018,0.0022,0.003612,0.00061,4.3e-5,0.0026,0.0032,0.0036,0.004,0.0048,0.013586,0.0009,6.4e-5,0.0121,0.013,0.0135,0.01412,0.0156
3.5,0.985368,0.00105,7.5e-5,0.9832,0.9847,0.9854,0.9861,0.9874,0.008592,0.00069,4.9e-5,0.0074,0.0081,0.0086,0.0091,0.01,0.00242,0.00049,3.5e-5,0.0016,0.0021,0.0024,0.0027,0.0035,0.001576,0.00039,2.7e-5,0.0007,0.0013,0.0016,0.0018,0.0024,0.002046,0.00041,2.9e-5,0.0013,0.0018,0.002,0.00232,0.0028,0.003995,0.00063,4.4e-5,0.0028,0.00358,0.004,0.0044,0.0052,0.014632,0.00105,7.5e-5,0.0126,0.0139,0.0146,0.0153,0.0168
4.0,0.984288,0.00122,8.7e-5,0.98179,0.9835,0.9843,0.9851,0.98651,0.008789,0.0008,5.6e-5,0.0075,0.0082,0.0087,0.0094,0.0103,0.002602,0.00053,3.8e-5,0.0017,0.0022,0.0026,0.00292,0.0037,0.001748,0.00041,2.9e-5,0.0009,0.0015,0.0017,0.002,0.0025,0.002573,0.00046,3.3e-5,0.0017,0.0022,0.00255,0.0029,0.0035,0.00435,0.00068,4.8e-5,0.003,0.0039,0.00435,0.0048,0.0056,0.015712,0.00122,8.7e-5,0.0135,0.0149,0.0157,0.0165,0.01821
4.5,0.98312,0.00139,9.8e-5,0.9803,0.9822,0.9832,0.984,0.9857,0.00905,0.00085,6.0e-5,0.0076,0.0084,0.009,0.0097,0.0106,0.002817,0.00055,3.9e-5,0.0018,0.0024,0.0028,0.0032,0.0039,0.001891,0.00045,3.2e-5,0.0011,0.0016,0.0019,0.0022,0.0028,0.003122,0.0005,3.6e-5,0.0022,0.0028,0.0031,0.0034,0.0041,0.004708,0.00073,5.1e-5,0.0032,0.0042,0.0047,0.0052,0.006,0.01688,0.00139,9.8e-5,0.0143,0.016,0.0168,0.0178,0.0197
5.0,0.9819,0.00155,0.000109,0.9787,0.981,0.98195,0.983,0.9847,0.009342,0.00089,6.3e-5,0.0078,0.0086,0.0093,0.00993,0.011,0.003007,0.00057,4.1e-5,0.0019,0.0026,0.003,0.0034,0.0042,0.002009,0.00046,3.3e-5,0.0011,0.0017,0.002,0.0023,0.003,0.003741,0.0006,4.3e-5,0.0026,0.0033,0.0037,0.0041,0.0049,0.005016,0.00075,5.3e-5,0.0037,0.00458,0.005,0.0055,0.0064,0.0181,0.00155,0.000109,0.0153,0.017,0.01805,0.019,0.0213
5.5,0.980599,0.00172,0.000122,0.9767,0.9795,0.9806,0.9819,0.9836,0.009696,0.001,7.1e-5,0.008,0.009,0.0096,0.0105,0.01151,0.00319,0.00057,4.0e-5,0.0021,0.0028,0.0032,0.0036,0.0043,0.002134,0.00047,3.3e-5,0.0013,0.0018,0.0021,0.0024,0.003,0.00438,0.00066,4.7e-5,0.0032,0.0039,0.0044,0.0048,0.0058,0.005324,0.00074,5.3e-5,0.0039,0.0048,0.0053,0.0058,0.0067,0.019401,0.00172,0.000122,0.0164,0.0181,0.0194,0.0205,0.0233
6.0,0.97923,0.00189,0.000133,0.9753,0.97798,0.9792,0.9806,0.98241,0.01005,0.00106,7.5e-5,0.0083,0.0092,0.0101,0.0108,0.0122,0.003364,0.00064,4.5e-5,0.0022,0.0029,0.0034,0.0038,0.0046,0.002262,0.00051,3.6e-5,0.0012,0.002,0.0023,0.0026,0.0034,0.005095,0.00071,5.0e-5,0.0039,0.0046,0.0051,0.0055,0.0066,0.005626,0.00082,5.8e-5,0.0041,0.0052,0.0056,0.0061,0.0072,0.02077,0.00189,0.000133,0.01759,0.0194,0.0208,0.02203,0.0247
6.5,0.977812,0.00204,0.000145,0.9736,0.9766,0.9777,0.9794,0.9813,0.01045,0.00113,8.0e-5,0.0083,0.0096,0.01045,0.0113,0.0124,0.003535,0.00066,4.7e-5,0.0023,0.0031,0.0035,0.004,0.0051,0.002384,0.00052,3.7e-5,0.0013,0.0021,0.0024,0.0027,0.0035,0.00582,0.0008,5.6e-5,0.0044,0.0052,0.0058,0.0063,0.0077,0.005918,0.00087,6.1e-5,0.0043,0.0053,0.0059,0.00642,0.0077,0.022188,0.00204,0.000145,0.0187,0.0206,0.0223,0.0234,0.0264
7.0,0.976352,0.00221,0.000156,0.97209,0.975,0.9762,0.9781,0.9803,0.010849,0.00124,8.8e-5,0.0086,0.01,0.0109,0.0117,0.0132,0.003708,0.00066,4.7e-5,0.0024,0.00327,0.0036,0.0042,0.0051,0.002514,0.00055,3.9e-5,0.0015,0.0022,0.00255,0.00282,0.0036,0.006578,0.00086,6.1e-5,0.0051,0.006,0.0065,0.0071,0.0086,0.006221,0.00087,6.1e-5,0.0045,0.0056,0.0062,0.0068,0.0081,0.023648,0.00221,0.000156,0.0197,0.0219,0.0238,0.025,0.02791
7.5,0.974844,0.00243,0.000172,0.9703,0.97338,0.9745,0.97672,0.9793,0.011242,0.00136,9.6e-5,0.0087,0.01028,0.0113,0.0122,0.0138,0.003893,0.00069,4.9e-5,0.0028,0.0034,0.0038,0.0044,0.0052,0.002628,0.00056,3.9e-5,0.0016,0.0023,0.00265,0.003,0.0038,0.007393,0.00091,6.4e-5,0.0057,0.0068,0.0073,0.0079,0.0094,0.006522,0.00096,6.8e-5,0.0047,0.0058,0.0065,0.0071,0.0084,0.025156,0.00243,0.000172,0.0207,0.02328,0.0255,0.02662,0.0297
8.0,0.973275,0.00263,0.000186,0.96819,0.9716,0.9731,0.9752,0.9781,0.011642,0.00141,0.0001,0.009,0.0107,0.0117,0.01262,0.0143,0.004103,0.00072,5.1e-5,0.00289,0.0036,0.0041,0.00452,0.0056,0.00275,0.00054,3.8e-5,0.0018,0.0024,0.00275,0.0031,0.0039,0.00823,0.00097,6.9e-5,0.0065,0.0076,0.0082,0.0088,0.01021,0.006853,0.00096,6.8e-5,0.0052,0.0062,0.0068,0.0075,0.00891,0.026725,0.00263,0.000186,0.0219,0.0248,0.0269,0.0284,0.03181
8.5,0.971627,0.00283,0.0002,0.96659,0.96998,0.9716,0.97362,0.9771,0.012152,0.00151,0.000107,0.0093,0.01108,0.0122,0.0131,0.0151,0.004279,0.00076,5.4e-5,0.0029,0.0038,0.0042,0.0047,0.00581,0.002836,0.00058,4.1e-5,0.0019,0.0025,0.0028,0.0032,0.004,0.009105,0.00104,7.3e-5,0.0072,0.0084,0.0091,0.0097,0.0115,0.007116,0.00106,7.5e-5,0.0053,0.0064,0.0071,0.0077,0.0094,0.028374,0.00283,0.0002,0.0229,0.02638,0.0284,0.03002,0.03341
9.0,0.969885,0.00308,0.000218,0.9641,0.9681,0.96975,0.972,0.9757,0.012653,0.00163,0.000115,0.0097,0.0114,0.0127,0.0137,0.0156,0.004467,0.00084,5.9e-5,0.0029,0.0039,0.00445,0.0049,0.0063,0.002961,0.00061,4.3e-5,0.002,0.0026,0.0029,0.0034,0.0041,0.010034,0.00113,8.0e-5,0.00809,0.0093,0.01005,0.0107,0.01251,0.007428,0.00114,8.1e-5,0.00549,0.0066,0.0073,0.0081,0.0101,0.030115,0.00308,0.000218,0.0243,0.028,0.03025,0.0319,0.0359
9.5,0.968168,0.00335,0.000237,0.9619,0.9661,0.96805,0.97025,0.9749,0.013054,0.00169,0.000119,0.0098,0.0119,0.013,0.0142,0.0163,0.004704,0.00088,6.2e-5,0.003,0.0041,0.0047,0.0052,0.0065,0.003111,0.00064,4.6e-5,0.0019,0.0027,0.0031,0.0035,0.00431,0.010963,0.00121,8.5e-5,0.0089,0.0102,0.0109,0.0117,0.01371,0.007815,0.00125,8.8e-5,0.0055,0.0069,0.0078,0.00863,0.01051,0.031832,0.00335,0.000237,0.0251,0.02975,0.03195,0.0339,0.0381
10.0,0.96634,0.00358,0.000253,0.9591,0.96428,0.9664,0.96872,0.9732,0.013535,0.00179,0.000127,0.01009,0.01248,0.0135,0.0147,0.01671,0.004905,0.00089,6.3e-5,0.0032,0.0043,0.0049,0.0054,0.0067,0.00326,0.00066,4.6e-5,0.0022,0.0028,0.00325,0.0037,0.0046,0.01196,0.00128,9.0e-5,0.00989,0.0111,0.01195,0.0128,0.015,0.008165,0.00129,9.1e-5,0.006,0.00725,0.00815,0.0089,0.0112,0.03366,0.00358,0.000253,0.0268,0.03128,0.0336,0.03572,0.04091
10.5,0.96444,0.0038,0.000269,0.9568,0.9623,0.9644,0.96702,0.97142,0.014062,0.00189,0.000134,0.0105,0.013,0.014,0.0153,0.0177,0.005108,0.00091,6.4e-5,0.0035,0.0045,0.0051,0.00572,0.007,0.003396,0.00066,4.6e-5,0.0022,0.0029,0.0034,0.0038,0.0047,0.012994,0.00138,9.8e-5,0.0106,0.012,0.01295,0.01392,0.0162,0.008505,0.0013,9.2e-5,0.0062,0.0075,0.0085,0.0093,0.0115,0.03556,0.0038,0.000269,0.02858,0.03298,0.0356,0.0377,0.0432
11.0,0.962484,0.00405,0.000286,0.95439,0.96038,0.96245,0.96512,0.97001,0.014594,0.00196,0.000139,0.0109,0.0132,0.01445,0.0157,0.0186,0.00531,0.00095,6.7e-5,0.0035,0.0047,0.0053,0.00592,0.0071,0.003511,0.00069,4.9e-5,0.0023,0.003,0.0035,0.0039,0.005,0.014101,0.00146,0.000103,0.0114,0.013,0.0141,0.01502,0.0173,0.008821,0.00139,9.9e-5,0.0061,0.0079,0.0088,0.0097,0.0116,0.037516,0.00405,0.000286,0.02999,0.03488,0.03755,0.03963,0.04561
11.5,0.96043,0.0043,0.000304,0.95179,0.95828,0.9605,0.96322,0.9686,0.01512,0.00205,0.000145,0.0113,0.01388,0.01505,0.01622,0.0194,0.005536,0.001,7.1e-5,0.0036,0.0049,0.0055,0.0062,0.0076,0.003676,0.00069,4.8e-5,0.0024,0.0032,0.0037,0.0041,0.005,0.015238,0.00162,0.000115,0.0124,0.0141,0.0152,0.01632,0.0185,0.009212,0.00143,0.000101,0.0065,0.0083,0.0092,0.01002,0.0123,0.03957,0.0043,0.000304,0.0314,0.03678,0.0395,0.04172,0.04821
12.0,0.958332,0.00461,0.000326,0.9485,0.95592,0.9583,0.9613,0.9667,0.015714,0.00216,0.000153,0.0117,0.0143,0.0156,0.017,0.0206,0.005754,0.00108,7.6e-5,0.0036,0.005,0.0058,0.0065,0.00771,0.003814,0.00075,5.3e-5,0.0023,0.0033,0.0038,0.0043,0.0052,0.016386,0.00172,0.000122,0.0131,0.0151,0.0163,0.01753,0.01991,0.009568,0.00156,0.000111,0.0066,0.00857,0.0095,0.0106,0.0126,0.041668,0.00461,0.000326,0.0333,0.0387,0.0417,0.04408,0.0515
12.5,0.956212,0.00498,0.000352,0.94629,0.9535,0.9561,0.9594,0.96541,0.016265,0.00233,0.000164,0.0122,0.0146,0.0161,0.0177,0.02121,0.00597,0.00111,7.9e-5,0.0039,0.00528,0.006,0.0066,0.00801,0.003967,0.0008,5.6e-5,0.0026,0.0034,0.0039,0.0044,0.0055,0.017586,0.00185,0.000131,0.0144,0.01638,0.0175,0.0188,0.0213,0.009937,0.00165,0.000116,0.007,0.0088,0.01,0.0109,0.0135,0.043789,0.00498,0.000352,0.03459,0.0406,0.0439,0.0465,0.05371
13.0,0.953976,0.00535,0.000378,0.94299,0.9511,0.9539,0.95735,0.96343,0.016867,0.00247,0.000175,0.0123,0.0152,0.0169,0.0182,0.0222,0.006187,0.00114,8.1e-5,0.0039,0.0055,0.0062,0.007,0.00851,0.004103,0.00084,5.9e-5,0.0027,0.0035,0.00405,0.00462,0.0058,0.018867,0.00198,0.00014,0.0154,0.0175,0.01885,0.0201,0.0226,0.01029,0.0017,0.00012,0.0069,0.0091,0.0104,0.0112,0.0136,0.046024,0.00535,0.000378,0.03658,0.04265,0.0461,0.0489,0.05701
13.5,0.951628,0.0058,0.00041,0.93968,0.94895,0.95155,0.95522,0.96212,0.017482,0.00274,0.000194,0.01269,0.0157,0.0175,0.01902,0.02291,0.006458,0.00118,8.3e-5,0.0042,0.00568,0.0065,0.00712,0.0092,0.004289,0.00088,6.2e-5,0.0027,0.0036,0.0042,0.0049,0.00611,0.020143,0.00212,0.00015,0.0163,0.0186,0.02005,0.0214,0.02411,0.010747,0.00173,0.000122,0.0075,0.0095,0.0108,0.0116,0.0144,0.048372,0.0058,0.00041,0.03788,0.04477,0.04845,0.05105,0.06032
14.0,0.949201,0.00609,0.000431,0.93657,0.946,0.9492,0.95302,0.96043,0.018116,0.00275,0.000195,0.01348,0.0164,0.018,0.0195,0.02351,0.006708,0.00123,8.7e-5,0.0043,0.0059,0.00675,0.0074,0.00931,0.004468,0.00094,6.6e-5,0.0029,0.00387,0.0044,0.0051,0.0063,0.021506,0.00225,0.000159,0.0175,0.0199,0.0214,0.0228,0.0257,0.011175,0.00182,0.000129,0.0077,0.01,0.0112,0.01212,0.0155,0.050798,0.00609,0.000431,0.03957,0.04698,0.0508,0.054,0.06343
14.5,0.946694,0.00649,0.000459,0.93356,0.94348,0.9467,0.9507,0.95912,0.018764,0.00289,0.000204,0.01319,0.0169,0.01875,0.0203,0.02501,0.006954,0.00126,8.9e-5,0.0047,0.0062,0.0069,0.00773,0.00941,0.004644,0.00094,6.6e-5,0.003,0.004,0.00465,0.0052,0.0065,0.022944,0.00243,0.000172,0.0186,0.02138,0.0228,0.02432,0.0277,0.011599,0.00187,0.000132,0.008,0.0104,0.0116,0.0126,0.01551,0.053306,0.00649,0.000459,0.04087,0.0493,0.0533,0.05653,0.06644
15.0,0.94413,0.00687,0.000486,0.93035,0.9408,0.94415,0.94843,0.95752,0.019407,0.003,0.000212,0.0135,0.01758,0.0193,0.02112,0.02502,0.007234,0.00132,9.3e-5,0.0048,0.0064,0.0072,0.0081,0.00971,0.004822,0.00093,6.6e-5,0.00339,0.00418,0.0048,0.0054,0.0069,0.024407,0.00258,0.000183,0.0196,0.02278,0.0244,0.026,0.02971,0.012056,0.00198,0.00014,0.0084,0.0107,0.0119,0.0131,0.0166,0.05587,0.00687,0.000486,0.04248,0.05158,0.05585,0.0592,0.06966
15.5,0.941497,0.00724,0.000512,0.92667,0.93788,0.9415,0.94595,0.95611,0.02009,0.00314,0.000222,0.0139,0.0181,0.0201,0.02188,0.02633,0.007494,0.00138,9.7e-5,0.0049,0.00657,0.0075,0.0085,0.0102,0.004964,0.00098,6.9e-5,0.0033,0.0042,0.0049,0.0055,0.0071,0.025955,0.00274,0.000194,0.0208,0.0241,0.026,0.0276,0.0317,0.012458,0.00209,0.000148,0.0087,0.0111,0.0124,0.01362,0.0174,0.058503,0.00724,0.000512,0.04389,0.05405,0.0585,0.06213,0.07333
16.0,0.938722,0.00762,0.000539,0.92267,0.9348,0.93865,0.94342,0.95391,0.020811,0.00325,0.00023,0.0143,0.0187,0.0207,0.02262,0.02761,0.00776,0.0014,9.9e-5,0.0051,0.0068,0.0077,0.0086,0.0106,0.005182,0.001,7.0e-5,0.0036,0.0045,0.0051,0.0057,0.0074,0.027524,0.00293,0.000207,0.02229,0.02578,0.0277,0.02912,0.03332,0.012942,0.00212,0.00015,0.009,0.0116,0.0127,0.0141,0.018,0.061278,0.00762,0.000539,0.04609,0.05658,0.06135,0.0652,0.07733
16.5,0.935886,0.008,0.000566,0.91848,0.93167,0.9356,0.94122,0.95191,0.021596,0.00329,0.000233,0.0149,0.01938,0.0217,0.02352,0.02821,0.007989,0.00145,0.000103,0.0054,0.007,0.008,0.009,0.011,0.005359,0.00104,7.3e-5,0.0035,0.0046,0.0053,0.006,0.0076,0.02917,0.00316,0.000223,0.0234,0.0271,0.0293,0.03102,0.03551,0.013347,0.0022,0.000156,0.0092,0.0118,0.0133,0.0146,0.01792,0.064114,0.008,0.000566,0.04809,0.05878,0.0644,0.06832,0.08152
17.0,0.932978,0.00855,0.000604,0.9135,0.92832,0.93295,0.93862,0.9498,0.022334,0.00346,0.000245,0.0158,0.01988,0.02245,0.02442,0.0302,0.00826,0.00156,0.00011,0.0052,0.0073,0.00815,0.00922,0.0115,0.005574,0.00112,7.9e-5,0.0036,0.0048,0.0055,0.0062,0.0081,0.030854,0.00338,0.000239,0.0245,0.02868,0.03095,0.0328,0.03781,0.013835,0.00236,0.000167,0.0096,0.01248,0.01365,0.0153,0.0188,0.067022,0.00855,0.000604,0.0502,0.06138,0.06705,0.07168,0.0865
17.5,0.929878,0.00904,0.000639,0.90969,0.92508,0.92985,0.93572,0.9476,0.023163,0.00364,0.000257,0.01648,0.0207,0.0232,0.0254,0.03083,0.008636,0.00162,0.000115,0.0055,0.0075,0.0086,0.0096,0.0117,0.005726,0.00112,7.9e-5,0.0035,0.00508,0.0057,0.0063,0.00801,0.032596,0.00369,0.000261,0.02589,0.03018,0.03265,0.0348,0.0403,0.014363,0.00241,0.000171,0.0099,0.0129,0.0143,0.01583,0.0191,0.070122,0.00904,0.000639,0.0524,0.06428,0.07015,0.07492,0.09031
18.0,0.926787,0.00947,0.00067,0.9058,0.92148,0.92655,0.9331,0.94502,0.02383,0.00367,0.00026,0.01729,0.0213,0.0237,0.02613,0.03151,0.008982,0.00168,0.000119,0.0057,0.00798,0.009,0.0099,0.0124,0.00599,0.00115,8.1e-5,0.0037,0.0052,0.006,0.0066,0.0084,0.034411,0.00394,0.000279,0.02768,0.03205,0.0344,0.03672,0.0427,0.014971,0.00253,0.000179,0.0101,0.0134,0.01495,0.0165,0.02002,0.073213,0.00947,0.00067,0.05498,0.0669,0.07345,0.07852,0.0942
18.5,0.92351,0.01006,0.000711,0.90099,0.9177,0.9233,0.92985,0.94292,0.02463,0.00392,0.000277,0.01787,0.02185,0.02465,0.02698,0.03371,0.009287,0.00166,0.000117,0.0062,0.00827,0.00925,0.0105,0.01231,0.006249,0.00119,8.4e-5,0.0039,0.00548,0.0061,0.0069,0.0088,0.036323,0.00424,0.0003,0.02869,0.03348,0.03625,0.0389,0.04511,0.015536,0.00259,0.000183,0.0106,0.014,0.01535,0.01722,0.02031,0.07649,0.01006,0.000711,0.05708,0.07015,0.0767,0.0823,0.09901
19.0,0.920099,0.01061,0.000751,0.8971,0.9139,0.9199,0.9271,0.94092,0.025532,0.00407,0.000288,0.01829,0.0226,0.0256,0.0279,0.03345,0.009588,0.00176,0.000124,0.00639,0.0085,0.0096,0.0107,0.01301,0.006501,0.00125,8.8e-5,0.0043,0.0056,0.0064,0.0073,0.0091,0.03828,0.00451,0.000319,0.0299,0.03528,0.03825,0.04093,0.0475,0.016088,0.00272,0.000193,0.0111,0.01438,0.01595,0.018,0.0213,0.0799,0.01061,0.000751,0.05908,0.0729,0.0801,0.0861,0.1029
19.5,0.916614,0.01113,0.000787,0.89295,0.91018,0.91655,0.92345,0.93852,0.026444,0.00419,0.000296,0.0182,0.02358,0.0265,0.029,0.03531,0.009911,0.00183,0.000129,0.00669,0.0086,0.0099,0.0112,0.0136,0.006757,0.00134,9.5e-5,0.0042,0.0059,0.0066,0.00762,0.0096,0.040275,0.00478,0.000338,0.0313,0.0371,0.0403,0.0429,0.04992,0.016668,0.00292,0.000206,0.0113,0.0149,0.0165,0.01842,0.02251,0.083387,0.01113,0.000787,0.06148,0.07655,0.08345,0.08982,0.10705
20.0,0.913033,0.01162,0.000821,0.88875,0.9057,0.91275,0.92062,0.93562,0.027363,0.00424,0.0003,0.0191,0.0243,0.0273,0.0298,0.03661,0.010228,0.00194,0.000137,0.007,0.00888,0.0102,0.0115,0.01431,0.006984,0.00137,9.7e-5,0.0047,0.006,0.0069,0.008,0.0098,0.042392,0.00508,0.000359,0.03269,0.03915,0.0423,0.04493,0.05331,0.017212,0.00303,0.000214,0.0121,0.0152,0.0172,0.0192,0.02301,0.086967,0.01162,0.000821,0.06438,0.07938,0.08725,0.0943,0.11125
20.5,0.909324,0.01226,0.000867,0.88376,0.902,0.9094,0.91735,0.93252,0.028246,0.00444,0.000314,0.02,0.0253,0.0282,0.03073,0.03692,0.010633,0.00203,0.000144,0.007,0.0091,0.0106,0.0118,0.01492,0.007199,0.00139,9.8e-5,0.0048,0.0062,0.0071,0.0081,0.0101,0.044598,0.00543,0.000384,0.0343,0.0413,0.04465,0.04745,0.05612,0.017832,0.00312,0.000221,0.0122,0.01557,0.0178,0.01962,0.02333,0.090676,0.01226,0.000867,0.06748,0.08265,0.0906,0.098,0.11625
21.0,0.905611,0.01281,0.000906,0.88043,0.89808,0.9057,0.91368,0.92983,0.029116,0.00464,0.000328,0.02078,0.02608,0.02905,0.03172,0.03891,0.010995,0.00203,0.000144,0.0072,0.0095,0.011,0.0122,0.0153,0.007403,0.00143,0.000101,0.0049,0.0064,0.0073,0.0083,0.01021,0.046875,0.0058,0.00041,0.03589,0.04298,0.04675,0.04995,0.05952,0.018398,0.0032,0.000226,0.0123,0.0164,0.01845,0.02043,0.02441,0.094389,0.01281,0.000906,0.07017,0.08632,0.0943,0.10192,0.11957
21.5,0.901781,0.01337,0.000945,0.87553,0.89408,0.90185,0.91082,0.92656,0.030028,0.00471,0.000333,0.02158,0.02668,0.0301,0.03242,0.03971,0.011356,0.00213,0.000151,0.00719,0.0098,0.0114,0.0127,0.01591,0.007643,0.0014,9.9e-5,0.0051,0.00678,0.00765,0.0085,0.01031,0.049193,0.00615,0.000435,0.0376,0.04515,0.04895,0.0524,0.06252,0.018998,0.00329,0.000233,0.0126,0.01695,0.0189,0.0208,0.0258,0.09822,0.01337,0.000945,0.07344,0.08918,0.09815,0.10592,0.12447
22.0,0.897834,0.01393,0.000985,0.87045,0.89015,0.8978,0.90715,0.9249,0.030892,0.00476,0.000337,0.02158,0.02768,0.0312,0.0336,0.04081,0.011771,0.0022,0.000155,0.0077,0.0103,0.0116,0.0134,0.0164,0.007878,0.00145,0.000102,0.0051,0.0069,0.00785,0.00882,0.0106,0.051626,0.00653,0.000462,0.0395,0.0474,0.05155,0.0553,0.0657,0.019649,0.00339,0.000239,0.0133,0.01748,0.0195,0.02172,0.02651,0.102166,0.01393,0.000985,0.0751,0.09285,0.1022,0.10985,0.12955
22.5,0.893676,0.01456,0.00103,0.86572,0.8858,0.8934,0.90342,0.9226,0.031918,0.00497,0.000351,0.02269,0.02835,0.032,0.03475,0.04151,0.012138,0.00229,0.000162,0.00799,0.0108,0.012,0.0136,0.0169,0.008101,0.0015,0.000106,0.0054,0.0072,0.0081,0.00902,0.0111,0.054168,0.00685,0.000484,0.0412,0.04972,0.0539,0.05858,0.06851,0.020238,0.00352,0.000249,0.0135,0.018,0.0201,0.02232,0.0275,0.106324,0.01456,0.00103,0.07739,0.09658,0.1066,0.1142,0.13428
23.0,0.889484,0.01522,0.001076,0.85935,0.88082,0.88965,0.89978,0.91911,0.032852,0.00518,0.000366,0.0233,0.02938,0.0327,0.0357,0.04222,0.012576,0.00238,0.000168,0.0078,0.0111,0.01255,0.01402,0.01742,0.008366,0.00153,0.000108,0.00589,0.0074,0.0083,0.0092,0.0116,0.056722,0.00716,0.000507,0.04339,0.0522,0.05655,0.06092,0.0716,0.020942,0.00364,0.000258,0.01419,0.0185,0.02065,0.02332,0.0286,0.110516,0.01522,0.001076,0.08089,0.10022,0.11035,0.11918,0.14065
23.5,0.8851,0.01577,0.001115,0.85425,0.87628,0.885,0.89532,0.91554,0.033809,0.00518,0.000366,0.0234,0.03045,0.0338,0.03672,0.04323,0.013076,0.00243,0.000172,0.0083,0.01157,0.0131,0.0144,0.01822,0.008648,0.00156,0.000111,0.00619,0.0076,0.0086,0.0096,0.0117,0.059366,0.0076,0.000537,0.0452,0.05448,0.05905,0.0639,0.07562,0.021724,0.00372,0.000263,0.01459,0.01938,0.0215,0.0241,0.02903,0.1149,0.01577,0.001115,0.08446,0.10467,0.115,0.12372,0.14575
24.0,0.880634,0.01645,0.001163,0.84904,0.871,0.88055,0.89142,0.91262,0.034818,0.00536,0.000379,0.02449,0.03128,0.0348,0.0379,0.04552,0.013469,0.00249,0.000176,0.0087,0.012,0.0135,0.0148,0.01872,0.008948,0.00161,0.000114,0.0063,0.0078,0.0089,0.01,0.01211,0.062132,0.00799,0.000565,0.0471,0.05708,0.0619,0.06668,0.07862,0.022416,0.00383,0.000271,0.01529,0.01998,0.0223,0.02482,0.03032,0.119366,0.01645,0.001163,0.08738,0.10858,0.11945,0.129,0.15096
24.5,0.87608,0.01701,0.001203,0.84307,0.86635,0.87615,0.8874,0.90944,0.035762,0.00544,0.000385,0.02499,0.0322,0.03555,0.03913,0.04662,0.013927,0.00256,0.000181,0.0088,0.0122,0.014,0.0153,0.01892,0.00924,0.00173,0.000122,0.0063,0.00807,0.00915,0.0102,0.0129,0.064989,0.00836,0.000591,0.0488,0.05975,0.0647,0.07023,0.08243,0.023167,0.00401,0.000284,0.0153,0.02048,0.0231,0.02542,0.0316,0.12392,0.01701,0.001203,0.09056,0.1126,0.12385,0.13365,0.15693
25.0,0.871392,0.01772,0.001253,0.8362,0.86092,0.8717,0.88325,0.90566,0.036831,0.00561,0.000397,0.02569,0.0331,0.03675,0.04022,0.04691,0.014352,0.00265,0.000187,0.0094,0.0128,0.0144,0.016,0.0193,0.009479,0.00175,0.000124,0.0063,0.00838,0.0093,0.01042,0.0133,0.067945,0.00874,0.000618,0.05089,0.0622,0.06745,0.07373,0.08641,0.023832,0.00415,0.000293,0.016,0.0213,0.0236,0.02632,0.03201,0.128608,0.01772,0.001253,0.09434,0.11675,0.1283,0.13908,0.1638
25.5,0.866655,0.01839,0.001301,0.83068,0.85607,0.86675,0.87872,0.90244,0.037774,0.00578,0.000409,0.0262,0.0339,0.0377,0.0411,0.0486,0.014788,0.00268,0.000189,0.00979,0.01308,0.01475,0.0163,0.0199,0.009788,0.00172,0.000121,0.0066,0.0086,0.0098,0.0108,0.013,0.070994,0.00922,0.000652,0.05269,0.06545,0.0705,0.0767,0.09003,0.024576,0.00415,0.000293,0.0167,0.0218,0.0244,0.0272,0.03253,0.133344,0.01839,0.001301,0.09756,0.12128,0.13325,0.14392,0.16932
26.0,0.86167,0.01901,0.001344,0.8242,0.8507,0.8624,0.874,0.89836,0.03889,0.00583,0.000412,0.0276,0.0349,0.03895,0.04248,0.04992,0.015221,0.00277,0.000196,0.01,0.01355,0.0151,0.017,0.02021,0.010099,0.00182,0.000129,0.00729,0.0089,0.01005,0.0111,0.0139,0.074121,0.00969,0.000685,0.0547,0.06837,0.0736,0.08002,0.09337,0.025319,0.0043,0.000304,0.0174,0.02248,0.025,0.02795,0.0339,0.138331,0.01901,0.001344,0.10164,0.126,0.1376,0.1493,0.1758
26.5,0.85661,0.01972,0.001395,0.81818,0.8453,0.85675,0.87032,0.89533,0.039965,0.00601,0.000425,0.0283,0.03615,0.03985,0.0439,0.05043,0.01562,0.00274,0.000194,0.01,0.01378,0.0157,0.01742,0.0208,0.010396,0.00187,0.000132,0.007,0.0091,0.0103,0.01152,0.014,0.077409,0.01015,0.000717,0.05779,0.07142,0.077,0.0834,0.09687,0.026016,0.00433,0.000306,0.01779,0.02315,0.02605,0.02842,0.03481,0.14339,0.01972,0.001395,0.10467,0.12967,0.14325,0.1547,0.18182
27.0,0.85142,0.0204,0.001443,0.81224,0.83907,0.8514,0.8658,0.89106,0.041066,0.00615,0.000435,0.02967,0.0373,0.04105,0.04515,0.05154,0.016148,0.00278,0.000197,0.0106,0.01428,0.01615,0.01782,0.0212,0.010664,0.00189,0.000134,0.0071,0.0094,0.0106,0.0117,0.0146,0.080702,0.01065,0.000753,0.06067,0.07438,0.08025,0.08652,0.10151,0.026813,0.00441,0.000312,0.0187,0.02368,0.02685,0.0295,0.03541,0.148581,0.0204,0.001443,0.10894,0.1342,0.1486,0.16092,0.18776
27.5,0.84608,0.02111,0.001493,0.80418,0.83348,0.8465,0.86112,0.88705,0.042266,0.00626,0.000443,0.03066,0.038,0.04205,0.0458,0.05412,0.016574,0.00284,0.000201,0.0107,0.0148,0.0165,0.01842,0.02181,0.010974,0.00191,0.000135,0.0076,0.00968,0.01085,0.0121,0.0148,0.084107,0.01117,0.000789,0.06298,0.07708,0.0837,0.0899,0.10581,0.027548,0.00448,0.000317,0.01909,0.0246,0.0275,0.03042,0.03621,0.15392,0.02111,0.001493,0.11295,0.13888,0.1535,0.16652,0.19582
28.0,0.840699,0.02173,0.001537,0.79854,0.82768,0.8415,0.85622,0.88169,0.043377,0.00632,0.000447,0.0319,0.03938,0.043,0.04762,0.05412,0.017039,0.00289,0.000204,0.0112,0.0151,0.0172,0.019,0.0219,0.01126,0.002,0.000141,0.00769,0.0098,0.0112,0.0126,0.01502,0.087625,0.01167,0.000825,0.06539,0.08038,0.08725,0.09405,0.10995,0.0283,0.0046,0.000325,0.0195,0.0252,0.02815,0.03133,0.03623,0.159301,0.02173,0.001537,0.11831,0.14377,0.1585,0.17232,0.20146
28.5,0.835271,0.02249,0.00159,0.7922,0.82177,0.83625,0.85092,0.87791,0.044382,0.00647,0.000458,0.03249,0.04028,0.04435,0.04855,0.05533,0.01743,0.00292,0.000206,0.0117,0.0153,0.0175,0.0192,0.02281,0.011662,0.00207,0.000146,0.008,0.0102,0.0116,0.0129,0.01591,0.091256,0.01215,0.000859,0.0684,0.0836,0.09095,0.09798,0.11416,0.029091,0.0047,0.000332,0.0203,0.026,0.02885,0.03202,0.03861,0.164729,0.02249,0.00159,0.12209,0.14908,0.16375,0.17822,0.2078
29.0,0.829692,0.02321,0.001641,0.78442,0.81655,0.83055,0.84525,0.87411,0.045485,0.00655,0.000463,0.03268,0.04168,0.0452,0.0496,0.05687,0.017976,0.003,0.000212,0.0124,0.01588,0.0181,0.01983,0.0235,0.011974,0.00212,0.00015,0.00829,0.0104,0.012,0.0132,0.01573,0.094875,0.01264,0.000894,0.0712,0.087,0.09465,0.10205,0.11896,0.029949,0.00486,0.000343,0.021,0.0268,0.0299,0.03302,0.0389,0.170308,0.02321,0.001641,0.12589,0.15475,0.16945,0.18345,0.21558
29.5,0.823948,0.02382,0.001684,0.77802,0.81058,0.82445,0.8394,0.87012,0.046604,0.00654,0.000463,0.03348,0.04265,0.0467,0.05065,0.05873,0.018503,0.00304,0.000215,0.0125,0.01658,0.01845,0.0203,0.0244,0.012333,0.00217,0.000153,0.00849,0.0108,0.0124,0.0136,0.01651,0.098612,0.01324,0.000936,0.0734,0.09055,0.09835,0.10605,0.12395,0.030836,0.00495,0.00035,0.0211,0.02775,0.0308,0.03362,0.04041,0.176052,0.02382,0.001684,0.12987,0.1606,0.17555,0.18942,0.22198
30.0,0.818075,0.02447,0.00173,0.77024,0.8042,0.81855,0.8341,0.86583,0.047712,0.00658,0.000465,0.03418,0.04358,0.04775,0.05205,0.05981,0.019051,0.00311,0.00022,0.0129,0.01708,0.01905,0.02072,0.02501,0.012672,0.00221,0.000156,0.0086,0.01118,0.01275,0.0138,0.017,0.102489,0.01379,0.000975,0.07598,0.09408,0.10215,0.1098,0.12965,0.031723,0.00505,0.000357,0.0218,0.02868,0.0317,0.0347,0.04152,0.181925,0.02447,0.00173,0.13417,0.1659,0.18145,0.1958,0.22976
30.5,0.812037,0.02509,0.001774,0.7638,0.7969,0.8125,0.8279,0.86064,0.048925,0.0066,0.000466,0.03608,0.0444,0.0484,0.0534,0.06032,0.019502,0.00314,0.000222,0.01339,0.0175,0.0197,0.02132,0.02561,0.013025,0.00228,0.000161,0.00869,0.01157,0.0131,0.01432,0.01722,0.10651,0.01433,0.001013,0.07968,0.09778,0.10565,0.1141,0.13373,0.032528,0.00512,0.000362,0.0221,0.02958,0.0328,0.0356,0.04173,0.187962,0.02509,0.001774,0.13936,0.1721,0.1875,0.2031,0.2362
31.0,0.806012,0.02575,0.001821,0.75511,0.7909,0.8062,0.82132,0.85528,0.050091,0.00669,0.000473,0.03579,0.04548,0.05,0.0547,0.06125,0.019944,0.0032,0.000226,0.0137,0.01797,0.0199,0.0216,0.02672,0.013345,0.0023,0.000163,0.0088,0.0118,0.01325,0.0146,0.01781,0.110608,0.01484,0.00105,0.08189,0.10158,0.1102,0.11892,0.1389,0.033289,0.00521,0.000368,0.0229,0.03007,0.03325,0.03632,0.04362,0.193988,0.02575,0.001821,0.14472,0.17868,0.1938,0.2091,0.24489
31.5,0.799913,0.02643,0.001869,0.74877,0.7856,0.7996,0.8162,0.84884,0.051096,0.00668,0.000473,0.0371,0.04682,0.0514,0.05562,0.06211,0.02043,0.00336,0.000237,0.01378,0.0184,0.0203,0.02222,0.02701,0.013676,0.00232,0.000164,0.0096,0.0122,0.01345,0.0152,0.01851,0.114884,0.01537,0.001087,0.08529,0.10508,0.1139,0.12348,0.14425,0.034107,0.00537,0.00038,0.0234,0.03068,0.0342,0.0374,0.0448,0.200087,0.02643,0.001869,0.15115,0.1838,0.2004,0.2144,0.25123
32.0,0.793744,0.02708,0.001915,0.74089,0.77845,0.79385,0.80982,0.84397,0.052081,0.00675,0.000477,0.0374,0.04775,0.05225,0.0564,0.06321,0.020873,0.00331,0.000234,0.0143,0.019,0.02095,0.02295,0.02722,0.014023,0.00238,0.000168,0.00959,0.0126,0.0141,0.01543,0.01902,0.11928,0.01599,0.001131,0.08878,0.1091,0.1185,0.12805,0.15072,0.034896,0.00537,0.00038,0.0237,0.03173,0.03475,0.0381,0.04349,0.206256,0.02708,0.001915,0.15603,0.19018,0.20615,0.22155,0.25911
32.5,0.787398,0.02776,0.001963,0.73378,0.7716,0.78735,0.80388,0.83967,0.053218,0.00684,0.000484,0.03838,0.04918,0.05325,0.0574,0.06542,0.021336,0.00338,0.000239,0.01509,0.019,0.02125,0.0237,0.0275,0.014359,0.0024,0.000169,0.00989,0.0129,0.01435,0.0161,0.01921,0.12369,0.01654,0.00117,0.09207,0.11315,0.1229,0.133,0.1571,0.035695,0.00546,0.000386,0.02548,0.0324,0.03565,0.03895,0.04504,0.212602,0.02776,0.001963,0.16034,0.19612,0.21265,0.2284,0.26623
33.0,0.781085,0.02837,0.002006,0.72503,0.76435,0.78055,0.79782,0.83404,0.054167,0.0069,0.000488,0.04009,0.0497,0.0542,0.05822,0.06612,0.021823,0.00343,0.000242,0.01519,0.0196,0.0218,0.02412,0.0286,0.014718,0.00241,0.000171,0.01029,0.0132,0.0147,0.01632,0.019,0.128206,0.01702,0.001203,0.09509,0.1172,0.1274,0.13752,0.16172,0.036542,0.00553,0.000391,0.02607,0.0334,0.0364,0.0399,0.04634,0.218916,0.02837,0.002006,0.16596,0.20218,0.21945,0.23565,0.27496
33.5,0.774522,0.02906,0.002055,0.71656,0.75732,0.7734,0.79132,0.82933,0.055181,0.00699,0.000494,0.04059,0.05115,0.0554,0.05962,0.06701,0.022375,0.00343,0.000242,0.01569,0.0201,0.02235,0.0247,0.02903,0.015115,0.00246,0.000174,0.01049,0.0136,0.0152,0.01662,0.01951,0.132807,0.01763,0.001246,0.09817,0.12142,0.1323,0.14245,0.16756,0.03749,0.00555,0.000392,0.02688,0.0339,0.0376,0.04108,0.04842,0.225478,0.02906,0.002055,0.17067,0.20868,0.2266,0.24268,0.28344
34.0,0.767947,0.02973,0.002102,0.70859,0.74968,0.76745,0.78562,0.82558,0.05615,0.00702,0.000496,0.04194,0.05198,0.05605,0.06048,0.0679,0.022918,0.00345,0.000244,0.0159,0.02078,0.023,0.0252,0.02942,0.015441,0.00243,0.000172,0.01088,0.0138,0.0155,0.0171,0.01982,0.137544,0.01826,0.001291,0.10273,0.12608,0.1367,0.14775,0.17435,0.038359,0.00558,0.000395,0.02719,0.0348,0.0384,0.0423,0.04842,0.232053,0.02973,0.002102,0.17442,0.21438,0.23255,0.25033,0.29141
34.5,0.761238,0.03042,0.002151,0.70098,0.743,0.7605,0.77938,0.82039,0.057181,0.00706,0.000499,0.04286,0.0526,0.0573,0.06172,0.0693,0.023492,0.00353,0.00025,0.0164,0.0213,0.02365,0.0256,0.03052,0.015732,0.00245,0.000173,0.0108,0.0143,0.0157,0.0173,0.0203,0.142356,0.01886,0.001334,0.1066,0.1304,0.1417,0.1529,0.18063,0.039224,0.00564,0.000399,0.027,0.03608,0.0394,0.04262,0.04941,0.238762,0.03042,0.002151,0.17961,0.22062,0.2395,0.257,0.29902
35.0,0.754385,0.03114,0.002202,0.69168,0.7356,0.7538,0.77288,0.81555,0.058207,0.00712,0.000504,0.04367,0.0539,0.0584,0.06302,0.0716,0.024042,0.00349,0.000247,0.017,0.022,0.024,0.0263,0.03074,0.016159,0.00252,0.000178,0.01099,0.01478,0.0161,0.0178,0.02092,0.147207,0.01955,0.001382,0.1106,0.13482,0.1468,0.15812,0.18684,0.040201,0.00567,0.000401,0.0279,0.03728,0.0405,0.04362,0.0501,0.245615,0.03114,0.002202,0.18445,0.22712,0.2462,0.2644,0.30832
35.5,0.747391,0.0318,0.002249,0.68434,0.72825,0.74765,0.76652,0.80988,0.059322,0.00725,0.000512,0.0439,0.0549,0.05995,0.06395,0.07143,0.024503,0.00348,0.000246,0.0173,0.0224,0.0246,0.0269,0.0316,0.016486,0.00251,0.000178,0.0114,0.01508,0.0164,0.0181,0.0212,0.152298,0.02006,0.001419,0.11429,0.13953,0.15255,0.16398,0.19334,0.040989,0.00564,0.000399,0.02899,0.0375,0.04135,0.04462,0.05113,0.252609,0.0318,0.002249,0.19012,0.23348,0.25235,0.27175,0.31566
36.0,0.740523,0.03227,0.002282,0.67704,0.7213,0.74135,0.76002,0.8039,0.060189,0.00707,0.0005,0.04559,0.0563,0.0603,0.065,0.0726,0.024992,0.00363,0.000256,0.0172,0.02298,0.0251,0.0272,0.03192,0.01678,0.00252,0.000178,0.01129,0.0154,0.0169,0.01842,0.0213,0.157515,0.02065,0.00146,0.1177,0.14398,0.15775,0.16998,0.19863,0.041773,0.00574,0.000406,0.02939,0.03862,0.042,0.04485,0.053,0.259477,0.03227,0.002282,0.1961,0.23998,0.25865,0.2787,0.32296
36.5,0.733566,0.03282,0.00232,0.66907,0.71385,0.73395,0.75298,0.79859,0.061081,0.00702,0.000496,0.04618,0.05735,0.06135,0.06615,0.07342,0.025464,0.00358,0.000253,0.01808,0.02348,0.0254,0.0276,0.0326,0.017079,0.0026,0.000184,0.0112,0.0156,0.0171,0.0188,0.02191,0.162811,0.02127,0.001504,0.12172,0.14928,0.16265,0.17545,0.20514,0.042542,0.00577,0.000408,0.02949,0.03965,0.04285,0.0462,0.05351,0.266434,0.03282,0.00232,0.20141,0.24702,0.26605,0.28615,0.33093
37.0,0.726556,0.03336,0.002359,0.66117,0.7064,0.72605,0.74622,0.79447,0.061944,0.00683,0.000483,0.04774,0.05828,0.062,0.06695,0.07292,0.025982,0.00369,0.000261,0.01799,0.02388,0.02605,0.0285,0.03331,0.017437,0.00264,0.000186,0.01149,0.0161,0.0176,0.019,0.02231,0.168081,0.0219,0.001549,0.12552,0.15378,0.1677,0.18088,0.21126,0.043419,0.00593,0.000419,0.03026,0.0404,0.0436,0.047,0.05461,0.273444,0.03336,0.002359,0.20553,0.25378,0.27395,0.2936,0.33883
37.5,0.719614,0.03392,0.002398,0.65369,0.69887,0.7193,0.73942,0.78788,0.062684,0.00692,0.000489,0.04847,0.05865,0.0633,0.06725,0.074,0.026509,0.00358,0.000253,0.01829,0.0244,0.0267,0.0289,0.03341,0.017741,0.00261,0.000185,0.0119,0.0162,0.0179,0.01933,0.02261,0.173453,0.02254,0.001594,0.13067,0.15885,0.173,0.1862,0.21716,0.04425,0.00579,0.000409,0.03059,0.0411,0.0441,0.0478,0.0552,0.280387,0.03392,0.002398,0.21212,0.26058,0.2807,0.30112,0.34631
38.0,0.712474,0.0345,0.002439,0.64617,0.691,0.71185,0.73225,0.7816,0.063605,0.00689,0.000487,0.04878,0.05988,0.0641,0.06787,0.0749,0.026851,0.00353,0.00025,0.0193,0.02448,0.0268,0.02918,0.0335,0.018004,0.00254,0.000179,0.0121,0.0166,0.018,0.0196,0.02241,0.179066,0.02326,0.001645,0.13613,0.16438,0.1785,0.19232,0.22478,0.044854,0.00568,0.000402,0.03178,0.0414,0.0446,0.04872,0.05501,0.287526,0.0345,0.002439,0.2184,0.26775,0.28815,0.309,0.35383
38.5,0.705385,0.03496,0.002472,0.6382,0.68395,0.70455,0.72535,0.77689,0.064266,0.00677,0.000479,0.04897,0.0606,0.06465,0.06873,0.07571,0.027317,0.00355,0.000251,0.01979,0.0249,0.02735,0.0297,0.03381,0.018304,0.00252,0.000178,0.0123,0.01677,0.01835,0.02,0.0229,0.184728,0.02389,0.001689,0.14043,0.17008,0.18505,0.19832,0.23216,0.04562,0.0057,0.000403,0.0319,0.04188,0.0456,0.0495,0.05631,0.294615,0.03496,0.002472,0.22311,0.27465,0.29545,0.31605,0.3618
39.0,0.698247,0.0354,0.002503,0.63127,0.6768,0.69825,0.71835,0.77207,0.06493,0.0066,0.000467,0.0492,0.06125,0.06525,0.0699,0.07641,0.027666,0.00352,0.000249,0.02037,0.0255,0.0278,0.0301,0.03401,0.018656,0.00254,0.00018,0.0129,0.0171,0.0188,0.02043,0.02341,0.190502,0.0245,0.001732,0.14511,0.17562,0.1905,0.20472,0.23952,0.046321,0.0057,0.000403,0.03248,0.04288,0.0464,0.0501,0.05701,0.301753,0.0354,0.002503,0.22793,0.28165,0.30175,0.3232,0.36872
39.5,0.691132,0.03577,0.002529,0.62402,0.66983,0.6914,0.71165,0.76831,0.065617,0.00642,0.000454,0.05066,0.0619,0.0663,0.0702,0.0772,0.028055,0.00359,0.000254,0.01999,0.0257,0.0282,0.0305,0.03462,0.018916,0.00251,0.000177,0.0135,0.01737,0.0188,0.0207,0.02351,0.19628,0.02502,0.001769,0.14961,0.18182,0.19645,0.21055,0.24643,0.046971,0.00577,0.000408,0.033,0.04368,0.047,0.0509,0.05656,0.308868,0.03577,0.002529,0.23169,0.28835,0.3086,0.33018,0.37598
40.0,0.683913,0.03616,0.002557,0.61564,0.66335,0.68355,0.70522,0.76292,0.06621,0.00629,0.000445,0.05117,0.063,0.0667,0.07045,0.0772,0.028473,0.00356,0.000252,0.02099,0.0261,0.0286,0.0309,0.0355,0.019182,0.00258,0.000182,0.0132,0.0176,0.0193,0.02082,0.02401,0.202222,0.02551,0.001804,0.15354,0.1872,0.2027,0.2167,0.25175,0.047655,0.00583,0.000412,0.03418,0.04418,0.04775,0.0517,0.05901,0.316086,0.03616,0.002557,0.23708,0.29478,0.31645,0.33665,0.38436
40.5,0.676762,0.03645,0.002577,0.60855,0.656,0.6761,0.69877,0.75746,0.066764,0.00612,0.000433,0.05294,0.06318,0.0674,0.0709,0.07701,0.028791,0.00349,0.000247,0.02138,0.02635,0.02885,0.0312,0.03521,0.01934,0.00255,0.00018,0.0136,0.01778,0.0195,0.02102,0.0242,0.208345,0.02616,0.00185,0.15758,0.19348,0.20895,0.22392,0.25878,0.04813,0.00568,0.000402,0.03449,0.045,0.04825,0.0518,0.0583,0.323238,0.03645,0.002577,0.24254,0.30123,0.3239,0.344,0.39145
41.0,0.66956,0.03673,0.002597,0.60152,0.64775,0.66835,0.69062,0.75193,0.06721,0.00597,0.000422,0.05406,0.06368,0.06775,0.07082,0.0776,0.029166,0.00353,0.000249,0.02089,0.02688,0.0293,0.03142,0.0359,0.019701,0.00251,0.000177,0.0142,0.0181,0.0199,0.02112,0.0242,0.214362,0.02673,0.00189,0.16177,0.19892,0.21515,0.22965,0.26605,0.048867,0.00564,0.000399,0.03539,0.04548,0.04925,0.0526,0.0591,0.33044,0.03673,0.002597,0.24807,0.30937,0.33165,0.35225,0.39848
41.5,0.662438,0.03705,0.00262,0.59407,0.63938,0.66145,0.68382,0.74641,0.067602,0.00584,0.000413,0.05515,0.06398,0.0681,0.07182,0.0775,0.029498,0.00343,0.000243,0.02266,0.0272,0.0294,0.0322,0.0356,0.019902,0.00246,0.000174,0.0144,0.0183,0.02,0.0216,0.0246,0.22056,0.0274,0.001937,0.16783,0.2047,0.2215,0.23675,0.27304,0.0494,0.00549,0.000388,0.03639,0.0462,0.0497,0.0532,0.0594,0.337561,0.03705,0.00262,0.25359,0.31618,0.33855,0.36062,0.40593
42.0,0.6553,0.03731,0.002638,0.58598,0.63172,0.65415,0.67745,0.73975,0.067884,0.00559,0.000395,0.05566,0.06458,0.06825,0.07195,0.07681,0.02984,0.00338,0.000239,0.02287,0.02768,0.0298,0.03212,0.03561,0.020163,0.00244,0.000172,0.0148,0.01888,0.0204,0.0218,0.02402,0.226813,0.02803,0.001982,0.17184,0.21078,0.22725,0.24318,0.27962,0.050002,0.00539,0.000381,0.03789,0.0469,0.05035,0.0536,0.05961,0.3447,0.03731,0.002638,0.26025,0.32255,0.34585,0.36828,0.41402
42.5,0.648122,0.03759,0.002658,0.57976,0.62428,0.6469,0.67025,0.73364,0.068281,0.0055,0.000389,0.05576,0.065,0.0685,0.07202,0.0779,0.030228,0.00341,0.000241,0.0226,0.0281,0.03025,0.03255,0.03611,0.020263,0.00238,0.000169,0.0152,0.01878,0.0203,0.0218,0.0247,0.233106,0.02862,0.002023,0.17616,0.21625,0.23335,0.25008,0.28692,0.05049,0.00532,0.000376,0.03809,0.0476,0.0504,0.054,0.0599,0.351878,0.03759,0.002658,0.26636,0.32975,0.3531,0.37572,0.42024
43.0,0.640927,0.03779,0.002672,0.57098,0.6176,0.6397,0.66322,0.72597,0.068625,0.00534,0.000378,0.05684,0.06545,0.06895,0.0724,0.078,0.030524,0.00335,0.000237,0.0233,0.0286,0.0306,0.03292,0.037,0.020392,0.00234,0.000165,0.0151,0.0189,0.0206,0.0219,0.02511,0.239533,0.02913,0.002059,0.18066,0.2222,0.24025,0.25665,0.29334,0.050915,0.00526,0.000372,0.03869,0.04807,0.05085,0.0546,0.0609,0.359074,0.03779,0.002672,0.27403,0.33678,0.3603,0.3824,0.42902
43.5,0.633748,0.03805,0.00269,0.56249,0.61032,0.63185,0.6565,0.71989,0.068924,0.0053,0.000375,0.05804,0.06578,0.069,0.07273,0.07811,0.030872,0.0033,0.000233,0.02378,0.0287,0.03075,0.03322,0.03671,0.020533,0.00227,0.000161,0.0154,0.0191,0.02055,0.02212,0.0255,0.245924,0.02969,0.002099,0.18548,0.22898,0.24695,0.26358,0.30104,0.051405,0.00517,0.000366,0.03997,0.0485,0.05155,0.055,0.06091,0.366253,0.03805,0.00269,0.28011,0.3435,0.36815,0.38968,0.43751
44.0,0.626514,0.03824,0.002704,0.55538,0.60245,0.6252,0.64912,0.71322,0.069248,0.00511,0.000361,0.05862,0.0662,0.069,0.07273,0.0783,0.031111,0.00331,0.000234,0.0233,0.0291,0.0313,0.03322,0.0371,0.020721,0.00232,0.000164,0.0156,0.0194,0.0206,0.02232,0.02513,0.252406,0.03021,0.002136,0.19029,0.23457,0.25335,0.27085,0.30806,0.051832,0.00516,0.000365,0.0397,0.04878,0.05215,0.0552,0.06063,0.373486,0.03824,0.002704,0.28678,0.35088,0.3748,0.39755,0.44462
44.5,0.61944,0.03837,0.002713,0.54903,0.59432,0.6176,0.64162,0.70593,0.069381,0.00499,0.000353,0.05971,0.066,0.06945,0.0729,0.07781,0.031435,0.00323,0.000229,0.0239,0.02958,0.0316,0.0334,0.03722,0.020866,0.00231,0.000164,0.0162,0.0195,0.021,0.0224,0.02521,0.258877,0.03064,0.002167,0.1953,0.24117,0.2599,0.27647,0.31594,0.052302,0.00504,0.000356,0.04046,0.04938,0.05245,0.05553,0.0612,0.38056,0.03837,0.002713,0.29407,0.35838,0.3824,0.40568,0.45097
45.0,0.61239,0.03845,0.002719,0.54202,0.5876,0.6106,0.63442,0.69939,0.069446,0.00475,0.000336,0.06072,0.06628,0.06935,0.07312,0.078,0.031615,0.00322,0.000228,0.0237,0.0296,0.0316,0.0339,0.03761,0.02106,0.00232,0.000164,0.01649,0.01957,0.02095,0.0224,0.0255,0.265488,0.03116,0.002203,0.20068,0.2478,0.2663,0.28358,0.32371,0.052675,0.005,0.000354,0.0396,0.04972,0.0527,0.0559,0.06241,0.38761,0.03845,0.002719,0.30061,0.36558,0.3894,0.4124,0.45798
45.5,0.605417,0.03851,0.002723,0.53483,0.58065,0.6035,0.62772,0.69242,0.069429,0.00455,0.000321,0.06102,0.06678,0.0694,0.07242,0.0775,0.031837,0.00319,0.000226,0.02438,0.0299,0.032,0.034,0.03751,0.021192,0.00229,0.000162,0.01679,0.0197,0.0211,0.0228,0.0254,0.272125,0.03172,0.002243,0.20542,0.2541,0.273,0.29045,0.33152,0.053029,0.00489,0.000346,0.04039,0.05007,0.0531,0.0562,0.06232,0.394583,0.03851,0.002723,0.30758,0.37228,0.3965,0.41935,0.46517
46.0,0.59843,0.03854,0.002725,0.52878,0.57375,0.59645,0.61982,0.68609,0.069352,0.00429,0.000304,0.06,0.0669,0.0694,0.0722,0.0771,0.032043,0.00321,0.000227,0.02448,0.0299,0.0322,0.0341,0.03802,0.021363,0.00229,0.000162,0.0166,0.02,0.02135,0.02285,0.02551,0.278812,0.0321,0.00227,0.21144,0.26068,0.27945,0.2968,0.33931,0.053406,0.00491,0.000347,0.0405,0.05,0.05335,0.0568,0.06301,0.40157,0.03854,0.002725,0.31391,0.38018,0.40355,0.42625,0.47122
46.5,0.591515,0.03854,0.002725,0.52179,0.56695,0.58975,0.61227,0.6786,0.069247,0.00423,0.000299,0.0608,0.06623,0.0694,0.0719,0.0776,0.032338,0.00307,0.000217,0.02569,0.0304,0.03225,0.0342,0.03871,0.021459,0.00221,0.000156,0.01689,0.02008,0.0213,0.02292,0.0257,0.285441,0.03259,0.002304,0.2165,0.26748,0.28585,0.304,0.34713,0.053797,0.00467,0.00033,0.0417,0.0509,0.0538,0.05703,0.06301,0.408485,0.03854,0.002725,0.3214,0.38773,0.41025,0.43305,0.47821
47.0,0.584644,0.0385,0.002723,0.5151,0.55995,0.58325,0.60525,0.67103,0.069211,0.00413,0.000292,0.0605,0.06645,0.06945,0.0716,0.077,0.032458,0.00297,0.00021,0.02599,0.03088,0.0324,0.03435,0.0382,0.021496,0.00224,0.000158,0.01699,0.0201,0.0216,0.02312,0.0255,0.292191,0.03292,0.002328,0.22269,0.27398,0.293,0.31125,0.35443,0.053954,0.0046,0.000325,0.04249,0.05118,0.0541,0.05672,0.0622,0.415355,0.0385,0.002723,0.32897,0.39475,0.41675,0.44005,0.4849
47.5,0.5778,0.03845,0.002719,0.50839,0.5525,0.57665,0.59782,0.66414,0.06915,0.00396,0.00028,0.06149,0.06648,0.0694,0.07145,0.07681,0.032506,0.00298,0.000211,0.02669,0.0308,0.03235,0.03465,0.0383,0.021656,0.00216,0.000153,0.01729,0.0199,0.0219,0.0231,0.0262,0.298887,0.03326,0.002352,0.22819,0.28045,0.29995,0.31785,0.36146,0.054162,0.00453,0.00032,0.0437,0.0513,0.05415,0.0571,0.0625,0.4222,0.03845,0.002719,0.33586,0.40218,0.42335,0.4475,0.49161
48.0,0.571104,0.03838,0.002714,0.50147,0.54665,0.5706,0.59132,0.66006,0.068932,0.00396,0.00028,0.061,0.06645,0.0692,0.0713,0.0763,0.032526,0.00287,0.000203,0.0271,0.03088,0.03235,0.0345,0.0382,0.021711,0.00216,0.000153,0.0174,0.0201,0.022,0.0232,0.02591,0.305726,0.03363,0.002378,0.23388,0.28697,0.3066,0.32535,0.36943,0.054238,0.00436,0.000308,0.0451,0.0512,0.05425,0.05732,0.06212,0.428896,0.03838,0.002714,0.33994,0.40868,0.4294,0.45335,0.49853
48.5,0.564432,0.03831,0.002709,0.49527,0.53998,0.5637,0.5844,0.65463,0.068876,0.00394,0.000279,0.06119,0.06645,0.0689,0.0714,0.0761,0.032497,0.00277,0.000196,0.02689,0.0309,0.03245,0.0344,0.0374,0.021645,0.00209,0.000148,0.01789,0.0201,0.0216,0.023,0.0258,0.31255,0.03404,0.002407,0.23988,0.2939,0.31355,0.33272,0.37686,0.054142,0.0041,0.00029,0.046,0.0514,0.054,0.05703,0.06251,0.435567,0.03831,0.002709,0.34537,0.4156,0.4363,0.46002,0.50473
49.0,0.557921,0.03814,0.002697,0.48906,0.53398,0.5574,0.57708,0.64639,0.068506,0.00386,0.000273,0.0613,0.06608,0.06885,0.071,0.07531,0.032563,0.00271,0.000191,0.02689,0.031,0.0325,0.0346,0.03712,0.021656,0.00196,0.000139,0.0182,0.0204,0.0216,0.02282,0.02551,0.319356,0.03428,0.002424,0.24538,0.30085,0.32045,0.33922,0.38308,0.054218,0.00402,0.000284,0.04659,0.05162,0.0545,0.0569,0.06261,0.442079,0.03814,0.002697,0.35361,0.42292,0.4426,0.46602,0.51095
49.5,0.551417,0.03793,0.002682,0.48417,0.52757,0.55065,0.57122,0.63968,0.068161,0.00383,0.000271,0.0612,0.06568,0.0682,0.0705,0.0754,0.032611,0.00278,0.000197,0.0267,0.0309,0.0328,0.03452,0.03711,0.021643,0.00195,0.000138,0.0181,0.0202,0.0216,0.02302,0.0253,0.326168,0.0346,0.002446,0.2505,0.30723,0.3274,0.34675,0.39122,0.054254,0.00403,0.000285,0.04638,0.05168,0.0546,0.0569,0.06162,0.448583,0.03793,0.002682,0.36032,0.42878,0.44935,0.47242,0.51583
50.0,0.545085,0.03779,0.002672,0.47828,0.52175,0.54485,0.5659,0.63336,0.067686,0.00382,0.00027,0.06119,0.06558,0.0676,0.0699,0.07502,0.032556,0.00262,0.000185,0.0274,0.0309,0.03265,0.03432,0.0375,0.02161,0.00185,0.000131,0.0181,0.0202,0.02165,0.0229,0.0256,0.333064,0.03494,0.00247,0.25572,0.31408,0.3346,0.35472,0.39893,0.054166,0.00374,0.000264,0.04659,0.05188,0.05425,0.05682,0.06101,0.454916,0.03779,0.002672,0.36664,0.4341,0.45515,0.47825,0.52172
50.5,0.538875,0.03771,0.002666,0.47219,0.51595,0.53885,0.56005,0.62598,0.06707,0.00372,0.000263,0.06,0.06475,0.0671,0.0695,0.07431,0.032596,0.00259,0.000183,0.0278,0.0308,0.03255,0.03442,0.0373,0.021658,0.0018,0.000128,0.0182,0.0204,0.0217,0.023,0.0256,0.339801,0.03525,0.002493,0.26146,0.31988,0.3402,0.3611,0.40506,0.054254,0.00372,0.000263,0.0471,0.05188,0.0543,0.05662,0.06102,0.461125,0.03771,0.002666,0.37402,0.43995,0.46115,0.48405,0.52781
51.0,0.532665,0.03758,0.002657,0.46709,0.50927,0.53235,0.55398,0.62008,0.0666,0.00363,0.000257,0.05979,0.06387,0.06665,0.0691,0.07351,0.03243,0.00253,0.000179,0.02769,0.031,0.0324,0.0341,0.0372,0.021746,0.00175,0.000123,0.0184,0.0206,0.0218,0.02292,0.02511,0.34656,0.03554,0.002513,0.26749,0.32593,0.34665,0.36812,0.41208,0.054175,0.0036,0.000254,0.0471,0.0519,0.0544,0.05642,0.06081,0.467335,0.03758,0.002657,0.37992,0.44602,0.46765,0.49073,0.53291
51.5,0.52657,0.03726,0.002635,0.4614,0.50348,0.52565,0.54797,0.61427,0.066092,0.00368,0.00026,0.05959,0.0634,0.06605,0.0688,0.07271,0.03236,0.00246,0.000174,0.0275,0.0307,0.0322,0.03392,0.0375,0.02168,0.00167,0.000118,0.0181,0.0208,0.0218,0.0228,0.0248,0.353298,0.03582,0.002533,0.27268,0.3321,0.3537,0.37535,0.41928,0.05404,0.0034,0.000241,0.04758,0.05208,0.05395,0.05635,0.06091,0.47343,0.03726,0.002635,0.38573,0.45202,0.47435,0.49652,0.5386
52.0,0.520631,0.03693,0.002611,0.45561,0.49748,0.52,0.54205,0.60796,0.065421,0.00371,0.000262,0.0582,0.0629,0.0653,0.06823,0.07221,0.032302,0.00247,0.000174,0.02699,0.0308,0.032,0.03382,0.0375,0.021554,0.00162,0.000115,0.018,0.0205,0.0219,0.02262,0.0244,0.360092,0.03602,0.002547,0.27953,0.3392,0.3607,0.38302,0.42491,0.053856,0.00329,0.000233,0.0472,0.0519,0.0538,0.056,0.05981,0.479369,0.03693,0.002611,0.39204,0.45795,0.48,0.50252,0.5444
52.5,0.514681,0.03658,0.002586,0.45129,0.49132,0.51425,0.53598,0.60186,0.064844,0.00366,0.000259,0.0576,0.06228,0.0648,0.06742,0.0715,0.032129,0.00236,0.000167,0.02739,0.03055,0.0322,0.03375,0.0369,0.021511,0.00164,0.000116,0.0179,0.02058,0.02155,0.02262,0.0245,0.366834,0.03616,0.002557,0.28526,0.3465,0.3678,0.3898,0.43298,0.05364,0.00322,0.000228,0.0475,0.0519,0.0536,0.0556,0.0599,0.485319,0.03658,0.002586,0.39814,0.46402,0.48575,0.50868,0.54871
53.0,0.508825,0.03632,0.002568,0.44628,0.48448,0.50855,0.52903,0.59625,0.064239,0.00377,0.000266,0.056,0.0615,0.0644,0.0667,0.0711,0.03198,0.00231,0.000163,0.0278,0.0304,0.0318,0.0337,0.03661,0.021336,0.00166,0.000117,0.0176,0.0203,0.0215,0.0224,0.0242,0.37362,0.03631,0.002568,0.29119,0.35375,0.3747,0.39613,0.43941,0.053316,0.00311,0.00022,0.04669,0.0513,0.0533,0.0553,0.0594,0.491175,0.03632,0.002568,0.40375,0.47098,0.49145,0.51552,0.55371
53.5,0.503099,0.03598,0.002544,0.44246,0.4799,0.50285,0.52355,0.59034,0.063447,0.00383,0.000271,0.0554,0.0604,0.0634,0.06632,0.071,0.031923,0.00228,0.000161,0.0276,0.0305,0.0317,0.03333,0.03671,0.02131,0.00163,0.000115,0.01809,0.0203,0.02135,0.0225,0.02421,0.38022,0.03632,0.002568,0.29842,0.36092,0.38145,0.4033,0.44515,0.053233,0.00311,0.00022,0.0469,0.05127,0.053,0.05515,0.05911,0.496901,0.03598,0.002544,0.40966,0.47645,0.49715,0.5201,0.55754
54.0,0.49746,0.03562,0.002518,0.43761,0.47415,0.4973,0.51788,0.58431,0.0628,0.00382,0.00027,0.0541,0.0601,0.0627,0.0652,0.07021,0.031677,0.00239,0.000169,0.02749,0.0301,0.0315,0.0332,0.0366,0.021137,0.00164,0.000116,0.01789,0.0201,0.0213,0.0223,0.0245,0.386925,0.03648,0.002579,0.30461,0.3679,0.38835,0.40962,0.45174,0.052815,0.00323,0.000229,0.04649,0.0507,0.0528,0.05502,0.0594,0.50254,0.03562,0.002518,0.41569,0.48212,0.5027,0.52585,0.56239
54.5,0.491992,0.03523,0.002491,0.4332,0.46928,0.4921,0.51225,0.57744,0.061987,0.0039,0.000276,0.05417,0.0592,0.06195,0.0647,0.07011,0.031522,0.0023,0.000162,0.027,0.02988,0.0316,0.0329,0.03631,0.02099,0.00162,0.000115,0.0176,0.02,0.0212,0.0221,0.0241,0.393509,0.03656,0.002585,0.30926,0.37422,0.3946,0.4165,0.45939,0.052512,0.00316,0.000223,0.0451,0.05038,0.05245,0.05462,0.0587,0.508008,0.03523,0.002491,0.42256,0.48775,0.5079,0.53072,0.5668
55.0,0.486614,0.03489,0.002467,0.428,0.4634,0.48655,0.50685,0.57076,0.06127,0.00385,0.000273,0.05425,0.0586,0.06145,0.0637,0.0696,0.03128,0.00241,0.000171,0.0265,0.0296,0.0314,0.0329,0.0362,0.020812,0.00165,0.000116,0.0173,0.01967,0.021,0.0218,0.0239,0.400023,0.03664,0.002591,0.31708,0.38022,0.4012,0.42402,0.46588,0.052092,0.00334,0.000236,0.0453,0.05018,0.0521,0.0546,0.05832,0.513386,0.03489,0.002467,0.42924,0.49315,0.51345,0.5366,0.572
55.5,0.481325,0.03449,0.002439,0.42359,0.45862,0.48105,0.502,0.56473,0.060554,0.00399,0.000282,0.05267,0.05815,0.06055,0.0632,0.0689,0.03107,0.00238,0.000168,0.0266,0.02948,0.0312,0.03275,0.0359,0.020636,0.0016,0.000113,0.0175,0.0195,0.0207,0.02162,0.0236,0.406414,0.03658,0.002586,0.32314,0.3869,0.4067,0.42985,0.47252,0.051707,0.00328,0.000232,0.0454,0.0494,0.0518,0.054,0.0578,0.518675,0.03449,0.002439,0.43527,0.498,0.51895,0.54138,0.57641
56.0,0.47616,0.03416,0.002415,0.41882,0.45348,0.47635,0.49622,0.55914,0.059724,0.00409,0.000289,0.05178,0.057,0.05975,0.06213,0.0684,0.030827,0.00232,0.000164,0.0267,0.0292,0.0309,0.0325,0.035,0.020402,0.00157,0.000111,0.0175,0.0192,0.0205,0.0215,0.0234,0.412888,0.03649,0.00258,0.32838,0.39448,0.41355,0.437,0.479,0.051229,0.00319,0.000226,0.04549,0.049,0.0513,0.0536,0.0573,0.52384,0.03416,0.002415,0.44086,0.50378,0.52365,0.54653,0.58118
56.5,0.471184,0.03372,0.002385,0.41346,0.4485,0.4709,0.49085,0.55322,0.058776,0.00429,0.000303,0.05088,0.0561,0.0588,0.0613,0.067,0.030513,0.00239,0.000169,0.0259,0.02888,0.0304,0.0323,0.035,0.020298,0.00164,0.000116,0.0173,0.0192,0.0202,0.0214,0.0238,0.419229,0.03651,0.002582,0.33509,0.40027,0.4204,0.44282,0.48474,0.050811,0.00329,0.000233,0.0446,0.0483,0.05095,0.0531,0.05671,0.528816,0.03372,0.002385,0.44678,0.50915,0.5291,0.5515,0.58654
57.0,0.466233,0.03334,0.002357,0.40927,0.4435,0.466,0.4854,0.54725,0.057856,0.0044,0.000311,0.0493,0.05535,0.0577,0.06082,0.06581,0.030255,0.00239,0.000169,0.0256,0.0289,0.0303,0.03202,0.03471,0.020158,0.00163,0.000115,0.0167,0.0192,0.0203,0.02112,0.023,0.425498,0.03642,0.002576,0.34158,0.40655,0.42685,0.44965,0.49076,0.050414,0.00331,0.000234,0.0437,0.0482,0.0505,0.05262,0.0564,0.533767,0.03334,0.002357,0.45275,0.5146,0.534,0.5565,0.59073
57.5,0.461417,0.03292,0.002328,0.40577,0.43888,0.46095,0.48065,0.54098,0.056933,0.00446,0.000316,0.04867,0.0543,0.057,0.0601,0.0653,0.029954,0.0024,0.00017,0.02549,0.0283,0.0299,0.03172,0.03421,0.019949,0.00168,0.000119,0.0162,0.01888,0.02,0.021,0.0235,0.431746,0.03637,0.002572,0.34788,0.41265,0.43285,0.45515,0.4961,0.049903,0.00334,0.000236,0.04368,0.04788,0.05,0.0523,0.0559,0.538583,0.03292,0.002328,0.45902,0.51935,0.53905,0.56112,0.59423
58.0,0.456566,0.03246,0.002295,0.40113,0.43435,0.4562,0.47572,0.5353,0.056186,0.00463,0.000327,0.04749,0.0534,0.0561,0.05955,0.0642,0.029606,0.00239,0.000169,0.0252,0.02808,0.0297,0.0313,0.03411,0.019715,0.00172,0.000121,0.016,0.01878,0.0197,0.0207,0.02301,0.437927,0.03625,0.002563,0.35379,0.41828,0.4393,0.46105,0.50072,0.049321,0.00339,0.00024,0.04279,0.0472,0.0496,0.0517,0.05482,0.543434,0.03246,0.002295,0.4647,0.52428,0.5438,0.56565,0.59887
58.5,0.451903,0.03195,0.002259,0.39706,0.43005,0.452,0.47095,0.52846,0.055164,0.00474,0.000335,0.0468,0.05218,0.0551,0.05872,0.06342,0.029357,0.00239,0.000169,0.0248,0.02778,0.0294,0.031,0.0339,0.019573,0.00176,0.000124,0.0158,0.0185,0.0195,0.0207,0.023,0.444003,0.03607,0.002551,0.36,0.4245,0.4453,0.46678,0.50672,0.04893,0.00346,0.000245,0.0421,0.0467,0.04905,0.0516,0.05502,0.548097,0.03195,0.002259,0.47154,0.52905,0.548,0.56995,0.60294
59.0,0.447377,0.0315,0.002227,0.39347,0.42627,0.4471,0.46538,0.52316,0.054223,0.00469,0.000332,0.0455,0.05127,0.05425,0.0575,0.0629,0.028948,0.00244,0.000172,0.02419,0.0272,0.02895,0.0307,0.0332,0.019316,0.00182,0.000129,0.01569,0.018,0.01935,0.0205,0.02271,0.450137,0.03592,0.00254,0.36576,0.4304,0.45085,0.47245,0.51253,0.048264,0.0036,0.000255,0.0412,0.0459,0.0484,0.051,0.05501,0.552623,0.0315,0.002227,0.47684,0.53463,0.5529,0.57373,0.60653
59.5,0.442883,0.03102,0.002193,0.3896,0.4216,0.4423,0.461,0.51825,0.053318,0.00496,0.00035,0.04439,0.05018,0.05345,0.05653,0.06211,0.028558,0.0024,0.00017,0.02369,0.02708,0.0286,0.0302,0.03271,0.019051,0.00181,0.000128,0.0154,0.0178,0.019,0.02022,0.0226,0.456191,0.03577,0.002529,0.37175,0.43645,0.45685,0.4785,0.51823,0.047609,0.00364,0.000258,0.0404,0.0451,0.04785,0.0502,0.05392,0.557118,0.03102,0.002193,0.48176,0.539,0.5577,0.5784,0.61041
60.0,0.4385,0.03056,0.002161,0.38638,0.4179,0.4382,0.45695,0.51265,0.052404,0.00496,0.000351,0.0432,0.04927,0.0526,0.0556,0.06181,0.028222,0.00244,0.000173,0.02318,0.0267,0.0285,0.0299,0.0327,0.018725,0.00172,0.000122,0.01509,0.01768,0.0189,0.01993,0.022,0.462149,0.03546,0.002508,0.37755,0.44258,0.4626,0.48442,0.52314,0.046947,0.00357,0.000252,0.03948,0.0444,0.0475,0.0496,0.053,0.5615,0.03056,0.002161,0.48735,0.54305,0.5618,0.5821,0.61362
60.5,0.434316,0.03012,0.00213,0.3826,0.41328,0.4341,0.45202,0.50673,0.051272,0.005,0.000354,0.0423,0.04788,0.0515,0.0546,0.06071,0.027948,0.00246,0.000174,0.0232,0.0265,0.02815,0.02952,0.0325,0.018538,0.00175,0.000124,0.0151,0.0175,0.01855,0.0198,0.022,0.467927,0.03521,0.002489,0.3845,0.4489,0.46835,0.49032,0.52874,0.046486,0.00368,0.00026,0.0389,0.0441,0.04685,0.0492,0.0529,0.565684,0.03012,0.00213,0.49327,0.54798,0.5659,0.58672,0.6174
61.0,0.430181,0.02962,0.002095,0.37949,0.40955,0.42975,0.447,0.50182,0.050401,0.0051,0.00036,0.0412,0.047,0.0503,0.05338,0.05965,0.027568,0.00247,0.000175,0.02278,0.0263,0.0275,0.02912,0.03211,0.018269,0.0018,0.000127,0.0147,0.01708,0.0183,0.0193,0.0218,0.473581,0.03495,0.002471,0.38973,0.45438,0.47345,0.49632,0.53378,0.045837,0.0037,0.000261,0.03848,0.04348,0.04605,0.04832,0.05181,0.569819,0.02962,0.002095,0.49818,0.553,0.57025,0.59045,0.62051
61.5,0.42618,0.02921,0.002065,0.37638,0.40617,0.42575,0.44362,0.49673,0.049347,0.00515,0.000364,0.0403,0.046,0.04935,0.05262,0.05934,0.027207,0.00249,0.000176,0.02199,0.02588,0.0273,0.0288,0.03171,0.018037,0.00185,0.000131,0.0142,0.017,0.018,0.01902,0.0216,0.479229,0.03471,0.002454,0.39662,0.46028,0.4787,0.50093,0.53926,0.045244,0.00375,0.000265,0.0381,0.04318,0.04535,0.04803,0.0517,0.57382,0.02921,0.002065,0.50327,0.55638,0.57425,0.59383,0.62363
62.0,0.4223,0.02879,0.002036,0.37316,0.4027,0.4221,0.43888,0.49102,0.048371,0.00516,0.000365,0.0389,0.04528,0.04805,0.05212,0.0591,0.026773,0.00251,0.000178,0.02179,0.0252,0.0267,0.0283,0.0315,0.017714,0.00189,0.000133,0.0139,0.01665,0.0176,0.0189,0.0213,0.484842,0.03448,0.002438,0.40233,0.4655,0.48455,0.50608,0.54331,0.044486,0.00389,0.000275,0.0366,0.0423,0.0446,0.0472,0.0508,0.5777,0.02879,0.002036,0.50898,0.56112,0.5779,0.5973,0.62684
62.5,0.418522,0.0284,0.002008,0.36938,0.39958,0.4178,0.43498,0.48555,0.047438,0.00515,0.000364,0.03739,0.0442,0.0472,0.051,0.0587,0.026254,0.00255,0.00018,0.0214,0.0247,0.0261,0.028,0.0309,0.017416,0.00197,0.000139,0.0138,0.01608,0.0174,0.0187,0.0214,0.49037,0.03427,0.002424,0.40815,0.471,0.4904,0.5112,0.54813,0.04367,0.00397,0.000281,0.0355,0.041,0.04365,0.04652,0.05051,0.581478,0.0284,0.002008,0.51445,0.56502,0.5822,0.60042,0.63062
63.0,0.414836,0.02803,0.001982,0.36658,0.3965,0.4141,0.4307,0.48184,0.046364,0.00508,0.000359,0.03679,0.0429,0.046,0.05023,0.0569,0.025766,0.00257,0.000182,0.0207,0.02445,0.0259,0.0273,0.0305,0.017143,0.00195,0.000138,0.0135,0.016,0.01705,0.0186,0.0208,0.495891,0.03402,0.002405,0.41398,0.47578,0.49575,0.5169,0.55469,0.042909,0.00406,0.000287,0.03509,0.04038,0.0432,0.0457,0.05021,0.585164,0.02803,0.001982,0.51816,0.5693,0.5859,0.6035,0.63342
63.5,0.41126,0.02758,0.00195,0.36339,0.39278,0.41065,0.42662,0.47703,0.04524,0.00511,0.000361,0.03589,0.042,0.0447,0.049,0.05572,0.025435,0.00258,0.000182,0.02009,0.024,0.02545,0.027,0.0304,0.016884,0.00199,0.000141,0.013,0.0157,0.0169,0.0183,0.02081,0.501183,0.03382,0.002391,0.41959,0.48108,0.50105,0.52218,0.56056,0.042318,0.00413,0.000292,0.03439,0.04,0.0424,0.0449,0.04991,0.58874,0.02758,0.00195,0.52297,0.57338,0.58935,0.60722,0.63661
64.0,0.407742,0.02705,0.001913,0.36029,0.38982,0.40745,0.4229,0.47165,0.044385,0.0052,0.000368,0.0357,0.0408,0.04395,0.0479,0.056,0.024994,0.00254,0.00018,0.02019,0.02348,0.0252,0.02672,0.0295,0.016538,0.00196,0.000138,0.0129,0.0153,0.01655,0.0179,0.0204,0.506341,0.0334,0.002362,0.42625,0.4865,0.5061,0.52742,0.56425,0.041532,0.00407,0.000288,0.03379,0.03918,0.0416,0.0442,0.0492,0.592258,0.02705,0.001913,0.52835,0.5771,0.59255,0.61017,0.63971
64.5,0.404355,0.02662,0.001882,0.35837,0.38672,0.40375,0.41942,0.46685,0.043324,0.00532,0.000376,0.0343,0.0399,0.0427,0.0469,0.05451,0.024513,0.00256,0.000181,0.0196,0.0227,0.0246,0.0261,0.0294,0.016307,0.0019,0.000134,0.0127,0.015,0.01625,0.0177,0.0198,0.5115,0.03298,0.002332,0.43188,0.49208,0.51135,0.53303,0.56877,0.040821,0.004,0.000283,0.0342,0.03818,0.041,0.0435,0.0484,0.595645,0.02662,0.001882,0.53315,0.58058,0.59625,0.61328,0.64163
65.0,0.401041,0.02621,0.001853,0.35595,0.38358,0.4005,0.41628,0.46252,0.042311,0.0053,0.000375,0.03318,0.03888,0.0417,0.04593,0.0536,0.024037,0.00256,0.000181,0.01929,0.0223,0.0242,0.0257,0.0289,0.016098,0.0019,0.000134,0.0126,0.0147,0.0162,0.0173,0.01971,0.516513,0.03267,0.00231,0.43758,0.49738,0.5164,0.53835,0.57255,0.040134,0.00403,0.000285,0.0335,0.0372,0.0402,0.043,0.0475,0.598959,0.02621,0.001853,0.53747,0.58372,0.5995,0.61642,0.64405
65.5,0.397789,0.02577,0.001822,0.35266,0.3807,0.39755,0.41325,0.459,0.041405,0.00523,0.00037,0.0332,0.0377,0.0411,0.0449,0.0523,0.023552,0.00263,0.000186,0.01839,0.0216,0.0237,0.0253,0.0287,0.015752,0.00194,0.000137,0.0123,0.0144,0.0158,0.0169,0.0196,0.521503,0.03234,0.002286,0.44328,0.50268,0.5212,0.5433,0.57677,0.039304,0.00417,0.000295,0.03218,0.0365,0.03915,0.0422,0.0469,0.602211,0.02577,0.001822,0.541,0.58675,0.60245,0.6193,0.64734
66.0,0.394692,0.02531,0.00179,0.35036,0.37818,0.3953,0.40998,0.45451,0.040401,0.00537,0.00038,0.0313,0.0367,0.04005,0.04408,0.05132,0.02309,0.00263,0.000186,0.0184,0.02138,0.02325,0.02472,0.0281,0.015467,0.00189,0.000134,0.012,0.01408,0.0156,0.0168,0.0188,0.526351,0.03199,0.002262,0.44849,0.50755,0.5262,0.54785,0.58056,0.038556,0.00412,0.000291,0.0315,0.036,0.03845,0.04132,0.04601,0.605308,0.02531,0.00179,0.54549,0.59002,0.6047,0.62182,0.64964
66.5,0.391658,0.02486,0.001758,0.34745,0.37578,0.39245,0.40602,0.4498,0.03942,0.00536,0.000379,0.03029,0.0358,0.03915,0.04272,0.05052,0.022634,0.00271,0.000191,0.0175,0.021,0.02265,0.0244,0.02771,0.015162,0.00184,0.00013,0.0119,0.0138,0.0152,0.01662,0.0184,0.531126,0.03163,0.002237,0.45498,0.51207,0.5307,0.5518,0.58532,0.037795,0.00413,0.000292,0.03069,0.03528,0.03775,0.04072,0.0455,0.608342,0.02486,0.001758,0.5502,0.59398,0.60755,0.62422,0.65255
67.0,0.388683,0.02441,0.001726,0.34417,0.3731,0.38905,0.40195,0.44551,0.038503,0.00537,0.000379,0.02959,0.0348,0.0383,0.04192,0.04884,0.022169,0.00276,0.000195,0.01748,0.02027,0.0219,0.0237,0.02791,0.014828,0.00188,0.000133,0.011,0.0135,0.0149,0.01612,0.01821,0.535816,0.03126,0.00221,0.46119,0.51673,0.53545,0.55665,0.58873,0.036997,0.00421,0.000298,0.02979,0.03408,0.0368,0.03972,0.04483,0.611316,0.02441,0.001726,0.55449,0.59805,0.61095,0.6269,0.65583
67.5,0.385825,0.02403,0.001699,0.34178,0.3705,0.3865,0.39915,0.44092,0.037583,0.00536,0.000379,0.02828,0.03398,0.03715,0.04085,0.04801,0.021681,0.00268,0.00019,0.017,0.01967,0.0216,0.02342,0.0274,0.014555,0.00189,0.000134,0.0108,0.0133,0.0146,0.01583,0.0182,0.540357,0.03085,0.002182,0.466,0.52188,0.54025,0.56065,0.59396,0.036236,0.00414,0.000293,0.0291,0.03358,0.0359,0.0392,0.04411,0.614175,0.02403,0.001699,0.55908,0.60085,0.6135,0.6295,0.65822
68.0,0.383056,0.02362,0.00167,0.33979,0.3681,0.38345,0.39612,0.4382,0.036551,0.00533,0.000377,0.02719,0.03298,0.03645,0.0396,0.0477,0.021352,0.00266,0.000188,0.017,0.0194,0.0214,0.02312,0.02652,0.014278,0.00183,0.000129,0.0108,0.0129,0.0144,0.0156,0.0174,0.544762,0.0305,0.002157,0.47195,0.52662,0.5442,0.56492,0.59802,0.03563,0.00412,0.000291,0.0281,0.033,0.03545,0.03825,0.04411,0.616944,0.02362,0.00167,0.5618,0.60388,0.61655,0.6319,0.66021
68.5,0.380355,0.02321,0.001641,0.3377,0.36588,0.3805,0.3932,0.43382,0.035656,0.00538,0.00038,0.02668,0.03178,0.0353,0.0384,0.047,0.020848,0.00262,0.000186,0.01619,0.0189,0.0209,0.0226,0.02611,0.01395,0.00183,0.000129,0.0105,0.0128,0.014,0.0152,0.0173,0.549192,0.03014,0.002131,0.47771,0.5309,0.54865,0.56905,0.60201,0.034797,0.0041,0.00029,0.0274,0.0321,0.03475,0.0374,0.04293,0.619646,0.02321,0.001641,0.56618,0.6068,0.6195,0.63412,0.6623
69.0,0.377645,0.02282,0.001613,0.33588,0.36348,0.3779,0.38982,0.43014,0.034818,0.0053,0.000375,0.02558,0.03118,0.0346,0.0378,0.04581,0.02043,0.00259,0.000183,0.01599,0.01868,0.0205,0.0221,0.026,0.013662,0.00179,0.000126,0.0103,0.0124,0.0139,0.015,0.0168,0.553446,0.02972,0.002102,0.48241,0.5352,0.55285,0.57288,0.60612,0.034092,0.00404,0.000286,0.02749,0.0313,0.034,0.03682,0.04231,0.622356,0.02282,0.001613,0.56986,0.61018,0.6221,0.63652,0.66412
69.5,0.375098,0.02248,0.001589,0.33466,0.36078,0.37535,0.3871,0.42732,0.033938,0.00518,0.000366,0.02468,0.0305,0.03335,0.03692,0.0449,0.01995,0.00262,0.000186,0.0156,0.01808,0.0198,0.0217,0.02482,0.013353,0.00184,0.00013,0.0099,0.0121,0.0133,0.01472,0.01671,0.557662,0.02937,0.002077,0.48741,0.53917,0.5575,0.5769,0.6093,0.033302,0.00414,0.000293,0.02619,0.03038,0.0334,0.03605,0.0422,0.624902,0.02248,0.001589,0.57268,0.6129,0.62465,0.63922,0.66534
70.0,0.372634,0.02211,0.001563,0.33326,0.35855,0.3731,0.38445,0.42391,0.033062,0.00511,0.000361,0.02428,0.02995,0.03265,0.036,0.04324,0.019506,0.00261,0.000184,0.0156,0.0177,0.0194,0.0213,0.02431,0.013078,0.00188,0.000133,0.00979,0.0117,0.013,0.0146,0.01641,0.56172,0.02895,0.002047,0.49231,0.54375,0.56115,0.58035,0.6126,0.032584,0.00412,0.000292,0.0255,0.0293,0.0326,0.03522,0.04072,0.627366,0.02211,0.001563,0.57609,0.61555,0.6269,0.64145,0.66674
70.5,0.370339,0.02175,0.001538,0.33157,0.35622,0.37055,0.38192,0.42092,0.032146,0.00511,0.000361,0.02366,0.029,0.0319,0.03522,0.04204,0.018976,0.0026,0.000184,0.0149,0.0172,0.0189,0.02052,0.02391,0.012744,0.00189,0.000133,0.00959,0.01138,0.0128,0.014,0.0165,0.565794,0.0286,0.002022,0.49769,0.54828,0.56535,0.5845,0.61531,0.03172,0.00413,0.000292,0.02478,0.0287,0.03155,0.03413,0.04002,0.629661,0.02175,0.001538,0.57908,0.61808,0.62945,0.64378,0.66843
71.0,0.368041,0.02145,0.001516,0.32997,0.35388,0.36835,0.38008,0.41812,0.031248,0.00497,0.000351,0.02248,0.028,0.03085,0.03422,0.0411,0.018547,0.00273,0.000193,0.0139,0.0168,0.0184,0.0203,0.02452,0.012399,0.00179,0.000126,0.009,0.0111,0.0123,0.01362,0.0157,0.569766,0.02822,0.001995,0.50384,0.55278,0.5694,0.58815,0.61792,0.030946,0.00413,0.000292,0.02389,0.0281,0.03115,0.03317,0.0399,0.63196,0.02145,0.001516,0.58188,0.61992,0.63165,0.64612,0.67003
71.5,0.365841,0.02114,0.001495,0.32896,0.35148,0.3659,0.3778,0.41504,0.030354,0.00489,0.000346,0.02258,0.027,0.03015,0.03315,0.03991,0.018094,0.00275,0.000194,0.0133,0.0164,0.018,0.0197,0.02391,0.012123,0.00173,0.000123,0.00879,0.0109,0.0122,0.01342,0.0156,0.573588,0.0279,0.001973,0.50837,0.55698,0.57345,0.5916,0.621,0.030218,0.00412,0.000292,0.0231,0.02748,0.0303,0.03278,0.0389,0.634159,0.02114,0.001495,0.58496,0.6222,0.6341,0.64852,0.67104
72.0,0.363647,0.02084,0.001474,0.32646,0.34938,0.36375,0.37562,0.41265,0.029512,0.00475,0.000336,0.0216,0.02618,0.0292,0.03233,0.03904,0.017686,0.00276,0.000195,0.0128,0.01608,0.0173,0.0194,0.02361,0.011827,0.00177,0.000125,0.0088,0.0105,0.012,0.0131,0.01501,0.577327,0.02755,0.001948,0.51373,0.56095,0.5774,0.59518,0.62382,0.029513,0.00418,0.000296,0.0227,0.02688,0.02955,0.03222,0.0384,0.636352,0.02084,0.001474,0.58736,0.62437,0.63625,0.65062,0.67354
72.5,0.361476,0.02049,0.001449,0.32545,0.34735,0.3614,0.37342,0.40906,0.028825,0.00475,0.000336,0.0206,0.02547,0.0287,0.03172,0.03871,0.017208,0.00271,0.000191,0.01258,0.01557,0.01695,0.0189,0.0225,0.0115,0.00172,0.000122,0.0084,0.0103,0.01155,0.0127,0.0147,0.580992,0.0271,0.001916,0.5173,0.56515,0.58105,0.59862,0.62652,0.028708,0.00411,0.000291,0.0217,0.0261,0.0285,0.03102,0.0367,0.638524,0.02049,0.001449,0.59094,0.62658,0.6386,0.65265,0.67455
73.0,0.359448,0.0202,0.001428,0.32423,0.3458,0.35955,0.3711,0.40626,0.028082,0.00469,0.000331,0.02049,0.02468,0.0276,0.03092,0.03791,0.016768,0.00279,0.000197,0.0119,0.01488,0.01665,0.0181,0.0232,0.01117,0.00168,0.000119,0.00819,0.0099,0.0111,0.01232,0.0144,0.584533,0.02681,0.001896,0.5201,0.56925,0.58465,0.60187,0.62971,0.027937,0.00416,0.000294,0.0211,0.0251,0.02755,0.0304,0.03752,0.640551,0.0202,0.001428,0.59374,0.6289,0.64045,0.6542,0.67577
73.5,0.357516,0.0199,0.001407,0.32165,0.344,0.35765,0.36888,0.40368,0.027253,0.00466,0.00033,0.02006,0.0238,0.02695,0.03022,0.03721,0.016347,0.00274,0.000194,0.0116,0.0146,0.0164,0.01763,0.02222,0.01089,0.00166,0.000118,0.0078,0.0096,0.01095,0.0119,0.01401,0.587994,0.02644,0.00187,0.52393,0.57298,0.58815,0.60468,0.63242,0.027237,0.0041,0.00029,0.02028,0.0246,0.02705,0.02942,0.037,0.642484,0.0199,0.001407,0.59633,0.63112,0.64235,0.656,0.67835
74.0,0.35566,0.01959,0.001385,0.32006,0.3426,0.35575,0.36682,0.40009,0.026386,0.00456,0.000322,0.01868,0.02308,0.02605,0.02922,0.03631,0.015992,0.00275,0.000195,0.0112,0.0144,0.01575,0.0175,0.0223,0.010625,0.00166,0.000117,0.0076,0.00947,0.0106,0.0118,0.0137,0.591336,0.02605,0.001842,0.52892,0.57665,0.59135,0.60765,0.63552,0.026618,0.00412,0.000291,0.01919,0.0239,0.0265,0.029,0.03561,0.64434,0.01959,0.001385,0.59991,0.63318,0.64425,0.6574,0.67994
74.5,0.353826,0.0193,0.001365,0.31869,0.34068,0.3538,0.3647,0.39692,0.025618,0.00442,0.000313,0.0184,0.0224,0.02525,0.02833,0.036,0.015594,0.00276,0.000195,0.0109,0.0139,0.0155,0.0172,0.0222,0.010354,0.00165,0.000117,0.0073,0.0092,0.0104,0.0115,0.0132,0.594609,0.02567,0.001815,0.53469,0.57997,0.5947,0.6106,0.63902,0.025947,0.0041,0.00029,0.01869,0.02328,0.0257,0.0284,0.0349,0.646174,0.0193,0.001365,0.60308,0.6353,0.6462,0.65932,0.68131
75.0,0.352062,0.01898,0.001342,0.31779,0.33955,0.3519,0.36295,0.39461,0.024871,0.00441,0.000312,0.01779,0.022,0.0246,0.0274,0.03471,0.015237,0.0027,0.000191,0.01059,0.0135,0.015,0.0168,0.0218,0.010062,0.00159,0.000112,0.0071,0.00888,0.01,0.01113,0.0132,0.59777,0.02523,0.001784,0.53946,0.58432,0.59785,0.61375,0.64212,0.025298,0.00397,0.000281,0.0181,0.0227,0.02505,0.02762,0.03411,0.647939,0.01898,0.001342,0.60539,0.63705,0.6481,0.66045,0.68221
75.5,0.350337,0.01874,0.001325,0.31727,0.33815,0.3503,0.36092,0.393,0.024192,0.00439,0.00031,0.0173,0.021,0.02385,0.0268,0.0338,0.014838,0.00262,0.000185,0.0105,0.0132,0.0146,0.01643,0.02081,0.009804,0.00159,0.000112,0.0069,0.0086,0.0098,0.0108,0.013,0.60083,0.02487,0.001759,0.54299,0.58775,0.6004,0.617,0.64414,0.024642,0.0039,0.000276,0.018,0.0222,0.0243,0.0271,0.03292,0.649663,0.01874,0.001325,0.607,0.63908,0.6497,0.66185,0.68273
76.0,0.348662,0.01849,0.001307,0.31616,0.33665,0.34855,0.35952,0.38964,0.023492,0.00434,0.000307,0.01647,0.0203,0.02325,0.0263,0.03321,0.014405,0.00253,0.000179,0.0101,0.0128,0.0143,0.016,0.02002,0.009548,0.00159,0.000112,0.0067,0.0085,0.0095,0.01072,0.0123,0.603893,0.02448,0.001731,0.54733,0.59138,0.6032,0.61922,0.64683,0.023954,0.00383,0.000271,0.0176,0.02168,0.02365,0.0265,0.0323,0.651338,0.01849,0.001307,0.61036,0.64048,0.65145,0.66335,0.68384
76.5,0.347018,0.01825,0.001291,0.31525,0.33498,0.3466,0.35773,0.38745,0.022788,0.0043,0.000304,0.01579,0.0199,0.0223,0.0253,0.0326,0.014108,0.00249,0.000176,0.0099,0.0124,0.01405,0.01543,0.01971,0.009344,0.00157,0.000111,0.0066,0.00827,0.0094,0.0105,0.01211,0.606742,0.02416,0.001708,0.55104,0.59432,0.60605,0.62175,0.64971,0.023452,0.00378,0.000267,0.0169,0.0212,0.0231,0.0258,0.03141,0.652982,0.01825,0.001291,0.61255,0.64227,0.6534,0.66502,0.68475
77.0,0.345435,0.01802,0.001274,0.31511,0.33318,0.34465,0.35628,0.38468,0.022139,0.00419,0.000296,0.0151,0.01938,0.0216,0.02462,0.03181,0.013737,0.00252,0.000178,0.0095,0.0121,0.01365,0.0152,0.01971,0.009065,0.00158,0.000112,0.00619,0.008,0.0091,0.0101,0.01211,0.609626,0.02377,0.001681,0.55398,0.59675,0.60945,0.62395,0.65161,0.022801,0.00382,0.00027,0.01619,0.02027,0.0226,0.02522,0.0318,0.654565,0.01802,0.001274,0.61532,0.64372,0.65535,0.66682,0.68489
77.5,0.343929,0.01777,0.001257,0.31458,0.33215,0.343,0.3543,0.38217,0.021484,0.00419,0.000297,0.01449,0.01868,0.02105,0.02402,0.0309,0.013316,0.00245,0.000173,0.0092,0.01178,0.0131,0.0147,0.01882,0.008804,0.00155,0.000109,0.0059,0.00788,0.00875,0.0098,0.0118,0.612467,0.0234,0.001655,0.55795,0.5999,0.6124,0.62682,0.65382,0.02212,0.00371,0.000262,0.0154,0.01985,0.0218,0.0246,0.03061,0.656071,0.01777,0.001257,0.61783,0.6457,0.657,0.66785,0.68542
78.0,0.342443,0.01757,0.001242,0.31358,0.33098,0.34175,0.35265,0.37996,0.020862,0.0041,0.00029,0.01426,0.0181,0.0206,0.0235,0.03011,0.012939,0.0024,0.00017,0.009,0.0113,0.0127,0.0145,0.0185,0.008524,0.00155,0.000109,0.0056,0.0074,0.0084,0.0094,0.01142,0.615232,0.02303,0.001629,0.56144,0.6025,0.61535,0.62985,0.65623,0.021464,0.00365,0.000258,0.01549,0.01897,0.021,0.02375,0.0299,0.657557,0.01757,0.001242,0.62004,0.64735,0.65825,0.66903,0.68642
78.5,0.341088,0.01736,0.001228,0.31307,0.33002,0.3405,0.3513,0.37784,0.020199,0.00402,0.000284,0.01396,0.01737,0.01975,0.0228,0.02941,0.012533,0.00238,0.000168,0.0088,0.0107,0.0122,0.014,0.01791,0.008284,0.00154,0.000109,0.0055,0.0072,0.00825,0.0092,0.01152,0.617896,0.02269,0.001604,0.56485,0.60567,0.61745,0.63282,0.65794,0.020817,0.00359,0.000254,0.0153,0.0183,0.0206,0.02305,0.02843,0.658912,0.01736,0.001228,0.62216,0.6487,0.6595,0.66998,0.68693
79.0,0.339768,0.01714,0.001212,0.31225,0.32885,0.3394,0.35,0.37534,0.019574,0.00393,0.000278,0.01336,0.0169,0.01915,0.02222,0.02881,0.012122,0.00238,0.000168,0.0084,0.0104,0.012,0.01342,0.0179,0.008083,0.00152,0.000107,0.0055,0.007,0.008,0.009,0.01132,0.620453,0.02237,0.001582,0.56755,0.6084,0.62,0.63485,0.65985,0.020205,0.00358,0.000253,0.0148,0.01778,0.02,0.0226,0.02791,0.660232,0.01714,0.001212,0.62466,0.65,0.6606,0.67115,0.68775
79.5,0.338479,0.01692,0.001196,0.31117,0.32758,0.33785,0.34915,0.37332,0.018935,0.0039,0.000276,0.01296,0.0162,0.01865,0.0214,0.02772,0.011795,0.00229,0.000162,0.00819,0.0103,0.0115,0.01302,0.01711,0.007826,0.00151,0.000107,0.0053,0.0068,0.0078,0.0088,0.01111,0.622964,0.02204,0.001558,0.57009,0.61112,0.6222,0.63722,0.66146,0.019622,0.00349,0.000247,0.0138,0.01727,0.01935,0.0219,0.02671,0.661521,0.01692,0.001196,0.62668,0.65085,0.66215,0.67242,0.68883
80.0,0.337196,0.0167,0.001181,0.31017,0.32612,0.3366,0.34765,0.37062,0.018408,0.00384,0.000271,0.01218,0.0157,0.01815,0.0206,0.02694,0.011484,0.00223,0.000158,0.0079,0.0099,0.01125,0.01272,0.0167,0.007562,0.00151,0.000107,0.005,0.0066,0.0074,0.0083,0.01061,0.62535,0.02174,0.001537,0.57474,0.61325,0.62435,0.63978,0.66394,0.019047,0.00344,0.000243,0.01359,0.0167,0.01875,0.0212,0.0266,0.662805,0.0167,0.001181,0.62938,0.65235,0.6634,0.67388,0.68983
80.5,0.335971,0.01646,0.001164,0.30869,0.32508,0.33535,0.34642,0.36791,0.017803,0.00378,0.000267,0.01176,0.0152,0.0175,0.0203,0.02613,0.011208,0.00215,0.000152,0.0079,0.00968,0.0111,0.01262,0.01611,0.007341,0.00154,0.000109,0.0047,0.0063,0.0072,0.00823,0.01061,0.627678,0.02138,0.001512,0.57737,0.61568,0.62705,0.64193,0.66534,0.018548,0.00339,0.000239,0.01339,0.0162,0.0186,0.02065,0.026,0.664029,0.01646,0.001164,0.63209,0.65358,0.66465,0.67492,0.69131
81.0,0.33476,0.01626,0.00115,0.3073,0.32408,0.33415,0.34502,0.36552,0.017266,0.00371,0.000262,0.01097,0.0146,0.0168,0.01983,0.0255,0.010901,0.00206,0.000146,0.0073,0.00955,0.01065,0.0123,0.0153,0.007142,0.00152,0.000108,0.0045,0.0061,0.00695,0.0081,0.0105,0.629932,0.02106,0.001489,0.57969,0.6175,0.6298,0.6446,0.66713,0.018043,0.00329,0.000233,0.0126,0.01567,0.01785,0.02002,0.02541,0.66524,0.01626,0.00115,0.63448,0.65498,0.66585,0.67592,0.6927
81.5,0.333598,0.01609,0.001138,0.30621,0.32308,0.3331,0.34402,0.3641,0.016736,0.00364,0.000257,0.0095,0.0142,0.01615,0.0191,0.02502,0.010576,0.00207,0.000146,0.0068,0.0091,0.0105,0.012,0.0145,0.006964,0.00151,0.000107,0.0044,0.0059,0.0068,0.00793,0.0102,0.632125,0.02075,0.001467,0.58259,0.62055,0.63195,0.6466,0.66833,0.01754,0.00326,0.000231,0.01209,0.0152,0.0173,0.01962,0.0242,0.666401,0.01609,0.001138,0.6359,0.65598,0.6669,0.67692,0.69379
82.0,0.332495,0.01594,0.001127,0.30521,0.3221,0.33165,0.34252,0.3619,0.016219,0.00355,0.000251,0.00939,0.0137,0.01575,0.01862,0.02461,0.010249,0.00204,0.000144,0.0068,0.0089,0.0102,0.0116,0.0143,0.006737,0.00148,0.000104,0.00419,0.0058,0.0066,0.0077,0.01,0.6343,0.02042,0.001444,0.58626,0.62318,0.63405,0.64845,0.67012,0.016985,0.0032,0.000227,0.01199,0.0148,0.0168,0.01933,0.0234,0.667504,0.01594,0.001127,0.6381,0.65748,0.66835,0.6779,0.69479
82.5,0.331472,0.01582,0.001119,0.30421,0.32102,0.33065,0.34155,0.3607,0.015677,0.00342,0.000242,0.0094,0.0132,0.0152,0.018,0.02311,0.009972,0.00201,0.000142,0.0065,0.0086,0.00975,0.0113,0.014,0.006498,0.00145,0.000103,0.0039,0.00548,0.0063,0.00742,0.0096,0.636382,0.02017,0.001426,0.58866,0.62532,0.63665,0.65025,0.6717,0.016469,0.00317,0.000224,0.0113,0.0143,0.0163,0.01862,0.0235,0.668529,0.01582,0.001119,0.6393,0.65845,0.66935,0.67897,0.69579
83.0,0.330447,0.01565,0.001107,0.30312,0.32012,0.32965,0.3403,0.359,0.01517,0.00334,0.000236,0.009,0.01278,0.0149,0.01722,0.0229,0.009653,0.00187,0.000132,0.0066,0.0084,0.0095,0.0109,0.01351,0.006304,0.00144,0.000102,0.0038,0.0053,0.0062,0.0073,0.0092,0.638426,0.01985,0.001404,0.59127,0.62755,0.63855,0.65217,0.67291,0.015958,0.00305,0.000216,0.0112,0.01398,0.016,0.01792,0.02251,0.669554,0.01565,0.001107,0.641,0.6597,0.67035,0.67987,0.69688
83.5,0.329422,0.01548,0.001094,0.30213,0.3191,0.32865,0.33938,0.35758,0.014676,0.00326,0.000231,0.00928,0.01237,0.01435,0.01672,0.02241,0.009343,0.00189,0.000133,0.0064,0.0079,0.00935,0.0105,0.0133,0.006092,0.00139,9.8e-5,0.0036,0.0051,0.006,0.0069,0.0092,0.640467,0.01962,0.001387,0.59434,0.62942,0.64055,0.65432,0.67422,0.015435,0.00303,0.000214,0.0104,0.01338,0.01535,0.01732,0.02192,0.670578,0.01548,0.001094,0.64241,0.66062,0.67135,0.6809,0.69787
84.0,0.328468,0.01533,0.001084,0.30134,0.3183,0.3276,0.339,0.35598,0.014164,0.00321,0.000227,0.00879,0.01188,0.0138,0.01615,0.02141,0.009098,0.00185,0.000131,0.0062,0.0078,0.0091,0.01023,0.01311,0.005924,0.00135,9.6e-5,0.0035,0.005,0.0058,0.0067,0.0089,0.642346,0.01936,0.001369,0.59701,0.63122,0.6427,0.6555,0.67562,0.015023,0.00295,0.000208,0.01,0.0131,0.01485,0.0169,0.0211,0.671532,0.01533,0.001084,0.64402,0.661,0.6724,0.6817,0.69866
84.5,0.327536,0.01521,0.001075,0.30036,0.3175,0.3268,0.3378,0.354,0.013676,0.00306,0.000216,0.00819,0.0115,0.0133,0.01552,0.0208,0.008854,0.00181,0.000128,0.0059,0.0075,0.0088,0.01,0.0129,0.005752,0.00139,9.8e-5,0.0033,0.00488,0.0056,0.00662,0.00861,0.644183,0.01913,0.001353,0.59922,0.63318,0.6441,0.657,0.67731,0.014606,0.00297,0.00021,0.0092,0.0124,0.0144,0.0165,0.0207,0.672464,0.01521,0.001075,0.646,0.6622,0.6732,0.6825,0.69964
85.0,0.326601,0.01507,0.001066,0.29976,0.31668,0.326,0.33692,0.3529,0.013234,0.00301,0.000213,0.00789,0.0111,0.0128,0.0149,0.0203,0.008605,0.00182,0.000129,0.0058,0.00718,0.0086,0.00962,0.0127,0.005613,0.00138,9.8e-5,0.0031,0.00468,0.0055,0.0066,0.00831,0.645946,0.01896,0.001341,0.6022,0.6352,0.6461,0.6584,0.67922,0.014218,0.00297,0.00021,0.00919,0.01198,0.01405,0.016,0.0205,0.673399,0.01507,0.001066,0.64711,0.66308,0.674,0.68332,0.70024
85.5,0.325698,0.01496,0.001058,0.29875,0.3159,0.3253,0.33563,0.35199,0.012872,0.00293,0.000207,0.00809,0.011,0.0125,0.01458,0.01941,0.008329,0.00176,0.000125,0.00569,0.007,0.0084,0.0093,0.01221,0.005443,0.00135,9.6e-5,0.0029,0.00458,0.0053,0.0064,0.00811,0.647658,0.01868,0.001321,0.60559,0.63738,0.64785,0.6599,0.68111,0.013772,0.00287,0.000203,0.0088,0.01157,0.0137,0.0155,0.0202,0.674303,0.01496,0.001058,0.64801,0.66438,0.6747,0.6841,0.70125
86.0,0.324836,0.01484,0.001049,0.29823,0.31498,0.3246,0.33428,0.35117,0.012486,0.00278,0.000197,0.00749,0.0106,0.0121,0.01412,0.01841,0.008047,0.00174,0.000123,0.0054,0.0068,0.008,0.00922,0.01181,0.005289,0.00133,9.4e-5,0.00309,0.0043,0.0052,0.0062,0.008,0.649343,0.01843,0.001303,0.60916,0.63915,0.64925,0.66118,0.68212,0.013335,0.00285,0.000201,0.00839,0.01118,0.01315,0.0152,0.01921,0.675164,0.01484,0.001049,0.64883,0.66572,0.6754,0.68502,0.70176
86.5,0.324024,0.01468,0.001038,0.29793,0.3143,0.32355,0.3335,0.35017,0.012065,0.00279,0.000197,0.007,0.0102,0.0118,0.01385,0.01773,0.00779,0.00172,0.000122,0.005,0.0065,0.0076,0.0089,0.01151,0.005152,0.00128,9.0e-5,0.0029,0.0042,0.00505,0.0059,0.0079,0.650969,0.01819,0.001286,0.61186,0.64062,0.6508,0.66272,0.68254,0.012941,0.00276,0.000195,0.00868,0.0109,0.0126,0.01492,0.0186,0.675976,0.01468,0.001038,0.64984,0.6665,0.67645,0.6857,0.70207
87.0,0.323268,0.01463,0.001035,0.29685,0.3135,0.32275,0.33305,0.34975,0.01164,0.0027,0.000191,0.0065,0.0099,0.0113,0.0133,0.01693,0.007544,0.00167,0.000118,0.005,0.0064,0.0074,0.0086,0.01121,0.005021,0.00125,8.8e-5,0.0029,0.0041,0.0048,0.0058,0.008,0.652526,0.01796,0.00127,0.61493,0.64215,0.65265,0.6642,0.68294,0.012565,0.00268,0.00019,0.00847,0.01088,0.01235,0.0144,0.01811,0.676731,0.01463,0.001035,0.65025,0.66695,0.67725,0.6865,0.70315
87.5,0.322493,0.01447,0.001023,0.29606,0.31278,0.3222,0.3325,0.34911,0.011313,0.00269,0.00019,0.0063,0.0096,0.011,0.0129,0.01741,0.007299,0.00166,0.000117,0.00479,0.0061,0.0071,0.0084,0.01081,0.004828,0.00122,8.6e-5,0.0027,0.004,0.0047,0.0055,0.00751,0.654068,0.01777,0.001256,0.61672,0.64368,0.6544,0.66565,0.68348,0.012126,0.00265,0.000187,0.00798,0.01037,0.0118,0.0138,0.0177,0.677507,0.01447,0.001023,0.65089,0.6675,0.6778,0.68723,0.70394
88.0,0.321742,0.01437,0.001016,0.29517,0.312,0.3215,0.3312,0.34732,0.010987,0.00263,0.000186,0.0064,0.00938,0.0106,0.01235,0.017,0.007026,0.00162,0.000115,0.0045,0.006,0.007,0.0079,0.01071,0.004706,0.00119,8.4e-5,0.0026,0.0039,0.0046,0.00532,0.0075,0.65554,0.01754,0.001241,0.61903,0.64522,0.65585,0.66672,0.68429,0.011732,0.00261,0.000185,0.00768,0.01,0.0115,0.01322,0.01751,0.678258,0.01437,0.001016,0.65268,0.6688,0.6785,0.688,0.70483
88.5,0.321048,0.01422,0.001005,0.29467,0.3114,0.32085,0.33015,0.34614,0.010602,0.00256,0.000181,0.006,0.0089,0.0102,0.0121,0.01651,0.00683,0.00162,0.000115,0.0043,0.0057,0.00675,0.0078,0.01031,0.004552,0.00116,8.2e-5,0.0025,0.0038,0.0045,0.0052,0.0072,0.656967,0.01733,0.001225,0.62133,0.6465,0.6571,0.6681,0.68558,0.011382,0.00259,0.000183,0.0074,0.00968,0.0111,0.01285,0.0173,0.678951,0.01422,0.001005,0.65386,0.66985,0.67915,0.6886,0.70533
89.0,0.320348,0.01409,0.000997,0.29417,0.3107,0.32015,0.32908,0.34495,0.010277,0.00251,0.000177,0.00599,0.0086,0.01,0.0118,0.01592,0.006588,0.00162,0.000115,0.0038,0.0054,0.0065,0.0076,0.0101,0.004421,0.0011,7.8e-5,0.0027,0.00368,0.0043,0.00502,0.0068,0.658367,0.01715,0.001212,0.62354,0.64807,0.65855,0.6695,0.68776,0.011008,0.00253,0.000179,0.0069,0.00927,0.0108,0.0125,0.01671,0.679652,0.01409,0.000997,0.65505,0.67093,0.67985,0.6893,0.70583
89.5,0.319666,0.01399,0.000989,0.29386,0.31008,0.31955,0.3283,0.34444,0.009977,0.00243,0.000172,0.00589,0.0083,0.0098,0.0113,0.01541,0.006394,0.00159,0.000112,0.0037,0.0052,0.0063,0.0074,0.00981,0.00425,0.00109,7.7e-5,0.0025,0.0036,0.0041,0.0048,0.0067,0.659712,0.01688,0.001193,0.62594,0.6493,0.65985,0.6705,0.68868,0.010644,0.00249,0.000176,0.0067,0.009,0.01035,0.01202,0.0162,0.680334,0.01399,0.000989,0.65556,0.6717,0.68045,0.68992,0.70614
90.0,0.31904,0.01388,0.000982,0.29347,0.30958,0.3187,0.32765,0.34307,0.00965,0.00238,0.000168,0.00559,0.00807,0.0094,0.011,0.0148,0.006166,0.00153,0.000108,0.0036,0.005,0.0061,0.0071,0.00961,0.004115,0.00106,7.5e-5,0.0024,0.0035,0.00395,0.0047,0.0064,0.66103,0.01672,0.001182,0.62795,0.65117,0.6615,0.67178,0.68958,0.010281,0.00241,0.000171,0.0066,0.0087,0.0099,0.0117,0.01601,0.68096,0.01388,0.000982,0.65693,0.67235,0.6813,0.69042,0.70653
90.5,0.318418,0.01377,0.000973,0.29308,0.30888,0.3181,0.3269,0.34208,0.009341,0.00232,0.000164,0.0051,0.00788,0.00915,0.0106,0.01411,0.005973,0.00149,0.000105,0.0032,0.00488,0.00585,0.0069,0.0092,0.003958,0.00101,7.1e-5,0.0023,0.0033,0.0039,0.0045,0.0063,0.662311,0.01653,0.001169,0.63044,0.65245,0.66285,0.6731,0.69077,0.00993,0.00231,0.000164,0.00609,0.0083,0.0097,0.01122,0.0154,0.681581,0.01377,0.000973,0.65792,0.6731,0.6819,0.69112,0.70692
91.0,0.317849,0.01368,0.000967,0.29228,0.3084,0.3174,0.3265,0.34129,0.008987,0.00227,0.000161,0.005,0.00748,0.00885,0.0102,0.01391,0.005797,0.00143,0.000101,0.00349,0.0048,0.0057,0.0066,0.0088,0.003846,0.00097,6.8e-5,0.002,0.0032,0.0038,0.0043,0.00611,0.663522,0.01638,0.001158,0.63234,0.65322,0.6642,0.6742,0.69176,0.009642,0.00223,0.000158,0.0061,0.00827,0.0094,0.01092,0.0146,0.682151,0.01368,0.000967,0.65871,0.6735,0.6826,0.6916,0.70772
91.5,0.317301,0.01358,0.00096,0.29198,0.30795,0.31695,0.32598,0.34079,0.008665,0.00222,0.000157,0.0051,0.0071,0.00845,0.00993,0.01342,0.005592,0.00139,9.8e-5,0.00329,0.0046,0.0055,0.0064,0.00822,0.003714,0.00092,6.5e-5,0.00209,0.0031,0.0036,0.0043,0.0057,0.664728,0.01616,0.001143,0.635,0.65468,0.6655,0.67528,0.69305,0.009306,0.00216,0.000153,0.0059,0.00788,0.0091,0.01042,0.01411,0.682699,0.01358,0.00096,0.65921,0.67402,0.68305,0.69205,0.70802
92.0,0.316747,0.01347,0.000953,0.29167,0.30758,0.3164,0.32527,0.34029,0.008358,0.00215,0.000152,0.00489,0.0069,0.0082,0.0095,0.0135,0.005452,0.0014,9.9e-5,0.00339,0.0045,0.0054,0.00612,0.00851,0.003581,0.00094,6.6e-5,0.002,0.0029,0.0034,0.0042,0.0057,0.665862,0.01599,0.001131,0.6371,0.65605,0.6667,0.67635,0.69424,0.009033,0.00218,0.000154,0.0056,0.00758,0.0089,0.01023,0.01372,0.683253,0.01347,0.000953,0.65971,0.67472,0.6836,0.69242,0.70833
92.5,0.316184,0.0134,0.000947,0.29157,0.30717,0.3156,0.32452,0.3398,0.008102,0.00211,0.00015,0.00459,0.0068,0.0078,0.0093,0.01282,0.005257,0.00136,9.6e-5,0.00309,0.0043,0.0052,0.0059,0.0082,0.003462,0.00092,6.5e-5,0.0021,0.0028,0.0033,0.004,0.0056,0.666994,0.01581,0.001118,0.63882,0.65775,0.66795,0.67755,0.69523,0.00872,0.00212,0.00015,0.0053,0.0072,0.0084,0.0098,0.01361,0.683816,0.0134,0.000947,0.6602,0.67548,0.6844,0.69282,0.70843
93.0,0.315654,0.01327,0.000938,0.29117,0.30692,0.3149,0.32365,0.339,0.007835,0.00213,0.00015,0.0041,0.00648,0.0076,0.00913,0.01233,0.005088,0.00133,9.4e-5,0.0029,0.0042,0.0049,0.0057,0.008,0.003351,0.0009,6.4e-5,0.0019,0.0027,0.0031,0.0039,0.0055,0.66807,0.01564,0.001106,0.64024,0.65885,0.6692,0.67835,0.69642,0.00844,0.00207,0.000146,0.0053,0.007,0.008,0.0097,0.01271,0.684346,0.01327,0.000938,0.661,0.67635,0.6851,0.69307,0.70883
93.5,0.31515,0.01318,0.000932,0.29077,0.30645,0.31445,0.32322,0.33832,0.007546,0.00203,0.000144,0.0041,0.00628,0.0073,0.0089,0.01191,0.00495,0.00133,9.4e-5,0.0028,0.004,0.0048,0.0057,0.0079,0.003238,0.00092,6.5e-5,0.0019,0.0027,0.0031,0.00372,0.0055,0.669117,0.01552,0.001097,0.64126,0.65958,0.67065,0.67945,0.6979,0.008188,0.0021,0.000148,0.0048,0.0068,0.0078,0.0094,0.01291,0.68485,0.01318,0.000932,0.66168,0.67677,0.68555,0.69355,0.70923
94.0,0.314658,0.01309,0.000926,0.29067,0.30605,0.31365,0.32302,0.33811,0.007275,0.00199,0.000141,0.00409,0.006,0.007,0.0084,0.01132,0.0048,0.00132,9.3e-5,0.0025,0.0039,0.0047,0.00542,0.0078,0.003142,0.00093,6.6e-5,0.0016,0.0025,0.003,0.0036,0.0054,0.670126,0.01539,0.001088,0.64219,0.66052,0.67115,0.68042,0.69841,0.007942,0.00208,0.000147,0.0045,0.0066,0.0076,0.0091,0.0131,0.685342,0.01309,0.000926,0.66189,0.67698,0.68635,0.69395,0.70933
94.5,0.314188,0.01304,0.000922,0.29046,0.3055,0.3133,0.32242,0.33771,0.007027,0.00192,0.000135,0.0039,0.0058,0.0067,0.0081,0.01082,0.004654,0.00131,9.2e-5,0.0026,0.0038,0.00455,0.0053,0.0075,0.003048,0.00091,6.4e-5,0.00169,0.0024,0.003,0.0035,0.0051,0.671082,0.01519,0.001074,0.64329,0.6617,0.67225,0.68122,0.6993,0.007703,0.00204,0.000144,0.0043,0.00628,0.0075,0.0087,0.0122,0.685812,0.01304,0.000922,0.66229,0.67758,0.6867,0.6945,0.70954
95.0,0.313762,0.01298,0.000918,0.29036,0.3051,0.3131,0.32185,0.33712,0.006758,0.00187,0.000133,0.004,0.00548,0.0065,0.0077,0.01081,0.004505,0.00127,9.0e-5,0.0025,0.0037,0.0044,0.00512,0.00741,0.002965,0.00088,6.2e-5,0.0015,0.0024,0.0029,0.0034,0.005,0.67201,0.01504,0.001063,0.64424,0.66255,0.6729,0.68215,0.7002,0.00747,0.00197,0.000139,0.0043,0.0061,0.00725,0.00853,0.01163,0.686239,0.01298,0.000918,0.66288,0.67815,0.6869,0.6949,0.70964
95.5,0.313307,0.01291,0.000913,0.28967,0.30498,0.31265,0.32137,0.33662,0.006537,0.00184,0.00013,0.0037,0.0052,0.00635,0.0076,0.01081,0.004373,0.00125,8.8e-5,0.0025,0.0036,0.0043,0.005,0.00731,0.002852,0.00085,6.0e-5,0.0014,0.0023,0.0028,0.0033,0.0049,0.672931,0.01492,0.001055,0.64556,0.66335,0.6738,0.683,0.70101,0.007224,0.0019,0.000134,0.0043,0.0059,0.007,0.0082,0.01153,0.686693,0.01291,0.000913,0.66338,0.67862,0.68735,0.69502,0.71033
96.0,0.312859,0.01285,0.000908,0.28928,0.30455,0.31235,0.3211,0.33641,0.00635,0.0018,0.000127,0.0035,0.00508,0.0061,0.00732,0.0107,0.00425,0.00122,8.6e-5,0.0023,0.0034,0.00415,0.0049,0.00721,0.00277,0.00084,6.0e-5,0.0013,0.0022,0.0027,0.0032,0.0047,0.67377,0.01477,0.001044,0.64687,0.66408,0.67475,0.68375,0.70122,0.007021,0.00187,0.000132,0.0042,0.0057,0.00675,0.0079,0.0118,0.687141,0.01285,0.000908,0.66359,0.6789,0.68765,0.69545,0.71072
96.5,0.312462,0.0128,0.000905,0.28917,0.30428,0.3119,0.32065,0.3362,0.006148,0.00174,0.000123,0.0033,0.005,0.006,0.00722,0.0105,0.004088,0.00119,8.4e-5,0.0021,0.00327,0.004,0.0047,0.0069,0.002666,0.00083,5.9e-5,0.0013,0.0021,0.0025,0.0031,0.0047,0.674636,0.01462,0.001034,0.64817,0.66532,0.67535,0.68462,0.70191,0.006754,0.00181,0.000128,0.0042,0.0055,0.0065,0.00773,0.01091,0.687537,0.0128,0.000905,0.6638,0.67935,0.6881,0.69572,0.71083
97.0,0.312066,0.01273,0.0009,0.28887,0.30368,0.3116,0.32032,0.33588,0.005916,0.00169,0.00012,0.0032,0.0047,0.0057,0.00682,0.00981,0.003962,0.00116,8.2e-5,0.00209,0.0032,0.0038,0.0047,0.0065,0.002576,0.00082,5.8e-5,0.0012,0.002,0.0025,0.003,0.0047,0.67548,0.01448,0.001024,0.64909,0.66667,0.67605,0.68512,0.70281,0.006538,0.00178,0.000126,0.0039,0.0054,0.0064,0.0075,0.011,0.687933,0.01273,0.0009,0.66412,0.67968,0.6884,0.69633,0.71113
97.5,0.311674,0.01267,0.000896,0.28838,0.30298,0.311,0.32002,0.33557,0.005715,0.00163,0.000115,0.0032,0.0046,0.0055,0.0067,0.0094,0.003813,0.00115,8.1e-5,0.0021,0.00298,0.0037,0.0045,0.0062,0.002497,0.00079,5.6e-5,0.0011,0.002,0.00235,0.00292,0.0044,0.676301,0.01436,0.001015,0.6499,0.6672,0.67695,0.68572,0.70341,0.00631,0.00175,0.000124,0.0035,0.0051,0.00615,0.0074,0.01032,0.688326,0.01267,0.000896,0.66443,0.67998,0.689,0.69702,0.71162
98.0,0.311292,0.01264,0.000894,0.28828,0.3025,0.3106,0.31948,0.33516,0.00551,0.00158,0.000111,0.0029,0.00438,0.0053,0.00632,0.0089,0.00369,0.00114,8.1e-5,0.002,0.0028,0.00355,0.00432,0.0061,0.002401,0.00076,5.4e-5,0.001,0.0019,0.0023,0.0028,0.0041,0.677106,0.01423,0.001006,0.65108,0.66798,0.6777,0.68675,0.70391,0.006091,0.00173,0.000122,0.00319,0.005,0.0059,0.00702,0.01002,0.688708,0.01264,0.000894,0.66485,0.68052,0.6894,0.6975,0.71172
98.5,0.310922,0.01258,0.00089,0.28788,0.30232,0.31015,0.31892,0.33464,0.005343,0.00156,0.00011,0.0027,0.00438,0.0052,0.0061,0.00871,0.003598,0.00114,8.1e-5,0.0018,0.0028,0.0035,0.0043,0.006,0.002304,0.00075,5.3e-5,0.0011,0.0018,0.0023,0.00272,0.0039,0.677834,0.01413,0.000999,0.65148,0.66865,0.6786,0.68735,0.70441,0.005902,0.00171,0.000121,0.003,0.0048,0.0057,0.0068,0.00951,0.689078,0.01258,0.00089,0.66535,0.68108,0.68985,0.69768,0.71212
99.0,0.310595,0.01254,0.000887,0.28768,0.30195,0.3099,0.31845,0.33415,0.005144,0.00154,0.000109,0.0027,0.0041,0.0049,0.00592,0.00841,0.003476,0.00111,7.9e-5,0.0016,0.0027,0.0034,0.0041,0.0058,0.002232,0.00073,5.2e-5,0.001,0.0017,0.0022,0.0026,0.0041,0.678552,0.014,0.00099,0.65306,0.66938,0.6791,0.68798,0.70472,0.005709,0.00168,0.000119,0.0028,0.00458,0.0055,0.0066,0.00961,0.689405,0.01254,0.000887,0.66585,0.68155,0.6901,0.69805,0.71232
99.5,0.31027,0.0125,0.000884,0.28689,0.3017,0.3096,0.31825,0.33345,0.004945,0.00152,0.000108,0.0025,0.0039,0.00475,0.0057,0.0086,0.003371,0.00109,7.7e-5,0.0015,0.0026,0.0032,0.0039,0.0059,0.00219,0.00072,5.1e-5,0.001,0.0017,0.0021,0.0026,0.0039,0.679223,0.01389,0.000982,0.65396,0.67005,0.6797,0.68872,0.70531,0.005562,0.00164,0.000116,0.00279,0.0045,0.00545,0.0064,0.0095,0.68973,0.0125,0.000884,0.66655,0.68175,0.6904,0.6983,0.71311
100.0,0.309954,0.01246,0.000881,0.2866,0.3014,0.30905,0.31785,0.33255,0.004746,0.00146,0.000104,0.0025,0.0038,0.0046,0.0055,0.0082,0.003274,0.00105,7.4e-5,0.00149,0.0026,0.0031,0.00382,0.0054,0.002118,0.0007,5.0e-5,0.0009,0.0016,0.002,0.0025,0.00361,0.679909,0.01377,0.000974,0.65457,0.67113,0.68005,0.68925,0.7058,0.005391,0.00158,0.000112,0.00298,0.0043,0.0052,0.0062,0.00882,0.690046,0.01246,0.000881,0.66745,0.68215,0.69095,0.6986,0.7134
100.5,0.309652,0.01245,0.00088,0.2862,0.30115,0.3088,0.31762,0.33244,0.004589,0.0014,9.9e-5,0.0025,0.0036,0.0045,0.0053,0.008,0.003157,0.00105,7.4e-5,0.0013,0.0025,0.003,0.0037,0.0056,0.002013,0.00067,4.7e-5,0.0009,0.00158,0.0019,0.00242,0.0037,0.68059,0.01369,0.000968,0.65565,0.67165,0.68065,0.68982,0.706,0.00517,0.00155,0.00011,0.00269,0.0041,0.005,0.0059,0.009,0.690348,0.01245,0.00088,0.66756,0.68238,0.6912,0.69885,0.7138
101.0,0.309361,0.01241,0.000877,0.28599,0.30075,0.30855,0.31738,0.33193,0.004427,0.00137,9.7e-5,0.0023,0.0035,0.0043,0.00512,0.00761,0.00303,0.001,7.1e-5,0.0013,0.0025,0.0029,0.0035,0.0054,0.001942,0.00066,4.7e-5,0.0009,0.0015,0.0019,0.0023,0.0035,0.68124,0.0136,0.000962,0.65664,0.67277,0.6815,0.69038,0.7064,0.004972,0.0015,0.000106,0.0026,0.004,0.0048,0.0056,0.0089,0.69064,0.01241,0.000877,0.66807,0.68262,0.69145,0.69925,0.71401
101.5,0.309089,0.01238,0.000875,0.28589,0.30045,0.30835,0.31727,0.33173,0.004288,0.00135,9.5e-5,0.0022,0.0034,0.0041,0.0051,0.00741,0.002897,0.00098,6.9e-5,0.0013,0.0023,0.0028,0.00332,0.0052,0.001865,0.00064,4.5e-5,0.0009,0.0014,0.0018,0.0022,0.0033,0.681861,0.0135,0.000955,0.65783,0.67348,0.68225,0.69105,0.707,0.004762,0.00146,0.000103,0.0023,0.0038,0.0047,0.0054,0.0086,0.690911,0.01238,0.000875,0.66827,0.68272,0.69165,0.69955,0.71411
102.0,0.308833,0.01235,0.000873,0.28559,0.30035,0.308,0.3171,0.33152,0.004109,0.0013,9.2e-5,0.002,0.0033,0.0039,0.0049,0.0073,0.002808,0.00095,6.7e-5,0.0012,0.0022,0.0027,0.0033,0.005,0.00181,0.00062,4.4e-5,0.0009,0.0014,0.0018,0.0022,0.00321,0.68244,0.01341,0.000948,0.65842,0.67413,0.6829,0.69162,0.70721,0.004617,0.00142,0.0001,0.0024,0.0037,0.0045,0.0053,0.00811,0.691167,0.01235,0.000873,0.66848,0.6829,0.692,0.69965,0.71441
102.5,0.308568,0.01231,0.00087,0.28559,0.30008,0.30795,0.31672,0.33141,0.003967,0.00127,8.9e-5,0.0019,0.0032,0.0038,0.0047,0.00711,0.002715,0.00094,6.7e-5,0.0011,0.0021,0.00255,0.0032,0.0049,0.001743,0.00061,4.3e-5,0.0008,0.0013,0.0017,0.0021,0.00311,0.683006,0.01336,0.000944,0.65913,0.67475,0.6834,0.69192,0.70732,0.004459,0.0014,9.9e-5,0.0021,0.0036,0.0043,0.005,0.0081,0.691432,0.01231,0.00087,0.66859,0.68328,0.69205,0.69992,0.71441
103.0,0.30831,0.01228,0.000869,0.28539,0.29975,0.3077,0.3163,0.33112,0.003826,0.00125,8.8e-5,0.0019,0.003,0.0036,0.0045,0.0068,0.002612,0.00089,6.3e-5,0.0012,0.002,0.0025,0.0031,0.0047,0.001709,0.0006,4.3e-5,0.0008,0.0013,0.0016,0.0021,0.003,0.683542,0.01329,0.00094,0.65993,0.6751,0.68415,0.69235,0.70792,0.004322,0.00135,9.5e-5,0.0022,0.0034,0.0042,0.005,0.00761,0.69169,0.01228,0.000869,0.66888,0.6837,0.6923,0.70025,0.71461
103.5,0.308058,0.01225,0.000866,0.28529,0.2997,0.3076,0.31602,0.33081,0.003695,0.00124,8.8e-5,0.0017,0.00298,0.0035,0.00422,0.0066,0.00251,0.00087,6.1e-5,0.001,0.0019,0.0024,0.003,0.0046,0.001636,0.00057,4.0e-5,0.0007,0.0012,0.0016,0.002,0.0028,0.6841,0.01323,0.000936,0.66052,0.67557,0.68485,0.6929,0.70832,0.004146,0.00128,9.0e-5,0.002,0.0033,0.004,0.0048,0.0072,0.691942,0.01225,0.000866,0.66919,0.68398,0.6924,0.7003,0.71471
104.0,0.307818,0.01222,0.000864,0.28509,0.29918,0.3074,0.31572,0.33072,0.003574,0.00122,8.6e-5,0.0017,0.0028,0.0034,0.0041,0.00641,0.002432,0.00084,5.9e-5,0.001,0.0019,0.0023,0.0029,0.0042,0.001566,0.00056,4.0e-5,0.0007,0.0011,0.0015,0.002,0.0027,0.68461,0.01316,0.000931,0.66122,0.6761,0.6853,0.6933,0.70872,0.003998,0.00124,8.7e-5,0.00199,0.00318,0.0039,0.00462,0.0068,0.692182,0.01222,0.000864,0.66928,0.68428,0.6926,0.70082,0.71491
104.5,0.307589,0.01219,0.000862,0.2849,0.29915,0.3073,0.31552,0.33061,0.003456,0.00119,8.4e-5,0.0017,0.00268,0.0033,0.0041,0.0062,0.002366,0.00082,5.8e-5,0.001,0.0018,0.00225,0.0028,0.0043,0.001517,0.00055,3.9e-5,0.0006,0.0011,0.0014,0.0019,0.0026,0.685072,0.01311,0.000927,0.66142,0.67638,0.68595,0.69392,0.70902,0.003883,0.00122,8.6e-5,0.00199,0.0031,0.0038,0.00452,0.0067,0.692411,0.01219,0.000862,0.66939,0.68448,0.6927,0.70085,0.7151
105.0,0.307352,0.01214,0.000858,0.28479,0.29905,0.30695,0.31525,0.33022,0.003351,0.00115,8.1e-5,0.0017,0.0026,0.00325,0.0039,0.00602,0.002259,0.00078,5.5e-5,0.0009,0.0017,0.0022,0.0027,0.004,0.001494,0.00055,3.9e-5,0.0006,0.0011,0.0014,0.0018,0.0027,0.685544,0.01304,0.000922,0.66211,0.67698,0.6863,0.6943,0.70951,0.003753,0.00118,8.3e-5,0.002,0.003,0.00365,0.0045,0.0062,0.692648,0.01214,0.000858,0.66978,0.68475,0.69305,0.70095,0.71521
105.5,0.307139,0.0121,0.000856,0.2846,0.29875,0.3068,0.315,0.33021,0.00323,0.00113,8.0e-5,0.0016,0.00247,0.0031,0.0038,0.0057,0.00217,0.00077,5.4e-5,0.0007,0.0016,0.0021,0.0026,0.0039,0.001474,0.00054,3.8e-5,0.0006,0.0011,0.0014,0.0017,0.0028,0.685986,0.013,0.00092,0.6626,0.67738,0.68665,0.69475,0.70991,0.003644,0.00113,8.0e-5,0.0018,0.0029,0.0034,0.0044,0.0061,0.692861,0.0121,0.000856,0.66979,0.685,0.6932,0.70125,0.7154
106.0,0.306936,0.01206,0.000853,0.2845,0.29865,0.30655,0.31483,0.33021,0.003124,0.00109,7.7e-5,0.0015,0.0024,0.00295,0.0037,0.00571,0.002076,0.00078,5.5e-5,0.0009,0.0015,0.00195,0.0026,0.0041,0.001403,0.00051,3.6e-5,0.0005,0.0011,0.0013,0.0017,0.0025,0.686461,0.01296,0.000916,0.66291,0.6777,0.68705,0.69512,0.71032,0.00348,0.00112,7.9e-5,0.0017,0.0027,0.0033,0.0042,0.0061,0.693064,0.01206,0.000853,0.66979,0.68518,0.69345,0.70135,0.7155
106.5,0.306734,0.01204,0.000851,0.2843,0.2984,0.3064,0.31475,0.32982,0.003036,0.00109,7.7e-5,0.0014,0.00228,0.0029,0.0036,0.00561,0.001994,0.00073,5.2e-5,0.0008,0.0015,0.0018,0.00242,0.0037,0.001333,0.00049,3.5e-5,0.0005,0.001,0.0013,0.0017,0.0025,0.686902,0.01289,0.000911,0.66322,0.6784,0.6873,0.69542,0.71091,0.003327,0.00106,7.5e-5,0.0016,0.0027,0.00315,0.004,0.0057,0.693265,0.01204,0.000851,0.67018,0.68525,0.6936,0.7016,0.7157
107.0,0.306555,0.01202,0.00085,0.2841,0.29825,0.30625,0.3146,0.32981,0.002921,0.00104,7.3e-5,0.0012,0.0022,0.0028,0.0035,0.0054,0.001934,0.00073,5.2e-5,0.0007,0.0015,0.0018,0.0024,0.0037,0.001294,0.00049,3.5e-5,0.0004,0.0009,0.0012,0.0016,0.0024,0.687298,0.01284,0.000908,0.66372,0.67898,0.6878,0.6957,0.71131,0.003228,0.00106,7.5e-5,0.0015,0.0026,0.003,0.0039,0.0056,0.693445,0.01202,0.00085,0.67019,0.6854,0.69375,0.70175,0.7159
107.5,0.306362,0.01199,0.000848,0.2839,0.298,0.3061,0.31445,0.3298,0.002805,0.001,7.0e-5,0.0012,0.0021,0.0027,0.0034,0.005,0.001869,0.00072,5.1e-5,0.00069,0.0014,0.0017,0.0024,0.00351,0.001263,0.00048,3.4e-5,0.0005,0.0009,0.0012,0.0016,0.0022,0.687702,0.01277,0.000903,0.66412,0.67938,0.68815,0.69613,0.7117,0.003131,0.00104,7.4e-5,0.0013,0.00247,0.00295,0.00382,0.0053,0.693638,0.01199,0.000848,0.6702,0.68555,0.6939,0.702,0.7161
108.0,0.3062,0.01198,0.000847,0.2838,0.2977,0.30595,0.31415,0.3295,0.002691,0.00096,6.8e-5,0.0012,0.002,0.0026,0.0032,0.0049,0.001825,0.00072,5.1e-5,0.0006,0.00138,0.0017,0.00222,0.0036,0.001214,0.00046,3.3e-5,0.0005,0.0009,0.0012,0.00152,0.0021,0.688069,0.01274,0.000901,0.66481,0.6795,0.68885,0.69655,0.712,0.003039,0.00104,7.4e-5,0.0013,0.0023,0.00285,0.0036,0.00521,0.6938,0.01198,0.000847,0.6705,0.68585,0.69405,0.7023,0.7162
108.5,0.30602,0.01195,0.000845,0.2835,0.29755,0.3058,0.314,0.3293,0.002604,0.00095,6.7e-5,0.0012,0.0019,0.0025,0.00312,0.0047,0.00175,0.00069,4.9e-5,0.0006,0.0013,0.0016,0.0021,0.0035,0.001184,0.00047,3.4e-5,0.0005,0.0008,0.0011,0.0015,0.0022,0.688442,0.01267,0.000896,0.66492,0.67985,0.6893,0.69713,0.71201,0.002934,0.00102,7.2e-5,0.0014,0.0022,0.0027,0.00353,0.0053,0.69398,0.01195,0.000845,0.6707,0.686,0.6942,0.70245,0.7165
109.0,0.30585,0.01193,0.000844,0.2835,0.2975,0.30565,0.3139,0.3291,0.002516,0.00095,6.7e-5,0.001,0.0018,0.0024,0.003,0.00471,0.001674,0.00066,4.7e-5,0.00069,0.0012,0.0016,0.0021,0.0032,0.001138,0.00049,3.5e-5,0.0005,0.00078,0.00105,0.0014,0.0023,0.688822,0.01263,0.000893,0.66562,0.6804,0.6894,0.6974,0.71231,0.002812,0.001,7.1e-5,0.0014,0.0021,0.0026,0.0034,0.00481,0.69415,0.01193,0.000844,0.6709,0.6861,0.69435,0.7025,0.7165
109.5,0.305703,0.0119,0.000842,0.2834,0.2973,0.3055,0.31352,0.32891,0.002425,0.00093,6.6e-5,0.001,0.0018,0.00235,0.0029,0.0046,0.001596,0.00066,4.7e-5,0.0006,0.0011,0.0015,0.002,0.00291,0.001092,0.00049,3.4e-5,0.0004,0.0007,0.001,0.0014,0.0023,0.689184,0.0126,0.000891,0.66573,0.6808,0.68965,0.69802,0.71262,0.002688,0.001,7.1e-5,0.0011,0.002,0.0025,0.0033,0.00471,0.694297,0.0119,0.000842,0.67109,0.68648,0.6945,0.7027,0.7166
110.0,0.305548,0.01187,0.000839,0.2833,0.29713,0.3054,0.31312,0.32861,0.002336,0.00092,6.5e-5,0.0009,0.0017,0.0023,0.0028,0.0045,0.00155,0.00063,4.4e-5,0.0006,0.0011,0.0014,0.00192,0.00291,0.00106,0.00046,3.2e-5,0.0004,0.0007,0.001,0.00122,0.0022,0.689506,0.01253,0.000886,0.66613,0.6811,0.68995,0.69823,0.71272,0.00261,0.00096,6.8e-5,0.0012,0.0019,0.0024,0.0032,0.0047,0.694452,0.01187,0.000839,0.67139,0.68687,0.6946,0.70288,0.7167
110.5,0.305392,0.01184,0.000837,0.2832,0.29713,0.3053,0.31285,0.32822,0.002262,0.0009,6.4e-5,0.0008,0.00167,0.0022,0.0028,0.0043,0.001512,0.00062,4.4e-5,0.00059,0.0011,0.0014,0.002,0.0029,0.001037,0.00046,3.2e-5,0.0003,0.0007,0.001,0.00122,0.0021,0.689798,0.01248,0.000882,0.66652,0.68138,0.6902,0.69843,0.71302,0.002549,0.00095,6.7e-5,0.001,0.0019,0.0024,0.0031,0.0047,0.694609,0.01184,0.000837,0.67178,0.68715,0.6947,0.70288,0.7168
111.0,0.305246,0.01183,0.000836,0.2831,0.29695,0.3052,0.31265,0.32782,0.002196,0.00087,6.2e-5,0.0009,0.0016,0.0021,0.0026,0.0042,0.001448,0.0006,4.2e-5,0.0004,0.001,0.0014,0.0018,0.0027,0.001001,0.00044,3.1e-5,0.0003,0.0007,0.001,0.0012,0.002,0.690108,0.01243,0.000879,0.66692,0.68185,0.6903,0.69865,0.71342,0.00245,0.00092,6.5e-5,0.0009,0.0018,0.0023,0.00292,0.0045,0.694754,0.01183,0.000836,0.67218,0.68735,0.6948,0.70305,0.7169
111.5,0.305122,0.01182,0.000836,0.2831,0.29682,0.30515,0.31252,0.32782,0.002122,0.00082,5.8e-5,0.0009,0.0015,0.002,0.0026,0.0039,0.00138,0.00059,4.2e-5,0.0004,0.001,0.0013,0.0017,0.0028,0.000965,0.00043,3.0e-5,0.0004,0.0006,0.0009,0.0012,0.0019,0.690412,0.0124,0.000877,0.66732,0.68218,0.6905,0.6989,0.71372,0.002344,0.00089,6.3e-5,0.001,0.0017,0.0023,0.0028,0.0044,0.694878,0.01182,0.000836,0.67218,0.68748,0.69485,0.70317,0.7169
112.0,0.304988,0.01181,0.000835,0.283,0.29682,0.3049,0.31242,0.32772,0.00204,0.00081,5.7e-5,0.0008,0.0014,0.002,0.00242,0.00371,0.001335,0.00057,4.0e-5,0.0004,0.0009,0.00125,0.0017,0.0026,0.000942,0.00042,3.0e-5,0.0003,0.0006,0.0009,0.0012,0.002,0.690696,0.01238,0.000876,0.66763,0.68228,0.6906,0.6992,0.71431,0.002277,0.00088,6.2e-5,0.0008,0.00167,0.0022,0.0027,0.0044,0.695013,0.01181,0.000835,0.67228,0.68758,0.6951,0.70317,0.717
112.5,0.30485,0.01179,0.000834,0.28299,0.29668,0.3048,0.31233,0.32762,0.001975,0.00078,5.5e-5,0.0008,0.0014,0.0019,0.0024,0.0035,0.001284,0.00056,3.9e-5,0.0004,0.0009,0.0012,0.0016,0.0025,0.00092,0.00042,3.0e-5,0.0003,0.0006,0.0009,0.0012,0.0019,0.69097,0.01233,0.000872,0.66813,0.68272,0.6908,0.69938,0.71451,0.002204,0.00087,6.1e-5,0.0009,0.0016,0.0021,0.00262,0.00401,0.69515,0.01179,0.000834,0.67238,0.68768,0.6952,0.70332,0.71701
113.0,0.304728,0.01178,0.000833,0.28289,0.29652,0.30475,0.3123,0.32733,0.001909,0.00077,5.4e-5,0.0007,0.0014,0.0019,0.0023,0.00351,0.001226,0.00052,3.7e-5,0.0004,0.0009,0.0011,0.00152,0.0024,0.000872,0.00039,2.8e-5,0.0003,0.0006,0.0008,0.0011,0.0018,0.691265,0.01227,0.000868,0.66844,0.68298,0.6912,0.69972,0.7146,0.002098,0.00081,5.7e-5,0.0008,0.0015,0.002,0.00252,0.0038,0.695272,0.01178,0.000833,0.67267,0.6877,0.69525,0.70348,0.71711
113.5,0.304618,0.01176,0.000832,0.28279,0.29645,0.30475,0.31212,0.32713,0.001834,0.00072,5.1e-5,0.0007,0.0014,0.0018,0.00222,0.0035,0.001188,0.0005,3.5e-5,0.0004,0.00088,0.0011,0.0015,0.0024,0.000826,0.00037,2.6e-5,0.0002,0.0006,0.0008,0.0011,0.00161,0.691534,0.01222,0.000864,0.66885,0.68328,0.69155,0.7,0.7147,0.002014,0.00076,5.4e-5,0.0008,0.0015,0.0019,0.0024,0.0036,0.695382,0.01176,0.000832,0.67287,0.68788,0.69525,0.70355,0.71721
114.0,0.304519,0.01176,0.000831,0.28269,0.29632,0.30465,0.31202,0.32703,0.001748,0.00068,4.8e-5,0.0006,0.0013,0.0017,0.00213,0.0033,0.001145,0.0005,3.5e-5,0.0004,0.0008,0.0011,0.0014,0.00221,0.0008,0.00037,2.6e-5,0.0002,0.0005,0.0008,0.001,0.0016,0.691788,0.01219,0.000862,0.66915,0.6836,0.69175,0.70035,0.71491,0.001946,0.00078,5.5e-5,0.0007,0.0014,0.0019,0.0024,0.0038,0.695481,0.01176,0.000831,0.67297,0.68798,0.69535,0.70368,0.71731
114.5,0.304408,0.01174,0.00083,0.28269,0.29622,0.30455,0.31192,0.32703,0.001676,0.00068,4.8e-5,0.0007,0.0011,0.0016,0.0021,0.0031,0.001121,0.00048,3.4e-5,0.0003,0.0008,0.0011,0.0014,0.0022,0.000773,0.00036,2.6e-5,0.0002,0.0005,0.0007,0.001,0.0017,0.692023,0.01218,0.000861,0.66925,0.6839,0.6918,0.70055,0.7153,0.001894,0.00075,5.3e-5,0.0007,0.0014,0.0019,0.0023,0.0036,0.695593,0.01174,0.00083,0.67297,0.68808,0.69545,0.70378,0.71731
115.0,0.304298,0.01174,0.00083,0.28268,0.29613,0.30455,0.31172,0.32703,0.00161,0.00066,4.7e-5,0.0006,0.0011,0.0015,0.002,0.003,0.001084,0.00049,3.4e-5,0.0003,0.0008,0.001,0.00132,0.0022,0.000743,0.00034,2.4e-5,0.0002,0.0005,0.0007,0.001,0.0014,0.692265,0.01216,0.00086,0.66954,0.684,0.6921,0.7008,0.7155,0.001826,0.00074,5.2e-5,0.0006,0.0013,0.00175,0.00222,0.0035,0.695702,0.01174,0.00083,0.67297,0.68828,0.69545,0.70387,0.71732
115.5,0.304191,0.01174,0.00083,0.28259,0.29602,0.30445,0.31172,0.32693,0.001567,0.00064,4.5e-5,0.0006,0.0011,0.0015,0.00192,0.0031,0.001047,0.00049,3.4e-5,0.0002,0.0007,0.001,0.0014,0.002,0.000709,0.00033,2.3e-5,0.0002,0.0005,0.0007,0.0009,0.0014,0.692486,0.01215,0.000859,0.66985,0.6843,0.6923,0.70092,0.7156,0.001756,0.00072,5.1e-5,0.0006,0.0012,0.0017,0.0022,0.0033,0.695809,0.01174,0.00083,0.67307,0.68828,0.69555,0.70398,0.71742
116.0,0.304097,0.01172,0.000829,0.28259,0.29592,0.3044,0.31165,0.32664,0.001506,0.00062,4.4e-5,0.0006,0.0011,0.0014,0.0018,0.003,0.001025,0.00049,3.4e-5,0.0003,0.00067,0.001,0.0013,0.002,0.000677,0.00032,2.3e-5,0.0002,0.0004,0.0007,0.0009,0.0014,0.692695,0.01211,0.000856,0.66986,0.68438,0.69255,0.70112,0.7159,0.001702,0.00071,5.0e-5,0.0005,0.0012,0.0016,0.0022,0.003,0.695902,0.01172,0.000829,0.67336,0.68835,0.6956,0.70408,0.71742
116.5,0.303995,0.01169,0.000827,0.28258,0.29568,0.3043,0.31165,0.32644,0.001465,0.00063,4.5e-5,0.0005,0.001,0.0014,0.0018,0.0029,0.000978,0.00046,3.2e-5,0.0002,0.0007,0.00095,0.0013,0.0019,0.000663,0.00032,2.2e-5,0.0002,0.0004,0.0006,0.00082,0.0014,0.692898,0.01208,0.000854,0.67006,0.68468,0.6927,0.70115,0.7159,0.001641,0.00067,4.8e-5,0.0004,0.0012,0.0016,0.0021,0.003,0.696005,0.01169,0.000827,0.67356,0.68835,0.6957,0.70433,0.71742
117.0,0.303896,0.01168,0.000826,0.28258,0.29568,0.30425,0.31148,0.32634,0.001416,0.00062,4.4e-5,0.0005,0.001,0.0013,0.0018,0.0029,0.00093,0.00044,3.1e-5,0.0002,0.0006,0.0009,0.0012,0.0018,0.000642,0.00031,2.2e-5,0.0001,0.0004,0.0006,0.0008,0.0012,0.693116,0.01205,0.000852,0.67026,0.68523,0.69305,0.70128,0.7159,0.001572,0.00065,4.6e-5,0.0005,0.0011,0.0015,0.002,0.003,0.696104,0.01168,0.000826,0.67366,0.68852,0.69575,0.70433,0.71742
117.5,0.30381,0.01166,0.000824,0.28248,0.29538,0.3041,0.3113,0.32615,0.001368,0.00061,4.3e-5,0.0004,0.0009,0.0013,0.0017,0.00261,0.000882,0.00043,3.1e-5,0.0001,0.0006,0.0009,0.0012,0.0018,0.00061,0.0003,2.1e-5,0.0001,0.0004,0.0006,0.0008,0.0012,0.693329,0.01204,0.000851,0.67065,0.68565,0.69315,0.70162,0.7162,0.001493,0.00063,4.5e-5,0.0004,0.001,0.0014,0.0019,0.00271,0.69619,0.01166,0.000824,0.67385,0.6887,0.6959,0.70462,0.71752
118.0,0.303724,0.01165,0.000824,0.28248,0.29532,0.304,0.3112,0.32595,0.001316,0.00058,4.1e-5,0.0004,0.0009,0.0013,0.0016,0.0026,0.000858,0.00043,3.1e-5,0.0002,0.00058,0.0008,0.0012,0.0019,0.000586,0.00028,2.0e-5,0.0001,0.0004,0.0006,0.0008,0.0012,0.693517,0.01201,0.000849,0.67075,0.68595,0.6935,0.70182,0.7162,0.001444,0.00063,4.4e-5,0.0004,0.001,0.0014,0.0018,0.0029,0.696276,0.01165,0.000824,0.67405,0.6888,0.696,0.70468,0.71752
118.5,0.303633,0.01164,0.000823,0.28247,0.29525,0.30395,0.3111,0.32585,0.001283,0.00057,4.0e-5,0.0004,0.0009,0.0012,0.0016,0.0025,0.000823,0.00042,2.9e-5,0.0002,0.0005,0.0008,0.0011,0.0017,0.000554,0.00028,2.0e-5,0.0001,0.0003,0.0005,0.0007,0.0012,0.693707,0.01198,0.000847,0.67077,0.68615,0.69375,0.7019,0.7164,0.001377,0.00061,4.3e-5,0.0003,0.001,0.0013,0.0017,0.0026,0.696367,0.01164,0.000823,0.67415,0.6889,0.69605,0.70475,0.71753
119.0,0.303554,0.01163,0.000822,0.28247,0.29522,0.3039,0.31108,0.32585,0.001242,0.00057,4.0e-5,0.0003,0.00088,0.0012,0.00152,0.0025,0.000788,0.00039,2.8e-5,0.0001,0.0005,0.0007,0.00103,0.0016,0.00053,0.00028,2.0e-5,0.0001,0.0003,0.0005,0.0007,0.0011,0.693886,0.01195,0.000845,0.67078,0.68622,0.6939,0.70192,0.7165,0.001318,0.00058,4.1e-5,0.0004,0.0009,0.0012,0.0017,0.0027,0.696447,0.01163,0.000822,0.67415,0.68892,0.6961,0.70478,0.71753
119.5,0.303484,0.01162,0.000822,0.28247,0.2952,0.3039,0.31108,0.32565,0.001185,0.00053,3.8e-5,0.0003,0.0008,0.0012,0.0015,0.0023,0.000772,0.0004,2.8e-5,0.0001,0.0005,0.0007,0.001,0.0017,0.000519,0.00028,2.0e-5,0.0001,0.0003,0.0005,0.0007,0.0011,0.694039,0.01193,0.000844,0.67079,0.68635,0.694,0.70205,0.71651,0.001291,0.00059,4.2e-5,0.0003,0.0009,0.0012,0.0016,0.0027,0.696516,0.01162,0.000822,0.67435,0.68892,0.6961,0.7048,0.71753
120.0,0.303398,0.01161,0.000821,0.28237,0.29518,0.30375,0.31105,0.32556,0.001151,0.00054,3.8e-5,0.0002,0.0008,0.0011,0.0014,0.0023,0.000747,0.00041,2.9e-5,0.0001,0.0005,0.0007,0.00092,0.0016,0.000492,0.00026,1.8e-5,0.0001,0.0003,0.0005,0.0006,0.0011,0.694212,0.01192,0.000843,0.6711,0.68665,0.6941,0.70223,0.71661,0.001239,0.00058,4.1e-5,0.0003,0.0008,0.0012,0.0015,0.00251,0.696602,0.01161,0.000821,0.67444,0.68895,0.69625,0.70482,0.71763
120.5,0.303331,0.0116,0.00082,0.28237,0.2951,0.30345,0.31098,0.32556,0.001104,0.00052,3.7e-5,0.0002,0.0007,0.0011,0.0014,0.0022,0.000722,0.00039,2.8e-5,0.0001,0.0004,0.0007,0.0009,0.0016,0.000481,0.00026,1.8e-5,0.0001,0.0003,0.0004,0.0006,0.001,0.694362,0.0119,0.000841,0.6713,0.68685,0.6942,0.7023,0.7167,0.001203,0.00057,4.0e-5,0.0003,0.0008,0.0011,0.0015,0.00251,0.696669,0.0116,0.00082,0.67444,0.68903,0.69655,0.7049,0.71763
121.0,0.303266,0.0116,0.00082,0.28237,0.2951,0.3034,0.31092,0.32546,0.001062,0.00051,3.6e-5,0.0002,0.0007,0.001,0.0013,0.0021,0.000702,0.0004,2.8e-5,0.0001,0.0004,0.0006,0.0009,0.0015,0.00047,0.00026,1.8e-5,0.0001,0.0003,0.0004,0.0006,0.0011,0.694502,0.01189,0.000841,0.6714,0.68692,0.69435,0.70252,0.7167,0.001171,0.00057,4.1e-5,0.0003,0.0008,0.0011,0.0015,0.00251,0.696734,0.0116,0.00082,0.67454,0.68908,0.6966,0.7049,0.71763
121.5,0.303196,0.01158,0.000819,0.28237,0.29495,0.3033,0.31092,0.32535,0.001034,0.0005,3.6e-5,0.0002,0.0007,0.001,0.0013,0.0022,0.000673,0.00038,2.7e-5,0.0001,0.0004,0.0006,0.0009,0.0015,0.000461,0.00026,1.8e-5,0.0001,0.0003,0.0004,0.0006,0.0011,0.694635,0.01187,0.00084,0.6716,0.68708,0.6946,0.70272,0.7168,0.001134,0.00055,3.9e-5,0.0002,0.0007,0.0011,0.0015,0.00241,0.696803,0.01158,0.000819,0.67464,0.68908,0.6967,0.70505,0.71763
122.0,0.303131,0.01158,0.000819,0.28237,0.29485,0.30305,0.3108,0.32535,0.001005,0.00048,3.4e-5,0.0002,0.0007,0.001,0.0013,0.002,0.000641,0.00036,2.5e-5,0.0001,0.0004,0.0006,0.0009,0.0015,0.000441,0.00025,1.8e-5,0.0001,0.0003,0.0004,0.0006,0.001,0.694782,0.01185,0.000838,0.67208,0.68713,0.6947,0.70275,0.7169,0.001082,0.00053,3.7e-5,0.0003,0.0007,0.0011,0.0014,0.0022,0.696869,0.01158,0.000819,0.67464,0.6892,0.69695,0.70515,0.71763
122.5,0.30307,0.01157,0.000818,0.28237,0.29478,0.30305,0.31072,0.32526,0.000976,0.00048,3.4e-5,0.0002,0.0006,0.0009,0.0013,0.002,0.000617,0.00034,2.4e-5,0.0001,0.0004,0.0006,0.0008,0.00131,0.000424,0.00025,1.8e-5,0.0,0.0003,0.0004,0.00052,0.0009,0.694914,0.01183,0.000836,0.67238,0.6873,0.6949,0.70298,0.7169,0.001041,0.0005,3.6e-5,0.0002,0.0007,0.001,0.0013,0.0021,0.69693,0.01157,0.000818,0.67474,0.68928,0.69695,0.70522,0.71763
123.0,0.303016,0.01156,0.000817,0.28228,0.2947,0.303,0.31072,0.32526,0.000939,0.00046,3.2e-5,0.0002,0.0006,0.0009,0.0012,0.002,0.00059,0.00035,2.5e-5,0.0,0.00038,0.0005,0.0008,0.0015,0.000411,0.00025,1.8e-5,0.0,0.0002,0.0004,0.0006,0.0009,0.695043,0.01182,0.000836,0.67248,0.68738,0.69495,0.70307,0.7169,0.001001,0.00051,3.6e-5,0.0001,0.0007,0.0009,0.0013,0.0021,0.696984,0.01156,0.000817,0.67474,0.68928,0.697,0.7053,0.71772
123.5,0.302972,0.01155,0.000817,0.28228,0.2947,0.303,0.31072,0.32526,0.000902,0.00044,3.1e-5,0.0002,0.0006,0.0009,0.0011,0.0019,0.000556,0.00034,2.4e-5,0.0,0.0003,0.0005,0.0008,0.0014,0.000401,0.00026,1.8e-5,0.0,0.0002,0.0004,0.0006,0.001,0.695168,0.01178,0.000833,0.67257,0.6875,0.695,0.70325,0.717,0.000958,0.00052,3.6e-5,0.0001,0.0006,0.0009,0.0013,0.0021,0.697028,0.01155,0.000817,0.67474,0.68928,0.697,0.7053,0.71772
124.0,0.302921,0.01155,0.000817,0.28208,0.29465,0.30295,0.31072,0.32526,0.000872,0.00043,3.0e-5,0.0002,0.0006,0.0008,0.0011,0.0018,0.000538,0.00034,2.4e-5,0.0,0.0003,0.0005,0.0007,0.0013,0.000386,0.00025,1.8e-5,0.0,0.0002,0.0003,0.00052,0.001,0.695282,0.01176,0.000832,0.67267,0.68768,0.69505,0.70348,0.7171,0.000925,0.00051,3.6e-5,0.0001,0.0006,0.0009,0.0012,0.0021,0.697079,0.01155,0.000817,0.67474,0.68928,0.69705,0.70535,0.71792
124.5,0.302863,0.01153,0.000816,0.28208,0.29463,0.30295,0.3107,0.32526,0.000842,0.00044,3.1e-5,0.0002,0.0005,0.0008,0.0011,0.0018,0.000534,0.00034,2.4e-5,0.0,0.0003,0.0005,0.0007,0.0013,0.000376,0.00025,1.8e-5,0.0,0.0002,0.0003,0.0005,0.0009,0.695386,0.01175,0.000831,0.67287,0.68788,0.69525,0.70355,0.7171,0.00091,0.0005,3.6e-5,0.0001,0.00058,0.0009,0.0012,0.00201,0.697137,0.01153,0.000816,0.67474,0.6893,0.69705,0.70538,0.71792
125.0,0.302819,0.01153,0.000816,0.28208,0.2946,0.3028,0.31062,0.32526,0.000803,0.00042,2.9e-5,0.0002,0.0005,0.0007,0.0011,0.0017,0.000513,0.00034,2.4e-5,0.0,0.0003,0.0005,0.0007,0.0013,0.000358,0.00023,1.6e-5,0.0,0.0002,0.0003,0.0005,0.0009,0.695508,0.01174,0.00083,0.67287,0.68798,0.6954,0.7037,0.7171,0.000871,0.00049,3.5e-5,0.0001,0.0005,0.0008,0.0011,0.0019,0.697181,0.01153,0.000816,0.67474,0.68938,0.6972,0.7054,0.71792
125.5,0.302774,0.01152,0.000815,0.28198,0.2946,0.30275,0.3106,0.32526,0.00077,0.00042,2.9e-5,0.0001,0.00048,0.0007,0.001,0.0018,0.000497,0.00032,2.3e-5,0.0,0.0003,0.0005,0.0007,0.0013,0.000357,0.00023,1.6e-5,0.0,0.0002,0.0003,0.0005,0.0009,0.695601,0.01172,0.000829,0.67297,0.68808,0.6955,0.70375,0.7171,0.000854,0.00048,3.4e-5,0.0001,0.0005,0.0008,0.0011,0.0019,0.697226,0.01152,0.000815,0.67474,0.6894,0.69725,0.7054,0.71802
126.0,0.302726,0.01152,0.000815,0.28198,0.29458,0.30265,0.3106,0.32526,0.000752,0.0004,2.9e-5,0.0002,0.0004,0.0007,0.001,0.0018,0.000467,0.00031,2.2e-5,0.0,0.0002,0.0004,0.0006,0.0013,0.00034,0.00023,1.6e-5,0.0,0.0002,0.0003,0.0005,0.0009,0.695717,0.01171,0.000828,0.67307,0.68823,0.69575,0.7039,0.7172,0.000806,0.00046,3.3e-5,0.0001,0.0005,0.0007,0.0011,0.0018,0.697274,0.01152,0.000815,0.67474,0.6894,0.69735,0.70542,0.71802
126.5,0.302685,0.01152,0.000814,0.28188,0.29458,0.30265,0.31052,0.32526,0.000732,0.00039,2.8e-5,0.0002,0.0004,0.00065,0.001,0.0016,0.000454,0.00031,2.2e-5,0.0,0.0002,0.0004,0.0006,0.0012,0.000312,0.00022,1.5e-5,0.0,0.0002,0.0003,0.0004,0.0008,0.695816,0.01169,0.000827,0.67317,0.68825,0.6958,0.70392,0.7172,0.000766,0.00045,3.2e-5,0.0001,0.0005,0.0007,0.001,0.0018,0.697315,0.01152,0.000814,0.67474,0.68948,0.69735,0.70542,0.71812
127.0,0.302643,0.01151,0.000814,0.28188,0.2945,0.3026,0.3104,0.32526,0.000702,0.00038,2.7e-5,0.0001,0.0004,0.0006,0.001,0.0016,0.00044,0.00029,2.1e-5,0.0,0.0002,0.0004,0.0006,0.0012,0.0003,0.00022,1.5e-5,0.0,0.0001,0.0003,0.0004,0.0008,0.695915,0.01169,0.000827,0.67336,0.68842,0.69585,0.70392,0.7172,0.00074,0.00044,3.1e-5,0.0001,0.0004,0.0007,0.001,0.0017,0.697357,0.01151,0.000814,0.67474,0.6896,0.6974,0.7055,0.71812
127.5,0.302597,0.01151,0.000814,0.28188,0.29445,0.3025,0.3104,0.32516,0.000681,0.00036,2.6e-5,0.0001,0.0004,0.0006,0.0009,0.0015,0.000417,0.00028,2.0e-5,0.0,0.0002,0.0004,0.0006,0.0011,0.00029,0.0002,1.4e-5,0.0,0.0002,0.0003,0.0004,0.0008,0.696015,0.01168,0.000826,0.67346,0.6885,0.696,0.704,0.7173,0.000707,0.00042,2.9e-5,0.0001,0.0004,0.0007,0.001,0.0017,0.697403,0.01151,0.000814,0.67484,0.6896,0.6975,0.70555,0.71812
128.0,0.302562,0.01151,0.000814,0.28188,0.29422,0.30245,0.31032,0.32506,0.00064,0.00035,2.5e-5,0.0001,0.0004,0.0006,0.0009,0.0014,0.000418,0.00029,2.0e-5,0.0,0.0002,0.0004,0.0006,0.0012,0.00029,0.0002,1.4e-5,0.0,0.0002,0.0003,0.0004,0.0007,0.69609,0.01167,0.000825,0.67346,0.68852,0.696,0.70405,0.71731,0.000709,0.00041,2.9e-5,0.0,0.0004,0.00065,0.0009,0.0016,0.697438,0.01151,0.000814,0.67495,0.68967,0.69755,0.70578,0.71812
128.5,0.30252,0.01151,0.000814,0.28188,0.29415,0.30245,0.3103,0.32506,0.000618,0.00035,2.5e-5,0.0001,0.0003,0.0006,0.0008,0.0015,0.000411,0.00029,2.0e-5,0.0,0.0002,0.0004,0.0006,0.0011,0.00027,0.0002,1.4e-5,0.0,0.0001,0.0002,0.0004,0.0007,0.69618,0.01166,0.000824,0.67385,0.68855,0.696,0.7042,0.71741,0.000681,0.0004,2.9e-5,0.0,0.0004,0.0007,0.0009,0.0016,0.69748,0.01151,0.000814,0.67495,0.6897,0.69755,0.70585,0.71812
129.0,0.302482,0.0115,0.000813,0.28188,0.29415,0.3024,0.31022,0.32505,0.000596,0.00034,2.4e-5,0.0001,0.0003,0.0005,0.0008,0.0014,0.0004,0.00028,2.0e-5,0.0,0.0002,0.0004,0.0005,0.001,0.000258,0.0002,1.4e-5,0.0,0.0001,0.0002,0.0004,0.0007,0.696265,0.01164,0.000823,0.67395,0.68855,0.696,0.70422,0.71742,0.000658,0.00039,2.8e-5,0.0,0.0004,0.0006,0.0009,0.0015,0.697518,0.0115,0.000813,0.67495,0.68978,0.6976,0.70585,0.71812
129.5,0.302438,0.0115,0.000813,0.28169,0.29413,0.3024,0.31022,0.32505,0.000586,0.00035,2.5e-5,0.0001,0.0003,0.0005,0.0008,0.0013,0.000384,0.00026,1.9e-5,0.0,0.0002,0.0003,0.0005,0.001,0.000251,0.00019,1.3e-5,0.0,0.0001,0.0002,0.0003,0.0007,0.696341,0.01163,0.000823,0.67405,0.68865,0.69615,0.7044,0.71752,0.000635,0.00037,2.6e-5,0.0,0.0004,0.0006,0.0009,0.0015,0.697562,0.0115,0.000813,0.67495,0.68978,0.6976,0.70588,0.71831
130.0,0.302402,0.0115,0.000813,0.28169,0.29413,0.30235,0.3102,0.32505,0.000564,0.00035,2.5e-5,0.0001,0.0003,0.0005,0.00072,0.0014,0.000382,0.00026,1.9e-5,0.0,0.0002,0.0003,0.0006,0.0009,0.000239,0.00018,1.3e-5,0.0,0.0001,0.0002,0.0003,0.0007,0.696413,0.01163,0.000822,0.67414,0.68868,0.6962,0.70445,0.71752,0.00062,0.00036,2.5e-5,0.0,0.0003,0.0006,0.0009,0.0014,0.697598,0.0115,0.000813,0.67495,0.6898,0.69765,0.70588,0.71831
130.5,0.30237,0.0115,0.000813,0.28169,0.29402,0.3022,0.3102,0.32495,0.000544,0.00035,2.5e-5,0.0,0.0003,0.0005,0.0007,0.0013,0.000375,0.00025,1.8e-5,0.0,0.0002,0.0003,0.0005,0.0009,0.000224,0.00017,1.2e-5,0.0,0.0001,0.0002,0.0003,0.0006,0.696488,0.01161,0.000821,0.67435,0.68875,0.6963,0.70452,0.71762,0.000599,0.00035,2.5e-5,0.0,0.0003,0.0006,0.0008,0.0013,0.69763,0.0115,0.000813,0.67505,0.6898,0.6978,0.70598,0.71831
131.0,0.302333,0.0115,0.000813,0.28169,0.294,0.3022,0.3102,0.32495,0.00053,0.00035,2.4e-5,0.0001,0.0003,0.0005,0.0007,0.0014,0.000359,0.00025,1.7e-5,0.0,0.0002,0.0003,0.0005,0.0009,0.000217,0.00017,1.2e-5,0.0,0.0001,0.0002,0.0003,0.0006,0.696561,0.01161,0.000821,0.67444,0.6888,0.6964,0.70472,0.71762,0.000576,0.00033,2.3e-5,0.0,0.0003,0.0005,0.0008,0.0012,0.697667,0.0115,0.000813,0.67505,0.6898,0.6978,0.706,0.71831
131.5,0.302299,0.0115,0.000813,0.28169,0.29392,0.3021,0.31012,0.32495,0.000516,0.00034,2.4e-5,0.0001,0.0002,0.0004,0.0007,0.0014,0.000339,0.00024,1.7e-5,0.0,0.0002,0.0003,0.0005,0.0009,0.000214,0.00016,1.2e-5,0.0,0.0001,0.0002,0.0003,0.0006,0.696632,0.0116,0.00082,0.67444,0.68888,0.69645,0.70482,0.71772,0.000553,0.00033,2.3e-5,0.0,0.0003,0.0005,0.00072,0.0013,0.697701,0.0115,0.000813,0.67505,0.68988,0.6979,0.70608,0.71831
132.0,0.302271,0.0115,0.000813,0.28169,0.29378,0.3021,0.31,0.32495,0.000495,0.00033,2.3e-5,0.0001,0.0002,0.0004,0.0007,0.0013,0.000326,0.00024,1.7e-5,0.0,0.0001,0.0003,0.0004,0.0009,0.00021,0.00016,1.1e-5,0.0,0.0001,0.0002,0.0003,0.0006,0.696698,0.01158,0.000819,0.67454,0.68888,0.6965,0.7049,0.71772,0.000536,0.00032,2.3e-5,0.0,0.0003,0.0005,0.00072,0.0012,0.697729,0.0115,0.000813,0.67505,0.69,0.6979,0.70623,0.71831
132.5,0.302236,0.0115,0.000813,0.28169,0.29378,0.3021,0.30992,0.32495,0.000482,0.00031,2.2e-5,0.0001,0.0003,0.0004,0.0006,0.0014,0.000314,0.00024,1.7e-5,0.0,0.0001,0.0003,0.0004,0.0009,0.000203,0.00015,1.1e-5,0.0,0.0001,0.0002,0.0003,0.0006,0.696764,0.01158,0.000819,0.67464,0.6889,0.69655,0.70492,0.71782,0.000518,0.00031,2.2e-5,0.0,0.0003,0.0005,0.0007,0.0011,0.697764,0.0115,0.000813,0.67505,0.69008,0.6979,0.70623,0.71831
133.0,0.302213,0.0115,0.000813,0.2815,0.29378,0.3021,0.3099,0.32495,0.000453,0.00029,2.0e-5,0.0,0.0002,0.0004,0.0006,0.0012,0.000303,0.00023,1.6e-5,0.0,0.0001,0.0003,0.0004,0.0009,0.000198,0.00015,1.1e-5,0.0,0.0001,0.0002,0.0003,0.0005,0.696832,0.01158,0.000819,0.67474,0.6889,0.69655,0.70492,0.71792,0.0005,0.00031,2.2e-5,0.0,0.0003,0.0005,0.0007,0.0011,0.697787,0.0115,0.000813,0.67505,0.6901,0.6979,0.70623,0.7185
133.5,0.30218,0.0115,0.000813,0.2814,0.29375,0.30205,0.3098,0.32495,0.000436,0.00029,2.0e-5,0.0,0.0002,0.0004,0.0006,0.0011,0.000294,0.00021,1.5e-5,0.0,0.0001,0.0003,0.0004,0.0008,0.000194,0.00016,1.1e-5,0.0,0.0001,0.0002,0.0003,0.0006,0.696895,0.01157,0.000818,0.67474,0.68908,0.69675,0.70492,0.71801,0.000489,0.0003,2.1e-5,0.0,0.0003,0.0005,0.0007,0.0011,0.69782,0.0115,0.000813,0.67505,0.6902,0.69795,0.70625,0.7186
134.0,0.302152,0.0115,0.000813,0.2814,0.29372,0.302,0.3098,0.32495,0.00042,0.0003,2.1e-5,0.0,0.0002,0.0004,0.0006,0.0011,0.00029,0.00021,1.5e-5,0.0,0.0001,0.0003,0.0004,0.0008,0.00019,0.00016,1.1e-5,0.0,0.0001,0.0002,0.0003,0.0006,0.696948,0.01157,0.000818,0.67474,0.68925,0.6968,0.705,0.71801,0.00048,0.00029,2.1e-5,0.0,0.0003,0.00045,0.0007,0.001,0.697848,0.0115,0.000813,0.67505,0.6902,0.698,0.70628,0.7186
134.5,0.302126,0.01151,0.000814,0.2814,0.29358,0.302,0.3098,0.32495,0.000412,0.00029,2.0e-5,0.0,0.0002,0.0003,0.0006,0.0011,0.000272,0.0002,1.4e-5,0.0,0.0001,0.0002,0.0004,0.0007,0.000186,0.00016,1.1e-5,0.0,0.0001,0.0002,0.0003,0.0005,0.697005,0.01157,0.000818,0.67484,0.68928,0.6968,0.70507,0.71802,0.000458,0.00029,2.0e-5,0.0,0.0002,0.0004,0.0007,0.0011,0.697875,0.01151,0.000814,0.67505,0.6902,0.698,0.70643,0.7186
135.0,0.302104,0.01151,0.000814,0.2813,0.2935,0.302,0.3098,0.32495,0.000395,0.00028,2.0e-5,0.0,0.0002,0.0003,0.0006,0.001,0.00027,0.0002,1.4e-5,0.0,0.0001,0.0002,0.0004,0.0007,0.000174,0.00016,1.1e-5,0.0,0.0001,0.0001,0.0003,0.0005,0.697057,0.01156,0.000818,0.67484,0.6893,0.697,0.7052,0.71802,0.000443,0.00029,2.1e-5,0.0,0.0002,0.0004,0.0006,0.0011,0.697896,0.01151,0.000814,0.67505,0.6902,0.698,0.7065,0.7187
135.5,0.302078,0.01151,0.000814,0.2813,0.2935,0.30195,0.3098,0.32495,0.000383,0.00028,2.0e-5,0.0,0.0002,0.0003,0.0005,0.001,0.000256,0.0002,1.4e-5,0.0,0.0001,0.0002,0.0004,0.0007,0.000162,0.00015,1.1e-5,0.0,0.0001,0.0001,0.0002,0.0005,0.697119,0.01156,0.000817,0.67484,0.68938,0.697,0.70538,0.71802,0.000419,0.00028,2.0e-5,0.0,0.0002,0.0004,0.0006,0.0011,0.697922,0.01151,0.000814,0.67505,0.6902,0.69805,0.7065,0.7187
136.0,0.302049,0.01151,0.000814,0.2813,0.29348,0.30195,0.3098,0.32495,0.000372,0.00027,1.9e-5,0.0,0.0002,0.0003,0.0005,0.001,0.000252,0.0002,1.4e-5,0.0,0.0001,0.0002,0.0004,0.0007,0.000157,0.00015,1.1e-5,0.0,0.0,0.0001,0.0002,0.0005,0.697169,0.01156,0.000817,0.67484,0.68938,0.69705,0.70538,0.71802,0.000409,0.00029,2.0e-5,0.0,0.0002,0.0004,0.0006,0.0011,0.697951,0.01151,0.000814,0.67505,0.6902,0.69805,0.70652,0.7187
136.5,0.302021,0.0115,0.000813,0.2812,0.29348,0.3019,0.30972,0.32495,0.000362,0.00026,1.9e-5,0.0,0.0002,0.0003,0.0005,0.001,0.000243,0.00021,1.5e-5,0.0,0.0001,0.0002,0.0004,0.0007,0.00015,0.00014,1.0e-5,0.0,0.0,0.0001,0.00022,0.0005,0.697224,0.01155,0.000817,0.67484,0.68938,0.6973,0.70545,0.71802,0.000392,0.00028,2.0e-5,0.0,0.0002,0.0003,0.0006,0.001,0.697979,0.0115,0.000813,0.67505,0.69028,0.6981,0.70652,0.7188
137.0,0.301995,0.01151,0.000814,0.2812,0.29348,0.3019,0.30972,0.32495,0.000345,0.00026,1.8e-5,0.0,0.0001,0.0003,0.0005,0.001,0.00024,0.00021,1.5e-5,0.0,0.0001,0.0002,0.0004,0.0007,0.000146,0.00015,1.0e-5,0.0,0.0,0.0001,0.0002,0.0005,0.697274,0.01155,0.000817,0.67484,0.68938,0.69735,0.7056,0.71811,0.000386,0.00028,2.0e-5,0.0,0.0002,0.0003,0.00052,0.0011,0.698005,0.01151,0.000814,0.67505,0.69028,0.6981,0.70652,0.7188
137.5,0.301975,0.01151,0.000814,0.2812,0.2934,0.3018,0.30972,0.32485,0.000332,0.00024,1.7e-5,0.0,0.0002,0.0003,0.0005,0.0009,0.00023,0.0002,1.4e-5,0.0,0.0001,0.0002,0.0003,0.0007,0.00014,0.00014,1.0e-5,0.0,0.0,0.0001,0.0002,0.0005,0.697323,0.01154,0.000816,0.67484,0.6894,0.69755,0.70565,0.71821,0.000369,0.00027,1.9e-5,0.0,0.0002,0.0003,0.0005,0.001,0.698025,0.01151,0.000814,0.67515,0.69028,0.6982,0.7066,0.7188
138.0,0.301956,0.01151,0.000814,0.2812,0.2934,0.3017,0.30972,0.32485,0.000326,0.00024,1.7e-5,0.0,0.00018,0.0003,0.0005,0.0009,0.00022,0.00019,1.4e-5,0.0,0.0001,0.0002,0.0003,0.0007,0.00013,0.00014,1.0e-5,0.0,0.0,0.0001,0.0002,0.0004,0.697367,0.01155,0.000816,0.67484,0.6894,0.69755,0.70568,0.71821,0.000351,0.00026,1.8e-5,0.0,0.0002,0.0003,0.0005,0.0009,0.698044,0.01151,0.000814,0.67515,0.69028,0.6983,0.7066,0.7188
138.5,0.30194,0.0115,0.000813,0.2812,0.2934,0.30165,0.3097,0.32485,0.000312,0.00024,1.7e-5,0.0,0.0001,0.0003,0.0004,0.0009,0.000208,0.00019,1.3e-5,0.0,0.0001,0.0002,0.0003,0.0007,0.000128,0.00013,1.0e-5,0.0,0.0,0.0001,0.0002,0.0004,0.697413,0.01154,0.000816,0.67484,0.68948,0.6976,0.70575,0.71831,0.000335,0.00025,1.8e-5,0.0,0.0002,0.0003,0.0005,0.0009,0.698061,0.0115,0.000813,0.67515,0.6903,0.69835,0.7066,0.7188
139.0,0.301922,0.0115,0.000813,0.28119,0.2934,0.30165,0.3097,0.32485,0.000296,0.00024,1.7e-5,0.0,0.0001,0.0002,0.0004,0.0008,0.000196,0.00018,1.3e-5,0.0,0.0001,0.0002,0.0003,0.0006,0.000127,0.00013,9.0e-6,0.0,0.0,0.0001,0.0002,0.0004,0.69746,0.01154,0.000816,0.67485,0.68958,0.69765,0.70592,0.71831,0.000323,0.00025,1.7e-5,0.0,0.0001,0.0003,0.0005,0.0009,0.698079,0.0115,0.000813,0.67515,0.6903,0.69835,0.7066,0.71881
139.5,0.301897,0.0115,0.000813,0.28119,0.2934,0.3015,0.3097,0.32475,0.000293,0.00023,1.7e-5,0.0,0.0001,0.00025,0.0004,0.0009,0.000191,0.00018,1.2e-5,0.0,0.0001,0.0002,0.0003,0.0006,0.000118,0.00013,9.0e-6,0.0,0.0,0.0001,0.0002,0.0004,0.697502,0.01154,0.000816,0.67485,0.68958,0.6978,0.70595,0.71831,0.000308,0.00024,1.7e-5,0.0,0.0001,0.0003,0.0004,0.0009,0.698103,0.0115,0.000813,0.67525,0.6903,0.6985,0.7066,0.71881
140.0,0.301882,0.0115,0.000813,0.28119,0.2934,0.3015,0.3097,0.32475,0.000279,0.00023,1.6e-5,0.0,0.0001,0.0002,0.0004,0.0009,0.000182,0.00018,1.2e-5,0.0,0.0,0.0002,0.0003,0.0006,0.000118,0.00013,9.0e-6,0.0,0.0,0.0001,0.0002,0.0004,0.697539,0.01154,0.000816,0.67485,0.6896,0.69785,0.70595,0.7185,0.0003,0.00023,1.7e-5,0.0,0.0001,0.0003,0.0004,0.0008,0.698118,0.0115,0.000813,0.67525,0.6903,0.6985,0.7066,0.71881
140.5,0.301865,0.0115,0.000813,0.28119,0.2934,0.3015,0.3097,0.32475,0.00027,0.00023,1.7e-5,0.0,0.0001,0.0002,0.0004,0.0009,0.00018,0.00018,1.3e-5,0.0,0.0,0.0001,0.0003,0.0006,0.000112,0.00012,9.0e-6,0.0,0.0,0.0001,0.0002,0.0004,0.697573,0.01154,0.000816,0.67485,0.6896,0.69785,0.70602,0.7186,0.000292,0.00024,1.7e-5,0.0,0.0001,0.0002,0.0004,0.0009,0.698135,0.0115,0.000813,0.67525,0.6903,0.6985,0.7066,0.71881
141.0,0.30185,0.01149,0.000812,0.28119,0.2934,0.30145,0.3097,0.32465,0.000255,0.00023,1.6e-5,0.0,0.0001,0.0002,0.0004,0.0008,0.000171,0.00017,1.2e-5,0.0,0.0,0.0001,0.0003,0.0005,0.000112,0.00012,9.0e-6,0.0,0.0,0.0001,0.0002,0.0004,0.697612,0.01153,0.000816,0.67485,0.68975,0.69785,0.7061,0.7187,0.000282,0.00023,1.7e-5,0.0,0.0001,0.0002,0.0004,0.0008,0.69815,0.01149,0.000812,0.67535,0.6903,0.69855,0.7066,0.71881
141.5,0.301831,0.01149,0.000812,0.28119,0.2934,0.30145,0.3097,0.32465,0.000256,0.00022,1.6e-5,0.0,0.0001,0.0002,0.0004,0.0008,0.00016,0.00017,1.2e-5,0.0,0.0,0.0001,0.0002,0.0005,0.000106,0.00012,8.0e-6,0.0,0.0,0.0001,0.0002,0.0004,0.697648,0.01153,0.000816,0.67486,0.6898,0.6979,0.70612,0.7187,0.000266,0.00022,1.6e-5,0.0,0.0001,0.0002,0.0004,0.0007,0.698169,0.01149,0.000812,0.67535,0.6903,0.69855,0.7066,0.71881
142.0,0.301812,0.01149,0.000812,0.28119,0.2934,0.30145,0.3097,0.32465,0.000248,0.00022,1.5e-5,0.0,0.0001,0.0002,0.00032,0.0007,0.000156,0.00016,1.2e-5,0.0,0.0,0.0001,0.0002,0.0006,0.000104,0.00012,9.0e-6,0.0,0.0,0.0001,0.0002,0.0004,0.69768,0.01153,0.000816,0.67486,0.68988,0.69795,0.7062,0.7187,0.00026,0.00022,1.6e-5,0.0,0.0001,0.0002,0.0004,0.0008,0.698188,0.01149,0.000812,0.67535,0.6903,0.69855,0.7066,0.71881
142.5,0.301798,0.01149,0.000812,0.28119,0.2934,0.3014,0.3097,0.32465,0.000239,0.00021,1.5e-5,0.0,0.0001,0.0002,0.0003,0.0008,0.000155,0.00016,1.1e-5,0.0,0.0,0.0001,0.0003,0.0005,9.9e-5,0.00011,8.0e-6,0.0,0.0,0.0001,0.00012,0.0003,0.69771,0.01153,0.000815,0.67486,0.68988,0.69795,0.7062,0.7187,0.000254,0.00022,1.5e-5,0.0,0.0001,0.0002,0.0004,0.0007,0.698202,0.01149,0.000812,0.67535,0.6903,0.6986,0.7066,0.71881
143.0,0.30178,0.01149,0.000812,0.28119,0.2934,0.3014,0.3097,0.32465,0.00023,0.00021,1.5e-5,0.0,0.0001,0.0002,0.0003,0.0008,0.000153,0.00016,1.1e-5,0.0,0.0,0.0001,0.0003,0.0005,0.0001,0.00011,8.0e-6,0.0,0.0,0.0001,0.0001,0.0004,0.697736,0.01153,0.000815,0.67486,0.6899,0.698,0.70625,0.7187,0.000253,0.00021,1.5e-5,0.0,0.0001,0.0002,0.0004,0.0007,0.69822,0.01149,0.000812,0.67535,0.6903,0.6986,0.7066,0.71882
143.5,0.301766,0.01148,0.000812,0.28119,0.2934,0.30135,0.3097,0.32465,0.000221,0.00021,1.5e-5,0.0,0.0001,0.0002,0.0003,0.0008,0.000149,0.00015,1.1e-5,0.0,0.0,0.0001,0.0002,0.0005,9.8e-5,0.00011,8.0e-6,0.0,0.0,0.0001,0.0001,0.0004,0.697767,0.01152,0.000815,0.67486,0.69,0.69805,0.70632,0.7187,0.000246,0.00021,1.5e-5,0.0,0.0001,0.0002,0.0004,0.0008,0.698234,0.01148,0.000812,0.67535,0.6903,0.69865,0.7066,0.71882
144.0,0.301755,0.01149,0.000812,0.28118,0.2934,0.30135,0.3097,0.32465,0.000208,0.0002,1.4e-5,0.0,0.0001,0.0002,0.0003,0.0007,0.000145,0.00015,1.0e-5,0.0,0.0,0.0001,0.0002,0.0004,9.6e-5,0.00011,8.0e-6,0.0,0.0,0.0001,0.0001,0.0004,0.697795,0.01153,0.000815,0.67496,0.69,0.69805,0.70632,0.7187,0.000242,0.00022,1.5e-5,0.0,0.0001,0.0002,0.00032,0.0008,0.698245,0.01149,0.000812,0.67535,0.6903,0.69865,0.7066,0.71882
144.5,0.301742,0.01149,0.000812,0.28118,0.2934,0.3013,0.3097,0.32465,0.000202,0.00019,1.4e-5,0.0,0.0001,0.0001,0.0003,0.0007,0.00014,0.00015,1.0e-5,0.0,0.0,0.0001,0.0002,0.0004,9.0e-5,0.00011,8.0e-6,0.0,0.0,0.0001,0.0001,0.0004,0.697826,0.01152,0.000815,0.67496,0.69,0.69815,0.70632,0.7187,0.00023,0.00021,1.5e-5,0.0,0.0001,0.0002,0.0003,0.0008,0.698258,0.01149,0.000812,0.67535,0.6903,0.6987,0.7066,0.71882
145.0,0.301729,0.01149,0.000812,0.28118,0.2934,0.3013,0.3097,0.32465,0.000196,0.0002,1.4e-5,0.0,8.0e-5,0.0001,0.0003,0.0008,0.000136,0.00015,1.0e-5,0.0,0.0,0.0001,0.0002,0.0004,8.6e-5,0.0001,7.0e-6,0.0,0.0,0.0001,0.0001,0.0003,0.697853,0.01152,0.000815,0.67496,0.69,0.69825,0.70643,0.7188,0.000223,0.0002,1.4e-5,0.0,0.0001,0.0002,0.0003,0.0008,0.698271,0.01149,0.000812,0.67535,0.6903,0.6987,0.7066,0.71882
145.5,0.30172,0.01149,0.000813,0.28118,0.2934,0.3013,0.3097,0.32465,0.00018,0.00018,1.3e-5,0.0,0.0,0.0001,0.0003,0.0007,0.000139,0.00014,1.0e-5,0.0,0.0,0.0001,0.0002,0.0004,8.2e-5,0.0001,7.0e-6,0.0,0.0,0.0001,0.0001,0.0003,0.69788,0.01152,0.000815,0.67496,0.69,0.69835,0.70643,0.7188,0.00022,0.00019,1.4e-5,0.0,0.0001,0.0002,0.0003,0.0007,0.698281,0.01149,0.000813,0.67535,0.6903,0.6987,0.7066,0.71882
146.0,0.301711,0.01149,0.000812,0.28118,0.2934,0.3013,0.3097,0.32455,0.000172,0.00018,1.3e-5,0.0,0.0,0.0001,0.0003,0.0006,0.000135,0.00014,1.0e-5,0.0,0.0,0.0001,0.0002,0.0004,7.7e-5,9.0e-5,6.0e-6,0.0,0.0,0.0001,0.0001,0.0003,0.697906,0.01151,0.000814,0.67505,0.6901,0.69835,0.7065,0.7188,0.000212,0.00019,1.3e-5,0.0,0.0001,0.0002,0.00032,0.0006,0.698289,0.01149,0.000812,0.67545,0.6903,0.6987,0.7066,0.71882
146.5,0.301697,0.01149,0.000812,0.28118,0.2934,0.3013,0.3097,0.32455,0.000166,0.00018,1.3e-5,0.0,0.0,0.0001,0.0002,0.0006,0.000132,0.00014,1.0e-5,0.0,0.0,0.0001,0.0002,0.0004,7.6e-5,9.0e-5,6.0e-6,0.0,0.0,0.0001,0.0001,0.0003,0.69793,0.01151,0.000814,0.67505,0.6901,0.69835,0.70652,0.7188,0.000208,0.00019,1.3e-5,0.0,0.0001,0.0002,0.0003,0.0006,0.698304,0.01149,0.000812,0.67545,0.6903,0.6987,0.7066,0.71882
147.0,0.301686,0.01149,0.000813,0.28118,0.2934,0.3013,0.3097,0.32455,0.00016,0.00017,1.2e-5,0.0,0.0,0.0001,0.0002,0.0006,0.000126,0.00015,1.0e-5,0.0,0.0,0.0001,0.0002,0.0005,7.0e-5,8.0e-5,6.0e-6,0.0,0.0,0.0001,0.0001,0.0003,0.697958,0.01151,0.000814,0.67506,0.6901,0.6984,0.7066,0.7188,0.000196,0.00019,1.3e-5,0.0,0.0,0.0001,0.0003,0.0006,0.698314,0.01149,0.000813,0.67545,0.6903,0.6987,0.7066,0.71882
147.5,0.30168,0.01149,0.000812,0.28118,0.2934,0.3013,0.3097,0.32455,0.00015,0.00016,1.1e-5,0.0,0.0,0.0001,0.0002,0.0006,0.000117,0.00014,1.0e-5,0.0,0.0,0.0001,0.0002,0.0005,7.0e-5,8.0e-5,6.0e-6,0.0,0.0,0.0001,0.0001,0.0003,0.697983,0.01152,0.000814,0.67506,0.69018,0.6984,0.7066,0.7188,0.000187,0.00018,1.3e-5,0.0,0.0,0.00015,0.0003,0.0006,0.698321,0.01149,0.000812,0.67545,0.6903,0.6987,0.7066,0.71882
148.0,0.301672,0.01149,0.000812,0.28118,0.2934,0.3013,0.3097,0.32455,0.000146,0.00016,1.1e-5,0.0,0.0,0.0001,0.0002,0.0006,0.000114,0.00014,1.0e-5,0.0,0.0,0.0001,0.0002,0.0005,6.2e-5,8.0e-5,6.0e-6,0.0,0.0,0.0,0.0001,0.0003,0.698007,0.01151,0.000814,0.67506,0.69018,0.6984,0.7066,0.7188,0.000176,0.00018,1.3e-5,0.0,0.0,0.0001,0.0003,0.0006,0.698329,0.01149,0.000812,0.67545,0.6903,0.6987,0.7066,0.71882
148.5,0.301664,0.01149,0.000812,0.28118,0.2934,0.3013,0.3097,0.32455,0.000138,0.00015,1.1e-5,0.0,0.0,0.0001,0.0002,0.0005,0.000106,0.00014,1.0e-5,0.0,0.0,0.0001,0.0002,0.0005,6.1e-5,8.0e-5,6.0e-6,0.0,0.0,0.0,0.0001,0.0003,0.698031,0.01151,0.000814,0.67506,0.69018,0.69855,0.7066,0.7188,0.000167,0.00018,1.3e-5,0.0,0.0,0.0001,0.0003,0.0006,0.698336,0.01149,0.000812,0.67545,0.6903,0.6987,0.7066,0.71882
149.0,0.301656,0.01149,0.000813,0.28118,0.2934,0.3013,0.3097,0.32455,0.000132,0.00015,1.0e-5,0.0,0.0,0.0001,0.0002,0.0005,0.0001,0.00014,1.0e-5,0.0,0.0,5.0e-5,0.0002,0.0005,6.1e-5,9.0e-5,6.0e-6,0.0,0.0,0.0,0.0001,0.0003,0.698051,0.01151,0.000814,0.67506,0.69018,0.69855,0.7066,0.7188,0.000162,0.00018,1.3e-5,0.0,0.0,0.0001,0.0003,0.0006,0.698344,0.01149,0.000813,0.67545,0.6903,0.6987,0.7066,0.71882
149.5,0.301643,0.01149,0.000813,0.28118,0.2934,0.3013,0.3097,0.32455,0.000131,0.00015,1.1e-5,0.0,0.0,0.0001,0.0002,0.0005,9.3e-5,0.00013,9.0e-6,0.0,0.0,0.0,0.0002,0.0005,6.1e-5,9.0e-5,6.0e-6,0.0,0.0,0.0,0.0001,0.0003,0.698073,0.0115,0.000813,0.67516,0.69018,0.69855,0.7066,0.7188,0.000154,0.00017,1.2e-5,0.0,0.0,0.0001,0.0002,0.0006,0.698357,0.01149,0.000813,0.67545,0.6903,0.6987,0.7066,0.71882
150.0,0.301635,0.01149,0.000813,0.28118,0.2934,0.3013,0.3097,0.32455,0.000126,0.00015,1.1e-5,0.0,0.0,0.0001,0.0002,0.0005,8.5e-5,0.00012,8.0e-6,0.0,0.0,0.0,0.0001,0.0004,5.8e-5,8.0e-5,6.0e-6,0.0,0.0,0.0,0.0001,0.0003,0.698096,0.0115,0.000813,0.67525,0.69018,0.6986,0.7066,0.7188,0.000144,0.00016,1.1e-5,0.0,0.0,0.0001,0.0002,0.0005,0.698365,0.01149,0.000813,0.67545,0.6903,0.6987,0.7066,0.71882
150.5,0.301628,0.01149,0.000813,0.28118,0.2934,0.3013,0.3097,0.32455,0.000121,0.00015,1.1e-5,0.0,0.0,0.0001,0.0002,0.0005,8.2e-5,0.00012,8.0e-6,0.0,0.0,0.0,0.0001,0.0004,5.3e-5,8.0e-5,6.0e-6,0.0,0.0,0.0,0.0001,0.0003,0.698116,0.0115,0.000813,0.67525,0.69018,0.6986,0.7066,0.71881,0.000136,0.00015,1.1e-5,0.0,0.0,0.0001,0.0002,0.0005,0.698372,0.01149,0.000813,0.67545,0.6903,0.6987,0.7066,0.71882
151.0,0.30162,0.01149,0.000812,0.28118,0.2934,0.3013,0.30962,0.32455,0.000115,0.00014,1.0e-5,0.0,0.0,0.0001,0.0002,0.0005,8.0e-5,0.00011,8.0e-6,0.0,0.0,0.0,0.0001,0.0004,5.2e-5,8.0e-5,5.0e-6,0.0,0.0,0.0,0.0001,0.0003,0.698132,0.0115,0.000813,0.67525,0.69018,0.6986,0.7066,0.71881,0.000132,0.00015,1.0e-5,0.0,0.0,0.0001,0.0002,0.0005,0.69838,0.01149,0.000812,0.67545,0.69038,0.6987,0.7066,0.71882
151.5,0.301614,0.01149,0.000812,0.28118,0.2934,0.3013,0.30962,0.32455,0.000113,0.00015,1.0e-5,0.0,0.0,0.0001,0.0002,0.0005,7.4e-5,0.00011,8.0e-6,0.0,0.0,0.0,0.0001,0.0003,4.8e-5,7.0e-5,5.0e-6,0.0,0.0,0.0,0.0001,0.0002,0.698151,0.0115,0.000813,0.67525,0.69018,0.6986,0.7066,0.71881,0.000122,0.00014,1.0e-5,0.0,0.0,0.0001,0.0002,0.0004,0.698386,0.01149,0.000812,0.67545,0.69038,0.6987,0.7066,0.71882
152.0,0.301609,0.01149,0.000812,0.28118,0.2934,0.3013,0.30962,0.32455,0.000109,0.00014,1.0e-5,0.0,0.0,0.0001,0.0002,0.0005,7.1e-5,0.00011,8.0e-6,0.0,0.0,0.0,0.0001,0.0003,4.5e-5,7.0e-5,5.0e-6,0.0,0.0,0.0,0.0001,0.0002,0.698165,0.01151,0.000814,0.67525,0.6902,0.6986,0.7066,0.71881,0.000116,0.00014,1.0e-5,0.0,0.0,0.0001,0.0002,0.0004,0.698391,0.01149,0.000812,0.67545,0.69038,0.6987,0.7066,0.71882
152.5,0.301602,0.01149,0.000812,0.28118,0.2934,0.30125,0.30962,0.32455,0.000107,0.00014,1.0e-5,0.0,0.0,0.0001,0.00012,0.0005,7.0e-5,0.00011,8.0e-6,0.0,0.0,0.0,0.0001,0.0003,4.5e-5,7.0e-5,5.0e-6,0.0,0.0,0.0,0.0001,0.0002,0.698176,0.01151,0.000814,0.67525,0.69028,0.6986,0.7066,0.71881,0.000115,0.00014,1.0e-5,0.0,0.0,0.0001,0.0002,0.0004,0.698398,0.01149,0.000812,0.67545,0.69038,0.69875,0.7066,0.71882
153.0,0.301594,0.01149,0.000812,0.28118,0.2934,0.30125,0.30962,0.32455,9.9e-5,0.00013,9.0e-6,0.0,0.0,0.0001,0.0001,0.0005,7.1e-5,0.00012,8.0e-6,0.0,0.0,0.0,0.0001,0.0004,4.8e-5,8.0e-5,5.0e-6,0.0,0.0,0.0,0.0001,0.0002,0.698187,0.0115,0.000813,0.67525,0.69028,0.69865,0.7066,0.71881,0.000119,0.00016,1.1e-5,0.0,0.0,0.0001,0.0002,0.0005,0.698406,0.01149,0.000812,0.67545,0.69038,0.69875,0.7066,0.71882
153.5,0.301587,0.01148,0.000812,0.28118,0.2934,0.30125,0.30962,0.32445,9.6e-5,0.00013,9.0e-6,0.0,0.0,0.0001,0.0001,0.0004,6.5e-5,0.0001,7.0e-6,0.0,0.0,0.0,0.0001,0.0003,4.7e-5,8.0e-5,6.0e-6,0.0,0.0,0.0,0.0001,0.0003,0.698205,0.0115,0.000813,0.67525,0.69028,0.69865,0.7066,0.71881,0.000112,0.00015,1.1e-5,0.0,0.0,0.0001,0.0002,0.0006,0.698413,0.01148,0.000812,0.67555,0.69038,0.69875,0.7066,0.71882
154.0,0.301584,0.01148,0.000812,0.28118,0.2934,0.30125,0.30955,0.32445,9.2e-5,0.00012,9.0e-6,0.0,0.0,5.0e-5,0.0001,0.0004,6.1e-5,0.0001,7.0e-6,0.0,0.0,0.0,0.0001,0.0003,4.5e-5,8.0e-5,5.0e-6,0.0,0.0,0.0,0.0001,0.0003,0.698219,0.0115,0.000813,0.67535,0.69028,0.69865,0.7066,0.71881,0.000106,0.00014,1.0e-5,0.0,0.0,0.0001,0.0002,0.0005,0.698416,0.01148,0.000812,0.67555,0.69045,0.69875,0.7066,0.71882
154.5,0.301582,0.01148,0.000812,0.28118,0.2934,0.30125,0.30955,0.32445,8.6e-5,0.00012,9.0e-6,0.0,0.0,0.0,0.0001,0.0004,5.6e-5,9.0e-5,6.0e-6,0.0,0.0,0.0,0.0001,0.0003,4.4e-5,8.0e-5,5.0e-6,0.0,0.0,0.0,0.0001,0.0002,0.698233,0.0115,0.000813,0.67545,0.6903,0.69865,0.7066,0.71881,9.9e-5,0.00013,9.0e-6,0.0,0.0,0.0001,0.0002,0.0005,0.698418,0.01148,0.000812,0.67555,0.69045,0.69875,0.7066,0.71882
155.0,0.301576,0.01148,0.000812,0.28118,0.2934,0.30125,0.30955,0.32445,8.4e-5,0.00012,9.0e-6,0.0,0.0,0.0,0.0001,0.0004,5.3e-5,9.0e-5,7.0e-6,0.0,0.0,0.0,0.0001,0.0003,4.1e-5,7.0e-5,5.0e-6,0.0,0.0,0.0,0.0001,0.0002,0.698246,0.0115,0.000813,0.67545,0.6903,0.6987,0.7066,0.71881,9.4e-5,0.00014,1.0e-5,0.0,0.0,0.0,0.0001,0.0005,0.698424,0.01148,0.000812,0.67555,0.69045,0.69875,0.7066,0.71882
155.5,0.30157,0.01148,0.000812,0.28118,0.2934,0.3012,0.30955,0.32445,8.6e-5,0.00013,9.0e-6,0.0,0.0,0.0,0.0001,0.0004,5.0e-5,9.0e-5,6.0e-6,0.0,0.0,0.0,0.0001,0.0003,3.6e-5,6.0e-5,4.0e-6,0.0,0.0,0.0,0.0001,0.0002,0.698259,0.0115,0.000813,0.67545,0.6903,0.6987,0.7066,0.71881,8.5e-5,0.00013,9.0e-6,0.0,0.0,0.0,0.0001,0.0005,0.698431,0.01148,0.000812,0.67555,0.69045,0.6988,0.7066,0.71882
156.0,0.301566,0.01148,0.000812,0.28118,0.2934,0.3012,0.30955,0.32445,8.1e-5,0.00012,9.0e-6,0.0,0.0,0.0,0.0001,0.0004,5.0e-5,9.0e-5,6.0e-6,0.0,0.0,0.0,0.0001,0.0003,3.7e-5,6.0e-5,4.0e-6,0.0,0.0,0.0,0.0001,0.0002,0.698267,0.01149,0.000813,0.67545,0.6903,0.6987,0.7066,0.71881,8.6e-5,0.00012,9.0e-6,0.0,0.0,0.0,0.0001,0.0004,0.698435,0.01148,0.000812,0.67555,0.69045,0.6988,0.7066,0.71882
156.5,0.301559,0.01148,0.000812,0.28118,0.2934,0.30115,0.30955,0.32445,7.8e-5,0.00012,9.0e-6,0.0,0.0,0.0,0.0001,0.0004,4.9e-5,9.0e-5,6.0e-6,0.0,0.0,0.0,0.0001,0.0003,3.7e-5,7.0e-5,5.0e-6,0.0,0.0,0.0,0.0001,0.0002,0.698277,0.01149,0.000813,0.67545,0.6903,0.6987,0.7066,0.71881,8.6e-5,0.00013,9.0e-6,0.0,0.0,0.0,0.0001,0.0004,0.698441,0.01148,0.000812,0.67555,0.69045,0.69885,0.7066,0.71882
157.0,0.301555,0.01148,0.000812,0.28118,0.2934,0.30115,0.30955,0.32445,7.5e-5,0.00012,8.0e-6,0.0,0.0,0.0,0.0001,0.0004,5.0e-5,9.0e-5,7.0e-6,0.0,0.0,0.0,0.0001,0.0003,3.2e-5,6.0e-5,4.0e-6,0.0,0.0,0.0,0.0001,0.0002,0.698288,0.01149,0.000813,0.67545,0.6903,0.6987,0.7066,0.71881,8.2e-5,0.00013,9.0e-6,0.0,0.0,0.0,0.0001,0.0005,0.698445,0.01148,0.000812,0.67555,0.69045,0.69885,0.7066,0.71882
157.5,0.301551,0.01148,0.000812,0.28118,0.2934,0.30115,0.30955,0.32445,7.0e-5,0.00011,8.0e-6,0.0,0.0,0.0,0.0001,0.0004,5.0e-5,9.0e-5,7.0e-6,0.0,0.0,0.0,0.0001,0.0003,3.4e-5,7.0e-5,5.0e-6,0.0,0.0,0.0,0.0001,0.0002,0.698296,0.01149,0.000813,0.67545,0.6903,0.6987,0.7066,0.71881,8.3e-5,0.00013,9.0e-6,0.0,0.0,0.0,0.0001,0.0005,0.698449,0.01148,0.000812,0.67555,0.69045,0.69885,0.7066,0.71882
158.0,0.301545,0.01148,0.000812,0.28118,0.29338,0.30115,0.30955,0.32445,6.9e-5,0.00012,8.0e-6,0.0,0.0,0.0,0.0001,0.0004,5.0e-5,0.0001,7.0e-6,0.0,0.0,0.0,0.0001,0.0003,3.2e-5,6.0e-5,5.0e-6,0.0,0.0,0.0,0.0,0.0002,0.698305,0.01149,0.000812,0.67545,0.6903,0.6987,0.7066,0.71881,8.1e-5,0.00013,9.0e-6,0.0,0.0,0.0,0.0001,0.0004,0.698456,0.01148,0.000812,0.67555,0.69045,0.69885,0.70662,0.71882
158.5,0.30154,0.01148,0.000812,0.28118,0.29338,0.30115,0.30955,0.32445,6.2e-5,0.0001,7.0e-6,0.0,0.0,0.0,0.0001,0.0004,4.8e-5,9.0e-5,6.0e-6,0.0,0.0,0.0,0.0001,0.0003,3.2e-5,7.0e-5,5.0e-6,0.0,0.0,0.0,0.0,0.0002,0.698317,0.01148,0.000812,0.67545,0.6903,0.6987,0.7066,0.71881,8.0e-5,0.00012,9.0e-6,0.0,0.0,0.0,0.0001,0.0004,0.69846,0.01148,0.000812,0.67555,0.69045,0.69885,0.70662,0.71882
159.0,0.301536,0.01148,0.000812,0.28118,0.29338,0.30115,0.30955,0.32445,6.0e-5,0.0001,7.0e-6,0.0,0.0,0.0,0.0001,0.0003,4.5e-5,8.0e-5,6.0e-6,0.0,0.0,0.0,0.0001,0.0003,3.3e-5,7.0e-5,5.0e-6,0.0,0.0,0.0,0.0,0.0002,0.698327,0.01148,0.000812,0.67545,0.6903,0.6987,0.7066,0.71882,7.8e-5,0.00012,8.0e-6,0.0,0.0,0.0,0.0001,0.0004,0.698465,0.01148,0.000812,0.67555,0.69045,0.69885,0.70662,0.71882
159.5,0.301532,0.01148,0.000812,0.28118,0.29338,0.30115,0.30955,0.32445,5.8e-5,0.0001,7.0e-6,0.0,0.0,0.0,0.0001,0.0003,4.3e-5,8.0e-5,6.0e-6,0.0,0.0,0.0,0.0001,0.0003,3.2e-5,6.0e-5,4.0e-6,0.0,0.0,0.0,0.0,0.0002,0.698336,0.01148,0.000812,0.67545,0.6903,0.6987,0.7066,0.71882,7.4e-5,0.00011,8.0e-6,0.0,0.0,0.0,0.0001,0.0004,0.698468,0.01148,0.000812,0.67555,0.69045,0.69885,0.70662,0.71882
160.0,0.301529,0.01148,0.000812,0.28118,0.29338,0.30115,0.30955,0.32445,5.8e-5,0.0001,7.0e-6,0.0,0.0,0.0,0.0001,0.0004,3.9e-5,8.0e-5,5.0e-6,0.0,0.0,0.0,0.0001,0.0002,3.1e-5,6.0e-5,4.0e-6,0.0,0.0,0.0,0.0,0.0002,0.698345,0.01148,0.000812,0.67545,0.69038,0.6987,0.7066,0.71882,7.0e-5,0.00011,8.0e-6,0.0,0.0,0.0,0.0001,0.0003,0.698472,0.01148,0.000812,0.67555,0.69045,0.69885,0.70662,0.71882
160.5,0.301522,0.01148,0.000812,0.28118,0.29338,0.301,0.30955,0.32445,5.4e-5,9.0e-5,7.0e-6,0.0,0.0,0.0,0.0001,0.0003,3.9e-5,8.0e-5,5.0e-6,0.0,0.0,0.0,0.0001,0.0003,3.3e-5,7.0e-5,5.0e-6,0.0,0.0,0.0,0.0,0.0002,0.698353,0.01148,0.000812,0.67545,0.69038,0.6987,0.7066,0.71882,7.2e-5,0.00012,8.0e-6,0.0,0.0,0.0,0.0001,0.0004,0.698479,0.01148,0.000812,0.67555,0.69045,0.699,0.70662,0.71882
161.0,0.301517,0.01148,0.000812,0.28118,0.29338,0.301,0.30955,0.32445,5.1e-5,9.0e-5,6.0e-6,0.0,0.0,0.0,0.0001,0.0003,4.2e-5,9.0e-5,6.0e-6,0.0,0.0,0.0,0.0001,0.0003,3.2e-5,6.0e-5,5.0e-6,0.0,0.0,0.0,0.0,0.0002,0.698357,0.01148,0.000812,0.67555,0.69038,0.6987,0.7066,0.71882,7.4e-5,0.00013,9.0e-6,0.0,0.0,0.0,0.0001,0.0004,0.698483,0.01148,0.000812,0.67555,0.69045,0.699,0.70662,0.71882
161.5,0.301511,0.01148,0.000812,0.28108,0.29338,0.301,0.30955,0.32445,5.3e-5,9.0e-5,7.0e-6,0.0,0.0,0.0,0.0001,0.0003,4.1e-5,9.0e-5,6.0e-6,0.0,0.0,0.0,0.0,0.0003,3.0e-5,6.0e-5,4.0e-6,0.0,0.0,0.0,0.0,0.0002,0.698365,0.01148,0.000811,0.67555,0.69038,0.6987,0.7066,0.71882,7.1e-5,0.00012,9.0e-6,0.0,0.0,0.0,0.0001,0.0004,0.698489,0.01148,0.000812,0.67555,0.69045,0.699,0.70662,0.71892
162.0,0.301507,0.01148,0.000812,0.28108,0.29338,0.301,0.30955,0.32445,5.3e-5,0.0001,7.0e-6,0.0,0.0,0.0,0.0001,0.0004,4.0e-5,9.0e-5,6.0e-6,0.0,0.0,0.0,0.0,0.0003,2.9e-5,6.0e-5,4.0e-6,0.0,0.0,0.0,0.0,0.0002,0.698371,0.01148,0.000812,0.67555,0.69038,0.6987,0.7066,0.71882,6.9e-5,0.00012,9.0e-6,0.0,0.0,0.0,0.0001,0.0004,0.698493,0.01148,0.000812,0.67555,0.69045,0.699,0.70662,0.71892
162.5,0.301503,0.01148,0.000812,0.28108,0.29338,0.301,0.30955,0.32445,5.3e-5,0.0001,7.0e-6,0.0,0.0,0.0,0.0001,0.0004,3.6e-5,9.0e-5,6.0e-6,0.0,0.0,0.0,0.0,0.0003,2.7e-5,6.0e-5,4.0e-6,0.0,0.0,0.0,0.0,0.0002,0.69838,0.01147,0.000811,0.67555,0.69038,0.6987,0.7066,0.71882,6.4e-5,0.00012,9.0e-6,0.0,0.0,0.0,0.0001,0.0004,0.698497,0.01148,0.000812,0.67555,0.69045,0.699,0.70662,0.71892
163.0,0.301502,0.01148,0.000812,0.28108,0.29338,0.301,0.30955,0.32445,5.2e-5,0.0001,7.0e-6,0.0,0.0,0.0,0.0001,0.0003,3.2e-5,7.0e-5,5.0e-6,0.0,0.0,0.0,0.0,0.0002,2.2e-5,5.0e-5,4.0e-6,0.0,0.0,0.0,0.0,0.0002,0.698394,0.01148,0.000811,0.67555,0.69045,0.6987,0.7066,0.71882,5.3e-5,0.0001,7.0e-6,0.0,0.0,0.0,0.0001,0.0003,0.698499,0.01148,0.000812,0.67555,0.69045,0.699,0.70662,0.71892
163.5,0.301498,0.01149,0.000812,0.28108,0.29338,0.301,0.30952,0.32445,5.2e-5,0.0001,7.0e-6,0.0,0.0,0.0,0.0001,0.0003,3.1e-5,7.0e-5,5.0e-6,0.0,0.0,0.0,0.0,0.0003,2.0e-5,6.0e-5,4.0e-6,0.0,0.0,0.0,0.0,0.0002,0.698399,0.01148,0.000812,0.67555,0.69045,0.6987,0.7066,0.71882,5.1e-5,0.0001,7.0e-6,0.0,0.0,0.0,0.0001,0.0003,0.698503,0.01149,0.000812,0.67555,0.69048,0.699,0.70662,0.71892
164.0,0.301496,0.01148,0.000812,0.28108,0.29338,0.301,0.30952,0.32445,4.8e-5,9.0e-5,6.0e-6,0.0,0.0,0.0,0.0001,0.0003,3.0e-5,7.0e-5,5.0e-6,0.0,0.0,0.0,0.0,0.0002,2.0e-5,5.0e-5,4.0e-6,0.0,0.0,0.0,0.0,0.0001,0.698406,0.01148,0.000812,0.67555,0.69045,0.6987,0.7066,0.71882,5.0e-5,0.0001,7.0e-6,0.0,0.0,0.0,0.0001,0.0003,0.698505,0.01148,0.000812,0.67555,0.69048,0.699,0.70662,0.71892
164.5,0.301493,0.01148,0.000812,0.28108,0.29338,0.301,0.30952,0.32445,4.6e-5,9.0e-5,6.0e-6,0.0,0.0,0.0,0.0001,0.0003,3.0e-5,8.0e-5,5.0e-6,0.0,0.0,0.0,0.0,0.0003,2.0e-5,5.0e-5,4.0e-6,0.0,0.0,0.0,0.0,0.0001,0.698411,0.01148,0.000812,0.67555,0.69045,0.6988,0.7066,0.71882,5.0e-5,0.0001,7.0e-6,0.0,0.0,0.0,0.0001,0.0003,0.698507,0.01148,0.000812,0.67555,0.69048,0.699,0.70662,0.71892
165.0,0.301491,0.01148,0.000812,0.28108,0.29338,0.301,0.30952,0.32445,4.0e-5,8.0e-5,6.0e-6,0.0,0.0,0.0,0.0001,0.0003,3.2e-5,8.0e-5,6.0e-6,0.0,0.0,0.0,0.0,0.0003,2.2e-5,6.0e-5,4.0e-6,0.0,0.0,0.0,0.0,0.0001,0.698415,0.01148,0.000812,0.67555,0.69045,0.6988,0.7066,0.71882,5.4e-5,0.00011,8.0e-6,0.0,0.0,0.0,0.0001,0.0004,0.698509,0.01148,0.000812,0.67555,0.69048,0.699,0.70662,0.71892
165.5,0.301489,0.01149,0.000812,0.28108,0.29338,0.301,0.30952,0.32445,3.6e-5,7.0e-5,5.0e-6,0.0,0.0,0.0,0.0001,0.0002,3.1e-5,8.0e-5,5.0e-6,0.0,0.0,0.0,0.0,0.0002,1.8e-5,5.0e-5,4.0e-6,0.0,0.0,0.0,0.0,0.0001,0.698426,0.01148,0.000811,0.67555,0.69045,0.6988,0.7066,0.71882,5.0e-5,0.0001,7.0e-6,0.0,0.0,0.0,0.0001,0.0004,0.698511,0.01149,0.000812,0.67555,0.69048,0.699,0.70662,0.71892
166.0,0.301486,0.01149,0.000812,0.28108,0.29338,0.301,0.30952,0.32445,3.5e-5,7.0e-5,5.0e-6,0.0,0.0,0.0,0.0,0.0002,3.0e-5,7.0e-5,5.0e-6,0.0,0.0,0.0,0.0,0.0002,1.7e-5,5.0e-5,3.0e-6,0.0,0.0,0.0,0.0,0.0001,0.698434,0.01148,0.000811,0.67555,0.69045,0.69885,0.70662,0.71882,4.7e-5,0.0001,7.0e-6,0.0,0.0,0.0,0.0001,0.0004,0.698515,0.01149,0.000812,0.67555,0.69048,0.699,0.70662,0.71892
166.5,0.301483,0.01149,0.000812,0.28098,0.29338,0.301,0.30952,0.32445,3.4e-5,7.0e-5,5.0e-6,0.0,0.0,0.0,0.0,0.0002,2.9e-5,7.0e-5,5.0e-6,0.0,0.0,0.0,0.0,0.0002,1.8e-5,5.0e-5,3.0e-6,0.0,0.0,0.0,0.0,0.0001,0.698438,0.01147,0.000811,0.67555,0.69045,0.6989,0.70662,0.71882,4.6e-5,0.0001,7.0e-6,0.0,0.0,0.0,0.0001,0.0004,0.698517,0.01149,0.000812,0.67555,0.69048,0.699,0.70662,0.71902
167.0,0.30148,0.01149,0.000812,0.28098,0.29338,0.301,0.30952,0.32445,3.3e-5,7.0e-5,5.0e-6,0.0,0.0,0.0,0.0,0.0002,2.9e-5,7.0e-5,5.0e-6,0.0,0.0,0.0,0.0,0.0002,1.9e-5,5.0e-5,4.0e-6,0.0,0.0,0.0,0.0,0.0002,0.698439,0.01148,0.000811,0.67555,0.69045,0.6989,0.70662,0.71882,4.8e-5,0.0001,7.0e-6,0.0,0.0,0.0,0.0001,0.0004,0.69852,0.01149,0.000812,0.67555,0.69048,0.699,0.70662,0.71902
167.5,0.301476,0.01149,0.000812,0.28098,0.29338,0.301,0.30952,0.32445,3.3e-5,7.0e-5,5.0e-6,0.0,0.0,0.0,0.0,0.0002,2.5e-5,6.0e-5,5.0e-6,0.0,0.0,0.0,0.0,0.0002,1.9e-5,5.0e-5,4.0e-6,0.0,0.0,0.0,0.0,0.0002,0.698447,0.01148,0.000811,0.67555,0.69045,0.69895,0.70662,0.71882,4.4e-5,0.0001,7.0e-6,0.0,0.0,0.0,0.0,0.0004,0.698524,0.01149,0.000812,0.67555,0.69048,0.699,0.70662,0.71902
168.0,0.301473,0.01149,0.000812,0.28098,0.29338,0.301,0.30952,0.32445,3.3e-5,7.0e-5,5.0e-6,0.0,0.0,0.0,0.0,0.0002,2.6e-5,6.0e-5,4.0e-6,0.0,0.0,0.0,0.0,0.0002,1.9e-5,6.0e-5,4.0e-6,0.0,0.0,0.0,0.0,0.0002,0.698449,0.01148,0.000811,0.67555,0.69045,0.69895,0.70662,0.71882,4.5e-5,0.0001,7.0e-6,0.0,0.0,0.0,0.0,0.0003,0.698527,0.01149,0.000812,0.67555,0.69048,0.699,0.70662,0.71902
168.5,0.30147,0.01149,0.000812,0.28098,0.29338,0.301,0.30952,0.32445,3.4e-5,7.0e-5,5.0e-6,0.0,0.0,0.0,0.0,0.0002,2.3e-5,6.0e-5,4.0e-6,0.0,0.0,0.0,0.0,0.0002,2.0e-5,6.0e-5,4.0e-6,0.0,0.0,0.0,0.0,0.0002,0.698455,0.01148,0.000811,0.67555,0.69045,0.69895,0.70662,0.71882,4.2e-5,9.0e-5,7.0e-6,0.0,0.0,0.0,0.0,0.0003,0.69853,0.01149,0.000812,0.67555,0.69048,0.699,0.70662,0.71902
169.0,0.301468,0.01149,0.000812,0.28098,0.29338,0.301,0.30952,0.32445,3.2e-5,7.0e-5,5.0e-6,0.0,0.0,0.0,0.0,0.0002,2.3e-5,6.0e-5,4.0e-6,0.0,0.0,0.0,0.0,0.0002,2.0e-5,6.0e-5,4.0e-6,0.0,0.0,0.0,0.0,0.0002,0.698458,0.01148,0.000811,0.67555,0.69048,0.69895,0.70662,0.71882,4.2e-5,9.0e-5,7.0e-6,0.0,0.0,0.0,0.0,0.0003,0.698532,0.01149,0.000812,0.67555,0.69048,0.699,0.70662,0.71902
169.5,0.301466,0.01149,0.000812,0.28098,0.29338,0.301,0.30952,0.32445,3.3e-5,7.0e-5,5.0e-6,0.0,0.0,0.0,0.0,0.0003,2.1e-5,6.0e-5,4.0e-6,0.0,0.0,0.0,0.0,0.0002,1.8e-5,6.0e-5,4.0e-6,0.0,0.0,0.0,0.0,0.0002,0.698463,0.01148,0.000811,0.67555,0.69048,0.69895,0.70662,0.71882,3.9e-5,0.0001,7.0e-6,0.0,0.0,0.0,0.0,0.0003,0.698534,0.01149,0.000812,0.67555,0.69048,0.699,0.70662,0.71902
170.0,0.301463,0.01149,0.000812,0.28098,0.29338,0.301,0.30952,0.32445,3.3e-5,7.0e-5,5.0e-6,0.0,0.0,0.0,0.0,0.0003,2.0e-5,6.0e-5,4.0e-6,0.0,0.0,0.0,0.0,0.0002,1.8e-5,6.0e-5,4.0e-6,0.0,0.0,0.0,0.0,0.0002,0.698467,0.01148,0.000812,0.67555,0.69048,0.69895,0.70662,0.71882,3.8e-5,0.0001,7.0e-6,0.0,0.0,0.0,0.0,0.0003,0.698537,0.01149,0.000812,0.67555,0.69048,0.699,0.70662,0.71902
170.5,0.301462,0.01149,0.000812,0.28098,0.29338,0.301,0.30952,0.32445,3.2e-5,7.0e-5,5.0e-6,0.0,0.0,0.0,0.0,0.0003,1.8e-5,6.0e-5,4.0e-6,0.0,0.0,0.0,0.0,0.0002,1.8e-5,6.0e-5,4.0e-6,0.0,0.0,0.0,0.0,0.0002,0.69847,0.01148,0.000812,0.67555,0.69048,0.69895,0.70662,0.71882,3.6e-5,0.0001,7.0e-6,0.0,0.0,0.0,0.0,0.0003,0.698539,0.01149,0.000812,0.67555,0.69048,0.699,0.70662,0.71902
171.0,0.301458,0.01149,0.000813,0.28078,0.29338,0.301,0.30952,0.32445,3.4e-5,8.0e-5,5.0e-6,0.0,0.0,0.0,0.0,0.0003,1.6e-5,6.0e-5,4.0e-6,0.0,0.0,0.0,0.0,0.0002,1.8e-5,6.0e-5,4.0e-6,0.0,0.0,0.0,0.0,0.0002,0.698475,0.01148,0.000812,0.67555,0.69048,0.69895,0.70662,0.71882,3.4e-5,0.0001,7.0e-6,0.0,0.0,0.0,0.0,0.0003,0.698542,0.01149,0.000813,0.67555,0.69048,0.699,0.70662,0.71922
171.5,0.301456,0.01149,0.000813,0.28078,0.29338,0.301,0.30952,0.32445,3.2e-5,8.0e-5,5.0e-6,0.0,0.0,0.0,0.0,0.0003,1.5e-5,5.0e-5,4.0e-6,0.0,0.0,0.0,0.0,0.0002,1.8e-5,5.0e-5,4.0e-6,0.0,0.0,0.0,0.0,0.0002,0.69848,0.01148,0.000812,0.67555,0.69048,0.699,0.70662,0.71892,3.3e-5,9.0e-5,6.0e-6,0.0,0.0,0.0,0.0,0.0003,0.698544,0.01149,0.000813,0.67555,0.69048,0.699,0.70662,0.71922
172.0,0.301454,0.01149,0.000813,0.28078,0.29338,0.301,0.30952,0.32445,3.1e-5,8.0e-5,6.0e-6,0.0,0.0,0.0,0.0,0.0003,1.3e-5,5.0e-5,3.0e-6,0.0,0.0,0.0,0.0,0.0001,1.6e-5,5.0e-5,3.0e-6,0.0,0.0,0.0,0.0,0.0002,0.698487,0.01148,0.000812,0.67555,0.69048,0.699,0.70662,0.71892,2.8e-5,8.0e-5,6.0e-6,0.0,0.0,0.0,0.0,0.0003,0.698546,0.01149,0.000813,0.67555,0.69048,0.699,0.70662,0.71922
172.5,0.301453,0.01149,0.000813,0.28078,0.29338,0.301,0.30952,0.32445,2.8e-5,7.0e-5,5.0e-6,0.0,0.0,0.0,0.0,0.0002,1.3e-5,4.0e-5,3.0e-6,0.0,0.0,0.0,0.0,0.0001,1.5e-5,5.0e-5,3.0e-6,0.0,0.0,0.0,0.0,0.0002,0.698491,0.01148,0.000812,0.67555,0.69048,0.699,0.70662,0.71892,2.8e-5,8.0e-5,6.0e-6,0.0,0.0,0.0,0.0,0.0003,0.698547,0.01149,0.000813,0.67555,0.69048,0.699,0.70662,0.71922
173.0,0.301451,0.01149,0.000813,0.28078,0.29338,0.301,0.30952,0.32445,2.9e-5,7.0e-5,5.0e-6,0.0,0.0,0.0,0.0,0.0003,1.0e-5,4.0e-5,2.0e-6,0.0,0.0,0.0,0.0,0.0001,1.5e-5,5.0e-5,3.0e-6,0.0,0.0,0.0,0.0,0.0002,0.698495,0.01149,0.000812,0.67555,0.69048,0.699,0.70662,0.71892,2.5e-5,7.0e-5,5.0e-6,0.0,0.0,0.0,0.0,0.0003,0.698549,0.01149,0.000813,0.67555,0.69048,0.699,0.70662,0.71922
173.5,0.301449,0.01149,0.000813,0.28078,0.29338,0.301,0.30952,0.32445,2.8e-5,7.0e-5,5.0e-6,0.0,0.0,0.0,0.0,0.0002,9.0e-6,3.0e-5,2.0e-6,0.0,0.0,0.0,0.0,0.0001,1.6e-5,5.0e-5,4.0e-6,0.0,0.0,0.0,0.0,0.0002,0.698498,0.01149,0.000812,0.67555,0.69048,0.699,0.70662,0.71902,2.5e-5,7.0e-5,5.0e-6,0.0,0.0,0.0,0.0,0.0003,0.698551,0.01149,0.000813,0.67555,0.69048,0.699,0.70662,0.71922
174.0,0.301448,0.01149,0.000813,0.28078,0.29338,0.301,0.30952,0.32445,2.7e-5,7.0e-5,5.0e-6,0.0,0.0,0.0,0.0,0.0002,8.0e-6,3.0e-5,2.0e-6,0.0,0.0,0.0,0.0,0.0001,1.6e-5,5.0e-5,4.0e-6,0.0,0.0,0.0,0.0,0.0002,0.698502,0.01149,0.000813,0.67555,0.69048,0.699,0.70662,0.71902,2.4e-5,7.0e-5,5.0e-6,0.0,0.0,0.0,0.0,0.0002,0.698552,0.01149,0.000813,0.67555,0.69048,0.699,0.70662,0.71922
174.5,0.301448,0.01149,0.000813,0.28078,0.29338,0.301,0.30952,0.32445,2.4e-5,6.0e-5,5.0e-6,0.0,0.0,0.0,0.0,0.0002,7.0e-6,3.0e-5,2.0e-6,0.0,0.0,0.0,0.0,0.0001,1.6e-5,5.0e-5,4.0e-6,0.0,0.0,0.0,0.0,0.0001,0.698507,0.01149,0.000813,0.67555,0.69048,0.699,0.70662,0.71902,2.2e-5,7.0e-5,5.0e-6,0.0,0.0,0.0,0.0,0.0002,0.698553,0.01149,0.000813,0.67555,0.69048,0.699,0.70662,0.71922
175.0,0.301446,0.01149,0.000813,0.28068,0.29338,0.301,0.30952,0.32445,2.1e-5,6.0e-5,4.0e-6,0.0,0.0,0.0,0.0,0.0002,6.0e-6,3.0e-5,2.0e-6,0.0,0.0,0.0,0.0,0.0001,1.5e-5,5.0e-5,3.0e-6,0.0,0.0,0.0,0.0,0.0002,0.698512,0.01149,0.000812,0.67555,0.69048,0.699,0.70662,0.71902,2.1e-5,6.0e-5,5.0e-6,0.0,0.0,0.0,0.0,0.0002,0.698554,0.01149,0.000813,0.67555,0.69048,0.699,0.70662,0.71932
175.5,0.301445,0.01149,0.000813,0.28068,0.29338,0.301,0.30952,0.32445,2.0e-5,6.0e-5,4.0e-6,0.0,0.0,0.0,0.0,0.0002,8.0e-6,4.0e-5,2.0e-6,0.0,0.0,0.0,0.0,0.0001,1.6e-5,5.0e-5,3.0e-6,0.0,0.0,0.0,0.0,0.0002,0.698512,0.01149,0.000812,0.67555,0.69048,0.699,0.70662,0.71902,2.4e-5,7.0e-5,5.0e-6,0.0,0.0,0.0,0.0,0.0002,0.698555,0.01149,0.000813,0.67555,0.69048,0.699,0.70662,0.71932
176.0,0.301444,0.01149,0.000813,0.28068,0.29338,0.301,0.30952,0.32445,1.9e-5,6.0e-5,4.0e-6,0.0,0.0,0.0,0.0,0.0002,9.0e-6,4.0e-5,3.0e-6,0.0,0.0,0.0,0.0,0.0001,1.6e-5,5.0e-5,3.0e-6,0.0,0.0,0.0,0.0,0.0002,0.698513,0.01149,0.000813,0.67555,0.69048,0.699,0.70662,0.71902,2.5e-5,7.0e-5,5.0e-6,0.0,0.0,0.0,0.0,0.0002,0.698556,0.01149,0.000813,0.67555,0.69048,0.699,0.70662,0.71932
176.5,0.301442,0.01149,0.000813,0.28068,0.29338,0.301,0.30952,0.32445,1.8e-5,6.0e-5,4.0e-6,0.0,0.0,0.0,0.0,0.0002,9.0e-6,4.0e-5,2.0e-6,0.0,0.0,0.0,0.0,0.0001,1.6e-5,5.0e-5,3.0e-6,0.0,0.0,0.0,0.0,0.0002,0.698516,0.01149,0.000813,0.67555,0.69048,0.699,0.70662,0.71902,2.5e-5,7.0e-5,5.0e-6,0.0,0.0,0.0,0.0,0.0002,0.698558,0.01149,0.000813,0.67555,0.69048,0.699,0.70662,0.71932
177.0,0.30144,0.01149,0.000813,0.28068,0.29338,0.301,0.30952,0.32445,1.9e-5,6.0e-5,4.0e-6,0.0,0.0,0.0,0.0,0.0002,1.0e-5,4.0e-5,3.0e-6,0.0,0.0,0.0,0.0,0.0001,1.4e-5,5.0e-5,3.0e-6,0.0,0.0,0.0,0.0,0.0002,0.698518,0.01149,0.000813,0.67555,0.69048,0.699,0.70662,0.71902,2.4e-5,7.0e-5,5.0e-6,0.0,0.0,0.0,0.0,0.0002,0.69856,0.01149,0.000813,0.67555,0.69048,0.699,0.70662,0.71932
177.5,0.301438,0.01149,0.000813,0.28068,0.29338,0.301,0.30952,0.32445,1.8e-5,6.0e-5,4.0e-6,0.0,0.0,0.0,0.0,0.0002,1.0e-5,4.0e-5,3.0e-6,0.0,0.0,0.0,0.0,0.0001,1.4e-5,5.0e-5,4.0e-6,0.0,0.0,0.0,0.0,0.0001,0.698521,0.01149,0.000813,0.67555,0.69048,0.699,0.70662,0.71902,2.4e-5,8.0e-5,5.0e-6,0.0,0.0,0.0,0.0,0.0002,0.698562,0.01149,0.000813,0.67555,0.69048,0.699,0.70662,0.71932
178.0,0.301438,0.01149,0.000813,0.28068,0.29338,0.301,0.30952,0.32445,1.6e-5,5.0e-5,4.0e-6,0.0,0.0,0.0,0.0,0.0002,1.0e-5,4.0e-5,3.0e-6,0.0,0.0,0.0,0.0,0.0001,1.4e-5,6.0e-5,4.0e-6,0.0,0.0,0.0,0.0,0.0001,0.698523,0.01149,0.000813,0.67555,0.69048,0.699,0.70662,0.71912,2.4e-5,8.0e-5,6.0e-6,0.0,0.0,0.0,0.0,0.0002,0.698562,0.01149,0.000813,0.67555,0.69048,0.699,0.70662,0.71932
178.5,0.301436,0.01149,0.000813,0.28059,0.29338,0.301,0.30952,0.32445,1.5e-5,5.0e-5,4.0e-6,0.0,0.0,0.0,0.0,0.0002,1.1e-5,4.0e-5,3.0e-6,0.0,0.0,0.0,0.0,0.0001,1.4e-5,5.0e-5,4.0e-6,0.0,0.0,0.0,0.0,0.0002,0.698525,0.01149,0.000813,0.67555,0.69048,0.699,0.70662,0.71912,2.5e-5,9.0e-5,6.0e-6,0.0,0.0,0.0,0.0,0.0002,0.698565,0.01149,0.000813,0.67555,0.69048,0.699,0.70662,0.71941
179.0,0.301434,0.0115,0.000813,0.28059,0.29338,0.301,0.30952,0.32445,1.5e-5,5.0e-5,3.0e-6,0.0,0.0,0.0,0.0,0.0002,1.1e-5,4.0e-5,3.0e-6,0.0,0.0,0.0,0.0,0.0001,1.3e-5,6.0e-5,4.0e-6,0.0,0.0,0.0,0.0,0.0001,0.698528,0.01149,0.000813,0.67555,0.69048,0.699,0.70662,0.71912,2.4e-5,9.0e-5,6.0e-6,0.0,0.0,0.0,0.0,0.0002,0.698566,0.0115,0.000813,0.67555,0.69048,0.699,0.70662,0.71941
179.5,0.301434,0.01149,0.000813,0.28059,0.29338,0.301,0.30952,0.32445,1.4e-5,5.0e-5,4.0e-6,0.0,0.0,0.0,0.0,0.0002,1.1e-5,5.0e-5,3.0e-6,0.0,0.0,0.0,0.0,0.0001,1.2e-5,5.0e-5,4.0e-6,0.0,0.0,0.0,0.0,0.0001,0.69853,0.01149,0.000813,0.67555,0.69048,0.699,0.70662,0.71912,2.3e-5,9.0e-5,6.0e-6,0.0,0.0,0.0,0.0,0.0002,0.698566,0.01149,0.000813,0.67555,0.69048,0.699,0.70662,0.71941
180.0,0.301432,0.01149,0.000813,0.28059,0.29338,0.301,0.30952,0.32445,1.4e-5,5.0e-5,4.0e-6,0.0,0.0,0.0,0.0,0.0002,1.0e-5,4.0e-5,3.0e-6,0.0,0.0,0.0,0.0,0.0001,1.2e-5,5.0e-5,3.0e-6,0.0,0.0,0.0,0.0,0.0001,0.698533,0.01149,0.000813,0.67555,0.69048,0.699,0.70662,0.71912,2.2e-5,8.0e-5,5.0e-6,0.0,0.0,0.0,0.0,0.0002,0.698568,0.01149,0.000813,0.67555,0.69048,0.699,0.70662,0.71941
180.5,0.30143,0.01149,0.000813,0.28059,0.29338,0.301,0.30952,0.32445,1.6e-5,5.0e-5,4.0e-6,0.0,0.0,0.0,0.0,0.0002,9.0e-6,4.0e-5,3.0e-6,0.0,0.0,0.0,0.0,0.0001,1.0e-5,4.0e-5,3.0e-6,0.0,0.0,0.0,0.0,0.0001,0.698535,0.01149,0.000813,0.67555,0.69048,0.699,0.70662,0.71912,2.0e-5,7.0e-5,5.0e-6,0.0,0.0,0.0,0.0,0.0002,0.69857,0.01149,0.000813,0.67555,0.69048,0.699,0.70662,0.71941
181.0,0.301429,0.01149,0.000813,0.28059,0.29338,0.301,0.30952,0.32445,1.6e-5,5.0e-5,4.0e-6,0.0,0.0,0.0,0.0,0.0002,9.0e-6,3.0e-5,2.0e-6,0.0,0.0,0.0,0.0,0.0001,1.0e-5,4.0e-5,3.0e-6,0.0,0.0,0.0,0.0,0.0001,0.698537,0.01149,0.000813,0.67555,0.69048,0.699,0.70662,0.71912,1.9e-5,6.0e-5,4.0e-6,0.0,0.0,0.0,0.0,0.0002,0.698571,0.01149,0.000813,0.67555,0.69048,0.699,0.70662,0.71941
181.5,0.301428,0.01149,0.000813,0.28059,0.29338,0.301,0.30952,0.32445,1.4e-5,5.0e-5,3.0e-6,0.0,0.0,0.0,0.0,0.0002,1.0e-5,4.0e-5,3.0e-6,0.0,0.0,0.0,0.0,0.0001,8.0e-6,3.0e-5,2.0e-6,0.0,0.0,0.0,0.0,0.0001,0.69854,0.01149,0.000813,0.67555,0.69048,0.699,0.70662,0.71912,1.8e-5,6.0e-5,4.0e-6,0.0,0.0,0.0,0.0,0.0002,0.698572,0.01149,0.000813,0.67555,0.69048,0.699,0.70662,0.71941
182.0,0.301426,0.01149,0.000813,0.28059,0.29338,0.301,0.30952,0.32445,1.5e-5,5.0e-5,3.0e-6,0.0,0.0,0.0,0.0,0.0002,9.0e-6,4.0e-5,3.0e-6,0.0,0.0,0.0,0.0,0.0001,8.0e-6,3.0e-5,2.0e-6,0.0,0.0,0.0,0.0,0.0001,0.698543,0.01149,0.000813,0.67555,0.69048,0.699,0.70662,0.71932,1.6e-5,6.0e-5,4.0e-6,0.0,0.0,0.0,0.0,0.0002,0.698574,0.01149,0.000813,0.67555,0.69048,0.699,0.70662,0.71941
182.5,0.301426,0.01149,0.000813,0.28059,0.29338,0.301,0.30952,0.32445,1.3e-5,4.0e-5,3.0e-6,0.0,0.0,0.0,0.0,0.0001,9.0e-6,4.0e-5,3.0e-6,0.0,0.0,0.0,0.0,0.0001,8.0e-6,4.0e-5,3.0e-6,0.0,0.0,0.0,0.0,0.0001,0.698545,0.01149,0.000813,0.67555,0.69048,0.699,0.70662,0.71932,1.6e-5,6.0e-5,5.0e-6,0.0,0.0,0.0,0.0,0.0002,0.698574,0.01149,0.000813,0.67555,0.69048,0.699,0.70662,0.71941
183.0,0.301424,0.01149,0.000813,0.28059,0.29338,0.301,0.30952,0.32445,1.3e-5,5.0e-5,3.0e-6,0.0,0.0,0.0,0.0,0.0001,9.0e-6,4.0e-5,3.0e-6,0.0,0.0,0.0,0.0,0.0001,7.0e-6,4.0e-5,3.0e-6,0.0,0.0,0.0,0.0,0.0001,0.698547,0.01149,0.000813,0.67555,0.69048,0.699,0.70662,0.71932,1.6e-5,6.0e-5,5.0e-6,0.0,0.0,0.0,0.0,0.0002,0.698576,0.01149,0.000813,0.67555,0.69048,0.699,0.70662,0.71941
183.5,0.301424,0.01149,0.000813,0.28059,0.29338,0.301,0.30952,0.32445,1.0e-5,4.0e-5,3.0e-6,0.0,0.0,0.0,0.0,0.0001,1.0e-5,4.0e-5,3.0e-6,0.0,0.0,0.0,0.0,0.0001,7.0e-6,3.0e-5,2.0e-6,0.0,0.0,0.0,0.0,0.0001,0.698549,0.01149,0.000813,0.67555,0.69048,0.699,0.70662,0.71932,1.7e-5,6.0e-5,4.0e-6,0.0,0.0,0.0,0.0,0.0002,0.698576,0.01149,0.000813,0.67555,0.69048,0.699,0.70662,0.71941
184.0,0.301423,0.01149,0.000813,0.28059,0.29338,0.301,0.30952,0.32445,1.1e-5,4.0e-5,3.0e-6,0.0,0.0,0.0,0.0,0.0001,9.0e-6,4.0e-5,3.0e-6,0.0,0.0,0.0,0.0,0.0001,6.0e-6,3.0e-5,2.0e-6,0.0,0.0,0.0,0.0,0.0001,0.698551,0.01149,0.000813,0.67555,0.69048,0.699,0.70662,0.71932,1.5e-5,6.0e-5,4.0e-6,0.0,0.0,0.0,0.0,0.0002,0.698577,0.01149,0.000813,0.67555,0.69048,0.699,0.70662,0.71941
184.5,0.301423,0.01149,0.000813,0.28059,0.29338,0.301,0.30952,0.32445,1.0e-5,4.0e-5,3.0e-6,0.0,0.0,0.0,0.0,0.0001,9.0e-6,4.0e-5,2.0e-6,0.0,0.0,0.0,0.0,0.0001,6.0e-6,2.0e-5,2.0e-6,0.0,0.0,0.0,0.0,0.0001,0.698553,0.01149,0.000813,0.67555,0.69048,0.699,0.70662,0.71932,1.5e-5,5.0e-5,4.0e-6,0.0,0.0,0.0,0.0,0.0002,0.698577,0.01149,0.000813,0.67555,0.69048,0.699,0.70662,0.71941
185.0,0.301422,0.01149,0.000813,0.28059,0.29338,0.301,0.30952,0.32445,1.0e-5,3.0e-5,2.0e-6,0.0,0.0,0.0,0.0,0.0001,9.0e-6,3.0e-5,2.0e-6,0.0,0.0,0.0,0.0,0.0001,6.0e-6,2.0e-5,2.0e-6,0.0,0.0,0.0,0.0,0.0001,0.698554,0.01149,0.000812,0.67555,0.69048,0.699,0.70662,0.71932,1.4e-5,5.0e-5,4.0e-6,0.0,0.0,0.0,0.0,0.0001,0.698578,0.01149,0.000813,0.67555,0.69048,0.699,0.70662,0.71941
185.5,0.30142,0.01149,0.000813,0.28059,0.29338,0.301,0.30952,0.32445,1.1e-5,4.0e-5,3.0e-6,0.0,0.0,0.0,0.0,0.0001,9.0e-6,4.0e-5,3.0e-6,0.0,0.0,0.0,0.0,0.0001,6.0e-6,3.0e-5,2.0e-6,0.0,0.0,0.0,0.0,0.0001,0.698555,0.01149,0.000813,0.67555,0.69048,0.699,0.70662,0.71932,1.5e-5,5.0e-5,4.0e-6,0.0,0.0,0.0,0.0,0.0001,0.698581,0.01149,0.000813,0.67555,0.69048,0.699,0.70662,0.71941
186.0,0.30142,0.01149,0.000813,0.28059,0.29338,0.301,0.30952,0.32445,1.0e-5,4.0e-5,3.0e-6,0.0,0.0,0.0,0.0,0.0001,8.0e-6,3.0e-5,2.0e-6,0.0,0.0,0.0,0.0,0.0001,6.0e-6,3.0e-5,2.0e-6,0.0,0.0,0.0,0.0,0.0001,0.698556,0.01149,0.000813,0.67555,0.69048,0.699,0.70662,0.71932,1.4e-5,5.0e-5,4.0e-6,0.0,0.0,0.0,0.0,0.0002,0.698581,0.01149,0.000813,0.67555,0.69048,0.699,0.70662,0.71941
186.5,0.30142,0.01149,0.000813,0.28059,0.29338,0.301,0.30952,0.32445,9.0e-6,3.0e-5,2.0e-6,0.0,0.0,0.0,0.0,0.0001,9.0e-6,4.0e-5,2.0e-6,0.0,0.0,0.0,0.0,0.0001,7.0e-6,3.0e-5,2.0e-6,0.0,0.0,0.0,0.0,0.0001,0.698557,0.01149,0.000813,0.67555,0.69048,0.699,0.70662,0.71932,1.6e-5,6.0e-5,4.0e-6,0.0,0.0,0.0,0.0,0.0002,0.698581,0.01149,0.000813,0.67555,0.69048,0.699,0.70662,0.71941
187.0,0.301418,0.01149,0.000813,0.28059,0.29338,0.301,0.30952,0.32445,8.0e-6,3.0e-5,2.0e-6,0.0,0.0,0.0,0.0,0.0001,9.0e-6,3.0e-5,2.0e-6,0.0,0.0,0.0,0.0,0.0001,4.0e-6,3.0e-5,2.0e-6,0.0,0.0,0.0,0.0,0.0001,0.698561,0.01149,0.000813,0.67555,0.69048,0.699,0.70662,0.71932,1.3e-5,5.0e-5,3.0e-6,0.0,0.0,0.0,0.0,0.0001,0.698582,0.01149,0.000813,0.67555,0.69048,0.699,0.70662,0.71941
187.5,0.301418,0.01149,0.000813,0.28059,0.29338,0.301,0.30952,0.32445,8.0e-6,3.0e-5,2.0e-6,0.0,0.0,0.0,0.0,0.0001,8.0e-6,3.0e-5,2.0e-6,0.0,0.0,0.0,0.0,0.0001,4.0e-6,2.0e-5,1.0e-6,0.0,0.0,0.0,0.0,0.0001,0.698564,0.01149,0.000813,0.67555,0.69048,0.699,0.70662,0.71932,1.1e-5,4.0e-5,3.0e-6,0.0,0.0,0.0,0.0,0.0001,0.698583,0.01149,0.000813,0.67555,0.69048,0.699,0.70662,0.71941
188.0,0.301417,0.01149,0.000813,0.28059,0.29338,0.301,0.30952,0.32445,7.0e-6,3.0e-5,2.0e-6,0.0,0.0,0.0,0.0,0.0001,7.0e-6,3.0e-5,2.0e-6,0.0,0.0,0.0,0.0,0.0001,4.0e-6,2.0e-5,2.0e-6,0.0,0.0,0.0,0.0,0.0001,0.698566,0.01149,0.000813,0.67555,0.69048,0.699,0.70662,0.71932,1.1e-5,4.0e-5,3.0e-6,0.0,0.0,0.0,0.0,0.0001,0.698584,0.01149,0.000813,0.67555,0.69048,0.699,0.70662,0.71941
188.5,0.301416,0.01149,0.000813,0.28059,0.29338,0.301,0.30952,0.32445,7.0e-6,3.0e-5,2.0e-6,0.0,0.0,0.0,0.0,0.0001,6.0e-6,3.0e-5,2.0e-6,0.0,0.0,0.0,0.0,0.0001,4.0e-6,2.0e-5,1.0e-6,0.0,0.0,0.0,0.0,0.0001,0.698568,0.01149,0.000813,0.67555,0.69048,0.699,0.70662,0.71932,1.0e-5,4.0e-5,3.0e-6,0.0,0.0,0.0,0.0,0.0001,0.698584,0.01149,0.000813,0.67555,0.69048,0.699,0.70662,0.71941
189.0,0.301414,0.01149,0.000813,0.28059,0.29338,0.301,0.30952,0.32445,8.0e-6,4.0e-5,3.0e-6,0.0,0.0,0.0,0.0,0.0001,5.0e-6,3.0e-5,2.0e-6,0.0,0.0,0.0,0.0,0.0001,3.0e-6,2.0e-5,1.0e-6,0.0,0.0,0.0,0.0,0.0001,0.69857,0.01149,0.000813,0.67555,0.69048,0.699,0.70662,0.71932,8.0e-6,3.0e-5,2.0e-6,0.0,0.0,0.0,0.0,0.0001,0.698586,0.01149,0.000813,0.67555,0.69048,0.699,0.70662,0.71941
189.5,0.301414,0.01149,0.000813,0.28059,0.29338,0.301,0.30952,0.32445,7.0e-6,3.0e-5,2.0e-6,0.0,0.0,0.0,0.0,0.0001,5.0e-6,3.0e-5,2.0e-6,0.0,0.0,0.0,0.0,0.0001,4.0e-6,2.0e-5,2.0e-6,0.0,0.0,0.0,0.0,0.0001,0.69857,0.01149,0.000813,0.67555,0.69048,0.699,0.70662,0.71932,9.0e-6,4.0e-5,3.0e-6,0.0,0.0,0.0,0.0,0.0001,0.698586,0.01149,0.000813,0.67555,0.69048,0.699,0.70662,0.71941
190.0,0.301414,0.01149,0.000813,0.28059,0.29338,0.301,0.30952,0.32445,7.0e-6,3.0e-5,2.0e-6,0.0,0.0,0.0,0.0,0.0001,5.0e-6,3.0e-5,2.0e-6,0.0,0.0,0.0,0.0,0.0001,4.0e-6,2.0e-5,1.0e-6,0.0,0.0,0.0,0.0,0.0001,0.698571,0.01149,0.000813,0.67555,0.69048,0.699,0.70662,0.71932,8.0e-6,3.0e-5,2.0e-6,0.0,0.0,0.0,0.0,0.0001,0.698587,0.01149,0.000813,0.67555,0.69048,0.699,0.70662,0.71941
190.5,0.301413,0.01149,0.000813,0.28059,0.29338,0.301,0.30952,0.32445,6.0e-6,3.0e-5,2.0e-6,0.0,0.0,0.0,0.0,0.0001,5.0e-6,3.0e-5,2.0e-6,0.0,0.0,0.0,0.0,0.0001,3.0e-6,2.0e-5,1.0e-6,0.0,0.0,0.0,0.0,0.0001,0.698572,0.01149,0.000813,0.67555,0.69048,0.699,0.70662,0.71932,8.0e-6,3.0e-5,2.0e-6,0.0,0.0,0.0,0.0,0.0001,0.698587,0.01149,0.000813,0.67555,0.69048,0.699,0.70662,0.71941
191.0,0.301412,0.01149,0.000813,0.28059,0.29338,0.301,0.30952,0.32445,6.0e-6,3.0e-5,2.0e-6,0.0,0.0,0.0,0.0,0.0001,5.0e-6,3.0e-5,2.0e-6,0.0,0.0,0.0,0.0,0.0001,2.0e-6,2.0e-5,1.0e-6,0.0,0.0,0.0,0.0,0.0,0.698574,0.01149,0.000813,0.67555,0.69048,0.699,0.70662,0.71932,8.0e-6,3.0e-5,2.0e-6,0.0,0.0,0.0,0.0,0.0001,0.698588,0.01149,0.000813,0.67555,0.69048,0.699,0.70662,0.71941
191.5,0.301412,0.01149,0.000813,0.28059,0.29338,0.301,0.30952,0.32445,7.0e-6,3.0e-5,2.0e-6,0.0,0.0,0.0,0.0,0.0001,4.0e-6,2.0e-5,2.0e-6,0.0,0.0,0.0,0.0,0.0001,2.0e-6,2.0e-5,1.0e-6,0.0,0.0,0.0,0.0,0.0,0.698574,0.01149,0.000813,0.67555,0.69048,0.699,0.70662,0.71932,7.0e-6,3.0e-5,2.0e-6,0.0,0.0,0.0,0.0,0.0001,0.698588,0.01149,0.000813,0.67555,0.69048,0.699,0.70662,0.71941
192.0,0.301412,0.01149,0.000813,0.28059,0.29338,0.301,0.30952,0.32445,6.0e-6,3.0e-5,2.0e-6,0.0,0.0,0.0,0.0,0.0001,5.0e-6,3.0e-5,2.0e-6,0.0,0.0,0.0,0.0,0.0001,2.0e-6,2.0e-5,1.0e-6,0.0,0.0,0.0,0.0,0.0,0.698575,0.01149,0.000813,0.67555,0.69048,0.699,0.70662,0.71932,8.0e-6,3.0e-5,2.0e-6,0.0,0.0,0.0,0.0,0.0001,0.698588,0.01149,0.000813,0.67555,0.69048,0.699,0.70662,0.71941
192.5,0.301412,0.01149,0.000813,0.28059,0.29338,0.301,0.30952,0.32445,6.0e-6,3.0e-5,2.0e-6,0.0,0.0,0.0,0.0,0.0001,4.0e-6,2.0e-5,2.0e-6,0.0,0.0,0.0,0.0,0.0001,2.0e-6,1.0e-5,1.0e-6,0.0,0.0,0.0,0.0,0.0,0.698577,0.01149,0.000813,0.67555,0.69048,0.699,0.70662,0.71932,6.0e-6,3.0e-5,2.0e-6,0.0,0.0,0.0,0.0,0.0001,0.698588,0.01149,0.000813,0.67555,0.69048,0.699,0.70662,0.71941
193.0,0.301411,0.01149,0.000813,0.28059,0.29338,0.301,0.30952,0.32445,6.0e-6,3.0e-5,2.0e-6,0.0,0.0,0.0,0.0,0.0001,4.0e-6,2.0e-5,1.0e-6,0.0,0.0,0.0,0.0,0.0001,2.0e-6,1.0e-5,1.0e-6,0.0,0.0,0.0,0.0,0.0,0.698578,0.01149,0.000813,0.67555,0.69048,0.699,0.70662,0.71932,6.0e-6,3.0e-5,2.0e-6,0.0,0.0,0.0,0.0,0.0001,0.698589,0.01149,0.000813,0.67555,0.69048,0.699,0.70662,0.71941
193.5,0.301411,0.01149,0.000813,0.28059,0.29338,0.301,0.30952,0.32445,6.0e-6,3.0e-5,2.0e-6,0.0,0.0,0.0,0.0,0.0001,4.0e-6,2.0e-5,1.0e-6,0.0,0.0,0.0,0.0,0.0001,2.0e-6,2.0e-5,1.0e-6,0.0,0.0,0.0,0.0,0.0,0.698578,0.01149,0.000813,0.67555,0.69048,0.699,0.70662,0.71932,6.0e-6,3.0e-5,2.0e-6,0.0,0.0,0.0,0.0,0.0001,0.698589,0.01149,0.000813,0.67555,0.69048,0.699,0.70662,0.71941
194.0,0.30141,0.01149,0.000813,0.28059,0.29338,0.301,0.30952,0.32445,5.0e-6,3.0e-5,2.0e-6,0.0,0.0,0.0,0.0,0.0001,4.0e-6,3.0e-5,2.0e-6,0.0,0.0,0.0,0.0,0.0001,2.0e-6,2.0e-5,1.0e-6,0.0,0.0,0.0,0.0,0.0,0.698578,0.01149,0.000813,0.67555,0.69048,0.699,0.70662,0.71932,7.0e-6,4.0e-5,3.0e-6,0.0,0.0,0.0,0.0,0.0001,0.69859,0.01149,0.000813,0.67555,0.69048,0.699,0.70662,0.71941
194.5,0.30141,0.01149,0.000813,0.28059,0.29338,0.301,0.30952,0.32445,5.0e-6,3.0e-5,2.0e-6,0.0,0.0,0.0,0.0,0.0001,4.0e-6,2.0e-5,2.0e-6,0.0,0.0,0.0,0.0,0.0001,2.0e-6,2.0e-5,1.0e-6,0.0,0.0,0.0,0.0,0.0,0.698578,0.01149,0.000813,0.67555,0.69048,0.699,0.70662,0.71932,6.0e-6,3.0e-5,2.0e-6,0.0,0.0,0.0,0.0,0.0001,0.69859,0.01149,0.000813,0.67555,0.69048,0.699,0.70662,0.71941
195.0,0.30141,0.01149,0.000813,0.28059,0.29338,0.301,0.30952,0.32445,5.0e-6,3.0e-5,2.0e-6,0.0,0.0,0.0,0.0,0.0001,4.0e-6,2.0e-5,1.0e-6,0.0,0.0,0.0,0.0,0.0001,2.0e-6,2.0e-5,1.0e-6,0.0,0.0,0.0,0.0,0.0,0.698579,0.01149,0.000813,0.67555,0.69048,0.699,0.70662,0.71932,6.0e-6,3.0e-5,2.0e-6,0.0,0.0,0.0,0.0,0.0001,0.69859,0.01149,0.000813,0.67555,0.69048,0.699,0.70662,0.71941
195.5,0.30141,0.01149,0.000813,0.28059,0.29338,0.301,0.30952,0.32445,4.0e-6,2.0e-5,1.0e-6,0.0,0.0,0.0,0.0,0.0001,3.0e-6,2.0e-5,1.0e-6,0.0,0.0,0.0,0.0,0.0,2.0e-6,2.0e-5,1.0e-6,0.0,0.0,0.0,0.0,0.0,0.698581,0.01149,0.000813,0.67555,0.69048,0.699,0.70662,0.71932,5.0e-6,3.0e-5,2.0e-6,0.0,0.0,0.0,0.0,0.0001,0.69859,0.01149,0.000813,0.67555,0.69048,0.699,0.70662,0.71941
196.0,0.30141,0.01149,0.000813,0.28059,0.29338,0.301,0.30952,0.32445,4.0e-6,2.0e-5,1.0e-6,0.0,0.0,0.0,0.0,0.0001,2.0e-6,2.0e-5,1.0e-6,0.0,0.0,0.0,0.0,0.0,0.0,1.0e-5,1.0e-6,0.0,0.0,0.0,0.0,0.0,0.698584,0.0115,0.000813,0.67555,0.69048,0.699,0.70662,0.71932,2.0e-6,2.0e-5,1.0e-6,0.0,0.0,0.0,0.0,0.0,0.69859,0.01149,0.000813,0.67555,0.69048,0.699,0.70662,0.71941
196.5,0.30141,0.01149,0.000813,0.28059,0.29338,0.301,0.30952,0.32445,4.0e-6,3.0e-5,2.0e-6,0.0,0.0,0.0,0.0,0.0001,2.0e-6,2.0e-5,1.0e-6,0.0,0.0,0.0,0.0,0.0,0.0,1.0e-5,1.0e-6,0.0,0.0,0.0,0.0,0.0,0.698584,0.01149,0.000813,0.67555,0.69048,0.699,0.70662,0.71932,2.0e-6,2.0e-5,1.0e-6,0.0,0.0,0.0,0.0,0.0,0.69859,0.01149,0.000813,0.67555,0.69048,0.699,0.70662,0.71941
197.0,0.30141,0.01149,0.000813,0.28059,0.29338,0.301,0.30952,0.32445,2.0e-6,2.0e-5,1.0e-6,0.0,0.0,0.0,0.0,0.0,2.0e-6,2.0e-5,1.0e-6,0.0,0.0,0.0,0.0,0.0,0.0,1.0e-5,1.0e-6,0.0,0.0,0.0,0.0,0.0,0.698586,0.01149,0.000813,0.67555,0.69048,0.699,0.70662,0.71932,3.0e-6,2.0e-5,1.0e-6,0.0,0.0,0.0,0.0,0.0,0.69859,0.01149,0.000813,0.67555,0.69048,0.699,0.70662,0.71941
197.5,0.30141,0.01149,0.000813,0.28059,0.29338,0.301,0.30952,0.32445,2.0e-6,2.0e-5,1.0e-6,0.0,0.0,0.0,0.0,0.0,2.0e-6,2.0e-5,1.0e-6,0.0,0.0,0.0,0.0,0.0,0.0,1.0e-5,1.0e-6,0.0,0.0,0.0,0.0,0.0,0.698586,0.01149,0.000813,0.67555,0.69048,0.699,0.70662,0.71941,2.0e-6,2.0e-5,1.0e-6,0.0,0.0,0.0,0.0,0.0,0.69859,0.01149,0.000813,0.67555,0.69048,0.699,0.70662,0.71941
198.0,0.30141,0.01149,0.000813,0.28059,0.29338,0.301,0.30952,0.32445,2.0e-6,2.0e-5,1.0e-6,0.0,0.0,0.0,0.0,0.0,2.0e-6,2.0e-5,1.0e-6,0.0,0.0,0.0,0.0,0.0,0.0,1.0e-5,1.0e-6,0.0,0.0,0.0,0.0,0.0,0.698587,0.01149,0.000813,0.67555,0.69048,0.699,0.70662,0.71941,2.0e-6,2.0e-5,1.0e-6,0.0,0.0,0.0,0.0,0.0,0.69859,0.01149,0.000813,0.67555,0.69048,0.699,0.70662,0.71941
198.5,0.30141,0.01149,0.000813,0.28059,0.29338,0.301,0.30952,0.32445,1.0e-6,1.0e-5,1.0e-6,0.0,0.0,0.0,0.0,0.0,2.0e-6,2.0e-5,1.0e-6,0.0,0.0,0.0,0.0,0.0,1.0e-6,1.0e-5,1.0e-6,0.0,0.0,0.0,0.0,0.0,0.698587,0.01149,0.000813,0.67555,0.69048,0.699,0.70662,0.71941,3.0e-6,2.0e-5,1.0e-6,0.0,0.0,0.0,0.0,0.0,0.69859,0.01149,0.000813,0.67555,0.69048,0.699,0.70662,0.71941
199.0,0.30141,0.01149,0.000813,0.28059,0.29338,0.301,0.30952,0.32445,1.0e-6,1.0e-5,1.0e-6,0.0,0.0,0.0,0.0,0.0,2.0e-6,2.0e-5,1.0e-6,0.0,0.0,0.0,0.0,0.0,0.0,1.0e-5,1.0e-6,0.0,0.0,0.0,0.0,0.0,0.698587,0.01149,0.000813,0.67555,0.69048,0.699,0.70662,0.71941,2.0e-6,2.0e-5,1.0e-6,0.0,0.0,0.0,0.0,0.0,0.69859,0.01149,0.000813,0.67555,0.69048,0.699,0.70662,0.71941
199.5,0.30141,0.01149,0.000813,0.28059,0.29338,0.301,0.30952,0.32445,1.0e-6,1.0e-5,1.0e-6,0.0,0.0,0.0,0.0,0.0,2.0e-6,2.0e-5,1.0e-6,0.0,0.0,0.0,0.0,0.0,0.0,1.0e-5,1.0e-6,0.0,0.0,0.0,0.0,0.0,0.698587,0.01149,0.000813,0.67555,0.69048,0.699,0.70662,0.71941,2.0e-6,2.0e-5,1.0e-6,0.0,0.0,0.0,0.0,0.0,0.69859,0.01149,0.000813,0.67555,0.69048,0.699,0.70662,0.71941
200.0,0.30141,0.01149,0.000813,0.28059,0.29338,0.301,0.30952,0.32445,1.0e-6,1.0e-5,1.0e-6,0.0,0.0,0.0,0.0,0.0,2.0e-6,2.0e-5,1.0e-6,0.0,0.0,0.0,0.0,0.0,0.0,1.0e-5,1.0e-6,0.0,0.0,0.0,0.0,0.0,0.698587,0.01149,0.000813,0.67555,0.69048,0.699,0.70662,0.71941,2.0e-6,2.0e-5,1.0e-6,0.0,0.0,0.0,0.0,0.0,0.69859,0.01149,0.000813,0.67555,0.69048,0.699,0.70662,0.71941
