t,cond.S.mean,cond.S.sd,cond.S.se,cond.S.q025,cond.S.q25,cond.S.q50,cond.S.q75,cond.S.q975,cond.E.mean,cond.E.sd,cond.E.se,cond.E.q025,cond.E.q25,cond.E.q50,cond.E.q75,cond.E.q975,cond.I.mean,cond.I.sd,cond.I.se,cond.I.q025,cond.I.q25,cond.I.q50,cond.I.q75,cond.I.q975,cond.A.mean,cond.A.sd,cond.A.se,cond.A.q025,cond.A.q25,cond.A.q50,cond.A.q75,cond.A.q975,cond.R.mean,cond.R.sd,cond.R.se,cond.R.q025,cond.R.q25,cond.R.q50,cond.R.q75,cond.R.q975,cond.infectious.mean,cond.infectious.sd,cond.infectious.se,cond.infectious.q025,cond.infectious.q25,cond.infectious.q50,cond.infectious.q75,cond.infectious.q975,cond.cumulative.mean,cond.cumulative.sd,cond.cumulative.se,cond.cumulative.q025,cond.cumulative.q25,cond.cumulative.q50,cond.cumulative.q75,cond.cumulative.q975
0.0,0.99,0.0,0.0,0.99,0.99,0.99,0.99,0.99,0.01,0.0,0.0,0.01,0.01,0.01,0.01,0.01,0.0,0.0,0.0,0.0,0.0,0.0,0.0,0.0,0.0,0.0,0.0,0.0,0.0,0.0,0.0,0.0,0.0,0.0,0.0,0.0,0.0,0.0,0.0,0.0,0.0,0.0,0.0,0.0,0.0,0.0,0.0,0.0,0.01,0.0,0.0,0.01,0.01,0.01,0.01,0.01
0.5,0.989828,0.00015,1.1e-5,0.9895,0.9898,0.9899,0.9899,0.99,0.009186,0.00027,1.9e-5,0.0087,0.009,0.0092,0.0094,0.0096,0.000558,0.00022,1.6e-5,0.0002,0.0004,0.0005,0.0007,0.001,0.000374,0.0002,1.4e-5,0.0,0.0002,0.0004,0.0005,0.0008,5.5e-5,7.0e-5,5.0e-6,0.0,0.0,0.0,0.0001,0.0002,0.000932,0.00029,2.1e-5,0.0004,0.0007,0.0009,0.0011,0.0015,0.010172,0.00015,1.1e-5,0.01,0.0101,0.0101,0.0102,0.0105
1.0,0.9894,0.00029,2.0e-5,0.9887,0.9892,0.9894,0.9896,0.9898,0.008733,0.0003,2.1e-5,0.0082,0.0085,0.0087,0.0089,0.0093,0.001011,0.00027,1.9e-5,0.0005,0.0009,0.001,0.0012,0.0016,0.00063,0.00022,1.6e-5,0.0002,0.0005,0.0006,0.0008,0.001,0.000226,0.00013,1.0e-5,0.0,0.0001,0.0002,0.0003,0.0005,0.001641,0.00034,2.4e-5,0.001,0.0014,0.0016,0.0019,0.0023,0.0106,0.00029,2.0e-5,0.0102,0.0104,0.0106,0.0108,0.0113
1.5,0.988681,0.00044,3.1e-5,0.9878,0.9884,0.9887,0.989,0.9894,0.008559,0.00044,3.1e-5,0.0077,0.0083,0.0086,0.0088,0.0095,0.001402,0.00035,2.5e-5,0.0008,0.0011,0.0014,0.0016,0.0021,0.0009,0.00027,1.9e-5,0.0004,0.0007,0.0009,0.0011,0.0014,0.000457,0.00019,1.4e-5,0.0001,0.0003,0.0005,0.0006,0.0009,0.002303,0.00044,3.1e-5,0.0014,0.002,0.0023,0.0026,0.0032,0.011319,0.00044,3.1e-5,0.0106,0.011,0.0113,0.0116,0.0122
2.0,0.987782,0.00061,4.3e-5,0.9864,0.9874,0.9878,0.9882,0.9889,0.008625,0.00049,3.5e-5,0.0076,0.0083,0.0086,0.0089,0.0096,0.001708,0.00036,2.6e-5,0.0011,0.0014,0.0017,0.002,0.0024,0.001111,0.0003,2.1e-5,0.0006,0.0009,0.0011,0.0013,0.0017,0.000774,0.00025,1.8e-5,0.0003,0.0006,0.0008,0.0009,0.0013,0.002819,0.00048,3.4e-5,0.0019,0.0025,0.0028,0.0031,0.0037,0.012218,0.00061,4.3e-5,0.0111,0.0118,0.0122,0.0126,0.0136
2.5,0.986732,0.00077,5.5e-5,0.9851,0.9863,0.9868,0.9872,0.988,0.008822,0.00059,4.1e-5,0.0076,0.0084,0.0088,0.0092,0.0099,0.001987,0.00038,2.7e-5,0.0013,0.0017,0.002,0.0023,0.0028,0.001305,0.00033,2.3e-5,0.0007,0.0011,0.0013,0.0015,0.0019,0.001154,0.00033,2.3e-5,0.0006,0.0009,0.0011,0.0014,0.0018,0.003292,0.00053,3.7e-5,0.0023,0.0029,0.0033,0.0036,0.00431,0.013268,0.00077,5.5e-5,0.012,0.0128,0.0132,0.0137,0.0149
3.0,0.985617,0.00093,6.5e-5,0.9835,0.985,0.9858,0.9863,0.9871,0.009051,0.00065,4.6e-5,0.0078,0.0086,0.009,0.0095,0.0103,0.002262,0.00048,3.4e-5,0.0015,0.0019,0.00225,0.0026,0.0033,0.001477,0.00036,2.5e-5,0.0009,0.0013,0.0015,0.0017,0.00221,0.001592,0.00038,2.7e-5,0.0009,0.0013,0.0016,0.00182,0.0023,0.00374,0.00063,4.5e-5,0.0027,0.0033,0.0037,0.0041,0.0052,0.014384,0.00093,6.5e-5,0.0129,0.0137,0.0142,0.015,0.01651
3.5,0.984392,0.00112,8.0e-5,0.98189,0.9837,0.98455,0.9852,0.9862,0.009321,0.00076,5.4e-5,0.0079,0.0088,0.0093,0.0097,0.0109,0.00252,0.00051,3.6e-5,0.0017,0.0021,0.0025,0.0028,0.0035,0.001682,0.00039,2.8e-5,0.001,0.0014,0.0016,0.0019,0.0025,0.002084,0.00044,3.1e-5,0.0013,0.0018,0.0021,0.0024,0.003,0.004203,0.00065,4.6e-5,0.003,0.0037,0.0042,0.0046,0.0056,0.015608,0.00112,8.0e-5,0.0138,0.0148,0.01545,0.0163,0.01811
4.0,0.98309,0.0013,9.2e-5,0.98049,0.9823,0.9832,0.984,0.9854,0.009646,0.00085,6.0e-5,0.00819,0.009,0.0097,0.0101,0.0114,0.002765,0.00054,3.8e-5,0.0019,0.0024,0.0028,0.0031,0.0038,0.001852,0.00042,3.0e-5,0.0012,0.0015,0.0018,0.0021,0.0027,0.002647,0.0005,3.5e-5,0.0016,0.0023,0.0027,0.003,0.0036,0.004618,0.00072,5.1e-5,0.0034,0.0041,0.0046,0.0051,0.006,0.01691,0.0013,9.2e-5,0.0146,0.016,0.0168,0.0177,0.01951
4.5,0.981685,0.00149,0.000105,0.9784,0.9808,0.9818,0.9827,0.9843,0.010056,0.00091,6.5e-5,0.0084,0.0094,0.01,0.0107,0.0117,0.00301,0.00059,4.2e-5,0.002,0.0026,0.0029,0.0034,0.0041,0.002004,0.00044,3.1e-5,0.0013,0.0017,0.0019,0.0023,0.0029,0.003246,0.00055,3.9e-5,0.0022,0.0029,0.0032,0.00362,0.0043,0.005014,0.00079,5.6e-5,0.0038,0.00448,0.005,0.0055,0.0065,0.018315,0.00149,0.000105,0.0157,0.0173,0.0182,0.0192,0.0216
5.0,0.980251,0.00169,0.00012,0.9765,0.97938,0.9803,0.9813,0.9833,0.010488,0.00103,7.3e-5,0.0085,0.0098,0.01045,0.01113,0.0125,0.003226,0.00065,4.6e-5,0.0021,0.0028,0.0032,0.0036,0.00441,0.002162,0.00049,3.5e-5,0.0013,0.0019,0.00215,0.0024,0.0031,0.003873,0.00061,4.3e-5,0.0027,0.0035,0.0039,0.00422,0.0049,0.005389,0.00086,6.1e-5,0.0039,0.0048,0.0053,0.0059,0.0072,0.019749,0.00169,0.00012,0.0167,0.0187,0.0197,0.02062,0.0235
5.5,0.97871,0.00186,0.000131,0.9746,0.9776,0.9787,0.9799,0.982,0.01095,0.0011,7.8e-5,0.00889,0.0102,0.0109,0.01152,0.0133,0.003448,0.00066,4.7e-5,0.0022,0.00307,0.0034,0.0038,0.00471,0.002316,0.00053,3.7e-5,0.0014,0.0019,0.0023,0.0026,0.0035,0.004576,0.00066,4.6e-5,0.0033,0.0041,0.0046,0.005,0.0058,0.005765,0.00091,6.5e-5,0.0041,0.0051,0.0058,0.0063,0.0074,0.02129,0.00186,0.000131,0.018,0.0201,0.0213,0.0224,0.0254
6.0,0.977124,0.00205,0.000145,0.9724,0.976,0.9773,0.9784,0.9805,0.011393,0.00118,8.3e-5,0.009,0.0106,0.0114,0.012,0.0139,0.003687,0.0007,5.0e-5,0.0025,0.0032,0.0037,0.0041,0.0052,0.002486,0.00056,4.0e-5,0.0016,0.0022,0.0024,0.0028,0.0037,0.00531,0.00068,4.8e-5,0.0039,0.0048,0.0053,0.0057,0.00651,0.006172,0.00098,6.9e-5,0.0045,0.0055,0.00615,0.00682,0.0082,0.022876,0.00205,0.000145,0.0195,0.0216,0.0227,0.024,0.0276
6.5,0.97549,0.00224,0.000159,0.9706,0.9742,0.9756,0.9769,0.9796,0.011858,0.00124,8.8e-5,0.0098,0.011,0.0119,0.0126,0.0145,0.003905,0.00075,5.3e-5,0.0027,0.0034,0.0039,0.0044,0.0054,0.002652,0.00059,4.2e-5,0.0017,0.0022,0.0026,0.003,0.0038,0.006094,0.00075,5.3e-5,0.00469,0.0056,0.0061,0.0066,0.0076,0.006558,0.00102,7.2e-5,0.0048,0.0058,0.0065,0.00712,0.0085,0.02451,0.00224,0.000159,0.0204,0.0231,0.0244,0.0258,0.0294
7.0,0.973778,0.00242,0.000171,0.96859,0.97238,0.97405,0.97525,0.9781,0.012386,0.00132,9.3e-5,0.0102,0.0115,0.0122,0.01322,0.0152,0.004111,0.00077,5.4e-5,0.0028,0.0035,0.004,0.00462,0.00551,0.002787,0.00061,4.3e-5,0.0017,0.0024,0.0028,0.0032,0.0039,0.006938,0.00081,5.7e-5,0.0053,0.00648,0.007,0.0074,0.0084,0.006898,0.00108,7.6e-5,0.005,0.0063,0.007,0.0076,0.00901,0.026223,0.00242,0.000171,0.0219,0.02475,0.02595,0.02762,0.03141
7.5,0.971977,0.00261,0.000185,0.96619,0.97048,0.972,0.9737,0.9768,0.012946,0.0014,9.9e-5,0.0104,0.0118,0.013,0.0139,0.0159,0.004338,0.00079,5.6e-5,0.0028,0.0038,0.0043,0.00482,0.00591,0.00295,0.00063,4.4e-5,0.0018,0.0026,0.0029,0.00332,0.0042,0.007789,0.0009,6.3e-5,0.0061,0.0072,0.0078,0.0083,0.0097,0.007288,0.00111,7.9e-5,0.0051,0.0067,0.00725,0.0079,0.00951,0.028023,0.00261,0.000185,0.0232,0.0263,0.028,0.02952,0.0338
8.0,0.970238,0.00278,0.000197,0.964,0.9686,0.9704,0.972,0.97511,0.013388,0.00146,0.000104,0.0107,0.0123,0.01335,0.0143,0.0163,0.004573,0.00077,5.5e-5,0.0031,0.004,0.00455,0.0051,0.0062,0.003108,0.00063,4.4e-5,0.002,0.0026,0.0031,0.00353,0.0043,0.008694,0.00099,7.0e-5,0.0069,0.008,0.0087,0.0093,0.01051,0.007681,0.00111,7.8e-5,0.0054,0.00698,0.00765,0.00842,0.01,0.029762,0.00278,0.000197,0.02489,0.028,0.0296,0.0314,0.036
8.5,0.968321,0.00298,0.000211,0.9621,0.9666,0.9684,0.9703,0.97362,0.013924,0.00153,0.000108,0.01159,0.0127,0.0139,0.01483,0.0173,0.004795,0.00081,5.7e-5,0.0032,0.0043,0.0047,0.0053,0.0064,0.003278,0.00065,4.6e-5,0.0022,0.0028,0.0033,0.0037,0.0045,0.009682,0.00109,7.7e-5,0.0078,0.0089,0.0096,0.0103,0.0121,0.008074,0.00116,8.2e-5,0.0059,0.0074,0.008,0.0087,0.01021,0.031679,0.00298,0.000211,0.02638,0.0297,0.0316,0.0334,0.0379
9.0,0.966366,0.00317,0.000224,0.95969,0.96448,0.9665,0.96852,0.97192,0.014458,0.00159,0.000112,0.01149,0.0134,0.0144,0.0155,0.018,0.004996,0.00084,5.9e-5,0.0034,0.0045,0.005,0.0055,0.0066,0.003462,0.00066,4.7e-5,0.0023,0.003,0.0034,0.0039,0.0047,0.010718,0.00117,8.3e-5,0.0087,0.01,0.01065,0.01142,0.0134,0.008457,0.00118,8.4e-5,0.0063,0.0077,0.0084,0.00913,0.011,0.033634,0.00317,0.000224,0.02809,0.03148,0.0335,0.03552,0.04031
9.5,0.964314,0.0034,0.00024,0.95739,0.9625,0.9644,0.9666,0.97042,0.015015,0.00163,0.000115,0.01209,0.01388,0.0151,0.016,0.01821,0.00525,0.00088,6.2e-5,0.0038,0.0047,0.0052,0.0057,0.0072,0.00359,0.0007,5.0e-5,0.0025,0.0031,0.00355,0.0041,0.0048,0.011831,0.00126,8.9e-5,0.0098,0.011,0.0117,0.0127,0.01421,0.00884,0.00125,8.8e-5,0.0064,0.008,0.0088,0.0095,0.0111,0.035686,0.0034,0.00024,0.02958,0.0334,0.0356,0.0375,0.04261
10.0,0.962242,0.00363,0.000256,0.9546,0.9601,0.9625,0.9649,0.9691,0.015596,0.00176,0.000124,0.01239,0.0143,0.0156,0.0169,0.01911,0.0055,0.00091,6.4e-5,0.0038,0.0049,0.0054,0.0061,0.0076,0.003712,0.0007,5.0e-5,0.0026,0.00318,0.0037,0.0042,0.00531,0.012951,0.00135,9.5e-5,0.0107,0.0121,0.0129,0.01372,0.01581,0.009212,0.00128,9.0e-5,0.0069,0.0083,0.0091,0.0102,0.01191,0.037758,0.00363,0.000256,0.0309,0.0351,0.0375,0.0399,0.0454
10.5,0.960163,0.00387,0.000273,0.95238,0.9577,0.9602,0.96272,0.96721,0.01609,0.00185,0.000131,0.0125,0.0148,0.0161,0.0173,0.01981,0.005722,0.00097,6.9e-5,0.0041,0.0049,0.00565,0.0064,0.0078,0.003849,0.00072,5.1e-5,0.0026,0.0034,0.0038,0.0043,0.0053,0.014176,0.00145,0.000102,0.0117,0.0131,0.0142,0.015,0.0173,0.009571,0.00133,9.4e-5,0.0072,0.0086,0.0094,0.0104,0.0123,0.039836,0.00387,0.000273,0.03279,0.03728,0.0398,0.0423,0.04762
11.0,0.958058,0.00406,0.000287,0.94999,0.95538,0.95805,0.96085,0.9652,0.016579,0.00194,0.000137,0.0132,0.0152,0.0167,0.01782,0.021,0.005949,0.00102,7.2e-5,0.0042,0.0052,0.0059,0.0067,0.0079,0.004048,0.00074,5.2e-5,0.0027,0.0035,0.004,0.0045,0.0058,0.015367,0.0016,0.000113,0.0127,0.0143,0.0154,0.0163,0.01871,0.009996,0.00141,0.0001,0.0074,0.00908,0.0099,0.0108,0.0131,0.041942,0.00406,0.000287,0.0348,0.03915,0.04195,0.04462,0.05001
11.5,0.955866,0.00431,0.000305,0.94708,0.9529,0.9561,0.959,0.96331,0.01711,0.00203,0.000144,0.0138,0.0156,0.0172,0.0184,0.0214,0.006185,0.00102,7.2e-5,0.0042,0.0055,0.0062,0.0069,0.0084,0.004222,0.00074,5.2e-5,0.0029,0.0037,0.0042,0.0047,0.0056,0.016617,0.00172,0.000122,0.0136,0.0154,0.01665,0.0176,0.0203,0.010408,0.00144,0.000102,0.0075,0.0095,0.01035,0.0112,0.01341,0.044134,0.00431,0.000305,0.0367,0.041,0.0439,0.0471,0.05292
12.0,0.953554,0.00451,0.000319,0.944,0.95048,0.9536,0.9565,0.96151,0.017636,0.00203,0.000143,0.014,0.0162,0.01775,0.019,0.0218,0.006437,0.00105,7.4e-5,0.0044,0.0058,0.0064,0.00702,0.0088,0.00441,0.00078,5.5e-5,0.003,0.0039,0.0044,0.0049,0.006,0.017962,0.00179,0.000126,0.0146,0.01677,0.018,0.019,0.02171,0.010847,0.00152,0.000108,0.008,0.0099,0.0107,0.0117,0.01401,0.046446,0.00451,0.000319,0.03849,0.0435,0.0464,0.04953,0.056
12.5,0.951184,0.0048,0.000339,0.9414,0.94788,0.95155,0.95455,0.9598,0.018211,0.00214,0.000151,0.0144,0.0167,0.0183,0.0196,0.0224,0.006721,0.00105,7.4e-5,0.0046,0.0061,0.0067,0.0074,0.0089,0.004596,0.00083,5.9e-5,0.0032,0.004,0.0045,0.0051,0.0064,0.019288,0.00192,0.000136,0.0157,0.0179,0.01945,0.0204,0.02272,0.011317,0.00154,0.000109,0.00849,0.0103,0.0112,0.0122,0.0148,0.048816,0.0048,0.000339,0.0402,0.04545,0.04845,0.05212,0.0586
13.0,0.948747,0.00506,0.000358,0.93879,0.94538,0.94915,0.95215,0.9581,0.018822,0.00221,0.000156,0.0149,0.0172,0.0187,0.02032,0.02331,0.006933,0.00105,7.4e-5,0.0048,0.0063,0.0069,0.0076,0.0091,0.004773,0.00085,6.0e-5,0.0032,0.00428,0.0047,0.0052,0.0066,0.020725,0.00205,0.000145,0.01709,0.0194,0.02075,0.022,0.02462,0.011706,0.00158,0.000112,0.0086,0.0107,0.0116,0.01262,0.0152,0.051253,0.00506,0.000358,0.0419,0.04785,0.05085,0.05462,0.06121
13.5,0.946239,0.00537,0.00038,0.93509,0.9424,0.9465,0.94972,0.95582,0.019402,0.0023,0.000162,0.0148,0.0178,0.0193,0.02082,0.0242,0.00721,0.00115,8.1e-5,0.0049,0.0064,0.0071,0.008,0.00971,0.004904,0.00083,5.8e-5,0.0034,0.0043,0.0049,0.0054,0.00651,0.022245,0.0022,0.000155,0.0178,0.0208,0.02225,0.0237,0.02662,0.012113,0.00165,0.000116,0.0092,0.011,0.012,0.013,0.01571,0.05376,0.00537,0.00038,0.04418,0.05027,0.0535,0.0576,0.06491
14.0,0.943639,0.00564,0.000399,0.9315,0.93972,0.9441,0.9474,0.95373,0.020065,0.00238,0.000168,0.01539,0.0185,0.02,0.0217,0.02521,0.00741,0.00116,8.2e-5,0.0051,0.0067,0.0074,0.0082,0.0099,0.005052,0.00086,6.1e-5,0.0035,0.0045,0.005,0.0056,0.0068,0.023833,0.00238,0.000169,0.0194,0.0223,0.02385,0.02522,0.02852,0.012462,0.0017,0.00012,0.0096,0.0113,0.01245,0.01352,0.0162,0.056361,0.00564,0.000399,0.04627,0.0526,0.0559,0.06027,0.0685
14.5,0.941015,0.00592,0.000419,0.92878,0.93718,0.9415,0.9451,0.95221,0.020644,0.00244,0.000173,0.0158,0.01907,0.02065,0.0223,0.02541,0.007729,0.00118,8.3e-5,0.0054,0.0069,0.0076,0.0085,0.01,0.005236,0.00086,6.1e-5,0.0037,0.0046,0.0052,0.00572,0.0071,0.025376,0.00255,0.00018,0.02078,0.02358,0.0254,0.0269,0.03015,0.012965,0.00172,0.000121,0.0098,0.0117,0.01285,0.0139,0.0166,0.058985,0.00592,0.000419,0.04779,0.0549,0.0585,0.06282,0.07122
15.0,0.938236,0.00619,0.000437,0.92608,0.9341,0.93885,0.94245,0.94912,0.021321,0.00252,0.000178,0.0167,0.0195,0.0212,0.02282,0.02662,0.008002,0.00121,8.5e-5,0.006,0.00728,0.0078,0.0088,0.0103,0.005427,0.00088,6.2e-5,0.0041,0.0047,0.0054,0.0059,0.0074,0.027014,0.00276,0.000195,0.02179,0.02518,0.02705,0.02855,0.03242,0.013429,0.00175,0.000124,0.0104,0.01218,0.0134,0.0145,0.0173,0.061764,0.00619,0.000437,0.05088,0.05755,0.06115,0.0659,0.07393
15.5,0.935387,0.00649,0.000459,0.9229,0.93128,0.9359,0.94012,0.94653,0.021956,0.00262,0.000185,0.0174,0.0202,0.02195,0.0238,0.0269,0.008282,0.00127,9.0e-5,0.006,0.0074,0.0081,0.0092,0.0108,0.005629,0.00091,6.5e-5,0.004,0.005,0.0056,0.0062,0.00771,0.028747,0.00292,0.000206,0.02339,0.0269,0.0285,0.03042,0.03432,0.013911,0.00183,0.000129,0.0105,0.0126,0.0137,0.0151,0.0181,0.064613,0.00649,0.000459,0.05347,0.05988,0.0641,0.06873,0.0771
16.0,0.93247,0.00683,0.000483,0.92018,0.92818,0.9329,0.93762,0.94441,0.022621,0.00274,0.000194,0.0174,0.02087,0.0226,0.0244,0.0281,0.00857,0.00132,9.3e-5,0.0061,0.0076,0.0085,0.00943,0.0111,0.005796,0.00096,6.8e-5,0.0042,0.00518,0.0057,0.0065,0.0079,0.030542,0.00306,0.000216,0.025,0.0285,0.03045,0.0322,0.03612,0.014367,0.00193,0.000136,0.0111,0.013,0.0142,0.0157,0.0183,0.06753,0.00683,0.000483,0.05559,0.06237,0.0671,0.07182,0.07982
16.5,0.929433,0.00723,0.000511,0.91569,0.9251,0.9299,0.93482,0.94241,0.023368,0.00287,0.000203,0.018,0.02138,0.0234,0.0252,0.02871,0.008872,0.00132,9.3e-5,0.0063,0.008,0.0089,0.0097,0.0113,0.00596,0.00101,7.1e-5,0.0042,0.0052,0.0059,0.0065,0.0082,0.032368,0.00322,0.000228,0.0268,0.03038,0.03235,0.0342,0.0388,0.014831,0.00198,0.00014,0.0112,0.0135,0.01475,0.01622,0.01881,0.070567,0.00723,0.000511,0.05759,0.06518,0.0701,0.0749,0.08431
17.0,0.926404,0.0076,0.000538,0.91198,0.92198,0.9268,0.93162,0.94011,0.024066,0.00292,0.000206,0.01869,0.022,0.024,0.0262,0.02922,0.009124,0.0014,9.9e-5,0.0063,0.0083,0.00905,0.01,0.0121,0.006147,0.00105,7.4e-5,0.0043,0.0054,0.006,0.00682,0.0084,0.034259,0.00336,0.000238,0.02829,0.03198,0.0342,0.0363,0.0406,0.015271,0.0021,0.000148,0.0116,0.01388,0.0152,0.0167,0.01912,0.073596,0.0076,0.000538,0.05989,0.06837,0.0732,0.07802,0.08802
17.5,0.923264,0.00787,0.000556,0.90844,0.9186,0.9235,0.92865,0.9374,0.024761,0.00289,0.000205,0.0191,0.0226,0.025,0.0267,0.0302,0.009402,0.00148,0.000105,0.0067,0.0084,0.0094,0.01023,0.0125,0.006359,0.0011,7.8e-5,0.0044,0.00568,0.0063,0.007,0.00851,0.036214,0.00355,0.000251,0.0295,0.0338,0.0362,0.0384,0.0431,0.01576,0.00221,0.000157,0.0122,0.0143,0.0157,0.01713,0.02001,0.076736,0.00787,0.000556,0.0626,0.07135,0.0765,0.0814,0.09156
18.0,0.920082,0.00827,0.000585,0.90405,0.91528,0.92045,0.92572,0.93501,0.02546,0.00301,0.000212,0.02,0.02338,0.02565,0.0274,0.0314,0.009683,0.00155,0.000109,0.007,0.0086,0.0096,0.0108,0.0128,0.006491,0.00112,7.9e-5,0.0045,0.0057,0.0065,0.0071,0.0087,0.038284,0.00379,0.000268,0.0314,0.0357,0.0382,0.04043,0.04581,0.016174,0.0023,0.000162,0.0124,0.0146,0.0162,0.01763,0.02052,0.079918,0.00827,0.000585,0.06499,0.07428,0.07955,0.08472,0.09595
18.5,0.916712,0.00864,0.000611,0.90044,0.9112,0.91725,0.92252,0.9323,0.026243,0.00308,0.000218,0.02059,0.02418,0.0262,0.0284,0.0323,0.009954,0.0016,0.000113,0.0072,0.00867,0.0099,0.0109,0.0134,0.00667,0.00113,8.0e-5,0.0045,0.00608,0.0066,0.0073,0.00901,0.04042,0.00403,0.000285,0.0332,0.0376,0.0402,0.04282,0.0486,0.016624,0.00236,0.000167,0.01239,0.01497,0.01665,0.0179,0.022,0.083288,0.00864,0.000611,0.0677,0.07747,0.08275,0.0888,0.09956
19.0,0.913306,0.00899,0.000636,0.89578,0.90785,0.91355,0.91962,0.9298,0.026999,0.00324,0.000229,0.02079,0.02488,0.0272,0.02912,0.0335,0.010302,0.0016,0.000113,0.0073,0.0093,0.01025,0.0113,0.0136,0.00685,0.00117,8.3e-5,0.0048,0.0061,0.0068,0.0075,0.00931,0.042543,0.00418,0.000296,0.03519,0.0396,0.0422,0.04493,0.0511,0.017152,0.00239,0.000169,0.01299,0.0157,0.01695,0.01862,0.02211,0.086694,0.00899,0.000636,0.0702,0.08038,0.08645,0.09215,0.10422
19.5,0.909832,0.00946,0.000669,0.8901,0.90425,0.91,0.91618,0.92681,0.027816,0.00339,0.000239,0.0215,0.02578,0.0279,0.03012,0.03432,0.010558,0.00171,0.000121,0.0074,0.0093,0.0105,0.0117,0.0143,0.007064,0.00123,8.7e-5,0.00489,0.0063,0.007,0.0078,0.0099,0.044731,0.00434,0.000307,0.0371,0.0417,0.04435,0.0473,0.05321,0.017622,0.00258,0.000182,0.01309,0.0159,0.0176,0.0191,0.0234,0.090169,0.00946,0.000669,0.07319,0.08383,0.09,0.09575,0.1099
20.0,0.906197,0.00995,0.000704,0.88548,0.9,0.9066,0.91308,0.92391,0.028696,0.00363,0.000257,0.02209,0.02635,0.02895,0.03112,0.03612,0.01085,0.00165,0.000116,0.0075,0.0099,0.0108,0.012,0.0142,0.007257,0.00121,8.6e-5,0.005,0.0065,0.0072,0.00793,0.00991,0.047,0.00458,0.000324,0.03909,0.0436,0.047,0.0499,0.05611,0.018107,0.00251,0.000177,0.013,0.0164,0.0182,0.01972,0.02351,0.093803,0.00995,0.000704,0.07609,0.08692,0.0934,0.1,0.11452
20.5,0.90257,0.01045,0.000739,0.88154,0.8961,0.9029,0.90965,0.92141,0.029418,0.00375,0.000265,0.02209,0.0268,0.0295,0.0316,0.0372,0.011223,0.00169,0.00012,0.00809,0.0102,0.0112,0.0124,0.0144,0.007476,0.00128,9.1e-5,0.0051,0.0066,0.0075,0.0083,0.0104,0.049312,0.00481,0.00034,0.0412,0.04608,0.04915,0.0525,0.05881,0.018699,0.00264,0.000187,0.0136,0.01687,0.0186,0.02052,0.024,0.09743,0.01045,0.000739,0.07859,0.09035,0.0971,0.1039,0.11846
21.0,0.898782,0.01084,0.000766,0.87607,0.89208,0.8993,0.90622,0.9183,0.030159,0.0038,0.000269,0.02299,0.0278,0.03,0.0326,0.03751,0.011622,0.00171,0.000121,0.0085,0.0104,0.0115,0.0129,0.01481,0.007778,0.00131,9.3e-5,0.0052,0.0068,0.0078,0.00863,0.0104,0.05166,0.00507,0.000358,0.0431,0.04818,0.0511,0.0547,0.06211,0.019399,0.00269,0.00019,0.014,0.01748,0.0194,0.0213,0.02471,0.101218,0.01084,0.000766,0.08169,0.09378,0.1007,0.10792,0.12393
21.5,0.894864,0.01137,0.000804,0.87188,0.88785,0.8953,0.9029,0.91512,0.031031,0.00396,0.00028,0.02279,0.0286,0.03095,0.0337,0.0392,0.011899,0.00182,0.000129,0.0086,0.0106,0.01185,0.0131,0.0156,0.008037,0.00133,9.4e-5,0.00569,0.007,0.0081,0.0089,0.0105,0.05417,0.00536,0.000379,0.0448,0.05027,0.05395,0.0575,0.06511,0.019936,0.00284,0.000201,0.0147,0.01787,0.0198,0.0221,0.02581,0.105136,0.01137,0.000804,0.08488,0.0971,0.1047,0.11215,0.12811
22.0,0.890835,0.01187,0.000839,0.86744,0.883,0.89105,0.8995,0.91201,0.031971,0.00406,0.000287,0.0234,0.0291,0.03195,0.03452,0.03951,0.012262,0.00182,0.000129,0.0091,0.01108,0.0122,0.0135,0.0159,0.008224,0.00134,9.5e-5,0.006,0.0072,0.0082,0.0091,0.0107,0.056708,0.00573,0.000405,0.0469,0.05285,0.0564,0.06013,0.06832,0.020486,0.00286,0.000202,0.01569,0.0184,0.0205,0.02252,0.02621,0.109165,0.01187,0.000839,0.08799,0.1005,0.10895,0.117,0.13256
22.5,0.886833,0.01229,0.000869,0.86234,0.87878,0.88735,0.89562,0.9089,0.032731,0.0041,0.00029,0.02429,0.03,0.0327,0.03542,0.04002,0.012695,0.00187,0.000132,0.0092,0.01148,0.0125,0.0139,0.0167,0.008438,0.00142,0.0001,0.0059,0.0074,0.0084,0.0095,0.0111,0.059302,0.00602,0.000426,0.049,0.05478,0.05885,0.0628,0.07153,0.021134,0.00299,0.000211,0.01579,0.0189,0.0208,0.0233,0.0272,0.113167,0.01229,0.000869,0.0911,0.10438,0.11265,0.12123,0.13766
23.0,0.882676,0.01277,0.000903,0.85802,0.87417,0.88335,0.89172,0.9064,0.033553,0.00418,0.000295,0.0252,0.0307,0.0336,0.0364,0.041,0.01319,0.00196,0.000139,0.0098,0.01168,0.0132,0.0146,0.0172,0.008643,0.00146,0.000103,0.006,0.0076,0.0087,0.0097,0.01121,0.061937,0.00636,0.00045,0.05118,0.057,0.06175,0.06575,0.07502,0.021834,0.00308,0.000218,0.0164,0.0195,0.0216,0.02402,0.0278,0.117324,0.01277,0.000903,0.0936,0.10828,0.11665,0.12582,0.14198
23.5,0.878396,0.01325,0.000937,0.85192,0.86988,0.87915,0.88792,0.903,0.034468,0.00425,0.000301,0.0262,0.0315,0.0345,0.03742,0.0422,0.01352,0.00201,0.000142,0.0101,0.012,0.01345,0.0148,0.01761,0.008906,0.00146,0.000103,0.0063,0.0077,0.0088,0.01002,0.0114,0.06471,0.00672,0.000475,0.05328,0.0596,0.0645,0.06882,0.07862,0.022426,0.00316,0.000224,0.0169,0.0201,0.02235,0.02472,0.02851,0.121604,0.01325,0.000937,0.097,0.11208,0.12085,0.13012,0.14808
24.0,0.873967,0.01376,0.000973,0.8464,0.86543,0.87465,0.88352,0.89774,0.035377,0.00444,0.000314,0.0273,0.0321,0.0354,0.03825,0.04372,0.013916,0.00203,0.000143,0.0103,0.0125,0.0139,0.0151,0.018,0.009189,0.0014,9.9e-5,0.0065,0.0083,0.0091,0.0102,0.0118,0.067552,0.00702,0.000497,0.0556,0.0622,0.06745,0.07185,0.08172,0.023104,0.00315,0.000223,0.0175,0.02098,0.02305,0.0254,0.02922,0.126033,0.01376,0.000973,0.10226,0.11648,0.12535,0.13458,0.1536
24.5,0.869416,0.01429,0.00101,0.83961,0.86045,0.8705,0.88002,0.89452,0.036391,0.00452,0.00032,0.0283,0.03328,0.0365,0.03902,0.04445,0.014272,0.00213,0.000151,0.0103,0.01278,0.01405,0.01552,0.0186,0.009436,0.00145,0.000102,0.0067,0.0085,0.0093,0.0105,0.0122,0.070486,0.00736,0.000521,0.05769,0.0648,0.0703,0.07523,0.08523,0.023707,0.0033,0.000233,0.0176,0.02138,0.02335,0.026,0.0302,0.130584,0.01429,0.00101,0.10548,0.11998,0.1295,0.13955,0.16039
25.0,0.864787,0.0148,0.001047,0.83312,0.85578,0.866,0.87535,0.8913,0.037353,0.00464,0.000328,0.0288,0.0337,0.03745,0.04043,0.04691,0.014702,0.00212,0.00015,0.01089,0.0134,0.0146,0.016,0.019,0.009754,0.00149,0.000105,0.00729,0.00867,0.00975,0.0108,0.0126,0.073406,0.00769,0.000544,0.06028,0.06758,0.07295,0.0783,0.08885,0.024455,0.00333,0.000236,0.01859,0.02228,0.0241,0.0267,0.03092,0.135214,0.0148,0.001047,0.1087,0.12465,0.134,0.14422,0.16688
25.5,0.85999,0.01531,0.001082,0.82664,0.85058,0.86055,0.8703,0.88742,0.038398,0.00476,0.000337,0.02929,0.0349,0.03845,0.04142,0.04761,0.015072,0.00214,0.000151,0.0113,0.0136,0.0151,0.0166,0.01911,0.010045,0.00154,0.000109,0.0075,0.0089,0.01,0.01115,0.013,0.076496,0.00807,0.00057,0.06257,0.0705,0.0763,0.08142,0.09382,0.025116,0.00338,0.000239,0.01908,0.0225,0.0248,0.0276,0.0319,0.14001,0.01531,0.001082,0.11258,0.1297,0.13945,0.14942,0.17336
26.0,0.855121,0.01579,0.001116,0.82116,0.84578,0.8557,0.86562,0.88274,0.039388,0.00481,0.00034,0.0306,0.03608,0.0391,0.04252,0.0499,0.015512,0.00216,0.000152,0.01169,0.01398,0.0154,0.0172,0.0199,0.010306,0.00156,0.00011,0.0077,0.0091,0.0104,0.0114,0.0136,0.079672,0.00844,0.000597,0.06527,0.07375,0.0795,0.08502,0.09822,0.025818,0.00339,0.00024,0.0199,0.0233,0.02575,0.02822,0.0321,0.144878,0.01579,0.001116,0.11726,0.13438,0.1443,0.15422,0.17884
26.5,0.850176,0.01637,0.001158,0.81506,0.84033,0.8508,0.8612,0.87934,0.0404,0.00493,0.000349,0.0316,0.0369,0.0402,0.04312,0.05091,0.015917,0.00227,0.000161,0.0118,0.0143,0.0159,0.0177,0.0206,0.010557,0.00156,0.000111,0.0078,0.0092,0.0104,0.0118,0.01351,0.08295,0.00879,0.000621,0.06778,0.07678,0.0827,0.08835,0.10212,0.026474,0.00352,0.000249,0.02008,0.024,0.0264,0.02892,0.03301,0.149824,0.01637,0.001158,0.12066,0.1388,0.1492,0.15968,0.18495
27.0,0.84518,0.01692,0.001196,0.80839,0.8352,0.84585,0.85722,0.87593,0.041374,0.00496,0.000351,0.0325,0.0379,0.0413,0.0442,0.05172,0.016403,0.00238,0.000168,0.0122,0.0146,0.01645,0.01802,0.0214,0.0108,0.00158,0.000112,0.008,0.0097,0.0107,0.0119,0.01401,0.086244,0.00918,0.000649,0.07019,0.07975,0.08605,0.092,0.10602,0.027202,0.0036,0.000254,0.02079,0.0248,0.027,0.0296,0.03402,0.15482,0.01692,0.001196,0.12407,0.14277,0.15415,0.1648,0.19161
27.5,0.840008,0.01762,0.001246,0.80288,0.82955,0.84075,0.8525,0.87174,0.042263,0.00516,0.000365,0.03339,0.03868,0.042,0.04532,0.05371,0.016928,0.00241,0.00017,0.0124,0.0151,0.017,0.0185,0.02171,0.011084,0.00167,0.000118,0.0081,0.01,0.0111,0.0121,0.0148,0.089717,0.00956,0.000676,0.0728,0.08268,0.0892,0.09593,0.1103,0.028012,0.00372,0.000263,0.021,0.0254,0.02805,0.0304,0.0352,0.159992,0.01762,0.001246,0.12826,0.1475,0.15925,0.17045,0.19712
28.0,0.83479,0.01817,0.001285,0.79646,0.82387,0.8353,0.84772,0.86821,0.043153,0.00517,0.000366,0.03429,0.0397,0.0432,0.04642,0.05362,0.017354,0.0025,0.000177,0.0127,0.0155,0.01735,0.019,0.0224,0.011402,0.00169,0.000119,0.00819,0.0104,0.0113,0.01253,0.0149,0.093301,0.01004,0.00071,0.07508,0.08598,0.0929,0.1,0.1149,0.028756,0.00383,0.000271,0.0215,0.026,0.0286,0.0315,0.0362,0.16521,0.01817,0.001285,0.13179,0.15228,0.1647,0.17612,0.20354
28.5,0.829403,0.01867,0.00132,0.78948,0.8186,0.82985,0.84282,0.8633,0.044243,0.0052,0.000367,0.03519,0.04075,0.04415,0.04735,0.05442,0.017748,0.00253,0.000179,0.0132,0.0161,0.01775,0.0196,0.0227,0.011737,0.00173,0.000123,0.00859,0.0106,0.0115,0.013,0.0154,0.096869,0.01049,0.000742,0.0777,0.08907,0.09655,0.10352,0.11941,0.029485,0.00388,0.000274,0.0223,0.02668,0.02945,0.0321,0.0368,0.170597,0.01867,0.00132,0.1367,0.15718,0.17015,0.1814,0.21052
29.0,0.823888,0.01925,0.001362,0.78269,0.81235,0.8241,0.83822,0.85863,0.045299,0.00529,0.000374,0.0362,0.0417,0.04505,0.0486,0.05575,0.018103,0.00261,0.000185,0.0135,0.01627,0.0182,0.0198,0.0235,0.012111,0.00177,0.000125,0.0085,0.011,0.012,0.0134,0.0155,0.100598,0.0109,0.00077,0.08029,0.09198,0.1004,0.10738,0.12441,0.030214,0.004,0.000283,0.0227,0.0272,0.03025,0.0332,0.0378,0.176111,0.01925,0.001362,0.14137,0.16178,0.1759,0.18765,0.21731
29.5,0.818277,0.01978,0.001399,0.77658,0.80698,0.81915,0.83342,0.85307,0.046316,0.00527,0.000373,0.03689,0.0427,0.046,0.0498,0.05732,0.018531,0.00277,0.000196,0.0135,0.01658,0.01855,0.02022,0.0237,0.012383,0.00177,0.000125,0.0091,0.0112,0.0124,0.0137,0.0157,0.104492,0.0113,0.000799,0.08389,0.09578,0.10435,0.11172,0.12901,0.030914,0.00415,0.000294,0.023,0.02787,0.0311,0.03365,0.03841,0.181723,0.01978,0.001399,0.14694,0.16658,0.18085,0.19302,0.22342
30.0,0.81267,0.02034,0.001438,0.76987,0.8009,0.8129,0.8271,0.84896,0.047174,0.00531,0.000375,0.0381,0.0439,0.0472,0.05055,0.05811,0.018956,0.00281,0.000199,0.01359,0.01715,0.019,0.0207,0.0246,0.012744,0.00183,0.000129,0.009,0.01148,0.0128,0.01402,0.0162,0.108456,0.01172,0.000829,0.08678,0.09978,0.10855,0.11595,0.13362,0.031699,0.00425,0.0003,0.02369,0.0289,0.0314,0.03472,0.03951,0.187329,0.02034,0.001438,0.15105,0.1729,0.1871,0.1991,0.23013
30.5,0.806861,0.02093,0.00148,0.76317,0.79458,0.80675,0.82242,0.84532,0.048249,0.00538,0.00038,0.0386,0.04508,0.0484,0.05162,0.0597,0.019321,0.00275,0.000194,0.014,0.0173,0.0195,0.02102,0.0246,0.01303,0.00185,0.000131,0.0095,0.01188,0.0131,0.01422,0.0163,0.11254,0.0123,0.000869,0.09038,0.10352,0.1126,0.1205,0.13961,0.032351,0.00426,0.000301,0.02489,0.0292,0.0323,0.0353,0.04041,0.193139,0.02093,0.00148,0.15468,0.17758,0.19325,0.20542,0.23683
31.0,0.800953,0.02145,0.001517,0.75656,0.78838,0.8009,0.81675,0.84032,0.049202,0.00533,0.000377,0.03977,0.0461,0.0492,0.05252,0.05983,0.019872,0.00275,0.000195,0.01499,0.0179,0.01995,0.0219,0.02511,0.013362,0.00194,0.000137,0.0097,0.0122,0.01345,0.01453,0.0167,0.116612,0.01276,0.000902,0.09389,0.1079,0.1166,0.1244,0.14354,0.033234,0.00434,0.000307,0.0251,0.03025,0.0333,0.03622,0.04141,0.199048,0.02145,0.001517,0.15968,0.18325,0.1991,0.21162,0.24344
31.5,0.794914,0.02205,0.001559,0.74927,0.78282,0.79475,0.81148,0.83582,0.050254,0.00551,0.000389,0.0402,0.04705,0.05035,0.05405,0.06023,0.020312,0.00276,0.000195,0.0147,0.0185,0.0204,0.0221,0.0254,0.013684,0.00194,0.000137,0.01009,0.0124,0.0137,0.015,0.01721,0.120836,0.01323,0.000936,0.0966,0.11158,0.1212,0.12922,0.14884,0.033996,0.00434,0.000307,0.02579,0.03095,0.03415,0.03682,0.04222,0.205087,0.02205,0.001559,0.16419,0.18852,0.20525,0.21718,0.25072
32.0,0.788687,0.02266,0.001602,0.74197,0.77572,0.7879,0.80638,0.8303,0.051379,0.00558,0.000394,0.04137,0.04768,0.0515,0.05482,0.0623,0.020828,0.00291,0.000206,0.01568,0.0191,0.0207,0.0229,0.0265,0.013982,0.00195,0.000138,0.0102,0.0126,0.0141,0.01522,0.0175,0.125124,0.01365,0.000965,0.10059,0.1156,0.1251,0.13288,0.15451,0.03481,0.00447,0.000316,0.02679,0.03175,0.03475,0.03775,0.0433,0.211312,0.02266,0.001602,0.1697,0.19363,0.2121,0.22428,0.25803
32.5,0.782468,0.02317,0.001639,0.73497,0.76988,0.78195,0.80075,0.82473,0.052342,0.00557,0.000394,0.04207,0.0491,0.0522,0.0559,0.0632,0.021368,0.00296,0.000209,0.01559,0.0193,0.02155,0.0235,0.0269,0.014286,0.00195,0.000138,0.0106,0.0128,0.0143,0.0155,0.0181,0.129538,0.0141,0.000997,0.104,0.11902,0.12955,0.13785,0.15971,0.035653,0.00452,0.00032,0.0274,0.03238,0.03595,0.03852,0.0441,0.217532,0.02317,0.001639,0.17527,0.19925,0.21805,0.23013,0.26503
33.0,0.776082,0.02376,0.00168,0.72767,0.7629,0.7756,0.7944,0.81962,0.053409,0.00562,0.000397,0.04355,0.0498,0.0534,0.05678,0.06392,0.021886,0.00301,0.000213,0.0154,0.02008,0.0219,0.02383,0.0274,0.014599,0.002,0.000141,0.0112,0.01327,0.0145,0.0159,0.0189,0.134026,0.01463,0.001034,0.10768,0.12328,0.1339,0.14255,0.16504,0.036484,0.00459,0.000325,0.02867,0.0335,0.0367,0.0396,0.0455,0.223919,0.02376,0.00168,0.18038,0.2056,0.2244,0.2371,0.27233
33.5,0.769651,0.02437,0.001723,0.72114,0.75572,0.76985,0.78755,0.8141,0.054409,0.00576,0.000407,0.0441,0.05098,0.0542,0.0584,0.06593,0.02241,0.00305,0.000216,0.0163,0.02068,0.0225,0.0247,0.02771,0.014911,0.00202,0.000143,0.0112,0.0135,0.015,0.01622,0.0192,0.138618,0.01511,0.001068,0.11148,0.12838,0.1386,0.1474,0.17171,0.037322,0.00469,0.000331,0.02819,0.03428,0.03755,0.0403,0.04523,0.230349,0.02437,0.001723,0.1859,0.21245,0.23015,0.24428,0.27886
34.0,0.763283,0.02501,0.001769,0.71275,0.74928,0.7634,0.78078,0.80911,0.05534,0.00584,0.000413,0.04518,0.0522,0.05525,0.05918,0.06631,0.02275,0.00304,0.000215,0.0166,0.0208,0.02285,0.0246,0.02881,0.015235,0.00209,0.000148,0.0112,0.01388,0.01535,0.01653,0.0193,0.143392,0.0156,0.001103,0.115,0.1325,0.14365,0.15232,0.1772,0.037985,0.00472,0.000334,0.02899,0.03498,0.0384,0.04093,0.0463,0.236717,0.02501,0.001769,0.19089,0.21922,0.2366,0.25073,0.28725
34.5,0.756653,0.02564,0.001813,0.7047,0.74168,0.7565,0.7747,0.80381,0.056447,0.00592,0.000418,0.04619,0.0526,0.05675,0.0603,0.0679,0.023131,0.00308,0.000218,0.01749,0.0211,0.0234,0.02502,0.0292,0.015554,0.00215,0.000152,0.0114,0.0141,0.0156,0.0171,0.0196,0.148215,0.01606,0.001136,0.11949,0.1372,0.14845,0.15752,0.1833,0.038685,0.00482,0.000341,0.02958,0.03535,0.0393,0.0416,0.0477,0.243348,0.02564,0.001813,0.19619,0.2253,0.2435,0.25832,0.2953
35.0,0.749928,0.02613,0.001848,0.69572,0.73495,0.7499,0.76798,0.7978,0.057468,0.00594,0.00042,0.046,0.0538,0.05795,0.061,0.06951,0.023572,0.00308,0.000218,0.01759,0.0216,0.0238,0.0255,0.0295,0.015884,0.0021,0.000148,0.01199,0.0145,0.0159,0.0172,0.02,0.153148,0.01663,0.001176,0.1232,0.14148,0.15325,0.1632,0.18951,0.039457,0.00481,0.00034,0.03058,0.03638,0.0396,0.0426,0.04831,0.250072,0.02613,0.001848,0.2022,0.23202,0.2501,0.26505,0.30428
35.5,0.743091,0.02662,0.001883,0.68766,0.72818,0.74285,0.76135,0.79162,0.058643,0.00601,0.000425,0.04729,0.05455,0.0593,0.0622,0.07031,0.024016,0.00308,0.000218,0.0182,0.02207,0.02405,0.0259,0.0303,0.016129,0.00209,0.000148,0.0124,0.0147,0.0161,0.01773,0.02031,0.158122,0.0171,0.001209,0.12809,0.14603,0.15875,0.16822,0.1952,0.040144,0.0048,0.00034,0.03088,0.03697,0.0403,0.04322,0.04922,0.256909,0.02662,0.001883,0.20838,0.23865,0.25715,0.27182,0.31234
36.0,0.736248,0.02709,0.001916,0.67918,0.72085,0.7362,0.75472,0.7862,0.059652,0.00601,0.000425,0.04769,0.05545,0.0603,0.06325,0.07131,0.024555,0.00311,0.00022,0.01859,0.0225,0.02455,0.0263,0.0306,0.016427,0.00216,0.000153,0.0124,0.0151,0.0164,0.0179,0.02091,0.163117,0.01757,0.001242,0.1323,0.15055,0.16345,0.17338,0.20162,0.040983,0.00485,0.000343,0.0321,0.0376,0.04105,0.04393,0.04991,0.263752,0.02709,0.001916,0.2138,0.24528,0.2638,0.27915,0.32082
36.5,0.72931,0.02763,0.001954,0.67178,0.71268,0.7296,0.7478,0.7804,0.060632,0.00603,0.000426,0.04819,0.05635,0.061,0.06462,0.072,0.024998,0.00312,0.000221,0.01919,0.023,0.0251,0.027,0.0308,0.016806,0.00221,0.000157,0.0128,0.0154,0.0169,0.018,0.0216,0.168255,0.01814,0.001283,0.13649,0.1558,0.16835,0.17918,0.20781,0.041804,0.00492,0.000348,0.03268,0.03847,0.0417,0.04477,0.051,0.27069,0.02763,0.001954,0.2196,0.2522,0.2704,0.28732,0.32822
37.0,0.722285,0.02823,0.001996,0.66349,0.70572,0.72265,0.74173,0.77481,0.061522,0.00614,0.000434,0.05008,0.05728,0.06165,0.06535,0.0731,0.025506,0.00323,0.000228,0.01939,0.02348,0.02555,0.0274,0.03151,0.017174,0.00223,0.000158,0.0128,0.0158,0.0171,0.0184,0.02151,0.173513,0.01864,0.001318,0.1404,0.15995,0.1739,0.185,0.2137,0.04268,0.00503,0.000356,0.03279,0.03968,0.04285,0.0457,0.05181,0.277715,0.02823,0.001996,0.22519,0.25827,0.27735,0.29428,0.33651
37.5,0.71522,0.02873,0.002032,0.65648,0.698,0.71525,0.73425,0.76901,0.062423,0.0062,0.000438,0.0495,0.05785,0.0631,0.06632,0.07381,0.026049,0.0032,0.000226,0.0196,0.02428,0.0261,0.028,0.0323,0.017489,0.00229,0.000162,0.01339,0.01608,0.0174,0.01883,0.0222,0.17882,0.01909,0.00135,0.14439,0.16462,0.17965,0.1908,0.21943,0.043538,0.00505,0.000357,0.03399,0.04055,0.0437,0.04672,0.05265,0.28478,0.02873,0.002032,0.23099,0.26575,0.28475,0.302,0.34352
38.0,0.707968,0.02922,0.002066,0.64829,0.6906,0.7079,0.72735,0.76272,0.063428,0.00617,0.000437,0.0514,0.0586,0.06365,0.06723,0.0749,0.026633,0.00325,0.00023,0.02039,0.0246,0.0267,0.0289,0.0326,0.017771,0.00228,0.000161,0.0139,0.0162,0.0177,0.01902,0.0223,0.1842,0.01962,0.001387,0.1484,0.1697,0.1847,0.1967,0.22573,0.044404,0.00509,0.00036,0.0346,0.0412,0.0446,0.04775,0.05392,0.292032,0.02922,0.002066,0.23728,0.27265,0.2921,0.3094,0.35171
38.5,0.700635,0.02983,0.002109,0.63948,0.68232,0.7014,0.71935,0.75681,0.064368,0.00628,0.000444,0.05317,0.05965,0.065,0.06858,0.07651,0.027138,0.00335,0.000237,0.02068,0.0251,0.027,0.02962,0.0332,0.018041,0.00234,0.000166,0.01419,0.01658,0.018,0.0192,0.02271,0.189818,0.01997,0.001412,0.1524,0.17538,0.1899,0.2019,0.23312,0.045179,0.00524,0.00037,0.03508,0.04198,0.0452,0.0485,0.05491,0.299365,0.02983,0.002109,0.24319,0.28065,0.2986,0.31768,0.36052
39.0,0.693178,0.03041,0.00215,0.63226,0.67452,0.6934,0.71175,0.75071,0.06529,0.00631,0.000446,0.05348,0.0608,0.0656,0.0696,0.0771,0.027652,0.00337,0.000238,0.02019,0.02558,0.0278,0.0303,0.03331,0.018342,0.00239,0.000169,0.0141,0.0168,0.01825,0.01972,0.0236,0.195539,0.02049,0.001449,0.15767,0.18048,0.1957,0.20825,0.23922,0.045993,0.00532,0.000376,0.03519,0.04248,0.04585,0.0496,0.05551,0.306822,0.03041,0.00215,0.24929,0.28825,0.3066,0.32548,0.36774
39.5,0.685686,0.03096,0.002189,0.62455,0.66613,0.6857,0.70475,0.74432,0.066263,0.00635,0.000449,0.05459,0.06198,0.06695,0.07073,0.07742,0.028042,0.00339,0.00024,0.02138,0.02568,0.0281,0.03035,0.03382,0.018612,0.00238,0.000168,0.0143,0.017,0.01865,0.02,0.024,0.201397,0.02101,0.001486,0.16189,0.18662,0.2017,0.21432,0.2471,0.046654,0.00533,0.000377,0.03678,0.0429,0.0465,0.0507,0.0566,0.314314,0.03096,0.002189,0.25568,0.29525,0.3143,0.33388,0.37545
40.0,0.678264,0.03142,0.002222,0.61603,0.65828,0.6781,0.69762,0.73712,0.067072,0.00636,0.00045,0.05489,0.0629,0.0676,0.0715,0.07862,0.028385,0.00337,0.000238,0.0214,0.02598,0.02855,0.03092,0.0341,0.018928,0.00231,0.000163,0.01479,0.01727,0.0189,0.02032,0.02361,0.20735,0.02165,0.001531,0.1667,0.19168,0.20735,0.22042,0.25323,0.047313,0.0052,0.000368,0.03767,0.0435,0.04755,0.0512,0.0564,0.321736,0.03142,0.002222,0.26288,0.30238,0.3219,0.34173,0.38397
40.5,0.670783,0.03193,0.002258,0.60844,0.65027,0.6701,0.69062,0.73026,0.067877,0.00635,0.000449,0.05646,0.0637,0.06835,0.07245,0.0797,0.02881,0.00337,0.000238,0.0222,0.02648,0.02905,0.03122,0.03441,0.01929,0.00233,0.000165,0.01509,0.0175,0.01925,0.0207,0.0243,0.21324,0.02216,0.001567,0.17116,0.19795,0.21385,0.22658,0.25993,0.0481,0.00525,0.000371,0.03779,0.044,0.04795,0.05212,0.0579,0.329217,0.03193,0.002258,0.26974,0.30938,0.3299,0.34973,0.39156
41.0,0.6631,0.03226,0.002281,0.59917,0.64292,0.66225,0.68297,0.72461,0.068769,0.00614,0.000434,0.05657,0.06485,0.0694,0.0731,0.0799,0.029204,0.00339,0.00024,0.02259,0.0271,0.0292,0.0317,0.0354,0.019616,0.00244,0.000172,0.0151,0.0179,0.0195,0.0212,0.0242,0.219313,0.02265,0.001602,0.17539,0.20335,0.22055,0.23265,0.26783,0.048819,0.00533,0.000377,0.0383,0.04535,0.0487,0.0523,0.05921,0.336901,0.03226,0.002281,0.27539,0.31702,0.33775,0.35708,0.40083
41.5,0.655457,0.03269,0.002312,0.5896,0.63492,0.65475,0.67532,0.71647,0.06951,0.00608,0.00043,0.05679,0.0652,0.0702,0.07382,0.08002,0.029639,0.00338,0.000239,0.023,0.02745,0.0296,0.0323,0.0356,0.019883,0.00232,0.000164,0.01608,0.0184,0.01965,0.02153,0.0248,0.225511,0.02318,0.001639,0.18136,0.20912,0.22665,0.23882,0.27581,0.049522,0.00527,0.000373,0.03969,0.0457,0.0495,0.05292,0.05941,0.344543,0.03269,0.002312,0.28353,0.32468,0.34525,0.36508,0.4104
42.0,0.647882,0.0331,0.00234,0.58195,0.6266,0.64655,0.66825,0.70909,0.070162,0.00587,0.000415,0.05769,0.06578,0.07085,0.0744,0.0808,0.030054,0.00342,0.000242,0.0228,0.02758,0.0303,0.0325,0.0364,0.020169,0.00249,0.000176,0.01569,0.01847,0.0202,0.02153,0.0257,0.231734,0.02366,0.001673,0.18735,0.21425,0.2335,0.2447,0.28205,0.050223,0.00549,0.000388,0.03978,0.0463,0.0501,0.05362,0.0608,0.352118,0.0331,0.00234,0.29091,0.33175,0.35345,0.3734,0.41805
42.5,0.640187,0.0335,0.002369,0.57354,0.61898,0.63845,0.66135,0.70131,0.070809,0.0058,0.00041,0.0588,0.0661,0.0709,0.07502,0.08121,0.030463,0.00355,0.000251,0.0234,0.0279,0.03065,0.03302,0.0371,0.020466,0.00246,0.000174,0.01599,0.0187,0.0205,0.0218,0.0258,0.238075,0.02416,0.001708,0.1923,0.22028,0.23945,0.25185,0.28788,0.050929,0.00553,0.000391,0.03968,0.047,0.0511,0.0543,0.0618,0.359813,0.0335,0.002369,0.29869,0.33865,0.36155,0.38102,0.42646
43.0,0.632392,0.03395,0.0024,0.56465,0.6107,0.63075,0.6533,0.69492,0.071491,0.00579,0.000409,0.06029,0.06708,0.0716,0.07532,0.0826,0.030916,0.00344,0.000243,0.02457,0.02868,0.0311,0.03333,0.0369,0.020725,0.00246,0.000174,0.0164,0.0191,0.0209,0.0222,0.0262,0.244477,0.02464,0.001742,0.19809,0.22645,0.24555,0.25902,0.29389,0.051641,0.00546,0.000386,0.0408,0.0474,0.05215,0.0552,0.0616,0.367608,0.03395,0.0024,0.30508,0.3467,0.36925,0.3893,0.43535
43.5,0.624572,0.03437,0.00243,0.55656,0.60258,0.62225,0.64635,0.68817,0.072014,0.00569,0.000402,0.0607,0.06787,0.07255,0.0759,0.08211,0.031471,0.00338,0.000239,0.02507,0.0291,0.0316,0.0334,0.03761,0.020922,0.00236,0.000167,0.0164,0.01938,0.0208,0.0223,0.026,0.251022,0.0253,0.001789,0.20418,0.23272,0.25155,0.26495,0.30114,0.052392,0.00531,0.000376,0.0414,0.04868,0.0525,0.05582,0.06261,0.375428,0.03437,0.00243,0.31183,0.35365,0.37775,0.39742,0.44344
44.0,0.61669,0.03478,0.00246,0.54756,0.5946,0.61415,0.63885,0.6805,0.072629,0.00581,0.000411,0.06068,0.06855,0.07275,0.0766,0.08332,0.031895,0.00341,0.000241,0.02519,0.02988,0.0319,0.03422,0.03792,0.021156,0.00224,0.000158,0.0169,0.0198,0.021,0.02252,0.026,0.257629,0.02579,0.001824,0.21045,0.23908,0.2582,0.27222,0.30902,0.053052,0.00525,0.000371,0.0428,0.04938,0.0529,0.0565,0.06311,0.38331,0.03478,0.00246,0.3195,0.36115,0.38585,0.4054,0.45244
44.5,0.608775,0.03512,0.002483,0.53906,0.58655,0.6062,0.6316,0.67363,0.07325,0.00582,0.000411,0.06088,0.06908,0.07355,0.07733,0.08393,0.0323,0.00331,0.000234,0.0257,0.03028,0.0323,0.03432,0.0386,0.021352,0.00223,0.000158,0.01729,0.02,0.02115,0.02282,0.02602,0.264323,0.02637,0.001865,0.21549,0.2459,0.2648,0.27962,0.31602,0.053653,0.00512,0.000362,0.04349,0.0499,0.05375,0.0567,0.06392,0.391225,0.03512,0.002483,0.32637,0.3684,0.3938,0.41345,0.46094
45.0,0.600902,0.03538,0.002501,0.53116,0.57815,0.59825,0.62345,0.66584,0.073783,0.00578,0.000408,0.0618,0.06998,0.0739,0.07802,0.0842,0.032727,0.00332,0.000235,0.0262,0.0302,0.0329,0.03482,0.03941,0.021577,0.00218,0.000154,0.0175,0.0202,0.0216,0.02292,0.02621,0.271012,0.02683,0.001897,0.2206,0.25255,0.27145,0.28685,0.3241,0.054304,0.00509,0.00036,0.04439,0.05065,0.0544,0.0574,0.06471,0.399099,0.03538,0.002501,0.33416,0.37655,0.40175,0.42185,0.46884
45.5,0.592917,0.03569,0.002524,0.52394,0.56958,0.5908,0.61548,0.65886,0.074386,0.0057,0.000403,0.06309,0.07058,0.0742,0.07792,0.08572,0.033079,0.00335,0.000237,0.02629,0.03088,0.03315,0.0351,0.0401,0.021852,0.00213,0.000151,0.0176,0.0205,0.0218,0.02312,0.0258,0.277766,0.02731,0.001931,0.22658,0.25928,0.2782,0.29375,0.33236,0.054931,0.00504,0.000356,0.04468,0.0519,0.055,0.05822,0.0657,0.407083,0.03569,0.002524,0.34114,0.38452,0.4092,0.43042,0.47606
46.0,0.585121,0.03595,0.002542,0.51557,0.56228,0.58245,0.60785,0.6512,0.074762,0.00568,0.000402,0.06387,0.07098,0.07505,0.0784,0.08701,0.033417,0.00329,0.000233,0.02649,0.03128,0.0337,0.0357,0.0399,0.022092,0.00205,0.000145,0.0183,0.0207,0.022,0.02342,0.0259,0.284608,0.02784,0.001968,0.23278,0.26585,0.28465,0.3008,0.34131,0.055509,0.00489,0.000346,0.04618,0.0521,0.0558,0.05872,0.06511,0.414879,0.03595,0.002542,0.3488,0.39215,0.41755,0.43772,0.48443
46.5,0.577273,0.03615,0.002556,0.50869,0.55365,0.57485,0.60025,0.64421,0.075057,0.00547,0.000387,0.06449,0.07125,0.075,0.0783,0.08621,0.03374,0.00325,0.00023,0.02709,0.0316,0.0339,0.0359,0.0403,0.022368,0.00205,0.000145,0.0183,0.021,0.0225,0.0237,0.0265,0.291562,0.02837,0.002006,0.23848,0.2726,0.29175,0.30827,0.34963,0.056108,0.00484,0.000342,0.04669,0.05285,0.0564,0.05922,0.06651,0.422727,0.03615,0.002556,0.35579,0.39975,0.42515,0.44635,0.49131
47.0,0.569344,0.03633,0.002569,0.50078,0.54488,0.5665,0.59302,0.6363,0.075486,0.0053,0.000375,0.0656,0.07165,0.07535,0.07872,0.086,0.033914,0.00319,0.000226,0.027,0.0317,0.0341,0.0359,0.0401,0.022557,0.00212,0.00015,0.0184,0.0211,0.0226,0.024,0.0268,0.2987,0.02889,0.002043,0.24448,0.27978,0.29915,0.31572,0.35614,0.056471,0.00479,0.000339,0.04659,0.0532,0.057,0.05952,0.06532,0.430656,0.03633,0.002569,0.3637,0.40698,0.4335,0.45512,0.49922
47.5,0.561539,0.03639,0.002573,0.49389,0.53685,0.5584,0.58595,0.62891,0.075776,0.0051,0.00036,0.0657,0.07228,0.0759,0.07885,0.08672,0.03421,0.00313,0.000221,0.0276,0.0321,0.03435,0.0362,0.0406,0.022729,0.00206,0.000145,0.0187,0.02128,0.0229,0.0241,0.0267,0.305746,0.02931,0.002073,0.25166,0.28715,0.3064,0.32342,0.36348,0.056939,0.0047,0.000332,0.04719,0.0538,0.0573,0.06022,0.06462,0.438461,0.03639,0.002573,0.37109,0.41405,0.4416,0.46315,0.50611
48.0,0.553702,0.03658,0.002587,0.48538,0.52863,0.5502,0.57902,0.62238,0.075997,0.00501,0.000354,0.0663,0.0726,0.0763,0.07898,0.08731,0.034536,0.00321,0.000227,0.02829,0.0324,0.0345,0.0367,0.0413,0.022878,0.00213,0.00015,0.0191,0.0215,0.023,0.0243,0.0268,0.312888,0.02966,0.002097,0.25872,0.29353,0.3135,0.33098,0.37049,0.057414,0.00478,0.000338,0.0474,0.0543,0.05745,0.0608,0.06642,0.446298,0.03658,0.002587,0.37762,0.42098,0.4498,0.47138,0.51461
48.5,0.54593,0.0366,0.002588,0.47875,0.5211,0.54225,0.5695,0.61569,0.076205,0.00481,0.00034,0.06678,0.07305,0.0764,0.07942,0.08632,0.034698,0.0032,0.000226,0.0287,0.0326,0.0348,0.0367,0.04111,0.023045,0.00209,0.000148,0.01899,0.0215,0.0233,0.0244,0.02681,0.320123,0.03005,0.002125,0.26471,0.30113,0.3211,0.3388,0.3784,0.057742,0.00472,0.000334,0.04849,0.05452,0.05805,0.06113,0.06731,0.45407,0.0366,0.002588,0.38431,0.4305,0.45775,0.4789,0.52125
49.0,0.538159,0.03665,0.002591,0.47159,0.51382,0.53445,0.56137,0.60938,0.076278,0.00482,0.000341,0.06648,0.0732,0.076,0.07965,0.087,0.034884,0.00307,0.000217,0.0288,0.03298,0.03505,0.0367,0.0409,0.02324,0.00197,0.000139,0.0193,0.0218,0.0233,0.0245,0.0271,0.327439,0.03051,0.002157,0.27049,0.30855,0.3287,0.34662,0.38531,0.058124,0.0045,0.000318,0.04948,0.055,0.0583,0.0612,0.0672,0.461841,0.03665,0.002591,0.39063,0.43863,0.46555,0.48618,0.52841
49.5,0.530263,0.03672,0.002597,0.4632,0.50588,0.5263,0.5539,0.60032,0.076474,0.00477,0.000337,0.0671,0.07345,0.07635,0.0792,0.0868,0.035092,0.003,0.000212,0.0296,0.0332,0.03525,0.0369,0.0413,0.023469,0.00195,0.000138,0.01999,0.022,0.0235,0.0249,0.02711,0.334701,0.03088,0.002184,0.2764,0.31542,0.33725,0.35388,0.3933,0.058561,0.00436,0.000308,0.05029,0.0556,0.0589,0.0615,0.06712,0.469737,0.03672,0.002597,0.39968,0.4461,0.4737,0.49412,0.5368
50.0,0.522572,0.03679,0.002601,0.4555,0.49872,0.51865,0.54725,0.59314,0.076392,0.00471,0.000333,0.0673,0.07328,0.0763,0.0796,0.08641,0.035376,0.00292,0.000206,0.03,0.0334,0.0357,0.0372,0.0411,0.023608,0.00194,0.000137,0.0203,0.02228,0.0235,0.025,0.0271,0.342052,0.03128,0.002212,0.28258,0.32238,0.3443,0.36125,0.40277,0.058983,0.00424,0.0003,0.051,0.0559,0.05945,0.062,0.06683,0.477428,0.03679,0.002601,0.40686,0.45275,0.48135,0.50127,0.5445
50.5,0.514827,0.03679,0.002602,0.44856,0.49115,0.51115,0.5402,0.58611,0.076509,0.00458,0.000324,0.06877,0.07348,0.07685,0.0793,0.08591,0.035509,0.0029,0.000205,0.03009,0.0334,0.0356,0.0373,0.0411,0.023699,0.00188,0.000133,0.02049,0.0223,0.0236,0.0252,0.02731,0.349456,0.03164,0.002238,0.28907,0.32912,0.35235,0.36925,0.41056,0.059208,0.00422,0.000298,0.05127,0.05608,0.05935,0.062,0.06691,0.485173,0.03679,0.002602,0.41389,0.4598,0.48885,0.50885,0.55145
51.0,0.50714,0.03684,0.002605,0.44078,0.48425,0.50345,0.53292,0.57765,0.076642,0.00463,0.000327,0.06859,0.0732,0.07665,0.0801,0.0862,0.03563,0.00282,0.000199,0.0301,0.0336,0.03555,0.0374,0.0416,0.023719,0.00177,0.000125,0.02049,0.0226,0.0235,0.02492,0.02731,0.356869,0.03199,0.002262,0.29566,0.3366,0.35945,0.37597,0.41727,0.059348,0.00405,0.000286,0.05178,0.0566,0.0594,0.0619,0.0674,0.49286,0.03684,0.002605,0.42235,0.46707,0.49655,0.51575,0.55923
51.5,0.499616,0.03676,0.0026,0.43388,0.4768,0.4956,0.5247,0.57009,0.076466,0.00444,0.000314,0.06879,0.07318,0.0766,0.07945,0.08542,0.035689,0.00282,0.000199,0.0305,0.0336,0.0357,0.03742,0.0413,0.023808,0.00175,0.000124,0.02029,0.02278,0.0238,0.0249,0.02711,0.364422,0.03218,0.002276,0.30236,0.3448,0.3668,0.3843,0.42518,0.059497,0.00402,0.000284,0.05209,0.0567,0.0594,0.06213,0.0677,0.500384,0.03676,0.0026,0.42991,0.4753,0.5044,0.5232,0.56612
52.0,0.4921,0.03682,0.002604,0.42564,0.4691,0.48845,0.5178,0.56357,0.07628,0.00447,0.000316,0.0685,0.0728,0.0763,0.07933,0.08483,0.035795,0.00274,0.000194,0.03,0.0339,0.03585,0.03772,0.04121,0.023803,0.00185,0.000131,0.0205,0.02268,0.0238,0.025,0.0273,0.372022,0.03241,0.002292,0.30993,0.3519,0.3736,0.3919,0.43275,0.059598,0.004,0.000283,0.0523,0.05687,0.0597,0.0621,0.06724,0.5079,0.03682,0.002604,0.43644,0.4822,0.51155,0.5309,0.57436
52.5,0.484753,0.03674,0.002598,0.41882,0.46202,0.481,0.51093,0.55653,0.075952,0.00439,0.00031,0.0684,0.0729,0.0754,0.0789,0.08551,0.03592,0.00273,0.000193,0.0309,0.03398,0.036,0.0377,0.04132,0.023962,0.00181,0.000128,0.02049,0.0227,0.0241,0.02512,0.0277,0.379412,0.03263,0.002307,0.31682,0.35928,0.38075,0.3995,0.43982,0.059883,0.00395,0.000279,0.0523,0.05718,0.0599,0.0626,0.068,0.515247,0.03674,0.002598,0.44347,0.48908,0.519,0.53798,0.58117
53.0,0.477348,0.03664,0.002591,0.41068,0.45432,0.4732,0.50245,0.54993,0.075782,0.00438,0.00031,0.0678,0.0728,0.0755,0.0788,0.08501,0.035923,0.00272,0.000192,0.03109,0.034,0.036,0.0376,0.0418,0.024085,0.00182,0.000129,0.0204,0.0228,0.02425,0.0255,0.0275,0.386861,0.03294,0.002329,0.32359,0.36562,0.38845,0.40765,0.44741,0.060008,0.00388,0.000274,0.0522,0.05737,0.05985,0.06272,0.06751,0.522651,0.03664,0.002591,0.45007,0.49755,0.5268,0.54568,0.58932
53.5,0.470096,0.03659,0.002587,0.4034,0.44762,0.4658,0.49413,0.54359,0.075458,0.00424,0.0003,0.06838,0.07248,0.07505,0.0784,0.0842,0.036006,0.00279,0.000197,0.0305,0.0342,0.036,0.0378,0.0414,0.024016,0.00177,0.000125,0.0203,0.0229,0.0242,0.0252,0.0272,0.394423,0.03323,0.00235,0.33088,0.37282,0.396,0.4159,0.45504,0.060023,0.0039,0.000276,0.0523,0.05748,0.05995,0.0628,0.06641,0.529904,0.03659,0.002587,0.45641,0.50587,0.5342,0.55238,0.5966
54.0,0.462872,0.03658,0.002586,0.397,0.43948,0.4586,0.48722,0.53605,0.075184,0.00417,0.000295,0.06839,0.07198,0.075,0.0776,0.0831,0.036047,0.00271,0.000192,0.03109,0.0341,0.036,0.038,0.04111,0.024,0.00189,0.000133,0.0203,0.0227,0.0241,0.0252,0.0278,0.401896,0.03342,0.002363,0.33796,0.38005,0.40355,0.42322,0.46352,0.060047,0.00396,0.00028,0.0529,0.0574,0.0599,0.06272,0.06661,0.537128,0.03658,0.002586,0.46395,0.51278,0.5414,0.56052,0.603
54.5,0.455789,0.03648,0.002579,0.39079,0.43298,0.452,0.47948,0.52923,0.074871,0.00419,0.000296,0.06789,0.0715,0.0744,0.0774,0.0836,0.03604,0.00264,0.000187,0.0318,0.03428,0.0359,0.0378,0.0416,0.023931,0.00188,0.000133,0.02,0.0226,0.024,0.0252,0.0276,0.409368,0.03362,0.002377,0.34738,0.38742,0.411,0.4309,0.4713,0.059972,0.00383,0.000271,0.05359,0.0573,0.0598,0.06252,0.0671,0.544211,0.03648,0.002579,0.47077,0.52052,0.548,0.56702,0.60921
55.0,0.448684,0.03628,0.002565,0.38516,0.426,0.44485,0.47258,0.52144,0.074419,0.00405,0.000286,0.06799,0.07135,0.07435,0.07685,0.08291,0.036065,0.00268,0.000189,0.0314,0.0341,0.036,0.038,0.0408,0.023992,0.00196,0.000138,0.02009,0.02268,0.024,0.02532,0.0274,0.416842,0.03389,0.002397,0.35449,0.39428,0.41845,0.43908,0.47923,0.060056,0.00393,0.000278,0.05307,0.0573,0.05985,0.0626,0.0677,0.551316,0.03628,0.002565,0.47856,0.52742,0.55515,0.574,0.61484
55.5,0.441772,0.03602,0.002547,0.37939,0.41878,0.437,0.4665,0.51304,0.073966,0.00403,0.000285,0.0668,0.07118,0.07365,0.07665,0.08191,0.035968,0.00271,0.000192,0.0312,0.034,0.03575,0.03772,0.0408,0.023924,0.00185,0.000131,0.02049,0.02268,0.024,0.0251,0.0272,0.424369,0.03402,0.002406,0.36214,0.40148,0.42635,0.44702,0.48623,0.059892,0.00387,0.000274,0.05308,0.0572,0.0599,0.06218,0.06682,0.558227,0.03602,0.002547,0.48696,0.5335,0.563,0.58123,0.62061
56.0,0.435025,0.0358,0.002531,0.37398,0.41222,0.4303,0.4594,0.50743,0.073379,0.00404,0.000286,0.066,0.07068,0.0731,0.0759,0.0821,0.035871,0.00264,0.000187,0.03109,0.03408,0.03585,0.0376,0.0411,0.023933,0.00185,0.000131,0.02049,0.0229,0.024,0.0251,0.0275,0.431792,0.03428,0.002424,0.36788,0.40945,0.4337,0.45422,0.49348,0.059804,0.00376,0.000266,0.05298,0.05708,0.0599,0.0622,0.06681,0.564974,0.0358,0.002531,0.49257,0.5406,0.5697,0.58778,0.62602
56.5,0.428257,0.03559,0.002516,0.36806,0.40545,0.42345,0.45335,0.50117,0.072812,0.00407,0.000288,0.06539,0.06987,0.0727,0.0753,0.082,0.035807,0.00264,0.000187,0.03139,0.03398,0.0357,0.03763,0.04102,0.023842,0.00186,0.000132,0.02049,0.0228,0.024,0.02502,0.02711,0.439282,0.03441,0.002433,0.37538,0.417,0.4415,0.4619,0.50161,0.059648,0.00368,0.00026,0.0526,0.05708,0.0597,0.0619,0.0671,0.571743,0.03559,0.002516,0.49883,0.54665,0.57655,0.59455,0.63194
57.0,0.421613,0.03529,0.002495,0.36266,0.3993,0.41665,0.44638,0.49486,0.072158,0.00417,0.000295,0.0646,0.06935,0.0718,0.07475,0.08111,0.035667,0.00261,0.000185,0.0308,0.03408,0.0356,0.03722,0.0413,0.023728,0.00182,0.000129,0.0203,0.02238,0.0239,0.02492,0.0271,0.446834,0.03454,0.002442,0.38239,0.42488,0.4491,0.46982,0.50963,0.059396,0.0036,0.000254,0.0527,0.0569,0.0595,0.0619,0.066,0.578387,0.03529,0.002495,0.50514,0.55362,0.58335,0.6007,0.63734
57.5,0.415029,0.03499,0.002474,0.35726,0.39262,0.40995,0.43972,0.48785,0.071592,0.00426,0.000301,0.06329,0.0688,0.07155,0.07432,0.0795,0.035535,0.00251,0.000178,0.0309,0.03367,0.0356,0.0371,0.04111,0.023576,0.00175,0.000124,0.02029,0.0223,0.0236,0.0248,0.027,0.454267,0.03474,0.002457,0.3884,0.4309,0.4561,0.4773,0.5165,0.059111,0.00347,0.000245,0.05249,0.05678,0.05905,0.0616,0.0655,0.58497,0.03499,0.002474,0.51215,0.56028,0.59005,0.60738,0.64273
58.0,0.408546,0.03475,0.002457,0.35089,0.38648,0.40335,0.4332,0.48192,0.070844,0.00437,0.000309,0.06238,0.0679,0.07085,0.07362,0.07942,0.035413,0.0025,0.000177,0.03059,0.0336,0.0355,0.0371,0.04031,0.02356,0.00168,0.000119,0.0202,0.0224,0.0236,0.02462,0.0269,0.461636,0.03484,0.002463,0.3959,0.4389,0.4634,0.48503,0.52499,0.058973,0.00346,0.000245,0.05229,0.05687,0.0589,0.0615,0.0652,0.591454,0.03475,0.002457,0.51808,0.5668,0.59665,0.61352,0.64911
58.5,0.402183,0.03452,0.002441,0.34421,0.38025,0.3975,0.4268,0.47424,0.070175,0.00426,0.000301,0.0622,0.0672,0.07025,0.0729,0.0785,0.035239,0.00251,0.000177,0.0306,0.0337,0.03505,0.03682,0.04011,0.0234,0.00169,0.00012,0.0197,0.0222,0.0236,0.0245,0.0264,0.469003,0.03497,0.002473,0.40122,0.44665,0.47135,0.49202,0.53249,0.058639,0.00347,0.000245,0.0524,0.0563,0.0589,0.0607,0.0656,0.597817,0.03452,0.002441,0.52576,0.5732,0.6025,0.61975,0.65579
59.0,0.395896,0.03429,0.002425,0.3389,0.37348,0.3912,0.42075,0.46832,0.06949,0.0042,0.000297,0.062,0.06658,0.0694,0.07195,0.07791,0.035032,0.00246,0.000174,0.0308,0.0332,0.03495,0.0368,0.0396,0.023238,0.00173,0.000122,0.0195,0.0221,0.0233,0.02432,0.0266,0.476345,0.0349,0.002468,0.408,0.45408,0.4782,0.49922,0.53884,0.058269,0.00352,0.000249,0.0515,0.0558,0.0585,0.0604,0.06471,0.604104,0.03429,0.002425,0.53168,0.57925,0.6088,0.62652,0.6611
59.5,0.389776,0.03406,0.002408,0.33397,0.36782,0.3849,0.41412,0.46164,0.06871,0.00415,0.000293,0.06078,0.06558,0.06885,0.07123,0.0764,0.034816,0.00244,0.000172,0.0303,0.0329,0.0348,0.0366,0.03911,0.023056,0.00168,0.000119,0.0197,0.0219,0.0232,0.02422,0.026,0.483642,0.03501,0.002476,0.41471,0.46145,0.4858,0.5074,0.54622,0.057872,0.00342,0.000242,0.0512,0.0552,0.0582,0.0601,0.06411,0.610224,0.03406,0.002408,0.53836,0.58588,0.6151,0.63218,0.66603
60.0,0.383743,0.03371,0.002384,0.32822,0.3626,0.3792,0.40767,0.45368,0.067884,0.00416,0.000294,0.05969,0.065,0.06795,0.07052,0.07581,0.034557,0.00242,0.000171,0.03,0.03258,0.0347,0.03632,0.03941,0.022892,0.00177,0.000125,0.0192,0.0216,0.02285,0.024,0.0261,0.490924,0.035,0.002475,0.42062,0.46955,0.49295,0.51492,0.55261,0.057448,0.00351,0.000248,0.0502,0.0549,0.0578,0.05962,0.0639,0.616256,0.03371,0.002384,0.54632,0.59232,0.6208,0.6374,0.67178
60.5,0.377876,0.03337,0.00236,0.32284,0.35662,0.37335,0.40148,0.44572,0.067001,0.0041,0.00029,0.0586,0.06418,0.06695,0.0695,0.07501,0.03424,0.00243,0.000172,0.0296,0.0327,0.0345,0.0359,0.0387,0.022725,0.00179,0.000127,0.019,0.02148,0.0228,0.024,0.0261,0.498158,0.03497,0.002473,0.42688,0.47568,0.50085,0.52145,0.56009,0.056965,0.00352,0.000249,0.04989,0.0545,0.05705,0.05945,0.0632,0.622124,0.03337,0.00236,0.55428,0.59852,0.62665,0.64338,0.67716
61.0,0.372036,0.03315,0.002344,0.31698,0.35038,0.3681,0.3945,0.4392,0.066141,0.00415,0.000294,0.05849,0.063,0.06635,0.0687,0.07441,0.033934,0.00251,0.000178,0.02899,0.0323,0.034,0.03552,0.03841,0.02265,0.00179,0.000127,0.0188,0.02157,0.0227,0.02392,0.0255,0.505239,0.03497,0.002472,0.4337,0.4827,0.50825,0.52885,0.56881,0.056584,0.0035,0.000248,0.04928,0.0545,0.05695,0.0588,0.0633,0.627964,0.03315,0.002344,0.5608,0.6055,0.6319,0.64962,0.68302
61.5,0.366274,0.03289,0.002326,0.311,0.34435,0.36225,0.3879,0.43193,0.065344,0.0042,0.000297,0.05739,0.06225,0.06555,0.06792,0.07292,0.033683,0.00247,0.000175,0.0286,0.0323,0.0337,0.03522,0.0384,0.022475,0.00184,0.00013,0.0188,0.02118,0.0225,0.0239,0.02541,0.512225,0.03492,0.002469,0.43982,0.4897,0.5147,0.5358,0.57533,0.056158,0.00346,0.000245,0.04939,0.0539,0.0563,0.0586,0.06242,0.633726,0.03289,0.002326,0.56807,0.6121,0.63775,0.65565,0.689
62.0,0.360785,0.03256,0.002303,0.3057,0.3393,0.35735,0.3828,0.42515,0.064406,0.00417,0.000295,0.0566,0.06167,0.0646,0.06712,0.0716,0.033305,0.00251,0.000178,0.0284,0.0317,0.0334,0.03482,0.03771,0.022332,0.00187,0.000132,0.0185,0.0209,0.02235,0.0238,0.0257,0.519172,0.03483,0.002463,0.44658,0.49672,0.5225,0.5425,0.58184,0.055638,0.00351,0.000248,0.049,0.0532,0.0559,0.058,0.06231,0.639215,0.03256,0.002303,0.57485,0.6172,0.64265,0.6607,0.6943
62.5,0.35529,0.03219,0.002276,0.30108,0.33422,0.352,0.37672,0.41837,0.063485,0.00429,0.000303,0.05559,0.06072,0.064,0.06635,0.0714,0.03301,0.00253,0.000179,0.028,0.03148,0.0331,0.03442,0.03791,0.022189,0.00184,0.00013,0.01899,0.0208,0.0222,0.0234,0.0254,0.526026,0.03475,0.002457,0.45348,0.5035,0.5289,0.55,0.58892,0.055199,0.00356,0.000251,0.0487,0.053,0.05535,0.0576,0.0622,0.644711,0.03219,0.002276,0.58163,0.62328,0.648,0.66578,0.69892
63.0,0.349938,0.03182,0.00225,0.29567,0.32898,0.34715,0.3705,0.4118,0.062597,0.00435,0.000308,0.0545,0.05968,0.0629,0.0659,0.07081,0.032663,0.00251,0.000178,0.02719,0.0311,0.0327,0.0344,0.0376,0.021951,0.00186,0.000131,0.0184,0.0207,0.022,0.0233,0.02531,0.53285,0.03473,0.002456,0.45926,0.51058,0.53595,0.5559,0.59492,0.054614,0.00355,0.000251,0.04799,0.0523,0.0547,0.05682,0.062,0.650062,0.03182,0.00225,0.5882,0.6295,0.65285,0.67102,0.70433
63.5,0.344632,0.0315,0.002228,0.29107,0.32382,0.3422,0.36578,0.40713,0.061826,0.00444,0.000314,0.05349,0.05858,0.0619,0.0649,0.07051,0.03225,0.00252,0.000178,0.0273,0.0306,0.0323,0.03395,0.0371,0.021652,0.00184,0.00013,0.0182,0.02048,0.0217,0.0229,0.0252,0.53964,0.03463,0.002449,0.46674,0.51822,0.5429,0.56262,0.60201,0.053903,0.0036,0.000255,0.04738,0.0515,0.05405,0.0563,0.061,0.655368,0.0315,0.002228,0.59287,0.63422,0.6578,0.67618,0.70893
64.0,0.339484,0.03108,0.002197,0.28717,0.3179,0.33705,0.36018,0.40094,0.060874,0.00459,0.000324,0.0515,0.05795,0.0609,0.06412,0.07023,0.031886,0.00243,0.000172,0.02739,0.0301,0.03195,0.0335,0.03691,0.021484,0.00179,0.000126,0.01819,0.0202,0.02145,0.02282,0.025,0.546272,0.03456,0.002444,0.47287,0.5242,0.54985,0.5687,0.60745,0.05337,0.00352,0.000249,0.04739,0.051,0.05345,0.05582,0.0601,0.660516,0.03108,0.002197,0.59906,0.63983,0.66295,0.6821,0.71283
64.5,0.334415,0.03067,0.002169,0.28286,0.31317,0.3328,0.35532,0.39523,0.059945,0.00454,0.000321,0.05128,0.05668,0.0597,0.0632,0.06836,0.031601,0.0024,0.00017,0.0267,0.0299,0.03175,0.0331,0.03651,0.02118,0.00186,0.000131,0.0179,0.0199,0.0211,0.02242,0.0251,0.552858,0.03439,0.002432,0.48007,0.53092,0.5561,0.57512,0.61315,0.052781,0.00355,0.000251,0.04609,0.05057,0.0529,0.05512,0.0595,0.665584,0.03067,0.002169,0.60477,0.64468,0.6672,0.68682,0.71714
65.0,0.329518,0.03022,0.002137,0.27837,0.30832,0.3284,0.35012,0.38986,0.058857,0.00465,0.000329,0.05009,0.0556,0.05865,0.0619,0.06902,0.031283,0.00245,0.000173,0.0265,0.02968,0.0314,0.0328,0.0357,0.020918,0.00181,0.000128,0.01758,0.0196,0.0209,0.02212,0.0247,0.559424,0.03416,0.002415,0.48699,0.53668,0.5631,0.58115,0.61885,0.0522,0.00356,0.000252,0.04548,0.04985,0.0521,0.05465,0.05893,0.670482,0.03022,0.002137,0.61014,0.64988,0.6716,0.69168,0.72164
65.5,0.324735,0.02986,0.002111,0.27418,0.30358,0.32335,0.34455,0.38544,0.057743,0.00452,0.00032,0.04929,0.05468,0.0578,0.0608,0.06781,0.030922,0.00251,0.000177,0.0258,0.02938,0.0311,0.0324,0.03591,0.020724,0.00175,0.000124,0.0169,0.0194,0.02075,0.0219,0.0243,0.565877,0.03403,0.002406,0.49368,0.54245,0.5694,0.58738,0.62504,0.051646,0.00362,0.000256,0.0448,0.0495,0.05155,0.0541,0.05832,0.675266,0.02986,0.002111,0.61456,0.65545,0.67665,0.69642,0.72582
66.0,0.320103,0.02948,0.002084,0.26979,0.29915,0.31905,0.33928,0.38022,0.056736,0.00458,0.000324,0.0481,0.05348,0.0565,0.06002,0.0668,0.03048,0.00247,0.000175,0.0257,0.0289,0.0306,0.03202,0.03501,0.020428,0.00173,0.000123,0.0173,0.01938,0.0203,0.02162,0.0243,0.572253,0.03383,0.002392,0.50018,0.5485,0.5755,0.59348,0.63103,0.050908,0.00357,0.000252,0.0444,0.04865,0.05075,0.0532,0.05781,0.679898,0.02948,0.002084,0.61978,0.66072,0.68095,0.70085,0.7302
66.5,0.315586,0.02895,0.002047,0.26656,0.29478,0.315,0.33422,0.37372,0.055592,0.00462,0.000327,0.0465,0.05235,0.0555,0.05872,0.06531,0.030077,0.00246,0.000174,0.0256,0.0285,0.0302,0.0315,0.03451,0.020116,0.00178,0.000126,0.0171,0.019,0.0201,0.02132,0.02381,0.578629,0.0336,0.002376,0.50678,0.55535,0.58205,0.5998,0.63732,0.050193,0.00361,0.000256,0.04369,0.0479,0.05015,0.0525,0.0572,0.684414,0.02895,0.002047,0.62628,0.66578,0.685,0.70522,0.73344
67.0,0.311178,0.02852,0.002016,0.26381,0.29055,0.3106,0.32952,0.36902,0.054536,0.00475,0.000336,0.0454,0.05138,0.0546,0.0575,0.0641,0.029616,0.00248,0.000175,0.0251,0.028,0.0295,0.03122,0.0344,0.019791,0.0018,0.000128,0.0165,0.0186,0.01975,0.02082,0.0236,0.584879,0.03342,0.002363,0.51328,0.56218,0.58805,0.60692,0.64251,0.049407,0.00368,0.00026,0.0425,0.0469,0.0494,0.052,0.057,0.688822,0.02852,0.002016,0.63098,0.67048,0.6894,0.70945,0.73619
67.5,0.306836,0.02813,0.001989,0.2607,0.28653,0.3056,0.3253,0.3633,0.053472,0.00466,0.000329,0.04448,0.0503,0.0532,0.0565,0.06281,0.029197,0.00253,0.000179,0.02479,0.02745,0.02915,0.03082,0.0344,0.019521,0.00183,0.00013,0.0163,0.0181,0.01945,0.0206,0.02341,0.590975,0.03317,0.002346,0.52026,0.56845,0.5941,0.61255,0.64754,0.048718,0.00378,0.000267,0.04209,0.04598,0.0484,0.05112,0.0561,0.693165,0.02813,0.001989,0.6367,0.6747,0.6944,0.71348,0.7393
68.0,0.30268,0.02762,0.001953,0.25762,0.28235,0.3011,0.3211,0.35761,0.052343,0.00478,0.000338,0.04309,0.04915,0.05215,0.0556,0.0623,0.028764,0.00257,0.000182,0.0243,0.02708,0.0285,0.03052,0.03361,0.019226,0.00187,0.000132,0.0159,0.0178,0.0193,0.02043,0.0232,0.596986,0.03289,0.002326,0.52734,0.5746,0.59995,0.61832,0.6532,0.047991,0.00388,0.000274,0.0411,0.045,0.04775,0.05032,0.0567,0.69732,0.02762,0.001953,0.64239,0.6789,0.6989,0.71765,0.74238
68.5,0.298555,0.02723,0.001926,0.25443,0.27928,0.29715,0.31638,0.35298,0.051419,0.00481,0.00034,0.0417,0.04835,0.0513,0.05462,0.06031,0.028231,0.00256,0.000181,0.02409,0.0263,0.028,0.03005,0.0334,0.018842,0.00188,0.000133,0.0156,0.01748,0.0189,0.02,0.0225,0.602954,0.0326,0.002305,0.53267,0.5801,0.60635,0.6239,0.65863,0.047072,0.00389,0.000275,0.0403,0.0441,0.0468,0.0496,0.0555,0.701445,0.02723,0.001926,0.64703,0.68362,0.70285,0.72072,0.74557
69.0,0.294529,0.02694,0.001905,0.25094,0.27485,0.29385,0.3123,0.34947,0.050325,0.00475,0.000336,0.0406,0.04695,0.05005,0.0538,0.0591,0.027846,0.00258,0.000183,0.02349,0.026,0.0275,0.02952,0.03312,0.018571,0.00189,0.000134,0.015,0.0172,0.0185,0.0198,0.0229,0.608728,0.03239,0.00229,0.53849,0.58658,0.61235,0.62968,0.66314,0.046418,0.00398,0.000281,0.04008,0.0438,0.04585,0.0492,0.05461,0.705471,0.02694,0.001905,0.65053,0.6877,0.70615,0.72515,0.74906
69.5,0.290612,0.0265,0.001874,0.24686,0.272,0.2902,0.30798,0.34574,0.049303,0.00482,0.00034,0.03969,0.04598,0.049,0.0525,0.05841,0.027356,0.0027,0.000191,0.023,0.0254,0.0271,0.02915,0.033,0.018182,0.00194,0.000137,0.01469,0.0168,0.0181,0.0196,0.0224,0.614546,0.0322,0.002277,0.54448,0.59308,0.6179,0.63518,0.66893,0.045539,0.00415,0.000293,0.03859,0.0426,0.0451,0.0485,0.05432,0.709388,0.0265,0.001874,0.65426,0.69203,0.7098,0.728,0.75314
70.0,0.286858,0.02603,0.001841,0.24387,0.2683,0.2864,0.30345,0.34172,0.048205,0.00478,0.000338,0.0384,0.0453,0.04795,0.05112,0.0573,0.026858,0.00268,0.000189,0.0219,0.02498,0.02655,0.0286,0.0325,0.017889,0.00206,0.000146,0.01459,0.01648,0.0178,0.0193,0.0229,0.62019,0.03199,0.002262,0.55028,0.599,0.62305,0.64007,0.6744,0.044748,0.00427,0.000302,0.0373,0.0417,0.04445,0.04772,0.05471,0.713142,0.02603,0.001841,0.65828,0.69655,0.7136,0.7317,0.75613
70.5,0.283156,0.02569,0.001817,0.24069,0.26438,0.28235,0.2997,0.33674,0.047173,0.00479,0.000339,0.0374,0.04408,0.04675,0.05035,0.0564,0.026374,0.00271,0.000192,0.0213,0.02448,0.02605,0.0282,0.032,0.017691,0.00194,0.000137,0.0144,0.0163,0.0176,0.0189,0.02181,0.625606,0.03159,0.002234,0.5566,0.6046,0.62875,0.64625,0.67882,0.044065,0.0042,0.000297,0.0369,0.04118,0.044,0.0466,0.05311,0.716844,0.02569,0.001817,0.66326,0.7003,0.71765,0.73562,0.75931
71.0,0.279562,0.02528,0.001788,0.23818,0.26048,0.27885,0.29592,0.33214,0.04611,0.00493,0.000348,0.03599,0.04318,0.0455,0.04892,0.05551,0.02593,0.00274,0.000194,0.0214,0.02408,0.02585,0.02772,0.03141,0.017379,0.00197,0.000139,0.0141,0.01598,0.0173,0.0186,0.0214,0.63102,0.03139,0.002219,0.56279,0.6104,0.6342,0.65112,0.684,0.043308,0.00428,0.000303,0.0365,0.0402,0.0431,0.0459,0.05133,0.720438,0.02528,0.001788,0.66786,0.70408,0.72115,0.73952,0.76182
71.5,0.275987,0.02489,0.00176,0.235,0.25788,0.27575,0.29262,0.32851,0.045113,0.00508,0.000359,0.0353,0.0419,0.0448,0.0481,0.0551,0.025464,0.00272,0.000192,0.02069,0.02358,0.02545,0.02732,0.0311,0.017062,0.00196,0.000139,0.01389,0.01578,0.0169,0.0181,0.0215,0.636373,0.03111,0.0022,0.56908,0.61558,0.6393,0.65655,0.68823,0.042526,0.00425,0.000301,0.0349,0.0398,0.0421,0.0449,0.0519,0.724013,0.02489,0.00176,0.67149,0.70738,0.72425,0.74212,0.765
72.0,0.272627,0.02453,0.001734,0.23219,0.2547,0.2727,0.28852,0.3239,0.043988,0.00499,0.000353,0.0341,0.041,0.04375,0.0467,0.0544,0.024937,0.00281,0.000199,0.0199,0.0229,0.025,0.02652,0.03071,0.016732,0.00193,0.000137,0.0133,0.0155,0.0166,0.0179,0.02031,0.641716,0.03079,0.002177,0.57488,0.62168,0.6443,0.662,0.69273,0.04167,0.0043,0.000304,0.0338,0.0388,0.04125,0.04432,0.0505,0.727372,0.02453,0.001734,0.6761,0.71148,0.7273,0.7453,0.76781
72.5,0.269301,0.02421,0.001712,0.22968,0.2515,0.26915,0.28525,0.31982,0.042936,0.00494,0.000349,0.0337,0.04,0.04245,0.0459,0.05341,0.024473,0.00284,0.000201,0.0191,0.02258,0.0242,0.0261,0.0305,0.016451,0.00191,0.000135,0.0133,0.0152,0.0164,0.01742,0.02051,0.646838,0.03053,0.002159,0.58216,0.62627,0.64875,0.66725,0.69772,0.040924,0.00431,0.000305,0.0329,0.03797,0.04055,0.0437,0.05002,0.730698,0.02421,0.001712,0.68018,0.71475,0.73085,0.7485,0.77032
73.0,0.266021,0.02384,0.001686,0.2267,0.24902,0.2657,0.2819,0.31533,0.041923,0.00499,0.000353,0.0321,0.03878,0.0417,0.04458,0.05172,0.024049,0.00286,0.000202,0.01879,0.02218,0.0237,0.0258,0.0305,0.016114,0.00198,0.00014,0.0125,0.01478,0.0159,0.0172,0.0206,0.651893,0.03024,0.002138,0.58883,0.63205,0.65435,0.67175,0.7021,0.040163,0.00441,0.000312,0.03219,0.0372,0.0398,0.0429,0.04892,0.733979,0.02384,0.001686,0.68467,0.7181,0.7343,0.75098,0.7733
73.5,0.262849,0.02348,0.00166,0.2247,0.24598,0.2624,0.27842,0.31192,0.040962,0.00493,0.000349,0.0316,0.03768,0.0405,0.0441,0.05071,0.023585,0.00281,0.000199,0.0184,0.0218,0.0234,0.0252,0.0295,0.015768,0.00198,0.00014,0.0124,0.0145,0.0156,0.0171,0.02022,0.656836,0.02985,0.002111,0.59473,0.63672,0.6588,0.67642,0.70643,0.039353,0.00435,0.000308,0.0316,0.0363,0.0392,0.0419,0.04811,0.737151,0.02348,0.00166,0.68808,0.72158,0.7376,0.75402,0.7753
74.0,0.259727,0.02302,0.001628,0.2222,0.24368,0.259,0.2754,0.30783,0.040022,0.00493,0.000349,0.03079,0.0368,0.03975,0.04302,0.04952,0.023063,0.00278,0.000196,0.0184,0.0212,0.02275,0.0249,0.02851,0.015489,0.00193,0.000137,0.0123,0.0142,0.0152,0.0166,0.02021,0.661698,0.02942,0.00208,0.60132,0.64218,0.66345,0.6815,0.71192,0.038552,0.00426,0.000301,0.03109,0.03558,0.0384,0.04082,0.0475,0.740273,0.02302,0.001628,0.69217,0.7246,0.741,0.75632,0.7778
74.5,0.256781,0.02272,0.001607,0.2196,0.24115,0.25635,0.2717,0.30442,0.038977,0.00493,0.000348,0.0294,0.03578,0.0388,0.04202,0.04882,0.022631,0.00266,0.000188,0.0181,0.0208,0.0224,0.0245,0.02791,0.015139,0.00193,0.000137,0.012,0.0138,0.0149,0.0163,0.02,0.666473,0.0291,0.002057,0.6074,0.64705,0.66825,0.6861,0.71623,0.037769,0.00416,0.000294,0.0302,0.035,0.03755,0.04022,0.04721,0.74322,0.02272,0.001607,0.69558,0.7283,0.74365,0.75885,0.7804
75.0,0.253926,0.02231,0.001578,0.2171,0.2384,0.25385,0.26865,0.29995,0.037999,0.00503,0.000356,0.02898,0.03475,0.0373,0.0414,0.0484,0.02214,0.00265,0.000188,0.01739,0.02027,0.02185,0.02392,0.0275,0.014789,0.00189,0.000134,0.0114,0.0134,0.0147,0.0159,0.01881,0.671147,0.02876,0.002034,0.61286,0.65222,0.67335,0.69138,0.72102,0.036929,0.00408,0.000288,0.0297,0.0341,0.03685,0.03915,0.0454,0.746074,0.02231,0.001578,0.70005,0.73135,0.74615,0.7616,0.7829
75.5,0.251106,0.0219,0.001549,0.21536,0.23535,0.2509,0.26602,0.29633,0.037075,0.00505,0.000357,0.0281,0.0336,0.03645,0.04038,0.0485,0.021652,0.00259,0.000183,0.0168,0.0199,0.0214,0.02355,0.027,0.014453,0.00189,0.000134,0.011,0.0131,0.0144,0.0154,0.01861,0.675714,0.0283,0.002001,0.61887,0.65728,0.6778,0.69518,0.72434,0.036105,0.00402,0.000284,0.02859,0.03358,0.036,0.03832,0.04482,0.748894,0.0219,0.001549,0.70367,0.73398,0.7491,0.76465,0.78464
76.0,0.248392,0.02151,0.001521,0.21328,0.2329,0.2475,0.26332,0.29214,0.0362,0.00504,0.000356,0.02739,0.03288,0.0355,0.0398,0.0471,0.021122,0.00261,0.000185,0.01599,0.0193,0.02085,0.02272,0.0267,0.014058,0.00186,0.000132,0.01089,0.0128,0.0139,0.01512,0.0189,0.680228,0.02802,0.001981,0.62417,0.66108,0.68255,0.7001,0.72836,0.03518,0.00403,0.000285,0.0274,0.03267,0.0349,0.03755,0.0447,0.751608,0.02151,0.001521,0.70786,0.73668,0.7525,0.7671,0.78672
76.5,0.245774,0.02114,0.001495,0.21097,0.23055,0.2445,0.26065,0.28901,0.03524,0.00501,0.000354,0.0262,0.0318,0.0344,0.03865,0.04571,0.020624,0.00268,0.000189,0.01559,0.01888,0.02035,0.0224,0.0263,0.013694,0.00189,0.000134,0.0105,0.01237,0.0135,0.0148,0.0186,0.684668,0.02772,0.00196,0.62915,0.66598,0.6868,0.70422,0.73175,0.034318,0.00414,0.000293,0.0273,0.0316,0.0338,0.03672,0.04333,0.754226,0.02114,0.001495,0.71099,0.73935,0.7555,0.76945,0.78903
77.0,0.243264,0.02089,0.001477,0.20819,0.22835,0.242,0.258,0.28631,0.034298,0.00493,0.000349,0.02559,0.03098,0.03365,0.0376,0.04442,0.020111,0.00261,0.000184,0.01548,0.01847,0.0198,0.02172,0.02571,0.013412,0.00186,0.000131,0.0105,0.012,0.0132,0.01462,0.0178,0.688915,0.02733,0.001933,0.63309,0.67075,0.6908,0.70772,0.73504,0.033523,0.00407,0.000288,0.02698,0.03078,0.03295,0.0361,0.04211,0.756737,0.02089,0.001477,0.71369,0.742,0.758,0.77165,0.79181
77.5,0.240812,0.02055,0.001453,0.206,0.22598,0.23945,0.255,0.2836,0.033388,0.0048,0.000339,0.02558,0.0301,0.03295,0.0367,0.0433,0.019638,0.00266,0.000188,0.01509,0.01808,0.0194,0.0213,0.0255,0.013108,0.00179,0.000127,0.01019,0.0118,0.01295,0.0143,0.0172,0.693054,0.02704,0.001912,0.63788,0.67518,0.69475,0.71195,0.73813,0.032746,0.0041,0.00029,0.02579,0.03,0.03185,0.03522,0.0425,0.759188,0.02055,0.001453,0.7164,0.745,0.76055,0.77402,0.794
78.0,0.23843,0.02023,0.00143,0.2046,0.2232,0.2368,0.253,0.27991,0.032528,0.00466,0.000329,0.02488,0.0293,0.0321,0.03532,0.04201,0.01919,0.00273,0.000193,0.01429,0.0175,0.019,0.0207,0.02521,0.012756,0.00184,0.00013,0.0096,0.0114,0.0125,0.01382,0.0169,0.697097,0.02673,0.00189,0.64094,0.67908,0.6989,0.7153,0.74251,0.031946,0.00424,0.0003,0.0243,0.029,0.0313,0.03448,0.0411,0.76157,0.02023,0.00143,0.72009,0.747,0.7632,0.7768,0.7954
78.5,0.23609,0.01993,0.001409,0.2031,0.221,0.23445,0.25017,0.27651,0.031632,0.00468,0.000331,0.02407,0.0283,0.0313,0.0344,0.04141,0.018814,0.00272,0.000192,0.0141,0.01708,0.0186,0.02022,0.0251,0.012456,0.00183,0.00013,0.0092,0.0112,0.0122,0.01362,0.0167,0.701008,0.02638,0.001865,0.64576,0.68342,0.7029,0.71868,0.74572,0.03127,0.00423,0.000299,0.0232,0.0286,0.0307,0.0342,0.04012,0.76391,0.01993,0.001409,0.72349,0.74982,0.76555,0.779,0.7969
79.0,0.233793,0.01958,0.001384,0.20159,0.21898,0.23225,0.248,0.27311,0.03086,0.0047,0.000332,0.0232,0.0272,0.03055,0.0338,0.0401,0.018345,0.00269,0.00019,0.0137,0.01648,0.01815,0.02,0.024,0.012178,0.00183,0.00013,0.0089,0.011,0.01195,0.0134,0.01601,0.704824,0.02601,0.001839,0.65,0.68765,0.70635,0.72232,0.7489,0.030522,0.0042,0.000297,0.0232,0.02768,0.03,0.0332,0.03852,0.766207,0.01958,0.001384,0.7269,0.752,0.76775,0.78102,0.79841
79.5,0.23163,0.01931,0.001366,0.1991,0.21722,0.23,0.24568,0.26991,0.029943,0.00459,0.000324,0.02189,0.02668,0.0297,0.0329,0.03901,0.01789,0.00267,0.000189,0.013,0.01617,0.0176,0.0196,0.0231,0.01193,0.00184,0.00013,0.0088,0.0107,0.0117,0.0132,0.0155,0.708607,0.02563,0.001812,0.65558,0.6917,0.7098,0.72555,0.75211,0.02982,0.00421,0.000298,0.02209,0.027,0.0291,0.03262,0.03761,0.768369,0.01931,0.001366,0.73009,0.75432,0.77,0.78277,0.8009
80.0,0.229567,0.01899,0.001343,0.1971,0.21525,0.2279,0.243,0.26701,0.029095,0.00457,0.000323,0.02148,0.0256,0.0288,0.032,0.03871,0.017435,0.0026,0.000184,0.0128,0.0157,0.0172,0.0192,0.02271,0.011665,0.00177,0.000125,0.0086,0.0104,0.0116,0.01272,0.0154,0.712238,0.02524,0.001785,0.65967,0.69592,0.7137,0.7284,0.75473,0.0291,0.00409,0.00029,0.0215,0.02648,0.0288,0.03212,0.03702,0.770433,0.01899,0.001343,0.73299,0.757,0.7721,0.78475,0.8029
80.5,0.227576,0.01872,0.001324,0.1955,0.2133,0.22575,0.24072,0.2641,0.028201,0.00448,0.000317,0.0203,0.0248,0.02775,0.03112,0.03801,0.017032,0.00266,0.000188,0.0123,0.01518,0.0169,0.01883,0.02242,0.011399,0.00179,0.000127,0.0082,0.01028,0.0112,0.0124,0.0152,0.715793,0.02492,0.001762,0.6639,0.6992,0.7169,0.73155,0.75752,0.028431,0.00415,0.000294,0.0209,0.02555,0.028,0.03102,0.03672,0.772424,0.01872,0.001324,0.7359,0.75927,0.77425,0.7867,0.8045
81.0,0.225583,0.01845,0.001304,0.19429,0.21145,0.2234,0.2385,0.2611,0.027382,0.00443,0.000313,0.01979,0.02418,0.02725,0.0302,0.03701,0.016591,0.00259,0.000183,0.0118,0.01478,0.01645,0.0185,0.0218,0.011119,0.00173,0.000122,0.008,0.0098,0.011,0.0123,0.0145,0.719326,0.02451,0.001733,0.66818,0.70328,0.7201,0.7357,0.7603,0.027709,0.00405,0.000287,0.02069,0.02508,0.0272,0.03052,0.0356,0.774418,0.01845,0.001304,0.7389,0.7615,0.7766,0.78855,0.80571
81.5,0.223626,0.01812,0.001281,0.193,0.21037,0.2216,0.2359,0.25801,0.026628,0.0044,0.000311,0.0191,0.0233,0.0265,0.029,0.03582,0.016227,0.00256,0.000181,0.01159,0.0142,0.01615,0.0181,0.02121,0.01083,0.00175,0.000124,0.0077,0.00977,0.0107,0.012,0.0144,0.722689,0.02414,0.001707,0.67227,0.70698,0.72365,0.7391,0.7632,0.027056,0.00399,0.000282,0.02029,0.024,0.0268,0.0298,0.03521,0.776374,0.01812,0.001281,0.74199,0.7641,0.7784,0.78962,0.80701
82.0,0.22178,0.01789,0.001265,0.19169,0.20895,0.2194,0.23405,0.25572,0.025882,0.00434,0.000307,0.01849,0.02278,0.0257,0.0284,0.0349,0.01577,0.00252,0.000178,0.0111,0.01388,0.0158,0.01722,0.0208,0.010534,0.00175,0.000124,0.0072,0.0094,0.0103,0.0118,0.0141,0.726034,0.02382,0.001684,0.67629,0.71038,0.7267,0.742,0.76561,0.026304,0.00395,0.00028,0.0193,0.0233,0.0262,0.0292,0.0346,0.77822,0.01789,0.001265,0.74428,0.76595,0.7806,0.79105,0.80831
82.5,0.219932,0.01762,0.001246,0.19038,0.20715,0.21795,0.23222,0.25352,0.025151,0.00432,0.000306,0.0177,0.0221,0.02495,0.0277,0.0341,0.015328,0.00245,0.000173,0.011,0.0134,0.0154,0.01682,0.02021,0.010246,0.00172,0.000122,0.0072,0.00917,0.01,0.01142,0.01371,0.729342,0.02342,0.001656,0.6803,0.7136,0.72995,0.74535,0.76852,0.025575,0.00387,0.000273,0.01889,0.0227,0.0254,0.0282,0.03323,0.780068,0.01762,0.001246,0.74648,0.76778,0.78205,0.79285,0.80962
83.0,0.218193,0.01738,0.001229,0.1885,0.20555,0.21595,0.23025,0.25082,0.024439,0.00422,0.000299,0.0172,0.0215,0.0241,0.02692,0.0339,0.01491,0.00249,0.000176,0.0102,0.0129,0.015,0.01632,0.02011,0.009938,0.00175,0.000124,0.0069,0.0088,0.0098,0.0111,0.01361,0.73252,0.02317,0.001639,0.68528,0.71728,0.7331,0.74855,0.77102,0.024848,0.00391,0.000277,0.0179,0.02218,0.0248,0.02712,0.0336,0.781807,0.01738,0.001229,0.74918,0.76975,0.78405,0.79445,0.8115
83.5,0.21649,0.01713,0.001211,0.1874,0.20395,0.21435,0.22822,0.24852,0.023783,0.00413,0.000292,0.01719,0.02087,0.02345,0.0262,0.0332,0.014545,0.00245,0.000173,0.01,0.0127,0.0145,0.0161,0.01961,0.009674,0.00173,0.000123,0.0067,0.0085,0.0095,0.01072,0.0135,0.735509,0.02283,0.001614,0.68889,0.72065,0.73535,0.7518,0.77342,0.024219,0.00388,0.000274,0.0173,0.0217,0.02395,0.02662,0.033,0.78351,0.01713,0.001211,0.75148,0.77178,0.78565,0.79605,0.8126
84.0,0.214904,0.01694,0.001198,0.18598,0.20245,0.2132,0.2267,0.24682,0.023076,0.00402,0.000284,0.0163,0.0202,0.0226,0.0254,0.03124,0.014069,0.00243,0.000172,0.0097,0.0122,0.01405,0.01562,0.01891,0.009439,0.00171,0.000121,0.0064,0.0082,0.00925,0.0106,0.013,0.738511,0.02253,0.001593,0.69326,0.72328,0.7385,0.7549,0.77592,0.023508,0.00384,0.000272,0.0167,0.0208,0.0234,0.02562,0.03191,0.785096,0.01694,0.001198,0.75318,0.7733,0.7868,0.79755,0.81402
84.5,0.213326,0.0167,0.001181,0.18518,0.20088,0.2117,0.22488,0.24492,0.022411,0.00388,0.000275,0.0159,0.0196,0.0221,0.02472,0.03042,0.01369,0.00247,0.000175,0.0092,0.012,0.01375,0.0154,0.0192,0.009176,0.00164,0.000116,0.0061,0.00807,0.0089,0.01023,0.01271,0.741398,0.02213,0.001565,0.6964,0.7264,0.74135,0.75782,0.77742,0.022866,0.00382,0.00027,0.0158,0.02025,0.02265,0.0253,0.03111,0.786674,0.0167,0.001181,0.75508,0.77512,0.7883,0.79912,0.81482
85.0,0.211826,0.01653,0.001169,0.1838,0.19922,0.21035,0.22335,0.2434,0.021695,0.00383,0.000271,0.0154,0.0189,0.02135,0.02412,0.03001,0.013319,0.00247,0.000175,0.0093,0.0115,0.01325,0.0148,0.0188,0.008935,0.00157,0.000111,0.0061,0.0079,0.0087,0.0099,0.01231,0.744225,0.0218,0.001542,0.70039,0.72908,0.7444,0.76035,0.78,0.022255,0.00373,0.000264,0.01569,0.01978,0.02195,0.0245,0.03052,0.788174,0.01653,0.001169,0.7566,0.77665,0.78965,0.80078,0.8162
85.5,0.210344,0.01631,0.001153,0.18319,0.19788,0.20865,0.22202,0.24051,0.021049,0.00379,0.000268,0.0146,0.0183,0.02065,0.0234,0.02922,0.013009,0.00242,0.000171,0.0091,0.01118,0.013,0.0146,0.0181,0.008658,0.00158,0.000112,0.0059,0.0075,0.00855,0.0096,0.01211,0.74694,0.02153,0.001522,0.70396,0.73192,0.7478,0.7625,0.7825,0.021668,0.00368,0.00026,0.01549,0.01917,0.02125,0.0239,0.02941,0.789656,0.01631,0.001153,0.75949,0.77798,0.79135,0.80212,0.81681
86.0,0.208942,0.0161,0.001138,0.18229,0.19648,0.2074,0.22082,0.2385,0.020364,0.00375,0.000265,0.0141,0.0176,0.02035,0.02265,0.0284,0.0126,0.00236,0.000167,0.0087,0.01088,0.0125,0.0141,0.01741,0.008459,0.00157,0.000111,0.00569,0.0074,0.0083,0.0095,0.01171,0.749635,0.0212,0.001499,0.70696,0.7355,0.75005,0.7655,0.78512,0.021059,0.0036,0.000254,0.01498,0.0187,0.02065,0.0233,0.02863,0.791058,0.0161,0.001138,0.7615,0.77918,0.7926,0.80352,0.81771
86.5,0.207532,0.01583,0.00112,0.18118,0.19535,0.2061,0.21922,0.23603,0.019801,0.00373,0.000264,0.0135,0.017,0.01965,0.02222,0.0273,0.012302,0.00234,0.000165,0.0085,0.01058,0.0122,0.01382,0.0173,0.008191,0.00157,0.000111,0.0054,0.0071,0.008,0.0092,0.0117,0.752174,0.0209,0.001478,0.70985,0.73828,0.75285,0.7675,0.78703,0.020493,0.00359,0.000254,0.01419,0.0181,0.02,0.0228,0.02851,0.792468,0.01583,0.00112,0.76397,0.78078,0.7939,0.80465,0.81882
87.0,0.206181,0.01561,0.001103,0.18039,0.19458,0.2048,0.21738,0.23474,0.019216,0.00366,0.000259,0.0129,0.01658,0.019,0.02142,0.0266,0.011917,0.00225,0.000159,0.0079,0.0103,0.0117,0.0135,0.01651,0.00797,0.00152,0.000107,0.0054,0.00698,0.0078,0.00902,0.0113,0.754716,0.02056,0.001454,0.71238,0.7411,0.75555,0.76925,0.78873,0.019886,0.00347,0.000245,0.014,0.0175,0.0196,0.0223,0.02741,0.793818,0.01561,0.001103,0.76526,0.78262,0.7952,0.80542,0.81961
87.5,0.204833,0.01543,0.001091,0.17879,0.19335,0.2037,0.2158,0.23305,0.018656,0.00365,0.000258,0.01219,0.016,0.01835,0.02122,0.02611,0.011642,0.00222,0.000157,0.00789,0.01018,0.01155,0.0132,0.0162,0.007762,0.0015,0.000106,0.00509,0.00678,0.0076,0.00872,0.011,0.757107,0.02028,0.001434,0.71578,0.7433,0.75825,0.77202,0.79034,0.019404,0.00341,0.000241,0.0136,0.01715,0.0191,0.0217,0.0264,0.795166,0.01543,0.001091,0.76695,0.7842,0.7963,0.80665,0.8212
88.0,0.203567,0.01526,0.001079,0.17836,0.19245,0.20225,0.21455,0.23212,0.018099,0.0036,0.000255,0.0118,0.0155,0.0179,0.02062,0.0259,0.011308,0.00216,0.000153,0.0075,0.0097,0.01105,0.01272,0.01561,0.007522,0.00151,0.000107,0.00479,0.0065,0.0073,0.0086,0.0107,0.759504,0.02001,0.001415,0.71965,0.7455,0.76055,0.77472,0.79264,0.01883,0.00336,0.000238,0.0131,0.0166,0.0184,0.02092,0.0263,0.796433,0.01526,0.001079,0.76788,0.78545,0.79775,0.80755,0.82164
88.5,0.20235,0.01509,0.001067,0.17747,0.1912,0.20075,0.21335,0.2309,0.017568,0.00358,0.000253,0.0113,0.0152,0.01725,0.01993,0.0253,0.010959,0.00213,0.000151,0.0072,0.0094,0.0109,0.0124,0.0152,0.007271,0.00147,0.000104,0.0046,0.0063,0.0072,0.0082,0.0105,0.761852,0.01972,0.001394,0.72267,0.74795,0.76295,0.777,0.79453,0.01823,0.00331,0.000234,0.0128,0.0158,0.0179,0.02032,0.02541,0.79765,0.01509,0.001067,0.7691,0.78665,0.79925,0.8088,0.82253
89.0,0.20119,0.01493,0.001055,0.17608,0.1905,0.1996,0.21195,0.22932,0.017014,0.00353,0.000249,0.0107,0.01458,0.0165,0.01902,0.02472,0.010649,0.00211,0.000149,0.007,0.0091,0.0104,0.0121,0.01471,0.007064,0.00147,0.000104,0.0043,0.0061,0.0069,0.0081,0.0104,0.764083,0.01946,0.001376,0.72498,0.75052,0.76545,0.77915,0.79615,0.017714,0.00331,0.000234,0.0123,0.0151,0.0173,0.02,0.0247,0.79881,0.01493,0.001055,0.77068,0.78805,0.8004,0.8095,0.82392
89.5,0.200074,0.0148,0.001047,0.17537,0.18948,0.1985,0.21055,0.22791,0.016557,0.0034,0.000241,0.0104,0.0142,0.0163,0.0187,0.02391,0.010287,0.00208,0.000147,0.00699,0.00878,0.01025,0.01152,0.0147,0.006819,0.00141,0.0001,0.0042,0.0059,0.0068,0.00773,0.00981,0.766264,0.01915,0.001354,0.72858,0.75278,0.76795,0.78075,0.79765,0.017106,0.00322,0.000228,0.01179,0.0147,0.0168,0.0191,0.02401,0.799926,0.0148,0.001047,0.77208,0.78945,0.8015,0.81052,0.82463
90.0,0.199016,0.01462,0.001034,0.17477,0.1884,0.19725,0.20965,0.22701,0.015958,0.00329,0.000232,0.0106,0.0137,0.0157,0.01782,0.02321,0.009969,0.00203,0.000144,0.0066,0.0084,0.0098,0.0113,0.0142,0.006636,0.00137,9.7e-5,0.0042,0.00568,0.0066,0.0075,0.00961,0.768421,0.01884,0.001332,0.73079,0.75428,0.7702,0.78238,0.79907,0.016605,0.00315,0.000223,0.0114,0.01448,0.01635,0.0187,0.023,0.800984,0.01462,0.001034,0.77299,0.79035,0.80275,0.8116,0.82523
90.5,0.197964,0.01449,0.001024,0.17407,0.18758,0.1962,0.20858,0.2255,0.01541,0.0032,0.000226,0.01019,0.0132,0.0151,0.0172,0.0227,0.009724,0.00198,0.00014,0.0065,0.00818,0.00965,0.0111,0.0139,0.00646,0.00137,9.7e-5,0.0041,0.0055,0.0063,0.0073,0.0096,0.770442,0.01855,0.001312,0.7332,0.75635,0.77245,0.784,0.80076,0.016184,0.00309,0.000219,0.011,0.014,0.0157,0.0183,0.02241,0.802036,0.01449,0.001024,0.7745,0.79142,0.8038,0.81242,0.82593
91.0,0.196931,0.01433,0.001013,0.17357,0.18658,0.1951,0.2075,0.224,0.014953,0.00318,0.000225,0.0097,0.0129,0.0147,0.01662,0.02221,0.009382,0.00187,0.000132,0.0062,0.00798,0.0093,0.0105,0.01321,0.006272,0.00134,9.5e-5,0.0041,0.0053,0.0062,0.0071,0.0092,0.772462,0.01832,0.001295,0.7354,0.759,0.7746,0.78562,0.80265,0.015654,0.00298,0.000211,0.0107,0.0133,0.0155,0.01753,0.02141,0.803069,0.01433,0.001013,0.776,0.7925,0.8049,0.81342,0.82643
91.5,0.195934,0.01418,0.001003,0.17248,0.18585,0.19405,0.20623,0.22183,0.014498,0.00311,0.00022,0.0093,0.0124,0.0144,0.01622,0.02131,0.00908,0.00186,0.000131,0.0061,0.00777,0.009,0.0102,0.0131,0.006086,0.00134,9.5e-5,0.0037,0.0051,0.006,0.007,0.00881,0.774402,0.01804,0.001275,0.73879,0.76118,0.77635,0.78745,0.80405,0.015166,0.00295,0.000209,0.0102,0.01288,0.0151,0.017,0.0215,0.804066,0.01418,0.001003,0.77817,0.79377,0.80595,0.81415,0.82752
92.0,0.194965,0.01406,0.000994,0.17147,0.18508,0.1932,0.2053,0.2213,0.01405,0.00303,0.000215,0.0089,0.01198,0.0138,0.01572,0.02121,0.008795,0.00184,0.00013,0.0057,0.0074,0.0088,0.01002,0.01281,0.005906,0.00133,9.4e-5,0.0035,0.0049,0.0058,0.0067,0.00891,0.776284,0.0178,0.001259,0.74178,0.76322,0.7783,0.78928,0.80573,0.0147,0.00293,0.000207,0.0097,0.0125,0.01455,0.01662,0.0214,0.805035,0.01406,0.000994,0.7787,0.7947,0.8068,0.81492,0.82853
92.5,0.19404,0.0139,0.000983,0.17116,0.1838,0.19225,0.20462,0.21991,0.01361,0.00296,0.000209,0.0086,0.0116,0.0134,0.01543,0.02022,0.00853,0.00182,0.000129,0.0054,0.0071,0.00855,0.00973,0.0122,0.005733,0.00134,9.5e-5,0.0034,0.00478,0.0056,0.0067,0.0089,0.778088,0.01759,0.001244,0.74474,0.7657,0.77995,0.79042,0.80732,0.014262,0.00293,0.000207,0.0091,0.0121,0.0142,0.01602,0.0207,0.805959,0.0139,0.000983,0.78009,0.79538,0.80775,0.8162,0.82884
93.0,0.193171,0.01375,0.000973,0.17057,0.1829,0.1914,0.20362,0.2188,0.013169,0.0029,0.000205,0.0084,0.01128,0.01305,0.015,0.01981,0.008302,0.00185,0.000131,0.0053,0.0069,0.0083,0.00943,0.012,0.005537,0.0013,9.2e-5,0.0033,0.0046,0.0055,0.0064,0.0085,0.779822,0.01737,0.001228,0.74686,0.76725,0.7813,0.7917,0.80842,0.013839,0.0029,0.000205,0.0092,0.0115,0.0136,0.01562,0.02051,0.806829,0.01375,0.000973,0.7812,0.79638,0.8086,0.8171,0.82943
93.5,0.192304,0.0136,0.000962,0.16979,0.1822,0.19055,0.20248,0.21711,0.012723,0.00282,0.000199,0.008,0.0107,0.0127,0.0146,0.01881,0.008068,0.00181,0.000128,0.0049,0.0068,0.0079,0.0093,0.0117,0.005382,0.00126,8.9e-5,0.0031,0.0044,0.0052,0.0062,0.0081,0.781523,0.01715,0.001213,0.74963,0.76925,0.7832,0.7934,0.81001,0.01345,0.00283,0.0002,0.0089,0.0112,0.01315,0.0152,0.0199,0.807696,0.0136,0.000962,0.78289,0.79752,0.80945,0.8178,0.83021
94.0,0.191486,0.01351,0.000955,0.16918,0.1812,0.18965,0.2014,0.21591,0.012304,0.00276,0.000195,0.00789,0.01037,0.0123,0.0141,0.01821,0.007862,0.00182,0.000129,0.0048,0.00648,0.0078,0.009,0.0114,0.0052,0.00121,8.5e-5,0.003,0.0043,0.0052,0.006,0.008,0.783148,0.01697,0.0012,0.75212,0.77118,0.7851,0.7949,0.8116,0.013062,0.0028,0.000198,0.0083,0.011,0.0128,0.0147,0.01932,0.808514,0.01351,0.000955,0.78409,0.7986,0.81035,0.8188,0.83082
94.5,0.190661,0.01337,0.000946,0.16829,0.18068,0.18895,0.20065,0.21451,0.011911,0.00271,0.000192,0.0073,0.00985,0.01185,0.0136,0.018,0.007619,0.0018,0.000127,0.0045,0.0062,0.0076,0.0088,0.01101,0.005042,0.00116,8.2e-5,0.0029,0.0042,0.005,0.0058,0.0073,0.784767,0.01677,0.001186,0.75374,0.773,0.7865,0.79675,0.81281,0.012661,0.00274,0.000194,0.0078,0.0107,0.0125,0.0144,0.01851,0.809339,0.01337,0.000946,0.78549,0.79935,0.81105,0.81932,0.83171
95.0,0.189853,0.01328,0.000939,0.1674,0.17998,0.18815,0.1997,0.21332,0.011512,0.00262,0.000185,0.0071,0.0096,0.01145,0.0132,0.0179,0.007398,0.00179,0.000127,0.0043,0.00608,0.0074,0.00853,0.011,0.004883,0.00119,8.4e-5,0.0029,0.004,0.0048,0.0056,0.00741,0.786354,0.0166,0.001174,0.75642,0.77493,0.78765,0.79838,0.81421,0.012282,0.00277,0.000196,0.00749,0.0104,0.0122,0.0141,0.0182,0.810147,0.01328,0.000939,0.78668,0.8003,0.81185,0.82002,0.8326
95.5,0.189087,0.01314,0.000929,0.1668,0.17938,0.18745,0.19862,0.21222,0.011164,0.0026,0.000184,0.00679,0.00947,0.011,0.0129,0.01761,0.007184,0.00174,0.000123,0.0042,0.00598,0.0072,0.0083,0.01081,0.004694,0.00114,8.1e-5,0.0028,0.0038,0.0046,0.00532,0.0072,0.787871,0.01639,0.001159,0.75902,0.77628,0.7889,0.79998,0.81521,0.011878,0.00267,0.000189,0.0073,0.01008,0.0117,0.0135,0.01751,0.810913,0.01314,0.000929,0.78778,0.80138,0.81255,0.82062,0.8332
96.0,0.188341,0.01305,0.000923,0.16639,0.17872,0.1871,0.19775,0.21132,0.010839,0.00255,0.00018,0.0067,0.00897,0.0107,0.0124,0.01701,0.006921,0.00167,0.000118,0.00419,0.0056,0.00675,0.008,0.0104,0.004564,0.00111,7.9e-5,0.0027,0.0039,0.00445,0.0052,0.00691,0.789336,0.01618,0.001144,0.76025,0.77818,0.79035,0.8014,0.81591,0.011484,0.00257,0.000182,0.0073,0.00988,0.01115,0.01313,0.0171,0.811659,0.01305,0.000923,0.78868,0.80225,0.8129,0.82128,0.83361
96.5,0.18763,0.01293,0.000914,0.1657,0.17808,0.18645,0.19695,0.21032,0.010502,0.00251,0.000177,0.0066,0.00867,0.0105,0.012,0.01611,0.006737,0.00163,0.000116,0.004,0.00548,0.0067,0.0077,0.0101,0.00442,0.00107,7.6e-5,0.0027,0.0037,0.0043,0.0051,0.0066,0.790712,0.01598,0.00113,0.76099,0.77938,0.7916,0.8028,0.817,0.011157,0.00251,0.000177,0.0068,0.0095,0.0109,0.0126,0.01681,0.812371,0.01293,0.000914,0.78968,0.80305,0.81355,0.82192,0.8343
97.0,0.186981,0.01285,0.000908,0.1652,0.1776,0.18595,0.19592,0.21001,0.010152,0.00245,0.000173,0.0061,0.0083,0.01,0.01152,0.01551,0.006498,0.00159,0.000112,0.0039,0.0052,0.0064,0.00742,0.0097,0.004288,0.00106,7.5e-5,0.0025,0.0035,0.0041,0.005,0.0066,0.792082,0.0158,0.001117,0.76316,0.78058,0.7927,0.8043,0.81771,0.010785,0.00246,0.000174,0.0067,0.00897,0.0104,0.01222,0.016,0.81302,0.01285,0.000908,0.78999,0.80408,0.81405,0.8224,0.8348
97.5,0.186303,0.01273,0.0009,0.16508,0.177,0.18545,0.19505,0.20911,0.00982,0.00241,0.000171,0.0056,0.00807,0.0097,0.01132,0.0155,0.0063,0.00153,0.000108,0.0037,0.00518,0.0063,0.0073,0.0094,0.00416,0.001,7.0e-5,0.0024,0.0035,0.004,0.0048,0.0063,0.793418,0.01558,0.001101,0.76562,0.7817,0.7946,0.805,0.81911,0.01046,0.00234,0.000165,0.0067,0.00867,0.01035,0.0118,0.01551,0.813697,0.01273,0.0009,0.79089,0.80495,0.81455,0.823,0.83492
98.0,0.185664,0.01266,0.000895,0.16477,0.17648,0.18495,0.1942,0.20821,0.009482,0.00231,0.000163,0.0055,0.0078,0.00935,0.01092,0.01451,0.006088,0.00149,0.000105,0.0036,0.005,0.006,0.0071,0.0091,0.004028,0.00099,7.0e-5,0.0025,0.0033,0.0039,0.0047,0.0063,0.794737,0.01541,0.00109,0.76692,0.78335,0.7957,0.80625,0.82011,0.010116,0.00228,0.000161,0.0066,0.0083,0.0099,0.01132,0.01531,0.814336,0.01266,0.000895,0.79179,0.8058,0.81505,0.82352,0.83523
98.5,0.185027,0.01257,0.000889,0.16437,0.17565,0.18445,0.19362,0.2071,0.009164,0.00226,0.00016,0.0054,0.0074,0.00915,0.0106,0.01381,0.005939,0.00145,0.000103,0.0036,0.00488,0.0058,0.0069,0.00931,0.003887,0.00096,6.8e-5,0.0023,0.0032,0.0038,0.0044,0.0061,0.795982,0.01526,0.001079,0.76872,0.7851,0.79685,0.80695,0.8214,0.009826,0.00223,0.000158,0.0063,0.0082,0.0097,0.0111,0.0154,0.814973,0.01257,0.000889,0.7929,0.80638,0.81555,0.82435,0.83563
99.0,0.184409,0.01247,0.000881,0.16397,0.17507,0.1839,0.19298,0.20573,0.008909,0.00222,0.000157,0.0052,0.00718,0.0088,0.0103,0.01362,0.005726,0.00143,0.000101,0.0034,0.00468,0.0056,0.0067,0.0089,0.003778,0.00094,6.6e-5,0.0022,0.0031,0.0037,0.0043,0.006,0.797179,0.01508,0.001066,0.77033,0.78625,0.79815,0.80805,0.82221,0.009503,0.00216,0.000153,0.0061,0.00798,0.0093,0.01082,0.0145,0.815591,0.01247,0.000881,0.79428,0.80702,0.8161,0.82492,0.83603
99.5,0.183834,0.01237,0.000875,0.16338,0.1746,0.18335,0.19232,0.20483,0.00862,0.00211,0.000149,0.005,0.0068,0.00855,0.01,0.01321,0.005527,0.00143,0.000101,0.0033,0.0045,0.0054,0.0063,0.0088,0.003673,0.00094,6.6e-5,0.0022,0.003,0.0036,0.00412,0.00601,0.798348,0.01489,0.001053,0.77125,0.78732,0.79955,0.8093,0.82292,0.009199,0.00214,0.000151,0.0059,0.0076,0.00905,0.0105,0.0139,0.816166,0.01237,0.000875,0.79517,0.80767,0.81665,0.8254,0.83662
100.0,0.183252,0.01228,0.000868,0.1624,0.17428,0.18285,0.1917,0.20402,0.008392,0.00207,0.000146,0.005,0.0067,0.0084,0.00973,0.01281,0.005356,0.00139,9.8e-5,0.0032,0.00428,0.0052,0.00632,0.0086,0.003559,0.00092,6.5e-5,0.0022,0.0029,0.00345,0.0041,0.0059,0.799442,0.0147,0.001039,0.77285,0.78832,0.8005,0.81008,0.82342,0.008915,0.00208,0.000147,0.0057,0.0073,0.0088,0.0101,0.0136,0.816749,0.01228,0.000868,0.79598,0.8083,0.81715,0.82572,0.8376
100.5,0.182678,0.0122,0.000863,0.1621,0.17378,0.18225,0.19085,0.20313,0.008145,0.00204,0.000144,0.0049,0.00648,0.0081,0.0095,0.01261,0.005193,0.00133,9.4e-5,0.0032,0.0041,0.00495,0.00612,0.0079,0.00344,0.00092,6.5e-5,0.002,0.0028,0.0033,0.0039,0.00561,0.800544,0.0145,0.001026,0.77399,0.7896,0.8018,0.81103,0.8243,0.008633,0.00204,0.000144,0.0055,0.007,0.00845,0.00982,0.01331,0.817322,0.0122,0.000863,0.79687,0.80915,0.81775,0.82622,0.8379
101.0,0.182126,0.01209,0.000855,0.1617,0.17325,0.1816,0.1902,0.20272,0.00788,0.00199,0.000141,0.00479,0.0061,0.0077,0.0092,0.0126,0.005009,0.0013,9.2e-5,0.0029,0.0041,0.0049,0.0059,0.0076,0.003342,0.0009,6.4e-5,0.0018,0.0028,0.00315,0.0039,0.00531,0.801642,0.01435,0.001015,0.77597,0.79048,0.8031,0.81223,0.8253,0.008352,0.002,0.000142,0.0051,0.0069,0.0081,0.0096,0.01261,0.817874,0.01209,0.000855,0.79728,0.8098,0.8184,0.82675,0.8383
101.5,0.181643,0.01203,0.000851,0.16129,0.17285,0.18105,0.18978,0.20201,0.007606,0.0019,0.000134,0.0044,0.006,0.00755,0.00872,0.0122,0.004829,0.00126,8.9e-5,0.0028,0.0039,0.0047,0.00562,0.0075,0.00325,0.00089,6.3e-5,0.0017,0.0026,0.0031,0.0038,0.00511,0.802672,0.01417,0.001002,0.77746,0.79188,0.80435,0.81308,0.8259,0.00808,0.00196,0.000138,0.0047,0.0066,0.0079,0.00922,0.0123,0.818357,0.01203,0.000851,0.79799,0.81023,0.81895,0.82715,0.83871
102.0,0.181161,0.01193,0.000843,0.16099,0.17248,0.18065,0.18932,0.20151,0.007335,0.00186,0.000131,0.0043,0.0058,0.0073,0.0084,0.01191,0.004691,0.00122,8.7e-5,0.00279,0.0038,0.0047,0.0056,0.0071,0.003169,0.00089,6.3e-5,0.0016,0.0026,0.00305,0.0037,0.0051,0.803645,0.01401,0.00099,0.77846,0.79268,0.80505,0.8141,0.8269,0.00786,0.00191,0.000135,0.0047,0.0064,0.0078,0.00902,0.0119,0.818839,0.01193,0.000843,0.79849,0.81068,0.81935,0.82752,0.83901
102.5,0.180697,0.01187,0.00084,0.16068,0.17207,0.18025,0.18883,0.20082,0.007098,0.00181,0.000128,0.0043,0.00558,0.007,0.00812,0.01151,0.004553,0.0012,8.5e-5,0.0027,0.0037,0.0045,0.0054,0.0068,0.003063,0.00087,6.2e-5,0.0015,0.0025,0.00295,0.0036,0.005,0.804587,0.01386,0.00098,0.77937,0.79392,0.806,0.81482,0.82711,0.007616,0.00185,0.000131,0.0045,0.0062,0.00745,0.00872,0.01121,0.819302,0.01187,0.00084,0.79918,0.81118,0.81975,0.82792,0.83932
103.0,0.180236,0.01179,0.000834,0.15999,0.17158,0.17995,0.1883,0.20051,0.006877,0.00179,0.000127,0.0041,0.0054,0.0069,0.00782,0.011,0.004405,0.00116,8.2e-5,0.0026,0.0036,0.00425,0.00532,0.00661,0.002941,0.00083,5.9e-5,0.0014,0.0024,0.0029,0.0034,0.0047,0.80554,0.01371,0.000969,0.78086,0.7951,0.8069,0.81568,0.8281,0.007347,0.00178,0.000126,0.0041,0.00608,0.0073,0.00842,0.0107,0.819764,0.01179,0.000834,0.79949,0.8117,0.82005,0.82842,0.84001
103.5,0.179793,0.01171,0.000828,0.15968,0.1713,0.17955,0.1876,0.20011,0.006645,0.0017,0.00012,0.0039,0.0053,0.0066,0.00762,0.0102,0.004285,0.00118,8.3e-5,0.0023,0.0034,0.0042,0.0051,0.0068,0.002858,0.00079,5.6e-5,0.0015,0.0023,0.0028,0.0034,0.0046,0.80642,0.01359,0.000961,0.78255,0.79635,0.808,0.8166,0.82891,0.007142,0.00177,0.000125,0.004,0.0058,0.007,0.0082,0.01081,0.820208,0.01171,0.000828,0.79989,0.8124,0.82045,0.8287,0.84032
104.0,0.179371,0.01164,0.000823,0.15918,0.171,0.1792,0.18725,0.1999,0.006451,0.00168,0.000119,0.0038,0.00518,0.0064,0.00742,0.01011,0.004113,0.0011,7.8e-5,0.0024,0.0034,0.00405,0.0049,0.00621,0.002751,0.00076,5.4e-5,0.0015,0.0022,0.0027,0.0033,0.0045,0.807314,0.01342,0.000949,0.78424,0.79757,0.8087,0.81742,0.8297,0.006864,0.00168,0.000119,0.0038,0.0056,0.0067,0.00782,0.01041,0.820629,0.01164,0.000823,0.8001,0.81275,0.8208,0.829,0.84082
104.5,0.178923,0.01155,0.000817,0.15888,0.17058,0.17895,0.18675,0.1993,0.00629,0.00166,0.000118,0.0035,0.0051,0.0062,0.0073,0.00991,0.003977,0.00108,7.6e-5,0.002,0.0032,0.0039,0.0047,0.00611,0.002608,0.00075,5.3e-5,0.0014,0.0021,0.0025,0.0031,0.0043,0.808202,0.01331,0.000941,0.78514,0.7986,0.8095,0.818,0.83051,0.006584,0.00165,0.000117,0.00399,0.0054,0.0066,0.0076,0.01,0.821077,0.01155,0.000817,0.8007,0.81325,0.82105,0.82943,0.84112
105.0,0.178539,0.0115,0.000813,0.15848,0.17,0.17855,0.1864,0.1987,0.006056,0.00163,0.000116,0.00339,0.00488,0.00585,0.0071,0.01001,0.003892,0.00106,7.5e-5,0.0021,0.0031,0.00385,0.0046,0.00621,0.002539,0.00073,5.1e-5,0.0012,0.002,0.0025,0.003,0.0043,0.808976,0.01321,0.000934,0.78565,0.79938,0.8102,0.81852,0.8312,0.00643,0.00164,0.000116,0.0038,0.00528,0.0064,0.0074,0.00991,0.821462,0.0115,0.000813,0.8013,0.8136,0.82145,0.83,0.84152
105.5,0.178147,0.01145,0.00081,0.15827,0.1696,0.17815,0.18605,0.1981,0.005839,0.00158,0.000112,0.0033,0.0046,0.00575,0.0069,0.0096,0.0038,0.00106,7.5e-5,0.0021,0.003,0.0038,0.0044,0.0061,0.002461,0.00074,5.2e-5,0.0013,0.0019,0.0024,0.0029,0.0041,0.809752,0.01312,0.000928,0.78676,0.80018,0.811,0.8193,0.8318,0.006262,0.00163,0.000115,0.0037,0.0051,0.0061,0.0072,0.0102,0.821853,0.01145,0.00081,0.8019,0.81395,0.82185,0.8304,0.84173
106.0,0.177771,0.01141,0.000806,0.15748,0.1693,0.1778,0.18582,0.19751,0.005644,0.00154,0.000109,0.003,0.0045,0.0056,0.0066,0.00951,0.003662,0.00105,7.4e-5,0.002,0.0029,0.0037,0.00422,0.0059,0.002409,0.00075,5.3e-5,0.0014,0.0018,0.0023,0.0029,0.00401,0.810514,0.01305,0.000923,0.78767,0.80088,0.81145,0.81995,0.8327,0.00607,0.00163,0.000115,0.0035,0.005,0.006,0.007,0.00991,0.822229,0.01141,0.000806,0.80249,0.81418,0.8222,0.8307,0.84252
106.5,0.1774,0.01134,0.000802,0.15718,0.16912,0.17755,0.18545,0.19672,0.005454,0.00151,0.000107,0.0028,0.00438,0.00535,0.0065,0.0092,0.003537,0.00101,7.1e-5,0.0019,0.0028,0.0035,0.0042,0.0057,0.002352,0.00072,5.1e-5,0.0013,0.0018,0.0023,0.0028,0.00381,0.811258,0.01293,0.000914,0.78856,0.80168,0.8122,0.8206,0.8331,0.005888,0.00157,0.000111,0.0034,0.0046,0.0058,0.00692,0.0095,0.8226,0.01134,0.000802,0.80328,0.81455,0.82245,0.83088,0.84282
107.0,0.177045,0.0113,0.000799,0.15708,0.1686,0.1771,0.1852,0.19632,0.005272,0.00149,0.000106,0.0028,0.0041,0.0052,0.0063,0.00881,0.003434,0.00098,6.9e-5,0.0019,0.0027,0.0034,0.004,0.0054,0.002297,0.00069,4.9e-5,0.0013,0.0018,0.0022,0.0028,0.0037,0.811953,0.01281,0.000905,0.78947,0.80295,0.81285,0.82118,0.8339,0.00573,0.00148,0.000105,0.0034,0.0046,0.0057,0.0066,0.00881,0.822956,0.0113,0.000799,0.80368,0.8148,0.8229,0.8314,0.84292
107.5,0.176709,0.01124,0.000795,0.15686,0.1683,0.1767,0.18472,0.19582,0.005097,0.00147,0.000104,0.0027,0.00398,0.00495,0.006,0.00851,0.003312,0.00096,6.8e-5,0.0017,0.0027,0.0033,0.0039,0.0054,0.002219,0.00068,4.8e-5,0.0012,0.00178,0.0022,0.0027,0.0037,0.812664,0.01271,0.000899,0.79067,0.80378,0.81355,0.82175,0.8347,0.00553,0.00146,0.000103,0.0033,0.0044,0.00545,0.0064,0.0087,0.823291,0.01124,0.000795,0.80418,0.81528,0.8233,0.8317,0.84314
108.0,0.176362,0.01119,0.000791,0.15656,0.1681,0.1763,0.1842,0.19533,0.004926,0.00143,0.000101,0.0025,0.00387,0.0049,0.00582,0.00791,0.003211,0.00092,6.5e-5,0.0018,0.0025,0.0032,0.0037,0.0053,0.002126,0.00069,4.9e-5,0.0011,0.0016,0.0021,0.0026,0.0035,0.813375,0.01261,0.000892,0.79147,0.8043,0.8143,0.82242,0.83532,0.005338,0.00143,0.000101,0.0031,0.0042,0.00525,0.0063,0.0085,0.823638,0.01119,0.000791,0.80467,0.8158,0.8237,0.8319,0.84344
108.5,0.176033,0.01115,0.000788,0.15656,0.168,0.17595,0.18358,0.19483,0.004772,0.00135,9.6e-5,0.0023,0.0038,0.00465,0.0056,0.00741,0.003076,0.0009,6.3e-5,0.0017,0.0024,0.003,0.0035,0.0051,0.002076,0.00069,4.9e-5,0.001,0.0016,0.002,0.0026,0.0035,0.814042,0.01252,0.000885,0.79228,0.80515,0.81485,0.82312,0.83553,0.005153,0.00143,0.000101,0.003,0.0041,0.005,0.006,0.00851,0.823967,0.01115,0.000788,0.80517,0.81642,0.82405,0.832,0.84344
109.0,0.175754,0.01113,0.000787,0.15645,0.16778,0.1756,0.18312,0.19414,0.0046,0.0013,9.2e-5,0.0022,0.0036,0.0045,0.0055,0.0073,0.002968,0.00087,6.2e-5,0.0016,0.00238,0.0029,0.00342,0.0048,0.002001,0.00066,4.6e-5,0.0009,0.0015,0.0019,0.0025,0.0034,0.814677,0.01242,0.000878,0.79336,0.80582,0.81535,0.82365,0.83583,0.004969,0.00138,9.7e-5,0.0029,0.0041,0.0048,0.0058,0.0081,0.824246,0.01113,0.000787,0.80586,0.81687,0.8244,0.83222,0.84355
109.5,0.175447,0.01108,0.000783,0.15614,0.16748,0.1754,0.18305,0.19364,0.004464,0.00126,8.9e-5,0.0022,0.0036,0.0043,0.0053,0.00741,0.002873,0.00088,6.2e-5,0.0015,0.0022,0.0028,0.0034,0.0048,0.001935,0.00063,4.5e-5,0.0009,0.0014,0.0019,0.00232,0.0033,0.815279,0.01233,0.000872,0.79447,0.8064,0.8158,0.8242,0.83633,0.004809,0.00137,9.7e-5,0.0027,0.0038,0.00465,0.0057,0.00751,0.824552,0.01108,0.000783,0.80636,0.81695,0.8246,0.83252,0.84386
110.0,0.175162,0.01103,0.00078,0.15594,0.1671,0.17505,0.1828,0.19333,0.004318,0.00125,8.9e-5,0.0022,0.0034,0.00415,0.00512,0.00701,0.00278,0.00085,6.0e-5,0.0013,0.0022,0.00275,0.0033,0.00441,0.001858,0.00064,4.5e-5,0.0009,0.0014,0.0018,0.0022,0.0035,0.815882,0.01224,0.000866,0.79556,0.80708,0.8165,0.8249,0.83741,0.004638,0.00134,9.5e-5,0.0025,0.0037,0.0046,0.0054,0.0072,0.824838,0.01103,0.00078,0.80667,0.8172,0.82495,0.8329,0.84406
110.5,0.174891,0.01099,0.000777,0.15584,0.1669,0.1748,0.18232,0.19313,0.004154,0.00121,8.6e-5,0.0021,0.0033,0.004,0.00492,0.0068,0.002706,0.00081,5.7e-5,0.0013,0.00217,0.0027,0.0032,0.0043,0.001794,0.00064,4.5e-5,0.0008,0.0013,0.0017,0.00213,0.0033,0.816456,0.01218,0.000861,0.79616,0.80778,0.817,0.82542,0.8382,0.0045,0.00131,9.2e-5,0.00249,0.0036,0.0044,0.0052,0.0072,0.825109,0.01099,0.000777,0.80687,0.81768,0.8252,0.8331,0.84416
111.0,0.174607,0.01092,0.000772,0.15564,0.16668,0.17445,0.18162,0.19283,0.004038,0.00121,8.6e-5,0.0021,0.0031,0.004,0.00482,0.0065,0.002633,0.0008,5.7e-5,0.0014,0.002,0.0026,0.0031,0.0042,0.001719,0.00062,4.4e-5,0.0007,0.0013,0.0017,0.0021,0.0032,0.817003,0.01213,0.000857,0.79648,0.80855,0.81765,0.82595,0.83871,0.004351,0.00129,9.1e-5,0.0023,0.0035,0.0042,0.0051,0.00691,0.825393,0.01092,0.000772,0.80717,0.81838,0.82555,0.83333,0.84436
111.5,0.174346,0.01089,0.00077,0.15544,0.16645,0.1742,0.1814,0.19253,0.003881,0.00116,8.2e-5,0.002,0.003,0.0039,0.0046,0.00621,0.002544,0.00078,5.5e-5,0.0012,0.002,0.0025,0.0031,0.00401,0.00167,0.00058,4.1e-5,0.0007,0.0012,0.0016,0.002,0.0031,0.81756,0.01202,0.00085,0.79688,0.80915,0.818,0.82642,0.839,0.004213,0.00124,8.8e-5,0.0022,0.0033,0.0042,0.0049,0.0068,0.825654,0.01089,0.00077,0.80747,0.8186,0.8258,0.83355,0.84456
112.0,0.174083,0.01086,0.000768,0.15503,0.1662,0.174,0.18112,0.19214,0.003772,0.00109,7.7e-5,0.0019,0.003,0.00375,0.0045,0.0063,0.002484,0.0008,5.7e-5,0.0012,0.0019,0.0024,0.003,0.0041,0.001597,0.00057,4.0e-5,0.0007,0.0012,0.0015,0.0019,0.003,0.818064,0.01196,0.000846,0.79738,0.80995,0.8183,0.827,0.83981,0.004081,0.00124,8.8e-5,0.0021,0.0032,0.004,0.0049,0.0068,0.825917,0.01086,0.000768,0.80786,0.81887,0.826,0.8338,0.84496
112.5,0.173851,0.01082,0.000765,0.15494,0.1661,0.17385,0.18095,0.19203,0.003646,0.00105,7.4e-5,0.002,0.00288,0.0036,0.0043,0.0062,0.002382,0.00076,5.4e-5,0.0012,0.0018,0.0023,0.0029,0.0038,0.001557,0.00059,4.2e-5,0.0007,0.0012,0.0015,0.0019,0.0029,0.818564,0.01186,0.000839,0.7978,0.81068,0.8188,0.82723,0.83983,0.003939,0.0012,8.5e-5,0.002,0.0031,0.0038,0.0046,0.00661,0.826149,0.01082,0.000765,0.80798,0.81905,0.82615,0.8339,0.84506
113.0,0.173629,0.01078,0.000762,0.15474,0.16595,0.1736,0.18085,0.19202,0.003513,0.00101,7.1e-5,0.0019,0.0028,0.00345,0.0042,0.0058,0.002301,0.00072,5.1e-5,0.0011,0.0018,0.0023,0.0027,0.0038,0.001497,0.00055,3.9e-5,0.0006,0.0011,0.0014,0.00182,0.0027,0.81906,0.01179,0.000834,0.7983,0.8114,0.8194,0.82748,0.84004,0.003798,0.00113,8.0e-5,0.0019,0.003,0.0037,0.0045,0.0062,0.826371,0.01078,0.000762,0.80798,0.81915,0.8264,0.83405,0.84526
113.5,0.173404,0.01072,0.000758,0.15425,0.16585,0.1735,0.18062,0.19182,0.003369,0.00101,7.2e-5,0.0017,0.0026,0.0033,0.004,0.0058,0.002248,0.00072,5.1e-5,0.001,0.0017,0.0022,0.0027,0.0039,0.001464,0.00056,3.9e-5,0.0006,0.0011,0.0014,0.0018,0.0027,0.819515,0.01174,0.00083,0.79919,0.81187,0.82,0.82805,0.84025,0.003712,0.00114,8.0e-5,0.0019,0.0029,0.0037,0.0044,0.00601,0.826596,0.01072,0.000758,0.80818,0.81938,0.8265,0.83415,0.84575
114.0,0.173186,0.01069,0.000756,0.15414,0.1656,0.1732,0.18035,0.19171,0.003243,0.00099,7.0e-5,0.0015,0.0025,0.0031,0.0038,0.0057,0.002192,0.00071,5.1e-5,0.0009,0.00167,0.0021,0.0027,0.0037,0.001429,0.00056,4.0e-5,0.0006,0.0011,0.0013,0.0017,0.0027,0.81995,0.01168,0.000826,0.79989,0.81232,0.8202,0.8285,0.84036,0.003621,0.00114,8.1e-5,0.0018,0.0029,0.0035,0.0043,0.00581,0.826814,0.01069,0.000756,0.80829,0.81965,0.8268,0.8344,0.84585
114.5,0.172987,0.01065,0.000753,0.15405,0.1654,0.17305,0.18015,0.19152,0.003143,0.00096,6.8e-5,0.0015,0.0024,0.0031,0.0037,0.0053,0.0021,0.00067,4.7e-5,0.0009,0.0016,0.0021,0.0025,0.0036,0.001365,0.00054,3.8e-5,0.0005,0.001,0.0013,0.0016,0.0026,0.820405,0.01161,0.000821,0.80068,0.8127,0.8207,0.82872,0.84047,0.003465,0.00108,7.6e-5,0.0016,0.0028,0.0033,0.004,0.0059,0.827014,0.01065,0.000753,0.80848,0.81985,0.82695,0.8346,0.84595
115.0,0.172792,0.01063,0.000752,0.15395,0.1653,0.1729,0.17982,0.19122,0.003015,0.00094,6.7e-5,0.0015,0.0023,0.0029,0.0037,0.005,0.002024,0.00066,4.7e-5,0.0009,0.0015,0.002,0.0025,0.0035,0.001336,0.00053,3.7e-5,0.0006,0.0009,0.0012,0.00163,0.0025,0.820833,0.01154,0.000816,0.80138,0.81318,0.8211,0.82912,0.84067,0.00336,0.00103,7.3e-5,0.0016,0.0027,0.0033,0.0039,0.00581,0.827208,0.01063,0.000752,0.80878,0.82018,0.8271,0.8347,0.84605
115.5,0.172607,0.01061,0.00075,0.15385,0.16522,0.1727,0.17968,0.19102,0.002912,0.00093,6.5e-5,0.0013,0.0022,0.0028,0.0035,0.0048,0.00193,0.00064,4.5e-5,0.0008,0.0015,0.0018,0.0023,0.0034,0.0013,0.00051,3.6e-5,0.0005,0.00098,0.0012,0.0016,0.0024,0.821251,0.01148,0.000812,0.80187,0.81348,0.8215,0.8294,0.84097,0.00323,0.001,7.1e-5,0.0015,0.0026,0.0031,0.0038,0.00561,0.827393,0.01061,0.00075,0.80898,0.82032,0.8273,0.83478,0.84615
116.0,0.172423,0.01057,0.000747,0.15365,0.16513,0.1725,0.1796,0.19061,0.002828,0.00094,6.7e-5,0.0013,0.0021,0.0027,0.0034,0.0048,0.001865,0.00061,4.3e-5,0.0008,0.0014,0.0018,0.0023,0.0031,0.001242,0.00049,3.5e-5,0.0004,0.0009,0.0012,0.0016,0.0024,0.821643,0.01142,0.000808,0.80207,0.8138,0.82205,0.82995,0.84137,0.003106,0.00096,6.8e-5,0.0016,0.0024,0.003,0.0037,0.0057,0.827577,0.01057,0.000747,0.80939,0.8204,0.8275,0.83488,0.84635
116.5,0.172234,0.01053,0.000744,0.15346,0.165,0.17225,0.1794,0.1904,0.002722,0.00093,6.6e-5,0.0012,0.00208,0.00265,0.0033,0.0046,0.00181,0.00061,4.3e-5,0.0008,0.0014,0.0017,0.0022,0.0031,0.001213,0.00048,3.4e-5,0.0004,0.0009,0.0012,0.0015,0.0022,0.82202,0.01135,0.000803,0.80286,0.81422,0.8225,0.83032,0.84157,0.003024,0.00095,6.7e-5,0.0014,0.0024,0.0029,0.0036,0.0055,0.827766,0.01053,0.000744,0.8096,0.8206,0.82775,0.835,0.84654
117.0,0.172056,0.01049,0.000742,0.15316,0.165,0.17215,0.1793,0.1901,0.002613,0.0009,6.3e-5,0.0013,0.002,0.0025,0.0032,0.0046,0.001758,0.00061,4.3e-5,0.0008,0.0013,0.0017,0.0022,0.0031,0.001183,0.0005,3.5e-5,0.0003,0.0009,0.0011,0.00142,0.0024,0.82239,0.01129,0.000798,0.80336,0.81455,0.8228,0.83075,0.84216,0.002941,0.00097,6.8e-5,0.0014,0.0023,0.0028,0.00353,0.0054,0.827944,0.01049,0.000742,0.8099,0.8207,0.82785,0.835,0.84684
117.5,0.17189,0.01045,0.000739,0.15306,0.1649,0.17205,0.17902,0.1899,0.002519,0.00089,6.3e-5,0.001,0.0019,0.0024,0.003,0.0044,0.001713,0.00063,4.4e-5,0.0007,0.0013,0.0016,0.0021,0.0031,0.001129,0.00047,3.3e-5,0.0004,0.00088,0.0011,0.0014,0.0021,0.82275,0.01127,0.000797,0.80415,0.81495,0.8231,0.83117,0.84226,0.002841,0.00096,6.8e-5,0.0012,0.0022,0.0027,0.0034,0.00531,0.82811,0.01045,0.000739,0.8101,0.82098,0.82795,0.8351,0.84694
118.0,0.171722,0.0104,0.000735,0.15268,0.1648,0.1719,0.17882,0.1898,0.002458,0.00087,6.2e-5,0.001,0.00188,0.0024,0.003,0.00431,0.001644,0.00063,4.4e-5,0.0007,0.0012,0.0016,0.0021,0.003,0.001077,0.00043,3.1e-5,0.0003,0.0008,0.001,0.0013,0.002,0.8231,0.0112,0.000792,0.80484,0.81535,0.8235,0.83162,0.84256,0.00272,0.00093,6.6e-5,0.0011,0.0021,0.0026,0.0033,0.00501,0.828278,0.0104,0.000735,0.8102,0.82118,0.8281,0.8352,0.84733
118.5,0.171572,0.01037,0.000733,0.15248,0.1647,0.1718,0.17852,0.1896,0.00236,0.00086,6.1e-5,0.001,0.00178,0.0023,0.0029,0.0043,0.001583,0.00062,4.4e-5,0.0006,0.0011,0.0015,0.002,0.0028,0.001044,0.00043,3.1e-5,0.0003,0.0007,0.001,0.0013,0.0019,0.823441,0.01114,0.000788,0.80505,0.81585,0.8239,0.8319,0.84286,0.002627,0.00092,6.5e-5,0.001,0.0019,0.0025,0.0031,0.0047,0.828428,0.01037,0.000733,0.8104,0.82148,0.8282,0.8353,0.84752
119.0,0.17141,0.01032,0.00073,0.15219,0.16463,0.17165,0.17842,0.1894,0.002292,0.00082,5.8e-5,0.001,0.0017,0.0022,0.00272,0.0041,0.001536,0.00062,4.4e-5,0.0006,0.0011,0.0015,0.0019,0.0028,0.001004,0.00044,3.1e-5,0.0003,0.0007,0.001,0.0013,0.002,0.823756,0.01111,0.000785,0.80526,0.8162,0.82435,0.83202,0.84316,0.002541,0.00093,6.6e-5,0.001,0.0019,0.0025,0.0031,0.00451,0.82859,0.01032,0.00073,0.8106,0.82158,0.82835,0.83538,0.84781
119.5,0.171266,0.0103,0.000728,0.15209,0.16455,0.1716,0.1784,0.18911,0.0022,0.0008,5.7e-5,0.0008,0.0016,0.0021,0.0027,0.0039,0.001518,0.00061,4.3e-5,0.0005,0.0011,0.0014,0.0019,0.0027,0.000966,0.00041,2.9e-5,0.0004,0.0007,0.0009,0.0012,0.0019,0.824049,0.01105,0.000781,0.80546,0.8166,0.82445,0.83225,0.84326,0.002485,0.00088,6.2e-5,0.001,0.0018,0.0024,0.00303,0.0047,0.828734,0.0103,0.000728,0.81089,0.8216,0.8284,0.83545,0.84791
120.0,0.171132,0.01026,0.000726,0.15209,0.16442,0.17145,0.17812,0.18891,0.002133,0.00079,5.6e-5,0.0008,0.0016,0.0021,0.0026,0.0039,0.001452,0.0006,4.3e-5,0.0005,0.001,0.0014,0.0018,0.0027,0.000932,0.00041,2.9e-5,0.0003,0.0007,0.0009,0.0012,0.0018,0.824351,0.01099,0.000777,0.80586,0.81715,0.82475,0.83243,0.84347,0.002384,0.00086,6.1e-5,0.001,0.00178,0.0023,0.0029,0.00451,0.828868,0.01026,0.000726,0.81109,0.82188,0.82855,0.83558,0.84791
120.5,0.170994,0.01024,0.000724,0.15199,0.16432,0.17135,0.178,0.18871,0.002069,0.00075,5.3e-5,0.0008,0.0016,0.002,0.00242,0.00361,0.001389,0.00058,4.1e-5,0.0004,0.001,0.0013,0.0018,0.0027,0.000893,0.00039,2.8e-5,0.0003,0.0006,0.00085,0.0011,0.0017,0.824655,0.01093,0.000773,0.80628,0.81738,0.82505,0.83265,0.84376,0.002283,0.00083,5.9e-5,0.0008,0.00167,0.0022,0.0028,0.0043,0.829006,0.01024,0.000724,0.81129,0.822,0.82865,0.83568,0.84801
121.0,0.170867,0.01021,0.000722,0.15199,0.16425,0.17125,0.1779,0.18832,0.001994,0.00072,5.1e-5,0.0007,0.0015,0.0019,0.0024,0.0037,0.001353,0.00057,4.0e-5,0.0004,0.00098,0.0013,0.0017,0.0025,0.000864,0.00039,2.8e-5,0.0002,0.0006,0.0008,0.0011,0.0018,0.824922,0.0109,0.00077,0.80667,0.81762,0.8254,0.8329,0.84416,0.002216,0.00083,5.9e-5,0.0008,0.0016,0.0021,0.0027,0.004,0.829133,0.01021,0.000722,0.81168,0.8221,0.82875,0.83575,0.84801
121.5,0.17073,0.01019,0.00072,0.15199,0.16408,0.17115,0.17782,0.18822,0.001938,0.00071,5.0e-5,0.0008,0.0015,0.0019,0.0023,0.0036,0.001313,0.00058,4.1e-5,0.0004,0.0009,0.00125,0.0017,0.0027,0.000845,0.00039,2.7e-5,0.0002,0.0005,0.0008,0.0011,0.0018,0.825174,0.01086,0.000768,0.80688,0.8178,0.8256,0.83312,0.84446,0.002158,0.00084,5.9e-5,0.0008,0.0016,0.002,0.0026,0.0041,0.829269,0.01019,0.00072,0.81178,0.82218,0.82885,0.83592,0.84801
122.0,0.170601,0.01016,0.000718,0.15179,0.16405,0.1711,0.17762,0.18802,0.001891,0.00067,4.8e-5,0.0008,0.0014,0.0018,0.0023,0.00331,0.001257,0.00057,4.0e-5,0.0004,0.0009,0.0012,0.0015,0.0025,0.000806,0.00038,2.7e-5,0.0002,0.0005,0.0008,0.0011,0.0016,0.825445,0.01081,0.000764,0.80708,0.81802,0.8258,0.83333,0.84456,0.002063,0.00082,5.8e-5,0.0008,0.0014,0.0019,0.0025,0.0041,0.829398,0.01016,0.000718,0.81198,0.82238,0.8289,0.83595,0.84821
122.5,0.170494,0.01013,0.000717,0.1516,0.16395,0.1709,0.1776,0.18782,0.001822,0.00066,4.7e-5,0.0007,0.0014,0.0018,0.0023,0.00311,0.0012,0.00054,3.8e-5,0.0004,0.0008,0.0011,0.0015,0.0025,0.000777,0.00038,2.7e-5,0.0002,0.0005,0.0007,0.001,0.0016,0.825706,0.01076,0.000761,0.80769,0.81835,0.8259,0.83342,0.84495,0.001977,0.00079,5.6e-5,0.0008,0.0014,0.0019,0.0024,0.004,0.829506,0.01013,0.000717,0.81218,0.8224,0.8291,0.83605,0.8484
123.0,0.170385,0.01011,0.000715,0.1516,0.16388,0.1708,0.1773,0.18772,0.001764,0.00065,4.6e-5,0.0007,0.0013,0.0017,0.00213,0.0031,0.001151,0.00052,3.7e-5,0.0004,0.0008,0.0011,0.0014,0.0023,0.000763,0.00037,2.6e-5,0.0002,0.0005,0.0007,0.001,0.0015,0.825938,0.01073,0.000759,0.80799,0.8186,0.82625,0.83358,0.84496,0.001913,0.00077,5.4e-5,0.0008,0.0014,0.0018,0.0024,0.0037,0.829615,0.01011,0.000715,0.81228,0.8227,0.8292,0.83612,0.8484
123.5,0.170269,0.01009,0.000713,0.15149,0.16368,0.17065,0.17708,0.18752,0.001716,0.00066,4.7e-5,0.0006,0.0013,0.0016,0.0021,0.0031,0.001108,0.00051,3.6e-5,0.0003,0.0007,0.001,0.0014,0.0023,0.000735,0.00036,2.5e-5,0.0002,0.0005,0.0007,0.0009,0.0015,0.82617,0.01069,0.000756,0.8081,0.81877,0.82635,0.8338,0.84505,0.001844,0.00075,5.3e-5,0.0007,0.0013,0.00175,0.0022,0.00341,0.829731,0.01009,0.000713,0.81248,0.82292,0.82935,0.83632,0.8485
124.0,0.170174,0.01008,0.000713,0.15149,0.16363,0.1706,0.17702,0.18732,0.001645,0.00065,4.6e-5,0.0005,0.0012,0.0015,0.00202,0.00301,0.001069,0.0005,3.5e-5,0.0003,0.0007,0.001,0.0014,0.0022,0.00071,0.00035,2.5e-5,0.0001,0.0005,0.0007,0.0009,0.0014,0.826401,0.01065,0.000753,0.80849,0.81895,0.82665,0.83382,0.84515,0.001779,0.00072,5.1e-5,0.0007,0.0013,0.0017,0.0021,0.00331,0.829825,0.01008,0.000713,0.81268,0.82298,0.8294,0.83638,0.84851
124.5,0.170081,0.01006,0.000712,0.15149,0.1635,0.1705,0.177,0.18721,0.001581,0.00065,4.6e-5,0.0005,0.0011,0.0015,0.0019,0.0031,0.001051,0.00049,3.4e-5,0.0003,0.0007,0.001,0.0013,0.0023,0.000675,0.00034,2.4e-5,0.0001,0.0004,0.0006,0.0009,0.0015,0.826612,0.01062,0.000751,0.80869,0.81928,0.8269,0.8341,0.84525,0.001725,0.00069,4.9e-5,0.0007,0.0012,0.0017,0.0021,0.00341,0.829919,0.01006,0.000712,0.81279,0.823,0.8295,0.8365,0.84851
125.0,0.169982,0.01005,0.000711,0.1513,0.16332,0.1704,0.17682,0.1871,0.001524,0.00063,4.5e-5,0.0005,0.0011,0.0015,0.0019,0.00291,0.001022,0.0005,3.5e-5,0.0002,0.0007,0.001,0.0013,0.0022,0.00065,0.00032,2.2e-5,0.0002,0.0004,0.0006,0.00082,0.0014,0.826822,0.01059,0.000749,0.80889,0.81958,0.82715,0.83415,0.84555,0.001672,0.00069,4.9e-5,0.0006,0.0011,0.0016,0.0021,0.0033,0.830018,0.01005,0.000711,0.8129,0.82318,0.8296,0.83668,0.8487
125.5,0.169884,0.01003,0.000709,0.1511,0.16332,0.17025,0.17655,0.18681,0.001467,0.0006,4.2e-5,0.0004,0.001,0.0014,0.0018,0.00281,0.000993,0.0005,3.5e-5,0.0002,0.0007,0.0009,0.0013,0.0021,0.000637,0.0003,2.1e-5,0.0001,0.0004,0.0006,0.0008,0.0013,0.827018,0.01057,0.000747,0.8092,0.81975,0.8272,0.83433,0.84574,0.001631,0.00067,4.7e-5,0.0006,0.0011,0.0016,0.002,0.0032,0.830116,0.01003,0.000709,0.81319,0.82345,0.82975,0.83668,0.8489
126.0,0.16979,0.01001,0.000708,0.151,0.16322,0.1702,0.17648,0.18661,0.00141,0.00058,4.1e-5,0.0005,0.001,0.0013,0.0018,0.0026,0.000956,0.00049,3.5e-5,0.0002,0.0006,0.0009,0.0012,0.0021,0.000617,0.0003,2.1e-5,0.0001,0.0004,0.0006,0.0008,0.0014,0.827227,0.01054,0.000745,0.8093,0.81998,0.82745,0.8345,0.84594,0.001573,0.00067,4.7e-5,0.0005,0.0011,0.0014,0.0019,0.0033,0.83021,0.01001,0.000708,0.81339,0.82352,0.8298,0.83678,0.849
126.5,0.1697,0.01,0.000707,0.15099,0.16308,0.1701,0.17618,0.18641,0.001372,0.00056,4.0e-5,0.0004,0.001,0.0013,0.0017,0.0027,0.000929,0.00046,3.2e-5,0.0002,0.0006,0.0009,0.0012,0.00191,0.000588,0.0003,2.1e-5,0.0001,0.0004,0.0005,0.0007,0.0014,0.82741,0.0105,0.000742,0.8095,0.82015,0.8276,0.8346,0.84643,0.001517,0.00062,4.4e-5,0.0005,0.0011,0.0014,0.0019,0.003,0.830299,0.01,0.000707,0.81359,0.82382,0.8299,0.83692,0.849
127.0,0.169628,0.00998,0.000706,0.15099,0.16292,0.17,0.17618,0.18631,0.00129,0.00053,3.8e-5,0.00049,0.0009,0.0012,0.0016,0.0024,0.000917,0.00047,3.3e-5,0.0002,0.0006,0.0008,0.0012,0.0021,0.000562,0.0003,2.1e-5,0.0001,0.0004,0.0005,0.0007,0.0013,0.827602,0.01046,0.00074,0.80989,0.8204,0.8278,0.83462,0.84653,0.00148,0.00065,4.6e-5,0.0004,0.001,0.0014,0.0018,0.0031,0.830372,0.00998,0.000706,0.81369,0.82382,0.83,0.83708,0.849
127.5,0.169546,0.00997,0.000705,0.1509,0.16285,0.16995,0.17598,0.1862,0.001257,0.00053,3.7e-5,0.0004,0.0008,0.0012,0.0016,0.0023,0.000876,0.00044,3.1e-5,0.0002,0.0006,0.0008,0.0011,0.002,0.000537,0.0003,2.1e-5,0.0001,0.0003,0.0005,0.0007,0.0013,0.827784,0.01042,0.000737,0.81009,0.82052,0.82795,0.8348,0.84663,0.001413,0.00061,4.3e-5,0.0004,0.001,0.0013,0.0017,0.0028,0.830454,0.00997,0.000705,0.8138,0.82402,0.83005,0.83715,0.8491
128.0,0.169454,0.00994,0.000703,0.15079,0.16275,0.1699,0.17593,0.1861,0.001222,0.00053,3.7e-5,0.0004,0.0008,0.0012,0.0016,0.00231,0.000835,0.00041,2.9e-5,0.0001,0.0006,0.0008,0.0011,0.0018,0.000514,0.0003,2.1e-5,0.0001,0.0003,0.0005,0.0007,0.0013,0.827976,0.01037,0.000733,0.8103,0.8208,0.8281,0.83502,0.84663,0.001349,0.00058,4.1e-5,0.0004,0.0009,0.0013,0.0017,0.0027,0.830546,0.00994,0.000703,0.8139,0.82408,0.8301,0.83725,0.8492
128.5,0.169382,0.00993,0.000702,0.15049,0.1627,0.16975,0.17582,0.1859,0.00117,0.00052,3.7e-5,0.0003,0.0008,0.0011,0.0015,0.0024,0.000797,0.00039,2.7e-5,0.0001,0.0005,0.00075,0.001,0.0017,0.000502,0.00029,2.0e-5,0.0001,0.0003,0.0005,0.0007,0.0012,0.82815,0.01034,0.000731,0.8105,0.82118,0.8282,0.8351,0.84692,0.001298,0.00056,4.0e-5,0.0003,0.0009,0.00125,0.00163,0.0025,0.830618,0.00993,0.000702,0.8141,0.82418,0.83025,0.8373,0.8495
129.0,0.169309,0.00991,0.000701,0.1504,0.16263,0.1697,0.17582,0.1858,0.001131,0.00051,3.6e-5,0.0003,0.0008,0.0011,0.0015,0.0022,0.00077,0.00037,2.6e-5,0.0001,0.0005,0.00075,0.001,0.0016,0.000487,0.00027,1.9e-5,0.0001,0.0003,0.0004,0.0007,0.0011,0.828303,0.0103,0.000728,0.8107,0.82118,0.82835,0.83512,0.84692,0.001257,0.00054,3.8e-5,0.0004,0.0009,0.0012,0.00152,0.0025,0.830691,0.00991,0.000701,0.8142,0.82418,0.8303,0.83738,0.8496
129.5,0.169232,0.00989,0.000699,0.1501,0.16255,0.1695,0.17582,0.1856,0.001105,0.0005,3.5e-5,0.0003,0.0007,0.001,0.0015,0.0022,0.00072,0.00036,2.6e-5,0.0001,0.0005,0.0007,0.0009,0.0016,0.000475,0.00026,1.8e-5,0.0001,0.0003,0.0005,0.0007,0.001,0.828468,0.01028,0.000727,0.811,0.82128,0.8285,0.83523,0.84732,0.001195,0.00053,3.8e-5,0.00039,0.0008,0.00115,0.0015,0.0025,0.830768,0.00989,0.000699,0.8144,0.82418,0.8305,0.83745,0.8499
130.0,0.16917,0.00988,0.000698,0.15,0.16232,0.1695,0.17575,0.1853,0.001062,0.00049,3.5e-5,0.0003,0.0007,0.001,0.0014,0.0021,0.000692,0.00035,2.5e-5,0.0001,0.0005,0.0006,0.0009,0.0015,0.000452,0.00026,1.8e-5,0.0,0.0003,0.0004,0.0006,0.001,0.828624,0.01025,0.000725,0.8112,0.8215,0.8286,0.8354,0.84741,0.001144,0.00052,3.7e-5,0.0002,0.0008,0.0011,0.00142,0.0023,0.830831,0.00988,0.000698,0.8147,0.82425,0.8305,0.83768,0.85
130.5,0.169106,0.00987,0.000698,0.1498,0.1623,0.16945,0.17575,0.18501,0.001022,0.00049,3.5e-5,0.0003,0.0006,0.0009,0.0013,0.002,0.000679,0.00036,2.5e-5,0.0001,0.0004,0.00065,0.0009,0.0015,0.000423,0.00024,1.7e-5,0.0,0.0003,0.0004,0.0006,0.0009,0.82877,0.01021,0.000722,0.8112,0.8217,0.82865,0.83542,0.84761,0.001102,0.00051,3.6e-5,0.0002,0.0008,0.001,0.0014,0.0023,0.830894,0.00987,0.000698,0.81499,0.82425,0.83055,0.8377,0.8502
131.0,0.16905,0.00986,0.000697,0.1497,0.16222,0.16945,0.17575,0.18501,0.000978,0.00047,3.3e-5,0.0002,0.0006,0.0009,0.0013,0.0021,0.000651,0.00034,2.4e-5,0.0001,0.0004,0.0006,0.00082,0.0014,0.00042,0.00025,1.7e-5,0.0,0.0002,0.0004,0.0006,0.0009,0.828901,0.0102,0.000721,0.8114,0.8218,0.8289,0.83585,0.8478,0.001071,0.0005,3.5e-5,0.0002,0.0007,0.001,0.0014,0.0022,0.830951,0.00986,0.000697,0.81499,0.82425,0.83055,0.83778,0.8503
131.5,0.168992,0.00985,0.000696,0.1497,0.16208,0.16935,0.17573,0.18482,0.000946,0.00045,3.2e-5,0.0002,0.0006,0.0009,0.0012,0.002,0.000628,0.00032,2.3e-5,0.0001,0.0004,0.0006,0.0008,0.0013,0.000409,0.00025,1.8e-5,0.0,0.0002,0.0004,0.00052,0.001,0.829026,0.01018,0.00072,0.81159,0.8218,0.82895,0.83602,0.8479,0.001037,0.00048,3.4e-5,0.0002,0.0007,0.001,0.0014,0.0021,0.831008,0.00985,0.000696,0.81518,0.82428,0.83065,0.83792,0.8503
132.0,0.168929,0.00984,0.000696,0.1497,0.16197,0.16935,0.17558,0.18481,0.000919,0.00044,3.1e-5,0.0002,0.0006,0.0009,0.0012,0.0019,0.000596,0.00032,2.3e-5,0.0001,0.0004,0.0006,0.0008,0.0013,0.000399,0.00025,1.8e-5,0.0,0.0002,0.0004,0.0005,0.001,0.829156,0.01016,0.000718,0.81189,0.82205,0.82905,0.83612,0.8479,0.000995,0.00048,3.4e-5,0.0002,0.0007,0.0009,0.0013,0.0021,0.831071,0.00984,0.000696,0.81519,0.82442,0.83065,0.83802,0.8503
132.5,0.168879,0.00983,0.000695,0.1496,0.16178,0.16925,0.17558,0.18471,0.000875,0.00043,3.0e-5,0.0002,0.0005,0.0008,0.0012,0.0019,0.000573,0.00031,2.2e-5,0.0001,0.0003,0.0005,0.0008,0.0013,0.000388,0.00024,1.7e-5,0.0,0.0002,0.0004,0.0005,0.001,0.829284,0.01014,0.000717,0.81219,0.82208,0.82925,0.83625,0.848,0.000962,0.00047,3.3e-5,0.0002,0.0006,0.0009,0.0012,0.002,0.831121,0.00983,0.000695,0.81529,0.82442,0.83075,0.83822,0.8504
133.0,0.168834,0.00982,0.000694,0.1496,0.1617,0.16925,0.17558,0.18471,0.000833,0.00041,2.9e-5,0.0002,0.0005,0.0008,0.0011,0.0018,0.000552,0.00032,2.2e-5,0.0001,0.0003,0.0005,0.0007,0.0013,0.000365,0.00022,1.6e-5,0.0,0.0002,0.0003,0.0005,0.0009,0.829416,0.01013,0.000716,0.81239,0.82228,0.8293,0.8363,0.8481,0.000918,0.00046,3.2e-5,0.0002,0.0006,0.0009,0.0012,0.0019,0.831166,0.00982,0.000694,0.81529,0.82442,0.83075,0.8383,0.8504
133.5,0.168781,0.0098,0.000693,0.1496,0.1617,0.1691,0.17558,0.18451,0.000809,0.00039,2.8e-5,0.0002,0.0005,0.0008,0.0011,0.00161,0.000528,0.00031,2.2e-5,0.0,0.0003,0.0005,0.0007,0.0013,0.000358,0.00023,1.6e-5,0.0,0.0002,0.0003,0.0005,0.0008,0.829524,0.01011,0.000715,0.8125,0.82248,0.8294,0.8364,0.84811,0.000886,0.00045,3.2e-5,0.0001,0.0006,0.0008,0.0012,0.002,0.831219,0.0098,0.000693,0.81549,0.82442,0.8309,0.8383,0.8504
134.0,0.168729,0.00978,0.000691,0.1496,0.1617,0.1691,0.17552,0.18441,0.000778,0.00038,2.7e-5,0.0002,0.0005,0.0007,0.001,0.0017,0.000514,0.00031,2.2e-5,0.0,0.0003,0.0005,0.0007,0.0012,0.000341,0.00022,1.6e-5,0.0,0.0002,0.0003,0.0005,0.0008,0.829638,0.01009,0.000713,0.8127,0.82275,0.82945,0.83642,0.84841,0.000855,0.00044,3.1e-5,0.0002,0.0006,0.0008,0.0011,0.0019,0.831271,0.00978,0.000691,0.81559,0.82448,0.8309,0.8383,0.8504
134.5,0.168673,0.00978,0.000692,0.1495,0.16168,0.16905,0.17552,0.18431,0.00076,0.00039,2.7e-5,0.0001,0.0005,0.0007,0.001,0.0016,0.000492,0.0003,2.1e-5,0.0,0.0003,0.0005,0.00062,0.0012,0.000331,0.00022,1.5e-5,0.0,0.0002,0.0003,0.0005,0.0008,0.829744,0.01006,0.000712,0.8129,0.82282,0.8295,0.83652,0.8487,0.000824,0.00042,3.0e-5,0.0001,0.0005,0.0008,0.001,0.0018,0.831327,0.00978,0.000692,0.81569,0.82448,0.83095,0.83832,0.8505
135.0,0.168626,0.00978,0.000692,0.1493,0.1616,0.16905,0.1755,0.18431,0.000733,0.00038,2.7e-5,0.0001,0.0004,0.0007,0.001,0.0015,0.000473,0.00031,2.2e-5,0.0,0.00028,0.0004,0.0006,0.0011,0.000324,0.00021,1.5e-5,0.0,0.0002,0.0003,0.0004,0.0008,0.829844,0.01005,0.00071,0.813,0.8229,0.82955,0.83662,0.8488,0.000798,0.00042,3.0e-5,0.0001,0.0005,0.0007,0.001,0.0018,0.831375,0.00978,0.000692,0.81569,0.8245,0.83095,0.8384,0.8507
135.5,0.16857,0.00977,0.000691,0.1493,0.16152,0.169,0.17542,0.18431,0.000712,0.00038,2.7e-5,0.0001,0.0004,0.0007,0.001,0.0016,0.000465,0.00031,2.2e-5,0.0,0.0003,0.0004,0.0006,0.0012,0.000306,0.0002,1.4e-5,0.0,0.0002,0.0003,0.0004,0.0008,0.829947,0.01003,0.000709,0.8131,0.823,0.8297,0.83675,0.8489,0.000771,0.00042,2.9e-5,0.0001,0.0005,0.0007,0.001,0.00171,0.83143,0.00977,0.000691,0.81569,0.82458,0.831,0.83848,0.8507
136.0,0.168521,0.00976,0.00069,0.1493,0.16152,0.16895,0.1754,0.18431,0.00069,0.00037,2.6e-5,0.0001,0.0004,0.0007,0.0009,0.0014,0.000446,0.00029,2.0e-5,0.0,0.0002,0.0004,0.0006,0.0012,0.000299,0.0002,1.4e-5,0.0,0.0002,0.0003,0.0004,0.0008,0.830045,0.01,0.000707,0.8133,0.82308,0.82975,0.83685,0.849,0.000744,0.0004,2.8e-5,0.0001,0.0004,0.0007,0.00092,0.0018,0.831479,0.00976,0.00069,0.81569,0.8246,0.83105,0.83848,0.8507
136.5,0.168477,0.00975,0.000689,0.1493,0.16145,0.16895,0.1754,0.18431,0.000659,0.00036,2.5e-5,0.0001,0.0004,0.0006,0.0009,0.0014,0.000423,0.00028,2.0e-5,0.0,0.0002,0.0004,0.0005,0.0011,0.000296,0.00021,1.5e-5,0.0,0.0002,0.0003,0.0004,0.0008,0.830145,0.00998,0.000706,0.81339,0.82333,0.8299,0.83688,0.8491,0.000719,0.00039,2.7e-5,0.0001,0.0004,0.0007,0.00092,0.0017,0.831524,0.00975,0.000689,0.81569,0.8246,0.83105,0.83855,0.8507
137.0,0.16843,0.00974,0.000688,0.1493,0.16137,0.1689,0.1754,0.18431,0.000639,0.00036,2.6e-5,0.0001,0.0003,0.0006,0.0009,0.0014,0.000401,0.00027,1.9e-5,0.0,0.0002,0.0004,0.0005,0.0011,0.00029,0.00021,1.5e-5,0.0,0.0002,0.0003,0.0004,0.0008,0.83024,0.00995,0.000704,0.81378,0.82348,0.83,0.83697,0.8491,0.000691,0.00039,2.7e-5,0.0001,0.0004,0.0006,0.0009,0.0017,0.83157,0.00974,0.000688,0.81569,0.8246,0.8311,0.83862,0.8507
137.5,0.168388,0.00973,0.000688,0.1493,0.16135,0.16885,0.17538,0.1843,0.000614,0.00035,2.5e-5,0.0,0.0003,0.0006,0.0008,0.0014,0.000395,0.00026,1.9e-5,0.0,0.0002,0.0004,0.0005,0.0011,0.000276,0.0002,1.4e-5,0.0,0.0001,0.0003,0.0004,0.0007,0.830328,0.00993,0.000702,0.81398,0.82362,0.83005,0.83708,0.84911,0.00067,0.00037,2.6e-5,0.0,0.0004,0.0006,0.0009,0.0015,0.831612,0.00973,0.000688,0.8157,0.82462,0.83115,0.83865,0.8507
138.0,0.168344,0.00972,0.000687,0.1493,0.16128,0.16885,0.17535,0.1842,0.000602,0.00035,2.5e-5,0.0,0.0003,0.0006,0.0008,0.0013,0.000386,0.00026,1.9e-5,0.0,0.0002,0.00035,0.0005,0.001,0.000271,0.0002,1.4e-5,0.0,0.0001,0.0002,0.0004,0.0007,0.830397,0.00992,0.000702,0.81408,0.82362,0.8302,0.83722,0.84911,0.000658,0.00036,2.6e-5,0.0,0.0004,0.0006,0.0009,0.0016,0.831656,0.00972,0.000687,0.8158,0.82465,0.83115,0.83872,0.8507
138.5,0.168317,0.00972,0.000687,0.1493,0.16128,0.1688,0.17535,0.1842,0.000571,0.00034,2.4e-5,0.0,0.0003,0.0006,0.0008,0.0013,0.000364,0.00026,1.8e-5,0.0,0.0002,0.0003,0.0005,0.001,0.000258,0.00019,1.4e-5,0.0,0.0001,0.0002,0.0004,0.0007,0.83049,0.0099,0.0007,0.81448,0.82372,0.8302,0.8374,0.84912,0.000622,0.00035,2.5e-5,0.0,0.0004,0.0006,0.0008,0.0014,0.831683,0.00972,0.000687,0.8158,0.82465,0.8312,0.83872,0.8507
139.0,0.168284,0.00971,0.000687,0.1492,0.16125,0.1688,0.17535,0.1842,0.000534,0.00032,2.3e-5,0.0,0.0003,0.0005,0.0007,0.0013,0.000356,0.00024,1.7e-5,0.0,0.0002,0.0003,0.0005,0.0008,0.000263,0.0002,1.4e-5,0.0,0.0001,0.0002,0.0004,0.0007,0.830564,0.00989,0.000699,0.81458,0.82382,0.83035,0.83748,0.84912,0.000618,0.00034,2.4e-5,0.0,0.0004,0.0006,0.00082,0.0013,0.831715,0.00971,0.000687,0.8158,0.82465,0.8312,0.83875,0.8508
139.5,0.168242,0.00971,0.000687,0.149,0.16118,0.1687,0.1753,0.1842,0.000529,0.00032,2.2e-5,0.0,0.0003,0.0005,0.0007,0.0012,0.000341,0.00023,1.6e-5,0.0,0.0002,0.0003,0.0005,0.0009,0.000244,0.0002,1.4e-5,0.0,0.0001,0.0002,0.0004,0.0007,0.830644,0.00988,0.000699,0.81469,0.82382,0.83035,0.83765,0.84932,0.000586,0.00033,2.3e-5,0.0,0.0003,0.0005,0.0008,0.0012,0.831758,0.00971,0.000687,0.8158,0.8247,0.8313,0.83882,0.851
140.0,0.168204,0.0097,0.000686,0.149,0.1611,0.1687,0.1753,0.1842,0.000518,0.00032,2.2e-5,0.0,0.0003,0.0005,0.0007,0.0012,0.00033,0.00024,1.7e-5,0.0,0.00018,0.0003,0.0005,0.0009,0.000235,0.00019,1.3e-5,0.0,0.0001,0.0002,0.0003,0.0006,0.830714,0.00987,0.000698,0.81479,0.82387,0.83045,0.83772,0.84942,0.000565,0.00032,2.3e-5,0.0,0.0003,0.0005,0.0008,0.0012,0.831796,0.0097,0.000686,0.8158,0.8247,0.8313,0.8389,0.851
140.5,0.168173,0.0097,0.000686,0.149,0.16108,0.1687,0.1752,0.1842,0.0005,0.00032,2.2e-5,0.0,0.0003,0.0005,0.0007,0.0011,0.000321,0.00023,1.6e-5,0.0,0.00018,0.0003,0.0005,0.0009,0.00023,0.00018,1.3e-5,0.0,0.0001,0.0002,0.0003,0.0006,0.830777,0.00986,0.000697,0.81479,0.82395,0.83045,0.83782,0.84951,0.00055,0.00031,2.2e-5,0.0,0.0003,0.0005,0.0008,0.0012,0.831827,0.0097,0.000686,0.8158,0.8248,0.8313,0.83892,0.851
141.0,0.168144,0.00969,0.000685,0.14899,0.161,0.1687,0.1752,0.18391,0.000472,0.00031,2.2e-5,0.0,0.0002,0.0004,0.0006,0.0011,0.000316,0.00023,1.6e-5,0.0,0.0001,0.0003,0.0005,0.0008,0.000226,0.00017,1.2e-5,0.0,0.0001,0.0002,0.0003,0.0006,0.830841,0.00985,0.000696,0.8149,0.8242,0.83055,0.83785,0.84971,0.000542,0.00031,2.2e-5,0.0,0.0003,0.0005,0.0007,0.0012,0.831856,0.00969,0.000685,0.81609,0.8248,0.8313,0.839,0.851
141.5,0.168117,0.00968,0.000685,0.14899,0.161,0.1687,0.1752,0.18381,0.000456,0.0003,2.1e-5,0.0,0.0002,0.0004,0.0006,0.0011,0.000306,0.00023,1.6e-5,0.0,0.0001,0.0003,0.0004,0.0008,0.000214,0.00016,1.1e-5,0.0,0.0001,0.0002,0.0003,0.0006,0.830908,0.00983,0.000695,0.8151,0.82422,0.8306,0.83795,0.84971,0.00052,0.0003,2.1e-5,0.0,0.0003,0.0005,0.0007,0.0011,0.831883,0.00968,0.000685,0.81619,0.8248,0.8313,0.839,0.851
142.0,0.168086,0.00968,0.000684,0.14899,0.16097,0.1687,0.1752,0.18371,0.000437,0.00029,2.0e-5,0.0,0.0002,0.0004,0.0006,0.0011,0.000298,0.00022,1.6e-5,0.0,0.0001,0.0003,0.0004,0.0008,0.000207,0.00016,1.1e-5,0.0,0.0001,0.0002,0.0003,0.0005,0.830972,0.00982,0.000694,0.8152,0.82433,0.8306,0.83795,0.84981,0.000505,0.00029,2.1e-5,0.0,0.0003,0.0005,0.0007,0.0011,0.831914,0.00968,0.000684,0.81629,0.8248,0.8313,0.83902,0.851
142.5,0.168055,0.00967,0.000684,0.14899,0.16097,0.1687,0.1752,0.18371,0.000422,0.00028,2.0e-5,0.0,0.0002,0.0004,0.0006,0.0011,0.000283,0.00021,1.5e-5,0.0,0.0001,0.00025,0.0004,0.0007,0.000202,0.00016,1.1e-5,0.0,0.0001,0.0002,0.0003,0.0006,0.831038,0.00981,0.000694,0.8153,0.82442,0.8306,0.83798,0.85001,0.000485,0.00029,2.0e-5,0.0,0.0003,0.0005,0.0007,0.0011,0.831945,0.00967,0.000684,0.81629,0.8248,0.8313,0.83902,0.851
143.0,0.168028,0.00967,0.000684,0.14899,0.1609,0.1686,0.1752,0.18371,0.000405,0.00027,1.9e-5,0.0,0.0002,0.0004,0.0006,0.001,0.00027,0.00021,1.5e-5,0.0,0.0001,0.0003,0.0004,0.0007,0.0002,0.00016,1.2e-5,0.0,0.0001,0.0002,0.0003,0.0006,0.831098,0.0098,0.000693,0.8153,0.82445,0.83065,0.83815,0.85001,0.00047,0.00031,2.2e-5,0.0,0.00028,0.0004,0.00062,0.0011,0.831972,0.00967,0.000684,0.81629,0.8248,0.8314,0.8391,0.85101
143.5,0.168,0.00967,0.000684,0.14899,0.16087,0.16855,0.17512,0.18371,0.000384,0.00026,1.8e-5,0.0,0.0002,0.0004,0.0006,0.001,0.000262,0.0002,1.4e-5,0.0,0.0001,0.0002,0.0004,0.0007,0.000201,0.00017,1.2e-5,0.0,0.0001,0.0002,0.0003,0.0006,0.831154,0.00979,0.000693,0.8154,0.82448,0.8307,0.83822,0.85001,0.000462,0.00031,2.2e-5,0.0,0.0002,0.0004,0.0006,0.0011,0.832,0.00967,0.000684,0.81629,0.82488,0.83145,0.83912,0.85101
144.0,0.167974,0.00967,0.000684,0.14899,0.1608,0.16855,0.17512,0.18362,0.000373,0.00026,1.8e-5,0.0,0.0002,0.0003,0.0005,0.0009,0.00026,0.0002,1.4e-5,0.0,0.0001,0.0002,0.0004,0.0007,0.000186,0.00016,1.1e-5,0.0,0.0001,0.0002,0.0003,0.0006,0.831207,0.00979,0.000692,0.8154,0.82448,0.8308,0.83822,0.85011,0.000446,0.0003,2.1e-5,0.0,0.0002,0.0004,0.0006,0.0011,0.832025,0.00967,0.000684,0.81638,0.82488,0.83145,0.8392,0.85101
144.5,0.167951,0.00967,0.000684,0.14889,0.16078,0.16855,0.17512,0.18342,0.000362,0.00025,1.8e-5,0.0,0.0002,0.0003,0.0005,0.0009,0.000246,0.0002,1.4e-5,0.0,0.0001,0.0002,0.0004,0.0007,0.000179,0.00014,1.0e-5,0.0,0.0001,0.0002,0.00022,0.0005,0.831262,0.00978,0.000691,0.8154,0.82458,0.83085,0.83825,0.85031,0.000425,0.00028,2.0e-5,0.0,0.0002,0.0004,0.0006,0.001,0.832049,0.00967,0.000684,0.81658,0.82488,0.83145,0.83922,0.85111
145.0,0.167928,0.00966,0.000683,0.14889,0.16078,0.16855,0.17512,0.18342,0.000354,0.00025,1.8e-5,0.0,0.0002,0.0003,0.0005,0.001,0.000241,0.00021,1.5e-5,0.0,0.0001,0.0002,0.0004,0.0007,0.000167,0.00013,1.0e-5,0.0,0.0001,0.0001,0.0002,0.0004,0.831312,0.00977,0.000691,0.8155,0.82458,0.83085,0.83825,0.85041,0.000408,0.00028,2.0e-5,0.0,0.0002,0.0004,0.0006,0.001,0.832072,0.00966,0.000683,0.81658,0.82488,0.83145,0.83922,0.85111
145.5,0.167908,0.00966,0.000683,0.14889,0.1607,0.1685,0.1751,0.18332,0.000332,0.00024,1.7e-5,0.0,0.0002,0.0003,0.0005,0.0009,0.00024,0.00021,1.5e-5,0.0,0.0001,0.0002,0.0004,0.0007,0.000166,0.00014,1.0e-5,0.0,0.0001,0.0001,0.0002,0.0005,0.831355,0.00976,0.00069,0.8155,0.82458,0.8309,0.83838,0.85041,0.000405,0.00029,2.1e-5,0.0,0.0002,0.0004,0.0006,0.0011,0.832092,0.00966,0.000683,0.81668,0.8249,0.8315,0.8393,0.85111
146.0,0.167884,0.00966,0.000683,0.14889,0.16068,0.1685,0.17502,0.18332,0.000323,0.00024,1.7e-5,0.0,0.0002,0.0003,0.0005,0.0009,0.000231,0.0002,1.4e-5,0.0,0.0001,0.0002,0.0004,0.0007,0.000159,0.00014,1.0e-5,0.0,0.0001,0.0001,0.0003,0.0005,0.831404,0.00975,0.000689,0.8155,0.82458,0.83095,0.83845,0.85041,0.00039,0.00028,1.9e-5,0.0,0.0002,0.0004,0.0006,0.001,0.832116,0.00966,0.000683,0.81668,0.82497,0.8315,0.83932,0.85111
146.5,0.167865,0.00966,0.000683,0.14889,0.1606,0.1684,0.17502,0.18322,0.000304,0.00023,1.6e-5,0.0,0.0001,0.0003,0.0004,0.0008,0.000222,0.00019,1.4e-5,0.0,0.0001,0.0002,0.0003,0.0007,0.000155,0.00014,1.0e-5,0.0,0.0,0.0001,0.00022,0.0005,0.831454,0.00974,0.000689,0.8155,0.8246,0.83095,0.83853,0.85051,0.000378,0.00026,1.9e-5,0.0,0.0002,0.0004,0.0006,0.0009,0.832135,0.00966,0.000683,0.81678,0.82497,0.8316,0.8394,0.85111
147.0,0.16785,0.00965,0.000682,0.14889,0.1606,0.16835,0.175,0.18322,0.000285,0.00023,1.6e-5,0.0,0.0001,0.0003,0.0004,0.0008,0.000213,0.00019,1.3e-5,0.0,0.0,0.0002,0.0003,0.0007,0.00015,0.00014,1.0e-5,0.0,0.0,0.0001,0.0002,0.0005,0.831502,0.00974,0.000688,0.8156,0.8246,0.831,0.83862,0.85061,0.000363,0.00026,1.9e-5,0.0,0.0001,0.0003,0.0005,0.0009,0.83215,0.00965,0.000682,0.81678,0.825,0.83165,0.8394,0.85111
147.5,0.167825,0.00965,0.000682,0.14889,0.1606,0.1683,0.175,0.18322,0.000283,0.00022,1.6e-5,0.0,0.0001,0.00025,0.0004,0.0008,0.000208,0.00019,1.3e-5,0.0,0.0,0.0002,0.0003,0.0006,0.000146,0.00013,9.0e-6,0.0,0.0,0.0001,0.0002,0.0005,0.831539,0.00974,0.000688,0.81579,0.8246,0.831,0.83862,0.85061,0.000354,0.00026,1.8e-5,0.0,0.0001,0.0003,0.0005,0.0009,0.832176,0.00965,0.000682,0.81678,0.825,0.8317,0.8394,0.85111
148.0,0.167811,0.00964,0.000682,0.14889,0.1606,0.1683,0.175,0.18322,0.000274,0.00021,1.5e-5,0.0,0.0001,0.0002,0.0004,0.0007,0.000198,0.00018,1.3e-5,0.0,0.0,0.0002,0.0003,0.0007,0.000132,0.00013,9.0e-6,0.0,0.0,0.0001,0.0002,0.0004,0.831585,0.00972,0.000688,0.81589,0.8246,0.8311,0.8387,0.85061,0.00033,0.00025,1.8e-5,0.0,0.0001,0.0003,0.0005,0.0009,0.832189,0.00964,0.000682,0.81678,0.825,0.8317,0.8394,0.85111
148.5,0.167786,0.00965,0.000682,0.14889,0.16058,0.1683,0.175,0.18312,0.000276,0.00022,1.6e-5,0.0,0.0001,0.0002,0.0004,0.0007,0.000188,0.00018,1.2e-5,0.0,0.0,0.0002,0.0003,0.0006,0.000124,0.00012,9.0e-6,0.0,0.0,0.0001,0.0002,0.0004,0.831626,0.00971,0.000687,0.81589,0.8246,0.8311,0.8387,0.85061,0.000312,0.00024,1.7e-5,0.0,0.0001,0.0003,0.0005,0.0009,0.832214,0.00965,0.000682,0.81687,0.825,0.8317,0.83943,0.85111
149.0,0.167768,0.00964,0.000681,0.14879,0.1605,0.1683,0.175,0.18303,0.000271,0.00022,1.5e-5,0.0,0.0001,0.0002,0.0004,0.0008,0.000179,0.00018,1.3e-5,0.0,0.0,0.0001,0.0003,0.0006,0.000113,0.00012,8.0e-6,0.0,0.0,0.0001,0.0002,0.0004,0.831669,0.0097,0.000686,0.81599,0.8246,0.8312,0.83872,0.85061,0.000292,0.00024,1.7e-5,0.0,0.0001,0.0002,0.0004,0.0009,0.832232,0.00964,0.000681,0.81697,0.825,0.8317,0.8395,0.8512
149.5,0.167753,0.00964,0.000681,0.1487,0.1605,0.1683,0.17492,0.18293,0.000265,0.00021,1.5e-5,0.0,0.0001,0.0002,0.0004,0.0008,0.000172,0.00017,1.2e-5,0.0,0.0,0.0001,0.0003,0.0006,0.00011,0.00012,9.0e-6,0.0,0.0,0.0001,0.0002,0.0004,0.831701,0.0097,0.000686,0.81599,0.82468,0.83125,0.83872,0.85061,0.000282,0.00024,1.7e-5,0.0,0.0001,0.0002,0.0004,0.0009,0.832248,0.00964,0.000681,0.81707,0.82508,0.8317,0.8395,0.8513
150.0,0.167737,0.00963,0.000681,0.1487,0.1605,0.1683,0.17492,0.18283,0.000257,0.00022,1.6e-5,0.0,0.0001,0.0002,0.0004,0.0008,0.000158,0.00016,1.1e-5,0.0,0.0,0.0001,0.0002,0.0005,0.000105,0.00011,8.0e-6,0.0,0.0,0.0001,0.0002,0.0004,0.831742,0.00969,0.000685,0.81609,0.8247,0.8313,0.8389,0.85081,0.000264,0.00022,1.6e-5,0.0,0.0001,0.0002,0.0004,0.0008,0.832263,0.00963,0.000681,0.81717,0.82508,0.8317,0.8395,0.8513
150.5,0.16772,0.00963,0.000681,0.1487,0.1605,0.1683,0.17492,0.18274,0.000247,0.00022,1.5e-5,0.0,0.0001,0.0002,0.0004,0.0007,0.000151,0.00016,1.1e-5,0.0,0.0,0.0001,0.0002,0.0005,0.000103,0.00012,8.0e-6,0.0,0.0,0.0001,0.0002,0.0004,0.831779,0.00969,0.000685,0.81628,0.8247,0.83135,0.83892,0.85091,0.000254,0.00022,1.5e-5,0.0,0.0001,0.0002,0.0004,0.0008,0.83228,0.00963,0.000681,0.81726,0.82508,0.8317,0.8395,0.8513
151.0,0.167704,0.00963,0.000681,0.1486,0.1605,0.1683,0.17492,0.18273,0.000238,0.00021,1.5e-5,0.0,0.0001,0.0002,0.0004,0.0008,0.000153,0.00015,1.1e-5,0.0,0.0,0.0001,0.00022,0.0005,9.5e-5,0.00011,8.0e-6,0.0,0.0,0.0001,0.0001,0.0004,0.83181,0.00969,0.000685,0.81628,0.8247,0.83135,0.83892,0.85091,0.000249,0.00021,1.5e-5,0.0,0.0001,0.0002,0.0004,0.0008,0.832297,0.00963,0.000681,0.81727,0.82508,0.8317,0.8395,0.8514
151.5,0.167692,0.00963,0.000681,0.1486,0.1605,0.1683,0.17492,0.18273,0.000224,0.0002,1.4e-5,0.0,0.0001,0.0002,0.0003,0.0007,0.000147,0.00016,1.1e-5,0.0,0.0,0.0001,0.0002,0.0005,9.8e-5,0.00011,8.0e-6,0.0,0.0,0.0001,0.0002,0.0004,0.831838,0.00968,0.000684,0.81628,0.8248,0.8314,0.83892,0.85091,0.000246,0.00021,1.5e-5,0.0,0.0001,0.0002,0.0004,0.0007,0.832309,0.00963,0.000681,0.81727,0.82508,0.8317,0.8395,0.8514
152.0,0.167676,0.00963,0.000681,0.1486,0.1605,0.1683,0.17492,0.18273,0.000222,0.0002,1.4e-5,0.0,0.0001,0.0002,0.0003,0.0008,0.000143,0.00015,1.1e-5,0.0,0.0,0.0001,0.0002,0.0005,9.5e-5,0.00012,8.0e-6,0.0,0.0,0.0001,0.00012,0.0004,0.831863,0.00967,0.000684,0.81628,0.8248,0.8314,0.83902,0.85091,0.000238,0.00021,1.5e-5,0.0,0.0001,0.0002,0.0003,0.0008,0.832324,0.00963,0.000681,0.81727,0.82508,0.8317,0.8395,0.8514
152.5,0.167662,0.00963,0.000681,0.1486,0.1605,0.16825,0.17492,0.18273,0.00021,0.0002,1.4e-5,0.0,0.0001,0.0002,0.0003,0.0008,0.000139,0.00014,1.0e-5,0.0,0.0,0.0001,0.0002,0.0005,9.5e-5,0.00012,9.0e-6,0.0,0.0,0.0001,0.0001,0.0004,0.831894,0.00967,0.000684,0.81638,0.8248,0.83145,0.8391,0.85091,0.000234,0.00021,1.5e-5,0.0,0.0001,0.0002,0.0003,0.0008,0.832338,0.00963,0.000681,0.81727,0.82508,0.83175,0.8395,0.8514
153.0,0.167652,0.00963,0.000681,0.1486,0.1605,0.16825,0.17492,0.18273,0.000199,0.00019,1.3e-5,0.0,0.0001,0.0002,0.0003,0.0007,0.000134,0.00014,1.0e-5,0.0,0.0,0.0001,0.0002,0.0005,9.3e-5,0.00011,8.0e-6,0.0,0.0,0.0001,0.0001,0.0004,0.831922,0.00967,0.000684,0.81648,0.8248,0.83145,0.8391,0.85091,0.000227,0.0002,1.4e-5,0.0,0.0001,0.0002,0.0003,0.0007,0.832348,0.00963,0.000681,0.81727,0.82508,0.83175,0.8395,0.8514
153.5,0.16764,0.00963,0.000681,0.1486,0.1605,0.16825,0.17492,0.18273,0.00019,0.00018,1.3e-5,0.0,0.0001,0.0001,0.0003,0.0007,0.000128,0.00013,9.0e-6,0.0,0.0,0.0001,0.0002,0.0005,9.2e-5,0.00011,8.0e-6,0.0,0.0,0.0001,0.0001,0.0003,0.831951,0.00967,0.000684,0.81668,0.8248,0.83145,0.8391,0.85101,0.00022,0.0002,1.4e-5,0.0,0.0001,0.0002,0.0003,0.0007,0.832361,0.00963,0.000681,0.81727,0.82508,0.83175,0.8395,0.8514
154.0,0.167628,0.00964,0.000681,0.1486,0.1605,0.16825,0.17482,0.18273,0.000182,0.00018,1.3e-5,0.0,0.0001,0.0001,0.00022,0.0006,0.000124,0.00013,9.0e-6,0.0,0.0,0.0001,0.0002,0.0005,8.8e-5,0.00011,8.0e-6,0.0,0.0,0.0001,0.0001,0.0003,0.831979,0.00967,0.000684,0.81677,0.82488,0.8315,0.8391,0.85101,0.000212,0.00019,1.4e-5,0.0,0.0001,0.0002,0.0003,0.0006,0.832373,0.00964,0.000681,0.81727,0.82518,0.83175,0.8395,0.8514
154.5,0.167615,0.00963,0.000681,0.1486,0.1605,0.16825,0.17482,0.18273,0.000184,0.00018,1.3e-5,0.0,0.0001,0.0001,0.0002,0.0006,0.000117,0.00013,9.0e-6,0.0,0.0,0.0001,0.0002,0.0005,8.2e-5,0.0001,7.0e-6,0.0,0.0,0.0,0.0001,0.0003,0.832003,0.00967,0.000684,0.81677,0.82488,0.8315,0.8391,0.85101,0.000199,0.00018,1.3e-5,0.0,0.0001,0.0002,0.0003,0.0006,0.832385,0.00963,0.000681,0.81727,0.82518,0.83175,0.8395,0.8514
155.0,0.167602,0.00963,0.000681,0.14859,0.16048,0.16825,0.1748,0.18263,0.000183,0.00018,1.3e-5,0.0,8.0e-5,0.0001,0.0003,0.0006,0.000108,0.00012,9.0e-6,0.0,0.0,0.0001,0.0002,0.0004,7.8e-5,0.0001,7.0e-6,0.0,0.0,0.0,0.0001,0.0003,0.83203,0.00967,0.000684,0.81678,0.82488,0.8315,0.8391,0.85111,0.000186,0.00017,1.2e-5,0.0,0.0,0.0002,0.0003,0.0006,0.832399,0.00963,0.000681,0.81737,0.8252,0.83175,0.83952,0.85141
155.5,0.167595,0.00963,0.000681,0.14859,0.16048,0.16825,0.1748,0.18263,0.000171,0.00017,1.2e-5,0.0,0.0,0.0001,0.0002,0.0006,0.000108,0.00012,9.0e-6,0.0,0.0,0.0001,0.0002,0.0004,7.6e-5,0.0001,7.0e-6,0.0,0.0,0.0,0.0001,0.0003,0.83205,0.00967,0.000683,0.81678,0.82488,0.8315,0.8391,0.85111,0.000185,0.00017,1.2e-5,0.0,0.0,0.0002,0.0003,0.0006,0.832405,0.00963,0.000681,0.81737,0.8252,0.83175,0.83952,0.85141
156.0,0.167587,0.00963,0.000681,0.14859,0.16048,0.16815,0.1748,0.18263,0.000164,0.00017,1.2e-5,0.0,0.0,0.0001,0.0002,0.0006,0.000106,0.00012,9.0e-6,0.0,0.0,0.0001,0.0002,0.0004,7.0e-5,9.0e-5,7.0e-6,0.0,0.0,0.0,0.0001,0.0003,0.832072,0.00967,0.000684,0.81678,0.82495,0.8315,0.8391,0.8513,0.000176,0.00017,1.2e-5,0.0,0.0,0.00015,0.0003,0.0006,0.832413,0.00963,0.000681,0.81737,0.8252,0.83185,0.83952,0.85141
156.5,0.167578,0.00963,0.000681,0.14859,0.16048,0.16815,0.1748,0.18254,0.000159,0.00016,1.1e-5,0.0,0.0,0.0001,0.0002,0.0006,0.000101,0.00012,8.0e-6,0.0,0.0,0.0001,0.00012,0.0004,6.6e-5,9.0e-5,6.0e-6,0.0,0.0,0.0,0.0001,0.0003,0.832096,0.00966,0.000683,0.81688,0.825,0.83155,0.8391,0.8513,0.000168,0.00017,1.2e-5,0.0,0.0,0.0001,0.0002,0.0006,0.832423,0.00963,0.000681,0.81746,0.8252,0.83185,0.83952,0.85141
157.0,0.167568,0.00962,0.000681,0.14859,0.16048,0.16815,0.1748,0.18254,0.000155,0.00016,1.1e-5,0.0,0.0,0.0001,0.0002,0.0006,9.5e-5,0.00012,9.0e-6,0.0,0.0,0.0001,0.0001,0.0004,6.9e-5,9.0e-5,6.0e-6,0.0,0.0,0.0,0.0001,0.0003,0.832114,0.00966,0.000683,0.81698,0.825,0.83165,0.83912,0.8513,0.000164,0.00017,1.2e-5,0.0,0.0,0.0001,0.0002,0.0006,0.832433,0.00962,0.000681,0.81746,0.8252,0.83185,0.83952,0.85141
157.5,0.167562,0.00962,0.000681,0.14859,0.16045,0.16815,0.1748,0.18254,0.00014,0.00014,1.0e-5,0.0,0.0,0.0001,0.0002,0.0005,9.5e-5,0.00012,9.0e-6,0.0,0.0,0.0001,0.0001,0.0004,6.5e-5,8.0e-5,6.0e-6,0.0,0.0,0.0,0.0001,0.0003,0.832138,0.00965,0.000683,0.81698,0.82508,0.83165,0.83912,0.8513,0.00016,0.00016,1.1e-5,0.0,0.0,0.0001,0.0002,0.0005,0.832438,0.00962,0.000681,0.81746,0.8252,0.83185,0.83955,0.85141
158.0,0.167552,0.00963,0.000681,0.14859,0.16045,0.16815,0.1748,0.18254,0.00014,0.00015,1.0e-5,0.0,0.0,0.0001,0.0002,0.0005,9.4e-5,0.00012,9.0e-6,0.0,0.0,0.0001,0.0001,0.0004,6.1e-5,8.0e-5,6.0e-6,0.0,0.0,0.0,0.0001,0.0002,0.832153,0.00965,0.000683,0.81698,0.82508,0.83165,0.83915,0.8514,0.000154,0.00016,1.1e-5,0.0,0.0,0.0001,0.0002,0.0005,0.832448,0.00963,0.000681,0.81746,0.8252,0.83185,0.83955,0.85141
158.5,0.167543,0.00962,0.000681,0.14859,0.16045,0.16815,0.1748,0.18254,0.000137,0.00015,1.0e-5,0.0,0.0,0.0001,0.0002,0.0005,9.0e-5,0.00012,8.0e-6,0.0,0.0,0.0001,0.0001,0.0004,6.0e-5,8.0e-5,6.0e-6,0.0,0.0,0.0,0.0001,0.0002,0.83217,0.00966,0.000683,0.81707,0.82508,0.83165,0.83915,0.8514,0.000149,0.00016,1.1e-5,0.0,0.0,0.0001,0.0002,0.0005,0.832457,0.00962,0.000681,0.81746,0.8252,0.83185,0.83955,0.85141
159.0,0.167534,0.00962,0.00068,0.14859,0.16045,0.16805,0.1748,0.18234,0.000131,0.00014,1.0e-5,0.0,0.0,0.0001,0.0002,0.0005,8.8e-5,0.00012,8.0e-6,0.0,0.0,0.0001,0.0001,0.0004,5.9e-5,8.0e-5,5.0e-6,0.0,0.0,0.0,0.0001,0.0002,0.832188,0.00966,0.000683,0.81707,0.82508,0.8317,0.83917,0.8514,0.000147,0.00016,1.1e-5,0.0,0.0,0.0001,0.0002,0.0005,0.832467,0.00962,0.00068,0.81766,0.8252,0.83195,0.83955,0.85141
159.5,0.167527,0.00962,0.00068,0.14859,0.16045,0.16805,0.1748,0.18224,0.000126,0.00014,1.0e-5,0.0,0.0,0.0001,0.0002,0.0005,8.3e-5,0.00011,8.0e-6,0.0,0.0,0.0,0.0001,0.0003,5.7e-5,8.0e-5,6.0e-6,0.0,0.0,0.0,0.0001,0.0003,0.832208,0.00966,0.000683,0.81708,0.82508,0.83175,0.83932,0.8514,0.000139,0.00016,1.1e-5,0.0,0.0,0.0001,0.0002,0.0005,0.832473,0.00962,0.00068,0.81776,0.8252,0.83195,0.83955,0.85141
160.0,0.167521,0.00962,0.00068,0.14859,0.16045,0.16805,0.1748,0.18224,0.000119,0.00013,9.0e-6,0.0,0.0,0.0001,0.0002,0.0005,8.2e-5,0.00011,8.0e-6,0.0,0.0,0.0,0.0001,0.0003,5.4e-5,8.0e-5,6.0e-6,0.0,0.0,0.0,0.0001,0.0003,0.832225,0.00966,0.000683,0.81708,0.82508,0.83175,0.83932,0.8514,0.000136,0.00016,1.1e-5,0.0,0.0,0.0001,0.0002,0.0005,0.83248,0.00962,0.00068,0.81776,0.8252,0.83195,0.83955,0.85141
160.5,0.167513,0.00961,0.00068,0.14859,0.16045,0.16805,0.1748,0.18224,0.000112,0.00013,9.0e-6,0.0,0.0,0.0001,0.0002,0.0004,7.5e-5,0.00011,8.0e-6,0.0,0.0,0.0,0.0001,0.0003,5.3e-5,8.0e-5,6.0e-6,0.0,0.0,0.0,0.0001,0.0003,0.832247,0.00965,0.000683,0.81708,0.82508,0.83175,0.83932,0.8514,0.000127,0.00015,1.1e-5,0.0,0.0,0.0001,0.0002,0.0005,0.832487,0.00961,0.00068,0.81776,0.8252,0.83195,0.83955,0.85141
161.0,0.167507,0.00961,0.000679,0.14859,0.16045,0.16805,0.1748,0.18224,0.000109,0.00014,1.0e-5,0.0,0.0,0.0001,0.0002,0.0005,7.2e-5,0.00011,8.0e-6,0.0,0.0,0.0,0.0001,0.0004,5.1e-5,8.0e-5,5.0e-6,0.0,0.0,0.0,0.0001,0.0002,0.832263,0.00966,0.000683,0.81708,0.82508,0.83175,0.8394,0.85141,0.000122,0.00015,1.0e-5,0.0,0.0,0.0001,0.0002,0.0005,0.832494,0.00961,0.000679,0.81776,0.8252,0.83195,0.83955,0.85141
161.5,0.167498,0.0096,0.000679,0.14859,0.16043,0.16805,0.1748,0.18224,0.000104,0.00013,9.0e-6,0.0,0.0,0.0001,0.0002,0.0004,6.4e-5,0.0001,7.0e-6,0.0,0.0,0.0,0.0001,0.0003,5.2e-5,8.0e-5,6.0e-6,0.0,0.0,0.0,0.0001,0.0002,0.832281,0.00965,0.000682,0.81708,0.82508,0.83175,0.8394,0.85141,0.000117,0.00015,1.0e-5,0.0,0.0,0.0001,0.0002,0.0005,0.832502,0.0096,0.000679,0.81776,0.8252,0.83195,0.83958,0.85141
162.0,0.167494,0.0096,0.000679,0.14859,0.16043,0.16805,0.1748,0.18224,9.7e-5,0.00012,9.0e-6,0.0,0.0,5.0e-5,0.0002,0.0004,6.6e-5,0.0001,7.0e-6,0.0,0.0,0.0,0.0001,0.0003,5.2e-5,8.0e-5,6.0e-6,0.0,0.0,0.0,0.0001,0.0002,0.832293,0.00965,0.000682,0.81708,0.82508,0.83175,0.8394,0.85141,0.000117,0.00014,1.0e-5,0.0,0.0,0.0001,0.0002,0.0005,0.832506,0.0096,0.000679,0.81776,0.8252,0.83195,0.83958,0.85141
162.5,0.167488,0.0096,0.000679,0.14859,0.16043,0.168,0.17473,0.18214,9.5e-5,0.00012,9.0e-6,0.0,0.0,0.0001,0.0002,0.0004,6.5e-5,0.0001,7.0e-6,0.0,0.0,0.0,0.0001,0.0003,5.1e-5,8.0e-5,5.0e-6,0.0,0.0,0.0,0.0001,0.0002,0.832301,0.00965,0.000682,0.81727,0.82508,0.83175,0.8394,0.85141,0.000116,0.00015,1.0e-5,0.0,0.0,0.0001,0.0002,0.0005,0.832513,0.0096,0.000679,0.81786,0.82528,0.832,0.83958,0.85141
163.0,0.167483,0.0096,0.000679,0.14859,0.1604,0.168,0.1747,0.18214,8.8e-5,0.00012,8.0e-6,0.0,0.0,0.0,0.00012,0.0004,6.4e-5,0.0001,7.0e-6,0.0,0.0,0.0,0.0001,0.0003,5.3e-5,8.0e-5,5.0e-6,0.0,0.0,0.0,0.0001,0.0002,0.832314,0.00964,0.000682,0.81727,0.82508,0.83175,0.83943,0.85141,0.000116,0.00014,1.0e-5,0.0,0.0,0.0001,0.0002,0.0005,0.832518,0.0096,0.000679,0.81786,0.8253,0.832,0.8396,0.85141
163.5,0.167474,0.0096,0.000679,0.14859,0.1604,0.168,0.17462,0.18214,8.8e-5,0.00011,8.0e-6,0.0,0.0,0.0,0.00012,0.0004,6.0e-5,0.0001,7.0e-6,0.0,0.0,0.0,0.0001,0.0003,5.1e-5,8.0e-5,6.0e-6,0.0,0.0,0.0,0.0001,0.0003,0.832327,0.00964,0.000682,0.81727,0.82508,0.83175,0.83943,0.85141,0.000111,0.00015,1.0e-5,0.0,0.0,0.0001,0.0002,0.0005,0.832526,0.0096,0.000679,0.81786,0.82538,0.832,0.8396,0.85141
164.0,0.167468,0.0096,0.000679,0.14859,0.1604,0.168,0.17462,0.18214,8.7e-5,0.00011,8.0e-6,0.0,0.0,0.0,0.0001,0.0004,5.7e-5,0.0001,7.0e-6,0.0,0.0,0.0,0.0001,0.0003,5.0e-5,8.0e-5,5.0e-6,0.0,0.0,0.0,0.0001,0.0003,0.832339,0.00964,0.000681,0.81737,0.82508,0.83175,0.83943,0.85141,0.000107,0.00014,1.0e-5,0.0,0.0,0.0001,0.0002,0.0005,0.832532,0.0096,0.000679,0.81786,0.82538,0.832,0.8396,0.85141
164.5,0.167464,0.0096,0.000679,0.14859,0.1604,0.168,0.17462,0.18214,8.1e-5,0.0001,7.0e-6,0.0,0.0,0.0,0.0001,0.0004,5.5e-5,0.0001,7.0e-6,0.0,0.0,0.0,0.0001,0.0004,4.6e-5,8.0e-5,5.0e-6,0.0,0.0,0.0,0.0001,0.0002,0.832354,0.00963,0.000681,0.81746,0.82515,0.8318,0.83943,0.85141,0.000101,0.00014,1.0e-5,0.0,0.0,5.0e-5,0.0002,0.0005,0.832536,0.0096,0.000679,0.81786,0.82538,0.832,0.8396,0.85141
165.0,0.167457,0.0096,0.000679,0.14859,0.1604,0.16795,0.17462,0.18214,8.0e-5,0.00011,8.0e-6,0.0,0.0,0.0,0.0001,0.0004,5.5e-5,9.0e-5,6.0e-6,0.0,0.0,0.0,0.0001,0.0003,4.2e-5,7.0e-5,5.0e-6,0.0,0.0,0.0,0.0001,0.0002,0.832366,0.00963,0.000681,0.81746,0.82518,0.8318,0.83943,0.85141,9.8e-5,0.00013,9.0e-6,0.0,0.0,5.0e-5,0.0002,0.0004,0.832543,0.0096,0.000679,0.81786,0.82538,0.83205,0.8396,0.85141
165.5,0.167446,0.0096,0.000678,0.14859,0.16038,0.16795,0.17462,0.18214,8.5e-5,0.00011,8.0e-6,0.0,0.0,0.0,0.0001,0.0004,5.2e-5,9.0e-5,6.0e-6,0.0,0.0,0.0,0.0001,0.0003,4.1e-5,7.0e-5,5.0e-6,0.0,0.0,0.0,0.0001,0.0002,0.832376,0.00962,0.00068,0.81746,0.82518,0.8318,0.83943,0.85141,9.4e-5,0.00012,9.0e-6,0.0,0.0,0.0,0.0002,0.0004,0.832554,0.0096,0.000678,0.81786,0.82538,0.83205,0.83962,0.85141
166.0,0.16744,0.00959,0.000678,0.14859,0.1603,0.16795,0.17462,0.18214,8.8e-5,0.00012,8.0e-6,0.0,0.0,0.0,0.0001,0.0004,4.9e-5,8.0e-5,6.0e-6,0.0,0.0,0.0,0.0001,0.0002,3.9e-5,7.0e-5,5.0e-6,0.0,0.0,0.0,0.0001,0.0002,0.832385,0.00962,0.00068,0.81746,0.82518,0.8318,0.83948,0.85141,8.8e-5,0.00012,8.0e-6,0.0,0.0,0.0,0.0001,0.0004,0.83256,0.00959,0.000678,0.81786,0.82538,0.83205,0.8397,0.85141
166.5,0.167435,0.0096,0.000679,0.14859,0.1603,0.1679,0.17462,0.18214,8.4e-5,0.00011,8.0e-6,0.0,0.0,0.0,0.0001,0.0003,4.4e-5,8.0e-5,5.0e-6,0.0,0.0,0.0,0.0001,0.0003,3.9e-5,7.0e-5,5.0e-6,0.0,0.0,0.0,0.0001,0.0002,0.832399,0.00962,0.00068,0.81746,0.82518,0.8318,0.83948,0.85141,8.3e-5,0.00012,8.0e-6,0.0,0.0,0.0,0.0001,0.0004,0.832565,0.0096,0.000679,0.81786,0.82538,0.8321,0.8397,0.85141
167.0,0.167428,0.0096,0.000679,0.14859,0.1603,0.1679,0.17462,0.18205,8.1e-5,0.0001,7.0e-6,0.0,0.0,0.0,0.0001,0.0004,4.6e-5,8.0e-5,6.0e-6,0.0,0.0,0.0,0.0001,0.0003,4.0e-5,7.0e-5,5.0e-6,0.0,0.0,0.0,0.0001,0.0002,0.832406,0.00961,0.00068,0.81756,0.82518,0.8318,0.83948,0.85141,8.5e-5,0.00012,9.0e-6,0.0,0.0,0.0,0.0001,0.0004,0.832572,0.0096,0.000679,0.81795,0.82538,0.8321,0.8397,0.85141
167.5,0.167424,0.00959,0.000678,0.14859,0.16022,0.1679,0.17462,0.18205,7.6e-5,0.0001,7.0e-6,0.0,0.0,0.0,0.0001,0.0003,4.5e-5,8.0e-5,6.0e-6,0.0,0.0,0.0,0.0001,0.0003,4.0e-5,7.0e-5,5.0e-6,0.0,0.0,0.0,0.0001,0.0002,0.832416,0.00962,0.00068,0.81766,0.82518,0.8318,0.83948,0.85141,8.5e-5,0.00013,9.0e-6,0.0,0.0,0.0,0.0001,0.0004,0.832576,0.00959,0.000678,0.81795,0.82538,0.8321,0.83978,0.85141
168.0,0.167414,0.0096,0.000679,0.14859,0.16022,0.1679,0.1746,0.18205,7.8e-5,0.00011,8.0e-6,0.0,0.0,0.0,0.0001,0.0004,4.4e-5,8.0e-5,6.0e-6,0.0,0.0,0.0,0.0001,0.0003,3.9e-5,7.0e-5,5.0e-6,0.0,0.0,0.0,0.0001,0.0002,0.832426,0.00961,0.00068,0.81766,0.8252,0.8318,0.83948,0.85141,8.2e-5,0.00013,9.0e-6,0.0,0.0,0.0,0.0001,0.0005,0.832586,0.0096,0.000679,0.81795,0.8254,0.8321,0.83978,0.85141
168.5,0.167412,0.0096,0.000679,0.14859,0.16022,0.1679,0.17452,0.18205,7.3e-5,0.00011,7.0e-6,0.0,0.0,0.0,0.0001,0.0003,4.4e-5,8.0e-5,6.0e-6,0.0,0.0,0.0,0.0001,0.0003,3.8e-5,7.0e-5,5.0e-6,0.0,0.0,0.0,0.0001,0.0002,0.832434,0.00961,0.00068,0.81766,0.8252,0.8318,0.83948,0.85141,8.1e-5,0.00012,9.0e-6,0.0,0.0,0.0,0.0001,0.0004,0.832588,0.0096,0.000679,0.81795,0.82548,0.8321,0.83978,0.85141
169.0,0.167408,0.0096,0.000679,0.14859,0.16022,0.1679,0.17452,0.18205,6.9e-5,0.0001,7.0e-6,0.0,0.0,0.0,0.0001,0.0003,4.6e-5,9.0e-5,6.0e-6,0.0,0.0,0.0,0.0001,0.0003,3.6e-5,7.0e-5,5.0e-6,0.0,0.0,0.0,0.0001,0.0002,0.832441,0.00961,0.00068,0.81766,0.82528,0.8318,0.83948,0.85141,8.2e-5,0.00013,9.0e-6,0.0,0.0,0.0,0.0001,0.0005,0.832592,0.0096,0.000679,0.81795,0.82548,0.8321,0.83978,0.85141
169.5,0.167401,0.0096,0.000679,0.14859,0.16022,0.1679,0.17452,0.18205,6.8e-5,0.0001,7.0e-6,0.0,0.0,0.0,0.0001,0.0003,4.7e-5,0.0001,7.0e-6,0.0,0.0,0.0,0.0001,0.0003,3.3e-5,7.0e-5,5.0e-6,0.0,0.0,0.0,2.0e-5,0.0002,0.832451,0.00962,0.00068,0.81766,0.82528,0.8318,0.83948,0.85141,8.0e-5,0.00013,9.0e-6,0.0,0.0,0.0,0.0001,0.0005,0.832599,0.0096,0.000679,0.81795,0.82548,0.8321,0.83978,0.85141
170.0,0.167398,0.0096,0.000679,0.14859,0.16022,0.1679,0.17452,0.18205,6.6e-5,0.0001,7.0e-6,0.0,0.0,0.0,0.0001,0.0003,4.4e-5,9.0e-5,7.0e-6,0.0,0.0,0.0,0.0001,0.0003,3.0e-5,6.0e-5,4.0e-6,0.0,0.0,0.0,0.0,0.0002,0.832463,0.00962,0.00068,0.81766,0.8253,0.83185,0.83955,0.85141,7.4e-5,0.00012,9.0e-6,0.0,0.0,0.0,0.0001,0.0005,0.832603,0.0096,0.000679,0.81795,0.82548,0.8321,0.83978,0.85141
170.5,0.167393,0.0096,0.000679,0.14859,0.16022,0.1679,0.17445,0.18205,6.5e-5,0.0001,7.0e-6,0.0,0.0,0.0,0.0001,0.0003,4.4e-5,9.0e-5,6.0e-6,0.0,0.0,0.0,0.0001,0.0003,3.0e-5,6.0e-5,4.0e-6,0.0,0.0,0.0,0.0,0.0002,0.832469,0.00961,0.00068,0.81766,0.8253,0.83185,0.83955,0.85141,7.3e-5,0.00012,9.0e-6,0.0,0.0,0.0,0.0001,0.0004,0.832607,0.0096,0.000679,0.81795,0.82555,0.8321,0.83978,0.85141
171.0,0.167388,0.0096,0.000679,0.14859,0.16022,0.1679,0.17445,0.18205,6.2e-5,0.0001,7.0e-6,0.0,0.0,0.0,0.0001,0.0003,4.4e-5,9.0e-5,6.0e-6,0.0,0.0,0.0,0.0001,0.0002,2.7e-5,6.0e-5,4.0e-6,0.0,0.0,0.0,0.0,0.0002,0.832479,0.00961,0.00068,0.81776,0.8253,0.8319,0.83955,0.85141,7.1e-5,0.00011,8.0e-6,0.0,0.0,0.0,0.0001,0.0003,0.832613,0.0096,0.000679,0.81795,0.82555,0.8321,0.83978,0.85141
171.5,0.167381,0.0096,0.000679,0.14859,0.16022,0.1679,0.17445,0.18205,6.7e-5,0.00011,8.0e-6,0.0,0.0,0.0,0.0001,0.0004,3.7e-5,8.0e-5,6.0e-6,0.0,0.0,0.0,0.0,0.0002,2.6e-5,6.0e-5,4.0e-6,0.0,0.0,0.0,0.0,0.0002,0.832489,0.00961,0.000679,0.81776,0.82538,0.832,0.83955,0.85141,6.3e-5,0.00011,8.0e-6,0.0,0.0,0.0,0.0001,0.0004,0.832619,0.0096,0.000679,0.81795,0.82555,0.8321,0.83978,0.85141
172.0,0.167375,0.0096,0.000679,0.14859,0.16022,0.1679,0.17442,0.18205,6.8e-5,0.00011,8.0e-6,0.0,0.0,0.0,0.0001,0.0004,3.4e-5,8.0e-5,5.0e-6,0.0,0.0,0.0,0.0,0.0002,2.5e-5,6.0e-5,4.0e-6,0.0,0.0,0.0,0.0,0.0002,0.832498,0.00961,0.000679,0.81776,0.82538,0.832,0.83955,0.85141,5.8e-5,0.0001,7.0e-6,0.0,0.0,0.0,0.0001,0.0004,0.832625,0.0096,0.000679,0.81795,0.82558,0.8321,0.83978,0.85141
172.5,0.167373,0.0096,0.000679,0.14859,0.16022,0.1679,0.17442,0.18205,5.9e-5,9.0e-5,7.0e-6,0.0,0.0,0.0,0.0001,0.0003,3.5e-5,8.0e-5,6.0e-6,0.0,0.0,0.0,0.0,0.0002,2.4e-5,6.0e-5,4.0e-6,0.0,0.0,0.0,0.0,0.0002,0.832509,0.00961,0.000679,0.81786,0.82538,0.832,0.83958,0.85141,5.9e-5,0.00011,8.0e-6,0.0,0.0,0.0,0.0001,0.0004,0.832627,0.0096,0.000679,0.81795,0.82558,0.8321,0.83978,0.85141
173.0,0.167369,0.0096,0.000679,0.14859,0.16022,0.16785,0.1744,0.18205,5.7e-5,9.0e-5,7.0e-6,0.0,0.0,0.0,0.0001,0.0003,3.5e-5,8.0e-5,5.0e-6,0.0,0.0,0.0,0.0,0.0002,2.2e-5,6.0e-5,4.0e-6,0.0,0.0,0.0,0.0,0.0002,0.832516,0.00961,0.000679,0.81786,0.82538,0.832,0.83958,0.85141,5.8e-5,0.00011,8.0e-6,0.0,0.0,0.0,0.0001,0.0004,0.832631,0.0096,0.000679,0.81795,0.8256,0.83215,0.83978,0.85141
173.5,0.167364,0.0096,0.000679,0.14859,0.16022,0.16785,0.1744,0.18205,5.4e-5,9.0e-5,6.0e-6,0.0,0.0,0.0,0.0001,0.0003,3.5e-5,8.0e-5,6.0e-6,0.0,0.0,0.0,0.0,0.0002,2.4e-5,6.0e-5,4.0e-6,0.0,0.0,0.0,0.0,0.0002,0.832524,0.00961,0.000679,0.81786,0.82538,0.832,0.83958,0.85141,5.8e-5,0.00011,8.0e-6,0.0,0.0,0.0,0.0001,0.0004,0.832637,0.0096,0.000679,0.81795,0.8256,0.83215,0.83978,0.85141
174.0,0.167361,0.0096,0.000679,0.14859,0.16022,0.16785,0.1744,0.18205,5.3e-5,9.0e-5,6.0e-6,0.0,0.0,0.0,0.0001,0.0003,3.3e-5,8.0e-5,6.0e-6,0.0,0.0,0.0,0.0,0.0002,2.2e-5,6.0e-5,4.0e-6,0.0,0.0,0.0,0.0,0.0002,0.832532,0.00961,0.000679,0.81786,0.82538,0.832,0.8396,0.85141,5.5e-5,0.00011,8.0e-6,0.0,0.0,0.0,0.0001,0.0004,0.83264,0.0096,0.000679,0.81795,0.8256,0.83215,0.83978,0.85141
174.5,0.167358,0.0096,0.000679,0.14859,0.16015,0.16785,0.1744,0.18205,5.2e-5,9.0e-5,6.0e-6,0.0,0.0,0.0,0.0001,0.0003,2.9e-5,8.0e-5,6.0e-6,0.0,0.0,0.0,0.0,0.0002,2.3e-5,6.0e-5,4.0e-6,0.0,0.0,0.0,0.0,0.0002,0.832538,0.00961,0.000679,0.81786,0.82538,0.832,0.83968,0.85141,5.2e-5,0.00011,8.0e-6,0.0,0.0,0.0,0.0001,0.0004,0.832642,0.0096,0.000679,0.81795,0.8256,0.83215,0.83985,0.85141
175.0,0.167356,0.0096,0.000679,0.14859,0.16015,0.16785,0.1744,0.18205,4.8e-5,9.0e-5,6.0e-6,0.0,0.0,0.0,0.0001,0.0003,2.7e-5,7.0e-5,5.0e-6,0.0,0.0,0.0,0.0,0.0002,2.4e-5,6.0e-5,4.0e-6,0.0,0.0,0.0,0.0,0.0002,0.832544,0.00961,0.00068,0.81795,0.82538,0.832,0.83968,0.85141,5.1e-5,0.0001,7.0e-6,0.0,0.0,0.0,0.0001,0.0003,0.832644,0.0096,0.000679,0.81795,0.8256,0.83215,0.83985,0.85141
175.5,0.167354,0.0096,0.000679,0.14859,0.16015,0.16785,0.1744,0.18205,4.6e-5,8.0e-5,6.0e-6,0.0,0.0,0.0,0.0001,0.0002,2.7e-5,7.0e-5,5.0e-6,0.0,0.0,0.0,0.0,0.0002,2.2e-5,6.0e-5,4.0e-6,0.0,0.0,0.0,0.0,0.0002,0.832552,0.00961,0.00068,0.81795,0.82538,0.83205,0.83968,0.85141,5.0e-5,0.0001,7.0e-6,0.0,0.0,0.0,0.0001,0.0004,0.832647,0.0096,0.000679,0.81795,0.8256,0.83215,0.83985,0.85141
176.0,0.167349,0.0096,0.000679,0.14859,0.16015,0.16785,0.1744,0.18205,4.4e-5,8.0e-5,6.0e-6,0.0,0.0,0.0,0.0001,0.0002,2.8e-5,7.0e-5,5.0e-6,0.0,0.0,0.0,0.0,0.0002,2.3e-5,7.0e-5,5.0e-6,0.0,0.0,0.0,0.0,0.0002,0.832556,0.00961,0.000679,0.81795,0.82538,0.83205,0.83968,0.85141,5.2e-5,0.00011,8.0e-6,0.0,0.0,0.0,0.0001,0.0004,0.832651,0.0096,0.000679,0.81795,0.8256,0.83215,0.83985,0.85141
176.5,0.167345,0.0096,0.000679,0.14859,0.16015,0.16785,0.1744,0.18205,4.3e-5,8.0e-5,6.0e-6,0.0,0.0,0.0,0.0001,0.0002,2.9e-5,8.0e-5,6.0e-6,0.0,0.0,0.0,0.0,0.0002,2.4e-5,7.0e-5,5.0e-6,0.0,0.0,0.0,0.0,0.0002,0.83256,0.00961,0.00068,0.81795,0.82538,0.8321,0.83975,0.85141,5.2e-5,0.00011,8.0e-6,0.0,0.0,0.0,0.0001,0.0004,0.832655,0.0096,0.000679,0.81795,0.8256,0.83215,0.83985,0.85141
177.0,0.167342,0.0096,0.000679,0.14859,0.16015,0.16785,0.1744,0.18205,4.2e-5,9.0e-5,6.0e-6,0.0,0.0,0.0,0.0001,0.0002,2.8e-5,7.0e-5,5.0e-6,0.0,0.0,0.0,0.0,0.0002,2.3e-5,7.0e-5,5.0e-6,0.0,0.0,0.0,0.0,0.0001,0.832565,0.00961,0.00068,0.81795,0.82538,0.8321,0.83975,0.85141,5.1e-5,0.0001,7.0e-6,0.0,0.0,0.0,0.0001,0.0004,0.832659,0.0096,0.000679,0.81795,0.8256,0.83215,0.83985,0.85141
177.5,0.167338,0.0096,0.000679,0.14859,0.16015,0.16785,0.1744,0.18205,4.3e-5,9.0e-5,6.0e-6,0.0,0.0,0.0,0.0001,0.0003,2.6e-5,7.0e-5,5.0e-6,0.0,0.0,0.0,0.0,0.0002,2.4e-5,7.0e-5,5.0e-6,0.0,0.0,0.0,0.0,0.0001,0.83257,0.00961,0.00068,0.81795,0.82538,0.8321,0.83975,0.85141,5.0e-5,0.0001,7.0e-6,0.0,0.0,0.0,0.0001,0.0004,0.832662,0.0096,0.000679,0.81795,0.8256,0.83215,0.83985,0.85141
178.0,0.167336,0.0096,0.000679,0.14859,0.16015,0.16785,0.1744,0.18205,4.0e-5,9.0e-5,6.0e-6,0.0,0.0,0.0,0.0,0.0002,2.2e-5,6.0e-5,4.0e-6,0.0,0.0,0.0,0.0,0.0002,2.4e-5,6.0e-5,5.0e-6,0.0,0.0,0.0,0.0,0.0001,0.832578,0.00961,0.00068,0.81795,0.8254,0.8321,0.83975,0.85141,4.6e-5,9.0e-5,6.0e-6,0.0,0.0,0.0,0.0001,0.0003,0.832664,0.0096,0.000679,0.81795,0.8256,0.83215,0.83985,0.85141
178.5,0.167335,0.0096,0.000679,0.14859,0.16015,0.16785,0.1744,0.18205,4.0e-5,9.0e-5,6.0e-6,0.0,0.0,0.0,0.0,0.0002,2.0e-5,5.0e-5,4.0e-6,0.0,0.0,0.0,0.0,0.0002,2.0e-5,6.0e-5,4.0e-6,0.0,0.0,0.0,0.0,0.0001,0.832585,0.00961,0.00068,0.81795,0.8254,0.83215,0.83975,0.85141,4.0e-5,9.0e-5,6.0e-6,0.0,0.0,0.0,0.0001,0.0003,0.832664,0.0096,0.000679,0.81795,0.8256,0.83215,0.83985,0.85141
179.0,0.167331,0.0096,0.000679,0.14859,0.16015,0.16785,0.1744,0.18205,4.0e-5,9.0e-5,6.0e-6,0.0,0.0,0.0,0.0,0.0003,2.0e-5,6.0e-5,4.0e-6,0.0,0.0,0.0,0.0,0.0002,2.0e-5,6.0e-5,4.0e-6,0.0,0.0,0.0,0.0,0.0001,0.83259,0.00961,0.00068,0.81795,0.8254,0.83215,0.83975,0.85141,4.0e-5,9.0e-5,6.0e-6,0.0,0.0,0.0,0.0,0.0003,0.832669,0.0096,0.000679,0.81795,0.8256,0.83215,0.83985,0.85141
179.5,0.167328,0.0096,0.000679,0.14859,0.16015,0.16785,0.1744,0.18205,3.9e-5,9.0e-5,6.0e-6,0.0,0.0,0.0,0.0,0.0003,2.0e-5,6.0e-5,4.0e-6,0.0,0.0,0.0,0.0,0.0002,1.8e-5,6.0e-5,4.0e-6,0.0,0.0,0.0,0.0,0.0001,0.832596,0.00961,0.000679,0.81795,0.8254,0.83215,0.83978,0.85141,3.8e-5,9.0e-5,6.0e-6,0.0,0.0,0.0,0.0,0.0003,0.832673,0.0096,0.000679,0.81795,0.8256,0.83215,0.83985,0.85141
180.0,0.167326,0.0096,0.000679,0.14859,0.16015,0.16785,0.1744,0.18205,3.9e-5,9.0e-5,7.0e-6,0.0,0.0,0.0,0.0,0.0002,2.0e-5,6.0e-5,4.0e-6,0.0,0.0,0.0,0.0,0.0002,1.8e-5,6.0e-5,4.0e-6,0.0,0.0,0.0,0.0,0.0001,0.832599,0.00961,0.00068,0.81795,0.8254,0.83215,0.83978,0.85141,3.7e-5,8.0e-5,6.0e-6,0.0,0.0,0.0,0.0,0.0003,0.832675,0.0096,0.000679,0.81795,0.8256,0.83215,0.83985,0.85141
180.5,0.167324,0.0096,0.000679,0.14859,0.16015,0.16785,0.1744,0.18205,3.6e-5,9.0e-5,6.0e-6,0.0,0.0,0.0,0.0,0.0002,1.7e-5,5.0e-5,4.0e-6,0.0,0.0,0.0,0.0,0.0002,1.7e-5,6.0e-5,4.0e-6,0.0,0.0,0.0,0.0,0.0001,0.832606,0.00961,0.000679,0.81795,0.82548,0.83215,0.83978,0.85141,3.4e-5,8.0e-5,6.0e-6,0.0,0.0,0.0,0.0,0.0002,0.832676,0.0096,0.000679,0.81795,0.8256,0.83215,0.83985,0.85141
181.0,0.167324,0.0096,0.000679,0.14859,0.16015,0.16785,0.1744,0.18205,3.3e-5,9.0e-5,6.0e-6,0.0,0.0,0.0,0.0,0.0002,1.7e-5,5.0e-5,4.0e-6,0.0,0.0,0.0,0.0,0.0002,1.8e-5,6.0e-5,4.0e-6,0.0,0.0,0.0,0.0,0.0002,0.832609,0.00961,0.00068,0.81795,0.82548,0.83215,0.83978,0.85141,3.5e-5,8.0e-5,6.0e-6,0.0,0.0,0.0,0.0,0.0002,0.832676,0.0096,0.000679,0.81795,0.8256,0.83215,0.83985,0.85141
181.5,0.16732,0.0096,0.000679,0.14859,0.16015,0.16785,0.1744,0.18205,3.4e-5,9.0e-5,6.0e-6,0.0,0.0,0.0,0.0,0.0002,1.7e-5,5.0e-5,4.0e-6,0.0,0.0,0.0,0.0,0.0002,1.6e-5,6.0e-5,4.0e-6,0.0,0.0,0.0,0.0,0.0001,0.832613,0.00961,0.00068,0.81795,0.82548,0.83215,0.83978,0.85141,3.4e-5,8.0e-5,6.0e-6,0.0,0.0,0.0,0.0,0.0002,0.83268,0.0096,0.000679,0.81795,0.8256,0.83215,0.83985,0.85141
182.0,0.16732,0.0096,0.000679,0.14859,0.16015,0.16785,0.1744,0.18205,3.2e-5,8.0e-5,6.0e-6,0.0,0.0,0.0,0.0,0.0002,1.4e-5,4.0e-5,3.0e-6,0.0,0.0,0.0,0.0,0.0002,1.7e-5,6.0e-5,4.0e-6,0.0,0.0,0.0,0.0,0.0001,0.832618,0.00961,0.00068,0.81795,0.82548,0.83215,0.83978,0.85141,3.1e-5,7.0e-5,5.0e-6,0.0,0.0,0.0,0.0,0.0002,0.832681,0.0096,0.000679,0.81795,0.8256,0.83215,0.83985,0.85141
182.5,0.167316,0.0096,0.000679,0.14859,0.16015,0.16785,0.1744,0.18205,3.0e-5,8.0e-5,6.0e-6,0.0,0.0,0.0,0.0,0.0002,1.5e-5,5.0e-5,3.0e-6,0.0,0.0,0.0,0.0,0.0002,1.7e-5,6.0e-5,4.0e-6,0.0,0.0,0.0,0.0,0.0001,0.832622,0.00961,0.000679,0.81795,0.8255,0.83215,0.83978,0.85141,3.2e-5,8.0e-5,6.0e-6,0.0,0.0,0.0,0.0,0.0002,0.832684,0.0096,0.000679,0.81795,0.8256,0.83215,0.83985,0.85141
183.0,0.167313,0.0096,0.000679,0.14859,0.16008,0.16785,0.1744,0.18205,3.1e-5,8.0e-5,6.0e-6,0.0,0.0,0.0,0.0,0.0002,1.5e-5,4.0e-5,3.0e-6,0.0,0.0,0.0,0.0,0.0001,1.8e-5,6.0e-5,4.0e-6,0.0,0.0,0.0,0.0,0.0002,0.832624,0.00961,0.000679,0.81795,0.8255,0.83215,0.83978,0.85141,3.3e-5,8.0e-5,5.0e-6,0.0,0.0,0.0,0.0,0.0002,0.832688,0.0096,0.000679,0.81795,0.8256,0.83215,0.83992,0.85141
183.5,0.167312,0.0096,0.000679,0.14859,0.16008,0.16785,0.1744,0.18205,2.9e-5,7.0e-5,5.0e-6,0.0,0.0,0.0,0.0,0.0002,1.4e-5,5.0e-5,3.0e-6,0.0,0.0,0.0,0.0,0.0001,1.8e-5,5.0e-5,4.0e-6,0.0,0.0,0.0,0.0,0.0002,0.832628,0.0096,0.000679,0.81795,0.8255,0.83215,0.83978,0.85141,3.2e-5,7.0e-5,5.0e-6,0.0,0.0,0.0,0.0,0.0002,0.832688,0.0096,0.000679,0.81795,0.8256,0.83215,0.83992,0.85141
184.0,0.167311,0.0096,0.000679,0.14859,0.16008,0.16785,0.1744,0.18205,2.9e-5,7.0e-5,5.0e-6,0.0,0.0,0.0,0.0,0.0002,1.2e-5,4.0e-5,3.0e-6,0.0,0.0,0.0,0.0,0.0001,1.7e-5,5.0e-5,4.0e-6,0.0,0.0,0.0,0.0,0.0002,0.832632,0.0096,0.000679,0.81795,0.8256,0.83215,0.83978,0.85141,2.9e-5,7.0e-5,5.0e-6,0.0,0.0,0.0,0.0,0.0002,0.83269,0.0096,0.000679,0.81795,0.8256,0.83215,0.83992,0.85141
184.5,0.16731,0.0096,0.000679,0.14859,0.16008,0.16785,0.1744,0.18205,2.6e-5,7.0e-5,5.0e-6,0.0,0.0,0.0,0.0,0.0002,1.2e-5,4.0e-5,3.0e-6,0.0,0.0,0.0,0.0,0.0001,1.6e-5,5.0e-5,3.0e-6,0.0,0.0,0.0,0.0,0.0001,0.832637,0.0096,0.000679,0.81795,0.8256,0.83215,0.83978,0.85141,2.8e-5,7.0e-5,5.0e-6,0.0,0.0,0.0,0.0,0.0002,0.83269,0.0096,0.000679,0.81795,0.8256,0.83215,0.83992,0.85141
185.0,0.167309,0.0096,0.000679,0.14859,0.16008,0.16785,0.1744,0.18205,2.5e-5,7.0e-5,5.0e-6,0.0,0.0,0.0,0.0,0.0002,1.2e-5,4.0e-5,3.0e-6,0.0,0.0,0.0,0.0,0.0001,1.4e-5,5.0e-5,3.0e-6,0.0,0.0,0.0,0.0,0.0001,0.832641,0.0096,0.000679,0.81795,0.8256,0.83215,0.83978,0.85141,2.6e-5,6.0e-5,4.0e-6,0.0,0.0,0.0,0.0,0.0002,0.832692,0.0096,0.000679,0.81795,0.8256,0.83215,0.83992,0.85141
185.5,0.167306,0.0096,0.000679,0.14859,0.16008,0.16785,0.1744,0.18205,2.4e-5,7.0e-5,5.0e-6,0.0,0.0,0.0,0.0,0.0002,1.1e-5,4.0e-5,3.0e-6,0.0,0.0,0.0,0.0,0.0001,1.4e-5,4.0e-5,3.0e-6,0.0,0.0,0.0,0.0,0.0001,0.832646,0.0096,0.000679,0.81795,0.8256,0.83215,0.83978,0.85141,2.5e-5,6.0e-5,4.0e-6,0.0,0.0,0.0,0.0,0.0002,0.832694,0.0096,0.000679,0.81795,0.8256,0.83215,0.83992,0.85141
186.0,0.167304,0.0096,0.000679,0.14859,0.16008,0.16785,0.1744,0.18205,2.5e-5,7.0e-5,5.0e-6,0.0,0.0,0.0,0.0,0.0002,1.1e-5,4.0e-5,3.0e-6,0.0,0.0,0.0,0.0,0.0001,1.2e-5,4.0e-5,3.0e-6,0.0,0.0,0.0,0.0,0.0001,0.832648,0.0096,0.000679,0.81795,0.8256,0.83215,0.83978,0.85141,2.3e-5,6.0e-5,4.0e-6,0.0,0.0,0.0,0.0,0.0002,0.832696,0.0096,0.000679,0.81795,0.8256,0.83215,0.83992,0.85141
186.5,0.167304,0.0096,0.000679,0.14859,0.16008,0.16785,0.1744,0.18205,2.5e-5,7.0e-5,5.0e-6,0.0,0.0,0.0,0.0,0.0002,1.0e-5,4.0e-5,3.0e-6,0.0,0.0,0.0,0.0,0.0001,1.2e-5,4.0e-5,3.0e-6,0.0,0.0,0.0,0.0,0.0001,0.83265,0.0096,0.000679,0.81795,0.8256,0.83215,0.83978,0.85141,2.2e-5,6.0e-5,4.0e-6,0.0,0.0,0.0,0.0,0.0002,0.832697,0.0096,0.000679,0.81795,0.8256,0.83215,0.83992,0.85141
187.0,0.167303,0.0096,0.000679,0.14859,0.16008,0.16785,0.1744,0.18205,2.4e-5,7.0e-5,5.0e-6,0.0,0.0,0.0,0.0,0.0002,1.1e-5,5.0e-5,3.0e-6,0.0,0.0,0.0,0.0,0.0001,1.2e-5,4.0e-5,3.0e-6,0.0,0.0,0.0,0.0,0.0001,0.832651,0.0096,0.000679,0.81795,0.8256,0.83215,0.83978,0.85141,2.3e-5,6.0e-5,4.0e-6,0.0,0.0,0.0,0.0,0.0002,0.832698,0.0096,0.000679,0.81795,0.8256,0.83215,0.83992,0.85141
187.5,0.167301,0.0096,0.000679,0.14859,0.16008,0.16785,0.1744,0.18205,2.4e-5,7.0e-5,5.0e-6,0.0,0.0,0.0,0.0,0.0002,1.0e-5,4.0e-5,3.0e-6,0.0,0.0,0.0,0.0,0.0001,1.1e-5,4.0e-5,3.0e-6,0.0,0.0,0.0,0.0,0.0001,0.832654,0.0096,0.000679,0.81795,0.8256,0.83215,0.83978,0.85141,2.1e-5,6.0e-5,4.0e-6,0.0,0.0,0.0,0.0,0.0002,0.832699,0.0096,0.000679,0.81795,0.8256,0.83215,0.83992,0.85141
188.0,0.1673,0.0096,0.000679,0.14859,0.16008,0.16785,0.1744,0.18205,2.4e-5,7.0e-5,5.0e-6,0.0,0.0,0.0,0.0,0.0002,1.1e-5,5.0e-5,3.0e-6,0.0,0.0,0.0,0.0,0.0001,1.1e-5,4.0e-5,2.0e-6,0.0,0.0,0.0,0.0,0.0001,0.832656,0.0096,0.000679,0.81795,0.8256,0.83215,0.83978,0.85141,2.1e-5,6.0e-5,4.0e-6,0.0,0.0,0.0,0.0,0.0002,0.8327,0.0096,0.000679,0.81795,0.8256,0.83215,0.83992,0.85141
188.5,0.167299,0.0096,0.000679,0.14859,0.16008,0.16785,0.1744,0.18205,2.2e-5,7.0e-5,5.0e-6,0.0,0.0,0.0,0.0,0.0002,1.1e-5,4.0e-5,3.0e-6,0.0,0.0,0.0,0.0,0.0001,1.1e-5,4.0e-5,3.0e-6,0.0,0.0,0.0,0.0,0.0001,0.832658,0.0096,0.000679,0.81795,0.8256,0.83215,0.83985,0.85141,2.2e-5,6.0e-5,4.0e-6,0.0,0.0,0.0,0.0,0.0002,0.832702,0.0096,0.000679,0.81795,0.8256,0.83215,0.83992,0.85141
189.0,0.167298,0.0096,0.000679,0.14859,0.16008,0.16785,0.1744,0.18205,2.2e-5,7.0e-5,5.0e-6,0.0,0.0,0.0,0.0,0.0002,1.0e-5,4.0e-5,3.0e-6,0.0,0.0,0.0,0.0,0.0001,1.0e-5,3.0e-5,2.0e-6,0.0,0.0,0.0,0.0,0.0001,0.832661,0.0096,0.000679,0.81795,0.8256,0.83215,0.83985,0.85141,1.9e-5,6.0e-5,4.0e-6,0.0,0.0,0.0,0.0,0.0001,0.832702,0.0096,0.000679,0.81795,0.8256,0.83215,0.83992,0.85141
189.5,0.167296,0.0096,0.000679,0.14859,0.16008,0.16785,0.1744,0.18205,2.3e-5,7.0e-5,5.0e-6,0.0,0.0,0.0,0.0,0.0002,7.0e-6,4.0e-5,3.0e-6,0.0,0.0,0.0,0.0,0.0001,9.0e-6,3.0e-5,2.0e-6,0.0,0.0,0.0,0.0,0.0001,0.832665,0.0096,0.000679,0.81795,0.8256,0.83215,0.83985,0.85141,1.6e-5,6.0e-5,4.0e-6,0.0,0.0,0.0,0.0,0.0001,0.832704,0.0096,0.000679,0.81795,0.8256,0.83215,0.83992,0.85141
190.0,0.167296,0.0096,0.000679,0.14859,0.16008,0.16785,0.1744,0.18205,2.2e-5,7.0e-5,5.0e-6,0.0,0.0,0.0,0.0,0.0002,7.0e-6,4.0e-5,3.0e-6,0.0,0.0,0.0,0.0,0.0001,9.0e-6,3.0e-5,2.0e-6,0.0,0.0,0.0,0.0,0.0001,0.832666,0.0096,0.000679,0.81795,0.8256,0.83215,0.83985,0.85141,1.6e-5,6.0e-5,4.0e-6,0.0,0.0,0.0,0.0,0.0001,0.832705,0.0096,0.000679,0.81795,0.8256,0.83215,0.83992,0.85141
190.5,0.167295,0.0096,0.000679,0.14859,0.16008,0.16785,0.1744,0.18205,2.0e-5,6.0e-5,4.0e-6,0.0,0.0,0.0,0.0,0.0002,1.0e-5,4.0e-5,3.0e-6,0.0,0.0,0.0,0.0,0.0001,9.0e-6,3.0e-5,2.0e-6,0.0,0.0,0.0,0.0,0.0001,0.832667,0.0096,0.000679,0.81795,0.8256,0.83215,0.83985,0.85141,1.9e-5,6.0e-5,5.0e-6,0.0,0.0,0.0,0.0,0.0001,0.832705,0.0096,0.000679,0.81795,0.8256,0.83215,0.83992,0.85141
191.0,0.167294,0.0096,0.000679,0.14859,0.16008,0.16785,0.1744,0.18205,1.9e-5,6.0e-5,4.0e-6,0.0,0.0,0.0,0.0,0.0002,8.0e-6,4.0e-5,3.0e-6,0.0,0.0,0.0,0.0,0.0001,8.0e-6,3.0e-5,2.0e-6,0.0,0.0,0.0,0.0,0.0001,0.83267,0.0096,0.000679,0.81795,0.8256,0.83215,0.83992,0.85141,1.7e-5,6.0e-5,4.0e-6,0.0,0.0,0.0,0.0,0.0001,0.832706,0.0096,0.000679,0.81795,0.8256,0.83215,0.83992,0.85141
191.5,0.167294,0.0096,0.000679,0.14859,0.16008,0.16785,0.1744,0.18205,1.5e-5,5.0e-5,4.0e-6,0.0,0.0,0.0,0.0,0.0001,1.1e-5,5.0e-5,4.0e-6,0.0,0.0,0.0,0.0,0.0001,9.0e-6,4.0e-5,3.0e-6,0.0,0.0,0.0,0.0,0.0001,0.832671,0.0096,0.000679,0.81795,0.8256,0.83215,0.83992,0.85141,2.0e-5,8.0e-5,5.0e-6,0.0,0.0,0.0,0.0,0.0001,0.832706,0.0096,0.000679,0.81795,0.8256,0.83215,0.83992,0.85141
192.0,0.167293,0.0096,0.000679,0.14859,0.16008,0.16785,0.1744,0.18205,1.5e-5,5.0e-5,4.0e-6,0.0,0.0,0.0,0.0,0.0001,1.0e-5,5.0e-5,4.0e-6,0.0,0.0,0.0,0.0,0.0001,8.0e-6,3.0e-5,2.0e-6,0.0,0.0,0.0,0.0,0.0001,0.832673,0.00959,0.000678,0.81795,0.8256,0.83215,0.83992,0.85141,1.9e-5,7.0e-5,5.0e-6,0.0,0.0,0.0,0.0,0.0001,0.832707,0.0096,0.000679,0.81795,0.8256,0.83215,0.83992,0.85141
192.5,0.167292,0.0096,0.000679,0.14859,0.16008,0.16785,0.1744,0.18205,1.5e-5,5.0e-5,4.0e-6,0.0,0.0,0.0,0.0,0.0001,8.0e-6,5.0e-5,3.0e-6,0.0,0.0,0.0,0.0,0.0001,8.0e-6,3.0e-5,2.0e-6,0.0,0.0,0.0,0.0,0.0001,0.832676,0.0096,0.000678,0.81795,0.8256,0.83215,0.83992,0.85141,1.6e-5,6.0e-5,4.0e-6,0.0,0.0,0.0,0.0,0.0001,0.832708,0.0096,0.000679,0.81795,0.8256,0.83215,0.83992,0.85141
193.0,0.167292,0.0096,0.000679,0.14859,0.16008,0.16785,0.1744,0.18205,1.6e-5,5.0e-5,4.0e-6,0.0,0.0,0.0,0.0,0.0001,8.0e-6,5.0e-5,3.0e-6,0.0,0.0,0.0,0.0,0.0001,8.0e-6,3.0e-5,2.0e-6,0.0,0.0,0.0,0.0,0.0001,0.832677,0.0096,0.000679,0.81795,0.8256,0.83215,0.83992,0.85141,1.6e-5,6.0e-5,4.0e-6,0.0,0.0,0.0,0.0,0.0001,0.832709,0.0096,0.000679,0.81795,0.8256,0.83215,0.83992,0.85141
193.5,0.16729,0.0096,0.000679,0.14859,0.16008,0.16785,0.1744,0.18205,1.6e-5,6.0e-5,4.0e-6,0.0,0.0,0.0,0.0,0.0001,8.0e-6,4.0e-5,3.0e-6,0.0,0.0,0.0,0.0,0.0001,6.0e-6,3.0e-5,2.0e-6,0.0,0.0,0.0,0.0,0.0001,0.83268,0.00959,0.000678,0.81795,0.8256,0.83215,0.83992,0.85141,1.4e-5,5.0e-5,4.0e-6,0.0,0.0,0.0,0.0,0.0001,0.83271,0.0096,0.000679,0.81795,0.8256,0.83215,0.83992,0.85141
194.0,0.167289,0.0096,0.000679,0.14859,0.16008,0.16785,0.1744,0.18205,1.6e-5,6.0e-5,4.0e-6,0.0,0.0,0.0,0.0,0.0001,7.0e-6,4.0e-5,3.0e-6,0.0,0.0,0.0,0.0,0.0001,6.0e-6,2.0e-5,2.0e-6,0.0,0.0,0.0,0.0,0.0001,0.832683,0.00959,0.000678,0.81795,0.8256,0.83215,0.83992,0.85141,1.3e-5,5.0e-5,4.0e-6,0.0,0.0,0.0,0.0,0.0001,0.832711,0.0096,0.000679,0.81795,0.8256,0.83215,0.83992,0.85141
194.5,0.167289,0.0096,0.000679,0.14859,0.16008,0.16785,0.1744,0.18205,1.5e-5,5.0e-5,4.0e-6,0.0,0.0,0.0,0.0,0.0001,8.0e-6,4.0e-5,3.0e-6,0.0,0.0,0.0,0.0,0.0001,6.0e-6,3.0e-5,2.0e-6,0.0,0.0,0.0,0.0,0.0001,0.832683,0.00959,0.000678,0.81795,0.8256,0.83215,0.83992,0.85141,1.4e-5,6.0e-5,4.0e-6,0.0,0.0,0.0,0.0,0.0001,0.832711,0.0096,0.000679,0.81795,0.8256,0.83215,0.83992,0.85141
195.0,0.167288,0.0096,0.000679,0.14859,0.16008,0.16785,0.1744,0.18205,1.4e-5,5.0e-5,4.0e-6,0.0,0.0,0.0,0.0,0.0001,8.0e-6,5.0e-5,3.0e-6,0.0,0.0,0.0,0.0,0.0001,6.0e-6,2.0e-5,2.0e-6,0.0,0.0,0.0,0.0,0.0001,0.832685,0.00959,0.000678,0.81795,0.8256,0.83215,0.83992,0.85141,1.4e-5,6.0e-5,5.0e-6,0.0,0.0,0.0,0.0,0.0001,0.832712,0.0096,0.000679,0.81795,0.8256,0.83215,0.83992,0.85141
195.5,0.167288,0.0096,0.000679,0.14859,0.16008,0.16785,0.1744,0.18205,1.2e-5,5.0e-5,3.0e-6,0.0,0.0,0.0,0.0,0.0001,7.0e-6,5.0e-5,3.0e-6,0.0,0.0,0.0,0.0,0.0001,7.0e-6,3.0e-5,2.0e-6,0.0,0.0,0.0,0.0,0.0001,0.832687,0.00959,0.000678,0.81795,0.8256,0.83215,0.83992,0.85141,1.4e-5,6.0e-5,5.0e-6,0.0,0.0,0.0,0.0,0.0001,0.832712,0.0096,0.000679,0.81795,0.8256,0.83215,0.83992,0.85141
196.0,0.167288,0.0096,0.000679,0.14859,0.16008,0.16785,0.1744,0.18205,1.1e-5,5.0e-5,3.0e-6,0.0,0.0,0.0,0.0,0.0001,7.0e-6,4.0e-5,3.0e-6,0.0,0.0,0.0,0.0,0.0001,6.0e-6,3.0e-5,2.0e-6,0.0,0.0,0.0,0.0,0.0001,0.832689,0.00959,0.000678,0.81795,0.8256,0.83215,0.83992,0.85141,1.2e-5,6.0e-5,4.0e-6,0.0,0.0,0.0,0.0,0.0001,0.832712,0.0096,0.000679,0.81795,0.8256,0.83215,0.83992,0.85141
196.5,0.167287,0.0096,0.000679,0.14859,0.16008,0.16785,0.1744,0.18205,1.1e-5,4.0e-5,3.0e-6,0.0,0.0,0.0,0.0,0.0001,8.0e-6,5.0e-5,3.0e-6,0.0,0.0,0.0,0.0,0.0001,5.0e-6,2.0e-5,2.0e-6,0.0,0.0,0.0,0.0,0.0001,0.83269,0.00959,0.000678,0.81795,0.8256,0.83215,0.83992,0.85141,1.3e-5,6.0e-5,4.0e-6,0.0,0.0,0.0,0.0,0.0001,0.832713,0.0096,0.000679,0.81795,0.8256,0.83215,0.83992,0.85141
197.0,0.167286,0.0096,0.000679,0.14859,0.16008,0.16785,0.1744,0.18205,8.0e-6,4.0e-5,3.0e-6,0.0,0.0,0.0,0.0,0.0001,8.0e-6,5.0e-5,3.0e-6,0.0,0.0,0.0,0.0,0.0001,5.0e-6,2.0e-5,2.0e-6,0.0,0.0,0.0,0.0,0.0001,0.832692,0.00959,0.000678,0.81795,0.8256,0.83215,0.83992,0.85141,1.4e-5,6.0e-5,4.0e-6,0.0,0.0,0.0,0.0,0.0001,0.832714,0.0096,0.000679,0.81795,0.8256,0.83215,0.83992,0.85141
197.5,0.167286,0.0096,0.000679,0.14859,0.16008,0.16785,0.1744,0.18205,8.0e-6,4.0e-5,3.0e-6,0.0,0.0,0.0,0.0,0.0001,8.0e-6,4.0e-5,3.0e-6,0.0,0.0,0.0,0.0,0.0001,4.0e-6,2.0e-5,2.0e-6,0.0,0.0,0.0,0.0,0.0001,0.832694,0.00959,0.000678,0.81795,0.8256,0.83215,0.83992,0.85141,1.3e-5,5.0e-5,4.0e-6,0.0,0.0,0.0,0.0,0.0001,0.832715,0.0096,0.000679,0.81795,0.8256,0.83215,0.83992,0.85141
198.0,0.167285,0.0096,0.000679,0.14859,0.16008,0.16785,0.1744,0.18205,8.0e-6,4.0e-5,3.0e-6,0.0,0.0,0.0,0.0,0.0001,8.0e-6,4.0e-5,3.0e-6,0.0,0.0,0.0,0.0,0.0001,4.0e-6,2.0e-5,1.0e-6,0.0,0.0,0.0,0.0,0.0001,0.832696,0.00959,0.000678,0.81795,0.8256,0.83215,0.83992,0.85141,1.2e-5,5.0e-5,4.0e-6,0.0,0.0,0.0,0.0,0.0001,0.832716,0.0096,0.000679,0.81795,0.8256,0.83215,0.83992,0.85141
198.5,0.167284,0.0096,0.000679,0.14859,0.16008,0.16785,0.1744,0.18205,8.0e-6,4.0e-5,3.0e-6,0.0,0.0,0.0,0.0,0.0001,7.0e-6,4.0e-5,3.0e-6,0.0,0.0,0.0,0.0,0.0001,3.0e-6,2.0e-5,1.0e-6,0.0,0.0,0.0,0.0,0.0001,0.832698,0.0096,0.000678,0.81795,0.8256,0.83215,0.83992,0.85141,1.0e-5,4.0e-5,3.0e-6,0.0,0.0,0.0,0.0,0.0001,0.832716,0.0096,0.000679,0.81795,0.8256,0.83215,0.83992,0.85141
199.0,0.167284,0.0096,0.000679,0.14859,0.16008,0.16785,0.1744,0.18205,7.0e-6,3.0e-5,2.0e-6,0.0,0.0,0.0,0.0,0.0001,8.0e-6,4.0e-5,3.0e-6,0.0,0.0,0.0,0.0,0.0001,3.0e-6,2.0e-5,1.0e-6,0.0,0.0,0.0,0.0,0.0001,0.832698,0.0096,0.000678,0.81795,0.8256,0.83215,0.83992,0.85141,1.1e-5,5.0e-5,3.0e-6,0.0,0.0,0.0,0.0,0.0001,0.832716,0.0096,0.000679,0.81795,0.8256,0.83215,0.83992,0.85141
199.5,0.167283,0.0096,0.000679,0.14859,0.16008,0.16785,0.1744,0.18205,7.0e-6,3.0e-5,2.0e-6,0.0,0.0,0.0,0.0,0.0001,8.0e-6,4.0e-5,3.0e-6,0.0,0.0,0.0,0.0,0.0001,4.0e-6,2.0e-5,1.0e-6,0.0,0.0,0.0,0.0,0.0001,0.832699,0.0096,0.000678,0.81795,0.8256,0.83215,0.83992,0.85141,1.1e-5,5.0e-5,4.0e-6,0.0,0.0,0.0,0.0,0.0001,0.832717,0.0096,0.000679,0.81795,0.8256,0.83215,0.83992,0.85141
200.0,0.167283,0.0096,0.000679,0.14859,0.16008,0.16785,0.1744,0.18205,6.0e-6,3.0e-5,2.0e-6,0.0,0.0,0.0,0.0,0.0001,8.0e-6,4.0e-5,3.0e-6,0.0,0.0,0.0,0.0,0.0001,4.0e-6,2.0e-5,1.0e-6,0.0,0.0,0.0,0.0,0.0001,0.8327,0.0096,0.000678,0.81795,0.8256,0.83215,0.83992,0.85141,1.2e-5,5.0e-5,4.0e-6,0.0,0.0,0.0,0.0,0.0001,0.832717,0.0096,0.000679,0.81795,0.8256,0.83215,0.83992,0.85141
