t,cond.S.mean,cond.S.sd,cond.S.se,cond.S.q025,cond.S.q25,cond.S.q50,cond.S.q75,cond.S.q975,cond.E.mean,cond.E.sd,cond.E.se,cond.E.q025,cond.E.q25,cond.E.q50,cond.E.q75,cond.E.q975,cond.I.mean,cond.I.sd,cond.I.se,cond.I.q025,cond.I.q25,cond.I.q50,cond.I.q75,cond.I.q975,cond.R.mean,cond.R.sd,cond.R.se,cond.R.q025,cond.R.q25,cond.R.q50,cond.R.q75,cond.R.q975,cond.infectious.mean,cond.infectious.sd,cond.infectious.se,cond.infectious.q025,cond.infectious.q25,cond.infectious.q50,cond.infectious.q75,cond.infectious.q975,cond.cumulative.mean,cond.cumulative.sd,cond.cumulative.se,cond.cumulative.q025,cond.cumulative.q25,cond.cumulative.q50,cond.cumulative.q75,cond.cumulative.q975
0.0,0.99,0.0,0.0,0.99,0.99,0.99,0.99,0.99,0.01,0.0,0.0,0.01,0.01,0.01,0.01,0.01,0.0,0.0,0.0,0.0,0.0,0.0,0.0,0.0,0.0,0.0,0.0,0.0,0.0,0.0,0.0,0.0,0.0,0.0,0.0,0.0,0.0,0.0,0.0,0.0,0.01,0.0,0.0,0.01,0.01,0.01,0.01,0.01
0.5,0.989769,0.00017,1.2e-5,0.9893,0.9897,0.9898,0.9899,0.99,0.009245,0.00026,1.9e-5,0.0087,0.0091,0.0093,0.0094,0.0097,0.000933,0.00029,2.0e-5,0.0004,0.0007,0.0009,0.0011,0.0015,5.3e-5,7.0e-5,5.0e-6,0.0,0.0,0.0,0.0001,0.0002,0.000933,0.00029,2.0e-5,0.0004,0.0007,0.0009,0.0011,0.0015,0.010231,0.00017,1.2e-5,0.01,0.0101,0.0102,0.0103,0.0107
1.0,0.989206,0.00034,2.4e-5,0.9884,0.989,0.9892,0.9894,0.9898,0.008921,0.00034,2.4e-5,0.0082,0.0087,0.00895,0.0092,0.0095,0.001643,0.00034,2.4e-5,0.0009,0.0014,0.00165,0.0019,0.0023,0.00023,0.00015,1.0e-5,0.0,0.0001,0.0002,0.0003,0.0005,0.001643,0.00034,2.4e-5,0.0009,0.0014,0.00165,0.0019,0.0023,0.010795,0.00034,2.4e-5,0.0102,0.0106,0.0108,0.011,0.0116
1.5,0.988334,0.0005,3.5e-5,0.9874,0.988,0.9884,0.98863,0.9892,0.008866,0.00046,3.2e-5,0.0079,0.0086,0.0088,0.0091,0.0098,0.002329,0.00045,3.2e-5,0.0014,0.00208,0.0023,0.0026,0.0033,0.000471,0.0002,1.4e-5,0.0001,0.0003,0.0005,0.0006,0.0009,0.002329,0.00045,3.2e-5,0.0014,0.00208,0.0023,0.0026,0.0033,0.011665,0.0005,3.5e-5,0.0108,0.01138,0.0116,0.012,0.0126
2.0,0.987215,0.00069,4.9e-5,0.9857,0.9868,0.9872,0.9877,0.9884,0.009106,0.00047,3.3e-5,0.0082,0.0088,0.009,0.0094,0.01,0.002884,0.00051,3.6e-5,0.0019,0.0026,0.0029,0.0032,0.0039,0.000796,0.00029,2.0e-5,0.0002,0.0006,0.0008,0.001,0.0013,0.002884,0.00051,3.6e-5,0.0019,0.0026,0.0029,0.0032,0.0039,0.012786,0.00069,4.9e-5,0.0116,0.0123,0.0128,0.0132,0.0143
2.5,0.985962,0.00087,6.1e-5,0.9841,0.9854,0.986,0.9866,0.9874,0.009467,0.00057,4.1e-5,0.0085,0.009,0.0095,0.0098,0.0107,0.003391,0.00057,4.0e-5,0.0023,0.003,0.0033,0.0038,0.0047,0.00118,0.00035,2.5e-5,0.0004,0.001,0.0012,0.0014,0.0019,0.003391,0.00057,4.0e-5,0.0023,0.003,0.0033,0.0038,0.0047,0.014038,0.00087,6.1e-5,0.0126,0.0134,0.014,0.0146,0.0159
3.0,0.984525,0.00107,7.5e-5,0.9823,0.9838,0.9846,0.98532,0.9861,0.009958,0.0007,4.9e-5,0.0088,0.0094,0.01,0.0104,0.0114,0.003875,0.00064,4.5e-5,0.0027,0.0034,0.0039,0.00422,0.0052,0.001643,0.00041,2.9e-5,0.0009,0.0014,0.0016,0.0019,0.0026,0.003875,0.00064,4.5e-5,0.0027,0.0034,0.0039,0.00422,0.0052,0.015475,0.00107,7.5e-5,0.0139,0.01468,0.0154,0.0162,0.0177
3.5,0.982986,0.00122,8.6e-5,0.9805,0.98218,0.98305,0.9839,0.985,0.010453,0.00083,5.8e-5,0.009,0.0098,0.0104,0.011,0.012,0.004398,0.00067,4.8e-5,0.0031,0.004,0.0044,0.0048,0.0057,0.002164,0.00047,3.3e-5,0.0013,0.0019,0.0021,0.0025,0.0032,0.004398,0.00067,4.8e-5,0.0031,0.004,0.0044,0.0048,0.0057,0.017015,0.00122,8.6e-5,0.015,0.0161,0.01695,0.01782,0.0195
4.0,0.981324,0.00139,9.8e-5,0.97849,0.9804,0.9813,0.9823,0.9837,0.011017,0.00092,6.5e-5,0.0095,0.0103,0.011,0.0116,0.0131,0.00493,0.00073,5.2e-5,0.0033,0.0044,0.005,0.0054,0.0063,0.002729,0.00055,3.9e-5,0.0017,0.0024,0.0027,0.0031,0.0038,0.00493,0.00073,5.2e-5,0.0033,0.0044,0.005,0.0054,0.0063,0.018677,0.00139,9.8e-5,0.0163,0.0177,0.0187,0.0196,0.02151
4.5,0.979508,0.00157,0.000111,0.9764,0.9785,0.9795,0.98063,0.9826,0.011688,0.00102,7.2e-5,0.0099,0.011,0.0116,0.0123,0.0136,0.005456,0.00081,5.7e-5,0.004,0.0049,0.0055,0.0061,0.0069,0.003348,0.00061,4.3e-5,0.0023,0.003,0.00335,0.00372,0.0044,0.005456,0.00081,5.7e-5,0.004,0.0049,0.0055,0.0061,0.0069,0.020492,0.00157,0.000111,0.0174,0.01938,0.0205,0.0215,0.0236
5.0,0.977581,0.00178,0.000126,0.974,0.97658,0.97755,0.9787,0.9812,0.012406,0.00107,7.6e-5,0.0103,0.0118,0.0123,0.01313,0.0144,0.005932,0.00087,6.2e-5,0.0044,0.0053,0.006,0.0066,0.0075,0.004082,0.00065,4.6e-5,0.0029,0.0037,0.004,0.0045,0.0053,0.005932,0.00087,6.2e-5,0.0044,0.0053,0.006,0.0066,0.0075,0.022419,0.00178,0.000126,0.0188,0.0213,0.02245,0.02342,0.026
5.5,0.975596,0.00203,0.000144,0.9713,0.9743,0.9756,0.9768,0.97931,0.013108,0.00118,8.3e-5,0.011,0.0124,0.0131,0.0139,0.01551,0.00643,0.00093,6.6e-5,0.0048,0.0057,0.0064,0.0071,0.0083,0.004865,0.00074,5.2e-5,0.0037,0.0044,0.0048,0.0054,0.0064,0.00643,0.00093,6.6e-5,0.0048,0.0057,0.0064,0.0071,0.0083,0.024404,0.00203,0.000144,0.02069,0.0232,0.0244,0.0257,0.0287
6.0,0.973484,0.00228,0.000161,0.9688,0.9719,0.9736,0.9749,0.97771,0.013833,0.00132,9.3e-5,0.0113,0.013,0.0137,0.0147,0.01651,0.006999,0.00107,7.6e-5,0.0052,0.00618,0.007,0.0077,0.0092,0.005684,0.00083,5.9e-5,0.0044,0.0051,0.0056,0.0061,0.0075,0.006999,0.00107,7.6e-5,0.0052,0.00618,0.007,0.0077,0.0092,0.026516,0.00228,0.000161,0.02229,0.0251,0.0264,0.0281,0.0312
6.5,0.971241,0.00251,0.000178,0.96608,0.9697,0.9712,0.97292,0.9762,0.014673,0.00144,0.000102,0.012,0.0137,0.0146,0.0156,0.0178,0.00749,0.00116,8.2e-5,0.00559,0.0067,0.0074,0.0083,0.00981,0.006596,0.00087,6.2e-5,0.005,0.006,0.0066,0.0071,0.0085,0.00749,0.00116,8.2e-5,0.00559,0.0067,0.0074,0.0083,0.00981,0.028759,0.00251,0.000178,0.0238,0.02708,0.0288,0.0303,0.03392
7.0,0.96891,0.00272,0.000192,0.9631,0.9672,0.9691,0.9709,0.97401,0.015518,0.00154,0.000109,0.0125,0.0146,0.0154,0.0166,0.01831,0.007996,0.00123,8.7e-5,0.006,0.0071,0.00795,0.0088,0.0103,0.007576,0.00091,6.5e-5,0.0059,0.007,0.00755,0.0082,0.00941,0.007996,0.00123,8.7e-5,0.006,0.0071,0.00795,0.0088,0.0103,0.03109,0.00272,0.000192,0.02599,0.0291,0.0309,0.0328,0.0369
7.5,0.966457,0.00296,0.00021,0.96069,0.9643,0.9665,0.96832,0.9719,0.016409,0.00165,0.000117,0.01329,0.01538,0.0163,0.0175,0.01961,0.008535,0.00129,9.1e-5,0.0063,0.00768,0.0086,0.00922,0.0112,0.0086,0.00102,7.2e-5,0.0069,0.0078,0.0085,0.0093,0.0107,0.008535,0.00129,9.1e-5,0.0063,0.00768,0.0086,0.00922,0.0112,0.033543,0.00296,0.00021,0.0281,0.03167,0.0335,0.0357,0.03931
8.0,0.96385,0.00327,0.000231,0.9569,0.96158,0.964,0.96592,0.9694,0.017298,0.00183,0.000129,0.0141,0.01617,0.0171,0.0186,0.02101,0.00917,0.00136,9.6e-5,0.0068,0.0083,0.0091,0.01,0.0122,0.009681,0.00109,7.7e-5,0.0077,0.0089,0.0096,0.0104,0.012,0.00917,0.00136,9.6e-5,0.0068,0.0083,0.0091,0.01,0.0122,0.03615,0.00327,0.000231,0.0306,0.03408,0.036,0.03842,0.0431
8.5,0.961218,0.00363,0.000257,0.95358,0.9587,0.9615,0.9637,0.96702,0.018181,0.00205,0.000145,0.01439,0.0168,0.01805,0.0196,0.0226,0.009722,0.00135,9.5e-5,0.0074,0.00878,0.0097,0.0106,0.0128,0.010881,0.00118,8.4e-5,0.0087,0.01,0.0109,0.0116,0.0133,0.009722,0.00135,9.5e-5,0.0074,0.00878,0.0097,0.0106,0.0128,0.038782,0.00363,0.000257,0.03298,0.0363,0.0385,0.0413,0.04642
9.0,0.95844,0.00391,0.000276,0.94959,0.9558,0.95865,0.9612,0.965,0.019078,0.00214,0.000152,0.0155,0.01758,0.01885,0.02035,0.02371,0.010328,0.00146,0.000103,0.0077,0.00927,0.0104,0.0113,0.0135,0.012154,0.00128,9.0e-5,0.0099,0.0113,0.0121,0.01302,0.01481,0.010328,0.00146,0.000103,0.0077,0.00927,0.0104,0.0113,0.0135,0.04156,0.00391,0.000276,0.035,0.0388,0.04135,0.0442,0.05041
9.5,0.955586,0.00422,0.000299,0.94599,0.9528,0.95585,0.95822,0.9631,0.020014,0.00228,0.000161,0.01609,0.0184,0.0198,0.02153,0.02441,0.01092,0.00152,0.000107,0.0083,0.0098,0.0109,0.0119,0.0139,0.01348,0.00139,9.8e-5,0.011,0.0125,0.0133,0.0144,0.0164,0.01092,0.00152,0.000107,0.0083,0.0098,0.0109,0.0119,0.0139,0.044414,0.00422,0.000299,0.0369,0.04177,0.04415,0.0472,0.05401
10.0,0.952526,0.00451,0.000319,0.9421,0.94958,0.95265,0.95545,0.9603,0.021016,0.00236,0.000167,0.0169,0.0193,0.0208,0.0223,0.02621,0.01157,0.00158,0.000112,0.0085,0.01058,0.01165,0.01253,0.0145,0.014889,0.0015,0.000106,0.0121,0.0139,0.0147,0.01593,0.0178,0.01157,0.00158,0.000112,0.0085,0.01058,0.01165,0.01253,0.0145,0.047474,0.00451,0.000319,0.0397,0.04455,0.04735,0.05042,0.0579
10.5,0.949344,0.00486,0.000344,0.938,0.9463,0.94945,0.95282,0.9577,0.022047,0.00243,0.000172,0.01789,0.02038,0.0218,0.02352,0.02732,0.012245,0.00173,0.000122,0.009,0.0111,0.0122,0.0132,0.0156,0.016364,0.00165,0.000117,0.0132,0.0153,0.0163,0.0174,0.01971,0.012245,0.00173,0.000122,0.009,0.0111,0.0122,0.0132,0.0156,0.050656,0.00486,0.000344,0.0423,0.04718,0.05055,0.0537,0.062
11.0,0.946004,0.00525,0.000371,0.93398,0.94258,0.94645,0.94962,0.95521,0.023132,0.00259,0.000183,0.01849,0.02138,0.02295,0.025,0.0286,0.012919,0.0018,0.000127,0.0096,0.0119,0.0128,0.0139,0.0166,0.017945,0.00181,0.000128,0.0148,0.0168,0.0177,0.0193,0.0218,0.012919,0.0018,0.000127,0.0096,0.0119,0.0128,0.0139,0.0166,0.053996,0.00525,0.000371,0.04479,0.05038,0.05355,0.05742,0.06602
11.5,0.942574,0.0056,0.000396,0.92979,0.9391,0.9431,0.9465,0.95241,0.024187,0.00275,0.000195,0.01919,0.02238,0.0239,0.0259,0.0302,0.01361,0.00183,0.00013,0.01,0.0124,0.0136,0.0146,0.0175,0.01963,0.00195,0.000138,0.0163,0.01838,0.01945,0.0208,0.0239,0.01361,0.00183,0.00013,0.01,0.0124,0.0136,0.0146,0.0175,0.057425,0.0056,0.000396,0.04759,0.0535,0.0569,0.0609,0.07021
12.0,0.938991,0.00608,0.00043,0.9249,0.93538,0.9395,0.94312,0.94951,0.025268,0.00296,0.000209,0.02,0.0234,0.0251,0.0268,0.0317,0.014357,0.0019,0.000134,0.0107,0.0131,0.0144,0.0154,0.0184,0.021384,0.00215,0.000152,0.01779,0.0198,0.0212,0.0227,0.0262,0.014357,0.0019,0.000134,0.0107,0.0131,0.0144,0.0154,0.0184,0.061009,0.00608,0.00043,0.05049,0.05687,0.0605,0.06462,0.0751
12.5,0.935244,0.00641,0.000453,0.9209,0.9317,0.93565,0.93982,0.94681,0.026415,0.00303,0.000214,0.02109,0.0244,0.02605,0.0282,0.0331,0.015161,0.00191,0.000135,0.0116,0.0139,0.01525,0.0162,0.0191,0.02318,0.00237,0.000167,0.0192,0.0214,0.02295,0.02472,0.02841,0.015161,0.00191,0.000135,0.0116,0.0139,0.01525,0.0162,0.0191,0.064756,0.00641,0.000453,0.05319,0.06017,0.06435,0.0683,0.0791
13.0,0.931263,0.00679,0.00048,0.91678,0.92752,0.93175,0.93632,0.94311,0.027728,0.00312,0.00022,0.0222,0.02547,0.02765,0.0297,0.03441,0.015898,0.00204,0.000144,0.01209,0.0144,0.0158,0.0171,0.0202,0.025109,0.00252,0.000178,0.021,0.0233,0.0248,0.0268,0.03052,0.015898,0.00204,0.000144,0.01209,0.0144,0.0158,0.0171,0.0202,0.068736,0.00679,0.00048,0.05689,0.06368,0.06825,0.07248,0.08322
13.5,0.927196,0.00715,0.000506,0.91169,0.92288,0.9279,0.93242,0.93981,0.02899,0.00319,0.000225,0.0233,0.02688,0.02855,0.0311,0.03591,0.016673,0.00213,0.000151,0.0128,0.0153,0.0165,0.01792,0.02062,0.027141,0.00274,0.000194,0.0226,0.0251,0.0267,0.029,0.03291,0.016673,0.00213,0.000151,0.0128,0.0153,0.0165,0.01792,0.02062,0.072804,0.00715,0.000506,0.06019,0.06758,0.0721,0.07712,0.08831
14.0,0.922902,0.00756,0.000535,0.9071,0.91865,0.9235,0.92805,0.93554,0.030348,0.00325,0.00023,0.0244,0.028,0.0303,0.0323,0.03692,0.017537,0.00228,0.000161,0.0135,0.01588,0.0175,0.0189,0.02231,0.029212,0.00293,0.000207,0.0245,0.02708,0.0289,0.0313,0.03541,0.017537,0.00228,0.000161,0.0135,0.01588,0.0175,0.0189,0.02231,0.077098,0.00756,0.000535,0.06446,0.07195,0.0765,0.08135,0.0929
14.5,0.918372,0.00807,0.00057,0.90179,0.91395,0.9191,0.924,0.93202,0.031723,0.00344,0.000243,0.0253,0.02948,0.0315,0.03392,0.03851,0.018463,0.00247,0.000175,0.0142,0.0168,0.0182,0.02012,0.0239,0.031441,0.00306,0.000217,0.0264,0.02938,0.03115,0.03352,0.03821,0.018463,0.00247,0.000175,0.0142,0.0168,0.0182,0.02012,0.0239,0.081627,0.00807,0.00057,0.06798,0.076,0.0809,0.08605,0.09821
15.0,0.91366,0.00857,0.000606,0.89648,0.90895,0.91445,0.91992,0.92761,0.033124,0.00359,0.000254,0.02739,0.0306,0.0327,0.0356,0.0407,0.019421,0.00257,0.000181,0.01459,0.0177,0.0193,0.02112,0.02451,0.033796,0.00327,0.000231,0.0282,0.03145,0.03365,0.0361,0.0411,0.019421,0.00257,0.000181,0.01459,0.0177,0.0193,0.02112,0.02451,0.08634,0.00857,0.000606,0.07239,0.08008,0.08555,0.09105,0.10352
15.5,0.908737,0.0091,0.000643,0.89018,0.9033,0.90965,0.91532,0.92391,0.034663,0.00378,0.000267,0.0281,0.03195,0.0343,0.03722,0.04191,0.020321,0.0026,0.000184,0.0158,0.0186,0.0201,0.02182,0.0253,0.036278,0.00356,0.000251,0.03,0.03367,0.03625,0.03872,0.0437,0.020321,0.0026,0.000184,0.0158,0.0186,0.0201,0.02182,0.0253,0.091263,0.0091,0.000643,0.07609,0.08468,0.09035,0.0967,0.10982
16.0,0.903622,0.0097,0.000686,0.88438,0.89728,0.90405,0.91065,0.91923,0.036264,0.004,0.000283,0.0296,0.03367,0.0357,0.039,0.04441,0.021221,0.00269,0.00019,0.0164,0.0194,0.021,0.023,0.0265,0.038892,0.00385,0.000272,0.0324,0.03618,0.0388,0.04132,0.0469,0.021221,0.00269,0.00019,0.0164,0.0194,0.021,0.023,0.0265,0.096378,0.0097,0.000686,0.08077,0.08935,0.09595,0.10272,0.11562
16.5,0.898284,0.01031,0.000729,0.87808,0.89198,0.8987,0.9057,0.91464,0.037915,0.00419,0.000296,0.03079,0.03518,0.0375,0.0407,0.04671,0.02219,0.00287,0.000203,0.01699,0.0203,0.0221,0.02383,0.02801,0.04161,0.0041,0.00029,0.0348,0.03847,0.0417,0.0442,0.05011,0.02219,0.00287,0.000203,0.01699,0.0203,0.0221,0.02383,0.02801,0.101716,0.01031,0.000729,0.08536,0.0943,0.1013,0.10802,0.12192
17.0,0.892859,0.01084,0.000766,0.8712,0.88615,0.8935,0.9007,0.91092,0.039463,0.00435,0.000308,0.03219,0.03628,0.03895,0.0422,0.0478,0.023213,0.00296,0.00021,0.0177,0.0211,0.023,0.0249,0.029,0.044464,0.00437,0.000309,0.0375,0.04108,0.0445,0.0471,0.05351,0.023213,0.00296,0.00021,0.0177,0.0211,0.023,0.0249,0.029,0.107141,0.01084,0.000766,0.08908,0.0993,0.1065,0.11385,0.1288
17.5,0.887218,0.01145,0.000809,0.86488,0.88018,0.888,0.89545,0.90651,0.041035,0.00456,0.000322,0.0337,0.03775,0.04045,0.04422,0.0503,0.024257,0.00308,0.000218,0.0187,0.0221,0.0241,0.0261,0.0305,0.047491,0.00471,0.000333,0.03979,0.04415,0.04735,0.05025,0.05721,0.024257,0.00308,0.000218,0.0187,0.0221,0.0241,0.0261,0.0305,0.112782,0.01145,0.000809,0.09349,0.10455,0.112,0.11982,0.13512
18.0,0.881257,0.01209,0.000855,0.85769,0.8739,0.88225,0.88973,0.9015,0.042861,0.00471,0.000333,0.03499,0.03938,0.0424,0.0462,0.05152,0.025272,0.00329,0.000233,0.0195,0.023,0.0249,0.0274,0.03222,0.050611,0.00497,0.000352,0.04239,0.04698,0.05045,0.05342,0.06091,0.025272,0.00329,0.000233,0.0195,0.023,0.0249,0.0274,0.03222,0.118743,0.01209,0.000855,0.0985,0.11028,0.11775,0.1261,0.14231
18.5,0.875089,0.01283,0.000907,0.85049,0.86725,0.8759,0.88418,0.89662,0.044614,0.00494,0.00035,0.036,0.04118,0.04405,0.048,0.05442,0.026455,0.00342,0.000242,0.02069,0.02418,0.0263,0.02882,0.0334,0.053842,0.00531,0.000375,0.04488,0.05,0.05375,0.05692,0.06462,0.026455,0.00342,0.000242,0.02069,0.02418,0.0263,0.02882,0.0334,0.124911,0.01283,0.000907,0.10338,0.11582,0.1241,0.13275,0.14951
19.0,0.868618,0.01348,0.000953,0.8423,0.8603,0.8696,0.87835,0.89151,0.046413,0.00516,0.000365,0.03778,0.043,0.04565,0.04973,0.05662,0.027747,0.00354,0.00025,0.02149,0.02535,0.02775,0.03012,0.035,0.057222,0.00568,0.000401,0.04778,0.05318,0.0573,0.0606,0.0692,0.027747,0.00354,0.00025,0.02149,0.02535,0.02775,0.03012,0.035,0.131382,0.01348,0.000953,0.10849,0.12165,0.1304,0.1397,0.1577
19.5,0.862014,0.0141,0.000997,0.83538,0.85265,0.863,0.87222,0.88601,0.048217,0.00534,0.000377,0.03988,0.0443,0.0474,0.05188,0.0588,0.028964,0.00361,0.000255,0.02218,0.0266,0.0292,0.03135,0.0364,0.060805,0.00607,0.000429,0.05088,0.0563,0.0607,0.06432,0.0738,0.028964,0.00361,0.000255,0.02218,0.0266,0.0292,0.03135,0.0364,0.137986,0.0141,0.000997,0.11399,0.12778,0.137,0.14735,0.16463
20.0,0.855135,0.01485,0.00105,0.82687,0.84543,0.856,0.8665,0.88022,0.050158,0.00544,0.000385,0.04116,0.046,0.04965,0.05365,0.06041,0.030228,0.00385,0.000272,0.0233,0.0275,0.0302,0.0327,0.0384,0.064478,0.00641,0.000453,0.05329,0.0599,0.06445,0.06792,0.07752,0.030228,0.00385,0.000272,0.0233,0.0275,0.0302,0.0327,0.0384,0.144864,0.01485,0.00105,0.11978,0.1335,0.144,0.15458,0.17313
20.5,0.847982,0.01557,0.001101,0.81855,0.83805,0.84845,0.8592,0.87432,0.052177,0.00567,0.000401,0.0419,0.048,0.0517,0.05598,0.06303,0.031527,0.00399,0.000282,0.0244,0.0287,0.0314,0.03413,0.03952,0.068314,0.00681,0.000482,0.05639,0.06365,0.06855,0.07223,0.0825,0.031527,0.00399,0.000282,0.0244,0.0287,0.0314,0.03413,0.03952,0.152018,0.01557,0.001101,0.12568,0.1408,0.15155,0.16195,0.18145
21.0,0.840566,0.01629,0.001152,0.80909,0.8299,0.8412,0.85178,0.86784,0.054242,0.00585,0.000414,0.0441,0.0499,0.05395,0.05822,0.06571,0.032843,0.00408,0.000289,0.0255,0.03015,0.0328,0.0353,0.04047,0.07235,0.00723,0.000511,0.06049,0.06728,0.0722,0.0763,0.08672,0.032843,0.00408,0.000289,0.0255,0.03015,0.0328,0.0353,0.04047,0.159434,0.01629,0.001152,0.13216,0.14822,0.1588,0.1701,0.19091
21.5,0.833052,0.01698,0.001201,0.80008,0.82138,0.8339,0.8447,0.86241,0.056249,0.00599,0.000424,0.0456,0.0516,0.0558,0.06065,0.0682,0.034132,0.00414,0.000293,0.026,0.0313,0.034,0.03675,0.04182,0.076568,0.00771,0.000545,0.06388,0.07087,0.07635,0.08102,0.09181,0.034132,0.00414,0.000293,0.026,0.0313,0.034,0.03675,0.04182,0.166949,0.01698,0.001201,0.13759,0.1553,0.1661,0.17862,0.19992
22.0,0.825217,0.01781,0.001259,0.79017,0.8133,0.82615,0.83778,0.85534,0.058275,0.00622,0.00044,0.04728,0.0533,0.058,0.06255,0.07002,0.03559,0.00433,0.000306,0.0274,0.03248,0.0356,0.03842,0.04402,0.080919,0.0081,0.000573,0.06719,0.07518,0.08105,0.08583,0.0966,0.03559,0.00433,0.000306,0.0274,0.03248,0.0356,0.03842,0.04402,0.174783,0.01781,0.001259,0.14466,0.16222,0.17385,0.1867,0.20983
22.5,0.817108,0.01858,0.001314,0.78106,0.80418,0.81805,0.83052,0.84841,0.060418,0.00637,0.000451,0.0498,0.0555,0.05985,0.0653,0.07311,0.03697,0.00443,0.000313,0.02879,0.03378,0.037,0.03963,0.04492,0.085503,0.00864,0.000611,0.07068,0.0795,0.0854,0.08988,0.1029,0.03697,0.00443,0.000313,0.02879,0.03378,0.037,0.03963,0.04492,0.182891,0.01858,0.001314,0.15159,0.16948,0.18195,0.19582,0.21894
23.0,0.808711,0.01933,0.001367,0.77106,0.7948,0.80975,0.82235,0.8421,0.062671,0.0065,0.00046,0.05198,0.05808,0.06185,0.067,0.07561,0.038382,0.00449,0.000317,0.03068,0.0351,0.0382,0.0413,0.0464,0.090236,0.00917,0.000649,0.07508,0.08388,0.08985,0.09532,0.10911,0.038382,0.00449,0.000317,0.03068,0.0351,0.0382,0.0413,0.0464,0.191288,0.01933,0.001367,0.1579,0.17765,0.19025,0.2052,0.22894
23.5,0.800142,0.02009,0.00142,0.76108,0.78578,0.80125,0.8144,0.83444,0.064851,0.00671,0.000475,0.05419,0.0598,0.06425,0.06912,0.07658,0.03993,0.00452,0.00032,0.0311,0.03695,0.0396,0.04293,0.0483,0.095077,0.00969,0.000685,0.07859,0.0878,0.0949,0.10043,0.11421,0.03993,0.00452,0.00032,0.0311,0.03695,0.0396,0.04293,0.0483,0.199857,0.02009,0.00142,0.16556,0.1856,0.19875,0.21423,0.23892
24.0,0.791309,0.02082,0.001472,0.75226,0.77625,0.7929,0.80582,0.82794,0.067063,0.0067,0.000474,0.0556,0.06237,0.0667,0.07192,0.07844,0.041438,0.00479,0.000339,0.0325,0.0384,0.0414,0.0446,0.05101,0.10019,0.01023,0.000723,0.08279,0.09252,0.09975,0.10592,0.12011,0.041438,0.00479,0.000339,0.0325,0.0384,0.0414,0.0446,0.05101,0.208692,0.02082,0.001472,0.17206,0.19418,0.2071,0.22375,0.24774
24.5,0.782163,0.0216,0.001527,0.74164,0.7665,0.7839,0.7973,0.82025,0.069402,0.00676,0.000478,0.0575,0.0649,0.06875,0.07392,0.08142,0.042968,0.00489,0.000346,0.0343,0.03968,0.04255,0.0462,0.05204,0.105466,0.01085,0.000767,0.08658,0.09728,0.10475,0.11153,0.1268,0.042968,0.00489,0.000346,0.0343,0.03968,0.04255,0.0462,0.05204,0.217837,0.0216,0.001527,0.17975,0.2027,0.2161,0.2335,0.25836
25.0,0.77285,0.02247,0.001589,0.73046,0.75592,0.774,0.78862,0.81296,0.071578,0.00704,0.000497,0.0588,0.0663,0.0711,0.0764,0.08462,0.044625,0.00497,0.000352,0.0352,0.04148,0.04435,0.04795,0.0539,0.110947,0.0114,0.000806,0.09178,0.10278,0.1101,0.11692,0.13294,0.044625,0.00497,0.000352,0.0352,0.04148,0.04435,0.04795,0.0539,0.22715,0.02247,0.001589,0.18704,0.21137,0.226,0.24408,0.26954
25.5,0.763004,0.02332,0.001649,0.71798,0.74675,0.765,0.77968,0.80523,0.074125,0.00725,0.000512,0.0618,0.0688,0.0733,0.07883,0.0887,0.046207,0.00515,0.000364,0.03639,0.04285,0.0458,0.04962,0.05602,0.116663,0.01193,0.000843,0.0958,0.1084,0.11585,0.1229,0.14101,0.046207,0.00515,0.000364,0.03639,0.04285,0.0458,0.04962,0.05602,0.236996,0.02332,0.001649,0.19477,0.22032,0.235,0.25325,0.28202
26.0,0.753131,0.02413,0.001707,0.70751,0.7363,0.75505,0.77078,0.79577,0.076474,0.00722,0.00051,0.06469,0.07158,0.076,0.08122,0.09122,0.047791,0.00527,0.000373,0.03808,0.04452,0.0478,0.0511,0.05701,0.122604,0.01263,0.000893,0.10069,0.11385,0.12195,0.12958,0.14802,0.047791,0.00527,0.000373,0.03808,0.04452,0.0478,0.0511,0.05701,0.246869,0.02413,0.001707,0.20423,0.22922,0.24495,0.2637,0.29249
26.5,0.743018,0.02506,0.001772,0.69595,0.72575,0.7449,0.76075,0.7874,0.078841,0.00744,0.000526,0.06588,0.0739,0.0782,0.08383,0.09184,0.04954,0.00543,0.000384,0.03996,0.04588,0.04925,0.05332,0.0597,0.128601,0.01319,0.000933,0.10608,0.11952,0.12755,0.1361,0.15491,0.04954,0.00543,0.000384,0.03996,0.04588,0.04925,0.05332,0.0597,0.256982,0.02506,0.001772,0.2126,0.23925,0.2551,0.27425,0.30405
27.0,0.732755,0.0257,0.001817,0.68457,0.71375,0.73465,0.75102,0.77793,0.081101,0.00747,0.000528,0.06759,0.0757,0.08095,0.08633,0.09532,0.05118,0.00547,0.000387,0.04079,0.0477,0.05125,0.0548,0.0618,0.134964,0.01394,0.000985,0.11108,0.125,0.13375,0.1434,0.16281,0.05118,0.00547,0.000387,0.04079,0.0477,0.05125,0.0548,0.0618,0.267245,0.0257,0.001817,0.22207,0.24898,0.26535,0.28625,0.31543
27.5,0.722079,0.0265,0.001874,0.6737,0.70192,0.72425,0.74152,0.76853,0.083522,0.00767,0.000543,0.07,0.07808,0.08345,0.0894,0.0978,0.052987,0.00564,0.000398,0.04257,0.0493,0.0531,0.0569,0.06271,0.141412,0.01436,0.001016,0.11628,0.13118,0.1408,0.14972,0.1702,0.052987,0.00564,0.000398,0.04257,0.0493,0.0531,0.0569,0.06271,0.277921,0.0265,0.001874,0.23147,0.25848,0.27575,0.29807,0.3263
28.0,0.711329,0.02726,0.001928,0.66167,0.69182,0.7135,0.7316,0.75805,0.085763,0.00757,0.000535,0.07354,0.08023,0.086,0.0915,0.09962,0.054742,0.00587,0.000415,0.04428,0.0507,0.0547,0.05872,0.0661,0.148166,0.01493,0.001056,0.1213,0.13768,0.14715,0.15775,0.17831,0.054742,0.00587,0.000415,0.04428,0.0507,0.0547,0.05872,0.0661,0.288671,0.02726,0.001928,0.24195,0.2684,0.2865,0.30817,0.33833
28.5,0.700225,0.02797,0.001978,0.64896,0.67905,0.70285,0.7202,0.7495,0.088123,0.0075,0.00053,0.07619,0.08248,0.08835,0.09345,0.1019,0.0565,0.00613,0.000434,0.04458,0.0525,0.05605,0.06063,0.0685,0.155152,0.01551,0.001097,0.12689,0.1438,0.15445,0.16572,0.18564,0.0565,0.00613,0.000434,0.04458,0.0525,0.05605,0.06063,0.0685,0.299775,0.02797,0.001978,0.2505,0.2798,0.29715,0.32095,0.35104
29.0,0.689088,0.02869,0.002029,0.63638,0.66665,0.6917,0.70888,0.7408,0.090402,0.00755,0.000534,0.07779,0.08525,0.0903,0.0957,0.1048,0.058199,0.00612,0.000433,0.04677,0.05425,0.058,0.06282,0.07032,0.162311,0.0162,0.001145,0.1318,0.15095,0.1619,0.1726,0.19494,0.058199,0.00612,0.000433,0.04677,0.05425,0.058,0.06282,0.07032,0.310912,0.02869,0.002029,0.2592,0.29113,0.3083,0.33335,0.36362
29.5,0.677647,0.02933,0.002074,0.62359,0.65618,0.68075,0.69772,0.73183,0.092603,0.00752,0.000532,0.0799,0.0871,0.09235,0.09775,0.10651,0.06,0.00621,0.000439,0.04868,0.05608,0.05955,0.06428,0.07161,0.16975,0.01685,0.001191,0.1373,0.15787,0.169,0.1804,0.20391,0.06,0.00621,0.000439,0.04868,0.05608,0.05955,0.06428,0.07161,0.322353,0.02933,0.002074,0.26817,0.30228,0.31925,0.34382,0.37641
30.0,0.666131,0.02996,0.002118,0.6107,0.6436,0.66935,0.6868,0.72094,0.09473,0.00752,0.000531,0.08168,0.08918,0.0949,0.1005,0.109,0.061765,0.00624,0.000441,0.04979,0.0575,0.0613,0.06642,0.0727,0.177374,0.01742,0.001232,0.14439,0.16558,0.1769,0.18865,0.21172,0.061765,0.00624,0.000441,0.04979,0.0575,0.0613,0.06642,0.0727,0.333868,0.02996,0.002118,0.27906,0.3132,0.33065,0.3564,0.3893
30.5,0.654275,0.03057,0.002162,0.59619,0.63145,0.65635,0.6754,0.70923,0.096929,0.00753,0.000533,0.08367,0.09192,0.09715,0.10248,0.111,0.063651,0.0063,0.000446,0.05189,0.05905,0.0635,0.06852,0.07521,0.185145,0.01812,0.001281,0.15169,0.17215,0.1844,0.19737,0.22074,0.063651,0.0063,0.000446,0.05189,0.05905,0.0635,0.06852,0.07521,0.345725,0.03057,0.002162,0.29077,0.3246,0.34365,0.36855,0.40381
31.0,0.642316,0.03123,0.002208,0.58319,0.61815,0.64465,0.66315,0.69884,0.099088,0.00747,0.000528,0.085,0.0936,0.09915,0.10492,0.1136,0.065276,0.00637,0.00045,0.05307,0.0607,0.0651,0.07042,0.07622,0.19332,0.01875,0.001326,0.15986,0.18028,0.1927,0.2065,0.22921,0.065276,0.00637,0.00045,0.05307,0.0607,0.0651,0.07042,0.07622,0.357684,0.03123,0.002208,0.30116,0.33685,0.35535,0.38185,0.41681
31.5,0.630155,0.03182,0.00225,0.56998,0.60565,0.6337,0.65065,0.68688,0.101323,0.00747,0.000528,0.08739,0.09547,0.1014,0.10655,0.1159,0.066986,0.00637,0.000451,0.05508,0.0625,0.06695,0.0714,0.07881,0.201537,0.01947,0.001377,0.16684,0.18817,0.1998,0.2159,0.23881,0.066986,0.00637,0.000451,0.05508,0.0625,0.06695,0.0714,0.07881,0.369845,0.03182,0.00225,0.31311,0.34935,0.3663,0.39435,0.43002
32.0,0.617915,0.03241,0.002292,0.557,0.59255,0.62155,0.64013,0.67595,0.103382,0.00749,0.000529,0.08958,0.0978,0.10355,0.1091,0.11731,0.068665,0.00633,0.000447,0.05718,0.0641,0.0687,0.0733,0.08022,0.210038,0.02016,0.001426,0.17449,0.19638,0.2083,0.22465,0.24791,0.068665,0.00633,0.000447,0.05718,0.0641,0.0687,0.0733,0.08022,0.382085,0.03241,0.002292,0.32405,0.35987,0.37845,0.40745,0.44301
32.5,0.605691,0.03294,0.00233,0.54468,0.58035,0.60865,0.6271,0.66488,0.10531,0.00735,0.000519,0.0911,0.1002,0.1048,0.11103,0.1186,0.070158,0.00626,0.000443,0.05889,0.06608,0.06955,0.07485,0.0817,0.21884,0.02086,0.001475,0.18178,0.20415,0.21625,0.2339,0.25732,0.070158,0.00626,0.000443,0.05889,0.06608,0.06955,0.07485,0.0817,0.394309,0.03294,0.00233,0.33512,0.3729,0.39135,0.41965,0.45532
33.0,0.593304,0.03345,0.002365,0.53017,0.567,0.596,0.61603,0.65407,0.107089,0.00722,0.00051,0.09378,0.1021,0.10685,0.11262,0.11911,0.071794,0.00624,0.000441,0.05979,0.06768,0.0713,0.07612,0.08311,0.227812,0.02162,0.001529,0.18811,0.21235,0.22615,0.2442,0.2677,0.071794,0.00624,0.000441,0.05979,0.06768,0.0713,0.07612,0.08311,0.406695,0.03345,0.002365,0.34593,0.38397,0.404,0.433,0.46982
33.5,0.580832,0.0338,0.00239,0.51599,0.55353,0.5833,0.6045,0.64059,0.108763,0.007,0.000495,0.09547,0.10398,0.1085,0.11458,0.12082,0.073543,0.00626,0.000443,0.06129,0.06908,0.07375,0.07815,0.0852,0.236864,0.02228,0.001576,0.1959,0.22102,0.2352,0.25433,0.27712,0.073543,0.00626,0.000443,0.06129,0.06908,0.07375,0.07815,0.0852,0.419168,0.0338,0.00239,0.35941,0.3955,0.4167,0.44647,0.48401
34.0,0.568241,0.03416,0.002416,0.50376,0.54268,0.5711,0.59245,0.62771,0.110513,0.00673,0.000476,0.09858,0.10592,0.1103,0.1153,0.12212,0.075017,0.00638,0.000451,0.06349,0.07058,0.0756,0.07905,0.0875,0.24623,0.02282,0.001614,0.20432,0.23,0.2441,0.26358,0.28694,0.075017,0.00638,0.000451,0.06349,0.07058,0.0756,0.07905,0.0875,0.431759,0.03416,0.002416,0.3723,0.40755,0.4289,0.45732,0.49624
34.5,0.555655,0.03456,0.002444,0.48937,0.5301,0.5575,0.5795,0.6168,0.111971,0.00646,0.000457,0.10069,0.10745,0.11175,0.11682,0.1243,0.076783,0.00642,0.000454,0.06547,0.0727,0.0773,0.0811,0.08891,0.255591,0.02348,0.001661,0.21137,0.23942,0.25345,0.27365,0.29824,0.076783,0.00642,0.000454,0.06547,0.0727,0.0773,0.0811,0.08891,0.444345,0.03456,0.002444,0.3832,0.4205,0.4425,0.4699,0.51063
35.0,0.543018,0.03482,0.002462,0.47548,0.5173,0.5456,0.56752,0.60451,0.113369,0.00628,0.000444,0.10258,0.10908,0.1129,0.11777,0.12461,0.078401,0.00616,0.000435,0.0657,0.07378,0.07875,0.08252,0.09041,0.265212,0.02427,0.001716,0.21979,0.24832,0.26345,0.28345,0.31003,0.078401,0.00616,0.000435,0.0657,0.07378,0.07875,0.08252,0.09041,0.456982,0.03482,0.002462,0.39549,0.43248,0.4544,0.4827,0.52452
35.5,0.53029,0.0351,0.002482,0.46188,0.50417,0.5333,0.55513,0.59085,0.114782,0.00603,0.000426,0.1035,0.1105,0.11455,0.11905,0.12661,0.079766,0.00606,0.000428,0.06847,0.07528,0.0796,0.0839,0.09123,0.275162,0.02494,0.001763,0.22984,0.25777,0.27315,0.29345,0.3225,0.079766,0.00606,0.000428,0.06847,0.07528,0.0796,0.0839,0.09123,0.46971,0.0351,0.002482,0.40915,0.44488,0.4667,0.49582,0.53812
36.0,0.517558,0.03529,0.002495,0.44955,0.4916,0.52015,0.54185,0.57902,0.115845,0.00576,0.000407,0.1041,0.11185,0.1158,0.1201,0.12543,0.081394,0.00589,0.000417,0.0699,0.0774,0.0815,0.08493,0.09291,0.285204,0.02568,0.001816,0.23807,0.26775,0.283,0.30462,0.3337,0.081394,0.00589,0.000417,0.0699,0.0774,0.0815,0.08493,0.09291,0.482442,0.03529,0.002495,0.42098,0.45815,0.47985,0.5084,0.55045
36.5,0.504824,0.03541,0.002504,0.4359,0.47772,0.50695,0.52998,0.56669,0.117071,0.00555,0.000393,0.1069,0.1133,0.1171,0.12113,0.1271,0.082589,0.0059,0.000417,0.07149,0.0782,0.0829,0.08612,0.09392,0.295517,0.02621,0.001853,0.246,0.27698,0.29355,0.31488,0.34441,0.082589,0.0059,0.000417,0.07149,0.0782,0.0829,0.08612,0.09392,0.495176,0.03541,0.002504,0.43331,0.47002,0.49305,0.52228,0.5641
37.0,0.492252,0.03555,0.002514,0.42526,0.46452,0.49435,0.51732,0.55449,0.11781,0.00519,0.000367,0.10729,0.11477,0.1175,0.12185,0.1265,0.083994,0.00588,0.000416,0.0732,0.08,0.08425,0.08815,0.09492,0.305944,0.02678,0.001894,0.25567,0.28717,0.30305,0.32533,0.35545,0.083994,0.00588,0.000416,0.0732,0.08,0.08425,0.08815,0.09492,0.507748,0.03555,0.002514,0.44551,0.48268,0.50565,0.53547,0.57475
37.5,0.479617,0.03571,0.002525,0.41187,0.45225,0.4814,0.50525,0.54268,0.11867,0.0049,0.000347,0.10879,0.1157,0.1185,0.12215,0.12661,0.085222,0.00576,0.000407,0.07428,0.08158,0.0853,0.0891,0.09661,0.316491,0.02736,0.001935,0.26605,0.29765,0.3142,0.33642,0.36791,0.085222,0.00576,0.000407,0.07428,0.08158,0.0853,0.0891,0.09661,0.520383,0.03571,0.002525,0.45732,0.49475,0.5186,0.54775,0.58813
38.0,0.467135,0.03563,0.00252,0.40044,0.4409,0.4693,0.4921,0.53015,0.119211,0.00468,0.000331,0.10998,0.11625,0.1194,0.12242,0.12742,0.086464,0.00552,0.00039,0.07579,0.08315,0.0864,0.09015,0.0969,0.327191,0.028,0.00198,0.27493,0.308,0.32475,0.3478,0.37992,0.086464,0.00552,0.00039,0.07579,0.08315,0.0864,0.09015,0.0969,0.532865,0.03563,0.00252,0.46985,0.5079,0.5307,0.5591,0.59956
38.5,0.45471,0.03546,0.002507,0.38856,0.42855,0.45715,0.48085,0.51777,0.119718,0.00443,0.000314,0.11078,0.1168,0.1199,0.1229,0.128,0.087509,0.00529,0.000374,0.0776,0.0841,0.0874,0.09112,0.09772,0.338063,0.02861,0.002023,0.28522,0.31873,0.33525,0.35882,0.39103,0.087509,0.00529,0.000374,0.0776,0.0841,0.0874,0.09112,0.09772,0.54529,0.03546,0.002507,0.48223,0.51915,0.54285,0.57145,0.61144
39.0,0.442373,0.03526,0.002494,0.37679,0.41705,0.4455,0.4676,0.50652,0.120072,0.00413,0.000292,0.1118,0.11727,0.12,0.12292,0.1283,0.088531,0.00508,0.000359,0.0789,0.08475,0.0889,0.09212,0.09792,0.349025,0.02918,0.002063,0.29404,0.32895,0.346,0.37,0.4034,0.088531,0.00508,0.000359,0.0789,0.08475,0.0889,0.09212,0.09792,0.557628,0.03526,0.002494,0.49348,0.5324,0.5545,0.58295,0.62321
39.5,0.430251,0.03496,0.002472,0.36561,0.404,0.433,0.4557,0.49298,0.120238,0.00399,0.000282,0.11098,0.11785,0.12025,0.123,0.12772,0.08929,0.00497,0.000352,0.0793,0.086,0.08925,0.09252,0.0989,0.360221,0.02959,0.002093,0.30258,0.33962,0.35765,0.38232,0.41571,0.08929,0.00497,0.000352,0.0793,0.086,0.08925,0.09252,0.0989,0.56975,0.03496,0.002472,0.50702,0.5443,0.567,0.596,0.63439
40.0,0.418202,0.03472,0.002455,0.35401,0.3923,0.42145,0.44218,0.48239,0.120254,0.0038,0.000269,0.11208,0.1177,0.12005,0.1228,0.1281,0.090038,0.00509,0.00036,0.07967,0.08698,0.09015,0.0933,0.09971,0.371506,0.02984,0.00211,0.31378,0.35128,0.3687,0.3936,0.42724,0.090038,0.00509,0.00036,0.07967,0.08698,0.09015,0.0933,0.09971,0.581798,0.03472,0.002455,0.51762,0.55782,0.57855,0.6077,0.64599
40.5,0.406398,0.03456,0.002444,0.34105,0.3809,0.4093,0.4302,0.47041,0.120076,0.00378,0.000268,0.11239,0.1176,0.11985,0.12255,0.12771,0.090701,0.00484,0.000343,0.08029,0.08748,0.091,0.09375,0.0994,0.382826,0.03031,0.002143,0.3239,0.3612,0.37985,0.40432,0.44011,0.090701,0.00484,0.000343,0.08029,0.08748,0.091,0.09375,0.0994,0.593602,0.03456,0.002444,0.52959,0.5698,0.5907,0.6191,0.65895
41.0,0.394752,0.03424,0.002421,0.33161,0.36898,0.3975,0.41758,0.45689,0.119697,0.00389,0.000275,0.1119,0.1171,0.1194,0.12182,0.1278,0.091436,0.00474,0.000335,0.0819,0.08838,0.0914,0.0946,0.1001,0.394114,0.03062,0.002165,0.33567,0.37182,0.39145,0.4165,0.45065,0.091436,0.00474,0.000335,0.0819,0.08838,0.0914,0.0946,0.1001,0.605247,0.03424,0.002421,0.54311,0.58242,0.6025,0.63102,0.66839
41.5,0.38318,0.03394,0.0024,0.32058,0.35782,0.3853,0.40682,0.44383,0.119208,0.00387,0.000274,0.11258,0.1167,0.1188,0.1218,0.1271,0.091924,0.00449,0.000318,0.0835,0.0888,0.0919,0.09503,0.10001,0.405687,0.03103,0.002194,0.3459,0.38362,0.40245,0.4281,0.46316,0.091924,0.00449,0.000318,0.0835,0.0888,0.0919,0.09503,0.10001,0.61682,0.03394,0.0024,0.55617,0.59318,0.6147,0.64218,0.67942
42.0,0.371945,0.03365,0.00238,0.31067,0.3464,0.374,0.39522,0.43274,0.118537,0.00401,0.000283,0.11119,0.11575,0.11815,0.12092,0.1263,0.092216,0.00438,0.000309,0.08359,0.0891,0.09225,0.09503,0.1012,0.417302,0.03143,0.002222,0.35735,0.39582,0.4133,0.4403,0.47586,0.092216,0.00438,0.000309,0.08359,0.0891,0.09225,0.09503,0.1012,0.628055,0.03365,0.00238,0.56726,0.60478,0.626,0.6536,0.68933
42.5,0.360812,0.03314,0.002344,0.30093,0.33615,0.36245,0.38402,0.42122,0.117773,0.004,0.000283,0.1108,0.11498,0.11755,0.12075,0.1257,0.092656,0.00429,0.000303,0.08479,0.0895,0.09265,0.09562,0.1015,0.428759,0.03168,0.00224,0.36815,0.40748,0.4251,0.45188,0.48759,0.092656,0.00429,0.000303,0.08479,0.0895,0.09265,0.09562,0.1015,0.639189,0.03314,0.002344,0.57878,0.61597,0.63755,0.66385,0.69907
43.0,0.349968,0.03251,0.002299,0.28969,0.32583,0.35145,0.37215,0.40832,0.116746,0.00398,0.000281,0.1096,0.11398,0.1166,0.1197,0.12392,0.093083,0.00417,0.000295,0.08508,0.09038,0.09285,0.0958,0.1029,0.440203,0.03195,0.002259,0.37948,0.41792,0.43615,0.464,0.49947,0.093083,0.00417,0.000295,0.08508,0.09038,0.09285,0.0958,0.1029,0.650032,0.03251,0.002299,0.59168,0.62785,0.64855,0.67418,0.71031
43.5,0.339276,0.03188,0.002254,0.28018,0.31483,0.3404,0.36095,0.39651,0.115798,0.00413,0.000292,0.1081,0.11248,0.11585,0.11882,0.12312,0.093062,0.00408,0.000288,0.08489,0.0903,0.0931,0.0957,0.1014,0.451864,0.03213,0.002272,0.39088,0.42965,0.44795,0.4763,0.51225,0.093062,0.00408,0.000288,0.08489,0.0903,0.0931,0.0957,0.1014,0.660724,0.03188,0.002254,0.60349,0.63905,0.6596,0.68518,0.71982
44.0,0.329012,0.03123,0.002208,0.27017,0.30508,0.3301,0.35018,0.38498,0.11441,0.00432,0.000306,0.10669,0.11108,0.11425,0.11752,0.123,0.09317,0.00397,0.00028,0.0854,0.0905,0.093,0.0959,0.10112,0.463409,0.03226,0.002281,0.40289,0.44128,0.46015,0.4881,0.52451,0.09317,0.00397,0.00028,0.0854,0.0905,0.093,0.0959,0.10112,0.670988,0.03123,0.002208,0.61502,0.64982,0.6699,0.69492,0.72983
44.5,0.318891,0.03052,0.002158,0.26129,0.29475,0.3201,0.33932,0.37355,0.113096,0.00455,0.000322,0.1048,0.10978,0.11285,0.11662,0.12161,0.092956,0.004,0.000283,0.0855,0.09018,0.09265,0.09603,0.10133,0.475057,0.03241,0.002291,0.4137,0.45238,0.47275,0.50048,0.53524,0.092956,0.004,0.000283,0.0855,0.09018,0.09265,0.09603,0.10133,0.681109,0.03052,0.002158,0.62645,0.66068,0.6799,0.70525,0.73871
45.0,0.308987,0.02978,0.002106,0.25268,0.2858,0.3102,0.32885,0.36272,0.111686,0.00486,0.000344,0.1027,0.10828,0.1115,0.1153,0.12051,0.092572,0.00388,0.000274,0.08568,0.0897,0.0922,0.0952,0.10043,0.486756,0.03242,0.002292,0.42705,0.46458,0.48315,0.51205,0.54666,0.092572,0.00388,0.000274,0.08568,0.0897,0.0922,0.0952,0.10043,0.691014,0.02978,0.002106,0.63728,0.67115,0.6898,0.7142,0.74732
45.5,0.299262,0.02913,0.00206,0.24428,0.27668,0.3006,0.31858,0.35053,0.110226,0.00492,0.000348,0.10138,0.1069,0.11,0.114,0.11885,0.092315,0.00387,0.000273,0.08509,0.08988,0.09185,0.09482,0.10071,0.498197,0.03244,0.002294,0.43817,0.47588,0.4943,0.5232,0.55816,0.092315,0.00387,0.000273,0.08509,0.08988,0.09185,0.09482,0.10071,0.700738,0.02913,0.00206,0.64947,0.68142,0.6994,0.72332,0.75572
46.0,0.289923,0.02837,0.002006,0.23696,0.26833,0.291,0.309,0.34081,0.108576,0.00524,0.000371,0.0976,0.10528,0.1087,0.1124,0.11771,0.091786,0.00391,0.000276,0.0857,0.0889,0.0916,0.094,0.10012,0.509716,0.03231,0.002285,0.44999,0.48738,0.5066,0.53492,0.57042,0.091786,0.00391,0.000276,0.0857,0.0889,0.0916,0.094,0.10012,0.710078,0.02837,0.002006,0.65919,0.691,0.709,0.73168,0.76304
46.5,0.280872,0.0277,0.001959,0.23029,0.25962,0.28185,0.29935,0.33112,0.106886,0.0055,0.000389,0.09579,0.10338,0.1068,0.1105,0.11702,0.091104,0.00391,0.000276,0.08509,0.0884,0.0908,0.0935,0.0993,0.521139,0.03226,0.002281,0.46019,0.4987,0.51745,0.54475,0.58116,0.091104,0.00391,0.000276,0.08509,0.0884,0.0908,0.0935,0.0993,0.719128,0.0277,0.001959,0.66888,0.70065,0.71815,0.74038,0.76971
47.0,0.272179,0.0271,0.001916,0.22282,0.25162,0.2725,0.29052,0.32112,0.105022,0.00561,0.000396,0.0931,0.1017,0.10505,0.10853,0.1146,0.090398,0.00381,0.000269,0.08359,0.0879,0.0902,0.0924,0.09872,0.532401,0.03214,0.002273,0.4716,0.5095,0.52855,0.5565,0.59221,0.090398,0.00381,0.000269,0.08359,0.0879,0.0902,0.0924,0.09872,0.727821,0.0271,0.001916,0.67888,0.70948,0.7275,0.74838,0.77718
47.5,0.263777,0.02639,0.001866,0.21495,0.24398,0.2642,0.2816,0.31021,0.103037,0.00568,0.000402,0.0911,0.09955,0.10335,0.10668,0.1131,0.089509,0.00406,0.000287,0.0824,0.08678,0.08955,0.09162,0.09792,0.543677,0.03204,0.002265,0.48448,0.52068,0.5409,0.56808,0.60275,0.089509,0.00406,0.000287,0.0824,0.08678,0.08955,0.09162,0.09792,0.736223,0.02639,0.001866,0.68978,0.7184,0.7358,0.75602,0.78505
48.0,0.25555,0.02562,0.001811,0.20824,0.2362,0.2564,0.27302,0.30043,0.101093,0.00588,0.000416,0.08849,0.09742,0.10175,0.1046,0.1122,0.088605,0.00415,0.000293,0.0808,0.08598,0.08865,0.09122,0.09632,0.554752,0.03193,0.002258,0.49536,0.53185,0.5522,0.57845,0.61472,0.088605,0.00415,0.000293,0.0808,0.08598,0.08865,0.09122,0.09632,0.74445,0.02562,0.001811,0.69958,0.72698,0.7436,0.7638,0.79176
48.5,0.247558,0.02484,0.001756,0.20281,0.22895,0.2487,0.26402,0.291,0.099101,0.00613,0.000433,0.08648,0.0949,0.09985,0.10267,0.11151,0.087676,0.00417,0.000295,0.0797,0.08478,0.08755,0.0908,0.0949,0.565664,0.03163,0.002237,0.50753,0.54292,0.5638,0.58935,0.626,0.087676,0.00417,0.000295,0.0797,0.08478,0.08755,0.0908,0.0949,0.752442,0.02484,0.001756,0.709,0.73598,0.7513,0.77105,0.79719
49.0,0.239944,0.02405,0.0017,0.19476,0.22188,0.24175,0.25605,0.28174,0.096912,0.00627,0.000444,0.08498,0.09218,0.0973,0.10105,0.1092,0.086711,0.00416,0.000294,0.07829,0.0836,0.087,0.0896,0.0933,0.576433,0.03126,0.002211,0.51884,0.55398,0.57515,0.6001,0.6353,0.086711,0.00416,0.000294,0.07829,0.0836,0.087,0.0896,0.0933,0.760056,0.02405,0.0017,0.71826,0.74395,0.75825,0.77812,0.80524
49.5,0.232602,0.02338,0.001653,0.18986,0.21442,0.2341,0.24815,0.27274,0.094698,0.00641,0.000453,0.08308,0.09007,0.09475,0.099,0.10751,0.085424,0.00429,0.000303,0.0771,0.0822,0.08585,0.0887,0.09241,0.587274,0.031,0.002192,0.52994,0.5657,0.5862,0.61132,0.6456,0.085424,0.00429,0.000303,0.0771,0.0822,0.08585,0.0887,0.09241,0.767397,0.02338,0.001653,0.72726,0.75185,0.7659,0.78557,0.81014
50.0,0.225588,0.02261,0.001599,0.18466,0.20788,0.22685,0.24032,0.26532,0.092242,0.00672,0.000475,0.07998,0.0873,0.09205,0.09682,0.10491,0.084295,0.00439,0.00031,0.07648,0.08078,0.08465,0.0874,0.0928,0.597874,0.03079,0.002177,0.54078,0.57647,0.5968,0.62142,0.65574,0.084295,0.00439,0.00031,0.07648,0.08078,0.08465,0.0874,0.0928,0.774411,0.02261,0.001599,0.73468,0.75968,0.77315,0.79212,0.81534
50.5,0.218802,0.02193,0.001551,0.18015,0.201,0.22,0.233,0.25772,0.089913,0.00673,0.000476,0.07738,0.08492,0.0901,0.0942,0.10221,0.082921,0.00461,0.000326,0.07478,0.07922,0.08335,0.08602,0.0916,0.608365,0.0305,0.002157,0.55342,0.58672,0.6066,0.63132,0.66485,0.082921,0.00461,0.000326,0.07478,0.07922,0.08335,0.08602,0.0916,0.781198,0.02193,0.001551,0.74228,0.767,0.78,0.799,0.81985
51.0,0.212289,0.02119,0.001498,0.17544,0.19522,0.21325,0.2257,0.25062,0.08747,0.00688,0.000486,0.07487,0.08278,0.0872,0.09202,0.10081,0.081586,0.00475,0.000336,0.0732,0.07808,0.08195,0.08485,0.0901,0.618655,0.03006,0.002125,0.5661,0.59762,0.6169,0.64132,0.67432,0.081586,0.00475,0.000336,0.0732,0.07808,0.08195,0.08485,0.0901,0.78771,0.02119,0.001498,0.74937,0.7743,0.78675,0.80478,0.82456
51.5,0.205907,0.02049,0.001449,0.16977,0.18918,0.20725,0.21908,0.24335,0.085157,0.00695,0.000491,0.07269,0.08005,0.0853,0.0898,0.09802,0.080288,0.00493,0.000348,0.07139,0.0766,0.08055,0.08362,0.0896,0.628648,0.02973,0.002102,0.57683,0.60758,0.62735,0.65182,0.68536,0.080288,0.00493,0.000348,0.07139,0.0766,0.08055,0.08362,0.0896,0.794093,0.02049,0.001449,0.75665,0.78093,0.79275,0.81082,0.83023
52.0,0.199824,0.01976,0.001397,0.16555,0.18338,0.20085,0.21258,0.23514,0.082932,0.00703,0.000497,0.0705,0.07812,0.0831,0.08752,0.09661,0.07866,0.00503,0.000355,0.06939,0.0751,0.0784,0.0823,0.0876,0.638584,0.02921,0.002065,0.58649,0.61875,0.6372,0.6609,0.69399,0.07866,0.00503,0.000355,0.06939,0.0751,0.0784,0.0823,0.0876,0.800176,0.01976,0.001397,0.76486,0.78742,0.79915,0.81662,0.83445
52.5,0.194042,0.01903,0.001346,0.16151,0.17882,0.1953,0.20615,0.22823,0.080533,0.00709,0.000502,0.06767,0.07538,0.08095,0.0858,0.09385,0.077147,0.00516,0.000365,0.0683,0.07338,0.0773,0.08112,0.08672,0.648278,0.02877,0.002034,0.59668,0.62822,0.64695,0.67092,0.70319,0.077147,0.00516,0.000365,0.0683,0.07338,0.0773,0.08112,0.08672,0.805958,0.01903,0.001346,0.77177,0.79385,0.8047,0.82118,0.8385
53.0,0.188513,0.01837,0.001299,0.15752,0.17418,0.18925,0.19952,0.22176,0.078061,0.00714,0.000505,0.06539,0.0726,0.0782,0.08305,0.09251,0.075581,0.00528,0.000373,0.0659,0.07158,0.07545,0.07972,0.08553,0.657845,0.0283,0.002001,0.6059,0.63847,0.6565,0.68045,0.71188,0.075581,0.00528,0.000373,0.0659,0.07158,0.07545,0.07972,0.08553,0.811486,0.01837,0.001299,0.77825,0.80048,0.81075,0.82582,0.84248
53.5,0.183248,0.01768,0.00125,0.15303,0.16948,0.1839,0.19445,0.2164,0.075664,0.00709,0.000501,0.0623,0.07055,0.0761,0.08033,0.08963,0.073953,0.00529,0.000374,0.06449,0.0702,0.0737,0.07785,0.0837,0.667134,0.0277,0.001958,0.61777,0.6487,0.6652,0.68915,0.71988,0.073953,0.00529,0.000374,0.06449,0.0702,0.0737,0.07785,0.0837,0.816752,0.01768,0.00125,0.7836,0.80555,0.8161,0.83052,0.84697
54.0,0.178132,0.01718,0.001215,0.14883,0.1647,0.1781,0.1891,0.21021,0.073378,0.007,0.000495,0.06,0.06825,0.07385,0.07765,0.08642,0.072229,0.00528,0.000373,0.06289,0.06818,0.07225,0.0764,0.0822,0.67626,0.02708,0.001915,0.62699,0.658,0.67505,0.69745,0.728,0.072229,0.00528,0.000373,0.06289,0.06818,0.07225,0.0764,0.0822,0.821868,0.01718,0.001215,0.78979,0.8109,0.8219,0.8353,0.85117
54.5,0.173313,0.01659,0.001173,0.14581,0.1601,0.1732,0.18373,0.20481,0.070991,0.0069,0.000488,0.0578,0.0662,0.0714,0.0757,0.08372,0.0705,0.00543,0.000384,0.06126,0.0668,0.07035,0.07423,0.08081,0.685196,0.02659,0.00188,0.63748,0.66702,0.68345,0.70648,0.73386,0.0705,0.00543,0.000384,0.06126,0.0668,0.07035,0.07423,0.08081,0.826687,0.01659,0.001173,0.79519,0.81628,0.8268,0.8399,0.85419
55.0,0.168637,0.01603,0.001133,0.14182,0.15638,0.16865,0.1791,0.19892,0.068673,0.00695,0.000491,0.05599,0.0638,0.06905,0.07312,0.08233,0.068822,0.00553,0.000391,0.05878,0.0647,0.0685,0.0725,0.0799,0.693869,0.02622,0.001854,0.64669,0.6757,0.69185,0.71527,0.7412,0.068822,0.00553,0.000391,0.05878,0.0647,0.0685,0.0725,0.0799,0.831363,0.01603,0.001133,0.80108,0.8209,0.83135,0.84362,0.85818
55.5,0.164102,0.01548,0.001095,0.13762,0.15253,0.1641,0.1741,0.19367,0.066405,0.00696,0.000492,0.05358,0.06105,0.0667,0.07105,0.0808,0.067106,0.00551,0.00039,0.0565,0.0633,0.0669,0.07132,0.0774,0.702386,0.02557,0.001808,0.65758,0.68477,0.7007,0.72275,0.74944,0.067106,0.00551,0.00039,0.0565,0.0633,0.0669,0.07132,0.0774,0.835898,0.01548,0.001095,0.80633,0.8259,0.8359,0.84748,0.86238
56.0,0.159917,0.01496,0.001058,0.13463,0.1483,0.15975,0.16932,0.18868,0.064118,0.00683,0.000483,0.05159,0.05865,0.0643,0.06912,0.07782,0.065244,0.0055,0.000389,0.05459,0.0613,0.0653,0.06892,0.07494,0.710722,0.02502,0.001769,0.66726,0.69323,0.70885,0.73045,0.75673,0.065244,0.0055,0.000389,0.05459,0.0613,0.0653,0.06892,0.07494,0.840083,0.01496,0.001058,0.81132,0.83068,0.84025,0.8517,0.86537
56.5,0.155887,0.01445,0.001021,0.13214,0.14535,0.1559,0.16465,0.1834,0.06184,0.00671,0.000475,0.05009,0.0567,0.0621,0.067,0.07601,0.063468,0.00562,0.000398,0.05347,0.0594,0.0636,0.06692,0.07391,0.718806,0.02452,0.001734,0.67579,0.70222,0.717,0.73772,0.76458,0.063468,0.00562,0.000398,0.05347,0.0594,0.0636,0.06692,0.07391,0.844113,0.01445,0.001021,0.8166,0.83535,0.8441,0.85465,0.86786
57.0,0.152076,0.01389,0.000982,0.12878,0.14208,0.1522,0.16042,0.17898,0.059693,0.00676,0.000478,0.04768,0.05498,0.0596,0.0645,0.07342,0.061554,0.0056,0.000396,0.05079,0.0576,0.0617,0.0654,0.07173,0.726678,0.02395,0.001694,0.68459,0.7108,0.72465,0.74528,0.77118,0.061554,0.0056,0.000396,0.05079,0.0576,0.0617,0.0654,0.07173,0.847924,0.01389,0.000982,0.82102,0.83958,0.8478,0.85792,0.87122
57.5,0.148383,0.01345,0.000951,0.1256,0.13832,0.14835,0.15675,0.17605,0.057591,0.00667,0.000472,0.04579,0.0525,0.05765,0.06222,0.07181,0.059822,0.00553,0.000391,0.04969,0.05605,0.0598,0.06352,0.07071,0.734204,0.02336,0.001651,0.69376,0.71888,0.73245,0.7524,0.77698,0.059822,0.00553,0.000391,0.04969,0.05605,0.0598,0.06352,0.07071,0.851617,0.01345,0.000951,0.82395,0.84325,0.85165,0.86168,0.8744
58.0,0.144938,0.01299,0.000919,0.12339,0.13538,0.1451,0.15355,0.17283,0.055334,0.00653,0.000462,0.04378,0.0506,0.05515,0.05982,0.0684,0.058257,0.00543,0.000384,0.04828,0.05398,0.05845,0.06208,0.0693,0.741472,0.02279,0.001611,0.70228,0.72665,0.73955,0.7599,0.7817,0.058257,0.00543,0.000384,0.04828,0.05398,0.05845,0.06208,0.0693,0.855062,0.01299,0.000919,0.82717,0.84645,0.8549,0.86462,0.87661
58.5,0.141664,0.01258,0.00089,0.12077,0.1323,0.14205,0.1494,0.1695,0.053323,0.00641,0.000453,0.04148,0.0486,0.0536,0.05772,0.0663,0.056421,0.00535,0.000378,0.04659,0.0527,0.0565,0.06005,0.06721,0.748593,0.02225,0.001573,0.70978,0.73418,0.74745,0.76645,0.78778,0.056421,0.00535,0.000378,0.04659,0.0527,0.0565,0.06005,0.06721,0.858337,0.01258,0.00089,0.8305,0.8506,0.85795,0.8677,0.87924
59.0,0.138446,0.01219,0.000862,0.11828,0.1293,0.13895,0.14602,0.1657,0.051312,0.00627,0.000444,0.0397,0.0467,0.0514,0.05582,0.0644,0.05472,0.00547,0.000387,0.0445,0.05077,0.0547,0.05882,0.06581,0.755522,0.02167,0.001532,0.71757,0.74195,0.7542,0.77248,0.79349,0.05472,0.00547,0.000387,0.0445,0.05077,0.0547,0.05882,0.06581,0.861554,0.01219,0.000862,0.8343,0.85398,0.86105,0.8707,0.88173
59.5,0.135426,0.0118,0.000834,0.1151,0.12683,0.136,0.14242,0.16123,0.049292,0.00613,0.000433,0.03839,0.04498,0.0497,0.0532,0.0621,0.053039,0.00533,0.000377,0.0431,0.04938,0.0528,0.05685,0.0637,0.762244,0.02107,0.00149,0.72555,0.74848,0.7607,0.77905,0.79986,0.053039,0.00533,0.000377,0.0431,0.04938,0.0528,0.05685,0.0637,0.864575,0.0118,0.000834,0.83877,0.85758,0.864,0.87318,0.8849
60.0,0.132554,0.01149,0.000813,0.11298,0.12382,0.1331,0.13943,0.15793,0.047253,0.00592,0.000419,0.03609,0.0431,0.04765,0.05128,0.0586,0.051477,0.00528,0.000373,0.04179,0.04768,0.0512,0.05492,0.0624,0.768716,0.02052,0.001451,0.7339,0.75595,0.7672,0.7854,0.80504,0.051477,0.00528,0.000373,0.04179,0.04768,0.0512,0.05492,0.0624,0.867446,0.01149,0.000813,0.84207,0.86058,0.8669,0.87617,0.88702
60.5,0.129805,0.01117,0.00079,0.1107,0.1212,0.13075,0.13643,0.15344,0.045275,0.00573,0.000405,0.03509,0.04088,0.0456,0.04923,0.0557,0.049942,0.0052,0.000368,0.04039,0.04618,0.04995,0.05335,0.06041,0.774978,0.0199,0.001407,0.74202,0.76208,0.77345,0.7913,0.81036,0.049942,0.0052,0.000368,0.04039,0.04618,0.04995,0.05335,0.06041,0.870195,0.01117,0.00079,0.84656,0.86358,0.86925,0.8788,0.8893
61.0,0.127148,0.01083,0.000765,0.1087,0.119,0.12785,0.13362,0.14992,0.04352,0.00553,0.000391,0.03299,0.03935,0.044,0.04748,0.0531,0.048318,0.00521,0.000368,0.0385,0.0447,0.04825,0.0517,0.0588,0.781014,0.01937,0.00137,0.74863,0.76895,0.7796,0.79693,0.81486,0.048318,0.00521,0.000368,0.0385,0.0447,0.04825,0.0517,0.0588,0.872852,0.01083,0.000765,0.85007,0.86637,0.87215,0.881,0.8913
61.5,0.124652,0.0105,0.000742,0.1068,0.11688,0.1253,0.1311,0.1467,0.041741,0.00537,0.00038,0.0312,0.03768,0.0422,0.04532,0.05141,0.046604,0.00519,0.000367,0.0372,0.04288,0.04665,0.05,0.05751,0.787003,0.01892,0.001338,0.75612,0.77528,0.7863,0.80155,0.81966,0.046604,0.00519,0.000367,0.0372,0.04288,0.04665,0.05,0.05751,0.875348,0.0105,0.000742,0.8533,0.8689,0.8747,0.88312,0.8932
62.0,0.122268,0.01017,0.000719,0.10469,0.11498,0.1229,0.12862,0.14392,0.040028,0.00527,0.000373,0.0301,0.0357,0.0402,0.0438,0.0499,0.044997,0.00516,0.000365,0.0353,0.04118,0.0448,0.04822,0.05463,0.792707,0.01845,0.001305,0.76242,0.7814,0.792,0.80632,0.82493,0.044997,0.00516,0.000365,0.0353,0.04118,0.0448,0.04822,0.05463,0.877733,0.01017,0.000719,0.85608,0.87138,0.8771,0.88502,0.89531
62.5,0.119985,0.00989,0.0007,0.10289,0.11268,0.1201,0.12593,0.14082,0.038465,0.00506,0.000358,0.0292,0.03458,0.03865,0.04182,0.04882,0.043285,0.00501,0.000354,0.03359,0.0394,0.04315,0.04642,0.05241,0.798265,0.01786,0.001263,0.76716,0.7874,0.7983,0.81115,0.82937,0.043285,0.00501,0.000354,0.03359,0.0394,0.04315,0.04642,0.05241,0.880015,0.00989,0.0007,0.85918,0.87408,0.8799,0.88732,0.89711
63.0,0.117853,0.00962,0.00068,0.10148,0.11095,0.11815,0.12375,0.13744,0.036863,0.00488,0.000345,0.0282,0.0331,0.0368,0.04045,0.04642,0.041666,0.00486,0.000344,0.03259,0.03838,0.0417,0.04505,0.05044,0.803619,0.01729,0.001222,0.77278,0.79283,0.80375,0.81572,0.83364,0.041666,0.00486,0.000344,0.03259,0.03838,0.0417,0.04505,0.05044,0.882147,0.00962,0.00068,0.86256,0.87625,0.88185,0.88905,0.89852
63.5,0.115768,0.00936,0.000662,0.09997,0.10912,0.1158,0.1216,0.13463,0.035335,0.00472,0.000334,0.0269,0.03178,0.03535,0.03852,0.0449,0.040127,0.00472,0.000334,0.03149,0.0365,0.04,0.04352,0.04971,0.80877,0.01675,0.001185,0.7772,0.79828,0.80865,0.82032,0.83781,0.040127,0.00472,0.000334,0.03149,0.0365,0.04,0.04352,0.04971,0.884232,0.00936,0.000662,0.86537,0.8784,0.8842,0.89088,0.90004
64.0,0.113832,0.00912,0.000645,0.09828,0.10715,0.1142,0.11963,0.13231,0.033785,0.00456,0.000322,0.0258,0.03038,0.03375,0.0371,0.04271,0.03872,0.00461,0.000326,0.03019,0.03518,0.03865,0.04185,0.0479,0.813663,0.01623,0.001147,0.78219,0.80322,0.8139,0.8247,0.8415,0.03872,0.00461,0.000326,0.03019,0.03518,0.03865,0.04185,0.0479,0.886168,0.00912,0.000645,0.86769,0.88038,0.8858,0.89285,0.90172
64.5,0.112014,0.00885,0.000626,0.09775,0.10562,0.11235,0.11762,0.12972,0.032305,0.00442,0.000312,0.02488,0.029,0.03215,0.035,0.04052,0.037253,0.00457,0.000323,0.0287,0.03378,0.037,0.0401,0.047,0.818427,0.0158,0.001117,0.78719,0.80868,0.81865,0.82925,0.84541,0.037253,0.00457,0.000323,0.0287,0.03378,0.037,0.0401,0.047,0.887985,0.00885,0.000626,0.87028,0.88237,0.88765,0.89438,0.90225
65.0,0.110258,0.00864,0.000611,0.09613,0.10412,0.11085,0.11572,0.12744,0.030884,0.0043,0.000304,0.02369,0.0277,0.0309,0.03402,0.03824,0.035864,0.00447,0.000316,0.02779,0.0324,0.0359,0.03882,0.0459,0.822994,0.01538,0.001087,0.79277,0.81303,0.82265,0.83328,0.84922,0.035864,0.00447,0.000316,0.02779,0.0324,0.0359,0.03882,0.0459,0.889742,0.00864,0.000611,0.87256,0.88427,0.88915,0.89588,0.90387
65.5,0.108603,0.00846,0.000598,0.09462,0.1025,0.10905,0.11402,0.12552,0.029542,0.0041,0.00029,0.02249,0.0263,0.0296,0.0324,0.0371,0.034464,0.00438,0.00031,0.0267,0.0309,0.03435,0.03755,0.04421,0.827391,0.0149,0.001053,0.79749,0.81777,0.8273,0.83732,0.85401,0.034464,0.00438,0.00031,0.0267,0.0309,0.03435,0.03755,0.04421,0.891397,0.00846,0.000598,0.87448,0.88598,0.89095,0.8975,0.90538
66.0,0.107068,0.00827,0.000585,0.09312,0.1011,0.10755,0.11242,0.12372,0.028233,0.00399,0.000282,0.0215,0.025,0.0284,0.03062,0.03591,0.03313,0.00421,0.000298,0.0259,0.02978,0.03305,0.0361,0.04154,0.83157,0.01444,0.001021,0.80309,0.82248,0.8318,0.84135,0.85682,0.03313,0.00421,0.000298,0.0259,0.02978,0.03305,0.0361,0.04154,0.892932,0.00827,0.000585,0.87628,0.88758,0.89245,0.8989,0.90688
66.5,0.105574,0.0081,0.000572,0.09173,0.09965,0.10585,0.11075,0.12183,0.026972,0.0039,0.000276,0.0203,0.02398,0.02705,0.0293,0.03402,0.031822,0.00407,0.000288,0.02479,0.02858,0.0319,0.0345,0.03973,0.835633,0.01402,0.000991,0.80828,0.82682,0.83535,0.8457,0.85903,0.031822,0.00407,0.000288,0.02479,0.02858,0.0319,0.0345,0.03973,0.894427,0.0081,0.000572,0.87818,0.88925,0.89415,0.90035,0.90827
67.0,0.104129,0.00791,0.000559,0.09074,0.0984,0.10425,0.10922,0.12022,0.025804,0.00374,0.000265,0.01939,0.0229,0.02605,0.0282,0.0327,0.030476,0.00405,0.000286,0.0238,0.02738,0.0302,0.03325,0.03842,0.83959,0.01365,0.000965,0.81179,0.83118,0.8397,0.8491,0.86185,0.030476,0.00405,0.000286,0.0238,0.02738,0.0302,0.03325,0.03842,0.89587,0.00791,0.000559,0.87978,0.89078,0.89575,0.9016,0.90927
67.5,0.102775,0.00778,0.00055,0.08945,0.09732,0.10285,0.10775,0.11832,0.024679,0.00365,0.000258,0.01869,0.022,0.02465,0.02702,0.03181,0.029232,0.00387,0.000273,0.023,0.0263,0.02925,0.0319,0.03761,0.843315,0.01326,0.000937,0.81636,0.83468,0.8434,0.85282,0.86484,0.029232,0.00387,0.000273,0.023,0.0263,0.02925,0.0319,0.03761,0.897225,0.00778,0.00055,0.88168,0.89225,0.89715,0.90267,0.91055
68.0,0.101514,0.0076,0.000537,0.08835,0.09598,0.1014,0.10642,0.11651,0.023573,0.00348,0.000246,0.0178,0.021,0.02355,0.02552,0.0303,0.028044,0.00386,0.000273,0.0217,0.025,0.0279,0.03075,0.0364,0.846869,0.01296,0.000917,0.81939,0.8387,0.8465,0.85602,0.8689,0.028044,0.00386,0.000273,0.0217,0.025,0.0279,0.03075,0.0364,0.898486,0.0076,0.000537,0.88349,0.89357,0.8986,0.90403,0.91165
68.5,0.100292,0.00744,0.000526,0.08774,0.09498,0.1,0.1053,0.115,0.022446,0.00337,0.000238,0.0166,0.0199,0.0224,0.02462,0.0292,0.02691,0.00379,0.000268,0.0205,0.02358,0.0268,0.0295,0.03442,0.850352,0.01265,0.000895,0.82388,0.84248,0.8501,0.8593,0.8717,0.02691,0.00379,0.000268,0.0205,0.02358,0.0268,0.0295,0.03442,0.899708,0.00744,0.000526,0.885,0.8947,0.9,0.90502,0.91226
69.0,0.099097,0.00731,0.000517,0.08713,0.0936,0.0988,0.10367,0.11282,0.021455,0.00332,0.000235,0.01569,0.01897,0.0213,0.0237,0.02762,0.025856,0.00361,0.000255,0.01999,0.02298,0.02585,0.0284,0.03301,0.853592,0.01228,0.000868,0.82886,0.84625,0.8532,0.86255,0.8743,0.025856,0.00361,0.000255,0.01999,0.02298,0.02585,0.0284,0.03301,0.900904,0.00731,0.000517,0.88718,0.89632,0.9012,0.9064,0.91287
69.5,0.098019,0.00714,0.000505,0.08604,0.09295,0.09785,0.10248,0.11153,0.020448,0.00321,0.000227,0.0152,0.01797,0.0203,0.0226,0.0272,0.024777,0.00344,0.000243,0.01919,0.02207,0.025,0.0271,0.03221,0.856755,0.01187,0.000839,0.832,0.8493,0.8564,0.86565,0.87662,0.024777,0.00344,0.000243,0.01919,0.02207,0.025,0.0271,0.03221,0.901981,0.00714,0.000505,0.88847,0.89752,0.90215,0.90705,0.91396
70.0,0.096966,0.007,0.000495,0.08554,0.09212,0.0969,0.10143,0.11042,0.019511,0.0031,0.000219,0.0143,0.01725,0.01945,0.02153,0.02541,0.023755,0.00331,0.000234,0.0183,0.021,0.02395,0.02592,0.03071,0.859768,0.01155,0.000817,0.83587,0.85268,0.8592,0.86855,0.87911,0.023755,0.00331,0.000234,0.0183,0.021,0.02395,0.02592,0.03071,0.903035,0.007,0.000495,0.88958,0.89857,0.9031,0.90788,0.91446
70.5,0.096,0.0069,0.000488,0.08446,0.09102,0.0959,0.1004,0.10912,0.01859,0.00294,0.000208,0.0136,0.0164,0.0185,0.02043,0.0245,0.022733,0.00324,0.000229,0.0173,0.0201,0.02285,0.025,0.02881,0.862676,0.01126,0.000796,0.83916,0.85558,0.8621,0.87102,0.88161,0.022733,0.00324,0.000229,0.0173,0.0201,0.02285,0.025,0.02881,0.904,0.0069,0.000488,0.89088,0.8996,0.9041,0.90898,0.91554
71.0,0.095022,0.00679,0.00048,0.08356,0.09018,0.09475,0.09945,0.10802,0.017762,0.00285,0.000202,0.0126,0.0157,0.0177,0.0197,0.02361,0.021763,0.00316,0.000223,0.0159,0.0193,0.02215,0.02392,0.0278,0.865453,0.01093,0.000773,0.84296,0.85863,0.8649,0.87355,0.88391,0.021763,0.00316,0.000223,0.0159,0.0193,0.02215,0.02392,0.0278,0.904978,0.00679,0.00048,0.89198,0.90055,0.90525,0.90982,0.91644
71.5,0.094098,0.0067,0.000474,0.08277,0.0892,0.094,0.09835,0.1072,0.016958,0.00274,0.000194,0.0116,0.015,0.0169,0.0188,0.0226,0.020809,0.00307,0.000217,0.0151,0.01857,0.02095,0.0228,0.027,0.868135,0.01066,0.000753,0.84609,0.86143,0.8672,0.87602,0.88601,0.020809,0.00307,0.000217,0.0151,0.01857,0.02095,0.0228,0.027,0.905902,0.0067,0.000474,0.8928,0.90165,0.906,0.9108,0.91723
72.0,0.09323,0.00659,0.000466,0.08208,0.08848,0.0933,0.09738,0.106,0.016159,0.0026,0.000184,0.0113,0.0144,0.016,0.0179,0.02181,0.019896,0.00296,0.000209,0.0142,0.01768,0.02005,0.02192,0.0259,0.870715,0.01039,0.000735,0.84938,0.86395,0.8703,0.87822,0.88862,0.019896,0.00296,0.000209,0.0142,0.01768,0.02005,0.02192,0.0259,0.90677,0.00659,0.000466,0.894,0.90262,0.9067,0.91152,0.91792
72.5,0.09245,0.00649,0.000459,0.08168,0.08778,0.0925,0.09662,0.10461,0.015402,0.00257,0.000182,0.0108,0.0136,0.01535,0.017,0.0211,0.019029,0.00288,0.000204,0.0135,0.017,0.01895,0.02085,0.0245,0.873119,0.01018,0.00072,0.85148,0.8662,0.8727,0.88052,0.89112,0.019029,0.00288,0.000204,0.0135,0.017,0.01895,0.02085,0.0245,0.90755,0.00649,0.000459,0.89539,0.90338,0.9075,0.91222,0.91832
73.0,0.091676,0.00639,0.000452,0.0808,0.08722,0.0918,0.09593,0.1033,0.014626,0.00248,0.000176,0.01029,0.01298,0.0144,0.0163,0.0196,0.018252,0.00276,0.000195,0.0132,0.01627,0.01825,0.0199,0.0237,0.875445,0.0099,0.0007,0.85379,0.86878,0.87495,0.8823,0.8933,0.018252,0.00276,0.000195,0.0132,0.01627,0.01825,0.0199,0.0237,0.908324,0.00639,0.000452,0.8967,0.90408,0.9082,0.91277,0.9192
73.5,0.090932,0.00628,0.000444,0.08039,0.08665,0.09095,0.09522,0.1021,0.013909,0.0024,0.00017,0.0097,0.0123,0.01375,0.01532,0.01871,0.01749,0.00269,0.00019,0.0127,0.0155,0.01755,0.01912,0.02221,0.877668,0.00961,0.000679,0.85679,0.87158,0.87745,0.8847,0.8948,0.01749,0.00269,0.00019,0.0127,0.0155,0.01755,0.01912,0.02221,0.909068,0.00628,0.000444,0.8979,0.90478,0.90905,0.91335,0.91961
74.0,0.090225,0.00622,0.00044,0.0795,0.0857,0.09035,0.0945,0.1013,0.013241,0.00229,0.000162,0.0094,0.0118,0.01315,0.0146,0.0181,0.016727,0.00263,0.000186,0.01199,0.01468,0.017,0.0184,0.0219,0.879807,0.00938,0.000664,0.85949,0.87378,0.87945,0.88655,0.89592,0.016727,0.00263,0.000186,0.01199,0.01468,0.017,0.0184,0.0219,0.909775,0.00622,0.00044,0.8987,0.9055,0.90965,0.9143,0.9205
74.5,0.089552,0.0061,0.000432,0.07908,0.08535,0.0896,0.0934,0.1004,0.012646,0.00223,0.000157,0.009,0.01128,0.0125,0.0141,0.01711,0.015962,0.00248,0.000176,0.01149,0.01408,0.016,0.01753,0.0207,0.88184,0.00915,0.000647,0.8625,0.87595,0.8816,0.8883,0.89782,0.015962,0.00248,0.000176,0.01149,0.01408,0.016,0.01753,0.0207,0.910448,0.0061,0.000432,0.8996,0.9066,0.9104,0.91465,0.92092
75.0,0.08887,0.00601,0.000425,0.07848,0.0848,0.08905,0.09242,0.0997,0.012106,0.00215,0.000152,0.0085,0.0107,0.0121,0.0135,0.01651,0.015245,0.00246,0.000174,0.011,0.0134,0.0153,0.01692,0.0201,0.883778,0.00898,0.000635,0.865,0.8778,0.88375,0.89042,0.89942,0.015245,0.00246,0.000174,0.011,0.0134,0.0153,0.01692,0.0201,0.91113,0.00601,0.000425,0.9003,0.90758,0.91095,0.9152,0.92152
75.5,0.08828,0.00592,0.000418,0.07789,0.0843,0.0884,0.09182,0.09891,0.01152,0.00205,0.000145,0.008,0.01018,0.0115,0.01292,0.0156,0.014593,0.00238,0.000168,0.0104,0.01288,0.0148,0.01612,0.0193,0.885607,0.00877,0.00062,0.8673,0.87988,0.8854,0.892,0.9014,0.014593,0.00238,0.000168,0.0104,0.01288,0.0148,0.01612,0.0193,0.911719,0.00592,0.000418,0.90109,0.90818,0.9116,0.9157,0.92211
76.0,0.087735,0.00587,0.000415,0.0772,0.08398,0.0878,0.09132,0.09841,0.01094,0.00195,0.000138,0.0074,0.0095,0.011,0.01202,0.01501,0.013864,0.0023,0.000163,0.0097,0.0121,0.0139,0.01543,0.0182,0.887461,0.00853,0.000603,0.8697,0.88178,0.8873,0.89355,0.9025,0.013864,0.0023,0.000163,0.0097,0.0121,0.0139,0.01543,0.0182,0.912265,0.00587,0.000415,0.90159,0.90867,0.9122,0.91603,0.9228
76.5,0.087198,0.00582,0.000411,0.0764,0.08345,0.08745,0.0908,0.09751,0.010454,0.00187,0.000132,0.0072,0.0091,0.0106,0.0117,0.0142,0.013173,0.00223,0.000158,0.0091,0.0114,0.0131,0.01462,0.01761,0.889175,0.00832,0.000588,0.8717,0.8836,0.88905,0.89525,0.90401,0.013173,0.00223,0.000158,0.0091,0.0114,0.0131,0.01462,0.01761,0.912802,0.00582,0.000411,0.90249,0.9092,0.91255,0.91655,0.9236
77.0,0.086676,0.00576,0.000407,0.07618,0.0829,0.0868,0.09022,0.0969,0.009924,0.00176,0.000125,0.0068,0.0087,0.0101,0.011,0.0135,0.012627,0.00224,0.000159,0.00889,0.01108,0.0124,0.01402,0.01751,0.890774,0.0082,0.00058,0.8732,0.88535,0.8908,0.89635,0.90482,0.012627,0.00224,0.000159,0.00889,0.01108,0.0124,0.01402,0.01751,0.913324,0.00576,0.000407,0.9031,0.90978,0.9132,0.9171,0.92382
77.5,0.08618,0.0057,0.000403,0.07598,0.08238,0.0862,0.0898,0.0962,0.009478,0.0017,0.00012,0.0064,0.0082,0.0095,0.0105,0.01291,0.01201,0.00215,0.000152,0.0082,0.01048,0.01195,0.0134,0.0166,0.892331,0.00802,0.000567,0.8759,0.887,0.89205,0.89822,0.90564,0.01201,0.00215,0.000152,0.0082,0.01048,0.01195,0.0134,0.0166,0.913819,0.0057,0.000403,0.9038,0.9102,0.9138,0.91762,0.92402
78.0,0.08571,0.00565,0.000399,0.07509,0.08208,0.0858,0.0893,0.09562,0.009056,0.00164,0.000116,0.0062,0.0079,0.0091,0.01002,0.01241,0.011451,0.00209,0.000148,0.0079,0.01,0.0114,0.0129,0.016,0.893782,0.00787,0.000556,0.87869,0.88858,0.89375,0.8994,0.90655,0.011451,0.00209,0.000148,0.0079,0.01,0.0114,0.0129,0.016,0.91429,0.00565,0.000399,0.90438,0.9107,0.9142,0.91793,0.92491
78.5,0.085282,0.00562,0.000397,0.07449,0.08147,0.0853,0.08898,0.09522,0.008626,0.00156,0.00011,0.0061,0.0076,0.0086,0.00952,0.01211,0.010915,0.00204,0.000144,0.0073,0.00947,0.0107,0.01232,0.01511,0.895178,0.00776,0.000548,0.88039,0.8901,0.8951,0.90045,0.90785,0.010915,0.00204,0.000144,0.0073,0.00947,0.0107,0.01232,0.01511,0.914718,0.00562,0.000397,0.90478,0.91102,0.9147,0.91852,0.9255
79.0,0.08484,0.00556,0.000393,0.0741,0.081,0.0847,0.08845,0.0949,0.008216,0.00156,0.00011,0.0056,0.0071,0.008,0.0092,0.0117,0.010442,0.00196,0.000139,0.0072,0.009,0.0104,0.0118,0.01451,0.896501,0.00758,0.000536,0.8817,0.89128,0.8965,0.90195,0.90915,0.010442,0.00196,0.000139,0.0072,0.009,0.0104,0.0118,0.01451,0.91516,0.00556,0.000393,0.9051,0.91155,0.9153,0.919,0.9259
79.5,0.084432,0.00552,0.00039,0.0739,0.08068,0.0844,0.08812,0.0944,0.007834,0.00149,0.000105,0.0053,0.0069,0.0075,0.0087,0.01092,0.009961,0.00192,0.000136,0.0068,0.0085,0.0099,0.01122,0.0138,0.897772,0.00743,0.000525,0.88329,0.89245,0.89785,0.90282,0.91054,0.009961,0.00192,0.000136,0.0068,0.0085,0.0099,0.01122,0.0138,0.915568,0.00552,0.00039,0.9056,0.91188,0.9156,0.91932,0.9261
80.0,0.084034,0.00547,0.000387,0.0734,0.08038,0.0839,0.0877,0.09391,0.007459,0.00143,0.000101,0.0051,0.0065,0.0072,0.0083,0.0107,0.009521,0.00188,0.000133,0.0062,0.0081,0.0094,0.0108,0.01341,0.898986,0.00732,0.000517,0.8846,0.8939,0.89915,0.90402,0.91231,0.009521,0.00188,0.000133,0.0062,0.0081,0.0094,0.0108,0.01341,0.915966,0.00547,0.000387,0.90609,0.9123,0.9161,0.91962,0.9266
80.5,0.083663,0.00542,0.000383,0.0733,0.08008,0.08355,0.08705,0.09351,0.007136,0.00136,9.6e-5,0.0049,0.00618,0.007,0.00793,0.0101,0.009046,0.00183,0.000129,0.0059,0.00777,0.00895,0.0102,0.0129,0.900155,0.00717,0.000507,0.88609,0.89508,0.90015,0.90542,0.91311,0.009046,0.00183,0.000129,0.0059,0.00777,0.00895,0.0102,0.0129,0.916337,0.00542,0.000383,0.90649,0.91295,0.91645,0.91992,0.9267
81.0,0.083328,0.0054,0.000382,0.0728,0.0798,0.0833,0.08685,0.0931,0.00675,0.00126,8.9e-5,0.0045,0.0058,0.0067,0.00752,0.0092,0.008647,0.00173,0.000123,0.0058,0.0073,0.0086,0.0096,0.0124,0.901276,0.00702,0.000496,0.88749,0.8967,0.90115,0.9065,0.91401,0.008647,0.00173,0.000123,0.0058,0.0073,0.0086,0.0096,0.0124,0.916673,0.0054,0.000382,0.9069,0.91315,0.9167,0.9202,0.9272
81.5,0.082986,0.00537,0.00038,0.0724,0.07928,0.0829,0.08662,0.0929,0.006441,0.00121,8.6e-5,0.0043,0.0057,0.0064,0.0072,0.0089,0.008237,0.00171,0.000121,0.00549,0.00698,0.0082,0.0092,0.0121,0.902335,0.0069,0.000488,0.88929,0.8977,0.902,0.9073,0.9153,0.008237,0.00171,0.000121,0.00549,0.00698,0.0082,0.0092,0.0121,0.917014,0.00537,0.00038,0.9071,0.91338,0.9171,0.92072,0.9276
82.0,0.082671,0.00534,0.000378,0.0721,0.07908,0.0827,0.0862,0.09251,0.006121,0.00116,8.2e-5,0.0041,0.0053,0.0062,0.0068,0.00841,0.00785,0.0016,0.000113,0.0049,0.0067,0.0078,0.0087,0.0114,0.903358,0.00676,0.000478,0.8907,0.89895,0.903,0.90815,0.9159,0.00785,0.0016,0.000113,0.0049,0.0067,0.0078,0.0087,0.0114,0.917329,0.00534,0.000378,0.90749,0.9138,0.9173,0.92092,0.9279
82.5,0.082391,0.0053,0.000375,0.072,0.07897,0.08235,0.0859,0.0923,0.005832,0.00112,7.9e-5,0.0038,0.0051,0.0058,0.0066,0.00811,0.007457,0.00152,0.000107,0.0046,0.00648,0.0073,0.0083,0.0107,0.904319,0.00661,0.000467,0.8918,0.89998,0.90415,0.9089,0.91622,0.007457,0.00152,0.000107,0.0046,0.00648,0.0073,0.0083,0.0107,0.917608,0.0053,0.000375,0.9077,0.9141,0.91765,0.92102,0.928
83.0,0.082115,0.00528,0.000373,0.07169,0.07868,0.08205,0.08562,0.09171,0.005568,0.00107,7.6e-5,0.0037,0.0048,0.0055,0.0063,0.0078,0.007114,0.00147,0.000104,0.0046,0.00618,0.007,0.00793,0.0105,0.905203,0.0065,0.000459,0.89318,0.90093,0.905,0.91,0.91712,0.007114,0.00147,0.000104,0.0046,0.00618,0.007,0.00793,0.0105,0.917885,0.00528,0.000373,0.90829,0.91438,0.91795,0.92132,0.9283
83.5,0.081858,0.00524,0.000371,0.07159,0.07838,0.0816,0.08552,0.09122,0.005248,0.00103,7.3e-5,0.0035,0.0045,0.0053,0.0059,0.0075,0.006834,0.00143,0.000101,0.0044,0.0059,0.00675,0.0077,0.01,0.906061,0.00638,0.000451,0.8943,0.90188,0.9057,0.91052,0.91792,0.006834,0.00143,0.000101,0.0044,0.0059,0.00675,0.0077,0.01,0.918142,0.00524,0.000371,0.90878,0.91448,0.9184,0.92162,0.92841
84.0,0.081596,0.00522,0.000369,0.0714,0.07818,0.0814,0.08505,0.09082,0.00502,0.00102,7.2e-5,0.0033,0.0043,0.005,0.0057,0.0071,0.006472,0.00135,9.6e-5,0.00419,0.0055,0.0064,0.00722,0.0096,0.906911,0.00628,0.000444,0.89549,0.90265,0.90645,0.9113,0.91891,0.006472,0.00135,9.6e-5,0.00419,0.0055,0.0064,0.00722,0.0096,0.918404,0.00522,0.000369,0.90918,0.91495,0.9186,0.92182,0.9286
84.5,0.081351,0.0052,0.000367,0.0713,0.07785,0.08125,0.0848,0.09072,0.0048,0.00097,6.9e-5,0.0032,0.00408,0.0049,0.0054,0.0068,0.006165,0.00132,9.3e-5,0.0039,0.00528,0.0061,0.0069,0.0088,0.907684,0.00619,0.000438,0.8964,0.90355,0.90725,0.91198,0.91941,0.006165,0.00132,9.3e-5,0.0039,0.00528,0.0061,0.0069,0.0088,0.918649,0.0052,0.000367,0.90928,0.9152,0.91875,0.92215,0.9287
85.0,0.081112,0.00516,0.000365,0.0711,0.07767,0.0811,0.0846,0.09012,0.004578,0.00098,6.9e-5,0.0029,0.00387,0.0046,0.0052,0.0068,0.005887,0.00126,8.9e-5,0.0036,0.0051,0.0058,0.0067,0.00841,0.908422,0.0061,0.000432,0.8973,0.90467,0.908,0.91245,0.91981,0.005887,0.00126,8.9e-5,0.0036,0.0051,0.0058,0.0067,0.00841,0.918888,0.00516,0.000365,0.90988,0.9154,0.9189,0.92232,0.9289
85.5,0.080898,0.00514,0.000364,0.07109,0.07735,0.08085,0.08412,0.08992,0.004359,0.00094,6.7e-5,0.0028,0.0036,0.00435,0.005,0.0063,0.005587,0.00119,8.4e-5,0.0035,0.00478,0.0055,0.0064,0.0081,0.909156,0.00602,0.000426,0.8983,0.90548,0.9089,0.91325,0.9207,0.005587,0.00119,8.4e-5,0.0035,0.00478,0.0055,0.0064,0.0081,0.919102,0.00514,0.000364,0.91008,0.91588,0.91915,0.92265,0.9289
86.0,0.080694,0.00513,0.000362,0.0708,0.07708,0.0805,0.08375,0.08991,0.004144,0.0009,6.4e-5,0.0027,0.0034,0.0041,0.0047,0.006,0.005332,0.00115,8.1e-5,0.0032,0.00448,0.00525,0.00612,0.0075,0.909831,0.00594,0.00042,0.899,0.9061,0.9096,0.91395,0.921,0.005332,0.00115,8.1e-5,0.0032,0.00448,0.00525,0.00612,0.0075,0.919306,0.00513,0.000362,0.91009,0.91625,0.9195,0.92292,0.9292
86.5,0.080503,0.00511,0.000361,0.0707,0.07697,0.08035,0.08362,0.08962,0.003917,0.00086,6.1e-5,0.0024,0.0032,0.0039,0.00442,0.0058,0.005107,0.00111,7.8e-5,0.00309,0.0044,0.0051,0.0058,0.0073,0.910473,0.00589,0.000416,0.8996,0.9066,0.91025,0.91447,0.92141,0.005107,0.00111,7.8e-5,0.00309,0.0044,0.0051,0.0058,0.0073,0.919497,0.00511,0.000361,0.91038,0.91638,0.91965,0.92302,0.9293
87.0,0.080312,0.0051,0.00036,0.0706,0.07682,0.0802,0.08342,0.08931,0.003768,0.00084,5.9e-5,0.0023,0.0031,0.0037,0.0043,0.0056,0.004803,0.00106,7.5e-5,0.003,0.004,0.0047,0.0055,0.0069,0.911117,0.00581,0.000411,0.90059,0.90728,0.9108,0.91513,0.9222,0.004803,0.00106,7.5e-5,0.003,0.004,0.0047,0.0055,0.0069,0.919688,0.0051,0.00036,0.91069,0.91658,0.9198,0.92318,0.9294
87.5,0.080132,0.00508,0.000359,0.07049,0.0766,0.07985,0.0833,0.0892,0.003596,0.00082,5.8e-5,0.0021,0.003,0.0035,0.0041,0.00531,0.004558,0.00103,7.3e-5,0.0029,0.0038,0.0045,0.0052,0.0065,0.911715,0.00575,0.000407,0.9012,0.9078,0.9115,0.91545,0.9228,0.004558,0.00103,7.3e-5,0.0029,0.0038,0.0045,0.0052,0.0065,0.919869,0.00508,0.000359,0.9108,0.9167,0.92015,0.9234,0.9295
88.0,0.079954,0.00507,0.000359,0.07049,0.0762,0.0796,0.08305,0.089,0.003409,0.00076,5.4e-5,0.0021,0.0029,0.0034,0.0039,0.005,0.004379,0.00101,7.1e-5,0.0027,0.0036,0.0043,0.0049,0.0065,0.912259,0.0057,0.000403,0.9018,0.9084,0.91205,0.91582,0.92331,0.004379,0.00101,7.1e-5,0.0027,0.0036,0.0043,0.0049,0.0065,0.920046,0.00507,0.000359,0.911,0.91695,0.9204,0.9238,0.92951
88.5,0.079788,0.00505,0.000357,0.07029,0.076,0.07955,0.08292,0.08881,0.003244,0.00071,5.0e-5,0.002,0.0027,0.0032,0.0037,0.0048,0.004171,0.00098,6.9e-5,0.0025,0.0034,0.0041,0.0047,0.0063,0.912798,0.00562,0.000398,0.9026,0.9094,0.91265,0.91645,0.9239,0.004171,0.00098,6.9e-5,0.0025,0.0034,0.0041,0.0047,0.0063,0.920212,0.00505,0.000357,0.91119,0.91708,0.92045,0.924,0.92971
89.0,0.079634,0.00504,0.000356,0.07019,0.07588,0.0794,0.08265,0.0885,0.003096,0.00069,4.9e-5,0.0019,0.0026,0.0031,0.0036,0.0046,0.00398,0.00092,6.5e-5,0.0024,0.0033,0.0039,0.0045,0.0059,0.913291,0.00558,0.000395,0.9032,0.90995,0.9131,0.9171,0.9245,0.00398,0.00092,6.5e-5,0.0024,0.0033,0.0039,0.0045,0.0059,0.920367,0.00504,0.000356,0.9115,0.91735,0.9206,0.92412,0.92981
89.5,0.079479,0.00502,0.000355,0.07009,0.07568,0.0793,0.0825,0.0883,0.002956,0.00068,4.8e-5,0.0017,0.0024,0.003,0.0034,0.00411,0.003778,0.00087,6.2e-5,0.0022,0.0032,0.0037,0.0043,0.0057,0.913788,0.00555,0.000392,0.9037,0.91028,0.9136,0.91752,0.9248,0.003778,0.00087,6.2e-5,0.0022,0.0032,0.0037,0.0043,0.0057,0.920522,0.00502,0.000355,0.9117,0.9175,0.9207,0.92432,0.92991
90.0,0.079345,0.005,0.000354,0.06999,0.07558,0.07915,0.08233,0.0881,0.002799,0.00068,4.8e-5,0.0016,0.0023,0.0028,0.0032,0.00401,0.003615,0.00084,6.0e-5,0.0021,0.00307,0.0036,0.0041,0.0054,0.914241,0.0055,0.000389,0.9044,0.9106,0.9141,0.91802,0.9254,0.003615,0.00084,6.0e-5,0.0021,0.00307,0.0036,0.0041,0.0054,0.920655,0.005,0.000354,0.9119,0.91768,0.92085,0.92442,0.93001
90.5,0.079214,0.00499,0.000353,0.06989,0.07538,0.07895,0.08222,0.0881,0.002668,0.00066,4.7e-5,0.0015,0.0022,0.00265,0.0031,0.0039,0.003436,0.00083,5.9e-5,0.0019,0.0028,0.0033,0.0039,0.0052,0.914682,0.00549,0.000388,0.9046,0.91118,0.91465,0.9184,0.9258,0.003436,0.00083,5.9e-5,0.0019,0.0028,0.0033,0.0039,0.0052,0.920786,0.00499,0.000353,0.9119,0.91778,0.92105,0.92462,0.93011
91.0,0.079087,0.00496,0.000351,0.06989,0.07518,0.07885,0.08202,0.0879,0.002527,0.00066,4.7e-5,0.0014,0.00208,0.0025,0.003,0.004,0.003276,0.00081,5.7e-5,0.0017,0.0027,0.0032,0.0038,0.0049,0.91511,0.00545,0.000385,0.90519,0.91165,0.915,0.91885,0.926,0.003276,0.00081,5.7e-5,0.0017,0.0027,0.0032,0.0038,0.0049,0.920912,0.00496,0.000351,0.9121,0.91798,0.92115,0.92482,0.93011
91.5,0.078973,0.00495,0.00035,0.06979,0.07508,0.0787,0.08192,0.0878,0.002411,0.00064,4.5e-5,0.0013,0.0019,0.0024,0.0028,0.0038,0.003102,0.0008,5.6e-5,0.0017,0.0026,0.00305,0.0037,0.0046,0.915515,0.00545,0.000385,0.90598,0.91208,0.9155,0.9193,0.9265,0.003102,0.0008,5.6e-5,0.0017,0.0026,0.00305,0.0037,0.0046,0.921027,0.00495,0.00035,0.9122,0.91808,0.9213,0.92492,0.93021
92.0,0.078865,0.00494,0.000349,0.0697,0.07508,0.07855,0.08185,0.0876,0.002302,0.00064,4.5e-5,0.0012,0.0018,0.0022,0.0027,0.0036,0.002935,0.00078,5.5e-5,0.0016,0.0024,0.0028,0.0035,0.0044,0.915898,0.00542,0.000383,0.90628,0.91235,0.91585,0.91952,0.9269,0.002935,0.00078,5.5e-5,0.0016,0.0024,0.0028,0.0035,0.0044,0.921134,0.00494,0.000349,0.9124,0.91815,0.92145,0.92492,0.9303
92.5,0.07875,0.00493,0.000349,0.06969,0.07488,0.0785,0.0817,0.0875,0.00218,0.0006,4.2e-5,0.0012,0.0017,0.00215,0.0026,0.0034,0.002792,0.00077,5.4e-5,0.0015,0.0022,0.0028,0.0033,0.0043,0.916278,0.00539,0.000381,0.90667,0.91258,0.91615,0.9201,0.9271,0.002792,0.00077,5.4e-5,0.0015,0.0022,0.0028,0.0033,0.0043,0.92125,0.00493,0.000349,0.9125,0.9183,0.9215,0.92512,0.93031
93.0,0.078634,0.00493,0.000348,0.06959,0.0748,0.0784,0.0817,0.08731,0.002102,0.00059,4.2e-5,0.0011,0.0017,0.0021,0.0025,0.0035,0.002647,0.00072,5.1e-5,0.0013,0.0021,0.0026,0.0031,0.0042,0.916617,0.00535,0.000378,0.90708,0.9133,0.9165,0.9204,0.9273,0.002647,0.00072,5.1e-5,0.0013,0.0021,0.0026,0.0031,0.0042,0.921366,0.00493,0.000348,0.91269,0.9183,0.9216,0.9252,0.93041
93.5,0.078532,0.00492,0.000348,0.06959,0.0748,0.07835,0.0815,0.0873,0.002008,0.00059,4.2e-5,0.001,0.0016,0.002,0.0024,0.0033,0.002513,0.00068,4.8e-5,0.0014,0.002,0.00245,0.00292,0.0039,0.916946,0.00531,0.000375,0.90758,0.91368,0.917,0.92057,0.9275,0.002513,0.00068,4.8e-5,0.0014,0.002,0.00245,0.00292,0.0039,0.921468,0.00492,0.000348,0.9127,0.9185,0.92165,0.9252,0.93041
94.0,0.078433,0.0049,0.000347,0.0693,0.07478,0.0782,0.0814,0.087,0.001923,0.00058,4.1e-5,0.001,0.0015,0.0019,0.0023,0.0031,0.002399,0.00066,4.7e-5,0.0013,0.002,0.0023,0.0028,0.0039,0.917244,0.00527,0.000373,0.90817,0.914,0.9172,0.92102,0.9277,0.002399,0.00066,4.7e-5,0.0013,0.002,0.0023,0.0028,0.0039,0.921567,0.0049,0.000347,0.913,0.9186,0.9218,0.92522,0.9307
94.5,0.078323,0.00489,0.000346,0.0692,0.0746,0.07815,0.08133,0.087,0.001848,0.00058,4.1e-5,0.0009,0.00148,0.0018,0.0022,0.00301,0.002281,0.00064,4.5e-5,0.0012,0.0018,0.0022,0.0027,0.0038,0.917548,0.00524,0.000371,0.90838,0.91425,0.9175,0.9212,0.92781,0.002281,0.00064,4.5e-5,0.0012,0.0018,0.0022,0.0027,0.0038,0.921677,0.00489,0.000346,0.913,0.91868,0.92185,0.9254,0.9308
95.0,0.078224,0.00488,0.000345,0.0692,0.0745,0.078,0.0813,0.08681,0.001768,0.00055,3.9e-5,0.0009,0.0014,0.0017,0.0021,0.0028,0.002181,0.00063,4.5e-5,0.0011,0.0017,0.0021,0.0026,0.0038,0.917826,0.00523,0.000369,0.90878,0.91448,0.9178,0.92142,0.92791,0.002181,0.00063,4.5e-5,0.0011,0.0017,0.0021,0.0026,0.0038,0.921776,0.00488,0.000345,0.91319,0.9187,0.922,0.9255,0.9308
95.5,0.078128,0.00486,0.000344,0.0692,0.0744,0.07795,0.0812,0.08681,0.001688,0.00054,3.8e-5,0.0007,0.0013,0.0017,0.002,0.0027,0.002089,0.00061,4.3e-5,0.0011,0.0016,0.0021,0.0025,0.0035,0.918095,0.00521,0.000368,0.90888,0.9147,0.918,0.92182,0.9282,0.002089,0.00061,4.3e-5,0.0011,0.0016,0.0021,0.0025,0.0035,0.921872,0.00486,0.000344,0.91319,0.9188,0.92205,0.9256,0.9308
96.0,0.078061,0.00486,0.000344,0.0692,0.07438,0.07785,0.081,0.08671,0.001591,0.0005,3.6e-5,0.0007,0.0013,0.0016,0.0019,0.00251,0.002018,0.00059,4.1e-5,0.001,0.0016,0.002,0.0024,0.0034,0.91833,0.00517,0.000366,0.90928,0.91498,0.9183,0.9221,0.9283,0.002018,0.00059,4.1e-5,0.001,0.0016,0.002,0.0024,0.0034,0.921939,0.00486,0.000344,0.91329,0.919,0.92215,0.92562,0.9308
96.5,0.077984,0.00486,0.000344,0.0691,0.0742,0.0778,0.08092,0.08671,0.001512,0.00049,3.4e-5,0.0006,0.0012,0.0015,0.00182,0.0024,0.001916,0.00055,3.9e-5,0.0009,0.0016,0.0018,0.0023,0.0032,0.918588,0.00515,0.000364,0.90958,0.91518,0.9186,0.9224,0.9285,0.001916,0.00055,3.9e-5,0.0009,0.0016,0.0018,0.0023,0.0032,0.922016,0.00486,0.000344,0.91329,0.91908,0.9222,0.9258,0.9309
97.0,0.077912,0.00485,0.000343,0.069,0.0741,0.0778,0.08083,0.08652,0.001443,0.00049,3.4e-5,0.0006,0.0011,0.0014,0.0018,0.0024,0.001834,0.00053,3.7e-5,0.0009,0.0015,0.0018,0.0021,0.0031,0.918812,0.00511,0.000361,0.90969,0.9154,0.9188,0.9227,0.9285,0.001834,0.00053,3.7e-5,0.0009,0.0015,0.0018,0.0021,0.0031,0.922089,0.00485,0.000343,0.91348,0.91918,0.9222,0.9259,0.931
97.5,0.077835,0.00485,0.000343,0.069,0.0741,0.0777,0.08083,0.08652,0.001392,0.00047,3.3e-5,0.0006,0.0011,0.0013,0.0017,0.0024,0.001726,0.0005,3.6e-5,0.0009,0.0014,0.0017,0.002,0.0029,0.919047,0.00508,0.000359,0.91,0.91575,0.9191,0.9229,0.9287,0.001726,0.0005,3.6e-5,0.0009,0.0014,0.0017,0.002,0.0029,0.922166,0.00485,0.000343,0.91348,0.91918,0.9223,0.9259,0.931
98.0,0.077773,0.00486,0.000343,0.0689,0.07408,0.0776,0.0808,0.08651,0.001319,0.00044,3.1e-5,0.0006,0.001,0.0013,0.0016,0.00221,0.001654,0.0005,3.5e-5,0.0008,0.0013,0.0016,0.0019,0.0028,0.919254,0.00507,0.000359,0.91,0.916,0.9193,0.92302,0.9288,0.001654,0.0005,3.5e-5,0.0008,0.0013,0.0016,0.0019,0.0028,0.922227,0.00486,0.000343,0.91349,0.9192,0.9224,0.92592,0.9311
98.5,0.077709,0.00485,0.000343,0.0688,0.074,0.0776,0.08065,0.08651,0.001261,0.00042,3.0e-5,0.0005,0.001,0.0013,0.0015,0.0022,0.001576,0.00049,3.5e-5,0.0007,0.0012,0.00155,0.0019,0.00251,0.919454,0.00506,0.000358,0.91,0.91638,0.91945,0.92322,0.9289,0.001576,0.00049,3.5e-5,0.0007,0.0012,0.00155,0.0019,0.00251,0.922291,0.00485,0.000343,0.91349,0.91935,0.9224,0.926,0.9312
99.0,0.077648,0.00485,0.000343,0.0688,0.07397,0.0776,0.08065,0.08641,0.001194,0.00039,2.8e-5,0.0005,0.0009,0.0012,0.0015,0.002,0.001507,0.00049,3.4e-5,0.0006,0.0012,0.0015,0.0018,0.0025,0.919651,0.00504,0.000357,0.9103,0.91648,0.9196,0.9234,0.92901,0.001507,0.00049,3.4e-5,0.0006,0.0012,0.0015,0.0018,0.0025,0.922352,0.00485,0.000343,0.91359,0.91935,0.9224,0.92602,0.9312
99.5,0.077595,0.00484,0.000342,0.0688,0.0739,0.0775,0.0806,0.08641,0.001124,0.00038,2.7e-5,0.0004,0.0009,0.0011,0.0014,0.0019,0.00145,0.00048,3.4e-5,0.0006,0.0011,0.0014,0.0018,0.0025,0.919831,0.00501,0.000355,0.9105,0.9167,0.9198,0.92352,0.9293,0.00145,0.00048,3.4e-5,0.0006,0.0011,0.0014,0.0018,0.0025,0.922405,0.00484,0.000342,0.91359,0.9194,0.9225,0.9261,0.9312
100.0,0.077536,0.00484,0.000342,0.0688,0.0739,0.07745,0.08052,0.08641,0.001079,0.00037,2.6e-5,0.0004,0.0008,0.0011,0.0013,0.0018,0.00137,0.00046,3.3e-5,0.0005,0.0011,0.0013,0.00163,0.0024,0.920015,0.00501,0.000354,0.91099,0.91678,0.91995,0.9238,0.9294,0.00137,0.00046,3.3e-5,0.0005,0.0011,0.0013,0.00163,0.0024,0.922465,0.00484,0.000342,0.91359,0.91948,0.92255,0.9261,0.9312
100.5,0.077484,0.00484,0.000342,0.0688,0.07378,0.0773,0.0805,0.08612,0.001018,0.00036,2.5e-5,0.0004,0.00078,0.001,0.0012,0.0018,0.00132,0.00046,3.3e-5,0.0005,0.001,0.0013,0.0016,0.0023,0.920176,0.005,0.000353,0.91119,0.91702,0.92015,0.924,0.9295,0.00132,0.00046,3.3e-5,0.0005,0.001,0.0013,0.0016,0.0023,0.922516,0.00484,0.000342,0.91388,0.9195,0.9227,0.92622,0.9312
101.0,0.077442,0.00484,0.000342,0.0688,0.0737,0.0773,0.0805,0.08612,0.000968,0.00035,2.5e-5,0.0004,0.0007,0.001,0.0012,0.0017,0.00125,0.00044,3.1e-5,0.0005,0.00098,0.0012,0.0016,0.0021,0.92034,0.00498,0.000352,0.9112,0.9172,0.9203,0.92415,0.9296,0.00125,0.00044,3.1e-5,0.0005,0.00098,0.0012,0.0016,0.0021,0.922558,0.00484,0.000342,0.91388,0.9195,0.9227,0.9263,0.9312
101.5,0.077398,0.00484,0.000342,0.0687,0.07368,0.0772,0.0803,0.08611,0.000918,0.00036,2.5e-5,0.0003,0.0007,0.0009,0.0012,0.0017,0.001188,0.00041,2.9e-5,0.0005,0.0009,0.0011,0.0015,0.002,0.920496,0.00497,0.000351,0.91159,0.91732,0.92045,0.92432,0.9298,0.001188,0.00041,2.9e-5,0.0005,0.0009,0.0011,0.0015,0.002,0.922602,0.00484,0.000342,0.91389,0.9197,0.9228,0.92632,0.9313
102.0,0.077348,0.00484,0.000342,0.0687,0.0735,0.07715,0.0803,0.08601,0.000869,0.00035,2.5e-5,0.0003,0.0006,0.0009,0.0011,0.0016,0.001131,0.0004,2.8e-5,0.0005,0.0009,0.0011,0.0014,0.002,0.920652,0.00497,0.000352,0.91159,0.91757,0.92055,0.92452,0.9299,0.001131,0.0004,2.8e-5,0.0005,0.0009,0.0011,0.0014,0.002,0.922652,0.00484,0.000342,0.91399,0.9197,0.92285,0.9265,0.9313
102.5,0.077306,0.00483,0.000342,0.0686,0.0735,0.07705,0.08022,0.08591,0.000824,0.00035,2.5e-5,0.0002,0.0005,0.0008,0.0011,0.0016,0.001087,0.00038,2.7e-5,0.0004,0.0008,0.0011,0.0013,0.0019,0.920782,0.00496,0.000351,0.91169,0.91783,0.92075,0.92472,0.93,0.001087,0.00038,2.7e-5,0.0004,0.0008,0.0011,0.0013,0.0019,0.922694,0.00483,0.000342,0.91409,0.91978,0.92295,0.9265,0.9314
103.0,0.077264,0.00482,0.000341,0.0686,0.0735,0.07705,0.0801,0.08591,0.00079,0.00035,2.5e-5,0.0002,0.0005,0.0008,0.001,0.0015,0.001028,0.00038,2.7e-5,0.0004,0.0008,0.001,0.0013,0.00171,0.920918,0.00496,0.00035,0.91189,0.91795,0.9209,0.9248,0.9301,0.001028,0.00038,2.7e-5,0.0004,0.0008,0.001,0.0013,0.00171,0.922736,0.00482,0.000341,0.91409,0.9199,0.92295,0.9265,0.9314
103.5,0.077221,0.00483,0.000341,0.0686,0.07348,0.07705,0.0801,0.08591,0.000751,0.00033,2.3e-5,0.0002,0.0005,0.0007,0.001,0.0014,0.000984,0.00039,2.7e-5,0.0003,0.0007,0.001,0.0012,0.00181,0.921044,0.00494,0.00035,0.91199,0.91798,0.921,0.92492,0.9302,0.000984,0.00039,2.7e-5,0.0003,0.0007,0.001,0.0012,0.00181,0.922779,0.00483,0.000341,0.91409,0.9199,0.92295,0.92652,0.9314
104.0,0.077185,0.00482,0.000341,0.0686,0.0734,0.07695,0.08,0.08591,0.00072,0.00032,2.3e-5,0.0002,0.0005,0.0007,0.0009,0.0014,0.000929,0.00037,2.6e-5,0.0003,0.0007,0.0009,0.0011,0.0017,0.921167,0.00493,0.000349,0.9121,0.9181,0.92125,0.92495,0.9302,0.000929,0.00037,2.6e-5,0.0003,0.0007,0.0009,0.0011,0.0017,0.922815,0.00482,0.000341,0.9141,0.92,0.92305,0.9266,0.9314
104.5,0.077152,0.00482,0.000341,0.0686,0.0734,0.0769,0.08,0.08591,0.000678,0.00031,2.2e-5,0.0002,0.0004,0.0007,0.0008,0.0014,0.000886,0.00035,2.5e-5,0.0003,0.0006,0.00085,0.0011,0.0017,0.921284,0.00492,0.000348,0.9122,0.91828,0.9214,0.92512,0.93021,0.000886,0.00035,2.5e-5,0.0003,0.0006,0.00085,0.0011,0.0017,0.922848,0.00482,0.000341,0.9141,0.92,0.9231,0.9266,0.9314
105.0,0.077116,0.00481,0.00034,0.0685,0.0734,0.0769,0.07992,0.08591,0.000639,0.0003,2.1e-5,0.0002,0.0004,0.0006,0.0008,0.0013,0.000852,0.00036,2.6e-5,0.0003,0.0006,0.0008,0.0011,0.0016,0.921392,0.00492,0.000348,0.91229,0.9184,0.92145,0.92522,0.93021,0.000852,0.00036,2.6e-5,0.0003,0.0006,0.0008,0.0011,0.0016,0.922884,0.00481,0.00034,0.9141,0.92008,0.9231,0.9266,0.9315
105.5,0.077086,0.00482,0.000341,0.0684,0.0734,0.07685,0.07992,0.0859,0.000608,0.00029,2.1e-5,0.0002,0.0004,0.0006,0.0008,0.0013,0.000814,0.00035,2.5e-5,0.0002,0.0006,0.0008,0.001,0.0015,0.921492,0.00491,0.000347,0.9124,0.91848,0.9216,0.9253,0.9303,0.000814,0.00035,2.5e-5,0.0002,0.0006,0.0008,0.001,0.0015,0.922915,0.00482,0.000341,0.9141,0.92008,0.92315,0.9266,0.9316
106.0,0.077054,0.00482,0.000341,0.0684,0.0734,0.07675,0.07992,0.0859,0.000582,0.00028,2.0e-5,0.0001,0.0004,0.00055,0.0007,0.0012,0.000765,0.00035,2.5e-5,0.0002,0.0005,0.0007,0.00092,0.0016,0.921599,0.0049,0.000347,0.9126,0.9186,0.92165,0.92542,0.9305,0.000765,0.00035,2.5e-5,0.0002,0.0005,0.0007,0.00092,0.0016,0.922946,0.00482,0.000341,0.9141,0.92008,0.92325,0.9266,0.9316
106.5,0.07702,0.00481,0.00034,0.0684,0.0734,0.07675,0.07992,0.0858,0.000552,0.00027,1.9e-5,0.0001,0.0004,0.0005,0.0007,0.0012,0.000738,0.00034,2.4e-5,0.0002,0.0005,0.0007,0.0009,0.0016,0.921689,0.0049,0.000347,0.9127,0.9187,0.9218,0.9255,0.93061,0.000738,0.00034,2.4e-5,0.0002,0.0005,0.0007,0.0009,0.0016,0.92298,0.00481,0.00034,0.9142,0.92008,0.92325,0.9266,0.9316
107.0,0.076992,0.00481,0.00034,0.0684,0.0733,0.07675,0.0799,0.0858,0.000533,0.00027,1.9e-5,0.0001,0.0003,0.0005,0.0007,0.0011,0.000704,0.00033,2.4e-5,0.0001,0.00048,0.00065,0.0009,0.0014,0.921772,0.0049,0.000346,0.9127,0.91877,0.92195,0.92552,0.9309,0.000704,0.00033,2.4e-5,0.0001,0.00048,0.00065,0.0009,0.0014,0.923008,0.00481,0.00034,0.9142,0.9201,0.92325,0.9267,0.9316
107.5,0.076972,0.0048,0.00034,0.0684,0.0733,0.07675,0.0799,0.0857,0.000504,0.00026,1.9e-5,0.0001,0.0003,0.0005,0.0007,0.0011,0.000666,0.00032,2.2e-5,0.0002,0.0004,0.0006,0.0009,0.0013,0.921859,0.00489,0.000346,0.9129,0.9189,0.922,0.92562,0.9309,0.000666,0.00032,2.2e-5,0.0002,0.0004,0.0006,0.0009,0.0013,0.923028,0.0048,0.00034,0.9143,0.9201,0.92325,0.9267,0.9316
108.0,0.076949,0.0048,0.00034,0.0684,0.0733,0.07675,0.0798,0.0857,0.000484,0.00027,1.9e-5,0.0001,0.0003,0.0004,0.0006,0.0011,0.000618,0.00031,2.2e-5,0.0001,0.0004,0.0006,0.0008,0.0013,0.921948,0.00488,0.000345,0.913,0.919,0.9221,0.9257,0.9309,0.000618,0.00031,2.2e-5,0.0001,0.0004,0.0006,0.0008,0.0013,0.923051,0.0048,0.00034,0.9143,0.9202,0.92325,0.9267,0.9316
108.5,0.076928,0.0048,0.000339,0.0684,0.0733,0.07675,0.07972,0.0857,0.000467,0.00026,1.8e-5,0.0001,0.0003,0.0004,0.0006,0.0011,0.000586,0.00029,2.0e-5,0.0001,0.0004,0.00055,0.0008,0.0012,0.922018,0.00487,0.000344,0.91319,0.919,0.92225,0.92575,0.931,0.000586,0.00029,2.0e-5,0.0001,0.0004,0.00055,0.0008,0.0012,0.923072,0.0048,0.000339,0.9143,0.92028,0.92325,0.9267,0.9316
109.0,0.076904,0.0048,0.000339,0.0684,0.0733,0.0767,0.0797,0.0857,0.000449,0.00026,1.8e-5,0.0001,0.0003,0.0004,0.0006,0.001,0.000551,0.00028,2.0e-5,0.0001,0.0003,0.0005,0.0008,0.0011,0.922096,0.00486,0.000344,0.91329,0.9191,0.92235,0.92575,0.93101,0.000551,0.00028,2.0e-5,0.0001,0.0003,0.0005,0.0008,0.0011,0.923097,0.0048,0.000339,0.9143,0.9203,0.9233,0.9267,0.9316
109.5,0.076882,0.00479,0.000339,0.0683,0.0733,0.0767,0.0797,0.0857,0.000422,0.00024,1.7e-5,0.0001,0.0002,0.0004,0.0006,0.001,0.000528,0.00028,2.0e-5,0.0001,0.0003,0.0005,0.0007,0.0011,0.922168,0.00486,0.000344,0.91339,0.9191,0.9224,0.92585,0.93101,0.000528,0.00028,2.0e-5,0.0001,0.0003,0.0005,0.0007,0.0011,0.923119,0.00479,0.000339,0.9143,0.9203,0.9233,0.9267,0.9317
110.0,0.076864,0.00479,0.000339,0.06829,0.0733,0.0767,0.0796,0.0857,0.000399,0.00024,1.7e-5,0.0001,0.0002,0.0004,0.0005,0.0009,0.000505,0.00026,1.9e-5,0.0001,0.0003,0.0005,0.0007,0.001,0.922232,0.00486,0.000344,0.91339,0.9193,0.92245,0.92588,0.93101,0.000505,0.00026,1.9e-5,0.0001,0.0003,0.0005,0.0007,0.001,0.923136,0.00479,0.000339,0.9143,0.9204,0.9233,0.9267,0.9317
110.5,0.076844,0.00479,0.000339,0.0682,0.0733,0.07665,0.0796,0.0857,0.000381,0.00023,1.6e-5,0.0001,0.0002,0.0003,0.0005,0.0009,0.000479,0.00025,1.8e-5,0.0,0.0003,0.0005,0.0006,0.001,0.922295,0.00485,0.000343,0.91349,0.91948,0.9225,0.9261,0.9311,0.000479,0.00025,1.8e-5,0.0,0.0003,0.0005,0.0006,0.001,0.923156,0.00479,0.000339,0.9143,0.9204,0.92335,0.9267,0.9318
111.0,0.076829,0.0048,0.000339,0.0682,0.07328,0.07665,0.0796,0.0857,0.000358,0.00023,1.6e-5,0.0,0.0002,0.0003,0.0005,0.0009,0.00046,0.00025,1.8e-5,0.0001,0.0003,0.0004,0.0006,0.001,0.922353,0.00484,0.000342,0.9135,0.9195,0.9226,0.9262,0.9311,0.00046,0.00025,1.8e-5,0.0001,0.0003,0.0004,0.0006,0.001,0.923171,0.0048,0.000339,0.9143,0.9204,0.92335,0.92672,0.9318
111.5,0.076815,0.0048,0.000339,0.06819,0.0732,0.07665,0.0796,0.0857,0.000329,0.00021,1.5e-5,0.0,0.0002,0.0003,0.0005,0.0008,0.000444,0.00024,1.7e-5,0.0001,0.0002,0.0004,0.0006,0.001,0.922411,0.00485,0.000343,0.9135,0.9195,0.92265,0.9262,0.9314,0.000444,0.00024,1.7e-5,0.0001,0.0002,0.0004,0.0006,0.001,0.923185,0.0048,0.000339,0.9143,0.9204,0.92335,0.9268,0.9318
112.0,0.076796,0.0048,0.000339,0.06819,0.07318,0.07665,0.07952,0.0857,0.000315,0.00021,1.5e-5,0.0,0.0002,0.0003,0.0004,0.0007,0.000424,0.00024,1.7e-5,0.0001,0.0002,0.0004,0.0006,0.001,0.922465,0.00484,0.000342,0.9135,0.91975,0.92265,0.9262,0.9314,0.000424,0.00024,1.7e-5,0.0001,0.0002,0.0004,0.0006,0.001,0.923204,0.0048,0.000339,0.9143,0.92048,0.92335,0.92682,0.9318
112.5,0.07678,0.0048,0.000339,0.0681,0.07318,0.07665,0.07952,0.0857,0.000303,0.0002,1.4e-5,0.0,0.0002,0.0003,0.0004,0.0007,0.000398,0.00023,1.6e-5,0.0,0.0002,0.0004,0.0005,0.0009,0.922519,0.00484,0.000342,0.9136,0.91975,0.9228,0.9262,0.9315,0.000398,0.00023,1.6e-5,0.0,0.0002,0.0004,0.0005,0.0009,0.92322,0.0048,0.000339,0.9143,0.92048,0.92335,0.92682,0.9319
113.0,0.076764,0.0048,0.000339,0.0681,0.07318,0.0766,0.0795,0.0856,0.000293,0.0002,1.4e-5,0.0,0.0001,0.0003,0.0004,0.0007,0.000379,0.00022,1.6e-5,0.0,0.0002,0.0003,0.0005,0.0009,0.922564,0.00483,0.000341,0.9136,0.91978,0.92285,0.9263,0.9315,0.000379,0.00022,1.6e-5,0.0,0.0002,0.0003,0.0005,0.0009,0.923236,0.0048,0.000339,0.9144,0.9205,0.9234,0.92682,0.9319
113.5,0.076751,0.0048,0.000339,0.06809,0.07318,0.0766,0.0795,0.0856,0.00027,0.00019,1.4e-5,0.0,0.0001,0.0002,0.0004,0.0007,0.000373,0.00022,1.5e-5,0.0,0.0002,0.0003,0.0005,0.0009,0.922606,0.00482,0.000341,0.91369,0.9198,0.9229,0.9263,0.9315,0.000373,0.00022,1.5e-5,0.0,0.0002,0.0003,0.0005,0.0009,0.923249,0.0048,0.000339,0.9144,0.9205,0.9234,0.92682,0.9319
114.0,0.076736,0.0048,0.000339,0.06809,0.07318,0.0766,0.07942,0.0856,0.000261,0.00019,1.3e-5,0.0,0.0001,0.0002,0.0004,0.0007,0.000356,0.00022,1.5e-5,0.0,0.0002,0.0003,0.0005,0.0009,0.922647,0.00483,0.000341,0.91369,0.91988,0.923,0.9264,0.9315,0.000356,0.00022,1.5e-5,0.0,0.0002,0.0003,0.0005,0.0009,0.923264,0.0048,0.000339,0.9144,0.92058,0.9234,0.92682,0.93191
114.5,0.076722,0.0048,0.000339,0.06809,0.07318,0.0766,0.07942,0.0856,0.000249,0.00018,1.3e-5,0.0,0.0001,0.0002,0.0003,0.0007,0.000335,0.00022,1.6e-5,0.0,0.0002,0.0003,0.00042,0.0008,0.922693,0.00483,0.000341,0.91369,0.91988,0.923,0.9264,0.9315,0.000335,0.00022,1.6e-5,0.0,0.0002,0.0003,0.00042,0.0008,0.923278,0.0048,0.000339,0.9144,0.92058,0.9234,0.92682,0.93191
115.0,0.076707,0.0048,0.000339,0.06809,0.07318,0.0766,0.07942,0.0855,0.00024,0.00018,1.3e-5,0.0,0.0001,0.0002,0.0003,0.0007,0.00032,0.00023,1.6e-5,0.0,0.0002,0.0003,0.0004,0.0009,0.922734,0.00483,0.000342,0.91369,0.91998,0.923,0.9264,0.9316,0.00032,0.00023,1.6e-5,0.0,0.0002,0.0003,0.0004,0.0009,0.923293,0.0048,0.000339,0.9145,0.92058,0.9234,0.92682,0.93191
115.5,0.076693,0.00479,0.000339,0.06809,0.07318,0.0766,0.0794,0.0855,0.000238,0.00019,1.3e-5,0.0,0.0001,0.0002,0.0003,0.0007,0.000296,0.00021,1.5e-5,0.0,0.0001,0.0003,0.0004,0.0008,0.922773,0.00484,0.000342,0.91379,0.91998,0.92305,0.9264,0.9316,0.000296,0.00021,1.5e-5,0.0,0.0001,0.0003,0.0004,0.0008,0.923307,0.00479,0.000339,0.9145,0.9206,0.9234,0.92682,0.93191
116.0,0.076683,0.00479,0.000339,0.06809,0.07318,0.0766,0.0794,0.0855,0.000222,0.00017,1.2e-5,0.0,0.0001,0.0002,0.0003,0.0007,0.000288,0.00021,1.5e-5,0.0,0.0001,0.0003,0.0004,0.0007,0.922807,0.00484,0.000342,0.91379,0.92008,0.9231,0.9264,0.9316,0.000288,0.00021,1.5e-5,0.0,0.0001,0.0003,0.0004,0.0007,0.923317,0.00479,0.000339,0.9145,0.9206,0.9234,0.92682,0.93191
116.5,0.076674,0.00479,0.000339,0.06809,0.0731,0.0766,0.0794,0.0854,0.000207,0.00016,1.1e-5,0.0,0.0001,0.0002,0.0003,0.0006,0.000278,0.00021,1.5e-5,0.0,0.0001,0.0002,0.0004,0.0007,0.922841,0.00483,0.000342,0.91389,0.92008,0.9231,0.9264,0.9317,0.000278,0.00021,1.5e-5,0.0,0.0001,0.0002,0.0004,0.0007,0.923326,0.00479,0.000339,0.9146,0.9206,0.9234,0.9269,0.93191
117.0,0.07666,0.00479,0.000339,0.06809,0.0731,0.0766,0.0794,0.0854,0.000194,0.00016,1.1e-5,0.0,0.0001,0.0002,0.0003,0.0006,0.000271,0.0002,1.4e-5,0.0,0.0001,0.0002,0.0004,0.0007,0.922875,0.00483,0.000341,0.91389,0.9201,0.9231,0.9265,0.9318,0.000271,0.0002,1.4e-5,0.0,0.0001,0.0002,0.0004,0.0007,0.92334,0.00479,0.000339,0.9146,0.9206,0.9234,0.9269,0.93191
117.5,0.076651,0.00479,0.000339,0.06809,0.07308,0.0766,0.07933,0.0854,0.000183,0.00015,1.1e-5,0.0,0.0001,0.0002,0.0003,0.0006,0.000257,0.00018,1.3e-5,0.0,0.0001,0.0002,0.0004,0.0006,0.92291,0.00483,0.000342,0.91399,0.92018,0.9231,0.92655,0.9318,0.000257,0.00018,1.3e-5,0.0,0.0001,0.0002,0.0004,0.0006,0.923349,0.00479,0.000339,0.9146,0.92067,0.9234,0.92692,0.93191
118.0,0.076641,0.00479,0.000338,0.06809,0.07308,0.0766,0.07933,0.0854,0.000169,0.00014,1.0e-5,0.0,0.0001,0.0002,0.0002,0.0005,0.000252,0.00018,1.3e-5,0.0,0.0001,0.0002,0.0004,0.0007,0.922938,0.00483,0.000341,0.91399,0.92018,0.92315,0.92662,0.9318,0.000252,0.00018,1.3e-5,0.0,0.0001,0.0002,0.0004,0.0007,0.923358,0.00479,0.000338,0.9146,0.92067,0.9234,0.92692,0.93191
118.5,0.076635,0.00479,0.000339,0.06809,0.07308,0.0766,0.07933,0.0854,0.000162,0.00014,1.0e-5,0.0,0.0001,0.0001,0.0002,0.0005,0.000234,0.00018,1.2e-5,0.0,0.0001,0.0002,0.0003,0.0007,0.92297,0.00482,0.000341,0.91409,0.92018,0.92315,0.92662,0.9318,0.000234,0.00018,1.2e-5,0.0,0.0001,0.0002,0.0003,0.0007,0.923365,0.00479,0.000339,0.9146,0.92067,0.9234,0.92692,0.93191
119.0,0.076626,0.00479,0.000338,0.06809,0.07308,0.0766,0.07933,0.0854,0.000153,0.00013,9.0e-6,0.0,0.0001,0.0001,0.0002,0.0004,0.000222,0.00017,1.2e-5,0.0,0.0001,0.0002,0.0003,0.0007,0.922998,0.00482,0.000341,0.91409,0.92018,0.92315,0.92662,0.9318,0.000222,0.00017,1.2e-5,0.0,0.0001,0.0002,0.0003,0.0007,0.923374,0.00479,0.000338,0.9146,0.92067,0.9234,0.92692,0.93191
119.5,0.076616,0.00479,0.000338,0.06809,0.07308,0.0765,0.07933,0.0854,0.000149,0.00012,9.0e-6,0.0,0.0001,0.0001,0.0002,0.0004,0.000206,0.00017,1.2e-5,0.0,0.0001,0.0002,0.0003,0.0006,0.923028,0.00481,0.00034,0.9141,0.92028,0.9232,0.92662,0.9318,0.000206,0.00017,1.2e-5,0.0,0.0001,0.0002,0.0003,0.0006,0.923383,0.00479,0.000338,0.9146,0.92067,0.9235,0.92692,0.93191
120.0,0.076611,0.00479,0.000339,0.068,0.07308,0.0765,0.07933,0.0854,0.000137,0.00012,9.0e-6,0.0,0.0,0.0001,0.0002,0.0004,0.000202,0.00017,1.2e-5,0.0,0.0001,0.0002,0.0003,0.0006,0.92305,0.00481,0.00034,0.9141,0.92028,0.9232,0.92662,0.9318,0.000202,0.00017,1.2e-5,0.0,0.0001,0.0002,0.0003,0.0006,0.923389,0.00479,0.000339,0.9146,0.92067,0.9235,0.92692,0.93201
120.5,0.076606,0.00479,0.000339,0.068,0.07308,0.0765,0.07933,0.0854,0.000127,0.00012,8.0e-6,0.0,0.0,0.0001,0.0002,0.0004,0.000193,0.00017,1.2e-5,0.0,0.0001,0.0002,0.0003,0.0006,0.923074,0.00481,0.00034,0.9141,0.92028,0.9232,0.92662,0.9318,0.000193,0.00017,1.2e-5,0.0,0.0001,0.0002,0.0003,0.0006,0.923394,0.00479,0.000339,0.9146,0.92067,0.9235,0.92692,0.93201
121.0,0.0766,0.00479,0.000338,0.068,0.07308,0.0765,0.07933,0.0854,0.000121,0.00011,8.0e-6,0.0,0.0,0.0001,0.0002,0.0004,0.000185,0.00017,1.2e-5,0.0,0.0001,0.0001,0.0003,0.0006,0.923094,0.00481,0.00034,0.9141,0.92028,0.9232,0.92662,0.9319,0.000185,0.00017,1.2e-5,0.0,0.0001,0.0001,0.0003,0.0006,0.9234,0.00479,0.000338,0.9146,0.92067,0.9235,0.92692,0.93201
121.5,0.076594,0.00479,0.000339,0.068,0.07308,0.07645,0.07933,0.0854,0.000117,0.00011,8.0e-6,0.0,0.0,0.0001,0.0002,0.0004,0.00017,0.00016,1.1e-5,0.0,0.0001,0.0001,0.0002,0.0005,0.92312,0.00481,0.00034,0.9142,0.9203,0.9232,0.9267,0.9319,0.00017,0.00016,1.1e-5,0.0,0.0001,0.0001,0.0002,0.0005,0.923406,0.00479,0.000339,0.9146,0.92067,0.92355,0.92692,0.93201
122.0,0.076586,0.00479,0.000339,0.068,0.07308,0.07645,0.07933,0.0854,0.000114,0.00011,8.0e-6,0.0,0.0,0.0001,0.0002,0.0004,0.000159,0.00016,1.1e-5,0.0,0.0,0.0001,0.0002,0.0005,0.923142,0.00481,0.00034,0.9142,0.92038,0.9232,0.9267,0.9319,0.000159,0.00016,1.1e-5,0.0,0.0,0.0001,0.0002,0.0005,0.923414,0.00479,0.000339,0.9146,0.92067,0.92355,0.92692,0.93201
122.5,0.076581,0.00479,0.000339,0.068,0.07308,0.07645,0.07933,0.0854,0.000105,0.00011,8.0e-6,0.0,0.0,0.0001,0.0002,0.0004,0.000152,0.00016,1.1e-5,0.0,0.0,0.0001,0.0002,0.0005,0.923163,0.0048,0.00034,0.9142,0.92038,0.9233,0.9267,0.9319,0.000152,0.00016,1.1e-5,0.0,0.0,0.0001,0.0002,0.0005,0.923419,0.00479,0.000339,0.9146,0.92067,0.92355,0.92692,0.93201
123.0,0.076574,0.00479,0.000339,0.068,0.07308,0.07645,0.07933,0.0854,0.000102,0.00011,8.0e-6,0.0,0.0,0.0001,0.0002,0.0004,0.000142,0.00015,1.0e-5,0.0,0.0,0.0001,0.0002,0.0005,0.923181,0.0048,0.00034,0.9143,0.92048,0.9233,0.92672,0.9319,0.000142,0.00015,1.0e-5,0.0,0.0,0.0001,0.0002,0.0005,0.923425,0.00479,0.000339,0.9146,0.92067,0.92355,0.92692,0.93201
123.5,0.076568,0.00479,0.000339,0.068,0.07308,0.07645,0.07933,0.0854,9.9e-5,0.00011,8.0e-6,0.0,0.0,0.0001,0.0001,0.0004,0.000136,0.00015,1.1e-5,0.0,0.0,0.0001,0.0002,0.0005,0.923198,0.0048,0.00034,0.9143,0.92048,0.9233,0.92672,0.9319,0.000136,0.00015,1.1e-5,0.0,0.0,0.0001,0.0002,0.0005,0.923432,0.00479,0.000339,0.9146,0.92067,0.92355,0.92692,0.93201
124.0,0.076562,0.00479,0.000339,0.068,0.07308,0.07645,0.07933,0.0854,9.4e-5,0.00011,8.0e-6,0.0,0.0,0.0001,0.0001,0.0004,0.000128,0.00015,1.0e-5,0.0,0.0,0.0001,0.0002,0.0005,0.923216,0.0048,0.000339,0.9143,0.92048,0.92335,0.9268,0.9319,0.000128,0.00015,1.0e-5,0.0,0.0,0.0001,0.0002,0.0005,0.923438,0.00479,0.000339,0.9146,0.92067,0.92355,0.92692,0.93201
124.5,0.07656,0.00479,0.000339,0.068,0.073,0.07645,0.07933,0.0854,8.4e-5,0.0001,7.0e-6,0.0,0.0,0.0001,0.0001,0.0003,0.000125,0.00014,1.0e-5,0.0,0.0,0.0001,0.0002,0.0004,0.923232,0.0048,0.000339,0.9143,0.92048,0.92335,0.9268,0.9319,0.000125,0.00014,1.0e-5,0.0,0.0,0.0001,0.0002,0.0004,0.92344,0.00479,0.000339,0.9146,0.92067,0.92355,0.927,0.93201
125.0,0.076554,0.00479,0.000339,0.068,0.073,0.07645,0.07933,0.0854,8.1e-5,0.0001,7.0e-6,0.0,0.0,0.0001,0.0001,0.0003,0.000115,0.00014,1.0e-5,0.0,0.0,0.0001,0.0002,0.0005,0.92325,0.0048,0.000339,0.9143,0.92048,0.92335,0.9268,0.9319,0.000115,0.00014,1.0e-5,0.0,0.0,0.0001,0.0002,0.0005,0.923446,0.00479,0.000339,0.9146,0.92067,0.92355,0.927,0.93201
125.5,0.076549,0.00479,0.000339,0.068,0.073,0.07645,0.07933,0.0854,8.0e-5,0.0001,7.0e-6,0.0,0.0,0.0,0.0001,0.0003,0.000107,0.00013,9.0e-6,0.0,0.0,0.0001,0.0002,0.0004,0.923264,0.0048,0.000339,0.9144,0.92058,0.9234,0.9268,0.9319,0.000107,0.00013,9.0e-6,0.0,0.0,0.0001,0.0002,0.0004,0.923451,0.00479,0.000339,0.9146,0.92067,0.92355,0.927,0.93201
126.0,0.076546,0.00479,0.000339,0.068,0.07298,0.0764,0.07933,0.0854,7.0e-5,9.0e-5,7.0e-6,0.0,0.0,0.0,0.0001,0.0003,0.000106,0.00013,9.0e-6,0.0,0.0,0.0001,0.0002,0.0004,0.923279,0.0048,0.000339,0.9144,0.92058,0.9234,0.92682,0.9319,0.000106,0.00013,9.0e-6,0.0,0.0,0.0001,0.0002,0.0004,0.923454,0.00479,0.000339,0.9146,0.92067,0.9236,0.92702,0.93201
126.5,0.07654,0.00479,0.000339,0.068,0.07298,0.0764,0.07933,0.0854,6.8e-5,9.0e-5,6.0e-6,0.0,0.0,0.0,0.0001,0.0003,0.000104,0.00013,9.0e-6,0.0,0.0,0.0001,0.0002,0.0004,0.923289,0.0048,0.000339,0.9144,0.92058,0.9234,0.9269,0.9319,0.000104,0.00013,9.0e-6,0.0,0.0,0.0001,0.0002,0.0004,0.92346,0.00479,0.000339,0.9146,0.92067,0.9236,0.92702,0.93201
127.0,0.076539,0.00479,0.000339,0.068,0.07298,0.0764,0.07933,0.0854,6.5e-5,9.0e-5,6.0e-6,0.0,0.0,0.0,0.0001,0.0003,9.4e-5,0.00012,9.0e-6,0.0,0.0,5.0e-5,0.00012,0.0004,0.923303,0.0048,0.000339,0.9144,0.92065,0.92345,0.9269,0.9319,9.4e-5,0.00012,9.0e-6,0.0,0.0,5.0e-5,0.00012,0.0004,0.923461,0.00479,0.000339,0.9146,0.92067,0.9236,0.92702,0.93201
127.5,0.076536,0.00479,0.000339,0.068,0.07298,0.0764,0.07933,0.0854,6.2e-5,8.0e-5,6.0e-6,0.0,0.0,0.0,0.0001,0.0003,9.0e-5,0.00012,9.0e-6,0.0,0.0,0.0,0.0001,0.0004,0.923313,0.0048,0.000339,0.9144,0.92065,0.92345,0.9269,0.9319,9.0e-5,0.00012,9.0e-6,0.0,0.0,0.0,0.0001,0.0004,0.923464,0.00479,0.000339,0.9146,0.92067,0.9236,0.92702,0.93201
128.0,0.076534,0.00479,0.000339,0.068,0.07298,0.0764,0.07933,0.0854,5.8e-5,8.0e-5,6.0e-6,0.0,0.0,0.0,0.0001,0.0003,8.6e-5,0.00012,8.0e-6,0.0,0.0,0.0,0.0001,0.0003,0.923322,0.00479,0.000339,0.91449,0.92065,0.92345,0.9269,0.932,8.6e-5,0.00012,8.0e-6,0.0,0.0,0.0,0.0001,0.0003,0.923466,0.00479,0.000339,0.9146,0.92067,0.9236,0.92702,0.93201
128.5,0.076529,0.00479,0.000339,0.068,0.07298,0.0764,0.07933,0.0854,5.6e-5,9.0e-5,6.0e-6,0.0,0.0,0.0,0.0001,0.0003,8.4e-5,0.00012,8.0e-6,0.0,0.0,0.0,0.0001,0.0003,0.923332,0.00479,0.000339,0.91449,0.92065,0.92345,0.9269,0.932,8.4e-5,0.00012,8.0e-6,0.0,0.0,0.0,0.0001,0.0003,0.923471,0.00479,0.000339,0.9146,0.92067,0.9236,0.92702,0.93201
129.0,0.076526,0.00479,0.000339,0.068,0.07298,0.0764,0.07933,0.0854,5.4e-5,8.0e-5,6.0e-6,0.0,0.0,0.0,0.0001,0.0003,7.7e-5,0.00011,8.0e-6,0.0,0.0,0.0,0.0001,0.0003,0.923343,0.0048,0.000339,0.91449,0.92065,0.92345,0.9269,0.932,7.7e-5,0.00011,8.0e-6,0.0,0.0,0.0,0.0001,0.0003,0.923473,0.00479,0.000339,0.9146,0.92067,0.9236,0.92702,0.93201
129.5,0.076522,0.00479,0.000339,0.068,0.07298,0.0764,0.07933,0.0854,5.2e-5,9.0e-5,6.0e-6,0.0,0.0,0.0,0.0001,0.0003,7.6e-5,0.00011,8.0e-6,0.0,0.0,0.0,0.0001,0.0003,0.92335,0.00479,0.000339,0.91449,0.92065,0.92345,0.9269,0.932,7.6e-5,0.00011,8.0e-6,0.0,0.0,0.0,0.0001,0.0003,0.923477,0.00479,0.000339,0.9146,0.92067,0.9236,0.92702,0.93201
130.0,0.07652,0.00479,0.000339,0.068,0.07298,0.0764,0.07933,0.0854,4.9e-5,8.0e-5,6.0e-6,0.0,0.0,0.0,0.0001,0.0003,6.9e-5,0.0001,7.0e-6,0.0,0.0,0.0,0.0001,0.0003,0.923362,0.00479,0.000339,0.91449,0.92065,0.92345,0.9269,0.93201,6.9e-5,0.0001,7.0e-6,0.0,0.0,0.0,0.0001,0.0003,0.92348,0.00479,0.000339,0.9146,0.92067,0.9236,0.92702,0.93201
130.5,0.076518,0.00479,0.000338,0.068,0.07298,0.0764,0.07933,0.0854,4.6e-5,8.0e-5,6.0e-6,0.0,0.0,0.0,0.0001,0.0003,6.6e-5,0.00011,8.0e-6,0.0,0.0,0.0,0.0001,0.0003,0.923371,0.00479,0.000339,0.91449,0.92067,0.9235,0.9269,0.93201,6.6e-5,0.00011,8.0e-6,0.0,0.0,0.0,0.0001,0.0003,0.923482,0.00479,0.000338,0.9146,0.92067,0.9236,0.92702,0.93201
131.0,0.076516,0.00479,0.000338,0.068,0.07298,0.0764,0.07933,0.0854,4.2e-5,8.0e-5,5.0e-6,0.0,0.0,0.0,0.0001,0.0003,6.2e-5,0.0001,7.0e-6,0.0,0.0,0.0,0.0001,0.0003,0.92338,0.0048,0.000339,0.91449,0.92067,0.9235,0.9269,0.93201,6.2e-5,0.0001,7.0e-6,0.0,0.0,0.0,0.0001,0.0003,0.923484,0.00479,0.000338,0.9146,0.92067,0.9236,0.92702,0.93201
131.5,0.076513,0.00479,0.000338,0.068,0.07298,0.0764,0.07933,0.0854,4.0e-5,8.0e-5,5.0e-6,0.0,0.0,0.0,0.0001,0.0003,6.0e-5,0.0001,7.0e-6,0.0,0.0,0.0,0.0001,0.0003,0.923387,0.0048,0.000339,0.91449,0.92067,0.9235,0.9269,0.93201,6.0e-5,0.0001,7.0e-6,0.0,0.0,0.0,0.0001,0.0003,0.923486,0.00479,0.000338,0.9146,0.92067,0.9236,0.92702,0.93201
132.0,0.076512,0.00479,0.000338,0.068,0.07298,0.0764,0.07933,0.0854,3.5e-5,7.0e-5,5.0e-6,0.0,0.0,0.0,0.0001,0.0002,5.9e-5,9.0e-5,7.0e-6,0.0,0.0,0.0,0.0001,0.0003,0.923393,0.00479,0.000339,0.9145,0.92067,0.9235,0.9269,0.93201,5.9e-5,9.0e-5,7.0e-6,0.0,0.0,0.0,0.0001,0.0003,0.923487,0.00479,0.000338,0.9146,0.92067,0.9236,0.92702,0.93201
132.5,0.076508,0.00479,0.000338,0.068,0.07298,0.0764,0.07933,0.0854,3.6e-5,7.0e-5,5.0e-6,0.0,0.0,0.0,0.0001,0.0002,5.4e-5,9.0e-5,6.0e-6,0.0,0.0,0.0,0.0001,0.0003,0.923402,0.00479,0.000339,0.9145,0.92067,0.9235,0.9269,0.93201,5.4e-5,9.0e-5,6.0e-6,0.0,0.0,0.0,0.0001,0.0003,0.923492,0.00479,0.000338,0.9146,0.92067,0.9236,0.92702,0.93201
133.0,0.076508,0.00479,0.000338,0.068,0.07298,0.0764,0.07933,0.0854,3.1e-5,6.0e-5,5.0e-6,0.0,0.0,0.0,0.0,0.0002,5.5e-5,9.0e-5,6.0e-6,0.0,0.0,0.0,0.0001,0.0003,0.923406,0.00479,0.000339,0.9145,0.92067,0.9235,0.92692,0.93201,5.5e-5,9.0e-5,6.0e-6,0.0,0.0,0.0,0.0001,0.0003,0.923492,0.00479,0.000338,0.9146,0.92067,0.9236,0.92702,0.93201
133.5,0.076504,0.00479,0.000338,0.068,0.07298,0.0764,0.07933,0.0854,3.1e-5,6.0e-5,5.0e-6,0.0,0.0,0.0,0.0,0.0002,5.5e-5,9.0e-5,6.0e-6,0.0,0.0,0.0,0.0001,0.0003,0.92341,0.00479,0.000339,0.9145,0.92067,0.9235,0.92692,0.93201,5.5e-5,9.0e-5,6.0e-6,0.0,0.0,0.0,0.0001,0.0003,0.923496,0.00479,0.000338,0.9146,0.92067,0.9236,0.92702,0.93201
134.0,0.076502,0.00479,0.000338,0.068,0.07298,0.0764,0.07933,0.0854,2.9e-5,7.0e-5,5.0e-6,0.0,0.0,0.0,0.0,0.0002,5.4e-5,9.0e-5,6.0e-6,0.0,0.0,0.0,0.0001,0.0003,0.923415,0.00479,0.000339,0.9145,0.92067,0.92355,0.92692,0.93201,5.4e-5,9.0e-5,6.0e-6,0.0,0.0,0.0,0.0001,0.0003,0.923498,0.00479,0.000338,0.9146,0.92067,0.9236,0.92702,0.93201
134.5,0.076498,0.00479,0.000338,0.068,0.07298,0.0764,0.07933,0.0854,2.8e-5,7.0e-5,5.0e-6,0.0,0.0,0.0,0.0,0.0002,5.1e-5,8.0e-5,6.0e-6,0.0,0.0,0.0,0.0001,0.0003,0.923422,0.00479,0.000339,0.9145,0.92067,0.92355,0.92692,0.93201,5.1e-5,8.0e-5,6.0e-6,0.0,0.0,0.0,0.0001,0.0003,0.923502,0.00479,0.000338,0.9146,0.92067,0.9236,0.92702,0.93201
135.0,0.076498,0.00479,0.000338,0.068,0.07298,0.0764,0.07933,0.0854,2.6e-5,6.0e-5,5.0e-6,0.0,0.0,0.0,0.0,0.0002,5.1e-5,9.0e-5,6.0e-6,0.0,0.0,0.0,0.0001,0.0003,0.923426,0.00479,0.000339,0.9145,0.92067,0.92355,0.92692,0.93201,5.1e-5,9.0e-5,6.0e-6,0.0,0.0,0.0,0.0001,0.0003,0.923502,0.00479,0.000338,0.9146,0.92067,0.9236,0.92702,0.93201
135.5,0.076496,0.00479,0.000338,0.068,0.07298,0.0764,0.07933,0.0854,2.2e-5,6.0e-5,4.0e-6,0.0,0.0,0.0,0.0,0.0002,4.8e-5,8.0e-5,6.0e-6,0.0,0.0,0.0,0.0001,0.0003,0.923434,0.00479,0.000339,0.9146,0.92067,0.92355,0.92692,0.93201,4.8e-5,8.0e-5,6.0e-6,0.0,0.0,0.0,0.0001,0.0003,0.923504,0.00479,0.000338,0.9146,0.92067,0.9236,0.92702,0.93201
136.0,0.076491,0.00478,0.000338,0.068,0.07298,0.0764,0.07933,0.0854,2.6e-5,6.0e-5,4.0e-6,0.0,0.0,0.0,0.0,0.0002,4.5e-5,8.0e-5,6.0e-6,0.0,0.0,0.0,0.0001,0.0002,0.923438,0.00479,0.000339,0.9146,0.92067,0.92355,0.92692,0.93201,4.5e-5,8.0e-5,6.0e-6,0.0,0.0,0.0,0.0001,0.0002,0.923508,0.00478,0.000338,0.9146,0.92067,0.9236,0.92702,0.93201
136.5,0.07649,0.00478,0.000338,0.068,0.07298,0.0764,0.07933,0.0854,2.3e-5,6.0e-5,4.0e-6,0.0,0.0,0.0,0.0,0.0002,4.1e-5,7.0e-5,5.0e-6,0.0,0.0,0.0,0.0001,0.0002,0.923446,0.00479,0.000339,0.9146,0.92067,0.92355,0.92692,0.93201,4.1e-5,7.0e-5,5.0e-6,0.0,0.0,0.0,0.0001,0.0002,0.923509,0.00478,0.000338,0.9146,0.92067,0.9236,0.92702,0.93201
137.0,0.076489,0.00479,0.000338,0.068,0.07298,0.0764,0.07933,0.0854,2.2e-5,5.0e-5,4.0e-6,0.0,0.0,0.0,0.0,0.0002,3.9e-5,7.0e-5,5.0e-6,0.0,0.0,0.0,0.0001,0.0002,0.923451,0.00479,0.000339,0.9146,0.92067,0.92355,0.92692,0.93201,3.9e-5,7.0e-5,5.0e-6,0.0,0.0,0.0,0.0001,0.0002,0.923511,0.00479,0.000338,0.9146,0.92067,0.9236,0.92702,0.93201
137.5,0.076489,0.00479,0.000338,0.068,0.07298,0.0764,0.07933,0.0854,1.9e-5,5.0e-5,4.0e-6,0.0,0.0,0.0,0.0,0.0002,3.7e-5,7.0e-5,5.0e-6,0.0,0.0,0.0,0.0001,0.0002,0.923455,0.00479,0.000339,0.9146,0.92067,0.92355,0.92692,0.93201,3.7e-5,7.0e-5,5.0e-6,0.0,0.0,0.0,0.0001,0.0002,0.923511,0.00479,0.000338,0.9146,0.92067,0.9236,0.92702,0.93201
138.0,0.076487,0.00478,0.000338,0.068,0.07298,0.0764,0.07933,0.0854,1.9e-5,5.0e-5,3.0e-6,0.0,0.0,0.0,0.0,0.0002,3.5e-5,7.0e-5,5.0e-6,0.0,0.0,0.0,0.0001,0.0002,0.923459,0.00479,0.000339,0.9146,0.92067,0.92355,0.92692,0.93201,3.5e-5,7.0e-5,5.0e-6,0.0,0.0,0.0,0.0001,0.0002,0.923513,0.00478,0.000338,0.9146,0.92067,0.9236,0.92702,0.93201
138.5,0.076486,0.00478,0.000338,0.068,0.07298,0.0764,0.07933,0.0854,1.7e-5,5.0e-5,3.0e-6,0.0,0.0,0.0,0.0,0.0002,3.3e-5,7.0e-5,5.0e-6,0.0,0.0,0.0,0.0,0.0002,0.923464,0.00479,0.000339,0.9146,0.92067,0.92355,0.92692,0.93201,3.3e-5,7.0e-5,5.0e-6,0.0,0.0,0.0,0.0,0.0002,0.923514,0.00478,0.000338,0.9146,0.92067,0.9236,0.92702,0.93201
139.0,0.076485,0.00479,0.000338,0.068,0.0729,0.0764,0.07933,0.0854,1.5e-5,4.0e-5,3.0e-6,0.0,0.0,0.0,0.0,0.0001,3.2e-5,7.0e-5,5.0e-6,0.0,0.0,0.0,0.0,0.0002,0.923468,0.00479,0.000339,0.9146,0.92067,0.92355,0.92692,0.93201,3.2e-5,7.0e-5,5.0e-6,0.0,0.0,0.0,0.0,0.0002,0.923515,0.00479,0.000338,0.9146,0.92067,0.9236,0.9271,0.93201
139.5,0.076484,0.00478,0.000338,0.068,0.0729,0.0764,0.07933,0.0854,1.3e-5,4.0e-5,3.0e-6,0.0,0.0,0.0,0.0,0.0001,3.1e-5,7.0e-5,5.0e-6,0.0,0.0,0.0,0.0,0.0002,0.923472,0.00479,0.000339,0.9146,0.92067,0.92355,0.92692,0.93201,3.1e-5,7.0e-5,5.0e-6,0.0,0.0,0.0,0.0,0.0002,0.923515,0.00478,0.000338,0.9146,0.92067,0.9236,0.9271,0.93201
140.0,0.076484,0.00479,0.000338,0.068,0.0729,0.0764,0.07933,0.0854,1.2e-5,4.0e-5,3.0e-6,0.0,0.0,0.0,0.0,0.0001,2.9e-5,7.0e-5,5.0e-6,0.0,0.0,0.0,0.0,0.0002,0.923475,0.00479,0.000339,0.9146,0.92067,0.92355,0.92692,0.93201,2.9e-5,7.0e-5,5.0e-6,0.0,0.0,0.0,0.0,0.0002,0.923516,0.00479,0.000338,0.9146,0.92067,0.9236,0.9271,0.93201
140.5,0.076483,0.00478,0.000338,0.068,0.0729,0.0764,0.07933,0.0854,8.0e-6,3.0e-5,2.0e-6,0.0,0.0,0.0,0.0,0.0001,3.0e-5,7.0e-5,5.0e-6,0.0,0.0,0.0,0.0,0.0002,0.923478,0.00479,0.000339,0.9146,0.92067,0.92355,0.92692,0.93201,3.0e-5,7.0e-5,5.0e-6,0.0,0.0,0.0,0.0,0.0002,0.923517,0.00478,0.000338,0.9146,0.92067,0.9236,0.9271,0.93201
141.0,0.076482,0.00478,0.000338,0.068,0.0729,0.0764,0.07933,0.0854,9.0e-6,3.0e-5,2.0e-6,0.0,0.0,0.0,0.0,0.0001,2.8e-5,6.0e-5,4.0e-6,0.0,0.0,0.0,0.0,0.0002,0.923481,0.00479,0.000339,0.9146,0.92067,0.92355,0.92692,0.93201,2.8e-5,6.0e-5,4.0e-6,0.0,0.0,0.0,0.0,0.0002,0.923518,0.00478,0.000338,0.9146,0.92067,0.9236,0.9271,0.93201
141.5,0.076481,0.00479,0.000338,0.068,0.0729,0.0764,0.07933,0.0854,8.0e-6,3.0e-5,2.0e-6,0.0,0.0,0.0,0.0,0.0001,2.5e-5,6.0e-5,4.0e-6,0.0,0.0,0.0,0.0,0.0002,0.923485,0.00479,0.000339,0.9146,0.92067,0.92355,0.92692,0.93201,2.5e-5,6.0e-5,4.0e-6,0.0,0.0,0.0,0.0,0.0002,0.923519,0.00479,0.000338,0.9146,0.92067,0.9236,0.9271,0.93201
142.0,0.076479,0.00479,0.000338,0.068,0.0729,0.0764,0.07933,0.0854,1.0e-5,4.0e-5,3.0e-6,0.0,0.0,0.0,0.0,0.0001,2.1e-5,5.0e-5,4.0e-6,0.0,0.0,0.0,0.0,0.0002,0.923489,0.00479,0.000338,0.9146,0.92067,0.92355,0.92692,0.93201,2.1e-5,5.0e-5,4.0e-6,0.0,0.0,0.0,0.0,0.0002,0.92352,0.00479,0.000338,0.9146,0.92067,0.9236,0.9271,0.93201
142.5,0.076478,0.00479,0.000338,0.068,0.0729,0.0764,0.07933,0.0854,1.0e-5,4.0e-5,3.0e-6,0.0,0.0,0.0,0.0,0.0001,2.0e-5,5.0e-5,4.0e-6,0.0,0.0,0.0,0.0,0.0002,0.92349,0.00479,0.000338,0.9146,0.92067,0.92355,0.92692,0.93201,2.0e-5,5.0e-5,4.0e-6,0.0,0.0,0.0,0.0,0.0002,0.923521,0.00479,0.000338,0.9146,0.92067,0.9236,0.9271,0.93201
143.0,0.076478,0.00479,0.000338,0.068,0.0729,0.0764,0.07933,0.0854,1.1e-5,4.0e-5,3.0e-6,0.0,0.0,0.0,0.0,0.0001,2.0e-5,5.0e-5,4.0e-6,0.0,0.0,0.0,0.0,0.0002,0.923491,0.00479,0.000338,0.9146,0.92067,0.92355,0.92692,0.93201,2.0e-5,5.0e-5,4.0e-6,0.0,0.0,0.0,0.0,0.0002,0.923522,0.00479,0.000338,0.9146,0.92067,0.9236,0.9271,0.93201
143.5,0.076478,0.00479,0.000338,0.068,0.0729,0.0764,0.07933,0.0854,1.1e-5,4.0e-5,3.0e-6,0.0,0.0,0.0,0.0,0.0001,1.9e-5,5.0e-5,4.0e-6,0.0,0.0,0.0,0.0,0.0002,0.923493,0.00478,0.000338,0.9146,0.92067,0.92355,0.927,0.93201,1.9e-5,5.0e-5,4.0e-6,0.0,0.0,0.0,0.0,0.0002,0.923522,0.00479,0.000338,0.9146,0.92067,0.9236,0.9271,0.93201
144.0,0.076477,0.00479,0.000338,0.068,0.0729,0.0764,0.07933,0.0854,1.1e-5,4.0e-5,3.0e-6,0.0,0.0,0.0,0.0,0.0001,1.6e-5,5.0e-5,3.0e-6,0.0,0.0,0.0,0.0,0.0001,0.923495,0.00478,0.000338,0.9146,0.92067,0.92355,0.927,0.93201,1.6e-5,5.0e-5,3.0e-6,0.0,0.0,0.0,0.0,0.0001,0.923523,0.00479,0.000338,0.9146,0.92067,0.9236,0.9271,0.93201
144.5,0.076477,0.00479,0.000338,0.068,0.0729,0.0764,0.07933,0.0854,1.0e-5,4.0e-5,3.0e-6,0.0,0.0,0.0,0.0,0.0001,1.4e-5,4.0e-5,3.0e-6,0.0,0.0,0.0,0.0,0.0001,0.923499,0.00478,0.000338,0.9146,0.92067,0.92355,0.92702,0.93201,1.4e-5,4.0e-5,3.0e-6,0.0,0.0,0.0,0.0,0.0001,0.923523,0.00479,0.000338,0.9146,0.92067,0.9236,0.9271,0.93201
145.0,0.076477,0.00479,0.000338,0.068,0.0729,0.0764,0.07933,0.0854,9.0e-6,3.0e-5,2.0e-6,0.0,0.0,0.0,0.0,0.0001,1.3e-5,4.0e-5,3.0e-6,0.0,0.0,0.0,0.0,0.0001,0.923501,0.00478,0.000338,0.9146,0.92067,0.92355,0.92702,0.93201,1.3e-5,4.0e-5,3.0e-6,0.0,0.0,0.0,0.0,0.0001,0.923523,0.00479,0.000338,0.9146,0.92067,0.9236,0.9271,0.93201
145.5,0.076476,0.00479,0.000338,0.068,0.0729,0.0764,0.07933,0.0854,8.0e-6,3.0e-5,2.0e-6,0.0,0.0,0.0,0.0,0.0001,1.4e-5,5.0e-5,3.0e-6,0.0,0.0,0.0,0.0,0.0001,0.923502,0.00478,0.000338,0.9146,0.92067,0.92355,0.92702,0.93201,1.4e-5,5.0e-5,3.0e-6,0.0,0.0,0.0,0.0,0.0001,0.923524,0.00479,0.000338,0.9146,0.92067,0.9236,0.9271,0.93201
146.0,0.076476,0.00479,0.000338,0.068,0.0729,0.0764,0.07933,0.0854,8.0e-6,3.0e-5,2.0e-6,0.0,0.0,0.0,0.0,0.0001,1.4e-5,4.0e-5,3.0e-6,0.0,0.0,0.0,0.0,0.0002,0.923502,0.00478,0.000338,0.9146,0.92067,0.92355,0.92702,0.93201,1.4e-5,4.0e-5,3.0e-6,0.0,0.0,0.0,0.0,0.0002,0.923524,0.00479,0.000338,0.9146,0.92067,0.9236,0.9271,0.93201
146.5,0.076476,0.00479,0.000338,0.068,0.0729,0.0764,0.07933,0.0854,7.0e-6,3.0e-5,2.0e-6,0.0,0.0,0.0,0.0,0.0001,1.5e-5,5.0e-5,4.0e-6,0.0,0.0,0.0,0.0,0.0002,0.923502,0.00478,0.000338,0.9146,0.92067,0.92355,0.92702,0.93201,1.5e-5,5.0e-5,4.0e-6,0.0,0.0,0.0,0.0,0.0002,0.923524,0.00479,0.000338,0.9146,0.92067,0.9236,0.9271,0.93201
147.0,0.076476,0.00479,0.000338,0.068,0.0729,0.0764,0.07933,0.0854,6.0e-6,3.0e-5,2.0e-6,0.0,0.0,0.0,0.0,0.0001,1.3e-5,4.0e-5,3.0e-6,0.0,0.0,0.0,0.0,0.0002,0.923505,0.00478,0.000338,0.9146,0.92067,0.9236,0.92702,0.93201,1.3e-5,4.0e-5,3.0e-6,0.0,0.0,0.0,0.0,0.0002,0.923524,0.00479,0.000338,0.9146,0.92067,0.9236,0.9271,0.93201
147.5,0.076476,0.00479,0.000338,0.068,0.0729,0.0764,0.07933,0.0854,5.0e-6,3.0e-5,2.0e-6,0.0,0.0,0.0,0.0,0.0001,1.4e-5,5.0e-5,3.0e-6,0.0,0.0,0.0,0.0,0.0002,0.923505,0.00478,0.000338,0.9146,0.92067,0.9236,0.92702,0.93201,1.4e-5,5.0e-5,3.0e-6,0.0,0.0,0.0,0.0,0.0002,0.923524,0.00479,0.000338,0.9146,0.92067,0.9236,0.9271,0.93201
148.0,0.076476,0.00479,0.000338,0.068,0.0729,0.0764,0.07933,0.0854,5.0e-6,3.0e-5,2.0e-6,0.0,0.0,0.0,0.0,0.0001,1.0e-5,3.0e-5,2.0e-6,0.0,0.0,0.0,0.0,0.0001,0.923509,0.00478,0.000338,0.9146,0.92067,0.9236,0.92702,0.93201,1.0e-5,3.0e-5,2.0e-6,0.0,0.0,0.0,0.0,0.0001,0.923524,0.00479,0.000338,0.9146,0.92067,0.9236,0.9271,0.93201
148.5,0.076476,0.00479,0.000338,0.068,0.0729,0.0764,0.07933,0.0854,4.0e-6,2.0e-5,2.0e-6,0.0,0.0,0.0,0.0,0.0001,8.0e-6,3.0e-5,2.0e-6,0.0,0.0,0.0,0.0,0.0001,0.923511,0.00478,0.000338,0.9146,0.92067,0.9236,0.92702,0.93201,8.0e-6,3.0e-5,2.0e-6,0.0,0.0,0.0,0.0,0.0001,0.923524,0.00479,0.000338,0.9146,0.92067,0.9236,0.9271,0.93201
149.0,0.076476,0.00479,0.000338,0.068,0.0729,0.0764,0.07933,0.0854,4.0e-6,2.0e-5,2.0e-6,0.0,0.0,0.0,0.0,0.0001,8.0e-6,3.0e-5,2.0e-6,0.0,0.0,0.0,0.0,0.0001,0.923512,0.00478,0.000338,0.9146,0.92067,0.9236,0.92702,0.93201,8.0e-6,3.0e-5,2.0e-6,0.0,0.0,0.0,0.0,0.0001,0.923524,0.00479,0.000338,0.9146,0.92067,0.9236,0.9271,0.93201
149.5,0.076476,0.00479,0.000338,0.068,0.0729,0.0764,0.07933,0.0854,4.0e-6,2.0e-5,1.0e-6,0.0,0.0,0.0,0.0,0.0001,8.0e-6,3.0e-5,2.0e-6,0.0,0.0,0.0,0.0,0.0001,0.923513,0.00478,0.000338,0.9146,0.92067,0.9236,0.92702,0.93201,8.0e-6,3.0e-5,2.0e-6,0.0,0.0,0.0,0.0,0.0001,0.923524,0.00479,0.000338,0.9146,0.92067,0.9236,0.9271,0.93201
150.0,0.076476,0.00479,0.000338,0.068,0.0729,0.0764,0.07933,0.0854,4.0e-6,2.0e-5,1.0e-6,0.0,0.0,0.0,0.0,0.0001,7.0e-6,3.0e-5,2.0e-6,0.0,0.0,0.0,0.0,0.0001,0.923514,0.00478,0.000338,0.9146,0.92067,0.9236,0.92702,0.93201,7.0e-6,3.0e-5,2.0e-6,0.0,0.0,0.0,0.0,0.0001,0.923524,0.00479,0.000338,0.9146,0.92067,0.9236,0.9271,0.93201
