t,cond.S.mean,cond.S.sd,cond.S.se,cond.S.q025,cond.S.q25,cond.S.q50,cond.S.q75,cond.S.q975,cond.I.mean,cond.I.sd,cond.I.se,cond.I.q025,cond.I.q25,cond.I.q50,cond.I.q75,cond.I.q975,cond.R.mean,cond.R.sd,cond.R.se,cond.R.q025,cond.R.q25,cond.R.q50,cond.R.q75,cond.R.q975,cond.infectious.mean,cond.infectious.sd,cond.infectious.se,cond.infectious.q025,cond.infectious.q25,cond.infectious.q50,cond.infectious.q75,cond.infectious.q975,cond.cumulative.mean,cond.cumulative.sd,cond.cumulative.se,cond.cumulative.q025,cond.cumulative.q25,cond.cumulative.q50,cond.cumulative.q75,cond.cumulative.q975
0.0,0.99,0.0,0.0,0.99,0.99,0.99,0.99,0.99,0.01,0.0,0.0,0.01,0.01,0.01,0.01,0.01,0.0,0.0,0.0,0.0,0.0,0.0,0.0,0.0,0.01,0.0,0.0,0.01,0.01,0.01,0.01,0.01,0.01,0.0,0.0,0.01,0.01,0.01,0.01,0.01
0.25,0.988946,0.00034,2.4e-5,0.9883,0.9887,0.9889,0.9892,0.9896,0.010403,0.00043,3.0e-5,0.0096,0.0101,0.0104,0.0107,0.0111,0.000652,0.00025,1.7e-5,0.0002,0.0005,0.0006,0.0008,0.0012,0.010403,0.00043,3.0e-5,0.0096,0.0101,0.0104,0.0107,0.0111,0.011055,0.00034,2.4e-5,0.0104,0.0108,0.0111,0.0113,0.0117
0.5,0.987827,0.0005,3.5e-5,0.9869,0.9875,0.9879,0.9881,0.9888,0.010866,0.00059,4.2e-5,0.0097,0.0105,0.0109,0.0112,0.0121,0.001307,0.00033,2.3e-5,0.0007,0.0011,0.0013,0.0015,0.002,0.010866,0.00059,4.2e-5,0.0097,0.0105,0.0109,0.0112,0.0121,0.012173,0.0005,3.5e-5,0.0112,0.0119,0.0121,0.0125,0.01311
0.75,0.986635,0.00068,4.8e-5,0.9851,0.9862,0.9866,0.9871,0.988,0.011382,0.00078,5.5e-5,0.0098,0.01088,0.0114,0.0119,0.013,0.001984,0.0004,2.8e-5,0.0011,0.0017,0.002,0.0022,0.0027,0.011382,0.00078,5.5e-5,0.0098,0.01088,0.0114,0.0119,0.013,0.013365,0.00068,4.8e-5,0.012,0.0129,0.0134,0.0138,0.01491
1.0,0.985374,0.00086,6.1e-5,0.98369,0.98488,0.9854,0.9859,0.9871,0.01193,0.00093,6.6e-5,0.0101,0.0113,0.01195,0.0125,0.0138,0.002695,0.00043,3.0e-5,0.0019,0.0024,0.0027,0.003,0.0035,0.01193,0.00093,6.6e-5,0.0101,0.0113,0.01195,0.0125,0.0138,0.014626,0.00086,6.1e-5,0.0129,0.0141,0.0146,0.01512,0.01631
1.25,0.98401,0.00101,7.1e-5,0.982,0.9833,0.984,0.9847,0.986,0.012554,0.00106,7.5e-5,0.0105,0.0118,0.0125,0.0133,0.0145,0.003437,0.0005,3.5e-5,0.0026,0.0031,0.0034,0.0038,0.0044,0.012554,0.00106,7.5e-5,0.0105,0.0118,0.0125,0.0133,0.0145,0.01599,0.00101,7.1e-5,0.014,0.0153,0.016,0.0167,0.018
1.5,0.982617,0.0012,8.5e-5,0.9802,0.9818,0.9826,0.9834,0.9851,0.013171,0.00125,8.9e-5,0.0105,0.01228,0.0132,0.01392,0.0157,0.004212,0.00059,4.2e-5,0.0032,0.0038,0.0042,0.0047,0.0054,0.013171,0.00125,8.9e-5,0.0105,0.01228,0.0132,0.01392,0.0157,0.017382,0.0012,8.5e-5,0.0149,0.0166,0.0174,0.0182,0.0198
1.75,0.98116,0.00137,9.7e-5,0.9784,0.9803,0.9812,0.98192,0.9838,0.013832,0.00138,9.7e-5,0.011,0.0131,0.0138,0.0147,0.0166,0.005008,0.00063,4.5e-5,0.0039,0.0045,0.0051,0.0054,0.0062,0.013832,0.00138,9.7e-5,0.011,0.0131,0.0138,0.0147,0.0166,0.01884,0.00137,9.7e-5,0.01619,0.01808,0.0188,0.0197,0.0216
2.0,0.979584,0.00161,0.000114,0.9761,0.97858,0.9797,0.9804,0.9828,0.01453,0.00155,0.00011,0.01159,0.0135,0.0145,0.0156,0.01761,0.005886,0.00067,4.8e-5,0.0046,0.0054,0.00585,0.0064,0.0071,0.01453,0.00155,0.00011,0.01159,0.0135,0.0145,0.0156,0.01761,0.020415,0.00161,0.000114,0.0172,0.0196,0.0203,0.02142,0.02391
2.25,0.977896,0.00186,0.000131,0.9739,0.97668,0.97795,0.97902,0.98131,0.015258,0.00172,0.000122,0.01219,0.0141,0.0152,0.0165,0.0181,0.006846,0.00072,5.1e-5,0.0055,0.0064,0.0068,0.0073,0.0082,0.015258,0.00172,0.000122,0.01219,0.0141,0.0152,0.0165,0.0181,0.022104,0.00186,0.000131,0.01869,0.02098,0.02205,0.02332,0.0261
2.5,0.976104,0.00214,0.000152,0.9719,0.9748,0.9762,0.97742,0.9801,0.016078,0.00193,0.000136,0.0123,0.0147,0.0159,0.0174,0.0193,0.007818,0.00077,5.5e-5,0.0063,0.0073,0.0078,0.0083,0.0093,0.016078,0.00193,0.000136,0.0123,0.0147,0.0159,0.0174,0.0193,0.023896,0.00214,0.000152,0.0199,0.02258,0.0238,0.0252,0.0281
2.75,0.97423,0.00234,0.000166,0.9698,0.9727,0.9743,0.976,0.9789,0.0169,0.00206,0.000145,0.0132,0.0156,0.0168,0.01813,0.0207,0.008869,0.00086,6.1e-5,0.0074,0.0083,0.0088,0.0095,0.0103,0.0169,0.00206,0.000145,0.0132,0.0156,0.0168,0.01813,0.0207,0.025769,0.00234,0.000166,0.0211,0.024,0.0257,0.0273,0.03021
3.0,0.972253,0.00262,0.000186,0.96748,0.9705,0.97235,0.9742,0.977,0.017799,0.00223,0.000158,0.01359,0.0164,0.0175,0.01922,0.0224,0.009948,0.00097,6.8e-5,0.0082,0.0092,0.0099,0.0106,0.0118,0.017799,0.00223,0.000158,0.01359,0.0164,0.0175,0.01922,0.0224,0.027747,0.00262,0.000186,0.023,0.0258,0.02765,0.0295,0.03252
3.25,0.970086,0.00292,0.000206,0.964,0.9682,0.9702,0.9721,0.9757,0.018793,0.00243,0.000172,0.01429,0.0173,0.0185,0.02022,0.02391,0.011121,0.00103,7.3e-5,0.0094,0.01037,0.0111,0.0118,0.0134,0.018793,0.00243,0.000172,0.01429,0.0173,0.0185,0.02022,0.02391,0.029914,0.00292,0.000206,0.0243,0.0279,0.0298,0.0318,0.036
3.5,0.967837,0.00328,0.000232,0.96109,0.96578,0.96805,0.96992,0.9745,0.019834,0.00264,0.000187,0.01479,0.0182,0.01955,0.0214,0.02522,0.012329,0.0012,8.5e-5,0.0101,0.0115,0.0124,0.0131,0.0147,0.019834,0.00264,0.000187,0.01479,0.0182,0.01955,0.0214,0.02522,0.032164,0.00328,0.000232,0.02549,0.03007,0.03195,0.03422,0.03891
3.75,0.965486,0.00364,0.000258,0.95819,0.9634,0.9658,0.9679,0.9724,0.020912,0.00287,0.000203,0.0151,0.01938,0.0206,0.0226,0.02661,0.013603,0.00135,9.5e-5,0.01119,0.0125,0.0136,0.0145,0.01621,0.020912,0.00287,0.000203,0.0151,0.01938,0.0206,0.0226,0.02661,0.034514,0.00364,0.000258,0.0276,0.0321,0.0342,0.0366,0.04181
4.0,0.96298,0.00402,0.000284,0.95509,0.96058,0.96355,0.9657,0.9708,0.022042,0.00311,0.00022,0.0156,0.0201,0.0219,0.0238,0.02811,0.014978,0.00148,0.000104,0.01249,0.0139,0.0149,0.016,0.01781,0.022042,0.00311,0.00022,0.0156,0.0201,0.0219,0.0238,0.02811,0.03702,0.00402,0.000284,0.0292,0.0343,0.03645,0.03942,0.04491
4.25,0.960362,0.00439,0.000311,0.95149,0.95748,0.9609,0.9633,0.96871,0.023285,0.00333,0.000236,0.01719,0.0212,0.023,0.0253,0.0303,0.016354,0.00165,0.000117,0.0135,0.01518,0.0163,0.01742,0.01981,0.023285,0.00333,0.000236,0.01719,0.0212,0.023,0.0253,0.0303,0.039638,0.00439,0.000311,0.03129,0.0367,0.0391,0.04252,0.04851
4.5,0.957571,0.00481,0.00034,0.9476,0.9547,0.9578,0.96082,0.967,0.024603,0.00353,0.000249,0.01809,0.0223,0.0244,0.02635,0.0324,0.017826,0.00184,0.00013,0.0145,0.0163,0.0178,0.019,0.0216,0.024603,0.00353,0.000249,0.01809,0.0223,0.0244,0.02635,0.0324,0.042429,0.00481,0.00034,0.033,0.03918,0.0422,0.0453,0.0524
4.75,0.954718,0.00526,0.000372,0.9433,0.9516,0.955,0.9582,0.96491,0.025842,0.00375,0.000265,0.01879,0.02368,0.02565,0.0281,0.03391,0.01944,0.00206,0.000146,0.01589,0.0178,0.01935,0.0208,0.0234,0.025842,0.00375,0.000265,0.01879,0.02368,0.02565,0.0281,0.03391,0.045282,0.00526,0.000372,0.03509,0.0418,0.045,0.0484,0.0567
5.0,0.951715,0.00577,0.000408,0.9394,0.94838,0.9519,0.9557,0.9632,0.027215,0.00409,0.000289,0.02008,0.0245,0.027,0.0296,0.03631,0.021069,0.0022,0.000156,0.01719,0.0195,0.02105,0.0225,0.0252,0.027215,0.00409,0.000289,0.02008,0.0245,0.027,0.0296,0.03631,0.048285,0.00577,0.000408,0.0368,0.0443,0.0481,0.05162,0.0606
5.25,0.94865,0.00618,0.000437,0.93578,0.94528,0.949,0.95255,0.96003,0.028566,0.00427,0.000302,0.0209,0.0257,0.02865,0.031,0.03722,0.022784,0.0024,0.00017,0.01829,0.021,0.0229,0.02432,0.0276,0.028566,0.00427,0.000302,0.0209,0.0257,0.02865,0.031,0.03722,0.05135,0.00618,0.000437,0.03997,0.04745,0.051,0.05472,0.06422
5.5,0.945279,0.00668,0.000472,0.93128,0.94148,0.9458,0.94943,0.95762,0.030078,0.00456,0.000323,0.0219,0.0267,0.03005,0.0328,0.0397,0.024642,0.00267,0.000189,0.01949,0.0226,0.0246,0.02632,0.0297,0.030078,0.00456,0.000323,0.0219,0.0267,0.03005,0.0328,0.0397,0.05472,0.00668,0.000472,0.04238,0.05057,0.0542,0.05853,0.06872
5.75,0.941764,0.00714,0.000505,0.9266,0.93782,0.94225,0.9462,0.95571,0.031636,0.00475,0.000336,0.02329,0.0281,0.0313,0.0345,0.04102,0.026601,0.00295,0.000209,0.02129,0.0244,0.0265,0.0286,0.03211,0.031636,0.00475,0.000336,0.02329,0.0281,0.0313,0.0345,0.04102,0.058236,0.00714,0.000505,0.04429,0.0538,0.05775,0.06218,0.07341
6.0,0.938112,0.0077,0.000544,0.92198,0.9339,0.9384,0.94318,0.9528,0.033281,0.00508,0.000359,0.0241,0.02985,0.0333,0.03642,0.0438,0.028606,0.00318,0.000225,0.0223,0.02648,0.0283,0.0308,0.0345,0.033281,0.00508,0.000359,0.0241,0.02985,0.0333,0.03642,0.0438,0.061888,0.0077,0.000544,0.0472,0.05682,0.0616,0.0661,0.07802
6.25,0.934249,0.00828,0.000586,0.91669,0.9292,0.9347,0.93965,0.94894,0.034998,0.00536,0.000379,0.0251,0.03123,0.03475,0.03855,0.046,0.030753,0.00346,0.000245,0.0238,0.0282,0.0305,0.0332,0.03702,0.034998,0.00536,0.000379,0.0251,0.03123,0.03475,0.03855,0.046,0.065751,0.00828,0.000586,0.05106,0.06035,0.0653,0.0708,0.0833
6.5,0.93024,0.00885,0.000626,0.9118,0.9245,0.9306,0.9363,0.94547,0.036764,0.00568,0.000401,0.0259,0.033,0.03635,0.0405,0.04821,0.032996,0.00377,0.000266,0.0258,0.0304,0.03265,0.03552,0.0402,0.036764,0.00568,0.000401,0.0259,0.033,0.03635,0.0405,0.04821,0.06976,0.00885,0.000626,0.05453,0.0637,0.0694,0.0755,0.0882
6.75,0.926037,0.00951,0.000673,0.90557,0.92038,0.9265,0.93262,0.9416,0.038584,0.00605,0.000428,0.0273,0.03408,0.0384,0.0423,0.05131,0.035379,0.00407,0.000288,0.02838,0.0325,0.035,0.03813,0.0429,0.038584,0.00605,0.000428,0.0273,0.03408,0.0384,0.0423,0.05131,0.073963,0.00951,0.000673,0.05841,0.06737,0.0735,0.07962,0.09443
7.0,0.921655,0.01012,0.000716,0.89988,0.91613,0.92265,0.92832,0.93857,0.0405,0.00631,0.000446,0.02859,0.03597,0.04015,0.0444,0.05422,0.037845,0.00442,0.000312,0.02979,0.03467,0.0371,0.0409,0.04661,0.0405,0.00631,0.000446,0.02859,0.03597,0.04015,0.0444,0.05422,0.078345,0.01012,0.000716,0.06143,0.07168,0.07735,0.08388,0.10012
7.25,0.91702,0.01079,0.000763,0.89279,0.91138,0.9179,0.92412,0.93565,0.042498,0.00658,0.000466,0.03049,0.03788,0.04205,0.04655,0.05602,0.040481,0.00477,0.000337,0.03219,0.03697,0.04,0.04352,0.04984,0.042498,0.00658,0.000466,0.03049,0.03788,0.04205,0.04655,0.05602,0.082979,0.01079,0.000763,0.06435,0.07588,0.0821,0.08862,0.10721
7.5,0.912152,0.01144,0.000809,0.88844,0.90568,0.9134,0.92003,0.93196,0.044631,0.00689,0.000487,0.0319,0.04002,0.0442,0.04962,0.05842,0.043217,0.00514,0.000364,0.03339,0.03947,0.0427,0.04618,0.05343,0.044631,0.00689,0.000487,0.0319,0.04002,0.0442,0.04962,0.05842,0.087848,0.01144,0.000809,0.06804,0.07997,0.0866,0.09432,0.11156
7.75,0.907135,0.0121,0.000855,0.88265,0.8998,0.90785,0.9153,0.92865,0.04675,0.00717,0.000507,0.03368,0.0416,0.04625,0.05185,0.06022,0.046114,0.00553,0.000391,0.0356,0.04208,0.04535,0.04915,0.05701,0.04675,0.00717,0.000507,0.03368,0.0416,0.04625,0.05185,0.06022,0.092865,0.0121,0.000855,0.07135,0.0847,0.09215,0.1002,0.11735
8.0,0.902007,0.01284,0.000908,0.87661,0.89398,0.9025,0.91075,0.92377,0.048889,0.00749,0.00053,0.03489,0.04345,0.0485,0.0544,0.0636,0.049105,0.00592,0.000419,0.03779,0.04477,0.0485,0.05285,0.0614,0.048889,0.00749,0.00053,0.03489,0.04345,0.0485,0.0544,0.0636,0.097993,0.01284,0.000908,0.07623,0.08925,0.0975,0.10602,0.12339
8.25,0.896542,0.01348,0.000953,0.86955,0.88827,0.89705,0.90528,0.91974,0.051302,0.00764,0.00054,0.03659,0.04568,0.051,0.0569,0.0662,0.052155,0.00642,0.000454,0.03989,0.04772,0.05155,0.0561,0.06551,0.051302,0.00764,0.00054,0.03659,0.04568,0.051,0.0569,0.0662,0.103457,0.01348,0.000953,0.08026,0.09472,0.10295,0.11172,0.13045
8.5,0.890904,0.01426,0.001008,0.86311,0.88215,0.8915,0.89972,0.91582,0.053667,0.00801,0.000566,0.0377,0.0481,0.0533,0.05908,0.06913,0.055428,0.00684,0.000484,0.04239,0.05057,0.0547,0.05978,0.06931,0.053667,0.00801,0.000566,0.0377,0.0481,0.0533,0.05908,0.06913,0.109095,0.01426,0.001008,0.08418,0.10028,0.1085,0.11785,0.13689
8.75,0.885094,0.01498,0.001059,0.85485,0.87528,0.88575,0.89462,0.91222,0.056028,0.00825,0.000584,0.03977,0.0507,0.05555,0.062,0.07183,0.058877,0.00733,0.000518,0.04449,0.0536,0.05825,0.06338,0.07332,0.056028,0.00825,0.000584,0.03977,0.0507,0.05555,0.062,0.07183,0.114906,0.01498,0.001059,0.08778,0.10538,0.11425,0.12472,0.14515
9.0,0.879047,0.01576,0.001114,0.84752,0.86822,0.87965,0.88955,0.90715,0.058572,0.00865,0.000612,0.04129,0.0528,0.0584,0.06452,0.07433,0.062381,0.00773,0.000546,0.0471,0.0568,0.06175,0.06712,0.07722,0.058572,0.00865,0.000612,0.04129,0.0528,0.0584,0.06452,0.07433,0.120953,0.01576,0.001114,0.09285,0.11045,0.12035,0.13178,0.15249
9.25,0.87278,0.01648,0.001166,0.83994,0.86143,0.8733,0.8837,0.90314,0.061131,0.00895,0.000633,0.04367,0.05535,0.061,0.06745,0.07832,0.066089,0.00813,0.000575,0.05047,0.06017,0.0652,0.0707,0.0821,0.061131,0.00895,0.000633,0.04367,0.05535,0.061,0.06745,0.07832,0.12722,0.01648,0.001166,0.09686,0.1163,0.1267,0.13858,0.16006
9.5,0.866266,0.01733,0.001225,0.8333,0.85408,0.867,0.8783,0.89933,0.063788,0.00929,0.000657,0.04568,0.05788,0.0637,0.07045,0.08222,0.069946,0.00864,0.000611,0.05425,0.0636,0.0694,0.07485,0.0878,0.063788,0.00929,0.000657,0.04568,0.05788,0.0637,0.07045,0.08222,0.133734,0.01733,0.001225,0.10067,0.1217,0.133,0.14592,0.1667
9.75,0.859483,0.01798,0.001272,0.82447,0.84678,0.8593,0.87212,0.89351,0.066455,0.00947,0.000669,0.0475,0.05975,0.06685,0.07325,0.08441,0.074062,0.00913,0.000646,0.05814,0.0673,0.0737,0.07888,0.09222,0.066455,0.00947,0.000669,0.0475,0.05975,0.06685,0.07325,0.08441,0.140517,0.01798,0.001272,0.10649,0.12787,0.1407,0.15322,0.17553
10.0,0.852637,0.01877,0.001327,0.81659,0.83898,0.85305,0.86555,0.88765,0.069078,0.00972,0.000688,0.0502,0.0622,0.0692,0.07623,0.0878,0.078286,0.00967,0.000683,0.06193,0.0712,0.07785,0.08383,0.09761,0.069078,0.00972,0.000688,0.0502,0.0622,0.0692,0.07623,0.0878,0.147363,0.01877,0.001327,0.11235,0.13445,0.14695,0.16102,0.18341
10.25,0.845542,0.01959,0.001385,0.80759,0.83235,0.8464,0.85965,0.88082,0.071803,0.01004,0.00071,0.0522,0.0645,0.0713,0.07885,0.0909,0.082655,0.0102,0.000721,0.06474,0.0752,0.0821,0.08845,0.1028,0.071803,0.01004,0.00071,0.0522,0.0645,0.0713,0.07885,0.0909,0.154458,0.01959,0.001385,0.11918,0.14035,0.1536,0.16765,0.19241
10.5,0.838275,0.02037,0.00144,0.80007,0.8242,0.83875,0.85282,0.87452,0.074544,0.0103,0.000728,0.0539,0.06712,0.0737,0.0813,0.09442,0.08718,0.01073,0.000759,0.06774,0.07975,0.0871,0.0939,0.10811,0.074544,0.0103,0.000728,0.0539,0.06712,0.0737,0.0813,0.09442,0.161725,0.02037,0.00144,0.12547,0.14718,0.16125,0.1758,0.19993
10.75,0.830754,0.02127,0.001504,0.79008,0.81598,0.8315,0.84578,0.86823,0.077366,0.01062,0.000751,0.05577,0.07,0.077,0.08475,0.0969,0.091881,0.0113,0.000799,0.07117,0.08375,0.09185,0.09835,0.11391,0.077366,0.01062,0.000751,0.05577,0.07,0.077,0.08475,0.0969,0.169247,0.02127,0.001504,0.13177,0.15422,0.1685,0.18403,0.20992
11.0,0.823203,0.02211,0.001564,0.77997,0.8075,0.8238,0.83858,0.86334,0.080017,0.01084,0.000766,0.05805,0.0728,0.0792,0.08725,0.10081,0.09678,0.01196,0.000845,0.07583,0.08848,0.09705,0.1038,0.11991,0.080017,0.01084,0.000766,0.05805,0.0728,0.0792,0.08725,0.10081,0.176797,0.02211,0.001564,0.13666,0.16142,0.1762,0.1925,0.22003
11.25,0.81533,0.02299,0.001626,0.76917,0.79845,0.8161,0.83152,0.85735,0.082875,0.01118,0.000791,0.05996,0.07598,0.08205,0.09035,0.10384,0.101795,0.01249,0.000883,0.08005,0.09298,0.10175,0.10953,0.12641,0.082875,0.01118,0.000791,0.05996,0.07598,0.08205,0.09035,0.10384,0.18467,0.02299,0.001626,0.14265,0.16848,0.1839,0.20155,0.23083
11.5,0.807319,0.02374,0.001679,0.75949,0.78992,0.80755,0.82443,0.85194,0.085671,0.01128,0.000798,0.06302,0.07888,0.0851,0.09325,0.10623,0.10701,0.01321,0.000934,0.08386,0.09808,0.10705,0.1154,0.13301,0.085671,0.01128,0.000798,0.06302,0.07888,0.0851,0.09325,0.10623,0.19268,0.02374,0.001679,0.14806,0.17558,0.19245,0.21008,0.24051
11.75,0.799352,0.02437,0.001723,0.7508,0.7818,0.80065,0.81592,0.84633,0.088098,0.01123,0.000794,0.06474,0.08085,0.08795,0.09552,0.10831,0.11255,0.01388,0.000981,0.08798,0.10288,0.11215,0.12155,0.14101,0.088098,0.01123,0.000794,0.06474,0.08085,0.08795,0.09552,0.10831,0.200648,0.02437,0.001723,0.15367,0.18408,0.19935,0.2182,0.2492
12.0,0.791148,0.02512,0.001776,0.74274,0.7729,0.79255,0.80868,0.84047,0.09067,0.01141,0.000807,0.06598,0.08318,0.0904,0.099,0.11091,0.118182,0.01449,0.001024,0.09259,0.10828,0.1178,0.128,0.14842,0.09067,0.01141,0.000807,0.06598,0.08318,0.0904,0.099,0.11091,0.208852,0.02512,0.001776,0.15953,0.19132,0.20745,0.2271,0.25726
12.25,0.782824,0.02582,0.001826,0.73366,0.765,0.7848,0.80058,0.83474,0.093215,0.01151,0.000814,0.06827,0.0852,0.0929,0.10112,0.11324,0.123961,0.01513,0.00107,0.097,0.1137,0.1235,0.13402,0.15473,0.093215,0.01151,0.000814,0.06827,0.0852,0.0929,0.10112,0.11324,0.217176,0.02582,0.001826,0.16526,0.19943,0.2152,0.235,0.26634
12.5,0.774388,0.02637,0.001865,0.7236,0.75658,0.7759,0.79225,0.8297,0.09572,0.01155,0.000817,0.06998,0.08762,0.09575,0.10378,0.11521,0.129892,0.01571,0.001111,0.10109,0.11918,0.1297,0.14043,0.16192,0.09572,0.01155,0.000817,0.06998,0.08762,0.09575,0.10378,0.11521,0.225612,0.02637,0.001865,0.1703,0.20775,0.2241,0.24342,0.2764
12.75,0.765863,0.02704,0.001912,0.71448,0.7481,0.76735,0.7845,0.8234,0.098186,0.01175,0.000831,0.07229,0.09015,0.09785,0.1063,0.11781,0.135951,0.0163,0.001153,0.10479,0.12465,0.1354,0.14625,0.16972,0.098186,0.01175,0.000831,0.07229,0.09015,0.09785,0.1063,0.11781,0.234137,0.02704,0.001912,0.1766,0.2155,0.23265,0.2519,0.28552
13.0,0.757172,0.02757,0.001949,0.70497,0.73818,0.7584,0.7759,0.81514,0.100608,0.01173,0.00083,0.07563,0.09265,0.10035,0.10922,0.11996,0.14222,0.01685,0.001192,0.11088,0.13065,0.1417,0.15292,0.17672,0.100608,0.01173,0.00083,0.07563,0.09265,0.10035,0.10922,0.11996,0.242828,0.02757,0.001949,0.18487,0.2241,0.2416,0.26182,0.29503
13.25,0.748489,0.0281,0.001987,0.69648,0.72928,0.7493,0.76812,0.80695,0.102882,0.01169,0.000826,0.07679,0.0946,0.10265,0.11097,0.12252,0.148629,0.01747,0.001235,0.11509,0.13608,0.1481,0.16022,0.18434,0.102882,0.01169,0.000826,0.07679,0.0946,0.10265,0.11097,0.12252,0.251511,0.0281,0.001987,0.19305,0.23188,0.2507,0.27072,0.30352
13.5,0.739764,0.0285,0.002015,0.68819,0.72008,0.7406,0.75985,0.8009,0.1052,0.01155,0.000816,0.07899,0.0976,0.1052,0.11355,0.12534,0.155036,0.01801,0.001274,0.1201,0.14192,0.1548,0.16752,0.19134,0.1052,0.01155,0.000816,0.07899,0.0976,0.1052,0.11355,0.12534,0.260236,0.0285,0.002015,0.1991,0.24015,0.2594,0.27992,0.31181
13.75,0.730856,0.02887,0.002042,0.67878,0.71087,0.7323,0.75082,0.79311,0.107471,0.01146,0.00081,0.08219,0.09975,0.1071,0.1154,0.1278,0.161674,0.01853,0.00131,0.1258,0.14845,0.1616,0.17488,0.1998,0.107471,0.01146,0.00081,0.08219,0.09975,0.1071,0.1154,0.1278,0.269144,0.02887,0.002042,0.20689,0.24918,0.2677,0.28913,0.32122
14.0,0.722019,0.0292,0.002065,0.66957,0.70172,0.72385,0.74245,0.78434,0.109522,0.01118,0.000791,0.08498,0.10182,0.10925,0.1181,0.12983,0.16846,0.01919,0.001357,0.13117,0.15525,0.16805,0.18232,0.2067,0.109522,0.01118,0.000791,0.08498,0.10182,0.10925,0.1181,0.12983,0.277981,0.0292,0.002065,0.21566,0.25755,0.27615,0.29827,0.33043
14.25,0.71316,0.02953,0.002088,0.65906,0.69218,0.715,0.7334,0.77694,0.111396,0.01091,0.000771,0.0871,0.1042,0.11185,0.1199,0.13045,0.175443,0.01978,0.001398,0.13659,0.16148,0.175,0.1895,0.21501,0.111396,0.01091,0.000771,0.0871,0.1042,0.11185,0.1199,0.13045,0.286839,0.02953,0.002088,0.22306,0.2666,0.285,0.30782,0.34094
14.5,0.704318,0.02988,0.002113,0.64949,0.68435,0.7062,0.7252,0.76878,0.113292,0.01068,0.000755,0.0895,0.10658,0.1135,0.122,0.1334,0.18239,0.02039,0.001442,0.14268,0.16785,0.1815,0.1973,0.22174,0.113292,0.01068,0.000755,0.0895,0.10658,0.1135,0.122,0.1334,0.295682,0.02988,0.002113,0.23122,0.2748,0.2938,0.31565,0.3505
14.75,0.695499,0.03011,0.002129,0.6401,0.67548,0.6975,0.71662,0.76184,0.114912,0.01041,0.000736,0.09208,0.10755,0.115,0.12308,0.13351,0.189588,0.02099,0.001485,0.14877,0.17495,0.18805,0.20623,0.23012,0.114912,0.01041,0.000736,0.09208,0.10755,0.115,0.12308,0.13351,0.304501,0.03011,0.002129,0.23816,0.28338,0.3025,0.32452,0.3599
15.0,0.686599,0.03039,0.002149,0.63059,0.66593,0.68815,0.7075,0.75421,0.116514,0.01008,0.000713,0.09485,0.11018,0.11635,0.12435,0.1341,0.196888,0.02168,0.001533,0.15499,0.181,0.1956,0.21385,0.23833,0.116514,0.01008,0.000713,0.09485,0.11018,0.11635,0.12435,0.1341,0.313402,0.03039,0.002149,0.24579,0.2925,0.31185,0.33407,0.36941
15.25,0.677795,0.03054,0.00216,0.62185,0.65702,0.6793,0.69962,0.74442,0.117904,0.00978,0.000692,0.0956,0.1119,0.1175,0.12545,0.13622,0.204301,0.02216,0.001567,0.16,0.18825,0.20315,0.2212,0.24594,0.117904,0.00978,0.000692,0.0956,0.1119,0.1175,0.12545,0.13622,0.322206,0.03054,0.00216,0.25558,0.30038,0.3207,0.34298,0.37815
15.5,0.668957,0.03065,0.002167,0.61199,0.6482,0.67,0.69,0.73591,0.119453,0.00943,0.000667,0.09956,0.11338,0.11905,0.1267,0.13691,0.211591,0.02273,0.001607,0.16668,0.19458,0.20995,0.2279,0.25374,0.119453,0.00943,0.000667,0.09956,0.11338,0.11905,0.1267,0.13691,0.331044,0.03065,0.002167,0.26409,0.31,0.33,0.3518,0.38801
15.75,0.660233,0.03065,0.002167,0.60348,0.6392,0.66065,0.68162,0.72722,0.120676,0.00903,0.000639,0.10178,0.11535,0.12045,0.12717,0.13722,0.21909,0.02316,0.001637,0.17305,0.2022,0.21825,0.2359,0.26331,0.120676,0.00903,0.000639,0.10178,0.11535,0.12045,0.12717,0.13722,0.339767,0.03065,0.002167,0.27278,0.31837,0.33935,0.3608,0.39652
16.0,0.651546,0.03068,0.002169,0.59496,0.6317,0.6518,0.67265,0.71922,0.121858,0.0088,0.000622,0.10422,0.11667,0.1217,0.1288,0.1374,0.226596,0.0236,0.001669,0.17943,0.20948,0.22535,0.24378,0.27191,0.121858,0.0088,0.000622,0.10422,0.11667,0.1217,0.1288,0.1374,0.348454,0.03068,0.002169,0.28078,0.32735,0.3482,0.3683,0.40504
16.25,0.642904,0.03069,0.00217,0.58548,0.6234,0.64315,0.66402,0.71088,0.122806,0.00854,0.000604,0.10348,0.1181,0.123,0.1288,0.13741,0.234289,0.02403,0.001699,0.18506,0.2162,0.2335,0.2525,0.28031,0.122806,0.00854,0.000604,0.10348,0.1181,0.123,0.1288,0.13741,0.357096,0.03069,0.00217,0.28912,0.33598,0.35685,0.3766,0.41452
16.5,0.634409,0.03069,0.00217,0.57746,0.61375,0.6337,0.6554,0.70053,0.123525,0.0083,0.000587,0.10469,0.11922,0.12375,0.129,0.13741,0.242066,0.02438,0.001724,0.1915,0.2246,0.24145,0.25968,0.28791,0.123525,0.0083,0.000587,0.10469,0.11922,0.12375,0.129,0.13741,0.365591,0.03069,0.00217,0.29947,0.3446,0.3663,0.38625,0.42254
16.75,0.62594,0.03055,0.00216,0.57054,0.60535,0.62545,0.6461,0.69166,0.124287,0.00797,0.000563,0.10538,0.11962,0.125,0.1296,0.13771,0.249774,0.02473,0.001749,0.1978,0.23148,0.2494,0.26702,0.29652,0.124287,0.00797,0.000563,0.10538,0.11962,0.125,0.1296,0.13771,0.37406,0.03055,0.00216,0.30834,0.3539,0.37455,0.39465,0.42946
17.0,0.617622,0.03039,0.002149,0.56233,0.59725,0.61695,0.6374,0.68385,0.124697,0.00771,0.000545,0.10824,0.12005,0.1254,0.12995,0.13781,0.25768,0.02507,0.001773,0.20596,0.239,0.25715,0.27535,0.30543,0.124697,0.00771,0.000545,0.10824,0.12005,0.1254,0.12995,0.13781,0.382378,0.03039,0.002149,0.31615,0.3626,0.38305,0.40275,0.43767
17.25,0.609458,0.03012,0.00213,0.55652,0.5891,0.60875,0.62908,0.6759,0.12499,0.00744,0.000526,0.1089,0.1202,0.12555,0.13052,0.1375,0.265552,0.02539,0.001796,0.21344,0.24705,0.26455,0.28275,0.31521,0.12499,0.00744,0.000526,0.1089,0.1202,0.12555,0.13052,0.1375,0.390542,0.03012,0.00213,0.32409,0.37092,0.39125,0.4109,0.44348
17.5,0.601433,0.02996,0.002118,0.54834,0.58162,0.60045,0.62115,0.66751,0.125186,0.00719,0.000509,0.10979,0.12048,0.1255,0.13045,0.13781,0.273382,0.02565,0.001814,0.22025,0.2547,0.27255,0.2909,0.32192,0.125186,0.00719,0.000509,0.10979,0.12048,0.1255,0.13045,0.13781,0.398567,0.02996,0.002118,0.33249,0.37885,0.39955,0.41838,0.45166
17.75,0.593474,0.02983,0.002109,0.54114,0.57348,0.5927,0.61272,0.65872,0.125344,0.00698,0.000493,0.11029,0.12088,0.1253,0.13082,0.13751,0.281182,0.0259,0.001831,0.22646,0.26262,0.28045,0.29892,0.33032,0.125344,0.00698,0.000493,0.11029,0.12088,0.1253,0.13082,0.13751,0.406526,0.02983,0.002109,0.34128,0.38728,0.4073,0.42652,0.45886
18.0,0.585641,0.0295,0.002086,0.53335,0.56598,0.58455,0.60522,0.64992,0.125335,0.00664,0.00047,0.11189,0.1212,0.1252,0.13022,0.1369,0.289024,0.02617,0.001851,0.23356,0.27032,0.2885,0.30652,0.33811,0.125335,0.00664,0.00047,0.11189,0.1212,0.1252,0.13022,0.1369,0.414359,0.0295,0.002086,0.35008,0.39478,0.41545,0.43402,0.46665
18.25,0.578046,0.02918,0.002063,0.52706,0.55838,0.5774,0.59732,0.64307,0.125163,0.00658,0.000465,0.11149,0.12095,0.1248,0.12987,0.13664,0.296792,0.02628,0.001858,0.24117,0.27812,0.29665,0.31442,0.34651,0.125163,0.00658,0.000465,0.11149,0.12095,0.1248,0.12987,0.13664,0.421954,0.02918,0.002063,0.35694,0.40268,0.4226,0.44162,0.47294
18.5,0.570508,0.02885,0.00204,0.5188,0.55098,0.5694,0.58918,0.63441,0.124954,0.00629,0.000444,0.1114,0.1209,0.1247,0.12925,0.1366,0.304538,0.02634,0.001863,0.24958,0.28572,0.3052,0.32145,0.35371,0.124954,0.00629,0.000444,0.1114,0.1209,0.1247,0.12925,0.1366,0.429492,0.02885,0.00204,0.36559,0.41082,0.4306,0.44902,0.4812
18.75,0.56321,0.02858,0.002021,0.5121,0.54327,0.56245,0.58225,0.62759,0.124422,0.00626,0.000442,0.1105,0.11988,0.1243,0.12843,0.13503,0.312368,0.02645,0.00187,0.25688,0.29402,0.31305,0.33005,0.36102,0.124422,0.00626,0.000442,0.1105,0.11988,0.1243,0.12843,0.13503,0.43679,0.02858,0.002021,0.37241,0.41775,0.43755,0.45673,0.4879
19.0,0.556109,0.02825,0.001998,0.50549,0.53673,0.5557,0.5749,0.62158,0.12376,0.00621,0.000439,0.1108,0.11985,0.1235,0.1275,0.1359,0.320132,0.02647,0.001871,0.26548,0.30145,0.32115,0.33762,0.36912,0.12376,0.00621,0.000439,0.1108,0.11985,0.1235,0.1275,0.1359,0.443891,0.02825,0.001998,0.37842,0.4251,0.4443,0.46328,0.49451
19.25,0.549044,0.02793,0.001975,0.49986,0.529,0.54855,0.56662,0.61354,0.123116,0.00635,0.000449,0.11009,0.11885,0.12315,0.12748,0.13541,0.32784,0.02656,0.001878,0.27334,0.30878,0.32885,0.34602,0.37651,0.123116,0.00635,0.000449,0.11009,0.11885,0.12315,0.12748,0.13541,0.450956,0.02793,0.001975,0.38646,0.43338,0.45145,0.471,0.50014
19.5,0.542208,0.02755,0.001948,0.49389,0.52312,0.54145,0.56002,0.60621,0.122281,0.00633,0.000448,0.1092,0.1182,0.12205,0.12655,0.13451,0.335511,0.0266,0.001881,0.28068,0.3167,0.33685,0.35402,0.38401,0.122281,0.00633,0.000448,0.1092,0.1182,0.12205,0.12655,0.13451,0.457792,0.02755,0.001948,0.39378,0.43998,0.45855,0.47688,0.50611
19.75,0.535536,0.02715,0.00192,0.48719,0.5163,0.53485,0.55325,0.59702,0.121308,0.00636,0.000449,0.10858,0.11725,0.12115,0.1257,0.1338,0.343156,0.02669,0.001887,0.28828,0.32443,0.34455,0.36152,0.3918,0.121308,0.00636,0.000449,0.10858,0.11725,0.12115,0.1257,0.1338,0.464464,0.02715,0.00192,0.40298,0.44675,0.46515,0.4837,0.51281
20.0,0.529034,0.02678,0.001893,0.48179,0.5101,0.5284,0.54638,0.58694,0.120233,0.00635,0.000449,0.10739,0.1161,0.12005,0.1244,0.1327,0.350733,0.02661,0.001882,0.29623,0.3323,0.3521,0.3692,0.39862,0.120233,0.00635,0.000449,0.10739,0.1161,0.12005,0.1244,0.1327,0.470966,0.02678,0.001893,0.41306,0.45362,0.4716,0.4899,0.51821
20.25,0.522564,0.02644,0.00187,0.47668,0.50385,0.5224,0.53918,0.57815,0.11927,0.00638,0.000451,0.10689,0.1152,0.119,0.12355,0.1319,0.358165,0.02654,0.001877,0.30228,0.33967,0.35935,0.3774,0.40493,0.11927,0.00638,0.000451,0.10689,0.1152,0.119,0.12355,0.1319,0.477436,0.02644,0.00187,0.42185,0.46082,0.4776,0.49615,0.52332
20.5,0.516354,0.026,0.001839,0.47124,0.49762,0.51595,0.53327,0.5712,0.117957,0.00631,0.000446,0.10668,0.1139,0.11765,0.1223,0.1307,0.365689,0.02654,0.001877,0.30899,0.34755,0.36665,0.38445,0.41223,0.117957,0.00631,0.000446,0.10668,0.1139,0.11765,0.1223,0.1307,0.483647,0.026,0.001839,0.4288,0.46672,0.48405,0.50238,0.52876
20.75,0.510251,0.02565,0.001814,0.46613,0.49188,0.50935,0.52688,0.5638,0.116788,0.0065,0.00046,0.10569,0.11188,0.1166,0.12072,0.1298,0.372962,0.02655,0.001877,0.31559,0.35522,0.37335,0.39152,0.41994,0.116788,0.0065,0.00046,0.10569,0.11188,0.1166,0.12072,0.1298,0.48975,0.02565,0.001814,0.4362,0.47312,0.49065,0.50813,0.53387
21.0,0.504397,0.02529,0.001789,0.46124,0.48632,0.50395,0.52133,0.5566,0.115388,0.00643,0.000455,0.1037,0.1105,0.11535,0.11942,0.12934,0.380214,0.02635,0.001863,0.32259,0.36332,0.3804,0.39855,0.4274,0.115388,0.00643,0.000455,0.1037,0.1105,0.11535,0.11942,0.12934,0.495602,0.02529,0.001789,0.4434,0.47868,0.49605,0.51367,0.53876
21.25,0.498631,0.02488,0.001759,0.45554,0.48128,0.4981,0.5156,0.5486,0.113955,0.00646,0.000457,0.10218,0.10935,0.1138,0.1182,0.12852,0.387413,0.02628,0.001858,0.32859,0.37022,0.3875,0.40615,0.43311,0.113955,0.00646,0.000457,0.10218,0.10935,0.1138,0.1182,0.12852,0.501369,0.02488,0.001759,0.4514,0.4844,0.5019,0.51872,0.54446
21.5,0.493068,0.02451,0.001733,0.45044,0.47595,0.4925,0.50957,0.54111,0.112422,0.00657,0.000464,0.1003,0.10748,0.1121,0.11602,0.12625,0.394509,0.02607,0.001844,0.33563,0.37698,0.39415,0.4133,0.43914,0.112422,0.00657,0.000464,0.1003,0.10748,0.1121,0.11602,0.12625,0.506932,0.02451,0.001733,0.45889,0.49042,0.5075,0.52405,0.54956
21.75,0.487798,0.02412,0.001705,0.44457,0.4716,0.4876,0.50365,0.5344,0.110668,0.00663,0.000469,0.09977,0.10568,0.11035,0.1152,0.1251,0.401534,0.02604,0.001842,0.34206,0.38432,0.40135,0.41965,0.44547,0.110668,0.00663,0.000469,0.09977,0.10568,0.11035,0.1152,0.1251,0.512202,0.02412,0.001705,0.4656,0.49635,0.5124,0.5284,0.55543
22.0,0.482504,0.02372,0.001677,0.44026,0.4665,0.4821,0.49788,0.52881,0.109112,0.00667,0.000471,0.0981,0.1042,0.10875,0.1137,0.12342,0.408384,0.02591,0.001832,0.3486,0.39108,0.40785,0.42718,0.45314,0.109112,0.00667,0.000471,0.0981,0.1042,0.10875,0.1137,0.12342,0.517496,0.02372,0.001677,0.47119,0.50212,0.5179,0.5335,0.55974
22.25,0.477347,0.02332,0.001649,0.43555,0.46152,0.4768,0.492,0.52296,0.107426,0.00676,0.000478,0.0956,0.103,0.10685,0.11203,0.12106,0.415227,0.02569,0.001816,0.35638,0.39898,0.4146,0.43408,0.46012,0.107426,0.00676,0.000478,0.0956,0.103,0.10685,0.11203,0.12106,0.522653,0.02332,0.001649,0.47705,0.508,0.5232,0.53848,0.56445
22.5,0.472394,0.02295,0.001623,0.43136,0.4565,0.4719,0.48745,0.51571,0.105664,0.00674,0.000477,0.09379,0.1012,0.10505,0.1103,0.11955,0.421942,0.02549,0.001802,0.36486,0.40525,0.42175,0.4409,0.4677,0.105664,0.00674,0.000477,0.09379,0.1012,0.10505,0.1103,0.11955,0.527606,0.02295,0.001623,0.48429,0.51255,0.5281,0.5435,0.56864
22.75,0.467643,0.02251,0.001592,0.42649,0.45257,0.46745,0.48212,0.51021,0.103955,0.00687,0.000486,0.0908,0.09928,0.10375,0.1085,0.11795,0.428401,0.02532,0.00179,0.37226,0.41162,0.4284,0.44668,0.47331,0.103955,0.00687,0.000486,0.0908,0.09928,0.10375,0.1085,0.11795,0.532357,0.02251,0.001592,0.48979,0.51788,0.53255,0.54743,0.57351
23.0,0.46304,0.02211,0.001564,0.42348,0.44805,0.4629,0.47725,0.50433,0.102131,0.00699,0.000494,0.08978,0.09745,0.1017,0.10652,0.11525,0.434829,0.02506,0.001772,0.37897,0.41817,0.43475,0.45382,0.4788,0.102131,0.00699,0.000494,0.08978,0.09745,0.1017,0.10652,0.11525,0.53696,0.02211,0.001564,0.49567,0.52275,0.5371,0.55195,0.57652
23.25,0.458595,0.02174,0.001537,0.42076,0.4434,0.4582,0.4724,0.50022,0.100268,0.00698,0.000493,0.08719,0.09545,0.0996,0.10502,0.1136,0.441137,0.02482,0.001755,0.38668,0.42458,0.4408,0.45915,0.48512,0.100268,0.00698,0.000493,0.08719,0.09545,0.0996,0.10502,0.1136,0.541406,0.02174,0.001537,0.49978,0.5276,0.5418,0.5566,0.57924
23.5,0.45433,0.02141,0.001514,0.41776,0.4398,0.4531,0.46832,0.49756,0.098385,0.00702,0.000496,0.08557,0.0936,0.0983,0.1025,0.11152,0.447285,0.02452,0.001734,0.39328,0.43108,0.4474,0.4658,0.48973,0.098385,0.00702,0.000496,0.08557,0.0936,0.0983,0.1025,0.11152,0.54567,0.02141,0.001514,0.50244,0.53168,0.5469,0.5602,0.58224
23.75,0.45017,0.02099,0.001484,0.41476,0.43582,0.44865,0.46328,0.49375,0.096456,0.00716,0.000506,0.08348,0.091,0.0964,0.1009,0.1102,0.453374,0.02439,0.001725,0.39967,0.4367,0.4531,0.4714,0.49662,0.096456,0.00716,0.000506,0.08348,0.091,0.0964,0.1009,0.1102,0.54983,0.02099,0.001484,0.50625,0.53672,0.55135,0.56418,0.58524
24.0,0.446064,0.02065,0.00146,0.4106,0.43205,0.44425,0.45888,0.48953,0.094637,0.00711,0.000503,0.08099,0.09,0.0948,0.09895,0.10812,0.459298,0.02411,0.001705,0.40589,0.4425,0.45865,0.47772,0.5023,0.094637,0.00711,0.000503,0.08099,0.09,0.0948,0.09895,0.10812,0.553936,0.02065,0.00146,0.51047,0.54113,0.55575,0.56795,0.5894
24.25,0.442059,0.02028,0.001434,0.40759,0.4285,0.4408,0.4541,0.48533,0.092846,0.00711,0.000503,0.0795,0.0882,0.0933,0.0973,0.10652,0.465095,0.02384,0.001685,0.41248,0.44857,0.4644,0.48272,0.50811,0.092846,0.00711,0.000503,0.0795,0.0882,0.0933,0.0973,0.10652,0.557941,0.02028,0.001434,0.51467,0.5459,0.5592,0.5715,0.59241
24.5,0.438298,0.01994,0.00141,0.40359,0.4252,0.4368,0.45042,0.482,0.090848,0.00706,0.000499,0.07729,0.0862,0.0915,0.09505,0.1047,0.470853,0.02363,0.001671,0.41956,0.455,0.46995,0.4881,0.51271,0.090848,0.00706,0.000499,0.07729,0.0862,0.0915,0.09505,0.1047,0.561702,0.01994,0.00141,0.518,0.54958,0.5632,0.5748,0.59641
24.75,0.434596,0.01963,0.001388,0.40029,0.42202,0.43305,0.44692,0.47732,0.088965,0.00696,0.000492,0.0761,0.08418,0.0892,0.0931,0.1028,0.476438,0.02333,0.00165,0.42666,0.46058,0.4761,0.49395,0.51692,0.088965,0.00696,0.000492,0.0761,0.08418,0.0892,0.0931,0.1028,0.565404,0.01963,0.001388,0.52268,0.55308,0.56695,0.57797,0.59971
25.0,0.430993,0.01922,0.001359,0.39719,0.419,0.4294,0.44335,0.47261,0.086918,0.00701,0.000496,0.07398,0.08235,0.0867,0.09157,0.10008,0.482089,0.0231,0.001634,0.4349,0.46625,0.48205,0.49885,0.52182,0.086918,0.00701,0.000496,0.07398,0.08235,0.0867,0.09157,0.10008,0.569007,0.01922,0.001359,0.52739,0.55665,0.5706,0.581,0.60281
25.25,0.427562,0.01889,0.001336,0.39429,0.41602,0.4257,0.43978,0.4693,0.08503,0.00703,0.000497,0.07248,0.08012,0.0851,0.0897,0.09845,0.487408,0.02293,0.001621,0.44129,0.47198,0.48745,0.5044,0.52771,0.08503,0.00703,0.000497,0.07248,0.08012,0.0851,0.0897,0.09845,0.572439,0.01889,0.001336,0.53069,0.56022,0.5743,0.58398,0.60571
25.5,0.424268,0.01856,0.001312,0.3912,0.4125,0.42205,0.4363,0.46572,0.083028,0.00697,0.000493,0.07069,0.07822,0.0831,0.0878,0.09603,0.492705,0.0226,0.001598,0.4484,0.47802,0.49285,0.5083,0.532,0.083028,0.00697,0.000493,0.07069,0.07822,0.0831,0.0878,0.09603,0.575732,0.01856,0.001312,0.53427,0.5637,0.57795,0.5875,0.6088
25.75,0.421116,0.01828,0.001292,0.38938,0.40952,0.4189,0.43302,0.46254,0.081041,0.00697,0.000493,0.06819,0.0763,0.08065,0.08572,0.09421,0.497843,0.0223,0.001577,0.4552,0.48292,0.49795,0.51325,0.53691,0.081041,0.00697,0.000493,0.06819,0.0763,0.08065,0.08572,0.09421,0.578884,0.01828,0.001292,0.53746,0.56698,0.5811,0.59048,0.61062
26.0,0.418047,0.01803,0.001275,0.38668,0.40658,0.41585,0.4297,0.45965,0.079037,0.0069,0.000488,0.0658,0.07442,0.0787,0.08352,0.09311,0.502916,0.02199,0.001555,0.4609,0.48832,0.5037,0.51772,0.54171,0.079037,0.0069,0.000488,0.0658,0.07442,0.0787,0.08352,0.09311,0.581953,0.01803,0.001275,0.54035,0.5703,0.58415,0.59343,0.61332
26.25,0.415087,0.01765,0.001248,0.38446,0.40425,0.41325,0.42658,0.45516,0.0772,0.00685,0.000484,0.06437,0.07237,0.07685,0.082,0.09022,0.507713,0.02167,0.001532,0.46714,0.49307,0.50865,0.5221,0.54563,0.0772,0.00685,0.000484,0.06437,0.07237,0.07685,0.082,0.09022,0.584913,0.01765,0.001248,0.54484,0.57342,0.58675,0.59575,0.61554
26.5,0.412179,0.01734,0.001226,0.38207,0.40195,0.40995,0.42262,0.45164,0.075309,0.00692,0.00049,0.06218,0.0706,0.07475,0.08005,0.08831,0.512512,0.02135,0.001509,0.47238,0.49805,0.5136,0.52668,0.5504,0.075309,0.00692,0.00049,0.06218,0.0706,0.07475,0.08005,0.08831,0.587821,0.01734,0.001226,0.54836,0.57738,0.59005,0.59805,0.61793
26.75,0.40937,0.01716,0.001213,0.37928,0.39902,0.40745,0.4198,0.44923,0.07344,0.00685,0.000485,0.06087,0.0686,0.07275,0.07812,0.08733,0.517189,0.02105,0.001488,0.47869,0.50268,0.51805,0.53125,0.55401,0.07344,0.00685,0.000485,0.06087,0.0686,0.07275,0.07812,0.08733,0.59063,0.01716,0.001213,0.55077,0.5802,0.59255,0.60098,0.62072
27.0,0.406629,0.01691,0.001196,0.37736,0.39638,0.40465,0.41695,0.44507,0.071673,0.0068,0.000481,0.05958,0.06678,0.0712,0.07562,0.08428,0.521698,0.02082,0.001472,0.48338,0.50717,0.52275,0.53555,0.55861,0.071673,0.0068,0.000481,0.05958,0.06678,0.0712,0.07562,0.08428,0.593371,0.01691,0.001196,0.55493,0.58305,0.59535,0.60362,0.62264
27.25,0.404,0.01662,0.001175,0.37538,0.394,0.40195,0.41408,0.44164,0.069968,0.00676,0.000478,0.05798,0.06515,0.06965,0.0741,0.0829,0.526032,0.02054,0.001452,0.48728,0.51212,0.5271,0.53922,0.56194,0.069968,0.00676,0.000478,0.05798,0.06515,0.06965,0.0741,0.0829,0.596,0.01662,0.001175,0.55836,0.58592,0.59805,0.606,0.62462
27.5,0.401471,0.01637,0.001158,0.3732,0.39175,0.39945,0.41152,0.4382,0.068255,0.00681,0.000481,0.05628,0.0634,0.0677,0.07262,0.08198,0.530275,0.02034,0.001438,0.49099,0.51698,0.5312,0.54333,0.56563,0.068255,0.00681,0.000481,0.05628,0.0634,0.0677,0.07262,0.08198,0.598529,0.01637,0.001158,0.56179,0.58848,0.60055,0.60825,0.62681
27.75,0.399032,0.01614,0.001141,0.371,0.38935,0.39705,0.40885,0.43542,0.06652,0.00678,0.000479,0.05379,0.0615,0.0659,0.07025,0.08019,0.534448,0.02005,0.001417,0.49666,0.52135,0.5354,0.5473,0.56881,0.06652,0.00678,0.000479,0.05379,0.0615,0.0659,0.07025,0.08019,0.600968,0.01614,0.001141,0.56457,0.59115,0.60295,0.61065,0.629
28.0,0.396634,0.01594,0.001127,0.369,0.3874,0.39475,0.40613,0.43216,0.064795,0.00672,0.000475,0.05318,0.06028,0.06395,0.06862,0.0782,0.538571,0.01979,0.001399,0.50058,0.52565,0.5399,0.55135,0.57204,0.064795,0.00672,0.000475,0.05318,0.06028,0.06395,0.06862,0.0782,0.603366,0.01594,0.001127,0.56784,0.59387,0.60525,0.6126,0.631
28.25,0.39436,0.01575,0.001113,0.36719,0.3855,0.3924,0.40342,0.42926,0.063123,0.00664,0.000469,0.05179,0.05878,0.0624,0.0669,0.07722,0.542516,0.01947,0.001377,0.50516,0.52988,0.54415,0.55498,0.57591,0.063123,0.00664,0.000469,0.05179,0.05878,0.0624,0.0669,0.07722,0.605639,0.01575,0.001113,0.57074,0.59658,0.6076,0.6145,0.63281
28.5,0.392142,0.0155,0.001096,0.36538,0.3824,0.391,0.40122,0.42714,0.061462,0.00666,0.000471,0.04989,0.05685,0.06065,0.06555,0.07631,0.546397,0.01925,0.001361,0.50982,0.53415,0.54795,0.5585,0.57871,0.061462,0.00666,0.000471,0.04989,0.05685,0.06065,0.06555,0.07631,0.607858,0.0155,0.001096,0.57286,0.59878,0.609,0.6176,0.63462
28.75,0.390005,0.01529,0.001081,0.36386,0.3807,0.3886,0.39932,0.42473,0.059728,0.00664,0.00047,0.04858,0.05518,0.05905,0.06372,0.0744,0.550266,0.01901,0.001344,0.51382,0.53798,0.55185,0.56252,0.58222,0.059728,0.00664,0.00047,0.04858,0.05518,0.05905,0.06372,0.0744,0.609995,0.01529,0.001081,0.57527,0.60068,0.6114,0.6193,0.63614
29.0,0.387961,0.01513,0.00107,0.36178,0.3789,0.38655,0.397,0.42262,0.058096,0.00658,0.000466,0.0471,0.05365,0.0575,0.06233,0.07223,0.553943,0.01874,0.001325,0.51722,0.54152,0.5557,0.56575,0.58651,0.058096,0.00658,0.000466,0.0471,0.05365,0.0575,0.06233,0.07223,0.612038,0.01513,0.00107,0.57739,0.603,0.61345,0.6211,0.63823
29.25,0.385988,0.01494,0.001056,0.36076,0.37702,0.3846,0.3945,0.42071,0.056556,0.00656,0.000464,0.04588,0.05242,0.0557,0.06095,0.0713,0.557456,0.01843,0.001303,0.52199,0.54518,0.55875,0.56852,0.58991,0.056556,0.00656,0.000464,0.04588,0.05242,0.0557,0.06095,0.0713,0.614012,0.01494,0.001056,0.57929,0.6055,0.6154,0.62298,0.63924
29.5,0.384094,0.01472,0.001041,0.35954,0.37522,0.38295,0.39262,0.41841,0.055,0.00647,0.000458,0.04507,0.05098,0.05425,0.0596,0.0692,0.560906,0.01819,0.001286,0.52608,0.54882,0.5623,0.57173,0.5932,0.055,0.00647,0.000458,0.04507,0.05098,0.05425,0.0596,0.0692,0.615906,0.01472,0.001041,0.58159,0.60738,0.61705,0.62478,0.64046
29.75,0.382271,0.01457,0.00103,0.35737,0.37332,0.381,0.39035,0.4163,0.053387,0.00628,0.000444,0.04319,0.04918,0.0527,0.05742,0.06702,0.564342,0.01791,0.001267,0.52911,0.55262,0.56595,0.57495,0.59484,0.053387,0.00628,0.000444,0.04319,0.04918,0.0527,0.05742,0.06702,0.617729,0.01457,0.00103,0.5837,0.60965,0.619,0.62668,0.64263
30.0,0.380536,0.01439,0.001018,0.35608,0.37148,0.37935,0.3888,0.41324,0.051814,0.00617,0.000436,0.0416,0.04788,0.051,0.0555,0.06581,0.56765,0.01769,0.001251,0.53122,0.55598,0.5696,0.57802,0.5984,0.051814,0.00617,0.000436,0.0416,0.04788,0.051,0.0555,0.06581,0.619464,0.01439,0.001018,0.58676,0.6112,0.62065,0.62852,0.64392
30.25,0.37883,0.0142,0.001004,0.35487,0.36978,0.37775,0.38675,0.4112,0.050378,0.00614,0.000434,0.04048,0.0463,0.0497,0.05385,0.06384,0.570793,0.01752,0.001239,0.53403,0.5595,0.5731,0.5809,0.60011,0.050378,0.00614,0.000434,0.04048,0.0463,0.0497,0.05385,0.06384,0.62117,0.0142,0.001004,0.5888,0.61325,0.62225,0.63022,0.64513
30.5,0.377195,0.01405,0.000994,0.35386,0.3679,0.37615,0.38498,0.40892,0.048895,0.00598,0.000423,0.03937,0.04498,0.04825,0.0525,0.06154,0.57391,0.01724,0.001219,0.53705,0.56308,0.57615,0.58385,0.60311,0.048895,0.00598,0.000423,0.03937,0.04498,0.04825,0.0525,0.06154,0.622805,0.01405,0.000994,0.59108,0.61502,0.62385,0.6321,0.64614
30.75,0.375603,0.01388,0.000982,0.35246,0.36662,0.37425,0.38338,0.40692,0.047509,0.006,0.000424,0.03729,0.0434,0.0468,0.0512,0.05985,0.576888,0.01705,0.001206,0.53997,0.56612,0.5796,0.5868,0.60571,0.047509,0.006,0.000424,0.03729,0.0434,0.0468,0.0512,0.05985,0.624397,0.01388,0.000982,0.59308,0.61662,0.62575,0.63338,0.64754
31.0,0.37406,0.01376,0.000973,0.35166,0.36515,0.3725,0.3814,0.4048,0.046147,0.00597,0.000422,0.03628,0.04198,0.04555,0.04992,0.05788,0.579794,0.01683,0.00119,0.54277,0.56955,0.5822,0.5898,0.60811,0.046147,0.00597,0.000422,0.03628,0.04198,0.04555,0.04992,0.05788,0.62594,0.01376,0.000973,0.5952,0.6186,0.6275,0.63485,0.64834
31.25,0.372526,0.01363,0.000964,0.35046,0.36398,0.3708,0.37952,0.40261,0.044837,0.00585,0.000414,0.03499,0.04088,0.04445,0.0486,0.05688,0.582636,0.0166,0.001174,0.54578,0.5722,0.5851,0.59268,0.6105,0.044837,0.00585,0.000414,0.03499,0.04088,0.04445,0.0486,0.05688,0.627474,0.01363,0.000964,0.59739,0.62048,0.6292,0.63602,0.64954
31.5,0.371051,0.01348,0.000953,0.34916,0.36248,0.36935,0.3777,0.40012,0.043594,0.0057,0.000403,0.03369,0.0397,0.0431,0.04695,0.0546,0.585355,0.01633,0.001154,0.54889,0.57525,0.58785,0.59502,0.61271,0.043594,0.0057,0.000403,0.03369,0.0397,0.0431,0.04695,0.0546,0.628948,0.01348,0.000953,0.59988,0.6223,0.63065,0.63752,0.65084
31.75,0.369676,0.01335,0.000944,0.34796,0.36105,0.36795,0.37655,0.39821,0.042314,0.00557,0.000394,0.03248,0.0388,0.042,0.04572,0.0527,0.588009,0.01603,0.001134,0.55219,0.5779,0.5903,0.5973,0.61461,0.042314,0.00557,0.000394,0.03248,0.0388,0.042,0.04572,0.0527,0.630324,0.01335,0.000944,0.60179,0.62345,0.63205,0.63895,0.65204
32.0,0.368324,0.01322,0.000935,0.34686,0.35978,0.36635,0.37482,0.39631,0.041104,0.00552,0.00039,0.03158,0.0375,0.04045,0.04472,0.05279,0.590572,0.01588,0.001123,0.55479,0.58022,0.59265,0.6,0.6168,0.041104,0.00552,0.00039,0.03158,0.0375,0.04045,0.04472,0.05279,0.631676,0.01322,0.000935,0.60369,0.62518,0.63365,0.64022,0.65314
32.25,0.366971,0.0131,0.000927,0.34567,0.35838,0.365,0.3735,0.39471,0.039892,0.00541,0.000383,0.03067,0.03658,0.03935,0.0433,0.05227,0.593137,0.01567,0.001108,0.55807,0.58288,0.5949,0.60238,0.61881,0.039892,0.00541,0.000383,0.03067,0.03658,0.03935,0.0433,0.05227,0.633028,0.0131,0.000927,0.60529,0.6265,0.635,0.64162,0.65433
32.5,0.36575,0.01303,0.000921,0.34398,0.35738,0.3638,0.37238,0.3931,0.038626,0.00534,0.000377,0.02927,0.03488,0.0382,0.04175,0.05124,0.595624,0.01552,0.001097,0.56088,0.58598,0.5975,0.60563,0.6214,0.038626,0.00534,0.000377,0.02927,0.03488,0.0382,0.04175,0.05124,0.63425,0.01303,0.000921,0.6069,0.62763,0.6362,0.64262,0.65602
32.75,0.364572,0.01292,0.000914,0.34307,0.3561,0.36285,0.37102,0.3915,0.037457,0.00522,0.000369,0.02847,0.0337,0.037,0.04045,0.04946,0.597971,0.01533,0.001084,0.5632,0.5889,0.5997,0.60732,0.6232,0.037457,0.00522,0.000369,0.02847,0.0337,0.037,0.04045,0.04946,0.635428,0.01292,0.000914,0.6085,0.62898,0.63715,0.6439,0.65693
33.0,0.363367,0.01282,0.000907,0.34197,0.3551,0.3617,0.36965,0.39011,0.036321,0.00516,0.000365,0.02787,0.0327,0.03595,0.0397,0.04806,0.600312,0.01514,0.001071,0.56639,0.59125,0.60205,0.60945,0.62502,0.036321,0.00516,0.000365,0.02787,0.0327,0.03595,0.0397,0.04806,0.636634,0.01282,0.000907,0.60989,0.63035,0.6383,0.6449,0.65803
33.25,0.362266,0.01273,0.0009,0.34118,0.35422,0.3607,0.36845,0.38951,0.035197,0.00507,0.000358,0.0262,0.032,0.03465,0.0383,0.04694,0.602538,0.01494,0.001057,0.56949,0.59387,0.60435,0.6113,0.6273,0.035197,0.00507,0.000358,0.0262,0.032,0.03465,0.0383,0.04694,0.637734,0.01273,0.0009,0.61049,0.63155,0.6393,0.64578,0.65882
33.5,0.361157,0.01265,0.000894,0.34046,0.35322,0.35955,0.36732,0.388,0.034137,0.00492,0.000348,0.02569,0.0312,0.0337,0.03702,0.04593,0.604706,0.01471,0.00104,0.57257,0.59597,0.60665,0.61352,0.62851,0.034137,0.00492,0.000348,0.02569,0.0312,0.0337,0.03702,0.04593,0.638844,0.01265,0.000894,0.612,0.63268,0.64045,0.64678,0.65954
33.75,0.360134,0.01256,0.000888,0.33947,0.35242,0.35865,0.36605,0.3871,0.03302,0.00486,0.000344,0.02499,0.0298,0.03215,0.036,0.04445,0.606845,0.01452,0.001027,0.57467,0.59858,0.6084,0.61575,0.63041,0.03302,0.00486,0.000344,0.02499,0.0298,0.03215,0.036,0.04445,0.639866,0.01256,0.000888,0.6129,0.63395,0.64135,0.64758,0.66053
34.0,0.359102,0.01247,0.000881,0.33857,0.35158,0.3577,0.36522,0.3857,0.03205,0.00475,0.000336,0.02429,0.0287,0.03145,0.0351,0.04363,0.608848,0.01435,0.001015,0.5772,0.60088,0.61065,0.6176,0.63231,0.03205,0.00475,0.000336,0.02429,0.0287,0.03145,0.0351,0.04363,0.640898,0.01247,0.000881,0.6143,0.63478,0.6423,0.64842,0.66143
34.25,0.358115,0.01236,0.000874,0.33758,0.35065,0.3569,0.36428,0.38402,0.031012,0.00466,0.00033,0.02329,0.02778,0.03055,0.03413,0.04154,0.610872,0.01418,0.001003,0.5798,0.6029,0.6127,0.6195,0.63431,0.031012,0.00466,0.00033,0.02329,0.02778,0.03055,0.03413,0.04154,0.641885,0.01236,0.000874,0.61598,0.63572,0.6431,0.64935,0.66242
34.5,0.357205,0.01232,0.000871,0.33668,0.34942,0.35595,0.36352,0.38322,0.029964,0.00447,0.000316,0.0224,0.02688,0.02945,0.0328,0.03965,0.612831,0.01402,0.000992,0.5823,0.60495,0.6142,0.62125,0.6365,0.029964,0.00447,0.000316,0.0224,0.02688,0.02945,0.0328,0.03965,0.642795,0.01232,0.000871,0.61678,0.63648,0.64405,0.65057,0.66332
34.75,0.356293,0.01224,0.000865,0.33608,0.34862,0.3551,0.36252,0.38222,0.029064,0.00438,0.00031,0.02179,0.02608,0.02865,0.03165,0.03805,0.614643,0.01389,0.000982,0.5852,0.60708,0.61605,0.62272,0.6376,0.029064,0.00438,0.00031,0.02179,0.02608,0.02865,0.03165,0.03805,0.643707,0.01224,0.000865,0.61778,0.63748,0.6449,0.65138,0.66392
35.0,0.355464,0.01217,0.00086,0.33568,0.34775,0.3541,0.36193,0.38132,0.02808,0.00429,0.000304,0.0208,0.02518,0.0276,0.03082,0.03666,0.616456,0.01372,0.00097,0.58759,0.60908,0.61765,0.62485,0.63941,0.02808,0.00429,0.000304,0.0208,0.02518,0.0276,0.03082,0.03666,0.644536,0.01217,0.00086,0.61868,0.63807,0.6459,0.65225,0.66432
35.25,0.354616,0.01212,0.000857,0.33458,0.34708,0.35325,0.3611,0.38062,0.027208,0.00423,0.000299,0.0202,0.0242,0.02695,0.02972,0.03634,0.618175,0.01366,0.000966,0.58888,0.61068,0.61935,0.62705,0.64122,0.027208,0.00423,0.000299,0.0202,0.0242,0.02695,0.02972,0.03634,0.645384,0.01212,0.000857,0.61938,0.6389,0.64675,0.65292,0.66542
35.5,0.353803,0.01208,0.000854,0.33338,0.34598,0.35245,0.36042,0.38002,0.026324,0.00408,0.000289,0.01958,0.0235,0.026,0.0289,0.03512,0.619874,0.01348,0.000953,0.59159,0.61258,0.62115,0.6286,0.64272,0.026324,0.00408,0.000289,0.01958,0.0235,0.026,0.0289,0.03512,0.646197,0.01208,0.000854,0.61998,0.63958,0.64755,0.65402,0.66662
35.75,0.353007,0.01203,0.00085,0.3322,0.34515,0.35175,0.3596,0.37931,0.025523,0.00405,0.000286,0.01898,0.0227,0.0252,0.0279,0.03443,0.62147,0.01338,0.000946,0.59319,0.6142,0.62285,0.62985,0.6442,0.025523,0.00405,0.000286,0.01898,0.0227,0.0252,0.0279,0.03443,0.646993,0.01203,0.00085,0.62069,0.6404,0.64825,0.65485,0.6678
36.0,0.352287,0.012,0.000849,0.33188,0.34425,0.3512,0.3589,0.37822,0.024689,0.00396,0.00028,0.01789,0.022,0.02425,0.02702,0.03392,0.623024,0.01331,0.000941,0.5948,0.6159,0.6245,0.63118,0.64572,0.024689,0.00396,0.00028,0.01789,0.022,0.02425,0.02702,0.03392,0.647714,0.012,0.000849,0.62178,0.6411,0.6488,0.65575,0.66812
36.25,0.35155,0.01193,0.000844,0.33117,0.3437,0.3505,0.35825,0.37771,0.023932,0.00389,0.000275,0.01729,0.02128,0.02355,0.02622,0.03291,0.624518,0.01324,0.000936,0.59658,0.61758,0.62605,0.63288,0.64762,0.023932,0.00389,0.000275,0.01729,0.02128,0.02355,0.02622,0.03291,0.64845,0.01193,0.000844,0.62229,0.64175,0.6495,0.6563,0.66883
36.5,0.350883,0.01186,0.000839,0.33067,0.34322,0.3499,0.3576,0.3768,0.023127,0.00377,0.000267,0.01688,0.02068,0.02285,0.0252,0.03221,0.62599,0.01316,0.000931,0.59808,0.61902,0.6276,0.63452,0.64834,0.023127,0.00377,0.000267,0.01688,0.02068,0.02285,0.0252,0.03221,0.649117,0.01186,0.000839,0.6232,0.6424,0.6501,0.65678,0.66934
36.75,0.350213,0.01182,0.000836,0.33016,0.34262,0.349,0.3569,0.37532,0.022387,0.00365,0.000258,0.0163,0.02008,0.0222,0.02452,0.0309,0.6274,0.01307,0.000924,0.59938,0.62068,0.62905,0.6355,0.64934,0.022387,0.00365,0.000258,0.0163,0.02008,0.0222,0.02452,0.0309,0.649788,0.01182,0.000836,0.62468,0.6431,0.651,0.65738,0.66984
37.0,0.349543,0.01176,0.000831,0.32956,0.34225,0.3485,0.35612,0.3745,0.021678,0.00354,0.00025,0.0158,0.0193,0.02145,0.02358,0.02962,0.628778,0.01295,0.000916,0.60137,0.62225,0.63065,0.63665,0.65074,0.021678,0.00354,0.00025,0.0158,0.0193,0.02145,0.02358,0.02962,0.650457,0.01176,0.000831,0.6255,0.64388,0.6515,0.65775,0.67044
37.25,0.348908,0.01169,0.000827,0.32935,0.34135,0.3477,0.35555,0.3737,0.020945,0.0035,0.000247,0.0149,0.01855,0.02075,0.02292,0.0287,0.630147,0.01287,0.00091,0.60277,0.62397,0.6322,0.6378,0.65252,0.020945,0.0035,0.000247,0.0149,0.01855,0.02075,0.02292,0.0287,0.651092,0.01169,0.000827,0.62629,0.64445,0.6523,0.65865,0.67065
37.5,0.348323,0.01164,0.000823,0.32895,0.34108,0.34715,0.3547,0.37271,0.0202,0.0034,0.000241,0.0143,0.01785,0.02025,0.0222,0.02751,0.631477,0.01276,0.000902,0.604,0.62535,0.63325,0.63982,0.65352,0.0202,0.0034,0.000241,0.0143,0.01785,0.02025,0.0222,0.02751,0.651677,0.01164,0.000823,0.62729,0.6453,0.65285,0.65892,0.67105
37.75,0.34775,0.01158,0.000819,0.32797,0.34045,0.34645,0.3544,0.37191,0.019556,0.00334,0.000236,0.0135,0.0172,0.01955,0.0217,0.02661,0.632693,0.01271,0.000899,0.6057,0.62637,0.6348,0.6406,0.65453,0.019556,0.00334,0.000236,0.0135,0.0172,0.01955,0.0217,0.02661,0.65225,0.01158,0.000819,0.62809,0.6456,0.65355,0.65955,0.67203
38.0,0.347206,0.01155,0.000817,0.32766,0.3399,0.34595,0.35385,0.37102,0.018855,0.00323,0.000229,0.0133,0.0164,0.0187,0.0209,0.026,0.633939,0.01262,0.000893,0.60719,0.62728,0.63615,0.64193,0.65601,0.018855,0.00323,0.000229,0.0133,0.0164,0.0187,0.0209,0.026,0.652794,0.01155,0.000817,0.62898,0.64615,0.65405,0.6601,0.67234
38.25,0.346639,0.01152,0.000815,0.32706,0.33948,0.3454,0.35335,0.37062,0.018248,0.00316,0.000223,0.01289,0.01593,0.0181,0.0201,0.02531,0.635112,0.01254,0.000887,0.60858,0.62865,0.6372,0.64342,0.65652,0.018248,0.00316,0.000223,0.01289,0.01593,0.0181,0.0201,0.02531,0.65336,0.01152,0.000815,0.62937,0.64665,0.6546,0.66052,0.67294
38.5,0.346103,0.01148,0.000811,0.32657,0.33922,0.34475,0.35272,0.36993,0.0176,0.0031,0.000219,0.01249,0.01538,0.0175,0.01952,0.02421,0.636298,0.01248,0.000883,0.60939,0.62958,0.63815,0.6444,0.65752,0.0176,0.0031,0.000219,0.01249,0.01538,0.0175,0.01952,0.02421,0.653897,0.01148,0.000811,0.63007,0.64728,0.65525,0.66078,0.67343
38.75,0.345624,0.01143,0.000808,0.32608,0.3388,0.3444,0.35232,0.36972,0.016993,0.00306,0.000217,0.0117,0.0147,0.01695,0.0189,0.02311,0.637384,0.01239,0.000876,0.61048,0.63078,0.6392,0.64525,0.65803,0.016993,0.00306,0.000217,0.0117,0.0147,0.01695,0.0189,0.02311,0.654376,0.01143,0.000808,0.63028,0.64768,0.6556,0.6612,0.67392
39.0,0.345142,0.01141,0.000807,0.32568,0.33845,0.34395,0.3518,0.36892,0.016447,0.00302,0.000213,0.0113,0.01428,0.01625,0.0183,0.02251,0.638411,0.01234,0.000873,0.61148,0.6319,0.64035,0.64602,0.65883,0.016447,0.00302,0.000213,0.0113,0.01428,0.01625,0.0183,0.02251,0.654858,0.01141,0.000807,0.63108,0.6482,0.65605,0.66155,0.67432
39.25,0.344671,0.01137,0.000804,0.3249,0.33777,0.3434,0.3513,0.36851,0.015922,0.00293,0.000207,0.01119,0.01385,0.0157,0.01775,0.022,0.639407,0.0123,0.00087,0.6119,0.6328,0.6415,0.6472,0.65944,0.015922,0.00293,0.000207,0.01119,0.01385,0.0157,0.01775,0.022,0.655329,0.01137,0.000804,0.63149,0.6487,0.6566,0.66222,0.6751
39.5,0.344225,0.01134,0.000802,0.3245,0.33745,0.34315,0.35092,0.36743,0.015372,0.00287,0.000203,0.0106,0.0132,0.0152,0.0172,0.0211,0.640402,0.0122,0.000863,0.6128,0.63405,0.6424,0.64782,0.66015,0.015372,0.00287,0.000203,0.0106,0.0132,0.0152,0.0172,0.0211,0.655774,0.01134,0.000802,0.63257,0.64908,0.65685,0.66255,0.6755
39.75,0.343784,0.01132,0.000801,0.3241,0.33688,0.3426,0.3504,0.36694,0.014853,0.00283,0.0002,0.01038,0.0128,0.0147,0.0165,0.0208,0.641364,0.01215,0.000859,0.61458,0.63502,0.6434,0.6488,0.66104,0.014853,0.00283,0.0002,0.01038,0.0128,0.0147,0.0165,0.0208,0.656216,0.01132,0.000801,0.63306,0.6496,0.6574,0.66312,0.6759
40.0,0.343398,0.0113,0.000799,0.3239,0.3365,0.3422,0.34993,0.36624,0.014311,0.00276,0.000195,0.00979,0.0125,0.0141,0.01593,0.01982,0.64229,0.01214,0.000858,0.61528,0.63595,0.64415,0.64912,0.66174,0.014311,0.00276,0.000195,0.00979,0.0125,0.0141,0.01593,0.01982,0.656602,0.0113,0.000799,0.63376,0.65007,0.6578,0.6635,0.6761
40.25,0.343005,0.01129,0.000798,0.3234,0.336,0.3417,0.34952,0.36594,0.013804,0.0027,0.000191,0.0093,0.012,0.0136,0.0155,0.01951,0.643192,0.01206,0.000852,0.61609,0.63688,0.6448,0.64983,0.66264,0.013804,0.0027,0.000191,0.0093,0.012,0.0136,0.0155,0.01951,0.656995,0.01129,0.000798,0.63406,0.65047,0.6583,0.664,0.6766
40.5,0.342626,0.01125,0.000796,0.3232,0.33567,0.3413,0.34925,0.36545,0.013346,0.00261,0.000185,0.0091,0.01157,0.0132,0.015,0.0192,0.644028,0.01199,0.000848,0.61689,0.63768,0.6456,0.6509,0.66382,0.013346,0.00261,0.000185,0.0091,0.01157,0.0132,0.015,0.0192,0.657375,0.01125,0.000796,0.63455,0.65075,0.6587,0.66432,0.6768
40.75,0.342242,0.01124,0.000795,0.3228,0.33518,0.34095,0.34895,0.36514,0.012904,0.00258,0.000182,0.0085,0.01108,0.01285,0.0145,0.01871,0.644855,0.01197,0.000846,0.6176,0.63835,0.6463,0.65155,0.6652,0.012904,0.00258,0.000182,0.0085,0.01108,0.01285,0.0145,0.01871,0.657758,0.01124,0.000795,0.63486,0.65105,0.65905,0.66482,0.6772
41.0,0.341896,0.01121,0.000793,0.3227,0.33468,0.34065,0.34868,0.36483,0.012449,0.00253,0.000179,0.00819,0.0107,0.01235,0.014,0.01801,0.645655,0.01189,0.000841,0.6188,0.6391,0.6471,0.65235,0.6659,0.012449,0.00253,0.000179,0.00819,0.0107,0.01235,0.014,0.01801,0.658104,0.01121,0.000793,0.63517,0.65132,0.65935,0.66532,0.6773
41.25,0.341534,0.01118,0.000791,0.3225,0.33438,0.34025,0.34822,0.36414,0.012042,0.00247,0.000174,0.00799,0.01037,0.0119,0.01342,0.0174,0.646424,0.01183,0.000837,0.6201,0.63948,0.6478,0.6531,0.6665,0.012042,0.00247,0.000174,0.00799,0.01037,0.0119,0.01342,0.0174,0.658465,0.01118,0.000791,0.63586,0.65178,0.65975,0.66562,0.6775
41.5,0.341203,0.01116,0.000789,0.3222,0.33405,0.3398,0.3479,0.36336,0.011606,0.00239,0.000169,0.00749,0.01,0.0113,0.013,0.0169,0.647192,0.0118,0.000835,0.62128,0.64037,0.6484,0.65372,0.66742,0.011606,0.00239,0.000169,0.00749,0.01,0.0113,0.013,0.0169,0.658798,0.01116,0.000789,0.63664,0.6521,0.6602,0.66595,0.6778
41.75,0.340878,0.01114,0.000788,0.322,0.3339,0.3395,0.3475,0.36297,0.011221,0.00234,0.000165,0.00729,0.0096,0.01095,0.0126,0.0166,0.647901,0.01176,0.000831,0.62209,0.64125,0.649,0.65448,0.66781,0.011221,0.00234,0.000165,0.00729,0.0096,0.01095,0.0126,0.0166,0.659122,0.01114,0.000788,0.63704,0.6525,0.6605,0.6661,0.678
42.0,0.340574,0.01112,0.000786,0.3219,0.33355,0.3391,0.3472,0.36266,0.010838,0.00229,0.000162,0.0069,0.0093,0.0108,0.01232,0.016,0.648588,0.01171,0.000828,0.6233,0.64195,0.6497,0.65532,0.66822,0.010838,0.00229,0.000162,0.0069,0.0093,0.0108,0.01232,0.016,0.659426,0.01112,0.000786,0.63734,0.6528,0.6609,0.66645,0.6781
42.25,0.340295,0.01111,0.000786,0.32169,0.33325,0.33895,0.34688,0.36217,0.010415,0.00222,0.000157,0.0067,0.0088,0.0103,0.01182,0.01522,0.649289,0.01165,0.000823,0.62439,0.64278,0.6505,0.6565,0.66871,0.010415,0.00222,0.000157,0.0067,0.0088,0.0103,0.01182,0.01522,0.659704,0.01111,0.000786,0.63783,0.65312,0.66105,0.66675,0.6783
42.5,0.340013,0.01109,0.000784,0.32129,0.33308,0.33865,0.34645,0.36197,0.010096,0.00215,0.000152,0.00649,0.00867,0.00975,0.0115,0.01461,0.649892,0.01164,0.000823,0.62539,0.64335,0.65095,0.65712,0.66942,0.010096,0.00215,0.000152,0.00649,0.00867,0.00975,0.0115,0.01461,0.659987,0.01109,0.000784,0.63804,0.65355,0.66135,0.66692,0.67871
42.75,0.339738,0.01107,0.000783,0.32128,0.3327,0.3384,0.34625,0.36156,0.009795,0.00209,0.000148,0.0061,0.0085,0.0094,0.01113,0.01421,0.650468,0.0116,0.00082,0.62639,0.6437,0.6516,0.65762,0.67021,0.009795,0.00209,0.000148,0.0061,0.0085,0.0094,0.01113,0.01421,0.660262,0.01107,0.000783,0.63844,0.65375,0.6616,0.6673,0.67872
43.0,0.339472,0.01104,0.000781,0.32089,0.33245,0.33815,0.34608,0.36155,0.00946,0.00208,0.000147,0.006,0.0081,0.0091,0.0108,0.0141,0.651068,0.01155,0.000816,0.62729,0.64438,0.6522,0.65812,0.6708,0.00946,0.00208,0.000147,0.006,0.0081,0.0091,0.0108,0.0141,0.660528,0.01104,0.000781,0.63845,0.65393,0.66185,0.66755,0.67911
43.25,0.339227,0.01102,0.000779,0.32059,0.33222,0.338,0.34595,0.36096,0.009115,0.002,0.000141,0.00589,0.00777,0.00885,0.01032,0.0138,0.651658,0.01151,0.000814,0.628,0.64465,0.6529,0.6587,0.67141,0.009115,0.002,0.000141,0.00589,0.00777,0.00885,0.01032,0.0138,0.660774,0.01102,0.000779,0.63905,0.65405,0.662,0.66778,0.67941
43.5,0.33897,0.011,0.000778,0.32039,0.33188,0.33785,0.34558,0.36064,0.008826,0.00198,0.00014,0.00549,0.0075,0.0085,0.0101,0.01331,0.652205,0.01148,0.000812,0.6287,0.6454,0.6535,0.65922,0.67191,0.008826,0.00198,0.00014,0.00549,0.0075,0.0085,0.0101,0.01331,0.66103,0.011,0.000778,0.63936,0.65442,0.66215,0.66813,0.67961
43.75,0.338721,0.01099,0.000777,0.32039,0.33168,0.33755,0.34532,0.36042,0.008528,0.00193,0.000136,0.0052,0.0072,0.0083,0.00965,0.01242,0.652751,0.01147,0.000811,0.62938,0.6459,0.6542,0.65985,0.67212,0.008528,0.00193,0.000136,0.0052,0.0072,0.0083,0.00965,0.01242,0.661279,0.01099,0.000777,0.63958,0.65468,0.66245,0.66832,0.67962
44.0,0.338481,0.01098,0.000776,0.32028,0.3313,0.33725,0.34508,0.36012,0.00824,0.00187,0.000133,0.00509,0.0069,0.0081,0.00922,0.01201,0.653278,0.01146,0.00081,0.6297,0.64635,0.65485,0.66038,0.67252,0.00824,0.00187,0.000133,0.00509,0.0069,0.0081,0.00922,0.01201,0.661519,0.01098,0.000776,0.63988,0.65492,0.66275,0.6687,0.67972
44.25,0.338263,0.01096,0.000775,0.32027,0.33122,0.33705,0.34485,0.36011,0.007929,0.00187,0.000132,0.0048,0.0067,0.0077,0.00895,0.012,0.653808,0.01143,0.000808,0.6303,0.64678,0.6553,0.66092,0.67312,0.007929,0.00187,0.000132,0.0048,0.0067,0.0077,0.00895,0.012,0.661737,0.01096,0.000775,0.63989,0.65515,0.66295,0.66878,0.67973
44.5,0.338049,0.01096,0.000775,0.31998,0.33108,0.337,0.34472,0.35952,0.007671,0.00182,0.000128,0.0047,0.0063,0.0074,0.0087,0.01141,0.65428,0.01139,0.000805,0.63088,0.64748,0.65575,0.66128,0.6737,0.007671,0.00182,0.000128,0.0047,0.0063,0.0074,0.0087,0.01141,0.661952,0.01096,0.000775,0.64048,0.65528,0.663,0.66892,0.68002
44.75,0.337829,0.01093,0.000773,0.31978,0.3309,0.3366,0.3444,0.35932,0.007411,0.00179,0.000127,0.0045,0.0061,0.0072,0.0084,0.0112,0.65476,0.01137,0.000804,0.63148,0.648,0.6562,0.66182,0.67391,0.007411,0.00179,0.000127,0.0045,0.0061,0.0072,0.0084,0.0112,0.662171,0.01093,0.000773,0.64069,0.6556,0.6634,0.6691,0.68022
45.0,0.337624,0.01092,0.000772,0.31948,0.33068,0.3365,0.3441,0.359,0.00718,0.00177,0.000125,0.0042,0.006,0.007,0.0081,0.01102,0.655195,0.01135,0.000802,0.63198,0.6483,0.65675,0.66242,0.6744,0.00718,0.00177,0.000125,0.0042,0.006,0.007,0.0081,0.01102,0.662375,0.01092,0.000772,0.641,0.6559,0.6635,0.66932,0.68052
45.25,0.33744,0.01089,0.00077,0.31919,0.33035,0.33635,0.34385,0.35881,0.006914,0.00172,0.000122,0.004,0.0058,0.00675,0.0079,0.01082,0.655646,0.01133,0.000801,0.63258,0.64888,0.6571,0.6629,0.6746,0.006914,0.00172,0.000122,0.004,0.0058,0.00675,0.0079,0.01082,0.66256,0.01089,0.00077,0.64119,0.65615,0.66365,0.66965,0.68081
45.5,0.337234,0.01085,0.000767,0.31889,0.33012,0.3363,0.34365,0.35812,0.006694,0.00172,0.000122,0.0037,0.0055,0.00655,0.0077,0.01062,0.656072,0.01129,0.000799,0.63297,0.64928,0.65755,0.66315,0.675,0.006694,0.00172,0.000122,0.0037,0.0055,0.00655,0.0077,0.01062,0.662766,0.01085,0.000767,0.64188,0.65635,0.6637,0.66988,0.68111
45.75,0.33704,0.01083,0.000766,0.31858,0.32995,0.336,0.3435,0.35811,0.00649,0.00171,0.000121,0.0038,0.0054,0.0062,0.0075,0.01062,0.656471,0.01127,0.000797,0.63387,0.6498,0.658,0.66345,0.67521,0.00649,0.00171,0.000121,0.0038,0.0054,0.0062,0.0075,0.01062,0.66296,0.01083,0.000766,0.64189,0.6565,0.664,0.67005,0.68142
46.0,0.336856,0.01082,0.000765,0.31829,0.32992,0.33585,0.34325,0.35811,0.006277,0.00169,0.000119,0.0036,0.00528,0.0061,0.00722,0.01011,0.656867,0.01123,0.000794,0.63447,0.6503,0.6584,0.66388,0.67541,0.006277,0.00169,0.000119,0.0036,0.00528,0.0061,0.00722,0.01011,0.663144,0.01082,0.000765,0.64189,0.65675,0.66415,0.67008,0.68171
46.25,0.336679,0.01082,0.000765,0.31809,0.32975,0.33575,0.34302,0.35801,0.006055,0.00163,0.000116,0.0034,0.005,0.00595,0.00692,0.01,0.657266,0.0112,0.000792,0.63506,0.6507,0.6587,0.66442,0.6759,0.006055,0.00163,0.000116,0.0034,0.005,0.00595,0.00692,0.01,0.663321,0.01082,0.000765,0.64199,0.65698,0.66425,0.67025,0.68191
46.5,0.336509,0.01083,0.000765,0.31799,0.32968,0.3356,0.34295,0.35762,0.005846,0.0016,0.000113,0.0034,0.0047,0.0057,0.0068,0.00981,0.657645,0.01116,0.000789,0.63526,0.65135,0.6591,0.66472,0.67611,0.005846,0.0016,0.000113,0.0034,0.0047,0.0057,0.0068,0.00981,0.663491,0.01083,0.000765,0.64238,0.65705,0.6644,0.67032,0.68201
46.75,0.33635,0.0108,0.000764,0.31769,0.3294,0.3355,0.34278,0.35742,0.00562,0.00155,0.000109,0.0033,0.0046,0.0055,0.0065,0.00941,0.65803,0.01113,0.000787,0.63586,0.6518,0.6596,0.665,0.6764,0.00562,0.00155,0.000109,0.0033,0.0046,0.0055,0.0065,0.00941,0.66365,0.0108,0.000764,0.64258,0.65722,0.6645,0.6706,0.68231
47.0,0.3362,0.0108,0.000763,0.31769,0.32935,0.3353,0.34268,0.35722,0.005426,0.00152,0.000108,0.0031,0.0044,0.0053,0.00622,0.0091,0.658374,0.01108,0.000784,0.63637,0.65223,0.6599,0.66522,0.67651,0.005426,0.00152,0.000108,0.0031,0.0044,0.0053,0.00622,0.0091,0.6638,0.0108,0.000763,0.64278,0.65732,0.6647,0.67065,0.68231
47.25,0.336045,0.01079,0.000763,0.31749,0.32908,0.335,0.3425,0.35702,0.005249,0.00148,0.000105,0.003,0.0042,0.0051,0.0062,0.0086,0.658706,0.01104,0.000781,0.63668,0.6525,0.6601,0.66562,0.67671,0.005249,0.00148,0.000105,0.003,0.0042,0.0051,0.0062,0.0086,0.663955,0.01079,0.000763,0.64297,0.6575,0.665,0.67092,0.68251
47.5,0.335912,0.01076,0.000761,0.31739,0.3289,0.3348,0.34232,0.35644,0.00505,0.00144,0.000102,0.0028,0.0041,0.0049,0.0059,0.0082,0.659038,0.01102,0.000779,0.63718,0.65272,0.6605,0.66595,0.67701,0.00505,0.00144,0.000102,0.0028,0.0041,0.0049,0.0059,0.0082,0.664088,0.01076,0.000761,0.64356,0.65768,0.6652,0.6711,0.68261
47.75,0.335781,0.01075,0.00076,0.31729,0.32888,0.3346,0.34215,0.35634,0.004866,0.0014,9.9e-5,0.0026,0.0039,0.0047,0.0058,0.0078,0.659354,0.011,0.000777,0.63748,0.65288,0.6608,0.66615,0.6775,0.004866,0.0014,9.9e-5,0.0026,0.0039,0.0047,0.0058,0.0078,0.66422,0.01075,0.00076,0.64366,0.65785,0.6654,0.67112,0.68271
48.0,0.335638,0.01074,0.00076,0.31709,0.32882,0.3344,0.34202,0.35624,0.004704,0.00138,9.8e-5,0.0024,0.0037,0.0046,0.0055,0.0078,0.659658,0.01098,0.000777,0.6376,0.65308,0.66105,0.6667,0.6779,0.004704,0.00138,9.8e-5,0.0024,0.0037,0.0046,0.0055,0.0078,0.664362,0.01074,0.00076,0.64376,0.65798,0.6656,0.67118,0.68291
48.25,0.335515,0.01073,0.000759,0.31699,0.32868,0.3344,0.34202,0.35594,0.004529,0.00134,9.5e-5,0.0022,0.0036,0.00445,0.00532,0.0074,0.659956,0.01096,0.000775,0.6379,0.65348,0.6613,0.6669,0.67811,0.004529,0.00134,9.5e-5,0.0022,0.0036,0.00445,0.00532,0.0074,0.664485,0.01073,0.000759,0.64406,0.65798,0.6656,0.67132,0.68301
48.5,0.335386,0.01071,0.000757,0.31688,0.32862,0.3341,0.34188,0.35545,0.004366,0.00133,9.4e-5,0.0021,0.0034,0.0042,0.0052,0.0072,0.660247,0.01096,0.000775,0.63848,0.65368,0.66155,0.66715,0.67841,0.004366,0.00133,9.4e-5,0.0021,0.0034,0.0042,0.0052,0.0072,0.664614,0.01071,0.000757,0.64455,0.65812,0.6659,0.67138,0.68312
48.75,0.335254,0.01069,0.000756,0.31668,0.32855,0.33395,0.34175,0.35545,0.004231,0.00128,9.1e-5,0.0019,0.0033,0.00415,0.00502,0.0069,0.660515,0.01093,0.000773,0.63859,0.6537,0.6617,0.66735,0.67871,0.004231,0.00128,9.1e-5,0.0019,0.0033,0.00415,0.00502,0.0069,0.664746,0.01069,0.000756,0.64455,0.65825,0.66605,0.67145,0.68332
49.0,0.335149,0.01068,0.000755,0.31659,0.3285,0.3339,0.34162,0.35545,0.004061,0.00123,8.7e-5,0.0019,0.0032,0.004,0.0048,0.0068,0.660789,0.01093,0.000773,0.63909,0.65398,0.66205,0.66767,0.67902,0.004061,0.00123,8.7e-5,0.0019,0.0032,0.004,0.0048,0.0068,0.664851,0.01068,0.000755,0.64455,0.65838,0.6661,0.6715,0.68341
49.25,0.335029,0.01067,0.000755,0.31629,0.32818,0.3337,0.34145,0.35535,0.003936,0.00122,8.7e-5,0.0018,0.0031,0.0039,0.0046,0.0068,0.661036,0.01092,0.000772,0.63939,0.65435,0.6622,0.66798,0.67921,0.003936,0.00122,8.7e-5,0.0018,0.0031,0.0039,0.0046,0.0068,0.664971,0.01067,0.000755,0.64465,0.65855,0.6663,0.67182,0.68371
49.5,0.334924,0.01067,0.000754,0.31609,0.32808,0.3337,0.34132,0.35515,0.003796,0.00119,8.4e-5,0.0016,0.00298,0.0037,0.0045,0.0067,0.66128,0.0109,0.000771,0.63978,0.65467,0.66245,0.66808,0.67931,0.003796,0.00119,8.4e-5,0.0016,0.00298,0.0037,0.0045,0.0067,0.665076,0.01067,0.000754,0.64485,0.65867,0.6663,0.67193,0.68391
49.75,0.334825,0.01065,0.000753,0.31608,0.32808,0.3337,0.34125,0.35505,0.003662,0.00119,8.4e-5,0.0017,0.0028,0.0035,0.0043,0.0064,0.661513,0.01089,0.00077,0.63998,0.6549,0.6628,0.66825,0.67942,0.003662,0.00119,8.4e-5,0.0017,0.0028,0.0035,0.0043,0.0064,0.665175,0.01065,0.000753,0.64495,0.65875,0.6663,0.67193,0.68392
50.0,0.334726,0.01064,0.000752,0.31598,0.3279,0.33355,0.34122,0.35474,0.003555,0.00118,8.4e-5,0.0015,0.0027,0.0034,0.0042,0.00621,0.661719,0.01087,0.000768,0.64009,0.65507,0.66295,0.66835,0.67953,0.003555,0.00118,8.4e-5,0.0015,0.0027,0.0034,0.0042,0.00621,0.665274,0.01064,0.000752,0.64526,0.65878,0.66645,0.6721,0.68402
50.25,0.334635,0.01064,0.000752,0.31578,0.32788,0.33355,0.34112,0.35474,0.003425,0.00112,7.9e-5,0.0015,0.00268,0.0033,0.0041,0.0059,0.66194,0.01083,0.000766,0.64018,0.65545,0.66325,0.66862,0.67983,0.003425,0.00112,7.9e-5,0.0015,0.00268,0.0033,0.0041,0.0059,0.665365,0.01064,0.000752,0.64526,0.65888,0.66645,0.67213,0.68422
50.5,0.334551,0.01064,0.000752,0.31558,0.32772,0.3335,0.34102,0.35473,0.003302,0.00108,7.6e-5,0.00149,0.0026,0.0032,0.004,0.0057,0.662146,0.01082,0.000765,0.64058,0.6556,0.6633,0.66882,0.68022,0.003302,0.00108,7.6e-5,0.00149,0.0026,0.0032,0.004,0.0057,0.665448,0.01064,0.000752,0.64527,0.65898,0.6665,0.67228,0.68442
50.75,0.334465,0.01063,0.000752,0.31558,0.3277,0.33345,0.34085,0.35463,0.003178,0.00105,7.4e-5,0.0014,0.0025,0.0031,0.0039,0.0056,0.662357,0.01081,0.000765,0.64059,0.6561,0.66345,0.66908,0.68052,0.003178,0.00105,7.4e-5,0.0014,0.0025,0.0031,0.0039,0.0056,0.665536,0.01063,0.000752,0.64537,0.65915,0.66655,0.6723,0.68442
51.0,0.334377,0.01062,0.000751,0.31546,0.32758,0.33335,0.34078,0.35453,0.00306,0.00103,7.3e-5,0.0013,0.0024,0.0029,0.0036,0.0054,0.662562,0.01079,0.000763,0.64147,0.65645,0.6637,0.66925,0.68062,0.00306,0.00103,7.3e-5,0.0013,0.0024,0.0029,0.0036,0.0054,0.665623,0.01062,0.000751,0.64547,0.65922,0.66665,0.67242,0.68454
51.25,0.334294,0.0106,0.000749,0.31526,0.32738,0.3333,0.3405,0.35453,0.002954,0.00101,7.2e-5,0.0012,0.0023,0.00275,0.0036,0.00521,0.662753,0.01078,0.000762,0.64186,0.65658,0.66385,0.6696,0.68082,0.002954,0.00101,7.2e-5,0.0012,0.0023,0.00275,0.0036,0.00521,0.665706,0.0106,0.000749,0.64547,0.6595,0.6667,0.67262,0.68474
51.5,0.334215,0.0106,0.000749,0.31507,0.3273,0.3332,0.3405,0.35452,0.002851,0.00101,7.1e-5,0.00119,0.0022,0.0026,0.0034,0.0051,0.662933,0.01077,0.000761,0.64197,0.6567,0.66425,0.66995,0.68112,0.002851,0.00101,7.1e-5,0.00119,0.0022,0.0026,0.0034,0.0051,0.665784,0.0106,0.000749,0.64548,0.6595,0.6668,0.6727,0.68493
51.75,0.334148,0.01059,0.000749,0.31487,0.3273,0.3331,0.34042,0.35442,0.002759,0.00097,6.9e-5,0.00119,0.0021,0.0026,0.0034,0.0049,0.663092,0.01074,0.000759,0.64226,0.65678,0.66435,0.6701,0.68132,0.002759,0.00097,6.9e-5,0.00119,0.0021,0.0026,0.0034,0.0049,0.665852,0.01059,0.000749,0.64558,0.65958,0.6669,0.6727,0.68513
52.0,0.334078,0.0106,0.00075,0.31468,0.32722,0.3331,0.34042,0.35432,0.002666,0.00095,6.7e-5,0.0011,0.002,0.0025,0.00323,0.0047,0.663255,0.01073,0.000759,0.64257,0.65692,0.6645,0.67032,0.68144,0.002666,0.00095,6.7e-5,0.0011,0.002,0.0025,0.00323,0.0047,0.665922,0.0106,0.00075,0.64568,0.65958,0.6669,0.67278,0.68532
52.25,0.334009,0.01059,0.000749,0.31467,0.3272,0.33305,0.3404,0.35432,0.002578,0.00094,6.6e-5,0.001,0.002,0.0024,0.00312,0.0046,0.663412,0.01071,0.000758,0.64267,0.65695,0.6647,0.67048,0.68144,0.002578,0.00094,6.6e-5,0.001,0.002,0.0024,0.00312,0.0046,0.665991,0.01059,0.000749,0.64568,0.6596,0.66695,0.6728,0.68533
52.5,0.333943,0.01058,0.000748,0.31467,0.3272,0.333,0.3403,0.35432,0.002485,0.00091,6.4e-5,0.0009,0.0019,0.0024,0.00303,0.0043,0.663572,0.01071,0.000757,0.64286,0.65705,0.6648,0.67062,0.68182,0.002485,0.00091,6.4e-5,0.0009,0.0019,0.0024,0.00303,0.0043,0.666057,0.01058,0.000748,0.64568,0.6597,0.667,0.6728,0.68533
52.75,0.333874,0.01058,0.000748,0.31467,0.3272,0.3329,0.3403,0.35432,0.002406,0.00089,6.3e-5,0.0009,0.0018,0.0023,0.003,0.0042,0.66372,0.01069,0.000756,0.64297,0.65735,0.66485,0.67065,0.68212,0.002406,0.00089,6.3e-5,0.0009,0.0018,0.0023,0.003,0.0042,0.666126,0.01058,0.000748,0.64568,0.6597,0.6671,0.6728,0.68533
53.0,0.333811,0.01058,0.000748,0.31467,0.32705,0.3328,0.34022,0.35431,0.002341,0.00089,6.3e-5,0.0008,0.0018,0.0022,0.0028,0.00421,0.663848,0.01069,0.000756,0.64318,0.65745,0.6649,0.6708,0.6827,0.002341,0.00089,6.3e-5,0.0008,0.0018,0.0022,0.0028,0.00421,0.666189,0.01058,0.000748,0.64569,0.65978,0.6672,0.67295,0.68533
53.25,0.333738,0.01057,0.000748,0.31458,0.32683,0.3328,0.34012,0.35421,0.002272,0.00088,6.3e-5,0.0007,0.0017,0.0022,0.0028,0.00401,0.66399,0.0107,0.000757,0.64318,0.6575,0.665,0.6709,0.6829,0.002272,0.00088,6.3e-5,0.0007,0.0017,0.0022,0.0028,0.00401,0.666262,0.01057,0.000748,0.64579,0.65988,0.6672,0.67318,0.68542
53.5,0.333675,0.01057,0.000747,0.31458,0.32683,0.3328,0.34002,0.35421,0.002193,0.00086,6.1e-5,0.0007,0.0016,0.0021,0.0027,0.0039,0.664132,0.01069,0.000756,0.64328,0.6576,0.6653,0.67105,0.6832,0.002193,0.00086,6.1e-5,0.0007,0.0016,0.0021,0.0027,0.0039,0.666325,0.01057,0.000747,0.6458,0.65998,0.6672,0.67318,0.68542
53.75,0.333624,0.01056,0.000747,0.31448,0.32675,0.3327,0.33988,0.354,0.0021,0.00084,5.9e-5,0.0007,0.0015,0.002,0.0025,0.0038,0.664276,0.01069,0.000756,0.64348,0.65778,0.6654,0.67115,0.68321,0.0021,0.00084,5.9e-5,0.0007,0.0015,0.002,0.0025,0.0038,0.666376,0.01056,0.000747,0.646,0.66013,0.6673,0.67325,0.68552
54.0,0.333575,0.01056,0.000747,0.31437,0.32668,0.33265,0.33985,0.35391,0.002016,0.00081,5.8e-5,0.0006,0.0015,0.00195,0.0024,0.0037,0.66441,0.01069,0.000756,0.64358,0.6579,0.66545,0.67132,0.68331,0.002016,0.00081,5.8e-5,0.0006,0.0015,0.00195,0.0024,0.0037,0.666425,0.01056,0.000747,0.64609,0.66015,0.66735,0.67332,0.68563
54.25,0.33352,0.01054,0.000745,0.31437,0.32668,0.3326,0.33985,0.35381,0.001953,0.00081,5.7e-5,0.0006,0.0015,0.0019,0.0023,0.00351,0.664527,0.01068,0.000755,0.64378,0.6581,0.66555,0.67135,0.68342,0.001953,0.00081,5.7e-5,0.0006,0.0015,0.0019,0.0023,0.00351,0.66648,0.01054,0.000745,0.64619,0.66015,0.6674,0.67332,0.68563
54.5,0.333471,0.01054,0.000745,0.31437,0.3266,0.3326,0.33978,0.35371,0.001886,0.00079,5.6e-5,0.0005,0.0014,0.0018,0.0023,0.0035,0.664642,0.01068,0.000755,0.64378,0.6583,0.66565,0.67155,0.68352,0.001886,0.00079,5.6e-5,0.0005,0.0014,0.0018,0.0023,0.0035,0.666529,0.01054,0.000745,0.64629,0.66022,0.6674,0.6734,0.68563
54.75,0.333424,0.01054,0.000745,0.31437,0.3266,0.33255,0.33975,0.35352,0.001823,0.00076,5.4e-5,0.0005,0.0014,0.0018,0.0022,0.0035,0.664752,0.01067,0.000755,0.64408,0.65845,0.66575,0.67158,0.68382,0.001823,0.00076,5.4e-5,0.0005,0.0014,0.0018,0.0022,0.0035,0.666576,0.01054,0.000745,0.64648,0.66025,0.66745,0.6734,0.68563
55.0,0.333374,0.01053,0.000745,0.31437,0.32655,0.3325,0.33975,0.35332,0.001744,0.00074,5.2e-5,0.0005,0.0013,0.0017,0.0021,0.0033,0.664881,0.01066,0.000754,0.64418,0.65855,0.6658,0.67168,0.68382,0.001744,0.00074,5.2e-5,0.0005,0.0013,0.0017,0.0021,0.0033,0.666626,0.01053,0.000745,0.64668,0.66025,0.6675,0.67345,0.68563
55.25,0.333335,0.01052,0.000744,0.31437,0.32655,0.3324,0.33973,0.35332,0.001675,0.00074,5.2e-5,0.0005,0.0012,0.0016,0.00202,0.0033,0.66499,0.01064,0.000753,0.64458,0.65867,0.6659,0.67182,0.68393,0.001675,0.00074,5.2e-5,0.0005,0.0012,0.0016,0.00202,0.0033,0.666665,0.01052,0.000744,0.64668,0.66028,0.6676,0.67345,0.68563
55.5,0.333294,0.01052,0.000744,0.31437,0.32655,0.33225,0.33973,0.35332,0.00162,0.00072,5.1e-5,0.0004,0.0012,0.0015,0.002,0.0031,0.665085,0.01063,0.000752,0.64526,0.65878,0.666,0.67202,0.68403,0.00162,0.00072,5.1e-5,0.0004,0.0012,0.0015,0.002,0.0031,0.666706,0.01052,0.000744,0.64668,0.66028,0.66775,0.67345,0.68563
55.75,0.333247,0.01052,0.000744,0.31427,0.32648,0.33225,0.33973,0.35332,0.001565,0.00072,5.1e-5,0.0004,0.0011,0.0015,0.0019,0.00311,0.665188,0.01063,0.000751,0.64526,0.65895,0.6661,0.67213,0.68413,0.001565,0.00072,5.1e-5,0.0004,0.0011,0.0015,0.0019,0.00311,0.666752,0.01052,0.000744,0.64668,0.66028,0.66775,0.67352,0.68573
56.0,0.333206,0.01051,0.000743,0.31417,0.32648,0.33225,0.33973,0.35332,0.001508,0.0007,5.0e-5,0.0004,0.001,0.0014,0.0019,0.00301,0.665286,0.01062,0.000751,0.64536,0.65895,0.66615,0.67225,0.68413,0.001508,0.0007,5.0e-5,0.0004,0.001,0.0014,0.0019,0.00301,0.666793,0.01051,0.000743,0.64668,0.66028,0.66775,0.67352,0.68583
56.25,0.333163,0.01051,0.000743,0.31417,0.3264,0.33225,0.33973,0.35332,0.001472,0.00069,4.9e-5,0.0004,0.001,0.0014,0.0018,0.0031,0.665366,0.01061,0.00075,0.64537,0.65902,0.6662,0.67225,0.68423,0.001472,0.00069,4.9e-5,0.0004,0.001,0.0014,0.0018,0.0031,0.666837,0.01051,0.000743,0.64668,0.66028,0.66775,0.6736,0.68583
56.5,0.333124,0.01051,0.000743,0.31407,0.32638,0.33215,0.33973,0.35332,0.001418,0.00066,4.7e-5,0.0004,0.001,0.0013,0.0018,0.0029,0.665458,0.01061,0.000751,0.64537,0.65902,0.66625,0.6724,0.68452,0.001418,0.00066,4.7e-5,0.0004,0.001,0.0013,0.0018,0.0029,0.666876,0.01051,0.000743,0.64668,0.66028,0.66785,0.67362,0.68593
56.75,0.333082,0.0105,0.000742,0.31388,0.32638,0.3321,0.3397,0.35332,0.001373,0.00065,4.6e-5,0.0003,0.001,0.0013,0.0017,0.0029,0.665544,0.01061,0.000751,0.64547,0.65902,0.66635,0.67252,0.68462,0.001373,0.00065,4.6e-5,0.0003,0.001,0.0013,0.0017,0.0029,0.666917,0.0105,0.000742,0.64668,0.6603,0.6679,0.67362,0.68612
57.0,0.333043,0.01049,0.000742,0.31388,0.32638,0.33205,0.33968,0.35332,0.001336,0.00064,4.5e-5,0.0003,0.0009,0.0013,0.0017,0.0029,0.665622,0.01061,0.00075,0.64548,0.65925,0.6664,0.67255,0.68482,0.001336,0.00064,4.5e-5,0.0003,0.0009,0.0013,0.0017,0.0029,0.666957,0.01049,0.000742,0.64668,0.66032,0.66795,0.67362,0.68612
57.25,0.332994,0.01049,0.000742,0.31378,0.32638,0.332,0.33968,0.35332,0.001312,0.00063,4.5e-5,0.0003,0.0009,0.0012,0.00163,0.0028,0.665693,0.01061,0.00075,0.64548,0.65928,0.66645,0.67255,0.68502,0.001312,0.00063,4.5e-5,0.0003,0.0009,0.0012,0.00163,0.0028,0.667005,0.01049,0.000742,0.64668,0.66032,0.668,0.67362,0.68622
57.5,0.332962,0.01049,0.000742,0.31378,0.32635,0.332,0.33968,0.35332,0.001261,0.00061,4.3e-5,0.0003,0.0009,0.0012,0.00152,0.0027,0.665777,0.0106,0.00075,0.64558,0.65938,0.6666,0.67262,0.68521,0.001261,0.00061,4.3e-5,0.0003,0.0009,0.0012,0.00152,0.0027,0.667038,0.01049,0.000742,0.64668,0.66032,0.668,0.67365,0.68622
57.75,0.33293,0.01049,0.000742,0.31378,0.3262,0.332,0.33968,0.35332,0.001212,0.00057,4.0e-5,0.0003,0.0009,0.0012,0.0015,0.0025,0.665857,0.01059,0.000749,0.64559,0.65942,0.66675,0.6727,0.68521,0.001212,0.00057,4.0e-5,0.0003,0.0009,0.0012,0.0015,0.0025,0.66707,0.01049,0.000742,0.64668,0.66032,0.668,0.6738,0.68622
58.0,0.33289,0.01048,0.000741,0.31377,0.32615,0.332,0.33965,0.35332,0.001181,0.00056,4.0e-5,0.0003,0.0008,0.0011,0.0015,0.0026,0.665928,0.01058,0.000748,0.64559,0.65945,0.66685,0.6728,0.68521,0.001181,0.00056,4.0e-5,0.0003,0.0008,0.0011,0.0015,0.0026,0.66711,0.01048,0.000741,0.64668,0.66035,0.668,0.67385,0.68623
58.25,0.332858,0.01048,0.000741,0.31377,0.32608,0.332,0.33965,0.35322,0.001158,0.00055,3.9e-5,0.0003,0.0008,0.0011,0.0014,0.00241,0.665985,0.01058,0.000748,0.64569,0.65948,0.66685,0.6729,0.68521,0.001158,0.00055,3.9e-5,0.0003,0.0008,0.0011,0.0014,0.00241,0.667142,0.01048,0.000741,0.64678,0.66035,0.668,0.67392,0.68623
58.5,0.332827,0.01048,0.000741,0.31367,0.32608,0.33195,0.33963,0.35302,0.001115,0.00054,3.8e-5,0.0003,0.0008,0.001,0.0014,0.0024,0.666058,0.01058,0.000748,0.6457,0.65958,0.66695,0.67292,0.68532,0.001115,0.00054,3.8e-5,0.0003,0.0008,0.001,0.0014,0.0024,0.667174,0.01048,0.000741,0.64698,0.66038,0.66805,0.67392,0.68633
58.75,0.332797,0.01047,0.000741,0.31367,0.32605,0.33195,0.33963,0.35302,0.001079,0.00054,3.8e-5,0.0002,0.0007,0.001,0.0014,0.0024,0.666124,0.01057,0.000748,0.6457,0.6596,0.667,0.67302,0.68532,0.001079,0.00054,3.8e-5,0.0002,0.0007,0.001,0.0014,0.0024,0.667204,0.01047,0.000741,0.64698,0.66038,0.66805,0.67395,0.68633
59.0,0.332768,0.01047,0.00074,0.31367,0.32605,0.33185,0.33963,0.35292,0.001037,0.00053,3.8e-5,0.0002,0.0007,0.0009,0.0014,0.0023,0.666194,0.01056,0.000747,0.6457,0.65995,0.6671,0.67313,0.68532,0.001037,0.00053,3.8e-5,0.0002,0.0007,0.0009,0.0014,0.0023,0.667231,0.01047,0.00074,0.64708,0.66038,0.66815,0.67395,0.68633
59.25,0.332743,0.01046,0.00074,0.31367,0.32605,0.33185,0.33963,0.35292,0.001006,0.00052,3.6e-5,0.0002,0.0007,0.0009,0.0013,0.0022,0.66625,0.01056,0.000747,0.6459,0.6601,0.6671,0.67313,0.68542,0.001006,0.00052,3.6e-5,0.0002,0.0007,0.0009,0.0013,0.0022,0.667256,0.01046,0.00074,0.64708,0.66038,0.66815,0.67395,0.68633
59.5,0.332718,0.01046,0.00074,0.31367,0.32605,0.33185,0.33963,0.35292,0.000975,0.0005,3.5e-5,0.0002,0.0007,0.0009,0.0013,0.0022,0.666308,0.01055,0.000746,0.64599,0.6601,0.6672,0.67315,0.68552,0.000975,0.0005,3.5e-5,0.0002,0.0007,0.0009,0.0013,0.0022,0.667283,0.01046,0.00074,0.64708,0.66038,0.66815,0.67395,0.68633
59.75,0.332692,0.01045,0.000739,0.31367,0.32605,0.33185,0.33963,0.35292,0.00094,0.00049,3.4e-5,0.0002,0.0006,0.0009,0.0012,0.0021,0.666369,0.01055,0.000746,0.64599,0.6601,0.66725,0.67315,0.68552,0.00094,0.00049,3.4e-5,0.0002,0.0006,0.0009,0.0012,0.0021,0.667308,0.01045,0.000739,0.64708,0.66038,0.66815,0.67395,0.68633
60.0,0.332671,0.01045,0.000739,0.31367,0.32602,0.3318,0.33963,0.35283,0.000896,0.00047,3.3e-5,0.0001,0.00058,0.0008,0.0012,0.002,0.666434,0.01053,0.000745,0.646,0.6601,0.6673,0.67322,0.68552,0.000896,0.00047,3.3e-5,0.0001,0.00058,0.0008,0.0012,0.002,0.667329,0.01045,0.000739,0.64717,0.66038,0.6682,0.67398,0.68634
60.25,0.332644,0.01045,0.000739,0.31357,0.32602,0.33175,0.33963,0.35282,0.000864,0.00045,3.2e-5,0.0001,0.0005,0.0008,0.0011,0.0018,0.666492,0.01053,0.000744,0.64619,0.66012,0.66745,0.67325,0.68562,0.000864,0.00045,3.2e-5,0.0001,0.0005,0.0008,0.0011,0.0018,0.667356,0.01045,0.000739,0.64718,0.66038,0.66825,0.67398,0.68643
60.5,0.33262,0.01044,0.000738,0.31356,0.32602,0.33175,0.33963,0.35282,0.000845,0.00044,3.1e-5,0.0001,0.00058,0.0008,0.0011,0.00161,0.666536,0.01052,0.000744,0.64629,0.66012,0.66745,0.67325,0.68572,0.000845,0.00044,3.1e-5,0.0001,0.00058,0.0008,0.0011,0.00161,0.667381,0.01044,0.000738,0.64718,0.66038,0.66825,0.67398,0.68644
60.75,0.332598,0.01044,0.000738,0.31356,0.32595,0.33175,0.33963,0.35273,0.000803,0.00043,3.0e-5,0.0,0.0005,0.0008,0.0011,0.00151,0.666599,0.01052,0.000744,0.64639,0.66012,0.6675,0.67335,0.68572,0.000803,0.00043,3.0e-5,0.0,0.0005,0.0008,0.0011,0.00151,0.667402,0.01044,0.000738,0.64727,0.66038,0.66825,0.67405,0.68644
61.0,0.332579,0.01043,0.000737,0.31356,0.32595,0.33175,0.33963,0.35273,0.000775,0.00041,2.9e-5,0.0,0.0005,0.0007,0.001,0.0015,0.666647,0.01052,0.000744,0.64658,0.6602,0.6675,0.67335,0.68572,0.000775,0.00041,2.9e-5,0.0,0.0005,0.0007,0.001,0.0015,0.667422,0.01043,0.000737,0.64727,0.66038,0.66825,0.67405,0.68644
61.25,0.332558,0.01042,0.000737,0.31356,0.32588,0.3317,0.33952,0.35273,0.00074,0.00041,2.9e-5,0.0,0.0004,0.0007,0.001,0.0015,0.666702,0.01051,0.000743,0.64658,0.6602,0.6677,0.67335,0.68572,0.00074,0.00041,2.9e-5,0.0,0.0004,0.0007,0.001,0.0015,0.667442,0.01042,0.000737,0.64727,0.66048,0.6683,0.67412,0.68644
61.5,0.332538,0.01041,0.000736,0.31346,0.32588,0.33165,0.33952,0.35253,0.00071,0.00041,2.9e-5,0.0,0.0004,0.0007,0.0009,0.0015,0.666752,0.0105,0.000743,0.64658,0.6602,0.6678,0.6735,0.68572,0.00071,0.00041,2.9e-5,0.0,0.0004,0.0007,0.0009,0.0015,0.667462,0.01041,0.000736,0.64747,0.66048,0.66835,0.67412,0.68654
61.75,0.332513,0.01041,0.000736,0.31346,0.32588,0.3316,0.33945,0.35253,0.000693,0.00041,2.9e-5,0.0,0.0004,0.00065,0.0009,0.0016,0.666794,0.0105,0.000743,0.64688,0.6602,0.66785,0.67352,0.68572,0.000693,0.00041,2.9e-5,0.0,0.0004,0.00065,0.0009,0.0016,0.667487,0.01041,0.000736,0.64747,0.66055,0.6684,0.67412,0.68654
62.0,0.332496,0.01041,0.000736,0.31337,0.32588,0.33155,0.33942,0.35253,0.000664,0.0004,2.8e-5,0.0,0.0004,0.0006,0.0009,0.0015,0.666839,0.01051,0.000743,0.64688,0.6602,0.668,0.67362,0.68582,0.000664,0.0004,2.8e-5,0.0,0.0004,0.0006,0.0009,0.0015,0.667504,0.01041,0.000736,0.64747,0.66057,0.66845,0.67412,0.68663
62.25,0.332477,0.01041,0.000736,0.31337,0.32588,0.3315,0.33942,0.35253,0.000648,0.00039,2.8e-5,0.0,0.0004,0.0006,0.0009,0.0015,0.666874,0.0105,0.000742,0.64688,0.6602,0.668,0.67362,0.68582,0.000648,0.00039,2.8e-5,0.0,0.0004,0.0006,0.0009,0.0015,0.667522,0.01041,0.000736,0.64747,0.66057,0.6685,0.67412,0.68663
62.5,0.332465,0.0104,0.000736,0.31337,0.32588,0.3315,0.33942,0.35253,0.00062,0.00038,2.7e-5,0.0,0.0003,0.0006,0.0009,0.0014,0.666915,0.01049,0.000742,0.64688,0.6602,0.668,0.6737,0.68582,0.00062,0.00038,2.7e-5,0.0,0.0003,0.0006,0.0009,0.0014,0.667535,0.0104,0.000736,0.64747,0.66057,0.6685,0.67412,0.68663
62.75,0.332442,0.0104,0.000736,0.31337,0.3258,0.33145,0.33935,0.35253,0.000604,0.00038,2.7e-5,0.0,0.0003,0.0006,0.0008,0.0014,0.666954,0.01048,0.000741,0.64688,0.66022,0.668,0.67372,0.68583,0.000604,0.00038,2.7e-5,0.0,0.0003,0.0006,0.0008,0.0014,0.667558,0.0104,0.000736,0.64747,0.66065,0.66855,0.6742,0.68663
63.0,0.332425,0.0104,0.000735,0.31337,0.3258,0.33145,0.33932,0.35234,0.000586,0.00037,2.6e-5,0.0,0.0003,0.0006,0.0008,0.0014,0.66699,0.01048,0.000741,0.64688,0.66022,0.66805,0.67372,0.68583,0.000586,0.00037,2.6e-5,0.0,0.0003,0.0006,0.0008,0.0014,0.667575,0.0104,0.000735,0.64766,0.66068,0.66855,0.6742,0.68663
63.25,0.332411,0.01039,0.000735,0.31337,0.3258,0.33145,0.3393,0.35234,0.000564,0.00036,2.5e-5,0.0,0.0003,0.0005,0.0008,0.0013,0.667025,0.01047,0.00074,0.64697,0.66022,0.66805,0.67372,0.68583,0.000564,0.00036,2.5e-5,0.0,0.0003,0.0005,0.0008,0.0013,0.667589,0.01039,0.000735,0.64766,0.6607,0.66855,0.6742,0.68663
63.5,0.332396,0.01038,0.000734,0.31337,0.3258,0.33145,0.3393,0.35234,0.000539,0.00035,2.5e-5,0.0,0.0003,0.0005,0.0007,0.0012,0.667065,0.01046,0.00074,0.64697,0.66022,0.6681,0.67375,0.68593,0.000539,0.00035,2.5e-5,0.0,0.0003,0.0005,0.0007,0.0012,0.667604,0.01038,0.000734,0.64766,0.6607,0.66855,0.6742,0.68663
63.75,0.332382,0.01038,0.000734,0.31337,0.3258,0.33145,0.3393,0.35234,0.000519,0.00036,2.5e-5,0.0,0.00028,0.0005,0.0007,0.0013,0.6671,0.01045,0.000739,0.64697,0.66032,0.66815,0.67377,0.68593,0.000519,0.00036,2.5e-5,0.0,0.00028,0.0005,0.0007,0.0013,0.667618,0.01038,0.000734,0.64766,0.6607,0.66855,0.6742,0.68663
64.0,0.332369,0.01038,0.000734,0.31327,0.3258,0.33145,0.33922,0.35234,0.000502,0.00036,2.5e-5,0.0,0.0002,0.0004,0.0007,0.0013,0.667129,0.01046,0.000739,0.64697,0.66035,0.66815,0.67392,0.68593,0.000502,0.00036,2.5e-5,0.0,0.0002,0.0004,0.0007,0.0013,0.66763,0.01038,0.000734,0.64766,0.66078,0.66855,0.6742,0.68673
64.25,0.332351,0.01037,0.000733,0.31327,0.3258,0.33145,0.33915,0.35234,0.000488,0.00036,2.5e-5,0.0,0.0002,0.0004,0.0007,0.0013,0.66716,0.01045,0.000739,0.64707,0.66035,0.66815,0.67392,0.68593,0.000488,0.00036,2.5e-5,0.0,0.0002,0.0004,0.0007,0.0013,0.667648,0.01037,0.000733,0.64767,0.66085,0.66855,0.6742,0.68673
64.5,0.332335,0.01036,0.000733,0.31327,0.32577,0.3314,0.33915,0.35224,0.000477,0.00035,2.5e-5,0.0,0.0002,0.0004,0.0007,0.0013,0.667188,0.01044,0.000738,0.64707,0.66035,0.66815,0.674,0.68593,0.000477,0.00035,2.5e-5,0.0,0.0002,0.0004,0.0007,0.0013,0.667664,0.01036,0.000733,0.64776,0.66085,0.6686,0.67423,0.68673
64.75,0.332329,0.01036,0.000733,0.31327,0.32577,0.33135,0.33915,0.35224,0.000455,0.00034,2.4e-5,0.0,0.0002,0.0004,0.0007,0.00111,0.667216,0.01044,0.000738,0.64708,0.66035,0.66815,0.67403,0.68603,0.000455,0.00034,2.4e-5,0.0,0.0002,0.0004,0.0007,0.00111,0.66767,0.01036,0.000733,0.64776,0.66085,0.66865,0.67423,0.68673
65.0,0.332315,0.01036,0.000732,0.31327,0.32558,0.33135,0.33915,0.35224,0.000444,0.00033,2.3e-5,0.0,0.0002,0.0004,0.0006,0.0012,0.667241,0.01043,0.000738,0.64708,0.66038,0.66825,0.67403,0.68603,0.000444,0.00033,2.3e-5,0.0,0.0002,0.0004,0.0006,0.0012,0.667685,0.01036,0.000732,0.64776,0.66085,0.66865,0.67442,0.68673
65.25,0.3323,0.01036,0.000732,0.31317,0.32558,0.33135,0.33915,0.35224,0.000439,0.00033,2.4e-5,0.0,0.0002,0.0004,0.0006,0.0012,0.667261,0.01042,0.000737,0.64708,0.6604,0.66825,0.67403,0.68603,0.000439,0.00033,2.4e-5,0.0,0.0002,0.0004,0.0006,0.0012,0.6677,0.01036,0.000732,0.64776,0.66085,0.66865,0.67442,0.68683
65.5,0.332285,0.01035,0.000732,0.31317,0.32558,0.33135,0.33915,0.35224,0.000437,0.00034,2.4e-5,0.0,0.0002,0.0004,0.0006,0.0012,0.667279,0.01042,0.000737,0.64708,0.6604,0.6683,0.67403,0.68603,0.000437,0.00034,2.4e-5,0.0,0.0002,0.0004,0.0006,0.0012,0.667715,0.01035,0.000732,0.64776,0.66085,0.66865,0.67442,0.68683
65.75,0.332277,0.01035,0.000732,0.31317,0.32558,0.33135,0.33915,0.35224,0.000423,0.00034,2.4e-5,0.0,0.0002,0.0003,0.0006,0.0013,0.6673,0.01041,0.000736,0.64708,0.6604,0.6683,0.6741,0.68604,0.000423,0.00034,2.4e-5,0.0,0.0002,0.0003,0.0006,0.0013,0.667722,0.01035,0.000732,0.64776,0.66085,0.66865,0.67442,0.68683
66.0,0.332268,0.01035,0.000732,0.31317,0.32558,0.33135,0.3391,0.35224,0.000402,0.00032,2.3e-5,0.0,0.0001,0.0003,0.0006,0.0012,0.66733,0.01041,0.000736,0.64717,0.6604,0.66835,0.6741,0.68604,0.000402,0.00032,2.3e-5,0.0,0.0001,0.0003,0.0006,0.0012,0.667731,0.01035,0.000732,0.64776,0.6609,0.66865,0.67442,0.68683
66.25,0.332255,0.01035,0.000732,0.31317,0.32558,0.33135,0.3391,0.35214,0.00039,0.00032,2.3e-5,0.0,0.0001,0.0003,0.0006,0.0012,0.667354,0.0104,0.000736,0.64718,0.66048,0.66835,0.6741,0.68614,0.00039,0.00032,2.3e-5,0.0,0.0001,0.0003,0.0006,0.0012,0.667744,0.01035,0.000732,0.64786,0.6609,0.66865,0.67442,0.68683
66.5,0.332246,0.01035,0.000732,0.31317,0.32558,0.33135,0.3391,0.35204,0.000377,0.00031,2.2e-5,0.0,0.0001,0.0003,0.0006,0.0012,0.667378,0.01039,0.000735,0.64727,0.6605,0.6684,0.6741,0.68614,0.000377,0.00031,2.2e-5,0.0,0.0001,0.0003,0.0006,0.0012,0.667754,0.01035,0.000732,0.64796,0.6609,0.66865,0.67442,0.68683
66.75,0.332236,0.01034,0.000731,0.31317,0.32558,0.33135,0.3391,0.35204,0.000365,0.00031,2.2e-5,0.0,0.0001,0.0003,0.00052,0.0012,0.667399,0.0104,0.000735,0.64737,0.66057,0.66845,0.6741,0.68624,0.000365,0.00031,2.2e-5,0.0,0.0001,0.0003,0.00052,0.0012,0.667764,0.01034,0.000731,0.64796,0.6609,0.66865,0.67442,0.68683
67.0,0.332228,0.01034,0.000731,0.31317,0.32558,0.33135,0.3391,0.35204,0.000349,0.00029,2.1e-5,0.0,0.0001,0.0003,0.0005,0.001,0.667423,0.01039,0.000735,0.64756,0.66057,0.66845,0.6741,0.68633,0.000349,0.00029,2.1e-5,0.0,0.0001,0.0003,0.0005,0.001,0.667772,0.01034,0.000731,0.64796,0.6609,0.66865,0.67442,0.68683
67.25,0.332218,0.01034,0.000731,0.31317,0.32558,0.33135,0.3391,0.35204,0.000338,0.00029,2.0e-5,0.0,0.0001,0.0003,0.0005,0.001,0.667444,0.0104,0.000735,0.64756,0.66057,0.66845,0.6741,0.68633,0.000338,0.00029,2.0e-5,0.0,0.0001,0.0003,0.0005,0.001,0.667782,0.01034,0.000731,0.64796,0.6609,0.66865,0.67442,0.68683
67.5,0.332211,0.01033,0.000731,0.31317,0.3255,0.33135,0.33902,0.35204,0.000322,0.00028,2.0e-5,0.0,0.0001,0.0003,0.0005,0.001,0.667467,0.01039,0.000734,0.64757,0.66072,0.66845,0.6741,0.68643,0.000322,0.00028,2.0e-5,0.0,0.0001,0.0003,0.0005,0.001,0.667788,0.01033,0.000731,0.64796,0.66098,0.66865,0.6745,0.68683
67.75,0.332204,0.01033,0.000731,0.31317,0.3255,0.33135,0.33892,0.35204,0.000306,0.00028,2.0e-5,0.0,0.0001,0.0002,0.0005,0.001,0.66749,0.01039,0.000734,0.64757,0.66072,0.66845,0.6741,0.68643,0.000306,0.00028,2.0e-5,0.0,0.0001,0.0002,0.0005,0.001,0.667795,0.01033,0.000731,0.64796,0.66108,0.66865,0.6745,0.68683
68.0,0.332198,0.01033,0.000731,0.31317,0.3255,0.33135,0.33892,0.35204,0.000294,0.00027,1.9e-5,0.0,0.0001,0.0002,0.00042,0.0009,0.667509,0.01038,0.000734,0.64757,0.66072,0.6685,0.6741,0.68653,0.000294,0.00027,1.9e-5,0.0,0.0001,0.0002,0.00042,0.0009,0.667802,0.01033,0.000731,0.64796,0.66108,0.66865,0.6745,0.68683
68.25,0.332186,0.01033,0.000731,0.31317,0.3255,0.3313,0.33892,0.35204,0.000284,0.00027,1.9e-5,0.0,0.0001,0.0002,0.0004,0.0009,0.66753,0.01038,0.000734,0.64757,0.66072,0.6685,0.6741,0.68653,0.000284,0.00027,1.9e-5,0.0,0.0001,0.0002,0.0004,0.0009,0.667813,0.01033,0.000731,0.64796,0.66108,0.6687,0.6745,0.68683
68.5,0.332179,0.01033,0.000731,0.31317,0.3255,0.3313,0.33892,0.35204,0.000273,0.00027,1.9e-5,0.0,0.0001,0.0002,0.0004,0.0009,0.667548,0.01038,0.000734,0.64757,0.66072,0.6685,0.6742,0.68653,0.000273,0.00027,1.9e-5,0.0,0.0001,0.0002,0.0004,0.0009,0.667821,0.01033,0.000731,0.64796,0.66108,0.6687,0.6745,0.68683
68.75,0.332172,0.01033,0.000731,0.31317,0.3255,0.33125,0.33892,0.35204,0.000262,0.00026,1.8e-5,0.0,0.0001,0.0002,0.0004,0.001,0.667566,0.01037,0.000734,0.64757,0.66072,0.6685,0.67423,0.68653,0.000262,0.00026,1.8e-5,0.0,0.0001,0.0002,0.0004,0.001,0.667827,0.01033,0.000731,0.64796,0.66108,0.66875,0.6745,0.68683
69.0,0.332167,0.01033,0.000731,0.31308,0.3255,0.3312,0.33892,0.35204,0.00025,0.00025,1.8e-5,0.0,0.0001,0.0002,0.0004,0.0009,0.667583,0.01037,0.000733,0.64757,0.66072,0.6685,0.67423,0.68653,0.00025,0.00025,1.8e-5,0.0,0.0001,0.0002,0.0004,0.0009,0.667833,0.01033,0.000731,0.64796,0.66108,0.6688,0.6745,0.68692
69.25,0.332161,0.01033,0.000731,0.31308,0.3255,0.3312,0.3389,0.35204,0.000234,0.00024,1.7e-5,0.0,8.0e-5,0.0002,0.0003,0.0009,0.667604,0.01037,0.000733,0.64767,0.66078,0.6685,0.67423,0.68653,0.000234,0.00024,1.7e-5,0.0,8.0e-5,0.0002,0.0003,0.0009,0.667838,0.01033,0.000731,0.64796,0.6611,0.6688,0.6745,0.68692
69.5,0.332158,0.01033,0.000731,0.31308,0.3255,0.3312,0.3389,0.35204,0.000223,0.00024,1.7e-5,0.0,0.0,0.0002,0.0003,0.0009,0.667619,0.01037,0.000733,0.64767,0.66078,0.6685,0.67423,0.68653,0.000223,0.00024,1.7e-5,0.0,0.0,0.0002,0.0003,0.0009,0.667842,0.01033,0.000731,0.64796,0.6611,0.6688,0.6745,0.68692
69.75,0.33215,0.01033,0.000731,0.31307,0.3255,0.3312,0.33882,0.35204,0.000217,0.00024,1.7e-5,0.0,0.0,0.00015,0.0003,0.0009,0.667632,0.01036,0.000733,0.64776,0.66078,0.6685,0.67423,0.68653,0.000217,0.00024,1.7e-5,0.0,0.0,0.00015,0.0003,0.0009,0.66785,0.01033,0.000731,0.64796,0.66118,0.6688,0.6745,0.68693
70.0,0.332147,0.01033,0.000731,0.31307,0.3255,0.3312,0.33882,0.35204,0.00021,0.00024,1.7e-5,0.0,0.0,0.0001,0.0003,0.0009,0.667642,0.01036,0.000733,0.64786,0.66085,0.66855,0.67423,0.68653,0.00021,0.00024,1.7e-5,0.0,0.0,0.0001,0.0003,0.0009,0.667852,0.01033,0.000731,0.64796,0.66118,0.6688,0.6745,0.68693
70.25,0.332142,0.01033,0.000731,0.31307,0.3255,0.3312,0.33882,0.35204,0.000204,0.00023,1.7e-5,0.0,0.0,0.0001,0.0003,0.0009,0.667654,0.01036,0.000732,0.64786,0.66085,0.66855,0.67423,0.68653,0.000204,0.00023,1.7e-5,0.0,0.0,0.0001,0.0003,0.0009,0.667858,0.01033,0.000731,0.64796,0.66118,0.6688,0.6745,0.68693
70.5,0.332138,0.01033,0.000731,0.31307,0.3255,0.3312,0.33882,0.35204,0.000191,0.00023,1.6e-5,0.0,0.0,0.0001,0.0003,0.0008,0.66767,0.01036,0.000732,0.64786,0.66085,0.66855,0.6743,0.68653,0.000191,0.00023,1.6e-5,0.0,0.0,0.0001,0.0003,0.0008,0.667861,0.01033,0.000731,0.64796,0.66118,0.6688,0.6745,0.68693
70.75,0.332135,0.01033,0.000731,0.31307,0.3255,0.3312,0.33882,0.35204,0.000187,0.00023,1.6e-5,0.0,0.0,0.0001,0.0003,0.0008,0.667678,0.01036,0.000732,0.64786,0.66085,0.66855,0.6743,0.68653,0.000187,0.00023,1.6e-5,0.0,0.0,0.0001,0.0003,0.0008,0.667865,0.01033,0.000731,0.64796,0.66118,0.6688,0.6745,0.68693
71.0,0.332131,0.01033,0.00073,0.31307,0.3255,0.3312,0.33882,0.35204,0.000176,0.00022,1.6e-5,0.0,0.0,0.0001,0.0002,0.0008,0.667692,0.01035,0.000732,0.64786,0.66088,0.6686,0.6743,0.68653,0.000176,0.00022,1.6e-5,0.0,0.0,0.0001,0.0002,0.0008,0.667868,0.01033,0.00073,0.64796,0.66118,0.6688,0.6745,0.68693
71.25,0.332126,0.01033,0.00073,0.31307,0.3255,0.3312,0.33882,0.35204,0.000172,0.00021,1.5e-5,0.0,0.0,0.0001,0.0002,0.0008,0.667702,0.01035,0.000732,0.64786,0.6609,0.6686,0.6743,0.68663,0.000172,0.00021,1.5e-5,0.0,0.0,0.0001,0.0002,0.0008,0.667874,0.01033,0.00073,0.64796,0.66118,0.6688,0.6745,0.68693
71.5,0.332122,0.01033,0.00073,0.31307,0.3255,0.3312,0.33882,0.35204,0.000165,0.00021,1.5e-5,0.0,0.0,0.0001,0.0002,0.0008,0.667712,0.01035,0.000732,0.64786,0.6609,0.6686,0.6743,0.68663,0.000165,0.00021,1.5e-5,0.0,0.0,0.0001,0.0002,0.0008,0.667878,0.01033,0.00073,0.64796,0.66118,0.6688,0.6745,0.68693
71.75,0.332119,0.01033,0.00073,0.31307,0.3255,0.33115,0.33882,0.35204,0.000158,0.00021,1.5e-5,0.0,0.0,0.0001,0.0002,0.0008,0.667723,0.01034,0.000731,0.64786,0.6609,0.6686,0.6743,0.68663,0.000158,0.00021,1.5e-5,0.0,0.0,0.0001,0.0002,0.0008,0.667881,0.01033,0.00073,0.64796,0.66118,0.66885,0.6745,0.68693
72.0,0.332113,0.01033,0.00073,0.31307,0.3255,0.3311,0.33882,0.35204,0.000155,0.00021,1.5e-5,0.0,0.0,0.0001,0.0002,0.0008,0.667732,0.01035,0.000732,0.64786,0.6609,0.6686,0.6743,0.68663,0.000155,0.00021,1.5e-5,0.0,0.0,0.0001,0.0002,0.0008,0.667887,0.01033,0.00073,0.64796,0.66118,0.6689,0.6745,0.68693
72.25,0.332106,0.01033,0.00073,0.31307,0.3255,0.3311,0.33882,0.35204,0.000152,0.0002,1.4e-5,0.0,0.0,0.0001,0.0002,0.0007,0.667741,0.01035,0.000732,0.64786,0.66098,0.6687,0.67432,0.68663,0.000152,0.0002,1.4e-5,0.0,0.0,0.0001,0.0002,0.0007,0.667894,0.01033,0.00073,0.64796,0.66118,0.6689,0.6745,0.68693
72.5,0.332104,0.01033,0.00073,0.31307,0.3255,0.3311,0.33882,0.35204,0.000139,0.00019,1.4e-5,0.0,0.0,0.0001,0.0002,0.0007,0.667757,0.01035,0.000732,0.64786,0.66098,0.6687,0.67432,0.68663,0.000139,0.00019,1.4e-5,0.0,0.0,0.0001,0.0002,0.0007,0.667896,0.01033,0.00073,0.64796,0.66118,0.6689,0.6745,0.68693
72.75,0.3321,0.01033,0.00073,0.31307,0.3255,0.3311,0.33882,0.35204,0.000133,0.00019,1.3e-5,0.0,0.0,0.0001,0.0002,0.0007,0.667767,0.01034,0.000731,0.64786,0.66098,0.6687,0.67435,0.68663,0.000133,0.00019,1.3e-5,0.0,0.0,0.0001,0.0002,0.0007,0.6679,0.01033,0.00073,0.64796,0.66118,0.6689,0.6745,0.68693
73.0,0.332097,0.01033,0.00073,0.31297,0.3255,0.3311,0.33882,0.35204,0.000127,0.00018,1.3e-5,0.0,0.0,0.0001,0.0002,0.0006,0.667776,0.01034,0.000731,0.64786,0.661,0.66875,0.67435,0.68663,0.000127,0.00018,1.3e-5,0.0,0.0,0.0001,0.0002,0.0006,0.667903,0.01033,0.00073,0.64796,0.66118,0.6689,0.6745,0.68702
73.25,0.332093,0.01032,0.00073,0.31297,0.3255,0.3311,0.33882,0.35204,0.000119,0.00017,1.2e-5,0.0,0.0,5.0e-5,0.0002,0.0006,0.667787,0.01034,0.000731,0.64786,0.66108,0.66875,0.67442,0.68663,0.000119,0.00017,1.2e-5,0.0,0.0,5.0e-5,0.0002,0.0006,0.667907,0.01032,0.00073,0.64796,0.66118,0.6689,0.6745,0.68702
73.5,0.332091,0.01033,0.00073,0.31297,0.3255,0.3311,0.33882,0.35204,0.000111,0.00016,1.2e-5,0.0,0.0,0.0,0.0002,0.0005,0.667797,0.01034,0.000731,0.64786,0.6611,0.66875,0.67442,0.68673,0.000111,0.00016,1.2e-5,0.0,0.0,0.0,0.0002,0.0005,0.667908,0.01033,0.00073,0.64796,0.66118,0.6689,0.6745,0.68702
73.75,0.33209,0.01033,0.00073,0.31297,0.3255,0.3311,0.33882,0.35204,0.000107,0.00016,1.1e-5,0.0,0.0,0.0,0.0002,0.0005,0.667803,0.01034,0.000731,0.64786,0.6611,0.66875,0.67442,0.68673,0.000107,0.00016,1.1e-5,0.0,0.0,0.0,0.0002,0.0005,0.66791,0.01033,0.00073,0.64796,0.66118,0.6689,0.6745,0.68702
74.0,0.332087,0.01033,0.00073,0.31297,0.3255,0.3311,0.33882,0.35204,0.000105,0.00016,1.1e-5,0.0,0.0,0.0,0.0002,0.0005,0.667807,0.01033,0.000731,0.64786,0.6611,0.66875,0.67442,0.68673,0.000105,0.00016,1.1e-5,0.0,0.0,0.0,0.0002,0.0005,0.667912,0.01033,0.00073,0.64796,0.66118,0.6689,0.6745,0.68703
74.25,0.332085,0.01033,0.00073,0.31288,0.3255,0.3311,0.33882,0.35204,0.000102,0.00016,1.1e-5,0.0,0.0,0.0,0.0001,0.0005,0.667813,0.01033,0.000731,0.64786,0.6611,0.66875,0.67442,0.68673,0.000102,0.00016,1.1e-5,0.0,0.0,0.0,0.0001,0.0005,0.667915,0.01033,0.00073,0.64796,0.66118,0.6689,0.6745,0.68712
74.5,0.332083,0.01033,0.00073,0.31288,0.3255,0.3311,0.33882,0.35204,9.5e-5,0.00015,1.0e-5,0.0,0.0,0.0,0.0001,0.0005,0.667821,0.01033,0.00073,0.64786,0.66118,0.66875,0.67442,0.68673,9.5e-5,0.00015,1.0e-5,0.0,0.0,0.0,0.0001,0.0005,0.667917,0.01033,0.00073,0.64796,0.66118,0.6689,0.6745,0.68712
74.75,0.332082,0.01033,0.00073,0.31288,0.3255,0.3311,0.33882,0.35204,9.0e-5,0.00014,1.0e-5,0.0,0.0,0.0,0.0001,0.0004,0.667828,0.01032,0.00073,0.64786,0.66118,0.6688,0.67442,0.68673,9.0e-5,0.00014,1.0e-5,0.0,0.0,0.0,0.0001,0.0004,0.667918,0.01033,0.00073,0.64796,0.66118,0.6689,0.6745,0.68712
75.0,0.332077,0.01032,0.00073,0.31288,0.3255,0.3311,0.33882,0.35204,8.9e-5,0.00014,1.0e-5,0.0,0.0,0.0,0.0001,0.0005,0.667834,0.01033,0.00073,0.64786,0.66118,0.6688,0.67442,0.68673,8.9e-5,0.00014,1.0e-5,0.0,0.0,0.0,0.0001,0.0005,0.667922,0.01032,0.00073,0.64796,0.66118,0.6689,0.6745,0.68712
75.25,0.332076,0.01032,0.00073,0.31288,0.3255,0.3311,0.33882,0.35204,8.6e-5,0.00014,1.0e-5,0.0,0.0,0.0,0.0001,0.0005,0.667838,0.01033,0.00073,0.64786,0.66118,0.66885,0.67442,0.68683,8.6e-5,0.00014,1.0e-5,0.0,0.0,0.0,0.0001,0.0005,0.667924,0.01032,0.00073,0.64796,0.66118,0.6689,0.6745,0.68712
75.5,0.332074,0.01032,0.00073,0.31288,0.3255,0.3311,0.33882,0.35204,8.2e-5,0.00014,1.0e-5,0.0,0.0,0.0,0.0001,0.0005,0.667843,0.01033,0.00073,0.64786,0.66118,0.66885,0.67442,0.68683,8.2e-5,0.00014,1.0e-5,0.0,0.0,0.0,0.0001,0.0005,0.667926,0.01032,0.00073,0.64796,0.66118,0.6689,0.6745,0.68712
75.75,0.332071,0.01032,0.00073,0.31288,0.3255,0.3311,0.33882,0.35204,8.2e-5,0.00015,1.1e-5,0.0,0.0,0.0,0.0001,0.0005,0.667846,0.01033,0.00073,0.64786,0.66118,0.66885,0.67442,0.68683,8.2e-5,0.00015,1.1e-5,0.0,0.0,0.0,0.0001,0.0005,0.667928,0.01032,0.00073,0.64796,0.66118,0.6689,0.6745,0.68712
76.0,0.332068,0.01033,0.00073,0.31278,0.3255,0.3311,0.33882,0.35204,7.9e-5,0.00015,1.0e-5,0.0,0.0,0.0,0.0001,0.0005,0.667852,0.01033,0.00073,0.64786,0.66118,0.6689,0.67442,0.68683,7.9e-5,0.00015,1.0e-5,0.0,0.0,0.0,0.0001,0.0005,0.667932,0.01033,0.00073,0.64796,0.66118,0.6689,0.6745,0.68722
76.25,0.332068,0.01033,0.00073,0.31278,0.3255,0.3311,0.33882,0.35204,7.3e-5,0.00014,1.0e-5,0.0,0.0,0.0,0.0001,0.0005,0.667859,0.01033,0.00073,0.64786,0.66118,0.6689,0.67442,0.68692,7.3e-5,0.00014,1.0e-5,0.0,0.0,0.0,0.0001,0.0005,0.667932,0.01033,0.00073,0.64796,0.66118,0.6689,0.6745,0.68722
76.5,0.332066,0.01033,0.00073,0.31278,0.3255,0.3311,0.33882,0.35204,7.1e-5,0.00014,1.0e-5,0.0,0.0,0.0,0.0001,0.0005,0.667863,0.01032,0.00073,0.64796,0.66118,0.6689,0.67442,0.68692,7.1e-5,0.00014,1.0e-5,0.0,0.0,0.0,0.0001,0.0005,0.667934,0.01033,0.00073,0.64796,0.66118,0.6689,0.6745,0.68722
76.75,0.332064,0.01033,0.00073,0.31278,0.3255,0.3311,0.33882,0.35204,6.8e-5,0.00014,1.0e-5,0.0,0.0,0.0,0.0001,0.0005,0.667868,0.01032,0.00073,0.64796,0.66118,0.6689,0.67442,0.68692,6.8e-5,0.00014,1.0e-5,0.0,0.0,0.0,0.0001,0.0005,0.667936,0.01033,0.00073,0.64796,0.66118,0.6689,0.6745,0.68722
77.0,0.332061,0.01033,0.00073,0.31278,0.3255,0.3311,0.33882,0.35204,6.6e-5,0.00013,9.0e-6,0.0,0.0,0.0,0.0001,0.0004,0.667872,0.01032,0.00073,0.64796,0.66118,0.6689,0.67442,0.68692,6.6e-5,0.00013,9.0e-6,0.0,0.0,0.0,0.0001,0.0004,0.667939,0.01033,0.00073,0.64796,0.66118,0.6689,0.6745,0.68722
77.25,0.33206,0.01033,0.00073,0.31278,0.3255,0.3311,0.33882,0.35204,6.4e-5,0.00013,9.0e-6,0.0,0.0,0.0,0.0001,0.0004,0.667875,0.01033,0.00073,0.64796,0.66118,0.6689,0.67442,0.68702,6.4e-5,0.00013,9.0e-6,0.0,0.0,0.0,0.0001,0.0004,0.667939,0.01033,0.00073,0.64796,0.66118,0.6689,0.6745,0.68722
77.5,0.33206,0.01033,0.00073,0.31278,0.3255,0.3311,0.33882,0.35204,6.0e-5,0.00012,9.0e-6,0.0,0.0,0.0,0.0001,0.0004,0.66788,0.01033,0.00073,0.64796,0.66118,0.6689,0.67442,0.68702,6.0e-5,0.00012,9.0e-6,0.0,0.0,0.0,0.0001,0.0004,0.66794,0.01033,0.00073,0.64796,0.66118,0.6689,0.6745,0.68722
77.75,0.332059,0.01033,0.00073,0.31278,0.3255,0.3311,0.33882,0.35204,5.7e-5,0.00012,8.0e-6,0.0,0.0,0.0,0.0001,0.0004,0.667884,0.01033,0.00073,0.64796,0.66118,0.6689,0.67442,0.68702,5.7e-5,0.00012,8.0e-6,0.0,0.0,0.0,0.0001,0.0004,0.667941,0.01033,0.00073,0.64796,0.66118,0.6689,0.6745,0.68722
78.0,0.332058,0.01033,0.00073,0.31278,0.3255,0.3311,0.33882,0.35204,5.3e-5,0.00011,8.0e-6,0.0,0.0,0.0,0.0001,0.0004,0.66789,0.01033,0.00073,0.64796,0.66118,0.6689,0.67442,0.68702,5.3e-5,0.00011,8.0e-6,0.0,0.0,0.0,0.0001,0.0004,0.667942,0.01033,0.00073,0.64796,0.66118,0.6689,0.6745,0.68722
78.25,0.332055,0.01033,0.00073,0.31278,0.3255,0.3311,0.33882,0.35204,5.2e-5,0.00012,8.0e-6,0.0,0.0,0.0,0.0001,0.0004,0.667892,0.01033,0.00073,0.64796,0.66118,0.6689,0.67442,0.68702,5.2e-5,0.00012,8.0e-6,0.0,0.0,0.0,0.0001,0.0004,0.667944,0.01033,0.00073,0.64796,0.66118,0.6689,0.6745,0.68722
78.5,0.332054,0.01033,0.00073,0.31278,0.3255,0.3311,0.33882,0.35204,5.2e-5,0.00011,8.0e-6,0.0,0.0,0.0,0.0001,0.0004,0.667894,0.01033,0.000731,0.64796,0.66118,0.6689,0.67442,0.68702,5.2e-5,0.00011,8.0e-6,0.0,0.0,0.0,0.0001,0.0004,0.667946,0.01033,0.00073,0.64796,0.66118,0.6689,0.6745,0.68722
78.75,0.332052,0.01033,0.00073,0.31278,0.3255,0.3311,0.33882,0.35204,5.0e-5,0.00011,8.0e-6,0.0,0.0,0.0,0.0001,0.0004,0.667898,0.01033,0.00073,0.64796,0.66118,0.6689,0.67442,0.68702,5.0e-5,0.00011,8.0e-6,0.0,0.0,0.0,0.0001,0.0004,0.667948,0.01033,0.00073,0.64796,0.66118,0.6689,0.6745,0.68722
79.0,0.33205,0.01033,0.00073,0.31268,0.3255,0.3311,0.33882,0.35204,4.8e-5,0.00011,8.0e-6,0.0,0.0,0.0,0.0,0.0004,0.667901,0.01033,0.00073,0.64796,0.66118,0.6689,0.67442,0.68702,4.8e-5,0.00011,8.0e-6,0.0,0.0,0.0,0.0,0.0004,0.66795,0.01033,0.00073,0.64796,0.66118,0.6689,0.6745,0.68732
79.25,0.332049,0.01033,0.00073,0.31258,0.3255,0.3311,0.33882,0.35204,4.6e-5,0.00011,8.0e-6,0.0,0.0,0.0,0.0,0.0004,0.667905,0.01033,0.00073,0.64796,0.66118,0.6689,0.67442,0.68712,4.6e-5,0.00011,8.0e-6,0.0,0.0,0.0,0.0,0.0004,0.667951,0.01033,0.00073,0.64796,0.66118,0.6689,0.6745,0.68742
79.5,0.332048,0.01033,0.00073,0.31258,0.3255,0.3311,0.33882,0.35204,4.3e-5,0.00011,8.0e-6,0.0,0.0,0.0,0.0,0.0003,0.667909,0.01033,0.000731,0.64796,0.66118,0.6689,0.67442,0.68712,4.3e-5,0.00011,8.0e-6,0.0,0.0,0.0,0.0,0.0003,0.667952,0.01033,0.00073,0.64796,0.66118,0.6689,0.6745,0.68742
79.75,0.332048,0.01033,0.00073,0.31258,0.3255,0.3311,0.33882,0.35204,4.0e-5,0.0001,7.0e-6,0.0,0.0,0.0,0.0,0.0003,0.667912,0.01033,0.000731,0.64796,0.66118,0.6689,0.67442,0.68712,4.0e-5,0.0001,7.0e-6,0.0,0.0,0.0,0.0,0.0003,0.667952,0.01033,0.00073,0.64796,0.66118,0.6689,0.6745,0.68742
80.0,0.332048,0.01033,0.00073,0.31258,0.3255,0.3311,0.33882,0.35204,3.6e-5,9.0e-5,6.0e-6,0.0,0.0,0.0,0.0,0.0003,0.667916,0.01033,0.00073,0.64796,0.66118,0.6689,0.6745,0.68712,3.6e-5,9.0e-5,6.0e-6,0.0,0.0,0.0,0.0,0.0003,0.667952,0.01033,0.00073,0.64796,0.66118,0.6689,0.6745,0.68742
80.25,0.332048,0.01033,0.00073,0.31258,0.3255,0.3311,0.33882,0.35204,3.5e-5,9.0e-5,6.0e-6,0.0,0.0,0.0,0.0,0.0003,0.667918,0.01033,0.00073,0.64796,0.66118,0.6689,0.6745,0.68712,3.5e-5,9.0e-5,6.0e-6,0.0,0.0,0.0,0.0,0.0003,0.667952,0.01033,0.00073,0.64796,0.66118,0.6689,0.6745,0.68742
80.5,0.332047,0.01033,0.00073,0.31258,0.3255,0.3311,0.33882,0.35204,3.2e-5,9.0e-5,6.0e-6,0.0,0.0,0.0,0.0,0.0003,0.667921,0.01033,0.000731,0.64796,0.66118,0.6689,0.6745,0.68712,3.2e-5,9.0e-5,6.0e-6,0.0,0.0,0.0,0.0,0.0003,0.667953,0.01033,0.00073,0.64796,0.66118,0.6689,0.6745,0.68742
80.75,0.332047,0.01033,0.00073,0.31258,0.3255,0.3311,0.33882,0.35204,3.2e-5,9.0e-5,6.0e-6,0.0,0.0,0.0,0.0,0.0003,0.667921,0.01033,0.000731,0.64796,0.66118,0.6689,0.6745,0.68712,3.2e-5,9.0e-5,6.0e-6,0.0,0.0,0.0,0.0,0.0003,0.667953,0.01033,0.00073,0.64796,0.66118,0.6689,0.6745,0.68742
81.0,0.332046,0.01033,0.00073,0.31258,0.3255,0.3311,0.33882,0.35204,3.1e-5,8.0e-5,6.0e-6,0.0,0.0,0.0,0.0,0.0003,0.667923,0.01033,0.000731,0.64796,0.66118,0.6689,0.6745,0.68712,3.1e-5,8.0e-5,6.0e-6,0.0,0.0,0.0,0.0,0.0003,0.667954,0.01033,0.00073,0.64796,0.66118,0.6689,0.6745,0.68742
81.25,0.332045,0.01033,0.00073,0.31258,0.3255,0.3311,0.33882,0.35204,3.0e-5,8.0e-5,6.0e-6,0.0,0.0,0.0,0.0,0.0003,0.667925,0.01033,0.00073,0.64796,0.66118,0.6689,0.6745,0.68712,3.0e-5,8.0e-5,6.0e-6,0.0,0.0,0.0,0.0,0.0003,0.667954,0.01033,0.00073,0.64796,0.66118,0.6689,0.6745,0.68742
81.5,0.332044,0.01033,0.00073,0.31258,0.3255,0.3311,0.33882,0.35204,2.9e-5,8.0e-5,6.0e-6,0.0,0.0,0.0,0.0,0.0003,0.667927,0.01033,0.00073,0.64796,0.66118,0.6689,0.6745,0.68712,2.9e-5,8.0e-5,6.0e-6,0.0,0.0,0.0,0.0,0.0003,0.667955,0.01033,0.00073,0.64796,0.66118,0.6689,0.6745,0.68742
81.75,0.332044,0.01033,0.00073,0.31258,0.3255,0.3311,0.33882,0.35204,2.8e-5,8.0e-5,6.0e-6,0.0,0.0,0.0,0.0,0.0003,0.667928,0.01033,0.000731,0.64796,0.66118,0.6689,0.6745,0.68712,2.8e-5,8.0e-5,6.0e-6,0.0,0.0,0.0,0.0,0.0003,0.667956,0.01033,0.00073,0.64796,0.66118,0.6689,0.6745,0.68742
82.0,0.332044,0.01033,0.00073,0.31258,0.3255,0.3311,0.33882,0.35204,2.6e-5,8.0e-5,6.0e-6,0.0,0.0,0.0,0.0,0.0002,0.66793,0.01033,0.00073,0.64796,0.66118,0.6689,0.6745,0.68722,2.6e-5,8.0e-5,6.0e-6,0.0,0.0,0.0,0.0,0.0002,0.667956,0.01033,0.00073,0.64796,0.66118,0.6689,0.6745,0.68742
82.25,0.332042,0.01033,0.00073,0.31258,0.3255,0.3311,0.33882,0.35204,2.4e-5,7.0e-5,5.0e-6,0.0,0.0,0.0,0.0,0.0002,0.667934,0.01033,0.00073,0.64796,0.66118,0.6689,0.6745,0.68722,2.4e-5,7.0e-5,5.0e-6,0.0,0.0,0.0,0.0,0.0002,0.667958,0.01033,0.00073,0.64796,0.66118,0.6689,0.6745,0.68742
82.5,0.332041,0.01033,0.00073,0.31258,0.3255,0.3311,0.33882,0.35204,2.4e-5,7.0e-5,5.0e-6,0.0,0.0,0.0,0.0,0.0002,0.667935,0.01033,0.00073,0.64796,0.66118,0.6689,0.6745,0.68722,2.4e-5,7.0e-5,5.0e-6,0.0,0.0,0.0,0.0,0.0002,0.667958,0.01033,0.00073,0.64796,0.66118,0.6689,0.6745,0.68742
82.75,0.332041,0.01033,0.00073,0.31258,0.3255,0.3311,0.33882,0.35204,2.4e-5,7.0e-5,5.0e-6,0.0,0.0,0.0,0.0,0.0002,0.667935,0.01033,0.00073,0.64796,0.66118,0.6689,0.6745,0.68722,2.4e-5,7.0e-5,5.0e-6,0.0,0.0,0.0,0.0,0.0002,0.667959,0.01033,0.00073,0.64796,0.66118,0.6689,0.6745,0.68742
83.0,0.332041,0.01033,0.00073,0.31258,0.3255,0.3311,0.33882,0.35204,2.1e-5,6.0e-5,5.0e-6,0.0,0.0,0.0,0.0,0.0002,0.667938,0.01033,0.00073,0.64796,0.66118,0.6689,0.6745,0.68732,2.1e-5,6.0e-5,5.0e-6,0.0,0.0,0.0,0.0,0.0002,0.667959,0.01033,0.00073,0.64796,0.66118,0.6689,0.6745,0.68742
83.25,0.33204,0.01033,0.00073,0.31258,0.3255,0.3311,0.33882,0.35204,2.0e-5,6.0e-5,4.0e-6,0.0,0.0,0.0,0.0,0.0002,0.667939,0.01033,0.00073,0.64796,0.66118,0.6689,0.6745,0.68732,2.0e-5,6.0e-5,4.0e-6,0.0,0.0,0.0,0.0,0.0002,0.66796,0.01033,0.00073,0.64796,0.66118,0.6689,0.6745,0.68742
83.5,0.33204,0.01033,0.00073,0.31258,0.3255,0.3311,0.33882,0.35204,1.9e-5,6.0e-5,4.0e-6,0.0,0.0,0.0,0.0,0.0002,0.667942,0.01033,0.00073,0.64796,0.66118,0.6689,0.6745,0.68732,1.9e-5,6.0e-5,4.0e-6,0.0,0.0,0.0,0.0,0.0002,0.66796,0.01033,0.00073,0.64796,0.66118,0.6689,0.6745,0.68742
83.75,0.332038,0.01033,0.00073,0.31258,0.3255,0.3311,0.33882,0.35204,2.0e-5,6.0e-5,4.0e-6,0.0,0.0,0.0,0.0,0.0002,0.667942,0.01033,0.00073,0.64796,0.66118,0.6689,0.6745,0.68732,2.0e-5,6.0e-5,4.0e-6,0.0,0.0,0.0,0.0,0.0002,0.667961,0.01033,0.00073,0.64796,0.66118,0.6689,0.6745,0.68742
84.0,0.332037,0.01033,0.000731,0.31248,0.3255,0.3311,0.33882,0.35204,2.0e-5,6.0e-5,5.0e-6,0.0,0.0,0.0,0.0,0.0002,0.667943,0.01033,0.00073,0.64796,0.66118,0.6689,0.6745,0.68732,2.0e-5,6.0e-5,5.0e-6,0.0,0.0,0.0,0.0,0.0002,0.667963,0.01033,0.000731,0.64796,0.66118,0.6689,0.6745,0.68752
84.25,0.332037,0.01033,0.000731,0.31248,0.3255,0.3311,0.33882,0.35204,1.8e-5,6.0e-5,4.0e-6,0.0,0.0,0.0,0.0,0.0002,0.667945,0.01033,0.00073,0.64796,0.66118,0.6689,0.6745,0.68732,1.8e-5,6.0e-5,4.0e-6,0.0,0.0,0.0,0.0,0.0002,0.667963,0.01033,0.000731,0.64796,0.66118,0.6689,0.6745,0.68752
84.5,0.332035,0.01033,0.000731,0.31248,0.3255,0.3311,0.33882,0.35204,1.9e-5,6.0e-5,5.0e-6,0.0,0.0,0.0,0.0,0.0002,0.667945,0.01033,0.00073,0.64796,0.66118,0.6689,0.6745,0.68732,1.9e-5,6.0e-5,5.0e-6,0.0,0.0,0.0,0.0,0.0002,0.667964,0.01033,0.000731,0.64796,0.66118,0.6689,0.6745,0.68752
84.75,0.332035,0.01033,0.000731,0.31248,0.3255,0.3311,0.33882,0.35204,1.9e-5,6.0e-5,4.0e-6,0.0,0.0,0.0,0.0,0.0002,0.667946,0.01033,0.00073,0.64796,0.66118,0.6689,0.6745,0.68732,1.9e-5,6.0e-5,4.0e-6,0.0,0.0,0.0,0.0,0.0002,0.667964,0.01033,0.000731,0.64796,0.66118,0.6689,0.6745,0.68752
85.0,0.332035,0.01033,0.000731,0.31248,0.3255,0.3311,0.33882,0.35204,1.7e-5,6.0e-5,4.0e-6,0.0,0.0,0.0,0.0,0.0002,0.667947,0.01033,0.00073,0.64796,0.66118,0.6689,0.6745,0.68732,1.7e-5,6.0e-5,4.0e-6,0.0,0.0,0.0,0.0,0.0002,0.667964,0.01033,0.000731,0.64796,0.66118,0.6689,0.6745,0.68752
85.25,0.332035,0.01033,0.000731,0.31248,0.3255,0.3311,0.33882,0.35204,1.7e-5,6.0e-5,4.0e-6,0.0,0.0,0.0,0.0,0.0002,0.667948,0.01033,0.00073,0.64796,0.66118,0.6689,0.6745,0.68732,1.7e-5,6.0e-5,4.0e-6,0.0,0.0,0.0,0.0,0.0002,0.667965,0.01033,0.000731,0.64796,0.66118,0.6689,0.6745,0.68752
85.5,0.332035,0.01033,0.000731,0.31248,0.3255,0.3311,0.33882,0.35204,1.6e-5,6.0e-5,4.0e-6,0.0,0.0,0.0,0.0,0.0002,0.667948,0.01033,0.00073,0.64796,0.66118,0.6689,0.6745,0.68732,1.6e-5,6.0e-5,4.0e-6,0.0,0.0,0.0,0.0,0.0002,0.667965,0.01033,0.000731,0.64796,0.66118,0.6689,0.6745,0.68752
85.75,0.332033,0.01033,0.000731,0.31248,0.3255,0.3311,0.33882,0.35204,1.8e-5,6.0e-5,4.0e-6,0.0,0.0,0.0,0.0,0.0002,0.667949,0.01033,0.00073,0.64796,0.66118,0.6689,0.6745,0.68732,1.8e-5,6.0e-5,4.0e-6,0.0,0.0,0.0,0.0,0.0002,0.667966,0.01033,0.000731,0.64796,0.66118,0.6689,0.6745,0.68752
86.0,0.332033,0.01033,0.000731,0.31248,0.3255,0.3311,0.33882,0.35204,1.7e-5,6.0e-5,4.0e-6,0.0,0.0,0.0,0.0,0.0002,0.66795,0.01033,0.00073,0.64796,0.66118,0.6689,0.6745,0.68732,1.7e-5,6.0e-5,4.0e-6,0.0,0.0,0.0,0.0,0.0002,0.667966,0.01033,0.000731,0.64796,0.66118,0.6689,0.6745,0.68752
86.25,0.332033,0.01033,0.000731,0.31248,0.3255,0.3311,0.33882,0.35204,1.6e-5,6.0e-5,4.0e-6,0.0,0.0,0.0,0.0,0.0002,0.66795,0.01033,0.00073,0.64796,0.66118,0.6689,0.6745,0.68732,1.6e-5,6.0e-5,4.0e-6,0.0,0.0,0.0,0.0,0.0002,0.667967,0.01033,0.000731,0.64796,0.66118,0.6689,0.6745,0.68752
86.5,0.332033,0.01033,0.000731,0.31248,0.3255,0.3311,0.33882,0.35204,1.6e-5,6.0e-5,4.0e-6,0.0,0.0,0.0,0.0,0.0002,0.66795,0.01033,0.00073,0.64796,0.66118,0.6689,0.6745,0.68732,1.6e-5,6.0e-5,4.0e-6,0.0,0.0,0.0,0.0,0.0002,0.667967,0.01033,0.000731,0.64796,0.66118,0.6689,0.6745,0.68752
86.75,0.332033,0.01033,0.000731,0.31248,0.3255,0.3311,0.33882,0.35204,1.5e-5,6.0e-5,4.0e-6,0.0,0.0,0.0,0.0,0.0002,0.667952,0.01033,0.00073,0.64796,0.66118,0.6689,0.6745,0.68742,1.5e-5,6.0e-5,4.0e-6,0.0,0.0,0.0,0.0,0.0002,0.667967,0.01033,0.000731,0.64796,0.66118,0.6689,0.6745,0.68752
87.0,0.332033,0.01033,0.000731,0.31248,0.3255,0.3311,0.33882,0.35204,1.4e-5,5.0e-5,4.0e-6,0.0,0.0,0.0,0.0,0.0002,0.667953,0.01033,0.00073,0.64796,0.66118,0.6689,0.6745,0.68742,1.4e-5,5.0e-5,4.0e-6,0.0,0.0,0.0,0.0,0.0002,0.667967,0.01033,0.000731,0.64796,0.66118,0.6689,0.6745,0.68752
87.25,0.332033,0.01033,0.000731,0.31248,0.3255,0.3311,0.33882,0.35204,1.2e-5,5.0e-5,3.0e-6,0.0,0.0,0.0,0.0,0.0002,0.667955,0.01033,0.00073,0.64796,0.66118,0.6689,0.6745,0.68742,1.2e-5,5.0e-5,3.0e-6,0.0,0.0,0.0,0.0,0.0002,0.667967,0.01033,0.000731,0.64796,0.66118,0.6689,0.6745,0.68752
87.5,0.332032,0.01033,0.000731,0.31248,0.3255,0.3311,0.33882,0.35204,1.2e-5,5.0e-5,3.0e-6,0.0,0.0,0.0,0.0,0.0002,0.667955,0.01033,0.00073,0.64796,0.66118,0.6689,0.6745,0.68742,1.2e-5,5.0e-5,3.0e-6,0.0,0.0,0.0,0.0,0.0002,0.667968,0.01033,0.000731,0.64796,0.66118,0.6689,0.6745,0.68752
87.75,0.332032,0.01033,0.000731,0.31248,0.3255,0.3311,0.3388,0.35204,1.3e-5,5.0e-5,4.0e-6,0.0,0.0,0.0,0.0,0.0002,0.667955,0.01033,0.00073,0.64796,0.66118,0.6689,0.6745,0.68742,1.3e-5,5.0e-5,4.0e-6,0.0,0.0,0.0,0.0,0.0002,0.667968,0.01033,0.000731,0.64796,0.6612,0.6689,0.6745,0.68752
88.0,0.332031,0.01033,0.000731,0.31247,0.3255,0.3311,0.3388,0.35204,1.4e-5,5.0e-5,4.0e-6,0.0,0.0,0.0,0.0,0.0002,0.667955,0.01033,0.00073,0.64796,0.66118,0.6689,0.6745,0.68742,1.4e-5,5.0e-5,4.0e-6,0.0,0.0,0.0,0.0,0.0002,0.667969,0.01033,0.000731,0.64796,0.6612,0.6689,0.6745,0.68753
88.25,0.332031,0.01033,0.000731,0.31247,0.3255,0.3311,0.3388,0.35204,1.3e-5,5.0e-5,4.0e-6,0.0,0.0,0.0,0.0,0.0002,0.667955,0.01033,0.00073,0.64796,0.66118,0.6689,0.6745,0.68752,1.3e-5,5.0e-5,4.0e-6,0.0,0.0,0.0,0.0,0.0002,0.667969,0.01033,0.000731,0.64796,0.6612,0.6689,0.6745,0.68753
88.5,0.332031,0.01033,0.000731,0.31247,0.3255,0.3311,0.3388,0.35204,1.1e-5,5.0e-5,3.0e-6,0.0,0.0,0.0,0.0,0.0002,0.667958,0.01033,0.00073,0.64796,0.66118,0.6689,0.6745,0.68752,1.1e-5,5.0e-5,3.0e-6,0.0,0.0,0.0,0.0,0.0002,0.667969,0.01033,0.000731,0.64796,0.6612,0.6689,0.6745,0.68753
88.75,0.332031,0.01033,0.000731,0.31247,0.3255,0.3311,0.3388,0.35204,1.0e-5,4.0e-5,3.0e-6,0.0,0.0,0.0,0.0,0.0001,0.667958,0.01033,0.00073,0.64796,0.66118,0.6689,0.6745,0.68752,1.0e-5,4.0e-5,3.0e-6,0.0,0.0,0.0,0.0,0.0001,0.667969,0.01033,0.000731,0.64796,0.6612,0.6689,0.6745,0.68753
89.0,0.332031,0.01033,0.000731,0.31247,0.3255,0.3311,0.3388,0.35204,1.1e-5,5.0e-5,3.0e-6,0.0,0.0,0.0,0.0,0.0001,0.667958,0.01033,0.00073,0.64796,0.66118,0.6689,0.6745,0.68752,1.1e-5,5.0e-5,3.0e-6,0.0,0.0,0.0,0.0,0.0001,0.667969,0.01033,0.000731,0.64796,0.6612,0.6689,0.6745,0.68753
89.25,0.332031,0.01033,0.000731,0.31247,0.3255,0.3311,0.3388,0.35204,9.0e-6,4.0e-5,3.0e-6,0.0,0.0,0.0,0.0,0.0001,0.66796,0.01033,0.00073,0.64796,0.66118,0.6689,0.6745,0.68752,9.0e-6,4.0e-5,3.0e-6,0.0,0.0,0.0,0.0,0.0001,0.667969,0.01033,0.000731,0.64796,0.6612,0.6689,0.6745,0.68753
89.5,0.332031,0.01033,0.000731,0.31247,0.3255,0.3311,0.3388,0.35204,9.0e-6,4.0e-5,3.0e-6,0.0,0.0,0.0,0.0,0.0001,0.66796,0.01033,0.00073,0.64796,0.66118,0.6689,0.6745,0.68752,9.0e-6,4.0e-5,3.0e-6,0.0,0.0,0.0,0.0,0.0001,0.667969,0.01033,0.000731,0.64796,0.6612,0.6689,0.6745,0.68753
89.75,0.33203,0.01034,0.000731,0.31246,0.3255,0.3311,0.3388,0.35204,1.0e-5,6.0e-5,4.0e-6,0.0,0.0,0.0,0.0,0.0001,0.66796,0.01033,0.00073,0.64796,0.66118,0.6689,0.6745,0.68752,1.0e-5,6.0e-5,4.0e-6,0.0,0.0,0.0,0.0,0.0001,0.66797,0.01034,0.000731,0.64796,0.6612,0.6689,0.6745,0.68754
90.0,0.33203,0.01034,0.000731,0.31246,0.3255,0.3311,0.3388,0.35204,9.0e-6,5.0e-5,3.0e-6,0.0,0.0,0.0,0.0,0.0001,0.667961,0.01033,0.00073,0.64796,0.66118,0.6689,0.6745,0.68752,9.0e-6,5.0e-5,3.0e-6,0.0,0.0,0.0,0.0,0.0001,0.66797,0.01034,0.000731,0.64796,0.6612,0.6689,0.6745,0.68754
90.25,0.332029,0.01034,0.000731,0.31246,0.3255,0.3311,0.3388,0.35204,9.0e-6,5.0e-5,3.0e-6,0.0,0.0,0.0,0.0,0.0001,0.667962,0.01033,0.000731,0.64796,0.66118,0.6689,0.6745,0.68752,9.0e-6,5.0e-5,3.0e-6,0.0,0.0,0.0,0.0,0.0001,0.66797,0.01034,0.000731,0.64796,0.6612,0.6689,0.6745,0.68754
90.5,0.332029,0.01034,0.000731,0.31246,0.3255,0.3311,0.33872,0.35204,9.0e-6,5.0e-5,3.0e-6,0.0,0.0,0.0,0.0,0.0001,0.667962,0.01033,0.000731,0.64796,0.66118,0.6689,0.6745,0.68752,9.0e-6,5.0e-5,3.0e-6,0.0,0.0,0.0,0.0,0.0001,0.667971,0.01034,0.000731,0.64796,0.66128,0.6689,0.6745,0.68754
90.75,0.332029,0.01034,0.000731,0.31246,0.3255,0.3311,0.33872,0.35204,8.0e-6,4.0e-5,3.0e-6,0.0,0.0,0.0,0.0,0.0001,0.667963,0.01033,0.000731,0.64796,0.66118,0.6689,0.6745,0.68753,8.0e-6,4.0e-5,3.0e-6,0.0,0.0,0.0,0.0,0.0001,0.667971,0.01034,0.000731,0.64796,0.66128,0.6689,0.6745,0.68754
91.0,0.332028,0.01034,0.000731,0.31246,0.3255,0.3311,0.33872,0.35204,7.0e-6,3.0e-5,2.0e-6,0.0,0.0,0.0,0.0,0.0001,0.667964,0.01034,0.000731,0.64796,0.66118,0.6689,0.6745,0.68753,7.0e-6,3.0e-5,2.0e-6,0.0,0.0,0.0,0.0,0.0001,0.667971,0.01034,0.000731,0.64796,0.66128,0.6689,0.6745,0.68754
91.25,0.332027,0.01034,0.000731,0.31246,0.3255,0.3311,0.33872,0.35204,8.0e-6,4.0e-5,3.0e-6,0.0,0.0,0.0,0.0,0.0001,0.667965,0.01034,0.000731,0.64796,0.66118,0.6689,0.6745,0.68753,8.0e-6,4.0e-5,3.0e-6,0.0,0.0,0.0,0.0,0.0001,0.667972,0.01034,0.000731,0.64796,0.66128,0.6689,0.6745,0.68754
91.5,0.332027,0.01034,0.000731,0.31246,0.3255,0.3311,0.33872,0.35204,8.0e-6,4.0e-5,3.0e-6,0.0,0.0,0.0,0.0,0.0001,0.667966,0.01034,0.000731,0.64796,0.66118,0.6689,0.6745,0.68754,8.0e-6,4.0e-5,3.0e-6,0.0,0.0,0.0,0.0,0.0001,0.667973,0.01034,0.000731,0.64796,0.66128,0.6689,0.6745,0.68754
91.75,0.332027,0.01034,0.000731,0.31246,0.3255,0.3311,0.33872,0.35204,8.0e-6,4.0e-5,3.0e-6,0.0,0.0,0.0,0.0,0.0001,0.667966,0.01034,0.000731,0.64796,0.66118,0.6689,0.6745,0.68754,8.0e-6,4.0e-5,3.0e-6,0.0,0.0,0.0,0.0,0.0001,0.667973,0.01034,0.000731,0.64796,0.66128,0.6689,0.6745,0.68754
92.0,0.332027,0.01034,0.000731,0.31246,0.3255,0.3311,0.33872,0.35204,7.0e-6,3.0e-5,2.0e-6,0.0,0.0,0.0,0.0,0.0001,0.667966,0.01034,0.000731,0.64796,0.6612,0.6689,0.6745,0.68754,7.0e-6,3.0e-5,2.0e-6,0.0,0.0,0.0,0.0,0.0001,0.667973,0.01034,0.000731,0.64796,0.66128,0.6689,0.6745,0.68754
92.25,0.332027,0.01034,0.000731,0.31246,0.3255,0.3311,0.33872,0.35204,7.0e-6,3.0e-5,2.0e-6,0.0,0.0,0.0,0.0,0.0001,0.667966,0.01034,0.000731,0.64796,0.6612,0.6689,0.6745,0.68754,7.0e-6,3.0e-5,2.0e-6,0.0,0.0,0.0,0.0,0.0001,0.667973,0.01034,0.000731,0.64796,0.66128,0.6689,0.6745,0.68754
92.5,0.332027,0.01034,0.000731,0.31246,0.3255,0.3311,0.33872,0.35204,7.0e-6,3.0e-5,2.0e-6,0.0,0.0,0.0,0.0,0.0001,0.667966,0.01034,0.000731,0.64796,0.6612,0.6689,0.6745,0.68754,7.0e-6,3.0e-5,2.0e-6,0.0,0.0,0.0,0.0,0.0001,0.667973,0.01034,0.000731,0.64796,0.66128,0.6689,0.6745,0.68754
92.75,0.332027,0.01034,0.000731,0.31246,0.3255,0.3311,0.33872,0.35204,7.0e-6,3.0e-5,2.0e-6,0.0,0.0,0.0,0.0,0.0001,0.667966,0.01034,0.000731,0.64796,0.6612,0.6689,0.6745,0.68754,7.0e-6,3.0e-5,2.0e-6,0.0,0.0,0.0,0.0,0.0001,0.667973,0.01034,0.000731,0.64796,0.66128,0.6689,0.6745,0.68754
93.0,0.332027,0.01034,0.000731,0.31246,0.3255,0.3311,0.33872,0.35204,7.0e-6,3.0e-5,2.0e-6,0.0,0.0,0.0,0.0,0.0001,0.667966,0.01034,0.000731,0.64796,0.6612,0.6689,0.6745,0.68754,7.0e-6,3.0e-5,2.0e-6,0.0,0.0,0.0,0.0,0.0001,0.667973,0.01034,0.000731,0.64796,0.66128,0.6689,0.6745,0.68754
93.25,0.332027,0.01034,0.000731,0.31246,0.3255,0.3311,0.33872,0.35204,6.0e-6,3.0e-5,2.0e-6,0.0,0.0,0.0,0.0,0.0001,0.667967,0.01034,0.000731,0.64796,0.66128,0.6689,0.6745,0.68754,6.0e-6,3.0e-5,2.0e-6,0.0,0.0,0.0,0.0,0.0001,0.667973,0.01034,0.000731,0.64796,0.66128,0.6689,0.6745,0.68754
93.5,0.332027,0.01034,0.000731,0.31246,0.3255,0.3311,0.33872,0.35204,5.0e-6,3.0e-5,2.0e-6,0.0,0.0,0.0,0.0,0.0001,0.667968,0.01034,0.000731,0.64796,0.66128,0.6689,0.6745,0.68754,5.0e-6,3.0e-5,2.0e-6,0.0,0.0,0.0,0.0,0.0001,0.667973,0.01034,0.000731,0.64796,0.66128,0.6689,0.6745,0.68754
93.75,0.332027,0.01034,0.000731,0.31246,0.3255,0.3311,0.33872,0.35204,5.0e-6,3.0e-5,2.0e-6,0.0,0.0,0.0,0.0,0.0001,0.667968,0.01034,0.000731,0.64796,0.66128,0.6689,0.6745,0.68754,5.0e-6,3.0e-5,2.0e-6,0.0,0.0,0.0,0.0,0.0001,0.667973,0.01034,0.000731,0.64796,0.66128,0.6689,0.6745,0.68754
94.0,0.332027,0.01034,0.000731,0.31246,0.3255,0.3311,0.33872,0.35204,5.0e-6,3.0e-5,2.0e-6,0.0,0.0,0.0,0.0,0.0001,0.667968,0.01034,0.000731,0.64796,0.66128,0.6689,0.6745,0.68754,5.0e-6,3.0e-5,2.0e-6,0.0,0.0,0.0,0.0,0.0001,0.667973,0.01034,0.000731,0.64796,0.66128,0.6689,0.6745,0.68754
94.25,0.332027,0.01034,0.000731,0.31246,0.3255,0.3311,0.33872,0.35204,4.0e-6,2.0e-5,2.0e-6,0.0,0.0,0.0,0.0,0.0001,0.667969,0.01034,0.000731,0.64796,0.66128,0.6689,0.6745,0.68754,4.0e-6,2.0e-5,2.0e-6,0.0,0.0,0.0,0.0,0.0001,0.667973,0.01034,0.000731,0.64796,0.66128,0.6689,0.6745,0.68754
94.5,0.332027,0.01034,0.000731,0.31246,0.3255,0.3311,0.33872,0.35204,4.0e-6,2.0e-5,2.0e-6,0.0,0.0,0.0,0.0,0.0,0.66797,0.01034,0.000731,0.64796,0.66128,0.6689,0.6745,0.68754,4.0e-6,2.0e-5,2.0e-6,0.0,0.0,0.0,0.0,0.0,0.667973,0.01034,0.000731,0.64796,0.66128,0.6689,0.6745,0.68754
94.75,0.332027,0.01034,0.000731,0.31246,0.3255,0.3311,0.33872,0.35204,4.0e-6,2.0e-5,2.0e-6,0.0,0.0,0.0,0.0,0.0,0.66797,0.01034,0.000731,0.64796,0.66128,0.6689,0.6745,0.68754,4.0e-6,2.0e-5,2.0e-6,0.0,0.0,0.0,0.0,0.0,0.667973,0.01034,0.000731,0.64796,0.66128,0.6689,0.6745,0.68754
95.0,0.332027,0.01034,0.000731,0.31246,0.3255,0.3311,0.33872,0.35204,4.0e-6,2.0e-5,2.0e-6,0.0,0.0,0.0,0.0,0.0,0.66797,0.01034,0.000731,0.64796,0.66128,0.6689,0.6745,0.68754,4.0e-6,2.0e-5,2.0e-6,0.0,0.0,0.0,0.0,0.0,0.667973,0.01034,0.000731,0.64796,0.66128,0.6689,0.6745,0.68754
95.25,0.332027,0.01034,0.000731,0.31246,0.3255,0.3311,0.33872,0.35204,4.0e-6,2.0e-5,2.0e-6,0.0,0.0,0.0,0.0,0.0,0.66797,0.01034,0.000731,0.64796,0.66128,0.6689,0.6745,0.68754,4.0e-6,2.0e-5,2.0e-6,0.0,0.0,0.0,0.0,0.0,0.667973,0.01034,0.000731,0.64796,0.66128,0.6689,0.6745,0.68754
95.5,0.332027,0.01034,0.000731,0.31246,0.3255,0.3311,0.33872,0.35204,4.0e-6,2.0e-5,2.0e-6,0.0,0.0,0.0,0.0,0.0,0.66797,0.01034,0.000731,0.64796,0.66128,0.6689,0.6745,0.68754,4.0e-6,2.0e-5,2.0e-6,0.0,0.0,0.0,0.0,0.0,0.667973,0.01034,0.000731,0.64796,0.66128,0.6689,0.6745,0.68754
95.75,0.332027,0.01034,0.000731,0.31246,0.3255,0.3311,0.33872,0.35204,3.0e-6,2.0e-5,2.0e-6,0.0,0.0,0.0,0.0,0.0,0.66797,0.01033,0.000731,0.64796,0.66128,0.6689,0.6745,0.68754,3.0e-6,2.0e-5,2.0e-6,0.0,0.0,0.0,0.0,0.0,0.667973,0.01034,0.000731,0.64796,0.66128,0.6689,0.6745,0.68754
96.0,0.332027,0.01034,0.000731,0.31246,0.3255,0.3311,0.33872,0.35204,3.0e-6,2.0e-5,2.0e-6,0.0,0.0,0.0,0.0,0.0,0.66797,0.01033,0.000731,0.64796,0.66128,0.6689,0.6745,0.68754,3.0e-6,2.0e-5,2.0e-6,0.0,0.0,0.0,0.0,0.0,0.667973,0.01034,0.000731,0.64796,0.66128,0.6689,0.6745,0.68754
96.25,0.332026,0.01034,0.000731,0.31246,0.3255,0.3311,0.33872,0.35204,4.0e-6,3.0e-5,2.0e-6,0.0,0.0,0.0,0.0,0.0,0.66797,0.01033,0.000731,0.64796,0.66128,0.6689,0.6745,0.68754,4.0e-6,3.0e-5,2.0e-6,0.0,0.0,0.0,0.0,0.0,0.667974,0.01034,0.000731,0.64796,0.66128,0.6689,0.6745,0.68754
96.5,0.332026,0.01034,0.000731,0.31246,0.3255,0.3311,0.33872,0.35204,4.0e-6,3.0e-5,2.0e-6,0.0,0.0,0.0,0.0,0.0,0.66797,0.01033,0.000731,0.64796,0.66128,0.6689,0.6745,0.68754,4.0e-6,3.0e-5,2.0e-6,0.0,0.0,0.0,0.0,0.0,0.667974,0.01034,0.000731,0.64796,0.66128,0.6689,0.6745,0.68754
96.75,0.332026,0.01034,0.000731,0.31246,0.3255,0.3311,0.33872,0.35204,4.0e-6,3.0e-5,2.0e-6,0.0,0.0,0.0,0.0,0.0,0.66797,0.01033,0.000731,0.64796,0.66128,0.6689,0.6745,0.68754,4.0e-6,3.0e-5,2.0e-6,0.0,0.0,0.0,0.0,0.0,0.667974,0.01034,0.000731,0.64796,0.66128,0.6689,0.6745,0.68754
97.0,0.332026,0.01034,0.000731,0.31246,0.3255,0.3311,0.33872,0.35204,4.0e-6,3.0e-5,2.0e-6,0.0,0.0,0.0,0.0,0.0,0.667971,0.01033,0.000731,0.64796,0.66128,0.6689,0.6745,0.68754,4.0e-6,3.0e-5,2.0e-6,0.0,0.0,0.0,0.0,0.0,0.667974,0.01034,0.000731,0.64796,0.66128,0.6689,0.6745,0.68754
97.25,0.332026,0.01034,0.000731,0.31246,0.3255,0.3311,0.33872,0.35204,4.0e-6,3.0e-5,2.0e-6,0.0,0.0,0.0,0.0,0.0,0.667971,0.01033,0.000731,0.64796,0.66128,0.6689,0.6745,0.68754,4.0e-6,3.0e-5,2.0e-6,0.0,0.0,0.0,0.0,0.0,0.667974,0.01034,0.000731,0.64796,0.66128,0.6689,0.6745,0.68754
97.5,0.332026,0.01034,0.000731,0.31246,0.3255,0.3311,0.33872,0.35204,4.0e-6,3.0e-5,2.0e-6,0.0,0.0,0.0,0.0,0.0,0.667971,0.01033,0.000731,0.64796,0.66128,0.6689,0.6745,0.68754,4.0e-6,3.0e-5,2.0e-6,0.0,0.0,0.0,0.0,0.0,0.667974,0.01034,0.000731,0.64796,0.66128,0.6689,0.6745,0.68754
97.75,0.332026,0.01034,0.000731,0.31246,0.3255,0.3311,0.33872,0.35204,3.0e-6,2.0e-5,2.0e-6,0.0,0.0,0.0,0.0,0.0,0.667971,0.01033,0.000731,0.64796,0.66128,0.6689,0.6745,0.68754,3.0e-6,2.0e-5,2.0e-6,0.0,0.0,0.0,0.0,0.0,0.667974,0.01034,0.000731,0.64796,0.66128,0.6689,0.6745,0.68754
98.0,0.332026,0.01034,0.000731,0.31246,0.3255,0.3311,0.33872,0.35204,3.0e-6,2.0e-5,2.0e-6,0.0,0.0,0.0,0.0,0.0,0.667971,0.01033,0.000731,0.64796,0.66128,0.6689,0.6745,0.68754,3.0e-6,2.0e-5,2.0e-6,0.0,0.0,0.0,0.0,0.0,0.667974,0.01034,0.000731,0.64796,0.66128,0.6689,0.6745,0.68754
98.25,0.332026,0.01034,0.000731,0.31246,0.3255,0.3311,0.33872,0.35204,2.0e-6,2.0e-5,1.0e-6,0.0,0.0,0.0,0.0,0.0,0.667971,0.01033,0.000731,0.64796,0.66128,0.6689,0.6745,0.68754,2.0e-6,2.0e-5,1.0e-6,0.0,0.0,0.0,0.0,0.0,0.667974,0.01034,0.000731,0.64796,0.66128,0.6689,0.6745,0.68754
98.5,0.332026,0.01034,0.000731,0.31246,0.3255,0.3311,0.33872,0.35204,2.0e-6,2.0e-5,1.0e-6,0.0,0.0,0.0,0.0,0.0,0.667971,0.01033,0.000731,0.64796,0.66128,0.6689,0.6745,0.68754,2.0e-6,2.0e-5,1.0e-6,0.0,0.0,0.0,0.0,0.0,0.667974,0.01034,0.000731,0.64796,0.66128,0.6689,0.6745,0.68754
98.75,0.332026,0.01034,0.000731,0.31246,0.3255,0.3311,0.33872,0.35204,2.0e-6,2.0e-5,1.0e-6,0.0,0.0,0.0,0.0,0.0,0.667971,0.01033,0.000731,0.64796,0.66128,0.6689,0.6745,0.68754,2.0e-6,2.0e-5,1.0e-6,0.0,0.0,0.0,0.0,0.0,0.667974,0.01034,0.000731,0.64796,0.66128,0.6689,0.6745,0.68754
99.0,0.332026,0.01034,0.000731,0.31246,0.3255,0.3311,0.33872,0.35204,2.0e-6,2.0e-5,1.0e-6,0.0,0.0,0.0,0.0,0.0,0.667971,0.01033,0.000731,0.64796,0.66128,0.6689,0.6745,0.68754,2.0e-6,2.0e-5,1.0e-6,0.0,0.0,0.0,0.0,0.0,0.667974,0.01034,0.000731,0.64796,0.66128,0.6689,0.6745,0.68754
99.25,0.332026,0.01034,0.000731,0.31246,0.3255,0.3311,0.33872,0.35204,2.0e-6,2.0e-5,1.0e-6,0.0,0.0,0.0,0.0,0.0,0.667971,0.01033,0.000731,0.64796,0.66128,0.6689,0.6745,0.68754,2.0e-6,2.0e-5,1.0e-6,0.0,0.0,0.0,0.0,0.0,0.667974,0.01034,0.000731,0.64796,0.66128,0.6689,0.6745,0.68754
99.5,0.332026,0.01034,0.000731,0.31246,0.3255,0.3311,0.33872,0.35204,2.0e-6,2.0e-5,1.0e-6,0.0,0.0,0.0,0.0,0.0,0.667971,0.01033,0.000731,0.64796,0.66128,0.6689,0.6745,0.68754,2.0e-6,2.0e-5,1.0e-6,0.0,0.0,0.0,0.0,0.0,0.667974,0.01034,0.000731,0.64796,0.66128,0.6689,0.6745,0.68754
99.75,0.332026,0.01034,0.000731,0.31246,0.3255,0.3311,0.33872,0.35204,2.0e-6,2.0e-5,1.0e-6,0.0,0.0,0.0,0.0,0.0,0.667971,0.01033,0.000731,0.64796,0.66128,0.6689,0.6745,0.68754,2.0e-6,2.0e-5,1.0e-6,0.0,0.0,0.0,0.0,0.0,0.667974,0.01034,0.000731,0.64796,0.66128,0.6689,0.6745,0.68754
100.0,0.332025,0.01034,0.000731,0.31246,0.3255,0.3311,0.33872,0.35204,4.0e-6,3.0e-5,2.0e-6,0.0,0.0,0.0,0.0,0.0,0.667971,0.01033,0.000731,0.64796,0.66128,0.6689,0.6745,0.68754,4.0e-6,3.0e-5,2.0e-6,0.0,0.0,0.0,0.0,0.0,0.667975,0.01034,0.000731,0.64796,0.66128,0.6689,0.6745,0.68754
