t,cond.S.mean,cond.S.sd,cond.S.se,cond.S.q025,cond.S.q25,cond.S.q50,cond.S.q75,cond.S.q975,cond.I_1.mean,cond.I_1.sd,cond.I_1.se,cond.I_1.q025,cond.I_1.q25,cond.I_1.q50,cond.I_1.q75,cond.I_1.q975,cond.I_2.mean,cond.I_2.sd,cond.I_2.se,cond.I_2.q025,cond.I_2.q25,cond.I_2.q50,cond.I_2.q75,cond.I_2.q975,cond.I_3.mean,cond.I_3.sd,cond.I_3.se,cond.I_3.q025,cond.I_3.q25,cond.I_3.q50,cond.I_3.q75,cond.I_3.q975,cond.I_4.mean,cond.I_4.sd,cond.I_4.se,cond.I_4.q025,cond.I_4.q25,cond.I_4.q50,cond.I_4.q75,cond.I_4.q975,cond.I_5.mean,cond.I_5.sd,cond.I_5.se,cond.I_5.q025,cond.I_5.q25,cond.I_5.q50,cond.I_5.q75,cond.I_5.q975,cond.R.mean,cond.R.sd,cond.R.se,cond.R.q025,cond.R.q25,cond.R.q50,cond.R.q75,cond.R.q975,cond.infectious.mean,cond.infectious.sd,cond.infectious.se,cond.infectious.q025,cond.infectious.q25,cond.infectious.q50,cond.infectious.q75,cond.infectious.q975,cond.cumulative.mean,cond.cumulative.sd,cond.cumulative.se,cond.cumulative.q025,cond.cumulative.q25,cond.cumulative.q50,cond.cumulative.q75,cond.cumulative.q975
0.0,0.99,0.0,0.0,0.99,0.99,0.99,0.99,0.99,0.01,0.0,0.0,0.01,0.01,0.01,0.01,0.01,0.0,0.0,0.0,0.0,0.0,0.0,0.0,0.0,0.0,0.0,0.0,0.0,0.0,0.0,0.0,0.0,0.0,0.0,0.0,0.0,0.0,0.0,0.0,0.0,0.0,0.0,0.0,0.0,0.0,0.0,0.0,0.0,0.0,0.0,0.0,0.0,0.0,0.0,0.0,0.0,0.01,0.0,0.0,0.01,0.01,0.01,0.01,0.01,0.01,0.0,0.0,0.01,0.01,0.01,0.01,0.01
0.25,0.987813,0.0005,3.5e-5,0.9869,0.9875,0.9878,0.9881,0.9888,0.009188,0.00058,4.1e-5,0.0082,0.0088,0.0091,0.0095,0.0104,0.00256,0.00048,3.4e-5,0.0017,0.0022,0.0026,0.0029,0.0035,0.000388,0.00019,1.3e-5,0.0,0.0003,0.0004,0.0005,0.0007,4.6e-5,6.0e-5,5.0e-6,0.0,0.0,0.0,0.0001,0.0002,4.0e-6,2.0e-5,1.0e-6,0.0,0.0,0.0,0.0,0.0001,0.0,1.0e-5,1.0e-6,0.0,0.0,0.0,0.0,0.0,0.012186,0.0005,3.5e-5,0.0112,0.0119,0.0122,0.0125,0.0131,0.012187,0.0005,3.5e-5,0.0112,0.0119,0.0122,0.0125,0.0131
0.5,0.985217,0.00081,5.7e-5,0.9836,0.9846,0.9852,0.9857,0.9868,0.00891,0.00088,6.2e-5,0.0072,0.0083,0.0088,0.0094,0.0107,0.004339,0.00058,4.1e-5,0.0033,0.0039,0.0043,0.0047,0.0056,0.001224,0.00032,2.3e-5,0.0006,0.001,0.0012,0.0014,0.0019,0.000266,0.00017,1.2e-5,0.0,0.0001,0.0003,0.0004,0.0006,3.9e-5,7.0e-5,5.0e-6,0.0,0.0,0.0,0.0001,0.0002,6.0e-6,2.0e-5,2.0e-6,0.0,0.0,0.0,0.0,0.0001,0.014778,0.00081,5.7e-5,0.0132,0.0143,0.0148,0.0154,0.01641,0.014783,0.00081,5.7e-5,0.0132,0.0143,0.0148,0.0154,0.01641
0.75,0.982166,0.00113,8.0e-5,0.9799,0.9813,0.9822,0.983,0.9844,0.009137,0.00092,6.5e-5,0.0075,0.0085,0.00915,0.00973,0.0111,0.005611,0.00066,4.6e-5,0.00429,0.00518,0.0057,0.0061,0.0068,0.002254,0.00043,3.1e-5,0.0015,0.00198,0.0023,0.0025,0.0031,0.000644,0.00027,1.9e-5,0.0002,0.0005,0.0006,0.0008,0.0011,0.000152,0.00013,9.0e-6,0.0,0.0001,0.0001,0.0002,0.0004,3.6e-5,6.0e-5,4.0e-6,0.0,0.0,0.0,0.0001,0.0002,0.017798,0.00112,7.9e-5,0.0155,0.017,0.0178,0.01862,0.02,0.017834,0.00113,8.0e-5,0.0156,0.017,0.0178,0.0187,0.0201
1.0,0.978519,0.00149,0.000105,0.9757,0.97748,0.97845,0.9795,0.98141,0.009862,0.00113,8.0e-5,0.0076,0.0091,0.0098,0.0106,0.0121,0.006597,0.00077,5.4e-5,0.005,0.0061,0.00665,0.0071,0.008,0.003304,0.00055,3.9e-5,0.0024,0.0029,0.0033,0.0037,0.0045,0.001219,0.00036,2.5e-5,0.0006,0.001,0.0012,0.0015,0.0019,0.000382,0.0002,1.4e-5,0.0001,0.0002,0.00035,0.0005,0.0008,0.000115,0.0001,7.0e-6,0.0,0.0,0.0001,0.0002,0.0003,0.021366,0.00148,0.000104,0.01849,0.02048,0.0214,0.0224,0.0243,0.021481,0.00149,0.000105,0.01859,0.0205,0.02155,0.02252,0.0243
1.25,0.974383,0.00178,0.000126,0.9711,0.97307,0.9744,0.97542,0.9782,0.010747,0.00128,9.0e-5,0.0083,0.0098,0.0108,0.01152,0.0132,0.00764,0.00085,6.0e-5,0.0061,0.007,0.0076,0.0082,0.00931,0.004304,0.00061,4.3e-5,0.0031,0.0039,0.0043,0.0047,0.0055,0.001914,0.00046,3.2e-5,0.001,0.0016,0.0019,0.0022,0.0028,0.000719,0.00025,1.7e-5,0.0003,0.0006,0.0007,0.0009,0.0012,0.000293,0.00017,1.2e-5,0.0,0.0002,0.0003,0.0004,0.0006,0.025324,0.00176,0.000125,0.0216,0.0243,0.0253,0.0266,0.0286,0.025617,0.00178,0.000126,0.0218,0.02458,0.0256,0.02692,0.0289
1.5,0.969546,0.00234,0.000165,0.965,0.9678,0.96975,0.9712,0.97391,0.012029,0.00154,0.000109,0.0093,0.011,0.0118,0.0131,0.0149,0.00864,0.00097,6.9e-5,0.00699,0.008,0.0086,0.0093,0.0104,0.005399,0.00077,5.4e-5,0.004,0.00488,0.0054,0.0059,0.0069,0.002638,0.00052,3.7e-5,0.0017,0.0023,0.0026,0.003,0.0038,0.001164,0.00031,2.2e-5,0.0006,0.0009,0.0011,0.0014,0.0018,0.000583,0.00024,1.7e-5,0.0001,0.0004,0.0006,0.0007,0.0011,0.029871,0.00232,0.000164,0.0252,0.02828,0.0297,0.0316,0.03422,0.030454,0.00234,0.000165,0.02609,0.0288,0.03025,0.0322,0.035
1.75,0.963887,0.00298,0.000211,0.95808,0.9614,0.964,0.9658,0.9695,0.013701,0.00184,0.00013,0.0101,0.0124,0.0137,0.0148,0.01732,0.009703,0.00124,8.7e-5,0.0071,0.0089,0.0096,0.0105,0.01221,0.006513,0.00079,5.6e-5,0.0049,0.006,0.0065,0.007,0.008,0.003491,0.0006,4.3e-5,0.0024,0.003,0.0035,0.0039,0.0047,0.001685,0.00038,2.7e-5,0.0011,0.0014,0.0017,0.0019,0.00241,0.001019,0.00031,2.2e-5,0.0005,0.0008,0.001,0.00122,0.0017,0.035094,0.00297,0.00021,0.02969,0.0331,0.0351,0.0374,0.04082,0.036113,0.00298,0.000211,0.0305,0.0342,0.036,0.0386,0.04192
2.0,0.95748,0.00363,0.000256,0.9502,0.9549,0.9578,0.95992,0.96393,0.015554,0.00203,0.000143,0.01209,0.0142,0.0155,0.01682,0.02011,0.0111,0.00137,9.7e-5,0.0083,0.0103,0.0111,0.012,0.0139,0.00749,0.00095,6.7e-5,0.0058,0.0068,0.0075,0.0082,0.0091,0.004418,0.00072,5.1e-5,0.0031,0.0039,0.00445,0.0048,0.0058,0.00233,0.00047,3.3e-5,0.0015,0.002,0.0023,0.0027,0.0033,0.001628,0.0004,2.8e-5,0.001,0.0014,0.0016,0.0019,0.0026,0.040892,0.0036,0.000255,0.03428,0.03847,0.04075,0.04352,0.04811,0.04252,0.00363,0.000256,0.03607,0.04008,0.0422,0.0451,0.0498
2.25,0.950147,0.00441,0.000312,0.94139,0.94718,0.9499,0.9531,0.95821,0.01771,0.00227,0.00016,0.0137,0.0163,0.0174,0.0191,0.0233,0.012608,0.00154,0.000109,0.0093,0.0116,0.0125,0.0137,0.0153,0.00869,0.0011,7.8e-5,0.0067,0.0079,0.0087,0.0095,0.0107,0.005369,0.00083,5.9e-5,0.0038,0.0047,0.0054,0.0059,0.0072,0.003008,0.00049,3.4e-5,0.0021,0.0027,0.003,0.00332,0.0039,0.002468,0.00049,3.4e-5,0.0016,0.00217,0.0025,0.00272,0.0035,0.047384,0.00439,0.000311,0.03968,0.04418,0.0474,0.0504,0.05564,0.049853,0.00441,0.000312,0.04179,0.0469,0.0501,0.05282,0.05861
2.5,0.941806,0.00531,0.000376,0.93049,0.93812,0.9418,0.9453,0.95201,0.020123,0.00252,0.000178,0.0155,0.0185,0.0201,0.0215,0.0258,0.014317,0.0017,0.00012,0.01108,0.01308,0.0144,0.01532,0.0179,0.009951,0.00133,9.4e-5,0.0076,0.009,0.0099,0.0108,0.0128,0.006453,0.00087,6.2e-5,0.0047,0.0059,0.0064,0.0069,0.0082,0.003811,0.00055,3.9e-5,0.0027,0.0035,0.0038,0.0042,0.0048,0.003539,0.00058,4.1e-5,0.0026,0.0031,0.0035,0.00392,0.0047,0.054655,0.00522,0.000369,0.045,0.0511,0.05445,0.05825,0.06601,0.058195,0.00531,0.000376,0.04799,0.0547,0.0582,0.06188,0.06951
2.75,0.93232,0.00632,0.000447,0.91928,0.92838,0.93235,0.9367,0.945,0.022854,0.00282,0.000199,0.0179,0.021,0.02265,0.02432,0.02892,0.016311,0.00193,0.000136,0.0129,0.0148,0.0162,0.0176,0.0204,0.011462,0.00149,0.000105,0.00869,0.01048,0.0113,0.0125,0.0143,0.007596,0.00103,7.3e-5,0.0056,0.0069,0.00765,0.0084,0.0096,0.004606,0.00069,4.9e-5,0.0034,0.0041,0.0046,0.0051,0.006,0.004852,0.00071,5.0e-5,0.0036,0.0043,0.0048,0.0053,0.00621,0.062828,0.00617,0.000436,0.05129,0.05875,0.06275,0.06682,0.07515,0.06768,0.00632,0.000447,0.05499,0.0633,0.06765,0.07162,0.08072
3.0,0.921556,0.00742,0.000524,0.90636,0.91698,0.92155,0.92662,0.93661,0.025936,0.0032,0.000226,0.0202,0.02388,0.0257,0.0279,0.03221,0.018543,0.00219,0.000155,0.01479,0.0171,0.0185,0.0198,0.0233,0.013077,0.00166,0.000117,0.0099,0.0119,0.0131,0.01412,0.01611,0.008863,0.00114,8.1e-5,0.0067,0.008,0.00885,0.0098,0.0109,0.005578,0.00082,5.8e-5,0.0041,0.005,0.0055,0.0062,0.0074,0.006448,0.00078,5.5e-5,0.0052,0.00588,0.0064,0.0069,0.008,0.071996,0.00721,0.00051,0.0577,0.06718,0.0719,0.0763,0.08694,0.078444,0.00742,0.000524,0.06339,0.07338,0.07845,0.08302,0.09364
3.25,0.909347,0.00865,0.000612,0.89094,0.90368,0.90985,0.9149,0.9264,0.029518,0.00355,0.000251,0.02349,0.02698,0.0291,0.03172,0.03691,0.021005,0.00258,0.000183,0.0162,0.019,0.0209,0.0228,0.02621,0.014909,0.00182,0.000129,0.01159,0.0137,0.015,0.0163,0.01811,0.010217,0.00128,9.0e-5,0.0077,0.0093,0.0102,0.01113,0.0127,0.006641,0.00092,6.5e-5,0.005,0.006,0.0066,0.0072,0.0085,0.008363,0.00093,6.6e-5,0.0067,0.0077,0.0083,0.009,0.0104,0.08229,0.0083,0.000587,0.06628,0.07735,0.0817,0.08783,0.10084,0.090653,0.00865,0.000612,0.0736,0.0851,0.09015,0.09632,0.10906
3.5,0.895809,0.00997,0.000705,0.87526,0.8888,0.8962,0.9025,0.91451,0.033338,0.00389,0.000275,0.02679,0.031,0.0333,0.03582,0.04101,0.023857,0.0029,0.000205,0.0184,0.02188,0.02365,0.0257,0.02981,0.016828,0.002,0.000141,0.0129,0.0153,0.017,0.01802,0.0212,0.011738,0.00145,0.000103,0.0091,0.01067,0.0116,0.0129,0.01431,0.007798,0.00106,7.5e-5,0.0058,0.0072,0.0078,0.0084,0.0098,0.010631,0.00111,7.8e-5,0.0086,0.0099,0.0106,0.0114,0.0128,0.09356,0.00945,0.000668,0.07559,0.08762,0.09305,0.1003,0.1135,0.10419,0.00997,0.000705,0.08549,0.0975,0.1038,0.1112,0.12474
3.75,0.880618,0.01142,0.000807,0.8557,0.8727,0.88095,0.888,0.90252,0.037482,0.00425,0.0003,0.03039,0.0348,0.0375,0.03992,0.04581,0.026921,0.00316,0.000224,0.0211,0.02478,0.0266,0.02872,0.0331,0.019207,0.00229,0.000162,0.01539,0.01758,0.019,0.0208,0.02362,0.013352,0.00173,0.000122,0.0104,0.0122,0.0131,0.0146,0.0168,0.009124,0.00117,8.3e-5,0.0068,0.0084,0.00905,0.0099,0.0117,0.013296,0.00135,9.5e-5,0.0107,0.0125,0.0132,0.0142,0.0161,0.106086,0.01071,0.000758,0.08519,0.0986,0.10585,0.11305,0.12855,0.119382,0.01142,0.000807,0.09748,0.112,0.11905,0.1273,0.14431
4.0,0.863816,0.0129,0.000912,0.83608,0.85578,0.86435,0.87202,0.88772,0.041866,0.00449,0.000317,0.0343,0.0389,0.04165,0.045,0.05121,0.030369,0.00349,0.000247,0.0242,0.0279,0.03025,0.03272,0.038,0.021806,0.00259,0.000183,0.017,0.0202,0.0217,0.0232,0.0277,0.015186,0.00191,0.000135,0.0118,0.0137,0.0151,0.0165,0.0192,0.010609,0.00133,9.4e-5,0.0078,0.0097,0.0107,0.01142,0.013,0.016349,0.00161,0.000114,0.0134,0.0154,0.0162,0.0174,0.02,0.119835,0.01192,0.000843,0.09689,0.1115,0.11935,0.12795,0.1437,0.136183,0.0129,0.000912,0.11228,0.12798,0.13565,0.14422,0.16392
4.25,0.84527,0.01449,0.001025,0.81396,0.8367,0.8458,0.85545,0.87321,0.046683,0.00489,0.000346,0.03817,0.04338,0.0465,0.04992,0.05602,0.034106,0.00369,0.000261,0.0277,0.03138,0.03405,0.03628,0.04122,0.024636,0.00287,0.000203,0.01959,0.02268,0.0243,0.0266,0.03063,0.017265,0.00218,0.000154,0.01339,0.0158,0.0171,0.0187,0.0223,0.012149,0.00157,0.000111,0.0091,0.0112,0.0121,0.0132,0.0152,0.01989,0.00192,0.000136,0.0162,0.0188,0.01985,0.02112,0.0237,0.13484,0.01327,0.000938,0.10879,0.12555,0.1342,0.14355,0.16273,0.15473,0.01449,0.001025,0.12679,0.14455,0.1542,0.1633,0.18604
4.5,0.825143,0.0161,0.001139,0.79164,0.81515,0.82685,0.83602,0.85634,0.051501,0.00525,0.000371,0.04088,0.04772,0.05165,0.05512,0.06211,0.038267,0.00406,0.000287,0.031,0.03538,0.03825,0.04075,0.0471,0.027548,0.00316,0.000223,0.0215,0.02558,0.0273,0.0294,0.0346,0.019668,0.00225,0.000159,0.0152,0.018,0.0194,0.0211,0.0247,0.013875,0.00174,0.000123,0.0106,0.0126,0.0138,0.0151,0.01711,0.024,0.00228,0.000161,0.0199,0.0225,0.0239,0.02532,0.0285,0.150857,0.01451,0.001026,0.12282,0.141,0.1496,0.1601,0.18068,0.174857,0.0161,0.001139,0.14366,0.16398,0.17315,0.18485,0.20836
4.75,0.803315,0.01788,0.001265,0.767,0.792,0.8048,0.8153,0.83936,0.056548,0.00555,0.000393,0.04646,0.0526,0.0564,0.06013,0.0674,0.042421,0.00432,0.000305,0.03467,0.0399,0.0422,0.04522,0.05181,0.030915,0.00351,0.000248,0.02479,0.02858,0.0307,0.0331,0.03831,0.02239,0.00249,0.000176,0.0175,0.0207,0.0222,0.0241,0.0275,0.015765,0.00195,0.000138,0.01209,0.0143,0.0157,0.01692,0.0197,0.028645,0.00264,0.000187,0.0239,0.027,0.02855,0.0305,0.03361,0.16804,0.01593,0.001127,0.13674,0.15785,0.16625,0.1787,0.19999,0.196685,0.01788,0.001265,0.16065,0.1847,0.1952,0.208,0.233
5.0,0.77983,0.0196,0.001386,0.73968,0.76665,0.78125,0.79213,0.81951,0.061571,0.00568,0.000401,0.05079,0.05778,0.0614,0.0651,0.07311,0.046943,0.00468,0.000331,0.03799,0.04418,0.0469,0.05003,0.05623,0.034584,0.00386,0.000273,0.0273,0.0321,0.03425,0.037,0.04282,0.025248,0.00282,0.0002,0.0204,0.0232,0.0252,0.02702,0.0311,0.01789,0.00209,0.000148,0.0139,0.01667,0.0178,0.0193,0.02221,0.033932,0.00308,0.000218,0.02809,0.03188,0.0337,0.0362,0.03931,0.186237,0.01722,0.001217,0.15269,0.1758,0.1844,0.19737,0.22214,0.22017,0.0196,0.001386,0.18049,0.20788,0.21875,0.23335,0.26032
5.25,0.75463,0.02093,0.00148,0.71138,0.74188,0.75655,0.7675,0.79682,0.06666,0.0055,0.000389,0.0561,0.0635,0.06695,0.06973,0.07912,0.051768,0.00505,0.000357,0.0416,0.0486,0.05165,0.05522,0.061,0.038474,0.00409,0.000289,0.0316,0.03558,0.03815,0.04122,0.04683,0.028338,0.00312,0.00022,0.0224,0.0262,0.0281,0.0306,0.0345,0.02025,0.00225,0.000159,0.0166,0.0187,0.0202,0.0216,0.0248,0.03988,0.00361,0.000255,0.0328,0.0375,0.0399,0.04252,0.0468,0.20549,0.01796,0.00127,0.17088,0.1942,0.20345,0.21615,0.24274,0.24537,0.02093,0.00148,0.20318,0.2325,0.24345,0.25812,0.28862
5.5,0.72811,0.02222,0.001571,0.68294,0.7143,0.7295,0.74263,0.77293,0.071668,0.00543,0.000384,0.0609,0.06828,0.07225,0.07462,0.0842,0.056348,0.00503,0.000356,0.04708,0.0534,0.05645,0.0595,0.0676,0.042664,0.00447,0.000316,0.0335,0.0398,0.0419,0.04562,0.0525,0.031682,0.00331,0.000234,0.02589,0.0292,0.0316,0.0342,0.038,0.022881,0.00255,0.00018,0.01829,0.0211,0.0227,0.0245,0.0281,0.046647,0.00425,0.000301,0.03908,0.0436,0.04635,0.0496,0.05441,0.225243,0.01873,0.001325,0.18937,0.2124,0.22425,0.23662,0.2653,0.27189,0.02222,0.001571,0.22707,0.25738,0.2705,0.2857,0.31706
5.75,0.700307,0.02362,0.00167,0.65201,0.6844,0.7018,0.71412,0.74606,0.076348,0.0052,0.000367,0.06669,0.07287,0.0766,0.07938,0.0872,0.06103,0.00534,0.000378,0.05079,0.0575,0.06095,0.0648,0.07065,0.047148,0.00458,0.000324,0.03888,0.04418,0.0468,0.0504,0.05561,0.035159,0.00364,0.000257,0.0282,0.0327,0.0351,0.03763,0.04251,0.025767,0.00288,0.000204,0.0205,0.0238,0.02555,0.02742,0.0319,0.05424,0.00484,0.000343,0.04478,0.0509,0.0537,0.05775,0.06311,0.245452,0.01954,0.001382,0.21052,0.23368,0.24465,0.25762,0.28682,0.299693,0.02362,0.00167,0.25395,0.28588,0.2982,0.3156,0.34799
6.0,0.671475,0.02481,0.001754,0.62148,0.6556,0.67305,0.68578,0.71879,0.080564,0.00537,0.00038,0.07129,0.07738,0.0806,0.08395,0.0914,0.065746,0.00537,0.00038,0.05588,0.06237,0.0661,0.069,0.07542,0.05157,0.00468,0.000331,0.0431,0.0484,0.05145,0.0546,0.06122,0.039094,0.00384,0.000272,0.0314,0.03685,0.03915,0.04132,0.0467,0.02883,0.00307,0.000217,0.0226,0.0267,0.02865,0.0308,0.0353,0.062722,0.00568,0.000401,0.05237,0.05878,0.0625,0.0668,0.0739,0.265803,0.01996,0.001411,0.2297,0.25312,0.26525,0.27962,0.3071,0.328525,0.02481,0.001754,0.28121,0.31423,0.32695,0.3444,0.37852
6.25,0.64186,0.02574,0.00182,0.59016,0.62498,0.6434,0.65695,0.69093,0.084506,0.00496,0.000351,0.07589,0.0811,0.0846,0.08762,0.09341,0.07004,0.0053,0.000374,0.06076,0.06648,0.07005,0.0737,0.07972,0.05628,0.00502,0.000355,0.04669,0.0534,0.05605,0.0595,0.06621,0.042956,0.00417,0.000295,0.03498,0.04008,0.0426,0.046,0.0525,0.032143,0.00339,0.00024,0.02609,0.03,0.0318,0.0343,0.0395,0.072215,0.00653,0.000462,0.0596,0.06787,0.07145,0.0769,0.08442,0.285924,0.0201,0.001421,0.24849,0.27345,0.2858,0.2991,0.3276,0.35814,0.02574,0.00182,0.30907,0.34305,0.3566,0.37502,0.40984
6.5,0.61143,0.02678,0.001894,0.55778,0.59432,0.61245,0.62732,0.66417,0.087902,0.00503,0.000355,0.0791,0.0846,0.08805,0.09135,0.09731,0.07442,0.00515,0.000364,0.06489,0.07137,0.0739,0.07822,0.08361,0.06071,0.00495,0.00035,0.0502,0.05758,0.0608,0.06342,0.06973,0.047051,0.00447,0.000316,0.0388,0.0442,0.0471,0.04982,0.05623,0.035638,0.00369,0.000261,0.0292,0.03298,0.03565,0.0379,0.04311,0.08285,0.00742,0.000525,0.0683,0.0778,0.0823,0.08783,0.09792,0.30572,0.02032,0.001437,0.26838,0.29348,0.30545,0.31808,0.34542,0.388571,0.02678,0.001894,0.33583,0.37268,0.38755,0.40568,0.44222
6.75,0.58097,0.02754,0.001947,0.52639,0.56377,0.581,0.5976,0.635,0.090455,0.00476,0.000336,0.08128,0.0876,0.09035,0.09362,0.09942,0.078415,0.005,0.000354,0.06849,0.0751,0.07865,0.08202,0.08691,0.064974,0.00505,0.000357,0.05497,0.06182,0.065,0.06782,0.07551,0.051375,0.00462,0.000327,0.04328,0.0482,0.05155,0.05408,0.0611,0.039201,0.00386,0.000273,0.0317,0.0363,0.0394,0.04132,0.0478,0.094609,0.00845,0.000597,0.07892,0.0889,0.09405,0.10032,0.1117,0.32442,0.02012,0.001423,0.28623,0.31185,0.32525,0.33652,0.36321,0.419029,0.02754,0.001947,0.365,0.4024,0.419,0.43622,0.47361
7.0,0.550937,0.02781,0.001966,0.49666,0.53333,0.55135,0.56665,0.60574,0.091904,0.00439,0.000311,0.0841,0.08868,0.0916,0.09493,0.1005,0.081897,0.00476,0.000337,0.07279,0.07928,0.0824,0.0852,0.0901,0.06911,0.00497,0.000352,0.05887,0.066,0.0694,0.0722,0.07851,0.05567,0.00482,0.000341,0.047,0.0525,0.05535,0.0582,0.06571,0.043042,0.00418,0.000295,0.03548,0.04008,0.043,0.04543,0.05211,0.107441,0.00948,0.00067,0.08924,0.10167,0.10665,0.11368,0.12553,0.341622,0.01948,0.001377,0.3044,0.3296,0.34235,0.3525,0.37981,0.449063,0.02781,0.001966,0.39426,0.43335,0.44865,0.46667,0.50334
7.25,0.521108,0.02761,0.001953,0.46835,0.5031,0.52155,0.53755,0.57425,0.09268,0.00388,0.000274,0.0861,0.0896,0.0928,0.09572,0.1,0.08489,0.00437,0.000309,0.0769,0.082,0.08545,0.088,0.0919,0.072972,0.00506,0.000358,0.06298,0.0693,0.07345,0.0763,0.0822,0.059748,0.00478,0.000338,0.0516,0.05645,0.0599,0.0623,0.0699,0.047116,0.00428,0.000303,0.03839,0.04458,0.04705,0.04995,0.056,0.121485,0.01069,0.000756,0.10028,0.11508,0.12075,0.1285,0.1427,0.357407,0.01825,0.00129,0.32336,0.3452,0.3573,0.36852,0.39154,0.478892,0.02761,0.001953,0.42575,0.46245,0.47845,0.4969,0.53165
7.5,0.491968,0.02721,0.001924,0.43867,0.47525,0.4925,0.50868,0.5409,0.09276,0.00374,0.000264,0.086,0.09007,0.0931,0.09512,0.09934,0.087059,0.00413,0.000292,0.0787,0.08458,0.08705,0.08952,0.09582,0.076554,0.00471,0.000333,0.0673,0.0733,0.07675,0.07983,0.08441,0.063652,0.0048,0.000339,0.055,0.06038,0.0636,0.06673,0.07422,0.051149,0.00442,0.000312,0.04259,0.0483,0.0512,0.05382,0.0601,0.136857,0.01189,0.000841,0.11269,0.1298,0.1363,0.14428,0.16121,0.371174,0.01684,0.001191,0.33868,0.36008,0.3718,0.38092,0.40374,0.508031,0.02721,0.001924,0.4591,0.49132,0.5075,0.52475,0.56133
7.75,0.463696,0.02676,0.001893,0.4117,0.44628,0.4645,0.48065,0.51175,0.0922,0.00364,0.000257,0.0851,0.08968,0.0923,0.09432,0.0997,0.08846,0.00386,0.000273,0.08125,0.08607,0.0883,0.09075,0.0969,0.079604,0.00448,0.000317,0.0704,0.07695,0.08015,0.0827,0.0875,0.067661,0.00466,0.00033,0.06008,0.0643,0.0675,0.07042,0.07674,0.054949,0.00447,0.000316,0.0471,0.0517,0.0549,0.05803,0.06391,0.15343,0.0131,0.000926,0.12677,0.14553,0.1532,0.16195,0.18052,0.382873,0.01531,0.001083,0.35344,0.37272,0.38365,0.39195,0.41231,0.536304,0.02676,0.001893,0.48825,0.51935,0.5355,0.55372,0.5883
8.0,0.436411,0.02599,0.001838,0.3861,0.41975,0.43665,0.45253,0.4829,0.090835,0.00368,0.00026,0.08438,0.0881,0.0906,0.0933,0.0982,0.089238,0.00358,0.000253,0.0817,0.0867,0.0892,0.09172,0.09541,0.082042,0.00424,0.0003,0.07338,0.0794,0.0823,0.0847,0.08942,0.071369,0.00465,0.000329,0.06339,0.06745,0.07155,0.07462,0.0803,0.058884,0.00447,0.000316,0.0509,0.0558,0.0589,0.06195,0.06832,0.171222,0.0142,0.001004,0.14258,0.1625,0.17035,0.1807,0.20133,0.392366,0.01388,0.000981,0.3648,0.38398,0.39325,0.4011,0.4206,0.563588,0.02599,0.001838,0.5171,0.54747,0.56335,0.58025,0.6139
8.25,0.410499,0.025,0.001768,0.36218,0.3944,0.41145,0.42492,0.45561,0.088557,0.00355,0.000251,0.0827,0.08598,0.08845,0.09082,0.09581,0.08934,0.00343,0.000243,0.08309,0.08707,0.08935,0.092,0.09501,0.084174,0.00411,0.00029,0.0752,0.0818,0.0843,0.08692,0.0919,0.07451,0.00436,0.000308,0.0668,0.0715,0.07455,0.0775,0.0829,0.062757,0.00441,0.000312,0.0552,0.0594,0.0631,0.06552,0.07131,0.190163,0.01537,0.001087,0.15984,0.1805,0.18955,0.1998,0.22203,0.399338,0.0122,0.000862,0.375,0.39248,0.3998,0.4067,0.42601,0.589501,0.025,0.001768,0.54439,0.57508,0.58855,0.6056,0.63783
8.5,0.386254,0.02402,0.001698,0.34013,0.37168,0.3872,0.39972,0.42929,0.085509,0.00371,0.000263,0.0778,0.0829,0.0856,0.08785,0.09241,0.08871,0.00337,0.000238,0.082,0.0866,0.08865,0.09102,0.0946,0.08556,0.00373,0.000264,0.07789,0.08318,0.0854,0.08812,0.09281,0.077268,0.00435,0.000307,0.06849,0.07428,0.0772,0.08012,0.0854,0.066383,0.00413,0.000292,0.05889,0.0634,0.0662,0.0694,0.07441,0.210316,0.01662,0.001176,0.1777,0.19952,0.2096,0.2216,0.24374,0.40343,0.01067,0.000754,0.38116,0.39708,0.4041,0.41042,0.42344,0.613746,0.02402,0.001698,0.57071,0.60028,0.6128,0.62832,0.65987
8.75,0.363233,0.02286,0.001617,0.31806,0.34938,0.36375,0.37662,0.40442,0.082279,0.004,0.000283,0.0745,0.07947,0.0824,0.08462,0.08914,0.087487,0.00316,0.000223,0.0821,0.0851,0.0871,0.0899,0.0939,0.086085,0.00358,0.000253,0.079,0.08388,0.0861,0.0884,0.09271,0.079679,0.00413,0.000292,0.0713,0.077,0.07945,0.08262,0.08701,0.069627,0.00419,0.000296,0.06249,0.06678,0.06945,0.0725,0.07802,0.23161,0.01764,0.001247,0.19739,0.2204,0.2311,0.24342,0.26756,0.405157,0.00947,0.00067,0.38668,0.39985,0.40485,0.41135,0.42371,0.636767,0.02286,0.001617,0.59558,0.62338,0.63625,0.65062,0.68194
9.0,0.341507,0.02158,0.001526,0.29788,0.32842,0.3422,0.3531,0.3805,0.078789,0.00411,0.000291,0.07169,0.0757,0.0786,0.0814,0.08711,0.085595,0.00339,0.00024,0.0802,0.08308,0.0854,0.088,0.0925,0.086217,0.00344,0.000243,0.0797,0.08398,0.0861,0.08852,0.09293,0.081563,0.00383,0.000271,0.07389,0.07888,0.08185,0.08412,0.08881,0.072537,0.00399,0.000282,0.06559,0.0694,0.0723,0.07525,0.07982,0.253793,0.01862,0.001316,0.21693,0.24225,0.2535,0.26582,0.2915,0.4047,0.00849,0.0006,0.387,0.39978,0.40495,0.41002,0.42131,0.658493,0.02158,0.001526,0.6195,0.6469,0.6578,0.67157,0.70212
9.25,0.321734,0.02056,0.001454,0.2794,0.3085,0.32205,0.3336,0.35833,0.074654,0.00429,0.000304,0.06719,0.0717,0.0743,0.07722,0.0841,0.083193,0.00365,0.000258,0.0764,0.081,0.0829,0.08572,0.08971,0.085568,0.00301,0.000213,0.0801,0.08348,0.08545,0.0876,0.0912,0.082922,0.0038,0.000269,0.07585,0.08047,0.0826,0.08565,0.0905,0.075038,0.00389,0.000275,0.0679,0.07258,0.07495,0.07762,0.0822,0.276892,0.01942,0.001373,0.23779,0.26475,0.2758,0.29012,0.31574,0.401374,0.00821,0.00058,0.38458,0.39655,0.40145,0.40672,0.41781,0.678267,0.02056,0.001454,0.64167,0.6664,0.67795,0.6915,0.7206
9.5,0.30352,0.01939,0.001371,0.26408,0.29155,0.30395,0.31552,0.3382,0.070286,0.0042,0.000297,0.06259,0.0673,0.0701,0.07315,0.07871,0.080148,0.00376,0.000266,0.07348,0.07768,0.0804,0.08242,0.0871,0.084648,0.00317,0.000224,0.0784,0.08268,0.0845,0.0866,0.0915,0.083421,0.0034,0.000241,0.07727,0.0809,0.08335,0.0857,0.0902,0.077278,0.00393,0.000278,0.0694,0.07458,0.07715,0.07995,0.0855,0.300698,0.02004,0.001417,0.2605,0.28778,0.2998,0.31392,0.34052,0.395782,0.00812,0.000574,0.38158,0.38942,0.39565,0.40165,0.41203,0.69648,0.01939,0.001371,0.6618,0.68448,0.69605,0.70845,0.73592
9.75,0.286567,0.01827,0.001292,0.24887,0.2754,0.287,0.29812,0.31978,0.065964,0.00416,0.000294,0.05839,0.06298,0.06575,0.06862,0.0746,0.076883,0.00395,0.000279,0.0694,0.0744,0.0768,0.0794,0.08451,0.082959,0.00332,0.000235,0.07608,0.0809,0.0831,0.0848,0.08921,0.083405,0.00323,0.000228,0.07748,0.0811,0.0833,0.0853,0.0901,0.079133,0.00376,0.000266,0.0717,0.07647,0.079,0.082,0.08631,0.325088,0.02074,0.001466,0.28445,0.31175,0.32485,0.33862,0.36584,0.388346,0.00835,0.00059,0.37288,0.3823,0.3881,0.39452,0.404,0.713433,0.01827,0.001292,0.68022,0.70187,0.713,0.7246,0.75113
10.0,0.271126,0.01712,0.001211,0.23564,0.26108,0.2713,0.28162,0.30178,0.061506,0.00431,0.000305,0.05459,0.0584,0.0616,0.06412,0.0708,0.073503,0.00398,0.000282,0.0662,0.07098,0.0731,0.0763,0.08121,0.080773,0.00341,0.000241,0.0742,0.07847,0.08075,0.0829,0.0883,0.082905,0.00313,0.000222,0.07739,0.08088,0.08285,0.08502,0.0892,0.080151,0.00352,0.000249,0.0732,0.07728,0.0806,0.0829,0.0865,0.350034,0.02152,0.001522,0.30805,0.33668,0.34955,0.36352,0.39341,0.37884,0.00907,0.000641,0.36228,0.37258,0.3785,0.38595,0.39495,0.728874,0.01712,0.001211,0.69822,0.71838,0.7287,0.73892,0.76436
10.25,0.257245,0.01605,0.001135,0.22319,0.24767,0.25745,0.26678,0.28498,0.05687,0.00444,0.000314,0.0489,0.05375,0.0567,0.06,0.0657,0.069568,0.00421,0.000298,0.0616,0.0663,0.0694,0.0723,0.07791,0.07846,0.00358,0.000253,0.07199,0.07597,0.0785,0.0807,0.08492,0.08192,0.00321,0.000227,0.0758,0.0798,0.08195,0.08402,0.0876,0.08078,0.00322,0.000227,0.07479,0.0785,0.0809,0.08292,0.08661,0.375157,0.02204,0.001559,0.33228,0.36208,0.3751,0.38912,0.41951,0.367598,0.01012,0.000716,0.34958,0.35975,0.3682,0.3757,0.38562,0.742755,0.01605,0.001135,0.71502,0.73322,0.74255,0.75232,0.77681
10.5,0.244489,0.01505,0.001064,0.21139,0.23565,0.24465,0.2538,0.27252,0.052485,0.00439,0.000311,0.04429,0.0496,0.05235,0.05522,0.0606,0.065682,0.00415,0.000293,0.0587,0.0629,0.0653,0.06815,0.07422,0.075512,0.00365,0.000258,0.06909,0.07298,0.0756,0.0779,0.0825,0.080566,0.00308,0.000217,0.07519,0.0785,0.0809,0.08242,0.08642,0.080901,0.00307,0.000217,0.0749,0.07908,0.08095,0.08312,0.087,0.400364,0.02232,0.001579,0.35759,0.3866,0.4003,0.41525,0.44413,0.355148,0.01092,0.000772,0.33368,0.34767,0.35505,0.36282,0.3763,0.755511,0.01505,0.001064,0.72748,0.7462,0.75535,0.76435,0.78861
10.75,0.232832,0.01417,0.001002,0.20276,0.2248,0.2328,0.2423,0.2594,0.048458,0.00432,0.000306,0.0404,0.0455,0.04845,0.05138,0.05662,0.061518,0.00404,0.000286,0.0548,0.05848,0.06105,0.06412,0.07041,0.072328,0.00379,0.000268,0.06529,0.06987,0.0722,0.07485,0.0801,0.078548,0.00307,0.000217,0.07249,0.0767,0.07825,0.0806,0.0844,0.080661,0.00285,0.000201,0.07459,0.07888,0.0808,0.08262,0.0858,0.425655,0.02264,0.001601,0.38592,0.4119,0.4255,0.4393,0.4725,0.341514,0.01181,0.000835,0.31908,0.3333,0.34225,0.34995,0.36282,0.767168,0.01417,0.001002,0.7406,0.7577,0.7672,0.7752,0.79724
11.0,0.222615,0.01336,0.000944,0.19496,0.21488,0.22295,0.23088,0.24792,0.044071,0.00409,0.000289,0.0366,0.0411,0.0441,0.0465,0.05261,0.057406,0.00393,0.000278,0.0498,0.0548,0.0571,0.05952,0.06592,0.06887,0.00381,0.000269,0.06137,0.0667,0.06885,0.0711,0.07652,0.07659,0.00357,0.000252,0.06979,0.07408,0.0765,0.0789,0.08401,0.079765,0.00294,0.000208,0.07448,0.07778,0.0797,0.08183,0.0853,0.450683,0.02253,0.001593,0.40956,0.4373,0.45125,0.46475,0.49771,0.326702,0.01236,0.000874,0.30318,0.3179,0.32715,0.33542,0.3504,0.777385,0.01336,0.000944,0.75208,0.76912,0.77705,0.78513,0.80504
11.25,0.213265,0.0126,0.000891,0.1868,0.20678,0.21365,0.22125,0.23743,0.04037,0.0039,0.000276,0.03349,0.03768,0.0403,0.04255,0.04811,0.053242,0.0039,0.000276,0.0461,0.05068,0.053,0.05562,0.0606,0.065157,0.00397,0.000281,0.05679,0.0627,0.0649,0.06785,0.07301,0.073958,0.00376,0.000266,0.06759,0.0716,0.07385,0.0766,0.08151,0.07862,0.00288,0.000204,0.07299,0.0768,0.0787,0.0805,0.0841,0.475388,0.02246,0.001588,0.4317,0.4618,0.47495,0.4898,0.52127,0.311346,0.01288,0.000911,0.28738,0.30278,0.312,0.3194,0.33562,0.786735,0.0126,0.000891,0.76257,0.77875,0.78635,0.79322,0.8132
11.5,0.204806,0.01187,0.00084,0.17948,0.1985,0.2044,0.21172,0.22842,0.036812,0.00354,0.000251,0.0301,0.0345,0.03665,0.039,0.0439,0.049275,0.00396,0.00028,0.0424,0.04678,0.04935,0.0518,0.0572,0.061404,0.00406,0.000287,0.05348,0.05875,0.06145,0.06392,0.0691,0.071258,0.00351,0.000248,0.0643,0.06915,0.071,0.0735,0.0782,0.076777,0.00283,0.0002,0.0713,0.0749,0.07675,0.07852,0.0822,0.499668,0.02236,0.001581,0.45879,0.4868,0.49935,0.5141,0.54594,0.295526,0.01329,0.00094,0.27128,0.28647,0.29575,0.30355,0.32104,0.795194,0.01187,0.00084,0.77158,0.78828,0.7956,0.8015,0.82052
11.75,0.197227,0.01117,0.00079,0.1731,0.1909,0.1971,0.2037,0.21991,0.033406,0.00342,0.000241,0.0275,0.03108,0.0331,0.0356,0.0401,0.045381,0.00397,0.000281,0.0381,0.0426,0.04545,0.048,0.0531,0.057595,0.00413,0.000292,0.0493,0.05498,0.0575,0.06022,0.06501,0.068178,0.00346,0.000245,0.0621,0.0658,0.06795,0.0705,0.07511,0.074769,0.00309,0.000218,0.069,0.07258,0.07475,0.07672,0.08131,0.523446,0.02217,0.001567,0.48307,0.51135,0.52315,0.53717,0.56905,0.279328,0.01373,0.000971,0.2536,0.27008,0.27935,0.28745,0.308,0.802773,0.01117,0.00079,0.78009,0.7963,0.8029,0.8091,0.8269
12.0,0.190341,0.01061,0.00075,0.16739,0.1853,0.19,0.197,0.21141,0.030317,0.00326,0.000231,0.0242,0.02795,0.0305,0.03222,0.037,0.04184,0.00373,0.000264,0.03458,0.0395,0.04185,0.0442,0.04882,0.053684,0.00392,0.000277,0.04659,0.0507,0.0536,0.05653,0.0613,0.064856,0.00358,0.000253,0.0582,0.06268,0.06455,0.0671,0.07261,0.072589,0.00318,0.000225,0.066,0.07055,0.07275,0.07442,0.0788,0.546372,0.02182,0.001543,0.50493,0.5333,0.5462,0.55972,0.59097,0.263286,0.01399,0.00099,0.23668,0.25412,0.26325,0.2714,0.29116,0.809658,0.01061,0.00075,0.78859,0.803,0.81,0.8147,0.83261
12.25,0.184216,0.01001,0.000708,0.1624,0.1794,0.1838,0.19105,0.20321,0.027423,0.00298,0.000211,0.0222,0.02547,0.02735,0.0294,0.034,0.038242,0.00354,0.00025,0.03159,0.0361,0.0384,0.04043,0.0452,0.05009,0.00391,0.000276,0.0426,0.0475,0.0503,0.0526,0.0573,0.061385,0.0035,0.000247,0.0552,0.0588,0.06125,0.0637,0.06762,0.07012,0.00323,0.000228,0.064,0.068,0.07,0.0722,0.0759,0.568522,0.02141,0.001514,0.52894,0.55578,0.56885,0.58235,0.61241,0.247261,0.01398,0.000989,0.22225,0.23782,0.24675,0.2556,0.27558,0.815784,0.01001,0.000708,0.79679,0.80895,0.8162,0.8206,0.8376
12.5,0.178736,0.0096,0.000679,0.1576,0.17428,0.17815,0.18508,0.19771,0.024788,0.00272,0.000193,0.02,0.0227,0.0248,0.0267,0.0298,0.035012,0.00338,0.000239,0.0289,0.0326,0.0349,0.03702,0.0421,0.046403,0.00382,0.00027,0.03979,0.04388,0.0463,0.0491,0.05391,0.057775,0.00363,0.000257,0.05179,0.0549,0.05765,0.06052,0.06431,0.067434,0.0033,0.000234,0.0611,0.0651,0.06725,0.06975,0.07461,0.589852,0.02096,0.001482,0.5491,0.5776,0.58995,0.60292,0.63331,0.231412,0.01393,0.000985,0.20528,0.22195,0.2314,0.2404,0.25966,0.821264,0.0096,0.000679,0.80229,0.81492,0.82185,0.82572,0.8424
12.75,0.173827,0.00907,0.000641,0.15448,0.16938,0.17325,0.17985,0.1909,0.022368,0.0027,0.000191,0.0174,0.02068,0.0222,0.02392,0.0274,0.031944,0.0033,0.000233,0.02549,0.02988,0.03175,0.0341,0.03881,0.042964,0.00345,0.000244,0.0366,0.0407,0.04275,0.0453,0.0498,0.054182,0.00388,0.000274,0.0476,0.05148,0.0541,0.05703,0.06131,0.064169,0.00347,0.000245,0.0585,0.06167,0.06415,0.06662,0.0707,0.610546,0.02031,0.001436,0.57318,0.59958,0.61045,0.62403,0.6514,0.215627,0.0139,0.000983,0.19018,0.2062,0.2153,0.22458,0.24275,0.826174,0.00907,0.000641,0.8091,0.82015,0.82675,0.83062,0.84552
13.0,0.169346,0.00868,0.000613,0.15109,0.16498,0.1687,0.1753,0.18602,0.020102,0.00255,0.000181,0.0155,0.0184,0.02,0.0216,0.02511,0.029234,0.00318,0.000225,0.0237,0.02688,0.02935,0.0313,0.0357,0.039539,0.00333,0.000235,0.03279,0.0374,0.03935,0.0417,0.04611,0.050517,0.00371,0.000262,0.044,0.04775,0.0504,0.05322,0.05741,0.061172,0.00349,0.000246,0.05539,0.0586,0.061,0.06345,0.06852,0.630088,0.0197,0.001393,0.59287,0.619,0.62955,0.64252,0.67041,0.200566,0.01356,0.000959,0.17596,0.19068,0.20115,0.20915,0.2274,0.830654,0.00868,0.000613,0.81398,0.8247,0.8313,0.83502,0.84891
13.25,0.165364,0.00837,0.000592,0.14849,0.1612,0.1649,0.1713,0.18132,0.01807,0.00237,0.000167,0.0137,0.01658,0.01785,0.0194,0.0234,0.026498,0.00299,0.000211,0.0213,0.02448,0.0265,0.0285,0.03171,0.03646,0.00309,0.000218,0.03059,0.03428,0.0365,0.03858,0.0426,0.04713,0.00375,0.000266,0.04059,0.0444,0.0469,0.04962,0.0547,0.057858,0.0034,0.00024,0.0509,0.05578,0.05755,0.06032,0.06371,0.64862,0.01895,0.00134,0.6116,0.6378,0.6482,0.6608,0.68651,0.186016,0.01315,0.00093,0.16218,0.17735,0.18575,0.19495,0.21092,0.834636,0.00837,0.000592,0.81868,0.8287,0.8351,0.8388,0.85151
13.5,0.161724,0.00805,0.000569,0.14548,0.1577,0.1612,0.16722,0.17711,0.016318,0.00214,0.000151,0.01259,0.01497,0.0161,0.01763,0.0207,0.024022,0.0028,0.000198,0.019,0.0222,0.0237,0.0258,0.0295,0.033455,0.00307,0.000217,0.028,0.0314,0.03325,0.0358,0.0388,0.043691,0.0034,0.00024,0.0372,0.0411,0.04355,0.04572,0.0499,0.054577,0.00363,0.000257,0.04769,0.0523,0.0544,0.057,0.06191,0.666213,0.01826,0.001291,0.63139,0.65598,0.6658,0.67728,0.7027,0.172063,0.01275,0.000902,0.1472,0.16322,0.17185,0.18042,0.19512,0.838276,0.00805,0.000569,0.82289,0.83278,0.8388,0.8423,0.85452
13.75,0.158481,0.00785,0.000555,0.14315,0.1545,0.15815,0.16428,0.1731,0.014627,0.00199,0.000141,0.0112,0.01327,0.0144,0.0159,0.0186,0.021844,0.00261,0.000185,0.0174,0.0199,0.02165,0.0237,0.0272,0.030672,0.00291,0.000206,0.0253,0.02837,0.03075,0.0328,0.0358,0.040323,0.00332,0.000235,0.0349,0.0375,0.0403,0.0427,0.0464,0.051361,0.00353,0.000249,0.04509,0.049,0.0514,0.0537,0.05801,0.682692,0.01742,0.001232,0.64907,0.67308,0.68225,0.69317,0.7182,0.158828,0.0122,0.000863,0.13597,0.14978,0.1589,0.16582,0.18221,0.841519,0.00785,0.000555,0.8269,0.83572,0.84185,0.8455,0.85685
14.0,0.155631,0.00769,0.000544,0.14018,0.1516,0.15525,0.16137,0.17031,0.013181,0.00188,0.000133,0.0097,0.01198,0.013,0.0144,0.01722,0.019618,0.00241,0.00017,0.015,0.018,0.0196,0.02112,0.02421,0.028054,0.00297,0.00021,0.0226,0.02598,0.0278,0.0306,0.03322,0.037373,0.00303,0.000214,0.03219,0.0351,0.03735,0.03932,0.0436,0.047939,0.00364,0.000257,0.03999,0.04588,0.0477,0.0504,0.0554,0.698205,0.01673,0.001183,0.6651,0.68848,0.6974,0.70805,0.73182,0.146165,0.01171,0.000828,0.12218,0.13738,0.14595,0.15253,0.16762,0.844369,0.00769,0.000544,0.82969,0.83862,0.84475,0.8484,0.85982
14.25,0.152996,0.00748,0.000529,0.13808,0.14877,0.1527,0.15863,0.16702,0.011907,0.00176,0.000125,0.0087,0.0107,0.0119,0.0129,0.01553,0.017642,0.00224,0.000159,0.013,0.0163,0.0174,0.01902,0.0221,0.02558,0.00275,0.000194,0.02068,0.02358,0.0255,0.0276,0.0304,0.034443,0.00287,0.000203,0.0291,0.0323,0.0342,0.0363,0.0404,0.044877,0.00353,0.00025,0.03838,0.04268,0.0449,0.04692,0.0526,0.712555,0.01593,0.001127,0.68128,0.70238,0.71165,0.72212,0.74514,0.134449,0.01112,0.000787,0.11258,0.12658,0.13455,0.14132,0.15574,0.847004,0.00748,0.000529,0.83298,0.84138,0.8473,0.85122,0.86192
14.5,0.150669,0.00728,0.000515,0.13569,0.14658,0.1508,0.15592,0.1647,0.010728,0.00172,0.000121,0.00789,0.0096,0.0106,0.0117,0.01395,0.015927,0.00204,0.000144,0.01179,0.0146,0.0157,0.01713,0.0199,0.023216,0.00263,0.000186,0.0186,0.0213,0.0232,0.02502,0.0279,0.031751,0.00283,0.0002,0.0268,0.0297,0.03175,0.0336,0.03731,0.041711,0.00343,0.000243,0.0354,0.03953,0.0418,0.04382,0.0486,0.725996,0.01521,0.001076,0.69752,0.71678,0.72545,0.73485,0.75654,0.123335,0.01065,0.000753,0.10249,0.11498,0.12315,0.12962,0.14444,0.849331,0.00728,0.000515,0.8353,0.84407,0.8492,0.85342,0.86431
14.75,0.148612,0.00712,0.000503,0.1339,0.14442,0.14865,0.15382,0.1623,0.009608,0.00156,0.000111,0.0069,0.0086,0.0095,0.0106,0.01302,0.014373,0.00197,0.000139,0.01099,0.01298,0.0143,0.01562,0.0188,0.020981,0.00247,0.000175,0.0168,0.01948,0.0207,0.0225,0.02582,0.029238,0.00278,0.000196,0.0241,0.0273,0.0292,0.03105,0.03452,0.038606,0.00316,0.000224,0.03278,0.03638,0.0387,0.0407,0.04451,0.738582,0.01442,0.00102,0.71096,0.7299,0.73855,0.74765,0.76716,0.112806,0.01004,0.00071,0.0934,0.10568,0.1128,0.11885,0.13305,0.851388,0.00712,0.000503,0.8377,0.84617,0.85135,0.85558,0.8661
15.0,0.146702,0.007,0.000495,0.1326,0.14247,0.1465,0.1518,0.15993,0.008616,0.00143,0.000101,0.0062,0.0076,0.00865,0.0095,0.0113,0.013049,0.00189,0.000133,0.0097,0.0117,0.0129,0.0141,0.0173,0.018954,0.00229,0.000162,0.01489,0.0174,0.0189,0.02022,0.0239,0.026785,0.00269,0.000191,0.0216,0.02488,0.0269,0.0285,0.0321,0.035735,0.00294,0.000208,0.0301,0.03378,0.03575,0.0378,0.0412,0.750157,0.01377,0.000973,0.7223,0.74148,0.7499,0.75832,0.77758,0.10314,0.0095,0.000671,0.08459,0.09668,0.10285,0.109,0.12232,0.853298,0.007,0.000495,0.84007,0.8482,0.8535,0.85753,0.8674
15.25,0.145028,0.00684,0.000484,0.1312,0.14072,0.1448,0.15012,0.15762,0.00779,0.00134,9.5e-5,0.0051,0.007,0.00775,0.0086,0.0105,0.011703,0.00175,0.000124,0.0085,0.0106,0.0116,0.0127,0.01531,0.017158,0.00214,0.000151,0.01369,0.01557,0.0169,0.0186,0.02161,0.024375,0.00265,0.000188,0.0198,0.0224,0.0244,0.02602,0.03021,0.033077,0.00287,0.000203,0.0276,0.03098,0.0332,0.03492,0.03851,0.760868,0.01317,0.000931,0.7345,0.7523,0.7609,0.7692,0.78689,0.094105,0.00902,0.000637,0.0762,0.0881,0.0938,0.09932,0.11162,0.854972,0.00684,0.000484,0.84238,0.84988,0.8552,0.85928,0.8688
15.5,0.143524,0.0067,0.000474,0.1298,0.1392,0.14345,0.14835,0.15521,0.006989,0.00121,8.6e-5,0.0046,0.0062,0.00695,0.00762,0.00942,0.010503,0.00164,0.000116,0.00769,0.0094,0.0104,0.0117,0.0139,0.015576,0.00203,0.000143,0.01239,0.0142,0.0154,0.0168,0.02,0.022146,0.00247,0.000174,0.01709,0.0204,0.0223,0.02372,0.0275,0.030496,0.00281,0.000199,0.0257,0.0284,0.03055,0.03233,0.03621,0.770767,0.01252,0.000885,0.74606,0.76295,0.7707,0.77848,0.79605,0.085708,0.00849,0.000601,0.0698,0.08023,0.08535,0.09072,0.10194,0.856476,0.0067,0.000474,0.84479,0.85165,0.85655,0.8608,0.8702
15.75,0.142121,0.00661,0.000467,0.12868,0.1378,0.14205,0.14685,0.1541,0.006266,0.00115,8.1e-5,0.0042,0.0055,0.0062,0.007,0.0086,0.009529,0.0015,0.000106,0.0068,0.0085,0.0094,0.0105,0.0129,0.014082,0.00195,0.000138,0.0105,0.01278,0.0139,0.0154,0.0183,0.020096,0.00232,0.000164,0.0158,0.01847,0.02015,0.0216,0.0249,0.027973,0.00272,0.000192,0.02389,0.0259,0.0279,0.0295,0.0335,0.779933,0.01197,0.000847,0.75589,0.77278,0.77965,0.78705,0.80533,0.077946,0.00804,0.000568,0.06279,0.0726,0.0773,0.0829,0.09452,0.857879,0.00661,0.000467,0.8459,0.85315,0.85795,0.8622,0.87132
16.0,0.140936,0.00649,0.000459,0.12808,0.1367,0.1407,0.1453,0.1527,0.005612,0.00105,7.4e-5,0.0038,0.0049,0.0056,0.0063,0.00781,0.00855,0.00139,9.8e-5,0.006,0.00758,0.0085,0.0094,0.0113,0.012707,0.00179,0.000127,0.0093,0.0115,0.0127,0.0137,0.0163,0.018307,0.00217,0.000153,0.0145,0.0168,0.0182,0.01993,0.0227,0.025493,0.00259,0.000183,0.0211,0.0238,0.025,0.02702,0.03064,0.788396,0.01134,0.000802,0.76639,0.78162,0.7887,0.79542,0.81282,0.070668,0.00747,0.000528,0.0569,0.066,0.07005,0.0755,0.08533,0.859065,0.00649,0.000459,0.8473,0.8547,0.8593,0.8633,0.87192
16.25,0.139886,0.00641,0.000453,0.1273,0.1357,0.1397,0.14425,0.1519,0.005006,0.00098,6.9e-5,0.0033,0.0043,0.005,0.0056,0.00711,0.007705,0.00129,9.1e-5,0.0054,0.00688,0.0077,0.0085,0.01031,0.011421,0.00172,0.000121,0.0085,0.0103,0.0112,0.0125,0.0151,0.016755,0.002,0.000142,0.01309,0.0153,0.0168,0.0179,0.0209,0.023105,0.00232,0.000164,0.01909,0.0215,0.0229,0.0245,0.0282,0.796123,0.01067,0.000754,0.77559,0.78975,0.796,0.80212,0.81892,0.063992,0.00677,0.000478,0.05099,0.05988,0.0634,0.06887,0.07801,0.860114,0.00641,0.000453,0.8481,0.85575,0.8603,0.8643,0.8727
16.5,0.138937,0.00632,0.000447,0.1266,0.1349,0.1388,0.14322,0.1505,0.004496,0.00094,6.7e-5,0.0029,0.0039,0.0044,0.005,0.0065,0.006905,0.00116,8.2e-5,0.005,0.006,0.0069,0.0076,0.0094,0.0103,0.00156,0.00011,0.0074,0.0094,0.0101,0.0111,0.0135,0.015134,0.00199,0.000141,0.0117,0.0138,0.0151,0.0164,0.0187,0.021194,0.00234,0.000165,0.0166,0.0196,0.02095,0.0227,0.0257,0.803034,0.01021,0.000722,0.7838,0.7969,0.80295,0.80862,0.82493,0.058029,0.00639,0.000452,0.04549,0.05418,0.0576,0.06235,0.07081,0.861063,0.00632,0.000447,0.8495,0.85678,0.8612,0.8651,0.8734
16.75,0.138062,0.00625,0.000442,0.126,0.13408,0.1379,0.1423,0.14941,0.003998,0.00088,6.2e-5,0.0024,0.0034,0.0039,0.0046,0.0058,0.006195,0.00111,7.9e-5,0.0043,0.00548,0.0062,0.00682,0.00861,0.009284,0.00141,9.9e-5,0.0066,0.00838,0.0092,0.0102,0.0119,0.01386,0.00188,0.000133,0.0105,0.0124,0.0138,0.015,0.01761,0.01917,0.0022,0.000156,0.0152,0.01768,0.019,0.02052,0.0234,0.80943,0.00977,0.000691,0.79167,0.80328,0.80955,0.81472,0.83023,0.052508,0.00592,0.000419,0.04168,0.04878,0.052,0.05632,0.06471,0.861939,0.00625,0.000442,0.8506,0.8577,0.8621,0.86592,0.874
17.0,0.13727,0.00619,0.000438,0.1254,0.1334,0.13705,0.14162,0.1487,0.003579,0.00082,5.8e-5,0.0022,0.003,0.0035,0.0041,0.0052,0.00559,0.001,7.1e-5,0.0038,0.0049,0.0056,0.0062,0.0075,0.008305,0.00135,9.5e-5,0.0058,0.00738,0.00835,0.009,0.0113,0.012503,0.0018,0.000127,0.0094,0.01128,0.0126,0.01352,0.0162,0.017578,0.00211,0.000149,0.01389,0.0161,0.0173,0.01892,0.02211,0.815175,0.00941,0.000666,0.79819,0.80958,0.8149,0.82023,0.83582,0.047554,0.00551,0.00039,0.0379,0.0443,0.04675,0.0512,0.05872,0.86273,0.00619,0.000438,0.8513,0.85838,0.86295,0.8666,0.8746
17.25,0.136593,0.00614,0.000434,0.12459,0.13267,0.1365,0.14082,0.1481,0.003208,0.00075,5.3e-5,0.0019,0.0026,0.0032,0.0037,0.00481,0.005024,0.00096,6.8e-5,0.0031,0.0044,0.0051,0.0056,0.00691,0.007486,0.00127,9.0e-5,0.0053,0.0065,0.0075,0.0082,0.0106,0.011214,0.00169,0.00012,0.008,0.01008,0.0113,0.01222,0.01451,0.016045,0.00195,0.000138,0.0129,0.01468,0.0159,0.0171,0.02061,0.820429,0.00909,0.000643,0.80389,0.8144,0.8206,0.82522,0.83962,0.042977,0.00516,0.000365,0.03428,0.03988,0.04255,0.0462,0.0538,0.863406,0.00614,0.000434,0.8519,0.85918,0.8635,0.86732,0.87541
17.5,0.136007,0.00611,0.000432,0.124,0.1323,0.13595,0.1402,0.14721,0.002838,0.00071,5.0e-5,0.0015,0.0023,0.00285,0.0033,0.0042,0.004504,0.00089,6.3e-5,0.0029,0.0039,0.0044,0.00512,0.0064,0.006795,0.00121,8.6e-5,0.0047,0.0059,0.0068,0.00752,0.0095,0.01007,0.00157,0.000111,0.0073,0.009,0.0101,0.0109,0.01291,0.014568,0.00174,0.000123,0.0115,0.0134,0.0145,0.0157,0.0184,0.82522,0.00877,0.00062,0.8089,0.8196,0.8256,0.82982,0.84352,0.038774,0.00476,0.000337,0.03018,0.0358,0.0383,0.0416,0.0492,0.863994,0.00611,0.000432,0.85279,0.8598,0.86405,0.8677,0.876
17.75,0.135438,0.00605,0.000428,0.1233,0.1316,0.1354,0.1395,0.14651,0.002561,0.00066,4.6e-5,0.0014,0.0021,0.0026,0.003,0.004,0.004037,0.00087,6.1e-5,0.0024,0.0035,0.00395,0.0046,0.006,0.006029,0.00113,8.0e-5,0.0041,0.0052,0.00605,0.0067,0.0083,0.009154,0.00148,0.000105,0.0064,0.00827,0.00905,0.0102,0.01201,0.013226,0.00164,0.000116,0.0106,0.0121,0.0131,0.0142,0.0167,0.829554,0.00846,0.000598,0.81418,0.8243,0.82985,0.8342,0.84752,0.035008,0.00445,0.000314,0.02736,0.03198,0.0348,0.03772,0.04391,0.864563,0.00605,0.000428,0.85348,0.8605,0.8646,0.8684,0.8767
18.0,0.134983,0.00601,0.000425,0.12309,0.1311,0.1348,0.13922,0.14592,0.00228,0.00061,4.3e-5,0.0013,0.0018,0.0023,0.0027,0.0037,0.003561,0.00079,5.6e-5,0.002,0.003,0.0035,0.004,0.0052,0.005438,0.00102,7.2e-5,0.00389,0.0048,0.0054,0.006,0.00732,0.008214,0.00128,9.0e-5,0.0056,0.0075,0.00825,0.0089,0.0106,0.012052,0.00165,0.000117,0.0093,0.0108,0.01195,0.0132,0.0154,0.833473,0.00819,0.000579,0.81829,0.82805,0.834,0.83825,0.85081,0.031544,0.00413,0.000292,0.024,0.02878,0.0313,0.03432,0.0402,0.865016,0.00601,0.000425,0.85408,0.86078,0.8652,0.8689,0.87691
18.25,0.134568,0.00598,0.000423,0.12278,0.1307,0.1344,0.1388,0.14561,0.002019,0.00052,3.7e-5,0.0012,0.0016,0.002,0.0023,0.0031,0.003204,0.00077,5.4e-5,0.0017,0.0027,0.0032,0.0037,0.0047,0.004884,0.00093,6.6e-5,0.0033,0.0042,0.0047,0.0055,0.0068,0.007371,0.00124,8.8e-5,0.0051,0.00668,0.00735,0.008,0.0098,0.010908,0.00156,0.00011,0.0083,0.0098,0.0109,0.0119,0.01411,0.837045,0.00796,0.000563,0.82198,0.83192,0.83735,0.84172,0.85342,0.028387,0.00385,0.000273,0.0212,0.02598,0.02825,0.0308,0.03623,0.865432,0.00598,0.000423,0.85439,0.8612,0.8656,0.8693,0.87722
18.5,0.134162,0.00595,0.00042,0.12208,0.1303,0.134,0.13832,0.14551,0.001827,0.0005,3.5e-5,0.0009,0.0015,0.0018,0.0022,0.0028,0.002816,0.00069,4.9e-5,0.0016,0.0023,0.0028,0.0033,0.0042,0.004378,0.00091,6.4e-5,0.0028,0.0037,0.0044,0.00502,0.0061,0.006662,0.00119,8.4e-5,0.0046,0.0059,0.0066,0.0074,0.0092,0.009871,0.00146,0.000103,0.0071,0.0089,0.0099,0.0107,0.013,0.840284,0.00776,0.000548,0.8262,0.8351,0.84055,0.8448,0.8563,0.025554,0.00358,0.000253,0.0187,0.02345,0.0252,0.0277,0.03311,0.865838,0.00595,0.00042,0.85449,0.86168,0.866,0.8697,0.87792
18.75,0.133814,0.00592,0.000419,0.1214,0.13008,0.13365,0.13792,0.1452,0.00164,0.00044,3.1e-5,0.0008,0.0013,0.0016,0.0019,0.0025,0.002502,0.00063,4.4e-5,0.0012,0.0021,0.0025,0.003,0.0038,0.003909,0.00081,5.7e-5,0.0025,0.0033,0.0039,0.0045,0.0054,0.00598,0.00114,8.0e-5,0.0041,0.0052,0.0059,0.0067,0.0083,0.008982,0.0014,9.9e-5,0.0064,0.0082,0.0089,0.0098,0.0119,0.843173,0.0075,0.000531,0.82989,0.838,0.84345,0.84755,0.8586,0.023012,0.00326,0.000231,0.0167,0.0211,0.0229,0.025,0.02922,0.866185,0.00592,0.000419,0.8548,0.86208,0.86635,0.86992,0.8786
19.0,0.13352,0.00591,0.000418,0.1213,0.1297,0.1333,0.13772,0.14461,0.001455,0.00043,3.0e-5,0.0007,0.0012,0.0014,0.0017,0.0023,0.002244,0.00058,4.1e-5,0.0012,0.0018,0.0023,0.0026,0.0034,0.003451,0.00076,5.4e-5,0.0021,0.0029,0.0035,0.004,0.0051,0.005411,0.00109,7.7e-5,0.0036,0.0046,0.0053,0.0061,0.0076,0.008099,0.0013,9.2e-5,0.0058,0.0072,0.0081,0.0089,0.0108,0.84582,0.00731,0.000517,0.83269,0.84048,0.8462,0.85032,0.8611,0.02066,0.00305,0.000216,0.0148,0.0187,0.0205,0.0226,0.027,0.86648,0.00591,0.000418,0.85539,0.86228,0.8667,0.8703,0.8787
19.25,0.133264,0.00589,0.000417,0.1211,0.1296,0.1331,0.13743,0.14441,0.001291,0.00042,2.9e-5,0.0007,0.001,0.0013,0.0015,0.0022,0.002004,0.00052,3.7e-5,0.0011,0.0016,0.002,0.00232,0.0031,0.003094,0.00072,5.1e-5,0.0018,0.0026,0.0031,0.0036,0.0045,0.004819,0.00094,6.6e-5,0.0034,0.00418,0.00475,0.0053,0.0068,0.007369,0.00123,8.7e-5,0.0053,0.0065,0.0073,0.008,0.0101,0.848158,0.00709,0.000501,0.83538,0.84322,0.8484,0.85245,0.863,0.018578,0.00277,0.000196,0.0131,0.0167,0.01845,0.0204,0.02431,0.866736,0.00589,0.000417,0.85559,0.86258,0.8669,0.8704,0.8789
19.5,0.133012,0.00588,0.000416,0.121,0.12928,0.1328,0.1372,0.14441,0.001149,0.0004,2.8e-5,0.0004,0.0008,0.0011,0.0014,0.0019,0.001803,0.0005,3.5e-5,0.0009,0.00148,0.00175,0.0021,0.0027,0.00275,0.00067,4.7e-5,0.0016,0.0023,0.0027,0.0032,0.0041,0.004338,0.00083,5.9e-5,0.0028,0.00378,0.0043,0.0048,0.0062,0.006608,0.00115,8.1e-5,0.0044,0.00588,0.0065,0.0072,0.00931,0.850341,0.0069,0.000488,0.83749,0.84568,0.8507,0.85472,0.86402,0.016647,0.00253,0.000179,0.01189,0.0149,0.0166,0.0181,0.02201,0.866988,0.00588,0.000416,0.85559,0.8628,0.8672,0.87072,0.879
19.75,0.132777,0.00586,0.000415,0.121,0.12908,0.1324,0.13682,0.1442,0.001016,0.00036,2.6e-5,0.0004,0.0007,0.001,0.0013,0.0017,0.001639,0.00046,3.3e-5,0.0008,0.0013,0.0016,0.0019,0.0025,0.002462,0.00062,4.4e-5,0.0013,0.00208,0.0025,0.0028,0.0038,0.003856,0.00076,5.4e-5,0.0025,0.0033,0.0038,0.0043,0.0054,0.005922,0.00111,7.8e-5,0.0041,0.0052,0.00585,0.0065,0.0084,0.852328,0.00674,0.000476,0.8398,0.8477,0.85255,0.8567,0.86542,0.014895,0.00234,0.000165,0.0103,0.0133,0.0148,0.01622,0.01941,0.867223,0.00586,0.000415,0.8558,0.86318,0.8676,0.87092,0.879
20.0,0.132581,0.00586,0.000414,0.121,0.1289,0.1322,0.13675,0.14401,0.000921,0.00036,2.6e-5,0.0003,0.0007,0.0009,0.0011,0.0016,0.001408,0.00042,2.9e-5,0.0007,0.0011,0.0014,0.0017,0.0022,0.002285,0.00059,4.1e-5,0.0013,0.0019,0.0023,0.0027,0.0034,0.003395,0.00072,5.1e-5,0.002,0.0029,0.0034,0.0039,0.0048,0.005351,0.00097,6.9e-5,0.0037,0.0047,0.0053,0.00592,0.00741,0.854059,0.00669,0.000473,0.84189,0.8496,0.85435,0.8584,0.86742,0.01336,0.00216,0.000153,0.0089,0.0118,0.0134,0.0148,0.0174,0.867418,0.00586,0.000414,0.85599,0.86325,0.8678,0.8711,0.879
20.25,0.132414,0.00585,0.000414,0.12089,0.1287,0.13215,0.13662,0.14381,0.000822,0.00032,2.3e-5,0.0003,0.0006,0.0008,0.001,0.0016,0.001254,0.00037,2.6e-5,0.0006,0.001,0.0012,0.0015,0.002,0.002044,0.00056,4.0e-5,0.001,0.0016,0.002,0.0024,0.0031,0.003028,0.00067,4.7e-5,0.0018,0.0025,0.0031,0.0035,0.0042,0.004788,0.00086,6.1e-5,0.0032,0.0042,0.0048,0.0054,0.0065,0.85565,0.00656,0.000464,0.84409,0.851,0.8559,0.8598,0.8692,0.011937,0.002,0.000142,0.0081,0.0105,0.012,0.0133,0.0155,0.867586,0.00585,0.000414,0.85619,0.86338,0.86785,0.8713,0.87911
20.5,0.132251,0.00585,0.000414,0.1208,0.1285,0.1321,0.1365,0.14381,0.000744,0.00031,2.2e-5,0.0003,0.0005,0.0007,0.0009,0.0014,0.001129,0.00037,2.6e-5,0.0004,0.0009,0.0011,0.0014,0.0018,0.001834,0.00054,3.8e-5,0.001,0.0014,0.0018,0.0022,0.0029,0.002706,0.00064,4.5e-5,0.0016,0.0022,0.0027,0.00312,0.004,0.004284,0.00081,5.7e-5,0.0027,0.0037,0.0043,0.0048,0.0058,0.857054,0.00649,0.000459,0.84549,0.85218,0.8573,0.8613,0.8705,0.010695,0.00187,0.000132,0.0071,0.0094,0.0107,0.01185,0.01421,0.867749,0.00585,0.000414,0.85619,0.8635,0.8679,0.8715,0.8792
20.75,0.132113,0.00585,0.000414,0.1204,0.1284,0.13195,0.13643,0.14381,0.000672,0.00029,2.0e-5,0.0002,0.0005,0.0006,0.0008,0.0013,0.000995,0.00034,2.4e-5,0.0004,0.0008,0.001,0.0012,0.0017,0.001612,0.0005,3.6e-5,0.0008,0.0012,0.0016,0.002,0.0026,0.002469,0.0006,4.2e-5,0.0013,0.0021,0.0025,0.0028,0.00361,0.003822,0.00076,5.4e-5,0.0024,0.0033,0.0038,0.0043,0.0052,0.858318,0.00641,0.000453,0.84699,0.85398,0.8584,0.86253,0.8715,0.009569,0.00172,0.000121,0.0062,0.00848,0.0095,0.0107,0.013,0.867888,0.00585,0.000414,0.8562,0.86358,0.86805,0.8716,0.8796
21.0,0.131986,0.00584,0.000413,0.1204,0.1283,0.1318,0.1363,0.1437,0.000592,0.00027,1.9e-5,0.0002,0.0004,0.0006,0.0008,0.0012,0.0009,0.00032,2.3e-5,0.0003,0.0007,0.0009,0.0011,0.0016,0.001443,0.00048,3.4e-5,0.0006,0.0011,0.0014,0.0018,0.0023,0.002207,0.00054,3.8e-5,0.0012,0.0018,0.0022,0.0026,0.0033,0.003399,0.00078,5.5e-5,0.002,0.0029,0.0034,0.0039,0.0049,0.859472,0.00637,0.00045,0.84838,0.8551,0.8594,0.86363,0.8725,0.008541,0.00163,0.000115,0.0055,0.0074,0.0086,0.0096,0.0117,0.868014,0.00584,0.000413,0.8563,0.8637,0.8682,0.8717,0.8796
21.25,0.131875,0.00583,0.000412,0.1204,0.12815,0.1317,0.1362,0.1436,0.000533,0.00025,1.8e-5,0.0001,0.0004,0.0005,0.0007,0.0011,0.000803,0.00032,2.2e-5,0.0003,0.0006,0.0008,0.001,0.0015,0.001268,0.00042,3.0e-5,0.0005,0.001,0.0012,0.0015,0.0021,0.001983,0.00055,3.9e-5,0.0009,0.0016,0.0019,0.0023,0.0031,0.003087,0.0007,5.0e-5,0.0018,0.0026,0.0031,0.00353,0.00441,0.860452,0.00632,0.000447,0.84909,0.856,0.86045,0.86462,0.87301,0.007673,0.00151,0.000107,0.0047,0.0067,0.0076,0.0087,0.0105,0.868125,0.00583,0.000412,0.8564,0.8638,0.8683,0.87185,0.8796
21.5,0.131789,0.00582,0.000412,0.1203,0.12798,0.13165,0.1361,0.1435,0.000477,0.00022,1.6e-5,0.0001,0.0003,0.0005,0.0006,0.0009,0.00071,0.0003,2.1e-5,0.0003,0.0005,0.0007,0.0009,0.0013,0.001137,0.00041,2.9e-5,0.0004,0.0008,0.0011,0.0014,0.002,0.00176,0.00047,3.4e-5,0.001,0.0015,0.0017,0.002,0.0028,0.002756,0.00065,4.6e-5,0.0015,0.0023,0.0027,0.0032,0.004,0.861372,0.00626,0.000443,0.85029,0.85718,0.86165,0.86553,0.87381,0.00684,0.00139,9.8e-5,0.00419,0.0058,0.0068,0.0078,0.0096,0.868212,0.00582,0.000412,0.8565,0.8639,0.86835,0.87202,0.8797
21.75,0.131696,0.00581,0.000411,0.1202,0.12788,0.1315,0.13592,0.1435,0.000433,0.00021,1.5e-5,0.0001,0.0003,0.0004,0.0006,0.0009,0.000648,0.00027,1.9e-5,0.0002,0.0004,0.0006,0.0008,0.0012,0.001008,0.00036,2.5e-5,0.0004,0.0008,0.001,0.0013,0.0017,0.001581,0.00048,3.4e-5,0.0007,0.0012,0.0015,0.0018,0.0026,0.002465,0.00064,4.5e-5,0.0014,0.002,0.0025,0.0029,0.0038,0.862171,0.00623,0.000441,0.85109,0.85798,0.8623,0.8663,0.87461,0.006134,0.0013,9.2e-5,0.0037,0.0052,0.0061,0.007,0.0086,0.868304,0.00581,0.000411,0.8565,0.86407,0.8685,0.87212,0.8798
22.0,0.131611,0.0058,0.00041,0.1202,0.1278,0.13145,0.1357,0.1435,0.000392,0.00021,1.5e-5,0.0,0.0002,0.0004,0.0005,0.0009,0.000571,0.00026,1.8e-5,0.0002,0.0004,0.00055,0.0007,0.0012,0.000894,0.00034,2.4e-5,0.0003,0.0006,0.0009,0.00112,0.0015,0.001449,0.00045,3.2e-5,0.0007,0.0011,0.0014,0.0018,0.0023,0.002188,0.0006,4.2e-5,0.00119,0.0017,0.0022,0.0026,0.0033,0.862895,0.00616,0.000436,0.85188,0.85878,0.863,0.86682,0.87531,0.005494,0.0012,8.5e-5,0.0032,0.00468,0.0054,0.0063,0.0078,0.868389,0.0058,0.00041,0.8565,0.8643,0.86855,0.8722,0.8798
22.25,0.131543,0.00579,0.000409,0.1202,0.12767,0.13135,0.1356,0.14321,0.000342,0.0002,1.4e-5,0.0,0.0002,0.0003,0.00042,0.0008,0.000522,0.00024,1.7e-5,0.0001,0.0003,0.0005,0.0007,0.001,0.000806,0.00031,2.2e-5,0.0002,0.0006,0.0008,0.001,0.0014,0.001272,0.0004,2.8e-5,0.0006,0.001,0.0012,0.0016,0.002,0.001944,0.00056,4.0e-5,0.001,0.0015,0.0019,0.0023,0.0032,0.863568,0.00614,0.000434,0.85258,0.85965,0.86345,0.86752,0.87581,0.004889,0.00112,7.9e-5,0.0028,0.0041,0.0049,0.0056,0.007,0.868456,0.00579,0.000409,0.85679,0.8644,0.86865,0.87232,0.8798
22.5,0.131483,0.00579,0.000409,0.1201,0.1276,0.1313,0.13552,0.14311,0.000297,0.00019,1.3e-5,0.0,0.0002,0.0003,0.0004,0.0007,0.000478,0.00023,1.6e-5,0.0001,0.0003,0.0005,0.0006,0.001,0.000697,0.00028,1.9e-5,0.0002,0.0005,0.0007,0.0009,0.0012,0.00115,0.00038,2.7e-5,0.0005,0.0009,0.0011,0.0014,0.0019,0.001726,0.00053,3.7e-5,0.0008,0.00138,0.0017,0.002,0.0028,0.864168,0.0061,0.000431,0.85319,0.8601,0.8642,0.868,0.87621,0.004348,0.00106,7.5e-5,0.0024,0.0036,0.0043,0.0051,0.0063,0.868516,0.00579,0.000409,0.85689,0.86448,0.8687,0.8724,0.8799
22.75,0.13143,0.00578,0.000409,0.1201,0.12758,0.1312,0.1355,0.14311,0.000269,0.00017,1.2e-5,0.0,0.0002,0.0002,0.0004,0.0006,0.000425,0.00022,1.5e-5,0.0001,0.0003,0.0004,0.0006,0.0009,0.000633,0.00027,1.9e-5,0.0002,0.0004,0.0006,0.0008,0.0012,0.001011,0.00036,2.6e-5,0.0004,0.0008,0.001,0.0012,0.0018,0.001552,0.00052,3.7e-5,0.0007,0.0012,0.0015,0.0019,0.0027,0.86468,0.00604,0.000427,0.8537,0.8606,0.8647,0.86842,0.87661,0.00389,0.00099,7.0e-5,0.0021,0.00318,0.0039,0.0045,0.00561,0.86857,0.00578,0.000409,0.85689,0.8645,0.8688,0.87242,0.8799
23.0,0.131383,0.00577,0.000408,0.12,0.1275,0.13115,0.13543,0.14311,0.000239,0.00018,1.2e-5,0.0,0.0001,0.0002,0.0003,0.0006,0.000382,0.00021,1.5e-5,0.0,0.0002,0.0004,0.0005,0.0008,0.000566,0.00026,1.8e-5,0.0001,0.0004,0.0005,0.0007,0.0011,0.000893,0.00035,2.5e-5,0.0003,0.00067,0.0009,0.0011,0.00151,0.001414,0.00048,3.4e-5,0.0005,0.0011,0.0014,0.0017,0.0024,0.865123,0.00601,0.000425,0.854,0.86095,0.8652,0.86892,0.87711,0.003494,0.00091,6.4e-5,0.0018,0.0028,0.0035,0.0041,0.00521,0.868617,0.00577,0.000408,0.85689,0.86458,0.86885,0.8725,0.88
23.25,0.13134,0.00577,0.000408,0.12,0.12748,0.13105,0.13532,0.14311,0.000206,0.00016,1.2e-5,0.0,0.0001,0.0002,0.0003,0.0006,0.000352,0.0002,1.4e-5,0.0,0.0002,0.0003,0.0005,0.0008,0.000524,0.00025,1.8e-5,0.0001,0.0003,0.0005,0.0007,0.001,0.000764,0.00031,2.2e-5,0.0003,0.0005,0.0008,0.001,0.0015,0.001252,0.00043,3.0e-5,0.0005,0.001,0.0012,0.0016,0.002,0.865562,0.00597,0.000422,0.8545,0.86152,0.8658,0.86932,0.8777,0.003097,0.00084,5.9e-5,0.0016,0.0025,0.0031,0.0037,0.0047,0.868659,0.00577,0.000408,0.85689,0.86468,0.86895,0.87252,0.88
23.5,0.131304,0.00577,0.000408,0.12,0.1274,0.13105,0.13532,0.14311,0.000177,0.00015,1.1e-5,0.0,0.0001,0.0001,0.0003,0.0005,0.000322,0.0002,1.4e-5,0.0,0.0002,0.0003,0.00042,0.0007,0.000458,0.00021,1.5e-5,0.0001,0.0003,0.00045,0.0006,0.0009,0.000695,0.00029,2.1e-5,0.0001,0.0005,0.0007,0.0009,0.0012,0.001116,0.0004,2.8e-5,0.0004,0.0008,0.0011,0.0014,0.0019,0.865928,0.00597,0.000422,0.85479,0.8617,0.86615,0.86953,0.8781,0.002767,0.00079,5.6e-5,0.0014,0.0022,0.0028,0.00332,0.0043,0.868695,0.00577,0.000408,0.85689,0.86468,0.86895,0.8726,0.88
23.75,0.131267,0.00577,0.000408,0.12,0.1274,0.131,0.13532,0.14301,0.000159,0.00014,1.0e-5,0.0,0.0,0.0001,0.0002,0.0005,0.000275,0.00019,1.3e-5,0.0,0.0001,0.0003,0.0004,0.0006,0.000427,0.00021,1.5e-5,0.0001,0.0003,0.0004,0.0006,0.0008,0.000612,0.00027,1.9e-5,0.0002,0.0004,0.0006,0.0008,0.0012,0.00099,0.00037,2.6e-5,0.0004,0.0007,0.00095,0.00122,0.0017,0.86627,0.00595,0.00042,0.8549,0.86208,0.86645,0.86992,0.87821,0.002463,0.00072,5.1e-5,0.0013,0.0019,0.0024,0.0031,0.0039,0.868732,0.00577,0.000408,0.85699,0.86468,0.869,0.8726,0.88
24.0,0.131242,0.00576,0.000407,0.12,0.1274,0.13095,0.13525,0.14301,0.000142,0.00013,9.0e-6,0.0,0.0001,0.0001,0.0002,0.0005,0.000235,0.00017,1.2e-5,0.0,0.0001,0.0002,0.0003,0.0006,0.000366,0.00021,1.5e-5,0.0,0.0002,0.0003,0.0005,0.0008,0.000564,0.00027,1.9e-5,0.0002,0.0004,0.0005,0.0007,0.0013,0.00087,0.00033,2.3e-5,0.0003,0.0006,0.0008,0.0011,0.0016,0.866581,0.00593,0.000419,0.85509,0.86238,0.86675,0.8704,0.87831,0.002178,0.00066,4.7e-5,0.0011,0.0017,0.0021,0.0026,0.0037,0.868758,0.00576,0.000407,0.85699,0.86475,0.86905,0.8726,0.88
24.25,0.131212,0.00576,0.000407,0.12,0.12738,0.13095,0.13525,0.14301,0.000125,0.00012,8.0e-6,0.0,0.0,0.0001,0.0002,0.0004,0.000209,0.00016,1.1e-5,0.0,0.0001,0.0002,0.0003,0.0005,0.000334,0.0002,1.4e-5,0.0,0.0002,0.0003,0.0005,0.0008,0.000487,0.00024,1.7e-5,0.0001,0.0003,0.0005,0.0006,0.001,0.000791,0.00031,2.2e-5,0.0002,0.0006,0.0008,0.001,0.0014,0.866842,0.00591,0.000418,0.8552,0.8627,0.867,0.87062,0.87841,0.001946,0.00061,4.3e-5,0.0009,0.0015,0.0019,0.0024,0.0032,0.868787,0.00576,0.000407,0.85699,0.86475,0.86905,0.87262,0.88
24.5,0.131184,0.00576,0.000407,0.1199,0.12738,0.1309,0.13512,0.14301,0.000112,0.00011,8.0e-6,0.0,0.0,0.0001,0.0002,0.0004,0.00018,0.00013,9.0e-6,0.0,0.0001,0.0002,0.0003,0.0005,0.000301,0.0002,1.4e-5,0.0,0.0002,0.0002,0.0004,0.0008,0.000436,0.00023,1.6e-5,0.0001,0.0003,0.0004,0.0006,0.0009,0.000712,0.00029,2.1e-5,0.0002,0.0005,0.0007,0.0009,0.0013,0.867073,0.0059,0.000417,0.8555,0.86298,0.8673,0.87092,0.87861,0.001742,0.00058,4.1e-5,0.0007,0.00138,0.0017,0.00213,0.0029,0.868816,0.00576,0.000407,0.85699,0.86488,0.8691,0.87262,0.8801
24.75,0.131163,0.00576,0.000407,0.1199,0.12738,0.13085,0.13512,0.14301,0.000101,0.00011,8.0e-6,0.0,0.0,0.0001,0.0001,0.0004,0.000162,0.00012,8.0e-6,0.0,0.0001,0.0002,0.0002,0.0004,0.000248,0.00019,1.3e-5,0.0,0.0001,0.0002,0.0004,0.0007,0.000429,0.00023,1.6e-5,0.0001,0.0003,0.0004,0.0006,0.0009,0.000612,0.00028,2.0e-5,0.0001,0.0004,0.0006,0.0008,0.0012,0.867284,0.00588,0.000416,0.8556,0.86318,0.86745,0.8712,0.8788,0.001552,0.00055,3.9e-5,0.0006,0.0012,0.0015,0.002,0.0027,0.868836,0.00576,0.000407,0.85699,0.86488,0.86915,0.87262,0.8801
25.0,0.131145,0.00576,0.000407,0.1199,0.12738,0.13085,0.13512,0.14301,8.7e-5,9.0e-5,6.0e-6,0.0,0.0,0.0001,0.0001,0.0003,0.000146,0.00012,9.0e-6,0.0,8.0e-5,0.0001,0.0002,0.0004,0.000218,0.00016,1.2e-5,0.0,0.0001,0.0002,0.0003,0.0006,0.000383,0.00021,1.5e-5,0.0001,0.0002,0.0004,0.0005,0.0008,0.000552,0.00026,1.8e-5,0.0001,0.0004,0.0005,0.0007,0.0011,0.867469,0.00587,0.000415,0.8557,0.86338,0.86765,0.8713,0.87892,0.001386,0.00051,3.6e-5,0.0005,0.001,0.0014,0.00172,0.0024,0.868855,0.00576,0.000407,0.85699,0.86488,0.86915,0.87262,0.8801
25.25,0.13113,0.00575,0.000407,0.1199,0.1273,0.13085,0.13512,0.14291,8.0e-5,9.0e-5,6.0e-6,0.0,0.0,0.0001,0.0001,0.0003,0.000122,0.00012,8.0e-6,0.0,0.0,0.0001,0.0002,0.0004,0.000198,0.00014,1.0e-5,0.0,0.0001,0.0002,0.0003,0.0005,0.000343,0.00021,1.5e-5,0.0,0.0002,0.0003,0.0005,0.0008,0.000487,0.00025,1.8e-5,0.0001,0.0003,0.0005,0.0006,0.001,0.86764,0.00585,0.000414,0.856,0.8636,0.86775,0.8714,0.87901,0.00123,0.00048,3.4e-5,0.0004,0.0009,0.0012,0.0016,0.0023,0.86887,0.00575,0.000407,0.85709,0.86488,0.86915,0.8727,0.8801
25.5,0.131116,0.00575,0.000407,0.1199,0.1273,0.1308,0.13512,0.14291,7.4e-5,9.0e-5,6.0e-6,0.0,0.0,0.0001,0.0001,0.0003,0.000106,0.00012,8.0e-6,0.0,0.0,0.0001,0.0002,0.0004,0.00017,0.00013,9.0e-6,0.0,0.0001,0.0002,0.0002,0.0005,0.000298,0.00019,1.3e-5,0.0,0.0002,0.0003,0.0004,0.0007,0.00046,0.00023,1.6e-5,0.0001,0.0003,0.0004,0.0006,0.0009,0.867775,0.00584,0.000413,0.856,0.86368,0.86785,0.87152,0.87912,0.001109,0.00046,3.2e-5,0.0003,0.0008,0.001,0.0015,0.0021,0.868884,0.00575,0.000407,0.85709,0.86488,0.8692,0.8727,0.8801
25.75,0.131101,0.00575,0.000407,0.1199,0.12725,0.13075,0.13512,0.14291,6.3e-5,8.0e-5,6.0e-6,0.0,0.0,0.0,0.0001,0.0003,0.000101,0.00012,8.0e-6,0.0,0.0,0.0001,0.00012,0.0004,0.00015,0.00012,9.0e-6,0.0,0.0001,0.0001,0.0002,0.0004,0.00027,0.00019,1.4e-5,0.0,0.0001,0.0002,0.0004,0.0007,0.000405,0.00021,1.5e-5,0.0,0.0003,0.0004,0.0005,0.0009,0.867911,0.00584,0.000413,0.8561,0.86388,0.86795,0.8717,0.87932,0.000988,0.00043,3.0e-5,0.0003,0.0007,0.0009,0.0013,0.0019,0.868899,0.00575,0.000407,0.85709,0.86488,0.86925,0.87275,0.8801
26.0,0.131086,0.00575,0.000407,0.1199,0.12725,0.1307,0.13512,0.14291,5.4e-5,8.0e-5,6.0e-6,0.0,0.0,0.0,0.0001,0.0002,9.6e-5,0.00011,8.0e-6,0.0,0.0,0.0001,0.0001,0.0004,0.000138,0.00013,9.0e-6,0.0,0.0,0.0001,0.0002,0.0004,0.000229,0.00017,1.2e-5,0.0,0.0001,0.0002,0.0003,0.0006,0.000357,0.00021,1.5e-5,0.0,0.0002,0.0003,0.0005,0.0008,0.868038,0.00584,0.000413,0.8562,0.864,0.8682,0.8719,0.87941,0.000876,0.0004,2.8e-5,0.0002,0.0006,0.0008,0.0011,0.0017,0.868914,0.00575,0.000407,0.85709,0.86488,0.8693,0.87275,0.8801
26.25,0.131078,0.00575,0.000406,0.1199,0.1271,0.1307,0.13512,0.14281,4.6e-5,7.0e-5,5.0e-6,0.0,0.0,0.0,0.0001,0.0002,8.7e-5,0.0001,7.0e-6,0.0,0.0,0.0001,0.0001,0.0003,0.000124,0.00012,9.0e-6,0.0,0.0,0.0001,0.0002,0.0004,0.000193,0.00015,1.1e-5,0.0,0.0001,0.0002,0.0003,0.0005,0.000325,0.00019,1.3e-5,0.0,0.0002,0.0003,0.0004,0.0008,0.868147,0.00583,0.000412,0.8563,0.8641,0.8683,0.87202,0.87951,0.000775,0.00036,2.5e-5,0.0001,0.0005,0.0007,0.001,0.0015,0.868922,0.00575,0.000406,0.85719,0.86488,0.8693,0.8729,0.8801
26.5,0.131064,0.00575,0.000406,0.1199,0.1271,0.13065,0.13512,0.14281,4.6e-5,7.0e-5,5.0e-6,0.0,0.0,0.0,0.0001,0.0002,7.8e-5,0.0001,7.0e-6,0.0,0.0,0.0,0.0001,0.0003,0.000109,0.00011,8.0e-6,0.0,0.0,0.0001,0.0002,0.0004,0.000175,0.00014,1.0e-5,0.0,0.0001,0.0002,0.0003,0.0005,0.000294,0.00019,1.4e-5,0.0,0.0002,0.0003,0.0004,0.0007,0.868237,0.00582,0.000411,0.8564,0.8642,0.8684,0.87212,0.8797,0.0007,0.00036,2.5e-5,0.0001,0.0004,0.0006,0.0009,0.0015,0.868936,0.00575,0.000406,0.85719,0.86488,0.86935,0.8729,0.8801
26.75,0.131057,0.00575,0.000407,0.1199,0.1271,0.13065,0.13512,0.14281,3.9e-5,6.0e-5,5.0e-6,0.0,0.0,0.0,0.0001,0.0002,6.8e-5,9.0e-5,6.0e-6,0.0,0.0,0.0,0.0001,0.0003,0.000101,0.00012,8.0e-6,0.0,0.0,0.0001,0.0002,0.0004,0.000146,0.00012,9.0e-6,0.0,8.0e-5,0.0001,0.0002,0.0004,0.000267,0.00018,1.3e-5,0.0,0.0001,0.0002,0.0004,0.0007,0.868322,0.00581,0.000411,0.85659,0.86427,0.86855,0.87222,0.8797,0.000621,0.00033,2.3e-5,0.0001,0.0004,0.0006,0.0008,0.0013,0.868943,0.00575,0.000407,0.85719,0.86488,0.86935,0.8729,0.8801
27.0,0.131046,0.00575,0.000407,0.1199,0.1271,0.13065,0.13512,0.14281,4.2e-5,7.0e-5,5.0e-6,0.0,0.0,0.0,0.0001,0.0002,5.5e-5,9.0e-5,6.0e-6,0.0,0.0,0.0,0.0001,0.0002,9.4e-5,0.00011,8.0e-6,0.0,0.0,0.0001,0.00012,0.0004,0.000126,0.00012,8.0e-6,0.0,0.0,0.0001,0.0002,0.0004,0.000249,0.00018,1.3e-5,0.0,0.0001,0.0002,0.0003,0.0007,0.86839,0.0058,0.00041,0.85659,0.86427,0.86865,0.87222,0.8797,0.000565,0.00031,2.2e-5,0.0001,0.00038,0.0005,0.0007,0.0013,0.868954,0.00575,0.000407,0.85719,0.86488,0.86935,0.8729,0.8801
27.25,0.131044,0.00575,0.000407,0.1199,0.1271,0.13065,0.13512,0.14281,3.4e-5,6.0e-5,4.0e-6,0.0,0.0,0.0,0.0001,0.0002,4.5e-5,8.0e-5,6.0e-6,0.0,0.0,0.0,0.0001,0.0002,8.6e-5,0.00011,8.0e-6,0.0,0.0,0.0001,0.0001,0.0004,0.000118,0.00012,8.0e-6,0.0,0.0,0.0001,0.0002,0.0004,0.000222,0.00016,1.1e-5,0.0,0.0001,0.0002,0.0003,0.0006,0.868452,0.00579,0.000409,0.85669,0.8644,0.86875,0.87232,0.8799,0.000504,0.00028,2.0e-5,0.0,0.0003,0.0005,0.0007,0.0011,0.868956,0.00575,0.000407,0.85719,0.86488,0.86935,0.8729,0.8801
27.5,0.131038,0.00575,0.000407,0.1199,0.1271,0.13065,0.13512,0.14281,2.9e-5,6.0e-5,4.0e-6,0.0,0.0,0.0,0.0,0.0002,4.6e-5,8.0e-5,6.0e-6,0.0,0.0,0.0,0.0001,0.0002,7.3e-5,0.00011,8.0e-6,0.0,0.0,0.0,0.0001,0.0004,0.000108,0.00011,8.0e-6,0.0,0.0,0.0001,0.0002,0.0003,0.000196,0.00015,1.1e-5,0.0,0.0001,0.0002,0.0003,0.0005,0.868512,0.00578,0.000409,0.85679,0.8644,0.86885,0.87232,0.8799,0.00045,0.00026,1.9e-5,0.0,0.0003,0.0004,0.0006,0.001,0.868962,0.00575,0.000407,0.85719,0.86488,0.86935,0.8729,0.8801
27.75,0.131032,0.00576,0.000407,0.1199,0.1271,0.13065,0.13512,0.14281,2.2e-5,5.0e-5,4.0e-6,0.0,0.0,0.0,0.0,0.0002,4.7e-5,9.0e-5,6.0e-6,0.0,0.0,0.0,0.0001,0.0003,5.8e-5,0.0001,7.0e-6,0.0,0.0,0.0,0.0001,0.0003,0.000101,0.00011,8.0e-6,0.0,0.0,0.0001,0.0002,0.0004,0.000167,0.00014,1.0e-5,0.0,0.0001,0.0001,0.0002,0.0005,0.868571,0.00577,0.000408,0.85689,0.8645,0.86885,0.8725,0.8799,0.000396,0.00025,1.8e-5,0.0,0.0002,0.0004,0.0005,0.001,0.868968,0.00576,0.000407,0.85719,0.86488,0.86935,0.8729,0.8801
28.0,0.131028,0.00575,0.000407,0.1199,0.1271,0.13065,0.13512,0.14281,2.2e-5,5.0e-5,4.0e-6,0.0,0.0,0.0,0.0,0.0002,4.2e-5,8.0e-5,5.0e-6,0.0,0.0,0.0,0.0001,0.0002,5.0e-5,8.0e-5,5.0e-6,0.0,0.0,0.0,0.0001,0.0003,9.4e-5,0.0001,7.0e-6,0.0,0.0,0.0001,0.0001,0.0003,0.000147,0.00014,1.0e-5,0.0,0.0,0.0001,0.0002,0.0004,0.868619,0.00577,0.000408,0.85689,0.8646,0.8689,0.87252,0.8799,0.000353,0.00025,1.7e-5,0.0,0.0002,0.0003,0.0005,0.001,0.868972,0.00575,0.000407,0.85719,0.86488,0.86935,0.8729,0.8801
28.25,0.131025,0.00575,0.000407,0.1199,0.1271,0.13065,0.13512,0.14281,1.9e-5,5.0e-5,3.0e-6,0.0,0.0,0.0,0.0,0.0001,3.6e-5,7.0e-5,5.0e-6,0.0,0.0,0.0,0.0001,0.0002,4.7e-5,8.0e-5,5.0e-6,0.0,0.0,0.0,0.0001,0.0003,7.8e-5,9.0e-5,7.0e-6,0.0,0.0,0.0001,0.0001,0.0003,0.000138,0.00013,9.0e-6,0.0,0.0,0.0001,0.0002,0.0004,0.868659,0.00577,0.000408,0.85689,0.86468,0.8689,0.87252,0.8799,0.000317,0.00024,1.7e-5,0.0,0.0001,0.0003,0.0004,0.0009,0.868976,0.00575,0.000407,0.85719,0.86488,0.86935,0.8729,0.8801
28.5,0.131021,0.00575,0.000407,0.1199,0.1271,0.13065,0.1351,0.14281,1.9e-5,5.0e-5,4.0e-6,0.0,0.0,0.0,0.0,0.0001,2.6e-5,5.0e-5,4.0e-6,0.0,0.0,0.0,0.0,0.0002,4.4e-5,8.0e-5,6.0e-6,0.0,0.0,0.0,0.0001,0.0003,6.8e-5,8.0e-5,6.0e-6,0.0,0.0,0.0,0.0001,0.0003,0.000119,0.00012,8.0e-6,0.0,0.0,0.0001,0.0002,0.0004,0.868702,0.00576,0.000408,0.8569,0.8647,0.86895,0.8726,0.88,0.000277,0.00022,1.6e-5,0.0,0.0001,0.0002,0.0004,0.0008,0.868979,0.00575,0.000407,0.85719,0.8649,0.86935,0.8729,0.8801
28.75,0.131019,0.00575,0.000407,0.1199,0.1271,0.1306,0.1351,0.14281,1.4e-5,4.0e-5,3.0e-6,0.0,0.0,0.0,0.0,0.0001,1.9e-5,5.0e-5,3.0e-6,0.0,0.0,0.0,0.0,0.0001,4.4e-5,7.0e-5,5.0e-6,0.0,0.0,0.0,0.0001,0.0002,5.8e-5,8.0e-5,6.0e-6,0.0,0.0,0.0,0.0001,0.0002,0.000104,0.00011,8.0e-6,0.0,0.0,0.0001,0.0002,0.0004,0.868741,0.00577,0.000408,0.8569,0.86478,0.86915,0.8727,0.88,0.00024,0.0002,1.4e-5,0.0,0.0001,0.0002,0.0003,0.0007,0.868982,0.00575,0.000407,0.85719,0.8649,0.8694,0.8729,0.8801
29.0,0.131014,0.00575,0.000407,0.1199,0.1271,0.1306,0.1351,0.14271,1.4e-5,4.0e-5,3.0e-6,0.0,0.0,0.0,0.0,0.0001,1.8e-5,5.0e-5,3.0e-6,0.0,0.0,0.0,0.0,0.0001,4.0e-5,7.0e-5,5.0e-6,0.0,0.0,0.0,0.0001,0.0002,5.3e-5,8.0e-5,5.0e-6,0.0,0.0,0.0,0.0001,0.0002,8.8e-5,0.0001,7.0e-6,0.0,0.0,0.0001,0.0001,0.0003,0.868774,0.00576,0.000407,0.85699,0.8648,0.86915,0.8727,0.88,0.000212,0.0002,1.4e-5,0.0,0.0001,0.0002,0.0003,0.00071,0.868986,0.00575,0.000407,0.85729,0.8649,0.8694,0.8729,0.8801
29.25,0.13101,0.00576,0.000407,0.1199,0.1271,0.13055,0.1351,0.14271,1.2e-5,4.0e-5,3.0e-6,0.0,0.0,0.0,0.0,0.0001,1.9e-5,5.0e-5,4.0e-6,0.0,0.0,0.0,0.0,0.0001,3.4e-5,6.0e-5,5.0e-6,0.0,0.0,0.0,0.0001,0.0002,4.6e-5,7.0e-5,5.0e-6,0.0,0.0,0.0,0.0001,0.0002,8.0e-5,0.0001,7.0e-6,0.0,0.0,0.0001,0.0001,0.0003,0.868798,0.00576,0.000407,0.85699,0.86488,0.86915,0.8727,0.88,0.000191,0.00019,1.4e-5,0.0,0.0001,0.0001,0.0003,0.0007,0.86899,0.00576,0.000407,0.85729,0.8649,0.86945,0.8729,0.8801
29.5,0.13101,0.00576,0.000407,0.1199,0.1271,0.13055,0.1351,0.14271,8.0e-6,3.0e-5,2.0e-6,0.0,0.0,0.0,0.0,0.0001,1.8e-5,5.0e-5,3.0e-6,0.0,0.0,0.0,0.0,0.0001,3.0e-5,6.0e-5,4.0e-6,0.0,0.0,0.0,0.0001,0.0002,4.0e-5,7.0e-5,5.0e-6,0.0,0.0,0.0,0.0001,0.0002,7.4e-5,9.0e-5,7.0e-6,0.0,0.0,0.0001,0.0001,0.0003,0.868821,0.00576,0.000407,0.85709,0.86488,0.86915,0.87272,0.88,0.00017,0.00018,1.3e-5,0.0,0.0,0.0001,0.0003,0.0007,0.868991,0.00576,0.000407,0.85729,0.8649,0.86945,0.8729,0.8801
29.75,0.131006,0.00575,0.000407,0.1199,0.1271,0.13055,0.1351,0.14271,8.0e-6,3.0e-5,2.0e-6,0.0,0.0,0.0,0.0,0.0001,1.8e-5,5.0e-5,3.0e-6,0.0,0.0,0.0,0.0,0.0002,2.4e-5,5.0e-5,3.0e-6,0.0,0.0,0.0,0.0,0.0001,3.7e-5,6.0e-5,4.0e-6,0.0,0.0,0.0,0.0001,0.0002,6.4e-5,9.0e-5,6.0e-6,0.0,0.0,0.0,0.0001,0.0003,0.868843,0.00576,0.000407,0.85709,0.86488,0.8692,0.87272,0.88,0.00015,0.00017,1.2e-5,0.0,0.0,0.0001,0.0002,0.0006,0.868994,0.00575,0.000407,0.85729,0.8649,0.86945,0.8729,0.8801
30.0,0.131005,0.00575,0.000407,0.1199,0.1271,0.13055,0.1351,0.14271,7.0e-6,2.0e-5,2.0e-6,0.0,0.0,0.0,0.0,0.0001,1.3e-5,4.0e-5,3.0e-6,0.0,0.0,0.0,0.0,0.0001,2.5e-5,5.0e-5,4.0e-6,0.0,0.0,0.0,0.0,0.0002,3.2e-5,6.0e-5,4.0e-6,0.0,0.0,0.0,0.0001,0.0002,5.5e-5,8.0e-5,6.0e-6,0.0,0.0,0.0,0.0001,0.0002,0.868863,0.00576,0.000407,0.85709,0.86488,0.8692,0.87272,0.88,0.000132,0.00015,1.1e-5,0.0,0.0,0.0001,0.0002,0.0005,0.868995,0.00575,0.000407,0.85729,0.8649,0.86945,0.8729,0.8801
30.25,0.131004,0.00576,0.000407,0.1199,0.1271,0.1305,0.1351,0.14271,7.0e-6,3.0e-5,2.0e-6,0.0,0.0,0.0,0.0,0.0001,1.0e-5,4.0e-5,3.0e-6,0.0,0.0,0.0,0.0,0.0001,1.9e-5,5.0e-5,3.0e-6,0.0,0.0,0.0,0.0,0.0001,3.4e-5,6.0e-5,5.0e-6,0.0,0.0,0.0,0.0001,0.0002,4.9e-5,7.0e-5,5.0e-6,0.0,0.0,0.0,0.0001,0.0002,0.868878,0.00575,0.000407,0.85719,0.86488,0.8692,0.87275,0.88,0.000118,0.00014,1.0e-5,0.0,0.0,0.0001,0.0002,0.0005,0.868997,0.00576,0.000407,0.85729,0.8649,0.8695,0.8729,0.8801
30.5,0.131002,0.00575,0.000407,0.1199,0.1271,0.1305,0.1351,0.14271,8.0e-6,3.0e-5,2.0e-6,0.0,0.0,0.0,0.0,0.0001,1.0e-5,4.0e-5,3.0e-6,0.0,0.0,0.0,0.0,0.0001,1.3e-5,4.0e-5,3.0e-6,0.0,0.0,0.0,0.0,0.0001,3.2e-5,6.0e-5,4.0e-6,0.0,0.0,0.0,0.0001,0.0002,4.1e-5,7.0e-5,5.0e-6,0.0,0.0,0.0,0.0001,0.0002,0.868895,0.00575,0.000407,0.85719,0.86488,0.8692,0.87275,0.88,0.000103,0.00013,9.0e-6,0.0,0.0,0.0001,0.0001,0.0004,0.868999,0.00575,0.000407,0.85729,0.8649,0.8695,0.8729,0.8801
30.75,0.131,0.00576,0.000407,0.1199,0.1271,0.1305,0.1351,0.14271,8.0e-6,3.0e-5,2.0e-6,0.0,0.0,0.0,0.0,0.0001,8.0e-6,3.0e-5,2.0e-6,0.0,0.0,0.0,0.0,0.0001,1.1e-5,4.0e-5,3.0e-6,0.0,0.0,0.0,0.0,0.0001,2.4e-5,5.0e-5,4.0e-6,0.0,0.0,0.0,0.0,0.0001,4.2e-5,7.0e-5,5.0e-6,0.0,0.0,0.0,0.0001,0.0002,0.868906,0.00575,0.000407,0.85719,0.86488,0.8692,0.87275,0.88,9.4e-5,0.00013,9.0e-6,0.0,0.0,0.0001,0.0001,0.0004,0.869,0.00576,0.000407,0.85729,0.8649,0.8695,0.8729,0.8801
31.0,0.131,0.00576,0.000407,0.1199,0.1271,0.1305,0.1351,0.14271,5.0e-6,2.0e-5,2.0e-6,0.0,0.0,0.0,0.0,0.0001,8.0e-6,3.0e-5,2.0e-6,0.0,0.0,0.0,0.0,0.0001,1.1e-5,4.0e-5,3.0e-6,0.0,0.0,0.0,0.0,0.0001,2.2e-5,5.0e-5,4.0e-6,0.0,0.0,0.0,0.0,0.0001,3.7e-5,6.0e-5,5.0e-6,0.0,0.0,0.0,0.0001,0.0002,0.868917,0.00575,0.000407,0.85729,0.86488,0.8692,0.87275,0.88,8.2e-5,0.00012,9.0e-6,0.0,0.0,0.0,0.0001,0.0003,0.869,0.00576,0.000407,0.85729,0.8649,0.8695,0.8729,0.8801
31.25,0.131,0.00576,0.000407,0.1199,0.1271,0.1305,0.1351,0.14271,4.0e-6,2.0e-5,1.0e-6,0.0,0.0,0.0,0.0,0.0001,8.0e-6,3.0e-5,2.0e-6,0.0,0.0,0.0,0.0,0.0001,9.0e-6,4.0e-5,3.0e-6,0.0,0.0,0.0,0.0,0.0001,1.8e-5,4.0e-5,3.0e-6,0.0,0.0,0.0,0.0,0.0001,3.3e-5,6.0e-5,4.0e-6,0.0,0.0,0.0,0.0001,0.0002,0.868927,0.00575,0.000407,0.85729,0.8649,0.86925,0.87275,0.8801,7.2e-5,0.00011,8.0e-6,0.0,0.0,0.0,0.0001,0.0003,0.869,0.00576,0.000407,0.85729,0.8649,0.8695,0.8729,0.8801
31.5,0.130999,0.00576,0.000407,0.1199,0.1271,0.1305,0.1351,0.14271,4.0e-6,2.0e-5,1.0e-6,0.0,0.0,0.0,0.0,0.0001,8.0e-6,3.0e-5,2.0e-6,0.0,0.0,0.0,0.0,0.0001,8.0e-6,3.0e-5,2.0e-6,0.0,0.0,0.0,0.0,0.0001,1.6e-5,5.0e-5,3.0e-6,0.0,0.0,0.0,0.0,0.0002,2.8e-5,6.0e-5,4.0e-6,0.0,0.0,0.0,0.0,0.0002,0.868938,0.00575,0.000407,0.85729,0.8649,0.86935,0.87275,0.8801,6.3e-5,0.0001,7.0e-6,0.0,0.0,0.0,0.0001,0.0003,0.869001,0.00576,0.000407,0.85729,0.8649,0.8695,0.8729,0.8801
31.75,0.130999,0.00576,0.000407,0.1199,0.1271,0.1305,0.1351,0.14271,2.0e-6,1.0e-5,1.0e-6,0.0,0.0,0.0,0.0,0.0,7.0e-6,3.0e-5,2.0e-6,0.0,0.0,0.0,0.0,0.0001,9.0e-6,3.0e-5,2.0e-6,0.0,0.0,0.0,0.0,0.0001,1.5e-5,4.0e-5,3.0e-6,0.0,0.0,0.0,0.0,0.0001,2.2e-5,5.0e-5,4.0e-6,0.0,0.0,0.0,0.0,0.0002,0.868947,0.00575,0.000407,0.85729,0.8649,0.86935,0.87283,0.8801,5.4e-5,9.0e-5,6.0e-6,0.0,0.0,0.0,0.0001,0.0003,0.869001,0.00576,0.000407,0.85729,0.8649,0.8695,0.8729,0.8801
32.0,0.130998,0.00575,0.000407,0.1199,0.1271,0.1305,0.1351,0.14271,3.0e-6,2.0e-5,1.0e-6,0.0,0.0,0.0,0.0,0.0001,4.0e-6,2.0e-5,2.0e-6,0.0,0.0,0.0,0.0,0.0001,9.0e-6,3.0e-5,2.0e-6,0.0,0.0,0.0,0.0,0.0001,1.2e-5,4.0e-5,3.0e-6,0.0,0.0,0.0,0.0,0.0001,2.2e-5,5.0e-5,4.0e-6,0.0,0.0,0.0,0.0,0.0002,0.868952,0.00575,0.000407,0.85729,0.8649,0.86935,0.8729,0.8801,5.0e-5,9.0e-5,6.0e-6,0.0,0.0,0.0,0.0001,0.0003,0.869002,0.00575,0.000407,0.85729,0.8649,0.8695,0.8729,0.8801
32.25,0.130998,0.00575,0.000407,0.1199,0.1271,0.1305,0.1351,0.14271,2.0e-6,1.0e-5,1.0e-6,0.0,0.0,0.0,0.0,0.0,6.0e-6,3.0e-5,2.0e-6,0.0,0.0,0.0,0.0,0.0001,9.0e-6,3.0e-5,2.0e-6,0.0,0.0,0.0,0.0,0.0001,9.0e-6,4.0e-5,3.0e-6,0.0,0.0,0.0,0.0,0.0001,1.8e-5,5.0e-5,3.0e-6,0.0,0.0,0.0,0.0,0.0001,0.868959,0.00575,0.000407,0.85729,0.8649,0.8694,0.8729,0.8801,4.4e-5,8.0e-5,6.0e-6,0.0,0.0,0.0,0.0001,0.0002,0.869002,0.00575,0.000407,0.85729,0.8649,0.8695,0.8729,0.8801
32.5,0.130998,0.00575,0.000407,0.1199,0.1271,0.1305,0.1351,0.14271,1.0e-6,1.0e-5,1.0e-6,0.0,0.0,0.0,0.0,0.0,4.0e-6,3.0e-5,2.0e-6,0.0,0.0,0.0,0.0,0.0001,1.0e-5,4.0e-5,2.0e-6,0.0,0.0,0.0,0.0,0.0001,8.0e-6,3.0e-5,2.0e-6,0.0,0.0,0.0,0.0,0.0001,1.4e-5,4.0e-5,3.0e-6,0.0,0.0,0.0,0.0,0.0001,0.868964,0.00575,0.000407,0.85729,0.8649,0.8694,0.8729,0.8801,3.8e-5,7.0e-5,5.0e-6,0.0,0.0,0.0,0.0001,0.0002,0.869002,0.00575,0.000407,0.85729,0.8649,0.8695,0.8729,0.8801
32.75,0.130997,0.00576,0.000407,0.1199,0.1271,0.1305,0.1351,0.14271,2.0e-6,2.0e-5,1.0e-6,0.0,0.0,0.0,0.0,0.0,2.0e-6,2.0e-5,1.0e-6,0.0,0.0,0.0,0.0,0.0,9.0e-6,3.0e-5,2.0e-6,0.0,0.0,0.0,0.0,0.0001,1.0e-5,4.0e-5,3.0e-6,0.0,0.0,0.0,0.0,0.0001,9.0e-6,3.0e-5,2.0e-6,0.0,0.0,0.0,0.0,0.0001,0.868971,0.00575,0.000407,0.85729,0.8649,0.8695,0.8729,0.8801,3.2e-5,8.0e-5,5.0e-6,0.0,0.0,0.0,0.0,0.0002,0.869003,0.00576,0.000407,0.85729,0.8649,0.8695,0.8729,0.8801
33.0,0.130996,0.00576,0.000407,0.1199,0.1271,0.1305,0.1351,0.14271,2.0e-6,1.0e-5,1.0e-6,0.0,0.0,0.0,0.0,0.0,2.0e-6,2.0e-5,1.0e-6,0.0,0.0,0.0,0.0,0.0,8.0e-6,3.0e-5,2.0e-6,0.0,0.0,0.0,0.0,0.0001,1.0e-5,3.0e-5,2.0e-6,0.0,0.0,0.0,0.0,0.0001,9.0e-6,3.0e-5,2.0e-6,0.0,0.0,0.0,0.0,0.0001,0.868974,0.00575,0.000407,0.85729,0.8649,0.8695,0.8729,0.8801,3.1e-5,7.0e-5,5.0e-6,0.0,0.0,0.0,0.0,0.0002,0.869004,0.00576,0.000407,0.85729,0.8649,0.8695,0.8729,0.8801
33.25,0.130996,0.00576,0.000407,0.1199,0.1271,0.1305,0.1351,0.14271,1.0e-6,1.0e-5,1.0e-6,0.0,0.0,0.0,0.0,0.0,3.0e-6,2.0e-5,1.0e-6,0.0,0.0,0.0,0.0,0.0,6.0e-6,3.0e-5,2.0e-6,0.0,0.0,0.0,0.0,0.0001,8.0e-6,3.0e-5,2.0e-6,0.0,0.0,0.0,0.0,0.0001,1.0e-5,3.0e-5,2.0e-6,0.0,0.0,0.0,0.0,0.0001,0.868977,0.00575,0.000407,0.85729,0.8649,0.8695,0.8729,0.8801,2.8e-5,6.0e-5,5.0e-6,0.0,0.0,0.0,0.0,0.0002,0.869005,0.00576,0.000407,0.85729,0.8649,0.8695,0.8729,0.8801
33.5,0.130995,0.00576,0.000407,0.1199,0.1271,0.1305,0.1351,0.14271,2.0e-6,1.0e-5,1.0e-6,0.0,0.0,0.0,0.0,0.0,1.0e-6,1.0e-5,1.0e-6,0.0,0.0,0.0,0.0,0.0,5.0e-6,2.0e-5,2.0e-6,0.0,0.0,0.0,0.0,0.0001,9.0e-6,3.0e-5,2.0e-6,0.0,0.0,0.0,0.0,0.0001,1.0e-5,3.0e-5,2.0e-6,0.0,0.0,0.0,0.0,0.0001,0.868979,0.00575,0.000407,0.85729,0.8649,0.8695,0.8729,0.8801,2.7e-5,7.0e-5,5.0e-6,0.0,0.0,0.0,0.0,0.0002,0.869006,0.00576,0.000407,0.85729,0.8649,0.8695,0.8729,0.8801
33.75,0.130995,0.00576,0.000407,0.1199,0.1271,0.1305,0.1351,0.14271,2.0e-6,1.0e-5,1.0e-6,0.0,0.0,0.0,0.0,0.0,1.0e-6,1.0e-5,1.0e-6,0.0,0.0,0.0,0.0,0.0,5.0e-6,2.0e-5,2.0e-6,0.0,0.0,0.0,0.0,0.0001,6.0e-6,2.0e-5,2.0e-6,0.0,0.0,0.0,0.0,0.0001,1.0e-5,3.0e-5,2.0e-6,0.0,0.0,0.0,0.0,0.0001,0.868982,0.00575,0.000407,0.85729,0.8649,0.8695,0.8729,0.8801,2.4e-5,6.0e-5,4.0e-6,0.0,0.0,0.0,0.0,0.0002,0.869006,0.00576,0.000407,0.85729,0.8649,0.8695,0.8729,0.8801
34.0,0.130995,0.00576,0.000407,0.1199,0.1271,0.1305,0.1351,0.14271,1.0e-6,1.0e-5,1.0e-6,0.0,0.0,0.0,0.0,0.0,2.0e-6,2.0e-5,1.0e-6,0.0,0.0,0.0,0.0,0.0,5.0e-6,2.0e-5,2.0e-6,0.0,0.0,0.0,0.0,0.0001,5.0e-6,2.0e-5,2.0e-6,0.0,0.0,0.0,0.0,0.0001,1.0e-5,3.0e-5,2.0e-6,0.0,0.0,0.0,0.0,0.0001,0.868984,0.00575,0.000407,0.85729,0.8649,0.8695,0.8729,0.8801,2.2e-5,6.0e-5,4.0e-6,0.0,0.0,0.0,0.0,0.0002,0.869006,0.00576,0.000407,0.85729,0.8649,0.8695,0.8729,0.8801
34.25,0.130994,0.00576,0.000407,0.1199,0.1271,0.1305,0.1351,0.14271,1.0e-6,1.0e-5,1.0e-6,0.0,0.0,0.0,0.0,0.0,1.0e-6,1.0e-5,1.0e-6,0.0,0.0,0.0,0.0,0.0,4.0e-6,3.0e-5,2.0e-6,0.0,0.0,0.0,0.0,0.0001,4.0e-6,2.0e-5,2.0e-6,0.0,0.0,0.0,0.0,0.0001,8.0e-6,3.0e-5,2.0e-6,0.0,0.0,0.0,0.0,0.0001,0.868987,0.00575,0.000407,0.85729,0.8649,0.8695,0.8729,0.8801,2.0e-5,5.0e-5,4.0e-6,0.0,0.0,0.0,0.0,0.0002,0.869006,0.00576,0.000407,0.85729,0.8649,0.8695,0.8729,0.8801
34.5,0.130994,0.00576,0.000407,0.1199,0.1271,0.1305,0.1351,0.14271,2.0e-6,1.0e-5,1.0e-6,0.0,0.0,0.0,0.0,0.0,1.0e-6,1.0e-5,1.0e-6,0.0,0.0,0.0,0.0,0.0,4.0e-6,2.0e-5,2.0e-6,0.0,0.0,0.0,0.0,0.0,3.0e-6,2.0e-5,1.0e-6,0.0,0.0,0.0,0.0,0.0001,1.0e-5,3.0e-5,2.0e-6,0.0,0.0,0.0,0.0,0.0001,0.868988,0.00575,0.000407,0.85729,0.8649,0.8695,0.8729,0.8801,1.9e-5,5.0e-5,4.0e-6,0.0,0.0,0.0,0.0,0.0002,0.869007,0.00576,0.000407,0.85729,0.8649,0.8695,0.8729,0.8801
34.75,0.130994,0.00576,0.000407,0.1199,0.1271,0.1305,0.1351,0.14271,2.0e-6,1.0e-5,1.0e-6,0.0,0.0,0.0,0.0,0.0,0.0,1.0e-5,1.0e-6,0.0,0.0,0.0,0.0,0.0,3.0e-6,2.0e-5,1.0e-6,0.0,0.0,0.0,0.0,0.0,2.0e-6,2.0e-5,1.0e-6,0.0,0.0,0.0,0.0,0.0,8.0e-6,3.0e-5,2.0e-6,0.0,0.0,0.0,0.0,0.0001,0.868992,0.00575,0.000407,0.85729,0.8649,0.8695,0.8729,0.8801,1.5e-5,5.0e-5,3.0e-6,0.0,0.0,0.0,0.0,0.0002,0.869007,0.00576,0.000407,0.85729,0.8649,0.8695,0.8729,0.8801
35.0,0.130994,0.00576,0.000407,0.1199,0.1271,0.1305,0.1351,0.14271,0.0,1.0e-5,1.0e-6,0.0,0.0,0.0,0.0,0.0,1.0e-6,1.0e-5,1.0e-6,0.0,0.0,0.0,0.0,0.0,2.0e-6,2.0e-5,1.0e-6,0.0,0.0,0.0,0.0,0.0,2.0e-6,1.0e-5,1.0e-6,0.0,0.0,0.0,0.0,0.0,5.0e-6,2.0e-5,2.0e-6,0.0,0.0,0.0,0.0,0.0001,0.868996,0.00575,0.000407,0.85729,0.8649,0.8695,0.8729,0.8801,1.1e-5,4.0e-5,3.0e-6,0.0,0.0,0.0,0.0,0.0001,0.869007,0.00576,0.000407,0.85729,0.8649,0.8695,0.8729,0.8801
35.25,0.130993,0.00576,0.000407,0.1199,0.1271,0.1305,0.1351,0.14271,0.0,1.0e-5,1.0e-6,0.0,0.0,0.0,0.0,0.0,2.0e-6,1.0e-5,1.0e-6,0.0,0.0,0.0,0.0,0.0,0.0,1.0e-5,1.0e-6,0.0,0.0,0.0,0.0,0.0,2.0e-6,2.0e-5,1.0e-6,0.0,0.0,0.0,0.0,0.0,4.0e-6,2.0e-5,1.0e-6,0.0,0.0,0.0,0.0,0.0001,0.868998,0.00575,0.000407,0.85729,0.8649,0.8695,0.8729,0.8801,1.0e-5,4.0e-5,3.0e-6,0.0,0.0,0.0,0.0,0.0001,0.869007,0.00576,0.000407,0.85729,0.8649,0.8695,0.8729,0.8801
35.5,0.130993,0.00576,0.000407,0.1199,0.1271,0.1305,0.1351,0.14271,0.0,0.0,0.0,0.0,0.0,0.0,0.0,0.0,1.0e-6,1.0e-5,1.0e-6,0.0,0.0,0.0,0.0,0.0,2.0e-6,1.0e-5,1.0e-6,0.0,0.0,0.0,0.0,0.0,2.0e-6,1.0e-5,1.0e-6,0.0,0.0,0.0,0.0,0.0,4.0e-6,2.0e-5,1.0e-6,0.0,0.0,0.0,0.0,0.0001,0.868999,0.00576,0.000407,0.85729,0.8649,0.8695,0.8729,0.8801,8.0e-6,4.0e-5,3.0e-6,0.0,0.0,0.0,0.0,0.0001,0.869007,0.00576,0.000407,0.85729,0.8649,0.8695,0.8729,0.8801
35.75,0.130993,0.00576,0.000407,0.1199,0.1271,0.1305,0.1351,0.14271,0.0,0.0,0.0,0.0,0.0,0.0,0.0,0.0,1.0e-6,1.0e-5,1.0e-6,0.0,0.0,0.0,0.0,0.0,1.0e-6,1.0e-5,1.0e-6,0.0,0.0,0.0,0.0,0.0,2.0e-6,2.0e-5,1.0e-6,0.0,0.0,0.0,0.0,0.0,4.0e-6,2.0e-5,1.0e-6,0.0,0.0,0.0,0.0,0.0001,0.869,0.00575,0.000407,0.85729,0.8649,0.8695,0.8729,0.8801,7.0e-6,3.0e-5,2.0e-6,0.0,0.0,0.0,0.0,0.0001,0.869007,0.00576,0.000407,0.85729,0.8649,0.8695,0.8729,0.8801
36.0,0.130993,0.00576,0.000407,0.1199,0.1271,0.1305,0.1351,0.14271,0.0,1.0e-5,1.0e-6,0.0,0.0,0.0,0.0,0.0,1.0e-6,1.0e-5,1.0e-6,0.0,0.0,0.0,0.0,0.0,1.0e-6,1.0e-5,1.0e-6,0.0,0.0,0.0,0.0,0.0,1.0e-6,1.0e-5,1.0e-6,0.0,0.0,0.0,0.0,0.0,4.0e-6,2.0e-5,2.0e-6,0.0,0.0,0.0,0.0,0.0001,0.869,0.00575,0.000407,0.85729,0.8649,0.8695,0.8729,0.8801,8.0e-6,4.0e-5,3.0e-6,0.0,0.0,0.0,0.0,0.0001,0.869008,0.00576,0.000407,0.85729,0.8649,0.8695,0.8729,0.8801
36.25,0.130993,0.00576,0.000407,0.1199,0.1271,0.1305,0.1351,0.14271,0.0,1.0e-5,1.0e-6,0.0,0.0,0.0,0.0,0.0,1.0e-6,1.0e-5,1.0e-6,0.0,0.0,0.0,0.0,0.0,1.0e-6,1.0e-5,1.0e-6,0.0,0.0,0.0,0.0,0.0,1.0e-6,1.0e-5,1.0e-6,0.0,0.0,0.0,0.0,0.0,2.0e-6,1.0e-5,1.0e-6,0.0,0.0,0.0,0.0,0.0,0.869002,0.00576,0.000407,0.85729,0.8649,0.8695,0.8729,0.8801,6.0e-6,3.0e-5,2.0e-6,0.0,0.0,0.0,0.0,0.0001,0.869008,0.00576,0.000407,0.85729,0.8649,0.8695,0.8729,0.8801
36.5,0.130993,0.00576,0.000407,0.1199,0.1271,0.1305,0.1351,0.14271,0.0,1.0e-5,1.0e-6,0.0,0.0,0.0,0.0,0.0,1.0e-6,1.0e-5,1.0e-6,0.0,0.0,0.0,0.0,0.0,1.0e-6,1.0e-5,1.0e-6,0.0,0.0,0.0,0.0,0.0,0.0,1.0e-5,1.0e-6,0.0,0.0,0.0,0.0,0.0,1.0e-6,1.0e-5,1.0e-6,0.0,0.0,0.0,0.0,0.0,0.869004,0.00576,0.000407,0.85729,0.8649,0.8695,0.8729,0.8801,4.0e-6,2.0e-5,2.0e-6,0.0,0.0,0.0,0.0,0.0001,0.869008,0.00576,0.000407,0.85729,0.8649,0.8695,0.8729,0.8801
36.75,0.130992,0.00576,0.000407,0.1199,0.1271,0.1305,0.1351,0.14271,1.0e-6,1.0e-5,1.0e-6,0.0,0.0,0.0,0.0,0.0,0.0,1.0e-5,1.0e-6,0.0,0.0,0.0,0.0,0.0,0.0,1.0e-5,1.0e-6,0.0,0.0,0.0,0.0,0.0,2.0e-6,1.0e-5,1.0e-6,0.0,0.0,0.0,0.0,0.0,1.0e-6,1.0e-5,1.0e-6,0.0,0.0,0.0,0.0,0.0,0.869004,0.00576,0.000407,0.85729,0.8649,0.8695,0.8729,0.8801,4.0e-6,3.0e-5,2.0e-6,0.0,0.0,0.0,0.0,0.0001,0.869008,0.00576,0.000407,0.85729,0.8649,0.8695,0.8729,0.8801
37.0,0.130992,0.00576,0.000407,0.1199,0.1271,0.1305,0.1351,0.14271,1.0e-6,1.0e-5,1.0e-6,0.0,0.0,0.0,0.0,0.0,0.0,1.0e-5,1.0e-6,0.0,0.0,0.0,0.0,0.0,0.0,1.0e-5,1.0e-6,0.0,0.0,0.0,0.0,0.0,1.0e-6,1.0e-5,1.0e-6,0.0,0.0,0.0,0.0,0.0,1.0e-6,1.0e-5,1.0e-6,0.0,0.0,0.0,0.0,0.0,0.869004,0.00576,0.000407,0.85729,0.8649,0.8695,0.8729,0.8801,4.0e-6,2.0e-5,2.0e-6,0.0,0.0,0.0,0.0,0.0001,0.869008,0.00576,0.000407,0.85729,0.8649,0.8695,0.8729,0.8801
37.25,0.130992,0.00576,0.000407,0.1199,0.1271,0.1305,0.1351,0.14271,1.0e-6,1.0e-5,1.0e-6,0.0,0.0,0.0,0.0,0.0,0.0,0.0,0.0,0.0,0.0,0.0,0.0,0.0,1.0e-6,1.0e-5,1.0e-6,0.0,0.0,0.0,0.0,0.0,0.0,1.0e-5,1.0e-6,0.0,0.0,0.0,0.0,0.0,1.0e-6,1.0e-5,1.0e-6,0.0,0.0,0.0,0.0,0.0,0.869005,0.00576,0.000407,0.85729,0.8649,0.8695,0.8729,0.8801,4.0e-6,2.0e-5,1.0e-6,0.0,0.0,0.0,0.0,0.0001,0.869008,0.00576,0.000407,0.85729,0.8649,0.8695,0.8729,0.8801
37.5,0.130992,0.00576,0.000407,0.1199,0.1271,0.1305,0.1351,0.14271,1.0e-6,1.0e-5,1.0e-6,0.0,0.0,0.0,0.0,0.0,0.0,0.0,0.0,0.0,0.0,0.0,0.0,0.0,1.0e-6,1.0e-5,1.0e-6,0.0,0.0,0.0,0.0,0.0,0.0,1.0e-5,1.0e-6,0.0,0.0,0.0,0.0,0.0,0.0,1.0e-5,1.0e-6,0.0,0.0,0.0,0.0,0.0,0.869005,0.00576,0.000407,0.85729,0.8649,0.8695,0.8729,0.8801,3.0e-6,2.0e-5,1.0e-6,0.0,0.0,0.0,0.0,0.0,0.869008,0.00576,0.000407,0.85729,0.8649,0.8695,0.8729,0.8801
37.75,0.130992,0.00576,0.000407,0.1199,0.1271,0.1305,0.1351,0.14271,1.0e-6,1.0e-5,1.0e-6,0.0,0.0,0.0,0.0,0.0,0.0,0.0,0.0,0.0,0.0,0.0,0.0,0.0,0.0,1.0e-5,1.0e-6,0.0,0.0,0.0,0.0,0.0,1.0e-6,1.0e-5,1.0e-6,0.0,0.0,0.0,0.0,0.0,0.0,1.0e-5,1.0e-6,0.0,0.0,0.0,0.0,0.0,0.869005,0.00576,0.000407,0.85729,0.8649,0.8695,0.8729,0.8801,3.0e-6,2.0e-5,1.0e-6,0.0,0.0,0.0,0.0,0.0,0.869008,0.00576,0.000407,0.85729,0.8649,0.8695,0.8729,0.8801
38.0,0.130992,0.00576,0.000407,0.1199,0.1271,0.1305,0.1351,0.14271,0.0,1.0e-5,1.0e-6,0.0,0.0,0.0,0.0,0.0,0.0,1.0e-5,1.0e-6,0.0,0.0,0.0,0.0,0.0,0.0,1.0e-5,1.0e-6,0.0,0.0,0.0,0.0,0.0,0.0,0.0,0.0,0.0,0.0,0.0,0.0,0.0,2.0e-6,2.0e-5,1.0e-6,0.0,0.0,0.0,0.0,0.0,0.869005,0.00576,0.000407,0.85729,0.8649,0.8695,0.8729,0.8801,3.0e-6,2.0e-5,1.0e-6,0.0,0.0,0.0,0.0,0.0,0.869008,0.00576,0.000407,0.85729,0.8649,0.8695,0.8729,0.8801
38.25,0.130992,0.00576,0.000407,0.1199,0.1271,0.1305,0.1351,0.14271,0.0,1.0e-5,1.0e-6,0.0,0.0,0.0,0.0,0.0,0.0,0.0,0.0,0.0,0.0,0.0,0.0,0.0,1.0e-6,1.0e-5,1.0e-6,0.0,0.0,0.0,0.0,0.0,0.0,1.0e-5,1.0e-6,0.0,0.0,0.0,0.0,0.0,1.0e-6,1.0e-5,1.0e-6,0.0,0.0,0.0,0.0,0.0,0.869006,0.00576,0.000407,0.85729,0.8649,0.8695,0.8729,0.8801,3.0e-6,2.0e-5,2.0e-6,0.0,0.0,0.0,0.0,0.0,0.869009,0.00576,0.000407,0.85729,0.8649,0.8695,0.8729,0.8801
38.5,0.130992,0.00576,0.000407,0.1199,0.1271,0.1305,0.1351,0.14271,0.0,1.0e-5,1.0e-6,0.0,0.0,0.0,0.0,0.0,0.0,0.0,0.0,0.0,0.0,0.0,0.0,0.0,0.0,1.0e-5,1.0e-6,0.0,0.0,0.0,0.0,0.0,1.0e-6,1.0e-5,1.0e-6,0.0,0.0,0.0,0.0,0.0,0.0,1.0e-5,1.0e-6,0.0,0.0,0.0,0.0,0.0,0.869006,0.00576,0.000407,0.85729,0.8649,0.8695,0.8729,0.8801,2.0e-6,2.0e-5,1.0e-6,0.0,0.0,0.0,0.0,0.0,0.869009,0.00576,0.000407,0.85729,0.8649,0.8695,0.8729,0.8801
38.75,0.130992,0.00576,0.000407,0.1199,0.1271,0.1305,0.1351,0.14271,0.0,1.0e-5,1.0e-6,0.0,0.0,0.0,0.0,0.0,0.0,0.0,0.0,0.0,0.0,0.0,0.0,0.0,0.0,1.0e-5,1.0e-6,0.0,0.0,0.0,0.0,0.0,0.0,1.0e-5,1.0e-6,0.0,0.0,0.0,0.0,0.0,1.0e-6,1.0e-5,1.0e-6,0.0,0.0,0.0,0.0,0.0,0.869006,0.00576,0.000407,0.85729,0.8649,0.8695,0.8729,0.8801,2.0e-6,2.0e-5,1.0e-6,0.0,0.0,0.0,0.0,0.0,0.869009,0.00576,0.000407,0.85729,0.8649,0.8695,0.8729,0.8801
39.0,0.130992,0.00576,0.000407,0.1199,0.1271,0.1305,0.1351,0.14271,0.0,1.0e-5,1.0e-6,0.0,0.0,0.0,0.0,0.0,0.0,0.0,0.0,0.0,0.0,0.0,0.0,0.0,0.0,1.0e-5,1.0e-6,0.0,0.0,0.0,0.0,0.0,0.0,0.0,0.0,0.0,0.0,0.0,0.0,0.0,1.0e-6,1.0e-5,1.0e-6,0.0,0.0,0.0,0.0,0.0,0.869007,0.00576,0.000407,0.85729,0.8649,0.8695,0.8729,0.8801,2.0e-6,2.0e-5,1.0e-6,0.0,0.0,0.0,0.0,0.0,0.869009,0.00576,0.000407,0.85729,0.8649,0.8695,0.8729,0.8801
39.25,0.130992,0.00576,0.000407,0.1199,0.1271,0.1305,0.1351,0.14271,0.0,1.0e-5,1.0e-6,0.0,0.0,0.0,0.0,0.0,0.0,0.0,0.0,0.0,0.0,0.0,0.0,0.0,0.0,1.0e-5,1.0e-6,0.0,0.0,0.0,0.0,0.0,0.0,0.0,0.0,0.0,0.0,0.0,0.0,0.0,1.0e-6,1.0e-5,1.0e-6,0.0,0.0,0.0,0.0,0.0,0.869007,0.00576,0.000407,0.85729,0.8649,0.8695,0.8729,0.8801,2.0e-6,2.0e-5,1.0e-6,0.0,0.0,0.0,0.0,0.0,0.869009,0.00576,0.000407,0.85729,0.8649,0.8695,0.8729,0.8801
39.5,0.130992,0.00576,0.000407,0.1199,0.1271,0.1305,0.1351,0.14271,0.0,1.0e-5,1.0e-6,0.0,0.0,0.0,0.0,0.0,0.0,0.0,0.0,0.0,0.0,0.0,0.0,0.0,0.0,0.0,0.0,0.0,0.0,0.0,0.0,0.0,0.0,1.0e-5,1.0e-6,0.0,0.0,0.0,0.0,0.0,0.0,1.0e-5,1.0e-6,0.0,0.0,0.0,0.0,0.0,0.869007,0.00576,0.000407,0.85729,0.8649,0.8695,0.8729,0.8801,2.0e-6,2.0e-5,1.0e-6,0.0,0.0,0.0,0.0,0.0,0.869009,0.00576,0.000407,0.85729,0.8649,0.8695,0.8729,0.8801
39.75,0.130992,0.00576,0.000407,0.1199,0.1271,0.1305,0.1351,0.14271,0.0,1.0e-5,1.0e-6,0.0,0.0,0.0,0.0,0.0,0.0,0.0,0.0,0.0,0.0,0.0,0.0,0.0,0.0,0.0,0.0,0.0,0.0,0.0,0.0,0.0,0.0,0.0,0.0,0.0,0.0,0.0,0.0,0.0,0.0,1.0e-5,1.0e-6,0.0,0.0,0.0,0.0,0.0,0.869008,0.00576,0.000407,0.85729,0.8649,0.8695,0.8729,0.8801,1.0e-6,1.0e-5,1.0e-6,0.0,0.0,0.0,0.0,0.0,0.869009,0.00576,0.000407,0.85729,0.8649,0.8695,0.8729,0.8801
40.0,0.130992,0.00576,0.000407,0.1199,0.1271,0.1305,0.1351,0.14271,0.0,1.0e-5,1.0e-6,0.0,0.0,0.0,0.0,0.0,0.0,0.0,0.0,0.0,0.0,0.0,0.0,0.0,0.0,0.0,0.0,0.0,0.0,0.0,0.0,0.0,0.0,0.0,0.0,0.0,0.0,0.0,0.0,0.0,0.0,0.0,0.0,0.0,0.0,0.0,0.0,0.0,0.869008,0.00576,0.000407,0.85729,0.8649,0.8695,0.8729,0.8801,0.0,1.0e-5,1.0e-6,0.0,0.0,0.0,0.0,0.0,0.869009,0.00576,0.000407,0.85729,0.8649,0.8695,0.8729,0.8801
40.25,0.130992,0.00576,0.000407,0.1199,0.1271,0.1305,0.1351,0.14271,0.0,1.0e-5,1.0e-6,0.0,0.0,0.0,0.0,0.0,0.0,0.0,0.0,0.0,0.0,0.0,0.0,0.0,0.0,0.0,0.0,0.0,0.0,0.0,0.0,0.0,0.0,0.0,0.0,0.0,0.0,0.0,0.0,0.0,0.0,0.0,0.0,0.0,0.0,0.0,0.0,0.0,0.869008,0.00576,0.000407,0.85729,0.8649,0.8695,0.8729,0.8801,0.0,1.0e-5,1.0e-6,0.0,0.0,0.0,0.0,0.0,0.869009,0.00576,0.000407,0.85729,0.8649,0.8695,0.8729,0.8801
40.5,0.130992,0.00576,0.000407,0.1199,0.1271,0.1305,0.1351,0.14271,0.0,1.0e-5,1.0e-6,0.0,0.0,0.0,0.0,0.0,0.0,0.0,0.0,0.0,0.0,0.0,0.0,0.0,0.0,0.0,0.0,0.0,0.0,0.0,0.0,0.0,0.0,0.0,0.0,0.0,0.0,0.0,0.0,0.0,0.0,0.0,0.0,0.0,0.0,0.0,0.0,0.0,0.869008,0.00576,0.000407,0.85729,0.8649,0.8695,0.8729,0.8801,0.0,1.0e-5,1.0e-6,0.0,0.0,0.0,0.0,0.0,0.869009,0.00576,0.000407,0.85729,0.8649,0.8695,0.8729,0.8801
40.75,0.130992,0.00576,0.000407,0.1199,0.1271,0.1305,0.1351,0.14271,0.0,0.0,0.0,0.0,0.0,0.0,0.0,0.0,0.0,1.0e-5,1.0e-6,0.0,0.0,0.0,0.0,0.0,0.0,0.0,0.0,0.0,0.0,0.0,0.0,0.0,0.0,0.0,0.0,0.0,0.0,0.0,0.0,0.0,0.0,0.0,0.0,0.0,0.0,0.0,0.0,0.0,0.869008,0.00576,0.000407,0.85729,0.8649,0.8695,0.8729,0.8801,0.0,1.0e-5,1.0e-6,0.0,0.0,0.0,0.0,0.0,0.869009,0.00576,0.000407,0.85729,0.8649,0.8695,0.8729,0.8801
41.0,0.130992,0.00576,0.000407,0.1199,0.1271,0.1305,0.1351,0.14271,0.0,0.0,0.0,0.0,0.0,0.0,0.0,0.0,0.0,1.0e-5,1.0e-6,0.0,0.0,0.0,0.0,0.0,0.0,0.0,0.0,0.0,0.0,0.0,0.0,0.0,0.0,0.0,0.0,0.0,0.0,0.0,0.0,0.0,0.0,0.0,0.0,0.0,0.0,0.0,0.0,0.0,0.869008,0.00576,0.000407,0.85729,0.8649,0.8695,0.8729,0.8801,0.0,1.0e-5,1.0e-6,0.0,0.0,0.0,0.0,0.0,0.869009,0.00576,0.000407,0.85729,0.8649,0.8695,0.8729,0.8801
41.25,0.130992,0.00576,0.000407,0.1199,0.1271,0.1305,0.1351,0.14271,0.0,0.0,0.0,0.0,0.0,0.0,0.0,0.0,0.0,1.0e-5,1.0e-6,0.0,0.0,0.0,0.0,0.0,0.0,0.0,0.0,0.0,0.0,0.0,0.0,0.0,0.0,0.0,0.0,0.0,0.0,0.0,0.0,0.0,0.0,0.0,0.0,0.0,0.0,0.0,0.0,0.0,0.869008,0.00576,0.000407,0.85729,0.8649,0.8695,0.8729,0.8801,0.0,1.0e-5,1.0e-6,0.0,0.0,0.0,0.0,0.0,0.869009,0.00576,0.000407,0.85729,0.8649,0.8695,0.8729,0.8801
41.5,0.130992,0.00576,0.000407,0.1199,0.1271,0.1305,0.1351,0.14271,0.0,0.0,0.0,0.0,0.0,0.0,0.0,0.0,0.0,1.0e-5,1.0e-6,0.0,0.0,0.0,0.0,0.0,0.0,0.0,0.0,0.0,0.0,0.0,0.0,0.0,0.0,0.0,0.0,0.0,0.0,0.0,0.0,0.0,0.0,0.0,0.0,0.0,0.0,0.0,0.0,0.0,0.869008,0.00576,0.000407,0.85729,0.8649,0.8695,0.8729,0.8801,0.0,1.0e-5,1.0e-6,0.0,0.0,0.0,0.0,0.0,0.869009,0.00576,0.000407,0.85729,0.8649,0.8695,0.8729,0.8801
41.75,0.130992,0.00576,0.000407,0.1199,0.1271,0.1305,0.1351,0.14271,0.0,0.0,0.0,0.0,0.0,0.0,0.0,0.0,0.0,0.0,0.0,0.0,0.0,0.0,0.0,0.0,0.0,1.0e-5,1.0e-6,0.0,0.0,0.0,0.0,0.0,0.0,0.0,0.0,0.0,0.0,0.0,0.0,0.0,0.0,0.0,0.0,0.0,0.0,0.0,0.0,0.0,0.869008,0.00576,0.000407,0.85729,0.8649,0.8695,0.8729,0.8801,0.0,1.0e-5,1.0e-6,0.0,0.0,0.0,0.0,0.0,0.869009,0.00576,0.000407,0.85729,0.8649,0.8695,0.8729,0.8801
42.0,0.130992,0.00576,0.000407,0.1199,0.1271,0.1305,0.1351,0.14271,0.0,0.0,0.0,0.0,0.0,0.0,0.0,0.0,0.0,0.0,0.0,0.0,0.0,0.0,0.0,0.0,0.0,1.0e-5,1.0e-6,0.0,0.0,0.0,0.0,0.0,0.0,0.0,0.0,0.0,0.0,0.0,0.0,0.0,0.0,0.0,0.0,0.0,0.0,0.0,0.0,0.0,0.869008,0.00576,0.000407,0.85729,0.8649,0.8695,0.8729,0.8801,0.0,1.0e-5,1.0e-6,0.0,0.0,0.0,0.0,0.0,0.869009,0.00576,0.000407,0.85729,0.8649,0.8695,0.8729,0.8801
42.25,0.130992,0.00576,0.000407,0.1199,0.1271,0.1305,0.1351,0.14271,0.0,0.0,0.0,0.0,0.0,0.0,0.0,0.0,0.0,0.0,0.0,0.0,0.0,0.0,0.0,0.0,0.0,1.0e-5,1.0e-6,0.0,0.0,0.0,0.0,0.0,0.0,0.0,0.0,0.0,0.0,0.0,0.0,0.0,0.0,0.0,0.0,0.0,0.0,0.0,0.0,0.0,0.869008,0.00576,0.000407,0.85729,0.8649,0.8695,0.8729,0.8801,0.0,1.0e-5,1.0e-6,0.0,0.0,0.0,0.0,0.0,0.869009,0.00576,0.000407,0.85729,0.8649,0.8695,0.8729,0.8801
42.5,0.130992,0.00576,0.000407,0.1199,0.1271,0.1305,0.1351,0.14271,0.0,0.0,0.0,0.0,0.0,0.0,0.0,0.0,0.0,0.0,0.0,0.0,0.0,0.0,0.0,0.0,0.0,1.0e-5,1.0e-6,0.0,0.0,0.0,0.0,0.0,0.0,0.0,0.0,0.0,0.0,0.0,0.0,0.0,0.0,0.0,0.0,0.0,0.0,0.0,0.0,0.0,0.869008,0.00576,0.000407,0.85729,0.8649,0.8695,0.8729,0.8801,0.0,1.0e-5,1.0e-6,0.0,0.0,0.0,0.0,0.0,0.869009,0.00576,0.000407,0.85729,0.8649,0.8695,0.8729,0.8801
42.75,0.130992,0.00576,0.000407,0.1199,0.1271,0.1305,0.1351,0.14271,0.0,0.0,0.0,0.0,0.0,0.0,0.0,0.0,0.0,0.0,0.0,0.0,0.0,0.0,0.0,0.0,0.0,1.0e-5,1.0e-6,0.0,0.0,0.0,0.0,0.0,0.0,0.0,0.0,0.0,0.0,0.0,0.0,0.0,0.0,0.0,0.0,0.0,0.0,0.0,0.0,0.0,0.869008,0.00576,0.000407,0.85729,0.8649,0.8695,0.8729,0.8801,0.0,1.0e-5,1.0e-6,0.0,0.0,0.0,0.0,0.0,0.869009,0.00576,0.000407,0.85729,0.8649,0.8695,0.8729,0.8801
43.0,0.130991,0.00576,0.000407,0.1199,0.1271,0.1305,0.1351,0.14271,0.0,1.0e-5,1.0e-6,0.0,0.0,0.0,0.0,0.0,0.0,0.0,0.0,0.0,0.0,0.0,0.0,0.0,0.0,1.0e-5,1.0e-6,0.0,0.0,0.0,0.0,0.0,0.0,0.0,0.0,0.0,0.0,0.0,0.0,0.0,0.0,0.0,0.0,0.0,0.0,0.0,0.0,0.0,0.869008,0.00576,0.000407,0.85729,0.8649,0.8695,0.8729,0.8801,1.0e-6,1.0e-5,1.0e-6,0.0,0.0,0.0,0.0,0.0,0.869009,0.00576,0.000407,0.85729,0.8649,0.8695,0.8729,0.8801
43.25,0.130991,0.00576,0.000407,0.1199,0.1271,0.1305,0.1351,0.14271,0.0,1.0e-5,1.0e-6,0.0,0.0,0.0,0.0,0.0,0.0,0.0,0.0,0.0,0.0,0.0,0.0,0.0,0.0,1.0e-5,1.0e-6,0.0,0.0,0.0,0.0,0.0,0.0,0.0,0.0,0.0,0.0,0.0,0.0,0.0,0.0,0.0,0.0,0.0,0.0,0.0,0.0,0.0,0.869008,0.00576,0.000407,0.85729,0.8649,0.8695,0.8729,0.8801,1.0e-6,1.0e-5,1.0e-6,0.0,0.0,0.0,0.0,0.0,0.869009,0.00576,0.000407,0.85729,0.8649,0.8695,0.8729,0.8801
43.5,0.130991,0.00576,0.000407,0.1199,0.1271,0.1305,0.1351,0.14271,0.0,1.0e-5,1.0e-6,0.0,0.0,0.0,0.0,0.0,0.0,0.0,0.0,0.0,0.0,0.0,0.0,0.0,0.0,1.0e-5,1.0e-6,0.0,0.0,0.0,0.0,0.0,0.0,0.0,0.0,0.0,0.0,0.0,0.0,0.0,0.0,0.0,0.0,0.0,0.0,0.0,0.0,0.0,0.869008,0.00576,0.000407,0.85729,0.8649,0.8695,0.8729,0.8801,1.0e-6,1.0e-5,1.0e-6,0.0,0.0,0.0,0.0,0.0,0.869009,0.00576,0.000407,0.85729,0.8649,0.8695,0.8729,0.8801
43.75,0.130991,0.00576,0.000407,0.1199,0.1271,0.1305,0.1351,0.14271,0.0,1.0e-5,1.0e-6,0.0,0.0,0.0,0.0,0.0,0.0,0.0,0.0,0.0,0.0,0.0,0.0,0.0,0.0,1.0e-5,1.0e-6,0.0,0.0,0.0,0.0,0.0,0.0,0.0,0.0,0.0,0.0,0.0,0.0,0.0,0.0,0.0,0.0,0.0,0.0,0.0,0.0,0.0,0.869008,0.00576,0.000407,0.85729,0.8649,0.8695,0.8729,0.8801,1.0e-6,1.0e-5,1.0e-6,0.0,0.0,0.0,0.0,0.0,0.869009,0.00576,0.000407,0.85729,0.8649,0.8695,0.8729,0.8801
44.0,0.130991,0.00576,0.000407,0.1199,0.1271,0.1305,0.1351,0.14271,0.0,1.0e-5,1.0e-6,0.0,0.0,0.0,0.0,0.0,0.0,0.0,0.0,0.0,0.0,0.0,0.0,0.0,0.0,1.0e-5,1.0e-6,0.0,0.0,0.0,0.0,0.0,0.0,0.0,0.0,0.0,0.0,0.0,0.0,0.0,0.0,0.0,0.0,0.0,0.0,0.0,0.0,0.0,0.869008,0.00576,0.000407,0.85729,0.8649,0.8695,0.8729,0.8801,1.0e-6,1.0e-5,1.0e-6,0.0,0.0,0.0,0.0,0.0,0.869009,0.00576,0.000407,0.85729,0.8649,0.8695,0.8729,0.8801
44.25,0.130991,0.00576,0.000407,0.1199,0.1271,0.1305,0.1351,0.14271,0.0,1.0e-5,1.0e-6,0.0,0.0,0.0,0.0,0.0,0.0,0.0,0.0,0.0,0.0,0.0,0.0,0.0,0.0,0.0,0.0,0.0,0.0,0.0,0.0,0.0,0.0,1.0e-5,1.0e-6,0.0,0.0,0.0,0.0,0.0,0.0,0.0,0.0,0.0,0.0,0.0,0.0,0.0,0.869008,0.00576,0.000407,0.85729,0.8649,0.8695,0.8729,0.8801,1.0e-6,1.0e-5,1.0e-6,0.0,0.0,0.0,0.0,0.0,0.869009,0.00576,0.000407,0.85729,0.8649,0.8695,0.8729,0.8801
44.5,0.130991,0.00576,0.000407,0.1199,0.1271,0.1305,0.1351,0.14271,0.0,1.0e-5,1.0e-6,0.0,0.0,0.0,0.0,0.0,0.0,0.0,0.0,0.0,0.0,0.0,0.0,0.0,0.0,0.0,0.0,0.0,0.0,0.0,0.0,0.0,0.0,1.0e-5,1.0e-6,0.0,0.0,0.0,0.0,0.0,0.0,0.0,0.0,0.0,0.0,0.0,0.0,0.0,0.869008,0.00576,0.000407,0.85729,0.8649,0.8695,0.8729,0.8801,1.0e-6,1.0e-5,1.0e-6,0.0,0.0,0.0,0.0,0.0,0.869009,0.00576,0.000407,0.85729,0.8649,0.8695,0.8729,0.8801
44.75,0.130991,0.00576,0.000407,0.1199,0.1271,0.1305,0.1351,0.14271,0.0,0.0,0.0,0.0,0.0,0.0,0.0,0.0,0.0,0.0,0.0,0.0,0.0,0.0,0.0,0.0,0.0,1.0e-5,1.0e-6,0.0,0.0,0.0,0.0,0.0,0.0,0.0,0.0,0.0,0.0,0.0,0.0,0.0,0.0,1.0e-5,1.0e-6,0.0,0.0,0.0,0.0,0.0,0.869008,0.00576,0.000407,0.85729,0.8649,0.8695,0.8729,0.8801,1.0e-6,1.0e-5,1.0e-6,0.0,0.0,0.0,0.0,0.0,0.869009,0.00576,0.000407,0.85729,0.8649,0.8695,0.8729,0.8801
45.0,0.130991,0.00576,0.000407,0.1199,0.1271,0.1305,0.1351,0.14271,0.0,0.0,0.0,0.0,0.0,0.0,0.0,0.0,0.0,0.0,0.0,0.0,0.0,0.0,0.0,0.0,0.0,1.0e-5,1.0e-6,0.0,0.0,0.0,0.0,0.0,0.0,0.0,0.0,0.0,0.0,0.0,0.0,0.0,0.0,1.0e-5,1.0e-6,0.0,0.0,0.0,0.0,0.0,0.869008,0.00576,0.000407,0.85729,0.8649,0.8695,0.8729,0.8801,1.0e-6,1.0e-5,1.0e-6,0.0,0.0,0.0,0.0,0.0,0.869009,0.00576,0.000407,0.85729,0.8649,0.8695,0.8729,0.8801
45.25,0.130991,0.00576,0.000407,0.1199,0.1271,0.1305,0.1351,0.14271,0.0,0.0,0.0,0.0,0.0,0.0,0.0,0.0,0.0,0.0,0.0,0.0,0.0,0.0,0.0,0.0,0.0,0.0,0.0,0.0,0.0,0.0,0.0,0.0,0.0,1.0e-5,1.0e-6,0.0,0.0,0.0,0.0,0.0,0.0,0.0,0.0,0.0,0.0,0.0,0.0,0.0,0.869009,0.00576,0.000407,0.85729,0.8649,0.8695,0.8729,0.8801,0.0,1.0e-5,1.0e-6,0.0,0.0,0.0,0.0,0.0,0.869009,0.00576,0.000407,0.85729,0.8649,0.8695,0.8729,0.8801
45.5,0.130991,0.00576,0.000407,0.1199,0.1271,0.1305,0.1351,0.14271,0.0,0.0,0.0,0.0,0.0,0.0,0.0,0.0,0.0,0.0,0.0,0.0,0.0,0.0,0.0,0.0,0.0,0.0,0.0,0.0,0.0,0.0,0.0,0.0,0.0,1.0e-5,1.0e-6,0.0,0.0,0.0,0.0,0.0,0.0,0.0,0.0,0.0,0.0,0.0,0.0,0.0,0.869009,0.00576,0.000407,0.85729,0.8649,0.8695,0.8729,0.8801,0.0,1.0e-5,1.0e-6,0.0,0.0,0.0,0.0,0.0,0.869009,0.00576,0.000407,0.85729,0.8649,0.8695,0.8729,0.8801
45.75,0.130991,0.00576,0.000407,0.1199,0.1271,0.1305,0.1351,0.14271,0.0,0.0,0.0,0.0,0.0,0.0,0.0,0.0,0.0,0.0,0.0,0.0,0.0,0.0,0.0,0.0,0.0,0.0,0.0,0.0,0.0,0.0,0.0,0.0,0.0,1.0e-5,1.0e-6,0.0,0.0,0.0,0.0,0.0,0.0,0.0,0.0,0.0,0.0,0.0,0.0,0.0,0.869009,0.00576,0.000407,0.85729,0.8649,0.8695,0.8729,0.8801,0.0,1.0e-5,1.0e-6,0.0,0.0,0.0,0.0,0.0,0.869009,0.00576,0.000407,0.85729,0.8649,0.8695,0.8729,0.8801
46.0,0.130991,0.00576,0.000407,0.1199,0.1271,0.1305,0.1351,0.14271,0.0,0.0,0.0,0.0,0.0,0.0,0.0,0.0,0.0,0.0,0.0,0.0,0.0,0.0,0.0,0.0,0.0,0.0,0.0,0.0,0.0,0.0,0.0,0.0,0.0,1.0e-5,1.0e-6,0.0,0.0,0.0,0.0,0.0,0.0,0.0,0.0,0.0,0.0,0.0,0.0,0.0,0.869009,0.00576,0.000407,0.85729,0.8649,0.8695,0.8729,0.8801,0.0,1.0e-5,1.0e-6,0.0,0.0,0.0,0.0,0.0,0.869009,0.00576,0.000407,0.85729,0.8649,0.8695,0.8729,0.8801
46.25,0.130991,0.00576,0.000407,0.1199,0.1271,0.1305,0.1351,0.14271,0.0,0.0,0.0,0.0,0.0,0.0,0.0,0.0,0.0,0.0,0.0,0.0,0.0,0.0,0.0,0.0,0.0,0.0,0.0,0.0,0.0,0.0,0.0,0.0,0.0,0.0,0.0,0.0,0.0,0.0,0.0,0.0,0.0,1.0e-5,1.0e-6,0.0,0.0,0.0,0.0,0.0,0.869009,0.00576,0.000407,0.85729,0.8649,0.8695,0.8729,0.8801,0.0,1.0e-5,1.0e-6,0.0,0.0,0.0,0.0,0.0,0.869009,0.00576,0.000407,0.85729,0.8649,0.8695,0.8729,0.8801
46.5,0.130991,0.00576,0.000407,0.1199,0.1271,0.1305,0.1351,0.14271,0.0,0.0,0.0,0.0,0.0,0.0,0.0,0.0,0.0,0.0,0.0,0.0,0.0,0.0,0.0,0.0,0.0,0.0,0.0,0.0,0.0,0.0,0.0,0.0,0.0,0.0,0.0,0.0,0.0,0.0,0.0,0.0,0.0,1.0e-5,1.0e-6,0.0,0.0,0.0,0.0,0.0,0.869009,0.00576,0.000407,0.85729,0.8649,0.8695,0.8729,0.8801,0.0,1.0e-5,1.0e-6,0.0,0.0,0.0,0.0,0.0,0.869009,0.00576,0.000407,0.85729,0.8649,0.8695,0.8729,0.8801
46.75,0.130991,0.00576,0.000407,0.1199,0.1271,0.1305,0.1351,0.14271,0.0,0.0,0.0,0.0,0.0,0.0,0.0,0.0,0.0,0.0,0.0,0.0,0.0,0.0,0.0,0.0,0.0,0.0,0.0,0.0,0.0,0.0,0.0,0.0,0.0,0.0,0.0,0.0,0.0,0.0,0.0,0.0,0.0,0.0,0.0,0.0,0.0,0.0,0.0,0.0,0.869009,0.00576,0.000407,0.85729,0.8649,0.8695,0.8729,0.8801,0.0,0.0,0.0,0.0,0.0,0.0,0.0,0.0,0.869009,0.00576,0.000407,0.85729,0.8649,0.8695,0.8729,0.8801
47.0,0.130991,0.00576,0.000407,0.1199,0.1271,0.1305,0.1351,0.14271,0.0,0.0,0.0,0.0,0.0,0.0,0.0,0.0,0.0,0.0,0.0,0.0,0.0,0.0,0.0,0.0,0.0,0.0,0.0,0.0,0.0,0.0,0.0,0.0,0.0,0.0,0.0,0.0,0.0,0.0,0.0,0.0,0.0,0.0,0.0,0.0,0.0,0.0,0.0,0.0,0.869009,0.00576,0.000407,0.85729,0.8649,0.8695,0.8729,0.8801,0.0,0.0,0.0,0.0,0.0,0.0,0.0,0.0,0.869009,0.00576,0.000407,0.85729,0.8649,0.8695,0.8729,0.8801
47.25,0.130991,0.00576,0.000407,0.1199,0.1271,0.1305,0.1351,0.14271,0.0,0.0,0.0,0.0,0.0,0.0,0.0,0.0,0.0,0.0,0.0,0.0,0.0,0.0,0.0,0.0,0.0,0.0,0.0,0.0,0.0,0.0,0.0,0.0,0.0,0.0,0.0,0.0,0.0,0.0,0.0,0.0,0.0,0.0,0.0,0.0,0.0,0.0,0.0,0.0,0.869009,0.00576,0.000407,0.85729,0.8649,0.8695,0.8729,0.8801,0.0,0.0,0.0,0.0,0.0,0.0,0.0,0.0,0.869009,0.00576,0.000407,0.85729,0.8649,0.8695,0.8729,0.8801
47.5,0.130991,0.00576,0.000407,0.1199,0.1271,0.1305,0.1351,0.14271,0.0,0.0,0.0,0.0,0.0,0.0,0.0,0.0,0.0,0.0,0.0,0.0,0.0,0.0,0.0,0.0,0.0,0.0,0.0,0.0,0.0,0.0,0.0,0.0,0.0,0.0,0.0,0.0,0.0,0.0,0.0,0.0,0.0,0.0,0.0,0.0,0.0,0.0,0.0,0.0,0.869009,0.00576,0.000407,0.85729,0.8649,0.8695,0.8729,0.8801,0.0,0.0,0.0,0.0,0.0,0.0,0.0,0.0,0.869009,0.00576,0.000407,0.85729,0.8649,0.8695,0.8729,0.8801
47.75,0.130991,0.00576,0.000407,0.1199,0.1271,0.1305,0.1351,0.14271,0.0,0.0,0.0,0.0,0.0,0.0,0.0,0.0,0.0,0.0,0.0,0.0,0.0,0.0,0.0,0.0,0.0,0.0,0.0,0.0,0.0,0.0,0.0,0.0,0.0,0.0,0.0,0.0,0.0,0.0,0.0,0.0,0.0,0.0,0.0,0.0,0.0,0.0,0.0,0.0,0.869009,0.00576,0.000407,0.85729,0.8649,0.8695,0.8729,0.8801,0.0,0.0,0.0,0.0,0.0,0.0,0.0,0.0,0.869009,0.00576,0.000407,0.85729,0.8649,0.8695,0.8729,0.8801
48.0,0.130991,0.00576,0.000407,0.1199,0.1271,0.1305,0.1351,0.14271,0.0,0.0,0.0,0.0,0.0,0.0,0.0,0.0,0.0,0.0,0.0,0.0,0.0,0.0,0.0,0.0,0.0,0.0,0.0,0.0,0.0,0.0,0.0,0.0,0.0,0.0,0.0,0.0,0.0,0.0,0.0,0.0,0.0,0.0,0.0,0.0,0.0,0.0,0.0,0.0,0.869009,0.00576,0.000407,0.85729,0.8649,0.8695,0.8729,0.8801,0.0,0.0,0.0,0.0,0.0,0.0,0.0,0.0,0.869009,0.00576,0.000407,0.85729,0.8649,0.8695,0.8729,0.8801
48.25,0.130991,0.00576,0.000407,0.1199,0.1271,0.1305,0.1351,0.14271,0.0,0.0,0.0,0.0,0.0,0.0,0.0,0.0,0.0,0.0,0.0,0.0,0.0,0.0,0.0,0.0,0.0,0.0,0.0,0.0,0.0,0.0,0.0,0.0,0.0,0.0,0.0,0.0,0.0,0.0,0.0,0.0,0.0,0.0,0.0,0.0,0.0,0.0,0.0,0.0,0.869009,0.00576,0.000407,0.85729,0.8649,0.8695,0.8729,0.8801,0.0,0.0,0.0,0.0,0.0,0.0,0.0,0.0,0.869009,0.00576,0.000407,0.85729,0.8649,0.8695,0.8729,0.8801
48.5,0.130991,0.00576,0.000407,0.1199,0.1271,0.1305,0.1351,0.14271,0.0,0.0,0.0,0.0,0.0,0.0,0.0,0.0,0.0,0.0,0.0,0.0,0.0,0.0,0.0,0.0,0.0,0.0,0.0,0.0,0.0,0.0,0.0,0.0,0.0,0.0,0.0,0.0,0.0,0.0,0.0,0.0,0.0,0.0,0.0,0.0,0.0,0.0,0.0,0.0,0.869009,0.00576,0.000407,0.85729,0.8649,0.8695,0.8729,0.8801,0.0,0.0,0.0,0.0,0.0,0.0,0.0,0.0,0.869009,0.00576,0.000407,0.85729,0.8649,0.8695,0.8729,0.8801
48.75,0.130991,0.00576,0.000407,0.1199,0.1271,0.1305,0.1351,0.14271,0.0,0.0,0.0,0.0,0.0,0.0,0.0,0.0,0.0,0.0,0.0,0.0,0.0,0.0,0.0,0.0,0.0,0.0,0.0,0.0,0.0,0.0,0.0,0.0,0.0,0.0,0.0,0.0,0.0,0.0,0.0,0.0,0.0,0.0,0.0,0.0,0.0,0.0,0.0,0.0,0.869009,0.00576,0.000407,0.85729,0.8649,0.8695,0.8729,0.8801,0.0,0.0,0.0,0.0,0.0,0.0,0.0,0.0,0.869009,0.00576,0.000407,0.85729,0.8649,0.8695,0.8729,0.8801
49.0,0.130991,0.00576,0.000407,0.1199,0.1271,0.1305,0.1351,0.14271,0.0,0.0,0.0,0.0,0.0,0.0,0.0,0.0,0.0,0.0,0.0,0.0,0.0,0.0,0.0,0.0,0.0,0.0,0.0,0.0,0.0,0.0,0.0,0.0,0.0,0.0,0.0,0.0,0.0,0.0,0.0,0.0,0.0,0.0,0.0,0.0,0.0,0.0,0.0,0.0,0.869009,0.00576,0.000407,0.85729,0.8649,0.8695,0.8729,0.8801,0.0,0.0,0.0,0.0,0.0,0.0,0.0,0.0,0.869009,0.00576,0.000407,0.85729,0.8649,0.8695,0.8729,0.8801
49.25,0.130991,0.00576,0.000407,0.1199,0.1271,0.1305,0.1351,0.14271,0.0,0.0,0.0,0.0,0.0,0.0,0.0,0.0,0.0,0.0,0.0,0.0,0.0,0.0,0.0,0.0,0.0,0.0,0.0,0.0,0.0,0.0,0.0,0.0,0.0,0.0,0.0,0.0,0.0,0.0,0.0,0.0,0.0,0.0,0.0,0.0,0.0,0.0,0.0,0.0,0.869009,0.00576,0.000407,0.85729,0.8649,0.8695,0.8729,0.8801,0.0,0.0,0.0,0.0,0.0,0.0,0.0,0.0,0.869009,0.00576,0.000407,0.85729,0.8649,0.8695,0.8729,0.8801
49.5,0.130991,0.00576,0.000407,0.1199,0.1271,0.1305,0.1351,0.14271,0.0,0.0,0.0,0.0,0.0,0.0,0.0,0.0,0.0,0.0,0.0,0.0,0.0,0.0,0.0,0.0,0.0,0.0,0.0,0.0,0.0,0.0,0.0,0.0,0.0,0.0,0.0,0.0,0.0,0.0,0.0,0.0,0.0,0.0,0.0,0.0,0.0,0.0,0.0,0.0,0.869009,0.00576,0.000407,0.85729,0.8649,0.8695,0.8729,0.8801,0.0,0.0,0.0,0.0,0.0,0.0,0.0,0.0,0.869009,0.00576,0.000407,0.85729,0.8649,0.8695,0.8729,0.8801
49.75,0.130991,0.00576,0.000407,0.1199,0.1271,0.1305,0.1351,0.14271,0.0,0.0,0.0,0.0,0.0,0.0,0.0,0.0,0.0,0.0,0.0,0.0,0.0,0.0,0.0,0.0,0.0,0.0,0.0,0.0,0.0,0.0,0.0,0.0,0.0,0.0,0.0,0.0,0.0,0.0,0.0,0.0,0.0,0.0,0.0,0.0,0.0,0.0,0.0,0.0,0.869009,0.00576,0.000407,0.85729,0.8649,0.8695,0.8729,0.8801,0.0,0.0,0.0,0.0,0.0,0.0,0.0,0.0,0.869009,0.00576,0.000407,0.85729,0.8649,0.8695,0.8729,0.8801
50.0,0.130991,0.00576,0.000407,0.1199,0.1271,0.1305,0.1351,0.14271,0.0,0.0,0.0,0.0,0.0,0.0,0.0,0.0,0.0,0.0,0.0,0.0,0.0,0.0,0.0,0.0,0.0,0.0,0.0,0.0,0.0,0.0,0.0,0.0,0.0,0.0,0.0,0.0,0.0,0.0,0.0,0.0,0.0,0.0,0.0,0.0,0.0,0.0,0.0,0.0,0.869009,0.00576,0.000407,0.85729,0.8649,0.8695,0.8729,0.8801,0.0,0.0,0.0,0.0,0.0,0.0,0.0,0.0,0.869009,0.00576,0.000407,0.85729,0.8649,0.8695,0.8729,0.8801
50.25,0.130991,0.00576,0.000407,0.1199,0.1271,0.1305,0.1351,0.14271,0.0,0.0,0.0,0.0,0.0,0.0,0.0,0.0,0.0,0.0,0.0,0.0,0.0,0.0,0.0,0.0,0.0,0.0,0.0,0.0,0.0,0.0,0.0,0.0,0.0,0.0,0.0,0.0,0.0,0.0,0.0,0.0,0.0,0.0,0.0,0.0,0.0,0.0,0.0,0.0,0.869009,0.00576,0.000407,0.85729,0.8649,0.8695,0.8729,0.8801,0.0,0.0,0.0,0.0,0.0,0.0,0.0,0.0,0.869009,0.00576,0.000407,0.85729,0.8649,0.8695,0.8729,0.8801
50.5,0.130991,0.00576,0.000407,0.1199,0.1271,0.1305,0.1351,0.14271,0.0,0.0,0.0,0.0,0.0,0.0,0.0,0.0,0.0,0.0,0.0,0.0,0.0,0.0,0.0,0.0,0.0,0.0,0.0,0.0,0.0,0.0,0.0,0.0,0.0,0.0,0.0,0.0,0.0,0.0,0.0,0.0,0.0,0.0,0.0,0.0,0.0,0.0,0.0,0.0,0.869009,0.00576,0.000407,0.85729,0.8649,0.8695,0.8729,0.8801,0.0,0.0,0.0,0.0,0.0,0.0,0.0,0.0,0.869009,0.00576,0.000407,0.85729,0.8649,0.8695,0.8729,0.8801
50.75,0.130991,0.00576,0.000407,0.1199,0.1271,0.1305,0.1351,0.14271,0.0,0.0,0.0,0.0,0.0,0.0,0.0,0.0,0.0,0.0,0.0,0.0,0.0,0.0,0.0,0.0,0.0,0.0,0.0,0.0,0.0,0.0,0.0,0.0,0.0,0.0,0.0,0.0,0.0,0.0,0.0,0.0,0.0,0.0,0.0,0.0,0.0,0.0,0.0,0.0,0.869009,0.00576,0.000407,0.85729,0.8649,0.8695,0.8729,0.8801,0.0,0.0,0.0,0.0,0.0,0.0,0.0,0.0,0.869009,0.00576,0.000407,0.85729,0.8649,0.8695,0.8729,0.8801
51.0,0.130991,0.00576,0.000407,0.1199,0.1271,0.1305,0.1351,0.14271,0.0,0.0,0.0,0.0,0.0,0.0,0.0,0.0,0.0,0.0,0.0,0.0,0.0,0.0,0.0,0.0,0.0,0.0,0.0,0.0,0.0,0.0,0.0,0.0,0.0,0.0,0.0,0.0,0.0,0.0,0.0,0.0,0.0,0.0,0.0,0.0,0.0,0.0,0.0,0.0,0.869009,0.00576,0.000407,0.85729,0.8649,0.8695,0.8729,0.8801,0.0,0.0,0.0,0.0,0.0,0.0,0.0,0.0,0.869009,0.00576,0.000407,0.85729,0.8649,0.8695,0.8729,0.8801
51.25,0.130991,0.00576,0.000407,0.1199,0.1271,0.1305,0.1351,0.14271,0.0,0.0,0.0,0.0,0.0,0.0,0.0,0.0,0.0,0.0,0.0,0.0,0.0,0.0,0.0,0.0,0.0,0.0,0.0,0.0,0.0,0.0,0.0,0.0,0.0,0.0,0.0,0.0,0.0,0.0,0.0,0.0,0.0,0.0,0.0,0.0,0.0,0.0,0.0,0.0,0.869009,0.00576,0.000407,0.85729,0.8649,0.8695,0.8729,0.8801,0.0,0.0,0.0,0.0,0.0,0.0,0.0,0.0,0.869009,0.00576,0.000407,0.85729,0.8649,0.8695,0.8729,0.8801
51.5,0.130991,0.00576,0.000407,0.1199,0.1271,0.1305,0.1351,0.14271,0.0,0.0,0.0,0.0,0.0,0.0,0.0,0.0,0.0,0.0,0.0,0.0,0.0,0.0,0.0,0.0,0.0,0.0,0.0,0.0,0.0,0.0,0.0,0.0,0.0,0.0,0.0,0.0,0.0,0.0,0.0,0.0,0.0,0.0,0.0,0.0,0.0,0.0,0.0,0.0,0.869009,0.00576,0.000407,0.85729,0.8649,0.8695,0.8729,0.8801,0.0,0.0,0.0,0.0,0.0,0.0,0.0,0.0,0.869009,0.00576,0.000407,0.85729,0.8649,0.8695,0.8729,0.8801
51.75,0.130991,0.00576,0.000407,0.1199,0.1271,0.1305,0.1351,0.14271,0.0,0.0,0.0,0.0,0.0,0.0,0.0,0.0,0.0,0.0,0.0,0.0,0.0,0.0,0.0,0.0,0.0,0.0,0.0,0.0,0.0,0.0,0.0,0.0,0.0,0.0,0.0,0.0,0.0,0.0,0.0,0.0,0.0,0.0,0.0,0.0,0.0,0.0,0.0,0.0,0.869009,0.00576,0.000407,0.85729,0.8649,0.8695,0.8729,0.8801,0.0,0.0,0.0,0.0,0.0,0.0,0.0,0.0,0.869009,0.00576,0.000407,0.85729,0.8649,0.8695,0.8729,0.8801
52.0,0.130991,0.00576,0.000407,0.1199,0.1271,0.1305,0.1351,0.14271,0.0,0.0,0.0,0.0,0.0,0.0,0.0,0.0,0.0,0.0,0.0,0.0,0.0,0.0,0.0,0.0,0.0,0.0,0.0,0.0,0.0,0.0,0.0,0.0,0.0,0.0,0.0,0.0,0.0,0.0,0.0,0.0,0.0,0.0,0.0,0.0,0.0,0.0,0.0,0.0,0.869009,0.00576,0.000407,0.85729,0.8649,0.8695,0.8729,0.8801,0.0,0.0,0.0,0.0,0.0,0.0,0.0,0.0,0.869009,0.00576,0.000407,0.85729,0.8649,0.8695,0.8729,0.8801
52.25,0.130991,0.00576,0.000407,0.1199,0.1271,0.1305,0.1351,0.14271,0.0,0.0,0.0,0.0,0.0,0.0,0.0,0.0,0.0,0.0,0.0,0.0,0.0,0.0,0.0,0.0,0.0,0.0,0.0,0.0,0.0,0.0,0.0,0.0,0.0,0.0,0.0,0.0,0.0,0.0,0.0,0.0,0.0,0.0,0.0,0.0,0.0,0.0,0.0,0.0,0.869009,0.00576,0.000407,0.85729,0.8649,0.8695,0.8729,0.8801,0.0,0.0,0.0,0.0,0.0,0.0,0.0,0.0,0.869009,0.00576,0.000407,0.85729,0.8649,0.8695,0.8729,0.8801
52.5,0.130991,0.00576,0.000407,0.1199,0.1271,0.1305,0.1351,0.14271,0.0,0.0,0.0,0.0,0.0,0.0,0.0,0.0,0.0,0.0,0.0,0.0,0.0,0.0,0.0,0.0,0.0,0.0,0.0,0.0,0.0,0.0,0.0,0.0,0.0,0.0,0.0,0.0,0.0,0.0,0.0,0.0,0.0,0.0,0.0,0.0,0.0,0.0,0.0,0.0,0.869009,0.00576,0.000407,0.85729,0.8649,0.8695,0.8729,0.8801,0.0,0.0,0.0,0.0,0.0,0.0,0.0,0.0,0.869009,0.00576,0.000407,0.85729,0.8649,0.8695,0.8729,0.8801
52.75,0.130991,0.00576,0.000407,0.1199,0.1271,0.1305,0.1351,0.14271,0.0,0.0,0.0,0.0,0.0,0.0,0.0,0.0,0.0,0.0,0.0,0.0,0.0,0.0,0.0,0.0,0.0,0.0,0.0,0.0,0.0,0.0,0.0,0.0,0.0,0.0,0.0,0.0,0.0,0.0,0.0,0.0,0.0,0.0,0.0,0.0,0.0,0.0,0.0,0.0,0.869009,0.00576,0.000407,0.85729,0.8649,0.8695,0.8729,0.8801,0.0,0.0,0.0,0.0,0.0,0.0,0.0,0.0,0.869009,0.00576,0.000407,0.85729,0.8649,0.8695,0.8729,0.8801
53.0,0.130991,0.00576,0.000407,0.1199,0.1271,0.1305,0.1351,0.14271,0.0,0.0,0.0,0.0,0.0,0.0,0.0,0.0,0.0,0.0,0.0,0.0,0.0,0.0,0.0,0.0,0.0,0.0,0.0,0.0,0.0,0.0,0.0,0.0,0.0,0.0,0.0,0.0,0.0,0.0,0.0,0.0,0.0,0.0,0.0,0.0,0.0,0.0,0.0,0.0,0.869009,0.00576,0.000407,0.85729,0.8649,0.8695,0.8729,0.8801,0.0,0.0,0.0,0.0,0.0,0.0,0.0,0.0,0.869009,0.00576,0.000407,0.85729,0.8649,0.8695,0.8729,0.8801
53.25,0.130991,0.00576,0.000407,0.1199,0.1271,0.1305,0.1351,0.14271,0.0,0.0,0.0,0.0,0.0,0.0,0.0,0.0,0.0,0.0,0.0,0.0,0.0,0.0,0.0,0.0,0.0,0.0,0.0,0.0,0.0,0.0,0.0,0.0,0.0,0.0,0.0,0.0,0.0,0.0,0.0,0.0,0.0,0.0,0.0,0.0,0.0,0.0,0.0,0.0,0.869009,0.00576,0.000407,0.85729,0.8649,0.8695,0.8729,0.8801,0.0,0.0,0.0,0.0,0.0,0.0,0.0,0.0,0.869009,0.00576,0.000407,0.85729,0.8649,0.8695,0.8729,0.8801
53.5,0.130991,0.00576,0.000407,0.1199,0.1271,0.1305,0.1351,0.14271,0.0,0.0,0.0,0.0,0.0,0.0,0.0,0.0,0.0,0.0,0.0,0.0,0.0,0.0,0.0,0.0,0.0,0.0,0.0,0.0,0.0,0.0,0.0,0.0,0.0,0.0,0.0,0.0,0.0,0.0,0.0,0.0,0.0,0.0,0.0,0.0,0.0,0.0,0.0,0.0,0.869009,0.00576,0.000407,0.85729,0.8649,0.8695,0.8729,0.8801,0.0,0.0,0.0,0.0,0.0,0.0,0.0,0.0,0.869009,0.00576,0.000407,0.85729,0.8649,0.8695,0.8729,0.8801
53.75,0.130991,0.00576,0.000407,0.1199,0.1271,0.1305,0.1351,0.14271,0.0,0.0,0.0,0.0,0.0,0.0,0.0,0.0,0.0,0.0,0.0,0.0,0.0,0.0,0.0,0.0,0.0,0.0,0.0,0.0,0.0,0.0,0.0,0.0,0.0,0.0,0.0,0.0,0.0,0.0,0.0,0.0,0.0,0.0,0.0,0.0,0.0,0.0,0.0,0.0,0.869009,0.00576,0.000407,0.85729,0.8649,0.8695,0.8729,0.8801,0.0,0.0,0.0,0.0,0.0,0.0,0.0,0.0,0.869009,0.00576,0.000407,0.85729,0.8649,0.8695,0.8729,0.8801
54.0,0.130991,0.00576,0.000407,0.1199,0.1271,0.1305,0.1351,0.14271,0.0,0.0,0.0,0.0,0.0,0.0,0.0,0.0,0.0,0.0,0.0,0.0,0.0,0.0,0.0,0.0,0.0,0.0,0.0,0.0,0.0,0.0,0.0,0.0,0.0,0.0,0.0,0.0,0.0,0.0,0.0,0.0,0.0,0.0,0.0,0.0,0.0,0.0,0.0,0.0,0.869009,0.00576,0.000407,0.85729,0.8649,0.8695,0.8729,0.8801,0.0,0.0,0.0,0.0,0.0,0.0,0.0,0.0,0.869009,0.00576,0.000407,0.85729,0.8649,0.8695,0.8729,0.8801
54.25,0.130991,0.00576,0.000407,0.1199,0.1271,0.1305,0.1351,0.14271,0.0,0.0,0.0,0.0,0.0,0.0,0.0,0.0,0.0,0.0,0.0,0.0,0.0,0.0,0.0,0.0,0.0,0.0,0.0,0.0,0.0,0.0,0.0,0.0,0.0,0.0,0.0,0.0,0.0,0.0,0.0,0.0,0.0,0.0,0.0,0.0,0.0,0.0,0.0,0.0,0.869009,0.00576,0.000407,0.85729,0.8649,0.8695,0.8729,0.8801,0.0,0.0,0.0,0.0,0.0,0.0,0.0,0.0,0.869009,0.00576,0.000407,0.85729,0.8649,0.8695,0.8729,0.8801
54.5,0.130991,0.00576,0.000407,0.1199,0.1271,0.1305,0.1351,0.14271,0.0,0.0,0.0,0.0,0.0,0.0,0.0,0.0,0.0,0.0,0.0,0.0,0.0,0.0,0.0,0.0,0.0,0.0,0.0,0.0,0.0,0.0,0.0,0.0,0.0,0.0,0.0,0.0,0.0,0.0,0.0,0.0,0.0,0.0,0.0,0.0,0.0,0.0,0.0,0.0,0.869009,0.00576,0.000407,0.85729,0.8649,0.8695,0.8729,0.8801,0.0,0.0,0.0,0.0,0.0,0.0,0.0,0.0,0.869009,0.00576,0.000407,0.85729,0.8649,0.8695,0.8729,0.8801
54.75,0.130991,0.00576,0.000407,0.1199,0.1271,0.1305,0.1351,0.14271,0.0,0.0,0.0,0.0,0.0,0.0,0.0,0.0,0.0,0.0,0.0,0.0,0.0,0.0,0.0,0.0,0.0,0.0,0.0,0.0,0.0,0.0,0.0,0.0,0.0,0.0,0.0,0.0,0.0,0.0,0.0,0.0,0.0,0.0,0.0,0.0,0.0,0.0,0.0,0.0,0.869009,0.00576,0.000407,0.85729,0.8649,0.8695,0.8729,0.8801,0.0,0.0,0.0,0.0,0.0,0.0,0.0,0.0,0.869009,0.00576,0.000407,0.85729,0.8649,0.8695,0.8729,0.8801
55.0,0.130991,0.00576,0.000407,0.1199,0.1271,0.1305,0.1351,0.14271,0.0,0.0,0.0,0.0,0.0,0.0,0.0,0.0,0.0,0.0,0.0,0.0,0.0,0.0,0.0,0.0,0.0,0.0,0.0,0.0,0.0,0.0,0.0,0.0,0.0,0.0,0.0,0.0,0.0,0.0,0.0,0.0,0.0,0.0,0.0,0.0,0.0,0.0,0.0,0.0,0.869009,0.00576,0.000407,0.85729,0.8649,0.8695,0.8729,0.8801,0.0,0.0,0.0,0.0,0.0,0.0,0.0,0.0,0.869009,0.00576,0.000407,0.85729,0.8649,0.8695,0.8729,0.8801
55.25,0.130991,0.00576,0.000407,0.1199,0.1271,0.1305,0.1351,0.14271,0.0,0.0,0.0,0.0,0.0,0.0,0.0,0.0,0.0,0.0,0.0,0.0,0.0,0.0,0.0,0.0,0.0,0.0,0.0,0.0,0.0,0.0,0.0,0.0,0.0,0.0,0.0,0.0,0.0,0.0,0.0,0.0,0.0,0.0,0.0,0.0,0.0,0.0,0.0,0.0,0.869009,0.00576,0.000407,0.85729,0.8649,0.8695,0.8729,0.8801,0.0,0.0,0.0,0.0,0.0,0.0,0.0,0.0,0.869009,0.00576,0.000407,0.85729,0.8649,0.8695,0.8729,0.8801
55.5,0.130991,0.00576,0.000407,0.1199,0.1271,0.1305,0.1351,0.14271,0.0,0.0,0.0,0.0,0.0,0.0,0.0,0.0,0.0,0.0,0.0,0.0,0.0,0.0,0.0,0.0,0.0,0.0,0.0,0.0,0.0,0.0,0.0,0.0,0.0,0.0,0.0,0.0,0.0,0.0,0.0,0.0,0.0,0.0,0.0,0.0,0.0,0.0,0.0,0.0,0.869009,0.00576,0.000407,0.85729,0.8649,0.8695,0.8729,0.8801,0.0,0.0,0.0,0.0,0.0,0.0,0.0,0.0,0.869009,0.00576,0.000407,0.85729,0.8649,0.8695,0.8729,0.8801
55.75,0.130991,0.00576,0.000407,0.1199,0.1271,0.1305,0.1351,0.14271,0.0,0.0,0.0,0.0,0.0,0.0,0.0,0.0,0.0,0.0,0.0,0.0,0.0,0.0,0.0,0.0,0.0,0.0,0.0,0.0,0.0,0.0,0.0,0.0,0.0,0.0,0.0,0.0,0.0,0.0,0.0,0.0,0.0,0.0,0.0,0.0,0.0,0.0,0.0,0.0,0.869009,0.00576,0.000407,0.85729,0.8649,0.8695,0.8729,0.8801,0.0,0.0,0.0,0.0,0.0,0.0,0.0,0.0,0.869009,0.00576,0.000407,0.85729,0.8649,0.8695,0.8729,0.8801
56.0,0.130991,0.00576,0.000407,0.1199,0.1271,0.1305,0.1351,0.14271,0.0,0.0,0.0,0.0,0.0,0.0,0.0,0.0,0.0,0.0,0.0,0.0,0.0,0.0,0.0,0.0,0.0,0.0,0.0,0.0,0.0,0.0,0.0,0.0,0.0,0.0,0.0,0.0,0.0,0.0,0.0,0.0,0.0,0.0,0.0,0.0,0.0,0.0,0.0,0.0,0.869009,0.00576,0.000407,0.85729,0.8649,0.8695,0.8729,0.8801,0.0,0.0,0.0,0.0,0.0,0.0,0.0,0.0,0.869009,0.00576,0.000407,0.85729,0.8649,0.8695,0.8729,0.8801
56.25,0.130991,0.00576,0.000407,0.1199,0.1271,0.1305,0.1351,0.14271,0.0,0.0,0.0,0.0,0.0,0.0,0.0,0.0,0.0,0.0,0.0,0.0,0.0,0.0,0.0,0.0,0.0,0.0,0.0,0.0,0.0,0.0,0.0,0.0,0.0,0.0,0.0,0.0,0.0,0.0,0.0,0.0,0.0,0.0,0.0,0.0,0.0,0.0,0.0,0.0,0.869009,0.00576,0.000407,0.85729,0.8649,0.8695,0.8729,0.8801,0.0,0.0,0.0,0.0,0.0,0.0,0.0,0.0,0.869009,0.00576,0.000407,0.85729,0.8649,0.8695,0.8729,0.8801
56.5,0.130991,0.00576,0.000407,0.1199,0.1271,0.1305,0.1351,0.14271,0.0,0.0,0.0,0.0,0.0,0.0,0.0,0.0,0.0,0.0,0.0,0.0,0.0,0.0,0.0,0.0,0.0,0.0,0.0,0.0,0.0,0.0,0.0,0.0,0.0,0.0,0.0,0.0,0.0,0.0,0.0,0.0,0.0,0.0,0.0,0.0,0.0,0.0,0.0,0.0,0.869009,0.00576,0.000407,0.85729,0.8649,0.8695,0.8729,0.8801,0.0,0.0,0.0,0.0,0.0,0.0,0.0,0.0,0.869009,0.00576,0.000407,0.85729,0.8649,0.8695,0.8729,0.8801
56.75,0.130991,0.00576,0.000407,0.1199,0.1271,0.1305,0.1351,0.14271,0.0,0.0,0.0,0.0,0.0,0.0,0.0,0.0,0.0,0.0,0.0,0.0,0.0,0.0,0.0,0.0,0.0,0.0,0.0,0.0,0.0,0.0,0.0,0.0,0.0,0.0,0.0,0.0,0.0,0.0,0.0,0.0,0.0,0.0,0.0,0.0,0.0,0.0,0.0,0.0,0.869009,0.00576,0.000407,0.85729,0.8649,0.8695,0.8729,0.8801,0.0,0.0,0.0,0.0,0.0,0.0,0.0,0.0,0.869009,0.00576,0.000407,0.85729,0.8649,0.8695,0.8729,0.8801
57.0,0.130991,0.00576,0.000407,0.1199,0.1271,0.1305,0.1351,0.14271,0.0,0.0,0.0,0.0,0.0,0.0,0.0,0.0,0.0,0.0,0.0,0.0,0.0,0.0,0.0,0.0,0.0,0.0,0.0,0.0,0.0,0.0,0.0,0.0,0.0,0.0,0.0,0.0,0.0,0.0,0.0,0.0,0.0,0.0,0.0,0.0,0.0,0.0,0.0,0.0,0.869009,0.00576,0.000407,0.85729,0.8649,0.8695,0.8729,0.8801,0.0,0.0,0.0,0.0,0.0,0.0,0.0,0.0,0.869009,0.00576,0.000407,0.85729,0.8649,0.8695,0.8729,0.8801
57.25,0.130991,0.00576,0.000407,0.1199,0.1271,0.1305,0.1351,0.14271,0.0,0.0,0.0,0.0,0.0,0.0,0.0,0.0,0.0,0.0,0.0,0.0,0.0,0.0,0.0,0.0,0.0,0.0,0.0,0.0,0.0,0.0,0.0,0.0,0.0,0.0,0.0,0.0,0.0,0.0,0.0,0.0,0.0,0.0,0.0,0.0,0.0,0.0,0.0,0.0,0.869009,0.00576,0.000407,0.85729,0.8649,0.8695,0.8729,0.8801,0.0,0.0,0.0,0.0,0.0,0.0,0.0,0.0,0.869009,0.00576,0.000407,0.85729,0.8649,0.8695,0.8729,0.8801
57.5,0.130991,0.00576,0.000407,0.1199,0.1271,0.1305,0.1351,0.14271,0.0,0.0,0.0,0.0,0.0,0.0,0.0,0.0,0.0,0.0,0.0,0.0,0.0,0.0,0.0,0.0,0.0,0.0,0.0,0.0,0.0,0.0,0.0,0.0,0.0,0.0,0.0,0.0,0.0,0.0,0.0,0.0,0.0,0.0,0.0,0.0,0.0,0.0,0.0,0.0,0.869009,0.00576,0.000407,0.85729,0.8649,0.8695,0.8729,0.8801,0.0,0.0,0.0,0.0,0.0,0.0,0.0,0.0,0.869009,0.00576,0.000407,0.85729,0.8649,0.8695,0.8729,0.8801
57.75,0.130991,0.00576,0.000407,0.1199,0.1271,0.1305,0.1351,0.14271,0.0,0.0,0.0,0.0,0.0,0.0,0.0,0.0,0.0,0.0,0.0,0.0,0.0,0.0,0.0,0.0,0.0,0.0,0.0,0.0,0.0,0.0,0.0,0.0,0.0,0.0,0.0,0.0,0.0,0.0,0.0,0.0,0.0,0.0,0.0,0.0,0.0,0.0,0.0,0.0,0.869009,0.00576,0.000407,0.85729,0.8649,0.8695,0.8729,0.8801,0.0,0.0,0.0,0.0,0.0,0.0,0.0,0.0,0.869009,0.00576,0.000407,0.85729,0.8649,0.8695,0.8729,0.8801
58.0,0.130991,0.00576,0.000407,0.1199,0.1271,0.1305,0.1351,0.14271,0.0,0.0,0.0,0.0,0.0,0.0,0.0,0.0,0.0,0.0,0.0,0.0,0.0,0.0,0.0,0.0,0.0,0.0,0.0,0.0,0.0,0.0,0.0,0.0,0.0,0.0,0.0,0.0,0.0,0.0,0.0,0.0,0.0,0.0,0.0,0.0,0.0,0.0,0.0,0.0,0.869009,0.00576,0.000407,0.85729,0.8649,0.8695,0.8729,0.8801,0.0,0.0,0.0,0.0,0.0,0.0,0.0,0.0,0.869009,0.00576,0.000407,0.85729,0.8649,0.8695,0.8729,0.8801
58.25,0.130991,0.00576,0.000407,0.1199,0.1271,0.1305,0.1351,0.14271,0.0,0.0,0.0,0.0,0.0,0.0,0.0,0.0,0.0,0.0,0.0,0.0,0.0,0.0,0.0,0.0,0.0,0.0,0.0,0.0,0.0,0.0,0.0,0.0,0.0,0.0,0.0,0.0,0.0,0.0,0.0,0.0,0.0,0.0,0.0,0.0,0.0,0.0,0.0,0.0,0.869009,0.00576,0.000407,0.85729,0.8649,0.8695,0.8729,0.8801,0.0,0.0,0.0,0.0,0.0,0.0,0.0,0.0,0.869009,0.00576,0.000407,0.85729,0.8649,0.8695,0.8729,0.8801
58.5,0.130991,0.00576,0.000407,0.1199,0.1271,0.1305,0.1351,0.14271,0.0,0.0,0.0,0.0,0.0,0.0,0.0,0.0,0.0,0.0,0.0,0.0,0.0,0.0,0.0,0.0,0.0,0.0,0.0,0.0,0.0,0.0,0.0,0.0,0.0,0.0,0.0,0.0,0.0,0.0,0.0,0.0,0.0,0.0,0.0,0.0,0.0,0.0,0.0,0.0,0.869009,0.00576,0.000407,0.85729,0.8649,0.8695,0.8729,0.8801,0.0,0.0,0.0,0.0,0.0,0.0,0.0,0.0,0.869009,0.00576,0.000407,0.85729,0.8649,0.8695,0.8729,0.8801
58.75,0.130991,0.00576,0.000407,0.1199,0.1271,0.1305,0.1351,0.14271,0.0,0.0,0.0,0.0,0.0,0.0,0.0,0.0,0.0,0.0,0.0,0.0,0.0,0.0,0.0,0.0,0.0,0.0,0.0,0.0,0.0,0.0,0.0,0.0,0.0,0.0,0.0,0.0,0.0,0.0,0.0,0.0,0.0,0.0,0.0,0.0,0.0,0.0,0.0,0.0,0.869009,0.00576,0.000407,0.85729,0.8649,0.8695,0.8729,0.8801,0.0,0.0,0.0,0.0,0.0,0.0,0.0,0.0,0.869009,0.00576,0.000407,0.85729,0.8649,0.8695,0.8729,0.8801
59.0,0.130991,0.00576,0.000407,0.1199,0.1271,0.1305,0.1351,0.14271,0.0,0.0,0.0,0.0,0.0,0.0,0.0,0.0,0.0,0.0,0.0,0.0,0.0,0.0,0.0,0.0,0.0,0.0,0.0,0.0,0.0,0.0,0.0,0.0,0.0,0.0,0.0,0.0,0.0,0.0,0.0,0.0,0.0,0.0,0.0,0.0,0.0,0.0,0.0,0.0,0.869009,0.00576,0.000407,0.85729,0.8649,0.8695,0.8729,0.8801,0.0,0.0,0.0,0.0,0.0,0.0,0.0,0.0,0.869009,0.00576,0.000407,0.85729,0.8649,0.8695,0.8729,0.8801
59.25,0.130991,0.00576,0.000407,0.1199,0.1271,0.1305,0.1351,0.14271,0.0,0.0,0.0,0.0,0.0,0.0,0.0,0.0,0.0,0.0,0.0,0.0,0.0,0.0,0.0,0.0,0.0,0.0,0.0,0.0,0.0,0.0,0.0,0.0,0.0,0.0,0.0,0.0,0.0,0.0,0.0,0.0,0.0,0.0,0.0,0.0,0.0,0.0,0.0,0.0,0.869009,0.00576,0.000407,0.85729,0.8649,0.8695,0.8729,0.8801,0.0,0.0,0.0,0.0,0.0,0.0,0.0,0.0,0.869009,0.00576,0.000407,0.85729,0.8649,0.8695,0.8729,0.8801
59.5,0.130991,0.00576,0.000407,0.1199,0.1271,0.1305,0.1351,0.14271,0.0,0.0,0.0,0.0,0.0,0.0,0.0,0.0,0.0,0.0,0.0,0.0,0.0,0.0,0.0,0.0,0.0,0.0,0.0,0.0,0.0,0.0,0.0,0.0,0.0,0.0,0.0,0.0,0.0,0.0,0.0,0.0,0.0,0.0,0.0,0.0,0.0,0.0,0.0,0.0,0.869009,0.00576,0.000407,0.85729,0.8649,0.8695,0.8729,0.8801,0.0,0.0,0.0,0.0,0.0,0.0,0.0,0.0,0.869009,0.00576,0.000407,0.85729,0.8649,0.8695,0.8729,0.8801
59.75,0.130991,0.00576,0.000407,0.1199,0.1271,0.1305,0.1351,0.14271,0.0,0.0,0.0,0.0,0.0,0.0,0.0,0.0,0.0,0.0,0.0,0.0,0.0,0.0,0.0,0.0,0.0,0.0,0.0,0.0,0.0,0.0,0.0,0.0,0.0,0.0,0.0,0.0,0.0,0.0,0.0,0.0,0.0,0.0,0.0,0.0,0.0,0.0,0.0,0.0,0.869009,0.00576,0.000407,0.85729,0.8649,0.8695,0.8729,0.8801,0.0,0.0,0.0,0.0,0.0,0.0,0.0,0.0,0.869009,0.00576,0.000407,0.85729,0.8649,0.8695,0.8729,0.8801
60.0,0.130991,0.00576,0.000407,0.1199,0.1271,0.1305,0.1351,0.14271,0.0,0.0,0.0,0.0,0.0,0.0,0.0,0.0,0.0,0.0,0.0,0.0,0.0,0.0,0.0,0.0,0.0,0.0,0.0,0.0,0.0,0.0,0.0,0.0,0.0,0.0,0.0,0.0,0.0,0.0,0.0,0.0,0.0,0.0,0.0,0.0,0.0,0.0,0.0,0.0,0.869009,0.00576,0.000407,0.85729,0.8649,0.8695,0.8729,0.8801,0.0,0.0,0.0,0.0,0.0,0.0,0.0,0.0,0.869009,0.00576,0.000407,0.85729,0.8649,0.8695,0.8729,0.8801
