run,final_size,peak_t,peak_value,major,shift,realised.clustering,realised.erased_fraction,realised.excess_degree,realised.mean_degree
1,0.7965,23.08802,0.2195,1,-0.072365,0.000482874,0.0,4.986,4.9842
2,0.8043,27.223127,0.2381,1,4.13192,0.000526089,0.0,5.00854,5.0096
3,0.0001,0.0,0.0001,0,0.0,0.000420095,0.0,4.93821,4.9168
4,0.7884,24.057253,0.2316,1,1.468369,0.000468904,0.0,5.06003,5.0576
5,0.0002,0.216134,0.0002,0,0.0,0.000543465,0.0,5.03721,5.041
6,0.7822,22.178639,0.2177,1,-1.063129,0.000337138,0.0,4.98651,4.9966
7,0.0001,0.0,0.0001,0,0.0,0.000532001,0.0,4.98714,4.9752
8,0.0001,0.0,0.0001,0,0.0,0.00040397,0.0,5.02736,5.0224
9,0.0001,0.0,0.0001,0,0.0,0.000601039,0.0,4.99896,4.9924
10,0.0002,0.715236,0.0002,0,0.0,0.000476467,0.0,5.02121,5.0158
11,0.8036,24.891471,0.2338,1,3.217337,0.000549009,0.0,5.01701,5.0102
12,0.0001,0.0,0.0001,0,0.0,0.000606477,0.0,4.97706,4.9694
13,0.0002,1.278764,0.0002,0,0.0,0.000719183,0.0,4.99689,5.0088
14,0.8038,24.992386,0.2466,1,3.619361,0.000491604,0.0,5.0625,5.0628
15,0.0002,0.015442,0.0002,0,0.0,0.000436692,0.0,4.98476,4.9614
16,0.8037,20.374415,0.2427,1,-1.527537,0.000429273,0.0,5.01171,5.02
17,0.7859,23.376862,0.2307,1,1.784052,0.000457412,0.0,4.99836,4.9862
18,0.8106,25.908488,0.2399,1,3.044596,0.000380252,0.0,5.02156,5.0276
19,0.0001,0.0,0.0001,0,0.0,0.000503807,0.0,4.99932,5.0026
20,0.7972,18.552911,0.2316,1,-2.842285,0.000380117,0.0,5.04402,5.007
21,0.8107,29.489864,0.2401,1,6.855832,0.000572943,0.0,5.01404,5.0126
22,0.8074,24.491917,0.2259,1,1.206786,0.000446488,0.0,5.05256,5.0534
23,0.7996,24.289534,0.2326,1,1.826864,0.000548738,0.0,5.01328,5.0164
24,0.791,19.631517,0.2346,1,-2.437561,0.000543456,0.0,4.92138,4.9354
25,0.7876,23.547716,0.2165,1,0.932973,0.000509569,0.0,4.97121,4.974
26,0.0001,0.0,0.0001,0,0.0,0.000440198,0.0,4.95164,4.9548
27,0.0001,0.0,0.0001,0,0.0,0.000380084,0.0,5.03822,5.0132
28,0.0004,1.969013,0.0004,0,0.0,0.000604907,0.0,4.98476,4.9746
29,0.7877,29.820281,0.2264,1,7.531746,0.000511003,0.0,4.95845,4.9728
30,0.7989,22.271342,0.229,1,-0.242863,0.000548507,0.0,5.0106,5.0212
31,0.7883,18.735198,0.2255,1,-3.691577,0.000361353,0.0,4.99206,4.9892
32,0.7973,24.691669,0.232,1,2.737273,0.000576023,0.0,4.998,5.0018
33,0.8122,17.716663,0.25,1,-3.595394,0.000400254,0.0,5.0453,5.051
34,0.8007,25.738647,0.233,1,2.718416,0.000480277,0.0,4.98734,5.0098
35,0.8024,21.598523,0.2225,1,-1.535945,0.000450767,0.0,5.01849,5.0394
36,0.7997,22.195644,0.2362,1,0.212711,0.000502192,0.0,5.02343,4.9946
37,0.7784,22.368174,0.2181,1,-0.187862,0.000363536,0.0,4.98085,4.9704
38,0.7823,28.472473,0.2228,1,5.094871,0.000522884,0.0,5.0256,5.0232
39,0.7921,17.902711,0.2306,1,-3.39235,0.000559697,0.0,4.96121,4.9698
40,0.0001,0.0,0.0001,0,0.0,0.000565322,0.0,5.0436,5.0504
41,0.0005,3.639613,0.0004,0,0.0,0.000382546,0.0,5.01339,5.0056
42,0.8001,22.13175,0.2349,1,-1.045476,0.000479896,0.0,5.01231,4.9888
43,0.8098,23.497335,0.2437,1,0.938634,0.000637303,0.0,5.03877,5.0448
44,0.7842,21.865673,0.2277,1,-0.703079,0.000438771,0.0,4.96574,4.9568
45,0.0002,1.668348,0.0002,0,0.0,0.000427953,0.0,5.02837,5.0188
46,0.0001,0.0,0.0001,0,0.0,0.000487037,0.0,4.9589,4.9686
47,0.0001,0.0,0.0001,0,0.0,0.000257581,0.0,5.07145,5.0524
48,0.0001,0.0,0.0001,0,0.0,0.000724212,0.0,4.98588,4.985
49,0.0001,0.0,0.0001,0,0.0,0.000627706,0.0,4.98204,4.9884
50,0.0001,0.0,0.0001,0,0.0,0.000339866,0.0,4.96616,4.9768
51,0.0001,0.0,0.0001,0,0.0,0.000398024,0.0,5.06035,5.0642
52,0.7973,21.280227,0.2303,1,-0.767534,0.000685579,0.0,5.03571,5.04
53,0.7969,25.455101,0.2288,1,1.830992,0.000383834,0.0,5.00657,4.9956
54,0.0001,0.0,0.0001,0,0.0,0.000519019,0.0,5.05036,5.0358
55,0.0001,0.0,0.0001,0,0.0,0.000499097,0.0,5.0252,5.0238
56,0.0002,0.32022,0.0002,0,0.0,0.000555466,0.0,4.99457,4.9742
57,0.8017,20.646814,0.2165,1,-1.184512,0.000779164,0.0,4.95831,4.9698
58,0.0001,0.0,0.0001,0,0.0,0.000524617,0.0,5.024,5.0082
59,0.8002,23.016411,0.2206,1,0.905984,0.000505732,0.0,4.99647,4.9864
60,0.8032,21.179706,0.23,1,-1.594711,0.000378881,0.0,5.03593,5.0314
61,0.7822,25.498637,0.2257,1,2.787138,0.000501006,0.0,5.01404,5.0158
62,0.0001,0.0,0.0001,0,0.0,0.000342555,0.0,4.94946,4.9544
63,0.7916,21.530939,0.2209,1,0.115754,0.000615072,0.0,4.93552,4.9412
64,0.7878,20.036901,0.2314,1,-1.699876,0.000429249,0.0,5.02521,5.0068
65,0.8007,19.834367,0.2299,1,-1.804939,0.000672264,0.0,4.99844,4.9996
66,0.0001,0.0,0.0001,0,0.0,0.000520948,0.0,5.03465,5.0328
67,0.7764,32.56685,0.2006,1,8.430733,0.000605444,0.0,4.98294,4.972
68,0.8002,20.041552,0.2305,1,-2.354636,0.000571193,0.0,5.017,5.025
69,0.7829,19.221469,0.2208,1,-3.634683,0.000575825,0.0,5.00212,4.9994
70,0.7921,36.679819,0.2272,1,12.37035,0.000510138,0.0,4.97286,4.9668
71,0.0002,0.252138,0.0002,0,0.0,0.000509095,0.0,4.97104,4.9788
72,0.0001,0.0,0.0001,0,0.0,0.000353321,0.0,5.04268,5.0514
73,0.0001,0.0,0.0001,0,0.0,0.000463226,0.0,4.94614,4.9756
74,0.0001,0.0,0.0001,0,0.0,0.000359715,0.0,5.00056,5.0034
75,0.0002,1.190057,0.0002,0,0.0,0.00042081,0.0,5.06029,5.0718
76,0.0004,0.863738,0.0003,0,0.0,0.000425485,0.0,5.03008,5.0462
77,0.798,16.29398,0.2425,1,-5.364223,0.000524526,0.0,5.02849,5.0046
78,0.7896,30.152858,0.2274,1,8.231292,0.000401205,0.0,5.04212,5.0422
79,0.0001,0.0,0.0001,0,0.0,0.000589099,0.0,5.0423,5.0498
80,0.8134,18.010976,0.2404,1,-3.605526,0.000376988,0.0,5.03958,5.053
81,0.0001,0.0,0.0001,0,0.0,0.000529674,0.0,4.98779,4.9964
82,0.7953,24.486561,0.2245,1,2.3891,0.000506468,0.0,4.97942,4.9962
83,0.777,28.045463,0.2087,1,5.505993,0.000556232,0.0,4.97929,4.9826
84,0.0003,1.059935,0.0003,0,0.0,0.000385647,0.0,4.99522,4.9834
85,0.7994,32.55726,0.2296,1,10.522518,0.00055292,0.0,5.00048,4.9912
86,0.7907,16.933495,0.2365,1,-5.216265,0.000581072,0.0,4.97926,4.977
87,0.0001,0.0,0.0001,0,0.0,0.000505862,0.0,4.98399,4.9976
88,0.7944,20.414116,0.2247,1,-1.715949,0.000649846,0.0,4.99159,4.9942
89,0.8016,32.073347,0.2375,1,10.489622,0.000521983,0.0,5.03328,5.0242
90,0.0005,1.580559,0.0004,0,0.0,0.000645434,0.0,5.01527,5.0046
91,0.8063,23.57929,0.2446,1,0.935354,0.000713329,0.0,5.03106,5.0156
92,0.7938,25.15418,0.2364,1,2.233126,0.000602448,0.0,4.98546,4.9942
93,0.7942,19.569034,0.2292,1,-1.841563,0.000379984,0.0,5.0285,5.0242
94,0.7867,21.934073,0.2142,1,-0.421093,0.00033703,0.0,4.98173,5.003
95,0.0002,1.307016,0.0002,0,0.0,0.000508151,0.0,4.98448,4.9746
96,0.0001,0.0,0.0001,0,0.0,0.000447294,0.0,5.04565,5.0512
97,0.7923,22.418769,0.2297,1,-0.58656,0.000468809,0.0,5.07169,5.047
98,0.7824,21.268743,0.215,1,-0.874454,0.000441844,0.0,4.94677,4.9412
99,0.0001,0.0,0.0001,0,0.0,0.000568267,0.0,5.03241,5.0354
100,0.8035,20.047983,0.2257,1,-2.118243,0.000453558,0.0,5.00111,5.0258
101,0.0006,4.044031,0.0003,0,0.0,0.000533489,0.0,4.98124,4.9672
102,0.0001,0.0,0.0001,0,0.0,0.000661257,0.0,4.95386,4.9454
103,0.7892,25.531199,0.2159,1,2.128553,0.000440256,0.0,4.956,4.9498
104,0.0004,1.960945,0.0003,0,0.0,0.000501968,0.0,5.01462,5.0056
105,0.0004,5.628847,0.0003,0,0.0,0.000590844,0.0,5.05242,5.0248
106,0.7905,26.621784,0.2151,1,4.165929,0.000405838,0.0,5.01661,5.01
107,0.0001,0.0,0.0001,0,0.0,0.00037984,0.0,5.03041,5.0242
108,0.0001,0.0,0.0001,0,0.0,0.000602318,0.0,4.98096,4.9998
109,0.8033,21.233057,0.2276,1,-1.653634,0.000441768,0.0,4.93424,4.9546
110,0.7919,24.130798,0.2307,1,0.760497,0.000505927,0.0,4.99074,4.9902
111,0.7966,20.72328,0.2224,1,-0.793148,0.000359012,0.0,5.01236,5.0014
112,0.8013,19.333827,0.232,1,-2.769222,0.000406887,0.0,5.00687,5.0068
113,0.7898,19.388243,0.205,1,-2.446281,0.000443477,0.0,4.93175,4.938
114,0.8138,17.585993,0.2385,1,-3.805771,0.000381883,0.0,5.01328,5.0144
115,0.0002,0.205607,0.0002,0,0.0,0.000527363,0.0,4.99804,5.008
116,0.0001,0.0,0.0001,0,0.0,0.000575719,0.0,5.00665,4.9958
117,0.803,23.052664,0.2287,1,0.718907,0.000331442,0.0,5.04414,5.0244
118,0.8024,21.78617,0.2291,1,-0.527747,0.000604517,0.0,4.97,4.9926
119,0.0001,0.0,0.0001,0,0.0,0.000527992,0.0,4.99528,5.0048
120,0.7955,22.119414,0.2328,1,-1.249598,0.000439951,0.0,4.95363,4.9556
121,0.8026,19.860198,0.2423,1,-1.679363,0.000614987,0.0,5.02544,5.0476
122,0.0005,0.961789,0.0005,0,0.0,0.000330111,0.0,5.04881,5.04
123,0.8009,26.339576,0.2233,1,3.549066,0.000727728,0.0,5.05618,5.055
124,0.7961,22.522356,0.2314,1,-0.489043,0.000573609,0.0,5.01542,5.0054
125,0.7996,21.635079,0.2289,1,-1.131244,0.000428323,0.0,5.00349,5.0394
126,0.0001,0.0,0.0001,0,0.0,0.00047459,0.0,5.03705,5.0198
127,0.7963,18.168144,0.2222,1,-4.154014,0.00056356,0.0,4.95412,4.9428
128,0.8017,23.273466,0.2403,1,1.751147,0.000456482,0.0,4.99093,5.0038
129,0.0001,0.0,0.0001,0,0.0,0.00047125,0.0,5.04581,5.0466
130,0.7959,19.218385,0.2333,1,-3.303605,0.000704744,0.0,5.06047,5.0472
131,0.7996,22.451941,0.2339,1,-0.539001,0.000544817,0.0,5.04574,5.02
132,0.7866,19.326633,0.2321,1,-2.919425,0.000574722,0.0,5.00431,5.0068
133,0.8074,25.748013,0.2449,1,3.380569,0.000421266,0.0,5.0622,5.0644
134,0.0001,0.0,0.0001,0,0.0,0.000442004,0.0,5.08911,5.068
135,0.0001,0.0,0.0001,0,0.0,0.000604234,0.0,4.9851,4.9798
136,0.0002,0.46888,0.0002,0,0.0,0.000553914,0.0,4.98851,4.9942
137,0.0022,15.616955,0.0011,0,0.0,0.000487242,0.0,4.96741,4.958
138,0.7978,22.550205,0.2376,1,0.763619,0.000485093,0.0,5.09522,5.0978
139,0.7783,19.467166,0.2245,1,-2.500581,0.000432086,0.0,5.01887,4.9802
140,0.0007,0.888197,0.0004,0,0.0,0.000511397,0.0,4.96022,4.9672
141,0.7955,22.033624,0.2363,1,-1.061058,0.00054489,0.0,5.03884,5.0262
142,0.7974,21.467711,0.2237,1,-1.637605,0.000532894,0.0,4.98981,4.9642
143,0.7994,21.297284,0.2207,1,-2.595501,0.000585909,0.0,4.96489,4.9502
144,0.0001,0.0,0.0001,0,0.0,0.000522263,0.0,5.03077,5.024
145,0.7975,20.225083,0.2197,1,-3.589331,0.000647182,0.0,5.00092,5.0054
146,0.7931,20.070016,0.2221,1,-2.577706,0.000755968,0.0,4.96172,4.9588
147,0.0001,0.0,0.0001,0,0.0,0.000609191,0.0,4.96087,4.9634
148,0.8166,19.170321,0.2469,1,-2.660792,0.00042337,0.0,5.04322,5.0582
149,0.7889,29.039439,0.2161,1,6.320718,0.000411108,0.0,4.97095,4.9912
150,0.811,22.103934,0.2484,1,0.677017,0.00042941,0.0,5.00155,5.0286
151,0.0005,1.492561,0.0004,0,0.0,0.000628657,0.0,4.97251,4.9904
152,0.0001,0.0,0.0001,0,0.0,0.000484371,0.0,4.98038,4.9744
153,0.7881,20.625097,0.226,1,-1.963317,0.000612769,0.0,5.04522,5.046
154,0.7988,18.7369,0.2301,1,-3.841308,0.000556452,0.0,4.97632,4.9836
155,0.0028,1.989399,0.0007,0,0.0,0.000468333,0.0,5.057,5.0668
156,0.0001,0.0,0.0001,0,0.0,0.000544284,0.0,5.03743,5.0332
157,0.0002,0.397834,0.0002,0,0.0,0.000476467,0.0,5.02342,5.0136
158,0.0001,0.0,0.0001,0,0.0,0.000308705,0.0,5.03764,5.0156
159,0.0001,0.0,0.0001,0,0.0,0.00050162,0.0,5.00889,5.0148
160,0.0003,0.897829,0.0002,0,0.0,0.00051421,0.0,4.94962,4.9506
161,0.0005,2.363252,0.0004,0,0.0,0.0007491,0.0,4.9855,4.9804
162,0.7926,18.374849,0.2209,1,-2.816012,0.000532615,0.0,4.98399,4.9726
163,0.7942,31.281819,0.2322,1,7.581463,0.000510336,0.0,4.97253,4.9652
164,0.7856,22.218122,0.2199,1,-1.072191,0.000407446,0.0,5.0066,5.0002
165,0.8106,32.931134,0.2378,1,10.294854,0.00051646,0.0,5.0579,5.0532
166,0.7866,28.734928,0.2159,1,5.068156,0.000593731,0.0,4.91337,4.9362
167,0.7978,31.424766,0.2364,1,8.238129,0.000478339,0.0,5.01596,5.0014
168,0.7978,22.023666,0.226,1,-0.74838,0.000698139,0.0,4.98687,4.9978
169,0.8011,19.305376,0.2435,1,-2.340791,0.000522772,0.0,5.02868,5.0212
170,0.7811,21.561717,0.2069,1,-0.767651,0.000559207,0.0,4.97898,4.9564
171,0.0001,0.0,0.0001,0,0.0,0.000598463,0.0,4.99705,5.0158
172,0.7915,21.400923,0.2268,1,-1.21745,0.000333728,0.0,5.01998,5.014
173,0.0001,0.0,0.0001,0,0.0,0.000572669,0.0,5.02065,5.0084
174,0.0005,1.454275,0.0003,0,0.0,0.000665647,0.0,5.01303,5.0346
175,0.0002,0.616178,0.0002,0,0.0,0.000781904,0.0,5.03696,5.0274
176,0.0001,0.0,0.0001,0,0.0,0.000342994,0.0,4.94612,4.9514
177,0.0001,0.0,0.0001,0,0.0,0.000366191,0.0,5.13451,5.1058
178,0.8069,23.554986,0.2443,1,1.380924,0.000526249,0.0,5.0271,4.9896
179,0.7962,23.412697,0.2318,1,0.637772,0.000467658,0.0,4.93298,4.9416
180,0.8137,23.114766,0.2319,1,1.594385,0.000590133,0.0,5.03746,5.0458
181,0.7958,24.13727,0.2175,1,1.092092,0.000264298,0.0,5.00256,4.9918
182,0.7921,24.794696,0.2145,1,2.159066,0.000358551,0.0,5.01839,5.0018
183,0.0001,0.0,0.0001,0,0.0,0.000354356,0.0,5.04814,5.0312
184,0.7907,24.691466,0.231,1,3.110163,0.000495345,0.0,5.04558,5.0414
185,0.0001,0.0,0.0001,0,0.0,0.000692979,0.0,5.01418,5.0076
186,0.7897,20.369641,0.2258,1,-2.527749,0.00049933,0.0,5.02305,5.0236
187,0.7987,27.799632,0.228,1,5.86319,0.000434056,0.0,4.9933,4.983
188,0.0001,0.0,0.0001,0,0.0,0.000380072,0.0,5.03617,5.0154
189,0.0001,0.0,0.0001,0,0.0,0.000696814,0.0,4.99176,5.0024
190,0.791,21.764792,0.2274,1,-0.021923,0.000524801,0.0,5.00784,5.0226
191,0.7976,23.093754,0.23,1,1.147897,0.000431455,0.0,5.01877,4.9876
192,0.8016,20.407644,0.2193,1,-1.657352,0.000355086,0.0,5.03696,5.032
193,0.8011,20.440536,0.2281,1,-1.904026,0.000456029,0.0,5.00689,4.9928
194,0.7831,27.720749,0.226,1,4.69949,0.000651141,0.0,4.99346,4.9824
195,0.0002,2.854885,0.0002,0,0.0,0.000640794,0.0,4.9281,4.94
196,0.811,17.811561,0.2487,1,-3.793843,0.000745301,0.0,5.08797,5.0632
197,0.7877,29.067424,0.212,1,5.962583,0.000501748,0.0,5.00522,5.0172
198,0.7917,20.507732,0.2297,1,-1.693135,0.00031642,0.0,4.96431,4.9656
199,0.0002,0.249905,0.0002,0,0.0,0.000528766,0.0,4.98658,5.0062
200,0.8052,20.027141,0.2325,1,-1.594661,0.000341189,0.0,4.96647,4.9572
201,0.0007,3.414441,0.0005,0,0.0,0.000501102,0.0,5.00052,5.0284
202,0.0001,0.0,0.0001,0,0.0,0.000413995,0.0,4.95356,4.9738
203,0.7945,18.42192,0.2262,1,-4.194398,0.000417147,0.0,4.94135,4.9484
204,0.0001,0.0,0.0001,0,0.0,0.000536712,0.0,4.95312,4.9654
205,0.7996,20.863667,0.2258,1,-2.051082,0.000426513,0.0,5.04515,5.019
206,0.0002,0.834454,0.0002,0,0.0,0.000567369,0.0,4.93183,4.9318
207,0.0005,1.653731,0.0003,0,0.0,0.000589118,0.0,5.04594,5.046
208,0.0001,0.0,0.0001,0,0.0,0.000456947,0.0,4.98545,5.0042
209,0.8002,22.487866,0.2222,1,-1.753459,0.000558045,0.0,4.97029,4.9754
210,0.7995,29.9648,0.225,1,6.882788,0.00072696,0.0,5.04416,5.0724
211,0.7993,26.904811,0.2268,1,4.732688,0.000448632,0.0,5.04299,5.0388
212,0.8024,21.015446,0.2332,1,-1.528186,0.000480338,0.0,4.99368,5.0028
213,0.0001,0.0,0.0001,0,0.0,0.000506158,0.0,4.98267,4.996
214,0.8048,31.908231,0.2332,1,8.978429,0.000478499,0.0,5.00587,5.0098
215,0.784,21.62487,0.2276,1,-0.367278,0.000469248,0.0,4.93043,4.9274
216,0.0001,0.0,0.0001,0,0.0,0.000433123,0.0,5.00345,4.9836
217,0.796,22.359869,0.2316,1,0.783086,0.000410212,0.0,4.99361,4.9794
218,0.0002,0.036223,0.0002,0,0.0,0.000530508,0.0,5.00217,4.9742
219,0.7883,20.478158,0.2229,1,-1.128731,0.000671329,0.0,5.01182,4.9932
220,0.7979,19.979885,0.226,1,-0.961769,0.000478305,0.0,5.01331,5.0044
221,0.7703,22.877688,0.2147,1,0.306142,0.000457273,0.0,4.99868,4.9874
222,0.0001,0.0,0.0001,0,0.0,0.00063775,0.0,4.93862,4.953
223,0.0001,0.0,0.0001,0,0.0,0.000553031,0.0,4.99468,4.996
224,0.0001,0.0,0.0001,0,0.0,0.000676012,0.0,5.07396,5.0728
225,0.808,19.576096,0.2358,1,-2.188595,0.000698689,0.0,4.98754,4.9932
226,0.8029,20.516651,0.2467,1,-2.179728,0.000429212,0.0,5.02645,5.006
227,0.8092,20.220664,0.2406,1,-1.502311,0.000490834,0.0,5.07224,5.061
228,0.0001,0.0,0.0001,0,0.0,0.000412758,0.0,4.976,4.9662
229,0.788,26.851808,0.2223,1,3.804767,0.000702514,0.0,4.97713,4.9764
230,0.8142,21.930419,0.2414,1,0.122144,0.000478908,0.0,5.0096,5.0018
231,0.0001,0.0,0.0001,0,0.0,0.000719729,0.0,5.00448,4.9974
232,0.0002,2.386117,0.0002,0,0.0,0.000637996,0.0,5.05213,5.026
233,0.0001,0.0,0.0001,0,0.0,0.000530342,0.0,5.00354,4.9744
234,0.0001,0.0,0.0001,0,0.0,0.000614914,0.0,5.04081,5.0328
235,0.0001,0.0,0.0001,0,0.0,0.000478393,0.0,5.01119,5.0056
236,0.805,18.280913,0.2326,1,-4.488472,0.000554903,0.0,4.97802,4.9958
237,0.8038,18.049009,0.2367,1,-3.22551,0.000524438,0.0,5.01271,5.0212
238,0.0002,1.126314,0.0002,0,0.0,0.000511596,0.0,4.96568,4.9598
239,0.801,26.162885,0.2497,1,3.696991,0.000503738,0.0,5.0006,5.002
240,0.0001,0.0,0.0001,0,0.0,0.000707898,0.0,5.04312,5.042
241,0.795,20.815364,0.2294,1,-1.098881,0.000519211,0.0,5.03669,5.0476
242,0.7934,26.53967,0.2109,1,2.305695,0.000476641,0.0,5.01378,5.0214
243,0.8018,27.949438,0.2287,1,6.184144,0.000548682,0.0,5.018,5.0122
244,0.0001,0.0,0.0001,0,0.0,0.000383212,0.0,4.98992,5.0204
245,0.8109,19.218551,0.2565,1,-2.740036,0.000534681,0.0,4.97052,4.9668
246,0.0001,0.0,0.0001,0,0.0,0.000508524,0.0,4.96943,4.986
247,0.0001,0.0,0.0001,0,0.0,0.000658627,0.0,5.07009,5.031
248,0.7974,20.894585,0.2296,1,-1.650895,0.000420165,0.0,5.07266,5.0672
249,0.8093,21.970278,0.2394,1,0.145279,0.000769971,0.0,4.99159,4.9956
250,0.7897,19.940881,0.2274,1,-1.535315,0.00058243,0.0,4.96605,4.9786
251,0.8078,24.116981,0.2345,1,0.954384,0.000549897,0.0,5.00351,5.0156
252,0.7861,23.099664,0.2182,1,0.435874,0.000593359,0.0,4.91904,4.9336
253,0.0001,0.0,0.0001,0,0.0,0.00040055,0.0,5.04098,5.0516
254,0.788,19.646345,0.2186,1,-2.899087,0.0005377,0.0,4.94242,4.967
255,0.7973,22.318024,0.2292,1,0.102345,0.000267612,0.0,4.9601,4.9722
256,0.0008,2.564928,0.0004,0,0.0,0.000430536,0.0,4.99681,5.0202
257,0.0001,0.0,0.0001,0,0.0,0.000583837,0.0,4.96226,4.9704
258,0.0001,0.0,0.0001,0,0.0,0.000552495,0.0,5.00072,4.9948
259,0.7983,25.143308,0.2285,1,1.744372,0.000436808,0.0,4.97481,4.97
260,0.8082,22.100424,0.2304,1,-0.61559,0.00044526,0.0,5.0515,5.0684
261,0.7951,19.508399,0.22,1,-3.886562,0.000601917,0.0,4.99447,4.9896
262,0.8089,23.696559,0.2429,1,0.656355,0.000570926,0.0,5.02935,5.015
263,0.0001,0.0,0.0001,0,0.0,0.000545368,0.0,5.03262,5.028
264,0.8045,21.512757,0.2391,1,-1.134086,0.00062439,0.0,4.99249,5.0044
265,0.813,19.701979,0.2348,1,-2.16964,0.000376964,0.0,5.04629,5.0466
266,0.0001,0.0,0.0001,0,0.0,0.00053625,0.0,4.9512,4.9716
267,0.0002,0.293446,0.0002,0,0.0,0.000616386,0.0,5.02617,5.0354
268,0.7967,24.986534,0.2095,1,0.730437,0.000659169,0.0,4.96533,4.9496
269,0.7974,18.665058,0.2302,1,-3.346524,0.000509507,0.0,4.96662,4.9792
270,0.0001,0.0,0.0001,0,0.0,0.000547302,0.0,5.00866,5.0342
271,0.0003,3.582429,0.0003,0,0.0,0.000361542,0.0,5.0045,4.9742
272,0.0006,0.600885,0.0002,0,0.0,0.000604161,0.0,4.99132,4.9742
273,0.8037,20.012961,0.2363,1,-1.653547,0.000429618,0.0,5.02129,5.0064
274,0.8037,20.821927,0.2334,1,-1.664672,0.000592286,0.0,5.03912,5.0258
275,0.0001,0.0,0.0001,0,0.0,0.000692874,0.0,5.01474,5.0078
276,0.0001,0.0,0.0001,0,0.0,0.000463418,0.0,4.96384,4.9558
277,0.7985,26.640656,0.2305,1,4.419789,0.000527409,0.0,5.0002,5.0054
278,0.8009,19.128292,0.2241,1,-3.193688,0.000374701,0.0,5.06733,5.056
279,0.7977,24.333732,0.2239,1,1.801749,0.000337106,0.0,4.99539,4.9882
280,0.7993,23.933547,0.2296,1,2.234254,0.000480108,0.0,4.9891,5.0098
281,0.7945,23.653361,0.2254,1,0.370484,0.00042954,0.0,5.0108,5.0178
282,0.7797,28.356178,0.2169,1,5.944415,0.000579976,0.0,4.98686,4.9788
283,0.0001,0.0,0.0001,0,0.0,0.00034435,0.0,4.94042,4.9376
284,0.8076,20.55107,0.2405,1,-0.603716,0.000566675,0.0,5.03914,5.0428
285,0.0001,0.0,0.0001,0,0.0,0.000618969,0.0,5.02536,5.0152
286,0.7947,18.048257,0.226,1,-4.019724,0.000390666,0.0,4.97478,4.9396
287,0.7935,22.978259,0.2145,1,-0.738254,0.000612259,0.0,5.05664,5.0388
288,0.0001,0.0,0.0001,0,0.0,0.000628227,0.0,4.9857,4.9806
289,0.7963,30.06924,0.2227,1,8.127466,0.000785933,0.0,5.01773,5.0208
290,0.0001,0.0,0.0001,0,0.0,0.000407778,0.0,4.99772,5.005
291,0.7789,20.382181,0.2188,1,-2.293387,0.000397499,0.0,4.91293,4.9158
292,0.0001,0.0,0.0001,0,0.0,0.00048345,0.0,4.96392,5.0004
293,0.0001,0.0,0.0001,0,0.0,0.000788549,0.0,5.01226,5.0096
294,0.7897,19.983602,0.2143,1,-2.88448,0.000411267,0.0,4.97281,4.9874
295,0.0001,0.0,0.0001,0,0.0,0.00055947,0.0,4.96222,4.9708
296,0.7935,20.177521,0.2286,1,-1.970661,0.000500879,0.0,5.02132,5.0098
297,0.7757,20.282376,0.2154,1,-2.292888,0.00048811,0.0,4.95717,4.9594
298,0.0001,0.0,0.0001,0,0.0,0.000389335,0.0,4.96384,4.9674
299,0.001,3.003188,0.0008,0,0.0,0.000611317,0.0,4.95401,4.953
300,0.7887,18.786527,0.234,1,-3.801439,0.000292058,0.0,4.95869,4.9716
301,0.7928,23.139156,0.2229,1,0.438285,0.000530449,0.0,4.9817,4.9952
302,0.7896,30.597203,0.2229,1,8.222262,0.000266099,0.0,4.97688,4.9836
303,0.7946,21.601558,0.237,1,-0.27999,0.000740859,0.0,5.01378,5.0074
304,0.0001,0.0,0.0001,0,0.0,0.000371085,0.0,4.92071,4.9288
305,0.0001,0.0,0.0001,0,0.0,0.000483372,0.0,4.98386,4.9812
306,0.7944,22.246484,0.2298,1,0.203705,0.00067037,0.0,5.00295,5.0092
307,0.0001,0.0,0.0001,0,0.0,0.000523677,0.0,5.0208,5.0204
308,0.7956,25.558523,0.2353,1,3.730338,0.000362103,0.0,4.98892,4.982
309,0.8064,25.651966,0.2321,1,3.15456,0.000522868,0.0,5.02056,5.0284
310,0.7809,20.902259,0.2189,1,-1.905979,0.000462291,0.0,4.97073,4.961
311,0.0001,0.0,0.0001,0,0.0,0.000449793,0.0,5.03957,5.0292
312,0.7887,21.516451,0.2157,1,-2.011421,0.000406948,0.0,5.00891,5.004
313,0.801,18.537459,0.237,1,-3.377683,0.000387703,0.0,4.97253,4.9796
314,0.8009,26.230567,0.2247,1,2.694204,0.000457236,0.0,4.98927,4.9972
315,0.0004,0.972888,0.0004,0,0.0,0.000610844,0.0,4.95504,4.9558
316,0.8062,23.026019,0.2437,1,1.153671,0.000619166,0.0,5.03461,5.0044
317,0.0003,1.964364,0.0002,0,0.0,0.000524642,0.0,5.0312,5.0008
318,0.7868,22.674978,0.2199,1,0.495916,0.000467961,0.0,4.94198,4.9294
319,0.0001,0.0,0.0001,0,0.0,0.000593636,0.0,5.01907,5.0344
320,0.0001,0.0,0.0001,0,0.0,0.000480573,0.0,4.99984,4.9942
321,0.0001,0.0,0.0001,0,0.0,0.000384421,0.0,4.99652,4.998
322,0.8034,23.342334,0.2243,1,0.053941,0.000669104,0.0,5.01282,5.0088
323,0.8011,20.218909,0.2297,1,-1.885114,0.000520833,0.0,5.03416,5.0344
324,0.0001,0.0,0.0001,0,0.0,0.000477677,0.0,5.02311,5.0012
325,0.7852,21.445504,0.2239,1,-1.51284,0.000543232,0.0,4.91684,4.942
326,0.0009,4.080775,0.0006,0,0.0,0.000511355,0.0,4.96322,4.9646
327,0.8033,19.421461,0.2402,1,-2.340074,0.000397559,0.0,5.07549,5.055
328,0.7865,21.121467,0.2157,1,-1.361321,0.000402828,0.0,5.04262,5.0214
329,0.0004,1.030098,0.0002,0,0.0,0.000671656,0.0,4.99876,5.0038
330,0.7815,19.594287,0.2143,1,-2.478358,0.000543628,0.0,5.04652,5.0302
331,0.0001,0.0,0.0001,0,0.0,0.000532847,0.0,4.97222,4.9822
332,0.8017,17.897162,0.238,1,-3.96131,0.000561176,0.0,5.06902,5.0622
333,0.0001,0.0,0.0001,0,0.0,0.00055875,0.0,4.95586,4.9836
334,0.8002,21.820098,0.2302,1,-0.210179,0.000405351,0.0,5.01323,5.0194
335,0.0007,1.915108,0.0004,0,0.0,0.000425747,0.0,5.0256,5.0476
336,0.0001,0.0,0.0001,0,0.0,0.000489853,0.0,5.07277,5.0706
337,0.0006,1.237564,0.0003,0,0.0,0.000509758,0.0,4.96736,4.976
338,0.0001,0.0,0.0001,0,0.0,0.000549963,0.0,5.0067,5.0118
339,0.0003,0.288685,0.0002,0,0.0,0.000431793,0.0,4.99242,5.01
340,0.7723,23.862533,0.2046,1,0.41922,0.000449094,0.0,4.91265,4.8952
341,0.8043,17.724437,0.2388,1,-3.943817,0.000579804,0.0,5.08127,5.0914
342,0.0001,0.0,0.0001,0,0.0,0.000508466,0.0,4.99544,4.9606
343,0.0001,0.0,0.0001,0,0.0,0.000501289,0.0,5.00821,5.0188
344,0.0002,0.179781,0.0002,0,0.0,0.000577048,0.0,4.99472,4.9962
345,0.8022,24.672703,0.2321,1,1.999106,0.000579146,0.0,4.9842,4.9886
346,0.7925,23.625887,0.2294,1,0.566939,0.000504545,0.0,5.00923,4.9854
347,0.0001,0.0,0.0001,0,0.0,0.000528385,0.0,5.00176,4.9946
348,0.7994,22.101208,0.2338,1,0.147559,0.000311788,0.0,5.0002,5.0032
349,0.7918,24.031951,0.2297,1,2.011741,0.000498986,0.0,5.03052,5.0196
350,0.8042,27.40474,0.2336,1,4.933279,0.000461774,0.0,4.96469,4.9726
351,0.8027,20.759778,0.2238,1,-2.001542,0.000465044,0.0,5.07473,5.0848
352,0.0001,0.0,0.0001,0,0.0,0.000632732,0.0,4.95518,4.9756
353,0.0002,2.383261,0.0002,0,0.0,0.000586276,0.0,4.95377,4.9582
354,0.7844,25.528036,0.2206,1,3.89547,0.000192822,0.0,4.99306,4.9856
355,0.7877,21.160629,0.2186,1,-0.648824,0.000694129,0.0,5.01328,5.0002
356,0.0001,0.0,0.0001,0,0.0,0.000451153,0.0,5.0154,5.0382
357,0.7848,19.14741,0.2193,1,-3.040478,0.00033673,0.0,4.99896,4.9902
358,0.8038,21.681686,0.2355,1,-0.915061,0.000367305,0.0,4.94207,4.958
359,0.7887,24.149549,0.2224,1,0.663935,0.000410248,0.0,4.98656,4.986
360,0.0001,0.0,0.0001,0,0.0,0.000616265,0.0,5.03497,5.0276
361,0.0001,0.0,0.0001,0,0.0,0.000194415,0.0,4.9771,4.9606
362,0.7952,19.832447,0.2286,1,-1.975991,0.000516321,0.0,4.94657,4.9334
363,0.0001,0.0,0.0001,0,0.0,0.00038444,0.0,4.98909,5.0052
364,0.8089,22.739391,0.2263,1,-0.511905,0.000623272,0.0,5.00244,5.0034
365,0.7971,23.952216,0.2321,1,1.579862,0.000401768,0.0,5.04848,5.0288
366,0.0001,0.0,0.0001,0,0.0,0.000569584,0.0,5.02177,5.0344
367,0.7848,22.349299,0.2175,1,-1.8852,0.000577562,0.0,5.00169,4.9848
368,0.0001,0.0,0.0001,0,0.0,0.000440993,0.0,4.93495,4.9626
369,0.0001,0.0,0.0001,0,0.0,0.000414904,0.0,4.95126,4.9652
370,0.8073,20.412605,0.2436,1,-1.639346,0.000400657,0.0,5.04863,5.0426
371,0.0001,0.0,0.0001,0,0.0,0.000580015,0.0,5.09564,5.0752
372,0.8016,28.193642,0.2301,1,5.114836,0.000790369,0.0,5.00972,5.0006
373,0.7863,24.169076,0.2183,1,2.050153,0.000362918,0.0,4.98312,4.9766
374,0.0002,2.91943,0.0002,0,0.0,0.00038177,0.0,5.01456,5.0146
375,0.8035,17.685017,0.2425,1,-3.907204,0.000551925,0.0,4.99748,5.0032
376,0.0002,0.06892,0.0002,0,0.0,0.000540944,0.0,4.92926,4.9504
377,0.8028,25.957584,0.2397,1,3.023607,0.000457291,0.0,4.98807,4.9978
378,0.7888,26.972809,0.2222,1,3.218581,0.00074064,0.0,4.99729,5.0254
379,0.0003,3.186128,0.0003,0,0.0,0.000316366,0.0,4.95957,4.9712
380,0.7916,26.31124,0.23,1,3.081224,0.000747474,0.0,4.98833,4.9884
381,0.7966,26.193994,0.2274,1,4.04989,0.000594442,0.0,4.91746,4.9262
382,0.0001,0.0,0.0001,0,0.0,0.000530935,0.0,4.99233,4.98
383,0.0001,0.0,0.0001,0,0.0,0.000389361,0.0,4.96472,4.9662
384,0.0001,0.0,0.0001,0,0.0,0.000284855,0.0,5.02505,5.03
385,0.0002,0.149583,0.0002,0,0.0,0.00047172,0.0,5.04178,5.0456
386,0.0001,0.0,0.0001,0,0.0,0.000513192,0.0,4.95224,4.9578
387,0.0001,0.0,0.0001,0,0.0,0.000382842,0.0,4.99872,5.0164
388,0.7848,20.295491,0.2218,1,-1.174394,0.00048537,0.0,4.96753,4.977
389,0.7863,34.700479,0.225,1,11.16101,0.000363766,0.0,4.99237,4.9558
390,0.0001,0.0,0.0001,0,0.0,0.000462764,0.0,4.97407,4.9526
391,0.7951,19.846177,0.2245,1,-2.803294,0.000430118,0.0,5.02268,4.9992
392,0.805,24.918536,0.2284,1,1.982046,0.000505107,0.0,5.00566,4.9834
393,0.0001,0.0,0.0001,0,0.0,0.000436907,0.0,4.96389,4.9798
394,0.0003,0.776985,0.0003,0,0.0,0.000431948,0.0,5.01806,4.9826
395,0.7912,22.367759,0.2325,1,0.047462,0.000578643,0.0,4.99875,4.9784
396,0.7981,21.596038,0.2353,1,-0.739014,0.000581987,0.0,4.96325,4.9852
397,0.0001,0.0,0.0001,0,0.0,0.000460617,0.0,4.97176,4.978
398,0.0001,0.0,0.0001,0,0.0,0.000433018,0.0,4.97908,5.0092
399,0.7868,24.259701,0.2166,1,1.791224,0.000595668,0.0,5.02751,5.0088
400,0.798,19.870338,0.2282,1,-2.536537,0.000431441,0.0,5.00808,4.9984
401,0.0001,0.0,0.0001,0,0.0,0.000532318,0.0,4.98016,4.9792
402,0.7924,20.157841,0.2284,1,-1.418861,0.000459707,0.0,4.9834,4.9762
403,0.0001,0.0,0.0001,0,0.0,0.000624305,0.0,4.9848,5.0128
404,0.7836,29.41262,0.2181,1,7.695579,0.000320695,0.0,4.93371,4.9298
405,0.7957,19.089868,0.2434,1,-2.568866,0.000677006,0.0,5.08073,5.0586
406,0.7965,31.50489,0.225,1,8.518348,0.0005676,0.0,5.03533,5.0384
407,0.0001,0.0,0.0001,0,0.0,0.000394458,0.0,4.92516,4.9414
408,0.0001,0.0,0.0001,0,0.0,0.000458513,0.0,4.98117,4.9914
409,0.7924,21.972866,0.2266,1,0.251105,0.000603447,0.0,5.00125,4.9702
410,0.0002,3.369795,0.0002,0,0.0,0.00039145,0.0,4.95138,4.953
411,0.0001,0.0,0.0001,0,0.0,0.00050907,0.0,4.97768,4.9724
412,0.7896,31.223092,0.2187,1,8.293464,0.000316335,0.0,4.95945,4.9718
413,0.7837,18.390369,0.2237,1,-3.691528,0.000548581,0.0,5.01551,5.0156
414,0.8003,19.74796,0.2275,1,-2.163266,0.000498647,0.0,5.02534,5.0282
415,0.0002,0.51419,0.0002,0,0.0,0.000671844,0.0,4.99976,5.0014
416,0.7857,20.270827,0.2259,1,-2.111607,0.00034084,0.0,4.95218,4.9766
417,0.8055,24.007462,0.2325,1,1.936421,0.000449754,0.0,5.0328,5.0364
418,0.0001,0.0,0.0001,0,0.0,0.000501365,0.0,5.02487,5.0014
419,0.0001,0.0,0.0001,0,0.0,0.000592408,0.0,5.02828,5.0356
420,0.0005,2.421065,0.0005,0,0.0,0.000433909,0.0,4.99198,4.986
421,0.0001,0.0,0.0001,0,0.0,0.000435417,0.0,4.98068,4.98
422,0.7931,20.56388,0.2269,1,-0.852882,0.000578016,0.0,5.00498,4.9776
423,0.0001,0.0,0.0001,0,0.0,0.000431138,0.0,5.0098,5.0002
424,0.0001,0.0,0.0001,0,0.0,0.000340815,0.0,4.96751,4.9616
425,0.7957,24.144611,0.2241,1,0.522242,0.000479069,0.0,4.99573,5.014
426,0.0002,0.659456,0.0002,0,0.0,0.000540527,0.0,4.93126,4.9522
427,0.7991,23.135075,0.236,1,-0.338551,0.000500743,0.0,5.01327,5.0192
428,0.7886,33.465629,0.2158,1,9.991497,0.000553421,0.0,4.99916,4.988
429,0.8083,21.034875,0.2378,1,-1.692026,0.00050518,0.0,4.98633,5.002
430,0.7931,20.751034,0.2321,1,-1.251241,0.000376873,0.0,5.05794,5.0362
431,0.0001,0.0,0.0001,0,0.0,0.000681946,0.0,5.05292,5.0496
432,0.7861,22.224021,0.2284,1,-0.05934,0.000358609,0.0,5.00578,5.0136
433,0.7927,23.391145,0.2328,1,2.268693,0.000509272,0.0,4.97531,4.9728
434,0.7892,19.40519,0.2317,1,-2.804504,0.000544508,0.0,5.04459,5.024
435,0.0003,5.813436,0.0002,0,0.0,0.000555752,0.0,4.97959,4.9866
436,0.8078,21.914599,0.2296,1,-0.875224,0.000616498,0.0,5.03246,5.0282
437,0.7911,25.730384,0.2355,1,2.976576,0.000360782,0.0,4.99876,4.9904
438,0.811,16.563675,0.2403,1,-5.033207,0.000743138,0.0,5.005,5.0008
439,0.0001,0.0,0.0001,0,0.0,0.000406342,0.0,5.01018,5.0102
440,0.0003,2.151227,0.0003,0,0.0,0.000502276,0.0,4.99339,5.0238
441,0.8108,18.783151,0.2291,1,-3.584345,0.00035716,0.0,5.01768,5.022
442,0.7923,26.254068,0.213,1,2.668376,0.000464264,0.0,4.94781,4.9628
443,0.7931,26.036938,0.2262,1,3.296729,0.000577548,0.0,4.99359,4.993
444,0.0001,0.0,0.0001,0,0.0,0.000313664,0.0,4.98985,4.9836
445,0.7893,19.69075,0.2179,1,-2.456131,0.000518921,0.0,5.0395,5.0476
446,0.8024,19.880261,0.235,1,-2.796155,0.00057055,0.0,5.03427,5.0134
447,0.0001,0.0,0.0001,0,0.0,0.000517547,0.0,4.92946,4.9388
448,0.7963,16.511591,0.2222,1,-4.938896,0.000435305,0.0,4.97338,4.9886
449,0.785,20.828636,0.2088,1,-2.726848,0.000480742,0.0,5.0075,4.9848
450,0.0002,1.513912,0.0002,0,0.0,0.000338762,0.0,4.98056,4.9786
451,0.7937,23.324227,0.2286,1,0.161595,0.00039175,0.0,4.94559,4.955
452,0.0001,0.0,0.0001,0,0.0,0.000415489,0.0,4.95067,4.9588
453,0.8085,24.651866,0.2299,1,2.057984,0.000528541,0.0,4.99928,4.9956
454,0.0001,0.0,0.0001,0,0.0,0.000381995,0.0,5.02202,5.0042
455,0.7922,17.743025,0.2349,1,-3.955654,0.000357782,0.0,5.01395,5.017
456,0.7947,21.479673,0.2259,1,-1.199505,0.000639952,0.0,5.0415,5.0212
457,0.7901,19.219224,0.2255,1,-2.702015,0.000461456,0.0,4.96132,4.9794
458,0.795,18.485278,0.2266,1,-3.380308,0.000532249,0.0,4.9824,4.9776
459,0.0001,0.0,0.0001,0,0.0,0.000386405,0.0,4.98043,4.9884
460,0.8033,21.404447,0.2332,1,-0.953413,0.000670771,0.0,5.00156,5.0076
461,0.7943,26.100456,0.216,1,3.606459,0.0003726,0.0,4.91047,4.919
462,0.7983,18.655821,0.2263,1,-3.740576,0.00058259,0.0,4.96848,4.9748
463,0.0002,0.760609,0.0002,0,0.0,0.000553173,0.0,5.01609,4.9734
464,0.8019,21.121641,0.2471,1,-0.62328,0.000243839,0.0,4.96437,4.9566
465,0.8058,19.527455,0.2367,1,-3.485621,0.000614301,0.0,4.94652,4.9364
466,0.0001,0.0,0.0001,0,0.0,0.000532593,0.0,4.97399,4.9828
467,0.7932,20.639559,0.2344,1,-1.082433,0.000585057,0.0,4.9609,4.9614
468,0.7984,21.462255,0.2305,1,-1.389505,0.000596507,0.0,5.00426,5.025
469,0.0001,0.0,0.0001,0,0.0,0.000409546,0.0,4.97515,5.006
470,0.0001,0.0,0.0001,0,0.0,0.000480858,0.0,5.00108,4.99
471,0.791,19.30782,0.238,1,-2.908349,0.000526559,0.0,5.00567,5.008
472,0.7886,25.4334,0.2226,1,1.870496,0.000486456,0.0,4.96402,4.9694
473,0.7926,28.11954,0.2201,1,4.909724,0.000553772,0.0,4.99279,4.9912
474,0.7993,22.368275,0.2358,1,0.035499,0.000463369,0.0,4.95876,4.9614
475,0.807,28.039649,0.2371,1,5.233169,0.000434863,0.0,4.97544,4.9916
476,0.8012,24.335028,0.2276,1,1.637491,0.000683794,0.0,4.96359,4.9498
477,0.0001,0.0,0.0001,0,0.0,0.000577993,0.0,4.98755,4.9952
478,0.8066,20.753547,0.2284,1,-0.790603,0.000478103,0.0,5.00562,5.0142
479,0.0002,1.337396,0.0002,0,0.0,0.000456727,0.0,4.98626,5.0058
480,0.0001,0.0,0.0001,0,0.0,0.000627438,0.0,4.98336,4.9892
481,0.0001,0.0,0.0001,0,0.0,0.00061223,0.0,5.04367,5.052
482,0.0001,0.0,0.0001,0,0.0,0.000615657,0.0,5.03633,5.0312
483,0.8045,19.406851,0.2118,1,-3.918895,0.000432228,0.0,4.99736,5.0
484,0.0002,0.759848,0.0002,0,0.0,0.000725035,0.0,4.98242,4.9828
485,0.7965,19.913329,0.2294,1,-2.993807,0.000436131,0.0,4.97173,4.9808
486,0.7856,25.572182,0.2129,1,2.655283,0.000460982,0.0,4.96842,4.9774
487,0.7959,31.965875,0.2242,1,8.998024,0.000604897,0.0,4.97744,4.982
488,0.7991,21.645774,0.2278,1,-1.173195,0.000427872,0.0,5.04078,5.0074
489,0.7929,21.158401,0.2246,1,-1.299992,0.000434867,0.0,4.974,4.993
490,0.7999,34.478255,0.229,1,10.351889,0.000667467,0.0,5.00513,5.0288
491,0.7822,27.82925,0.2105,1,4.194441,0.0006129,0.0,4.9468,4.9474
492,0.0005,4.580994,0.0003,0,0.0,0.000485822,0.0,4.9665,4.9734
493,0.809,23.242857,0.2396,1,1.117214,0.000374646,0.0,5.06507,5.059
494,0.7934,26.655666,0.2173,1,4.609459,0.000655011,0.0,4.96714,4.9792
495,0.7985,20.549884,0.2342,1,-2.817674,0.000614546,0.0,5.03303,5.0436
496,0.8026,21.337248,0.222,1,0.181591,0.000506077,0.0,4.9751,5.0044
497,0.0002,0.760394,0.0002,0,0.0,0.000505853,0.0,4.99847,4.9832
498,0.0001,0.0,0.0001,0,0.0,0.000449392,0.0,5.03905,5.0342
499,0.0001,0.0,0.0001,0,0.0,0.000526988,0.0,4.9984,5.0112
500,0.7859,36.632043,0.2118,1,12.857977,0.000600731,0.0,4.88901,4.903
501,0.7985,24.55988,0.2345,1,1.840143,0.000522776,0.0,5.01864,5.0312
502,0.7963,24.411879,0.2202,1,1.648098,0.000493478,0.0,4.9363,4.9262
503,0.7886,29.616154,0.2205,1,6.964934,0.000292452,0.0,4.96399,4.9596
504,0.8019,32.907044,0.2352,1,9.95334,0.000520451,0.0,5.03546,5.0368
505,0.7917,25.726498,0.2228,1,2.479447,0.00054242,0.0,4.9232,4.943
506,0.7949,20.636058,0.2288,1,-0.617035,0.000577552,0.0,4.99455,4.992
507,0.7869,30.217292,0.2199,1,7.871381,0.00056157,0.0,5.06627,5.0614
508,0.7951,26.744841,0.2206,1,3.58292,0.000572628,0.0,5.0166,5.0128
509,0.7989,25.917162,0.2304,1,3.152015,0.000242266,0.0,4.97693,4.9762
510,0.807,20.883414,0.2344,1,-0.768063,0.000649247,0.0,4.993,4.9974
511,0.0001,0.0,0.0001,0,0.0,0.000600355,0.0,4.99005,5.007
512,0.7964,26.401358,0.2388,1,4.077089,0.00050174,0.0,5.0173,5.0052
513,0.0001,0.0,0.0001,0,0.0,0.000818252,0.0,4.98883,4.9974
514,0.0002,0.203724,0.0002,0,0.0,0.000390314,0.0,4.96099,4.9578
515,0.0004,1.435444,0.0004,0,0.0,0.00057992,0.0,4.98254,4.9836
516,0.0001,0.0,0.0001,0,0.0,0.00040757,0.0,5.00088,5.0044
517,0.802,26.307648,0.25,1,4.582769,0.00076689,0.0,5.00184,5.0054
518,0.8007,25.605537,0.2433,1,2.980115,0.000644966,0.0,5.00849,5.015
519,0.0003,2.455852,0.0002,0,0.0,0.000632716,0.0,4.96448,4.9664
520,0.0001,0.0,0.0001,0,0.0,0.000417944,0.0,4.94593,4.9344
521,0.0001,0.0,0.0001,0,0.0,0.000362962,0.0,4.96974,4.9894
522,0.0004,3.034824,0.0003,0,0.0,0.000412274,0.0,4.96743,4.9806
523,0.7986,19.871277,0.2439,1,-1.323654,0.000459485,0.0,4.98702,4.975
524,0.7819,26.311981,0.2121,1,2.951346,0.000532456,0.0,4.99412,4.964
525,0.7919,21.180225,0.2289,1,-0.938142,0.000459559,0.0,4.98741,4.9738
526,0.0003,1.977675,0.0002,0,0.0,0.000513088,0.0,4.95265,4.9584
527,0.0001,0.0,0.0001,0,0.0,0.000460256,0.0,4.97525,4.9784
528,0.0001,0.0,0.0001,0,0.0,0.000471202,0.0,5.04813,5.0448
529,0.7937,20.549762,0.2322,1,-1.512279,0.000556919,0.0,4.97994,4.9758
530,0.0001,0.0,0.0001,0,0.0,0.000568415,0.0,5.0365,5.03
531,0.8096,23.235537,0.2366,1,0.137837,0.00056294,0.0,5.05154,5.0638
532,0.0002,0.961062,0.0002,0,0.0,0.000458472,0.0,4.97563,4.9974
533,0.0001,0.0,0.0001,0,0.0,0.000392147,0.0,4.94338,4.9522
534,0.7882,22.74324,0.2235,1,1.343969,0.000470266,0.0,4.91278,4.9344
535,0.8083,22.570974,0.2386,1,0.749079,0.000423417,0.0,5.04625,5.0546
536,0.7898,20.479387,0.2163,1,-1.700036,0.000364925,0.0,4.97049,4.9618
537,0.799,30.884625,0.2265,1,8.505016,0.000422145,0.0,5.07551,5.0406
538,0.0006,0.818128,0.0003,0,0.0,0.00039584,0.0,4.92311,4.9262
539,0.8022,27.270082,0.2293,1,4.582421,0.000498753,0.0,5.02346,5.029
540,0.0002,0.2512,0.0002,0,0.0,0.000516735,0.0,5.05421,5.0542
541,0.0013,1.58065,0.0005,0,0.0,0.000519871,0.0,4.9334,4.9128
542,0.0001,0.0,0.0001,0,0.0,0.00062411,0.0,5.01316,4.986
543,0.0003,0.357444,0.0002,0,0.0,0.000552818,0.0,4.9932,4.9994
544,0.0005,1.361215,0.0003,0,0.0,0.000450885,0.0,5.02536,5.0312
545,0.0003,2.602341,0.0003,0,0.0,0.000498666,0.0,5.02814,5.0252
546,0.7901,25.864885,0.2277,1,3.541549,0.000288862,0.0,4.98787,4.9972
547,0.795,29.869531,0.2218,1,7.004132,0.000645933,0.0,5.0156,5.0004
548,0.0001,0.0,0.0001,0,0.0,0.00041129,0.0,4.97932,4.9806
549,0.0001,0.0,0.0001,0,0.0,0.000434531,0.0,4.99104,4.9798
550,0.0003,5.678645,0.0003,0,0.0,0.000525302,0.0,4.9971,5.0286
551,0.0001,0.0,0.0001,0,0.0,0.000353732,0.0,5.04021,5.048
552,0.789,20.988616,0.227,1,-0.762307,0.00068697,0.0,4.94204,4.9484
553,0.8067,27.997097,0.2321,1,5.557797,0.000537499,0.0,4.94905,4.9622
554,0.7953,23.96633,0.2293,1,1.793425,0.000550239,0.0,5.017,4.999
555,0.0001,0.0,0.0001,0,0.0,0.000567045,0.0,5.03885,5.0398
556,0.0002,0.268605,0.0002,0,0.0,0.000478763,0.0,5.01713,4.9958
557,0.7908,24.724397,0.2194,1,2.18288,0.000555488,0.0,4.98175,4.9868
558,0.0001,0.0,0.0001,0,0.0,0.000393124,0.0,4.93908,4.9442
559,0.0001,0.0,0.0001,0,0.0,0.00060775,0.0,4.95308,4.983
560,0.0009,7.304126,0.0005,0,0.0,0.000472236,0.0,5.03827,5.0436
561,0.7898,23.498592,0.243,1,2.176279,0.000329725,0.0,5.05312,5.0416
562,0.8039,24.063143,0.2443,1,1.702544,0.000573321,0.0,5.00634,5.017
563,0.787,28.765004,0.2311,1,6.087841,0.000570853,0.0,5.02058,5.0244
564,0.0001,0.0,0.0001,0,0.0,0.000540603,0.0,4.93796,4.9448
565,0.8031,24.638775,0.238,1,2.915329,0.000635728,0.0,5.05366,5.0424
566,0.0001,0.0,0.0001,0,0.0,0.00061288,0.0,5.04551,5.0448
567,0.7857,32.682955,0.2169,1,9.773242,0.00051917,0.0,5.03729,5.0474
568,0.8095,22.661989,0.24,1,0.551457,0.000410939,0.0,4.96762,4.9966
569,0.7949,22.505299,0.2272,1,-0.278064,0.000434338,0.0,4.98385,4.9892
570,0.0001,0.0,0.0001,0,0.0,0.000426217,0.0,5.03381,5.0338
571,0.7995,21.684797,0.2136,1,-0.801403,0.000389033,0.0,4.96791,4.9672
572,0.7987,21.359808,0.2461,1,-0.911817,0.000534374,0.0,4.95761,4.9826
573,0.0001,0.0,0.0001,0,0.0,0.000436318,0.0,4.9756,4.9748
574,0.785,19.598001,0.2175,1,-2.245611,0.000418383,0.0,4.92278,4.9524
575,0.7968,26.658778,0.2298,1,3.757738,0.000602134,0.0,4.99407,4.9882
576,0.0001,0.0,0.0001,0,0.0,0.000428062,0.0,5.0191,5.0268
577,0.0002,0.096441,0.0002,0,0.0,0.000314928,0.0,4.97421,4.9792
578,0.7955,19.621098,0.2286,1,-1.815806,0.000589516,0.0,5.04833,5.0402
579,0.7926,30.272283,0.2116,1,7.057699,0.000588355,0.0,4.93706,4.9574
580,0.8123,30.6181,0.2425,1,7.563291,0.000612731,0.0,5.04914,5.0424
581,0.7914,21.299673,0.2205,1,-0.891396,0.000547609,0.0,4.89975,4.9196
582,0.7967,21.784838,0.2292,1,-0.75254,0.000561683,0.0,4.95163,4.9618
583,0.7836,23.136368,0.2174,1,1.375783,0.000512295,0.0,4.95871,4.96
584,0.7906,22.518425,0.2314,1,0.059939,0.000488138,0.0,4.95489,4.9614
585,0.0001,0.0,0.0001,0,0.0,0.000473597,0.0,5.03077,5.0366
586,0.7959,26.121682,0.2217,1,4.703975,0.000424065,0.0,5.04453,5.0486
587,0.8096,23.203532,0.2316,1,-0.327299,0.000583621,0.0,5.07516,5.0642
588,0.0002,0.130206,0.0002,0,0.0,0.000518884,0.0,5.06474,5.0228
589,0.0005,1.637844,0.0003,0,0.0,0.000517756,0.0,4.93827,4.928
590,0.0006,2.666189,0.0004,0,0.0,0.000246009,0.0,4.94053,4.9366
591,0.0001,0.0,0.0001,0,0.0,0.000479402,0.0,4.99405,5.0122
592,0.8111,23.966657,0.2309,1,1.576428,0.000454411,0.0,5.00667,5.0108
593,0.8061,30.027563,0.2396,1,8.192278,0.00044603,0.0,5.05374,5.0574
594,0.8006,28.536104,0.2281,1,5.119407,0.000406087,0.0,5.00594,5.0176
595,0.0002,0.867655,0.0002,0,0.0,0.00057313,0.0,5.00741,5.0176
596,0.7928,24.179581,0.2202,1,1.825479,0.000544559,0.0,5.0401,5.028
597,0.8052,19.309395,0.2346,1,-1.689682,0.000588942,0.0,5.04145,5.052
598,0.7974,30.444844,0.2338,1,9.059054,0.000562668,0.0,4.96478,4.94
599,0.797,24.58773,0.2438,1,2.05885,0.000493189,0.0,5.06483,5.0442
600,0.7999,27.496245,0.2319,1,4.521788,0.000479731,0.0,4.99421,5.0086
601,0.7934,28.754044,0.2328,1,5.734123,0.000451339,0.0,5.02151,5.03
602,0.8047,20.587849,0.2341,1,-1.95593,0.000454527,0.0,5.02102,4.9952
603,0.789,27.778314,0.225,1,4.691203,0.000423672,0.0,5.0486,5.0492
604,0.0001,0.0,0.0001,0,0.0,0.000500485,0.0,5.0319,5.0032
605,0.0004,2.75028,0.0003,0,0.0,0.000498635,0.0,5.02926,5.0244
606,0.0002,1.052195,0.0002,0,0.0,0.000435649,0.0,4.97523,4.9828
607,0.0001,0.0,0.0001,0,0.0,0.000564556,0.0,4.93818,4.95
608,0.8115,26.691361,0.237,1,4.412778,0.000425827,0.0,5.04223,5.03
609,0.0001,0.0,0.0001,0,0.0,0.000575296,0.0,4.99533,5.0108
610,0.8015,31.603653,0.2272,1,8.501369,0.000576766,0.0,4.98479,5.0086
611,0.7902,20.853122,0.2281,1,-1.001895,0.000456142,0.0,5.00324,4.9952
612,0.0007,0.628454,0.0003,0,0.0,0.000354041,0.0,5.03362,5.0502
613,0.0007,0.980656,0.0004,0,0.0,0.000609613,0.0,5.06071,5.0566
614,0.7977,21.397092,0.2299,1,-0.902203,0.000586359,0.0,5.07068,5.045
615,0.0002,12.536789,0.0002,0,0.0,0.000675404,0.0,4.98297,4.9918
616,0.8083,19.040493,0.2445,1,-2.525115,0.000548764,0.0,5.00884,5.0206
617,0.7775,20.498649,0.2081,1,-0.481624,0.00060937,0.0,4.96543,4.9574
618,0.7748,23.555091,0.2084,1,0.903078,0.000526035,0.0,5.02411,4.9946
619,0.0002,0.040552,0.0002,0,0.0,0.000630915,0.0,4.97325,4.9718
620,0.7854,23.791929,0.2237,1,0.835078,0.000391287,0.0,4.94785,4.9586
621,0.0002,1.547853,0.0002,0,0.0,0.00040956,0.0,4.99334,4.9876
622,0.7962,18.727038,0.2162,1,-2.854873,0.00039168,0.0,4.94209,4.9594
623,0.81,27.040001,0.2304,1,4.749347,0.000509313,0.0,4.96791,4.9798
624,0.0001,0.0,0.0001,0,0.0,0.000639816,0.0,4.92347,4.9522
625,0.8035,21.519782,0.2435,1,-1.789216,0.000479839,0.0,4.99808,5.0036
626,0.0001,0.0,0.0001,0,0.0,0.000617577,0.0,5.02707,5.0248
627,0.797,25.811684,0.2292,1,3.168195,0.000433543,0.0,4.9986,4.9836
628,0.0001,0.0,0.0001,0,0.0,0.00050949,0.0,4.97078,4.9752
629,0.0001,0.0,0.0001,0,0.0,0.000686387,0.0,4.95686,4.9378
630,0.8083,20.691475,0.2325,1,-1.353983,0.000594205,0.0,5.01705,5.0316
631,0.7995,18.747859,0.2494,1,-2.971173,0.000736879,0.0,5.023,5.0252
632,0.0001,0.0,0.0001,0,0.0,0.00043338,0.0,4.99387,4.9902
633,0.8067,19.558142,0.2324,1,-1.643839,0.000735841,0.0,5.03149,5.0238
634,0.7897,29.013424,0.2228,1,5.750835,0.000410281,0.0,4.98856,4.9836
635,0.0001,0.0,0.0001,0,0.0,0.000496337,0.0,5.0383,5.0386
636,0.0001,0.0,0.0001,0,0.0,0.000361608,0.0,4.98774,4.99
637,0.0001,0.0,0.0001,0,0.0,0.000462824,0.0,5.10149,5.0824
638,0.7817,23.335461,0.224,1,1.25859,0.000425857,0.0,5.05675,5.0152
639,0.792,21.10407,0.2253,1,-1.431287,0.000640645,0.0,5.03084,5.0264
640,0.0001,0.0,0.0001,0,0.0,0.000476743,0.0,5.0171,5.017
641,0.7812,21.343345,0.2176,1,-1.390655,0.000593599,0.0,5.03078,5.023
642,0.7912,18.893902,0.2234,1,-3.20013,0.000705859,0.0,4.96692,4.963
643,0.8077,22.818522,0.2332,1,0.767977,0.000473466,0.0,5.0214,5.0474
644,0.8008,25.666788,0.2231,1,2.434308,0.000415093,0.0,4.95639,4.9578
645,0.7928,28.170255,0.22,1,5.871159,0.00036371,0.0,4.97267,4.9762
646,0.0001,0.0,0.0001,0,0.0,0.000332773,0.0,5.03499,5.0134
647,0.0001,0.0,0.0001,0,0.0,0.000484801,0.0,4.97536,4.975
648,0.0003,0.268472,0.0002,0,0.0,0.000335702,0.0,4.99984,5.0046
649,0.0001,0.0,0.0001,0,0.0,0.0005438,0.0,5.03772,5.0374
650,0.0001,0.0,0.0001,0,0.0,0.000455493,0.0,4.99697,5.0086
651,0.7989,23.289198,0.2392,1,1.226971,0.00059556,0.0,5.01262,5.0246
652,0.0001,0.0,0.0001,0,0.0,0.000385536,0.0,4.98786,4.9922
653,0.0001,0.0,0.0001,0,0.0,0.00067471,0.0,4.9907,4.9892
654,0.0005,2.584514,0.0005,0,0.0,0.000411715,0.0,4.97138,4.9834
655,0.7959,19.458709,0.2335,1,-2.150156,0.000643148,0.0,5.01565,5.022
656,0.0001,0.0,0.0001,0,0.0,0.000457563,0.0,4.98471,4.9982
657,0.7934,26.49613,0.2224,1,4.191151,0.000386393,0.0,4.98,4.989
658,0.7935,22.689979,0.2127,1,-1.50965,0.000789681,0.0,5.01067,5.004
659,0.0001,0.0,0.0001,0,0.0,0.000574108,0.0,5.00447,5.012
660,0.7857,27.586135,0.215,1,3.103957,0.000625306,0.0,4.9798,5.0098
661,0.8022,23.260792,0.2264,1,0.739579,0.000507447,0.0,4.98318,4.9828
662,0.8092,24.85304,0.2305,1,2.837961,0.000452996,0.0,5.01291,5.0202
663,0.0002,0.240105,0.0002,0,0.0,0.000480623,0.0,4.99572,4.9978
664,0.8088,20.798219,0.2415,1,-2.196004,0.000433418,0.0,4.98683,4.9968
665,0.7855,20.872055,0.2124,1,-2.552091,0.00061519,0.0,5.03695,5.0344
666,0.7999,21.75123,0.2398,1,-0.382369,0.000544508,0.0,5.03977,5.0288
667,0.7994,18.932927,0.2322,1,-3.668413,0.000290468,0.0,4.98183,4.9756
668,0.8021,20.853168,0.2352,1,-1.34798,0.000780382,0.0,5.02958,5.0446
669,0.0003,0.473344,0.0002,0,0.0,0.000320873,0.0,5.12382,5.1092
670,0.8101,20.041282,0.2373,1,-2.161303,0.000578564,0.0,4.97784,5.0
671,0.0001,0.0,0.0001,0,0.0,0.000405157,0.0,5.01282,5.0222
672,0.777,20.717799,0.2196,1,-2.083717,0.000463973,0.0,4.95731,4.9564
673,0.7987,22.749177,0.2305,1,0.273145,0.000568945,0.0,5.03121,5.0306
674,0.7993,17.480198,0.2288,1,-3.780064,0.000480354,0.0,4.98754,5.0088
675,0.0001,0.0,0.0001,0,0.0,0.000684993,0.0,4.94711,4.9576
676,0.8132,28.831094,0.2293,1,7.224261,0.000648612,0.0,4.99149,5.0038
677,0.7885,26.525345,0.2203,1,2.377055,0.000430162,0.0,5.01975,5.0016
678,0.8006,24.116579,0.2323,1,2.390973,0.000596929,0.0,4.99495,5.0308
679,0.7758,24.459381,0.2127,1,1.982874,0.000365565,0.0,4.95739,4.9662
680,0.7975,25.80698,0.2287,1,2.409898,0.000423194,0.0,5.0515,5.052
681,0.7948,18.692991,0.229,1,-3.173916,0.000573376,0.0,5.01566,5.0072
682,0.7969,24.503727,0.2264,1,2.52821,0.000453486,0.0,5.01768,5.01
683,0.0001,0.0,0.0001,0,0.0,0.000444613,0.0,4.91378,4.9434
684,0.0001,0.0,0.0001,0,0.0,0.000379537,0.0,5.03905,5.0196
685,0.7996,19.709616,0.2304,1,-2.37867,0.000628738,0.0,4.98285,4.9794
686,0.0001,0.0,0.0001,0,0.0,0.000524984,0.0,5.01228,5.0164
687,0.0005,1.034652,0.0004,0,0.0,0.000435129,0.0,4.98758,4.9764
688,0.7867,25.664233,0.2112,1,2.094762,0.000539979,0.0,4.93787,4.9506
689,0.0001,0.0,0.0001,0,0.0,0.000570636,0.0,5.03351,5.0134
690,0.0001,0.0,0.0001,0,0.0,0.000555726,0.0,4.98623,4.9802
691,0.7933,23.000186,0.2284,1,0.300858,0.000531362,0.0,4.98051,4.9878
692,0.7985,18.105436,0.2345,1,-4.088958,0.000578927,0.0,4.9811,4.9936
693,0.7855,22.487672,0.2187,1,-0.289596,0.000440773,0.0,4.94818,4.9518
694,0.7845,25.903242,0.2345,1,4.173287,0.000381058,0.0,5.02814,5.0104
695,0.8071,28.451501,0.2282,1,6.349562,0.000356357,0.0,5.01641,5.0346
696,0.8113,22.160487,0.2435,1,0.193196,0.000682328,0.0,4.95265,4.9714
697,0.7992,19.306412,0.2272,1,-2.804569,0.000453923,0.0,5.01105,5.0118
698,0.0001,0.0,0.0001,0,0.0,0.000363531,0.0,4.95838,4.993
699,0.7897,23.124315,0.2216,1,0.045043,0.000405712,0.0,5.01937,5.0088
700,0.0001,0.0,0.0001,0,0.0,0.000737446,0.0,5.01934,5.025
701,0.7915,27.299142,0.2252,1,3.691288,0.00043695,0.0,4.97981,4.9634
702,0.8163,16.5123,0.2435,1,-5.138058,0.000470297,0.0,5.03668,5.066
703,0.0001,0.0,0.0001,0,0.0,0.00038137,0.0,5.01422,5.0202
704,0.8056,25.679022,0.2399,1,1.909411,0.000534257,0.0,4.9581,4.9832
705,0.0001,0.0,0.0001,0,0.0,0.00067629,0.0,4.97903,4.9892
706,0.7967,22.725735,0.2251,1,0.585026,0.000559106,0.0,5.09161,5.0584
707,0.7891,20.288142,0.2242,1,-2.672929,0.000639411,0.0,5.04617,5.0208
708,0.8056,22.028036,0.2412,1,-0.472755,0.000585233,0.0,5.07742,5.048
709,0.7818,23.168425,0.2169,1,0.167719,0.000495078,0.0,4.92474,4.9218
710,0.7955,20.168484,0.2288,1,-2.121283,0.000459855,0.0,4.97659,4.9814
711,0.7908,20.479692,0.2251,1,-1.65815,0.000428599,0.0,5.02461,5.015
712,0.0001,0.0,0.0001,0,0.0,0.000342533,0.0,4.95999,4.9442
713,0.8002,23.123797,0.2157,1,-0.162367,0.000476391,0.0,5.01461,5.0232
714,0.0001,0.0,0.0001,0,0.0,0.000509284,0.0,4.97619,4.9718
715,0.0001,0.0,0.0001,0,0.0,0.000714603,0.0,5.02931,5.0084
716,0.0002,0.668637,0.0002,0,0.0,0.000617699,0.0,5.02647,5.0244
717,0.803,22.428082,0.2279,1,-0.093094,0.000531033,0.0,4.9876,4.9838
718,0.8101,25.722106,0.2471,1,2.842877,0.0004883,0.0,5.08209,5.0774
719,0.0001,0.0,0.0001,0,0.0,0.000360332,0.0,4.9976,4.9978
720,0.7966,18.109304,0.2372,1,-2.93007,0.000501916,0.0,5.01494,5.0058
721,0.7939,19.645087,0.2239,1,-3.11268,0.00055227,0.0,4.99656,5.001
722,0.7956,19.762473,0.2214,1,-2.872245,0.000268253,0.0,4.9598,4.9606
723,0.7887,31.36645,0.2213,1,8.747891,0.000576623,0.0,4.99121,5.0034
724,0.794,21.067811,0.2292,1,-1.704922,0.000502974,0.0,5.0114,4.9988
725,0.7879,19.650692,0.219,1,-2.749474,0.000382919,0.0,5.01412,5.0
726,0.7881,25.552778,0.2271,1,3.183951,0.000725268,0.0,4.98622,4.9774
727,0.7902,21.17115,0.2271,1,-1.106739,0.000457596,0.0,4.99335,4.9892
728,0.0002,0.656317,0.0002,0,0.0,0.000523042,0.0,5.0177,5.0296
729,0.7986,24.898654,0.2278,1,1.605053,0.000555743,0.0,4.97109,4.9952
730,0.7881,22.308176,0.2315,1,0.928665,0.000628794,0.0,4.97821,4.9836
731,0.8017,25.750046,0.2287,1,4.041955,0.000622198,0.0,5.01368,5.0008
732,0.7788,21.14613,0.2126,1,-1.134917,0.000413464,0.0,4.98638,4.9474
733,0.7925,25.324893,0.2247,1,3.483563,0.000428391,0.0,5.00966,5.0324
734,0.8001,22.613561,0.2266,1,0.769589,0.000503022,0.0,5.00192,5.0078
735,0.0003,0.038732,0.0002,0,0.0,0.000630599,0.0,4.97494,4.9726
736,0.8028,17.9577,0.2366,1,-4.461778,0.000551184,0.0,4.99262,5.0148
737,0.8029,23.406628,0.2335,1,0.623929,0.000494684,0.0,5.05373,5.04
738,0.7887,23.5325,0.221,1,0.220334,0.000390047,0.0,4.96879,4.9534
739,0.7949,23.013327,0.2317,1,-0.592499,0.000386551,0.0,4.99397,4.973
740,0.7883,17.701937,0.2203,1,-3.38283,0.000442605,0.0,4.93109,4.9484
741,0.0001,0.0,0.0001,0,0.0,0.000709019,0.0,5.04134,5.0358
742,0.8086,21.842667,0.2392,1,-0.783412,0.000453259,0.0,4.99766,5.0326
743,0.7978,19.12301,0.2237,1,-4.403412,0.000407244,0.0,5.01389,4.9954
744,0.8019,30.421882,0.2313,1,7.531529,0.000406978,0.0,5.01898,4.9936
745,0.8014,19.165932,0.232,1,-2.781772,0.00053449,0.0,5.07688,5.0856
746,0.0004,0.257983,0.0003,0,0.0,0.000428759,0.0,5.02393,5.0138
747,0.0001,0.0,0.0001,0,0.0,0.000483142,0.0,4.97783,4.9896
748,0.7906,22.831049,0.2295,1,0.457639,0.000486098,0.0,4.96369,4.9734
749,0.0001,0.0,0.0001,0,0.0,0.000500536,0.0,5.00915,5.0254
750,0.0004,0.558994,0.0002,0,0.0,0.000542044,0.0,5.05966,5.0318
751,0.796,22.492073,0.2314,1,-0.805455,0.000285928,0.0,5.02138,5.0148
752,0.0001,0.0,0.0001,0,0.0,0.000430317,0.0,5.00694,5.0126
753,0.8024,20.953962,0.2346,1,-1.046057,0.000458841,0.0,4.98699,4.982
754,0.7913,21.862539,0.2211,1,-0.4725,0.000531576,0.0,4.9827,4.9836
755,0.8021,22.482816,0.2373,1,0.273401,0.000568231,0.0,5.03673,5.0314
756,0.8082,25.247607,0.231,1,2.828402,0.000604571,0.0,4.97853,4.9836
757,0.7853,25.025376,0.2269,1,2.471609,0.000528427,0.0,5.0128,4.9832
758,0.0001,0.0,0.0001,0,0.0,0.000408562,0.0,4.99632,4.9968
759,0.0001,0.0,0.0001,0,0.0,0.000580884,0.0,4.98027,4.9776
760,0.0005,1.302874,0.0004,0,0.0,0.00052735,0.0,5.00336,5.0028
761,0.7948,30.076526,0.2253,1,7.101332,0.000737738,0.0,5.03962,5.0028
762,0.0005,1.37588,0.0003,0,0.0,0.000580509,0.0,4.98128,4.9798
763,0.7892,22.139521,0.2192,1,-0.421176,0.000569819,0.0,4.91241,4.93
764,0.8126,29.044001,0.2225,1,6.319066,0.000608534,0.0,4.95784,4.9718
765,0.0001,0.0,0.0001,0,0.0,0.00051898,0.0,4.92882,4.9258
766,0.7927,28.962185,0.2337,1,6.517624,0.000313007,0.0,4.98771,4.9962
767,0.7966,29.394933,0.2335,1,7.428362,0.000647927,0.0,5.00777,4.9928
768,0.8021,21.06207,0.2231,1,-1.610868,0.000650232,0.0,5.00124,4.9816
769,0.7974,24.966762,0.2212,1,3.108405,0.000667801,0.0,5.0216,5.0098
770,0.7911,21.649983,0.2262,1,-0.456909,0.000465858,0.0,4.95004,4.9436
771,0.0002,0.547305,0.0002,0,0.0,0.00052784,0.0,5.00272,4.9988
772,0.7998,23.137279,0.2259,1,-0.27798,0.00068343,0.0,5.05255,5.039
773,0.0001,0.0,0.0001,0,0.0,0.000472448,0.0,5.039,5.0406
774,0.8036,27.034186,0.2332,1,4.296048,0.000638509,0.0,5.02547,5.0486
775,0.0001,0.0,0.0001,0,0.0,0.000566305,0.0,5.04184,5.0434
776,0.8245,19.880101,0.2461,1,-1.721892,0.000440968,0.0,5.08882,5.0802
777,0.8051,24.825123,0.2242,1,2.243467,0.000542888,0.0,5.04237,5.0412
778,0.7949,36.475175,0.2104,1,13.140983,0.000461087,0.0,4.96749,4.9772
779,0.7978,26.344336,0.2273,1,4.458542,0.000823564,0.0,4.989,4.965
780,0.8086,25.766242,0.2341,1,2.652348,0.000580419,0.0,5.07589,5.0914
781,0.0004,3.667473,0.0003,0,0.0,0.000525344,0.0,5.02207,5.0032
782,0.7849,20.914771,0.2171,1,-1.654207,0.000618763,0.0,5.01644,5.0258
783,0.7933,19.994475,0.2327,1,-1.55127,0.000535158,0.0,4.9721,4.9608
784,0.8042,27.668989,0.231,1,5.169628,0.000611055,0.0,5.04278,5.0626
785,0.0001,0.0,0.0001,0,0.0,0.000317024,0.0,4.96685,4.9536
786,0.0001,0.0,0.0001,0,0.0,0.000550859,0.0,5.00455,5.0058
787,0.7847,31.361389,0.2228,1,8.783771,0.000531504,0.0,4.99461,4.9724
788,0.8127,27.66824,0.2445,1,5.211941,0.00058195,0.0,4.96856,4.9802
789,0.7964,29.004856,0.2322,1,5.563331,0.000414227,0.0,4.96456,4.96
790,0.8044,28.038195,0.2185,1,4.539874,0.000641488,0.0,5.02683,5.0238
791,0.7989,20.160402,0.225,1,-2.194114,0.000492445,0.0,4.93463,4.9382
792,0.0001,0.0,0.0001,0,0.0,0.000581447,0.0,4.98968,4.9634
793,0.7903,25.568878,0.2312,1,2.300807,0.000340669,0.0,4.96245,4.9688
794,0.7957,24.044712,0.2274,1,1.755844,0.000305894,0.0,5.04072,5.0586
795,0.7967,23.54474,0.2349,1,1.812064,0.000463697,0.0,4.95965,4.957
796,0.0005,2.564884,0.0003,0,0.0,0.000573431,0.0,5.01278,5.0096
797,0.7922,22.257519,0.2371,1,-0.255553,0.000576207,0.0,4.99261,5.0056
798,0.0001,0.0,0.0001,0,0.0,0.000577307,0.0,4.99687,4.9918
799,0.7989,30.415021,0.2304,1,8.496043,0.000469234,0.0,5.0447,5.0694
800,0.0001,0.0,0.0001,0,0.0,0.00039405,0.0,4.94247,4.9292
801,0.7829,22.516883,0.22,1,-0.015362,0.000521142,0.0,5.03819,5.0274
802,0.8014,16.839715,0.2464,1,-4.534334,0.000671254,0.0,4.99697,5.0086
803,0.0001,0.0,0.0001,0,0.0,0.000427662,0.0,5.0304,5.0202
804,0.0001,0.0,0.0001,0,0.0,0.000470319,0.0,5.04201,5.0604
805,0.0001,0.0,0.0001,0,0.0,0.000547854,0.0,5.01118,5.0266
806,0.8015,25.408839,0.2319,1,2.958214,0.000501501,0.0,5.00131,5.0236
807,0.0001,0.0,0.0001,0,0.0,0.000413491,0.0,4.96019,4.9732
808,0.8015,29.762506,0.2246,1,7.338537,0.000331824,0.0,5.02773,5.035
809,0.0001,0.0,0.0001,0,0.0,0.000623327,0.0,4.99302,5.0124
810,0.8054,25.460564,0.2261,1,2.292548,0.000541954,0.0,5.05487,5.0374
811,0.0002,0.128935,0.0002,0,0.0,0.000601082,0.0,4.9914,4.9996
812,0.8,19.282803,0.2289,1,-2.250014,0.000542534,0.0,5.05107,5.0358
813,0.0001,0.0,0.0001,0,0.0,0.00063535,0.0,4.93973,4.9706
814,0.0002,0.127589,0.0002,0,0.0,0.000428684,0.0,5.02221,5.0164
815,0.7932,27.037787,0.2157,1,4.350326,0.000545895,0.0,5.03457,5.0212
816,0.0005,1.351758,0.0003,0,0.0,0.000367104,0.0,4.94657,4.9562
817,0.7945,32.387521,0.2205,1,9.619296,0.000506732,0.0,4.99321,4.9798
818,0.8004,23.205661,0.2258,1,-0.293334,0.000616728,0.0,5.02719,5.0316
819,0.7908,21.317161,0.2158,1,-0.97932,0.000599356,0.0,4.89863,4.9046
820,0.798,21.456769,0.2317,1,-1.874147,0.00035868,0.0,5.00658,5.0118
821,0.7987,26.333865,0.2131,1,3.431061,0.000537928,0.0,4.95769,4.9496
822,0.8049,21.080673,0.2159,1,-1.91968,0.000585052,0.0,4.95435,4.968
823,0.0002,0.55776,0.0002,0,0.0,0.000523618,0.0,5.01895,5.0228
824,0.8043,22.12613,0.2339,1,-0.202322,0.000521611,0.0,5.01908,5.042
825,0.794,18.777449,0.2245,1,-2.780074,0.000522173,0.0,5.02085,5.0348
826,0.0001,0.0,0.0001,0,0.0,0.00076957,0.0,4.989,5.0008
827,0.8007,22.470612,0.2313,1,0.527718,0.0003828,0.0,5.01628,4.9994
828,0.0001,0.0,0.0001,0,0.0,0.000393098,0.0,4.93242,4.9512
829,0.8049,36.366576,0.2286,1,13.430415,0.000187135,0.0,5.05478,5.0744
830,0.7771,18.319009,0.2124,1,-3.829385,0.000409247,0.0,4.99555,4.9892
831,0.0001,0.0,0.0001,0,0.0,0.000547146,0.0,5.01926,5.025
832,0.7853,21.118363,0.2263,1,-0.464834,0.000405071,0.0,5.0225,5.0136
833,0.784,21.124762,0.2168,1,-2.593032,0.000386234,0.0,4.97406,4.997
834,0.8014,29.087051,0.2426,1,7.508816,0.000533127,0.0,4.97141,4.9804
835,0.0001,0.0,0.0001,0,0.0,0.000607524,0.0,4.96369,4.9742
836,0.0003,2.067388,0.0002,0,0.0,0.000444466,0.0,4.93156,4.9272
837,0.7851,21.764991,0.2236,1,-1.609287,0.000411062,0.0,4.99051,4.9722
838,0.0001,0.0,0.0001,0,0.0,0.000595111,0.0,5.00942,5.0316
839,0.0001,0.0,0.0001,0,0.0,0.000599391,0.0,5.00428,5.0008
840,0.8047,23.161483,0.2297,1,0.607698,0.000412424,0.0,4.95965,4.9866
841,0.0001,0.0,0.0001,0,0.0,0.000525022,0.0,5.02273,5.0056
842,0.7908,20.571421,0.2344,1,-1.779951,0.000480211,0.0,5.002,4.9958
843,0.8098,26.684866,0.2435,1,4.741519,0.000566207,0.0,5.04411,5.042
844,0.0004,1.279491,0.0004,0,0.0,0.000430973,0.0,4.99952,5.0124
845,0.8001,21.13842,0.2347,1,-0.447121,0.000443645,0.0,5.05731,5.081
846,0.0001,0.0,0.0001,0,0.0,0.000646149,0.0,5.00731,5.007
847,0.0004,0.619997,0.0003,0,0.0,0.000511692,0.0,4.95996,4.9646
848,0.0001,0.0,0.0001,0,0.0,0.000381597,0.0,5.01004,5.0214
849,0.0001,0.0,0.0001,0,0.0,0.000623003,0.0,5.0052,5.0028
850,0.0001,0.0,0.0001,0,0.0,0.000328785,0.0,5.05613,5.053
851,0.0002,0.404255,0.0002,0,0.0,0.000539025,0.0,5.06185,5.0578
852,0.8,22.383331,0.2213,1,-0.002219,0.000408454,0.0,4.99804,4.9964
853,0.8016,23.953259,0.2277,1,1.265775,0.000507729,0.0,4.97522,4.988
854,0.7833,25.071236,0.2235,1,2.629432,0.000532559,0.0,4.97132,4.9858
855,0.0002,0.166919,0.0002,0,0.0,0.000564163,0.0,4.94861,4.943
856,0.7676,25.164985,0.1974,1,3.210878,0.000638476,0.0,4.95562,4.9304
857,0.0001,0.0,0.0001,0,0.0,0.000332795,0.0,5.03648,5.0116
858,0.8034,25.836698,0.2311,1,3.266509,0.000500179,0.0,5.02413,5.014
859,0.7929,25.864388,0.2302,1,3.269566,0.000577127,0.0,5.00526,4.985
860,0.0001,0.0,0.0001,0,0.0,0.000432852,0.0,5.00076,4.9894
861,0.0001,0.0,0.0001,0,0.0,0.00036019,0.0,4.99496,5.0024
862,0.8072,23.147694,0.2296,1,-0.536928,0.000405589,0.0,5.00888,5.0208
863,0.7855,25.516852,0.216,1,2.780017,0.000387544,0.0,4.97338,4.9808
864,0.7934,24.545405,0.2224,1,2.563927,0.000452499,0.0,5.01521,5.0234
865,0.7893,16.513831,0.2153,1,-5.918127,0.000532649,0.0,4.97547,4.9808
866,0.0003,0.117637,0.0002,0,0.0,0.000463151,0.0,4.9597,4.9628
867,0.0001,0.0,0.0001,0,0.0,0.00051895,0.0,5.04542,5.0414
868,0.7975,26.712174,0.2169,1,3.673941,0.000512187,0.0,4.94938,4.9704
869,0.0001,0.0,0.0001,0,0.0,0.000455275,0.0,5.00816,4.9998
870,0.0003,1.621599,0.0002,0,0.0,0.000437605,0.0,4.95379,4.982
871,0.8004,28.0784,0.2337,1,5.44825,0.000350861,0.0,5.0668,5.0626
872,0.7958,17.974919,0.2352,1,-3.082594,0.000482792,0.0,4.98724,4.9838
873,0.7854,26.721473,0.2152,1,3.751144,0.000542179,0.0,4.93257,4.9358
874,0.8042,23.204422,0.2298,1,0.220755,0.000688907,0.0,5.01557,5.0358
875,0.7904,22.395922,0.2202,1,0.530264,0.000457357,0.0,4.98855,4.9966
876,0.0002,0.378889,0.0002,0,0.0,0.000357842,0.0,5.02032,5.0098
877,0.7823,23.855316,0.2235,1,0.520997,0.000600163,0.0,4.99904,4.9996
878,0.781,21.643173,0.2111,1,-2.218476,0.000573545,0.0,5.00858,5.0128
879,0.0001,0.0,0.0001,0,0.0,0.000461856,0.0,4.966,4.9704
880,0.812,25.222839,0.2351,1,1.554127,0.000574318,0.0,4.99446,5.0202
881,0.8049,20.384959,0.2318,1,-1.975977,0.000589669,0.0,5.06048,5.0268
882,0.7932,20.692384,0.2169,1,-2.525997,0.000598487,0.0,5.00563,5.007
883,0.0001,0.0,0.0001,0,0.0,0.000615997,0.0,5.03976,5.025
884,0.0001,0.0,0.0001,0,0.0,0.00076588,0.0,5.00223,5.0116
885,0.0001,0.0,0.0001,0,0.0,0.000561373,0.0,5.06424,5.0652
886,0.0002,2.500222,0.0002,0,0.0,0.000412481,0.0,4.96933,4.9762
887,0.8103,25.515079,0.2404,1,3.031343,0.000517497,0.0,5.05598,5.045
888,0.0001,0.0,0.0001,0,0.0,0.000306308,0.0,5.04529,5.0472
889,0.0002,0.163978,0.0002,0,0.0,0.00040438,0.0,5.02827,5.0164
890,0.8083,20.685945,0.2364,1,-1.863177,0.000503581,0.0,5.00216,5.002
891,0.7888,19.688772,0.2244,1,-2.985325,0.000445027,0.0,4.91976,4.9328
892,0.798,20.323411,0.2293,1,-1.716167,0.000357668,0.0,5.01935,5.0132
893,0.0001,0.0,0.0001,0,0.0,0.000589915,0.0,5.04612,5.039
894,0.8051,23.575826,0.2252,1,-0.578875,0.000460364,0.0,4.97489,4.9776
895,0.8063,23.166938,0.2452,1,1.499067,0.000433906,0.0,4.98442,4.9936
896,0.8006,21.05399,0.2131,1,-1.265147,0.000652699,0.0,4.98754,4.9764
897,0.0001,0.0,0.0001,0,0.0,0.000522371,0.0,5.02954,5.0242
898,0.8075,23.490761,0.2321,1,1.516042,0.000682123,0.0,5.05021,5.051
899,0.7959,21.301953,0.2251,1,-0.112204,0.000447132,0.0,5.07016,5.0286
900,0.0002,0.121571,0.0002,0,0.0,0.000341713,0.0,4.96807,4.948
901,0.8022,24.600765,0.2353,1,1.610077,0.000453771,0.0,5.01393,5.0106
902,0.7935,23.151344,0.2203,1,-0.1434,0.00057408,0.0,5.00231,5.0144
903,0.7967,22.679918,0.2201,1,-0.231924,0.000336299,0.0,5.00116,4.9944
904,0.0001,0.0,0.0001,0,0.0,0.000558031,0.0,4.97722,4.9686
905,0.7944,31.139605,0.2336,1,9.205277,0.000594144,0.0,5.02616,5.023
906,0.7927,19.513319,0.2256,1,-2.454799,0.00047459,0.0,5.03545,5.0214
907,0.0004,2.766677,0.0003,0,0.0,0.000626934,0.0,4.98198,4.9946
908,0.7974,22.384615,0.2239,1,1.135661,0.000454636,0.0,5.0014,5.0136
909,0.7948,25.111024,0.2205,1,3.174228,0.000431965,0.0,4.99062,5.0098
910,0.7848,26.288273,0.2154,1,2.933003,0.000613402,0.0,4.94256,4.9476
911,0.0001,0.0,0.0001,0,0.0,0.000687655,0.0,5.0339,5.0266
912,0.0003,0.53123,0.0003,0,0.0,0.000600279,0.0,4.99588,5.0018
913,0.8089,18.154429,0.2382,1,-3.089543,0.000625792,0.0,4.99988,4.9858
914,0.7963,25.635383,0.2347,1,2.393231,0.000675312,0.0,4.97807,4.9974
915,0.0001,0.0,0.0001,0,0.0,0.000484962,0.0,4.97771,4.971
916,0.8026,24.162097,0.2445,1,1.966968,0.000574804,0.0,5.0034,5.007
917,0.7963,19.089209,0.2285,1,-2.53393,0.000528469,0.0,4.99137,5.0042
918,0.0001,0.0,0.0001,0,0.0,0.000715061,0.0,4.91906,4.9468
919,0.8056,17.693734,0.2356,1,-3.76593,0.000741195,0.0,5.00112,5.0178
920,0.7889,20.143147,0.216,1,-2.824257,0.000504286,0.0,5.00176,4.9954
921,0.0002,0.356892,0.0002,0,0.0,0.000480819,0.0,5.00992,4.9816
922,0.0001,0.0,0.0001,0,0.0,0.000422294,0.0,5.06568,5.0486
923,0.7944,21.113581,0.223,1,-0.776252,0.000531743,0.0,4.98514,4.9796
924,0.7855,22.956806,0.2247,1,0.619904,0.00064787,0.0,5.01122,4.9898
925,0.7901,21.781037,0.2291,1,-1.169093,0.000456467,0.0,5.0089,4.986
926,0.8079,21.366364,0.2447,1,-0.291417,0.000377308,0.0,5.04729,5.041
927,0.7995,22.30654,0.2375,1,0.65068,0.000361978,0.0,4.97348,4.9992
928,0.0001,0.0,0.0001,0,0.0,0.000674786,0.0,4.98494,4.9944
929,0.7851,20.6322,0.221,1,-3.107741,0.000460643,0.0,4.97807,4.9714
930,0.0001,0.0,0.0001,0,0.0,0.000338789,0.0,4.97276,4.986
931,0.0002,2.443187,0.0002,0,0.0,0.000328225,0.0,5.06395,5.0538
932,0.0001,0.0,0.0001,0,0.0,0.000495567,0.0,5.03713,5.0476
933,0.0005,3.789759,0.0002,0,0.0,0.000523951,0.0,5.00998,5.0286
934,0.0001,0.0,0.0001,0,0.0,0.000434496,0.0,4.97168,4.9996
935,0.7997,21.250213,0.2272,1,-1.716562,0.000611835,0.0,4.94821,4.9546
936,0.7903,21.687344,0.2212,1,-1.267683,0.000616114,0.0,5.0312,5.0326
937,0.8088,19.85674,0.234,1,-1.532928,0.000667186,0.0,5.01662,5.0194
938,0.8084,20.891621,0.2416,1,-1.145704,0.000515351,0.0,5.05958,5.0624
939,0.7872,18.260839,0.2258,1,-3.860545,0.000552137,0.0,5.00998,4.9888
940,0.8045,20.928282,0.2408,1,-0.943282,0.000577228,0.0,4.98996,4.9994
941,0.7973,29.913642,0.2183,1,7.816329,0.000478996,0.0,4.99928,5.0112
942,0.8156,22.941062,0.2409,1,1.66155,0.000452701,0.0,5.02017,5.0162
943,0.0002,0.224657,0.0002,0,0.0,0.000451718,0.0,5.01351,5.0338
944,0.0001,0.0,0.0001,0,0.0,0.000477221,0.0,5.01008,5.019
945,0.7952,24.071486,0.2241,1,1.120335,0.000412128,0.0,4.97439,4.9754
946,0.0001,0.0,0.0001,0,0.0,0.000548037,0.0,5.0191,5.017
947,0.0001,0.0,0.0001,0,0.0,0.000545187,0.0,5.0221,5.0402
948,0.7867,21.402349,0.2228,1,-1.985213,0.000465021,0.0,4.96155,4.941
949,0.0001,0.0,0.0001,0,0.0,0.000555319,0.0,4.98788,4.9822
950,0.8194,19.666276,0.245,1,-1.968429,0.000471135,0.0,5.04884,5.0448
951,0.0004,3.182065,0.0003,0,0.0,0.00034094,0.0,4.9659,4.9614
952,0.0001,0.0,0.0001,0,0.0,0.00050244,0.0,5.01672,4.9988
953,0.8059,22.1897,0.2236,1,-0.830762,0.00045623,0.0,4.9875,5.01
954,0.7929,19.214006,0.2214,1,-3.451415,0.000376722,0.0,5.04534,5.0508
955,0.0003,0.144528,0.0002,0,0.0,0.000608796,0.0,4.9605,4.967
956,0.0001,0.0,0.0001,0,0.0,0.000475888,0.0,5.01631,5.0268
957,0.7994,23.292598,0.2383,1,1.187031,0.00051868,0.0,5.05125,5.0382
958,0.7923,26.270017,0.221,1,3.678437,0.000465378,0.0,4.97042,4.9284
959,0.7857,22.929042,0.2161,1,-0.046206,0.000545493,0.0,5.03046,5.029
960,0.0001,0.0,0.0001,0,0.0,0.000592562,0.0,5.03597,5.0266
961,0.7978,22.325368,0.2317,1,0.314592,0.000483103,0.0,4.97963,4.9882
962,0.0001,0.0,0.0001,0,0.0,0.000434958,0.0,4.98334,4.9826
963,0.7945,23.071117,0.2304,1,-1.539804,0.000694101,0.0,5.01147,5.0022
964,0.7953,24.912188,0.2257,1,2.7285,0.000713883,0.0,5.03398,5.0088
965,0.0001,0.0,0.0001,0,0.0,0.000526685,0.0,5.01068,5.0018
966,0.0002,0.640975,0.0002,0,0.0,0.000457581,0.0,4.99271,4.99
967,0.8051,18.848143,0.2368,1,-2.687965,0.000454578,0.0,5.01043,5.0052
968,0.7862,29.221718,0.2163,1,7.461138,0.000508179,0.0,4.983,4.9758
969,0.7895,23.812242,0.2127,1,0.757538,0.000464604,0.0,4.94658,4.9604
970,0.0001,0.0,0.0001,0,0.0,0.00047544,0.0,5.02605,5.0218
971,0.8047,17.788921,0.235,1,-3.57277,0.00035758,0.0,5.02279,5.011
972,0.0001,0.0,0.0001,0,0.0,0.000418475,0.0,4.93445,4.9396
973,0.8038,19.890267,0.2363,1,-3.041724,0.000379144,0.0,5.02405,5.0398
974,0.7943,24.785576,0.2126,1,2.118655,0.000771884,0.0,4.99582,4.979
975,0.8037,22.767919,0.2323,1,0.179776,0.00042794,0.0,5.01614,5.0312
976,0.0006,0.658311,0.0003,0,0.0,0.000580575,0.0,4.98513,4.9754
977,0.7881,22.110889,0.2278,1,-0.535389,0.000505006,0.0,5.00044,4.9896
978,0.0001,0.0,0.0001,0,0.0,0.000431348,0.0,4.99756,5.01
979,0.7963,21.41142,0.2305,1,-1.711234,0.000553603,0.0,4.99071,4.9948
980,0.0001,0.0,0.0001,0,0.0,0.000548185,0.0,5.02034,5.0144
981,0.0004,3.750183,0.0003,0,0.0,0.000436554,0.0,4.98272,4.965
982,0.8015,23.133687,0.2243,1,0.837527,0.000354367,0.0,5.03817,5.041
983,0.0001,0.0,0.0001,0,0.0,0.000682949,0.0,4.95972,4.9598
984,0.0002,0.928288,0.0002,0,0.0,0.00039109,0.0,4.95235,4.9566
985,0.7989,24.237806,0.2218,1,1.214127,0.000635573,0.0,5.05109,5.0462
986,0.7978,19.621551,0.2394,1,-2.591007,0.00045782,0.0,4.9949,4.9852
987,0.8021,21.237171,0.2283,1,-0.045434,0.000559788,0.0,4.97341,4.9568
988,0.7895,27.637688,0.208,1,5.07627,0.000648872,0.0,4.99368,4.9996
989,0.7949,24.545473,0.2268,1,2.809771,0.00052534,0.0,5.0203,5.005
990,0.0001,0.0,0.0001,0,0.0,0.000521241,0.0,5.02624,5.0384
991,0.0001,0.0,0.0001,0,0.0,0.000461748,0.0,4.96557,4.972
992,0.7904,22.397468,0.2279,1,0.57186,0.000505273,0.0,5.0008,4.9866
993,0.7904,26.509845,0.221,1,4.182114,0.000575549,0.0,5.01717,4.9868
994,0.8002,21.469389,0.23,1,-1.313948,0.000676574,0.0,4.98074,4.9854
995,0.8076,22.488984,0.2377,1,-0.291009,0.000692179,0.0,5.01817,5.0094
996,0.0001,0.0,0.0001,0,0.0,0.000575287,0.0,5.007,4.9992
997,0.8038,24.509425,0.2156,1,1.130441,0.000383041,0.0,4.99573,5.0168
998,0.0001,0.0,0.0001,0,0.0,0.000457666,0.0,4.99298,4.9888
999,0.0001,0.0,0.0001,0,0.0,0.000557261,0.0,4.97289,4.9798
1000,0.7966,22.608121,0.223,1,-0.174013,0.000688553,0.0,5.03194,5.022
1001,0.8136,21.257444,0.2296,1,-1.460725,0.000553648,0.0,4.99251,4.9926
1002,0.8046,24.499857,0.2158,1,0.180797,0.000503167,0.0,4.99968,5.0086
1003,0.7853,21.136516,0.216,1,-1.258808,0.000310616,0.0,5.01526,5.007
1004,0.0002,2.503686,0.0002,0,0.0,0.000608969,0.0,4.96129,4.9648
1005,0.7952,26.696923,0.2221,1,2.900419,0.000502056,0.0,5.01394,5.0054
1006,0.7941,16.948415,0.2263,1,-4.448151,0.000481174,0.0,4.98122,5.0066
1007,0.7936,19.560795,0.2288,1,-3.3052,0.000391565,0.0,4.96356,4.9394
1008,0.7927,19.86335,0.2158,1,-2.86466,0.000508762,0.0,4.9685,4.9846
1009,0.0001,0.0,0.0001,0,0.0,0.000289015,0.0,4.97547,5.007
1010,0.7996,20.18246,0.2245,1,-2.189399,0.000442087,0.0,4.93926,4.946
1011,0.7886,24.33585,0.2198,1,1.124898,0.000414658,0.0,4.95101,4.9684
1012,0.7842,23.733794,0.2128,1,0.860323,0.000535697,0.0,4.95891,4.969
1013,0.7867,26.028308,0.2347,1,2.997735,0.000504771,0.0,4.99276,4.9996
1014,0.8015,26.582597,0.2268,1,3.305572,0.000527865,0.0,5.00348,4.9978
1015,0.0001,0.0,0.0001,0,0.0,0.000288318,0.0,4.98929,5.0052
1016,0.0002,3.03131,0.0002,0,0.0,0.000539053,0.0,4.93161,4.9654
1017,0.7864,26.026769,0.2067,1,1.243372,0.000680912,0.0,4.96774,4.9666
1018,0.7957,20.650054,0.24,1,-0.997792,0.000778349,0.0,4.9711,4.9622
1019,0.7902,20.113576,0.2267,1,-2.459833,0.000488007,0.0,4.95383,4.9638
1020,0.7935,22.471364,0.2401,1,-0.037674,0.000464449,0.0,4.96545,4.9432
1021,0.7948,29.701741,0.2271,1,7.181146,0.000519922,0.0,5.03878,5.0386
1022,0.0001,0.0,0.0001,0,0.0,0.000477547,0.0,5.01285,5.0128
1023,0.7992,17.615341,0.2278,1,-4.409621,0.000474605,0.0,5.02768,5.029
1024,0.7905,24.935528,0.2253,1,2.859435,0.000391373,0.0,4.96177,4.9436
1025,0.0001,0.0,0.0001,0,0.0,0.000563307,0.0,4.94194,4.9572
1026,0.0001,0.0,0.0001,0,0.0,0.000635908,0.0,5.04943,5.0452
1027,0.7927,29.363817,0.2318,1,7.009479,0.000579398,0.0,4.99606,4.9746
1028,0.0002,1.730746,0.0002,0,0.0,0.000508208,0.0,4.97672,4.9818
1029,0.0004,3.263906,0.0003,0,0.0,0.000359612,0.0,5.0064,4.999
1030,0.7994,19.480956,0.234,1,-2.420165,0.000481572,0.0,4.99727,4.9864
1031,0.7922,23.521108,0.2341,1,0.089983,0.00047185,0.0,5.04339,5.0426
1032,0.8002,24.451564,0.2342,1,1.877851,0.00054735,0.0,5.02359,5.0188
1033,0.8169,19.325193,0.2432,1,-2.844305,0.000308089,0.0,5.03568,5.0276
1034,0.7934,26.934124,0.2236,1,5.074969,0.000460897,0.0,4.96535,4.9814
1035,0.8043,18.67705,0.2276,1,-3.449672,0.000407322,0.0,4.99932,5.009
1036,0.0006,3.719463,0.0004,0,0.0,0.000650383,0.0,4.98308,4.9986
1037,0.0001,0.0,0.0001,0,0.0,0.000575162,0.0,5.11867,5.095
1038,0.0001,0.0,0.0001,0,0.0,0.00049449,0.0,5.04371,5.052
1039,0.0002,0.02219,0.0002,0,0.0,0.000363798,0.0,4.98308,4.9646
1040,0.0001,0.0,0.0001,0,0.0,0.000461232,0.0,4.95815,4.985
1041,0.0001,0.0,0.0001,0,0.0,0.000491541,0.0,4.93751,4.9444
1042,0.0004,0.477232,0.0003,0,0.0,0.000485166,0.0,4.97102,4.9756
1043,0.0001,0.0,0.0001,0,0.0,0.000522036,0.0,5.03657,5.0204
1044,0.0001,0.0,0.0001,0,0.0,0.000638862,0.0,4.91989,4.9632
1045,0.7971,24.352315,0.227,1,1.035852,0.000451521,0.0,5.03189,5.0176
1046,0.7953,25.425453,0.2437,1,4.291421,0.000535397,0.0,4.97069,4.96
1047,0.0001,0.0,0.0001,0,0.0,0.000623711,0.0,5.00592,4.9964
1048,0.0001,0.0,0.0001,0,0.0,0.000354853,0.0,5.02688,5.0454
1049,0.7913,23.692013,0.2244,1,0.281822,0.000386038,0.0,4.98957,4.984
1050,0.8002,23.992565,0.2206,1,1.261554,0.000443306,0.0,4.91614,4.9556
1051,0.0005,0.61413,0.0003,0,0.0,0.000364511,0.0,4.96533,4.9726
1052,0.7944,23.69811,0.2205,1,0.994458,0.000480634,0.0,4.9938,4.9996
1053,0.798,23.848775,0.2228,1,0.344694,0.000457886,0.0,4.98399,4.9954
1054,0.8101,27.45001,0.2231,1,2.929267,0.000597781,0.0,4.99081,5.0278
1055,0.7957,20.276088,0.2252,1,-2.118333,0.000631436,0.0,4.96595,4.975
1056,0.7867,19.726606,0.2267,1,-3.382347,0.000550801,0.0,5.00387,5.007
1057,0.7836,22.675967,0.2287,1,0.942592,0.000510816,0.0,4.95887,4.9742
1058,0.7963,29.865009,0.2271,1,6.850125,0.000691552,0.0,5.01631,5.0158
1059,0.8015,25.585001,0.2435,1,2.15883,0.000604595,0.0,4.97214,4.9898
1060,0.7971,18.652573,0.2376,1,-3.912856,0.000509025,0.0,4.97092,4.9796
1061,0.802,22.066028,0.2276,1,-1.084703,0.000457442,0.0,4.98643,4.9978
1062,0.8109,23.096451,0.2461,1,0.878102,0.000476773,0.0,5.01678,5.017
1063,0.0002,0.858689,0.0002,0,0.0,0.000484379,0.0,4.96831,4.9864
1064,0.8027,18.948041,0.2442,1,-2.979419,0.000473698,0.0,5.0369,5.0294
1065,0.7922,18.478148,0.2261,1,-4.240095,0.000457225,0.0,4.99199,4.9946
1066,0.7877,23.28191,0.2244,1,0.652754,0.000354753,0.0,5.03209,5.0416
1067,0.0001,0.0,0.0001,0,0.0,0.000525344,0.0,5.00685,5.0184
1068,0.7991,21.008091,0.2137,1,-2.21238,0.000648104,0.0,5.00601,4.9932
1069,0.0001,0.0,0.0001,0,0.0,0.000512549,0.0,4.95325,4.963
1070,0.7966,24.306043,0.225,1,1.425957,0.000524421,0.0,5.01047,5.0236
1071,0.7973,22.144496,0.2263,1,0.787728,0.000308118,0.0,5.02182,5.041
1072,0.7998,22.649842,0.2196,1,0.455476,0.000597386,0.0,5.00886,5.013
1073,0.7925,20.767679,0.2265,1,-2.276795,0.000490717,0.0,4.9484,4.9418
1074,0.7907,19.181263,0.2275,1,-3.563166,0.000598325,0.0,5.02304,4.991
1075,0.7789,23.693711,0.2067,1,1.599156,0.000570168,0.0,4.91679,4.9226
1076,0.0001,0.0,0.0001,0,0.0,0.000477779,0.0,5.02063,5.0026
1077,0.8013,24.735372,0.2212,1,0.857653,0.000430416,0.0,5.00199,5.0164
1078,0.0001,0.0,0.0001,0,0.0,0.000507921,0.0,4.99275,4.9686
1079,0.7939,21.896588,0.2177,1,0.449541,0.000532787,0.0,4.97558,4.9794
1080,0.7997,24.434632,0.2291,1,2.45113,0.000338039,0.0,4.982,4.9878
1081,0.0013,7.078994,0.0005,0,0.0,0.000283945,0.0,5.04758,5.0236
1082,0.0001,0.0,0.0001,0,0.0,0.000375849,0.0,5.05886,5.049
1083,0.7971,19.802584,0.2238,1,-2.216169,0.000546227,0.0,5.0291,5.0236
1084,0.7887,39.740831,0.2269,1,16.685759,0.000624605,0.0,4.99616,4.999
1085,0.0001,0.0,0.0001,0,0.0,0.000617587,0.0,5.02499,5.0268
1086,0.0001,0.0,0.0001,0,0.0,0.000579677,0.0,4.98143,4.9868
1087,0.7912,22.223191,0.2292,1,-0.185037,0.000473552,0.0,5.03565,5.0322
1088,0.7877,21.036297,0.2269,1,-2.090376,0.000395185,0.0,4.93608,4.9214
1089,0.8031,35.705701,0.2325,1,13.800391,0.000545618,0.0,5.03913,5.0192
1090,0.0001,0.0,0.0001,0,0.0,0.000407208,0.0,4.99653,5.0132
1091,0.0004,1.361272,0.0004,0,0.0,0.000473414,0.0,5.02893,5.0404
1092,0.0002,0.143421,0.0002,0,0.0,0.000456493,0.0,4.9974,4.9972
1093,0.8036,24.862347,0.235,1,0.569053,0.000476921,0.0,5.01403,5.0182
1094,0.0001,0.0,0.0001,0,0.0,0.000483127,0.0,4.96407,5.0036
1095,0.8077,25.838599,0.2262,1,2.887308,0.000716298,0.0,5.02946,4.9964
1096,0.7922,19.867682,0.2257,1,-2.595886,0.000391271,0.0,4.95144,4.9552
1097,0.0001,0.0,0.0001,0,0.0,0.000407381,0.0,4.99501,5.0126
1098,0.7809,22.129108,0.2162,1,-1.115358,0.000411951,0.0,4.96734,4.9846
1099,0.7991,23.977641,0.2343,1,0.946326,0.000526144,0.0,5.01203,5.0056
1100,0.8059,22.666412,0.2394,1,0.864496,0.000482936,0.0,4.97179,4.9978
1101,0.8059,30.65173,0.2279,1,7.48582,0.000424999,0.0,5.03045,5.0516
1102,0.7952,18.519069,0.229,1,-4.162083,0.000606688,0.0,4.97954,4.9652
1103,0.0001,0.0,0.0001,0,0.0,0.000734137,0.0,4.96007,4.9432
1104,0.0001,0.0,0.0001,0,0.0,0.00061892,0.0,5.02136,5.0196
1105,0.795,19.725357,0.2197,1,-2.974438,0.000578494,0.0,4.99583,4.9826
1106,0.0001,0.0,0.0001,0,0.0,0.000497293,0.0,5.04685,5.0204
1107,0.7954,20.334524,0.2334,1,-2.715062,0.00031592,0.0,4.96138,4.9764
1108,0.7915,21.152435,0.2202,1,-1.991673,0.000322778,0.0,4.91063,4.921
1109,0.7962,23.014619,0.2199,1,-0.09085,0.000405796,0.0,5.01612,5.011
1110,0.8069,19.323856,0.2455,1,-2.861935,0.000310527,0.0,5.01489,5.0088
1111,0.0001,0.0,0.0001,0,0.0,0.000360433,0.0,5.00361,4.9904
1112,0.8136,23.447853,0.23,1,-0.055971,0.000639664,0.0,5.03956,5.0254
1113,0.0001,0.0,0.0001,0,0.0,0.000524421,0.0,5.01866,5.0154
1114,0.0001,0.0,0.0001,0,0.0,0.000584534,0.0,4.95136,4.9754
1115,0.7974,21.789489,0.2282,1,-0.362193,0.000409859,0.0,4.97314,5.0042
1116,0.8098,23.980905,0.2316,1,2.229987,0.000810405,0.0,5.01706,5.0174
1117,0.7904,19.724185,0.2245,1,-3.698229,0.000574089,0.0,5.00423,5.0124
1118,0.0001,0.0,0.0001,0,0.0,0.000632578,0.0,4.95241,4.9796
1119,0.0003,0.312875,0.0003,0,0.0,0.000430409,0.0,4.99948,5.019
1120,0.0001,0.0,0.0001,0,0.0,0.000374415,0.0,5.0698,5.0574
1121,0.8021,21.400388,0.2308,1,-0.629109,0.00033285,0.0,5.02661,5.0206
1122,0.7964,19.257266,0.2307,1,-2.644496,0.000498832,0.0,5.02567,5.026
1123,0.7968,24.941237,0.2254,1,2.844153,0.000545718,0.0,5.03741,5.02
1124,0.7937,30.946636,0.2296,1,7.75578,0.000453554,0.0,5.01673,5.0102
1125,0.0001,0.0,0.0001,0,0.0,0.000540875,0.0,5.06294,5.0394
1126,0.8085,23.293136,0.2337,1,0.596544,0.000522565,0.0,5.02887,5.023
1127,0.7971,20.811623,0.2338,1,-1.390674,0.000556339,0.0,4.97972,4.9812
1128,0.786,26.676649,0.2114,1,1.903117,0.000461232,0.0,4.97072,4.9724
1129,0.8027,20.568803,0.2274,1,-2.173061,0.000513778,0.0,4.95318,4.9512
1130,0.7933,22.188262,0.2216,1,-0.731815,0.000428922,0.0,5.02222,5.0136
1131,0.7844,15.482685,0.222,1,-6.01961,0.000601815,0.0,5.00655,4.9784
1132,0.7913,20.197355,0.2271,1,-1.720944,0.000168996,0.0,4.97948,4.991
1133,0.7863,20.79091,0.2183,1,-1.217993,0.000529806,0.0,4.98475,4.9982
1134,0.0002,0.199729,0.0002,0,0.0,0.00069046,0.0,5.00687,5.0332
1135,0.794,22.034794,0.2236,1,0.40428,0.000473462,0.0,5.03041,5.0384
1136,0.0001,0.0,0.0001,0,0.0,0.000594714,0.0,5.01715,5.0272
1137,0.0001,0.0,0.0001,0,0.0,0.000215467,0.0,5.01096,5.0014
1138,0.0001,0.0,0.0001,0,0.0,0.000592595,0.0,5.02469,5.0376
1139,0.8065,23.619459,0.2391,1,0.457465,0.000400773,0.0,5.03837,5.0514
1140,0.0002,0.245194,0.0002,0,0.0,0.000453619,0.0,5.01621,5.01
1141,0.7985,20.155047,0.2264,1,-1.334909,0.000619077,0.0,5.0109,5.0288
1142,0.0001,0.0,0.0001,0,0.0,0.000480454,0.0,4.99828,4.997
1143,0.0001,0.0,0.0001,0,0.0,0.000401066,0.0,5.04207,5.044
1144,0.7961,21.336922,0.2229,1,-1.095505,0.000504073,0.0,5.00088,4.9984
1145,0.801,26.55514,0.2386,1,4.394314,0.0005792,0.0,5.09699,5.081
1146,0.0002,0.277381,0.0002,0,0.0,0.000632422,0.0,5.06521,5.0572
1147,0.0001,0.0,0.0001,0,0.0,0.000328901,0.0,5.04955,5.0578
1148,0.8053,23.325371,0.23,1,0.304181,0.000406997,0.0,4.99613,5.0162
1149,0.0002,0.185357,0.0002,0,0.0,0.000414948,0.0,4.95333,4.9626
1150,0.7991,20.057934,0.2186,1,-1.420441,0.000454607,0.0,5.00471,5.0106
1151,0.8096,25.496251,0.237,1,2.387896,0.000443666,0.0,5.07465,5.0634
1152,0.7982,20.043766,0.2311,1,-2.585262,0.000495147,0.0,5.05141,5.0376
1153,0.7975,21.35856,0.2208,1,-0.81668,0.000573376,0.0,5.00706,5.0158
1154,0.7873,25.347723,0.223,1,1.464977,0.00078359,0.0,4.94522,4.9548
1155,0.7949,19.250219,0.2276,1,-1.992962,0.000455577,0.0,4.99585,5.0088
1156,0.7923,25.414994,0.2153,1,2.46899,0.000413669,0.0,4.96624,4.965
1157,0.0001,0.0,0.0001,0,0.0,0.000382452,0.0,5.01002,5.0102
1158,0.0004,5.465646,0.0003,0,0.0,0.000422677,0.0,5.05808,5.0516
1159,0.7967,24.780133,0.2107,1,1.120059,0.000706347,0.0,4.9713,4.9552
1160,0.7929,27.174672,0.2387,1,5.641131,0.000359158,0.0,5.01132,5.0004
1161,0.8033,22.063759,0.2337,1,-1.305454,0.000492499,0.0,5.06209,5.054
1162,0.7997,25.229396,0.2334,1,3.597004,0.00045371,0.0,5.01741,5.0078
1163,0.0001,0.0,0.0001,0,0.0,0.000339622,0.0,4.95938,4.9872
1164,0.8,19.994733,0.2339,1,-2.986856,0.000582925,0.0,4.97082,4.9696
1165,0.8074,22.049794,0.2275,1,-1.512228,0.000576891,0.0,4.98132,5.011
1166,0.8014,26.36758,0.2331,1,4.070954,0.00038198,0.0,5.00522,5.0212
1167,0.7845,22.017153,0.2279,1,-0.75048,0.000432429,0.0,5.00846,4.9866
1168,0.0003,2.235477,0.0002,0,0.0,0.000290353,0.0,4.9828,4.9766
1169,0.7889,33.136575,0.2274,1,10.86376,0.000368409,0.0,4.93783,4.9474
1170,0.7858,23.250688,0.2153,1,-0.451112,0.000537823,0.0,4.95046,4.9578
1171,0.7899,21.870802,0.2163,1,-0.89994,0.000512104,0.0,4.95437,4.9662
1172,0.8052,20.08746,0.2414,1,-2.163461,0.000444656,0.0,5.07297,5.0538
1173,0.7871,25.052468,0.2176,1,0.892284,0.000661305,0.0,4.94409,4.9548
1174,0.8012,22.182027,0.236,1,0.412642,0.000358429,0.0,5.0127,5.0092
1175,0.0003,1.062239,0.0003,0,0.0,0.000528034,0.0,5.00368,4.996
1176,0.8059,25.817175,0.2259,1,4.31336,0.000475259,0.0,5.02076,5.029
1177,0.7933,22.852619,0.2312,1,0.185906,0.000462175,0.0,4.97419,4.9588
1178,0.7988,20.715005,0.2246,1,-1.497754,0.000639467,0.0,5.0307,5.0358
1179,0.0001,0.0,0.0001,0,0.0,0.000495209,0.0,5.05479,5.0336
1180,0.0001,0.0,0.0001,0,0.0,0.000389506,0.0,4.96827,4.9608
1181,0.8046,24.386208,0.2302,1,1.306147,0.000308513,0.0,5.02916,5.0272
1182,0.7952,18.816774,0.2275,1,-3.428544,0.00049952,0.0,5.02094,5.0238
1183,0.8023,21.385532,0.2351,1,-1.322159,0.000520279,0.0,5.03933,5.0346
1184,0.0001,0.0,0.0001,0,0.0,0.000585666,0.0,4.95294,4.9642
1185,0.7964,22.543544,0.2175,1,-0.335493,0.000535432,0.0,4.96436,4.966
1186,0.793,21.907982,0.2204,1,-0.060978,0.000627893,0.0,4.98755,4.9814
1187,0.7927,19.935959,0.228,1,-3.044605,0.000711371,0.0,4.94257,4.9488
1188,0.7942,19.69079,0.2236,1,-2.46411,0.000498915,0.0,5.03284,5.018
1189,0.7902,27.40794,0.2216,1,4.545403,0.000386085,0.0,4.98317,4.9898
1190,0.7944,22.361579,0.2307,1,0.310169,0.000695527,0.0,5.0046,4.9988
1191,0.8052,36.637285,0.2282,1,13.110652,0.000504234,0.0,4.99928,4.9984
1192,0.802,27.213493,0.2433,1,5.446513,0.000554872,0.0,4.99269,4.9814
1193,0.0001,0.0,0.0001,0,0.0,0.000399881,0.0,5.05141,5.0496
1194,0.7843,22.826127,0.2197,1,0.448858,0.00054271,0.0,4.92835,4.9352
1195,0.0001,0.0,0.0001,0,0.0,0.000289147,0.0,4.99054,4.9896
1196,0.789,21.609376,0.227,1,-0.107779,0.000526639,0.0,5.01493,4.998
1197,0.0001,0.0,0.0001,0,0.0,0.000617074,0.0,5.03879,5.0172
1198,0.0001,0.0,0.0001,0,0.0,0.000633307,0.0,4.96265,4.9636
1199,0.7904,21.726183,0.2199,1,-1.073479,0.000640028,0.0,5.02869,5.0334
1200,0.7904,21.048338,0.2169,1,-2.845301,0.000520369,0.0,4.92206,4.9194
1201,0.7962,19.638452,0.2289,1,-1.99859,0.00033557,0.0,5.0018,5.0046
1202,0.799,21.603276,0.2193,1,-1.268347,0.00033652,0.0,4.99408,4.9982
1203,0.7889,21.825306,0.2239,1,-0.954565,0.000332139,0.0,5.02476,5.0332
1204,0.7998,19.846946,0.2381,1,-1.491528,0.00042798,0.0,5.02185,5.025
1205,0.0006,2.468929,0.0004,0,0.0,0.000471835,0.0,5.04855,5.0376
1206,0.0002,3.576877,0.0002,0,0.0,0.000585537,0.0,4.95064,4.9676
1207,0.8088,26.397443,0.2337,1,3.578099,0.000314976,0.0,4.97205,4.9806
1208,0.0002,0.001265,0.0002,0,0.0,0.000312025,0.0,4.996,5.0036
1209,0.7991,19.814921,0.237,1,-2.214478,0.000529207,0.0,4.9972,4.9914
1210,0.7915,25.908172,0.225,1,3.223049,0.000286976,0.0,5.01884,4.999
1211,0.7952,23.914333,0.2162,1,0.713991,0.000550002,0.0,5.01315,5.005
1212,0.7874,19.879165,0.2199,1,-2.180823,0.000668795,0.0,5.01694,5.007
1213,0.8002,21.896495,0.2281,1,-1.099567,0.000877894,0.0,5.03922,5.0182
1214,0.0002,1.370025,0.0002,0,0.0,0.000333386,0.0,5.01692,5.0222
1215,0.0003,0.50991,0.0003,0,0.0,0.000611038,0.0,4.9679,4.9414
1216,0.0001,0.0,0.0001,0,0.0,0.000479325,0.0,5.00284,5.0042
1217,0.0001,0.0,0.0001,0,0.0,0.000406494,0.0,5.0109,5.0076
1218,0.8088,30.939785,0.2427,1,9.488285,0.000485115,0.0,4.96735,4.9798
1219,0.0001,0.0,0.0001,0,0.0,0.000411656,0.0,4.96832,4.9872
1220,0.7984,29.087931,0.2271,1,5.953726,0.00054225,0.0,4.93373,4.934
1221,0.0002,1.761461,0.0002,0,0.0,0.000457479,0.0,4.99163,4.9922
1222,0.7986,22.89653,0.2292,1,0.769927,0.000477099,0.0,5.01956,5.0108
1223,0.0004,3.298056,0.0003,0,0.0,0.000527996,0.0,4.99924,5.0008
1224,0.0001,0.0,0.0001,0,0.0,0.000536245,0.0,4.96603,4.9568
1225,0.7926,27.179378,0.2255,1,4.828734,0.000579719,0.0,4.96832,4.9996
1226,0.7963,19.352118,0.2166,1,-3.127198,0.000628961,0.0,4.97309,4.9874
1227,0.0001,0.0,0.0001,0,0.0,0.000359488,0.0,5.00132,5.0058
1228,0.0001,0.0,0.0001,0,0.0,0.000455982,0.0,5.00701,4.9932
1229,0.0001,0.0,0.0001,0,0.0,0.000453266,0.0,5.00334,5.0268
1230,0.0001,0.0,0.0001,0,0.0,0.000381977,0.0,4.99749,5.029
1231,0.0001,0.0,0.0001,0,0.0,0.000416163,0.0,4.93886,4.9626
1232,0.0001,0.0,0.0001,0,0.0,0.00051455,0.0,4.94535,4.9516
1233,0.8153,21.746232,0.228,1,-0.765381,0.000491535,0.0,5.06181,5.0642
1234,0.7969,25.946077,0.2192,1,1.991869,0.000435256,0.0,4.97793,4.9846
1235,0.0002,1.157947,0.0002,0,0.0,0.000561683,0.0,4.95203,4.9614
1236,0.8071,23.317983,0.2336,1,0.260211,0.000292742,0.0,4.95348,4.9652
1237,0.8046,23.583778,0.2106,1,1.325649,0.000501361,0.0,5.00829,5.018
1238,0.787,22.487158,0.2223,1,-0.295143,0.000757243,0.0,4.967,4.9452
1239,0.0001,0.0,0.0001,0,0.0,0.000506199,0.0,4.98966,4.9886
1240,0.7981,38.303293,0.2225,1,16.177406,0.000458741,0.0,4.98848,4.9816
1241,0.0002,1.992047,0.0002,0,0.0,0.00045456,0.0,5.01905,4.9968
1242,0.0001,0.0,0.0001,0,0.0,0.000624935,0.0,4.99932,4.9932
1243,0.8061,21.31852,0.2344,1,-2.017801,0.000620565,0.0,5.00805,5.0196
1244,0.8041,33.837581,0.2344,1,10.847501,0.000386318,0.0,4.98076,4.9892
1245,0.0001,0.0,0.0001,0,0.0,0.000362325,0.0,4.96435,5.0036
1246,0.7916,23.344256,0.2235,1,1.383385,0.000508774,0.0,4.98258,4.9704
1247,0.8006,21.668421,0.2259,1,-0.606962,0.000416602,0.0,4.93187,4.9644
1248,0.0001,0.0,0.0001,0,0.0,0.000478141,0.0,5.01483,5.0046
1249,0.0009,3.421044,0.0006,0,0.0,0.000695878,0.0,5.00248,4.9984
1250,0.0001,0.0,0.0001,0,0.0,0.000500501,0.0,4.89386,4.8992
1251,0.7883,19.331017,0.228,1,-2.112337,0.000440762,0.0,4.95791,4.9422
1252,0.0001,0.0,0.0001,0,0.0,0.000566381,0.0,5.04657,5.038
1253,0.0001,0.0,0.0001,0,0.0,0.000335962,0.0,4.99457,5.006
1254,0.0001,0.0,0.0001,0,0.0,0.000586878,0.0,4.95449,4.9524
1255,0.0002,0.212353,0.0002,0,0.0,0.000669808,0.0,5.00795,5.0084
1256,0.0001,0.0,0.0001,0,0.0,0.000385948,0.0,4.98533,4.9894
1257,0.795,20.951082,0.2328,1,-1.765221,0.000484156,0.0,4.97699,4.98
1258,0.0003,2.301731,0.0002,0,0.0,0.000456489,0.0,5.00204,4.9926
1259,0.0001,0.0,0.0001,0,0.0,0.000432325,0.0,4.99704,4.9992
1260,0.0003,1.316012,0.0002,0,0.0,0.000455916,0.0,4.99273,5.0082
1261,0.0001,0.0,0.0001,0,0.0,0.000525846,0.0,5.01386,5.0066
1262,0.8059,21.50975,0.2377,1,-0.590887,0.000510978,0.0,4.95232,4.9792
1263,0.7993,21.449074,0.2301,1,-1.817152,0.000479823,0.0,4.99026,5.0116
1264,0.7894,26.139332,0.2291,1,5.570782,0.000660336,0.0,5.0628,5.0252
1265,0.8015,21.757423,0.2209,1,-1.180877,0.000406313,0.0,5.01034,5.0104
1266,0.7984,29.690767,0.2242,1,6.959158,0.000447536,0.0,5.04512,5.049
1267,0.0001,0.0,0.0001,0,0.0,0.000545411,0.0,5.02562,5.0346
1268,0.0001,0.0,0.0001,0,0.0,0.000462171,0.0,4.96282,4.9702
1269,0.7918,23.38251,0.2256,1,0.78516,0.000452212,0.0,5.028,5.0138
1270,0.0001,0.0,0.0001,0,0.0,0.000519125,0.0,5.04712,5.038
1271,0.8049,23.716894,0.2472,1,2.341502,0.000519166,0.0,5.05596,5.0288
1272,0.0004,2.537821,0.0004,0,0.0,0.000429301,0.0,5.00561,5.0258
1273,0.7936,21.020572,0.239,1,-0.642376,0.000550108,0.0,5.00359,5.0136
1274,0.0001,0.0,0.0001,0,0.0,0.00034115,0.0,4.94927,4.975
1275,0.0003,0.957704,0.0003,0,0.0,0.000520131,0.0,5.03696,5.0384
1276,0.0001,0.0,0.0001,0,0.0,0.000542513,0.0,5.05308,5.034
1277,0.8032,20.396741,0.2427,1,-0.923811,0.000452105,0.0,5.0152,5.0278
1278,0.0001,0.0,0.0001,0,0.0,0.000480238,0.0,4.99173,5.0058
1279,0.7913,22.291606,0.227,1,-0.151258,0.000509037,0.0,4.9756,4.9748
1280,0.0001,0.0,0.0001,0,0.0,0.000515219,0.0,4.94332,4.9472
1281,0.7943,18.862831,0.2208,1,-3.090598,0.000573221,0.0,5.01381,5.0104
1282,0.0001,0.0,0.0001,0,0.0,0.0005502,0.0,5.00975,5.0066
1283,0.0001,0.0,0.0001,0,0.0,0.000669227,0.0,5.0147,5.006
1284,0.7909,22.548816,0.2338,1,-0.357165,0.000439057,0.0,4.95312,4.9662
1285,0.7864,25.23416,0.2275,1,2.450523,0.000724317,0.0,4.98596,4.9842
1286,0.8005,27.509363,0.2358,1,6.405589,0.000503123,0.0,4.99693,5.0118
1287,0.8026,24.422284,0.2327,1,2.204657,0.000689912,0.0,5.02302,5.021
1288,0.0001,0.0,0.0001,0,0.0,0.000405757,0.0,5.0136,5.014
1289,0.0001,0.0,0.0001,0,0.0,0.00055655,0.0,4.97484,4.9842
1290,0.7853,28.696599,0.2281,1,6.177213,0.000597448,0.0,5.01214,5.0092
1291,0.0001,0.0,0.0001,0,0.0,0.000567425,0.0,5.03608,5.0392
1292,0.0001,0.0,0.0001,0,0.0,0.000577539,0.0,4.9813,5.0054
1293,0.7966,21.169111,0.2292,1,-0.685209,0.00048199,0.0,4.98235,4.997
1294,0.0001,0.0,0.0001,0,0.0,0.00058425,0.0,4.95896,4.9702
1295,0.0003,4.684756,0.0003,0,0.0,0.000626275,0.0,4.99823,4.9836
1296,0.7886,23.53458,0.23,1,1.064404,0.00055736,0.0,4.9782,4.9736
1297,0.7948,22.810905,0.2235,1,0.385776,0.000557598,0.0,4.97647,4.9732
1298,0.8162,24.447796,0.2416,1,2.11621,0.000453999,0.0,5.00263,5.0194
1299,0.815,24.595835,0.2415,1,2.497785,0.00045828,0.0,4.98829,4.9868
1300,0.8021,26.655544,0.2311,1,4.387788,0.00036051,0.0,5.00152,4.9914
1301,0.7844,18.318607,0.2079,1,-4.251238,0.000573778,0.0,5.01294,5.0064
1302,0.8018,23.207208,0.2243,1,1.219524,0.000638499,0.0,5.04434,5.0298
1303,0.8011,24.541209,0.2235,1,2.118487,0.000562494,0.0,4.94689,4.9594
1304,0.8059,23.190529,0.2348,1,0.83766,0.000308618,0.0,5.03466,5.02
1305,0.0004,1.172982,0.0004,0,0.0,0.000515194,0.0,5.04736,5.0762
1306,0.8044,21.089495,0.2379,1,-1.545874,0.000432616,0.0,4.99328,4.9996
1307,0.0001,0.0,0.0001,0,0.0,0.000494941,0.0,5.05492,5.0362
1308,0.0002,0.30578,0.0002,0,0.0,0.000384018,0.0,4.99157,5.0082
1309,0.0001,0.0,0.0001,0,0.0,0.000666873,0.0,5.02618,5.0122
1310,0.0001,0.0,0.0001,0,0.0,0.000386984,0.0,4.99159,4.9698
1311,0.0001,0.0,0.0001,0,0.0,0.00041455,0.0,4.94772,4.973
1312,0.0001,0.0,0.0001,0,0.0,0.000406274,0.0,5.01683,5.0044
1313,0.0001,0.0,0.0001,0,0.0,0.000535958,0.0,4.96508,4.9604
1314,0.0001,0.0,0.0001,0,0.0,0.000532959,0.0,4.97158,4.9818
1315,0.0003,0.553652,0.0002,0,0.0,0.00045717,0.0,4.97665,5.0106
1316,0.0001,0.0,0.0001,0,0.0,0.000498047,0.0,5.01781,5.0418
1317,0.0005,1.44486,0.0004,0,0.0,0.000333415,0.0,5.02129,5.0174
1318,0.8122,16.58459,0.2405,1,-5.845183,0.000663439,0.0,5.03071,5.0336
1319,0.7941,27.327274,0.2268,1,5.266044,0.000521183,0.0,5.03139,5.0338
1320,0.7852,22.730321,0.2168,1,0.044941,0.000622521,0.0,5.01589,4.996
1321,0.804,19.558362,0.2314,1,-2.870791,0.000316538,0.0,4.96426,4.9638
1322,0.8043,24.127018,0.2182,1,1.210257,0.00036117,0.0,4.99699,4.9868
1323,0.8097,26.34902,0.2274,1,4.645442,0.000631415,0.0,4.96312,4.978
1324,0.0002,0.388077,0.0002,0,0.0,0.000533036,0.0,4.98848,4.9642
1325,0.8032,22.648404,0.2476,1,0.268172,0.000527384,0.0,5.00384,5.002
1326,0.0001,0.0,0.0001,0,0.0,0.000507263,0.0,5.00246,4.9654
1327,0.7982,21.777774,0.2196,1,-2.19287,0.000492264,0.0,5.0545,5.064
1328,0.8135,20.464183,0.2437,1,-1.641175,0.000408543,0.0,5.00216,4.9912
1329,0.7862,19.161004,0.2193,1,-3.414289,0.000432308,0.0,4.99484,5.0016
1330,0.0001,0.0,0.0001,0,0.0,0.000509857,0.0,4.96381,4.9786
1331,0.8057,26.582025,0.2271,1,3.888915,0.000491224,0.0,5.07342,5.0558
1332,0.7922,18.599311,0.219,1,-2.502322,0.00057191,0.0,5.0169,5.0188
1333,0.0001,0.0,0.0001,0,0.0,0.000576577,0.0,4.97907,5.016
1334,0.7884,19.041333,0.2226,1,-2.952103,0.00057758,0.0,4.99071,4.9956
1335,0.7966,23.646314,0.2297,1,1.088276,0.000563022,0.0,4.95364,4.948
1336,0.8051,23.707271,0.226,1,-0.181935,0.000512653,0.0,5.08882,5.0598
1337,0.794,20.626816,0.2139,1,-2.972381,0.0003183,0.0,4.94475,4.9558
1338,0.7982,20.442055,0.2245,1,-1.894391,0.000361768,0.0,4.98853,4.987
1339,0.0001,0.0,0.0001,0,0.0,0.000575434,0.0,4.99095,5.014
1340,0.0001,0.0,0.0001,0,0.0,0.000480288,0.0,5.0026,4.9944
1341,0.8158,22.534293,0.235,1,-0.003554,0.000495443,0.0,5.03241,5.0536
1342,0.7963,22.004077,0.2252,1,-1.005114,0.000413119,0.0,4.97465,4.9632
1343,0.0001,0.0,0.0001,0,0.0,0.000432689,0.0,5.00164,4.9904
1344,0.0001,0.0,0.0001,0,0.0,0.000601497,0.0,4.98936,4.9982
1345,0.0002,0.244855,0.0002,0,0.0,0.000388375,0.0,4.97773,4.9658
1346,0.8077,25.405385,0.233,1,4.121729,0.000404245,0.0,5.02553,5.0208
1347,0.7999,21.714623,0.2221,1,-0.943371,0.000358483,0.0,5.01454,5.0066
1348,0.0001,0.0,0.0001,0,0.0,0.000384591,0.0,5.00996,4.9824
1349,0.0001,0.0,0.0001,0,0.0,0.000361957,0.0,4.98852,4.9844
1350,0.7855,24.496976,0.208,1,2.363308,0.000511243,0.0,4.96351,4.9654
1351,0.0001,0.0,0.0001,0,0.0,0.000509927,0.0,4.96791,4.9738
1352,0.0001,0.0,0.0001,0,0.0,0.000417571,0.0,4.94354,4.9412
1353,0.8015,18.78291,0.2362,1,-3.183514,0.00021533,0.0,5.00675,5.0088
1354,0.0001,0.0,0.0001,0,0.0,0.000351637,0.0,5.06423,5.054
1355,0.8001,19.076892,0.2389,1,-2.488292,0.000329546,0.0,5.04845,5.049
1356,0.0001,0.0,0.0001,0,0.0,0.000687204,0.0,5.033,5.0308
1357,0.7997,28.208196,0.2214,1,5.225819,0.000347021,0.0,4.91094,4.929
1358,0.793,26.8225,0.2329,1,3.473855,0.000584966,0.0,4.96968,4.9534
1359,0.8046,20.659888,0.2404,1,-1.168913,0.000424405,0.0,5.05591,5.0332
1360,0.8089,23.495298,0.2352,1,2.76921,0.000447515,0.0,5.05637,5.038
1361,0.0004,1.617933,0.0003,0,0.0,0.000578843,0.0,4.99763,4.9778
1362,0.7848,22.088504,0.2163,1,-0.109846,0.0005097,0.0,4.96992,4.974
1363,0.0001,0.0,0.0001,0,0.0,0.00056717,0.0,5.04154,5.036
1364,0.801,25.570959,0.2279,1,2.251543,0.000433474,0.0,4.98479,4.9982
1365,0.8012,21.551252,0.2275,1,-1.531274,0.000546903,0.0,5.0305,5.016
1366,0.0001,0.0,0.0001,0,0.0,0.000695727,0.0,5.00136,5.0006
1367,0.0001,0.0,0.0001,0,0.0,0.000505927,0.0,4.98615,4.9948
1368,0.0002,0.257958,0.0002,0,0.0,0.000312881,0.0,4.99531,4.9906
1369,0.7944,22.55395,0.2279,1,-0.094396,0.000551982,0.0,4.98819,5.012
1370,0.0007,2.132087,0.0005,0,0.0,0.000353643,0.0,5.04568,5.0438
1371,0.0001,0.0,0.0001,0,0.0,0.000505793,0.0,4.98827,4.994
1372,0.7972,23.905484,0.228,1,2.783457,0.000403408,0.0,5.03717,5.0196
1373,0.7957,25.619186,0.2208,1,2.44523,0.000694711,0.0,5.01369,4.9956
1374,0.0001,0.0,0.0001,0,0.0,0.000414143,0.0,4.95537,4.9702
1375,0.0001,0.0,0.0001,0,0.0,0.000559924,0.0,4.9734,4.9556
1376,0.8064,23.061717,0.2391,1,0.18704,0.000622486,0.0,5.00735,5.0048
1377,0.7944,26.059734,0.2291,1,3.016031,0.000563219,0.0,4.93296,4.967
1378,0.7963,20.410567,0.2226,1,-2.29248,0.000552672,0.0,5.00212,4.9918
1379,0.0001,0.0,0.0001,0,0.0,0.000656933,0.0,5.06364,5.0504
1380,0.0006,4.374648,0.0004,0,0.0,0.000383669,0.0,5.00793,4.9964
1381,0.8105,22.776624,0.231,1,0.320573,0.000452058,0.0,5.02171,5.0218
1382,0.0001,0.0,0.0001,0,0.0,0.000417622,0.0,4.93614,4.948
1383,0.8023,19.696889,0.2241,1,-2.790908,0.000337634,0.0,4.97481,5.001
1384,0.0005,3.012549,0.0004,0,0.0,0.000628161,0.0,4.98543,4.9814
1385,0.0001,0.0,0.0001,0,0.0,0.000588822,0.0,5.04468,5.0498
1386,0.7918,27.727915,0.2222,1,5.989284,0.000525695,0.0,5.01871,5.0032
1387,0.7937,21.130768,0.2219,1,-2.493771,0.000483072,0.0,4.97975,4.9884
1388,0.804,17.340222,0.2268,1,-4.118525,0.000515299,0.0,4.93796,4.9518
1389,0.8041,21.753919,0.229,1,-0.120591,0.000406478,0.0,5.0085,5.0102
1390,0.7894,22.125995,0.2218,1,-0.506684,0.000311805,0.0,5.00873,4.9944
1391,0.798,21.389101,0.2399,1,-0.568401,0.000636002,0.0,5.0577,5.0362
1392,0.001,8.54364,0.0005,0,0.0,0.000486543,0.0,4.96633,4.9662
1393,0.7905,29.585485,0.2232,1,5.939587,0.000609806,0.0,4.96087,4.9584
1394,0.0001,0.0,0.0001,0,0.0,0.000535145,0.0,4.95982,4.9732
1395,0.0003,0.597449,0.0002,0,0.0,0.000527089,0.0,5.01888,4.9898
1396,0.8051,17.697019,0.2353,1,-4.773256,0.000357339,0.0,5.02618,5.011
1397,0.8155,21.497048,0.2326,1,-1.141209,0.000439457,0.0,4.9582,4.9566
1398,0.0002,0.122932,0.0002,0,0.0,0.000456416,0.0,4.99504,5.0004
1399,0.7886,28.75164,0.2283,1,6.015048,0.000263528,0.0,5.00496,5.004
1400,0.8058,22.637511,0.2417,1,1.308335,0.000450475,0.0,5.03353,5.0276
1401,0.7786,27.444419,0.213,1,5.831129,0.000584401,0.0,4.96626,4.9616
1402,0.0001,0.0,0.0001,0,0.0,0.000653184,0.0,4.99408,4.9662
1403,0.7955,22.240682,0.2292,1,0.702121,0.000485531,0.0,4.97008,4.9728
1404,0.0001,0.0,0.0001,0,0.0,0.000658403,0.0,4.95369,4.967
1405,0.0001,0.0,0.0001,0,0.0,0.000600933,0.0,5.00706,4.9852
1406,0.8131,19.570969,0.2494,1,-1.28841,0.000561828,0.0,5.07095,5.0544
1407,0.0001,0.0,0.0001,0,0.0,0.000522449,0.0,5.01899,5.034
1408,0.0001,0.0,0.0001,0,0.0,0.000418372,0.0,4.93946,4.9358
1409,0.7977,24.040721,0.2223,1,0.778877,0.000439128,0.0,4.96933,4.9492
1410,0.0001,0.0,0.0001,0,0.0,0.000745133,0.0,5.00401,4.9884
1411,0.8019,22.78591,0.2236,1,-0.45191,0.000330886,0.0,5.03219,5.0448
1412,0.0004,3.078946,0.0003,0,0.0,0.000385933,0.0,4.98993,4.985
1413,0.7985,24.447214,0.2234,1,0.955573,0.00073017,0.0,4.97213,4.958
1414,0.8045,18.539655,0.2431,1,-3.312013,0.000577826,0.0,4.983,5.0012
1415,0.0001,0.0,0.0001,0,0.0,0.00046765,0.0,5.06858,5.0626
1416,0.0002,2.127888,0.0002,0,0.0,0.000480046,0.0,4.98795,5.0116
1417,0.7985,25.024283,0.2191,1,2.700335,0.00049482,0.0,5.04934,5.043
1418,0.7952,29.076909,0.225,1,6.193764,0.000459022,0.0,4.98623,4.9808
1419,0.0002,1.830592,0.0002,0,0.0,0.000457618,0.0,4.98411,4.9982
1420,0.8067,16.421507,0.2521,1,-4.631974,0.000606461,0.0,5.06897,5.0746
1421,0.7954,23.762558,0.2213,1,0.840072,0.000488174,0.0,4.94755,4.9684
1422,0.7994,20.52599,0.2374,1,-2.175297,0.000363592,0.0,4.96589,4.9846
1423,0.8018,21.449578,0.2343,1,-1.298832,0.000580056,0.0,4.97938,4.9856
1424,0.0002,2.043496,0.0002,0,0.0,0.000363775,0.0,4.97079,4.9772
1425,0.7897,32.136633,0.221,1,10.048572,0.000483715,0.0,4.99577,4.9658
1426,0.0004,4.258071,0.0004,0,0.0,0.000533329,0.0,4.97351,4.9764
1427,0.7833,20.976721,0.2136,1,-2.471711,0.000669686,0.0,5.0223,4.995
1428,0.7902,23.869517,0.2172,1,0.790936,0.000481564,0.0,4.98655,4.9972
1429,0.8049,25.565749,0.2339,1,3.637051,0.000412795,0.0,4.97515,4.9666
1430,0.7966,20.968787,0.23,1,-1.275372,0.000640691,0.0,5.02688,5.03
1431,0.7843,20.282963,0.2298,1,-2.13712,0.000358629,0.0,5.02254,4.9966
1432,0.8047,30.581565,0.233,1,7.209011,0.000574433,0.0,4.99984,5.0138
1433,0.8015,27.201362,0.2198,1,3.710991,0.000576267,0.0,4.99748,5.0002
1434,0.7973,21.563199,0.2297,1,-1.664603,0.000411387,0.0,4.98316,4.9756
1435,0.7976,22.447144,0.2073,1,-1.133323,0.000393481,0.0,4.92582,4.953
1436,0.7938,24.332937,0.2294,1,2.223076,0.000607725,0.0,4.96344,4.9728
1437,0.0006,1.719955,0.0005,0,0.0,0.000622402,0.0,5.00803,5.0048
1438,0.8103,22.131375,0.2299,1,-0.19632,0.000470533,0.0,5.0471,5.053
1439,0.0001,0.0,0.0001,0,0.0,0.000558036,0.0,4.97898,4.9668
1440,0.7944,18.785554,0.2189,1,-3.455806,0.000419622,0.0,4.92435,4.9362
1441,0.0002,0.209828,0.0002,0,0.0,0.000572369,0.0,5.0035,5.0282
1442,0.7963,22.90689,0.2156,1,-0.082603,0.000359147,0.0,5.00707,5.0048
1443,0.7952,20.282222,0.2284,1,-1.626085,0.000338712,0.0,4.98669,4.9732
1444,0.8102,17.837901,0.2326,1,-4.207854,0.000475545,0.0,5.02153,5.0252
1445,0.7901,19.229327,0.2267,1,-4.229647,0.000387472,0.0,4.98893,4.9662
1446,0.0001,0.0,0.0001,0,0.0,0.000480254,0.0,4.99856,4.9988
1447,0.0001,0.0,0.0001,0,0.0,0.000459255,0.0,4.99453,4.97
1448,0.0001,0.0,0.0001,0,0.0,0.000548778,0.0,5.01432,5.015
1449,0.8042,21.480663,0.2394,1,-1.051205,0.000746796,0.0,4.99948,4.9818
1450,0.8013,19.812869,0.2263,1,-3.186051,0.000530534,0.0,4.97712,4.999
1451,0.7746,18.858904,0.2144,1,-3.67317,0.000448653,0.0,5.04796,5.0336
1452,0.8119,25.263042,0.2309,1,2.723463,0.000514744,0.0,5.06194,5.066
1453,0.8155,27.039768,0.2321,1,3.522194,0.000494277,0.0,5.04269,5.0552
1454,0.0002,1.349457,0.0002,0,0.0,0.000763474,0.0,5.03871,4.991
1455,0.0001,0.0,0.0001,0,0.0,0.000431779,0.0,5.00556,4.997
1456,0.0001,0.0,0.0001,0,0.0,0.000618263,0.0,5.0197,5.0266
1457,0.0002,0.162421,0.0002,0,0.0,0.000520706,0.0,5.0316,5.0382
1458,0.8,21.936044,0.2264,1,-0.895205,0.000527523,0.0,4.99573,5.0088
1459,0.795,19.880764,0.2374,1,-2.387178,0.000782343,0.0,5.04276,5.0188
1460,0.7967,26.090934,0.2326,1,4.054054,0.000406754,0.0,5.01091,5.0044
1461,0.8051,22.512851,0.2266,1,-0.187243,0.000409323,0.0,4.98923,4.9946
1462,0.0001,0.0,0.0001,0,0.0,0.000490814,0.0,4.94783,4.9414
1463,0.0004,0.246887,0.0003,0,0.0,0.00072884,0.0,5.05948,5.044
1464,0.8014,23.189335,0.2217,1,-0.048147,0.000407273,0.0,4.99434,5.0146
1465,0.7956,21.710556,0.228,1,-0.70581,0.00050303,0.0,5.00304,5.0066
1466,0.8004,19.654896,0.2384,1,-2.117648,0.000496387,0.0,5.03539,5.041
1467,0.0001,0.0,0.0001,0,0.0,0.00075543,0.0,5.05308,5.0298
1468,0.8116,20.344004,0.2349,1,-1.96111,0.000679953,0.0,4.96755,4.9738
1469,0.7877,19.730939,0.2133,1,-2.415118,0.000394228,0.0,4.93583,4.9336
1470,0.786,30.339662,0.2224,1,8.544862,0.000510312,0.0,4.96517,4.9728
1471,0.8065,20.82297,0.2372,1,-1.551658,0.000593528,0.0,5.04061,5.0138
1472,0.0004,2.687616,0.0003,0,0.0,0.000555167,0.0,4.97646,4.995
1473,0.7951,21.76882,0.2292,1,-0.209648,0.000518786,0.0,5.03921,5.0492
1474,0.8053,24.343855,0.2304,1,2.343749,0.000450889,0.0,5.02772,5.0288
1475,0.8075,25.12081,0.2286,1,1.81789,0.000552592,0.0,5.00605,4.9886
1476,0.8049,19.622853,0.242,1,-2.775838,0.00066301,0.0,5.04098,5.0266
1477,0.8008,33.126054,0.2323,1,9.531602,0.000582285,0.0,5.07138,5.0796
1478,0.0003,0.629301,0.0003,0,0.0,0.000574044,0.0,5.00883,5.0082
1479,0.0001,0.0,0.0001,0,0.0,0.00057823,0.0,4.98351,4.9972
1480,0.7831,24.377256,0.2362,1,2.002404,0.000667525,0.0,5.02809,5.0054
1481,0.8096,22.696956,0.2346,1,0.61402,0.000596972,0.0,5.00295,5.0224
1482,0.7911,20.552422,0.2138,1,-1.821824,0.000363381,0.0,4.96998,4.9834
1483,0.7967,20.058465,0.2327,1,-1.834988,0.000444691,0.0,5.06857,5.0578
1484,0.8005,22.620796,0.238,1,0.566429,0.000406145,0.0,5.02143,5.0014
1485,0.7905,18.508317,0.2132,1,-4.03208,0.000518463,0.0,4.93654,4.923
1486,0.7969,25.266597,0.2334,1,3.382658,0.000288214,0.0,5.00208,4.9942
1487,0.805,17.460068,0.2387,1,-4.12195,0.000313457,0.0,4.98454,4.9922
1488,0.8022,19.311016,0.2382,1,-1.916845,0.000625822,0.0,4.99003,4.9954
1489,0.7969,20.837543,0.2166,1,-1.217404,0.00039981,0.0,4.89469,4.9056
1490,0.8098,21.197437,0.2325,1,-1.347374,0.000498793,0.0,5.02207,5.03
1491,0.7961,20.664153,0.2252,1,-0.937452,0.000659527,0.0,5.04812,5.046
1492,0.794,24.01012,0.2103,1,1.47371,0.000547415,0.0,5.0148,5.027
1493,0.7924,21.149479,0.2268,1,-1.245627,0.000533075,0.0,4.97069,4.9816
1494,0.0001,0.0,0.0001,0,0.0,0.000594285,0.0,5.01239,5.0356
1495,0.7926,24.030269,0.2208,1,-0.015581,0.00052964,0.0,4.98811,4.9964
1496,0.0001,0.0,0.0001,0,0.0,0.000429004,0.0,5.01706,5.0178
1497,0.7972,24.951108,0.2271,1,2.809668,0.00047195,0.0,5.04793,5.037
1498,0.7979,26.90413,0.2258,1,3.357429,0.000556263,0.0,4.97481,4.9868
1499,0.793,20.324486,0.2249,1,-1.679272,0.000664752,0.0,5.01918,5.0352
1500,0.7957,20.494663,0.2289,1,-2.06791,0.000588734,0.0,5.04603,5.0492
1501,0.0004,2.345767,0.0003,0,0.0,0.000474256,0.0,5.03418,5.0262
1502,0.0001,0.0,0.0001,0,0.0,0.000437417,0.0,4.97429,4.9636
1503,0.8133,19.947682,0.2263,1,-2.488495,0.000551493,0.0,4.99421,5.0104
1504,0.0001,0.0,0.0001,0,0.0,0.000528118,0.0,4.99728,5.0016
1505,0.7934,21.346381,0.2178,1,-1.459597,0.000482176,0.0,4.97545,5.002
1506,0.0003,1.737735,0.0003,0,0.0,0.000463645,0.0,4.96062,4.9566
1507,0.0003,2.432036,0.0002,0,0.0,0.000380677,0.0,5.01316,5.0304
1508,0.8023,23.013813,0.2262,1,0.067124,0.00051039,0.0,4.9668,4.9704
1509,0.7953,21.878997,0.2143,1,-1.707229,0.000492676,0.0,4.92037,4.9502
1510,0.7947,20.872061,0.2193,1,-2.312524,0.000525039,0.0,5.02278,5.0054
1511,0.8014,22.034535,0.228,1,-0.16096,0.000336925,0.0,4.99267,4.9936
1512,0.0001,0.0,0.0001,0,0.0,0.00070487,0.0,4.96428,4.9726
1513,0.7931,23.68657,0.2238,1,0.735173,0.000498508,0.0,5.02913,5.0258
1514,0.0001,0.0,0.0001,0,0.0,0.000476766,0.0,5.01806,5.0158
1515,0.0002,1.348841,0.0002,0,0.0,0.000514946,0.0,4.95476,4.9384
1516,0.0003,3.927569,0.0003,0,0.0,0.000343132,0.0,4.95174,4.9438
1517,0.8045,21.83066,0.2232,1,-0.364181,0.000531654,0.0,4.97459,4.991
1518,0.0004,1.057615,0.0003,0,0.0,0.000368789,0.0,4.93174,4.9484
1519,0.8084,36.538341,0.2491,1,13.893395,0.000403286,0.0,5.02507,5.0332
1520,0.7742,23.208349,0.2134,1,1.19931,0.000361591,0.0,4.98858,4.9894
1521,0.0005,1.961776,0.0004,0,0.0,0.000484047,0.0,4.97292,4.9852
1522,0.7799,21.746894,0.2066,1,-2.419003,0.000441346,0.0,4.95176,4.9418
1523,0.7794,31.159852,0.2144,1,7.985845,0.000654762,0.0,4.96524,4.983
1524,0.0003,0.847802,0.0003,0,0.0,0.000570329,0.0,5.01821,5.0314
1525,0.0001,0.0,0.0001,0,0.0,0.000484195,0.0,4.97479,4.9818
1526,0.7941,29.9598,0.2338,1,7.675005,0.00047444,0.0,5.03203,5.0264
1527,0.7959,19.859607,0.2393,1,-1.852756,0.000291109,0.0,4.96348,4.983
1528,0.0001,0.0,0.0001,0,0.0,0.000450611,0.0,5.03102,5.0286
1529,0.0001,0.0,0.0001,0,0.0,0.000594276,0.0,5.02945,5.0186
1530,0.7967,22.057358,0.2313,1,-0.935375,0.000494933,0.0,5.0552,5.036
1531,0.0002,1.188423,0.0002,0,0.0,0.00039771,0.0,5.06994,5.0586
1532,0.7908,19.476107,0.2101,1,-2.634227,0.000479724,0.0,5.00829,4.9946
1533,0.8004,21.153096,0.2227,1,-0.845756,0.000433481,0.0,5.00173,4.9812
1534,0.0004,0.464474,0.0003,0,0.0,0.000649038,0.0,5.00281,4.9892
1535,0.7919,29.397364,0.2131,1,5.835295,0.00049253,0.0,5.06478,5.051
1536,0.7975,20.653503,0.2427,1,-1.552655,0.000630247,0.0,4.97652,4.9738
1537,0.8009,25.534975,0.2287,1,3.184927,0.000448625,0.0,5.04146,5.0404
1538,0.7991,23.918412,0.2096,1,-0.003509,0.000637042,0.0,4.94511,4.952
1539,0.0001,0.0,0.0001,0,0.0,0.000407056,0.0,5.0106,5.001
1540,0.7974,18.818715,0.2347,1,-1.914727,0.000335276,0.0,5.00519,5.0056
1541,0.0003,0.33192,0.0003,0,0.0,0.000385815,0.0,4.99145,4.985
1542,0.7982,21.48382,0.2285,1,-1.202256,0.000523531,0.0,5.02239,5.0202
1543,0.0001,0.0,0.0001,0,0.0,0.000362763,0.0,4.98205,4.9798
1544,0.0001,0.0,0.0001,0,0.0,0.000677718,0.0,5.08303,5.051
1545,0.7946,24.636761,0.2275,1,1.708443,0.000330139,0.0,5.05319,5.0352
1546,0.0002,0.35908,0.0002,0,0.0,0.000339172,0.0,4.96436,4.9888
1547,0.7931,21.033857,0.2276,1,-1.236488,0.000535184,0.0,4.95966,4.973
1548,0.0002,0.264779,0.0002,0,0.0,0.00035026,0.0,5.06429,5.0738
1549,0.8043,19.50365,0.2365,1,-3.233969,0.000383626,0.0,4.99529,5.0096
1550,0.7906,21.330911,0.2226,1,-1.071371,0.000591236,0.0,5.03685,5.037
1551,0.0002,1.361279,0.0002,0,0.0,0.000805736,0.0,4.9618,4.9526
1552,0.7968,21.745131,0.2146,1,-2.426378,0.00043361,0.0,4.98164,4.9998
1553,0.7976,21.625065,0.2236,1,-0.087006,0.000289096,0.0,4.99302,4.988
1554,0.0007,0.70604,0.0004,0,0.0,0.000446761,0.0,5.06551,5.0374
1555,0.7881,22.406151,0.207,1,0.379488,0.000430347,0.0,5.00219,5.017
1556,0.8033,17.443308,0.2229,1,-4.229052,0.000464684,0.0,4.93896,4.9672
1557,0.7848,22.820484,0.2224,1,0.39023,0.000505935,0.0,4.99426,4.9866
1558,0.7982,20.284763,0.2328,1,-1.424703,0.000490922,0.0,5.07354,5.0588
1559,0.0001,0.0,0.0001,0,0.0,0.000386079,0.0,4.98165,4.9914
1560,0.7942,20.024815,0.2341,1,-1.470083,0.000593101,0.0,5.04122,5.0168
1561,0.0004,0.120137,0.0002,0,0.0,0.000630782,0.0,4.97369,4.9724
1562,0.0001,0.0,0.0001,0,0.0,0.000540173,0.0,4.93589,4.9508
1563,0.0002,2.006704,0.0002,0,0.0,0.000528038,0.0,4.99205,5.0076
1564,0.0003,0.736012,0.0002,0,0.0,0.000543992,0.0,5.04114,5.0322
1565,0.7948,19.635055,0.2385,1,-3.090368,0.000393211,0.0,4.94159,4.9406
1566,0.7931,24.232499,0.229,1,2.29972,0.000588034,0.0,4.94875,4.9484
1567,0.7976,27.555247,0.2203,1,4.693822,0.000400543,0.0,5.04925,5.0434
1568,0.7823,29.024187,0.2108,1,6.969313,0.000649549,0.0,4.99267,4.9954
1569,0.7841,20.141811,0.2198,1,-2.475703,0.000536612,0.0,4.96224,4.9572
1570,0.0001,0.0,0.0001,0,0.0,0.000464166,0.0,4.95765,4.954
1571,0.0003,4.375325,0.0003,0,0.0,0.000535306,0.0,4.97575,4.9558
1572,0.7921,34.715967,0.2304,1,11.745504,0.000490088,0.0,4.94715,4.9494
1573,0.795,22.810933,0.2344,1,1.278101,0.000501668,0.0,5.01542,5.0078
1574,0.797,19.525428,0.2337,1,-2.922288,0.000600019,0.0,5.00304,4.9968
1575,0.7929,17.666974,0.2276,1,-3.942574,0.000432939,0.0,4.99916,4.99
1576,0.7953,21.701228,0.2386,1,-0.950172,0.000538213,0.0,4.94667,4.958
1577,0.7995,22.418832,0.2404,1,0.343824,0.000645038,0.0,5.01814,5.0048
1578,0.0005,0.20421,0.0004,0,0.0,0.000356529,0.0,5.01637,5.0322
1579,0.0001,0.0,0.0001,0,0.0,0.000574154,0.0,5.00787,5.0082
1580,0.0001,0.0,0.0001,0,0.0,0.000311482,0.0,5.01073,4.9976
1581,0.0001,0.0,0.0001,0,0.0,0.000570518,0.0,5.01674,5.0312
1582,0.7965,23.201772,0.2264,1,0.910763,0.000475067,0.0,5.019,5.0328
1583,0.0001,0.0,0.0001,0,0.0,0.000887837,0.0,5.00132,4.9996
1584,0.0001,0.0,0.0001,0,0.0,0.000405586,0.0,5.00733,5.0224
1585,0.783,20.688239,0.2131,1,-2.516247,0.000461299,0.0,4.9772,4.9652
1586,0.0001,0.0,0.0001,0,0.0,0.00073003,0.0,5.04064,5.0546
1587,0.8097,18.401643,0.241,1,-3.083916,0.000627262,0.0,4.96824,5.0058
1588,0.0001,0.0,0.0001,0,0.0,0.000539467,0.0,4.95075,4.9424
1589,0.8098,20.570079,0.2364,1,-1.831329,0.000711103,0.0,5.03157,5.0308
1590,0.807,23.976562,0.2437,1,2.754408,0.000549,0.0,5.00969,5.0176
1591,0.802,27.931147,0.2367,1,4.982142,0.00059977,0.0,5.01959,4.9824
1592,0.8016,23.293384,0.232,1,1.00019,0.000489937,0.0,5.08313,5.0594
1593,0.7853,25.468271,0.21,1,2.474047,0.000485582,0.0,4.96915,4.9732
1594,0.0001,0.0,0.0001,0,0.0,0.000550542,0.0,5.00783,5.0054
1595,0.7987,23.176953,0.2263,1,0.4868,0.000433662,0.0,4.99643,4.9844
1596,0.7924,18.622266,0.2179,1,-4.476398,0.000528537,0.0,4.99832,4.9966
1597,0.7941,23.612393,0.2226,1,0.188313,0.00062711,0.0,4.98837,4.9868
1598,0.0004,1.646998,0.0003,0,0.0,0.000576701,0.0,4.98316,5.0108
1599,0.7857,22.927693,0.2106,1,-0.124078,0.000413153,0.0,4.97165,4.9658
1600,0.0005,3.689465,0.0005,0,0.0,0.000818659,0.0,4.99235,4.9914
1601,0.7921,19.203667,0.2296,1,-3.208889,0.000502966,0.0,5.0157,4.9946
1602,0.7965,28.257541,0.2317,1,5.882722,0.000664011,0.0,5.02439,5.0356
1603,0.0001,0.0,0.0001,0,0.0,0.000401527,0.0,5.04308,5.0372
1604,0.7954,29.992544,0.2295,1,8.018805,0.000532732,0.0,5.10247,5.0768
1605,0.0001,0.0,0.0001,0,0.0,0.00064432,0.0,4.99996,5.0286
1606,0.7929,31.993984,0.2303,1,10.023136,0.000530346,0.0,4.99787,4.98
1607,0.7948,24.152105,0.2328,1,1.812534,0.000575774,0.0,4.99537,5.0066
1608,0.0001,0.0,0.0001,0,0.0,0.000518803,0.0,5.04045,5.0478
1609,0.8002,23.949248,0.2301,1,2.038171,0.000327779,0.0,5.05204,5.0726
1610,0.0001,0.0,0.0001,0,0.0,0.000433328,0.0,4.97771,5.007
1611,0.7958,36.355975,0.2303,1,13.561077,0.000492094,0.0,4.92818,4.9482
1612,0.0001,0.0,0.0001,0,0.0,0.000611079,0.0,5.04598,5.0592
1613,0.0001,0.0,0.0001,0,0.0,0.000435189,0.0,4.98009,4.9832
1614,0.0001,0.0,0.0001,0,0.0,0.000553022,0.0,4.98777,5.003
1615,0.7994,24.197161,0.2232,1,2.952349,0.000364517,0.0,4.97205,4.9658
1616,0.7921,26.762294,0.2305,1,5.028681,0.000483216,0.0,4.99128,4.9754
1617,0.7987,28.762511,0.2406,1,6.838463,0.000384458,0.0,4.99384,5.0002
1618,0.0001,0.0,0.0001,0,0.0,0.000240061,0.0,4.99632,5.0024
1619,0.8028,22.242817,0.2275,1,0.308172,0.00043111,0.0,4.99793,5.0124
1620,0.7925,21.560218,0.2188,1,-2.04283,0.000532941,0.0,4.97533,4.9782
1621,0.7883,20.475309,0.227,1,-1.273632,0.000404589,0.0,5.01368,5.0284
1622,0.0004,0.57099,0.0002,0,0.0,0.00061768,0.0,5.01445,5.0366
1623,0.8041,22.349362,0.2313,1,-0.017903,0.000522392,0.0,5.02874,5.0248
1624,0.0004,4.038683,0.0004,0,0.0,0.000577478,0.0,4.9982,4.989
1625,0.0003,1.646529,0.0003,0,0.0,0.000654646,0.0,4.96952,4.9796
1626,0.7838,27.768044,0.208,1,5.052604,0.00041139,0.0,4.98713,4.9716
1627,0.7913,20.59926,0.2218,1,-2.573816,0.000525641,0.0,5.00802,5.0144
1628,0.0002,0.051858,0.0002,0,0.0,0.000632991,0.0,5.05267,5.0652
1629,0.0001,0.0,0.0001,0,0.0,0.000744453,0.0,4.99636,5.0006
1630,0.8098,25.019898,0.2324,1,2.414853,0.000446411,0.0,5.04186,5.065
1631,0.7977,21.381287,0.2352,1,-0.389953,0.000457967,0.0,4.9893,4.9892
1632,0.0001,0.0,0.0001,0,0.0,0.000435101,0.0,4.9789,4.9854
1633,0.0003,3.171887,0.0003,0,0.0,0.00058598,0.0,4.95707,4.9574
1634,0.0001,0.0,0.0001,0,0.0,0.000698834,0.0,5.07731,5.073
1635,0.8038,22.290334,0.2306,1,-0.330773,0.000529644,0.0,4.98408,5.0004
1636,0.0001,0.0,0.0001,0,0.0,0.000433053,0.0,4.99083,4.997
1637,0.0001,0.0,0.0001,0,0.0,0.000360912,0.0,4.98557,5.0018
1638,0.0002,0.203002,0.0002,0,0.0,0.000540507,0.0,5.05316,5.0526
1639,0.0001,0.0,0.0001,0,0.0,0.000359195,0.0,5.0086,5.0026
1640,0.0001,0.0,0.0001,0,0.0,0.000500588,0.0,5.01522,5.0188
1641,0.0001,0.0,0.0001,0,0.0,0.000481016,0.0,4.99503,4.9944
1642,0.7816,21.259322,0.2179,1,-2.270916,0.000529763,0.0,4.99976,4.9836
1643,0.8069,20.827594,0.2351,1,-0.792574,0.000527582,0.0,5.00336,5.0006
1644,0.7979,22.944087,0.2353,1,1.13789,0.000565789,0.0,5.04904,5.0408
1645,0.7941,24.017851,0.2267,1,0.951816,0.000534192,0.0,4.97427,4.9676
1646,0.788,17.915907,0.2153,1,-4.459651,0.000559125,0.0,4.96668,4.9694
1647,0.7844,23.451612,0.233,1,0.054181,0.000534487,0.0,4.96893,4.9702
1648,0.7996,24.324594,0.2274,1,2.791596,0.000575296,0.0,4.99792,5.0082
1649,0.7903,23.156227,0.2311,1,1.713697,0.000481904,0.0,5.00547,4.9748
1650,0.7848,18.200211,0.2298,1,-4.183214,0.000454879,0.0,5.02257,4.9898
1651,0.0001,0.0,0.0001,0,0.0,0.000446331,0.0,5.04894,5.0588
1652,0.0001,0.0,0.0001,0,0.0,0.000575737,0.0,5.01271,4.9896
1653,0.7882,27.021495,0.2279,1,4.486288,0.000598755,0.0,5.01501,4.9954
1654,0.7822,27.401223,0.2291,1,5.300163,0.000490898,0.0,4.94138,4.947
1655,0.0001,0.0,0.0001,0,0.0,0.000527861,0.0,4.99872,5.0026
1656,0.0005,3.831221,0.0005,0,0.0,0.000337504,0.0,4.97832,4.9994
1657,0.8002,20.661193,0.2296,1,-1.603092,0.000601521,0.0,4.99095,4.9964
1658,0.0001,0.0,0.0001,0,0.0,0.000407547,0.0,5.00857,4.997
1659,0.7989,19.178814,0.2245,1,-2.941525,0.000579468,0.0,4.97904,4.991
1660,0.8101,27.673264,0.239,1,4.947455,0.000649137,0.0,4.99964,4.9916
1661,0.7877,18.499453,0.2183,1,-4.380702,0.000436957,0.0,4.98355,4.9596
1662,0.7892,22.338926,0.2288,1,0.6506,0.000431493,0.0,5.00528,5.0006
1663,0.0001,0.0,0.0001,0,0.0,0.000519988,0.0,5.02438,5.0524
1664,0.0001,0.0,0.0001,0,0.0,0.0006081,0.0,4.95999,4.9732
1665,0.7979,20.609548,0.2148,1,-2.309051,0.000488695,0.0,4.95864,4.952
1666,0.8129,19.171963,0.2366,1,-3.257331,0.0003037,0.0,5.07754,5.0582
1667,0.0001,0.0,0.0001,0,0.0,0.000580912,0.0,4.98063,4.977
1668,0.7883,22.342444,0.2206,1,-1.293519,0.00067898,0.0,4.98489,4.9636
1669,0.8029,20.055028,0.2355,1,-2.357,0.000405683,0.0,5.02073,5.0078
1670,0.7783,23.26357,0.2239,1,1.18852,0.000637187,0.0,4.95298,4.943
1671,0.7896,21.571071,0.2279,1,-0.661599,0.000525917,0.0,5.00878,5.011
1672,0.804,18.589311,0.2293,1,-3.971937,0.000494634,0.0,5.04784,5.0464
1673,0.7888,21.298405,0.2322,1,-0.923641,0.000451467,0.0,5.02547,5.0246
1674,0.0001,0.0,0.0001,0,0.0,0.000659566,0.0,4.95893,4.953
1675,0.7945,32.670204,0.2117,1,8.198055,0.000430108,0.0,5.01738,5.0046
1676,0.7953,30.672287,0.2223,1,8.276351,0.000633708,0.0,4.96651,4.9566
1677,0.791,19.074291,0.2282,1,-3.621299,0.00046249,0.0,4.95601,4.9736
1678,0.8006,27.144579,0.2403,1,4.951942,0.00035822,0.0,5.01601,5.0088
1679,0.0001,0.0,0.0001,0,0.0,0.000588365,0.0,5.05942,5.039
1680,0.0001,0.0,0.0001,0,0.0,0.000594521,0.0,5.02778,5.0182
1681,0.0001,0.0,0.0001,0,0.0,0.000615987,0.0,5.03183,5.033
1682,0.7958,21.163837,0.2339,1,-1.207457,0.000592932,0.0,5.01925,5.0402
1683,0.0002,7.895271,0.0002,0,0.0,0.000480207,0.0,4.99584,5.002
1684,0.7922,22.88306,0.2179,1,0.432418,0.000501712,0.0,5.01538,5.0074
1685,0.0002,0.535204,0.0002,0,0.0,0.000341122,0.0,4.95624,4.9684
1686,0.7905,21.635327,0.236,1,-0.423548,0.000355072,0.0,5.04558,5.0236
1687,0.7867,24.769919,0.2123,1,2.245667,0.000563256,0.0,4.94598,4.9536
1688,0.0003,0.328129,0.0002,0,0.0,0.000461243,0.0,4.96241,4.9806
1689,0.7907,22.952891,0.2228,1,-0.377067,0.000409951,0.0,4.98477,4.9914
1690,0.7872,22.802267,0.222,1,1.010349,0.000380087,0.0,5.02075,5.0306
1691,0.7866,25.47676,0.2187,1,2.353375,0.000515409,0.0,4.93592,4.9528
1692,0.8067,20.31775,0.2307,1,-2.460689,0.000427036,0.0,5.03336,5.0246
1693,0.794,20.644672,0.2366,1,-1.03777,0.000413371,0.0,4.96943,4.9654
1694,0.7857,20.67024,0.2216,1,-1.8868,0.000361057,0.0,4.98476,5.0006
1695,0.8032,17.955142,0.236,1,-4.03784,0.000596042,0.0,5.01155,5.0216
1696,0.0002,4.077803,0.0002,0,0.0,0.000384418,0.0,5.0112,4.9834
1697,0.0003,4.810625,0.0002,0,0.0,0.000547941,0.0,5.03281,5.0042
1698,0.7798,19.79198,0.2124,1,-3.337078,0.000683898,0.0,5.0483,5.0398
1699,0.7984,23.074482,0.2291,1,0.090748,0.000636037,0.0,5.0504,5.0432
1700,0.7821,22.001126,0.2318,1,-0.413074,0.000458052,0.0,4.99418,4.9834
1701,0.0001,0.0,0.0001,0,0.0,0.000291441,0.0,4.97219,4.9686
1702,0.0001,0.0,0.0001,0,0.0,0.000342703,0.0,4.96134,4.9404
1703,0.0001,0.0,0.0001,0,0.0,0.000429929,0.0,5.01625,5.0078
1704,0.0001,0.0,0.0001,0,0.0,0.000579272,0.0,4.99574,4.976
1705,0.0001,0.0,0.0001,0,0.0,0.000649403,0.0,4.99259,4.9966
1706,0.7974,20.416733,0.2298,1,-0.858788,0.000412879,0.0,4.96855,4.9722
1707,0.8005,23.888705,0.2245,1,0.769306,0.000526026,0.0,5.01134,5.0074
1708,0.0001,0.0,0.0001,0,0.0,0.000496137,0.0,5.03374,5.0452
1709,0.7972,22.131718,0.2398,1,-0.333372,0.000381874,0.0,5.00183,5.026
1710,0.8041,21.556674,0.2326,1,-0.142406,0.000239649,0.0,4.99972,5.0076
1711,0.8009,23.088739,0.2274,1,0.662128,0.000545373,0.0,5.03598,5.0246
1712,0.7996,28.141878,0.2221,1,4.593748,0.000503658,0.0,5.0044,4.999
1713,0.7955,27.63068,0.2133,1,3.918378,0.000315236,0.0,4.96497,4.9836
1714,0.0001,0.0,0.0001,0,0.0,0.000696162,0.0,4.9825,5.0164
1715,0.7949,21.697359,0.232,1,-0.374609,0.0004294,0.0,5.02084,5.0094
1716,0.7945,22.520479,0.2289,1,0.734256,0.000502533,0.0,5.00639,5.0082
1717,0.7901,19.439764,0.2256,1,-2.169223,0.000551017,0.0,5.00532,5.0036
1718,0.0002,0.426221,0.0002,0,0.0,0.000500044,0.0,5.02088,5.0186
1719,0.8023,23.502153,0.2396,1,2.124904,0.000423042,0.0,5.04793,5.0574
1720,0.0002,0.067981,0.0002,0,0.0,0.000491248,0.0,4.94446,4.9404
1721,0.0001,0.0,0.0001,0,0.0,0.000458207,0.0,4.9805,4.9954
1722,0.7936,18.098932,0.2368,1,-3.638355,0.000700844,0.0,4.97579,4.9896
1723,0.7959,33.046831,0.2323,1,10.146771,0.000408893,0.0,4.99507,4.994
1724,0.7999,20.931085,0.2131,1,-2.78511,0.000344025,0.0,4.93608,4.9466
1725,0.0001,0.0,0.0001,0,0.0,0.000657658,0.0,5.05725,5.0512
1726,0.799,26.561381,0.2274,1,4.236599,0.000431134,0.0,5.00284,5.0072
1727,0.8056,22.358199,0.2303,1,0.857414,0.000404974,0.0,5.01729,5.02
1728,0.0001,0.0,0.0001,0,0.0,0.000459248,0.0,4.97958,4.985
1729,0.7931,19.556235,0.2203,1,-1.286436,0.000362669,0.0,4.97694,4.9862
1730,0.7873,29.933757,0.2228,1,6.712244,0.000362652,0.0,4.98237,4.981
1731,0.0001,0.0,0.0001,0,0.0,0.000418626,0.0,4.92748,4.9448
1732,0.0001,0.0,0.0001,0,0.0,0.000600966,0.0,4.99536,4.9966
1733,0.0002,1.143778,0.0002,0,0.0,0.000542734,0.0,5.0442,5.0408
1734,0.7992,18.712335,0.2235,1,-3.77532,0.000470673,0.0,5.0462,5.0524
1735,0.7987,23.078743,0.2303,1,-0.562593,0.00044187,0.0,4.95371,4.934
1736,0.7885,25.872789,0.2262,1,3.615255,0.000485225,0.0,4.96363,4.9824
1737,0.8059,23.684778,0.2392,1,0.748771,0.00054353,0.0,5.03223,5.0454
1738,0.7955,19.089217,0.2306,1,-2.924599,0.000488408,0.0,4.96215,4.9514
1739,0.8038,18.249524,0.2377,1,-3.733497,0.000454995,0.0,5.01224,4.9988
1740,0.0003,0.945037,0.0002,0,0.0,0.000423865,0.0,5.0481,5.0474
1741,0.7945,24.014837,0.2304,1,0.945515,0.000311716,0.0,5.00817,4.9964
1742,0.7835,21.373901,0.22,1,-1.837849,0.000367416,0.0,4.93819,4.9604
1743,0.0001,0.0,0.0001,0,0.0,0.000497512,0.0,5.0382,5.0268
1744,0.7914,25.908245,0.2173,1,2.811035,0.000553808,0.0,4.98129,5.0024
1745,0.0008,2.613241,0.0005,0,0.0,0.000284205,0.0,5.04095,5.0256
1746,0.0001,0.0,0.0001,0,0.0,0.000418668,0.0,4.93178,4.94
1747,0.0001,0.0,0.0001,0,0.0,0.000312192,0.0,4.98675,5.0102
1748,0.8075,20.448031,0.235,1,-2.075047,0.000677765,0.0,5.07424,5.0594
1749,0.7983,29.865165,0.2324,1,7.06206,0.000363249,0.0,4.97338,4.9818
1750,0.0001,0.0,0.0001,0,0.0,0.000627211,0.0,4.98457,4.9898
1751,0.0003,2.155833,0.0003,0,0.0,0.000315335,0.0,4.97919,4.9678
1752,0.0001,0.0,0.0001,0,0.0,0.000334488,0.0,5.01117,5.0114
1753,0.7923,22.048038,0.2212,1,-0.730458,0.000512278,0.0,4.95128,4.9676
1754,0.0001,0.0,0.0001,0,0.0,0.000344703,0.0,4.93056,4.9424
1755,0.8091,23.535336,0.2379,1,0.134704,0.000527359,0.0,5.00168,5.0044
1756,0.0001,0.0,0.0001,0,0.0,0.000395863,0.0,4.91325,4.9358
1757,0.0003,1.622738,0.0002,0,0.0,0.00068722,0.0,5.03248,5.0312
1758,0.0001,0.0,0.0001,0,0.0,0.000637823,0.0,4.93846,4.9526
1759,0.7952,39.930735,0.2257,1,16.410053,0.000442105,0.0,4.93926,4.9458
1760,0.7947,21.48738,0.2299,1,-1.682558,0.000721512,0.0,4.98354,5.006
1761,0.0001,0.0,0.0001,0,0.0,0.000356899,0.0,5.01915,5.0242
1762,0.8074,24.970982,0.2243,1,0.96174,0.000518713,0.0,5.04212,5.047
1763,0.7848,35.938809,0.2177,1,13.090162,0.000436745,0.0,4.97353,4.972
1764,0.0002,1.277531,0.0002,0,0.0,0.000523079,0.0,5.02773,5.0192
1765,0.7933,30.859135,0.2367,1,7.964139,0.000450404,0.0,5.03894,5.023
1766,0.7875,32.750984,0.2252,1,10.725339,0.000358277,0.0,5.01301,5.011
1767,0.7881,23.259309,0.2253,1,0.676793,0.000556505,0.0,4.97225,4.9872
1768,0.0001,0.0,0.0001,0,0.0,0.000464332,0.0,4.95507,4.9548
1769,0.7991,23.962116,0.2261,1,1.371348,0.000572378,0.0,5.01179,5.0198
1770,0.8045,17.977953,0.2457,1,-3.526859,0.000513659,0.0,5.07304,5.0656
1771,0.8087,25.095217,0.2342,1,3.290951,0.000582932,0.0,5.07374,5.0716
1772,0.0001,0.0,0.0001,0,0.0,0.000427953,0.0,5.01498,5.0322
1773,0.0002,0.918082,0.0002,0,0.0,0.000362579,0.0,4.9704,4.994
1774,0.7885,23.112279,0.2285,1,0.716204,0.000475817,0.0,5.02447,5.0194
1775,0.7927,25.954991,0.2241,1,3.447174,0.000553701,0.0,5.00345,4.9812
1776,0.0002,1.78286,0.0002,0,0.0,0.000553705,0.0,4.98839,4.9962
1777,0.0002,0.075097,0.0002,0,0.0,0.000313281,0.0,4.98894,4.9906
1778,0.8002,24.245995,0.2326,1,2.112915,0.000498063,0.0,5.02902,5.0304
1779,0.8037,19.698693,0.2364,1,-2.816992,0.000564056,0.0,5.05493,5.0504
1780,0.7962,21.624145,0.2183,1,-2.080783,0.000292702,0.0,4.95496,4.9644
1781,0.799,19.735605,0.2344,1,-3.067686,0.000573271,0.0,5.00997,5.0138
1782,0.7878,21.253854,0.2077,1,-2.373705,0.00062489,0.0,5.00248,4.9904
1783,0.8089,20.645132,0.2246,1,-2.076924,0.000487247,0.0,5.0983,5.0722
1784,0.7999,25.36102,0.2274,1,3.313596,0.000582567,0.0,4.96808,4.9754
1785,0.0001,0.0,0.0001,0,0.0,0.000464957,0.0,4.94582,4.9574
1786,0.0001,0.0,0.0001,0,0.0,0.000345246,0.0,5.10805,5.1034
1787,0.0001,0.0,0.0001,0,0.0,0.000379414,0.0,5.03907,5.0212
1788,0.0001,0.0,0.0001,0,0.0,0.000563477,0.0,4.93985,4.9578
1789,0.7965,27.083864,0.2368,1,4.799866,0.000548394,0.0,5.01923,5.0136
1790,0.7901,19.359013,0.2262,1,-2.541417,0.000611933,0.0,5.05553,5.0426
1791,0.7985,23.248744,0.2227,1,0.718126,0.00058155,0.0,4.97017,4.982
1792,0.7997,27.928432,0.2284,1,4.344782,0.000457526,0.0,4.98173,5.0016
1793,0.7955,22.121405,0.233,1,-0.564139,0.000652116,0.0,4.98839,4.98
1794,0.0002,4.019892,0.0002,0,0.0,0.000437733,0.0,4.97753,4.9568
1795,0.0002,6.010534,0.0002,0,0.0,0.000506753,0.0,4.97881,4.994
1796,0.7951,19.250202,0.2268,1,-3.010705,0.000526971,0.0,4.99796,5.0118
1797,0.0001,0.0,0.0001,0,0.0,0.000361614,0.0,4.98666,4.991
1798,0.0001,0.0,0.0001,0,0.0,0.000504024,0.0,5.00176,4.998
1799,0.0001,0.0,0.0001,0,0.0,0.000614217,0.0,5.03753,5.0418
1800,0.0001,0.0,0.0001,0,0.0,0.000521376,0.0,5.03913,5.0242
1801,0.7963,19.581656,0.2342,1,-2.610838,0.000497159,0.0,5.04057,5.028
1802,0.8132,22.890681,0.2507,1,1.119684,0.000566844,0.0,5.03964,5.0408
1803,0.0001,0.0,0.0001,0,0.0,0.000553128,0.0,5.00261,4.9872
1804,0.7846,25.287084,0.2066,1,2.395071,0.000506183,0.0,4.98902,4.9894
1805,0.7895,21.90533,0.2118,1,-0.970845,0.000647099,0.0,4.99398,5.013
1806,0.7974,16.663511,0.2377,1,-5.091813,0.000477452,0.0,5.00506,5.0216
1807,0.7848,20.481968,0.2168,1,-2.600346,0.000684502,0.0,4.95366,4.9546
1808,0.8035,47.280577,0.2284,1,23.930261,0.000675094,0.0,5.07666,5.077
1809,0.797,27.695751,0.2324,1,5.012283,0.000508553,0.0,4.97754,4.9776
1810,0.7868,21.493797,0.2108,1,-0.189736,0.000469132,0.0,4.92725,4.9318
1811,0.0004,3.139173,0.0003,0,0.0,0.000482284,0.0,4.9959,4.9804
1812,0.0002,0.050828,0.0002,0,0.0,0.00043507,0.0,4.99067,4.974
1813,0.8046,19.635087,0.2281,1,-2.573375,0.000627085,0.0,4.97898,4.9964
1814,0.0003,0.25612,0.0003,0,0.0,0.000550195,0.0,5.00179,5.0146
1815,0.7938,22.162188,0.2325,1,0.116682,0.000527667,0.0,4.99138,5.0118
1816,0.7812,27.10845,0.2226,1,5.54148,0.000388529,0.0,4.97475,4.9668
1817,0.7907,28.714361,0.2162,1,5.172807,0.000435526,0.0,4.97105,4.9884
1818,0.8,28.764024,0.2405,1,6.904207,0.000383681,0.0,4.99597,5.0082
1819,0.7835,20.205271,0.2131,1,-2.809207,0.000384615,0.0,4.9908,5.0012
1820,0.7993,30.746003,0.2185,1,7.210843,0.000474417,0.0,5.02168,5.037
1821,0.0001,0.0,0.0001,0,0.0,0.000552973,0.0,4.98621,5.005
1822,0.8023,22.208637,0.2327,1,-0.711653,0.000486875,0.0,4.95736,4.9718
1823,0.7897,20.841773,0.2175,1,-1.956742,0.000434091,0.0,4.9821,4.9938
1824,0.791,22.12906,0.2349,1,-0.272537,0.000557418,0.0,4.97948,4.9718
1825,0.0001,0.0,0.0001,0,0.0,0.000406757,0.0,5.01007,5.0052
1826,0.0001,0.0,0.0001,0,0.0,0.000597446,0.0,4.90149,4.9174
1827,0.0001,0.0,0.0001,0,0.0,0.000314161,0.0,4.97475,4.9908
1828,0.7921,28.059583,0.2116,1,4.728723,0.000638132,0.0,5.03443,5.0426
1829,0.0001,0.0,0.0001,0,0.0,0.000407664,0.0,4.99932,5.0048
1830,0.0003,0.628279,0.0002,0,0.0,0.000527818,0.0,5.01134,4.9904
1831,0.7968,21.706265,0.2359,1,-0.636024,0.000442846,0.0,5.07483,5.0726
1832,0.0001,0.0,0.0001,0,0.0,0.000541567,0.0,5.04626,5.0496
1833,0.7944,22.64222,0.2207,1,-1.08264,0.000384003,0.0,4.99876,5.0012
1834,0.0001,0.0,0.0001,0,0.0,0.000333831,0.0,5.01343,5.019
1835,0.0002,0.017605,0.0002,0,0.0,0.000698722,0.0,4.98072,4.9998
1836,0.8108,19.293033,0.2417,1,-2.185244,0.000671255,0.0,5.10187,5.0808
1837,0.7936,24.651783,0.2222,1,2.622386,0.000642694,0.0,5.03403,5.0072
1838,0.0001,0.0,0.0001,0,0.0,0.000379912,0.0,5.01051,5.0432
1839,0.8079,19.387678,0.2363,1,-3.059611,0.000404213,0.0,5.03516,5.0116
1840,0.7898,20.834261,0.2209,1,-0.951329,0.000667557,0.0,5.01722,5.016
1841,0.7973,22.326598,0.2219,1,-0.475296,0.000477373,0.0,5.0035,5.024
1842,0.8141,24.129601,0.2422,1,1.194183,0.000618155,0.0,5.02417,5.023
1843,0.0001,0.0,0.0001,0,0.0,0.000496161,0.0,5.04009,5.0386
1844,0.7997,29.395095,0.2268,1,7.158771,0.000540202,0.0,5.05541,5.0532
1845,0.8022,20.665673,0.2328,1,-1.861718,0.000742361,0.0,5.00284,5.0082
1846,0.7917,20.178654,0.2197,1,-2.388002,0.000513364,0.0,4.95078,4.9576
1847,0.7896,21.309313,0.23,1,-0.365997,0.000338964,0.0,4.98199,4.9742
1848,0.0001,0.0,0.0001,0,0.0,0.000650252,0.0,4.99547,4.9872
1849,0.0001,0.0,0.0001,0,0.0,0.000361275,0.0,4.99495,4.9874
1850,0.7918,23.580575,0.2191,1,1.913428,0.000359761,0.0,5.00252,5.0008
1851,0.0001,0.0,0.0001,0,0.0,0.000378489,0.0,5.04575,5.0268
1852,0.7937,22.591314,0.238,1,0.39151,0.0005016,0.0,5.0163,5.0076
1853,0.0001,0.0,0.0001,0,0.0,0.000440762,0.0,4.9473,4.9528
1854,0.0001,0.0,0.0001,0,0.0,0.000634559,0.0,4.94628,4.9702
1855,0.0003,0.661017,0.0002,0,0.0,0.000581691,0.0,4.98518,4.9658
1856,0.0001,0.0,0.0001,0,0.0,0.000388774,0.0,4.98144,4.957
1857,0.0001,0.0,0.0001,0,0.0,0.000522173,0.0,5.04229,5.0134
1858,0.0001,0.0,0.0001,0,0.0,0.000468593,0.0,5.05859,5.0624
1859,0.0002,1.35516,0.0002,0,0.0,0.00062884,0.0,4.9647,4.9968
1860,0.0001,0.0,0.0001,0,0.0,0.000545118,0.0,5.03974,5.0232
1861,0.8,19.159272,0.2295,1,-2.765783,0.000403424,0.0,5.03016,5.0264
1862,0.7949,19.758453,0.2317,1,-2.677597,0.000737729,0.0,4.93192,4.9472
1863,0.8011,29.021992,0.241,1,6.405292,0.000522843,0.0,5.0282,5.021
1864,0.7955,21.336971,0.2281,1,-0.812659,0.000406099,0.0,5.01878,5.0046
1865,0.0003,1.99131,0.0003,0,0.0,0.00060518,0.0,4.97451,4.9826
1866,0.7828,28.499901,0.22,1,6.242614,0.000555797,0.0,4.97141,4.9944
1867,0.774,27.188464,0.2218,1,3.574764,0.000417879,0.0,4.9457,4.9354
1868,0.7951,24.393682,0.2272,1,1.882203,0.000497788,0.0,5.03581,5.0264
1869,0.7719,24.527731,0.2059,1,1.21284,0.000411536,0.0,4.97875,4.9782
1870,0.0001,0.0,0.0001,0,0.0,0.000424251,0.0,5.04231,5.0486
1871,0.0003,1.609187,0.0002,0,0.0,0.000557508,0.0,4.96988,4.9806
1872,0.7844,20.351069,0.2215,1,-2.295681,0.000517935,0.0,4.92159,4.943
1873,0.8083,22.756347,0.2449,1,0.807782,0.000656631,0.0,4.9809,4.9532
1874,0.0001,0.0,0.0001,0,0.0,0.000617054,0.0,5.02453,5.0316
1875,0.7998,19.330499,0.2249,1,-3.089878,0.00040727,0.0,4.99936,5.0096
1876,0.0001,0.0,0.0001,0,0.0,0.000616299,0.0,5.0385,5.0238
1877,0.0001,0.0,0.0001,0,0.0,0.000368445,0.0,4.94894,4.9358
1878,0.0001,0.0,0.0001,0,0.0,0.000401578,0.0,5.04365,5.036
1879,0.8002,24.277685,0.22,1,1.234394,0.000440852,0.0,4.9413,4.9578
1880,0.8018,20.113707,0.2421,1,-1.549225,0.000575379,0.0,4.99641,5.009
1881,0.0002,0.049361,0.0002,0,0.0,0.0005448,0.0,5.02847,5.0374
1882,0.7975,21.159342,0.2251,1,-1.840258,0.000652011,0.0,4.98399,4.9852
1883,0.0001,0.0,0.0001,0,0.0,0.000465333,0.0,4.95281,4.9464
1884,0.802,20.228536,0.2323,1,-1.563897,0.000547919,0.0,5.01817,5.019
1885,0.8032,22.944803,0.2247,1,0.29001,0.000509795,0.0,4.96521,4.9778
1886,0.0001,0.0,0.0001,0,0.0,0.00023912,0.0,5.01539,5.003
1887,0.7956,24.268031,0.225,1,1.237824,0.000473369,0.0,5.0388,5.031
1888,0.0001,0.0,0.0001,0,0.0,0.000574497,0.0,5.02071,4.9924
1889,0.0002,1.48429,0.0002,0,0.0,0.000460513,0.0,4.97988,4.971
1890,0.806,21.299399,0.2347,1,-1.676495,0.000479624,0.0,5.00152,5.0024
1891,0.0001,0.0,0.0001,0,0.0,0.000513054,0.0,4.96378,4.9476
1892,0.0001,0.0,0.0001,0,0.0,0.000456892,0.0,4.99364,4.9966
1893,0.0001,0.0,0.0001,0,0.0,0.000338917,0.0,4.97487,4.982
1894,0.7971,23.902366,0.2235,1,1.454059,0.000418478,0.0,5.08528,5.075
1895,0.7879,20.909751,0.2261,1,-2.061703,0.00039234,0.0,4.95155,4.9416
1896,0.0002,0.066967,0.0002,0,0.0,0.000408219,0.0,4.99313,5.0042
1897,0.7883,20.130157,0.2209,1,-2.405885,0.000482738,0.0,4.9866,4.985
1898,0.7722,22.260956,0.2199,1,-1.400741,0.000562159,0.0,4.95363,4.9556
1899,0.7822,17.479824,0.2197,1,-4.160998,0.000530564,0.0,4.99201,4.9838
1900,0.0003,2.027365,0.0003,0,0.0,0.0005901,0.0,5.05055,5.033
1901,0.0001,0.0,0.0001,0,0.0,0.000341364,0.0,4.96053,4.9606
1902,0.7893,33.2997,0.2285,1,10.775469,0.000463226,0.0,4.94952,4.9722
1903,0.8009,26.449731,0.2237,1,3.633243,0.000482575,0.0,4.9771,4.9962
1904,0.7968,20.909335,0.2343,1,-1.433028,0.00043208,0.0,4.99169,5.0074
1905,0.0001,0.0,0.0001,0,0.0,0.000533605,0.0,4.96875,4.9786
1906,0.0001,0.0,0.0001,0,0.0,0.000543626,0.0,4.92603,4.9292
1907,0.8028,28.860153,0.2325,1,6.331786,0.000605449,0.0,4.97151,4.9834
1908,0.7986,20.661232,0.2389,1,-1.692115,0.00054046,0.0,5.0518,5.0544
1909,0.0001,0.0,0.0001,0,0.0,0.000462854,0.0,4.97371,4.952
1910,0.0001,0.0,0.0001,0,0.0,0.000511044,0.0,4.95945,4.9714
1911,0.0001,0.0,0.0001,0,0.0,0.000570514,0.0,5.01757,5.0304
1912,0.0002,0.949485,0.0002,0,0.0,0.000595172,0.0,5.02729,5.0132
1913,0.7997,27.273219,0.2207,1,3.729173,0.000509643,0.0,4.96729,4.9772
1914,0.7964,29.462346,0.2346,1,7.507197,0.000367743,0.0,4.94276,4.9514
1915,0.0005,2.646173,0.0003,0,0.0,0.000555332,0.0,4.98495,4.985
1916,0.7991,23.080768,0.2297,1,1.307924,0.000457824,0.0,4.99166,4.9884
1917,0.0003,0.485464,0.0002,0,0.0,0.000508684,0.0,4.98828,4.9656
1918,0.0001,0.0,0.0001,0,0.0,0.000462482,0.0,4.95589,4.9738
1919,0.8048,24.979458,0.2316,1,2.421297,0.000517124,0.0,5.04084,5.0638
1920,0.7957,29.20776,0.2242,1,5.555685,0.000557049,0.0,4.9878,4.9668
1921,0.797,20.738659,0.2352,1,-1.701787,0.000476898,0.0,5.0293,5.0032
1922,0.0001,0.0,0.0001,0,0.0,0.000452202,0.0,5.01831,5.0236
1923,0.7874,24.264669,0.2084,1,0.268712,0.000419805,0.0,5.0708,5.0734
1924,0.7922,29.630933,0.2129,1,5.508873,0.000622695,0.0,5.00768,5.0028
1925,0.8019,27.846992,0.2246,1,4.519402,0.000428789,0.0,5.01338,5.024
1926,0.0001,0.0,0.0001,0,0.0,0.000628566,0.0,4.97762,4.986
1927,0.7997,22.327729,0.2254,1,-0.254835,0.000520259,0.0,5.03073,5.0434
1928,0.7722,21.70267,0.212,1,-1.056681,0.000539868,0.0,4.95248,4.937
1929,0.7995,20.71155,0.2207,1,-1.807639,0.000535545,0.0,4.95852,4.9708
1930,0.0001,0.0,0.0001,0,0.0,0.000535471,0.0,4.9612,4.9688
1931,0.0001,0.0,0.0001,0,0.0,0.000756072,0.0,5.0278,5.0508
1932,0.0001,0.0,0.0001,0,0.0,0.000762098,0.0,5.02585,5.0128
1933,0.0001,0.0,0.0001,0,0.0,0.000556986,0.0,4.98094,4.9742
1934,0.7877,28.659801,0.2265,1,6.321677,0.000454553,0.0,5.00671,5.0092
1935,0.0001,0.0,0.0001,0,0.0,0.000446638,0.0,5.05967,5.0446
1936,0.0002,1.474851,0.0002,0,0.0,0.000335973,0.0,5.005,4.9954
1937,0.8102,29.266973,0.2432,1,6.800815,0.000449608,0.0,5.02904,5.0418
1938,0.8073,18.395364,0.242,1,-4.255183,0.000716874,0.0,5.00199,5.0198
1939,0.7908,19.202373,0.2244,1,-2.513266,0.000543705,0.0,5.0428,5.0332
1940,0.8021,17.512111,0.2351,1,-4.535779,0.000359902,0.0,5.00056,5.0008
1941,0.0004,1.266828,0.0003,0,0.0,0.000616723,0.0,5.03864,5.0202
1942,0.8079,24.230709,0.2301,1,2.390014,0.000309006,0.0,5.03595,5.0124
1943,0.0001,0.0,0.0001,0,0.0,0.000553723,0.0,4.99463,4.9898
1944,0.8055,25.543674,0.2301,1,2.917354,0.000593481,0.0,5.0146,5.0402
1945,0.0001,0.0,0.0001,0,0.0,0.000673865,0.0,5.00257,4.9836
1946,0.7998,28.608859,0.2209,1,6.351356,0.000552969,0.0,4.99704,4.9942
1947,0.8035,20.085258,0.2297,1,-2.331181,0.000693564,0.0,5.01035,5.0072
1948,0.7957,22.56099,0.232,1,-1.016864,0.0004687,0.0,4.9242,4.9394
1949,0.0001,0.0,0.0001,0,0.0,0.000452219,0.0,5.02532,5.0164
1950,0.7935,28.762774,0.215,1,5.235071,0.000411762,0.0,4.96485,4.9894
1951,0.79,22.101247,0.2211,1,0.332407,0.000384606,0.0,5.00313,4.989
1952,0.0001,0.0,0.0001,0,0.0,0.000481379,0.0,4.99487,4.9908
1953,0.788,18.701153,0.2303,1,-3.738871,0.00077954,0.0,5.0428,5.0368
1954,0.0001,0.0,0.0001,0,0.0,0.00059701,0.0,5.01601,5.009
1955,0.7824,22.429938,0.2158,1,0.045271,0.000706117,0.0,4.94895,4.9792
1956,0.8018,30.268103,0.2294,1,8.305118,0.000720311,0.0,5.00745,4.9904
1957,0.0001,0.0,0.0001,0,0.0,0.000529585,0.0,4.99783,4.9872
1958,0.0001,0.0,0.0001,0,0.0,0.000611746,0.0,4.94335,4.9602
1959,0.8007,20.219983,0.2142,1,-1.542616,0.000382708,0.0,5.00427,5.0126
1960,0.0002,0.626537,0.0002,0,0.0,0.000425669,0.0,5.03709,5.037
1961,0.8027,27.000812,0.2273,1,4.964919,0.000503706,0.0,4.99832,5.0046
1962,0.0001,0.0,0.0001,0,0.0,0.000526572,0.0,5.00815,5.0054
1963,0.7839,20.958161,0.2163,1,-1.817284,0.000681824,0.0,4.9625,4.9652
1964,0.79,20.27018,0.2226,1,-2.930045,0.000577793,0.0,4.99767,4.9868
1965,0.7993,21.595274,0.2361,1,-0.498795,0.000696145,0.0,4.99576,5.0032
1966,0.8024,29.193563,0.2304,1,7.754983,0.000353329,0.0,5.04936,5.0446
1967,0.0003,0.78035,0.0003,0,0.0,0.000692042,0.0,5.02398,5.0046
1968,0.7789,24.606154,0.2229,1,2.810067,0.000384569,0.0,5.0014,4.9912
1969,0.79,19.837329,0.2175,1,-2.257249,0.000630033,0.0,4.97481,4.9772
1970,0.8015,19.487701,0.2297,1,-3.493103,0.000384865,0.0,4.98876,5.0
1971,0.7976,24.882599,0.224,1,2.534831,0.000811669,0.0,5.00546,5.0212
1972,0.7969,19.10225,0.2442,1,-2.152063,0.000411237,0.0,4.98677,4.9738
1973,0.8053,20.974073,0.2472,1,-0.482541,0.000283324,0.0,5.03978,5.0424
1974,0.0001,0.0,0.0001,0,0.0,0.000436089,0.0,4.97741,4.9756
1975,0.8025,23.608774,0.2377,1,1.746101,0.000306271,0.0,5.05872,5.0344
1976,0.8115,40.297899,0.2364,1,16.375077,0.000451146,0.0,5.02666,5.027
1977,0.7913,30.968372,0.2274,1,9.107653,0.000494234,0.0,4.92615,4.9288
1978,0.8004,21.270536,0.2332,1,-2.091687,0.000430203,0.0,4.99948,5.0214
1979,0.7972,18.594641,0.2311,1,-3.473502,0.000604069,0.0,4.97647,4.9898
1980,0.0001,0.0,0.0001,0,0.0,0.000381855,0.0,5.01484,5.0132
1981,0.8052,21.825509,0.2313,1,-0.538037,0.000564507,0.0,5.05629,5.045
1982,0.8017,19.606591,0.224,1,-2.656786,0.000386262,0.0,4.97709,4.9936
1983,0.798,20.409004,0.224,1,-2.178164,0.000530871,0.0,4.98253,4.9904
1984,0.8044,27.177485,0.2362,1,4.417466,0.000362698,0.0,4.97594,4.9868
1985,0.8066,20.944521,0.2222,1,-1.65221,0.000359652,0.0,4.99425,5.0106
1986,0.0002,0.395397,0.0002,0,0.0,0.000472929,0.0,5.03109,5.0434
1987,0.8111,22.451363,0.2414,1,0.756899,0.000405886,0.0,5.00582,5.0202
1988,0.7932,21.351889,0.2247,1,-0.885407,0.000568029,0.0,5.04233,5.0276
1989,0.7914,31.912979,0.2158,1,8.547614,0.000438875,0.0,4.95837,4.963
1990,0.7955,17.096443,0.2237,1,-5.164362,0.000576406,0.0,4.9893,5.0072
1991,0.7835,23.031393,0.2181,1,0.652211,0.000433373,0.0,5.00157,4.9826
1992,0.0003,0.492329,0.0003,0,0.0,0.000409175,0.0,4.98305,5.0026
1993,0.7952,21.23631,0.2244,1,-0.500362,0.00051844,0.0,5.05319,5.0386
1994,0.0001,0.0,0.0001,0,0.0,0.000438155,0.0,4.95533,4.9742
1995,0.7995,20.602363,0.2355,1,-2.361549,0.00049385,0.0,5.05144,5.0508
1996,0.0002,0.138072,0.0002,0,0.0,0.000500516,0.0,5.02575,5.009
1997,0.0001,0.0,0.0001,0,0.0,0.000547945,0.0,5.01733,5.0196
1998,0.8124,20.160601,0.2276,1,-2.627283,0.00047853,0.0,5.00995,5.0054
1999,0.0003,0.729739,0.0002,0,0.0,0.000474132,0.0,5.02969,5.032
2000,0.0001,0.0,0.0001,0,0.0,0.000580973,0.0,4.98331,4.9738
