run,final_size,peak_t,peak_value,major,realised.clustering,realised.erased_fraction,realised.excess_degree,realised.mean_degree
1,0.018,0.0,0.01,0,0.0127957,0.0091047,7.65952,3.918
2,0.31,17.369791,0.08,1,0.0158501,0.0130435,8.15272,4.086
3,0.318,21.836598,0.05,1,0.0133024,0.0110276,7.65839,3.946
4,0.313,15.944168,0.088,1,0.0197883,0.00904068,9.14394,3.946
5,0.014,0.0,0.01,0,0.0158152,0.0112911,8.85353,4.028
6,0.062,11.110193,0.019,1,0.0128629,0.0111732,8.38521,3.894
7,0.282,11.271535,0.055,1,0.0167483,0.0153139,8.35718,3.858
8,0.108,6.502535,0.023,1,0.0114262,0.0103317,6.49176,3.64
9,0.254,8.586875,0.06,1,0.0149374,0.00748877,7.47586,3.976
10,0.406,14.036618,0.093,1,0.0147652,0.0108428,9.00997,4.014
11,0.33,18.398115,0.086,1,0.0187625,0.012789,9.71948,4.014
12,0.315,7.180166,0.074,1,0.0182488,0.0103499,9.33317,4.016
13,0.378,21.308039,0.084,1,0.0137623,0.00868233,8.19835,3.882
14,0.173,10.791942,0.038,1,0.0115551,0.00848356,6.66417,3.74
15,0.239,17.552362,0.058,1,0.00937423,0.0116095,6.49279,3.746
16,0.329,13.169346,0.07,1,0.011636,0.00734137,7.62705,3.786
17,0.295,19.324639,0.072,1,0.0158451,0.00866905,7.59671,3.888
18,0.245,17.767638,0.046,1,0.0123139,0.00916964,8.39229,3.89
19,0.359,12.742709,0.103,1,0.0291896,0.0182499,10.7283,4.196
20,0.34,25.994107,0.071,1,0.0149663,0.0128586,9.13878,3.992
21,0.28,10.114089,0.087,1,0.0181766,0.0148414,9.08831,3.85
22,0.351,13.256927,0.089,1,0.0231721,0.0121212,8.80317,3.912
23,0.234,18.254184,0.043,1,0.0181787,0.015694,8.63378,4.014
24,0.291,23.799538,0.061,1,0.0139517,0.005997,7.89191,3.978
25,0.224,21.790565,0.044,1,0.0211232,0.0133663,8.83643,3.986
26,0.25,5.713807,0.049,1,0.0148098,0.0122911,8.16725,4.018
27,0.288,18.327778,0.065,1,0.0150962,0.0127812,8.23304,3.862
28,0.318,16.529606,0.094,1,0.0165299,0.0142506,8.50449,4.012
29,0.016,0.0,0.01,0,0.0188645,0.0131646,8.56747,3.898
30,0.348,7.203237,0.096,1,0.021398,0.014174,9.38374,4.034
31,0.347,18.154793,0.067,1,0.0194381,0.011236,9.07411,4.048
32,0.019,0.24736,0.011,0,0.0111862,0.00642742,6.93962,3.71
33,0.314,26.401524,0.081,1,0.0195996,0.0119104,9.1514,4.148
34,0.269,16.913512,0.06,1,0.0142763,0.00847458,7.60684,3.978
35,0.24,9.34781,0.054,1,0.0167739,0.0125,8.42177,3.95
36,0.234,27.19548,0.045,1,0.00942877,0.0103842,6.67733,3.812
37,0.345,27.508605,0.08,1,0.017021,0.0109398,8.4183,3.978
38,0.292,12.014752,0.059,1,0.0175051,0.0132418,8.09195,4.024
39,0.033,2.042697,0.016,0,0.010902,0.00817439,6.80385,3.64
40,0.325,15.958365,0.096,1,0.017054,0.0123396,8.96702,4.002
41,0.261,14.635744,0.044,1,0.00639984,0.00785634,5.56787,3.536
42,0.011,0.0,0.01,0,0.0178772,0.0128522,8.48723,3.994
43,0.374,15.404456,0.1,1,0.020457,0.0152745,9.52545,4.126
44,0.243,30.885669,0.037,1,0.0145339,0.0104634,8.52266,3.972
45,0.054,0.678441,0.014,0,0.0155412,0.00997506,8.36322,3.97
46,0.337,31.059109,0.096,1,0.021846,0.0136364,8.43779,3.906
47,0.254,17.105316,0.051,1,0.0109073,0.00694074,6.50645,3.72
48,0.014,0.0,0.01,0,0.0101456,0.00730689,7.15142,3.804
49,0.321,7.949974,0.098,1,0.0210059,0.0153846,9.60227,4.224
50,0.29,9.696738,0.072,1,0.0135633,0.0100105,7.65141,3.758
51,0.014,0.0,0.01,0,0.0163233,0.0100211,7.34363,3.754
52,0.328,16.153583,0.071,1,0.0195397,0.0116054,9.99022,4.088
53,0.332,9.122593,0.103,1,0.0150626,0.0089153,8.26137,4.002
54,0.229,31.356999,0.061,1,0.0125016,0.00785469,7.59921,4.042
55,0.345,17.702931,0.056,1,0.0171129,0.0117994,8.54726,4.02
56,0.329,12.75373,0.089,1,0.0114106,0.00761808,7.6694,3.908
57,0.284,13.50785,0.074,1,0.0189579,0.00953337,8.1768,3.948
58,0.299,13.826696,0.078,1,0.0149955,0.0112856,8.33995,4.03
59,0.251,37.054323,0.046,1,0.0133089,0.0100529,7.59006,3.742
60,0.22,11.735162,0.046,1,0.0153951,0.0138889,8.13581,3.976
61,0.323,15.802896,0.054,1,0.0189388,0.0150194,9.03837,4.066
62,0.3,7.491029,0.067,1,0.025035,0.0169731,9.59808,4.17
63,0.348,17.817926,0.087,1,0.0195301,0.016835,9.61937,4.088
64,0.191,17.468611,0.043,1,0.0146155,0.00786164,7.48177,3.786
65,0.269,17.834798,0.052,1,0.0118357,0.00743889,6.64882,3.736
66,0.399,17.256676,0.123,1,0.0153348,0.00905888,7.84916,3.938
67,0.411,13.559912,0.092,1,0.0195761,0.0204825,10.6106,4.304
68,0.307,42.802543,0.051,1,0.0126864,0.0125422,8.77968,4.094
69,0.345,17.998186,0.086,1,0.0154321,0.0176211,8.71749,4.014
70,0.335,7.131407,0.095,1,0.0213083,0.0149883,9.57347,4.206
71,0.247,14.428436,0.05,1,0.0180691,0.0121065,8.2201,4.08
72,0.303,22.907753,0.072,1,0.0167931,0.0100553,8.43779,3.938
73,0.351,12.802354,0.088,1,0.0176471,0.00884495,7.94226,3.81
74,0.014,0.0,0.01,0,0.0140609,0.0135815,7.61601,3.922
75,0.253,14.581331,0.072,1,0.0121847,0.00726518,7.33612,3.826
76,0.342,17.726469,0.076,1,0.0262538,0.0115346,9.04414,3.942
77,0.253,14.608199,0.069,1,0.0201308,0.011011,8.9747,3.952
78,0.214,12.924567,0.046,1,0.0112121,0.0138889,6.37757,3.692
79,0.258,11.742162,0.072,1,0.0123824,0.00741525,6.46425,3.748
80,0.303,11.840755,0.065,1,0.0230059,0.0172496,9.98196,4.102
81,0.012,0.0,0.01,0,0.0118251,0.0107252,6.94166,3.874
82,0.271,27.128287,0.05,1,0.0184673,0.00866635,9.30986,4.118
83,0.3,10.708858,0.068,1,0.0218783,0.0138272,8.99499,3.994
84,0.297,15.568556,0.06,1,0.0153518,0.0142349,8.4657,3.878
85,0.014,0.236022,0.011,0,0.015202,0.00980392,7.19854,3.838
86,0.017,0.0,0.01,0,0.0194111,0.0109181,8.45258,3.986
87,0.282,9.147226,0.054,1,0.0155231,0.0129496,8.63946,4.116
88,0.348,7.618887,0.095,1,0.0166963,0.0165829,9.1814,3.914
89,0.373,14.893926,0.071,1,0.0181174,0.0117245,8.51261,4.046
90,0.274,17.751954,0.054,1,0.0159898,0.00685938,8.51554,4.054
91,0.027,3.115359,0.011,0,0.0156871,0.00820092,7.80775,3.87
92,0.258,14.688217,0.049,1,0.0157615,0.00938735,8.73367,4.01
93,0.045,9.509205,0.012,0,0.0122208,0.00757193,7.74161,3.932
94,0.345,11.685063,0.087,1,0.0161148,0.00990615,7.1564,3.798
95,0.016,0.0,0.01,0,0.0144724,0.0172013,9.41343,4.228
96,0.206,24.416267,0.046,1,0.0142035,0.00877646,8.14062,3.84
97,0.371,30.465817,0.077,1,0.0235834,0.0132827,8.80673,4.16
98,0.344,10.23501,0.082,1,0.0199858,0.0104662,9.45385,4.16
99,0.283,13.162631,0.082,1,0.018678,0.0158888,9.72452,3.964
100,0.363,8.351224,0.106,1,0.016506,0.0134446,9.65132,4.256
101,0.33,18.057782,0.069,1,0.0160806,0.00522193,7.34488,3.81
102,0.327,10.874237,0.075,1,0.0166867,0.0116167,8.54016,4.084
103,0.022,3.440322,0.011,0,0.0112699,0.00935065,7.11904,3.814
104,0.274,37.776248,0.048,1,0.0203334,0.0138958,8.24207,3.974
105,0.283,16.489161,0.062,1,0.00957447,0.00789058,7.47614,3.772
106,0.341,19.786199,0.081,1,0.0159085,0.00964785,8.72625,4.106
107,0.269,17.111978,0.072,1,0.0154746,0.00680272,6.84352,3.796
108,0.271,14.172633,0.053,1,0.0146122,0.0100849,7.1555,3.73
109,0.242,10.211496,0.027,1,0.0139402,0.0138751,7.89447,3.98
110,0.314,10.949316,0.081,1,0.0182804,0.012916,9.00252,3.974
111,0.015,0.0,0.01,0,0.0100959,0.0090812,6.40755,3.71
112,0.362,16.280594,0.083,1,0.00973308,0.00662252,6.95487,3.9
113,0.317,10.538781,0.08,1,0.0142886,0.00814664,7.65246,3.896
114,0.344,12.793683,0.068,1,0.0130632,0.0146556,8.19782,4.034
115,0.107,7.704001,0.032,1,0.0176499,0.0153698,8.95463,4.1
116,0.251,11.125865,0.074,1,0.0158024,0.00829673,8.40846,4.064
117,0.334,18.008088,0.088,1,0.011406,0.0120862,6.99521,3.76
118,0.364,9.3452,0.091,1,0.0157808,0.0121595,8.98572,4.062
119,0.263,14.770068,0.069,1,0.0181724,0.0136226,8.8665,3.91
120,0.33,11.856865,0.087,1,0.0253337,0.0145256,11.1819,4.342
121,0.152,4.270414,0.049,1,0.014916,0.0134506,8.33193,3.814
122,0.238,21.394895,0.038,1,0.0160597,0.0108808,7.92614,3.818
123,0.235,31.169922,0.043,1,0.0187617,0.0125691,8.14155,3.928
124,0.237,13.378336,0.047,1,0.0148388,0.013245,7.82808,3.874
125,0.283,28.994679,0.061,1,0.0141518,0.0126711,8.37936,3.896
126,0.02,0.058612,0.011,0,0.0137852,0.0109344,7.87387,3.98
127,0.068,8.904724,0.016,1,0.0119726,0.0125565,8.0295,3.932
128,0.243,21.973437,0.052,1,0.0149933,0.00959112,7.95464,3.924
129,0.029,4.795169,0.011,0,0.00857909,0.00664084,6.23398,3.59
130,0.355,13.637973,0.08,1,0.0138258,0.0116397,7.99949,3.906
131,0.279,18.029873,0.066,1,0.0138564,0.00801202,8.19687,3.962
132,0.309,10.561848,0.073,1,0.0184808,0.0156695,9.24023,4.146
133,0.02,0.361297,0.011,0,0.0190522,0.0100317,7.81013,3.75
134,0.279,13.545961,0.066,1,0.0189695,0.0152484,9.55844,4.004
135,0.17,13.534401,0.035,1,0.0125081,0.00928314,7.24154,3.842
136,0.301,13.162674,0.075,1,0.0155405,0.014549,8.5502,4.064
137,0.169,4.19532,0.042,1,0.0128029,0.0062435,6.87016,3.82
138,0.334,8.512622,0.088,1,0.0167928,0.0106007,8.29439,3.92
139,0.308,18.419432,0.062,1,0.0187865,0.0117925,9.07064,4.19
140,0.302,13.837207,0.071,1,0.0195108,0.0152185,8.9681,4.012
141,0.241,17.251083,0.055,1,0.0166585,0.00990615,7.49184,3.798
142,0.034,1.020677,0.011,0,0.0147184,0.00910931,7.80746,3.916
143,0.354,9.793429,0.097,1,0.0159177,0.008647,7.83273,3.898
144,0.282,18.121272,0.073,1,0.0197813,0.0146434,9.16059,4.172
145,0.196,15.946587,0.027,1,0.0123875,0.00694816,6.51722,3.716
146,0.253,12.876383,0.062,1,0.0179142,0.00837026,8.23188,4.028
147,0.1,13.987295,0.031,1,0.0120524,0.00967906,7.29835,3.888
148,0.159,28.959847,0.032,1,0.0103896,0.0110497,7.09777,3.58
149,0.339,23.877149,0.076,1,0.0144393,0.00461066,6.84354,3.886
150,0.307,8.745978,0.083,1,0.0195782,0.0132159,9.19692,4.032
151,0.28,14.542841,0.054,1,0.0173913,0.0136519,8.52694,4.046
152,0.288,12.515946,0.085,1,0.0163507,0.00873138,8.93627,3.86
153,0.329,11.42278,0.087,1,0.0176242,0.0110153,8.98499,4.13
154,0.21,13.468137,0.043,1,0.00890208,0.00905701,6.52258,3.72
155,0.236,21.864668,0.055,1,0.0143213,0.0108803,7.4365,4.0
156,0.285,28.739154,0.051,1,0.0132939,0.00972862,7.70114,3.868
157,0.267,8.685969,0.064,1,0.0165106,0.00977366,8.21195,3.85
158,0.018,0.0,0.01,0,0.0110081,0.0106599,8.24987,3.898
159,0.169,10.539358,0.042,1,0.0138763,0.00638638,7.06374,3.734
160,0.272,12.644099,0.088,1,0.0143497,0.0146317,8.34972,3.906
161,0.292,14.747571,0.056,1,0.0111067,0.00786576,6.70983,3.784
162,0.242,9.916977,0.057,1,0.0134529,0.00960566,8.08218,3.918
163,0.336,21.198881,0.052,1,0.0167232,0.0169173,9.86138,4.184
164,0.307,22.414391,0.091,1,0.0163053,0.0148662,8.51459,3.976
165,0.332,20.196097,0.078,1,0.0166234,0.008,8.73236,3.968
166,0.388,8.795897,0.112,1,0.0219168,0.0174528,9.98848,4.166
167,0.37,19.839978,0.122,1,0.0200296,0.0138425,9.4971,4.132
168,0.226,9.658441,0.064,1,0.0162423,0.0105634,8.54499,3.934
169,0.015,0.0,0.01,0,0.0155654,0.0108374,8.3506,4.016
170,0.288,15.616338,0.066,1,0.0168265,0.00818833,7.91176,3.876
171,0.34,10.392156,0.092,1,0.0183383,0.0125502,8.56634,3.934
172,0.298,24.506911,0.048,1,0.0127424,0.0118343,8.92864,4.008
173,0.371,8.059351,0.077,1,0.0189197,0.0118147,9.40316,4.182
174,0.265,10.726616,0.07,1,0.019404,0.0120542,8.80325,3.934
175,0.243,18.085846,0.051,1,0.00928519,0.0118496,7.07508,3.836
176,0.274,13.445666,0.066,1,0.0111948,0.00761035,6.98722,3.912
177,0.025,0.878497,0.015,0,0.0118752,0.00572917,6.74908,3.818
178,0.019,1.008936,0.013,0,0.0183502,0.0123031,8.71599,4.014
179,0.262,21.894268,0.072,1,0.0199546,0.00913901,9.19563,4.12
180,0.216,17.917435,0.044,1,0.0126484,0.0120482,7.83384,3.936
181,0.276,6.446025,0.092,1,0.0299467,0.0152466,11.2678,4.392
182,0.281,9.745515,0.081,1,0.0159872,0.0116044,7.66309,3.918
183,0.034,4.132932,0.014,0,0.00989404,0.00475436,7.56423,3.768
184,0.082,13.233287,0.017,1,0.0158111,0.0107527,7.56211,3.864
185,0.017,0.0,0.01,0,0.0146719,0.00785752,7.77297,3.788
186,0.222,10.339326,0.064,1,0.0101063,0.00482057,7.18945,3.716
187,0.07,1.388384,0.014,1,0.0176039,0.0141557,8.38974,3.9
188,0.013,0.0,0.01,0,0.0155357,0.0104463,9.82198,4.168
189,0.22,15.645299,0.046,1,0.0140031,0.00790306,7.16782,3.766
190,0.212,9.774733,0.049,1,0.0149325,0.0103842,7.69465,3.812
191,0.254,16.060831,0.056,1,0.0129204,0.0154459,7.99038,3.952
192,0.294,10.821979,0.049,1,0.0202208,0.0106952,8.457,4.07
193,0.294,29.534338,0.055,1,0.013406,0.0106329,6.75691,3.908
194,0.25,18.157183,0.053,1,0.0152051,0.0129805,8.5827,3.954
195,0.297,14.023234,0.066,1,0.0160962,0.00968992,8.66243,4.088
196,0.286,10.487125,0.055,1,0.012481,0.00912017,6.76719,3.694
197,0.17,12.37341,0.039,1,0.0156718,0.00456621,8.68349,3.924
198,0.306,15.542352,0.068,1,0.0133081,0.0133862,9.28894,3.98
199,0.251,18.823003,0.067,1,0.0126804,0.0128878,8.00822,4.136
200,0.286,28.847611,0.044,1,0.0088785,0.00977869,6.6736,3.848
201,0.331,19.051107,0.083,1,0.0123532,0.0153238,8.29016,3.984
202,0.335,14.466712,0.096,1,0.015838,0.0135659,9.11739,4.072
203,0.286,13.619601,0.079,1,0.0260578,0.0175012,10.1969,4.042
204,0.307,12.883186,0.077,1,0.0150038,0.00933661,7.83532,4.032
205,0.228,5.546587,0.041,1,0.017058,0.0149328,8.26478,3.958
206,0.297,13.501434,0.065,1,0.0177505,0.012089,8.76897,4.086
207,0.3,17.928422,0.061,1,0.023833,0.0177078,9.13971,3.994
208,0.284,18.106928,0.088,1,0.0197588,0.0178236,9.86103,4.188
209,0.31,19.602026,0.07,1,0.0208438,0.015797,9.66051,4.112
210,0.169,63.833229,0.016,1,0.0162153,0.00744417,8.788,4.0
211,0.212,18.884215,0.06,1,0.0168951,0.00995285,7.79788,3.78
212,0.012,0.0,0.01,0,0.0164339,0.0161674,8.99952,4.138
213,0.299,8.412605,0.079,1,0.0138337,0.00924574,8.52112,4.072
214,0.302,10.770603,0.102,1,0.0209993,0.0105105,8.88821,3.954
215,0.387,20.97091,0.092,1,0.0178794,0.012178,9.14936,4.218
216,0.322,7.576561,0.075,1,0.01688,0.00888012,9.02339,4.018
217,0.253,16.879882,0.071,1,0.0122404,0.00827729,7.15962,3.834
218,0.263,16.996251,0.058,1,0.0181094,0.0114087,8.06272,3.986
219,0.227,18.730076,0.058,1,0.019073,0.00852878,7.86452,3.72
220,0.245,40.040175,0.035,1,0.0110458,0.00964957,7.24256,3.9
221,0.292,17.27562,0.071,1,0.0111149,0.00665984,7.65601,3.878
222,0.022,0.468475,0.012,0,0.0147068,0.0073928,8.20407,4.028
223,0.354,10.18016,0.095,1,0.0207809,0.0187354,9.09594,4.19
224,0.387,10.5431,0.091,1,0.0195743,0.016441,9.4941,4.068
225,0.286,9.067225,0.057,1,0.0147976,0.0122489,9.15129,4.032
226,0.018,0.0,0.01,0,0.0174939,0.010037,7.8698,3.748
227,0.202,15.362091,0.044,1,0.0128034,0.015873,8.06237,3.72
228,0.155,17.331491,0.031,1,0.0138889,0.0145145,8.00813,3.938
229,0.04,2.390586,0.013,0,0.0103982,0.0107803,6.73742,3.854
230,0.356,11.248665,0.087,1,0.021131,0.0140318,9.56357,4.216
231,0.297,14.712984,0.062,1,0.0133587,0.0116633,7.8353,3.898
232,0.4,12.547714,0.099,1,0.0226622,0.0147126,9.9454,4.286
233,0.276,11.476229,0.071,1,0.0174902,0.0133887,9.79223,4.274
234,0.355,12.145891,0.069,1,0.0163771,0.0099552,8.56511,3.978
235,0.363,16.034788,0.072,1,0.0194056,0.0136121,8.83834,4.058
236,0.342,11.710899,0.116,1,0.0199475,0.0142566,8.85589,3.872
237,0.36,15.633403,0.091,1,0.0236198,0.0167705,10.1511,4.104
238,0.319,11.192895,0.088,1,0.0198597,0.0162446,8.65712,4.118
239,0.241,14.008778,0.046,1,0.0176451,0.0134875,8.88281,4.096
240,0.118,11.219435,0.027,1,0.0111828,0.0108752,7.30366,3.82
241,0.032,0.0992,0.011,0,0.011289,0.00749465,7.31014,3.708
242,0.33,16.122754,0.079,1,0.0147973,0.013198,7.61317,3.888
243,0.159,5.736169,0.047,1,0.0110652,0.00578947,7.17628,3.778
244,0.348,26.438093,0.062,1,0.0107004,0.00938967,6.49605,3.798
245,0.372,11.255779,0.084,1,0.0193363,0.00964785,9.14418,4.106
246,0.305,6.831648,0.075,1,0.0177178,0.0175524,9.41141,4.03
247,0.018,0.99858,0.012,0,0.0140031,0.0092688,7.4605,3.848
248,0.171,7.147161,0.03,1,0.0102503,0.00697799,6.32811,3.7
249,0.289,10.875952,0.06,1,0.0161702,0.010779,8.54581,4.038
250,0.298,27.520697,0.057,1,0.0200612,0.0157189,9.97417,4.258
251,0.318,16.80541,0.061,1,0.021026,0.0128268,8.48526,4.002
252,0.023,0.340886,0.012,0,0.0154504,0.0092233,8.94268,4.082
253,0.085,7.577046,0.033,1,0.0116336,0.00753769,7.18127,3.95
254,0.268,10.220661,0.069,1,0.0192268,0.0159266,9.56547,4.078
255,0.181,9.586343,0.052,1,0.0193639,0.00874036,7.79461,3.856
256,0.029,2.477087,0.017,0,0.0117116,0.00854701,7.03879,3.712
257,0.028,0.797978,0.012,0,0.0116028,0.0107198,6.93756,3.876
258,0.234,12.675696,0.057,1,0.0160707,0.00687623,7.66271,4.044
259,0.294,9.008865,0.051,1,0.0136854,0.00760649,7.39295,3.914
260,0.328,14.664026,0.064,1,0.0095339,0.0117707,7.82185,3.862
261,0.189,11.7008,0.06,1,0.0152878,0.0100301,8.05218,3.948
262,0.237,14.207106,0.063,1,0.0187301,0.0117527,8.2818,3.868
263,0.283,16.461852,0.074,1,0.0124927,0.00824742,7.11435,3.848
264,0.31,12.005165,0.073,1,0.0167822,0.0104634,8.64099,3.972
265,0.274,14.775368,0.072,1,0.0155011,0.00674624,7.3814,3.828
266,0.31,9.720989,0.087,1,0.0180261,0.00508388,7.99387,3.914
267,0.258,30.384317,0.049,1,0.0156578,0.0115404,8.46142,3.94
268,0.218,12.060716,0.069,1,0.0123,0.00410256,7.66117,3.884
269,0.312,10.88044,0.087,1,0.022547,0.0120715,10.5352,4.092
270,0.292,6.858222,0.035,1,0.0170863,0.00756811,8.47992,3.934
271,0.268,24.994689,0.061,1,0.0154211,0.0145145,8.99086,3.938
272,0.242,8.662795,0.073,1,0.0170525,0.00980392,8.80094,3.838
273,0.164,14.339669,0.037,1,0.0149558,0.011022,8.94225,3.948
274,0.194,13.582553,0.047,1,0.013071,0.00780843,7.4659,3.812
275,0.317,9.465418,0.093,1,0.0174866,0.0138683,9.39227,3.982
276,0.306,12.340743,0.059,1,0.0168247,0.0140779,8.23227,4.202
277,0.065,7.615249,0.018,1,0.0111354,0.00749625,7.59668,3.972
278,0.219,18.774383,0.029,1,0.0130729,0.00676731,6.97589,3.816
279,0.32,11.252686,0.109,1,0.0114097,0.0114828,7.96768,3.96
280,0.265,28.608837,0.055,1,0.0194826,0.0117936,9.49478,4.022
281,0.268,25.994298,0.035,1,0.0101103,0.0084122,6.92259,3.772
282,0.338,13.477261,0.083,1,0.014848,0.0147059,8.44378,4.02
283,0.303,12.198928,0.073,1,0.0140895,0.00816743,7.23263,3.886
284,0.15,12.615999,0.038,1,0.01428,0.00874486,7.74053,3.854
285,0.191,28.371567,0.035,1,0.0171644,0.0107422,8.62685,4.052
286,0.062,21.688981,0.013,1,0.0170978,0.014021,7.93093,3.938
287,0.17,16.977314,0.038,1,0.0180162,0.00881286,7.92521,3.824
288,0.286,11.751514,0.058,1,0.0166259,0.0114713,8.4667,3.964
289,0.206,11.685284,0.065,1,0.0117988,0.0115462,7.87709,3.938
290,0.069,12.51168,0.017,1,0.00992703,0.0114691,6.5116,3.62
291,0.016,0.0,0.01,0,0.0168877,0.00838264,7.95027,4.022
292,0.313,16.05478,0.095,1,0.013448,0.0122489,8.18849,4.032
293,0.27,13.53727,0.06,1,0.0163196,0.0104063,8.56084,3.994
294,0.316,10.632765,0.095,1,0.0214612,0.0136585,8.77992,4.044
295,0.37,20.523215,0.096,1,0.0171285,0.00833742,8.83531,4.044
296,0.213,29.460624,0.036,1,0.0149917,0.0135629,7.61925,3.782
297,0.367,26.211991,0.081,1,0.0123878,0.0102941,7.55671,4.038
298,0.369,19.077434,0.099,1,0.0173975,0.00972364,7.93127,3.87
299,0.334,24.922592,0.049,1,0.0168332,0.0138425,9.0576,4.132
300,0.06,24.968178,0.014,1,0.010211,0.00487013,6.39043,3.678
301,0.286,19.588763,0.056,1,0.0179365,0.010453,8.834,3.976
302,0.31,7.833893,0.08,1,0.0205033,0.0110683,9.18491,4.11
303,0.368,9.171083,0.112,1,0.0106042,0.012639,7.67742,3.906
304,0.378,14.273871,0.074,1,0.0139471,0.0121609,9.26799,4.224
305,0.083,4.781988,0.027,1,0.0132459,0.011259,7.73706,3.864
306,0.21,11.899199,0.052,1,0.0141643,0.00761808,8.12948,3.908
307,0.113,7.163681,0.034,1,0.0108833,0.0077821,6.64034,3.57
308,0.013,0.0,0.01,0,0.0135081,0.00986501,7.91924,3.814
309,0.253,11.893933,0.052,1,0.0144115,0.0110887,8.27574,3.924
310,0.32,11.745057,0.081,1,0.0181021,0.0112195,8.6665,4.054
311,0.213,14.904289,0.046,1,0.0224178,0.0137825,9.35093,3.864
312,0.012,0.0,0.01,0,0.0137345,0.00847907,7.35489,3.742
313,0.337,12.769085,0.097,1,0.0151208,0.0149701,8.74417,3.948
314,0.316,12.278617,0.093,1,0.0188688,0.0159113,10.049,4.082
315,0.261,11.239261,0.075,1,0.0130965,0.0125125,8.35935,3.946
316,0.264,32.502667,0.033,1,0.0201562,0.0138604,8.60021,3.842
317,0.322,12.419712,0.063,1,0.0172001,0.0104563,8.62872,4.164
318,0.267,20.692787,0.058,1,0.0131477,0.00980898,7.37591,3.836
319,0.35,12.414817,0.089,1,0.0207644,0.0136664,9.38796,4.186
320,0.036,2.606603,0.017,0,0.0130648,0.0102041,7.57526,3.88
321,0.287,16.359377,0.045,1,0.0175168,0.0120424,8.85129,4.102
322,0.285,21.420436,0.043,1,0.0103367,0.00989068,6.71399,3.804
323,0.259,11.719679,0.086,1,0.0124228,0.00937989,7.74908,3.802
324,0.291,15.115697,0.065,1,0.0230419,0.01322,9.78038,4.18
325,0.333,12.148203,0.094,1,0.0222249,0.0225428,11.4562,4.336
326,0.313,9.223616,0.082,1,0.0157651,0.00931373,8.66254,4.042
327,0.219,9.9973,0.063,1,0.012101,0.0119048,7.53222,3.818
328,0.34,13.526673,0.069,1,0.0178094,0.0108247,8.77801,3.838
329,0.34,9.782028,0.12,1,0.0199635,0.0134615,9.0809,4.104
330,0.018,0.0,0.01,0,0.017682,0.0130597,9.54159,4.232
331,0.025,0.256834,0.012,0,0.0118265,0.00805234,6.94977,3.942
332,0.018,0.249583,0.011,0,0.0218643,0.0119503,9.4925,4.134
333,0.249,19.030829,0.047,1,0.0180913,0.0105581,8.67886,3.936
334,0.013,0.0,0.01,0,0.014653,0.0121581,7.55949,3.9
335,0.216,22.795547,0.04,1,0.0170605,0.00566135,7.64545,3.864
336,0.016,0.0,0.01,0,0.0123175,0.00630583,6.95505,3.782
337,0.243,25.090284,0.062,1,0.0125269,0.0110276,7.76837,3.946
338,0.23,25.987853,0.04,1,0.010218,0.00761421,7.50895,3.91
339,0.288,10.488126,0.068,1,0.0169206,0.0115,8.69904,3.954
340,0.308,22.366095,0.055,1,0.0162065,0.0112073,7.72488,3.882
341,0.247,11.46322,0.065,1,0.0229174,0.0173182,10.4144,3.972
342,0.382,12.659097,0.114,1,0.0207676,0.0201123,10.136,4.19
343,0.219,5.353976,0.046,1,0.0175701,0.0128074,7.62013,3.854
344,0.232,14.473081,0.059,1,0.0139562,0.013306,7.91598,3.856
345,0.367,8.40084,0.129,1,0.0203252,0.0126398,10.1743,4.062
346,0.34,20.194936,0.076,1,0.0125559,0.00762195,7.21813,3.906
347,0.247,15.600896,0.07,1,0.0160343,0.00869145,8.29323,4.106
348,0.301,17.745879,0.086,1,0.0154009,0.0114656,9.03732,3.966
349,0.301,28.747702,0.057,1,0.0140076,0.00952381,7.69534,3.952
350,0.407,10.515926,0.13,1,0.01661,0.0125125,8.78814,3.946
351,0.228,6.942468,0.043,1,0.0150818,0.0118374,7.35573,3.84
352,0.33,14.807674,0.1,1,0.019264,0.0119104,9.76133,4.148
353,0.182,15.576863,0.034,1,0.0154908,0.00879336,8.78117,4.058
354,0.346,14.450282,0.057,1,0.0179811,0.0184377,9.40188,4.046
355,0.324,15.079857,0.076,1,0.0207879,0.0150451,9.33198,3.928
356,0.324,41.790662,0.061,1,0.011288,0.0149408,7.784,3.824
357,0.23,9.942939,0.056,1,0.0170956,0.00748877,8.20926,3.976
358,0.281,11.934333,0.059,1,0.0169482,0.0131772,9.27943,4.044
359,0.275,7.4258,0.045,1,0.0177628,0.00945274,8.65244,3.982
360,0.31,16.94998,0.077,1,0.0191168,0.0100806,9.1889,3.928
361,0.126,5.185408,0.032,1,0.0159796,0.0136719,8.92228,4.04
362,0.366,9.912896,0.09,1,0.0176966,0.0148184,8.4721,4.122
363,0.213,9.083973,0.047,1,0.0175334,0.0129225,8.4431,3.972
364,0.249,11.157379,0.048,1,0.00985617,0.00888192,7.22035,3.794
365,0.329,6.519165,0.084,1,0.0218886,0.0135831,10.1524,4.212
366,0.09,1.621199,0.02,1,0.0146947,0.0104932,7.68558,3.772
367,0.09,17.488331,0.016,1,0.0139385,0.00574413,7.34769,3.808
368,0.311,26.575555,0.04,1,0.012549,0.00658228,7.67635,3.924
369,0.308,8.10778,0.099,1,0.0175033,0.012018,9.20831,3.946
370,0.034,4.873487,0.012,0,0.0160616,0.00979381,7.97293,3.842
371,0.261,21.079326,0.048,1,0.0185842,0.0144553,8.11786,3.818
372,0.265,7.953547,0.071,1,0.0172096,0.0103199,7.63452,3.836
373,0.248,16.663244,0.064,1,0.0145297,0.00905888,7.96953,3.938
374,0.346,7.76659,0.087,1,0.019155,0.012279,8.95624,4.022
375,0.33,20.19594,0.051,1,0.0143247,0.0074813,8.10352,3.98
376,0.013,0.104518,0.011,0,0.0172498,0.0106222,8.35787,3.912
377,0.282,9.714623,0.061,1,0.0188792,0.0159442,8.4481,3.95
378,0.012,0.0,0.01,0,0.0173391,0.0135266,8.81195,4.084
379,0.021,0.985695,0.015,0,0.0158409,0.0139581,9.0,3.956
380,0.336,7.014797,0.083,1,0.0157591,0.0159113,7.64821,4.082
381,0.321,13.88247,0.066,1,0.0157414,0.00842418,7.71464,4.002
382,0.296,9.384382,0.076,1,0.013765,0.00805639,7.85482,3.94
383,0.292,10.017359,0.078,1,0.0199052,0.012299,10.1054,4.176
384,0.267,10.121516,0.054,1,0.0128803,0.00880373,7.05799,3.828
385,0.366,13.284717,0.099,1,0.0167474,0.0102987,7.73569,3.844
386,0.015,0.0,0.01,0,0.0140171,0.00825243,8.59031,4.086
387,0.177,9.246347,0.046,1,0.0119713,0.00947867,7.32749,3.762
388,0.301,16.882422,0.075,1,0.0238412,0.014776,10.5317,4.134
389,0.326,12.042627,0.057,1,0.0156306,0.00708861,7.14482,3.922
390,0.349,8.41215,0.12,1,0.0236078,0.0169719,10.5657,4.402
391,0.318,19.499027,0.056,1,0.0184504,0.0108642,9.09186,4.006
392,0.215,14.768333,0.052,1,0.010918,0.00836383,7.09752,3.794
393,0.302,17.688884,0.075,1,0.0199927,0.0131247,8.44297,3.91
394,0.275,43.180653,0.031,1,0.0116861,0.00564103,6.48736,3.878
395,0.021,1.053725,0.012,0,0.013991,0.009,8.43845,3.964
396,0.221,24.079237,0.038,1,0.0143259,0.00507614,7.79949,3.92
397,0.292,17.379285,0.046,1,0.0161669,0.00823893,7.51506,3.852
398,0.301,16.467574,0.065,1,0.01885,0.0141051,9.34336,4.054
399,0.301,26.14604,0.035,1,0.0155632,0.00901352,7.79232,3.958
400,0.215,9.237871,0.065,1,0.0182383,0.0156329,7.41547,3.904
401,0.032,3.935041,0.015,0,0.0141602,0.010101,7.39581,3.724
402,0.157,12.340304,0.044,1,0.00940975,0.0086627,5.74604,3.662
403,0.241,14.831803,0.041,1,0.0130892,0.01576,7.22159,3.872
404,0.326,13.366282,0.073,1,0.0178444,0.0120424,8.85275,4.102
405,0.033,6.837323,0.013,0,0.0131004,0.0135406,7.91662,3.934
406,0.267,18.14139,0.054,1,0.0177982,0.0130561,8.75404,4.082
407,0.34,12.713596,0.091,1,0.0159529,0.0139759,8.63978,4.092
408,0.256,19.618499,0.055,1,0.0117561,0.00817996,7.76082,3.88
409,0.316,11.985484,0.088,1,0.0154574,0.0146128,8.15472,4.046
410,0.108,10.09837,0.023,1,0.0128084,0.010015,8.05615,3.954
411,0.369,9.02297,0.103,1,0.0200032,0.0086747,9.18668,4.114
412,0.283,9.821707,0.075,1,0.0133817,0.00687104,7.03938,3.758
413,0.222,22.714156,0.041,1,0.0145779,0.00830306,7.21507,3.822
414,0.151,14.74046,0.034,1,0.0119756,0.00639318,6.58177,3.73
415,0.28,14.941211,0.055,1,0.0139025,0.00919775,7.34502,3.878
416,0.025,0.156514,0.011,0,0.0195527,0.00947867,9.69043,4.18
417,0.295,15.067269,0.076,1,0.013245,0.00969388,8.16847,3.882
418,0.268,11.815474,0.07,1,0.0193966,0.0153846,8.65323,3.968
419,0.277,14.632524,0.056,1,0.0173983,0.0108359,7.73552,3.834
420,0.322,30.316851,0.076,1,0.0116365,0.0115752,8.26986,3.928
421,0.256,37.071301,0.046,1,0.0141926,0.00679942,8.47579,4.09
422,0.319,21.541757,0.065,1,0.0160471,0.00851703,7.55735,3.958
423,0.016,0.437388,0.011,0,0.0134733,0.00859454,8.40235,3.922
424,0.124,8.048805,0.034,1,0.00990619,0.008822,6.97644,3.82
425,0.235,29.002569,0.063,1,0.00876847,0.0107748,6.56587,3.856
426,0.29,15.862595,0.072,1,0.0165224,0.0126646,7.82555,3.898
427,0.014,0.0,0.01,0,0.0146118,0.0103194,8.46127,4.028
428,0.277,22.137071,0.064,1,0.0140242,0.0113636,8.98001,4.002
429,0.274,12.643257,0.077,1,0.0198791,0.012512,8.38402,4.104
430,0.415,12.495528,0.131,1,0.0213189,0.0142925,9.72595,4.138
431,0.19,9.325361,0.041,1,0.0124289,0.0071066,7.28067,3.912
432,0.201,14.965775,0.039,1,0.0159035,0.00888657,7.95939,3.792
433,0.316,14.05173,0.093,1,0.0198014,0.0129482,9.09637,3.964
434,0.024,0.697087,0.017,0,0.00808868,0.00382723,5.49616,3.644
435,0.287,7.156049,0.09,1,0.0114316,0.00980392,7.53515,4.04
436,0.147,17.931133,0.04,1,0.0168476,0.00762195,8.20584,3.906
437,0.203,23.812075,0.036,1,0.0136278,0.00913978,6.92784,3.686
438,0.148,14.781467,0.034,1,0.0180505,0.00911854,7.64724,3.912
439,0.206,20.926424,0.044,1,0.0123555,0.00662927,7.72793,3.896
440,0.052,3.314899,0.017,0,0.0158903,0.00991649,7.26516,3.794
441,0.37,49.617443,0.075,1,0.018931,0.0161923,9.24738,4.01
442,0.253,15.683174,0.057,1,0.0124696,0.0100857,7.96638,3.926
443,0.281,20.997718,0.07,1,0.0156984,0.00604534,7.55499,3.946
444,0.311,14.229607,0.082,1,0.0159317,0.0123335,8.37113,4.004
445,0.287,18.041071,0.056,1,0.0169198,0.0115752,7.9445,3.928
446,0.245,34.348499,0.063,1,0.0154718,0.00978474,8.71789,4.048
447,0.303,20.233718,0.066,1,0.0108784,0.00916964,6.94756,3.89
448,0.395,9.187434,0.112,1,0.0211291,0.0136054,9.02266,4.06
449,0.287,18.414182,0.059,1,0.0201873,0.0154889,9.13274,4.068
450,0.165,20.593812,0.034,1,0.0182299,0.00986501,7.33508,3.814
451,0.019,1.350023,0.011,0,0.00525665,0.0022309,5.42314,3.578
452,0.144,8.697436,0.029,1,0.0204744,0.0139373,9.02373,3.962
453,0.299,11.544745,0.076,1,0.0164706,0.00905888,7.77044,3.938
454,0.29,46.548542,0.044,1,0.0132028,0.0118435,7.9333,3.838
455,0.251,21.15743,0.032,1,0.0173354,0.0160819,9.08569,4.038
456,0.328,12.995915,0.084,1,0.0151937,0.0121832,8.86433,4.054
457,0.323,17.878354,0.08,1,0.0123565,0.0112994,7.69351,3.85
458,0.023,0.0,0.01,0,0.0219754,0.0120421,8.45861,3.938
459,0.274,9.177447,0.075,1,0.015324,0.00785752,7.23548,3.788
460,0.258,19.777983,0.071,1,0.016423,0.00934579,7.56342,3.816
461,0.305,10.285373,0.076,1,0.0149296,0.0141602,8.7583,4.038
462,0.117,16.854971,0.03,1,0.0169894,0.0119166,8.25226,3.98
463,0.231,11.450356,0.075,1,0.0165395,0.00880829,8.15421,3.826
464,0.298,17.48962,0.077,1,0.0188083,0.00877193,9.01819,4.068
465,0.284,10.802771,0.094,1,0.0175728,0.0131913,9.04062,3.89
466,0.26,14.629548,0.063,1,0.0102275,0.0117474,7.99059,4.038
467,0.201,9.344068,0.054,1,0.0182137,0.0112763,7.68481,3.858
468,0.324,10.772113,0.076,1,0.0156658,0.00926377,8.67028,4.064
469,0.217,7.417562,0.054,1,0.0187668,0.010101,8.56378,3.92
470,0.29,13.957744,0.08,1,0.0201258,0.0144509,9.32551,4.092
471,0.205,14.536987,0.056,1,0.0101161,0.00759878,6.81215,3.918
472,0.288,17.913508,0.062,1,0.0155577,0.00978877,7.12331,3.844
473,0.254,8.609605,0.073,1,0.0161272,0.0128649,8.95138,3.99
474,0.273,16.560907,0.08,1,0.0122028,0.0078329,6.72842,3.8
475,0.231,30.260522,0.035,1,0.0160875,0.0159729,9.17265,4.066
476,0.338,13.884383,0.094,1,0.0220711,0.011063,8.72665,4.112
477,0.286,8.613775,0.074,1,0.0198025,0.0161685,9.12898,4.016
478,0.011,0.0,0.01,0,0.0105271,0.00469239,7.46412,3.818
479,0.223,9.210321,0.042,1,0.0136669,0.00780843,7.25551,3.812
480,0.379,18.804922,0.062,1,0.0181317,0.012314,7.90753,3.85
481,0.21,14.148695,0.041,1,0.0108401,0.00838574,7.02114,3.784
482,0.269,11.037655,0.058,1,0.0133142,0.00939948,7.72061,3.794
483,0.321,11.422915,0.076,1,0.0129754,0.00862944,8.05018,3.906
484,0.305,14.54314,0.083,1,0.0168977,0.0163772,9.13673,3.964
485,0.274,10.521349,0.058,1,0.0197304,0.0136664,8.79025,4.186
486,0.014,0.0,0.01,0,0.0125663,0.00669758,7.42946,3.856
487,0.288,17.499226,0.073,1,0.0218031,0.0126398,8.87494,4.062
488,0.017,0.0,0.01,0,0.0193864,0.0123701,9.53607,3.992
489,0.282,15.584775,0.045,1,0.014597,0.00987013,7.44019,3.812
490,0.281,18.679901,0.052,1,0.0142075,0.0118168,8.10115,4.014
491,0.228,27.235025,0.051,1,0.014761,0.010716,8.40571,4.062
492,0.351,11.802956,0.09,1,0.0179551,0.0130561,8.84125,4.082
493,0.259,11.757354,0.061,1,0.0147559,0.0110294,7.34201,3.766
494,0.2,14.171412,0.031,1,0.0155891,0.0108471,7.73786,3.83
495,0.283,10.189263,0.043,1,0.0115627,0.00916964,7.33676,3.89
496,0.018,0.064243,0.011,0,0.0123414,0.00581703,7.62872,3.76
497,0.335,13.344106,0.064,1,0.0125318,0.0104063,8.27141,3.994
498,0.227,19.111724,0.047,1,0.0162355,0.0113524,8.39491,4.006
499,0.24,20.038468,0.049,1,0.0229695,0.0126275,9.50812,4.066
500,0.047,7.994035,0.019,0,0.0174325,0.0123014,7.76959,3.854
501,0.283,19.474419,0.07,1,0.0233487,0.00998099,9.49928,4.166
502,0.262,17.119363,0.058,1,0.0138006,0.00701052,7.45436,3.966
503,0.289,15.90305,0.062,1,0.0230187,0.0170233,9.22167,4.042
504,0.333,13.95745,0.077,1,0.0109962,0.0063788,7.54469,4.05
505,0.236,19.072586,0.065,1,0.011049,0.00961538,7.76955,3.914
506,0.351,15.779645,0.093,1,0.0172895,0.0103143,8.35285,4.03
507,0.332,12.989191,0.061,1,0.0137579,0.0115927,7.89495,3.922
508,0.295,10.517554,0.1,1,0.0197054,0.0201311,9.8925,4.186
509,0.021,0.0,0.01,0,0.015528,0.016449,9.02804,4.066
510,0.131,5.684997,0.03,1,0.0195899,0.0117647,8.65972,4.032
511,0.334,14.158748,0.085,1,0.0163363,0.00674374,9.88555,4.124
512,0.273,10.265052,0.063,1,0.0163336,0.00949051,8.42864,3.966
513,0.328,14.376252,0.091,1,0.0179676,0.0104019,9.73244,4.186
514,0.016,0.0,0.01,0,0.0182415,0.00713267,8.90038,4.176
515,0.012,0.0,0.01,0,0.0163386,0.0136847,7.83145,3.892
516,0.373,15.723229,0.087,1,0.0166326,0.0117647,8.4995,4.032
517,0.289,15.22371,0.058,1,0.0146104,0.00859889,7.85714,3.92
518,0.321,18.600495,0.077,1,0.0174564,0.012109,7.98723,3.916
519,0.296,14.31476,0.08,1,0.0125076,0.00785752,6.96515,3.788
520,0.323,12.18235,0.079,1,0.0170483,0.0072324,8.71734,4.118
521,0.309,13.972431,0.091,1,0.0152705,0.0132924,8.4487,3.86
522,0.32,18.608669,0.075,1,0.0195252,0.0133779,9.07748,4.13
523,0.296,22.640205,0.069,1,0.0101527,0.00678851,6.99106,3.804
524,0.173,22.404612,0.061,1,0.00873662,0.00327154,6.38676,3.656
525,0.298,14.926705,0.074,1,0.0176269,0.0146699,8.69975,4.03
526,0.032,5.166453,0.014,0,0.0096516,0.0105764,6.81133,3.742
527,0.355,13.557884,0.08,1,0.0170023,0.0151367,9.01041,4.034
528,0.32,11.918,0.087,1,0.0170749,0.0125,8.80709,3.95
529,0.224,15.658477,0.057,1,0.0183146,0.0118313,8.27121,3.842
530,0.214,20.988515,0.037,1,0.00588888,0.00431965,6.35412,3.688
531,0.267,19.858897,0.071,1,0.0187421,0.00990589,9.52876,3.998
532,0.198,23.537382,0.039,1,0.0113307,0.00487541,6.1976,3.674
533,0.301,7.268569,0.078,1,0.0198037,0.0128029,10.6651,4.318
534,0.367,14.289038,0.076,1,0.0140026,0.0109261,8.22725,3.802
535,0.363,17.633156,0.093,1,0.0145648,0.0134731,8.75164,3.954
536,0.263,15.913356,0.077,1,0.0166059,0.0157201,7.91139,3.882
537,0.268,8.699101,0.056,1,0.012414,0.00858586,8.37137,3.926
538,0.328,16.073372,0.09,1,0.0186335,0.0112635,8.77167,4.038
539,0.203,20.313867,0.028,1,0.011339,0.00638298,6.65685,3.736
540,0.298,21.772599,0.054,1,0.0121634,0.0155388,8.03717,3.928
541,0.376,22.778692,0.068,1,0.0172728,0.010453,8.56187,3.976
542,0.295,11.306613,0.089,1,0.0140167,0.0121436,7.4356,3.742
543,0.228,25.492372,0.047,1,0.00903973,0.00885417,6.6269,3.806
544,0.304,10.886706,0.084,1,0.0184856,0.0151738,8.95328,4.024
545,0.236,11.09001,0.066,1,0.0150708,0.00454545,8.28158,3.942
546,0.242,18.255968,0.049,1,0.01153,0.00694074,6.57473,3.72
547,0.226,11.305337,0.036,1,0.0195039,0.0135397,8.97255,4.08
548,0.325,11.105551,0.093,1,0.0246756,0.0136664,10.8624,4.186
549,0.32,15.703542,0.102,1,0.0168112,0.00801202,8.5578,3.962
550,0.346,30.100845,0.069,1,0.0113682,0.0100857,7.66276,3.926
551,0.258,15.313644,0.061,1,0.0185521,0.0119166,8.85729,3.98
552,0.2,11.638748,0.049,1,0.0168151,0.0125546,7.19956,3.618
553,0.273,22.074335,0.051,1,0.0159455,0.00939664,7.98402,4.006
554,0.311,11.661209,0.087,1,0.0210706,0.00882353,9.29476,4.044
555,0.191,5.677345,0.037,1,0.0139436,0.00602107,7.81979,3.962
556,0.271,11.468561,0.076,1,0.0139043,0.00654582,7.76432,3.946
557,0.273,18.665615,0.054,1,0.0174176,0.0103653,8.24688,4.01
558,0.21,23.903691,0.058,1,0.0151737,0.0114883,7.93767,3.786
559,0.015,0.0,0.01,0,0.0139299,0.00980898,7.41084,3.836
560,0.251,13.757954,0.059,1,0.0213554,0.0162883,8.81084,3.986
561,0.315,11.532559,0.079,1,0.0166052,0.0123967,7.93724,3.824
562,0.346,12.43545,0.085,1,0.0204107,0.0156566,8.37096,3.898
563,0.294,21.878824,0.088,1,0.0169626,0.0122309,8.75978,4.038
564,0.311,11.503895,0.078,1,0.0148808,0.0183441,9.46919,3.96
565,0.173,11.320558,0.027,1,0.0155406,0.00940439,7.12711,3.792
566,0.315,17.740693,0.077,1,0.0192187,0.0110553,8.09045,3.936
567,0.254,14.934171,0.063,1,0.016855,0.0127681,8.3792,3.866
568,0.319,13.671107,0.083,1,0.0142,0.0102041,7.73196,3.88
569,0.284,25.848352,0.043,1,0.0140886,0.0108535,8.49626,4.01
570,0.246,18.113103,0.052,1,0.019177,0.0103858,8.75612,4.002
571,0.314,5.538832,0.079,1,0.0227891,0.0114998,9.44401,4.126
572,0.248,20.269253,0.062,1,0.0202605,0.00720461,9.02612,4.134
573,0.288,21.81942,0.075,1,0.015105,0.0119701,8.2211,3.962
574,0.26,16.484798,0.057,1,0.0155873,0.00840336,7.0339,3.776
575,0.312,17.324279,0.063,1,0.0166468,0.0113524,8.36745,4.006
576,0.088,5.779472,0.025,1,0.0157936,0.00755287,7.70979,3.942
577,0.279,7.364652,0.066,1,0.0201124,0.0103042,9.61378,4.034
578,0.056,4.12965,0.017,0,0.0124001,0.00875837,7.5447,3.848
579,0.033,0.037928,0.011,0,0.0133826,0.0106007,8.00612,3.92
580,0.02,0.052637,0.011,0,0.0145149,0.0101112,8.02247,3.916
581,0.314,18.737081,0.069,1,0.0158932,0.00675676,7.80324,3.822
582,0.197,21.36486,0.05,1,0.0110042,0.00766479,7.44027,3.884
583,0.29,7.256569,0.076,1,0.0234248,0.0117316,9.60826,4.212
584,0.282,14.090338,0.062,1,0.0152371,0.0131048,8.04443,3.916
585,0.222,11.013877,0.072,1,0.0170216,0.0106213,7.66291,3.726
586,0.21,12.71686,0.053,1,0.0137673,0.0158967,8.35992,3.962
587,0.126,19.503191,0.03,1,0.0127649,0.00859753,6.49648,3.69
588,0.311,6.172081,0.071,1,0.0169292,0.0111055,8.68402,3.918
589,0.31,14.902812,0.088,1,0.0201155,0.0123281,9.80893,4.166
590,0.229,11.509396,0.049,1,0.0157589,0.0171891,8.22582,3.888
591,0.031,1.303651,0.014,0,0.0126088,0.00857287,6.89827,3.932
592,0.018,1.711925,0.013,0,0.0164183,0.012884,8.62249,3.984
593,0.283,11.030141,0.08,1,0.0167419,0.0104112,8.38927,3.802
594,0.275,20.666584,0.059,1,0.0111968,0.0114828,8.11919,3.96
595,0.309,17.50326,0.068,1,0.0179874,0.0141376,8.84943,4.184
596,0.316,15.896803,0.064,1,0.0180316,0.00941526,8.65583,3.998
597,0.222,6.834641,0.059,1,0.0144729,0.0103466,8.0183,3.826
598,0.33,12.922023,0.091,1,0.0157252,0.014435,9.05707,3.96
599,0.269,16.47429,0.053,1,0.014887,0.00903614,8.269,3.948
600,0.013,0.0,0.01,0,0.00954839,0.00806018,6.2974,3.692
601,0.315,18.04294,0.058,1,0.0182782,0.0101547,8.6595,4.094
602,0.251,14.945099,0.062,1,0.0184556,0.0106168,8.72151,3.914
603,0.261,15.156282,0.052,1,0.0122951,0.0113402,6.99687,3.836
604,0.175,12.202451,0.028,1,0.0120456,0.0098804,7.45588,3.808
605,0.159,16.964686,0.039,1,0.0110886,0.00442723,6.31629,3.598
606,0.338,12.180153,0.101,1,0.0217544,0.0154291,9.79236,4.084
607,0.289,9.403537,0.07,1,0.0145894,0.014627,9.05542,4.042
608,0.264,12.056164,0.066,1,0.0146362,0.0090812,7.62426,3.71
609,0.298,11.08151,0.083,1,0.016536,0.0118989,8.8299,3.986
610,0.011,0.0,0.01,0,0.0125243,0.00759109,7.08465,3.922
611,0.321,19.13351,0.069,1,0.0179673,0.0125063,8.45846,3.948
612,0.228,8.240982,0.041,1,0.0162036,0.0100301,7.7847,3.948
613,0.243,20.189672,0.053,1,0.0129949,0.0116162,7.54982,3.914
614,0.284,10.822089,0.089,1,0.0212791,0.0136054,8.47291,4.06
615,0.373,11.87282,0.087,1,0.0186633,0.0139557,9.17862,4.098
616,0.227,11.459221,0.044,1,0.0128551,0.00975359,7.50078,3.858
617,0.218,11.373002,0.052,1,0.0102244,0.0103359,7.35457,3.83
618,0.103,20.065675,0.022,1,0.0112108,0.0097586,7.63382,3.856
619,0.217,17.365463,0.053,1,0.0167096,0.0094246,8.36104,3.994
620,0.303,11.035021,0.069,1,0.0127927,0.0085902,7.53007,3.924
621,0.204,14.012872,0.053,1,0.0158869,0.0126336,8.45669,4.064
622,0.296,14.196879,0.071,1,0.0117383,0.0105465,8.42006,4.128
623,0.205,19.372102,0.032,1,0.0132204,0.0102536,6.31025,3.668
624,0.018,2.585425,0.011,0,0.0114905,0.00733753,6.47888,3.788
625,0.341,9.027074,0.09,1,0.0218453,0.0104662,10.2337,4.16
626,0.209,15.378489,0.05,1,0.010459,0.0133265,8.04623,3.85
627,0.343,20.792751,0.058,1,0.0118913,0.00754907,8.05984,3.944
628,0.039,0.463717,0.011,0,0.00974553,0.00759878,7.54262,3.918
629,0.335,10.120347,0.109,1,0.0141021,0.00731351,8.6724,4.072
630,0.333,17.224593,0.079,1,0.0165114,0.00901328,9.04548,4.178
631,0.181,16.446941,0.041,1,0.0173053,0.00486855,9.49902,4.088
632,0.366,10.364782,0.101,1,0.0229137,0.0182755,10.1241,4.19
633,0.023,0.521614,0.013,0,0.0152284,0.0123885,8.20421,3.986
634,0.013,0.0,0.01,0,0.0143242,0.00736739,8.80851,4.042
635,0.018,0.0,0.01,0,0.0174522,0.0123762,8.44411,3.99
636,0.016,0.0,0.01,0,0.0138508,0.0114049,7.83692,3.814
637,0.289,22.317508,0.066,1,0.0164114,0.0144161,8.46709,4.102
638,0.305,15.814767,0.076,1,0.0148779,0.0158967,9.36446,3.962
639,0.297,17.765956,0.075,1,0.026729,0.0129676,9.07428,3.958
640,0.27,42.413392,0.056,1,0.00992866,0.0113169,7.0744,3.844
641,0.274,14.472578,0.035,1,0.0105992,0.00570539,7.23474,3.834
642,0.215,33.281177,0.036,1,0.0173558,0.00694444,8.2023,4.004
643,0.338,16.268888,0.09,1,0.0247769,0.0201632,10.3224,4.082
644,0.03,0.0,0.01,0,0.0228893,0.0142989,10.2424,4.274
645,0.234,7.496241,0.054,1,0.0163766,0.00671463,9.37615,4.142
646,0.242,9.184697,0.049,1,0.0119966,0.00911528,7.7132,3.696
647,0.262,19.157918,0.078,1,0.0117375,0.00856073,6.75877,3.706
648,0.33,7.899011,0.074,1,0.0157322,0.00920245,7.67492,3.876
649,0.014,0.245429,0.011,0,0.0208026,0.0103788,8.16728,3.814
650,0.015,0.0,0.01,0,0.0158381,0.0097586,8.25259,3.856
651,0.299,9.815753,0.067,1,0.0206191,0.0141576,8.98468,4.178
652,0.26,7.618949,0.073,1,0.0146844,0.00971867,8.12552,3.872
653,0.249,17.059538,0.059,1,0.0128817,0.0115404,8.51168,3.94
654,0.26,21.369024,0.03,1,0.00910207,0.00685293,7.34766,3.768
655,0.294,7.177265,0.073,1,0.0306496,0.021097,10.5943,4.176
656,0.161,18.852407,0.029,1,0.0113698,0.00622084,6.74439,3.834
657,0.204,23.438241,0.052,1,0.0177832,0.00975359,8.13323,3.858
658,0.318,27.113369,0.058,1,0.016446,0.00946215,8.62092,3.978
659,0.243,26.300654,0.052,1,0.0170283,0.0121519,8.66889,3.902
660,0.288,10.599893,0.079,1,0.0185876,0.0178485,8.95776,4.072
661,0.151,24.82662,0.036,1,0.0122659,0.00760264,7.74464,3.916
662,0.269,8.862791,0.073,1,0.0128882,0.0124675,7.46923,3.802
663,0.018,0.221885,0.011,0,0.0176334,0.013979,9.13114,3.95
664,0.023,0.0,0.01,0,0.0170792,0.0137053,8.28139,4.03
665,0.223,16.174634,0.056,1,0.0132313,0.0122888,7.52255,3.858
666,0.188,12.699113,0.027,1,0.0107968,0.00542594,6.51828,3.666
667,0.308,24.02816,0.049,1,0.0144864,0.0116902,7.85904,4.058
668,0.219,18.743189,0.058,1,0.0118958,0.00917431,8.17284,3.888
669,0.291,20.789992,0.065,1,0.0195082,0.00877621,9.00148,4.066
670,0.401,12.464543,0.097,1,0.0148859,0.00714286,7.76721,3.892
671,0.353,11.655661,0.094,1,0.01474,0.00903471,8.69194,4.168
672,0.312,25.635827,0.068,1,0.017303,0.0118871,8.69073,3.99
673,0.272,23.13836,0.054,1,0.0232136,0.0127451,9.30437,4.028
674,0.343,7.102992,0.073,1,0.0177181,0.0166508,9.01064,4.134
675,0.262,19.497676,0.085,1,0.0155009,0.0085213,7.8276,3.956
676,0.264,21.12327,0.047,1,0.0135301,0.00593952,6.62412,3.682
677,0.355,12.948597,0.099,1,0.0126795,0.00853414,8.14633,3.95
678,0.288,15.466414,0.053,1,0.0110667,0.00591716,7.04113,3.696
679,0.02,1.260008,0.013,0,0.0106649,0.0115607,6.58001,3.762
680,0.277,14.156642,0.071,1,0.0137246,0.00818777,6.97744,3.634
681,0.02,0.432105,0.012,0,0.0231217,0.0169574,9.65599,4.058
682,0.346,10.75478,0.064,1,0.0174644,0.0108321,8.46491,4.018
683,0.36,17.086502,0.095,1,0.0169881,0.014245,9.01686,4.152
684,0.219,19.212216,0.044,1,0.0160745,0.0110121,7.52068,3.772
685,0.282,26.29933,0.091,1,0.0209994,0.0121183,10.0942,4.076
686,0.244,16.690052,0.045,1,0.0129618,0.00884035,7.28594,3.812
687,0.047,3.436885,0.017,0,0.0160346,0.0152749,8.12616,3.868
688,0.202,6.305307,0.045,1,0.0169541,0.0094246,8.59489,3.994
689,0.313,10.383414,0.083,1,0.0133228,0.0130624,8.7201,4.08
690,0.248,19.110473,0.065,1,0.0181436,0.0119605,8.26737,3.8
691,0.186,10.386856,0.051,1,0.0149726,0.0125565,9.17243,3.932
692,0.328,10.000385,0.101,1,0.0162752,0.012884,8.69829,3.984
693,0.302,19.706227,0.06,1,0.014661,0.00954294,7.4711,3.944
694,0.417,9.965654,0.136,1,0.020823,0.0147874,9.4606,4.264
695,0.344,22.333295,0.074,1,0.0116976,0.0104112,7.28511,3.802
696,0.39,14.962113,0.116,1,0.024299,0.0207352,10.9321,4.156
697,0.026,1.8835,0.012,0,0.0116315,0.00814775,7.06243,3.652
698,0.287,13.334451,0.075,1,0.0127493,0.0124564,7.36075,3.964
699,0.336,25.705644,0.077,1,0.0158606,0.00927357,7.96724,3.846
700,0.016,0.0,0.01,0,0.020895,0.0155718,9.01335,4.046
701,0.013,0.0,0.01,0,0.018915,0.0108192,7.93021,3.84
702,0.383,16.940804,0.092,1,0.0100811,0.00847458,8.67773,3.978
703,0.259,27.536083,0.038,1,0.0100129,0.0124288,6.91295,3.814
704,0.266,9.322663,0.076,1,0.0224146,0.0159884,9.55539,4.062
705,0.087,19.986891,0.024,1,0.0160563,0.012894,9.76246,4.134
706,0.31,17.797855,0.052,1,0.0128536,0.00892388,8.40625,3.776
707,0.22,17.090229,0.041,1,0.0181593,0.00912779,7.86285,3.908
708,0.269,13.84115,0.071,1,0.00899763,0.00727651,6.63351,3.82
709,0.277,12.383632,0.068,1,0.0132487,0.00868233,7.46625,3.882
710,0.273,13.771212,0.074,1,0.0159621,0.0141879,8.48784,4.03
711,0.183,13.806395,0.037,1,0.0191406,0.00979381,8.32223,3.842
712,0.256,34.959187,0.033,1,0.0171321,0.0147059,9.49602,4.02
713,0.356,19.404834,0.081,1,0.0174823,0.0150659,8.85899,4.184
714,0.316,13.104543,0.09,1,0.0172956,0.00862506,7.81167,3.908
715,0.314,11.784864,0.102,1,0.0203124,0.012444,8.48639,3.968
716,0.205,7.155483,0.055,1,0.0153329,0.00767263,7.66495,3.88
717,0.356,13.583361,0.081,1,0.0145393,0.00883652,8.48242,4.038
718,0.301,12.788845,0.075,1,0.0208902,0.0190095,9.52014,3.922
719,0.248,15.783989,0.063,1,0.0202679,0.012916,8.79014,3.974
720,0.227,26.766658,0.05,1,0.0140958,0.0099108,8.0956,3.996
721,0.392,12.478177,0.103,1,0.0186869,0.01513,9.55689,4.166
722,0.272,16.439108,0.055,1,0.0105117,0.00842549,6.51726,3.766
723,0.293,12.785361,0.076,1,0.0133503,0.006,7.12123,3.976
724,0.199,13.225295,0.05,1,0.0136435,0.0111562,7.89333,3.9
725,0.269,17.720516,0.062,1,0.0152083,0.00773196,7.48052,3.85
726,0.219,10.457029,0.065,1,0.013895,0.00696677,7.34053,3.706
727,0.235,12.110671,0.062,1,0.0122609,0.0102925,6.69622,3.654
728,0.303,28.882131,0.063,1,0.0114305,0.00893326,7.93213,3.772
729,0.295,11.368262,0.089,1,0.0129445,0.0158163,7.44894,3.858
730,0.28,13.324966,0.088,1,0.0186368,0.0148718,9.04997,3.842
731,0.278,15.221295,0.054,1,0.0185045,0.00716113,8.18547,3.882
732,0.32,21.935801,0.07,1,0.0206306,0.0185009,9.48816,4.138
733,0.316,25.793278,0.064,1,0.0142756,0.00822199,7.29534,3.86
734,0.014,0.049606,0.011,0,0.0182851,0.0157895,9.33204,4.114
735,0.255,11.16655,0.051,1,0.0129558,0.0103909,8.1045,4.0
736,0.154,14.758192,0.022,1,0.0114256,0.00667694,6.92399,3.868
737,0.197,13.68924,0.062,1,0.0143748,0.0109718,6.94559,3.786
738,0.326,18.660465,0.062,1,0.0137615,0.00852985,7.94332,3.952
739,0.29,22.190514,0.057,1,0.0180921,0.00659564,7.4525,3.916
740,0.26,7.603533,0.058,1,0.0144551,0.0154814,9.07666,4.07
741,0.33,9.864838,0.088,1,0.0159777,0.0129096,8.31137,3.976
742,0.271,14.074953,0.071,1,0.0149935,0.0113754,7.22071,3.824
743,0.373,9.12774,0.093,1,0.0176392,0.00947631,8.99194,3.972
744,0.279,17.343928,0.042,1,0.0111205,0.0103681,6.78313,3.818
745,0.265,15.820046,0.072,1,0.0168598,0.0161527,8.58706,4.02
746,0.322,9.608848,0.085,1,0.0212369,0.0131643,9.00346,4.048
747,0.329,12.077451,0.081,1,0.011799,0.00896152,7.30319,3.76
748,0.223,12.944683,0.063,1,0.0093972,0.00584795,6.99947,3.74
749,0.26,15.313061,0.071,1,0.0178851,0.0113524,8.29056,4.006
750,0.256,11.783988,0.069,1,0.0178594,0.0119344,8.0312,3.974
751,0.301,9.43408,0.09,1,0.0098668,0.00736067,6.44174,3.776
752,0.36,19.181759,0.093,1,0.0235578,0.0162136,9.62967,4.126
753,0.197,13.392456,0.045,1,0.0119506,0.00823893,7.69003,3.852
754,0.111,20.403409,0.032,1,0.014149,0.00912316,7.48338,3.91
755,0.317,17.552358,0.072,1,0.0185996,0.0120308,9.34925,4.106
756,0.038,0.876857,0.012,0,0.0148246,0.0061665,7.42916,3.868
757,0.272,16.40431,0.059,1,0.0152284,0.0130141,7.37711,3.792
758,0.321,15.084192,0.055,1,0.0191755,0.0155678,10.1874,4.3
759,0.011,0.05148,0.011,0,0.0190239,0.019874,9.51484,4.044
760,0.3,8.263864,0.097,1,0.0198945,0.0126706,9.08045,4.052
761,0.319,7.280859,0.111,1,0.0174072,0.0130751,9.38665,4.076
762,0.022,1.422507,0.012,0,0.0212665,0.0110831,8.62354,3.926
763,0.341,7.175333,0.09,1,0.0173697,0.00935891,9.13746,4.234
764,0.188,6.116327,0.038,1,0.0136397,0.0137125,8.38105,3.884
765,0.3,15.121503,0.072,1,0.0153681,0.0111813,8.25369,4.068
766,0.254,34.566754,0.041,1,0.0125779,0.0110442,8.47513,3.94
767,0.263,16.749336,0.062,1,0.0196922,0.0174672,8.72691,4.05
768,0.267,13.884717,0.051,1,0.0150159,0.011523,9.11353,3.946
769,0.199,26.465764,0.026,1,0.0123378,0.0114713,7.11554,3.964
770,0.021,1.44113,0.012,0,0.0105167,0.010808,7.42092,3.844
771,0.284,13.247166,0.074,1,0.0103933,0.011259,7.61957,3.864
772,0.308,11.187342,0.09,1,0.0234007,0.00804424,8.38216,3.946
773,0.305,15.406644,0.058,1,0.0175716,0.0093412,8.47295,4.03
774,0.294,12.157313,0.078,1,0.0222408,0.0157325,8.96104,4.004
775,0.227,6.299242,0.062,1,0.0188375,0.00894188,9.02055,3.99
776,0.3,11.980258,0.077,1,0.0107956,0.00730308,6.71729,3.806
777,0.214,21.774451,0.046,1,0.00779423,0.00542005,6.29264,3.67
778,0.219,8.948882,0.056,1,0.0162982,0.00773994,8.23193,3.846
779,0.276,29.688075,0.072,1,0.0104005,0.00749064,7.30836,3.71
780,0.264,20.008204,0.059,1,0.017441,0.0173494,9.53261,4.078
781,0.314,16.508466,0.069,1,0.0193608,0.014245,9.40462,4.152
782,0.271,17.028841,0.068,1,0.0129547,0.0130822,7.24443,3.772
783,0.274,13.032153,0.056,1,0.0191614,0.012018,8.5702,3.946
784,0.012,0.271034,0.012,0,0.0110644,0.00962052,6.29196,3.706
785,0.375,13.137843,0.08,1,0.0166811,0.0135593,9.62347,4.074
786,0.047,3.16028,0.015,0,0.0130531,0.00742706,6.51042,3.742
787,0.29,14.955314,0.059,1,0.0144566,0.0103296,8.7669,4.024
788,0.316,17.555556,0.064,1,0.0199799,0.0121396,8.14951,3.906
789,0.374,10.863832,0.082,1,0.018991,0.016055,9.79487,4.29
790,0.248,11.009295,0.058,1,0.0127524,0.00965447,7.72499,3.898
791,0.268,15.302596,0.072,1,0.0145524,0.0117302,8.0544,4.044
792,0.015,0.0,0.01,0,0.0125442,0.00670795,7.20571,3.85
793,0.344,17.290488,0.089,1,0.0180205,0.0150194,8.92573,4.066
794,0.325,13.119217,0.07,1,0.0201139,0.0116162,8.61216,3.914
795,0.344,12.891166,0.076,1,0.0266885,0.0125813,11.2605,4.552
796,0.239,16.803957,0.081,1,0.0145212,0.00917431,8.39558,3.888
797,0.01,0.0,0.01,0,0.0129135,0.0108303,6.90407,3.836
798,0.255,21.688848,0.049,1,0.0122218,0.0130561,8.29838,4.082
799,0.245,20.418984,0.042,1,0.0174827,0.0151134,8.07519,3.91
800,0.19,24.298243,0.04,1,0.00932781,0.00364394,7.05747,3.828
801,0.022,1.333943,0.013,0,0.017266,0.0124564,9.20484,3.964
802,0.014,1.119027,0.011,0,0.0102241,0.0102093,7.11243,3.878
803,0.384,12.498233,0.098,1,0.0185671,0.0159925,10.195,4.184
804,0.261,16.587972,0.078,1,0.0164378,0.0085,7.63893,3.966
805,0.218,28.432439,0.03,1,0.0154731,0.0132856,7.83169,3.862
806,0.325,19.622021,0.081,1,0.0188982,0.0126336,8.5935,4.064
807,0.335,14.901687,0.075,1,0.0168218,0.0176695,8.66991,4.114
808,0.017,2.041894,0.011,0,0.0156451,0.0113402,7.69812,3.836
809,0.237,13.357483,0.062,1,0.0154574,0.0065723,8.49415,3.93
810,0.376,10.048603,0.094,1,0.0159639,0.012789,8.61435,4.014
811,0.223,14.247117,0.035,1,0.0128205,0.0121887,7.03004,3.728
812,0.34,19.709124,0.067,1,0.0184315,0.0118147,8.9517,4.182
813,0.287,29.618889,0.063,1,0.0145708,0.013986,7.71834,3.948
814,0.021,0.281885,0.011,0,0.00838926,0.0059108,5.79892,3.7
815,0.078,13.502348,0.017,1,0.0141181,0.0104063,8.19329,3.994
816,0.022,3.620084,0.011,0,0.0204024,0.0146341,8.73515,4.04
817,0.24,21.588492,0.054,1,0.0111666,0.00987383,6.54903,3.61
818,0.306,15.3318,0.082,1,0.0161537,0.0105263,8.27913,3.948
819,0.268,29.239682,0.063,1,0.0156594,0.009684,8.18374,3.886
820,0.233,7.809219,0.055,1,0.0108127,0.00471451,6.13316,3.8
821,0.235,13.920341,0.028,1,0.0169632,0.00873587,7.51788,3.858
822,0.299,15.281009,0.082,1,0.0197235,0.0161212,9.51589,4.028
823,0.349,28.03674,0.074,1,0.0117212,0.00661241,7.47005,3.906
824,0.249,18.944804,0.049,1,0.0149482,0.00818833,7.76677,3.876
825,0.288,8.436315,0.059,1,0.0111277,0.00695479,7.68734,3.998
826,0.344,13.622031,0.103,1,0.0192124,0.0132809,9.41874,4.012
827,0.319,14.342041,0.061,1,0.0150998,0.012931,8.67589,4.122
828,0.243,7.855818,0.049,1,0.0148065,0.0136852,8.83548,4.036
829,0.158,27.15222,0.023,1,0.0167893,0.013993,8.33198,3.946
830,0.306,14.459875,0.063,1,0.0140583,0.0157729,7.18162,3.744
831,0.402,14.191069,0.094,1,0.0189557,0.0165611,9.79842,4.038
832,0.289,13.653591,0.063,1,0.0140145,0.0104657,7.01851,3.782
833,0.22,11.554289,0.055,1,0.0176555,0.00962513,8.51765,3.91
834,0.247,12.150108,0.058,1,0.0181693,0.0132029,9.32755,4.036
835,0.344,17.87632,0.056,1,0.0163585,0.00895077,8.46563,3.986
836,0.249,22.042437,0.048,1,0.0173903,0.0107896,8.89489,4.034
837,0.272,10.04234,0.06,1,0.0143422,0.00911392,8.01635,3.914
838,0.277,19.708371,0.08,1,0.016559,0.00844773,7.91054,3.756
839,0.335,23.907806,0.079,1,0.0199101,0.0205415,9.12107,4.196
840,0.3,11.922162,0.09,1,0.0147017,0.0120482,8.66,4.1
841,0.181,31.88439,0.043,1,0.0106652,0.00892857,6.708,3.774
842,0.329,20.719137,0.078,1,0.0172905,0.00709939,8.06384,3.916
843,0.274,25.739025,0.048,1,0.0106446,0.00961538,7.7767,3.914
844,0.274,18.534042,0.041,1,0.0112353,0.0104895,8.08733,3.962
845,0.327,7.089703,0.079,1,0.0142323,0.0126968,7.15638,3.888
846,0.238,13.833065,0.053,1,0.0165194,0.012,8.36336,3.952
847,0.26,11.044677,0.052,1,0.0169578,0.0164694,8.23914,3.822
848,0.286,12.670762,0.061,1,0.0119378,0.0131579,8.50564,3.9
849,0.025,4.590122,0.011,0,0.0171787,0.0142157,9.03133,4.022
850,0.188,11.198367,0.038,1,0.0185101,0.00967906,7.92027,3.888
851,0.035,2.277098,0.015,0,0.0127443,0.0122732,6.9946,3.702
852,0.266,21.148005,0.049,1,0.0164068,0.0155466,8.10392,3.926
853,0.366,10.308607,0.11,1,0.0158926,0.0127827,9.30677,4.016
854,0.164,11.827782,0.035,1,0.0111095,0.00632244,7.15907,3.772
855,0.326,14.084934,0.076,1,0.0154215,0.0075339,8.66346,3.952
856,0.287,19.741857,0.066,1,0.0145214,0.00945274,7.88599,3.982
857,0.299,10.930182,0.091,1,0.0169218,0.0103143,8.62233,4.03
858,0.265,11.955072,0.044,1,0.0147927,0.0125755,8.88487,3.926
859,0.282,10.693706,0.071,1,0.00976715,0.0035461,7.18302,3.934
860,0.318,15.51054,0.079,1,0.019695,0.015333,9.63601,4.11
861,0.387,10.306162,0.12,1,0.0174244,0.013315,9.29362,4.298
862,0.293,9.577172,0.072,1,0.018833,0.00747012,8.39237,3.986
863,0.023,1.054816,0.013,0,0.0136758,0.00953337,8.2234,3.948
864,0.022,0.326066,0.012,0,0.0149394,0.0102197,7.67166,3.874
865,0.26,10.853386,0.071,1,0.0209289,0.0200765,9.99902,4.1
866,0.056,0.053043,0.011,0,0.0153578,0.00848303,8.65123,3.974
867,0.379,13.443481,0.086,1,0.0136519,0.0111057,7.72559,4.096
868,0.312,18.153975,0.094,1,0.0232376,0.02,10.2938,4.214
869,0.325,22.33904,0.057,1,0.0129345,0.00914634,7.61231,3.9
870,0.274,4.989765,0.068,1,0.0191207,0.0131259,9.1202,4.06
871,0.158,20.423618,0.037,1,0.0148691,0.0106848,8.71625,4.074
872,0.02,0.0,0.01,0,0.013387,0.00890052,7.22134,3.786
873,0.379,11.982311,0.109,1,0.0157605,0.0136986,8.12004,4.032
874,0.363,13.622129,0.092,1,0.0207647,0.015211,8.92626,4.014
875,0.295,10.113321,0.075,1,0.0179484,0.0127616,8.29679,3.868
876,0.236,10.778124,0.054,1,0.00984394,0.00474934,6.62513,3.772
877,0.251,20.790652,0.058,1,0.00924713,0.0112,6.99946,3.708
878,0.022,0.518124,0.014,0,0.010828,0.00969883,7.28351,3.88
879,0.281,31.309208,0.051,1,0.0110934,0.00683851,6.30244,3.776
880,0.015,1.232505,0.012,0,0.0196353,0.015213,8.81153,3.884
881,0.346,12.078012,0.087,1,0.0178937,0.014014,8.93604,3.94
882,0.011,0.0,0.01,0,0.0136265,0.00913706,7.78227,3.904
883,0.327,12.662346,0.075,1,0.0188589,0.0123701,9.40431,3.992
884,0.347,10.318269,0.113,1,0.0201005,0.0152634,9.552,4.0
885,0.238,25.09178,0.049,1,0.0128979,0.0093216,7.53842,3.826
886,0.266,27.393876,0.045,1,0.0188255,0.0104322,8.47992,3.984
887,0.023,0.0,0.01,0,0.0173533,0.0120482,8.60874,3.936
888,0.316,17.180201,0.055,1,0.0217766,0.0105668,9.29563,4.12
889,0.233,8.373519,0.067,1,0.0144139,0.0113133,8.59453,4.02
890,0.165,30.384389,0.027,1,0.0134645,0.010929,7.60974,3.982
891,0.214,23.688039,0.049,1,0.0162472,0.015121,8.03224,3.908
892,0.015,1.783017,0.011,0,0.0181012,0.0122971,8.08865,4.016
893,0.413,15.802097,0.094,1,0.0162321,0.0106178,9.46634,4.1
894,0.316,11.268698,0.079,1,0.0203164,0.0109576,8.89114,4.152
895,0.315,7.989107,0.09,1,0.0194684,0.0085902,8.1682,3.924
896,0.333,16.776206,0.088,1,0.0158672,0.0125881,8.29169,3.922
897,0.024,0.926813,0.014,0,0.0131912,0.0116456,7.68955,3.904
898,0.303,18.068001,0.074,1,0.0105573,0.00931829,7.73713,4.04
899,0.282,19.445722,0.054,1,0.0194066,0.0123518,9.35718,3.998
900,0.278,19.955346,0.048,1,0.0169326,0.0114599,8.75151,3.968
901,0.27,20.064311,0.07,1,0.01887,0.0104862,8.65366,4.152
902,0.253,11.555162,0.061,1,0.0163978,0.00812595,7.77522,3.906
903,0.262,6.793531,0.07,1,0.0240908,0.0157094,9.75112,4.01
904,0.309,14.242398,0.087,1,0.0167928,0.0142349,8.38422,3.878
905,0.034,1.150568,0.011,0,0.011805,0.00947867,7.29559,3.762
906,0.284,12.627662,0.055,1,0.0146131,0.0114049,7.64342,3.814
907,0.27,15.360315,0.081,1,0.0239691,0.0165289,9.58972,4.046
908,0.272,14.212128,0.074,1,0.0126097,0.0101279,7.30264,3.714
909,0.323,15.507046,0.07,1,0.0143063,0.0114428,8.02063,3.974
910,0.314,13.282716,0.072,1,0.0173077,0.00883652,8.75681,4.038
911,0.367,11.115565,0.083,1,0.0117295,0.0153617,8.23805,3.974
912,0.309,13.643475,0.06,1,0.0167716,0.0148414,8.08416,3.85
913,0.299,7.143307,0.047,1,0.0109561,0.00871795,7.08277,3.866
914,0.231,24.632104,0.045,1,0.0117778,0.0121827,7.85355,3.892
915,0.261,7.139189,0.074,1,0.0135602,0.0116989,7.74267,3.886
916,0.025,0.267553,0.011,0,0.0115367,0.00888657,6.72046,3.792
917,0.27,37.921434,0.045,1,0.0125475,0.0121335,7.95343,3.908
918,0.289,7.047761,0.069,1,0.016082,0.0135952,8.57019,3.918
919,0.057,10.566506,0.017,0,0.00961463,0.00684571,6.78314,3.772
920,0.014,0.0,0.01,0,0.0207393,0.0160226,9.97605,4.176
921,0.31,10.257787,0.072,1,0.0154614,0.012482,9.05542,4.114
922,0.365,11.082309,0.106,1,0.0243386,0.0175522,9.58233,4.142
923,0.013,0.0,0.01,0,0.0133938,0.0114943,7.81342,3.784
924,0.252,13.007863,0.073,1,0.0144983,0.0099453,7.89854,3.982
925,0.243,14.88106,0.055,1,0.0142601,0.0136917,7.46324,3.89
926,0.312,9.844694,0.065,1,0.0156111,0.0132992,8.169,3.858
927,0.108,15.894177,0.023,1,0.0110626,0.00559597,5.7991,3.554
928,0.193,20.823429,0.034,1,0.014652,0.00784519,6.47601,3.794
929,0.295,13.944114,0.062,1,0.0139255,0.00810537,8.14198,3.916
930,0.382,13.841366,0.099,1,0.0132405,0.0127812,7.50958,3.862
931,0.235,11.7963,0.063,1,0.0197299,0.0133929,8.63851,3.978
932,0.333,20.276802,0.074,1,0.0225449,0.012464,9.49563,4.12
933,0.379,13.267886,0.092,1,0.0160502,0.0141326,8.50025,4.046
934,0.016,0.665105,0.014,0,0.0155064,0.0142494,7.89055,3.874
935,0.272,19.087009,0.056,1,0.0136017,0.00668724,7.53858,3.862
936,0.158,17.500388,0.039,1,0.0104381,0.0084122,6.7052,3.772
937,0.326,25.356597,0.061,1,0.0152184,0.0125188,8.49696,3.944
938,0.29,24.114984,0.067,1,0.011143,0.0065261,7.75442,3.958
939,0.292,21.438503,0.065,1,0.0139361,0.0125725,8.64447,4.084
940,0.28,9.410908,0.079,1,0.0132939,0.00978373,7.39314,3.846
941,0.019,0.863507,0.013,0,0.011928,0.0101523,7.09385,3.9
942,0.289,17.053124,0.084,1,0.0152832,0.0128268,8.33833,4.002
943,0.316,11.34693,0.072,1,0.0132994,0.0113461,7.17788,3.834
944,0.352,13.709086,0.095,1,0.0244239,0.0145985,10.4065,4.32
945,0.244,25.728075,0.047,1,0.0133072,0.00983437,7.18871,3.826
946,0.297,9.019292,0.072,1,0.0185698,0.0154664,9.04124,4.074
947,0.306,10.282691,0.099,1,0.0117662,0.00867347,7.87339,3.886
948,0.28,13.089551,0.067,1,0.0194583,0.0137188,8.27173,4.026
949,0.22,8.386023,0.059,1,0.0164835,0.0145349,9.03736,4.068
950,0.154,21.722746,0.026,1,0.00848723,0.00750268,6.87095,3.704
951,0.309,12.338724,0.071,1,0.017673,0.0123031,9.47285,4.014
952,0.243,12.258319,0.048,1,0.0120685,0.0120735,7.26461,3.764
953,0.025,0.0,0.01,0,0.0114253,0.00694816,6.64209,3.716
954,0.362,11.30707,0.096,1,0.0194308,0.0120598,9.57422,4.096
955,0.184,35.570614,0.029,1,0.00987467,0.008647,8.1057,3.898
956,0.011,0.0,0.01,0,0.0119547,0.0104712,7.43545,3.78
957,0.232,18.443082,0.058,1,0.0144822,0.00663604,7.77081,3.892
958,0.416,14.013561,0.081,1,0.0114344,0.010015,7.96257,3.954
959,0.262,10.661585,0.062,1,0.0151526,0.0131996,7.4152,3.738
960,0.285,8.934416,0.075,1,0.0173517,0.0164918,8.25813,3.936
961,0.023,2.247385,0.013,0,0.0180661,0.0119979,7.71542,3.788
962,0.258,21.863125,0.058,1,0.0153464,0.0110526,7.07451,3.758
963,0.299,19.816518,0.077,1,0.0132879,0.00912779,7.51024,3.908
964,0.281,32.040774,0.083,1,0.0206349,0.0117994,9.40299,4.02
965,0.299,10.50525,0.097,1,0.0187656,0.0123267,8.14717,3.846
966,0.322,14.630953,0.089,1,0.0119415,0.0123633,9.19259,4.154
967,0.258,14.751735,0.067,1,0.0121776,0.0129741,8.09555,3.956
968,0.363,15.587626,0.086,1,0.0172227,0.013494,9.44553,4.094
969,0.31,21.7414,0.047,1,0.0144284,0.00838678,8.06866,4.02
970,0.289,16.203623,0.069,1,0.0171909,0.0139319,8.03611,3.822
971,0.14,18.864183,0.022,1,0.0187785,0.0118227,8.52144,4.012
972,0.349,12.846116,0.1,1,0.0213357,0.012218,9.76641,4.204
973,0.303,23.434508,0.076,1,0.0163868,0.00801603,8.69141,3.96
974,0.253,8.119729,0.072,1,0.0172014,0.0141916,7.98046,3.89
975,0.015,0.0,0.01,0,0.0156879,0.0114833,8.42304,4.132
976,0.296,11.582902,0.065,1,0.0168269,0.00918367,8.35427,3.884
977,0.067,8.522511,0.022,1,0.0111477,0.00669413,7.39399,3.858
978,0.175,6.221225,0.044,1,0.0169696,0.0158807,9.33643,4.09
979,0.337,10.519705,0.085,1,0.0124931,0.00971867,7.44215,3.872
980,0.292,33.592878,0.072,1,0.0155929,0.0167004,8.02059,3.886
981,0.276,8.70519,0.067,1,0.014932,0.0103653,9.01845,4.01
982,0.247,14.378047,0.051,1,0.0110461,0.0118496,7.92961,3.836
983,0.337,11.21931,0.096,1,0.0201609,0.0121951,10.0332,4.212
984,0.337,10.538884,0.067,1,0.0129795,0.0101646,8.47677,4.09
985,0.396,17.878842,0.076,1,0.0150683,0.0180841,8.42359,4.018
986,0.322,10.319017,0.089,1,0.0139759,0.0157143,9.03483,4.134
987,0.265,12.431351,0.06,1,0.0144791,0.0175088,8.65071,3.928
988,0.234,23.800306,0.047,1,0.0173191,0.0121242,8.92882,4.074
989,0.321,21.243987,0.054,1,0.0214259,0.0145419,7.98918,4.066
990,0.179,27.391288,0.042,1,0.0137563,0.0132114,8.19773,3.884
991,0.393,17.031156,0.092,1,0.0185768,0.0125581,9.43241,4.246
992,0.35,13.956451,0.093,1,0.0139085,0.00823045,7.7194,3.856
993,0.224,25.688652,0.04,1,0.00723091,0.00618238,7.52773,3.858
994,0.288,21.690276,0.066,1,0.0156742,0.0110943,8.58899,3.922
995,0.263,40.826788,0.035,1,0.0118326,0.00510725,7.02823,3.896
996,0.013,0.0,0.01,0,0.0255037,0.0160403,10.5193,4.294
997,0.326,10.954069,0.076,1,0.0200103,0.0117316,10.1087,4.212
998,0.307,9.603223,0.081,1,0.0159865,0.0107914,8.28623,3.85
999,0.384,13.466971,0.104,1,0.0204522,0.0169014,9.52674,4.188
1000,0.028,0.045216,0.011,0,0.0117842,0.0146062,7.68184,3.778
1001,0.259,7.354406,0.046,1,0.0153817,0.00929095,7.89388,4.052
1002,0.314,11.914859,0.087,1,0.0135723,0.00974659,8.48474,4.064
1003,0.374,13.724799,0.076,1,0.0224197,0.0118878,9.53032,4.156
1004,0.361,10.541938,0.103,1,0.0147096,0.00947631,8.01007,3.972
1005,0.222,16.300576,0.039,1,0.0182815,0.0105158,8.30466,3.952
1006,0.349,7.49057,0.068,1,0.0147361,0.014206,7.75347,3.886
1007,0.011,0.0,0.01,0,0.0129171,0.00830306,6.80586,3.822
1008,0.29,12.993967,0.064,1,0.0208203,0.00951022,9.20019,4.166
1009,0.018,0.553693,0.012,0,0.0147988,0.0147203,8.27839,4.016
1010,0.203,8.374206,0.058,1,0.0133543,0.00768049,7.88235,3.876
1011,0.297,15.933515,0.065,1,0.0157216,0.0102992,8.41576,4.036
1012,0.259,29.992677,0.047,1,0.00697314,0.00702703,6.32335,3.674
1013,0.178,8.276012,0.047,1,0.0138851,0.00569358,7.6481,3.842
1014,0.233,14.61874,0.054,1,0.0108145,0.00717581,6.73103,3.874
1015,0.272,17.105606,0.061,1,0.01797,0.0105112,8.70594,4.142
1016,0.299,12.523593,0.059,1,0.020652,0.0155881,9.47985,4.168
1017,0.306,12.049447,0.062,1,0.0129327,0.0111055,8.1705,3.918
1018,0.279,39.523476,0.054,1,0.0110518,0.0162003,9.34631,4.008
1019,0.257,11.08434,0.066,1,0.0180914,0.0118519,8.03848,4.002
1020,0.266,9.206895,0.07,1,0.0160333,0.00969388,7.80835,3.882
1021,0.336,18.593453,0.069,1,0.0155471,0.00950475,7.69899,3.96
1022,0.221,18.159413,0.053,1,0.0180034,0.0105516,9.2889,4.126
1023,0.333,28.697286,0.056,1,0.0183566,0.0108055,8.52036,4.028
1024,0.012,0.0,0.01,0,0.0227724,0.0124521,9.5194,4.124
1025,0.284,25.702436,0.064,1,0.0136455,0.00401606,8.31099,3.968
1026,0.293,23.12084,0.063,1,0.0127376,0.015744,7.65635,3.876
1027,0.282,14.032745,0.092,1,0.0121405,0.0077135,6.44864,3.602
1028,0.365,14.778124,0.098,1,0.0142399,0.0121536,8.29429,4.064
1029,0.346,29.470368,0.075,1,0.0168456,0.0105263,9.20213,3.948
1030,0.066,9.980264,0.014,1,0.0113805,0.00785752,7.0982,3.788
1031,0.018,1.080519,0.013,0,0.0126625,0.0129803,7.85166,3.802
1032,0.025,1.680197,0.011,0,0.0204796,0.0086558,8.80277,3.894
1033,0.258,41.502007,0.048,1,0.0148472,0.00917899,7.1755,3.886
1034,0.306,26.161103,0.086,1,0.024265,0.0151803,9.94557,4.152
1035,0.204,36.383155,0.047,1,0.00918716,0.00693333,6.13802,3.724
1036,0.24,21.363626,0.046,1,0.0114207,0.00791139,6.56353,3.762
1037,0.359,12.351681,0.1,1,0.0176334,0.0147348,8.99003,4.012
1038,0.059,9.062314,0.019,0,0.0178271,0.0103858,8.32584,4.002
1039,0.297,13.545043,0.056,1,0.0140076,0.0108192,7.91979,3.84
1040,0.249,19.054954,0.054,1,0.0176638,0.0140436,9.34283,4.072
1041,0.31,21.929785,0.074,1,0.0169404,0.0092545,7.99533,3.854
1042,0.289,15.948615,0.07,1,0.0160761,0.00792472,8.6645,4.006
1043,0.275,12.06378,0.083,1,0.0141307,0.0160321,8.53971,3.928
1044,0.233,14.610114,0.064,1,0.0130994,0.00958977,7.02205,3.718
1045,0.306,9.139221,0.073,1,0.0191453,0.0141051,9.43118,4.054
1046,0.258,13.021156,0.056,1,0.013374,0.012884,8.55823,3.984
1047,0.023,0.0,0.01,0,0.0102872,0.0124224,7.33648,3.816
1048,0.287,10.309081,0.093,1,0.0140115,0.00813008,8.46528,4.148
1049,0.281,6.765721,0.059,1,0.01511,0.0116618,8.78515,4.068
1050,0.336,14.19487,0.079,1,0.021728,0.0104948,8.85606,3.96
1051,0.022,1.413859,0.013,0,0.0137313,0.00488043,7.82197,4.078
1052,0.35,18.224372,0.084,1,0.0158089,0.0134529,9.00909,3.96
1053,0.359,28.569261,0.088,1,0.0209039,0.0144725,9.65372,4.222
1054,0.268,23.47993,0.065,1,0.0155111,0.0126968,8.25772,3.888
1055,0.283,12.980877,0.061,1,0.0164374,0.0108374,8.18028,4.016
1056,0.278,10.776506,0.048,1,0.01915,0.0154229,9.02425,3.958
1057,0.312,11.352675,0.072,1,0.0137673,0.00844091,8.29294,3.994
1058,0.283,34.473659,0.033,1,0.0160111,0.00916031,7.79507,3.894
1059,0.347,18.108748,0.101,1,0.0155813,0.0135135,8.57192,4.088
1060,0.255,34.321438,0.051,1,0.0123185,0.00994244,7.20825,3.784
1061,0.35,20.700658,0.087,1,0.0127237,0.0091047,7.70291,3.918
1062,0.278,15.01086,0.06,1,0.0171854,0.0104948,7.93485,3.96
1063,0.254,28.704516,0.064,1,0.0152005,0.0116633,8.10108,3.898
1064,0.277,10.990013,0.074,1,0.0163129,0.0101112,7.79571,3.916
1065,0.321,16.415809,0.073,1,0.0161212,0.0132159,9.13839,4.032
1066,0.017,0.052219,0.011,0,0.0133929,0.00942902,7.22581,3.782
1067,0.297,15.363964,0.085,1,0.0103877,0.0102775,7.64746,3.852
1068,0.174,12.434082,0.04,1,0.00905172,0.00949868,6.18007,3.754
1069,0.269,19.295238,0.076,1,0.0198914,0.0173182,8.80916,3.972
1070,0.238,30.056798,0.037,1,0.0114717,0.00829187,5.97659,3.588
1071,0.263,9.41321,0.062,1,0.0181354,0.00957661,8.1659,3.93
1072,0.031,0.0,0.01,0,0.0227523,0.0152362,8.43218,3.878
1073,0.018,1.479226,0.014,0,0.011305,0.00813835,7.34872,3.9
1074,0.274,13.926409,0.059,1,0.0160874,0.012023,7.79471,3.78
1075,0.323,12.599496,0.104,1,0.0213325,0.0141812,10.2455,4.31
1076,0.227,12.895309,0.063,1,0.019226,0.0135487,8.49023,3.786
1077,0.021,0.515818,0.012,0,0.0165997,0.0110775,7.72963,3.928
1078,0.27,8.754116,0.082,1,0.0195278,0.010779,8.9787,4.038
1079,0.254,19.205149,0.07,1,0.0170023,0.0116811,8.52312,3.892
1080,0.308,11.440364,0.075,1,0.0174223,0.0110468,7.60213,3.76
1081,0.25,7.852774,0.051,1,0.012149,0.0123584,7.85349,3.836
1082,0.237,14.996315,0.046,1,0.0105966,0.0100636,6.9679,3.738
1083,0.028,0.521033,0.013,0,0.0117035,0.0101822,7.07796,3.694
1084,0.313,43.240738,0.04,1,0.0206805,0.0182254,9.92135,4.094
1085,0.288,33.171781,0.055,1,0.0101063,0.00921659,6.90336,3.87
1086,0.349,8.944334,0.104,1,0.0182356,0.0129434,9.02865,4.118
1087,0.264,10.544361,0.065,1,0.0179362,0.0152035,8.66285,4.016
1088,0.311,9.959196,0.099,1,0.0176218,0.0141443,9.68867,4.182
1089,0.325,18.142162,0.068,1,0.0158849,0.00869121,7.59722,3.878
1090,0.332,13.994233,0.095,1,0.0175985,0.0085,8.42461,3.966
1091,0.193,41.037694,0.029,1,0.00895894,0.00861141,6.54452,3.684
1092,0.259,16.462561,0.06,1,0.0175201,0.0144161,9.35056,4.102
1093,0.043,2.500858,0.024,0,0.0108503,0.0134078,7.0453,3.532
1094,0.273,25.442176,0.077,1,0.0226877,0.0112911,9.12612,4.028
1095,0.018,0.030663,0.011,0,0.0149016,0.0121396,8.04045,3.906
1096,0.233,6.762237,0.061,1,0.0148678,0.00972862,8.45088,3.868
1097,0.304,23.593425,0.077,1,0.0132335,0.0104767,7.92059,3.778
1098,0.257,18.332473,0.074,1,0.0214575,0.0150705,9.86821,4.052
1099,0.374,14.703005,0.099,1,0.0114745,0.0153314,7.87896,3.982
1100,0.33,23.50537,0.07,1,0.0139612,0.00814664,7.39066,3.896
1101,0.13,9.472594,0.032,1,0.00736083,0.00644815,7.05354,3.698
1102,0.319,18.049046,0.075,1,0.0106045,0.00368615,5.98097,3.784
1103,0.335,9.578265,0.084,1,0.0195496,0.0118343,8.72954,4.008
1104,0.144,7.596393,0.054,1,0.0137705,0.0114599,8.45514,3.968
1105,0.249,14.61368,0.05,1,0.013417,0.0122825,7.76218,3.86
1106,0.341,11.812431,0.091,1,0.0142076,0.00798802,7.54504,3.974
1107,0.36,11.68242,0.102,1,0.0185206,0.0132029,8.99009,4.036
1108,0.418,13.580057,0.108,1,0.0167797,0.0115274,9.38241,4.116
1109,0.348,12.061347,0.071,1,0.0168067,0.00833742,8.65134,4.044
1110,0.31,14.299108,0.061,1,0.0155391,0.0117768,8.20259,3.86
1111,0.265,44.113721,0.03,1,0.0111176,0.0123153,8.4788,4.01
1112,0.289,10.95071,0.081,1,0.0169718,0.0103296,8.17048,4.024
1113,0.24,38.753026,0.054,1,0.013888,0.0140987,7.83299,3.916
1114,0.258,11.583418,0.039,1,0.0111987,0.00856855,7.35435,3.934
1115,0.275,22.1645,0.075,1,0.0142274,0.00770812,7.86225,3.862
1116,0.337,11.161663,0.089,1,0.0199426,0.0132288,9.85948,4.028
1117,0.24,11.007217,0.076,1,0.0178234,0.0127877,9.33161,3.86
1118,0.404,10.682939,0.125,1,0.0176202,0.00764453,8.52528,4.154
1119,0.02,0.842936,0.012,0,0.0101391,0.00829876,6.65429,3.824
1120,0.249,27.068503,0.063,1,0.0196794,0.0121396,8.97645,3.906
1121,0.201,17.964837,0.033,1,0.00669583,0.00482833,6.03827,3.71
1122,0.215,26.024622,0.035,1,0.013776,0.00590763,7.17666,3.702
1123,0.271,10.152286,0.064,1,0.0144519,0.00991132,7.10906,3.796
1124,0.313,18.642465,0.08,1,0.0198941,0.0146628,9.2753,4.032
1125,0.253,9.836529,0.061,1,0.015813,0.0103466,8.42969,3.826
1126,0.139,10.891276,0.024,1,0.0160651,0.00719424,7.44255,3.864
1127,0.017,0.0,0.01,0,0.015242,0.0141911,8.59453,4.168
1128,0.247,18.106616,0.055,1,0.0136392,0.00838135,7.55256,3.786
1129,0.25,15.644173,0.062,1,0.0141254,0.0108642,7.74039,4.006
1130,0.295,12.74202,0.087,1,0.0131044,0.00673924,6.93006,3.832
1131,0.185,10.94232,0.036,1,0.0132487,0.00969388,7.46625,3.882
1132,0.336,14.125791,0.069,1,0.0153962,0.0100654,8.12303,3.934
1133,0.313,12.278022,0.074,1,0.0251729,0.0120831,9.62035,4.088
1134,0.059,7.980172,0.019,0,0.0108124,0.0120989,7.09159,3.756
1135,0.021,0.454037,0.013,0,0.01533,0.00628931,7.43143,3.792
1136,0.343,19.997467,0.057,1,0.0190153,0.0106952,9.69091,4.07
1137,0.202,18.744145,0.035,1,0.0194377,0.010015,8.50936,3.954
1138,0.08,5.989419,0.029,1,0.00918635,0.011488,6.3254,3.614
1139,0.337,26.113805,0.077,1,0.0162073,0.00749251,8.19779,3.974
1140,0.307,17.709448,0.073,1,0.0183953,0.0117536,9.15509,4.204
1141,0.356,15.008657,0.085,1,0.0199602,0.0105422,8.92187,3.942
1142,0.039,0.089457,0.011,0,0.0116676,0.0118618,6.57568,3.832
1143,0.261,8.577024,0.068,1,0.0189194,0.0149626,8.9119,3.95
1144,0.297,9.884136,0.071,1,0.016184,0.00934579,8.00745,4.028
1145,0.024,0.0,0.01,0,0.0159533,0.00706714,7.74377,3.934
1146,0.28,23.653752,0.051,1,0.0136372,0.00837026,7.86445,4.028
1147,0.282,16.823757,0.07,1,0.0182765,0.0148752,8.79493,4.106
1148,0.235,26.945682,0.046,1,0.0187247,0.0102617,8.05651,3.858
1149,0.284,16.692762,0.063,1,0.0172957,0.0158122,10.0492,4.108
1150,0.346,16.656714,0.088,1,0.0172799,0.0119048,8.54116,3.984
1151,0.262,17.633196,0.048,1,0.0116938,0.00976362,7.32226,3.854
1152,0.219,24.926615,0.031,1,0.0143559,0.00989068,8.35016,3.804
1153,0.225,7.949156,0.044,1,0.0154476,0.0104767,8.01906,3.778
1154,0.138,8.74661,0.033,1,0.0064257,0.00828272,6.23886,3.592
1155,0.022,0.0,0.01,0,0.0119539,0.00930714,7.46608,3.832
1156,0.259,22.573867,0.047,1,0.00884744,0.00874936,6.51402,3.852
1157,0.013,0.0,0.01,0,0.0198482,0.0116335,9.04365,4.078
1158,0.19,11.17005,0.06,1,0.0163746,0.0152362,8.50387,3.878
1159,0.264,7.960104,0.083,1,0.0145531,0.0113078,7.99552,4.022
1160,0.346,10.841464,0.095,1,0.0164622,0.0117592,8.84722,4.202
1161,0.277,18.26313,0.048,1,0.0201394,0.0122429,9.60089,4.034
1162,0.252,12.290879,0.066,1,0.0154939,0.00552209,7.81928,3.962
1163,0.344,20.23315,0.085,1,0.0123519,0.0169492,8.00558,3.944
1164,0.304,22.764712,0.058,1,0.0153481,0.0159547,8.58734,3.824
1165,0.02,0.0,0.01,0,0.0128287,0.0081591,7.21388,3.89
1166,0.318,11.329954,0.091,1,0.0194363,0.0103481,9.83032,4.208
1167,0.348,46.228285,0.069,1,0.0155246,0.014861,8.55718,4.11
1168,0.011,0.0,0.01,0,0.01216,0.00753498,6.95716,3.688
1169,0.304,22.216782,0.063,1,0.0126118,0.0124626,8.52549,3.962
1170,0.35,18.966937,0.094,1,0.0240798,0.00978474,9.35623,4.048
1171,0.225,27.267663,0.041,1,0.0133209,0.0057232,7.30665,3.822
1172,0.283,17.18532,0.071,1,0.0165267,0.00951374,7.9429,3.748
1173,0.267,8.343834,0.079,1,0.0188985,0.00803213,8.75658,3.952
1174,0.288,18.090686,0.07,1,0.0152014,0.00861632,8.07157,3.912
1175,0.37,14.601214,0.097,1,0.0200704,0.0125725,8.49119,4.084
1176,0.252,9.580818,0.066,1,0.0160526,0.0180505,7.7542,3.808
1177,0.274,15.43637,0.071,1,0.0166539,0.00494805,7.79314,4.022
1178,0.245,16.447245,0.072,1,0.0143254,0.00945875,7.4435,3.77
1179,0.152,14.899918,0.03,1,0.0166362,0.0115288,8.3215,3.944
1180,0.293,21.370519,0.048,1,0.0107436,0.0123393,7.41333,3.842
1181,0.284,11.021066,0.079,1,0.0200233,0.0104322,8.19829,3.984
1182,0.254,9.406259,0.058,1,0.0124174,0.0121827,7.69733,3.892
1183,0.232,40.532609,0.043,1,0.015326,0.0095339,6.59465,3.74
1184,0.023,0.697946,0.014,0,0.0128659,0.00953337,7.44174,3.948
1185,0.304,13.420348,0.071,1,0.0254525,0.0153037,9.44536,4.118
1186,0.358,19.305535,0.083,1,0.0182764,0.0134293,9.25668,4.114
1187,0.353,10.812013,0.093,1,0.0187272,0.0112518,8.58321,4.218
1188,0.23,16.079547,0.046,1,0.0133708,0.0101989,7.51365,3.882
1189,0.397,10.626646,0.11,1,0.0185934,0.0132483,9.22675,4.022
1190,0.351,13.107982,0.107,1,0.013838,0.0163099,8.2,3.86
1191,0.294,15.104573,0.078,1,0.0102912,0.00717949,7.67924,3.872
1192,0.24,10.351085,0.062,1,0.0152349,0.0126904,8.40308,3.89
1193,0.318,11.606264,0.085,1,0.0121056,0.00929752,7.10636,3.836
1194,0.251,11.519974,0.07,1,0.0140121,0.0116162,8.64282,3.914
1195,0.256,14.710831,0.054,1,0.0105495,0.00627287,7.62914,3.802
1196,0.167,11.359447,0.048,1,0.015885,0.0091047,8.09801,3.918
1197,0.143,17.481569,0.035,1,0.0227298,0.010043,8.54396,4.14
1198,0.273,13.987655,0.05,1,0.0103806,0.0101833,7.1358,3.888
1199,0.251,32.543467,0.038,1,0.0151356,0.00884495,7.49134,3.81
1200,0.309,11.054485,0.078,1,0.0121588,0.01,7.97525,3.96
1201,0.323,14.650896,0.064,1,0.0145023,0.0139759,8.89736,4.092
1202,0.216,22.39622,0.044,1,0.0141136,0.0124805,8.17114,3.798
1203,0.361,25.704867,0.066,1,0.015943,0.01,8.36313,3.96
1204,0.285,10.085987,0.103,1,0.0203437,0.0143849,9.72219,3.974
1205,0.285,11.605768,0.067,1,0.0159372,0.01059,8.44292,3.924
1206,0.084,5.383987,0.031,1,0.01205,0.00938967,6.94839,3.798
1207,0.181,23.904084,0.043,1,0.0157039,0.008647,8.42945,3.898
1208,0.296,12.979789,0.06,1,0.0109137,0.00857719,7.2743,3.93
1209,0.312,10.696347,0.062,1,0.0136143,0.00753012,8.13657,3.954
1210,0.251,10.947341,0.058,1,0.0183229,0.0199223,9.01041,4.034
1211,0.36,12.879623,0.081,1,0.0177037,0.0149326,8.53496,4.09
1212,0.095,11.990036,0.018,1,0.0141567,0.0119543,7.80326,3.802
1213,0.282,24.467102,0.055,1,0.0143849,0.0165746,9.2666,3.916
1214,0.289,15.453757,0.051,1,0.0133015,0.00959112,7.47197,3.924
1215,0.248,38.484967,0.031,1,0.0145861,0.00993542,7.63673,3.986
1216,0.01,0.0,0.01,0,0.00995996,0.00606395,5.67998,3.606
1217,0.263,29.547593,0.054,1,0.016572,0.0127841,9.11655,4.17
1218,0.368,16.882838,0.098,1,0.0173437,0.00843882,9.15981,4.23
1219,0.171,22.824928,0.031,1,0.0145586,0.00946372,6.89066,3.768
1220,0.369,10.2367,0.105,1,0.0155499,0.0119847,8.98641,4.122
1221,0.293,14.24094,0.068,1,0.0200362,0.0139155,9.39903,4.11
1222,0.253,16.514187,0.064,1,0.0151075,0.0113227,8.06299,3.842
1223,0.237,10.880699,0.057,1,0.0176706,0.0165165,8.38066,3.93
1224,0.139,5.520566,0.042,1,0.0083941,0.0111643,6.34086,3.72
1225,0.319,13.145137,0.08,1,0.0198602,0.0111219,9.23325,4.09
1226,0.327,24.871392,0.057,1,0.0134043,0.00856855,7.16828,3.934
1227,0.168,10.451127,0.036,1,0.017146,0.0106007,8.48061,3.92
1228,0.127,6.997349,0.027,1,0.0150545,0.0112936,7.86345,3.852
1229,0.038,0.644894,0.014,0,0.0178432,0.00990589,8.32666,3.998
1230,0.348,15.421997,0.079,1,0.0144975,0.0113052,7.95894,3.848
1231,0.254,19.837265,0.068,1,0.0156598,0.0107362,8.11835,3.87
1232,0.332,9.274933,0.103,1,0.0120007,0.0142717,8.86121,4.006
1233,0.242,10.882335,0.064,1,0.0147517,0.0151362,8.54303,3.904
1234,0.391,10.135108,0.133,1,0.0203238,0.0145388,10.4804,4.338
1235,0.292,16.544456,0.09,1,0.0151894,0.00843672,8.2047,3.996
1236,0.325,19.063831,0.072,1,0.0192777,0.0151947,9.07907,4.148
1237,0.27,26.234187,0.051,1,0.0156105,0.0151436,7.43849,3.772
1238,0.289,13.912308,0.083,1,0.0111628,0.0121642,7.72191,3.898
1239,0.272,15.677942,0.084,1,0.0204572,0.0114049,9.38175,3.814
1240,0.349,22.315023,0.093,1,0.0175932,0.0147493,8.50898,4.008
1241,0.408,10.473535,0.108,1,0.0205752,0.019222,9.86561,4.286
1242,0.244,12.458495,0.055,1,0.0155507,0.0129225,8.2568,3.972
1243,0.331,6.341211,0.096,1,0.017336,0.0222327,10.0464,4.134
1244,0.316,12.053002,0.08,1,0.01861,0.0136295,8.49744,3.908
1245,0.19,14.564115,0.054,1,0.0135187,0.011988,7.85339,3.956
1246,0.364,11.764646,0.096,1,0.0203328,0.0137571,9.50986,4.158
1247,0.026,1.445846,0.018,0,0.0157058,0.014206,7.86464,3.886
1248,0.275,18.616141,0.056,1,0.013055,0.00796813,7.38303,3.984
1249,0.312,20.109053,0.079,1,0.017271,0.0110737,9.6407,4.108
1250,0.318,14.288891,0.092,1,0.0168529,0.0127953,8.25274,4.012
1251,0.017,0.101153,0.011,0,0.0159489,0.0153162,8.3999,3.986
1252,0.293,19.363528,0.074,1,0.0158842,0.00815494,8.0555,3.892
1253,0.239,9.076731,0.057,1,0.0145739,0.0113693,8.131,4.0
1254,0.267,19.798069,0.052,1,0.0134331,0.0112414,7.72763,4.046
1255,0.237,11.136868,0.066,1,0.0183636,0.0169407,8.3629,3.946
1256,0.113,66.881242,0.014,1,0.00818182,0.00481799,6.50888,3.718
1257,0.245,17.55063,0.056,1,0.0170742,0.00992063,8.01052,3.992
1258,0.302,22.558806,0.075,1,0.0190785,0.00917899,8.25476,3.886
1259,0.271,13.911589,0.066,1,0.0163001,0.0120785,7.8757,3.926
1260,0.32,14.374359,0.062,1,0.0111548,0.00602712,7.20263,3.958
1261,0.16,24.324872,0.037,1,0.0186744,0.0123031,8.64474,4.014
1262,0.229,17.364053,0.061,1,0.0132078,0.0114703,6.94831,3.792
1263,0.049,7.005398,0.017,0,0.0101992,0.00867209,6.91525,3.658
1264,0.229,20.46246,0.056,1,0.0174483,0.010929,8.11753,3.982
1265,0.345,9.135343,0.08,1,0.0186934,0.0193032,9.70763,4.166
1266,0.325,11.593222,0.093,1,0.0200191,0.0105793,8.54582,3.928
1267,0.291,43.808458,0.041,1,0.0149026,0.0055668,7.68346,3.93
1268,0.283,5.648183,0.069,1,0.0129724,0.011622,8.15798,3.912
1269,0.259,25.527507,0.039,1,0.0138672,0.0106383,8.19713,3.906
1270,0.207,27.862432,0.039,1,0.0174746,0.0115986,8.14592,3.92
1271,0.315,10.886179,0.065,1,0.013126,0.0105,7.50682,3.958
1272,0.243,16.772085,0.055,1,0.0159784,0.00795756,7.73102,3.74
1273,0.278,10.807738,0.05,1,0.0152627,0.0114828,8.53737,3.96
1274,0.302,28.648264,0.064,1,0.016207,0.0104004,7.39254,3.806
1275,0.032,0.281175,0.013,0,0.00666054,0.00474433,6.91843,3.776
1276,0.259,34.053148,0.041,1,0.0175032,0.0135205,7.49921,3.794
1277,0.018,0.732055,0.013,0,0.00944182,0.00561482,6.09994,3.542
1278,0.278,17.017084,0.032,1,0.013493,0.00863382,8.08709,3.904
1279,0.266,10.880945,0.046,1,0.0145442,0.014174,8.79474,4.034
1280,0.238,6.011682,0.078,1,0.0144864,0.0125063,8.07801,3.948
1281,0.148,11.942513,0.036,1,0.0146587,0.00925926,7.11942,3.852
1282,0.291,11.721584,0.059,1,0.0231123,0.0200382,10.1743,4.108
1283,0.265,30.407754,0.061,1,0.0233102,0.0113519,8.93372,3.832
1284,0.02,0.0,0.01,0,0.0192174,0.0129559,9.78999,4.114
1285,0.354,10.807395,0.102,1,0.0178126,0.0153314,8.45907,3.982
1286,0.186,14.490004,0.055,1,0.0146687,0.0104396,6.81344,3.602
1287,0.038,2.73527,0.017,0,0.0177159,0.0113749,8.97949,3.998
1288,0.016,0.462818,0.012,0,0.0112638,0.0114286,7.41776,3.806
1289,0.31,10.79385,0.077,1,0.0186906,0.0124283,9.16747,4.132
1290,0.322,17.656707,0.07,1,0.0166728,0.00830078,8.06204,4.062
1291,0.252,19.004999,0.049,1,0.0134628,0.0111392,7.64465,3.906
1292,0.241,12.937452,0.064,1,0.0187669,0.0103252,8.08868,3.834
1293,0.195,24.692873,0.04,1,0.0166352,0.00816743,8.16778,3.886
1294,0.357,25.060099,0.069,1,0.0155237,0.00904068,7.73796,3.946
1295,0.154,22.702887,0.038,1,0.00953199,0.00637281,6.22394,3.742
1296,0.141,11.589941,0.044,1,0.010452,0.00601422,5.68372,3.636
1297,0.339,22.131694,0.07,1,0.0120015,0.0115869,8.0265,3.924
1298,0.049,7.570048,0.018,0,0.0139688,0.0119605,7.68632,3.8
1299,0.273,15.34842,0.062,1,0.0198399,0.00671463,10.0758,4.142
1300,0.027,0.312647,0.013,0,0.0116755,0.00563525,7.678,3.882
1301,0.016,0.0,0.01,0,0.0187846,0.00724288,9.47665,4.112
1302,0.379,12.417097,0.095,1,0.0195693,0.0151587,10.0284,4.158
1303,0.17,8.553716,0.041,1,0.00905319,0.00658256,5.85533,3.622
1304,0.281,14.775907,0.057,1,0.013341,0.00733368,7.35726,3.79
1305,0.023,0.500493,0.013,0,0.0137632,0.00753012,8.15883,3.954
1306,0.31,13.292566,0.066,1,0.0173605,0.0104012,8.90841,3.996
1307,0.286,9.689289,0.089,1,0.0138257,0.0123335,8.02048,4.004
1308,0.191,15.196035,0.042,1,0.0119048,0.00994036,7.59036,3.984
1309,0.016,0.243571,0.013,0,0.0176559,0.0119284,9.05986,3.976
1310,0.322,9.689613,0.084,1,0.0173357,0.00882353,7.95945,4.044
1311,0.209,23.510713,0.042,1,0.012853,0.00908632,7.84768,3.926
1312,0.2,19.434229,0.026,1,0.0100528,0.0122146,6.41774,3.72
1313,0.17,9.904988,0.053,1,0.0108128,0.00724638,7.08811,3.836
1314,0.353,10.516648,0.084,1,0.0173636,0.010788,9.83073,4.218
1315,0.318,11.495305,0.082,1,0.0177305,0.00786241,9.21842,4.038
1316,0.319,20.179324,0.061,1,0.0159534,0.0140987,7.9714,3.916
1317,0.284,14.147339,0.054,1,0.0102557,0.0060423,7.70567,3.948
1318,0.011,0.0,0.01,0,0.0144204,0.0111562,8.42821,3.9
1319,0.28,7.860449,0.084,1,0.0109832,0.00756048,7.62976,3.938
1320,0.262,12.943395,0.063,1,0.0178933,0.0131965,9.30064,4.038
1321,0.236,33.44863,0.044,1,0.0163184,0.0111959,7.75862,3.886
1322,0.289,29.684735,0.052,1,0.0123749,0.00963489,7.57194,3.906
1323,0.225,9.806393,0.052,1,0.0171113,0.0100604,8.55234,3.936
1324,0.357,15.533798,0.093,1,0.0218956,0.0173077,9.85372,4.088
1325,0.017,0.0,0.01,0,0.0142359,0.00987526,7.52231,3.81
1326,0.264,16.207658,0.055,1,0.015451,0.0133397,8.06277,4.142
1327,0.355,14.731568,0.074,1,0.0131886,0.0108247,7.82335,3.838
1328,0.03,2.798591,0.013,0,0.0188395,0.0120104,8.41649,3.784
1329,0.25,14.291327,0.065,1,0.0130541,0.0115578,7.47738,3.934
1330,0.249,18.689732,0.06,1,0.0117586,0.0086779,6.96292,3.884
1331,0.277,11.222485,0.076,1,0.0136775,0.0127486,8.0439,3.872
1332,0.162,31.726334,0.023,1,0.0155067,0.00931195,7.17285,3.83
1333,0.262,41.702265,0.058,1,0.0210899,0.00838264,9.40776,4.022
1334,0.254,15.367019,0.056,1,0.0175601,0.00855131,8.2344,3.942
1335,0.013,0.0,0.01,0,0.0130258,0.0092688,7.30198,3.848
1336,0.291,19.854424,0.064,1,0.00918019,0.00817996,7.2433,3.88
1337,0.381,13.489504,0.101,1,0.0233229,0.0141682,10.6147,4.314
1338,0.247,10.393872,0.053,1,0.0107204,0.0089852,6.56693,3.75
1339,0.352,11.087819,0.072,1,0.0112884,0.00883117,6.96436,3.816
1340,0.327,10.75242,0.08,1,0.0157421,0.00808081,8.82994,3.928
1341,0.256,45.169061,0.051,1,0.0179099,0.0124938,8.56174,3.952
1342,0.404,17.820298,0.099,1,0.0195405,0.0129621,9.48346,4.112
1343,0.318,19.55654,0.064,1,0.0119577,0.0127291,7.89273,3.878
1344,0.251,17.367224,0.06,1,0.00966651,0.00648649,6.75408,3.676
1345,0.357,10.307836,0.096,1,0.0227103,0.0172745,9.8042,4.096
1346,0.013,0.484183,0.011,0,0.0209695,0.0190095,8.97348,3.922
1347,0.378,10.429664,0.106,1,0.0170936,0.0163383,9.17391,4.094
1348,0.239,23.650916,0.057,1,0.016158,0.00951374,7.1334,3.748
1349,0.284,11.839821,0.092,1,0.0124513,0.00738552,7.8879,4.032
1350,0.233,18.046692,0.059,1,0.0134912,0.00870902,7.81447,3.87
1351,0.304,23.976206,0.053,1,0.0153164,0.0139692,8.70738,4.094
1352,0.351,17.784603,0.082,1,0.0183322,0.00948577,8.16583,3.968
1353,0.274,11.416186,0.055,1,0.00960427,0.00644815,6.08167,3.698
1354,0.034,0.091487,0.011,0,0.0139489,0.00536193,6.60863,3.71
1355,0.314,43.611121,0.041,1,0.0141163,0.0112878,8.27141,3.854
1356,0.333,10.513074,0.088,1,0.0143912,0.00812568,7.17258,3.662
1357,0.278,10.822843,0.076,1,0.0141063,0.00875912,8.87432,4.074
1358,0.037,0.183255,0.011,0,0.0167117,0.0130941,8.73317,4.07
1359,0.26,19.351662,0.069,1,0.0162341,0.0119581,9.13263,3.966
1360,0.331,17.739039,0.082,1,0.0126364,0.00616967,7.49198,3.866
1361,0.283,21.053324,0.055,1,0.0153201,0.0098668,8.19581,4.014
1362,0.013,0.0,0.01,0,0.0136976,0.00471698,6.80463,3.798
1363,0.173,22.08783,0.036,1,0.0105238,0.00591398,6.78367,3.698
1364,0.013,0.0,0.01,0,0.00986112,0.0106213,6.53194,3.726
1365,0.022,0.175229,0.011,0,0.00709539,0.00510204,5.05926,3.51
1366,0.242,36.900448,0.042,1,0.0147049,0.00839506,7.82321,4.016
1367,0.025,4.871353,0.012,0,0.0142682,0.0100264,7.39712,3.752
1368,0.299,25.060705,0.054,1,0.0134954,0.0121273,7.61841,3.91
1369,0.319,11.357497,0.076,1,0.016398,0.0139022,8.80506,4.114
1370,0.246,11.086031,0.054,1,0.019451,0.0160897,9.47721,4.036
1371,0.026,0.785764,0.012,0,0.0166025,0.0104932,7.56893,3.772
1372,0.315,19.414213,0.086,1,0.0170218,0.0174334,8.51257,4.058
1373,0.229,25.902318,0.045,1,0.0212174,0.00756811,8.7697,3.934
1374,0.348,11.966464,0.104,1,0.0149471,0.0109073,8.95388,3.99
1375,0.302,18.218811,0.063,1,0.0114324,0.0103681,7.01048,3.818
1376,0.262,11.338927,0.072,1,0.0218493,0.0127077,9.3802,4.04
1377,0.394,9.147158,0.102,1,0.0237662,0.0165172,10.5393,4.168
1378,0.227,9.903635,0.054,1,0.0139496,0.0107477,8.43174,4.234
1379,0.248,22.298462,0.027,1,0.0128818,0.0091417,7.40082,3.902
1380,0.351,13.407703,0.088,1,0.0145229,0.0108749,8.15542,4.002
1381,0.285,17.35321,0.065,1,0.0121951,0.00646766,8.00701,3.994
1382,0.353,21.29583,0.086,1,0.0156192,0.0146687,8.28234,3.896
1383,0.373,13.330548,0.103,1,0.0131959,0.00754527,7.37456,3.946
1384,0.39,13.641368,0.113,1,0.0161372,0.0123579,7.90891,3.996
1385,0.203,38.640457,0.051,1,0.0127028,0.0109318,8.07947,3.8
1386,0.031,0.318719,0.012,0,0.0148515,0.00764916,7.47379,3.892
1387,0.37,10.907501,0.101,1,0.0207683,0.0099552,9.65913,3.978
1388,0.28,11.225678,0.041,1,0.0127998,0.0114031,7.75777,3.988
1389,0.278,14.394224,0.05,1,0.019122,0.0182536,9.06633,3.98
1390,0.298,13.919585,0.069,1,0.0226689,0.0117925,9.85442,4.19
1391,0.276,15.282286,0.071,1,0.0149324,0.00946215,8.58572,3.978
1392,0.302,14.50585,0.075,1,0.0157544,0.0102617,7.69984,3.858
1393,0.132,5.693213,0.038,1,0.0149938,0.0081716,8.65448,3.884
1394,0.016,0.122094,0.011,0,0.0134364,0.0143281,8.16992,3.99
1395,0.277,26.097553,0.052,1,0.0169959,0.0117371,9.30784,4.21
1396,0.278,18.897875,0.05,1,0.0129768,0.0105158,7.72166,3.952
1397,0.17,22.700247,0.04,1,0.0081812,0.0102041,6.80464,3.88
1398,0.267,12.9868,0.057,1,0.0245729,0.0180608,10.3412,4.132
1399,0.092,24.504621,0.021,1,0.0170323,0.0103627,8.11518,3.82
1400,0.17,11.15027,0.027,1,0.0108303,0.0107914,7.77039,3.85
1401,0.023,0.0,0.01,0,0.0114754,0.0158888,7.38648,3.964
1402,0.229,15.836726,0.049,1,0.0115859,0.00862506,8.08342,3.908
1403,0.316,33.270461,0.051,1,0.0167946,0.0110664,8.08647,3.932
1404,0.306,14.159815,0.072,1,0.0141411,0.0132418,8.54076,4.024
1405,0.287,16.590861,0.056,1,0.0181073,0.00934579,8.71996,4.028
1406,0.065,5.92327,0.017,1,0.0081028,0.00818777,6.72427,3.634
1407,0.262,15.550356,0.071,1,0.011947,0.0101317,8.22467,3.908
1408,0.255,16.042547,0.059,1,0.0144602,0.0154004,8.11262,3.836
1409,0.215,9.569911,0.051,1,0.0157905,0.00969388,7.8305,3.882
1410,0.304,23.929083,0.073,1,0.0158484,0.00787014,8.63411,4.034
1411,0.326,26.760877,0.061,1,0.00932148,0.00873587,7.17418,3.858
1412,0.313,6.274318,0.079,1,0.0138369,0.0114371,8.07042,3.976
1413,0.291,11.749992,0.072,1,0.015544,0.0126183,7.29659,3.756
1414,0.079,12.445972,0.016,1,0.0143585,0.00673575,8.39228,3.834
1415,0.013,0.0,0.01,0,0.0138668,0.00591716,7.49242,3.696
1416,0.026,1.479515,0.012,0,0.0142736,0.010453,7.71781,3.976
1417,0.375,24.264794,0.085,1,0.0249245,0.0120598,9.69727,4.096
1418,0.36,13.789639,0.099,1,0.0117671,0.00897308,7.5664,3.976
1419,0.019,0.0,0.01,0,0.0217926,0.0157094,8.7197,4.01
1420,0.019,0.0,0.01,0,0.0217529,0.0189337,9.59573,3.938
1421,0.306,10.164485,0.097,1,0.0168729,0.0111336,8.64432,3.908
1422,0.303,11.251487,0.084,1,0.0158784,0.00869986,8.56704,4.102
1423,0.012,0.0,0.01,0,0.0134188,0.0125063,8.38095,3.948
1424,0.345,8.314562,0.093,1,0.0159917,0.00677436,7.5787,3.812
1425,0.241,11.063602,0.079,1,0.018018,0.0140982,8.53846,4.056
1426,0.044,3.440192,0.018,0,0.012196,0.00372539,7.09562,3.744
1427,0.011,0.0,0.01,0,0.0101121,0.00732218,7.1902,3.796
1428,0.208,16.803718,0.049,1,0.0151273,0.0161861,8.05501,3.89
1429,0.237,14.274462,0.045,1,0.0172259,0.0111959,8.60473,3.886
1430,0.271,10.212843,0.038,1,0.0117891,0.0123711,7.3048,3.832
1431,0.012,0.0,0.01,0,0.0143849,0.0104948,8.00505,3.96
1432,0.314,8.748717,0.09,1,0.0205207,0.0111057,9.56543,4.096
1433,0.083,3.26406,0.018,1,0.00871442,0.00590129,6.50243,3.706
1434,0.179,21.635268,0.039,1,0.0115408,0.00683851,7.71028,3.776
1435,0.273,17.173483,0.048,1,0.0139807,0.00689316,7.12791,4.034
1436,0.244,13.386963,0.06,1,0.0188895,0.0151293,8.65709,4.036
1437,0.304,25.26212,0.072,1,0.0129356,0.0127812,7.32626,3.862
1438,0.232,13.430647,0.046,1,0.0128388,0.00639318,6.38981,3.73
1439,0.272,17.010368,0.061,1,0.0147191,0.0124069,8.39849,3.98
1440,0.177,7.40718,0.044,1,0.0107896,0.00782881,6.43556,3.802
1441,0.186,23.006293,0.036,1,0.0145135,0.0115123,7.76919,3.778
1442,0.326,11.077981,0.092,1,0.0168067,0.0133663,8.59809,3.986
1443,0.236,19.322961,0.056,1,0.0141218,0.0129096,8.54879,3.976
1444,0.269,12.955483,0.081,1,0.0135393,0.00722767,8.18097,3.846
1445,0.261,17.023827,0.067,1,0.00981346,0.0068929,6.03897,3.746
1446,0.046,5.527134,0.017,0,0.0114599,0.0109489,7.58988,3.794
1447,0.285,15.353472,0.064,1,0.0152849,0.0113468,8.61876,4.008
1448,0.307,11.744068,0.116,1,0.0107839,0.00863821,7.41466,3.902
1449,0.339,12.27172,0.09,1,0.0226557,0.0175439,9.91815,4.032
1450,0.247,12.06424,0.07,1,0.0154344,0.0170597,8.83053,3.918
1451,0.348,10.264775,0.096,1,0.0197846,0.0121065,8.91961,4.08
1452,0.014,0.0,0.01,0,0.0142523,0.00873138,7.08912,3.86
1453,0.234,10.252707,0.088,1,0.0222145,0.0143516,8.98908,3.846
1454,0.228,7.583422,0.073,1,0.0126347,0.0157042,8.30983,3.886
1455,0.258,40.516947,0.042,1,0.0160996,0.01069,8.60314,4.072
1456,0.205,16.841727,0.033,1,0.012798,0.0116649,6.41363,3.728
1457,0.247,21.763259,0.052,1,0.0182978,0.0131004,8.86676,4.068
1458,0.287,15.260285,0.07,1,0.0191901,0.0138293,8.69342,4.136
1459,0.203,9.296244,0.056,1,0.011303,0.0120167,6.73718,3.782
1460,0.199,7.931354,0.044,1,0.0137711,0.00734908,6.79693,3.782
1461,0.369,13.892105,0.088,1,0.0162182,0.0129741,8.41658,3.956
1462,0.209,29.494559,0.036,1,0.0127135,0.00662927,7.75257,3.896
1463,0.315,9.568265,0.07,1,0.0160438,0.012213,8.0455,4.044
1464,0.32,8.699163,0.096,1,0.0228099,0.0157017,10.4247,4.012
1465,0.285,10.949338,0.077,1,0.0171612,0.00673924,8.30271,3.832
1466,0.018,0.3748,0.013,0,0.0152122,0.00847035,8.02714,3.98
1467,0.321,11.747644,0.061,1,0.0136658,0.0109235,8.3755,3.984
1468,0.282,21.054211,0.057,1,0.012166,0.00957179,8.52899,3.932
1469,0.023,0.0,0.01,0,0.0162,0.0136986,8.45089,4.032
1470,0.291,14.36523,0.072,1,0.0129987,0.00823469,8.62325,3.854
1471,0.191,19.653582,0.053,1,0.0216834,0.015873,8.92612,3.844
1472,0.317,24.633238,0.078,1,0.0102055,0.00812595,7.37532,3.906
1473,0.05,9.897192,0.014,0,0.0158239,0.0162402,8.25113,3.998
1474,0.331,14.649049,0.108,1,0.0206422,0.0128083,9.84719,4.162
1475,0.257,16.880369,0.055,1,0.0128232,0.010304,7.55075,3.842
1476,0.018,0.0,0.01,0,0.013491,0.00950475,8.19848,3.96
1477,0.265,13.267786,0.071,1,0.00978555,0.00887265,7.58768,3.798
1478,0.235,13.179625,0.048,1,0.0145778,0.012444,8.50554,3.968
1479,0.354,14.821672,0.114,1,0.0259639,0.0151864,10.7986,4.28
1480,0.284,22.149364,0.088,1,0.0109857,0.0128894,7.13166,3.676
1481,0.143,5.975703,0.036,1,0.0159408,0.0120308,9.35022,4.106
1482,0.328,14.409548,0.111,1,0.0168218,0.0103296,8.86382,4.024
1483,0.363,14.310094,0.095,1,0.0152659,0.0164271,9.33351,3.832
1484,0.335,17.875662,0.077,1,0.0185791,0.012444,8.62702,3.968
1485,0.351,18.880265,0.088,1,0.0150372,0.0097371,8.7296,4.068
1486,0.274,24.205597,0.051,1,0.0123715,0.0162437,7.88287,3.876
1487,0.304,24.727142,0.058,1,0.014433,0.0123335,7.99451,4.004
1488,0.25,21.527847,0.05,1,0.016805,0.0152891,9.70112,4.122
1489,0.278,12.436421,0.071,1,0.0235184,0.0172736,10.1805,4.21
1490,0.018,0.832082,0.011,0,0.0244729,0.0169259,10.4388,4.298
1491,0.019,0.0,0.01,0,0.0102002,0.00638638,7.08891,3.734
1492,0.296,17.88414,0.076,1,0.0166182,0.00993049,9.14393,3.988
1493,0.21,7.889463,0.033,1,0.0122301,0.01059,8.00153,3.924
1494,0.313,27.843372,0.048,1,0.0126936,0.0108639,7.6637,3.824
1495,0.266,12.56096,0.075,1,0.00944457,0.00827301,6.95568,3.836
1496,0.362,7.198438,0.091,1,0.0138118,0.00747384,7.95984,3.984
1497,0.355,12.182793,0.101,1,0.0115145,0.00472441,6.87078,3.792
1498,0.252,13.360444,0.053,1,0.0161396,0.00691017,8.31461,4.024
1499,0.33,17.218509,0.081,1,0.0161854,0.0149398,9.52153,4.088
1500,0.018,1.430325,0.012,0,0.0136555,0.00877193,6.31858,3.616
1501,0.214,36.760639,0.027,1,0.0119352,0.00757959,7.16701,3.928
1502,0.36,17.42387,0.08,1,0.0176914,0.0123092,9.72134,4.012
1503,0.272,21.382067,0.083,1,0.0170305,0.00998424,7.85403,3.768
1504,0.246,23.267892,0.042,1,0.0200663,0.0112856,9.12605,4.03
1505,0.247,27.004313,0.038,1,0.00715015,0.0115068,6.5122,3.608
1506,0.358,8.661772,0.098,1,0.0227671,0.0166587,9.94966,4.132
1507,0.289,10.77012,0.08,1,0.0178582,0.0109507,8.62355,3.974
1508,0.238,12.523064,0.056,1,0.0149437,0.0106816,8.77326,3.89
1509,0.326,33.615083,0.073,1,0.0185033,0.0116574,8.73026,3.9
1510,0.048,5.496542,0.022,0,0.0139085,0.00896414,7.47889,3.98
1511,0.24,8.804677,0.052,1,0.0153084,0.00774793,6.93701,3.842
1512,0.24,14.322024,0.058,1,0.0156509,0.009684,8.68142,3.886
1513,0.276,22.015808,0.078,1,0.0235943,0.013,8.63121,3.948
1514,0.023,2.824326,0.013,0,0.0120577,0.011212,6.85151,3.704
1515,0.182,13.836791,0.059,1,0.0177883,0.00986193,8.6509,4.016
1516,0.318,13.566646,0.097,1,0.0187084,0.0152785,9.47047,3.996
1517,0.289,13.227427,0.055,1,0.0176973,0.00869986,9.42223,4.102
1518,0.236,8.957919,0.033,1,0.0136542,0.0108535,7.9995,4.01
1519,0.313,20.110858,0.062,1,0.0115875,0.00807754,7.02769,3.684
1520,0.291,15.836423,0.066,1,0.0140845,0.0114428,8.25415,3.974
1521,0.385,35.332444,0.077,1,0.0167105,0.0121439,9.16738,4.23
1522,0.328,14.031671,0.094,1,0.0160409,0.0099108,8.42442,3.996
1523,0.055,5.178939,0.019,0,0.0120064,0.00451354,7.55264,3.97
1524,0.201,11.034082,0.039,1,0.0112909,0.00624675,6.95914,3.818
1525,0.01,0.0,0.01,0,0.010751,0.00979381,6.82717,3.842
1526,0.251,15.935987,0.063,1,0.0204629,0.010978,9.02422,3.964
1527,0.088,3.244344,0.021,1,0.00660735,0.00688195,6.05064,3.752
1528,0.286,16.019973,0.067,1,0.0152058,0.0153846,8.86279,4.096
1529,0.275,17.630928,0.077,1,0.0205089,0.0123584,8.2367,3.836
1530,0.306,14.686036,0.072,1,0.0193747,0.0130877,9.58251,4.072
1531,0.267,23.936023,0.051,1,0.0108824,0.0122601,7.2898,3.706
1532,0.018,0.0,0.01,0,0.016557,0.00940439,7.45411,3.792
1533,0.252,18.161857,0.045,1,0.023309,0.0168431,9.63877,4.086
1534,0.257,9.66207,0.062,1,0.0161798,0.0101523,7.98718,3.9
1535,0.206,11.981517,0.042,1,0.0102073,0.0124257,6.91357,3.656
1536,0.216,9.300454,0.049,1,0.014336,0.00975359,7.81078,3.858
1537,0.27,25.575021,0.073,1,0.0141382,0.0110887,7.89501,3.924
1538,0.323,11.208705,0.078,1,0.0170618,0.00878477,8.74397,4.062
1539,0.343,13.893677,0.09,1,0.0155925,0.00978877,8.00832,3.844
1540,0.26,7.402755,0.055,1,0.0117591,0.00698952,8.46556,3.978
1541,0.014,0.0,0.01,0,0.0148429,0.0124564,8.76993,3.964
1542,0.025,0.651914,0.012,0,0.0140916,0.00716648,6.61966,3.602
1543,0.275,16.578148,0.076,1,0.0212592,0.0143472,9.51722,4.122
1544,0.012,0.0,0.01,0,0.015269,0.00615385,8.516,3.876
1545,0.24,17.468421,0.049,1,0.0161385,0.00793651,8.551,4.0
1546,0.196,24.988393,0.043,1,0.00939245,0.00707291,6.47562,3.65
1547,0.204,7.586094,0.048,1,0.0159791,0.0108965,8.83726,3.994
1548,0.206,42.676861,0.048,1,0.018065,0.0100857,8.88283,3.926
1549,0.204,22.4226,0.049,1,0.0141431,0.0087001,7.44657,3.874
1550,0.227,11.889608,0.052,1,0.0122574,0.00666325,7.07224,3.876
1551,0.365,12.513751,0.061,1,0.0169218,0.0093412,9.23821,4.03
1552,0.237,8.837635,0.047,1,0.0164467,0.0136986,8.06944,3.888
1553,0.321,9.368024,0.107,1,0.015457,0.00909526,9.65749,4.14
1554,0.286,22.461674,0.066,1,0.0117891,0.00674974,7.31626,3.826
1555,0.145,9.732289,0.042,1,0.0158507,0.00983946,7.42416,3.824
1556,0.353,11.893138,0.078,1,0.015731,0.0127953,8.08076,4.012
1557,0.044,0.38542,0.011,0,0.0165996,0.0105847,8.10188,3.926
1558,0.129,22.388158,0.025,1,0.00929067,0.00823469,7.03788,3.854
1559,0.03,0.273899,0.012,0,0.015303,0.0107748,7.7277,3.856
1560,0.105,11.804102,0.014,1,0.0112739,0.00625,6.83386,3.816
1561,0.317,21.851962,0.062,1,0.0125909,0.00813008,7.32377,3.904
1562,0.333,9.450045,0.058,1,0.020011,0.0143918,10.3099,4.246
1563,0.274,18.98693,0.059,1,0.0154522,0.0103359,7.60366,3.83
1564,0.325,16.861049,0.072,1,0.0159166,0.0122825,8.1057,3.86
1565,0.27,12.017599,0.08,1,0.014137,0.00996852,7.53471,3.774
1566,0.286,15.115665,0.055,1,0.0107391,0.00749465,7.23247,3.708
1567,0.311,15.354644,0.078,1,0.0166547,0.0141463,8.28897,4.042
1568,0.337,11.936449,0.087,1,0.0152841,0.0109398,7.69734,3.978
1569,0.348,16.994871,0.066,1,0.0180374,0.0146056,8.95702,4.048
1570,0.279,18.060136,0.072,1,0.00972749,0.0112188,7.4755,3.878
1571,0.255,11.062114,0.061,1,0.0139109,0.0146628,8.45089,4.032
1572,0.321,16.027389,0.102,1,0.0192768,0.0142227,9.13632,4.02
1573,0.346,10.595304,0.127,1,0.0206951,0.0121359,9.40295,4.07
1574,0.021,0.606696,0.012,0,0.01706,0.0162402,8.7969,3.998
1575,0.272,8.274333,0.084,1,0.0118834,0.00994244,7.07188,3.784
1576,0.011,0.0,0.01,0,0.0120532,0.0110276,7.31678,3.946
1577,0.266,6.148677,0.062,1,0.014221,0.0093361,7.4,3.82
1578,0.256,22.884353,0.033,1,0.0142132,0.0102407,7.64356,3.866
1579,0.218,10.147368,0.052,1,0.0242364,0.0170085,9.76387,3.93
1580,0.264,17.392339,0.046,1,0.0154371,0.009684,8.3016,3.886
1581,0.272,26.975546,0.058,1,0.01359,0.00883117,7.40461,3.816
1582,0.273,32.297695,0.062,1,0.0134263,0.00924499,8.10835,3.858
1583,0.211,20.245594,0.038,1,0.0188566,0.0153314,9.18935,3.982
1584,0.275,9.448927,0.089,1,0.0171589,0.0132924,9.42124,3.86
1585,0.321,18.637379,0.075,1,0.0182768,0.0145304,7.86572,3.798
1586,0.241,12.292972,0.058,1,0.0108251,0.00596206,6.79989,3.668
1587,0.26,11.623265,0.053,1,0.0169906,0.00984456,8.13082,3.822
1588,0.282,20.136704,0.058,1,0.0129036,0.0101266,8.20563,3.91
1589,0.119,48.502438,0.021,1,0.00997414,0.00674916,6.13137,3.532
1590,0.321,10.873656,0.106,1,0.0200238,0.0110664,8.5351,3.932
1591,0.215,24.355268,0.043,1,0.0157987,0.0075188,8.63131,3.96
1592,0.241,11.057782,0.058,1,0.0129133,0.00897308,7.71278,3.976
1593,0.329,8.561915,0.099,1,0.0159972,0.00801603,8.71364,3.96
1594,0.079,2.270413,0.018,1,0.00765123,0.00526593,6.64214,3.778
1595,0.258,16.686671,0.064,1,0.0193304,0.013934,10.0881,4.246
1596,0.356,9.244683,0.086,1,0.0253584,0.0153631,10.1243,4.23
1597,0.26,12.014928,0.043,1,0.0150821,0.00726518,7.07057,3.826
1598,0.025,2.549161,0.016,0,0.0151257,0.011072,8.07481,3.93
1599,0.256,11.678719,0.07,1,0.0184788,0.0139423,9.10288,4.102
1600,0.217,13.891824,0.046,1,0.0166861,0.00866463,7.94961,3.89
1601,0.033,3.540314,0.012,0,0.0110879,0.0131441,6.63079,3.754
1602,0.258,26.757265,0.036,1,0.015672,0.00932642,7.30858,3.824
1603,0.265,12.363842,0.05,1,0.0137145,0.00521376,7.22275,3.816
1604,0.253,13.767561,0.066,1,0.0154286,0.0127097,8.1102,3.884
1605,0.293,26.310726,0.058,1,0.0173791,0.0118802,8.5724,3.826
1606,0.014,0.0,0.01,0,0.0172242,0.0100806,8.69094,3.928
1607,0.249,11.526085,0.065,1,0.0141509,0.0110331,7.63286,3.944
1608,0.046,1.234293,0.011,0,0.0145371,0.0119481,8.24606,3.804
1609,0.03,1.375341,0.015,0,0.0108108,0.00570835,6.66232,3.832
1610,0.274,21.305107,0.066,1,0.0176659,0.0129225,8.03776,3.972
1611,0.022,0.183259,0.013,0,0.0183307,0.012012,8.53951,3.948
1612,0.258,11.043997,0.062,1,0.0166688,0.00896861,7.9628,3.978
1613,0.22,31.534243,0.046,1,0.0198357,0.0119418,8.18602,3.806
1614,0.012,0.0,0.01,0,0.0115659,0.0126263,7.96061,3.91
1615,0.341,17.052919,0.113,1,0.0260819,0.0129187,10.0359,4.126
1616,0.364,36.683553,0.091,1,0.0140123,0.00806045,7.82885,3.938
1617,0.382,17.196146,0.1,1,0.0254965,0.0184136,10.4137,4.158
1618,0.26,10.630161,0.066,1,0.0164311,0.00734137,7.13735,3.786
1619,0.261,17.933186,0.055,1,0.0142725,0.00469239,7.37716,3.818
1620,0.099,8.61009,0.026,1,0.00799632,0.00777346,6.08842,3.574
1621,0.321,15.298717,0.07,1,0.010989,0.00895077,6.98595,3.986
1622,0.05,8.18853,0.021,0,0.0117683,0.0105556,7.29983,3.562
1623,0.012,0.0,0.01,0,0.010274,0.0105152,6.98193,3.764
1624,0.276,60.023663,0.03,1,0.00942655,0.00318979,6.1104,3.75
1625,0.274,6.208072,0.056,1,0.0148738,0.0113974,7.68371,3.99
1626,0.221,9.130394,0.053,1,0.0161909,0.00974359,7.96427,3.862
1627,0.19,22.247156,0.025,1,0.0175636,0.00835509,7.0158,3.798
1628,0.192,10.912633,0.036,1,0.0143193,0.0106599,7.8471,3.898
1629,0.022,2.159438,0.012,0,0.00985905,0.00936037,7.18793,3.81
1630,0.23,23.117356,0.047,1,0.0109393,0.00863931,7.46841,3.672
1631,0.018,0.489618,0.012,0,0.0108932,0.00896152,6.59202,3.76
1632,0.315,11.810427,0.081,1,0.0183711,0.0172166,9.53577,4.11
1633,0.324,9.398695,0.084,1,0.0151725,0.0163366,8.35883,3.974
1634,0.229,31.718816,0.04,1,0.0162951,0.0107307,7.32231,3.872
1635,0.166,4.604644,0.032,1,0.0125956,0.00845666,7.10981,3.752
1636,0.262,23.602599,0.051,1,0.017707,0.00752634,8.47978,3.956
1637,0.208,17.424157,0.04,1,0.0130256,0.00696677,7.08473,3.706
1638,0.322,18.41828,0.087,1,0.0227538,0.0148906,10.5253,4.234
1639,0.213,28.731774,0.041,1,0.0154445,0.00996512,8.40715,3.974
1640,0.031,3.007193,0.015,0,0.0116595,0.0114464,6.77105,3.8
1641,0.193,12.394131,0.039,1,0.0158463,0.00695931,6.73585,3.71
1642,0.37,11.604076,0.092,1,0.0240838,0.0136986,10.6111,4.32
1643,0.182,16.172693,0.036,1,0.0117714,0.00823893,7.27778,3.852
1644,0.214,11.691415,0.054,1,0.0129179,0.00794492,6.81954,3.746
1645,0.277,15.766725,0.062,1,0.0131605,0.0136502,7.71143,3.902
1646,0.187,12.289269,0.048,1,0.00981916,0.00592992,6.62744,3.688
1647,0.308,24.917827,0.075,1,0.0217053,0.0121418,9.78515,4.068
1648,0.318,9.180635,0.083,1,0.0145559,0.0150999,8.96983,4.044
1649,0.264,15.632382,0.061,1,0.0139728,0.00737826,7.87314,4.036
1650,0.329,8.684994,0.076,1,0.0215237,0.0159729,9.52976,4.066
1651,0.299,11.544183,0.061,1,0.0113463,0.0131313,7.7129,3.908
1652,0.315,16.668383,0.062,1,0.011695,0.00905218,6.89199,3.722
1653,0.27,17.040012,0.059,1,0.0162628,0.00832517,9.10963,4.05
1654,0.121,10.246355,0.033,1,0.0132011,0.00797024,7.18157,3.734
1655,0.279,43.465466,0.04,1,0.0128273,0.0106599,7.7999,3.898
1656,0.232,7.665385,0.048,1,0.0099969,0.00805585,6.98646,3.694
1657,0.325,17.874288,0.069,1,0.0124673,0.007724,6.74312,3.854
1658,0.281,16.813715,0.07,1,0.0130746,0.00989068,7.72082,3.804
1659,0.26,14.985988,0.043,1,0.00887439,0.00924025,6.83109,3.86
1660,0.214,16.08602,0.037,1,0.0116601,0.00683851,7.08633,3.776
1661,0.33,13.369638,0.088,1,0.0139129,0.00932287,8.86429,4.038
1662,0.302,29.315899,0.068,1,0.013604,0.00989583,7.30826,3.802
1663,0.297,18.293667,0.066,1,0.0131082,0.0110553,8.60569,3.936
1664,0.301,9.397856,0.094,1,0.0171655,0.0117073,8.97137,4.052
1665,0.314,12.392185,0.087,1,0.0171558,0.0100962,9.00243,4.118
1666,0.237,9.726076,0.059,1,0.0213133,0.0183398,9.6883,4.068
1667,0.329,13.671369,0.081,1,0.0191349,0.016354,10.1966,4.09
1668,0.278,13.680492,0.043,1,0.0156773,0.00839092,8.47735,4.018
1669,0.12,11.41119,0.021,1,0.0127749,0.0102775,7.43769,3.852
1670,0.336,17.558522,0.09,1,0.0164312,0.0137255,7.98559,4.024
1671,0.019,1.362253,0.012,0,0.0139624,0.0093216,8.19916,3.826
1672,0.302,16.828951,0.074,1,0.0169814,0.0167736,9.75063,3.986
1673,0.306,17.154951,0.08,1,0.0129476,0.0115752,7.55041,3.928
1674,0.011,0.0,0.01,0,0.00815841,0.00847009,6.28243,3.746
1675,0.285,10.989081,0.067,1,0.0114186,0.00632911,6.69374,3.768
1676,0.251,13.871349,0.057,1,0.0162973,0.00747757,8.13611,3.982
1677,0.174,13.483203,0.043,1,0.0106165,0.00798297,6.82189,3.728
1678,0.293,9.132356,0.06,1,0.0177835,0.0107632,8.50989,4.044
1679,0.278,13.539868,0.07,1,0.0260856,0.0160428,9.48913,4.048
1680,0.276,11.46475,0.077,1,0.0122449,0.0103896,8.10236,3.81
1681,0.368,21.797929,0.076,1,0.0204545,0.0141911,9.07869,4.168
1682,0.312,37.606519,0.051,1,0.0115822,0.00820092,7.22842,3.87
1683,0.018,0.018391,0.011,0,0.0110512,0.00812595,7.50589,3.906
1684,0.294,21.358017,0.057,1,0.010022,0.00977729,6.73231,3.646
1685,0.21,10.762258,0.053,1,0.0127029,0.0120664,7.93232,3.93
1686,0.317,12.007247,0.084,1,0.0133024,0.00771605,7.36547,3.858
1687,0.263,24.309856,0.04,1,0.00938658,0.00693333,6.52256,3.724
1688,0.209,7.813199,0.057,1,0.00877835,0.00963082,5.90816,3.702
1689,0.301,12.74888,0.069,1,0.0220056,0.00760456,9.53257,4.176
1690,0.043,1.485063,0.017,0,0.0197633,0.0184645,9.24307,4.04
1691,0.306,18.117867,0.051,1,0.0173838,0.0153196,8.05472,3.728
1692,0.343,24.023729,0.066,1,0.0146777,0.0100604,7.68547,3.936
1693,0.327,21.926246,0.06,1,0.0145861,0.0182186,8.79948,3.88
1694,0.294,14.059982,0.064,1,0.0161279,0.0065261,7.14351,3.958
1695,0.015,0.967597,0.012,0,0.0235251,0.0136919,9.42043,4.034
1696,0.011,0.0,0.01,0,0.00985958,0.00719794,6.9332,3.862
1697,0.249,14.046437,0.068,1,0.0134286,0.0107198,7.72343,3.876
1698,0.25,12.650758,0.069,1,0.0146473,0.00451128,7.83787,3.972
1699,0.252,13.892028,0.045,1,0.0152789,0.00898652,8.21008,3.97
1700,0.305,15.76478,0.072,1,0.0218786,0.0115607,9.42203,4.104
1701,0.273,15.039868,0.05,1,0.0196561,0.0180866,9.2477,4.126
1702,0.224,23.544773,0.044,1,0.0146421,0.00919775,8.55905,3.878
1703,0.014,0.0,0.01,0,0.016526,0.0116989,8.59547,3.886
1704,0.238,9.883161,0.062,1,0.0156433,0.0110524,9.13217,4.116
1705,0.167,34.600455,0.031,1,0.0159898,0.011622,8.05726,3.912
1706,0.186,19.845562,0.035,1,0.0144773,0.0108865,7.38522,3.816
1707,0.315,10.631916,0.057,1,0.0157136,0.0108268,8.07363,4.02
1708,0.031,2.981115,0.012,0,0.0138064,0.00924025,6.98031,3.86
1709,0.296,10.062158,0.076,1,0.0225861,0.012993,9.99154,4.254
1710,0.35,19.280323,0.082,1,0.0161242,0.00876339,8.1331,4.072
1711,0.289,11.117753,0.099,1,0.0211935,0.00843254,9.34717,3.998
1712,0.309,19.9506,0.073,1,0.0144776,0.00922604,7.93275,3.866
1713,0.288,8.467088,0.074,1,0.0162417,0.011165,9.06775,4.074
1714,0.318,10.804776,0.092,1,0.0148802,0.00818414,8.52604,3.878
1715,0.25,22.674507,0.055,1,0.0111161,0.00766479,6.94851,3.884
1716,0.272,16.557325,0.057,1,0.0142562,0.0104603,6.89588,3.784
1717,0.262,11.832188,0.053,1,0.0111321,0.00791687,7.93017,4.01
1718,0.154,14.768146,0.035,1,0.0157744,0.0109432,7.71549,3.796
1719,0.17,11.794916,0.036,1,0.0185115,0.010427,9.26994,3.986
1720,0.295,27.195535,0.067,1,0.0135194,0.00986193,8.06723,4.016
1721,0.065,7.115933,0.02,1,0.0105556,0.00795334,6.5318,3.742
1722,0.318,9.132181,0.082,1,0.0170858,0.0129611,8.95657,3.96
1723,0.342,19.870327,0.083,1,0.0128978,0.008933,7.80371,3.994
1724,0.015,0.0,0.01,0,0.01139,0.0121273,7.94885,3.91
1725,0.3,17.342226,0.083,1,0.0142132,0.00643564,7.36173,4.014
1726,0.291,20.248413,0.048,1,0.0113148,0.0106838,7.15821,3.704
1727,0.258,38.778518,0.042,1,0.0155135,0.00999001,7.70787,3.964
1728,0.017,0.0,0.01,0,0.0106933,0.00807265,7.27772,3.932
1729,0.345,14.353236,0.081,1,0.0120811,0.0105954,7.47119,3.922
1730,0.259,11.448051,0.072,1,0.0130888,0.00892414,7.91146,3.998
1731,0.233,6.478393,0.044,1,0.014705,0.012285,8.01841,4.02
1732,0.276,14.182931,0.079,1,0.0129763,0.00881921,7.77113,4.046
1733,0.348,22.432055,0.081,1,0.0144468,0.00677966,8.30229,4.102
1734,0.232,35.306454,0.04,1,0.00960187,0.00956429,6.87232,3.728
1735,0.216,51.085312,0.039,1,0.0103843,0.00706357,7.19309,3.936
1736,0.05,10.638145,0.018,0,0.00574328,0.00494777,5.77182,3.62
1737,0.011,0.0,0.01,0,0.0104079,0.00829187,6.58751,3.588
1738,0.361,12.405419,0.097,1,0.0152672,0.0173791,8.82935,4.184
1739,0.153,9.496766,0.041,1,0.0128845,0.0103448,8.57641,4.018
1740,0.356,18.193319,0.103,1,0.0145789,0.0126706,8.63327,4.052
1741,0.294,12.035828,0.077,1,0.0199927,0.0131579,10.4324,4.2
1742,0.27,19.775489,0.053,1,0.0160371,0.00842836,8.418,4.0
1743,0.245,16.569645,0.064,1,0.0136135,0.0110468,7.61915,3.76
1744,0.086,7.354976,0.028,1,0.0202452,0.0155148,10.0487,4.188
1745,0.353,8.278486,0.093,1,0.0167979,0.0077821,8.84216,4.08
1746,0.288,8.041882,0.057,1,0.0163318,0.0177203,8.68747,4.102
1747,0.175,22.151053,0.031,1,0.0127981,0.00874036,7.41649,3.856
1748,0.253,16.189737,0.068,1,0.0168313,0.0153465,8.60282,3.978
1749,0.329,14.264569,0.083,1,0.0183535,0.0126091,9.15226,4.072
1750,0.213,18.059829,0.058,1,0.0159201,0.0118252,7.54943,3.844
1751,0.314,10.536426,0.087,1,0.0181044,0.0122369,9.19673,4.036
1752,0.365,9.425604,0.092,1,0.0173464,0.0054672,8.03798,4.002
1753,0.239,14.476413,0.067,1,0.0135508,0.00956215,8.09959,3.936
1754,0.291,16.998428,0.072,1,0.0160818,0.00757576,8.16438,3.93
1755,0.275,29.23614,0.052,1,0.0189361,0.0112524,8.62296,4.042
1756,0.297,29.674666,0.049,1,0.0113412,0.00374131,6.5279,3.728
1757,0.219,15.812369,0.053,1,0.0126139,0.00816993,6.26908,3.642
1758,0.287,8.686234,0.069,1,0.0220915,0.013012,9.2168,4.096
1759,0.308,15.169526,0.064,1,0.0177104,0.00780107,8.0742,4.07
1760,0.329,18.060484,0.075,1,0.0140861,0.00779347,8.57339,4.074
1761,0.269,28.188928,0.052,1,0.0127759,0.00881286,7.36872,3.824
1762,0.03,5.7837,0.013,0,0.0137185,0.0104548,7.27787,3.786
1763,0.326,14.012552,0.074,1,0.011734,0.00829876,7.22071,3.824
1764,0.245,18.030692,0.056,1,0.0137651,0.0130916,7.67245,3.92
1765,0.013,0.0,0.01,0,0.0134908,0.0131004,8.19961,4.068
1766,0.02,3.725169,0.011,0,0.0113645,0.00483611,6.84179,3.704
1767,0.379,15.103915,0.071,1,0.0174188,0.0156899,9.93155,4.266
1768,0.316,10.733408,0.064,1,0.0146341,0.0108642,7.77833,4.006
1769,0.016,0.470535,0.015,0,0.0141697,0.00895968,8.71974,3.982
1770,0.04,0.0,0.01,0,0.0138411,0.0108471,8.03603,3.83
1771,0.346,10.806005,0.119,1,0.0176896,0.0109995,9.43085,4.136
1772,0.246,21.541526,0.07,1,0.0109969,0.00476948,6.68211,3.756
1773,0.023,1.202306,0.011,0,0.00940212,0.00568769,6.47114,3.846
1774,0.291,9.693544,0.083,1,0.0145315,0.0139303,8.12462,3.964
1775,0.32,9.735387,0.104,1,0.0196545,0.0167224,9.19679,4.116
1776,0.296,10.184312,0.092,1,0.0140365,0.0110276,7.58287,3.946
1777,0.251,19.709305,0.055,1,0.0210945,0.0146924,10.0732,4.292
1778,0.016,0.380994,0.012,0,0.0153024,0.0113524,8.31952,4.006
1779,0.326,21.152633,0.076,1,0.0113177,0.00869121,7.65549,3.878
1780,0.253,12.127786,0.062,1,0.0163887,0.00726141,7.17294,3.828
1781,0.269,14.015238,0.07,1,0.0148775,0.0123267,7.13053,3.846
1782,0.043,0.065876,0.011,0,0.0153424,0.0132518,8.28202,3.872
1783,0.228,26.275336,0.038,1,0.00922185,0.00771775,6.32556,3.6
1784,0.344,9.811005,0.094,1,0.0156698,0.012512,8.49025,4.104
1785,0.442,8.569405,0.095,1,0.0182351,0.0153631,8.71206,4.23
1786,0.263,15.161618,0.061,1,0.0138827,0.0106045,8.45391,3.732
1787,0.014,0.0,0.01,0,0.02222,0.0156556,9.73012,4.024
1788,0.268,15.018885,0.056,1,0.0156576,0.0090955,7.32789,3.922
1789,0.022,2.212466,0.012,0,0.0100631,0.0117768,7.72332,3.86
1790,0.016,0.162163,0.011,0,0.00850922,0.00327511,6.56462,3.652
1791,0.407,9.568295,0.087,1,0.0237165,0.0133764,9.93502,4.278
1792,0.261,14.628259,0.062,1,0.0182471,0.00811771,8.40972,3.91
1793,0.278,26.564134,0.055,1,0.0135394,0.00694444,8.07942,4.004
1794,0.263,12.635595,0.038,1,0.018948,0.0134357,9.39494,4.112
1795,0.24,5.945512,0.051,1,0.0134098,0.00814249,7.69061,3.898
1796,0.272,13.181517,0.052,1,0.0162093,0.00883117,7.37212,3.816
1797,0.36,15.035422,0.064,1,0.0170951,0.0115462,8.02133,3.938
1798,0.252,8.538814,0.057,1,0.0183222,0.011713,8.57086,4.05
1799,0.012,0.0,0.01,0,0.0111156,0.00888657,6.548,3.792
1800,0.307,12.016605,0.07,1,0.0154659,0.00995025,7.89548,3.98
1801,0.212,16.944644,0.04,1,0.0188108,0.00875912,8.92538,4.074
1802,0.366,28.223206,0.087,1,0.0192453,0.0133588,9.57302,4.136
1803,0.391,9.142362,0.11,1,0.0167489,0.0139442,8.59394,3.96
1804,0.283,14.600213,0.074,1,0.0131831,0.00888192,7.43753,3.794
1805,0.15,20.140649,0.037,1,0.0129167,0.00677436,8.0425,3.812
1806,0.341,17.389517,0.098,1,0.0186161,0.0121124,8.93085,4.078
1807,0.342,12.050931,0.092,1,0.0188373,0.010942,8.886,4.158
1808,0.308,16.193763,0.087,1,0.0182963,0.0123711,7.95877,3.832
1809,0.236,11.165712,0.076,1,0.0150808,0.00833768,7.31739,3.806
1810,0.263,9.890594,0.052,1,0.012322,0.00814249,7.49513,3.898
1811,0.245,11.730745,0.066,1,0.0138572,0.0131004,8.62144,4.068
1812,0.273,21.536456,0.058,1,0.012991,0.0103306,6.87004,3.832
1813,0.273,19.045285,0.056,1,0.0103416,0.00714286,6.5591,3.892
1814,0.295,16.589016,0.074,1,0.0157224,0.0112469,8.49308,4.044
1815,0.01,0.0,0.01,0,0.0157535,0.0147929,8.57808,3.996
1816,0.345,6.556017,0.115,1,0.023288,0.0147129,9.74229,4.152
1817,0.13,29.266812,0.028,1,0.0121242,0.0103573,7.38043,3.822
1818,0.014,1.331181,0.011,0,0.0121503,0.0083682,7.03217,3.792
1819,0.098,19.484565,0.024,1,0.0102707,0.00823469,8.03373,3.854
1820,0.278,21.633567,0.077,1,0.0194378,0.016572,9.883,4.154
1821,0.209,8.283049,0.047,1,0.0152074,0.0116959,7.00377,3.718
1822,0.19,20.275042,0.039,1,0.0111789,0.00897098,6.71619,3.756
1823,0.252,6.545968,0.077,1,0.0216623,0.0102439,9.48743,4.058
1824,0.022,2.259007,0.012,0,0.0126996,0.00942928,7.81112,3.992
1825,0.31,8.532443,0.092,1,0.0143239,0.00906056,10.0789,4.156
1826,0.335,50.663076,0.073,1,0.0189504,0.0138135,8.47374,3.998
1827,0.336,9.431751,0.1,1,0.0139263,0.0122549,8.65955,4.03
1828,0.224,13.960261,0.048,1,0.0177765,0.0162272,8.78608,3.88
1829,0.318,12.676698,0.045,1,0.0133946,0.00971817,7.58292,4.076
1830,0.297,23.0574,0.059,1,0.0169943,0.0144657,9.77936,4.224
1831,0.028,0.21711,0.012,0,0.0176111,0.0134865,8.45266,3.95
1832,0.32,24.240505,0.087,1,0.0100777,0.0086426,7.32769,3.9
1833,0.294,17.119364,0.074,1,0.0124406,0.00365917,7.84418,3.812
1834,0.249,25.687643,0.035,1,0.0136409,0.0117347,7.83428,3.874
1835,0.122,20.222435,0.031,1,0.0113241,0.00788229,7.15625,3.776
1836,0.053,7.052844,0.011,0,0.0171167,0.012213,8.7547,4.044
1837,0.01,0.0,0.01,0,0.0182671,0.0130457,8.34926,3.934
1838,0.159,24.238724,0.037,1,0.0166074,0.014014,8.71117,3.94
1839,0.294,18.341064,0.085,1,0.0195617,0.0155857,8.45914,3.916
1840,0.261,24.105474,0.039,1,0.0218262,0.0170068,10.1236,4.046
1841,0.204,23.990861,0.04,1,0.0125146,0.00568182,7.09818,3.85
1842,0.239,16.711382,0.053,1,0.015027,0.00666325,8.03509,3.876
1843,0.227,12.148271,0.041,1,0.0157057,0.00528541,7.30765,3.764
1844,0.331,12.031713,0.107,1,0.0226286,0.0121827,8.99281,3.892
1845,0.217,12.00171,0.074,1,0.0171561,0.0126582,8.60872,3.9
1846,0.032,1.572479,0.014,0,0.0118674,0.00735655,7.86858,4.048
1847,0.197,7.272875,0.036,1,0.0181279,0.0123106,8.4094,4.172
1848,0.373,16.074141,0.105,1,0.0170378,0.0160819,8.80832,4.038
1849,0.053,1.411132,0.014,0,0.0125997,0.0109546,7.53481,3.792
1850,0.41,13.41245,0.128,1,0.0229911,0.0133517,10.412,4.286
1851,0.292,8.068095,0.058,1,0.011783,0.00809498,7.34168,3.676
1852,0.227,14.577237,0.053,1,0.0175439,0.0102639,9.03556,4.05
1853,0.339,11.044017,0.082,1,0.0210797,0.0137833,9.94506,4.15
1854,0.263,11.836103,0.065,1,0.02016,0.00621118,9.01442,4.16
1855,0.204,8.589253,0.066,1,0.0158267,0.00456853,8.21622,3.922
1856,0.266,11.744802,0.07,1,0.0208952,0.0155869,9.66155,4.042
1857,0.139,16.756531,0.035,1,0.0133831,0.010543,7.28503,3.754
1858,0.013,0.0,0.01,0,0.0113511,0.00591398,6.86101,3.698
1859,0.239,16.144781,0.052,1,0.0168488,0.013347,8.52289,3.844
1860,0.354,15.89647,0.087,1,0.0167153,0.0104812,9.24603,4.154
1861,0.288,28.266462,0.053,1,0.0157651,0.00941993,8.0956,3.996
1862,0.283,21.222708,0.05,1,0.0152248,0.0136054,8.25074,4.06
1863,0.015,0.0,0.01,0,0.0171895,0.0126582,8.51972,4.056
1864,0.177,11.238694,0.034,1,0.0147111,0.0103788,7.37861,3.814
1865,0.333,8.422789,0.092,1,0.0213436,0.0149603,9.93972,4.214
1866,0.253,9.172301,0.063,1,0.0124916,0.00991132,7.8451,3.796
1867,0.264,14.474623,0.069,1,0.0137842,0.0153139,8.4619,3.858
1868,0.026,0.176992,0.011,0,0.00816004,0.00762527,6.25521,3.644
1869,0.213,16.663316,0.029,1,0.0112767,0.00552209,7.38617,3.962
1870,0.023,0.0,0.01,0,0.0188498,0.0106024,8.60497,4.106
1871,0.221,5.27928,0.037,1,0.0134337,0.00567303,7.64471,3.856
1872,0.244,23.527794,0.052,1,0.0141048,0.0142349,8.22692,3.878
1873,0.089,9.045291,0.024,1,0.0132784,0.00666667,6.7651,3.874
1874,0.289,33.678188,0.066,1,0.0200965,0.0104322,8.84287,3.984
1875,0.251,14.123276,0.067,1,0.0170589,0.0127162,8.51674,3.882
1876,0.225,10.921185,0.068,1,0.0152326,0.00796813,7.41516,3.984
1877,0.336,16.08794,0.097,1,0.0154341,0.00641975,8.50149,4.024
1878,0.053,4.530421,0.019,0,0.00996757,0.00588235,6.79989,3.718
1879,0.231,10.980493,0.053,1,0.0169415,0.013602,9.04392,3.916
1880,0.065,15.257916,0.016,1,0.00899654,0.00368809,6.87731,3.782
1881,0.282,14.200077,0.067,1,0.017094,0.00776322,8.75355,4.09
1882,0.209,29.262468,0.04,1,0.00917151,0.00928793,6.81458,3.84
1883,0.251,12.473833,0.068,1,0.0149263,0.00729927,8.27598,4.08
1884,0.252,18.242002,0.061,1,0.0177877,0.0117768,8.12694,3.86
1885,0.333,14.827459,0.08,1,0.0130819,0.0110831,8.29445,3.926
1886,0.016,0.359886,0.013,0,0.0125603,0.0109127,7.90572,3.988
1887,0.338,15.530477,0.084,1,0.0175944,0.0142857,9.2256,4.14
1888,0.286,6.090296,0.062,1,0.013489,0.00976362,7.73275,3.854
1889,0.289,11.800578,0.085,1,0.024763,0.0121951,9.22325,3.888
1890,0.271,10.40941,0.072,1,0.0160133,0.0110999,8.31582,3.92
1891,0.068,4.608274,0.017,1,0.0137115,0.00660905,8.174,3.908
1892,0.253,12.126514,0.071,1,0.0155458,0.00790905,8.9422,4.014
1893,0.326,22.766764,0.071,1,0.0183142,0.012024,8.63895,3.944
1894,0.316,22.25587,0.062,1,0.023817,0.0173353,9.58669,3.968
1895,0.237,8.874789,0.051,1,0.011718,0.00987526,7.92913,3.81
1896,0.237,18.046082,0.065,1,0.0163062,0.0146484,8.75223,4.036
1897,0.015,0.161101,0.011,0,0.0197231,0.0116279,9.17108,4.08
1898,0.365,14.444715,0.117,1,0.0214342,0.0156844,9.19121,4.142
1899,0.249,21.095347,0.06,1,0.0152532,0.00820092,7.92817,3.87
1900,0.334,15.180373,0.086,1,0.0174873,0.0106075,9.5307,4.104
1901,0.296,27.351159,0.072,1,0.0214906,0.0114723,9.51789,4.136
1902,0.031,1.190518,0.011,0,0.0146351,0.0138889,8.04276,3.976
1903,0.027,2.982255,0.016,0,0.0156873,0.0110775,8.17923,3.928
1904,0.178,23.181846,0.042,1,0.0111732,0.00651466,6.45574,3.66
1905,0.349,23.277041,0.071,1,0.0149334,0.010355,7.40708,4.014
1906,0.267,10.311603,0.073,1,0.0149717,0.0128205,8.53558,3.85
1907,0.343,12.667617,0.082,1,0.0184027,0.0119581,8.46747,3.966
1908,0.205,7.900129,0.064,1,0.0146078,0.0082602,7.80427,3.842
1909,0.329,9.758923,0.107,1,0.0162966,0.010885,9.07225,4.18
1910,0.247,20.205277,0.044,1,0.0143281,0.0121827,7.10123,3.892
1911,0.233,22.540283,0.044,1,0.0117196,0.00992167,6.88555,3.792
1912,0.244,11.028186,0.052,1,0.0188485,0.0136089,8.45835,3.914
1913,0.273,23.915579,0.076,1,0.0161031,0.0113695,7.7909,3.826
1914,0.217,6.882505,0.065,1,0.0207294,0.0154567,9.91437,4.204
1915,0.225,12.903238,0.057,1,0.0145677,0.0104767,6.75913,3.778
1916,0.02,0.454334,0.012,0,0.0142161,0.0116633,7.57927,3.898
1917,0.306,10.293104,0.08,1,0.0165045,0.0096432,8.40701,4.108
1918,0.326,12.155777,0.1,1,0.020405,0.0112676,9.1453,4.212
1919,0.212,12.958012,0.054,1,0.0183757,0.0107692,7.19388,3.858
1920,0.249,10.621946,0.065,1,0.0143343,0.0111902,7.85905,3.888
1921,0.25,13.044222,0.075,1,0.0145826,0.011811,8.19622,4.016
1922,0.321,14.158528,0.104,1,0.0208082,0.0117994,9.46816,4.02
1923,0.255,13.597253,0.054,1,0.013278,0.00679916,7.73354,3.798
1924,0.291,38.086354,0.059,1,0.0127058,0.0102987,7.61655,3.844
1925,0.024,2.22291,0.011,0,0.00476332,0.00597826,5.50957,3.658
1926,0.252,9.598586,0.079,1,0.0167883,0.0098804,7.41439,3.808
1927,0.044,3.470337,0.02,0,0.0123411,0.00685654,7.10037,3.766
1928,0.298,24.821581,0.05,1,0.0143919,0.0120421,8.68106,3.938
1929,0.164,8.791775,0.053,1,0.018035,0.0100908,8.64781,3.924
1930,0.305,16.158902,0.07,1,0.0154438,0.00847035,8.49246,3.98
1931,0.32,15.496404,0.081,1,0.0141385,0.0114257,7.99698,3.98
1932,0.258,20.121707,0.075,1,0.0112246,0.00667009,7.17872,3.872
1933,0.335,14.573935,0.074,1,0.0180348,0.012464,9.12476,4.12
1934,0.017,0.025826,0.011,0,0.012037,0.00808081,7.10642,3.928
1935,0.282,11.990793,0.089,1,0.0130193,0.008004,7.90166,3.966
1936,0.243,10.210062,0.05,1,0.0226248,0.0166359,10.5305,4.256
1937,0.278,12.868871,0.055,1,0.01217,0.00963489,7.447,3.906
1938,0.293,7.793114,0.082,1,0.0163329,0.0120092,9.61758,4.278
1939,0.346,13.249927,0.076,1,0.0164827,0.0126644,10.3261,4.054
1940,0.236,10.757506,0.062,1,0.0206897,0.0116929,8.57767,3.888
1941,0.024,5.105242,0.011,0,0.0162712,0.0142576,8.82793,4.01
1942,0.385,15.49182,0.089,1,0.0159642,0.01322,8.99139,4.18
1943,0.021,2.15804,0.013,0,0.0170168,0.0140368,9.34708,4.074
1944,0.293,13.659969,0.071,1,0.0159388,0.011213,7.95567,3.88
1945,0.272,17.617215,0.064,1,0.0123162,0.00886802,7.05105,3.8
1946,0.358,11.605974,0.078,1,0.0132283,0.0085213,8.02578,3.956
1947,0.288,13.626369,0.076,1,0.0206758,0.0143198,10.1182,4.13
1948,0.378,11.113934,0.108,1,0.0202269,0.0139027,9.1858,3.972
1949,0.015,1.707675,0.011,0,0.0130058,0.00777202,6.8658,3.83
1950,0.366,15.703239,0.093,1,0.014916,0.00954294,7.24138,3.944
1951,0.332,10.915569,0.111,1,0.00997197,0.0063322,7.52108,4.08
1952,0.373,10.641091,0.098,1,0.024889,0.0140318,9.72059,4.216
1953,0.094,8.240707,0.025,1,0.00871731,0.00848806,6.44462,3.738
1954,0.184,9.707538,0.037,1,0.0134859,0.00878553,7.65485,3.836
1955,0.29,19.083764,0.068,1,0.0183089,0.0110608,8.58007,3.934
1956,0.145,10.921127,0.036,1,0.0191853,0.00942928,8.69589,3.992
1957,0.336,18.165789,0.092,1,0.0149668,0.0127539,9.30287,4.18
1958,0.339,13.521712,0.104,1,0.0229774,0.00863309,9.98016,4.134
1959,0.381,10.490669,0.116,1,0.0217753,0.0119048,9.56096,4.15
1960,0.045,6.935022,0.018,0,0.0174069,0.0100105,7.42948,3.758
1961,0.207,11.417013,0.049,1,0.0173081,0.0110553,7.48628,3.936
1962,0.302,11.007948,0.081,1,0.0146903,0.00830078,8.84835,4.062
1963,0.313,11.691725,0.09,1,0.0198254,0.0180814,8.43683,3.91
1964,0.409,15.28421,0.096,1,0.0206263,0.0125604,8.46771,4.088
1965,0.273,8.493181,0.062,1,0.0174185,0.0141066,8.30578,3.774
1966,0.249,13.519407,0.066,1,0.0157078,0.0162437,8.47523,3.876
1967,0.02,0.0,0.01,0,0.00797679,0.00859753,6.72683,3.69
1968,0.25,11.483739,0.054,1,0.0122799,0.00887728,6.82192,3.796
1969,0.317,11.716756,0.087,1,0.0210336,0.0116618,8.69518,4.068
1970,0.266,10.333628,0.064,1,0.0145861,0.0139175,8.27862,3.826
1971,0.399,14.136459,0.107,1,0.0176105,0.00883219,8.60198,4.04
1972,0.36,17.903097,0.089,1,0.0166177,0.0143747,8.77637,4.114
1973,0.037,2.250557,0.022,0,0.0168818,0.014064,8.91589,4.066
1974,0.254,13.867727,0.052,1,0.0148871,0.00934579,8.70506,4.028
1975,0.292,19.750244,0.064,1,0.0169701,0.0102093,8.75245,3.878
1976,0.31,11.134763,0.071,1,0.020321,0.0126398,9.44953,4.062
1977,0.018,0.0,0.01,0,0.0162701,0.0138095,8.72525,4.142
1978,0.277,22.54729,0.061,1,0.0214608,0.0139961,9.10034,4.086
1979,0.346,13.425294,0.11,1,0.0132984,0.0100857,8.15945,3.926
1980,0.261,18.722502,0.07,1,0.011232,0.00719055,7.32333,3.866
1981,0.185,19.150321,0.038,1,0.0109431,0.0116773,7.06713,3.724
1982,0.027,0.248341,0.012,0,0.0108439,0.00782881,7.13098,3.802
1983,0.038,0.637493,0.012,0,0.0121067,0.00738007,7.10621,3.766
1984,0.243,12.710237,0.074,1,0.0150791,0.0144422,8.24356,3.958
1985,0.253,7.527175,0.076,1,0.0159453,0.0184815,8.71298,3.93
1986,0.33,9.603282,0.077,1,0.0185469,0.0187266,9.33779,4.192
1987,0.091,11.080107,0.022,1,0.0163366,0.0125604,8.89432,4.088
1988,0.196,14.848308,0.053,1,0.0153224,0.00841662,7.99788,3.77
1989,0.217,20.59337,0.041,1,0.0138847,0.0104548,6.96249,3.786
1990,0.05,10.613331,0.014,0,0.0157361,0.00681699,7.64995,3.788
1991,0.07,3.376983,0.018,1,0.0156105,0.0126706,9.01135,4.052
1992,0.32,14.543439,0.079,1,0.0157149,0.0119522,8.85232,3.968
1993,0.344,14.374169,0.084,1,0.0179462,0.0114723,9.21518,4.136
1994,0.269,22.266048,0.079,1,0.0151894,0.0115058,8.09615,3.952
1995,0.03,0.0,0.01,0,0.014417,0.0123648,7.38132,3.834
1996,0.262,13.024867,0.068,1,0.0169035,0.00945744,8.02663,3.98
1997,0.317,14.270298,0.056,1,0.0170036,0.0133197,8.24455,3.852
1998,0.396,11.328898,0.104,1,0.0157941,0.0101059,8.21828,4.114
1999,0.19,30.78265,0.043,1,0.0136957,0.0101064,7.41537,3.722
2000,0.215,23.984746,0.048,1,0.0211454,0.0133929,8.55958,3.978
