t,cond.S.mean,cond.S.sd,cond.S.se,cond.S.q025,cond.S.q25,cond.S.q50,cond.S.q75,cond.S.q975,cond.I.mean,cond.I.sd,cond.I.se,cond.I.q025,cond.I.q25,cond.I.q50,cond.I.q75,cond.I.q975,cond.R.mean,cond.R.sd,cond.R.se,cond.R.q025,cond.R.q25,cond.R.q50,cond.R.q75,cond.R.q975,cond.infectious.mean,cond.infectious.sd,cond.infectious.se,cond.infectious.q025,cond.infectious.q25,cond.infectious.q50,cond.infectious.q75,cond.infectious.q975,cond.cumulative.mean,cond.cumulative.sd,cond.cumulative.se,cond.cumulative.q025,cond.cumulative.q25,cond.cumulative.q50,cond.cumulative.q75,cond.cumulative.q975,uncond.S.mean,uncond.S.sd,uncond.S.se,uncond.S.q025,uncond.S.q25,uncond.S.q50,uncond.S.q75,uncond.S.q975,uncond.I.mean,uncond.I.sd,uncond.I.se,uncond.I.q025,uncond.I.q25,uncond.I.q50,uncond.I.q75,uncond.I.q975,uncond.R.mean,uncond.R.sd,uncond.R.se,uncond.R.q025,uncond.R.q25,uncond.R.q50,uncond.R.q75,uncond.R.q975,uncond.infectious.mean,uncond.infectious.sd,uncond.infectious.se,uncond.infectious.q025,uncond.infectious.q25,uncond.infectious.q50,uncond.infectious.q75,uncond.infectious.q975,uncond.cumulative.mean,uncond.cumulative.sd,uncond.cumulative.se,uncond.cumulative.q025,uncond.cumulative.q25,uncond.cumulative.q50,uncond.cumulative.q75,uncond.cumulative.q975
0.0,0.999535,0.00047,1.9e-5,0.99825,0.9994,0.9997,0.9999,0.9999,0.000268,0.0002,8.0e-6,0.0001,0.0001,0.0002,0.0003,0.0008,0.000197,0.00034,1.4e-5,0.0,0.0,0.0001,0.0003,0.0012,0.000268,0.0002,8.0e-6,0.0001,0.0001,0.0002,0.0003,0.0008,0.000465,0.00047,1.9e-5,0.0001,0.0001,0.0003,0.0006,0.00175,0.999748,0.00035,9.0e-6,0.9987,0.9998,0.9999,0.9999,0.9999,0.00017,0.00015,4.0e-6,0.0001,0.0001,0.0001,0.0002,0.0006,8.2e-5,0.00024,6.0e-6,0.0,0.0,0.0,0.0,0.0008,0.00017,0.00015,4.0e-6,0.0001,0.0001,0.0001,0.0002,0.0006,0.000252,0.00035,9.0e-6,0.0001,0.0001,0.0001,0.0002,0.0013
0.5,0.999501,0.0005,1.9e-5,0.9982,0.9993,0.9997,0.9998,0.9999,0.000292,0.00022,9.0e-6,0.0001,0.0001,0.0002,0.0004,0.0009,0.000207,0.00035,1.4e-5,0.0,0.0,0.0001,0.0003,0.00114,0.000292,0.00022,9.0e-6,0.0001,0.0001,0.0002,0.0004,0.0009,0.000499,0.0005,1.9e-5,0.0001,0.0002,0.0003,0.0007,0.0018,0.999711,0.00039,1.0e-5,0.9986,0.9997,0.9999,0.9999,0.9999,0.00018,0.00018,5.0e-6,0.0,0.0001,0.0001,0.0002,0.0007,0.000109,0.00025,7.0e-6,0.0,0.0,0.0,0.0001,0.0008,0.00018,0.00018,5.0e-6,0.0,0.0001,0.0001,0.0002,0.0007,0.000289,0.00039,1.0e-5,0.0001,0.0001,0.0001,0.0003,0.0014
1.0,0.999463,0.00052,1.9e-5,0.99815,0.9993,0.9996,0.9998,0.9999,0.000315,0.00023,9.0e-6,0.0001,0.0001,0.0003,0.0004,0.0009,0.000222,0.00036,1.3e-5,0.0,0.0,0.0001,0.0003,0.0012,0.000315,0.00023,9.0e-6,0.0001,0.0001,0.0003,0.0004,0.0009,0.000537,0.00052,1.9e-5,0.0001,0.0002,0.0004,0.0007,0.00185,0.999677,0.00042,1.1e-5,0.9985,0.9996,0.9999,0.9999,0.9999,0.00019,0.00021,5.0e-6,0.0,0.0001,0.0001,0.0003,0.0008,0.000133,0.00027,7.0e-6,0.0,0.0,0.0001,0.0001,0.0009,0.00019,0.00021,5.0e-6,0.0,0.0001,0.0001,0.0003,0.0008,0.000323,0.00042,1.1e-5,0.0001,0.0001,0.0001,0.0004,0.0015
1.5,0.999413,0.00055,1.9e-5,0.998,0.9992,0.9996,0.9998,0.9999,0.000346,0.00025,9.0e-6,0.0001,0.0002,0.0003,0.0005,0.001,0.00024,0.00038,1.3e-5,0.0,0.0,0.0001,0.0003,0.00135,0.000346,0.00025,9.0e-6,0.0001,0.0002,0.0003,0.0005,0.001,0.000587,0.00055,1.9e-5,0.0001,0.0002,0.0004,0.0008,0.002,0.999636,0.00045,1.1e-5,0.99837,0.9996,0.9998,0.9999,0.9999,0.000208,0.00024,6.0e-6,0.0,0.0,0.0001,0.0003,0.00083,0.000156,0.00029,7.0e-6,0.0,0.0,0.0001,0.0001,0.00093,0.000208,0.00024,6.0e-6,0.0,0.0,0.0001,0.0003,0.00083,0.000364,0.00045,1.1e-5,0.0001,0.0001,0.0002,0.0004,0.00163
2.0,0.999363,0.00059,1.9e-5,0.99789,0.9991,0.9995,0.9998,0.9999,0.000378,0.00028,9.0e-6,0.0001,0.0002,0.0003,0.0005,0.0011,0.000259,0.0004,1.3e-5,0.0,0.0,0.0001,0.0004,0.00131,0.000378,0.00028,9.0e-6,0.0001,0.0002,0.0003,0.0005,0.0011,0.000637,0.00059,1.9e-5,0.0001,0.0002,0.0005,0.0009,0.00211,0.999593,0.0005,1.2e-5,0.9982,0.9995,0.9998,0.9999,0.9999,0.000228,0.00026,6.0e-6,0.0,0.0,0.0001,0.0003,0.001,0.000179,0.0003,7.0e-6,0.0,0.0,0.0001,0.0002,0.001,0.000228,0.00026,6.0e-6,0.0,0.0,0.0001,0.0003,0.001,0.000407,0.0005,1.2e-5,0.0001,0.0001,0.0002,0.0005,0.0018
2.5,0.999285,0.00064,2.0e-5,0.9976,0.999,0.9995,0.9997,0.9999,0.000434,0.00031,1.0e-5,0.0001,0.0002,0.0004,0.0006,0.0013,0.000281,0.00041,1.3e-5,0.0,0.0,0.0001,0.0004,0.0014,0.000434,0.00031,1.0e-5,0.0001,0.0002,0.0004,0.0006,0.0013,0.000715,0.00064,2.0e-5,0.0001,0.0003,0.0005,0.001,0.0024,0.999538,0.00055,1.3e-5,0.9979,0.9994,0.9998,0.9999,0.9999,0.000262,0.00031,7.0e-6,0.0,0.0,0.0002,0.0004,0.0011,0.000201,0.00032,8.0e-6,0.0,0.0,0.0001,0.0002,0.0011,0.000262,0.00031,7.0e-6,0.0,0.0,0.0002,0.0004,0.0011,0.000462,0.00055,1.3e-5,0.0001,0.0001,0.0002,0.0006,0.0021
3.0,0.999192,0.00068,2.1e-5,0.99738,0.9989,0.9994,0.9997,0.9999,0.000492,0.00034,1.0e-5,0.0001,0.0002,0.0004,0.0007,0.0014,0.000316,0.00044,1.3e-5,0.0,0.0,0.0002,0.0004,0.0015,0.000492,0.00034,1.0e-5,0.0001,0.0002,0.0004,0.0007,0.0014,0.000808,0.00068,2.1e-5,0.0001,0.0003,0.0006,0.0011,0.00262,0.999472,0.00061,1.4e-5,0.9977,0.9993,0.9997,0.9999,0.9999,0.000299,0.00034,8.0e-6,0.0,0.0,0.0002,0.0005,0.0012,0.000229,0.00035,8.0e-6,0.0,0.0001,0.0001,0.0002,0.0012,0.000299,0.00034,8.0e-6,0.0,0.0,0.0002,0.0005,0.0012,0.000528,0.00061,1.4e-5,0.0001,0.0001,0.0003,0.0007,0.0023
3.5,0.999051,0.00074,2.2e-5,0.99719,0.9987,0.9992,0.9996,0.9999,0.000581,0.00037,1.1e-5,0.0001,0.0003,0.0005,0.0008,0.0015,0.000368,0.00047,1.4e-5,0.0,0.0,0.0002,0.0005,0.0016,0.000581,0.00037,1.1e-5,0.0001,0.0003,0.0005,0.0008,0.0015,0.000949,0.00074,2.2e-5,0.0001,0.0004,0.0008,0.0013,0.00281,0.999382,0.00069,1.6e-5,0.9975,0.9991,0.9997,0.9999,0.9999,0.000353,0.00039,9.0e-6,0.0,0.0,0.0002,0.0006,0.00139,0.000265,0.00038,9.0e-6,0.0,0.0001,0.0001,0.0003,0.0014,0.000353,0.00039,9.0e-6,0.0,0.0,0.0002,0.0006,0.00139,0.000618,0.00069,1.6e-5,0.0001,0.0001,0.0003,0.0009,0.0025
4.0,0.998873,0.0008,2.4e-5,0.9969,0.9984,0.999,0.9995,0.9999,0.000694,0.0004,1.2e-5,0.0001,0.0004,0.0006,0.0009,0.0016,0.000433,0.00052,1.5e-5,0.0,0.0001,0.0003,0.0006,0.0018,0.000694,0.0004,1.2e-5,0.0001,0.0004,0.0006,0.0009,0.0016,0.001127,0.0008,2.4e-5,0.0001,0.0005,0.001,0.0016,0.0031,0.99927,0.00078,1.8e-5,0.9972,0.9989,0.9996,0.9999,0.9999,0.000421,0.00045,1.0e-5,0.0,0.0,0.0003,0.0007,0.0014,0.000309,0.00043,1.0e-5,0.0,0.0001,0.0001,0.0004,0.0016,0.000421,0.00045,1.0e-5,0.0,0.0,0.0003,0.0007,0.0014,0.00073,0.00078,1.8e-5,0.0001,0.0001,0.0004,0.0011,0.0028
4.5,0.998646,0.00087,2.5e-5,0.9965,0.9982,0.9988,0.9993,0.9998,0.000832,0.00045,1.3e-5,0.0001,0.0005,0.0008,0.0011,0.0019,0.000522,0.00056,1.6e-5,0.0,0.0001,0.0003,0.0008,0.002,0.000832,0.00045,1.3e-5,0.0001,0.0005,0.0008,0.0011,0.0019,0.001354,0.00087,2.5e-5,0.0002,0.0007,0.0012,0.0018,0.0035,0.999129,0.00089,2.0e-5,0.9968,0.9987,0.9995,0.9999,0.9999,0.000505,0.00053,1.2e-5,0.0,0.0,0.0004,0.0009,0.0017,0.000367,0.00047,1.1e-5,0.0,0.0001,0.0002,0.0005,0.0017,0.000505,0.00053,1.2e-5,0.0,0.0,0.0004,0.0009,0.0017,0.000871,0.00089,2.0e-5,0.0001,0.0001,0.0005,0.0013,0.0032
5.0,0.998337,0.00094,2.7e-5,0.99605,0.9978,0.9985,0.999,0.9997,0.001029,0.00047,1.4e-5,0.0003,0.0007,0.001,0.0013,0.0021,0.000634,0.00062,1.8e-5,0.0,0.0002,0.0005,0.0009,0.0023,0.001029,0.00047,1.4e-5,0.0003,0.0007,0.001,0.0013,0.0021,0.001663,0.00094,2.7e-5,0.0003,0.001,0.0015,0.0022,0.00395,0.998943,0.00104,2.3e-5,0.9965,0.9983,0.9992,0.9999,0.9999,0.00062,0.00062,1.4e-5,0.0,0.0,0.0006,0.0011,0.0019,0.000437,0.00054,1.2e-5,0.0,0.0001,0.0002,0.0006,0.0019,0.00062,0.00062,1.4e-5,0.0,0.0,0.0006,0.0011,0.0019,0.001057,0.00104,2.3e-5,0.0001,0.0001,0.0008,0.0017,0.0035
5.5,0.997975,0.00101,2.9e-5,0.9955,0.9974,0.9981,0.9987,0.9995,0.001248,0.0005,1.5e-5,0.0004,0.0009,0.0012,0.0016,0.0023,0.000777,0.00067,1.9e-5,0.0,0.0003,0.0006,0.0011,0.0025,0.001248,0.0005,1.5e-5,0.0004,0.0009,0.0012,0.0016,0.0023,0.002025,0.00101,2.9e-5,0.0005,0.0013,0.0019,0.0026,0.0045,0.998725,0.0012,2.7e-5,0.996,0.9979,0.9989,0.9999,0.9999,0.00075,0.00072,1.6e-5,0.0,0.0,0.0008,0.0013,0.0021,0.000524,0.00061,1.4e-5,0.0,0.0001,0.0003,0.0007,0.0022,0.00075,0.00072,1.6e-5,0.0,0.0,0.0008,0.0013,0.0021,0.001275,0.0012,2.7e-5,0.0001,0.0001,0.0011,0.0021,0.004
6.0,0.99751,0.00108,3.1e-5,0.995,0.9969,0.9976,0.9983,0.99923,0.001543,0.00054,1.6e-5,0.0006,0.0012,0.0015,0.0019,0.0027,0.000947,0.00073,2.1e-5,0.0,0.0004,0.0008,0.0013,0.0029,0.001543,0.00054,1.6e-5,0.0006,0.0012,0.0015,0.0019,0.0027,0.00249,0.00108,3.1e-5,0.00077,0.0017,0.0024,0.0031,0.005,0.998448,0.00141,3.2e-5,0.9954,0.9974,0.9986,0.9999,0.9999,0.000925,0.00086,1.9e-5,0.0,0.0,0.001,0.0016,0.0025,0.000627,0.00069,1.5e-5,0.0,0.0001,0.0003,0.0009,0.0024,0.000925,0.00086,1.9e-5,0.0,0.0,0.001,0.0016,0.0025,0.001552,0.00141,3.2e-5,0.0001,0.0001,0.0014,0.0026,0.0046
6.5,0.996944,0.00114,3.3e-5,0.99428,0.9963,0.997,0.9978,0.9989,0.001903,0.00058,1.7e-5,0.00088,0.0015,0.0019,0.0023,0.0031,0.001152,0.00078,2.3e-5,0.0001,0.0006,0.001,0.0016,0.0031,0.001903,0.00058,1.7e-5,0.00088,0.0015,0.0019,0.0023,0.0031,0.003056,0.00114,3.3e-5,0.0011,0.0022,0.003,0.0037,0.00572,0.99811,0.00167,3.7e-5,0.9948,0.9968,0.9981,0.9999,0.9999,0.001139,0.00103,2.3e-5,0.0,0.0,0.0013,0.002,0.0029,0.000751,0.00078,1.7e-5,0.0001,0.0001,0.0005,0.0012,0.0028,0.001139,0.00103,2.3e-5,0.0,0.0,0.0013,0.002,0.0029,0.00189,0.00167,3.7e-5,0.0001,0.0001,0.0019,0.0032,0.0052
7.0,0.996221,0.00121,3.5e-5,0.99368,0.9954,0.9963,0.9971,0.9983,0.002366,0.00062,1.8e-5,0.0012,0.0019,0.0024,0.0028,0.0036,0.001413,0.00084,2.4e-5,0.0002,0.0008,0.0013,0.0019,0.0035,0.002366,0.00062,1.8e-5,0.0012,0.0019,0.0024,0.0028,0.0036,0.003779,0.00121,3.5e-5,0.0017,0.0029,0.0037,0.0046,0.00632,0.997679,0.002,4.5e-5,0.994,0.9961,0.99745,0.9999,0.9999,0.001414,0.00125,2.8e-5,0.0,0.0,0.0017,0.0025,0.0035,0.000908,0.00089,2.0e-5,0.0001,0.0001,0.0006,0.0014,0.0031,0.001414,0.00125,2.8e-5,0.0,0.0,0.0017,0.0025,0.0035,0.002321,0.002,4.5e-5,0.0001,0.0001,0.00255,0.0039,0.006
7.5,0.995318,0.00127,3.7e-5,0.99268,0.9945,0.9954,0.9962,0.99752,0.002939,0.00065,1.9e-5,0.0017,0.0025,0.0029,0.0034,0.0043,0.001743,0.0009,2.6e-5,0.0004,0.0011,0.0016,0.0022,0.004,0.002939,0.00065,1.9e-5,0.0017,0.0025,0.0029,0.0034,0.0043,0.004682,0.00127,3.7e-5,0.00248,0.0038,0.0046,0.0055,0.00732,0.997141,0.00242,5.4e-5,0.9929,0.9951,0.9966,0.9999,0.9999,0.001755,0.00152,3.4e-5,0.0,0.0,0.0023,0.003,0.0041,0.001105,0.00104,2.3e-5,0.0001,0.0001,0.0009,0.0018,0.0035,0.001755,0.00152,3.4e-5,0.0,0.0,0.0023,0.003,0.0041,0.002859,0.00242,5.4e-5,0.0001,0.0001,0.0034,0.0049,0.0071
8.0,0.994239,0.0013,3.8e-5,0.99158,0.9934,0.9943,0.9952,0.9966,0.003616,0.00067,1.9e-5,0.0024,0.0032,0.0036,0.0041,0.005,0.002145,0.00097,2.8e-5,0.0006,0.0015,0.002,0.0027,0.0044,0.003616,0.00067,1.9e-5,0.0024,0.0032,0.0036,0.0041,0.005,0.005761,0.0013,3.8e-5,0.0034,0.0048,0.0057,0.0066,0.00842,0.996498,0.00292,6.5e-5,0.9919,0.994,0.9955,0.9999,0.9999,0.002157,0.00184,4.1e-5,0.0,0.0,0.003,0.0037,0.0048,0.001345,0.00123,2.7e-5,0.0001,0.0001,0.0012,0.0022,0.004,0.002157,0.00184,4.1e-5,0.0,0.0,0.003,0.0037,0.0048,0.003502,0.00292,6.5e-5,0.0001,0.0001,0.0045,0.006,0.0081
8.5,0.992923,0.00131,3.8e-5,0.99028,0.9921,0.993,0.9938,0.9954,0.004433,0.00069,2.0e-5,0.0032,0.004,0.0044,0.0049,0.0058,0.002644,0.00104,3.0e-5,0.001,0.0019,0.0025,0.0032,0.0051,0.004433,0.00069,2.0e-5,0.0032,0.004,0.0044,0.0049,0.0058,0.007077,0.00131,3.8e-5,0.0046,0.0062,0.007,0.0079,0.00973,0.995714,0.00354,7.9e-5,0.9906,0.9927,0.9942,0.9999,0.9999,0.002644,0.00224,5.0e-5,0.0,0.0,0.0037,0.0045,0.0057,0.001643,0.00146,3.3e-5,0.0001,0.0001,0.0016,0.0027,0.0046,0.002644,0.00224,5.0e-5,0.0,0.0,0.0037,0.0045,0.0057,0.004286,0.00354,7.9e-5,0.0001,0.0001,0.0058,0.0073,0.0094
9.0,0.99127,0.00127,3.7e-5,0.9887,0.9905,0.9913,0.9921,0.9938,0.00548,0.0007,2.0e-5,0.0042,0.005,0.0055,0.006,0.00692,0.00325,0.00109,3.2e-5,0.0014,0.0025,0.0031,0.0039,0.0057,0.00548,0.0007,2.0e-5,0.0042,0.005,0.0055,0.006,0.00692,0.00873,0.00127,3.7e-5,0.0062,0.0079,0.0087,0.0095,0.0113,0.994729,0.00431,9.6e-5,0.989,0.991,0.9925,0.9999,0.9999,0.003266,0.00274,6.1e-5,0.0,0.0,0.0048,0.0056,0.0068,0.002004,0.00173,3.9e-5,0.0001,0.0001,0.0022,0.00332,0.0053,0.003266,0.00274,6.1e-5,0.0,0.0,0.0048,0.0056,0.0068,0.005271,0.00431,9.6e-5,0.0001,0.0001,0.0075,0.009,0.011
9.5,0.989248,0.00118,3.4e-5,0.9869,0.9885,0.9893,0.9901,0.99152,0.006745,0.00071,2.1e-5,0.0054,0.0062,0.0067,0.0072,0.0082,0.004007,0.00115,3.3e-5,0.002,0.0032,0.0039,0.0047,0.0065,0.006745,0.00071,2.1e-5,0.0054,0.0062,0.0067,0.0072,0.0082,0.010752,0.00118,3.4e-5,0.00848,0.0099,0.0107,0.0115,0.0131,0.993525,0.00527,0.000118,0.9872,0.989,0.9904,0.9999,0.9999,0.004019,0.00335,7.5e-5,0.0,0.0,0.006,0.0069,0.0081,0.002456,0.00208,4.7e-5,0.0001,0.0001,0.0029,0.0041,0.0062,0.004019,0.00335,7.5e-5,0.0,0.0,0.006,0.0069,0.0081,0.006475,0.00527,0.000118,0.0001,0.0001,0.0096,0.011,0.0128
10.0,0.986756,0.001,2.9e-5,0.9849,0.986,0.9868,0.9875,0.9887,0.008307,0.00077,2.2e-5,0.0067,0.0078,0.0083,0.0088,0.0099,0.004937,0.00116,3.4e-5,0.0029,0.0041,0.0048,0.0057,0.0073,0.008307,0.00077,2.2e-5,0.0067,0.0078,0.0083,0.0088,0.0099,0.013244,0.001,2.9e-5,0.0113,0.0125,0.0132,0.014,0.0151,0.992041,0.00646,0.000144,0.9851,0.9865,0.9878,0.9999,0.9999,0.004949,0.00412,9.2e-5,0.0,0.0,0.0076,0.0084,0.0096,0.00301,0.00251,5.6e-5,0.0001,0.0001,0.0038,0.0051,0.0071,0.004949,0.00412,9.2e-5,0.0,0.0,0.0076,0.0084,0.0096,0.007959,0.00646,0.000144,0.0001,0.0001,0.0122,0.0135,0.0149
10.5,0.983734,0.0007,2.0e-5,0.9825,0.9832,0.9837,0.9842,0.9852,0.010171,0.0009,2.6e-5,0.00838,0.0095,0.0102,0.0108,0.0118,0.006095,0.00116,3.3e-5,0.004,0.0053,0.006,0.0069,0.0085,0.010171,0.0009,2.6e-5,0.00838,0.0095,0.0102,0.0108,0.0118,0.016266,0.0007,2.0e-5,0.0148,0.0158,0.0163,0.0168,0.0175,0.990241,0.00792,0.000177,0.9826,0.9836,0.9845,0.9999,0.9999,0.006059,0.00504,0.000113,0.0,0.0,0.0093,0.0104,0.0117,0.0037,0.00304,6.8e-5,0.0001,0.0001,0.005,0.0063,0.0082,0.006059,0.00504,0.000113,0.0,0.0,0.0093,0.0104,0.0117,0.009759,0.00792,0.000177,0.0001,0.0001,0.0155,0.0164,0.0174
11.0,0.9799,0.0,0.0,0.9799,0.9799,0.9799,0.9799,0.9799,0.012607,0.00111,3.2e-5,0.0104,0.0119,0.0126,0.0134,0.0146,0.007493,0.00111,3.2e-5,0.0055,0.0067,0.0075,0.0082,0.0097,0.012607,0.00111,3.2e-5,0.0104,0.0119,0.0126,0.0134,0.0146,0.0201,0.0,0.0,0.0201,0.0201,0.0201,0.0201,0.0201,0.987958,0.00978,0.000219,0.9799,0.9799,0.9799,0.9999,0.9999,0.007509,0.00625,0.00014,0.0,0.0,0.0115,0.0129,0.0145,0.004533,0.00369,8.3e-5,0.0001,0.0001,0.0064,0.0077,0.0094,0.007509,0.00625,0.00014,0.0,0.0,0.0115,0.0129,0.0145,0.012042,0.00978,0.000219,0.0001,0.0001,0.0201,0.0201,0.0201
11.5,0.975357,0.00095,2.7e-5,0.97338,0.9747,0.9754,0.976,0.9771,0.015427,0.0017,4.9e-5,0.01208,0.0142,0.0154,0.0166,0.0187,0.009217,0.00105,3.0e-5,0.0072,0.0085,0.0092,0.0099,0.01132,0.015427,0.0017,4.9e-5,0.01208,0.0142,0.0154,0.0166,0.0187,0.024643,0.00095,2.7e-5,0.0229,0.024,0.0246,0.0253,0.02662,0.985252,0.01203,0.000269,0.9736,0.9752,0.9763,0.9999,0.9999,0.009188,0.00768,0.000172,0.0,0.0,0.0137,0.0158,0.0184,0.00556,0.00451,0.000101,0.0001,0.0001,0.0082,0.0094,0.0111,0.009188,0.00768,0.000172,0.0,0.0,0.0137,0.0158,0.0184,0.014748,0.01203,0.000269,0.0001,0.0001,0.0237,0.0248,0.0264
12.0,0.969832,0.00183,5.3e-5,0.9661,0.9686,0.9699,0.9712,0.9732,0.018824,0.00235,6.8e-5,0.01418,0.0173,0.0188,0.0204,0.0234,0.011344,0.00096,2.8e-5,0.0095,0.0107,0.0113,0.012,0.0132,0.018824,0.00235,6.8e-5,0.01418,0.0173,0.0188,0.0204,0.0234,0.030168,0.00183,5.3e-5,0.0268,0.0288,0.0301,0.0314,0.0339,0.981962,0.01479,0.000331,0.9665,0.9695,0.9716,0.9999,0.9999,0.011212,0.00942,0.000211,0.0,0.0,0.0164,0.01922,0.0231,0.006826,0.00553,0.000124,0.0001,0.0001,0.0104,0.0115,0.013,0.011212,0.00942,0.000211,0.0,0.0,0.0164,0.01922,0.0231,0.018038,0.01479,0.000331,0.0001,0.0001,0.0284,0.0305,0.0335
12.5,0.96316,0.0029,8.4e-5,0.9572,0.9613,0.9632,0.9652,0.9687,0.022897,0.00318,9.2e-5,0.0167,0.0207,0.0229,0.0251,0.0292,0.013942,0.00089,2.6e-5,0.0122,0.0133,0.014,0.0145,0.0157,0.022897,0.00318,9.2e-5,0.0167,0.0207,0.0229,0.0251,0.0292,0.03684,0.0029,8.4e-5,0.0313,0.0348,0.0368,0.0387,0.0428,0.977989,0.01814,0.000406,0.9581,0.9626,0.96605,0.9999,0.9999,0.013637,0.0115,0.000257,0.0,0.0,0.0197,0.0235,0.0284,0.008374,0.00679,0.000152,0.0001,0.0001,0.013,0.0142,0.0154,0.013637,0.0115,0.000257,0.0,0.0,0.0197,0.0235,0.0284,0.022011,0.01814,0.000406,0.0001,0.0001,0.03395,0.0374,0.0419
13.0,0.955151,0.00419,0.000121,0.94687,0.9525,0.9553,0.9579,0.9633,0.027758,0.00406,0.000118,0.0198,0.0251,0.0277,0.0305,0.03585,0.017092,0.00096,2.8e-5,0.0152,0.0165,0.0171,0.0177,0.0191,0.027758,0.00406,0.000118,0.0198,0.0251,0.0277,0.0305,0.03585,0.044849,0.00419,0.000121,0.0367,0.0421,0.0447,0.0475,0.05312,0.973219,0.02217,0.000496,0.9476,0.9544,0.9593,0.9999,0.9999,0.016531,0.01398,0.000313,0.0,0.0,0.02385,0.0285,0.0348,0.01025,0.00834,0.000186,0.0001,0.0001,0.0162,0.0172,0.0187,0.016531,0.01398,0.000313,0.0,0.0,0.02385,0.0285,0.0348,0.026781,0.02217,0.000496,0.0001,0.0001,0.0407,0.0456,0.0524
13.5,0.945606,0.00571,0.000166,0.93425,0.94165,0.9458,0.9493,0.9566,0.033476,0.00507,0.000147,0.0237,0.0302,0.0332,0.0369,0.0434,0.020919,0.00126,3.6e-5,0.0185,0.0201,0.0209,0.0217,0.0235,0.033476,0.00507,0.000147,0.0237,0.0302,0.0332,0.0369,0.0434,0.054394,0.00571,0.000166,0.0434,0.0507,0.0542,0.05835,0.06575,0.967535,0.02698,0.000603,0.9354,0.9447,0.9513,0.9999,0.9999,0.019936,0.01689,0.000378,0.0,0.0,0.02845,0.03432,0.0423,0.012529,0.01023,0.000229,0.0001,0.0001,0.0197,0.0211,0.0231,0.019936,0.01689,0.000378,0.0,0.0,0.02845,0.03432,0.0423,0.032465,0.02698,0.000603,0.0001,0.0001,0.0487,0.0553,0.0646
14.0,0.934186,0.00751,0.000218,0.9191,0.9291,0.9344,0.9391,0.94852,0.040307,0.00625,0.000181,0.0281,0.03625,0.0403,0.0445,0.0527,0.025507,0.00179,5.2e-5,0.0221,0.0243,0.0254,0.0267,0.02902,0.040307,0.00625,0.000181,0.0281,0.03625,0.0403,0.0445,0.0527,0.065814,0.00751,0.000218,0.05148,0.0609,0.0656,0.0709,0.0809,0.960734,0.03274,0.000732,0.9208,0.93298,0.9418,0.9999,0.9999,0.024004,0.02037,0.000455,0.0,0.0,0.0341,0.0415,0.0515,0.015262,0.01251,0.00028,0.0001,0.0001,0.0238,0.0258,0.0287,0.024004,0.02037,0.000455,0.0,0.0,0.0341,0.0415,0.0515,0.039266,0.03274,0.000732,0.0001,0.0001,0.0582,0.06702,0.0792
14.5,0.920723,0.00949,0.000275,0.90155,0.9143,0.9209,0.9272,0.93882,0.048272,0.00748,0.000217,0.0339,0.04325,0.0482,0.05305,0.0636,0.031005,0.00252,7.3e-5,0.0264,0.0292,0.031,0.0327,0.036,0.048272,0.00748,0.000217,0.0339,0.04325,0.0482,0.05305,0.0636,0.079277,0.00949,0.000275,0.06118,0.0728,0.0791,0.0857,0.09845,0.952717,0.03951,0.000884,0.9039,0.9192,0.9301,0.9999,0.9999,0.028747,0.02439,0.000545,0.0,0.0,0.0407,0.0496,0.0618,0.018536,0.01526,0.000341,0.0001,0.0001,0.0285,0.0314,0.0354,0.028747,0.02439,0.000545,0.0,0.0,0.0407,0.0496,0.0618,0.047283,0.03951,0.000884,0.0001,0.0001,0.0699,0.0808,0.0961
15.0,0.904877,0.01178,0.000341,0.88147,0.897,0.9051,0.9129,0.92762,0.057511,0.00887,0.000257,0.0402,0.0515,0.0572,0.063,0.0752,0.037612,0.00343,9.9e-5,0.031,0.0352,0.0376,0.0399,0.0443,0.057511,0.00887,0.000257,0.0402,0.0515,0.0572,0.063,0.0752,0.095123,0.01178,0.000341,0.07238,0.0871,0.0949,0.103,0.11852,0.943281,0.04749,0.001062,0.8841,0.9027,0.91635,0.9999,0.9999,0.034249,0.02905,0.00065,0.0,0.0,0.0488,0.0589,0.0732,0.022471,0.01857,0.000415,0.0001,0.0001,0.0342,0.0382,0.0436,0.034249,0.02905,0.00065,0.0,0.0,0.0488,0.0589,0.0732,0.056719,0.04749,0.001062,0.0001,0.0001,0.08365,0.0973,0.11591
15.5,0.88659,0.01434,0.000416,0.8584,0.8771,0.8864,0.8961,0.91402,0.068002,0.01032,0.000299,0.0479,0.0611,0.0681,0.0746,0.08792,0.045408,0.00453,0.000131,0.03688,0.0423,0.0454,0.04835,0.05455,0.068002,0.01032,0.000299,0.0479,0.0611,0.0681,0.0746,0.08792,0.11341,0.01434,0.000416,0.08598,0.1039,0.1136,0.1229,0.1416,0.932391,0.05668,0.001267,0.8618,0.8842,0.9008,0.9999,0.9999,0.040496,0.03432,0.000767,0.0,0.0,0.05765,0.07,0.0864,0.027113,0.02248,0.000503,0.0001,0.0001,0.0408,0.0462,0.0535,0.040496,0.03432,0.000767,0.0,0.0,0.05765,0.07,0.0864,0.067609,0.05668,0.001267,0.0001,0.0001,0.0992,0.1158,0.1382
16.0,0.865517,0.01717,0.000498,0.83248,0.8546,0.8655,0.8771,0.8986,0.079873,0.01187,0.000344,0.0572,0.0718,0.0801,0.0876,0.1032,0.05461,0.00584,0.000169,0.0435,0.0508,0.0545,0.0585,0.06592,0.079873,0.01187,0.000344,0.0572,0.0718,0.0801,0.0876,0.1032,0.134483,0.01717,0.000498,0.1014,0.1229,0.1345,0.1454,0.16752,0.919842,0.06725,0.001504,0.8363,0.8625,0.8823,0.9999,0.9999,0.047565,0.04027,0.0009,0.0,0.0,0.0681,0.08212,0.1009,0.032593,0.0271,0.000606,0.0001,0.0001,0.04895,0.0557,0.0643,0.047565,0.04027,0.0009,0.0,0.0,0.0681,0.08212,0.1009,0.080158,0.06725,0.001504,0.0001,0.0001,0.1177,0.1375,0.1637
16.5,0.84168,0.02016,0.000584,0.80345,0.82915,0.8414,0.85495,0.88028,0.092961,0.01347,0.00039,0.0672,0.08385,0.0928,0.1016,0.11902,0.065359,0.00727,0.000211,0.0514,0.0605,0.0653,0.0702,0.07945,0.092961,0.01347,0.00039,0.0672,0.08385,0.0928,0.1016,0.11902,0.15832,0.02016,0.000584,0.11972,0.14505,0.1586,0.17085,0.19655,0.905646,0.07918,0.00177,0.807,0.8378,0.8617,0.9999,0.9999,0.055359,0.0468,0.001047,0.0,0.0,0.0796,0.0956,0.1169,0.038994,0.03248,0.000726,0.0001,0.0001,0.0584,0.06642,0.0779,0.055359,0.0468,0.001047,0.0,0.0,0.0796,0.0956,0.1169,0.094354,0.07918,0.00177,0.0001,0.0001,0.1383,0.1622,0.193
17.0,0.814985,0.02323,0.000673,0.77005,0.8002,0.8147,0.8304,0.86012,0.107106,0.01491,0.000432,0.0778,0.09755,0.1071,0.11685,0.13615,0.077908,0.00894,0.000259,0.0607,0.0717,0.0777,0.0841,0.0949,0.107106,0.01491,0.000432,0.0778,0.09755,0.1071,0.11685,0.13615,0.185015,0.02323,0.000673,0.13988,0.1696,0.1853,0.1998,0.22995,0.88975,0.09249,0.002068,0.7747,0.8104,0.83825,0.9999,0.9999,0.063782,0.05382,0.001204,0.0,0.0,0.0921,0.1103,0.1339,0.046468,0.03878,0.000867,0.0001,0.0001,0.0693,0.07952,0.0933,0.063782,0.05382,0.001204,0.0,0.0,0.0921,0.1103,0.1339,0.11025,0.09249,0.002068,0.0001,0.0001,0.16175,0.1896,0.2253
17.5,0.785777,0.0263,0.000762,0.73535,0.7687,0.7854,0.80385,0.8373,0.122046,0.0162,0.000469,0.08988,0.1113,0.1219,0.1331,0.15282,0.092178,0.01078,0.000312,0.0716,0.0848,0.0919,0.0993,0.11282,0.122046,0.0162,0.000469,0.08988,0.1113,0.1219,0.1331,0.15282,0.214223,0.0263,0.000762,0.1627,0.19615,0.2146,0.2313,0.26465,0.872356,0.10702,0.002393,0.74029,0.78048,0.8121,0.9999,0.9999,0.072679,0.0612,0.001369,0.0,0.0,0.1056,0.1255,0.1509,0.054965,0.04592,0.001027,0.0001,0.0001,0.0814,0.09422,0.1102,0.072679,0.0612,0.001369,0.0,0.0,0.1056,0.1255,0.1509,0.127644,0.10702,0.002393,0.0001,0.0001,0.1879,0.21952,0.25971
18.0,0.754142,0.02909,0.000843,0.69783,0.73525,0.7541,0.7738,0.81185,0.13745,0.01711,0.000496,0.10288,0.126,0.1378,0.1492,0.17,0.108408,0.01269,0.000368,0.08395,0.0998,0.1086,0.11645,0.13317,0.13745,0.01711,0.000496,0.10288,0.126,0.1378,0.1492,0.17,0.245858,0.02909,0.000843,0.18815,0.2262,0.2459,0.26475,0.30217,0.853518,0.12268,0.002743,0.70279,0.7482,0.78335,0.9999,0.9999,0.081852,0.06875,0.001537,0.0,0.0,0.1206,0.1413,0.1674,0.06463,0.05402,0.001208,0.0001,0.0001,0.096,0.11092,0.13,0.081852,0.06875,0.001537,0.0,0.0,0.1206,0.1413,0.1674,0.146482,0.12268,0.002743,0.0001,0.0001,0.21665,0.2518,0.29721
18.5,0.720559,0.03168,0.000918,0.65938,0.6993,0.72,0.742,0.7851,0.152775,0.01773,0.000514,0.1164,0.1412,0.1539,0.1653,0.18662,0.126666,0.01474,0.000427,0.0981,0.1167,0.1267,0.1363,0.15502,0.152775,0.01773,0.000514,0.1164,0.1412,0.1539,0.1653,0.18662,0.279441,0.03168,0.000918,0.2149,0.258,0.28,0.3007,0.34062,0.833519,0.13925,0.003114,0.665,0.71395,0.75275,0.9999,0.9999,0.090978,0.07624,0.001705,0.0,0.0,0.13535,0.1567,0.18351,0.075503,0.06313,0.001412,0.0001,0.0001,0.112,0.1298,0.15181,0.090978,0.07624,0.001705,0.0,0.0,0.13535,0.1567,0.18351,0.166481,0.13925,0.003114,0.0001,0.0001,0.24725,0.28605,0.33501
19.0,0.685509,0.03382,0.00098,0.62192,0.66275,0.6849,0.7084,0.7558,0.167776,0.01787,0.000518,0.1302,0.1565,0.1685,0.1801,0.2016,0.146715,0.01686,0.000488,0.1134,0.1353,0.1468,0.15795,0.17892,0.167776,0.01787,0.000518,0.1302,0.1565,0.1685,0.1801,0.2016,0.314491,0.03382,0.00098,0.2442,0.2916,0.3151,0.33725,0.37808,0.812646,0.15649,0.003499,0.62798,0.67867,0.71975,0.9999,0.9999,0.099911,0.08351,0.001867,0.0,0.0,0.1502,0.172,0.1978,0.087443,0.0731,0.001635,0.0001,0.0001,0.1302,0.1502,0.17521,0.099911,0.08351,0.001867,0.0,0.0,0.1502,0.172,0.1978,0.187354,0.15649,0.003499,0.0001,0.0001,0.28025,0.32132,0.37202
19.5,0.649692,0.0353,0.001023,0.5847,0.62605,0.6484,0.67315,0.72332,0.18166,0.01737,0.000503,0.14545,0.16995,0.1824,0.1936,0.214,0.168648,0.01893,0.000549,0.1303,0.15605,0.1685,0.1811,0.2049,0.18166,0.01737,0.000503,0.14545,0.16995,0.1824,0.1936,0.214,0.350308,0.0353,0.001023,0.27668,0.32685,0.3516,0.37395,0.4153,0.791317,0.17403,0.003891,0.5899,0.64168,0.6846,0.9999,0.9999,0.108179,0.09018,0.002017,0.0,0.0,0.16465,0.186,0.2104,0.100504,0.08398,0.001878,0.0001,0.0001,0.15,0.1726,0.2011,0.108179,0.09018,0.002017,0.0,0.0,0.16465,0.186,0.2104,0.208683,0.17403,0.003891,0.0001,0.0001,0.3154,0.35832,0.4101
20.0,0.613649,0.03622,0.001049,0.54605,0.5891,0.6115,0.63795,0.6902,0.194239,0.01654,0.000479,0.15975,0.18285,0.1954,0.2056,0.22368,0.192112,0.02083,0.000603,0.14898,0.178,0.1925,0.2056,0.23262,0.194239,0.01654,0.000479,0.15975,0.18285,0.1954,0.2056,0.22368,0.386351,0.03622,0.001049,0.3098,0.36205,0.3885,0.4109,0.45395,0.769854,0.19162,0.004285,0.5538,0.6053,0.6493,0.9999,0.9999,0.11567,0.0962,0.002151,0.0,0.0,0.1783,0.19842,0.2205,0.114477,0.09558,0.002137,0.0001,0.0001,0.1715,0.19632,0.2278,0.11567,0.0962,0.002151,0.0,0.0,0.1783,0.19842,0.2205,0.230146,0.19162,0.004285,0.0001,0.0001,0.3507,0.3947,0.4462
20.5,0.578042,0.03651,0.001058,0.51078,0.55335,0.5759,0.60205,0.65618,0.204858,0.01528,0.000443,0.1725,0.1948,0.2059,0.2152,0.23132,0.217099,0.0226,0.000655,0.1706,0.20175,0.2178,0.23165,0.2598,0.204858,0.01528,0.000443,0.1725,0.1948,0.2059,0.2152,0.23132,0.421958,0.03651,0.001058,0.34383,0.39795,0.4241,0.44665,0.48922,0.74865,0.20896,0.004673,0.51839,0.5692,0.6144,0.9999,0.9999,0.121993,0.10126,0.002264,0.0,0.0,0.18965,0.2091,0.2295,0.129357,0.10791,0.002413,0.0001,0.0001,0.195,0.22155,0.2558,0.121993,0.10126,0.002264,0.0,0.0,0.18965,0.2091,0.2295,0.25135,0.20896,0.004673,0.0001,0.0001,0.3856,0.4308,0.48161
21.0,0.543478,0.03628,0.001051,0.47708,0.5189,0.5411,0.56705,0.62152,0.21331,0.01376,0.000399,0.18462,0.205,0.2142,0.2228,0.23745,0.243212,0.02414,0.0007,0.1925,0.22725,0.2444,0.2587,0.28872,0.21331,0.01376,0.000399,0.18462,0.205,0.2142,0.2228,0.23745,0.456522,0.03628,0.001051,0.37848,0.43295,0.4589,0.4811,0.52293,0.728067,0.22577,0.005048,0.48469,0.53448,0.5795,0.9999,0.9999,0.127026,0.10525,0.002354,0.0,0.0,0.1996,0.21672,0.23541,0.144907,0.12075,0.0027,0.0001,0.0001,0.2195,0.2484,0.2838,0.127026,0.10525,0.002354,0.0,0.0,0.1996,0.21672,0.23541,0.271933,0.22577,0.005048,0.0001,0.0001,0.4205,0.46552,0.51531
21.5,0.510353,0.03551,0.001029,0.44488,0.48595,0.508,0.53275,0.58735,0.219434,0.01215,0.000352,0.19388,0.2118,0.2205,0.22785,0.2413,0.270212,0.02543,0.000737,0.21735,0.25275,0.2715,0.2866,0.3178,0.219434,0.01215,0.000352,0.19388,0.2118,0.2205,0.22785,0.2413,0.489647,0.03551,0.001029,0.41265,0.46725,0.492,0.51405,0.55513,0.708341,0.24184,0.005408,0.45339,0.50147,0.54655,0.9999,0.9999,0.130673,0.10813,0.002418,0.0,0.0,0.20715,0.2225,0.2393,0.160985,0.13401,0.002996,0.0001,0.0001,0.24575,0.276,0.3127,0.130673,0.10813,0.002418,0.0,0.0,0.20715,0.2225,0.2393,0.291659,0.24184,0.005408,0.0001,0.0001,0.45345,0.49852,0.54661
22.0,0.479144,0.03428,0.000993,0.4176,0.4553,0.4769,0.50095,0.5541,0.222858,0.01044,0.000302,0.20108,0.21645,0.2235,0.2297,0.24222,0.297998,0.02652,0.000768,0.24325,0.2803,0.2992,0.3156,0.34728,0.222858,0.01044,0.000302,0.20108,0.21645,0.2235,0.2297,0.24222,0.520856,0.03428,0.000993,0.4459,0.49905,0.5231,0.5447,0.5824,0.689756,0.25697,0.005746,0.4232,0.4702,0.5138,0.9999,0.9999,0.132712,0.1097,0.002453,0.0,0.0,0.21225,0.2256,0.2401,0.177532,0.14763,0.003301,0.0001,0.0001,0.27185,0.30373,0.3428,0.132712,0.1097,0.002453,0.0,0.0,0.21225,0.2256,0.2401,0.310244,0.25697,0.005746,0.0001,0.0001,0.4862,0.5298,0.5768
22.5,0.450028,0.03264,0.000946,0.3911,0.4275,0.4475,0.471,0.51998,0.224045,0.00899,0.00026,0.2056,0.21815,0.2247,0.23005,0.24072,0.325927,0.02735,0.000792,0.26828,0.3078,0.3276,0.3442,0.3768,0.224045,0.00899,0.00026,0.2056,0.21815,0.2247,0.23005,0.24072,0.549972,0.03264,0.000946,0.48002,0.529,0.5525,0.5725,0.6089,0.672417,0.27107,0.006061,0.39729,0.44108,0.48375,0.9999,0.9999,0.133419,0.11021,0.002464,0.0,0.0,0.21525,0.2262,0.2391,0.194164,0.1613,0.003607,0.0001,0.0001,0.29875,0.3318,0.37191,0.133419,0.11021,0.002464,0.0,0.0,0.21525,0.2262,0.2391,0.327583,0.27107,0.006061,0.0001,0.0001,0.51625,0.55892,0.60271
23.0,0.423237,0.03096,0.000897,0.36898,0.40185,0.4207,0.44275,0.4908,0.222879,0.00808,0.000234,0.2062,0.2175,0.2233,0.22835,0.23805,0.353884,0.0278,0.000806,0.296,0.335,0.3556,0.3728,0.4048,0.222879,0.00808,0.000234,0.2062,0.2175,0.2233,0.22835,0.23805,0.576763,0.03096,0.000897,0.5092,0.55725,0.5793,0.59815,0.63102,0.656463,0.28406,0.006352,0.37399,0.4147,0.45535,0.9999,0.9999,0.132725,0.10959,0.002451,0.0,0.0,0.21485,0.2247,0.2364,0.210812,0.17496,0.003912,0.0001,0.0001,0.3262,0.3606,0.4003,0.132725,0.10959,0.002451,0.0,0.0,0.21485,0.2247,0.2364,0.343537,0.28406,0.006352,0.0001,0.0001,0.54465,0.5853,0.62601
23.5,0.398612,0.02908,0.000843,0.3475,0.37855,0.396,0.4171,0.46148,0.219807,0.00767,0.000222,0.20505,0.2145,0.2198,0.22515,0.2349,0.381582,0.02795,0.00081,0.32218,0.363,0.3836,0.4003,0.43312,0.219807,0.00767,0.000222,0.20505,0.2145,0.2198,0.22515,0.2349,0.601388,0.02908,0.000843,0.53852,0.5829,0.604,0.62145,0.6525,0.641799,0.29599,0.006619,0.35179,0.3909,0.42815,0.9999,0.9999,0.130895,0.10807,0.002416,0.0,0.0,0.2121,0.22132,0.2329,0.227306,0.18847,0.004214,0.0001,0.0001,0.3537,0.3886,0.4277,0.130895,0.10807,0.002416,0.0,0.0,0.2121,0.22132,0.2329,0.358201,0.29599,0.006619,0.0001,0.0001,0.57185,0.6091,0.64821
24.0,0.376446,0.02714,0.000787,0.32875,0.3576,0.3747,0.39355,0.4355,0.214809,0.00766,0.000222,0.20038,0.2093,0.2149,0.2204,0.22992,0.408745,0.02789,0.000808,0.3491,0.39015,0.4106,0.42775,0.45998,0.214809,0.00766,0.000222,0.20038,0.2093,0.2149,0.2204,0.22992,0.623554,0.02714,0.000787,0.5645,0.60645,0.6253,0.6424,0.67125,0.6286,0.30674,0.006859,0.33308,0.36938,0.40435,0.9999,0.9999,0.127919,0.10562,0.002362,0.0,0.0,0.2071,0.21662,0.2282,0.243481,0.20172,0.004511,0.0001,0.0001,0.3808,0.4153,0.4552,0.127919,0.10562,0.002362,0.0,0.0,0.2071,0.21662,0.2282,0.3714,0.30674,0.006859,0.0001,0.0001,0.59565,0.63062,0.66692
24.5,0.356508,0.02526,0.000732,0.3123,0.3384,0.3545,0.37255,0.41085,0.208353,0.00807,0.000234,0.1932,0.2028,0.2084,0.2139,0.22442,0.435139,0.02771,0.000803,0.37542,0.4168,0.4368,0.4543,0.4868,0.208353,0.00807,0.000234,0.1932,0.2028,0.2084,0.2139,0.22442,0.643492,0.02526,0.000732,0.58915,0.62745,0.6455,0.6616,0.6877,0.616726,0.31641,0.007075,0.31589,0.34988,0.383,0.9999,0.9999,0.124075,0.10247,0.002291,0.0,0.0,0.20025,0.2103,0.2225,0.259199,0.2146,0.004798,0.0001,0.0001,0.40735,0.44182,0.48102,0.124075,0.10247,0.002291,0.0,0.0,0.20025,0.2103,0.2225,0.383274,0.31641,0.007075,0.0001,0.0001,0.617,0.65012,0.68411
25.0,0.338692,0.02345,0.00068,0.29775,0.3219,0.337,0.3529,0.38945,0.200616,0.0086,0.000249,0.1849,0.1945,0.2005,0.2065,0.2171,0.460692,0.02727,0.00079,0.40238,0.44275,0.4627,0.47985,0.51085,0.200616,0.0086,0.000249,0.1849,0.1945,0.2005,0.2065,0.2171,0.661308,0.02345,0.00068,0.61055,0.6471,0.663,0.6781,0.70225,0.606117,0.32506,0.007269,0.301,0.3325,0.36335,0.9999,0.9999,0.119467,0.09871,0.002207,0.0,0.0,0.19155,0.2025,0.2156,0.274416,0.22705,0.005077,0.0001,0.0001,0.4333,0.4671,0.5052,0.119467,0.09871,0.002207,0.0,0.0,0.19155,0.2025,0.2156,0.393883,0.32506,0.007269,0.0001,0.0001,0.63665,0.6675,0.699
25.5,0.322817,0.02179,0.000631,0.2844,0.3073,0.3214,0.33645,0.3707,0.192004,0.00909,0.000263,0.17518,0.1855,0.1917,0.1985,0.2099,0.48518,0.02665,0.000772,0.4283,0.4675,0.487,0.504,0.5337,0.192004,0.00909,0.000263,0.17518,0.1855,0.1917,0.1985,0.2099,0.677183,0.02179,0.000631,0.6293,0.66355,0.6786,0.6927,0.7156,0.596663,0.33278,0.007441,0.2878,0.31698,0.34565,0.9999,0.9999,0.114338,0.09452,0.002113,0.0,0.0,0.1826,0.1937,0.2073,0.288999,0.23898,0.005344,0.0001,0.0001,0.4582,0.49182,0.5282,0.114338,0.09452,0.002113,0.0,0.0,0.1826,0.1937,0.2073,0.403337,0.33278,0.007441,0.0001,0.0001,0.65435,0.68303,0.7122
26.0,0.308766,0.02017,0.000584,0.27328,0.29405,0.3072,0.3213,0.35235,0.182654,0.00944,0.000274,0.16538,0.1758,0.1824,0.1891,0.20062,0.50858,0.02582,0.000748,0.45265,0.49195,0.5101,0.5268,0.55485,0.182654,0.00944,0.000274,0.16538,0.1758,0.1824,0.1891,0.20062,0.691234,0.02017,0.000584,0.64765,0.6787,0.6928,0.70595,0.72672,0.588296,0.33961,0.007594,0.27629,0.3038,0.32995,0.9999,0.9999,0.10877,0.08996,0.002012,0.0,0.0,0.17315,0.18415,0.1993,0.302934,0.25038,0.005599,0.0001,0.0001,0.4821,0.5154,0.55051,0.10877,0.08996,0.002012,0.0,0.0,0.17315,0.18415,0.1993,0.411704,0.33961,0.007594,0.0001,0.0001,0.67005,0.6962,0.7237
26.5,0.296292,0.01873,0.000543,0.26338,0.28295,0.2951,0.30815,0.33635,0.172944,0.00981,0.000284,0.15525,0.166,0.1725,0.1796,0.193,0.530764,0.02501,0.000725,0.47762,0.5142,0.5328,0.54805,0.57515,0.172944,0.00981,0.000284,0.15525,0.166,0.1725,0.1796,0.193,0.703708,0.01873,0.000543,0.66365,0.69185,0.7049,0.71705,0.73662,0.580868,0.34567,0.00773,0.2661,0.2917,0.3157,0.9999,0.9999,0.102988,0.08524,0.001906,0.0,0.0,0.1631,0.1744,0.1902,0.316144,0.26119,0.00584,0.0001,0.0001,0.50505,0.5375,0.5716,0.102988,0.08524,0.001906,0.0,0.0,0.1631,0.1744,0.1902,0.419132,0.34567,0.00773,0.0001,0.0001,0.6843,0.7083,0.7339
27.0,0.285288,0.0174,0.000504,0.25452,0.2729,0.2843,0.2961,0.32225,0.162911,0.00998,0.000289,0.1447,0.1559,0.1624,0.1692,0.18205,0.5518,0.02405,0.000697,0.50122,0.53575,0.5534,0.5685,0.59412,0.162911,0.00998,0.000289,0.1447,0.1559,0.1624,0.1692,0.18205,0.714712,0.0174,0.000504,0.67775,0.7039,0.7157,0.7271,0.74547,0.574315,0.35103,0.007849,0.257,0.281,0.3032,0.9999,0.9999,0.097014,0.08035,0.001797,0.0,0.0,0.15285,0.1644,0.1808,0.328671,0.27143,0.006069,0.0001,0.0001,0.52705,0.5584,0.591,0.097014,0.08035,0.001797,0.0,0.0,0.15285,0.1644,0.1808,0.425685,0.35103,0.007849,0.0001,0.0001,0.6968,0.719,0.743
27.5,0.275575,0.01623,0.00047,0.24688,0.2641,0.2748,0.2856,0.30973,0.152838,0.0101,0.000293,0.1349,0.14575,0.1524,0.1591,0.17392,0.571587,0.02315,0.000671,0.5237,0.5564,0.5735,0.5877,0.61238,0.152838,0.0101,0.000293,0.1349,0.14575,0.1524,0.1591,0.17392,0.724425,0.01623,0.00047,0.69028,0.7144,0.7252,0.7359,0.75312,0.568531,0.35576,0.007955,0.2492,0.2716,0.29205,0.9999,0.9999,0.091015,0.07543,0.001687,0.0,0.0,0.1428,0.1546,0.1713,0.340454,0.28108,0.006285,0.0001,0.0001,0.5473,0.5778,0.6097,0.091015,0.07543,0.001687,0.0,0.0,0.1428,0.1546,0.1713,0.431469,0.35576,0.007955,0.0001,0.0001,0.70795,0.7284,0.7508
28.0,0.267041,0.01518,0.00044,0.2401,0.2562,0.2664,0.2765,0.29928,0.142872,0.01003,0.000291,0.12445,0.1359,0.1423,0.1492,0.16398,0.590087,0.02215,0.000642,0.54468,0.5758,0.5921,0.6056,0.6297,0.142872,0.01003,0.000291,0.12445,0.1359,0.1423,0.1492,0.16398,0.732959,0.01518,0.00044,0.70072,0.7235,0.7336,0.7438,0.7599,0.563449,0.35992,0.008048,0.2423,0.2631,0.28235,0.9999,0.9999,0.08508,0.07056,0.001578,0.0,0.0,0.13325,0.1444,0.1608,0.351471,0.2901,0.006487,0.0001,0.0001,0.567,0.59605,0.6262,0.08508,0.07056,0.001578,0.0,0.0,0.13325,0.1444,0.1608,0.436551,0.35992,0.008048,0.0001,0.0001,0.71765,0.7369,0.7577
28.5,0.259487,0.01427,0.000413,0.23398,0.2492,0.259,0.26855,0.2898,0.133177,0.00994,0.000288,0.11528,0.1261,0.1323,0.1398,0.1545,0.607336,0.02123,0.000615,0.56338,0.59335,0.6086,0.62205,0.64422,0.133177,0.00994,0.000288,0.11528,0.1261,0.1323,0.1398,0.1545,0.740513,0.01427,0.000413,0.7102,0.73145,0.741,0.7508,0.76602,0.55895,0.36361,0.008131,0.2365,0.25578,0.274,0.9999,0.9999,0.079307,0.06583,0.001472,0.0,0.0,0.1235,0.13423,0.1516,0.361743,0.29851,0.006675,0.0001,0.0001,0.5854,0.61312,0.642,0.079307,0.06583,0.001472,0.0,0.0,0.1235,0.13423,0.1516,0.44105,0.36361,0.008131,0.0001,0.0001,0.726,0.74422,0.7635
29.0,0.252852,0.01351,0.000392,0.22845,0.2433,0.2522,0.26165,0.28092,0.12376,0.00972,0.000282,0.10668,0.1167,0.123,0.13005,0.14462,0.623388,0.02023,0.000586,0.5808,0.61055,0.6246,0.6376,0.6593,0.12376,0.00972,0.000282,0.10668,0.1167,0.123,0.13005,0.14462,0.747148,0.01351,0.000392,0.71907,0.73835,0.7478,0.7567,0.77155,0.555,0.36685,0.008203,0.2308,0.2495,0.26665,0.9999,0.9999,0.073699,0.06122,0.001369,0.0,0.0,0.1145,0.1248,0.14201,0.371302,0.30634,0.00685,0.0001,0.0001,0.6023,0.62915,0.6557,0.073699,0.06122,0.001369,0.0,0.0,0.1145,0.1248,0.14201,0.445,0.36685,0.008203,0.0001,0.0001,0.73335,0.7505,0.7692
29.5,0.246964,0.01286,0.000373,0.22342,0.2382,0.2464,0.2555,0.2738,0.114774,0.00944,0.000273,0.09818,0.1079,0.1141,0.1208,0.13475,0.638261,0.01929,0.000559,0.59767,0.626,0.6394,0.6523,0.67222,0.114774,0.00944,0.000273,0.09818,0.1079,0.1141,0.1208,0.13475,0.753036,0.01286,0.000373,0.7262,0.7445,0.7536,0.7618,0.77658,0.551493,0.36972,0.008267,0.2263,0.2437,0.25995,0.9999,0.9999,0.068348,0.05681,0.00127,0.0,0.0,0.1056,0.1159,0.1328,0.380159,0.3136,0.007012,0.0001,0.0001,0.6185,0.64342,0.6692,0.068348,0.05681,0.00127,0.0,0.0,0.1056,0.1159,0.1328,0.448507,0.36972,0.008267,0.0001,0.0001,0.74005,0.7563,0.7737
30.0,0.241764,0.01223,0.000354,0.2191,0.23355,0.2412,0.2498,0.2669,0.106192,0.00911,0.000264,0.09057,0.0995,0.1056,0.11185,0.1251,0.652044,0.01838,0.000533,0.6134,0.64035,0.6532,0.6651,0.6847,0.106192,0.00911,0.000264,0.09057,0.0995,0.1056,0.11185,0.1251,0.758236,0.01223,0.000354,0.7331,0.7502,0.7588,0.76645,0.7809,0.548396,0.37226,0.008324,0.22189,0.2388,0.2543,0.9999,0.9999,0.063237,0.0526,0.001176,0.0,0.0,0.09735,0.10722,0.1238,0.388366,0.32032,0.007163,0.0001,0.0001,0.63295,0.65682,0.6815,0.063237,0.0526,0.001176,0.0,0.0,0.09735,0.10722,0.1238,0.451604,0.37226,0.008324,0.0001,0.0001,0.7457,0.7612,0.7781
30.5,0.237204,0.01169,0.000339,0.21578,0.22945,0.2368,0.2449,0.26132,0.09801,0.00876,0.000254,0.0828,0.09175,0.0973,0.10355,0.11662,0.664787,0.01751,0.000507,0.62758,0.65355,0.6658,0.6773,0.69613,0.09801,0.00876,0.000254,0.0828,0.09175,0.0973,0.10355,0.11662,0.762796,0.01169,0.000339,0.73868,0.7551,0.7632,0.77055,0.78422,0.545681,0.37449,0.008374,0.2182,0.2343,0.249,0.9999,0.9999,0.058365,0.04859,0.001086,0.0,0.0,0.0895,0.0989,0.1149,0.395955,0.32655,0.007302,0.0001,0.0001,0.6466,0.6696,0.693,0.058365,0.04859,0.001086,0.0,0.0,0.0895,0.0989,0.1149,0.454319,0.37449,0.008374,0.0001,0.0001,0.751,0.7657,0.78181
31.0,0.233211,0.01126,0.000326,0.21247,0.2257,0.2328,0.24055,0.25677,0.090247,0.00834,0.000242,0.07538,0.0842,0.0895,0.09565,0.10808,0.676543,0.01669,0.000483,0.64045,0.6659,0.6777,0.68845,0.70552,0.090247,0.00834,0.000242,0.07538,0.0842,0.0895,0.09565,0.10808,0.766789,0.01126,0.000326,0.74322,0.75945,0.7672,0.7743,0.78752,0.543303,0.37644,0.008417,0.2146,0.2306,0.24445,0.9999,0.9999,0.053742,0.04477,0.001001,0.0,0.0,0.0821,0.09122,0.1065,0.402955,0.33229,0.00743,0.0001,0.0001,0.65925,0.68082,0.7035,0.053742,0.04477,0.001001,0.0,0.0,0.0821,0.09122,0.1065,0.456697,0.37644,0.008417,0.0001,0.0001,0.75555,0.7694,0.7854
31.5,0.229692,0.01089,0.000315,0.20978,0.2223,0.2291,0.23685,0.2527,0.082961,0.0079,0.000229,0.06888,0.0774,0.0822,0.0877,0.10032,0.687346,0.01586,0.00046,0.65288,0.67735,0.6883,0.69855,0.715,0.082961,0.0079,0.000229,0.06888,0.0774,0.0822,0.0877,0.10032,0.770308,0.01089,0.000315,0.7473,0.76315,0.7709,0.7777,0.79022,0.541208,0.37816,0.008456,0.2116,0.2272,0.2407,0.9999,0.9999,0.049403,0.04118,0.000921,0.0,0.0,0.07515,0.08402,0.0977,0.409389,0.33756,0.007548,0.0001,0.0001,0.67075,0.6912,0.713,0.049403,0.04118,0.000921,0.0,0.0,0.07515,0.08402,0.0977,0.458792,0.37816,0.008456,0.0001,0.0001,0.7593,0.7728,0.7884
32.0,0.226579,0.01053,0.000305,0.2072,0.2193,0.226,0.2334,0.24832,0.076121,0.0075,0.000217,0.06268,0.0708,0.0754,0.08065,0.0922,0.697299,0.01516,0.000439,0.66565,0.6877,0.698,0.7081,0.72402,0.076121,0.0075,0.000217,0.06268,0.0708,0.0754,0.08065,0.0922,0.773421,0.01053,0.000305,0.75168,0.7666,0.774,0.7807,0.7928,0.539354,0.37968,0.00849,0.2091,0.2242,0.23715,0.9999,0.9999,0.04533,0.03782,0.000846,0.0,0.0,0.0687,0.0771,0.0903,0.415316,0.34243,0.007657,0.0001,0.0001,0.68175,0.70112,0.7217,0.04533,0.03782,0.000846,0.0,0.0,0.0687,0.0771,0.0903,0.460646,0.37968,0.00849,0.0001,0.0001,0.76285,0.7758,0.7909
32.5,0.223876,0.01022,0.000296,0.205,0.217,0.2232,0.23025,0.2443,0.06968,0.00707,0.000205,0.05708,0.0646,0.0691,0.0742,0.085,0.706444,0.01447,0.000419,0.67618,0.69695,0.7075,0.71665,0.73168,0.06968,0.00707,0.000205,0.05708,0.0646,0.0691,0.0742,0.085,0.776124,0.01022,0.000296,0.7557,0.76975,0.7768,0.783,0.795,0.537744,0.381,0.00852,0.2068,0.22168,0.23425,0.9999,0.9999,0.041494,0.03464,0.000775,0.0,0.0,0.0628,0.0704,0.083,0.420762,0.3469,0.007757,0.0001,0.0001,0.69155,0.7099,0.7293,0.041494,0.03464,0.000775,0.0,0.0,0.0628,0.0704,0.083,0.462256,0.381,0.00852,0.0001,0.0001,0.76575,0.77832,0.7932
33.0,0.221457,0.00996,0.000289,0.20298,0.2148,0.2209,0.22775,0.24112,0.063753,0.00671,0.000195,0.0521,0.0589,0.0631,0.0681,0.078,0.71479,0.01388,0.000402,0.68625,0.70565,0.7158,0.72445,0.73962,0.063753,0.00671,0.000195,0.0521,0.0589,0.0631,0.0681,0.078,0.778543,0.00996,0.000289,0.75888,0.77225,0.7791,0.7852,0.79702,0.536303,0.38219,0.008546,0.2045,0.2194,0.2315,0.9999,0.9999,0.037965,0.03172,0.000709,0.0,0.0,0.0571,0.0646,0.0764,0.425732,0.35098,0.007848,0.0001,0.0001,0.7005,0.71832,0.7363,0.037965,0.03172,0.000709,0.0,0.0,0.0571,0.0646,0.0764,0.463697,0.38219,0.008546,0.0001,0.0001,0.7685,0.7806,0.7955
33.5,0.219327,0.00971,0.000281,0.20108,0.2129,0.2189,0.22555,0.2384,0.058229,0.0063,0.000183,0.04725,0.0537,0.0577,0.0621,0.07132,0.722444,0.01331,0.000386,0.69502,0.7138,0.7232,0.73195,0.74642,0.058229,0.0063,0.000183,0.04725,0.0537,0.0577,0.0621,0.07132,0.780673,0.00971,0.000281,0.7616,0.77445,0.7811,0.7871,0.79892,0.535035,0.38323,0.008569,0.203,0.2173,0.229,0.9999,0.9999,0.034675,0.029,0.000648,0.0,0.0,0.0521,0.0591,0.07,0.43029,0.35472,0.007932,0.0001,0.0001,0.7085,0.7257,0.7436,0.034675,0.029,0.000648,0.0,0.0,0.0521,0.0591,0.07,0.464965,0.38323,0.008569,0.0001,0.0001,0.771,0.7827,0.79701
34.0,0.217471,0.00953,0.000276,0.19968,0.2112,0.2172,0.22365,0.2364,0.053132,0.00591,0.000171,0.04298,0.0488,0.0526,0.05685,0.0656,0.729397,0.01274,0.000369,0.70318,0.7209,0.7302,0.73785,0.75235,0.053132,0.00591,0.000171,0.04298,0.0488,0.0526,0.05685,0.0656,0.782529,0.00953,0.000276,0.7636,0.77635,0.7828,0.7888,0.80032,0.53393,0.38414,0.00859,0.2016,0.2155,0.227,0.9999,0.9999,0.03164,0.02648,0.000592,0.0,0.0,0.0474,0.0538,0.06411,0.43443,0.35812,0.008008,0.0001,0.0001,0.7159,0.73282,0.7495,0.03164,0.02648,0.000592,0.0,0.0,0.0474,0.0538,0.06411,0.46607,0.38414,0.00859,0.0001,0.0001,0.773,0.7845,0.7984
34.5,0.215806,0.00936,0.000271,0.19832,0.2095,0.2156,0.2219,0.23422,0.048432,0.00551,0.00016,0.039,0.0444,0.048,0.0518,0.06052,0.735762,0.01223,0.000355,0.71048,0.7278,0.7365,0.7441,0.75812,0.048432,0.00551,0.00016,0.039,0.0444,0.048,0.0518,0.06052,0.784194,0.00936,0.000271,0.76578,0.7781,0.7844,0.7905,0.80167,0.532938,0.38495,0.008608,0.1998,0.21398,0.225,0.9999,0.9999,0.028841,0.02415,0.00054,0.0,0.0,0.0429,0.0491,0.0586,0.43822,0.36123,0.008077,0.0001,0.0001,0.7229,0.7389,0.75561,0.028841,0.02415,0.00054,0.0,0.0,0.0429,0.0491,0.0586,0.467062,0.38495,0.008608,0.0001,0.0001,0.775,0.78602,0.8002
35.0,0.214334,0.00921,0.000267,0.1971,0.2082,0.2141,0.2201,0.23238,0.044122,0.00515,0.000149,0.0351,0.0405,0.0438,0.0473,0.05512,0.741544,0.01182,0.000342,0.71708,0.734,0.7423,0.74955,0.76292,0.044122,0.00515,0.000149,0.0351,0.0405,0.0438,0.0473,0.05512,0.785666,0.00921,0.000267,0.76763,0.7799,0.7859,0.7918,0.8029,0.532062,0.38567,0.008624,0.1988,0.2124,0.2234,0.9999,0.9999,0.026275,0.02202,0.000492,0.0,0.0,0.039,0.0448,0.0537,0.441664,0.36406,0.008141,0.0001,0.0001,0.7293,0.7445,0.7609,0.026275,0.02202,0.000492,0.0,0.0,0.039,0.0448,0.0537,0.467938,0.38567,0.008624,0.0001,0.0001,0.7766,0.7876,0.8012
35.5,0.213056,0.00908,0.000263,0.19598,0.2071,0.2129,0.2188,0.23075,0.040141,0.0048,0.000139,0.03188,0.0367,0.0397,0.0432,0.05055,0.746803,0.01147,0.000332,0.72362,0.7395,0.7475,0.75445,0.76742,0.040141,0.0048,0.000139,0.03188,0.0367,0.0397,0.0432,0.05055,0.786944,0.00908,0.000263,0.76925,0.7812,0.7871,0.7929,0.80402,0.531301,0.3863,0.008638,0.1979,0.21118,0.2221,0.9999,0.9999,0.023904,0.02005,0.000448,0.0,0.0,0.0355,0.0407,0.049,0.444795,0.36664,0.008198,0.0001,0.0001,0.73475,0.7497,0.7657,0.023904,0.02005,0.000448,0.0,0.0,0.0355,0.0407,0.049,0.468699,0.3863,0.008638,0.0001,0.0001,0.7779,0.78882,0.8021
36.0,0.211925,0.00897,0.00026,0.1951,0.2061,0.2117,0.21765,0.22952,0.036468,0.00448,0.00013,0.02858,0.0333,0.0361,0.0393,0.04612,0.751607,0.01112,0.000322,0.7288,0.74455,0.7523,0.7591,0.77183,0.036468,0.00448,0.00013,0.02858,0.0333,0.0361,0.0393,0.04612,0.788075,0.00897,0.00026,0.77047,0.78235,0.7883,0.7939,0.8049,0.530627,0.38685,0.00865,0.1968,0.2101,0.2208,0.9999,0.9999,0.021717,0.01823,0.000408,0.0,0.0,0.032,0.0371,0.0446,0.447656,0.36899,0.008251,0.0001,0.0001,0.7401,0.7543,0.7699,0.021717,0.01823,0.000408,0.0,0.0,0.032,0.0371,0.0446,0.469373,0.38685,0.00865,0.0001,0.0001,0.7792,0.7899,0.8032
36.5,0.210935,0.00886,0.000257,0.19435,0.2051,0.2108,0.21665,0.22815,0.033126,0.00416,0.000121,0.0257,0.0302,0.0328,0.0357,0.0419,0.755939,0.01078,0.000312,0.7335,0.7488,0.7565,0.76325,0.7755,0.033126,0.00416,0.000121,0.0257,0.0302,0.0328,0.0357,0.0419,0.789065,0.00886,0.000257,0.77185,0.78335,0.7892,0.7949,0.80565,0.530037,0.38734,0.008661,0.1958,0.2092,0.2198,0.9999,0.9999,0.019726,0.01658,0.000371,0.0,0.0,0.029,0.0336,0.0408,0.450236,0.37111,0.008298,0.0001,0.0001,0.745,0.7584,0.7738,0.019726,0.01658,0.000371,0.0,0.0,0.029,0.0336,0.0408,0.469963,0.38734,0.008661,0.0001,0.0001,0.7802,0.7908,0.8042
37.0,0.210045,0.00878,0.000254,0.19358,0.2043,0.2099,0.2156,0.22713,0.030069,0.00387,0.000112,0.0232,0.0274,0.0298,0.0325,0.038,0.759886,0.0105,0.000304,0.73775,0.753,0.7604,0.767,0.77922,0.030069,0.00387,0.000112,0.0232,0.0274,0.0298,0.0325,0.038,0.789955,0.00878,0.000254,0.77288,0.7844,0.7901,0.7957,0.80642,0.529507,0.38777,0.008671,0.1951,0.20828,0.2189,0.9999,0.9999,0.017906,0.01506,0.000337,0.0,0.0,0.0261,0.0306,0.037,0.452586,0.37304,0.008341,0.0001,0.0001,0.7492,0.7621,0.7771,0.017906,0.01506,0.000337,0.0,0.0,0.0261,0.0306,0.037,0.470493,0.38777,0.008671,0.0001,0.0001,0.7811,0.79172,0.8049
37.5,0.209257,0.00872,0.000253,0.19277,0.2035,0.2092,0.2149,0.22632,0.027273,0.00362,0.000105,0.0208,0.0248,0.027,0.0297,0.03452,0.76347,0.01026,0.000297,0.74238,0.7568,0.764,0.77065,0.78232,0.027273,0.00362,0.000105,0.0208,0.0248,0.027,0.0297,0.03452,0.790743,0.00872,0.000253,0.77368,0.7851,0.7908,0.7965,0.80723,0.529039,0.38816,0.008679,0.1945,0.2075,0.21815,0.9999,0.9999,0.016241,0.01368,0.000306,0.0,0.0,0.0236,0.0279,0.0339,0.45472,0.37479,0.008381,0.0001,0.0001,0.75315,0.7656,0.7803,0.016241,0.01368,0.000306,0.0,0.0,0.0236,0.0279,0.0339,0.470961,0.38816,0.008679,0.0001,0.0001,0.78185,0.7925,0.8055
38.0,0.208559,0.00865,0.000251,0.19218,0.2028,0.2084,0.2141,0.22582,0.024742,0.00337,9.8e-5,0.01888,0.0224,0.0245,0.027,0.03183,0.766699,0.01002,0.00029,0.7464,0.7604,0.7671,0.7736,0.78525,0.024742,0.00337,9.8e-5,0.01888,0.0224,0.0245,0.027,0.03183,0.791441,0.00865,0.000251,0.77418,0.7859,0.7916,0.7972,0.80782,0.528623,0.3885,0.008687,0.1936,0.20678,0.2171,0.9999,0.9999,0.014734,0.01242,0.000278,0.0,0.0,0.0214,0.0252,0.0308,0.456644,0.37638,0.008416,0.0001,0.0001,0.7565,0.76873,0.7832,0.014734,0.01242,0.000278,0.0,0.0,0.0214,0.0252,0.0308,0.471377,0.3885,0.008687,0.0001,0.0001,0.7829,0.79322,0.8064
38.5,0.207958,0.00861,0.000249,0.19178,0.2021,0.2078,0.2136,0.22513,0.022401,0.00317,9.2e-5,0.0169,0.0201,0.0221,0.0246,0.0288,0.769641,0.00983,0.000285,0.74958,0.7633,0.7699,0.7764,0.7879,0.022401,0.00317,9.2e-5,0.0169,0.0201,0.0221,0.0246,0.0288,0.792042,0.00861,0.000249,0.77488,0.7864,0.7922,0.7979,0.80822,0.528265,0.38879,0.008694,0.1931,0.2062,0.2165,0.9999,0.9999,0.01334,0.01127,0.000252,0.0,0.0,0.0193,0.0228,0.0282,0.458395,0.37782,0.008448,0.0001,0.0001,0.75985,0.7718,0.7859,0.01334,0.01127,0.000252,0.0,0.0,0.0193,0.0228,0.0282,0.471735,0.38879,0.008694,0.0001,0.0001,0.7835,0.7938,0.8069
39.0,0.207421,0.00855,0.000248,0.1913,0.2016,0.2073,0.213,0.2244,0.02027,0.00296,8.6e-5,0.0151,0.0182,0.02,0.0223,0.0263,0.772309,0.00965,0.00028,0.75248,0.7661,0.7726,0.7789,0.79042,0.02027,0.00296,8.6e-5,0.0151,0.0182,0.02,0.0223,0.0263,0.792579,0.00855,0.000248,0.7756,0.787,0.7927,0.7984,0.8087,0.527945,0.38906,0.0087,0.1928,0.2057,0.2159,0.9999,0.9999,0.012071,0.01021,0.000228,0.0,0.0,0.01735,0.0207,0.0256,0.459984,0.37912,0.008477,0.0001,0.0001,0.7628,0.77432,0.7885,0.012071,0.01021,0.000228,0.0,0.0,0.01735,0.0207,0.0256,0.472055,0.38906,0.0087,0.0001,0.0001,0.7841,0.7943,0.8072
39.5,0.206945,0.0085,0.000246,0.19108,0.20125,0.2069,0.2126,0.2238,0.018311,0.00272,7.9e-5,0.01358,0.01645,0.018,0.0201,0.02392,0.774745,0.00946,0.000274,0.7553,0.76875,0.7751,0.7812,0.79252,0.018311,0.00272,7.9e-5,0.01358,0.01645,0.018,0.0201,0.02392,0.793055,0.0085,0.000246,0.7762,0.7874,0.7931,0.79875,0.80892,0.527661,0.38929,0.008705,0.1924,0.2053,0.2153,0.9999,0.9999,0.010904,0.00923,0.000206,0.0,0.0,0.0157,0.0187,0.0231,0.461435,0.38032,0.008504,0.0001,0.0001,0.7654,0.7767,0.7906,0.010904,0.00923,0.000206,0.0,0.0,0.0157,0.0187,0.0231,0.472339,0.38929,0.008705,0.0001,0.0001,0.7847,0.7947,0.8076
40.0,0.206524,0.00848,0.000246,0.1906,0.2009,0.2065,0.2122,0.2234,0.016553,0.00254,7.4e-5,0.0121,0.01475,0.0164,0.0182,0.0219,0.776923,0.00932,0.00027,0.75842,0.771,0.7773,0.7832,0.7945,0.016553,0.00254,7.4e-5,0.0121,0.01475,0.0164,0.0182,0.0219,0.793476,0.00848,0.000246,0.7766,0.7878,0.7935,0.7991,0.8094,0.527411,0.3895,0.008709,0.192,0.2048,0.215,0.9999,0.9999,0.009857,0.00836,0.000187,0.0,0.0,0.0141,0.0169,0.021,0.462732,0.38138,0.008528,0.0001,0.0001,0.7677,0.7788,0.7926,0.009857,0.00836,0.000187,0.0,0.0,0.0141,0.0169,0.021,0.472589,0.3895,0.008709,0.0001,0.0001,0.785,0.7952,0.808
40.5,0.206158,0.00845,0.000245,0.19038,0.20045,0.2061,0.2117,0.22282,0.014939,0.00236,6.8e-5,0.0108,0.0132,0.0147,0.0165,0.02,0.778903,0.00918,0.000266,0.7609,0.773,0.7792,0.7851,0.79608,0.014939,0.00236,6.8e-5,0.0108,0.0132,0.0147,0.0165,0.02,0.793842,0.00845,0.000245,0.77718,0.7883,0.7939,0.79955,0.80962,0.527193,0.38968,0.008713,0.1917,0.2045,0.2146,0.9999,0.9999,0.008896,0.00756,0.000169,0.0,0.0,0.01265,0.0153,0.0191,0.463911,0.38235,0.00855,0.0001,0.0001,0.7699,0.78072,0.7946,0.008896,0.00756,0.000169,0.0,0.0,0.01265,0.0153,0.0191,0.472807,0.38968,0.008713,0.0001,0.0001,0.7854,0.7955,0.8083
41.0,0.205835,0.00842,0.000244,0.19025,0.2002,0.2057,0.2114,0.2225,0.013491,0.00221,6.4e-5,0.00958,0.0119,0.0133,0.0149,0.0182,0.780674,0.00908,0.000263,0.76268,0.7749,0.781,0.7867,0.7974,0.013491,0.00221,6.4e-5,0.00958,0.0119,0.0133,0.0149,0.0182,0.794165,0.00842,0.000244,0.7775,0.7886,0.7943,0.7998,0.80975,0.527001,0.38983,0.008717,0.1915,0.20418,0.21425,0.9999,0.9999,0.008034,0.00684,0.000153,0.0,0.0,0.0113,0.0138,0.0176,0.464966,0.38322,0.008569,0.0001,0.0001,0.7719,0.78252,0.7963,0.008034,0.00684,0.000153,0.0,0.0,0.0113,0.0138,0.0176,0.472999,0.38983,0.008717,0.0001,0.0001,0.78575,0.79582,0.8085
41.5,0.205554,0.0084,0.000243,0.19015,0.19985,0.2054,0.2111,0.22225,0.012166,0.00203,5.9e-5,0.00857,0.0107,0.012,0.0134,0.0168,0.78228,0.00898,0.00026,0.7647,0.77655,0.7825,0.7882,0.7989,0.012166,0.00203,5.9e-5,0.00857,0.0107,0.012,0.0134,0.0168,0.794446,0.0084,0.000243,0.77775,0.7889,0.7946,0.80015,0.80985,0.526834,0.38997,0.00872,0.1912,0.2039,0.214,0.9999,0.9999,0.007245,0.00617,0.000138,0.0,0.0,0.0102,0.0125,0.0159,0.465922,0.38401,0.008587,0.0001,0.0001,0.7734,0.7841,0.7976,0.007245,0.00617,0.000138,0.0,0.0,0.0102,0.0125,0.0159,0.473166,0.38997,0.00872,0.0001,0.0001,0.786,0.7961,0.8088
42.0,0.205302,0.00836,0.000242,0.1899,0.1997,0.2052,0.2108,0.22202,0.010948,0.00191,5.5e-5,0.0076,0.0095,0.0108,0.0121,0.0152,0.78375,0.0089,0.000258,0.76628,0.7782,0.7839,0.7897,0.80042,0.010948,0.00191,5.5e-5,0.0076,0.0095,0.0108,0.0121,0.0152,0.794698,0.00836,0.000242,0.77798,0.7892,0.7948,0.8003,0.8101,0.526683,0.39009,0.008723,0.191,0.2036,0.2138,0.9999,0.9999,0.00652,0.00557,0.000125,0.0,0.0,0.0091,0.0112,0.0146,0.466797,0.38473,0.008603,0.0001,0.0001,0.7748,0.7855,0.7989,0.00652,0.00557,0.000125,0.0,0.0,0.0091,0.0112,0.0146,0.473317,0.39009,0.008723,0.0001,0.0001,0.7862,0.7964,0.809
42.5,0.205079,0.00836,0.000242,0.18962,0.1995,0.2049,0.2106,0.22192,0.009884,0.00178,5.2e-5,0.0068,0.0086,0.0097,0.011,0.01372,0.785037,0.00884,0.000256,0.76757,0.77945,0.7853,0.7909,0.80165,0.009884,0.00178,5.2e-5,0.0068,0.0086,0.0097,0.011,0.01372,0.794921,0.00836,0.000242,0.77808,0.7894,0.7951,0.8005,0.81038,0.52655,0.3902,0.008725,0.1909,0.2034,0.21355,0.9999,0.9999,0.005886,0.00504,0.000113,0.0,0.0,0.0081,0.0101,0.0132,0.467564,0.38536,0.008617,0.0001,0.0001,0.7762,0.7868,0.7998,0.005886,0.00504,0.000113,0.0,0.0,0.0081,0.0101,0.0132,0.47345,0.3902,0.008725,0.0001,0.0001,0.78645,0.7966,0.8091
43.0,0.204891,0.00834,0.000242,0.18938,0.1993,0.2048,0.2105,0.22172,0.008902,0.00165,4.8e-5,0.006,0.0077,0.0088,0.0099,0.0125,0.786207,0.00877,0.000254,0.76902,0.7806,0.7864,0.79205,0.8028,0.008902,0.00165,4.8e-5,0.006,0.0077,0.0088,0.0099,0.0125,0.795109,0.00834,0.000242,0.77828,0.7895,0.7952,0.8007,0.81062,0.526438,0.3903,0.008727,0.1908,0.2032,0.2134,0.9999,0.9999,0.005301,0.00455,0.000102,0.0,0.0,0.0072,0.0091,0.0121,0.46826,0.38593,0.00863,0.0001,0.0001,0.7775,0.788,0.801,0.005301,0.00455,0.000102,0.0,0.0,0.0072,0.0091,0.0121,0.473562,0.3903,0.008727,0.0001,0.0001,0.7866,0.7968,0.8092
43.5,0.204711,0.00832,0.000241,0.1893,0.1991,0.2046,0.2104,0.2216,0.008025,0.00155,4.5e-5,0.0054,0.0069,0.0079,0.009,0.0115,0.787265,0.00871,0.000252,0.77008,0.78175,0.7874,0.7931,0.8038,0.008025,0.00155,4.5e-5,0.0054,0.0069,0.0079,0.009,0.0115,0.795289,0.00832,0.000241,0.7784,0.7896,0.7954,0.8009,0.8107,0.526331,0.39038,0.008729,0.1906,0.20308,0.2131,0.9999,0.9999,0.004779,0.00412,9.2e-5,0.0,0.0,0.0065,0.0082,0.011,0.46889,0.38645,0.008641,0.0001,0.0001,0.7788,0.7891,0.8021,0.004779,0.00412,9.2e-5,0.0,0.0,0.0065,0.0082,0.011,0.473669,0.39038,0.008729,0.0001,0.0001,0.7869,0.79693,0.8094
44.0,0.204558,0.0083,0.000241,0.1893,0.199,0.2045,0.2102,0.22132,0.00723,0.00143,4.1e-5,0.0047,0.0062,0.0071,0.0081,0.01032,0.788213,0.00866,0.000251,0.77118,0.7826,0.7883,0.7941,0.80465,0.00723,0.00143,4.1e-5,0.0047,0.0062,0.0071,0.0081,0.01032,0.795442,0.0083,0.000241,0.77867,0.7898,0.7955,0.801,0.8107,0.52624,0.39046,0.008731,0.1905,0.2029,0.21295,0.9999,0.9999,0.004305,0.00372,8.3e-5,0.0,0.0,0.0058,0.0074,0.0099,0.469455,0.38692,0.008652,0.0001,0.0001,0.77965,0.79,0.8028,0.004305,0.00372,8.3e-5,0.0,0.0,0.0058,0.0074,0.0099,0.47376,0.39046,0.008731,0.0001,0.0001,0.78705,0.7971,0.8095
44.5,0.204419,0.00829,0.00024,0.1891,0.19885,0.2043,0.21005,0.22112,0.006508,0.00134,3.9e-5,0.0042,0.0055,0.0064,0.0074,0.0094,0.789072,0.00861,0.000249,0.77218,0.7835,0.7892,0.79495,0.80562,0.006508,0.00134,3.9e-5,0.0042,0.0055,0.0064,0.0074,0.0094,0.795581,0.00829,0.00024,0.77888,0.78995,0.7957,0.80115,0.8109,0.526157,0.39053,0.008732,0.1904,0.2028,0.2127,0.9999,0.9999,0.003876,0.00336,7.5e-5,0.0,0.0,0.0052,0.0067,0.009,0.469967,0.38734,0.008661,0.0001,0.0001,0.78065,0.7909,0.8035,0.003876,0.00336,7.5e-5,0.0,0.0,0.0052,0.0067,0.009,0.473843,0.39053,0.008732,0.0001,0.0001,0.7873,0.7972,0.8096
45.0,0.2043,0.00828,0.00024,0.189,0.19875,0.2042,0.20985,0.22092,0.005837,0.00122,3.5e-5,0.0037,0.005,0.0058,0.0066,0.0084,0.789863,0.00856,0.000248,0.7728,0.78445,0.7899,0.7958,0.80632,0.005837,0.00122,3.5e-5,0.0037,0.005,0.0058,0.0066,0.0084,0.7957,0.00828,0.00024,0.77908,0.79015,0.7958,0.80125,0.811,0.526087,0.39059,0.008734,0.1904,0.2027,0.2126,0.9999,0.9999,0.003476,0.00302,6.7e-5,0.0,0.0,0.0046,0.006,0.0081,0.470438,0.38772,0.00867,0.0001,0.0001,0.7814,0.7916,0.8042,0.003476,0.00302,6.7e-5,0.0,0.0,0.0046,0.006,0.0081,0.473913,0.39059,0.008734,0.0001,0.0001,0.7874,0.7973,0.8096
45.5,0.204189,0.00827,0.00024,0.18888,0.1987,0.2041,0.2098,0.22085,0.005248,0.00116,3.3e-5,0.0033,0.0044,0.0051,0.006,0.0077,0.790563,0.00852,0.000247,0.7735,0.7851,0.7905,0.79635,0.80675,0.005248,0.00116,3.3e-5,0.0033,0.0044,0.0051,0.006,0.0077,0.795811,0.00827,0.00024,0.77915,0.7902,0.7959,0.8013,0.81112,0.526021,0.39064,0.008735,0.1903,0.2026,0.21245,0.9999,0.9999,0.003125,0.00273,6.1e-5,0.0,0.0,0.0041,0.0054,0.0073,0.470855,0.38807,0.008677,0.0001,0.0001,0.782,0.7922,0.8049,0.003125,0.00273,6.1e-5,0.0,0.0,0.0041,0.0054,0.0073,0.473979,0.39064,0.008735,0.0001,0.0001,0.78755,0.7974,0.8097
46.0,0.204093,0.00826,0.000239,0.1888,0.1986,0.204,0.2097,0.2208,0.004726,0.00107,3.1e-5,0.0029,0.004,0.0046,0.0054,0.007,0.791182,0.00849,0.000246,0.77422,0.78565,0.791,0.797,0.80735,0.004726,0.00107,3.1e-5,0.0029,0.004,0.0046,0.0054,0.007,0.795907,0.00826,0.000239,0.7792,0.7903,0.796,0.8014,0.8112,0.525963,0.39069,0.008736,0.1903,0.2025,0.2123,0.9999,0.9999,0.002814,0.00246,5.5e-5,0.0,0.0,0.0036,0.0049,0.0067,0.471223,0.38837,0.008684,0.0001,0.0001,0.7826,0.7929,0.8055,0.002814,0.00246,5.5e-5,0.0,0.0,0.0036,0.0049,0.0067,0.474037,0.39069,0.008736,0.0001,0.0001,0.7877,0.7975,0.8097
46.5,0.20401,0.00826,0.000239,0.1886,0.1985,0.2039,0.2096,0.22072,0.004244,0.001,2.9e-5,0.0025,0.0035,0.0042,0.0049,0.00642,0.791746,0.00846,0.000245,0.7747,0.7863,0.7916,0.7976,0.80785,0.004244,0.001,2.9e-5,0.0025,0.0035,0.0042,0.0049,0.00642,0.79599,0.00826,0.000239,0.77928,0.7904,0.7961,0.8015,0.8114,0.525914,0.39073,0.008737,0.19029,0.20238,0.2122,0.9999,0.9999,0.002527,0.00222,5.0e-5,0.0,0.0,0.0032,0.0043,0.006,0.471559,0.38865,0.00869,0.0001,0.0001,0.78325,0.7934,0.806,0.002527,0.00222,5.0e-5,0.0,0.0,0.0032,0.0043,0.006,0.474086,0.39073,0.008737,0.0001,0.0001,0.7878,0.79762,0.80971
47.0,0.203939,0.00825,0.000239,0.1886,0.19845,0.2038,0.20955,0.22055,0.003816,0.00093,2.7e-5,0.00228,0.0031,0.0037,0.0044,0.0058,0.792245,0.00844,0.000245,0.77525,0.7867,0.7922,0.7981,0.80822,0.003816,0.00093,2.7e-5,0.00228,0.0031,0.0037,0.0044,0.0058,0.796061,0.00825,0.000239,0.77945,0.79045,0.7962,0.80155,0.8114,0.525872,0.39076,0.008738,0.1902,0.20228,0.21215,0.9999,0.9999,0.002272,0.00201,4.5e-5,0.0,0.0,0.0029,0.0039,0.0055,0.471856,0.38889,0.008696,0.0001,0.0001,0.7839,0.794,0.8065,0.002272,0.00201,4.5e-5,0.0,0.0,0.0029,0.0039,0.0055,0.474128,0.39076,0.008738,0.0001,0.0001,0.78785,0.79772,0.8098
47.5,0.203874,0.00825,0.000239,0.18845,0.1983,0.2038,0.2094,0.2205,0.003439,0.00088,2.6e-5,0.002,0.0028,0.0034,0.004,0.0053,0.792688,0.00841,0.000244,0.77565,0.78715,0.7926,0.79845,0.80855,0.003439,0.00088,2.6e-5,0.002,0.0028,0.0034,0.004,0.0053,0.796126,0.00825,0.000239,0.7795,0.7906,0.7962,0.8017,0.81155,0.525833,0.39079,0.008738,0.1901,0.2022,0.2121,0.9999,0.9999,0.002048,0.00182,4.1e-5,0.0,0.0,0.0026,0.0035,0.005,0.47212,0.38911,0.008701,0.0001,0.0001,0.7844,0.7945,0.8069,0.002048,0.00182,4.1e-5,0.0,0.0,0.0026,0.0035,0.005,0.474167,0.39079,0.008738,0.0001,0.0001,0.7879,0.7978,0.8099
48.0,0.203814,0.00824,0.000239,0.18838,0.1982,0.2037,0.20935,0.2204,0.003094,0.00083,2.4e-5,0.0017,0.0025,0.003,0.0036,0.0049,0.793092,0.0084,0.000243,0.77608,0.7876,0.793,0.7989,0.8089,0.003094,0.00083,2.4e-5,0.0017,0.0025,0.003,0.0036,0.0049,0.796186,0.00824,0.000239,0.7796,0.79065,0.7963,0.8018,0.81162,0.525797,0.39082,0.008739,0.1901,0.2021,0.212,0.9999,0.9999,0.001842,0.00165,3.7e-5,0.0,0.0,0.0023,0.0032,0.0047,0.47236,0.38931,0.008705,0.0001,0.0001,0.7848,0.79482,0.8072,0.001842,0.00165,3.7e-5,0.0,0.0,0.0023,0.0032,0.0047,0.474203,0.39082,0.008739,0.0001,0.0001,0.788,0.7979,0.8099
48.5,0.203761,0.00823,0.000239,0.1882,0.1982,0.2036,0.2093,0.22025,0.002791,0.00078,2.3e-5,0.0015,0.0022,0.0027,0.0033,0.0044,0.793448,0.00837,0.000243,0.77645,0.78795,0.7934,0.79905,0.80908,0.002791,0.00078,2.3e-5,0.0015,0.0022,0.0027,0.0033,0.0044,0.796239,0.00823,0.000239,0.77975,0.7907,0.7964,0.8018,0.8118,0.525766,0.39085,0.00874,0.19,0.202,0.212,0.9999,0.9999,0.001662,0.0015,3.3e-5,0.0,0.0,0.002,0.0029,0.0042,0.472572,0.38948,0.008709,0.0001,0.0001,0.78515,0.7952,0.8075,0.001662,0.0015,3.3e-5,0.0,0.0,0.002,0.0029,0.0042,0.474234,0.39085,0.00874,0.0001,0.0001,0.788,0.798,0.81
49.0,0.203716,0.00823,0.000238,0.1882,0.1982,0.2036,0.20925,0.2201,0.002505,0.00073,2.1e-5,0.0013,0.002,0.0024,0.0029,0.0041,0.79378,0.00836,0.000242,0.77688,0.7883,0.7937,0.7994,0.80925,0.002505,0.00073,2.1e-5,0.0013,0.002,0.0024,0.0029,0.0041,0.796284,0.00823,0.000238,0.7799,0.79075,0.7964,0.8018,0.8118,0.525738,0.39087,0.00874,0.19,0.202,0.2119,0.9999,0.9999,0.001492,0.00135,3.0e-5,0.0,0.0,0.0018,0.0026,0.0039,0.47277,0.38964,0.008713,0.0001,0.0001,0.7855,0.7956,0.8078,0.001492,0.00135,3.0e-5,0.0,0.0,0.0018,0.0026,0.0039,0.474262,0.39087,0.00874,0.0001,0.0001,0.7881,0.798,0.81
49.5,0.203673,0.00822,0.000238,0.18817,0.1981,0.2036,0.2092,0.21992,0.002247,0.00069,2.0e-5,0.0011,0.0018,0.0022,0.0026,0.0037,0.79408,0.00834,0.000242,0.77718,0.78865,0.794,0.7996,0.80962,0.002247,0.00069,2.0e-5,0.0011,0.0018,0.0022,0.0026,0.0037,0.796327,0.00822,0.000238,0.78008,0.7908,0.7964,0.8019,0.81182,0.525713,0.39089,0.008741,0.19,0.202,0.2119,0.9999,0.9999,0.001338,0.00122,2.7e-5,0.0,0.0,0.0016,0.0023,0.0036,0.472949,0.38979,0.008716,0.0001,0.0001,0.7857,0.79582,0.8083,0.001338,0.00122,2.7e-5,0.0,0.0,0.0016,0.0023,0.0036,0.474287,0.39089,0.008741,0.0001,0.0001,0.7881,0.798,0.81
50.0,0.203636,0.00822,0.000238,0.1881,0.1981,0.2036,0.2092,0.21985,0.002015,0.00065,1.9e-5,0.00098,0.0015,0.0019,0.0024,0.0035,0.794349,0.00832,0.000241,0.7775,0.7889,0.7943,0.8,0.80982,0.002015,0.00065,1.9e-5,0.00098,0.0015,0.0019,0.0024,0.0035,0.796364,0.00822,0.000238,0.78015,0.7908,0.7964,0.8019,0.8119,0.525691,0.39091,0.008741,0.1899,0.202,0.2118,0.9999,0.9999,0.0012,0.00111,2.5e-5,0.0,0.0,0.0014,0.0021,0.0033,0.473109,0.38992,0.008719,0.0001,0.0001,0.786,0.79612,0.8084,0.0012,0.00111,2.5e-5,0.0,0.0,0.0014,0.0021,0.0033,0.474309,0.39091,0.008741,0.0001,0.0001,0.7882,0.798,0.8101
50.5,0.203605,0.00822,0.000238,0.18808,0.1981,0.2035,0.2092,0.2198,0.001805,0.00061,1.8e-5,0.0008,0.0014,0.0017,0.0022,0.0032,0.79459,0.00831,0.000241,0.77768,0.789,0.7946,0.8002,0.8101,0.001805,0.00061,1.8e-5,0.0008,0.0014,0.0017,0.0022,0.0032,0.796395,0.00822,0.000238,0.7802,0.7908,0.7965,0.8019,0.81192,0.525673,0.39093,0.008741,0.1899,0.2019,0.2118,0.9999,0.9999,0.001075,0.001,2.2e-5,0.0,0.0,0.0012,0.0019,0.003,0.473253,0.39004,0.008722,0.0001,0.0001,0.7863,0.7964,0.8085,0.001075,0.001,2.2e-5,0.0,0.0,0.0012,0.0019,0.003,0.474327,0.39093,0.008741,0.0001,0.0001,0.7882,0.7981,0.8101
51.0,0.203578,0.00821,0.000238,0.18808,0.1981,0.2035,0.20915,0.21972,0.001616,0.00057,1.7e-5,0.0007,0.0012,0.0016,0.0019,0.0029,0.794806,0.0083,0.00024,0.77798,0.78925,0.7948,0.8004,0.81025,0.001616,0.00057,1.7e-5,0.0007,0.0012,0.0016,0.0019,0.0029,0.796422,0.00821,0.000238,0.78028,0.79085,0.7965,0.8019,0.81192,0.525656,0.39094,0.008742,0.1899,0.2019,0.21175,0.9999,0.9999,0.000962,0.00091,2.0e-5,0.0,0.0,0.0011,0.0017,0.0027,0.473381,0.39015,0.008724,0.0001,0.0001,0.7865,0.7966,0.8088,0.000962,0.00091,2.0e-5,0.0,0.0,0.0011,0.0017,0.0027,0.474344,0.39094,0.008742,0.0001,0.0001,0.78825,0.7981,0.8101
51.5,0.203554,0.00821,0.000238,0.18805,0.198,0.2035,0.2091,0.21965,0.00145,0.00053,1.5e-5,0.0006,0.0011,0.0014,0.0017,0.0026,0.794996,0.00829,0.00024,0.77828,0.78945,0.795,0.8006,0.8106,0.00145,0.00053,1.5e-5,0.0006,0.0011,0.0014,0.0017,0.0026,0.796446,0.00821,0.000238,0.78035,0.7909,0.7965,0.802,0.81195,0.525642,0.39095,0.008742,0.1899,0.2019,0.2117,0.9999,0.9999,0.000863,0.00082,1.8e-5,0.0,0.0,0.0009,0.0015,0.0024,0.473494,0.39024,0.008726,0.0001,0.0001,0.7866,0.7968,0.8089,0.000863,0.00082,1.8e-5,0.0,0.0,0.0009,0.0015,0.0024,0.474358,0.39095,0.008742,0.0001,0.0001,0.7883,0.7981,0.8101
52.0,0.203531,0.00821,0.000238,0.18798,0.198,0.2034,0.20905,0.21958,0.001297,0.00049,1.4e-5,0.0005,0.0009,0.0013,0.0016,0.0024,0.795171,0.00828,0.00024,0.77855,0.7895,0.7952,0.80075,0.8107,0.001297,0.00049,1.4e-5,0.0005,0.0009,0.0013,0.0016,0.0024,0.796469,0.00821,0.000238,0.78042,0.79095,0.7966,0.802,0.81202,0.525629,0.39096,0.008742,0.1898,0.20188,0.2117,0.9999,0.9999,0.000773,0.00074,1.7e-5,0.0,0.0,0.0008,0.0014,0.0022,0.473599,0.39033,0.008728,0.0001,0.0001,0.7868,0.797,0.8091,0.000773,0.00074,1.7e-5,0.0,0.0,0.0008,0.0014,0.0022,0.474371,0.39096,0.008742,0.0001,0.0001,0.7883,0.79813,0.8102
52.5,0.203513,0.00821,0.000238,0.18798,0.198,0.2034,0.209,0.21958,0.001164,0.00046,1.3e-5,0.0004,0.0008,0.0011,0.0014,0.00222,0.795324,0.00827,0.00024,0.7786,0.7897,0.7954,0.8008,0.81092,0.001164,0.00046,1.3e-5,0.0004,0.0008,0.0011,0.0014,0.00222,0.796487,0.00821,0.000238,0.78042,0.791,0.7966,0.802,0.81202,0.525618,0.39097,0.008742,0.1898,0.2018,0.2117,0.9999,0.9999,0.000693,0.00067,1.5e-5,0.0,0.0,0.0007,0.0012,0.002,0.473689,0.3904,0.00873,0.0001,0.0001,0.787,0.7971,0.8092,0.000693,0.00067,1.5e-5,0.0,0.0,0.0007,0.0012,0.002,0.474382,0.39097,0.008742,0.0001,0.0001,0.7883,0.7982,0.8102
53.0,0.203493,0.00821,0.000238,0.1879,0.198,0.2034,0.209,0.21958,0.001047,0.00043,1.3e-5,0.0003,0.0007,0.001,0.0013,0.002,0.79546,0.00826,0.000239,0.77888,0.7899,0.7955,0.801,0.81112,0.001047,0.00043,1.3e-5,0.0003,0.0007,0.001,0.0013,0.002,0.796507,0.00821,0.000238,0.78042,0.791,0.7966,0.802,0.8121,0.525606,0.39098,0.008743,0.1898,0.20178,0.2117,0.9999,0.9999,0.000623,0.00061,1.4e-5,0.0,0.0,0.0006,0.0011,0.0019,0.47377,0.39047,0.008731,0.0001,0.0001,0.7871,0.7972,0.8094,0.000623,0.00061,1.4e-5,0.0,0.0,0.0006,0.0011,0.0019,0.474394,0.39098,0.008743,0.0001,0.0001,0.7883,0.79822,0.8102
53.5,0.203477,0.00821,0.000238,0.18788,0.198,0.2034,0.209,0.2195,0.000937,0.00041,1.2e-5,0.0003,0.0007,0.0009,0.0012,0.0019,0.795586,0.00825,0.000239,0.77908,0.79,0.7957,0.801,0.81123,0.000937,0.00041,1.2e-5,0.0003,0.0007,0.0009,0.0012,0.0019,0.796523,0.00821,0.000238,0.7805,0.791,0.7966,0.802,0.81212,0.525596,0.39099,0.008743,0.1898,0.20178,0.2117,0.9999,0.9999,0.000558,0.00056,1.2e-5,0.0,0.0,0.0005,0.001,0.0017,0.473846,0.39053,0.008733,0.0001,0.0001,0.7873,0.7973,0.8095,0.000558,0.00056,1.2e-5,0.0,0.0,0.0005,0.001,0.0017,0.474404,0.39099,0.008743,0.0001,0.0001,0.7883,0.79822,0.8102
54.0,0.203464,0.0082,0.000238,0.18788,0.1979,0.2034,0.209,0.2195,0.000838,0.00039,1.1e-5,0.0002,0.0006,0.0008,0.0011,0.0018,0.795699,0.00825,0.000239,0.77922,0.7901,0.7958,0.8011,0.81132,0.000838,0.00039,1.1e-5,0.0002,0.0006,0.0008,0.0011,0.0018,0.796536,0.0082,0.000238,0.7805,0.791,0.7966,0.8021,0.81212,0.525589,0.391,0.008743,0.1898,0.2017,0.2117,0.9999,0.9999,0.000499,0.00051,1.1e-5,0.0,0.0,0.0005,0.0009,0.0016,0.473913,0.39058,0.008734,0.0001,0.0001,0.7874,0.79742,0.8095,0.000499,0.00051,1.1e-5,0.0,0.0,0.0005,0.0009,0.0016,0.474411,0.391,0.008743,0.0001,0.0001,0.7883,0.7983,0.8102
54.5,0.203453,0.0082,0.000238,0.18788,0.1979,0.2034,0.209,0.2194,0.000745,0.00036,1.0e-5,0.0002,0.0005,0.0007,0.0009,0.0016,0.795802,0.00824,0.000239,0.77945,0.79035,0.7959,0.80125,0.81142,0.000745,0.00036,1.0e-5,0.0002,0.0005,0.0007,0.0009,0.0016,0.796547,0.0082,0.000238,0.7806,0.791,0.7966,0.8021,0.81212,0.525582,0.391,0.008743,0.1897,0.2017,0.2117,0.9999,0.9999,0.000444,0.00046,1.0e-5,0.0,0.0,0.0004,0.0008,0.0014,0.473974,0.39064,0.008735,0.0001,0.0001,0.7876,0.7975,0.8096,0.000444,0.00046,1.0e-5,0.0,0.0,0.0004,0.0008,0.0014,0.474418,0.391,0.008743,0.0001,0.0001,0.7883,0.7983,0.8103
55.0,0.203443,0.0082,0.000238,0.18788,0.1979,0.2033,0.209,0.21938,0.000666,0.00033,1.0e-5,0.0002,0.0004,0.0006,0.0009,0.0014,0.795892,0.00824,0.000239,0.77947,0.7904,0.796,0.8014,0.81145,0.000666,0.00033,1.0e-5,0.0002,0.0004,0.0006,0.0009,0.0014,0.796557,0.0082,0.000238,0.78062,0.791,0.7967,0.8021,0.81212,0.525576,0.39101,0.008743,0.1897,0.2017,0.2117,0.9999,0.9999,0.000396,0.00042,9.0e-6,0.0,0.0,0.0004,0.0007,0.0013,0.474028,0.39068,0.008736,0.0001,0.0001,0.78765,0.7976,0.8097,0.000396,0.00042,9.0e-6,0.0,0.0,0.0004,0.0007,0.0013,0.474424,0.39101,0.008743,0.0001,0.0001,0.7883,0.7983,0.8103
55.5,0.203434,0.0082,0.000238,0.18788,0.1979,0.2033,0.209,0.21928,0.000592,0.00031,9.0e-6,0.0001,0.0004,0.0005,0.0008,0.0013,0.795975,0.00823,0.000238,0.77962,0.7905,0.796,0.8014,0.81152,0.000592,0.00031,9.0e-6,0.0001,0.0004,0.0005,0.0008,0.0013,0.796566,0.0082,0.000238,0.78073,0.791,0.7967,0.8021,0.81212,0.525571,0.39101,0.008743,0.1897,0.20168,0.2117,0.9999,0.9999,0.000352,0.00038,8.0e-6,0.0,0.0,0.0003,0.0006,0.0012,0.474077,0.39072,0.008737,0.0001,0.0001,0.78775,0.79762,0.8097,0.000352,0.00038,8.0e-6,0.0,0.0,0.0003,0.0006,0.0012,0.474429,0.39101,0.008743,0.0001,0.0001,0.7883,0.79832,0.8103
56.0,0.203425,0.0082,0.000238,0.18788,0.1979,0.2033,0.209,0.2192,0.000528,0.00029,8.0e-6,0.0001,0.0003,0.0005,0.0007,0.0012,0.796047,0.00823,0.000238,0.77978,0.79055,0.7961,0.8015,0.8116,0.000528,0.00029,8.0e-6,0.0001,0.0003,0.0005,0.0007,0.0012,0.796575,0.0082,0.000238,0.7808,0.791,0.7967,0.8021,0.81212,0.525566,0.39101,0.008743,0.1897,0.2016,0.2117,0.9999,0.9999,0.000315,0.00034,8.0e-6,0.0,0.0,0.0002,0.0005,0.0011,0.47412,0.39076,0.008738,0.0001,0.0001,0.78785,0.7977,0.8099,0.000315,0.00034,8.0e-6,0.0,0.0,0.0002,0.0005,0.0011,0.474434,0.39101,0.008743,0.0001,0.0001,0.7883,0.7984,0.8103
56.5,0.203418,0.0082,0.000238,0.1878,0.1979,0.2033,0.209,0.21918,0.000475,0.00028,8.0e-6,0.0001,0.0003,0.0004,0.0006,0.0011,0.796107,0.00823,0.000238,0.77985,0.7906,0.7962,0.8015,0.81175,0.000475,0.00028,8.0e-6,0.0001,0.0003,0.0004,0.0006,0.0011,0.796582,0.0082,0.000238,0.78083,0.791,0.7967,0.8021,0.8122,0.525561,0.39102,0.008743,0.18969,0.2016,0.21165,0.9999,0.9999,0.000283,0.00032,7.0e-6,0.0,0.0,0.0002,0.0005,0.001,0.474156,0.39078,0.008738,0.0001,0.0001,0.7879,0.79772,0.8099,0.000283,0.00032,7.0e-6,0.0,0.0,0.0002,0.0005,0.001,0.474439,0.39102,0.008743,0.0001,0.0001,0.78835,0.7984,0.81031
57.0,0.203412,0.0082,0.000238,0.1878,0.1979,0.2033,0.209,0.21912,0.000423,0.00026,8.0e-6,0.0,0.0002,0.0004,0.0006,0.001,0.796166,0.00822,0.000238,0.7799,0.7907,0.7962,0.8016,0.81177,0.000423,0.00026,8.0e-6,0.0,0.0002,0.0004,0.0006,0.001,0.796588,0.0082,0.000238,0.78088,0.791,0.7967,0.8021,0.8122,0.525558,0.39102,0.008743,0.18969,0.2016,0.21165,0.9999,0.9999,0.000252,0.00029,6.0e-6,0.0,0.0,0.0002,0.0004,0.0009,0.474191,0.39081,0.008739,0.0001,0.0001,0.788,0.7978,0.8099,0.000252,0.00029,6.0e-6,0.0,0.0,0.0002,0.0004,0.0009,0.474442,0.39102,0.008743,0.0001,0.0001,0.78835,0.7984,0.81031
57.5,0.203407,0.0082,0.000238,0.18778,0.1979,0.2033,0.209,0.21912,0.000378,0.00025,7.0e-6,0.0,0.0002,0.0003,0.0005,0.001,0.796215,0.00822,0.000238,0.7799,0.7907,0.7963,0.8017,0.81177,0.000378,0.00025,7.0e-6,0.0,0.0002,0.0003,0.0005,0.001,0.796593,0.0082,0.000238,0.78088,0.791,0.7967,0.8021,0.81223,0.525555,0.39102,0.008744,0.1896,0.2016,0.21165,0.9999,0.9999,0.000225,0.00027,6.0e-6,0.0,0.0,0.0001,0.0004,0.0009,0.47422,0.39084,0.008739,0.0001,0.0001,0.7881,0.7978,0.8099,0.000225,0.00027,6.0e-6,0.0,0.0,0.0001,0.0004,0.0009,0.474445,0.39102,0.008744,0.0001,0.0001,0.78835,0.7984,0.8104
58.0,0.203402,0.0082,0.000238,0.18778,0.1979,0.2033,0.20895,0.2191,0.000339,0.00023,7.0e-6,0.0,0.0002,0.0003,0.0005,0.0009,0.796259,0.00822,0.000238,0.77995,0.79075,0.7963,0.80175,0.81192,0.000339,0.00023,7.0e-6,0.0,0.0002,0.0003,0.0005,0.0009,0.796598,0.0082,0.000238,0.7809,0.79105,0.7967,0.8021,0.81223,0.525552,0.39103,0.008744,0.1895,0.2016,0.21165,0.9999,0.9999,0.000202,0.00025,5.0e-6,0.0,0.0,0.0001,0.0003,0.0008,0.474246,0.39086,0.00874,0.0001,0.0001,0.7881,0.7979,0.81,0.000202,0.00025,5.0e-6,0.0,0.0,0.0001,0.0003,0.0008,0.474448,0.39103,0.008744,0.0001,0.0001,0.78835,0.7984,0.8105
58.5,0.203398,0.0082,0.000238,0.18778,0.1979,0.2033,0.20895,0.2191,0.000302,0.00022,6.0e-6,0.0,0.0002,0.0003,0.0004,0.0008,0.7963,0.00821,0.000238,0.77995,0.7908,0.7963,0.8018,0.81192,0.000302,0.00022,6.0e-6,0.0,0.0002,0.0003,0.0004,0.0008,0.796602,0.0082,0.000238,0.7809,0.79105,0.7967,0.8021,0.81223,0.525549,0.39103,0.008744,0.1895,0.2016,0.21165,0.9999,0.9999,0.00018,0.00023,5.0e-6,0.0,0.0,0.0001,0.0003,0.0007,0.474271,0.39088,0.00874,0.0001,0.0001,0.7882,0.7979,0.8101,0.00018,0.00023,5.0e-6,0.0,0.0,0.0001,0.0003,0.0007,0.474451,0.39103,0.008744,0.0001,0.0001,0.78835,0.7984,0.8105
59.0,0.203395,0.0082,0.000238,0.18778,0.1979,0.2033,0.20895,0.2191,0.00027,0.00021,6.0e-6,0.0,0.0001,0.0002,0.0004,0.0008,0.796335,0.00822,0.000238,0.7801,0.7908,0.7964,0.8018,0.81202,0.00027,0.00021,6.0e-6,0.0,0.0001,0.0002,0.0004,0.0008,0.796605,0.0082,0.000238,0.7809,0.79105,0.7967,0.8021,0.81223,0.525548,0.39103,0.008744,0.1895,0.2016,0.21165,0.9999,0.9999,0.000161,0.00021,5.0e-6,0.0,0.0,0.0001,0.0003,0.0007,0.474292,0.3909,0.008741,0.0001,0.0001,0.7882,0.79792,0.8101,0.000161,0.00021,5.0e-6,0.0,0.0,0.0001,0.0003,0.0007,0.474452,0.39103,0.008744,0.0001,0.0001,0.78835,0.7984,0.8105
59.5,0.203392,0.0082,0.000237,0.18778,0.1979,0.2033,0.2089,0.2191,0.00024,0.00019,6.0e-6,0.0,0.0001,0.0002,0.0003,0.0007,0.796368,0.00821,0.000238,0.7803,0.79085,0.7965,0.8019,0.81202,0.00024,0.00019,6.0e-6,0.0,0.0001,0.0002,0.0003,0.0007,0.796608,0.0082,0.000237,0.7809,0.7911,0.7967,0.8021,0.81223,0.525546,0.39103,0.008744,0.1895,0.2016,0.21165,0.9999,0.9999,0.000143,0.00019,4.0e-6,0.0,0.0,0.0001,0.0002,0.0006,0.474311,0.39091,0.008741,0.0001,0.0001,0.78825,0.798,0.8102,0.000143,0.00019,4.0e-6,0.0,0.0,0.0001,0.0002,0.0006,0.474454,0.39103,0.008744,0.0001,0.0001,0.78835,0.7984,0.8105
60.0,0.203389,0.0082,0.000237,0.18778,0.1979,0.2033,0.2089,0.2191,0.000215,0.00018,5.0e-6,0.0,0.0001,0.0002,0.0003,0.00062,0.796396,0.00821,0.000238,0.7804,0.79085,0.7965,0.80195,0.81205,0.000215,0.00018,5.0e-6,0.0,0.0001,0.0002,0.0003,0.00062,0.796611,0.0082,0.000237,0.7809,0.7911,0.7967,0.8021,0.81223,0.525544,0.39103,0.008744,0.1895,0.20158,0.21165,0.9999,0.9999,0.000128,0.00017,4.0e-6,0.0,0.0,0.0001,0.0002,0.0006,0.474328,0.39093,0.008741,0.0001,0.0001,0.7883,0.79802,0.8102,0.000128,0.00017,4.0e-6,0.0,0.0,0.0001,0.0002,0.0006,0.474456,0.39103,0.008744,0.0001,0.0001,0.78835,0.79842,0.8105
60.5,0.203386,0.0082,0.000237,0.18778,0.1979,0.2033,0.2089,0.2191,0.000194,0.00017,5.0e-6,0.0,0.0001,0.0002,0.0003,0.0006,0.79642,0.00821,0.000238,0.78048,0.7909,0.7965,0.802,0.81205,0.000194,0.00017,5.0e-6,0.0,0.0001,0.0002,0.0003,0.0006,0.796614,0.0082,0.000237,0.7809,0.7911,0.7967,0.8021,0.81223,0.525542,0.39103,0.008744,0.1895,0.2015,0.21165,0.9999,0.9999,0.000115,0.00016,4.0e-6,0.0,0.0,0.0,0.0002,0.0005,0.474342,0.39094,0.008742,0.0001,0.0001,0.7883,0.7981,0.8103,0.000115,0.00016,4.0e-6,0.0,0.0,0.0,0.0002,0.0005,0.474458,0.39103,0.008744,0.0001,0.0001,0.78835,0.7985,0.8105
61.0,0.203384,0.0082,0.000237,0.18778,0.1979,0.2033,0.2089,0.2191,0.000173,0.00016,5.0e-6,0.0,0.0001,0.0001,0.00025,0.0006,0.796442,0.00821,0.000238,0.78057,0.7909,0.7965,0.802,0.81205,0.000173,0.00016,5.0e-6,0.0,0.0001,0.0001,0.00025,0.0006,0.796616,0.0082,0.000237,0.7809,0.7911,0.7967,0.8021,0.81223,0.525541,0.39103,0.008744,0.1895,0.2015,0.21165,0.9999,0.9999,0.000103,0.00015,3.0e-6,0.0,0.0,0.0,0.0002,0.0005,0.474356,0.39095,0.008742,0.0001,0.0001,0.7883,0.79813,0.8103,0.000103,0.00015,3.0e-6,0.0,0.0,0.0,0.0002,0.0005,0.474459,0.39103,0.008744,0.0001,0.0001,0.78835,0.7985,0.8105
61.5,0.203382,0.0082,0.000237,0.18778,0.1979,0.2033,0.2089,0.2191,0.000155,0.00015,4.0e-6,0.0,0.0,0.0001,0.0002,0.0005,0.796462,0.00821,0.000238,0.78057,0.7909,0.7965,0.802,0.81205,0.000155,0.00015,4.0e-6,0.0,0.0,0.0001,0.0002,0.0005,0.796618,0.0082,0.000237,0.7809,0.7911,0.7967,0.8021,0.81223,0.52554,0.39103,0.008744,0.1895,0.2015,0.21165,0.9999,0.9999,9.3e-5,0.00014,3.0e-6,0.0,0.0,0.0,0.0001,0.0005,0.474367,0.39096,0.008742,0.0001,0.0001,0.7883,0.7982,0.8103,9.3e-5,0.00014,3.0e-6,0.0,0.0,0.0,0.0001,0.0005,0.47446,0.39103,0.008744,0.0001,0.0001,0.78835,0.7985,0.8105
62.0,0.203381,0.00819,0.000237,0.18778,0.1979,0.2033,0.2089,0.2191,0.000136,0.00014,4.0e-6,0.0,0.0,0.0001,0.0002,0.0005,0.796483,0.00821,0.000238,0.78057,0.7909,0.7966,0.802,0.81212,0.000136,0.00014,4.0e-6,0.0,0.0,0.0001,0.0002,0.0005,0.796619,0.00819,0.000237,0.7809,0.7911,0.7967,0.8021,0.81223,0.525539,0.39104,0.008744,0.1895,0.2015,0.21165,0.9999,0.9999,8.1e-5,0.00013,3.0e-6,0.0,0.0,0.0,0.0001,0.0004,0.47438,0.39097,0.008742,0.0001,0.0001,0.7883,0.7982,0.8103,8.1e-5,0.00013,3.0e-6,0.0,0.0,0.0,0.0001,0.0004,0.474461,0.39104,0.008744,0.0001,0.0001,0.78835,0.7985,0.8105
62.5,0.203379,0.00819,0.000237,0.18778,0.1979,0.2033,0.2089,0.2191,0.000121,0.00013,4.0e-6,0.0,0.0,0.0001,0.0002,0.0005,0.7965,0.00821,0.000238,0.78057,0.79095,0.7966,0.802,0.8122,0.000121,0.00013,4.0e-6,0.0,0.0,0.0001,0.0002,0.0005,0.796621,0.00819,0.000237,0.7809,0.7911,0.7967,0.8021,0.81223,0.525538,0.39104,0.008744,0.1895,0.2015,0.21165,0.9999,0.9999,7.2e-5,0.00012,3.0e-6,0.0,0.0,0.0,0.0001,0.0004,0.47439,0.39098,0.008743,0.0001,0.0001,0.7883,0.7982,0.8103,7.2e-5,0.00012,3.0e-6,0.0,0.0,0.0,0.0001,0.0004,0.474462,0.39104,0.008744,0.0001,0.0001,0.78835,0.7985,0.8105
63.0,0.203378,0.00819,0.000237,0.18778,0.1979,0.2033,0.2089,0.2191,0.000106,0.00012,4.0e-6,0.0,0.0,0.0001,0.0002,0.0004,0.796515,0.0082,0.000238,0.7806,0.79095,0.7966,0.802,0.8122,0.000106,0.00012,4.0e-6,0.0,0.0,0.0001,0.0002,0.0004,0.796622,0.00819,0.000237,0.7809,0.7911,0.7967,0.8021,0.81223,0.525538,0.39104,0.008744,0.1895,0.2015,0.21165,0.9999,0.9999,6.3e-5,0.00011,2.0e-6,0.0,0.0,0.0,0.0001,0.0004,0.474399,0.39098,0.008743,0.0001,0.0001,0.7883,0.79822,0.8103,6.3e-5,0.00011,2.0e-6,0.0,0.0,0.0,0.0001,0.0004,0.474462,0.39104,0.008744,0.0001,0.0001,0.78835,0.7985,0.8105
63.5,0.203377,0.00819,0.000237,0.18778,0.1979,0.2033,0.2089,0.2191,9.4e-5,0.00012,3.0e-6,0.0,0.0,0.0001,0.0001,0.0004,0.796528,0.0082,0.000238,0.78068,0.79095,0.7966,0.802,0.8122,9.4e-5,0.00012,3.0e-6,0.0,0.0,0.0001,0.0001,0.0004,0.796623,0.00819,0.000237,0.7809,0.7911,0.7967,0.8021,0.81223,0.525537,0.39104,0.008744,0.1895,0.2015,0.21165,0.9999,0.9999,5.6e-5,0.0001,2.0e-6,0.0,0.0,0.0,0.0001,0.0003,0.474407,0.39099,0.008743,0.0001,0.0001,0.78835,0.7983,0.8103,5.6e-5,0.0001,2.0e-6,0.0,0.0,0.0,0.0001,0.0003,0.474463,0.39104,0.008744,0.0001,0.0001,0.78835,0.7985,0.8105
64.0,0.203376,0.00819,0.000237,0.18778,0.1979,0.2033,0.2089,0.2191,8.4e-5,0.00011,3.0e-6,0.0,0.0,0.0001,0.0001,0.0004,0.79654,0.0082,0.000238,0.7807,0.79095,0.7966,0.802,0.8122,8.4e-5,0.00011,3.0e-6,0.0,0.0,0.0001,0.0001,0.0004,0.796624,0.00819,0.000237,0.7809,0.7911,0.7967,0.8021,0.81223,0.525536,0.39104,0.008744,0.1895,0.2015,0.21165,0.9999,0.9999,5.0e-5,9.0e-5,2.0e-6,0.0,0.0,0.0,0.0001,0.0003,0.474414,0.391,0.008743,0.0001,0.0001,0.78835,0.7983,0.8103,5.0e-5,9.0e-5,2.0e-6,0.0,0.0,0.0,0.0001,0.0003,0.474464,0.39104,0.008744,0.0001,0.0001,0.78835,0.7985,0.8105
64.5,0.203375,0.00819,0.000237,0.18778,0.1979,0.2033,0.2089,0.2191,7.5e-5,0.0001,3.0e-6,0.0,0.0,0.0,0.0001,0.0003,0.79655,0.0082,0.000238,0.78078,0.79095,0.7966,0.802,0.8122,7.5e-5,0.0001,3.0e-6,0.0,0.0,0.0,0.0001,0.0003,0.796625,0.00819,0.000237,0.7809,0.7911,0.7967,0.8021,0.81223,0.525536,0.39104,0.008744,0.1895,0.2015,0.21165,0.9999,0.9999,4.4e-5,9.0e-5,2.0e-6,0.0,0.0,0.0,0.0001,0.0003,0.47442,0.391,0.008743,0.0001,0.0001,0.78835,0.7983,0.8103,4.4e-5,9.0e-5,2.0e-6,0.0,0.0,0.0,0.0001,0.0003,0.474464,0.39104,0.008744,0.0001,0.0001,0.78835,0.7985,0.8105
65.0,0.203374,0.00819,0.000237,0.18778,0.1979,0.2033,0.2089,0.2191,6.7e-5,0.0001,3.0e-6,0.0,0.0,0.0,0.0001,0.0003,0.796559,0.0082,0.000238,0.78078,0.791,0.7966,0.802,0.8122,6.7e-5,0.0001,3.0e-6,0.0,0.0,0.0,0.0001,0.0003,0.796626,0.00819,0.000237,0.7809,0.7911,0.7967,0.8021,0.81223,0.525535,0.39104,0.008744,0.1895,0.2015,0.21165,0.9999,0.9999,4.0e-5,8.0e-5,2.0e-6,0.0,0.0,0.0,0.0001,0.0003,0.474425,0.39101,0.008743,0.0001,0.0001,0.78835,0.7983,0.8103,4.0e-5,8.0e-5,2.0e-6,0.0,0.0,0.0,0.0001,0.0003,0.474465,0.39104,0.008744,0.0001,0.0001,0.78835,0.7985,0.8105
65.5,0.203373,0.00819,0.000237,0.18778,0.1979,0.2033,0.20885,0.2191,6.1e-5,9.0e-5,3.0e-6,0.0,0.0,0.0,0.0001,0.0003,0.796566,0.0082,0.000238,0.78078,0.791,0.7967,0.802,0.8122,6.1e-5,9.0e-5,3.0e-6,0.0,0.0,0.0,0.0001,0.0003,0.796627,0.00819,0.000237,0.7809,0.79115,0.7967,0.8021,0.81223,0.525534,0.39104,0.008744,0.1895,0.2015,0.21165,0.9999,0.9999,3.6e-5,8.0e-5,2.0e-6,0.0,0.0,0.0,0.0,0.0003,0.474429,0.39101,0.008743,0.0001,0.0001,0.78835,0.7983,0.8103,3.6e-5,8.0e-5,2.0e-6,0.0,0.0,0.0,0.0,0.0003,0.474466,0.39104,0.008744,0.0001,0.0001,0.78835,0.7985,0.8105
66.0,0.203372,0.00819,0.000237,0.18778,0.1979,0.2033,0.20885,0.2191,5.4e-5,9.0e-5,3.0e-6,0.0,0.0,0.0,0.0001,0.0003,0.796573,0.0082,0.000238,0.78078,0.791,0.7967,0.802,0.8122,5.4e-5,9.0e-5,3.0e-6,0.0,0.0,0.0,0.0001,0.0003,0.796628,0.00819,0.000237,0.7809,0.79115,0.7967,0.8021,0.81223,0.525534,0.39104,0.008744,0.1895,0.2015,0.21165,0.9999,0.9999,3.2e-5,7.0e-5,2.0e-6,0.0,0.0,0.0,0.0,0.0002,0.474434,0.39101,0.008743,0.0001,0.0001,0.78835,0.79832,0.81031,3.2e-5,7.0e-5,2.0e-6,0.0,0.0,0.0,0.0,0.0002,0.474466,0.39104,0.008744,0.0001,0.0001,0.78835,0.7985,0.8105
66.5,0.203372,0.00819,0.000237,0.18778,0.1979,0.2033,0.20885,0.2191,4.8e-5,8.0e-5,2.0e-6,0.0,0.0,0.0,0.0001,0.0003,0.79658,0.0082,0.000238,0.78085,0.79105,0.7967,0.802,0.8122,4.8e-5,8.0e-5,2.0e-6,0.0,0.0,0.0,0.0001,0.0003,0.796628,0.00819,0.000237,0.7809,0.79115,0.7967,0.8021,0.81223,0.525534,0.39104,0.008744,0.1895,0.2015,0.21165,0.9999,0.9999,2.9e-5,7.0e-5,2.0e-6,0.0,0.0,0.0,0.0,0.0002,0.474438,0.39102,0.008743,0.0001,0.0001,0.78835,0.79832,0.8104,2.9e-5,7.0e-5,2.0e-6,0.0,0.0,0.0,0.0,0.0002,0.474466,0.39104,0.008744,0.0001,0.0001,0.78835,0.7985,0.8105
67.0,0.203371,0.00819,0.000237,0.18778,0.1979,0.2033,0.20885,0.2191,4.2e-5,8.0e-5,2.0e-6,0.0,0.0,0.0,0.0001,0.0003,0.796587,0.0082,0.000237,0.78085,0.7911,0.7967,0.80205,0.8122,4.2e-5,8.0e-5,2.0e-6,0.0,0.0,0.0,0.0001,0.0003,0.796629,0.00819,0.000237,0.7809,0.79115,0.7967,0.8021,0.81223,0.525533,0.39104,0.008744,0.1895,0.2015,0.21165,0.9999,0.9999,2.5e-5,6.0e-5,1.0e-6,0.0,0.0,0.0,0.0,0.0002,0.474441,0.39102,0.008743,0.0001,0.0001,0.78835,0.7984,0.8104,2.5e-5,6.0e-5,1.0e-6,0.0,0.0,0.0,0.0,0.0002,0.474467,0.39104,0.008744,0.0001,0.0001,0.78835,0.7985,0.8105
67.5,0.203371,0.00819,0.000237,0.18778,0.1979,0.2033,0.20885,0.2191,3.8e-5,7.0e-5,2.0e-6,0.0,0.0,0.0,0.0001,0.0002,0.796591,0.0082,0.000237,0.78085,0.7911,0.7967,0.80205,0.81223,3.8e-5,7.0e-5,2.0e-6,0.0,0.0,0.0,0.0001,0.0002,0.796629,0.00819,0.000237,0.7809,0.79115,0.7967,0.8021,0.81223,0.525533,0.39104,0.008744,0.1895,0.2015,0.21165,0.9999,0.9999,2.3e-5,6.0e-5,1.0e-6,0.0,0.0,0.0,0.0,0.0002,0.474444,0.39102,0.008744,0.0001,0.0001,0.78835,0.7984,0.8104,2.3e-5,6.0e-5,1.0e-6,0.0,0.0,0.0,0.0,0.0002,0.474467,0.39104,0.008744,0.0001,0.0001,0.78835,0.7985,0.8105
68.0,0.20337,0.00819,0.000237,0.18778,0.1979,0.2033,0.20885,0.2191,3.5e-5,7.0e-5,2.0e-6,0.0,0.0,0.0,0.0001,0.0002,0.796595,0.0082,0.000237,0.78085,0.7911,0.7967,0.8021,0.81223,3.5e-5,7.0e-5,2.0e-6,0.0,0.0,0.0,0.0001,0.0002,0.79663,0.00819,0.000237,0.7809,0.79115,0.7967,0.8021,0.81223,0.525533,0.39104,0.008744,0.1895,0.2015,0.21165,0.9999,0.9999,2.1e-5,6.0e-5,1.0e-6,0.0,0.0,0.0,0.0,0.0002,0.474447,0.39102,0.008744,0.0001,0.0001,0.78835,0.7984,0.8104,2.1e-5,6.0e-5,1.0e-6,0.0,0.0,0.0,0.0,0.0002,0.474467,0.39104,0.008744,0.0001,0.0001,0.78835,0.7985,0.8105
68.5,0.20337,0.00819,0.000237,0.18778,0.1979,0.2033,0.20885,0.2191,3.1e-5,7.0e-5,2.0e-6,0.0,0.0,0.0,0.0,0.0002,0.796599,0.0082,0.000237,0.78085,0.7911,0.7967,0.8021,0.81223,3.1e-5,7.0e-5,2.0e-6,0.0,0.0,0.0,0.0,0.0002,0.79663,0.00819,0.000237,0.7809,0.79115,0.7967,0.8021,0.81223,0.525533,0.39104,0.008744,0.1895,0.2015,0.21165,0.9999,0.9999,1.8e-5,5.0e-5,1.0e-6,0.0,0.0,0.0,0.0,0.0002,0.474449,0.39103,0.008744,0.0001,0.0001,0.78835,0.7984,0.8104,1.8e-5,5.0e-5,1.0e-6,0.0,0.0,0.0,0.0,0.0002,0.474467,0.39104,0.008744,0.0001,0.0001,0.78835,0.7985,0.8105
69.0,0.20337,0.00819,0.000237,0.18778,0.1979,0.2033,0.20885,0.2191,2.7e-5,6.0e-5,2.0e-6,0.0,0.0,0.0,0.0,0.0002,0.796603,0.0082,0.000237,0.78085,0.7911,0.7967,0.8021,0.81223,2.7e-5,6.0e-5,2.0e-6,0.0,0.0,0.0,0.0,0.0002,0.79663,0.00819,0.000237,0.7809,0.79115,0.7967,0.8021,0.81223,0.525532,0.39104,0.008744,0.1895,0.2015,0.2116,0.9999,0.9999,1.6e-5,5.0e-5,1.0e-6,0.0,0.0,0.0,0.0,0.0002,0.474451,0.39103,0.008744,0.0001,0.0001,0.78835,0.7984,0.8105,1.6e-5,5.0e-5,1.0e-6,0.0,0.0,0.0,0.0,0.0002,0.474468,0.39104,0.008744,0.0001,0.0001,0.7884,0.7985,0.8105
69.5,0.203369,0.00819,0.000237,0.18778,0.1979,0.2033,0.20885,0.2191,2.5e-5,6.0e-5,2.0e-6,0.0,0.0,0.0,0.0,0.0002,0.796606,0.0082,0.000237,0.78085,0.7911,0.7967,0.8021,0.81223,2.5e-5,6.0e-5,2.0e-6,0.0,0.0,0.0,0.0,0.0002,0.796631,0.00819,0.000237,0.7809,0.79115,0.7967,0.8021,0.81223,0.525532,0.39104,0.008744,0.1895,0.2015,0.2116,0.9999,0.9999,1.5e-5,5.0e-5,1.0e-6,0.0,0.0,0.0,0.0,0.0002,0.474453,0.39103,0.008744,0.0001,0.0001,0.78835,0.7984,0.8105,1.5e-5,5.0e-5,1.0e-6,0.0,0.0,0.0,0.0,0.0002,0.474468,0.39104,0.008744,0.0001,0.0001,0.7884,0.7985,0.8105
70.0,0.203369,0.00819,0.000237,0.18778,0.1979,0.2033,0.20885,0.2191,2.1e-5,5.0e-5,2.0e-6,0.0,0.0,0.0,0.0,0.0002,0.79661,0.00819,0.000237,0.78085,0.7911,0.7967,0.8021,0.81223,2.1e-5,5.0e-5,2.0e-6,0.0,0.0,0.0,0.0,0.0002,0.796631,0.00819,0.000237,0.7809,0.79115,0.7967,0.8021,0.81223,0.525532,0.39104,0.008744,0.1895,0.2015,0.2116,0.9999,0.9999,1.3e-5,4.0e-5,1.0e-6,0.0,0.0,0.0,0.0,0.0001,0.474455,0.39103,0.008744,0.0001,0.0001,0.78835,0.7984,0.8105,1.3e-5,4.0e-5,1.0e-6,0.0,0.0,0.0,0.0,0.0001,0.474468,0.39104,0.008744,0.0001,0.0001,0.7884,0.7985,0.8105
70.5,0.203369,0.00819,0.000237,0.18778,0.1979,0.2033,0.20885,0.2191,1.9e-5,5.0e-5,1.0e-6,0.0,0.0,0.0,0.0,0.0002,0.796612,0.00819,0.000237,0.78085,0.7911,0.7967,0.8021,0.81223,1.9e-5,5.0e-5,1.0e-6,0.0,0.0,0.0,0.0,0.0002,0.796631,0.00819,0.000237,0.7809,0.79115,0.7967,0.8021,0.81223,0.525532,0.39104,0.008744,0.1895,0.2015,0.2116,0.9999,0.9999,1.1e-5,4.0e-5,1.0e-6,0.0,0.0,0.0,0.0,0.0001,0.474457,0.39103,0.008744,0.0001,0.0001,0.78835,0.7984,0.8105,1.1e-5,4.0e-5,1.0e-6,0.0,0.0,0.0,0.0,0.0001,0.474468,0.39104,0.008744,0.0001,0.0001,0.7884,0.7985,0.8105
71.0,0.203368,0.00819,0.000237,0.18778,0.1979,0.2033,0.20885,0.2191,1.8e-5,5.0e-5,1.0e-6,0.0,0.0,0.0,0.0,0.0002,0.796614,0.00819,0.000237,0.78085,0.7911,0.7967,0.8021,0.81223,1.8e-5,5.0e-5,1.0e-6,0.0,0.0,0.0,0.0,0.0002,0.796632,0.00819,0.000237,0.7809,0.79115,0.7967,0.8021,0.81223,0.525532,0.39104,0.008744,0.1895,0.2015,0.2116,0.9999,0.9999,1.0e-5,4.0e-5,1.0e-6,0.0,0.0,0.0,0.0,0.0001,0.474458,0.39103,0.008744,0.0001,0.0001,0.78835,0.7984,0.8105,1.0e-5,4.0e-5,1.0e-6,0.0,0.0,0.0,0.0,0.0001,0.474468,0.39104,0.008744,0.0001,0.0001,0.7884,0.7985,0.8105
71.5,0.203368,0.00819,0.000237,0.18778,0.1979,0.2033,0.20885,0.2191,1.6e-5,5.0e-5,1.0e-6,0.0,0.0,0.0,0.0,0.0001,0.796617,0.00819,0.000237,0.78085,0.7911,0.7967,0.8021,0.81223,1.6e-5,5.0e-5,1.0e-6,0.0,0.0,0.0,0.0,0.0001,0.796632,0.00819,0.000237,0.7809,0.79115,0.7967,0.8021,0.81223,0.525531,0.39104,0.008744,0.1895,0.2015,0.2116,0.9999,0.9999,9.0e-6,4.0e-5,1.0e-6,0.0,0.0,0.0,0.0,0.0001,0.474459,0.39103,0.008744,0.0001,0.0001,0.78835,0.7984,0.8105,9.0e-6,4.0e-5,1.0e-6,0.0,0.0,0.0,0.0,0.0001,0.474469,0.39104,0.008744,0.0001,0.0001,0.7884,0.7985,0.8105
72.0,0.203368,0.00819,0.000237,0.18778,0.1979,0.2033,0.20885,0.2191,1.4e-5,4.0e-5,1.0e-6,0.0,0.0,0.0,0.0,0.0001,0.796619,0.00819,0.000237,0.78088,0.7911,0.7967,0.8021,0.81223,1.4e-5,4.0e-5,1.0e-6,0.0,0.0,0.0,0.0,0.0001,0.796632,0.00819,0.000237,0.7809,0.79115,0.7967,0.8021,0.81223,0.525531,0.39104,0.008744,0.1895,0.2015,0.2116,0.9999,0.9999,8.0e-6,3.0e-5,1.0e-6,0.0,0.0,0.0,0.0,0.0001,0.474461,0.39104,0.008744,0.0001,0.0001,0.78835,0.7984,0.8105,8.0e-6,3.0e-5,1.0e-6,0.0,0.0,0.0,0.0,0.0001,0.474469,0.39104,0.008744,0.0001,0.0001,0.7884,0.7985,0.8105
72.5,0.203367,0.00819,0.000237,0.18778,0.1979,0.2033,0.20885,0.2191,1.3e-5,4.0e-5,1.0e-6,0.0,0.0,0.0,0.0,0.0001,0.79662,0.00819,0.000237,0.78088,0.7911,0.7967,0.8021,0.81223,1.3e-5,4.0e-5,1.0e-6,0.0,0.0,0.0,0.0,0.0001,0.796633,0.00819,0.000237,0.7809,0.79115,0.7967,0.8021,0.81223,0.525531,0.39104,0.008744,0.1895,0.2015,0.2116,0.9999,0.9999,8.0e-6,3.0e-5,1.0e-6,0.0,0.0,0.0,0.0,0.0001,0.474461,0.39104,0.008744,0.0001,0.0001,0.78835,0.7984,0.8105,8.0e-6,3.0e-5,1.0e-6,0.0,0.0,0.0,0.0,0.0001,0.474469,0.39104,0.008744,0.0001,0.0001,0.7884,0.7985,0.8105
73.0,0.203367,0.00819,0.000237,0.18778,0.1979,0.2033,0.20885,0.2191,1.2e-5,4.0e-5,1.0e-6,0.0,0.0,0.0,0.0,0.0001,0.796621,0.00819,0.000237,0.7809,0.7911,0.7967,0.8021,0.81223,1.2e-5,4.0e-5,1.0e-6,0.0,0.0,0.0,0.0,0.0001,0.796633,0.00819,0.000237,0.7809,0.79115,0.7967,0.8021,0.81223,0.525531,0.39104,0.008744,0.1895,0.2015,0.2116,0.9999,0.9999,7.0e-6,3.0e-5,1.0e-6,0.0,0.0,0.0,0.0,0.0001,0.474462,0.39104,0.008744,0.0001,0.0001,0.78835,0.7984,0.8105,7.0e-6,3.0e-5,1.0e-6,0.0,0.0,0.0,0.0,0.0001,0.474469,0.39104,0.008744,0.0001,0.0001,0.7884,0.7985,0.8105
73.5,0.203367,0.00819,0.000237,0.18778,0.1979,0.2033,0.20885,0.2191,1.0e-5,4.0e-5,1.0e-6,0.0,0.0,0.0,0.0,0.0001,0.796623,0.00819,0.000237,0.7809,0.7911,0.7967,0.8021,0.81223,1.0e-5,4.0e-5,1.0e-6,0.0,0.0,0.0,0.0,0.0001,0.796633,0.00819,0.000237,0.7809,0.79115,0.7967,0.8021,0.81223,0.525531,0.39104,0.008744,0.1895,0.2015,0.2116,0.9999,0.9999,6.0e-6,3.0e-5,1.0e-6,0.0,0.0,0.0,0.0,0.0001,0.474463,0.39104,0.008744,0.0001,0.0001,0.78835,0.7984,0.8105,6.0e-6,3.0e-5,1.0e-6,0.0,0.0,0.0,0.0,0.0001,0.474469,0.39104,0.008744,0.0001,0.0001,0.7884,0.7985,0.8105
74.0,0.203367,0.00819,0.000237,0.18778,0.1979,0.2033,0.20885,0.2191,9.0e-6,4.0e-5,1.0e-6,0.0,0.0,0.0,0.0,0.0001,0.796625,0.00819,0.000237,0.7809,0.7911,0.7967,0.8021,0.81223,9.0e-6,4.0e-5,1.0e-6,0.0,0.0,0.0,0.0,0.0001,0.796633,0.00819,0.000237,0.7809,0.79115,0.7967,0.8021,0.81223,0.525531,0.39104,0.008744,0.1895,0.2015,0.2116,0.9999,0.9999,5.0e-6,3.0e-5,1.0e-6,0.0,0.0,0.0,0.0,0.0001,0.474464,0.39104,0.008744,0.0001,0.0001,0.78835,0.7984,0.8105,5.0e-6,3.0e-5,1.0e-6,0.0,0.0,0.0,0.0,0.0001,0.474469,0.39104,0.008744,0.0001,0.0001,0.7884,0.7985,0.8105
74.5,0.203367,0.00819,0.000237,0.18778,0.1979,0.2033,0.20885,0.2191,8.0e-6,3.0e-5,1.0e-6,0.0,0.0,0.0,0.0,0.0001,0.796626,0.00819,0.000237,0.7809,0.7911,0.7967,0.8021,0.81223,8.0e-6,3.0e-5,1.0e-6,0.0,0.0,0.0,0.0,0.0001,0.796633,0.00819,0.000237,0.7809,0.79115,0.7967,0.8021,0.81223,0.525531,0.39104,0.008744,0.1895,0.2015,0.2116,0.9999,0.9999,5.0e-6,2.0e-5,1.0e-6,0.0,0.0,0.0,0.0,0.0001,0.474465,0.39104,0.008744,0.0001,0.0001,0.78835,0.7984,0.8105,5.0e-6,2.0e-5,1.0e-6,0.0,0.0,0.0,0.0,0.0001,0.474469,0.39104,0.008744,0.0001,0.0001,0.7884,0.7985,0.8105
75.0,0.203367,0.00819,0.000237,0.18778,0.1979,0.2033,0.20885,0.2191,7.0e-6,3.0e-5,1.0e-6,0.0,0.0,0.0,0.0,0.0001,0.796626,0.00819,0.000237,0.7809,0.7911,0.7967,0.8021,0.81223,7.0e-6,3.0e-5,1.0e-6,0.0,0.0,0.0,0.0,0.0001,0.796633,0.00819,0.000237,0.7809,0.79115,0.7967,0.8021,0.81223,0.525531,0.39104,0.008744,0.1895,0.2015,0.2116,0.9999,0.9999,4.0e-6,2.0e-5,1.0e-6,0.0,0.0,0.0,0.0,0.0001,0.474465,0.39104,0.008744,0.0001,0.0001,0.78835,0.7984,0.8105,4.0e-6,2.0e-5,1.0e-6,0.0,0.0,0.0,0.0,0.0001,0.474469,0.39104,0.008744,0.0001,0.0001,0.7884,0.7985,0.8105
75.5,0.203367,0.00819,0.000237,0.18778,0.1979,0.2033,0.20885,0.2191,6.0e-6,3.0e-5,1.0e-6,0.0,0.0,0.0,0.0,0.0001,0.796627,0.00819,0.000237,0.7809,0.7911,0.7967,0.8021,0.81223,6.0e-6,3.0e-5,1.0e-6,0.0,0.0,0.0,0.0,0.0001,0.796633,0.00819,0.000237,0.7809,0.79115,0.7967,0.8021,0.81223,0.525531,0.39104,0.008744,0.1895,0.2015,0.2116,0.9999,0.9999,4.0e-6,2.0e-5,1.0e-6,0.0,0.0,0.0,0.0,0.0001,0.474466,0.39104,0.008744,0.0001,0.0001,0.78835,0.79842,0.8105,4.0e-6,2.0e-5,1.0e-6,0.0,0.0,0.0,0.0,0.0001,0.474469,0.39104,0.008744,0.0001,0.0001,0.7884,0.7985,0.8105
76.0,0.203366,0.00819,0.000237,0.18778,0.1979,0.2033,0.20885,0.2191,6.0e-6,3.0e-5,1.0e-6,0.0,0.0,0.0,0.0,0.0001,0.796628,0.00819,0.000237,0.7809,0.7911,0.7967,0.8021,0.81223,6.0e-6,3.0e-5,1.0e-6,0.0,0.0,0.0,0.0,0.0001,0.796634,0.00819,0.000237,0.7809,0.79115,0.7967,0.8021,0.81223,0.525531,0.39104,0.008744,0.1895,0.2015,0.2116,0.9999,0.9999,4.0e-6,2.0e-5,1.0e-6,0.0,0.0,0.0,0.0,0.0001,0.474466,0.39104,0.008744,0.0001,0.0001,0.78835,0.79842,0.8105,4.0e-6,2.0e-5,1.0e-6,0.0,0.0,0.0,0.0,0.0001,0.474469,0.39104,0.008744,0.0001,0.0001,0.7884,0.7985,0.8105
76.5,0.203366,0.00819,0.000237,0.18778,0.1979,0.2033,0.20885,0.2191,5.0e-6,3.0e-5,1.0e-6,0.0,0.0,0.0,0.0,0.0001,0.796629,0.00819,0.000237,0.7809,0.7911,0.7967,0.8021,0.81223,5.0e-6,3.0e-5,1.0e-6,0.0,0.0,0.0,0.0,0.0001,0.796634,0.00819,0.000237,0.7809,0.79115,0.7967,0.8021,0.81223,0.52553,0.39104,0.008744,0.1895,0.2015,0.2116,0.9999,0.9999,3.0e-6,2.0e-5,0.0,0.0,0.0,0.0,0.0,0.0,0.474467,0.39104,0.008744,0.0001,0.0001,0.7884,0.79842,0.8105,3.0e-6,2.0e-5,0.0,0.0,0.0,0.0,0.0,0.0,0.47447,0.39104,0.008744,0.0001,0.0001,0.7884,0.7985,0.8105
77.0,0.203366,0.00819,0.000237,0.18778,0.1979,0.2033,0.20885,0.2191,5.0e-6,3.0e-5,1.0e-6,0.0,0.0,0.0,0.0,0.0001,0.796629,0.00819,0.000237,0.7809,0.7911,0.7967,0.8021,0.81223,5.0e-6,3.0e-5,1.0e-6,0.0,0.0,0.0,0.0,0.0001,0.796634,0.00819,0.000237,0.7809,0.79115,0.7967,0.8021,0.81223,0.52553,0.39104,0.008744,0.1895,0.2015,0.2116,0.9999,0.9999,3.0e-6,2.0e-5,0.0,0.0,0.0,0.0,0.0,0.0,0.474467,0.39104,0.008744,0.0001,0.0001,0.7884,0.79842,0.8105,3.0e-6,2.0e-5,0.0,0.0,0.0,0.0,0.0,0.0,0.47447,0.39104,0.008744,0.0001,0.0001,0.7884,0.7985,0.8105
77.5,0.203366,0.00819,0.000237,0.18778,0.1979,0.2033,0.20885,0.2191,4.0e-6,3.0e-5,1.0e-6,0.0,0.0,0.0,0.0,0.0001,0.79663,0.00819,0.000237,0.7809,0.7911,0.7967,0.8021,0.81223,4.0e-6,3.0e-5,1.0e-6,0.0,0.0,0.0,0.0,0.0001,0.796634,0.00819,0.000237,0.7809,0.79115,0.7967,0.8021,0.81223,0.52553,0.39104,0.008744,0.1895,0.2015,0.2116,0.9999,0.9999,3.0e-6,2.0e-5,0.0,0.0,0.0,0.0,0.0,0.0,0.474467,0.39104,0.008744,0.0001,0.0001,0.7884,0.7985,0.8105,3.0e-6,2.0e-5,0.0,0.0,0.0,0.0,0.0,0.0,0.47447,0.39104,0.008744,0.0001,0.0001,0.7884,0.7985,0.8105
78.0,0.203366,0.00819,0.000237,0.18778,0.1979,0.2033,0.20885,0.2191,4.0e-6,3.0e-5,1.0e-6,0.0,0.0,0.0,0.0,0.0001,0.79663,0.00819,0.000237,0.7809,0.79115,0.7967,0.8021,0.81223,4.0e-6,3.0e-5,1.0e-6,0.0,0.0,0.0,0.0,0.0001,0.796634,0.00819,0.000237,0.7809,0.79115,0.7967,0.8021,0.81223,0.52553,0.39104,0.008744,0.1895,0.2015,0.2116,0.9999,0.9999,2.0e-6,2.0e-5,0.0,0.0,0.0,0.0,0.0,0.0,0.474467,0.39104,0.008744,0.0001,0.0001,0.7884,0.7985,0.8105,2.0e-6,2.0e-5,0.0,0.0,0.0,0.0,0.0,0.0,0.47447,0.39104,0.008744,0.0001,0.0001,0.7884,0.7985,0.8105
78.5,0.203366,0.00819,0.000237,0.18778,0.1979,0.2033,0.20885,0.2191,3.0e-6,3.0e-5,1.0e-6,0.0,0.0,0.0,0.0,2.0e-5,0.796631,0.00819,0.000237,0.7809,0.79115,0.7967,0.8021,0.81223,3.0e-6,3.0e-5,1.0e-6,0.0,0.0,0.0,0.0,2.0e-5,0.796634,0.00819,0.000237,0.7809,0.79115,0.7967,0.8021,0.81223,0.52553,0.39104,0.008744,0.1895,0.2015,0.2116,0.9999,0.9999,2.0e-6,2.0e-5,0.0,0.0,0.0,0.0,0.0,0.0,0.474468,0.39104,0.008744,0.0001,0.0001,0.7884,0.7985,0.8105,2.0e-6,2.0e-5,0.0,0.0,0.0,0.0,0.0,0.0,0.47447,0.39104,0.008744,0.0001,0.0001,0.7884,0.7985,0.8105
79.0,0.203366,0.00819,0.000237,0.18778,0.1979,0.2033,0.20885,0.2191,3.0e-6,2.0e-5,1.0e-6,0.0,0.0,0.0,0.0,0.0,0.796631,0.00819,0.000237,0.7809,0.79115,0.7967,0.8021,0.81223,3.0e-6,2.0e-5,1.0e-6,0.0,0.0,0.0,0.0,0.0,0.796634,0.00819,0.000237,0.7809,0.79115,0.7967,0.8021,0.81223,0.52553,0.39104,0.008744,0.1895,0.2015,0.2116,0.9999,0.9999,2.0e-6,2.0e-5,0.0,0.0,0.0,0.0,0.0,0.0,0.474468,0.39104,0.008744,0.0001,0.0001,0.7884,0.7985,0.8105,2.0e-6,2.0e-5,0.0,0.0,0.0,0.0,0.0,0.0,0.47447,0.39104,0.008744,0.0001,0.0001,0.7884,0.7985,0.8105
79.5,0.203366,0.00819,0.000237,0.18778,0.1979,0.2033,0.20885,0.2191,3.0e-6,2.0e-5,1.0e-6,0.0,0.0,0.0,0.0,0.0,0.796631,0.00819,0.000237,0.7809,0.79115,0.7967,0.8021,0.81223,3.0e-6,2.0e-5,1.0e-6,0.0,0.0,0.0,0.0,0.0,0.796634,0.00819,0.000237,0.7809,0.79115,0.7967,0.8021,0.81223,0.52553,0.39104,0.008744,0.1895,0.2015,0.2116,0.9999,0.9999,2.0e-6,2.0e-5,0.0,0.0,0.0,0.0,0.0,0.0,0.474468,0.39104,0.008744,0.0001,0.0001,0.7884,0.7985,0.8105,2.0e-6,2.0e-5,0.0,0.0,0.0,0.0,0.0,0.0,0.47447,0.39104,0.008744,0.0001,0.0001,0.7884,0.7985,0.8105
80.0,0.203366,0.00819,0.000237,0.18778,0.1979,0.2033,0.20885,0.2191,2.0e-6,2.0e-5,1.0e-6,0.0,0.0,0.0,0.0,0.0,0.796632,0.00819,0.000237,0.7809,0.79115,0.7967,0.8021,0.81223,2.0e-6,2.0e-5,1.0e-6,0.0,0.0,0.0,0.0,0.0,0.796634,0.00819,0.000237,0.7809,0.79115,0.7967,0.8021,0.81223,0.52553,0.39104,0.008744,0.1895,0.2015,0.2116,0.9999,0.9999,1.0e-6,2.0e-5,0.0,0.0,0.0,0.0,0.0,0.0,0.474468,0.39104,0.008744,0.0001,0.0001,0.7884,0.7985,0.8105,1.0e-6,2.0e-5,0.0,0.0,0.0,0.0,0.0,0.0,0.47447,0.39104,0.008744,0.0001,0.0001,0.7884,0.7985,0.8105
80.5,0.203366,0.00819,0.000237,0.18778,0.1979,0.2033,0.20885,0.2191,2.0e-6,2.0e-5,0.0,0.0,0.0,0.0,0.0,0.0,0.796632,0.00819,0.000237,0.7809,0.79115,0.7967,0.8021,0.81223,2.0e-6,2.0e-5,0.0,0.0,0.0,0.0,0.0,0.0,0.796634,0.00819,0.000237,0.7809,0.79115,0.7967,0.8021,0.81223,0.52553,0.39104,0.008744,0.1895,0.2015,0.2116,0.9999,0.9999,1.0e-6,1.0e-5,0.0,0.0,0.0,0.0,0.0,0.0,0.474469,0.39104,0.008744,0.0001,0.0001,0.7884,0.7985,0.8105,1.0e-6,1.0e-5,0.0,0.0,0.0,0.0,0.0,0.0,0.47447,0.39104,0.008744,0.0001,0.0001,0.7884,0.7985,0.8105
81.0,0.203366,0.00819,0.000237,0.18778,0.1979,0.2033,0.20885,0.2191,2.0e-6,2.0e-5,1.0e-6,0.0,0.0,0.0,0.0,0.0,0.796632,0.00819,0.000237,0.7809,0.79115,0.7967,0.8021,0.81223,2.0e-6,2.0e-5,1.0e-6,0.0,0.0,0.0,0.0,0.0,0.796634,0.00819,0.000237,0.7809,0.79115,0.7967,0.8021,0.81223,0.52553,0.39104,0.008744,0.1895,0.2015,0.2116,0.9999,0.9999,1.0e-6,1.0e-5,0.0,0.0,0.0,0.0,0.0,0.0,0.474469,0.39104,0.008744,0.0001,0.0001,0.7884,0.7985,0.8105,1.0e-6,1.0e-5,0.0,0.0,0.0,0.0,0.0,0.0,0.47447,0.39104,0.008744,0.0001,0.0001,0.7884,0.7985,0.8105
81.5,0.203366,0.00819,0.000237,0.18778,0.1979,0.2033,0.20885,0.2191,2.0e-6,2.0e-5,1.0e-6,0.0,0.0,0.0,0.0,0.0,0.796632,0.00819,0.000237,0.7809,0.79115,0.7967,0.8021,0.81223,2.0e-6,2.0e-5,1.0e-6,0.0,0.0,0.0,0.0,0.0,0.796634,0.00819,0.000237,0.7809,0.79115,0.7967,0.8021,0.81223,0.52553,0.39104,0.008744,0.1895,0.2015,0.2116,0.9999,0.9999,1.0e-6,1.0e-5,0.0,0.0,0.0,0.0,0.0,0.0,0.474469,0.39104,0.008744,0.0001,0.0001,0.7884,0.7985,0.8105,1.0e-6,1.0e-5,0.0,0.0,0.0,0.0,0.0,0.0,0.47447,0.39104,0.008744,0.0001,0.0001,0.7884,0.7985,0.8105
82.0,0.203366,0.00819,0.000237,0.18778,0.1979,0.2033,0.20885,0.2191,1.0e-6,1.0e-5,0.0,0.0,0.0,0.0,0.0,0.0,0.796633,0.00819,0.000237,0.7809,0.79115,0.7967,0.8021,0.81223,1.0e-6,1.0e-5,0.0,0.0,0.0,0.0,0.0,0.0,0.796634,0.00819,0.000237,0.7809,0.79115,0.7967,0.8021,0.81223,0.52553,0.39104,0.008744,0.1895,0.2015,0.2116,0.9999,0.9999,1.0e-6,1.0e-5,0.0,0.0,0.0,0.0,0.0,0.0,0.474469,0.39104,0.008744,0.0001,0.0001,0.7884,0.7985,0.8105,1.0e-6,1.0e-5,0.0,0.0,0.0,0.0,0.0,0.0,0.47447,0.39104,0.008744,0.0001,0.0001,0.7884,0.7985,0.8105
82.5,0.203366,0.00819,0.000237,0.18778,0.1979,0.2033,0.20885,0.2191,1.0e-6,1.0e-5,0.0,0.0,0.0,0.0,0.0,0.0,0.796633,0.00819,0.000237,0.7809,0.79115,0.7967,0.8021,0.81223,1.0e-6,1.0e-5,0.0,0.0,0.0,0.0,0.0,0.0,0.796634,0.00819,0.000237,0.7809,0.79115,0.7967,0.8021,0.81223,0.52553,0.39104,0.008744,0.1895,0.2015,0.2116,0.9999,0.9999,1.0e-6,1.0e-5,0.0,0.0,0.0,0.0,0.0,0.0,0.474469,0.39104,0.008744,0.0001,0.0001,0.7884,0.7985,0.8105,1.0e-6,1.0e-5,0.0,0.0,0.0,0.0,0.0,0.0,0.47447,0.39104,0.008744,0.0001,0.0001,0.7884,0.7985,0.8105
83.0,0.203366,0.00819,0.000237,0.18778,0.1979,0.2033,0.20885,0.2191,1.0e-6,1.0e-5,0.0,0.0,0.0,0.0,0.0,0.0,0.796633,0.00819,0.000237,0.7809,0.79115,0.7967,0.8021,0.81223,1.0e-6,1.0e-5,0.0,0.0,0.0,0.0,0.0,0.0,0.796634,0.00819,0.000237,0.7809,0.79115,0.7967,0.8021,0.81223,0.52553,0.39104,0.008744,0.1895,0.2015,0.2116,0.9999,0.9999,1.0e-6,1.0e-5,0.0,0.0,0.0,0.0,0.0,0.0,0.474469,0.39104,0.008744,0.0001,0.0001,0.7884,0.7985,0.8105,1.0e-6,1.0e-5,0.0,0.0,0.0,0.0,0.0,0.0,0.47447,0.39104,0.008744,0.0001,0.0001,0.7884,0.7985,0.8105
83.5,0.203366,0.00819,0.000237,0.18778,0.1979,0.2033,0.20885,0.2191,1.0e-6,1.0e-5,0.0,0.0,0.0,0.0,0.0,0.0,0.796633,0.00819,0.000237,0.7809,0.79115,0.7967,0.8021,0.81223,1.0e-6,1.0e-5,0.0,0.0,0.0,0.0,0.0,0.0,0.796634,0.00819,0.000237,0.7809,0.79115,0.7967,0.8021,0.81223,0.52553,0.39104,0.008744,0.1895,0.2015,0.2116,0.9999,0.9999,0.0,1.0e-5,0.0,0.0,0.0,0.0,0.0,0.0,0.474469,0.39104,0.008744,0.0001,0.0001,0.7884,0.7985,0.8105,0.0,1.0e-5,0.0,0.0,0.0,0.0,0.0,0.0,0.47447,0.39104,0.008744,0.0001,0.0001,0.7884,0.7985,0.8105
84.0,0.203366,0.00819,0.000237,0.18778,0.1979,0.2033,0.20885,0.2191,1.0e-6,1.0e-5,0.0,0.0,0.0,0.0,0.0,0.0,0.796633,0.00819,0.000237,0.7809,0.79115,0.7967,0.8021,0.81223,1.0e-6,1.0e-5,0.0,0.0,0.0,0.0,0.0,0.0,0.796634,0.00819,0.000237,0.7809,0.79115,0.7967,0.8021,0.81223,0.52553,0.39104,0.008744,0.1895,0.2015,0.2116,0.9999,0.9999,0.0,1.0e-5,0.0,0.0,0.0,0.0,0.0,0.0,0.474469,0.39104,0.008744,0.0001,0.0001,0.7884,0.7985,0.8105,0.0,1.0e-5,0.0,0.0,0.0,0.0,0.0,0.0,0.47447,0.39104,0.008744,0.0001,0.0001,0.7884,0.7985,0.8105
84.5,0.203366,0.00819,0.000237,0.18778,0.1979,0.2033,0.20885,0.2191,1.0e-6,1.0e-5,0.0,0.0,0.0,0.0,0.0,0.0,0.796634,0.00819,0.000237,0.7809,0.79115,0.7967,0.8021,0.81223,1.0e-6,1.0e-5,0.0,0.0,0.0,0.0,0.0,0.0,0.796634,0.00819,0.000237,0.7809,0.79115,0.7967,0.8021,0.81223,0.52553,0.39104,0.008744,0.1895,0.2015,0.2116,0.9999,0.9999,0.0,1.0e-5,0.0,0.0,0.0,0.0,0.0,0.0,0.474469,0.39104,0.008744,0.0001,0.0001,0.7884,0.7985,0.8105,0.0,1.0e-5,0.0,0.0,0.0,0.0,0.0,0.0,0.47447,0.39104,0.008744,0.0001,0.0001,0.7884,0.7985,0.8105
85.0,0.203366,0.00819,0.000237,0.18778,0.1979,0.2033,0.20885,0.2191,1.0e-6,1.0e-5,0.0,0.0,0.0,0.0,0.0,0.0,0.796634,0.00819,0.000237,0.7809,0.79115,0.7967,0.8021,0.81223,1.0e-6,1.0e-5,0.0,0.0,0.0,0.0,0.0,0.0,0.796634,0.00819,0.000237,0.7809,0.79115,0.7967,0.8021,0.81223,0.52553,0.39104,0.008744,0.1895,0.2015,0.2116,0.9999,0.9999,0.0,1.0e-5,0.0,0.0,0.0,0.0,0.0,0.0,0.474469,0.39104,0.008744,0.0001,0.0001,0.7884,0.7985,0.8105,0.0,1.0e-5,0.0,0.0,0.0,0.0,0.0,0.0,0.47447,0.39104,0.008744,0.0001,0.0001,0.7884,0.7985,0.8105
85.5,0.203366,0.00819,0.000237,0.18778,0.1979,0.2033,0.20885,0.2191,1.0e-6,1.0e-5,0.0,0.0,0.0,0.0,0.0,0.0,0.796634,0.00819,0.000237,0.7809,0.79115,0.7967,0.8021,0.81223,1.0e-6,1.0e-5,0.0,0.0,0.0,0.0,0.0,0.0,0.796634,0.00819,0.000237,0.7809,0.79115,0.7967,0.8021,0.81223,0.52553,0.39104,0.008744,0.1895,0.2015,0.2116,0.9999,0.9999,0.0,1.0e-5,0.0,0.0,0.0,0.0,0.0,0.0,0.474469,0.39104,0.008744,0.0001,0.0001,0.7884,0.7985,0.8105,0.0,1.0e-5,0.0,0.0,0.0,0.0,0.0,0.0,0.47447,0.39104,0.008744,0.0001,0.0001,0.7884,0.7985,0.8105
86.0,0.203366,0.00819,0.000237,0.18778,0.1979,0.2033,0.20885,0.2191,1.0e-6,1.0e-5,0.0,0.0,0.0,0.0,0.0,0.0,0.796634,0.00819,0.000237,0.7809,0.79115,0.7967,0.8021,0.81223,1.0e-6,1.0e-5,0.0,0.0,0.0,0.0,0.0,0.0,0.796634,0.00819,0.000237,0.7809,0.79115,0.7967,0.8021,0.81223,0.52553,0.39104,0.008744,0.1895,0.2015,0.2116,0.9999,0.9999,0.0,1.0e-5,0.0,0.0,0.0,0.0,0.0,0.0,0.474469,0.39104,0.008744,0.0001,0.0001,0.7884,0.7985,0.8105,0.0,1.0e-5,0.0,0.0,0.0,0.0,0.0,0.0,0.47447,0.39104,0.008744,0.0001,0.0001,0.7884,0.7985,0.8105
86.5,0.203366,0.00819,0.000237,0.18778,0.1979,0.2033,0.20885,0.2191,0.0,1.0e-5,0.0,0.0,0.0,0.0,0.0,0.0,0.796634,0.00819,0.000237,0.7809,0.79115,0.7967,0.8021,0.81223,0.0,1.0e-5,0.0,0.0,0.0,0.0,0.0,0.0,0.796634,0.00819,0.000237,0.7809,0.79115,0.7967,0.8021,0.81223,0.52553,0.39104,0.008744,0.1895,0.2015,0.2116,0.9999,0.9999,0.0,0.0,0.0,0.0,0.0,0.0,0.0,0.0,0.47447,0.39104,0.008744,0.0001,0.0001,0.7884,0.7985,0.8105,0.0,0.0,0.0,0.0,0.0,0.0,0.0,0.0,0.47447,0.39104,0.008744,0.0001,0.0001,0.7884,0.7985,0.8105
87.0,0.203366,0.00819,0.000237,0.18778,0.1979,0.2033,0.20885,0.2191,0.0,1.0e-5,0.0,0.0,0.0,0.0,0.0,0.0,0.796634,0.00819,0.000237,0.7809,0.79115,0.7967,0.8021,0.81223,0.0,1.0e-5,0.0,0.0,0.0,0.0,0.0,0.0,0.796634,0.00819,0.000237,0.7809,0.79115,0.7967,0.8021,0.81223,0.52553,0.39104,0.008744,0.1895,0.2015,0.2116,0.9999,0.9999,0.0,0.0,0.0,0.0,0.0,0.0,0.0,0.0,0.47447,0.39104,0.008744,0.0001,0.0001,0.7884,0.7985,0.8105,0.0,0.0,0.0,0.0,0.0,0.0,0.0,0.0,0.47447,0.39104,0.008744,0.0001,0.0001,0.7884,0.7985,0.8105
87.5,0.203366,0.00819,0.000237,0.18778,0.1979,0.2033,0.20885,0.2191,0.0,1.0e-5,0.0,0.0,0.0,0.0,0.0,0.0,0.796634,0.00819,0.000237,0.7809,0.79115,0.7967,0.8021,0.81223,0.0,1.0e-5,0.0,0.0,0.0,0.0,0.0,0.0,0.796634,0.00819,0.000237,0.7809,0.79115,0.7967,0.8021,0.81223,0.52553,0.39104,0.008744,0.1895,0.2015,0.2116,0.9999,0.9999,0.0,0.0,0.0,0.0,0.0,0.0,0.0,0.0,0.47447,0.39104,0.008744,0.0001,0.0001,0.7884,0.7985,0.8105,0.0,0.0,0.0,0.0,0.0,0.0,0.0,0.0,0.47447,0.39104,0.008744,0.0001,0.0001,0.7884,0.7985,0.8105
88.0,0.203366,0.00819,0.000237,0.18778,0.1979,0.2033,0.20885,0.2191,0.0,1.0e-5,0.0,0.0,0.0,0.0,0.0,0.0,0.796634,0.00819,0.000237,0.7809,0.79115,0.7967,0.8021,0.81223,0.0,1.0e-5,0.0,0.0,0.0,0.0,0.0,0.0,0.796634,0.00819,0.000237,0.7809,0.79115,0.7967,0.8021,0.81223,0.52553,0.39104,0.008744,0.1895,0.2015,0.2116,0.9999,0.9999,0.0,0.0,0.0,0.0,0.0,0.0,0.0,0.0,0.47447,0.39104,0.008744,0.0001,0.0001,0.7884,0.7985,0.8105,0.0,0.0,0.0,0.0,0.0,0.0,0.0,0.0,0.47447,0.39104,0.008744,0.0001,0.0001,0.7884,0.7985,0.8105
88.5,0.203366,0.00819,0.000237,0.18778,0.1979,0.2033,0.20885,0.2191,0.0,1.0e-5,0.0,0.0,0.0,0.0,0.0,0.0,0.796634,0.00819,0.000237,0.7809,0.79115,0.7967,0.8021,0.81223,0.0,1.0e-5,0.0,0.0,0.0,0.0,0.0,0.0,0.796634,0.00819,0.000237,0.7809,0.79115,0.7967,0.8021,0.81223,0.52553,0.39104,0.008744,0.1895,0.2015,0.2116,0.9999,0.9999,0.0,0.0,0.0,0.0,0.0,0.0,0.0,0.0,0.47447,0.39104,0.008744,0.0001,0.0001,0.7884,0.7985,0.8105,0.0,0.0,0.0,0.0,0.0,0.0,0.0,0.0,0.47447,0.39104,0.008744,0.0001,0.0001,0.7884,0.7985,0.8105
89.0,0.203366,0.00819,0.000237,0.18778,0.1979,0.2033,0.20885,0.2191,0.0,1.0e-5,0.0,0.0,0.0,0.0,0.0,0.0,0.796634,0.00819,0.000237,0.7809,0.79115,0.7967,0.8021,0.81223,0.0,1.0e-5,0.0,0.0,0.0,0.0,0.0,0.0,0.796634,0.00819,0.000237,0.7809,0.79115,0.7967,0.8021,0.81223,0.52553,0.39104,0.008744,0.1895,0.2015,0.2116,0.9999,0.9999,0.0,0.0,0.0,0.0,0.0,0.0,0.0,0.0,0.47447,0.39104,0.008744,0.0001,0.0001,0.7884,0.7985,0.8105,0.0,0.0,0.0,0.0,0.0,0.0,0.0,0.0,0.47447,0.39104,0.008744,0.0001,0.0001,0.7884,0.7985,0.8105
89.5,0.203366,0.00819,0.000237,0.18778,0.1979,0.2033,0.20885,0.2191,0.0,1.0e-5,0.0,0.0,0.0,0.0,0.0,0.0,0.796634,0.00819,0.000237,0.7809,0.79115,0.7967,0.8021,0.81223,0.0,1.0e-5,0.0,0.0,0.0,0.0,0.0,0.0,0.796634,0.00819,0.000237,0.7809,0.79115,0.7967,0.8021,0.81223,0.52553,0.39104,0.008744,0.1895,0.2015,0.2116,0.9999,0.9999,0.0,0.0,0.0,0.0,0.0,0.0,0.0,0.0,0.47447,0.39104,0.008744,0.0001,0.0001,0.7884,0.7985,0.8105,0.0,0.0,0.0,0.0,0.0,0.0,0.0,0.0,0.47447,0.39104,0.008744,0.0001,0.0001,0.7884,0.7985,0.8105
90.0,0.203366,0.00819,0.000237,0.18778,0.1979,0.2033,0.20885,0.2191,0.0,1.0e-5,0.0,0.0,0.0,0.0,0.0,0.0,0.796634,0.00819,0.000237,0.7809,0.79115,0.7967,0.8021,0.81223,0.0,1.0e-5,0.0,0.0,0.0,0.0,0.0,0.0,0.796634,0.00819,0.000237,0.7809,0.79115,0.7967,0.8021,0.81223,0.52553,0.39104,0.008744,0.1895,0.2015,0.2116,0.9999,0.9999,0.0,0.0,0.0,0.0,0.0,0.0,0.0,0.0,0.47447,0.39104,0.008744,0.0001,0.0001,0.7884,0.7985,0.8105,0.0,0.0,0.0,0.0,0.0,0.0,0.0,0.0,0.47447,0.39104,0.008744,0.0001,0.0001,0.7884,0.7985,0.8105
90.5,0.203366,0.00819,0.000237,0.18778,0.1979,0.2033,0.20885,0.2191,0.0,1.0e-5,0.0,0.0,0.0,0.0,0.0,0.0,0.796634,0.00819,0.000237,0.7809,0.79115,0.7967,0.8021,0.81223,0.0,1.0e-5,0.0,0.0,0.0,0.0,0.0,0.0,0.796634,0.00819,0.000237,0.7809,0.79115,0.7967,0.8021,0.81223,0.52553,0.39104,0.008744,0.1895,0.2015,0.2116,0.9999,0.9999,0.0,0.0,0.0,0.0,0.0,0.0,0.0,0.0,0.47447,0.39104,0.008744,0.0001,0.0001,0.7884,0.7985,0.8105,0.0,0.0,0.0,0.0,0.0,0.0,0.0,0.0,0.47447,0.39104,0.008744,0.0001,0.0001,0.7884,0.7985,0.8105
91.0,0.203366,0.00819,0.000237,0.18778,0.1979,0.2033,0.20885,0.2191,0.0,1.0e-5,0.0,0.0,0.0,0.0,0.0,0.0,0.796634,0.00819,0.000237,0.7809,0.79115,0.7967,0.8021,0.81223,0.0,1.0e-5,0.0,0.0,0.0,0.0,0.0,0.0,0.796634,0.00819,0.000237,0.7809,0.79115,0.7967,0.8021,0.81223,0.52553,0.39104,0.008744,0.1895,0.2015,0.2116,0.9999,0.9999,0.0,0.0,0.0,0.0,0.0,0.0,0.0,0.0,0.47447,0.39104,0.008744,0.0001,0.0001,0.7884,0.7985,0.8105,0.0,0.0,0.0,0.0,0.0,0.0,0.0,0.0,0.47447,0.39104,0.008744,0.0001,0.0001,0.7884,0.7985,0.8105
91.5,0.203366,0.00819,0.000237,0.18778,0.1979,0.2033,0.20885,0.2191,0.0,1.0e-5,0.0,0.0,0.0,0.0,0.0,0.0,0.796634,0.00819,0.000237,0.7809,0.79115,0.7967,0.8021,0.81223,0.0,1.0e-5,0.0,0.0,0.0,0.0,0.0,0.0,0.796634,0.00819,0.000237,0.7809,0.79115,0.7967,0.8021,0.81223,0.52553,0.39104,0.008744,0.1895,0.2015,0.2116,0.9999,0.9999,0.0,0.0,0.0,0.0,0.0,0.0,0.0,0.0,0.47447,0.39104,0.008744,0.0001,0.0001,0.7884,0.7985,0.8105,0.0,0.0,0.0,0.0,0.0,0.0,0.0,0.0,0.47447,0.39104,0.008744,0.0001,0.0001,0.7884,0.7985,0.8105
92.0,0.203366,0.00819,0.000237,0.18778,0.1979,0.2033,0.20885,0.2191,0.0,1.0e-5,0.0,0.0,0.0,0.0,0.0,0.0,0.796634,0.00819,0.000237,0.7809,0.79115,0.7967,0.8021,0.81223,0.0,1.0e-5,0.0,0.0,0.0,0.0,0.0,0.0,0.796634,0.00819,0.000237,0.7809,0.79115,0.7967,0.8021,0.81223,0.52553,0.39104,0.008744,0.1895,0.2015,0.2116,0.9999,0.9999,0.0,0.0,0.0,0.0,0.0,0.0,0.0,0.0,0.47447,0.39104,0.008744,0.0001,0.0001,0.7884,0.7985,0.8105,0.0,0.0,0.0,0.0,0.0,0.0,0.0,0.0,0.47447,0.39104,0.008744,0.0001,0.0001,0.7884,0.7985,0.8105
92.5,0.203366,0.00819,0.000237,0.18778,0.1979,0.2033,0.20885,0.2191,0.0,0.0,0.0,0.0,0.0,0.0,0.0,0.0,0.796634,0.00819,0.000237,0.7809,0.79115,0.7967,0.8021,0.81223,0.0,0.0,0.0,0.0,0.0,0.0,0.0,0.0,0.796634,0.00819,0.000237,0.7809,0.79115,0.7967,0.8021,0.81223,0.52553,0.39104,0.008744,0.1895,0.2015,0.2116,0.9999,0.9999,0.0,0.0,0.0,0.0,0.0,0.0,0.0,0.0,0.47447,0.39104,0.008744,0.0001,0.0001,0.7884,0.7985,0.8105,0.0,0.0,0.0,0.0,0.0,0.0,0.0,0.0,0.47447,0.39104,0.008744,0.0001,0.0001,0.7884,0.7985,0.8105
93.0,0.203366,0.00819,0.000237,0.18778,0.1979,0.2033,0.20885,0.2191,0.0,0.0,0.0,0.0,0.0,0.0,0.0,0.0,0.796634,0.00819,0.000237,0.7809,0.79115,0.7967,0.8021,0.81223,0.0,0.0,0.0,0.0,0.0,0.0,0.0,0.0,0.796634,0.00819,0.000237,0.7809,0.79115,0.7967,0.8021,0.81223,0.52553,0.39104,0.008744,0.1895,0.2015,0.2116,0.9999,0.9999,0.0,0.0,0.0,0.0,0.0,0.0,0.0,0.0,0.47447,0.39104,0.008744,0.0001,0.0001,0.7884,0.7985,0.8105,0.0,0.0,0.0,0.0,0.0,0.0,0.0,0.0,0.47447,0.39104,0.008744,0.0001,0.0001,0.7884,0.7985,0.8105
93.5,0.203366,0.00819,0.000237,0.18778,0.1979,0.2033,0.20885,0.2191,0.0,0.0,0.0,0.0,0.0,0.0,0.0,0.0,0.796634,0.00819,0.000237,0.7809,0.79115,0.7967,0.8021,0.81223,0.0,0.0,0.0,0.0,0.0,0.0,0.0,0.0,0.796634,0.00819,0.000237,0.7809,0.79115,0.7967,0.8021,0.81223,0.52553,0.39104,0.008744,0.1895,0.2015,0.2116,0.9999,0.9999,0.0,0.0,0.0,0.0,0.0,0.0,0.0,0.0,0.47447,0.39104,0.008744,0.0001,0.0001,0.7884,0.7985,0.8105,0.0,0.0,0.0,0.0,0.0,0.0,0.0,0.0,0.47447,0.39104,0.008744,0.0001,0.0001,0.7884,0.7985,0.8105
94.0,0.203366,0.00819,0.000237,0.18778,0.1979,0.2033,0.20885,0.2191,0.0,0.0,0.0,0.0,0.0,0.0,0.0,0.0,0.796634,0.00819,0.000237,0.7809,0.79115,0.7967,0.8021,0.81223,0.0,0.0,0.0,0.0,0.0,0.0,0.0,0.0,0.796634,0.00819,0.000237,0.7809,0.79115,0.7967,0.8021,0.81223,0.52553,0.39104,0.008744,0.1895,0.2015,0.2116,0.9999,0.9999,0.0,0.0,0.0,0.0,0.0,0.0,0.0,0.0,0.47447,0.39104,0.008744,0.0001,0.0001,0.7884,0.7985,0.8105,0.0,0.0,0.0,0.0,0.0,0.0,0.0,0.0,0.47447,0.39104,0.008744,0.0001,0.0001,0.7884,0.7985,0.8105
94.5,0.203366,0.00819,0.000237,0.18778,0.1979,0.2033,0.20885,0.2191,0.0,0.0,0.0,0.0,0.0,0.0,0.0,0.0,0.796634,0.00819,0.000237,0.7809,0.79115,0.7967,0.8021,0.81223,0.0,0.0,0.0,0.0,0.0,0.0,0.0,0.0,0.796634,0.00819,0.000237,0.7809,0.79115,0.7967,0.8021,0.81223,0.52553,0.39104,0.008744,0.1895,0.2015,0.2116,0.9999,0.9999,0.0,0.0,0.0,0.0,0.0,0.0,0.0,0.0,0.47447,0.39104,0.008744,0.0001,0.0001,0.7884,0.7985,0.8105,0.0,0.0,0.0,0.0,0.0,0.0,0.0,0.0,0.47447,0.39104,0.008744,0.0001,0.0001,0.7884,0.7985,0.8105
95.0,0.203366,0.00819,0.000237,0.18778,0.1979,0.2033,0.20885,0.2191,0.0,0.0,0.0,0.0,0.0,0.0,0.0,0.0,0.796634,0.00819,0.000237,0.7809,0.79115,0.7967,0.8021,0.81223,0.0,0.0,0.0,0.0,0.0,0.0,0.0,0.0,0.796634,0.00819,0.000237,0.7809,0.79115,0.7967,0.8021,0.81223,0.52553,0.39104,0.008744,0.1895,0.2015,0.2116,0.9999,0.9999,0.0,0.0,0.0,0.0,0.0,0.0,0.0,0.0,0.47447,0.39104,0.008744,0.0001,0.0001,0.7884,0.7985,0.8105,0.0,0.0,0.0,0.0,0.0,0.0,0.0,0.0,0.47447,0.39104,0.008744,0.0001,0.0001,0.7884,0.7985,0.8105
95.5,0.203366,0.00819,0.000237,0.18778,0.1979,0.2033,0.20885,0.2191,0.0,0.0,0.0,0.0,0.0,0.0,0.0,0.0,0.796634,0.00819,0.000237,0.7809,0.79115,0.7967,0.8021,0.81223,0.0,0.0,0.0,0.0,0.0,0.0,0.0,0.0,0.796634,0.00819,0.000237,0.7809,0.79115,0.7967,0.8021,0.81223,0.52553,0.39104,0.008744,0.1895,0.2015,0.2116,0.9999,0.9999,0.0,0.0,0.0,0.0,0.0,0.0,0.0,0.0,0.47447,0.39104,0.008744,0.0001,0.0001,0.7884,0.7985,0.8105,0.0,0.0,0.0,0.0,0.0,0.0,0.0,0.0,0.47447,0.39104,0.008744,0.0001,0.0001,0.7884,0.7985,0.8105
96.0,0.203366,0.00819,0.000237,0.18778,0.1979,0.2033,0.20885,0.2191,0.0,0.0,0.0,0.0,0.0,0.0,0.0,0.0,0.796634,0.00819,0.000237,0.7809,0.79115,0.7967,0.8021,0.81223,0.0,0.0,0.0,0.0,0.0,0.0,0.0,0.0,0.796634,0.00819,0.000237,0.7809,0.79115,0.7967,0.8021,0.81223,0.52553,0.39104,0.008744,0.1895,0.2015,0.2116,0.9999,0.9999,0.0,0.0,0.0,0.0,0.0,0.0,0.0,0.0,0.47447,0.39104,0.008744,0.0001,0.0001,0.7884,0.7985,0.8105,0.0,0.0,0.0,0.0,0.0,0.0,0.0,0.0,0.47447,0.39104,0.008744,0.0001,0.0001,0.7884,0.7985,0.8105
96.5,0.203366,0.00819,0.000237,0.18778,0.1979,0.2033,0.20885,0.2191,0.0,0.0,0.0,0.0,0.0,0.0,0.0,0.0,0.796634,0.00819,0.000237,0.7809,0.79115,0.7967,0.8021,0.81223,0.0,0.0,0.0,0.0,0.0,0.0,0.0,0.0,0.796634,0.00819,0.000237,0.7809,0.79115,0.7967,0.8021,0.81223,0.52553,0.39104,0.008744,0.1895,0.2015,0.2116,0.9999,0.9999,0.0,0.0,0.0,0.0,0.0,0.0,0.0,0.0,0.47447,0.39104,0.008744,0.0001,0.0001,0.7884,0.7985,0.8105,0.0,0.0,0.0,0.0,0.0,0.0,0.0,0.0,0.47447,0.39104,0.008744,0.0001,0.0001,0.7884,0.7985,0.8105
97.0,0.203366,0.00819,0.000237,0.18778,0.1979,0.2033,0.20885,0.2191,0.0,0.0,0.0,0.0,0.0,0.0,0.0,0.0,0.796634,0.00819,0.000237,0.7809,0.79115,0.7967,0.8021,0.81223,0.0,0.0,0.0,0.0,0.0,0.0,0.0,0.0,0.796634,0.00819,0.000237,0.7809,0.79115,0.7967,0.8021,0.81223,0.52553,0.39104,0.008744,0.1895,0.2015,0.2116,0.9999,0.9999,0.0,0.0,0.0,0.0,0.0,0.0,0.0,0.0,0.47447,0.39104,0.008744,0.0001,0.0001,0.7884,0.7985,0.8105,0.0,0.0,0.0,0.0,0.0,0.0,0.0,0.0,0.47447,0.39104,0.008744,0.0001,0.0001,0.7884,0.7985,0.8105
97.5,0.203366,0.00819,0.000237,0.18778,0.1979,0.2033,0.20885,0.2191,0.0,0.0,0.0,0.0,0.0,0.0,0.0,0.0,0.796634,0.00819,0.000237,0.7809,0.79115,0.7967,0.8021,0.81223,0.0,0.0,0.0,0.0,0.0,0.0,0.0,0.0,0.796634,0.00819,0.000237,0.7809,0.79115,0.7967,0.8021,0.81223,0.52553,0.39104,0.008744,0.1895,0.2015,0.2116,0.9999,0.9999,0.0,0.0,0.0,0.0,0.0,0.0,0.0,0.0,0.47447,0.39104,0.008744,0.0001,0.0001,0.7884,0.7985,0.8105,0.0,0.0,0.0,0.0,0.0,0.0,0.0,0.0,0.47447,0.39104,0.008744,0.0001,0.0001,0.7884,0.7985,0.8105
98.0,0.203366,0.00819,0.000237,0.18778,0.1979,0.2033,0.20885,0.2191,0.0,0.0,0.0,0.0,0.0,0.0,0.0,0.0,0.796634,0.00819,0.000237,0.7809,0.79115,0.7967,0.8021,0.81223,0.0,0.0,0.0,0.0,0.0,0.0,0.0,0.0,0.796634,0.00819,0.000237,0.7809,0.79115,0.7967,0.8021,0.81223,0.52553,0.39104,0.008744,0.1895,0.2015,0.2116,0.9999,0.9999,0.0,0.0,0.0,0.0,0.0,0.0,0.0,0.0,0.47447,0.39104,0.008744,0.0001,0.0001,0.7884,0.7985,0.8105,0.0,0.0,0.0,0.0,0.0,0.0,0.0,0.0,0.47447,0.39104,0.008744,0.0001,0.0001,0.7884,0.7985,0.8105
98.5,0.203366,0.00819,0.000237,0.18778,0.1979,0.2033,0.20885,0.2191,0.0,0.0,0.0,0.0,0.0,0.0,0.0,0.0,0.796634,0.00819,0.000237,0.7809,0.79115,0.7967,0.8021,0.81223,0.0,0.0,0.0,0.0,0.0,0.0,0.0,0.0,0.796634,0.00819,0.000237,0.7809,0.79115,0.7967,0.8021,0.81223,0.52553,0.39104,0.008744,0.1895,0.2015,0.2116,0.9999,0.9999,0.0,0.0,0.0,0.0,0.0,0.0,0.0,0.0,0.47447,0.39104,0.008744,0.0001,0.0001,0.7884,0.7985,0.8105,0.0,0.0,0.0,0.0,0.0,0.0,0.0,0.0,0.47447,0.39104,0.008744,0.0001,0.0001,0.7884,0.7985,0.8105
99.0,0.203366,0.00819,0.000237,0.18778,0.1979,0.2033,0.20885,0.2191,0.0,0.0,0.0,0.0,0.0,0.0,0.0,0.0,0.796634,0.00819,0.000237,0.7809,0.79115,0.7967,0.8021,0.81223,0.0,0.0,0.0,0.0,0.0,0.0,0.0,0.0,0.796634,0.00819,0.000237,0.7809,0.79115,0.7967,0.8021,0.81223,0.52553,0.39104,0.008744,0.1895,0.2015,0.2116,0.9999,0.9999,0.0,0.0,0.0,0.0,0.0,0.0,0.0,0.0,0.47447,0.39104,0.008744,0.0001,0.0001,0.7884,0.7985,0.8105,0.0,0.0,0.0,0.0,0.0,0.0,0.0,0.0,0.47447,0.39104,0.008744,0.0001,0.0001,0.7884,0.7985,0.8105
99.5,0.203366,0.00819,0.000237,0.18778,0.1979,0.2033,0.20885,0.2191,0.0,0.0,0.0,0.0,0.0,0.0,0.0,0.0,0.796634,0.00819,0.000237,0.7809,0.79115,0.7967,0.8021,0.81223,0.0,0.0,0.0,0.0,0.0,0.0,0.0,0.0,0.796634,0.00819,0.000237,0.7809,0.79115,0.7967,0.8021,0.81223,0.52553,0.39104,0.008744,0.1895,0.2015,0.2116,0.9999,0.9999,0.0,0.0,0.0,0.0,0.0,0.0,0.0,0.0,0.47447,0.39104,0.008744,0.0001,0.0001,0.7884,0.7985,0.8105,0.0,0.0,0.0,0.0,0.0,0.0,0.0,0.0,0.47447,0.39104,0.008744,0.0001,0.0001,0.7884,0.7985,0.8105
100.0,0.203366,0.00819,0.000237,0.18778,0.1979,0.2033,0.20885,0.2191,0.0,0.0,0.0,0.0,0.0,0.0,0.0,0.0,0.796634,0.00819,0.000237,0.7809,0.79115,0.7967,0.8021,0.81223,0.0,0.0,0.0,0.0,0.0,0.0,0.0,0.0,0.796634,0.00819,0.000237,0.7809,0.79115,0.7967,0.8021,0.81223,0.52553,0.39104,0.008744,0.1895,0.2015,0.2116,0.9999,0.9999,0.0,0.0,0.0,0.0,0.0,0.0,0.0,0.0,0.47447,0.39104,0.008744,0.0001,0.0001,0.7884,0.7985,0.8105,0.0,0.0,0.0,0.0,0.0,0.0,0.0,0.0,0.47447,0.39104,0.008744,0.0001,0.0001,0.7884,0.7985,0.8105
