t,cond.S.mean,cond.S.sd,cond.S.se,cond.S.q025,cond.S.q25,cond.S.q50,cond.S.q75,cond.S.q975,cond.I.mean,cond.I.sd,cond.I.se,cond.I.q025,cond.I.q25,cond.I.q50,cond.I.q75,cond.I.q975,cond.R.mean,cond.R.sd,cond.R.se,cond.R.q025,cond.R.q25,cond.R.q50,cond.R.q75,cond.R.q975,cond.infectious.mean,cond.infectious.sd,cond.infectious.se,cond.infectious.q025,cond.infectious.q25,cond.infectious.q50,cond.infectious.q75,cond.infectious.q975,cond.cumulative.mean,cond.cumulative.sd,cond.cumulative.se,cond.cumulative.q025,cond.cumulative.q25,cond.cumulative.q50,cond.cumulative.q75,cond.cumulative.q975,uncond.S.mean,uncond.S.sd,uncond.S.se,uncond.S.q025,uncond.S.q25,uncond.S.q50,uncond.S.q75,uncond.S.q975,uncond.I.mean,uncond.I.sd,uncond.I.se,uncond.I.q025,uncond.I.q25,uncond.I.q50,uncond.I.q75,uncond.I.q975,uncond.R.mean,uncond.R.sd,uncond.R.se,uncond.R.q025,uncond.R.q25,uncond.R.q50,uncond.R.q75,uncond.R.q975,uncond.infectious.mean,uncond.infectious.sd,uncond.infectious.se,uncond.infectious.q025,uncond.infectious.q25,uncond.infectious.q50,uncond.infectious.q75,uncond.infectious.q975,uncond.cumulative.mean,uncond.cumulative.sd,uncond.cumulative.se,uncond.cumulative.q025,uncond.cumulative.q25,uncond.cumulative.q50,uncond.cumulative.q75,uncond.cumulative.q975
0.0,0.99,0.0,0.0,0.99,0.99,0.99,0.99,0.99,0.01,0.0,0.0,0.01,0.01,0.01,0.01,0.01,0.0,0.0,0.0,0.0,0.0,0.0,0.0,0.0,0.01,0.0,0.0,0.01,0.01,0.01,0.01,0.01,0.01,0.0,0.0,0.01,0.01,0.01,0.01,0.01,0.99,0.0,0.0,0.99,0.99,0.99,0.99,0.99,0.01,0.0,0.0,0.01,0.01,0.01,0.01,0.01,0.0,0.0,0.0,0.0,0.0,0.0,0.0,0.0,0.01,0.0,0.0,0.01,0.01,0.01,0.01,0.01,0.01,0.0,0.0,0.01,0.01,0.01,0.01,0.01
0.25,0.989209,0.00099,2.4e-5,0.987,0.989,0.989,0.99,0.99,0.010181,0.00125,3.0e-5,0.008,0.009,0.01,0.011,0.013,0.00061,0.00075,1.8e-5,0.0,0.0,0.0,0.001,0.002,0.010181,0.00125,3.0e-5,0.008,0.009,0.01,0.011,0.013,0.010791,0.00099,2.4e-5,0.01,0.01,0.011,0.011,0.013,0.989251,0.00096,2.1e-5,0.987,0.989,0.99,0.99,0.99,0.010125,0.00123,2.8e-5,0.008,0.009,0.01,0.011,0.013,0.000624,0.00076,1.7e-5,0.0,0.0,0.0,0.001,0.002,0.010125,0.00123,2.8e-5,0.008,0.009,0.01,0.011,0.013,0.010749,0.00096,2.1e-5,0.01,0.01,0.01,0.011,0.013
0.5,0.988353,0.00162,3.9e-5,0.984,0.988,0.989,0.99,0.99,0.010364,0.00188,4.5e-5,0.007,0.009,0.01,0.011,0.014,0.001282,0.00108,2.6e-5,0.0,0.0,0.001,0.002,0.004,0.010364,0.00188,4.5e-5,0.007,0.009,0.01,0.011,0.014,0.011647,0.00162,3.9e-5,0.01,0.01,0.011,0.012,0.016,0.988449,0.00157,3.5e-5,0.98498,0.988,0.989,0.99,0.99,0.010254,0.00186,4.2e-5,0.007,0.009,0.01,0.011,0.014,0.001297,0.00109,2.4e-5,0.0,0.0,0.001,0.002,0.004,0.010254,0.00186,4.2e-5,0.007,0.009,0.01,0.011,0.014,0.011551,0.00157,3.5e-5,0.01,0.01,0.011,0.012,0.01503
0.75,0.987392,0.00224,5.4e-5,0.982,0.986,0.988,0.989,0.99,0.010697,0.00246,5.9e-5,0.007,0.009,0.01,0.012,0.016,0.001911,0.00125,3.0e-5,0.0,0.001,0.002,0.003,0.005,0.010697,0.00246,5.9e-5,0.007,0.009,0.01,0.012,0.016,0.012608,0.00224,5.4e-5,0.01,0.011,0.012,0.014,0.018,0.987556,0.00218,4.9e-5,0.982,0.986,0.988,0.989,0.99,0.010496,0.00245,5.5e-5,0.006,0.009,0.01,0.012,0.016,0.001947,0.00128,2.9e-5,0.0,0.001,0.002,0.003,0.005,0.010496,0.00245,5.5e-5,0.006,0.009,0.01,0.012,0.016,0.012443,0.00218,4.9e-5,0.01,0.011,0.012,0.014,0.018
1.0,0.986378,0.00296,7.2e-5,0.979,0.985,0.987,0.989,0.99,0.011054,0.00307,7.4e-5,0.006,0.009,0.011,0.013,0.018,0.002568,0.00144,3.5e-5,0.0,0.002,0.002,0.003,0.006,0.011054,0.00307,7.4e-5,0.006,0.009,0.011,0.013,0.018,0.013622,0.00296,7.2e-5,0.01,0.011,0.013,0.015,0.021,0.986623,0.00288,6.4e-5,0.979,0.985,0.987,0.989,0.99,0.01077,0.00304,6.8e-5,0.006,0.009,0.01,0.012,0.018,0.002607,0.00145,3.3e-5,0.0,0.002,0.002,0.004,0.006,0.01077,0.00304,6.8e-5,0.006,0.009,0.01,0.012,0.018,0.013377,0.00288,6.4e-5,0.01,0.011,0.013,0.015,0.021
1.25,0.985304,0.00369,8.9e-5,0.976,0.984,0.986,0.988,0.99,0.011478,0.00366,8.8e-5,0.006,0.009,0.011,0.013,0.02,0.003218,0.0016,3.9e-5,0.001,0.002,0.003,0.004,0.007,0.011478,0.00366,8.8e-5,0.006,0.009,0.011,0.013,0.02,0.014696,0.00369,8.9e-5,0.01,0.012,0.014,0.016,0.024,0.985633,0.00359,8.0e-5,0.976,0.984,0.986,0.988,0.99,0.01111,0.00361,8.1e-5,0.006,0.009,0.011,0.013,0.02,0.003257,0.00161,3.6e-5,0.001,0.002,0.003,0.004,0.007,0.01111,0.00361,8.1e-5,0.006,0.009,0.011,0.013,0.02,0.014367,0.00359,8.0e-5,0.01,0.012,0.014,0.016,0.024
1.5,0.984134,0.00437,0.000106,0.97378,0.982,0.985,0.987,0.99,0.011937,0.00416,0.0001,0.006,0.009,0.011,0.014,0.022,0.003929,0.00178,4.3e-5,0.001,0.003,0.004,0.005,0.008,0.011937,0.00416,0.0001,0.006,0.009,0.011,0.014,0.022,0.015866,0.00437,0.000106,0.01,0.013,0.015,0.018,0.02623,0.984562,0.00427,9.5e-5,0.974,0.983,0.986,0.988,0.99,0.011471,0.00413,9.2e-5,0.005,0.009,0.011,0.014,0.021,0.003967,0.00178,4.0e-5,0.001,0.003,0.004,0.005,0.008,0.011471,0.00413,9.2e-5,0.005,0.009,0.011,0.014,0.021,0.015437,0.00427,9.5e-5,0.01,0.012,0.014,0.017,0.026
1.75,0.982904,0.0052,0.000126,0.97,0.98,0.984,0.987,0.989,0.012437,0.00474,0.000115,0.006,0.009,0.012,0.015,0.024,0.004659,0.00194,4.7e-5,0.001,0.003,0.005,0.006,0.009,0.012437,0.00474,0.000115,0.006,0.009,0.012,0.015,0.024,0.017096,0.0052,0.000126,0.011,0.013,0.016,0.02,0.03,0.983457,0.00508,0.000114,0.971,0.981,0.985,0.987,0.99,0.011858,0.00473,0.000106,0.005,0.009,0.011,0.014,0.024,0.004685,0.00193,4.3e-5,0.001,0.003,0.005,0.006,0.009,0.011858,0.00473,0.000106,0.005,0.009,0.011,0.014,0.024,0.016543,0.00508,0.000114,0.01,0.013,0.015,0.019,0.029
2.0,0.981576,0.00614,0.000148,0.966,0.979,0.983,0.986,0.989,0.012996,0.00547,0.000132,0.006,0.009,0.012,0.016,0.026,0.005428,0.00216,5.2e-5,0.002,0.004,0.005,0.007,0.01,0.012996,0.00547,0.000132,0.006,0.009,0.012,0.016,0.026,0.018424,0.00614,0.000148,0.011,0.014,0.017,0.021,0.034,0.982272,0.00601,0.000134,0.966,0.979,0.984,0.987,0.989,0.012289,0.00545,0.000122,0.005,0.008,0.011,0.015,0.026,0.005439,0.00213,4.8e-5,0.002,0.004,0.005,0.007,0.01,0.012289,0.00545,0.000122,0.005,0.008,0.011,0.015,0.026,0.017727,0.00601,0.000134,0.011,0.013,0.016,0.021,0.034
2.25,0.980193,0.00713,0.000172,0.961,0.977,0.982,0.985,0.989,0.013589,0.00616,0.000149,0.005,0.009,0.012,0.017,0.03,0.006218,0.00237,5.7e-5,0.002,0.005,0.006,0.008,0.01123,0.013589,0.00616,0.000149,0.005,0.009,0.012,0.017,0.03,0.019807,0.00713,0.000172,0.011,0.015,0.018,0.023,0.039,0.981028,0.007,0.000156,0.962,0.978,0.983,0.986,0.989,0.012764,0.00615,0.000138,0.005,0.008,0.012,0.016,0.029,0.006208,0.00232,5.2e-5,0.002,0.005,0.006,0.008,0.011,0.012764,0.00615,0.000138,0.005,0.008,0.012,0.016,0.029,0.018972,0.007,0.000156,0.011,0.014,0.017,0.022,0.038
2.5,0.978711,0.00818,0.000198,0.957,0.975,0.981,0.985,0.989,0.014203,0.00688,0.000166,0.005,0.009,0.013,0.018,0.032,0.007085,0.00269,6.5e-5,0.003,0.005,0.007,0.009,0.013,0.014203,0.00688,0.000166,0.005,0.009,0.013,0.018,0.032,0.021289,0.00818,0.000198,0.011,0.015,0.019,0.025,0.043,0.979705,0.00804,0.00018,0.958,0.976,0.982,0.986,0.989,0.013252,0.00688,0.000154,0.004,0.008,0.012,0.017,0.031,0.007043,0.0026,5.8e-5,0.003,0.005,0.007,0.009,0.013,0.013252,0.00688,0.000154,0.004,0.008,0.012,0.017,0.031,0.020294,0.00804,0.00018,0.011,0.014,0.018,0.024,0.042
2.75,0.977157,0.00933,0.000225,0.953,0.973,0.979,0.984,0.988,0.014871,0.00769,0.000186,0.005,0.009,0.013,0.019,0.035,0.007971,0.00301,7.3e-5,0.003,0.006,0.008,0.00925,0.015,0.014871,0.00769,0.000186,0.005,0.009,0.013,0.019,0.035,0.022843,0.00933,0.000225,0.012,0.016,0.021,0.027,0.047,0.978331,0.00919,0.000205,0.954,0.974,0.981,0.985,0.989,0.013798,0.00767,0.000172,0.004,0.008,0.012,0.018,0.034,0.007871,0.0029,6.5e-5,0.003,0.006,0.007,0.009,0.01403,0.013798,0.00767,0.000172,0.004,0.008,0.012,0.018,0.034,0.021668,0.00919,0.000205,0.011,0.015,0.019,0.026,0.046
3.0,0.97556,0.01044,0.000252,0.948,0.97,0.978,0.983,0.988,0.015537,0.0084,0.000203,0.00478,0.01,0.014,0.02,0.038,0.008904,0.00336,8.1e-5,0.004,0.007,0.008,0.011,0.017,0.015537,0.0084,0.000203,0.00478,0.01,0.014,0.02,0.038,0.02444,0.01044,0.000252,0.012,0.017,0.022,0.03,0.052,0.976914,0.0103,0.00023,0.949,0.972,0.98,0.984,0.989,0.014343,0.0084,0.000188,0.004,0.008,0.012,0.019,0.037,0.008743,0.00323,7.2e-5,0.004,0.007,0.008,0.01,0.017,0.014343,0.0084,0.000188,0.004,0.008,0.012,0.019,0.037,0.023086,0.0103,0.00023,0.011,0.016,0.02,0.028,0.051
3.25,0.973862,0.01164,0.000281,0.943,0.968,0.977,0.982,0.988,0.016256,0.00915,0.000221,0.004,0.01,0.014,0.021,0.04,0.009882,0.00381,9.2e-5,0.004,0.007,0.009,0.012,0.019,0.016256,0.00915,0.000221,0.004,0.01,0.014,0.021,0.04,0.026138,0.01164,0.000281,0.012,0.018,0.023,0.032,0.057,0.975416,0.0115,0.000257,0.945,0.97,0.979,0.984,0.989,0.01492,0.00916,0.000205,0.004,0.008,0.013,0.02,0.039,0.009663,0.00365,8.2e-5,0.004,0.007,0.009,0.011,0.01803,0.01492,0.00916,0.000205,0.004,0.008,0.013,0.02,0.039,0.024584,0.0115,0.000257,0.011,0.016,0.021,0.03,0.055
3.5,0.97193,0.01303,0.000315,0.938,0.965,0.975,0.982,0.988,0.017178,0.00996,0.000241,0.004,0.01,0.015,0.02225,0.042,0.010892,0.0043,0.000104,0.005,0.008,0.01,0.013,0.022,0.017178,0.00996,0.000241,0.004,0.01,0.015,0.02225,0.042,0.02807,0.01303,0.000315,0.012,0.018,0.025,0.035,0.062,0.973708,0.0129,0.000288,0.939,0.967,0.977,0.983,0.989,0.015686,0.00999,0.000223,0.003,0.008,0.013,0.021,0.04103,0.010605,0.00412,9.2e-5,0.005,0.008,0.01,0.012,0.021,0.015686,0.00999,0.000223,0.003,0.008,0.013,0.021,0.04103,0.026291,0.0129,0.000288,0.011,0.017,0.023,0.033,0.061
3.75,0.970067,0.01436,0.000347,0.93378,0.963,0.974,0.981,0.987,0.017989,0.01078,0.00026,0.004,0.01,0.015,0.024,0.04423,0.011945,0.00475,0.000115,0.005,0.009,0.011,0.014,0.024,0.017989,0.01078,0.00026,0.004,0.01,0.015,0.024,0.04423,0.029933,0.01436,0.000347,0.013,0.019,0.026,0.037,0.06623,0.972068,0.01424,0.000318,0.935,0.965,0.976,0.983,0.98802,0.016354,0.01081,0.000242,0.003,0.008,0.014,0.022,0.04303,0.011577,0.00458,0.000102,0.005,0.008,0.011,0.014,0.02303,0.016354,0.01081,0.000242,0.003,0.008,0.014,0.022,0.04303,0.027932,0.01424,0.000318,0.01198,0.017,0.024,0.035,0.065
4.0,0.968131,0.01583,0.000383,0.928,0.96,0.972,0.98,0.987,0.018756,0.01163,0.000281,0.004,0.01,0.016,0.025,0.048,0.013112,0.00534,0.000129,0.006,0.009,0.012,0.016,0.027,0.018756,0.01163,0.000281,0.004,0.01,0.016,0.025,0.048,0.031869,0.01583,0.000383,0.013,0.02,0.028,0.04,0.072,0.970376,0.01572,0.000352,0.929,0.963,0.975,0.982,0.988,0.016979,0.01167,0.000261,0.003,0.008,0.014,0.023,0.047,0.012644,0.00516,0.000115,0.006,0.009,0.011,0.015,0.026,0.016979,0.01167,0.000261,0.003,0.008,0.014,0.023,0.047,0.029623,0.01572,0.000352,0.012,0.018,0.025,0.037,0.071
4.25,0.966067,0.01724,0.000417,0.922,0.958,0.97,0.979,0.987,0.019631,0.01238,0.000299,0.004,0.01,0.017,0.026,0.051,0.014303,0.00601,0.000145,0.006,0.01,0.013,0.017,0.03,0.019631,0.01238,0.000299,0.004,0.01,0.017,0.026,0.051,0.033933,0.01724,0.000417,0.013,0.021,0.03,0.042,0.078,0.968571,0.01716,0.000384,0.924,0.96,0.973,0.982,0.988,0.017699,0.01245,0.000278,0.003,0.008,0.014,0.024,0.04803,0.01373,0.00582,0.00013,0.006,0.01,0.012,0.017,0.029,0.017699,0.01245,0.000278,0.003,0.008,0.014,0.024,0.04803,0.031429,0.01716,0.000384,0.012,0.018,0.027,0.04,0.076
4.5,0.963922,0.01876,0.000453,0.917,0.954,0.969,0.978,0.987,0.020603,0.01326,0.000321,0.004,0.011,0.017,0.027,0.053,0.015475,0.00666,0.000161,0.007,0.011,0.014,0.019,0.03223,0.020603,0.01326,0.000321,0.004,0.011,0.017,0.027,0.053,0.036078,0.01876,0.000453,0.013,0.022,0.031,0.046,0.083,0.966693,0.01871,0.000418,0.918,0.958,0.972,0.981,0.988,0.018509,0.01335,0.000299,0.002,0.008,0.015,0.025,0.052,0.014797,0.00646,0.000144,0.007,0.01,0.013,0.018,0.032,0.018509,0.01335,0.000299,0.002,0.008,0.015,0.025,0.052,0.033306,0.01871,0.000418,0.012,0.019,0.028,0.042,0.082
4.75,0.961732,0.02032,0.000491,0.91,0.951,0.967,0.977,0.987,0.021468,0.01419,0.000343,0.004,0.011,0.018,0.029,0.057,0.0168,0.00733,0.000177,0.007,0.012,0.015,0.021,0.036,0.021468,0.01419,0.000343,0.004,0.011,0.018,0.029,0.057,0.038268,0.02032,0.000491,0.013,0.023,0.033,0.049,0.09,0.964779,0.0203,0.000454,0.911,0.954,0.97,0.98,0.988,0.019231,0.01428,0.000319,0.002,0.008,0.015,0.027,0.056,0.015989,0.00714,0.00016,0.007,0.011,0.014,0.019,0.035,0.019231,0.01428,0.000319,0.002,0.008,0.015,0.027,0.056,0.03522,0.0203,0.000454,0.012,0.02,0.03,0.046,0.089
5.0,0.959355,0.02196,0.000531,0.904,0.947,0.965,0.976,0.986,0.022513,0.01499,0.000362,0.004,0.011,0.019,0.031,0.06,0.018132,0.00818,0.000198,0.007,0.012,0.016,0.022,0.04023,0.022513,0.01499,0.000362,0.004,0.011,0.019,0.031,0.06,0.040645,0.02196,0.000531,0.014,0.024,0.035,0.053,0.096,0.962702,0.02198,0.000492,0.907,0.95175,0.969,0.98,0.988,0.020108,0.01512,0.000338,0.002,0.009,0.016,0.028,0.059,0.017189,0.00799,0.000179,0.007,0.011,0.015,0.021,0.039,0.020108,0.01512,0.000338,0.002,0.009,0.016,0.028,0.059,0.037297,0.02198,0.000492,0.012,0.02,0.031,0.04825,0.093
5.25,0.956908,0.02361,0.000571,0.89778,0.944,0.963,0.975,0.986,0.023509,0.01582,0.000382,0.004,0.011,0.02,0.032,0.063,0.019583,0.00906,0.000219,0.008,0.013,0.018,0.024,0.044,0.023509,0.01582,0.000382,0.004,0.011,0.02,0.032,0.063,0.043092,0.02361,0.000571,0.014,0.025,0.037,0.056,0.10223,0.960563,0.02368,0.000529,0.90098,0.948,0.967,0.979,0.988,0.020942,0.01598,0.000357,0.002,0.009,0.017,0.03,0.061,0.018494,0.00887,0.000198,0.008,0.012,0.016,0.023,0.043,0.020942,0.01598,0.000357,0.002,0.009,0.017,0.03,0.061,0.039437,0.02368,0.000529,0.012,0.021,0.033,0.052,0.09903
5.5,0.954426,0.02527,0.000611,0.891,0.94075,0.96,0.974,0.986,0.024487,0.01658,0.000401,0.004,0.012,0.0205,0.034,0.065,0.021087,0.00998,0.000241,0.009,0.014,0.019,0.026,0.048,0.024487,0.01658,0.000401,0.004,0.012,0.0205,0.034,0.065,0.045574,0.02527,0.000611,0.014,0.026,0.04,0.05925,0.109,0.958402,0.0254,0.000568,0.89498,0.945,0.966,0.978,0.988,0.02175,0.01678,0.000375,0.002,0.009,0.017,0.031,0.064,0.019847,0.00979,0.000219,0.008,0.013,0.017,0.024,0.04603,0.02175,0.01678,0.000375,0.002,0.009,0.017,0.031,0.064,0.041598,0.0254,0.000568,0.012,0.022,0.034,0.055,0.10503
5.75,0.951886,0.02697,0.000652,0.88578,0.937,0.958,0.973,0.986,0.025436,0.01739,0.00042,0.004,0.012,0.021,0.03525,0.069,0.022678,0.0109,0.000264,0.009,0.015,0.02,0.028,0.051,0.025436,0.01739,0.00042,0.004,0.012,0.021,0.03525,0.069,0.048114,0.02697,0.000652,0.014,0.027,0.042,0.063,0.11423,0.956196,0.02716,0.000607,0.889,0.942,0.964,0.977,0.988,0.022535,0.01763,0.000394,0.002,0.009,0.018,0.032,0.06703,0.021269,0.01074,0.00024,0.009,0.013,0.019,0.026,0.051,0.022535,0.01763,0.000394,0.002,0.009,0.018,0.032,0.06703,0.043804,0.02716,0.000607,0.012,0.023,0.036,0.058,0.111
6.0,0.949296,0.0287,0.000694,0.879,0.933,0.956,0.971,0.985,0.026453,0.01818,0.000439,0.004,0.012,0.022,0.037,0.071,0.024252,0.01187,0.000287,0.009,0.016,0.021,0.03,0.055,0.026453,0.01818,0.000439,0.004,0.012,0.022,0.037,0.071,0.050704,0.0287,0.000694,0.015,0.029,0.044,0.067,0.121,0.953952,0.02897,0.000648,0.88298,0.93875,0.962,0.97625,0.988,0.023367,0.01847,0.000413,0.002,0.009,0.019,0.034,0.069,0.02268,0.01171,0.000262,0.009,0.014,0.019,0.028,0.05303,0.023367,0.01847,0.000413,0.002,0.009,0.019,0.034,0.069,0.046048,0.02897,0.000648,0.012,0.02375,0.038,0.06125,0.11703
6.25,0.946582,0.03043,0.000735,0.872,0.929,0.954,0.97,0.985,0.027457,0.01891,0.000457,0.00378,0.013,0.023,0.038,0.073,0.025961,0.0129,0.000312,0.009,0.016,0.023,0.033,0.059,0.027457,0.01891,0.000457,0.00378,0.013,0.023,0.038,0.073,0.053418,0.03043,0.000735,0.015,0.03,0.046,0.071,0.128,0.951599,0.03078,0.000688,0.875,0.934,0.96,0.976,0.98702,0.024199,0.01926,0.000431,0.001,0.009,0.019,0.035,0.071,0.024201,0.01276,0.000285,0.009,0.015,0.021,0.03,0.057,0.024199,0.01926,0.000431,0.001,0.009,0.019,0.035,0.071,0.048401,0.03078,0.000688,0.01298,0.024,0.04,0.066,0.125
6.5,0.94381,0.03215,0.000777,0.866,0.925,0.951,0.969,0.985,0.028498,0.01959,0.000474,0.004,0.013,0.024,0.04,0.07423,0.027692,0.01399,0.000338,0.01,0.017,0.024,0.035,0.06245,0.028498,0.01959,0.000474,0.004,0.013,0.024,0.04,0.07423,0.05619,0.03215,0.000777,0.015,0.031,0.049,0.075,0.134,0.949199,0.0326,0.000729,0.869,0.93,0.958,0.975,0.987,0.025064,0.02001,0.000447,0.001,0.009,0.02,0.037,0.073,0.025736,0.01387,0.00031,0.01,0.015,0.022,0.032,0.061,0.025064,0.02001,0.000447,0.001,0.009,0.02,0.037,0.073,0.0508,0.0326,0.000729,0.013,0.025,0.042,0.07,0.131
6.75,0.940962,0.0339,0.000819,0.86055,0.92,0.949,0.96725,0.985,0.029557,0.02034,0.000492,0.004,0.013,0.025,0.042,0.078,0.029481,0.01506,0.000364,0.01,0.018,0.026,0.037,0.067,0.029557,0.02034,0.000492,0.004,0.013,0.025,0.042,0.078,0.059038,0.0339,0.000819,0.015,0.03275,0.051,0.08,0.13945,0.946741,0.03447,0.000771,0.864,0.926,0.956,0.974,0.987,0.02595,0.02082,0.000466,0.001,0.009,0.021,0.039,0.07503,0.027308,0.01498,0.000335,0.01,0.016,0.023,0.035,0.06503,0.02595,0.02082,0.000466,0.001,0.009,0.021,0.039,0.07503,0.053258,0.03447,0.000771,0.013,0.026,0.044,0.074,0.136
7.0,0.938108,0.03563,0.000861,0.854,0.916,0.946,0.967,0.985,0.030624,0.02103,0.000508,0.004,0.014,0.026,0.044,0.081,0.031268,0.01617,0.000391,0.011,0.019,0.028,0.04,0.07123,0.030624,0.02103,0.000508,0.004,0.014,0.026,0.044,0.081,0.061892,0.03563,0.000861,0.015,0.033,0.054,0.084,0.146,0.944272,0.03631,0.000812,0.85798,0.923,0.953,0.974,0.987,0.026841,0.02157,0.000482,0.001,0.009,0.021,0.04,0.07803,0.028887,0.01612,0.000361,0.01,0.017,0.024,0.037,0.07,0.026841,0.02157,0.000482,0.001,0.009,0.021,0.04,0.07803,0.055728,0.03631,0.000812,0.013,0.026,0.047,0.077,0.14203
7.25,0.935121,0.03738,0.000903,0.847,0.912,0.943,0.965,0.984,0.031667,0.02164,0.000523,0.004,0.014,0.027,0.045,0.082,0.033212,0.01732,0.000419,0.011,0.02,0.029,0.043,0.076,0.031667,0.02164,0.000523,0.004,0.014,0.027,0.045,0.082,0.064879,0.03738,0.000903,0.016,0.035,0.057,0.088,0.153,0.941689,0.0382,0.000854,0.85,0.919,0.951,0.973,0.987,0.027713,0.02226,0.000498,0.001,0.009,0.022,0.042,0.08,0.030597,0.01733,0.000387,0.01,0.017,0.026,0.04,0.073,0.027713,0.02226,0.000498,0.001,0.009,0.022,0.042,0.08,0.058311,0.0382,0.000854,0.013,0.027,0.049,0.081,0.15
7.5,0.932106,0.03911,0.000945,0.841,0.908,0.941,0.963,0.983,0.032675,0.02215,0.000535,0.004,0.015,0.028,0.046,0.084,0.03522,0.01861,0.00045,0.011,0.021,0.031,0.046,0.08123,0.032675,0.02215,0.000535,0.004,0.015,0.028,0.046,0.084,0.067894,0.03911,0.000945,0.017,0.037,0.059,0.092,0.159,0.939082,0.04008,0.000896,0.84398,0.915,0.949,0.972,0.987,0.028558,0.02286,0.000511,0.001,0.01,0.024,0.043,0.083,0.032359,0.01865,0.000417,0.01,0.018,0.027,0.042,0.079,0.028558,0.02286,0.000511,0.001,0.01,0.024,0.043,0.083,0.060918,0.04008,0.000896,0.013,0.028,0.051,0.085,0.15603
7.75,0.929054,0.04078,0.000986,0.83478,0.90475,0.938,0.962,0.983,0.033609,0.02262,0.000547,0.004,0.015,0.029,0.048,0.085,0.037337,0.01985,0.00048,0.012,0.022,0.033,0.049,0.086,0.033609,0.02262,0.000547,0.004,0.015,0.029,0.048,0.085,0.070946,0.04078,0.000986,0.017,0.038,0.062,0.09525,0.16523,0.93645,0.04191,0.000937,0.838,0.91075,0.946,0.971,0.987,0.02934,0.02341,0.000523,0.001,0.01,0.024,0.044,0.084,0.03421,0.01997,0.000446,0.01098,0.019,0.029,0.045,0.084,0.02934,0.02341,0.000523,0.001,0.01,0.024,0.044,0.084,0.06355,0.04191,0.000937,0.013,0.029,0.054,0.08925,0.162
8.0,0.926055,0.04244,0.001026,0.829,0.899,0.935,0.96,0.983,0.03447,0.02304,0.000557,0.004,0.015,0.03,0.049,0.08823,0.039474,0.02113,0.000511,0.012,0.023,0.035,0.052,0.09023,0.03447,0.02304,0.000557,0.004,0.015,0.03,0.049,0.08823,0.073945,0.04244,0.001026,0.017,0.04,0.065,0.101,0.171,0.933862,0.04372,0.000978,0.83397,0.906,0.944,0.97,0.987,0.030061,0.02391,0.000535,0.001,0.01,0.025,0.046,0.086,0.036076,0.02131,0.000477,0.011,0.019,0.031,0.048,0.08803,0.030061,0.02391,0.000535,0.001,0.01,0.025,0.046,0.086,0.066138,0.04372,0.000978,0.013,0.03,0.056,0.094,0.16603
8.25,0.923029,0.04403,0.001064,0.823,0.89575,0.932,0.958,0.98223,0.035321,0.0234,0.000565,0.004,0.016,0.031,0.05,0.089,0.04165,0.02238,0.000541,0.012,0.024,0.037,0.055,0.095,0.035321,0.0234,0.000565,0.004,0.016,0.031,0.05,0.089,0.076971,0.04403,0.001064,0.01778,0.042,0.068,0.10425,0.177,0.931253,0.0455,0.001017,0.82797,0.902,0.941,0.969,0.987,0.030765,0.02437,0.000545,0.001,0.01,0.026,0.046,0.087,0.037982,0.02264,0.000506,0.011,0.02,0.032,0.051,0.092,0.030765,0.02437,0.000545,0.001,0.01,0.026,0.046,0.087,0.068747,0.0455,0.001017,0.013,0.031,0.059,0.098,0.17203
8.5,0.919959,0.0456,0.001102,0.818,0.892,0.929,0.95625,0.982,0.036153,0.02375,0.000574,0.004,0.017,0.032,0.052,0.08923,0.043888,0.02369,0.000573,0.013,0.025,0.039,0.058,0.101,0.036153,0.02375,0.000574,0.004,0.017,0.032,0.052,0.08923,0.080041,0.0456,0.001102,0.018,0.04375,0.071,0.108,0.182,0.928597,0.04725,0.001057,0.822,0.898,0.939,0.968,0.987,0.03147,0.0248,0.000555,0.001,0.01,0.026,0.048,0.089,0.039933,0.02403,0.000537,0.011,0.021,0.034,0.054,0.098,0.03147,0.0248,0.000555,0.001,0.01,0.026,0.048,0.089,0.071403,0.04725,0.001057,0.013,0.032,0.061,0.102,0.178
8.75,0.916805,0.04713,0.001139,0.81255,0.887,0.926,0.954,0.982,0.036981,0.024,0.00058,0.004,0.017,0.033,0.053,0.09,0.046214,0.02503,0.000605,0.013,0.026,0.041,0.061,0.106,0.036981,0.024,0.00058,0.004,0.017,0.033,0.053,0.09,0.083195,0.04713,0.001139,0.018,0.046,0.074,0.113,0.18745,0.925879,0.04898,0.001095,0.815,0.894,0.9365,0.967,0.987,0.032158,0.02516,0.000563,0.001,0.01,0.027,0.049,0.089,0.041962,0.02545,0.000569,0.011,0.022,0.036,0.057,0.103,0.032158,0.02516,0.000563,0.001,0.01,0.027,0.049,0.089,0.07412,0.04898,0.001095,0.013,0.033,0.0635,0.106,0.185
9.0,0.913698,0.04863,0.001175,0.805,0.883,0.923,0.952,0.981,0.037738,0.02424,0.000586,0.004,0.018,0.034,0.054,0.09023,0.048564,0.02636,0.000637,0.013,0.028,0.043,0.065,0.111,0.037738,0.02424,0.000586,0.004,0.018,0.034,0.054,0.09023,0.086302,0.04863,0.001175,0.019,0.048,0.077,0.117,0.195,0.923199,0.0507,0.001134,0.80898,0.889,0.933,0.967,0.987,0.032789,0.0255,0.00057,0.001,0.011,0.028,0.05,0.08803,0.044011,0.02688,0.000601,0.011,0.022,0.0375,0.061,0.107,0.032789,0.0255,0.00057,0.001,0.011,0.028,0.05,0.08803,0.0768,0.0507,0.001134,0.013,0.033,0.067,0.111,0.19103
9.25,0.910516,0.05013,0.001212,0.799,0.87775,0.92,0.951,0.981,0.03853,0.02446,0.000591,0.004,0.01875,0.035,0.055,0.091,0.050954,0.0277,0.00067,0.013,0.029,0.045,0.06825,0.116,0.03853,0.02446,0.000591,0.004,0.01875,0.035,0.055,0.091,0.089484,0.05013,0.001212,0.019,0.049,0.08,0.12225,0.201,0.920456,0.05242,0.001172,0.80298,0.885,0.931,0.965,0.987,0.033446,0.02583,0.000578,0.001,0.011,0.029,0.052,0.09,0.046098,0.02832,0.000633,0.012,0.023,0.04,0.063,0.114,0.033446,0.02583,0.000578,0.001,0.011,0.029,0.052,0.09,0.079544,0.05242,0.001172,0.013,0.035,0.069,0.115,0.19703
9.5,0.907312,0.05161,0.001247,0.793,0.873,0.917,0.949,0.981,0.039325,0.02467,0.000596,0.004,0.019,0.036,0.056,0.092,0.053363,0.02908,0.000703,0.014,0.03,0.0475,0.072,0.121,0.039325,0.02467,0.000596,0.004,0.019,0.036,0.056,0.092,0.092688,0.05161,0.001247,0.019,0.051,0.083,0.127,0.207,0.9177,0.05414,0.001211,0.796,0.881,0.928,0.964,0.987,0.034102,0.02617,0.000585,0.0,0.011,0.03,0.052,0.09,0.048198,0.02979,0.000666,0.012,0.024,0.041,0.06625,0.118,0.034102,0.02617,0.000585,0.0,0.011,0.03,0.052,0.09,0.0823,0.05414,0.001211,0.013,0.036,0.072,0.119,0.204
9.75,0.904076,0.05306,0.001282,0.787,0.87,0.913,0.947,0.98,0.040093,0.02495,0.000603,0.004,0.02,0.036,0.058,0.093,0.055831,0.03041,0.000735,0.014,0.032,0.05,0.07525,0.127,0.040093,0.02495,0.000603,0.004,0.02,0.036,0.058,0.093,0.095924,0.05306,0.001282,0.02,0.053,0.087,0.13,0.213,0.914907,0.05584,0.001249,0.78998,0.876,0.925,0.963,0.987,0.03475,0.02653,0.000593,0.0,0.011,0.031,0.053,0.091,0.050342,0.03124,0.000699,0.012,0.025,0.043,0.07,0.124,0.03475,0.02653,0.000593,0.0,0.011,0.031,0.053,0.091,0.085092,0.05584,0.001249,0.013,0.037,0.075,0.124,0.21003
10.0,0.900879,0.05443,0.001315,0.782,0.864,0.91,0.94425,0.979,0.040786,0.02507,0.000606,0.004,0.02,0.037,0.058,0.094,0.058335,0.03174,0.000767,0.015,0.033,0.052,0.079,0.133,0.040786,0.02507,0.000606,0.004,0.02,0.037,0.058,0.094,0.099121,0.05443,0.001315,0.021,0.05575,0.09,0.136,0.218,0.912154,0.05746,0.001285,0.78398,0.872,0.922,0.962,0.987,0.035328,0.02677,0.000599,0.0,0.012,0.032,0.054,0.092,0.052518,0.0327,0.000731,0.012,0.025,0.046,0.073,0.129,0.035328,0.02677,0.000599,0.0,0.012,0.032,0.054,0.092,0.087846,0.05746,0.001285,0.013,0.038,0.078,0.128,0.21603
10.25,0.897563,0.05581,0.001349,0.778,0.859,0.906,0.943,0.979,0.041563,0.02531,0.000612,0.004,0.021,0.038,0.059,0.095,0.060874,0.03309,0.0008,0.015,0.034,0.054,0.082,0.13723,0.041563,0.02531,0.000612,0.004,0.021,0.038,0.059,0.095,0.102437,0.05581,0.001349,0.021,0.057,0.094,0.141,0.222,0.909301,0.05913,0.001322,0.78098,0.869,0.919,0.961,0.987,0.035985,0.02711,0.000606,0.0,0.012,0.033,0.056,0.093,0.054713,0.03419,0.000764,0.012,0.026,0.047,0.076,0.13203,0.035985,0.02711,0.000606,0.0,0.012,0.033,0.056,0.093,0.090699,0.05913,0.001322,0.013,0.039,0.081,0.131,0.21903
10.5,0.89431,0.05707,0.001379,0.772,0.855,0.902,0.94,0.978,0.042251,0.02538,0.000613,0.00478,0.022,0.039,0.06,0.095,0.063439,0.03445,0.000833,0.016,0.036,0.057,0.086,0.14123,0.042251,0.02538,0.000613,0.00478,0.022,0.039,0.06,0.095,0.10569,0.05707,0.001379,0.022,0.06,0.098,0.145,0.228,0.906502,0.06069,0.001357,0.77498,0.864,0.916,0.96,0.987,0.036564,0.0273,0.00061,0.0,0.013,0.033,0.056,0.094,0.056933,0.03569,0.000798,0.012,0.027,0.049,0.08,0.13905,0.036564,0.0273,0.00061,0.0,0.013,0.033,0.056,0.094,0.093498,0.06069,0.001357,0.013,0.04,0.084,0.136,0.22503
10.75,0.891077,0.05824,0.001407,0.767,0.851,0.897,0.938,0.97723,0.042876,0.02534,0.000612,0.004,0.022,0.04,0.061,0.096,0.066047,0.03578,0.000865,0.016,0.03775,0.06,0.089,0.147,0.042876,0.02534,0.000612,0.004,0.022,0.04,0.061,0.096,0.108923,0.05824,0.001407,0.02278,0.062,0.103,0.149,0.233,0.903722,0.06217,0.00139,0.771,0.86,0.913,0.959,0.987,0.037082,0.02739,0.000613,0.0,0.013,0.035,0.058,0.09403,0.059195,0.03717,0.000831,0.012,0.028,0.0515,0.084,0.14403,0.037082,0.02739,0.000613,0.0,0.013,0.035,0.058,0.09403,0.096278,0.06217,0.00139,0.013,0.041,0.087,0.14,0.229
11.0,0.887807,0.05947,0.001437,0.76278,0.84675,0.894,0.936,0.977,0.043449,0.02536,0.000613,0.004,0.023,0.041,0.062,0.096,0.068744,0.03712,0.000897,0.017,0.039,0.062,0.093,0.153,0.043449,0.02536,0.000613,0.004,0.023,0.041,0.062,0.096,0.112193,0.05947,0.001437,0.023,0.064,0.106,0.15325,0.23723,0.90091,0.06372,0.001425,0.766,0.855,0.91,0.957,0.987,0.037561,0.02753,0.000616,0.0,0.013,0.035,0.058,0.093,0.061529,0.03867,0.000865,0.01298,0.029,0.054,0.088,0.15,0.037561,0.02753,0.000616,0.0,0.013,0.035,0.058,0.093,0.09909,0.06372,0.001425,0.013,0.043,0.09,0.145,0.234
11.25,0.884593,0.06065,0.001466,0.759,0.842,0.891,0.934,0.977,0.043982,0.02542,0.000614,0.004,0.023,0.042,0.062,0.095,0.071425,0.03838,0.000928,0.017,0.041,0.065,0.097,0.158,0.043982,0.02542,0.000614,0.004,0.023,0.042,0.062,0.095,0.115407,0.06065,0.001466,0.023,0.066,0.109,0.158,0.241,0.898145,0.06521,0.001458,0.76198,0.85,0.906,0.956,0.987,0.038003,0.02769,0.000619,0.0,0.013,0.036,0.059,0.09303,0.063852,0.04011,0.000897,0.01298,0.02975,0.057,0.091,0.155,0.038003,0.02769,0.000619,0.0,0.013,0.036,0.059,0.09303,0.101855,0.06521,0.001458,0.013,0.044,0.094,0.15,0.23803
11.5,0.881319,0.06187,0.001495,0.75378,0.837,0.887,0.932,0.976,0.044494,0.02538,0.000613,0.004,0.024,0.043,0.063,0.095,0.074188,0.03974,0.00096,0.018,0.042,0.068,0.1,0.163,0.044494,0.02538,0.000613,0.004,0.024,0.043,0.063,0.095,0.118681,0.06187,0.001495,0.024,0.068,0.113,0.163,0.24623,0.895332,0.06676,0.001493,0.756,0.846,0.903,0.955,0.987,0.038425,0.02777,0.000621,0.0,0.013,0.037,0.05925,0.09303,0.066242,0.04165,0.000931,0.013,0.03,0.059,0.095,0.159,0.038425,0.02777,0.000621,0.0,0.013,0.037,0.05925,0.09303,0.104668,0.06676,0.001493,0.013,0.045,0.097,0.154,0.244
11.75,0.878102,0.06304,0.001523,0.74778,0.832,0.883,0.929,0.975,0.044902,0.02539,0.000614,0.004,0.025,0.044,0.064,0.096,0.076996,0.04102,0.000991,0.018,0.044,0.071,0.104,0.168,0.044902,0.02539,0.000614,0.004,0.025,0.044,0.064,0.096,0.121898,0.06304,0.001523,0.025,0.071,0.117,0.168,0.25223,0.892564,0.06824,0.001526,0.75098,0.842,0.899,0.954,0.987,0.038764,0.02787,0.000623,0.0,0.013,0.037,0.06,0.094,0.068672,0.04313,0.000964,0.013,0.031,0.062,0.098,0.165,0.038764,0.02787,0.000623,0.0,0.013,0.037,0.06,0.094,0.107436,0.06824,0.001526,0.013,0.046,0.101,0.158,0.24903
12.0,0.874905,0.06408,0.001549,0.743,0.828,0.879,0.927,0.974,0.045307,0.02534,0.000612,0.004,0.025,0.045,0.064,0.09523,0.079788,0.0423,0.001022,0.019,0.046,0.073,0.108,0.17323,0.045307,0.02534,0.000612,0.004,0.025,0.045,0.064,0.09523,0.125095,0.06408,0.001549,0.026,0.073,0.121,0.172,0.257,0.889814,0.06964,0.001557,0.746,0.838,0.895,0.953,0.987,0.039098,0.02792,0.000624,0.0,0.013,0.038,0.061,0.094,0.071087,0.0446,0.000997,0.013,0.032,0.064,0.10125,0.17,0.039098,0.02792,0.000624,0.0,0.013,0.038,0.061,0.094,0.110186,0.06964,0.001557,0.013,0.047,0.105,0.162,0.254
12.25,0.871843,0.06505,0.001572,0.73878,0.824,0.876,0.924,0.973,0.045533,0.02516,0.000608,0.005,0.025,0.045,0.064,0.096,0.082624,0.04358,0.001053,0.019,0.048,0.0765,0.112,0.17723,0.045533,0.02516,0.000608,0.005,0.025,0.045,0.064,0.096,0.128157,0.06505,0.001572,0.027,0.076,0.124,0.176,0.26123,0.887181,0.07095,0.001586,0.74295,0.834,0.891,0.952,0.987,0.039275,0.02785,0.000623,0.0,0.013,0.039,0.06,0.094,0.073544,0.04609,0.001031,0.013,0.033,0.066,0.105,0.17403,0.039275,0.02785,0.000623,0.0,0.013,0.039,0.06,0.094,0.112819,0.07095,0.001586,0.013,0.048,0.109,0.166,0.25705
12.5,0.868779,0.06601,0.001595,0.73478,0.82,0.872,0.922,0.973,0.045755,0.02495,0.000603,0.005,0.026,0.045,0.064,0.095,0.085466,0.04483,0.001083,0.02,0.049,0.079,0.116,0.18123,0.045755,0.02495,0.000603,0.005,0.026,0.045,0.064,0.095,0.131221,0.06601,0.001595,0.027,0.078,0.128,0.18,0.26523,0.884545,0.07226,0.001616,0.73895,0.83,0.888,0.95,0.987,0.039459,0.02774,0.00062,0.0,0.014,0.039,0.06,0.094,0.075996,0.04756,0.001063,0.013,0.035,0.0685,0.109,0.179,0.039459,0.02774,0.00062,0.0,0.014,0.039,0.06,0.094,0.115455,0.07226,0.001616,0.013,0.05,0.112,0.17,0.26105
12.75,0.865673,0.06689,0.001617,0.731,0.815,0.869,0.919,0.972,0.045998,0.02477,0.000599,0.005,0.026,0.046,0.064,0.095,0.088329,0.04599,0.001111,0.02,0.05175,0.082,0.12,0.186,0.045998,0.02477,0.000599,0.005,0.026,0.046,0.064,0.095,0.134327,0.06689,0.001617,0.028,0.081,0.131,0.185,0.269,0.881875,0.07351,0.001644,0.735,0.82675,0.885,0.948,0.987,0.039661,0.02765,0.000618,0.0,0.015,0.039,0.061,0.093,0.078464,0.04897,0.001095,0.013,0.036,0.071,0.113,0.184,0.039661,0.02765,0.000618,0.0,0.015,0.039,0.061,0.093,0.118125,0.07351,0.001644,0.013,0.052,0.115,0.17325,0.265
13.0,0.862626,0.06774,0.001637,0.728,0.812,0.8655,0.916,0.971,0.046182,0.02456,0.000593,0.005,0.027,0.046,0.064,0.094,0.091192,0.04722,0.001141,0.021,0.053,0.085,0.12325,0.191,0.046182,0.02456,0.000593,0.005,0.027,0.046,0.064,0.094,0.137374,0.06774,0.001637,0.029,0.084,0.1345,0.188,0.272,0.879254,0.07473,0.001671,0.732,0.823,0.882,0.947,0.987,0.039809,0.02754,0.000616,0.0,0.015,0.04,0.06025,0.092,0.080938,0.05043,0.001128,0.013,0.037,0.074,0.117,0.189,0.039809,0.02754,0.000616,0.0,0.015,0.04,0.06025,0.092,0.120746,0.07473,0.001671,0.013,0.053,0.118,0.177,0.268
13.25,0.859589,0.06857,0.001657,0.723,0.809,0.862,0.914,0.971,0.046307,0.02429,0.000587,0.005,0.028,0.046,0.064,0.09323,0.094104,0.04844,0.001171,0.021,0.055,0.088,0.127,0.196,0.046307,0.02429,0.000587,0.005,0.028,0.046,0.064,0.09323,0.140411,0.06857,0.001657,0.029,0.086,0.138,0.191,0.277,0.876646,0.07595,0.001698,0.72892,0.818,0.879,0.945,0.987,0.039904,0.02738,0.000612,0.0,0.015,0.04,0.061,0.093,0.08345,0.05189,0.00116,0.013,0.038,0.077,0.121,0.194,0.039904,0.02738,0.000612,0.0,0.015,0.04,0.061,0.093,0.123354,0.07595,0.001698,0.013,0.055,0.121,0.182,0.27108
13.5,0.856692,0.06934,0.001676,0.72055,0.804,0.859,0.912,0.97023,0.046316,0.02408,0.000582,0.005,0.028,0.047,0.064,0.09223,0.096992,0.04954,0.001197,0.021,0.057,0.091,0.131,0.20123,0.046316,0.02408,0.000582,0.005,0.028,0.047,0.064,0.09223,0.143308,0.06934,0.001676,0.02978,0.088,0.141,0.196,0.27945,0.874158,0.0771,0.001724,0.725,0.815,0.875,0.94325,0.98603,0.0399,0.02724,0.000609,0.0,0.015,0.041,0.061,0.091,0.085941,0.05326,0.001191,0.013,0.04,0.08,0.124,0.19803,0.0399,0.02724,0.000609,0.0,0.015,0.041,0.061,0.091,0.125842,0.0771,0.001724,0.01398,0.05675,0.125,0.185,0.275
13.75,0.853807,0.07004,0.001693,0.71678,0.801,0.8565,0.909,0.97,0.046315,0.02383,0.000576,0.005,0.028,0.046,0.063,0.092,0.099879,0.05069,0.001225,0.022,0.05975,0.094,0.135,0.20723,0.046315,0.02383,0.000576,0.005,0.028,0.046,0.063,0.092,0.146193,0.07004,0.001693,0.03,0.091,0.1435,0.199,0.28323,0.871682,0.07818,0.001748,0.721,0.811,0.871,0.942,0.98603,0.039888,0.02706,0.000605,0.0,0.015,0.041,0.061,0.091,0.088431,0.05467,0.001222,0.013,0.04,0.083,0.128,0.204,0.039888,0.02706,0.000605,0.0,0.015,0.041,0.061,0.091,0.128319,0.07818,0.001748,0.01398,0.058,0.129,0.189,0.279
14.0,0.850893,0.07078,0.001711,0.715,0.798,0.853,0.906,0.969,0.04636,0.02361,0.000571,0.005,0.028,0.047,0.064,0.09123,0.102746,0.05178,0.001251,0.023,0.061,0.097,0.14,0.212,0.04636,0.02361,0.000571,0.005,0.028,0.047,0.064,0.09123,0.149107,0.07078,0.001711,0.031,0.094,0.147,0.202,0.285,0.869178,0.07931,0.001774,0.717,0.807,0.869,0.94,0.98603,0.039916,0.02693,0.000602,0.0,0.015,0.041,0.06,0.09003,0.090906,0.05602,0.001253,0.013,0.041,0.086,0.131,0.21,0.039916,0.02693,0.000602,0.0,0.015,0.041,0.06,0.09003,0.130823,0.07931,0.001774,0.01398,0.06,0.131,0.193,0.283
14.25,0.84802,0.07141,0.001726,0.71078,0.795,0.849,0.904,0.968,0.046349,0.02337,0.000565,0.005,0.029,0.047,0.063,0.091,0.105631,0.05289,0.001278,0.023,0.063,0.101,0.144,0.21623,0.046349,0.02337,0.000565,0.005,0.029,0.047,0.063,0.091,0.15198,0.07141,0.001726,0.032,0.096,0.151,0.205,0.28923,0.866711,0.08036,0.001797,0.71498,0.805,0.865,0.939,0.98603,0.039894,0.02675,0.000598,0.0,0.016,0.0415,0.06,0.09,0.093395,0.05741,0.001284,0.013,0.042,0.089,0.13425,0.213,0.039894,0.02675,0.000598,0.0,0.016,0.0415,0.06,0.09,0.133289,0.08036,0.001797,0.01398,0.061,0.135,0.195,0.28503
14.5,0.845283,0.07196,0.001739,0.70878,0.791,0.846,0.90125,0.968,0.046165,0.02309,0.000558,0.005,0.028,0.047,0.062,0.09,0.108552,0.05392,0.001303,0.024,0.065,0.104,0.147,0.221,0.046165,0.02309,0.000558,0.005,0.028,0.047,0.062,0.09,0.154717,0.07196,0.001739,0.032,0.09875,0.154,0.209,0.29123,0.864358,0.08131,0.001818,0.71298,0.802,0.861,0.936,0.98603,0.039731,0.02652,0.000593,0.0,0.016,0.042,0.059,0.09,0.09591,0.05874,0.001313,0.013,0.044,0.092,0.138,0.219,0.039731,0.02652,0.000593,0.0,0.016,0.042,0.059,0.09,0.135642,0.08131,0.001818,0.01398,0.064,0.139,0.198,0.28703
14.75,0.842572,0.07249,0.001752,0.706,0.788,0.843,0.899,0.966,0.045957,0.02283,0.000552,0.005,0.02875,0.048,0.062,0.089,0.111471,0.05495,0.001328,0.025,0.068,0.108,0.151,0.225,0.045957,0.02283,0.000552,0.005,0.02875,0.048,0.062,0.089,0.157428,0.07249,0.001752,0.034,0.101,0.157,0.212,0.294,0.862029,0.08224,0.001839,0.71,0.799,0.858,0.935,0.98603,0.039547,0.02629,0.000588,0.0,0.016,0.041,0.059,0.088,0.098424,0.06007,0.001343,0.013,0.045,0.095,0.14225,0.223,0.039547,0.02629,0.000588,0.0,0.016,0.041,0.059,0.088,0.137971,0.08224,0.001839,0.01398,0.065,0.142,0.201,0.29
15.0,0.839876,0.07304,0.001765,0.70355,0.785,0.84,0.896,0.966,0.045814,0.02252,0.000544,0.00578,0.029,0.047,0.061,0.088,0.11431,0.05594,0.001352,0.025,0.07,0.111,0.155,0.229,0.045814,0.02252,0.000544,0.00578,0.029,0.047,0.061,0.088,0.160124,0.07304,0.001765,0.034,0.104,0.16,0.215,0.29645,0.859714,0.0832,0.00186,0.707,0.79575,0.856,0.93225,0.98603,0.039416,0.02604,0.000582,0.0,0.01675,0.041,0.059,0.08703,0.10087,0.06136,0.001372,0.013,0.046,0.098,0.146,0.227,0.039416,0.02604,0.000582,0.0,0.01675,0.041,0.059,0.08703,0.140286,0.0832,0.00186,0.01398,0.06775,0.144,0.20425,0.293
15.25,0.837183,0.07352,0.001777,0.70077,0.782,0.837,0.894,0.965,0.045588,0.02221,0.000537,0.00578,0.029,0.047,0.061,0.08723,0.117229,0.05694,0.001376,0.02578,0.073,0.114,0.158,0.233,0.045588,0.02221,0.000537,0.00578,0.029,0.047,0.061,0.08723,0.162817,0.07352,0.001777,0.035,0.106,0.163,0.218,0.29923,0.857404,0.0841,0.001881,0.70497,0.792,0.853,0.932,0.98603,0.039208,0.02578,0.000577,0.0,0.017,0.041,0.058,0.087,0.103387,0.06266,0.001401,0.013,0.048,0.101,0.149,0.231,0.039208,0.02578,0.000577,0.0,0.017,0.041,0.058,0.087,0.142596,0.0841,0.001881,0.01398,0.068,0.147,0.208,0.29503
15.5,0.834572,0.07394,0.001787,0.699,0.779,0.833,0.89125,0.965,0.045366,0.02195,0.00053,0.006,0.029,0.046,0.06,0.089,0.120062,0.05781,0.001397,0.027,0.075,0.117,0.162,0.23723,0.045366,0.02195,0.00053,0.006,0.029,0.046,0.06,0.089,0.165428,0.07394,0.001787,0.035,0.10875,0.167,0.221,0.301,0.855162,0.08495,0.0019,0.70198,0.789,0.85,0.931,0.98603,0.039014,0.02555,0.000571,0.0,0.017,0.041,0.058,0.088,0.105824,0.06387,0.001428,0.013,0.049,0.103,0.154,0.236,0.039014,0.02555,0.000571,0.0,0.017,0.041,0.058,0.088,0.144838,0.08495,0.0019,0.01398,0.069,0.15,0.211,0.29803
15.75,0.831959,0.07436,0.001797,0.696,0.777,0.83,0.889,0.964,0.045107,0.02167,0.000524,0.00578,0.03,0.046,0.06,0.087,0.122935,0.05875,0.00142,0.027,0.078,0.12,0.166,0.242,0.045107,0.02167,0.000524,0.00578,0.03,0.046,0.06,0.087,0.168041,0.07436,0.001797,0.036,0.111,0.17,0.223,0.304,0.852918,0.0858,0.001918,0.698,0.78675,0.847,0.929,0.986,0.038786,0.0253,0.000566,0.0,0.017,0.041,0.057,0.086,0.108296,0.06513,0.001456,0.013,0.051,0.106,0.15725,0.23803,0.038786,0.0253,0.000566,0.0,0.017,0.041,0.057,0.086,0.147082,0.0858,0.001918,0.014,0.071,0.153,0.21325,0.302
16.0,0.829405,0.07481,0.001808,0.694,0.774,0.828,0.885,0.96323,0.044866,0.02143,0.000518,0.006,0.03,0.045,0.06,0.086,0.12573,0.05956,0.00144,0.028,0.08,0.123,0.169,0.246,0.044866,0.02143,0.000518,0.006,0.03,0.045,0.06,0.086,0.170595,0.07481,0.001808,0.03678,0.115,0.172,0.226,0.306,0.850727,0.08666,0.001938,0.69598,0.78375,0.8445,0.927,0.986,0.038569,0.02509,0.000561,0.0,0.018,0.041,0.057,0.08503,0.110704,0.06627,0.001482,0.013,0.052,0.109,0.16,0.243,0.038569,0.02509,0.000561,0.0,0.018,0.041,0.057,0.08503,0.149273,0.08666,0.001938,0.014,0.073,0.1555,0.21625,0.30403
16.25,0.826841,0.07513,0.001816,0.69077,0.771,0.825,0.882,0.963,0.044593,0.02109,0.00051,0.006,0.03,0.045,0.059,0.08623,0.128566,0.06043,0.001461,0.028,0.082,0.126,0.173,0.24923,0.044593,0.02109,0.00051,0.006,0.03,0.045,0.059,0.08623,0.173159,0.07513,0.001816,0.037,0.118,0.175,0.229,0.30923,0.848526,0.08743,0.001955,0.693,0.781,0.841,0.926,0.986,0.038329,0.02479,0.000554,0.0,0.018,0.041,0.056,0.085,0.113144,0.06748,0.001509,0.013,0.053,0.112,0.164,0.24505,0.038329,0.02479,0.000554,0.0,0.018,0.041,0.056,0.085,0.151474,0.08743,0.001955,0.014,0.074,0.159,0.219,0.307
16.5,0.824331,0.07549,0.001825,0.68778,0.768,0.822,0.88,0.962,0.044331,0.02077,0.000502,0.006,0.03,0.045,0.059,0.085,0.131338,0.06121,0.001479,0.029,0.084,0.13,0.176,0.253,0.044331,0.02077,0.000502,0.006,0.03,0.045,0.059,0.085,0.175669,0.07549,0.001825,0.038,0.12,0.178,0.232,0.31223,0.84637,0.08822,0.001973,0.69,0.778,0.839,0.924,0.986,0.038101,0.02451,0.000548,0.0,0.018,0.04,0.056,0.084,0.115528,0.06861,0.001534,0.013,0.055,0.115,0.16725,0.249,0.038101,0.02451,0.000548,0.0,0.018,0.04,0.056,0.084,0.153629,0.08822,0.001973,0.014,0.076,0.161,0.222,0.31
16.75,0.821879,0.07583,0.001833,0.686,0.765,0.8195,0.878,0.961,0.04407,0.02055,0.000497,0.006,0.03,0.045,0.058,0.085,0.134051,0.06194,0.001497,0.029,0.086,0.133,0.179,0.25468,0.04407,0.02055,0.000497,0.006,0.03,0.045,0.058,0.085,0.178121,0.07583,0.001833,0.039,0.122,0.1805,0.235,0.314,0.844266,0.08899,0.00199,0.688,0.775,0.8355,0.92225,0.986,0.03787,0.0243,0.000543,0.0,0.018,0.04,0.056,0.083,0.117863,0.06968,0.001558,0.013,0.056,0.118,0.171,0.251,0.03787,0.0243,0.000543,0.0,0.018,0.04,0.056,0.083,0.155734,0.08899,0.00199,0.014,0.07775,0.1645,0.225,0.312
17.0,0.819515,0.07617,0.001841,0.68278,0.763,0.817,0.87625,0.961,0.043757,0.02035,0.000492,0.006,0.03,0.044,0.057,0.083,0.136728,0.06274,0.001516,0.03,0.08875,0.135,0.183,0.26,0.043757,0.02035,0.000492,0.006,0.03,0.044,0.057,0.083,0.180485,0.07617,0.001841,0.039,0.12375,0.183,0.237,0.31723,0.842239,0.08974,0.002007,0.686,0.773,0.833,0.921,0.986,0.037598,0.0241,0.000539,0.0,0.018,0.04,0.055,0.082,0.120163,0.07082,0.001583,0.013,0.057,0.121,0.174,0.255,0.037598,0.0241,0.000539,0.0,0.018,0.04,0.055,0.082,0.157761,0.08974,0.002007,0.014,0.079,0.167,0.227,0.314
17.25,0.817182,0.07642,0.001847,0.681,0.761,0.814,0.873,0.96,0.043377,0.02008,0.000485,0.006,0.03,0.044,0.057,0.083,0.139442,0.06353,0.001535,0.031,0.091,0.138,0.186,0.265,0.043377,0.02008,0.000485,0.006,0.03,0.044,0.057,0.083,0.182818,0.07642,0.001847,0.04,0.127,0.186,0.239,0.319,0.840236,0.09042,0.002022,0.68298,0.77075,0.83,0.91825,0.986,0.03727,0.02382,0.000533,0.0,0.018,0.04,0.054,0.082,0.122494,0.07194,0.001609,0.013,0.059,0.1235,0.177,0.25805,0.03727,0.02382,0.000533,0.0,0.018,0.04,0.054,0.082,0.159764,0.09042,0.002022,0.014,0.08175,0.17,0.22925,0.31703
17.5,0.814881,0.07661,0.001852,0.679,0.758,0.812,0.87125,0.959,0.042939,0.01983,0.000479,0.006,0.029,0.044,0.056,0.083,0.14218,0.06424,0.001553,0.03178,0.093,0.141,0.19,0.268,0.042939,0.01983,0.000479,0.006,0.029,0.044,0.056,0.083,0.185119,0.07661,0.001852,0.041,0.12875,0.188,0.242,0.321,0.838266,0.09106,0.002036,0.682,0.768,0.8275,0.917,0.986,0.036889,0.02355,0.000527,0.0,0.018,0.039,0.053,0.081,0.124846,0.07302,0.001633,0.013,0.06,0.1265,0.18,0.26303,0.036889,0.02355,0.000527,0.0,0.018,0.039,0.053,0.081,0.161735,0.09106,0.002036,0.014,0.083,0.1725,0.232,0.318
17.75,0.812582,0.07684,0.001857,0.67678,0.756,0.809,0.869,0.958,0.042528,0.01953,0.000472,0.006,0.029,0.043,0.055,0.083,0.14489,0.06497,0.00157,0.03378,0.096,0.144,0.194,0.27,0.042528,0.01953,0.000472,0.006,0.029,0.043,0.055,0.083,0.187418,0.07684,0.001857,0.042,0.131,0.191,0.244,0.32323,0.836294,0.09173,0.002051,0.681,0.765,0.825,0.915,0.986,0.03653,0.02325,0.00052,0.0,0.018,0.039,0.053,0.082,0.127175,0.07411,0.001657,0.01398,0.06175,0.1295,0.184,0.266,0.03653,0.02325,0.00052,0.0,0.018,0.039,0.053,0.082,0.163705,0.09173,0.002051,0.014,0.085,0.175,0.235,0.319
18.0,0.810331,0.07701,0.001861,0.675,0.75375,0.806,0.866,0.957,0.042162,0.01925,0.000465,0.006,0.029,0.0425,0.054,0.08123,0.147507,0.06564,0.001587,0.034,0.098,0.146,0.196,0.273,0.042162,0.01925,0.000465,0.006,0.029,0.0425,0.054,0.08123,0.189669,0.07701,0.001861,0.043,0.134,0.194,0.24625,0.325,0.834366,0.09235,0.002065,0.68,0.762,0.822,0.913,0.986,0.036211,0.02298,0.000514,0.0,0.018,0.039,0.052,0.08,0.129423,0.07515,0.00168,0.01398,0.063,0.132,0.18625,0.27,0.036211,0.02298,0.000514,0.0,0.018,0.039,0.052,0.08,0.165634,0.09235,0.002065,0.014,0.087,0.178,0.238,0.32
18.25,0.808147,0.07713,0.001864,0.67378,0.752,0.804,0.86325,0.95523,0.041722,0.01908,0.000461,0.006,0.028,0.042,0.054,0.081,0.150131,0.0662,0.0016,0.035,0.1,0.149,0.2,0.27623,0.041722,0.01908,0.000461,0.006,0.028,0.042,0.054,0.081,0.191853,0.07713,0.001864,0.04478,0.13675,0.196,0.248,0.32623,0.83249,0.09291,0.002078,0.67798,0.76,0.819,0.91,0.986,0.035833,0.02276,0.000509,0.0,0.019,0.038,0.051,0.079,0.131677,0.0761,0.001702,0.01398,0.065,0.135,0.189,0.272,0.035833,0.02276,0.000509,0.0,0.019,0.038,0.051,0.079,0.16751,0.09291,0.002078,0.014,0.09,0.181,0.24,0.32203
18.5,0.805979,0.0772,0.001866,0.67278,0.75,0.801,0.861,0.95423,0.04128,0.01878,0.000454,0.006,0.028,0.041,0.053,0.07923,0.152741,0.06682,0.001615,0.035,0.102,0.152,0.202,0.28023,0.04128,0.01878,0.000454,0.006,0.028,0.041,0.053,0.07923,0.194021,0.0772,0.001866,0.04578,0.139,0.199,0.25,0.32723,0.830631,0.09345,0.00209,0.675,0.758,0.817,0.908,0.986,0.035448,0.02246,0.000502,0.0,0.019,0.037,0.051,0.079,0.133921,0.07709,0.001724,0.01398,0.067,0.1385,0.193,0.274,0.035448,0.02246,0.000502,0.0,0.019,0.037,0.051,0.079,0.169369,0.09345,0.00209,0.014,0.092,0.183,0.242,0.325
18.75,0.803836,0.0773,0.001868,0.671,0.747,0.799,0.858,0.95323,0.04085,0.01854,0.000448,0.006,0.028,0.04,0.053,0.078,0.155313,0.06736,0.001628,0.036,0.105,0.155,0.205,0.28423,0.04085,0.01854,0.000448,0.006,0.028,0.04,0.053,0.078,0.196164,0.0773,0.001868,0.04678,0.142,0.201,0.253,0.329,0.828793,0.094,0.002102,0.673,0.755,0.814,0.907,0.986,0.035072,0.02221,0.000497,0.0,0.019,0.037,0.051,0.077,0.136134,0.07801,0.001744,0.014,0.068,0.142,0.196,0.277,0.035072,0.02221,0.000497,0.0,0.019,0.037,0.051,0.077,0.171207,0.094,0.002102,0.014,0.093,0.186,0.245,0.327
19.0,0.801759,0.07738,0.00187,0.667,0.744,0.796,0.857,0.95145,0.040421,0.01833,0.000443,0.006,0.028,0.04,0.053,0.077,0.157821,0.06788,0.00164,0.036,0.107,0.158,0.208,0.286,0.040421,0.01833,0.000443,0.006,0.028,0.04,0.053,0.077,0.198241,0.07738,0.00187,0.04855,0.143,0.204,0.256,0.333,0.827011,0.09452,0.002114,0.67098,0.754,0.812,0.90525,0.986,0.0347,0.02196,0.000491,0.0,0.018,0.036,0.05,0.076,0.138288,0.07891,0.001765,0.014,0.07075,0.144,0.199,0.28,0.0347,0.02196,0.000491,0.0,0.018,0.036,0.05,0.076,0.172988,0.09452,0.002114,0.014,0.09475,0.188,0.246,0.32903
19.25,0.799707,0.07742,0.001871,0.66478,0.742,0.794,0.85425,0.95068,0.040012,0.01814,0.000439,0.006,0.027,0.039,0.052,0.077,0.160281,0.06828,0.00165,0.036,0.109,0.16,0.21025,0.28823,0.040012,0.01814,0.000439,0.006,0.027,0.039,0.052,0.077,0.200293,0.07742,0.001871,0.04933,0.14575,0.206,0.258,0.33523,0.825251,0.09502,0.002125,0.668,0.751,0.81,0.90325,0.986,0.034349,0.02174,0.000486,0.0,0.018,0.036,0.05,0.07503,0.140399,0.07972,0.001783,0.014,0.072,0.147,0.202,0.28305,0.034349,0.02174,0.000486,0.0,0.018,0.036,0.05,0.07503,0.174748,0.09502,0.002125,0.014,0.09675,0.19,0.249,0.332
19.5,0.797729,0.0774,0.001871,0.664,0.74,0.7915,0.852,0.94945,0.039497,0.01792,0.000433,0.006,0.027,0.039,0.051,0.076,0.162774,0.06876,0.001662,0.037,0.111,0.164,0.214,0.291,0.039497,0.01792,0.000433,0.006,0.027,0.039,0.051,0.076,0.202271,0.0774,0.001871,0.05055,0.148,0.2085,0.26,0.336,0.823558,0.09546,0.002134,0.66698,0.75,0.808,0.902,0.986,0.033902,0.02148,0.00048,0.0,0.018,0.035,0.049,0.075,0.14254,0.08061,0.001802,0.014,0.07375,0.149,0.20425,0.28603,0.033902,0.02148,0.00048,0.0,0.018,0.035,0.049,0.075,0.176442,0.09546,0.002134,0.014,0.098,0.192,0.25,0.33303
19.75,0.795757,0.07742,0.001871,0.66155,0.738,0.789,0.849,0.94923,0.039006,0.01771,0.000428,0.007,0.027,0.038,0.051,0.076,0.165237,0.0692,0.001672,0.037,0.113,0.167,0.216,0.29445,0.039006,0.01771,0.000428,0.007,0.027,0.038,0.051,0.076,0.204243,0.07742,0.001871,0.05078,0.151,0.211,0.262,0.33845,0.821864,0.09593,0.002145,0.664,0.748,0.806,0.9,0.986,0.033479,0.02122,0.000475,0.0,0.018,0.035,0.048,0.074,0.144656,0.08144,0.001821,0.014,0.075,0.152,0.207,0.289,0.033479,0.02122,0.000475,0.0,0.018,0.035,0.048,0.074,0.178135,0.09593,0.002145,0.014,0.1,0.194,0.252,0.336
20.0,0.793915,0.0774,0.001871,0.65978,0.737,0.787,0.84625,0.947,0.038467,0.01751,0.000423,0.007,0.026,0.038,0.05,0.075,0.167617,0.06961,0.001682,0.038,0.116,0.17,0.219,0.296,0.038467,0.01751,0.000423,0.007,0.026,0.038,0.05,0.075,0.206085,0.0774,0.001871,0.053,0.15375,0.213,0.263,0.34023,0.820286,0.09634,0.002154,0.663,0.746,0.804,0.899,0.986,0.033016,0.02096,0.000469,0.0,0.018,0.034,0.04725,0.075,0.146698,0.08225,0.001839,0.014,0.077,0.154,0.21,0.29103,0.033016,0.02096,0.000469,0.0,0.018,0.034,0.04725,0.075,0.179715,0.09634,0.002154,0.014,0.101,0.196,0.254,0.337
20.25,0.792118,0.0774,0.001871,0.659,0.734,0.785,0.84425,0.94623,0.037909,0.01737,0.00042,0.006,0.026,0.037,0.049,0.074,0.169973,0.06995,0.00169,0.039,0.11775,0.172,0.221,0.298,0.037909,0.01737,0.00042,0.006,0.026,0.037,0.049,0.074,0.207882,0.0774,0.001871,0.05378,0.15575,0.215,0.266,0.341,0.818744,0.09675,0.002163,0.66298,0.74475,0.8015,0.89425,0.986,0.032534,0.02075,0.000464,0.0,0.017,0.033,0.047,0.073,0.148722,0.083,0.001856,0.014,0.078,0.157,0.21225,0.294,0.032534,0.02075,0.000464,0.0,0.017,0.033,0.047,0.073,0.181257,0.09675,0.002163,0.014,0.10575,0.1985,0.25525,0.33703
20.5,0.790336,0.07736,0.00187,0.65678,0.733,0.7825,0.841,0.946,0.0373,0.01715,0.000415,0.006,0.025,0.037,0.048,0.074,0.172363,0.07037,0.001701,0.04,0.12,0.174,0.224,0.30023,0.0373,0.01715,0.000415,0.006,0.025,0.037,0.048,0.074,0.209664,0.07736,0.00187,0.054,0.159,0.2175,0.267,0.34323,0.817216,0.09715,0.002172,0.66098,0.743,0.799,0.893,0.986,0.03201,0.02046,0.000457,0.0,0.017,0.033,0.046,0.07103,0.150773,0.08382,0.001874,0.014,0.08,0.1595,0.215,0.297,0.03201,0.02046,0.000457,0.0,0.017,0.033,0.046,0.07103,0.182784,0.09715,0.002172,0.014,0.107,0.201,0.257,0.33903
20.75,0.788658,0.07731,0.001868,0.65578,0.731,0.781,0.84,0.945,0.036653,0.01693,0.000409,0.006,0.025,0.036,0.048,0.072,0.174689,0.07075,0.00171,0.041,0.123,0.177,0.227,0.302,0.036653,0.01693,0.000409,0.006,0.025,0.036,0.048,0.072,0.211342,0.07731,0.001868,0.055,0.16,0.219,0.269,0.34423,0.815776,0.0975,0.00218,0.659,0.741,0.797,0.891,0.986,0.031454,0.02016,0.000451,0.0,0.017,0.032,0.04525,0.071,0.15277,0.0846,0.001892,0.014,0.081,0.162,0.217,0.3,0.031454,0.02016,0.000451,0.0,0.017,0.032,0.04525,0.071,0.184224,0.0975,0.00218,0.014,0.109,0.203,0.259,0.341
21.0,0.787008,0.07726,0.001867,0.654,0.73,0.779,0.83725,0.94423,0.036019,0.01674,0.000404,0.006,0.024,0.035,0.047,0.07,0.176974,0.07103,0.001717,0.042,0.125,0.18,0.229,0.30423,0.036019,0.01674,0.000404,0.006,0.024,0.035,0.047,0.07,0.212992,0.07726,0.001867,0.05578,0.16275,0.221,0.27,0.346,0.81436,0.09785,0.002188,0.65798,0.74,0.796,0.889,0.986,0.030909,0.01988,0.000445,0.0,0.017,0.031,0.045,0.069,0.154731,0.0853,0.001907,0.014,0.083,0.165,0.21925,0.30103,0.030909,0.01988,0.000445,0.0,0.017,0.031,0.045,0.069,0.18564,0.09785,0.002188,0.014,0.111,0.204,0.26,0.34203
21.25,0.785384,0.07719,0.001866,0.65278,0.72875,0.778,0.835,0.94423,0.035387,0.0166,0.000401,0.006,0.023,0.034,0.046,0.07,0.179228,0.07135,0.001724,0.043,0.12775,0.1825,0.232,0.30723,0.035387,0.0166,0.000401,0.006,0.023,0.034,0.046,0.07,0.214616,0.07719,0.001866,0.05578,0.165,0.222,0.27125,0.34723,0.812968,0.0982,0.002196,0.656,0.739,0.7945,0.887,0.986,0.030364,0.01965,0.000439,0.0,0.016,0.031,0.044,0.069,0.156668,0.08602,0.001924,0.014,0.085,0.167,0.22225,0.305,0.030364,0.01965,0.000439,0.0,0.016,0.031,0.044,0.069,0.187032,0.0982,0.002196,0.014,0.113,0.2055,0.261,0.344
21.5,0.78374,0.07707,0.001863,0.65178,0.727,0.775,0.834,0.943,0.034847,0.01638,0.000396,0.006,0.023,0.034,0.046,0.07,0.181413,0.0716,0.00173,0.044,0.13,0.185,0.234,0.30923,0.034847,0.01638,0.000396,0.006,0.023,0.034,0.046,0.07,0.21626,0.07707,0.001863,0.057,0.166,0.225,0.273,0.34823,0.811559,0.09851,0.002203,0.656,0.737,0.792,0.885,0.986,0.029899,0.01938,0.000433,0.0,0.016,0.03,0.044,0.069,0.158542,0.08669,0.001938,0.014,0.086,0.1695,0.225,0.308,0.029899,0.01938,0.000433,0.0,0.016,0.03,0.044,0.069,0.188441,0.09851,0.002203,0.014,0.115,0.208,0.263,0.344
21.75,0.782141,0.07701,0.001861,0.65078,0.725,0.774,0.83225,0.943,0.034294,0.01625,0.000393,0.006,0.022,0.033,0.045,0.069,0.183565,0.07187,0.001737,0.04578,0.132,0.188,0.236,0.312,0.034294,0.01625,0.000393,0.006,0.022,0.033,0.045,0.069,0.217859,0.07701,0.001861,0.057,0.16775,0.226,0.275,0.34923,0.810189,0.09885,0.00221,0.65398,0.736,0.791,0.883,0.986,0.029421,0.01917,0.000429,0.0,0.016,0.03,0.042,0.068,0.160389,0.08736,0.001953,0.014,0.089,0.172,0.228,0.30903,0.029421,0.01917,0.000429,0.0,0.016,0.03,0.042,0.068,0.189811,0.09885,0.00221,0.014,0.117,0.209,0.264,0.34603
22.0,0.780596,0.0769,0.001858,0.649,0.724,0.772,0.83,0.942,0.033725,0.01609,0.000389,0.005,0.022,0.033,0.044,0.068,0.185679,0.07207,0.001742,0.04678,0.135,0.19,0.238,0.314,0.033725,0.01609,0.000389,0.005,0.022,0.033,0.044,0.068,0.219404,0.0769,0.001858,0.058,0.17,0.228,0.276,0.351,0.808864,0.09915,0.002217,0.653,0.73475,0.789,0.881,0.986,0.028931,0.01894,0.000423,0.0,0.01575,0.029,0.042,0.067,0.162205,0.08797,0.001967,0.014,0.091,0.174,0.23,0.312,0.028931,0.01894,0.000423,0.0,0.01575,0.029,0.042,0.067,0.191136,0.09915,0.002217,0.014,0.119,0.211,0.26525,0.347
22.25,0.779051,0.07678,0.001856,0.64878,0.723,0.771,0.82725,0.942,0.033197,0.01594,0.000385,0.005,0.022,0.032,0.043,0.06723,0.187752,0.07229,0.001747,0.047,0.137,0.192,0.24,0.315,0.033197,0.01594,0.000385,0.005,0.022,0.032,0.043,0.06723,0.220949,0.07678,0.001856,0.058,0.17275,0.229,0.277,0.35123,0.807538,0.09945,0.002224,0.65198,0.733,0.787,0.87925,0.986,0.028474,0.01871,0.000418,0.0,0.015,0.028,0.041,0.067,0.163987,0.08859,0.001981,0.014,0.093,0.177,0.232,0.31303,0.028474,0.01871,0.000418,0.0,0.015,0.028,0.041,0.067,0.192462,0.09945,0.002224,0.014,0.12075,0.213,0.267,0.34803
22.5,0.777572,0.07661,0.001852,0.647,0.722,0.769,0.825,0.94023,0.032648,0.01572,0.00038,0.005,0.021,0.032,0.042,0.06723,0.18978,0.07245,0.001751,0.04878,0.14,0.194,0.24225,0.317,0.032648,0.01572,0.00038,0.005,0.021,0.032,0.042,0.06723,0.222428,0.07661,0.001852,0.05978,0.175,0.231,0.278,0.353,0.806272,0.0997,0.002229,0.65098,0.731,0.7855,0.877,0.986,0.027999,0.01845,0.000413,0.0,0.015,0.028,0.04,0.066,0.165729,0.08916,0.001994,0.014,0.094,0.179,0.234,0.31403,0.027999,0.01845,0.000413,0.0,0.015,0.028,0.04,0.066,0.193728,0.0997,0.002229,0.014,0.123,0.2145,0.269,0.34903
22.75,0.776153,0.07644,0.001847,0.645,0.721,0.768,0.824,0.94,0.032106,0.01557,0.000376,0.005,0.021,0.031,0.042,0.067,0.191741,0.07257,0.001754,0.04978,0.142,0.197,0.245,0.32,0.032106,0.01557,0.000376,0.005,0.021,0.031,0.042,0.067,0.223847,0.07644,0.001847,0.06,0.176,0.232,0.279,0.355,0.805055,0.09994,0.002235,0.649,0.73,0.784,0.876,0.986,0.027534,0.01822,0.000407,0.0,0.015,0.027,0.04,0.065,0.16741,0.0897,0.002006,0.014,0.096,0.1815,0.236,0.31503,0.027534,0.01822,0.000407,0.0,0.015,0.027,0.04,0.065,0.194944,0.09994,0.002235,0.014,0.124,0.216,0.27,0.351
23.0,0.774722,0.07632,0.001844,0.64478,0.72,0.7665,0.823,0.938,0.031553,0.01548,0.000374,0.005,0.02,0.03,0.042,0.066,0.193725,0.07273,0.001758,0.05,0.144,0.199,0.247,0.322,0.031553,0.01548,0.000374,0.005,0.02,0.03,0.042,0.066,0.225278,0.07632,0.001844,0.062,0.177,0.2335,0.28,0.35523,0.803829,0.10021,0.002241,0.648,0.728,0.782,0.87325,0.986,0.02706,0.01804,0.000403,0.0,0.014,0.026,0.039,0.065,0.169111,0.09026,0.002018,0.014,0.098,0.183,0.238,0.31903,0.02706,0.01804,0.000403,0.0,0.014,0.026,0.039,0.065,0.196171,0.10021,0.002241,0.014,0.12675,0.218,0.272,0.352
23.25,0.773386,0.0762,0.001842,0.64278,0.719,0.765,0.821,0.938,0.030941,0.01535,0.000371,0.004,0.02,0.03,0.041,0.065,0.195673,0.07281,0.00176,0.051,0.146,0.201,0.249,0.324,0.030941,0.01535,0.000371,0.004,0.02,0.03,0.041,0.065,0.226614,0.0762,0.001842,0.062,0.179,0.235,0.281,0.35723,0.802682,0.10046,0.002246,0.64798,0.727,0.781,0.871,0.986,0.026535,0.01781,0.000398,0.0,0.014,0.026,0.038,0.064,0.170783,0.09077,0.00203,0.014,0.1,0.185,0.241,0.321,0.026535,0.01781,0.000398,0.0,0.014,0.026,0.038,0.064,0.197318,0.10046,0.002246,0.014,0.129,0.219,0.273,0.35203
23.5,0.772036,0.07604,0.001838,0.642,0.718,0.764,0.82,0.93623,0.030414,0.01534,0.000371,0.005,0.019,0.029,0.04,0.065,0.19755,0.07296,0.001763,0.05178,0.14775,0.203,0.25,0.325,0.030414,0.01534,0.000371,0.005,0.019,0.029,0.04,0.065,0.227964,0.07604,0.001838,0.06378,0.18,0.236,0.282,0.358,0.801524,0.10069,0.002252,0.647,0.726,0.779,0.86925,0.986,0.026082,0.0177,0.000396,0.0,0.014,0.025,0.038,0.064,0.172393,0.09131,0.002042,0.014,0.101,0.187,0.242,0.32203,0.026082,0.0177,0.000396,0.0,0.014,0.025,0.038,0.064,0.198476,0.10069,0.002252,0.014,0.13075,0.221,0.274,0.353
23.75,0.770752,0.07594,0.001835,0.64078,0.717,0.762,0.818,0.93523,0.029799,0.0152,0.000367,0.004,0.019,0.028,0.039,0.065,0.199449,0.07303,0.001765,0.053,0.14975,0.205,0.253,0.326,0.029799,0.0152,0.000367,0.004,0.019,0.028,0.039,0.065,0.229248,0.07594,0.001835,0.06478,0.182,0.238,0.283,0.35923,0.800424,0.10095,0.002257,0.64595,0.725,0.778,0.869,0.986,0.025554,0.01747,0.000391,0.0,0.013,0.025,0.037,0.064,0.174022,0.0918,0.002053,0.014,0.104,0.189,0.244,0.325,0.025554,0.01747,0.000391,0.0,0.013,0.025,0.037,0.064,0.199577,0.10095,0.002257,0.014,0.131,0.222,0.275,0.35405
24.0,0.769543,0.07581,0.001832,0.64,0.716,0.7605,0.81625,0.93523,0.029214,0.01505,0.000364,0.004,0.018,0.028,0.039,0.06323,0.201243,0.07314,0.001768,0.05378,0.152,0.207,0.254,0.329,0.029214,0.01505,0.000364,0.004,0.018,0.028,0.039,0.06323,0.230457,0.07581,0.001832,0.06478,0.18375,0.2395,0.284,0.36,0.799387,0.10117,0.002262,0.64398,0.724,0.777,0.86725,0.986,0.025051,0.01724,0.000385,0.0,0.013,0.024,0.036,0.06203,0.175561,0.09229,0.002064,0.014,0.106,0.192,0.246,0.327,0.025051,0.01724,0.000385,0.0,0.013,0.024,0.036,0.06203,0.200613,0.10117,0.002262,0.014,0.13275,0.223,0.276,0.35603
24.25,0.768329,0.07566,0.001829,0.639,0.71475,0.759,0.815,0.935,0.028614,0.01503,0.000363,0.004,0.017,0.027,0.038,0.06223,0.203057,0.07318,0.001769,0.05455,0.154,0.2085,0.256,0.331,0.028614,0.01503,0.000363,0.004,0.017,0.027,0.038,0.06223,0.231671,0.07566,0.001829,0.065,0.185,0.241,0.28525,0.361,0.798347,0.10137,0.002267,0.642,0.723,0.776,0.866,0.986,0.024535,0.0171,0.000382,0.0,0.012,0.024,0.036,0.061,0.177118,0.09275,0.002074,0.014,0.108,0.194,0.247,0.328,0.024535,0.0171,0.000382,0.0,0.012,0.024,0.036,0.061,0.201654,0.10137,0.002267,0.014,0.134,0.224,0.277,0.358
24.5,0.767131,0.07548,0.001824,0.63878,0.714,0.758,0.81325,0.934,0.02803,0.0149,0.00036,0.004,0.017,0.026,0.037,0.061,0.204839,0.07325,0.00177,0.055,0.157,0.2105,0.259,0.33123,0.02803,0.0149,0.00036,0.004,0.017,0.026,0.037,0.061,0.232869,0.07548,0.001824,0.066,0.18675,0.242,0.286,0.36123,0.79732,0.10156,0.002271,0.64197,0.722,0.774,0.864,0.986,0.024033,0.01688,0.000378,0.0,0.012,0.023,0.035,0.06,0.178646,0.09322,0.002084,0.014,0.109,0.196,0.249,0.329,0.024033,0.01688,0.000378,0.0,0.012,0.023,0.035,0.06,0.20268,0.10156,0.002271,0.014,0.136,0.226,0.278,0.35803
24.75,0.76597,0.07536,0.001821,0.63778,0.712,0.757,0.812,0.93245,0.027441,0.01475,0.000357,0.004,0.017,0.026,0.037,0.06123,0.206589,0.07334,0.001772,0.057,0.15875,0.212,0.26025,0.333,0.027441,0.01475,0.000357,0.004,0.017,0.026,0.037,0.06123,0.23403,0.07536,0.001821,0.06755,0.188,0.243,0.288,0.36223,0.796324,0.10178,0.002276,0.64098,0.721,0.773,0.863,0.986,0.023528,0.01666,0.000372,0.0,0.012,0.022,0.03425,0.061,0.180148,0.0937,0.002095,0.014,0.111,0.198,0.251,0.331,0.023528,0.01666,0.000372,0.0,0.012,0.022,0.03425,0.061,0.203676,0.10178,0.002276,0.014,0.137,0.227,0.279,0.35903
25.0,0.764828,0.07519,0.001817,0.636,0.712,0.755,0.811,0.93223,0.026902,0.01474,0.000356,0.004,0.016,0.025,0.036,0.062,0.208269,0.07336,0.001773,0.05778,0.16,0.214,0.262,0.33423,0.026902,0.01474,0.000356,0.004,0.016,0.025,0.036,0.062,0.235172,0.07519,0.001817,0.06778,0.189,0.245,0.288,0.364,0.795346,0.10197,0.00228,0.64,0.72,0.772,0.861,0.986,0.023064,0.01655,0.00037,0.0,0.011,0.022,0.034,0.06,0.181589,0.09412,0.002104,0.014,0.112,0.199,0.252,0.33203,0.023064,0.01655,0.00037,0.0,0.011,0.022,0.034,0.06,0.204654,0.10197,0.00228,0.014,0.139,0.228,0.28,0.36
25.25,0.763716,0.07505,0.001814,0.635,0.711,0.754,0.809,0.93223,0.026323,0.01471,0.000356,0.004,0.016,0.024,0.035,0.061,0.209961,0.07337,0.001773,0.059,0.162,0.216,0.264,0.33623,0.026323,0.01471,0.000356,0.004,0.016,0.024,0.035,0.061,0.236284,0.07505,0.001814,0.06778,0.191,0.246,0.289,0.365,0.794394,0.10216,0.002284,0.63997,0.718,0.77,0.86,0.986,0.022565,0.01641,0.000367,0.0,0.011,0.021,0.033,0.06,0.18304,0.09452,0.002114,0.014,0.114,0.201,0.254,0.334,0.022565,0.01641,0.000367,0.0,0.011,0.021,0.033,0.06,0.205606,0.10216,0.002284,0.014,0.14,0.23,0.282,0.36003
25.5,0.762603,0.07489,0.00181,0.635,0.71,0.753,0.808,0.932,0.025814,0.01465,0.000354,0.004,0.015,0.023,0.034,0.061,0.211583,0.0734,0.001774,0.059,0.164,0.218,0.26425,0.33823,0.025814,0.01465,0.000354,0.004,0.015,0.023,0.034,0.061,0.237397,0.07489,0.00181,0.068,0.192,0.247,0.29,0.365,0.793441,0.10234,0.002288,0.638,0.717,0.769,0.858,0.986,0.022127,0.01627,0.000364,0.0,0.01,0.021,0.032,0.059,0.184431,0.09494,0.002123,0.014,0.11675,0.203,0.25525,0.33503,0.022127,0.01627,0.000364,0.0,0.01,0.021,0.032,0.059,0.206559,0.10234,0.002288,0.014,0.142,0.231,0.283,0.362
25.75,0.761524,0.07467,0.001805,0.634,0.709,0.752,0.806,0.932,0.02532,0.01463,0.000353,0.004,0.015,0.023,0.034,0.06,0.213157,0.0734,0.001774,0.059,0.166,0.22,0.266,0.33923,0.02532,0.01463,0.000353,0.004,0.015,0.023,0.034,0.06,0.238476,0.07467,0.001805,0.068,0.194,0.248,0.291,0.366,0.792517,0.10249,0.002292,0.638,0.717,0.767,0.856,0.986,0.021705,0.01615,0.000361,0.0,0.01,0.02,0.03125,0.059,0.185778,0.09532,0.002131,0.014,0.119,0.204,0.257,0.337,0.021705,0.01615,0.000361,0.0,0.01,0.02,0.03125,0.059,0.207484,0.10249,0.002292,0.014,0.144,0.233,0.283,0.362
26.0,0.760541,0.07451,0.001801,0.634,0.708,0.7515,0.80425,0.93023,0.024759,0.01445,0.000349,0.004,0.014,0.022,0.033,0.059,0.2147,0.07335,0.001773,0.06078,0.16775,0.221,0.268,0.34,0.024759,0.01445,0.000349,0.004,0.014,0.022,0.033,0.059,0.239459,0.07451,0.001801,0.06978,0.19575,0.2485,0.292,0.366,0.791674,0.10264,0.002295,0.638,0.716,0.7665,0.855,0.986,0.021223,0.01591,0.000356,0.0,0.009,0.02,0.031,0.058,0.187102,0.09567,0.002139,0.014,0.12,0.206,0.259,0.33803,0.021223,0.01591,0.000356,0.0,0.009,0.02,0.031,0.058,0.208326,0.10264,0.002295,0.014,0.145,0.2335,0.284,0.362
26.25,0.759538,0.07437,0.001797,0.634,0.707,0.751,0.80225,0.93023,0.024235,0.0143,0.000346,0.003,0.014,0.022,0.033,0.058,0.216227,0.07333,0.001772,0.061,0.16975,0.223,0.269,0.34223,0.024235,0.0143,0.000346,0.003,0.014,0.022,0.033,0.058,0.240462,0.07437,0.001797,0.06978,0.19775,0.249,0.293,0.366,0.790816,0.10282,0.002299,0.637,0.715,0.765,0.854,0.986,0.020773,0.0157,0.000351,0.0,0.009,0.019,0.03,0.057,0.188412,0.09603,0.002147,0.014,0.122,0.2075,0.26,0.339,0.020773,0.0157,0.000351,0.0,0.009,0.019,0.03,0.057,0.209185,0.10282,0.002299,0.014,0.146,0.235,0.285,0.363
26.5,0.758633,0.07425,0.001794,0.634,0.706,0.75,0.801,0.93,0.023629,0.01411,0.000341,0.003,0.013,0.021,0.032,0.05723,0.217738,0.07329,0.001771,0.062,0.171,0.225,0.271,0.343,0.023629,0.01411,0.000341,0.003,0.013,0.021,0.032,0.05723,0.241367,0.07425,0.001794,0.07,0.199,0.25,0.294,0.366,0.79004,0.10297,0.002303,0.63698,0.714,0.7645,0.853,0.986,0.020254,0.01544,0.000345,0.0,0.009,0.018,0.029,0.05503,0.189706,0.09638,0.002155,0.014,0.123,0.209,0.262,0.34,0.020254,0.01544,0.000345,0.0,0.009,0.018,0.029,0.05503,0.20996,0.10297,0.002303,0.014,0.147,0.2355,0.286,0.36303
26.75,0.757727,0.07408,0.00179,0.634,0.706,0.75,0.8,0.92845,0.023072,0.01399,0.000338,0.003,0.013,0.02,0.031,0.057,0.2192,0.07326,0.001771,0.062,0.173,0.226,0.272,0.34323,0.023072,0.01399,0.000338,0.003,0.013,0.02,0.031,0.057,0.242273,0.07408,0.00179,0.07155,0.2,0.25,0.294,0.366,0.789264,0.10311,0.002306,0.63597,0.713,0.763,0.852,0.986,0.019777,0.01523,0.000341,0.0,0.008,0.018,0.029,0.056,0.190958,0.09672,0.002163,0.014,0.12475,0.211,0.263,0.341,0.019777,0.01523,0.000341,0.0,0.008,0.018,0.029,0.056,0.210736,0.10311,0.002306,0.014,0.148,0.237,0.287,0.36403
27.0,0.756825,0.07393,0.001787,0.63378,0.705,0.749,0.799,0.927,0.022565,0.01387,0.000335,0.003,0.012,0.02,0.03025,0.057,0.22061,0.07325,0.00177,0.063,0.174,0.229,0.27225,0.34423,0.022565,0.01387,0.000335,0.003,0.012,0.02,0.03025,0.057,0.243175,0.07393,0.001787,0.073,0.201,0.251,0.295,0.36623,0.78849,0.10325,0.002309,0.63597,0.713,0.763,0.851,0.986,0.019343,0.01505,0.000336,0.0,0.008,0.017,0.028,0.05403,0.192166,0.09707,0.00217,0.014,0.12575,0.212,0.264,0.34203,0.019343,0.01505,0.000336,0.0,0.008,0.017,0.028,0.05403,0.21151,0.10325,0.002309,0.014,0.149,0.237,0.287,0.36403
27.25,0.755984,0.07379,0.001783,0.63278,0.705,0.748,0.797,0.926,0.021997,0.01367,0.00033,0.003,0.012,0.019,0.03,0.055,0.222019,0.07323,0.00177,0.064,0.176,0.23,0.274,0.34523,0.021997,0.01367,0.00033,0.003,0.012,0.019,0.03,0.055,0.244016,0.07379,0.001783,0.074,0.203,0.252,0.295,0.36723,0.78777,0.10338,0.002312,0.63498,0.712,0.762,0.84925,0.986,0.018856,0.01479,0.000331,0.0,0.008,0.017,0.027,0.05303,0.193373,0.0974,0.002178,0.014,0.127,0.213,0.265,0.344,0.018856,0.01479,0.000331,0.0,0.008,0.017,0.027,0.05303,0.21223,0.10338,0.002312,0.014,0.15075,0.238,0.288,0.36503
27.5,0.755133,0.07364,0.00178,0.63178,0.704,0.747,0.79625,0.925,0.021488,0.01363,0.000329,0.003,0.012,0.019,0.029,0.055,0.223379,0.0732,0.001769,0.065,0.177,0.231,0.276,0.346,0.021488,0.01363,0.000329,0.003,0.012,0.019,0.029,0.055,0.244867,0.07364,0.00178,0.075,0.20375,0.253,0.296,0.36823,0.78704,0.10351,0.002315,0.634,0.711,0.761,0.84825,0.986,0.01842,0.01467,0.000328,0.0,0.007,0.016,0.027,0.05303,0.19454,0.09772,0.002185,0.014,0.13,0.215,0.267,0.345,0.01842,0.01467,0.000328,0.0,0.007,0.016,0.027,0.05303,0.21296,0.10351,0.002315,0.014,0.15175,0.239,0.289,0.366
27.75,0.754249,0.07344,0.001775,0.63078,0.703,0.747,0.795,0.924,0.021033,0.01349,0.000326,0.00278,0.011,0.018,0.028,0.054,0.224718,0.07312,0.001767,0.065,0.179,0.233,0.277,0.34723,0.021033,0.01349,0.000326,0.00278,0.011,0.018,0.028,0.054,0.245751,0.07344,0.001775,0.076,0.205,0.253,0.297,0.36923,0.786283,0.10363,0.002317,0.634,0.71,0.759,0.847,0.986,0.018029,0.01447,0.000324,0.0,0.007,0.016,0.026,0.053,0.195688,0.09801,0.002192,0.014,0.131,0.217,0.268,0.346,0.018029,0.01447,0.000324,0.0,0.007,0.016,0.026,0.053,0.213717,0.10363,0.002317,0.014,0.153,0.241,0.29,0.366
28.0,0.753439,0.07326,0.001771,0.63,0.703,0.746,0.794,0.92323,0.020516,0.01332,0.000322,0.002,0.011,0.018,0.027,0.05323,0.226044,0.07308,0.001766,0.065,0.181,0.234,0.279,0.349,0.020516,0.01332,0.000322,0.002,0.011,0.018,0.027,0.05323,0.246561,0.07326,0.001771,0.07678,0.206,0.254,0.297,0.37,0.785589,0.10373,0.002319,0.634,0.709,0.759,0.847,0.986,0.017586,0.01425,0.000319,0.0,0.007,0.015,0.025,0.052,0.196825,0.09832,0.002198,0.014,0.13275,0.2185,0.269,0.347,0.017586,0.01425,0.000319,0.0,0.007,0.015,0.025,0.052,0.214411,0.10373,0.002319,0.014,0.153,0.241,0.291,0.366
28.25,0.752648,0.07306,0.001766,0.62978,0.702,0.745,0.794,0.922,0.020072,0.01322,0.00032,0.002,0.011,0.017,0.027,0.05323,0.227279,0.073,0.001764,0.06578,0.183,0.236,0.28,0.35023,0.020072,0.01322,0.00032,0.002,0.011,0.017,0.027,0.05323,0.247352,0.07306,0.001766,0.078,0.206,0.255,0.298,0.37023,0.784911,0.10382,0.002321,0.634,0.709,0.758,0.846,0.986,0.017204,0.01409,0.000315,0.0,0.007,0.015,0.025,0.052,0.197884,0.09858,0.002204,0.014,0.134,0.2195,0.27,0.348,0.017204,0.01409,0.000315,0.0,0.007,0.015,0.025,0.052,0.215089,0.10382,0.002321,0.014,0.154,0.242,0.291,0.366
28.5,0.751867,0.0729,0.001762,0.62978,0.701,0.744,0.79225,0.921,0.019561,0.01315,0.000318,0.002,0.01,0.017,0.026,0.05323,0.228572,0.07294,0.001763,0.06578,0.18475,0.237,0.281,0.35145,0.019561,0.01315,0.000318,0.002,0.01,0.017,0.026,0.05323,0.248133,0.0729,0.001762,0.079,0.20775,0.256,0.299,0.37023,0.784242,0.10393,0.002324,0.633,0.708,0.758,0.845,0.986,0.016765,0.01395,0.000312,0.0,0.006,0.015,0.024,0.05103,0.198993,0.09887,0.002211,0.014,0.135,0.221,0.272,0.349,0.016765,0.01395,0.000312,0.0,0.006,0.015,0.024,0.05103,0.215758,0.10393,0.002324,0.014,0.155,0.242,0.292,0.367
28.75,0.751107,0.07272,0.001758,0.62978,0.7,0.743,0.791,0.92,0.019126,0.01308,0.000316,0.002,0.01,0.016,0.025,0.053,0.229767,0.07288,0.001761,0.066,0.186,0.239,0.282,0.35245,0.019126,0.01308,0.000316,0.002,0.01,0.016,0.025,0.053,0.248893,0.07272,0.001758,0.08,0.209,0.257,0.3,0.37023,0.783592,0.10403,0.002326,0.633,0.708,0.757,0.844,0.986,0.01639,0.01382,0.000309,0.0,0.006,0.014,0.023,0.051,0.200018,0.09914,0.002217,0.014,0.136,0.223,0.273,0.35,0.01639,0.01382,0.000309,0.0,0.006,0.014,0.023,0.051,0.216408,0.10403,0.002326,0.014,0.156,0.243,0.292,0.367
29.0,0.750404,0.07254,0.001753,0.62978,0.7,0.7425,0.79,0.92,0.018641,0.01292,0.000312,0.002,0.009,0.016,0.025,0.052,0.230954,0.07281,0.00176,0.06778,0.187,0.24,0.282,0.35445,0.018641,0.01292,0.000312,0.002,0.009,0.016,0.025,0.052,0.249596,0.07254,0.001753,0.08,0.21,0.2575,0.3,0.37023,0.78299,0.1041,0.002328,0.63298,0.707,0.756,0.842,0.986,0.015975,0.01361,0.000304,0.0,0.006,0.014,0.023,0.051,0.201035,0.0994,0.002223,0.014,0.137,0.224,0.273,0.35103,0.015975,0.01361,0.000304,0.0,0.006,0.014,0.023,0.051,0.21701,0.1041,0.002328,0.014,0.158,0.244,0.293,0.36703
29.25,0.749695,0.07236,0.001749,0.62955,0.699,0.7415,0.79,0.92,0.018197,0.01277,0.000309,0.002,0.009,0.015,0.024,0.052,0.232107,0.07272,0.001758,0.06778,0.18875,0.241,0.283,0.35623,0.018197,0.01277,0.000309,0.002,0.009,0.015,0.024,0.052,0.250305,0.07236,0.001749,0.08,0.21,0.2585,0.301,0.37045,0.782382,0.10419,0.00233,0.632,0.707,0.755,0.84,0.986,0.015594,0.01341,0.0003,0.0,0.005,0.013,0.022,0.05003,0.202023,0.09964,0.002228,0.014,0.139,0.226,0.275,0.352,0.015594,0.01341,0.0003,0.0,0.005,0.013,0.022,0.05003,0.217618,0.10419,0.00233,0.014,0.16,0.245,0.293,0.368
29.5,0.749,0.0722,0.001745,0.62878,0.699,0.741,0.789,0.918,0.017748,0.01265,0.000306,0.00178,0.009,0.015,0.024,0.051,0.233252,0.07261,0.001755,0.06878,0.19,0.242,0.284,0.357,0.017748,0.01265,0.000306,0.00178,0.009,0.015,0.024,0.051,0.251,0.0722,0.001745,0.082,0.211,0.259,0.301,0.37123,0.781788,0.10428,0.002332,0.632,0.706,0.754,0.83825,0.986,0.015209,0.01324,0.000296,0.0,0.005,0.013,0.022,0.049,0.203003,0.09986,0.002233,0.014,0.141,0.227,0.277,0.353,0.015209,0.01324,0.000296,0.0,0.005,0.013,0.022,0.049,0.218213,0.10428,0.002332,0.014,0.16175,0.246,0.294,0.368
29.75,0.748325,0.07206,0.001742,0.62878,0.698,0.74,0.788,0.91723,0.017314,0.01249,0.000302,0.001,0.008,0.015,0.023,0.052,0.234362,0.07252,0.001753,0.069,0.191,0.243,0.285,0.357,0.017314,0.01249,0.000302,0.001,0.008,0.015,0.023,0.052,0.251675,0.07206,0.001742,0.08278,0.212,0.26,0.302,0.37123,0.781209,0.10438,0.002334,0.632,0.705,0.7535,0.838,0.986,0.014836,0.01304,0.000292,0.0,0.005,0.012,0.022,0.049,0.203954,0.10009,0.002238,0.014,0.142,0.229,0.278,0.35303,0.014836,0.01304,0.000292,0.0,0.005,0.012,0.022,0.049,0.21879,0.10438,0.002334,0.014,0.162,0.2465,0.295,0.368
30.0,0.747678,0.07186,0.001737,0.62855,0.69775,0.739,0.788,0.917,0.016891,0.0124,0.0003,0.001,0.008,0.014,0.023,0.04823,0.235432,0.07241,0.00175,0.07,0.19275,0.2435,0.286,0.357,0.016891,0.0124,0.0003,0.001,0.008,0.014,0.023,0.04823,0.252322,0.07186,0.001737,0.083,0.212,0.261,0.30225,0.37145,0.780656,0.10443,0.002335,0.631,0.705,0.753,0.837,0.986,0.014473,0.0129,0.000288,0.0,0.005,0.012,0.021,0.048,0.204871,0.1003,0.002243,0.014,0.143,0.23,0.279,0.354,0.014473,0.0129,0.000288,0.0,0.005,0.012,0.021,0.048,0.219344,0.10443,0.002335,0.014,0.163,0.247,0.295,0.369
30.25,0.747036,0.07166,0.001732,0.62832,0.697,0.739,0.787,0.917,0.016533,0.01231,0.000298,0.001,0.008,0.014,0.023,0.04823,0.23643,0.07229,0.001747,0.072,0.194,0.244,0.287,0.359,0.016533,0.01231,0.000298,0.001,0.008,0.014,0.023,0.04823,0.252964,0.07166,0.001732,0.083,0.213,0.261,0.303,0.37168,0.780106,0.10449,0.002336,0.63098,0.704,0.752,0.836,0.986,0.014166,0.01277,0.000286,0.0,0.004,0.012,0.02,0.047,0.205728,0.10049,0.002247,0.014,0.14475,0.231,0.28,0.35402,0.014166,0.01277,0.000286,0.0,0.004,0.012,0.02,0.047,0.219894,0.10449,0.002336,0.014,0.164,0.248,0.296,0.36903
30.5,0.746413,0.07151,0.001728,0.62755,0.696,0.738,0.786,0.916,0.016156,0.0122,0.000295,0.001,0.007,0.013,0.022,0.048,0.237431,0.07219,0.001745,0.07377,0.195,0.245,0.288,0.35923,0.016156,0.0122,0.000295,0.001,0.007,0.013,0.022,0.048,0.253587,0.07151,0.001728,0.084,0.214,0.262,0.304,0.37245,0.779572,0.10457,0.002338,0.63,0.704,0.751,0.835,0.986,0.013842,0.01262,0.000282,0.0,0.004,0.012,0.02,0.047,0.206586,0.10068,0.002251,0.014,0.146,0.2315,0.281,0.356,0.013842,0.01262,0.000282,0.0,0.004,0.012,0.02,0.047,0.220427,0.10457,0.002338,0.014,0.165,0.249,0.296,0.37
30.75,0.745796,0.07135,0.001724,0.62678,0.69575,0.738,0.786,0.916,0.015798,0.01209,0.000292,0.001,0.007,0.013,0.022,0.048,0.238405,0.07207,0.001742,0.076,0.197,0.246,0.289,0.36023,0.015798,0.01209,0.000292,0.001,0.007,0.013,0.022,0.048,0.254204,0.07135,0.001724,0.084,0.214,0.262,0.30425,0.37323,0.779044,0.10465,0.00234,0.63,0.703,0.75,0.83425,0.986,0.013535,0.01248,0.000279,0.0,0.004,0.011,0.02,0.047,0.20742,0.10087,0.002255,0.014,0.14775,0.233,0.28125,0.357,0.013535,0.01248,0.000279,0.0,0.004,0.011,0.02,0.047,0.220955,0.10465,0.00234,0.014,0.16575,0.25,0.297,0.37
31.0,0.745206,0.07119,0.001721,0.62678,0.695,0.737,0.78425,0.915,0.015413,0.01204,0.000291,0.001,0.007,0.012,0.021,0.047,0.239381,0.07202,0.001741,0.076,0.198,0.247,0.29,0.361,0.015413,0.01204,0.000291,0.001,0.007,0.012,0.021,0.047,0.254794,0.07119,0.001721,0.085,0.21575,0.263,0.305,0.37323,0.77854,0.10471,0.002341,0.62997,0.70275,0.75,0.834,0.986,0.013205,0.01237,0.000277,0.0,0.004,0.011,0.019,0.045,0.208255,0.10109,0.00226,0.014,0.148,0.233,0.282,0.358,0.013205,0.01237,0.000277,0.0,0.004,0.011,0.019,0.045,0.22146,0.10471,0.002341,0.014,0.166,0.25,0.29725,0.37003
31.25,0.744655,0.07103,0.001717,0.62678,0.694,0.737,0.784,0.915,0.015048,0.01195,0.000289,0.001,0.006,0.012,0.021,0.04623,0.240297,0.07193,0.001738,0.077,0.199,0.247,0.29025,0.362,0.015048,0.01195,0.000289,0.001,0.006,0.012,0.021,0.04623,0.255345,0.07103,0.001717,0.085,0.216,0.263,0.306,0.37323,0.778067,0.10477,0.002343,0.62997,0.702,0.749,0.832,0.986,0.012893,0.01224,0.000274,0.0,0.004,0.01,0.019,0.044,0.20904,0.10128,0.002265,0.014,0.15,0.234,0.283,0.35903,0.012893,0.01224,0.000274,0.0,0.004,0.01,0.019,0.044,0.221933,0.10477,0.002343,0.014,0.168,0.251,0.298,0.37003
31.5,0.744097,0.07088,0.001713,0.62578,0.694,0.736,0.783,0.91423,0.01467,0.01179,0.000285,0.001,0.006,0.012,0.02,0.045,0.241233,0.07181,0.001736,0.077,0.19975,0.249,0.291,0.363,0.01467,0.01179,0.000285,0.001,0.006,0.012,0.02,0.045,0.255903,0.07088,0.001713,0.08578,0.217,0.264,0.306,0.37423,0.777589,0.10484,0.002344,0.629,0.702,0.749,0.831,0.986,0.012569,0.01205,0.000269,0.0,0.003,0.01,0.018,0.043,0.209841,0.10145,0.002269,0.014,0.151,0.235,0.284,0.36103,0.012569,0.01205,0.000269,0.0,0.003,0.01,0.018,0.043,0.22241,0.10484,0.002344,0.014,0.169,0.251,0.298,0.371
31.75,0.743541,0.07069,0.001708,0.62578,0.694,0.736,0.782,0.913,0.014288,0.01169,0.000283,0.0,0.006,0.011,0.02,0.04323,0.242171,0.07167,0.001732,0.07778,0.20075,0.25,0.292,0.363,0.014288,0.01169,0.000283,0.0,0.006,0.011,0.02,0.04323,0.256459,0.07069,0.001708,0.087,0.218,0.264,0.306,0.37423,0.777113,0.10487,0.002345,0.629,0.701,0.7485,0.83,0.986,0.012241,0.01191,0.000266,0.0,0.003,0.01,0.018,0.042,0.210646,0.10162,0.002272,0.014,0.15175,0.235,0.285,0.362,0.012241,0.01191,0.000266,0.0,0.003,0.01,0.018,0.042,0.222887,0.10487,0.002345,0.014,0.17,0.2515,0.299,0.371
32.0,0.743002,0.07052,0.001704,0.62578,0.694,0.735,0.782,0.91223,0.013914,0.01159,0.00028,0.0,0.006,0.011,0.019,0.04323,0.243084,0.07151,0.001728,0.078,0.201,0.25,0.293,0.364,0.013914,0.01159,0.00028,0.0,0.006,0.011,0.019,0.04323,0.256998,0.07052,0.001704,0.08778,0.218,0.265,0.306,0.37423,0.776652,0.10492,0.002346,0.629,0.701,0.748,0.829,0.986,0.01192,0.01178,0.000263,0.0,0.003,0.009,0.017,0.04103,0.211428,0.10176,0.002275,0.014,0.153,0.237,0.286,0.362,0.01192,0.01178,0.000263,0.0,0.003,0.009,0.017,0.04103,0.223348,0.10492,0.002346,0.014,0.171,0.252,0.299,0.371
32.25,0.742482,0.07037,0.001701,0.62578,0.693,0.7345,0.781,0.912,0.01353,0.01144,0.000277,0.0,0.005,0.011,0.018,0.041,0.243988,0.0714,0.001726,0.07978,0.203,0.251,0.294,0.364,0.01353,0.01144,0.000277,0.0,0.005,0.011,0.018,0.041,0.257518,0.07037,0.001701,0.088,0.219,0.2655,0.307,0.37423,0.776206,0.10498,0.002347,0.629,0.701,0.748,0.828,0.986,0.011591,0.01159,0.000259,0.0,0.003,0.009,0.017,0.04,0.212202,0.10193,0.002279,0.014,0.154,0.237,0.287,0.363,0.011591,0.01159,0.000259,0.0,0.003,0.009,0.017,0.04,0.223794,0.10498,0.002347,0.014,0.172,0.252,0.299,0.371
32.5,0.741999,0.07024,0.001698,0.62578,0.693,0.734,0.781,0.912,0.013185,0.01129,0.000273,0.0,0.005,0.01,0.018,0.04123,0.244816,0.0713,0.001723,0.08078,0.204,0.251,0.294,0.365,0.013185,0.01129,0.000273,0.0,0.005,0.01,0.018,0.04123,0.258001,0.07024,0.001698,0.088,0.219,0.266,0.307,0.37423,0.775792,0.10504,0.002349,0.629,0.7,0.748,0.82725,0.986,0.011296,0.01142,0.000255,0.0,0.003,0.008,0.016,0.03903,0.212912,0.10209,0.002283,0.014,0.155,0.239,0.287,0.36303,0.011296,0.01142,0.000255,0.0,0.003,0.008,0.016,0.03903,0.224207,0.10504,0.002349,0.014,0.17275,0.252,0.3,0.371
32.75,0.741499,0.07011,0.001694,0.62478,0.69275,0.7335,0.78,0.91123,0.0129,0.01125,0.000272,0.0,0.005,0.01,0.01725,0.04123,0.2456,0.07121,0.001721,0.081,0.20475,0.252,0.295,0.365,0.0129,0.01125,0.000272,0.0,0.005,0.01,0.01725,0.04123,0.258501,0.07011,0.001694,0.08878,0.22,0.2665,0.30725,0.37523,0.775364,0.1051,0.00235,0.629,0.7,0.7475,0.827,0.986,0.011052,0.01134,0.000254,0.0,0.003,0.008,0.016,0.039,0.213583,0.10225,0.002286,0.014,0.15675,0.24,0.288,0.36303,0.011052,0.01134,0.000254,0.0,0.003,0.008,0.016,0.039,0.224635,0.1051,0.00235,0.014,0.173,0.2525,0.3,0.371
33.0,0.741011,0.06997,0.001691,0.62478,0.692,0.733,0.779,0.91123,0.012564,0.01118,0.00027,0.0,0.005,0.009,0.017,0.039,0.246425,0.07112,0.001719,0.08178,0.205,0.253,0.296,0.366,0.012564,0.01118,0.00027,0.0,0.005,0.009,0.017,0.039,0.258989,0.06997,0.001691,0.08878,0.221,0.267,0.308,0.37523,0.774946,0.10516,0.002351,0.62898,0.7,0.747,0.827,0.986,0.010764,0.01124,0.000251,0.0,0.002,0.008,0.015,0.038,0.21429,0.10242,0.00229,0.014,0.158,0.241,0.289,0.36303,0.010764,0.01124,0.000251,0.0,0.002,0.008,0.015,0.038,0.225054,0.10516,0.002351,0.014,0.173,0.253,0.3,0.37103
33.25,0.740554,0.06983,0.001688,0.624,0.692,0.7325,0.779,0.91123,0.012252,0.01101,0.000266,0.0,0.004,0.009,0.017,0.03923,0.247195,0.071,0.001716,0.082,0.207,0.254,0.296,0.36723,0.012252,0.01101,0.000266,0.0,0.004,0.009,0.017,0.03923,0.259446,0.06983,0.001688,0.08878,0.221,0.2675,0.308,0.376,0.774554,0.1052,0.002352,0.62898,0.699,0.747,0.826,0.986,0.010497,0.01105,0.000247,0.0,0.002,0.007,0.015,0.038,0.214949,0.10256,0.002293,0.014,0.158,0.242,0.289,0.36303,0.010497,0.01105,0.000247,0.0,0.002,0.007,0.015,0.038,0.225446,0.1052,0.002352,0.014,0.174,0.253,0.301,0.37103
33.5,0.740101,0.06968,0.001684,0.624,0.69175,0.732,0.778,0.91123,0.01194,0.0109,0.000263,0.0,0.004,0.009,0.016,0.03923,0.247959,0.07088,0.001713,0.08378,0.207,0.255,0.297,0.36723,0.01194,0.0109,0.000263,0.0,0.004,0.009,0.016,0.03923,0.259899,0.06968,0.001684,0.08878,0.222,0.268,0.30825,0.376,0.774166,0.10525,0.002353,0.62898,0.699,0.747,0.825,0.986,0.010229,0.01091,0.000244,0.0,0.002,0.007,0.01425,0.037,0.215605,0.10269,0.002296,0.014,0.16,0.243,0.29,0.364,0.010229,0.01091,0.000244,0.0,0.002,0.007,0.01425,0.037,0.225833,0.10525,0.002353,0.014,0.175,0.253,0.301,0.37103
33.75,0.739668,0.06952,0.00168,0.62378,0.691,0.7315,0.778,0.91023,0.011642,0.01082,0.000262,0.0,0.004,0.009,0.016,0.039,0.24869,0.07079,0.001711,0.08378,0.208,0.2565,0.298,0.36745,0.011642,0.01082,0.000262,0.0,0.004,0.009,0.016,0.039,0.260332,0.06952,0.00168,0.08978,0.222,0.2685,0.309,0.37623,0.773796,0.10527,0.002354,0.628,0.698,0.7465,0.825,0.986,0.009974,0.01081,0.000242,0.0,0.002,0.007,0.014,0.037,0.216231,0.10283,0.002299,0.014,0.16,0.244,0.291,0.364,0.009974,0.01081,0.000242,0.0,0.002,0.007,0.014,0.037,0.226204,0.10527,0.002354,0.014,0.175,0.2535,0.302,0.372
34.0,0.739251,0.06939,0.001677,0.62378,0.691,0.731,0.778,0.91023,0.011334,0.01068,0.000258,0.0,0.004,0.008,0.015,0.039,0.249416,0.0707,0.001709,0.08378,0.209,0.257,0.299,0.36823,0.011334,0.01068,0.000258,0.0,0.004,0.008,0.015,0.039,0.260749,0.06939,0.001677,0.08978,0.222,0.269,0.309,0.37623,0.773438,0.10531,0.002355,0.628,0.698,0.746,0.824,0.986,0.009709,0.01065,0.000238,0.0,0.002,0.007,0.014,0.037,0.216853,0.10297,0.002302,0.014,0.161,0.244,0.292,0.364,0.009709,0.01065,0.000238,0.0,0.002,0.007,0.014,0.037,0.226562,0.10531,0.002355,0.014,0.176,0.254,0.302,0.372
34.25,0.738842,0.06926,0.001674,0.623,0.691,0.73,0.777,0.91023,0.011053,0.01053,0.000255,0.0,0.004,0.008,0.015,0.03823,0.250106,0.07054,0.001705,0.08478,0.21,0.258,0.3,0.36823,0.011053,0.01053,0.000255,0.0,0.004,0.008,0.015,0.03823,0.261158,0.06926,0.001674,0.08978,0.223,0.27,0.309,0.377,0.773088,0.10536,0.002356,0.628,0.698,0.746,0.824,0.986,0.009469,0.01048,0.000234,0.0,0.002,0.006,0.01325,0.038,0.217443,0.10307,0.002305,0.014,0.162,0.245,0.292,0.364,0.009469,0.01048,0.000234,0.0,0.002,0.006,0.01325,0.038,0.226912,0.10536,0.002356,0.014,0.176,0.254,0.302,0.372
34.5,0.738447,0.06912,0.00167,0.62278,0.69,0.73,0.777,0.91023,0.010791,0.01044,0.000252,0.0,0.003,0.008,0.015,0.038,0.250762,0.07043,0.001702,0.085,0.211,0.258,0.3,0.36823,0.010791,0.01044,0.000252,0.0,0.003,0.008,0.015,0.038,0.261553,0.06912,0.00167,0.08978,0.223,0.27,0.31,0.37723,0.77275,0.10538,0.002356,0.628,0.697,0.745,0.822,0.986,0.009244,0.01037,0.000232,0.0,0.002,0.006,0.013,0.037,0.218006,0.10318,0.002307,0.014,0.163,0.2455,0.293,0.365,0.009244,0.01037,0.000232,0.0,0.002,0.006,0.013,0.037,0.22725,0.10538,0.002356,0.014,0.178,0.255,0.303,0.372
34.75,0.738047,0.06897,0.001667,0.622,0.68975,0.729,0.776,0.91023,0.010505,0.01029,0.000249,0.0,0.003,0.008,0.014,0.038,0.251448,0.07027,0.001698,0.08578,0.212,0.259,0.30025,0.36923,0.010505,0.01029,0.000249,0.0,0.003,0.008,0.014,0.038,0.261953,0.06897,0.001667,0.08978,0.224,0.271,0.31025,0.378,0.772407,0.10541,0.002357,0.628,0.697,0.745,0.821,0.986,0.009,0.01021,0.000228,0.0,0.00175,0.006,0.013,0.036,0.218593,0.10327,0.002309,0.014,0.164,0.246,0.293,0.365,0.009,0.01021,0.000228,0.0,0.00175,0.006,0.013,0.036,0.227592,0.10541,0.002357,0.014,0.179,0.255,0.303,0.372
35.0,0.737653,0.06883,0.001663,0.622,0.68975,0.729,0.77525,0.90923,0.010258,0.01019,0.000246,0.0,0.003,0.007,0.014,0.037,0.252089,0.07014,0.001695,0.08578,0.21275,0.26,0.301,0.36923,0.010258,0.01019,0.000246,0.0,0.003,0.007,0.014,0.037,0.262347,0.06883,0.001663,0.09078,0.22475,0.271,0.31025,0.378,0.77207,0.10544,0.002358,0.628,0.697,0.7445,0.82,0.986,0.008788,0.01008,0.000225,0.0,0.001,0.006,0.013,0.037,0.219142,0.10337,0.002311,0.014,0.16675,0.247,0.294,0.365,0.008788,0.01008,0.000225,0.0,0.001,0.006,0.013,0.037,0.22793,0.10544,0.002358,0.014,0.18,0.2555,0.303,0.372
35.25,0.737274,0.06871,0.001661,0.622,0.689,0.729,0.775,0.90923,0.010004,0.01009,0.000244,0.0,0.003,0.007,0.014,0.037,0.252722,0.07,0.001692,0.08578,0.213,0.261,0.302,0.36945,0.010004,0.01009,0.000244,0.0,0.003,0.007,0.014,0.037,0.262726,0.06871,0.001661,0.09078,0.225,0.271,0.311,0.378,0.771746,0.10549,0.002359,0.628,0.696,0.744,0.81925,0.986,0.00857,0.00997,0.000223,0.0,0.001,0.005,0.012,0.036,0.219685,0.10346,0.002313,0.014,0.16775,0.247,0.295,0.365,0.00857,0.00997,0.000223,0.0,0.001,0.005,0.012,0.036,0.228254,0.10549,0.002359,0.014,0.18075,0.256,0.304,0.372
35.5,0.736926,0.0686,0.001658,0.622,0.689,0.729,0.77425,0.90923,0.009737,0.01003,0.000242,0.0,0.003,0.007,0.014,0.037,0.253337,0.0699,0.001689,0.087,0.214,0.261,0.303,0.37023,0.009737,0.01003,0.000242,0.0,0.003,0.007,0.014,0.037,0.263074,0.0686,0.001658,0.09078,0.22575,0.271,0.311,0.378,0.771448,0.10552,0.00236,0.628,0.69575,0.744,0.819,0.986,0.008341,0.00989,0.000221,0.0,0.001,0.005,0.012,0.036,0.220212,0.10357,0.002316,0.014,0.168,0.248,0.296,0.365,0.008341,0.00989,0.000221,0.0,0.001,0.005,0.012,0.036,0.228552,0.10552,0.00236,0.014,0.181,0.256,0.30425,0.372
35.75,0.73659,0.06848,0.001655,0.622,0.689,0.728,0.774,0.90923,0.009468,0.00992,0.00024,0.0,0.003,0.006,0.013,0.03623,0.253942,0.0698,0.001687,0.087,0.215,0.262,0.303,0.371,0.009468,0.00992,0.00024,0.0,0.003,0.006,0.013,0.03623,0.26341,0.06848,0.001655,0.09078,0.226,0.272,0.311,0.378,0.77116,0.10555,0.00236,0.62797,0.695,0.743,0.819,0.986,0.008111,0.00976,0.000218,0.0,0.001,0.005,0.012,0.035,0.22073,0.10368,0.002318,0.014,0.16975,0.248,0.296,0.366,0.008111,0.00976,0.000218,0.0,0.001,0.005,0.012,0.035,0.22884,0.10555,0.00236,0.014,0.181,0.257,0.305,0.37203
36.0,0.736248,0.06839,0.001653,0.622,0.68875,0.728,0.773,0.909,0.009261,0.00983,0.000237,0.0,0.002,0.006,0.013,0.036,0.254491,0.06968,0.001684,0.087,0.215,0.262,0.303,0.37123,0.009261,0.00983,0.000237,0.0,0.002,0.006,0.013,0.036,0.263752,0.06839,0.001653,0.091,0.227,0.272,0.31125,0.378,0.770866,0.10559,0.002361,0.62797,0.695,0.743,0.818,0.986,0.007934,0.00965,0.000216,0.0,0.001,0.005,0.011,0.034,0.2212,0.10376,0.00232,0.014,0.17,0.249,0.296,0.366,0.007934,0.00965,0.000216,0.0,0.001,0.005,0.011,0.034,0.229134,0.10559,0.002361,0.014,0.182,0.257,0.305,0.37203
36.25,0.735925,0.0683,0.001651,0.622,0.688,0.728,0.773,0.90823,0.009035,0.00972,0.000235,0.0,0.002,0.006,0.012,0.035,0.25504,0.06959,0.001682,0.088,0.216,0.262,0.304,0.373,0.009035,0.00972,0.000235,0.0,0.002,0.006,0.012,0.035,0.264075,0.0683,0.001651,0.09178,0.227,0.272,0.312,0.378,0.770588,0.10563,0.002362,0.627,0.695,0.743,0.81725,0.986,0.007742,0.00953,0.000213,0.0,0.001,0.005,0.011,0.03403,0.22167,0.10386,0.002322,0.014,0.17,0.249,0.29625,0.36703,0.007742,0.00953,0.000213,0.0,0.001,0.005,0.011,0.03403,0.229412,0.10563,0.002362,0.014,0.18275,0.257,0.305,0.373
36.5,0.735617,0.06819,0.001648,0.622,0.68775,0.728,0.773,0.90823,0.008825,0.00967,0.000234,0.0,0.002,0.006,0.012,0.035,0.255558,0.06949,0.001679,0.088,0.21675,0.263,0.305,0.374,0.008825,0.00967,0.000234,0.0,0.002,0.006,0.012,0.035,0.264383,0.06819,0.001648,0.09178,0.227,0.272,0.31225,0.378,0.770324,0.10566,0.002363,0.627,0.69475,0.742,0.817,0.986,0.007562,0.00946,0.000212,0.0,0.001,0.004,0.011,0.034,0.222114,0.10394,0.002324,0.014,0.171,0.25,0.297,0.36703,0.007562,0.00946,0.000212,0.0,0.001,0.004,0.011,0.034,0.229676,0.10566,0.002363,0.014,0.183,0.258,0.30525,0.373
36.75,0.735284,0.06806,0.001645,0.621,0.687,0.728,0.772,0.90823,0.008592,0.00958,0.000232,0.0,0.002,0.006,0.012,0.033,0.256124,0.06939,0.001677,0.08878,0.217,0.2635,0.305,0.37423,0.008592,0.00958,0.000232,0.0,0.002,0.006,0.012,0.033,0.264716,0.06806,0.001645,0.09178,0.228,0.272,0.313,0.379,0.770039,0.10568,0.002363,0.627,0.694,0.742,0.81625,0.986,0.007362,0.00936,0.000209,0.0,0.001,0.004,0.01,0.032,0.222599,0.10404,0.002326,0.014,0.171,0.251,0.298,0.36703,0.007362,0.00936,0.000209,0.0,0.001,0.004,0.01,0.032,0.229962,0.10568,0.002363,0.014,0.18375,0.258,0.306,0.373
37.0,0.734953,0.06793,0.001642,0.621,0.687,0.728,0.77125,0.90823,0.008395,0.00953,0.00023,0.0,0.002,0.005,0.011,0.033,0.256652,0.06927,0.001674,0.08878,0.218,0.264,0.305,0.37423,0.008395,0.00953,0.00023,0.0,0.002,0.005,0.011,0.033,0.265047,0.06793,0.001642,0.09178,0.22875,0.272,0.313,0.379,0.769755,0.1057,0.002364,0.62698,0.694,0.742,0.816,0.986,0.007193,0.00929,0.000208,0.0,0.001,0.004,0.01,0.032,0.223052,0.10411,0.002328,0.014,0.172,0.251,0.298,0.36705,0.007193,0.00929,0.000208,0.0,0.001,0.004,0.01,0.032,0.230245,0.1057,0.002364,0.014,0.184,0.258,0.306,0.37303
37.25,0.734667,0.06781,0.001639,0.621,0.687,0.7275,0.771,0.90823,0.008178,0.00941,0.000227,0.0,0.002,0.005,0.011,0.034,0.257155,0.06911,0.00167,0.089,0.21875,0.264,0.306,0.37423,0.008178,0.00941,0.000227,0.0,0.002,0.005,0.011,0.034,0.265333,0.06781,0.001639,0.09178,0.229,0.2725,0.313,0.379,0.769511,0.10571,0.002364,0.62698,0.694,0.741,0.816,0.986,0.007007,0.00916,0.000205,0.0,0.001,0.004,0.01,0.031,0.223483,0.10416,0.002329,0.014,0.173,0.251,0.29825,0.36803,0.007007,0.00916,0.000205,0.0,0.001,0.004,0.01,0.031,0.23049,0.10571,0.002364,0.014,0.184,0.259,0.306,0.37303
37.5,0.734379,0.0677,0.001636,0.621,0.687,0.727,0.771,0.908,0.007983,0.00934,0.000226,0.0,0.002,0.005,0.011,0.032,0.257638,0.06902,0.001668,0.089,0.219,0.265,0.306,0.37423,0.007983,0.00934,0.000226,0.0,0.002,0.005,0.011,0.032,0.265621,0.0677,0.001636,0.092,0.229,0.273,0.313,0.379,0.769264,0.10573,0.002364,0.62698,0.694,0.741,0.81525,0.986,0.00684,0.00908,0.000203,0.0,0.001,0.004,0.009,0.031,0.223896,0.10425,0.002331,0.014,0.173,0.251,0.299,0.369,0.00684,0.00908,0.000203,0.0,0.001,0.004,0.009,0.031,0.230737,0.10573,0.002364,0.014,0.18475,0.259,0.306,0.37303
37.75,0.734108,0.06756,0.001633,0.621,0.687,0.727,0.77,0.90645,0.007745,0.00921,0.000223,0.0,0.002,0.005,0.01025,0.031,0.258147,0.06891,0.001665,0.08978,0.22,0.265,0.307,0.37423,0.007745,0.00921,0.000223,0.0,0.002,0.005,0.01025,0.031,0.265892,0.06756,0.001633,0.09355,0.23,0.273,0.313,0.379,0.769032,0.10573,0.002364,0.62698,0.694,0.741,0.815,0.986,0.006636,0.00894,0.0002,0.0,0.001,0.003,0.009,0.03003,0.224332,0.10432,0.002333,0.014,0.174,0.252,0.299,0.37,0.006636,0.00894,0.0002,0.0,0.001,0.003,0.009,0.03003,0.230968,0.10573,0.002364,0.014,0.185,0.259,0.306,0.37303
38.0,0.733836,0.06745,0.00163,0.621,0.687,0.727,0.769,0.90523,0.007512,0.00907,0.000219,0.0,0.002,0.004,0.01,0.031,0.258652,0.06878,0.001662,0.09055,0.22075,0.266,0.307,0.37423,0.007512,0.00907,0.000219,0.0,0.002,0.004,0.01,0.031,0.266164,0.06745,0.00163,0.09478,0.231,0.273,0.313,0.379,0.768798,0.10575,0.002365,0.62698,0.694,0.74,0.814,0.986,0.006436,0.00879,0.000197,0.0,0.0,0.003,0.009,0.03,0.224765,0.10439,0.002334,0.014,0.174,0.252,0.3,0.37,0.006436,0.00879,0.000197,0.0,0.0,0.003,0.009,0.03,0.231202,0.10575,0.002365,0.014,0.186,0.26,0.306,0.37303
38.25,0.733572,0.06733,0.001627,0.621,0.686,0.727,0.769,0.90523,0.007307,0.00898,0.000217,0.0,0.002,0.004,0.01,0.031,0.25912,0.06867,0.00166,0.09055,0.221,0.266,0.307,0.37445,0.007307,0.00898,0.000217,0.0,0.002,0.004,0.01,0.031,0.266428,0.06733,0.001627,0.09478,0.231,0.273,0.314,0.379,0.768573,0.10576,0.002365,0.62698,0.693,0.74,0.814,0.986,0.006261,0.00869,0.000194,0.0,0.0,0.003,0.008,0.029,0.225166,0.10446,0.002336,0.014,0.17575,0.252,0.3,0.37,0.006261,0.00869,0.000194,0.0,0.0,0.003,0.008,0.029,0.231427,0.10576,0.002365,0.014,0.186,0.26,0.307,0.37303
38.5,0.733307,0.06723,0.001625,0.62078,0.686,0.727,0.76825,0.90523,0.007128,0.00888,0.000215,0.0,0.001,0.004,0.009,0.031,0.259565,0.06857,0.001657,0.09055,0.22175,0.267,0.30725,0.37445,0.007128,0.00888,0.000215,0.0,0.001,0.004,0.009,0.031,0.266693,0.06723,0.001625,0.09478,0.23175,0.273,0.314,0.37923,0.768346,0.10578,0.002365,0.62698,0.693,0.74,0.813,0.986,0.006107,0.00859,0.000192,0.0,0.0,0.003,0.008,0.03,0.225548,0.10452,0.002337,0.014,0.176,0.253,0.30025,0.37003,0.006107,0.00859,0.000192,0.0,0.0,0.003,0.008,0.03,0.231654,0.10578,0.002365,0.014,0.187,0.26,0.307,0.37303
38.75,0.733041,0.06711,0.001622,0.62078,0.686,0.726,0.76825,0.90523,0.006974,0.00887,0.000214,0.0,0.001,0.004,0.009,0.031,0.259985,0.06847,0.001655,0.09055,0.222,0.267,0.308,0.37468,0.006974,0.00887,0.000214,0.0,0.001,0.004,0.009,0.031,0.266959,0.06711,0.001622,0.09478,0.23175,0.274,0.314,0.37923,0.768118,0.10579,0.002365,0.62698,0.693,0.74,0.813,0.986,0.005975,0.00856,0.000191,0.0,0.0,0.003,0.008,0.03,0.225908,0.10458,0.002339,0.014,0.177,0.253,0.301,0.37103,0.005975,0.00856,0.000191,0.0,0.0,0.003,0.008,0.03,0.231882,0.10579,0.002365,0.014,0.187,0.26,0.307,0.37303
39.0,0.732797,0.06699,0.001619,0.62078,0.686,0.726,0.768,0.90523,0.006798,0.00876,0.000212,0.0,0.001,0.004,0.009,0.031,0.260405,0.06835,0.001652,0.09055,0.222,0.267,0.308,0.37545,0.006798,0.00876,0.000212,0.0,0.001,0.004,0.009,0.031,0.267203,0.06699,0.001619,0.09478,0.232,0.274,0.314,0.37923,0.767908,0.10579,0.002366,0.62698,0.693,0.74,0.81125,0.986,0.005824,0.00845,0.000189,0.0,0.0,0.003,0.008,0.03,0.226268,0.10463,0.00234,0.014,0.178,0.254,0.302,0.372,0.005824,0.00845,0.000189,0.0,0.0,0.003,0.008,0.03,0.232091,0.10579,0.002366,0.014,0.18875,0.26,0.307,0.37303
39.25,0.732567,0.06688,0.001616,0.62078,0.686,0.726,0.768,0.905,0.006602,0.00867,0.00021,0.0,0.001,0.004,0.009,0.03123,0.260832,0.06823,0.001649,0.091,0.22275,0.268,0.30825,0.37545,0.006602,0.00867,0.00021,0.0,0.001,0.004,0.009,0.03123,0.267433,0.06688,0.001616,0.095,0.232,0.274,0.314,0.37923,0.767711,0.1058,0.002366,0.62698,0.693,0.74,0.811,0.986,0.005656,0.00835,0.000187,0.0,0.0,0.003,0.00725,0.02903,0.226634,0.10469,0.002341,0.014,0.178,0.254,0.302,0.372,0.005656,0.00835,0.000187,0.0,0.0,0.003,0.00725,0.02903,0.232289,0.1058,0.002366,0.014,0.189,0.26,0.307,0.37303
39.5,0.732321,0.06678,0.001614,0.62078,0.686,0.726,0.768,0.90268,0.006428,0.00859,0.000208,0.0,0.001,0.003,0.008,0.031,0.261251,0.06811,0.001646,0.09178,0.223,0.268,0.309,0.37623,0.006428,0.00859,0.000208,0.0,0.001,0.003,0.008,0.031,0.267679,0.06678,0.001614,0.09733,0.232,0.274,0.314,0.37923,0.767501,0.10581,0.002366,0.62698,0.69275,0.74,0.81,0.986,0.005507,0.00826,0.000185,0.0,0.0,0.003,0.007,0.03,0.226992,0.10473,0.002342,0.014,0.179,0.255,0.302,0.372,0.005507,0.00826,0.000185,0.0,0.0,0.003,0.007,0.03,0.232499,0.10581,0.002366,0.014,0.19,0.26,0.30725,0.37303
39.75,0.732104,0.06668,0.001612,0.62078,0.686,0.726,0.768,0.90268,0.006234,0.00843,0.000204,0.0,0.001,0.003,0.008,0.032,0.261662,0.06798,0.001643,0.09178,0.22375,0.269,0.309,0.37645,0.006234,0.00843,0.000204,0.0,0.001,0.003,0.008,0.032,0.267896,0.06668,0.001612,0.09733,0.232,0.274,0.314,0.37923,0.767315,0.10582,0.002366,0.62698,0.692,0.7395,0.81,0.986,0.00534,0.0081,0.000181,0.0,0.0,0.002,0.007,0.02903,0.227346,0.10478,0.002343,0.014,0.18075,0.255,0.303,0.372,0.00534,0.0081,0.000181,0.0,0.0,0.002,0.007,0.02903,0.232685,0.10582,0.002366,0.014,0.19,0.2605,0.308,0.37303
40.0,0.731881,0.06659,0.001609,0.62078,0.68575,0.726,0.767,0.902,0.006065,0.00836,0.000202,0.0,0.001,0.003,0.008,0.031,0.262054,0.06786,0.00164,0.09178,0.225,0.2695,0.309,0.37723,0.006065,0.00836,0.000202,0.0,0.001,0.003,0.008,0.031,0.268119,0.06659,0.001609,0.098,0.233,0.274,0.31425,0.37923,0.767124,0.10584,0.002367,0.62698,0.692,0.739,0.81,0.986,0.005195,0.00802,0.000179,0.0,0.0,0.002,0.007,0.03,0.227681,0.10482,0.002344,0.014,0.181,0.2555,0.303,0.37203,0.005195,0.00802,0.000179,0.0,0.0,0.002,0.007,0.03,0.232875,0.10584,0.002367,0.014,0.19,0.261,0.308,0.37303
40.25,0.73167,0.06647,0.001607,0.62055,0.685,0.726,0.767,0.90023,0.005904,0.00827,0.0002,0.0,0.001,0.003,0.008,0.03,0.262426,0.06775,0.001637,0.092,0.225,0.27,0.309,0.378,0.005904,0.00827,0.0002,0.0,0.001,0.003,0.008,0.03,0.26833,0.06647,0.001607,0.09978,0.233,0.274,0.315,0.37945,0.766944,0.10583,0.002367,0.626,0.692,0.739,0.809,0.986,0.005057,0.00792,0.000177,0.0,0.0,0.002,0.007,0.02803,0.228,0.10486,0.002345,0.014,0.181,0.256,0.303,0.373,0.005057,0.00792,0.000177,0.0,0.0,0.002,0.007,0.02803,0.233056,0.10583,0.002367,0.014,0.191,0.261,0.308,0.374
40.5,0.731466,0.06638,0.001604,0.62055,0.685,0.7255,0.766,0.90023,0.005756,0.00818,0.000198,0.0,0.001,0.003,0.007,0.03,0.262779,0.06763,0.001634,0.09355,0.226,0.27,0.31,0.378,0.005756,0.00818,0.000198,0.0,0.001,0.003,0.007,0.03,0.268534,0.06638,0.001604,0.09978,0.234,0.2745,0.315,0.37945,0.766768,0.10585,0.002367,0.626,0.692,0.739,0.809,0.986,0.00493,0.00783,0.000175,0.0,0.0,0.002,0.006,0.028,0.228302,0.10489,0.002346,0.014,0.182,0.256,0.30325,0.373,0.00493,0.00783,0.000175,0.0,0.0,0.002,0.006,0.028,0.233231,0.10585,0.002367,0.014,0.191,0.261,0.308,0.374
40.75,0.731287,0.0663,0.001602,0.62055,0.685,0.7255,0.766,0.90023,0.005597,0.00807,0.000195,0.0,0.001,0.003,0.007,0.03,0.263116,0.06752,0.001632,0.09355,0.226,0.27,0.31,0.378,0.005597,0.00807,0.000195,0.0,0.001,0.003,0.007,0.03,0.268713,0.0663,0.001602,0.09978,0.234,0.2745,0.315,0.37945,0.766615,0.10585,0.002367,0.626,0.692,0.739,0.809,0.986,0.004794,0.00772,0.000173,0.0,0.0,0.002,0.006,0.028,0.228591,0.10493,0.002346,0.014,0.182,0.256,0.304,0.373,0.004794,0.00772,0.000173,0.0,0.0,0.002,0.006,0.028,0.233385,0.10585,0.002367,0.014,0.191,0.261,0.308,0.374
41.0,0.731093,0.06621,0.0016,0.62055,0.685,0.725,0.766,0.90023,0.005477,0.008,0.000193,0.0,0.001,0.002,0.007,0.03,0.26343,0.06742,0.001629,0.09355,0.227,0.27,0.311,0.378,0.005477,0.008,0.000193,0.0,0.001,0.002,0.007,0.03,0.268907,0.06621,0.0016,0.09978,0.234,0.275,0.315,0.37945,0.766448,0.10586,0.002367,0.626,0.69175,0.738,0.808,0.986,0.004692,0.00764,0.000171,0.0,0.0,0.002,0.006,0.02703,0.22886,0.10496,0.002347,0.014,0.182,0.257,0.304,0.373,0.004692,0.00764,0.000171,0.0,0.0,0.002,0.006,0.02703,0.233551,0.10586,0.002367,0.014,0.192,0.262,0.30825,0.374
41.25,0.730904,0.06613,0.001598,0.62055,0.685,0.725,0.76525,0.9,0.005327,0.00792,0.000192,0.0,0.001,0.002,0.007,0.028,0.263769,0.06733,0.001627,0.094,0.227,0.271,0.311,0.378,0.005327,0.00792,0.000192,0.0,0.001,0.002,0.007,0.028,0.269096,0.06613,0.001598,0.1,0.23475,0.275,0.315,0.37945,0.766286,0.10587,0.002367,0.626,0.691,0.738,0.807,0.986,0.004563,0.00757,0.000169,0.0,0.0,0.002,0.006,0.02703,0.229151,0.10501,0.002348,0.014,0.18375,0.257,0.304,0.373,0.004563,0.00757,0.000169,0.0,0.0,0.002,0.006,0.02703,0.233714,0.10587,0.002367,0.014,0.193,0.262,0.309,0.374
41.5,0.73073,0.06604,0.001596,0.62055,0.685,0.725,0.765,0.9,0.005145,0.00774,0.000187,0.0,0.0,0.002,0.007,0.02723,0.264124,0.0672,0.001624,0.09478,0.227,0.271,0.31125,0.378,0.005145,0.00774,0.000187,0.0,0.0,0.002,0.007,0.02723,0.26927,0.06604,0.001596,0.1,0.235,0.275,0.315,0.37945,0.766137,0.10587,0.002367,0.626,0.691,0.738,0.807,0.986,0.004407,0.00739,0.000165,0.0,0.0,0.002,0.005,0.026,0.229456,0.10504,0.002349,0.014,0.184,0.257,0.305,0.373,0.004407,0.00739,0.000165,0.0,0.0,0.002,0.005,0.026,0.233862,0.10587,0.002367,0.014,0.193,0.262,0.309,0.374
41.75,0.730536,0.06595,0.001594,0.62055,0.685,0.725,0.765,0.89923,0.00503,0.00767,0.000185,0.0,0.0,0.002,0.006,0.02723,0.264434,0.06711,0.001622,0.09478,0.227,0.271,0.312,0.37823,0.00503,0.00767,0.000185,0.0,0.0,0.002,0.006,0.02723,0.269464,0.06595,0.001594,0.10078,0.235,0.275,0.315,0.37945,0.765971,0.10588,0.002367,0.626,0.691,0.738,0.807,0.986,0.004309,0.00731,0.000164,0.0,0.0,0.002,0.005,0.026,0.229721,0.10507,0.00235,0.014,0.184,0.2575,0.305,0.373,0.004309,0.00731,0.000164,0.0,0.0,0.002,0.005,0.026,0.234029,0.10588,0.002367,0.014,0.193,0.262,0.309,0.374
42.0,0.730376,0.06588,0.001592,0.62055,0.68475,0.725,0.765,0.89768,0.004883,0.00757,0.000183,0.0,0.0,0.002,0.006,0.02723,0.264741,0.06701,0.00162,0.09478,0.228,0.271,0.312,0.379,0.004883,0.00757,0.000183,0.0,0.0,0.002,0.006,0.02723,0.269624,0.06588,0.001592,0.10233,0.235,0.275,0.31525,0.37945,0.765834,0.10589,0.002368,0.626,0.691,0.738,0.806,0.986,0.004182,0.00721,0.000161,0.0,0.0,0.001,0.005,0.025,0.229983,0.10511,0.00235,0.014,0.185,0.258,0.305,0.373,0.004182,0.00721,0.000161,0.0,0.0,0.001,0.005,0.025,0.234166,0.10589,0.002368,0.014,0.194,0.262,0.309,0.374
42.25,0.730189,0.0658,0.00159,0.62055,0.68475,0.725,0.765,0.8969,0.004785,0.00752,0.000182,0.0,0.0,0.002,0.006,0.028,0.265026,0.06689,0.001617,0.09478,0.228,0.272,0.31225,0.379,0.004785,0.00752,0.000182,0.0,0.0,0.002,0.006,0.028,0.269811,0.0658,0.00159,0.1031,0.235,0.275,0.31525,0.37945,0.765674,0.1059,0.002368,0.626,0.691,0.737,0.80525,0.986,0.004099,0.00715,0.00016,0.0,0.0,0.001,0.005,0.025,0.230227,0.10512,0.002351,0.014,0.186,0.258,0.305,0.373,0.004099,0.00715,0.00016,0.0,0.0,0.001,0.005,0.025,0.234325,0.1059,0.002368,0.014,0.19475,0.263,0.309,0.374
42.5,0.730028,0.06574,0.001589,0.62055,0.684,0.725,0.765,0.8969,0.00466,0.00743,0.00018,0.0,0.0,0.002,0.006,0.026,0.265312,0.06682,0.001615,0.09478,0.228,0.272,0.313,0.379,0.00466,0.00743,0.00018,0.0,0.0,0.002,0.006,0.026,0.269972,0.06574,0.001589,0.1031,0.235,0.275,0.316,0.37945,0.765537,0.10591,0.002368,0.62597,0.691,0.737,0.805,0.986,0.003991,0.00707,0.000158,0.0,0.0,0.001,0.005,0.02503,0.230473,0.10516,0.002351,0.014,0.18675,0.258,0.305,0.373,0.003991,0.00707,0.000158,0.0,0.0,0.001,0.005,0.02503,0.234464,0.10591,0.002368,0.014,0.195,0.263,0.309,0.37403
42.75,0.729885,0.06567,0.001587,0.62055,0.684,0.725,0.765,0.8969,0.004508,0.00731,0.000177,0.0,0.0,0.002,0.006,0.026,0.265607,0.06672,0.001613,0.095,0.229,0.272,0.313,0.379,0.004508,0.00731,0.000177,0.0,0.0,0.002,0.006,0.026,0.270115,0.06567,0.001587,0.1031,0.235,0.275,0.316,0.37945,0.765414,0.10592,0.002368,0.62597,0.691,0.737,0.805,0.986,0.00386,0.00694,0.000155,0.0,0.0,0.001,0.005,0.024,0.230727,0.10519,0.002352,0.014,0.187,0.258,0.306,0.373,0.00386,0.00694,0.000155,0.0,0.0,0.001,0.005,0.024,0.234586,0.10592,0.002368,0.014,0.195,0.263,0.309,0.37403
43.0,0.729735,0.0656,0.001586,0.62055,0.684,0.7245,0.765,0.8969,0.004378,0.00718,0.000174,0.0,0.0,0.002,0.005,0.02523,0.265887,0.06661,0.00161,0.09678,0.229,0.272,0.313,0.379,0.004378,0.00718,0.000174,0.0,0.0,0.002,0.005,0.02523,0.270265,0.0656,0.001586,0.1031,0.235,0.2755,0.316,0.37945,0.765286,0.10592,0.002369,0.62597,0.691,0.737,0.804,0.986,0.003749,0.00682,0.000153,0.0,0.0,0.001,0.004,0.024,0.230966,0.10521,0.002353,0.014,0.187,0.259,0.306,0.373,0.003749,0.00682,0.000153,0.0,0.0,0.001,0.004,0.024,0.234714,0.10592,0.002369,0.014,0.196,0.263,0.309,0.37403
43.25,0.729603,0.06556,0.001584,0.62055,0.684,0.724,0.764,0.8969,0.004246,0.00702,0.00017,0.0,0.0,0.002,0.005,0.025,0.266151,0.06653,0.001608,0.09678,0.22975,0.2725,0.313,0.379,0.004246,0.00702,0.00017,0.0,0.0,0.002,0.005,0.025,0.270397,0.06556,0.001584,0.1031,0.236,0.276,0.316,0.37945,0.765173,0.10594,0.002369,0.62597,0.691,0.737,0.80325,0.986,0.003636,0.00666,0.000149,0.0,0.0,0.001,0.004,0.02303,0.231191,0.10524,0.002353,0.014,0.188,0.259,0.306,0.373,0.003636,0.00666,0.000149,0.0,0.0,0.001,0.004,0.02303,0.234827,0.10594,0.002369,0.014,0.19675,0.263,0.309,0.37403
43.5,0.729466,0.06549,0.001583,0.62055,0.684,0.724,0.764,0.8969,0.004116,0.0069,0.000167,0.0,0.0,0.002,0.005,0.025,0.266418,0.06644,0.001606,0.09855,0.23,0.273,0.313,0.379,0.004116,0.0069,0.000167,0.0,0.0,0.002,0.005,0.025,0.270534,0.06549,0.001583,0.1031,0.236,0.276,0.316,0.37945,0.765056,0.10594,0.002369,0.625,0.691,0.737,0.803,0.986,0.003525,0.00655,0.000146,0.0,0.0,0.001,0.004,0.024,0.23142,0.10527,0.002354,0.014,0.18875,0.259,0.306,0.373,0.003525,0.00655,0.000146,0.0,0.0,0.001,0.004,0.024,0.234944,0.10594,0.002369,0.014,0.197,0.263,0.309,0.375
43.75,0.729325,0.06544,0.001581,0.62055,0.684,0.724,0.764,0.8969,0.004015,0.00683,0.000165,0.0,0.0,0.002,0.005,0.02423,0.266659,0.06635,0.001604,0.09855,0.231,0.273,0.313,0.379,0.004015,0.00683,0.000165,0.0,0.0,0.002,0.005,0.02423,0.270675,0.06544,0.001581,0.1031,0.236,0.276,0.316,0.37945,0.764935,0.10595,0.002369,0.625,0.69,0.736,0.803,0.986,0.003438,0.00647,0.000145,0.0,0.0,0.001,0.004,0.023,0.231627,0.10529,0.002354,0.014,0.189,0.259,0.306,0.373,0.003438,0.00647,0.000145,0.0,0.0,0.001,0.004,0.023,0.235065,0.10595,0.002369,0.014,0.197,0.264,0.31,0.375
44.0,0.729201,0.06539,0.00158,0.62055,0.684,0.724,0.764,0.8969,0.003907,0.00669,0.000162,0.0,0.0,0.001,0.005,0.023,0.266892,0.06628,0.001602,0.099,0.23175,0.273,0.314,0.379,0.003907,0.00669,0.000162,0.0,0.0,0.001,0.005,0.023,0.270799,0.06539,0.00158,0.1031,0.236,0.276,0.316,0.37945,0.764828,0.10596,0.002369,0.625,0.69,0.736,0.803,0.986,0.003346,0.00634,0.000142,0.0,0.0,0.001,0.004,0.022,0.231826,0.10532,0.002355,0.014,0.19,0.2595,0.306,0.373,0.003346,0.00634,0.000142,0.0,0.0,0.001,0.004,0.022,0.235171,0.10596,0.002369,0.014,0.197,0.264,0.31,0.375
44.25,0.729082,0.06535,0.001579,0.62055,0.684,0.724,0.764,0.8969,0.003803,0.00659,0.000159,0.0,0.0,0.001,0.004,0.023,0.267114,0.06621,0.0016,0.09978,0.232,0.273,0.314,0.379,0.003803,0.00659,0.000159,0.0,0.0,0.001,0.004,0.023,0.270918,0.06535,0.001579,0.1031,0.236,0.276,0.316,0.37945,0.764727,0.10598,0.00237,0.62497,0.69,0.736,0.802,0.986,0.003257,0.00624,0.00014,0.0,0.0,0.001,0.004,0.021,0.232016,0.10535,0.002356,0.014,0.19,0.26,0.30625,0.373,0.003257,0.00624,0.00014,0.0,0.0,0.001,0.004,0.021,0.235273,0.10598,0.00237,0.014,0.198,0.264,0.31,0.37503
44.5,0.728959,0.06532,0.001579,0.62055,0.68375,0.724,0.764,0.8969,0.003696,0.00647,0.000156,0.0,0.0,0.001,0.004,0.02223,0.267345,0.06613,0.001598,0.09978,0.232,0.273,0.314,0.379,0.003696,0.00647,0.000156,0.0,0.0,0.001,0.004,0.02223,0.271041,0.06532,0.001579,0.1031,0.236,0.276,0.31625,0.37945,0.764622,0.106,0.00237,0.62497,0.69,0.736,0.802,0.986,0.003165,0.00613,0.000137,0.0,0.0,0.001,0.003,0.02,0.232214,0.10537,0.002356,0.014,0.19,0.26,0.307,0.373,0.003165,0.00613,0.000137,0.0,0.0,0.001,0.003,0.02,0.235378,0.106,0.00237,0.014,0.198,0.264,0.31,0.37503
44.75,0.728836,0.06526,0.001577,0.62055,0.683,0.7235,0.764,0.8969,0.003613,0.00643,0.000155,0.0,0.0,0.001,0.004,0.022,0.267551,0.06608,0.001597,0.09978,0.232,0.273,0.314,0.379,0.003613,0.00643,0.000155,0.0,0.0,0.001,0.004,0.022,0.271164,0.06526,0.001577,0.1031,0.236,0.2765,0.317,0.37945,0.764516,0.106,0.00237,0.62495,0.69,0.736,0.801,0.986,0.003094,0.00608,0.000136,0.0,0.0,0.001,0.003,0.02003,0.23239,0.1054,0.002357,0.014,0.19,0.26,0.307,0.373,0.003094,0.00608,0.000136,0.0,0.0,0.001,0.003,0.02003,0.235483,0.106,0.00237,0.014,0.199,0.264,0.31,0.37505
45.0,0.728729,0.06523,0.001576,0.62055,0.683,0.723,0.764,0.8969,0.003505,0.00635,0.000154,0.0,0.0,0.001,0.004,0.022,0.267766,0.06603,0.001596,0.09978,0.232,0.273,0.314,0.379,0.003505,0.00635,0.000154,0.0,0.0,0.001,0.004,0.022,0.271271,0.06523,0.001576,0.1031,0.236,0.277,0.317,0.37945,0.764424,0.10601,0.002371,0.62492,0.69,0.736,0.801,0.986,0.003001,0.006,0.000134,0.0,0.0,0.001,0.003,0.02003,0.232574,0.10543,0.002358,0.014,0.191,0.26,0.307,0.373,0.003001,0.006,0.000134,0.0,0.0,0.001,0.003,0.02003,0.235575,0.10601,0.002371,0.014,0.199,0.264,0.31,0.37508
45.25,0.728607,0.06519,0.001575,0.62055,0.683,0.723,0.764,0.89613,0.003411,0.0063,0.000152,0.0,0.0,0.001,0.004,0.021,0.267981,0.06596,0.001594,0.09978,0.233,0.2735,0.314,0.379,0.003411,0.0063,0.000152,0.0,0.0,0.001,0.004,0.021,0.271393,0.06519,0.001575,0.10388,0.236,0.277,0.317,0.37945,0.764321,0.10603,0.002371,0.62492,0.69,0.736,0.80025,0.986,0.002921,0.00595,0.000133,0.0,0.0,0.001,0.003,0.02,0.232758,0.10546,0.002358,0.014,0.191,0.26,0.307,0.373,0.002921,0.00595,0.000133,0.0,0.0,0.001,0.003,0.02,0.235679,0.10603,0.002371,0.014,0.19975,0.264,0.31,0.37508
45.5,0.728492,0.06515,0.001575,0.62055,0.683,0.723,0.763,0.8959,0.003321,0.00612,0.000148,0.0,0.0,0.001,0.004,0.021,0.268187,0.06588,0.001592,0.1,0.233,0.274,0.314,0.379,0.003321,0.00612,0.000148,0.0,0.0,0.001,0.004,0.021,0.271508,0.06515,0.001575,0.1041,0.237,0.277,0.317,0.37945,0.764222,0.10604,0.002371,0.62492,0.69,0.7355,0.80025,0.986,0.002844,0.00578,0.000129,0.0,0.0,0.001,0.003,0.019,0.232935,0.10548,0.002359,0.014,0.191,0.26,0.307,0.373,0.002844,0.00578,0.000129,0.0,0.0,0.001,0.003,0.019,0.235778,0.10604,0.002371,0.014,0.19975,0.2645,0.31,0.37508
45.75,0.728389,0.06511,0.001574,0.62055,0.683,0.723,0.763,0.8959,0.003235,0.00608,0.000147,0.0,0.0,0.001,0.004,0.019,0.268376,0.06583,0.001591,0.10078,0.233,0.274,0.314,0.379,0.003235,0.00608,0.000147,0.0,0.0,0.001,0.004,0.019,0.271611,0.06511,0.001574,0.1041,0.237,0.277,0.317,0.37945,0.764133,0.10605,0.002371,0.62492,0.69,0.735,0.8,0.986,0.002771,0.00574,0.000128,0.0,0.0,0.001,0.003,0.019,0.233096,0.1055,0.002359,0.014,0.191,0.2605,0.307,0.373,0.002771,0.00574,0.000128,0.0,0.0,0.001,0.003,0.019,0.235866,0.10605,0.002371,0.014,0.2,0.265,0.31,0.37508
46.0,0.728283,0.06509,0.001573,0.62055,0.683,0.723,0.763,0.89513,0.003138,0.00598,0.000145,0.0,0.0,0.001,0.004,0.019,0.268579,0.06577,0.001589,0.10078,0.234,0.274,0.314,0.379,0.003138,0.00598,0.000145,0.0,0.0,0.001,0.004,0.019,0.271717,0.06509,0.001573,0.10488,0.237,0.277,0.317,0.37945,0.764043,0.10607,0.002372,0.62492,0.69,0.735,0.8,0.986,0.002687,0.00564,0.000126,0.0,0.0,0.0,0.003,0.018,0.23327,0.10553,0.00236,0.014,0.192,0.261,0.308,0.373,0.002687,0.00564,0.000126,0.0,0.0,0.0,0.003,0.018,0.235957,0.10607,0.002372,0.014,0.2,0.265,0.31,0.37508
46.25,0.728184,0.06506,0.001572,0.62055,0.683,0.723,0.763,0.8949,0.003053,0.0059,0.000142,0.0,0.0,0.001,0.003,0.01823,0.268763,0.0657,0.001588,0.10155,0.234,0.274,0.314,0.379,0.003053,0.0059,0.000142,0.0,0.0,0.001,0.003,0.01823,0.271816,0.06506,0.001572,0.1051,0.237,0.277,0.317,0.37945,0.763958,0.10608,0.002372,0.62395,0.69,0.735,0.8,0.986,0.002614,0.00556,0.000124,0.0,0.0,0.0,0.003,0.01703,0.233428,0.10555,0.00236,0.014,0.192,0.261,0.308,0.37303,0.002614,0.00556,0.000124,0.0,0.0,0.0,0.003,0.01703,0.236042,0.10608,0.002372,0.014,0.2,0.265,0.31,0.37605
46.5,0.728096,0.06502,0.001571,0.62055,0.683,0.723,0.763,0.8939,0.002949,0.00579,0.00014,0.0,0.0,0.001,0.003,0.018,0.268955,0.06565,0.001587,0.10155,0.234,0.274,0.315,0.379,0.002949,0.00579,0.00014,0.0,0.0,0.001,0.003,0.018,0.271904,0.06502,0.001571,0.1061,0.237,0.277,0.317,0.37945,0.763882,0.10609,0.002372,0.62395,0.69,0.735,0.799,0.986,0.002526,0.00545,0.000122,0.0,0.0,0.0,0.003,0.017,0.233592,0.10557,0.002361,0.014,0.193,0.261,0.308,0.37303,0.002526,0.00545,0.000122,0.0,0.0,0.0,0.003,0.017,0.236117,0.10609,0.002372,0.014,0.201,0.265,0.31,0.37605
46.75,0.727991,0.06499,0.001571,0.61978,0.683,0.723,0.763,0.8939,0.002867,0.00572,0.000138,0.0,0.0,0.001,0.003,0.018,0.269141,0.0656,0.001585,0.10233,0.234,0.274,0.315,0.379,0.002867,0.00572,0.000138,0.0,0.0,0.001,0.003,0.018,0.272009,0.06499,0.001571,0.1061,0.237,0.277,0.317,0.38023,0.763793,0.1061,0.002373,0.62395,0.69,0.735,0.799,0.986,0.002456,0.00538,0.00012,0.0,0.0,0.0,0.002,0.017,0.233751,0.1056,0.002361,0.014,0.194,0.261,0.308,0.37303,0.002456,0.00538,0.00012,0.0,0.0,0.0,0.002,0.017,0.236207,0.1061,0.002373,0.014,0.201,0.265,0.31,0.37605
47.0,0.727884,0.06495,0.00157,0.61978,0.683,0.723,0.76225,0.89345,0.002793,0.00564,0.000136,0.0,0.0,0.001,0.003,0.018,0.269322,0.06554,0.001584,0.10233,0.234,0.275,0.315,0.379,0.002793,0.00564,0.000136,0.0,0.0,0.001,0.003,0.018,0.272116,0.06495,0.00157,0.10655,0.23775,0.277,0.317,0.38023,0.763701,0.10611,0.002373,0.62395,0.69,0.735,0.799,0.986,0.002392,0.00531,0.000119,0.0,0.0,0.0,0.002,0.017,0.233906,0.10562,0.002362,0.014,0.19475,0.261,0.308,0.37303,0.002392,0.00531,0.000119,0.0,0.0,0.0,0.002,0.017,0.236298,0.10611,0.002373,0.014,0.201,0.265,0.31,0.37605
47.25,0.727796,0.06491,0.001569,0.61978,0.683,0.723,0.762,0.89345,0.002713,0.00557,0.000135,0.0,0.0,0.001,0.003,0.018,0.269491,0.06548,0.001583,0.1031,0.234,0.275,0.315,0.379,0.002713,0.00557,0.000135,0.0,0.0,0.001,0.003,0.018,0.272204,0.06491,0.001569,0.10655,0.238,0.277,0.317,0.38023,0.763626,0.10612,0.002373,0.62395,0.69,0.735,0.799,0.986,0.002324,0.00524,0.000117,0.0,0.0,0.0,0.002,0.016,0.234051,0.10564,0.002362,0.014,0.195,0.262,0.308,0.374,0.002324,0.00524,0.000117,0.0,0.0,0.0,0.002,0.016,0.236374,0.10612,0.002373,0.014,0.201,0.265,0.31,0.37605
47.5,0.727701,0.06488,0.001568,0.619,0.683,0.723,0.762,0.89345,0.00264,0.0055,0.000133,0.0,0.0,0.001,0.003,0.017,0.269659,0.06543,0.001581,0.10388,0.235,0.275,0.315,0.37923,0.00264,0.0055,0.000133,0.0,0.0,0.001,0.003,0.017,0.272299,0.06488,0.001568,0.10655,0.238,0.277,0.317,0.381,0.763544,0.10613,0.002373,0.62395,0.69,0.7345,0.799,0.986,0.002261,0.00517,0.000116,0.0,0.0,0.0,0.002,0.016,0.234194,0.10566,0.002363,0.014,0.19575,0.262,0.30825,0.374,0.002261,0.00517,0.000116,0.0,0.0,0.0,0.002,0.016,0.236455,0.10613,0.002373,0.014,0.201,0.2655,0.31,0.37605
47.75,0.727612,0.06486,0.001567,0.619,0.683,0.723,0.762,0.893,0.002578,0.00543,0.000131,0.0,0.0,0.001,0.003,0.017,0.269811,0.06539,0.00158,0.1041,0.235,0.275,0.315,0.37945,0.002578,0.00543,0.000131,0.0,0.0,0.001,0.003,0.017,0.272388,0.06486,0.001567,0.107,0.238,0.277,0.317,0.381,0.763468,0.10614,0.002373,0.62395,0.69,0.734,0.799,0.986,0.002208,0.00511,0.000114,0.0,0.0,0.0,0.002,0.016,0.234324,0.10568,0.002363,0.014,0.19675,0.262,0.309,0.37403,0.002208,0.00511,0.000114,0.0,0.0,0.0,0.002,0.016,0.236532,0.10614,0.002373,0.014,0.201,0.266,0.31,0.37605
48.0,0.72753,0.06482,0.001567,0.619,0.683,0.723,0.762,0.893,0.002501,0.00541,0.000131,0.0,0.0,0.0,0.00225,0.01723,0.269969,0.06535,0.001579,0.1041,0.235,0.275,0.316,0.37945,0.002501,0.00541,0.000131,0.0,0.0,0.0,0.00225,0.01723,0.27247,0.06482,0.001567,0.107,0.238,0.277,0.317,0.381,0.763398,0.10615,0.002373,0.62395,0.69,0.734,0.799,0.986,0.002142,0.00508,0.000114,0.0,0.0,0.0,0.002,0.016,0.23446,0.10571,0.002364,0.014,0.197,0.262,0.309,0.37405,0.002142,0.00508,0.000114,0.0,0.0,0.0,0.002,0.016,0.236602,0.10615,0.002373,0.014,0.201,0.266,0.31,0.37605
48.25,0.727463,0.0648,0.001566,0.619,0.683,0.7225,0.762,0.89223,0.002422,0.00531,0.000128,0.0,0.0,0.0,0.002,0.017,0.270115,0.06529,0.001578,0.10433,0.235,0.275,0.316,0.37945,0.002422,0.00531,0.000128,0.0,0.0,0.0,0.002,0.017,0.272537,0.0648,0.001566,0.10778,0.238,0.2775,0.317,0.381,0.763341,0.10616,0.002374,0.62395,0.69,0.734,0.799,0.986,0.002074,0.00499,0.000112,0.0,0.0,0.0,0.002,0.015,0.234586,0.10572,0.002364,0.014,0.197,0.262,0.309,0.37405,0.002074,0.00499,0.000112,0.0,0.0,0.0,0.002,0.015,0.236659,0.10616,0.002374,0.014,0.201,0.266,0.31,0.37605
48.5,0.727374,0.06477,0.001565,0.619,0.68275,0.722,0.76125,0.89223,0.002357,0.00526,0.000127,0.0,0.0,0.0,0.002,0.017,0.270269,0.06524,0.001577,0.10455,0.236,0.276,0.316,0.37945,0.002357,0.00526,0.000127,0.0,0.0,0.0,0.002,0.017,0.272626,0.06477,0.001565,0.10778,0.23875,0.278,0.31725,0.381,0.763264,0.10616,0.002374,0.62395,0.68975,0.734,0.79825,0.986,0.002019,0.00494,0.00011,0.0,0.0,0.0,0.002,0.01503,0.234717,0.10573,0.002364,0.014,0.198,0.263,0.309,0.37405,0.002019,0.00494,0.00011,0.0,0.0,0.0,0.002,0.01503,0.236736,0.10616,0.002374,0.014,0.20175,0.266,0.31025,0.37605
48.75,0.727307,0.06475,0.001565,0.619,0.682,0.722,0.761,0.89223,0.002277,0.00514,0.000124,0.0,0.0,0.0,0.002,0.016,0.270416,0.0652,0.001576,0.10455,0.236,0.276,0.316,0.37945,0.002277,0.00514,0.000124,0.0,0.0,0.0,0.002,0.016,0.272693,0.06475,0.001565,0.10778,0.239,0.278,0.318,0.381,0.763207,0.10617,0.002374,0.62395,0.68975,0.734,0.79825,0.986,0.00195,0.00482,0.000108,0.0,0.0,0.0,0.002,0.015,0.234843,0.10576,0.002365,0.014,0.198,0.263,0.309,0.37408,0.00195,0.00482,0.000108,0.0,0.0,0.0,0.002,0.015,0.236793,0.10617,0.002374,0.014,0.20175,0.266,0.31025,0.37605
49.0,0.727231,0.06473,0.001564,0.619,0.682,0.722,0.761,0.89223,0.002202,0.00506,0.000122,0.0,0.0,0.0,0.002,0.015,0.270567,0.06514,0.001574,0.10455,0.236,0.276,0.316,0.37945,0.002202,0.00506,0.000122,0.0,0.0,0.0,0.002,0.015,0.272769,0.06473,0.001564,0.10778,0.239,0.278,0.318,0.381,0.763142,0.10618,0.002374,0.62395,0.689,0.734,0.798,0.986,0.001886,0.00474,0.000106,0.0,0.0,0.0,0.002,0.014,0.234972,0.10577,0.002365,0.014,0.198,0.263,0.309,0.37408,0.001886,0.00474,0.000106,0.0,0.0,0.0,0.002,0.014,0.236857,0.10618,0.002374,0.014,0.202,0.266,0.311,0.37605
49.25,0.727151,0.0647,0.001564,0.619,0.682,0.722,0.761,0.89223,0.002137,0.005,0.000121,0.0,0.0,0.0,0.002,0.015,0.270712,0.0651,0.001573,0.10478,0.236,0.276,0.316,0.37945,0.002137,0.005,0.000121,0.0,0.0,0.0,0.002,0.015,0.272849,0.0647,0.001564,0.10778,0.239,0.278,0.318,0.381,0.763074,0.1062,0.002375,0.62297,0.689,0.734,0.798,0.986,0.00183,0.00469,0.000105,0.0,0.0,0.0,0.002,0.014,0.235096,0.10578,0.002365,0.014,0.19875,0.264,0.30925,0.37408,0.00183,0.00469,0.000105,0.0,0.0,0.0,0.002,0.014,0.236926,0.1062,0.002375,0.014,0.202,0.266,0.311,0.37703
49.5,0.727082,0.06469,0.001563,0.619,0.682,0.722,0.761,0.892,0.0021,0.00501,0.000121,0.0,0.0,0.0,0.002,0.01423,0.270818,0.06507,0.001573,0.10478,0.23675,0.276,0.316,0.37945,0.0021,0.00501,0.000121,0.0,0.0,0.0,0.002,0.01423,0.272918,0.06469,0.001563,0.108,0.239,0.278,0.318,0.381,0.763014,0.10621,0.002375,0.62297,0.689,0.734,0.798,0.986,0.001798,0.00469,0.000105,0.0,0.0,0.0,0.001,0.014,0.235187,0.1058,0.002366,0.014,0.199,0.264,0.31,0.37408,0.001798,0.00469,0.000105,0.0,0.0,0.0,0.001,0.014,0.236986,0.10621,0.002375,0.014,0.202,0.266,0.311,0.37703
49.75,0.727019,0.06466,0.001563,0.619,0.682,0.722,0.761,0.892,0.002047,0.00497,0.00012,0.0,0.0,0.0,0.002,0.014,0.270933,0.06505,0.001572,0.10555,0.237,0.276,0.316,0.37945,0.002047,0.00497,0.00012,0.0,0.0,0.0,0.002,0.014,0.272981,0.06466,0.001563,0.108,0.239,0.278,0.318,0.381,0.762961,0.10621,0.002375,0.62297,0.689,0.734,0.79725,0.986,0.001753,0.00465,0.000104,0.0,0.0,0.0,0.001,0.01303,0.235286,0.10582,0.002366,0.014,0.199,0.264,0.31,0.37408,0.001753,0.00465,0.000104,0.0,0.0,0.0,0.001,0.01303,0.237039,0.10621,0.002375,0.014,0.20275,0.266,0.311,0.37703
50.0,0.726956,0.06465,0.001563,0.619,0.682,0.722,0.761,0.892,0.001988,0.00488,0.000118,0.0,0.0,0.0,0.002,0.014,0.271057,0.06502,0.001571,0.10578,0.237,0.276,0.316,0.37945,0.001988,0.00488,0.000118,0.0,0.0,0.0,0.002,0.014,0.273044,0.06465,0.001563,0.108,0.239,0.278,0.318,0.381,0.762906,0.10623,0.002375,0.622,0.689,0.7335,0.79725,0.986,0.001702,0.00457,0.000102,0.0,0.0,0.0,0.001,0.014,0.235391,0.10584,0.002367,0.014,0.199,0.264,0.31,0.37408,0.001702,0.00457,0.000102,0.0,0.0,0.0,0.001,0.014,0.237094,0.10623,0.002375,0.014,0.20275,0.2665,0.311,0.378
50.25,0.726895,0.06465,0.001562,0.619,0.682,0.722,0.761,0.892,0.001929,0.00478,0.000115,0.0,0.0,0.0,0.002,0.014,0.271176,0.06498,0.00157,0.10655,0.237,0.276,0.316,0.37945,0.001929,0.00478,0.000115,0.0,0.0,0.0,0.002,0.014,0.273105,0.06465,0.001562,0.108,0.239,0.278,0.318,0.381,0.762855,0.10624,0.002376,0.622,0.689,0.7335,0.79725,0.986,0.001652,0.00447,0.0001,0.0,0.0,0.0,0.001,0.014,0.235493,0.10586,0.002367,0.014,0.2,0.264,0.31,0.3741,0.001652,0.00447,0.0001,0.0,0.0,0.0,0.001,0.014,0.237145,0.10624,0.002376,0.014,0.20275,0.2665,0.311,0.378
50.5,0.726817,0.06462,0.001562,0.619,0.682,0.722,0.761,0.892,0.001889,0.00479,0.000116,0.0,0.0,0.0,0.002,0.014,0.271294,0.06495,0.00157,0.10655,0.237,0.276,0.316,0.37945,0.001889,0.00479,0.000116,0.0,0.0,0.0,0.002,0.014,0.273183,0.06462,0.001562,0.108,0.239,0.278,0.318,0.381,0.762788,0.10625,0.002376,0.622,0.689,0.733,0.79725,0.986,0.001618,0.00448,0.0001,0.0,0.0,0.0,0.001,0.013,0.235595,0.10587,0.002367,0.014,0.2,0.264,0.31,0.3741,0.001618,0.00448,0.0001,0.0,0.0,0.0,0.001,0.013,0.237212,0.10625,0.002376,0.014,0.20275,0.267,0.311,0.378
50.75,0.726752,0.0646,0.001561,0.619,0.682,0.722,0.761,0.892,0.001837,0.00474,0.000115,0.0,0.0,0.0,0.002,0.013,0.271411,0.06492,0.001569,0.10678,0.237,0.276,0.316,0.37945,0.001837,0.00474,0.000115,0.0,0.0,0.0,0.002,0.013,0.273248,0.0646,0.001561,0.108,0.239,0.278,0.318,0.381,0.762732,0.10626,0.002376,0.622,0.689,0.733,0.79725,0.986,0.001573,0.00443,9.9e-5,0.0,0.0,0.0,0.001,0.013,0.235694,0.10589,0.002368,0.014,0.20075,0.264,0.31,0.3741,0.001573,0.00443,9.9e-5,0.0,0.0,0.0,0.001,0.013,0.237268,0.10626,0.002376,0.014,0.20275,0.267,0.311,0.378
51.0,0.726695,0.06459,0.001561,0.619,0.682,0.7215,0.761,0.892,0.001788,0.00466,0.000113,0.0,0.0,0.0,0.002,0.013,0.271518,0.0649,0.001569,0.107,0.237,0.276,0.316,0.37945,0.001788,0.00466,0.000113,0.0,0.0,0.0,0.002,0.013,0.273305,0.06459,0.001561,0.108,0.239,0.2785,0.318,0.381,0.762683,0.10627,0.002376,0.622,0.689,0.733,0.79725,0.986,0.001531,0.00436,9.7e-5,0.0,0.0,0.0,0.001,0.013,0.235786,0.10591,0.002368,0.014,0.20075,0.264,0.31,0.3741,0.001531,0.00436,9.7e-5,0.0,0.0,0.0,0.001,0.013,0.237317,0.10627,0.002376,0.014,0.20275,0.267,0.311,0.378
51.25,0.72663,0.06458,0.001561,0.619,0.682,0.7215,0.76025,0.892,0.001734,0.00463,0.000112,0.0,0.0,0.0,0.001,0.01323,0.271637,0.06486,0.001568,0.107,0.237,0.277,0.316,0.37945,0.001734,0.00463,0.000112,0.0,0.0,0.0,0.001,0.01323,0.27337,0.06458,0.001561,0.108,0.23975,0.2785,0.318,0.381,0.762628,0.10628,0.002377,0.622,0.689,0.733,0.797,0.986,0.001485,0.00433,9.7e-5,0.0,0.0,0.0,0.001,0.01203,0.235888,0.10593,0.002369,0.014,0.201,0.265,0.31,0.3741,0.001485,0.00433,9.7e-5,0.0,0.0,0.0,0.001,0.01203,0.237372,0.10628,0.002377,0.014,0.203,0.267,0.311,0.378
51.5,0.726575,0.06456,0.00156,0.619,0.682,0.721,0.76025,0.892,0.001681,0.00452,0.000109,0.0,0.0,0.0,0.001,0.013,0.271744,0.06484,0.001567,0.107,0.237,0.277,0.316,0.37945,0.001681,0.00452,0.000109,0.0,0.0,0.0,0.001,0.013,0.273425,0.06456,0.00156,0.108,0.23975,0.279,0.318,0.381,0.762581,0.10629,0.002377,0.622,0.68875,0.733,0.797,0.986,0.00144,0.00422,9.4e-5,0.0,0.0,0.0,0.001,0.01203,0.235979,0.10595,0.002369,0.014,0.201,0.265,0.31,0.37508,0.00144,0.00422,9.4e-5,0.0,0.0,0.0,0.001,0.01203,0.237419,0.10629,0.002377,0.014,0.203,0.267,0.31125,0.378
51.75,0.726523,0.06455,0.00156,0.619,0.682,0.721,0.76025,0.892,0.001614,0.00437,0.000106,0.0,0.0,0.0,0.001,0.013,0.271862,0.0648,0.001566,0.107,0.237,0.277,0.317,0.38023,0.001614,0.00437,0.000106,0.0,0.0,0.0,0.001,0.013,0.273477,0.06455,0.00156,0.108,0.23975,0.279,0.318,0.381,0.762537,0.1063,0.002377,0.622,0.68875,0.733,0.797,0.986,0.001383,0.00408,9.1e-5,0.0,0.0,0.0,0.001,0.012,0.236081,0.10596,0.002369,0.014,0.201,0.265,0.31,0.37508,0.001383,0.00408,9.1e-5,0.0,0.0,0.0,0.001,0.012,0.237464,0.1063,0.002377,0.014,0.203,0.267,0.31125,0.378
52.0,0.726473,0.06453,0.00156,0.619,0.682,0.721,0.76,0.892,0.001557,0.00428,0.000103,0.0,0.0,0.0,0.001,0.013,0.27197,0.06479,0.001566,0.107,0.238,0.277,0.317,0.38023,0.001557,0.00428,0.000103,0.0,0.0,0.0,0.001,0.013,0.273527,0.06453,0.00156,0.108,0.24,0.279,0.318,0.381,0.762493,0.1063,0.002377,0.622,0.68875,0.733,0.797,0.986,0.001334,0.004,8.9e-5,0.0,0.0,0.0,0.001,0.012,0.236173,0.10598,0.00237,0.014,0.201,0.265,0.31,0.37508,0.001334,0.004,8.9e-5,0.0,0.0,0.0,0.001,0.012,0.237507,0.1063,0.002377,0.014,0.203,0.267,0.31125,0.378
52.25,0.726419,0.06452,0.001559,0.619,0.682,0.721,0.76,0.892,0.001514,0.00423,0.000102,0.0,0.0,0.0,0.001,0.013,0.272067,0.06477,0.001565,0.107,0.238,0.277,0.317,0.38023,0.001514,0.00423,0.000102,0.0,0.0,0.0,0.001,0.013,0.273581,0.06452,0.001559,0.108,0.24,0.279,0.318,0.381,0.762447,0.10631,0.002377,0.622,0.68875,0.733,0.797,0.986,0.001297,0.00395,8.8e-5,0.0,0.0,0.0,0.001,0.012,0.236256,0.106,0.00237,0.014,0.201,0.265,0.31,0.37703,0.001297,0.00395,8.8e-5,0.0,0.0,0.0,0.001,0.012,0.237553,0.10631,0.002377,0.014,0.203,0.267,0.31125,0.378
52.5,0.726363,0.0645,0.001559,0.619,0.682,0.721,0.76,0.892,0.001472,0.00413,0.0001,0.0,0.0,0.0,0.001,0.01223,0.272165,0.06474,0.001565,0.107,0.238,0.277,0.317,0.38023,0.001472,0.00413,0.0001,0.0,0.0,0.0,0.001,0.01223,0.273637,0.0645,0.001559,0.108,0.24,0.279,0.318,0.381,0.7624,0.10632,0.002377,0.622,0.68875,0.733,0.79625,0.986,0.001261,0.00386,8.6e-5,0.0,0.0,0.0,0.001,0.012,0.23634,0.10602,0.002371,0.014,0.201,0.265,0.31,0.37703,0.001261,0.00386,8.6e-5,0.0,0.0,0.0,0.001,0.012,0.237601,0.10632,0.002377,0.014,0.20375,0.267,0.31125,0.378
52.75,0.726324,0.06449,0.001559,0.619,0.682,0.721,0.76,0.892,0.001426,0.00406,9.8e-5,0.0,0.0,0.0,0.001,0.012,0.272251,0.06471,0.001564,0.107,0.23875,0.277,0.317,0.38023,0.001426,0.00406,9.8e-5,0.0,0.0,0.0,0.001,0.012,0.273676,0.06449,0.001559,0.108,0.24,0.279,0.318,0.381,0.762366,0.10633,0.002378,0.622,0.68875,0.733,0.79625,0.986,0.001221,0.00378,8.5e-5,0.0,0.0,0.0,0.001,0.01103,0.236414,0.10602,0.002371,0.014,0.201,0.265,0.31,0.378,0.001221,0.00378,8.5e-5,0.0,0.0,0.0,0.001,0.01103,0.237634,0.10633,0.002378,0.014,0.20375,0.267,0.31125,0.378
53.0,0.726277,0.06449,0.001559,0.619,0.682,0.721,0.76,0.892,0.001377,0.004,9.7e-5,0.0,0.0,0.0,0.001,0.012,0.272345,0.06468,0.001563,0.10778,0.239,0.277,0.317,0.38023,0.001377,0.004,9.7e-5,0.0,0.0,0.0,0.001,0.012,0.273723,0.06449,0.001559,0.108,0.24,0.279,0.318,0.381,0.762326,0.10634,0.002378,0.622,0.688,0.733,0.79625,0.986,0.00118,0.00373,8.3e-5,0.0,0.0,0.0,0.001,0.011,0.236494,0.10604,0.002371,0.014,0.201,0.2655,0.311,0.378,0.00118,0.00373,8.3e-5,0.0,0.0,0.0,0.001,0.011,0.237674,0.10634,0.002378,0.014,0.20375,0.267,0.312,0.378
53.25,0.726241,0.06448,0.001558,0.619,0.682,0.721,0.76,0.892,0.001324,0.00389,9.4e-5,0.0,0.0,0.0,0.001,0.012,0.272435,0.06466,0.001563,0.10778,0.239,0.277,0.317,0.38023,0.001324,0.00389,9.4e-5,0.0,0.0,0.0,0.001,0.012,0.273759,0.06448,0.001558,0.108,0.24,0.279,0.318,0.381,0.762295,0.10634,0.002378,0.622,0.688,0.733,0.79625,0.986,0.001134,0.00363,8.1e-5,0.0,0.0,0.0,0.001,0.011,0.236571,0.10605,0.002371,0.014,0.20175,0.2655,0.311,0.378,0.001134,0.00363,8.1e-5,0.0,0.0,0.0,0.001,0.011,0.237705,0.10634,0.002378,0.014,0.20375,0.267,0.312,0.378
53.5,0.726205,0.06448,0.001558,0.619,0.682,0.721,0.76,0.892,0.001281,0.00383,9.3e-5,0.0,0.0,0.0,0.001,0.01123,0.272514,0.06464,0.001562,0.10778,0.239,0.277,0.317,0.38023,0.001281,0.00383,9.3e-5,0.0,0.0,0.0,0.001,0.01123,0.273795,0.06448,0.001558,0.108,0.24,0.279,0.318,0.381,0.762264,0.10635,0.002378,0.622,0.688,0.733,0.79625,0.986,0.001097,0.00357,8.0e-5,0.0,0.0,0.0,0.001,0.01003,0.236639,0.10607,0.002372,0.014,0.20175,0.266,0.311,0.378,0.001097,0.00357,8.0e-5,0.0,0.0,0.0,0.001,0.01003,0.237736,0.10635,0.002378,0.014,0.20375,0.267,0.312,0.378
53.75,0.726174,0.06447,0.001558,0.619,0.682,0.721,0.76,0.892,0.001228,0.0037,9.0e-5,0.0,0.0,0.0,0.001,0.011,0.272598,0.06462,0.001562,0.10778,0.239,0.2775,0.317,0.38023,0.001228,0.0037,9.0e-5,0.0,0.0,0.0,0.001,0.011,0.273826,0.06447,0.001558,0.108,0.24,0.279,0.318,0.381,0.762237,0.10636,0.002378,0.622,0.688,0.732,0.796,0.986,0.001052,0.00345,7.7e-5,0.0,0.0,0.0,0.0,0.01,0.236711,0.10608,0.002372,0.014,0.20175,0.266,0.311,0.378,0.001052,0.00345,7.7e-5,0.0,0.0,0.0,0.0,0.01,0.237762,0.10636,0.002378,0.014,0.204,0.268,0.312,0.378
54.0,0.726136,0.06445,0.001558,0.619,0.682,0.7205,0.76,0.892,0.001188,0.00365,8.8e-5,0.0,0.0,0.0,0.001,0.011,0.272676,0.06461,0.001561,0.108,0.239,0.278,0.317,0.38023,0.001188,0.00365,8.8e-5,0.0,0.0,0.0,0.001,0.011,0.273864,0.06445,0.001558,0.108,0.24,0.2795,0.318,0.381,0.762205,0.10636,0.002378,0.622,0.688,0.732,0.796,0.986,0.001017,0.00341,7.6e-5,0.0,0.0,0.0,0.0,0.01,0.236778,0.10609,0.002372,0.014,0.202,0.266,0.311,0.378,0.001017,0.00341,7.6e-5,0.0,0.0,0.0,0.0,0.01,0.237795,0.10636,0.002378,0.014,0.204,0.268,0.312,0.378
54.25,0.726096,0.06445,0.001558,0.619,0.682,0.72,0.76,0.892,0.001145,0.00358,8.7e-5,0.0,0.0,0.0,0.001,0.01,0.272759,0.06458,0.001561,0.108,0.239,0.278,0.317,0.38023,0.001145,0.00358,8.7e-5,0.0,0.0,0.0,0.001,0.01,0.273904,0.06445,0.001558,0.108,0.24,0.28,0.318,0.381,0.76217,0.10637,0.002379,0.622,0.688,0.732,0.796,0.986,0.00098,0.00334,7.5e-5,0.0,0.0,0.0,0.0,0.01,0.23685,0.10611,0.002373,0.014,0.202,0.266,0.311,0.378,0.00098,0.00334,7.5e-5,0.0,0.0,0.0,0.0,0.01,0.23783,0.10637,0.002379,0.014,0.204,0.268,0.312,0.378
54.5,0.726055,0.06445,0.001558,0.619,0.682,0.72,0.76,0.892,0.001117,0.00357,8.6e-5,0.0,0.0,0.0,0.001,0.01,0.272828,0.06457,0.00156,0.108,0.239,0.278,0.317,0.381,0.001117,0.00357,8.6e-5,0.0,0.0,0.0,0.001,0.01,0.273945,0.06445,0.001558,0.108,0.24,0.28,0.318,0.381,0.762135,0.10638,0.002379,0.622,0.688,0.732,0.796,0.986,0.000957,0.00333,7.4e-5,0.0,0.0,0.0,0.0,0.01,0.236908,0.10612,0.002373,0.014,0.202,0.266,0.311,0.378,0.000957,0.00333,7.4e-5,0.0,0.0,0.0,0.0,0.01,0.237865,0.10638,0.002379,0.014,0.204,0.268,0.312,0.378
54.75,0.726018,0.06444,0.001557,0.619,0.682,0.72,0.76,0.892,0.001081,0.00349,8.4e-5,0.0,0.0,0.0,0.001,0.01,0.272901,0.06456,0.00156,0.108,0.239,0.278,0.317,0.381,0.001081,0.00349,8.4e-5,0.0,0.0,0.0,0.001,0.01,0.273982,0.06444,0.001557,0.108,0.24,0.28,0.318,0.381,0.762104,0.10639,0.002379,0.622,0.688,0.732,0.796,0.986,0.000926,0.00325,7.3e-5,0.0,0.0,0.0,0.0,0.009,0.23697,0.10613,0.002373,0.014,0.202,0.266,0.311,0.378,0.000926,0.00325,7.3e-5,0.0,0.0,0.0,0.0,0.009,0.237896,0.10639,0.002379,0.014,0.204,0.268,0.312,0.378
55.0,0.725978,0.06444,0.001557,0.619,0.682,0.72,0.76,0.892,0.001057,0.0034,8.2e-5,0.0,0.0,0.0,0.001,0.01,0.272964,0.06455,0.00156,0.108,0.239,0.278,0.317,0.381,0.001057,0.0034,8.2e-5,0.0,0.0,0.0,0.001,0.01,0.274022,0.06444,0.001557,0.108,0.24,0.28,0.318,0.381,0.76207,0.1064,0.002379,0.622,0.688,0.732,0.796,0.986,0.000905,0.00317,7.1e-5,0.0,0.0,0.0,0.0,0.009,0.237025,0.10615,0.002374,0.014,0.202,0.266,0.311,0.378,0.000905,0.00317,7.1e-5,0.0,0.0,0.0,0.0,0.009,0.23793,0.1064,0.002379,0.014,0.204,0.268,0.312,0.378
55.25,0.725946,0.06443,0.001557,0.619,0.682,0.72,0.76,0.892,0.001034,0.00332,8.0e-5,0.0,0.0,0.0,0.001,0.01,0.27302,0.06454,0.00156,0.108,0.239,0.278,0.317,0.381,0.001034,0.00332,8.0e-5,0.0,0.0,0.0,0.001,0.01,0.274054,0.06443,0.001557,0.108,0.24,0.28,0.318,0.381,0.762042,0.1064,0.002379,0.622,0.688,0.732,0.796,0.986,0.000885,0.00309,6.9e-5,0.0,0.0,0.0,0.0,0.009,0.237073,0.10616,0.002374,0.014,0.202,0.266,0.311,0.378,0.000885,0.00309,6.9e-5,0.0,0.0,0.0,0.0,0.009,0.237958,0.1064,0.002379,0.014,0.204,0.268,0.312,0.378
55.5,0.725915,0.06443,0.001557,0.619,0.682,0.72,0.76,0.892,0.000998,0.00323,7.8e-5,0.0,0.0,0.0,0.0,0.00923,0.273086,0.06454,0.00156,0.108,0.239,0.278,0.317,0.381,0.000998,0.00323,7.8e-5,0.0,0.0,0.0,0.0,0.00923,0.274085,0.06443,0.001557,0.108,0.24,0.28,0.318,0.381,0.762016,0.10641,0.002379,0.622,0.688,0.732,0.796,0.986,0.000855,0.00301,6.7e-5,0.0,0.0,0.0,0.0,0.009,0.237129,0.10618,0.002374,0.014,0.202,0.2665,0.311,0.378,0.000855,0.00301,6.7e-5,0.0,0.0,0.0,0.0,0.009,0.237984,0.10641,0.002379,0.014,0.204,0.268,0.312,0.378
55.75,0.725883,0.06442,0.001557,0.619,0.682,0.72,0.76,0.892,0.000967,0.00317,7.7e-5,0.0,0.0,0.0,0.0,0.00923,0.27315,0.06453,0.00156,0.108,0.23975,0.278,0.317,0.381,0.000967,0.00317,7.7e-5,0.0,0.0,0.0,0.0,0.00923,0.274117,0.06442,0.001557,0.108,0.24,0.28,0.318,0.381,0.761988,0.10641,0.00238,0.622,0.688,0.732,0.796,0.986,0.000828,0.00296,6.6e-5,0.0,0.0,0.0,0.0,0.00803,0.237184,0.10619,0.002375,0.014,0.20275,0.267,0.311,0.378,0.000828,0.00296,6.6e-5,0.0,0.0,0.0,0.0,0.00803,0.238012,0.10641,0.00238,0.014,0.204,0.268,0.312,0.378
56.0,0.725855,0.06441,0.001557,0.619,0.682,0.72,0.76,0.892,0.000939,0.00312,7.5e-5,0.0,0.0,0.0,0.0,0.009,0.273206,0.06452,0.001559,0.108,0.23975,0.278,0.31725,0.381,0.000939,0.00312,7.5e-5,0.0,0.0,0.0,0.0,0.009,0.274145,0.06441,0.001557,0.108,0.24,0.28,0.318,0.381,0.761964,0.10642,0.00238,0.622,0.688,0.732,0.796,0.986,0.000804,0.00291,6.5e-5,0.0,0.0,0.0,0.0,0.008,0.237232,0.1062,0.002375,0.014,0.20275,0.267,0.311,0.378,0.000804,0.00291,6.5e-5,0.0,0.0,0.0,0.0,0.008,0.238036,0.10642,0.00238,0.014,0.204,0.268,0.312,0.378
56.25,0.725817,0.0644,0.001556,0.619,0.682,0.72,0.76,0.892,0.000921,0.00305,7.4e-5,0.0,0.0,0.0,0.0,0.009,0.273263,0.06452,0.001559,0.108,0.23975,0.278,0.318,0.381,0.000921,0.00305,7.4e-5,0.0,0.0,0.0,0.0,0.009,0.274183,0.0644,0.001556,0.108,0.24,0.28,0.318,0.381,0.761931,0.10642,0.00238,0.622,0.688,0.732,0.796,0.986,0.000788,0.00284,6.4e-5,0.0,0.0,0.0,0.0,0.008,0.23728,0.10622,0.002375,0.014,0.20275,0.267,0.311,0.378,0.000788,0.00284,6.4e-5,0.0,0.0,0.0,0.0,0.008,0.238068,0.10642,0.00238,0.014,0.204,0.268,0.312,0.378
56.5,0.725787,0.06439,0.001556,0.619,0.682,0.72,0.76,0.892,0.000895,0.003,7.2e-5,0.0,0.0,0.0,0.0,0.009,0.273318,0.06451,0.001559,0.108,0.23975,0.278,0.318,0.381,0.000895,0.003,7.2e-5,0.0,0.0,0.0,0.0,0.009,0.274213,0.06439,0.001556,0.108,0.24,0.28,0.318,0.381,0.761906,0.10643,0.00238,0.622,0.688,0.732,0.796,0.986,0.000766,0.00279,6.2e-5,0.0,0.0,0.0,0.0,0.008,0.237328,0.10623,0.002375,0.014,0.203,0.267,0.311,0.378,0.000766,0.00279,6.2e-5,0.0,0.0,0.0,0.0,0.008,0.238094,0.10643,0.00238,0.014,0.204,0.268,0.312,0.378
56.75,0.725758,0.06438,0.001556,0.619,0.682,0.72,0.76,0.892,0.000873,0.00296,7.2e-5,0.0,0.0,0.0,0.0,0.00823,0.273369,0.0645,0.001559,0.108,0.23975,0.2785,0.318,0.381,0.000873,0.00296,7.2e-5,0.0,0.0,0.0,0.0,0.00823,0.274242,0.06438,0.001556,0.108,0.24,0.28,0.318,0.381,0.761882,0.10643,0.00238,0.622,0.688,0.732,0.796,0.986,0.000747,0.00276,6.2e-5,0.0,0.0,0.0,0.0,0.008,0.237371,0.10624,0.002376,0.014,0.203,0.267,0.311,0.378,0.000747,0.00276,6.2e-5,0.0,0.0,0.0,0.0,0.008,0.238118,0.10643,0.00238,0.014,0.204,0.268,0.312,0.378
57.0,0.725735,0.06437,0.001556,0.619,0.682,0.72,0.76,0.892,0.000845,0.00287,6.9e-5,0.0,0.0,0.0,0.0,0.00823,0.273419,0.0645,0.001559,0.108,0.23975,0.279,0.318,0.381,0.000845,0.00287,6.9e-5,0.0,0.0,0.0,0.0,0.00823,0.274265,0.06437,0.001556,0.108,0.24,0.28,0.318,0.381,0.761862,0.10643,0.00238,0.622,0.688,0.732,0.796,0.986,0.000724,0.00267,6.0e-5,0.0,0.0,0.0,0.0,0.008,0.237414,0.10625,0.002376,0.014,0.203,0.267,0.311,0.378,0.000724,0.00267,6.0e-5,0.0,0.0,0.0,0.0,0.008,0.238138,0.10643,0.00238,0.014,0.204,0.268,0.312,0.378
57.25,0.725716,0.06437,0.001556,0.619,0.682,0.72,0.75925,0.892,0.000811,0.00278,6.7e-5,0.0,0.0,0.0,0.0,0.008,0.273474,0.06448,0.001558,0.108,0.23975,0.279,0.318,0.381,0.000811,0.00278,6.7e-5,0.0,0.0,0.0,0.0,0.008,0.274284,0.06437,0.001556,0.108,0.24075,0.28,0.318,0.381,0.761845,0.10644,0.00238,0.622,0.688,0.732,0.796,0.986,0.000694,0.00259,5.8e-5,0.0,0.0,0.0,0.0,0.007,0.237461,0.10626,0.002376,0.014,0.203,0.267,0.311,0.378,0.000694,0.00259,5.8e-5,0.0,0.0,0.0,0.0,0.007,0.238155,0.10644,0.00238,0.014,0.204,0.268,0.312,0.378
57.5,0.725692,0.06436,0.001556,0.619,0.682,0.72,0.75925,0.892,0.000793,0.00274,6.6e-5,0.0,0.0,0.0,0.0,0.00823,0.273516,0.06447,0.001558,0.108,0.23975,0.279,0.318,0.381,0.000793,0.00274,6.6e-5,0.0,0.0,0.0,0.0,0.00823,0.274308,0.06436,0.001556,0.108,0.24075,0.28,0.318,0.381,0.761824,0.10644,0.00238,0.622,0.688,0.732,0.796,0.986,0.000679,0.00255,5.7e-5,0.0,0.0,0.0,0.0,0.007,0.237497,0.10627,0.002376,0.014,0.203,0.267,0.31125,0.378,0.000679,0.00255,5.7e-5,0.0,0.0,0.0,0.0,0.007,0.238176,0.10644,0.00238,0.014,0.204,0.268,0.312,0.378
57.75,0.725661,0.06436,0.001555,0.619,0.682,0.72,0.75925,0.892,0.000778,0.00271,6.6e-5,0.0,0.0,0.0,0.0,0.008,0.273561,0.06446,0.001558,0.108,0.23975,0.279,0.318,0.381,0.000778,0.00271,6.6e-5,0.0,0.0,0.0,0.0,0.008,0.274339,0.06436,0.001555,0.108,0.24075,0.28,0.318,0.381,0.761798,0.10645,0.00238,0.622,0.688,0.732,0.796,0.986,0.000666,0.00253,5.6e-5,0.0,0.0,0.0,0.0,0.008,0.237536,0.10627,0.002376,0.014,0.203,0.267,0.31125,0.378,0.000666,0.00253,5.6e-5,0.0,0.0,0.0,0.0,0.008,0.238202,0.10645,0.00238,0.014,0.204,0.268,0.312,0.378
58.0,0.725637,0.06435,0.001555,0.619,0.682,0.72,0.75925,0.892,0.000754,0.00262,6.3e-5,0.0,0.0,0.0,0.0,0.008,0.27361,0.06445,0.001558,0.108,0.24,0.279,0.318,0.381,0.000754,0.00262,6.3e-5,0.0,0.0,0.0,0.0,0.008,0.274363,0.06435,0.001555,0.108,0.24075,0.28,0.318,0.381,0.761777,0.10645,0.00238,0.622,0.688,0.732,0.796,0.986,0.000645,0.00244,5.5e-5,0.0,0.0,0.0,0.0,0.007,0.237577,0.10628,0.002377,0.014,0.203,0.267,0.31125,0.378,0.000645,0.00244,5.5e-5,0.0,0.0,0.0,0.0,0.007,0.238222,0.10645,0.00238,0.014,0.204,0.268,0.312,0.378
58.25,0.725605,0.06435,0.001555,0.619,0.682,0.7195,0.75925,0.892,0.000745,0.00263,6.4e-5,0.0,0.0,0.0,0.0,0.008,0.27365,0.06444,0.001557,0.108,0.24,0.279,0.318,0.381,0.000745,0.00263,6.4e-5,0.0,0.0,0.0,0.0,0.008,0.274395,0.06435,0.001555,0.108,0.24075,0.2805,0.318,0.381,0.76175,0.10646,0.00238,0.622,0.688,0.732,0.796,0.986,0.000638,0.00245,5.5e-5,0.0,0.0,0.0,0.0,0.007,0.237612,0.10629,0.002377,0.014,0.203,0.267,0.312,0.378,0.000638,0.00245,5.5e-5,0.0,0.0,0.0,0.0,0.007,0.23825,0.10646,0.00238,0.014,0.204,0.268,0.312,0.378
58.5,0.725574,0.06434,0.001555,0.619,0.682,0.7195,0.759,0.892,0.000727,0.00259,6.3e-5,0.0,0.0,0.0,0.0,0.008,0.273699,0.06442,0.001557,0.108,0.24,0.2795,0.318,0.381,0.000727,0.00259,6.3e-5,0.0,0.0,0.0,0.0,0.008,0.274426,0.06434,0.001555,0.108,0.241,0.2805,0.318,0.381,0.761724,0.10647,0.002381,0.622,0.688,0.732,0.796,0.986,0.000622,0.00241,5.4e-5,0.0,0.0,0.0,0.0,0.007,0.237654,0.10629,0.002377,0.014,0.203,0.267,0.312,0.378,0.000622,0.00241,5.4e-5,0.0,0.0,0.0,0.0,0.007,0.238276,0.10647,0.002381,0.014,0.204,0.268,0.312,0.378
58.75,0.725548,0.06434,0.001555,0.619,0.68175,0.7195,0.759,0.892,0.000717,0.00257,6.2e-5,0.0,0.0,0.0,0.0,0.008,0.273734,0.06441,0.001557,0.108,0.24,0.28,0.318,0.381,0.000717,0.00257,6.2e-5,0.0,0.0,0.0,0.0,0.008,0.274452,0.06434,0.001555,0.108,0.241,0.2805,0.31825,0.381,0.761702,0.10647,0.002381,0.62198,0.68775,0.732,0.796,0.986,0.000614,0.00239,5.3e-5,0.0,0.0,0.0,0.0,0.007,0.237684,0.1063,0.002377,0.014,0.203,0.267,0.312,0.378,0.000614,0.00239,5.3e-5,0.0,0.0,0.0,0.0,0.007,0.238298,0.10647,0.002381,0.014,0.204,0.268,0.31225,0.37803
59.0,0.725528,0.06434,0.001555,0.619,0.68175,0.7195,0.759,0.892,0.000697,0.00251,6.1e-5,0.0,0.0,0.0,0.0,0.00723,0.273775,0.06442,0.001557,0.108,0.24,0.28,0.318,0.381,0.000697,0.00251,6.1e-5,0.0,0.0,0.0,0.0,0.00723,0.274472,0.06434,0.001555,0.108,0.241,0.2805,0.31825,0.381,0.761684,0.10647,0.002381,0.62198,0.68775,0.732,0.796,0.986,0.000596,0.00234,5.2e-5,0.0,0.0,0.0,0.0,0.007,0.237719,0.10631,0.002377,0.014,0.203,0.267,0.312,0.378,0.000596,0.00234,5.2e-5,0.0,0.0,0.0,0.0,0.007,0.238316,0.10647,0.002381,0.014,0.204,0.268,0.31225,0.37803
59.25,0.725508,0.06434,0.001555,0.619,0.68175,0.719,0.759,0.892,0.000684,0.00245,5.9e-5,0.0,0.0,0.0,0.0,0.007,0.273808,0.06441,0.001557,0.108,0.24,0.28,0.318,0.381,0.000684,0.00245,5.9e-5,0.0,0.0,0.0,0.0,0.007,0.274492,0.06434,0.001555,0.108,0.241,0.281,0.31825,0.381,0.761668,0.10648,0.002381,0.62198,0.68775,0.732,0.796,0.986,0.000586,0.00228,5.1e-5,0.0,0.0,0.0,0.0,0.007,0.237747,0.10632,0.002377,0.014,0.20375,0.267,0.312,0.378,0.000586,0.00228,5.1e-5,0.0,0.0,0.0,0.0,0.007,0.238332,0.10648,0.002381,0.014,0.204,0.268,0.31225,0.37803
59.5,0.725488,0.06433,0.001555,0.619,0.68175,0.719,0.759,0.892,0.000664,0.00241,5.8e-5,0.0,0.0,0.0,0.0,0.007,0.273848,0.0644,0.001557,0.108,0.24,0.28,0.318,0.381,0.000664,0.00241,5.8e-5,0.0,0.0,0.0,0.0,0.007,0.274512,0.06433,0.001555,0.108,0.241,0.281,0.31825,0.381,0.76165,0.10649,0.002381,0.62198,0.68775,0.732,0.796,0.986,0.000568,0.00224,5.0e-5,0.0,0.0,0.0,0.0,0.00603,0.237781,0.10633,0.002378,0.014,0.204,0.267,0.312,0.378,0.000568,0.00224,5.0e-5,0.0,0.0,0.0,0.0,0.00603,0.238349,0.10649,0.002381,0.014,0.204,0.268,0.31225,0.37803
59.75,0.72547,0.06434,0.001555,0.619,0.68175,0.719,0.759,0.892,0.000645,0.00234,5.7e-5,0.0,0.0,0.0,0.0,0.007,0.273885,0.0644,0.001556,0.108,0.24,0.28,0.318,0.381,0.000645,0.00234,5.7e-5,0.0,0.0,0.0,0.0,0.007,0.27453,0.06434,0.001555,0.108,0.241,0.281,0.31825,0.381,0.761635,0.10649,0.002381,0.62198,0.68775,0.732,0.796,0.986,0.000552,0.00218,4.9e-5,0.0,0.0,0.0,0.0,0.006,0.237813,0.10634,0.002378,0.014,0.204,0.267,0.312,0.378,0.000552,0.00218,4.9e-5,0.0,0.0,0.0,0.0,0.006,0.238365,0.10649,0.002381,0.014,0.204,0.268,0.31225,0.37803
60.0,0.725452,0.06433,0.001555,0.619,0.68175,0.719,0.759,0.892,0.000634,0.00234,5.7e-5,0.0,0.0,0.0,0.0,0.006,0.273914,0.06439,0.001556,0.108,0.24,0.28,0.318,0.381,0.000634,0.00234,5.7e-5,0.0,0.0,0.0,0.0,0.006,0.274548,0.06433,0.001555,0.108,0.241,0.281,0.31825,0.381,0.76162,0.10649,0.002381,0.62198,0.68775,0.732,0.796,0.986,0.000542,0.00218,4.9e-5,0.0,0.0,0.0,0.0,0.006,0.237838,0.10634,0.002378,0.014,0.204,0.2675,0.312,0.378,0.000542,0.00218,4.9e-5,0.0,0.0,0.0,0.0,0.006,0.23838,0.10649,0.002381,0.014,0.204,0.268,0.31225,0.37803
60.25,0.725432,0.06433,0.001555,0.619,0.68175,0.719,0.759,0.892,0.000614,0.0023,5.6e-5,0.0,0.0,0.0,0.0,0.006,0.273954,0.06439,0.001556,0.108,0.24,0.28,0.318,0.381,0.000614,0.0023,5.6e-5,0.0,0.0,0.0,0.0,0.006,0.274568,0.06433,0.001555,0.108,0.241,0.281,0.31825,0.381,0.761602,0.1065,0.002381,0.62198,0.68775,0.732,0.795,0.986,0.000526,0.00214,4.8e-5,0.0,0.0,0.0,0.0,0.006,0.237872,0.10635,0.002378,0.014,0.204,0.2675,0.312,0.378,0.000526,0.00214,4.8e-5,0.0,0.0,0.0,0.0,0.006,0.238398,0.1065,0.002381,0.014,0.205,0.268,0.31225,0.37803
60.5,0.725415,0.06432,0.001555,0.619,0.68175,0.719,0.759,0.892,0.00059,0.00221,5.4e-5,0.0,0.0,0.0,0.0,0.006,0.273995,0.06438,0.001556,0.108,0.24,0.28,0.318,0.381,0.00059,0.00221,5.4e-5,0.0,0.0,0.0,0.0,0.006,0.274585,0.06432,0.001555,0.108,0.241,0.281,0.31825,0.381,0.761588,0.1065,0.002381,0.62198,0.68775,0.732,0.795,0.986,0.000505,0.00206,4.6e-5,0.0,0.0,0.0,0.0,0.006,0.237907,0.10636,0.002378,0.014,0.204,0.268,0.312,0.378,0.000505,0.00206,4.6e-5,0.0,0.0,0.0,0.0,0.006,0.238412,0.1065,0.002381,0.014,0.205,0.268,0.31225,0.37803
60.75,0.725398,0.06432,0.001555,0.619,0.681,0.719,0.759,0.892,0.000564,0.00213,5.1e-5,0.0,0.0,0.0,0.0,0.006,0.274039,0.06437,0.001556,0.108,0.24,0.28,0.318,0.381,0.000564,0.00213,5.1e-5,0.0,0.0,0.0,0.0,0.006,0.274602,0.06432,0.001555,0.108,0.241,0.281,0.319,0.381,0.761573,0.10651,0.002382,0.62198,0.68775,0.732,0.795,0.986,0.000483,0.00198,4.4e-5,0.0,0.0,0.0,0.0,0.006,0.237944,0.10637,0.002378,0.014,0.204,0.268,0.312,0.378,0.000483,0.00198,4.4e-5,0.0,0.0,0.0,0.0,0.006,0.238427,0.10651,0.002382,0.014,0.205,0.268,0.31225,0.37803
61.0,0.725384,0.06432,0.001555,0.619,0.681,0.719,0.759,0.892,0.00054,0.00204,4.9e-5,0.0,0.0,0.0,0.0,0.006,0.274076,0.06436,0.001556,0.108,0.24,0.28,0.318,0.381,0.00054,0.00204,4.9e-5,0.0,0.0,0.0,0.0,0.006,0.274616,0.06432,0.001555,0.108,0.241,0.281,0.319,0.381,0.761561,0.10651,0.002382,0.62198,0.68775,0.732,0.795,0.986,0.000463,0.00189,4.2e-5,0.0,0.0,0.0,0.0,0.005,0.237976,0.10637,0.002379,0.014,0.204,0.268,0.312,0.378,0.000463,0.00189,4.2e-5,0.0,0.0,0.0,0.0,0.005,0.238439,0.10651,0.002382,0.014,0.205,0.268,0.31225,0.37803
61.25,0.725369,0.06432,0.001555,0.619,0.681,0.719,0.759,0.892,0.000527,0.00201,4.8e-5,0.0,0.0,0.0,0.0,0.006,0.274104,0.06436,0.001556,0.108,0.24,0.28,0.318,0.381,0.000527,0.00201,4.8e-5,0.0,0.0,0.0,0.0,0.006,0.274631,0.06432,0.001555,0.108,0.241,0.281,0.319,0.381,0.761548,0.10652,0.002382,0.62198,0.68775,0.732,0.795,0.986,0.000452,0.00186,4.2e-5,0.0,0.0,0.0,0.0,0.005,0.238,0.10638,0.002379,0.014,0.204,0.268,0.312,0.378,0.000452,0.00186,4.2e-5,0.0,0.0,0.0,0.0,0.005,0.238452,0.10652,0.002382,0.014,0.205,0.268,0.31225,0.37803
61.5,0.725351,0.06432,0.001555,0.619,0.681,0.719,0.759,0.892,0.000516,0.002,4.8e-5,0.0,0.0,0.0,0.0,0.006,0.274133,0.06435,0.001555,0.108,0.24,0.28,0.318,0.381,0.000516,0.002,4.8e-5,0.0,0.0,0.0,0.0,0.006,0.274649,0.06432,0.001555,0.108,0.241,0.281,0.319,0.381,0.761533,0.10652,0.002382,0.62198,0.68775,0.7315,0.795,0.986,0.000442,0.00186,4.2e-5,0.0,0.0,0.0,0.0,0.005,0.238025,0.10638,0.002379,0.014,0.204,0.268,0.312,0.378,0.000442,0.00186,4.2e-5,0.0,0.0,0.0,0.0,0.005,0.238467,0.10652,0.002382,0.014,0.205,0.2685,0.31225,0.37803
61.75,0.725338,0.06432,0.001555,0.619,0.681,0.719,0.759,0.892,0.000502,0.00195,4.7e-5,0.0,0.0,0.0,0.0,0.005,0.274159,0.06435,0.001555,0.108,0.24,0.28,0.318,0.381,0.000502,0.00195,4.7e-5,0.0,0.0,0.0,0.0,0.005,0.274662,0.06432,0.001555,0.108,0.241,0.281,0.319,0.381,0.761522,0.10652,0.002382,0.62198,0.68775,0.7315,0.795,0.986,0.00043,0.00181,4.1e-5,0.0,0.0,0.0,0.0,0.005,0.238048,0.10639,0.002379,0.014,0.204,0.268,0.312,0.378,0.00043,0.00181,4.1e-5,0.0,0.0,0.0,0.0,0.005,0.238478,0.10652,0.002382,0.014,0.205,0.2685,0.31225,0.37803
62.0,0.725323,0.06432,0.001554,0.619,0.681,0.719,0.759,0.892,0.000481,0.00189,4.6e-5,0.0,0.0,0.0,0.0,0.00523,0.274196,0.06435,0.001555,0.108,0.24075,0.28,0.318,0.381,0.000481,0.00189,4.6e-5,0.0,0.0,0.0,0.0,0.00523,0.274677,0.06432,0.001554,0.108,0.241,0.281,0.319,0.381,0.761509,0.10652,0.002382,0.62198,0.68775,0.731,0.795,0.986,0.000412,0.00175,3.9e-5,0.0,0.0,0.0,0.0,0.005,0.238079,0.1064,0.002379,0.014,0.204,0.268,0.312,0.378,0.000412,0.00175,3.9e-5,0.0,0.0,0.0,0.0,0.005,0.238491,0.10652,0.002382,0.014,0.205,0.269,0.31225,0.37803
62.25,0.725309,0.06432,0.001554,0.619,0.681,0.719,0.759,0.892,0.000467,0.00182,4.4e-5,0.0,0.0,0.0,0.0,0.005,0.274224,0.06434,0.001555,0.108,0.24075,0.28,0.318,0.381,0.000467,0.00182,4.4e-5,0.0,0.0,0.0,0.0,0.005,0.274691,0.06432,0.001554,0.108,0.241,0.281,0.319,0.381,0.761497,0.10653,0.002382,0.62198,0.68775,0.731,0.795,0.986,0.0004,0.00169,3.8e-5,0.0,0.0,0.0,0.0,0.005,0.238103,0.1064,0.002379,0.014,0.204,0.268,0.312,0.378,0.0004,0.00169,3.8e-5,0.0,0.0,0.0,0.0,0.005,0.238503,0.10653,0.002382,0.014,0.205,0.269,0.31225,0.37803
62.5,0.725296,0.06431,0.001554,0.619,0.681,0.719,0.759,0.892,0.000456,0.00179,4.3e-5,0.0,0.0,0.0,0.0,0.005,0.274248,0.06434,0.001555,0.108,0.24075,0.28,0.318,0.381,0.000456,0.00179,4.3e-5,0.0,0.0,0.0,0.0,0.005,0.274704,0.06431,0.001554,0.108,0.241,0.281,0.319,0.381,0.761486,0.10653,0.002382,0.62198,0.687,0.731,0.795,0.986,0.00039,0.00166,3.7e-5,0.0,0.0,0.0,0.0,0.005,0.238124,0.10641,0.002379,0.014,0.204,0.268,0.312,0.378,0.00039,0.00166,3.7e-5,0.0,0.0,0.0,0.0,0.005,0.238514,0.10653,0.002382,0.014,0.205,0.269,0.313,0.37803
62.75,0.725284,0.06431,0.001554,0.619,0.681,0.719,0.759,0.892,0.000436,0.00173,4.2e-5,0.0,0.0,0.0,0.0,0.005,0.27428,0.06433,0.001555,0.108,0.24075,0.28,0.318,0.381,0.000436,0.00173,4.2e-5,0.0,0.0,0.0,0.0,0.005,0.274716,0.06431,0.001554,0.108,0.241,0.281,0.319,0.381,0.761476,0.10653,0.002382,0.62198,0.687,0.731,0.795,0.986,0.000374,0.00161,3.6e-5,0.0,0.0,0.0,0.0,0.005,0.238151,0.10642,0.00238,0.014,0.204,0.268,0.312,0.378,0.000374,0.00161,3.6e-5,0.0,0.0,0.0,0.0,0.005,0.238524,0.10653,0.002382,0.014,0.205,0.269,0.313,0.37803
63.0,0.725275,0.0643,0.001554,0.619,0.681,0.719,0.759,0.892,0.000415,0.00167,4.0e-5,0.0,0.0,0.0,0.0,0.005,0.27431,0.06433,0.001555,0.108,0.241,0.28,0.318,0.381,0.000415,0.00167,4.0e-5,0.0,0.0,0.0,0.0,0.005,0.274725,0.0643,0.001554,0.108,0.241,0.281,0.319,0.381,0.761468,0.10653,0.002382,0.62198,0.687,0.731,0.795,0.986,0.000355,0.00155,3.5e-5,0.0,0.0,0.0,0.0,0.004,0.238177,0.10643,0.00238,0.014,0.204,0.268,0.312,0.378,0.000355,0.00155,3.5e-5,0.0,0.0,0.0,0.0,0.004,0.238532,0.10653,0.002382,0.014,0.205,0.269,0.313,0.37803
63.25,0.72526,0.0643,0.001554,0.619,0.681,0.719,0.759,0.892,0.000406,0.00166,4.0e-5,0.0,0.0,0.0,0.0,0.005,0.274334,0.06433,0.001555,0.108,0.241,0.28,0.318,0.381,0.000406,0.00166,4.0e-5,0.0,0.0,0.0,0.0,0.005,0.27474,0.0643,0.001554,0.108,0.241,0.281,0.319,0.381,0.761455,0.10654,0.002382,0.62198,0.687,0.731,0.795,0.986,0.000348,0.00155,3.5e-5,0.0,0.0,0.0,0.0,0.004,0.238198,0.10643,0.00238,0.014,0.204,0.268,0.312,0.378,0.000348,0.00155,3.5e-5,0.0,0.0,0.0,0.0,0.004,0.238545,0.10654,0.002382,0.014,0.205,0.269,0.313,0.37803
63.5,0.725249,0.0643,0.001554,0.619,0.681,0.719,0.759,0.892,0.000395,0.00165,4.0e-5,0.0,0.0,0.0,0.0,0.005,0.274356,0.06433,0.001555,0.108,0.241,0.28,0.318,0.381,0.000395,0.00165,4.0e-5,0.0,0.0,0.0,0.0,0.005,0.274751,0.0643,0.001554,0.108,0.241,0.281,0.319,0.381,0.761446,0.10654,0.002382,0.62198,0.687,0.731,0.795,0.986,0.000338,0.00154,3.4e-5,0.0,0.0,0.0,0.0,0.004,0.238216,0.10644,0.00238,0.014,0.204,0.268,0.312,0.378,0.000338,0.00154,3.4e-5,0.0,0.0,0.0,0.0,0.004,0.238554,0.10654,0.002382,0.014,0.205,0.269,0.313,0.37803
63.75,0.725241,0.06429,0.001554,0.619,0.681,0.719,0.759,0.892,0.000373,0.0016,3.9e-5,0.0,0.0,0.0,0.0,0.005,0.274386,0.06432,0.001554,0.108,0.241,0.28,0.318,0.381,0.000373,0.0016,3.9e-5,0.0,0.0,0.0,0.0,0.005,0.274759,0.06429,0.001554,0.108,0.241,0.281,0.319,0.381,0.761439,0.10654,0.002382,0.621,0.687,0.731,0.795,0.986,0.00032,0.00148,3.3e-5,0.0,0.0,0.0,0.0,0.004,0.238242,0.10644,0.00238,0.014,0.204,0.268,0.312,0.378,0.00032,0.00148,3.3e-5,0.0,0.0,0.0,0.0,0.004,0.238561,0.10654,0.002382,0.014,0.205,0.269,0.313,0.379
64.0,0.725228,0.06429,0.001554,0.619,0.681,0.719,0.759,0.892,0.000363,0.00158,3.8e-5,0.0,0.0,0.0,0.0,0.00423,0.274409,0.06431,0.001554,0.108,0.241,0.28,0.318,0.381,0.000363,0.00158,3.8e-5,0.0,0.0,0.0,0.0,0.00423,0.274772,0.06429,0.001554,0.108,0.241,0.281,0.319,0.381,0.761428,0.10654,0.002382,0.621,0.687,0.731,0.795,0.986,0.000311,0.00147,3.3e-5,0.0,0.0,0.0,0.0,0.004,0.238262,0.10644,0.00238,0.014,0.20475,0.268,0.312,0.378,0.000311,0.00147,3.3e-5,0.0,0.0,0.0,0.0,0.004,0.238572,0.10654,0.002382,0.014,0.205,0.269,0.313,0.379
64.25,0.725212,0.06429,0.001554,0.619,0.681,0.719,0.759,0.892,0.000352,0.00154,3.7e-5,0.0,0.0,0.0,0.0,0.004,0.274436,0.06431,0.001554,0.108,0.241,0.28,0.318,0.381,0.000352,0.00154,3.7e-5,0.0,0.0,0.0,0.0,0.004,0.274788,0.06429,0.001554,0.108,0.241,0.281,0.319,0.381,0.761414,0.10654,0.002382,0.621,0.687,0.731,0.795,0.986,0.000302,0.00143,3.2e-5,0.0,0.0,0.0,0.0,0.004,0.238284,0.10645,0.00238,0.014,0.20475,0.2685,0.312,0.378,0.000302,0.00143,3.2e-5,0.0,0.0,0.0,0.0,0.004,0.238586,0.10654,0.002382,0.014,0.205,0.269,0.313,0.379
64.5,0.725204,0.06428,0.001554,0.619,0.681,0.719,0.759,0.892,0.000336,0.00151,3.7e-5,0.0,0.0,0.0,0.0,0.004,0.274459,0.06431,0.001554,0.108,0.241,0.28,0.318,0.381,0.000336,0.00151,3.7e-5,0.0,0.0,0.0,0.0,0.004,0.274796,0.06428,0.001554,0.108,0.241,0.281,0.319,0.381,0.761407,0.10654,0.002382,0.621,0.687,0.731,0.795,0.986,0.000288,0.0014,3.1e-5,0.0,0.0,0.0,0.0,0.00303,0.238304,0.10646,0.00238,0.014,0.20475,0.2685,0.312,0.378,0.000288,0.0014,3.1e-5,0.0,0.0,0.0,0.0,0.00303,0.238592,0.10654,0.002382,0.014,0.205,0.269,0.313,0.379
64.75,0.725196,0.06428,0.001554,0.61878,0.681,0.719,0.759,0.892,0.000321,0.00147,3.6e-5,0.0,0.0,0.0,0.0,0.004,0.274484,0.06431,0.001554,0.108,0.241,0.28,0.31825,0.381,0.000321,0.00147,3.6e-5,0.0,0.0,0.0,0.0,0.004,0.274804,0.06428,0.001554,0.108,0.241,0.281,0.319,0.38123,0.7614,0.10654,0.002382,0.621,0.687,0.731,0.795,0.986,0.000274,0.00137,3.1e-5,0.0,0.0,0.0,0.0,0.003,0.238326,0.10646,0.002381,0.014,0.20475,0.2685,0.312,0.378,0.000274,0.00137,3.1e-5,0.0,0.0,0.0,0.0,0.003,0.2386,0.10654,0.002382,0.014,0.205,0.269,0.313,0.379
65.0,0.725191,0.06428,0.001554,0.61878,0.681,0.719,0.759,0.892,0.000301,0.00139,3.4e-5,0.0,0.0,0.0,0.0,0.004,0.274508,0.06431,0.001554,0.108,0.241,0.28,0.31825,0.381,0.000301,0.00139,3.4e-5,0.0,0.0,0.0,0.0,0.004,0.274809,0.06428,0.001554,0.108,0.241,0.281,0.319,0.38123,0.761396,0.10654,0.002382,0.621,0.687,0.731,0.795,0.986,0.000258,0.00129,2.9e-5,0.0,0.0,0.0,0.0,0.003,0.238346,0.10647,0.002381,0.014,0.205,0.2685,0.31225,0.378,0.000258,0.00129,2.9e-5,0.0,0.0,0.0,0.0,0.003,0.238604,0.10654,0.002382,0.014,0.205,0.269,0.313,0.379
65.25,0.725183,0.06428,0.001553,0.61878,0.681,0.719,0.759,0.892,0.000294,0.00139,3.4e-5,0.0,0.0,0.0,0.0,0.004,0.274523,0.06431,0.001554,0.108,0.241,0.28,0.31825,0.381,0.000294,0.00139,3.4e-5,0.0,0.0,0.0,0.0,0.004,0.274817,0.06428,0.001553,0.108,0.241,0.281,0.319,0.38123,0.761389,0.10654,0.002382,0.621,0.687,0.731,0.795,0.986,0.000252,0.00129,2.9e-5,0.0,0.0,0.0,0.0,0.003,0.238359,0.10647,0.002381,0.014,0.205,0.2685,0.31225,0.378,0.000252,0.00129,2.9e-5,0.0,0.0,0.0,0.0,0.003,0.238611,0.10654,0.002382,0.014,0.205,0.269,0.313,0.379
65.5,0.725178,0.06428,0.001553,0.61878,0.681,0.719,0.759,0.892,0.000283,0.00134,3.2e-5,0.0,0.0,0.0,0.0,0.00323,0.274539,0.06431,0.001554,0.108,0.241,0.28,0.31825,0.381,0.000283,0.00134,3.2e-5,0.0,0.0,0.0,0.0,0.00323,0.274822,0.06428,0.001553,0.108,0.241,0.281,0.319,0.38123,0.761385,0.10655,0.002382,0.621,0.687,0.731,0.795,0.986,0.000243,0.00125,2.8e-5,0.0,0.0,0.0,0.0,0.003,0.238373,0.10648,0.002381,0.014,0.205,0.269,0.31225,0.378,0.000243,0.00125,2.8e-5,0.0,0.0,0.0,0.0,0.003,0.238615,0.10655,0.002382,0.014,0.205,0.269,0.313,0.379
65.75,0.725171,0.06427,0.001553,0.61878,0.681,0.719,0.759,0.892,0.000263,0.00126,3.0e-5,0.0,0.0,0.0,0.0,0.003,0.274565,0.0643,0.001554,0.108,0.241,0.28,0.31825,0.381,0.000263,0.00126,3.0e-5,0.0,0.0,0.0,0.0,0.003,0.274829,0.06427,0.001553,0.108,0.241,0.281,0.319,0.38123,0.761379,0.10654,0.002382,0.621,0.687,0.731,0.795,0.986,0.000226,0.00117,2.6e-5,0.0,0.0,0.0,0.0,0.003,0.238396,0.10648,0.002381,0.014,0.205,0.269,0.31225,0.378,0.000226,0.00117,2.6e-5,0.0,0.0,0.0,0.0,0.003,0.238621,0.10654,0.002382,0.014,0.205,0.269,0.313,0.379
66.0,0.725165,0.06426,0.001553,0.61878,0.681,0.719,0.759,0.892,0.000255,0.00123,3.0e-5,0.0,0.0,0.0,0.0,0.003,0.274579,0.0643,0.001554,0.108,0.241,0.28,0.319,0.381,0.000255,0.00123,3.0e-5,0.0,0.0,0.0,0.0,0.003,0.274835,0.06426,0.001553,0.108,0.241,0.281,0.319,0.38123,0.761374,0.10654,0.002382,0.621,0.687,0.731,0.795,0.986,0.000219,0.00114,2.6e-5,0.0,0.0,0.0,0.0,0.003,0.238407,0.10649,0.002381,0.014,0.205,0.269,0.313,0.378,0.000219,0.00114,2.6e-5,0.0,0.0,0.0,0.0,0.003,0.238626,0.10654,0.002382,0.014,0.205,0.269,0.313,0.379
66.25,0.72516,0.06426,0.001553,0.61878,0.681,0.719,0.759,0.892,0.000241,0.00118,2.8e-5,0.0,0.0,0.0,0.0,0.003,0.274599,0.06429,0.001554,0.108,0.241,0.28,0.319,0.381,0.000241,0.00118,2.8e-5,0.0,0.0,0.0,0.0,0.003,0.27484,0.06426,0.001553,0.108,0.241,0.281,0.319,0.38123,0.761369,0.10654,0.002382,0.621,0.687,0.731,0.795,0.986,0.000206,0.00109,2.4e-5,0.0,0.0,0.0,0.0,0.003,0.238424,0.10649,0.002381,0.014,0.205,0.269,0.313,0.378,0.000206,0.00109,2.4e-5,0.0,0.0,0.0,0.0,0.003,0.238631,0.10654,0.002382,0.014,0.205,0.269,0.313,0.379
66.5,0.725153,0.06426,0.001553,0.61878,0.681,0.719,0.75825,0.892,0.000233,0.00117,2.8e-5,0.0,0.0,0.0,0.0,0.003,0.274614,0.06429,0.001554,0.108,0.241,0.28,0.319,0.381,0.000233,0.00117,2.8e-5,0.0,0.0,0.0,0.0,0.003,0.274847,0.06426,0.001553,0.108,0.24175,0.281,0.319,0.38123,0.761364,0.10654,0.002382,0.621,0.687,0.731,0.795,0.986,0.0002,0.00108,2.4e-5,0.0,0.0,0.0,0.0,0.003,0.238437,0.10649,0.002381,0.014,0.205,0.269,0.313,0.378,0.0002,0.00108,2.4e-5,0.0,0.0,0.0,0.0,0.003,0.238636,0.10654,0.002382,0.014,0.205,0.269,0.313,0.379
66.75,0.725144,0.06426,0.001553,0.61878,0.681,0.719,0.75825,0.892,0.000223,0.00116,2.8e-5,0.0,0.0,0.0,0.0,0.003,0.274634,0.06429,0.001554,0.108,0.241,0.2805,0.319,0.381,0.000223,0.00116,2.8e-5,0.0,0.0,0.0,0.0,0.003,0.274856,0.06426,0.001553,0.108,0.24175,0.281,0.319,0.38123,0.761355,0.10654,0.002382,0.621,0.687,0.731,0.795,0.986,0.00019,0.00108,2.4e-5,0.0,0.0,0.0,0.0,0.00203,0.238454,0.1065,0.002381,0.014,0.205,0.269,0.313,0.378,0.00019,0.00108,2.4e-5,0.0,0.0,0.0,0.0,0.00203,0.238644,0.10654,0.002382,0.014,0.205,0.269,0.313,0.379
67.0,0.725138,0.06425,0.001553,0.61878,0.681,0.719,0.75825,0.892,0.000214,0.00116,2.8e-5,0.0,0.0,0.0,0.0,0.003,0.274648,0.06428,0.001554,0.108,0.241,0.2805,0.319,0.381,0.000214,0.00116,2.8e-5,0.0,0.0,0.0,0.0,0.003,0.274862,0.06425,0.001553,0.108,0.24175,0.281,0.319,0.38123,0.761351,0.10654,0.002382,0.621,0.687,0.731,0.795,0.986,0.000183,0.00107,2.4e-5,0.0,0.0,0.0,0.0,0.002,0.238466,0.1065,0.002381,0.014,0.205,0.269,0.313,0.378,0.000183,0.00107,2.4e-5,0.0,0.0,0.0,0.0,0.002,0.238649,0.10654,0.002382,0.014,0.205,0.269,0.313,0.379
67.25,0.725131,0.06425,0.001553,0.61878,0.681,0.719,0.75825,0.892,0.00021,0.00118,2.8e-5,0.0,0.0,0.0,0.0,0.002,0.274658,0.06429,0.001554,0.108,0.241,0.2805,0.319,0.381,0.00021,0.00118,2.8e-5,0.0,0.0,0.0,0.0,0.002,0.274869,0.06425,0.001553,0.108,0.24175,0.281,0.319,0.38123,0.761345,0.10654,0.002382,0.621,0.687,0.731,0.795,0.986,0.00018,0.00109,2.4e-5,0.0,0.0,0.0,0.0,0.002,0.238475,0.1065,0.002381,0.014,0.205,0.269,0.313,0.378,0.00018,0.00109,2.4e-5,0.0,0.0,0.0,0.0,0.002,0.238655,0.10654,0.002382,0.014,0.205,0.269,0.313,0.379
67.5,0.725127,0.06424,0.001553,0.61878,0.681,0.719,0.75825,0.892,0.000203,0.00113,2.7e-5,0.0,0.0,0.0,0.0,0.002,0.27467,0.06428,0.001554,0.108,0.241,0.2805,0.319,0.381,0.000203,0.00113,2.7e-5,0.0,0.0,0.0,0.0,0.002,0.274873,0.06424,0.001553,0.108,0.24175,0.281,0.319,0.38123,0.761341,0.10654,0.002382,0.621,0.687,0.731,0.795,0.986,0.000174,0.00105,2.3e-5,0.0,0.0,0.0,0.0,0.002,0.238485,0.1065,0.002382,0.014,0.205,0.269,0.313,0.378,0.000174,0.00105,2.3e-5,0.0,0.0,0.0,0.0,0.002,0.238659,0.10654,0.002382,0.014,0.205,0.269,0.313,0.379
67.75,0.725121,0.06424,0.001553,0.61878,0.681,0.719,0.75825,0.892,0.000196,0.00111,2.7e-5,0.0,0.0,0.0,0.0,0.00223,0.274683,0.06427,0.001553,0.108,0.241,0.281,0.319,0.381,0.000196,0.00111,2.7e-5,0.0,0.0,0.0,0.0,0.00223,0.274879,0.06424,0.001553,0.108,0.24175,0.281,0.319,0.38123,0.761336,0.10654,0.002382,0.621,0.687,0.731,0.795,0.986,0.000168,0.00103,2.3e-5,0.0,0.0,0.0,0.0,0.002,0.238496,0.1065,0.002382,0.014,0.205,0.269,0.313,0.378,0.000168,0.00103,2.3e-5,0.0,0.0,0.0,0.0,0.002,0.238664,0.10654,0.002382,0.014,0.205,0.269,0.313,0.379
68.0,0.725118,0.06424,0.001553,0.61878,0.681,0.719,0.75825,0.892,0.000189,0.00106,2.6e-5,0.0,0.0,0.0,0.0,0.002,0.274693,0.06427,0.001553,0.108,0.241,0.281,0.319,0.381,0.000189,0.00106,2.6e-5,0.0,0.0,0.0,0.0,0.002,0.274882,0.06424,0.001553,0.108,0.24175,0.281,0.319,0.38123,0.761334,0.10654,0.002382,0.621,0.687,0.731,0.795,0.986,0.000162,0.00098,2.2e-5,0.0,0.0,0.0,0.0,0.002,0.238504,0.10651,0.002382,0.014,0.205,0.269,0.313,0.378,0.000162,0.00098,2.2e-5,0.0,0.0,0.0,0.0,0.002,0.238666,0.10654,0.002382,0.014,0.205,0.269,0.313,0.379
68.25,0.725112,0.06424,0.001552,0.61878,0.681,0.719,0.75825,0.892,0.000184,0.00107,2.6e-5,0.0,0.0,0.0,0.0,0.002,0.274704,0.06427,0.001553,0.108,0.241,0.281,0.319,0.381,0.000184,0.00107,2.6e-5,0.0,0.0,0.0,0.0,0.002,0.274888,0.06424,0.001552,0.108,0.24175,0.281,0.319,0.38123,0.761328,0.10654,0.002382,0.621,0.687,0.731,0.795,0.986,0.000158,0.00099,2.2e-5,0.0,0.0,0.0,0.0,0.002,0.238514,0.10651,0.002382,0.014,0.205,0.269,0.313,0.378,0.000158,0.00099,2.2e-5,0.0,0.0,0.0,0.0,0.002,0.238672,0.10654,0.002382,0.014,0.205,0.269,0.313,0.379
68.5,0.725109,0.06423,0.001552,0.61878,0.681,0.719,0.75825,0.892,0.000176,0.00103,2.5e-5,0.0,0.0,0.0,0.0,0.002,0.274715,0.06427,0.001553,0.108,0.241,0.281,0.319,0.381,0.000176,0.00103,2.5e-5,0.0,0.0,0.0,0.0,0.002,0.274891,0.06423,0.001552,0.108,0.24175,0.281,0.319,0.38123,0.761326,0.10654,0.002382,0.621,0.687,0.731,0.795,0.986,0.000151,0.00095,2.1e-5,0.0,0.0,0.0,0.0,0.002,0.238524,0.10651,0.002382,0.014,0.205,0.269,0.313,0.378,0.000151,0.00095,2.1e-5,0.0,0.0,0.0,0.0,0.002,0.238674,0.10654,0.002382,0.014,0.205,0.269,0.313,0.379
68.75,0.725103,0.06423,0.001552,0.61878,0.681,0.719,0.75825,0.892,0.000169,0.001,2.4e-5,0.0,0.0,0.0,0.0,0.002,0.274727,0.06426,0.001553,0.108,0.241,0.281,0.319,0.381,0.000169,0.001,2.4e-5,0.0,0.0,0.0,0.0,0.002,0.274897,0.06423,0.001552,0.108,0.24175,0.281,0.319,0.38123,0.761321,0.10654,0.002382,0.621,0.687,0.731,0.795,0.986,0.000145,0.00093,2.1e-5,0.0,0.0,0.0,0.0,0.002,0.238534,0.10651,0.002382,0.014,0.205,0.269,0.313,0.378,0.000145,0.00093,2.1e-5,0.0,0.0,0.0,0.0,0.002,0.238679,0.10654,0.002382,0.014,0.205,0.269,0.313,0.379
69.0,0.725099,0.06423,0.001552,0.61878,0.681,0.719,0.75825,0.892,0.000164,0.00097,2.4e-5,0.0,0.0,0.0,0.0,0.002,0.274738,0.06426,0.001553,0.108,0.241,0.281,0.319,0.381,0.000164,0.00097,2.4e-5,0.0,0.0,0.0,0.0,0.002,0.274901,0.06423,0.001552,0.108,0.24175,0.281,0.319,0.38123,0.761317,0.10655,0.002382,0.621,0.687,0.731,0.795,0.986,0.00014,0.0009,2.0e-5,0.0,0.0,0.0,0.0,0.002,0.238543,0.10651,0.002382,0.014,0.205,0.269,0.313,0.378,0.00014,0.0009,2.0e-5,0.0,0.0,0.0,0.0,0.002,0.238683,0.10655,0.002382,0.014,0.205,0.269,0.313,0.379
69.25,0.725093,0.06423,0.001552,0.61878,0.681,0.719,0.75825,0.892,0.000159,0.00094,2.3e-5,0.0,0.0,0.0,0.0,0.002,0.274747,0.06426,0.001553,0.108,0.241,0.281,0.319,0.381,0.000159,0.00094,2.3e-5,0.0,0.0,0.0,0.0,0.002,0.274907,0.06423,0.001552,0.108,0.24175,0.281,0.319,0.38123,0.761312,0.10654,0.002382,0.621,0.687,0.731,0.795,0.986,0.000136,0.00087,1.9e-5,0.0,0.0,0.0,0.0,0.002,0.238551,0.10652,0.002382,0.014,0.205,0.269,0.313,0.378,0.000136,0.00087,1.9e-5,0.0,0.0,0.0,0.0,0.002,0.238688,0.10654,0.002382,0.014,0.205,0.269,0.313,0.379
69.5,0.725089,0.06422,0.001552,0.61878,0.681,0.719,0.75825,0.892,0.000148,0.00092,2.2e-5,0.0,0.0,0.0,0.0,0.002,0.274763,0.06426,0.001553,0.108,0.241,0.281,0.319,0.381,0.000148,0.00092,2.2e-5,0.0,0.0,0.0,0.0,0.002,0.274911,0.06422,0.001552,0.108,0.24175,0.281,0.319,0.38123,0.761308,0.10654,0.002382,0.621,0.687,0.731,0.795,0.986,0.000127,0.00085,1.9e-5,0.0,0.0,0.0,0.0,0.001,0.238565,0.10652,0.002382,0.014,0.205,0.269,0.313,0.378,0.000127,0.00085,1.9e-5,0.0,0.0,0.0,0.0,0.001,0.238692,0.10654,0.002382,0.014,0.205,0.269,0.313,0.379
69.75,0.725084,0.06422,0.001552,0.61878,0.681,0.719,0.75825,0.892,0.000145,0.00092,2.2e-5,0.0,0.0,0.0,0.0,0.002,0.27477,0.06425,0.001553,0.108,0.241,0.281,0.319,0.381,0.000145,0.00092,2.2e-5,0.0,0.0,0.0,0.0,0.002,0.274916,0.06422,0.001552,0.108,0.24175,0.281,0.319,0.38123,0.761304,0.10654,0.002382,0.621,0.687,0.731,0.795,0.986,0.000125,0.00085,1.9e-5,0.0,0.0,0.0,0.0,0.002,0.238571,0.10652,0.002382,0.014,0.205,0.269,0.313,0.37803,0.000125,0.00085,1.9e-5,0.0,0.0,0.0,0.0,0.002,0.238695,0.10654,0.002382,0.014,0.205,0.269,0.313,0.379
70.0,0.725082,0.06422,0.001552,0.61878,0.681,0.719,0.75825,0.892,0.000139,0.00087,2.1e-5,0.0,0.0,0.0,0.0,0.002,0.274779,0.06425,0.001553,0.108,0.241,0.281,0.319,0.381,0.000139,0.00087,2.1e-5,0.0,0.0,0.0,0.0,0.002,0.274918,0.06422,0.001552,0.108,0.24175,0.281,0.319,0.38123,0.761303,0.10654,0.002382,0.621,0.687,0.731,0.795,0.986,0.000119,0.00081,1.8e-5,0.0,0.0,0.0,0.0,0.001,0.238578,0.10652,0.002382,0.014,0.205,0.269,0.313,0.37803,0.000119,0.00081,1.8e-5,0.0,0.0,0.0,0.0,0.001,0.238697,0.10654,0.002382,0.014,0.205,0.269,0.313,0.379
70.25,0.725079,0.06421,0.001552,0.61878,0.681,0.719,0.75825,0.892,0.00013,0.00084,2.0e-5,0.0,0.0,0.0,0.0,0.002,0.274791,0.06425,0.001553,0.108,0.241,0.281,0.319,0.381,0.00013,0.00084,2.0e-5,0.0,0.0,0.0,0.0,0.002,0.274921,0.06421,0.001552,0.108,0.24175,0.281,0.319,0.38123,0.7613,0.10654,0.002382,0.621,0.687,0.731,0.795,0.986,0.000111,0.00078,1.7e-5,0.0,0.0,0.0,0.0,0.001,0.238589,0.10652,0.002382,0.014,0.205,0.269,0.313,0.37803,0.000111,0.00078,1.7e-5,0.0,0.0,0.0,0.0,0.001,0.2387,0.10654,0.002382,0.014,0.205,0.269,0.313,0.379
70.5,0.725073,0.06421,0.001552,0.61878,0.681,0.719,0.75825,0.892,0.000122,0.0008,1.9e-5,0.0,0.0,0.0,0.0,0.001,0.274805,0.06424,0.001552,0.108,0.241,0.281,0.319,0.381,0.000122,0.0008,1.9e-5,0.0,0.0,0.0,0.0,0.001,0.274927,0.06421,0.001552,0.108,0.24175,0.281,0.319,0.38123,0.761295,0.10654,0.002382,0.621,0.687,0.731,0.795,0.986,0.000104,0.00074,1.7e-5,0.0,0.0,0.0,0.0,0.001,0.2386,0.10652,0.002382,0.014,0.205,0.269,0.313,0.37803,0.000104,0.00074,1.7e-5,0.0,0.0,0.0,0.0,0.001,0.238705,0.10654,0.002382,0.014,0.205,0.269,0.313,0.379
70.75,0.725071,0.06421,0.001552,0.61878,0.681,0.719,0.75825,0.892,0.000116,0.00075,1.8e-5,0.0,0.0,0.0,0.0,0.001,0.274812,0.06423,0.001552,0.108,0.241,0.281,0.319,0.381,0.000116,0.00075,1.8e-5,0.0,0.0,0.0,0.0,0.001,0.274929,0.06421,0.001552,0.108,0.24175,0.281,0.319,0.38123,0.761294,0.10654,0.002382,0.621,0.687,0.731,0.795,0.986,0.0001,0.0007,1.6e-5,0.0,0.0,0.0,0.0,0.001,0.238607,0.10652,0.002382,0.014,0.205,0.269,0.313,0.37803,0.0001,0.0007,1.6e-5,0.0,0.0,0.0,0.0,0.001,0.238707,0.10654,0.002382,0.014,0.205,0.269,0.313,0.379
71.0,0.72507,0.06421,0.001552,0.61878,0.681,0.719,0.758,0.892,0.000113,0.00075,1.8e-5,0.0,0.0,0.0,0.0,0.001,0.274817,0.06424,0.001552,0.108,0.241,0.281,0.319,0.381,0.000113,0.00075,1.8e-5,0.0,0.0,0.0,0.0,0.001,0.27493,0.06421,0.001552,0.108,0.242,0.281,0.319,0.38123,0.761292,0.10654,0.002382,0.621,0.687,0.731,0.795,0.986,9.7e-5,0.0007,1.6e-5,0.0,0.0,0.0,0.0,0.001,0.238611,0.10652,0.002382,0.014,0.205,0.269,0.313,0.37803,9.7e-5,0.0007,1.6e-5,0.0,0.0,0.0,0.0,0.001,0.238708,0.10654,0.002382,0.014,0.205,0.269,0.313,0.379
71.25,0.725065,0.06421,0.001552,0.61878,0.681,0.719,0.758,0.892,0.00011,0.00073,1.8e-5,0.0,0.0,0.0,0.0,0.001,0.274824,0.06424,0.001552,0.108,0.241,0.281,0.319,0.381,0.00011,0.00073,1.8e-5,0.0,0.0,0.0,0.0,0.001,0.274935,0.06421,0.001552,0.108,0.242,0.281,0.319,0.38123,0.761288,0.10654,0.002382,0.621,0.687,0.731,0.795,0.986,9.5e-5,0.00068,1.5e-5,0.0,0.0,0.0,0.0,0.001,0.238617,0.10653,0.002382,0.014,0.205,0.269,0.313,0.37803,9.5e-5,0.00068,1.5e-5,0.0,0.0,0.0,0.0,0.001,0.238712,0.10654,0.002382,0.014,0.205,0.269,0.313,0.379
71.5,0.725062,0.06421,0.001552,0.61878,0.681,0.719,0.758,0.892,0.000109,0.00074,1.8e-5,0.0,0.0,0.0,0.0,0.001,0.274828,0.06423,0.001552,0.108,0.241,0.281,0.319,0.381,0.000109,0.00074,1.8e-5,0.0,0.0,0.0,0.0,0.001,0.274938,0.06421,0.001552,0.108,0.242,0.281,0.319,0.38123,0.761286,0.10654,0.002382,0.621,0.687,0.731,0.795,0.986,9.4e-5,0.00068,1.5e-5,0.0,0.0,0.0,0.0,0.001,0.23862,0.10653,0.002382,0.014,0.205,0.269,0.313,0.37803,9.4e-5,0.00068,1.5e-5,0.0,0.0,0.0,0.0,0.001,0.238714,0.10654,0.002382,0.014,0.205,0.269,0.313,0.379
71.75,0.72506,0.0642,0.001552,0.61878,0.681,0.719,0.758,0.892,0.000105,0.00075,1.8e-5,0.0,0.0,0.0,0.0,0.001,0.274835,0.06424,0.001552,0.108,0.241,0.281,0.319,0.38123,0.000105,0.00075,1.8e-5,0.0,0.0,0.0,0.0,0.001,0.27494,0.0642,0.001552,0.108,0.242,0.281,0.319,0.38123,0.761284,0.10654,0.002382,0.621,0.687,0.731,0.795,0.986,9.0e-5,0.0007,1.6e-5,0.0,0.0,0.0,0.0,0.001,0.238626,0.10653,0.002382,0.014,0.205,0.269,0.313,0.37803,9.0e-5,0.0007,1.6e-5,0.0,0.0,0.0,0.0,0.001,0.238716,0.10654,0.002382,0.014,0.205,0.269,0.313,0.379
72.0,0.725059,0.0642,0.001552,0.61878,0.681,0.719,0.758,0.892,0.000101,0.00074,1.8e-5,0.0,0.0,0.0,0.0,0.001,0.27484,0.06423,0.001552,0.108,0.241,0.281,0.319,0.38123,0.000101,0.00074,1.8e-5,0.0,0.0,0.0,0.0,0.001,0.274941,0.0642,0.001552,0.108,0.242,0.281,0.319,0.38123,0.761283,0.10654,0.002382,0.621,0.687,0.731,0.795,0.986,8.6e-5,0.00069,1.5e-5,0.0,0.0,0.0,0.0,0.001,0.23863,0.10653,0.002382,0.014,0.205,0.269,0.313,0.37803,8.6e-5,0.00069,1.5e-5,0.0,0.0,0.0,0.0,0.001,0.238717,0.10654,0.002382,0.014,0.205,0.269,0.313,0.379
72.25,0.725059,0.0642,0.001552,0.61878,0.681,0.719,0.758,0.892,9.6e-5,0.00071,1.7e-5,0.0,0.0,0.0,0.0,0.001,0.274845,0.06423,0.001552,0.108,0.241,0.281,0.319,0.38123,9.6e-5,0.00071,1.7e-5,0.0,0.0,0.0,0.0,0.001,0.274941,0.0642,0.001552,0.108,0.242,0.281,0.319,0.38123,0.761283,0.10654,0.002382,0.621,0.687,0.731,0.795,0.986,8.2e-5,0.00066,1.5e-5,0.0,0.0,0.0,0.0,0.001,0.238635,0.10653,0.002382,0.014,0.205,0.269,0.313,0.37803,8.2e-5,0.00066,1.5e-5,0.0,0.0,0.0,0.0,0.001,0.238717,0.10654,0.002382,0.014,0.205,0.269,0.313,0.379
72.5,0.725057,0.0642,0.001552,0.61878,0.681,0.719,0.758,0.89123,9.1e-5,0.00068,1.7e-5,0.0,0.0,0.0,0.0,0.001,0.274853,0.06423,0.001552,0.108,0.241,0.281,0.319,0.38123,9.1e-5,0.00068,1.7e-5,0.0,0.0,0.0,0.0,0.001,0.274943,0.0642,0.001552,0.10878,0.242,0.281,0.319,0.38123,0.761281,0.10654,0.002382,0.621,0.687,0.731,0.795,0.986,7.8e-5,0.00063,1.4e-5,0.0,0.0,0.0,0.0,0.001,0.238642,0.10653,0.002382,0.014,0.205,0.269,0.313,0.37803,7.8e-5,0.00063,1.4e-5,0.0,0.0,0.0,0.0,0.001,0.238719,0.10654,0.002382,0.014,0.205,0.269,0.313,0.379
72.75,0.725055,0.0642,0.001552,0.61878,0.681,0.719,0.758,0.89045,8.8e-5,0.00068,1.6e-5,0.0,0.0,0.0,0.0,0.001,0.274857,0.06423,0.001552,0.108,0.241,0.281,0.319,0.38123,8.8e-5,0.00068,1.6e-5,0.0,0.0,0.0,0.0,0.001,0.274945,0.0642,0.001552,0.10955,0.242,0.281,0.319,0.38123,0.761279,0.10654,0.002382,0.621,0.687,0.731,0.795,0.986,7.5e-5,0.00063,1.4e-5,0.0,0.0,0.0,0.0,0.001,0.238645,0.10653,0.002382,0.014,0.205,0.269,0.313,0.37803,7.5e-5,0.00063,1.4e-5,0.0,0.0,0.0,0.0,0.001,0.23872,0.10654,0.002382,0.014,0.205,0.269,0.313,0.379
73.0,0.725054,0.0642,0.001552,0.61878,0.681,0.719,0.758,0.89045,8.5e-5,0.00067,1.6e-5,0.0,0.0,0.0,0.0,0.001,0.274862,0.06423,0.001552,0.108,0.241,0.281,0.319,0.38123,8.5e-5,0.00067,1.6e-5,0.0,0.0,0.0,0.0,0.001,0.274946,0.0642,0.001552,0.10955,0.242,0.281,0.319,0.38123,0.761278,0.10654,0.002382,0.621,0.687,0.731,0.795,0.986,7.3e-5,0.00062,1.4e-5,0.0,0.0,0.0,0.0,0.001,0.238649,0.10653,0.002382,0.014,0.205,0.269,0.313,0.37803,7.3e-5,0.00062,1.4e-5,0.0,0.0,0.0,0.0,0.001,0.238722,0.10654,0.002382,0.014,0.205,0.269,0.313,0.379
73.25,0.725053,0.0642,0.001552,0.61878,0.681,0.719,0.758,0.89045,7.9e-5,0.00062,1.5e-5,0.0,0.0,0.0,0.0,0.001,0.274869,0.06423,0.001552,0.108,0.241,0.281,0.319,0.38123,7.9e-5,0.00062,1.5e-5,0.0,0.0,0.0,0.0,0.001,0.274947,0.0642,0.001552,0.10955,0.242,0.281,0.319,0.38123,0.761277,0.10654,0.002382,0.621,0.687,0.731,0.795,0.986,6.8e-5,0.00058,1.3e-5,0.0,0.0,0.0,0.0,0.001,0.238655,0.10653,0.002382,0.014,0.205,0.269,0.313,0.37803,6.8e-5,0.00058,1.3e-5,0.0,0.0,0.0,0.0,0.001,0.238723,0.10654,0.002382,0.014,0.205,0.269,0.313,0.379
73.5,0.725051,0.0642,0.001552,0.61878,0.681,0.719,0.758,0.89045,7.4e-5,0.0006,1.4e-5,0.0,0.0,0.0,0.0,0.001,0.274874,0.06422,0.001552,0.108,0.241,0.281,0.319,0.38123,7.4e-5,0.0006,1.4e-5,0.0,0.0,0.0,0.0,0.001,0.274949,0.0642,0.001552,0.10955,0.242,0.281,0.319,0.38123,0.761276,0.10654,0.002382,0.621,0.687,0.731,0.795,0.986,6.4e-5,0.00055,1.2e-5,0.0,0.0,0.0,0.0,0.001,0.23866,0.10653,0.002382,0.014,0.205,0.269,0.313,0.37803,6.4e-5,0.00055,1.2e-5,0.0,0.0,0.0,0.0,0.001,0.238724,0.10654,0.002382,0.014,0.205,0.269,0.313,0.379
73.75,0.725051,0.0642,0.001552,0.61878,0.681,0.719,0.758,0.89045,6.8e-5,0.00056,1.4e-5,0.0,0.0,0.0,0.0,0.001,0.274881,0.06422,0.001552,0.108,0.241,0.281,0.319,0.38123,6.8e-5,0.00056,1.4e-5,0.0,0.0,0.0,0.0,0.001,0.274949,0.0642,0.001552,0.10955,0.242,0.281,0.319,0.38123,0.761276,0.10654,0.002382,0.621,0.687,0.731,0.795,0.986,5.8e-5,0.00052,1.2e-5,0.0,0.0,0.0,0.0,0.001,0.238665,0.10653,0.002382,0.014,0.205,0.269,0.313,0.37803,5.8e-5,0.00052,1.2e-5,0.0,0.0,0.0,0.0,0.001,0.238724,0.10654,0.002382,0.014,0.205,0.269,0.313,0.379
74.0,0.725048,0.0642,0.001552,0.61878,0.681,0.719,0.758,0.89045,6.8e-5,0.00056,1.4e-5,0.0,0.0,0.0,0.0,0.001,0.274884,0.06422,0.001552,0.108,0.241,0.281,0.319,0.38123,6.8e-5,0.00056,1.4e-5,0.0,0.0,0.0,0.0,0.001,0.274952,0.0642,0.001552,0.10955,0.242,0.281,0.319,0.38123,0.761274,0.10654,0.002382,0.621,0.687,0.731,0.795,0.986,5.8e-5,0.00052,1.2e-5,0.0,0.0,0.0,0.0,0.001,0.238668,0.10653,0.002382,0.014,0.205,0.269,0.313,0.37803,5.8e-5,0.00052,1.2e-5,0.0,0.0,0.0,0.0,0.001,0.238726,0.10654,0.002382,0.014,0.205,0.269,0.313,0.379
74.25,0.725047,0.0642,0.001552,0.61878,0.681,0.719,0.758,0.89045,6.6e-5,0.00055,1.3e-5,0.0,0.0,0.0,0.0,0.001,0.274887,0.06422,0.001552,0.108,0.241,0.281,0.319,0.38123,6.6e-5,0.00055,1.3e-5,0.0,0.0,0.0,0.0,0.001,0.274953,0.0642,0.001552,0.10955,0.242,0.281,0.319,0.38123,0.761273,0.10654,0.002382,0.621,0.687,0.731,0.795,0.986,5.7e-5,0.00051,1.1e-5,0.0,0.0,0.0,0.0,0.001,0.23867,0.10654,0.002382,0.014,0.205,0.269,0.313,0.37803,5.7e-5,0.00051,1.1e-5,0.0,0.0,0.0,0.0,0.001,0.238727,0.10654,0.002382,0.014,0.205,0.269,0.313,0.379
74.5,0.725045,0.0642,0.001552,0.61878,0.681,0.719,0.758,0.89045,6.1e-5,0.00055,1.3e-5,0.0,0.0,0.0,0.0,0.001,0.274894,0.06422,0.001552,0.108,0.241,0.281,0.319,0.38123,6.1e-5,0.00055,1.3e-5,0.0,0.0,0.0,0.0,0.001,0.274955,0.0642,0.001552,0.10955,0.242,0.281,0.319,0.38123,0.761271,0.10654,0.002382,0.621,0.687,0.731,0.795,0.986,5.2e-5,0.00051,1.1e-5,0.0,0.0,0.0,0.0,0.0,0.238677,0.10654,0.002382,0.014,0.205,0.269,0.313,0.37803,5.2e-5,0.00051,1.1e-5,0.0,0.0,0.0,0.0,0.0,0.238729,0.10654,0.002382,0.014,0.205,0.269,0.313,0.379
74.75,0.725042,0.0642,0.001552,0.61878,0.681,0.719,0.758,0.89045,6.1e-5,0.00054,1.3e-5,0.0,0.0,0.0,0.0,0.001,0.274897,0.06422,0.001552,0.108,0.241,0.281,0.319,0.38123,6.1e-5,0.00054,1.3e-5,0.0,0.0,0.0,0.0,0.001,0.274958,0.0642,0.001552,0.10955,0.242,0.281,0.319,0.38123,0.761268,0.10655,0.002382,0.621,0.687,0.731,0.795,0.986,5.2e-5,0.0005,1.1e-5,0.0,0.0,0.0,0.0,0.0,0.238679,0.10654,0.002382,0.014,0.205,0.269,0.313,0.37803,5.2e-5,0.0005,1.1e-5,0.0,0.0,0.0,0.0,0.0,0.238732,0.10655,0.002382,0.014,0.205,0.269,0.313,0.379
75.0,0.72504,0.0642,0.001552,0.61878,0.681,0.719,0.758,0.89045,6.1e-5,0.00055,1.3e-5,0.0,0.0,0.0,0.0,0.00023,0.274899,0.06421,0.001552,0.108,0.241,0.281,0.319,0.38123,6.1e-5,0.00055,1.3e-5,0.0,0.0,0.0,0.0,0.00023,0.27496,0.0642,0.001552,0.10955,0.242,0.281,0.319,0.38123,0.761266,0.10655,0.002382,0.621,0.687,0.731,0.795,0.986,5.2e-5,0.00051,1.1e-5,0.0,0.0,0.0,0.0,0.0,0.238681,0.10654,0.002382,0.014,0.205,0.269,0.313,0.37803,5.2e-5,0.00051,1.1e-5,0.0,0.0,0.0,0.0,0.0,0.238734,0.10655,0.002382,0.014,0.205,0.269,0.313,0.379
75.25,0.725038,0.0642,0.001552,0.61878,0.681,0.719,0.758,0.89045,6.0e-5,0.00054,1.3e-5,0.0,0.0,0.0,0.0,0.0,0.274902,0.06421,0.001552,0.108,0.241,0.281,0.319,0.38123,6.0e-5,0.00054,1.3e-5,0.0,0.0,0.0,0.0,0.0,0.274962,0.0642,0.001552,0.10955,0.242,0.281,0.319,0.38123,0.761265,0.10655,0.002382,0.621,0.687,0.731,0.795,0.986,5.1e-5,0.0005,1.1e-5,0.0,0.0,0.0,0.0,0.0,0.238684,0.10654,0.002382,0.014,0.205,0.269,0.313,0.37803,5.1e-5,0.0005,1.1e-5,0.0,0.0,0.0,0.0,0.0,0.238735,0.10655,0.002382,0.014,0.205,0.269,0.313,0.379
75.5,0.725035,0.0642,0.001552,0.61878,0.681,0.719,0.758,0.89045,6.0e-5,0.00055,1.3e-5,0.0,0.0,0.0,0.0,0.0,0.274905,0.06422,0.001552,0.108,0.241,0.281,0.319,0.38123,6.0e-5,0.00055,1.3e-5,0.0,0.0,0.0,0.0,0.0,0.274965,0.0642,0.001552,0.10955,0.242,0.281,0.319,0.38123,0.761262,0.10655,0.002382,0.621,0.687,0.731,0.795,0.986,5.1e-5,0.00051,1.1e-5,0.0,0.0,0.0,0.0,0.0,0.238687,0.10654,0.002382,0.014,0.205,0.269,0.313,0.379,5.1e-5,0.00051,1.1e-5,0.0,0.0,0.0,0.0,0.0,0.238738,0.10655,0.002382,0.014,0.205,0.269,0.313,0.379
75.75,0.725034,0.0642,0.001552,0.61878,0.681,0.719,0.758,0.89045,5.7e-5,0.00052,1.3e-5,0.0,0.0,0.0,0.0,0.0,0.274909,0.06421,0.001552,0.108,0.241,0.281,0.319,0.38123,5.7e-5,0.00052,1.3e-5,0.0,0.0,0.0,0.0,0.0,0.274966,0.0642,0.001552,0.10955,0.242,0.281,0.319,0.38123,0.761261,0.10655,0.002382,0.621,0.687,0.731,0.795,0.986,4.8e-5,0.00048,1.1e-5,0.0,0.0,0.0,0.0,0.0,0.23869,0.10654,0.002382,0.014,0.205,0.269,0.313,0.379,4.8e-5,0.00048,1.1e-5,0.0,0.0,0.0,0.0,0.0,0.238738,0.10655,0.002382,0.014,0.205,0.269,0.313,0.379
76.0,0.725032,0.0642,0.001552,0.61878,0.681,0.719,0.758,0.89045,5.5e-5,0.00048,1.2e-5,0.0,0.0,0.0,0.0,0.0,0.274912,0.06421,0.001552,0.108,0.241,0.281,0.319,0.38123,5.5e-5,0.00048,1.2e-5,0.0,0.0,0.0,0.0,0.0,0.274968,0.0642,0.001552,0.10955,0.242,0.281,0.319,0.38123,0.76126,0.10655,0.002382,0.621,0.687,0.731,0.795,0.986,4.8e-5,0.00045,1.0e-5,0.0,0.0,0.0,0.0,0.0,0.238692,0.10654,0.002382,0.014,0.205,0.269,0.313,0.379,4.8e-5,0.00045,1.0e-5,0.0,0.0,0.0,0.0,0.0,0.23874,0.10655,0.002382,0.014,0.205,0.269,0.313,0.379
76.25,0.725031,0.06419,0.001551,0.61878,0.681,0.719,0.758,0.88968,5.3e-5,0.00048,1.2e-5,0.0,0.0,0.0,0.0,0.0,0.274916,0.06421,0.001552,0.108,0.241,0.281,0.319,0.38123,5.3e-5,0.00048,1.2e-5,0.0,0.0,0.0,0.0,0.0,0.274969,0.06419,0.001551,0.11032,0.242,0.281,0.319,0.38123,0.761259,0.10655,0.002382,0.621,0.687,0.731,0.795,0.986,4.5e-5,0.00045,1.0e-5,0.0,0.0,0.0,0.0,0.0,0.238696,0.10654,0.002382,0.014,0.205,0.269,0.313,0.379,4.5e-5,0.00045,1.0e-5,0.0,0.0,0.0,0.0,0.0,0.238741,0.10655,0.002382,0.014,0.205,0.269,0.313,0.379
76.5,0.725028,0.06419,0.001551,0.61878,0.681,0.719,0.758,0.88968,5.2e-5,0.00048,1.2e-5,0.0,0.0,0.0,0.0,0.0,0.27492,0.06421,0.001552,0.108,0.241,0.281,0.319,0.38123,5.2e-5,0.00048,1.2e-5,0.0,0.0,0.0,0.0,0.0,0.274972,0.06419,0.001551,0.11032,0.242,0.281,0.319,0.38123,0.761256,0.10655,0.002382,0.621,0.687,0.731,0.795,0.986,4.4e-5,0.00045,1.0e-5,0.0,0.0,0.0,0.0,0.0,0.238699,0.10654,0.002382,0.014,0.205,0.269,0.313,0.379,4.4e-5,0.00045,1.0e-5,0.0,0.0,0.0,0.0,0.0,0.238743,0.10655,0.002382,0.014,0.205,0.269,0.313,0.379
76.75,0.725026,0.06419,0.001551,0.61878,0.681,0.719,0.758,0.88968,5.1e-5,0.00048,1.2e-5,0.0,0.0,0.0,0.0,0.0,0.274923,0.06421,0.001552,0.108,0.241,0.281,0.319,0.38123,5.1e-5,0.00048,1.2e-5,0.0,0.0,0.0,0.0,0.0,0.274974,0.06419,0.001551,0.11032,0.242,0.281,0.319,0.38123,0.761254,0.10655,0.002382,0.621,0.687,0.731,0.795,0.986,4.4e-5,0.00044,1.0e-5,0.0,0.0,0.0,0.0,0.0,0.238702,0.10654,0.002382,0.014,0.205,0.269,0.313,0.379,4.4e-5,0.00044,1.0e-5,0.0,0.0,0.0,0.0,0.0,0.238746,0.10655,0.002382,0.014,0.205,0.269,0.313,0.379
77.0,0.725025,0.06419,0.001551,0.61878,0.681,0.719,0.758,0.88968,5.0e-5,0.00047,1.1e-5,0.0,0.0,0.0,0.0,0.0,0.274925,0.06421,0.001552,0.108,0.241,0.281,0.319,0.38123,5.0e-5,0.00047,1.1e-5,0.0,0.0,0.0,0.0,0.0,0.274975,0.06419,0.001551,0.11032,0.242,0.281,0.319,0.38123,0.761253,0.10655,0.002382,0.621,0.687,0.731,0.795,0.986,4.3e-5,0.00044,1.0e-5,0.0,0.0,0.0,0.0,0.0,0.238704,0.10654,0.002382,0.014,0.205,0.269,0.313,0.379,4.3e-5,0.00044,1.0e-5,0.0,0.0,0.0,0.0,0.0,0.238746,0.10655,0.002382,0.014,0.205,0.269,0.313,0.379
77.25,0.725024,0.06419,0.001551,0.61878,0.681,0.719,0.758,0.88968,4.8e-5,0.00046,1.1e-5,0.0,0.0,0.0,0.0,0.0,0.274928,0.06421,0.001552,0.108,0.24175,0.281,0.319,0.38123,4.8e-5,0.00046,1.1e-5,0.0,0.0,0.0,0.0,0.0,0.274976,0.06419,0.001551,0.11032,0.242,0.281,0.319,0.38123,0.761253,0.10655,0.002382,0.621,0.687,0.731,0.795,0.986,4.1e-5,0.00042,9.0e-6,0.0,0.0,0.0,0.0,0.0,0.238706,0.10654,0.002382,0.014,0.205,0.269,0.313,0.379,4.1e-5,0.00042,9.0e-6,0.0,0.0,0.0,0.0,0.0,0.238747,0.10655,0.002382,0.014,0.205,0.269,0.313,0.379
77.5,0.725022,0.06419,0.001551,0.61878,0.681,0.719,0.758,0.88968,4.4e-5,0.00042,1.0e-5,0.0,0.0,0.0,0.0,0.0,0.274933,0.06421,0.001552,0.108,0.242,0.281,0.319,0.38123,4.4e-5,0.00042,1.0e-5,0.0,0.0,0.0,0.0,0.0,0.274978,0.06419,0.001551,0.11032,0.242,0.281,0.319,0.38123,0.761252,0.10655,0.002382,0.621,0.687,0.731,0.795,0.986,3.8e-5,0.00039,9.0e-6,0.0,0.0,0.0,0.0,0.0,0.238711,0.10654,0.002382,0.014,0.205,0.269,0.313,0.379,3.8e-5,0.00039,9.0e-6,0.0,0.0,0.0,0.0,0.0,0.238748,0.10655,0.002382,0.014,0.205,0.269,0.313,0.379
77.75,0.72502,0.06419,0.001551,0.61878,0.681,0.719,0.758,0.88968,4.3e-5,0.0004,1.0e-5,0.0,0.0,0.0,0.0,0.0,0.274937,0.0642,0.001552,0.10878,0.242,0.281,0.319,0.38123,4.3e-5,0.0004,1.0e-5,0.0,0.0,0.0,0.0,0.0,0.27498,0.06419,0.001551,0.11032,0.242,0.281,0.319,0.38123,0.76125,0.10655,0.002382,0.621,0.687,0.731,0.795,0.986,3.7e-5,0.00037,8.0e-6,0.0,0.0,0.0,0.0,0.0,0.238714,0.10654,0.002382,0.014,0.205,0.269,0.313,0.379,3.7e-5,0.00037,8.0e-6,0.0,0.0,0.0,0.0,0.0,0.23875,0.10655,0.002382,0.014,0.205,0.269,0.313,0.379
78.0,0.725018,0.06419,0.001551,0.61878,0.681,0.719,0.758,0.88968,4.3e-5,0.0004,1.0e-5,0.0,0.0,0.0,0.0,0.0,0.274939,0.0642,0.001552,0.10878,0.242,0.281,0.319,0.38123,4.3e-5,0.0004,1.0e-5,0.0,0.0,0.0,0.0,0.0,0.274982,0.06419,0.001551,0.11032,0.242,0.281,0.319,0.38123,0.761248,0.10655,0.002382,0.621,0.687,0.731,0.795,0.986,3.7e-5,0.00037,8.0e-6,0.0,0.0,0.0,0.0,0.0,0.238716,0.10654,0.002382,0.014,0.205,0.269,0.313,0.379,3.7e-5,0.00037,8.0e-6,0.0,0.0,0.0,0.0,0.0,0.238752,0.10655,0.002382,0.014,0.205,0.269,0.313,0.379
78.25,0.725018,0.06419,0.001551,0.61878,0.681,0.719,0.758,0.88968,4.0e-5,0.00036,9.0e-6,0.0,0.0,0.0,0.0,0.0,0.274942,0.0642,0.001552,0.10878,0.242,0.281,0.319,0.38123,4.0e-5,0.00036,9.0e-6,0.0,0.0,0.0,0.0,0.0,0.274982,0.06419,0.001551,0.11032,0.242,0.281,0.319,0.38123,0.761248,0.10655,0.002382,0.621,0.687,0.731,0.795,0.986,3.4e-5,0.00034,8.0e-6,0.0,0.0,0.0,0.0,0.0,0.238718,0.10654,0.002382,0.014,0.205,0.269,0.313,0.379,3.4e-5,0.00034,8.0e-6,0.0,0.0,0.0,0.0,0.0,0.238752,0.10655,0.002382,0.014,0.205,0.269,0.313,0.379
78.5,0.725018,0.06419,0.001551,0.61878,0.681,0.719,0.758,0.88968,3.4e-5,0.00032,8.0e-6,0.0,0.0,0.0,0.0,0.0,0.274947,0.0642,0.001552,0.10878,0.242,0.281,0.319,0.38123,3.4e-5,0.00032,8.0e-6,0.0,0.0,0.0,0.0,0.0,0.274982,0.06419,0.001551,0.11032,0.242,0.281,0.319,0.38123,0.761248,0.10655,0.002382,0.621,0.687,0.731,0.795,0.986,3.0e-5,0.00029,7.0e-6,0.0,0.0,0.0,0.0,0.0,0.238723,0.10654,0.002382,0.014,0.205,0.269,0.313,0.379,3.0e-5,0.00029,7.0e-6,0.0,0.0,0.0,0.0,0.0,0.238752,0.10655,0.002382,0.014,0.205,0.269,0.313,0.379
78.75,0.725018,0.06419,0.001551,0.61878,0.681,0.719,0.758,0.88968,3.3e-5,0.00031,8.0e-6,0.0,0.0,0.0,0.0,0.0,0.274949,0.0642,0.001552,0.10878,0.242,0.281,0.319,0.38123,3.3e-5,0.00031,8.0e-6,0.0,0.0,0.0,0.0,0.0,0.274982,0.06419,0.001551,0.11032,0.242,0.281,0.319,0.38123,0.761248,0.10655,0.002382,0.621,0.687,0.731,0.795,0.986,2.9e-5,0.00029,7.0e-6,0.0,0.0,0.0,0.0,0.0,0.238724,0.10654,0.002382,0.014,0.205,0.269,0.313,0.379,2.9e-5,0.00029,7.0e-6,0.0,0.0,0.0,0.0,0.0,0.238752,0.10655,0.002382,0.014,0.205,0.269,0.313,0.379
79.0,0.725018,0.06419,0.001551,0.61878,0.681,0.719,0.758,0.88968,3.2e-5,0.0003,7.0e-6,0.0,0.0,0.0,0.0,0.0,0.274951,0.0642,0.001552,0.10878,0.242,0.281,0.319,0.38123,3.2e-5,0.0003,7.0e-6,0.0,0.0,0.0,0.0,0.0,0.274982,0.06419,0.001551,0.11032,0.242,0.281,0.319,0.38123,0.761248,0.10655,0.002382,0.621,0.687,0.731,0.795,0.986,2.7e-5,0.00028,6.0e-6,0.0,0.0,0.0,0.0,0.0,0.238726,0.10654,0.002382,0.014,0.205,0.269,0.313,0.379,2.7e-5,0.00028,6.0e-6,0.0,0.0,0.0,0.0,0.0,0.238752,0.10655,0.002382,0.014,0.205,0.269,0.313,0.379
79.25,0.725016,0.06419,0.001551,0.61878,0.681,0.719,0.758,0.88968,3.0e-5,0.00031,7.0e-6,0.0,0.0,0.0,0.0,0.0,0.274953,0.0642,0.001552,0.10878,0.242,0.281,0.319,0.38123,3.0e-5,0.00031,7.0e-6,0.0,0.0,0.0,0.0,0.0,0.274984,0.06419,0.001551,0.11032,0.242,0.281,0.319,0.38123,0.761246,0.10655,0.002382,0.621,0.687,0.731,0.795,0.986,2.6e-5,0.00029,6.0e-6,0.0,0.0,0.0,0.0,0.0,0.238728,0.10654,0.002382,0.014,0.205,0.269,0.313,0.379,2.6e-5,0.00029,6.0e-6,0.0,0.0,0.0,0.0,0.0,0.238754,0.10655,0.002382,0.014,0.205,0.269,0.313,0.379
79.5,0.725015,0.06419,0.001551,0.61878,0.681,0.719,0.758,0.88968,3.2e-5,0.00032,8.0e-6,0.0,0.0,0.0,0.0,0.0,0.274953,0.0642,0.001552,0.10878,0.242,0.281,0.319,0.38123,3.2e-5,0.00032,8.0e-6,0.0,0.0,0.0,0.0,0.0,0.274985,0.06419,0.001551,0.11032,0.242,0.281,0.319,0.38123,0.761246,0.10655,0.002382,0.621,0.687,0.731,0.795,0.986,2.7e-5,0.0003,7.0e-6,0.0,0.0,0.0,0.0,0.0,0.238728,0.10654,0.002382,0.014,0.205,0.269,0.313,0.379,2.7e-5,0.0003,7.0e-6,0.0,0.0,0.0,0.0,0.0,0.238754,0.10655,0.002382,0.014,0.205,0.269,0.313,0.379
79.75,0.725013,0.06419,0.001551,0.61878,0.681,0.719,0.758,0.88968,3.2e-5,0.00034,8.0e-6,0.0,0.0,0.0,0.0,0.0,0.274956,0.0642,0.001552,0.10878,0.242,0.281,0.319,0.38123,3.2e-5,0.00034,8.0e-6,0.0,0.0,0.0,0.0,0.0,0.274987,0.06419,0.001551,0.11032,0.242,0.281,0.319,0.38123,0.761243,0.10655,0.002382,0.621,0.687,0.731,0.795,0.986,2.7e-5,0.00032,7.0e-6,0.0,0.0,0.0,0.0,0.0,0.23873,0.10654,0.002382,0.014,0.205,0.269,0.313,0.379,2.7e-5,0.00032,7.0e-6,0.0,0.0,0.0,0.0,0.0,0.238756,0.10655,0.002382,0.014,0.205,0.269,0.313,0.379
80.0,0.725012,0.06419,0.001551,0.61878,0.681,0.719,0.758,0.88968,3.1e-5,0.00033,8.0e-6,0.0,0.0,0.0,0.0,0.0,0.274957,0.0642,0.001552,0.10878,0.242,0.281,0.319,0.38123,3.1e-5,0.00033,8.0e-6,0.0,0.0,0.0,0.0,0.0,0.274988,0.06419,0.001551,0.11032,0.242,0.281,0.319,0.38123,0.761243,0.10655,0.002382,0.621,0.687,0.731,0.795,0.986,2.7e-5,0.0003,7.0e-6,0.0,0.0,0.0,0.0,0.0,0.23873,0.10654,0.002382,0.014,0.205,0.269,0.313,0.379,2.7e-5,0.0003,7.0e-6,0.0,0.0,0.0,0.0,0.0,0.238757,0.10655,0.002382,0.014,0.205,0.269,0.313,0.379
