t,cond.S.mean,cond.S.sd,cond.S.se,cond.S.q025,cond.S.q25,cond.S.q50,cond.S.q75,cond.S.q975,cond.I.mean,cond.I.sd,cond.I.se,cond.I.q025,cond.I.q25,cond.I.q50,cond.I.q75,cond.I.q975,cond.R.mean,cond.R.sd,cond.R.se,cond.R.q025,cond.R.q25,cond.R.q50,cond.R.q75,cond.R.q975,cond.infectious.mean,cond.infectious.sd,cond.infectious.se,cond.infectious.q025,cond.infectious.q25,cond.infectious.q50,cond.infectious.q75,cond.infectious.q975,cond.cumulative.mean,cond.cumulative.sd,cond.cumulative.se,cond.cumulative.q025,cond.cumulative.q25,cond.cumulative.q50,cond.cumulative.q75,cond.cumulative.q975,uncond.S.mean,uncond.S.sd,uncond.S.se,uncond.S.q025,uncond.S.q25,uncond.S.q50,uncond.S.q75,uncond.S.q975,uncond.I.mean,uncond.I.sd,uncond.I.se,uncond.I.q025,uncond.I.q25,uncond.I.q50,uncond.I.q75,uncond.I.q975,uncond.R.mean,uncond.R.sd,uncond.R.se,uncond.R.q025,uncond.R.q25,uncond.R.q50,uncond.R.q75,uncond.R.q975,uncond.infectious.mean,uncond.infectious.sd,uncond.infectious.se,uncond.infectious.q025,uncond.infectious.q25,uncond.infectious.q50,uncond.infectious.q75,uncond.infectious.q975,uncond.cumulative.mean,uncond.cumulative.sd,uncond.cumulative.se,uncond.cumulative.q025,uncond.cumulative.q25,uncond.cumulative.q50,uncond.cumulative.q75,uncond.cumulative.q975
0.0,0.99,0.0,0.0,0.99,0.99,0.99,0.99,0.99,0.01,0.0,0.0,0.01,0.01,0.01,0.01,0.01,0.0,0.0,0.0,0.0,0.0,0.0,0.0,0.0,0.01,0.0,0.0,0.01,0.01,0.01,0.01,0.01,0.01,0.0,0.0,0.01,0.01,0.01,0.01,0.01,0.99,0.0,0.0,0.99,0.99,0.99,0.99,0.99,0.01,0.0,0.0,0.01,0.01,0.01,0.01,0.01,0.0,0.0,0.0,0.0,0.0,0.0,0.0,0.0,0.01,0.0,0.0,0.01,0.01,0.01,0.01,0.01,0.01,0.0,0.0,0.01,0.01,0.01,0.01,0.01
0.25,0.988569,0.00138,3.1e-5,0.985,0.988,0.989,0.99,0.99,0.01079,0.00159,3.6e-5,0.008,0.01,0.011,0.012,0.014,0.000641,0.00078,1.8e-5,0.0,0.0,0.0,0.001,0.002,0.01079,0.00159,3.6e-5,0.008,0.01,0.011,0.012,0.014,0.011431,0.00138,3.1e-5,0.01,0.01,0.011,0.012,0.015,0.98858,0.00138,3.1e-5,0.985,0.988,0.989,0.99,0.99,0.010774,0.00159,3.5e-5,0.008,0.01,0.011,0.012,0.014,0.000646,0.00078,1.7e-5,0.0,0.0,0.0,0.001,0.002,0.010774,0.00159,3.5e-5,0.008,0.01,0.011,0.012,0.014,0.01142,0.00138,3.1e-5,0.01,0.01,0.011,0.012,0.015
0.5,0.986984,0.00228,5.1e-5,0.982,0.986,0.987,0.989,0.99,0.011668,0.00251,5.6e-5,0.008,0.01,0.011,0.013,0.017,0.001347,0.00114,2.6e-5,0.0,0.001,0.001,0.002,0.004,0.011668,0.00251,5.6e-5,0.008,0.01,0.011,0.013,0.017,0.013016,0.00228,5.1e-5,0.01,0.011,0.013,0.014,0.018,0.987008,0.00228,5.1e-5,0.982,0.986,0.987,0.989,0.99,0.011638,0.00251,5.6e-5,0.007,0.01,0.011,0.013,0.017,0.001354,0.00114,2.5e-5,0.0,0.001,0.001,0.002,0.004,0.011638,0.00251,5.6e-5,0.007,0.01,0.011,0.013,0.017,0.012992,0.00228,5.1e-5,0.01,0.011,0.013,0.014,0.018
0.75,0.985208,0.00323,7.3e-5,0.978,0.983,0.986,0.988,0.99,0.012675,0.00338,7.6e-5,0.007,0.01,0.012,0.015,0.02,0.002116,0.00138,3.1e-5,0.0,0.001,0.002,0.003,0.005,0.012675,0.00338,7.6e-5,0.007,0.01,0.012,0.015,0.02,0.014792,0.00323,7.3e-5,0.01,0.012,0.014,0.017,0.022,0.985246,0.00323,7.2e-5,0.978,0.983,0.986,0.988,0.99,0.012629,0.00339,7.6e-5,0.007,0.01,0.012,0.015,0.02,0.002125,0.00138,3.1e-5,0.0,0.001,0.002,0.003,0.005,0.012629,0.00339,7.6e-5,0.007,0.01,0.012,0.015,0.02,0.014754,0.00323,7.2e-5,0.01,0.012,0.014,0.017,0.022
1.0,0.983262,0.00422,9.5e-5,0.973,0.981,0.984,0.986,0.989,0.013794,0.00425,9.6e-5,0.007,0.011,0.013,0.016,0.024,0.002944,0.0016,3.6e-5,0.0,0.002,0.003,0.004,0.006,0.013794,0.00425,9.6e-5,0.007,0.011,0.013,0.016,0.024,0.016738,0.00422,9.5e-5,0.011,0.014,0.016,0.019,0.027,0.983319,0.00422,9.4e-5,0.973,0.981,0.984,0.986,0.989,0.013726,0.00427,9.5e-5,0.007,0.011,0.013,0.016,0.024,0.002954,0.0016,3.6e-5,0.0,0.002,0.003,0.004,0.006,0.013726,0.00427,9.5e-5,0.007,0.011,0.013,0.016,0.024,0.01668,0.00422,9.4e-5,0.011,0.014,0.016,0.019,0.027
1.25,0.981162,0.00531,0.00012,0.969,0.978,0.982,0.985,0.989,0.015017,0.00518,0.000117,0.007,0.011,0.014,0.018,0.027,0.003821,0.0018,4.0e-5,0.001,0.003,0.004,0.005,0.007,0.015017,0.00518,0.000117,0.007,0.011,0.014,0.018,0.027,0.018838,0.00531,0.00012,0.011,0.015,0.018,0.022,0.031,0.981244,0.00533,0.000119,0.969,0.978,0.982,0.985,0.989,0.014924,0.00521,0.000116,0.007,0.011,0.014,0.018,0.027,0.003832,0.0018,4.0e-5,0.001,0.003,0.004,0.005,0.00703,0.014924,0.00521,0.000116,0.007,0.011,0.014,0.018,0.027,0.018756,0.00533,0.000119,0.011,0.015,0.018,0.022,0.031
1.5,0.978929,0.00662,0.000149,0.963,0.975,0.98,0.984,0.988,0.016251,0.00625,0.000141,0.007,0.012,0.015,0.02,0.031,0.00482,0.00204,4.6e-5,0.001,0.003,0.005,0.006,0.009,0.016251,0.00625,0.000141,0.007,0.012,0.015,0.02,0.031,0.021071,0.00662,0.000149,0.012,0.016,0.02,0.025,0.037,0.979031,0.00663,0.000148,0.963,0.975,0.98,0.984,0.988,0.016139,0.00628,0.00014,0.007,0.012,0.015,0.019,0.031,0.004829,0.00204,4.6e-5,0.001,0.003,0.005,0.006,0.009,0.016139,0.00628,0.00014,0.007,0.012,0.015,0.019,0.031,0.020968,0.00663,0.000148,0.012,0.016,0.02,0.025,0.037
1.75,0.976435,0.008,0.00018,0.957,0.972,0.978,0.982,0.988,0.017693,0.00734,0.000165,0.007,0.012,0.017,0.02125,0.036,0.005873,0.00233,5.3e-5,0.002,0.004,0.006,0.007,0.011,0.017693,0.00734,0.000165,0.007,0.012,0.017,0.02125,0.036,0.023565,0.008,0.00018,0.012,0.018,0.022,0.028,0.043,0.976565,0.00803,0.00018,0.957,0.972,0.978,0.982,0.988,0.017554,0.00739,0.000165,0.006,0.012,0.016,0.021,0.036,0.005881,0.00233,5.2e-5,0.002,0.004,0.006,0.007,0.011,0.017554,0.00739,0.000165,0.006,0.012,0.016,0.021,0.036,0.023435,0.00803,0.00018,0.012,0.018,0.022,0.028,0.043
2.0,0.973757,0.00951,0.000214,0.951,0.969,0.975,0.981,0.987,0.019229,0.00844,0.00019,0.007,0.013,0.018,0.024,0.04,0.007014,0.00272,6.1e-5,0.002,0.005,0.007,0.009,0.013,0.019229,0.00844,0.00019,0.007,0.013,0.018,0.024,0.04,0.026243,0.00951,0.000214,0.013,0.019,0.025,0.031,0.049,0.973919,0.00955,0.000213,0.951,0.969,0.976,0.981,0.988,0.019065,0.0085,0.00019,0.006,0.013,0.018,0.024,0.04,0.007016,0.00271,6.1e-5,0.002,0.005,0.007,0.009,0.013,0.019065,0.0085,0.00019,0.006,0.013,0.018,0.024,0.04,0.026081,0.00955,0.000213,0.012,0.019,0.024,0.031,0.049
2.25,0.970762,0.01122,0.000253,0.944,0.965,0.9725,0.979,0.987,0.020973,0.00977,0.00022,0.007,0.014,0.019,0.026,0.044,0.008265,0.00308,6.9e-5,0.003,0.006,0.008,0.01,0.015,0.020973,0.00977,0.00022,0.007,0.014,0.019,0.026,0.044,0.029238,0.01122,0.000253,0.013,0.021,0.0275,0.035,0.056,0.970961,0.01127,0.000252,0.944,0.965,0.973,0.979,0.987,0.020781,0.00983,0.00022,0.006,0.014,0.019,0.026,0.044,0.008257,0.00306,6.9e-5,0.003,0.006,0.008,0.01,0.015,0.020781,0.00983,0.00022,0.006,0.014,0.019,0.026,0.044,0.029038,0.01127,0.000252,0.013,0.021,0.027,0.035,0.056
2.5,0.967538,0.01314,0.000296,0.935,0.961,0.97,0.978,0.986,0.022848,0.0112,0.000252,0.007,0.015,0.021,0.029,0.05073,0.009614,0.00355,8.0e-5,0.004,0.007,0.009,0.012,0.018,0.022848,0.0112,0.000252,0.007,0.015,0.021,0.029,0.05073,0.032462,0.01314,0.000296,0.014,0.022,0.03,0.039,0.065,0.967778,0.01321,0.000295,0.935,0.961,0.97,0.978,0.986,0.022625,0.01128,0.000252,0.006,0.014,0.021,0.029,0.05003,0.009596,0.00354,7.9e-5,0.004,0.007,0.009,0.012,0.018,0.022625,0.01128,0.000252,0.006,0.014,0.021,0.029,0.05003,0.032221,0.01321,0.000295,0.014,0.022,0.03,0.039,0.065
2.75,0.964037,0.01513,0.000341,0.928,0.956,0.966,0.976,0.985,0.024851,0.01254,0.000282,0.007,0.016,0.023,0.031,0.056,0.011112,0.0041,9.2e-5,0.005,0.008,0.01,0.014,0.02,0.024851,0.01254,0.000282,0.007,0.016,0.023,0.031,0.056,0.035963,0.01513,0.000341,0.015,0.024,0.034,0.044,0.072,0.964318,0.01522,0.00034,0.928,0.956,0.967,0.976,0.986,0.024598,0.01264,0.000283,0.006,0.015,0.023,0.031,0.056,0.011083,0.00409,9.1e-5,0.005,0.008,0.01,0.014,0.02,0.024598,0.01264,0.000283,0.006,0.015,0.023,0.031,0.056,0.035681,0.01522,0.00034,0.014,0.024,0.033,0.044,0.072
3.0,0.960239,0.01729,0.000389,0.91828,0.951,0.963,0.973,0.984,0.027031,0.01408,0.000317,0.007,0.016,0.025,0.034,0.061,0.012729,0.00473,0.000107,0.006,0.009,0.012,0.016,0.023,0.027031,0.01408,0.000317,0.007,0.016,0.025,0.034,0.061,0.039761,0.01729,0.000389,0.016,0.027,0.037,0.049,0.08173,0.960568,0.01739,0.000389,0.91898,0.951,0.963,0.974,0.985,0.026746,0.01419,0.000317,0.006,0.016,0.025,0.034,0.061,0.012685,0.00472,0.000106,0.006,0.009,0.012,0.015,0.023,0.026746,0.01419,0.000317,0.006,0.016,0.025,0.034,0.061,0.039432,0.01739,0.000389,0.015,0.026,0.037,0.049,0.08103
3.25,0.956181,0.01961,0.000442,0.91,0.945,0.959,0.971,0.984,0.029313,0.0156,0.000351,0.007,0.018,0.027,0.038,0.06773,0.014506,0.00545,0.000123,0.006,0.01,0.014,0.018,0.027,0.029313,0.0156,0.000351,0.007,0.018,0.027,0.038,0.06773,0.043819,0.01961,0.000442,0.016,0.029,0.041,0.055,0.09,0.956563,0.01974,0.000441,0.91,0.945,0.96,0.972,0.985,0.028992,0.01573,0.000352,0.006,0.017,0.027,0.038,0.06703,0.014444,0.00545,0.000122,0.006,0.01,0.014,0.018,0.027,0.028992,0.01573,0.000352,0.006,0.017,0.027,0.038,0.06703,0.043437,0.01974,0.000441,0.015,0.028,0.04,0.055,0.09
3.5,0.951799,0.02205,0.000497,0.9,0.939,0.955,0.969,0.983,0.031775,0.01719,0.000387,0.007,0.019,0.029,0.041,0.073,0.016425,0.0063,0.000142,0.007,0.012,0.015,0.02,0.03073,0.031775,0.01719,0.000387,0.007,0.019,0.029,0.041,0.073,0.048201,0.02205,0.000497,0.017,0.031,0.045,0.061,0.1,0.95224,0.02221,0.000497,0.9,0.939,0.956,0.969,0.984,0.031416,0.01734,0.000388,0.007,0.018,0.029,0.041,0.073,0.016343,0.0063,0.000141,0.007,0.012,0.015,0.02,0.03003,0.031416,0.01734,0.000388,0.007,0.018,0.029,0.041,0.073,0.04776,0.02221,0.000497,0.016,0.031,0.044,0.061,0.1
3.75,0.947166,0.02466,0.000555,0.888,0.933,0.951,0.966,0.982,0.034325,0.01881,0.000424,0.008,0.02,0.031,0.044,0.07973,0.01851,0.00727,0.000164,0.008,0.013,0.017,0.023,0.035,0.034325,0.01881,0.000424,0.008,0.02,0.031,0.044,0.07973,0.052834,0.02466,0.000555,0.018,0.034,0.049,0.067,0.112,0.947667,0.02485,0.000556,0.888,0.934,0.951,0.967,0.983,0.033926,0.01897,0.000424,0.00698,0.02,0.031,0.044,0.07903,0.018407,0.00728,0.000163,0.008,0.013,0.017,0.023,0.035,0.033926,0.01897,0.000424,0.00698,0.02,0.031,0.044,0.07903,0.052333,0.02485,0.000556,0.017,0.033,0.049,0.066,0.112
4.0,0.942186,0.02738,0.000617,0.87628,0.927,0.946,0.963,0.981,0.037072,0.02045,0.000461,0.008,0.022,0.034,0.049,0.087,0.020742,0.00835,0.000188,0.009,0.015,0.019,0.026,0.04,0.037072,0.02045,0.000461,0.008,0.022,0.034,0.049,0.087,0.057814,0.02738,0.000617,0.019,0.037,0.054,0.073,0.12373,0.942751,0.02761,0.000617,0.87698,0.927,0.947,0.964,0.983,0.036635,0.02064,0.000461,0.007,0.021,0.033,0.048,0.087,0.020613,0.00837,0.000187,0.009,0.014,0.019,0.026,0.04,0.036635,0.02064,0.000461,0.007,0.021,0.033,0.048,0.087,0.057248,0.02761,0.000617,0.017,0.036,0.053,0.073,0.12303
4.25,0.936875,0.03033,0.000683,0.864,0.92,0.942,0.96,0.97973,0.039997,0.02226,0.000501,0.008,0.023,0.037,0.053,0.09373,0.023128,0.00945,0.000213,0.009,0.016,0.0215,0.029,0.045,0.039997,0.02226,0.000501,0.008,0.023,0.037,0.053,0.09373,0.063125,0.03033,0.000683,0.02028,0.04,0.058,0.08,0.136,0.937513,0.03059,0.000684,0.864,0.92,0.942,0.961,0.982,0.039512,0.02247,0.000503,0.00698,0.023,0.036,0.052,0.09303,0.022974,0.00947,0.000212,0.009,0.016,0.021,0.029,0.045,0.039512,0.02247,0.000503,0.00698,0.023,0.036,0.052,0.09303,0.062486,0.03059,0.000684,0.018,0.039,0.058,0.08,0.136
4.5,0.931184,0.03332,0.00075,0.852,0.912,0.936,0.957,0.979,0.043153,0.02393,0.000539,0.00828,0.025,0.039,0.057,0.098,0.025664,0.01079,0.000243,0.01,0.018,0.024,0.032,0.05073,0.043153,0.02393,0.000539,0.00828,0.025,0.039,0.057,0.098,0.068816,0.03332,0.00075,0.021,0.043,0.064,0.088,0.148,0.931899,0.03363,0.000752,0.852,0.913,0.937,0.957,0.981,0.042622,0.02418,0.000541,0.007,0.024,0.039,0.05625,0.098,0.025479,0.01083,0.000242,0.01,0.017,0.024,0.032,0.05003,0.042622,0.02418,0.000541,0.007,0.024,0.039,0.05625,0.098,0.068101,0.03363,0.000752,0.019,0.043,0.063,0.087,0.148
4.75,0.925263,0.03629,0.000817,0.842,0.904,0.931,0.953,0.978,0.046271,0.02551,0.000574,0.009,0.027,0.043,0.061,0.104,0.028466,0.01219,0.000274,0.011,0.019,0.027,0.035,0.05773,0.046271,0.02551,0.000574,0.009,0.027,0.043,0.061,0.104,0.074737,0.03629,0.000817,0.022,0.047,0.069,0.096,0.158,0.926057,0.03665,0.000819,0.842,0.905,0.931,0.954,0.98002,0.045695,0.02579,0.000577,0.007,0.026,0.042,0.061,0.104,0.028247,0.01225,0.000274,0.011,0.019,0.026,0.035,0.05703,0.045695,0.02579,0.000577,0.007,0.026,0.042,0.061,0.104,0.073943,0.03665,0.000819,0.01998,0.046,0.069,0.095,0.158
5.0,0.918999,0.03929,0.000885,0.83,0.895,0.924,0.949,0.976,0.04956,0.02703,0.000609,0.009,0.029,0.046,0.066,0.10973,0.031441,0.01375,0.00031,0.012,0.021,0.029,0.039,0.063,0.04956,0.02703,0.000609,0.009,0.029,0.046,0.066,0.10973,0.081001,0.03929,0.000885,0.024,0.051,0.076,0.105,0.17,0.919877,0.0397,0.000888,0.83,0.896,0.925,0.95,0.98,0.048936,0.02734,0.000611,0.007,0.028,0.046,0.065,0.10903,0.031186,0.01382,0.000309,0.011,0.021,0.029,0.039,0.063,0.048936,0.02734,0.000611,0.007,0.028,0.046,0.065,0.10903,0.080122,0.0397,0.000888,0.02,0.05,0.075,0.104,0.17
5.25,0.912375,0.04252,0.000958,0.81628,0.886,0.918,0.945,0.976,0.052919,0.02872,0.000647,0.01,0.031,0.049,0.071,0.117,0.034706,0.01537,0.000346,0.01228,0.023,0.032,0.04325,0.07073,0.052919,0.02872,0.000647,0.01,0.031,0.049,0.071,0.117,0.087625,0.04252,0.000958,0.024,0.055,0.082,0.114,0.18373,0.913343,0.043,0.000962,0.81698,0.887,0.919,0.946,0.979,0.052247,0.02907,0.00065,0.007,0.03,0.049,0.071,0.117,0.034409,0.01547,0.000346,0.012,0.023,0.032,0.043,0.07003,0.052247,0.02907,0.00065,0.007,0.03,0.049,0.071,0.117,0.086657,0.043,0.000962,0.021,0.054,0.081,0.113,0.18303
5.5,0.905483,0.04585,0.001032,0.80428,0.87775,0.91,0.941,0.975,0.056394,0.0304,0.000685,0.01,0.033,0.053,0.076,0.123,0.038123,0.01705,0.000384,0.013,0.025,0.036,0.048,0.078,0.056394,0.0304,0.000685,0.01,0.033,0.053,0.076,0.123,0.094517,0.04585,0.001032,0.025,0.059,0.09,0.12225,0.19573,0.906545,0.04639,0.001037,0.80498,0.878,0.911,0.942,0.979,0.055672,0.03079,0.000688,0.007,0.032,0.052,0.075,0.123,0.037782,0.01718,0.000384,0.013,0.025,0.035,0.048,0.078,0.055672,0.03079,0.000688,0.007,0.032,0.052,0.075,0.123,0.093455,0.04639,0.001037,0.021,0.058,0.089,0.122,0.19503
5.75,0.898388,0.04905,0.001105,0.791,0.868,0.903,0.936,0.974,0.059785,0.03185,0.000717,0.01,0.03575,0.057,0.08,0.128,0.041827,0.01891,0.000426,0.014,0.028,0.039,0.053,0.085,0.059785,0.03185,0.000717,0.01,0.03575,0.057,0.08,0.128,0.101612,0.04905,0.001105,0.026,0.064,0.097,0.132,0.209,0.899546,0.04967,0.001111,0.791,0.869,0.904,0.938,0.979,0.059014,0.03229,0.000722,0.007,0.035,0.056,0.08,0.128,0.04144,0.01906,0.000426,0.013,0.027,0.039,0.052,0.085,0.059014,0.03229,0.000722,0.007,0.035,0.056,0.08,0.128,0.100454,0.04967,0.001111,0.021,0.062,0.096,0.131,0.209
6.0,0.890859,0.05228,0.001177,0.777,0.858,0.895,0.931,0.974,0.063598,0.03333,0.00075,0.01,0.038,0.061,0.086,0.133,0.045543,0.02072,0.000467,0.015,0.03,0.043,0.058,0.093,0.063598,0.03333,0.00075,0.01,0.038,0.061,0.086,0.133,0.109141,0.05228,0.001177,0.026,0.069,0.105,0.142,0.223,0.892119,0.05299,0.001185,0.777,0.85875,0.8965,0.933,0.978,0.062773,0.03381,0.000756,0.00798,0.037,0.061,0.08525,0.133,0.045108,0.0209,0.000467,0.014,0.029,0.042,0.057,0.093,0.062773,0.03381,0.000756,0.00798,0.037,0.061,0.08525,0.133,0.107881,0.05299,0.001185,0.022,0.067,0.1035,0.14125,0.223
6.25,0.883215,0.05541,0.001248,0.764,0.848,0.887,0.926,0.973,0.06718,0.03463,0.00078,0.011,0.04,0.065,0.09,0.139,0.049605,0.02264,0.00051,0.016,0.032,0.047,0.063,0.1,0.06718,0.03463,0.00078,0.011,0.04,0.065,0.09,0.139,0.116785,0.05541,0.001248,0.027,0.074,0.113,0.152,0.236,0.88458,0.0562,0.001257,0.764,0.849,0.888,0.927,0.977,0.066297,0.03517,0.000787,0.007,0.039,0.064,0.09,0.139,0.049122,0.02285,0.000511,0.015,0.032,0.046,0.062,0.1,0.066297,0.03517,0.000787,0.007,0.039,0.064,0.09,0.139,0.11542,0.0562,0.001257,0.023,0.073,0.112,0.151,0.236
6.5,0.875264,0.05866,0.001321,0.75228,0.837,0.879,0.921,0.971,0.07083,0.03589,0.000808,0.011,0.043,0.068,0.095,0.145,0.053906,0.02465,0.000555,0.017,0.035,0.051,0.069,0.10973,0.07083,0.03589,0.000808,0.011,0.043,0.068,0.095,0.145,0.124736,0.05866,0.001321,0.029,0.079,0.121,0.163,0.24773,0.876738,0.05955,0.001331,0.75298,0.838,0.88,0.922,0.976,0.069896,0.0365,0.000816,0.007,0.042,0.0675,0.095,0.145,0.053366,0.0249,0.000557,0.016,0.034,0.051,0.068,0.10903,0.069896,0.0365,0.000816,0.007,0.042,0.0675,0.095,0.145,0.123262,0.05955,0.001331,0.024,0.078,0.12,0.162,0.24703
6.75,0.86714,0.06181,0.001392,0.74,0.826,0.87,0.915,0.969,0.074445,0.03707,0.000835,0.011,0.046,0.073,0.1,0.149,0.058415,0.02674,0.000602,0.018,0.038,0.056,0.075,0.118,0.074445,0.03707,0.000835,0.011,0.046,0.073,0.1,0.149,0.13286,0.06181,0.001392,0.031,0.085,0.13,0.174,0.26,0.868726,0.0628,0.001404,0.74,0.827,0.872,0.917,0.975,0.073457,0.03773,0.000844,0.007,0.045,0.072,0.099,0.149,0.057817,0.02702,0.000604,0.016,0.037,0.055,0.075,0.118,0.073457,0.03773,0.000844,0.007,0.045,0.072,0.099,0.149,0.131274,0.0628,0.001404,0.025,0.083,0.128,0.173,0.26
7.0,0.858738,0.06483,0.00146,0.727,0.815,0.861,0.909,0.969,0.078061,0.03799,0.000855,0.011,0.049,0.077,0.104,0.15273,0.063201,0.02899,0.000653,0.019,0.041,0.06,0.081,0.128,0.078061,0.03799,0.000855,0.011,0.049,0.077,0.104,0.15273,0.141262,0.06483,0.00146,0.031,0.091,0.139,0.185,0.273,0.860439,0.06594,0.001474,0.727,0.816,0.863,0.911,0.974,0.077021,0.03872,0.000866,0.008,0.048,0.076,0.104,0.15203,0.06254,0.02931,0.000655,0.01698,0.04,0.06,0.081,0.128,0.077021,0.03872,0.000866,0.008,0.048,0.076,0.104,0.15203,0.139561,0.06594,0.001474,0.026,0.089,0.137,0.184,0.273
7.25,0.850091,0.06772,0.001525,0.714,0.803,0.853,0.902,0.968,0.081723,0.03897,0.000878,0.012,0.052,0.081,0.109,0.158,0.068187,0.03103,0.000699,0.019,0.044,0.066,0.088,0.138,0.081723,0.03897,0.000878,0.012,0.052,0.081,0.109,0.158,0.149909,0.06772,0.001525,0.032,0.098,0.147,0.197,0.286,0.851913,0.06897,0.001542,0.714,0.804,0.854,0.904,0.974,0.080628,0.03978,0.000889,0.008,0.051,0.0805,0.10825,0.158,0.067459,0.03141,0.000702,0.017,0.043,0.065,0.088,0.138,0.080628,0.03978,0.000889,0.008,0.051,0.0805,0.10825,0.158,0.148087,0.06897,0.001542,0.026,0.096,0.146,0.196,0.286
7.5,0.841448,0.07047,0.001587,0.704,0.792,0.843,0.894,0.96573,0.085139,0.03965,0.000893,0.013,0.056,0.085,0.114,0.162,0.073412,0.03323,0.000748,0.02,0.048,0.071,0.09425,0.14573,0.085139,0.03965,0.000893,0.013,0.056,0.085,0.114,0.162,0.158552,0.07047,0.001587,0.03428,0.106,0.157,0.208,0.296,0.84339,0.07186,0.001607,0.704,0.793,0.845,0.896,0.973,0.083996,0.04053,0.000906,0.00898,0.054,0.084,0.113,0.162,0.072614,0.03367,0.000753,0.018,0.047,0.0705,0.094,0.14503,0.083996,0.04053,0.000906,0.00898,0.054,0.084,0.113,0.162,0.156609,0.07186,0.001607,0.027,0.104,0.155,0.207,0.296
7.75,0.832634,0.07307,0.001645,0.691,0.78,0.834,0.887,0.964,0.08856,0.04021,0.000906,0.014,0.059,0.089,0.118,0.16473,0.078806,0.03534,0.000796,0.021,0.052,0.077,0.102,0.155,0.08856,0.04021,0.000906,0.014,0.059,0.089,0.118,0.16473,0.167366,0.07307,0.001645,0.036,0.113,0.166,0.22,0.309,0.834698,0.0746,0.001668,0.691,0.781,0.835,0.889,0.972,0.087368,0.04117,0.000921,0.008,0.057,0.088,0.11725,0.16403,0.077935,0.03585,0.000802,0.018,0.051,0.076,0.101,0.155,0.087368,0.04117,0.000921,0.008,0.057,0.088,0.11725,0.16403,0.165303,0.0746,0.001668,0.028,0.111,0.165,0.219,0.309
8.0,0.82365,0.07558,0.001702,0.679,0.768,0.825,0.87825,0.961,0.091911,0.04058,0.000914,0.015,0.063,0.092,0.122,0.167,0.084439,0.03761,0.000847,0.022,0.056,0.082,0.11,0.164,0.091911,0.04058,0.000914,0.015,0.063,0.092,0.122,0.167,0.17635,0.07558,0.001702,0.039,0.12175,0.175,0.232,0.321,0.825838,0.07727,0.001728,0.679,0.769,0.826,0.882,0.971,0.090669,0.04162,0.000931,0.009,0.061,0.092,0.121,0.167,0.083493,0.03819,0.000854,0.019,0.05475,0.082,0.109,0.164,0.090669,0.04162,0.000931,0.009,0.061,0.092,0.121,0.167,0.174162,0.07727,0.001728,0.029,0.118,0.174,0.231,0.321
8.25,0.814761,0.07782,0.001752,0.66828,0.757,0.815,0.871,0.95973,0.094981,0.04072,0.000917,0.016,0.066,0.097,0.125,0.169,0.090259,0.0399,0.000899,0.023,0.05975,0.089,0.117,0.17373,0.094981,0.04072,0.000917,0.016,0.066,0.097,0.125,0.169,0.185239,0.07782,0.001752,0.04028,0.129,0.185,0.243,0.33173,0.817072,0.07968,0.001782,0.66898,0.75875,0.816,0.874,0.97002,0.093693,0.04185,0.000936,0.009,0.064,0.096,0.124,0.169,0.089234,0.04054,0.000907,0.02,0.058,0.088,0.117,0.17303,0.093693,0.04185,0.000936,0.009,0.064,0.096,0.124,0.169,0.182928,0.07968,0.001782,0.02998,0.126,0.184,0.24125,0.33103
8.5,0.805717,0.08008,0.001803,0.655,0.74675,0.804,0.863,0.95773,0.09788,0.04086,0.00092,0.016,0.068,0.1,0.128,0.171,0.096404,0.04218,0.00095,0.025,0.064,0.095,0.12425,0.183,0.09788,0.04086,0.00092,0.016,0.068,0.1,0.128,0.171,0.194283,0.08008,0.001803,0.04228,0.137,0.196,0.25325,0.345,0.808153,0.08211,0.001836,0.655,0.748,0.805,0.86625,0.969,0.09655,0.04208,0.000941,0.009,0.067,0.1,0.127,0.171,0.095296,0.04291,0.000959,0.021,0.063,0.094,0.124,0.183,0.09655,0.04208,0.000941,0.009,0.067,0.1,0.127,0.171,0.191847,0.08211,0.001836,0.031,0.13375,0.195,0.252,0.345
8.75,0.796694,0.08212,0.001849,0.64528,0.735,0.794,0.855,0.956,0.10072,0.04079,0.000919,0.01628,0.072,0.1045,0.131,0.171,0.102587,0.04452,0.001003,0.026,0.069,0.101,0.133,0.194,0.10072,0.04079,0.000919,0.01628,0.072,0.1045,0.131,0.171,0.203306,0.08212,0.001849,0.044,0.145,0.206,0.265,0.35473,0.799256,0.08433,0.001886,0.64598,0.736,0.795,0.85825,0.968,0.099349,0.04211,0.000942,0.01,0.07,0.104,0.13,0.171,0.101396,0.04533,0.001014,0.022,0.06775,0.1,0.132,0.194,0.099349,0.04211,0.000942,0.01,0.07,0.104,0.13,0.171,0.200744,0.08433,0.001886,0.032,0.14175,0.205,0.264,0.35402
9.0,0.787617,0.08401,0.001892,0.63555,0.724,0.783,0.847,0.95373,0.103397,0.04073,0.000917,0.01828,0.075,0.108,0.133,0.172,0.108986,0.04674,0.001053,0.027,0.074,0.1075,0.141,0.205,0.103397,0.04073,0.000917,0.01828,0.075,0.108,0.133,0.172,0.212383,0.08401,0.001892,0.04628,0.153,0.217,0.276,0.36445,0.790305,0.08642,0.001932,0.63695,0.725,0.785,0.852,0.967,0.101988,0.04214,0.000942,0.01098,0.074,0.107,0.133,0.172,0.107708,0.04764,0.001065,0.023,0.072,0.107,0.14,0.205,0.101988,0.04214,0.000942,0.01098,0.074,0.107,0.133,0.172,0.209696,0.08642,0.001932,0.033,0.148,0.215,0.275,0.36305
9.25,0.778538,0.08571,0.00193,0.62728,0.714,0.773,0.839,0.951,0.106107,0.04058,0.000914,0.019,0.078,0.111,0.135,0.175,0.115355,0.04887,0.001101,0.02828,0.079,0.114,0.149,0.215,0.106107,0.04058,0.000914,0.019,0.078,0.111,0.135,0.175,0.221462,0.08571,0.00193,0.049,0.161,0.227,0.286,0.37273,0.781352,0.08832,0.001975,0.62797,0.715,0.775,0.84325,0.964,0.104658,0.04209,0.000941,0.011,0.077,0.11,0.135,0.175,0.11399,0.04986,0.001115,0.024,0.077,0.114,0.148,0.215,0.104658,0.04209,0.000941,0.011,0.077,0.11,0.135,0.175,0.218648,0.08832,0.001975,0.036,0.15675,0.225,0.285,0.37203
9.5,0.769613,0.08717,0.001963,0.61628,0.704,0.762,0.83,0.949,0.108317,0.04021,0.000906,0.021,0.082,0.114,0.137,0.175,0.12207,0.05102,0.001149,0.02928,0.085,0.121,0.157,0.225,0.108317,0.04021,0.000906,0.021,0.082,0.114,0.137,0.175,0.230387,0.08717,0.001963,0.051,0.17,0.238,0.296,0.38373,0.772552,0.09001,0.002013,0.61697,0.705,0.764,0.834,0.963,0.106836,0.04182,0.000935,0.011,0.08,0.113,0.13625,0.175,0.120612,0.05212,0.001165,0.024,0.082,0.12,0.157,0.225,0.106836,0.04182,0.000935,0.011,0.08,0.113,0.13625,0.175,0.227448,0.09001,0.002013,0.037,0.166,0.236,0.295,0.38303
9.75,0.760779,0.08858,0.001995,0.60828,0.694,0.753,0.82125,0.94572,0.11044,0.03977,0.000896,0.022,0.085,0.115,0.13925,0.176,0.128781,0.05316,0.001197,0.03028,0.091,0.129,0.166,0.23373,0.11044,0.03977,0.000896,0.022,0.085,0.115,0.13925,0.176,0.239221,0.08858,0.001995,0.05428,0.17875,0.247,0.306,0.39173,0.763842,0.09164,0.002049,0.60897,0.69475,0.755,0.826,0.96102,0.108926,0.04148,0.000928,0.011,0.083,0.115,0.139,0.176,0.127232,0.05437,0.001216,0.025,0.088,0.128,0.165,0.23303,0.108926,0.04148,0.000928,0.011,0.083,0.115,0.139,0.176,0.236158,0.09164,0.002049,0.03898,0.174,0.245,0.30525,0.39103
10.0,0.752064,0.08968,0.002019,0.59928,0.685,0.743,0.81225,0.94173,0.112169,0.03912,0.000881,0.02155,0.088,0.118,0.141,0.174,0.135767,0.05523,0.001244,0.033,0.097,0.136,0.175,0.244,0.112169,0.03912,0.000881,0.02155,0.088,0.118,0.141,0.174,0.247936,0.08968,0.002019,0.05828,0.18775,0.257,0.315,0.40073,0.755249,0.09298,0.002079,0.59998,0.686,0.745,0.817,0.96,0.110628,0.04094,0.000916,0.012,0.086,0.117,0.141,0.174,0.134123,0.05656,0.001265,0.02598,0.09475,0.135,0.174,0.244,0.110628,0.04094,0.000916,0.012,0.086,0.117,0.141,0.174,0.244751,0.09298,0.002079,0.04,0.183,0.255,0.314,0.40003
10.25,0.743522,0.09066,0.002042,0.593,0.676,0.734,0.804,0.93872,0.113586,0.03838,0.000864,0.025,0.09,0.1195,0.142,0.17473,0.142892,0.05724,0.001289,0.034,0.102,0.145,0.183,0.253,0.113586,0.03838,0.000864,0.025,0.09,0.1195,0.142,0.17473,0.256478,0.09066,0.002042,0.06128,0.196,0.266,0.324,0.407,0.746826,0.0942,0.002106,0.593,0.677,0.735,0.80725,0.958,0.112023,0.0403,0.000901,0.014,0.088,0.119,0.141,0.17403,0.141151,0.05869,0.001312,0.027,0.101,0.144,0.183,0.253,0.112023,0.0403,0.000901,0.014,0.088,0.119,0.141,0.17403,0.253174,0.0942,0.002106,0.042,0.19275,0.265,0.323,0.407
10.5,0.735155,0.09146,0.00206,0.58528,0.667,0.724,0.796,0.935,0.114807,0.03762,0.000847,0.027,0.093,0.12,0.142,0.174,0.150038,0.05916,0.001332,0.035,0.108,0.152,0.192,0.262,0.114807,0.03762,0.000847,0.027,0.093,0.12,0.142,0.174,0.264845,0.09146,0.00206,0.065,0.204,0.276,0.333,0.41473,0.738575,0.09525,0.00213,0.58598,0.668,0.727,0.8,0.95602,0.113225,0.03964,0.000886,0.014,0.091,0.12,0.142,0.174,0.148199,0.06074,0.001358,0.02898,0.106,0.151,0.191,0.262,0.113225,0.03964,0.000886,0.014,0.091,0.12,0.142,0.174,0.261425,0.09525,0.00213,0.04398,0.2,0.273,0.332,0.41403
10.75,0.726816,0.09207,0.002073,0.579,0.659,0.7155,0.787,0.93173,0.115881,0.03674,0.000827,0.029,0.095,0.121,0.142,0.17473,0.157303,0.06104,0.001375,0.03728,0.115,0.16,0.202,0.27,0.115881,0.03674,0.000827,0.029,0.095,0.121,0.142,0.17473,0.273184,0.09207,0.002073,0.06828,0.213,0.2845,0.341,0.421,0.730353,0.09612,0.002149,0.579,0.659,0.717,0.79025,0.955,0.114283,0.03887,0.000869,0.01498,0.094,0.12,0.142,0.17403,0.155364,0.06276,0.001403,0.029,0.112,0.159,0.201,0.27,0.114283,0.03887,0.000869,0.01498,0.094,0.12,0.142,0.17403,0.269647,0.09612,0.002149,0.045,0.20975,0.283,0.341,0.421
11.0,0.718706,0.0926,0.002085,0.57028,0.65,0.706,0.77725,0.927,0.116733,0.0359,0.000808,0.029,0.097,0.122,0.142,0.174,0.164561,0.06278,0.001414,0.04,0.121,0.167,0.21025,0.28,0.116733,0.0359,0.000808,0.029,0.097,0.122,0.142,0.174,0.281294,0.0926,0.002085,0.073,0.22275,0.294,0.35,0.42973,0.722355,0.09692,0.002167,0.57098,0.651,0.708,0.781,0.953,0.115124,0.03812,0.000852,0.016,0.096,0.121,0.142,0.174,0.162522,0.06465,0.001446,0.03,0.119,0.166,0.20925,0.28,0.115124,0.03812,0.000852,0.016,0.096,0.121,0.142,0.174,0.277646,0.09692,0.002167,0.047,0.219,0.292,0.349,0.42903
11.25,0.710789,0.09284,0.002091,0.56428,0.643,0.697,0.768,0.92173,0.117303,0.03483,0.000784,0.03,0.098,0.122,0.142,0.173,0.171908,0.06449,0.001452,0.04228,0.12775,0.175,0.21825,0.288,0.117303,0.03483,0.000784,0.03,0.098,0.122,0.142,0.173,0.289211,0.09284,0.002091,0.07828,0.232,0.303,0.357,0.43573,0.714548,0.09744,0.002179,0.56498,0.64375,0.699,0.77125,0.95102,0.115683,0.03716,0.000831,0.017,0.097,0.122,0.141,0.173,0.169769,0.06651,0.001487,0.03,0.125,0.174,0.218,0.288,0.115683,0.03716,0.000831,0.017,0.097,0.122,0.141,0.173,0.285452,0.09744,0.002179,0.04898,0.22875,0.301,0.35625,0.43503
11.5,0.703042,0.09296,0.002093,0.558,0.635,0.689,0.759,0.91673,0.117674,0.03391,0.000764,0.03228,0.1,0.123,0.141,0.172,0.179283,0.06596,0.001485,0.045,0.13475,0.183,0.228,0.298,0.117674,0.03391,0.000764,0.03228,0.1,0.123,0.141,0.172,0.296958,0.09296,0.002093,0.08328,0.241,0.311,0.365,0.442,0.706909,0.09785,0.002188,0.558,0.636,0.691,0.763,0.95002,0.116049,0.03633,0.000812,0.01698,0.099,0.122,0.141,0.172,0.177043,0.06814,0.001524,0.03098,0.131,0.182,0.227,0.298,0.116049,0.03633,0.000812,0.01698,0.099,0.122,0.141,0.172,0.293091,0.09785,0.002188,0.04998,0.237,0.309,0.364,0.442
11.75,0.695361,0.09292,0.002092,0.55028,0.628,0.681,0.75,0.913,0.118032,0.03296,0.000742,0.034,0.101,0.123,0.14025,0.171,0.186606,0.06747,0.001519,0.047,0.141,0.191,0.236,0.306,0.118032,0.03296,0.000742,0.034,0.101,0.123,0.14025,0.171,0.304639,0.09292,0.002092,0.087,0.25,0.319,0.372,0.44973,0.699335,0.09811,0.002194,0.55098,0.628,0.682,0.754,0.94805,0.1164,0.03548,0.000793,0.019,0.1,0.122,0.14,0.171,0.184264,0.06982,0.001561,0.03398,0.137,0.19,0.235,0.306,0.1164,0.03548,0.000793,0.019,0.1,0.122,0.14,0.171,0.300664,0.09811,0.002194,0.05195,0.246,0.318,0.372,0.44903
12.0,0.687946,0.09278,0.002089,0.54628,0.621,0.672,0.741,0.91,0.117978,0.03208,0.000722,0.037,0.102,0.122,0.139,0.17,0.194077,0.06876,0.001548,0.05,0.148,0.199,0.245,0.31445,0.117978,0.03208,0.000722,0.037,0.102,0.122,0.139,0.17,0.312054,0.09278,0.002089,0.09,0.259,0.328,0.379,0.45373,0.692024,0.09829,0.002198,0.54698,0.622,0.674,0.745,0.94305,0.116345,0.03468,0.000776,0.01995,0.101,0.122,0.139,0.17,0.191632,0.07129,0.001594,0.035,0.145,0.198,0.244,0.31305,0.116345,0.03468,0.000776,0.01995,0.101,0.122,0.139,0.17,0.307976,0.09829,0.002198,0.05695,0.255,0.326,0.378,0.45303
12.25,0.680694,0.09251,0.002083,0.54228,0.614,0.665,0.733,0.90418,0.117787,0.03118,0.000702,0.03828,0.102,0.121,0.138,0.169,0.201519,0.07007,0.001578,0.05228,0.154,0.207,0.252,0.321,0.117787,0.03118,0.000702,0.03828,0.102,0.121,0.138,0.169,0.319306,0.09251,0.002083,0.09583,0.267,0.335,0.386,0.45773,0.684874,0.09834,0.002199,0.54298,0.615,0.666,0.737,0.942,0.116156,0.03385,0.000757,0.02093,0.101,0.121,0.138,0.169,0.198971,0.0728,0.001628,0.035,0.15175,0.206,0.252,0.321,0.116156,0.03385,0.000757,0.02093,0.101,0.121,0.138,0.169,0.315126,0.09834,0.002199,0.058,0.263,0.334,0.385,0.45703
12.5,0.673643,0.09216,0.002075,0.538,0.608,0.657,0.72325,0.90045,0.117511,0.03028,0.000682,0.04028,0.102,0.121,0.137,0.16873,0.208846,0.0714,0.001608,0.055,0.16175,0.215,0.26,0.331,0.117511,0.03028,0.000682,0.04028,0.102,0.121,0.137,0.16873,0.326357,0.09216,0.002075,0.09955,0.27675,0.343,0.392,0.462,0.677921,0.09831,0.002198,0.538,0.608,0.659,0.728,0.93902,0.115883,0.03302,0.000738,0.02195,0.101,0.12,0.137,0.16803,0.206196,0.07431,0.001662,0.03695,0.159,0.214,0.26,0.331,0.115883,0.03302,0.000738,0.02195,0.101,0.12,0.137,0.16803,0.322079,0.09831,0.002198,0.06098,0.272,0.341,0.392,0.462
12.75,0.666822,0.09172,0.002065,0.533,0.601,0.65,0.716,0.896,0.116955,0.02943,0.000663,0.041,0.102,0.12,0.136,0.166,0.216223,0.07253,0.001633,0.058,0.169,0.223,0.269,0.339,0.116955,0.02943,0.000663,0.041,0.102,0.12,0.136,0.166,0.333178,0.09172,0.002065,0.104,0.284,0.35,0.399,0.467,0.671195,0.09819,0.002196,0.533,0.602,0.652,0.72,0.93705,0.115336,0.03223,0.000721,0.02298,0.101,0.119,0.136,0.166,0.21347,0.07564,0.001691,0.03798,0.167,0.222,0.269,0.339,0.115336,0.03223,0.000721,0.02298,0.101,0.119,0.136,0.166,0.328805,0.09819,0.002196,0.06295,0.28,0.348,0.398,0.467
13.0,0.659993,0.09125,0.002055,0.52728,0.595,0.643,0.708,0.89145,0.116557,0.02869,0.000646,0.044,0.102,0.119,0.135,0.165,0.22345,0.07349,0.001655,0.061,0.176,0.231,0.277,0.346,0.116557,0.02869,0.000646,0.044,0.102,0.119,0.135,0.165,0.340007,0.09125,0.002055,0.10855,0.292,0.357,0.405,0.47273,0.664462,0.09807,0.002193,0.52798,0.596,0.644,0.711,0.93603,0.114942,0.03155,0.000706,0.02395,0.101,0.118,0.13425,0.165,0.220596,0.07681,0.001718,0.04,0.173,0.23,0.27525,0.346,0.114942,0.03155,0.000706,0.02395,0.101,0.118,0.13425,0.165,0.335538,0.09807,0.002193,0.06398,0.289,0.356,0.404,0.47202
13.25,0.653614,0.09065,0.002041,0.52228,0.58975,0.636,0.701,0.88673,0.115636,0.02792,0.000629,0.048,0.101,0.118,0.133,0.16473,0.23075,0.07446,0.001677,0.06355,0.184,0.238,0.28425,0.35345,0.115636,0.02792,0.000629,0.048,0.101,0.118,0.133,0.16473,0.346386,0.09065,0.002041,0.11328,0.299,0.364,0.41025,0.47773,0.658172,0.09781,0.002187,0.52298,0.59,0.637,0.705,0.93403,0.114032,0.03082,0.000689,0.02695,0.1,0.117,0.133,0.16403,0.227796,0.07798,0.001744,0.043,0.181,0.237,0.284,0.35205,0.114032,0.03082,0.000689,0.02695,0.1,0.117,0.133,0.16403,0.341828,0.09781,0.002187,0.06598,0.295,0.363,0.41,0.47703
13.5,0.647472,0.08997,0.002026,0.519,0.584,0.63,0.694,0.88173,0.114641,0.02727,0.000614,0.05,0.1,0.116,0.133,0.161,0.237887,0.07518,0.001693,0.06928,0.191,0.246,0.292,0.361,0.114641,0.02727,0.000614,0.05,0.1,0.116,0.133,0.161,0.352528,0.08997,0.002026,0.11828,0.306,0.37,0.416,0.481,0.652116,0.09748,0.00218,0.519,0.585,0.631,0.69725,0.9291,0.11305,0.03019,0.000675,0.02598,0.099,0.116,0.132,0.161,0.234834,0.07893,0.001765,0.044,0.189,0.245,0.291,0.361,0.11305,0.03019,0.000675,0.02598,0.099,0.116,0.132,0.161,0.347884,0.09748,0.00218,0.0709,0.30275,0.369,0.415,0.481
13.75,0.641479,0.08923,0.002009,0.516,0.579,0.624,0.687,0.874,0.11344,0.02653,0.000597,0.05228,0.099,0.115,0.131,0.159,0.245081,0.07584,0.001708,0.073,0.199,0.2545,0.3,0.36773,0.11344,0.02653,0.000597,0.05228,0.099,0.115,0.131,0.159,0.358521,0.08923,0.002009,0.126,0.313,0.376,0.421,0.484,0.646206,0.09709,0.002171,0.516,0.57975,0.625,0.691,0.92705,0.111865,0.02948,0.000659,0.03,0.098,0.114,0.131,0.159,0.241928,0.07982,0.001785,0.04598,0.19675,0.253,0.299,0.36703,0.111865,0.02948,0.000659,0.03,0.098,0.114,0.131,0.159,0.353794,0.09709,0.002171,0.07295,0.309,0.375,0.42025,0.484
14.0,0.635618,0.08845,0.001992,0.51028,0.574,0.618,0.68,0.86673,0.112245,0.02594,0.000584,0.05428,0.098,0.114,0.129,0.158,0.252137,0.07637,0.00172,0.077,0.206,0.262,0.307,0.375,0.112245,0.02594,0.000584,0.05428,0.098,0.114,0.129,0.158,0.364382,0.08845,0.001992,0.13328,0.32,0.382,0.426,0.48973,0.640428,0.09667,0.002162,0.51098,0.575,0.62,0.684,0.92303,0.110686,0.02889,0.000646,0.02998,0.097,0.113,0.129,0.158,0.248886,0.0806,0.001802,0.04798,0.203,0.261,0.30625,0.375,0.110686,0.02889,0.000646,0.02998,0.097,0.113,0.129,0.158,0.359572,0.09667,0.002162,0.07698,0.316,0.38,0.425,0.48903
14.25,0.629968,0.08755,0.001971,0.507,0.569,0.613,0.674,0.85972,0.110891,0.02535,0.000571,0.056,0.09675,0.112,0.128,0.156,0.259141,0.07687,0.001731,0.083,0.214,0.269,0.315,0.38273,0.110891,0.02535,0.000571,0.056,0.09675,0.112,0.128,0.156,0.370032,0.08755,0.001971,0.14028,0.326,0.387,0.431,0.493,0.634856,0.09614,0.00215,0.507,0.57,0.615,0.677,0.91705,0.10935,0.0283,0.000633,0.03193,0.096,0.112,0.128,0.156,0.255794,0.08134,0.001819,0.048,0.211,0.269,0.314,0.38203,0.10935,0.0283,0.000633,0.03193,0.096,0.112,0.128,0.156,0.365144,0.09614,0.00215,0.08295,0.323,0.385,0.43,0.493
14.5,0.624511,0.08671,0.001953,0.50228,0.565,0.6075,0.669,0.85273,0.109385,0.02494,0.000562,0.05628,0.094,0.11,0.126,0.154,0.266104,0.07725,0.00174,0.086,0.22175,0.277,0.322,0.389,0.109385,0.02494,0.000562,0.05628,0.094,0.11,0.126,0.154,0.375489,0.08671,0.001953,0.14727,0.331,0.3925,0.435,0.49773,0.629476,0.09566,0.002139,0.50298,0.566,0.609,0.67125,0.915,0.107864,0.02786,0.000623,0.032,0.09375,0.11,0.126,0.154,0.26266,0.08198,0.001833,0.05198,0.21875,0.275,0.321,0.389,0.107864,0.02786,0.000623,0.032,0.09375,0.11,0.126,0.154,0.370524,0.09566,0.002139,0.085,0.32875,0.391,0.434,0.49703
14.75,0.619206,0.08571,0.00193,0.49828,0.562,0.602,0.662,0.84645,0.10792,0.02446,0.000551,0.05728,0.093,0.109,0.125,0.152,0.272873,0.07767,0.001749,0.089,0.229,0.2845,0.329,0.395,0.10792,0.02446,0.000551,0.05728,0.093,0.109,0.125,0.152,0.380794,0.08571,0.00193,0.15355,0.338,0.398,0.438,0.50173,0.624246,0.09504,0.002125,0.49898,0.563,0.603,0.665,0.90703,0.10642,0.02736,0.000612,0.03398,0.092,0.108,0.124,0.152,0.269334,0.08265,0.001848,0.05398,0.226,0.283,0.328,0.395,0.10642,0.02736,0.000612,0.03398,0.092,0.108,0.124,0.152,0.375754,0.09504,0.002125,0.09298,0.335,0.397,0.437,0.50103
15.0,0.614216,0.08462,0.001906,0.496,0.557,0.5975,0.656,0.839,0.10619,0.02397,0.00054,0.059,0.091,0.107,0.123,0.15,0.279594,0.07788,0.001754,0.092,0.235,0.292,0.336,0.401,0.10619,0.02397,0.00054,0.059,0.091,0.107,0.123,0.15,0.385784,0.08462,0.001906,0.161,0.344,0.4025,0.443,0.504,0.619326,0.09434,0.00211,0.496,0.55775,0.599,0.659,0.90303,0.104713,0.02684,0.0006,0.03698,0.09,0.107,0.122,0.15,0.275962,0.08313,0.001859,0.05498,0.233,0.2905,0.335,0.401,0.104713,0.02684,0.0006,0.03698,0.09,0.107,0.122,0.15,0.380674,0.09434,0.00211,0.09698,0.341,0.401,0.44225,0.504
15.25,0.609256,0.0836,0.001883,0.494,0.553,0.593,0.65,0.834,0.104522,0.02369,0.000533,0.058,0.089,0.105,0.121,0.148,0.286222,0.07813,0.001759,0.096,0.243,0.299,0.343,0.40773,0.104522,0.02369,0.000533,0.058,0.089,0.105,0.121,0.148,0.390744,0.0836,0.001883,0.166,0.35,0.407,0.447,0.506,0.614435,0.09371,0.002095,0.494,0.554,0.5945,0.65225,0.89705,0.103068,0.0265,0.000593,0.03995,0.088,0.104,0.121,0.148,0.282498,0.08365,0.00187,0.05598,0.24,0.297,0.342,0.40703,0.103068,0.0265,0.000593,0.03995,0.088,0.104,0.121,0.148,0.385566,0.09371,0.002095,0.10295,0.34775,0.4055,0.446,0.506
15.5,0.604571,0.08246,0.001857,0.491,0.549,0.589,0.644,0.82872,0.102838,0.02345,0.000528,0.05728,0.087,0.103,0.119,0.146,0.292591,0.07829,0.001763,0.099,0.25,0.306,0.349,0.41273,0.102838,0.02345,0.000528,0.05728,0.087,0.103,0.119,0.146,0.395429,0.08246,0.001857,0.17128,0.356,0.411,0.451,0.509,0.609816,0.09297,0.002079,0.491,0.549,0.59,0.64625,0.88913,0.101406,0.02621,0.000586,0.04298,0.087,0.102,0.119,0.146,0.288778,0.08407,0.00188,0.05898,0.24675,0.304,0.348,0.41203,0.101406,0.02621,0.000586,0.04298,0.087,0.102,0.119,0.146,0.390184,0.09297,0.002079,0.11088,0.35375,0.41,0.451,0.509
15.75,0.600081,0.08137,0.001832,0.48828,0.546,0.585,0.639,0.81972,0.101027,0.02335,0.000526,0.057,0.08575,0.101,0.117,0.145,0.298891,0.07841,0.001766,0.10328,0.257,0.312,0.355,0.41773,0.101027,0.02335,0.000526,0.057,0.08575,0.101,0.117,0.145,0.399919,0.08137,0.001832,0.18028,0.361,0.415,0.454,0.51173,0.605389,0.09227,0.002063,0.48898,0.546,0.586,0.641,0.88315,0.09962,0.02603,0.000582,0.045,0.085,0.1,0.117,0.145,0.294992,0.08446,0.001889,0.063,0.254,0.311,0.35425,0.41703,0.09962,0.02603,0.000582,0.045,0.085,0.1,0.117,0.145,0.394612,0.09227,0.002063,0.11685,0.359,0.414,0.454,0.51103
16.0,0.595771,0.08027,0.001808,0.487,0.543,0.581,0.633,0.81473,0.099057,0.02327,0.000524,0.05528,0.083,0.098,0.115,0.145,0.305172,0.07839,0.001765,0.10828,0.264,0.318,0.361,0.42473,0.099057,0.02327,0.000524,0.05528,0.083,0.098,0.115,0.145,0.404229,0.08027,0.001808,0.18528,0.367,0.419,0.457,0.513,0.601139,0.09157,0.002047,0.487,0.543,0.582,0.636,0.87515,0.097676,0.02585,0.000578,0.04497,0.083,0.098,0.114,0.145,0.301185,0.08473,0.001895,0.06698,0.261,0.317,0.36,0.42403,0.097676,0.02585,0.000578,0.04497,0.083,0.098,0.114,0.145,0.398861,0.09157,0.002047,0.12485,0.364,0.418,0.457,0.513
16.25,0.591618,0.07906,0.00178,0.485,0.539,0.577,0.628,0.80718,0.097046,0.02313,0.000521,0.055,0.081,0.096,0.113,0.142,0.311336,0.07841,0.001766,0.113,0.27,0.324,0.367,0.43,0.097046,0.02313,0.000521,0.055,0.081,0.096,0.113,0.142,0.408382,0.07906,0.00178,0.19283,0.372,0.423,0.461,0.515,0.597044,0.09076,0.00203,0.485,0.54,0.578,0.631,0.87305,0.095693,0.02563,0.000573,0.04497,0.08075,0.095,0.113,0.142,0.307263,0.08503,0.001901,0.069,0.267,0.323,0.366,0.43,0.095693,0.02563,0.000573,0.04497,0.08075,0.095,0.113,0.142,0.402956,0.09076,0.00203,0.12695,0.369,0.422,0.46,0.515
16.5,0.587662,0.07794,0.001755,0.483,0.536,0.573,0.623,0.7999,0.095087,0.02306,0.000519,0.054,0.079,0.094,0.111,0.141,0.317251,0.07823,0.001762,0.11855,0.27675,0.33,0.372,0.433,0.095087,0.02306,0.000519,0.054,0.079,0.094,0.111,0.141,0.412338,0.07794,0.001755,0.2001,0.377,0.427,0.464,0.517,0.593144,0.09004,0.002013,0.483,0.537,0.574,0.626,0.866,0.093761,0.02546,0.000569,0.046,0.078,0.093,0.11,0.141,0.313096,0.08515,0.001904,0.07295,0.273,0.329,0.371,0.433,0.093761,0.02546,0.000569,0.046,0.078,0.093,0.11,0.141,0.406856,0.09004,0.002013,0.134,0.374,0.426,0.463,0.517
16.75,0.583866,0.07678,0.001729,0.48028,0.533,0.57,0.619,0.79418,0.093035,0.02294,0.000517,0.052,0.077,0.092,0.109,0.14,0.323098,0.07797,0.001756,0.12328,0.283,0.336,0.37725,0.43845,0.093035,0.02294,0.000517,0.052,0.077,0.092,0.109,0.14,0.416134,0.07678,0.001729,0.20582,0.381,0.43,0.467,0.51973,0.5894,0.08928,0.001996,0.48097,0.534,0.571,0.622,0.85802,0.091737,0.02526,0.000565,0.044,0.076,0.091,0.108,0.14,0.318862,0.0852,0.001905,0.07598,0.28,0.335,0.377,0.43705,0.091737,0.02526,0.000565,0.044,0.076,0.091,0.108,0.14,0.4106,0.08928,0.001996,0.14197,0.378,0.429,0.466,0.51903
17.0,0.580218,0.07554,0.001701,0.47728,0.53,0.566,0.614,0.78518,0.090933,0.02284,0.000514,0.051,0.075,0.09,0.106,0.138,0.328849,0.07765,0.001749,0.13028,0.289,0.342,0.383,0.44373,0.090933,0.02284,0.000514,0.051,0.075,0.09,0.106,0.138,0.419782,0.07554,0.001701,0.21482,0.386,0.434,0.47,0.52273,0.585804,0.08846,0.001978,0.47798,0.531,0.567,0.61725,0.85208,0.089664,0.02506,0.00056,0.044,0.074,0.089,0.106,0.138,0.324533,0.08519,0.001905,0.07995,0.286,0.341,0.382,0.44303,0.089664,0.02506,0.00056,0.044,0.074,0.089,0.106,0.138,0.414196,0.08846,0.001978,0.14792,0.38275,0.433,0.469,0.52203
17.25,0.576717,0.07427,0.001673,0.476,0.528,0.563,0.61,0.7779,0.08879,0.02287,0.000515,0.049,0.07275,0.087,0.104,0.13673,0.334493,0.07725,0.001739,0.137,0.295,0.348,0.388,0.44945,0.08879,0.02287,0.000515,0.049,0.07275,0.087,0.104,0.13673,0.423283,0.07427,0.001673,0.2221,0.39,0.437,0.472,0.524,0.582352,0.08762,0.001959,0.476,0.529,0.564,0.613,0.84508,0.087551,0.02498,0.000559,0.043,0.072,0.087,0.104,0.13603,0.330098,0.08512,0.001903,0.08495,0.292,0.346,0.387,0.44805,0.087551,0.02498,0.000559,0.043,0.072,0.087,0.104,0.13603,0.417649,0.08762,0.001959,0.15492,0.387,0.436,0.471,0.524
17.5,0.573398,0.07305,0.001645,0.474,0.526,0.56,0.606,0.76845,0.086661,0.02286,0.000515,0.046,0.07,0.085,0.101,0.135,0.339941,0.07686,0.001731,0.14255,0.301,0.3535,0.393,0.454,0.086661,0.02286,0.000515,0.046,0.07,0.085,0.101,0.135,0.426602,0.07305,0.001645,0.23155,0.394,0.44,0.474,0.526,0.579079,0.08681,0.001941,0.474,0.526,0.561,0.609,0.84002,0.085452,0.02487,0.000556,0.043,0.069,0.085,0.101,0.135,0.33547,0.08505,0.001902,0.09288,0.298,0.3525,0.392,0.454,0.085452,0.02487,0.000556,0.043,0.069,0.085,0.101,0.135,0.420921,0.08681,0.001941,0.15998,0.391,0.439,0.474,0.526
17.75,0.570209,0.0719,0.001619,0.472,0.524,0.557,0.602,0.76218,0.084413,0.02276,0.000513,0.045,0.068,0.083,0.099,0.13373,0.345378,0.07635,0.001719,0.15028,0.307,0.3585,0.398,0.458,0.084413,0.02276,0.000513,0.045,0.068,0.083,0.099,0.13373,0.429791,0.0719,0.001619,0.23782,0.398,0.443,0.476,0.528,0.575934,0.08606,0.001924,0.472,0.524,0.558,0.605,0.831,0.083235,0.02467,0.000552,0.041,0.067,0.082,0.09825,0.13303,0.340831,0.08489,0.001898,0.0998,0.303,0.358,0.39725,0.458,0.083235,0.02467,0.000552,0.041,0.067,0.082,0.09825,0.13303,0.424066,0.08606,0.001924,0.169,0.395,0.442,0.476,0.528
18.0,0.567214,0.07077,0.001594,0.471,0.521,0.555,0.59825,0.75573,0.082154,0.0227,0.000511,0.043,0.06575,0.08,0.096,0.133,0.350632,0.07586,0.001708,0.155,0.313,0.364,0.402,0.46373,0.082154,0.0227,0.000511,0.043,0.06575,0.08,0.096,0.133,0.432786,0.07077,0.001594,0.24428,0.40175,0.445,0.479,0.529,0.572982,0.08534,0.001908,0.471,0.521,0.556,0.602,0.82403,0.081007,0.02451,0.000548,0.039,0.065,0.08,0.096,0.133,0.346012,0.08473,0.001895,0.1009,0.309,0.363,0.402,0.46303,0.081007,0.02451,0.000548,0.039,0.065,0.08,0.096,0.133,0.427018,0.08534,0.001908,0.17598,0.398,0.444,0.479,0.529
18.25,0.564403,0.0696,0.001567,0.46828,0.519,0.552,0.59525,0.74945,0.079824,0.02257,0.000508,0.042,0.064,0.078,0.094,0.131,0.355773,0.07532,0.001696,0.162,0.319,0.369,0.407,0.469,0.079824,0.02257,0.000508,0.042,0.064,0.078,0.094,0.131,0.435597,0.0696,0.001567,0.25055,0.40475,0.448,0.481,0.53173,0.570209,0.08458,0.001891,0.46898,0.519,0.553,0.598,0.81808,0.078709,0.02429,0.000543,0.03798,0.063,0.077,0.094,0.131,0.351081,0.08453,0.00189,0.105,0.315,0.368,0.40625,0.469,0.078709,0.02429,0.000543,0.03798,0.063,0.077,0.094,0.131,0.429791,0.08458,0.001891,0.18192,0.402,0.447,0.481,0.53103
18.5,0.56168,0.06849,0.001542,0.46628,0.516,0.55,0.592,0.743,0.077542,0.02247,0.000506,0.04,0.061,0.075,0.092,0.128,0.360779,0.07485,0.001686,0.1671,0.325,0.373,0.412,0.47173,0.077542,0.02247,0.000506,0.04,0.061,0.075,0.092,0.128,0.43832,0.06849,0.001542,0.257,0.408,0.45,0.484,0.53373,0.567524,0.08386,0.001875,0.46698,0.517,0.551,0.595,0.80905,0.076459,0.02409,0.000539,0.036,0.061,0.075,0.092,0.128,0.356017,0.0844,0.001887,0.11293,0.321,0.372,0.411,0.47103,0.076459,0.02409,0.000539,0.036,0.061,0.075,0.092,0.128,0.432476,0.08386,0.001875,0.19095,0.405,0.449,0.483,0.53303
18.75,0.559069,0.0673,0.001515,0.465,0.514,0.548,0.588,0.733,0.075383,0.02247,0.000506,0.038,0.059,0.073,0.089,0.126,0.365548,0.07436,0.001674,0.17238,0.33,0.3785,0.41525,0.47473,0.075383,0.02247,0.000506,0.038,0.059,0.073,0.089,0.126,0.440931,0.0673,0.001515,0.267,0.412,0.452,0.486,0.535,0.564951,0.08309,0.001858,0.465,0.515,0.549,0.591,0.804,0.07433,0.024,0.000537,0.03398,0.058,0.073,0.089,0.126,0.360719,0.08423,0.001883,0.11895,0.326,0.3775,0.415,0.47403,0.07433,0.024,0.000537,0.03398,0.058,0.073,0.089,0.126,0.435049,0.08309,0.001858,0.196,0.409,0.451,0.485,0.535
19.0,0.556545,0.06612,0.001489,0.463,0.513,0.546,0.585,0.726,0.073229,0.02261,0.000509,0.036,0.057,0.0705,0.087,0.125,0.370226,0.07377,0.001661,0.17755,0.334,0.383,0.42,0.478,0.073229,0.02261,0.000509,0.036,0.057,0.0705,0.087,0.125,0.443455,0.06612,0.001489,0.274,0.415,0.454,0.487,0.537,0.562462,0.08233,0.001841,0.463,0.513,0.546,0.58825,0.79208,0.072206,0.02404,0.000538,0.032,0.056,0.07,0.087,0.125,0.365332,0.08399,0.001878,0.12198,0.332,0.382,0.419,0.478,0.072206,0.02404,0.000538,0.032,0.056,0.07,0.087,0.125,0.437538,0.08233,0.001841,0.20792,0.41175,0.454,0.487,0.537
19.25,0.554167,0.06506,0.001465,0.462,0.511,0.543,0.583,0.71972,0.071109,0.02259,0.000509,0.035,0.055,0.068,0.085,0.123,0.374724,0.07312,0.001647,0.18328,0.339,0.388,0.424,0.481,0.071109,0.02259,0.000509,0.035,0.055,0.068,0.085,0.123,0.445833,0.06506,0.001465,0.28028,0.417,0.457,0.489,0.538,0.560118,0.08166,0.001826,0.462,0.511,0.544,0.586,0.78605,0.070116,0.02393,0.000535,0.031,0.054,0.068,0.084,0.123,0.369767,0.08369,0.001871,0.12698,0.337,0.386,0.423,0.481,0.070116,0.02393,0.000535,0.031,0.054,0.068,0.084,0.123,0.439883,0.08166,0.001826,0.21395,0.414,0.456,0.489,0.538
19.5,0.551915,0.06407,0.001443,0.462,0.509,0.541,0.58,0.71445,0.069066,0.02263,0.000509,0.034,0.052,0.066,0.082,0.12173,0.379019,0.07246,0.001632,0.188,0.344,0.391,0.428,0.483,0.069066,0.02263,0.000509,0.034,0.052,0.066,0.082,0.12173,0.448085,0.06407,0.001443,0.28555,0.42,0.459,0.491,0.538,0.557896,0.08105,0.001812,0.462,0.51,0.542,0.582,0.77813,0.068102,0.02388,0.000534,0.02898,0.052,0.065,0.082,0.12103,0.374002,0.08337,0.001864,0.13795,0.342,0.39,0.427,0.483,0.068102,0.02388,0.000534,0.02898,0.052,0.065,0.082,0.12103,0.442104,0.08105,0.001812,0.22188,0.418,0.458,0.49,0.538
19.75,0.54976,0.063,0.001419,0.46,0.508,0.54,0.577,0.70872,0.066997,0.02264,0.00051,0.033,0.05,0.063,0.08,0.12,0.383243,0.07175,0.001616,0.19255,0.349,0.395,0.431,0.487,0.066997,0.02264,0.00051,0.033,0.05,0.063,0.08,0.12,0.45024,0.063,0.001419,0.29128,0.423,0.46,0.492,0.54,0.555772,0.08038,0.001797,0.46,0.50875,0.54,0.58025,0.7682,0.066062,0.02381,0.000532,0.027,0.05,0.063,0.08,0.12,0.378166,0.08302,0.001856,0.14195,0.346,0.394,0.431,0.487,0.066062,0.02381,0.000532,0.027,0.05,0.063,0.08,0.12,0.444228,0.08038,0.001797,0.2318,0.41975,0.46,0.49125,0.54
20.0,0.547704,0.06195,0.001395,0.45828,0.507,0.538,0.575,0.70473,0.064906,0.02263,0.00051,0.031,0.04875,0.061,0.078,0.115,0.387389,0.07101,0.001599,0.20138,0.35375,0.399,0.435,0.49,0.064906,0.02263,0.00051,0.031,0.04875,0.061,0.078,0.115,0.452296,0.06195,0.001395,0.29528,0.425,0.462,0.493,0.54173,0.553745,0.07972,0.001783,0.45898,0.507,0.539,0.578,0.76308,0.064,0.02372,0.00053,0.02598,0.048,0.061,0.078,0.115,0.382255,0.08264,0.001848,0.14883,0.351,0.398,0.434,0.49,0.064,0.02372,0.00053,0.02598,0.048,0.061,0.078,0.115,0.446255,0.07972,0.001783,0.23692,0.422,0.461,0.493,0.54103
20.25,0.545712,0.06099,0.001373,0.458,0.505,0.536,0.573,0.699,0.062924,0.02254,0.000508,0.02928,0.047,0.059,0.07525,0.11573,0.391363,0.0702,0.001581,0.20455,0.358,0.403,0.438,0.493,0.062924,0.02254,0.000508,0.02928,0.047,0.059,0.07525,0.11573,0.454288,0.06099,0.001373,0.301,0.427,0.464,0.495,0.542,0.551781,0.07914,0.00177,0.458,0.506,0.537,0.576,0.75405,0.062046,0.02357,0.000527,0.025,0.046,0.059,0.075,0.11503,0.386174,0.08221,0.001838,0.15478,0.355,0.402,0.438,0.493,0.062046,0.02357,0.000527,0.025,0.046,0.059,0.075,0.11503,0.448219,0.07914,0.00177,0.24595,0.424,0.463,0.494,0.542
20.5,0.543812,0.06001,0.001351,0.45628,0.504,0.535,0.571,0.69072,0.060991,0.02252,0.000507,0.028,0.045,0.057,0.073,0.113,0.395197,0.06942,0.001563,0.211,0.362,0.407,0.442,0.49473,0.060991,0.02252,0.000507,0.028,0.045,0.057,0.073,0.113,0.456188,0.06001,0.001351,0.30928,0.429,0.465,0.496,0.54373,0.549908,0.07854,0.001756,0.45698,0.504,0.535,0.574,0.74208,0.060139,0.02348,0.000525,0.024,0.044,0.057,0.073,0.113,0.389954,0.08179,0.001829,0.15798,0.35975,0.406,0.441,0.49403,0.060139,0.02348,0.000525,0.024,0.044,0.057,0.073,0.113,0.450093,0.07854,0.001756,0.25792,0.426,0.465,0.496,0.54303
20.75,0.542058,0.05911,0.001331,0.45528,0.503,0.533,0.569,0.68373,0.059047,0.02237,0.000504,0.026,0.043,0.055,0.071,0.112,0.398896,0.0686,0.001545,0.22,0.366,0.41,0.445,0.499,0.059047,0.02237,0.000504,0.026,0.043,0.055,0.071,0.112,0.457942,0.05911,0.001331,0.31627,0.431,0.467,0.497,0.54473,0.548178,0.078,0.001744,0.45598,0.503,0.534,0.57125,0.7301,0.058221,0.02327,0.00052,0.022,0.043,0.055,0.071,0.112,0.393601,0.08134,0.001819,0.163,0.364,0.409,0.445,0.499,0.058221,0.02327,0.00052,0.022,0.043,0.055,0.071,0.112,0.451823,0.078,0.001744,0.2699,0.42875,0.466,0.497,0.54403
21.0,0.540358,0.05822,0.001311,0.454,0.50175,0.532,0.567,0.68073,0.057129,0.02234,0.000503,0.025,0.041,0.053,0.069,0.11173,0.402514,0.06781,0.001527,0.227,0.37075,0.4135,0.448,0.501,0.057129,0.02234,0.000503,0.025,0.041,0.053,0.069,0.11173,0.459642,0.05822,0.001311,0.31928,0.433,0.468,0.49825,0.546,0.546501,0.07747,0.001732,0.454,0.502,0.532,0.57,0.72302,0.05633,0.02317,0.000518,0.021,0.041,0.053,0.068,0.11103,0.397168,0.08092,0.001809,0.16895,0.368,0.413,0.448,0.501,0.05633,0.02317,0.000518,0.021,0.041,0.053,0.068,0.11103,0.453499,0.07747,0.001732,0.27698,0.43,0.468,0.498,0.546
21.25,0.538766,0.05734,0.001291,0.454,0.501,0.53,0.566,0.675,0.05525,0.02219,0.0005,0.024,0.04,0.051,0.067,0.109,0.405984,0.06709,0.001511,0.23228,0.374,0.417,0.451,0.502,0.05525,0.02219,0.0005,0.024,0.04,0.051,0.067,0.109,0.461234,0.05734,0.001291,0.325,0.434,0.47,0.499,0.546,0.544932,0.07695,0.001721,0.454,0.501,0.531,0.56825,0.72005,0.054478,0.02297,0.000514,0.02,0.039,0.051,0.066,0.109,0.40059,0.08055,0.001801,0.173,0.372,0.4155,0.45,0.502,0.054478,0.02297,0.000514,0.02,0.039,0.051,0.066,0.109,0.455068,0.07695,0.001721,0.27995,0.43175,0.469,0.499,0.546
21.5,0.537226,0.05652,0.001273,0.453,0.499,0.529,0.56425,0.67073,0.053481,0.02217,0.000499,0.023,0.038,0.049,0.064,0.108,0.409293,0.06638,0.001495,0.23855,0.378,0.42,0.454,0.505,0.053481,0.02217,0.000499,0.023,0.038,0.049,0.064,0.108,0.462774,0.05652,0.001273,0.32928,0.43575,0.471,0.501,0.547,0.543414,0.07647,0.00171,0.453,0.5,0.53,0.567,0.71313,0.052734,0.02289,0.000512,0.019,0.038,0.049,0.064,0.108,0.403852,0.08019,0.001793,0.179,0.376,0.42,0.453,0.505,0.052734,0.02289,0.000512,0.019,0.038,0.049,0.064,0.108,0.456586,0.07647,0.00171,0.28688,0.433,0.47,0.5,0.547
21.75,0.535764,0.05575,0.001255,0.452,0.499,0.528,0.563,0.665,0.051666,0.02203,0.000496,0.021,0.036,0.047,0.062,0.106,0.41257,0.06557,0.001477,0.24355,0.381,0.4235,0.456,0.50773,0.051666,0.02203,0.000496,0.021,0.036,0.047,0.062,0.106,0.464236,0.05575,0.001255,0.335,0.437,0.472,0.501,0.548,0.541972,0.07603,0.0017,0.452,0.499,0.528,0.565,0.70818,0.050944,0.0227,0.000508,0.01898,0.036,0.047,0.062,0.106,0.407084,0.07975,0.001783,0.187,0.379,0.423,0.456,0.50703,0.050944,0.0227,0.000508,0.01898,0.036,0.047,0.062,0.106,0.458028,0.07603,0.0017,0.29182,0.435,0.472,0.501,0.548
22.0,0.53442,0.05502,0.001239,0.451,0.498,0.527,0.561,0.66173,0.049847,0.02183,0.000492,0.02,0.035,0.045,0.06,0.104,0.415732,0.06473,0.001458,0.251,0.385,0.426,0.459,0.50973,0.049847,0.02183,0.000492,0.02,0.035,0.045,0.06,0.104,0.46558,0.05502,0.001239,0.33828,0.439,0.473,0.502,0.549,0.540647,0.07561,0.001691,0.451,0.498,0.528,0.56325,0.70708,0.04915,0.02245,0.000502,0.01798,0.034,0.045,0.06,0.104,0.410202,0.07929,0.001773,0.19198,0.383,0.425,0.458,0.50903,0.04915,0.02245,0.000502,0.01798,0.034,0.045,0.06,0.104,0.459353,0.07561,0.001691,0.29292,0.43675,0.472,0.502,0.549
22.25,0.53312,0.05434,0.001224,0.45,0.497,0.526,0.56,0.65573,0.048109,0.02168,0.000488,0.019,0.033,0.043,0.058,0.103,0.418771,0.06401,0.001441,0.25628,0.389,0.43,0.461,0.512,0.048109,0.02168,0.000488,0.019,0.033,0.043,0.058,0.103,0.46688,0.05434,0.001224,0.34428,0.44,0.474,0.503,0.55,0.539365,0.07523,0.001682,0.45,0.498,0.5265,0.563,0.705,0.047436,0.02226,0.000498,0.016,0.033,0.043,0.058,0.103,0.413199,0.07892,0.001765,0.19898,0.386,0.429,0.461,0.512,0.047436,0.02226,0.000498,0.016,0.033,0.043,0.058,0.103,0.460635,0.07523,0.001682,0.295,0.437,0.4735,0.502,0.55
22.5,0.531907,0.05362,0.001208,0.45,0.497,0.525,0.559,0.65173,0.046377,0.02143,0.000483,0.018,0.032,0.042,0.056,0.10073,0.421716,0.0633,0.001425,0.262,0.392,0.432,0.464,0.514,0.046377,0.02143,0.000483,0.018,0.032,0.042,0.056,0.10073,0.468093,0.05362,0.001208,0.34828,0.441,0.475,0.503,0.55,0.538169,0.07482,0.001673,0.45,0.497,0.526,0.561,0.699,0.045729,0.02196,0.000491,0.015,0.031,0.042,0.056,0.10003,0.416102,0.07856,0.001757,0.20498,0.39,0.4315,0.463,0.514,0.045729,0.02196,0.000491,0.015,0.031,0.042,0.056,0.10003,0.461831,0.07482,0.001673,0.301,0.439,0.474,0.503,0.55
22.75,0.530725,0.05296,0.001193,0.448,0.496,0.524,0.558,0.64745,0.044762,0.02121,0.000478,0.017,0.03,0.041,0.054,0.099,0.424514,0.06258,0.001409,0.26728,0.39575,0.435,0.466,0.516,0.044762,0.02121,0.000478,0.017,0.03,0.041,0.054,0.099,0.469275,0.05296,0.001193,0.35255,0.442,0.476,0.504,0.552,0.537003,0.07445,0.001665,0.448,0.496,0.525,0.56025,0.69102,0.044136,0.02171,0.000485,0.014,0.03,0.04,0.054,0.099,0.418861,0.07819,0.001748,0.20898,0.393,0.434,0.466,0.516,0.044136,0.02171,0.000485,0.014,0.03,0.04,0.054,0.099,0.462997,0.07445,0.001665,0.30898,0.43975,0.475,0.504,0.552
23.0,0.529593,0.05232,0.001178,0.448,0.495,0.523,0.557,0.64418,0.043093,0.02092,0.000471,0.016,0.029,0.039,0.052,0.09773,0.427314,0.06181,0.001392,0.273,0.39875,0.438,0.469,0.51873,0.043093,0.02092,0.000471,0.016,0.029,0.039,0.052,0.09773,0.470407,0.05232,0.001178,0.35582,0.443,0.477,0.505,0.552,0.535887,0.0741,0.001657,0.448,0.496,0.524,0.559,0.68503,0.04249,0.02138,0.000478,0.013,0.028,0.038,0.052,0.09703,0.421623,0.07779,0.001739,0.21692,0.396,0.437,0.468,0.51803,0.04249,0.02138,0.000478,0.013,0.028,0.038,0.052,0.09703,0.464113,0.0741,0.001657,0.31498,0.441,0.476,0.504,0.552
23.25,0.528542,0.05171,0.001164,0.447,0.495,0.522,0.555,0.64145,0.041531,0.02069,0.000466,0.015,0.027,0.037,0.05,0.09573,0.429926,0.06104,0.001375,0.278,0.401,0.44,0.471,0.52073,0.041531,0.02069,0.000466,0.015,0.027,0.037,0.05,0.09573,0.471458,0.05171,0.001164,0.35855,0.445,0.478,0.505,0.553,0.534851,0.07376,0.001649,0.447,0.495,0.523,0.558,0.682,0.040951,0.02112,0.000472,0.012,0.027,0.037,0.05,0.09503,0.424198,0.07737,0.00173,0.22698,0.399,0.439,0.47,0.52003,0.040951,0.02112,0.000472,0.012,0.027,0.037,0.05,0.09503,0.465149,0.07376,0.001649,0.318,0.442,0.477,0.505,0.553
23.5,0.52755,0.05119,0.001153,0.447,0.494,0.5215,0.554,0.637,0.040019,0.0204,0.000459,0.014,0.026,0.0355,0.049,0.09273,0.432431,0.06029,0.001358,0.283,0.404,0.442,0.473,0.523,0.040019,0.0204,0.000459,0.014,0.026,0.0355,0.049,0.09273,0.47245,0.05119,0.001153,0.363,0.446,0.4785,0.506,0.553,0.533873,0.07349,0.001643,0.447,0.49475,0.522,0.556,0.67803,0.039459,0.02079,0.000465,0.01198,0.026,0.035,0.048,0.09203,0.426668,0.07697,0.001721,0.23688,0.401,0.441,0.473,0.523,0.039459,0.02079,0.000465,0.01198,0.026,0.035,0.048,0.09203,0.466127,0.07349,0.001643,0.32198,0.444,0.478,0.50525,0.553
23.75,0.526592,0.05065,0.001141,0.446,0.493,0.521,0.553,0.63473,0.038553,0.02018,0.000454,0.013,0.025,0.034,0.047,0.09073,0.434855,0.05958,0.001342,0.288,0.405,0.444,0.475,0.52473,0.038553,0.02018,0.000454,0.013,0.025,0.034,0.047,0.09073,0.473408,0.05065,0.001141,0.36528,0.447,0.479,0.507,0.554,0.532928,0.07321,0.001637,0.446,0.494,0.521,0.555,0.67403,0.038013,0.02054,0.000459,0.011,0.025,0.034,0.046,0.09003,0.429058,0.07661,0.001713,0.24287,0.404,0.444,0.474,0.52403,0.038013,0.02054,0.000459,0.011,0.025,0.034,0.046,0.09003,0.467072,0.07321,0.001637,0.32598,0.445,0.479,0.506,0.554
24.0,0.525671,0.05016,0.001129,0.446,0.49275,0.52,0.552,0.632,0.037128,0.01993,0.000449,0.012,0.024,0.033,0.045,0.08873,0.4372,0.05895,0.001328,0.29182,0.408,0.447,0.477,0.526,0.037128,0.01993,0.000449,0.012,0.024,0.033,0.045,0.08873,0.474329,0.05016,0.001129,0.368,0.448,0.48,0.50725,0.554,0.532021,0.07295,0.001631,0.446,0.493,0.521,0.554,0.671,0.036609,0.02026,0.000453,0.01,0.023,0.032,0.045,0.08803,0.43137,0.0763,0.001706,0.25095,0.406,0.446,0.476,0.526,0.036609,0.02026,0.000453,0.01,0.023,0.032,0.045,0.08803,0.46798,0.07295,0.001631,0.329,0.446,0.479,0.507,0.554
24.25,0.524797,0.04964,0.001118,0.445,0.492,0.52,0.551,0.631,0.035646,0.01965,0.000443,0.011,0.022,0.031,0.043,0.08773,0.439557,0.05823,0.001311,0.29755,0.411,0.449,0.479,0.528,0.035646,0.01965,0.000443,0.011,0.022,0.031,0.043,0.08773,0.475203,0.04964,0.001118,0.369,0.449,0.48,0.508,0.555,0.531158,0.07267,0.001625,0.445,0.492,0.52,0.553,0.66603,0.035148,0.01996,0.000446,0.00998,0.022,0.031,0.043,0.08703,0.433694,0.07593,0.001698,0.25798,0.409,0.448,0.478,0.528,0.035148,0.01996,0.000446,0.00998,0.022,0.031,0.043,0.08703,0.468842,0.07267,0.001625,0.33398,0.447,0.48,0.508,0.555
24.5,0.523997,0.04911,0.001106,0.445,0.491,0.519,0.55,0.629,0.034221,0.01933,0.000435,0.011,0.021,0.03,0.04125,0.086,0.441782,0.05757,0.001296,0.30228,0.413,0.451,0.481,0.52973,0.034221,0.01933,0.000435,0.011,0.021,0.03,0.04125,0.086,0.476003,0.04911,0.001106,0.371,0.45,0.481,0.509,0.555,0.53037,0.07239,0.001619,0.445,0.492,0.52,0.552,0.662,0.033742,0.01961,0.000439,0.009,0.021,0.029,0.041,0.086,0.435888,0.07561,0.001691,0.26295,0.411,0.45,0.48,0.52903,0.033742,0.01961,0.000439,0.009,0.021,0.029,0.041,0.086,0.46963,0.07239,0.001619,0.338,0.448,0.48,0.508,0.555
24.75,0.523223,0.0486,0.001094,0.445,0.491,0.519,0.549,0.628,0.032893,0.01903,0.000429,0.01,0.02,0.028,0.04,0.084,0.443884,0.0569,0.001281,0.30727,0.415,0.453,0.483,0.531,0.032893,0.01903,0.000429,0.01,0.02,0.028,0.04,0.084,0.476777,0.0486,0.001094,0.372,0.451,0.481,0.509,0.555,0.529606,0.07211,0.001613,0.445,0.491,0.52,0.551,0.658,0.032433,0.01929,0.000431,0.008,0.02,0.028,0.03925,0.084,0.437961,0.07527,0.001683,0.27097,0.413,0.452,0.482,0.531,0.032433,0.01929,0.000431,0.008,0.02,0.028,0.03925,0.084,0.470394,0.07211,0.001613,0.342,0.449,0.48,0.509,0.555
25.0,0.52246,0.04819,0.001085,0.44428,0.49,0.5185,0.549,0.627,0.031627,0.01871,0.000421,0.009,0.019,0.027,0.038,0.081,0.445912,0.05628,0.001267,0.31027,0.417,0.455,0.484,0.532,0.031627,0.01871,0.000421,0.009,0.019,0.027,0.038,0.081,0.47754,0.04819,0.001085,0.373,0.451,0.4815,0.51,0.55573,0.528854,0.07191,0.001608,0.44498,0.49075,0.519,0.551,0.65505,0.031185,0.01895,0.000424,0.007,0.019,0.027,0.038,0.081,0.439961,0.07496,0.001676,0.27595,0.415,0.454,0.484,0.532,0.031185,0.01895,0.000424,0.007,0.019,0.027,0.038,0.081,0.471146,0.07191,0.001608,0.34495,0.449,0.481,0.50925,0.55503
25.25,0.521776,0.04779,0.001076,0.444,0.49,0.5175,0.548,0.627,0.030366,0.01838,0.000414,0.008,0.018,0.026,0.037,0.079,0.447859,0.05566,0.001254,0.31483,0.419,0.456,0.486,0.53273,0.030366,0.01838,0.000414,0.008,0.018,0.026,0.037,0.079,0.478224,0.04779,0.001076,0.373,0.452,0.4825,0.51,0.556,0.528179,0.0717,0.001603,0.444,0.49,0.519,0.55,0.65208,0.029941,0.01859,0.000416,0.007,0.018,0.026,0.037,0.079,0.441879,0.07466,0.00167,0.28295,0.417,0.456,0.485,0.53203,0.029941,0.01859,0.000416,0.007,0.018,0.026,0.037,0.079,0.471821,0.0717,0.001603,0.34792,0.45,0.481,0.51,0.556
25.5,0.521089,0.04742,0.001068,0.444,0.489,0.517,0.54725,0.62673,0.029178,0.01804,0.000406,0.008,0.017,0.0245,0.035,0.076,0.449733,0.05509,0.001241,0.319,0.42175,0.457,0.487,0.534,0.029178,0.01804,0.000406,0.008,0.017,0.0245,0.035,0.076,0.478911,0.04742,0.001068,0.37328,0.45275,0.483,0.511,0.556,0.527502,0.07152,0.001599,0.444,0.489,0.518,0.549,0.65005,0.02877,0.01824,0.000408,0.007,0.017,0.024,0.035,0.076,0.443728,0.07439,0.001663,0.28697,0.419,0.457,0.487,0.534,0.02877,0.01824,0.000408,0.007,0.017,0.024,0.035,0.076,0.472498,0.07152,0.001599,0.34995,0.451,0.482,0.511,0.556
25.75,0.520426,0.04705,0.001059,0.443,0.489,0.516,0.547,0.62473,0.028083,0.0178,0.000401,0.007,0.017,0.024,0.034,0.074,0.45149,0.05454,0.001228,0.32455,0.423,0.459,0.489,0.535,0.028083,0.0178,0.000401,0.007,0.017,0.024,0.034,0.074,0.479574,0.04705,0.001059,0.37528,0.453,0.484,0.511,0.557,0.526848,0.07134,0.001595,0.443,0.489,0.517,0.548,0.64603,0.02769,0.01798,0.000402,0.006,0.016,0.023,0.034,0.074,0.445462,0.07413,0.001658,0.28797,0.422,0.458,0.488,0.535,0.02769,0.01798,0.000402,0.006,0.016,0.023,0.034,0.074,0.473151,0.07134,0.001595,0.35398,0.452,0.483,0.511,0.557
26.0,0.51978,0.04666,0.001051,0.44228,0.488,0.515,0.546,0.621,0.027038,0.01751,0.000394,0.007,0.016,0.023,0.033,0.07173,0.453182,0.05395,0.001215,0.329,0.425,0.461,0.48925,0.537,0.027038,0.01751,0.000394,0.007,0.016,0.023,0.033,0.07173,0.48022,0.04666,0.001051,0.379,0.454,0.485,0.512,0.55773,0.526212,0.07115,0.001591,0.44298,0.489,0.516,0.547,0.64203,0.026659,0.01767,0.000395,0.005,0.01575,0.022,0.032,0.07103,0.447129,0.07384,0.001651,0.29195,0.423,0.46,0.489,0.537,0.026659,0.01767,0.000395,0.005,0.01575,0.022,0.032,0.07103,0.473788,0.07115,0.001591,0.35798,0.453,0.484,0.511,0.55703
26.25,0.51918,0.04633,0.001043,0.442,0.488,0.515,0.545,0.619,0.025931,0.01717,0.000387,0.007,0.015,0.022,0.031,0.07,0.454889,0.05338,0.001202,0.33428,0.427,0.4615,0.491,0.53873,0.025931,0.01717,0.000387,0.007,0.015,0.022,0.031,0.07,0.48082,0.04633,0.001043,0.381,0.455,0.485,0.512,0.558,0.525619,0.07098,0.001587,0.442,0.488,0.516,0.547,0.64103,0.025568,0.01732,0.000387,0.005,0.015,0.021,0.031,0.07,0.448813,0.07357,0.001645,0.2979,0.425,0.461,0.49,0.53803,0.025568,0.01732,0.000387,0.005,0.015,0.021,0.031,0.07,0.474381,0.07098,0.001587,0.35898,0.453,0.484,0.512,0.558
26.5,0.518638,0.04599,0.001036,0.442,0.487,0.514,0.545,0.616,0.024944,0.01686,0.00038,0.006,0.014,0.0205,0.031,0.069,0.456417,0.05288,0.001191,0.33828,0.42875,0.463,0.492,0.539,0.024944,0.01686,0.00038,0.006,0.014,0.0205,0.031,0.069,0.481362,0.04599,0.001036,0.384,0.455,0.486,0.513,0.558,0.525086,0.07082,0.001583,0.442,0.488,0.515,0.546,0.63905,0.024595,0.017,0.00038,0.005,0.014,0.02,0.03,0.069,0.45032,0.07334,0.00164,0.30198,0.426,0.462,0.491,0.539,0.024595,0.017,0.00038,0.005,0.014,0.02,0.03,0.069,0.474914,0.07082,0.001583,0.36095,0.454,0.485,0.512,0.558
26.75,0.518116,0.04567,0.001028,0.442,0.487,0.514,0.544,0.61545,0.023962,0.01655,0.000373,0.006,0.013,0.02,0.029,0.06773,0.457922,0.05236,0.001179,0.341,0.43,0.464,0.493,0.54,0.023962,0.01655,0.000373,0.006,0.013,0.02,0.029,0.06773,0.481884,0.04567,0.001028,0.38455,0.456,0.486,0.513,0.558,0.52457,0.07066,0.00158,0.442,0.488,0.515,0.545,0.63708,0.023626,0.01667,0.000373,0.004,0.013,0.019,0.029,0.06703,0.451803,0.07309,0.001634,0.309,0.427,0.463,0.49225,0.54,0.023626,0.01667,0.000373,0.004,0.013,0.019,0.029,0.06703,0.475429,0.07066,0.00158,0.36292,0.455,0.485,0.512,0.558
27.0,0.517595,0.0454,0.001022,0.44128,0.487,0.514,0.543,0.61373,0.023047,0.01621,0.000365,0.006,0.013,0.019,0.028,0.067,0.459358,0.05181,0.001167,0.344,0.432,0.465,0.494,0.54173,0.023047,0.01621,0.000365,0.006,0.013,0.019,0.028,0.067,0.482405,0.0454,0.001022,0.38628,0.457,0.486,0.513,0.55873,0.524057,0.07053,0.001577,0.44198,0.487,0.514,0.544,0.63705,0.022724,0.01632,0.000365,0.004,0.013,0.019,0.028,0.067,0.453219,0.07282,0.001628,0.313,0.42975,0.4645,0.493,0.54103,0.022724,0.01632,0.000365,0.004,0.013,0.019,0.028,0.067,0.475943,0.07053,0.001577,0.36295,0.456,0.486,0.513,0.55803
27.25,0.51715,0.04514,0.001016,0.44128,0.48675,0.513,0.542,0.61345,0.022063,0.01581,0.000356,0.005,0.012,0.018,0.027,0.065,0.460788,0.0513,0.001155,0.34828,0.433,0.467,0.495,0.543,0.022063,0.01581,0.000356,0.005,0.012,0.018,0.027,0.065,0.48285,0.04514,0.001016,0.38655,0.458,0.487,0.51325,0.55873,0.523618,0.07041,0.001574,0.44198,0.487,0.514,0.544,0.635,0.021754,0.01591,0.000356,0.004,0.012,0.018,0.027,0.065,0.454629,0.07258,0.001623,0.31398,0.431,0.466,0.495,0.543,0.021754,0.01591,0.000356,0.004,0.012,0.018,0.027,0.065,0.476382,0.07041,0.001574,0.365,0.456,0.486,0.513,0.55803
27.5,0.516735,0.04489,0.001011,0.44128,0.486,0.513,0.542,0.611,0.021142,0.01541,0.000347,0.005,0.01175,0.017,0.026,0.063,0.462123,0.05079,0.001144,0.351,0.43475,0.468,0.496,0.544,0.021142,0.01541,0.000347,0.005,0.01175,0.017,0.026,0.063,0.483265,0.04489,0.001011,0.389,0.458,0.487,0.514,0.55873,0.523208,0.07029,0.001572,0.44198,0.487,0.514,0.544,0.63303,0.020846,0.01551,0.000347,0.004,0.011,0.017,0.026,0.063,0.455946,0.07234,0.001618,0.31798,0.43275,0.467,0.496,0.544,0.020846,0.01551,0.000347,0.004,0.011,0.017,0.026,0.063,0.476792,0.07029,0.001572,0.36698,0.456,0.486,0.513,0.55803
27.75,0.516313,0.04465,0.001005,0.44128,0.486,0.513,0.542,0.61073,0.02023,0.01503,0.000338,0.004,0.011,0.016,0.025,0.06145,0.463456,0.05033,0.001133,0.35428,0.436,0.469,0.497,0.544,0.02023,0.01503,0.000338,0.004,0.011,0.016,0.025,0.06145,0.483687,0.04465,0.001005,0.38928,0.458,0.487,0.514,0.55873,0.522793,0.07018,0.001569,0.44198,0.486,0.513,0.543,0.632,0.019947,0.01511,0.000338,0.003,0.011,0.016,0.025,0.06005,0.45726,0.07214,0.001613,0.32098,0.434,0.468,0.497,0.544,0.019947,0.01511,0.000338,0.003,0.011,0.016,0.025,0.06005,0.477207,0.07018,0.001569,0.368,0.457,0.487,0.514,0.55803
28.0,0.515912,0.04441,0.001,0.44128,0.486,0.512,0.541,0.61,0.019385,0.01472,0.000332,0.004,0.01,0.015,0.024,0.05973,0.464702,0.04993,0.001124,0.35728,0.438,0.47,0.498,0.545,0.019385,0.01472,0.000332,0.004,0.01,0.015,0.024,0.05973,0.484088,0.04441,0.001,0.39,0.459,0.488,0.514,0.55873,0.522398,0.07006,0.001567,0.44198,0.486,0.513,0.543,0.63003,0.019114,0.0148,0.000331,0.003,0.01,0.015,0.024,0.05903,0.458488,0.07196,0.001609,0.323,0.436,0.469,0.497,0.545,0.019114,0.0148,0.000331,0.003,0.01,0.015,0.024,0.05903,0.477602,0.07006,0.001567,0.36998,0.457,0.487,0.514,0.55803
28.25,0.515562,0.04417,0.000995,0.441,0.48575,0.512,0.541,0.609,0.018549,0.01425,0.000321,0.004,0.01,0.015,0.023,0.057,0.465889,0.04948,0.001114,0.35927,0.439,0.471,0.499,0.546,0.018549,0.01425,0.000321,0.004,0.01,0.015,0.023,0.057,0.484438,0.04417,0.000995,0.391,0.459,0.488,0.51425,0.559,0.522052,0.06995,0.001564,0.441,0.486,0.513,0.54225,0.62903,0.018289,0.01432,0.00032,0.003,0.009,0.015,0.023,0.057,0.459659,0.07176,0.001605,0.32698,0.437,0.47,0.499,0.546,0.018289,0.01432,0.00032,0.003,0.009,0.015,0.023,0.057,0.477948,0.06995,0.001564,0.37098,0.45775,0.487,0.514,0.559
28.5,0.515211,0.04396,0.00099,0.441,0.485,0.512,0.54,0.609,0.017755,0.01385,0.000312,0.003,0.009,0.014,0.022,0.055,0.467034,0.04902,0.001104,0.362,0.441,0.472,0.5,0.54673,0.017755,0.01385,0.000312,0.003,0.009,0.014,0.022,0.055,0.484789,0.04396,0.00099,0.391,0.46,0.488,0.515,0.559,0.521706,0.06985,0.001562,0.441,0.486,0.512,0.542,0.629,0.017506,0.01391,0.000311,0.00298,0.009,0.014,0.022,0.055,0.460788,0.07155,0.0016,0.329,0.439,0.471,0.5,0.54603,0.017506,0.01391,0.000311,0.00298,0.009,0.014,0.022,0.055,0.478294,0.06985,0.001562,0.371,0.458,0.488,0.514,0.559
28.75,0.514899,0.04377,0.000986,0.44028,0.485,0.512,0.54,0.60773,0.017021,0.0135,0.000304,0.003,0.009,0.014,0.021,0.05373,0.46808,0.04861,0.001095,0.363,0.442,0.473,0.501,0.548,0.017021,0.0135,0.000304,0.003,0.009,0.014,0.021,0.05373,0.485101,0.04377,0.000986,0.39228,0.46,0.488,0.515,0.55973,0.521398,0.06976,0.00156,0.44098,0.485,0.512,0.542,0.62703,0.016783,0.01356,0.000303,0.002,0.008,0.013,0.021,0.05303,0.461819,0.07137,0.001596,0.332,0.44,0.472,0.5,0.548,0.016783,0.01356,0.000303,0.002,0.008,0.013,0.021,0.05303,0.478602,0.06976,0.00156,0.37298,0.458,0.488,0.515,0.55903
29.0,0.514575,0.04361,0.000982,0.44028,0.484,0.5115,0.54,0.606,0.016338,0.01321,0.000298,0.003,0.008,0.013,0.02,0.054,0.469087,0.04826,0.001087,0.36528,0.44375,0.4735,0.50125,0.548,0.016338,0.01321,0.000298,0.003,0.008,0.013,0.02,0.054,0.485425,0.04361,0.000982,0.394,0.46,0.4885,0.516,0.55973,0.521079,0.06969,0.001558,0.44098,0.485,0.512,0.54125,0.62703,0.016109,0.01326,0.000297,0.002,0.008,0.013,0.02,0.054,0.462812,0.07122,0.001592,0.33398,0.441,0.473,0.501,0.548,0.016109,0.01326,0.000297,0.002,0.008,0.013,0.02,0.054,0.478921,0.06969,0.001558,0.37298,0.45875,0.488,0.515,0.55903
29.25,0.514274,0.04344,0.000978,0.44,0.484,0.511,0.539,0.606,0.015623,0.01287,0.00029,0.003,0.008,0.012,0.019,0.05173,0.470103,0.04786,0.001078,0.368,0.444,0.474,0.502,0.549,0.015623,0.01287,0.00029,0.003,0.008,0.012,0.019,0.05173,0.485726,0.04344,0.000978,0.394,0.461,0.489,0.516,0.56,0.520782,0.06961,0.001557,0.44,0.485,0.512,0.541,0.627,0.015404,0.01291,0.000289,0.002,0.008,0.012,0.019,0.05103,0.463814,0.07104,0.001588,0.33698,0.442,0.474,0.502,0.549,0.015404,0.01291,0.000289,0.002,0.008,0.012,0.019,0.05103,0.479218,0.06961,0.001557,0.373,0.459,0.488,0.515,0.56
29.5,0.513976,0.0433,0.000975,0.44,0.484,0.511,0.539,0.60473,0.014918,0.01246,0.00028,0.002,0.007,0.012,0.018,0.05,0.471106,0.04747,0.001069,0.36828,0.445,0.475,0.503,0.549,0.014918,0.01246,0.00028,0.002,0.007,0.012,0.018,0.05,0.486024,0.0433,0.000975,0.39528,0.461,0.489,0.516,0.56,0.520488,0.06955,0.001555,0.44,0.48475,0.512,0.541,0.627,0.014709,0.01249,0.000279,0.002,0.007,0.012,0.018,0.05,0.464802,0.07087,0.001585,0.33998,0.443,0.475,0.503,0.549,0.014709,0.01249,0.000279,0.002,0.007,0.012,0.018,0.05,0.479512,0.06955,0.001555,0.373,0.459,0.488,0.51525,0.56
29.75,0.513711,0.04314,0.000972,0.44,0.484,0.511,0.538,0.60373,0.014292,0.01209,0.000272,0.002,0.007,0.011,0.018,0.046,0.471997,0.04715,0.001062,0.37028,0.446,0.476,0.504,0.55,0.014292,0.01209,0.000272,0.002,0.007,0.011,0.018,0.046,0.486289,0.04314,0.000972,0.39628,0.462,0.489,0.516,0.56,0.520227,0.06948,0.001554,0.44,0.484,0.511,0.54025,0.62603,0.014091,0.01212,0.000271,0.00198,0.007,0.011,0.018,0.046,0.465681,0.07073,0.001582,0.344,0.44475,0.475,0.503,0.55,0.014091,0.01212,0.000271,0.00198,0.007,0.011,0.018,0.046,0.479773,0.06948,0.001554,0.37398,0.45975,0.489,0.516,0.56
30.0,0.51346,0.043,0.000968,0.44,0.484,0.511,0.538,0.603,0.013699,0.01177,0.000265,0.002,0.007,0.011,0.017,0.045,0.47284,0.04682,0.001054,0.37128,0.447,0.477,0.505,0.55,0.013699,0.01177,0.000265,0.002,0.007,0.011,0.017,0.045,0.48654,0.043,0.000968,0.397,0.462,0.489,0.516,0.56,0.51998,0.06942,0.001552,0.44,0.484,0.511,0.54,0.62603,0.013507,0.0118,0.000264,0.001,0.006,0.011,0.017,0.045,0.466513,0.07059,0.001578,0.34698,0.445,0.476,0.504,0.55,0.013507,0.0118,0.000264,0.001,0.006,0.011,0.017,0.045,0.48002,0.06942,0.001552,0.37398,0.46,0.489,0.516,0.56
30.25,0.513199,0.04284,0.000965,0.44,0.48375,0.51,0.538,0.603,0.013152,0.0115,0.000259,0.002,0.006,0.01,0.016,0.04473,0.47365,0.04654,0.001048,0.373,0.448,0.478,0.505,0.551,0.013152,0.0115,0.000259,0.002,0.006,0.01,0.016,0.04473,0.486801,0.04284,0.000965,0.397,0.462,0.49,0.51625,0.56,0.519722,0.06934,0.001551,0.44,0.484,0.511,0.54,0.62603,0.012967,0.01152,0.000258,0.001,0.006,0.01,0.016,0.04403,0.46731,0.07048,0.001576,0.34998,0.446,0.477,0.505,0.551,0.012967,0.01152,0.000258,0.001,0.006,0.01,0.016,0.04403,0.480278,0.06934,0.001551,0.37398,0.46,0.489,0.516,0.56
30.5,0.51297,0.04268,0.000961,0.44,0.483,0.51,0.538,0.60273,0.012575,0.01123,0.000253,0.002,0.006,0.01,0.016,0.043,0.474455,0.04628,0.001042,0.37428,0.449,0.479,0.506,0.55173,0.012575,0.01123,0.000253,0.002,0.006,0.01,0.016,0.043,0.48703,0.04268,0.000961,0.39728,0.462,0.49,0.517,0.56,0.519496,0.06927,0.001549,0.44,0.484,0.511,0.539,0.62603,0.012398,0.01125,0.000252,0.001,0.006,0.01,0.015,0.043,0.468105,0.07038,0.001574,0.35298,0.447,0.478,0.505,0.55103,0.012398,0.01125,0.000252,0.001,0.006,0.01,0.015,0.043,0.480504,0.06927,0.001549,0.37398,0.461,0.489,0.516,0.56
30.75,0.512731,0.04251,0.000957,0.43928,0.483,0.51,0.538,0.602,0.012058,0.01095,0.000246,0.002,0.005,0.009,0.015,0.04173,0.47521,0.046,0.001036,0.377,0.45,0.479,0.506,0.55173,0.012058,0.01095,0.000246,0.002,0.005,0.009,0.015,0.04173,0.487269,0.04251,0.000957,0.398,0.462,0.49,0.517,0.56073,0.519261,0.06918,0.001547,0.43998,0.483,0.511,0.539,0.62505,0.011889,0.01096,0.000245,0.001,0.005,0.009,0.015,0.04103,0.468849,0.07027,0.001571,0.35497,0.448,0.478,0.506,0.55103,0.011889,0.01096,0.000245,0.001,0.005,0.009,0.015,0.04103,0.480739,0.06918,0.001547,0.37495,0.461,0.489,0.517,0.56003
31.0,0.512517,0.04236,0.000954,0.439,0.483,0.51,0.537,0.60173,0.011533,0.01057,0.000238,0.001,0.005,0.009,0.014,0.04,0.47595,0.04568,0.001029,0.37728,0.451,0.48,0.507,0.55173,0.011533,0.01057,0.000238,0.001,0.005,0.009,0.014,0.04,0.487483,0.04236,0.000954,0.39828,0.463,0.49,0.517,0.561,0.51905,0.06911,0.001545,0.439,0.483,0.51,0.539,0.62403,0.011371,0.01058,0.000237,0.001,0.005,0.009,0.014,0.04,0.469579,0.07013,0.001568,0.356,0.449,0.479,0.50625,0.55103,0.011371,0.01058,0.000237,0.001,0.005,0.009,0.014,0.04,0.48095,0.06911,0.001545,0.37598,0.461,0.49,0.517,0.561
31.25,0.512309,0.04221,0.00095,0.439,0.483,0.51,0.537,0.60173,0.011046,0.0103,0.000232,0.001,0.005,0.008,0.014,0.038,0.476645,0.04541,0.001023,0.379,0.451,0.48,0.50725,0.552,0.011046,0.0103,0.000232,0.001,0.005,0.008,0.014,0.038,0.487691,0.04221,0.00095,0.39828,0.463,0.49,0.517,0.561,0.518844,0.06904,0.001544,0.439,0.483,0.51,0.539,0.62403,0.010891,0.01031,0.00023,0.001,0.005,0.008,0.014,0.038,0.470264,0.07002,0.001566,0.356,0.45,0.4795,0.507,0.552,0.010891,0.01031,0.00023,0.001,0.005,0.008,0.014,0.038,0.481155,0.06904,0.001544,0.37598,0.461,0.49,0.517,0.561
31.5,0.51213,0.04209,0.000948,0.439,0.483,0.51,0.537,0.60173,0.010518,0.01002,0.000226,0.001,0.005,0.008,0.013,0.037,0.477352,0.0452,0.001018,0.37982,0.452,0.481,0.508,0.552,0.010518,0.01002,0.000226,0.001,0.005,0.008,0.013,0.037,0.48787,0.04209,0.000948,0.39828,0.463,0.49,0.517,0.561,0.518668,0.06899,0.001543,0.439,0.483,0.51,0.539,0.624,0.01037,0.01002,0.000224,0.0,0.004,0.008,0.013,0.037,0.470961,0.06995,0.001564,0.35995,0.451,0.48,0.508,0.552,0.01037,0.01002,0.000224,0.0,0.004,0.008,0.013,0.037,0.481332,0.06899,0.001543,0.376,0.461,0.49,0.517,0.561
31.75,0.511957,0.04201,0.000946,0.439,0.48275,0.509,0.536,0.60073,0.01004,0.00971,0.000219,0.001,0.004,0.007,0.012,0.036,0.478003,0.04498,0.001013,0.382,0.453,0.482,0.509,0.553,0.01004,0.00971,0.000219,0.001,0.004,0.007,0.012,0.036,0.488043,0.04201,0.000946,0.39928,0.464,0.491,0.51725,0.561,0.518497,0.06895,0.001542,0.439,0.483,0.51,0.538,0.624,0.0099,0.00972,0.000217,0.0,0.004,0.007,0.012,0.036,0.471603,0.06987,0.001562,0.36195,0.451,0.481,0.508,0.553,0.0099,0.00972,0.000217,0.0,0.004,0.007,0.012,0.036,0.481503,0.06895,0.001542,0.376,0.462,0.49,0.517,0.561
32.0,0.511789,0.0419,0.000944,0.439,0.482,0.509,0.536,0.599,0.009589,0.00951,0.000214,0.001,0.004,0.007,0.012,0.03473,0.478622,0.04478,0.001008,0.38228,0.453,0.483,0.509,0.55373,0.009589,0.00951,0.000214,0.001,0.004,0.007,0.012,0.03473,0.488211,0.0419,0.000944,0.401,0.464,0.491,0.518,0.561,0.518332,0.06891,0.001541,0.439,0.483,0.51,0.538,0.624,0.009455,0.00951,0.000213,0.0,0.004,0.007,0.012,0.03403,0.472214,0.0698,0.001561,0.36195,0.452,0.482,0.509,0.55303,0.009455,0.00951,0.000213,0.0,0.004,0.007,0.012,0.03403,0.481668,0.06891,0.001541,0.376,0.462,0.49,0.517,0.561
32.25,0.511632,0.04179,0.000941,0.439,0.482,0.509,0.536,0.599,0.009148,0.00919,0.000207,0.001,0.004,0.007,0.011,0.034,0.479221,0.04454,0.001003,0.38428,0.454,0.483,0.51,0.554,0.009148,0.00919,0.000207,0.001,0.004,0.007,0.011,0.034,0.488368,0.04179,0.000941,0.401,0.464,0.491,0.518,0.561,0.518177,0.06885,0.00154,0.439,0.483,0.51,0.538,0.624,0.00902,0.00919,0.000205,0.0,0.004,0.007,0.011,0.034,0.472804,0.0697,0.001559,0.364,0.452,0.482,0.509,0.554,0.00902,0.00919,0.000205,0.0,0.004,0.007,0.011,0.034,0.481823,0.06885,0.00154,0.376,0.462,0.49,0.517,0.561
32.5,0.511481,0.04166,0.000938,0.439,0.482,0.509,0.536,0.598,0.008746,0.00895,0.000202,0.0,0.00375,0.006,0.011,0.033,0.479773,0.04432,0.000998,0.38528,0.45475,0.483,0.51,0.554,0.008746,0.00895,0.000202,0.0,0.00375,0.006,0.011,0.033,0.488519,0.04166,0.000938,0.402,0.464,0.491,0.518,0.561,0.518028,0.06879,0.001538,0.439,0.483,0.51,0.537,0.624,0.008624,0.00894,0.0002,0.0,0.003,0.006,0.011,0.033,0.473348,0.06961,0.001557,0.364,0.453,0.4825,0.51,0.554,0.008624,0.00894,0.0002,0.0,0.003,0.006,0.011,0.033,0.481972,0.06879,0.001538,0.376,0.463,0.49,0.517,0.561
32.75,0.51135,0.04155,0.000936,0.439,0.482,0.509,0.536,0.598,0.008349,0.00871,0.000196,0.0,0.003,0.006,0.01,0.03273,0.4803,0.04413,0.000994,0.386,0.455,0.484,0.51,0.55473,0.008349,0.00871,0.000196,0.0,0.003,0.006,0.01,0.03273,0.48865,0.04155,0.000936,0.402,0.464,0.491,0.518,0.561,0.517899,0.06874,0.001537,0.439,0.483,0.5095,0.537,0.624,0.008233,0.00871,0.000195,0.0,0.003,0.006,0.01,0.03203,0.473868,0.06954,0.001555,0.36692,0.453,0.483,0.51,0.55403,0.008233,0.00871,0.000195,0.0,0.003,0.006,0.01,0.03203,0.4821,0.06874,0.001537,0.376,0.463,0.4905,0.517,0.561
33.0,0.511217,0.04145,0.000933,0.439,0.482,0.509,0.536,0.598,0.007972,0.00845,0.00019,0.0,0.003,0.006,0.01,0.031,0.480811,0.04394,0.000989,0.387,0.455,0.484,0.511,0.555,0.007972,0.00845,0.00019,0.0,0.003,0.006,0.01,0.031,0.488783,0.04145,0.000933,0.402,0.464,0.491,0.518,0.561,0.517768,0.06869,0.001536,0.439,0.483,0.509,0.537,0.624,0.00786,0.00845,0.000189,0.0,0.003,0.006,0.01,0.031,0.474372,0.06947,0.001553,0.36795,0.454,0.484,0.51,0.555,0.00786,0.00845,0.000189,0.0,0.003,0.006,0.01,0.031,0.482232,0.06869,0.001536,0.376,0.463,0.491,0.517,0.561
33.25,0.511081,0.04134,0.000931,0.439,0.482,0.509,0.536,0.598,0.007617,0.0083,0.000187,0.0,0.003,0.005,0.009,0.03,0.481302,0.04375,0.000985,0.38828,0.456,0.4845,0.511,0.556,0.007617,0.0083,0.000187,0.0,0.003,0.005,0.009,0.03,0.488919,0.04134,0.000931,0.402,0.464,0.491,0.518,0.561,0.517634,0.06864,0.001535,0.439,0.482,0.509,0.537,0.62205,0.007511,0.00829,0.000185,0.0,0.003,0.005,0.009,0.03,0.474856,0.0694,0.001552,0.368,0.45475,0.484,0.511,0.556,0.007511,0.00829,0.000185,0.0,0.003,0.005,0.009,0.03,0.482366,0.06864,0.001535,0.37795,0.463,0.491,0.518,0.561
33.5,0.51097,0.04126,0.000929,0.439,0.482,0.5085,0.53525,0.598,0.007263,0.00804,0.000181,0.0,0.003,0.005,0.009,0.029,0.481767,0.04356,0.000981,0.38928,0.456,0.485,0.511,0.556,0.007263,0.00804,0.000181,0.0,0.003,0.005,0.009,0.029,0.48903,0.04126,0.000929,0.402,0.46475,0.4915,0.518,0.561,0.517524,0.0686,0.001534,0.439,0.482,0.509,0.537,0.62105,0.007161,0.00803,0.00018,0.0,0.003,0.005,0.009,0.029,0.475315,0.06932,0.00155,0.36898,0.455,0.484,0.511,0.556,0.007161,0.00803,0.00018,0.0,0.003,0.005,0.009,0.029,0.482475,0.0686,0.001534,0.37895,0.463,0.491,0.518,0.561
33.75,0.510845,0.0412,0.000928,0.439,0.482,0.508,0.535,0.598,0.006967,0.00784,0.000176,0.0,0.003,0.005,0.009,0.027,0.482188,0.04341,0.000977,0.39,0.457,0.485,0.512,0.556,0.006967,0.00784,0.000176,0.0,0.003,0.005,0.009,0.027,0.489155,0.0412,0.000928,0.402,0.465,0.492,0.518,0.561,0.517402,0.06858,0.001533,0.439,0.482,0.509,0.537,0.62103,0.006869,0.00782,0.000175,0.0,0.002,0.005,0.009,0.027,0.47573,0.06926,0.001549,0.36998,0.455,0.485,0.511,0.556,0.006869,0.00782,0.000175,0.0,0.002,0.005,0.009,0.027,0.482598,0.06858,0.001533,0.37898,0.463,0.491,0.518,0.561
34.0,0.510728,0.04113,0.000926,0.439,0.482,0.508,0.535,0.598,0.006655,0.00761,0.000171,0.0,0.002,0.005,0.008,0.026,0.482617,0.04323,0.000974,0.39028,0.457,0.486,0.512,0.55673,0.006655,0.00761,0.000171,0.0,0.002,0.005,0.008,0.026,0.489272,0.04113,0.000926,0.402,0.465,0.492,0.518,0.561,0.517286,0.06854,0.001533,0.439,0.482,0.509,0.536,0.621,0.006562,0.0076,0.00017,0.0,0.002,0.005,0.008,0.026,0.476153,0.0692,0.001547,0.37095,0.456,0.485,0.51125,0.55603,0.006562,0.0076,0.00017,0.0,0.002,0.005,0.008,0.026,0.482714,0.06854,0.001533,0.379,0.464,0.491,0.518,0.561
34.25,0.51063,0.04105,0.000924,0.439,0.482,0.508,0.535,0.598,0.006352,0.00739,0.000166,0.0,0.002,0.004,0.008,0.025,0.483017,0.04309,0.00097,0.392,0.45775,0.486,0.512,0.557,0.006352,0.00739,0.000166,0.0,0.002,0.004,0.008,0.025,0.48937,0.04105,0.000924,0.402,0.465,0.492,0.518,0.561,0.517189,0.06851,0.001532,0.439,0.482,0.509,0.536,0.621,0.006264,0.00737,0.000165,0.0,0.002,0.004,0.008,0.025,0.476547,0.06914,0.001546,0.37098,0.456,0.485,0.512,0.557,0.006264,0.00737,0.000165,0.0,0.002,0.004,0.008,0.025,0.482811,0.06851,0.001532,0.379,0.464,0.491,0.518,0.561
34.5,0.510541,0.04098,0.000923,0.439,0.482,0.508,0.534,0.598,0.006055,0.00716,0.000161,0.0,0.002,0.004,0.008,0.024,0.483404,0.04293,0.000967,0.39228,0.458,0.487,0.513,0.557,0.006055,0.00716,0.000161,0.0,0.002,0.004,0.008,0.024,0.489459,0.04098,0.000923,0.402,0.466,0.492,0.518,0.561,0.517102,0.06848,0.001531,0.439,0.482,0.509,0.536,0.621,0.005971,0.00714,0.00016,0.0,0.002,0.004,0.008,0.024,0.476928,0.06908,0.001545,0.371,0.456,0.486,0.512,0.557,0.005971,0.00714,0.00016,0.0,0.002,0.004,0.008,0.024,0.482898,0.06848,0.001531,0.379,0.464,0.491,0.518,0.561
34.75,0.510441,0.04091,0.000921,0.439,0.482,0.508,0.534,0.59773,0.005809,0.007,0.000158,0.0,0.002,0.004,0.007,0.023,0.483751,0.04279,0.000964,0.393,0.45875,0.487,0.513,0.55773,0.005809,0.007,0.000158,0.0,0.002,0.004,0.007,0.023,0.489559,0.04091,0.000921,0.40228,0.466,0.492,0.518,0.561,0.517002,0.06845,0.00153,0.439,0.482,0.5085,0.536,0.621,0.005728,0.00698,0.000156,0.0,0.002,0.004,0.007,0.023,0.47727,0.06903,0.001544,0.37198,0.457,0.486,0.513,0.55703,0.005728,0.00698,0.000156,0.0,0.002,0.004,0.007,0.023,0.482997,0.06845,0.00153,0.379,0.464,0.4915,0.518,0.561
35.0,0.510358,0.04084,0.00092,0.439,0.482,0.508,0.534,0.59773,0.005551,0.00683,0.000154,0.0,0.002,0.004,0.007,0.022,0.484091,0.04266,0.000961,0.394,0.459,0.487,0.514,0.55773,0.005551,0.00683,0.000154,0.0,0.002,0.004,0.007,0.022,0.489642,0.04084,0.00092,0.40228,0.466,0.492,0.518,0.561,0.516921,0.06841,0.00153,0.439,0.482,0.508,0.536,0.621,0.005473,0.00682,0.000152,0.0,0.002,0.004,0.007,0.022,0.477606,0.06898,0.001542,0.372,0.457,0.486,0.513,0.55703,0.005473,0.00682,0.000152,0.0,0.002,0.004,0.007,0.022,0.483079,0.06841,0.00153,0.379,0.464,0.492,0.518,0.561
35.25,0.510278,0.04077,0.000918,0.439,0.482,0.508,0.534,0.59773,0.005278,0.00666,0.00015,0.0,0.002,0.003,0.006,0.022,0.484444,0.0425,0.000957,0.395,0.459,0.487,0.514,0.558,0.005278,0.00666,0.00015,0.0,0.002,0.003,0.006,0.022,0.489722,0.04077,0.000918,0.40228,0.466,0.492,0.518,0.561,0.516842,0.06838,0.001529,0.439,0.482,0.508,0.536,0.62003,0.005204,0.00664,0.000149,0.0,0.002,0.003,0.006,0.022,0.477954,0.06892,0.001541,0.372,0.45775,0.487,0.514,0.558,0.005204,0.00664,0.000149,0.0,0.002,0.003,0.006,0.022,0.483158,0.06838,0.001529,0.37998,0.464,0.492,0.518,0.561
35.5,0.510202,0.04071,0.000917,0.43828,0.482,0.508,0.534,0.59773,0.00502,0.00644,0.000145,0.0,0.002,0.003,0.006,0.021,0.484778,0.04238,0.000954,0.395,0.459,0.488,0.514,0.558,0.00502,0.00644,0.000145,0.0,0.002,0.003,0.006,0.021,0.489798,0.04071,0.000917,0.40228,0.466,0.492,0.518,0.56173,0.516767,0.06835,0.001528,0.43898,0.482,0.508,0.536,0.62003,0.00495,0.00642,0.000144,0.0,0.001,0.003,0.006,0.021,0.478283,0.06888,0.00154,0.373,0.458,0.487,0.514,0.558,0.00495,0.00642,0.000144,0.0,0.001,0.003,0.006,0.021,0.483233,0.06835,0.001528,0.37998,0.464,0.492,0.518,0.56103
35.75,0.51013,0.04066,0.000916,0.43828,0.482,0.508,0.534,0.59773,0.00479,0.00625,0.000141,0.0,0.001,0.003,0.006,0.02,0.485081,0.04225,0.000951,0.39628,0.46,0.488,0.515,0.55873,0.00479,0.00625,0.000141,0.0,0.001,0.003,0.006,0.02,0.48987,0.04066,0.000916,0.40228,0.466,0.492,0.518,0.56173,0.516696,0.06833,0.001528,0.43898,0.482,0.508,0.536,0.62003,0.004723,0.00623,0.000139,0.0,0.001,0.003,0.006,0.02,0.478582,0.06883,0.001539,0.37398,0.458,0.487,0.514,0.55803,0.004723,0.00623,0.000139,0.0,0.001,0.003,0.006,0.02,0.483304,0.06833,0.001528,0.37998,0.464,0.492,0.518,0.56103
36.0,0.510072,0.04061,0.000915,0.43828,0.48175,0.508,0.534,0.597,0.004554,0.00606,0.000137,0.0,0.001,0.003,0.006,0.019,0.485374,0.04213,0.000949,0.39628,0.46,0.488,0.515,0.55873,0.004554,0.00606,0.000137,0.0,0.001,0.003,0.006,0.019,0.489928,0.04061,0.000915,0.403,0.466,0.492,0.51825,0.56173,0.516639,0.0683,0.001527,0.43898,0.482,0.508,0.536,0.62003,0.004491,0.00604,0.000135,0.0,0.001,0.003,0.006,0.019,0.47887,0.06878,0.001538,0.37495,0.459,0.487,0.515,0.55803,0.004491,0.00604,0.000135,0.0,0.001,0.003,0.006,0.019,0.483361,0.0683,0.001527,0.37998,0.464,0.492,0.518,0.56103
36.25,0.510013,0.04057,0.000914,0.43828,0.481,0.508,0.534,0.597,0.004346,0.00589,0.000133,0.0,0.001,0.003,0.005,0.01873,0.48564,0.04201,0.000946,0.39628,0.46,0.488,0.515,0.559,0.004346,0.00589,0.000133,0.0,0.001,0.003,0.005,0.01873,0.489987,0.04057,0.000914,0.403,0.466,0.492,0.519,0.56173,0.516581,0.06828,0.001527,0.43898,0.482,0.508,0.536,0.62003,0.004286,0.00587,0.000131,0.0,0.001,0.003,0.005,0.01803,0.479134,0.06873,0.001537,0.37495,0.459,0.488,0.515,0.559,0.004286,0.00587,0.000131,0.0,0.001,0.003,0.005,0.01803,0.483419,0.06828,0.001527,0.37998,0.464,0.492,0.518,0.56103
36.5,0.509944,0.04053,0.000913,0.43828,0.481,0.508,0.534,0.597,0.004149,0.00575,0.000129,0.0,0.001,0.003,0.005,0.018,0.485908,0.04189,0.000943,0.398,0.461,0.489,0.516,0.559,0.004149,0.00575,0.000129,0.0,0.001,0.003,0.005,0.018,0.490056,0.04053,0.000913,0.403,0.466,0.492,0.519,0.56173,0.516513,0.06827,0.001526,0.43898,0.482,0.508,0.53525,0.62003,0.004091,0.00573,0.000128,0.0,0.001,0.0025,0.005,0.018,0.479397,0.06869,0.001536,0.37498,0.459,0.488,0.515,0.559,0.004091,0.00573,0.000128,0.0,0.001,0.0025,0.005,0.018,0.483488,0.06827,0.001526,0.37998,0.46475,0.492,0.518,0.56103
36.75,0.509887,0.04048,0.000912,0.43828,0.481,0.508,0.534,0.597,0.003957,0.0056,0.000126,0.0,0.001,0.002,0.005,0.01773,0.486156,0.0418,0.000941,0.39928,0.461,0.489,0.516,0.559,0.003957,0.0056,0.000126,0.0,0.001,0.002,0.005,0.01773,0.490113,0.04048,0.000912,0.403,0.466,0.492,0.519,0.56173,0.516457,0.06824,0.001526,0.43898,0.482,0.508,0.53525,0.62003,0.003902,0.00558,0.000125,0.0,0.001,0.002,0.005,0.01703,0.479641,0.06866,0.001535,0.37498,0.459,0.488,0.515,0.559,0.003902,0.00558,0.000125,0.0,0.001,0.002,0.005,0.01703,0.483543,0.06824,0.001526,0.37998,0.46475,0.492,0.518,0.56103
37.0,0.50983,0.04044,0.000911,0.438,0.481,0.508,0.534,0.597,0.00377,0.00549,0.000124,0.0,0.001,0.002,0.005,0.016,0.486401,0.04171,0.000939,0.4,0.461,0.489,0.516,0.559,0.00377,0.00549,0.000124,0.0,0.001,0.002,0.005,0.016,0.49017,0.04044,0.000911,0.403,0.466,0.492,0.519,0.562,0.5164,0.06823,0.001526,0.438,0.482,0.508,0.535,0.62003,0.003717,0.00547,0.000122,0.0,0.001,0.002,0.005,0.016,0.479883,0.06862,0.001534,0.37595,0.46,0.488,0.516,0.559,0.003717,0.00547,0.000122,0.0,0.001,0.002,0.005,0.016,0.4836,0.06823,0.001526,0.37998,0.465,0.492,0.518,0.562
37.25,0.509777,0.04041,0.00091,0.438,0.481,0.508,0.534,0.597,0.003584,0.00535,0.00012,0.0,0.001,0.002,0.004,0.016,0.486639,0.04162,0.000937,0.40028,0.461,0.489,0.516,0.559,0.003584,0.00535,0.00012,0.0,0.001,0.002,0.004,0.016,0.490223,0.04041,0.00091,0.403,0.466,0.492,0.519,0.562,0.516348,0.06821,0.001525,0.438,0.482,0.508,0.535,0.61903,0.003534,0.00533,0.000119,0.0,0.001,0.002,0.004,0.016,0.480118,0.06859,0.001534,0.37595,0.46,0.489,0.516,0.559,0.003534,0.00533,0.000119,0.0,0.001,0.002,0.004,0.016,0.483652,0.06821,0.001525,0.38098,0.465,0.492,0.518,0.562
37.5,0.50972,0.04036,0.000909,0.438,0.481,0.508,0.534,0.597,0.003419,0.00523,0.000118,0.0,0.001,0.002,0.004,0.016,0.486861,0.04151,0.000935,0.40028,0.462,0.49,0.516,0.559,0.003419,0.00523,0.000118,0.0,0.001,0.002,0.004,0.016,0.49028,0.04036,0.000909,0.403,0.466,0.492,0.519,0.562,0.516292,0.06819,0.001525,0.438,0.482,0.508,0.535,0.61903,0.003372,0.00521,0.000116,0.0,0.001,0.002,0.004,0.016,0.480337,0.06854,0.001533,0.37595,0.46,0.489,0.516,0.559,0.003372,0.00521,0.000116,0.0,0.001,0.002,0.004,0.016,0.483709,0.06819,0.001525,0.38098,0.465,0.492,0.518,0.562
37.75,0.509665,0.04032,0.000908,0.438,0.481,0.507,0.534,0.596,0.003278,0.00514,0.000116,0.0,0.001,0.002,0.004,0.015,0.487057,0.04143,0.000933,0.40028,0.462,0.49,0.516,0.56,0.003278,0.00514,0.000116,0.0,0.001,0.002,0.004,0.015,0.490335,0.04032,0.000908,0.404,0.466,0.493,0.519,0.562,0.516238,0.06817,0.001524,0.438,0.482,0.508,0.535,0.61903,0.003232,0.00512,0.000114,0.0,0.001,0.002,0.004,0.015,0.48053,0.06852,0.001532,0.37795,0.461,0.489,0.516,0.56,0.003232,0.00512,0.000114,0.0,0.001,0.002,0.004,0.015,0.483762,0.06817,0.001524,0.38098,0.465,0.492,0.518,0.562
38.0,0.509617,0.04028,0.000907,0.438,0.481,0.507,0.534,0.596,0.003127,0.00498,0.000112,0.0,0.001,0.002,0.004,0.015,0.487256,0.04136,0.000931,0.40028,0.462,0.49,0.51625,0.56,0.003127,0.00498,0.000112,0.0,0.001,0.002,0.004,0.015,0.490383,0.04028,0.000907,0.404,0.466,0.493,0.519,0.562,0.51619,0.06815,0.001524,0.438,0.482,0.508,0.535,0.61903,0.003084,0.00496,0.000111,0.0,0.001,0.002,0.004,0.015,0.480726,0.06849,0.001532,0.37795,0.461,0.489,0.516,0.56,0.003084,0.00496,0.000111,0.0,0.001,0.002,0.004,0.015,0.48381,0.06815,0.001524,0.38098,0.465,0.492,0.518,0.562
38.25,0.509572,0.04026,0.000907,0.438,0.481,0.507,0.534,0.596,0.002973,0.00477,0.000107,0.0,0.001,0.002,0.004,0.014,0.487455,0.04128,0.00093,0.40028,0.463,0.49,0.517,0.56,0.002973,0.00477,0.000107,0.0,0.001,0.002,0.004,0.014,0.490428,0.04026,0.000907,0.404,0.466,0.493,0.519,0.562,0.516146,0.06814,0.001524,0.438,0.482,0.508,0.535,0.61903,0.002932,0.00475,0.000106,0.0,0.001,0.002,0.004,0.014,0.480923,0.06846,0.001531,0.37795,0.461,0.489,0.516,0.56,0.002932,0.00475,0.000106,0.0,0.001,0.002,0.004,0.014,0.483854,0.06814,0.001524,0.38098,0.465,0.492,0.518,0.562
38.5,0.509533,0.04023,0.000906,0.438,0.481,0.507,0.534,0.596,0.002848,0.00462,0.000104,0.0,0.001,0.002,0.003,0.014,0.487619,0.0412,0.000928,0.40028,0.463,0.49,0.517,0.56,0.002848,0.00462,0.000104,0.0,0.001,0.002,0.003,0.014,0.490467,0.04023,0.000906,0.404,0.466,0.493,0.519,0.562,0.516108,0.06813,0.001523,0.438,0.482,0.508,0.535,0.61903,0.002808,0.0046,0.000103,0.0,0.001,0.002,0.003,0.014,0.481084,0.06843,0.00153,0.37795,0.461,0.49,0.516,0.56,0.002808,0.0046,0.000103,0.0,0.001,0.002,0.003,0.014,0.483892,0.06813,0.001523,0.38098,0.465,0.492,0.518,0.562
38.75,0.509491,0.0402,0.000905,0.438,0.481,0.507,0.53325,0.596,0.002713,0.00444,0.0001,0.0,0.0,0.001,0.003,0.013,0.487796,0.04111,0.000926,0.40028,0.463,0.491,0.517,0.56,0.002713,0.00444,0.0001,0.0,0.0,0.001,0.003,0.013,0.490509,0.0402,0.000905,0.404,0.46675,0.493,0.519,0.562,0.516066,0.06812,0.001523,0.438,0.482,0.508,0.535,0.61903,0.002675,0.00442,9.9e-5,0.0,0.0,0.001,0.003,0.013,0.481259,0.0684,0.001529,0.37795,0.462,0.49,0.516,0.56,0.002675,0.00442,9.9e-5,0.0,0.0,0.001,0.003,0.013,0.483934,0.06812,0.001523,0.38098,0.465,0.492,0.518,0.562
39.0,0.50945,0.04017,0.000905,0.438,0.481,0.507,0.533,0.596,0.002588,0.00431,9.7e-5,0.0,0.0,0.001,0.003,0.013,0.487961,0.04105,0.000924,0.401,0.464,0.491,0.517,0.56,0.002588,0.00431,9.7e-5,0.0,0.0,0.001,0.003,0.013,0.49055,0.04017,0.000905,0.404,0.467,0.493,0.519,0.562,0.516026,0.0681,0.001523,0.438,0.482,0.508,0.535,0.61903,0.002552,0.00429,9.6e-5,0.0,0.0,0.001,0.003,0.013,0.481422,0.06837,0.001529,0.37795,0.462,0.49,0.51625,0.56,0.002552,0.00429,9.6e-5,0.0,0.0,0.001,0.003,0.013,0.483974,0.0681,0.001523,0.38098,0.465,0.492,0.518,0.562
39.25,0.509419,0.04015,0.000904,0.438,0.481,0.507,0.533,0.596,0.002471,0.00413,9.3e-5,0.0,0.0,0.001,0.003,0.012,0.48811,0.04096,0.000922,0.401,0.464,0.491,0.517,0.56,0.002471,0.00413,9.3e-5,0.0,0.0,0.001,0.003,0.012,0.490581,0.04015,0.000904,0.404,0.467,0.493,0.519,0.562,0.515996,0.0681,0.001523,0.438,0.482,0.508,0.53425,0.61903,0.002436,0.00411,9.2e-5,0.0,0.0,0.001,0.003,0.012,0.481568,0.06834,0.001528,0.37798,0.462,0.49,0.51625,0.56,0.002436,0.00411,9.2e-5,0.0,0.0,0.001,0.003,0.012,0.484004,0.0681,0.001523,0.38098,0.46575,0.492,0.518,0.562
39.5,0.509386,0.04012,0.000903,0.438,0.481,0.507,0.533,0.596,0.002349,0.00399,9.0e-5,0.0,0.0,0.001,0.003,0.012,0.488264,0.0409,0.000921,0.40128,0.464,0.491,0.517,0.56,0.002349,0.00399,9.0e-5,0.0,0.0,0.001,0.003,0.012,0.490614,0.04012,0.000903,0.404,0.467,0.493,0.519,0.562,0.515963,0.06808,0.001522,0.438,0.482,0.508,0.53425,0.61903,0.002317,0.00398,8.9e-5,0.0,0.0,0.001,0.003,0.012,0.48172,0.06831,0.001528,0.37798,0.462,0.49,0.517,0.56,0.002317,0.00398,8.9e-5,0.0,0.0,0.001,0.003,0.012,0.484037,0.06808,0.001522,0.38098,0.46575,0.492,0.518,0.562
39.75,0.509356,0.04009,0.000903,0.438,0.481,0.507,0.533,0.596,0.002231,0.00391,8.8e-5,0.0,0.0,0.001,0.003,0.012,0.488413,0.04084,0.00092,0.402,0.464,0.491,0.517,0.56,0.002231,0.00391,8.8e-5,0.0,0.0,0.001,0.003,0.012,0.490644,0.04009,0.000903,0.404,0.467,0.493,0.519,0.562,0.515933,0.06807,0.001522,0.438,0.482,0.508,0.53425,0.619,0.0022,0.00389,8.7e-5,0.0,0.0,0.001,0.003,0.012,0.481868,0.06829,0.001527,0.378,0.462,0.49,0.517,0.56,0.0022,0.00389,8.7e-5,0.0,0.0,0.001,0.003,0.012,0.484067,0.06807,0.001522,0.381,0.46575,0.492,0.518,0.562
40.0,0.509329,0.04007,0.000902,0.438,0.481,0.507,0.533,0.596,0.002115,0.0038,8.5e-5,0.0,0.0,0.001,0.003,0.011,0.488556,0.04076,0.000918,0.402,0.465,0.491,0.517,0.56,0.002115,0.0038,8.5e-5,0.0,0.0,0.001,0.003,0.011,0.490671,0.04007,0.000902,0.404,0.467,0.493,0.519,0.562,0.515906,0.06806,0.001522,0.438,0.48175,0.508,0.534,0.61803,0.002086,0.00378,8.4e-5,0.0,0.0,0.001,0.003,0.011,0.482008,0.06826,0.001526,0.37898,0.463,0.4905,0.517,0.56,0.002086,0.00378,8.4e-5,0.0,0.0,0.001,0.003,0.011,0.484094,0.06806,0.001522,0.38198,0.466,0.492,0.51825,0.562
40.25,0.509297,0.04005,0.000902,0.438,0.481,0.507,0.533,0.596,0.001998,0.00368,8.3e-5,0.0,0.0,0.001,0.002,0.01,0.488704,0.0407,0.000917,0.40228,0.465,0.491,0.517,0.56,0.001998,0.00368,8.3e-5,0.0,0.0,0.001,0.002,0.01,0.490703,0.04005,0.000902,0.404,0.467,0.493,0.519,0.562,0.515875,0.06805,0.001522,0.438,0.48175,0.508,0.534,0.61803,0.001971,0.00366,8.2e-5,0.0,0.0,0.001,0.002,0.01,0.482155,0.06824,0.001526,0.37898,0.463,0.491,0.517,0.56,0.001971,0.00366,8.2e-5,0.0,0.0,0.001,0.002,0.01,0.484125,0.06805,0.001522,0.38198,0.466,0.492,0.51825,0.562
40.5,0.50927,0.04003,0.000901,0.438,0.481,0.507,0.533,0.596,0.001893,0.00357,8.0e-5,0.0,0.0,0.001,0.002,0.01,0.488837,0.04066,0.000916,0.403,0.465,0.491,0.518,0.56,0.001893,0.00357,8.0e-5,0.0,0.0,0.001,0.002,0.01,0.49073,0.04003,0.000901,0.404,0.467,0.493,0.519,0.562,0.515849,0.06804,0.001521,0.438,0.48175,0.508,0.534,0.61803,0.001867,0.00355,7.9e-5,0.0,0.0,0.001,0.002,0.01,0.482285,0.06823,0.001526,0.37898,0.463,0.491,0.517,0.56,0.001867,0.00355,7.9e-5,0.0,0.0,0.001,0.002,0.01,0.484151,0.06804,0.001521,0.38198,0.466,0.492,0.51825,0.562
40.75,0.509247,0.04001,0.000901,0.438,0.481,0.507,0.533,0.596,0.001799,0.00346,7.8e-5,0.0,0.0,0.001,0.002,0.00973,0.488953,0.04061,0.000915,0.403,0.465,0.491,0.518,0.56,0.001799,0.00346,7.8e-5,0.0,0.0,0.001,0.002,0.00973,0.490753,0.04001,0.000901,0.404,0.467,0.493,0.519,0.562,0.515826,0.06803,0.001521,0.438,0.48175,0.508,0.534,0.61803,0.001774,0.00344,7.7e-5,0.0,0.0,0.001,0.002,0.00903,0.4824,0.06821,0.001525,0.37898,0.463,0.491,0.517,0.56,0.001774,0.00344,7.7e-5,0.0,0.0,0.001,0.002,0.00903,0.484174,0.06803,0.001521,0.38198,0.466,0.492,0.51825,0.562
41.0,0.509223,0.03998,0.0009,0.438,0.481,0.507,0.533,0.596,0.001724,0.00343,7.7e-5,0.0,0.0,0.001,0.002,0.009,0.489054,0.04058,0.000914,0.403,0.465,0.491,0.518,0.56,0.001724,0.00343,7.7e-5,0.0,0.0,0.001,0.002,0.009,0.490777,0.03998,0.0009,0.404,0.467,0.493,0.519,0.562,0.515802,0.06802,0.001521,0.438,0.48175,0.508,0.534,0.61803,0.0017,0.00341,7.6e-5,0.0,0.0,0.001,0.002,0.009,0.482499,0.0682,0.001525,0.379,0.46375,0.491,0.517,0.56,0.0017,0.00341,7.6e-5,0.0,0.0,0.001,0.002,0.009,0.484198,0.06802,0.001521,0.38198,0.466,0.492,0.51825,0.562
41.25,0.509199,0.03996,0.0009,0.438,0.481,0.507,0.533,0.596,0.001644,0.00334,7.5e-5,0.0,0.0,0.001,0.002,0.00873,0.489158,0.04055,0.000913,0.403,0.46575,0.491,0.518,0.56,0.001644,0.00334,7.5e-5,0.0,0.0,0.001,0.002,0.00873,0.490801,0.03996,0.0009,0.404,0.467,0.493,0.519,0.562,0.515778,0.06801,0.001521,0.438,0.481,0.508,0.534,0.61803,0.001621,0.00332,7.4e-5,0.0,0.0,0.001,0.002,0.00803,0.482601,0.06819,0.001525,0.37998,0.46375,0.491,0.51725,0.56,0.001621,0.00332,7.4e-5,0.0,0.0,0.001,0.002,0.00803,0.484222,0.06801,0.001521,0.38198,0.466,0.492,0.519,0.562
41.5,0.509181,0.03995,0.0009,0.438,0.481,0.507,0.533,0.596,0.00157,0.00327,7.4e-5,0.0,0.0,0.001,0.002,0.008,0.489249,0.04052,0.000912,0.403,0.466,0.491,0.518,0.56073,0.00157,0.00327,7.4e-5,0.0,0.0,0.001,0.002,0.008,0.490819,0.03995,0.0009,0.404,0.467,0.493,0.519,0.562,0.51576,0.068,0.001521,0.438,0.481,0.508,0.534,0.618,0.001548,0.00325,7.3e-5,0.0,0.0,0.001,0.002,0.008,0.482692,0.06818,0.001525,0.37998,0.464,0.491,0.518,0.56003,0.001548,0.00325,7.3e-5,0.0,0.0,0.001,0.002,0.008,0.48424,0.068,0.001521,0.382,0.466,0.492,0.519,0.562
41.75,0.509167,0.03994,0.000899,0.438,0.481,0.507,0.533,0.596,0.001487,0.00311,7.0e-5,0.0,0.0,0.001,0.002,0.008,0.489346,0.04047,0.000911,0.403,0.466,0.492,0.518,0.561,0.001487,0.00311,7.0e-5,0.0,0.0,0.001,0.002,0.008,0.490833,0.03994,0.000899,0.404,0.467,0.493,0.519,0.562,0.515747,0.068,0.001521,0.438,0.481,0.508,0.534,0.618,0.001467,0.00309,6.9e-5,0.0,0.0,0.001,0.002,0.008,0.482787,0.06817,0.001524,0.37998,0.464,0.491,0.518,0.561,0.001467,0.00309,6.9e-5,0.0,0.0,0.001,0.002,0.008,0.484254,0.068,0.001521,0.382,0.466,0.492,0.519,0.562
42.0,0.509149,0.03993,0.000899,0.438,0.481,0.507,0.533,0.596,0.001412,0.00306,6.9e-5,0.0,0.0,0.001,0.002,0.008,0.489439,0.04044,0.000911,0.403,0.466,0.492,0.518,0.561,0.001412,0.00306,6.9e-5,0.0,0.0,0.001,0.002,0.008,0.490851,0.03993,0.000899,0.404,0.467,0.493,0.519,0.562,0.515729,0.06799,0.00152,0.438,0.481,0.508,0.534,0.618,0.001393,0.00304,6.8e-5,0.0,0.0,0.001,0.002,0.008,0.482879,0.06816,0.001524,0.37998,0.464,0.491,0.518,0.561,0.001393,0.00304,6.8e-5,0.0,0.0,0.001,0.002,0.008,0.484272,0.06799,0.00152,0.382,0.466,0.492,0.519,0.562
42.25,0.509133,0.03992,0.000899,0.438,0.481,0.507,0.533,0.596,0.001328,0.00291,6.5e-5,0.0,0.0,0.001,0.002,0.007,0.489539,0.04041,0.00091,0.403,0.466,0.492,0.518,0.561,0.001328,0.00291,6.5e-5,0.0,0.0,0.001,0.002,0.007,0.490867,0.03992,0.000899,0.404,0.467,0.493,0.519,0.562,0.515714,0.06799,0.00152,0.438,0.481,0.508,0.534,0.61605,0.00131,0.00289,6.5e-5,0.0,0.0,0.001,0.002,0.007,0.482977,0.06815,0.001524,0.37998,0.464,0.491,0.518,0.561,0.00131,0.00289,6.5e-5,0.0,0.0,0.001,0.002,0.007,0.484286,0.06799,0.00152,0.38395,0.466,0.492,0.519,0.562
42.5,0.509116,0.0399,0.000899,0.438,0.481,0.507,0.533,0.596,0.00127,0.00288,6.5e-5,0.0,0.0,0.0,0.002,0.007,0.489614,0.04038,0.000909,0.403,0.466,0.492,0.518,0.561,0.00127,0.00288,6.5e-5,0.0,0.0,0.0,0.002,0.007,0.490884,0.0399,0.000899,0.404,0.467,0.493,0.519,0.562,0.515696,0.06798,0.00152,0.438,0.481,0.508,0.534,0.61603,0.001253,0.00287,6.4e-5,0.0,0.0,0.0,0.001,0.007,0.483051,0.06814,0.001524,0.38095,0.464,0.491,0.518,0.561,0.001253,0.00287,6.4e-5,0.0,0.0,0.0,0.001,0.007,0.484304,0.06798,0.00152,0.38398,0.466,0.492,0.519,0.562
42.75,0.509101,0.03989,0.000898,0.43728,0.481,0.507,0.533,0.596,0.001215,0.00284,6.4e-5,0.0,0.0,0.0,0.001,0.007,0.489684,0.04034,0.000908,0.403,0.466,0.492,0.518,0.561,0.001215,0.00284,6.4e-5,0.0,0.0,0.0,0.001,0.007,0.490899,0.03989,0.000898,0.404,0.467,0.493,0.519,0.56273,0.515682,0.06798,0.00152,0.43798,0.481,0.508,0.534,0.61603,0.001198,0.00282,6.3e-5,0.0,0.0,0.0,0.001,0.007,0.48312,0.06812,0.001523,0.38095,0.464,0.491,0.518,0.561,0.001198,0.00282,6.3e-5,0.0,0.0,0.0,0.001,0.007,0.484318,0.06798,0.00152,0.38398,0.466,0.492,0.519,0.56203
43.0,0.509089,0.03988,0.000898,0.43728,0.481,0.507,0.533,0.596,0.001151,0.0028,6.3e-5,0.0,0.0,0.0,0.001,0.00673,0.48976,0.04032,0.000908,0.403,0.466,0.492,0.518,0.561,0.001151,0.0028,6.3e-5,0.0,0.0,0.0,0.001,0.00673,0.490911,0.03988,0.000898,0.404,0.467,0.493,0.519,0.56273,0.51567,0.06797,0.00152,0.43798,0.481,0.508,0.534,0.61603,0.001135,0.00278,6.2e-5,0.0,0.0,0.0,0.001,0.00603,0.483195,0.06811,0.001523,0.38095,0.464,0.491,0.518,0.561,0.001135,0.00278,6.2e-5,0.0,0.0,0.0,0.001,0.00603,0.48433,0.06797,0.00152,0.38398,0.466,0.492,0.519,0.56203
43.25,0.509075,0.03987,0.000898,0.43728,0.481,0.507,0.533,0.596,0.001096,0.00267,6.0e-5,0.0,0.0,0.0,0.001,0.00673,0.489829,0.04027,0.000907,0.403,0.466,0.492,0.518,0.561,0.001096,0.00267,6.0e-5,0.0,0.0,0.0,0.001,0.00673,0.490925,0.03987,0.000898,0.404,0.467,0.493,0.519,0.56273,0.515656,0.06797,0.00152,0.43798,0.481,0.508,0.534,0.61603,0.001081,0.00265,5.9e-5,0.0,0.0,0.0,0.001,0.00603,0.483264,0.06809,0.001523,0.38095,0.464,0.491,0.518,0.561,0.001081,0.00265,5.9e-5,0.0,0.0,0.0,0.001,0.00603,0.484344,0.06797,0.00152,0.38398,0.466,0.492,0.519,0.56203
43.5,0.509058,0.03986,0.000898,0.43728,0.481,0.507,0.533,0.596,0.00104,0.00264,5.9e-5,0.0,0.0,0.0,0.001,0.006,0.489903,0.04024,0.000906,0.403,0.466,0.492,0.518,0.561,0.00104,0.00264,5.9e-5,0.0,0.0,0.0,0.001,0.006,0.490942,0.03986,0.000898,0.404,0.467,0.493,0.519,0.56273,0.515639,0.06796,0.00152,0.43798,0.481,0.508,0.534,0.61603,0.001025,0.00262,5.9e-5,0.0,0.0,0.0,0.001,0.006,0.483336,0.06808,0.001522,0.38095,0.464,0.491,0.518,0.561,0.001025,0.00262,5.9e-5,0.0,0.0,0.0,0.001,0.006,0.484361,0.06796,0.00152,0.38398,0.466,0.492,0.519,0.56203
43.75,0.509044,0.03985,0.000897,0.43728,0.481,0.507,0.533,0.59573,0.000997,0.00257,5.8e-5,0.0,0.0,0.0,0.001,0.006,0.489959,0.04021,0.000905,0.403,0.466,0.492,0.518,0.561,0.000997,0.00257,5.8e-5,0.0,0.0,0.0,0.001,0.006,0.490956,0.03985,0.000897,0.40428,0.467,0.493,0.519,0.56273,0.515626,0.06796,0.00152,0.43798,0.481,0.508,0.534,0.61603,0.000983,0.00256,5.7e-5,0.0,0.0,0.0,0.001,0.006,0.483392,0.06807,0.001522,0.38098,0.464,0.4915,0.518,0.561,0.000983,0.00256,5.7e-5,0.0,0.0,0.0,0.001,0.006,0.484374,0.06796,0.00152,0.38398,0.466,0.492,0.519,0.56203
44.0,0.509032,0.03985,0.000897,0.43728,0.481,0.507,0.533,0.59573,0.000936,0.0024,5.4e-5,0.0,0.0,0.0,0.001,0.006,0.490031,0.04016,0.000904,0.40328,0.46675,0.492,0.51825,0.561,0.000936,0.0024,5.4e-5,0.0,0.0,0.0,0.001,0.006,0.490968,0.03985,0.000897,0.40428,0.467,0.493,0.519,0.56273,0.515614,0.06796,0.00152,0.43798,0.481,0.508,0.534,0.616,0.000923,0.00239,5.3e-5,0.0,0.0,0.0,0.001,0.006,0.483463,0.06805,0.001522,0.38098,0.46475,0.4915,0.518,0.561,0.000923,0.00239,5.3e-5,0.0,0.0,0.0,0.001,0.006,0.484386,0.06796,0.00152,0.384,0.466,0.492,0.519,0.56203
44.25,0.509021,0.03984,0.000897,0.43728,0.481,0.507,0.533,0.59573,0.000895,0.00231,5.2e-5,0.0,0.0,0.0,0.001,0.006,0.490084,0.04014,0.000904,0.40328,0.46675,0.492,0.519,0.561,0.000895,0.00231,5.2e-5,0.0,0.0,0.0,0.001,0.006,0.490979,0.03984,0.000897,0.40428,0.467,0.493,0.519,0.56273,0.515603,0.06795,0.001519,0.43798,0.481,0.508,0.534,0.616,0.000883,0.00229,5.1e-5,0.0,0.0,0.0,0.001,0.006,0.483515,0.06804,0.001521,0.38098,0.465,0.492,0.518,0.561,0.000883,0.00229,5.1e-5,0.0,0.0,0.0,0.001,0.006,0.484398,0.06795,0.001519,0.384,0.466,0.492,0.519,0.56203
44.5,0.509011,0.03983,0.000897,0.43728,0.481,0.507,0.533,0.59573,0.00085,0.00224,5.1e-5,0.0,0.0,0.0,0.001,0.006,0.490139,0.04012,0.000903,0.40328,0.46675,0.492,0.519,0.561,0.00085,0.00224,5.1e-5,0.0,0.0,0.0,0.001,0.006,0.490989,0.03983,0.000897,0.40428,0.467,0.493,0.519,0.56273,0.515593,0.06795,0.001519,0.43798,0.481,0.508,0.534,0.616,0.000839,0.00223,5.0e-5,0.0,0.0,0.0,0.001,0.006,0.483569,0.06804,0.001521,0.38098,0.465,0.492,0.518,0.561,0.000839,0.00223,5.0e-5,0.0,0.0,0.0,0.001,0.006,0.484408,0.06795,0.001519,0.384,0.466,0.492,0.519,0.56203
44.75,0.509002,0.03983,0.000897,0.43728,0.481,0.507,0.533,0.59573,0.000801,0.00214,4.8e-5,0.0,0.0,0.0,0.001,0.005,0.490197,0.04009,0.000903,0.40328,0.46675,0.492,0.519,0.561,0.000801,0.00214,4.8e-5,0.0,0.0,0.0,0.001,0.005,0.490998,0.03983,0.000897,0.40428,0.467,0.493,0.519,0.56273,0.515584,0.06795,0.001519,0.43798,0.481,0.508,0.534,0.616,0.00079,0.00213,4.8e-5,0.0,0.0,0.0,0.001,0.005,0.483626,0.06803,0.001521,0.38098,0.465,0.492,0.518,0.561,0.00079,0.00213,4.8e-5,0.0,0.0,0.0,0.001,0.005,0.484416,0.06795,0.001519,0.384,0.466,0.492,0.519,0.56203
45.0,0.508992,0.03982,0.000897,0.43728,0.481,0.507,0.533,0.59573,0.000756,0.00205,4.6e-5,0.0,0.0,0.0,0.001,0.005,0.490252,0.04007,0.000902,0.40328,0.46675,0.492,0.519,0.561,0.000756,0.00205,4.6e-5,0.0,0.0,0.0,0.001,0.005,0.491008,0.03982,0.000897,0.40428,0.467,0.493,0.519,0.56273,0.515574,0.06795,0.001519,0.43798,0.481,0.508,0.534,0.616,0.000746,0.00204,4.6e-5,0.0,0.0,0.0,0.001,0.005,0.483681,0.06802,0.001521,0.381,0.465,0.492,0.518,0.561,0.000746,0.00204,4.6e-5,0.0,0.0,0.0,0.001,0.005,0.484426,0.06795,0.001519,0.384,0.466,0.492,0.519,0.56203
45.25,0.508987,0.03982,0.000897,0.43728,0.481,0.507,0.533,0.59573,0.000716,0.00198,4.5e-5,0.0,0.0,0.0,0.001,0.005,0.490298,0.04006,0.000902,0.40328,0.467,0.492,0.519,0.561,0.000716,0.00198,4.5e-5,0.0,0.0,0.0,0.001,0.005,0.491013,0.03982,0.000897,0.40428,0.467,0.493,0.519,0.56273,0.515569,0.06795,0.001519,0.43798,0.481,0.508,0.534,0.616,0.000706,0.00197,4.4e-5,0.0,0.0,0.0,0.001,0.005,0.483726,0.06802,0.001521,0.381,0.465,0.492,0.518,0.561,0.000706,0.00197,4.4e-5,0.0,0.0,0.0,0.001,0.005,0.484431,0.06795,0.001519,0.384,0.466,0.492,0.519,0.56203
45.5,0.508979,0.03981,0.000897,0.43728,0.481,0.507,0.533,0.59573,0.000684,0.00193,4.4e-5,0.0,0.0,0.0,0.001,0.005,0.490338,0.04005,0.000902,0.404,0.467,0.492,0.519,0.561,0.000684,0.00193,4.4e-5,0.0,0.0,0.0,0.001,0.005,0.491021,0.03981,0.000897,0.40428,0.467,0.493,0.519,0.56273,0.515561,0.06794,0.001519,0.43798,0.481,0.508,0.534,0.616,0.000674,0.00192,4.3e-5,0.0,0.0,0.0,0.001,0.005,0.483765,0.06801,0.001521,0.381,0.465,0.492,0.518,0.561,0.000674,0.00192,4.3e-5,0.0,0.0,0.0,0.001,0.005,0.484439,0.06794,0.001519,0.384,0.466,0.492,0.519,0.56203
45.75,0.508974,0.03981,0.000896,0.43728,0.481,0.507,0.533,0.59573,0.000651,0.00186,4.2e-5,0.0,0.0,0.0,0.001,0.005,0.490375,0.04004,0.000902,0.404,0.467,0.492,0.519,0.561,0.000651,0.00186,4.2e-5,0.0,0.0,0.0,0.001,0.005,0.491026,0.03981,0.000896,0.40428,0.467,0.493,0.519,0.56273,0.515557,0.06794,0.001519,0.43798,0.481,0.508,0.534,0.616,0.000642,0.00185,4.1e-5,0.0,0.0,0.0,0.001,0.005,0.483802,0.06801,0.001521,0.381,0.465,0.492,0.518,0.561,0.000642,0.00185,4.1e-5,0.0,0.0,0.0,0.001,0.005,0.484444,0.06794,0.001519,0.384,0.466,0.492,0.519,0.56203
46.0,0.508966,0.0398,0.000896,0.43728,0.481,0.507,0.533,0.59573,0.000622,0.00182,4.1e-5,0.0,0.0,0.0,0.001,0.004,0.490412,0.04002,0.000901,0.404,0.467,0.4925,0.519,0.56173,0.000622,0.00182,4.1e-5,0.0,0.0,0.0,0.001,0.004,0.491034,0.0398,0.000896,0.40428,0.467,0.493,0.519,0.56273,0.515549,0.06794,0.001519,0.43798,0.481,0.508,0.534,0.616,0.000614,0.00181,4.0e-5,0.0,0.0,0.0,0.001,0.004,0.483838,0.06801,0.001521,0.38198,0.465,0.492,0.518,0.56103,0.000614,0.00181,4.0e-5,0.0,0.0,0.0,0.001,0.004,0.484452,0.06794,0.001519,0.384,0.466,0.492,0.519,0.56203
46.25,0.508958,0.0398,0.000896,0.43728,0.481,0.507,0.533,0.59573,0.000594,0.00171,3.8e-5,0.0,0.0,0.0,0.001,0.004,0.490448,0.04,0.000901,0.404,0.467,0.493,0.519,0.56173,0.000594,0.00171,3.8e-5,0.0,0.0,0.0,0.001,0.004,0.491042,0.0398,0.000896,0.40428,0.467,0.493,0.519,0.56273,0.515541,0.06794,0.001519,0.43798,0.481,0.508,0.534,0.616,0.000586,0.00169,3.8e-5,0.0,0.0,0.0,0.001,0.004,0.483873,0.068,0.00152,0.38198,0.465,0.492,0.518,0.56103,0.000586,0.00169,3.8e-5,0.0,0.0,0.0,0.001,0.004,0.48446,0.06794,0.001519,0.384,0.466,0.492,0.519,0.56203
46.5,0.508947,0.03979,0.000896,0.43728,0.481,0.507,0.53225,0.595,0.000568,0.00169,3.8e-5,0.0,0.0,0.0,0.001,0.004,0.490485,0.03999,0.000901,0.404,0.467,0.493,0.519,0.56173,0.000568,0.00169,3.8e-5,0.0,0.0,0.0,0.001,0.004,0.491053,0.03979,0.000896,0.405,0.46775,0.493,0.519,0.56273,0.51553,0.06793,0.001519,0.43798,0.481,0.508,0.534,0.616,0.000561,0.00168,3.8e-5,0.0,0.0,0.0,0.001,0.004,0.48391,0.06799,0.00152,0.38198,0.465,0.492,0.518,0.56103,0.000561,0.00168,3.8e-5,0.0,0.0,0.0,0.001,0.004,0.48447,0.06793,0.001519,0.384,0.466,0.492,0.519,0.56203
46.75,0.508937,0.03978,0.000896,0.43728,0.481,0.507,0.53225,0.595,0.000541,0.00166,3.7e-5,0.0,0.0,0.0,0.001,0.004,0.490523,0.03998,0.0009,0.404,0.467,0.493,0.519,0.56173,0.000541,0.00166,3.7e-5,0.0,0.0,0.0,0.001,0.004,0.491063,0.03978,0.000896,0.405,0.46775,0.493,0.519,0.56273,0.51552,0.06793,0.001519,0.43798,0.481,0.508,0.534,0.616,0.000533,0.00165,3.7e-5,0.0,0.0,0.0,0.001,0.004,0.483948,0.06799,0.00152,0.38198,0.465,0.492,0.518,0.56103,0.000533,0.00165,3.7e-5,0.0,0.0,0.0,0.001,0.004,0.48448,0.06793,0.001519,0.384,0.466,0.492,0.519,0.56203
47.0,0.508932,0.03977,0.000896,0.43728,0.481,0.507,0.53225,0.595,0.000514,0.00158,3.6e-5,0.0,0.0,0.0,0.001,0.004,0.490554,0.03996,0.0009,0.404,0.467,0.493,0.519,0.56173,0.000514,0.00158,3.6e-5,0.0,0.0,0.0,0.001,0.004,0.491068,0.03977,0.000896,0.405,0.46775,0.493,0.519,0.56273,0.515514,0.06792,0.001519,0.43798,0.481,0.508,0.534,0.616,0.000507,0.00157,3.5e-5,0.0,0.0,0.0,0.001,0.004,0.483978,0.06798,0.00152,0.38395,0.465,0.492,0.518,0.56103,0.000507,0.00157,3.5e-5,0.0,0.0,0.0,0.001,0.004,0.484486,0.06792,0.001519,0.384,0.466,0.492,0.519,0.56203
47.25,0.508927,0.03976,0.000895,0.43728,0.481,0.507,0.53225,0.595,0.000484,0.00151,3.4e-5,0.0,0.0,0.0,0.0,0.004,0.490589,0.03995,0.0009,0.404,0.467,0.493,0.519,0.56173,0.000484,0.00151,3.4e-5,0.0,0.0,0.0,0.0,0.004,0.491073,0.03976,0.000895,0.405,0.46775,0.493,0.519,0.56273,0.515511,0.06792,0.001519,0.43798,0.481,0.508,0.534,0.616,0.000477,0.0015,3.4e-5,0.0,0.0,0.0,0.0,0.004,0.484013,0.06798,0.00152,0.38395,0.465,0.492,0.518,0.56103,0.000477,0.0015,3.4e-5,0.0,0.0,0.0,0.0,0.004,0.48449,0.06792,0.001519,0.384,0.466,0.492,0.519,0.56203
47.5,0.508922,0.03976,0.000895,0.43728,0.481,0.507,0.53225,0.595,0.000459,0.00146,3.3e-5,0.0,0.0,0.0,0.0,0.004,0.490618,0.03994,0.000899,0.404,0.467,0.493,0.519,0.562,0.000459,0.00146,3.3e-5,0.0,0.0,0.0,0.0,0.004,0.491078,0.03976,0.000895,0.405,0.46775,0.493,0.519,0.56273,0.515505,0.06792,0.001519,0.43798,0.481,0.508,0.534,0.616,0.000453,0.00145,3.2e-5,0.0,0.0,0.0,0.0,0.004,0.484041,0.06798,0.00152,0.38395,0.46575,0.492,0.518,0.562,0.000453,0.00145,3.2e-5,0.0,0.0,0.0,0.0,0.004,0.484494,0.06792,0.001519,0.384,0.466,0.492,0.519,0.56203
47.75,0.508915,0.03975,0.000895,0.43728,0.481,0.507,0.53225,0.595,0.000435,0.00142,3.2e-5,0.0,0.0,0.0,0.0,0.003,0.490651,0.03992,0.000899,0.404,0.467,0.493,0.519,0.562,0.000435,0.00142,3.2e-5,0.0,0.0,0.0,0.0,0.003,0.491085,0.03975,0.000895,0.405,0.46775,0.493,0.519,0.56273,0.515498,0.06791,0.001519,0.43798,0.481,0.508,0.534,0.616,0.000429,0.00142,3.2e-5,0.0,0.0,0.0,0.0,0.003,0.484074,0.06797,0.00152,0.38395,0.466,0.492,0.518,0.562,0.000429,0.00142,3.2e-5,0.0,0.0,0.0,0.0,0.003,0.484502,0.06791,0.001519,0.384,0.466,0.492,0.519,0.56203
48.0,0.508909,0.03974,0.000895,0.43728,0.481,0.507,0.53225,0.595,0.000418,0.00138,3.1e-5,0.0,0.0,0.0,0.0,0.003,0.490673,0.03991,0.000899,0.404,0.467,0.493,0.519,0.562,0.000418,0.00138,3.1e-5,0.0,0.0,0.0,0.0,0.003,0.491091,0.03974,0.000895,0.405,0.46775,0.493,0.519,0.56273,0.515492,0.06791,0.001518,0.43798,0.481,0.508,0.534,0.616,0.000413,0.00138,3.1e-5,0.0,0.0,0.0,0.0,0.003,0.484095,0.06797,0.00152,0.38395,0.466,0.492,0.518,0.562,0.000413,0.00138,3.1e-5,0.0,0.0,0.0,0.0,0.003,0.484508,0.06791,0.001518,0.384,0.466,0.492,0.519,0.56203
48.25,0.508904,0.03974,0.000895,0.43728,0.481,0.507,0.53225,0.595,0.000396,0.00135,3.0e-5,0.0,0.0,0.0,0.0,0.003,0.490701,0.0399,0.000899,0.404,0.467,0.493,0.519,0.562,0.000396,0.00135,3.0e-5,0.0,0.0,0.0,0.0,0.003,0.491096,0.03974,0.000895,0.405,0.46775,0.493,0.519,0.56273,0.515487,0.06791,0.001518,0.43798,0.481,0.508,0.534,0.616,0.00039,0.00134,3.0e-5,0.0,0.0,0.0,0.0,0.003,0.484123,0.06796,0.00152,0.384,0.466,0.492,0.519,0.562,0.00039,0.00134,3.0e-5,0.0,0.0,0.0,0.0,0.003,0.484513,0.06791,0.001518,0.384,0.466,0.492,0.519,0.56203
48.5,0.5089,0.03974,0.000895,0.43728,0.481,0.507,0.53225,0.595,0.000374,0.00132,3.0e-5,0.0,0.0,0.0,0.0,0.003,0.490727,0.03989,0.000898,0.404,0.467,0.493,0.519,0.562,0.000374,0.00132,3.0e-5,0.0,0.0,0.0,0.0,0.003,0.4911,0.03974,0.000895,0.405,0.46775,0.493,0.519,0.56273,0.515483,0.06791,0.001518,0.43798,0.481,0.508,0.534,0.616,0.000369,0.00131,2.9e-5,0.0,0.0,0.0,0.0,0.003,0.484149,0.06796,0.00152,0.384,0.466,0.492,0.519,0.562,0.000369,0.00131,2.9e-5,0.0,0.0,0.0,0.0,0.003,0.484517,0.06791,0.001518,0.384,0.466,0.492,0.519,0.56203
48.75,0.508894,0.03973,0.000895,0.43728,0.481,0.507,0.53225,0.595,0.000363,0.00129,2.9e-5,0.0,0.0,0.0,0.0,0.003,0.490743,0.03988,0.000898,0.404,0.467,0.493,0.519,0.562,0.000363,0.00129,2.9e-5,0.0,0.0,0.0,0.0,0.003,0.491106,0.03973,0.000895,0.405,0.46775,0.493,0.519,0.56273,0.515478,0.06791,0.001518,0.43798,0.481,0.508,0.534,0.616,0.000358,0.00128,2.9e-5,0.0,0.0,0.0,0.0,0.003,0.484165,0.06796,0.00152,0.384,0.466,0.492,0.519,0.562,0.000358,0.00128,2.9e-5,0.0,0.0,0.0,0.0,0.003,0.484522,0.06791,0.001518,0.384,0.466,0.492,0.519,0.56203
49.0,0.508893,0.03973,0.000895,0.43728,0.481,0.507,0.53225,0.595,0.000338,0.00123,2.8e-5,0.0,0.0,0.0,0.0,0.003,0.490769,0.03987,0.000898,0.404,0.467,0.493,0.519,0.562,0.000338,0.00123,2.8e-5,0.0,0.0,0.0,0.0,0.003,0.491107,0.03973,0.000895,0.405,0.46775,0.493,0.519,0.56273,0.515477,0.0679,0.001518,0.43798,0.481,0.508,0.534,0.616,0.000333,0.00122,2.7e-5,0.0,0.0,0.0,0.0,0.003,0.48419,0.06795,0.001519,0.384,0.466,0.492,0.519,0.562,0.000333,0.00122,2.7e-5,0.0,0.0,0.0,0.0,0.003,0.484524,0.0679,0.001518,0.384,0.466,0.492,0.519,0.56203
49.25,0.508887,0.03973,0.000895,0.43728,0.481,0.507,0.53225,0.595,0.000322,0.00122,2.7e-5,0.0,0.0,0.0,0.0,0.003,0.490792,0.03986,0.000898,0.404,0.467,0.493,0.519,0.562,0.000322,0.00122,2.7e-5,0.0,0.0,0.0,0.0,0.003,0.491113,0.03973,0.000895,0.405,0.46775,0.493,0.519,0.56273,0.515471,0.0679,0.001518,0.43798,0.481,0.508,0.534,0.616,0.000317,0.00121,2.7e-5,0.0,0.0,0.0,0.0,0.003,0.484212,0.06795,0.001519,0.384,0.466,0.492,0.519,0.562,0.000317,0.00121,2.7e-5,0.0,0.0,0.0,0.0,0.003,0.48453,0.0679,0.001518,0.384,0.466,0.492,0.519,0.56203
49.5,0.508882,0.03972,0.000894,0.43728,0.481,0.507,0.53225,0.595,0.000307,0.00124,2.8e-5,0.0,0.0,0.0,0.0,0.003,0.490811,0.03986,0.000898,0.404,0.467,0.493,0.519,0.562,0.000307,0.00124,2.8e-5,0.0,0.0,0.0,0.0,0.003,0.491118,0.03972,0.000894,0.405,0.46775,0.493,0.519,0.56273,0.515466,0.0679,0.001518,0.43798,0.481,0.508,0.534,0.616,0.000303,0.00123,2.8e-5,0.0,0.0,0.0,0.0,0.003,0.484232,0.06795,0.001519,0.384,0.466,0.492,0.519,0.562,0.000303,0.00123,2.8e-5,0.0,0.0,0.0,0.0,0.003,0.484535,0.0679,0.001518,0.384,0.466,0.492,0.519,0.56203
49.75,0.508878,0.03972,0.000894,0.43728,0.481,0.507,0.53225,0.595,0.000294,0.00119,2.7e-5,0.0,0.0,0.0,0.0,0.003,0.490828,0.03985,0.000897,0.404,0.467,0.493,0.519,0.562,0.000294,0.00119,2.7e-5,0.0,0.0,0.0,0.0,0.003,0.491122,0.03972,0.000894,0.405,0.46775,0.493,0.519,0.56273,0.515462,0.0679,0.001518,0.43798,0.481,0.508,0.534,0.616,0.00029,0.00118,2.6e-5,0.0,0.0,0.0,0.0,0.003,0.484248,0.06794,0.001519,0.384,0.466,0.492,0.519,0.562,0.00029,0.00118,2.6e-5,0.0,0.0,0.0,0.0,0.003,0.484538,0.0679,0.001518,0.384,0.466,0.492,0.519,0.56203
50.0,0.508874,0.03971,0.000894,0.43728,0.481,0.507,0.53225,0.595,0.000277,0.00117,2.6e-5,0.0,0.0,0.0,0.0,0.002,0.490849,0.03984,0.000897,0.404,0.467,0.493,0.519,0.562,0.000277,0.00117,2.6e-5,0.0,0.0,0.0,0.0,0.002,0.491126,0.03971,0.000894,0.405,0.46775,0.493,0.519,0.56273,0.515458,0.06789,0.001518,0.43798,0.481,0.508,0.534,0.616,0.000273,0.00117,2.6e-5,0.0,0.0,0.0,0.0,0.002,0.48427,0.06794,0.001519,0.384,0.466,0.492,0.519,0.562,0.000273,0.00117,2.6e-5,0.0,0.0,0.0,0.0,0.002,0.484543,0.06789,0.001518,0.384,0.466,0.492,0.519,0.56203
50.25,0.508868,0.03971,0.000894,0.43728,0.481,0.507,0.532,0.595,0.000263,0.00112,2.5e-5,0.0,0.0,0.0,0.0,0.002,0.490869,0.03983,0.000897,0.404,0.467,0.493,0.519,0.562,0.000263,0.00112,2.5e-5,0.0,0.0,0.0,0.0,0.002,0.491132,0.03971,0.000894,0.405,0.468,0.493,0.519,0.56273,0.515452,0.06789,0.001518,0.43798,0.481,0.508,0.534,0.616,0.00026,0.00111,2.5e-5,0.0,0.0,0.0,0.0,0.002,0.484288,0.06794,0.001519,0.384,0.466,0.492,0.519,0.562,0.00026,0.00111,2.5e-5,0.0,0.0,0.0,0.0,0.002,0.484548,0.06789,0.001518,0.384,0.466,0.492,0.519,0.56203
50.5,0.508865,0.0397,0.000894,0.43728,0.481,0.507,0.532,0.595,0.000252,0.0011,2.5e-5,0.0,0.0,0.0,0.0,0.002,0.490883,0.03982,0.000897,0.404,0.467,0.493,0.519,0.562,0.000252,0.0011,2.5e-5,0.0,0.0,0.0,0.0,0.002,0.491135,0.0397,0.000894,0.405,0.468,0.493,0.519,0.56273,0.515449,0.06789,0.001518,0.43798,0.481,0.508,0.534,0.616,0.000249,0.0011,2.5e-5,0.0,0.0,0.0,0.0,0.002,0.484302,0.06793,0.001519,0.384,0.466,0.492,0.519,0.562,0.000249,0.0011,2.5e-5,0.0,0.0,0.0,0.0,0.002,0.484551,0.06789,0.001518,0.384,0.466,0.492,0.519,0.56203
50.75,0.508861,0.0397,0.000894,0.43728,0.481,0.507,0.532,0.595,0.000245,0.00109,2.4e-5,0.0,0.0,0.0,0.0,0.002,0.490894,0.03981,0.000897,0.404,0.467,0.493,0.519,0.56273,0.000245,0.00109,2.4e-5,0.0,0.0,0.0,0.0,0.002,0.491139,0.0397,0.000894,0.405,0.468,0.493,0.519,0.56273,0.515445,0.06789,0.001518,0.43798,0.481,0.508,0.534,0.616,0.000242,0.00108,2.4e-5,0.0,0.0,0.0,0.0,0.002,0.484313,0.06793,0.001519,0.384,0.466,0.492,0.519,0.56203,0.000242,0.00108,2.4e-5,0.0,0.0,0.0,0.0,0.002,0.484555,0.06789,0.001518,0.384,0.466,0.492,0.519,0.56203
51.0,0.508858,0.0397,0.000894,0.43728,0.481,0.507,0.532,0.595,0.000241,0.0011,2.5e-5,0.0,0.0,0.0,0.0,0.002,0.490901,0.03981,0.000897,0.404,0.467,0.493,0.519,0.56273,0.000241,0.0011,2.5e-5,0.0,0.0,0.0,0.0,0.002,0.491142,0.0397,0.000894,0.405,0.468,0.493,0.519,0.56273,0.515442,0.06789,0.001518,0.43798,0.481,0.508,0.534,0.616,0.000238,0.0011,2.4e-5,0.0,0.0,0.0,0.0,0.002,0.48432,0.06793,0.001519,0.384,0.466,0.492,0.519,0.56203,0.000238,0.0011,2.4e-5,0.0,0.0,0.0,0.0,0.002,0.484559,0.06789,0.001518,0.384,0.466,0.492,0.519,0.56203
51.25,0.508853,0.0397,0.000894,0.43728,0.481,0.507,0.532,0.595,0.000229,0.00103,2.3e-5,0.0,0.0,0.0,0.0,0.002,0.490917,0.0398,0.000896,0.405,0.467,0.493,0.519,0.56273,0.000229,0.00103,2.3e-5,0.0,0.0,0.0,0.0,0.002,0.491147,0.0397,0.000894,0.405,0.468,0.493,0.519,0.56273,0.515438,0.06789,0.001518,0.43798,0.481,0.508,0.534,0.616,0.000226,0.00103,2.3e-5,0.0,0.0,0.0,0.0,0.002,0.484336,0.06793,0.001519,0.384,0.466,0.492,0.519,0.56203,0.000226,0.00103,2.3e-5,0.0,0.0,0.0,0.0,0.002,0.484562,0.06789,0.001518,0.384,0.466,0.492,0.519,0.56203
51.5,0.50885,0.03969,0.000894,0.43728,0.481,0.507,0.532,0.595,0.000217,0.00102,2.3e-5,0.0,0.0,0.0,0.0,0.002,0.490934,0.0398,0.000896,0.405,0.467,0.493,0.519,0.56273,0.000217,0.00102,2.3e-5,0.0,0.0,0.0,0.0,0.002,0.49115,0.03969,0.000894,0.405,0.468,0.493,0.519,0.56273,0.515434,0.06789,0.001518,0.43798,0.481,0.508,0.534,0.616,0.000214,0.00101,2.3e-5,0.0,0.0,0.0,0.0,0.002,0.484352,0.06793,0.001519,0.384,0.466,0.492,0.519,0.56203,0.000214,0.00101,2.3e-5,0.0,0.0,0.0,0.0,0.002,0.484566,0.06789,0.001518,0.384,0.466,0.492,0.519,0.56203
51.75,0.508846,0.03969,0.000894,0.43728,0.481,0.507,0.532,0.595,0.000205,0.00097,2.2e-5,0.0,0.0,0.0,0.0,0.002,0.490948,0.03979,0.000896,0.405,0.467,0.493,0.519,0.56273,0.000205,0.00097,2.2e-5,0.0,0.0,0.0,0.0,0.002,0.491154,0.03969,0.000894,0.405,0.468,0.493,0.519,0.56273,0.51543,0.06789,0.001518,0.43798,0.481,0.508,0.534,0.616,0.000203,0.00097,2.2e-5,0.0,0.0,0.0,0.0,0.002,0.484367,0.06792,0.001519,0.384,0.466,0.492,0.519,0.56203,0.000203,0.00097,2.2e-5,0.0,0.0,0.0,0.0,0.002,0.48457,0.06789,0.001518,0.384,0.466,0.492,0.519,0.56203
52.0,0.508844,0.03969,0.000894,0.43728,0.481,0.507,0.532,0.595,0.000194,0.00092,2.1e-5,0.0,0.0,0.0,0.0,0.002,0.490962,0.03979,0.000896,0.405,0.467,0.493,0.519,0.56273,0.000194,0.00092,2.1e-5,0.0,0.0,0.0,0.0,0.002,0.491156,0.03969,0.000894,0.405,0.468,0.493,0.519,0.56273,0.515428,0.06789,0.001518,0.43798,0.481,0.508,0.534,0.616,0.000192,0.00092,2.0e-5,0.0,0.0,0.0,0.0,0.002,0.48438,0.06792,0.001519,0.384,0.466,0.492,0.519,0.56203,0.000192,0.00092,2.0e-5,0.0,0.0,0.0,0.0,0.002,0.484572,0.06789,0.001518,0.384,0.466,0.492,0.519,0.56203
52.25,0.508841,0.03969,0.000894,0.43728,0.481,0.507,0.532,0.595,0.00019,0.0009,2.0e-5,0.0,0.0,0.0,0.0,0.002,0.490969,0.03978,0.000896,0.405,0.46775,0.493,0.519,0.56273,0.00019,0.0009,2.0e-5,0.0,0.0,0.0,0.0,0.002,0.491159,0.03969,0.000894,0.405,0.468,0.493,0.519,0.56273,0.515425,0.06789,0.001518,0.43798,0.481,0.508,0.534,0.616,0.000188,0.00089,2.0e-5,0.0,0.0,0.0,0.0,0.002,0.484388,0.06792,0.001519,0.384,0.466,0.492,0.519,0.56203,0.000188,0.00089,2.0e-5,0.0,0.0,0.0,0.0,0.002,0.484575,0.06789,0.001518,0.384,0.466,0.492,0.519,0.56203
52.5,0.508839,0.03969,0.000894,0.43728,0.481,0.507,0.532,0.595,0.000183,0.00084,1.9e-5,0.0,0.0,0.0,0.0,0.002,0.490979,0.03977,0.000896,0.405,0.46775,0.493,0.519,0.56273,0.000183,0.00084,1.9e-5,0.0,0.0,0.0,0.0,0.002,0.491161,0.03969,0.000894,0.405,0.468,0.493,0.519,0.56273,0.515423,0.06789,0.001518,0.43798,0.481,0.508,0.534,0.616,0.00018,0.00083,1.9e-5,0.0,0.0,0.0,0.0,0.002,0.484397,0.06792,0.001519,0.384,0.466,0.492,0.519,0.56203,0.00018,0.00083,1.9e-5,0.0,0.0,0.0,0.0,0.002,0.484577,0.06789,0.001518,0.384,0.466,0.492,0.519,0.56203
52.75,0.508835,0.03969,0.000894,0.43728,0.481,0.507,0.532,0.595,0.000175,0.0008,1.8e-5,0.0,0.0,0.0,0.0,0.002,0.49099,0.03977,0.000896,0.405,0.468,0.493,0.519,0.56273,0.000175,0.0008,1.8e-5,0.0,0.0,0.0,0.0,0.002,0.491165,0.03969,0.000894,0.405,0.468,0.493,0.519,0.56273,0.515419,0.06788,0.001518,0.43798,0.481,0.508,0.534,0.616,0.000173,0.0008,1.8e-5,0.0,0.0,0.0,0.0,0.002,0.484408,0.06792,0.001519,0.384,0.466,0.492,0.519,0.56203,0.000173,0.0008,1.8e-5,0.0,0.0,0.0,0.0,0.002,0.484581,0.06788,0.001518,0.384,0.466,0.492,0.519,0.56203
53.0,0.50883,0.03968,0.000894,0.43728,0.481,0.507,0.532,0.595,0.000167,0.00079,1.8e-5,0.0,0.0,0.0,0.0,0.002,0.491003,0.03976,0.000895,0.405,0.468,0.493,0.519,0.56273,0.000167,0.00079,1.8e-5,0.0,0.0,0.0,0.0,0.002,0.49117,0.03968,0.000894,0.405,0.468,0.493,0.519,0.56273,0.515415,0.06788,0.001518,0.43798,0.481,0.508,0.534,0.616,0.000165,0.00079,1.8e-5,0.0,0.0,0.0,0.0,0.002,0.484421,0.06791,0.001519,0.384,0.466,0.492,0.519,0.56203,0.000165,0.00079,1.8e-5,0.0,0.0,0.0,0.0,0.002,0.484586,0.06788,0.001518,0.384,0.466,0.492,0.519,0.56203
53.25,0.508827,0.03968,0.000894,0.43728,0.481,0.507,0.532,0.595,0.000159,0.00077,1.7e-5,0.0,0.0,0.0,0.0,0.002,0.491014,0.03976,0.000895,0.405,0.468,0.493,0.519,0.56273,0.000159,0.00077,1.7e-5,0.0,0.0,0.0,0.0,0.002,0.491173,0.03968,0.000894,0.405,0.468,0.493,0.519,0.56273,0.515412,0.06788,0.001518,0.43798,0.481,0.508,0.534,0.616,0.000157,0.00076,1.7e-5,0.0,0.0,0.0,0.0,0.002,0.484432,0.06791,0.001519,0.384,0.466,0.492,0.519,0.56203,0.000157,0.00076,1.7e-5,0.0,0.0,0.0,0.0,0.002,0.484589,0.06788,0.001518,0.384,0.466,0.492,0.519,0.56203
53.5,0.508824,0.03968,0.000894,0.43728,0.481,0.507,0.532,0.595,0.000154,0.00077,1.7e-5,0.0,0.0,0.0,0.0,0.001,0.491023,0.03975,0.000895,0.405,0.468,0.493,0.519,0.56273,0.000154,0.00077,1.7e-5,0.0,0.0,0.0,0.0,0.001,0.491176,0.03968,0.000894,0.405,0.468,0.493,0.519,0.56273,0.515408,0.06788,0.001518,0.43798,0.481,0.508,0.534,0.616,0.000152,0.00076,1.7e-5,0.0,0.0,0.0,0.0,0.001,0.484441,0.06791,0.001518,0.384,0.466,0.492,0.519,0.56203,0.000152,0.00076,1.7e-5,0.0,0.0,0.0,0.0,0.001,0.484592,0.06788,0.001518,0.384,0.466,0.492,0.519,0.56203
53.75,0.508822,0.03968,0.000893,0.43728,0.481,0.507,0.532,0.595,0.000146,0.00075,1.7e-5,0.0,0.0,0.0,0.0,0.001,0.491032,0.03975,0.000895,0.405,0.468,0.493,0.519,0.56273,0.000146,0.00075,1.7e-5,0.0,0.0,0.0,0.0,0.001,0.491178,0.03968,0.000893,0.405,0.468,0.493,0.519,0.56273,0.515407,0.06788,0.001518,0.43798,0.481,0.508,0.534,0.616,0.000144,0.00075,1.7e-5,0.0,0.0,0.0,0.0,0.001,0.48445,0.06791,0.001519,0.384,0.466,0.492,0.519,0.56203,0.000144,0.00075,1.7e-5,0.0,0.0,0.0,0.0,0.001,0.484594,0.06788,0.001518,0.384,0.466,0.492,0.519,0.56203
54.0,0.508819,0.03967,0.000893,0.43728,0.481,0.507,0.532,0.595,0.00014,0.00075,1.7e-5,0.0,0.0,0.0,0.0,0.001,0.491041,0.03975,0.000895,0.405,0.468,0.493,0.519,0.56273,0.00014,0.00075,1.7e-5,0.0,0.0,0.0,0.0,0.001,0.491181,0.03967,0.000893,0.405,0.468,0.493,0.519,0.56273,0.515404,0.06788,0.001518,0.43798,0.481,0.508,0.534,0.616,0.000138,0.00074,1.7e-5,0.0,0.0,0.0,0.0,0.001,0.484458,0.06791,0.001518,0.384,0.466,0.492,0.519,0.56203,0.000138,0.00074,1.7e-5,0.0,0.0,0.0,0.0,0.001,0.484596,0.06788,0.001518,0.384,0.466,0.492,0.519,0.56203
54.25,0.508814,0.03967,0.000893,0.43728,0.481,0.507,0.532,0.595,0.000136,0.00075,1.7e-5,0.0,0.0,0.0,0.0,0.001,0.491049,0.03975,0.000895,0.405,0.468,0.493,0.519,0.56273,0.000136,0.00075,1.7e-5,0.0,0.0,0.0,0.0,0.001,0.491186,0.03967,0.000893,0.405,0.468,0.493,0.519,0.56273,0.515399,0.06788,0.001518,0.43798,0.481,0.508,0.534,0.616,0.000135,0.00074,1.7e-5,0.0,0.0,0.0,0.0,0.001,0.484466,0.06791,0.001518,0.384,0.466,0.492,0.519,0.56203,0.000135,0.00074,1.7e-5,0.0,0.0,0.0,0.0,0.001,0.484601,0.06788,0.001518,0.384,0.466,0.492,0.519,0.56203
54.5,0.508812,0.03967,0.000893,0.43728,0.481,0.507,0.532,0.595,0.000131,0.00071,1.6e-5,0.0,0.0,0.0,0.0,0.001,0.491057,0.03974,0.000895,0.405,0.468,0.493,0.519,0.56273,0.000131,0.00071,1.6e-5,0.0,0.0,0.0,0.0,0.001,0.491188,0.03967,0.000893,0.405,0.468,0.493,0.519,0.56273,0.515397,0.06788,0.001518,0.43798,0.481,0.508,0.534,0.616,0.00013,0.00071,1.6e-5,0.0,0.0,0.0,0.0,0.001,0.484474,0.0679,0.001518,0.384,0.466,0.492,0.519,0.56203,0.00013,0.00071,1.6e-5,0.0,0.0,0.0,0.0,0.001,0.484604,0.06788,0.001518,0.384,0.466,0.492,0.519,0.56203
54.75,0.508809,0.03967,0.000893,0.43728,0.481,0.507,0.532,0.595,0.000127,0.0007,1.6e-5,0.0,0.0,0.0,0.0,0.001,0.491064,0.03974,0.000895,0.405,0.468,0.493,0.519,0.56273,0.000127,0.0007,1.6e-5,0.0,0.0,0.0,0.0,0.001,0.491191,0.03967,0.000893,0.405,0.468,0.493,0.519,0.56273,0.515394,0.06787,0.001518,0.43798,0.481,0.508,0.534,0.616,0.000126,0.0007,1.6e-5,0.0,0.0,0.0,0.0,0.001,0.484481,0.0679,0.001518,0.384,0.466,0.492,0.519,0.56203,0.000126,0.0007,1.6e-5,0.0,0.0,0.0,0.0,0.001,0.484607,0.06787,0.001518,0.384,0.466,0.492,0.519,0.56203
55.0,0.508807,0.03966,0.000893,0.43728,0.481,0.507,0.532,0.595,0.00012,0.00067,1.5e-5,0.0,0.0,0.0,0.0,0.001,0.491073,0.03973,0.000895,0.405,0.468,0.493,0.519,0.56273,0.00012,0.00067,1.5e-5,0.0,0.0,0.0,0.0,0.001,0.491193,0.03966,0.000893,0.405,0.468,0.493,0.519,0.56273,0.515392,0.06787,0.001518,0.43798,0.481,0.508,0.534,0.616,0.000119,0.00066,1.5e-5,0.0,0.0,0.0,0.0,0.001,0.48449,0.0679,0.001518,0.384,0.466,0.492,0.519,0.56203,0.000119,0.00066,1.5e-5,0.0,0.0,0.0,0.0,0.001,0.484609,0.06787,0.001518,0.384,0.466,0.492,0.519,0.56203
55.25,0.508805,0.03966,0.000893,0.43728,0.481,0.507,0.532,0.595,0.000116,0.00062,1.4e-5,0.0,0.0,0.0,0.0,0.001,0.49108,0.03973,0.000895,0.405,0.468,0.493,0.519,0.56273,0.000116,0.00062,1.4e-5,0.0,0.0,0.0,0.0,0.001,0.491195,0.03966,0.000893,0.405,0.468,0.493,0.519,0.56273,0.515389,0.06787,0.001518,0.43798,0.481,0.508,0.534,0.616,0.000114,0.00062,1.4e-5,0.0,0.0,0.0,0.0,0.001,0.484497,0.0679,0.001518,0.384,0.466,0.492,0.519,0.56203,0.000114,0.00062,1.4e-5,0.0,0.0,0.0,0.0,0.001,0.48461,0.06787,0.001518,0.384,0.466,0.492,0.519,0.56203
55.5,0.508804,0.03966,0.000893,0.43728,0.481,0.507,0.532,0.595,0.000113,0.00061,1.4e-5,0.0,0.0,0.0,0.0,0.001,0.491083,0.03972,0.000895,0.405,0.468,0.493,0.519,0.56273,0.000113,0.00061,1.4e-5,0.0,0.0,0.0,0.0,0.001,0.491196,0.03966,0.000893,0.405,0.468,0.493,0.519,0.56273,0.515389,0.06787,0.001518,0.43798,0.481,0.508,0.534,0.616,0.000111,0.0006,1.4e-5,0.0,0.0,0.0,0.0,0.001,0.4845,0.0679,0.001518,0.384,0.466,0.492,0.519,0.56203,0.000111,0.0006,1.4e-5,0.0,0.0,0.0,0.0,0.001,0.484611,0.06787,0.001518,0.384,0.466,0.492,0.519,0.56203
55.75,0.508802,0.03966,0.000893,0.43728,0.481,0.507,0.532,0.595,0.000105,0.00061,1.4e-5,0.0,0.0,0.0,0.0,0.001,0.491092,0.03972,0.000894,0.405,0.468,0.493,0.519,0.56273,0.000105,0.00061,1.4e-5,0.0,0.0,0.0,0.0,0.001,0.491198,0.03966,0.000893,0.405,0.468,0.493,0.519,0.56273,0.515387,0.06787,0.001518,0.43798,0.481,0.508,0.534,0.616,0.000104,0.00061,1.4e-5,0.0,0.0,0.0,0.0,0.001,0.484509,0.0679,0.001518,0.384,0.466,0.492,0.519,0.56203,0.000104,0.00061,1.4e-5,0.0,0.0,0.0,0.0,0.001,0.484613,0.06787,0.001518,0.384,0.466,0.492,0.519,0.56203
56.0,0.508801,0.03966,0.000893,0.43728,0.481,0.507,0.532,0.595,9.8e-5,0.00061,1.4e-5,0.0,0.0,0.0,0.0,0.001,0.491101,0.03972,0.000894,0.405,0.468,0.493,0.519,0.56273,9.8e-5,0.00061,1.4e-5,0.0,0.0,0.0,0.0,0.001,0.491199,0.03966,0.000893,0.405,0.468,0.493,0.519,0.56273,0.515386,0.06787,0.001518,0.43798,0.481,0.508,0.534,0.616,9.7e-5,0.0006,1.3e-5,0.0,0.0,0.0,0.0,0.001,0.484518,0.0679,0.001518,0.384,0.466,0.492,0.519,0.56203,9.7e-5,0.0006,1.3e-5,0.0,0.0,0.0,0.0,0.001,0.484614,0.06787,0.001518,0.384,0.466,0.492,0.519,0.56203
56.25,0.508799,0.03966,0.000893,0.43728,0.481,0.507,0.532,0.595,9.4e-5,0.0006,1.3e-5,0.0,0.0,0.0,0.0,0.001,0.491108,0.03972,0.000894,0.405,0.468,0.493,0.519,0.56273,9.4e-5,0.0006,1.3e-5,0.0,0.0,0.0,0.0,0.001,0.491201,0.03966,0.000893,0.405,0.468,0.493,0.519,0.56273,0.515384,0.06787,0.001518,0.43798,0.481,0.508,0.534,0.616,9.2e-5,0.00059,1.3e-5,0.0,0.0,0.0,0.0,0.001,0.484524,0.0679,0.001518,0.384,0.466,0.492,0.519,0.56203,9.2e-5,0.00059,1.3e-5,0.0,0.0,0.0,0.0,0.001,0.484616,0.06787,0.001518,0.384,0.466,0.492,0.519,0.56203
56.5,0.508798,0.03965,0.000893,0.43728,0.481,0.507,0.532,0.595,8.9e-5,0.00059,1.3e-5,0.0,0.0,0.0,0.0,0.001,0.491113,0.03972,0.000894,0.405,0.468,0.493,0.519,0.56273,8.9e-5,0.00059,1.3e-5,0.0,0.0,0.0,0.0,0.001,0.491202,0.03965,0.000893,0.405,0.468,0.493,0.519,0.56273,0.515383,0.06787,0.001518,0.43798,0.481,0.508,0.534,0.616,8.8e-5,0.00059,1.3e-5,0.0,0.0,0.0,0.0,0.001,0.484529,0.0679,0.001518,0.384,0.466,0.492,0.519,0.56203,8.8e-5,0.00059,1.3e-5,0.0,0.0,0.0,0.0,0.001,0.484617,0.06787,0.001518,0.384,0.466,0.492,0.519,0.56203
56.75,0.508797,0.03965,0.000893,0.43728,0.481,0.507,0.532,0.595,8.4e-5,0.00058,1.3e-5,0.0,0.0,0.0,0.0,0.001,0.491119,0.03971,0.000894,0.405,0.468,0.493,0.519,0.56273,8.4e-5,0.00058,1.3e-5,0.0,0.0,0.0,0.0,0.001,0.491203,0.03965,0.000893,0.405,0.468,0.493,0.519,0.56273,0.515382,0.06787,0.001518,0.43798,0.481,0.508,0.534,0.616,8.3e-5,0.00057,1.3e-5,0.0,0.0,0.0,0.0,0.001,0.484535,0.06789,0.001518,0.384,0.466,0.492,0.519,0.56203,8.3e-5,0.00057,1.3e-5,0.0,0.0,0.0,0.0,0.001,0.484618,0.06787,0.001518,0.384,0.466,0.492,0.519,0.56203
57.0,0.508796,0.03965,0.000893,0.43728,0.481,0.507,0.532,0.595,8.0e-5,0.00058,1.3e-5,0.0,0.0,0.0,0.0,0.001,0.491124,0.03971,0.000894,0.405,0.468,0.493,0.519,0.56273,8.0e-5,0.00058,1.3e-5,0.0,0.0,0.0,0.0,0.001,0.491204,0.03965,0.000893,0.405,0.468,0.493,0.519,0.56273,0.51538,0.06787,0.001518,0.43798,0.481,0.508,0.534,0.616,7.9e-5,0.00057,1.3e-5,0.0,0.0,0.0,0.0,0.001,0.484541,0.06789,0.001518,0.384,0.466,0.492,0.519,0.56203,7.9e-5,0.00057,1.3e-5,0.0,0.0,0.0,0.0,0.001,0.48462,0.06787,0.001518,0.384,0.466,0.492,0.519,0.56203
57.25,0.508796,0.03965,0.000893,0.43728,0.481,0.507,0.532,0.595,7.5e-5,0.00055,1.2e-5,0.0,0.0,0.0,0.0,0.001,0.49113,0.03971,0.000894,0.405,0.468,0.493,0.519,0.56273,7.5e-5,0.00055,1.2e-5,0.0,0.0,0.0,0.0,0.001,0.491204,0.03965,0.000893,0.405,0.468,0.493,0.519,0.56273,0.51538,0.06787,0.001518,0.43798,0.481,0.508,0.534,0.616,7.4e-5,0.00055,1.2e-5,0.0,0.0,0.0,0.0,0.001,0.484546,0.06789,0.001518,0.384,0.466,0.492,0.519,0.56203,7.4e-5,0.00055,1.2e-5,0.0,0.0,0.0,0.0,0.001,0.48462,0.06787,0.001518,0.384,0.466,0.492,0.519,0.56203
57.5,0.508795,0.03965,0.000893,0.43728,0.481,0.507,0.532,0.595,6.9e-5,0.00054,1.2e-5,0.0,0.0,0.0,0.0,0.001,0.491136,0.0397,0.000894,0.405,0.468,0.493,0.519,0.56273,6.9e-5,0.00054,1.2e-5,0.0,0.0,0.0,0.0,0.001,0.491205,0.03965,0.000893,0.405,0.468,0.493,0.519,0.56273,0.51538,0.06787,0.001518,0.43798,0.481,0.508,0.534,0.616,6.8e-5,0.00053,1.2e-5,0.0,0.0,0.0,0.0,0.001,0.484552,0.06789,0.001518,0.384,0.466,0.492,0.519,0.56203,6.8e-5,0.00053,1.2e-5,0.0,0.0,0.0,0.0,0.001,0.48462,0.06787,0.001518,0.384,0.466,0.492,0.519,0.56203
57.75,0.508795,0.03965,0.000893,0.43728,0.481,0.507,0.532,0.595,6.7e-5,0.00053,1.2e-5,0.0,0.0,0.0,0.0,0.001,0.491138,0.0397,0.000894,0.405,0.468,0.493,0.519,0.56273,6.7e-5,0.00053,1.2e-5,0.0,0.0,0.0,0.0,0.001,0.491205,0.03965,0.000893,0.405,0.468,0.493,0.519,0.56273,0.51538,0.06787,0.001518,0.43798,0.481,0.508,0.534,0.616,6.6e-5,0.00053,1.2e-5,0.0,0.0,0.0,0.0,0.001,0.484554,0.06789,0.001518,0.384,0.466,0.492,0.519,0.56203,6.6e-5,0.00053,1.2e-5,0.0,0.0,0.0,0.0,0.001,0.48462,0.06787,0.001518,0.384,0.466,0.492,0.519,0.56203
58.0,0.508795,0.03965,0.000893,0.43728,0.481,0.507,0.532,0.595,6.1e-5,0.00049,1.1e-5,0.0,0.0,0.0,0.0,0.001,0.491144,0.03969,0.000894,0.405,0.468,0.493,0.519,0.56273,6.1e-5,0.00049,1.1e-5,0.0,0.0,0.0,0.0,0.001,0.491205,0.03965,0.000893,0.405,0.468,0.493,0.519,0.56273,0.51538,0.06787,0.001518,0.43798,0.481,0.508,0.534,0.616,6.1e-5,0.00048,1.1e-5,0.0,0.0,0.0,0.0,0.001,0.48456,0.06789,0.001518,0.384,0.466,0.492,0.519,0.56203,6.1e-5,0.00048,1.1e-5,0.0,0.0,0.0,0.0,0.001,0.48462,0.06787,0.001518,0.384,0.466,0.492,0.519,0.56203
58.25,0.508795,0.03965,0.000893,0.43728,0.481,0.507,0.532,0.595,5.9e-5,0.00046,1.0e-5,0.0,0.0,0.0,0.0,0.001,0.491146,0.03969,0.000894,0.405,0.468,0.493,0.519,0.56273,5.9e-5,0.00046,1.0e-5,0.0,0.0,0.0,0.0,0.001,0.491205,0.03965,0.000893,0.405,0.468,0.493,0.519,0.56273,0.51538,0.06787,0.001518,0.43798,0.481,0.508,0.534,0.616,5.9e-5,0.00045,1.0e-5,0.0,0.0,0.0,0.0,0.001,0.484562,0.06789,0.001518,0.384,0.466,0.492,0.519,0.56203,5.9e-5,0.00045,1.0e-5,0.0,0.0,0.0,0.0,0.001,0.48462,0.06787,0.001518,0.384,0.466,0.492,0.519,0.56203
58.5,0.508795,0.03965,0.000893,0.43728,0.481,0.507,0.532,0.595,5.5e-5,0.00044,1.0e-5,0.0,0.0,0.0,0.0,0.001,0.49115,0.03969,0.000894,0.405,0.468,0.493,0.519,0.56273,5.5e-5,0.00044,1.0e-5,0.0,0.0,0.0,0.0,0.001,0.491205,0.03965,0.000893,0.405,0.468,0.493,0.519,0.56273,0.51538,0.06787,0.001518,0.43798,0.481,0.508,0.534,0.616,5.5e-5,0.00044,1.0e-5,0.0,0.0,0.0,0.0,0.001,0.484566,0.06789,0.001518,0.384,0.466,0.492,0.519,0.56203,5.5e-5,0.00044,1.0e-5,0.0,0.0,0.0,0.0,0.001,0.48462,0.06787,0.001518,0.384,0.466,0.492,0.519,0.56203
58.75,0.508794,0.03965,0.000893,0.43728,0.481,0.507,0.532,0.595,5.4e-5,0.00044,1.0e-5,0.0,0.0,0.0,0.0,0.001,0.491152,0.03969,0.000894,0.405,0.468,0.493,0.519,0.56273,5.4e-5,0.00044,1.0e-5,0.0,0.0,0.0,0.0,0.001,0.491206,0.03965,0.000893,0.405,0.468,0.493,0.519,0.56273,0.515379,0.06787,0.001518,0.43798,0.481,0.508,0.534,0.616,5.3e-5,0.00044,1.0e-5,0.0,0.0,0.0,0.0,0.001,0.484568,0.06789,0.001518,0.384,0.466,0.492,0.519,0.56203,5.3e-5,0.00044,1.0e-5,0.0,0.0,0.0,0.0,0.001,0.484621,0.06787,0.001518,0.384,0.466,0.492,0.519,0.56203
59.0,0.508794,0.03965,0.000893,0.43728,0.481,0.507,0.532,0.595,5.1e-5,0.00041,9.0e-6,0.0,0.0,0.0,0.0,0.001,0.491156,0.03969,0.000894,0.405,0.468,0.493,0.519,0.56273,5.1e-5,0.00041,9.0e-6,0.0,0.0,0.0,0.0,0.001,0.491206,0.03965,0.000893,0.405,0.468,0.493,0.519,0.56273,0.515379,0.06787,0.001518,0.43798,0.481,0.508,0.534,0.616,5.0e-5,0.00041,9.0e-6,0.0,0.0,0.0,0.0,0.001,0.484572,0.06788,0.001518,0.384,0.466,0.492,0.519,0.56203,5.0e-5,0.00041,9.0e-6,0.0,0.0,0.0,0.0,0.001,0.484622,0.06787,0.001518,0.384,0.466,0.492,0.519,0.56203
59.25,0.508794,0.03965,0.000893,0.43728,0.481,0.507,0.532,0.595,4.6e-5,0.00036,8.0e-6,0.0,0.0,0.0,0.0,0.001,0.491161,0.03968,0.000894,0.405,0.468,0.493,0.519,0.56273,4.6e-5,0.00036,8.0e-6,0.0,0.0,0.0,0.0,0.001,0.491206,0.03965,0.000893,0.405,0.468,0.493,0.519,0.56273,0.515379,0.06787,0.001518,0.43798,0.481,0.508,0.534,0.616,4.5e-5,0.00036,8.0e-6,0.0,0.0,0.0,0.0,0.001,0.484576,0.06788,0.001518,0.384,0.466,0.492,0.519,0.56203,4.5e-5,0.00036,8.0e-6,0.0,0.0,0.0,0.0,0.001,0.484622,0.06787,0.001518,0.384,0.466,0.492,0.519,0.56203
59.5,0.508793,0.03965,0.000893,0.43728,0.481,0.507,0.532,0.595,4.6e-5,0.00036,8.0e-6,0.0,0.0,0.0,0.0,0.001,0.491161,0.03968,0.000894,0.405,0.468,0.493,0.519,0.56273,4.6e-5,0.00036,8.0e-6,0.0,0.0,0.0,0.0,0.001,0.491207,0.03965,0.000893,0.405,0.468,0.493,0.519,0.56273,0.515378,0.06787,0.001518,0.43798,0.481,0.508,0.534,0.616,4.5e-5,0.00036,8.0e-6,0.0,0.0,0.0,0.0,0.001,0.484577,0.06788,0.001518,0.384,0.466,0.492,0.519,0.56203,4.5e-5,0.00036,8.0e-6,0.0,0.0,0.0,0.0,0.001,0.484622,0.06787,0.001518,0.384,0.466,0.492,0.519,0.56203
59.75,0.508793,0.03965,0.000893,0.43728,0.481,0.507,0.532,0.595,4.4e-5,0.00035,8.0e-6,0.0,0.0,0.0,0.0,0.001,0.491163,0.03968,0.000894,0.405,0.468,0.493,0.519,0.56273,4.4e-5,0.00035,8.0e-6,0.0,0.0,0.0,0.0,0.001,0.491207,0.03965,0.000893,0.405,0.468,0.493,0.519,0.56273,0.515378,0.06787,0.001518,0.43798,0.481,0.508,0.534,0.616,4.4e-5,0.00035,8.0e-6,0.0,0.0,0.0,0.0,0.001,0.484579,0.06788,0.001518,0.384,0.466,0.492,0.519,0.56203,4.4e-5,0.00035,8.0e-6,0.0,0.0,0.0,0.0,0.001,0.484622,0.06787,0.001518,0.384,0.466,0.492,0.519,0.56203
60.0,0.508792,0.03965,0.000893,0.43728,0.481,0.507,0.532,0.595,4.1e-5,0.00033,7.0e-6,0.0,0.0,0.0,0.0,0.001,0.491167,0.03968,0.000894,0.405,0.468,0.493,0.519,0.56273,4.1e-5,0.00033,7.0e-6,0.0,0.0,0.0,0.0,0.001,0.491208,0.03965,0.000893,0.405,0.468,0.493,0.519,0.56273,0.515377,0.06787,0.001518,0.43798,0.481,0.508,0.534,0.616,4.0e-5,0.00032,7.0e-6,0.0,0.0,0.0,0.0,0.001,0.484582,0.06788,0.001518,0.384,0.466,0.492,0.519,0.56203,4.0e-5,0.00032,7.0e-6,0.0,0.0,0.0,0.0,0.001,0.484623,0.06787,0.001518,0.384,0.466,0.492,0.519,0.56203
