t,cond.S.mean,cond.S.sd,cond.S.se,cond.S.q025,cond.S.q25,cond.S.q50,cond.S.q75,cond.S.q975,cond.I.mean,cond.I.sd,cond.I.se,cond.I.q025,cond.I.q25,cond.I.q50,cond.I.q75,cond.I.q975,cond.R.mean,cond.R.sd,cond.R.se,cond.R.q025,cond.R.q25,cond.R.q50,cond.R.q75,cond.R.q975,cond.infectious.mean,cond.infectious.sd,cond.infectious.se,cond.infectious.q025,cond.infectious.q25,cond.infectious.q50,cond.infectious.q75,cond.infectious.q975,cond.cumulative.mean,cond.cumulative.sd,cond.cumulative.se,cond.cumulative.q025,cond.cumulative.q25,cond.cumulative.q50,cond.cumulative.q75,cond.cumulative.q975
0.0,0.99,0.0,0.0,0.99,0.99,0.99,0.99,0.99,0.01,0.0,0.0,0.01,0.01,0.01,0.01,0.01,0.0,0.0,0.0,0.0,0.0,0.0,0.0,0.0,0.01,0.0,0.0,0.01,0.01,0.01,0.01,0.01,0.01,0.0,0.0,0.01,0.01,0.01,0.01,0.01
0.25,0.989266,0.00032,2.2e-5,0.9885,0.9891,0.9893,0.9895,0.9898,0.010106,0.0004,2.8e-5,0.0095,0.0098,0.0101,0.0104,0.0111,0.000628,0.00023,1.6e-5,0.0002,0.0005,0.0006,0.0008,0.0011,0.010106,0.0004,2.8e-5,0.0095,0.0098,0.0101,0.0104,0.0111,0.010734,0.00032,2.2e-5,0.0102,0.0105,0.0107,0.0109,0.0115
0.5,0.988453,0.00051,3.6e-5,0.9873,0.9882,0.9885,0.9888,0.9893,0.010286,0.00056,4.0e-5,0.0092,0.0099,0.0103,0.0106,0.0115,0.001261,0.00031,2.2e-5,0.0007,0.0011,0.0013,0.0015,0.0018,0.010286,0.00056,4.0e-5,0.0092,0.0099,0.0103,0.0106,0.0115,0.011547,0.00051,3.6e-5,0.0107,0.0112,0.0115,0.0118,0.0127
0.75,0.987526,0.00073,5.2e-5,0.986,0.9871,0.9876,0.988,0.9888,0.010565,0.00079,5.6e-5,0.0092,0.0101,0.0105,0.011,0.0122,0.001909,0.00038,2.7e-5,0.0012,0.00167,0.0019,0.0021,0.0027,0.010565,0.00079,5.6e-5,0.0092,0.0101,0.0105,0.011,0.0122,0.012474,0.00073,5.2e-5,0.0112,0.012,0.0124,0.0129,0.014
1.0,0.986522,0.00095,6.7e-5,0.9847,0.98598,0.9866,0.9871,0.9884,0.010922,0.00096,6.8e-5,0.0091,0.01037,0.0109,0.0115,0.0126,0.002556,0.00045,3.2e-5,0.0018,0.00228,0.0025,0.0028,0.0035,0.010922,0.00096,6.8e-5,0.0091,0.01037,0.0109,0.0115,0.0126,0.013479,0.00095,6.7e-5,0.0116,0.0129,0.0134,0.01402,0.0153
1.25,0.985505,0.00116,8.2e-5,0.9831,0.9848,0.9856,0.9862,0.9876,0.011271,0.00115,8.1e-5,0.0092,0.0106,0.0112,0.0119,0.0135,0.003225,0.00052,3.7e-5,0.0024,0.0029,0.0032,0.00353,0.0043,0.011271,0.00115,8.1e-5,0.0092,0.0106,0.0112,0.0119,0.0135,0.014496,0.00116,8.2e-5,0.0124,0.0138,0.0144,0.0152,0.0169
1.5,0.984386,0.00143,0.000101,0.9814,0.9836,0.9846,0.9854,0.9867,0.011678,0.00136,9.6e-5,0.0092,0.0108,0.0116,0.01242,0.0143,0.003936,0.00057,4.1e-5,0.0029,0.00358,0.0039,0.0043,0.0051,0.011678,0.00136,9.6e-5,0.0092,0.0108,0.0116,0.01242,0.0143,0.015614,0.00143,0.000101,0.0133,0.0146,0.0154,0.0164,0.0186
1.75,0.983181,0.0017,0.00012,0.97979,0.9822,0.9834,0.9843,0.98561,0.012127,0.00158,0.000112,0.0095,0.0111,0.0119,0.0131,0.01521,0.004692,0.00059,4.2e-5,0.0036,0.0043,0.0047,0.0051,0.0059,0.012127,0.00158,0.000112,0.0095,0.0111,0.0119,0.0131,0.01521,0.01682,0.0017,0.00012,0.01439,0.0157,0.0166,0.0178,0.02021
2.0,0.98187,0.002,0.000141,0.9775,0.9807,0.9822,0.983,0.9848,0.012613,0.00176,0.000124,0.0098,0.0114,0.01245,0.0136,0.0167,0.005517,0.00066,4.7e-5,0.0043,0.005,0.0055,0.006,0.0067,0.012613,0.00176,0.000124,0.0098,0.0114,0.01245,0.0136,0.0167,0.01813,0.002,0.000141,0.0152,0.017,0.0178,0.0193,0.0225
2.25,0.980466,0.00235,0.000166,0.9754,0.97948,0.9808,0.9819,0.9839,0.013196,0.00202,0.000143,0.01,0.0118,0.0131,0.0143,0.01781,0.006337,0.00074,5.3e-5,0.0051,0.0058,0.0063,0.0069,0.0078,0.013196,0.00202,0.000143,0.01,0.0118,0.0131,0.0143,0.01781,0.019534,0.00235,0.000166,0.0161,0.0181,0.0192,0.02052,0.0246
2.5,0.979048,0.0027,0.000191,0.9733,0.9777,0.97935,0.98072,0.9832,0.013762,0.00224,0.000158,0.0102,0.01228,0.0136,0.01492,0.01853,0.007191,0.00086,6.1e-5,0.0057,0.0066,0.0071,0.0079,0.0089,0.013762,0.00224,0.000158,0.0102,0.01228,0.0136,0.01492,0.01853,0.020952,0.0027,0.000191,0.01679,0.01928,0.02065,0.0223,0.02671
2.75,0.97745,0.00307,0.000217,0.97029,0.9758,0.9779,0.97953,0.9826,0.014487,0.00249,0.000176,0.0104,0.01288,0.0142,0.0158,0.0204,0.008062,0.00099,7.0e-5,0.0064,0.0074,0.008,0.0087,0.00992,0.014487,0.00249,0.000176,0.0104,0.01288,0.0142,0.0158,0.0204,0.02255,0.00307,0.000217,0.0174,0.02048,0.0221,0.0242,0.02971
3.0,0.975818,0.00348,0.000246,0.9676,0.97368,0.9762,0.97822,0.9818,0.01521,0.00277,0.000196,0.0106,0.0132,0.01495,0.01682,0.0218,0.008972,0.0011,7.8e-5,0.007,0.0082,0.009,0.0097,0.01121,0.01521,0.00277,0.000196,0.0106,0.0132,0.01495,0.01682,0.0218,0.024182,0.00348,0.000246,0.0182,0.02178,0.0238,0.02632,0.0324
3.25,0.974099,0.00389,0.000275,0.9649,0.97165,0.9745,0.97682,0.98081,0.015951,0.00309,0.000218,0.011,0.01365,0.0156,0.0179,0.0234,0.00995,0.00122,8.6e-5,0.0076,0.0091,0.01,0.0107,0.0124,0.015951,0.00309,0.000218,0.011,0.01365,0.0156,0.0179,0.0234,0.025901,0.00389,0.000275,0.01919,0.02317,0.0255,0.02835,0.0351
3.5,0.972272,0.00438,0.000309,0.9619,0.9694,0.9727,0.97542,0.97951,0.016714,0.00341,0.000241,0.011,0.01418,0.0164,0.0189,0.0246,0.011014,0.00139,9.8e-5,0.0082,0.0101,0.011,0.0119,0.0137,0.016714,0.00341,0.000241,0.011,0.01418,0.0164,0.0189,0.0246,0.027728,0.00438,0.000309,0.02049,0.02458,0.0273,0.0306,0.0381
3.75,0.970285,0.00488,0.000345,0.9589,0.96702,0.97065,0.97382,0.9784,0.017672,0.00374,0.000265,0.01159,0.0149,0.0174,0.0202,0.02621,0.012043,0.00154,0.000109,0.00909,0.0111,0.012,0.013,0.01472,0.017672,0.00374,0.000265,0.01159,0.0149,0.0174,0.0202,0.02621,0.029715,0.00488,0.000345,0.0216,0.02618,0.02935,0.03297,0.0411
4.0,0.968149,0.00546,0.000386,0.9554,0.96438,0.96835,0.97212,0.97691,0.01869,0.00416,0.000294,0.01219,0.0157,0.0184,0.02145,0.0286,0.013161,0.00172,0.000122,0.01,0.012,0.01305,0.01432,0.01632,0.01869,0.00416,0.000294,0.01219,0.0157,0.0184,0.02145,0.0286,0.031851,0.00546,0.000386,0.02309,0.02787,0.03165,0.03563,0.0446
4.25,0.965873,0.00608,0.00043,0.95189,0.96175,0.9659,0.97055,0.97581,0.019734,0.00456,0.000323,0.01268,0.01638,0.0196,0.02252,0.03011,0.014392,0.00196,0.000139,0.0109,0.013,0.01425,0.0157,0.01832,0.019734,0.00456,0.000323,0.01268,0.01638,0.0196,0.02252,0.03011,0.034127,0.00608,0.00043,0.02419,0.02945,0.0341,0.03825,0.04811
4.5,0.963528,0.00672,0.000475,0.94809,0.9592,0.9635,0.9688,0.9749,0.020833,0.00497,0.000351,0.01326,0.0172,0.02095,0.0239,0.03202,0.015639,0.00219,0.000155,0.01179,0.014,0.0156,0.017,0.02061,0.020833,0.00497,0.000351,0.01326,0.0172,0.02095,0.0239,0.03202,0.036472,0.00672,0.000475,0.0251,0.0312,0.0365,0.0408,0.05191
4.75,0.961123,0.00732,0.000518,0.94556,0.95645,0.9611,0.96692,0.97331,0.021919,0.00527,0.000373,0.01308,0.018,0.02205,0.0251,0.03362,0.016958,0.00245,0.000173,0.0128,0.0151,0.0169,0.0184,0.02202,0.021919,0.00527,0.000373,0.01308,0.018,0.02205,0.0251,0.03362,0.038877,0.00732,0.000518,0.02669,0.03308,0.0389,0.04355,0.05444
5.0,0.958569,0.00799,0.000565,0.94187,0.95365,0.9583,0.96462,0.97231,0.02312,0.00564,0.000399,0.0128,0.0191,0.0232,0.0265,0.0356,0.018311,0.00274,0.000194,0.0137,0.0163,0.01825,0.02012,0.0242,0.02312,0.00564,0.000399,0.0128,0.0191,0.0232,0.0265,0.0356,0.041431,0.00799,0.000565,0.0277,0.03538,0.0417,0.04635,0.05813
5.25,0.955906,0.00868,0.000614,0.93849,0.95048,0.95545,0.96253,0.97121,0.024326,0.00597,0.000422,0.0135,0.01988,0.0243,0.0284,0.037,0.019768,0.00311,0.00022,0.0144,0.0175,0.0197,0.0217,0.02641,0.024326,0.00597,0.000422,0.0135,0.01988,0.0243,0.0284,0.037,0.044094,0.00868,0.000614,0.02879,0.03747,0.04455,0.04953,0.06151
5.5,0.953157,0.00939,0.000664,0.9335,0.94725,0.9528,0.96062,0.96914,0.025518,0.00634,0.000448,0.01449,0.0207,0.0256,0.02962,0.039,0.021326,0.00343,0.000243,0.0154,0.01868,0.02135,0.02372,0.0288,0.025518,0.00634,0.000448,0.01449,0.0207,0.0256,0.02962,0.039,0.046844,0.00939,0.000664,0.03086,0.03938,0.0472,0.05275,0.0665
5.75,0.950269,0.01012,0.000716,0.9292,0.9435,0.9498,0.95815,0.96717,0.02672,0.00673,0.000476,0.0143,0.02188,0.02695,0.03078,0.04012,0.023011,0.00381,0.000269,0.0164,0.02,0.023,0.02565,0.03071,0.02672,0.00673,0.000476,0.0143,0.02188,0.02695,0.03078,0.04012,0.049732,0.01012,0.000716,0.03283,0.04185,0.0502,0.0565,0.0708
6.0,0.947251,0.0109,0.000771,0.9244,0.94048,0.9465,0.95575,0.96626,0.028007,0.0071,0.000502,0.01488,0.0231,0.02845,0.0325,0.04221,0.024742,0.00421,0.000298,0.0172,0.0215,0.0247,0.02783,0.03341,0.028007,0.0071,0.000502,0.01488,0.0231,0.02845,0.0325,0.04221,0.052749,0.0109,0.000771,0.03374,0.04425,0.0535,0.05952,0.0756
6.25,0.94411,0.01163,0.000822,0.92028,0.93658,0.94335,0.95375,0.96454,0.029396,0.00739,0.000523,0.0159,0.02475,0.0295,0.0343,0.04393,0.026495,0.00465,0.000329,0.01859,0.02298,0.0264,0.02972,0.0362,0.029396,0.00739,0.000523,0.0159,0.02475,0.0295,0.0343,0.04393,0.05589,0.01163,0.000822,0.03545,0.04625,0.05665,0.06342,0.07972
6.5,0.940841,0.01234,0.000872,0.91489,0.93298,0.93985,0.95092,0.96274,0.030769,0.00766,0.000542,0.0165,0.0253,0.0314,0.03572,0.04473,0.02839,0.00512,0.000362,0.01978,0.02428,0.02835,0.03175,0.03922,0.030769,0.00766,0.000542,0.0165,0.0253,0.0314,0.03572,0.04473,0.059158,0.01234,0.000872,0.03726,0.04907,0.06015,0.06702,0.08511
6.75,0.937565,0.01312,0.000928,0.91147,0.92887,0.9367,0.9481,0.96095,0.032084,0.00802,0.000567,0.017,0.02672,0.0325,0.03765,0.0467,0.030351,0.00554,0.000391,0.02088,0.02598,0.0304,0.03382,0.04184,0.032084,0.00802,0.000567,0.017,0.02672,0.0325,0.03765,0.0467,0.062435,0.01312,0.000928,0.03905,0.0519,0.0633,0.07112,0.08853
7.0,0.93417,0.01395,0.000986,0.9067,0.92518,0.9333,0.94505,0.95906,0.033452,0.00844,0.000597,0.0172,0.028,0.03365,0.03932,0.0485,0.032378,0.00595,0.000421,0.02238,0.0273,0.03235,0.0364,0.0455,0.033452,0.00844,0.000597,0.0172,0.028,0.03365,0.03932,0.0485,0.06583,0.01395,0.000986,0.04094,0.05495,0.0667,0.07482,0.0933
7.25,0.930742,0.01471,0.00104,0.90339,0.92088,0.92985,0.94195,0.95727,0.034696,0.00869,0.000615,0.0181,0.02945,0.0353,0.0404,0.04942,0.034562,0.00646,0.000457,0.02378,0.029,0.0346,0.0387,0.04861,0.034696,0.00869,0.000615,0.0181,0.02945,0.0353,0.0404,0.04942,0.069258,0.01471,0.00104,0.04273,0.05805,0.07015,0.07912,0.09661
7.5,0.927153,0.01541,0.00109,0.89829,0.9172,0.92615,0.93882,0.95642,0.036043,0.00893,0.000632,0.0183,0.03038,0.0368,0.04232,0.05152,0.036804,0.00694,0.000491,0.02515,0.031,0.03675,0.04095,0.05141,0.036043,0.00893,0.000632,0.0183,0.03038,0.0368,0.04232,0.05152,0.072846,0.01541,0.00109,0.04358,0.06117,0.07385,0.0828,0.10171
7.75,0.923493,0.01618,0.001144,0.89428,0.91292,0.92185,0.93562,0.95411,0.03738,0.00917,0.000649,0.0188,0.0315,0.03805,0.04402,0.05214,0.039126,0.00751,0.000531,0.02684,0.03308,0.03935,0.0438,0.0546,0.03738,0.00917,0.000649,0.0188,0.0315,0.03805,0.04402,0.05214,0.076506,0.01618,0.001144,0.04589,0.06437,0.07815,0.08708,0.10572
8.0,0.919747,0.01694,0.001198,0.88989,0.90808,0.9177,0.9316,0.9525,0.038748,0.00945,0.000668,0.01998,0.03258,0.03935,0.04538,0.05445,0.041504,0.008,0.000566,0.02747,0.0353,0.04175,0.04635,0.05771,0.038748,0.00945,0.000668,0.01998,0.03258,0.03935,0.04538,0.05445,0.080253,0.01694,0.001198,0.0475,0.0684,0.0823,0.09192,0.11011
8.25,0.916017,0.0177,0.001252,0.88537,0.9036,0.91365,0.9281,0.94961,0.040017,0.00977,0.000691,0.02058,0.03358,0.04045,0.0466,0.05584,0.043966,0.00849,0.0006,0.02829,0.03725,0.0445,0.04903,0.0614,0.040017,0.00977,0.000691,0.02058,0.03358,0.04045,0.0466,0.05584,0.083983,0.0177,0.001252,0.05039,0.0719,0.08635,0.0964,0.11463
8.5,0.912214,0.01845,0.001305,0.87968,0.89878,0.91015,0.92445,0.94724,0.04128,0.01005,0.000711,0.02185,0.0349,0.04125,0.0487,0.059,0.046506,0.00902,0.000638,0.02979,0.03905,0.0471,0.05182,0.0647,0.04128,0.01005,0.000711,0.02185,0.0349,0.04125,0.0487,0.059,0.087785,0.01845,0.001305,0.05276,0.07555,0.08985,0.10122,0.12032
8.75,0.908334,0.01919,0.001357,0.87476,0.89448,0.90655,0.92122,0.94446,0.042556,0.01023,0.000723,0.02345,0.036,0.0429,0.05038,0.0604,0.04911,0.00961,0.000679,0.0312,0.04115,0.05005,0.05455,0.0684,0.042556,0.01023,0.000723,0.02345,0.036,0.0429,0.05038,0.0604,0.091666,0.01919,0.001357,0.05554,0.07878,0.09345,0.10552,0.12524
9.0,0.90446,0.01983,0.001402,0.86909,0.89015,0.90315,0.9178,0.94227,0.043704,0.01031,0.000729,0.02417,0.03742,0.044,0.05145,0.06142,0.051836,0.01023,0.000723,0.03328,0.0439,0.0527,0.05772,0.072,0.043704,0.01031,0.000729,0.02417,0.03742,0.044,0.05145,0.06142,0.09554,0.01983,0.001402,0.05773,0.0822,0.09685,0.10985,0.13091
9.25,0.900505,0.02051,0.00145,0.86399,0.88465,0.8988,0.9137,0.93969,0.044902,0.01047,0.000741,0.02497,0.03858,0.04555,0.0523,0.0621,0.054594,0.0108,0.000763,0.03499,0.04638,0.0557,0.06125,0.07462,0.044902,0.01047,0.000741,0.02497,0.03858,0.04555,0.0523,0.0621,0.099496,0.02051,0.00145,0.06031,0.0863,0.1012,0.11535,0.13601
9.5,0.896522,0.02115,0.001495,0.85928,0.88038,0.8945,0.90965,0.93692,0.046046,0.01048,0.000741,0.0263,0.0399,0.04645,0.05405,0.06282,0.057432,0.01144,0.000809,0.03668,0.04868,0.05895,0.0647,0.07844,0.046046,0.01048,0.000741,0.0263,0.0399,0.04645,0.05405,0.06282,0.103478,0.02115,0.001495,0.06308,0.09035,0.1055,0.11963,0.14072
9.75,0.892555,0.02171,0.001535,0.85514,0.87525,0.8906,0.90652,0.934,0.047124,0.0105,0.000743,0.02719,0.04138,0.04675,0.0551,0.06402,0.060322,0.01197,0.000846,0.03846,0.05168,0.0619,0.06892,0.08154,0.047124,0.0105,0.000743,0.02719,0.04138,0.04675,0.0551,0.06402,0.107445,0.02171,0.001535,0.066,0.09347,0.1094,0.12475,0.14486
10.0,0.888502,0.0222,0.00157,0.84984,0.8708,0.88695,0.90295,0.931,0.048203,0.01047,0.00074,0.0285,0.04258,0.0483,0.0563,0.0647,0.063294,0.01253,0.000886,0.04017,0.05462,0.0644,0.07215,0.0864,0.048203,0.01047,0.00074,0.0285,0.04258,0.0483,0.0563,0.0647,0.111498,0.0222,0.00157,0.069,0.09705,0.11305,0.1292,0.15016
10.25,0.884465,0.0227,0.001605,0.84446,0.86563,0.8828,0.899,0.92936,0.049194,0.01048,0.000741,0.02899,0.04315,0.0493,0.05753,0.06661,0.066341,0.01309,0.000926,0.04139,0.05735,0.068,0.0756,0.08966,0.049194,0.01048,0.000741,0.02899,0.04315,0.0493,0.05753,0.06661,0.115535,0.0227,0.001605,0.07064,0.101,0.1172,0.13438,0.15554
10.5,0.880427,0.02313,0.001636,0.84055,0.8609,0.87955,0.89525,0.92648,0.050128,0.01043,0.000737,0.02989,0.04408,0.0503,0.05803,0.06712,0.069445,0.0136,0.000962,0.0431,0.05998,0.07105,0.0796,0.09346,0.050128,0.01043,0.000737,0.02989,0.04408,0.0503,0.05803,0.06712,0.119573,0.02313,0.001636,0.07353,0.10475,0.12045,0.1391,0.15945
10.75,0.876502,0.02353,0.001664,0.83598,0.85658,0.8753,0.89112,0.92365,0.050881,0.01022,0.000723,0.03068,0.04498,0.0507,0.059,0.06851,0.072616,0.01424,0.001007,0.0451,0.06308,0.0743,0.08348,0.09854,0.050881,0.01022,0.000723,0.03068,0.04498,0.0507,0.059,0.06851,0.123498,0.02353,0.001664,0.07635,0.10888,0.1247,0.14342,0.16402
11.0,0.872478,0.02391,0.001691,0.8312,0.8528,0.8714,0.88712,0.92081,0.051714,0.0101,0.000714,0.03129,0.0453,0.05165,0.05982,0.0699,0.075808,0.01476,0.001043,0.04719,0.06612,0.07765,0.08642,0.10273,0.051714,0.0101,0.000714,0.03129,0.0453,0.05165,0.05982,0.0699,0.127522,0.02391,0.001691,0.07919,0.11288,0.1286,0.1472,0.1688
11.25,0.868427,0.02438,0.001724,0.82688,0.84838,0.86775,0.88342,0.91792,0.052461,0.01002,0.000708,0.0316,0.0463,0.053,0.05938,0.07041,0.079112,0.01532,0.001083,0.04976,0.06855,0.08055,0.09015,0.10693,0.052461,0.01002,0.000708,0.0316,0.0463,0.053,0.05938,0.07041,0.131573,0.02438,0.001724,0.08208,0.11658,0.13225,0.15163,0.17312
11.5,0.864435,0.02476,0.001751,0.82258,0.8438,0.8634,0.87938,0.91325,0.053112,0.00992,0.000701,0.03289,0.04685,0.05335,0.05992,0.0711,0.082454,0.01585,0.00112,0.05195,0.07132,0.08395,0.09442,0.11065,0.053112,0.00992,0.000701,0.03289,0.04685,0.05335,0.05992,0.0711,0.135565,0.02476,0.001751,0.08675,0.12062,0.1366,0.1562,0.17742
11.75,0.860474,0.02503,0.00177,0.81897,0.8396,0.85915,0.87483,0.90878,0.053738,0.00981,0.000693,0.03428,0.04728,0.0543,0.0606,0.0721,0.085788,0.01631,0.001153,0.05376,0.07488,0.08695,0.09813,0.11465,0.053738,0.00981,0.000693,0.03428,0.04728,0.0543,0.0606,0.0721,0.139526,0.02503,0.00177,0.09122,0.12518,0.14085,0.1604,0.18103
12.0,0.856538,0.02531,0.001789,0.81499,0.83505,0.8554,0.87012,0.90555,0.054317,0.00971,0.000687,0.0353,0.04765,0.05505,0.0613,0.07274,0.089144,0.01681,0.001189,0.05634,0.07785,0.09015,0.10155,0.11963,0.054317,0.00971,0.000687,0.0353,0.04765,0.05505,0.0613,0.07274,0.143462,0.02531,0.001789,0.09445,0.12987,0.1446,0.16495,0.18501
12.25,0.852765,0.02561,0.001811,0.81198,0.83118,0.8518,0.86668,0.90167,0.054688,0.00955,0.000675,0.03648,0.04855,0.0557,0.06102,0.07295,0.092547,0.01733,0.001226,0.05816,0.0806,0.09375,0.10525,0.12412,0.054688,0.00955,0.000675,0.03648,0.04855,0.0557,0.06102,0.07295,0.147236,0.02561,0.001811,0.09833,0.13332,0.1482,0.16882,0.18802
12.5,0.848884,0.02585,0.001828,0.80797,0.8272,0.84785,0.86262,0.89877,0.055207,0.0094,0.000664,0.03698,0.0492,0.05625,0.06145,0.0742,0.095909,0.01775,0.001255,0.06115,0.08398,0.09705,0.10948,0.12772,0.055207,0.0094,0.000664,0.03698,0.0492,0.05625,0.06145,0.0742,0.151116,0.02585,0.001828,0.10123,0.13738,0.15215,0.1728,0.19203
12.75,0.845092,0.02606,0.001843,0.80279,0.8239,0.84355,0.85865,0.89587,0.055534,0.00924,0.000653,0.03718,0.04968,0.05635,0.0615,0.07311,0.099374,0.01818,0.001286,0.06348,0.08712,0.10035,0.1134,0.1324,0.055534,0.00924,0.000653,0.03718,0.04968,0.05635,0.0615,0.07311,0.154908,0.02606,0.001843,0.10413,0.14135,0.15645,0.1761,0.19721
13.0,0.841359,0.02615,0.001849,0.79907,0.82025,0.8394,0.85495,0.89266,0.055684,0.00897,0.000634,0.0379,0.05005,0.05685,0.06088,0.07322,0.102957,0.01862,0.001317,0.06649,0.09122,0.103,0.11732,0.13672,0.055684,0.00897,0.000634,0.0379,0.05005,0.05685,0.06088,0.07322,0.158641,0.02615,0.001849,0.10734,0.14505,0.1606,0.17975,0.20093
13.25,0.837712,0.02631,0.001861,0.79558,0.81668,0.8362,0.85222,0.88928,0.055883,0.00874,0.000618,0.03878,0.05062,0.0568,0.06132,0.07351,0.106406,0.01904,0.001346,0.06798,0.095,0.1069,0.12132,0.14041,0.055883,0.00874,0.000618,0.03878,0.05062,0.0568,0.06132,0.07351,0.162288,0.02631,0.001861,0.11072,0.14777,0.1638,0.18332,0.20442
13.5,0.834124,0.02642,0.001868,0.79159,0.813,0.83245,0.8483,0.88696,0.055899,0.00851,0.000601,0.03938,0.05027,0.056,0.06122,0.0728,0.109976,0.01946,0.001376,0.06969,0.098,0.11085,0.1255,0.14394,0.055899,0.00851,0.000601,0.03938,0.05027,0.056,0.06122,0.0728,0.165876,0.02642,0.001868,0.11304,0.1517,0.16755,0.187,0.20841
13.75,0.830638,0.02639,0.001866,0.78886,0.80942,0.8294,0.8445,0.88318,0.055817,0.00814,0.000575,0.03979,0.05027,0.0556,0.0608,0.07082,0.113544,0.0199,0.001407,0.07307,0.10148,0.1143,0.12912,0.14794,0.055817,0.00814,0.000575,0.03979,0.05027,0.0556,0.0608,0.07082,0.169361,0.02639,0.001866,0.11682,0.1555,0.1706,0.19058,0.21114
14.0,0.827171,0.02643,0.001869,0.78484,0.80618,0.8257,0.84148,0.87996,0.055778,0.00788,0.000557,0.04058,0.05077,0.05555,0.06063,0.07031,0.117051,0.02026,0.001432,0.07615,0.10488,0.11845,0.13373,0.15145,0.055778,0.00788,0.000557,0.04058,0.05077,0.05555,0.06063,0.07031,0.172829,0.02643,0.001869,0.12004,0.15852,0.1743,0.19382,0.21516
14.25,0.823775,0.02642,0.001868,0.78084,0.80282,0.8226,0.8389,0.87774,0.055721,0.0077,0.000545,0.04,0.05027,0.05625,0.06078,0.07021,0.120505,0.02058,0.001455,0.07894,0.10782,0.12175,0.13727,0.15542,0.055721,0.0077,0.000545,0.04,0.05027,0.05625,0.06078,0.07021,0.176225,0.02642,0.001868,0.12226,0.1611,0.1774,0.19718,0.21916
14.5,0.820416,0.02652,0.001875,0.77773,0.79975,0.81915,0.83595,0.87494,0.055582,0.00755,0.000534,0.04099,0.05018,0.0561,0.06032,0.0703,0.124001,0.02086,0.001475,0.08232,0.11158,0.12525,0.14107,0.1594,0.055582,0.00755,0.000534,0.04099,0.05018,0.0561,0.06032,0.0703,0.179584,0.02652,0.001875,0.12506,0.16405,0.18085,0.20025,0.22227
14.75,0.817134,0.02648,0.001872,0.77404,0.79672,0.81615,0.83258,0.8717,0.055396,0.00724,0.000512,0.04148,0.0502,0.05585,0.06013,0.06911,0.12747,0.02118,0.001498,0.08511,0.11527,0.1288,0.14483,0.1624,0.055396,0.00724,0.000512,0.04148,0.0502,0.05585,0.06013,0.06911,0.182866,0.02648,0.001872,0.1283,0.16742,0.18385,0.20328,0.22596
15.0,0.81388,0.02644,0.00187,0.77064,0.79365,0.8125,0.82965,0.86851,0.055202,0.00705,0.000498,0.041,0.05027,0.0555,0.0598,0.06734,0.130918,0.0215,0.00152,0.0885,0.11895,0.1319,0.1489,0.16612,0.055202,0.00705,0.000498,0.041,0.05027,0.0555,0.0598,0.06734,0.186121,0.02644,0.00187,0.1315,0.17035,0.1875,0.20635,0.22936
15.25,0.810716,0.02633,0.001862,0.76637,0.78985,0.80955,0.827,0.86492,0.054859,0.00668,0.000472,0.04239,0.04968,0.05525,0.05942,0.06731,0.134426,0.02181,0.001542,0.09082,0.12288,0.1354,0.152,0.16914,0.054859,0.00668,0.000472,0.04239,0.04968,0.05525,0.05942,0.06731,0.189285,0.02633,0.001862,0.13508,0.173,0.19045,0.21015,0.23363
15.5,0.807658,0.02622,0.001854,0.76308,0.787,0.8064,0.8235,0.86182,0.054489,0.00651,0.00046,0.0415,0.0494,0.0551,0.0592,0.0664,0.137853,0.02202,0.001557,0.09343,0.12628,0.13855,0.15635,0.17252,0.054489,0.00651,0.00046,0.0415,0.0494,0.0551,0.0592,0.0664,0.192342,0.02622,0.001854,0.13818,0.1765,0.1936,0.213,0.23692
15.75,0.804612,0.02613,0.001848,0.76,0.78435,0.80365,0.8204,0.85832,0.054168,0.0063,0.000446,0.0413,0.0494,0.05485,0.0589,0.06482,0.14122,0.02227,0.001575,0.09614,0.1295,0.14265,0.15985,0.17622,0.054168,0.0063,0.000446,0.0413,0.0494,0.05485,0.0589,0.06482,0.195388,0.02613,0.001848,0.14168,0.1796,0.19635,0.21565,0.24
16.0,0.801667,0.02608,0.001844,0.75768,0.7817,0.8002,0.8178,0.85572,0.053749,0.00619,0.000438,0.0417,0.04952,0.05445,0.0578,0.0657,0.144584,0.02246,0.001588,0.09855,0.1328,0.1457,0.16305,0.17972,0.053749,0.00619,0.000438,0.0417,0.04952,0.05445,0.0578,0.0657,0.198334,0.02608,0.001844,0.14429,0.1822,0.1998,0.2183,0.24231
16.25,0.798835,0.02599,0.001838,0.7544,0.77912,0.79745,0.81512,0.85281,0.053282,0.00589,0.000417,0.04189,0.0491,0.05405,0.05712,0.065,0.147884,0.0227,0.001605,0.10136,0.13575,0.14945,0.16608,0.18305,0.053282,0.00589,0.000417,0.04189,0.0491,0.05405,0.05712,0.065,0.201166,0.02599,0.001838,0.14719,0.18488,0.20255,0.22088,0.2456
16.5,0.796038,0.02592,0.001833,0.7517,0.7765,0.79485,0.81287,0.84962,0.052671,0.00572,0.000404,0.04198,0.0487,0.05305,0.05653,0.06431,0.151291,0.0229,0.001619,0.104,0.13868,0.15275,0.1691,0.18762,0.052671,0.00572,0.000404,0.04198,0.0487,0.05305,0.05653,0.06431,0.203962,0.02592,0.001833,0.15038,0.18712,0.20515,0.2235,0.2483
16.75,0.793382,0.02583,0.001827,0.74958,0.77388,0.7924,0.81038,0.84694,0.052034,0.00553,0.000391,0.0413,0.04807,0.0524,0.0561,0.06214,0.154584,0.02309,0.001633,0.10738,0.14118,0.15645,0.17222,0.19122,0.052034,0.00553,0.000391,0.0413,0.04807,0.0524,0.0561,0.06214,0.206618,0.02583,0.001827,0.15306,0.18962,0.2076,0.22613,0.25042
17.0,0.790756,0.02571,0.001818,0.74755,0.77168,0.78955,0.808,0.84496,0.051433,0.00547,0.000387,0.04138,0.0479,0.0515,0.0552,0.06171,0.157812,0.02316,0.001638,0.11017,0.1445,0.1597,0.17555,0.19542,0.051433,0.00547,0.000387,0.04138,0.0479,0.0515,0.0552,0.06171,0.209244,0.02571,0.001818,0.15504,0.192,0.21045,0.22832,0.25245
17.25,0.78824,0.0256,0.00181,0.74545,0.7697,0.787,0.8053,0.84217,0.050789,0.00531,0.000376,0.04048,0.04745,0.05085,0.05442,0.06061,0.16097,0.02334,0.00165,0.11238,0.148,0.163,0.17902,0.19851,0.050789,0.00531,0.000376,0.04048,0.04745,0.05085,0.05442,0.06061,0.211759,0.0256,0.00181,0.15783,0.1947,0.213,0.2303,0.25455
17.5,0.78577,0.02547,0.001801,0.74345,0.7671,0.78405,0.80218,0.84005,0.050127,0.00522,0.000369,0.0402,0.04668,0.05025,0.0538,0.05952,0.164104,0.0234,0.001655,0.11588,0.15058,0.16585,0.1824,0.2017,0.050127,0.00522,0.000369,0.0402,0.04668,0.05025,0.0538,0.05952,0.21423,0.02547,0.001801,0.15995,0.19783,0.21595,0.2329,0.25655
17.75,0.78328,0.02532,0.00179,0.74126,0.76445,0.78175,0.7993,0.83754,0.049506,0.00511,0.000362,0.0404,0.046,0.0495,0.05322,0.05871,0.167215,0.02349,0.001661,0.11897,0.15385,0.16885,0.18498,0.2044,0.049506,0.00511,0.000362,0.0404,0.046,0.0495,0.05322,0.05871,0.21672,0.02532,0.00179,0.16246,0.2007,0.21825,0.23555,0.25874
18.0,0.780912,0.02515,0.001778,0.73828,0.7624,0.7786,0.79665,0.83464,0.048776,0.00512,0.000362,0.03909,0.0454,0.04875,0.05242,0.0579,0.170312,0.02356,0.001666,0.12167,0.15635,0.17155,0.18862,0.2072,0.048776,0.00512,0.000362,0.03909,0.0454,0.04875,0.05242,0.0579,0.219088,0.02515,0.001778,0.16536,0.20335,0.2214,0.2376,0.26172
18.25,0.778584,0.02503,0.00177,0.73626,0.7603,0.7768,0.79403,0.83254,0.048096,0.00516,0.000365,0.03828,0.0445,0.048,0.0518,0.0577,0.173321,0.02363,0.001671,0.12408,0.15925,0.17435,0.19145,0.2103,0.048096,0.00516,0.000365,0.03828,0.0445,0.048,0.0518,0.0577,0.221417,0.02503,0.00177,0.16746,0.20598,0.2232,0.2397,0.26374
18.5,0.776377,0.02489,0.00176,0.73396,0.75755,0.7743,0.79202,0.82984,0.04728,0.00508,0.000359,0.03766,0.044,0.04715,0.0511,0.05662,0.176343,0.02368,0.001674,0.12727,0.1621,0.17735,0.19445,0.2137,0.04728,0.00508,0.000359,0.03766,0.044,0.04715,0.0511,0.05662,0.223623,0.02489,0.00176,0.17016,0.20798,0.2257,0.24245,0.26604
18.75,0.774208,0.02471,0.001747,0.73165,0.75555,0.7722,0.79005,0.82753,0.046593,0.00502,0.000355,0.03688,0.04338,0.0464,0.04992,0.0563,0.179198,0.02374,0.001679,0.12989,0.16498,0.18045,0.19755,0.21642,0.046593,0.00502,0.000355,0.03688,0.04338,0.0464,0.04992,0.0563,0.225792,0.02471,0.001747,0.17247,0.20995,0.2278,0.24445,0.26835
19.0,0.772117,0.02448,0.001731,0.73013,0.7539,0.77045,0.7875,0.82572,0.045846,0.00496,0.000351,0.03676,0.04268,0.0456,0.04945,0.05531,0.182037,0.02381,0.001684,0.1318,0.16758,0.1834,0.20085,0.21934,0.045846,0.00496,0.000351,0.03676,0.04268,0.0456,0.04945,0.05531,0.227882,0.02448,0.001731,0.17428,0.2125,0.22955,0.2461,0.26987
19.25,0.770076,0.02429,0.001718,0.72843,0.7521,0.76865,0.78495,0.82292,0.045039,0.00495,0.00035,0.03487,0.0419,0.0449,0.0487,0.0547,0.184885,0.0238,0.001683,0.13506,0.17005,0.18645,0.20368,0.22254,0.045039,0.00495,0.00035,0.03487,0.0419,0.0449,0.0487,0.0547,0.229924,0.02429,0.001718,0.17708,0.21505,0.23135,0.2479,0.27157
19.5,0.768052,0.02412,0.001705,0.72624,0.75018,0.76645,0.78332,0.81975,0.044207,0.00488,0.000345,0.03486,0.0411,0.04405,0.04762,0.0537,0.187741,0.02378,0.001681,0.13758,0.17285,0.1888,0.20628,0.22645,0.044207,0.00488,0.000345,0.03486,0.0411,0.04405,0.04762,0.0537,0.231948,0.02412,0.001705,0.18025,0.21668,0.23355,0.24982,0.27376
19.75,0.766164,0.02398,0.001696,0.72483,0.7484,0.76525,0.7815,0.81656,0.043334,0.00484,0.000342,0.03358,0.04038,0.04315,0.0468,0.0527,0.190502,0.02375,0.001679,0.14113,0.17512,0.1915,0.20862,0.22934,0.043334,0.00484,0.000342,0.03358,0.04038,0.04315,0.0468,0.0527,0.233837,0.02398,0.001696,0.18344,0.2185,0.23475,0.2516,0.27517
20.0,0.764265,0.02384,0.001685,0.72344,0.74688,0.76325,0.779,0.81387,0.042569,0.00481,0.00034,0.033,0.0395,0.04225,0.046,0.05171,0.193165,0.02371,0.001676,0.14343,0.17705,0.1945,0.21092,0.23223,0.042569,0.00481,0.00034,0.033,0.0395,0.04225,0.046,0.05171,0.235734,0.02384,0.001685,0.18613,0.221,0.23675,0.25312,0.27656
20.25,0.762469,0.02365,0.001672,0.72222,0.74572,0.7618,0.7773,0.81246,0.041756,0.00484,0.000343,0.03218,0.0388,0.0415,0.04512,0.05172,0.195775,0.02368,0.001674,0.14594,0.18005,0.19715,0.21325,0.2355,0.041756,0.00484,0.000343,0.03218,0.0388,0.0415,0.04512,0.05172,0.237531,0.02365,0.001672,0.18754,0.2227,0.2382,0.25427,0.27778
20.5,0.760788,0.0235,0.001662,0.72041,0.74417,0.75985,0.77592,0.81004,0.040866,0.00488,0.000345,0.03098,0.0378,0.0405,0.04402,0.0504,0.198346,0.02369,0.001675,0.14863,0.18258,0.1994,0.2153,0.23811,0.040866,0.00488,0.000345,0.03098,0.0378,0.0405,0.04402,0.0504,0.239212,0.0235,0.001662,0.18996,0.22408,0.24015,0.25583,0.27959
20.75,0.759111,0.0233,0.001648,0.7194,0.74288,0.75835,0.7741,0.8079,0.040016,0.00485,0.000343,0.03029,0.0368,0.03975,0.0431,0.04972,0.200873,0.0236,0.001669,0.15114,0.18542,0.20175,0.21812,0.24024,0.040016,0.00485,0.000343,0.03029,0.0368,0.03975,0.0431,0.04972,0.240889,0.0233,0.001648,0.1921,0.2259,0.24165,0.25712,0.2806
21.0,0.757483,0.02309,0.001633,0.71802,0.74158,0.7569,0.77215,0.80543,0.039144,0.00479,0.000339,0.029,0.0363,0.03875,0.04182,0.04861,0.203374,0.02355,0.001665,0.15335,0.18785,0.20435,0.22065,0.24371,0.039144,0.00479,0.000339,0.029,0.0363,0.03875,0.04182,0.04861,0.242518,0.02309,0.001633,0.19457,0.22785,0.2431,0.25842,0.28198
21.25,0.755914,0.02291,0.00162,0.71642,0.7401,0.7552,0.77025,0.80364,0.038296,0.00483,0.000342,0.0277,0.0352,0.0384,0.04122,0.0485,0.20579,0.02345,0.001658,0.15605,0.1899,0.2069,0.2227,0.24562,0.038296,0.00483,0.000342,0.0277,0.0352,0.0384,0.04122,0.0485,0.244086,0.02291,0.00162,0.19636,0.22975,0.2448,0.2599,0.28358
21.5,0.7544,0.02275,0.001609,0.71542,0.73848,0.7533,0.76855,0.80224,0.037476,0.00479,0.000338,0.02739,0.03405,0.0376,0.04002,0.04791,0.208124,0.02336,0.001652,0.15866,0.19272,0.2093,0.22522,0.24763,0.037476,0.00479,0.000338,0.02739,0.03405,0.0376,0.04002,0.04791,0.2456,0.02275,0.001609,0.19777,0.23145,0.2467,0.26152,0.28458
21.75,0.752931,0.02254,0.001594,0.71481,0.73688,0.7519,0.76672,0.79938,0.036657,0.00472,0.000334,0.02659,0.0337,0.0368,0.0394,0.04661,0.210411,0.02334,0.00165,0.16029,0.1946,0.21125,0.2273,0.24983,0.036657,0.00472,0.000334,0.02659,0.0337,0.0368,0.0394,0.04661,0.247069,0.02254,0.001594,0.20062,0.23328,0.2481,0.26312,0.28519
22.0,0.751478,0.02233,0.001579,0.7139,0.73552,0.75005,0.76515,0.79767,0.03588,0.00475,0.000336,0.02638,0.03315,0.0358,0.0385,0.04601,0.212642,0.02327,0.001646,0.16279,0.19735,0.21315,0.22982,0.25196,0.03588,0.00475,0.000336,0.02638,0.03315,0.0358,0.0385,0.04601,0.248522,0.02233,0.001579,0.20233,0.23485,0.24995,0.26448,0.2861
22.25,0.75013,0.02216,0.001567,0.71251,0.73443,0.74895,0.7636,0.79547,0.034996,0.00479,0.000339,0.0253,0.03217,0.0345,0.038,0.0452,0.214874,0.02326,0.001645,0.16499,0.19982,0.2154,0.23192,0.25357,0.034996,0.00479,0.000339,0.0253,0.03217,0.0345,0.038,0.0452,0.24987,0.02216,0.001567,0.20453,0.2364,0.25105,0.26558,0.28749
22.5,0.748771,0.02198,0.001554,0.71102,0.73355,0.7473,0.7622,0.7935,0.034186,0.00479,0.000339,0.02499,0.03098,0.03375,0.0371,0.0449,0.217042,0.02315,0.001637,0.16746,0.2025,0.2175,0.23365,0.25557,0.034186,0.00479,0.000339,0.02499,0.03098,0.03375,0.0371,0.0449,0.251229,0.02198,0.001554,0.2065,0.2378,0.2527,0.26645,0.28898
22.75,0.747473,0.02182,0.001543,0.70993,0.7322,0.74635,0.76105,0.79227,0.033378,0.00481,0.00034,0.02409,0.03038,0.03285,0.03642,0.0432,0.219149,0.02301,0.001627,0.17005,0.20518,0.22035,0.23525,0.25749,0.033378,0.00481,0.00034,0.02409,0.03038,0.03285,0.03642,0.0432,0.252527,0.02182,0.001543,0.20773,0.23895,0.25365,0.2678,0.29007
23.0,0.746243,0.0216,0.001527,0.70884,0.73127,0.74505,0.75998,0.78987,0.032499,0.00486,0.000344,0.02339,0.02948,0.03195,0.03532,0.04223,0.221259,0.02291,0.00162,0.17256,0.20768,0.2223,0.23752,0.25986,0.032499,0.00486,0.000344,0.02339,0.02948,0.03195,0.03532,0.04223,0.253757,0.0216,0.001527,0.21013,0.24002,0.25495,0.26872,0.29117
23.25,0.745034,0.02146,0.001518,0.70765,0.73028,0.74375,0.7593,0.78826,0.031674,0.00483,0.000342,0.0225,0.0286,0.03105,0.03455,0.04281,0.223292,0.02281,0.001613,0.17496,0.2095,0.22435,0.2399,0.26108,0.031674,0.00483,0.000342,0.0225,0.0286,0.03105,0.03455,0.04281,0.254966,0.02146,0.001518,0.21173,0.2407,0.25625,0.26972,0.29235
23.5,0.743853,0.0213,0.001506,0.70696,0.72928,0.74265,0.75792,0.78706,0.030933,0.00486,0.000344,0.0222,0.02768,0.0305,0.03362,0.04223,0.225213,0.02273,0.001607,0.17708,0.2111,0.2264,0.24175,0.26289,0.030933,0.00486,0.000344,0.0222,0.02768,0.0305,0.03362,0.04223,0.256147,0.0213,0.001506,0.21294,0.24208,0.25735,0.27072,0.29304
23.75,0.742707,0.02114,0.001495,0.70607,0.72843,0.7413,0.75655,0.78526,0.030132,0.00484,0.000342,0.0217,0.0269,0.0296,0.03283,0.04141,0.227162,0.02259,0.001597,0.1792,0.21322,0.2278,0.2432,0.26489,0.030132,0.00484,0.000342,0.0217,0.0269,0.0296,0.03283,0.04141,0.257293,0.02114,0.001495,0.21474,0.24345,0.2587,0.27158,0.29393
24.0,0.741623,0.021,0.001485,0.7047,0.72748,0.7403,0.75518,0.78452,0.029334,0.00478,0.000338,0.0213,0.0261,0.0289,0.0321,0.04033,0.229042,0.02247,0.001589,0.18178,0.21552,0.23,0.24502,0.26631,0.029334,0.00478,0.000338,0.0213,0.0261,0.0289,0.0321,0.04033,0.258376,0.021,0.001485,0.21548,0.24482,0.2597,0.27252,0.2953
24.25,0.740572,0.02087,0.001476,0.70409,0.72658,0.73915,0.754,0.78372,0.02856,0.00476,0.000337,0.02029,0.02528,0.0281,0.03142,0.03992,0.230867,0.02235,0.001581,0.18448,0.21788,0.23185,0.2468,0.26764,0.02856,0.00476,0.000337,0.02029,0.02528,0.0281,0.03142,0.03992,0.259427,0.02087,0.001476,0.21628,0.246,0.26085,0.27342,0.29591
24.5,0.739588,0.02073,0.001466,0.70338,0.72575,0.73825,0.75255,0.7826,0.027737,0.00473,0.000334,0.0193,0.0245,0.02725,0.0306,0.03942,0.232676,0.02227,0.001575,0.18695,0.21915,0.23405,0.24838,0.26942,0.027737,0.00473,0.000334,0.0193,0.0245,0.02725,0.0306,0.03942,0.260412,0.02073,0.001466,0.2174,0.24745,0.26175,0.27425,0.29662
24.75,0.738635,0.02063,0.001459,0.7019,0.72512,0.7372,0.75145,0.78101,0.026973,0.00469,0.000331,0.01889,0.0235,0.02635,0.0298,0.03803,0.234393,0.02218,0.001568,0.18867,0.22018,0.23575,0.2502,0.2717,0.026973,0.00469,0.000331,0.01889,0.0235,0.02635,0.0298,0.03803,0.261365,0.02063,0.001459,0.21899,0.24855,0.2628,0.27487,0.2981
25.0,0.737694,0.02049,0.001449,0.7014,0.72448,0.7365,0.75065,0.78002,0.026238,0.0047,0.000332,0.01859,0.02288,0.0254,0.0288,0.03762,0.236068,0.02209,0.001562,0.19029,0.22235,0.23785,0.25152,0.27358,0.026238,0.0047,0.000332,0.01859,0.02288,0.0254,0.0288,0.03762,0.262306,0.02049,0.001449,0.21998,0.24935,0.2635,0.27553,0.2986
25.25,0.736793,0.02039,0.001442,0.70109,0.72372,0.7356,0.7497,0.77864,0.025551,0.00468,0.000331,0.018,0.0221,0.0249,0.028,0.03714,0.237657,0.02202,0.001557,0.192,0.22358,0.23925,0.25302,0.27488,0.025551,0.00468,0.000331,0.018,0.0221,0.0249,0.028,0.03714,0.263208,0.02039,0.001442,0.22137,0.2503,0.2644,0.27628,0.29891
25.5,0.735902,0.02028,0.001434,0.70039,0.72248,0.735,0.74902,0.77734,0.024871,0.00467,0.00033,0.0172,0.0213,0.0243,0.02742,0.03602,0.239227,0.02188,0.001547,0.19438,0.22502,0.2409,0.254,0.27569,0.024871,0.00467,0.00033,0.0172,0.0213,0.0243,0.02742,0.03602,0.264097,0.02028,0.001434,0.22266,0.25098,0.265,0.27752,0.29961
25.75,0.735043,0.02019,0.001428,0.69986,0.72175,0.73415,0.74762,0.77593,0.024207,0.00456,0.000323,0.01679,0.02075,0.0237,0.02672,0.03551,0.24075,0.02173,0.001536,0.19668,0.22663,0.24275,0.25535,0.27717,0.024207,0.00456,0.000323,0.01679,0.02075,0.0237,0.02672,0.03551,0.264957,0.02019,0.001428,0.22407,0.25238,0.26585,0.27825,0.30014
26.0,0.734202,0.02005,0.001418,0.69887,0.721,0.73355,0.7468,0.77453,0.023522,0.00454,0.000321,0.01599,0.0201,0.0229,0.02613,0.03482,0.242276,0.02162,0.001529,0.19918,0.22798,0.2444,0.25727,0.27877,0.023522,0.00454,0.000321,0.01599,0.0201,0.0229,0.02613,0.03482,0.265798,0.02005,0.001418,0.22547,0.2532,0.26645,0.279,0.30113
26.25,0.73339,0.01998,0.001413,0.69837,0.72048,0.73275,0.7458,0.77362,0.02287,0.00448,0.000317,0.01588,0.0196,0.0224,0.02552,0.03451,0.24374,0.0215,0.001521,0.20117,0.2298,0.2454,0.259,0.28016,0.02287,0.00448,0.000317,0.01588,0.0196,0.0224,0.02552,0.03451,0.26661,0.01998,0.001413,0.22638,0.2542,0.26725,0.27953,0.30163
26.5,0.732643,0.01986,0.001404,0.69738,0.71955,0.73205,0.74502,0.77204,0.022234,0.00437,0.000309,0.0153,0.01917,0.02175,0.02485,0.03372,0.245123,0.02136,0.001511,0.20257,0.2313,0.2471,0.26052,0.28204,0.022234,0.00437,0.000309,0.0153,0.01917,0.02175,0.02485,0.03372,0.267356,0.01986,0.001404,0.22796,0.25498,0.26795,0.28045,0.30262
26.75,0.731895,0.01976,0.001397,0.69687,0.71875,0.7313,0.74452,0.77074,0.021601,0.00434,0.000307,0.0143,0.0186,0.02105,0.0241,0.03262,0.246504,0.02127,0.001504,0.20398,0.2327,0.2482,0.26165,0.28295,0.021601,0.00434,0.000307,0.0143,0.0186,0.02105,0.0241,0.03262,0.268105,0.01976,0.001397,0.22926,0.25548,0.2687,0.28125,0.30313
27.0,0.731152,0.01967,0.001391,0.69638,0.71778,0.73035,0.74365,0.76992,0.021059,0.0043,0.000304,0.01419,0.01818,0.02055,0.0235,0.03195,0.247789,0.02113,0.001494,0.20558,0.2341,0.2496,0.2626,0.28454,0.021059,0.0043,0.000304,0.01419,0.01818,0.02055,0.0235,0.03195,0.268848,0.01967,0.001391,0.23008,0.25635,0.26965,0.28222,0.30362
27.25,0.730461,0.01959,0.001385,0.69579,0.71725,0.72965,0.74302,0.7695,0.020458,0.00423,0.000299,0.0138,0.01758,0.0199,0.0229,0.03035,0.249081,0.02102,0.001486,0.20639,0.23555,0.2509,0.26358,0.28555,0.020458,0.00423,0.000299,0.0138,0.01758,0.0199,0.0229,0.03035,0.269539,0.01959,0.001385,0.2305,0.25698,0.27035,0.28275,0.30421
27.5,0.72977,0.01947,0.001377,0.69539,0.71685,0.729,0.7423,0.7688,0.019845,0.00409,0.000289,0.0135,0.0172,0.01935,0.02203,0.03002,0.250385,0.02085,0.001474,0.2079,0.23708,0.25195,0.26478,0.28624,0.019845,0.00409,0.000289,0.0135,0.0172,0.01935,0.02203,0.03002,0.27023,0.01947,0.001377,0.2312,0.2577,0.271,0.28315,0.30461
27.75,0.729118,0.01938,0.00137,0.69508,0.7161,0.72835,0.74202,0.7678,0.019245,0.004,0.000283,0.0129,0.0167,0.0187,0.0216,0.02953,0.251637,0.02074,0.001466,0.2098,0.2386,0.25335,0.26628,0.28792,0.019245,0.004,0.000283,0.0129,0.0167,0.0187,0.0216,0.02953,0.270882,0.01938,0.00137,0.2322,0.25798,0.27165,0.2839,0.30492
28.0,0.728502,0.01929,0.001364,0.69468,0.71535,0.72765,0.74145,0.7671,0.01871,0.00397,0.000281,0.0123,0.01617,0.01835,0.02092,0.02852,0.252788,0.02063,0.001459,0.2108,0.23958,0.25415,0.26735,0.28902,0.01871,0.00397,0.000281,0.0123,0.01617,0.01835,0.02092,0.02852,0.271498,0.01929,0.001364,0.2329,0.25855,0.27235,0.28465,0.30532
28.25,0.727891,0.01919,0.001357,0.69419,0.71445,0.72715,0.74098,0.7665,0.018165,0.00394,0.000279,0.012,0.0156,0.01775,0.0205,0.02774,0.253944,0.02053,0.001452,0.2118,0.24098,0.2548,0.26837,0.29021,0.018165,0.00394,0.000279,0.012,0.0156,0.01775,0.0205,0.02774,0.272109,0.01919,0.001357,0.2335,0.25902,0.27285,0.28555,0.30581
28.5,0.727318,0.01909,0.00135,0.69399,0.71375,0.7266,0.74035,0.766,0.01759,0.00388,0.000275,0.01139,0.0151,0.0169,0.02,0.02694,0.255092,0.02042,0.001444,0.21368,0.2419,0.2567,0.26875,0.291,0.01759,0.00388,0.000275,0.01139,0.0151,0.0169,0.02,0.02694,0.272682,0.01909,0.00135,0.234,0.25965,0.2734,0.28625,0.30601
28.75,0.726731,0.01897,0.001342,0.69379,0.71308,0.726,0.7398,0.76492,0.017108,0.00385,0.000272,0.011,0.0145,0.0164,0.01943,0.02574,0.256162,0.02032,0.001437,0.21479,0.24312,0.2578,0.27002,0.29173,0.017108,0.00385,0.000272,0.011,0.0145,0.0164,0.01943,0.02574,0.27327,0.01897,0.001342,0.23508,0.2602,0.274,0.28692,0.30621
29.0,0.726186,0.01887,0.001334,0.69358,0.7125,0.72565,0.73922,0.76423,0.016572,0.00379,0.000268,0.01089,0.014,0.01575,0.0189,0.02513,0.257241,0.02021,0.001429,0.21658,0.2445,0.2586,0.27092,0.29263,0.016572,0.00379,0.000268,0.01089,0.014,0.01575,0.0189,0.02513,0.273814,0.01887,0.001334,0.23577,0.26077,0.27435,0.2875,0.30642
29.25,0.725674,0.01879,0.001329,0.69337,0.71218,0.7252,0.73825,0.76354,0.016025,0.00373,0.000264,0.0103,0.01338,0.0153,0.0182,0.02402,0.258301,0.0201,0.001421,0.21749,0.24608,0.2599,0.2717,0.29343,0.016025,0.00373,0.000264,0.0103,0.01338,0.0153,0.0182,0.02402,0.274326,0.01879,0.001329,0.23646,0.26175,0.2748,0.28782,0.30663
29.5,0.725165,0.0187,0.001322,0.69297,0.71145,0.72475,0.73765,0.76266,0.015502,0.00366,0.000259,0.0098,0.01298,0.0148,0.0178,0.0237,0.259332,0.01995,0.00141,0.21869,0.24692,0.2611,0.27247,0.2947,0.015502,0.00366,0.000259,0.0098,0.01298,0.0148,0.0178,0.0237,0.274835,0.0187,0.001322,0.23734,0.26235,0.27525,0.28855,0.30702
29.75,0.7247,0.01866,0.001319,0.69248,0.71078,0.7245,0.73692,0.76215,0.01501,0.00361,0.000255,0.00939,0.0125,0.0144,0.0173,0.02321,0.26029,0.01983,0.001402,0.22027,0.24775,0.2619,0.27312,0.2956,0.01501,0.00361,0.000255,0.00939,0.0125,0.0144,0.0173,0.02321,0.2753,0.01866,0.001319,0.23785,0.26308,0.2755,0.28922,0.30752
30.0,0.724238,0.01858,0.001314,0.69208,0.71048,0.72425,0.73635,0.76175,0.014562,0.00353,0.00025,0.009,0.0122,0.01395,0.0167,0.02233,0.261199,0.01973,0.001395,0.22136,0.24875,0.26265,0.27368,0.2964,0.014562,0.00353,0.00025,0.009,0.0122,0.01395,0.0167,0.02233,0.275762,0.01858,0.001314,0.23825,0.26365,0.27575,0.28952,0.30792
30.25,0.723798,0.01854,0.001311,0.69188,0.7102,0.72375,0.7361,0.76134,0.014095,0.00348,0.000246,0.00859,0.0116,0.01355,0.01612,0.02161,0.262107,0.01963,0.001388,0.22239,0.24978,0.26335,0.27472,0.2971,0.014095,0.00348,0.000246,0.00859,0.0116,0.01355,0.01612,0.02161,0.276202,0.01854,0.001311,0.23866,0.2639,0.27625,0.2898,0.30812
30.5,0.723397,0.01846,0.001305,0.69168,0.7098,0.72325,0.73555,0.76074,0.013636,0.0034,0.000241,0.00839,0.0112,0.013,0.01572,0.02052,0.262967,0.01953,0.001381,0.2237,0.2513,0.2643,0.27555,0.2978,0.013636,0.0034,0.000241,0.00839,0.0112,0.013,0.01572,0.02052,0.276604,0.01846,0.001305,0.23926,0.26445,0.27675,0.2902,0.30832
30.75,0.722979,0.0184,0.001301,0.69129,0.7093,0.723,0.73492,0.76034,0.013217,0.00336,0.000238,0.00799,0.01088,0.0127,0.01522,0.02031,0.263804,0.01943,0.001374,0.2254,0.2522,0.26505,0.2765,0.29841,0.013217,0.00336,0.000238,0.00799,0.01088,0.0127,0.01522,0.02031,0.277021,0.0184,0.001301,0.23966,0.26508,0.277,0.2907,0.30871
31.0,0.722576,0.01835,0.001297,0.69099,0.7091,0.72255,0.73425,0.76014,0.012802,0.0033,0.000233,0.0078,0.0105,0.0123,0.0148,0.02011,0.264622,0.01934,0.001368,0.2271,0.25265,0.26565,0.27748,0.29861,0.012802,0.0033,0.000233,0.0078,0.0105,0.0123,0.0148,0.02011,0.277424,0.01835,0.001297,0.23987,0.26575,0.27745,0.2909,0.309
31.25,0.722214,0.01829,0.001293,0.69089,0.7088,0.72205,0.7339,0.75983,0.012342,0.00324,0.000229,0.00729,0.0099,0.012,0.0143,0.0196,0.265444,0.01928,0.001364,0.2284,0.2531,0.26655,0.27828,0.29913,0.012342,0.00324,0.000229,0.00729,0.0099,0.012,0.0143,0.0196,0.277787,0.01829,0.001293,0.24017,0.2661,0.27795,0.2912,0.30911
31.5,0.721844,0.01822,0.001289,0.69059,0.7084,0.7218,0.73362,0.75952,0.011976,0.00315,0.000223,0.007,0.0098,0.0114,0.01395,0.01862,0.26618,0.01919,0.001357,0.2293,0.25388,0.267,0.27912,0.30003,0.011976,0.00315,0.000223,0.007,0.0098,0.0114,0.01395,0.01862,0.278156,0.01822,0.001289,0.24048,0.26638,0.2782,0.2916,0.30941
31.75,0.721492,0.01819,0.001286,0.6901,0.70808,0.7214,0.73318,0.75911,0.011563,0.00306,0.000217,0.0069,0.0095,0.0111,0.0135,0.0181,0.266946,0.01912,0.001352,0.23,0.25468,0.2679,0.2798,0.30052,0.011563,0.00306,0.000217,0.0069,0.0095,0.0111,0.0135,0.0181,0.278508,0.01819,0.001286,0.24089,0.26683,0.2786,0.29192,0.3099
32.0,0.721158,0.01814,0.001283,0.69,0.70785,0.72105,0.7331,0.7589,0.011172,0.00301,0.000213,0.00679,0.0092,0.0107,0.0129,0.01761,0.267671,0.01903,0.001345,0.2308,0.2551,0.2684,0.28092,0.30083,0.011172,0.00301,0.000213,0.00679,0.0092,0.0107,0.0129,0.01761,0.278842,0.01814,0.001283,0.2411,0.2669,0.27895,0.29215,0.31001
32.25,0.72082,0.0181,0.00128,0.6896,0.70748,0.7209,0.73262,0.7584,0.010806,0.00295,0.000209,0.00639,0.0088,0.0104,0.01253,0.0173,0.268374,0.01894,0.001339,0.2317,0.25592,0.26895,0.28128,0.30161,0.010806,0.00295,0.000209,0.00639,0.0088,0.0104,0.01253,0.0173,0.27918,0.0181,0.00128,0.2416,0.26738,0.2791,0.29252,0.3104
32.5,0.7205,0.01804,0.001276,0.6895,0.70718,0.72055,0.7324,0.758,0.010476,0.00292,0.000206,0.006,0.0084,0.0102,0.01202,0.0168,0.269024,0.01891,0.001337,0.2325,0.25672,0.2694,0.28172,0.30211,0.010476,0.00292,0.000206,0.006,0.0084,0.0102,0.01202,0.0168,0.279501,0.01804,0.001276,0.242,0.2676,0.27945,0.29282,0.3105
32.75,0.720218,0.018,0.001273,0.68929,0.707,0.72035,0.73218,0.75731,0.010116,0.00287,0.000203,0.0057,0.00818,0.0098,0.01162,0.01631,0.269666,0.01885,0.001333,0.23319,0.25748,0.27005,0.2824,0.30261,0.010116,0.00287,0.000203,0.0057,0.00818,0.0098,0.01162,0.01631,0.279782,0.018,0.001273,0.24269,0.26783,0.27965,0.293,0.31071
33.0,0.71992,0.01796,0.00127,0.6887,0.70675,0.7198,0.73205,0.75662,0.009803,0.00283,0.0002,0.0056,0.0078,0.0095,0.0112,0.016,0.270277,0.01876,0.001327,0.23418,0.25788,0.2707,0.2829,0.30301,0.009803,0.00283,0.0002,0.0056,0.0078,0.0095,0.0112,0.016,0.28008,0.01796,0.00127,0.24338,0.26795,0.2802,0.29325,0.31131
33.25,0.719628,0.0179,0.001266,0.6887,0.70662,0.71965,0.73182,0.75613,0.009492,0.00275,0.000195,0.0054,0.0075,0.0092,0.011,0.0152,0.27088,0.01871,0.001323,0.23477,0.2586,0.27125,0.2838,0.3039,0.009492,0.00275,0.000195,0.0054,0.0075,0.0092,0.011,0.0152,0.280372,0.0179,0.001266,0.24387,0.26818,0.28035,0.29338,0.31131
33.5,0.719364,0.01786,0.001263,0.68849,0.7065,0.71955,0.7317,0.75572,0.009172,0.00268,0.00019,0.00519,0.0072,0.00895,0.0105,0.0146,0.271464,0.01866,0.00132,0.23527,0.25878,0.27155,0.28485,0.30421,0.009172,0.00268,0.00019,0.00519,0.0072,0.00895,0.0105,0.0146,0.280636,0.01786,0.001263,0.24428,0.2683,0.28045,0.2935,0.31151
33.75,0.719073,0.0178,0.001259,0.6882,0.70618,0.7192,0.73125,0.75513,0.008911,0.00263,0.000186,0.0049,0.00708,0.00875,0.0104,0.01411,0.272016,0.0186,0.001315,0.23548,0.2592,0.2719,0.28547,0.3049,0.008911,0.00263,0.000186,0.0049,0.00708,0.00875,0.0104,0.01411,0.280926,0.0178,0.001259,0.24487,0.26875,0.2808,0.29382,0.3118
34.0,0.718834,0.01778,0.001258,0.68799,0.70572,0.7189,0.73107,0.75493,0.008622,0.00254,0.00018,0.0046,0.00688,0.0083,0.01,0.0136,0.272544,0.01853,0.001311,0.23597,0.2595,0.2725,0.28628,0.3053,0.008622,0.00254,0.00018,0.0046,0.00688,0.0083,0.01,0.0136,0.281166,0.01778,0.001258,0.24507,0.26893,0.2811,0.29428,0.31201
34.25,0.718604,0.01776,0.001256,0.68779,0.70552,0.7188,0.73068,0.75483,0.008301,0.00248,0.000175,0.0046,0.0066,0.008,0.00962,0.01341,0.273095,0.01848,0.001307,0.23627,0.26018,0.27315,0.28695,0.3057,0.008301,0.00248,0.000175,0.0046,0.0066,0.008,0.00962,0.01341,0.281396,0.01776,0.001256,0.24518,0.26932,0.2812,0.29448,0.31221
34.5,0.718356,0.01773,0.001254,0.68749,0.70515,0.71855,0.7305,0.75483,0.008077,0.00246,0.000174,0.0044,0.0063,0.00775,0.00932,0.0135,0.273566,0.01843,0.001303,0.23658,0.26058,0.2735,0.28742,0.30582,0.008077,0.00246,0.000174,0.0044,0.0063,0.00775,0.00932,0.0135,0.281644,0.01773,0.001254,0.24518,0.2695,0.28145,0.29485,0.31251
34.75,0.718134,0.0177,0.001251,0.6871,0.70512,0.71835,0.73025,0.75433,0.007822,0.00245,0.000173,0.0043,0.00608,0.0074,0.00922,0.0133,0.274044,0.01841,0.001302,0.23707,0.2611,0.27375,0.28788,0.30622,0.007822,0.00245,0.000173,0.0043,0.00608,0.0074,0.00922,0.0133,0.281866,0.0177,0.001251,0.24567,0.26975,0.28165,0.29488,0.3129
35.0,0.717926,0.01766,0.001249,0.687,0.70505,0.71825,0.73002,0.75403,0.00756,0.00239,0.000169,0.0041,0.0058,0.00735,0.00882,0.01261,0.274514,0.01833,0.001296,0.23777,0.2617,0.2741,0.28815,0.30632,0.00756,0.00239,0.000169,0.0041,0.0058,0.00735,0.00882,0.01261,0.282074,0.01766,0.001249,0.24597,0.26998,0.28175,0.29495,0.313
35.25,0.717736,0.01763,0.001247,0.68689,0.70492,0.718,0.72988,0.75392,0.007282,0.00231,0.000163,0.004,0.0056,0.00685,0.0086,0.01251,0.274982,0.01827,0.001292,0.23855,0.26265,0.27485,0.2885,0.30663,0.007282,0.00231,0.000163,0.004,0.0056,0.00685,0.0086,0.01251,0.282264,0.01763,0.001247,0.24608,0.27012,0.282,0.29507,0.31311
35.5,0.717515,0.01759,0.001244,0.6867,0.70485,0.7179,0.72955,0.75363,0.007058,0.00226,0.00016,0.0038,0.0054,0.00665,0.00835,0.01182,0.275427,0.01822,0.001288,0.23905,0.26325,0.2752,0.2889,0.30722,0.007058,0.00226,0.00016,0.0038,0.0054,0.00665,0.00835,0.01182,0.282485,0.01759,0.001244,0.24637,0.27045,0.2821,0.29515,0.3133
35.75,0.71732,0.01755,0.001241,0.6864,0.70482,0.71775,0.72942,0.75334,0.006813,0.0022,0.000155,0.0037,0.0052,0.0064,0.0081,0.0118,0.275867,0.01817,0.001285,0.23955,0.2635,0.27595,0.28938,0.30742,0.006813,0.0022,0.000155,0.0037,0.0052,0.0064,0.0081,0.0118,0.28268,0.01755,0.001241,0.24667,0.27058,0.28225,0.29518,0.3136
36.0,0.717129,0.01753,0.00124,0.6863,0.7047,0.71755,0.72917,0.75294,0.006592,0.00215,0.000152,0.0033,0.005,0.0062,0.0079,0.01101,0.276279,0.01812,0.001282,0.24014,0.26377,0.27655,0.28957,0.30792,0.006592,0.00215,0.000152,0.0033,0.005,0.0062,0.0079,0.01101,0.282871,0.01753,0.00124,0.24706,0.27082,0.28245,0.2953,0.3137
36.25,0.716932,0.01748,0.001236,0.6863,0.7046,0.7174,0.72912,0.75244,0.006388,0.00213,0.00015,0.0032,0.0048,0.0061,0.0074,0.01091,0.27668,0.01809,0.001279,0.24044,0.26452,0.27705,0.2899,0.30811,0.006388,0.00213,0.00015,0.0032,0.0048,0.0061,0.0074,0.01091,0.283068,0.01748,0.001236,0.24756,0.27088,0.2826,0.2954,0.3137
36.5,0.716745,0.01745,0.001234,0.6862,0.70445,0.71735,0.72878,0.75214,0.006193,0.00209,0.000147,0.00309,0.0047,0.006,0.0073,0.01061,0.277063,0.01807,0.001278,0.24064,0.26493,0.2774,0.29032,0.30852,0.006193,0.00209,0.000147,0.00309,0.0047,0.006,0.0073,0.01061,0.283256,0.01745,0.001234,0.24786,0.27122,0.28265,0.29555,0.3138
36.75,0.71658,0.01743,0.001232,0.6862,0.70442,0.71725,0.72858,0.75214,0.005968,0.00207,0.000146,0.0029,0.00438,0.0058,0.007,0.01081,0.277452,0.01804,0.001276,0.24125,0.26538,0.27755,0.29055,0.30882,0.005968,0.00207,0.000146,0.0029,0.00438,0.0058,0.007,0.01081,0.28342,0.01743,0.001232,0.24787,0.27142,0.28275,0.29557,0.31381
37.0,0.716405,0.01739,0.00123,0.6861,0.70428,0.71705,0.72835,0.75184,0.005798,0.00207,0.000146,0.0028,0.0043,0.00565,0.00685,0.0104,0.277796,0.01804,0.001275,0.24136,0.2655,0.27785,0.29092,0.30911,0.005798,0.00207,0.000146,0.0028,0.0043,0.00565,0.00685,0.0104,0.283594,0.01739,0.00123,0.24816,0.27165,0.28295,0.29572,0.3139
37.25,0.716246,0.01736,0.001228,0.686,0.7041,0.71685,0.72805,0.75164,0.005602,0.00202,0.000143,0.0026,0.0041,0.0054,0.0067,0.00971,0.278153,0.01799,0.001272,0.24187,0.26585,0.27815,0.2913,0.30952,0.005602,0.00202,0.000143,0.0026,0.0041,0.0054,0.0067,0.00971,0.283754,0.01736,0.001228,0.24836,0.27195,0.28315,0.2959,0.314
37.5,0.716086,0.01734,0.001226,0.6859,0.70402,0.7167,0.7279,0.75115,0.005403,0.00197,0.000139,0.00259,0.00398,0.0051,0.00642,0.0096,0.278511,0.01794,0.001269,0.24246,0.2663,0.27845,0.29152,0.30952,0.005403,0.00197,0.000139,0.00259,0.00398,0.0051,0.00642,0.0096,0.283913,0.01734,0.001226,0.24885,0.2721,0.2833,0.29598,0.3141
37.75,0.715944,0.01733,0.001225,0.6858,0.70395,0.71645,0.72768,0.75086,0.005219,0.00192,0.000136,0.00239,0.0038,0.00495,0.0062,0.0096,0.278838,0.01791,0.001266,0.24268,0.26665,0.27865,0.29182,0.30962,0.005219,0.00192,0.000136,0.00239,0.0038,0.00495,0.0062,0.0096,0.284056,0.01733,0.001225,0.24914,0.27232,0.28355,0.29605,0.3142
38.0,0.715782,0.01729,0.001223,0.68579,0.70385,0.71625,0.72755,0.75066,0.005053,0.0019,0.000134,0.0022,0.00368,0.0049,0.006,0.0092,0.279165,0.01787,0.001264,0.24299,0.2669,0.2789,0.29232,0.30992,0.005053,0.0019,0.000134,0.0022,0.00368,0.0049,0.006,0.0092,0.284218,0.01729,0.001223,0.24934,0.27245,0.28375,0.29615,0.31421
38.25,0.715641,0.01727,0.001221,0.6855,0.70378,0.7162,0.72745,0.75046,0.004904,0.00185,0.000131,0.0021,0.0035,0.00475,0.0059,0.00881,0.279455,0.01781,0.001259,0.24368,0.26705,0.27925,0.2926,0.31002,0.004904,0.00185,0.000131,0.0021,0.0035,0.00475,0.0059,0.00881,0.284359,0.01727,0.001221,0.24954,0.27255,0.2838,0.29622,0.3145
38.5,0.715497,0.01724,0.001219,0.68539,0.70368,0.71565,0.72722,0.75025,0.004744,0.00182,0.000129,0.00229,0.0034,0.0045,0.00572,0.00851,0.279759,0.01779,0.001258,0.2441,0.2673,0.2795,0.2928,0.31032,0.004744,0.00182,0.000129,0.00229,0.0034,0.0045,0.00572,0.00851,0.284503,0.01724,0.001219,0.24975,0.27278,0.28435,0.29632,0.31461
38.75,0.715366,0.01723,0.001218,0.68539,0.70368,0.7155,0.72695,0.75015,0.004583,0.00179,0.000126,0.0021,0.0033,0.0044,0.0056,0.0085,0.280051,0.01775,0.001255,0.24459,0.2678,0.2798,0.29292,0.31062,0.004583,0.00179,0.000126,0.0021,0.0033,0.0044,0.0056,0.0085,0.284634,0.01723,0.001218,0.24985,0.27305,0.2845,0.29632,0.31461
39.0,0.715246,0.01722,0.001218,0.68538,0.7034,0.71535,0.72695,0.75006,0.004438,0.00173,0.000122,0.002,0.0031,0.00425,0.0054,0.0082,0.280316,0.01771,0.001253,0.24508,0.26802,0.28025,0.29315,0.31092,0.004438,0.00173,0.000122,0.002,0.0031,0.00425,0.0054,0.0082,0.284754,0.01722,0.001218,0.24994,0.27305,0.28465,0.2966,0.31461
39.25,0.715132,0.0172,0.001216,0.68538,0.7032,0.71515,0.7268,0.74986,0.00429,0.00169,0.00012,0.0018,0.003,0.0041,0.00522,0.00781,0.280578,0.01769,0.001251,0.24518,0.26808,0.28045,0.2936,0.31112,0.00429,0.00169,0.00012,0.0018,0.003,0.0041,0.00522,0.00781,0.284868,0.0172,0.001216,0.25014,0.2732,0.28485,0.2968,0.31462
39.5,0.715011,0.01717,0.001214,0.68538,0.70307,0.71505,0.72658,0.74937,0.004162,0.00167,0.000118,0.0017,0.0028,0.004,0.0051,0.0078,0.280827,0.01768,0.00125,0.24529,0.26828,0.2806,0.29375,0.31132,0.004162,0.00167,0.000118,0.0017,0.0028,0.004,0.0051,0.0078,0.28499,0.01717,0.001214,0.25063,0.27343,0.28495,0.29692,0.31462
39.75,0.714898,0.01714,0.001212,0.68538,0.70298,0.71495,0.72643,0.74916,0.004035,0.00168,0.000119,0.0018,0.0027,0.0038,0.005,0.00751,0.281066,0.01765,0.001248,0.24549,0.2685,0.2808,0.29382,0.31161,0.004035,0.00168,0.000119,0.0018,0.0027,0.0038,0.005,0.00751,0.285102,0.01714,0.001212,0.25084,0.27358,0.28505,0.29702,0.31462
40.0,0.714789,0.01713,0.001211,0.68528,0.70292,0.71475,0.72632,0.74896,0.003892,0.00163,0.000115,0.0016,0.00277,0.0036,0.0048,0.0074,0.281319,0.01762,0.001246,0.24608,0.2687,0.2811,0.29395,0.31192,0.003892,0.00163,0.000115,0.0016,0.00277,0.0036,0.0048,0.0074,0.285212,0.01713,0.001211,0.25104,0.27368,0.28525,0.29707,0.31472
40.25,0.714689,0.01711,0.00121,0.68528,0.70282,0.7147,0.72615,0.74866,0.003748,0.0016,0.000113,0.0015,0.0026,0.0035,0.00462,0.0071,0.281564,0.01759,0.001244,0.24618,0.26887,0.2813,0.29412,0.31202,0.003748,0.0016,0.000113,0.0015,0.0026,0.0035,0.00462,0.0071,0.285311,0.01711,0.00121,0.25134,0.27385,0.2853,0.29717,0.31472
40.5,0.714583,0.01709,0.001208,0.68528,0.70275,0.71455,0.72612,0.74856,0.003625,0.00155,0.000109,0.0014,0.0025,0.0034,0.0045,0.00661,0.281793,0.01756,0.001241,0.24648,0.269,0.28145,0.29422,0.31212,0.003625,0.00155,0.000109,0.0014,0.0025,0.0034,0.0045,0.00661,0.285418,0.01709,0.001208,0.25144,0.27387,0.28545,0.29725,0.31472
40.75,0.714478,0.01706,0.001206,0.68518,0.70268,0.7144,0.7258,0.74836,0.003524,0.00154,0.000109,0.0013,0.0024,0.0032,0.0044,0.00671,0.281999,0.01755,0.001241,0.24696,0.26948,0.2817,0.29442,0.31242,0.003524,0.00154,0.000109,0.0013,0.0024,0.0032,0.0044,0.00671,0.285522,0.01706,0.001206,0.25164,0.2742,0.2856,0.29732,0.31482
41.0,0.714377,0.01703,0.001204,0.68518,0.70245,0.71425,0.72562,0.74835,0.003398,0.00151,0.000107,0.0013,0.0023,0.0031,0.0042,0.00681,0.282225,0.01753,0.001239,0.24736,0.26968,0.28195,0.2946,0.31252,0.003398,0.00151,0.000107,0.0013,0.0023,0.0031,0.0042,0.00681,0.285623,0.01703,0.001204,0.25165,0.27437,0.28575,0.29755,0.31482
41.25,0.714279,0.017,0.001202,0.68508,0.70235,0.7142,0.7254,0.74814,0.00328,0.00145,0.000103,0.0012,0.0022,0.003,0.0041,0.00641,0.282442,0.01749,0.001236,0.24776,0.2699,0.2821,0.29472,0.31291,0.00328,0.00145,0.000103,0.0012,0.0022,0.003,0.0041,0.00641,0.285721,0.017,0.001202,0.25186,0.2746,0.2858,0.29765,0.31492
41.5,0.714192,0.01698,0.001201,0.68498,0.70225,0.7141,0.7253,0.74795,0.003176,0.00142,0.0001,0.0013,0.00217,0.0029,0.0039,0.0063,0.282632,0.01745,0.001234,0.24806,0.2701,0.2824,0.2948,0.313,0.003176,0.00142,0.0001,0.0013,0.00217,0.0029,0.0039,0.0063,0.285808,0.01698,0.001201,0.25205,0.2747,0.2859,0.29775,0.31502
41.75,0.714098,0.01696,0.001199,0.68498,0.70225,0.71405,0.72522,0.74783,0.003067,0.0014,9.9e-5,0.00119,0.002,0.0028,0.00382,0.00601,0.282836,0.01742,0.001232,0.24816,0.27043,0.2825,0.2949,0.3132,0.003067,0.0014,9.9e-5,0.00119,0.002,0.0028,0.00382,0.00601,0.285902,0.01696,0.001199,0.25217,0.27478,0.28595,0.29775,0.31502
42.0,0.714014,0.01694,0.001198,0.68488,0.70208,0.71395,0.72522,0.74781,0.002956,0.00137,9.7e-5,0.001,0.0019,0.0027,0.0037,0.00591,0.283029,0.01739,0.001229,0.24846,0.27068,0.28285,0.29512,0.3133,0.002956,0.00137,9.7e-5,0.001,0.0019,0.0027,0.0037,0.00591,0.285986,0.01694,0.001198,0.25219,0.27478,0.28605,0.29792,0.31511
42.25,0.713939,0.01692,0.001196,0.68479,0.70205,0.7139,0.72515,0.74752,0.002856,0.00134,9.5e-5,0.0009,0.0018,0.00265,0.00362,0.00582,0.283204,0.01737,0.001228,0.24856,0.27082,0.2831,0.29542,0.3134,0.002856,0.00134,9.5e-5,0.0009,0.0018,0.00265,0.00362,0.00582,0.286061,0.01692,0.001196,0.25248,0.27485,0.2861,0.29795,0.31521
42.5,0.713869,0.01689,0.001194,0.68469,0.70202,0.71375,0.72515,0.74751,0.002752,0.00132,9.4e-5,0.0008,0.0018,0.0026,0.00342,0.0059,0.28338,0.01733,0.001225,0.24896,0.27098,0.2834,0.29542,0.3135,0.002752,0.00132,9.4e-5,0.0008,0.0018,0.0026,0.00342,0.0059,0.286131,0.01689,0.001194,0.25249,0.27485,0.28625,0.29798,0.31531
42.75,0.713797,0.01688,0.001194,0.68469,0.70188,0.7136,0.72507,0.7474,0.002645,0.00129,9.1e-5,0.0008,0.0017,0.00245,0.0033,0.00561,0.283558,0.01729,0.001222,0.24916,0.27128,0.2835,0.29542,0.3136,0.002645,0.00129,9.1e-5,0.0008,0.0017,0.00245,0.0033,0.00561,0.286203,0.01688,0.001194,0.2526,0.27493,0.2864,0.29812,0.31531
43.0,0.713734,0.01686,0.001192,0.68468,0.70185,0.71345,0.72507,0.7471,0.002533,0.00125,8.9e-5,0.0008,0.0016,0.0023,0.0031,0.00541,0.283732,0.01726,0.001221,0.24945,0.27158,0.28365,0.2955,0.3138,0.002533,0.00125,8.9e-5,0.0008,0.0016,0.0023,0.0031,0.00541,0.286266,0.01686,0.001192,0.2529,0.27493,0.28655,0.29815,0.31532
43.25,0.713675,0.01684,0.001191,0.68468,0.70162,0.71345,0.725,0.74681,0.002436,0.00122,8.6e-5,0.0008,0.0016,0.0022,0.003,0.0055,0.28389,0.01722,0.001218,0.24994,0.2717,0.2838,0.2957,0.31381,0.002436,0.00122,8.6e-5,0.0008,0.0016,0.0022,0.003,0.0055,0.286325,0.01684,0.001191,0.25319,0.275,0.28655,0.29837,0.31532
43.5,0.713604,0.01683,0.00119,0.68448,0.70162,0.7134,0.72495,0.74642,0.002362,0.00119,8.4e-5,0.0007,0.0015,0.0022,0.0029,0.0053,0.284034,0.01718,0.001215,0.25014,0.27195,0.2839,0.29592,0.31381,0.002362,0.00119,8.4e-5,0.0007,0.0015,0.0022,0.0029,0.0053,0.286396,0.01683,0.00119,0.25358,0.27505,0.2866,0.29837,0.31552
43.75,0.713544,0.01682,0.001189,0.68438,0.70152,0.71335,0.72465,0.74603,0.002258,0.00115,8.1e-5,0.0007,0.00148,0.0021,0.0028,0.005,0.284198,0.01716,0.001214,0.25024,0.27215,0.28415,0.29612,0.31392,0.002258,0.00115,8.1e-5,0.0007,0.00148,0.0021,0.0028,0.005,0.286456,0.01682,0.001189,0.25397,0.27535,0.28665,0.29848,0.31561
44.0,0.713479,0.01681,0.001188,0.68438,0.70152,0.7133,0.7246,0.74602,0.002181,0.0011,7.8e-5,0.0006,0.0014,0.002,0.0027,0.00491,0.28434,0.01713,0.001211,0.25053,0.27237,0.2842,0.29615,0.31392,0.002181,0.0011,7.8e-5,0.0006,0.0014,0.002,0.0027,0.00491,0.286521,0.01681,0.001188,0.25398,0.2754,0.2867,0.29848,0.31561
44.25,0.713428,0.0168,0.001188,0.68438,0.7015,0.71325,0.72458,0.74602,0.002109,0.00109,7.7e-5,0.0005,0.0013,0.002,0.0026,0.0047,0.284464,0.01712,0.00121,0.25073,0.27245,0.2842,0.29642,0.31392,0.002109,0.00109,7.7e-5,0.0005,0.0013,0.002,0.0026,0.0047,0.286572,0.0168,0.001188,0.25398,0.27543,0.28675,0.2985,0.31561
44.5,0.713377,0.01679,0.001187,0.68438,0.70143,0.71315,0.72455,0.74583,0.002028,0.00105,7.4e-5,0.0005,0.0013,0.0018,0.00262,0.0046,0.284595,0.01711,0.00121,0.25074,0.27265,0.2843,0.29655,0.31392,0.002028,0.00105,7.4e-5,0.0005,0.0013,0.0018,0.00262,0.0046,0.286624,0.01679,0.001187,0.25417,0.27545,0.28685,0.29858,0.31561
44.75,0.713324,0.01679,0.001187,0.68429,0.7014,0.71315,0.72455,0.74583,0.00195,0.00103,7.3e-5,0.0005,0.0012,0.0018,0.0026,0.0044,0.284725,0.01708,0.001208,0.25103,0.27293,0.2845,0.29657,0.31402,0.00195,0.00103,7.3e-5,0.0005,0.0012,0.0018,0.0026,0.0044,0.286676,0.01679,0.001187,0.25417,0.27545,0.28685,0.2986,0.31571
45.0,0.713281,0.01677,0.001186,0.68429,0.70132,0.71305,0.7245,0.74573,0.001875,0.00101,7.1e-5,0.0005,0.00118,0.0017,0.0025,0.0041,0.284844,0.01706,0.001206,0.25115,0.27318,0.2846,0.29672,0.31413,0.001875,0.00101,7.1e-5,0.0005,0.00118,0.0017,0.0025,0.0041,0.28672,0.01677,0.001186,0.25427,0.2755,0.28695,0.29868,0.31571
45.25,0.713234,0.01677,0.001185,0.68429,0.70122,0.7129,0.72435,0.74573,0.001807,0.00096,6.8e-5,0.0004,0.0011,0.0017,0.0024,0.004,0.284959,0.01704,0.001205,0.25126,0.27325,0.2847,0.29688,0.31423,0.001807,0.00096,6.8e-5,0.0004,0.0011,0.0017,0.0024,0.004,0.286766,0.01677,0.001185,0.25427,0.27565,0.2871,0.29878,0.31571
45.5,0.713187,0.01676,0.001185,0.68428,0.70122,0.7129,0.72435,0.74573,0.00175,0.00093,6.6e-5,0.0004,0.0011,0.0016,0.0023,0.0039,0.285063,0.01703,0.001204,0.25126,0.27325,0.28485,0.29698,0.31433,0.00175,0.00093,6.6e-5,0.0004,0.0011,0.0016,0.0023,0.0039,0.286813,0.01676,0.001185,0.25428,0.27565,0.2871,0.29878,0.31571
45.75,0.713142,0.01675,0.001184,0.68428,0.70122,0.7128,0.72435,0.74573,0.001698,0.00092,6.5e-5,0.0003,0.0011,0.0015,0.00222,0.0038,0.28516,0.01701,0.001203,0.25137,0.27348,0.2851,0.29712,0.31433,0.001698,0.00092,6.5e-5,0.0003,0.0011,0.0015,0.00222,0.0038,0.286858,0.01675,0.001184,0.25428,0.27565,0.2872,0.29878,0.31571
46.0,0.7131,0.01674,0.001184,0.68428,0.70122,0.71265,0.72435,0.74563,0.00164,0.0009,6.3e-5,0.0003,0.001,0.0015,0.0022,0.0037,0.285261,0.017,0.001202,0.25147,0.27368,0.28515,0.29715,0.31452,0.00164,0.0009,6.3e-5,0.0003,0.001,0.0015,0.0022,0.0037,0.2869,0.01674,0.001184,0.25438,0.27565,0.28735,0.29878,0.31571
46.25,0.713061,0.01674,0.001183,0.68419,0.70122,0.71255,0.72428,0.74542,0.001587,0.00089,6.3e-5,0.0003,0.001,0.0015,0.0021,0.0036,0.285352,0.01699,0.001201,0.25167,0.27378,0.2852,0.2973,0.31462,0.001587,0.00089,6.3e-5,0.0003,0.001,0.0015,0.0021,0.0036,0.28694,0.01674,0.001183,0.25458,0.27572,0.28745,0.29878,0.31581
46.5,0.713019,0.01671,0.001182,0.68419,0.70108,0.71255,0.72428,0.74522,0.001531,0.00086,6.1e-5,0.0003,0.0009,0.0014,0.002,0.0035,0.285451,0.01697,0.0012,0.25168,0.27408,0.28525,0.2974,0.31472,0.001531,0.00086,6.1e-5,0.0003,0.0009,0.0014,0.002,0.0035,0.286982,0.01671,0.001182,0.25478,0.27572,0.28745,0.29892,0.31581
46.75,0.712977,0.0167,0.001181,0.68409,0.70108,0.71255,0.7242,0.74522,0.001468,0.00083,5.9e-5,0.0002,0.0009,0.00135,0.0019,0.0033,0.285555,0.01694,0.001198,0.25179,0.2742,0.2854,0.29742,0.31472,0.001468,0.00083,5.9e-5,0.0002,0.0009,0.00135,0.0019,0.0033,0.287023,0.0167,0.001181,0.25479,0.2758,0.28745,0.29892,0.31591
47.0,0.712938,0.01669,0.00118,0.68409,0.70108,0.71255,0.7242,0.74502,0.001422,0.00084,6.0e-5,0.0002,0.0008,0.0013,0.0019,0.0033,0.28564,0.01693,0.001197,0.25189,0.27435,0.28555,0.29748,0.31482,0.001422,0.00084,6.0e-5,0.0002,0.0008,0.0013,0.0019,0.0033,0.287061,0.01669,0.00118,0.25498,0.2758,0.28745,0.29892,0.31591
47.25,0.712903,0.01668,0.00118,0.68409,0.701,0.71255,0.7242,0.74482,0.001363,0.00081,5.8e-5,0.0002,0.0008,0.0012,0.00182,0.0032,0.285734,0.01692,0.001197,0.25199,0.2745,0.2857,0.29757,0.31492,0.001363,0.00081,5.8e-5,0.0002,0.0008,0.0012,0.00182,0.0032,0.287097,0.01668,0.00118,0.25518,0.2758,0.28745,0.299,0.31591
47.5,0.71287,0.01667,0.001179,0.68399,0.701,0.71255,0.7242,0.74443,0.001314,0.0008,5.7e-5,0.0001,0.0007,0.0012,0.0018,0.0032,0.285816,0.01692,0.001196,0.252,0.2745,0.28595,0.2977,0.31501,0.001314,0.0008,5.7e-5,0.0001,0.0007,0.0012,0.0018,0.0032,0.28713,0.01667,0.001179,0.25557,0.2758,0.28745,0.299,0.31601
47.75,0.712841,0.01667,0.001179,0.6839,0.70092,0.7125,0.7242,0.74442,0.001252,0.00078,5.5e-5,0.0001,0.0007,0.0011,0.0017,0.003,0.285907,0.01689,0.001194,0.2523,0.27468,0.28605,0.29775,0.31502,0.001252,0.00078,5.5e-5,0.0001,0.0007,0.0011,0.0017,0.003,0.287159,0.01667,0.001179,0.25558,0.2758,0.2875,0.29907,0.3161
48.0,0.71281,0.01666,0.001178,0.6839,0.70092,0.7125,0.7242,0.74442,0.001211,0.00076,5.4e-5,0.0001,0.0007,0.0011,0.0017,0.0028,0.28598,0.01687,0.001193,0.2526,0.27468,0.28615,0.29782,0.31502,0.001211,0.00076,5.4e-5,0.0001,0.0007,0.0011,0.0017,0.0028,0.28719,0.01666,0.001178,0.25558,0.2758,0.2875,0.29907,0.3161
48.25,0.712776,0.01665,0.001177,0.6839,0.70092,0.7125,0.72412,0.74413,0.001169,0.00074,5.2e-5,0.0001,0.0006,0.0011,0.0016,0.0028,0.286055,0.01686,0.001192,0.2527,0.2747,0.28625,0.29805,0.31511,0.001169,0.00074,5.2e-5,0.0001,0.0006,0.0011,0.0016,0.0028,0.287224,0.01665,0.001177,0.25587,0.27588,0.2875,0.29907,0.3161
48.5,0.712742,0.01664,0.001177,0.6839,0.70085,0.7125,0.72412,0.74402,0.001138,0.00073,5.2e-5,0.0001,0.0006,0.0011,0.0015,0.00281,0.28612,0.01685,0.001191,0.25299,0.27487,0.28625,0.29822,0.31512,0.001138,0.00073,5.2e-5,0.0001,0.0006,0.0011,0.0015,0.00281,0.287258,0.01664,0.001177,0.25598,0.27588,0.2875,0.29915,0.3161
48.75,0.712712,0.01664,0.001177,0.6838,0.7007,0.71245,0.72412,0.74393,0.001098,0.00071,5.0e-5,0.0,0.0006,0.001,0.0015,0.00271,0.28619,0.01683,0.00119,0.2531,0.27498,0.28635,0.29825,0.31512,0.001098,0.00071,5.0e-5,0.0,0.0006,0.001,0.0015,0.00271,0.287288,0.01664,0.001177,0.25607,0.27588,0.28755,0.2993,0.3162
49.0,0.712679,0.01664,0.001177,0.6838,0.70062,0.71245,0.72407,0.74393,0.001059,0.0007,5.0e-5,0.0,0.0006,0.0009,0.0014,0.0028,0.286262,0.01683,0.00119,0.25329,0.275,0.2864,0.29827,0.31512,0.001059,0.0007,5.0e-5,0.0,0.0006,0.0009,0.0014,0.0028,0.287321,0.01664,0.001177,0.25607,0.27593,0.28755,0.29938,0.3162
49.25,0.712656,0.01664,0.001177,0.6838,0.70062,0.71245,0.72405,0.74373,0.001023,0.00068,4.8e-5,0.0,0.0005,0.0009,0.0014,0.0026,0.286322,0.01682,0.001189,0.25358,0.27508,0.2865,0.29827,0.31522,0.001023,0.00068,4.8e-5,0.0,0.0005,0.0009,0.0014,0.0026,0.287344,0.01664,0.001177,0.25627,0.27595,0.28755,0.29938,0.3162
49.5,0.71263,0.01664,0.001176,0.6837,0.7005,0.71245,0.72405,0.74373,0.000982,0.00067,4.7e-5,0.0,0.0005,0.0009,0.0013,0.0027,0.286388,0.01681,0.001188,0.25378,0.27508,0.28655,0.29835,0.31541,0.000982,0.00067,4.7e-5,0.0,0.0005,0.0009,0.0013,0.0027,0.28737,0.01664,0.001176,0.25627,0.27595,0.28755,0.2995,0.3163
49.75,0.712596,0.01663,0.001176,0.68369,0.7005,0.71245,0.72405,0.74363,0.000955,0.00067,4.7e-5,0.0,0.0004,0.0009,0.00132,0.0027,0.286449,0.0168,0.001188,0.25398,0.27518,0.2866,0.29838,0.31551,0.000955,0.00067,4.7e-5,0.0,0.0004,0.0009,0.00132,0.0027,0.287404,0.01663,0.001176,0.25637,0.27595,0.28755,0.2995,0.31631
50.0,0.712575,0.01663,0.001176,0.68369,0.70043,0.71245,0.72405,0.74363,0.000916,0.00064,4.5e-5,0.0,0.0004,0.0008,0.0013,0.0025,0.28651,0.01679,0.001187,0.25408,0.27518,0.2866,0.29848,0.31561,0.000916,0.00064,4.5e-5,0.0,0.0004,0.0008,0.0013,0.0025,0.287425,0.01663,0.001176,0.25637,0.27595,0.28755,0.29957,0.31631
50.25,0.712551,0.01663,0.001176,0.68369,0.70032,0.71245,0.724,0.74363,0.000882,0.00063,4.5e-5,0.0,0.0004,0.0008,0.0012,0.0025,0.286568,0.01678,0.001187,0.25428,0.27518,0.28675,0.2985,0.31571,0.000882,0.00063,4.5e-5,0.0,0.0004,0.0008,0.0012,0.0025,0.287449,0.01663,0.001176,0.25637,0.276,0.28755,0.29967,0.31631
50.5,0.712532,0.01663,0.001176,0.68369,0.70032,0.7124,0.72392,0.74353,0.00086,0.00063,4.5e-5,0.0,0.0004,0.0008,0.0012,0.0024,0.286608,0.01677,0.001186,0.25428,0.27518,0.28675,0.29857,0.3158,0.00086,0.00063,4.5e-5,0.0,0.0004,0.0008,0.0012,0.0024,0.287468,0.01663,0.001176,0.25647,0.27608,0.2876,0.29967,0.31631
50.75,0.712508,0.01662,0.001175,0.68368,0.70032,0.7124,0.72385,0.74353,0.000831,0.00062,4.4e-5,0.0,0.0004,0.0007,0.0011,0.0023,0.286661,0.01676,0.001185,0.25429,0.27518,0.28675,0.29868,0.3159,0.000831,0.00062,4.4e-5,0.0,0.0004,0.0007,0.0011,0.0023,0.287492,0.01662,0.001175,0.25647,0.27615,0.2876,0.29967,0.31632
51.0,0.712489,0.01662,0.001175,0.68368,0.70032,0.7124,0.72385,0.74353,0.000797,0.0006,4.2e-5,0.0,0.0004,0.0007,0.0011,0.0022,0.286714,0.01676,0.001185,0.25439,0.2752,0.28685,0.29868,0.3159,0.000797,0.0006,4.2e-5,0.0,0.0004,0.0007,0.0011,0.0022,0.287511,0.01662,0.001175,0.25648,0.27615,0.2876,0.29967,0.31632
51.25,0.71247,0.01661,0.001175,0.68368,0.70025,0.7124,0.72382,0.74352,0.000766,0.00057,4.1e-5,0.0,0.0003,0.0006,0.0011,0.0021,0.286764,0.01675,0.001185,0.25458,0.2752,0.28685,0.29878,0.3159,0.000766,0.00057,4.1e-5,0.0,0.0003,0.0006,0.0011,0.0021,0.28753,0.01661,0.001175,0.25648,0.27618,0.2876,0.29975,0.31632
51.5,0.712451,0.01661,0.001175,0.68368,0.70025,0.7124,0.7238,0.74332,0.000738,0.00057,4.0e-5,0.0,0.0003,0.0006,0.001,0.00201,0.286811,0.01674,0.001184,0.25468,0.2752,0.2869,0.29878,0.3159,0.000738,0.00057,4.0e-5,0.0,0.0003,0.0006,0.001,0.00201,0.287549,0.01661,0.001175,0.25668,0.2762,0.2876,0.29975,0.31632
51.75,0.712426,0.0166,0.001174,0.68368,0.70025,0.7123,0.7238,0.74332,0.00071,0.00055,3.9e-5,0.0,0.0003,0.0006,0.001,0.002,0.286864,0.01673,0.001183,0.25468,0.2752,0.287,0.29878,0.316,0.00071,0.00055,3.9e-5,0.0,0.0003,0.0006,0.001,0.002,0.287574,0.0166,0.001174,0.25668,0.2762,0.2877,0.29975,0.31632
52.0,0.712407,0.0166,0.001174,0.68368,0.70025,0.7123,0.7238,0.74332,0.000684,0.00055,3.9e-5,0.0,0.0003,0.00055,0.001,0.002,0.286909,0.01673,0.001183,0.25478,0.27537,0.2871,0.29892,0.316,0.000684,0.00055,3.9e-5,0.0,0.0003,0.00055,0.001,0.002,0.287593,0.0166,0.001174,0.25668,0.2762,0.2877,0.29975,0.31632
52.25,0.71239,0.0166,0.001174,0.68368,0.70025,0.7123,0.7238,0.74322,0.000661,0.00053,3.8e-5,0.0,0.0003,0.0005,0.001,0.0019,0.286948,0.01672,0.001182,0.25508,0.27548,0.2871,0.29898,0.316,0.000661,0.00053,3.8e-5,0.0,0.0003,0.0005,0.001,0.0019,0.28761,0.0166,0.001174,0.25678,0.2762,0.2877,0.29975,0.31632
52.5,0.712371,0.0166,0.001174,0.68368,0.70025,0.7123,0.7238,0.74322,0.000641,0.00052,3.7e-5,0.0,0.0003,0.0005,0.0009,0.0019,0.286988,0.01672,0.001182,0.25518,0.27548,0.2871,0.29905,0.3161,0.000641,0.00052,3.7e-5,0.0,0.0003,0.0005,0.0009,0.0019,0.287629,0.0166,0.001174,0.25678,0.2762,0.2877,0.29975,0.31632
52.75,0.712357,0.0166,0.001174,0.68368,0.70018,0.7123,0.7238,0.74321,0.000604,0.0005,3.5e-5,0.0,0.0003,0.0005,0.00082,0.0019,0.287038,0.01671,0.001182,0.25528,0.27548,0.2871,0.29912,0.31611,0.000604,0.0005,3.5e-5,0.0,0.0003,0.0005,0.00082,0.0019,0.287643,0.0166,0.001174,0.25679,0.2762,0.2877,0.29982,0.31632
53.0,0.712344,0.0166,0.001174,0.68368,0.70018,0.7123,0.7238,0.74321,0.00058,0.00048,3.4e-5,0.0,0.00028,0.0005,0.0008,0.0018,0.287076,0.01671,0.001181,0.25538,0.2755,0.2871,0.29912,0.3162,0.00058,0.00048,3.4e-5,0.0,0.00028,0.0005,0.0008,0.0018,0.287656,0.0166,0.001174,0.25679,0.2762,0.2877,0.29982,0.31632
53.25,0.712332,0.0166,0.001173,0.68368,0.70018,0.7123,0.7238,0.74311,0.000552,0.00047,3.3e-5,0.0,0.0002,0.0004,0.0008,0.0018,0.287116,0.0167,0.001181,0.25547,0.2755,0.28715,0.2992,0.3162,0.000552,0.00047,3.3e-5,0.0,0.0002,0.0004,0.0008,0.0018,0.287669,0.0166,0.001173,0.25689,0.2762,0.2877,0.29982,0.31632
53.5,0.712316,0.01659,0.001173,0.68367,0.70008,0.7123,0.7238,0.7431,0.000532,0.00046,3.3e-5,0.0,0.0002,0.0004,0.00072,0.00171,0.287151,0.01669,0.00118,0.25548,0.2755,0.28725,0.29922,0.3162,0.000532,0.00046,3.3e-5,0.0,0.0002,0.0004,0.00072,0.00171,0.287684,0.01659,0.001173,0.2569,0.2762,0.2877,0.29992,0.31633
53.75,0.712301,0.01659,0.001173,0.68367,0.70008,0.7123,0.72372,0.7431,0.000519,0.00045,3.2e-5,0.0,0.0002,0.0004,0.0007,0.0016,0.28718,0.01668,0.00118,0.25558,0.27558,0.2873,0.29922,0.3162,0.000519,0.00045,3.2e-5,0.0,0.0002,0.0004,0.0007,0.0016,0.287699,0.01659,0.001173,0.2569,0.27628,0.2877,0.29992,0.31633
54.0,0.712288,0.01659,0.001173,0.68367,0.70008,0.7123,0.72372,0.7431,0.000501,0.00045,3.1e-5,0.0,0.0002,0.0004,0.0007,0.0014,0.287212,0.01668,0.001179,0.25558,0.27558,0.28735,0.2993,0.31621,0.000501,0.00045,3.1e-5,0.0,0.0002,0.0004,0.0007,0.0014,0.287713,0.01659,0.001173,0.2569,0.27628,0.2877,0.29992,0.31633
54.25,0.712276,0.01658,0.001173,0.68367,0.70008,0.7123,0.72365,0.7431,0.00048,0.00043,3.0e-5,0.0,0.0002,0.00035,0.0007,0.0014,0.287245,0.01667,0.001179,0.25578,0.27558,0.28735,0.29932,0.31621,0.00048,0.00043,3.0e-5,0.0,0.0002,0.00035,0.0007,0.0014,0.287725,0.01658,0.001173,0.2569,0.27635,0.2877,0.29992,0.31633
54.5,0.71226,0.01658,0.001172,0.68367,0.70005,0.7123,0.72365,0.7431,0.000469,0.00043,3.0e-5,0.0,0.0001,0.0003,0.0007,0.0014,0.287271,0.01666,0.001178,0.25578,0.2756,0.28735,0.29932,0.31621,0.000469,0.00043,3.0e-5,0.0,0.0001,0.0003,0.0007,0.0014,0.28774,0.01658,0.001172,0.2569,0.27635,0.2877,0.29995,0.31633
54.75,0.712246,0.01657,0.001171,0.68367,0.70005,0.7123,0.72362,0.743,0.000458,0.00042,3.0e-5,0.0,0.0001,0.0003,0.0007,0.0015,0.287296,0.01665,0.001177,0.25578,0.2756,0.28735,0.29932,0.31622,0.000458,0.00042,3.0e-5,0.0,0.0001,0.0003,0.0007,0.0015,0.287754,0.01657,0.001171,0.257,0.27637,0.2877,0.29995,0.31633
55.0,0.712236,0.01657,0.001171,0.68367,0.70002,0.7123,0.7236,0.743,0.000446,0.00042,3.0e-5,0.0,0.0001,0.0003,0.0006,0.0014,0.287318,0.01665,0.001177,0.25588,0.27568,0.28735,0.29932,0.31622,0.000446,0.00042,3.0e-5,0.0,0.0001,0.0003,0.0006,0.0014,0.287765,0.01657,0.001171,0.257,0.2764,0.2877,0.29998,0.31633
55.25,0.712224,0.01657,0.001171,0.68367,0.70002,0.7123,0.72352,0.743,0.000428,0.00041,2.9e-5,0.0,0.0001,0.0003,0.0006,0.0013,0.287348,0.01665,0.001177,0.25598,0.27568,0.28735,0.29942,0.31622,0.000428,0.00041,2.9e-5,0.0,0.0001,0.0003,0.0006,0.0013,0.287776,0.01657,0.001171,0.257,0.27648,0.2877,0.29998,0.31633
55.5,0.712216,0.01656,0.001171,0.68367,0.7,0.7123,0.72352,0.7429,0.000412,0.0004,2.8e-5,0.0,0.0001,0.0003,0.0006,0.0012,0.287372,0.01665,0.001177,0.25598,0.27582,0.28735,0.29942,0.31622,0.000412,0.0004,2.8e-5,0.0,0.0001,0.0003,0.0006,0.0012,0.287784,0.01656,0.001171,0.2571,0.27648,0.2877,0.3,0.31633
55.75,0.712206,0.01656,0.001171,0.68367,0.7,0.7123,0.72352,0.74251,0.000399,0.0004,2.8e-5,0.0,0.0001,0.0003,0.0006,0.0012,0.287396,0.01664,0.001177,0.25598,0.27585,0.2874,0.29942,0.31622,0.000399,0.0004,2.8e-5,0.0,0.0001,0.0003,0.0006,0.0012,0.287795,0.01656,0.001171,0.25749,0.27648,0.2877,0.3,0.31633
56.0,0.712197,0.01656,0.001171,0.68367,0.7,0.7123,0.72345,0.74242,0.000385,0.00039,2.8e-5,0.0,0.0001,0.0003,0.0005,0.0013,0.287418,0.01664,0.001177,0.25598,0.27587,0.28745,0.29965,0.31622,0.000385,0.00039,2.8e-5,0.0,0.0001,0.0003,0.0005,0.0013,0.287804,0.01656,0.001171,0.25758,0.27655,0.2877,0.3,0.31633
56.25,0.712189,0.01655,0.001171,0.68367,0.7,0.7123,0.72345,0.74222,0.000374,0.00038,2.7e-5,0.0,0.0001,0.0003,0.0005,0.0012,0.287438,0.01664,0.001177,0.25599,0.27587,0.28745,0.29965,0.31622,0.000374,0.00038,2.7e-5,0.0,0.0001,0.0003,0.0005,0.0012,0.287811,0.01655,0.001171,0.25778,0.27655,0.2877,0.3,0.31633
56.5,0.712182,0.01655,0.00117,0.68367,0.7,0.7123,0.72345,0.74222,0.000357,0.00037,2.6e-5,0.0,0.0001,0.0003,0.0005,0.0011,0.28746,0.01664,0.001176,0.25599,0.27587,0.28755,0.29965,0.31622,0.000357,0.00037,2.6e-5,0.0,0.0001,0.0003,0.0005,0.0011,0.287818,0.01655,0.00117,0.25778,0.27655,0.2877,0.3,0.31633
56.75,0.712173,0.01655,0.00117,0.68367,0.7,0.7123,0.72345,0.74222,0.000344,0.00035,2.5e-5,0.0,0.0001,0.0003,0.0005,0.0011,0.287483,0.01663,0.001176,0.25609,0.27598,0.28755,0.29965,0.31622,0.000344,0.00035,2.5e-5,0.0,0.0001,0.0003,0.0005,0.0011,0.287828,0.01655,0.00117,0.25778,0.27655,0.2877,0.3,0.31633
57.0,0.712165,0.01655,0.00117,0.68367,0.7,0.7123,0.72345,0.74222,0.000326,0.00034,2.4e-5,0.0,0.0001,0.0002,0.0005,0.0011,0.28751,0.01662,0.001175,0.2561,0.27608,0.28765,0.29965,0.31622,0.000326,0.00034,2.4e-5,0.0,0.0001,0.0002,0.0005,0.0011,0.287835,0.01655,0.00117,0.25778,0.27655,0.2877,0.3,0.31633
57.25,0.71216,0.01655,0.00117,0.68367,0.7,0.7123,0.72345,0.74222,0.000312,0.00032,2.3e-5,0.0,0.0001,0.0002,0.0005,0.0011,0.287528,0.01662,0.001175,0.2561,0.27618,0.28765,0.29965,0.31632,0.000312,0.00032,2.3e-5,0.0,0.0001,0.0002,0.0005,0.0011,0.287841,0.01655,0.00117,0.25778,0.27655,0.2877,0.3,0.31633
57.5,0.712152,0.01655,0.00117,0.68367,0.7,0.7123,0.72345,0.74222,0.000301,0.00032,2.2e-5,0.0,0.0001,0.0002,0.0005,0.00091,0.287547,0.01662,0.001175,0.2562,0.27618,0.28765,0.29975,0.31632,0.000301,0.00032,2.2e-5,0.0,0.0001,0.0002,0.0005,0.00091,0.287848,0.01655,0.00117,0.25778,0.27655,0.2877,0.3,0.31633
57.75,0.712144,0.01654,0.00117,0.68367,0.7,0.7123,0.72345,0.74222,0.000294,0.00032,2.3e-5,0.0,0.0001,0.0002,0.00042,0.001,0.287562,0.01661,0.001174,0.2563,0.27618,0.28765,0.29975,0.31632,0.000294,0.00032,2.3e-5,0.0,0.0001,0.0002,0.00042,0.001,0.287856,0.01654,0.00117,0.25778,0.27655,0.2877,0.3,0.31633
58.0,0.712139,0.01654,0.001169,0.68367,0.7,0.7123,0.72345,0.74222,0.00028,0.00031,2.2e-5,0.0,0.0,0.0002,0.0004,0.001,0.287582,0.0166,0.001174,0.25659,0.27618,0.28765,0.29975,0.31632,0.00028,0.00031,2.2e-5,0.0,0.0,0.0002,0.0004,0.001,0.287862,0.01654,0.001169,0.25778,0.27655,0.2877,0.3,0.31633
58.25,0.712135,0.01654,0.00117,0.68367,0.7,0.7123,0.72345,0.74222,0.000269,0.0003,2.1e-5,0.0,0.0,0.0002,0.0004,0.001,0.287597,0.01661,0.001174,0.25669,0.27618,0.28765,0.29975,0.31632,0.000269,0.0003,2.1e-5,0.0,0.0,0.0002,0.0004,0.001,0.287866,0.01654,0.00117,0.25778,0.27655,0.2877,0.3,0.31633
58.5,0.71213,0.01654,0.001169,0.68367,0.7,0.7123,0.72345,0.74222,0.000252,0.00029,2.0e-5,0.0,0.0,0.0002,0.0004,0.001,0.287618,0.0166,0.001174,0.25688,0.27618,0.2877,0.29975,0.31632,0.000252,0.00029,2.0e-5,0.0,0.0,0.0002,0.0004,0.001,0.287871,0.01654,0.001169,0.25778,0.27655,0.2877,0.3,0.31633
58.75,0.712126,0.01654,0.001169,0.68367,0.69992,0.7123,0.72345,0.74222,0.000241,0.00027,1.9e-5,0.0,0.0,0.0002,0.0004,0.0009,0.287634,0.0166,0.001173,0.25699,0.27618,0.2877,0.29982,0.31632,0.000241,0.00027,1.9e-5,0.0,0.0,0.0002,0.0004,0.0009,0.287874,0.01654,0.001169,0.25778,0.27655,0.2877,0.30007,0.31633
59.0,0.712122,0.01653,0.001169,0.68367,0.69992,0.7123,0.72345,0.74222,0.000234,0.00027,1.9e-5,0.0,0.0,0.0002,0.0004,0.00081,0.287644,0.01659,0.001173,0.25708,0.27618,0.2877,0.29982,0.31632,0.000234,0.00027,1.9e-5,0.0,0.0,0.0002,0.0004,0.00081,0.287878,0.01653,0.001169,0.25778,0.27655,0.2877,0.30007,0.31633
59.25,0.712118,0.01653,0.001169,0.68367,0.69992,0.7123,0.72345,0.74222,0.000222,0.00026,1.8e-5,0.0,0.0,0.0002,0.0003,0.0009,0.28766,0.01659,0.001173,0.25708,0.27618,0.2877,0.2999,0.31632,0.000222,0.00026,1.8e-5,0.0,0.0,0.0002,0.0003,0.0009,0.287882,0.01653,0.001169,0.25778,0.27655,0.2877,0.30007,0.31633
59.5,0.712114,0.01653,0.001169,0.68367,0.69992,0.7123,0.72345,0.74222,0.000209,0.00024,1.7e-5,0.0,0.0,0.0001,0.0003,0.0008,0.287678,0.01658,0.001172,0.25708,0.27618,0.2877,0.29992,0.31632,0.000209,0.00024,1.7e-5,0.0,0.0,0.0001,0.0003,0.0008,0.287886,0.01653,0.001169,0.25778,0.27655,0.2877,0.30007,0.31633
59.75,0.71211,0.01653,0.001169,0.68367,0.69992,0.7123,0.72345,0.74222,0.000199,0.00024,1.7e-5,0.0,0.0,0.0001,0.0003,0.0008,0.28769,0.01658,0.001172,0.25708,0.27618,0.2877,0.29992,0.31632,0.000199,0.00024,1.7e-5,0.0,0.0,0.0001,0.0003,0.0008,0.28789,0.01653,0.001169,0.25778,0.27655,0.2877,0.30007,0.31633
60.0,0.712108,0.01653,0.001169,0.68367,0.69992,0.7123,0.72345,0.74222,0.000187,0.00023,1.6e-5,0.0,0.0,0.0001,0.0003,0.0007,0.287706,0.01657,0.001172,0.25708,0.2762,0.2877,0.29995,0.31632,0.000187,0.00023,1.6e-5,0.0,0.0,0.0001,0.0003,0.0007,0.287892,0.01653,0.001169,0.25778,0.27655,0.2877,0.30007,0.31633
60.25,0.7121,0.01653,0.001169,0.68367,0.69992,0.7123,0.72345,0.74222,0.000185,0.00022,1.6e-5,0.0,0.0,0.0001,0.0003,0.0007,0.287716,0.01657,0.001172,0.25728,0.2762,0.2877,0.29995,0.31632,0.000185,0.00022,1.6e-5,0.0,0.0,0.0001,0.0003,0.0007,0.2879,0.01653,0.001169,0.25778,0.27655,0.2877,0.30007,0.31633
60.5,0.712094,0.01653,0.001169,0.68367,0.69992,0.7123,0.72345,0.74222,0.00018,0.00022,1.5e-5,0.0,0.0,0.0001,0.0003,0.0008,0.287726,0.01657,0.001172,0.25738,0.2762,0.2877,0.29995,0.31633,0.00018,0.00022,1.5e-5,0.0,0.0,0.0001,0.0003,0.0008,0.287906,0.01653,0.001169,0.25778,0.27655,0.2877,0.30007,0.31633
60.75,0.712091,0.01653,0.001169,0.68367,0.69992,0.7123,0.72345,0.74222,0.000175,0.00022,1.5e-5,0.0,0.0,0.0001,0.0003,0.0008,0.287734,0.01657,0.001172,0.25738,0.2762,0.2877,0.29995,0.31633,0.000175,0.00022,1.5e-5,0.0,0.0,0.0001,0.0003,0.0008,0.287909,0.01653,0.001169,0.25778,0.27655,0.2877,0.30007,0.31633
61.0,0.712085,0.01652,0.001168,0.68367,0.69985,0.7123,0.72345,0.74222,0.000169,0.00022,1.6e-5,0.0,0.0,0.0001,0.0002,0.0008,0.287746,0.01657,0.001172,0.25738,0.27635,0.2877,0.29998,0.31633,0.000169,0.00022,1.6e-5,0.0,0.0,0.0001,0.0002,0.0008,0.287916,0.01652,0.001168,0.25778,0.27655,0.2877,0.30015,0.31633
61.25,0.712083,0.01652,0.001168,0.68367,0.69985,0.7123,0.72345,0.74222,0.000161,0.00021,1.5e-5,0.0,0.0,0.0001,0.0002,0.0008,0.287756,0.01656,0.001171,0.25757,0.27635,0.2877,0.29998,0.31633,0.000161,0.00021,1.5e-5,0.0,0.0,0.0001,0.0002,0.0008,0.287918,0.01652,0.001168,0.25778,0.27655,0.2877,0.30015,0.31633
61.5,0.712078,0.01652,0.001168,0.68367,0.69985,0.7123,0.72345,0.74212,0.000154,0.00021,1.5e-5,0.0,0.0,0.0001,0.0002,0.0008,0.287768,0.01656,0.001171,0.25767,0.27635,0.2877,0.29998,0.31633,0.000154,0.00021,1.5e-5,0.0,0.0,0.0001,0.0002,0.0008,0.287922,0.01652,0.001168,0.25788,0.27655,0.2877,0.30015,0.31633
61.75,0.712077,0.01652,0.001168,0.68367,0.69985,0.7123,0.72345,0.74212,0.000147,0.00021,1.5e-5,0.0,0.0,0.0001,0.0002,0.0007,0.287776,0.01656,0.001171,0.25767,0.27643,0.2877,0.29998,0.31633,0.000147,0.00021,1.5e-5,0.0,0.0,0.0001,0.0002,0.0007,0.287923,0.01652,0.001168,0.25788,0.27655,0.2877,0.30015,0.31633
62.0,0.712074,0.01652,0.001168,0.68367,0.69985,0.7123,0.72345,0.74212,0.000145,0.00021,1.5e-5,0.0,0.0,0.0001,0.0002,0.0008,0.287781,0.01656,0.001171,0.25768,0.27643,0.2877,0.29998,0.31633,0.000145,0.00021,1.5e-5,0.0,0.0,0.0001,0.0002,0.0008,0.287926,0.01652,0.001168,0.25788,0.27655,0.2877,0.30015,0.31633
62.25,0.71207,0.01652,0.001168,0.68367,0.69985,0.7123,0.72345,0.74212,0.00014,0.0002,1.4e-5,0.0,0.0,0.0001,0.0002,0.0007,0.28779,0.01655,0.001171,0.25768,0.27643,0.2877,0.29998,0.31633,0.00014,0.0002,1.4e-5,0.0,0.0,0.0001,0.0002,0.0007,0.28793,0.01652,0.001168,0.25788,0.27655,0.2877,0.30015,0.31633
62.5,0.712067,0.01652,0.001168,0.68367,0.69978,0.7123,0.72345,0.74212,0.000136,0.00021,1.5e-5,0.0,0.0,0.0001,0.0002,0.0007,0.287797,0.01656,0.001171,0.25768,0.27643,0.2877,0.29998,0.31633,0.000136,0.00021,1.5e-5,0.0,0.0,0.0001,0.0002,0.0007,0.287933,0.01652,0.001168,0.25788,0.27655,0.2877,0.30023,0.31633
62.75,0.712064,0.01652,0.001168,0.68367,0.69978,0.7123,0.72343,0.74212,0.000128,0.0002,1.4e-5,0.0,0.0,5.0e-5,0.0002,0.0007,0.287808,0.01655,0.00117,0.25768,0.27645,0.2877,0.29998,0.31633,0.000128,0.0002,1.4e-5,0.0,0.0,5.0e-5,0.0002,0.0007,0.287936,0.01652,0.001168,0.25788,0.27658,0.2877,0.30023,0.31633
63.0,0.71206,0.01652,0.001168,0.68367,0.69978,0.7123,0.72343,0.74212,0.000124,0.0002,1.4e-5,0.0,0.0,0.0,0.0002,0.0006,0.287816,0.01655,0.00117,0.25768,0.27645,0.2877,0.29998,0.31633,0.000124,0.0002,1.4e-5,0.0,0.0,0.0,0.0002,0.0006,0.28794,0.01652,0.001168,0.25788,0.27658,0.2877,0.30023,0.31633
63.25,0.712055,0.01652,0.001168,0.68367,0.69978,0.7123,0.72343,0.74212,0.000122,0.0002,1.4e-5,0.0,0.0,0.0,0.0002,0.0006,0.287823,0.01655,0.00117,0.25768,0.27645,0.2877,0.29998,0.31633,0.000122,0.0002,1.4e-5,0.0,0.0,0.0,0.0002,0.0006,0.287945,0.01652,0.001168,0.25788,0.27658,0.2877,0.30023,0.31633
63.5,0.712052,0.01652,0.001168,0.68367,0.69978,0.7123,0.72343,0.74212,0.000121,0.0002,1.4e-5,0.0,0.0,0.0,0.0002,0.0007,0.287828,0.01655,0.00117,0.25768,0.27645,0.2877,0.29998,0.31633,0.000121,0.0002,1.4e-5,0.0,0.0,0.0,0.0002,0.0007,0.287949,0.01652,0.001168,0.25788,0.27658,0.2877,0.30023,0.31633
63.75,0.712049,0.01651,0.001168,0.68367,0.69978,0.7123,0.72343,0.74212,0.000116,0.0002,1.4e-5,0.0,0.0,0.0,0.0002,0.0006,0.287834,0.01655,0.00117,0.25768,0.27645,0.2877,0.29998,0.31633,0.000116,0.0002,1.4e-5,0.0,0.0,0.0,0.0002,0.0006,0.287951,0.01651,0.001168,0.25788,0.27658,0.2877,0.30023,0.31633
64.0,0.712046,0.01651,0.001168,0.68367,0.69978,0.7123,0.72343,0.74212,0.000115,0.0002,1.4e-5,0.0,0.0,0.0,0.0002,0.00061,0.287838,0.01654,0.00117,0.25768,0.27648,0.2877,0.29998,0.31633,0.000115,0.0002,1.4e-5,0.0,0.0,0.0,0.0002,0.00061,0.287954,0.01651,0.001168,0.25788,0.27658,0.2877,0.30023,0.31633
64.25,0.712042,0.01651,0.001168,0.68367,0.69978,0.7123,0.72343,0.74212,0.000112,0.00019,1.4e-5,0.0,0.0,0.0,0.0001,0.0006,0.287846,0.01654,0.00117,0.25768,0.27648,0.2877,0.29998,0.31633,0.000112,0.00019,1.4e-5,0.0,0.0,0.0,0.0001,0.0006,0.287958,0.01651,0.001168,0.25788,0.27658,0.2877,0.30023,0.31633
64.5,0.712039,0.01651,0.001167,0.68367,0.69978,0.7123,0.72343,0.74212,0.000108,0.00019,1.4e-5,0.0,0.0,0.0,0.0001,0.0007,0.287854,0.01654,0.001169,0.25768,0.27648,0.2877,0.29998,0.31633,0.000108,0.00019,1.4e-5,0.0,0.0,0.0,0.0001,0.0007,0.287961,0.01651,0.001167,0.25788,0.27658,0.2877,0.30023,0.31633
64.75,0.712036,0.01651,0.001167,0.68367,0.69978,0.7123,0.7234,0.74212,0.000101,0.00019,1.3e-5,0.0,0.0,0.0,0.0001,0.0007,0.287862,0.01654,0.001169,0.25768,0.27648,0.2877,0.30005,0.31633,0.000101,0.00019,1.3e-5,0.0,0.0,0.0,0.0001,0.0007,0.287964,0.01651,0.001167,0.25788,0.2766,0.2877,0.30023,0.31633
65.0,0.712031,0.01651,0.001167,0.68367,0.6997,0.7123,0.7234,0.74212,0.0001,0.00019,1.3e-5,0.0,0.0,0.0,0.0001,0.0007,0.287868,0.01653,0.001169,0.25768,0.27648,0.2877,0.30005,0.31633,0.0001,0.00019,1.3e-5,0.0,0.0,0.0,0.0001,0.0007,0.287969,0.01651,0.001167,0.25788,0.2766,0.2877,0.3003,0.31633
65.25,0.712028,0.01651,0.001167,0.68367,0.6997,0.7123,0.7234,0.74212,9.6e-5,0.00018,1.3e-5,0.0,0.0,0.0,0.0001,0.00061,0.287876,0.01653,0.001169,0.25768,0.27648,0.2877,0.30005,0.31633,9.6e-5,0.00018,1.3e-5,0.0,0.0,0.0,0.0001,0.00061,0.287972,0.01651,0.001167,0.25788,0.2766,0.2877,0.3003,0.31633
65.5,0.712025,0.0165,0.001167,0.68367,0.6997,0.7123,0.7234,0.74212,9.1e-5,0.00018,1.2e-5,0.0,0.0,0.0,0.0001,0.0007,0.287884,0.01653,0.001169,0.25768,0.27648,0.2877,0.30012,0.31633,9.1e-5,0.00018,1.2e-5,0.0,0.0,0.0,0.0001,0.0007,0.287975,0.0165,0.001167,0.25788,0.2766,0.2877,0.3003,0.31633
65.75,0.712023,0.0165,0.001167,0.68367,0.6997,0.7123,0.7234,0.74212,8.9e-5,0.00017,1.2e-5,0.0,0.0,0.0,0.0001,0.0006,0.287888,0.01653,0.001169,0.25768,0.27648,0.2877,0.30012,0.31633,8.9e-5,0.00017,1.2e-5,0.0,0.0,0.0,0.0001,0.0006,0.287977,0.0165,0.001167,0.25788,0.2766,0.2877,0.3003,0.31633
66.0,0.71202,0.0165,0.001167,0.68367,0.6997,0.7123,0.7234,0.74212,8.5e-5,0.00016,1.1e-5,0.0,0.0,0.0,0.0001,0.0007,0.287895,0.01653,0.001169,0.25768,0.27648,0.2877,0.30012,0.31633,8.5e-5,0.00016,1.1e-5,0.0,0.0,0.0,0.0001,0.0007,0.28798,0.0165,0.001167,0.25788,0.2766,0.2877,0.3003,0.31633
66.25,0.712019,0.0165,0.001167,0.68367,0.6997,0.7123,0.7234,0.74212,8.5e-5,0.00017,1.2e-5,0.0,0.0,0.0,0.0001,0.0007,0.287896,0.01653,0.001169,0.25768,0.27648,0.2877,0.30012,0.31633,8.5e-5,0.00017,1.2e-5,0.0,0.0,0.0,0.0001,0.0007,0.287981,0.0165,0.001167,0.25788,0.2766,0.2877,0.3003,0.31633
66.5,0.712016,0.0165,0.001167,0.68367,0.6997,0.7123,0.7234,0.74212,7.8e-5,0.00016,1.1e-5,0.0,0.0,0.0,0.0001,0.0006,0.287906,0.01653,0.001169,0.25777,0.27648,0.2877,0.30015,0.31633,7.8e-5,0.00016,1.1e-5,0.0,0.0,0.0,0.0001,0.0006,0.287984,0.0165,0.001167,0.25788,0.2766,0.2877,0.3003,0.31633
66.75,0.712016,0.0165,0.001167,0.68367,0.6997,0.7123,0.7234,0.74212,7.4e-5,0.00015,1.1e-5,0.0,0.0,0.0,0.0001,0.0006,0.28791,0.01653,0.001169,0.25777,0.27648,0.2877,0.30015,0.31633,7.4e-5,0.00015,1.1e-5,0.0,0.0,0.0,0.0001,0.0006,0.287985,0.0165,0.001167,0.25788,0.2766,0.2877,0.3003,0.31633
67.0,0.712014,0.0165,0.001167,0.68367,0.6997,0.7123,0.7234,0.74212,7.2e-5,0.00015,1.1e-5,0.0,0.0,0.0,0.0001,0.0006,0.287914,0.01652,0.001168,0.25777,0.27655,0.2877,0.30015,0.31633,7.2e-5,0.00015,1.1e-5,0.0,0.0,0.0,0.0001,0.0006,0.287986,0.0165,0.001167,0.25788,0.2766,0.2877,0.3003,0.31633
67.25,0.712011,0.01649,0.001166,0.68367,0.6997,0.7123,0.7234,0.74202,7.0e-5,0.00015,1.0e-5,0.0,0.0,0.0,0.0001,0.0005,0.28792,0.01652,0.001168,0.25777,0.27655,0.2877,0.30023,0.31633,7.0e-5,0.00015,1.0e-5,0.0,0.0,0.0,0.0001,0.0005,0.28799,0.01649,0.001166,0.25798,0.2766,0.2877,0.3003,0.31633
67.5,0.71201,0.01649,0.001166,0.68367,0.6997,0.7123,0.7234,0.74202,6.9e-5,0.00014,1.0e-5,0.0,0.0,0.0,0.0001,0.0005,0.287922,0.01652,0.001168,0.25777,0.27655,0.2877,0.30023,0.31633,6.9e-5,0.00014,1.0e-5,0.0,0.0,0.0,0.0001,0.0005,0.287991,0.01649,0.001166,0.25798,0.2766,0.2877,0.3003,0.31633
67.75,0.712009,0.01649,0.001166,0.68367,0.6997,0.7123,0.7234,0.74202,6.1e-5,0.00012,9.0e-6,0.0,0.0,0.0,0.0001,0.0005,0.28793,0.01651,0.001168,0.25777,0.27655,0.2877,0.30023,0.31633,6.1e-5,0.00012,9.0e-6,0.0,0.0,0.0,0.0001,0.0005,0.287991,0.01649,0.001166,0.25798,0.2766,0.2877,0.3003,0.31633
68.0,0.712004,0.01649,0.001166,0.68367,0.6997,0.7123,0.7234,0.74202,6.2e-5,0.00013,9.0e-6,0.0,0.0,0.0,0.0001,0.0005,0.287934,0.01651,0.001168,0.25787,0.27655,0.2877,0.30023,0.31633,6.2e-5,0.00013,9.0e-6,0.0,0.0,0.0,0.0001,0.0005,0.287996,0.01649,0.001166,0.25798,0.2766,0.2877,0.3003,0.31633
68.25,0.712002,0.01648,0.001166,0.68367,0.6997,0.7123,0.7234,0.74202,6.0e-5,0.00013,9.0e-6,0.0,0.0,0.0,0.0001,0.0005,0.287938,0.01651,0.001167,0.25788,0.27655,0.2877,0.30023,0.31633,6.0e-5,0.00013,9.0e-6,0.0,0.0,0.0,0.0001,0.0005,0.287998,0.01648,0.001166,0.25798,0.2766,0.2877,0.3003,0.31633
68.5,0.712001,0.01648,0.001165,0.68367,0.6997,0.7123,0.7234,0.74202,5.9e-5,0.00013,9.0e-6,0.0,0.0,0.0,0.0001,0.00041,0.28794,0.01651,0.001167,0.25788,0.27655,0.2877,0.30023,0.31633,5.9e-5,0.00013,9.0e-6,0.0,0.0,0.0,0.0001,0.00041,0.287999,0.01648,0.001165,0.25798,0.2766,0.2877,0.3003,0.31633
68.75,0.712,0.01648,0.001165,0.68367,0.6997,0.7123,0.7234,0.74202,5.8e-5,0.00013,9.0e-6,0.0,0.0,0.0,0.0001,0.00041,0.287942,0.01651,0.001167,0.25788,0.27655,0.2877,0.30023,0.31633,5.8e-5,0.00013,9.0e-6,0.0,0.0,0.0,0.0001,0.00041,0.288,0.01648,0.001165,0.25798,0.2766,0.2877,0.3003,0.31633
69.0,0.711999,0.01648,0.001165,0.68367,0.6997,0.7123,0.7234,0.74202,5.6e-5,0.00013,9.0e-6,0.0,0.0,0.0,0.0001,0.00041,0.287945,0.0165,0.001167,0.25788,0.27655,0.2877,0.30023,0.31633,5.6e-5,0.00013,9.0e-6,0.0,0.0,0.0,0.0001,0.00041,0.288001,0.01648,0.001165,0.25798,0.2766,0.2877,0.3003,0.31633
69.25,0.711997,0.01648,0.001165,0.68367,0.6997,0.7123,0.7234,0.74202,5.4e-5,0.00013,9.0e-6,0.0,0.0,0.0,0.0001,0.0005,0.287949,0.0165,0.001167,0.25788,0.27655,0.2877,0.30023,0.31633,5.4e-5,0.00013,9.0e-6,0.0,0.0,0.0,0.0001,0.0005,0.288003,0.01648,0.001165,0.25798,0.2766,0.2877,0.3003,0.31633
69.5,0.711995,0.01648,0.001165,0.68367,0.6997,0.7123,0.7234,0.74202,5.2e-5,0.00013,9.0e-6,0.0,0.0,0.0,0.0001,0.0005,0.287953,0.0165,0.001167,0.25788,0.27655,0.2877,0.30023,0.31633,5.2e-5,0.00013,9.0e-6,0.0,0.0,0.0,0.0001,0.0005,0.288004,0.01648,0.001165,0.25798,0.2766,0.2877,0.3003,0.31633
69.75,0.711994,0.01647,0.001165,0.68367,0.6997,0.7123,0.7234,0.74202,5.1e-5,0.00013,1.0e-5,0.0,0.0,0.0,2.0e-5,0.0005,0.287956,0.0165,0.001167,0.25788,0.27655,0.2877,0.30023,0.31633,5.1e-5,0.00013,1.0e-5,0.0,0.0,0.0,2.0e-5,0.0005,0.288007,0.01647,0.001165,0.25798,0.2766,0.2877,0.3003,0.31633
70.0,0.711992,0.01647,0.001165,0.68367,0.6997,0.7123,0.7234,0.74202,5.0e-5,0.00015,1.0e-5,0.0,0.0,0.0,0.0,0.0005,0.287959,0.0165,0.001167,0.25788,0.27655,0.2877,0.30023,0.31633,5.0e-5,0.00015,1.0e-5,0.0,0.0,0.0,0.0,0.0005,0.288009,0.01647,0.001165,0.25798,0.2766,0.2877,0.3003,0.31633
70.25,0.71199,0.01647,0.001164,0.68367,0.6997,0.7123,0.7234,0.74202,4.8e-5,0.00015,1.1e-5,0.0,0.0,0.0,0.0,0.0004,0.287962,0.0165,0.001167,0.25788,0.27655,0.2877,0.30023,0.31633,4.8e-5,0.00015,1.1e-5,0.0,0.0,0.0,0.0,0.0004,0.28801,0.01647,0.001164,0.25798,0.2766,0.2877,0.3003,0.31633
70.5,0.71199,0.01647,0.001164,0.68367,0.6997,0.7123,0.7234,0.74202,4.5e-5,0.00013,9.0e-6,0.0,0.0,0.0,0.0,0.0004,0.287966,0.0165,0.001166,0.25788,0.27655,0.2877,0.30023,0.31633,4.5e-5,0.00013,9.0e-6,0.0,0.0,0.0,0.0,0.0004,0.28801,0.01647,0.001164,0.25798,0.2766,0.2877,0.3003,0.31633
70.75,0.711989,0.01647,0.001164,0.68367,0.6997,0.7123,0.7234,0.74202,4.2e-5,0.00013,9.0e-6,0.0,0.0,0.0,0.0,0.0003,0.287969,0.01649,0.001166,0.25788,0.27655,0.2877,0.30023,0.31633,4.2e-5,0.00013,9.0e-6,0.0,0.0,0.0,0.0,0.0003,0.288011,0.01647,0.001164,0.25798,0.2766,0.2877,0.3003,0.31633
71.0,0.711987,0.01646,0.001164,0.68367,0.6997,0.7123,0.7234,0.74202,4.0e-5,0.00013,9.0e-6,0.0,0.0,0.0,0.0,0.0003,0.287973,0.01649,0.001166,0.25788,0.27658,0.2877,0.30023,0.31633,4.0e-5,0.00013,9.0e-6,0.0,0.0,0.0,0.0,0.0003,0.288013,0.01646,0.001164,0.25798,0.2766,0.2877,0.3003,0.31633
71.25,0.711986,0.01646,0.001164,0.68367,0.6997,0.7123,0.7234,0.74202,3.8e-5,0.00012,9.0e-6,0.0,0.0,0.0,0.0,0.0003,0.287975,0.01649,0.001166,0.25788,0.27658,0.2877,0.3003,0.31633,3.8e-5,0.00012,9.0e-6,0.0,0.0,0.0,0.0,0.0003,0.288014,0.01646,0.001164,0.25798,0.2766,0.2877,0.3003,0.31633
71.5,0.711985,0.01646,0.001164,0.68367,0.6997,0.7123,0.7234,0.74202,3.8e-5,0.00013,9.0e-6,0.0,0.0,0.0,0.0,0.0003,0.287978,0.01649,0.001166,0.25788,0.27658,0.2877,0.3003,0.31633,3.8e-5,0.00013,9.0e-6,0.0,0.0,0.0,0.0,0.0003,0.288015,0.01646,0.001164,0.25798,0.2766,0.2877,0.3003,0.31633
71.75,0.711984,0.01646,0.001164,0.68367,0.6997,0.7123,0.7234,0.74202,3.5e-5,0.00012,9.0e-6,0.0,0.0,0.0,0.0,0.0003,0.287981,0.01649,0.001166,0.25788,0.27658,0.2877,0.3003,0.31633,3.5e-5,0.00012,9.0e-6,0.0,0.0,0.0,0.0,0.0003,0.288017,0.01646,0.001164,0.25798,0.2766,0.2877,0.3003,0.31633
72.0,0.711983,0.01646,0.001164,0.68367,0.6997,0.7123,0.7234,0.74202,3.5e-5,0.00012,9.0e-6,0.0,0.0,0.0,0.0,0.0004,0.287982,0.01648,0.001166,0.25788,0.27658,0.2877,0.3003,0.31633,3.5e-5,0.00012,9.0e-6,0.0,0.0,0.0,0.0,0.0004,0.288017,0.01646,0.001164,0.25798,0.2766,0.2877,0.3003,0.31633
72.25,0.711983,0.01646,0.001164,0.68367,0.6997,0.7123,0.7234,0.74202,3.4e-5,0.00012,8.0e-6,0.0,0.0,0.0,0.0,0.0004,0.287984,0.01648,0.001166,0.25788,0.27658,0.2877,0.3003,0.31633,3.4e-5,0.00012,8.0e-6,0.0,0.0,0.0,0.0,0.0004,0.288017,0.01646,0.001164,0.25798,0.2766,0.2877,0.3003,0.31633
72.5,0.711981,0.01646,0.001164,0.68367,0.6997,0.7123,0.7234,0.74202,3.2e-5,0.00012,8.0e-6,0.0,0.0,0.0,0.0,0.0003,0.287987,0.01648,0.001165,0.25788,0.27658,0.2877,0.3003,0.31633,3.2e-5,0.00012,8.0e-6,0.0,0.0,0.0,0.0,0.0003,0.288019,0.01646,0.001164,0.25798,0.2766,0.2877,0.3003,0.31633
72.75,0.711979,0.01645,0.001163,0.68367,0.6997,0.7123,0.7234,0.74202,3.1e-5,0.00012,8.0e-6,0.0,0.0,0.0,0.0,0.0003,0.28799,0.01648,0.001165,0.25788,0.27658,0.2877,0.3003,0.31633,3.1e-5,0.00012,8.0e-6,0.0,0.0,0.0,0.0,0.0003,0.288021,0.01645,0.001163,0.25798,0.2766,0.2877,0.3003,0.31633
73.0,0.711977,0.01645,0.001163,0.68367,0.6997,0.7123,0.7234,0.74202,3.3e-5,0.00013,9.0e-6,0.0,0.0,0.0,0.0,0.0003,0.287991,0.01648,0.001165,0.25797,0.27658,0.2877,0.3003,0.31633,3.3e-5,0.00013,9.0e-6,0.0,0.0,0.0,0.0,0.0003,0.288023,0.01645,0.001163,0.25798,0.2766,0.2877,0.3003,0.31633
73.25,0.711976,0.01645,0.001163,0.68367,0.6997,0.7123,0.7234,0.74202,3.2e-5,0.00013,9.0e-6,0.0,0.0,0.0,0.0,0.0003,0.287993,0.01648,0.001165,0.25797,0.27658,0.2877,0.3003,0.31633,3.2e-5,0.00013,9.0e-6,0.0,0.0,0.0,0.0,0.0003,0.288024,0.01645,0.001163,0.25798,0.2766,0.2877,0.3003,0.31633
73.5,0.711975,0.01645,0.001163,0.68367,0.6997,0.7123,0.7234,0.74202,3.0e-5,0.00013,9.0e-6,0.0,0.0,0.0,0.0,0.0003,0.287995,0.01647,0.001165,0.25797,0.27658,0.2877,0.3003,0.31633,3.0e-5,0.00013,9.0e-6,0.0,0.0,0.0,0.0,0.0003,0.288026,0.01645,0.001163,0.25798,0.2766,0.2877,0.3003,0.31633
73.75,0.711975,0.01645,0.001163,0.68367,0.6997,0.7123,0.7234,0.74202,2.9e-5,0.00012,8.0e-6,0.0,0.0,0.0,0.0,0.0003,0.287997,0.01647,0.001165,0.25797,0.27658,0.2877,0.3003,0.31633,2.9e-5,0.00012,8.0e-6,0.0,0.0,0.0,0.0,0.0003,0.288026,0.01645,0.001163,0.25798,0.2766,0.2877,0.3003,0.31633
74.0,0.711973,0.01644,0.001163,0.68367,0.6997,0.7123,0.7234,0.74202,2.8e-5,0.00012,9.0e-6,0.0,0.0,0.0,0.0,0.0003,0.287999,0.01647,0.001164,0.25797,0.27658,0.2877,0.3003,0.31633,2.8e-5,0.00012,9.0e-6,0.0,0.0,0.0,0.0,0.0003,0.288027,0.01644,0.001163,0.25798,0.2766,0.2877,0.3003,0.31633
74.25,0.711971,0.01644,0.001163,0.68367,0.6997,0.7123,0.7234,0.74202,2.8e-5,0.00012,9.0e-6,0.0,0.0,0.0,0.0,0.0003,0.288001,0.01646,0.001164,0.25797,0.27658,0.2877,0.3003,0.31633,2.8e-5,0.00012,9.0e-6,0.0,0.0,0.0,0.0,0.0003,0.288029,0.01644,0.001163,0.25798,0.2766,0.2877,0.3003,0.31633
74.5,0.71197,0.01644,0.001163,0.68367,0.6997,0.7123,0.7234,0.74202,2.8e-5,0.00012,8.0e-6,0.0,0.0,0.0,0.0,0.0003,0.288002,0.01646,0.001164,0.25798,0.27658,0.2877,0.3003,0.31633,2.8e-5,0.00012,8.0e-6,0.0,0.0,0.0,0.0,0.0003,0.28803,0.01644,0.001163,0.25798,0.2766,0.2877,0.3003,0.31633
74.75,0.71197,0.01644,0.001163,0.68367,0.6997,0.7123,0.7234,0.74202,2.7e-5,0.00012,8.0e-6,0.0,0.0,0.0,0.0,0.0003,0.288004,0.01646,0.001164,0.25798,0.27658,0.2877,0.3003,0.31633,2.7e-5,0.00012,8.0e-6,0.0,0.0,0.0,0.0,0.0003,0.28803,0.01644,0.001163,0.25798,0.2766,0.2877,0.3003,0.31633
75.0,0.711969,0.01644,0.001162,0.68367,0.6997,0.7123,0.7234,0.74202,2.6e-5,0.00012,9.0e-6,0.0,0.0,0.0,0.0,0.0002,0.288006,0.01646,0.001164,0.25798,0.27658,0.2877,0.3003,0.31633,2.6e-5,0.00012,9.0e-6,0.0,0.0,0.0,0.0,0.0002,0.288032,0.01644,0.001162,0.25798,0.2766,0.2877,0.3003,0.31633
75.25,0.711968,0.01644,0.001162,0.68367,0.6997,0.7123,0.7234,0.74202,2.5e-5,0.00013,9.0e-6,0.0,0.0,0.0,0.0,0.0002,0.288008,0.01646,0.001164,0.25798,0.2766,0.2877,0.3003,0.31633,2.5e-5,0.00013,9.0e-6,0.0,0.0,0.0,0.0,0.0002,0.288033,0.01644,0.001162,0.25798,0.2766,0.2877,0.3003,0.31633
75.5,0.711966,0.01643,0.001162,0.68367,0.6997,0.7123,0.7234,0.74202,2.6e-5,0.00014,1.0e-5,0.0,0.0,0.0,0.0,0.0002,0.288009,0.01646,0.001164,0.25798,0.2766,0.2877,0.3003,0.31633,2.6e-5,0.00014,1.0e-5,0.0,0.0,0.0,0.0,0.0002,0.288034,0.01643,0.001162,0.25799,0.2766,0.2877,0.3003,0.31633
75.75,0.711965,0.01643,0.001162,0.68367,0.6997,0.7123,0.7234,0.74202,2.6e-5,0.00014,1.0e-5,0.0,0.0,0.0,0.0,0.0002,0.28801,0.01646,0.001164,0.25798,0.2766,0.2877,0.3003,0.31633,2.6e-5,0.00014,1.0e-5,0.0,0.0,0.0,0.0,0.0002,0.288035,0.01643,0.001162,0.25799,0.2766,0.2877,0.3003,0.31633
76.0,0.711964,0.01643,0.001162,0.68367,0.6997,0.7123,0.7234,0.74202,2.3e-5,0.00013,9.0e-6,0.0,0.0,0.0,0.0,0.0002,0.288013,0.01646,0.001164,0.25798,0.2766,0.2877,0.3003,0.31633,2.3e-5,0.00013,9.0e-6,0.0,0.0,0.0,0.0,0.0002,0.288036,0.01643,0.001162,0.25799,0.2766,0.2877,0.3003,0.31633
76.25,0.711964,0.01643,0.001162,0.68367,0.6997,0.7123,0.7234,0.74202,2.2e-5,0.00013,9.0e-6,0.0,0.0,0.0,0.0,0.0002,0.288014,0.01646,0.001164,0.25798,0.2766,0.2877,0.3003,0.31633,2.2e-5,0.00013,9.0e-6,0.0,0.0,0.0,0.0,0.0002,0.288036,0.01643,0.001162,0.25799,0.2766,0.2877,0.3003,0.31633
76.5,0.711961,0.01643,0.001162,0.68367,0.6997,0.7123,0.7234,0.74202,2.6e-5,0.00015,1.1e-5,0.0,0.0,0.0,0.0,0.0002,0.288014,0.01646,0.001164,0.25798,0.2766,0.2877,0.3003,0.31633,2.6e-5,0.00015,1.1e-5,0.0,0.0,0.0,0.0,0.0002,0.288039,0.01643,0.001162,0.25799,0.2766,0.2877,0.3003,0.31633
76.75,0.711961,0.01643,0.001162,0.68367,0.6997,0.7123,0.7234,0.74202,2.5e-5,0.00014,1.0e-5,0.0,0.0,0.0,0.0,0.0002,0.288015,0.01646,0.001164,0.25798,0.2766,0.2877,0.3003,0.31633,2.5e-5,0.00014,1.0e-5,0.0,0.0,0.0,0.0,0.0002,0.28804,0.01643,0.001162,0.25799,0.2766,0.2877,0.3003,0.31633
77.0,0.71196,0.01643,0.001162,0.68367,0.6997,0.7123,0.7234,0.74202,2.5e-5,0.00014,1.0e-5,0.0,0.0,0.0,0.0,0.0002,0.288016,0.01646,0.001164,0.25798,0.2766,0.2877,0.3003,0.31633,2.5e-5,0.00014,1.0e-5,0.0,0.0,0.0,0.0,0.0002,0.288041,0.01643,0.001162,0.25799,0.2766,0.2877,0.3003,0.31633
77.25,0.711959,0.01643,0.001162,0.68367,0.6997,0.7123,0.7234,0.74202,2.4e-5,0.00013,9.0e-6,0.0,0.0,0.0,0.0,0.0003,0.288017,0.01645,0.001163,0.25798,0.2766,0.2877,0.3003,0.31633,2.4e-5,0.00013,9.0e-6,0.0,0.0,0.0,0.0,0.0003,0.288041,0.01643,0.001162,0.25799,0.2766,0.2877,0.3003,0.31633
77.5,0.711958,0.01642,0.001161,0.68367,0.6997,0.7123,0.7234,0.74202,2.3e-5,0.00013,1.0e-5,0.0,0.0,0.0,0.0,0.0003,0.28802,0.01645,0.001163,0.25798,0.2766,0.2877,0.3003,0.31633,2.3e-5,0.00013,1.0e-5,0.0,0.0,0.0,0.0,0.0003,0.288043,0.01642,0.001161,0.25799,0.2766,0.2877,0.3003,0.31633
77.75,0.711956,0.01642,0.001161,0.68367,0.6997,0.7123,0.7234,0.74202,2.4e-5,0.00014,1.0e-5,0.0,0.0,0.0,0.0,0.0003,0.288021,0.01645,0.001163,0.25798,0.2766,0.2877,0.3003,0.31633,2.4e-5,0.00014,1.0e-5,0.0,0.0,0.0,0.0,0.0003,0.288045,0.01642,0.001161,0.25799,0.2766,0.2877,0.3003,0.31633
78.0,0.711954,0.01642,0.001161,0.68367,0.6997,0.7123,0.7234,0.74202,2.4e-5,0.00015,1.0e-5,0.0,0.0,0.0,0.0,0.0003,0.288022,0.01645,0.001163,0.25798,0.2766,0.2877,0.3003,0.31633,2.4e-5,0.00015,1.0e-5,0.0,0.0,0.0,0.0,0.0003,0.288046,0.01642,0.001161,0.25799,0.2766,0.2877,0.3003,0.31633
78.25,0.711952,0.01642,0.001161,0.68367,0.6997,0.7123,0.7234,0.74202,2.6e-5,0.00015,1.1e-5,0.0,0.0,0.0,0.0,0.0003,0.288022,0.01645,0.001163,0.25798,0.2766,0.2877,0.3003,0.31633,2.6e-5,0.00015,1.1e-5,0.0,0.0,0.0,0.0,0.0003,0.288048,0.01642,0.001161,0.25799,0.2766,0.2877,0.3003,0.31633
78.5,0.711952,0.01642,0.001161,0.68367,0.6997,0.7123,0.7234,0.74202,2.6e-5,0.00015,1.1e-5,0.0,0.0,0.0,0.0,0.0003,0.288023,0.01645,0.001163,0.25798,0.2766,0.2877,0.3003,0.31633,2.6e-5,0.00015,1.1e-5,0.0,0.0,0.0,0.0,0.0003,0.288049,0.01642,0.001161,0.25799,0.2766,0.2877,0.3003,0.31633
78.75,0.711952,0.01642,0.001161,0.68367,0.6997,0.7123,0.7234,0.74202,2.6e-5,0.00015,1.0e-5,0.0,0.0,0.0,0.0,0.0003,0.288023,0.01645,0.001163,0.25798,0.2766,0.2877,0.3003,0.31633,2.6e-5,0.00015,1.0e-5,0.0,0.0,0.0,0.0,0.0003,0.288049,0.01642,0.001161,0.25799,0.2766,0.2877,0.3003,0.31633
79.0,0.711951,0.01642,0.001161,0.68367,0.6997,0.7123,0.7234,0.74202,2.6e-5,0.00015,1.1e-5,0.0,0.0,0.0,0.0,0.0003,0.288024,0.01645,0.001163,0.25798,0.2766,0.2877,0.3003,0.31633,2.6e-5,0.00015,1.1e-5,0.0,0.0,0.0,0.0,0.0003,0.288049,0.01642,0.001161,0.25799,0.2766,0.2877,0.3003,0.31633
79.25,0.71195,0.01642,0.001161,0.68367,0.6997,0.7123,0.7234,0.74202,2.4e-5,0.00014,1.0e-5,0.0,0.0,0.0,0.0,0.0003,0.288026,0.01644,0.001163,0.25798,0.2766,0.2877,0.3003,0.31633,2.4e-5,0.00014,1.0e-5,0.0,0.0,0.0,0.0,0.0003,0.28805,0.01642,0.001161,0.25799,0.2766,0.2877,0.3003,0.31633
79.5,0.711949,0.01642,0.001161,0.68367,0.6997,0.7123,0.7234,0.74202,2.4e-5,0.00015,1.1e-5,0.0,0.0,0.0,0.0,0.0003,0.288026,0.01644,0.001163,0.25798,0.2766,0.2877,0.3003,0.31633,2.4e-5,0.00015,1.1e-5,0.0,0.0,0.0,0.0,0.0003,0.288051,0.01642,0.001161,0.25799,0.2766,0.2877,0.3003,0.31633
79.75,0.711947,0.01641,0.00116,0.68367,0.6997,0.7123,0.7234,0.74202,2.6e-5,0.00017,1.2e-5,0.0,0.0,0.0,0.0,0.0003,0.288028,0.01644,0.001163,0.25798,0.2766,0.2877,0.3003,0.31633,2.6e-5,0.00017,1.2e-5,0.0,0.0,0.0,0.0,0.0003,0.288053,0.01641,0.00116,0.25799,0.2766,0.2877,0.3003,0.31633
80.0,0.711945,0.01641,0.00116,0.68367,0.6997,0.7123,0.7234,0.74202,2.6e-5,0.00017,1.2e-5,0.0,0.0,0.0,0.0,0.0002,0.28803,0.01644,0.001163,0.25798,0.2766,0.2877,0.3003,0.31633,2.6e-5,0.00017,1.2e-5,0.0,0.0,0.0,0.0,0.0002,0.288055,0.01641,0.00116,0.25799,0.2766,0.2877,0.3003,0.31633
