t,cond.S.mean,cond.S.sd,cond.S.se,cond.S.q025,cond.S.q25,cond.S.q50,cond.S.q75,cond.S.q975,cond.I.mean,cond.I.sd,cond.I.se,cond.I.q025,cond.I.q25,cond.I.q50,cond.I.q75,cond.I.q975,cond.R.mean,cond.R.sd,cond.R.se,cond.R.q025,cond.R.q25,cond.R.q50,cond.R.q75,cond.R.q975,cond.infectious.mean,cond.infectious.sd,cond.infectious.se,cond.infectious.q025,cond.infectious.q25,cond.infectious.q50,cond.infectious.q75,cond.infectious.q975,cond.cumulative.mean,cond.cumulative.sd,cond.cumulative.se,cond.cumulative.q025,cond.cumulative.q25,cond.cumulative.q50,cond.cumulative.q75,cond.cumulative.q975
0.0,0.99,0.0,0.0,0.99,0.99,0.99,0.99,0.99,0.01,0.0,0.0,0.01,0.01,0.01,0.01,0.01,0.0,0.0,0.0,0.0,0.0,0.0,0.0,0.0,0.01,0.0,0.0,0.01,0.01,0.01,0.01,0.01,0.01,0.0,0.0,0.01,0.01,0.01,0.01,0.01
0.25,0.989288,8.0e-5,1.9e-5,0.98913,0.98926,0.9893,0.98934,0.98941,0.010084,9.0e-5,2.1e-5,0.00995,0.01002,0.01008,0.01012,0.01028,0.000628,6.0e-5,1.3e-5,0.00053,0.00058,0.00064,0.00067,0.0007,0.010084,9.0e-5,2.1e-5,0.00995,0.01002,0.01008,0.01012,0.01028,0.010712,8.0e-5,1.9e-5,0.01059,0.01065,0.0107,0.01074,0.01087
0.5,0.988491,0.00013,2.9e-5,0.98825,0.98842,0.98848,0.98856,0.98871,0.010243,0.00016,3.6e-5,0.00998,0.01014,0.01026,0.01034,0.01054,0.001266,8.0e-5,1.9e-5,0.00114,0.00123,0.00126,0.00128,0.00144,0.010243,0.00016,3.6e-5,0.00998,0.01014,0.01026,0.01034,0.01054,0.011509,0.00013,2.9e-5,0.01129,0.01144,0.01152,0.01158,0.01175
0.75,0.987604,0.00018,4.1e-5,0.98723,0.98754,0.98762,0.9877,0.98789,0.010467,0.0002,4.6e-5,0.01015,0.01036,0.01044,0.0106,0.01083,0.001928,9.0e-5,1.9e-5,0.0018,0.00186,0.00192,0.00198,0.00208,0.010467,0.0002,4.6e-5,0.01015,0.01036,0.01044,0.0106,0.01083,0.012396,0.00018,4.1e-5,0.01211,0.0123,0.01238,0.01246,0.01277
1.0,0.986674,0.00027,6.0e-5,0.98617,0.9865,0.98669,0.98684,0.98708,0.010737,0.00029,6.5e-5,0.01031,0.01052,0.01069,0.01092,0.01124,0.00259,0.00014,3.1e-5,0.00233,0.00251,0.00261,0.00269,0.00277,0.010737,0.00029,6.5e-5,0.01031,0.01052,0.01069,0.01092,0.01124,0.013327,0.00027,6.0e-5,0.01292,0.01316,0.01331,0.0135,0.01383
1.25,0.98568,0.00027,6.0e-5,0.98507,0.98558,0.98576,0.98583,0.98603,0.011044,0.00031,6.8e-5,0.01068,0.0108,0.01096,0.0112,0.01167,0.003276,0.00013,2.9e-5,0.00306,0.00318,0.00328,0.00334,0.00349,0.011044,0.00031,6.8e-5,0.01068,0.0108,0.01096,0.0112,0.01167,0.01432,0.00027,6.0e-5,0.01397,0.01417,0.01424,0.01442,0.01493
1.5,0.984589,0.00034,7.7e-5,0.98381,0.98447,0.98462,0.98479,0.9851,0.011427,0.0004,8.8e-5,0.0108,0.01122,0.0114,0.01158,0.01226,0.003984,0.00015,3.4e-5,0.00376,0.00388,0.004,0.00405,0.00428,0.011427,0.0004,8.8e-5,0.0108,0.01122,0.0114,0.01158,0.01226,0.015411,0.00034,7.7e-5,0.0149,0.01521,0.01538,0.01553,0.01619
1.75,0.983406,0.00038,8.5e-5,0.98266,0.98312,0.9835,0.98364,0.98398,0.011874,0.00043,9.5e-5,0.01124,0.01161,0.01178,0.01212,0.01273,0.00472,0.00018,4.0e-5,0.00441,0.00458,0.00474,0.00482,0.00504,0.011874,0.00043,9.5e-5,0.01124,0.01161,0.01178,0.01212,0.01273,0.016594,0.00038,8.5e-5,0.01602,0.01636,0.0165,0.01688,0.01734
2.0,0.98216,0.00045,0.000101,0.98131,0.98189,0.98225,0.98246,0.98288,0.012369,0.00044,9.7e-5,0.01176,0.0121,0.01233,0.01257,0.01328,0.005471,0.00019,4.2e-5,0.00515,0.0054,0.00547,0.00557,0.00581,0.012369,0.00044,9.7e-5,0.01176,0.0121,0.01233,0.01257,0.01328,0.01784,0.00045,0.000101,0.01712,0.01754,0.01775,0.01811,0.01869
2.25,0.980834,0.00051,0.000114,0.97983,0.98051,0.98102,0.98116,0.98157,0.012926,0.00046,0.000104,0.01225,0.01262,0.01282,0.01328,0.01384,0.00624,0.00016,3.6e-5,0.00597,0.00615,0.00622,0.00632,0.00654,0.012926,0.00046,0.000104,0.01225,0.01262,0.01282,0.01328,0.01384,0.019165,0.00051,0.000114,0.01843,0.01884,0.01897,0.01949,0.02017
2.5,0.979404,0.00065,0.000145,0.97813,0.97904,0.97958,0.97987,0.98029,0.013571,0.00062,0.000138,0.01273,0.01316,0.01344,0.01406,0.01471,0.007024,0.00017,3.8e-5,0.00674,0.00692,0.007,0.00714,0.00732,0.013571,0.00062,0.000138,0.01273,0.01316,0.01344,0.01406,0.01471,0.020595,0.00065,0.000145,0.01971,0.02013,0.02042,0.02096,0.02187
2.75,0.977904,0.00077,0.000172,0.9763,0.97752,0.97806,0.97838,0.97894,0.014225,0.00072,0.00016,0.01326,0.01377,0.01403,0.01474,0.01569,0.007872,0.00016,3.7e-5,0.00761,0.00778,0.00786,0.00799,0.00817,0.014225,0.00072,0.00016,0.01326,0.01377,0.01403,0.01474,0.01569,0.022096,0.00077,0.000172,0.02106,0.02162,0.02194,0.02248,0.0237
3.0,0.976281,0.0009,0.000201,0.97442,0.97592,0.97637,0.97682,0.97756,0.014958,0.00078,0.000175,0.01379,0.01456,0.01484,0.01538,0.01663,0.008761,0.0002,4.5e-5,0.00845,0.00858,0.00875,0.00888,0.0091,0.014958,0.00078,0.000175,0.01379,0.01456,0.01484,0.01538,0.01663,0.023719,0.0009,0.000201,0.02244,0.02318,0.02363,0.02408,0.02558
3.25,0.974536,0.00102,0.000228,0.97251,0.97408,0.97478,0.97517,0.97596,0.01577,0.00082,0.000184,0.01453,0.01526,0.01565,0.01618,0.01737,0.009693,0.00025,5.7e-5,0.00933,0.00954,0.00968,0.00982,0.01017,0.01577,0.00082,0.000184,0.01453,0.01526,0.01565,0.01618,0.01737,0.025464,0.00102,0.000228,0.02404,0.02483,0.02522,0.02592,0.02749
3.5,0.972689,0.00116,0.000258,0.97045,0.97219,0.97302,0.97351,0.97419,0.016576,0.0009,0.000201,0.01529,0.01596,0.01634,0.01702,0.01833,0.010735,0.00032,7.2e-5,0.01031,0.01046,0.01072,0.01093,0.01134,0.016576,0.0009,0.000201,0.01529,0.01596,0.01634,0.01702,0.01833,0.027311,0.00116,0.000258,0.02581,0.02649,0.02698,0.02781,0.02955
3.75,0.970722,0.00125,0.00028,0.96835,0.97002,0.97105,0.97164,0.97239,0.017501,0.0009,0.000202,0.01618,0.01686,0.01732,0.01802,0.01917,0.011776,0.00042,9.3e-5,0.0112,0.01141,0.0118,0.012,0.01254,0.017501,0.0009,0.000202,0.01618,0.01686,0.01732,0.01802,0.01917,0.029278,0.00125,0.00028,0.02761,0.02836,0.02895,0.02998,0.03165
4.0,0.968645,0.00145,0.000323,0.96597,0.96779,0.96898,0.96968,0.9707,0.018481,0.00107,0.000239,0.01688,0.01781,0.01829,0.01904,0.02049,0.012874,0.00046,0.000104,0.01218,0.01247,0.01287,0.01314,0.01366,0.018481,0.00107,0.000239,0.01688,0.01781,0.01829,0.01904,0.02049,0.031354,0.00145,0.000323,0.0293,0.03032,0.03102,0.03221,0.03403
4.25,0.966436,0.00165,0.000369,0.96344,0.96535,0.96683,0.9675,0.96885,0.019524,0.00117,0.000262,0.01775,0.0188,0.01917,0.02032,0.02162,0.01404,0.00056,0.000125,0.01323,0.01366,0.0139,0.01444,0.01501,0.019524,0.00117,0.000262,0.01775,0.0188,0.01917,0.02032,0.02162,0.033565,0.00165,0.000369,0.03115,0.03249,0.03317,0.03465,0.03656
4.5,0.964098,0.00187,0.000418,0.96074,0.96295,0.96469,0.96532,0.9668,0.020582,0.00135,0.000302,0.01847,0.0197,0.02015,0.02154,0.02291,0.01532,0.00061,0.000137,0.01433,0.01494,0.01522,0.01574,0.01635,0.020582,0.00135,0.000302,0.01847,0.0197,0.02015,0.02154,0.02291,0.035902,0.00187,0.000418,0.0332,0.03468,0.03531,0.03705,0.03926
4.75,0.961658,0.00213,0.000475,0.95789,0.96056,0.96232,0.96308,0.96471,0.021707,0.00153,0.000342,0.01926,0.02065,0.02134,0.02277,0.0243,0.016635,0.0007,0.000156,0.01557,0.01622,0.01648,0.01702,0.01787,0.021707,0.00153,0.000342,0.01926,0.02065,0.02134,0.02277,0.0243,0.038342,0.00213,0.000475,0.03529,0.03692,0.03768,0.03944,0.04211
5.0,0.959108,0.00232,0.000518,0.95505,0.95753,0.95996,0.96079,0.9624,0.02284,0.00162,0.000361,0.02028,0.02182,0.02238,0.02416,0.02543,0.018052,0.00081,0.000182,0.01687,0.01752,0.01792,0.01849,0.01951,0.02284,0.00162,0.000361,0.02028,0.02182,0.02238,0.02416,0.02543,0.040892,0.00232,0.000518,0.0376,0.03921,0.04004,0.04247,0.04495
5.25,0.956435,0.00252,0.000564,0.95213,0.95472,0.95726,0.95826,0.96006,0.024048,0.00168,0.000376,0.02146,0.02297,0.0234,0.02542,0.02662,0.019517,0.00093,0.000208,0.01824,0.01884,0.01933,0.01999,0.02126,0.024048,0.00168,0.000376,0.02146,0.02297,0.0234,0.02542,0.02662,0.043565,0.00252,0.000564,0.03994,0.04174,0.04274,0.04528,0.04787
5.5,0.953614,0.00265,0.000592,0.94926,0.9516,0.95453,0.9555,0.95756,0.025306,0.00172,0.000385,0.02245,0.02404,0.02491,0.02683,0.02782,0.021081,0.00106,0.000236,0.01969,0.02043,0.02085,0.02173,0.02316,0.025306,0.00172,0.000385,0.02245,0.02404,0.02491,0.02683,0.02782,0.046386,0.00265,0.000592,0.04244,0.0445,0.04547,0.0484,0.05074
5.75,0.950776,0.00277,0.00062,0.94636,0.94858,0.9515,0.9526,0.95504,0.026584,0.00177,0.000395,0.02351,0.02524,0.02615,0.02815,0.02913,0.02264,0.00118,0.000263,0.02108,0.02192,0.02227,0.02325,0.02484,0.026584,0.00177,0.000395,0.02351,0.02524,0.02615,0.02815,0.02913,0.049224,0.00277,0.00062,0.04496,0.0474,0.0485,0.05142,0.05364
6.0,0.947747,0.00297,0.000663,0.94314,0.94521,0.94848,0.94973,0.95239,0.02791,0.00188,0.000419,0.02454,0.02652,0.02754,0.02978,0.03044,0.024343,0.00126,0.000281,0.02267,0.02356,0.02395,0.02502,0.02664,0.02791,0.00188,0.000419,0.02454,0.02652,0.02754,0.02978,0.03044,0.052253,0.00297,0.000663,0.04761,0.05027,0.05152,0.05478,0.05686
6.25,0.944557,0.00311,0.000696,0.93958,0.94179,0.9451,0.94672,0.94947,0.029293,0.00194,0.000434,0.02584,0.02797,0.029,0.03129,0.03208,0.02615,0.00132,0.000294,0.02436,0.02536,0.0257,0.02693,0.0286,0.029293,0.00194,0.000434,0.02584,0.02797,0.029,0.03129,0.03208,0.055442,0.00311,0.000696,0.05053,0.05328,0.0549,0.05821,0.06042
6.5,0.941302,0.00324,0.000725,0.93625,0.93837,0.94197,0.94359,0.94655,0.030685,0.00197,0.000441,0.02712,0.02927,0.03034,0.03252,0.03346,0.028014,0.0014,0.000314,0.02621,0.02684,0.02763,0.02872,0.03067,0.030685,0.00197,0.000441,0.02712,0.02927,0.03034,0.03252,0.03346,0.058698,0.00324,0.000725,0.05345,0.05641,0.05803,0.06164,0.06375
6.75,0.93789,0.00341,0.000764,0.9326,0.93482,0.93866,0.9403,0.94345,0.032176,0.00209,0.000467,0.02855,0.03075,0.03187,0.03396,0.03527,0.029933,0.00147,0.000328,0.028,0.02882,0.02954,0.03077,0.03263,0.032176,0.00209,0.000467,0.02855,0.03075,0.03187,0.03396,0.03527,0.06211,0.00341,0.000764,0.05655,0.0597,0.06134,0.06518,0.0674
7.0,0.934412,0.00359,0.000802,0.92883,0.93132,0.93538,0.93675,0.94044,0.033552,0.00216,0.000482,0.02972,0.03209,0.0333,0.03532,0.03671,0.032035,0.00159,0.000356,0.02981,0.0309,0.03158,0.03287,0.03502,0.033552,0.00216,0.000482,0.02972,0.03209,0.0333,0.03532,0.03671,0.065588,0.00359,0.000802,0.05956,0.06325,0.06462,0.06868,0.07117
7.25,0.930838,0.00382,0.000854,0.92484,0.92732,0.93196,0.93312,0.9374,0.034989,0.00224,0.0005,0.031,0.03361,0.03456,0.03698,0.03826,0.034173,0.00176,0.000394,0.0316,0.03303,0.03374,0.03522,0.03738,0.034989,0.00224,0.0005,0.031,0.03361,0.03456,0.03698,0.03826,0.069162,0.00382,0.000854,0.0626,0.06688,0.06804,0.07268,0.07516
7.5,0.927235,0.00401,0.000898,0.92086,0.92374,0.92851,0.92967,0.93423,0.036325,0.0023,0.000515,0.03223,0.03498,0.03572,0.03849,0.03995,0.03644,0.00193,0.000431,0.03354,0.03525,0.03601,0.03752,0.03991,0.036325,0.0023,0.000515,0.03223,0.03498,0.03572,0.03849,0.03995,0.072764,0.00401,0.000898,0.06577,0.07033,0.07149,0.07626,0.07914
7.75,0.923529,0.00421,0.000942,0.91668,0.91989,0.92487,0.92612,0.93079,0.037694,0.0024,0.000537,0.03359,0.03608,0.03706,0.04005,0.04159,0.038778,0.00204,0.000456,0.03562,0.03759,0.03818,0.04008,0.04248,0.037694,0.0024,0.000537,0.03359,0.03608,0.03706,0.04005,0.04159,0.076472,0.00421,0.000942,0.06921,0.07388,0.07513,0.08011,0.08332
8.0,0.91966,0.00447,0.000999,0.91212,0.91631,0.92112,0.9224,0.92716,0.039145,0.00251,0.000562,0.03516,0.03757,0.03835,0.04138,0.04347,0.041195,0.0022,0.000491,0.03768,0.03985,0.04058,0.0428,0.04494,0.039145,0.00251,0.000562,0.03516,0.03757,0.03835,0.04138,0.04347,0.08034,0.00447,0.000999,0.07284,0.0776,0.07888,0.0837,0.08788
8.25,0.91571,0.00469,0.001049,0.90762,0.91247,0.91706,0.91843,0.92353,0.040532,0.00264,0.000591,0.03628,0.03896,0.03992,0.04232,0.04525,0.043758,0.00229,0.000513,0.04019,0.04224,0.04307,0.04544,0.04764,0.040532,0.00264,0.000591,0.03628,0.03896,0.03992,0.04232,0.04525,0.08429,0.00469,0.001049,0.07647,0.08157,0.08294,0.08753,0.09238
8.5,0.911764,0.00492,0.0011,0.90312,0.90847,0.91307,0.91468,0.91989,0.041887,0.00274,0.000612,0.03741,0.04028,0.0415,0.04346,0.04667,0.04635,0.00241,0.00054,0.0427,0.04462,0.04558,0.04826,0.05042,0.041887,0.00274,0.000612,0.03741,0.04028,0.0415,0.04346,0.04667,0.088236,0.00492,0.0011,0.08011,0.08532,0.08693,0.09153,0.09688
8.75,0.907732,0.00512,0.001144,0.89878,0.90422,0.90891,0.91079,0.91601,0.043269,0.00285,0.000637,0.03884,0.04139,0.043,0.04496,0.04834,0.049,0.00249,0.000556,0.04513,0.04724,0.0483,0.051,0.05309,0.043269,0.00285,0.000637,0.03884,0.04139,0.043,0.04496,0.04834,0.092268,0.00512,0.001144,0.08399,0.08921,0.09108,0.09578,0.10122
9.0,0.903663,0.00525,0.001173,0.89437,0.9002,0.90463,0.90671,0.9121,0.044507,0.00281,0.000629,0.04002,0.04265,0.04432,0.04587,0.04971,0.05183,0.00264,0.000591,0.04758,0.05025,0.05121,0.054,0.05621,0.044507,0.00281,0.000629,0.04002,0.04265,0.04432,0.04587,0.04971,0.096337,0.00525,0.001173,0.0879,0.09329,0.09537,0.0998,0.10563
9.25,0.899547,0.00537,0.001201,0.89036,0.8955,0.90064,0.90274,0.90822,0.045833,0.00282,0.000631,0.04143,0.04396,0.04552,0.04754,0.05106,0.05462,0.00281,0.000629,0.04993,0.05309,0.05414,0.05691,0.05925,0.045833,0.00282,0.000631,0.04143,0.04396,0.04552,0.04754,0.05106,0.100454,0.00537,0.001201,0.09178,0.09726,0.09936,0.1045,0.10964
9.5,0.895451,0.00549,0.001227,0.88596,0.89135,0.8963,0.8987,0.90425,0.047068,0.00278,0.000623,0.0426,0.04532,0.04683,0.04876,0.05251,0.057482,0.00302,0.000675,0.05235,0.05589,0.05694,0.05972,0.06235,0.047068,0.00278,0.000623,0.0426,0.04532,0.04683,0.04876,0.05251,0.104549,0.00549,0.001227,0.09575,0.1013,0.1037,0.10865,0.11404
9.75,0.891345,0.00556,0.001243,0.88178,0.88718,0.89217,0.89457,0.90035,0.04825,0.00274,0.000612,0.04386,0.04662,0.04798,0.04985,0.05377,0.060406,0.00314,0.000703,0.05504,0.05873,0.05982,0.06284,0.06546,0.04825,0.00274,0.000612,0.04386,0.04662,0.04798,0.04985,0.05377,0.108655,0.00556,0.001243,0.09965,0.10543,0.10783,0.11282,0.11822
10.0,0.887201,0.00569,0.001272,0.87766,0.8828,0.88796,0.89062,0.89646,0.049354,0.00275,0.000614,0.04514,0.04761,0.04932,0.05109,0.05482,0.063446,0.0033,0.000738,0.0578,0.06151,0.06282,0.06606,0.06876,0.049354,0.00275,0.000614,0.04514,0.04761,0.04932,0.05109,0.05482,0.1128,0.00569,0.001272,0.10354,0.10938,0.11204,0.1172,0.12234
10.25,0.882958,0.00582,0.001302,0.87315,0.87829,0.88366,0.88617,0.89253,0.050482,0.00276,0.000618,0.046,0.04902,0.0502,0.05248,0.05579,0.066561,0.00341,0.000762,0.06093,0.06476,0.06581,0.06917,0.07226,0.050482,0.00276,0.000618,0.046,0.04902,0.0502,0.05248,0.05579,0.117042,0.00582,0.001302,0.10747,0.11383,0.11634,0.12171,0.12685
10.5,0.878682,0.00596,0.001333,0.8686,0.87397,0.87948,0.8819,0.88877,0.051609,0.00273,0.000611,0.04686,0.05032,0.05154,0.0535,0.05665,0.06971,0.00358,0.000802,0.06401,0.06769,0.06891,0.07244,0.07589,0.051609,0.00273,0.000611,0.04686,0.05032,0.05154,0.0535,0.05665,0.121318,0.00596,0.001333,0.11123,0.1181,0.12052,0.12604,0.1314
10.75,0.874451,0.00606,0.001356,0.86422,0.8701,0.87538,0.87751,0.88479,0.052556,0.00268,0.0006,0.04774,0.0513,0.0524,0.054,0.05735,0.072993,0.00375,0.00084,0.06703,0.07071,0.07206,0.07602,0.07925,0.052556,0.00268,0.0006,0.04774,0.0513,0.0524,0.054,0.05735,0.125549,0.00606,0.001356,0.11521,0.12249,0.12462,0.1299,0.13578
11.0,0.870405,0.00614,0.001372,0.85989,0.86628,0.87123,0.87352,0.88104,0.053244,0.00267,0.000598,0.04837,0.05211,0.05295,0.05476,0.05806,0.076351,0.00383,0.000856,0.07026,0.07402,0.07561,0.07947,0.08264,0.053244,0.00267,0.000598,0.04837,0.05211,0.05295,0.05476,0.05806,0.129595,0.00614,0.001372,0.11896,0.12648,0.12877,0.13372,0.14011
11.25,0.866261,0.00625,0.001397,0.85527,0.86204,0.86723,0.86938,0.87712,0.054096,0.00272,0.000609,0.04932,0.05289,0.05398,0.05536,0.05931,0.079643,0.00392,0.000877,0.07336,0.07736,0.07886,0.0827,0.0861,0.054096,0.00272,0.000609,0.04932,0.05289,0.05398,0.05536,0.05931,0.133739,0.00625,0.001397,0.12288,0.13062,0.13277,0.13796,0.14473
11.5,0.86217,0.00631,0.00141,0.85097,0.85822,0.86292,0.86515,0.87294,0.054805,0.00262,0.000586,0.05013,0.05345,0.05478,0.05598,0.05973,0.083026,0.00407,0.000911,0.07642,0.08064,0.08217,0.08616,0.08983,0.054805,0.00262,0.000586,0.05013,0.05345,0.05478,0.05598,0.05973,0.13783,0.00631,0.00141,0.12706,0.13485,0.13709,0.14178,0.14903
11.75,0.858057,0.00637,0.001424,0.84673,0.85403,0.85885,0.86118,0.86891,0.055455,0.00258,0.000576,0.05084,0.05433,0.0555,0.05663,0.06041,0.086488,0.00414,0.000926,0.07964,0.08408,0.08589,0.0896,0.09342,0.055455,0.00258,0.000576,0.05084,0.05433,0.0555,0.05663,0.06041,0.141943,0.00637,0.001424,0.13109,0.13882,0.14116,0.14597,0.15327
12.0,0.854142,0.0065,0.001453,0.84249,0.85009,0.85488,0.85765,0.8653,0.055877,0.00256,0.000572,0.05143,0.05453,0.05621,0.05688,0.06079,0.089981,0.0043,0.000961,0.0828,0.08762,0.08939,0.0932,0.09722,0.055877,0.00256,0.000572,0.05143,0.05453,0.05621,0.05688,0.06079,0.145858,0.0065,0.001453,0.1347,0.14235,0.14512,0.14991,0.15751
12.25,0.850122,0.00649,0.001452,0.83837,0.84617,0.8509,0.85353,0.86124,0.056386,0.00248,0.000555,0.05195,0.05527,0.05674,0.05715,0.06112,0.093492,0.00447,0.001,0.08598,0.09106,0.09292,0.09694,0.10104,0.056386,0.00248,0.000555,0.05195,0.05527,0.05674,0.05715,0.06112,0.149878,0.00649,0.001452,0.13876,0.14647,0.1491,0.15383,0.16163
12.5,0.846155,0.00654,0.001463,0.83402,0.8423,0.84709,0.84988,0.85712,0.056835,0.00248,0.000554,0.0525,0.0558,0.05703,0.05748,0.06186,0.09701,0.00452,0.001012,0.08944,0.09462,0.09658,0.10067,0.10466,0.056835,0.00248,0.000554,0.0525,0.0558,0.05703,0.05748,0.06186,0.153845,0.00654,0.001463,0.14288,0.15012,0.15291,0.1577,0.16598
12.75,0.842258,0.00663,0.001482,0.83005,0.83828,0.84327,0.84626,0.85324,0.057196,0.00234,0.000523,0.05297,0.05648,0.05722,0.05808,0.06184,0.100546,0.00477,0.001067,0.09254,0.09783,0.10032,0.10433,0.10851,0.057196,0.00234,0.000523,0.05297,0.05648,0.05722,0.05808,0.06184,0.157741,0.00663,0.001482,0.14676,0.15374,0.15673,0.16172,0.16995
13.0,0.838506,0.00665,0.001487,0.82599,0.83455,0.83936,0.84298,0.84951,0.057382,0.00234,0.000522,0.05301,0.05666,0.05765,0.05801,0.06199,0.104112,0.00488,0.001091,0.09605,0.10152,0.10383,0.10814,0.11221,0.057382,0.00234,0.000522,0.05301,0.05666,0.05765,0.05801,0.06199,0.161494,0.00665,0.001487,0.15049,0.15702,0.16064,0.16545,0.17401
13.25,0.834746,0.00674,0.001508,0.82171,0.83089,0.83556,0.8391,0.84588,0.057535,0.00232,0.000518,0.05329,0.05691,0.05749,0.05844,0.06228,0.10772,0.00499,0.001116,0.09952,0.10476,0.10722,0.11187,0.11606,0.057535,0.00232,0.000518,0.05329,0.05691,0.05749,0.05844,0.06228,0.165254,0.00674,0.001508,0.15412,0.16091,0.16444,0.16911,0.17829
13.5,0.831054,0.00675,0.001509,0.81779,0.82726,0.83197,0.83547,0.84186,0.057624,0.00227,0.000508,0.05357,0.05682,0.05754,0.05812,0.06245,0.111322,0.00507,0.001134,0.10285,0.10814,0.11054,0.11539,0.11976,0.057624,0.00227,0.000508,0.05357,0.05682,0.05754,0.05812,0.06245,0.168946,0.00675,0.001509,0.15814,0.16453,0.16802,0.17274,0.18221
13.75,0.827419,0.00675,0.00151,0.81397,0.82377,0.82824,0.83179,0.83804,0.057763,0.00224,0.000502,0.05384,0.05705,0.05767,0.05806,0.06262,0.114818,0.00512,0.001144,0.10627,0.11169,0.11396,0.11887,0.12341,0.057763,0.00224,0.000502,0.05384,0.05705,0.05767,0.05806,0.06262,0.17258,0.00675,0.00151,0.16196,0.16821,0.17176,0.17624,0.18603
14.0,0.823853,0.00679,0.001518,0.81032,0.82023,0.82424,0.8281,0.83456,0.057684,0.00217,0.000486,0.05393,0.05702,0.05752,0.05822,0.06234,0.118464,0.00518,0.001158,0.10969,0.11534,0.11762,0.12241,0.12735,0.057684,0.00217,0.000486,0.05393,0.05702,0.05752,0.05822,0.06234,0.176148,0.00679,0.001518,0.16544,0.1719,0.17576,0.17977,0.18968
14.25,0.820392,0.00685,0.001532,0.80667,0.81671,0.82083,0.8243,0.83117,0.057537,0.00216,0.000482,0.05398,0.05663,0.05748,0.05806,0.06209,0.122071,0.00526,0.001177,0.11321,0.11866,0.12118,0.12618,0.13124,0.057537,0.00216,0.000482,0.05398,0.05663,0.05748,0.05806,0.06209,0.179608,0.00685,0.001532,0.16883,0.1757,0.17917,0.18329,0.19333
14.5,0.816983,0.00694,0.001552,0.80305,0.81335,0.81748,0.82072,0.8279,0.057342,0.00216,0.000484,0.05382,0.05652,0.05714,0.05797,0.06172,0.125674,0.00541,0.00121,0.11649,0.12228,0.12484,0.12966,0.13522,0.057342,0.00216,0.000484,0.05382,0.05652,0.05714,0.05797,0.06172,0.183017,0.00694,0.001552,0.1721,0.17928,0.18252,0.18665,0.19695
14.75,0.813594,0.00697,0.001559,0.79947,0.80994,0.8141,0.81702,0.82462,0.057168,0.00212,0.000474,0.05396,0.05592,0.05706,0.05777,0.06157,0.129238,0.00547,0.001224,0.11972,0.12608,0.12854,0.13296,0.13896,0.057168,0.00212,0.000474,0.05396,0.05592,0.05706,0.05777,0.06157,0.186406,0.00697,0.001559,0.17538,0.18298,0.18589,0.19006,0.20053
15.0,0.810332,0.00697,0.001559,0.7962,0.80666,0.81089,0.81369,0.82138,0.056813,0.00205,0.000459,0.05363,0.05563,0.05673,0.05766,0.061,0.132855,0.00557,0.001245,0.12343,0.12949,0.13219,0.13673,0.14279,0.056813,0.00205,0.000459,0.05363,0.05563,0.05673,0.05766,0.061,0.189668,0.00697,0.001559,0.17862,0.18631,0.1891,0.19334,0.2038
15.25,0.807146,0.00698,0.001562,0.79308,0.80352,0.8077,0.8105,0.81841,0.056462,0.0021,0.00047,0.05284,0.05533,0.05652,0.05737,0.06029,0.136392,0.00564,0.001262,0.12673,0.13317,0.13565,0.14006,0.14664,0.056462,0.0021,0.00047,0.05284,0.05533,0.05652,0.05737,0.06029,0.192853,0.00698,0.001562,0.18159,0.1895,0.1923,0.19648,0.20692
15.5,0.8041,0.00692,0.001546,0.79009,0.80049,0.80467,0.80746,0.81528,0.056009,0.002,0.000448,0.05236,0.05487,0.05604,0.05708,0.05957,0.139891,0.0057,0.001275,0.13021,0.13663,0.13924,0.14324,0.15034,0.056009,0.002,0.000448,0.05236,0.05487,0.05604,0.05708,0.05957,0.1959,0.00692,0.001546,0.18472,0.19254,0.19533,0.19951,0.20991
15.75,0.801024,0.00687,0.001536,0.78689,0.79754,0.80172,0.80425,0.81204,0.055596,0.00194,0.000434,0.05201,0.05416,0.05574,0.05653,0.05898,0.14338,0.00581,0.0013,0.1337,0.13983,0.1425,0.14677,0.15413,0.055596,0.00194,0.000434,0.05201,0.05416,0.05574,0.05653,0.05898,0.198976,0.00687,0.001536,0.18796,0.19575,0.19828,0.20246,0.21311
16.0,0.798056,0.00685,0.001531,0.78376,0.79467,0.79886,0.80119,0.80906,0.055134,0.00191,0.000427,0.05176,0.0538,0.05512,0.05609,0.05848,0.14681,0.00581,0.0013,0.13721,0.14294,0.14624,0.14988,0.15775,0.055134,0.00191,0.000427,0.05176,0.0538,0.05512,0.05609,0.05848,0.201945,0.00685,0.001531,0.19094,0.19881,0.20114,0.20533,0.21624
16.25,0.795172,0.0069,0.001544,0.78076,0.79178,0.79609,0.79842,0.80618,0.054606,0.00191,0.000427,0.05126,0.05322,0.05458,0.05578,0.05801,0.150221,0.00585,0.001307,0.14058,0.14649,0.14964,0.15334,0.16123,0.054606,0.00191,0.000427,0.05126,0.05322,0.05458,0.05578,0.05801,0.204828,0.0069,0.001544,0.19382,0.20158,0.20391,0.20822,0.21924
16.5,0.792251,0.00686,0.001533,0.77796,0.7888,0.7934,0.79528,0.80325,0.05411,0.00179,0.000399,0.05073,0.0529,0.05412,0.05542,0.05708,0.153639,0.0059,0.001319,0.14397,0.14982,0.15322,0.15665,0.16496,0.05411,0.00179,0.000399,0.05073,0.0529,0.05412,0.05542,0.05708,0.207749,0.00686,0.001533,0.19675,0.20472,0.2066,0.2112,0.22204
16.75,0.789466,0.0068,0.001521,0.77534,0.78596,0.7906,0.79234,0.80043,0.05353,0.00163,0.000365,0.05055,0.05253,0.05332,0.05474,0.0561,0.157004,0.00594,0.001328,0.14731,0.15335,0.15646,0.16014,0.16856,0.05353,0.00163,0.000365,0.05055,0.05253,0.05332,0.05474,0.0561,0.210534,0.0068,0.001521,0.19957,0.20766,0.2094,0.21404,0.22466
17.0,0.786808,0.00677,0.001515,0.7729,0.78346,0.7879,0.78978,0.79787,0.05285,0.0016,0.000358,0.04978,0.05206,0.05272,0.0542,0.05522,0.160342,0.00594,0.001328,0.1506,0.15672,0.15967,0.16364,0.17189,0.05285,0.0016,0.000358,0.04978,0.05206,0.05272,0.0542,0.05522,0.213192,0.00677,0.001515,0.20213,0.21022,0.2121,0.21654,0.2271
17.25,0.78421,0.00672,0.001503,0.77049,0.78076,0.78542,0.78731,0.79518,0.052093,0.00151,0.000337,0.04915,0.05137,0.05186,0.0533,0.0543,0.163696,0.00599,0.001339,0.15399,0.15984,0.16306,0.16694,0.17544,0.052093,0.00151,0.000337,0.04915,0.05137,0.05186,0.0533,0.0543,0.21579,0.00672,0.001503,0.20482,0.21269,0.21458,0.21924,0.22951
17.5,0.781666,0.0067,0.001499,0.76782,0.7783,0.78301,0.78481,0.7925,0.051404,0.00149,0.000333,0.04861,0.05067,0.05112,0.05259,0.05359,0.16693,0.00598,0.001336,0.15733,0.16285,0.16635,0.17038,0.17861,0.051404,0.00149,0.000333,0.04861,0.05067,0.05112,0.05259,0.05359,0.218334,0.0067,0.001499,0.2075,0.21519,0.21699,0.2217,0.23218
17.75,0.779288,0.00667,0.001492,0.7654,0.77597,0.78069,0.7824,0.79007,0.050609,0.00154,0.000345,0.0477,0.04973,0.05059,0.05198,0.0527,0.170103,0.00599,0.001339,0.16047,0.16609,0.16958,0.17349,0.18194,0.050609,0.00154,0.000345,0.0477,0.04973,0.05059,0.05198,0.0527,0.220712,0.00667,0.001492,0.20993,0.2176,0.2193,0.22403,0.2346
18.0,0.776872,0.00664,0.001484,0.76302,0.77359,0.77838,0.77995,0.78778,0.049892,0.00147,0.000328,0.04693,0.04924,0.04999,0.05122,0.05166,0.173235,0.00603,0.001348,0.16362,0.16934,0.17266,0.177,0.18535,0.049892,0.00147,0.000328,0.04693,0.04924,0.04999,0.05122,0.05166,0.223128,0.00664,0.001484,0.21222,0.22005,0.22162,0.22641,0.23698
18.25,0.774526,0.00656,0.001466,0.76081,0.77124,0.77598,0.77765,0.78517,0.049173,0.00142,0.000317,0.04657,0.04839,0.04927,0.05038,0.05086,0.176301,0.00604,0.001352,0.16669,0.17242,0.17562,0.18011,0.1885,0.049173,0.00142,0.000317,0.04657,0.04839,0.04927,0.05038,0.05086,0.225474,0.00656,0.001466,0.21483,0.22235,0.22402,0.22876,0.23919
18.5,0.772342,0.00658,0.001472,0.75868,0.76908,0.77376,0.77555,0.78314,0.048292,0.00146,0.000326,0.04538,0.0476,0.04855,0.04957,0.04985,0.179365,0.00604,0.001351,0.16964,0.17578,0.17872,0.18299,0.19164,0.048292,0.00146,0.000326,0.04538,0.0476,0.04855,0.04957,0.04985,0.227657,0.00658,0.001472,0.21686,0.22445,0.22624,0.23092,0.24132
18.75,0.770155,0.00658,0.001472,0.75657,0.7669,0.77152,0.77316,0.78105,0.047465,0.00149,0.000334,0.04448,0.04663,0.04766,0.04874,0.04907,0.182379,0.006,0.001342,0.17279,0.179,0.1818,0.18592,0.1946,0.047465,0.00149,0.000334,0.04448,0.04663,0.04766,0.04874,0.04907,0.229844,0.00658,0.001472,0.21895,0.22684,0.22848,0.2331,0.24343
19.0,0.768062,0.00652,0.001459,0.75469,0.76485,0.76921,0.77105,0.77898,0.046558,0.0015,0.000335,0.04347,0.04598,0.04682,0.04778,0.04835,0.18538,0.00606,0.001354,0.17586,0.18195,0.18447,0.189,0.19778,0.046558,0.0015,0.000335,0.04347,0.04598,0.04682,0.04778,0.04835,0.231937,0.00652,0.001459,0.22102,0.22895,0.23079,0.23515,0.24531
19.25,0.766032,0.00641,0.001434,0.7529,0.76279,0.76705,0.76902,0.7769,0.045688,0.00149,0.000334,0.04251,0.04512,0.04594,0.04669,0.04764,0.18828,0.00602,0.001346,0.17897,0.18488,0.18737,0.19184,0.20065,0.045688,0.00149,0.000334,0.04251,0.04512,0.04594,0.04669,0.04764,0.233968,0.00641,0.001434,0.2231,0.23098,0.23295,0.23721,0.2471
19.5,0.764094,0.00641,0.001433,0.75108,0.76083,0.76506,0.76726,0.77491,0.044803,0.00149,0.000334,0.04161,0.0442,0.04508,0.0458,0.04682,0.191103,0.00599,0.00134,0.18183,0.18774,0.19007,0.19459,0.2034,0.044803,0.00149,0.000334,0.04161,0.0442,0.04508,0.0458,0.04682,0.235905,0.00641,0.001433,0.22509,0.23274,0.23494,0.23917,0.24892
19.75,0.762171,0.0064,0.001431,0.7491,0.75908,0.76312,0.76524,0.77294,0.043929,0.0014,0.000314,0.04087,0.04351,0.04412,0.04504,0.04578,0.193899,0.006,0.001342,0.18464,0.19069,0.19291,0.1972,0.20628,0.043929,0.0014,0.000314,0.04087,0.04351,0.04412,0.04504,0.04578,0.237828,0.0064,0.001431,0.22706,0.23476,0.23688,0.24092,0.2509
20.0,0.760291,0.00639,0.001429,0.74719,0.75728,0.76116,0.76344,0.77098,0.043116,0.00134,0.000299,0.0403,0.04274,0.04328,0.04417,0.04496,0.196592,0.00605,0.001353,0.18731,0.1935,0.19554,0.20002,0.20906,0.043116,0.00134,0.000299,0.0403,0.04274,0.04328,0.04417,0.04496,0.239709,0.00639,0.001429,0.22902,0.23656,0.23884,0.24272,0.25281
20.25,0.758554,0.00634,0.001417,0.74563,0.75558,0.75942,0.76171,0.76927,0.042188,0.00133,0.000297,0.0393,0.04161,0.04235,0.04334,0.04397,0.199257,0.00602,0.001347,0.19001,0.19607,0.19816,0.20258,0.2116,0.042188,0.00133,0.000297,0.0393,0.04161,0.04235,0.04334,0.04397,0.241446,0.00634,0.001417,0.23073,0.23829,0.24058,0.24442,0.25437
20.5,0.756848,0.00626,0.0014,0.74401,0.754,0.75759,0.76009,0.76741,0.041262,0.00129,0.000288,0.03855,0.04068,0.04145,0.04223,0.04305,0.20189,0.00602,0.001346,0.19258,0.19856,0.20088,0.2052,0.21425,0.041262,0.00129,0.000288,0.03855,0.04068,0.04145,0.04223,0.04305,0.243152,0.00626,0.0014,0.23259,0.23991,0.24241,0.246,0.25599
20.75,0.755253,0.00623,0.001393,0.7425,0.75248,0.75578,0.75858,0.76584,0.040306,0.00132,0.000296,0.03778,0.0396,0.04049,0.04103,0.0426,0.204441,0.00605,0.001353,0.19501,0.20113,0.20339,0.2079,0.21693,0.040306,0.00132,0.000296,0.03778,0.0396,0.04049,0.04103,0.0426,0.244747,0.00623,0.001393,0.23416,0.24142,0.24422,0.24752,0.2575
21.0,0.753669,0.00618,0.001382,0.74103,0.75105,0.7542,0.75718,0.76419,0.039421,0.00125,0.00028,0.03706,0.03871,0.03963,0.04011,0.04154,0.20691,0.00602,0.001347,0.19736,0.20367,0.20572,0.2102,0.21944,0.039421,0.00125,0.00028,0.03706,0.03871,0.03963,0.04011,0.04154,0.246331,0.00618,0.001382,0.23581,0.24282,0.2458,0.24895,0.25897
21.25,0.752065,0.00618,0.001382,0.73938,0.74966,0.75262,0.75561,0.76243,0.038558,0.00125,0.000279,0.03642,0.03776,0.0388,0.03926,0.04077,0.209377,0.00607,0.001357,0.19979,0.20622,0.20805,0.21252,0.22214,0.038558,0.00125,0.000279,0.03642,0.03776,0.0388,0.03926,0.04077,0.247935,0.00618,0.001382,0.23757,0.24439,0.24738,0.25034,0.26062
21.5,0.750604,0.00614,0.001374,0.73807,0.74832,0.75128,0.75436,0.76096,0.037729,0.00122,0.000272,0.03561,0.03687,0.03796,0.03846,0.03987,0.211667,0.00601,0.001344,0.20219,0.20866,0.2104,0.21459,0.2244,0.037729,0.00122,0.000272,0.03561,0.03687,0.03796,0.03846,0.03987,0.249396,0.00614,0.001374,0.23904,0.24564,0.24872,0.25168,0.26193
21.75,0.749139,0.00612,0.001369,0.73662,0.7471,0.74972,0.75294,0.7595,0.036897,0.00118,0.000263,0.03503,0.03589,0.03699,0.03772,0.03894,0.213964,0.00602,0.001346,0.20429,0.21088,0.2126,0.21703,0.22665,0.036897,0.00118,0.000263,0.03503,0.03589,0.03699,0.03772,0.03894,0.250861,0.00612,0.001369,0.2405,0.24706,0.25028,0.2529,0.26338
22.0,0.747704,0.00608,0.00136,0.73537,0.74528,0.74816,0.75157,0.75803,0.03608,0.00124,0.000276,0.03414,0.03516,0.03607,0.03723,0.03794,0.216215,0.00609,0.001362,0.20656,0.21312,0.21486,0.21927,0.22893,0.03608,0.00124,0.000276,0.03414,0.03516,0.03607,0.03723,0.03794,0.252295,0.00608,0.00136,0.24197,0.24843,0.25184,0.25472,0.26463
22.25,0.746336,0.00602,0.001347,0.73418,0.74403,0.74669,0.75022,0.75658,0.03522,0.00122,0.000273,0.03333,0.03427,0.035,0.03619,0.03716,0.218444,0.00612,0.001369,0.20849,0.21536,0.2173,0.22166,0.23111,0.03522,0.00122,0.000273,0.03333,0.03427,0.035,0.03619,0.03716,0.253664,0.00602,0.001347,0.24342,0.24978,0.25331,0.25597,0.26582
22.5,0.745028,0.00599,0.00134,0.73296,0.74268,0.74529,0.74882,0.75525,0.034338,0.0012,0.000269,0.03254,0.03344,0.03413,0.03525,0.03613,0.220633,0.00613,0.001371,0.21061,0.2176,0.21946,0.22403,0.23321,0.034338,0.0012,0.000269,0.03254,0.03344,0.03413,0.03525,0.03613,0.254972,0.00599,0.00134,0.24475,0.25118,0.25471,0.25732,0.26704
22.75,0.743758,0.00597,0.001336,0.73179,0.74159,0.74397,0.74748,0.75391,0.033502,0.00115,0.000256,0.03178,0.03277,0.03334,0.03431,0.03547,0.222739,0.00611,0.001366,0.21263,0.21971,0.22179,0.22604,0.23521,0.033502,0.00115,0.000256,0.03178,0.03277,0.03334,0.03431,0.03547,0.256241,0.00597,0.001336,0.24609,0.25252,0.25603,0.25841,0.26821
23.0,0.742532,0.00593,0.001326,0.73064,0.7404,0.74273,0.7463,0.75247,0.032644,0.00116,0.000259,0.0309,0.0318,0.03261,0.03341,0.0347,0.224824,0.00607,0.001357,0.21464,0.2219,0.22394,0.22806,0.23712,0.032644,0.00116,0.000259,0.0309,0.0318,0.03261,0.03341,0.0347,0.257468,0.00593,0.001326,0.24753,0.2537,0.25727,0.2596,0.26936
23.25,0.741342,0.00587,0.001313,0.72961,0.73913,0.74153,0.74492,0.75114,0.031808,0.00118,0.000264,0.03003,0.03091,0.03166,0.03256,0.03388,0.22685,0.00602,0.001347,0.21674,0.22386,0.22596,0.22982,0.23911,0.031808,0.00118,0.000264,0.03003,0.03091,0.03166,0.03256,0.03388,0.258658,0.00587,0.001313,0.24886,0.25508,0.25847,0.26087,0.27039
23.5,0.740198,0.00581,0.001299,0.72867,0.73794,0.74032,0.74376,0.74991,0.031008,0.00116,0.00026,0.02934,0.03005,0.03104,0.03195,0.03299,0.228794,0.00603,0.001348,0.21876,0.2258,0.2281,0.23167,0.2411,0.031008,0.00116,0.00026,0.02934,0.03005,0.03104,0.03195,0.03299,0.259802,0.00581,0.001299,0.25009,0.25624,0.25968,0.26206,0.27133
23.75,0.739091,0.00577,0.001289,0.72758,0.73691,0.73912,0.74267,0.74862,0.030194,0.00115,0.000256,0.02855,0.02912,0.03022,0.03118,0.03216,0.230714,0.00601,0.001343,0.22052,0.22772,0.23016,0.23338,0.24292,0.030194,0.00115,0.000256,0.02855,0.02912,0.03022,0.03118,0.03216,0.260909,0.00577,0.001289,0.25138,0.25733,0.26089,0.26309,0.27242
24.0,0.738035,0.00574,0.001283,0.72659,0.7359,0.73817,0.74152,0.74751,0.029331,0.00108,0.000241,0.02784,0.02835,0.02927,0.03019,0.03113,0.232635,0.00596,0.001333,0.22256,0.22971,0.23224,0.23486,0.24491,0.029331,0.00108,0.000241,0.02784,0.02835,0.02927,0.03019,0.03113,0.261965,0.00574,0.001283,0.25249,0.25848,0.26183,0.2641,0.27341
24.25,0.737014,0.00575,0.001285,0.72562,0.73472,0.73731,0.74028,0.74657,0.028552,0.00113,0.000252,0.02696,0.0276,0.02849,0.02951,0.03041,0.234435,0.00594,0.001327,0.22442,0.2315,0.23406,0.2368,0.24669,0.028552,0.00113,0.000252,0.02696,0.0276,0.02849,0.02951,0.03041,0.262986,0.00575,0.001285,0.25343,0.25972,0.26269,0.26528,0.27438
24.5,0.736026,0.00572,0.00128,0.72471,0.73367,0.7364,0.73909,0.74558,0.027744,0.00113,0.000252,0.02622,0.02679,0.02787,0.02871,0.02964,0.23623,0.00594,0.001328,0.22621,0.23313,0.23587,0.23856,0.24849,0.027744,0.00113,0.000252,0.02622,0.02679,0.02787,0.02871,0.02964,0.263975,0.00572,0.00128,0.25442,0.26091,0.2636,0.26633,0.27529
24.75,0.735058,0.00572,0.001278,0.72372,0.73282,0.73553,0.73806,0.74454,0.026975,0.0011,0.000246,0.02549,0.02605,0.02712,0.0278,0.02885,0.237967,0.00591,0.001322,0.22801,0.23479,0.23761,0.2402,0.25016,0.026975,0.0011,0.000246,0.02549,0.02605,0.02712,0.0278,0.02885,0.264942,0.00572,0.001278,0.25546,0.26194,0.26447,0.26718,0.27628
25.0,0.734161,0.00567,0.001269,0.72295,0.7319,0.73476,0.7371,0.74355,0.026205,0.00111,0.000247,0.02478,0.02523,0.02622,0.02706,0.02816,0.239634,0.00588,0.001315,0.22986,0.23644,0.23922,0.24176,0.25173,0.026205,0.00111,0.000247,0.02478,0.02523,0.02622,0.02706,0.02816,0.265839,0.00567,0.001269,0.25645,0.2629,0.26524,0.2681,0.27705
25.25,0.733276,0.00565,0.001262,0.72212,0.7311,0.73385,0.73621,0.74258,0.025456,0.00108,0.00024,0.02401,0.02444,0.02563,0.02624,0.0273,0.241268,0.0059,0.00132,0.23154,0.2379,0.24084,0.24338,0.25343,0.025456,0.00108,0.00024,0.02401,0.02444,0.02563,0.02624,0.0273,0.266724,0.00565,0.001262,0.25742,0.26379,0.26616,0.2689,0.27788
25.5,0.732416,0.00567,0.001268,0.72115,0.73013,0.733,0.73539,0.74176,0.024762,0.00105,0.000235,0.02326,0.0239,0.02494,0.02547,0.02656,0.242822,0.00591,0.001322,0.233,0.23944,0.24242,0.24487,0.25501,0.024762,0.00105,0.000235,0.02326,0.0239,0.02494,0.02547,0.02656,0.267583,0.00567,0.001268,0.25824,0.26461,0.267,0.26987,0.27885
25.75,0.731562,0.00566,0.001265,0.72036,0.72908,0.7322,0.73437,0.7409,0.02413,0.00105,0.000235,0.02266,0.02341,0.02418,0.02472,0.026,0.244309,0.0059,0.00132,0.23455,0.2408,0.24401,0.2463,0.2565,0.02413,0.00105,0.000235,0.02266,0.02341,0.02418,0.02472,0.026,0.268438,0.00566,0.001265,0.2591,0.26563,0.2678,0.27092,0.27964
26.0,0.730756,0.00565,0.001263,0.71964,0.72825,0.73139,0.7335,0.74015,0.023481,0.00099,0.000222,0.02199,0.02287,0.02348,0.02414,0.0252,0.245762,0.00589,0.001318,0.23597,0.24222,0.24546,0.24776,0.25783,0.023481,0.00099,0.000222,0.02199,0.02287,0.02348,0.02414,0.0252,0.269243,0.00565,0.001263,0.25985,0.2665,0.26861,0.27175,0.28036
26.25,0.729968,0.00563,0.00126,0.71896,0.72751,0.73058,0.73261,0.73942,0.022785,0.00105,0.000234,0.02109,0.02226,0.02279,0.02338,0.02453,0.247248,0.00587,0.001312,0.23759,0.24346,0.24691,0.24914,0.25922,0.022785,0.00105,0.000234,0.02109,0.02226,0.02279,0.02338,0.02453,0.270032,0.00563,0.00126,0.26058,0.26739,0.26941,0.27248,0.28104
26.5,0.729212,0.00559,0.001249,0.71823,0.72683,0.72985,0.73181,0.73856,0.022125,0.00103,0.000229,0.02048,0.02153,0.02222,0.0226,0.02398,0.248663,0.00582,0.001301,0.23919,0.2449,0.2482,0.25064,0.26057,0.022125,0.00103,0.000229,0.02048,0.02153,0.02222,0.0226,0.02398,0.270788,0.00559,0.001249,0.26144,0.26819,0.27015,0.27316,0.28177
26.75,0.728476,0.00555,0.001241,0.71753,0.72607,0.72908,0.73109,0.73773,0.021544,0.00101,0.000226,0.01993,0.02075,0.02165,0.02223,0.02328,0.24998,0.00583,0.001304,0.24035,0.24614,0.24963,0.25198,0.26186,0.021544,0.00101,0.000226,0.01993,0.02075,0.02165,0.02223,0.02328,0.271524,0.00555,0.001241,0.26227,0.26891,0.27092,0.27393,0.28247
27.0,0.727804,0.00555,0.001242,0.71689,0.72534,0.72848,0.73028,0.7371,0.020857,0.00099,0.000222,0.01922,0.02016,0.02093,0.02136,0.02248,0.251339,0.0058,0.001298,0.24179,0.24763,0.251,0.2534,0.26323,0.020857,0.00099,0.000222,0.01922,0.02016,0.02093,0.02136,0.02248,0.272196,0.00555,0.001242,0.2629,0.26972,0.27152,0.27466,0.28311
27.25,0.727194,0.00555,0.001241,0.7163,0.7247,0.72792,0.72954,0.73655,0.020174,0.00093,0.000209,0.01864,0.01955,0.02024,0.02065,0.02164,0.252633,0.00574,0.001282,0.2432,0.24919,0.25222,0.25468,0.2644,0.020174,0.00093,0.000209,0.01864,0.01955,0.02024,0.02065,0.02164,0.272807,0.00555,0.001241,0.26345,0.27046,0.27209,0.2753,0.2837
27.5,0.726528,0.00555,0.001241,0.71568,0.7239,0.72726,0.72873,0.73591,0.01959,0.00096,0.000215,0.01812,0.01899,0.01963,0.0201,0.02118,0.253882,0.00569,0.001272,0.24457,0.25054,0.25342,0.25597,0.26552,0.01959,0.00096,0.000215,0.01812,0.01899,0.01963,0.0201,0.02118,0.273472,0.00555,0.001241,0.26409,0.27127,0.27274,0.27609,0.28432
27.75,0.725902,0.00552,0.001235,0.71517,0.72321,0.7267,0.72807,0.73531,0.018993,0.00093,0.000207,0.01764,0.01842,0.01896,0.01952,0.02061,0.255105,0.00567,0.001268,0.24588,0.25182,0.25447,0.25712,0.26679,0.018993,0.00093,0.000207,0.01764,0.01842,0.01896,0.01952,0.02061,0.274098,0.00552,0.001235,0.26469,0.27193,0.2733,0.27679,0.28483
28.0,0.725343,0.00549,0.001227,0.71477,0.72261,0.72615,0.72752,0.73478,0.018354,0.00093,0.000208,0.01684,0.01781,0.01841,0.01879,0.02002,0.256302,0.00566,0.001265,0.24704,0.25316,0.25577,0.25822,0.26796,0.018354,0.00093,0.000208,0.01684,0.01781,0.01841,0.01879,0.02002,0.274657,0.00549,0.001227,0.26522,0.27248,0.27385,0.27739,0.28523
28.25,0.724764,0.00547,0.001223,0.71425,0.72205,0.72556,0.72691,0.73414,0.017801,0.00091,0.000202,0.01631,0.01716,0.01787,0.01828,0.01935,0.257435,0.00568,0.00127,0.24796,0.25432,0.25693,0.25953,0.26906,0.017801,0.00091,0.000202,0.01631,0.01716,0.01787,0.01828,0.01935,0.275236,0.00547,0.001223,0.26586,0.27309,0.27444,0.27794,0.28575
28.5,0.724217,0.00545,0.001218,0.7138,0.72132,0.72504,0.72622,0.73355,0.017272,0.00092,0.000206,0.01574,0.01669,0.01718,0.01794,0.01886,0.25851,0.0056,0.001253,0.24923,0.25538,0.25796,0.26052,0.27,0.017272,0.00092,0.000206,0.01574,0.01669,0.01718,0.01794,0.01886,0.275783,0.00545,0.001218,0.26645,0.27378,0.27496,0.27868,0.2862
28.75,0.723672,0.00545,0.001218,0.71328,0.72074,0.7245,0.7257,0.73306,0.016765,0.00088,0.000197,0.01528,0.01621,0.01674,0.01736,0.01832,0.259563,0.00558,0.001247,0.25026,0.25651,0.25904,0.26165,0.27092,0.016765,0.00088,0.000197,0.01528,0.01621,0.01674,0.01736,0.01832,0.276328,0.00545,0.001218,0.26694,0.2743,0.2755,0.27926,0.28672
29.0,0.723164,0.00547,0.001223,0.71273,0.72026,0.72402,0.72515,0.73258,0.016264,0.00087,0.000194,0.01477,0.01572,0.01616,0.01694,0.0177,0.260572,0.00553,0.001236,0.25136,0.25766,0.26007,0.26268,0.27183,0.016264,0.00087,0.000194,0.01477,0.01572,0.01616,0.01694,0.0177,0.276837,0.00547,0.001223,0.26742,0.27485,0.27597,0.27973,0.28727
29.25,0.722669,0.00544,0.001217,0.71233,0.71982,0.72361,0.72456,0.73204,0.015755,0.00084,0.000187,0.01437,0.01531,0.01568,0.01634,0.0171,0.261576,0.00554,0.00124,0.25224,0.25877,0.26105,0.2637,0.27279,0.015755,0.00084,0.000187,0.01437,0.01531,0.01568,0.01634,0.0171,0.277331,0.00544,0.001217,0.26796,0.27544,0.27639,0.28018,0.28767
29.5,0.722203,0.00543,0.001214,0.71197,0.71926,0.72312,0.72411,0.73157,0.01526,0.00081,0.00018,0.01385,0.01479,0.01522,0.01593,0.01653,0.262537,0.00553,0.001236,0.25321,0.25987,0.26199,0.26469,0.27369,0.01526,0.00081,0.00018,0.01385,0.01479,0.01522,0.01593,0.01653,0.277797,0.00543,0.001214,0.26843,0.27589,0.27688,0.28074,0.28803
29.75,0.721747,0.00541,0.001209,0.7115,0.7188,0.72272,0.72364,0.73098,0.014765,0.00076,0.000169,0.01337,0.01436,0.01478,0.01542,0.01585,0.263488,0.00552,0.001234,0.25411,0.26079,0.26294,0.26565,0.27456,0.014765,0.00076,0.000169,0.01337,0.01436,0.01478,0.01542,0.01585,0.278252,0.00541,0.001209,0.26902,0.27636,0.27728,0.2812,0.2885
30.0,0.721326,0.0054,0.001207,0.71112,0.71842,0.7223,0.72321,0.73056,0.014252,0.00068,0.000152,0.01291,0.01397,0.01429,0.01477,0.01514,0.264422,0.00548,0.001226,0.25502,0.26184,0.26382,0.26654,0.27538,0.014252,0.00068,0.000152,0.01291,0.01397,0.01429,0.01477,0.01514,0.278674,0.0054,0.001207,0.26944,0.27679,0.2777,0.28158,0.28888
30.25,0.720898,0.00538,0.001204,0.71077,0.71795,0.72188,0.72282,0.73012,0.01379,0.00066,0.000148,0.01253,0.01345,0.01392,0.0142,0.01477,0.265312,0.0055,0.001229,0.25587,0.26282,0.26466,0.26742,0.2763,0.01379,0.00066,0.000148,0.01253,0.01345,0.01392,0.0142,0.01477,0.279102,0.00538,0.001204,0.26988,0.27718,0.27812,0.28205,0.28923
30.5,0.720517,0.00538,0.001203,0.71041,0.71755,0.72148,0.72245,0.72977,0.013334,0.00063,0.000141,0.01215,0.01298,0.01342,0.01373,0.01435,0.266149,0.00548,0.001224,0.25673,0.26377,0.26552,0.26823,0.27711,0.013334,0.00063,0.000141,0.01215,0.01298,0.01342,0.01373,0.01435,0.279483,0.00538,0.001203,0.27023,0.27755,0.27852,0.28245,0.28959
30.75,0.720126,0.00537,0.001201,0.71012,0.71709,0.72109,0.72202,0.72938,0.01287,0.0006,0.000134,0.01177,0.01257,0.01287,0.0133,0.01388,0.267005,0.00545,0.001218,0.25763,0.26466,0.26638,0.26911,0.27784,0.01287,0.0006,0.000134,0.01177,0.01257,0.01287,0.0133,0.01388,0.279874,0.00537,0.001201,0.27062,0.27797,0.27891,0.28291,0.28988
31.0,0.719717,0.00536,0.001198,0.70974,0.71666,0.72066,0.72154,0.72893,0.012487,0.00062,0.000138,0.01134,0.01208,0.01256,0.01286,0.01349,0.267796,0.00547,0.001222,0.25835,0.26545,0.26716,0.26994,0.27861,0.012487,0.00062,0.000138,0.01134,0.01208,0.01256,0.01286,0.01349,0.280282,0.00536,0.001198,0.27107,0.27846,0.27934,0.28334,0.29026
31.25,0.71938,0.00535,0.001196,0.70948,0.71627,0.72036,0.72125,0.72859,0.012076,0.00061,0.000137,0.01093,0.01169,0.01217,0.0124,0.01316,0.268543,0.00543,0.001213,0.25919,0.26636,0.26787,0.27067,0.27924,0.012076,0.00061,0.000137,0.01093,0.01169,0.01217,0.0124,0.01316,0.28062,0.00535,0.001196,0.27141,0.27875,0.27963,0.28373,0.29052
31.5,0.719004,0.00532,0.00119,0.70914,0.71587,0.71996,0.72087,0.72812,0.0117,0.0006,0.000134,0.01048,0.0113,0.0118,0.01201,0.0127,0.269296,0.00545,0.001218,0.25987,0.26711,0.26859,0.27145,0.28003,0.0117,0.0006,0.000134,0.01048,0.0113,0.0118,0.01201,0.0127,0.280996,0.00532,0.00119,0.27188,0.27913,0.28004,0.28413,0.29086
31.75,0.718665,0.0053,0.001185,0.70888,0.71551,0.71956,0.72063,0.72771,0.011312,0.00062,0.000138,0.00996,0.01095,0.01151,0.01158,0.0123,0.270024,0.00544,0.001217,0.26059,0.26793,0.26931,0.27227,0.28069,0.011312,0.00062,0.000138,0.00996,0.01095,0.01151,0.01158,0.0123,0.281335,0.0053,0.001185,0.27229,0.27937,0.28044,0.28449,0.29112
32.0,0.718353,0.00531,0.001188,0.70858,0.71507,0.71924,0.72044,0.72743,0.010926,0.00063,0.00014,0.00959,0.01063,0.011,0.01128,0.01196,0.270721,0.00543,0.001214,0.26123,0.26871,0.26987,0.27307,0.28128,0.010926,0.00063,0.00014,0.00959,0.01063,0.011,0.01128,0.01196,0.281647,0.00531,0.001188,0.27257,0.27956,0.28075,0.28493,0.29142
32.25,0.718031,0.00531,0.001188,0.70828,0.7147,0.71889,0.7202,0.72708,0.010584,0.00064,0.000144,0.00931,0.01023,0.01062,0.01089,0.0117,0.271386,0.00541,0.001211,0.26187,0.26948,0.27046,0.27378,0.28188,0.010584,0.00064,0.000144,0.00931,0.01023,0.01062,0.01089,0.0117,0.28197,0.00531,0.001188,0.27292,0.2798,0.28111,0.2853,0.29172
32.5,0.717728,0.00532,0.001189,0.70792,0.71436,0.71856,0.71992,0.72674,0.010218,0.00066,0.000148,0.00892,0.00984,0.01028,0.01054,0.0113,0.272053,0.00544,0.001216,0.2625,0.27012,0.27114,0.2745,0.28255,0.010218,0.00066,0.000148,0.00892,0.00984,0.01028,0.01054,0.0113,0.282272,0.00532,0.001189,0.27326,0.28008,0.28144,0.28564,0.29208
32.75,0.717446,0.00528,0.001182,0.70767,0.71411,0.71826,0.71972,0.72632,0.009884,0.00067,0.00015,0.00863,0.00945,0.00997,0.0103,0.01101,0.27267,0.00541,0.001209,0.26318,0.27069,0.27184,0.27516,0.28308,0.009884,0.00067,0.00015,0.00863,0.00945,0.00997,0.0103,0.01101,0.282554,0.00528,0.001182,0.27368,0.28028,0.28173,0.28589,0.29233
33.0,0.717154,0.00526,0.001177,0.70738,0.71375,0.71798,0.71939,0.72592,0.00957,0.00071,0.000158,0.00826,0.00915,0.00966,0.00996,0.01076,0.273277,0.0054,0.001207,0.26382,0.27133,0.2725,0.27576,0.28364,0.00957,0.00071,0.000158,0.00826,0.00915,0.00966,0.00996,0.01076,0.282846,0.00526,0.001177,0.27408,0.28061,0.28202,0.28625,0.29262
33.25,0.716895,0.00524,0.001172,0.70713,0.71348,0.71772,0.71915,0.72567,0.009246,0.00071,0.000158,0.00791,0.0088,0.00928,0.00973,0.0104,0.273859,0.0054,0.001208,0.26445,0.27186,0.27308,0.27636,0.28416,0.009246,0.00071,0.000158,0.00791,0.0088,0.00928,0.00973,0.0104,0.283105,0.00524,0.001172,0.27433,0.28085,0.28228,0.28652,0.29287
33.5,0.716624,0.00522,0.001168,0.70686,0.71325,0.71748,0.71886,0.72534,0.008914,0.00072,0.00016,0.0076,0.00846,0.00901,0.00946,0.01006,0.274462,0.00541,0.00121,0.26495,0.27248,0.27373,0.2771,0.28473,0.008914,0.00072,0.00016,0.0076,0.00846,0.00901,0.00946,0.01006,0.283376,0.00522,0.001168,0.27466,0.28114,0.28251,0.28675,0.29314
33.75,0.71635,0.00521,0.001164,0.70662,0.71291,0.71722,0.71866,0.72501,0.00863,0.00068,0.000153,0.00743,0.00811,0.00867,0.00908,0.00979,0.275021,0.00538,0.001203,0.26557,0.27317,0.27419,0.27757,0.28517,0.00863,0.00068,0.000153,0.00743,0.00811,0.00867,0.00908,0.00979,0.28365,0.00521,0.001164,0.27499,0.28134,0.28278,0.28709,0.29338
34.0,0.716114,0.00519,0.001161,0.70643,0.71267,0.71706,0.71843,0.72477,0.008338,0.00066,0.000148,0.00716,0.00782,0.00842,0.00875,0.00949,0.275548,0.00538,0.001202,0.26606,0.27374,0.27478,0.27813,0.28565,0.008338,0.00066,0.000148,0.00716,0.00782,0.00842,0.00875,0.00949,0.283886,0.00519,0.001161,0.27523,0.28157,0.28294,0.28733,0.29357
34.25,0.715885,0.00518,0.001159,0.70619,0.71244,0.71686,0.7182,0.72445,0.008046,0.00067,0.00015,0.00685,0.00762,0.0082,0.00842,0.00918,0.276068,0.00536,0.001198,0.26656,0.27431,0.27528,0.27864,0.28615,0.008046,0.00067,0.00015,0.00685,0.00762,0.0082,0.00842,0.00918,0.284115,0.00518,0.001159,0.27555,0.2818,0.28314,0.28756,0.29381
34.5,0.715656,0.00518,0.001158,0.706,0.7122,0.71661,0.71801,0.72422,0.007776,0.00067,0.000151,0.00654,0.00738,0.00794,0.00819,0.00888,0.276567,0.00533,0.001192,0.26714,0.27481,0.27576,0.27912,0.28662,0.007776,0.00067,0.000151,0.00654,0.00738,0.00794,0.00819,0.00888,0.284344,0.00518,0.001158,0.27578,0.28199,0.28339,0.2878,0.294
34.75,0.715433,0.00517,0.001157,0.70571,0.71191,0.71643,0.71775,0.72394,0.007526,0.00069,0.000154,0.00622,0.00716,0.00772,0.00797,0.0086,0.27704,0.00531,0.001188,0.26767,0.27533,0.27624,0.27967,0.28705,0.007526,0.00069,0.000154,0.00622,0.00716,0.00772,0.00797,0.0086,0.284567,0.00517,0.001157,0.27606,0.28225,0.28357,0.28809,0.29429
35.0,0.715212,0.00516,0.001153,0.70552,0.71166,0.7162,0.71754,0.72367,0.007284,0.00068,0.000152,0.00604,0.00683,0.0075,0.00777,0.00837,0.277503,0.00533,0.001191,0.26815,0.27576,0.27666,0.28024,0.2875,0.007284,0.00068,0.000152,0.00604,0.00683,0.0075,0.00777,0.00837,0.284788,0.00516,0.001153,0.27633,0.28246,0.2838,0.28834,0.29448
35.25,0.71502,0.00515,0.001152,0.7053,0.71147,0.71598,0.71735,0.72345,0.00704,0.00064,0.000143,0.00585,0.00673,0.00719,0.00744,0.00805,0.277941,0.0053,0.001186,0.26867,0.27616,0.27718,0.28078,0.28784,0.00704,0.00064,0.000143,0.00585,0.00673,0.00719,0.00744,0.00805,0.28498,0.00515,0.001152,0.27655,0.28265,0.28402,0.28853,0.2947
35.5,0.714832,0.00513,0.001148,0.70512,0.71122,0.71579,0.71717,0.72322,0.006769,0.00062,0.000138,0.00562,0.0065,0.00683,0.00716,0.00775,0.278399,0.00529,0.001183,0.26922,0.27648,0.27761,0.28129,0.28824,0.006769,0.00062,0.000138,0.00562,0.0065,0.00683,0.00716,0.00775,0.285168,0.00513,0.001148,0.27678,0.28283,0.28421,0.28878,0.29488
35.75,0.714632,0.00512,0.001146,0.70491,0.71104,0.71553,0.71695,0.72298,0.006558,0.00061,0.000137,0.00544,0.00632,0.00658,0.00699,0.0075,0.278811,0.00529,0.001183,0.2696,0.27685,0.278,0.2818,0.28861,0.006558,0.00061,0.000137,0.00544,0.00632,0.00658,0.00699,0.0075,0.285368,0.00512,0.001146,0.27702,0.28305,0.28447,0.28896,0.29509
36.0,0.714458,0.00511,0.001143,0.70477,0.71086,0.71536,0.71672,0.72279,0.006342,0.0006,0.000133,0.00529,0.00603,0.00643,0.00675,0.00725,0.279201,0.0053,0.001184,0.27002,0.2772,0.2784,0.28228,0.28899,0.006342,0.0006,0.000133,0.00529,0.00603,0.00643,0.00675,0.00725,0.285543,0.00511,0.001143,0.27721,0.28328,0.28464,0.28914,0.29523
36.25,0.714286,0.00511,0.001143,0.70457,0.71068,0.71518,0.71659,0.7226,0.006127,0.00059,0.000131,0.00511,0.00588,0.00615,0.00652,0.00703,0.279588,0.00528,0.00118,0.27044,0.27753,0.27882,0.28276,0.28933,0.006127,0.00059,0.000131,0.00511,0.00588,0.00615,0.00652,0.00703,0.285714,0.00511,0.001143,0.2774,0.28341,0.28482,0.28932,0.29543
36.5,0.714113,0.00511,0.001142,0.70438,0.71053,0.71502,0.71639,0.72242,0.005926,0.00056,0.000126,0.00494,0.00564,0.00599,0.00631,0.00682,0.279961,0.00526,0.001177,0.27085,0.27788,0.27925,0.28312,0.28966,0.005926,0.00056,0.000126,0.00494,0.00564,0.00599,0.00631,0.00682,0.285887,0.00511,0.001142,0.27758,0.28361,0.28497,0.28947,0.29562
36.75,0.71395,0.00511,0.001142,0.70422,0.71036,0.71487,0.71626,0.72226,0.005712,0.00054,0.000122,0.00464,0.00545,0.00578,0.00608,0.00649,0.280338,0.00526,0.001176,0.27133,0.27822,0.27956,0.28356,0.29006,0.005712,0.00054,0.000122,0.00464,0.00545,0.00578,0.00608,0.00649,0.28605,0.00511,0.001142,0.27774,0.28374,0.28512,0.28965,0.29578
37.0,0.713796,0.00509,0.001139,0.70405,0.71027,0.71471,0.71614,0.72208,0.005514,0.00053,0.000118,0.00447,0.00532,0.00562,0.00588,0.0063,0.28069,0.00526,0.001176,0.27174,0.27863,0.28001,0.28393,0.29038,0.005514,0.00053,0.000118,0.00447,0.00532,0.00562,0.00588,0.0063,0.286204,0.00509,0.001139,0.27792,0.28386,0.28529,0.28973,0.29595
37.25,0.713649,0.00509,0.001138,0.70388,0.71013,0.71456,0.71597,0.72191,0.005316,0.00051,0.000115,0.00433,0.00514,0.0054,0.00568,0.00607,0.281034,0.00526,0.001175,0.27211,0.27894,0.28036,0.28427,0.29071,0.005316,0.00051,0.000115,0.00433,0.00514,0.0054,0.00568,0.00607,0.28635,0.00509,0.001138,0.27809,0.28403,0.28544,0.28987,0.29612
37.5,0.713506,0.00508,0.001135,0.70377,0.70995,0.71446,0.71582,0.72173,0.005113,0.00053,0.000119,0.0041,0.00487,0.00524,0.00549,0.00592,0.281381,0.00527,0.001177,0.2724,0.27923,0.28074,0.28463,0.2911,0.005113,0.00053,0.000119,0.0041,0.00487,0.00524,0.00549,0.00592,0.286494,0.00508,0.001135,0.27827,0.28418,0.28554,0.29004,0.29623
37.75,0.713371,0.00505,0.00113,0.70369,0.70983,0.7143,0.71565,0.72152,0.004952,0.00051,0.000115,0.00398,0.00472,0.00514,0.00523,0.00573,0.281676,0.00525,0.001173,0.27276,0.27943,0.28111,0.28491,0.29139,0.004952,0.00051,0.000115,0.00398,0.00472,0.00514,0.00523,0.00573,0.286629,0.00505,0.00113,0.27848,0.28436,0.28569,0.29017,0.29631
38.0,0.71323,0.00505,0.001129,0.70357,0.70967,0.71418,0.71553,0.72135,0.00479,0.0005,0.000113,0.00389,0.00452,0.0049,0.00518,0.00555,0.28198,0.00523,0.001169,0.27317,0.27971,0.28133,0.28529,0.29172,0.00479,0.0005,0.000113,0.00389,0.00452,0.0049,0.00518,0.00555,0.28677,0.00505,0.001129,0.27865,0.28447,0.28582,0.29033,0.29643
38.25,0.713106,0.00504,0.001126,0.70345,0.70956,0.71403,0.71534,0.72118,0.004617,0.00049,0.000109,0.00375,0.00436,0.00469,0.00491,0.0054,0.282277,0.0052,0.001163,0.27349,0.28001,0.28156,0.28566,0.29196,0.004617,0.00049,0.000109,0.00375,0.00436,0.00469,0.00491,0.0054,0.286894,0.00504,0.001126,0.27882,0.28466,0.28597,0.29044,0.29655
38.5,0.712979,0.00502,0.001122,0.70334,0.70948,0.7139,0.71519,0.72107,0.004474,0.00045,0.000102,0.00361,0.00421,0.0046,0.00477,0.00514,0.282547,0.00518,0.001158,0.27387,0.28022,0.28181,0.28591,0.29222,0.004474,0.00045,0.000102,0.00361,0.00421,0.0046,0.00477,0.00514,0.287021,0.00502,0.001122,0.27893,0.28481,0.2861,0.29052,0.29666
38.75,0.712869,0.00502,0.001122,0.70321,0.70935,0.7138,0.71508,0.72093,0.00429,0.00046,0.000102,0.00343,0.00399,0.00436,0.0046,0.00495,0.28284,0.00518,0.001157,0.27419,0.28052,0.28212,0.28621,0.29252,0.00429,0.00046,0.000102,0.00343,0.00399,0.00436,0.0046,0.00495,0.287131,0.00502,0.001122,0.27907,0.28491,0.28619,0.29065,0.29679
39.0,0.712755,0.00502,0.001122,0.70308,0.70922,0.71368,0.71496,0.72078,0.004171,0.00047,0.000105,0.00329,0.00388,0.00427,0.00451,0.00485,0.283074,0.00518,0.001159,0.27443,0.28074,0.28234,0.28644,0.29282,0.004171,0.00047,0.000105,0.00329,0.00388,0.00427,0.00451,0.00485,0.287245,0.00502,0.001122,0.27922,0.28504,0.28633,0.29078,0.29692
39.25,0.712638,0.00502,0.001122,0.70294,0.70912,0.71361,0.71486,0.72065,0.004022,0.00045,0.000101,0.00316,0.00371,0.00416,0.00432,0.00463,0.28334,0.00517,0.001157,0.27473,0.28096,0.28258,0.28678,0.29306,0.004022,0.00045,0.000101,0.00316,0.00371,0.00416,0.00432,0.00463,0.287362,0.00502,0.001122,0.27935,0.28514,0.28639,0.29088,0.29705
39.5,0.712538,0.00502,0.001123,0.70284,0.70906,0.7135,0.71476,0.72056,0.00386,0.00043,9.7e-5,0.00303,0.00355,0.00396,0.00415,0.00445,0.283602,0.00518,0.001158,0.27499,0.28131,0.28282,0.28704,0.29334,0.00386,0.00043,9.7e-5,0.00303,0.00355,0.00396,0.00415,0.00445,0.287462,0.00502,0.001123,0.27944,0.28524,0.2865,0.29094,0.29716
39.75,0.712446,0.005,0.001118,0.70278,0.70894,0.7134,0.71468,0.72042,0.003718,0.00043,9.7e-5,0.00287,0.00345,0.00385,0.00396,0.00432,0.283837,0.00517,0.001156,0.27526,0.28154,0.28304,0.28723,0.29358,0.003718,0.00043,9.7e-5,0.00287,0.00345,0.00385,0.00396,0.00432,0.287554,0.005,0.001118,0.27958,0.28532,0.2866,0.29106,0.29722
40.0,0.712348,0.005,0.001118,0.70266,0.70886,0.7133,0.7146,0.72028,0.003596,0.00043,9.7e-5,0.00273,0.00341,0.0037,0.00383,0.00425,0.284056,0.00518,0.001158,0.27548,0.28177,0.28327,0.28748,0.29383,0.003596,0.00043,9.7e-5,0.00273,0.00341,0.0037,0.00383,0.00425,0.287651,0.005,0.001118,0.27972,0.2854,0.2867,0.29114,0.29734
40.25,0.712265,0.005,0.001118,0.70257,0.70881,0.71321,0.71453,0.7202,0.003468,0.00043,9.6e-5,0.00262,0.00326,0.00356,0.00374,0.0041,0.284267,0.00518,0.001158,0.2757,0.28196,0.28343,0.2877,0.29407,0.003468,0.00043,9.6e-5,0.00262,0.00326,0.00356,0.00374,0.0041,0.287735,0.005,0.001118,0.2798,0.28547,0.28679,0.29119,0.29743
40.5,0.712168,0.00498,0.001113,0.70251,0.70868,0.71312,0.71445,0.72007,0.003349,0.00043,9.6e-5,0.0025,0.00317,0.00339,0.00365,0.00399,0.284483,0.00518,0.001158,0.27595,0.28221,0.2836,0.28798,0.29432,0.003349,0.00043,9.6e-5,0.0025,0.00317,0.00339,0.00365,0.00399,0.287832,0.00498,0.001113,0.27993,0.28555,0.28688,0.29132,0.29749
40.75,0.712076,0.00496,0.001109,0.70244,0.70861,0.713,0.71436,0.71991,0.003232,0.00041,9.3e-5,0.00245,0.00302,0.00326,0.00356,0.00388,0.284692,0.00516,0.001155,0.27621,0.28242,0.28375,0.28817,0.29456,0.003232,0.00041,9.3e-5,0.00245,0.00302,0.00326,0.00356,0.00388,0.287923,0.00496,0.001109,0.28009,0.28564,0.287,0.29139,0.29756
41.0,0.712,0.00495,0.001106,0.70238,0.70853,0.71294,0.7143,0.71979,0.003112,0.00041,9.3e-5,0.00232,0.00293,0.00314,0.00342,0.00377,0.284888,0.00516,0.001153,0.27645,0.2826,0.28388,0.28839,0.29476,0.003112,0.00041,9.3e-5,0.00232,0.00293,0.00314,0.00342,0.00377,0.287999,0.00495,0.001106,0.28021,0.28571,0.28706,0.29147,0.29762
41.25,0.711924,0.00495,0.001106,0.7023,0.70848,0.71287,0.7142,0.71969,0.002996,0.00041,9.1e-5,0.00222,0.00285,0.00304,0.00327,0.00367,0.28508,0.00515,0.001151,0.27664,0.28281,0.2841,0.28855,0.29491,0.002996,0.00041,9.1e-5,0.00222,0.00285,0.00304,0.00327,0.00367,0.288076,0.00495,0.001106,0.28031,0.2858,0.28712,0.29151,0.2977
41.5,0.711847,0.00495,0.001106,0.70224,0.7084,0.7128,0.71414,0.71962,0.002889,0.00038,8.5e-5,0.00216,0.00272,0.00293,0.00315,0.00347,0.285264,0.00512,0.001146,0.27691,0.28297,0.28424,0.2887,0.29508,0.002889,0.00038,8.5e-5,0.00216,0.00272,0.00293,0.00315,0.00347,0.288153,0.00495,0.001106,0.28038,0.28585,0.28719,0.2916,0.29776
41.75,0.71178,0.00495,0.001106,0.70216,0.70835,0.71274,0.71408,0.71957,0.002791,0.00036,8.1e-5,0.00209,0.0026,0.00283,0.00303,0.00338,0.285429,0.00511,0.001144,0.27708,0.28316,0.28438,0.28891,0.29523,0.002791,0.00036,8.1e-5,0.00209,0.0026,0.00283,0.00303,0.00338,0.28822,0.00495,0.001106,0.28043,0.28592,0.28726,0.29165,0.29784
42.0,0.711719,0.00494,0.001104,0.7021,0.70831,0.71268,0.71405,0.7195,0.002666,0.00036,8.0e-5,0.00194,0.00251,0.00266,0.00289,0.00322,0.285615,0.0051,0.00114,0.27732,0.28334,0.28454,0.28909,0.29538,0.002666,0.00036,8.0e-5,0.00194,0.00251,0.00266,0.00289,0.00322,0.288281,0.00494,0.001104,0.2805,0.28595,0.28732,0.29169,0.2979
42.25,0.711655,0.00492,0.001101,0.70204,0.70829,0.71262,0.71398,0.7194,0.002566,0.00035,7.9e-5,0.00185,0.00247,0.00258,0.00277,0.00313,0.285778,0.0051,0.001139,0.2775,0.28348,0.2847,0.28924,0.29552,0.002566,0.00035,7.9e-5,0.00185,0.00247,0.00258,0.00277,0.00313,0.288345,0.00492,0.001101,0.2806,0.28602,0.28738,0.2917,0.29796
42.5,0.711596,0.00492,0.0011,0.70199,0.70825,0.71255,0.71393,0.71933,0.002469,0.00035,7.8e-5,0.00176,0.00236,0.00245,0.00266,0.00305,0.285935,0.00508,0.001137,0.27766,0.28363,0.2849,0.28942,0.2956,0.002469,0.00035,7.8e-5,0.00176,0.00236,0.00245,0.00266,0.00305,0.288404,0.00492,0.0011,0.28067,0.28607,0.28745,0.29175,0.29801
42.75,0.711535,0.00492,0.001099,0.70192,0.70817,0.71249,0.71383,0.71926,0.002374,0.00034,7.6e-5,0.00168,0.00229,0.00238,0.00254,0.00293,0.28609,0.00508,0.001136,0.27788,0.28378,0.28506,0.28955,0.29579,0.002374,0.00034,7.6e-5,0.00168,0.00229,0.00238,0.00254,0.00293,0.288465,0.00492,0.001099,0.28074,0.28617,0.28751,0.29183,0.29808
43.0,0.711478,0.00491,0.001097,0.70188,0.70811,0.71244,0.7138,0.71919,0.0023,0.00033,7.3e-5,0.00162,0.0022,0.00233,0.00247,0.00283,0.286222,0.00506,0.001132,0.27805,0.28389,0.28517,0.2897,0.29589,0.0023,0.00033,7.3e-5,0.00162,0.0022,0.00233,0.00247,0.00283,0.288523,0.00491,0.001097,0.28081,0.2862,0.28756,0.29189,0.29812
43.25,0.71142,0.00489,0.001094,0.70185,0.70808,0.71238,0.71373,0.71913,0.002212,0.00033,7.4e-5,0.00153,0.00205,0.00227,0.00239,0.00276,0.286368,0.00505,0.001128,0.27821,0.28401,0.28535,0.28986,0.29596,0.002212,0.00033,7.4e-5,0.00153,0.00205,0.00227,0.00239,0.00276,0.28858,0.00489,0.001094,0.28087,0.28627,0.28762,0.29192,0.29815
43.5,0.711362,0.00489,0.001094,0.70177,0.70803,0.71232,0.7137,0.71903,0.002136,0.00032,7.1e-5,0.00148,0.00199,0.00216,0.00232,0.00266,0.286502,0.00504,0.001126,0.27838,0.28414,0.28554,0.28996,0.2961,0.002136,0.00032,7.1e-5,0.00148,0.00199,0.00216,0.00232,0.00266,0.288638,0.00489,0.001094,0.28097,0.2863,0.28768,0.29197,0.29823
43.75,0.711316,0.00489,0.001093,0.70171,0.708,0.71228,0.71363,0.71897,0.002037,0.00031,6.9e-5,0.00143,0.00186,0.00207,0.00222,0.00257,0.286647,0.00504,0.001126,0.27853,0.28426,0.2857,0.29006,0.29633,0.002037,0.00031,6.9e-5,0.00143,0.00186,0.00207,0.00222,0.00257,0.288684,0.00489,0.001093,0.28102,0.28637,0.28772,0.292,0.29829
44.0,0.711274,0.00489,0.001094,0.70167,0.70797,0.71223,0.7136,0.71894,0.001954,0.00029,6.5e-5,0.00142,0.00178,0.00197,0.00212,0.0025,0.286773,0.00502,0.001123,0.27866,0.28444,0.28582,0.2902,0.29642,0.001954,0.00029,6.5e-5,0.00142,0.00178,0.00197,0.00212,0.0025,0.288726,0.00489,0.001094,0.28106,0.2864,0.28777,0.29203,0.29833
44.25,0.711227,0.00488,0.001091,0.70163,0.70794,0.71217,0.71354,0.71889,0.001878,0.00028,6.4e-5,0.00133,0.00172,0.00188,0.00204,0.00237,0.286895,0.00501,0.001121,0.27885,0.28457,0.28594,0.29029,0.29654,0.001878,0.00028,6.4e-5,0.00133,0.00172,0.00188,0.00204,0.00237,0.288774,0.00488,0.001091,0.28111,0.28645,0.28783,0.29206,0.29837
44.5,0.711176,0.00487,0.00109,0.70159,0.7079,0.71212,0.7135,0.71882,0.001821,0.00028,6.2e-5,0.00131,0.00166,0.00184,0.00195,0.00234,0.287004,0.005,0.001119,0.27897,0.28468,0.28602,0.2904,0.29664,0.001821,0.00028,6.2e-5,0.00131,0.00166,0.00184,0.00195,0.00234,0.288825,0.00487,0.00109,0.28118,0.2865,0.28788,0.2921,0.29841
44.75,0.711126,0.00488,0.001091,0.70152,0.70786,0.71208,0.71347,0.71875,0.001764,0.00027,6.1e-5,0.00128,0.0016,0.0018,0.00191,0.00227,0.28711,0.005,0.001118,0.27908,0.28475,0.28614,0.2905,0.29674,0.001764,0.00027,6.1e-5,0.00128,0.0016,0.0018,0.00191,0.00227,0.288874,0.00488,0.001091,0.28125,0.28653,0.28792,0.29214,0.29848
45.0,0.711084,0.00488,0.00109,0.70146,0.70783,0.71206,0.71342,0.7187,0.001694,0.00027,6.0e-5,0.00127,0.00151,0.0017,0.00185,0.0022,0.287222,0.00499,0.001116,0.27922,0.28488,0.28626,0.29061,0.29687,0.001694,0.00027,6.0e-5,0.00127,0.00151,0.0017,0.00185,0.0022,0.288916,0.00488,0.00109,0.2813,0.28658,0.28794,0.29217,0.29854
45.25,0.711041,0.00487,0.00109,0.7014,0.7078,0.712,0.71338,0.71865,0.001639,0.00026,5.9e-5,0.00122,0.00147,0.00162,0.00183,0.00211,0.28732,0.00498,0.001114,0.27935,0.28502,0.28633,0.29068,0.29697,0.001639,0.00026,5.9e-5,0.00122,0.00147,0.00162,0.00183,0.00211,0.288959,0.00487,0.00109,0.28135,0.28663,0.288,0.2922,0.2986
45.5,0.711004,0.00488,0.00109,0.70135,0.70778,0.71194,0.71334,0.71862,0.001562,0.00026,5.7e-5,0.00117,0.0014,0.00154,0.00173,0.00204,0.287435,0.00498,0.001113,0.2795,0.2851,0.28641,0.29078,0.29709,0.001562,0.00026,5.7e-5,0.00117,0.0014,0.00154,0.00173,0.00204,0.288996,0.00488,0.00109,0.28138,0.28666,0.28806,0.29222,0.29865
45.75,0.710962,0.00487,0.001088,0.70129,0.70774,0.7119,0.71329,0.71855,0.001494,0.00026,5.7e-5,0.00111,0.00128,0.0015,0.00168,0.00194,0.287544,0.00498,0.001113,0.27964,0.28516,0.28652,0.29092,0.29723,0.001494,0.00026,5.7e-5,0.00111,0.00128,0.0015,0.00168,0.00194,0.289039,0.00487,0.001088,0.28145,0.28671,0.2881,0.29226,0.29871
46.0,0.710928,0.00487,0.001088,0.70125,0.70771,0.71184,0.71325,0.71852,0.00144,0.00026,5.8e-5,0.00106,0.00124,0.00142,0.00162,0.00191,0.287632,0.00498,0.001113,0.27974,0.28523,0.28661,0.29101,0.29733,0.00144,0.00026,5.8e-5,0.00106,0.00124,0.00142,0.00162,0.00191,0.289072,0.00487,0.001088,0.28148,0.28675,0.28816,0.29229,0.29875
46.25,0.710888,0.00486,0.001088,0.70121,0.70768,0.71179,0.71319,0.71848,0.001392,0.00023,5.1e-5,0.00102,0.0012,0.00142,0.00154,0.0018,0.287721,0.00497,0.00111,0.27988,0.28536,0.28669,0.29105,0.29743,0.001392,0.00023,5.1e-5,0.00102,0.0012,0.00142,0.00154,0.0018,0.289113,0.00486,0.001088,0.28152,0.28681,0.28821,0.29232,0.29879
46.5,0.710853,0.00486,0.001087,0.70117,0.70768,0.71174,0.71314,0.71842,0.001338,0.00023,5.1e-5,0.00097,0.00116,0.00139,0.00148,0.00173,0.287808,0.00496,0.001109,0.28001,0.28547,0.28675,0.29114,0.29756,0.001338,0.00023,5.1e-5,0.00097,0.00116,0.00139,0.00148,0.00173,0.289147,0.00486,0.001087,0.28158,0.28685,0.28826,0.29232,0.29883
46.75,0.710818,0.00486,0.001086,0.70112,0.70765,0.71172,0.71308,0.71836,0.001288,0.00022,5.0e-5,0.00094,0.00111,0.00134,0.00142,0.0017,0.287894,0.00495,0.001107,0.28014,0.28558,0.28683,0.29123,0.29763,0.001288,0.00022,5.0e-5,0.00094,0.00111,0.00134,0.00142,0.0017,0.289182,0.00486,0.001086,0.28164,0.28692,0.28828,0.29235,0.29888
47.0,0.710784,0.00485,0.001085,0.70109,0.70764,0.71167,0.71305,0.71831,0.001244,0.00022,5.0e-5,0.00088,0.00107,0.00126,0.0014,0.00166,0.287972,0.00495,0.001106,0.28024,0.28566,0.28691,0.29131,0.2977,0.001244,0.00022,5.0e-5,0.00088,0.00107,0.00126,0.0014,0.00166,0.289216,0.00485,0.001085,0.28169,0.28695,0.28833,0.29236,0.29891
47.25,0.710753,0.00484,0.001083,0.70106,0.70764,0.71162,0.71304,0.71826,0.001205,0.00022,5.0e-5,0.00084,0.00103,0.00122,0.00134,0.00163,0.288041,0.00495,0.001106,0.2803,0.28577,0.287,0.29136,0.29778,0.001205,0.00022,5.0e-5,0.00084,0.00103,0.00122,0.00134,0.00163,0.289246,0.00484,0.001083,0.28174,0.28697,0.28838,0.29236,0.29894
47.5,0.710726,0.00484,0.001081,0.70103,0.70763,0.71158,0.71301,0.7182,0.001158,0.00022,4.9e-5,0.0008,0.00097,0.00114,0.00131,0.00154,0.288116,0.00494,0.001105,0.28041,0.28583,0.2871,0.29144,0.29783,0.001158,0.00022,4.9e-5,0.0008,0.00097,0.00114,0.00131,0.00154,0.289274,0.00484,0.001081,0.2818,0.28699,0.28841,0.29237,0.29897
47.75,0.710688,0.00484,0.001083,0.70096,0.7076,0.71154,0.71299,0.71816,0.001133,0.00021,4.6e-5,0.0008,0.00098,0.00112,0.00128,0.00149,0.288179,0.00493,0.001103,0.28047,0.28592,0.28719,0.29148,0.2979,0.001133,0.00021,4.6e-5,0.0008,0.00098,0.00112,0.00128,0.00149,0.289312,0.00484,0.001083,0.28184,0.28701,0.28846,0.2924,0.29904
48.0,0.710662,0.00484,0.001083,0.70093,0.70758,0.7115,0.71296,0.71813,0.001084,0.0002,4.4e-5,0.00076,0.00094,0.00108,0.0012,0.00144,0.288254,0.00493,0.001102,0.28054,0.28596,0.28729,0.29154,0.29798,0.001084,0.0002,4.4e-5,0.00076,0.00094,0.00108,0.0012,0.00144,0.289338,0.00484,0.001083,0.28187,0.28704,0.2885,0.29242,0.29907
48.25,0.710638,0.00485,0.001084,0.70088,0.70757,0.71148,0.71294,0.71809,0.001039,0.0002,4.4e-5,0.00073,0.0009,0.00106,0.00115,0.0014,0.288323,0.00493,0.001102,0.28062,0.28602,0.28737,0.29163,0.29806,0.001039,0.0002,4.4e-5,0.00073,0.0009,0.00106,0.00115,0.0014,0.289362,0.00485,0.001084,0.28191,0.28706,0.28853,0.29243,0.29912
48.5,0.71062,0.00484,0.001082,0.70087,0.70756,0.71144,0.71293,0.71806,0.00099,0.0002,4.4e-5,0.00071,0.00085,0.00099,0.00111,0.00135,0.28839,0.00493,0.001102,0.28068,0.2861,0.28742,0.2917,0.29812,0.00099,0.0002,4.4e-5,0.00071,0.00085,0.00099,0.00111,0.00135,0.28938,0.00484,0.001082,0.28194,0.28707,0.28856,0.29244,0.29913
48.75,0.710589,0.00484,0.001082,0.70084,0.70752,0.71142,0.71289,0.71802,0.00096,0.0002,4.5e-5,0.00064,0.00084,0.00097,0.00107,0.00132,0.28845,0.00492,0.0011,0.28076,0.28616,0.28748,0.29178,0.29817,0.00096,0.0002,4.5e-5,0.00064,0.00084,0.00097,0.00107,0.00132,0.289411,0.00484,0.001082,0.28198,0.28711,0.28858,0.29248,0.29916
49.0,0.710565,0.00483,0.00108,0.70081,0.70752,0.71138,0.71286,0.71798,0.000931,0.00021,4.6e-5,0.0006,0.00084,0.00094,0.00102,0.00131,0.288504,0.00491,0.001098,0.28082,0.2862,0.28755,0.29184,0.2982,0.000931,0.00021,4.6e-5,0.0006,0.00084,0.00094,0.00102,0.00131,0.289435,0.00483,0.00108,0.28202,0.28714,0.28862,0.29248,0.29919
49.25,0.710541,0.00482,0.001078,0.70079,0.70752,0.71138,0.7128,0.71792,0.000894,0.0002,4.6e-5,0.00058,0.00078,0.0009,0.00096,0.00129,0.288566,0.00491,0.001098,0.28089,0.28625,0.28761,0.29189,0.29828,0.000894,0.0002,4.6e-5,0.00058,0.00078,0.0009,0.00096,0.00129,0.289459,0.00482,0.001078,0.28208,0.2872,0.28863,0.29248,0.29921
49.5,0.710524,0.00482,0.001078,0.70076,0.7075,0.71138,0.71278,0.7179,0.000857,0.0002,4.5e-5,0.00056,0.00075,0.00088,0.00093,0.00124,0.288618,0.00491,0.001097,0.28096,0.28629,0.28766,0.29194,0.29831,0.000857,0.0002,4.5e-5,0.00056,0.00075,0.00088,0.00093,0.00124,0.289476,0.00482,0.001078,0.2821,0.28722,0.28863,0.2925,0.29924
49.75,0.710505,0.00482,0.001078,0.70075,0.70748,0.71135,0.71274,0.71787,0.00083,0.00019,4.3e-5,0.00054,0.00074,0.00083,0.00092,0.0012,0.288665,0.00489,0.001094,0.28103,0.28632,0.28775,0.29196,0.29835,0.00083,0.00019,4.3e-5,0.00054,0.00074,0.00083,0.00092,0.0012,0.289496,0.00482,0.001078,0.28213,0.28726,0.28865,0.29252,0.29925
50.0,0.710487,0.00482,0.001078,0.70072,0.70748,0.71132,0.7127,0.71786,0.000805,0.0002,4.4e-5,0.00052,0.0007,0.00081,0.00088,0.00119,0.288708,0.0049,0.001095,0.28107,0.28639,0.2878,0.292,0.2984,0.000805,0.0002,4.4e-5,0.00052,0.0007,0.00081,0.00088,0.00119,0.289513,0.00482,0.001078,0.28214,0.2873,0.28868,0.29252,0.29928
50.25,0.710466,0.00482,0.001078,0.7007,0.70746,0.7113,0.71268,0.71783,0.000774,0.00019,4.2e-5,0.0005,0.00065,0.0008,0.00084,0.00113,0.288761,0.00489,0.001094,0.28113,0.28645,0.28788,0.29204,0.29846,0.000774,0.00019,4.2e-5,0.0005,0.00065,0.0008,0.00084,0.00113,0.289534,0.00482,0.001078,0.28217,0.28732,0.2887,0.29254,0.2993
50.5,0.710448,0.00481,0.001077,0.70069,0.70744,0.71128,0.71266,0.71779,0.000733,0.00018,4.0e-5,0.00047,0.0006,0.00076,0.0008,0.00105,0.288819,0.00488,0.001091,0.28125,0.28653,0.28792,0.29208,0.2985,0.000733,0.00018,4.0e-5,0.00047,0.0006,0.00076,0.0008,0.00105,0.289552,0.00481,0.001077,0.28221,0.28734,0.28872,0.29256,0.29931
50.75,0.710432,0.00482,0.001077,0.70066,0.70744,0.71126,0.71265,0.71778,0.000707,0.00018,4.0e-5,0.00044,0.00058,0.00072,0.00079,0.00102,0.288861,0.00488,0.001092,0.28131,0.28656,0.28795,0.29212,0.29856,0.000707,0.00018,4.0e-5,0.00044,0.00058,0.00072,0.00079,0.00102,0.289568,0.00482,0.001077,0.28222,0.28735,0.28874,0.29256,0.29934
51.0,0.710417,0.00481,0.001077,0.70064,0.70744,0.71124,0.71261,0.71775,0.000674,0.00016,3.7e-5,0.00042,0.00056,0.0007,0.00075,0.00094,0.288909,0.00487,0.001089,0.28142,0.28661,0.288,0.29214,0.29861,0.000674,0.00016,3.7e-5,0.00042,0.00056,0.0007,0.00075,0.00094,0.289582,0.00481,0.001077,0.28225,0.28739,0.28876,0.29256,0.29936
51.25,0.710404,0.00481,0.001076,0.70062,0.70744,0.71124,0.71258,0.71772,0.00064,0.00016,3.6e-5,0.0004,0.00055,0.00066,0.00071,0.0009,0.288956,0.00487,0.001088,0.28147,0.28667,0.28804,0.29216,0.29866,0.00064,0.00016,3.6e-5,0.0004,0.00055,0.00066,0.00071,0.0009,0.289596,0.00481,0.001076,0.28228,0.28741,0.28876,0.29256,0.29938
51.5,0.710391,0.00481,0.001076,0.70059,0.70743,0.71123,0.71258,0.71769,0.00061,0.00016,3.5e-5,0.00038,0.00049,0.00063,0.00069,0.00086,0.288999,0.00486,0.001086,0.28153,0.28671,0.2881,0.29218,0.2987,0.00061,0.00016,3.5e-5,0.00038,0.00049,0.00063,0.00069,0.00086,0.289609,0.00481,0.001076,0.28231,0.28742,0.28877,0.29257,0.29941
51.75,0.710378,0.0048,0.001074,0.70059,0.70743,0.71122,0.71256,0.71766,0.000584,0.00015,3.4e-5,0.00036,0.00046,0.0006,0.00066,0.00083,0.289038,0.00485,0.001084,0.2816,0.28675,0.28815,0.2922,0.29873,0.000584,0.00015,3.4e-5,0.00036,0.00046,0.0006,0.00066,0.00083,0.289622,0.0048,0.001074,0.28234,0.28744,0.28878,0.29257,0.29941
52.0,0.710365,0.00481,0.001075,0.70056,0.70743,0.71121,0.71254,0.71763,0.000566,0.00015,3.4e-5,0.00033,0.00046,0.0006,0.00064,0.00082,0.289069,0.00485,0.001084,0.28163,0.28679,0.28816,0.29223,0.29877,0.000566,0.00015,3.4e-5,0.00033,0.00046,0.0006,0.00064,0.00082,0.289636,0.00481,0.001075,0.28237,0.28746,0.28879,0.29257,0.29944
52.25,0.710347,0.0048,0.001074,0.70054,0.70742,0.7112,0.71253,0.71762,0.000551,0.00015,3.3e-5,0.00031,0.00044,0.00057,0.00061,0.0008,0.289102,0.00485,0.001084,0.28169,0.28684,0.28819,0.29226,0.29882,0.000551,0.00015,3.3e-5,0.00031,0.00044,0.00057,0.00061,0.0008,0.289652,0.0048,0.001074,0.28238,0.28747,0.2888,0.29258,0.29946
52.5,0.710333,0.0048,0.001073,0.70052,0.70741,0.7112,0.71251,0.71758,0.00053,0.00015,3.3e-5,0.00029,0.00041,0.00056,0.00058,0.00079,0.289137,0.00484,0.001083,0.28174,0.28687,0.28824,0.29227,0.29886,0.00053,0.00015,3.3e-5,0.00029,0.00041,0.00056,0.00058,0.00079,0.289667,0.0048,0.001073,0.28242,0.28749,0.2888,0.29259,0.29948
52.75,0.71032,0.0048,0.001074,0.70049,0.7074,0.71119,0.71251,0.71755,0.000507,0.00015,3.4e-5,0.00026,0.00041,0.00052,0.00057,0.00079,0.289173,0.00484,0.001082,0.28179,0.28691,0.28826,0.29229,0.29888,0.000507,0.00015,3.4e-5,0.00026,0.00041,0.00052,0.00057,0.00079,0.28968,0.0048,0.001074,0.28245,0.28749,0.28881,0.2926,0.29951
53.0,0.710306,0.0048,0.001074,0.70047,0.70739,0.71118,0.71251,0.71753,0.00049,0.00016,3.5e-5,0.00023,0.00039,0.00049,0.00056,0.00079,0.289204,0.00485,0.001083,0.2818,0.28694,0.28829,0.29231,0.29893,0.00049,0.00016,3.5e-5,0.00023,0.00039,0.00049,0.00056,0.00079,0.289694,0.0048,0.001074,0.28247,0.28749,0.28882,0.29261,0.29953
53.25,0.710291,0.0048,0.001073,0.70046,0.70738,0.71116,0.71249,0.7175,0.00048,0.00015,3.3e-5,0.00023,0.00038,0.00048,0.00053,0.00077,0.289229,0.00484,0.001082,0.28184,0.28698,0.28832,0.29234,0.29894,0.00048,0.00015,3.3e-5,0.00023,0.00038,0.00048,0.00053,0.00077,0.289709,0.0048,0.001073,0.2825,0.28751,0.28885,0.29262,0.29954
53.5,0.710278,0.00479,0.001072,0.70045,0.70737,0.71114,0.71246,0.71748,0.000468,0.00015,3.3e-5,0.00022,0.00037,0.00047,0.00052,0.00074,0.289255,0.00483,0.001081,0.28188,0.28704,0.28834,0.29236,0.29897,0.000468,0.00015,3.3e-5,0.00022,0.00037,0.00047,0.00052,0.00074,0.289722,0.00479,0.001072,0.28252,0.28755,0.28885,0.29263,0.29955
53.75,0.71026,0.00479,0.001072,0.70042,0.70737,0.71113,0.71244,0.71747,0.000455,0.00015,3.3e-5,0.00019,0.00037,0.00045,0.00053,0.00071,0.289286,0.00483,0.001079,0.28193,0.28706,0.28836,0.29239,0.299,0.000455,0.00015,3.3e-5,0.00019,0.00037,0.00045,0.00053,0.00071,0.289741,0.00479,0.001072,0.28253,0.28756,0.28887,0.29263,0.29958
54.0,0.710244,0.00479,0.001071,0.7004,0.70737,0.71111,0.71243,0.71744,0.000443,0.00015,3.4e-5,0.00018,0.00035,0.00043,0.00052,0.00071,0.289313,0.00482,0.001078,0.28196,0.28709,0.2884,0.29239,0.29902,0.000443,0.00015,3.4e-5,0.00018,0.00035,0.00043,0.00052,0.00071,0.289756,0.00479,0.001071,0.28256,0.28757,0.2889,0.29263,0.2996
54.25,0.710232,0.00479,0.00107,0.70039,0.70736,0.7111,0.71242,0.71742,0.00043,0.00015,3.3e-5,0.00016,0.00034,0.00042,0.00052,0.00069,0.289337,0.00482,0.001078,0.28198,0.2871,0.28844,0.29241,0.29905,0.00043,0.00015,3.3e-5,0.00016,0.00034,0.00042,0.00052,0.00069,0.289768,0.00479,0.00107,0.28258,0.28758,0.28891,0.29264,0.29961
54.5,0.710224,0.00478,0.001069,0.70038,0.70736,0.71108,0.71241,0.71739,0.000422,0.00015,3.4e-5,0.00017,0.00034,0.0004,0.0005,0.0007,0.289354,0.00483,0.001079,0.282,0.28714,0.28844,0.29242,0.29909,0.000422,0.00015,3.4e-5,0.00017,0.00034,0.0004,0.0005,0.0007,0.289776,0.00478,0.001069,0.28261,0.28759,0.28892,0.29264,0.29962
54.75,0.710214,0.00478,0.001069,0.70038,0.70736,0.71107,0.71239,0.71738,0.000402,0.00015,3.3e-5,0.00017,0.00032,0.00039,0.00048,0.0007,0.289383,0.00483,0.001079,0.28203,0.28718,0.28846,0.29243,0.29912,0.000402,0.00015,3.3e-5,0.00017,0.00032,0.00039,0.00048,0.0007,0.289786,0.00478,0.001069,0.28262,0.28761,0.28893,0.29264,0.29962
55.0,0.710204,0.00478,0.001068,0.70037,0.70735,0.71106,0.71238,0.71736,0.000387,0.00014,3.1e-5,0.00017,0.0003,0.00036,0.00047,0.00066,0.289409,0.00482,0.001078,0.28208,0.28721,0.28847,0.29244,0.29915,0.000387,0.00014,3.1e-5,0.00017,0.0003,0.00036,0.00047,0.00066,0.289796,0.00478,0.001068,0.28264,0.28762,0.28894,0.29265,0.29963
55.25,0.710196,0.00478,0.001068,0.70036,0.70734,0.71104,0.71237,0.71735,0.000366,0.00014,3.1e-5,0.00016,0.00028,0.00036,0.00044,0.00065,0.289438,0.00482,0.001078,0.2821,0.28724,0.2885,0.29247,0.29919,0.000366,0.00014,3.1e-5,0.00016,0.00028,0.00036,0.00044,0.00065,0.289804,0.00478,0.001068,0.28265,0.28763,0.28895,0.29266,0.29964
55.5,0.710188,0.00477,0.001067,0.70036,0.70734,0.71104,0.71236,0.71733,0.000352,0.00014,3.1e-5,0.00015,0.00027,0.00033,0.00042,0.00063,0.289459,0.00482,0.001077,0.28215,0.28726,0.28856,0.29247,0.2992,0.000352,0.00014,3.1e-5,0.00015,0.00027,0.00033,0.00042,0.00063,0.289812,0.00477,0.001067,0.28267,0.28764,0.28897,0.29266,0.29964
55.75,0.710182,0.00477,0.001067,0.70035,0.70734,0.71104,0.71234,0.71733,0.000342,0.00013,2.9e-5,0.00014,0.00025,0.00032,0.0004,0.0006,0.289476,0.00481,0.001077,0.28217,0.28728,0.2886,0.29247,0.29922,0.000342,0.00013,2.9e-5,0.00014,0.00025,0.00032,0.0004,0.0006,0.289817,0.00477,0.001067,0.28267,0.28766,0.28897,0.29266,0.29965
56.0,0.710174,0.00477,0.001066,0.70034,0.70734,0.71102,0.71233,0.71731,0.00033,0.00012,2.8e-5,0.00014,0.00024,0.00031,0.00039,0.00057,0.289497,0.00481,0.001075,0.28221,0.28733,0.28861,0.29248,0.29924,0.00033,0.00012,2.8e-5,0.00014,0.00024,0.00031,0.00039,0.00057,0.289826,0.00477,0.001066,0.28269,0.28767,0.28898,0.29266,0.29966
56.25,0.710166,0.00476,0.001065,0.70034,0.70734,0.71102,0.71232,0.71728,0.000312,0.00012,2.7e-5,0.00012,0.00023,0.0003,0.00036,0.00056,0.289523,0.0048,0.001074,0.28225,0.28734,0.28864,0.2925,0.29927,0.000312,0.00012,2.7e-5,0.00012,0.00023,0.0003,0.00036,0.00056,0.289834,0.00476,0.001065,0.28272,0.28768,0.28898,0.29266,0.29966
56.5,0.71016,0.00476,0.001065,0.70034,0.70734,0.71102,0.71232,0.71728,0.000299,0.00012,2.6e-5,0.00011,0.00023,0.00028,0.00036,0.00053,0.289542,0.00479,0.001072,0.28229,0.28737,0.28865,0.2925,0.29928,0.000299,0.00012,2.6e-5,0.00011,0.00023,0.00028,0.00036,0.00053,0.28984,0.00476,0.001065,0.28272,0.28768,0.28898,0.29266,0.29966
56.75,0.71015,0.00476,0.001064,0.70033,0.70733,0.711,0.71232,0.71727,0.000294,0.00011,2.6e-5,0.00011,0.00024,0.00025,0.00035,0.00052,0.289556,0.00479,0.001071,0.28233,0.2874,0.28866,0.29251,0.29929,0.000294,0.00011,2.6e-5,0.00011,0.00024,0.00025,0.00035,0.00052,0.28985,0.00476,0.001064,0.28273,0.28768,0.289,0.29267,0.29967
57.0,0.710144,0.00476,0.001065,0.70032,0.70733,0.71098,0.71231,0.71727,0.000282,0.00011,2.4e-5,0.00011,0.00022,0.00024,0.00033,0.0005,0.289574,0.00478,0.00107,0.28236,0.28742,0.28868,0.29252,0.29931,0.000282,0.00011,2.4e-5,0.00011,0.00022,0.00024,0.00033,0.0005,0.289856,0.00476,0.001065,0.28273,0.28769,0.28902,0.29267,0.29968
57.25,0.710134,0.00476,0.001065,0.7003,0.70733,0.71097,0.7123,0.71725,0.000272,0.0001,2.3e-5,0.0001,0.00021,0.00025,0.00032,0.00046,0.289593,0.00478,0.001069,0.28241,0.28744,0.28869,0.29252,0.29933,0.000272,0.0001,2.3e-5,0.0001,0.00021,0.00025,0.00032,0.00046,0.289866,0.00476,0.001065,0.28275,0.2877,0.28903,0.29267,0.2997
57.5,0.710124,0.00476,0.001065,0.70029,0.70732,0.71097,0.71229,0.71725,0.000262,0.0001,2.3e-5,0.0001,0.0002,0.00024,0.0003,0.00044,0.289614,0.00478,0.001068,0.28242,0.28745,0.28873,0.29254,0.29934,0.000262,0.0001,2.3e-5,0.0001,0.0002,0.00024,0.0003,0.00044,0.289876,0.00476,0.001065,0.28275,0.28771,0.28903,0.29268,0.29971
57.75,0.710118,0.00476,0.001064,0.70029,0.70732,0.71096,0.71228,0.71723,0.000249,0.0001,2.2e-5,9.0e-5,0.00019,0.00024,0.00028,0.00044,0.289634,0.00478,0.001069,0.28243,0.28747,0.28874,0.29256,0.29938,0.000249,0.0001,2.2e-5,9.0e-5,0.00019,0.00024,0.00028,0.00044,0.289882,0.00476,0.001064,0.28277,0.28772,0.28904,0.29268,0.29971
58.0,0.71011,0.00475,0.001063,0.70029,0.7073,0.71096,0.71228,0.7172,0.000241,0.0001,2.3e-5,0.0001,0.00017,0.00022,0.00029,0.00046,0.289649,0.00478,0.001069,0.28246,0.28748,0.28875,0.29256,0.29941,0.000241,0.0001,2.3e-5,0.0001,0.00017,0.00022,0.00029,0.00046,0.28989,0.00475,0.001063,0.2828,0.28772,0.28904,0.2927,0.29971
58.25,0.7101,0.00475,0.001062,0.70028,0.7073,0.71094,0.71226,0.71718,0.00024,0.00011,2.5e-5,9.0e-5,0.00017,0.00022,0.00031,0.00047,0.28966,0.00478,0.00107,0.28246,0.2875,0.28877,0.29258,0.29943,0.00024,0.00011,2.5e-5,9.0e-5,0.00017,0.00022,0.00031,0.00047,0.2899,0.00475,0.001062,0.28282,0.28774,0.28906,0.2927,0.29972
58.5,0.710093,0.00475,0.001061,0.70028,0.7073,0.71094,0.71226,0.71716,0.000231,0.00011,2.4e-5,9.0e-5,0.00016,0.0002,0.0003,0.00046,0.289676,0.00478,0.001069,0.28248,0.28751,0.28878,0.29258,0.29945,0.000231,0.00011,2.4e-5,9.0e-5,0.00016,0.0002,0.0003,0.00046,0.289907,0.00475,0.001061,0.28284,0.28774,0.28906,0.2927,0.29972
58.75,0.710088,0.00475,0.001062,0.70026,0.7073,0.71094,0.71226,0.71716,0.000212,0.0001,2.3e-5,9.0e-5,0.00013,0.00019,0.00028,0.00041,0.2897,0.00477,0.001067,0.28253,0.28754,0.28882,0.29259,0.29946,0.000212,0.0001,2.3e-5,9.0e-5,0.00013,0.00019,0.00028,0.00041,0.289912,0.00475,0.001062,0.28284,0.28774,0.28906,0.2927,0.29974
59.0,0.71008,0.00475,0.001061,0.70025,0.70729,0.71094,0.71226,0.71713,0.000206,0.00011,2.4e-5,8.0e-5,0.00012,0.00017,0.0003,0.0004,0.289713,0.00477,0.001066,0.28255,0.28756,0.28883,0.29261,0.29947,0.000206,0.00011,2.4e-5,8.0e-5,0.00012,0.00017,0.0003,0.0004,0.28992,0.00475,0.001061,0.28287,0.28775,0.28906,0.29271,0.29975
59.25,0.710073,0.00474,0.001061,0.70025,0.70728,0.71094,0.71225,0.71711,0.000204,0.0001,2.3e-5,8.0e-5,0.00013,0.00017,0.00028,0.00041,0.289723,0.00477,0.001067,0.28255,0.28758,0.28886,0.29261,0.29949,0.000204,0.0001,2.3e-5,8.0e-5,0.00013,0.00017,0.00028,0.00041,0.289928,0.00474,0.001061,0.28289,0.28775,0.28906,0.29272,0.29975
59.5,0.710066,0.00474,0.001061,0.70024,0.70728,0.71093,0.71224,0.7171,0.000199,0.0001,2.3e-5,8.0e-5,0.00012,0.00016,0.00027,0.00041,0.289734,0.00477,0.001066,0.28258,0.28758,0.28888,0.29262,0.2995,0.000199,0.0001,2.3e-5,8.0e-5,0.00012,0.00016,0.00027,0.00041,0.289934,0.00474,0.001061,0.2829,0.28776,0.28907,0.29272,0.29976
59.75,0.710064,0.00474,0.00106,0.70024,0.70728,0.71092,0.71224,0.7171,0.000189,0.0001,2.2e-5,7.0e-5,0.00012,0.00014,0.00027,0.00038,0.289747,0.00476,0.001065,0.28261,0.2876,0.28888,0.29263,0.29951,0.000189,0.0001,2.2e-5,7.0e-5,0.00012,0.00014,0.00027,0.00038,0.289936,0.00474,0.00106,0.2829,0.28776,0.28907,0.29272,0.29976
60.0,0.710058,0.00474,0.00106,0.70024,0.70728,0.71092,0.71224,0.71709,0.000184,0.0001,2.2e-5,7.0e-5,0.00012,0.00013,0.00026,0.00037,0.289758,0.00476,0.001064,0.28265,0.2876,0.28888,0.29264,0.29952,0.000184,0.0001,2.2e-5,7.0e-5,0.00012,0.00013,0.00026,0.00037,0.289941,0.00474,0.00106,0.28291,0.28776,0.28908,0.29272,0.29976
60.25,0.710053,0.00474,0.00106,0.70023,0.70727,0.71092,0.71224,0.71708,0.000177,9.0e-5,2.0e-5,7.0e-5,0.00011,0.00013,0.00025,0.00034,0.289771,0.00476,0.001063,0.28268,0.28761,0.2889,0.29265,0.29954,0.000177,9.0e-5,2.0e-5,7.0e-5,0.00011,0.00013,0.00025,0.00034,0.289947,0.00474,0.00106,0.28292,0.28776,0.28908,0.29273,0.29977
60.5,0.710049,0.00474,0.00106,0.70022,0.70727,0.71092,0.71223,0.71707,0.000168,8.0e-5,1.9e-5,6.0e-5,0.00011,0.00013,0.00024,0.00031,0.289782,0.00475,0.001062,0.28272,0.28762,0.28891,0.29266,0.29955,0.000168,8.0e-5,1.9e-5,6.0e-5,0.00011,0.00013,0.00024,0.00031,0.289951,0.00474,0.00106,0.28293,0.28777,0.28908,0.29273,0.29978
60.75,0.710045,0.00474,0.001059,0.70022,0.70727,0.71092,0.71223,0.71706,0.000159,8.0e-5,1.8e-5,6.0e-5,0.00011,0.00012,0.00023,0.0003,0.289796,0.00475,0.001061,0.28274,0.28763,0.28892,0.29266,0.29957,0.000159,8.0e-5,1.8e-5,6.0e-5,0.00011,0.00012,0.00023,0.0003,0.289955,0.00474,0.001059,0.28294,0.28777,0.28908,0.29273,0.29978
61.0,0.710039,0.00474,0.001059,0.70021,0.70727,0.7109,0.71222,0.71706,0.000156,8.0e-5,1.8e-5,6.0e-5,0.0001,0.00012,0.00024,0.00029,0.289804,0.00475,0.001061,0.28274,0.28764,0.28892,0.29266,0.29957,0.000156,8.0e-5,1.8e-5,6.0e-5,0.0001,0.00012,0.00024,0.00029,0.28996,0.00474,0.001059,0.28294,0.28778,0.2891,0.29273,0.29979
61.25,0.710034,0.00474,0.00106,0.7002,0.70727,0.7109,0.71222,0.71705,0.000154,8.0e-5,1.8e-5,6.0e-5,9.0e-5,0.00012,0.00023,0.00029,0.289811,0.00475,0.001062,0.28274,0.28765,0.28894,0.29266,0.29959,0.000154,8.0e-5,1.8e-5,6.0e-5,9.0e-5,0.00012,0.00023,0.00029,0.289965,0.00474,0.00106,0.28295,0.28778,0.2891,0.29273,0.2998
61.5,0.710028,0.00474,0.00106,0.70019,0.70727,0.71088,0.71222,0.71705,0.000153,8.0e-5,1.8e-5,5.0e-5,9.0e-5,0.00012,0.00022,0.00029,0.28982,0.00475,0.001061,0.28276,0.28765,0.28894,0.29266,0.2996,0.000153,8.0e-5,1.8e-5,5.0e-5,9.0e-5,0.00012,0.00022,0.00029,0.289972,0.00474,0.00106,0.28295,0.28778,0.28912,0.29273,0.29981
61.75,0.710025,0.00474,0.00106,0.70019,0.70727,0.71088,0.71221,0.71705,0.000147,8.0e-5,1.7e-5,5.0e-5,9.0e-5,0.00012,0.00021,0.00028,0.289828,0.00475,0.001061,0.28276,0.28766,0.28897,0.29266,0.29961,0.000147,8.0e-5,1.7e-5,5.0e-5,9.0e-5,0.00012,0.00021,0.00028,0.289976,0.00474,0.00106,0.28295,0.28779,0.28912,0.29273,0.29981
62.0,0.710023,0.00474,0.00106,0.70019,0.70726,0.71088,0.7122,0.71705,0.000142,7.0e-5,1.6e-5,5.0e-5,9.0e-5,0.00012,0.0002,0.00026,0.289835,0.00475,0.001061,0.28277,0.28766,0.28897,0.29266,0.29962,0.000142,7.0e-5,1.6e-5,5.0e-5,9.0e-5,0.00012,0.0002,0.00026,0.289978,0.00474,0.00106,0.28295,0.2878,0.28912,0.29274,0.29981
62.25,0.71002,0.00474,0.00106,0.70019,0.70726,0.71088,0.7122,0.71705,0.000132,7.0e-5,1.5e-5,4.0e-5,8.0e-5,0.00012,0.00019,0.00024,0.289848,0.00474,0.001061,0.2828,0.28766,0.28898,0.29267,0.29963,0.000132,7.0e-5,1.5e-5,4.0e-5,8.0e-5,0.00012,0.00019,0.00024,0.28998,0.00474,0.00106,0.28295,0.2878,0.28912,0.29274,0.29981
62.5,0.710016,0.00474,0.00106,0.70018,0.70726,0.71088,0.71219,0.71704,0.000124,7.0e-5,1.5e-5,3.0e-5,7.0e-5,0.00012,0.00018,0.00024,0.28986,0.00474,0.001061,0.28281,0.28767,0.28899,0.29268,0.29965,0.000124,7.0e-5,1.5e-5,3.0e-5,7.0e-5,0.00012,0.00018,0.00024,0.289984,0.00474,0.00106,0.28297,0.2878,0.28912,0.29274,0.29982
62.75,0.710013,0.00474,0.00106,0.70017,0.70726,0.71088,0.71219,0.71704,0.000123,6.0e-5,1.4e-5,3.0e-5,7.0e-5,0.00012,0.00017,0.00023,0.289864,0.00474,0.001061,0.28281,0.28767,0.289,0.29268,0.29965,0.000123,6.0e-5,1.4e-5,3.0e-5,7.0e-5,0.00012,0.00017,0.00023,0.289987,0.00474,0.00106,0.28297,0.2878,0.28912,0.29274,0.29983
63.0,0.710011,0.00474,0.001061,0.70017,0.70726,0.71088,0.71219,0.71704,0.000115,6.0e-5,1.4e-5,3.0e-5,7.0e-5,0.0001,0.00016,0.00022,0.289874,0.00474,0.00106,0.28282,0.28769,0.28901,0.29268,0.29966,0.000115,6.0e-5,1.4e-5,3.0e-5,7.0e-5,0.0001,0.00016,0.00022,0.289989,0.00474,0.001061,0.28297,0.2878,0.28912,0.29274,0.29983
63.25,0.710008,0.00474,0.001061,0.70016,0.70726,0.71088,0.71219,0.71703,0.00011,6.0e-5,1.4e-5,2.0e-5,7.0e-5,8.0e-5,0.00016,0.00022,0.289882,0.00474,0.00106,0.28283,0.2877,0.28902,0.29268,0.29966,0.00011,6.0e-5,1.4e-5,2.0e-5,7.0e-5,8.0e-5,0.00016,0.00022,0.289992,0.00474,0.001061,0.28297,0.2878,0.28912,0.29274,0.29984
63.5,0.710004,0.00474,0.001061,0.70015,0.70726,0.71088,0.71219,0.71702,0.000109,7.0e-5,1.5e-5,1.0e-5,7.0e-5,8.0e-5,0.00016,0.00023,0.289886,0.00474,0.00106,0.28283,0.2877,0.28902,0.29268,0.29967,0.000109,7.0e-5,1.5e-5,1.0e-5,7.0e-5,8.0e-5,0.00016,0.00023,0.289996,0.00474,0.001061,0.28297,0.28781,0.28912,0.29274,0.29985
63.75,0.710003,0.00474,0.001061,0.70015,0.70726,0.71087,0.71219,0.71702,0.0001,6.0e-5,1.4e-5,1.0e-5,7.0e-5,8.0e-5,0.00013,0.00022,0.289898,0.00474,0.001061,0.28284,0.2877,0.28904,0.29268,0.2997,0.0001,6.0e-5,1.4e-5,1.0e-5,7.0e-5,8.0e-5,0.00013,0.00022,0.289997,0.00474,0.001061,0.28297,0.28781,0.28912,0.29274,0.29985
64.0,0.710002,0.00474,0.001061,0.70015,0.70726,0.71087,0.71219,0.71702,9.3e-5,6.0e-5,1.3e-5,1.0e-5,6.0e-5,7.0e-5,0.00013,0.0002,0.289905,0.00475,0.001061,0.28285,0.2877,0.28904,0.29268,0.29972,9.3e-5,6.0e-5,1.3e-5,1.0e-5,6.0e-5,7.0e-5,0.00013,0.0002,0.289998,0.00474,0.001061,0.28297,0.28781,0.28913,0.29274,0.29985
64.25,0.710001,0.00475,0.001061,0.70014,0.70726,0.71087,0.71218,0.71702,8.7e-5,6.0e-5,1.2e-5,1.0e-5,6.0e-5,7.0e-5,0.00012,0.0002,0.289912,0.00475,0.001062,0.28285,0.28771,0.28906,0.29268,0.29973,8.7e-5,6.0e-5,1.2e-5,1.0e-5,6.0e-5,7.0e-5,0.00012,0.0002,0.289999,0.00475,0.001061,0.28297,0.28782,0.28913,0.29274,0.29986
64.5,0.709998,0.00474,0.001061,0.70014,0.70725,0.71087,0.71218,0.71701,8.1e-5,6.0e-5,1.3e-5,1.0e-5,4.0e-5,6.0e-5,0.00011,0.00019,0.28992,0.00475,0.001062,0.28286,0.28772,0.28906,0.29268,0.29975,8.1e-5,6.0e-5,1.3e-5,1.0e-5,4.0e-5,6.0e-5,0.00011,0.00019,0.290002,0.00474,0.001061,0.28299,0.28782,0.28913,0.29275,0.29986
64.75,0.709996,0.00474,0.00106,0.70014,0.70725,0.71087,0.71218,0.71701,7.9e-5,5.0e-5,1.2e-5,1.0e-5,5.0e-5,6.0e-5,0.00011,0.00018,0.289925,0.00475,0.001063,0.28286,0.28773,0.28907,0.29268,0.29977,7.9e-5,5.0e-5,1.2e-5,1.0e-5,5.0e-5,6.0e-5,0.00011,0.00018,0.290004,0.00474,0.00106,0.28299,0.28782,0.28913,0.29275,0.29986
65.0,0.709994,0.00474,0.00106,0.70014,0.70725,0.71087,0.71218,0.717,7.6e-5,5.0e-5,1.2e-5,1.0e-5,4.0e-5,6.0e-5,0.00011,0.00017,0.289931,0.00475,0.001062,0.28287,0.28774,0.28907,0.29269,0.29977,7.6e-5,5.0e-5,1.2e-5,1.0e-5,4.0e-5,6.0e-5,0.00011,0.00017,0.290006,0.00474,0.00106,0.283,0.28782,0.28913,0.29275,0.29986
65.25,0.709992,0.00474,0.00106,0.70014,0.70725,0.71087,0.71218,0.717,7.4e-5,5.0e-5,1.1e-5,1.0e-5,4.0e-5,6.0e-5,0.0001,0.00017,0.289934,0.00475,0.001063,0.28287,0.28775,0.28907,0.29269,0.29979,7.4e-5,5.0e-5,1.1e-5,1.0e-5,4.0e-5,6.0e-5,0.0001,0.00017,0.290008,0.00474,0.00106,0.283,0.28782,0.28913,0.29275,0.29986
65.5,0.70999,0.00474,0.00106,0.70014,0.70725,0.71086,0.71218,0.717,7.4e-5,5.0e-5,1.1e-5,1.0e-5,4.0e-5,6.0e-5,0.0001,0.00017,0.289936,0.00475,0.001063,0.28287,0.28775,0.28907,0.29269,0.29979,7.4e-5,5.0e-5,1.1e-5,1.0e-5,4.0e-5,6.0e-5,0.0001,0.00017,0.29001,0.00474,0.00106,0.283,0.28782,0.28914,0.29275,0.29986
65.75,0.709988,0.00474,0.00106,0.70014,0.70725,0.71086,0.71218,0.71699,7.4e-5,5.0e-5,1.2e-5,1.0e-5,4.0e-5,6.0e-5,0.00011,0.00017,0.289938,0.00475,0.001063,0.28288,0.28776,0.28907,0.29269,0.2998,7.4e-5,5.0e-5,1.2e-5,1.0e-5,4.0e-5,6.0e-5,0.00011,0.00017,0.290012,0.00474,0.00106,0.28301,0.28782,0.28914,0.29275,0.29986
66.0,0.709986,0.00474,0.00106,0.70013,0.70725,0.71086,0.71218,0.71699,7.0e-5,5.0e-5,1.1e-5,1.0e-5,3.0e-5,6.0e-5,0.0001,0.00017,0.289944,0.00475,0.001062,0.28289,0.28776,0.28909,0.29269,0.2998,7.0e-5,5.0e-5,1.1e-5,1.0e-5,3.0e-5,6.0e-5,0.0001,0.00017,0.290014,0.00474,0.00106,0.28301,0.28782,0.28914,0.29275,0.29987
66.25,0.709984,0.00474,0.00106,0.70013,0.70725,0.71086,0.71218,0.71699,6.7e-5,5.0e-5,1.1e-5,1.0e-5,3.0e-5,6.0e-5,0.0001,0.00017,0.289949,0.00475,0.001063,0.28289,0.28776,0.2891,0.29271,0.2998,6.7e-5,5.0e-5,1.1e-5,1.0e-5,3.0e-5,6.0e-5,0.0001,0.00017,0.290016,0.00474,0.00106,0.28301,0.28782,0.28914,0.29275,0.29987
66.5,0.709982,0.00474,0.001059,0.70013,0.70725,0.71086,0.71217,0.71698,6.6e-5,5.0e-5,1.2e-5,1.0e-5,3.0e-5,4.0e-5,0.0001,0.00018,0.289952,0.00475,0.001062,0.28291,0.28776,0.2891,0.29272,0.2998,6.6e-5,5.0e-5,1.2e-5,1.0e-5,3.0e-5,4.0e-5,0.0001,0.00018,0.290018,0.00474,0.001059,0.28302,0.28783,0.28914,0.29275,0.29987
66.75,0.709981,0.00474,0.001059,0.70013,0.70725,0.71086,0.71217,0.71697,6.1e-5,5.0e-5,1.1e-5,1.0e-5,2.0e-5,4.0e-5,9.0e-5,0.00017,0.289958,0.00475,0.001062,0.28291,0.28777,0.2891,0.29273,0.29981,6.1e-5,5.0e-5,1.1e-5,1.0e-5,2.0e-5,4.0e-5,9.0e-5,0.00017,0.290019,0.00474,0.001059,0.28303,0.28783,0.28914,0.29275,0.29987
67.0,0.70998,0.00474,0.001059,0.70013,0.70725,0.71086,0.71217,0.71697,6.0e-5,5.0e-5,1.1e-5,1.0e-5,2.0e-5,4.0e-5,9.0e-5,0.00017,0.28996,0.00475,0.001062,0.28292,0.28777,0.2891,0.29273,0.29981,6.0e-5,5.0e-5,1.1e-5,1.0e-5,2.0e-5,4.0e-5,9.0e-5,0.00017,0.29002,0.00474,0.001059,0.28303,0.28783,0.28914,0.29275,0.29987
67.25,0.709979,0.00474,0.001059,0.70013,0.70725,0.71086,0.71217,0.71697,6.0e-5,5.0e-5,1.1e-5,1.0e-5,2.0e-5,4.0e-5,9.0e-5,0.00016,0.289962,0.00475,0.001061,0.28292,0.28777,0.2891,0.29273,0.29981,6.0e-5,5.0e-5,1.1e-5,1.0e-5,2.0e-5,4.0e-5,9.0e-5,0.00016,0.290021,0.00474,0.001059,0.28303,0.28783,0.28914,0.29275,0.29987
67.5,0.709977,0.00474,0.001059,0.70013,0.70725,0.71086,0.71216,0.71697,5.7e-5,5.0e-5,1.1e-5,1.0e-5,2.0e-5,4.0e-5,8.0e-5,0.00017,0.289966,0.00475,0.001062,0.28293,0.28778,0.2891,0.29273,0.29982,5.7e-5,5.0e-5,1.1e-5,1.0e-5,2.0e-5,4.0e-5,8.0e-5,0.00017,0.290023,0.00474,0.001059,0.28303,0.28783,0.28914,0.29275,0.29987
67.75,0.709976,0.00474,0.001059,0.70013,0.70725,0.71086,0.71216,0.71697,5.6e-5,5.0e-5,1.1e-5,1.0e-5,2.0e-5,4.0e-5,9.0e-5,0.00016,0.289968,0.00475,0.001062,0.28293,0.28779,0.2891,0.29273,0.29982,5.6e-5,5.0e-5,1.1e-5,1.0e-5,2.0e-5,4.0e-5,9.0e-5,0.00016,0.290024,0.00474,0.001059,0.28303,0.28783,0.28914,0.29275,0.29987
68.0,0.709974,0.00474,0.001059,0.70013,0.70725,0.71086,0.71216,0.71696,5.4e-5,5.0e-5,1.1e-5,1.0e-5,2.0e-5,4.0e-5,8.0e-5,0.00016,0.289972,0.00475,0.001061,0.28294,0.28779,0.2891,0.29273,0.29982,5.4e-5,5.0e-5,1.1e-5,1.0e-5,2.0e-5,4.0e-5,8.0e-5,0.00016,0.290026,0.00474,0.001059,0.28304,0.28783,0.28914,0.29275,0.29987
68.25,0.709974,0.00474,0.001059,0.70013,0.70725,0.71086,0.71216,0.71696,5.2e-5,5.0e-5,1.0e-5,1.0e-5,1.0e-5,4.0e-5,7.0e-5,0.00015,0.289975,0.00474,0.001061,0.28295,0.28779,0.28911,0.29273,0.29982,5.2e-5,5.0e-5,1.0e-5,1.0e-5,1.0e-5,4.0e-5,7.0e-5,0.00015,0.290026,0.00474,0.001059,0.28304,0.28783,0.28914,0.29275,0.29987
68.5,0.709972,0.00474,0.001059,0.70013,0.70725,0.71086,0.71216,0.71696,5.0e-5,5.0e-5,1.0e-5,1.0e-5,1.0e-5,4.0e-5,7.0e-5,0.00014,0.289978,0.00474,0.00106,0.28296,0.2878,0.28911,0.29273,0.29982,5.0e-5,5.0e-5,1.0e-5,1.0e-5,1.0e-5,4.0e-5,7.0e-5,0.00014,0.290028,0.00474,0.001059,0.28304,0.28784,0.28914,0.29275,0.29987
68.75,0.709972,0.00474,0.001059,0.70013,0.70725,0.71086,0.71216,0.71696,4.6e-5,4.0e-5,1.0e-5,0.0,1.0e-5,4.0e-5,7.0e-5,0.00014,0.289982,0.00474,0.00106,0.28297,0.2878,0.28912,0.29273,0.29983,4.6e-5,4.0e-5,1.0e-5,0.0,1.0e-5,4.0e-5,7.0e-5,0.00014,0.290028,0.00474,0.001059,0.28304,0.28784,0.28914,0.29275,0.29987
69.0,0.70997,0.00474,0.001059,0.70013,0.70725,0.71086,0.71216,0.71696,4.4e-5,4.0e-5,1.0e-5,0.0,1.0e-5,2.0e-5,7.0e-5,0.00013,0.289986,0.00474,0.00106,0.28297,0.2878,0.28912,0.29273,0.29983,4.4e-5,4.0e-5,1.0e-5,0.0,1.0e-5,2.0e-5,7.0e-5,0.00013,0.29003,0.00474,0.001059,0.28304,0.28784,0.28914,0.29275,0.29987
69.25,0.709969,0.00474,0.001059,0.70013,0.70725,0.71086,0.71216,0.71696,4.4e-5,4.0e-5,1.0e-5,0.0,1.0e-5,2.0e-5,6.0e-5,0.00013,0.289987,0.00474,0.001059,0.28297,0.2878,0.28912,0.29273,0.29983,4.4e-5,4.0e-5,1.0e-5,0.0,1.0e-5,2.0e-5,6.0e-5,0.00013,0.29003,0.00474,0.001059,0.28304,0.28784,0.28914,0.29275,0.29987
69.5,0.709969,0.00474,0.001059,0.70013,0.70725,0.71086,0.71216,0.71696,4.0e-5,4.0e-5,9.0e-6,0.0,1.0e-5,2.0e-5,6.0e-5,0.00013,0.289991,0.00474,0.00106,0.28297,0.2878,0.28913,0.29273,0.29983,4.0e-5,4.0e-5,9.0e-6,0.0,1.0e-5,2.0e-5,6.0e-5,0.00013,0.290031,0.00474,0.001059,0.28304,0.28784,0.28914,0.29275,0.29987
69.75,0.709968,0.00474,0.001059,0.70013,0.70725,0.71086,0.71216,0.71695,4.0e-5,4.0e-5,9.0e-6,0.0,1.0e-5,2.0e-5,6.0e-5,0.00013,0.289992,0.00474,0.00106,0.28298,0.2878,0.28913,0.29273,0.29983,4.0e-5,4.0e-5,9.0e-6,0.0,1.0e-5,2.0e-5,6.0e-5,0.00013,0.290031,0.00474,0.001059,0.28305,0.28784,0.28914,0.29275,0.29987
70.0,0.709967,0.00474,0.001059,0.70013,0.70725,0.71086,0.71216,0.71695,4.0e-5,4.0e-5,1.0e-5,0.0,1.0e-5,2.0e-5,6.0e-5,0.00013,0.289993,0.00474,0.001059,0.28298,0.2878,0.28914,0.29273,0.29983,4.0e-5,4.0e-5,1.0e-5,0.0,1.0e-5,2.0e-5,6.0e-5,0.00013,0.290033,0.00474,0.001059,0.28305,0.28784,0.28914,0.29275,0.29987
70.25,0.709965,0.00474,0.001059,0.70012,0.70725,0.71086,0.71216,0.71695,3.9e-5,4.0e-5,9.0e-6,0.0,1.0e-5,2.0e-5,6.0e-5,0.00012,0.289996,0.00474,0.001059,0.28299,0.28781,0.28914,0.29273,0.29983,3.9e-5,4.0e-5,9.0e-6,0.0,1.0e-5,2.0e-5,6.0e-5,0.00012,0.290035,0.00474,0.001059,0.28305,0.28784,0.28914,0.29275,0.29988
70.5,0.709964,0.00474,0.001059,0.70012,0.70725,0.71086,0.71215,0.71695,3.7e-5,4.0e-5,1.0e-5,0.0,1.0e-5,2.0e-5,5.0e-5,0.00013,0.289999,0.00474,0.001059,0.28299,0.28781,0.28914,0.29273,0.29983,3.7e-5,4.0e-5,1.0e-5,0.0,1.0e-5,2.0e-5,5.0e-5,0.00013,0.290036,0.00474,0.001059,0.28305,0.28785,0.28914,0.29275,0.29988
70.75,0.709962,0.00474,0.00106,0.70012,0.70725,0.71086,0.71215,0.71695,3.7e-5,5.0e-5,1.0e-5,0.0,1.0e-5,2.0e-5,5.0e-5,0.00013,0.29,0.00474,0.001059,0.28299,0.28782,0.28914,0.29273,0.29983,3.7e-5,5.0e-5,1.0e-5,0.0,1.0e-5,2.0e-5,5.0e-5,0.00013,0.290038,0.00474,0.00106,0.28305,0.28785,0.28914,0.29275,0.29988
71.0,0.709961,0.00474,0.001059,0.70012,0.70725,0.71086,0.71214,0.71695,3.7e-5,4.0e-5,1.0e-5,0.0,1.0e-5,2.0e-5,5.0e-5,0.00013,0.290001,0.00474,0.001059,0.28299,0.28782,0.28914,0.29273,0.29983,3.7e-5,4.0e-5,1.0e-5,0.0,1.0e-5,2.0e-5,5.0e-5,0.00013,0.290038,0.00474,0.001059,0.28305,0.28785,0.28914,0.29275,0.29988
71.25,0.70996,0.00474,0.00106,0.70011,0.70725,0.71086,0.71214,0.71695,3.6e-5,4.0e-5,1.0e-5,0.0,1.0e-5,2.0e-5,5.0e-5,0.00013,0.290003,0.00474,0.001059,0.283,0.28782,0.28914,0.29273,0.29983,3.6e-5,4.0e-5,1.0e-5,0.0,1.0e-5,2.0e-5,5.0e-5,0.00013,0.29004,0.00474,0.00106,0.28305,0.28785,0.28914,0.29275,0.29989
71.5,0.70996,0.00474,0.00106,0.70011,0.70725,0.71086,0.71214,0.71695,3.5e-5,4.0e-5,1.0e-5,0.0,1.0e-5,2.0e-5,4.0e-5,0.00013,0.290006,0.00474,0.001059,0.283,0.28782,0.28914,0.29273,0.29983,3.5e-5,4.0e-5,1.0e-5,0.0,1.0e-5,2.0e-5,4.0e-5,0.00013,0.29004,0.00474,0.00106,0.28305,0.28786,0.28914,0.29275,0.29989
71.75,0.709959,0.00474,0.00106,0.70011,0.70725,0.71086,0.71214,0.71695,3.5e-5,4.0e-5,1.0e-5,0.0,1.0e-5,2.0e-5,4.0e-5,0.00014,0.290006,0.00473,0.001059,0.28301,0.28782,0.28914,0.29273,0.29983,3.5e-5,4.0e-5,1.0e-5,0.0,1.0e-5,2.0e-5,4.0e-5,0.00014,0.290041,0.00474,0.00106,0.28305,0.28786,0.28914,0.29275,0.29989
72.0,0.709958,0.00474,0.00106,0.7001,0.70725,0.71086,0.71214,0.71695,3.4e-5,4.0e-5,1.0e-5,0.0,1.0e-5,1.0e-5,4.0e-5,0.00013,0.290008,0.00474,0.001059,0.28301,0.28783,0.28914,0.29274,0.29984,3.4e-5,4.0e-5,1.0e-5,0.0,1.0e-5,1.0e-5,4.0e-5,0.00013,0.290042,0.00474,0.00106,0.28305,0.28786,0.28914,0.29275,0.2999
72.25,0.709958,0.00474,0.00106,0.7001,0.70725,0.71086,0.71214,0.71695,3.2e-5,4.0e-5,9.0e-6,0.0,1.0e-5,1.0e-5,3.0e-5,0.00012,0.29001,0.00474,0.001059,0.28301,0.28783,0.28914,0.29274,0.29984,3.2e-5,4.0e-5,9.0e-6,0.0,1.0e-5,1.0e-5,3.0e-5,0.00012,0.290042,0.00474,0.00106,0.28305,0.28786,0.28914,0.29275,0.2999
72.5,0.709958,0.00474,0.00106,0.7001,0.70725,0.71086,0.71214,0.71695,3.2e-5,4.0e-5,9.0e-6,0.0,1.0e-5,2.0e-5,3.0e-5,0.00012,0.290011,0.00474,0.001059,0.28301,0.28783,0.28914,0.29274,0.29984,3.2e-5,4.0e-5,9.0e-6,0.0,1.0e-5,2.0e-5,3.0e-5,0.00012,0.290043,0.00474,0.00106,0.28305,0.28786,0.28914,0.29275,0.2999
72.75,0.709957,0.00474,0.00106,0.7001,0.70725,0.71086,0.71214,0.71695,3.2e-5,4.0e-5,9.0e-6,0.0,1.0e-5,2.0e-5,3.0e-5,0.00012,0.290012,0.00474,0.001059,0.28301,0.28783,0.28914,0.29274,0.29984,3.2e-5,4.0e-5,9.0e-6,0.0,1.0e-5,2.0e-5,3.0e-5,0.00012,0.290043,0.00474,0.00106,0.28305,0.28786,0.28914,0.29275,0.2999
73.0,0.709956,0.00474,0.00106,0.7001,0.70725,0.71086,0.71214,0.71695,3.1e-5,4.0e-5,9.0e-6,0.0,1.0e-5,1.0e-5,3.0e-5,0.00012,0.290012,0.00474,0.001059,0.28301,0.28783,0.28914,0.29274,0.29984,3.1e-5,4.0e-5,9.0e-6,0.0,1.0e-5,1.0e-5,3.0e-5,0.00012,0.290044,0.00474,0.00106,0.28305,0.28786,0.28914,0.29275,0.2999
73.25,0.709956,0.00474,0.00106,0.7001,0.70725,0.71086,0.71214,0.71695,3.1e-5,4.0e-5,9.0e-6,0.0,1.0e-5,1.0e-5,3.0e-5,0.00012,0.290012,0.00474,0.001059,0.28301,0.28783,0.28914,0.29274,0.29984,3.1e-5,4.0e-5,9.0e-6,0.0,1.0e-5,1.0e-5,3.0e-5,0.00012,0.290044,0.00474,0.00106,0.28305,0.28786,0.28914,0.29275,0.2999
73.5,0.709956,0.00474,0.00106,0.7001,0.70725,0.71086,0.71214,0.71695,3.0e-5,4.0e-5,9.0e-6,0.0,0.0,1.0e-5,3.0e-5,0.00012,0.290014,0.00474,0.001059,0.28301,0.28783,0.28914,0.29274,0.29985,3.0e-5,4.0e-5,9.0e-6,0.0,0.0,1.0e-5,3.0e-5,0.00012,0.290044,0.00474,0.00106,0.28305,0.28786,0.28914,0.29275,0.2999
73.75,0.709956,0.00474,0.00106,0.7001,0.70725,0.71086,0.71214,0.71695,2.9e-5,4.0e-5,9.0e-6,0.0,0.0,1.0e-5,3.0e-5,0.00012,0.290015,0.00474,0.00106,0.28301,0.28783,0.28914,0.29274,0.29985,2.9e-5,4.0e-5,9.0e-6,0.0,0.0,1.0e-5,3.0e-5,0.00012,0.290044,0.00474,0.00106,0.28305,0.28786,0.28914,0.29275,0.2999
74.0,0.709956,0.00474,0.00106,0.70009,0.70725,0.71086,0.71214,0.71695,2.8e-5,4.0e-5,9.0e-6,0.0,0.0,1.0e-5,3.0e-5,0.00011,0.290017,0.00474,0.00106,0.28301,0.28783,0.28914,0.29274,0.29986,2.8e-5,4.0e-5,9.0e-6,0.0,0.0,1.0e-5,3.0e-5,0.00011,0.290045,0.00474,0.00106,0.28305,0.28786,0.28914,0.29275,0.29991
74.25,0.709956,0.00474,0.00106,0.70009,0.70725,0.71086,0.71214,0.71695,2.7e-5,4.0e-5,8.0e-6,0.0,0.0,1.0e-5,3.0e-5,0.00011,0.290018,0.00474,0.00106,0.28301,0.28783,0.28914,0.29274,0.29987,2.7e-5,4.0e-5,8.0e-6,0.0,0.0,1.0e-5,3.0e-5,0.00011,0.290045,0.00474,0.00106,0.28305,0.28786,0.28914,0.29275,0.29991
74.5,0.709955,0.00474,0.00106,0.70009,0.70725,0.71086,0.71214,0.71695,2.7e-5,4.0e-5,9.0e-6,0.0,0.0,1.0e-5,3.0e-5,0.00012,0.290018,0.00474,0.00106,0.28301,0.28783,0.28914,0.29274,0.29987,2.7e-5,4.0e-5,9.0e-6,0.0,0.0,1.0e-5,3.0e-5,0.00012,0.290045,0.00474,0.00106,0.28305,0.28786,0.28914,0.29275,0.29991
74.75,0.709954,0.00474,0.00106,0.70009,0.70725,0.71086,0.71214,0.71695,2.5e-5,4.0e-5,8.0e-6,0.0,0.0,1.0e-5,3.0e-5,0.0001,0.29002,0.00474,0.00106,0.28301,0.28784,0.28914,0.29274,0.29987,2.5e-5,4.0e-5,8.0e-6,0.0,0.0,1.0e-5,3.0e-5,0.0001,0.290046,0.00474,0.00106,0.28305,0.28786,0.28914,0.29275,0.29991
75.0,0.709954,0.00474,0.00106,0.70009,0.70725,0.71086,0.71214,0.71695,2.4e-5,4.0e-5,8.0e-6,0.0,0.0,1.0e-5,3.0e-5,0.0001,0.290022,0.00474,0.001061,0.28301,0.28784,0.28914,0.29275,0.29987,2.4e-5,4.0e-5,8.0e-6,0.0,0.0,1.0e-5,3.0e-5,0.0001,0.290046,0.00474,0.00106,0.28305,0.28786,0.28914,0.29275,0.29991
75.25,0.709954,0.00474,0.00106,0.70009,0.70725,0.71086,0.71214,0.71695,2.1e-5,3.0e-5,7.0e-6,0.0,0.0,0.0,3.0e-5,9.0e-5,0.290025,0.00474,0.001061,0.28301,0.28784,0.28914,0.29275,0.29987,2.1e-5,3.0e-5,7.0e-6,0.0,0.0,0.0,3.0e-5,9.0e-5,0.290046,0.00474,0.00106,0.28305,0.28786,0.28914,0.29275,0.29991
75.5,0.709953,0.00474,0.00106,0.70009,0.70725,0.71086,0.71214,0.71694,2.0e-5,3.0e-5,7.0e-6,0.0,0.0,0.0,3.0e-5,9.0e-5,0.290027,0.00474,0.001061,0.28301,0.28785,0.28914,0.29275,0.29988,2.0e-5,3.0e-5,7.0e-6,0.0,0.0,0.0,3.0e-5,9.0e-5,0.290046,0.00474,0.00106,0.28306,0.28786,0.28914,0.29275,0.29991
75.75,0.709953,0.00474,0.00106,0.70009,0.70725,0.71086,0.71214,0.71694,1.7e-5,3.0e-5,6.0e-6,0.0,0.0,0.0,2.0e-5,8.0e-5,0.29003,0.00474,0.001061,0.28301,0.28785,0.28914,0.29275,0.29988,1.7e-5,3.0e-5,6.0e-6,0.0,0.0,0.0,2.0e-5,8.0e-5,0.290046,0.00474,0.00106,0.28306,0.28786,0.28914,0.29275,0.29991
76.0,0.709953,0.00474,0.00106,0.70009,0.70725,0.71086,0.71214,0.71694,1.7e-5,3.0e-5,6.0e-6,0.0,0.0,0.0,2.0e-5,8.0e-5,0.29003,0.00474,0.001061,0.28301,0.28785,0.28914,0.29275,0.29988,1.7e-5,3.0e-5,6.0e-6,0.0,0.0,0.0,2.0e-5,8.0e-5,0.290046,0.00474,0.00106,0.28306,0.28786,0.28914,0.29275,0.29991
76.25,0.709953,0.00474,0.00106,0.70009,0.70725,0.71086,0.71214,0.71694,1.6e-5,3.0e-5,6.0e-6,0.0,0.0,0.0,2.0e-5,8.0e-5,0.29003,0.00474,0.001061,0.28301,0.28785,0.28914,0.29275,0.29988,1.6e-5,3.0e-5,6.0e-6,0.0,0.0,0.0,2.0e-5,8.0e-5,0.290046,0.00474,0.00106,0.28306,0.28786,0.28914,0.29275,0.29991
76.5,0.709953,0.00474,0.00106,0.70009,0.70725,0.71086,0.71214,0.71694,1.5e-5,2.0e-5,5.0e-6,0.0,0.0,0.0,2.0e-5,8.0e-5,0.290032,0.00474,0.00106,0.28301,0.28785,0.28914,0.29275,0.29988,1.5e-5,2.0e-5,5.0e-6,0.0,0.0,0.0,2.0e-5,8.0e-5,0.290046,0.00474,0.00106,0.28306,0.28786,0.28914,0.29275,0.29991
76.75,0.709953,0.00474,0.00106,0.70009,0.70725,0.71086,0.71214,0.71694,1.5e-5,2.0e-5,5.0e-6,0.0,0.0,0.0,2.0e-5,8.0e-5,0.290032,0.00474,0.001061,0.28301,0.28785,0.28914,0.29275,0.29988,1.5e-5,2.0e-5,5.0e-6,0.0,0.0,0.0,2.0e-5,8.0e-5,0.290046,0.00474,0.00106,0.28306,0.28786,0.28914,0.29275,0.29991
77.0,0.709953,0.00474,0.00106,0.70009,0.70725,0.71086,0.71214,0.71694,1.3e-5,2.0e-5,5.0e-6,0.0,0.0,0.0,2.0e-5,7.0e-5,0.290034,0.00474,0.001061,0.28302,0.28785,0.28914,0.29275,0.29989,1.3e-5,2.0e-5,5.0e-6,0.0,0.0,0.0,2.0e-5,7.0e-5,0.290047,0.00474,0.00106,0.28306,0.28786,0.28914,0.29275,0.29991
77.25,0.709952,0.00474,0.00106,0.70009,0.70725,0.71086,0.71214,0.71694,1.3e-5,2.0e-5,5.0e-6,0.0,0.0,0.0,2.0e-5,6.0e-5,0.290034,0.00474,0.001061,0.28302,0.28785,0.28914,0.29275,0.29989,1.3e-5,2.0e-5,5.0e-6,0.0,0.0,0.0,2.0e-5,6.0e-5,0.290048,0.00474,0.00106,0.28306,0.28786,0.28914,0.29275,0.29991
77.5,0.709952,0.00474,0.00106,0.70009,0.70725,0.71086,0.71214,0.71694,1.3e-5,2.0e-5,5.0e-6,0.0,0.0,0.0,2.0e-5,6.0e-5,0.290036,0.00474,0.001061,0.28303,0.28785,0.28914,0.29275,0.29989,1.3e-5,2.0e-5,5.0e-6,0.0,0.0,0.0,2.0e-5,6.0e-5,0.290048,0.00474,0.00106,0.28306,0.28786,0.28914,0.29275,0.29991
77.75,0.709951,0.00474,0.00106,0.70009,0.70725,0.71086,0.71214,0.71693,1.4e-5,2.0e-5,5.0e-6,0.0,0.0,0.0,2.0e-5,7.0e-5,0.290036,0.00474,0.001061,0.28303,0.28785,0.28914,0.29275,0.29989,1.4e-5,2.0e-5,5.0e-6,0.0,0.0,0.0,2.0e-5,7.0e-5,0.290049,0.00474,0.00106,0.28307,0.28786,0.28914,0.29275,0.29991
78.0,0.70995,0.00474,0.00106,0.70009,0.70725,0.71086,0.71214,0.71693,1.4e-5,2.0e-5,5.0e-6,0.0,0.0,0.0,2.0e-5,7.0e-5,0.290036,0.00474,0.001061,0.28303,0.28785,0.28914,0.29275,0.29989,1.4e-5,2.0e-5,5.0e-6,0.0,0.0,0.0,2.0e-5,7.0e-5,0.29005,0.00474,0.00106,0.28307,0.28786,0.28914,0.29275,0.29991
78.25,0.70995,0.00474,0.00106,0.70009,0.70725,0.71086,0.71214,0.71693,1.4e-5,2.0e-5,5.0e-6,0.0,0.0,0.0,2.0e-5,7.0e-5,0.290037,0.00474,0.001061,0.28303,0.28785,0.28914,0.29275,0.29989,1.4e-5,2.0e-5,5.0e-6,0.0,0.0,0.0,2.0e-5,7.0e-5,0.29005,0.00474,0.00106,0.28307,0.28786,0.28914,0.29275,0.29991
78.5,0.709949,0.00474,0.00106,0.70009,0.70725,0.71086,0.71214,0.71693,1.4e-5,2.0e-5,5.0e-6,0.0,0.0,0.0,2.0e-5,7.0e-5,0.290037,0.00474,0.00106,0.28304,0.28785,0.28914,0.29275,0.29989,1.4e-5,2.0e-5,5.0e-6,0.0,0.0,0.0,2.0e-5,7.0e-5,0.290051,0.00474,0.00106,0.28307,0.28786,0.28914,0.29275,0.29991
78.75,0.709949,0.00474,0.00106,0.70009,0.70725,0.71086,0.71214,0.71693,1.4e-5,2.0e-5,5.0e-6,0.0,0.0,0.0,2.0e-5,7.0e-5,0.290037,0.00474,0.00106,0.28304,0.28785,0.28914,0.29275,0.29989,1.4e-5,2.0e-5,5.0e-6,0.0,0.0,0.0,2.0e-5,7.0e-5,0.290051,0.00474,0.00106,0.28307,0.28786,0.28914,0.29275,0.29991
79.0,0.709948,0.00474,0.00106,0.70009,0.70725,0.71086,0.71214,0.71693,1.3e-5,2.0e-5,5.0e-6,0.0,0.0,0.0,2.0e-5,7.0e-5,0.290038,0.00474,0.00106,0.28304,0.28786,0.28914,0.29275,0.29989,1.3e-5,2.0e-5,5.0e-6,0.0,0.0,0.0,2.0e-5,7.0e-5,0.290051,0.00474,0.00106,0.28307,0.28786,0.28914,0.29275,0.29991
79.25,0.709948,0.00474,0.001059,0.70009,0.70725,0.71086,0.71214,0.71693,1.4e-5,2.0e-5,5.0e-6,0.0,0.0,0.0,2.0e-5,7.0e-5,0.290038,0.00474,0.00106,0.28304,0.28786,0.28914,0.29275,0.29989,1.4e-5,2.0e-5,5.0e-6,0.0,0.0,0.0,2.0e-5,7.0e-5,0.290052,0.00474,0.001059,0.28307,0.28786,0.28914,0.29275,0.29991
79.5,0.709948,0.00474,0.001059,0.70009,0.70725,0.71086,0.71214,0.71693,1.3e-5,2.0e-5,5.0e-6,0.0,0.0,0.0,2.0e-5,7.0e-5,0.29004,0.00474,0.00106,0.28304,0.28786,0.28914,0.29275,0.29989,1.3e-5,2.0e-5,5.0e-6,0.0,0.0,0.0,2.0e-5,7.0e-5,0.290053,0.00474,0.001059,0.28307,0.28786,0.28914,0.29275,0.29991
79.75,0.709947,0.00474,0.001059,0.70009,0.70725,0.71086,0.71214,0.71692,1.2e-5,2.0e-5,5.0e-6,0.0,0.0,0.0,2.0e-5,7.0e-5,0.290041,0.00474,0.00106,0.28304,0.28786,0.28914,0.29275,0.29989,1.2e-5,2.0e-5,5.0e-6,0.0,0.0,0.0,2.0e-5,7.0e-5,0.290053,0.00474,0.001059,0.28308,0.28786,0.28914,0.29275,0.29991
80.0,0.709947,0.00474,0.001059,0.70009,0.70725,0.71086,0.71214,0.71692,1.1e-5,2.0e-5,5.0e-6,0.0,0.0,0.0,1.0e-5,6.0e-5,0.290042,0.00474,0.00106,0.28304,0.28786,0.28914,0.29275,0.29989,1.1e-5,2.0e-5,5.0e-6,0.0,0.0,0.0,1.0e-5,6.0e-5,0.290053,0.00474,0.001059,0.28308,0.28786,0.28914,0.29275,0.29991
