t,cond.S.mean,cond.S.sd,cond.S.se,cond.S.q025,cond.S.q25,cond.S.q50,cond.S.q75,cond.S.q975,cond.I.mean,cond.I.sd,cond.I.se,cond.I.q025,cond.I.q25,cond.I.q50,cond.I.q75,cond.I.q975,cond.R.mean,cond.R.sd,cond.R.se,cond.R.q025,cond.R.q25,cond.R.q50,cond.R.q75,cond.R.q975,cond.infectious.mean,cond.infectious.sd,cond.infectious.se,cond.infectious.q025,cond.infectious.q25,cond.infectious.q50,cond.infectious.q75,cond.infectious.q975,cond.cumulative.mean,cond.cumulative.sd,cond.cumulative.se,cond.cumulative.q025,cond.cumulative.q25,cond.cumulative.q50,cond.cumulative.q75,cond.cumulative.q975,uncond.S.mean,uncond.S.sd,uncond.S.se,uncond.S.q025,uncond.S.q25,uncond.S.q50,uncond.S.q75,uncond.S.q975,uncond.I.mean,uncond.I.sd,uncond.I.se,uncond.I.q025,uncond.I.q25,uncond.I.q50,uncond.I.q75,uncond.I.q975,uncond.R.mean,uncond.R.sd,uncond.R.se,uncond.R.q025,uncond.R.q25,uncond.R.q50,uncond.R.q75,uncond.R.q975,uncond.infectious.mean,uncond.infectious.sd,uncond.infectious.se,uncond.infectious.q025,uncond.infectious.q25,uncond.infectious.q50,uncond.infectious.q75,uncond.infectious.q975,uncond.cumulative.mean,uncond.cumulative.sd,uncond.cumulative.se,uncond.cumulative.q025,uncond.cumulative.q25,uncond.cumulative.q50,uncond.cumulative.q75,uncond.cumulative.q975
0.0,0.998898,0.0006,2.6e-5,0.99744,0.99865,0.9991,0.9993,0.9995,0.000746,0.00031,1.3e-5,0.0003,0.0005,0.0007,0.0009,0.0015,0.000357,0.00042,1.8e-5,0.0,0.0001,0.0002,0.0005,0.00146,0.000746,0.00031,1.3e-5,0.0003,0.0005,0.0007,0.0009,0.0015,0.001102,0.0006,2.6e-5,0.0005,0.0007,0.0009,0.00135,0.00256,0.998909,0.0006,2.6e-5,0.99746,0.9987,0.9991,0.9994,0.9995,0.000741,0.00031,1.3e-5,0.0003,0.0005,0.0007,0.0009,0.0015,0.00035,0.00042,1.8e-5,0.0,0.0001,0.0002,0.0005,0.00144,0.000741,0.00031,1.3e-5,0.0003,0.0005,0.0007,0.0009,0.0015,0.001091,0.0006,2.6e-5,0.0005,0.0006,0.0009,0.0013,0.00254
0.5,0.998788,0.00065,2.5e-5,0.9971,0.9985,0.9989,0.9993,0.9995,0.000829,0.00033,1.3e-5,0.0004,0.0006,0.0008,0.001,0.0016,0.000383,0.00045,1.8e-5,0.0,0.0001,0.0002,0.0005,0.00165,0.000829,0.00033,1.3e-5,0.0004,0.0006,0.0008,0.001,0.0016,0.001212,0.00065,2.5e-5,0.0005,0.0007,0.0011,0.0015,0.0029,0.998797,0.00065,2.5e-5,0.9971,0.9985,0.999,0.9993,0.9995,0.000824,0.00033,1.3e-5,0.0004,0.0006,0.0008,0.001,0.0016,0.00038,0.00045,1.7e-5,0.0,0.0001,0.0002,0.0005,0.00163,0.000824,0.00033,1.3e-5,0.0004,0.0006,0.0008,0.001,0.0016,0.001203,0.00065,2.5e-5,0.0005,0.0007,0.001,0.0015,0.0029
1.0,0.998618,0.00074,2.7e-5,0.9968,0.9983,0.9988,0.9992,0.9995,0.000945,0.0004,1.5e-5,0.0004,0.0006,0.0009,0.0012,0.0019,0.000436,0.00048,1.8e-5,0.0,0.0001,0.0003,0.0006,0.0018,0.000945,0.0004,1.5e-5,0.0004,0.0006,0.0009,0.0012,0.0019,0.001382,0.00074,2.7e-5,0.0005,0.0008,0.0012,0.0017,0.0032,0.998628,0.00074,2.7e-5,0.9968,0.9983,0.9988,0.9992,0.9995,0.000938,0.0004,1.5e-5,0.0004,0.0006,0.0009,0.0012,0.0019,0.000434,0.00048,1.7e-5,0.0,0.0001,0.0003,0.0006,0.0018,0.000938,0.0004,1.5e-5,0.0004,0.0006,0.0009,0.0012,0.0019,0.001372,0.00074,2.7e-5,0.0005,0.0008,0.0012,0.0017,0.0032
1.5,0.998404,0.00083,2.8e-5,0.99647,0.9979,0.9985,0.999,0.9995,0.001089,0.00045,1.5e-5,0.0005,0.0007,0.001,0.0014,0.0021,0.000508,0.00053,1.8e-5,0.0,0.0001,0.0004,0.0007,0.002,0.001089,0.00045,1.5e-5,0.0005,0.0007,0.001,0.0014,0.0021,0.001596,0.00083,2.8e-5,0.0005,0.001,0.0015,0.0021,0.00353,0.998415,0.00083,2.8e-5,0.9965,0.9979,0.99855,0.999,0.9995,0.001079,0.00045,1.5e-5,0.0004,0.0007,0.001,0.0014,0.0021,0.000506,0.00052,1.8e-5,0.0,0.0001,0.0004,0.0007,0.002,0.001079,0.00045,1.5e-5,0.0004,0.0007,0.001,0.0014,0.0021,0.001585,0.00083,2.8e-5,0.0005,0.001,0.00145,0.0021,0.0035
2.0,0.998094,0.00095,3.1e-5,0.99595,0.9975,0.9982,0.9988,0.9995,0.001292,0.00051,1.7e-5,0.0005,0.0009,0.0012,0.0016,0.0024,0.000614,0.00058,1.9e-5,0.0,0.0002,0.0005,0.0009,0.0022,0.001292,0.00051,1.7e-5,0.0005,0.0009,0.0012,0.0016,0.0024,0.001906,0.00095,3.1e-5,0.0005,0.0012,0.0018,0.0025,0.00405,0.998107,0.00095,3.1e-5,0.99597,0.9975,0.9983,0.9988,0.9995,0.001281,0.00052,1.7e-5,0.0005,0.0009,0.0012,0.0016,0.0024,0.000612,0.00058,1.9e-5,0.0,0.0002,0.0005,0.0009,0.0022,0.001281,0.00052,1.7e-5,0.0005,0.0009,0.0012,0.0016,0.0024,0.001893,0.00095,3.1e-5,0.0005,0.0012,0.0017,0.0025,0.00403
2.5,0.997665,0.00105,3.4e-5,0.9953,0.997,0.9978,0.9985,0.9993,0.001578,0.00056,1.8e-5,0.0006,0.0012,0.0016,0.0019,0.0028,0.000757,0.00065,2.1e-5,0.0,0.0003,0.0006,0.0011,0.0024,0.001578,0.00056,1.8e-5,0.0006,0.0012,0.0016,0.0019,0.0028,0.002335,0.00105,3.4e-5,0.0007,0.0015,0.0022,0.003,0.0047,0.997681,0.00106,3.4e-5,0.9953,0.997,0.9978,0.9985,0.9993,0.001564,0.00058,1.8e-5,0.0006,0.0012,0.0016,0.0019,0.0028,0.000754,0.00064,2.0e-5,0.0,0.0003,0.0006,0.0011,0.0024,0.001564,0.00058,1.8e-5,0.0006,0.0012,0.0016,0.0019,0.0028,0.002319,0.00106,3.4e-5,0.0007,0.0015,0.0022,0.003,0.0047
3.0,0.997082,0.00113,3.6e-5,0.9946,0.9964,0.9972,0.9979,0.999,0.001941,0.0006,1.9e-5,0.0008,0.0015,0.002,0.0023,0.0031,0.000978,0.00072,2.3e-5,0.0,0.0004,0.0008,0.0013,0.0028,0.001941,0.0006,1.9e-5,0.0008,0.0015,0.002,0.0023,0.0031,0.002918,0.00113,3.6e-5,0.001,0.0021,0.0028,0.0036,0.0054,0.997104,0.00115,3.6e-5,0.9946,0.9964,0.9972,0.9979,0.999,0.001923,0.00062,2.0e-5,0.0007,0.0015,0.002,0.0023,0.0031,0.000974,0.00072,2.3e-5,0.0,0.0004,0.0008,0.0013,0.0028,0.001923,0.00062,2.0e-5,0.0007,0.0015,0.002,0.0023,0.0031,0.002896,0.00115,3.6e-5,0.001,0.0021,0.0028,0.0036,0.0054
3.5,0.996342,0.00122,3.9e-5,0.9936,0.9956,0.9964,0.9972,0.9984,0.002408,0.00064,2.0e-5,0.0012,0.0019,0.0024,0.0028,0.0037,0.001249,0.00079,2.5e-5,0.0001,0.0007,0.0011,0.0017,0.0031,0.002408,0.00064,2.0e-5,0.0012,0.0019,0.0024,0.0028,0.0037,0.003658,0.00122,3.9e-5,0.0016,0.0028,0.0036,0.0044,0.0064,0.996372,0.00125,4.0e-5,0.9936,0.9956,0.9964,0.9973,0.9986,0.002386,0.00068,2.1e-5,0.0011,0.0019,0.0024,0.0028,0.0037,0.001243,0.00079,2.5e-5,0.0001,0.0006,0.0011,0.0017,0.0031,0.002386,0.00068,2.1e-5,0.0011,0.0019,0.0024,0.0028,0.0037,0.003628,0.00125,4.0e-5,0.0014,0.0027,0.0036,0.0044,0.0064
4.0,0.995443,0.00127,4.0e-5,0.99287,0.9946,0.9955,0.9964,0.9976,0.002973,0.00066,2.1e-5,0.0018,0.0025,0.003,0.0034,0.0043,0.001584,0.00086,2.7e-5,0.0003,0.0009,0.0015,0.0021,0.0036,0.002973,0.00066,2.1e-5,0.0018,0.0025,0.003,0.0034,0.0043,0.004557,0.00127,4.0e-5,0.0024,0.0036,0.0045,0.0054,0.00713,0.995481,0.00132,4.2e-5,0.9929,0.9947,0.9955,0.9964,0.9978,0.002945,0.00071,2.3e-5,0.0016,0.0025,0.003,0.0034,0.0043,0.001574,0.00086,2.7e-5,0.0003,0.0009,0.0015,0.00202,0.0036,0.002945,0.00071,2.3e-5,0.0016,0.0025,0.003,0.0034,0.0043,0.004519,0.00132,4.2e-5,0.0022,0.0036,0.0045,0.0053,0.0071
4.5,0.994333,0.0013,4.1e-5,0.9918,0.9935,0.9944,0.9952,0.99673,0.003675,0.00066,2.1e-5,0.0023,0.0032,0.0037,0.0041,0.005,0.001991,0.00093,3.0e-5,0.0006,0.0013,0.0019,0.0026,0.0041,0.003675,0.00066,2.1e-5,0.0023,0.0032,0.0037,0.0041,0.005,0.005667,0.0013,4.1e-5,0.00327,0.0048,0.0056,0.0065,0.0082,0.994382,0.00138,4.4e-5,0.9918,0.9935,0.9944,0.99522,0.9968,0.00364,0.00075,2.4e-5,0.0022,0.0032,0.0037,0.0041,0.005,0.001978,0.00094,3.0e-5,0.0005,0.0013,0.0019,0.0026,0.0041,0.00364,0.00075,2.4e-5,0.0022,0.0032,0.0037,0.0041,0.005,0.005618,0.00138,4.4e-5,0.0032,0.00478,0.0056,0.0065,0.0082
5.0,0.992951,0.00129,4.1e-5,0.9903,0.9921,0.9929,0.9938,0.9954,0.004563,0.00068,2.2e-5,0.0033,0.0041,0.00455,0.005,0.0059,0.002486,0.001,3.2e-5,0.0009,0.0018,0.0024,0.0031,0.0047,0.004563,0.00068,2.2e-5,0.0033,0.0041,0.00455,0.005,0.0059,0.007049,0.00129,4.1e-5,0.0046,0.0062,0.0071,0.0079,0.0097,0.993014,0.00143,4.5e-5,0.9903,0.9921,0.993,0.9939,0.9957,0.004518,0.00081,2.6e-5,0.0032,0.0041,0.0045,0.005,0.0059,0.002468,0.00101,3.2e-5,0.0008,0.0017,0.0024,0.0031,0.0047,0.004518,0.00081,2.6e-5,0.0032,0.0041,0.0045,0.005,0.0059,0.006986,0.00143,4.5e-5,0.0043,0.0061,0.007,0.0079,0.0097
5.5,0.991239,0.00124,3.9e-5,0.9887,0.9904,0.9913,0.9921,0.9937,0.005648,0.00069,2.2e-5,0.0044,0.0051,0.0056,0.0061,0.0071,0.003113,0.00105,3.3e-5,0.0013,0.0023,0.003,0.0038,0.0054,0.005648,0.00069,2.2e-5,0.0044,0.0051,0.0056,0.0061,0.0071,0.008761,0.00124,3.9e-5,0.0063,0.0079,0.0087,0.0096,0.0113,0.991319,0.00147,4.6e-5,0.9887,0.9904,0.9913,0.9921,0.9938,0.005592,0.00088,2.8e-5,0.0042,0.0051,0.0056,0.0061,0.0071,0.003089,0.00108,3.4e-5,0.0012,0.0023,0.003,0.0038,0.0054,0.005592,0.00088,2.8e-5,0.0042,0.0051,0.0056,0.0061,0.0071,0.008681,0.00147,4.6e-5,0.0062,0.0079,0.0087,0.0096,0.0113
6.0,0.989133,0.00114,3.6e-5,0.9868,0.9883,0.9891,0.98998,0.99133,0.006969,0.00071,2.3e-5,0.00567,0.0065,0.0069,0.0075,0.0083,0.003898,0.0011,3.5e-5,0.002,0.0031,0.0038,0.0046,0.00613,0.006969,0.00071,2.3e-5,0.00567,0.0065,0.0069,0.0075,0.0083,0.010867,0.00114,3.6e-5,0.00867,0.01002,0.0109,0.0117,0.0132,0.989234,0.00152,4.8e-5,0.9868,0.9883,0.9892,0.99,0.9915,0.0069,0.00099,3.1e-5,0.0055,0.0065,0.0069,0.0075,0.0083,0.003866,0.00114,3.6e-5,0.0018,0.0031,0.0038,0.0045,0.0061,0.0069,0.00099,3.1e-5,0.0055,0.0065,0.0069,0.0075,0.0083,0.010766,0.00152,4.8e-5,0.0085,0.01,0.0108,0.0117,0.0132
6.5,0.986573,0.00099,3.1e-5,0.9847,0.9859,0.9866,0.9873,0.9885,0.008553,0.00078,2.5e-5,0.0071,0.008,0.0086,0.0091,0.0102,0.004874,0.00112,3.5e-5,0.0028,0.0041,0.0048,0.0056,0.0072,0.008553,0.00078,2.5e-5,0.0071,0.008,0.0086,0.0091,0.0102,0.013427,0.00099,3.1e-5,0.0115,0.0127,0.0134,0.0141,0.0153,0.986699,0.0016,5.1e-5,0.9847,0.9859,0.9866,0.9873,0.9887,0.008468,0.00115,3.6e-5,0.0068,0.008,0.0085,0.0091,0.0102,0.004833,0.00119,3.7e-5,0.0027,0.0041,0.0048,0.0056,0.0072,0.008468,0.00115,3.6e-5,0.0068,0.008,0.0085,0.0091,0.0102,0.013301,0.0016,5.1e-5,0.0113,0.0127,0.0134,0.0141,0.0153
7.0,0.98346,0.00071,2.3e-5,0.9821,0.983,0.9834,0.9839,0.985,0.010479,0.00084,2.7e-5,0.0088,0.0099,0.0105,0.011,0.0121,0.00606,0.00111,3.5e-5,0.004,0.0053,0.006,0.0068,0.0084,0.010479,0.00084,2.7e-5,0.0088,0.0099,0.0105,0.011,0.0121,0.01654,0.00071,2.3e-5,0.015,0.0161,0.0166,0.017,0.0179,0.983618,0.00172,5.4e-5,0.9821,0.983,0.9834,0.9839,0.9851,0.010375,0.00133,4.2e-5,0.0086,0.0099,0.0105,0.011,0.0121,0.006007,0.00123,3.9e-5,0.0038,0.0053,0.0059,0.0068,0.0084,0.010375,0.00133,4.2e-5,0.0086,0.0099,0.0105,0.011,0.0121,0.016382,0.00172,5.4e-5,0.0149,0.0161,0.0166,0.017,0.0179
7.5,0.9795,0.0,0.0,0.9795,0.9795,0.9795,0.9795,0.9795,0.012999,0.00107,3.4e-5,0.0108,0.0123,0.0131,0.0137,0.015,0.007501,0.00107,3.4e-5,0.0055,0.0068,0.0074,0.0082,0.0097,0.012999,0.00107,3.4e-5,0.0108,0.0123,0.0131,0.0137,0.015,0.0205,0.0,0.0,0.0205,0.0205,0.0205,0.0205,0.0205,0.979697,0.00196,6.2e-5,0.9795,0.9795,0.9795,0.9795,0.9795,0.012869,0.00168,5.3e-5,0.0106,0.0122,0.013,0.0137,0.015,0.007434,0.00126,4.0e-5,0.0054,0.0067,0.0074,0.0082,0.0097,0.012869,0.00168,5.3e-5,0.0106,0.0122,0.013,0.0137,0.015,0.020303,0.00196,6.2e-5,0.0205,0.0205,0.0205,0.0205,0.0205
8.0,0.974845,0.00092,2.9e-5,0.97297,0.9743,0.9749,0.9755,0.9765,0.015859,0.00163,5.2e-5,0.0128,0.0147,0.0158,0.0169,0.0189,0.009296,0.00101,3.2e-5,0.0075,0.0086,0.0093,0.0099,0.0113,0.015859,0.00163,5.2e-5,0.0128,0.0147,0.0158,0.0169,0.0189,0.025155,0.00092,2.9e-5,0.0235,0.0245,0.0251,0.0257,0.02703,0.975089,0.00259,8.2e-5,0.973,0.9743,0.9749,0.9755,0.9767,0.015701,0.00226,7.2e-5,0.0125,0.0147,0.0158,0.0169,0.0189,0.009211,0.00132,4.2e-5,0.0072,0.0086,0.00925,0.0099,0.0113,0.015701,0.00226,7.2e-5,0.0125,0.0147,0.0158,0.0169,0.0189,0.024911,0.00259,8.2e-5,0.0233,0.0245,0.0251,0.0257,0.027
8.5,0.96917,0.00182,5.8e-5,0.96537,0.968,0.9692,0.9704,0.9723,0.019347,0.00231,7.4e-5,0.0151,0.0178,0.0193,0.0208,0.02423,0.011483,0.00092,2.9e-5,0.0096,0.0109,0.0115,0.0121,0.0134,0.019347,0.00231,7.4e-5,0.0151,0.0178,0.0193,0.0208,0.02423,0.03083,0.00182,5.8e-5,0.0277,0.0296,0.0308,0.032,0.03463,0.969471,0.0035,0.000111,0.9654,0.96808,0.96925,0.9705,0.9726,0.019154,0.003,9.5e-5,0.0145,0.0177,0.0193,0.0208,0.0242,0.011375,0.00141,4.4e-5,0.0095,0.0109,0.0115,0.0121,0.0134,0.019154,0.003,9.5e-5,0.0145,0.0177,0.0193,0.0208,0.0242,0.030529,0.0035,0.000111,0.0274,0.0295,0.03075,0.03192,0.0346
9.0,0.962322,0.00292,9.3e-5,0.956,0.9605,0.9624,0.96438,0.9678,0.023539,0.00313,0.0001,0.0178,0.0214,0.0234,0.0256,0.02995,0.014139,0.00089,2.8e-5,0.0124,0.0136,0.0141,0.0147,0.0159,0.023539,0.00313,0.0001,0.0178,0.0214,0.0234,0.0256,0.02995,0.037678,0.00292,9.3e-5,0.0322,0.03563,0.0376,0.0395,0.044,0.962691,0.00468,0.000148,0.956,0.9606,0.9625,0.9644,0.9681,0.023304,0.0039,0.000123,0.0171,0.0213,0.0234,0.0255,0.0299,0.014006,0.0016,5.1e-5,0.0122,0.0135,0.0141,0.0147,0.0159,0.023304,0.0039,0.000123,0.0171,0.0213,0.0234,0.0255,0.0299,0.037309,0.00468,0.000148,0.0319,0.0356,0.0375,0.0394,0.044
9.5,0.954074,0.00418,0.000133,0.9454,0.9517,0.9543,0.9568,0.962,0.028562,0.004,0.000127,0.02132,0.0258,0.0283,0.0311,0.0371,0.017364,0.00099,3.2e-5,0.01547,0.0167,0.0174,0.018,0.0193,0.028562,0.004,0.000127,0.02132,0.0258,0.0283,0.0311,0.0371,0.045926,0.00418,0.000133,0.038,0.0432,0.0457,0.0483,0.0546,0.954526,0.00613,0.000194,0.9454,0.9517,0.9544,0.95692,0.96271,0.028276,0.00489,0.000155,0.0203,0.0258,0.0283,0.0311,0.0371,0.017198,0.00193,6.1e-5,0.0153,0.0167,0.0174,0.018,0.0193,0.028276,0.00489,0.000155,0.0203,0.0258,0.0283,0.0311,0.0371,0.045474,0.00613,0.000194,0.03729,0.04308,0.0456,0.0483,0.0546
10.0,0.944188,0.0057,0.000181,0.9323,0.9407,0.9443,0.9481,0.955,0.034485,0.00503,0.00016,0.0252,0.0311,0.0341,0.0379,0.04473,0.021327,0.00132,4.2e-5,0.0189,0.0204,0.0213,0.0222,0.0239,0.034485,0.00503,0.00016,0.0252,0.0311,0.0341,0.0379,0.04473,0.055812,0.0057,0.000181,0.045,0.0519,0.0557,0.0593,0.0677,0.944738,0.00788,0.000249,0.9323,0.9407,0.9444,0.94812,0.9565,0.03414,0.00607,0.000192,0.0241,0.0309,0.0341,0.0378,0.0447,0.021122,0.00243,7.7e-5,0.0187,0.0204,0.0213,0.0222,0.0239,0.03414,0.00607,0.000192,0.0241,0.0309,0.0341,0.0378,0.0447,0.055262,0.00788,0.000249,0.0435,0.05188,0.0556,0.0593,0.0677
10.5,0.932466,0.00749,0.000238,0.9168,0.9277,0.9329,0.93777,0.94636,0.041475,0.00619,0.000197,0.03034,0.03713,0.0411,0.0455,0.05423,0.026059,0.00185,5.9e-5,0.02267,0.0248,0.026,0.0272,0.02983,0.041475,0.00619,0.000197,0.03034,0.03713,0.0411,0.0455,0.05423,0.067534,0.00749,0.000238,0.05364,0.06222,0.0671,0.0723,0.0832,0.933134,0.00999,0.000316,0.9168,0.92778,0.933,0.93792,0.94781,0.04106,0.00741,0.000234,0.02939,0.0371,0.04105,0.0455,0.0542,0.025806,0.00312,9.9e-5,0.0223,0.0248,0.026,0.0272,0.0298,0.04106,0.00741,0.000234,0.02939,0.0371,0.04105,0.0455,0.0542,0.066866,0.00999,0.000316,0.05219,0.06208,0.067,0.07223,0.0832
11.0,0.918711,0.00955,0.000303,0.89867,0.9124,0.9193,0.9252,0.9366,0.04954,0.00753,0.000239,0.03622,0.0443,0.049,0.0541,0.06543,0.031749,0.00255,8.1e-5,0.02707,0.0301,0.0317,0.0334,0.0372,0.04954,0.00753,0.000239,0.03622,0.0443,0.049,0.0541,0.06543,0.081289,0.00955,0.000303,0.0634,0.0748,0.0807,0.0876,0.10133,0.919517,0.01243,0.000393,0.8987,0.9125,0.9194,0.9255,0.93821,0.049045,0.00897,0.000284,0.0348,0.0441,0.049,0.054,0.0654,0.031439,0.00399,0.000126,0.0263,0.0301,0.0317,0.0333,0.0372,0.049045,0.00897,0.000284,0.0348,0.0441,0.049,0.054,0.0654,0.080483,0.01243,0.000393,0.06179,0.0745,0.0806,0.0875,0.1013
11.5,0.902555,0.0119,0.000378,0.8779,0.8947,0.9033,0.91085,0.92421,0.058961,0.00896,0.000285,0.0435,0.0528,0.0583,0.0645,0.07773,0.038484,0.00343,0.000109,0.0317,0.03622,0.0384,0.0407,0.0456,0.058961,0.00896,0.000285,0.0435,0.0528,0.0583,0.0645,0.07773,0.097445,0.0119,0.000378,0.07579,0.08915,0.0967,0.1053,0.1221,0.903522,0.01526,0.000482,0.8779,0.89478,0.9034,0.9111,0.9268,0.058372,0.01067,0.000338,0.0413,0.05258,0.0581,0.0644,0.0777,0.038106,0.00508,0.00016,0.0311,0.0361,0.0384,0.0406,0.0456,0.058372,0.01067,0.000338,0.0413,0.05258,0.0581,0.0644,0.0777,0.096478,0.01526,0.000482,0.0732,0.0889,0.0966,0.10522,0.1221
12.0,0.883782,0.01451,0.000461,0.85387,0.87462,0.88465,0.8942,0.91002,0.069722,0.01047,0.000333,0.05144,0.0624,0.0691,0.07608,0.09213,0.046496,0.00454,0.000144,0.0375,0.0433,0.0464,0.0493,0.0557,0.069722,0.01047,0.000333,0.05144,0.0624,0.0691,0.07608,0.09213,0.116218,0.01451,0.000461,0.08998,0.1058,0.11535,0.12538,0.14613,0.884937,0.01845,0.000583,0.8539,0.8747,0.88475,0.8944,0.9135,0.069024,0.01252,0.000396,0.04958,0.0621,0.06895,0.076,0.0921,0.046039,0.00641,0.000203,0.0365,0.0432,0.0464,0.04923,0.0557,0.069024,0.01252,0.000396,0.04958,0.0621,0.06895,0.076,0.0921,0.115063,0.01845,0.000583,0.0865,0.1056,0.11525,0.1253,0.1461
12.5,0.862277,0.01742,0.000554,0.82652,0.85143,0.8634,0.8744,0.89443,0.08177,0.01208,0.000384,0.0603,0.07332,0.0813,0.0895,0.1069,0.055953,0.00586,0.000186,0.0448,0.0518,0.0558,0.0597,0.0678,0.08177,0.01208,0.000384,0.0603,0.07332,0.0813,0.0895,0.1069,0.137723,0.01742,0.000554,0.10557,0.1256,0.1366,0.14858,0.17347,0.863646,0.02205,0.000697,0.82677,0.85158,0.8635,0.87452,0.89812,0.080952,0.01451,0.000459,0.05718,0.0732,0.08125,0.0894,0.1069,0.055401,0.00801,0.000253,0.043,0.0517,0.0558,0.0597,0.0678,0.080952,0.01451,0.000459,0.05718,0.0732,0.08125,0.0894,0.1069,0.136354,0.02205,0.000697,0.10188,0.12548,0.1365,0.14842,0.17322
13.0,0.837848,0.0205,0.000652,0.79504,0.825,0.83855,0.852,0.87574,0.09517,0.01366,0.000434,0.07037,0.0857,0.09465,0.1035,0.12313,0.066982,0.0074,0.000235,0.05282,0.0618,0.0667,0.072,0.08193,0.09517,0.01366,0.000434,0.07037,0.0857,0.09465,0.1035,0.12313,0.162152,0.0205,0.000652,0.12426,0.148,0.16145,0.175,0.20496,0.839462,0.02596,0.000821,0.7951,0.82508,0.83875,0.85242,0.88001,0.094218,0.01657,0.000524,0.066,0.08538,0.09445,0.1035,0.1231,0.06632,0.00988,0.000312,0.0516,0.0617,0.0666,0.072,0.0819,0.094218,0.01657,0.000524,0.066,0.08538,0.09445,0.1035,0.1231,0.160538,0.02596,0.000821,0.11999,0.14758,0.16125,0.17492,0.2049
13.5,0.810716,0.02346,0.000746,0.76364,0.79552,0.8114,0.8266,0.85356,0.109524,0.01494,0.000475,0.08122,0.0994,0.109,0.1192,0.13996,0.07976,0.0091,0.000289,0.06317,0.0732,0.0793,0.08568,0.09823,0.109524,0.01494,0.000475,0.08122,0.0994,0.109,0.1192,0.13996,0.189284,0.02346,0.000746,0.14644,0.1734,0.1886,0.20448,0.23635,0.812602,0.02995,0.000947,0.7637,0.7957,0.81175,0.82702,0.8599,0.108428,0.01844,0.000583,0.07908,0.09908,0.10885,0.11912,0.13982,0.07897,0.01199,0.000379,0.06069,0.073,0.0792,0.0854,0.0982,0.108428,0.01844,0.000583,0.07908,0.09908,0.10885,0.11912,0.13982,0.187398,0.02995,0.000947,0.1401,0.17298,0.18825,0.2043,0.2363
14.0,0.780933,0.02641,0.000839,0.72862,0.76305,0.7819,0.7992,0.83109,0.124664,0.01609,0.000511,0.09364,0.11353,0.12445,0.13538,0.15693,0.094403,0.01097,0.000349,0.07464,0.08672,0.0939,0.1016,0.11713,0.124664,0.01609,0.000511,0.09364,0.11353,0.12445,0.13538,0.15693,0.219067,0.02641,0.000839,0.16891,0.2008,0.2181,0.23695,0.27138,0.783116,0.0341,0.001078,0.72869,0.7633,0.7823,0.79962,0.83484,0.123418,0.02025,0.00064,0.09109,0.1132,0.1241,0.1353,0.1569,0.093466,0.01436,0.000454,0.0713,0.0865,0.0937,0.1016,0.1171,0.123418,0.02025,0.00064,0.09109,0.1132,0.1241,0.1353,0.1569,0.216884,0.0341,0.001078,0.16516,0.20038,0.2177,0.2367,0.27131
14.5,0.748821,0.0292,0.000928,0.69165,0.72927,0.7498,0.76868,0.80548,0.140228,0.01694,0.000538,0.1065,0.1289,0.1401,0.1513,0.17421,0.110951,0.01298,0.000413,0.08707,0.1018,0.1104,0.11948,0.1366,0.140228,0.01694,0.000538,0.1065,0.1289,0.1401,0.1513,0.17421,0.251179,0.0292,0.000928,0.19452,0.23132,0.2502,0.27072,0.30835,0.751325,0.03828,0.001211,0.69188,0.7295,0.7505,0.76905,0.80992,0.138826,0.02189,0.000692,0.10359,0.1286,0.13985,0.15113,0.17411,0.109849,0.01694,0.000536,0.0839,0.1014,0.1102,0.1194,0.1366,0.138826,0.02189,0.000692,0.10359,0.1286,0.13985,0.15113,0.17411,0.248675,0.03828,0.001211,0.19008,0.23095,0.2495,0.2705,0.30812
15.0,0.714891,0.0316,0.001004,0.65292,0.69382,0.715,0.73658,0.77716,0.15568,0.01744,0.000554,0.12162,0.14402,0.1559,0.16735,0.18963,0.129429,0.01496,0.000475,0.10169,0.11902,0.1288,0.1389,0.15864,0.15568,0.01744,0.000554,0.12162,0.14402,0.1559,0.16735,0.18963,0.285109,0.0316,0.001004,0.22284,0.26343,0.285,0.30618,0.34708,0.717734,0.04231,0.001338,0.65299,0.69408,0.7156,0.7374,0.78412,0.154123,0.02326,0.000736,0.11677,0.1437,0.1557,0.1672,0.1896,0.128143,0.01963,0.000621,0.098,0.11867,0.1287,0.13882,0.15851,0.154123,0.02326,0.000736,0.11677,0.1437,0.1557,0.1672,0.1896,0.282266,0.04231,0.001338,0.21588,0.2626,0.2844,0.30592,0.34701
15.5,0.679453,0.03343,0.001062,0.61347,0.6565,0.6789,0.70148,0.74551,0.170699,0.01738,0.000552,0.13632,0.159,0.17115,0.1825,0.20496,0.149848,0.01697,0.000539,0.11759,0.1384,0.1495,0.16097,0.18288,0.170699,0.01738,0.000552,0.13632,0.159,0.17115,0.1825,0.20496,0.320547,0.03343,0.001062,0.25449,0.29852,0.3211,0.3435,0.38653,0.68265,0.04604,0.001456,0.6135,0.6569,0.67925,0.70223,0.75511,0.168992,0.02424,0.000767,0.13186,0.1588,0.17105,0.1825,0.2049,0.148358,0.02248,0.000711,0.11447,0.1376,0.1492,0.16082,0.18281,0.168992,0.02424,0.000767,0.13186,0.1588,0.17105,0.1825,0.2049,0.31735,0.04604,0.001456,0.24489,0.29778,0.32075,0.3431,0.3865
16.0,0.643303,0.03474,0.001104,0.57622,0.6196,0.6426,0.66638,0.71241,0.184623,0.01674,0.000532,0.15114,0.1741,0.18505,0.19595,0.21624,0.172074,0.01905,0.000605,0.13502,0.15893,0.1715,0.185,0.2098,0.184623,0.01674,0.000532,0.15114,0.1741,0.18505,0.19595,0.21624,0.356697,0.03474,0.001104,0.28759,0.33362,0.3574,0.3804,0.42378,0.646862,0.0495,0.001565,0.57629,0.61988,0.6431,0.6672,0.7245,0.182776,0.02481,0.000784,0.14599,0.17368,0.1848,0.1958,0.21611,0.170361,0.02549,0.000806,0.13215,0.1585,0.17135,0.1849,0.2098,0.182776,0.02481,0.000784,0.14599,0.17368,0.1848,0.1958,0.21611,0.353138,0.0495,0.001565,0.2755,0.3328,0.3569,0.38012,0.42371
16.5,0.607256,0.03544,0.001126,0.53947,0.58333,0.6063,0.63045,0.67877,0.196885,0.0158,0.000502,0.16457,0.18675,0.197,0.20775,0.22576,0.195859,0.02089,0.000664,0.15544,0.18182,0.1956,0.20978,0.23651,0.196885,0.0158,0.000502,0.16457,0.18675,0.197,0.20775,0.22576,0.392744,0.03544,0.001126,0.32123,0.36955,0.3937,0.41668,0.46053,0.611176,0.05259,0.001663,0.5395,0.5837,0.6067,0.63118,0.68753,0.194916,0.02512,0.000795,0.16018,0.18638,0.19695,0.2076,0.2257,0.193908,0.02844,0.0009,0.1511,0.18118,0.1953,0.20962,0.23641,0.194916,0.02512,0.000795,0.16018,0.18638,0.19695,0.2076,0.2257,0.388824,0.05259,0.001663,0.31247,0.36882,0.3933,0.4163,0.4605
17.0,0.571523,0.03551,0.001129,0.50422,0.54753,0.5708,0.5948,0.64434,0.207317,0.01447,0.00046,0.17614,0.19802,0.2081,0.2171,0.23426,0.221159,0.02254,0.000716,0.17664,0.20572,0.22085,0.2364,0.26488,0.207317,0.01447,0.00046,0.17614,0.19802,0.2081,0.2171,0.23426,0.428477,0.03551,0.001129,0.35566,0.4052,0.4292,0.45247,0.49578,0.5758,0.05533,0.00175,0.50429,0.54777,0.57095,0.59562,0.65315,0.205244,0.02516,0.000796,0.17389,0.19768,0.2079,0.2171,0.2342,0.218956,0.03138,0.000992,0.17158,0.2049,0.2207,0.23623,0.26481,0.205244,0.02516,0.000796,0.17389,0.19768,0.2079,0.2171,0.2342,0.4242,0.05533,0.00175,0.34684,0.40438,0.42905,0.45222,0.49571
17.5,0.536922,0.03507,0.001115,0.47119,0.51337,0.5357,0.55963,0.60858,0.215515,0.01294,0.000411,0.18789,0.20742,0.21635,0.22458,0.23783,0.247563,0.024,0.000763,0.19882,0.2315,0.2478,0.26418,0.29273,0.215515,0.01294,0.000411,0.18789,0.20742,0.21635,0.22458,0.23783,0.463078,0.03507,0.001115,0.39142,0.44037,0.4643,0.48662,0.52881,0.541545,0.05775,0.001826,0.47129,0.5136,0.5359,0.56062,0.61721,0.21336,0.02502,0.000791,0.18447,0.20705,0.21625,0.2245,0.2378,0.245095,0.03426,0.001083,0.19464,0.23108,0.2474,0.26402,0.2927,0.21336,0.02502,0.000791,0.18447,0.20705,0.21625,0.2245,0.2378,0.458455,0.05775,0.001826,0.38279,0.43938,0.4641,0.4864,0.52871
18.0,0.503986,0.03414,0.001085,0.44122,0.48042,0.5027,0.52575,0.57416,0.221097,0.01122,0.000357,0.19837,0.2141,0.22195,0.2288,0.24148,0.274918,0.02526,0.000803,0.22404,0.25822,0.2754,0.29248,0.32313,0.221097,0.01122,0.000357,0.19837,0.2141,0.22195,0.2288,0.24148,0.496014,0.03414,0.001085,0.42584,0.47425,0.4973,0.51957,0.55878,0.508938,0.05987,0.001893,0.44148,0.48067,0.5031,0.5267,0.5826,0.218886,0.02468,0.00078,0.19447,0.2135,0.2218,0.22872,0.24141,0.272176,0.0371,0.001173,0.2154,0.2579,0.2751,0.29232,0.3231,0.218886,0.02468,0.00078,0.19447,0.2135,0.2218,0.22872,0.24141,0.491062,0.05987,0.001893,0.4174,0.4733,0.4969,0.51933,0.55852
18.5,0.4731,0.03288,0.001045,0.41404,0.45035,0.4714,0.4945,0.54102,0.224021,0.00982,0.000312,0.20292,0.218,0.2248,0.2304,0.24166,0.302879,0.02619,0.000832,0.24942,0.2855,0.3036,0.3209,0.35289,0.224021,0.00982,0.000312,0.20292,0.218,0.2248,0.2304,0.24166,0.5269,0.03288,0.001045,0.45898,0.5055,0.5286,0.54965,0.58596,0.478361,0.06175,0.001953,0.4141,0.4505,0.47195,0.4952,0.54753,0.221781,0.02435,0.00077,0.2009,0.21758,0.2246,0.2304,0.2416,0.299858,0.03979,0.001258,0.24177,0.28495,0.30345,0.32082,0.35272,0.221781,0.02435,0.00077,0.2009,0.21758,0.2246,0.2304,0.2416,0.521639,0.06175,0.001953,0.45247,0.5048,0.52805,0.5495,0.5859
19.0,0.444385,0.03135,0.000996,0.3887,0.42242,0.4424,0.4643,0.50815,0.224664,0.00878,0.000279,0.20694,0.2191,0.2251,0.2304,0.2419,0.330951,0.02672,0.000849,0.27816,0.31383,0.33195,0.3492,0.38179,0.224664,0.00878,0.000279,0.20694,0.2191,0.2251,0.2304,0.2419,0.555615,0.03135,0.000996,0.49184,0.5357,0.5576,0.57758,0.6113,0.449934,0.06343,0.002006,0.3887,0.42257,0.44285,0.46525,0.51622,0.222417,0.02401,0.000759,0.205,0.21888,0.225,0.2304,0.2419,0.327649,0.04228,0.001337,0.26848,0.31323,0.3313,0.34895,0.38162,0.222417,0.02401,0.000759,0.205,0.21888,0.225,0.2304,0.2419,0.550066,0.06343,0.002006,0.48378,0.53475,0.55715,0.57743,0.6113
19.5,0.417936,0.02948,0.000937,0.36515,0.3969,0.4164,0.43708,0.47743,0.223113,0.00779,0.000248,0.2076,0.21812,0.2233,0.22828,0.2385,0.358951,0.02708,0.000861,0.30484,0.34102,0.36045,0.37728,0.41113,0.223113,0.00779,0.000248,0.2076,0.21812,0.2233,0.22828,0.2385,0.582064,0.02948,0.000937,0.52257,0.56292,0.5836,0.6031,0.63486,0.423749,0.06487,0.002052,0.3652,0.397,0.4169,0.4375,0.48722,0.220881,0.02352,0.000744,0.20639,0.2181,0.2232,0.2282,0.2385,0.35537,0.04469,0.001413,0.29429,0.34072,0.3602,0.37712,0.4111,0.220881,0.02352,0.000744,0.20639,0.2181,0.2232,0.2282,0.2385,0.576251,0.06487,0.002052,0.51279,0.5625,0.5831,0.603,0.6348
20.0,0.393811,0.02757,0.000876,0.34427,0.3745,0.3922,0.4112,0.45144,0.219487,0.00754,0.00024,0.205,0.21432,0.2197,0.2243,0.23544,0.386701,0.02723,0.000865,0.33294,0.36892,0.38825,0.4053,0.43771,0.219487,0.00754,0.00024,0.205,0.21432,0.2197,0.2243,0.23544,0.606189,0.02757,0.000876,0.54856,0.5888,0.6078,0.6255,0.65573,0.399866,0.06622,0.002094,0.3443,0.37458,0.3926,0.41205,0.45973,0.217293,0.0231,0.000731,0.2038,0.21418,0.2197,0.2243,0.23531,0.382842,0.04701,0.001487,0.32219,0.3686,0.38795,0.4051,0.43734,0.217293,0.0231,0.000731,0.2038,0.21418,0.2197,0.2243,0.23531,0.600134,0.06622,0.002094,0.54027,0.58795,0.6074,0.62542,0.6557
20.5,0.372025,0.02571,0.000817,0.3255,0.35402,0.37045,0.38818,0.42461,0.214207,0.00767,0.000244,0.1995,0.2088,0.2145,0.2194,0.22953,0.413768,0.02715,0.000863,0.35896,0.39642,0.4151,0.4327,0.46396,0.214207,0.00767,0.000244,0.1995,0.2088,0.2145,0.2194,0.22953,0.627975,0.02571,0.000817,0.57539,0.61182,0.62955,0.64598,0.6745,0.378297,0.06747,0.002134,0.3255,0.35418,0.37075,0.38872,0.43422,0.212065,0.02265,0.000716,0.1987,0.2086,0.2144,0.2193,0.2295,0.409638,0.0492,0.001556,0.34999,0.3958,0.4147,0.43248,0.4639,0.212065,0.02265,0.000716,0.1987,0.2086,0.2144,0.2193,0.2295,0.621703,0.06747,0.002134,0.56578,0.61128,0.62925,0.64583,0.6745
21.0,0.352483,0.0239,0.000759,0.31,0.3357,0.3509,0.3673,0.40063,0.207352,0.00816,0.000259,0.1929,0.2015,0.2075,0.2128,0.22375,0.440165,0.02681,0.000852,0.38567,0.42302,0.441,0.45855,0.48986,0.207352,0.00816,0.000259,0.1929,0.2015,0.2075,0.2128,0.22375,0.647517,0.0239,0.000759,0.59937,0.6327,0.6491,0.6643,0.69,0.358951,0.06863,0.00217,0.31,0.33608,0.35125,0.3682,0.40984,0.205278,0.02218,0.000701,0.19189,0.2013,0.2074,0.21272,0.2237,0.435771,0.05123,0.00162,0.37828,0.42225,0.4408,0.45825,0.48972,0.205278,0.02218,0.000701,0.19189,0.2013,0.2074,0.21272,0.2237,0.64105,0.06863,0.00217,0.59016,0.6318,0.64875,0.66393,0.69
21.5,0.335005,0.02217,0.000705,0.29636,0.31932,0.3334,0.34908,0.3798,0.19939,0.00858,0.000273,0.1835,0.1933,0.1993,0.2052,0.21613,0.465605,0.02619,0.000833,0.41277,0.4493,0.4666,0.48358,0.51323,0.19939,0.00858,0.000273,0.1835,0.1933,0.1993,0.2052,0.21613,0.664995,0.02217,0.000705,0.6202,0.65092,0.6666,0.68068,0.70364,0.341647,0.06971,0.002204,0.29649,0.31968,0.3335,0.34942,0.38852,0.197396,0.02161,0.000683,0.1816,0.19297,0.1992,0.20512,0.2161,0.460956,0.05311,0.001679,0.4062,0.44845,0.46645,0.4834,0.5132,0.197396,0.02161,0.000683,0.1816,0.19297,0.1992,0.20512,0.2161,0.658353,0.06971,0.002204,0.61149,0.65058,0.6665,0.68032,0.70351
22.0,0.319506,0.02052,0.000652,0.28275,0.30542,0.3181,0.3324,0.36178,0.190544,0.0091,0.000289,0.1738,0.18392,0.19065,0.19658,0.20848,0.489949,0.02556,0.000812,0.43821,0.47442,0.49145,0.5075,0.53643,0.190544,0.0091,0.000289,0.1738,0.18392,0.19065,0.19658,0.20848,0.680494,0.02052,0.000652,0.63822,0.6676,0.6819,0.69458,0.71726,0.326304,0.07068,0.002235,0.2828,0.3059,0.3183,0.33322,0.36754,0.188639,0.02102,0.000665,0.17319,0.1837,0.19055,0.1965,0.20841,0.485058,0.05494,0.001737,0.43227,0.47398,0.49095,0.50725,0.5364,0.188639,0.02102,0.000665,0.17319,0.1837,0.19055,0.1965,0.20841,0.673696,0.07068,0.002235,0.63246,0.66678,0.6817,0.6941,0.7172
22.5,0.305792,0.01895,0.000602,0.27249,0.2929,0.30445,0.31788,0.34446,0.181067,0.00952,0.000302,0.16384,0.17422,0.181,0.1873,0.1997,0.513141,0.02478,0.000787,0.46388,0.4977,0.5144,0.53035,0.55785,0.181067,0.00952,0.000302,0.16384,0.17422,0.181,0.1873,0.1997,0.694208,0.01895,0.000602,0.65554,0.68212,0.69555,0.7071,0.72751,0.312726,0.07156,0.002263,0.27259,0.29308,0.3046,0.3184,0.35161,0.179256,0.02036,0.000644,0.16288,0.1741,0.1809,0.1873,0.1997,0.508018,0.05665,0.001791,0.45727,0.49707,0.51425,0.52995,0.55762,0.179256,0.02036,0.000644,0.16288,0.1741,0.1809,0.1873,0.1997,0.687274,0.07156,0.002263,0.64839,0.6816,0.6954,0.70692,0.72741
23.0,0.293603,0.01758,0.000559,0.2626,0.2816,0.2926,0.30495,0.32923,0.171199,0.0098,0.000312,0.1532,0.1643,0.17115,0.1774,0.19098,0.535198,0.02386,0.000758,0.48747,0.52022,0.5367,0.5515,0.57871,0.171199,0.0098,0.000312,0.1532,0.1643,0.17115,0.1774,0.19098,0.706397,0.01758,0.000559,0.67077,0.69505,0.7074,0.7184,0.7374,0.300659,0.07239,0.002289,0.2626,0.28168,0.29275,0.3054,0.33463,0.169487,0.01964,0.000621,0.152,0.1642,0.17105,0.17722,0.19091,0.529854,0.05826,0.001842,0.48209,0.51917,0.53625,0.5515,0.57861,0.169487,0.01964,0.000621,0.152,0.1642,0.17105,0.17722,0.19091,0.699341,0.07239,0.002289,0.66537,0.6946,0.70725,0.71832,0.7374
23.5,0.282851,0.01638,0.000521,0.25347,0.2715,0.2821,0.29348,0.31603,0.161096,0.0099,0.000315,0.1427,0.15432,0.1607,0.1672,0.18003,0.556054,0.02285,0.000726,0.51082,0.54135,0.5573,0.57188,0.59806,0.161096,0.0099,0.000315,0.1427,0.15432,0.1607,0.1672,0.18003,0.717149,0.01638,0.000521,0.68397,0.70652,0.7179,0.7285,0.74653,0.290014,0.07315,0.002313,0.2535,0.2716,0.2822,0.294,0.3214,0.159485,0.01882,0.000595,0.14149,0.1541,0.1605,0.1672,0.18,0.550501,0.05977,0.00189,0.50619,0.54093,0.557,0.57173,0.598,0.159485,0.01882,0.000595,0.14149,0.1541,0.1605,0.1672,0.18,0.709986,0.07315,0.002313,0.6786,0.706,0.7178,0.7284,0.7465
24.0,0.273326,0.0153,0.000486,0.24554,0.2627,0.2725,0.283,0.30453,0.151123,0.00993,0.000315,0.1329,0.1443,0.1507,0.1574,0.17066,0.575551,0.02193,0.000697,0.53157,0.56152,0.5769,0.5912,0.6157,0.151123,0.00993,0.000315,0.1329,0.1443,0.1507,0.1574,0.17066,0.726674,0.0153,0.000486,0.69547,0.717,0.7275,0.7373,0.75445,0.280586,0.07385,0.002335,0.2456,0.26288,0.2726,0.28332,0.30902,0.149611,0.018,0.000569,0.13149,0.1441,0.1506,0.1573,0.1706,0.569803,0.06124,0.001937,0.52727,0.5609,0.57665,0.59112,0.6157,0.149611,0.018,0.000569,0.13149,0.1441,0.1506,0.1573,0.1706,0.719415,0.07385,0.002335,0.69097,0.71668,0.7274,0.73712,0.7544
24.5,0.264954,0.01433,0.000455,0.23824,0.255,0.26425,0.2739,0.29511,0.141311,0.00994,0.000316,0.12347,0.1345,0.1409,0.1479,0.16068,0.593735,0.02107,0.00067,0.55099,0.5799,0.59485,0.6084,0.63206,0.141311,0.00994,0.000316,0.12347,0.1345,0.1409,0.1479,0.16068,0.735046,0.01433,0.000455,0.70489,0.7261,0.73575,0.745,0.76176,0.272296,0.07447,0.002355,0.2383,0.255,0.2646,0.2743,0.2977,0.139898,0.0172,0.000544,0.1214,0.1342,0.1408,0.1478,0.16061,0.587806,0.06264,0.001981,0.54517,0.57955,0.59455,0.6081,0.63192,0.139898,0.0172,0.000544,0.1214,0.1342,0.1408,0.1478,0.16061,0.727704,0.07447,0.002355,0.7023,0.7257,0.7354,0.745,0.76171
25.0,0.257592,0.01349,0.000429,0.23214,0.2484,0.2571,0.2662,0.28598,0.131575,0.00975,0.00031,0.1136,0.125,0.1311,0.13818,0.1505,0.610833,0.02007,0.000638,0.57039,0.59792,0.6117,0.62498,0.64721,0.131575,0.00975,0.00031,0.1136,0.125,0.1311,0.13818,0.1505,0.742408,0.01349,0.000429,0.71402,0.7338,0.7429,0.7516,0.76786,0.265009,0.07504,0.002373,0.2322,0.24858,0.25725,0.26643,0.28794,0.130259,0.0163,0.000515,0.1125,0.1249,0.1309,0.1381,0.1505,0.604732,0.06393,0.002022,0.56358,0.59715,0.61165,0.62482,0.64711,0.130259,0.0163,0.000515,0.1125,0.1249,0.1309,0.1381,0.1505,0.734991,0.07504,0.002373,0.71206,0.73358,0.74275,0.75142,0.7678
25.5,0.251079,0.01276,0.000406,0.22707,0.2425,0.2507,0.25898,0.2784,0.122174,0.00946,0.000301,0.10477,0.1157,0.1219,0.1286,0.1407,0.626747,0.01906,0.000606,0.58941,0.61432,0.6277,0.6397,0.66113,0.122174,0.00946,0.000301,0.10477,0.1157,0.1219,0.1286,0.1407,0.748921,0.01276,0.000406,0.7216,0.74102,0.7493,0.7575,0.77293,0.25856,0.07555,0.002389,0.2271,0.24258,0.25085,0.25932,0.2808,0.120953,0.01538,0.000486,0.1038,0.1154,0.1218,0.1286,0.1407,0.620487,0.06514,0.00206,0.5816,0.61358,0.6275,0.63952,0.6611,0.120953,0.01538,0.000486,0.1038,0.1154,0.1218,0.1286,0.1407,0.74144,0.07555,0.002389,0.7192,0.74068,0.74915,0.75742,0.7729
26.0,0.245371,0.01212,0.000385,0.22302,0.2372,0.2449,0.25298,0.27165,0.113191,0.00918,0.000292,0.0966,0.1068,0.1127,0.1195,0.1313,0.641438,0.01819,0.000578,0.60497,0.62922,0.6427,0.654,0.6744,0.113191,0.00918,0.000292,0.0966,0.1068,0.1127,0.1195,0.1313,0.754629,0.01212,0.000385,0.72834,0.74702,0.7551,0.7628,0.77698,0.25291,0.07601,0.002404,0.22309,0.2372,0.245,0.2532,0.27291,0.112059,0.01451,0.000459,0.0951,0.1066,0.11265,0.1195,0.1313,0.635031,0.06629,0.002096,0.60054,0.6287,0.6426,0.65375,0.6744,0.112059,0.01451,0.000459,0.0951,0.1066,0.11265,0.1195,0.1313,0.74709,0.07601,0.002404,0.72709,0.7468,0.755,0.7628,0.77691
26.5,0.240388,0.01154,0.000367,0.21907,0.23232,0.24005,0.2476,0.26481,0.10453,0.0089,0.000283,0.0883,0.09832,0.1041,0.1106,0.1223,0.655083,0.01736,0.000552,0.62085,0.6437,0.6562,0.66628,0.68646,0.10453,0.0089,0.000283,0.0883,0.09832,0.1041,0.1106,0.1223,0.759612,0.01154,0.000367,0.73519,0.7524,0.75995,0.76768,0.78093,0.247976,0.07641,0.002416,0.2191,0.2324,0.2403,0.24792,0.267,0.103484,0.01366,0.000432,0.08779,0.09818,0.104,0.11053,0.1223,0.648539,0.06739,0.002131,0.61644,0.64338,0.6558,0.6662,0.6864,0.103484,0.01366,0.000432,0.08779,0.09818,0.104,0.11053,0.1223,0.752024,0.07641,0.002416,0.733,0.75208,0.7597,0.7676,0.7809
27.0,0.235985,0.01108,0.000352,0.21577,0.22812,0.23565,0.2431,0.25896,0.09641,0.00856,0.000272,0.08084,0.09052,0.0961,0.1023,0.11355,0.667605,0.01655,0.000526,0.6336,0.6572,0.6688,0.6783,0.69698,0.09641,0.00856,0.000272,0.08084,0.09052,0.0961,0.1023,0.11355,0.764015,0.01108,0.000352,0.74104,0.7569,0.76435,0.77188,0.78423,0.243618,0.07678,0.002428,0.2158,0.2282,0.2358,0.2434,0.2616,0.095446,0.01283,0.000406,0.08,0.09028,0.09595,0.10222,0.1135,0.660936,0.0684,0.002163,0.63044,0.65695,0.6686,0.67823,0.69691,0.095446,0.01283,0.000406,0.08,0.09028,0.09595,0.10222,0.1135,0.756382,0.07678,0.002428,0.7384,0.7566,0.7642,0.7718,0.7842
27.5,0.23207,0.01064,0.000338,0.21247,0.22462,0.2319,0.2388,0.2538,0.088787,0.00827,0.000263,0.07404,0.083,0.08825,0.09438,0.10563,0.679143,0.01577,0.000501,0.64707,0.6687,0.6805,0.6895,0.70677,0.088787,0.00827,0.000263,0.07404,0.083,0.08825,0.09438,0.10563,0.76793,0.01064,0.000338,0.7462,0.7612,0.7681,0.77538,0.78753,0.239742,0.0771,0.002438,0.2125,0.2247,0.232,0.2389,0.2561,0.087899,0.01207,0.000382,0.0732,0.08278,0.0882,0.0943,0.1056,0.67236,0.06933,0.002192,0.64249,0.6684,0.6804,0.68942,0.70662,0.087899,0.01207,0.000382,0.0732,0.08278,0.0882,0.0943,0.1056,0.760258,0.0771,0.002438,0.7439,0.7611,0.768,0.7753,0.7875
28.0,0.228666,0.01025,0.000326,0.2098,0.2216,0.2283,0.2352,0.24931,0.081573,0.00785,0.000249,0.06774,0.0761,0.081,0.0868,0.09798,0.689761,0.01501,0.000477,0.65984,0.68002,0.6908,0.69968,0.7162,0.081573,0.00785,0.000249,0.06774,0.0761,0.081,0.0868,0.09798,0.771334,0.01025,0.000326,0.75069,0.7648,0.7717,0.7784,0.7902,0.236371,0.07738,0.002447,0.2098,0.22168,0.2284,0.2354,0.25131,0.080757,0.01127,0.000356,0.0666,0.0759,0.0809,0.0867,0.09791,0.682871,0.0702,0.00222,0.65479,0.67968,0.6906,0.6996,0.7162,0.080757,0.01127,0.000356,0.0666,0.0759,0.0809,0.0867,0.09791,0.763629,0.07738,0.002447,0.74869,0.7646,0.7716,0.77832,0.7902
28.5,0.225651,0.00995,0.000316,0.20732,0.21892,0.2252,0.2321,0.24573,0.074809,0.00741,0.000235,0.06169,0.0697,0.0743,0.07958,0.0903,0.69954,0.01433,0.000456,0.6706,0.6903,0.7006,0.709,0.72522,0.074809,0.00741,0.000235,0.06169,0.0697,0.0743,0.07958,0.0903,0.774349,0.00995,0.000316,0.75427,0.7679,0.7748,0.78108,0.79268,0.233387,0.07764,0.002455,0.20739,0.219,0.2253,0.2323,0.24761,0.074061,0.01048,0.000331,0.0608,0.06958,0.07425,0.0795,0.0903,0.692553,0.07101,0.002245,0.6662,0.69008,0.70035,0.7089,0.72502,0.074061,0.01048,0.000331,0.0608,0.06958,0.07425,0.0795,0.0903,0.766613,0.07764,0.002455,0.75239,0.7677,0.7747,0.781,0.79261
29.0,0.223033,0.00967,0.000307,0.20527,0.2164,0.22265,0.22918,0.24266,0.06844,0.00705,0.000224,0.0563,0.0636,0.06795,0.0729,0.08338,0.708526,0.01372,0.000436,0.68079,0.6997,0.70935,0.7179,0.73306,0.06844,0.00705,0.000224,0.0563,0.0636,0.06795,0.0729,0.08338,0.776967,0.00967,0.000307,0.75734,0.77083,0.77735,0.7836,0.79473,0.230795,0.07787,0.002462,0.2053,0.21648,0.2228,0.2295,0.24421,0.067756,0.00978,0.000309,0.05558,0.0635,0.06785,0.0729,0.08331,0.701449,0.07177,0.002269,0.67685,0.69958,0.7092,0.71782,0.733,0.067756,0.00978,0.000309,0.05558,0.0635,0.06785,0.0729,0.08331,0.769205,0.07787,0.002462,0.75579,0.7705,0.7772,0.78352,0.7947
29.5,0.220691,0.00947,0.000301,0.2034,0.21432,0.22035,0.22678,0.2396,0.062604,0.00657,0.000209,0.05127,0.05822,0.0621,0.0669,0.07633,0.716705,0.01303,0.000414,0.69027,0.7081,0.7173,0.7259,0.74066,0.062604,0.00657,0.000209,0.05127,0.05822,0.0621,0.0669,0.07633,0.779309,0.00947,0.000301,0.7604,0.77322,0.77965,0.78568,0.7966,0.228476,0.07807,0.002469,0.2034,0.2144,0.22045,0.227,0.2414,0.061978,0.00903,0.000286,0.0499,0.0581,0.062,0.0668,0.0763,0.709546,0.07244,0.002291,0.68637,0.70778,0.7172,0.7257,0.7406,0.061978,0.00903,0.000286,0.0499,0.0581,0.062,0.0668,0.0763,0.771524,0.07807,0.002469,0.7586,0.773,0.77955,0.7856,0.7966
30.0,0.218612,0.0093,0.000295,0.2016,0.2125,0.2183,0.2247,0.237,0.05719,0.00616,0.000196,0.04647,0.0532,0.0566,0.0612,0.07013,0.724198,0.01249,0.000397,0.69877,0.7161,0.7249,0.7329,0.74679,0.05719,0.00616,0.000196,0.04647,0.0532,0.0566,0.0612,0.07013,0.781388,0.0093,0.000295,0.763,0.7753,0.7817,0.7875,0.7984,0.226418,0.07826,0.002475,0.2016,0.2126,0.2184,0.22482,0.2387,0.056618,0.00836,0.000264,0.0451,0.05308,0.0566,0.0611,0.0701,0.716964,0.07308,0.002311,0.69445,0.71588,0.7248,0.7329,0.74662,0.056618,0.00836,0.000264,0.0451,0.05308,0.0566,0.0611,0.0701,0.773582,0.07826,0.002475,0.7613,0.77518,0.7816,0.7874,0.7984
30.5,0.216806,0.00912,0.00029,0.2,0.2109,0.2165,0.2227,0.2349,0.052113,0.00577,0.000184,0.04204,0.0482,0.0518,0.05598,0.06438,0.731081,0.01199,0.000381,0.70647,0.7234,0.73165,0.73968,0.75268,0.052113,0.00577,0.000184,0.04204,0.0482,0.0518,0.05598,0.06438,0.783194,0.00912,0.00029,0.7651,0.7773,0.7835,0.7891,0.8,0.22463,0.07842,0.00248,0.2,0.211,0.2166,0.223,0.23641,0.051592,0.00774,0.000245,0.0412,0.0481,0.0517,0.0559,0.06431,0.723778,0.07367,0.00233,0.70098,0.723,0.7315,0.73952,0.75261,0.051592,0.00774,0.000245,0.0412,0.0481,0.0517,0.0559,0.06431,0.77537,0.07842,0.00248,0.76359,0.777,0.7834,0.789,0.8
31.0,0.215222,0.00899,0.000286,0.19842,0.2095,0.21505,0.2213,0.23293,0.047441,0.00538,0.000171,0.0381,0.0437,0.047,0.05088,0.05913,0.737337,0.01156,0.000368,0.71359,0.7299,0.73795,0.74548,0.75876,0.047441,0.00538,0.000171,0.0381,0.0437,0.047,0.05088,0.05913,0.784778,0.00899,0.000286,0.76707,0.7787,0.78495,0.7905,0.80158,0.223062,0.07856,0.002484,0.19849,0.2095,0.2151,0.2216,0.2348,0.046966,0.00714,0.000226,0.037,0.0436,0.0469,0.0508,0.0591,0.729972,0.07422,0.002347,0.7085,0.7295,0.7376,0.7454,0.75871,0.046966,0.00714,0.000226,0.037,0.0436,0.0469,0.0508,0.0591,0.776938,0.07856,0.002484,0.7652,0.7784,0.7849,0.7905,0.80151
31.5,0.213831,0.00888,0.000282,0.19717,0.2081,0.2136,0.2197,0.23113,0.043172,0.00502,0.00016,0.03437,0.0398,0.0428,0.04628,0.05434,0.742997,0.01115,0.000355,0.72028,0.73572,0.7436,0.7508,0.76423,0.043172,0.00502,0.00016,0.03437,0.0398,0.0428,0.04628,0.05434,0.786169,0.00888,0.000282,0.76887,0.7803,0.7864,0.7919,0.80283,0.221685,0.07868,0.002488,0.1972,0.2081,0.2136,0.22,0.2333,0.04274,0.00659,0.000208,0.0335,0.0397,0.0428,0.04612,0.05421,0.735575,0.07472,0.002363,0.7161,0.7353,0.7434,0.7507,0.7642,0.04274,0.00659,0.000208,0.0335,0.0397,0.0428,0.04612,0.05421,0.778315,0.07868,0.002488,0.7667,0.78,0.7864,0.7919,0.8028
32.0,0.212591,0.00879,0.000279,0.19594,0.20692,0.2123,0.21858,0.2301,0.039284,0.00467,0.000148,0.03117,0.0361,0.0389,0.04218,0.05005,0.748124,0.01081,0.000344,0.72608,0.7411,0.7485,0.7555,0.7683,0.039284,0.00467,0.000148,0.03117,0.0361,0.0389,0.04218,0.05005,0.787409,0.00879,0.000279,0.7699,0.78142,0.7877,0.79308,0.80406,0.220458,0.0788,0.002492,0.196,0.207,0.2124,0.21872,0.232,0.038891,0.00607,0.000192,0.0303,0.036,0.0389,0.0421,0.05,0.740651,0.07517,0.002377,0.72279,0.7408,0.7483,0.7554,0.7683,0.038891,0.00607,0.000192,0.0303,0.036,0.0389,0.0421,0.05,0.779542,0.0788,0.002492,0.768,0.78128,0.7876,0.793,0.80401
32.5,0.211503,0.00871,0.000277,0.195,0.20582,0.2112,0.2173,0.229,0.035688,0.00434,0.000138,0.02787,0.0328,0.0354,0.03847,0.0454,0.752809,0.0105,0.000334,0.73137,0.7459,0.753,0.76018,0.77226,0.035688,0.00434,0.000138,0.02787,0.0328,0.0354,0.03847,0.0454,0.788497,0.00871,0.000277,0.771,0.7827,0.7888,0.79418,0.805,0.21938,0.07889,0.002495,0.195,0.206,0.2114,0.2175,0.23032,0.035331,0.00559,0.000177,0.0272,0.0327,0.0353,0.0384,0.0454,0.745289,0.07559,0.00239,0.7282,0.74578,0.7529,0.76002,0.7722,0.035331,0.00559,0.000177,0.0272,0.0327,0.0353,0.0384,0.0454,0.78062,0.07889,0.002495,0.76968,0.7825,0.7886,0.794,0.805
33.0,0.210551,0.00864,0.000275,0.194,0.2051,0.2103,0.2162,0.22793,0.032397,0.00401,0.000127,0.02547,0.0296,0.0322,0.03498,0.0411,0.757053,0.0102,0.000324,0.7362,0.75032,0.7573,0.76418,0.77573,0.032397,0.00401,0.000127,0.02547,0.0296,0.0322,0.03498,0.0411,0.789449,0.00864,0.000275,0.77207,0.7838,0.7897,0.7949,0.806,0.218437,0.07898,0.002498,0.194,0.2051,0.2105,0.2165,0.22902,0.032073,0.00513,0.000162,0.0247,0.0295,0.0321,0.0349,0.0411,0.74949,0.07597,0.002402,0.73389,0.7501,0.7571,0.76395,0.7757,0.032073,0.00513,0.000162,0.0247,0.0295,0.0321,0.0349,0.0411,0.781563,0.07898,0.002498,0.77098,0.7835,0.7895,0.7949,0.806
33.5,0.209684,0.00857,0.000273,0.19327,0.2042,0.2094,0.21548,0.2269,0.0294,0.00375,0.000119,0.0232,0.02662,0.0292,0.0318,0.03753,0.760916,0.00998,0.000317,0.74087,0.7546,0.7611,0.76778,0.7792,0.0294,0.00375,0.000119,0.0232,0.02662,0.0292,0.0318,0.03753,0.790316,0.00857,0.000273,0.7731,0.78452,0.7906,0.7958,0.80673,0.21758,0.07906,0.0025,0.1933,0.2042,0.2095,0.2156,0.2281,0.029106,0.00475,0.00015,0.0221,0.0266,0.0291,0.0318,0.0375,0.753314,0.07632,0.002413,0.7382,0.7543,0.7611,0.7677,0.7792,0.029106,0.00475,0.00015,0.0221,0.0266,0.0291,0.0318,0.0375,0.78242,0.07906,0.0025,0.7719,0.7844,0.7905,0.7958,0.8067
34.0,0.208932,0.00853,0.000271,0.19257,0.2035,0.2086,0.2146,0.2262,0.026632,0.0035,0.000111,0.02067,0.0242,0.02635,0.0288,0.0342,0.764436,0.00978,0.000311,0.7448,0.7582,0.76465,0.7711,0.7827,0.026632,0.0035,0.000111,0.02067,0.0242,0.02635,0.0288,0.0342,0.791068,0.00853,0.000271,0.7738,0.7854,0.7914,0.7965,0.80743,0.216835,0.07913,0.002502,0.1926,0.20358,0.2087,0.2148,0.2273,0.026366,0.00438,0.000138,0.0195,0.0241,0.0263,0.0288,0.0342,0.756799,0.07664,0.002424,0.74258,0.75788,0.76455,0.7711,0.7827,0.026366,0.00438,0.000138,0.0195,0.0241,0.0263,0.0288,0.0342,0.783165,0.07913,0.002502,0.7727,0.7852,0.7913,0.79642,0.8074
34.5,0.208269,0.00847,0.000269,0.19217,0.20293,0.20795,0.2139,0.2255,0.024131,0.00325,0.000103,0.0184,0.0218,0.0238,0.0262,0.03123,0.7676,0.00959,0.000305,0.74844,0.7615,0.7679,0.7741,0.78563,0.024131,0.00325,0.000103,0.0184,0.0218,0.0238,0.0262,0.03123,0.791731,0.00847,0.000269,0.7745,0.7861,0.79205,0.79708,0.80783,0.216179,0.07919,0.002504,0.1922,0.203,0.2081,0.2142,0.22622,0.023889,0.00403,0.000127,0.0173,0.0217,0.0238,0.0262,0.0312,0.759932,0.07693,0.002433,0.74699,0.76135,0.76775,0.77402,0.7856,0.023889,0.00403,0.000127,0.0173,0.0217,0.0238,0.0262,0.0312,0.783821,0.07919,0.002504,0.77378,0.7858,0.7919,0.797,0.8078
35.0,0.207678,0.00843,0.000268,0.1917,0.2023,0.2074,0.2133,0.2247,0.021838,0.00301,9.6e-5,0.0165,0.0197,0.0216,0.0238,0.0283,0.770483,0.00943,0.0003,0.75224,0.76422,0.7706,0.7767,0.78813,0.021838,0.00301,9.6e-5,0.0165,0.0197,0.0216,0.0238,0.0283,0.792322,0.00843,0.000268,0.7753,0.7867,0.7926,0.7977,0.8083,0.215594,0.07924,0.002506,0.1917,0.2023,0.20745,0.2136,0.2257,0.02162,0.0037,0.000117,0.0158,0.0196,0.0216,0.0238,0.0283,0.762786,0.0772,0.002441,0.7502,0.76408,0.7704,0.77662,0.7881,0.02162,0.0037,0.000117,0.0158,0.0196,0.0216,0.0238,0.0283,0.784406,0.07924,0.002506,0.7743,0.7864,0.79255,0.7977,0.8083
35.5,0.207152,0.00839,0.000267,0.19122,0.2019,0.2068,0.2129,0.22393,0.019752,0.00279,8.9e-5,0.0148,0.0178,0.0196,0.0216,0.02563,0.773096,0.00927,0.000295,0.7552,0.7671,0.7732,0.7792,0.79046,0.019752,0.00279,8.9e-5,0.0148,0.0178,0.0196,0.0216,0.02563,0.792848,0.00839,0.000267,0.77607,0.7871,0.7932,0.7981,0.80878,0.215072,0.07929,0.002507,0.19129,0.2019,0.2069,0.2131,0.2251,0.019555,0.0034,0.000107,0.0144,0.0178,0.0195,0.0216,0.0256,0.765373,0.07744,0.002449,0.7532,0.7669,0.773,0.77912,0.7904,0.019555,0.0034,0.000107,0.0144,0.0178,0.0195,0.0216,0.0256,0.784928,0.07929,0.002507,0.7749,0.7869,0.7931,0.7981,0.80871
36.0,0.206694,0.00835,0.000265,0.19074,0.2013,0.20645,0.2125,0.2235,0.017857,0.0026,8.2e-5,0.0132,0.016,0.0177,0.0196,0.0232,0.775449,0.00912,0.00029,0.7579,0.7696,0.7754,0.78148,0.79253,0.017857,0.0026,8.2e-5,0.0132,0.016,0.0177,0.0196,0.0232,0.793306,0.00835,0.000265,0.7765,0.7875,0.79355,0.7987,0.80926,0.214619,0.07933,0.002509,0.1908,0.2014,0.2065,0.21272,0.2247,0.017678,0.00314,9.9e-5,0.0127,0.016,0.0176,0.0195,0.0232,0.767703,0.07765,0.002456,0.7561,0.7693,0.77535,0.78132,0.7925,0.017678,0.00314,9.9e-5,0.0127,0.016,0.0176,0.0195,0.0232,0.785381,0.07933,0.002509,0.7753,0.78728,0.7935,0.7986,0.8092
36.5,0.206298,0.00832,0.000264,0.19052,0.201,0.206,0.2122,0.2229,0.01613,0.0024,7.6e-5,0.01187,0.0144,0.0159,0.0177,0.0213,0.777572,0.00901,0.000286,0.76004,0.7718,0.77745,0.7835,0.79453,0.01613,0.0024,7.6e-5,0.01187,0.0144,0.0159,0.0177,0.0213,0.793702,0.00832,0.000264,0.7771,0.7878,0.794,0.799,0.80948,0.214227,0.07937,0.00251,0.19059,0.2011,0.2061,0.21232,0.2241,0.015969,0.00288,9.1e-5,0.0114,0.0144,0.0159,0.0177,0.0213,0.769804,0.07785,0.002462,0.7587,0.7715,0.7773,0.7834,0.7945,0.015969,0.00288,9.1e-5,0.0114,0.0144,0.0159,0.0177,0.0213,0.785772,0.07937,0.00251,0.7759,0.78767,0.7939,0.7989,0.80941
37.0,0.205939,0.00829,0.000263,0.1902,0.20072,0.2057,0.2118,0.22243,0.014597,0.00226,7.2e-5,0.0106,0.013,0.0144,0.0161,0.0192,0.779464,0.00889,0.000283,0.76182,0.77362,0.7794,0.78538,0.79626,0.014597,0.00226,7.2e-5,0.0106,0.013,0.0144,0.0161,0.0192,0.794061,0.00829,0.000263,0.77757,0.7882,0.7943,0.79928,0.8098,0.213872,0.0794,0.002511,0.1902,0.2008,0.2057,0.212,0.2238,0.014451,0.00268,8.5e-5,0.0102,0.013,0.0143,0.0161,0.0192,0.771677,0.07802,0.002467,0.7607,0.7734,0.7793,0.7853,0.7962,0.014451,0.00268,8.5e-5,0.0102,0.013,0.0143,0.0161,0.0192,0.786128,0.0794,0.002511,0.7762,0.788,0.7943,0.7992,0.8098
37.5,0.20562,0.00826,0.000262,0.19,0.2005,0.2054,0.21128,0.222,0.013174,0.0021,6.7e-5,0.00947,0.0117,0.013,0.0146,0.01763,0.781206,0.00881,0.00028,0.76397,0.7756,0.7812,0.78708,0.79793,0.013174,0.0021,6.7e-5,0.00947,0.0117,0.013,0.0146,0.01763,0.79438,0.00826,0.000262,0.778,0.78872,0.7946,0.7995,0.81,0.213556,0.07943,0.002512,0.19,0.2005,0.2055,0.2116,0.2236,0.013043,0.00247,7.8e-5,0.0091,0.0117,0.013,0.0146,0.0176,0.773402,0.07818,0.002472,0.7623,0.7752,0.78115,0.78692,0.7979,0.013043,0.00247,7.8e-5,0.0091,0.0117,0.013,0.0146,0.0176,0.786444,0.07943,0.002512,0.7764,0.7884,0.7945,0.7995,0.81
38.0,0.205345,0.00824,0.000262,0.18977,0.2001,0.20505,0.211,0.22163,0.011876,0.00194,6.2e-5,0.0084,0.0105,0.0117,0.0132,0.0158,0.782779,0.00873,0.000277,0.76587,0.7771,0.7829,0.7885,0.79933,0.011876,0.00194,6.2e-5,0.0084,0.0105,0.0117,0.0132,0.0158,0.794655,0.00824,0.000262,0.77837,0.789,0.79495,0.7999,0.81023,0.213283,0.07945,0.002513,0.1898,0.20027,0.2051,0.21132,0.22331,0.011757,0.00226,7.2e-5,0.0081,0.0104,0.0117,0.01313,0.0158,0.774959,0.07833,0.002477,0.7639,0.7768,0.7828,0.78842,0.7993,0.011757,0.00226,7.2e-5,0.0081,0.0104,0.0117,0.01313,0.0158,0.786716,0.07945,0.002513,0.77669,0.78868,0.7949,0.79972,0.8102
38.5,0.2051,0.00822,0.000261,0.1895,0.1999,0.20475,0.2108,0.22136,0.010711,0.00181,5.7e-5,0.00757,0.0094,0.0106,0.01198,0.01433,0.784189,0.00867,0.000275,0.76707,0.77842,0.7845,0.7897,0.80083,0.010711,0.00181,5.7e-5,0.00757,0.0094,0.0106,0.01198,0.01433,0.7949,0.00822,0.000261,0.77864,0.7892,0.79525,0.8001,0.8105,0.213042,0.07948,0.002513,0.1895,0.2,0.20485,0.211,0.2231,0.010604,0.00209,6.6e-5,0.0072,0.0093,0.0106,0.0119,0.0143,0.776355,0.07846,0.002481,0.76559,0.7782,0.7843,0.78962,0.8008,0.010604,0.00209,6.6e-5,0.0072,0.0093,0.0106,0.0119,0.0143,0.786958,0.07948,0.002513,0.7769,0.789,0.79515,0.8,0.8105
39.0,0.204885,0.00821,0.000261,0.18937,0.19972,0.2045,0.21058,0.2211,0.009673,0.00168,5.3e-5,0.0067,0.0084,0.0095,0.0108,0.01313,0.785442,0.00862,0.000274,0.76834,0.7796,0.7857,0.79098,0.8019,0.009673,0.00168,5.3e-5,0.0067,0.0084,0.0095,0.0108,0.01313,0.795115,0.00821,0.000261,0.7789,0.78942,0.7955,0.80028,0.81063,0.212828,0.0795,0.002514,0.1894,0.1998,0.2046,0.2108,0.223,0.009576,0.00193,6.1e-5,0.0064,0.0084,0.0095,0.0108,0.0131,0.777595,0.07858,0.002485,0.76719,0.7794,0.7856,0.7908,0.8019,0.009576,0.00193,6.1e-5,0.0064,0.0084,0.0095,0.0108,0.0131,0.787172,0.0795,0.002514,0.777,0.7892,0.7954,0.8002,0.8106
39.5,0.204688,0.00819,0.00026,0.18924,0.1996,0.20425,0.2102,0.22068,0.00871,0.00156,5.0e-5,0.006,0.0076,0.0086,0.0098,0.0118,0.786602,0.00856,0.000272,0.76957,0.78072,0.7869,0.7921,0.8029,0.00871,0.00156,5.0e-5,0.006,0.0076,0.0086,0.0098,0.0118,0.795312,0.00819,0.00026,0.77932,0.7898,0.79575,0.8004,0.81075,0.212633,0.07951,0.002514,0.1893,0.1996,0.20435,0.2106,0.22251,0.008623,0.00178,5.6e-5,0.0056,0.00758,0.0086,0.0098,0.0118,0.778744,0.07869,0.002488,0.7686,0.78058,0.7868,0.792,0.8029,0.008623,0.00178,5.6e-5,0.0056,0.00758,0.0086,0.0098,0.0118,0.787367,0.07951,0.002514,0.77749,0.7894,0.79565,0.8004,0.8107
40.0,0.204514,0.00818,0.00026,0.18924,0.1993,0.204,0.2101,0.22056,0.007863,0.00146,4.6e-5,0.0052,0.0069,0.0077,0.0088,0.0108,0.787623,0.0085,0.00027,0.77077,0.78172,0.7879,0.7931,0.80373,0.007863,0.00146,4.6e-5,0.0052,0.0069,0.0077,0.0088,0.0108,0.795486,0.00818,0.00026,0.77944,0.7899,0.796,0.8007,0.81075,0.212461,0.07953,0.002515,0.1893,0.1994,0.2042,0.21042,0.22211,0.007785,0.00165,5.2e-5,0.005,0.0068,0.0077,0.0088,0.0108,0.779754,0.07878,0.002491,0.7699,0.7815,0.7878,0.7931,0.8037,0.007785,0.00165,5.2e-5,0.005,0.0068,0.0077,0.0088,0.0108,0.787539,0.07953,0.002515,0.77789,0.78957,0.7958,0.8006,0.8107
40.5,0.204364,0.00817,0.00026,0.18924,0.19922,0.2039,0.2099,0.22043,0.007076,0.00137,4.3e-5,0.0047,0.0061,0.0069,0.008,0.0099,0.78856,0.00845,0.000269,0.77197,0.78272,0.7889,0.7939,0.8047,0.007076,0.00137,4.3e-5,0.0047,0.0061,0.0069,0.008,0.0099,0.795636,0.00817,0.00026,0.77957,0.7901,0.7961,0.80078,0.81075,0.212313,0.07954,0.002515,0.1893,0.1993,0.2041,0.2103,0.2221,0.007005,0.00153,4.8e-5,0.0045,0.0061,0.0069,0.008,0.0099,0.780682,0.07887,0.002494,0.7709,0.7825,0.7888,0.7939,0.8047,0.007005,0.00153,4.8e-5,0.0045,0.0061,0.0069,0.008,0.0099,0.787687,0.07954,0.002515,0.7779,0.7897,0.7959,0.8007,0.8107
41.0,0.204228,0.00816,0.000259,0.18917,0.1991,0.20385,0.2098,0.2202,0.006383,0.00128,4.1e-5,0.0042,0.0055,0.0063,0.0072,0.0091,0.789389,0.0084,0.000267,0.7726,0.7834,0.7897,0.7948,0.8054,0.006383,0.00128,4.1e-5,0.0042,0.0055,0.0063,0.0072,0.0091,0.795772,0.00816,0.000259,0.7798,0.7902,0.79615,0.8009,0.81083,0.212178,0.07956,0.002516,0.1892,0.19918,0.2039,0.21012,0.222,0.006319,0.00142,4.5e-5,0.004,0.0054,0.0062,0.0072,0.0091,0.781503,0.07895,0.002497,0.7716,0.7833,0.7896,0.79472,0.8054,0.006319,0.00142,4.5e-5,0.004,0.0054,0.0062,0.0072,0.0091,0.787822,0.07956,0.002516,0.778,0.78988,0.7961,0.80082,0.8108
41.5,0.204112,0.00814,0.000259,0.1891,0.199,0.2037,0.2097,0.22006,0.005742,0.0012,3.8e-5,0.0036,0.0049,0.0057,0.0065,0.0083,0.790146,0.00836,0.000266,0.77357,0.7843,0.7905,0.7955,0.80606,0.005742,0.0012,3.8e-5,0.0036,0.0049,0.0057,0.0065,0.0083,0.795888,0.00814,0.000259,0.77994,0.7903,0.7963,0.801,0.8109,0.212063,0.07957,0.002516,0.1891,0.199,0.2038,0.20992,0.222,0.005685,0.00132,4.2e-5,0.0035,0.0049,0.0056,0.0065,0.0083,0.782252,0.07902,0.002499,0.7725,0.7842,0.79035,0.7954,0.80601,0.005685,0.00132,4.2e-5,0.0035,0.0049,0.0056,0.0065,0.0083,0.787937,0.07957,0.002516,0.778,0.79008,0.7962,0.801,0.8109
42.0,0.204007,0.00813,0.000258,0.18907,0.1989,0.2036,0.2096,0.22006,0.005162,0.00111,3.5e-5,0.0032,0.0044,0.0051,0.0059,0.0075,0.790832,0.00833,0.000265,0.7743,0.78502,0.7912,0.796,0.8067,0.005162,0.00111,3.5e-5,0.0032,0.0044,0.0051,0.0059,0.0075,0.795993,0.00813,0.000258,0.77994,0.7904,0.7964,0.8011,0.81093,0.211959,0.07958,0.002516,0.1891,0.1989,0.2037,0.2099,0.2218,0.00511,0.00122,3.8e-5,0.0031,0.0044,0.0051,0.0059,0.0075,0.782931,0.07909,0.002501,0.773,0.7849,0.79095,0.796,0.8067,0.00511,0.00122,3.8e-5,0.0031,0.0044,0.0051,0.0059,0.0075,0.788041,0.07958,0.002516,0.7782,0.7901,0.7963,0.8011,0.8109
42.5,0.203913,0.00813,0.000258,0.18897,0.19872,0.2035,0.2095,0.21996,0.004636,0.00104,3.3e-5,0.0029,0.0039,0.0046,0.0053,0.0068,0.791451,0.0083,0.000264,0.775,0.78562,0.7918,0.7967,0.8072,0.004636,0.00104,3.3e-5,0.0029,0.0039,0.0046,0.0053,0.0068,0.796087,0.00813,0.000258,0.78005,0.7905,0.7965,0.80128,0.81103,0.211866,0.07958,0.002517,0.189,0.1988,0.2036,0.2098,0.2216,0.00459,0.00113,3.6e-5,0.0026,0.0039,0.0046,0.0053,0.0068,0.783544,0.07914,0.002503,0.7735,0.7854,0.7917,0.7967,0.8072,0.00459,0.00113,3.6e-5,0.0026,0.0039,0.0046,0.0053,0.0068,0.788134,0.07958,0.002517,0.7784,0.7902,0.7964,0.8012,0.811
43.0,0.203824,0.00811,0.000258,0.1888,0.1985,0.2034,0.2093,0.21993,0.004176,0.00098,3.1e-5,0.0025,0.0035,0.0041,0.0048,0.0064,0.792,0.00828,0.000263,0.7755,0.78622,0.7924,0.79718,0.80756,0.004176,0.00098,3.1e-5,0.0025,0.0035,0.0041,0.0048,0.0064,0.796176,0.00811,0.000258,0.78007,0.7907,0.7966,0.8015,0.8112,0.211778,0.07959,0.002517,0.1888,0.19878,0.2036,0.20962,0.2216,0.004135,0.00106,3.4e-5,0.0023,0.00348,0.0041,0.0048,0.0064,0.784087,0.0792,0.002504,0.7743,0.786,0.7923,0.7971,0.8075,0.004135,0.00106,3.4e-5,0.0023,0.00348,0.0041,0.0048,0.0064,0.788222,0.07959,0.002517,0.7784,0.79038,0.7964,0.80122,0.8112
43.5,0.203756,0.00811,0.000258,0.1888,0.1985,0.2034,0.20928,0.21978,0.003755,0.00091,2.9e-5,0.00227,0.0031,0.0037,0.0044,0.0057,0.792489,0.00827,0.000263,0.7762,0.7866,0.79295,0.7976,0.8081,0.003755,0.00091,2.9e-5,0.00227,0.0031,0.0037,0.0044,0.0057,0.796244,0.00811,0.000258,0.78022,0.79072,0.7966,0.8015,0.8112,0.211711,0.0796,0.002517,0.1888,0.1986,0.20355,0.20962,0.2215,0.003717,0.00098,3.1e-5,0.0021,0.0031,0.0037,0.0044,0.0057,0.784572,0.07924,0.002506,0.7747,0.7865,0.7928,0.79752,0.8081,0.003717,0.00098,3.1e-5,0.0021,0.0031,0.0037,0.0044,0.0057,0.788289,0.0796,0.002517,0.7785,0.79038,0.79645,0.8014,0.8112
44.0,0.203692,0.0081,0.000258,0.1886,0.1984,0.2034,0.20918,0.21975,0.003375,0.00086,2.7e-5,0.002,0.0027,0.0033,0.004,0.0051,0.792933,0.00824,0.000262,0.77657,0.787,0.7934,0.798,0.80843,0.003375,0.00086,2.7e-5,0.002,0.0027,0.0033,0.004,0.0051,0.796308,0.0081,0.000258,0.78024,0.79082,0.7966,0.8016,0.8114,0.211647,0.0796,0.002517,0.1886,0.1985,0.2035,0.2095,0.2215,0.003342,0.00092,2.9e-5,0.0017,0.0027,0.0033,0.004,0.0051,0.785012,0.07928,0.002507,0.7754,0.7869,0.7933,0.798,0.8084,0.003342,0.00092,2.9e-5,0.0017,0.0027,0.0033,0.004,0.0051,0.788353,0.0796,0.002517,0.7785,0.7905,0.7965,0.8015,0.8114
44.5,0.203635,0.0081,0.000258,0.1886,0.1984,0.2033,0.2091,0.21968,0.003037,0.0008,2.5e-5,0.0017,0.0025,0.003,0.0035,0.0047,0.793328,0.00822,0.000261,0.77687,0.7877,0.7938,0.7985,0.80873,0.003037,0.0008,2.5e-5,0.0017,0.0025,0.003,0.0035,0.0047,0.796365,0.0081,0.000258,0.78032,0.7909,0.7967,0.8016,0.8114,0.21159,0.07961,0.002517,0.1886,0.19848,0.2035,0.2095,0.2215,0.003007,0.00085,2.7e-5,0.0016,0.0024,0.003,0.0035,0.0047,0.785403,0.07932,0.002508,0.7757,0.7874,0.7937,0.79842,0.8087,0.003007,0.00085,2.7e-5,0.0016,0.0024,0.003,0.0035,0.0047,0.78841,0.07961,0.002517,0.7785,0.7905,0.7965,0.80152,0.8114
45.0,0.203585,0.0081,0.000257,0.1886,0.1983,0.2033,0.209,0.21963,0.002747,0.00074,2.4e-5,0.0015,0.0022,0.0027,0.0032,0.0044,0.793667,0.00821,0.000261,0.77727,0.788,0.7941,0.79885,0.80891,0.002747,0.00074,2.4e-5,0.0015,0.0022,0.0027,0.0032,0.0044,0.796415,0.0081,0.000257,0.78037,0.791,0.7967,0.8017,0.8114,0.211542,0.07961,0.002518,0.1886,0.1984,0.20335,0.2094,0.2213,0.00272,0.00079,2.5e-5,0.0014,0.0022,0.0027,0.0032,0.0044,0.785738,0.07935,0.002509,0.776,0.7877,0.794,0.7987,0.80881,0.00272,0.00079,2.5e-5,0.0014,0.0022,0.0027,0.0032,0.0044,0.788458,0.07961,0.002518,0.7787,0.7906,0.79665,0.8016,0.8114
45.5,0.203538,0.0081,0.000257,0.1885,0.19822,0.20315,0.209,0.2196,0.002464,0.0007,2.2e-5,0.0013,0.002,0.0024,0.0029,0.004,0.793998,0.00819,0.00026,0.7777,0.78832,0.79445,0.7991,0.80911,0.002464,0.0007,2.2e-5,0.0013,0.002,0.0024,0.0029,0.004,0.796462,0.0081,0.000257,0.7804,0.791,0.79685,0.80177,0.8115,0.211495,0.07962,0.002518,0.1885,0.1983,0.20335,0.2094,0.2213,0.002439,0.00074,2.3e-5,0.0012,0.002,0.0024,0.0029,0.004,0.786066,0.07938,0.00251,0.7766,0.788,0.7943,0.7991,0.80901,0.002439,0.00074,2.3e-5,0.0012,0.002,0.0024,0.0029,0.004,0.788505,0.07962,0.002518,0.7787,0.7906,0.79665,0.8017,0.8115
46.0,0.203498,0.00809,0.000257,0.1884,0.1982,0.2031,0.20898,0.21946,0.002211,0.00066,2.1e-5,0.0011,0.0017,0.0021,0.0026,0.0036,0.794292,0.00817,0.00026,0.77795,0.78852,0.7948,0.7995,0.80943,0.002211,0.00066,2.1e-5,0.0011,0.0017,0.0021,0.0026,0.0036,0.796502,0.00809,0.000257,0.78054,0.79103,0.7969,0.8018,0.8116,0.211455,0.07962,0.002518,0.1884,0.1983,0.20325,0.20932,0.2213,0.002188,0.0007,2.2e-5,0.001,0.0017,0.0021,0.0026,0.0036,0.786357,0.07941,0.002511,0.7768,0.7884,0.7947,0.79942,0.8094,0.002188,0.0007,2.2e-5,0.001,0.0017,0.0021,0.0026,0.0036,0.788545,0.07962,0.002518,0.7787,0.79067,0.79675,0.8017,0.8116
46.5,0.203464,0.00809,0.000257,0.1884,0.1982,0.20305,0.2089,0.2194,0.001987,0.00062,2.0e-5,0.0009,0.0015,0.0019,0.0024,0.0034,0.79455,0.00817,0.00026,0.7782,0.7888,0.795,0.7997,0.80963,0.001987,0.00062,2.0e-5,0.0009,0.0015,0.0019,0.0024,0.0034,0.796536,0.00809,0.000257,0.7806,0.7911,0.79695,0.8018,0.8116,0.211421,0.07963,0.002518,0.1884,0.19827,0.2032,0.2093,0.2212,0.001967,0.00065,2.1e-5,0.0009,0.0015,0.0019,0.0024,0.0034,0.786612,0.07944,0.002512,0.7769,0.7887,0.7949,0.7996,0.8096,0.001967,0.00065,2.1e-5,0.0009,0.0015,0.0019,0.0024,0.0034,0.788579,0.07963,0.002518,0.7788,0.7907,0.7968,0.80172,0.8116
47.0,0.203432,0.00809,0.000257,0.18837,0.1982,0.203,0.2089,0.2194,0.001778,0.00058,1.9e-5,0.0008,0.0014,0.0017,0.0022,0.003,0.79479,0.00816,0.000259,0.77847,0.7892,0.7952,0.79998,0.80986,0.001778,0.00058,1.9e-5,0.0008,0.0014,0.0017,0.0022,0.003,0.796568,0.00809,0.000257,0.7806,0.7911,0.797,0.8018,0.81163,0.21139,0.07963,0.002518,0.1884,0.19827,0.2031,0.2093,0.2212,0.001761,0.00061,1.9e-5,0.0008,0.0013,0.0017,0.0021,0.003,0.786849,0.07946,0.002513,0.777,0.78908,0.7951,0.7999,0.8098,0.001761,0.00061,1.9e-5,0.0008,0.0013,0.0017,0.0021,0.003,0.78861,0.07963,0.002518,0.7788,0.7907,0.7969,0.80172,0.8116
47.5,0.203402,0.00809,0.000257,0.1883,0.19812,0.203,0.2089,0.2194,0.001595,0.00055,1.7e-5,0.0007,0.0012,0.0016,0.0019,0.0027,0.795003,0.00815,0.000259,0.77877,0.7894,0.7954,0.8002,0.81,0.001595,0.00055,1.7e-5,0.0007,0.0012,0.0016,0.0019,0.0027,0.796598,0.00809,0.000257,0.7806,0.7911,0.797,0.80188,0.8117,0.211361,0.07963,0.002518,0.1883,0.1982,0.2031,0.2093,0.2212,0.001579,0.00057,1.8e-5,0.0006,0.0012,0.0015,0.0019,0.0027,0.787061,0.07948,0.002513,0.7773,0.7893,0.7953,0.8001,0.81,0.001579,0.00057,1.8e-5,0.0006,0.0012,0.0015,0.0019,0.0027,0.788639,0.07963,0.002518,0.7788,0.7907,0.7969,0.8018,0.8117
48.0,0.20338,0.00808,0.000257,0.1883,0.1981,0.203,0.20888,0.21933,0.001428,0.0005,1.6e-5,0.0006,0.0011,0.0014,0.0017,0.0025,0.795192,0.00814,0.000259,0.77907,0.7896,0.79555,0.80038,0.8103,0.001428,0.0005,1.6e-5,0.0006,0.0011,0.0014,0.0017,0.0025,0.79662,0.00808,0.000257,0.78067,0.79112,0.797,0.8019,0.8117,0.211338,0.07963,0.002518,0.1883,0.1982,0.203,0.2093,0.2212,0.001414,0.00052,1.6e-5,0.0005,0.001,0.0014,0.0017,0.0025,0.787248,0.0795,0.002514,0.7775,0.7894,0.7954,0.8003,0.8103,0.001414,0.00052,1.6e-5,0.0005,0.001,0.0014,0.0017,0.0025,0.788662,0.07963,0.002518,0.7788,0.7907,0.797,0.8018,0.8117
48.5,0.203358,0.00808,0.000257,0.1883,0.19802,0.203,0.20888,0.21933,0.001285,0.00047,1.5e-5,0.0005,0.0009,0.0012,0.0016,0.0024,0.795357,0.00814,0.000259,0.7791,0.7897,0.7957,0.8005,0.81043,0.001285,0.00047,1.5e-5,0.0005,0.0009,0.0012,0.0016,0.0024,0.796642,0.00808,0.000257,0.78067,0.79112,0.797,0.80198,0.8117,0.211317,0.07964,0.002518,0.1883,0.19818,0.203,0.2093,0.2212,0.001272,0.00049,1.5e-5,0.0005,0.0009,0.0012,0.0016,0.0024,0.787411,0.07951,0.002514,0.77769,0.7896,0.7956,0.8005,0.8104,0.001272,0.00049,1.5e-5,0.0005,0.0009,0.0012,0.0016,0.0024,0.788683,0.07964,0.002518,0.7788,0.7907,0.797,0.80182,0.8117
49.0,0.203338,0.00808,0.000257,0.18827,0.198,0.20295,0.20888,0.21933,0.001151,0.00045,1.4e-5,0.0004,0.0008,0.0011,0.0014,0.0022,0.795511,0.00813,0.000259,0.77927,0.7899,0.79585,0.8007,0.8105,0.001151,0.00045,1.4e-5,0.0004,0.0008,0.0011,0.0014,0.0022,0.796662,0.00808,0.000257,0.78067,0.79112,0.79705,0.802,0.81173,0.211297,0.07964,0.002518,0.1883,0.1981,0.203,0.2093,0.2212,0.00114,0.00046,1.4e-5,0.0004,0.0008,0.0011,0.0014,0.0022,0.787564,0.07953,0.002515,0.7777,0.7897,0.7958,0.80062,0.8105,0.00114,0.00046,1.4e-5,0.0004,0.0008,0.0011,0.0014,0.0022,0.788703,0.07964,0.002518,0.7788,0.7907,0.797,0.8019,0.8117
49.5,0.203319,0.00808,0.000257,0.18827,0.198,0.2029,0.20888,0.21933,0.001031,0.00043,1.4e-5,0.00037,0.0007,0.001,0.0013,0.002,0.795651,0.00813,0.000258,0.7794,0.79002,0.796,0.8007,0.8107,0.001031,0.00043,1.4e-5,0.00037,0.0007,0.001,0.0013,0.002,0.796681,0.00808,0.000257,0.78067,0.79112,0.7971,0.802,0.81173,0.211278,0.07964,0.002518,0.1883,0.1981,0.203,0.20922,0.2212,0.00102,0.00044,1.4e-5,0.0003,0.0007,0.001,0.0013,0.002,0.787702,0.07954,0.002515,0.7779,0.7897,0.7959,0.8007,0.8107,0.00102,0.00044,1.4e-5,0.0003,0.0007,0.001,0.0013,0.002,0.788722,0.07964,0.002518,0.7788,0.79078,0.797,0.8019,0.8117
50.0,0.203305,0.00808,0.000257,0.18827,0.198,0.2029,0.2088,0.2193,0.000915,0.0004,1.3e-5,0.0003,0.0006,0.0009,0.0012,0.0018,0.795779,0.00813,0.000258,0.77957,0.7901,0.7961,0.8009,0.81083,0.000915,0.0004,1.3e-5,0.0003,0.0006,0.0009,0.0012,0.0018,0.796695,0.00808,0.000257,0.7807,0.7912,0.7971,0.802,0.81173,0.211265,0.07964,0.002518,0.1883,0.1981,0.203,0.2092,0.2212,0.000906,0.00041,1.3e-5,0.0003,0.0006,0.0009,0.0011,0.0018,0.787829,0.07955,0.002516,0.778,0.7899,0.7961,0.8009,0.8108,0.000906,0.00041,1.3e-5,0.0003,0.0006,0.0009,0.0011,0.0018,0.788735,0.07964,0.002518,0.7788,0.7908,0.797,0.8019,0.8117
50.5,0.203292,0.00808,0.000257,0.18827,0.198,0.2029,0.2088,0.2193,0.000819,0.00038,1.2e-5,0.0002,0.0005,0.0008,0.0011,0.0017,0.795888,0.00811,0.000258,0.77984,0.79032,0.7963,0.80108,0.81093,0.000819,0.00038,1.2e-5,0.0002,0.0005,0.0008,0.0011,0.0017,0.796708,0.00808,0.000257,0.7807,0.7912,0.7971,0.802,0.81173,0.211252,0.07964,0.002518,0.1883,0.19808,0.203,0.2092,0.2212,0.000811,0.00038,1.2e-5,0.0002,0.0005,0.0008,0.0011,0.0017,0.787937,0.07956,0.002516,0.7781,0.78998,0.7962,0.801,0.8109,0.000811,0.00038,1.2e-5,0.0002,0.0005,0.0008,0.0011,0.0017,0.788748,0.07964,0.002518,0.7788,0.7908,0.797,0.80192,0.8117
51.0,0.20328,0.00808,0.000257,0.18824,0.198,0.2029,0.2088,0.2193,0.000735,0.00035,1.1e-5,0.0002,0.0005,0.0007,0.001,0.00153,0.795985,0.00811,0.000258,0.7799,0.7905,0.7964,0.80128,0.811,0.000735,0.00035,1.1e-5,0.0002,0.0005,0.0007,0.001,0.00153,0.79672,0.00808,0.000257,0.7807,0.7912,0.7971,0.802,0.81176,0.211239,0.07964,0.002519,0.1883,0.19808,0.203,0.2092,0.2211,0.000728,0.00036,1.1e-5,0.0002,0.0005,0.0007,0.001,0.0015,0.788033,0.07957,0.002516,0.7782,0.79,0.7963,0.8012,0.811,0.000728,0.00036,1.1e-5,0.0002,0.0005,0.0007,0.001,0.0015,0.788761,0.07964,0.002519,0.7789,0.7908,0.797,0.80192,0.8117
51.5,0.203268,0.00808,0.000257,0.18824,0.198,0.2029,0.20878,0.2193,0.000655,0.00033,1.0e-5,0.0002,0.0004,0.0006,0.0009,0.0014,0.796077,0.00811,0.000258,0.77997,0.79052,0.79645,0.80138,0.811,0.000655,0.00033,1.0e-5,0.0002,0.0004,0.0006,0.0009,0.0014,0.796732,0.00808,0.000257,0.7807,0.79122,0.7971,0.802,0.81176,0.211227,0.07964,0.002519,0.1883,0.19808,0.203,0.2092,0.2211,0.000649,0.00033,1.1e-5,0.0001,0.0004,0.0006,0.00082,0.0014,0.788124,0.07958,0.002517,0.77829,0.7901,0.7964,0.8013,0.811,0.000649,0.00033,1.1e-5,0.0001,0.0004,0.0006,0.00082,0.0014,0.788773,0.07964,0.002519,0.7789,0.7908,0.797,0.80192,0.8117
52.0,0.20326,0.00808,0.000257,0.18824,0.198,0.2029,0.20878,0.21923,0.000586,0.00031,1.0e-5,0.0001,0.0004,0.0005,0.0008,0.00123,0.796154,0.0081,0.000257,0.78007,0.7906,0.7965,0.8014,0.8111,0.000586,0.00031,1.0e-5,0.0001,0.0004,0.0005,0.0008,0.00123,0.79674,0.00808,0.000257,0.78077,0.79122,0.7971,0.802,0.81176,0.21122,0.07964,0.002519,0.1883,0.19808,0.203,0.2092,0.2211,0.00058,0.00031,1.0e-5,0.0001,0.0004,0.0005,0.0008,0.0012,0.788201,0.07959,0.002517,0.7783,0.79028,0.7965,0.80132,0.8111,0.00058,0.00031,1.0e-5,0.0001,0.0004,0.0005,0.0008,0.0012,0.78878,0.07964,0.002519,0.7789,0.7908,0.797,0.80192,0.8117
52.5,0.203252,0.00808,0.000257,0.18824,0.198,0.2029,0.20878,0.21923,0.000525,0.00029,9.0e-6,0.0001,0.0003,0.0005,0.0007,0.0012,0.796223,0.00809,0.000257,0.7802,0.79062,0.7966,0.8015,0.81113,0.000525,0.00029,9.0e-6,0.0001,0.0003,0.0005,0.0007,0.0012,0.796748,0.00808,0.000257,0.78077,0.79122,0.7971,0.802,0.81176,0.211212,0.07964,0.002519,0.1883,0.19808,0.203,0.2092,0.2211,0.00052,0.0003,9.0e-6,0.0001,0.0003,0.0005,0.0007,0.0012,0.788268,0.07959,0.002517,0.7784,0.79038,0.7965,0.80142,0.8111,0.00052,0.0003,9.0e-6,0.0001,0.0003,0.0005,0.0007,0.0012,0.788788,0.07964,0.002519,0.7789,0.7908,0.797,0.80192,0.8117
53.0,0.203243,0.00808,0.000257,0.18824,0.198,0.2029,0.20878,0.21923,0.000474,0.00028,9.0e-6,0.0001,0.0003,0.0004,0.0006,0.0011,0.796283,0.0081,0.000257,0.7802,0.79065,0.7967,0.80157,0.8113,0.000474,0.00028,9.0e-6,0.0001,0.0003,0.0004,0.0006,0.0011,0.796757,0.00808,0.000257,0.78077,0.79122,0.7971,0.802,0.81176,0.211203,0.07965,0.002519,0.1883,0.19808,0.203,0.20912,0.2211,0.00047,0.00028,9.0e-6,0.0,0.0003,0.0004,0.0006,0.0011,0.788327,0.0796,0.002517,0.7784,0.79038,0.7966,0.8015,0.8113,0.00047,0.00028,9.0e-6,0.0,0.0003,0.0004,0.0006,0.0011,0.788797,0.07965,0.002519,0.7789,0.79088,0.797,0.80192,0.8117
53.5,0.203237,0.00808,0.000257,0.18824,0.198,0.2029,0.20878,0.21923,0.000428,0.00027,8.0e-6,0.0001,0.0002,0.0004,0.0006,0.0011,0.796335,0.0081,0.000257,0.7803,0.79072,0.7967,0.80168,0.81133,0.000428,0.00027,8.0e-6,0.0001,0.0002,0.0004,0.0006,0.0011,0.796763,0.00808,0.000257,0.78077,0.79122,0.7971,0.802,0.81176,0.211197,0.07965,0.002519,0.1883,0.19808,0.20295,0.20912,0.2211,0.000424,0.00027,8.0e-6,0.0,0.0002,0.0004,0.0006,0.0011,0.78838,0.07961,0.002517,0.7785,0.79048,0.7966,0.8015,0.8113,0.000424,0.00027,8.0e-6,0.0,0.0002,0.0004,0.0006,0.0011,0.788803,0.07965,0.002519,0.7789,0.79088,0.79705,0.80192,0.8117
54.0,0.203232,0.00807,0.000257,0.18824,0.198,0.2029,0.20878,0.21923,0.000383,0.00025,8.0e-6,0.0,0.0002,0.0003,0.0005,0.001,0.796386,0.0081,0.000257,0.78037,0.79072,0.7968,0.80168,0.81133,0.000383,0.00025,8.0e-6,0.0,0.0002,0.0003,0.0005,0.001,0.796768,0.00807,0.000257,0.78077,0.79122,0.7971,0.802,0.81176,0.211192,0.07965,0.002519,0.1883,0.19808,0.20295,0.20912,0.2211,0.000379,0.00025,8.0e-6,0.0,0.0002,0.0003,0.0005,0.001,0.78843,0.07961,0.002518,0.7786,0.7905,0.7967,0.8016,0.8113,0.000379,0.00025,8.0e-6,0.0,0.0002,0.0003,0.0005,0.001,0.788809,0.07965,0.002519,0.7789,0.79088,0.79705,0.80192,0.8117
54.5,0.203228,0.00807,0.000257,0.18824,0.198,0.2029,0.20878,0.21923,0.000341,0.00023,7.0e-6,0.0,0.0002,0.0003,0.0005,0.0009,0.796432,0.00809,0.000257,0.7804,0.79082,0.7968,0.80177,0.81143,0.000341,0.00023,7.0e-6,0.0,0.0002,0.0003,0.0005,0.0009,0.796772,0.00807,0.000257,0.78077,0.79122,0.7971,0.802,0.81176,0.211188,0.07965,0.002519,0.1883,0.19808,0.20295,0.2091,0.2211,0.000337,0.00024,7.0e-6,0.0,0.0002,0.0003,0.0005,0.0009,0.788475,0.07962,0.002518,0.7786,0.79058,0.7967,0.80162,0.8114,0.000337,0.00024,7.0e-6,0.0,0.0002,0.0003,0.0005,0.0009,0.788812,0.07965,0.002519,0.7789,0.7909,0.79705,0.80192,0.8117
55.0,0.203223,0.00807,0.000257,0.18824,0.198,0.2029,0.20878,0.21923,0.000307,0.00022,7.0e-6,0.0,0.0001,0.0003,0.0004,0.0008,0.79647,0.00809,0.000257,0.7804,0.79082,0.7969,0.8018,0.8115,0.000307,0.00022,7.0e-6,0.0,0.0001,0.0003,0.0004,0.0008,0.796777,0.00807,0.000257,0.78077,0.79122,0.7971,0.802,0.81176,0.211183,0.07965,0.002519,0.1883,0.19808,0.20295,0.2091,0.2211,0.000304,0.00022,7.0e-6,0.0,0.0001,0.0003,0.0004,0.0008,0.788513,0.07962,0.002518,0.7786,0.79058,0.79675,0.8017,0.8115,0.000304,0.00022,7.0e-6,0.0,0.0001,0.0003,0.0004,0.0008,0.788817,0.07965,0.002519,0.7789,0.7909,0.79705,0.80192,0.8117
55.5,0.20322,0.00807,0.000257,0.18824,0.198,0.2029,0.20878,0.21923,0.000275,0.00021,7.0e-6,0.0,0.0001,0.0002,0.0004,0.0008,0.796505,0.00809,0.000257,0.78047,0.79082,0.7969,0.8018,0.81153,0.000275,0.00021,7.0e-6,0.0,0.0001,0.0002,0.0004,0.0008,0.79678,0.00807,0.000257,0.78077,0.79122,0.7971,0.802,0.81176,0.21118,0.07965,0.002519,0.1883,0.19808,0.20295,0.2091,0.2211,0.000272,0.00021,7.0e-6,0.0,0.0001,0.0002,0.0004,0.0008,0.788548,0.07962,0.002518,0.7786,0.7906,0.7968,0.8017,0.8115,0.000272,0.00021,7.0e-6,0.0,0.0001,0.0002,0.0004,0.0008,0.78882,0.07965,0.002519,0.7789,0.7909,0.79705,0.80192,0.8117
56.0,0.203217,0.00807,0.000257,0.18824,0.198,0.2029,0.20878,0.21923,0.000245,0.0002,6.0e-6,0.0,0.0001,0.0002,0.0003,0.0007,0.796538,0.00809,0.000257,0.7805,0.79082,0.797,0.8018,0.8116,0.000245,0.0002,6.0e-6,0.0,0.0001,0.0002,0.0003,0.0007,0.796783,0.00807,0.000257,0.78077,0.79122,0.7971,0.802,0.81176,0.211177,0.07965,0.002519,0.1883,0.19808,0.20295,0.2091,0.2211,0.000242,0.0002,6.0e-6,0.0,0.0001,0.0002,0.0003,0.0007,0.788581,0.07963,0.002518,0.77869,0.7906,0.7969,0.80172,0.8116,0.000242,0.0002,6.0e-6,0.0,0.0001,0.0002,0.0003,0.0007,0.788823,0.07965,0.002519,0.7789,0.7909,0.79705,0.80192,0.8117
56.5,0.203215,0.00807,0.000257,0.18824,0.198,0.2029,0.20878,0.21923,0.000221,0.00018,6.0e-6,0.0,0.0001,0.0002,0.0003,0.0007,0.796564,0.00808,0.000257,0.78057,0.79092,0.797,0.80188,0.8116,0.000221,0.00018,6.0e-6,0.0,0.0001,0.0002,0.0003,0.0007,0.796785,0.00807,0.000257,0.78077,0.79122,0.7971,0.802,0.81176,0.211175,0.07965,0.002519,0.1883,0.198,0.20295,0.2091,0.2211,0.000219,0.00018,6.0e-6,0.0,0.0001,0.0002,0.0003,0.0007,0.788606,0.07963,0.002518,0.7788,0.79067,0.7969,0.80172,0.8116,0.000219,0.00018,6.0e-6,0.0,0.0001,0.0002,0.0003,0.0007,0.788825,0.07965,0.002519,0.7789,0.7909,0.79705,0.802,0.8117
57.0,0.203212,0.00807,0.000257,0.18824,0.198,0.2029,0.2087,0.21923,0.000197,0.00018,6.0e-6,0.0,0.0001,0.0002,0.0003,0.0006,0.796591,0.00809,0.000257,0.78057,0.79095,0.797,0.8019,0.8116,0.000197,0.00018,6.0e-6,0.0,0.0001,0.0002,0.0003,0.0006,0.796788,0.00807,0.000257,0.78077,0.7913,0.7971,0.802,0.81176,0.211172,0.07965,0.002519,0.1883,0.198,0.20295,0.2091,0.2211,0.000195,0.00018,6.0e-6,0.0,0.0001,0.0002,0.0003,0.0006,0.788633,0.07963,0.002518,0.7788,0.7907,0.7969,0.8018,0.8116,0.000195,0.00018,6.0e-6,0.0,0.0001,0.0002,0.0003,0.0006,0.788828,0.07965,0.002519,0.7789,0.7909,0.79705,0.802,0.8117
57.5,0.203209,0.00807,0.000257,0.18824,0.198,0.2029,0.2087,0.21923,0.000177,0.00017,5.0e-6,0.0,0.0001,0.0001,0.0003,0.0006,0.796614,0.00808,0.000257,0.78057,0.79103,0.797,0.8019,0.81163,0.000177,0.00017,5.0e-6,0.0,0.0001,0.0001,0.0003,0.0006,0.796791,0.00807,0.000257,0.78077,0.7913,0.7971,0.802,0.81176,0.211169,0.07965,0.002519,0.1883,0.198,0.2029,0.2091,0.2211,0.000175,0.00017,5.0e-6,0.0,0.0001,0.0001,0.00022,0.0006,0.788655,0.07963,0.002518,0.7788,0.7907,0.7969,0.80182,0.8116,0.000175,0.00017,5.0e-6,0.0,0.0001,0.0001,0.00022,0.0006,0.788831,0.07965,0.002519,0.7789,0.7909,0.7971,0.802,0.8117
58.0,0.203207,0.00807,0.000257,0.18824,0.198,0.2029,0.2087,0.21923,0.000158,0.00015,5.0e-6,0.0,0.0,0.0001,0.0002,0.0005,0.796635,0.00808,0.000257,0.78057,0.7911,0.797,0.80198,0.81163,0.000158,0.00015,5.0e-6,0.0,0.0,0.0001,0.0002,0.0005,0.796793,0.00807,0.000257,0.78077,0.7913,0.7971,0.802,0.81176,0.211167,0.07965,0.002519,0.1883,0.198,0.2029,0.2091,0.2211,0.000156,0.00015,5.0e-6,0.0,0.0,0.0001,0.0002,0.0005,0.788677,0.07963,0.002518,0.7788,0.7907,0.79695,0.8019,0.8116,0.000156,0.00015,5.0e-6,0.0,0.0,0.0001,0.0002,0.0005,0.788833,0.07965,0.002519,0.7789,0.7909,0.7971,0.802,0.8117
58.5,0.203205,0.00807,0.000257,0.18824,0.198,0.2029,0.2087,0.2192,0.00014,0.00015,5.0e-6,0.0,0.0,0.0001,0.0002,0.0005,0.796655,0.00808,0.000257,0.7806,0.7911,0.79705,0.80198,0.81163,0.00014,0.00015,5.0e-6,0.0,0.0,0.0001,0.0002,0.0005,0.796795,0.00807,0.000257,0.7808,0.7913,0.7971,0.802,0.81176,0.211166,0.07965,0.002519,0.1883,0.198,0.2029,0.2091,0.2211,0.000138,0.00015,5.0e-6,0.0,0.0,0.0001,0.0002,0.0005,0.788696,0.07964,0.002518,0.7788,0.7907,0.797,0.8019,0.8116,0.000138,0.00015,5.0e-6,0.0,0.0,0.0001,0.0002,0.0005,0.788834,0.07965,0.002519,0.7789,0.7909,0.7971,0.802,0.8117
59.0,0.203204,0.00807,0.000257,0.18824,0.198,0.2029,0.2087,0.2192,0.000126,0.00014,4.0e-6,0.0,0.0,0.0001,0.0002,0.0005,0.796671,0.00808,0.000257,0.7806,0.7911,0.79705,0.80198,0.81173,0.000126,0.00014,4.0e-6,0.0,0.0,0.0001,0.0002,0.0005,0.796796,0.00807,0.000257,0.7808,0.7913,0.7971,0.802,0.81176,0.211164,0.07965,0.002519,0.1883,0.198,0.2029,0.2091,0.2211,0.000124,0.00014,4.0e-6,0.0,0.0,0.0001,0.0002,0.0005,0.788712,0.07964,0.002518,0.7788,0.7908,0.797,0.8019,0.8117,0.000124,0.00014,4.0e-6,0.0,0.0,0.0001,0.0002,0.0005,0.788836,0.07965,0.002519,0.7789,0.7909,0.7971,0.802,0.8117
59.5,0.203202,0.00807,0.000257,0.18824,0.19792,0.2029,0.2087,0.2192,0.000111,0.00013,4.0e-6,0.0,0.0,0.0001,0.0002,0.0004,0.796687,0.00808,0.000257,0.7807,0.7911,0.7971,0.80198,0.81173,0.000111,0.00013,4.0e-6,0.0,0.0,0.0001,0.0002,0.0004,0.796798,0.00807,0.000257,0.7808,0.7913,0.7971,0.80208,0.81176,0.211162,0.07965,0.002519,0.1883,0.198,0.2029,0.2091,0.2211,0.00011,0.00013,4.0e-6,0.0,0.0,0.0001,0.0002,0.0004,0.788728,0.07964,0.002518,0.7788,0.7908,0.797,0.8019,0.8117,0.00011,0.00013,4.0e-6,0.0,0.0,0.0001,0.0002,0.0004,0.788838,0.07965,0.002519,0.7789,0.7909,0.7971,0.802,0.8117
60.0,0.203201,0.00807,0.000257,0.18824,0.19792,0.2029,0.2087,0.2192,9.9e-5,0.00012,4.0e-6,0.0,0.0,0.0001,0.0001,0.0004,0.7967,0.00808,0.000257,0.7807,0.7911,0.7971,0.802,0.81173,9.9e-5,0.00012,4.0e-6,0.0,0.0,0.0001,0.0001,0.0004,0.796799,0.00807,0.000257,0.7808,0.7913,0.7971,0.80208,0.81176,0.211161,0.07965,0.002519,0.1883,0.198,0.2029,0.2091,0.2211,9.8e-5,0.00012,4.0e-6,0.0,0.0,0.0001,0.0001,0.0004,0.788741,0.07964,0.002518,0.7788,0.7908,0.797,0.8019,0.8117,9.8e-5,0.00012,4.0e-6,0.0,0.0,0.0001,0.0001,0.0004,0.788839,0.07965,0.002519,0.7789,0.7909,0.7971,0.802,0.8117
60.5,0.2032,0.00807,0.000257,0.18824,0.19792,0.2029,0.2087,0.2192,8.7e-5,0.00011,4.0e-6,0.0,0.0,0.0001,0.0001,0.0004,0.796713,0.00808,0.000257,0.7807,0.79112,0.7971,0.802,0.81173,8.7e-5,0.00011,4.0e-6,0.0,0.0,0.0001,0.0001,0.0004,0.7968,0.00807,0.000257,0.7808,0.7913,0.7971,0.80208,0.81176,0.21116,0.07965,0.002519,0.1883,0.198,0.2029,0.2091,0.2211,8.6e-5,0.00011,4.0e-6,0.0,0.0,0.0001,0.0001,0.0004,0.788753,0.07964,0.002518,0.7788,0.7908,0.797,0.8019,0.8117,8.6e-5,0.00011,4.0e-6,0.0,0.0,0.0001,0.0001,0.0004,0.78884,0.07965,0.002519,0.7789,0.7909,0.7971,0.802,0.8117
61.0,0.2032,0.00807,0.000257,0.18824,0.19792,0.2029,0.2087,0.2192,7.8e-5,0.0001,3.0e-6,0.0,0.0,0.0,0.0001,0.0003,0.796723,0.00808,0.000257,0.7807,0.79112,0.7971,0.802,0.81173,7.8e-5,0.0001,3.0e-6,0.0,0.0,0.0,0.0001,0.0003,0.7968,0.00807,0.000257,0.7808,0.7913,0.7971,0.80208,0.81176,0.21116,0.07965,0.002519,0.1883,0.198,0.2029,0.2091,0.2211,7.7e-5,0.0001,3.0e-6,0.0,0.0,0.0,0.0001,0.0003,0.788763,0.07964,0.002519,0.7788,0.7908,0.797,0.80192,0.8117,7.7e-5,0.0001,3.0e-6,0.0,0.0,0.0,0.0001,0.0003,0.78884,0.07965,0.002519,0.7789,0.7909,0.7971,0.802,0.8117
61.5,0.203198,0.00807,0.000257,0.18824,0.19792,0.2029,0.2087,0.2192,6.9e-5,0.0001,3.0e-6,0.0,0.0,0.0,0.0001,0.0003,0.796733,0.00808,0.000257,0.7807,0.79112,0.7971,0.802,0.81173,6.9e-5,0.0001,3.0e-6,0.0,0.0,0.0,0.0001,0.0003,0.796802,0.00807,0.000257,0.7808,0.7913,0.7971,0.80208,0.81176,0.211159,0.07965,0.002519,0.1883,0.198,0.2029,0.2091,0.2211,6.8e-5,0.0001,3.0e-6,0.0,0.0,0.0,0.0001,0.0003,0.788773,0.07964,0.002519,0.7788,0.7908,0.797,0.80192,0.8117,6.8e-5,0.0001,3.0e-6,0.0,0.0,0.0,0.0001,0.0003,0.788841,0.07965,0.002519,0.7789,0.7909,0.7971,0.802,0.8117
62.0,0.203198,0.00807,0.000257,0.18824,0.19792,0.2029,0.2087,0.2192,6.2e-5,9.0e-5,3.0e-6,0.0,0.0,0.0,0.0001,0.0003,0.79674,0.00808,0.000257,0.7807,0.7912,0.7971,0.802,0.81173,6.2e-5,9.0e-5,3.0e-6,0.0,0.0,0.0,0.0001,0.0003,0.796802,0.00807,0.000257,0.7808,0.7913,0.7971,0.80208,0.81176,0.211158,0.07965,0.002519,0.1883,0.198,0.2029,0.2091,0.2211,6.2e-5,9.0e-5,3.0e-6,0.0,0.0,0.0,0.0001,0.0003,0.78878,0.07964,0.002519,0.7788,0.7908,0.797,0.80192,0.8117,6.2e-5,9.0e-5,3.0e-6,0.0,0.0,0.0,0.0001,0.0003,0.788842,0.07965,0.002519,0.7789,0.7909,0.7971,0.802,0.8117
62.5,0.203197,0.00807,0.000257,0.18824,0.19792,0.2029,0.2087,0.2192,5.4e-5,9.0e-5,3.0e-6,0.0,0.0,0.0,0.0001,0.0003,0.796749,0.00808,0.000257,0.7807,0.7912,0.7971,0.802,0.81173,5.4e-5,9.0e-5,3.0e-6,0.0,0.0,0.0,0.0001,0.0003,0.796803,0.00807,0.000257,0.7808,0.7913,0.7971,0.80208,0.81176,0.211157,0.07965,0.002519,0.1883,0.198,0.2029,0.2091,0.2211,5.3e-5,9.0e-5,3.0e-6,0.0,0.0,0.0,0.0001,0.0003,0.788789,0.07964,0.002519,0.7788,0.7909,0.797,0.802,0.8117,5.3e-5,9.0e-5,3.0e-6,0.0,0.0,0.0,0.0001,0.0003,0.788843,0.07965,0.002519,0.7789,0.7909,0.7971,0.802,0.8117
63.0,0.203197,0.00807,0.000257,0.18824,0.19792,0.2029,0.2087,0.2192,4.9e-5,8.0e-5,3.0e-6,0.0,0.0,0.0,0.0001,0.0003,0.796754,0.00808,0.000257,0.7807,0.7912,0.7971,0.802,0.81173,4.9e-5,8.0e-5,3.0e-6,0.0,0.0,0.0,0.0001,0.0003,0.796803,0.00807,0.000257,0.7808,0.7913,0.7971,0.80208,0.81176,0.211157,0.07965,0.002519,0.1883,0.198,0.2029,0.2091,0.2211,4.8e-5,8.0e-5,3.0e-6,0.0,0.0,0.0,0.0001,0.0003,0.788795,0.07965,0.002519,0.7788,0.7909,0.797,0.802,0.8117,4.8e-5,8.0e-5,3.0e-6,0.0,0.0,0.0,0.0001,0.0003,0.788843,0.07965,0.002519,0.7789,0.7909,0.7971,0.802,0.8117
63.5,0.203196,0.00807,0.000257,0.18824,0.19792,0.2029,0.2087,0.2192,4.5e-5,8.0e-5,2.0e-6,0.0,0.0,0.0,0.0001,0.00023,0.796759,0.00808,0.000257,0.7807,0.7912,0.7971,0.802,0.81176,4.5e-5,8.0e-5,2.0e-6,0.0,0.0,0.0,0.0001,0.00023,0.796804,0.00807,0.000257,0.7808,0.7913,0.7971,0.80208,0.81176,0.211156,0.07965,0.002519,0.1883,0.198,0.2029,0.2091,0.2211,4.4e-5,8.0e-5,2.0e-6,0.0,0.0,0.0,0.0001,0.0002,0.7888,0.07965,0.002519,0.7788,0.7909,0.797,0.802,0.8117,4.4e-5,8.0e-5,2.0e-6,0.0,0.0,0.0,0.0001,0.0002,0.788844,0.07965,0.002519,0.7789,0.7909,0.7971,0.802,0.8117
64.0,0.203196,0.00807,0.000257,0.18824,0.19792,0.2029,0.2087,0.2192,3.9e-5,7.0e-5,2.0e-6,0.0,0.0,0.0,0.0001,0.0002,0.796765,0.00807,0.000257,0.7808,0.7912,0.7971,0.802,0.81176,3.9e-5,7.0e-5,2.0e-6,0.0,0.0,0.0,0.0001,0.0002,0.796804,0.00807,0.000257,0.7808,0.7913,0.7971,0.80208,0.81176,0.211156,0.07965,0.002519,0.1883,0.198,0.2029,0.2091,0.2211,3.9e-5,7.0e-5,2.0e-6,0.0,0.0,0.0,0.0001,0.0002,0.788805,0.07965,0.002519,0.7788,0.7909,0.797,0.802,0.8117,3.9e-5,7.0e-5,2.0e-6,0.0,0.0,0.0,0.0001,0.0002,0.788844,0.07965,0.002519,0.7789,0.7909,0.7971,0.802,0.8117
64.5,0.203195,0.00807,0.000257,0.18824,0.19792,0.2029,0.2087,0.2192,3.5e-5,7.0e-5,2.0e-6,0.0,0.0,0.0,0.0001,0.0002,0.79677,0.00808,0.000257,0.7808,0.7912,0.7971,0.80208,0.81176,3.5e-5,7.0e-5,2.0e-6,0.0,0.0,0.0,0.0001,0.0002,0.796805,0.00807,0.000257,0.7808,0.7913,0.7971,0.80208,0.81176,0.211156,0.07965,0.002519,0.1883,0.198,0.2029,0.2091,0.2211,3.5e-5,7.0e-5,2.0e-6,0.0,0.0,0.0,0.0001,0.0002,0.78881,0.07965,0.002519,0.7788,0.7909,0.797,0.802,0.8117,3.5e-5,7.0e-5,2.0e-6,0.0,0.0,0.0,0.0001,0.0002,0.788844,0.07965,0.002519,0.7789,0.7909,0.7971,0.802,0.8117
65.0,0.203195,0.00808,0.000257,0.18824,0.19792,0.2029,0.2087,0.2192,3.2e-5,7.0e-5,2.0e-6,0.0,0.0,0.0,0.0,0.0002,0.796773,0.00808,0.000257,0.7808,0.7912,0.7971,0.80208,0.81176,3.2e-5,7.0e-5,2.0e-6,0.0,0.0,0.0,0.0,0.0002,0.796805,0.00808,0.000257,0.7808,0.7913,0.7971,0.80208,0.81176,0.211155,0.07965,0.002519,0.1883,0.198,0.2029,0.2091,0.2211,3.2e-5,7.0e-5,2.0e-6,0.0,0.0,0.0,0.0,0.0002,0.788813,0.07965,0.002519,0.7788,0.7909,0.797,0.802,0.8117,3.2e-5,7.0e-5,2.0e-6,0.0,0.0,0.0,0.0,0.0002,0.788845,0.07965,0.002519,0.7789,0.7909,0.7971,0.802,0.8117
65.5,0.203195,0.00808,0.000257,0.18824,0.19792,0.2029,0.2087,0.2192,2.7e-5,6.0e-5,2.0e-6,0.0,0.0,0.0,0.0,0.0002,0.796778,0.00808,0.000257,0.7808,0.79122,0.7971,0.80208,0.81176,2.7e-5,6.0e-5,2.0e-6,0.0,0.0,0.0,0.0,0.0002,0.796805,0.00808,0.000257,0.7808,0.7913,0.7971,0.80208,0.81176,0.211155,0.07965,0.002519,0.1883,0.198,0.2029,0.2091,0.2211,2.7e-5,6.0e-5,2.0e-6,0.0,0.0,0.0,0.0,0.0002,0.788818,0.07965,0.002519,0.7788,0.7909,0.797,0.802,0.8117,2.7e-5,6.0e-5,2.0e-6,0.0,0.0,0.0,0.0,0.0002,0.788845,0.07965,0.002519,0.7789,0.7909,0.7971,0.802,0.8117
66.0,0.203194,0.00808,0.000257,0.18824,0.19792,0.2029,0.2087,0.2192,2.4e-5,6.0e-5,2.0e-6,0.0,0.0,0.0,0.0,0.0002,0.796782,0.00808,0.000257,0.7808,0.79122,0.7971,0.80208,0.81176,2.4e-5,6.0e-5,2.0e-6,0.0,0.0,0.0,0.0,0.0002,0.796806,0.00808,0.000257,0.7808,0.7913,0.7971,0.80208,0.81176,0.211155,0.07965,0.002519,0.1883,0.198,0.2029,0.2091,0.2211,2.3e-5,6.0e-5,2.0e-6,0.0,0.0,0.0,0.0,0.0002,0.788822,0.07965,0.002519,0.7788,0.7909,0.797,0.802,0.8117,2.3e-5,6.0e-5,2.0e-6,0.0,0.0,0.0,0.0,0.0002,0.788845,0.07965,0.002519,0.7789,0.7909,0.7971,0.802,0.8117
66.5,0.203194,0.00808,0.000257,0.18824,0.19792,0.2029,0.2087,0.2192,2.1e-5,5.0e-5,2.0e-6,0.0,0.0,0.0,0.0,0.0002,0.796785,0.00808,0.000257,0.7808,0.79122,0.7971,0.80208,0.81176,2.1e-5,5.0e-5,2.0e-6,0.0,0.0,0.0,0.0,0.0002,0.796806,0.00808,0.000257,0.7808,0.7913,0.7971,0.80208,0.81176,0.211154,0.07965,0.002519,0.1883,0.198,0.2029,0.2091,0.2211,2.1e-5,5.0e-5,2.0e-6,0.0,0.0,0.0,0.0,0.0002,0.788825,0.07965,0.002519,0.7788,0.7909,0.79705,0.802,0.8117,2.1e-5,5.0e-5,2.0e-6,0.0,0.0,0.0,0.0,0.0002,0.788846,0.07965,0.002519,0.7789,0.7909,0.7971,0.802,0.8117
67.0,0.203194,0.00808,0.000257,0.18824,0.19792,0.2029,0.2087,0.2192,1.8e-5,5.0e-5,2.0e-6,0.0,0.0,0.0,0.0,0.0001,0.796788,0.00808,0.000257,0.7808,0.7913,0.7971,0.80208,0.81176,1.8e-5,5.0e-5,2.0e-6,0.0,0.0,0.0,0.0,0.0001,0.796806,0.00808,0.000257,0.7808,0.7913,0.7971,0.80208,0.81176,0.211154,0.07965,0.002519,0.1883,0.198,0.2029,0.2091,0.2211,1.8e-5,5.0e-5,2.0e-6,0.0,0.0,0.0,0.0,0.0001,0.788828,0.07965,0.002519,0.7788,0.7909,0.7971,0.802,0.8117,1.8e-5,5.0e-5,2.0e-6,0.0,0.0,0.0,0.0,0.0001,0.788846,0.07965,0.002519,0.7789,0.7909,0.7971,0.802,0.8117
67.5,0.203194,0.00808,0.000257,0.18824,0.19792,0.2029,0.2087,0.2192,1.7e-5,5.0e-5,1.0e-6,0.0,0.0,0.0,0.0,0.0001,0.79679,0.00808,0.000257,0.7808,0.7913,0.7971,0.80208,0.81176,1.7e-5,5.0e-5,1.0e-6,0.0,0.0,0.0,0.0,0.0001,0.796806,0.00808,0.000257,0.7808,0.7913,0.7971,0.80208,0.81176,0.211154,0.07965,0.002519,0.1883,0.198,0.2029,0.2091,0.2211,1.6e-5,5.0e-5,1.0e-6,0.0,0.0,0.0,0.0,0.0001,0.78883,0.07965,0.002519,0.7788,0.7909,0.7971,0.802,0.8117,1.6e-5,5.0e-5,1.0e-6,0.0,0.0,0.0,0.0,0.0001,0.788846,0.07965,0.002519,0.7789,0.7909,0.7971,0.802,0.8117
68.0,0.203194,0.00808,0.000257,0.18824,0.19792,0.2029,0.2087,0.2192,1.5e-5,4.0e-5,1.0e-6,0.0,0.0,0.0,0.0,0.0001,0.796791,0.00808,0.000257,0.7808,0.7913,0.7971,0.80208,0.81176,1.5e-5,4.0e-5,1.0e-6,0.0,0.0,0.0,0.0,0.0001,0.796806,0.00808,0.000257,0.7808,0.7913,0.7971,0.80208,0.81176,0.211154,0.07965,0.002519,0.1883,0.198,0.2029,0.2091,0.2211,1.5e-5,4.0e-5,1.0e-6,0.0,0.0,0.0,0.0,0.0001,0.788831,0.07965,0.002519,0.7788,0.7909,0.7971,0.802,0.8117,1.5e-5,4.0e-5,1.0e-6,0.0,0.0,0.0,0.0,0.0001,0.788846,0.07965,0.002519,0.7789,0.7909,0.7971,0.802,0.8117
68.5,0.203194,0.00807,0.000257,0.18824,0.19792,0.2029,0.2087,0.2192,1.3e-5,4.0e-5,1.0e-6,0.0,0.0,0.0,0.0,0.0001,0.796793,0.00808,0.000257,0.7808,0.7913,0.7971,0.80208,0.81176,1.3e-5,4.0e-5,1.0e-6,0.0,0.0,0.0,0.0,0.0001,0.796806,0.00807,0.000257,0.7808,0.7913,0.7971,0.80208,0.81176,0.211154,0.07965,0.002519,0.1883,0.198,0.2029,0.2091,0.2211,1.3e-5,4.0e-5,1.0e-6,0.0,0.0,0.0,0.0,0.0001,0.788833,0.07965,0.002519,0.7788,0.7909,0.7971,0.802,0.8117,1.3e-5,4.0e-5,1.0e-6,0.0,0.0,0.0,0.0,0.0001,0.788846,0.07965,0.002519,0.7789,0.7909,0.7971,0.802,0.8117
69.0,0.203194,0.00807,0.000257,0.18824,0.19792,0.2029,0.2087,0.2192,1.2e-5,4.0e-5,1.0e-6,0.0,0.0,0.0,0.0,0.0001,0.796795,0.00808,0.000257,0.7808,0.7913,0.7971,0.80208,0.81176,1.2e-5,4.0e-5,1.0e-6,0.0,0.0,0.0,0.0,0.0001,0.796806,0.00807,0.000257,0.7808,0.7913,0.7971,0.80208,0.81176,0.211154,0.07965,0.002519,0.1883,0.198,0.2029,0.2091,0.2211,1.2e-5,4.0e-5,1.0e-6,0.0,0.0,0.0,0.0,0.0001,0.788835,0.07965,0.002519,0.7788,0.7909,0.7971,0.802,0.8117,1.2e-5,4.0e-5,1.0e-6,0.0,0.0,0.0,0.0,0.0001,0.788846,0.07965,0.002519,0.7789,0.7909,0.7971,0.802,0.8117
69.5,0.203194,0.00807,0.000257,0.18824,0.19792,0.2029,0.2087,0.2192,1.0e-5,4.0e-5,1.0e-6,0.0,0.0,0.0,0.0,0.0001,0.796796,0.00808,0.000257,0.7808,0.7913,0.7971,0.80208,0.81176,1.0e-5,4.0e-5,1.0e-6,0.0,0.0,0.0,0.0,0.0001,0.796806,0.00807,0.000257,0.7808,0.7913,0.7971,0.80208,0.81176,0.211154,0.07965,0.002519,0.1883,0.198,0.2029,0.2091,0.2211,1.0e-5,4.0e-5,1.0e-6,0.0,0.0,0.0,0.0,0.0001,0.788836,0.07965,0.002519,0.7788,0.7909,0.7971,0.802,0.8117,1.0e-5,4.0e-5,1.0e-6,0.0,0.0,0.0,0.0,0.0001,0.788846,0.07965,0.002519,0.7789,0.7909,0.7971,0.802,0.8117
70.0,0.203193,0.00808,0.000257,0.18824,0.19792,0.2029,0.2087,0.2192,9.0e-6,3.0e-5,1.0e-6,0.0,0.0,0.0,0.0,0.0001,0.796797,0.00808,0.000257,0.7808,0.7913,0.7971,0.80208,0.81176,9.0e-6,3.0e-5,1.0e-6,0.0,0.0,0.0,0.0,0.0001,0.796807,0.00808,0.000257,0.7808,0.7913,0.7971,0.80208,0.81176,0.211154,0.07965,0.002519,0.1883,0.198,0.2029,0.2091,0.2211,9.0e-6,3.0e-5,1.0e-6,0.0,0.0,0.0,0.0,0.0001,0.788837,0.07965,0.002519,0.7788,0.7909,0.7971,0.802,0.8117,9.0e-6,3.0e-5,1.0e-6,0.0,0.0,0.0,0.0,0.0001,0.788846,0.07965,0.002519,0.7789,0.7909,0.7971,0.802,0.8117
70.5,0.203193,0.00808,0.000257,0.18824,0.19792,0.2029,0.2087,0.2192,9.0e-6,3.0e-5,1.0e-6,0.0,0.0,0.0,0.0,0.0001,0.796798,0.00808,0.000257,0.7808,0.7913,0.7971,0.80208,0.81176,9.0e-6,3.0e-5,1.0e-6,0.0,0.0,0.0,0.0,0.0001,0.796807,0.00808,0.000257,0.7808,0.7913,0.7971,0.80208,0.81176,0.211154,0.07965,0.002519,0.1883,0.198,0.2029,0.2091,0.2211,9.0e-6,3.0e-5,1.0e-6,0.0,0.0,0.0,0.0,0.0001,0.788838,0.07965,0.002519,0.7788,0.7909,0.7971,0.802,0.8117,9.0e-6,3.0e-5,1.0e-6,0.0,0.0,0.0,0.0,0.0001,0.788846,0.07965,0.002519,0.7789,0.7909,0.7971,0.802,0.8117
71.0,0.203193,0.00808,0.000257,0.18824,0.19792,0.2029,0.2087,0.2192,8.0e-6,3.0e-5,1.0e-6,0.0,0.0,0.0,0.0,0.0001,0.796799,0.00808,0.000257,0.7808,0.7913,0.7971,0.80208,0.81176,8.0e-6,3.0e-5,1.0e-6,0.0,0.0,0.0,0.0,0.0001,0.796807,0.00808,0.000257,0.7808,0.7913,0.7971,0.80208,0.81176,0.211154,0.07965,0.002519,0.1883,0.198,0.2029,0.2091,0.2211,8.0e-6,3.0e-5,1.0e-6,0.0,0.0,0.0,0.0,0.0001,0.788839,0.07965,0.002519,0.7788,0.7909,0.7971,0.802,0.8117,8.0e-6,3.0e-5,1.0e-6,0.0,0.0,0.0,0.0,0.0001,0.788846,0.07965,0.002519,0.7789,0.7909,0.7971,0.802,0.8117
71.5,0.203193,0.00808,0.000257,0.18824,0.19792,0.2029,0.2087,0.2192,7.0e-6,3.0e-5,1.0e-6,0.0,0.0,0.0,0.0,0.0001,0.7968,0.00808,0.000257,0.7808,0.7913,0.7971,0.80208,0.81176,7.0e-6,3.0e-5,1.0e-6,0.0,0.0,0.0,0.0,0.0001,0.796807,0.00808,0.000257,0.7808,0.7913,0.7971,0.80208,0.81176,0.211154,0.07965,0.002519,0.1883,0.198,0.2029,0.2091,0.2211,7.0e-6,3.0e-5,1.0e-6,0.0,0.0,0.0,0.0,0.0001,0.788839,0.07965,0.002519,0.7789,0.7909,0.7971,0.802,0.8117,7.0e-6,3.0e-5,1.0e-6,0.0,0.0,0.0,0.0,0.0001,0.788846,0.07965,0.002519,0.7789,0.7909,0.7971,0.802,0.8117
72.0,0.203193,0.00808,0.000257,0.18824,0.19792,0.2029,0.2087,0.2192,7.0e-6,3.0e-5,1.0e-6,0.0,0.0,0.0,0.0,0.0001,0.7968,0.00808,0.000257,0.7808,0.7913,0.7971,0.80208,0.81176,7.0e-6,3.0e-5,1.0e-6,0.0,0.0,0.0,0.0,0.0001,0.796807,0.00808,0.000257,0.7808,0.7913,0.7971,0.80208,0.81176,0.211154,0.07965,0.002519,0.1883,0.198,0.2029,0.2091,0.2211,7.0e-6,3.0e-5,1.0e-6,0.0,0.0,0.0,0.0,0.0001,0.78884,0.07965,0.002519,0.7789,0.7909,0.7971,0.802,0.8117,7.0e-6,3.0e-5,1.0e-6,0.0,0.0,0.0,0.0,0.0001,0.788846,0.07965,0.002519,0.7789,0.7909,0.7971,0.802,0.8117
72.5,0.203193,0.00808,0.000257,0.18824,0.19792,0.2029,0.2087,0.2192,5.0e-6,3.0e-5,1.0e-6,0.0,0.0,0.0,0.0,0.0001,0.796802,0.00807,0.000257,0.7808,0.7913,0.7971,0.80208,0.81176,5.0e-6,3.0e-5,1.0e-6,0.0,0.0,0.0,0.0,0.0001,0.796807,0.00808,0.000257,0.7808,0.7913,0.7971,0.80208,0.81176,0.211154,0.07965,0.002519,0.1883,0.198,0.2029,0.2091,0.2211,5.0e-6,3.0e-5,1.0e-6,0.0,0.0,0.0,0.0,0.0001,0.788841,0.07965,0.002519,0.7789,0.7909,0.7971,0.802,0.8117,5.0e-6,3.0e-5,1.0e-6,0.0,0.0,0.0,0.0,0.0001,0.788846,0.07965,0.002519,0.7789,0.7909,0.7971,0.802,0.8117
73.0,0.203193,0.00808,0.000257,0.18824,0.19792,0.2029,0.2087,0.2192,4.0e-6,2.0e-5,1.0e-6,0.0,0.0,0.0,0.0,0.0001,0.796803,0.00808,0.000257,0.7808,0.7913,0.7971,0.80208,0.81176,4.0e-6,2.0e-5,1.0e-6,0.0,0.0,0.0,0.0,0.0001,0.796807,0.00808,0.000257,0.7808,0.7913,0.7971,0.80208,0.81176,0.211154,0.07965,0.002519,0.1883,0.198,0.2029,0.2091,0.2211,4.0e-6,2.0e-5,1.0e-6,0.0,0.0,0.0,0.0,0.0001,0.788842,0.07965,0.002519,0.7789,0.7909,0.7971,0.802,0.8117,4.0e-6,2.0e-5,1.0e-6,0.0,0.0,0.0,0.0,0.0001,0.788846,0.07965,0.002519,0.7789,0.7909,0.7971,0.802,0.8117
73.5,0.203193,0.00808,0.000257,0.18824,0.19792,0.2029,0.2087,0.2192,4.0e-6,2.0e-5,1.0e-6,0.0,0.0,0.0,0.0,0.0001,0.796803,0.00808,0.000257,0.7808,0.7913,0.7971,0.80208,0.81176,4.0e-6,2.0e-5,1.0e-6,0.0,0.0,0.0,0.0,0.0001,0.796807,0.00808,0.000257,0.7808,0.7913,0.7971,0.80208,0.81176,0.211153,0.07965,0.002519,0.1883,0.198,0.2029,0.2091,0.2211,4.0e-6,2.0e-5,1.0e-6,0.0,0.0,0.0,0.0,0.0001,0.788843,0.07965,0.002519,0.7789,0.7909,0.7971,0.802,0.8117,4.0e-6,2.0e-5,1.0e-6,0.0,0.0,0.0,0.0,0.0001,0.788847,0.07965,0.002519,0.7789,0.7909,0.7971,0.802,0.8117
74.0,0.203193,0.00808,0.000257,0.18824,0.19792,0.2029,0.2087,0.2192,3.0e-6,2.0e-5,1.0e-6,0.0,0.0,0.0,0.0,0.0001,0.796804,0.00808,0.000257,0.7808,0.7913,0.7971,0.80208,0.81176,3.0e-6,2.0e-5,1.0e-6,0.0,0.0,0.0,0.0,0.0001,0.796807,0.00808,0.000257,0.7808,0.7913,0.7971,0.80208,0.81176,0.211153,0.07965,0.002519,0.1883,0.198,0.2029,0.2091,0.2211,3.0e-6,2.0e-5,1.0e-6,0.0,0.0,0.0,0.0,0.0001,0.788843,0.07965,0.002519,0.7789,0.7909,0.7971,0.802,0.8117,3.0e-6,2.0e-5,1.0e-6,0.0,0.0,0.0,0.0,0.0001,0.788847,0.07965,0.002519,0.7789,0.7909,0.7971,0.802,0.8117
74.5,0.203193,0.00808,0.000257,0.18824,0.19792,0.2029,0.2087,0.2192,3.0e-6,2.0e-5,1.0e-6,0.0,0.0,0.0,0.0,0.0,0.796804,0.00807,0.000257,0.7808,0.7913,0.7971,0.80208,0.81176,3.0e-6,2.0e-5,1.0e-6,0.0,0.0,0.0,0.0,0.0,0.796807,0.00808,0.000257,0.7808,0.7913,0.7971,0.80208,0.81176,0.211153,0.07965,0.002519,0.1883,0.198,0.2029,0.2091,0.2211,3.0e-6,2.0e-5,1.0e-6,0.0,0.0,0.0,0.0,0.0,0.788844,0.07965,0.002519,0.7789,0.7909,0.7971,0.802,0.8117,3.0e-6,2.0e-5,1.0e-6,0.0,0.0,0.0,0.0,0.0,0.788847,0.07965,0.002519,0.7789,0.7909,0.7971,0.802,0.8117
75.0,0.203193,0.00807,0.000257,0.18824,0.19792,0.2029,0.2087,0.2192,2.0e-6,2.0e-5,1.0e-6,0.0,0.0,0.0,0.0,0.0,0.796805,0.00808,0.000257,0.7808,0.7913,0.7971,0.80208,0.81176,2.0e-6,2.0e-5,1.0e-6,0.0,0.0,0.0,0.0,0.0,0.796807,0.00807,0.000257,0.7808,0.7913,0.7971,0.80208,0.81176,0.211153,0.07965,0.002519,0.1883,0.198,0.2029,0.2091,0.2211,2.0e-6,2.0e-5,1.0e-6,0.0,0.0,0.0,0.0,0.0,0.788845,0.07965,0.002519,0.7789,0.7909,0.7971,0.802,0.8117,2.0e-6,2.0e-5,1.0e-6,0.0,0.0,0.0,0.0,0.0,0.788847,0.07965,0.002519,0.7789,0.7909,0.7971,0.802,0.8117
75.5,0.203193,0.00807,0.000257,0.18824,0.19792,0.2029,0.2087,0.2192,2.0e-6,2.0e-5,1.0e-6,0.0,0.0,0.0,0.0,0.0,0.796805,0.00808,0.000257,0.7808,0.7913,0.7971,0.80208,0.81176,2.0e-6,2.0e-5,1.0e-6,0.0,0.0,0.0,0.0,0.0,0.796807,0.00807,0.000257,0.7808,0.7913,0.7971,0.80208,0.81176,0.211153,0.07965,0.002519,0.1883,0.198,0.2029,0.2091,0.2211,2.0e-6,2.0e-5,1.0e-6,0.0,0.0,0.0,0.0,0.0,0.788845,0.07965,0.002519,0.7789,0.7909,0.7971,0.802,0.8117,2.0e-6,2.0e-5,1.0e-6,0.0,0.0,0.0,0.0,0.0,0.788847,0.07965,0.002519,0.7789,0.7909,0.7971,0.802,0.8117
76.0,0.203193,0.00807,0.000257,0.18824,0.19792,0.2029,0.2087,0.2192,2.0e-6,1.0e-5,0.0,0.0,0.0,0.0,0.0,0.0,0.796805,0.00808,0.000257,0.7808,0.7913,0.7971,0.80208,0.81176,2.0e-6,1.0e-5,0.0,0.0,0.0,0.0,0.0,0.0,0.796807,0.00807,0.000257,0.7808,0.7913,0.7971,0.80208,0.81176,0.211153,0.07965,0.002519,0.1883,0.198,0.2029,0.2091,0.2211,2.0e-6,1.0e-5,0.0,0.0,0.0,0.0,0.0,0.0,0.788845,0.07965,0.002519,0.7789,0.7909,0.7971,0.802,0.8117,2.0e-6,1.0e-5,0.0,0.0,0.0,0.0,0.0,0.0,0.788847,0.07965,0.002519,0.7789,0.7909,0.7971,0.802,0.8117
76.5,0.203193,0.00807,0.000257,0.18824,0.19792,0.2029,0.2087,0.2192,2.0e-6,1.0e-5,0.0,0.0,0.0,0.0,0.0,0.0,0.796805,0.00808,0.000257,0.7808,0.7913,0.7971,0.80208,0.81176,2.0e-6,1.0e-5,0.0,0.0,0.0,0.0,0.0,0.0,0.796807,0.00807,0.000257,0.7808,0.7913,0.7971,0.80208,0.81176,0.211153,0.07965,0.002519,0.1883,0.198,0.2029,0.2091,0.2211,2.0e-6,1.0e-5,0.0,0.0,0.0,0.0,0.0,0.0,0.788845,0.07965,0.002519,0.7789,0.7909,0.7971,0.802,0.8117,2.0e-6,1.0e-5,0.0,0.0,0.0,0.0,0.0,0.0,0.788847,0.07965,0.002519,0.7789,0.7909,0.7971,0.802,0.8117
77.0,0.203193,0.00807,0.000257,0.18824,0.19792,0.2029,0.2087,0.2192,2.0e-6,1.0e-5,0.0,0.0,0.0,0.0,0.0,0.0,0.796806,0.00808,0.000257,0.7808,0.7913,0.7971,0.80208,0.81176,2.0e-6,1.0e-5,0.0,0.0,0.0,0.0,0.0,0.0,0.796807,0.00807,0.000257,0.7808,0.7913,0.7971,0.80208,0.81176,0.211153,0.07965,0.002519,0.1883,0.198,0.2029,0.2091,0.2211,2.0e-6,1.0e-5,0.0,0.0,0.0,0.0,0.0,0.0,0.788845,0.07965,0.002519,0.7789,0.7909,0.7971,0.802,0.8117,2.0e-6,1.0e-5,0.0,0.0,0.0,0.0,0.0,0.0,0.788847,0.07965,0.002519,0.7789,0.7909,0.7971,0.802,0.8117
77.5,0.203193,0.00807,0.000257,0.18824,0.19792,0.2029,0.2087,0.2192,2.0e-6,1.0e-5,0.0,0.0,0.0,0.0,0.0,0.0,0.796806,0.00807,0.000257,0.7808,0.7913,0.7971,0.80208,0.81176,2.0e-6,1.0e-5,0.0,0.0,0.0,0.0,0.0,0.0,0.796807,0.00807,0.000257,0.7808,0.7913,0.7971,0.80208,0.81176,0.211153,0.07965,0.002519,0.1883,0.198,0.2029,0.2091,0.2211,2.0e-6,1.0e-5,0.0,0.0,0.0,0.0,0.0,0.0,0.788845,0.07965,0.002519,0.7789,0.7909,0.7971,0.802,0.8117,2.0e-6,1.0e-5,0.0,0.0,0.0,0.0,0.0,0.0,0.788847,0.07965,0.002519,0.7789,0.7909,0.7971,0.802,0.8117
78.0,0.203193,0.00807,0.000257,0.18824,0.19792,0.2029,0.2087,0.2192,1.0e-6,1.0e-5,0.0,0.0,0.0,0.0,0.0,0.0,0.796806,0.00807,0.000257,0.7808,0.7913,0.7971,0.80208,0.81176,1.0e-6,1.0e-5,0.0,0.0,0.0,0.0,0.0,0.0,0.796807,0.00807,0.000257,0.7808,0.7913,0.7971,0.80208,0.81176,0.211153,0.07965,0.002519,0.1883,0.198,0.2029,0.2091,0.2211,1.0e-6,1.0e-5,0.0,0.0,0.0,0.0,0.0,0.0,0.788846,0.07965,0.002519,0.7789,0.7909,0.7971,0.802,0.8117,1.0e-6,1.0e-5,0.0,0.0,0.0,0.0,0.0,0.0,0.788847,0.07965,0.002519,0.7789,0.7909,0.7971,0.802,0.8117
78.5,0.203193,0.00807,0.000257,0.18824,0.19792,0.2029,0.2087,0.2192,1.0e-6,1.0e-5,0.0,0.0,0.0,0.0,0.0,0.0,0.796806,0.00807,0.000257,0.7808,0.7913,0.7971,0.80208,0.81176,1.0e-6,1.0e-5,0.0,0.0,0.0,0.0,0.0,0.0,0.796807,0.00807,0.000257,0.7808,0.7913,0.7971,0.80208,0.81176,0.211153,0.07965,0.002519,0.1883,0.198,0.2029,0.2091,0.2211,1.0e-6,1.0e-5,0.0,0.0,0.0,0.0,0.0,0.0,0.788846,0.07965,0.002519,0.7789,0.7909,0.7971,0.802,0.8117,1.0e-6,1.0e-5,0.0,0.0,0.0,0.0,0.0,0.0,0.788847,0.07965,0.002519,0.7789,0.7909,0.7971,0.802,0.8117
79.0,0.203193,0.00807,0.000257,0.18824,0.19792,0.2029,0.2087,0.2192,1.0e-6,1.0e-5,0.0,0.0,0.0,0.0,0.0,0.0,0.796806,0.00807,0.000257,0.7808,0.7913,0.7971,0.80208,0.81176,1.0e-6,1.0e-5,0.0,0.0,0.0,0.0,0.0,0.0,0.796807,0.00807,0.000257,0.7808,0.7913,0.7971,0.80208,0.81176,0.211153,0.07965,0.002519,0.1883,0.198,0.2029,0.2091,0.2211,1.0e-6,1.0e-5,0.0,0.0,0.0,0.0,0.0,0.0,0.788846,0.07965,0.002519,0.7789,0.7909,0.7971,0.802,0.8117,1.0e-6,1.0e-5,0.0,0.0,0.0,0.0,0.0,0.0,0.788847,0.07965,0.002519,0.7789,0.7909,0.7971,0.802,0.8117
79.5,0.203193,0.00807,0.000257,0.18824,0.19792,0.2029,0.2087,0.2192,1.0e-6,1.0e-5,0.0,0.0,0.0,0.0,0.0,0.0,0.796806,0.00807,0.000257,0.7808,0.7913,0.7971,0.80208,0.81176,1.0e-6,1.0e-5,0.0,0.0,0.0,0.0,0.0,0.0,0.796807,0.00807,0.000257,0.7808,0.7913,0.7971,0.80208,0.81176,0.211153,0.07965,0.002519,0.1883,0.198,0.2029,0.2091,0.2211,1.0e-6,1.0e-5,0.0,0.0,0.0,0.0,0.0,0.0,0.788846,0.07965,0.002519,0.7789,0.7909,0.7971,0.802,0.8117,1.0e-6,1.0e-5,0.0,0.0,0.0,0.0,0.0,0.0,0.788847,0.07965,0.002519,0.7789,0.7909,0.7971,0.802,0.8117
80.0,0.203193,0.00807,0.000257,0.18824,0.19792,0.2029,0.2087,0.2192,1.0e-6,1.0e-5,0.0,0.0,0.0,0.0,0.0,0.0,0.796806,0.00807,0.000257,0.7808,0.7913,0.7971,0.80208,0.81176,1.0e-6,1.0e-5,0.0,0.0,0.0,0.0,0.0,0.0,0.796807,0.00807,0.000257,0.7808,0.7913,0.7971,0.80208,0.81176,0.211153,0.07965,0.002519,0.1883,0.198,0.2029,0.2091,0.2211,1.0e-6,1.0e-5,0.0,0.0,0.0,0.0,0.0,0.0,0.788846,0.07965,0.002519,0.7789,0.7909,0.7971,0.802,0.8117,1.0e-6,1.0e-5,0.0,0.0,0.0,0.0,0.0,0.0,0.788847,0.07965,0.002519,0.7789,0.7909,0.7971,0.802,0.8117
80.5,0.203193,0.00807,0.000257,0.18824,0.19792,0.2029,0.2087,0.2192,1.0e-6,1.0e-5,0.0,0.0,0.0,0.0,0.0,0.0,0.796806,0.00807,0.000257,0.7808,0.7913,0.7971,0.80208,0.81176,1.0e-6,1.0e-5,0.0,0.0,0.0,0.0,0.0,0.0,0.796807,0.00807,0.000257,0.7808,0.7913,0.7971,0.80208,0.81176,0.211153,0.07965,0.002519,0.1883,0.198,0.2029,0.2091,0.2211,1.0e-6,1.0e-5,0.0,0.0,0.0,0.0,0.0,0.0,0.788846,0.07965,0.002519,0.7789,0.7909,0.7971,0.802,0.8117,1.0e-6,1.0e-5,0.0,0.0,0.0,0.0,0.0,0.0,0.788847,0.07965,0.002519,0.7789,0.7909,0.7971,0.802,0.8117
81.0,0.203193,0.00807,0.000257,0.18824,0.19792,0.2029,0.2087,0.2192,1.0e-6,1.0e-5,0.0,0.0,0.0,0.0,0.0,0.0,0.796807,0.00807,0.000257,0.7808,0.7913,0.7971,0.80208,0.81176,1.0e-6,1.0e-5,0.0,0.0,0.0,0.0,0.0,0.0,0.796807,0.00807,0.000257,0.7808,0.7913,0.7971,0.80208,0.81176,0.211153,0.07965,0.002519,0.1883,0.198,0.2029,0.2091,0.2211,1.0e-6,1.0e-5,0.0,0.0,0.0,0.0,0.0,0.0,0.788846,0.07965,0.002519,0.7789,0.7909,0.7971,0.802,0.8117,1.0e-6,1.0e-5,0.0,0.0,0.0,0.0,0.0,0.0,0.788847,0.07965,0.002519,0.7789,0.7909,0.7971,0.802,0.8117
81.5,0.203193,0.00807,0.000257,0.18824,0.19792,0.2029,0.2087,0.2192,1.0e-6,1.0e-5,0.0,0.0,0.0,0.0,0.0,0.0,0.796807,0.00807,0.000257,0.7808,0.7913,0.7971,0.80208,0.81176,1.0e-6,1.0e-5,0.0,0.0,0.0,0.0,0.0,0.0,0.796807,0.00807,0.000257,0.7808,0.7913,0.7971,0.80208,0.81176,0.211153,0.07965,0.002519,0.1883,0.198,0.2029,0.2091,0.2211,1.0e-6,1.0e-5,0.0,0.0,0.0,0.0,0.0,0.0,0.788846,0.07965,0.002519,0.7789,0.7909,0.7971,0.802,0.8117,1.0e-6,1.0e-5,0.0,0.0,0.0,0.0,0.0,0.0,0.788847,0.07965,0.002519,0.7789,0.7909,0.7971,0.802,0.8117
82.0,0.203193,0.00807,0.000257,0.18824,0.19792,0.2029,0.2087,0.2192,1.0e-6,1.0e-5,0.0,0.0,0.0,0.0,0.0,0.0,0.796807,0.00807,0.000257,0.7808,0.7913,0.7971,0.80208,0.81176,1.0e-6,1.0e-5,0.0,0.0,0.0,0.0,0.0,0.0,0.796807,0.00807,0.000257,0.7808,0.7913,0.7971,0.80208,0.81176,0.211153,0.07965,0.002519,0.1883,0.198,0.2029,0.2091,0.2211,1.0e-6,1.0e-5,0.0,0.0,0.0,0.0,0.0,0.0,0.788846,0.07965,0.002519,0.7789,0.7909,0.7971,0.802,0.8117,1.0e-6,1.0e-5,0.0,0.0,0.0,0.0,0.0,0.0,0.788847,0.07965,0.002519,0.7789,0.7909,0.7971,0.802,0.8117
82.5,0.203193,0.00807,0.000257,0.18824,0.19792,0.2029,0.2087,0.2192,1.0e-6,1.0e-5,0.0,0.0,0.0,0.0,0.0,0.0,0.796807,0.00807,0.000257,0.7808,0.7913,0.7971,0.80208,0.81176,1.0e-6,1.0e-5,0.0,0.0,0.0,0.0,0.0,0.0,0.796807,0.00807,0.000257,0.7808,0.7913,0.7971,0.80208,0.81176,0.211153,0.07965,0.002519,0.1883,0.198,0.2029,0.2091,0.2211,1.0e-6,1.0e-5,0.0,0.0,0.0,0.0,0.0,0.0,0.788846,0.07965,0.002519,0.7789,0.7909,0.7971,0.802,0.8117,1.0e-6,1.0e-5,0.0,0.0,0.0,0.0,0.0,0.0,0.788847,0.07965,0.002519,0.7789,0.7909,0.7971,0.802,0.8117
83.0,0.203193,0.00807,0.000257,0.18824,0.19792,0.2029,0.2087,0.2192,1.0e-6,1.0e-5,0.0,0.0,0.0,0.0,0.0,0.0,0.796807,0.00807,0.000257,0.7808,0.7913,0.7971,0.80208,0.81176,1.0e-6,1.0e-5,0.0,0.0,0.0,0.0,0.0,0.0,0.796807,0.00807,0.000257,0.7808,0.7913,0.7971,0.80208,0.81176,0.211153,0.07965,0.002519,0.1883,0.198,0.2029,0.2091,0.2211,0.0,1.0e-5,0.0,0.0,0.0,0.0,0.0,0.0,0.788846,0.07965,0.002519,0.7789,0.7909,0.7971,0.802,0.8117,0.0,1.0e-5,0.0,0.0,0.0,0.0,0.0,0.0,0.788847,0.07965,0.002519,0.7789,0.7909,0.7971,0.802,0.8117
83.5,0.203193,0.00807,0.000257,0.18824,0.19792,0.2029,0.2087,0.2192,0.0,1.0e-5,0.0,0.0,0.0,0.0,0.0,0.0,0.796807,0.00808,0.000257,0.7808,0.7913,0.7971,0.80208,0.81176,0.0,1.0e-5,0.0,0.0,0.0,0.0,0.0,0.0,0.796807,0.00807,0.000257,0.7808,0.7913,0.7971,0.80208,0.81176,0.211153,0.07965,0.002519,0.1883,0.198,0.2029,0.2091,0.2211,0.0,1.0e-5,0.0,0.0,0.0,0.0,0.0,0.0,0.788847,0.07965,0.002519,0.7789,0.7909,0.7971,0.802,0.8117,0.0,1.0e-5,0.0,0.0,0.0,0.0,0.0,0.0,0.788847,0.07965,0.002519,0.7789,0.7909,0.7971,0.802,0.8117
84.0,0.203193,0.00807,0.000257,0.18824,0.19792,0.2029,0.2087,0.2192,0.0,0.0,0.0,0.0,0.0,0.0,0.0,0.0,0.796807,0.00807,0.000257,0.7808,0.7913,0.7971,0.80208,0.81176,0.0,0.0,0.0,0.0,0.0,0.0,0.0,0.0,0.796807,0.00807,0.000257,0.7808,0.7913,0.7971,0.80208,0.81176,0.211153,0.07965,0.002519,0.1883,0.198,0.2029,0.2091,0.2211,0.0,0.0,0.0,0.0,0.0,0.0,0.0,0.0,0.788847,0.07965,0.002519,0.7789,0.7909,0.7971,0.802,0.8117,0.0,0.0,0.0,0.0,0.0,0.0,0.0,0.0,0.788847,0.07965,0.002519,0.7789,0.7909,0.7971,0.802,0.8117
84.5,0.203193,0.00807,0.000257,0.18824,0.19792,0.2029,0.2087,0.2192,0.0,0.0,0.0,0.0,0.0,0.0,0.0,0.0,0.796807,0.00807,0.000257,0.7808,0.7913,0.7971,0.80208,0.81176,0.0,0.0,0.0,0.0,0.0,0.0,0.0,0.0,0.796807,0.00807,0.000257,0.7808,0.7913,0.7971,0.80208,0.81176,0.211153,0.07965,0.002519,0.1883,0.198,0.2029,0.2091,0.2211,0.0,0.0,0.0,0.0,0.0,0.0,0.0,0.0,0.788847,0.07965,0.002519,0.7789,0.7909,0.7971,0.802,0.8117,0.0,0.0,0.0,0.0,0.0,0.0,0.0,0.0,0.788847,0.07965,0.002519,0.7789,0.7909,0.7971,0.802,0.8117
85.0,0.203193,0.00807,0.000257,0.18824,0.19792,0.2029,0.2087,0.2192,0.0,0.0,0.0,0.0,0.0,0.0,0.0,0.0,0.796807,0.00807,0.000257,0.7808,0.7913,0.7971,0.80208,0.81176,0.0,0.0,0.0,0.0,0.0,0.0,0.0,0.0,0.796807,0.00807,0.000257,0.7808,0.7913,0.7971,0.80208,0.81176,0.211153,0.07965,0.002519,0.1883,0.198,0.2029,0.2091,0.2211,0.0,0.0,0.0,0.0,0.0,0.0,0.0,0.0,0.788847,0.07965,0.002519,0.7789,0.7909,0.7971,0.802,0.8117,0.0,0.0,0.0,0.0,0.0,0.0,0.0,0.0,0.788847,0.07965,0.002519,0.7789,0.7909,0.7971,0.802,0.8117
85.5,0.203193,0.00807,0.000257,0.18824,0.19792,0.2029,0.2087,0.2192,0.0,0.0,0.0,0.0,0.0,0.0,0.0,0.0,0.796807,0.00808,0.000257,0.7808,0.7913,0.7971,0.80208,0.81176,0.0,0.0,0.0,0.0,0.0,0.0,0.0,0.0,0.796807,0.00807,0.000257,0.7808,0.7913,0.7971,0.80208,0.81176,0.211153,0.07965,0.002519,0.1883,0.198,0.2029,0.2091,0.2211,0.0,0.0,0.0,0.0,0.0,0.0,0.0,0.0,0.788847,0.07965,0.002519,0.7789,0.7909,0.7971,0.802,0.8117,0.0,0.0,0.0,0.0,0.0,0.0,0.0,0.0,0.788847,0.07965,0.002519,0.7789,0.7909,0.7971,0.802,0.8117
86.0,0.203193,0.00807,0.000257,0.18824,0.19792,0.2029,0.2087,0.2192,0.0,0.0,0.0,0.0,0.0,0.0,0.0,0.0,0.796807,0.00807,0.000257,0.7808,0.7913,0.7971,0.80208,0.81176,0.0,0.0,0.0,0.0,0.0,0.0,0.0,0.0,0.796807,0.00807,0.000257,0.7808,0.7913,0.7971,0.80208,0.81176,0.211153,0.07965,0.002519,0.1883,0.198,0.2029,0.2091,0.2211,0.0,0.0,0.0,0.0,0.0,0.0,0.0,0.0,0.788847,0.07965,0.002519,0.7789,0.7909,0.7971,0.802,0.8117,0.0,0.0,0.0,0.0,0.0,0.0,0.0,0.0,0.788847,0.07965,0.002519,0.7789,0.7909,0.7971,0.802,0.8117
86.5,0.203193,0.00807,0.000257,0.18824,0.19792,0.2029,0.2087,0.2192,0.0,0.0,0.0,0.0,0.0,0.0,0.0,0.0,0.796807,0.00807,0.000257,0.7808,0.7913,0.7971,0.80208,0.81176,0.0,0.0,0.0,0.0,0.0,0.0,0.0,0.0,0.796807,0.00807,0.000257,0.7808,0.7913,0.7971,0.80208,0.81176,0.211153,0.07965,0.002519,0.1883,0.198,0.2029,0.2091,0.2211,0.0,0.0,0.0,0.0,0.0,0.0,0.0,0.0,0.788847,0.07965,0.002519,0.7789,0.7909,0.7971,0.802,0.8117,0.0,0.0,0.0,0.0,0.0,0.0,0.0,0.0,0.788847,0.07965,0.002519,0.7789,0.7909,0.7971,0.802,0.8117
87.0,0.203193,0.00807,0.000257,0.18824,0.19792,0.2029,0.2087,0.2192,0.0,0.0,0.0,0.0,0.0,0.0,0.0,0.0,0.796807,0.00807,0.000257,0.7808,0.7913,0.7971,0.80208,0.81176,0.0,0.0,0.0,0.0,0.0,0.0,0.0,0.0,0.796807,0.00807,0.000257,0.7808,0.7913,0.7971,0.80208,0.81176,0.211153,0.07965,0.002519,0.1883,0.198,0.2029,0.2091,0.2211,0.0,0.0,0.0,0.0,0.0,0.0,0.0,0.0,0.788847,0.07965,0.002519,0.7789,0.7909,0.7971,0.802,0.8117,0.0,0.0,0.0,0.0,0.0,0.0,0.0,0.0,0.788847,0.07965,0.002519,0.7789,0.7909,0.7971,0.802,0.8117
87.5,0.203193,0.00807,0.000257,0.18824,0.19792,0.2029,0.2087,0.2192,0.0,0.0,0.0,0.0,0.0,0.0,0.0,0.0,0.796807,0.00807,0.000257,0.7808,0.7913,0.7971,0.80208,0.81176,0.0,0.0,0.0,0.0,0.0,0.0,0.0,0.0,0.796807,0.00807,0.000257,0.7808,0.7913,0.7971,0.80208,0.81176,0.211153,0.07965,0.002519,0.1883,0.198,0.2029,0.2091,0.2211,0.0,0.0,0.0,0.0,0.0,0.0,0.0,0.0,0.788847,0.07965,0.002519,0.7789,0.7909,0.7971,0.802,0.8117,0.0,0.0,0.0,0.0,0.0,0.0,0.0,0.0,0.788847,0.07965,0.002519,0.7789,0.7909,0.7971,0.802,0.8117
88.0,0.203193,0.00807,0.000257,0.18824,0.19792,0.2029,0.2087,0.2192,0.0,0.0,0.0,0.0,0.0,0.0,0.0,0.0,0.796807,0.00807,0.000257,0.7808,0.7913,0.7971,0.80208,0.81176,0.0,0.0,0.0,0.0,0.0,0.0,0.0,0.0,0.796807,0.00807,0.000257,0.7808,0.7913,0.7971,0.80208,0.81176,0.211153,0.07965,0.002519,0.1883,0.198,0.2029,0.2091,0.2211,0.0,0.0,0.0,0.0,0.0,0.0,0.0,0.0,0.788847,0.07965,0.002519,0.7789,0.7909,0.7971,0.802,0.8117,0.0,0.0,0.0,0.0,0.0,0.0,0.0,0.0,0.788847,0.07965,0.002519,0.7789,0.7909,0.7971,0.802,0.8117
88.5,0.203193,0.00807,0.000257,0.18824,0.19792,0.2029,0.2087,0.2192,0.0,0.0,0.0,0.0,0.0,0.0,0.0,0.0,0.796807,0.00807,0.000257,0.7808,0.7913,0.7971,0.80208,0.81176,0.0,0.0,0.0,0.0,0.0,0.0,0.0,0.0,0.796807,0.00807,0.000257,0.7808,0.7913,0.7971,0.80208,0.81176,0.211153,0.07965,0.002519,0.1883,0.198,0.2029,0.2091,0.2211,0.0,0.0,0.0,0.0,0.0,0.0,0.0,0.0,0.788847,0.07965,0.002519,0.7789,0.7909,0.7971,0.802,0.8117,0.0,0.0,0.0,0.0,0.0,0.0,0.0,0.0,0.788847,0.07965,0.002519,0.7789,0.7909,0.7971,0.802,0.8117
89.0,0.203193,0.00807,0.000257,0.18824,0.19792,0.2029,0.2087,0.2192,0.0,0.0,0.0,0.0,0.0,0.0,0.0,0.0,0.796807,0.00807,0.000257,0.7808,0.7913,0.7971,0.80208,0.81176,0.0,0.0,0.0,0.0,0.0,0.0,0.0,0.0,0.796807,0.00807,0.000257,0.7808,0.7913,0.7971,0.80208,0.81176,0.211153,0.07965,0.002519,0.1883,0.198,0.2029,0.2091,0.2211,0.0,0.0,0.0,0.0,0.0,0.0,0.0,0.0,0.788847,0.07965,0.002519,0.7789,0.7909,0.7971,0.802,0.8117,0.0,0.0,0.0,0.0,0.0,0.0,0.0,0.0,0.788847,0.07965,0.002519,0.7789,0.7909,0.7971,0.802,0.8117
89.5,0.203193,0.00807,0.000257,0.18824,0.19792,0.2029,0.2087,0.2192,0.0,0.0,0.0,0.0,0.0,0.0,0.0,0.0,0.796807,0.00807,0.000257,0.7808,0.7913,0.7971,0.80208,0.81176,0.0,0.0,0.0,0.0,0.0,0.0,0.0,0.0,0.796807,0.00807,0.000257,0.7808,0.7913,0.7971,0.80208,0.81176,0.211153,0.07965,0.002519,0.1883,0.198,0.2029,0.2091,0.2211,0.0,0.0,0.0,0.0,0.0,0.0,0.0,0.0,0.788847,0.07965,0.002519,0.7789,0.7909,0.7971,0.802,0.8117,0.0,0.0,0.0,0.0,0.0,0.0,0.0,0.0,0.788847,0.07965,0.002519,0.7789,0.7909,0.7971,0.802,0.8117
90.0,0.203193,0.00807,0.000257,0.18824,0.19792,0.2029,0.2087,0.2192,0.0,0.0,0.0,0.0,0.0,0.0,0.0,0.0,0.796807,0.00807,0.000257,0.7808,0.7913,0.7971,0.80208,0.81176,0.0,0.0,0.0,0.0,0.0,0.0,0.0,0.0,0.796807,0.00807,0.000257,0.7808,0.7913,0.7971,0.80208,0.81176,0.211153,0.07965,0.002519,0.1883,0.198,0.2029,0.2091,0.2211,0.0,0.0,0.0,0.0,0.0,0.0,0.0,0.0,0.788847,0.07965,0.002519,0.7789,0.7909,0.7971,0.802,0.8117,0.0,0.0,0.0,0.0,0.0,0.0,0.0,0.0,0.788847,0.07965,0.002519,0.7789,0.7909,0.7971,0.802,0.8117
90.5,0.203193,0.00807,0.000257,0.18824,0.19792,0.2029,0.2087,0.2192,0.0,0.0,0.0,0.0,0.0,0.0,0.0,0.0,0.796807,0.00807,0.000257,0.7808,0.7913,0.7971,0.80208,0.81176,0.0,0.0,0.0,0.0,0.0,0.0,0.0,0.0,0.796807,0.00807,0.000257,0.7808,0.7913,0.7971,0.80208,0.81176,0.211153,0.07965,0.002519,0.1883,0.198,0.2029,0.2091,0.2211,0.0,0.0,0.0,0.0,0.0,0.0,0.0,0.0,0.788847,0.07965,0.002519,0.7789,0.7909,0.7971,0.802,0.8117,0.0,0.0,0.0,0.0,0.0,0.0,0.0,0.0,0.788847,0.07965,0.002519,0.7789,0.7909,0.7971,0.802,0.8117
91.0,0.203193,0.00807,0.000257,0.18824,0.19792,0.2029,0.2087,0.2192,0.0,0.0,0.0,0.0,0.0,0.0,0.0,0.0,0.796807,0.00807,0.000257,0.7808,0.7913,0.7971,0.80208,0.81176,0.0,0.0,0.0,0.0,0.0,0.0,0.0,0.0,0.796807,0.00807,0.000257,0.7808,0.7913,0.7971,0.80208,0.81176,0.211153,0.07965,0.002519,0.1883,0.198,0.2029,0.2091,0.2211,0.0,0.0,0.0,0.0,0.0,0.0,0.0,0.0,0.788847,0.07965,0.002519,0.7789,0.7909,0.7971,0.802,0.8117,0.0,0.0,0.0,0.0,0.0,0.0,0.0,0.0,0.788847,0.07965,0.002519,0.7789,0.7909,0.7971,0.802,0.8117
91.5,0.203193,0.00807,0.000257,0.18824,0.19792,0.2029,0.2087,0.2192,0.0,0.0,0.0,0.0,0.0,0.0,0.0,0.0,0.796807,0.00807,0.000257,0.7808,0.7913,0.7971,0.80208,0.81176,0.0,0.0,0.0,0.0,0.0,0.0,0.0,0.0,0.796807,0.00807,0.000257,0.7808,0.7913,0.7971,0.80208,0.81176,0.211153,0.07965,0.002519,0.1883,0.198,0.2029,0.2091,0.2211,0.0,0.0,0.0,0.0,0.0,0.0,0.0,0.0,0.788847,0.07965,0.002519,0.7789,0.7909,0.7971,0.802,0.8117,0.0,0.0,0.0,0.0,0.0,0.0,0.0,0.0,0.788847,0.07965,0.002519,0.7789,0.7909,0.7971,0.802,0.8117
92.0,0.203193,0.00807,0.000257,0.18824,0.19792,0.2029,0.2087,0.2192,0.0,0.0,0.0,0.0,0.0,0.0,0.0,0.0,0.796807,0.00807,0.000257,0.7808,0.7913,0.7971,0.80208,0.81176,0.0,0.0,0.0,0.0,0.0,0.0,0.0,0.0,0.796807,0.00807,0.000257,0.7808,0.7913,0.7971,0.80208,0.81176,0.211153,0.07965,0.002519,0.1883,0.198,0.2029,0.2091,0.2211,0.0,0.0,0.0,0.0,0.0,0.0,0.0,0.0,0.788847,0.07965,0.002519,0.7789,0.7909,0.7971,0.802,0.8117,0.0,0.0,0.0,0.0,0.0,0.0,0.0,0.0,0.788847,0.07965,0.002519,0.7789,0.7909,0.7971,0.802,0.8117
92.5,0.203193,0.00807,0.000257,0.18824,0.19792,0.2029,0.2087,0.2192,0.0,0.0,0.0,0.0,0.0,0.0,0.0,0.0,0.796807,0.00807,0.000257,0.7808,0.7913,0.7971,0.80208,0.81176,0.0,0.0,0.0,0.0,0.0,0.0,0.0,0.0,0.796807,0.00807,0.000257,0.7808,0.7913,0.7971,0.80208,0.81176,0.211153,0.07965,0.002519,0.1883,0.198,0.2029,0.2091,0.2211,0.0,0.0,0.0,0.0,0.0,0.0,0.0,0.0,0.788847,0.07965,0.002519,0.7789,0.7909,0.7971,0.802,0.8117,0.0,0.0,0.0,0.0,0.0,0.0,0.0,0.0,0.788847,0.07965,0.002519,0.7789,0.7909,0.7971,0.802,0.8117
93.0,0.203193,0.00807,0.000257,0.18824,0.19792,0.2029,0.2087,0.2192,0.0,0.0,0.0,0.0,0.0,0.0,0.0,0.0,0.796807,0.00807,0.000257,0.7808,0.7913,0.7971,0.80208,0.81176,0.0,0.0,0.0,0.0,0.0,0.0,0.0,0.0,0.796807,0.00807,0.000257,0.7808,0.7913,0.7971,0.80208,0.81176,0.211153,0.07965,0.002519,0.1883,0.198,0.2029,0.2091,0.2211,0.0,0.0,0.0,0.0,0.0,0.0,0.0,0.0,0.788847,0.07965,0.002519,0.7789,0.7909,0.7971,0.802,0.8117,0.0,0.0,0.0,0.0,0.0,0.0,0.0,0.0,0.788847,0.07965,0.002519,0.7789,0.7909,0.7971,0.802,0.8117
93.5,0.203193,0.00807,0.000257,0.18824,0.19792,0.2029,0.2087,0.2192,0.0,0.0,0.0,0.0,0.0,0.0,0.0,0.0,0.796807,0.00807,0.000257,0.7808,0.7913,0.7971,0.80208,0.81176,0.0,0.0,0.0,0.0,0.0,0.0,0.0,0.0,0.796807,0.00807,0.000257,0.7808,0.7913,0.7971,0.80208,0.81176,0.211153,0.07965,0.002519,0.1883,0.198,0.2029,0.2091,0.2211,0.0,0.0,0.0,0.0,0.0,0.0,0.0,0.0,0.788847,0.07965,0.002519,0.7789,0.7909,0.7971,0.802,0.8117,0.0,0.0,0.0,0.0,0.0,0.0,0.0,0.0,0.788847,0.07965,0.002519,0.7789,0.7909,0.7971,0.802,0.8117
94.0,0.203193,0.00807,0.000257,0.18824,0.19792,0.2029,0.2087,0.2192,0.0,0.0,0.0,0.0,0.0,0.0,0.0,0.0,0.796807,0.00807,0.000257,0.7808,0.7913,0.7971,0.80208,0.81176,0.0,0.0,0.0,0.0,0.0,0.0,0.0,0.0,0.796807,0.00807,0.000257,0.7808,0.7913,0.7971,0.80208,0.81176,0.211153,0.07965,0.002519,0.1883,0.198,0.2029,0.2091,0.2211,0.0,0.0,0.0,0.0,0.0,0.0,0.0,0.0,0.788847,0.07965,0.002519,0.7789,0.7909,0.7971,0.802,0.8117,0.0,0.0,0.0,0.0,0.0,0.0,0.0,0.0,0.788847,0.07965,0.002519,0.7789,0.7909,0.7971,0.802,0.8117
94.5,0.203193,0.00807,0.000257,0.18824,0.19792,0.2029,0.2087,0.2192,0.0,0.0,0.0,0.0,0.0,0.0,0.0,0.0,0.796807,0.00807,0.000257,0.7808,0.7913,0.7971,0.80208,0.81176,0.0,0.0,0.0,0.0,0.0,0.0,0.0,0.0,0.796807,0.00807,0.000257,0.7808,0.7913,0.7971,0.80208,0.81176,0.211153,0.07965,0.002519,0.1883,0.198,0.2029,0.2091,0.2211,0.0,0.0,0.0,0.0,0.0,0.0,0.0,0.0,0.788847,0.07965,0.002519,0.7789,0.7909,0.7971,0.802,0.8117,0.0,0.0,0.0,0.0,0.0,0.0,0.0,0.0,0.788847,0.07965,0.002519,0.7789,0.7909,0.7971,0.802,0.8117
95.0,0.203193,0.00807,0.000257,0.18824,0.19792,0.2029,0.2087,0.2192,0.0,0.0,0.0,0.0,0.0,0.0,0.0,0.0,0.796807,0.00807,0.000257,0.7808,0.7913,0.7971,0.80208,0.81176,0.0,0.0,0.0,0.0,0.0,0.0,0.0,0.0,0.796807,0.00807,0.000257,0.7808,0.7913,0.7971,0.80208,0.81176,0.211153,0.07965,0.002519,0.1883,0.198,0.2029,0.2091,0.2211,0.0,0.0,0.0,0.0,0.0,0.0,0.0,0.0,0.788847,0.07965,0.002519,0.7789,0.7909,0.7971,0.802,0.8117,0.0,0.0,0.0,0.0,0.0,0.0,0.0,0.0,0.788847,0.07965,0.002519,0.7789,0.7909,0.7971,0.802,0.8117
95.5,0.203193,0.00807,0.000257,0.18824,0.19792,0.2029,0.2087,0.2192,0.0,0.0,0.0,0.0,0.0,0.0,0.0,0.0,0.796807,0.00807,0.000257,0.7808,0.7913,0.7971,0.80208,0.81176,0.0,0.0,0.0,0.0,0.0,0.0,0.0,0.0,0.796807,0.00807,0.000257,0.7808,0.7913,0.7971,0.80208,0.81176,0.211153,0.07965,0.002519,0.1883,0.198,0.2029,0.2091,0.2211,0.0,0.0,0.0,0.0,0.0,0.0,0.0,0.0,0.788847,0.07965,0.002519,0.7789,0.7909,0.7971,0.802,0.8117,0.0,0.0,0.0,0.0,0.0,0.0,0.0,0.0,0.788847,0.07965,0.002519,0.7789,0.7909,0.7971,0.802,0.8117
96.0,0.203193,0.00807,0.000257,0.18824,0.19792,0.2029,0.2087,0.2192,0.0,0.0,0.0,0.0,0.0,0.0,0.0,0.0,0.796807,0.00807,0.000257,0.7808,0.7913,0.7971,0.80208,0.81176,0.0,0.0,0.0,0.0,0.0,0.0,0.0,0.0,0.796807,0.00807,0.000257,0.7808,0.7913,0.7971,0.80208,0.81176,0.211153,0.07965,0.002519,0.1883,0.198,0.2029,0.2091,0.2211,0.0,0.0,0.0,0.0,0.0,0.0,0.0,0.0,0.788847,0.07965,0.002519,0.7789,0.7909,0.7971,0.802,0.8117,0.0,0.0,0.0,0.0,0.0,0.0,0.0,0.0,0.788847,0.07965,0.002519,0.7789,0.7909,0.7971,0.802,0.8117
96.5,0.203193,0.00807,0.000257,0.18824,0.19792,0.2029,0.2087,0.2192,0.0,0.0,0.0,0.0,0.0,0.0,0.0,0.0,0.796807,0.00807,0.000257,0.7808,0.7913,0.7971,0.80208,0.81176,0.0,0.0,0.0,0.0,0.0,0.0,0.0,0.0,0.796807,0.00807,0.000257,0.7808,0.7913,0.7971,0.80208,0.81176,0.211153,0.07965,0.002519,0.1883,0.198,0.2029,0.2091,0.2211,0.0,0.0,0.0,0.0,0.0,0.0,0.0,0.0,0.788847,0.07965,0.002519,0.7789,0.7909,0.7971,0.802,0.8117,0.0,0.0,0.0,0.0,0.0,0.0,0.0,0.0,0.788847,0.07965,0.002519,0.7789,0.7909,0.7971,0.802,0.8117
97.0,0.203193,0.00807,0.000257,0.18824,0.19792,0.2029,0.2087,0.2192,0.0,0.0,0.0,0.0,0.0,0.0,0.0,0.0,0.796807,0.00807,0.000257,0.7808,0.7913,0.7971,0.80208,0.81176,0.0,0.0,0.0,0.0,0.0,0.0,0.0,0.0,0.796807,0.00807,0.000257,0.7808,0.7913,0.7971,0.80208,0.81176,0.211153,0.07965,0.002519,0.1883,0.198,0.2029,0.2091,0.2211,0.0,0.0,0.0,0.0,0.0,0.0,0.0,0.0,0.788847,0.07965,0.002519,0.7789,0.7909,0.7971,0.802,0.8117,0.0,0.0,0.0,0.0,0.0,0.0,0.0,0.0,0.788847,0.07965,0.002519,0.7789,0.7909,0.7971,0.802,0.8117
97.5,0.203193,0.00807,0.000257,0.18824,0.19792,0.2029,0.2087,0.2192,0.0,0.0,0.0,0.0,0.0,0.0,0.0,0.0,0.796807,0.00807,0.000257,0.7808,0.7913,0.7971,0.80208,0.81176,0.0,0.0,0.0,0.0,0.0,0.0,0.0,0.0,0.796807,0.00807,0.000257,0.7808,0.7913,0.7971,0.80208,0.81176,0.211153,0.07965,0.002519,0.1883,0.198,0.2029,0.2091,0.2211,0.0,0.0,0.0,0.0,0.0,0.0,0.0,0.0,0.788847,0.07965,0.002519,0.7789,0.7909,0.7971,0.802,0.8117,0.0,0.0,0.0,0.0,0.0,0.0,0.0,0.0,0.788847,0.07965,0.002519,0.7789,0.7909,0.7971,0.802,0.8117
98.0,0.203193,0.00807,0.000257,0.18824,0.19792,0.2029,0.2087,0.2192,0.0,0.0,0.0,0.0,0.0,0.0,0.0,0.0,0.796807,0.00807,0.000257,0.7808,0.7913,0.7971,0.80208,0.81176,0.0,0.0,0.0,0.0,0.0,0.0,0.0,0.0,0.796807,0.00807,0.000257,0.7808,0.7913,0.7971,0.80208,0.81176,0.211153,0.07965,0.002519,0.1883,0.198,0.2029,0.2091,0.2211,0.0,0.0,0.0,0.0,0.0,0.0,0.0,0.0,0.788847,0.07965,0.002519,0.7789,0.7909,0.7971,0.802,0.8117,0.0,0.0,0.0,0.0,0.0,0.0,0.0,0.0,0.788847,0.07965,0.002519,0.7789,0.7909,0.7971,0.802,0.8117
98.5,0.203193,0.00807,0.000257,0.18824,0.19792,0.2029,0.2087,0.2192,0.0,0.0,0.0,0.0,0.0,0.0,0.0,0.0,0.796807,0.00807,0.000257,0.7808,0.7913,0.7971,0.80208,0.81176,0.0,0.0,0.0,0.0,0.0,0.0,0.0,0.0,0.796807,0.00807,0.000257,0.7808,0.7913,0.7971,0.80208,0.81176,0.211153,0.07965,0.002519,0.1883,0.198,0.2029,0.2091,0.2211,0.0,0.0,0.0,0.0,0.0,0.0,0.0,0.0,0.788847,0.07965,0.002519,0.7789,0.7909,0.7971,0.802,0.8117,0.0,0.0,0.0,0.0,0.0,0.0,0.0,0.0,0.788847,0.07965,0.002519,0.7789,0.7909,0.7971,0.802,0.8117
99.0,0.203193,0.00807,0.000257,0.18824,0.19792,0.2029,0.2087,0.2192,0.0,0.0,0.0,0.0,0.0,0.0,0.0,0.0,0.796807,0.00807,0.000257,0.7808,0.7913,0.7971,0.80208,0.81176,0.0,0.0,0.0,0.0,0.0,0.0,0.0,0.0,0.796807,0.00807,0.000257,0.7808,0.7913,0.7971,0.80208,0.81176,0.211153,0.07965,0.002519,0.1883,0.198,0.2029,0.2091,0.2211,0.0,0.0,0.0,0.0,0.0,0.0,0.0,0.0,0.788847,0.07965,0.002519,0.7789,0.7909,0.7971,0.802,0.8117,0.0,0.0,0.0,0.0,0.0,0.0,0.0,0.0,0.788847,0.07965,0.002519,0.7789,0.7909,0.7971,0.802,0.8117
99.5,0.203193,0.00807,0.000257,0.18824,0.19792,0.2029,0.2087,0.2192,0.0,0.0,0.0,0.0,0.0,0.0,0.0,0.0,0.796807,0.00807,0.000257,0.7808,0.7913,0.7971,0.80208,0.81176,0.0,0.0,0.0,0.0,0.0,0.0,0.0,0.0,0.796807,0.00807,0.000257,0.7808,0.7913,0.7971,0.80208,0.81176,0.211153,0.07965,0.002519,0.1883,0.198,0.2029,0.2091,0.2211,0.0,0.0,0.0,0.0,0.0,0.0,0.0,0.0,0.788847,0.07965,0.002519,0.7789,0.7909,0.7971,0.802,0.8117,0.0,0.0,0.0,0.0,0.0,0.0,0.0,0.0,0.788847,0.07965,0.002519,0.7789,0.7909,0.7971,0.802,0.8117
100.0,0.203193,0.00807,0.000257,0.18824,0.19792,0.2029,0.2087,0.2192,0.0,0.0,0.0,0.0,0.0,0.0,0.0,0.0,0.796807,0.00807,0.000257,0.7808,0.7913,0.7971,0.80208,0.81176,0.0,0.0,0.0,0.0,0.0,0.0,0.0,0.0,0.796807,0.00807,0.000257,0.7808,0.7913,0.7971,0.80208,0.81176,0.211153,0.07965,0.002519,0.1883,0.198,0.2029,0.2091,0.2211,0.0,0.0,0.0,0.0,0.0,0.0,0.0,0.0,0.788847,0.07965,0.002519,0.7789,0.7909,0.7971,0.802,0.8117,0.0,0.0,0.0,0.0,0.0,0.0,0.0,0.0,0.788847,0.07965,0.002519,0.7789,0.7909,0.7971,0.802,0.8117
