t,cond.S.mean,cond.S.sd,cond.S.se,cond.S.q025,cond.S.q25,cond.S.q50,cond.S.q75,cond.S.q975,cond.I.mean,cond.I.sd,cond.I.se,cond.I.q025,cond.I.q25,cond.I.q50,cond.I.q75,cond.I.q975,cond.R.mean,cond.R.sd,cond.R.se,cond.R.q025,cond.R.q25,cond.R.q50,cond.R.q75,cond.R.q975,cond.infectious.mean,cond.infectious.sd,cond.infectious.se,cond.infectious.q025,cond.infectious.q25,cond.infectious.q50,cond.infectious.q75,cond.infectious.q975,cond.cumulative.mean,cond.cumulative.sd,cond.cumulative.se,cond.cumulative.q025,cond.cumulative.q25,cond.cumulative.q50,cond.cumulative.q75,cond.cumulative.q975
0.0,0.99,0.0,0.0,0.99,0.99,0.99,0.99,0.99,0.01,0.0,0.0,0.01,0.01,0.01,0.01,0.01,0.0,0.0,0.0,0.0,0.0,0.0,0.0,0.0,0.01,0.0,0.0,0.01,0.01,0.01,0.01,0.01,0.01,0.0,0.0,0.01,0.01,0.01,0.01,0.01
0.25,0.988736,0.00054,5.4e-5,0.9876,0.9884,0.9888,0.9892,0.9897,0.01063,0.00065,6.5e-5,0.0096,0.0102,0.0106,0.01105,0.012,0.000634,0.00033,3.3e-5,0.0001,0.0004,0.0006,0.0008,0.0014,0.01063,0.00065,6.5e-5,0.0096,0.0102,0.0106,0.01105,0.012,0.011264,0.00054,5.4e-5,0.0103,0.0108,0.0112,0.0116,0.0124
0.5,0.987452,0.00086,8.6e-5,0.9858,0.987,0.9876,0.988,0.9887,0.011174,0.00092,9.2e-5,0.0098,0.0106,0.011,0.0116,0.01311,0.001374,0.0005,5.0e-5,0.0004,0.001,0.0014,0.0018,0.00241,0.011174,0.00092,9.2e-5,0.0098,0.0106,0.011,0.0116,0.01311,0.012548,0.00086,8.6e-5,0.0113,0.012,0.0124,0.013,0.0142
0.75,0.986182,0.00105,0.000105,0.98359,0.9856,0.9862,0.9868,0.988,0.01178,0.00114,0.000114,0.00959,0.011,0.0118,0.0122,0.0142,0.002038,0.00063,6.3e-5,0.001,0.0016,0.002,0.0024,0.00352,0.01178,0.00114,0.000114,0.00959,0.011,0.0118,0.0122,0.0142,0.013818,0.00105,0.000105,0.012,0.0132,0.0138,0.0144,0.01641
1.0,0.984868,0.00127,0.000127,0.9815,0.9842,0.985,0.9858,0.9867,0.012352,0.00138,0.000138,0.01,0.0114,0.0122,0.01305,0.0151,0.00278,0.00067,6.7e-5,0.0016,0.0024,0.0026,0.0032,0.00442,0.012352,0.00138,0.000138,0.01,0.0114,0.0122,0.01305,0.0151,0.015132,0.00127,0.000127,0.0133,0.0142,0.015,0.0158,0.0185
1.25,0.983556,0.00143,0.000143,0.9804,0.9826,0.9838,0.9846,0.9858,0.012824,0.00155,0.000155,0.0104,0.012,0.0126,0.0138,0.01601,0.00362,0.00081,8.1e-5,0.0021,0.0032,0.0036,0.004,0.0054,0.012824,0.00155,0.000155,0.0104,0.012,0.0126,0.0138,0.01601,0.016444,0.00143,0.000143,0.0142,0.0154,0.0162,0.0174,0.0196
1.5,0.982106,0.00169,0.000169,0.97839,0.981,0.9822,0.9834,0.98481,0.0135,0.00182,0.000182,0.0108,0.0122,0.0134,0.01465,0.01713,0.004394,0.00081,8.1e-5,0.0027,0.004,0.0044,0.0048,0.00601,0.0135,0.00182,0.000182,0.0108,0.0122,0.0134,0.01465,0.01713,0.017894,0.00169,0.000169,0.01519,0.0166,0.0178,0.019,0.02161
1.75,0.980668,0.00195,0.000195,0.97678,0.979,0.981,0.982,0.9837,0.014088,0.00203,0.000203,0.01119,0.01255,0.014,0.01545,0.0178,0.005244,0.00091,9.1e-5,0.00339,0.0048,0.0053,0.006,0.00691,0.014088,0.00203,0.000203,0.01119,0.01255,0.014,0.01545,0.0178,0.019332,0.00195,0.000195,0.0163,0.018,0.019,0.021,0.02322
2.0,0.97928,0.0022,0.00022,0.97468,0.97775,0.9797,0.9808,0.98321,0.014476,0.00223,0.000223,0.0107,0.013,0.0142,0.01565,0.01881,0.006244,0.0009,9.0e-5,0.0045,0.0058,0.0062,0.0068,0.008,0.014476,0.00223,0.000223,0.0107,0.013,0.0142,0.01565,0.01881,0.02072,0.0022,0.00022,0.01679,0.0192,0.0203,0.02225,0.02532
2.25,0.977904,0.00248,0.000248,0.9723,0.9762,0.9787,0.9798,0.9819,0.014944,0.00245,0.000245,0.0107,0.0132,0.0148,0.01665,0.0198,0.007152,0.00095,9.5e-5,0.00529,0.0066,0.0072,0.00765,0.0091,0.014944,0.00245,0.000245,0.0107,0.0132,0.0148,0.01665,0.0198,0.022096,0.00248,0.000248,0.0181,0.0202,0.0213,0.0238,0.0277
2.5,0.97645,0.00267,0.000267,0.97098,0.9748,0.977,0.9782,0.98081,0.015454,0.00248,0.000248,0.01119,0.01375,0.0151,0.01745,0.02031,0.008096,0.00106,0.000106,0.00589,0.0076,0.0082,0.0086,0.01001,0.015454,0.00248,0.000248,0.01119,0.01375,0.0151,0.01745,0.02031,0.02355,0.00267,0.000267,0.01919,0.0218,0.023,0.0252,0.02902
2.75,0.974954,0.00294,0.000294,0.9689,0.9732,0.9753,0.97705,0.98001,0.015932,0.00279,0.000279,0.01117,0.014,0.0157,0.01805,0.02181,0.009114,0.0011,0.00011,0.0068,0.0086,0.0092,0.0096,0.0113,0.015932,0.00279,0.000279,0.01117,0.014,0.0157,0.01805,0.02181,0.025046,0.00294,0.000294,0.01999,0.02295,0.0247,0.0268,0.0311
3.0,0.97347,0.00331,0.000331,0.96709,0.97155,0.9739,0.976,0.97881,0.016488,0.00312,0.000312,0.01108,0.0144,0.0164,0.01845,0.0225,0.010042,0.00113,0.000113,0.0075,0.00955,0.01,0.0106,0.012,0.016488,0.00312,0.000312,0.01108,0.0144,0.0164,0.01845,0.0225,0.02653,0.00331,0.000331,0.02119,0.024,0.0261,0.02845,0.03291
3.25,0.97191,0.00359,0.000359,0.96468,0.9694,0.9724,0.9748,0.97781,0.01708,0.00323,0.000323,0.0113,0.015,0.0168,0.01945,0.0232,0.01101,0.00122,0.000122,0.0087,0.01035,0.011,0.0118,0.013,0.01708,0.00323,0.000323,0.0113,0.015,0.0168,0.01945,0.0232,0.02809,0.00359,0.000359,0.02219,0.0252,0.0276,0.0306,0.03532
3.5,0.97013,0.00396,0.000396,0.96209,0.9672,0.9705,0.973,0.9765,0.017724,0.00342,0.000342,0.0113,0.01555,0.0172,0.02,0.0252,0.012146,0.0013,0.00013,0.00989,0.01135,0.012,0.01285,0.01431,0.017724,0.00342,0.000342,0.0113,0.01555,0.0172,0.02,0.0252,0.02987,0.00396,0.000396,0.0235,0.027,0.0295,0.0328,0.0379
3.75,0.96845,0.00422,0.000422,0.96009,0.9655,0.969,0.9714,0.9754,0.018306,0.00358,0.000358,0.0116,0.01635,0.0182,0.02045,0.0263,0.013244,0.00145,0.000145,0.0104,0.01235,0.0133,0.0142,0.01581,0.018306,0.00358,0.000358,0.0116,0.01635,0.0182,0.02045,0.0263,0.03155,0.00422,0.000422,0.0246,0.0286,0.031,0.0345,0.03991
4.0,0.966776,0.00448,0.000448,0.95759,0.9634,0.9674,0.96965,0.9741,0.018776,0.00367,0.000367,0.0123,0.0165,0.0182,0.0208,0.02695,0.014448,0.00168,0.000168,0.01169,0.0134,0.0144,0.0154,0.0176,0.018776,0.00367,0.000367,0.0123,0.0165,0.0182,0.0208,0.02695,0.033224,0.00448,0.000448,0.0259,0.03035,0.0326,0.0366,0.04241
4.25,0.964998,0.00482,0.000482,0.95497,0.961,0.9657,0.96805,0.973,0.019406,0.00398,0.000398,0.01259,0.0171,0.0192,0.0216,0.02862,0.015596,0.00183,0.000183,0.0126,0.0144,0.0154,0.01665,0.01931,0.019406,0.00398,0.000398,0.01259,0.0171,0.0192,0.0216,0.02862,0.035002,0.00482,0.000482,0.027,0.03195,0.0343,0.039,0.04503
4.5,0.963092,0.0052,0.00052,0.95246,0.95925,0.9641,0.96645,0.97132,0.020164,0.00422,0.000422,0.0133,0.0176,0.0198,0.0224,0.03072,0.016744,0.00198,0.000198,0.0134,0.0154,0.0166,0.0182,0.02092,0.020164,0.00422,0.000422,0.0133,0.0176,0.0198,0.0224,0.03072,0.036908,0.0052,0.00052,0.02868,0.03355,0.0359,0.04075,0.04754
4.75,0.96127,0.00559,0.000559,0.94992,0.95735,0.962,0.9648,0.9701,0.020738,0.00437,0.000437,0.0134,0.01795,0.0203,0.0234,0.03144,0.017992,0.00214,0.000214,0.01428,0.0164,0.0176,0.0194,0.0221,0.020738,0.00437,0.000437,0.0134,0.01795,0.0203,0.0234,0.03144,0.03873,0.00559,0.000559,0.0299,0.0352,0.038,0.04265,0.05008
5.0,0.959246,0.00603,0.000603,0.94764,0.955,0.9601,0.96325,0.96912,0.02146,0.00462,0.000462,0.01408,0.0186,0.0214,0.0238,0.03222,0.019294,0.00228,0.000228,0.016,0.01775,0.0188,0.021,0.0241,0.02146,0.00462,0.000462,0.01408,0.0186,0.0214,0.0238,0.03222,0.040754,0.00603,0.000603,0.03088,0.03675,0.0399,0.045,0.05237
5.25,0.957258,0.0064,0.00064,0.9441,0.95295,0.958,0.96145,0.9678,0.022104,0.00485,0.000485,0.01449,0.019,0.0218,0.02485,0.03382,0.020638,0.00237,0.000237,0.01729,0.0188,0.0204,0.0222,0.0254,0.022104,0.00485,0.000485,0.01449,0.019,0.0218,0.02485,0.03382,0.042742,0.0064,0.00064,0.0322,0.03855,0.042,0.04705,0.0559
5.5,0.955116,0.0069,0.00069,0.94078,0.95045,0.9559,0.9592,0.96612,0.022798,0.00512,0.000512,0.01459,0.01935,0.0219,0.02545,0.03523,0.022086,0.00261,0.000261,0.0181,0.01995,0.0218,0.0236,0.0271,0.022798,0.00512,0.000512,0.01459,0.01935,0.0219,0.02545,0.03523,0.044884,0.0069,0.00069,0.03388,0.0408,0.0441,0.04955,0.05922
5.75,0.953068,0.00736,0.000736,0.93802,0.9476,0.954,0.95765,0.9649,0.023414,0.00539,0.000539,0.014,0.0198,0.0229,0.02665,0.03531,0.023518,0.00275,0.000275,0.0193,0.0214,0.0235,0.0254,0.02881,0.023414,0.00539,0.000539,0.014,0.0198,0.0229,0.02665,0.03531,0.046932,0.00736,0.000736,0.0351,0.04235,0.046,0.0524,0.06199
6.0,0.950982,0.00779,0.000779,0.93506,0.9452,0.9525,0.95585,0.96372,0.023998,0.00549,0.000549,0.0142,0.02015,0.024,0.0272,0.03612,0.02502,0.00312,0.000312,0.02009,0.0226,0.0249,0.02665,0.0309,0.023998,0.00549,0.000549,0.0142,0.02015,0.024,0.0272,0.03612,0.049018,0.00779,0.000779,0.03628,0.04415,0.0475,0.0548,0.06494
6.25,0.948758,0.00828,0.000828,0.93208,0.94345,0.9506,0.95365,0.9621,0.02468,0.00561,0.000561,0.0144,0.0207,0.0247,0.02765,0.03626,0.026562,0.00352,0.000352,0.02119,0.02375,0.0262,0.02845,0.0337,0.02468,0.00561,0.000561,0.0144,0.0207,0.0247,0.02765,0.03626,0.051242,0.00828,0.000828,0.0379,0.04635,0.0494,0.05655,0.06793
6.5,0.946678,0.00871,0.000871,0.92946,0.9409,0.9481,0.95175,0.9612,0.025178,0.0058,0.00058,0.0143,0.02095,0.0256,0.0282,0.03688,0.028144,0.00377,0.000377,0.0223,0.0252,0.0277,0.03015,0.0366,0.025178,0.0058,0.00058,0.0143,0.02095,0.0256,0.0282,0.03688,0.053322,0.00871,0.000871,0.0388,0.04825,0.0519,0.0591,0.07055
6.75,0.944386,0.00925,0.000925,0.92584,0.9383,0.9457,0.9498,0.96031,0.02594,0.00601,0.000601,0.01459,0.02205,0.0261,0.0294,0.03827,0.029674,0.00408,0.000408,0.02346,0.02615,0.0293,0.0325,0.0386,0.02594,0.00601,0.000601,0.01459,0.02205,0.0261,0.0294,0.03827,0.055614,0.00925,0.000925,0.0397,0.0502,0.0543,0.0617,0.07416
7.0,0.942058,0.00966,0.000966,0.92206,0.93555,0.943,0.94785,0.95931,0.026722,0.00617,0.000617,0.0143,0.02255,0.0268,0.03045,0.03925,0.03122,0.00436,0.000436,0.02437,0.02755,0.0309,0.0341,0.0406,0.026722,0.00617,0.000617,0.0143,0.02255,0.0268,0.03045,0.03925,0.057942,0.00966,0.000966,0.04069,0.05215,0.057,0.06445,0.07794
7.25,0.93963,0.01004,0.001004,0.9192,0.9334,0.9407,0.94625,0.95821,0.02753,0.00623,0.000623,0.01549,0.0234,0.0273,0.0316,0.04061,0.03284,0.00465,0.000465,0.02546,0.0292,0.0326,0.03585,0.04302,0.02753,0.00623,0.000623,0.01549,0.0234,0.0273,0.0316,0.04061,0.06037,0.01004,0.001004,0.04179,0.05375,0.0593,0.0666,0.0808
7.5,0.937328,0.01045,0.001045,0.91586,0.93045,0.9383,0.944,0.95694,0.028206,0.00634,0.000634,0.0166,0.02375,0.0282,0.03195,0.04083,0.034466,0.00492,0.000492,0.02709,0.0308,0.0343,0.03745,0.0445,0.028206,0.00634,0.000634,0.0166,0.02375,0.0282,0.03195,0.04083,0.062672,0.01045,0.001045,0.04306,0.056,0.0617,0.06955,0.08414
7.75,0.934826,0.01089,0.001089,0.91236,0.9277,0.9357,0.9417,0.95515,0.028936,0.00644,0.000644,0.01729,0.02455,0.0287,0.0328,0.04184,0.036238,0.00525,0.000525,0.0281,0.03275,0.0358,0.03945,0.0474,0.028936,0.00644,0.000644,0.01729,0.02455,0.0287,0.0328,0.04184,0.065174,0.01089,0.001089,0.04486,0.0583,0.0643,0.0723,0.08764
8.0,0.932228,0.01145,0.001145,0.90906,0.92415,0.9333,0.93985,0.95417,0.029794,0.00663,0.000663,0.01748,0.02495,0.0295,0.03385,0.042,0.037978,0.00568,0.000568,0.02897,0.03415,0.0372,0.04185,0.05043,0.029794,0.00663,0.000663,0.01748,0.02495,0.0295,0.03385,0.042,0.067772,0.01145,0.001145,0.04584,0.06015,0.0667,0.07585,0.09095
8.25,0.929564,0.0119,0.00119,0.9049,0.92095,0.9305,0.93785,0.95195,0.030584,0.00677,0.000677,0.01828,0.02495,0.0305,0.03535,0.04292,0.039852,0.00603,0.000603,0.03018,0.0358,0.0392,0.0438,0.05232,0.030584,0.00677,0.000677,0.01828,0.02495,0.0305,0.03535,0.04292,0.070436,0.0119,0.00119,0.04804,0.06215,0.0695,0.07905,0.0951
8.5,0.926916,0.01241,0.001241,0.9005,0.91825,0.9278,0.9348,0.95038,0.031206,0.00698,0.000698,0.01897,0.0258,0.0308,0.0362,0.04492,0.041878,0.00633,0.000633,0.03099,0.0376,0.0412,0.04565,0.05461,0.031206,0.00698,0.000698,0.01897,0.0258,0.0308,0.0362,0.04492,0.073084,0.01241,0.001241,0.04962,0.0652,0.0722,0.08175,0.09951
8.75,0.924148,0.01294,0.001294,0.89659,0.915,0.9255,0.9326,0.94887,0.032026,0.00723,0.000723,0.01828,0.0268,0.0319,0.0368,0.0468,0.043826,0.00671,0.000671,0.0324,0.0393,0.0432,0.0478,0.05752,0.032026,0.00723,0.000723,0.01828,0.0268,0.0319,0.0368,0.0468,0.075852,0.01294,0.001294,0.05113,0.0674,0.0745,0.085,0.10341
9.0,0.921368,0.01357,0.001357,0.89335,0.91135,0.9224,0.9304,0.94707,0.032764,0.00746,0.000746,0.01886,0.02735,0.0327,0.03785,0.04772,0.045868,0.00707,0.000707,0.03348,0.0413,0.0451,0.0498,0.06003,0.032764,0.00746,0.000746,0.01886,0.02735,0.0327,0.03785,0.04772,0.078632,0.01357,0.001357,0.05293,0.0696,0.0776,0.08865,0.10665
9.25,0.9186,0.01403,0.001403,0.8897,0.9078,0.9196,0.92705,0.94607,0.033474,0.00759,0.000759,0.01863,0.02775,0.0336,0.0387,0.04872,0.047926,0.0074,0.00074,0.03497,0.04315,0.047,0.0523,0.06341,0.033474,0.00759,0.000759,0.01863,0.02775,0.0336,0.0387,0.04872,0.0814,0.01403,0.001403,0.05393,0.07295,0.0804,0.0922,0.11031
9.5,0.915804,0.01464,0.001464,0.8857,0.9052,0.9163,0.9257,0.94502,0.034098,0.00777,0.000777,0.01932,0.0286,0.0347,0.04025,0.04872,0.050098,0.00783,0.000783,0.0361,0.04495,0.0492,0.0548,0.06613,0.034098,0.00777,0.000777,0.01932,0.0286,0.0347,0.04025,0.04872,0.084196,0.01464,0.001464,0.05498,0.0743,0.0837,0.0948,0.1143
9.75,0.912848,0.01522,0.001522,0.88196,0.90215,0.9131,0.9235,0.94311,0.034928,0.00785,0.000785,0.02071,0.0293,0.0352,0.04085,0.05042,0.052224,0.00833,0.000833,0.03719,0.047,0.0514,0.05745,0.06912,0.034928,0.00785,0.000785,0.02071,0.0293,0.0352,0.04085,0.05042,0.087152,0.01522,0.001522,0.0569,0.0765,0.0869,0.09785,0.11804
10.0,0.909886,0.01575,0.001575,0.87822,0.89915,0.9101,0.92125,0.94121,0.035724,0.00798,0.000798,0.02124,0.02995,0.0361,0.04115,0.05182,0.05439,0.00869,0.000869,0.03889,0.04825,0.0534,0.06005,0.07243,0.035724,0.00798,0.000798,0.02124,0.02995,0.0361,0.04115,0.05182,0.090114,0.01575,0.001575,0.05879,0.07875,0.0899,0.10085,0.12179
10.25,0.906804,0.0165,0.00165,0.87431,0.89535,0.9069,0.9188,0.93972,0.036442,0.00833,0.000833,0.02172,0.03075,0.0372,0.0424,0.05212,0.056754,0.00906,0.000906,0.04028,0.05075,0.056,0.0629,0.0752,0.036442,0.00833,0.000833,0.02172,0.03075,0.0372,0.0424,0.05212,0.093196,0.0165,0.00165,0.06028,0.0812,0.0931,0.10465,0.12569
10.5,0.90377,0.0172,0.00172,0.8696,0.89135,0.9038,0.91645,0.93814,0.037246,0.00864,0.000864,0.02134,0.03145,0.0375,0.04325,0.0525,0.058984,0.00949,0.000949,0.04128,0.05255,0.0578,0.06535,0.07843,0.037246,0.00864,0.000864,0.02134,0.03145,0.0375,0.04325,0.0525,0.09623,0.0172,0.00172,0.06185,0.08355,0.0962,0.10865,0.13041
10.75,0.900626,0.01777,0.001777,0.86556,0.88755,0.8991,0.91395,0.93596,0.038012,0.0089,0.00089,0.02174,0.03155,0.0385,0.04375,0.05441,0.061362,0.00987,0.000987,0.04278,0.0546,0.0608,0.06755,0.08134,0.038012,0.0089,0.00089,0.02174,0.03155,0.0385,0.04375,0.05441,0.099374,0.01777,0.001777,0.06404,0.08605,0.1009,0.11245,0.13444
11.0,0.897508,0.0185,0.00185,0.86014,0.884,0.8961,0.912,0.93349,0.038532,0.00913,0.000913,0.02206,0.03215,0.039,0.0447,0.05504,0.06396,0.01032,0.001032,0.04397,0.0575,0.0632,0.07025,0.08414,0.038532,0.00913,0.000913,0.02206,0.03215,0.039,0.0447,0.05504,0.102492,0.0185,0.00185,0.06651,0.088,0.1039,0.116,0.13986
11.25,0.89435,0.01915,0.001915,0.85578,0.8803,0.8929,0.90865,0.93189,0.03932,0.00939,0.000939,0.0226,0.03235,0.0403,0.04505,0.05694,0.06633,0.0107,0.00107,0.04626,0.05995,0.0658,0.073,0.08683,0.03932,0.00939,0.000939,0.0226,0.03235,0.0403,0.04505,0.05694,0.10565,0.01915,0.001915,0.06811,0.09135,0.1071,0.1197,0.14423
11.5,0.891024,0.01985,0.001985,0.851,0.87635,0.8896,0.9059,0.92983,0.040046,0.00958,0.000958,0.02172,0.03315,0.0407,0.0458,0.05772,0.06893,0.01122,0.001122,0.04788,0.06215,0.069,0.07645,0.08936,0.040046,0.00958,0.000958,0.02172,0.03315,0.0407,0.0458,0.05772,0.108976,0.01985,0.001985,0.07018,0.0941,0.1104,0.12365,0.149
11.75,0.887588,0.02078,0.002078,0.8452,0.8725,0.8865,0.9036,0.92715,0.040946,0.01003,0.001003,0.02262,0.0332,0.0415,0.04745,0.06001,0.071466,0.01166,0.001166,0.04919,0.06395,0.0715,0.0791,0.09325,0.040946,0.01003,0.001003,0.02262,0.0332,0.0415,0.04745,0.06001,0.112412,0.02078,0.002078,0.07285,0.0964,0.1135,0.1275,0.15481
12.0,0.884176,0.0215,0.00215,0.8409,0.8685,0.8826,0.90135,0.92518,0.041954,0.01027,0.001027,0.02282,0.03395,0.0425,0.04855,0.06121,0.07387,0.01214,0.001214,0.05019,0.0658,0.0743,0.08155,0.09686,0.041954,0.01027,0.001027,0.02282,0.03395,0.0425,0.04855,0.06121,0.115824,0.0215,0.00215,0.07482,0.09865,0.1174,0.1315,0.1591
12.25,0.880652,0.02232,0.002232,0.8367,0.8642,0.878,0.89925,0.9233,0.042928,0.01042,0.001042,0.02273,0.03495,0.0438,0.0499,0.06156,0.07642,0.0127,0.00127,0.05179,0.0672,0.0772,0.0846,0.1006,0.042928,0.01042,0.001042,0.02273,0.03495,0.0438,0.0499,0.06156,0.119348,0.02232,0.002232,0.0767,0.10075,0.122,0.1358,0.1633
12.5,0.877172,0.02321,0.002321,0.83168,0.8602,0.8749,0.89665,0.92054,0.043576,0.01074,0.001074,0.02372,0.03515,0.0444,0.0514,0.06225,0.079252,0.01322,0.001322,0.05308,0.06995,0.0804,0.0876,0.10492,0.043576,0.01074,0.001074,0.02372,0.03515,0.0444,0.0514,0.06225,0.122828,0.02321,0.002321,0.07947,0.10335,0.1251,0.1398,0.16832
12.75,0.873652,0.0239,0.00239,0.82725,0.8565,0.8719,0.8945,0.91779,0.04452,0.01085,0.001085,0.02504,0.03515,0.0451,0.05245,0.0624,0.081828,0.0138,0.00138,0.05488,0.0721,0.0827,0.09065,0.10888,0.04452,0.01085,0.001085,0.02504,0.03515,0.0451,0.05245,0.0624,0.126348,0.0239,0.00239,0.08221,0.1055,0.1281,0.1435,0.17275
13.0,0.870002,0.02458,0.002458,0.82352,0.85205,0.8679,0.8914,0.91508,0.04544,0.01095,0.001095,0.02634,0.0358,0.0459,0.05275,0.0641,0.084558,0.01435,0.001435,0.0562,0.0741,0.0856,0.09425,0.11238,0.04544,0.01095,0.001095,0.02634,0.0358,0.0459,0.05275,0.0641,0.129998,0.02458,0.002458,0.08492,0.1086,0.1321,0.14795,0.17649
13.25,0.866288,0.02524,0.002524,0.81903,0.8478,0.8643,0.88825,0.91302,0.046342,0.01098,0.001098,0.02686,0.03695,0.0476,0.0534,0.06441,0.08737,0.01493,0.001493,0.0585,0.0764,0.0882,0.09795,0.1165,0.046342,0.01098,0.001098,0.02686,0.03695,0.0476,0.0534,0.06441,0.133712,0.02524,0.002524,0.08698,0.11175,0.1357,0.1522,0.18097
13.5,0.86253,0.0259,0.00259,0.81504,0.84405,0.8602,0.88505,0.91076,0.047242,0.01108,0.001108,0.02784,0.03755,0.0481,0.05385,0.0654,0.090228,0.01553,0.001553,0.05988,0.0792,0.0911,0.1015,0.12089,0.047242,0.01108,0.001108,0.02784,0.03755,0.0481,0.05385,0.0654,0.13747,0.0259,0.00259,0.08924,0.11495,0.1398,0.15595,0.18496
13.75,0.858826,0.02681,0.002681,0.81011,0.83975,0.8566,0.882,0.90878,0.047926,0.01131,0.001131,0.02734,0.03895,0.049,0.054,0.06641,0.093248,0.01618,0.001618,0.06254,0.0812,0.0944,0.1051,0.12576,0.047926,0.01131,0.001131,0.02734,0.03895,0.049,0.054,0.06641,0.141174,0.02681,0.002681,0.09121,0.118,0.1434,0.16025,0.18989
14.0,0.854976,0.02753,0.002753,0.80452,0.83565,0.8529,0.87855,0.9067,0.048766,0.01131,0.001131,0.02752,0.0396,0.0494,0.05515,0.06861,0.096258,0.01695,0.001695,0.06455,0.0835,0.098,0.10905,0.13041,0.048766,0.01131,0.001131,0.02752,0.0396,0.0494,0.05515,0.06861,0.145024,0.02753,0.002753,0.0933,0.12145,0.1471,0.16435,0.19549
14.25,0.851078,0.02832,0.002832,0.8,0.83155,0.8487,0.8754,0.90478,0.04961,0.01153,0.001153,0.02697,0.04005,0.0501,0.05725,0.0707,0.099312,0.01754,0.001754,0.06646,0.0857,0.1008,0.113,0.13411,0.04961,0.01153,0.001153,0.02697,0.04005,0.0501,0.05725,0.0707,0.148922,0.02832,0.002832,0.09522,0.1246,0.1513,0.16845,0.2
14.5,0.847162,0.02908,0.002908,0.79568,0.82755,0.844,0.8711,0.90248,0.050396,0.01166,0.001166,0.02776,0.04035,0.0513,0.0586,0.07121,0.102442,0.0181,0.00181,0.06844,0.088,0.1046,0.11685,0.13821,0.050396,0.01166,0.001166,0.02776,0.04035,0.0513,0.0586,0.07121,0.152838,0.02908,0.002908,0.09752,0.1289,0.156,0.17245,0.20433
14.75,0.84325,0.02985,0.002985,0.79006,0.82375,0.8407,0.8683,0.89971,0.051154,0.01175,0.001175,0.0285,0.0413,0.0522,0.05905,0.07292,0.105596,0.01882,0.001882,0.0714,0.09065,0.1077,0.11985,0.14281,0.051154,0.01175,0.001175,0.0285,0.0413,0.0522,0.05905,0.07292,0.15675,0.02985,0.002985,0.10029,0.1317,0.1593,0.17625,0.20994
15.0,0.839252,0.03079,0.003079,0.78477,0.8189,0.8363,0.86585,0.89729,0.051978,0.012,0.0012,0.02912,0.04255,0.0523,0.06,0.07312,0.10877,0.01961,0.001961,0.07292,0.09275,0.1112,0.1235,0.14692,0.051978,0.012,0.0012,0.02912,0.04255,0.0523,0.06,0.07312,0.160748,0.03079,0.003079,0.10271,0.13415,0.1637,0.1811,0.21523
15.25,0.835202,0.0315,0.00315,0.78084,0.81365,0.8324,0.8625,0.8949,0.052724,0.01205,0.001205,0.02956,0.04355,0.0536,0.061,0.07316,0.112074,0.02026,0.002026,0.0745,0.09555,0.114,0.128,0.15112,0.052724,0.01205,0.001205,0.02956,0.04355,0.0536,0.061,0.07316,0.164798,0.0315,0.00315,0.1051,0.1375,0.1676,0.18635,0.21916
15.5,0.83106,0.03229,0.003229,0.77587,0.8083,0.8285,0.85825,0.89177,0.053492,0.01217,0.001217,0.03013,0.0449,0.0535,0.0621,0.07526,0.115448,0.02097,0.002097,0.07678,0.09855,0.1176,0.13165,0.15531,0.053492,0.01217,0.001217,0.03013,0.0449,0.0535,0.0621,0.07526,0.16894,0.03229,0.003229,0.10824,0.14175,0.1715,0.1917,0.22413
15.75,0.827,0.03295,0.003295,0.77062,0.80475,0.8243,0.85435,0.8887,0.054206,0.01218,0.001218,0.03138,0.04575,0.0549,0.06305,0.07542,0.118794,0.02167,0.002167,0.07868,0.10155,0.1204,0.13495,0.15959,0.054206,0.01218,0.001218,0.03138,0.04575,0.0549,0.06305,0.07542,0.173,0.03295,0.003295,0.1113,0.14565,0.1757,0.19525,0.22938
16.0,0.82273,0.03373,0.003373,0.76514,0.8,0.8195,0.85145,0.88628,0.05494,0.01232,0.001232,0.03144,0.0457,0.0559,0.06325,0.07773,0.12233,0.02233,0.002233,0.08066,0.10425,0.1237,0.1387,0.1642,0.05494,0.01232,0.001232,0.03144,0.0457,0.0559,0.06325,0.07773,0.17727,0.03373,0.003373,0.11372,0.14855,0.1805,0.2,0.23486
16.25,0.818588,0.0346,0.00346,0.76031,0.7945,0.8146,0.84725,0.8828,0.055674,0.01243,0.001243,0.03356,0.0465,0.0568,0.0637,0.07756,0.125738,0.02309,0.002309,0.08203,0.1071,0.1274,0.1424,0.16881,0.055674,0.01243,0.001243,0.03356,0.0465,0.0568,0.0637,0.07756,0.181412,0.0346,0.00346,0.1172,0.15275,0.1854,0.2055,0.23969
16.5,0.814482,0.03537,0.003537,0.75537,0.791,0.8103,0.844,0.8808,0.056216,0.01249,0.001249,0.03281,0.04695,0.057,0.0643,0.07842,0.129302,0.02384,0.002384,0.08534,0.10955,0.1312,0.14625,0.1746,0.056216,0.01249,0.001249,0.03281,0.04695,0.057,0.0643,0.07842,0.185518,0.03537,0.003537,0.1192,0.156,0.1897,0.209,0.24463
16.75,0.81026,0.03615,0.003615,0.7499,0.786,0.8063,0.84035,0.87772,0.057018,0.01249,0.001249,0.03421,0.0479,0.0576,0.0659,0.07803,0.132722,0.02461,0.002461,0.0873,0.1122,0.1349,0.15005,0.1786,0.057018,0.01249,0.001249,0.03421,0.0479,0.0576,0.0659,0.07803,0.18974,0.03615,0.003615,0.12228,0.15965,0.1937,0.214,0.25011
17.0,0.805768,0.03695,0.003695,0.7427,0.78215,0.8016,0.83655,0.87446,0.057852,0.01259,0.001259,0.0352,0.0487,0.0583,0.0668,0.07911,0.13638,0.02533,0.002533,0.09015,0.1155,0.1382,0.15425,0.18329,0.057852,0.01259,0.001259,0.0352,0.0487,0.0583,0.0668,0.07911,0.194232,0.03695,0.003695,0.12554,0.16345,0.1984,0.21785,0.2573
17.25,0.8014,0.0378,0.00378,0.73739,0.77675,0.7974,0.8332,0.87217,0.058472,0.01272,0.001272,0.03581,0.049,0.0585,0.06735,0.0807,0.140128,0.02603,0.002603,0.09202,0.1183,0.1427,0.158,0.187,0.058472,0.01272,0.001272,0.03581,0.049,0.0585,0.06735,0.0807,0.1986,0.0378,0.00378,0.12783,0.1668,0.2026,0.22325,0.26261
17.5,0.797002,0.03856,0.003856,0.73135,0.77135,0.7937,0.8299,0.86928,0.059102,0.01277,0.001277,0.03633,0.04915,0.0604,0.0681,0.08079,0.143896,0.02676,0.002676,0.0944,0.12135,0.1461,0.162,0.19297,0.059102,0.01277,0.001277,0.03633,0.04915,0.0604,0.0681,0.08079,0.202998,0.03856,0.003856,0.13072,0.1701,0.2063,0.22865,0.26865
17.75,0.792572,0.03949,0.003949,0.72475,0.7672,0.7892,0.82555,0.86633,0.059856,0.01303,0.001303,0.03689,0.04975,0.0606,0.069,0.08366,0.147572,0.02739,0.002739,0.09679,0.1238,0.1505,0.16685,0.19705,0.059856,0.01303,0.001303,0.03689,0.04975,0.0606,0.069,0.08366,0.207428,0.03949,0.003949,0.13367,0.17445,0.2108,0.2328,0.27525
18.0,0.788112,0.04024,0.004024,0.71846,0.7633,0.7852,0.8213,0.86264,0.06063,0.01308,0.001308,0.03745,0.0505,0.0612,0.0698,0.08458,0.151258,0.02814,0.002814,0.09991,0.12765,0.1544,0.17085,0.20207,0.06063,0.01308,0.001308,0.03745,0.0505,0.0612,0.0698,0.08458,0.211888,0.04024,0.004024,0.13736,0.1787,0.2148,0.2367,0.28154
18.25,0.783608,0.04092,0.004092,0.71217,0.759,0.78,0.81755,0.85937,0.061224,0.01309,0.001309,0.03835,0.0522,0.0614,0.0705,0.08431,0.155168,0.0288,0.00288,0.1022,0.1305,0.1579,0.17505,0.2068,0.061224,0.01309,0.001309,0.03835,0.0522,0.0614,0.0705,0.08431,0.216392,0.04092,0.004092,0.14064,0.18245,0.22,0.241,0.28783
18.5,0.779086,0.04164,0.004164,0.70676,0.7529,0.7751,0.8131,0.8558,0.06181,0.01296,0.001296,0.03847,0.05265,0.0625,0.0711,0.08498,0.159104,0.02965,0.002965,0.10478,0.1339,0.1617,0.17985,0.21166,0.06181,0.01296,0.001296,0.03847,0.05265,0.0625,0.0711,0.08498,0.220914,0.04164,0.004164,0.1442,0.1869,0.2249,0.2471,0.29324
18.75,0.774466,0.04235,0.004235,0.69988,0.7487,0.7698,0.8091,0.85155,0.06256,0.01309,0.001309,0.03858,0.0524,0.0639,0.0722,0.08686,0.162974,0.03035,0.003035,0.10758,0.1373,0.1662,0.1837,0.21636,0.06256,0.01309,0.001309,0.03858,0.0524,0.0639,0.0722,0.08686,0.225534,0.04235,0.004235,0.14845,0.1909,0.2302,0.2513,0.30012
19.0,0.769978,0.04303,0.004303,0.69418,0.74415,0.7657,0.8036,0.8483,0.063104,0.01321,0.001321,0.03907,0.05365,0.0644,0.07295,0.08774,0.166918,0.03092,0.003092,0.11026,0.14185,0.1706,0.1879,0.22125,0.063104,0.01321,0.001321,0.03907,0.05365,0.0644,0.07295,0.08774,0.230022,0.04303,0.004303,0.1517,0.1964,0.2343,0.25585,0.30582
19.25,0.765416,0.04363,0.004363,0.68815,0.73875,0.7608,0.80045,0.84459,0.063802,0.01305,0.001305,0.03897,0.05475,0.0656,0.07275,0.08763,0.170782,0.03178,0.003178,0.11226,0.14495,0.1748,0.19135,0.22578,0.063802,0.01305,0.001305,0.03897,0.05475,0.0656,0.07275,0.08763,0.234584,0.04363,0.004363,0.15541,0.19955,0.2392,0.26125,0.31185
19.5,0.760922,0.04432,0.004432,0.68397,0.73375,0.7571,0.7961,0.8419,0.064282,0.01307,0.001307,0.04007,0.05595,0.0661,0.07365,0.08801,0.174796,0.03245,0.003245,0.11452,0.1484,0.1787,0.19475,0.2296,0.064282,0.01307,0.001307,0.04007,0.05595,0.0661,0.07365,0.08801,0.239078,0.04432,0.004432,0.1581,0.2039,0.2429,0.26625,0.31603
19.75,0.75629,0.04489,0.004489,0.67777,0.7287,0.7523,0.79165,0.83865,0.06497,0.01299,0.001299,0.04108,0.0575,0.0662,0.0738,0.08925,0.17874,0.03306,0.003306,0.11704,0.15215,0.183,0.1982,0.23366,0.06497,0.01299,0.001299,0.04108,0.0575,0.0662,0.0738,0.08925,0.24371,0.04489,0.004489,0.16136,0.20835,0.2477,0.2713,0.32223
20.0,0.751818,0.04549,0.004549,0.67134,0.724,0.7475,0.7875,0.83528,0.065376,0.01296,0.001296,0.04118,0.05765,0.0663,0.07385,0.0888,0.182806,0.03376,0.003376,0.11954,0.1552,0.1869,0.2035,0.23852,0.065376,0.01296,0.001296,0.04118,0.05765,0.0663,0.07385,0.0888,0.248182,0.04549,0.004549,0.16472,0.2125,0.2525,0.276,0.32866
20.25,0.74731,0.04607,0.004607,0.66664,0.7191,0.7427,0.78355,0.83223,0.06582,0.01285,0.001285,0.04093,0.0581,0.0678,0.0737,0.08885,0.18687,0.03452,0.003452,0.12276,0.1585,0.1907,0.2076,0.2451,0.06582,0.01285,0.001285,0.04093,0.0581,0.0678,0.0737,0.08885,0.25269,0.04607,0.004607,0.16777,0.21645,0.2573,0.2809,0.33335
20.5,0.742878,0.04665,0.004665,0.66164,0.71375,0.7381,0.7802,0.82785,0.066006,0.01263,0.001263,0.04148,0.05815,0.0673,0.07365,0.08712,0.191116,0.03528,0.003528,0.12626,0.1635,0.1944,0.2122,0.25272,0.066006,0.01263,0.001263,0.04148,0.05815,0.0673,0.07365,0.08712,0.257122,0.04665,0.004665,0.17215,0.2198,0.2619,0.28625,0.33836
20.75,0.73827,0.04727,0.004727,0.65674,0.70895,0.7337,0.77685,0.82417,0.06648,0.01261,0.001261,0.0411,0.059,0.0669,0.0748,0.08801,0.19525,0.03596,0.003596,0.13017,0.16685,0.1992,0.2174,0.25733,0.06648,0.01261,0.001261,0.0411,0.059,0.0669,0.0748,0.08801,0.26173,0.04727,0.004727,0.17584,0.22315,0.2663,0.29105,0.34326
21.0,0.733652,0.04768,0.004768,0.65214,0.7038,0.7296,0.7725,0.81945,0.066976,0.01266,0.001266,0.04068,0.0595,0.0674,0.0756,0.08822,0.199372,0.03657,0.003657,0.13337,0.171,0.2036,0.22205,0.26223,0.066976,0.01266,0.001266,0.04068,0.0595,0.0674,0.0756,0.08822,0.266348,0.04768,0.004768,0.18056,0.2275,0.2704,0.2962,0.34786
21.25,0.729114,0.04816,0.004816,0.6462,0.69945,0.724,0.7685,0.81618,0.067388,0.01258,0.001258,0.0417,0.0603,0.0674,0.0768,0.08745,0.203498,0.03721,0.003721,0.13595,0.1741,0.208,0.226,0.2672,0.067388,0.01258,0.001258,0.0417,0.0603,0.0674,0.0768,0.08745,0.270886,0.04816,0.004816,0.18382,0.2315,0.276,0.30055,0.3538
21.5,0.72439,0.0486,0.00486,0.64151,0.6946,0.7193,0.7645,0.81212,0.067874,0.01237,0.001237,0.04291,0.06195,0.0684,0.0762,0.0881,0.207736,0.0379,0.00379,0.13852,0.1776,0.2123,0.2307,0.27172,0.067874,0.01237,0.001237,0.04291,0.06195,0.0684,0.0762,0.0881,0.27561,0.0486,0.00486,0.18788,0.2355,0.2807,0.3054,0.35849
21.75,0.71978,0.04899,0.004899,0.63709,0.6901,0.7143,0.75935,0.80885,0.068212,0.01225,0.001225,0.04355,0.0616,0.0692,0.0762,0.08792,0.212008,0.0385,0.00385,0.14209,0.1814,0.2166,0.23555,0.2775,0.068212,0.01225,0.001225,0.04355,0.0616,0.0692,0.0762,0.08792,0.28022,0.04899,0.004899,0.19116,0.24065,0.2857,0.3099,0.36291
22.0,0.715234,0.04956,0.004956,0.63246,0.6838,0.7103,0.7544,0.80529,0.068424,0.01203,0.001203,0.04438,0.0627,0.0696,0.07665,0.08674,0.216342,0.03928,0.003928,0.14545,0.18385,0.2204,0.2397,0.28421,0.068424,0.01203,0.001203,0.04438,0.0627,0.0696,0.07665,0.08674,0.284766,0.04956,0.004956,0.19472,0.2456,0.2897,0.3162,0.36754
22.25,0.71059,0.0501,0.00501,0.62679,0.6782,0.7064,0.7501,0.80182,0.068864,0.01196,0.001196,0.04562,0.06215,0.0698,0.07725,0.08792,0.220546,0.04004,0.004004,0.1485,0.18665,0.2246,0.24495,0.28934,0.068864,0.01196,0.001196,0.04562,0.06215,0.0698,0.07725,0.08792,0.28941,0.0501,0.00501,0.19818,0.2499,0.2936,0.3218,0.37321
22.5,0.705976,0.05061,0.005061,0.62208,0.67345,0.701,0.74515,0.79853,0.069226,0.01195,0.001195,0.04504,0.0621,0.0706,0.0776,0.08702,0.224798,0.04064,0.004064,0.15174,0.19005,0.2282,0.2511,0.29462,0.069226,0.01195,0.001195,0.04504,0.0621,0.0706,0.0776,0.08702,0.294024,0.05061,0.005061,0.20147,0.25485,0.299,0.32655,0.37793
22.75,0.70142,0.05107,0.005107,0.61686,0.6671,0.6973,0.7396,0.79474,0.069346,0.01195,0.001195,0.04527,0.062,0.0701,0.0782,0.08612,0.229234,0.04121,0.004121,0.15574,0.1961,0.2325,0.25625,0.30114,0.069346,0.01195,0.001195,0.04527,0.062,0.0701,0.0782,0.08612,0.29858,0.05107,0.005107,0.20526,0.2604,0.3027,0.3329,0.38314
23.0,0.69676,0.05146,0.005146,0.61344,0.6621,0.6926,0.7343,0.792,0.069672,0.01199,0.001199,0.04466,0.0621,0.0714,0.07765,0.08572,0.233568,0.04177,0.004177,0.16021,0.1999,0.2372,0.25965,0.30763,0.069672,0.01199,0.001199,0.04466,0.0621,0.0714,0.07765,0.08572,0.30324,0.05146,0.005146,0.208,0.2657,0.3074,0.3379,0.38656
23.25,0.69235,0.05172,0.005172,0.6102,0.65715,0.6887,0.73035,0.78908,0.069698,0.01174,0.001174,0.04436,0.06285,0.0712,0.07755,0.08616,0.237952,0.04239,0.004239,0.16382,0.2038,0.2414,0.26465,0.31193,0.069698,0.01174,0.001174,0.04436,0.06285,0.0712,0.07755,0.08616,0.30765,0.05172,0.005172,0.21092,0.26965,0.3113,0.34285,0.3898
23.5,0.687924,0.05206,0.005206,0.60488,0.65115,0.6849,0.7259,0.78555,0.069816,0.01155,0.001155,0.04434,0.06305,0.0715,0.0778,0.08641,0.24226,0.04289,0.004289,0.16828,0.2065,0.2453,0.2688,0.31727,0.069816,0.01155,0.001155,0.04434,0.06305,0.0715,0.0778,0.08641,0.312076,0.05206,0.005206,0.21445,0.2741,0.3151,0.34885,0.39512
23.75,0.683446,0.0524,0.00524,0.60128,0.6465,0.6799,0.7213,0.78242,0.069858,0.01144,0.001144,0.04374,0.0631,0.0708,0.07745,0.08592,0.246696,0.04347,0.004347,0.17229,0.20975,0.2498,0.27365,0.32408,0.069858,0.01144,0.001144,0.04374,0.0631,0.0708,0.07745,0.08592,0.316554,0.0524,0.00524,0.21758,0.2787,0.3201,0.3535,0.39873
24.0,0.678868,0.05277,0.005277,0.59626,0.6423,0.6754,0.7157,0.77945,0.070016,0.01137,0.001137,0.04404,0.06395,0.0706,0.0777,0.08681,0.251116,0.04391,0.004391,0.17534,0.21365,0.2555,0.27785,0.32856,0.070016,0.01137,0.001137,0.04404,0.06395,0.0706,0.0777,0.08681,0.321132,0.05277,0.005277,0.22056,0.2843,0.3246,0.3577,0.40374
24.25,0.674426,0.05311,0.005311,0.59242,0.63715,0.671,0.7108,0.77553,0.070162,0.01124,0.001124,0.04562,0.06445,0.0709,0.07805,0.0867,0.255412,0.04449,0.004449,0.17849,0.21805,0.2594,0.28175,0.33334,0.070162,0.01124,0.001124,0.04562,0.06445,0.0709,0.07805,0.0867,0.325574,0.05311,0.005311,0.22447,0.2892,0.329,0.36285,0.40758
24.5,0.670002,0.05336,0.005336,0.58763,0.632,0.6664,0.7068,0.77259,0.070094,0.01113,0.001113,0.04518,0.06415,0.0715,0.07785,0.08661,0.259904,0.04503,0.004503,0.1818,0.2223,0.2636,0.2864,0.33884,0.070094,0.01113,0.001113,0.04518,0.06415,0.0715,0.07785,0.08661,0.329998,0.05336,0.005336,0.22742,0.2932,0.3336,0.368,0.41237
24.75,0.665768,0.0536,0.00536,0.58407,0.62775,0.6626,0.7018,0.76938,0.069824,0.0109,0.00109,0.04534,0.0635,0.0709,0.07765,0.08642,0.264408,0.04561,0.004561,0.18476,0.2262,0.2678,0.29225,0.34396,0.069824,0.0109,0.00109,0.04534,0.0635,0.0709,0.07765,0.08642,0.334232,0.0536,0.00536,0.23062,0.2982,0.3374,0.37225,0.41594
25.0,0.661506,0.05392,0.005392,0.58019,0.62215,0.658,0.69715,0.76718,0.069574,0.01104,0.001104,0.04384,0.06425,0.0706,0.07625,0.0857,0.26892,0.04597,0.004597,0.18846,0.23095,0.2723,0.29755,0.348,0.069574,0.01104,0.001104,0.04384,0.06425,0.0706,0.07625,0.0857,0.338494,0.05392,0.005392,0.23282,0.30285,0.342,0.37785,0.41981
25.25,0.65716,0.05423,0.005423,0.57432,0.61805,0.6543,0.69305,0.76406,0.069494,0.01113,0.001113,0.04364,0.06375,0.0707,0.0771,0.08683,0.273346,0.04627,0.004627,0.19177,0.2356,0.2763,0.30165,0.35156,0.069494,0.01113,0.001113,0.04364,0.06375,0.0707,0.0771,0.08683,0.34284,0.05423,0.005423,0.23594,0.30695,0.3457,0.38195,0.42568
25.5,0.652918,0.05443,0.005443,0.56966,0.6138,0.6495,0.6893,0.76107,0.0693,0.0109,0.00109,0.045,0.063,0.071,0.07645,0.08661,0.277782,0.04661,0.004661,0.19429,0.2389,0.2807,0.3067,0.3555,0.0693,0.0109,0.00109,0.045,0.063,0.071,0.07645,0.08661,0.347082,0.05443,0.005443,0.23893,0.3107,0.3505,0.3862,0.43034
25.75,0.648864,0.05462,0.005462,0.56572,0.61005,0.6447,0.68465,0.75796,0.068878,0.01066,0.001066,0.04489,0.064,0.0707,0.0764,0.08479,0.282258,0.04701,0.004701,0.19808,0.24365,0.2861,0.31265,0.35956,0.068878,0.01066,0.001066,0.04489,0.064,0.0707,0.0764,0.08479,0.351136,0.05462,0.005462,0.24204,0.31535,0.3553,0.38995,0.43428
26.0,0.644584,0.05489,0.005489,0.56146,0.60575,0.6399,0.67985,0.75536,0.06889,0.01048,0.001048,0.04582,0.0642,0.0704,0.07665,0.08428,0.286526,0.04752,0.004752,0.20008,0.2488,0.2903,0.3173,0.36355,0.06889,0.01048,0.001048,0.04582,0.0642,0.0704,0.07665,0.08428,0.355416,0.05489,0.005489,0.24464,0.32015,0.3601,0.39425,0.43854
26.25,0.640566,0.05507,0.005507,0.55821,0.60245,0.6373,0.6753,0.75257,0.068842,0.01048,0.001048,0.04498,0.06395,0.0709,0.0759,0.08451,0.290592,0.04781,0.004781,0.20208,0.25315,0.2947,0.3224,0.36701,0.068842,0.01048,0.001048,0.04498,0.06395,0.0709,0.0759,0.08451,0.359434,0.05507,0.005507,0.24744,0.3247,0.3627,0.39755,0.4418
26.5,0.636352,0.05523,0.005523,0.55492,0.5968,0.6325,0.6706,0.74955,0.068724,0.01036,0.001036,0.04575,0.0635,0.07,0.0756,0.08429,0.294924,0.04817,0.004817,0.20448,0.25695,0.2995,0.32735,0.37174,0.068724,0.01036,0.001036,0.04575,0.0635,0.07,0.0756,0.08429,0.363648,0.05523,0.005523,0.25046,0.3294,0.3675,0.4032,0.44508
26.75,0.632274,0.05544,0.005544,0.55082,0.59345,0.6278,0.66565,0.7474,0.06848,0.01048,0.001048,0.04693,0.063,0.0704,0.0754,0.08468,0.299246,0.0484,0.00484,0.20817,0.2618,0.3037,0.3321,0.3754,0.06848,0.01048,0.001048,0.04693,0.063,0.0704,0.0754,0.08468,0.367726,0.05544,0.005544,0.2526,0.33435,0.3722,0.40655,0.44918
27.0,0.628202,0.05548,0.005548,0.54672,0.5894,0.6251,0.6612,0.74329,0.068248,0.01016,0.001016,0.04813,0.063,0.0693,0.07525,0.08357,0.30355,0.04875,0.004875,0.2113,0.2674,0.3082,0.33705,0.38092,0.068248,0.01016,0.001016,0.04813,0.063,0.0693,0.07525,0.08357,0.371798,0.05548,0.005548,0.25672,0.3388,0.3749,0.4106,0.45328
27.25,0.624318,0.05562,0.005562,0.54337,0.58615,0.6204,0.656,0.74011,0.06771,0.01001,0.001001,0.04702,0.0628,0.0692,0.07415,0.08327,0.307972,0.04913,0.004913,0.21488,0.27265,0.3116,0.34065,0.38485,0.06771,0.01001,0.001001,0.04702,0.0628,0.0692,0.07415,0.08327,0.375682,0.05562,0.005562,0.2599,0.344,0.3796,0.41385,0.45663
27.5,0.62032,0.05575,0.005575,0.53977,0.5825,0.6169,0.65225,0.7375,0.067488,0.00991,0.000991,0.04735,0.0618,0.0691,0.0742,0.08215,0.312192,0.04952,0.004952,0.21734,0.27645,0.3162,0.34585,0.38995,0.067488,0.00991,0.000991,0.04735,0.0618,0.0691,0.0742,0.08215,0.37968,0.05575,0.005575,0.2625,0.34775,0.3831,0.4175,0.46023
27.75,0.61634,0.05587,0.005587,0.53598,0.58,0.6131,0.6476,0.73468,0.06715,0.00976,0.000976,0.04756,0.061,0.0691,0.07385,0.08134,0.31651,0.04987,0.004987,0.22014,0.28105,0.32,0.3508,0.39408,0.06715,0.00976,0.000976,0.04756,0.061,0.0691,0.07385,0.08134,0.38366,0.05587,0.005587,0.26531,0.3524,0.3869,0.42,0.46402
28.0,0.612474,0.05588,0.005588,0.53179,0.5762,0.61,0.6424,0.73128,0.066772,0.00961,0.000961,0.04806,0.061,0.068,0.07345,0.08083,0.320754,0.05011,0.005011,0.22315,0.2861,0.3238,0.35465,0.39845,0.066772,0.00961,0.000961,0.04806,0.061,0.068,0.07345,0.08083,0.387526,0.05588,0.005588,0.26872,0.3576,0.39,0.4238,0.46821
28.25,0.608798,0.05593,0.005593,0.52768,0.57295,0.6053,0.6378,0.72804,0.06627,0.00948,0.000948,0.04928,0.06055,0.0673,0.0736,0.07995,0.324932,0.05047,0.005047,0.22643,0.2917,0.328,0.3595,0.40327,0.06627,0.00948,0.000948,0.04928,0.06055,0.0673,0.0736,0.07995,0.391202,0.05593,0.005593,0.27196,0.3622,0.3947,0.42705,0.47232
28.5,0.60514,0.05592,0.005592,0.52416,0.56935,0.6007,0.6334,0.72544,0.065702,0.00917,0.000917,0.0497,0.0605,0.0666,0.07245,0.07903,0.329158,0.05078,0.005078,0.22914,0.2956,0.3318,0.36455,0.40805,0.065702,0.00917,0.000917,0.0497,0.0605,0.0666,0.07245,0.07903,0.39486,0.05592,0.005592,0.27456,0.3666,0.3993,0.43065,0.47584
28.75,0.601466,0.05604,0.005604,0.52069,0.5655,0.5963,0.63,0.72223,0.065264,0.00878,0.000878,0.0505,0.0598,0.066,0.07175,0.0767,0.33327,0.0511,0.00511,0.23145,0.2992,0.3355,0.36925,0.41287,0.065264,0.00878,0.000878,0.0505,0.0598,0.066,0.07175,0.0767,0.398534,0.05604,0.005604,0.27778,0.37,0.4037,0.4345,0.47932
29.0,0.597794,0.05594,0.005594,0.51758,0.56225,0.5906,0.62555,0.71902,0.064874,0.00884,0.000884,0.05004,0.05975,0.0655,0.07125,0.07812,0.337332,0.05137,0.005137,0.23531,0.3038,0.339,0.3729,0.41736,0.064874,0.00884,0.000884,0.05004,0.05975,0.0655,0.07125,0.07812,0.402206,0.05594,0.005594,0.28097,0.37445,0.4094,0.43775,0.48242
29.25,0.594262,0.05589,0.005589,0.51438,0.55985,0.5874,0.6214,0.71615,0.064424,0.0087,0.00087,0.04842,0.05895,0.0653,0.07065,0.07731,0.341314,0.05163,0.005163,0.23884,0.30815,0.3435,0.37665,0.4205,0.064424,0.0087,0.00087,0.04842,0.05895,0.0653,0.07065,0.07731,0.405738,0.05589,0.005589,0.28385,0.3786,0.4126,0.44015,0.48562
29.5,0.59073,0.05576,0.005576,0.51208,0.55625,0.5838,0.61695,0.71394,0.063972,0.00846,0.000846,0.0484,0.0592,0.0639,0.07045,0.07672,0.345298,0.05178,0.005178,0.24222,0.3126,0.3477,0.3797,0.42484,0.063972,0.00846,0.000846,0.0484,0.0592,0.0639,0.07045,0.07672,0.40927,0.05576,0.005576,0.28606,0.38305,0.4162,0.44375,0.48793
29.75,0.587252,0.05578,0.005578,0.50804,0.55305,0.5803,0.61405,0.71024,0.06343,0.00828,0.000828,0.04964,0.05875,0.0635,0.0695,0.07644,0.349318,0.05196,0.005196,0.24362,0.3174,0.3513,0.3832,0.42935,0.06343,0.00828,0.000828,0.04964,0.05875,0.0635,0.0695,0.07644,0.412748,0.05578,0.005578,0.28976,0.38595,0.4197,0.44695,0.49196
30.0,0.583754,0.05577,0.005577,0.50439,0.54975,0.5773,0.6108,0.70742,0.062946,0.00822,0.000822,0.0501,0.05735,0.063,0.06905,0.0754,0.3533,0.0521,0.00521,0.24601,0.32185,0.356,0.38695,0.43242,0.062946,0.00822,0.000822,0.0501,0.05735,0.063,0.06905,0.0754,0.416246,0.05577,0.005577,0.29258,0.3892,0.4227,0.45025,0.49561
30.25,0.58034,0.05577,0.005577,0.50099,0.5457,0.5727,0.6078,0.70486,0.062466,0.00814,0.000814,0.04939,0.0576,0.063,0.06725,0.0763,0.357194,0.05234,0.005234,0.24913,0.32665,0.3594,0.39165,0.43556,0.062466,0.00814,0.000814,0.04939,0.0576,0.063,0.06725,0.0763,0.41966,0.05577,0.005577,0.29514,0.3922,0.4273,0.4543,0.49901
30.5,0.576972,0.05576,0.005576,0.49738,0.54245,0.5687,0.60495,0.70202,0.061946,0.00788,0.000788,0.04866,0.0577,0.0618,0.0667,0.075,0.361082,0.05252,0.005252,0.25142,0.3307,0.363,0.39525,0.43915,0.061946,0.00788,0.000788,0.04866,0.0577,0.0618,0.0667,0.075,0.423028,0.05576,0.005576,0.29798,0.39505,0.4313,0.45755,0.50262
30.75,0.573726,0.05562,0.005562,0.49407,0.5397,0.5663,0.6021,0.69952,0.061268,0.00784,0.000784,0.04697,0.0569,0.0611,0.06585,0.07511,0.365006,0.05268,0.005268,0.25456,0.33525,0.3671,0.39955,0.44313,0.061268,0.00784,0.000784,0.04697,0.0569,0.0611,0.06585,0.07511,0.426274,0.05562,0.005562,0.30048,0.3979,0.4337,0.4603,0.50592
31.0,0.570614,0.05547,0.005547,0.49216,0.53615,0.5636,0.59805,0.69625,0.060528,0.00774,0.000774,0.04649,0.05595,0.0604,0.0655,0.07414,0.368858,0.05292,0.005292,0.25714,0.33935,0.3707,0.4035,0.4467,0.060528,0.00774,0.000774,0.04649,0.05595,0.0604,0.0655,0.07414,0.429386,0.05547,0.005547,0.30375,0.40195,0.4364,0.46385,0.50784
31.25,0.567478,0.05554,0.005554,0.48964,0.5324,0.56,0.5959,0.69385,0.05992,0.00776,0.000776,0.04659,0.0556,0.0598,0.065,0.0741,0.372602,0.05321,0.005321,0.2599,0.3436,0.375,0.40805,0.45063,0.05992,0.00776,0.000776,0.04659,0.0556,0.0598,0.065,0.0741,0.432522,0.05554,0.005554,0.30615,0.4041,0.44,0.4676,0.51036
31.5,0.564406,0.05542,0.005542,0.4867,0.52895,0.5568,0.59195,0.69154,0.059302,0.00766,0.000766,0.04499,0.05415,0.0592,0.06395,0.07302,0.376292,0.05339,0.005339,0.2624,0.34685,0.3799,0.412,0.4544,0.059302,0.00766,0.000766,0.04499,0.05415,0.0592,0.06395,0.07302,0.435594,0.05542,0.005542,0.30846,0.40805,0.4432,0.47105,0.5133
31.75,0.561398,0.05524,0.005524,0.4848,0.5254,0.5529,0.5888,0.68878,0.058552,0.00756,0.000756,0.04408,0.05355,0.0582,0.0625,0.07141,0.38005,0.05348,0.005348,0.26442,0.35125,0.3833,0.4157,0.45838,0.058552,0.00756,0.000756,0.04408,0.05355,0.0582,0.0625,0.07141,0.438602,0.05524,0.005524,0.31122,0.4112,0.4471,0.4746,0.5152
32.0,0.558358,0.05494,0.005494,0.48248,0.5235,0.5498,0.5855,0.68528,0.05794,0.00758,0.000758,0.04297,0.0532,0.0578,0.0624,0.0705,0.383702,0.05343,0.005343,0.26781,0.35565,0.3873,0.419,0.46214,0.05794,0.00758,0.000758,0.04297,0.0532,0.0578,0.0624,0.0705,0.441642,0.05494,0.005494,0.31473,0.4145,0.4502,0.4765,0.51751
32.25,0.55541,0.05474,0.005474,0.47964,0.5203,0.5466,0.58265,0.68157,0.057216,0.00772,0.000772,0.0427,0.0524,0.0568,0.0622,0.07182,0.387374,0.05349,0.005349,0.27028,0.35945,0.3912,0.4223,0.46532,0.057216,0.00772,0.000772,0.0427,0.0524,0.0568,0.0622,0.07182,0.44459,0.05474,0.005474,0.31843,0.41735,0.4534,0.4797,0.52036
32.5,0.55236,0.05451,0.005451,0.47648,0.5167,0.5436,0.57725,0.6784,0.056602,0.00771,0.000771,0.04176,0.05155,0.0562,0.0615,0.07294,0.391038,0.05347,0.005347,0.27377,0.3631,0.3948,0.4262,0.46872,0.056602,0.00771,0.000771,0.04176,0.05155,0.0562,0.0615,0.07294,0.44764,0.05451,0.005451,0.32159,0.42275,0.4564,0.4833,0.52352
32.75,0.549536,0.0543,0.00543,0.47428,0.51375,0.5406,0.5746,0.6755,0.056014,0.00763,0.000763,0.0419,0.0516,0.0558,0.061,0.07237,0.39445,0.05342,0.005342,0.27692,0.366,0.3986,0.42955,0.47254,0.056014,0.00763,0.000763,0.0419,0.0516,0.0558,0.061,0.07237,0.450464,0.0543,0.00543,0.3245,0.4254,0.4594,0.48625,0.52572
33.0,0.546708,0.0541,0.00541,0.47237,0.50975,0.5379,0.57095,0.67186,0.055384,0.00762,0.000762,0.04168,0.0506,0.0552,0.0599,0.07228,0.397908,0.0535,0.00535,0.279,0.36955,0.403,0.4334,0.47624,0.055384,0.00762,0.000762,0.04168,0.0506,0.0552,0.0599,0.07228,0.453292,0.0541,0.00541,0.32814,0.42905,0.4621,0.49025,0.52763
33.25,0.543922,0.05394,0.005394,0.46989,0.50675,0.5343,0.56775,0.66735,0.05478,0.0075,0.00075,0.04298,0.05015,0.0547,0.05885,0.07091,0.401298,0.05352,0.005352,0.28163,0.3737,0.4067,0.4372,0.47937,0.05478,0.0075,0.00075,0.04298,0.05015,0.0547,0.05885,0.07091,0.456078,0.05394,0.005394,0.33266,0.43225,0.4657,0.49325,0.53011
33.5,0.54125,0.05385,0.005385,0.46708,0.50505,0.5317,0.56455,0.66476,0.053998,0.00742,0.000742,0.0415,0.04935,0.0533,0.0581,0.07064,0.404752,0.05332,0.005332,0.28531,0.3778,0.4104,0.44005,0.48142,0.053998,0.00742,0.000742,0.0415,0.04935,0.0533,0.0581,0.07064,0.45875,0.05385,0.005385,0.33524,0.43545,0.4683,0.49495,0.53292
33.75,0.538632,0.05366,0.005366,0.46494,0.5025,0.5287,0.56185,0.66172,0.05335,0.00737,0.000737,0.04199,0.04835,0.0531,0.05745,0.0694,0.408018,0.05336,0.005336,0.28814,0.3802,0.4135,0.4422,0.48496,0.05335,0.00737,0.000737,0.04199,0.04835,0.0531,0.05745,0.0694,0.461368,0.05366,0.005366,0.33828,0.43815,0.4713,0.4975,0.53506
34.0,0.535968,0.05344,0.005344,0.46217,0.5001,0.526,0.5591,0.6581,0.05285,0.0073,0.00073,0.0413,0.0482,0.0526,0.05705,0.06858,0.411182,0.05337,0.005337,0.29035,0.38295,0.4163,0.44595,0.48814,0.05285,0.0073,0.00073,0.0413,0.0482,0.0526,0.05705,0.06858,0.464032,0.05344,0.005344,0.3419,0.4409,0.474,0.4999,0.53783
34.25,0.53344,0.05321,0.005321,0.46026,0.49795,0.5242,0.55645,0.65463,0.052086,0.00721,0.000721,0.04079,0.04755,0.0518,0.05655,0.06663,0.414474,0.05335,0.005335,0.2936,0.38645,0.4194,0.4484,0.49163,0.052086,0.00721,0.000721,0.04079,0.04755,0.0518,0.05655,0.06663,0.46656,0.05321,0.005321,0.34537,0.44355,0.4758,0.50205,0.53974
34.5,0.53088,0.0529,0.00529,0.45844,0.49625,0.5216,0.5531,0.652,0.05147,0.00713,0.000713,0.0396,0.04675,0.051,0.0552,0.06481,0.41765,0.05327,0.005327,0.29646,0.39095,0.4227,0.4521,0.49382,0.05147,0.00713,0.000713,0.0396,0.04675,0.051,0.0552,0.06481,0.46912,0.0529,0.00529,0.348,0.4469,0.4784,0.50375,0.54156
34.75,0.528296,0.05267,0.005267,0.45599,0.49505,0.5189,0.5508,0.64872,0.050844,0.00708,0.000708,0.03928,0.04595,0.0499,0.05415,0.06541,0.42086,0.0533,0.00533,0.29968,0.39485,0.4257,0.45555,0.4971,0.050844,0.00708,0.000708,0.03928,0.04595,0.0499,0.05415,0.06541,0.471704,0.05267,0.005267,0.35128,0.4492,0.4811,0.50495,0.54401
35.0,0.525826,0.05238,0.005238,0.454,0.4926,0.5166,0.5472,0.6456,0.050288,0.00702,0.000702,0.0387,0.0458,0.0498,0.0546,0.06453,0.423886,0.05317,0.005317,0.30319,0.39745,0.4287,0.45915,0.50023,0.050288,0.00702,0.000702,0.0387,0.0458,0.0498,0.0546,0.06453,0.474174,0.05238,0.005238,0.35439,0.4528,0.4834,0.5074,0.546
35.25,0.523574,0.05219,0.005219,0.45198,0.49115,0.5147,0.54465,0.64241,0.049478,0.00698,0.000698,0.03818,0.0446,0.0488,0.0534,0.06324,0.426948,0.05308,0.005308,0.30601,0.4004,0.4318,0.4628,0.50252,0.049478,0.00698,0.000698,0.03818,0.0446,0.0488,0.0534,0.06324,0.476426,0.05219,0.005219,0.35758,0.45535,0.4853,0.50885,0.54802
35.5,0.521252,0.05194,0.005194,0.45008,0.48925,0.5124,0.5418,0.63946,0.04872,0.00703,0.000703,0.03709,0.04375,0.0475,0.053,0.06221,0.430028,0.05298,0.005298,0.30862,0.40325,0.4354,0.46525,0.505,0.04872,0.00703,0.000703,0.03709,0.04375,0.0475,0.053,0.06221,0.478748,0.05194,0.005194,0.36054,0.4582,0.4876,0.51075,0.54991
35.75,0.518942,0.0517,0.00517,0.44768,0.4873,0.5102,0.53845,0.63595,0.047978,0.00708,0.000708,0.03596,0.04295,0.0475,0.05205,0.06312,0.43308,0.05293,0.005293,0.3121,0.40615,0.4403,0.4682,0.50762,0.047978,0.00708,0.000708,0.03596,0.04295,0.0475,0.05205,0.06312,0.481058,0.0517,0.00517,0.36406,0.46155,0.4898,0.5127,0.55232
36.0,0.516612,0.05142,0.005142,0.4455,0.4852,0.5083,0.53645,0.63248,0.0472,0.00707,0.000707,0.03503,0.04215,0.0468,0.0508,0.06232,0.436188,0.0528,0.00528,0.31603,0.40855,0.444,0.4713,0.50922,0.0472,0.00707,0.000707,0.03503,0.04215,0.0468,0.0508,0.06232,0.483388,0.05142,0.005142,0.36752,0.46355,0.4917,0.5148,0.5545
36.25,0.51426,0.0512,0.00512,0.44318,0.48335,0.5066,0.53385,0.6294,0.046686,0.00712,0.000712,0.0347,0.042,0.046,0.0506,0.06193,0.439054,0.05266,0.005266,0.31944,0.41175,0.4468,0.4747,0.51102,0.046686,0.00712,0.000712,0.0347,0.042,0.046,0.0506,0.06193,0.48574,0.0512,0.00512,0.3706,0.46615,0.4934,0.51665,0.55682
36.5,0.511992,0.05103,0.005103,0.44107,0.48115,0.5051,0.53195,0.62648,0.046142,0.00718,0.000718,0.0338,0.0415,0.0453,0.05045,0.0623,0.441866,0.0526,0.00526,0.32184,0.4148,0.4495,0.47765,0.51356,0.046142,0.00718,0.000718,0.0338,0.0415,0.0453,0.05045,0.0623,0.488008,0.05103,0.005103,0.37352,0.46805,0.4949,0.51885,0.55893
36.75,0.509832,0.05085,0.005085,0.43924,0.47885,0.5037,0.52915,0.624,0.045514,0.00716,0.000716,0.0339,0.0406,0.0445,0.0497,0.0618,0.444654,0.05236,0.005236,0.32498,0.4176,0.4527,0.48,0.51584,0.045514,0.00716,0.000716,0.0339,0.0406,0.0445,0.0497,0.0618,0.490168,0.05085,0.005085,0.376,0.47085,0.4963,0.52115,0.56076
37.0,0.50764,0.05061,0.005061,0.43702,0.47695,0.5018,0.52755,0.62075,0.04475,0.00713,0.000713,0.0331,0.03995,0.0439,0.04855,0.06154,0.44761,0.05223,0.005223,0.32811,0.4218,0.4555,0.484,0.51836,0.04475,0.00713,0.000713,0.0331,0.03995,0.0439,0.04855,0.06154,0.49236,0.05061,0.005061,0.37926,0.47245,0.4982,0.52305,0.56298
37.25,0.505614,0.05041,0.005041,0.43581,0.47455,0.5003,0.5251,0.61737,0.044082,0.00707,0.000707,0.03248,0.03975,0.043,0.04805,0.0609,0.450304,0.05208,0.005208,0.33197,0.4248,0.4589,0.4862,0.52035,0.044082,0.00707,0.000707,0.03248,0.03975,0.043,0.04805,0.0609,0.494386,0.05041,0.005041,0.38264,0.4749,0.4997,0.52545,0.56419
37.5,0.503572,0.05005,0.005005,0.43404,0.47245,0.4984,0.5235,0.61403,0.043404,0.00707,0.000707,0.0314,0.039,0.0422,0.04725,0.0605,0.453024,0.05199,0.005199,0.33556,0.4284,0.4615,0.48855,0.52312,0.043404,0.00707,0.000707,0.0314,0.039,0.0422,0.04725,0.0605,0.496428,0.05005,0.005005,0.38598,0.4765,0.5016,0.52755,0.56597
37.75,0.501508,0.0497,0.00497,0.43202,0.47115,0.4966,0.5223,0.61163,0.042786,0.0072,0.00072,0.0308,0.038,0.042,0.04655,0.06016,0.455706,0.05192,0.005192,0.33816,0.43165,0.4645,0.49095,0.52601,0.042786,0.0072,0.00072,0.0308,0.038,0.042,0.04655,0.06016,0.498492,0.0497,0.00497,0.38838,0.4777,0.5034,0.52885,0.56798
38.0,0.499576,0.04947,0.004947,0.43113,0.46875,0.4946,0.52085,0.60885,0.042,0.00719,0.000719,0.0297,0.037,0.0414,0.0459,0.05786,0.458424,0.05181,0.005181,0.34188,0.4353,0.4673,0.4937,0.52961,0.042,0.00719,0.000719,0.0297,0.037,0.0414,0.0459,0.05786,0.500424,0.04947,0.004947,0.39116,0.47915,0.5054,0.53125,0.56887
38.25,0.497718,0.04922,0.004922,0.42991,0.46655,0.4926,0.5199,0.60641,0.041164,0.00702,0.000702,0.02978,0.0368,0.0405,0.04465,0.0575,0.461118,0.0515,0.00515,0.34516,0.43835,0.4709,0.49535,0.53201,0.041164,0.00702,0.000702,0.02978,0.0368,0.0405,0.04465,0.0575,0.502282,0.04922,0.004922,0.3936,0.4801,0.5074,0.53345,0.57009
38.5,0.495816,0.04902,0.004902,0.4284,0.46535,0.4909,0.51795,0.60432,0.040502,0.00703,0.000703,0.029,0.03605,0.04,0.0438,0.0576,0.463682,0.05138,0.005138,0.3486,0.4417,0.4729,0.49765,0.5345,0.040502,0.00703,0.000703,0.029,0.03605,0.04,0.0438,0.0576,0.504184,0.04902,0.004902,0.39568,0.48205,0.5091,0.53465,0.5716
38.75,0.493878,0.04884,0.004884,0.42651,0.464,0.489,0.5163,0.60229,0.039776,0.00695,0.000695,0.02739,0.0356,0.0392,0.04305,0.0559,0.466346,0.05126,0.005126,0.35188,0.445,0.4751,0.50005,0.53691,0.039776,0.00695,0.000695,0.02739,0.0356,0.0392,0.04305,0.0559,0.506122,0.04884,0.004884,0.39771,0.4837,0.511,0.536,0.57349
39.0,0.49211,0.04859,0.004859,0.4254,0.4621,0.4868,0.5145,0.59978,0.039052,0.00695,0.000695,0.02708,0.03475,0.0385,0.0421,0.05537,0.468838,0.05119,0.005119,0.35471,0.4471,0.4782,0.50225,0.5387,0.039052,0.00695,0.000695,0.02708,0.03475,0.0385,0.0421,0.05537,0.50789,0.04859,0.004859,0.40022,0.4855,0.5132,0.5379,0.5746
39.25,0.490462,0.04827,0.004827,0.42471,0.46095,0.4847,0.5132,0.5976,0.03811,0.00693,0.000693,0.02539,0.034,0.0374,0.041,0.05423,0.471428,0.05099,0.005099,0.35846,0.45005,0.4805,0.50445,0.5413,0.03811,0.00693,0.000693,0.02539,0.034,0.0374,0.041,0.05423,0.509538,0.04827,0.004827,0.4024,0.4868,0.5153,0.53905,0.57529
39.5,0.488868,0.04787,0.004787,0.42353,0.45955,0.4827,0.51175,0.59529,0.03733,0.0068,0.00068,0.0245,0.0326,0.0375,0.04045,0.05324,0.473802,0.05067,0.005067,0.36123,0.45305,0.4822,0.50625,0.54261,0.03733,0.0068,0.00068,0.0245,0.0326,0.0375,0.04045,0.05324,0.511132,0.04787,0.004787,0.40471,0.48825,0.5173,0.54045,0.57647
39.75,0.487258,0.04761,0.004761,0.4223,0.45895,0.4813,0.5106,0.59288,0.03674,0.00685,0.000685,0.02478,0.03175,0.0367,0.0404,0.05254,0.476002,0.05046,0.005046,0.36361,0.4554,0.4842,0.50885,0.5442,0.03674,0.00685,0.000685,0.02478,0.03175,0.0367,0.0404,0.05254,0.512742,0.04761,0.004761,0.40712,0.4894,0.5187,0.54105,0.5777
40.0,0.485594,0.04724,0.004724,0.42112,0.4579,0.4793,0.5096,0.59016,0.03612,0.00683,0.000683,0.02448,0.0316,0.0362,0.04,0.05287,0.478286,0.05033,0.005033,0.36628,0.45825,0.4854,0.5111,0.54562,0.03612,0.00683,0.000683,0.02448,0.0316,0.0362,0.04,0.05287,0.514406,0.04724,0.004724,0.40984,0.4904,0.5207,0.5421,0.57888
40.25,0.48405,0.04703,0.004703,0.42022,0.4568,0.4779,0.5083,0.58836,0.035354,0.00681,0.000681,0.02357,0.03055,0.0358,0.03905,0.05125,0.480596,0.05019,0.005019,0.36888,0.45985,0.4871,0.51285,0.54771,0.035354,0.00681,0.000681,0.02357,0.03055,0.0358,0.03905,0.05125,0.51595,0.04703,0.004703,0.41164,0.4917,0.5221,0.5432,0.57978
40.5,0.482524,0.04669,0.004669,0.41984,0.45565,0.4753,0.50665,0.58655,0.034724,0.00693,0.000693,0.02324,0.0298,0.035,0.03825,0.05133,0.482752,0.04992,0.004992,0.37161,0.462,0.4895,0.5144,0.55043,0.034724,0.00693,0.000693,0.02324,0.0298,0.035,0.03825,0.05133,0.517476,0.04669,0.004669,0.41346,0.49335,0.5247,0.54435,0.58017
40.75,0.48101,0.04641,0.004641,0.41904,0.4542,0.4733,0.50555,0.58404,0.034134,0.00698,0.000698,0.02297,0.029,0.0338,0.03765,0.05124,0.484856,0.04975,0.004975,0.37417,0.4645,0.4909,0.51625,0.55205,0.034134,0.00698,0.000698,0.02297,0.029,0.0338,0.03765,0.05124,0.51899,0.04641,0.004641,0.41596,0.49445,0.5267,0.5458,0.58095
41.0,0.479574,0.04602,0.004602,0.41815,0.45315,0.4717,0.504,0.58147,0.033494,0.00692,0.000692,0.02298,0.02895,0.033,0.03705,0.05064,0.486932,0.04945,0.004945,0.3782,0.4662,0.4931,0.5184,0.55398,0.033494,0.00692,0.000692,0.02298,0.02895,0.033,0.03705,0.05064,0.520426,0.04602,0.004602,0.41853,0.496,0.5283,0.54685,0.58185
41.25,0.478266,0.04566,0.004566,0.41642,0.4521,0.47,0.50325,0.57939,0.03267,0.00686,0.000686,0.02238,0.0282,0.0315,0.0362,0.04991,0.489064,0.04913,0.004913,0.38147,0.46775,0.4955,0.52025,0.556,0.03267,0.00686,0.000686,0.02238,0.0282,0.0315,0.0362,0.04991,0.521734,0.04566,0.004566,0.42061,0.49675,0.53,0.5479,0.58358
41.5,0.476848,0.04539,0.004539,0.415,0.451,0.4684,0.50145,0.5778,0.032024,0.00688,0.000688,0.02228,0.02755,0.0306,0.0354,0.04923,0.491128,0.04887,0.004887,0.384,0.47005,0.4971,0.5222,0.55729,0.032024,0.00688,0.000688,0.02228,0.02755,0.0306,0.0354,0.04923,0.523152,0.04539,0.004539,0.4222,0.49855,0.5316,0.549,0.58499
41.75,0.475368,0.04504,0.004504,0.41364,0.4496,0.4663,0.49995,0.57579,0.031586,0.00697,0.000697,0.02178,0.0267,0.0305,0.03565,0.04884,0.493046,0.04861,0.004861,0.38582,0.472,0.4988,0.52415,0.5589,0.031586,0.00697,0.000697,0.02178,0.0267,0.0305,0.03565,0.04884,0.524632,0.04504,0.004504,0.42422,0.50005,0.5337,0.5504,0.58636
42.0,0.474098,0.04481,0.004481,0.41253,0.4481,0.4653,0.4991,0.5742,0.030856,0.00703,0.000703,0.0215,0.02655,0.0293,0.03425,0.04798,0.495046,0.04831,0.004831,0.3885,0.4742,0.501,0.5256,0.56037,0.030856,0.00703,0.000703,0.0215,0.02655,0.0293,0.03425,0.04798,0.525902,0.04481,0.004481,0.4258,0.5009,0.5347,0.5519,0.58747
42.25,0.472716,0.04451,0.004451,0.41154,0.447,0.4642,0.49685,0.57178,0.030318,0.00713,0.000713,0.02068,0.0262,0.0289,0.0339,0.04738,0.496966,0.04802,0.004802,0.39168,0.4754,0.5023,0.527,0.56165,0.030318,0.00713,0.000713,0.02068,0.0262,0.0289,0.0339,0.04738,0.527284,0.04451,0.004451,0.42822,0.50315,0.5358,0.553,0.58846
42.5,0.471422,0.04425,0.004425,0.41086,0.44535,0.463,0.4951,0.56997,0.02972,0.00705,0.000705,0.02009,0.0256,0.0289,0.03345,0.04643,0.498858,0.0478,0.00478,0.3938,0.47775,0.5045,0.52885,0.56305,0.02972,0.00705,0.000705,0.02009,0.0256,0.0289,0.03345,0.04643,0.528578,0.04425,0.004425,0.43004,0.5049,0.537,0.55465,0.58914
42.75,0.470176,0.04385,0.004385,0.41044,0.44415,0.4617,0.49415,0.56885,0.029216,0.00714,0.000714,0.0203,0.0246,0.0281,0.0326,0.04746,0.500608,0.04756,0.004756,0.39583,0.47895,0.5066,0.52985,0.56463,0.029216,0.00714,0.000714,0.0203,0.0246,0.0281,0.0326,0.04746,0.529824,0.04385,0.004385,0.43115,0.50585,0.5383,0.55585,0.58956
43.0,0.468968,0.04364,0.004364,0.40896,0.44355,0.4609,0.49265,0.56688,0.028622,0.00711,0.000711,0.0189,0.02355,0.0273,0.0325,0.04647,0.50241,0.04731,0.004731,0.39773,0.4804,0.5083,0.53145,0.56652,0.028622,0.00711,0.000711,0.0189,0.02355,0.0273,0.0325,0.04647,0.531032,0.04364,0.004364,0.43312,0.50735,0.5391,0.55645,0.59104
43.25,0.467742,0.04335,0.004335,0.40826,0.44195,0.4593,0.49185,0.56528,0.028066,0.00716,0.000716,0.01798,0.02355,0.0269,0.0315,0.04593,0.504192,0.04706,0.004706,0.39943,0.48205,0.511,0.53285,0.56785,0.028066,0.00716,0.000716,0.01798,0.02355,0.0269,0.0315,0.04593,0.532258,0.04335,0.004335,0.43472,0.50815,0.5407,0.55805,0.59174
43.5,0.466588,0.04305,0.004305,0.40766,0.4406,0.4589,0.4906,0.56348,0.027524,0.0071,0.00071,0.0179,0.02275,0.0264,0.03095,0.04591,0.505888,0.04692,0.004692,0.40182,0.48295,0.5125,0.53425,0.57005,0.027524,0.0071,0.00071,0.0179,0.02275,0.0264,0.03095,0.04591,0.533412,0.04305,0.004305,0.43652,0.5094,0.5411,0.5594,0.59234
43.75,0.465454,0.04277,0.004277,0.40686,0.4393,0.4581,0.48945,0.56178,0.026906,0.00718,0.000718,0.0175,0.0222,0.0255,0.0306,0.04449,0.50764,0.04665,0.004665,0.40412,0.4851,0.5135,0.53585,0.57204,0.026906,0.00718,0.000718,0.0175,0.0222,0.0255,0.0306,0.04449,0.534546,0.04277,0.004277,0.43822,0.51055,0.5419,0.5607,0.59314
44.0,0.464344,0.04248,0.004248,0.40586,0.43845,0.4575,0.48785,0.55957,0.0263,0.00712,0.000712,0.0171,0.02175,0.0248,0.0296,0.04331,0.509356,0.04634,0.004634,0.40594,0.4874,0.5149,0.53745,0.57244,0.0263,0.00712,0.000712,0.0171,0.02175,0.0248,0.0296,0.04331,0.535656,0.04248,0.004248,0.44044,0.51215,0.5425,0.56155,0.59414
44.25,0.463326,0.04225,0.004225,0.40438,0.43735,0.4568,0.4869,0.55731,0.02572,0.00708,0.000708,0.0157,0.0212,0.0239,0.02965,0.04191,0.510954,0.046,0.0046,0.40836,0.48935,0.5162,0.53805,0.57466,0.02572,0.00708,0.000708,0.0157,0.0212,0.0239,0.02965,0.04191,0.536674,0.04225,0.004225,0.44269,0.5131,0.5432,0.56265,0.59562
44.5,0.462326,0.04193,0.004193,0.40328,0.43675,0.4559,0.48625,0.55581,0.025166,0.00714,0.000714,0.0152,0.0204,0.0235,0.02845,0.04274,0.512508,0.04573,0.004573,0.41099,0.4905,0.5179,0.53955,0.57618,0.025166,0.00714,0.000714,0.0152,0.0204,0.0235,0.02845,0.04274,0.537674,0.04193,0.004193,0.4442,0.51375,0.5441,0.56325,0.59672
44.75,0.461244,0.04162,0.004162,0.40248,0.4351,0.4549,0.48485,0.55397,0.024712,0.00718,0.000718,0.01519,0.01985,0.0232,0.028,0.04288,0.514044,0.04551,0.004551,0.41329,0.4914,0.5197,0.5401,0.57669,0.024712,0.00718,0.000718,0.01519,0.01985,0.0232,0.028,0.04288,0.538756,0.04162,0.004162,0.44603,0.51515,0.5451,0.5649,0.59752
45.0,0.460242,0.04141,0.004141,0.40138,0.4334,0.4544,0.4836,0.5524,0.024276,0.00718,0.000718,0.01468,0.01955,0.0224,0.0278,0.04203,0.515482,0.04524,0.004524,0.4156,0.49395,0.5212,0.54225,0.57789,0.024276,0.00718,0.000718,0.01468,0.01955,0.0224,0.0278,0.04203,0.539758,0.04141,0.004141,0.4476,0.5164,0.5456,0.5666,0.59862
45.25,0.459162,0.0411,0.00411,0.40048,0.43255,0.4538,0.48275,0.5511,0.023852,0.00728,0.000728,0.0147,0.01895,0.0222,0.02765,0.0424,0.516986,0.04501,0.004501,0.41738,0.49475,0.523,0.54345,0.5794,0.023852,0.00728,0.000728,0.0147,0.01895,0.0222,0.02765,0.0424,0.540838,0.0411,0.00411,0.4489,0.51725,0.5462,0.56745,0.59952
45.5,0.458128,0.04077,0.004077,0.40008,0.4314,0.4531,0.48205,0.54911,0.023448,0.00723,0.000723,0.0147,0.01895,0.0218,0.0272,0.04252,0.518424,0.04467,0.004467,0.41936,0.4956,0.5248,0.5444,0.58047,0.023448,0.00723,0.000723,0.0147,0.01895,0.0218,0.0272,0.04252,0.541872,0.04077,0.004077,0.4509,0.51795,0.5469,0.5686,0.59992
45.75,0.45719,0.04048,0.004048,0.39946,0.4308,0.4523,0.4811,0.54721,0.022916,0.007,0.0007,0.01438,0.01795,0.0216,0.0266,0.0413,0.519894,0.04435,0.004435,0.42161,0.4969,0.5265,0.54565,0.58186,0.022916,0.007,0.0007,0.01438,0.01795,0.0216,0.0266,0.0413,0.54281,0.04048,0.004048,0.45279,0.5189,0.5477,0.5692,0.60054
46.0,0.45618,0.04009,0.004009,0.39866,0.4295,0.4516,0.4798,0.54522,0.022488,0.0071,0.00071,0.0138,0.01775,0.021,0.02625,0.04146,0.521332,0.04408,0.004408,0.42363,0.4982,0.5282,0.5467,0.58332,0.022488,0.0071,0.00071,0.0138,0.01775,0.021,0.02625,0.04146,0.54382,0.04009,0.004009,0.45478,0.5202,0.5484,0.5705,0.60134
46.25,0.455242,0.03981,0.003981,0.39834,0.4282,0.4512,0.47855,0.54341,0.0221,0.00707,0.000707,0.0135,0.01755,0.0206,0.02555,0.04141,0.522658,0.04386,0.004386,0.42534,0.49875,0.5298,0.548,0.58401,0.0221,0.00707,0.000707,0.0135,0.01755,0.0206,0.02555,0.04141,0.544758,0.03981,0.003981,0.45659,0.52145,0.5488,0.5718,0.60166
46.5,0.454368,0.03964,0.003964,0.39814,0.42705,0.4504,0.4772,0.54222,0.021536,0.00699,0.000699,0.013,0.017,0.02,0.025,0.03954,0.524096,0.04356,0.004356,0.42761,0.4999,0.5313,0.55005,0.5849,0.021536,0.00699,0.000699,0.013,0.017,0.02,0.025,0.03954,0.545632,0.03964,0.003964,0.45778,0.5228,0.5496,0.57295,0.60186
46.75,0.453476,0.03934,0.003934,0.39764,0.426,0.4494,0.4766,0.54001,0.021046,0.00694,0.000694,0.0124,0.0164,0.0195,0.02405,0.03947,0.525478,0.04327,0.004327,0.4303,0.5009,0.5329,0.55115,0.58561,0.021046,0.00694,0.000694,0.0124,0.0164,0.0195,0.02405,0.03947,0.546524,0.03934,0.003934,0.45999,0.5234,0.5506,0.574,0.60236
47.0,0.45263,0.03898,0.003898,0.39726,0.42545,0.4483,0.4754,0.53767,0.02042,0.00687,0.000687,0.0119,0.01575,0.019,0.0236,0.03929,0.52695,0.04295,0.004295,0.43266,0.5025,0.5339,0.5527,0.58682,0.02042,0.00687,0.000687,0.0119,0.01575,0.019,0.0236,0.03929,0.54737,0.03898,0.003898,0.46234,0.5246,0.5517,0.57455,0.60275
47.25,0.451812,0.03879,0.003879,0.39614,0.42455,0.4479,0.47475,0.53584,0.020038,0.00675,0.000675,0.0119,0.01535,0.0186,0.023,0.03819,0.52815,0.04261,0.004261,0.43444,0.5048,0.5348,0.55405,0.58742,0.020038,0.00675,0.000675,0.0119,0.01535,0.0186,0.023,0.03819,0.548188,0.03879,0.003879,0.46417,0.52525,0.5521,0.57545,0.60386
47.5,0.451048,0.03855,0.003855,0.39555,0.4236,0.4472,0.47365,0.53392,0.019518,0.00666,0.000666,0.0114,0.01495,0.0184,0.02285,0.03728,0.529434,0.04235,0.004235,0.43581,0.5058,0.5358,0.55565,0.58922,0.019518,0.00666,0.000666,0.0114,0.01495,0.0184,0.02285,0.03728,0.548952,0.03855,0.003855,0.46608,0.52635,0.5528,0.5764,0.60445
47.75,0.45023,0.03829,0.003829,0.39534,0.42315,0.4469,0.47285,0.532,0.019118,0.00668,0.000668,0.0113,0.01435,0.0182,0.0224,0.03613,0.530652,0.04221,0.004221,0.4369,0.50695,0.5373,0.5569,0.5908,0.019118,0.00668,0.000668,0.0113,0.01435,0.0182,0.0224,0.03613,0.54977,0.03829,0.003829,0.468,0.52715,0.5531,0.57685,0.60466
48.0,0.449468,0.03805,0.003805,0.39504,0.4223,0.4463,0.47205,0.53047,0.0187,0.00665,0.000665,0.01079,0.01415,0.0177,0.02225,0.03603,0.531832,0.04198,0.004198,0.43819,0.50935,0.5386,0.55765,0.5915,0.0187,0.00665,0.000665,0.01079,0.01415,0.0177,0.02225,0.03603,0.550532,0.03805,0.003805,0.46953,0.52795,0.5537,0.5777,0.60496
48.25,0.448728,0.03776,0.003776,0.39462,0.42195,0.4459,0.47125,0.52857,0.018308,0.00662,0.000662,0.0105,0.0136,0.0172,0.02165,0.03587,0.532964,0.04161,0.004161,0.44056,0.51075,0.5394,0.5583,0.5921,0.018308,0.00662,0.000662,0.0105,0.0136,0.0172,0.02165,0.03587,0.551272,0.03776,0.003776,0.47144,0.52875,0.5541,0.57805,0.60538
48.5,0.448006,0.03758,0.003758,0.39362,0.4217,0.4453,0.4708,0.52735,0.017926,0.00652,0.000652,0.01,0.01335,0.0169,0.02065,0.03571,0.534068,0.04141,0.004141,0.44248,0.51195,0.5408,0.56005,0.5926,0.017926,0.00652,0.000652,0.01,0.01335,0.0169,0.02065,0.03571,0.551994,0.03758,0.003758,0.47266,0.5292,0.5547,0.5783,0.60638
48.75,0.447288,0.0373,0.00373,0.39311,0.42135,0.4449,0.46935,0.5254,0.017612,0.00649,0.000649,0.00988,0.013,0.0164,0.02045,0.03538,0.5351,0.04117,0.004117,0.44409,0.51255,0.5414,0.56055,0.59301,0.017612,0.00649,0.000649,0.00988,0.013,0.0164,0.02045,0.03538,0.552712,0.0373,0.00373,0.4746,0.53065,0.5551,0.57865,0.60689
49.0,0.446592,0.03704,0.003704,0.39251,0.4209,0.4443,0.4682,0.52371,0.0173,0.0065,0.00065,0.0094,0.0128,0.0164,0.0202,0.03614,0.536108,0.04093,0.004093,0.44589,0.5135,0.5422,0.56135,0.59452,0.0173,0.0065,0.00065,0.0094,0.0128,0.0164,0.0202,0.03614,0.553408,0.03704,0.003704,0.4763,0.5318,0.5557,0.5791,0.60749
49.25,0.445888,0.03691,0.003691,0.39191,0.42015,0.4433,0.4671,0.5225,0.016912,0.00647,0.000647,0.0089,0.0124,0.016,0.0197,0.03483,0.5372,0.04076,0.004076,0.44706,0.51445,0.5437,0.5621,0.5956,0.016912,0.00647,0.000647,0.0089,0.0124,0.016,0.0197,0.03483,0.554112,0.03691,0.003691,0.4775,0.5329,0.5567,0.57985,0.60809
49.5,0.445218,0.03669,0.003669,0.39112,0.41985,0.4429,0.4658,0.5212,0.0165,0.00641,0.000641,0.00868,0.012,0.0155,0.01905,0.03373,0.538282,0.0405,0.00405,0.44865,0.51525,0.5442,0.56335,0.59651,0.0165,0.00641,0.000641,0.00868,0.012,0.0155,0.01905,0.03373,0.554782,0.03669,0.003669,0.4788,0.5342,0.5571,0.58015,0.60888
49.75,0.444568,0.03642,0.003642,0.39093,0.419,0.4423,0.4651,0.51948,0.01607,0.00643,0.000643,0.0081,0.0119,0.0148,0.01905,0.033,0.539362,0.04019,0.004019,0.45072,0.5163,0.545,0.5645,0.5971,0.01607,0.00643,0.000643,0.0081,0.0119,0.0148,0.01905,0.033,0.555432,0.03642,0.003642,0.48052,0.5349,0.5577,0.581,0.60907
50.0,0.443886,0.03615,0.003615,0.39034,0.41845,0.4419,0.46465,0.51755,0.015756,0.00641,0.000641,0.0078,0.0117,0.0146,0.0183,0.03279,0.540358,0.0399,0.00399,0.4521,0.51685,0.5455,0.56605,0.5979,0.015756,0.00641,0.000641,0.0078,0.0117,0.0146,0.0183,0.03279,0.556114,0.03615,0.003615,0.48245,0.53535,0.5581,0.58155,0.60966
50.25,0.443278,0.03592,0.003592,0.39013,0.41795,0.4414,0.46395,0.51653,0.0154,0.00627,0.000627,0.0078,0.011,0.0139,0.0181,0.03136,0.541322,0.03964,0.003964,0.45328,0.5174,0.546,0.5673,0.59863,0.0154,0.00627,0.000627,0.0078,0.011,0.0139,0.0181,0.03136,0.556722,0.03592,0.003592,0.48347,0.53605,0.5586,0.58205,0.60987
50.5,0.442708,0.03569,0.003569,0.38984,0.41775,0.4408,0.46325,0.51552,0.014984,0.00622,0.000622,0.0078,0.0108,0.0136,0.0174,0.03137,0.542308,0.03947,0.003947,0.4551,0.5194,0.5463,0.56885,0.59942,0.014984,0.00622,0.000622,0.0078,0.0108,0.0136,0.0174,0.03137,0.557292,0.03569,0.003569,0.48448,0.53675,0.5592,0.58225,0.61016
50.75,0.4421,0.03537,0.003537,0.38956,0.41755,0.4401,0.46245,0.51382,0.01468,0.00624,0.000624,0.0071,0.0104,0.0134,0.0176,0.03017,0.54322,0.03922,0.003922,0.45646,0.5207,0.5471,0.5698,0.59981,0.01468,0.00624,0.000624,0.0071,0.0104,0.0134,0.0176,0.03017,0.5579,0.03537,0.003537,0.48618,0.53755,0.5599,0.58245,0.61044
51.0,0.441556,0.03517,0.003517,0.38894,0.41735,0.4397,0.46185,0.51218,0.014274,0.00622,0.000622,0.0071,0.0104,0.0127,0.017,0.02891,0.54417,0.03908,0.003908,0.45714,0.5213,0.5479,0.57055,0.6009,0.014274,0.00622,0.000622,0.0071,0.0104,0.0127,0.017,0.02891,0.558444,0.03517,0.003517,0.48782,0.53815,0.5603,0.58265,0.61106
51.25,0.441052,0.03505,0.003505,0.38866,0.4171,0.4384,0.4609,0.51144,0.013866,0.00608,0.000608,0.0069,0.0102,0.0121,0.01665,0.0279,0.545082,0.03887,0.003887,0.45893,0.5226,0.5486,0.57165,0.60151,0.013866,0.00608,0.000608,0.0069,0.0102,0.0121,0.01665,0.0279,0.558948,0.03505,0.003505,0.48856,0.5391,0.5616,0.5829,0.61134
51.5,0.440478,0.03482,0.003482,0.38816,0.4169,0.4382,0.46005,0.50981,0.013588,0.0061,0.00061,0.0066,0.00995,0.0119,0.0164,0.02776,0.545934,0.0386,0.00386,0.46067,0.52315,0.5495,0.57265,0.60222,0.013588,0.0061,0.00061,0.0066,0.00995,0.0119,0.0164,0.02776,0.559522,0.03482,0.003482,0.49019,0.53995,0.5618,0.5831,0.61184
51.75,0.439906,0.03464,0.003464,0.38777,0.4167,0.4375,0.4587,0.50891,0.013348,0.00606,0.000606,0.0065,0.0098,0.0116,0.01585,0.02793,0.546746,0.03835,0.003835,0.46332,0.524,0.5502,0.57385,0.60243,0.013348,0.00606,0.000606,0.0065,0.0098,0.0116,0.01585,0.02793,0.560094,0.03464,0.003464,0.4911,0.5413,0.5625,0.5833,0.61223
52.0,0.439414,0.03441,0.003441,0.38748,0.41655,0.4373,0.45815,0.50758,0.012946,0.00598,0.000598,0.00619,0.0092,0.0112,0.0154,0.02762,0.54764,0.03808,0.003808,0.46523,0.52495,0.5512,0.57485,0.6033,0.012946,0.00598,0.000598,0.00619,0.0092,0.0112,0.0154,0.02762,0.560586,0.03441,0.003441,0.49242,0.54185,0.5627,0.58345,0.61252
52.25,0.438912,0.03422,0.003422,0.38708,0.4164,0.4369,0.4578,0.50707,0.01269,0.00602,0.000602,0.00589,0.00895,0.0108,0.01505,0.02764,0.548398,0.03794,0.003794,0.46644,0.5264,0.5519,0.57515,0.6037,0.01269,0.00602,0.000602,0.00589,0.00895,0.0108,0.01505,0.02764,0.561088,0.03422,0.003422,0.49292,0.5422,0.5631,0.5836,0.61292
52.5,0.43846,0.03401,0.003401,0.38678,0.4159,0.4365,0.4575,0.50566,0.012354,0.00602,0.000602,0.0057,0.00875,0.0109,0.01425,0.02703,0.549186,0.0377,0.00377,0.46742,0.5271,0.5529,0.57565,0.60392,0.012354,0.00602,0.000602,0.0057,0.00875,0.0109,0.01425,0.02703,0.56154,0.03401,0.003401,0.49434,0.5425,0.5635,0.5841,0.61322
52.75,0.437988,0.03372,0.003372,0.38617,0.4158,0.4359,0.457,0.50415,0.012072,0.0061,0.00061,0.0055,0.0083,0.0105,0.01455,0.0263,0.54994,0.03749,0.003749,0.46934,0.5282,0.5531,0.5758,0.60423,0.012072,0.0061,0.00061,0.0055,0.0083,0.0105,0.01455,0.0263,0.562012,0.03372,0.003372,0.49585,0.543,0.5641,0.5842,0.61383
53.0,0.43749,0.03347,0.003347,0.38578,0.4155,0.4353,0.45625,0.5027,0.0118,0.00611,0.000611,0.0054,0.0079,0.0104,0.01405,0.02532,0.55071,0.03726,0.003726,0.47102,0.52935,0.554,0.5763,0.60506,0.0118,0.00611,0.000611,0.0054,0.0079,0.0104,0.01405,0.02532,0.56251,0.03347,0.003347,0.4973,0.54375,0.5647,0.5845,0.61422
53.25,0.43704,0.03326,0.003326,0.38548,0.4147,0.4349,0.4562,0.50137,0.011548,0.00603,0.000603,0.0055,0.0074,0.0102,0.014,0.02442,0.551412,0.03699,0.003699,0.47225,0.53025,0.5546,0.5768,0.60538,0.011548,0.00603,0.000603,0.0055,0.0074,0.0102,0.014,0.02442,0.56296,0.03326,0.003326,0.49864,0.5438,0.5651,0.5853,0.61451
53.5,0.436576,0.03311,0.003311,0.38488,0.41415,0.4344,0.45595,0.50036,0.011288,0.00591,0.000591,0.0054,0.0074,0.01,0.01325,0.02401,0.552136,0.03667,0.003667,0.47418,0.5312,0.5552,0.57765,0.60578,0.011288,0.00591,0.000591,0.0054,0.0074,0.01,0.01325,0.02401,0.563424,0.03311,0.003311,0.49964,0.54405,0.5656,0.58585,0.61512
53.75,0.436128,0.03289,0.003289,0.38459,0.41375,0.4341,0.45585,0.49922,0.01105,0.00599,0.000599,0.0049,0.00695,0.0099,0.0134,0.02402,0.552822,0.03641,0.003641,0.47574,0.5321,0.5555,0.578,0.60627,0.01105,0.00599,0.000599,0.0049,0.00695,0.0099,0.0134,0.02402,0.563872,0.03289,0.003289,0.50078,0.54415,0.5659,0.58625,0.61541
54.0,0.435722,0.03274,0.003274,0.3844,0.4134,0.4335,0.45565,0.49861,0.010746,0.00584,0.000584,0.0049,0.00695,0.0096,0.01285,0.02397,0.553532,0.03613,0.003613,0.47748,0.53345,0.5564,0.5786,0.60676,0.010746,0.00584,0.000584,0.0049,0.00695,0.0096,0.01285,0.02397,0.564278,0.03274,0.003274,0.50139,0.54435,0.5665,0.5866,0.6156
54.25,0.4353,0.03257,0.003257,0.38408,0.41325,0.4332,0.4552,0.4977,0.01049,0.00572,0.000572,0.0045,0.00695,0.0093,0.01245,0.02328,0.55421,0.03585,0.003585,0.47902,0.53365,0.5572,0.57885,0.60737,0.01049,0.00572,0.000572,0.0045,0.00695,0.0093,0.01245,0.02328,0.5647,0.03257,0.003257,0.50229,0.5448,0.5668,0.58675,0.61592
54.5,0.434842,0.03231,0.003231,0.38378,0.41315,0.4327,0.45455,0.49603,0.010292,0.00571,0.000571,0.0046,0.00655,0.0091,0.0124,0.02256,0.554866,0.03565,0.003565,0.48012,0.53415,0.5577,0.5793,0.60777,0.010292,0.00571,0.000571,0.0046,0.00655,0.0091,0.0124,0.02256,0.565158,0.03231,0.003231,0.50397,0.54545,0.5673,0.58685,0.61622
54.75,0.43444,0.03213,0.003213,0.38368,0.41275,0.4324,0.4541,0.49524,0.01011,0.00564,0.000564,0.0043,0.0066,0.0088,0.01225,0.02219,0.55545,0.03546,0.003546,0.48125,0.5344,0.5584,0.5795,0.60825,0.01011,0.00564,0.000564,0.0043,0.0066,0.0088,0.01225,0.02219,0.56556,0.03213,0.003213,0.50476,0.5459,0.5676,0.58725,0.61631
55.0,0.434034,0.03192,0.003192,0.38339,0.4123,0.4319,0.4535,0.49452,0.009838,0.00565,0.000565,0.0037,0.0064,0.0088,0.012,0.02137,0.556128,0.03525,0.003525,0.48328,0.53535,0.5587,0.58025,0.60856,0.009838,0.00565,0.000565,0.0037,0.0064,0.0088,0.012,0.02137,0.565966,0.03192,0.003192,0.50548,0.5465,0.5681,0.5877,0.61661
55.25,0.433598,0.03176,0.003176,0.38298,0.412,0.4311,0.4528,0.49385,0.009676,0.00559,0.000559,0.00359,0.0062,0.0086,0.0114,0.02187,0.556726,0.03499,0.003499,0.48482,0.53555,0.5592,0.5805,0.60885,0.009676,0.00559,0.000559,0.00359,0.0062,0.0086,0.0114,0.02187,0.566402,0.03176,0.003176,0.50615,0.5472,0.5689,0.588,0.61702
55.5,0.433212,0.03164,0.003164,0.38278,0.41165,0.4308,0.4524,0.49345,0.009496,0.00556,0.000556,0.0033,0.00615,0.0084,0.01105,0.02131,0.557292,0.03481,0.003481,0.48591,0.53635,0.5598,0.58105,0.60936,0.009496,0.00556,0.000556,0.0033,0.00615,0.0084,0.01105,0.02131,0.566788,0.03164,0.003164,0.50655,0.5476,0.5692,0.58835,0.61722
55.75,0.432846,0.03133,0.003133,0.38248,0.4114,0.4306,0.45205,0.49232,0.009266,0.00566,0.000566,0.00288,0.006,0.008,0.0108,0.02098,0.557888,0.03457,0.003457,0.48754,0.53735,0.5601,0.5814,0.60946,0.009266,0.00566,0.000566,0.00288,0.006,0.008,0.0108,0.02098,0.567154,0.03133,0.003133,0.50768,0.54795,0.5694,0.5886,0.61752
56.0,0.432464,0.03116,0.003116,0.3821,0.4109,0.4299,0.45155,0.49191,0.009046,0.00569,0.000569,0.00278,0.00595,0.0078,0.0104,0.02058,0.55849,0.03437,0.003437,0.48873,0.53835,0.5608,0.5816,0.61014,0.009046,0.00569,0.000569,0.00278,0.00595,0.0078,0.0104,0.02058,0.567536,0.03116,0.003116,0.50809,0.54845,0.5701,0.5891,0.6179
56.25,0.432146,0.03095,0.003095,0.3821,0.4104,0.4291,0.4506,0.4915,0.00884,0.00564,0.000564,0.00278,0.00595,0.0079,0.01005,0.01957,0.559014,0.03415,0.003415,0.48955,0.5394,0.5615,0.58185,0.61044,0.00884,0.00564,0.000564,0.00278,0.00595,0.0079,0.01005,0.01957,0.567854,0.03095,0.003095,0.5085,0.5494,0.5709,0.5896,0.6179
56.5,0.431836,0.03084,0.003084,0.382,0.40985,0.4287,0.44985,0.49092,0.008616,0.00551,0.000551,0.00268,0.0054,0.0078,0.00965,0.01866,0.559548,0.03395,0.003395,0.49057,0.54035,0.5617,0.5823,0.61084,0.008616,0.00551,0.000551,0.00268,0.0054,0.0078,0.00965,0.01866,0.568164,0.03084,0.003084,0.50908,0.55015,0.5713,0.59015,0.618
56.75,0.431498,0.03068,0.003068,0.3817,0.4098,0.4284,0.4496,0.49052,0.00845,0.00548,0.000548,0.00249,0.0054,0.0073,0.0098,0.01846,0.560052,0.03375,0.003375,0.49208,0.54085,0.5622,0.5825,0.61104,0.00845,0.00548,0.000548,0.00249,0.0054,0.0073,0.0098,0.01846,0.568502,0.03068,0.003068,0.50948,0.5504,0.5716,0.5902,0.6183
57.0,0.43119,0.03058,0.003058,0.38139,0.40975,0.4281,0.44945,0.48984,0.008286,0.00544,0.000544,0.00239,0.0054,0.007,0.00965,0.01826,0.560524,0.03359,0.003359,0.4929,0.5416,0.5627,0.5829,0.61134,0.008286,0.00544,0.000544,0.00239,0.0054,0.007,0.00965,0.01826,0.56881,0.03058,0.003058,0.51016,0.55055,0.5719,0.59025,0.61861
57.25,0.430896,0.03047,0.003047,0.381,0.40975,0.428,0.44945,0.48954,0.008072,0.00534,0.000534,0.0023,0.0052,0.0068,0.0094,0.01782,0.561032,0.03341,0.003341,0.49442,0.54195,0.5628,0.58345,0.61176,0.008072,0.00534,0.000534,0.0023,0.0052,0.0068,0.0094,0.01782,0.569104,0.03047,0.003047,0.51046,0.55055,0.572,0.59025,0.619
57.5,0.430614,0.03032,0.003032,0.381,0.4095,0.4277,0.4491,0.48884,0.007842,0.00529,0.000529,0.0024,0.00515,0.0066,0.00885,0.01741,0.561544,0.03323,0.003323,0.49573,0.54225,0.5632,0.58395,0.61242,0.007842,0.00529,0.000529,0.0024,0.00515,0.0066,0.00885,0.01741,0.569386,0.03032,0.003032,0.51116,0.5509,0.5723,0.5905,0.619
57.75,0.430302,0.03022,0.003022,0.3809,0.409,0.4275,0.4488,0.48844,0.007644,0.0052,0.00052,0.0023,0.00495,0.0067,0.00865,0.01714,0.562054,0.03303,0.003303,0.49735,0.54265,0.5635,0.5847,0.61303,0.007644,0.0052,0.00052,0.0023,0.00495,0.0067,0.00865,0.01714,0.569698,0.03022,0.003022,0.51156,0.5512,0.5725,0.591,0.6191
58.0,0.430024,0.03005,0.003005,0.38079,0.40875,0.4273,0.4486,0.48805,0.007446,0.00521,0.000521,0.00219,0.0046,0.0064,0.0084,0.01702,0.56253,0.03285,0.003285,0.4987,0.54295,0.5642,0.58535,0.61353,0.007446,0.00521,0.000521,0.00219,0.0046,0.0064,0.0084,0.01702,0.569976,0.03005,0.003005,0.51195,0.5514,0.5727,0.59125,0.61921
58.25,0.429786,0.02995,0.002995,0.38079,0.4084,0.4273,0.44845,0.48776,0.007222,0.00517,0.000517,0.00219,0.0044,0.0061,0.0082,0.01643,0.562992,0.03274,0.003274,0.49991,0.54325,0.565,0.58585,0.61374,0.007222,0.00517,0.000517,0.00219,0.0044,0.0061,0.0082,0.01643,0.570214,0.02995,0.002995,0.51224,0.55155,0.5727,0.5916,0.61921
58.5,0.4295,0.02976,0.002976,0.38048,0.4084,0.4271,0.44805,0.48726,0.007086,0.00519,0.000519,0.00218,0.0042,0.0058,0.008,0.0163,0.563414,0.03256,0.003256,0.50147,0.5437,0.5652,0.5862,0.61396,0.007086,0.00519,0.000519,0.00218,0.0042,0.0058,0.008,0.0163,0.5705,0.02976,0.002976,0.51274,0.55195,0.5729,0.5916,0.61952
58.75,0.42922,0.0296,0.00296,0.38019,0.4081,0.427,0.4476,0.48717,0.006898,0.00513,0.000513,0.00208,0.004,0.0056,0.008,0.0158,0.563882,0.03237,0.003237,0.50279,0.544,0.5657,0.58625,0.61405,0.006898,0.00513,0.000513,0.00208,0.004,0.0056,0.008,0.0158,0.57078,0.0296,0.00296,0.51284,0.5524,0.573,0.5919,0.61981
59.0,0.428948,0.02948,0.002948,0.38008,0.4081,0.4267,0.44745,0.48707,0.00677,0.00506,0.000506,0.00189,0.0038,0.0055,0.0078,0.0154,0.564282,0.03221,0.003221,0.50328,0.54425,0.5659,0.5865,0.61414,0.00677,0.00506,0.000506,0.00189,0.0038,0.0055,0.0078,0.0154,0.571052,0.02948,0.002948,0.51293,0.55255,0.5733,0.5919,0.61992
59.25,0.428698,0.02936,0.002936,0.37988,0.40795,0.4264,0.4474,0.48658,0.006546,0.00502,0.000502,0.00178,0.0038,0.0052,0.00765,0.0147,0.564756,0.03207,0.003207,0.5042,0.54505,0.5664,0.58705,0.61482,0.006546,0.00502,0.000502,0.00178,0.0038,0.0052,0.00765,0.0147,0.571302,0.02936,0.002936,0.51342,0.5526,0.5736,0.59205,0.62013
59.5,0.428464,0.02923,0.002923,0.37966,0.40775,0.4263,0.44705,0.48607,0.006388,0.00496,0.000496,0.00168,0.0038,0.0051,0.00765,0.0144,0.565148,0.03192,0.003192,0.5044,0.5458,0.567,0.58705,0.6155,0.006388,0.00496,0.000496,0.00168,0.0038,0.0051,0.00765,0.0144,0.571536,0.02923,0.002923,0.51393,0.55295,0.5737,0.59225,0.62034
59.75,0.428256,0.02917,0.002917,0.37947,0.4077,0.426,0.44635,0.48567,0.0062,0.00473,0.000473,0.00168,0.0038,0.0049,0.0076,0.01352,0.565544,0.03171,0.003171,0.5049,0.54625,0.5675,0.5874,0.6155,0.0062,0.00473,0.000473,0.00168,0.0038,0.0049,0.0076,0.01352,0.571744,0.02917,0.002917,0.51433,0.55365,0.574,0.5923,0.62054
60.0,0.428052,0.02906,0.002906,0.37928,0.40765,0.426,0.44635,0.48558,0.00601,0.00464,0.000464,0.00168,0.0036,0.0048,0.0072,0.01301,0.565938,0.03156,0.003156,0.50539,0.5467,0.5686,0.58765,0.616,0.00601,0.00464,0.000464,0.00168,0.0036,0.0048,0.0072,0.01301,0.571948,0.02906,0.002906,0.51442,0.55365,0.574,0.59235,0.62072
60.25,0.427846,0.02892,0.002892,0.37928,0.4076,0.4259,0.4462,0.48528,0.005856,0.00458,0.000458,0.00168,0.0034,0.0048,0.0068,0.01272,0.566298,0.03139,0.003139,0.50587,0.5471,0.569,0.58775,0.6163,0.005856,0.00458,0.000458,0.00168,0.0034,0.0048,0.0068,0.01272,0.572154,0.02892,0.002892,0.51472,0.5538,0.5741,0.5924,0.62072
60.5,0.427598,0.0288,0.00288,0.37908,0.40735,0.4259,0.44575,0.48498,0.00576,0.00444,0.000444,0.00168,0.0032,0.0047,0.0066,0.01281,0.566642,0.03121,0.003121,0.50649,0.54745,0.5691,0.588,0.61691,0.00576,0.00444,0.000444,0.00168,0.0032,0.0047,0.0066,0.01281,0.572402,0.0288,0.00288,0.51502,0.55425,0.5741,0.59265,0.62092
60.75,0.427346,0.0287,0.00287,0.37888,0.40715,0.4257,0.44575,0.48459,0.005682,0.00438,0.000438,0.00159,0.00335,0.0046,0.00665,0.01283,0.566972,0.03106,0.003106,0.50658,0.5484,0.5697,0.58815,0.61712,0.005682,0.00438,0.000438,0.00159,0.00335,0.0046,0.00665,0.01283,0.572654,0.0287,0.00287,0.51541,0.55425,0.5743,0.59285,0.62113
61.0,0.427154,0.02861,0.002861,0.37888,0.40705,0.4254,0.4457,0.48408,0.00547,0.00418,0.000418,0.00148,0.0032,0.0045,0.0064,0.01191,0.567376,0.03083,0.003083,0.50719,0.5486,0.5701,0.5884,0.6173,0.00547,0.00418,0.000418,0.00148,0.0032,0.0045,0.0064,0.01191,0.572846,0.02861,0.002861,0.51592,0.5543,0.5746,0.59295,0.62113
61.25,0.426972,0.02847,0.002847,0.37878,0.4066,0.4252,0.4455,0.48368,0.00531,0.00406,0.000406,0.00139,0.00335,0.0043,0.0064,0.01151,0.567718,0.03062,0.003062,0.50799,0.5493,0.5705,0.5886,0.6174,0.00531,0.00406,0.000406,0.00139,0.00335,0.0043,0.0064,0.01151,0.573028,0.02847,0.002847,0.51632,0.5545,0.5748,0.5934,0.62122
61.5,0.426792,0.02836,0.002836,0.37869,0.40625,0.425,0.4455,0.48348,0.005164,0.00405,0.000405,0.0011,0.003,0.0043,0.0066,0.01151,0.568044,0.03052,0.003052,0.50859,0.5494,0.5709,0.58875,0.61781,0.005164,0.00405,0.000405,0.0011,0.003,0.0043,0.0066,0.01151,0.573208,0.02836,0.002836,0.51652,0.5545,0.575,0.59375,0.62132
61.75,0.42657,0.02825,0.002825,0.37869,0.40595,0.4248,0.44545,0.48289,0.005088,0.00401,0.000401,0.0011,0.0028,0.0042,0.0066,0.0112,0.568342,0.0304,0.00304,0.50898,0.54975,0.5714,0.58915,0.61792,0.005088,0.00401,0.000401,0.0011,0.0028,0.0042,0.0066,0.0112,0.57343,0.02825,0.002825,0.51711,0.55455,0.5752,0.59405,0.62132
62.0,0.426372,0.02817,0.002817,0.3785,0.4059,0.4247,0.44515,0.4827,0.004974,0.0039,0.00039,0.0011,0.0028,0.004,0.00605,0.0111,0.568654,0.03024,0.003024,0.50959,0.55045,0.5718,0.5895,0.61801,0.004974,0.0039,0.00039,0.0011,0.0028,0.004,0.00605,0.0111,0.573628,0.02817,0.002817,0.5173,0.55485,0.5753,0.5941,0.6215
62.25,0.426182,0.02806,0.002806,0.3785,0.40545,0.4245,0.44515,0.48231,0.004874,0.00385,0.000385,0.0011,0.0028,0.004,0.006,0.01091,0.568944,0.03007,0.003007,0.50998,0.55075,0.5719,0.58965,0.61832,0.004874,0.00385,0.000385,0.0011,0.0028,0.004,0.006,0.01091,0.573818,0.02806,0.002806,0.51769,0.55485,0.5755,0.59455,0.6215
62.5,0.426004,0.02794,0.002794,0.3785,0.40525,0.4244,0.4451,0.48192,0.004724,0.00388,0.000388,0.001,0.0026,0.0036,0.0058,0.0112,0.569272,0.02993,0.002993,0.51046,0.5511,0.572,0.5898,0.61832,0.004724,0.00388,0.000388,0.001,0.0026,0.0036,0.0058,0.0112,0.573996,0.02794,0.002794,0.51808,0.5549,0.5756,0.59475,0.6215
62.75,0.425826,0.02788,0.002788,0.3784,0.405,0.4242,0.445,0.48162,0.004586,0.00383,0.000383,0.0008,0.0026,0.0034,0.0056,0.01081,0.569588,0.02982,0.002982,0.51077,0.55145,0.5723,0.5902,0.61862,0.004586,0.00383,0.000383,0.0008,0.0026,0.0034,0.0056,0.01081,0.574174,0.02788,0.002788,0.51838,0.555,0.5758,0.595,0.6216
63.0,0.425626,0.0278,0.00278,0.3784,0.40435,0.4238,0.4446,0.48134,0.004542,0.00387,0.000387,0.0008,0.0024,0.0034,0.0056,0.01101,0.569832,0.02974,0.002974,0.51115,0.5519,0.5724,0.59025,0.61872,0.004542,0.00387,0.000387,0.0008,0.0024,0.0034,0.0056,0.01101,0.574374,0.0278,0.00278,0.51866,0.5554,0.5762,0.59565,0.6216
63.25,0.425454,0.02774,0.002774,0.3783,0.40435,0.4237,0.44445,0.48124,0.004456,0.00373,0.000373,0.0008,0.0026,0.0033,0.0054,0.0107,0.57009,0.02958,0.002958,0.51163,0.552,0.5725,0.59025,0.61892,0.004456,0.00373,0.000373,0.0008,0.0026,0.0033,0.0054,0.0107,0.574546,0.02774,0.002774,0.51876,0.55555,0.5763,0.59565,0.6217
63.5,0.425286,0.02766,0.002766,0.3783,0.40385,0.4237,0.44425,0.48073,0.004378,0.00367,0.000367,0.0008,0.00255,0.0032,0.00545,0.01101,0.570336,0.02947,0.002947,0.51173,0.55235,0.5726,0.5904,0.61892,0.004378,0.00367,0.000367,0.0008,0.00255,0.0032,0.00545,0.01101,0.574714,0.02766,0.002766,0.51927,0.55575,0.5763,0.59615,0.6217
63.75,0.42511,0.02755,0.002755,0.3783,0.4037,0.4236,0.444,0.48062,0.004282,0.0036,0.00036,0.0008,0.00235,0.0032,0.0054,0.01061,0.570608,0.02936,0.002936,0.51184,0.55265,0.5731,0.5907,0.61922,0.004282,0.0036,0.00036,0.0008,0.00235,0.0032,0.0054,0.01061,0.57489,0.02755,0.002755,0.51938,0.556,0.5764,0.5963,0.6217
64.0,0.424944,0.02744,0.002744,0.3783,0.4033,0.4236,0.444,0.48,0.0042,0.00356,0.000356,0.0007,0.0024,0.0031,0.0052,0.00993,0.570856,0.02922,0.002922,0.51281,0.55265,0.5733,0.59085,0.61932,0.0042,0.00356,0.000356,0.0007,0.0024,0.0031,0.0052,0.00993,0.575056,0.02744,0.002744,0.52,0.556,0.5764,0.5967,0.6217
64.25,0.424772,0.02732,0.002732,0.3783,0.40295,0.4232,0.44365,0.4798,0.004158,0.00361,0.000361,0.0006,0.0024,0.0032,0.0052,0.00993,0.57107,0.0291,0.00291,0.51311,0.55285,0.5734,0.591,0.61942,0.004158,0.00361,0.000361,0.0006,0.0024,0.0032,0.0052,0.00993,0.575228,0.02732,0.002732,0.5202,0.55635,0.5768,0.59705,0.6217
64.5,0.42459,0.02722,0.002722,0.3783,0.4029,0.4231,0.4433,0.4796,0.004076,0.00356,0.000356,0.0006,0.0022,0.0031,0.0052,0.01034,0.571334,0.02891,0.002891,0.51394,0.5533,0.5734,0.59115,0.61961,0.004076,0.00356,0.000356,0.0006,0.0022,0.0031,0.0052,0.01034,0.57541,0.02722,0.002722,0.52039,0.5567,0.5769,0.5971,0.6217
64.75,0.424422,0.02717,0.002717,0.37819,0.4026,0.423,0.44285,0.47922,0.003964,0.00337,0.000337,0.0005,0.0022,0.0032,0.005,0.00993,0.571614,0.02873,0.002873,0.51454,0.55335,0.5736,0.59145,0.61972,0.003964,0.00337,0.000337,0.0005,0.0022,0.0032,0.005,0.00993,0.575578,0.02717,0.002717,0.52078,0.55715,0.577,0.5974,0.62181
65.0,0.424254,0.0271,0.00271,0.37819,0.4024,0.423,0.44275,0.47894,0.00385,0.00327,0.000327,0.00039,0.0022,0.0032,0.0048,0.00961,0.571896,0.0286,0.00286,0.51504,0.5534,0.5739,0.5922,0.61992,0.00385,0.00327,0.000327,0.00039,0.0022,0.0032,0.0048,0.00961,0.575746,0.0271,0.00271,0.52106,0.55725,0.577,0.5976,0.62181
65.25,0.424094,0.02703,0.002703,0.37798,0.4024,0.423,0.44225,0.47864,0.003736,0.00318,0.000318,0.00039,0.002,0.003,0.0046,0.00961,0.57217,0.0285,0.00285,0.51524,0.5541,0.5743,0.59255,0.62022,0.003736,0.00318,0.000318,0.00039,0.002,0.003,0.0046,0.00961,0.575906,0.02703,0.002703,0.52136,0.55775,0.577,0.5976,0.62202
65.5,0.423922,0.02697,0.002697,0.37777,0.4022,0.423,0.442,0.47855,0.00368,0.00312,0.000312,0.00019,0.002,0.003,0.0044,0.00961,0.572398,0.0284,0.00284,0.51544,0.55435,0.5745,0.59285,0.62042,0.00368,0.00312,0.000312,0.00019,0.002,0.003,0.0044,0.00961,0.576078,0.02697,0.002697,0.52145,0.558,0.577,0.5978,0.62223
65.75,0.42379,0.02692,0.002692,0.37766,0.40215,0.4228,0.442,0.47835,0.003582,0.00301,0.000301,0.00029,0.0018,0.003,0.0042,0.00891,0.572628,0.02831,0.002831,0.51564,0.55455,0.5745,0.59335,0.62061,0.003582,0.00301,0.000301,0.00029,0.0018,0.003,0.0042,0.00891,0.57621,0.02692,0.002692,0.52165,0.558,0.5772,0.59785,0.62234
66.0,0.423648,0.02685,0.002685,0.37766,0.40195,0.4228,0.44195,0.47805,0.003504,0.003,0.0003,0.00029,0.0018,0.0029,0.0042,0.00861,0.572848,0.02825,0.002825,0.51604,0.5547,0.5747,0.59365,0.62071,0.003504,0.003,0.0003,0.00029,0.0018,0.0029,0.0042,0.00861,0.576352,0.02685,0.002685,0.52195,0.55805,0.5772,0.59805,0.62234
66.25,0.42352,0.02681,0.002681,0.37756,0.40195,0.4227,0.44155,0.47795,0.003416,0.0029,0.00029,0.00029,0.0018,0.0028,0.0042,0.00841,0.573064,0.02812,0.002812,0.51624,0.55485,0.5748,0.59365,0.62081,0.003416,0.0029,0.00029,0.00029,0.0018,0.0028,0.0042,0.00841,0.57648,0.02681,0.002681,0.52205,0.55845,0.5773,0.59805,0.62244
66.5,0.42341,0.02675,0.002675,0.37756,0.4019,0.4226,0.4414,0.47756,0.00334,0.00283,0.000283,0.00029,0.0018,0.0026,0.0044,0.00831,0.57325,0.02804,0.002804,0.51634,0.55505,0.5748,0.59385,0.62091,0.00334,0.00283,0.000283,0.00029,0.0018,0.0026,0.0044,0.00831,0.57659,0.02675,0.002675,0.52244,0.5586,0.5774,0.5981,0.62244
66.75,0.423304,0.02671,0.002671,0.37756,0.4019,0.4223,0.4412,0.47716,0.003262,0.00279,0.000279,0.00019,0.00175,0.0025,0.00425,0.00811,0.573434,0.02796,0.002796,0.51653,0.55505,0.5749,0.5939,0.62091,0.003262,0.00279,0.000279,0.00019,0.00175,0.0025,0.00425,0.00811,0.576696,0.02671,0.002671,0.52284,0.5588,0.5777,0.5981,0.62244
67.0,0.423174,0.02665,0.002665,0.37746,0.4019,0.4222,0.44105,0.47697,0.00319,0.00274,0.000274,0.00019,0.0016,0.0024,0.00425,0.00782,0.573636,0.02791,0.002791,0.51682,0.55555,0.575,0.59405,0.62132,0.00319,0.00274,0.000274,0.00019,0.0016,0.0024,0.00425,0.00782,0.576826,0.02665,0.002665,0.52303,0.55895,0.5778,0.5981,0.62254
67.25,0.423038,0.02658,0.002658,0.37746,0.4019,0.422,0.4409,0.47688,0.003132,0.00269,0.000269,0.00019,0.0016,0.0024,0.004,0.00762,0.57383,0.02783,0.002783,0.51732,0.55595,0.5752,0.5942,0.62132,0.003132,0.00269,0.000269,0.00019,0.0016,0.0024,0.004,0.00762,0.576962,0.02658,0.002658,0.52313,0.5591,0.578,0.5981,0.62254
67.5,0.422944,0.02656,0.002656,0.37735,0.40185,0.422,0.4407,0.47688,0.003072,0.00262,0.000262,0.00019,0.00155,0.0024,0.004,0.00741,0.573984,0.02773,0.002773,0.5177,0.55595,0.5753,0.5945,0.62132,0.003072,0.00262,0.000262,0.00019,0.00155,0.0024,0.004,0.00741,0.577056,0.02656,0.002656,0.52313,0.5593,0.578,0.59815,0.62265
67.75,0.42284,0.02655,0.002655,0.37735,0.40145,0.422,0.4407,0.47688,0.003004,0.00258,0.000258,0.00019,0.0014,0.0025,0.0038,0.00752,0.574156,0.02767,0.002767,0.51801,0.55615,0.5755,0.59465,0.62132,0.003004,0.00258,0.000258,0.00019,0.0014,0.0025,0.0038,0.00752,0.57716,0.02655,0.002655,0.52313,0.5593,0.578,0.59855,0.62265
68.0,0.422706,0.0265,0.00265,0.37735,0.40145,0.422,0.4406,0.47667,0.002952,0.00257,0.000257,0.0001,0.0014,0.0026,0.00365,0.00731,0.574342,0.02762,0.002762,0.5182,0.5562,0.5756,0.5951,0.62141,0.002952,0.00257,0.000257,0.0001,0.0014,0.0026,0.00365,0.00731,0.577294,0.0265,0.00265,0.52334,0.5594,0.578,0.59855,0.62265
68.25,0.42261,0.02648,0.002648,0.37704,0.40135,0.422,0.4406,0.47667,0.00286,0.00256,0.000256,0.0001,0.0014,0.0024,0.0036,0.00711,0.57453,0.02758,0.002758,0.51849,0.5568,0.5762,0.59515,0.6215,0.00286,0.00256,0.000256,0.0001,0.0014,0.0024,0.0036,0.00711,0.57739,0.02648,0.002648,0.52334,0.5594,0.578,0.59865,0.62296
68.5,0.422508,0.02644,0.002644,0.37704,0.4013,0.4217,0.4406,0.47657,0.002746,0.00244,0.000244,0.0001,0.0014,0.0022,0.0034,0.00671,0.574746,0.02749,0.002749,0.51888,0.557,0.5763,0.5955,0.6217,0.002746,0.00244,0.000244,0.0001,0.0014,0.0022,0.0034,0.00671,0.577492,0.02644,0.002644,0.52343,0.5594,0.5783,0.5987,0.62296
68.75,0.422386,0.02641,0.002641,0.37704,0.4013,0.4217,0.4405,0.47648,0.002728,0.00244,0.000244,0.0001,0.0014,0.0022,0.0034,0.00671,0.574886,0.02743,0.002743,0.51929,0.55715,0.5765,0.5956,0.62192,0.002728,0.00244,0.000244,0.0001,0.0014,0.0022,0.0034,0.00671,0.577614,0.02641,0.002641,0.52352,0.5595,0.5783,0.5987,0.62296
69.0,0.422278,0.02635,0.002635,0.37693,0.4012,0.4217,0.4405,0.47637,0.002648,0.00239,0.000239,0.0001,0.00135,0.002,0.0032,0.00731,0.575074,0.02734,0.002734,0.51991,0.55715,0.5767,0.5959,0.62192,0.002648,0.00239,0.000239,0.0001,0.00135,0.002,0.0032,0.00731,0.577722,0.02635,0.002635,0.52363,0.5595,0.5783,0.5988,0.62307
69.25,0.42216,0.02635,0.002635,0.37682,0.40115,0.4216,0.4404,0.47627,0.002602,0.00233,0.000233,0.0001,0.0012,0.002,0.0034,0.00734,0.575238,0.02723,0.002723,0.52069,0.5572,0.5768,0.59605,0.62192,0.002602,0.00233,0.000233,0.0001,0.0012,0.002,0.0034,0.00734,0.57784,0.02635,0.002635,0.52373,0.5596,0.5784,0.59885,0.62318
69.5,0.422058,0.02629,0.002629,0.37672,0.40095,0.4215,0.44025,0.47616,0.002536,0.00226,0.000226,0.0001,0.00135,0.002,0.0032,0.00704,0.575406,0.02715,0.002715,0.52089,0.5574,0.5768,0.59625,0.62202,0.002536,0.00226,0.000226,0.0001,0.00135,0.002,0.0032,0.00704,0.577942,0.02629,0.002629,0.52384,0.55975,0.5785,0.59905,0.62328
69.75,0.421948,0.02623,0.002623,0.37672,0.40085,0.4213,0.4401,0.47595,0.002486,0.00224,0.000224,0.0001,0.0012,0.0019,0.00305,0.00734,0.575566,0.0271,0.00271,0.52109,0.55775,0.5768,0.59645,0.62213,0.002486,0.00224,0.000224,0.0001,0.0012,0.0019,0.00305,0.00734,0.578052,0.02623,0.002623,0.52405,0.5599,0.5787,0.59915,0.62328
70.0,0.421868,0.0262,0.00262,0.37672,0.4008,0.4213,0.43995,0.47553,0.002414,0.00223,0.000223,0.0001,0.0012,0.0018,0.0028,0.00723,0.575718,0.02709,0.002709,0.52118,0.55795,0.5768,0.5967,0.62223,0.002414,0.00223,0.000223,0.0001,0.0012,0.0018,0.0028,0.00723,0.578132,0.0262,0.00262,0.52447,0.56005,0.5787,0.5992,0.62328
70.25,0.421792,0.02617,0.002617,0.37672,0.4008,0.4212,0.4391,0.47532,0.002312,0.00212,0.000212,0.0001,0.0012,0.0018,0.0028,0.00673,0.575896,0.02703,0.002703,0.52147,0.55805,0.5769,0.597,0.62234,0.002312,0.00212,0.000212,0.0001,0.0012,0.0018,0.0028,0.00673,0.578208,0.02617,0.002617,0.52468,0.5609,0.5788,0.5992,0.62328
70.5,0.421694,0.02612,0.002612,0.37662,0.40075,0.4212,0.4387,0.4749,0.002242,0.00212,0.000212,0.0001,0.001,0.0016,0.00265,0.00654,0.576064,0.02698,0.002698,0.52176,0.55825,0.577,0.59715,0.62234,0.002242,0.00212,0.000212,0.0001,0.001,0.0016,0.00265,0.00654,0.578306,0.02612,0.002612,0.5251,0.5613,0.5788,0.59925,0.62339
70.75,0.421606,0.02608,0.002608,0.37662,0.4007,0.4211,0.43845,0.47438,0.002172,0.00216,0.000216,0.0001,0.001,0.0016,0.0026,0.00653,0.576222,0.02695,0.002695,0.52204,0.55845,0.5771,0.5973,0.62254,0.002172,0.00216,0.000216,0.0001,0.001,0.0016,0.0026,0.00653,0.578394,0.02608,0.002608,0.52562,0.56155,0.5789,0.5993,0.62339
71.0,0.421536,0.02604,0.002604,0.37662,0.4007,0.4211,0.43845,0.47396,0.00211,0.00204,0.000204,0.0001,0.001,0.0016,0.00265,0.00633,0.576354,0.02688,0.002688,0.52223,0.5586,0.5773,0.59745,0.62265,0.00211,0.00204,0.000204,0.0001,0.001,0.0016,0.00265,0.00633,0.578464,0.02604,0.002604,0.52604,0.56155,0.5789,0.5993,0.62339
71.25,0.421456,0.026,0.0026,0.37662,0.4007,0.421,0.43825,0.47364,0.002064,0.002,0.0002,0.0001,0.001,0.0016,0.0026,0.00615,0.57648,0.02682,0.002682,0.52261,0.5586,0.5774,0.59745,0.62265,0.002064,0.002,0.0002,0.0001,0.001,0.0016,0.0026,0.00615,0.578544,0.026,0.0026,0.52636,0.56175,0.579,0.5993,0.62339
71.5,0.42138,0.02596,0.002596,0.37662,0.4007,0.4209,0.43795,0.47354,0.001994,0.00193,0.000193,0.0,0.0008,0.0014,0.0026,0.00643,0.576626,0.02676,0.002676,0.52272,0.5588,0.5775,0.5975,0.62265,0.001994,0.00193,0.000193,0.0,0.0008,0.0014,0.0026,0.00643,0.57862,0.02596,0.002596,0.52646,0.56205,0.5791,0.5993,0.62339
71.75,0.421304,0.02592,0.002592,0.37662,0.40055,0.4209,0.4378,0.47322,0.001934,0.00195,0.000195,0.0,0.0008,0.0014,0.0026,0.00622,0.576762,0.0267,0.00267,0.52282,0.5588,0.5776,0.59775,0.62275,0.001934,0.00195,0.000195,0.0,0.0008,0.0014,0.0026,0.00622,0.578696,0.02592,0.002592,0.52678,0.5622,0.5791,0.59945,0.62339
72.0,0.421222,0.0259,0.00259,0.37662,0.40055,0.4208,0.43745,0.47312,0.001876,0.0019,0.00019,0.0,0.0006,0.0014,0.0024,0.00614,0.576902,0.02663,0.002663,0.52282,0.5589,0.5777,0.5978,0.62286,0.001876,0.0019,0.00019,0.0,0.0006,0.0014,0.0024,0.00614,0.578778,0.0259,0.00259,0.52688,0.56255,0.5792,0.59945,0.62339
72.25,0.42115,0.02589,0.002589,0.37662,0.40055,0.4208,0.4374,0.4729,0.001858,0.00189,0.000189,0.0,0.0008,0.0014,0.0024,0.00594,0.576992,0.02659,0.002659,0.52292,0.55895,0.5779,0.5978,0.62286,0.001858,0.00189,0.000189,0.0,0.0008,0.0014,0.0024,0.00594,0.57885,0.02589,0.002589,0.5271,0.5626,0.5792,0.59945,0.62339
72.5,0.421066,0.02585,0.002585,0.37662,0.40055,0.4208,0.43705,0.47261,0.001818,0.00187,0.000187,0.0,0.00075,0.0014,0.00225,0.00624,0.577116,0.02654,0.002654,0.52292,0.55895,0.578,0.5981,0.62286,0.001818,0.00187,0.000187,0.0,0.00075,0.0014,0.00225,0.00624,0.578934,0.02585,0.002585,0.52739,0.56295,0.5792,0.59945,0.62339
72.75,0.420992,0.02582,0.002582,0.37662,0.4004,0.4205,0.43685,0.47232,0.001782,0.00182,0.000182,0.0,0.00075,0.0014,0.0024,0.00595,0.577226,0.02649,0.002649,0.52292,0.559,0.578,0.5982,0.62286,0.001782,0.00182,0.000182,0.0,0.00075,0.0014,0.0024,0.00595,0.579008,0.02582,0.002582,0.52768,0.56315,0.5795,0.5996,0.62339
73.0,0.420934,0.0258,0.00258,0.37662,0.4001,0.4205,0.43685,0.47232,0.001718,0.00178,0.000178,0.0,0.00075,0.0013,0.0022,0.00522,0.577348,0.02647,0.002647,0.52303,0.559,0.5781,0.59825,0.62296,0.001718,0.00178,0.000178,0.0,0.00075,0.0013,0.0022,0.00522,0.579066,0.0258,0.00258,0.52768,0.56315,0.5795,0.5999,0.62339
73.25,0.420858,0.02577,0.002577,0.37662,0.39995,0.4205,0.43685,0.47223,0.001688,0.00176,0.000176,0.0,0.0006,0.0012,0.0022,0.00481,0.577454,0.02643,0.002643,0.52303,0.55905,0.5782,0.5983,0.62296,0.001688,0.00176,0.000176,0.0,0.0006,0.0012,0.0022,0.00481,0.579142,0.02577,0.002577,0.52777,0.56315,0.5795,0.60005,0.62339
73.5,0.420794,0.02576,0.002576,0.37652,0.39995,0.4205,0.4365,0.47214,0.001634,0.00165,0.000165,0.0,0.0006,0.0012,0.00225,0.00491,0.577572,0.02636,0.002636,0.52303,0.5593,0.5782,0.59845,0.62296,0.001634,0.00165,0.000165,0.0,0.0006,0.0012,0.00225,0.00491,0.579206,0.02576,0.002576,0.52786,0.5635,0.5795,0.60005,0.62348
73.75,0.420734,0.02573,0.002573,0.37652,0.3998,0.4202,0.4363,0.47194,0.001578,0.00159,0.000159,0.0,0.0006,0.0012,0.0022,0.00511,0.577688,0.02632,0.002632,0.52314,0.5595,0.5783,0.59865,0.62296,0.001578,0.00159,0.000159,0.0,0.0006,0.0012,0.0022,0.00511,0.579266,0.02573,0.002573,0.52806,0.5637,0.5798,0.6002,0.62348
74.0,0.420668,0.02569,0.002569,0.37652,0.3998,0.4202,0.43605,0.47184,0.001558,0.00156,0.000156,0.0,0.0006,0.0012,0.0022,0.00521,0.577774,0.02625,0.002625,0.52334,0.55955,0.5783,0.59865,0.62296,0.001558,0.00156,0.000156,0.0,0.0006,0.0012,0.0022,0.00521,0.579332,0.02569,0.002569,0.52816,0.56395,0.5798,0.6002,0.62348
74.25,0.420608,0.02567,0.002567,0.37642,0.39965,0.4201,0.43575,0.47156,0.001516,0.00154,0.000154,0.0,0.0006,0.0012,0.0022,0.00471,0.577876,0.02622,0.002622,0.52334,0.5599,0.5785,0.59865,0.62318,0.001516,0.00154,0.000154,0.0,0.0006,0.0012,0.0022,0.00471,0.579392,0.02567,0.002567,0.52844,0.56425,0.5799,0.60035,0.62358
74.5,0.420544,0.02564,0.002564,0.37642,0.39935,0.4201,0.43575,0.47136,0.001494,0.00154,0.000154,0.0,0.0004,0.0012,0.00205,0.00431,0.577962,0.02621,0.002621,0.52334,0.56005,0.5786,0.59875,0.62318,0.001494,0.00154,0.000154,0.0,0.0004,0.0012,0.00205,0.00431,0.579456,0.02564,0.002564,0.52864,0.56425,0.5799,0.60065,0.62358
74.75,0.4205,0.02562,0.002562,0.37642,0.39935,0.4201,0.43575,0.47118,0.001444,0.00151,0.000151,0.0,0.0004,0.0011,0.002,0.00431,0.578056,0.02617,0.002617,0.52344,0.56005,0.5786,0.5988,0.62318,0.001444,0.00151,0.000151,0.0,0.0004,0.0011,0.002,0.00431,0.5795,0.02562,0.002562,0.52882,0.56425,0.5799,0.60065,0.62358
75.0,0.420426,0.02559,0.002559,0.37632,0.3992,0.4201,0.43575,0.47089,0.001436,0.00151,0.000151,0.0,0.0006,0.001,0.002,0.00431,0.578138,0.02614,0.002614,0.52386,0.56035,0.5789,0.5988,0.62318,0.001436,0.00151,0.000151,0.0,0.0006,0.001,0.002,0.00431,0.579574,0.02559,0.002559,0.52911,0.56425,0.5799,0.6008,0.62368
75.25,0.420396,0.02557,0.002557,0.37632,0.3992,0.4201,0.4356,0.47089,0.00137,0.00152,0.000152,0.0,0.0004,0.001,0.00185,0.00421,0.578234,0.0261,0.00261,0.52396,0.56085,0.5791,0.5988,0.62328,0.00137,0.00152,0.000152,0.0,0.0004,0.001,0.00185,0.00421,0.579604,0.02557,0.002557,0.52911,0.5644,0.5799,0.6008,0.62368
75.5,0.420336,0.02553,0.002553,0.37632,0.3992,0.4201,0.4356,0.47089,0.00134,0.00155,0.000155,0.0,0.0004,0.0008,0.0018,0.00421,0.578324,0.02609,0.002609,0.52428,0.5609,0.5791,0.5988,0.62328,0.00134,0.00155,0.000155,0.0,0.0004,0.0008,0.0018,0.00421,0.579664,0.02553,0.002553,0.52911,0.5644,0.5799,0.6008,0.62368
75.75,0.420286,0.02551,0.002551,0.37632,0.39905,0.4201,0.4356,0.47089,0.001304,0.00152,0.000152,0.0,0.0004,0.0008,0.0018,0.00421,0.57841,0.02605,0.002605,0.5249,0.5609,0.5791,0.5988,0.62328,0.001304,0.00152,0.000152,0.0,0.0004,0.0008,0.0018,0.00421,0.579714,0.02551,0.002551,0.52911,0.5644,0.5799,0.60095,0.62368
76.0,0.42023,0.02548,0.002548,0.37632,0.3989,0.4201,0.4354,0.47089,0.001294,0.00154,0.000154,0.0,0.0004,0.0008,0.0018,0.00421,0.578476,0.02603,0.002603,0.5249,0.5614,0.5791,0.59895,0.62328,0.001294,0.00154,0.000154,0.0,0.0004,0.0008,0.0018,0.00421,0.57977,0.02548,0.002548,0.52911,0.5646,0.5799,0.6011,0.62368
76.25,0.42018,0.02545,0.002545,0.37632,0.39875,0.4201,0.43535,0.47089,0.00126,0.00155,0.000155,0.0,0.0004,0.0008,0.0018,0.00402,0.57856,0.02598,0.002598,0.52522,0.56155,0.5792,0.599,0.62338,0.00126,0.00155,0.000155,0.0,0.0004,0.0008,0.0018,0.00402,0.57982,0.02545,0.002545,0.52911,0.56465,0.5799,0.60125,0.62368
76.5,0.420138,0.02542,0.002542,0.37632,0.3986,0.4201,0.43535,0.47089,0.001238,0.00151,0.000151,0.0,0.0004,0.0007,0.0018,0.00412,0.578624,0.02596,0.002596,0.52542,0.56185,0.5792,0.599,0.62338,0.001238,0.00151,0.000151,0.0,0.0004,0.0007,0.0018,0.00412,0.579862,0.02542,0.002542,0.52911,0.56465,0.5799,0.6014,0.62368
76.75,0.420102,0.02543,0.002543,0.37632,0.3986,0.4201,0.4352,0.47089,0.00119,0.00146,0.000146,0.0,0.0004,0.0008,0.0016,0.004,0.578708,0.02594,0.002594,0.52553,0.56215,0.5793,0.59905,0.62338,0.00119,0.00146,0.000146,0.0,0.0004,0.0008,0.0016,0.004,0.579898,0.02543,0.002543,0.52911,0.5648,0.5799,0.6014,0.62368
77.0,0.420064,0.0254,0.00254,0.37632,0.3986,0.4201,0.4349,0.47089,0.00116,0.00147,0.000147,0.0,0.0004,0.0007,0.0016,0.00381,0.578776,0.0259,0.00259,0.52564,0.56235,0.5794,0.59905,0.62338,0.00116,0.00147,0.000147,0.0,0.0004,0.0007,0.0016,0.00381,0.579936,0.0254,0.00254,0.52911,0.5651,0.5799,0.6014,0.62368
77.25,0.420022,0.02538,0.002538,0.37632,0.3986,0.4201,0.4349,0.47089,0.001136,0.00148,0.000148,0.0,0.0004,0.0006,0.00145,0.0038,0.578842,0.02587,0.002587,0.52595,0.5627,0.5794,0.5993,0.62338,0.001136,0.00148,0.000148,0.0,0.0004,0.0006,0.00145,0.0038,0.579978,0.02538,0.002538,0.52911,0.5651,0.5799,0.6014,0.62368
77.5,0.419972,0.02536,0.002536,0.37632,0.3986,0.4201,0.4349,0.47089,0.0011,0.00138,0.000138,0.0,0.0004,0.0006,0.0016,0.0038,0.578928,0.02578,0.002578,0.5269,0.5629,0.5794,0.5993,0.62338,0.0011,0.00138,0.000138,0.0,0.0004,0.0006,0.0016,0.0038,0.580028,0.02536,0.002536,0.52911,0.5651,0.5799,0.6014,0.62368
77.75,0.419926,0.02531,0.002531,0.37632,0.3986,0.4201,0.43485,0.47078,0.001082,0.00137,0.000137,0.0,0.00035,0.0006,0.0016,0.00371,0.578992,0.02575,0.002575,0.527,0.56335,0.5795,0.5993,0.62338,0.001082,0.00137,0.000137,0.0,0.00035,0.0006,0.0016,0.00371,0.580074,0.02531,0.002531,0.52922,0.56515,0.5799,0.6014,0.62368
78.0,0.4199,0.02531,0.002531,0.37632,0.3986,0.4201,0.43485,0.47078,0.001024,0.00128,0.000128,0.0,0.0002,0.0006,0.0014,0.00331,0.579076,0.02572,0.002572,0.52748,0.5638,0.5795,0.5993,0.62338,0.001024,0.00128,0.000128,0.0,0.0002,0.0006,0.0014,0.00331,0.5801,0.02531,0.002531,0.52922,0.56515,0.5799,0.6014,0.62368
78.25,0.419858,0.02529,0.002529,0.37632,0.3986,0.42,0.43485,0.47078,0.000988,0.00126,0.000126,0.0,0.0002,0.0006,0.0014,0.00331,0.579154,0.02567,0.002567,0.52814,0.5638,0.5797,0.5996,0.62347,0.000988,0.00126,0.000126,0.0,0.0002,0.0006,0.0014,0.00331,0.580142,0.02529,0.002529,0.52922,0.56515,0.58,0.6014,0.62368
78.5,0.419814,0.02528,0.002528,0.37632,0.3986,0.42,0.43485,0.47078,0.000978,0.00123,0.000123,0.0,0.0002,0.0006,0.0014,0.00331,0.579208,0.02564,0.002564,0.52852,0.5641,0.5798,0.5996,0.62347,0.000978,0.00123,0.000123,0.0,0.0002,0.0006,0.0014,0.00331,0.580186,0.02528,0.002528,0.52922,0.56515,0.58,0.6014,0.62368
78.75,0.41978,0.02527,0.002527,0.37632,0.3986,0.42,0.4348,0.47078,0.000948,0.0012,0.00012,0.0,0.0002,0.0006,0.00125,0.00331,0.579272,0.0256,0.00256,0.52862,0.56415,0.5798,0.59975,0.62347,0.000948,0.0012,0.00012,0.0,0.0002,0.0006,0.00125,0.00331,0.58022,0.02527,0.002527,0.52922,0.5652,0.58,0.6014,0.62368
79.0,0.419744,0.02525,0.002525,0.37632,0.3986,0.42,0.4348,0.47068,0.000914,0.00113,0.000113,0.0,0.0002,0.0006,0.00125,0.0028,0.579342,0.02556,0.002556,0.5289,0.5642,0.5798,0.59975,0.62347,0.000914,0.00113,0.000113,0.0,0.0002,0.0006,0.00125,0.0028,0.580256,0.02525,0.002525,0.52932,0.5652,0.58,0.6014,0.62368
79.25,0.4197,0.02524,0.002524,0.37632,0.3986,0.42,0.4348,0.47068,0.000894,0.00118,0.000118,0.0,0.0002,0.0006,0.0012,0.0028,0.579406,0.02553,0.002553,0.5289,0.56435,0.5798,0.59975,0.62347,0.000894,0.00118,0.000118,0.0,0.0002,0.0006,0.0012,0.0028,0.5803,0.02524,0.002524,0.52932,0.5652,0.58,0.6014,0.62368
79.5,0.419674,0.02524,0.002524,0.37632,0.3986,0.4199,0.4348,0.47068,0.000856,0.00112,0.000112,0.0,0.0002,0.0006,0.0012,0.00271,0.57947,0.0255,0.00255,0.5289,0.56455,0.5798,0.5999,0.62347,0.000856,0.00112,0.000112,0.0,0.0002,0.0006,0.0012,0.00271,0.580326,0.02524,0.002524,0.52932,0.5652,0.5801,0.6014,0.62368
79.75,0.419644,0.02522,0.002522,0.37622,0.3986,0.4199,0.4348,0.47058,0.000848,0.00108,0.000108,0.0,0.0002,0.0006,0.0012,0.0024,0.579508,0.02548,0.002548,0.5289,0.56455,0.5798,0.5999,0.62347,0.000848,0.00108,0.000108,0.0,0.0002,0.0006,0.0012,0.0024,0.580356,0.02522,0.002522,0.52942,0.5652,0.5801,0.6014,0.62378
80.0,0.419614,0.02521,0.002521,0.37622,0.3986,0.4197,0.43475,0.47058,0.000842,0.00105,0.000105,0.0,0.0002,0.0006,0.0012,0.0024,0.579544,0.02547,0.002547,0.5289,0.56455,0.5798,0.5999,0.62347,0.000842,0.00105,0.000105,0.0,0.0002,0.0006,0.0012,0.0024,0.580386,0.02521,0.002521,0.52942,0.56525,0.5803,0.6014,0.62378
80.25,0.41959,0.02521,0.002521,0.37622,0.3986,0.4197,0.43475,0.47058,0.000814,0.00099,9.9e-5,0.0,0.0002,0.0006,0.0012,0.0024,0.579596,0.02545,0.002545,0.5289,0.56455,0.5798,0.5999,0.62347,0.000814,0.00099,9.9e-5,0.0,0.0002,0.0006,0.0012,0.0024,0.58041,0.02521,0.002521,0.52942,0.56525,0.5803,0.6014,0.62378
80.5,0.419552,0.02519,0.002519,0.37622,0.3986,0.4195,0.43475,0.47047,0.0008,0.00099,9.9e-5,0.0,0.0,0.0006,0.0012,0.00251,0.579648,0.02545,0.002545,0.5289,0.56455,0.5798,0.5999,0.62347,0.0008,0.00099,9.9e-5,0.0,0.0,0.0006,0.0012,0.00251,0.580448,0.02519,0.002519,0.52953,0.56525,0.5805,0.6014,0.62378
80.75,0.419516,0.02517,0.002517,0.37622,0.3986,0.4195,0.43475,0.47036,0.000794,0.00097,9.7e-5,0.0,0.0,0.0006,0.0014,0.00251,0.57969,0.02544,0.002544,0.5289,0.56455,0.5798,0.6002,0.62347,0.000794,0.00097,9.7e-5,0.0,0.0,0.0006,0.0014,0.00251,0.580484,0.02517,0.002517,0.52964,0.56525,0.5805,0.6014,0.62378
81.0,0.419492,0.02516,0.002516,0.37622,0.3986,0.4195,0.43475,0.47036,0.000764,0.00094,9.4e-5,0.0,0.0,0.0004,0.0012,0.00251,0.579744,0.02542,0.002542,0.52911,0.56455,0.5798,0.60035,0.62358,0.000764,0.00094,9.4e-5,0.0,0.0,0.0004,0.0012,0.00251,0.580508,0.02516,0.002516,0.52964,0.56525,0.5805,0.6014,0.62378
81.25,0.419458,0.02516,0.002516,0.37611,0.3986,0.4194,0.43475,0.47036,0.000754,0.00096,9.6e-5,0.0,0.0,0.0004,0.00105,0.0026,0.579788,0.02541,0.002541,0.52911,0.5646,0.5798,0.60035,0.62358,0.000754,0.00096,9.6e-5,0.0,0.0,0.0004,0.00105,0.0026,0.580542,0.02516,0.002516,0.52964,0.56525,0.5806,0.6014,0.62389
81.5,0.419414,0.02514,0.002514,0.37611,0.3986,0.4194,0.43475,0.47036,0.000756,0.00099,9.9e-5,0.0,0.0,0.0004,0.0012,0.00291,0.57983,0.02539,0.002539,0.52922,0.56475,0.5798,0.60035,0.62358,0.000756,0.00099,9.9e-5,0.0,0.0,0.0004,0.0012,0.00291,0.580586,0.02514,0.002514,0.52964,0.56525,0.5806,0.6014,0.62389
81.75,0.419374,0.02511,0.002511,0.37611,0.3986,0.4194,0.43475,0.47036,0.00075,0.00098,9.8e-5,0.0,0.0,0.0004,0.0012,0.00301,0.579876,0.02538,0.002538,0.52922,0.5649,0.5798,0.60035,0.62358,0.00075,0.00098,9.8e-5,0.0,0.0,0.0004,0.0012,0.00301,0.580626,0.02511,0.002511,0.52964,0.56525,0.5806,0.6014,0.62389
82.0,0.419342,0.0251,0.00251,0.37611,0.3986,0.4192,0.43475,0.47036,0.00072,0.00094,9.4e-5,0.0,0.0,0.0004,0.001,0.00311,0.579938,0.02537,0.002537,0.52922,0.5649,0.5798,0.60035,0.62368,0.00072,0.00094,9.4e-5,0.0,0.0,0.0004,0.001,0.00311,0.580658,0.0251,0.00251,0.52964,0.56525,0.5808,0.6014,0.62389
82.25,0.419322,0.02509,0.002509,0.37611,0.3986,0.4192,0.43475,0.47036,0.000694,0.00094,9.4e-5,0.0,0.0,0.0004,0.001,0.00311,0.579984,0.02536,0.002536,0.52922,0.5649,0.5798,0.6005,0.62368,0.000694,0.00094,9.4e-5,0.0,0.0,0.0004,0.001,0.00311,0.580678,0.02509,0.002509,0.52964,0.56525,0.5808,0.6014,0.62389
82.5,0.419304,0.02508,0.002508,0.37611,0.3986,0.4192,0.43475,0.47036,0.00067,0.00092,9.2e-5,0.0,0.0,0.0004,0.001,0.00311,0.580026,0.02534,0.002534,0.52922,0.5652,0.5798,0.6005,0.62378,0.00067,0.00092,9.2e-5,0.0,0.0,0.0004,0.001,0.00311,0.580696,0.02508,0.002508,0.52964,0.56525,0.5808,0.6014,0.62389
82.75,0.41927,0.02508,0.002508,0.37611,0.3986,0.4192,0.43475,0.47036,0.00065,0.00092,9.2e-5,0.0,0.0,0.0003,0.001,0.00301,0.58008,0.02532,0.002532,0.52922,0.5652,0.5799,0.6005,0.62378,0.00065,0.00092,9.2e-5,0.0,0.0,0.0003,0.001,0.00301,0.58073,0.02508,0.002508,0.52964,0.56525,0.5808,0.6014,0.62389
83.0,0.419246,0.02507,0.002507,0.37611,0.3986,0.4191,0.4347,0.47036,0.000628,0.0009,9.0e-5,0.0,0.0,0.0003,0.001,0.003,0.580126,0.0253,0.00253,0.52932,0.5652,0.58,0.6005,0.62378,0.000628,0.0009,9.0e-5,0.0,0.0,0.0003,0.001,0.003,0.580754,0.02507,0.002507,0.52964,0.5653,0.5809,0.6014,0.62389
83.25,0.419224,0.02507,0.002507,0.37611,0.3986,0.4191,0.4347,0.47036,0.000608,0.00089,8.9e-5,0.0,0.0,0.0003,0.0008,0.00301,0.580168,0.02528,0.002528,0.52932,0.5652,0.58,0.6005,0.62378,0.000608,0.00089,8.9e-5,0.0,0.0,0.0003,0.0008,0.00301,0.580776,0.02507,0.002507,0.52964,0.5653,0.5809,0.6014,0.62389
83.5,0.41921,0.02508,0.002508,0.37611,0.3986,0.4191,0.4347,0.47036,0.000584,0.00086,8.6e-5,0.0,0.0,0.0003,0.0008,0.00272,0.580206,0.02526,0.002526,0.52932,0.5652,0.58,0.6005,0.62378,0.000584,0.00086,8.6e-5,0.0,0.0,0.0003,0.0008,0.00272,0.58079,0.02508,0.002508,0.52964,0.5653,0.5809,0.6014,0.62389
83.75,0.419192,0.02506,0.002506,0.37611,0.3986,0.419,0.4347,0.47036,0.000568,0.00083,8.3e-5,0.0,0.0,0.0004,0.0008,0.0026,0.58024,0.02525,0.002525,0.52932,0.5652,0.5801,0.6005,0.62378,0.000568,0.00083,8.3e-5,0.0,0.0,0.0004,0.0008,0.0026,0.580808,0.02506,0.002506,0.52964,0.5653,0.581,0.6014,0.62389
84.0,0.419176,0.02506,0.002506,0.37611,0.3986,0.419,0.4347,0.47026,0.000548,0.00079,7.9e-5,0.0,0.0,0.0003,0.0008,0.00241,0.580276,0.02522,0.002522,0.52932,0.5652,0.5801,0.6005,0.62378,0.000548,0.00079,7.9e-5,0.0,0.0,0.0003,0.0008,0.00241,0.580824,0.02506,0.002506,0.52974,0.5653,0.581,0.6014,0.62389
84.25,0.419156,0.02505,0.002505,0.37611,0.3986,0.419,0.4347,0.47016,0.000524,0.00074,7.4e-5,0.0,0.0,0.0003,0.0008,0.00221,0.58032,0.0252,0.00252,0.52932,0.5652,0.5801,0.6005,0.62378,0.000524,0.00074,7.4e-5,0.0,0.0,0.0003,0.0008,0.00221,0.580844,0.02505,0.002505,0.52984,0.5653,0.581,0.6014,0.62389
84.5,0.419132,0.02503,0.002503,0.37611,0.3986,0.4189,0.4347,0.47005,0.000524,0.00076,7.6e-5,0.0,0.0,0.0003,0.00065,0.00252,0.580344,0.0252,0.00252,0.52932,0.5652,0.5803,0.6005,0.62378,0.000524,0.00076,7.6e-5,0.0,0.0,0.0003,0.00065,0.00252,0.580868,0.02503,0.002503,0.52995,0.5653,0.5811,0.6014,0.62389
84.75,0.419098,0.02502,0.002502,0.37611,0.3986,0.4189,0.4347,0.46994,0.000528,0.00078,7.8e-5,0.0,0.0,0.0003,0.0008,0.00261,0.580374,0.02519,0.002519,0.52942,0.5652,0.5803,0.6005,0.62378,0.000528,0.00078,7.8e-5,0.0,0.0,0.0003,0.0008,0.00261,0.580902,0.02502,0.002502,0.53005,0.5653,0.5811,0.6014,0.62389
85.0,0.419082,0.02502,0.002502,0.37611,0.3986,0.4189,0.4347,0.46984,0.000516,0.00078,7.8e-5,0.0,0.0,0.0002,0.00065,0.00261,0.580402,0.02518,0.002518,0.52942,0.5652,0.5804,0.6005,0.62378,0.000516,0.00078,7.8e-5,0.0,0.0,0.0002,0.00065,0.00261,0.580918,0.02502,0.002502,0.53016,0.5653,0.5811,0.6014,0.62389
85.25,0.419056,0.02501,0.002501,0.37611,0.3986,0.4188,0.4347,0.46974,0.000514,0.00076,7.6e-5,0.0,0.0,0.0002,0.0008,0.00251,0.58043,0.02516,0.002516,0.52942,0.5652,0.5804,0.6008,0.62378,0.000514,0.00076,7.6e-5,0.0,0.0,0.0002,0.0008,0.00251,0.580944,0.02501,0.002501,0.53026,0.5653,0.5812,0.6014,0.62389
85.5,0.41904,0.025,0.0025,0.37611,0.3986,0.4188,0.4347,0.46974,0.000484,0.0007,7.0e-5,0.0,0.0,0.0002,0.0008,0.00231,0.580476,0.02514,0.002514,0.52953,0.5652,0.5804,0.60095,0.62378,0.000484,0.0007,7.0e-5,0.0,0.0,0.0002,0.0008,0.00231,0.58096,0.025,0.0025,0.53026,0.5653,0.5812,0.6014,0.62389
85.75,0.41903,0.025,0.0025,0.37611,0.3986,0.4188,0.4347,0.46974,0.00046,0.00068,6.8e-5,0.0,0.0,0.0002,0.0006,0.00221,0.58051,0.02513,0.002513,0.52953,0.5652,0.5805,0.6014,0.62378,0.00046,0.00068,6.8e-5,0.0,0.0,0.0002,0.0006,0.00221,0.58097,0.025,0.0025,0.53026,0.5653,0.5812,0.6014,0.62389
86.0,0.419016,0.025,0.0025,0.37611,0.3986,0.4188,0.4347,0.46963,0.000444,0.00067,6.7e-5,0.0,0.0,0.0002,0.0006,0.00241,0.58054,0.02513,0.002513,0.52953,0.5652,0.5805,0.6014,0.62378,0.000444,0.00067,6.7e-5,0.0,0.0,0.0002,0.0006,0.00241,0.580984,0.025,0.0025,0.53037,0.5653,0.5812,0.6014,0.62389
86.25,0.419,0.02499,0.002499,0.37611,0.3986,0.4187,0.4347,0.46963,0.00042,0.00063,6.3e-5,0.0,0.0,0.0002,0.0006,0.00211,0.58058,0.02512,0.002512,0.52953,0.5652,0.5805,0.6014,0.62378,0.00042,0.00063,6.3e-5,0.0,0.0,0.0002,0.0006,0.00211,0.581,0.02499,0.002499,0.53037,0.5653,0.5813,0.6014,0.62389
86.5,0.418986,0.025,0.0025,0.37611,0.3986,0.4186,0.43465,0.46963,0.000392,0.00062,6.2e-5,0.0,0.0,0.0002,0.0006,0.002,0.580622,0.0251,0.00251,0.52953,0.5652,0.5808,0.6014,0.62389,0.000392,0.00062,6.2e-5,0.0,0.0,0.0002,0.0006,0.002,0.581014,0.025,0.0025,0.53037,0.56535,0.5814,0.6014,0.62389
86.75,0.418976,0.025,0.0025,0.37611,0.3986,0.4185,0.43465,0.46963,0.00038,0.00059,5.9e-5,0.0,0.0,0.0002,0.0006,0.0018,0.580644,0.02511,0.002511,0.52953,0.5652,0.5808,0.6014,0.62389,0.00038,0.00059,5.9e-5,0.0,0.0,0.0002,0.0006,0.0018,0.581024,0.025,0.0025,0.53037,0.56535,0.5815,0.6014,0.62389
87.0,0.418962,0.025,0.0025,0.37611,0.3986,0.4185,0.43465,0.46963,0.000366,0.00057,5.7e-5,0.0,0.0,0.0001,0.00045,0.00191,0.580672,0.0251,0.00251,0.52964,0.5652,0.5809,0.6014,0.62389,0.000366,0.00057,5.7e-5,0.0,0.0,0.0001,0.00045,0.00191,0.581038,0.025,0.0025,0.53037,0.56535,0.5815,0.6014,0.62389
87.25,0.418948,0.025,0.0025,0.37611,0.3986,0.4184,0.43465,0.46963,0.000354,0.00055,5.5e-5,0.0,0.0,0.0,0.00045,0.00191,0.580698,0.02509,0.002509,0.52964,0.5652,0.581,0.6014,0.62389,0.000354,0.00055,5.5e-5,0.0,0.0,0.0,0.00045,0.00191,0.581052,0.025,0.0025,0.53037,0.56535,0.5816,0.6014,0.62389
87.5,0.418926,0.025,0.0025,0.37611,0.3986,0.4182,0.43465,0.46942,0.000352,0.00057,5.7e-5,0.0,0.0,0.0,0.0004,0.00191,0.580722,0.02508,0.002508,0.52964,0.5652,0.581,0.6014,0.62389,0.000352,0.00057,5.7e-5,0.0,0.0,0.0,0.0004,0.00191,0.581074,0.025,0.0025,0.53058,0.56535,0.5818,0.6014,0.62389
87.75,0.418896,0.02498,0.002498,0.37611,0.3986,0.4182,0.4346,0.46932,0.000374,0.00061,6.1e-5,0.0,0.0,0.0,0.00045,0.00211,0.58073,0.02507,0.002507,0.52964,0.5652,0.581,0.6014,0.62389,0.000374,0.00061,6.1e-5,0.0,0.0,0.0,0.00045,0.00211,0.581104,0.02498,0.002498,0.53068,0.5654,0.5818,0.6014,0.62389
88.0,0.418876,0.02498,0.002498,0.37611,0.3986,0.4182,0.4346,0.46932,0.000372,0.00057,5.7e-5,0.0,0.0,0.0,0.0006,0.002,0.580752,0.02507,0.002507,0.52964,0.5652,0.581,0.6014,0.62389,0.000372,0.00057,5.7e-5,0.0,0.0,0.0,0.0006,0.002,0.581124,0.02498,0.002498,0.53068,0.5654,0.5818,0.6014,0.62389
88.25,0.418862,0.02498,0.002498,0.37611,0.3986,0.4181,0.4346,0.46932,0.000374,0.00057,5.7e-5,0.0,0.0,0.0,0.0006,0.00191,0.580764,0.02507,0.002507,0.52964,0.5652,0.581,0.6014,0.62389,0.000374,0.00057,5.7e-5,0.0,0.0,0.0,0.0006,0.00191,0.581138,0.02498,0.002498,0.53068,0.5654,0.5819,0.6014,0.62389
88.5,0.418836,0.02497,0.002497,0.37611,0.3986,0.418,0.4343,0.469,0.000382,0.0006,6.0e-5,0.0,0.0,0.0,0.0006,0.00211,0.580782,0.02505,0.002505,0.52974,0.5652,0.581,0.6014,0.62389,0.000382,0.0006,6.0e-5,0.0,0.0,0.0,0.0006,0.00211,0.581164,0.02497,0.002497,0.531,0.5657,0.582,0.6014,0.62389
88.75,0.418824,0.02497,0.002497,0.37611,0.3986,0.418,0.4343,0.469,0.00036,0.00056,5.6e-5,0.0,0.0,0.0,0.0006,0.00201,0.580816,0.02504,0.002504,0.53005,0.5652,0.581,0.6014,0.62389,0.00036,0.00056,5.6e-5,0.0,0.0,0.0,0.0006,0.00201,0.581176,0.02497,0.002497,0.531,0.5657,0.582,0.6014,0.62389
89.0,0.418806,0.02496,0.002496,0.37611,0.3986,0.418,0.43415,0.46881,0.000362,0.00057,5.7e-5,0.0,0.0,0.0,0.0006,0.00211,0.580832,0.02504,0.002504,0.53005,0.5652,0.581,0.6014,0.62389,0.000362,0.00057,5.7e-5,0.0,0.0,0.0,0.0006,0.00211,0.581194,0.02496,0.002496,0.53119,0.56585,0.582,0.6014,0.62389
89.25,0.418788,0.02495,0.002495,0.37611,0.3986,0.418,0.4341,0.46872,0.00036,0.00058,5.8e-5,0.0,0.0,0.0,0.00045,0.0022,0.580852,0.02505,0.002505,0.53005,0.5652,0.5811,0.6014,0.62389,0.00036,0.00058,5.8e-5,0.0,0.0,0.0,0.00045,0.0022,0.581212,0.02495,0.002495,0.53128,0.5659,0.582,0.6014,0.62389
89.5,0.418776,0.02494,0.002494,0.37611,0.3986,0.4179,0.4341,0.46872,0.00035,0.00056,5.6e-5,0.0,0.0,0.0,0.00045,0.0022,0.580874,0.02503,0.002503,0.53016,0.5653,0.5811,0.6014,0.62389,0.00035,0.00056,5.6e-5,0.0,0.0,0.0,0.00045,0.0022,0.581224,0.02494,0.002494,0.53128,0.5659,0.5821,0.6014,0.62389
89.75,0.418766,0.02494,0.002494,0.37611,0.3986,0.4179,0.4341,0.46872,0.000338,0.00055,5.5e-5,0.0,0.0,0.0,0.00045,0.00191,0.580896,0.02503,0.002503,0.53037,0.5653,0.5811,0.6014,0.62389,0.000338,0.00055,5.5e-5,0.0,0.0,0.0,0.00045,0.00191,0.581234,0.02494,0.002494,0.53128,0.5659,0.5821,0.6014,0.62389
90.0,0.41876,0.02494,0.002494,0.37611,0.3986,0.4179,0.4341,0.46872,0.000318,0.00053,5.3e-5,0.0,0.0,0.0,0.0004,0.00191,0.580922,0.02503,0.002503,0.53037,0.5653,0.5812,0.6014,0.62389,0.000318,0.00053,5.3e-5,0.0,0.0,0.0,0.0004,0.00191,0.58124,0.02494,0.002494,0.53128,0.5659,0.5821,0.6014,0.62389
90.25,0.418756,0.02494,0.002494,0.37611,0.3986,0.4178,0.4341,0.46872,0.000312,0.00052,5.2e-5,0.0,0.0,0.0,0.0004,0.0018,0.580932,0.02503,0.002503,0.53037,0.5653,0.5812,0.6014,0.62389,0.000312,0.00052,5.2e-5,0.0,0.0,0.0,0.0004,0.0018,0.581244,0.02494,0.002494,0.53128,0.5659,0.5822,0.6014,0.62389
90.5,0.41875,0.02494,0.002494,0.37611,0.3986,0.4177,0.4341,0.46872,0.000294,0.0005,5.0e-5,0.0,0.0,0.0,0.0004,0.00171,0.580956,0.02503,0.002503,0.53058,0.56535,0.5812,0.6014,0.62389,0.000294,0.0005,5.0e-5,0.0,0.0,0.0,0.0004,0.00171,0.58125,0.02494,0.002494,0.53128,0.5659,0.5823,0.6014,0.62389
90.75,0.41874,0.02495,0.002495,0.37611,0.3986,0.4177,0.4341,0.46872,0.000282,0.00048,4.8e-5,0.0,0.0,0.0,0.0004,0.00171,0.580978,0.02503,0.002503,0.53068,0.56535,0.5812,0.6014,0.62389,0.000282,0.00048,4.8e-5,0.0,0.0,0.0,0.0004,0.00171,0.58126,0.02495,0.002495,0.53128,0.5659,0.5823,0.6014,0.62389
91.0,0.41873,0.02494,0.002494,0.37611,0.3986,0.4177,0.434,0.46872,0.000278,0.00048,4.8e-5,0.0,0.0,0.0,0.0004,0.00171,0.580992,0.02502,0.002502,0.53068,0.56535,0.5812,0.6014,0.62389,0.000278,0.00048,4.8e-5,0.0,0.0,0.0,0.0004,0.00171,0.58127,0.02494,0.002494,0.53128,0.566,0.5823,0.6014,0.62389
91.25,0.418716,0.02494,0.002494,0.37611,0.3986,0.4177,0.43385,0.46872,0.000282,0.00049,4.9e-5,0.0,0.0,0.0,0.0004,0.00171,0.581002,0.02502,0.002502,0.53079,0.56535,0.5812,0.6014,0.62389,0.000282,0.00049,4.9e-5,0.0,0.0,0.0,0.0004,0.00171,0.581284,0.02494,0.002494,0.53128,0.56615,0.5823,0.6014,0.62389
91.5,0.418708,0.02494,0.002494,0.37611,0.3986,0.4177,0.43385,0.46872,0.000264,0.00048,4.8e-5,0.0,0.0,0.0,0.00025,0.00151,0.581028,0.02501,0.002501,0.53079,0.56535,0.5813,0.6014,0.62389,0.000264,0.00048,4.8e-5,0.0,0.0,0.0,0.00025,0.00151,0.581292,0.02494,0.002494,0.53128,0.56615,0.5823,0.6014,0.62389
91.75,0.418702,0.02494,0.002494,0.37611,0.3986,0.4177,0.43385,0.46872,0.000258,0.00047,4.7e-5,0.0,0.0,0.0,0.0002,0.0016,0.58104,0.025,0.0025,0.53079,0.56535,0.5814,0.6014,0.62389,0.000258,0.00047,4.7e-5,0.0,0.0,0.0,0.0002,0.0016,0.581298,0.02494,0.002494,0.53128,0.56615,0.5823,0.6014,0.62389
92.0,0.418684,0.02495,0.002495,0.37611,0.3986,0.4177,0.43385,0.46872,0.000268,0.00051,5.1e-5,0.0,0.0,0.0,0.00025,0.00171,0.581048,0.025,0.0025,0.53079,0.56535,0.5814,0.6014,0.62389,0.000268,0.00051,5.1e-5,0.0,0.0,0.0,0.00025,0.00171,0.581316,0.02495,0.002495,0.53128,0.56615,0.5823,0.6014,0.62389
92.25,0.418682,0.02495,0.002495,0.37611,0.3986,0.4177,0.43385,0.46872,0.000252,0.00048,4.8e-5,0.0,0.0,0.0,0.00025,0.00181,0.581066,0.02499,0.002499,0.53079,0.56535,0.5814,0.6014,0.62389,0.000252,0.00048,4.8e-5,0.0,0.0,0.0,0.00025,0.00181,0.581318,0.02495,0.002495,0.53128,0.56615,0.5823,0.6014,0.62389
92.5,0.418678,0.02495,0.002495,0.37611,0.3986,0.4177,0.43385,0.46872,0.000242,0.00046,4.6e-5,0.0,0.0,0.0,0.00025,0.00171,0.58108,0.02498,0.002498,0.5309,0.56535,0.5815,0.6014,0.62389,0.000242,0.00046,4.6e-5,0.0,0.0,0.0,0.00025,0.00171,0.581322,0.02495,0.002495,0.53128,0.56615,0.5823,0.6014,0.62389
92.75,0.41867,0.02495,0.002495,0.37611,0.3986,0.4177,0.43385,0.46872,0.000234,0.00045,4.5e-5,0.0,0.0,0.0,0.0004,0.00172,0.581096,0.02499,0.002499,0.5309,0.56535,0.5815,0.6014,0.62389,0.000234,0.00045,4.5e-5,0.0,0.0,0.0,0.0004,0.00172,0.58133,0.02495,0.002495,0.53128,0.56615,0.5823,0.6014,0.62389
93.0,0.418658,0.02495,0.002495,0.37611,0.3986,0.4177,0.43385,0.46872,0.000236,0.00046,4.6e-5,0.0,0.0,0.0,0.0004,0.00171,0.581106,0.02499,0.002499,0.5309,0.56555,0.5815,0.6014,0.62389,0.000236,0.00046,4.6e-5,0.0,0.0,0.0,0.0004,0.00171,0.581342,0.02495,0.002495,0.53128,0.56615,0.5823,0.6014,0.62389
93.25,0.418654,0.02495,0.002495,0.37611,0.3986,0.4177,0.43385,0.46872,0.000234,0.00045,4.5e-5,0.0,0.0,0.0,0.0004,0.00171,0.581112,0.02499,0.002499,0.5309,0.56555,0.5816,0.6014,0.62389,0.000234,0.00045,4.5e-5,0.0,0.0,0.0,0.0004,0.00171,0.581346,0.02495,0.002495,0.53128,0.56615,0.5823,0.6014,0.62389
93.5,0.418644,0.02494,0.002494,0.37611,0.3986,0.4177,0.43365,0.46872,0.000218,0.00041,4.1e-5,0.0,0.0,0.0,0.0002,0.00151,0.581138,0.02499,0.002499,0.531,0.5657,0.5818,0.6014,0.62389,0.000218,0.00041,4.1e-5,0.0,0.0,0.0,0.0002,0.00151,0.581356,0.02494,0.002494,0.53128,0.56635,0.5823,0.6014,0.62389
93.75,0.418636,0.02495,0.002495,0.37611,0.3986,0.4177,0.4336,0.46872,0.000214,0.00041,4.1e-5,0.0,0.0,0.0,0.0002,0.0014,0.58115,0.02498,0.002498,0.531,0.5657,0.5819,0.6014,0.62389,0.000214,0.00041,4.1e-5,0.0,0.0,0.0,0.0002,0.0014,0.581364,0.02495,0.002495,0.53128,0.5664,0.5823,0.6014,0.62389
94.0,0.41863,0.02495,0.002495,0.37611,0.3986,0.4177,0.4336,0.46872,0.000212,0.0004,4.0e-5,0.0,0.0,0.0,0.0002,0.0014,0.581158,0.02498,0.002498,0.5311,0.5657,0.5819,0.6014,0.62389,0.000212,0.0004,4.0e-5,0.0,0.0,0.0,0.0002,0.0014,0.58137,0.02495,0.002495,0.53128,0.5664,0.5823,0.6014,0.62389
94.25,0.418626,0.02495,0.002495,0.37611,0.3986,0.4177,0.4336,0.46872,0.000198,0.00039,3.9e-5,0.0,0.0,0.0,0.0002,0.0014,0.581176,0.02498,0.002498,0.5311,0.5657,0.5819,0.6014,0.62389,0.000198,0.00039,3.9e-5,0.0,0.0,0.0,0.0002,0.0014,0.581374,0.02495,0.002495,0.53128,0.5664,0.5823,0.6014,0.62389
94.5,0.418608,0.02495,0.002495,0.37611,0.3986,0.4177,0.43345,0.46872,0.000206,0.00041,4.1e-5,0.0,0.0,0.0,0.0002,0.00151,0.581186,0.02497,0.002497,0.5311,0.56585,0.5819,0.6014,0.62389,0.000206,0.00041,4.1e-5,0.0,0.0,0.0,0.0002,0.00151,0.581392,0.02495,0.002495,0.53128,0.56655,0.5823,0.6014,0.62389
94.75,0.418602,0.02494,0.002494,0.37611,0.3986,0.4177,0.43345,0.46872,0.000196,0.0004,4.0e-5,0.0,0.0,0.0,0.0002,0.0014,0.581202,0.02496,0.002496,0.53119,0.56585,0.5819,0.6014,0.62389,0.000196,0.0004,4.0e-5,0.0,0.0,0.0,0.0002,0.0014,0.581398,0.02494,0.002494,0.53128,0.56655,0.5823,0.6014,0.62389
95.0,0.418598,0.02494,0.002494,0.37611,0.3986,0.4177,0.43345,0.46862,0.000186,0.00039,3.9e-5,0.0,0.0,0.0,0.0002,0.00131,0.581216,0.02496,0.002496,0.53119,0.56585,0.5819,0.6014,0.62389,0.000186,0.00039,3.9e-5,0.0,0.0,0.0,0.0002,0.00131,0.581402,0.02494,0.002494,0.53138,0.56655,0.5823,0.6014,0.62389
95.25,0.418592,0.02494,0.002494,0.37611,0.3986,0.4177,0.43345,0.46862,0.000182,0.00039,3.9e-5,0.0,0.0,0.0,0.0002,0.00141,0.581226,0.02495,0.002495,0.53119,0.5662,0.5819,0.6014,0.62389,0.000182,0.00039,3.9e-5,0.0,0.0,0.0,0.0002,0.00141,0.581408,0.02494,0.002494,0.53138,0.56655,0.5823,0.6014,0.62389
95.5,0.418584,0.02494,0.002494,0.37611,0.3986,0.4177,0.43345,0.46862,0.000182,0.00041,4.1e-5,0.0,0.0,0.0,0.0002,0.00151,0.581234,0.02495,0.002495,0.53119,0.5662,0.5819,0.6014,0.62389,0.000182,0.00041,4.1e-5,0.0,0.0,0.0,0.0002,0.00151,0.581416,0.02494,0.002494,0.53138,0.56655,0.5823,0.6014,0.62389
95.75,0.418578,0.02495,0.002495,0.37611,0.3986,0.4177,0.43345,0.46862,0.000176,0.00041,4.1e-5,0.0,0.0,0.0,0.0002,0.0016,0.581246,0.02495,0.002495,0.53119,0.5663,0.5819,0.6014,0.62389,0.000176,0.00041,4.1e-5,0.0,0.0,0.0,0.0002,0.0016,0.581422,0.02495,0.002495,0.53138,0.56655,0.5823,0.6014,0.62389
96.0,0.418574,0.02494,0.002494,0.37611,0.3986,0.4177,0.43345,0.46862,0.000172,0.00041,4.1e-5,0.0,0.0,0.0,0.0002,0.0016,0.581254,0.02495,0.002495,0.53119,0.5663,0.5819,0.6014,0.62389,0.000172,0.00041,4.1e-5,0.0,0.0,0.0,0.0002,0.0016,0.581426,0.02494,0.002494,0.53138,0.56655,0.5823,0.6014,0.62389
96.25,0.418568,0.02494,0.002494,0.37611,0.3986,0.4177,0.43345,0.46862,0.000168,0.0004,4.0e-5,0.0,0.0,0.0,0.0002,0.00131,0.581264,0.02495,0.002495,0.53119,0.5663,0.582,0.6014,0.62389,0.000168,0.0004,4.0e-5,0.0,0.0,0.0,0.0002,0.00131,0.581432,0.02494,0.002494,0.53138,0.56655,0.5823,0.6014,0.62389
96.5,0.41856,0.02494,0.002494,0.37611,0.3986,0.4177,0.4333,0.46862,0.000172,0.00042,4.2e-5,0.0,0.0,0.0,0.0,0.00131,0.581268,0.02495,0.002495,0.53119,0.5663,0.582,0.6014,0.62389,0.000172,0.00042,4.2e-5,0.0,0.0,0.0,0.0,0.00131,0.58144,0.02494,0.002494,0.53138,0.5667,0.5823,0.6014,0.62389
96.75,0.418558,0.02494,0.002494,0.37611,0.3986,0.4177,0.4333,0.46862,0.000166,0.00041,4.1e-5,0.0,0.0,0.0,0.0,0.00131,0.581276,0.02494,0.002494,0.53128,0.5663,0.582,0.6014,0.62389,0.000166,0.00041,4.1e-5,0.0,0.0,0.0,0.0,0.00131,0.581442,0.02494,0.002494,0.53138,0.5667,0.5823,0.6014,0.62389
97.0,0.418552,0.02494,0.002494,0.37611,0.3986,0.4177,0.4333,0.46862,0.00016,0.00041,4.1e-5,0.0,0.0,0.0,0.0,0.0012,0.581288,0.02495,0.002495,0.53128,0.56635,0.5821,0.6014,0.62389,0.00016,0.00041,4.1e-5,0.0,0.0,0.0,0.0,0.0012,0.581448,0.02494,0.002494,0.53138,0.5667,0.5823,0.6014,0.62389
97.25,0.41855,0.02494,0.002494,0.37611,0.3986,0.4177,0.4333,0.46862,0.000146,0.00036,3.6e-5,0.0,0.0,0.0,0.0,0.001,0.581304,0.02495,0.002495,0.53128,0.5664,0.5822,0.6014,0.62389,0.000146,0.00036,3.6e-5,0.0,0.0,0.0,0.0,0.001,0.58145,0.02494,0.002494,0.53138,0.5667,0.5823,0.6014,0.62389
97.5,0.418546,0.02494,0.002494,0.37611,0.3986,0.4177,0.4333,0.46862,0.000142,0.00035,3.5e-5,0.0,0.0,0.0,0.0,0.00111,0.581312,0.02494,0.002494,0.53138,0.5664,0.5822,0.6014,0.62389,0.000142,0.00035,3.5e-5,0.0,0.0,0.0,0.0,0.00111,0.581454,0.02494,0.002494,0.53138,0.5667,0.5823,0.6014,0.62389
97.75,0.418542,0.02495,0.002495,0.37611,0.3986,0.4177,0.4333,0.46862,0.000138,0.00034,3.4e-5,0.0,0.0,0.0,0.0,0.00121,0.58132,0.02494,0.002494,0.53138,0.56655,0.5822,0.6014,0.62389,0.000138,0.00034,3.4e-5,0.0,0.0,0.0,0.0,0.00121,0.581458,0.02495,0.002495,0.53138,0.5667,0.5823,0.6014,0.62389
98.0,0.41854,0.02495,0.002495,0.37611,0.3986,0.4177,0.4333,0.46862,0.000134,0.00032,3.2e-5,0.0,0.0,0.0,0.0,0.00121,0.581326,0.02494,0.002494,0.53138,0.56655,0.5822,0.6014,0.62389,0.000134,0.00032,3.2e-5,0.0,0.0,0.0,0.0,0.00121,0.58146,0.02495,0.002495,0.53138,0.5667,0.5823,0.6014,0.62389
98.25,0.41854,0.02495,0.002495,0.37611,0.3986,0.4177,0.4333,0.46862,0.000118,0.00029,2.9e-5,0.0,0.0,0.0,0.0,0.00111,0.581342,0.02494,0.002494,0.53138,0.56655,0.5822,0.6014,0.62389,0.000118,0.00029,2.9e-5,0.0,0.0,0.0,0.0,0.00111,0.58146,0.02495,0.002495,0.53138,0.5667,0.5823,0.6014,0.62389
98.5,0.41854,0.02495,0.002495,0.37611,0.3986,0.4177,0.4333,0.46862,0.000116,0.00028,2.8e-5,0.0,0.0,0.0,0.0,0.001,0.581344,0.02494,0.002494,0.53138,0.56655,0.5822,0.6014,0.62389,0.000116,0.00028,2.8e-5,0.0,0.0,0.0,0.0,0.001,0.58146,0.02495,0.002495,0.53138,0.5667,0.5823,0.6014,0.62389
98.75,0.418538,0.02495,0.002495,0.37611,0.3986,0.4177,0.4333,0.46862,0.000112,0.00027,2.7e-5,0.0,0.0,0.0,0.0,0.00091,0.58135,0.02494,0.002494,0.53138,0.56655,0.5823,0.6014,0.62389,0.000112,0.00027,2.7e-5,0.0,0.0,0.0,0.0,0.00091,0.581462,0.02495,0.002495,0.53138,0.5667,0.5823,0.6014,0.62389
99.0,0.418534,0.02495,0.002495,0.37611,0.3986,0.4177,0.4333,0.46862,0.000106,0.00026,2.6e-5,0.0,0.0,0.0,0.0,0.0008,0.58136,0.02495,0.002495,0.53138,0.56655,0.5823,0.6014,0.62389,0.000106,0.00026,2.6e-5,0.0,0.0,0.0,0.0,0.0008,0.581466,0.02495,0.002495,0.53138,0.5667,0.5823,0.6014,0.62389
99.25,0.41853,0.02495,0.002495,0.37611,0.3986,0.4177,0.4333,0.46862,9.8e-5,0.00023,2.3e-5,0.0,0.0,0.0,0.0,0.00071,0.581372,0.02495,0.002495,0.53138,0.56655,0.5823,0.6014,0.62389,9.8e-5,0.00023,2.3e-5,0.0,0.0,0.0,0.0,0.00071,0.58147,0.02495,0.002495,0.53138,0.5667,0.5823,0.6014,0.62389
99.5,0.418524,0.02496,0.002496,0.37611,0.3986,0.4177,0.4333,0.46862,9.6e-5,0.00023,2.3e-5,0.0,0.0,0.0,0.0,0.00071,0.58138,0.02495,0.002495,0.53138,0.56655,0.5823,0.6014,0.62389,9.6e-5,0.00023,2.3e-5,0.0,0.0,0.0,0.0,0.00071,0.581476,0.02496,0.002496,0.53138,0.5667,0.5823,0.6014,0.62389
99.75,0.418518,0.02496,0.002496,0.37611,0.3986,0.4177,0.4333,0.46862,9.2e-5,0.00023,2.3e-5,0.0,0.0,0.0,0.0,0.00071,0.58139,0.02495,0.002495,0.53138,0.56655,0.5823,0.6014,0.62389,9.2e-5,0.00023,2.3e-5,0.0,0.0,0.0,0.0,0.00071,0.581482,0.02496,0.002496,0.53138,0.5667,0.5823,0.6014,0.62389
100.0,0.418514,0.02496,0.002496,0.37611,0.3986,0.4177,0.4333,0.46862,9.2e-5,0.00024,2.4e-5,0.0,0.0,0.0,0.0,0.00071,0.581394,0.02495,0.002495,0.53138,0.56655,0.5823,0.6014,0.62389,9.2e-5,0.00024,2.4e-5,0.0,0.0,0.0,0.0,0.00071,0.581486,0.02496,0.002496,0.53138,0.5667,0.5823,0.6014,0.62389
