t,cond.S.mean,cond.S.sd,cond.S.se,cond.S.q025,cond.S.q25,cond.S.q50,cond.S.q75,cond.S.q975,cond.I.mean,cond.I.sd,cond.I.se,cond.I.q025,cond.I.q25,cond.I.q50,cond.I.q75,cond.I.q975,cond.R.mean,cond.R.sd,cond.R.se,cond.R.q025,cond.R.q25,cond.R.q50,cond.R.q75,cond.R.q975,cond.infectious.mean,cond.infectious.sd,cond.infectious.se,cond.infectious.q025,cond.infectious.q25,cond.infectious.q50,cond.infectious.q75,cond.infectious.q975,cond.cumulative.mean,cond.cumulative.sd,cond.cumulative.se,cond.cumulative.q025,cond.cumulative.q25,cond.cumulative.q50,cond.cumulative.q75,cond.cumulative.q975,uncond.S.mean,uncond.S.sd,uncond.S.se,uncond.S.q025,uncond.S.q25,uncond.S.q50,uncond.S.q75,uncond.S.q975,uncond.I.mean,uncond.I.sd,uncond.I.se,uncond.I.q025,uncond.I.q25,uncond.I.q50,uncond.I.q75,uncond.I.q975,uncond.R.mean,uncond.R.sd,uncond.R.se,uncond.R.q025,uncond.R.q25,uncond.R.q50,uncond.R.q75,uncond.R.q975,uncond.infectious.mean,uncond.infectious.sd,uncond.infectious.se,uncond.infectious.q025,uncond.infectious.q25,uncond.infectious.q50,uncond.infectious.q75,uncond.infectious.q975,uncond.cumulative.mean,uncond.cumulative.sd,uncond.cumulative.se,uncond.cumulative.q025,uncond.cumulative.q25,uncond.cumulative.q50,uncond.cumulative.q75,uncond.cumulative.q975
0.0,0.9995,0.0,0.0,0.9995,0.9995,0.9995,0.9995,0.9995,0.0005,0.0,0.0,0.0005,0.0005,0.0005,0.0005,0.0005,0.0,0.0,0.0,0.0,0.0,0.0,0.0,0.0,0.0005,0.0,0.0,0.0005,0.0005,0.0005,0.0005,0.0005,0.0005,0.0,0.0,0.0005,0.0005,0.0005,0.0005,0.0005,0.9995,0.0,0.0,0.9995,0.9995,0.9995,0.9995,0.9995,0.0005,0.0,0.0,0.0005,0.0005,0.0005,0.0005,0.0005,0.0,0.0,0.0,0.0,0.0,0.0,0.0,0.0,0.0005,0.0,0.0,0.0005,0.0005,0.0005,0.0005,0.0005,0.0005,0.0,0.0,0.0005,0.0005,0.0005,0.0005,0.0005
0.5,0.999275,0.00019,6.0e-6,0.9988,0.9992,0.9993,0.9994,0.9995,0.000652,0.0002,6.0e-6,0.0003,0.0005,0.0006,0.0008,0.0011,7.4e-5,8.0e-5,3.0e-6,0.0,0.0,0.0001,0.0001,0.0003,0.000652,0.0002,6.0e-6,0.0003,0.0005,0.0006,0.0008,0.0011,0.000725,0.00019,6.0e-6,0.0005,0.0006,0.0007,0.0008,0.0012,0.999276,0.00019,6.0e-6,0.9988,0.9992,0.9993,0.9994,0.9995,0.00065,0.0002,6.0e-6,0.0003,0.0005,0.0006,0.0008,0.0011,7.4e-5,8.0e-5,3.0e-6,0.0,0.0,0.0001,0.0001,0.0003,0.00065,0.0002,6.0e-6,0.0003,0.0005,0.0006,0.0008,0.0011,0.000724,0.00019,6.0e-6,0.0005,0.0006,0.0007,0.0008,0.0012
1.0,0.998989,0.00035,1.1e-5,0.9982,0.9988,0.9991,0.9992,0.9995,0.000843,0.00035,1.1e-5,0.0003,0.0006,0.0008,0.0011,0.0016,0.000167,0.00012,4.0e-6,0.0,0.0001,0.0002,0.0002,0.0004,0.000843,0.00035,1.1e-5,0.0003,0.0006,0.0008,0.0011,0.0016,0.001011,0.00035,1.1e-5,0.0005,0.0008,0.0009,0.0012,0.0018,0.998993,0.00035,1.1e-5,0.9982,0.9988,0.9991,0.9992,0.9995,0.000838,0.00035,1.1e-5,0.0003,0.0006,0.0008,0.0011,0.0016,0.000168,0.00012,4.0e-6,0.0,0.0001,0.0002,0.0002,0.0004,0.000838,0.00035,1.1e-5,0.0003,0.0006,0.0008,0.0011,0.0016,0.001007,0.00035,1.1e-5,0.0005,0.0008,0.0009,0.0012,0.0018
1.5,0.998631,0.00055,1.7e-5,0.9973,0.9983,0.9987,0.999,0.9994,0.001083,0.00052,1.6e-5,0.0003,0.0007,0.001,0.0014,0.0023,0.000286,0.00016,5.0e-6,0.0,0.0002,0.0003,0.0004,0.0006,0.001083,0.00052,1.6e-5,0.0003,0.0007,0.001,0.0014,0.0023,0.001369,0.00055,1.7e-5,0.0006,0.001,0.0013,0.0017,0.0027,0.998638,0.00055,1.7e-5,0.9973,0.9983,0.9987,0.999,0.9994,0.001075,0.00052,1.7e-5,0.0003,0.0007,0.001,0.0014,0.0023,0.000287,0.00016,5.0e-6,0.0,0.0002,0.0003,0.0004,0.0006,0.001075,0.00052,1.7e-5,0.0003,0.0007,0.001,0.0014,0.0023,0.001362,0.00055,1.7e-5,0.0006,0.001,0.0013,0.0017,0.0027
2.0,0.998201,0.00079,2.5e-5,0.9964,0.9977,0.9984,0.9988,0.9993,0.001363,0.00071,2.3e-5,0.0003,0.0008,0.0013,0.0018,0.003,0.000436,0.00021,7.0e-6,0.0001,0.0003,0.0004,0.0005,0.0009,0.001363,0.00071,2.3e-5,0.0003,0.0008,0.0013,0.0018,0.003,0.001799,0.00079,2.5e-5,0.0007,0.0012,0.0016,0.0023,0.0036,0.998213,0.00079,2.5e-5,0.9964,0.9977,0.9984,0.9988,0.9993,0.001352,0.00071,2.3e-5,0.0003,0.0008,0.0013,0.0018,0.003,0.000436,0.00021,7.0e-6,0.0001,0.0003,0.0004,0.0005,0.0009,0.001352,0.00071,2.3e-5,0.0003,0.0008,0.0013,0.0018,0.003,0.001788,0.00079,2.5e-5,0.0007,0.0012,0.0016,0.0023,0.0036
2.5,0.997678,0.00109,3.5e-5,0.9952,0.997,0.9979,0.9985,0.9992,0.001704,0.00094,3.0e-5,0.0004,0.001,0.0015,0.00228,0.0038,0.000618,0.00028,9.0e-6,0.0002,0.0004,0.0006,0.0008,0.0013,0.001704,0.00094,3.0e-5,0.0004,0.001,0.0015,0.00228,0.0038,0.002322,0.00109,3.5e-5,0.0008,0.0015,0.0021,0.003,0.0048,0.997694,0.0011,3.5e-5,0.9952,0.99708,0.9979,0.9985,0.9993,0.00169,0.00094,3.0e-5,0.0003,0.001,0.0015,0.0022,0.0038,0.000617,0.00028,9.0e-6,0.0002,0.0004,0.0006,0.0008,0.0013,0.00169,0.00094,3.0e-5,0.0003,0.001,0.0015,0.0022,0.0038,0.002306,0.0011,3.5e-5,0.0007,0.0015,0.0021,0.00292,0.0048
3.0,0.997003,0.0015,4.8e-5,0.9934,0.9962,0.9973,0.9981,0.9991,0.002138,0.00123,3.9e-5,0.0004,0.0012,0.0019,0.0029,0.00493,0.000859,0.00039,1.2e-5,0.0003,0.0006,0.0008,0.0011,0.0017,0.002138,0.00123,3.9e-5,0.0004,0.0012,0.0019,0.0029,0.00493,0.002997,0.0015,4.8e-5,0.0009,0.0019,0.0027,0.0038,0.0066,0.997026,0.00151,4.8e-5,0.9934,0.9962,0.9973,0.9981,0.9992,0.002118,0.00124,3.9e-5,0.0003,0.0012,0.0019,0.0028,0.0049,0.000856,0.00039,1.2e-5,0.0003,0.0006,0.0008,0.0011,0.0017,0.002118,0.00124,3.9e-5,0.0003,0.0012,0.0019,0.0028,0.0049,0.002975,0.00151,4.8e-5,0.0008,0.0019,0.0027,0.0038,0.0066
3.5,0.996166,0.002,6.4e-5,0.99137,0.995,0.9966,0.9976,0.999,0.002677,0.00159,5.0e-5,0.0004,0.0015,0.0023,0.0036,0.0064,0.001157,0.00053,1.7e-5,0.0004,0.0008,0.0011,0.0015,0.0024,0.002677,0.00159,5.0e-5,0.0004,0.0015,0.0023,0.0036,0.0064,0.003834,0.002,6.4e-5,0.001,0.0024,0.0034,0.005,0.00863,0.996197,0.00202,6.4e-5,0.9914,0.9951,0.9966,0.9976,0.9991,0.002651,0.0016,5.1e-5,0.0003,0.0015,0.0023,0.0036,0.0064,0.001151,0.00053,1.7e-5,0.0004,0.0008,0.0011,0.0015,0.0024,0.002651,0.0016,5.1e-5,0.0003,0.0015,0.0023,0.0036,0.0064,0.003803,0.00202,6.4e-5,0.0009,0.0024,0.0034,0.0049,0.0086
4.0,0.995149,0.00265,8.4e-5,0.9886,0.9937,0.9958,0.997,0.999,0.003321,0.00203,6.4e-5,0.00047,0.0019,0.0028,0.0045,0.0082,0.00153,0.00073,2.3e-5,0.0005,0.001,0.0014,0.002,0.00333,0.003321,0.00203,6.4e-5,0.00047,0.0019,0.0028,0.0045,0.0082,0.004851,0.00265,8.4e-5,0.001,0.003,0.0042,0.0063,0.0114,0.99519,0.00267,8.4e-5,0.9886,0.9937,0.9958,0.9971,0.9991,0.003289,0.00204,6.5e-5,0.0004,0.00188,0.0028,0.0045,0.0082,0.001521,0.00073,2.3e-5,0.0005,0.001,0.0014,0.0019,0.0033,0.003289,0.00204,6.5e-5,0.0004,0.00188,0.0028,0.0045,0.0082,0.00481,0.00267,8.4e-5,0.0009,0.0029,0.0042,0.0063,0.0114
4.5,0.993891,0.00346,0.00011,0.98527,0.992,0.9947,0.9963,0.9988,0.004114,0.00258,8.2e-5,0.00057,0.00222,0.0035,0.0056,0.0102,0.001995,0.001,3.2e-5,0.0006,0.0013,0.0018,0.0026,0.0044,0.004114,0.00258,8.2e-5,0.00057,0.00222,0.0035,0.0056,0.0102,0.006109,0.00346,0.00011,0.0012,0.0037,0.0053,0.008,0.01473,0.993945,0.00349,0.00011,0.9853,0.992,0.9947,0.9964,0.999,0.004074,0.00259,8.2e-5,0.0004,0.0022,0.0035,0.0056,0.0102,0.001981,0.001,3.2e-5,0.0005,0.0013,0.0018,0.0026,0.0044,0.004074,0.00259,8.2e-5,0.0004,0.0022,0.0035,0.0056,0.0102,0.006055,0.00349,0.00011,0.001,0.0036,0.0053,0.008,0.0147
5.0,0.992368,0.00443,0.000141,0.9815,0.9899,0.9934,0.9955,0.99853,0.005072,0.00321,0.000102,0.0006,0.00272,0.0044,0.0068,0.0129,0.00256,0.00134,4.3e-5,0.0006,0.0016,0.0023,0.0033,0.0058,0.005072,0.00321,0.000102,0.0006,0.00272,0.0044,0.0068,0.0129,0.007632,0.00443,0.000141,0.00147,0.0045,0.0066,0.0101,0.0185,0.992437,0.00446,0.000141,0.9815,0.9899,0.9934,0.9956,0.9988,0.005022,0.00324,0.000102,0.0004,0.0027,0.0043,0.0068,0.0129,0.002541,0.00135,4.3e-5,0.0006,0.0015,0.0023,0.0033,0.0058,0.005022,0.00324,0.000102,0.0004,0.0027,0.0043,0.0068,0.0129,0.007563,0.00446,0.000141,0.0012,0.0044,0.0066,0.0101,0.0185
5.5,0.990505,0.00566,0.00018,0.97676,0.9873,0.9917,0.99458,0.99843,0.006225,0.00402,0.000128,0.0007,0.0033,0.0055,0.0084,0.0161,0.00327,0.00176,5.6e-5,0.0008,0.002,0.0029,0.0042,0.00783,0.006225,0.00402,0.000128,0.0007,0.0033,0.0055,0.0084,0.0161,0.009495,0.00566,0.00018,0.00157,0.00542,0.0083,0.0127,0.02324,0.990592,0.0057,0.00018,0.97689,0.9873,0.9918,0.99462,0.9986,0.006163,0.00405,0.000128,0.0005,0.0032,0.00545,0.0084,0.0161,0.003245,0.00177,5.6e-5,0.0007,0.00198,0.0028,0.0042,0.0078,0.006163,0.00405,0.000128,0.0005,0.0032,0.00545,0.0084,0.0161,0.009408,0.0057,0.00018,0.0014,0.00538,0.0082,0.0127,0.02311
6.0,0.988238,0.00709,0.000225,0.97137,0.9841,0.9897,0.9933,0.99803,0.007607,0.0049,0.000156,0.0007,0.004,0.0067,0.0104,0.01943,0.004154,0.00232,7.4e-5,0.0009,0.0025,0.0036,0.0055,0.01,0.007607,0.0049,0.000156,0.0007,0.004,0.0067,0.0104,0.01943,0.011762,0.00709,0.000225,0.00197,0.0067,0.0103,0.0159,0.02863,0.988348,0.00714,0.000226,0.9714,0.9842,0.9898,0.9935,0.9985,0.007532,0.00493,0.000156,0.0006,0.0039,0.0066,0.01032,0.0194,0.00412,0.00233,7.4e-5,0.0008,0.0025,0.0036,0.0054,0.01,0.007532,0.00493,0.000156,0.0006,0.0039,0.0066,0.01032,0.0194,0.011652,0.00714,0.000226,0.0015,0.0065,0.0102,0.0158,0.0286
6.5,0.985487,0.00893,0.000284,0.96297,0.98,0.9872,0.992,0.9977,0.009303,0.0061,0.000194,0.00097,0.0048,0.0081,0.0129,0.02465,0.00521,0.00296,9.4e-5,0.00107,0.0031,0.0046,0.007,0.01263,0.009303,0.0061,0.000194,0.00097,0.0048,0.0081,0.0129,0.02465,0.014513,0.00893,0.000284,0.0023,0.008,0.0128,0.02,0.03703,0.985624,0.00899,0.000284,0.963,0.9802,0.9873,0.9922,0.9983,0.00921,0.00614,0.000194,0.0006,0.0047,0.008,0.0129,0.0246,0.005165,0.00298,9.4e-5,0.0009,0.003,0.0045,0.0069,0.0126,0.00921,0.00614,0.000194,0.0006,0.0047,0.008,0.0129,0.0246,0.014376,0.00899,0.000284,0.0017,0.0078,0.0127,0.0198,0.037
7.0,0.982141,0.01108,0.000352,0.95431,0.9754,0.9843,0.99018,0.9974,0.011339,0.00741,0.000235,0.0011,0.006,0.0098,0.0159,0.02924,0.006519,0.00381,0.000121,0.0012,0.0038,0.0057,0.0087,0.01583,0.011339,0.00741,0.000235,0.0011,0.006,0.0098,0.0159,0.02924,0.017859,0.01108,0.000352,0.0026,0.00982,0.0157,0.0246,0.04569,0.982312,0.01115,0.000353,0.95448,0.9754,0.9844,0.9904,0.998,0.011226,0.00745,0.000236,0.0007,0.0057,0.0098,0.0158,0.02911,0.006462,0.00383,0.000121,0.001,0.0037,0.00565,0.0087,0.0158,0.011226,0.00745,0.000236,0.0007,0.0057,0.0098,0.0158,0.02911,0.017688,0.01115,0.000353,0.002,0.0096,0.0156,0.0246,0.04552
7.5,0.97811,0.01365,0.000434,0.94457,0.96972,0.98075,0.9882,0.9971,0.013816,0.00899,0.000286,0.0013,0.00702,0.0121,0.0196,0.0361,0.008075,0.0048,0.000153,0.0015,0.0046,0.007,0.0109,0.01968,0.013816,0.00899,0.000286,0.0013,0.00702,0.0121,0.0196,0.0361,0.02189,0.01365,0.000434,0.0029,0.0118,0.01925,0.03028,0.05543,0.978321,0.01374,0.000434,0.9446,0.96988,0.9808,0.9884,0.9977,0.013678,0.00905,0.000286,0.0009,0.0069,0.012,0.01952,0.0361,0.008001,0.00483,0.000153,0.0012,0.0045,0.007,0.0108,0.01961,0.013678,0.00905,0.000286,0.0009,0.0069,0.012,0.01952,0.0361,0.021679,0.01374,0.000434,0.0023,0.0116,0.0192,0.03012,0.0554
8.0,0.97319,0.01676,0.000533,0.93247,0.96225,0.9761,0.9857,0.9967,0.016829,0.01092,0.000347,0.0015,0.00853,0.01485,0.02368,0.04281,0.009982,0.00599,0.00019,0.0018,0.0056,0.0087,0.0135,0.02448,0.016829,0.01092,0.000347,0.0015,0.00853,0.01485,0.02368,0.04281,0.02681,0.01676,0.000533,0.0033,0.0143,0.0239,0.03775,0.06753,0.97345,0.01687,0.000534,0.9325,0.96265,0.97625,0.9859,0.99741,0.016661,0.01099,0.000348,0.0009,0.0084,0.0147,0.02352,0.04271,0.009889,0.00603,0.000191,0.0013,0.0055,0.0087,0.01342,0.02441,0.016661,0.01099,0.000348,0.0009,0.0084,0.0147,0.02352,0.04271,0.02655,0.01687,0.000534,0.00259,0.0141,0.02375,0.03735,0.0675
8.5,0.967324,0.02039,0.000648,0.9189,0.9541,0.9712,0.9827,0.99613,0.020389,0.01311,0.000417,0.00167,0.01072,0.01795,0.02868,0.05136,0.012286,0.00743,0.000236,0.00187,0.0069,0.0108,0.01667,0.03041,0.020389,0.01311,0.000417,0.00167,0.01072,0.01795,0.02868,0.05136,0.032676,0.02039,0.000648,0.00387,0.0173,0.0288,0.0459,0.0811,0.967643,0.02054,0.000649,0.9189,0.9541,0.9715,0.9829,0.9971,0.020186,0.0132,0.000417,0.0011,0.0103,0.01785,0.02852,0.05121,0.012171,0.00748,0.000237,0.0015,0.0067,0.0108,0.01653,0.03031,0.020186,0.0132,0.000417,0.0011,0.0103,0.01785,0.02852,0.05121,0.032357,0.02054,0.000649,0.0029,0.0171,0.0285,0.0459,0.0811
9.0,0.960261,0.0247,0.000785,0.90184,0.94452,0.96445,0.9787,0.9958,0.024668,0.01569,0.000499,0.00177,0.013,0.0221,0.0344,0.06223,0.015071,0.00917,0.000291,0.0023,0.0083,0.0133,0.0206,0.03696,0.024668,0.01569,0.000499,0.00177,0.013,0.0221,0.0344,0.06223,0.039739,0.0247,0.000785,0.0042,0.0213,0.03555,0.05548,0.09816,0.960651,0.02488,0.000787,0.9019,0.94482,0.96465,0.97912,0.99691,0.024421,0.01581,0.0005,0.0013,0.01265,0.0219,0.03422,0.0622,0.014928,0.00923,0.000292,0.0018,0.0081,0.0132,0.0204,0.0369,0.024421,0.01581,0.0005,0.0013,0.01265,0.0219,0.03422,0.0622,0.039349,0.02488,0.000787,0.00309,0.02087,0.03535,0.05518,0.0981
9.5,0.951854,0.02981,0.000947,0.88134,0.9331,0.9569,0.97415,0.99486,0.029686,0.0187,0.000594,0.00247,0.01562,0.0268,0.04105,0.07364,0.01846,0.01128,0.000358,0.0025,0.01005,0.0162,0.0256,0.04553,0.029686,0.0187,0.000594,0.00247,0.01562,0.0268,0.04105,0.07364,0.048146,0.02981,0.000947,0.00514,0.02585,0.0431,0.0669,0.11866,0.952328,0.03003,0.00095,0.88148,0.93335,0.95705,0.97455,0.9966,0.029389,0.01884,0.000596,0.0014,0.01518,0.0265,0.04082,0.07351,0.018283,0.01136,0.000359,0.002,0.00988,0.0161,0.0255,0.0455,0.029389,0.01884,0.000596,0.0014,0.01518,0.0265,0.04082,0.07351,0.047672,0.03003,0.00095,0.0034,0.02545,0.04295,0.06665,0.11851
10.0,0.941919,0.03563,0.001133,0.85758,0.91912,0.9476,0.96828,0.99373,0.035548,0.02202,0.0007,0.0029,0.01895,0.03255,0.0494,0.08716,0.022532,0.01379,0.000438,0.00287,0.01242,0.01995,0.03128,0.05578,0.035548,0.02202,0.0007,0.0029,0.01895,0.03255,0.0494,0.08716,0.058081,0.03563,0.001133,0.00627,0.03172,0.0524,0.08088,0.14242,0.942493,0.03591,0.001136,0.85778,0.91972,0.94785,0.9695,0.996,0.035193,0.02219,0.000702,0.0016,0.0181,0.03225,0.0486,0.0871,0.022315,0.01389,0.000439,0.0023,0.0122,0.01985,0.0312,0.05571,0.035193,0.02219,0.000702,0.0016,0.0181,0.03225,0.0486,0.0871,0.057507,0.03591,0.001136,0.004,0.0305,0.05215,0.08028,0.14222
10.5,0.930262,0.04216,0.00134,0.83036,0.90435,0.93675,0.96175,0.99283,0.0424,0.02565,0.000815,0.00379,0.02302,0.0385,0.05848,0.10265,0.027338,0.0167,0.000531,0.0032,0.0149,0.0245,0.03795,0.06696,0.0424,0.02565,0.000815,0.00379,0.02302,0.0385,0.05848,0.10265,0.069738,0.04216,0.00134,0.00717,0.03825,0.06325,0.09565,0.16964,0.930952,0.04251,0.001344,0.83049,0.90458,0.9372,0.9634,0.99541,0.041976,0.02587,0.000818,0.002,0.02218,0.0381,0.0582,0.1026,0.027072,0.01683,0.000532,0.0024,0.0146,0.0241,0.0378,0.0669,0.041976,0.02587,0.000818,0.002,0.02218,0.0381,0.0582,0.1026,0.069048,0.04251,0.001344,0.00459,0.0366,0.0628,0.09543,0.16951
11.0,0.916695,0.04944,0.001571,0.80023,0.8852,0.9243,0.95418,0.99134,0.050192,0.0295,0.000938,0.00447,0.0279,0.04615,0.0691,0.11851,0.033112,0.02015,0.00064,0.00367,0.0182,0.0301,0.04578,0.08046,0.050192,0.0295,0.000938,0.00447,0.0279,0.04615,0.0691,0.11851,0.083305,0.04944,0.001571,0.00866,0.04582,0.0757,0.1148,0.19976,0.917521,0.04987,0.001577,0.80038,0.88563,0.9247,0.9556,0.99441,0.049691,0.02978,0.000942,0.00279,0.02708,0.0456,0.06878,0.11841,0.032789,0.0203,0.000642,0.0026,0.01758,0.0298,0.04562,0.0804,0.049691,0.02978,0.000942,0.00279,0.02708,0.0456,0.06878,0.11841,0.082479,0.04987,0.001577,0.00559,0.0444,0.0753,0.11437,0.19962
11.5,0.901096,0.05738,0.001824,0.76757,0.86432,0.9093,0.94465,0.98944,0.058948,0.03358,0.001067,0.00574,0.0331,0.05495,0.08108,0.13522,0.039957,0.02402,0.000764,0.00459,0.02182,0.03625,0.0553,0.09588,0.058948,0.03358,0.001067,0.00574,0.0331,0.05495,0.08108,0.13522,0.098904,0.05738,0.001824,0.01056,0.05535,0.0907,0.13567,0.23243,0.902077,0.05792,0.001832,0.7676,0.8649,0.9098,0.94555,0.994,0.058358,0.03393,0.001073,0.003,0.03258,0.05415,0.0806,0.13502,0.039565,0.02422,0.000766,0.003,0.0214,0.03605,0.05498,0.09581,0.058358,0.03393,0.001073,0.003,0.03258,0.05415,0.0806,0.13502,0.097923,0.05792,0.001832,0.006,0.05445,0.0902,0.1351,0.2324
12.0,0.883267,0.06589,0.002094,0.73304,0.83972,0.89155,0.9328,0.98752,0.068735,0.03764,0.001196,0.00649,0.04002,0.06475,0.0942,0.15164,0.047998,0.02852,0.000906,0.00519,0.02682,0.04395,0.06655,0.11438,0.068735,0.03764,0.001196,0.00649,0.04002,0.06475,0.0942,0.15164,0.116733,0.06589,0.002094,0.01248,0.0672,0.10845,0.16028,0.26696,0.884426,0.06656,0.002105,0.7331,0.8404,0.89255,0.93462,0.993,0.068048,0.03807,0.001204,0.00359,0.03918,0.0642,0.0941,0.15151,0.047526,0.02876,0.00091,0.00389,0.02658,0.04355,0.06605,0.11431,0.068048,0.03807,0.001204,0.00359,0.03918,0.0642,0.0941,0.15151,0.115574,0.06656,0.002105,0.007,0.06537,0.10745,0.1596,0.26691
12.5,0.863191,0.07478,0.002377,0.69645,0.81382,0.8724,0.9199,0.98471,0.079568,0.04166,0.001324,0.00832,0.04753,0.07595,0.10868,0.1665,0.057241,0.03344,0.001063,0.00604,0.03245,0.0526,0.07955,0.13499,0.079568,0.04166,0.001324,0.00832,0.04753,0.07595,0.10868,0.1665,0.136809,0.07478,0.002377,0.01529,0.0801,0.1276,0.18617,0.30355,0.864552,0.07563,0.002392,0.69668,0.81418,0.8728,0.922,0.99102,0.078772,0.0422,0.001335,0.0044,0.04612,0.0756,0.10818,0.16623,0.056676,0.03375,0.001067,0.00448,0.03167,0.05225,0.07867,0.13482,0.078772,0.0422,0.001335,0.0044,0.04612,0.0756,0.10818,0.16623,0.135449,0.07563,0.002392,0.00898,0.078,0.1272,0.18582,0.30332
13.0,0.840866,0.08393,0.002668,0.66017,0.78375,0.8487,0.90355,0.98157,0.091223,0.04553,0.001447,0.01034,0.05605,0.08895,0.1244,0.18036,0.067911,0.03881,0.001234,0.0077,0.03872,0.063,0.0939,0.1563,0.091223,0.04553,0.001447,0.01034,0.05605,0.08895,0.1244,0.18036,0.159134,0.08393,0.002668,0.01843,0.09645,0.1513,0.21625,0.33983,0.842449,0.08499,0.002688,0.6602,0.78415,0.8495,0.90695,0.98864,0.090311,0.0462,0.001461,0.0057,0.05485,0.0884,0.12415,0.1803,0.06724,0.03919,0.001239,0.0048,0.03835,0.0626,0.09315,0.15603,0.090311,0.0462,0.001461,0.0057,0.05485,0.0884,0.12415,0.1803,0.157551,0.08499,0.002688,0.01136,0.09305,0.1505,0.21585,0.3398
13.5,0.816355,0.09295,0.002954,0.62376,0.75095,0.82275,0.8863,0.97781,0.103546,0.04887,0.001553,0.01286,0.0665,0.10275,0.1401,0.19586,0.080099,0.04462,0.001418,0.00927,0.047,0.07475,0.10965,0.18065,0.103546,0.04887,0.001553,0.01286,0.0665,0.10275,0.1401,0.19586,0.183645,0.09295,0.002954,0.02219,0.1137,0.17725,0.24905,0.37623,0.818184,0.09426,0.002981,0.62462,0.7517,0.8239,0.88905,0.98673,0.102511,0.0497,0.001572,0.00718,0.06505,0.1024,0.13975,0.1958,0.079306,0.04509,0.001426,0.0055,0.04612,0.0744,0.10908,0.18042,0.102511,0.0497,0.001572,0.00718,0.06505,0.1024,0.13975,0.1958,0.181816,0.09426,0.002981,0.01327,0.11095,0.1761,0.2483,0.37538
14.0,0.789732,0.10163,0.00323,0.58606,0.71778,0.7937,0.86632,0.97373,0.116459,0.0516,0.00164,0.01537,0.07855,0.1176,0.15587,0.20666,0.093809,0.05072,0.001612,0.01104,0.05585,0.0884,0.12775,0.20606,0.116459,0.0516,0.00164,0.01537,0.07855,0.1176,0.15587,0.20666,0.210268,0.10163,0.00323,0.02627,0.13367,0.2063,0.28222,0.41394,0.791827,0.10325,0.003265,0.58619,0.71848,0.7952,0.86878,0.98502,0.115294,0.05263,0.001664,0.008,0.07682,0.1169,0.15532,0.20633,0.092879,0.05131,0.001623,0.00689,0.05458,0.08775,0.1273,0.20573,0.115294,0.05263,0.001664,0.008,0.07682,0.1169,0.15532,0.20633,0.208173,0.10325,0.003265,0.01498,0.13122,0.2048,0.28152,0.41381
14.5,0.761338,0.10974,0.003488,0.55083,0.6807,0.7627,0.8416,0.96839,0.129512,0.0535,0.0017,0.01774,0.0914,0.13305,0.1706,0.21757,0.10915,0.05713,0.001816,0.01378,0.06708,0.1045,0.1483,0.23353,0.129512,0.0535,0.0017,0.01774,0.0914,0.13305,0.1706,0.21757,0.238662,0.10974,0.003488,0.03161,0.1584,0.2373,0.3193,0.44918,0.763717,0.11173,0.003533,0.55108,0.68198,0.76395,0.8454,0.98251,0.128216,0.05478,0.001732,0.00999,0.09047,0.13235,0.17012,0.21732,0.108066,0.05786,0.00183,0.00818,0.06475,0.1038,0.14727,0.2335,0.128216,0.05478,0.001732,0.00999,0.09047,0.13235,0.17012,0.21732,0.236283,0.11173,0.003533,0.01749,0.1546,0.23605,0.31802,0.44892
15.0,0.731393,0.11718,0.003724,0.51715,0.6444,0.7299,0.81408,0.96208,0.142546,0.05468,0.001738,0.0214,0.1063,0.1492,0.18555,0.2257,0.126061,0.06365,0.002023,0.01607,0.0792,0.12185,0.17038,0.26075,0.142546,0.05468,0.001738,0.0214,0.1063,0.1492,0.18555,0.2257,0.268607,0.11718,0.003724,0.03792,0.18592,0.2701,0.3556,0.48285,0.734071,0.1196,0.003782,0.51738,0.6459,0.7317,0.81865,0.9789,0.14112,0.05623,0.001778,0.0116,0.10455,0.148,0.18498,0.2257,0.124808,0.06455,0.002041,0.00949,0.07715,0.12115,0.17012,0.2607,0.14112,0.05623,0.001778,0.0116,0.10455,0.148,0.18498,0.2257,0.265929,0.1196,0.003782,0.0211,0.18135,0.2683,0.3541,0.48262
15.5,0.70027,0.12351,0.003925,0.48292,0.60708,0.69435,0.78508,0.95388,0.155063,0.0548,0.001742,0.02645,0.12085,0.1651,0.1974,0.23078,0.144667,0.07021,0.002232,0.01898,0.0936,0.14095,0.19435,0.28876,0.155063,0.0548,0.001742,0.02645,0.12085,0.1651,0.1974,0.23078,0.29973,0.12351,0.003925,0.04612,0.21492,0.30565,0.39292,0.51708,0.70326,0.12644,0.003998,0.48345,0.60807,0.69655,0.78765,0.97441,0.153512,0.05667,0.001792,0.01468,0.11938,0.164,0.19682,0.23071,0.143228,0.07131,0.002255,0.0109,0.09128,0.1403,0.19338,0.28789,0.153512,0.05667,0.001792,0.01468,0.11938,0.164,0.19682,0.23071,0.29674,0.12644,0.003998,0.02559,0.21235,0.30345,0.39192,0.51655
16.0,0.668466,0.12863,0.004088,0.4511,0.5702,0.6589,0.75408,0.94374,0.166694,0.05391,0.001713,0.03274,0.13572,0.17895,0.2082,0.2349,0.164839,0.07667,0.002437,0.02264,0.1101,0.1623,0.21998,0.31546,0.166694,0.05391,0.001713,0.03274,0.13572,0.17895,0.2082,0.2349,0.331534,0.12863,0.004088,0.05626,0.24592,0.3411,0.4298,0.5489,0.671774,0.13215,0.004179,0.4511,0.57108,0.6609,0.75732,0.9684,0.165027,0.05615,0.001776,0.01878,0.13455,0.1781,0.20782,0.2349,0.163199,0.07801,0.002467,0.01279,0.10672,0.1617,0.2195,0.31486,0.165027,0.05615,0.001776,0.01878,0.13455,0.1781,0.20782,0.2349,0.328226,0.13215,0.004179,0.0316,0.24268,0.3391,0.42892,0.5489
16.5,0.636414,0.1325,0.004211,0.42358,0.5362,0.62295,0.72105,0.9341,0.177161,0.05217,0.001658,0.03849,0.15095,0.192,0.2158,0.23688,0.186425,0.08291,0.002635,0.02692,0.12775,0.1855,0.24668,0.34654,0.177161,0.05217,0.001658,0.03849,0.15095,0.192,0.2158,0.23688,0.363586,0.1325,0.004211,0.0659,0.27895,0.37705,0.4638,0.57642,0.640042,0.13669,0.004323,0.42432,0.53665,0.6249,0.72472,0.9627,0.17539,0.05482,0.001734,0.02178,0.14998,0.1913,0.21572,0.23681,0.184568,0.08454,0.002673,0.01538,0.12467,0.18435,0.245,0.34614,0.17539,0.05482,0.001734,0.02178,0.14998,0.1913,0.21572,0.23681,0.359958,0.13669,0.004323,0.0373,0.27528,0.3751,0.46335,0.57567
17.0,0.604475,0.13489,0.004287,0.39714,0.50192,0.58715,0.68552,0.92098,0.186314,0.0495,0.001573,0.04638,0.16665,0.2027,0.2218,0.23763,0.209211,0.08875,0.002821,0.03212,0.14755,0.21075,0.2746,0.3748,0.186314,0.0495,0.001573,0.04638,0.16665,0.2027,0.2218,0.23763,0.395525,0.13489,0.004287,0.07902,0.31448,0.41285,0.49808,0.60285,0.608423,0.13985,0.004423,0.3972,0.5024,0.59035,0.6908,0.95502,0.18445,0.05263,0.001664,0.02539,0.16548,0.20215,0.2217,0.2376,0.207127,0.09071,0.002869,0.0184,0.1435,0.2092,0.274,0.3748,0.18445,0.05263,0.001664,0.02539,0.16548,0.20215,0.2217,0.2376,0.391577,0.13985,0.004423,0.04498,0.3092,0.40965,0.4976,0.6028
17.5,0.573138,0.13594,0.004321,0.37424,0.4711,0.55145,0.6494,0.90561,0.193835,0.04636,0.001474,0.05488,0.18088,0.2108,0.2237,0.23775,0.233027,0.09406,0.002989,0.03847,0.1684,0.23595,0.30228,0.40318,0.193835,0.04636,0.001474,0.05488,0.18088,0.2108,0.2237,0.23775,0.426862,0.13594,0.004321,0.09439,0.3506,0.44855,0.5289,0.62576,0.577399,0.14176,0.004483,0.37438,0.47125,0.5537,0.65382,0.94721,0.191896,0.05,0.001581,0.02999,0.1799,0.2102,0.22362,0.23752,0.230705,0.0964,0.003048,0.0228,0.16495,0.2352,0.3014,0.40311,0.191896,0.05,0.001581,0.02999,0.1799,0.2102,0.22362,0.23752,0.422601,0.14176,0.004483,0.05279,0.34618,0.4463,0.52875,0.62562
18.0,0.542565,0.13572,0.004314,0.35315,0.4424,0.51745,0.61308,0.88708,0.199878,0.04284,0.001361,0.0654,0.19358,0.21485,0.2252,0.23821,0.257557,0.09871,0.003137,0.04613,0.1913,0.26285,0.33032,0.42963,0.199878,0.04284,0.001361,0.0654,0.19358,0.21485,0.2252,0.23821,0.457435,0.13572,0.004314,0.11292,0.38692,0.48255,0.5576,0.64685,0.547132,0.14249,0.004506,0.3532,0.4427,0.5196,0.61728,0.9365,0.19788,0.04704,0.001487,0.03677,0.1924,0.21465,0.22502,0.23811,0.254989,0.10149,0.003209,0.0278,0.18862,0.261,0.32982,0.4296,0.19788,0.04704,0.001487,0.03677,0.1924,0.21465,0.22502,0.23811,0.452868,0.14249,0.004506,0.0635,0.38272,0.4804,0.5573,0.64681
18.5,0.513314,0.13427,0.004267,0.33617,0.41578,0.4862,0.57818,0.86622,0.203931,0.03917,0.001245,0.07681,0.20162,0.2156,0.22468,0.23736,0.282755,0.10269,0.003264,0.0556,0.21612,0.2898,0.35892,0.456,0.203931,0.03917,0.001245,0.07681,0.20162,0.2156,0.22468,0.23736,0.486686,0.13427,0.004267,0.13378,0.42182,0.5138,0.58422,0.66383,0.518173,0.14209,0.004493,0.33647,0.41665,0.48735,0.58088,0.92505,0.201891,0.04395,0.00139,0.04512,0.20102,0.2155,0.2245,0.2373,0.279936,0.10596,0.003351,0.03278,0.21432,0.2892,0.35842,0.45573,0.201891,0.04395,0.00139,0.04512,0.20102,0.2155,0.2245,0.2373,0.481827,0.14209,0.004493,0.07495,0.41912,0.51265,0.58335,0.66353
19.0,0.485425,0.13194,0.004193,0.31874,0.3917,0.456,0.54238,0.84115,0.206143,0.03578,0.001137,0.08955,0.2035,0.21545,0.22475,0.23693,0.308432,0.10599,0.003369,0.0646,0.24255,0.3184,0.38742,0.48161,0.206143,0.03578,0.001137,0.08955,0.2035,0.21545,0.22475,0.23693,0.514575,0.13194,0.004193,0.15885,0.45762,0.544,0.6083,0.68126,0.490563,0.14089,0.004455,0.3188,0.39248,0.4581,0.5467,0.91031,0.204082,0.04109,0.0013,0.05617,0.20268,0.2153,0.2245,0.2369,0.305356,0.10981,0.003473,0.03869,0.24008,0.31735,0.3867,0.48151,0.204082,0.04109,0.0013,0.05617,0.20268,0.2153,0.2245,0.2369,0.509437,0.14089,0.004455,0.08969,0.4533,0.5419,0.60753,0.6812
19.5,0.45902,0.12866,0.004089,0.30386,0.36945,0.42845,0.50907,0.81721,0.206739,0.03278,0.001042,0.10259,0.20282,0.21465,0.2237,0.23658,0.334241,0.10857,0.003451,0.07648,0.27022,0.34615,0.41398,0.50531,0.206739,0.03278,0.001042,0.10259,0.20282,0.21465,0.2237,0.23658,0.54098,0.12866,0.004089,0.18279,0.49093,0.57155,0.63055,0.69614,0.464422,0.13886,0.004391,0.30399,0.36968,0.4304,0.51297,0.89257,0.204671,0.03856,0.001219,0.06722,0.20248,0.2145,0.2237,0.23651,0.330906,0.11301,0.003574,0.04469,0.26675,0.345,0.41345,0.50521,0.204671,0.03856,0.001219,0.06722,0.20248,0.2145,0.2237,0.23651,0.535578,0.13886,0.004391,0.10743,0.48702,0.5696,0.63032,0.69601
20.0,0.434371,0.12463,0.003961,0.29107,0.3508,0.4039,0.4776,0.78881,0.205599,0.03059,0.000972,0.11808,0.1987,0.2125,0.22258,0.2365,0.36003,0.1104,0.003509,0.09162,0.29708,0.37475,0.44138,0.5284,0.205599,0.03059,0.000972,0.11808,0.1987,0.2125,0.22258,0.2365,0.565629,0.12463,0.003961,0.21119,0.5224,0.5961,0.6492,0.70893,0.44002,0.13616,0.004306,0.2911,0.3512,0.4049,0.48077,0.87142,0.203543,0.03667,0.00116,0.07983,0.1978,0.2124,0.2225,0.2365,0.356437,0.11552,0.003653,0.0534,0.29438,0.3728,0.4407,0.52813,0.203543,0.03667,0.00116,0.07983,0.1978,0.2124,0.2225,0.2365,0.55998,0.13616,0.004306,0.12858,0.51923,0.5951,0.6488,0.7089
20.5,0.411402,0.11993,0.003812,0.28008,0.33345,0.38035,0.44838,0.75615,0.203017,0.02927,0.00093,0.13457,0.1927,0.2092,0.22038,0.23643,0.385581,0.11136,0.003539,0.10996,0.32393,0.4023,0.4663,0.54986,0.203017,0.02927,0.00093,0.13457,0.1927,0.2092,0.22038,0.23643,0.588598,0.11993,0.003812,0.24385,0.55162,0.61965,0.66655,0.71992,0.417281,0.13291,0.004203,0.28028,0.33388,0.38175,0.45295,0.84718,0.200987,0.03545,0.001121,0.0919,0.1921,0.2089,0.2203,0.2364,0.381733,0.11724,0.003707,0.06199,0.3221,0.39985,0.46582,0.54953,0.200987,0.03545,0.001121,0.0919,0.1921,0.2089,0.2203,0.2364,0.582719,0.13291,0.004203,0.15282,0.54705,0.61825,0.66612,0.71972
21.0,0.390273,0.11488,0.003651,0.26947,0.31848,0.3595,0.42155,0.72369,0.199014,0.02899,0.000921,0.1449,0.18562,0.20455,0.218,0.23428,0.410713,0.11166,0.003549,0.12895,0.35385,0.42965,0.49068,0.5713,0.199014,0.02899,0.000921,0.1449,0.18562,0.20455,0.218,0.23428,0.609727,0.11488,0.003651,0.27631,0.57845,0.6405,0.68152,0.73053,0.396362,0.12938,0.004091,0.2695,0.31918,0.3601,0.42508,0.82102,0.197024,0.03499,0.001106,0.10439,0.1844,0.2042,0.2179,0.23421,0.406614,0.11836,0.003743,0.07509,0.35112,0.4265,0.49022,0.57103,0.197024,0.03499,0.001106,0.10439,0.1844,0.2042,0.2179,0.23421,0.603638,0.12938,0.004091,0.17898,0.57492,0.6399,0.68082,0.7305
21.5,0.370967,0.10969,0.003486,0.2606,0.30442,0.34015,0.3978,0.68901,0.193801,0.02932,0.000932,0.13778,0.17832,0.19895,0.2145,0.2326,0.435231,0.11133,0.003538,0.14668,0.38218,0.4552,0.51358,0.59028,0.193801,0.02932,0.000932,0.13778,0.17832,0.19895,0.2145,0.2326,0.629033,0.10969,0.003486,0.31099,0.6022,0.65985,0.69558,0.7394,0.37725,0.12579,0.003978,0.2606,0.30478,0.34185,0.3999,0.79238,0.191863,0.03497,0.001106,0.1192,0.17698,0.19855,0.21442,0.2326,0.430887,0.11891,0.00376,0.08868,0.3786,0.45195,0.51332,0.59021,0.191863,0.03497,0.001106,0.1192,0.17698,0.19855,0.21442,0.2326,0.62275,0.12579,0.003978,0.20762,0.6001,0.65815,0.69523,0.7394
22.0,0.353386,0.10432,0.003315,0.25319,0.29192,0.3246,0.37607,0.65425,0.18751,0.0302,0.00096,0.13174,0.16862,0.19145,0.2096,0.23133,0.459105,0.11029,0.003505,0.16744,0.40885,0.4791,0.53645,0.60783,0.18751,0.0302,0.00096,0.13174,0.16862,0.19145,0.2096,0.23133,0.646614,0.10432,0.003315,0.34574,0.62393,0.6754,0.70808,0.74681,0.359844,0.12209,0.003861,0.25329,0.2923,0.3253,0.3779,0.7593,0.185634,0.03537,0.001119,0.1229,0.1678,0.19125,0.2095,0.2313,0.454522,0.11884,0.003758,0.10355,0.40598,0.47785,0.536,0.60753,0.185634,0.03537,0.001119,0.1229,0.1678,0.19125,0.2095,0.2313,0.640156,0.12209,0.003861,0.2407,0.6221,0.6747,0.7077,0.74671
22.5,0.3374,0.099,0.003147,0.24689,0.281,0.31015,0.35785,0.61747,0.180395,0.03139,0.000998,0.12276,0.15922,0.18295,0.20452,0.23013,0.482205,0.10875,0.003456,0.19196,0.43525,0.50355,0.55747,0.62421,0.180395,0.03139,0.000998,0.12276,0.15922,0.18295,0.20452,0.23013,0.6626,0.099,0.003147,0.38253,0.64215,0.68985,0.719,0.75311,0.344018,0.11851,0.003748,0.24699,0.28147,0.3113,0.359,0.72613,0.178591,0.03603,0.001139,0.11738,0.15848,0.1826,0.20402,0.2301,0.477391,0.11835,0.003742,0.12261,0.4316,0.50245,0.55685,0.62338,0.178591,0.03603,0.001139,0.11738,0.15848,0.1826,0.20402,0.2301,0.655981,0.11851,0.003748,0.27387,0.641,0.6887,0.71852,0.75301
23.0,0.322948,0.0937,0.002978,0.23994,0.27202,0.29755,0.34145,0.58118,0.172875,0.03259,0.001036,0.11497,0.14955,0.17385,0.19768,0.22672,0.504177,0.10677,0.003393,0.2158,0.46042,0.52545,0.57638,0.63982,0.172875,0.03259,0.001036,0.11497,0.14955,0.17385,0.19768,0.22672,0.677052,0.0937,0.002978,0.41882,0.65855,0.70245,0.72798,0.76005,0.329711,0.115,0.003636,0.24,0.2722,0.29855,0.3428,0.69179,0.171146,0.03671,0.001161,0.11094,0.14868,0.1729,0.19738,0.22625,0.499143,0.11746,0.003714,0.14306,0.45698,0.52475,0.57622,0.63935,0.171146,0.03671,0.001161,0.11094,0.14868,0.1729,0.19738,0.22625,0.670289,0.115,0.003636,0.30821,0.6572,0.70145,0.7278,0.76
23.5,0.30989,0.08856,0.002814,0.23467,0.26335,0.2866,0.32612,0.5469,0.164839,0.03369,0.001071,0.10657,0.14043,0.16385,0.1895,0.22383,0.525271,0.10444,0.003319,0.24291,0.4852,0.5478,0.59428,0.6542,0.164839,0.03369,0.001071,0.10657,0.14043,0.16385,0.1895,0.22383,0.69011,0.08856,0.002814,0.4531,0.67388,0.7134,0.73665,0.76533,0.316784,0.11168,0.003532,0.2347,0.26358,0.28695,0.32725,0.65446,0.16319,0.03732,0.00118,0.10373,0.1395,0.1634,0.18925,0.2238,0.520026,0.11629,0.003678,0.16438,0.48158,0.54575,0.59405,0.6542,0.16319,0.03732,0.00118,0.10373,0.1395,0.1634,0.18925,0.2238,0.683216,0.11168,0.003532,0.34554,0.67275,0.71305,0.73642,0.7653
24.0,0.298235,0.08349,0.002653,0.23034,0.25595,0.27655,0.3111,0.51349,0.156418,0.03464,0.001101,0.0985,0.13012,0.15395,0.1802,0.22306,0.545348,0.10183,0.003236,0.26987,0.50902,0.56885,0.61158,0.66698,0.156418,0.03464,0.001101,0.0985,0.13012,0.15395,0.1802,0.22306,0.701765,0.08349,0.002653,0.48651,0.6889,0.72345,0.74405,0.76966,0.305245,0.10849,0.003431,0.2304,0.25625,0.2771,0.31345,0.61873,0.154854,0.03782,0.001196,0.09588,0.1297,0.1539,0.17995,0.22291,0.539902,0.11491,0.003634,0.18816,0.5061,0.56665,0.6115,0.66672,0.154854,0.03782,0.001196,0.09588,0.1297,0.1539,0.17995,0.22291,0.694755,0.10849,0.003431,0.38126,0.68655,0.7229,0.74375,0.7696
24.5,0.287792,0.07869,0.002501,0.22647,0.24962,0.26805,0.29795,0.48306,0.14777,0.0353,0.001122,0.08984,0.12082,0.1439,0.17128,0.22218,0.564437,0.09891,0.003143,0.2971,0.53138,0.5873,0.62748,0.67933,0.14777,0.0353,0.001122,0.08984,0.12082,0.1439,0.17128,0.22218,0.712208,0.07869,0.002501,0.51694,0.70205,0.73195,0.75038,0.77353,0.294907,0.10557,0.003339,0.2265,0.2498,0.2683,0.29967,0.58135,0.146292,0.03808,0.001204,0.08837,0.1203,0.1434,0.17105,0.22211,0.558801,0.11328,0.003582,0.21441,0.5293,0.5865,0.62722,0.6793,0.146292,0.03808,0.001204,0.08837,0.1203,0.1434,0.17105,0.22211,0.705093,0.10557,0.003339,0.41865,0.70032,0.7317,0.7502,0.7735
25.0,0.278449,0.07412,0.002356,0.22296,0.24372,0.26,0.2867,0.45247,0.139146,0.03575,0.001136,0.08257,0.11203,0.13435,0.16178,0.21966,0.582405,0.09574,0.003043,0.32613,0.5528,0.605,0.64247,0.69074,0.139146,0.03575,0.001136,0.08257,0.11203,0.13435,0.16178,0.21966,0.721551,0.07412,0.002356,0.54753,0.7133,0.74,0.75628,0.77704,0.285657,0.10289,0.003254,0.22309,0.2438,0.2603,0.2885,0.54798,0.137755,0.03817,0.001207,0.0806,0.1113,0.13405,0.1614,0.2196,0.576589,0.11147,0.003525,0.24142,0.55002,0.60405,0.6423,0.69061,0.137755,0.03817,0.001207,0.0806,0.1113,0.13405,0.1614,0.2196,0.714343,0.10289,0.003254,0.45202,0.7115,0.7397,0.7562,0.77691
25.5,0.270105,0.06966,0.002214,0.21947,0.2391,0.2533,0.27618,0.4235,0.13064,0.03585,0.001139,0.07717,0.10385,0.1254,0.1519,0.21562,0.599255,0.0924,0.002937,0.35354,0.5727,0.62175,0.656,0.70006,0.13064,0.03585,0.001139,0.07717,0.10385,0.1254,0.1519,0.21562,0.729895,0.06966,0.002214,0.5765,0.72382,0.7467,0.7609,0.78053,0.277396,0.10036,0.003174,0.2195,0.2391,0.25375,0.2779,0.51404,0.129334,0.03797,0.001201,0.07369,0.10328,0.12485,0.15182,0.21542,0.59327,0.10955,0.003464,0.26708,0.56953,0.6207,0.65575,0.7,0.129334,0.03797,0.001201,0.07369,0.10328,0.12485,0.15182,0.21542,0.722604,0.10036,0.003174,0.48596,0.7221,0.74625,0.7609,0.7805
26.0,0.262702,0.06545,0.00208,0.2161,0.2346,0.2476,0.2675,0.39932,0.122212,0.03581,0.001138,0.07042,0.0959,0.11605,0.1428,0.21231,0.615086,0.08904,0.00283,0.3814,0.59045,0.63695,0.66828,0.70914,0.122212,0.03581,0.001138,0.07042,0.0959,0.11605,0.1428,0.21231,0.737298,0.06545,0.00208,0.60068,0.7325,0.7524,0.7654,0.7839,0.270067,0.09806,0.003101,0.2161,0.2347,0.2478,0.26912,0.48472,0.12099,0.03765,0.001191,0.0675,0.0952,0.1156,0.14253,0.21221,0.608943,0.10765,0.003404,0.29555,0.58778,0.63645,0.66813,0.70901,0.12099,0.03765,0.001191,0.0675,0.0952,0.1156,0.14253,0.21221,0.729933,0.09806,0.003101,0.51528,0.73088,0.7522,0.7653,0.7839
26.5,0.256052,0.06136,0.00195,0.21357,0.23062,0.24235,0.2606,0.37744,0.114022,0.03566,0.001133,0.06502,0.08772,0.10715,0.13267,0.20916,0.629926,0.08561,0.002721,0.4096,0.60692,0.65115,0.68095,0.71836,0.114022,0.03566,0.001133,0.06502,0.08772,0.10715,0.13267,0.20916,0.743948,0.06136,0.00195,0.62256,0.7394,0.75765,0.76937,0.78643,0.263484,0.09592,0.003033,0.2136,0.23078,0.24265,0.26145,0.45479,0.112882,0.03725,0.001178,0.0618,0.08728,0.1066,0.1325,0.2091,0.623634,0.10573,0.003343,0.32228,0.60478,0.65045,0.68022,0.71831,0.112882,0.03725,0.001178,0.0618,0.08728,0.1066,0.1325,0.2091,0.736516,0.09592,0.003033,0.54521,0.73855,0.75735,0.76922,0.7864
27.0,0.250126,0.05754,0.001829,0.21107,0.2271,0.23805,0.25438,0.35699,0.10624,0.03519,0.001118,0.05907,0.08062,0.09905,0.12358,0.20244,0.643634,0.08201,0.002607,0.43562,0.62248,0.6638,0.69078,0.72595,0.10624,0.03519,0.001118,0.05907,0.08062,0.09905,0.12358,0.20244,0.749874,0.05754,0.001829,0.64301,0.74562,0.76195,0.7729,0.78893,0.257617,0.09402,0.002973,0.2111,0.2273,0.23825,0.2549,0.42982,0.105178,0.03658,0.001157,0.0561,0.0802,0.09875,0.12323,0.20231,0.637205,0.1037,0.003279,0.35087,0.62037,0.66335,0.69062,0.72572,0.105178,0.03658,0.001157,0.0561,0.0802,0.09875,0.12323,0.20231,0.742383,0.09402,0.002973,0.57018,0.7451,0.76175,0.7727,0.7889
27.5,0.244912,0.05398,0.001716,0.20862,0.22422,0.2341,0.24885,0.33948,0.098688,0.03455,0.001098,0.0539,0.074,0.0914,0.11458,0.19526,0.656401,0.07849,0.002495,0.46125,0.63622,0.6758,0.70045,0.73333,0.098688,0.03455,0.001098,0.0539,0.074,0.0914,0.11458,0.19526,0.755088,0.05398,0.001716,0.66052,0.75115,0.7659,0.77578,0.79138,0.252455,0.09232,0.002919,0.20869,0.22438,0.2346,0.2495,0.40537,0.097701,0.03575,0.00113,0.0509,0.0737,0.0908,0.11442,0.19512,0.649845,0.10178,0.003219,0.37745,0.63505,0.6751,0.7003,0.7333,0.097701,0.03575,0.00113,0.0509,0.0737,0.0908,0.11442,0.19512,0.747545,0.09232,0.002919,0.59463,0.7505,0.7654,0.77562,0.79131
28.0,0.240235,0.05057,0.001607,0.20667,0.2214,0.2307,0.2435,0.32419,0.091473,0.03376,0.001073,0.04927,0.0678,0.08445,0.1065,0.18634,0.668292,0.07494,0.002382,0.48618,0.65003,0.68655,0.7093,0.73973,0.091473,0.03376,0.001073,0.04927,0.0678,0.08445,0.1065,0.18634,0.759765,0.05057,0.001607,0.67581,0.7565,0.7693,0.7786,0.79333,0.247825,0.09078,0.002871,0.2067,0.2214,0.23085,0.2443,0.38113,0.090558,0.0348,0.001101,0.04639,0.0674,0.08355,0.10622,0.18567,0.661617,0.09987,0.003158,0.40342,0.6484,0.68595,0.70922,0.7397,0.090558,0.0348,0.001101,0.04639,0.0674,0.08355,0.10622,0.18567,0.752175,0.09078,0.002871,0.61887,0.7557,0.76915,0.7786,0.7933
28.5,0.23609,0.04736,0.001505,0.20507,0.2186,0.2274,0.23915,0.31219,0.084611,0.03288,0.001045,0.04464,0.06202,0.07695,0.09848,0.17721,0.679299,0.07148,0.002272,0.50948,0.66192,0.6966,0.7173,0.74603,0.084611,0.03288,0.001045,0.04464,0.06202,0.07695,0.09848,0.17721,0.76391,0.04736,0.001505,0.68781,0.76085,0.7726,0.7814,0.79493,0.243721,0.0894,0.002827,0.2051,0.2187,0.2275,0.2397,0.35881,0.083765,0.03378,0.001068,0.04189,0.0615,0.0765,0.09815,0.17611,0.672514,0.09809,0.003102,0.43054,0.66102,0.6961,0.71722,0.746,0.083765,0.03378,0.001068,0.04189,0.0615,0.0765,0.09815,0.17611,0.756279,0.0894,0.002827,0.64118,0.7603,0.7725,0.7813,0.7949
29.0,0.232412,0.04431,0.001408,0.20337,0.2164,0.2248,0.23568,0.29911,0.078085,0.03189,0.001014,0.04057,0.05665,0.0704,0.0903,0.17075,0.689502,0.06806,0.002163,0.53136,0.67392,0.7061,0.7251,0.75173,0.078085,0.03189,0.001014,0.04057,0.05665,0.0704,0.0903,0.17075,0.767588,0.04431,0.001408,0.70088,0.76432,0.7752,0.7836,0.79663,0.24008,0.08815,0.002788,0.2034,0.2164,0.2249,0.23602,0.34023,0.077305,0.03267,0.001033,0.0381,0.05608,0.0699,0.09005,0.17052,0.682615,0.09637,0.003047,0.45666,0.67232,0.7057,0.72502,0.7517,0.077305,0.03267,0.001033,0.0381,0.05608,0.0699,0.09005,0.17052,0.75992,0.08815,0.002788,0.65976,0.76398,0.7751,0.7836,0.7966
29.5,0.229118,0.04142,0.001316,0.20165,0.2144,0.2221,0.23248,0.28608,0.071987,0.03079,0.000979,0.0367,0.05152,0.06425,0.08298,0.16243,0.698895,0.06465,0.002055,0.55103,0.68535,0.7147,0.73188,0.75686,0.071987,0.03079,0.000979,0.0367,0.05152,0.06425,0.08298,0.16243,0.770882,0.04142,0.001316,0.71392,0.76752,0.7779,0.7856,0.79836,0.236819,0.08704,0.002752,0.2017,0.2144,0.2222,0.23272,0.324,0.071267,0.03146,0.000995,0.0344,0.05138,0.0639,0.08255,0.16186,0.691914,0.0947,0.002995,0.48195,0.68358,0.714,0.7317,0.7568,0.071267,0.03146,0.000995,0.0344,0.05138,0.0639,0.08255,0.16186,0.763181,0.08704,0.002752,0.676,0.76728,0.7778,0.7856,0.7983
30.0,0.22617,0.0386,0.001227,0.2,0.21252,0.21985,0.2295,0.27472,0.066281,0.0297,0.000944,0.03327,0.0471,0.05875,0.07605,0.15233,0.707549,0.06136,0.00195,0.57086,0.6962,0.7223,0.7383,0.76096,0.066281,0.0297,0.000944,0.03327,0.0471,0.05875,0.07605,0.15233,0.77383,0.0386,0.001227,0.72528,0.7705,0.78015,0.78747,0.8,0.233901,0.08601,0.00272,0.2,0.2126,0.2199,0.23002,0.3102,0.065618,0.03028,0.000958,0.0309,0.04678,0.05845,0.0759,0.1513,0.700481,0.09315,0.002946,0.50298,0.69308,0.7216,0.73822,0.7609,0.065618,0.03028,0.000958,0.0309,0.04678,0.05845,0.0759,0.1513,0.766099,0.08601,0.00272,0.6898,0.76998,0.7801,0.7874,0.8
30.5,0.223585,0.03597,0.001143,0.19887,0.2109,0.2182,0.22705,0.26703,0.06091,0.02858,0.000908,0.03017,0.0431,0.05335,0.06968,0.1425,0.715505,0.05822,0.00185,0.59035,0.70515,0.72925,0.74388,0.7654,0.06091,0.02858,0.000908,0.03017,0.0431,0.05335,0.06968,0.1425,0.776415,0.03597,0.001143,0.73297,0.77295,0.7818,0.7891,0.80113,0.231341,0.0851,0.002691,0.1989,0.21108,0.2182,0.22752,0.29736,0.060301,0.02907,0.000919,0.02848,0.04277,0.05315,0.0696,0.14177,0.708358,0.09175,0.002901,0.52492,0.70325,0.7289,0.7437,0.7654,0.060301,0.02907,0.000919,0.02848,0.04277,0.05315,0.0696,0.14177,0.768659,0.0851,0.002691,0.70264,0.77248,0.7818,0.78893,0.8011
31.0,0.221284,0.03343,0.001062,0.19777,0.2095,0.2165,0.22515,0.26054,0.05592,0.02749,0.000874,0.0273,0.0389,0.0485,0.0637,0.13227,0.722796,0.05512,0.001752,0.6077,0.71325,0.7358,0.74898,0.7691,0.05592,0.02749,0.000874,0.0273,0.0389,0.0485,0.0637,0.13227,0.778716,0.03343,0.001062,0.73946,0.77485,0.7835,0.7905,0.80223,0.229063,0.08428,0.002665,0.1978,0.2096,0.2166,0.22542,0.28789,0.055361,0.02791,0.000883,0.02579,0.0387,0.0484,0.0636,0.13102,0.715576,0.09041,0.002859,0.5471,0.71208,0.73555,0.7489,0.7691,0.055361,0.02791,0.000883,0.02579,0.0387,0.0484,0.0636,0.13102,0.770937,0.08428,0.002665,0.71211,0.77458,0.7834,0.7904,0.8022
31.5,0.219254,0.03106,0.000987,0.19697,0.20812,0.2151,0.2233,0.25545,0.051259,0.02634,0.000837,0.02484,0.0355,0.04435,0.0583,0.12313,0.729487,0.05213,0.001657,0.62495,0.72102,0.7416,0.7537,0.77245,0.051259,0.02634,0.000837,0.02484,0.0355,0.04435,0.0583,0.12313,0.780746,0.03106,0.000987,0.74455,0.7767,0.7849,0.79188,0.80303,0.227053,0.08357,0.002643,0.197,0.20828,0.2152,0.22372,0.27971,0.050747,0.0267,0.000844,0.02349,0.0353,0.0442,0.05812,0.12256,0.7222,0.08918,0.00282,0.56754,0.72028,0.7414,0.7535,0.7724,0.050747,0.0267,0.000844,0.02349,0.0353,0.0442,0.05812,0.12256,0.772947,0.08357,0.002643,0.72029,0.77628,0.7848,0.79172,0.803
32.0,0.217433,0.02881,0.000916,0.1961,0.20702,0.21385,0.2218,0.25088,0.046887,0.02527,0.000803,0.02212,0.0321,0.04025,0.0529,0.11391,0.73568,0.04924,0.001565,0.64042,0.7281,0.74675,0.758,0.77576,0.046887,0.02527,0.000803,0.02212,0.0321,0.04025,0.0529,0.11391,0.782567,0.02881,0.000916,0.74912,0.7782,0.78615,0.79298,0.8039,0.225251,0.08294,0.002623,0.1961,0.2071,0.21395,0.2222,0.27163,0.046418,0.02557,0.000809,0.021,0.0319,0.0401,0.05282,0.11381,0.728331,0.08805,0.002784,0.58594,0.72758,0.74645,0.7579,0.7757,0.046418,0.02557,0.000809,0.021,0.0319,0.0401,0.05282,0.11381,0.774749,0.08294,0.002623,0.72836,0.7778,0.78605,0.7929,0.8039
32.5,0.215842,0.02671,0.000849,0.19529,0.2061,0.2126,0.2204,0.24512,0.042855,0.02419,0.000769,0.0199,0.0292,0.03655,0.0484,0.10636,0.741303,0.04649,0.001477,0.65257,0.73463,0.7511,0.7621,0.77943,0.042855,0.02419,0.000769,0.0199,0.0292,0.03655,0.0484,0.10636,0.784158,0.02671,0.000849,0.75488,0.7796,0.7874,0.7939,0.80471,0.223676,0.08239,0.002605,0.19539,0.2062,0.21285,0.22052,0.26399,0.042426,0.02444,0.000773,0.019,0.029,0.0365,0.04822,0.10503,0.733898,0.08703,0.002752,0.60241,0.73425,0.75095,0.762,0.7794,0.042426,0.02444,0.000773,0.019,0.029,0.0365,0.04822,0.10503,0.776324,0.08239,0.002605,0.73601,0.77947,0.78715,0.7938,0.80461
33.0,0.214419,0.02477,0.000787,0.1946,0.2054,0.21155,0.2193,0.24201,0.039161,0.02319,0.000737,0.0181,0.0263,0.0334,0.04398,0.0992,0.746419,0.04391,0.001395,0.66413,0.74032,0.75535,0.7657,0.78218,0.039161,0.02319,0.000737,0.0181,0.0263,0.0334,0.04398,0.0992,0.785581,0.02477,0.000787,0.75799,0.7807,0.78845,0.7946,0.8054,0.222268,0.08192,0.002591,0.1946,0.2054,0.2117,0.21952,0.25777,0.03877,0.0234,0.00074,0.017,0.0261,0.03325,0.0438,0.09893,0.738963,0.08613,0.002724,0.62005,0.739,0.7552,0.76552,0.78211,0.03877,0.0234,0.00074,0.017,0.0261,0.03325,0.0438,0.09893,0.777732,0.08192,0.002591,0.74223,0.78048,0.7883,0.7946,0.8054
33.5,0.213143,0.02296,0.00073,0.19394,0.2045,0.2107,0.21798,0.23961,0.035753,0.02205,0.000701,0.016,0.0236,0.0302,0.0401,0.09217,0.751104,0.04126,0.001311,0.67538,0.74542,0.7591,0.76857,0.7847,0.035753,0.02205,0.000701,0.016,0.0236,0.0302,0.0401,0.09217,0.786857,0.02296,0.00073,0.76039,0.78202,0.7893,0.7955,0.80606,0.221004,0.08152,0.002578,0.194,0.2045,0.2108,0.2183,0.25223,0.035395,0.02223,0.000703,0.0155,0.0235,0.03,0.04,0.09192,0.7436,0.08523,0.002695,0.63547,0.74448,0.7588,0.76832,0.7847,0.035395,0.02223,0.000703,0.0155,0.0235,0.03,0.04,0.09192,0.778996,0.08152,0.002578,0.74777,0.7817,0.7892,0.7955,0.80601
34.0,0.212003,0.02111,0.000671,0.1931,0.2038,0.2099,0.21717,0.23669,0.032565,0.02101,0.000668,0.0145,0.0215,0.0271,0.03647,0.08351,0.755432,0.03876,0.001232,0.687,0.74995,0.7626,0.77168,0.7867,0.032565,0.02101,0.000668,0.0145,0.0215,0.0271,0.03647,0.08351,0.787997,0.02111,0.000671,0.76331,0.78283,0.7901,0.7962,0.8069,0.219875,0.08113,0.002566,0.1931,0.20388,0.21,0.21732,0.24761,0.032239,0.02116,0.000669,0.0139,0.0212,0.0269,0.0364,0.08268,0.747885,0.08445,0.00267,0.65079,0.74928,0.7624,0.7716,0.7867,0.032239,0.02116,0.000669,0.0139,0.0212,0.0269,0.0364,0.08268,0.780125,0.08113,0.002566,0.75239,0.78267,0.79,0.79612,0.8069
34.5,0.210993,0.01949,0.000619,0.19247,0.2033,0.20915,0.21618,0.23343,0.029713,0.01999,0.000635,0.0131,0.0193,0.0247,0.0332,0.07633,0.759294,0.03641,0.001157,0.69593,0.75372,0.76585,0.7745,0.78882,0.029713,0.01999,0.000635,0.0131,0.0193,0.0247,0.0332,0.07633,0.789007,0.01949,0.000619,0.76657,0.78382,0.79085,0.7967,0.80753,0.218875,0.08083,0.002556,0.1925,0.2033,0.2092,0.2162,0.24252,0.029416,0.02011,0.000636,0.0126,0.0191,0.0246,0.0331,0.07576,0.751708,0.08375,0.002648,0.66283,0.75308,0.7657,0.7744,0.78862,0.029416,0.02011,0.000636,0.0126,0.0191,0.0246,0.0331,0.07576,0.781125,0.08083,0.002556,0.75748,0.7838,0.7908,0.7967,0.8075
35.0,0.210103,0.018,0.000572,0.19197,0.2027,0.2084,0.21528,0.23133,0.027058,0.01903,0.000605,0.012,0.01742,0.0224,0.03007,0.07005,0.762839,0.03418,0.001086,0.70357,0.75773,0.7688,0.77718,0.79101,0.027058,0.01903,0.000605,0.012,0.01742,0.0224,0.03007,0.07005,0.789897,0.018,0.000572,0.76867,0.78472,0.7916,0.7973,0.80803,0.217994,0.08057,0.002548,0.192,0.2028,0.2084,0.21532,0.23893,0.026788,0.01912,0.000605,0.0112,0.0173,0.0223,0.02992,0.06982,0.755218,0.08314,0.002629,0.67414,0.75728,0.7687,0.77702,0.79091,0.026788,0.01912,0.000605,0.0112,0.0173,0.0223,0.02992,0.06982,0.782006,0.08057,0.002548,0.76107,0.78468,0.7916,0.7972,0.808
35.5,0.209306,0.01661,0.000528,0.19154,0.2022,0.2078,0.2144,0.22983,0.024617,0.01809,0.000575,0.0106,0.0157,0.0204,0.02738,0.06431,0.766077,0.03207,0.001019,0.71142,0.7611,0.7715,0.7797,0.793,0.024617,0.01809,0.000575,0.0106,0.0157,0.0204,0.02738,0.06431,0.790694,0.01661,0.000528,0.77017,0.7856,0.7922,0.7978,0.80846,0.217205,0.08035,0.002541,0.1916,0.2022,0.2079,0.2147,0.2354,0.02437,0.01817,0.000575,0.01,0.0156,0.0203,0.0272,0.06421,0.758424,0.0826,0.002612,0.68466,0.7606,0.77135,0.7796,0.793,0.02437,0.01817,0.000575,0.01,0.0156,0.0203,0.0272,0.06421,0.782795,0.08035,0.002541,0.7646,0.7853,0.7921,0.7978,0.8084
36.0,0.208608,0.01535,0.000488,0.19127,0.2017,0.2072,0.21368,0.22836,0.0224,0.01711,0.000544,0.0096,0.01422,0.0184,0.02478,0.05885,0.768992,0.02998,0.000953,0.71887,0.7641,0.774,0.7817,0.79483,0.0224,0.01711,0.000544,0.0096,0.01422,0.0184,0.02478,0.05885,0.791392,0.01535,0.000488,0.77164,0.78632,0.7928,0.7983,0.80873,0.216514,0.08017,0.002535,0.1913,0.2018,0.2073,0.21382,0.23239,0.022176,0.01717,0.000543,0.0089,0.0141,0.0183,0.02462,0.0588,0.76131,0.08209,0.002596,0.6952,0.76358,0.77375,0.7816,0.7948,0.022176,0.01717,0.000543,0.0089,0.0141,0.0183,0.02462,0.0588,0.783486,0.08017,0.002535,0.7676,0.78618,0.7927,0.7982,0.8087
36.5,0.207991,0.01423,0.000452,0.19092,0.2014,0.20675,0.21308,0.22688,0.020366,0.0162,0.000515,0.00867,0.0127,0.0167,0.0224,0.05394,0.771643,0.02806,0.000892,0.7256,0.7668,0.776,0.78388,0.7962,0.020366,0.0162,0.000515,0.00867,0.0127,0.0167,0.0224,0.05394,0.792009,0.01423,0.000452,0.77312,0.78692,0.79325,0.7986,0.80908,0.215904,0.08003,0.002531,0.19099,0.2014,0.2069,0.21342,0.23174,0.020162,0.01624,0.000514,0.008,0.0126,0.0167,0.0224,0.05381,0.763934,0.08166,0.002582,0.70314,0.76668,0.7759,0.7838,0.7962,0.020162,0.01624,0.000514,0.008,0.0126,0.0167,0.0224,0.05381,0.784096,0.08003,0.002531,0.76826,0.78658,0.7931,0.7986,0.80901
37.0,0.207447,0.01322,0.00042,0.19072,0.201,0.2065,0.2127,0.22598,0.018492,0.01532,0.000487,0.00777,0.01142,0.0151,0.0203,0.04785,0.774061,0.02624,0.000834,0.73325,0.76893,0.778,0.7856,0.79743,0.018492,0.01532,0.000487,0.00777,0.01142,0.0151,0.0203,0.04785,0.792553,0.01322,0.00042,0.77402,0.7873,0.7935,0.799,0.80928,0.215365,0.07991,0.002527,0.19079,0.20108,0.2065,0.2129,0.2301,0.018307,0.01535,0.000485,0.0073,0.0113,0.0151,0.0203,0.0478,0.766328,0.08129,0.00257,0.71176,0.7686,0.7779,0.7855,0.7974,0.018307,0.01535,0.000485,0.0073,0.0113,0.0151,0.0203,0.0478,0.784635,0.07991,0.002527,0.7699,0.7871,0.7935,0.79892,0.80921
37.5,0.206958,0.0124,0.000394,0.19044,0.2007,0.206,0.2123,0.22516,0.016783,0.01439,0.000457,0.007,0.0104,0.0136,0.0185,0.04398,0.776259,0.0245,0.000779,0.73946,0.7711,0.78,0.7872,0.79863,0.016783,0.01439,0.000457,0.007,0.0104,0.0136,0.0185,0.04398,0.793042,0.0124,0.000394,0.77484,0.7877,0.794,0.7993,0.80956,0.214881,0.07983,0.002524,0.1905,0.2007,0.2061,0.2125,0.22843,0.016615,0.01441,0.000456,0.0065,0.0103,0.0136,0.0185,0.04391,0.768504,0.08095,0.00256,0.72044,0.77058,0.7798,0.78712,0.7986,0.016615,0.01441,0.000456,0.0065,0.0103,0.0136,0.0185,0.04391,0.785119,0.07983,0.002524,0.77156,0.7875,0.7939,0.7993,0.8095
38.0,0.206526,0.01166,0.000371,0.19019,0.2004,0.2057,0.2118,0.22438,0.015216,0.01353,0.00043,0.0062,0.0094,0.0123,0.0167,0.03973,0.778258,0.02289,0.000728,0.74475,0.77302,0.78155,0.7886,0.79963,0.015216,0.01353,0.00043,0.0062,0.0094,0.0123,0.0167,0.03973,0.793474,0.01166,0.000371,0.77562,0.7882,0.7943,0.7996,0.80981,0.214453,0.07976,0.002522,0.19029,0.2005,0.20575,0.2121,0.22831,0.015064,0.01355,0.000428,0.0058,0.0093,0.01225,0.0167,0.0397,0.770483,0.08068,0.002551,0.72696,0.7726,0.7814,0.78842,0.7996,0.015064,0.01355,0.000428,0.0058,0.0093,0.01225,0.0167,0.0397,0.785547,0.07976,0.002522,0.77169,0.7879,0.79425,0.7995,0.80971
38.5,0.206144,0.01098,0.000349,0.18997,0.2002,0.20535,0.2115,0.2239,0.013787,0.01271,0.000404,0.0055,0.0084,0.01105,0.0152,0.03553,0.780069,0.02136,0.000679,0.74842,0.7747,0.783,0.7897,0.80106,0.013787,0.01271,0.000404,0.0055,0.0084,0.01105,0.0152,0.03553,0.793856,0.01098,0.000349,0.7761,0.7885,0.79465,0.7998,0.81003,0.214074,0.0797,0.00252,0.19,0.20027,0.2055,0.21172,0.22761,0.013649,0.01272,0.000402,0.0053,0.0084,0.011,0.01512,0.0355,0.772276,0.08044,0.002544,0.73317,0.77445,0.7829,0.7896,0.80101,0.013649,0.01272,0.000402,0.0053,0.0084,0.011,0.01512,0.0355,0.785926,0.0797,0.00252,0.77239,0.78828,0.7945,0.79972,0.81
39.0,0.205805,0.01047,0.000333,0.1897,0.2,0.20505,0.21128,0.2236,0.012488,0.01195,0.00038,0.0049,0.0075,0.0099,0.0136,0.03226,0.781707,0.02002,0.000636,0.75184,0.7765,0.7842,0.7908,0.80223,0.012488,0.01195,0.00038,0.0049,0.0075,0.0099,0.0136,0.03226,0.794195,0.01047,0.000333,0.7764,0.78872,0.79495,0.8,0.8103,0.213739,0.07967,0.002519,0.1897,0.20008,0.2052,0.21142,0.22551,0.012363,0.01196,0.000378,0.0046,0.0075,0.0099,0.01352,0.03211,0.773898,0.08025,0.002538,0.73874,0.77588,0.78415,0.79072,0.8022,0.012363,0.01196,0.000378,0.0046,0.0075,0.0099,0.01352,0.03211,0.786261,0.07967,0.002519,0.77449,0.78858,0.7948,0.79992,0.8103
39.5,0.205491,0.00998,0.000317,0.18955,0.1997,0.2048,0.211,0.223,0.011308,0.01124,0.000357,0.0044,0.0068,0.009,0.0123,0.02951,0.783201,0.0187,0.000594,0.75483,0.77772,0.7856,0.7918,0.80286,0.011308,0.01124,0.000357,0.0044,0.0068,0.009,0.0123,0.02951,0.794509,0.00998,0.000317,0.777,0.789,0.7952,0.8003,0.81045,0.213429,0.07964,0.002518,0.1896,0.1997,0.2049,0.21122,0.22472,0.011195,0.01124,0.000355,0.0041,0.0067,0.00895,0.01222,0.02941,0.775377,0.08008,0.002532,0.74501,0.7774,0.78545,0.7918,0.8028,0.011195,0.01124,0.000355,0.0041,0.0067,0.00895,0.01222,0.02941,0.786571,0.07964,0.002518,0.77528,0.78877,0.7951,0.8003,0.8104
40.0,0.205219,0.00962,0.000306,0.1894,0.19942,0.2045,0.2107,0.22263,0.010224,0.01045,0.000332,0.0039,0.0061,0.0081,0.0111,0.02645,0.784558,0.01747,0.000555,0.75707,0.7791,0.7866,0.7929,0.80356,0.010224,0.01045,0.000332,0.0039,0.0061,0.0081,0.0111,0.02645,0.794781,0.00962,0.000306,0.77737,0.7893,0.7955,0.80057,0.8106,0.213159,0.07962,0.002518,0.1894,0.1995,0.2047,0.21092,0.22422,0.010121,0.01045,0.00033,0.0037,0.006,0.0081,0.0111,0.0264,0.77672,0.07994,0.002528,0.74886,0.7789,0.7865,0.79282,0.8035,0.010121,0.01045,0.00033,0.0037,0.006,0.0081,0.0111,0.0264,0.786841,0.07962,0.002518,0.77578,0.78908,0.7953,0.8005,0.8106
40.5,0.204986,0.00933,0.000296,0.18927,0.19932,0.2042,0.21058,0.22203,0.009249,0.00975,0.00031,0.0034,0.0055,0.0073,0.01018,0.02425,0.785765,0.0164,0.000521,0.75904,0.7801,0.7876,0.7937,0.80456,0.009249,0.00975,0.00031,0.0034,0.0055,0.0073,0.01018,0.02425,0.795014,0.00933,0.000296,0.77797,0.78942,0.7958,0.80068,0.81073,0.212929,0.07961,0.002517,0.1893,0.1994,0.2043,0.2107,0.22372,0.009156,0.00975,0.000308,0.0032,0.0054,0.0073,0.0101,0.02402,0.777915,0.07983,0.002524,0.75298,0.7799,0.78755,0.7937,0.8045,0.009156,0.00975,0.000308,0.0032,0.0054,0.0073,0.0101,0.02402,0.787071,0.07961,0.002517,0.77628,0.7893,0.7957,0.8006,0.8107
41.0,0.204789,0.0091,0.000289,0.18917,0.1992,0.2041,0.2104,0.22193,0.008349,0.00906,0.000288,0.00307,0.0049,0.0066,0.0091,0.02213,0.786862,0.01541,0.00049,0.7629,0.7814,0.78855,0.7946,0.80523,0.008349,0.00906,0.000288,0.00307,0.0049,0.0066,0.0091,0.02213,0.795211,0.0091,0.000289,0.77807,0.7896,0.7959,0.8008,0.81083,0.212733,0.0796,0.002517,0.1892,0.19927,0.2042,0.21052,0.2234,0.008265,0.00905,0.000286,0.0029,0.0048,0.0066,0.0091,0.0221,0.779001,0.07974,0.002522,0.7564,0.7813,0.7884,0.7945,0.8052,0.008265,0.00905,0.000286,0.0029,0.0048,0.0066,0.0091,0.0221,0.787267,0.0796,0.002517,0.7766,0.78948,0.7958,0.80072,0.8108
41.5,0.204602,0.00889,0.000282,0.18907,0.19902,0.2039,0.2102,0.22171,0.007548,0.00843,0.000268,0.0028,0.0044,0.006,0.00827,0.02005,0.78785,0.01451,0.000461,0.76592,0.7823,0.7894,0.7952,0.8058,0.007548,0.00843,0.000268,0.0028,0.0044,0.006,0.00827,0.02005,0.795398,0.00889,0.000282,0.77829,0.7898,0.7961,0.80098,0.81093,0.212549,0.0796,0.002517,0.1891,0.1991,0.204,0.21042,0.2232,0.007473,0.00842,0.000266,0.0026,0.00438,0.0059,0.0082,0.01982,0.779979,0.07967,0.002519,0.75928,0.7821,0.7893,0.7952,0.8058,0.007473,0.00842,0.000266,0.0026,0.00438,0.0059,0.0082,0.01982,0.787451,0.0796,0.002517,0.7768,0.78957,0.796,0.8009,0.8109
42.0,0.204434,0.00872,0.000277,0.189,0.19893,0.2037,0.21008,0.22143,0.006816,0.00778,0.000247,0.00247,0.0039,0.0053,0.0075,0.0183,0.78875,0.01366,0.000434,0.7672,0.7832,0.7902,0.7959,0.8065,0.006816,0.00778,0.000247,0.00247,0.0039,0.0053,0.0075,0.0183,0.795566,0.00872,0.000277,0.77857,0.78992,0.7963,0.80108,0.811,0.212382,0.07959,0.002517,0.189,0.199,0.20385,0.2102,0.2232,0.006748,0.00777,0.000246,0.0023,0.0039,0.0053,0.0074,0.0183,0.78087,0.07961,0.002518,0.76232,0.783,0.79,0.7958,0.8065,0.006748,0.00777,0.000246,0.0023,0.0039,0.0053,0.0074,0.0183,0.787618,0.07959,0.002517,0.7768,0.7898,0.79615,0.801,0.811
42.5,0.20429,0.00859,0.000273,0.18887,0.1989,0.2036,0.20998,0.2213,0.006156,0.00715,0.000227,0.0022,0.0035,0.0048,0.0067,0.01641,0.789555,0.01289,0.00041,0.76936,0.784,0.79085,0.79648,0.80693,0.006156,0.00715,0.000227,0.0022,0.0035,0.0048,0.0067,0.01641,0.79571,0.00859,0.000273,0.7787,0.79002,0.7964,0.8011,0.81113,0.212239,0.0796,0.002517,0.1889,0.199,0.2037,0.21012,0.2229,0.006094,0.00714,0.000226,0.002,0.0034,0.0048,0.0067,0.01631,0.781667,0.07956,0.002516,0.76354,0.7837,0.7907,0.7964,0.8069,0.006094,0.00714,0.000226,0.002,0.0034,0.0048,0.0067,0.01631,0.787761,0.0796,0.002517,0.7771,0.78988,0.7963,0.801,0.8111
43.0,0.204164,0.0085,0.00027,0.1888,0.19872,0.2036,0.2098,0.2211,0.005569,0.00653,0.000208,0.00197,0.0031,0.0044,0.0061,0.01499,0.790267,0.0122,0.000388,0.77072,0.7848,0.7914,0.7971,0.80716,0.005569,0.00653,0.000208,0.00197,0.0031,0.0044,0.0061,0.01499,0.795836,0.0085,0.00027,0.7789,0.7902,0.7964,0.80128,0.8112,0.212114,0.0796,0.002517,0.1888,0.1989,0.2036,0.21002,0.2229,0.005513,0.00652,0.000206,0.0017,0.0031,0.0044,0.0061,0.01482,0.782372,0.07953,0.002515,0.76535,0.7845,0.7913,0.79702,0.8071,0.005513,0.00652,0.000206,0.0017,0.0031,0.0044,0.0061,0.01482,0.787886,0.0796,0.002517,0.7771,0.78998,0.7964,0.8011,0.8112
43.5,0.20405,0.00841,0.000267,0.18877,0.1987,0.2035,0.2097,0.22096,0.005036,0.00602,0.000191,0.0017,0.0028,0.0039,0.0055,0.01398,0.790914,0.01164,0.00037,0.77167,0.78532,0.79195,0.79748,0.80748,0.005036,0.00602,0.000191,0.0017,0.0028,0.0039,0.0055,0.01398,0.79595,0.00841,0.000267,0.77905,0.7903,0.7965,0.8013,0.81123,0.212002,0.0796,0.002517,0.1888,0.19878,0.2036,0.2099,0.2228,0.004986,0.00601,0.00019,0.0016,0.0028,0.0039,0.00542,0.01391,0.783012,0.07951,0.002514,0.76678,0.7852,0.79175,0.7974,0.80741,0.004986,0.00601,0.00019,0.0016,0.0028,0.0039,0.00542,0.01391,0.787998,0.0796,0.002517,0.7772,0.7901,0.7964,0.80122,0.8112
44.0,0.203951,0.00835,0.000265,0.18874,0.1986,0.20345,0.2096,0.22071,0.004541,0.00547,0.000174,0.0015,0.00252,0.0036,0.0049,0.01261,0.791507,0.01109,0.000352,0.77247,0.7861,0.79235,0.79777,0.8079,0.004541,0.00547,0.000174,0.0015,0.00252,0.0036,0.0049,0.01261,0.796049,0.00835,0.000265,0.77929,0.7904,0.79655,0.8014,0.81126,0.211904,0.0796,0.002517,0.1888,0.1987,0.20355,0.20982,0.2227,0.004496,0.00546,0.000173,0.0013,0.0025,0.0035,0.0049,0.01251,0.7836,0.07949,0.002514,0.768,0.78588,0.7923,0.7977,0.8079,0.004496,0.00546,0.000173,0.0013,0.0025,0.0035,0.0049,0.01251,0.788096,0.0796,0.002517,0.7773,0.79018,0.79645,0.8013,0.8112
44.5,0.203863,0.0083,0.000264,0.18867,0.19852,0.2034,0.20948,0.22066,0.004089,0.00496,0.000158,0.0013,0.0022,0.0032,0.0044,0.01153,0.792048,0.01063,0.000338,0.77314,0.7866,0.7929,0.79828,0.80806,0.004089,0.00496,0.000158,0.0013,0.0022,0.0032,0.0044,0.01153,0.796137,0.0083,0.000264,0.77934,0.79052,0.7966,0.80148,0.81133,0.211816,0.07961,0.002517,0.1887,0.1986,0.2035,0.2098,0.22211,0.004048,0.00495,0.000156,0.0012,0.0022,0.0032,0.0044,0.0115,0.784135,0.07948,0.002513,0.76938,0.7863,0.79285,0.7982,0.808,0.004048,0.00495,0.000156,0.0012,0.0022,0.0032,0.0044,0.0115,0.788184,0.07961,0.002517,0.77789,0.7902,0.7965,0.8014,0.8113
45.0,0.203785,0.00826,0.000263,0.1886,0.1985,0.20325,0.20938,0.22056,0.003678,0.00454,0.000144,0.0011,0.002,0.0029,0.004,0.01043,0.792537,0.01025,0.000326,0.77416,0.7871,0.7935,0.7986,0.8084,0.003678,0.00454,0.000144,0.0011,0.002,0.0029,0.004,0.01043,0.796215,0.00826,0.000263,0.77944,0.79062,0.79675,0.8015,0.8114,0.21174,0.07961,0.002518,0.1886,0.1985,0.2034,0.2098,0.22201,0.003641,0.00453,0.000143,0.001,0.002,0.0029,0.004,0.0104,0.784619,0.07948,0.002513,0.77136,0.78678,0.7934,0.79852,0.8084,0.003641,0.00453,0.000143,0.001,0.002,0.0029,0.004,0.0104,0.78826,0.07961,0.002518,0.77799,0.7902,0.7966,0.8015,0.8114
45.5,0.203718,0.00823,0.000261,0.18857,0.1983,0.2032,0.20938,0.22026,0.003312,0.0042,0.000133,0.0009,0.0018,0.0026,0.0036,0.00938,0.79297,0.00995,0.000316,0.77479,0.7874,0.79385,0.79898,0.80883,0.003312,0.0042,0.000133,0.0009,0.0018,0.0026,0.0036,0.00938,0.796282,0.00823,0.000261,0.77974,0.79062,0.7968,0.8017,0.81143,0.211674,0.07961,0.002518,0.1886,0.1984,0.2033,0.2097,0.22161,0.003279,0.00419,0.000132,0.0008,0.0018,0.0026,0.0036,0.00931,0.785048,0.07948,0.002513,0.77333,0.7871,0.7937,0.7989,0.8088,0.003279,0.00419,0.000132,0.0008,0.0018,0.0026,0.0036,0.00931,0.788327,0.07961,0.002518,0.77839,0.7903,0.7967,0.8016,0.8114
46.0,0.203656,0.0082,0.00026,0.18857,0.1983,0.2032,0.2093,0.22016,0.002976,0.00382,0.000121,0.0008,0.0016,0.0023,0.0032,0.00838,0.793369,0.00965,0.000307,0.77534,0.7879,0.79425,0.7993,0.80926,0.002976,0.00382,0.000121,0.0008,0.0016,0.0023,0.0032,0.00838,0.796344,0.0082,0.00026,0.77984,0.7907,0.7968,0.8017,0.81143,0.211612,0.07962,0.002518,0.1886,0.19838,0.2032,0.2096,0.2215,0.002946,0.00381,0.00012,0.0007,0.0016,0.0023,0.0032,0.00831,0.785443,0.07948,0.002513,0.77368,0.78758,0.7942,0.7993,0.8092,0.002946,0.00381,0.00012,0.0007,0.0016,0.0023,0.0032,0.00831,0.788388,0.07962,0.002518,0.7785,0.7904,0.7968,0.80162,0.8114
46.5,0.203603,0.00818,0.00026,0.18847,0.19822,0.2031,0.2093,0.22,0.002676,0.00348,0.000111,0.0007,0.0014,0.0021,0.0029,0.0077,0.793722,0.0094,0.000299,0.77607,0.7884,0.7946,0.79958,0.80941,0.002676,0.00348,0.000111,0.0007,0.0014,0.0021,0.0029,0.0077,0.796397,0.00818,0.00026,0.78,0.7907,0.7969,0.80177,0.81153,0.211559,0.07962,0.002518,0.1885,0.1983,0.2032,0.2096,0.2215,0.002649,0.00348,0.00011,0.0006,0.0014,0.0021,0.0029,0.0077,0.785792,0.07949,0.002514,0.77429,0.78788,0.7945,0.7995,0.80931,0.002649,0.00348,0.00011,0.0006,0.0014,0.0021,0.0029,0.0077,0.788441,0.07962,0.002518,0.7785,0.7904,0.7968,0.8017,0.8115
47.0,0.203553,0.00815,0.000259,0.1884,0.1982,0.20305,0.20928,0.21983,0.002412,0.00315,0.0001,0.0006,0.0013,0.0019,0.0027,0.00695,0.794036,0.0092,0.000292,0.77654,0.78862,0.7948,0.79988,0.8097,0.002412,0.00315,0.0001,0.0006,0.0013,0.0019,0.0027,0.00695,0.796447,0.00815,0.000259,0.78017,0.79072,0.79695,0.8018,0.8116,0.211509,0.07962,0.002518,0.1884,0.19827,0.2032,0.20952,0.22141,0.002388,0.00315,0.0001,0.0006,0.0013,0.0019,0.0027,0.0069,0.786103,0.0795,0.002514,0.7746,0.78825,0.7947,0.7998,0.8097,0.002388,0.00315,0.0001,0.0006,0.0013,0.0019,0.0027,0.0069,0.788491,0.07962,0.002518,0.7786,0.79048,0.7968,0.80172,0.8116
47.5,0.203512,0.00814,0.000259,0.18837,0.1982,0.203,0.20928,0.21966,0.00216,0.00282,9.0e-5,0.0005,0.0012,0.0017,0.0024,0.0064,0.794328,0.00901,0.000286,0.77684,0.78882,0.79515,0.8001,0.81003,0.00216,0.00282,9.0e-5,0.0005,0.0012,0.0017,0.0024,0.0064,0.796488,0.00814,0.000259,0.78034,0.79072,0.797,0.8018,0.81163,0.211469,0.07963,0.002518,0.1884,0.1982,0.2032,0.20942,0.2212,0.002139,0.00282,8.9e-5,0.0005,0.0011,0.0017,0.0024,0.0064,0.786393,0.0795,0.002514,0.7751,0.78865,0.7949,0.8001,0.81,0.002139,0.00282,8.9e-5,0.0005,0.0011,0.0017,0.0024,0.0064,0.788531,0.07963,0.002518,0.7788,0.79058,0.7968,0.8018,0.8116
48.0,0.203477,0.00813,0.000258,0.18837,0.1982,0.203,0.20918,0.2194,0.001934,0.00258,8.2e-5,0.0005,0.001,0.0015,0.0021,0.00563,0.794588,0.00887,0.000282,0.77737,0.7891,0.7953,0.8003,0.81006,0.001934,0.00258,8.2e-5,0.0005,0.001,0.0015,0.0021,0.00563,0.796523,0.00813,0.000258,0.7806,0.79082,0.797,0.8018,0.81163,0.211435,0.07963,0.002518,0.1884,0.1982,0.20315,0.2094,0.2212,0.001915,0.00257,8.1e-5,0.0004,0.001,0.0015,0.0021,0.0056,0.78665,0.07951,0.002514,0.7754,0.7888,0.7952,0.80022,0.81001,0.001915,0.00257,8.1e-5,0.0004,0.001,0.0015,0.0021,0.0056,0.788565,0.07963,0.002518,0.7788,0.7906,0.79685,0.8018,0.8116
48.5,0.203445,0.00813,0.000258,0.18837,0.19812,0.203,0.20908,0.2194,0.001734,0.00237,7.5e-5,0.0004,0.0009,0.0014,0.0019,0.005,0.794821,0.00875,0.000278,0.77774,0.78932,0.7955,0.8004,0.81033,0.001734,0.00237,7.5e-5,0.0004,0.0009,0.0014,0.0019,0.005,0.796555,0.00813,0.000258,0.7806,0.79092,0.797,0.80188,0.81163,0.211403,0.07963,0.002518,0.1884,0.1982,0.2031,0.20932,0.2212,0.001717,0.00237,7.5e-5,0.0003,0.0009,0.0013,0.0019,0.005,0.78688,0.07952,0.002515,0.7756,0.7891,0.7954,0.8004,0.8103,0.001717,0.00237,7.5e-5,0.0003,0.0009,0.0013,0.0019,0.005,0.788597,0.07963,0.002518,0.7788,0.79067,0.7969,0.8018,0.8116
49.0,0.203416,0.00812,0.000258,0.18837,0.19802,0.203,0.20898,0.2194,0.001557,0.00217,6.9e-5,0.0003,0.0008,0.0012,0.0018,0.00443,0.795027,0.00865,0.000275,0.77802,0.7895,0.7956,0.8006,0.81063,0.001557,0.00217,6.9e-5,0.0003,0.0008,0.0012,0.0018,0.00443,0.796584,0.00812,0.000258,0.7806,0.79103,0.797,0.80198,0.81163,0.211374,0.07963,0.002518,0.1884,0.1982,0.20305,0.20932,0.2212,0.001541,0.00216,6.8e-5,0.0003,0.0008,0.0012,0.00172,0.0044,0.787084,0.07953,0.002515,0.7759,0.7892,0.7955,0.80052,0.8106,0.001541,0.00216,6.8e-5,0.0003,0.0008,0.0012,0.00172,0.0044,0.788626,0.07963,0.002518,0.7788,0.79067,0.79695,0.8018,0.8116
49.5,0.203389,0.00811,0.000258,0.18837,0.19802,0.203,0.20898,0.21933,0.001403,0.00195,6.2e-5,0.0003,0.0007,0.0011,0.0016,0.0043,0.795208,0.00856,0.000272,0.7784,0.7896,0.7958,0.8007,0.81063,0.001403,0.00195,6.2e-5,0.0003,0.0007,0.0011,0.0016,0.0043,0.796611,0.00811,0.000258,0.78067,0.79103,0.797,0.80198,0.81163,0.211348,0.07963,0.002518,0.1884,0.19818,0.203,0.2093,0.2212,0.001389,0.00194,6.1e-5,0.0002,0.0007,0.0011,0.0016,0.0043,0.787263,0.07954,0.002515,0.7761,0.7895,0.79565,0.80062,0.8106,0.001389,0.00194,6.1e-5,0.0002,0.0007,0.0011,0.0016,0.0043,0.788652,0.07963,0.002518,0.7788,0.7907,0.797,0.80182,0.8116
50.0,0.203369,0.0081,0.000257,0.1883,0.19802,0.203,0.2089,0.21933,0.00125,0.00176,5.6e-5,0.0002,0.0006,0.001,0.0014,0.0037,0.795382,0.00849,0.00027,0.77847,0.78982,0.796,0.8008,0.81073,0.00125,0.00176,5.6e-5,0.0002,0.0006,0.001,0.0014,0.0037,0.796631,0.0081,0.000257,0.78067,0.7911,0.797,0.80198,0.8117,0.211327,0.07964,0.002518,0.1883,0.19818,0.203,0.2093,0.2212,0.001237,0.00176,5.6e-5,0.0002,0.0006,0.001,0.0014,0.0037,0.787435,0.07955,0.002516,0.7765,0.7896,0.7958,0.8008,0.8107,0.001237,0.00176,5.6e-5,0.0002,0.0006,0.001,0.0014,0.0037,0.788673,0.07964,0.002518,0.7788,0.7907,0.797,0.80182,0.8117
50.5,0.203348,0.0081,0.000257,0.1883,0.19802,0.203,0.20888,0.2193,0.001123,0.00159,5.1e-5,0.0002,0.0005,0.0008,0.0013,0.0035,0.795529,0.00843,0.000268,0.7787,0.79,0.7961,0.8009,0.81083,0.001123,0.00159,5.1e-5,0.0002,0.0005,0.0008,0.0013,0.0035,0.796652,0.0081,0.000257,0.7807,0.79112,0.797,0.80198,0.8117,0.211307,0.07964,0.002518,0.1883,0.19818,0.203,0.2093,0.2212,0.001112,0.00159,5.0e-5,0.0001,0.0005,0.0008,0.0013,0.0035,0.787581,0.07956,0.002516,0.77699,0.7897,0.796,0.8009,0.8108,0.001112,0.00159,5.0e-5,0.0001,0.0005,0.0008,0.0013,0.0035,0.788693,0.07964,0.002518,0.7788,0.7907,0.797,0.80182,0.8117
51.0,0.203331,0.00809,0.000257,0.1883,0.198,0.20295,0.20888,0.2193,0.001004,0.00139,4.4e-5,0.0001,0.0005,0.0007,0.0011,0.0032,0.795666,0.00836,0.000266,0.77897,0.79,0.7963,0.801,0.81093,0.001004,0.00139,4.4e-5,0.0001,0.0005,0.0007,0.0011,0.0032,0.796669,0.00809,0.000257,0.7807,0.79112,0.79705,0.802,0.8117,0.21129,0.07964,0.002518,0.1883,0.1981,0.203,0.2093,0.2212,0.000994,0.00139,4.4e-5,0.0001,0.0005,0.0007,0.0011,0.0032,0.787717,0.07957,0.002516,0.7774,0.7898,0.79615,0.8009,0.8109,0.000994,0.00139,4.4e-5,0.0001,0.0005,0.0007,0.0011,0.0032,0.78871,0.07964,0.002518,0.7788,0.7907,0.797,0.8019,0.8117
51.5,0.203314,0.00809,0.000257,0.1883,0.198,0.20295,0.20888,0.2193,0.000899,0.00125,4.0e-5,0.0001,0.0004,0.0007,0.001,0.00283,0.795787,0.0083,0.000264,0.77907,0.7901,0.7963,0.8011,0.811,0.000899,0.00125,4.0e-5,0.0001,0.0004,0.0007,0.001,0.00283,0.796686,0.00809,0.000257,0.7807,0.79112,0.79705,0.802,0.8117,0.211273,0.07964,0.002518,0.1883,0.1981,0.203,0.20922,0.2212,0.00089,0.00124,3.9e-5,0.0001,0.0004,0.0007,0.001,0.0028,0.787837,0.07957,0.002516,0.7777,0.7899,0.7962,0.8011,0.811,0.00089,0.00124,3.9e-5,0.0001,0.0004,0.0007,0.001,0.0028,0.788727,0.07964,0.002518,0.7788,0.79078,0.797,0.8019,0.8117
52.0,0.203301,0.00809,0.000257,0.1883,0.198,0.2029,0.20888,0.2193,0.000804,0.00113,3.6e-5,0.0001,0.0004,0.0006,0.001,0.0026,0.795896,0.00828,0.000263,0.77927,0.79022,0.7964,0.8013,0.81103,0.000804,0.00113,3.6e-5,0.0001,0.0004,0.0006,0.001,0.0026,0.796699,0.00809,0.000257,0.7807,0.79112,0.7971,0.802,0.8117,0.21126,0.07964,0.002518,0.1883,0.1981,0.203,0.20922,0.2212,0.000796,0.00112,3.6e-5,0.0001,0.0004,0.0006,0.001,0.0026,0.787944,0.07958,0.002517,0.778,0.79,0.7963,0.8012,0.811,0.000796,0.00112,3.6e-5,0.0001,0.0004,0.0006,0.001,0.0026,0.78874,0.07964,0.002518,0.7788,0.79078,0.797,0.8019,0.8117
52.5,0.203289,0.00809,0.000257,0.18824,0.198,0.2029,0.2088,0.2193,0.000722,0.00102,3.2e-5,0.0001,0.0003,0.0005,0.0009,0.0023,0.795989,0.00825,0.000262,0.77934,0.7903,0.7965,0.80138,0.81103,0.000722,0.00102,3.2e-5,0.0001,0.0003,0.0005,0.0009,0.0023,0.796711,0.00809,0.000257,0.7807,0.7912,0.7971,0.802,0.81176,0.211248,0.07964,0.002519,0.1883,0.1981,0.203,0.2092,0.2212,0.000715,0.00102,3.2e-5,0.0001,0.0003,0.0005,0.0009,0.0023,0.788037,0.07959,0.002517,0.77819,0.79,0.7964,0.80122,0.811,0.000715,0.00102,3.2e-5,0.0001,0.0003,0.0005,0.0009,0.0023,0.788752,0.07964,0.002519,0.7788,0.7908,0.797,0.8019,0.8117
53.0,0.203275,0.00808,0.000257,0.18824,0.198,0.2029,0.2088,0.2193,0.000651,0.00096,3.1e-5,0.0001,0.0003,0.0005,0.0008,0.00213,0.796074,0.00823,0.000261,0.7796,0.7904,0.79655,0.8014,0.81123,0.000651,0.00096,3.1e-5,0.0001,0.0003,0.0005,0.0008,0.00213,0.796725,0.00808,0.000257,0.7807,0.7912,0.7971,0.802,0.81176,0.211235,0.07964,0.002519,0.1883,0.1981,0.203,0.2092,0.2212,0.000645,0.00096,3.0e-5,0.0,0.0003,0.0005,0.0008,0.0021,0.788121,0.07959,0.002517,0.7783,0.7901,0.7965,0.80132,0.8112,0.000645,0.00096,3.0e-5,0.0,0.0003,0.0005,0.0008,0.0021,0.788765,0.07964,0.002519,0.7788,0.7908,0.797,0.8019,0.8117
53.5,0.203264,0.00808,0.000257,0.18824,0.198,0.2029,0.20878,0.2193,0.000581,0.00086,2.7e-5,0.0,0.0002,0.0004,0.0007,0.0019,0.796155,0.0082,0.000261,0.77984,0.7905,0.7966,0.8015,0.8113,0.000581,0.00086,2.7e-5,0.0,0.0002,0.0004,0.0007,0.0019,0.796736,0.00808,0.000257,0.7807,0.79122,0.7971,0.802,0.81176,0.211224,0.07964,0.002519,0.1883,0.19808,0.203,0.2092,0.2212,0.000575,0.00085,2.7e-5,0.0,0.0002,0.0004,0.0007,0.0019,0.788202,0.0796,0.002517,0.7784,0.7901,0.79655,0.80142,0.8113,0.000575,0.00085,2.7e-5,0.0,0.0002,0.0004,0.0007,0.0019,0.788777,0.07964,0.002519,0.7788,0.7908,0.797,0.80192,0.8117
54.0,0.203255,0.00808,0.000257,0.18824,0.198,0.2029,0.20878,0.21923,0.000523,0.00078,2.5e-5,0.0,0.0002,0.0004,0.0006,0.0017,0.796222,0.00818,0.00026,0.77997,0.79052,0.7967,0.80157,0.81133,0.000523,0.00078,2.5e-5,0.0,0.0002,0.0004,0.0006,0.0017,0.796745,0.00808,0.000257,0.78077,0.79122,0.7971,0.802,0.81176,0.211215,0.07964,0.002519,0.1883,0.19808,0.203,0.20912,0.2211,0.000518,0.00078,2.5e-5,0.0,0.0002,0.0004,0.0006,0.0017,0.788268,0.0796,0.002517,0.7784,0.79028,0.7966,0.8015,0.8113,0.000518,0.00078,2.5e-5,0.0,0.0002,0.0004,0.0006,0.0017,0.788785,0.07964,0.002519,0.7789,0.79088,0.797,0.80192,0.8117
54.5,0.203249,0.00808,0.000257,0.18824,0.198,0.2029,0.20878,0.21923,0.000469,0.00072,2.3e-5,0.0,0.0002,0.0003,0.0006,0.00153,0.796282,0.00817,0.00026,0.78,0.7906,0.7967,0.8017,0.8114,0.000469,0.00072,2.3e-5,0.0,0.0002,0.0003,0.0006,0.00153,0.796751,0.00808,0.000257,0.78077,0.79122,0.7971,0.802,0.81176,0.211209,0.07965,0.002519,0.1883,0.19808,0.203,0.20912,0.2211,0.000464,0.00072,2.3e-5,0.0,0.0002,0.0003,0.0006,0.0015,0.788327,0.07961,0.002517,0.7785,0.7903,0.7967,0.80152,0.8114,0.000464,0.00072,2.3e-5,0.0,0.0002,0.0003,0.0006,0.0015,0.788791,0.07965,0.002519,0.7789,0.79088,0.797,0.80192,0.8117
55.0,0.203243,0.00808,0.000257,0.18824,0.198,0.2029,0.20878,0.21923,0.000418,0.00065,2.1e-5,0.0,0.0001,0.0003,0.0005,0.0014,0.796339,0.00816,0.000259,0.7803,0.7906,0.7968,0.8017,0.8114,0.000418,0.00065,2.1e-5,0.0,0.0001,0.0003,0.0005,0.0014,0.796757,0.00808,0.000257,0.78077,0.79122,0.7971,0.802,0.81176,0.211203,0.07965,0.002519,0.1883,0.19808,0.203,0.20912,0.2211,0.000414,0.00065,2.1e-5,0.0,0.0001,0.0003,0.0005,0.0014,0.788383,0.07961,0.002518,0.7786,0.7904,0.7967,0.80162,0.8114,0.000414,0.00065,2.1e-5,0.0,0.0001,0.0003,0.0005,0.0014,0.788797,0.07965,0.002519,0.7789,0.79088,0.797,0.80192,0.8117
55.5,0.203235,0.00808,0.000257,0.18824,0.198,0.2029,0.20878,0.21923,0.000377,0.00059,1.9e-5,0.0,0.0001,0.0003,0.0005,0.0013,0.796388,0.00815,0.000259,0.7803,0.7907,0.79685,0.8017,0.8115,0.000377,0.00059,1.9e-5,0.0,0.0001,0.0003,0.0005,0.0013,0.796765,0.00808,0.000257,0.78077,0.79122,0.7971,0.802,0.81176,0.211195,0.07965,0.002519,0.1883,0.19808,0.203,0.2091,0.2211,0.000373,0.00059,1.9e-5,0.0,0.0001,0.0003,0.0005,0.0013,0.788432,0.07962,0.002518,0.77869,0.79048,0.7967,0.8017,0.8115,0.000373,0.00059,1.9e-5,0.0,0.0001,0.0003,0.0005,0.0013,0.788805,0.07965,0.002519,0.7789,0.7909,0.797,0.80192,0.8117
56.0,0.20323,0.00808,0.000257,0.18824,0.198,0.2029,0.20878,0.21923,0.000337,0.00055,1.8e-5,0.0,0.0001,0.0002,0.0004,0.0012,0.796433,0.00814,0.000259,0.7804,0.7908,0.7969,0.80177,0.8116,0.000337,0.00055,1.8e-5,0.0,0.0001,0.0002,0.0004,0.0012,0.79677,0.00808,0.000257,0.78077,0.79122,0.7971,0.802,0.81176,0.21119,0.07965,0.002519,0.1883,0.198,0.203,0.2091,0.2211,0.000334,0.00055,1.7e-5,0.0,0.0001,0.0002,0.0004,0.0012,0.788477,0.07962,0.002518,0.77869,0.7905,0.7967,0.8017,0.8116,0.000334,0.00055,1.7e-5,0.0,0.0001,0.0002,0.0004,0.0012,0.78881,0.07965,0.002519,0.7789,0.7909,0.797,0.802,0.8117
56.5,0.203226,0.00808,0.000257,0.18824,0.198,0.2029,0.20878,0.21923,0.0003,0.0005,1.6e-5,0.0,0.0001,0.0002,0.0004,0.0011,0.796474,0.00813,0.000258,0.7804,0.7908,0.7969,0.8018,0.8116,0.0003,0.0005,1.6e-5,0.0,0.0001,0.0002,0.0004,0.0011,0.796774,0.00808,0.000257,0.78077,0.79122,0.7971,0.802,0.81176,0.211186,0.07965,0.002519,0.1883,0.198,0.203,0.2091,0.2211,0.000297,0.0005,1.6e-5,0.0,0.0001,0.0002,0.0004,0.0011,0.788517,0.07962,0.002518,0.7787,0.7905,0.7968,0.8017,0.8116,0.000297,0.0005,1.6e-5,0.0,0.0001,0.0002,0.0004,0.0011,0.788814,0.07965,0.002519,0.7789,0.7909,0.797,0.802,0.8117
57.0,0.203223,0.00807,0.000257,0.18824,0.198,0.2029,0.20878,0.21923,0.000272,0.00047,1.5e-5,0.0,0.0001,0.0002,0.0003,0.001,0.796506,0.00812,0.000258,0.78047,0.7909,0.79695,0.8018,0.8116,0.000272,0.00047,1.5e-5,0.0,0.0001,0.0002,0.0003,0.001,0.796777,0.00807,0.000257,0.78077,0.79122,0.7971,0.802,0.81176,0.211183,0.07965,0.002519,0.1883,0.198,0.203,0.2091,0.2211,0.000269,0.00047,1.5e-5,0.0,0.0001,0.0002,0.0003,0.001,0.788549,0.07963,0.002518,0.77879,0.7906,0.7968,0.80172,0.8116,0.000269,0.00047,1.5e-5,0.0,0.0001,0.0002,0.0003,0.001,0.788817,0.07965,0.002519,0.7789,0.7909,0.797,0.802,0.8117
57.5,0.203219,0.00807,0.000257,0.18824,0.198,0.2029,0.20878,0.21923,0.000242,0.00041,1.3e-5,0.0,0.0001,0.0002,0.0003,0.0009,0.796539,0.00811,0.000258,0.7805,0.79092,0.797,0.8019,0.81163,0.000242,0.00041,1.3e-5,0.0,0.0001,0.0002,0.0003,0.0009,0.796781,0.00807,0.000257,0.78077,0.79122,0.7971,0.802,0.81176,0.211179,0.07965,0.002519,0.1883,0.198,0.203,0.2091,0.2211,0.000239,0.00041,1.3e-5,0.0,0.0001,0.0002,0.0003,0.0009,0.788581,0.07963,0.002518,0.7788,0.7906,0.7968,0.80182,0.8116,0.000239,0.00041,1.3e-5,0.0,0.0001,0.0002,0.0003,0.0009,0.788821,0.07965,0.002519,0.7789,0.7909,0.797,0.802,0.8117
58.0,0.203215,0.00807,0.000257,0.18824,0.198,0.2029,0.20878,0.21923,0.000218,0.00038,1.2e-5,0.0,0.0001,0.0001,0.0003,0.0009,0.796566,0.00811,0.000258,0.78057,0.79092,0.797,0.80198,0.81163,0.000218,0.00038,1.2e-5,0.0,0.0001,0.0001,0.0003,0.0009,0.796785,0.00807,0.000257,0.78077,0.79122,0.7971,0.802,0.81176,0.211175,0.07965,0.002519,0.1883,0.198,0.203,0.2091,0.2211,0.000216,0.00038,1.2e-5,0.0,0.0,0.0001,0.0003,0.0009,0.788608,0.07963,0.002518,0.7788,0.7906,0.79685,0.80182,0.8116,0.000216,0.00038,1.2e-5,0.0,0.0,0.0001,0.0003,0.0009,0.788825,0.07965,0.002519,0.7789,0.7909,0.797,0.802,0.8117
58.5,0.203213,0.00807,0.000257,0.18824,0.19792,0.2029,0.20878,0.21923,0.000195,0.00035,1.1e-5,0.0,0.0,0.0001,0.0002,0.0008,0.796593,0.0081,0.000258,0.7806,0.79103,0.797,0.802,0.81163,0.000195,0.00035,1.1e-5,0.0,0.0,0.0001,0.0002,0.0008,0.796787,0.00807,0.000257,0.78077,0.79122,0.7971,0.80208,0.81176,0.211173,0.07965,0.002519,0.1883,0.198,0.203,0.2091,0.2211,0.000193,0.00035,1.1e-5,0.0,0.0,0.0001,0.0002,0.0008,0.788634,0.07963,0.002518,0.7788,0.79067,0.7969,0.80182,0.8116,0.000193,0.00035,1.1e-5,0.0,0.0,0.0001,0.0002,0.0008,0.788827,0.07965,0.002519,0.7789,0.7909,0.797,0.802,0.8117
59.0,0.20321,0.00807,0.000257,0.18824,0.19792,0.2029,0.2087,0.21923,0.000174,0.00031,1.0e-5,0.0,0.0,0.0001,0.0002,0.0007,0.796615,0.0081,0.000257,0.7806,0.79103,0.797,0.802,0.81173,0.000174,0.00031,1.0e-5,0.0,0.0,0.0001,0.0002,0.0007,0.79679,0.00807,0.000257,0.78077,0.7913,0.7971,0.80208,0.81176,0.211171,0.07965,0.002519,0.1883,0.198,0.2029,0.2091,0.2211,0.000173,0.00031,1.0e-5,0.0,0.0,0.0001,0.0002,0.0007,0.788657,0.07963,0.002518,0.7788,0.7907,0.7969,0.8019,0.8117,0.000173,0.00031,1.0e-5,0.0,0.0,0.0001,0.0002,0.0007,0.788829,0.07965,0.002519,0.7789,0.7909,0.7971,0.802,0.8117
59.5,0.203208,0.00807,0.000257,0.18824,0.19792,0.2029,0.2087,0.21923,0.000153,0.00029,9.0e-6,0.0,0.0,0.0001,0.0002,0.0007,0.796638,0.00809,0.000257,0.7806,0.7911,0.797,0.802,0.81173,0.000153,0.00029,9.0e-6,0.0,0.0,0.0001,0.0002,0.0007,0.796792,0.00807,0.000257,0.78077,0.7913,0.7971,0.80208,0.81176,0.211169,0.07965,0.002519,0.1883,0.198,0.2029,0.2091,0.2211,0.000152,0.00028,9.0e-6,0.0,0.0,0.0001,0.0002,0.0007,0.78868,0.07964,0.002518,0.7788,0.79078,0.79695,0.8019,0.8117,0.000152,0.00028,9.0e-6,0.0,0.0,0.0001,0.0002,0.0007,0.788831,0.07965,0.002519,0.7789,0.7909,0.7971,0.802,0.8117
60.0,0.203207,0.00807,0.000257,0.18824,0.19792,0.2029,0.2087,0.21923,0.000135,0.00026,8.0e-6,0.0,0.0,0.0001,0.0002,0.0006,0.796658,0.00809,0.000257,0.78067,0.7911,0.797,0.802,0.81173,0.000135,0.00026,8.0e-6,0.0,0.0,0.0001,0.0002,0.0006,0.796793,0.00807,0.000257,0.78077,0.7913,0.7971,0.80208,0.81176,0.211167,0.07965,0.002519,0.1883,0.198,0.2029,0.2091,0.2211,0.000134,0.00026,8.0e-6,0.0,0.0,0.0001,0.0002,0.0006,0.788699,0.07964,0.002518,0.7788,0.7908,0.79695,0.80192,0.8117,0.000134,0.00026,8.0e-6,0.0,0.0,0.0001,0.0002,0.0006,0.788833,0.07965,0.002519,0.7789,0.7909,0.7971,0.802,0.8117
60.5,0.203205,0.00807,0.000257,0.18824,0.19792,0.2029,0.2087,0.21923,0.000121,0.00024,8.0e-6,0.0,0.0,0.0001,0.0002,0.00053,0.796674,0.00809,0.000257,0.78067,0.7911,0.797,0.802,0.81173,0.000121,0.00024,8.0e-6,0.0,0.0,0.0001,0.0002,0.00053,0.796795,0.00807,0.000257,0.78077,0.7913,0.7971,0.80208,0.81176,0.211166,0.07965,0.002519,0.1883,0.198,0.2029,0.2091,0.2211,0.000119,0.00024,8.0e-6,0.0,0.0,0.0001,0.0002,0.0005,0.788715,0.07964,0.002518,0.7788,0.7908,0.797,0.80192,0.8117,0.000119,0.00024,8.0e-6,0.0,0.0,0.0001,0.0002,0.0005,0.788834,0.07965,0.002519,0.7789,0.7909,0.7971,0.802,0.8117
61.0,0.203204,0.00807,0.000257,0.18824,0.19792,0.2029,0.2087,0.2192,0.000108,0.00022,7.0e-6,0.0,0.0,0.0001,0.0001,0.0005,0.796687,0.00808,0.000257,0.7807,0.7911,0.797,0.802,0.81173,0.000108,0.00022,7.0e-6,0.0,0.0,0.0001,0.0001,0.0005,0.796796,0.00807,0.000257,0.7808,0.7913,0.7971,0.80208,0.81176,0.211164,0.07965,0.002519,0.1883,0.198,0.2029,0.2091,0.2211,0.000107,0.00022,7.0e-6,0.0,0.0,0.0001,0.0001,0.0005,0.788728,0.07964,0.002518,0.7788,0.7908,0.797,0.80192,0.8117,0.000107,0.00022,7.0e-6,0.0,0.0,0.0001,0.0001,0.0005,0.788836,0.07965,0.002519,0.7789,0.7909,0.7971,0.802,0.8117
61.5,0.203203,0.00807,0.000257,0.18824,0.19792,0.2029,0.2087,0.2192,9.7e-5,0.0002,6.0e-6,0.0,0.0,0.0,0.0001,0.0005,0.796701,0.00808,0.000257,0.7807,0.79112,0.79705,0.802,0.81173,9.7e-5,0.0002,6.0e-6,0.0,0.0,0.0,0.0001,0.0005,0.796797,0.00807,0.000257,0.7808,0.7913,0.7971,0.80208,0.81176,0.211163,0.07965,0.002519,0.1883,0.198,0.2029,0.2091,0.2211,9.6e-5,0.0002,6.0e-6,0.0,0.0,0.0,0.0001,0.0005,0.788741,0.07964,0.002518,0.7788,0.79088,0.797,0.80192,0.8117,9.6e-5,0.0002,6.0e-6,0.0,0.0,0.0,0.0001,0.0005,0.788837,0.07965,0.002519,0.7789,0.7909,0.7971,0.802,0.8117
62.0,0.203201,0.00807,0.000257,0.18824,0.19792,0.2029,0.2087,0.2192,8.7e-5,0.00019,6.0e-6,0.0,0.0,0.0,0.0001,0.0004,0.796713,0.00808,0.000257,0.7807,0.79112,0.7971,0.802,0.81173,8.7e-5,0.00019,6.0e-6,0.0,0.0,0.0,0.0001,0.0004,0.796799,0.00807,0.000257,0.7808,0.7913,0.7971,0.80208,0.81176,0.211161,0.07965,0.002519,0.1883,0.198,0.2029,0.2091,0.2211,8.6e-5,0.00018,6.0e-6,0.0,0.0,0.0,0.0001,0.0004,0.788753,0.07964,0.002518,0.7788,0.79088,0.797,0.80192,0.8117,8.6e-5,0.00018,6.0e-6,0.0,0.0,0.0,0.0001,0.0004,0.788839,0.07965,0.002519,0.7789,0.7909,0.7971,0.802,0.8117
62.5,0.2032,0.00807,0.000257,0.18824,0.19792,0.2029,0.2087,0.2192,7.7e-5,0.00017,5.0e-6,0.0,0.0,0.0,0.0001,0.0004,0.796723,0.00808,0.000257,0.7807,0.79112,0.7971,0.802,0.81173,7.7e-5,0.00017,5.0e-6,0.0,0.0,0.0,0.0001,0.0004,0.7968,0.00807,0.000257,0.7808,0.7913,0.7971,0.80208,0.81176,0.21116,0.07965,0.002519,0.1883,0.198,0.2029,0.2091,0.2211,7.7e-5,0.00017,5.0e-6,0.0,0.0,0.0,0.0001,0.0004,0.788763,0.07964,0.002519,0.7788,0.79088,0.797,0.802,0.8117,7.7e-5,0.00017,5.0e-6,0.0,0.0,0.0,0.0001,0.0004,0.78884,0.07965,0.002519,0.7789,0.7909,0.7971,0.802,0.8117
63.0,0.203199,0.00808,0.000257,0.18824,0.19792,0.2029,0.2087,0.2192,6.8e-5,0.00015,5.0e-6,0.0,0.0,0.0,0.0001,0.0003,0.796733,0.00808,0.000257,0.7807,0.79112,0.7971,0.802,0.81173,6.8e-5,0.00015,5.0e-6,0.0,0.0,0.0,0.0001,0.0003,0.796801,0.00808,0.000257,0.7808,0.7913,0.7971,0.80208,0.81176,0.21116,0.07965,0.002519,0.1883,0.198,0.2029,0.2091,0.2211,6.7e-5,0.00015,5.0e-6,0.0,0.0,0.0,0.0001,0.0003,0.788773,0.07964,0.002519,0.7788,0.79088,0.797,0.802,0.8117,6.7e-5,0.00015,5.0e-6,0.0,0.0,0.0,0.0001,0.0003,0.78884,0.07965,0.002519,0.7789,0.7909,0.7971,0.802,0.8117
63.5,0.203198,0.00808,0.000257,0.18824,0.19792,0.2029,0.2087,0.2192,6.2e-5,0.00014,4.0e-6,0.0,0.0,0.0,0.0001,0.0003,0.79674,0.00808,0.000257,0.7807,0.7912,0.7971,0.80208,0.81176,6.2e-5,0.00014,4.0e-6,0.0,0.0,0.0,0.0001,0.0003,0.796802,0.00808,0.000257,0.7808,0.7913,0.7971,0.80208,0.81176,0.211159,0.07965,0.002519,0.1883,0.198,0.2029,0.2091,0.2211,6.1e-5,0.00014,4.0e-6,0.0,0.0,0.0,0.0001,0.0003,0.78878,0.07964,0.002519,0.7788,0.79088,0.797,0.802,0.8117,6.1e-5,0.00014,4.0e-6,0.0,0.0,0.0,0.0001,0.0003,0.788841,0.07965,0.002519,0.7789,0.7909,0.7971,0.802,0.8117
64.0,0.203197,0.00808,0.000257,0.18824,0.19792,0.2029,0.2087,0.2192,5.5e-5,0.00013,4.0e-6,0.0,0.0,0.0,0.0001,0.0003,0.796747,0.00808,0.000257,0.7807,0.7912,0.7971,0.80208,0.81176,5.5e-5,0.00013,4.0e-6,0.0,0.0,0.0,0.0001,0.0003,0.796803,0.00808,0.000257,0.7808,0.7913,0.7971,0.80208,0.81176,0.211158,0.07965,0.002519,0.1883,0.198,0.2029,0.2091,0.2211,5.5e-5,0.00013,4.0e-6,0.0,0.0,0.0,0.0001,0.0003,0.788787,0.07965,0.002519,0.7788,0.7909,0.797,0.802,0.8117,5.5e-5,0.00013,4.0e-6,0.0,0.0,0.0,0.0001,0.0003,0.788842,0.07965,0.002519,0.7789,0.7909,0.7971,0.802,0.8117
64.5,0.203197,0.00808,0.000257,0.18824,0.19792,0.2029,0.2087,0.2192,5.0e-5,0.00012,4.0e-6,0.0,0.0,0.0,0.0001,0.0003,0.796754,0.00808,0.000257,0.7807,0.7912,0.7971,0.80208,0.81176,5.0e-5,0.00012,4.0e-6,0.0,0.0,0.0,0.0001,0.0003,0.796803,0.00808,0.000257,0.7808,0.7913,0.7971,0.80208,0.81176,0.211157,0.07965,0.002519,0.1883,0.198,0.2029,0.2091,0.2211,4.9e-5,0.00012,4.0e-6,0.0,0.0,0.0,0.0001,0.0003,0.788794,0.07965,0.002519,0.7788,0.7909,0.797,0.802,0.8117,4.9e-5,0.00012,4.0e-6,0.0,0.0,0.0,0.0001,0.0003,0.788843,0.07965,0.002519,0.7789,0.7909,0.7971,0.802,0.8117
65.0,0.203197,0.00808,0.000257,0.18824,0.19792,0.2029,0.2087,0.2192,4.4e-5,0.00011,3.0e-6,0.0,0.0,0.0,0.0001,0.0003,0.79676,0.00808,0.000257,0.7807,0.7912,0.7971,0.80208,0.81176,4.4e-5,0.00011,3.0e-6,0.0,0.0,0.0,0.0001,0.0003,0.796803,0.00808,0.000257,0.7808,0.7913,0.7971,0.80208,0.81176,0.211157,0.07965,0.002519,0.1883,0.198,0.2029,0.2091,0.2211,4.3e-5,0.00011,3.0e-6,0.0,0.0,0.0,0.0001,0.0003,0.7888,0.07965,0.002519,0.7788,0.7909,0.797,0.802,0.8117,4.3e-5,0.00011,3.0e-6,0.0,0.0,0.0,0.0001,0.0003,0.788843,0.07965,0.002519,0.7789,0.7909,0.7971,0.802,0.8117
65.5,0.203196,0.00808,0.000257,0.18824,0.19792,0.2029,0.2087,0.2192,3.9e-5,0.0001,3.0e-6,0.0,0.0,0.0,0.0001,0.0002,0.796765,0.00808,0.000257,0.7807,0.7912,0.7971,0.80208,0.81176,3.9e-5,0.0001,3.0e-6,0.0,0.0,0.0,0.0001,0.0002,0.796804,0.00808,0.000257,0.7808,0.7913,0.7971,0.80208,0.81176,0.211156,0.07965,0.002519,0.1883,0.198,0.2029,0.2091,0.2211,3.8e-5,0.0001,3.0e-6,0.0,0.0,0.0,0.0001,0.0002,0.788805,0.07965,0.002519,0.7788,0.7909,0.79705,0.802,0.8117,3.8e-5,0.0001,3.0e-6,0.0,0.0,0.0,0.0001,0.0002,0.788844,0.07965,0.002519,0.7789,0.7909,0.7971,0.802,0.8117
66.0,0.203196,0.00808,0.000257,0.18824,0.19792,0.2029,0.2087,0.2192,3.5e-5,9.0e-5,3.0e-6,0.0,0.0,0.0,0.0,0.0002,0.796769,0.00808,0.000257,0.7807,0.7912,0.7971,0.80208,0.81176,3.5e-5,9.0e-5,3.0e-6,0.0,0.0,0.0,0.0,0.0002,0.796804,0.00808,0.000257,0.7808,0.7913,0.7971,0.80208,0.81176,0.211156,0.07965,0.002519,0.1883,0.198,0.2029,0.2091,0.2211,3.4e-5,9.0e-5,3.0e-6,0.0,0.0,0.0,0.0,0.0002,0.788809,0.07965,0.002519,0.7788,0.7909,0.79705,0.802,0.8117,3.4e-5,9.0e-5,3.0e-6,0.0,0.0,0.0,0.0,0.0002,0.788844,0.07965,0.002519,0.7789,0.7909,0.7971,0.802,0.8117
66.5,0.203195,0.00808,0.000257,0.18824,0.19792,0.2029,0.2087,0.2192,3.1e-5,8.0e-5,3.0e-6,0.0,0.0,0.0,0.0,0.0002,0.796774,0.00808,0.000257,0.78077,0.79122,0.7971,0.80208,0.81176,3.1e-5,8.0e-5,3.0e-6,0.0,0.0,0.0,0.0,0.0002,0.796805,0.00808,0.000257,0.7808,0.7913,0.7971,0.80208,0.81176,0.211156,0.07965,0.002519,0.1883,0.198,0.2029,0.2091,0.2211,3.1e-5,8.0e-5,3.0e-6,0.0,0.0,0.0,0.0,0.0002,0.788814,0.07965,0.002519,0.7788,0.7909,0.79705,0.802,0.8117,3.1e-5,8.0e-5,3.0e-6,0.0,0.0,0.0,0.0,0.0002,0.788844,0.07965,0.002519,0.7789,0.7909,0.7971,0.802,0.8117
67.0,0.203195,0.00808,0.000257,0.18824,0.19792,0.2029,0.2087,0.2192,2.7e-5,8.0e-5,2.0e-6,0.0,0.0,0.0,0.0,0.0002,0.796778,0.00808,0.000257,0.78077,0.79122,0.7971,0.80208,0.81176,2.7e-5,8.0e-5,2.0e-6,0.0,0.0,0.0,0.0,0.0002,0.796805,0.00808,0.000257,0.7808,0.7913,0.7971,0.80208,0.81176,0.211155,0.07965,0.002519,0.1883,0.198,0.2029,0.2091,0.2211,2.6e-5,8.0e-5,2.0e-6,0.0,0.0,0.0,0.0,0.0002,0.788818,0.07965,0.002519,0.7788,0.7909,0.79705,0.802,0.8117,2.6e-5,8.0e-5,2.0e-6,0.0,0.0,0.0,0.0,0.0002,0.788845,0.07965,0.002519,0.7789,0.7909,0.7971,0.802,0.8117
67.5,0.203195,0.00808,0.000257,0.18824,0.19792,0.2029,0.2087,0.2192,2.4e-5,7.0e-5,2.0e-6,0.0,0.0,0.0,0.0,0.0002,0.796781,0.00808,0.000257,0.7808,0.7913,0.7971,0.80208,0.81176,2.4e-5,7.0e-5,2.0e-6,0.0,0.0,0.0,0.0,0.0002,0.796805,0.00808,0.000257,0.7808,0.7913,0.7971,0.80208,0.81176,0.211155,0.07965,0.002519,0.1883,0.198,0.2029,0.2091,0.2211,2.3e-5,7.0e-5,2.0e-6,0.0,0.0,0.0,0.0,0.0002,0.788821,0.07965,0.002519,0.7788,0.7909,0.7971,0.802,0.8117,2.3e-5,7.0e-5,2.0e-6,0.0,0.0,0.0,0.0,0.0002,0.788845,0.07965,0.002519,0.7789,0.7909,0.7971,0.802,0.8117
68.0,0.203195,0.00808,0.000257,0.18824,0.19792,0.2029,0.2087,0.2192,2.0e-5,6.0e-5,2.0e-6,0.0,0.0,0.0,0.0,0.0002,0.796785,0.00808,0.000257,0.7808,0.7913,0.7971,0.80208,0.81176,2.0e-5,6.0e-5,2.0e-6,0.0,0.0,0.0,0.0,0.0002,0.796805,0.00808,0.000257,0.7808,0.7913,0.7971,0.80208,0.81176,0.211155,0.07965,0.002519,0.1883,0.198,0.2029,0.2091,0.2211,2.0e-5,6.0e-5,2.0e-6,0.0,0.0,0.0,0.0,0.0002,0.788824,0.07965,0.002519,0.7788,0.7909,0.7971,0.802,0.8117,2.0e-5,6.0e-5,2.0e-6,0.0,0.0,0.0,0.0,0.0002,0.788845,0.07965,0.002519,0.7789,0.7909,0.7971,0.802,0.8117
68.5,0.203195,0.00808,0.000257,0.18824,0.19792,0.2029,0.2087,0.2192,1.8e-5,6.0e-5,2.0e-6,0.0,0.0,0.0,0.0,0.0001,0.796787,0.00808,0.000257,0.7808,0.7913,0.7971,0.80208,0.81176,1.8e-5,6.0e-5,2.0e-6,0.0,0.0,0.0,0.0,0.0001,0.796805,0.00808,0.000257,0.7808,0.7913,0.7971,0.80208,0.81176,0.211155,0.07965,0.002519,0.1883,0.198,0.2029,0.2091,0.2211,1.8e-5,6.0e-5,2.0e-6,0.0,0.0,0.0,0.0,0.0001,0.788827,0.07965,0.002519,0.7788,0.7909,0.7971,0.802,0.8117,1.8e-5,6.0e-5,2.0e-6,0.0,0.0,0.0,0.0,0.0001,0.788845,0.07965,0.002519,0.7789,0.7909,0.7971,0.802,0.8117
69.0,0.203195,0.00808,0.000257,0.18824,0.19792,0.2029,0.2087,0.2192,1.5e-5,5.0e-5,2.0e-6,0.0,0.0,0.0,0.0,0.0001,0.79679,0.00808,0.000257,0.7808,0.7913,0.7971,0.80208,0.81176,1.5e-5,5.0e-5,2.0e-6,0.0,0.0,0.0,0.0,0.0001,0.796805,0.00808,0.000257,0.7808,0.7913,0.7971,0.80208,0.81176,0.211155,0.07965,0.002519,0.1883,0.198,0.2029,0.2091,0.2211,1.5e-5,5.0e-5,2.0e-6,0.0,0.0,0.0,0.0,0.0001,0.78883,0.07965,0.002519,0.7788,0.7909,0.7971,0.802,0.8117,1.5e-5,5.0e-5,2.0e-6,0.0,0.0,0.0,0.0,0.0001,0.788845,0.07965,0.002519,0.7789,0.7909,0.7971,0.802,0.8117
69.5,0.203195,0.00808,0.000257,0.18824,0.19792,0.2029,0.2087,0.2192,1.4e-5,5.0e-5,2.0e-6,0.0,0.0,0.0,0.0,0.0001,0.796791,0.00808,0.000257,0.7808,0.7913,0.7971,0.80208,0.81176,1.4e-5,5.0e-5,2.0e-6,0.0,0.0,0.0,0.0,0.0001,0.796805,0.00808,0.000257,0.7808,0.7913,0.7971,0.80208,0.81176,0.211155,0.07965,0.002519,0.1883,0.198,0.2029,0.2091,0.2211,1.4e-5,5.0e-5,2.0e-6,0.0,0.0,0.0,0.0,0.0001,0.788831,0.07965,0.002519,0.7788,0.7909,0.7971,0.802,0.8117,1.4e-5,5.0e-5,2.0e-6,0.0,0.0,0.0,0.0,0.0001,0.788845,0.07965,0.002519,0.7789,0.7909,0.7971,0.802,0.8117
70.0,0.203194,0.00808,0.000257,0.18824,0.19792,0.2029,0.2087,0.2192,1.3e-5,5.0e-5,2.0e-6,0.0,0.0,0.0,0.0,0.0001,0.796792,0.00808,0.000257,0.7808,0.7913,0.7971,0.80208,0.81176,1.3e-5,5.0e-5,2.0e-6,0.0,0.0,0.0,0.0,0.0001,0.796806,0.00808,0.000257,0.7808,0.7913,0.7971,0.80208,0.81176,0.211155,0.07965,0.002519,0.1883,0.198,0.2029,0.2091,0.2211,1.3e-5,5.0e-5,2.0e-6,0.0,0.0,0.0,0.0,0.0001,0.788832,0.07965,0.002519,0.7788,0.7909,0.7971,0.802,0.8117,1.3e-5,5.0e-5,2.0e-6,0.0,0.0,0.0,0.0,0.0001,0.788845,0.07965,0.002519,0.7789,0.7909,0.7971,0.802,0.8117
70.5,0.203194,0.00808,0.000257,0.18824,0.19792,0.2029,0.2087,0.2192,1.2e-5,5.0e-5,1.0e-6,0.0,0.0,0.0,0.0,0.0001,0.796794,0.00808,0.000257,0.7808,0.7913,0.7971,0.80208,0.81176,1.2e-5,5.0e-5,1.0e-6,0.0,0.0,0.0,0.0,0.0001,0.796806,0.00808,0.000257,0.7808,0.7913,0.7971,0.80208,0.81176,0.211155,0.07965,0.002519,0.1883,0.198,0.2029,0.2091,0.2211,1.2e-5,5.0e-5,1.0e-6,0.0,0.0,0.0,0.0,0.0001,0.788834,0.07965,0.002519,0.7788,0.7909,0.7971,0.802,0.8117,1.2e-5,5.0e-5,1.0e-6,0.0,0.0,0.0,0.0,0.0001,0.788845,0.07965,0.002519,0.7789,0.7909,0.7971,0.802,0.8117
71.0,0.203194,0.00808,0.000257,0.18824,0.19792,0.2029,0.2087,0.2192,1.1e-5,4.0e-5,1.0e-6,0.0,0.0,0.0,0.0,0.0001,0.796795,0.00808,0.000257,0.7808,0.7913,0.7971,0.80208,0.81176,1.1e-5,4.0e-5,1.0e-6,0.0,0.0,0.0,0.0,0.0001,0.796806,0.00808,0.000257,0.7808,0.7913,0.7971,0.80208,0.81176,0.211155,0.07965,0.002519,0.1883,0.198,0.2029,0.2091,0.2211,1.0e-5,4.0e-5,1.0e-6,0.0,0.0,0.0,0.0,0.0001,0.788835,0.07965,0.002519,0.7788,0.7909,0.7971,0.802,0.8117,1.0e-5,4.0e-5,1.0e-6,0.0,0.0,0.0,0.0,0.0001,0.788845,0.07965,0.002519,0.7789,0.7909,0.7971,0.802,0.8117
71.5,0.203194,0.00808,0.000257,0.18824,0.19792,0.2029,0.2087,0.2192,1.0e-5,4.0e-5,1.0e-6,0.0,0.0,0.0,0.0,0.0001,0.796796,0.00808,0.000257,0.7808,0.7913,0.7971,0.80208,0.81176,1.0e-5,4.0e-5,1.0e-6,0.0,0.0,0.0,0.0,0.0001,0.796806,0.00808,0.000257,0.7808,0.7913,0.7971,0.80208,0.81176,0.211154,0.07965,0.002519,0.1883,0.198,0.2029,0.2091,0.2211,1.0e-5,4.0e-5,1.0e-6,0.0,0.0,0.0,0.0,0.0001,0.788835,0.07965,0.002519,0.7788,0.7909,0.7971,0.802,0.8117,1.0e-5,4.0e-5,1.0e-6,0.0,0.0,0.0,0.0,0.0001,0.788846,0.07965,0.002519,0.7789,0.7909,0.7971,0.802,0.8117
72.0,0.203194,0.00808,0.000257,0.18824,0.19792,0.2029,0.2087,0.2192,9.0e-6,4.0e-5,1.0e-6,0.0,0.0,0.0,0.0,0.0001,0.796796,0.00808,0.000257,0.7808,0.7913,0.7971,0.80208,0.81176,9.0e-6,4.0e-5,1.0e-6,0.0,0.0,0.0,0.0,0.0001,0.796806,0.00808,0.000257,0.7808,0.7913,0.7971,0.80208,0.81176,0.211154,0.07965,0.002519,0.1883,0.198,0.2029,0.2091,0.2211,9.0e-6,4.0e-5,1.0e-6,0.0,0.0,0.0,0.0,0.0001,0.788836,0.07965,0.002519,0.7788,0.7909,0.7971,0.802,0.8117,9.0e-6,4.0e-5,1.0e-6,0.0,0.0,0.0,0.0,0.0001,0.788846,0.07965,0.002519,0.7789,0.7909,0.7971,0.802,0.8117
72.5,0.203194,0.00808,0.000257,0.18824,0.19792,0.2029,0.2087,0.2192,8.0e-6,4.0e-5,1.0e-6,0.0,0.0,0.0,0.0,0.0001,0.796798,0.00808,0.000257,0.7808,0.7913,0.7971,0.80208,0.81176,8.0e-6,4.0e-5,1.0e-6,0.0,0.0,0.0,0.0,0.0001,0.796806,0.00808,0.000257,0.7808,0.7913,0.7971,0.80208,0.81176,0.211154,0.07965,0.002519,0.1883,0.198,0.2029,0.2091,0.2211,8.0e-6,4.0e-5,1.0e-6,0.0,0.0,0.0,0.0,0.0001,0.788837,0.07965,0.002519,0.7788,0.7909,0.7971,0.802,0.8117,8.0e-6,4.0e-5,1.0e-6,0.0,0.0,0.0,0.0,0.0001,0.788846,0.07965,0.002519,0.7789,0.7909,0.7971,0.802,0.8117
73.0,0.203194,0.00808,0.000257,0.18824,0.19792,0.2029,0.2087,0.2192,7.0e-6,4.0e-5,1.0e-6,0.0,0.0,0.0,0.0,0.0001,0.796799,0.00808,0.000257,0.7808,0.7913,0.7971,0.80208,0.81176,7.0e-6,4.0e-5,1.0e-6,0.0,0.0,0.0,0.0,0.0001,0.796806,0.00808,0.000257,0.7808,0.7913,0.7971,0.80208,0.81176,0.211154,0.07965,0.002519,0.1883,0.198,0.2029,0.2091,0.2211,7.0e-6,4.0e-5,1.0e-6,0.0,0.0,0.0,0.0,0.0001,0.788839,0.07965,0.002519,0.7788,0.7909,0.7971,0.802,0.8117,7.0e-6,4.0e-5,1.0e-6,0.0,0.0,0.0,0.0,0.0001,0.788846,0.07965,0.002519,0.7789,0.7909,0.7971,0.802,0.8117
73.5,0.203194,0.00808,0.000257,0.18824,0.19792,0.2029,0.2087,0.2192,7.0e-6,4.0e-5,1.0e-6,0.0,0.0,0.0,0.0,0.0001,0.7968,0.00808,0.000257,0.7808,0.7913,0.7971,0.80208,0.81176,7.0e-6,4.0e-5,1.0e-6,0.0,0.0,0.0,0.0,0.0001,0.796806,0.00808,0.000257,0.7808,0.7913,0.7971,0.80208,0.81176,0.211154,0.07965,0.002519,0.1883,0.198,0.2029,0.2091,0.2211,7.0e-6,4.0e-5,1.0e-6,0.0,0.0,0.0,0.0,0.0001,0.78884,0.07965,0.002519,0.7788,0.7909,0.7971,0.802,0.8117,7.0e-6,4.0e-5,1.0e-6,0.0,0.0,0.0,0.0,0.0001,0.788846,0.07965,0.002519,0.7789,0.7909,0.7971,0.802,0.8117
74.0,0.203194,0.00808,0.000257,0.18824,0.19792,0.2029,0.2087,0.2192,6.0e-6,4.0e-5,1.0e-6,0.0,0.0,0.0,0.0,0.0001,0.7968,0.00808,0.000257,0.7808,0.7913,0.7971,0.80208,0.81176,6.0e-6,4.0e-5,1.0e-6,0.0,0.0,0.0,0.0,0.0001,0.796806,0.00808,0.000257,0.7808,0.7913,0.7971,0.80208,0.81176,0.211154,0.07965,0.002519,0.1883,0.198,0.2029,0.2091,0.2211,6.0e-6,4.0e-5,1.0e-6,0.0,0.0,0.0,0.0,0.0001,0.78884,0.07965,0.002519,0.7788,0.7909,0.7971,0.802,0.8117,6.0e-6,4.0e-5,1.0e-6,0.0,0.0,0.0,0.0,0.0001,0.788846,0.07965,0.002519,0.7789,0.7909,0.7971,0.802,0.8117
74.5,0.203194,0.00808,0.000257,0.18824,0.19792,0.2029,0.2087,0.2192,6.0e-6,4.0e-5,1.0e-6,0.0,0.0,0.0,0.0,0.0001,0.796801,0.00808,0.000257,0.7808,0.7913,0.7971,0.80208,0.81176,6.0e-6,4.0e-5,1.0e-6,0.0,0.0,0.0,0.0,0.0001,0.796806,0.00808,0.000257,0.7808,0.7913,0.7971,0.80208,0.81176,0.211154,0.07965,0.002519,0.1883,0.198,0.2029,0.2091,0.2211,6.0e-6,4.0e-5,1.0e-6,0.0,0.0,0.0,0.0,0.0001,0.788841,0.07965,0.002519,0.7789,0.7909,0.7971,0.802,0.8117,6.0e-6,4.0e-5,1.0e-6,0.0,0.0,0.0,0.0,0.0001,0.788846,0.07965,0.002519,0.7789,0.7909,0.7971,0.802,0.8117
75.0,0.203193,0.00808,0.000257,0.18824,0.19792,0.2029,0.2087,0.2192,5.0e-6,3.0e-5,1.0e-6,0.0,0.0,0.0,0.0,0.0001,0.796802,0.00808,0.000257,0.7808,0.7913,0.7971,0.80208,0.81176,5.0e-6,3.0e-5,1.0e-6,0.0,0.0,0.0,0.0,0.0001,0.796807,0.00808,0.000257,0.7808,0.7913,0.7971,0.80208,0.81176,0.211154,0.07965,0.002519,0.1883,0.198,0.2029,0.2091,0.2211,5.0e-6,3.0e-5,1.0e-6,0.0,0.0,0.0,0.0,0.0001,0.788842,0.07965,0.002519,0.7789,0.7909,0.7971,0.802,0.8117,5.0e-6,3.0e-5,1.0e-6,0.0,0.0,0.0,0.0,0.0001,0.788846,0.07965,0.002519,0.7789,0.7909,0.7971,0.802,0.8117
75.5,0.203193,0.00808,0.000257,0.18824,0.19792,0.2029,0.2087,0.2192,5.0e-6,4.0e-5,1.0e-6,0.0,0.0,0.0,0.0,0.0001,0.796802,0.00808,0.000257,0.7808,0.7913,0.7971,0.80208,0.81176,5.0e-6,4.0e-5,1.0e-6,0.0,0.0,0.0,0.0,0.0001,0.796807,0.00808,0.000257,0.7808,0.7913,0.7971,0.80208,0.81176,0.211154,0.07965,0.002519,0.1883,0.198,0.2029,0.2091,0.2211,5.0e-6,4.0e-5,1.0e-6,0.0,0.0,0.0,0.0,0.0001,0.788842,0.07965,0.002519,0.7789,0.7909,0.7971,0.802,0.8117,5.0e-6,4.0e-5,1.0e-6,0.0,0.0,0.0,0.0,0.0001,0.788846,0.07965,0.002519,0.7789,0.7909,0.7971,0.802,0.8117
76.0,0.203193,0.00807,0.000257,0.18824,0.19792,0.2029,0.2087,0.2192,4.0e-6,3.0e-5,1.0e-6,0.0,0.0,0.0,0.0,3.0e-5,0.796803,0.00808,0.000257,0.7808,0.7913,0.7971,0.80208,0.81176,4.0e-6,3.0e-5,1.0e-6,0.0,0.0,0.0,0.0,3.0e-5,0.796807,0.00807,0.000257,0.7808,0.7913,0.7971,0.80208,0.81176,0.211153,0.07965,0.002519,0.1883,0.198,0.2029,0.2091,0.2211,4.0e-6,3.0e-5,1.0e-6,0.0,0.0,0.0,0.0,0.0,0.788843,0.07965,0.002519,0.7789,0.7909,0.7971,0.802,0.8117,4.0e-6,3.0e-5,1.0e-6,0.0,0.0,0.0,0.0,0.0,0.788847,0.07965,0.002519,0.7789,0.7909,0.7971,0.802,0.8117
76.5,0.203193,0.00807,0.000257,0.18824,0.19792,0.2029,0.2087,0.2192,3.0e-6,3.0e-5,1.0e-6,0.0,0.0,0.0,0.0,0.0,0.796804,0.00808,0.000257,0.7808,0.7913,0.7971,0.80208,0.81176,3.0e-6,3.0e-5,1.0e-6,0.0,0.0,0.0,0.0,0.0,0.796807,0.00807,0.000257,0.7808,0.7913,0.7971,0.80208,0.81176,0.211153,0.07965,0.002519,0.1883,0.198,0.2029,0.2091,0.2211,3.0e-6,3.0e-5,1.0e-6,0.0,0.0,0.0,0.0,0.0,0.788844,0.07965,0.002519,0.7789,0.7909,0.7971,0.802,0.8117,3.0e-6,3.0e-5,1.0e-6,0.0,0.0,0.0,0.0,0.0,0.788847,0.07965,0.002519,0.7789,0.7909,0.7971,0.802,0.8117
77.0,0.203193,0.00807,0.000257,0.18824,0.19792,0.2029,0.2087,0.2192,3.0e-6,3.0e-5,1.0e-6,0.0,0.0,0.0,0.0,0.0,0.796804,0.00808,0.000257,0.7808,0.7913,0.7971,0.80208,0.81176,3.0e-6,3.0e-5,1.0e-6,0.0,0.0,0.0,0.0,0.0,0.796807,0.00807,0.000257,0.7808,0.7913,0.7971,0.80208,0.81176,0.211153,0.07965,0.002519,0.1883,0.198,0.2029,0.2091,0.2211,3.0e-6,3.0e-5,1.0e-6,0.0,0.0,0.0,0.0,0.0,0.788844,0.07965,0.002519,0.7789,0.7909,0.7971,0.802,0.8117,3.0e-6,3.0e-5,1.0e-6,0.0,0.0,0.0,0.0,0.0,0.788847,0.07965,0.002519,0.7789,0.7909,0.7971,0.802,0.8117
77.5,0.203193,0.00807,0.000257,0.18824,0.19792,0.2029,0.2087,0.2192,2.0e-6,2.0e-5,1.0e-6,0.0,0.0,0.0,0.0,0.0,0.796805,0.00808,0.000257,0.7808,0.7913,0.7971,0.80208,0.81176,2.0e-6,2.0e-5,1.0e-6,0.0,0.0,0.0,0.0,0.0,0.796807,0.00807,0.000257,0.7808,0.7913,0.7971,0.80208,0.81176,0.211153,0.07965,0.002519,0.1883,0.198,0.2029,0.2091,0.2211,2.0e-6,2.0e-5,1.0e-6,0.0,0.0,0.0,0.0,0.0,0.788845,0.07965,0.002519,0.7789,0.7909,0.7971,0.802,0.8117,2.0e-6,2.0e-5,1.0e-6,0.0,0.0,0.0,0.0,0.0,0.788847,0.07965,0.002519,0.7789,0.7909,0.7971,0.802,0.8117
78.0,0.203193,0.00807,0.000257,0.18824,0.19792,0.2029,0.2087,0.2192,2.0e-6,2.0e-5,1.0e-6,0.0,0.0,0.0,0.0,0.0,0.796805,0.00808,0.000257,0.7808,0.7913,0.7971,0.80208,0.81176,2.0e-6,2.0e-5,1.0e-6,0.0,0.0,0.0,0.0,0.0,0.796807,0.00807,0.000257,0.7808,0.7913,0.7971,0.80208,0.81176,0.211153,0.07965,0.002519,0.1883,0.198,0.2029,0.2091,0.2211,2.0e-6,2.0e-5,1.0e-6,0.0,0.0,0.0,0.0,0.0,0.788845,0.07965,0.002519,0.7789,0.7909,0.7971,0.802,0.8117,2.0e-6,2.0e-5,1.0e-6,0.0,0.0,0.0,0.0,0.0,0.788847,0.07965,0.002519,0.7789,0.7909,0.7971,0.802,0.8117
78.5,0.203193,0.00807,0.000257,0.18824,0.19792,0.2029,0.2087,0.2192,2.0e-6,1.0e-5,0.0,0.0,0.0,0.0,0.0,0.0,0.796805,0.00808,0.000257,0.7808,0.7913,0.7971,0.80208,0.81176,2.0e-6,1.0e-5,0.0,0.0,0.0,0.0,0.0,0.0,0.796807,0.00807,0.000257,0.7808,0.7913,0.7971,0.80208,0.81176,0.211153,0.07965,0.002519,0.1883,0.198,0.2029,0.2091,0.2211,2.0e-6,1.0e-5,0.0,0.0,0.0,0.0,0.0,0.0,0.788845,0.07965,0.002519,0.7789,0.7909,0.7971,0.802,0.8117,2.0e-6,1.0e-5,0.0,0.0,0.0,0.0,0.0,0.0,0.788847,0.07965,0.002519,0.7789,0.7909,0.7971,0.802,0.8117
79.0,0.203193,0.00807,0.000257,0.18824,0.19792,0.2029,0.2087,0.2192,1.0e-6,1.0e-5,0.0,0.0,0.0,0.0,0.0,0.0,0.796806,0.00808,0.000257,0.7808,0.7913,0.7971,0.80208,0.81176,1.0e-6,1.0e-5,0.0,0.0,0.0,0.0,0.0,0.0,0.796807,0.00807,0.000257,0.7808,0.7913,0.7971,0.80208,0.81176,0.211153,0.07965,0.002519,0.1883,0.198,0.2029,0.2091,0.2211,1.0e-6,1.0e-5,0.0,0.0,0.0,0.0,0.0,0.0,0.788846,0.07965,0.002519,0.7789,0.7909,0.7971,0.802,0.8117,1.0e-6,1.0e-5,0.0,0.0,0.0,0.0,0.0,0.0,0.788847,0.07965,0.002519,0.7789,0.7909,0.7971,0.802,0.8117
79.5,0.203193,0.00807,0.000257,0.18824,0.19792,0.2029,0.2087,0.2192,1.0e-6,1.0e-5,0.0,0.0,0.0,0.0,0.0,0.0,0.796806,0.00808,0.000257,0.7808,0.7913,0.7971,0.80208,0.81176,1.0e-6,1.0e-5,0.0,0.0,0.0,0.0,0.0,0.0,0.796807,0.00807,0.000257,0.7808,0.7913,0.7971,0.80208,0.81176,0.211153,0.07965,0.002519,0.1883,0.198,0.2029,0.2091,0.2211,1.0e-6,1.0e-5,0.0,0.0,0.0,0.0,0.0,0.0,0.788846,0.07965,0.002519,0.7789,0.7909,0.7971,0.802,0.8117,1.0e-6,1.0e-5,0.0,0.0,0.0,0.0,0.0,0.0,0.788847,0.07965,0.002519,0.7789,0.7909,0.7971,0.802,0.8117
80.0,0.203193,0.00807,0.000257,0.18824,0.19792,0.2029,0.2087,0.2192,1.0e-6,1.0e-5,0.0,0.0,0.0,0.0,0.0,0.0,0.796806,0.00807,0.000257,0.7808,0.7913,0.7971,0.80208,0.81176,1.0e-6,1.0e-5,0.0,0.0,0.0,0.0,0.0,0.0,0.796807,0.00807,0.000257,0.7808,0.7913,0.7971,0.80208,0.81176,0.211153,0.07965,0.002519,0.1883,0.198,0.2029,0.2091,0.2211,1.0e-6,1.0e-5,0.0,0.0,0.0,0.0,0.0,0.0,0.788846,0.07965,0.002519,0.7789,0.7909,0.7971,0.802,0.8117,1.0e-6,1.0e-5,0.0,0.0,0.0,0.0,0.0,0.0,0.788847,0.07965,0.002519,0.7789,0.7909,0.7971,0.802,0.8117
80.5,0.203193,0.00807,0.000257,0.18824,0.19792,0.2029,0.2087,0.2192,1.0e-6,1.0e-5,0.0,0.0,0.0,0.0,0.0,0.0,0.796806,0.00807,0.000257,0.7808,0.7913,0.7971,0.80208,0.81176,1.0e-6,1.0e-5,0.0,0.0,0.0,0.0,0.0,0.0,0.796807,0.00807,0.000257,0.7808,0.7913,0.7971,0.80208,0.81176,0.211153,0.07965,0.002519,0.1883,0.198,0.2029,0.2091,0.2211,1.0e-6,1.0e-5,0.0,0.0,0.0,0.0,0.0,0.0,0.788846,0.07965,0.002519,0.7789,0.7909,0.7971,0.802,0.8117,1.0e-6,1.0e-5,0.0,0.0,0.0,0.0,0.0,0.0,0.788847,0.07965,0.002519,0.7789,0.7909,0.7971,0.802,0.8117
81.0,0.203193,0.00807,0.000257,0.18824,0.19792,0.2029,0.2087,0.2192,1.0e-6,1.0e-5,0.0,0.0,0.0,0.0,0.0,0.0,0.796807,0.00807,0.000257,0.7808,0.7913,0.7971,0.80208,0.81176,1.0e-6,1.0e-5,0.0,0.0,0.0,0.0,0.0,0.0,0.796807,0.00807,0.000257,0.7808,0.7913,0.7971,0.80208,0.81176,0.211153,0.07965,0.002519,0.1883,0.198,0.2029,0.2091,0.2211,1.0e-6,1.0e-5,0.0,0.0,0.0,0.0,0.0,0.0,0.788846,0.07965,0.002519,0.7789,0.7909,0.7971,0.802,0.8117,1.0e-6,1.0e-5,0.0,0.0,0.0,0.0,0.0,0.0,0.788847,0.07965,0.002519,0.7789,0.7909,0.7971,0.802,0.8117
81.5,0.203193,0.00807,0.000257,0.18824,0.19792,0.2029,0.2087,0.2192,1.0e-6,1.0e-5,0.0,0.0,0.0,0.0,0.0,0.0,0.796807,0.00807,0.000257,0.7808,0.7913,0.7971,0.80208,0.81176,1.0e-6,1.0e-5,0.0,0.0,0.0,0.0,0.0,0.0,0.796807,0.00807,0.000257,0.7808,0.7913,0.7971,0.80208,0.81176,0.211153,0.07965,0.002519,0.1883,0.198,0.2029,0.2091,0.2211,1.0e-6,1.0e-5,0.0,0.0,0.0,0.0,0.0,0.0,0.788846,0.07965,0.002519,0.7789,0.7909,0.7971,0.802,0.8117,1.0e-6,1.0e-5,0.0,0.0,0.0,0.0,0.0,0.0,0.788847,0.07965,0.002519,0.7789,0.7909,0.7971,0.802,0.8117
82.0,0.203193,0.00807,0.000257,0.18824,0.19792,0.2029,0.2087,0.2192,1.0e-6,1.0e-5,0.0,0.0,0.0,0.0,0.0,0.0,0.796807,0.00807,0.000257,0.7808,0.7913,0.7971,0.80208,0.81176,1.0e-6,1.0e-5,0.0,0.0,0.0,0.0,0.0,0.0,0.796807,0.00807,0.000257,0.7808,0.7913,0.7971,0.80208,0.81176,0.211153,0.07965,0.002519,0.1883,0.198,0.2029,0.2091,0.2211,1.0e-6,1.0e-5,0.0,0.0,0.0,0.0,0.0,0.0,0.788846,0.07965,0.002519,0.7789,0.7909,0.7971,0.802,0.8117,1.0e-6,1.0e-5,0.0,0.0,0.0,0.0,0.0,0.0,0.788847,0.07965,0.002519,0.7789,0.7909,0.7971,0.802,0.8117
82.5,0.203193,0.00807,0.000257,0.18824,0.19792,0.2029,0.2087,0.2192,0.0,1.0e-5,0.0,0.0,0.0,0.0,0.0,0.0,0.796807,0.00807,0.000257,0.7808,0.7913,0.7971,0.80208,0.81176,0.0,1.0e-5,0.0,0.0,0.0,0.0,0.0,0.0,0.796807,0.00807,0.000257,0.7808,0.7913,0.7971,0.80208,0.81176,0.211153,0.07965,0.002519,0.1883,0.198,0.2029,0.2091,0.2211,0.0,1.0e-5,0.0,0.0,0.0,0.0,0.0,0.0,0.788846,0.07965,0.002519,0.7789,0.7909,0.7971,0.802,0.8117,0.0,1.0e-5,0.0,0.0,0.0,0.0,0.0,0.0,0.788847,0.07965,0.002519,0.7789,0.7909,0.7971,0.802,0.8117
83.0,0.203193,0.00807,0.000257,0.18824,0.19792,0.2029,0.2087,0.2192,0.0,1.0e-5,0.0,0.0,0.0,0.0,0.0,0.0,0.796807,0.00807,0.000257,0.7808,0.7913,0.7971,0.80208,0.81176,0.0,1.0e-5,0.0,0.0,0.0,0.0,0.0,0.0,0.796807,0.00807,0.000257,0.7808,0.7913,0.7971,0.80208,0.81176,0.211153,0.07965,0.002519,0.1883,0.198,0.2029,0.2091,0.2211,0.0,1.0e-5,0.0,0.0,0.0,0.0,0.0,0.0,0.788846,0.07965,0.002519,0.7789,0.7909,0.7971,0.802,0.8117,0.0,1.0e-5,0.0,0.0,0.0,0.0,0.0,0.0,0.788847,0.07965,0.002519,0.7789,0.7909,0.7971,0.802,0.8117
83.5,0.203193,0.00807,0.000257,0.18824,0.19792,0.2029,0.2087,0.2192,0.0,1.0e-5,0.0,0.0,0.0,0.0,0.0,0.0,0.796807,0.00807,0.000257,0.7808,0.7913,0.7971,0.80208,0.81176,0.0,1.0e-5,0.0,0.0,0.0,0.0,0.0,0.0,0.796807,0.00807,0.000257,0.7808,0.7913,0.7971,0.80208,0.81176,0.211153,0.07965,0.002519,0.1883,0.198,0.2029,0.2091,0.2211,0.0,1.0e-5,0.0,0.0,0.0,0.0,0.0,0.0,0.788847,0.07965,0.002519,0.7789,0.7909,0.7971,0.802,0.8117,0.0,1.0e-5,0.0,0.0,0.0,0.0,0.0,0.0,0.788847,0.07965,0.002519,0.7789,0.7909,0.7971,0.802,0.8117
84.0,0.203193,0.00807,0.000257,0.18824,0.19792,0.2029,0.2087,0.2192,0.0,1.0e-5,0.0,0.0,0.0,0.0,0.0,0.0,0.796807,0.00807,0.000257,0.7808,0.7913,0.7971,0.80208,0.81176,0.0,1.0e-5,0.0,0.0,0.0,0.0,0.0,0.0,0.796807,0.00807,0.000257,0.7808,0.7913,0.7971,0.80208,0.81176,0.211153,0.07965,0.002519,0.1883,0.198,0.2029,0.2091,0.2211,0.0,1.0e-5,0.0,0.0,0.0,0.0,0.0,0.0,0.788847,0.07965,0.002519,0.7789,0.7909,0.7971,0.802,0.8117,0.0,1.0e-5,0.0,0.0,0.0,0.0,0.0,0.0,0.788847,0.07965,0.002519,0.7789,0.7909,0.7971,0.802,0.8117
84.5,0.203193,0.00807,0.000257,0.18824,0.19792,0.2029,0.2087,0.2192,0.0,0.0,0.0,0.0,0.0,0.0,0.0,0.0,0.796807,0.00808,0.000257,0.7808,0.7913,0.7971,0.80208,0.81176,0.0,0.0,0.0,0.0,0.0,0.0,0.0,0.0,0.796807,0.00807,0.000257,0.7808,0.7913,0.7971,0.80208,0.81176,0.211153,0.07965,0.002519,0.1883,0.198,0.2029,0.2091,0.2211,0.0,0.0,0.0,0.0,0.0,0.0,0.0,0.0,0.788847,0.07965,0.002519,0.7789,0.7909,0.7971,0.802,0.8117,0.0,0.0,0.0,0.0,0.0,0.0,0.0,0.0,0.788847,0.07965,0.002519,0.7789,0.7909,0.7971,0.802,0.8117
85.0,0.203193,0.00807,0.000257,0.18824,0.19792,0.2029,0.2087,0.2192,0.0,0.0,0.0,0.0,0.0,0.0,0.0,0.0,0.796807,0.00808,0.000257,0.7808,0.7913,0.7971,0.80208,0.81176,0.0,0.0,0.0,0.0,0.0,0.0,0.0,0.0,0.796807,0.00807,0.000257,0.7808,0.7913,0.7971,0.80208,0.81176,0.211153,0.07965,0.002519,0.1883,0.198,0.2029,0.2091,0.2211,0.0,0.0,0.0,0.0,0.0,0.0,0.0,0.0,0.788847,0.07965,0.002519,0.7789,0.7909,0.7971,0.802,0.8117,0.0,0.0,0.0,0.0,0.0,0.0,0.0,0.0,0.788847,0.07965,0.002519,0.7789,0.7909,0.7971,0.802,0.8117
85.5,0.203193,0.00807,0.000257,0.18824,0.19792,0.2029,0.2087,0.2192,0.0,0.0,0.0,0.0,0.0,0.0,0.0,0.0,0.796807,0.00808,0.000257,0.7808,0.7913,0.7971,0.80208,0.81176,0.0,0.0,0.0,0.0,0.0,0.0,0.0,0.0,0.796807,0.00807,0.000257,0.7808,0.7913,0.7971,0.80208,0.81176,0.211153,0.07965,0.002519,0.1883,0.198,0.2029,0.2091,0.2211,0.0,0.0,0.0,0.0,0.0,0.0,0.0,0.0,0.788847,0.07965,0.002519,0.7789,0.7909,0.7971,0.802,0.8117,0.0,0.0,0.0,0.0,0.0,0.0,0.0,0.0,0.788847,0.07965,0.002519,0.7789,0.7909,0.7971,0.802,0.8117
86.0,0.203193,0.00807,0.000257,0.18824,0.19792,0.2029,0.2087,0.2192,0.0,0.0,0.0,0.0,0.0,0.0,0.0,0.0,0.796807,0.00808,0.000257,0.7808,0.7913,0.7971,0.80208,0.81176,0.0,0.0,0.0,0.0,0.0,0.0,0.0,0.0,0.796807,0.00807,0.000257,0.7808,0.7913,0.7971,0.80208,0.81176,0.211153,0.07965,0.002519,0.1883,0.198,0.2029,0.2091,0.2211,0.0,0.0,0.0,0.0,0.0,0.0,0.0,0.0,0.788847,0.07965,0.002519,0.7789,0.7909,0.7971,0.802,0.8117,0.0,0.0,0.0,0.0,0.0,0.0,0.0,0.0,0.788847,0.07965,0.002519,0.7789,0.7909,0.7971,0.802,0.8117
86.5,0.203193,0.00807,0.000257,0.18824,0.19792,0.2029,0.2087,0.2192,0.0,0.0,0.0,0.0,0.0,0.0,0.0,0.0,0.796807,0.00808,0.000257,0.7808,0.7913,0.7971,0.80208,0.81176,0.0,0.0,0.0,0.0,0.0,0.0,0.0,0.0,0.796807,0.00807,0.000257,0.7808,0.7913,0.7971,0.80208,0.81176,0.211153,0.07965,0.002519,0.1883,0.198,0.2029,0.2091,0.2211,0.0,0.0,0.0,0.0,0.0,0.0,0.0,0.0,0.788847,0.07965,0.002519,0.7789,0.7909,0.7971,0.802,0.8117,0.0,0.0,0.0,0.0,0.0,0.0,0.0,0.0,0.788847,0.07965,0.002519,0.7789,0.7909,0.7971,0.802,0.8117
87.0,0.203193,0.00807,0.000257,0.18824,0.19792,0.2029,0.2087,0.2192,0.0,0.0,0.0,0.0,0.0,0.0,0.0,0.0,0.796807,0.00808,0.000257,0.7808,0.7913,0.7971,0.80208,0.81176,0.0,0.0,0.0,0.0,0.0,0.0,0.0,0.0,0.796807,0.00807,0.000257,0.7808,0.7913,0.7971,0.80208,0.81176,0.211153,0.07965,0.002519,0.1883,0.198,0.2029,0.2091,0.2211,0.0,0.0,0.0,0.0,0.0,0.0,0.0,0.0,0.788847,0.07965,0.002519,0.7789,0.7909,0.7971,0.802,0.8117,0.0,0.0,0.0,0.0,0.0,0.0,0.0,0.0,0.788847,0.07965,0.002519,0.7789,0.7909,0.7971,0.802,0.8117
87.5,0.203193,0.00807,0.000257,0.18824,0.19792,0.2029,0.2087,0.2192,0.0,0.0,0.0,0.0,0.0,0.0,0.0,0.0,0.796807,0.00808,0.000257,0.7808,0.7913,0.7971,0.80208,0.81176,0.0,0.0,0.0,0.0,0.0,0.0,0.0,0.0,0.796807,0.00807,0.000257,0.7808,0.7913,0.7971,0.80208,0.81176,0.211153,0.07965,0.002519,0.1883,0.198,0.2029,0.2091,0.2211,0.0,0.0,0.0,0.0,0.0,0.0,0.0,0.0,0.788847,0.07965,0.002519,0.7789,0.7909,0.7971,0.802,0.8117,0.0,0.0,0.0,0.0,0.0,0.0,0.0,0.0,0.788847,0.07965,0.002519,0.7789,0.7909,0.7971,0.802,0.8117
88.0,0.203193,0.00807,0.000257,0.18824,0.19792,0.2029,0.2087,0.2192,0.0,0.0,0.0,0.0,0.0,0.0,0.0,0.0,0.796807,0.00808,0.000257,0.7808,0.7913,0.7971,0.80208,0.81176,0.0,0.0,0.0,0.0,0.0,0.0,0.0,0.0,0.796807,0.00807,0.000257,0.7808,0.7913,0.7971,0.80208,0.81176,0.211153,0.07965,0.002519,0.1883,0.198,0.2029,0.2091,0.2211,0.0,0.0,0.0,0.0,0.0,0.0,0.0,0.0,0.788847,0.07965,0.002519,0.7789,0.7909,0.7971,0.802,0.8117,0.0,0.0,0.0,0.0,0.0,0.0,0.0,0.0,0.788847,0.07965,0.002519,0.7789,0.7909,0.7971,0.802,0.8117
88.5,0.203193,0.00807,0.000257,0.18824,0.19792,0.2029,0.2087,0.2192,0.0,0.0,0.0,0.0,0.0,0.0,0.0,0.0,0.796807,0.00808,0.000257,0.7808,0.7913,0.7971,0.80208,0.81176,0.0,0.0,0.0,0.0,0.0,0.0,0.0,0.0,0.796807,0.00807,0.000257,0.7808,0.7913,0.7971,0.80208,0.81176,0.211153,0.07965,0.002519,0.1883,0.198,0.2029,0.2091,0.2211,0.0,0.0,0.0,0.0,0.0,0.0,0.0,0.0,0.788847,0.07965,0.002519,0.7789,0.7909,0.7971,0.802,0.8117,0.0,0.0,0.0,0.0,0.0,0.0,0.0,0.0,0.788847,0.07965,0.002519,0.7789,0.7909,0.7971,0.802,0.8117
89.0,0.203193,0.00807,0.000257,0.18824,0.19792,0.2029,0.2087,0.2192,0.0,0.0,0.0,0.0,0.0,0.0,0.0,0.0,0.796807,0.00808,0.000257,0.7808,0.7913,0.7971,0.80208,0.81176,0.0,0.0,0.0,0.0,0.0,0.0,0.0,0.0,0.796807,0.00807,0.000257,0.7808,0.7913,0.7971,0.80208,0.81176,0.211153,0.07965,0.002519,0.1883,0.198,0.2029,0.2091,0.2211,0.0,0.0,0.0,0.0,0.0,0.0,0.0,0.0,0.788847,0.07965,0.002519,0.7789,0.7909,0.7971,0.802,0.8117,0.0,0.0,0.0,0.0,0.0,0.0,0.0,0.0,0.788847,0.07965,0.002519,0.7789,0.7909,0.7971,0.802,0.8117
89.5,0.203193,0.00807,0.000257,0.18824,0.19792,0.2029,0.2087,0.2192,0.0,0.0,0.0,0.0,0.0,0.0,0.0,0.0,0.796807,0.00808,0.000257,0.7808,0.7913,0.7971,0.80208,0.81176,0.0,0.0,0.0,0.0,0.0,0.0,0.0,0.0,0.796807,0.00807,0.000257,0.7808,0.7913,0.7971,0.80208,0.81176,0.211153,0.07965,0.002519,0.1883,0.198,0.2029,0.2091,0.2211,0.0,0.0,0.0,0.0,0.0,0.0,0.0,0.0,0.788847,0.07965,0.002519,0.7789,0.7909,0.7971,0.802,0.8117,0.0,0.0,0.0,0.0,0.0,0.0,0.0,0.0,0.788847,0.07965,0.002519,0.7789,0.7909,0.7971,0.802,0.8117
90.0,0.203193,0.00807,0.000257,0.18824,0.19792,0.2029,0.2087,0.2192,0.0,0.0,0.0,0.0,0.0,0.0,0.0,0.0,0.796807,0.00808,0.000257,0.7808,0.7913,0.7971,0.80208,0.81176,0.0,0.0,0.0,0.0,0.0,0.0,0.0,0.0,0.796807,0.00807,0.000257,0.7808,0.7913,0.7971,0.80208,0.81176,0.211153,0.07965,0.002519,0.1883,0.198,0.2029,0.2091,0.2211,0.0,0.0,0.0,0.0,0.0,0.0,0.0,0.0,0.788847,0.07965,0.002519,0.7789,0.7909,0.7971,0.802,0.8117,0.0,0.0,0.0,0.0,0.0,0.0,0.0,0.0,0.788847,0.07965,0.002519,0.7789,0.7909,0.7971,0.802,0.8117
90.5,0.203193,0.00807,0.000257,0.18824,0.19792,0.2029,0.2087,0.2192,0.0,0.0,0.0,0.0,0.0,0.0,0.0,0.0,0.796807,0.00808,0.000257,0.7808,0.7913,0.7971,0.80208,0.81176,0.0,0.0,0.0,0.0,0.0,0.0,0.0,0.0,0.796807,0.00807,0.000257,0.7808,0.7913,0.7971,0.80208,0.81176,0.211153,0.07965,0.002519,0.1883,0.198,0.2029,0.2091,0.2211,0.0,0.0,0.0,0.0,0.0,0.0,0.0,0.0,0.788847,0.07965,0.002519,0.7789,0.7909,0.7971,0.802,0.8117,0.0,0.0,0.0,0.0,0.0,0.0,0.0,0.0,0.788847,0.07965,0.002519,0.7789,0.7909,0.7971,0.802,0.8117
91.0,0.203193,0.00807,0.000257,0.18824,0.19792,0.2029,0.2087,0.2192,0.0,0.0,0.0,0.0,0.0,0.0,0.0,0.0,0.796807,0.00808,0.000257,0.7808,0.7913,0.7971,0.80208,0.81176,0.0,0.0,0.0,0.0,0.0,0.0,0.0,0.0,0.796807,0.00807,0.000257,0.7808,0.7913,0.7971,0.80208,0.81176,0.211153,0.07965,0.002519,0.1883,0.198,0.2029,0.2091,0.2211,0.0,0.0,0.0,0.0,0.0,0.0,0.0,0.0,0.788847,0.07965,0.002519,0.7789,0.7909,0.7971,0.802,0.8117,0.0,0.0,0.0,0.0,0.0,0.0,0.0,0.0,0.788847,0.07965,0.002519,0.7789,0.7909,0.7971,0.802,0.8117
91.5,0.203193,0.00807,0.000257,0.18824,0.19792,0.2029,0.2087,0.2192,0.0,0.0,0.0,0.0,0.0,0.0,0.0,0.0,0.796807,0.00808,0.000257,0.7808,0.7913,0.7971,0.80208,0.81176,0.0,0.0,0.0,0.0,0.0,0.0,0.0,0.0,0.796807,0.00807,0.000257,0.7808,0.7913,0.7971,0.80208,0.81176,0.211153,0.07965,0.002519,0.1883,0.198,0.2029,0.2091,0.2211,0.0,0.0,0.0,0.0,0.0,0.0,0.0,0.0,0.788847,0.07965,0.002519,0.7789,0.7909,0.7971,0.802,0.8117,0.0,0.0,0.0,0.0,0.0,0.0,0.0,0.0,0.788847,0.07965,0.002519,0.7789,0.7909,0.7971,0.802,0.8117
92.0,0.203193,0.00807,0.000257,0.18824,0.19792,0.2029,0.2087,0.2192,0.0,0.0,0.0,0.0,0.0,0.0,0.0,0.0,0.796807,0.00808,0.000257,0.7808,0.7913,0.7971,0.80208,0.81176,0.0,0.0,0.0,0.0,0.0,0.0,0.0,0.0,0.796807,0.00807,0.000257,0.7808,0.7913,0.7971,0.80208,0.81176,0.211153,0.07965,0.002519,0.1883,0.198,0.2029,0.2091,0.2211,0.0,0.0,0.0,0.0,0.0,0.0,0.0,0.0,0.788847,0.07965,0.002519,0.7789,0.7909,0.7971,0.802,0.8117,0.0,0.0,0.0,0.0,0.0,0.0,0.0,0.0,0.788847,0.07965,0.002519,0.7789,0.7909,0.7971,0.802,0.8117
92.5,0.203193,0.00807,0.000257,0.18824,0.19792,0.2029,0.2087,0.2192,0.0,0.0,0.0,0.0,0.0,0.0,0.0,0.0,0.796807,0.00808,0.000257,0.7808,0.7913,0.7971,0.80208,0.81176,0.0,0.0,0.0,0.0,0.0,0.0,0.0,0.0,0.796807,0.00807,0.000257,0.7808,0.7913,0.7971,0.80208,0.81176,0.211153,0.07965,0.002519,0.1883,0.198,0.2029,0.2091,0.2211,0.0,0.0,0.0,0.0,0.0,0.0,0.0,0.0,0.788847,0.07965,0.002519,0.7789,0.7909,0.7971,0.802,0.8117,0.0,0.0,0.0,0.0,0.0,0.0,0.0,0.0,0.788847,0.07965,0.002519,0.7789,0.7909,0.7971,0.802,0.8117
93.0,0.203193,0.00807,0.000257,0.18824,0.19792,0.2029,0.2087,0.2192,0.0,0.0,0.0,0.0,0.0,0.0,0.0,0.0,0.796807,0.00808,0.000257,0.7808,0.7913,0.7971,0.80208,0.81176,0.0,0.0,0.0,0.0,0.0,0.0,0.0,0.0,0.796807,0.00807,0.000257,0.7808,0.7913,0.7971,0.80208,0.81176,0.211153,0.07965,0.002519,0.1883,0.198,0.2029,0.2091,0.2211,0.0,0.0,0.0,0.0,0.0,0.0,0.0,0.0,0.788847,0.07965,0.002519,0.7789,0.7909,0.7971,0.802,0.8117,0.0,0.0,0.0,0.0,0.0,0.0,0.0,0.0,0.788847,0.07965,0.002519,0.7789,0.7909,0.7971,0.802,0.8117
93.5,0.203193,0.00807,0.000257,0.18824,0.19792,0.2029,0.2087,0.2192,0.0,0.0,0.0,0.0,0.0,0.0,0.0,0.0,0.796807,0.00808,0.000257,0.7808,0.7913,0.7971,0.80208,0.81176,0.0,0.0,0.0,0.0,0.0,0.0,0.0,0.0,0.796807,0.00807,0.000257,0.7808,0.7913,0.7971,0.80208,0.81176,0.211153,0.07965,0.002519,0.1883,0.198,0.2029,0.2091,0.2211,0.0,0.0,0.0,0.0,0.0,0.0,0.0,0.0,0.788847,0.07965,0.002519,0.7789,0.7909,0.7971,0.802,0.8117,0.0,0.0,0.0,0.0,0.0,0.0,0.0,0.0,0.788847,0.07965,0.002519,0.7789,0.7909,0.7971,0.802,0.8117
94.0,0.203193,0.00807,0.000257,0.18824,0.19792,0.2029,0.2087,0.2192,0.0,0.0,0.0,0.0,0.0,0.0,0.0,0.0,0.796807,0.00808,0.000257,0.7808,0.7913,0.7971,0.80208,0.81176,0.0,0.0,0.0,0.0,0.0,0.0,0.0,0.0,0.796807,0.00807,0.000257,0.7808,0.7913,0.7971,0.80208,0.81176,0.211153,0.07965,0.002519,0.1883,0.198,0.2029,0.2091,0.2211,0.0,0.0,0.0,0.0,0.0,0.0,0.0,0.0,0.788847,0.07965,0.002519,0.7789,0.7909,0.7971,0.802,0.8117,0.0,0.0,0.0,0.0,0.0,0.0,0.0,0.0,0.788847,0.07965,0.002519,0.7789,0.7909,0.7971,0.802,0.8117
94.5,0.203193,0.00807,0.000257,0.18824,0.19792,0.2029,0.2087,0.2192,0.0,0.0,0.0,0.0,0.0,0.0,0.0,0.0,0.796807,0.00808,0.000257,0.7808,0.7913,0.7971,0.80208,0.81176,0.0,0.0,0.0,0.0,0.0,0.0,0.0,0.0,0.796807,0.00807,0.000257,0.7808,0.7913,0.7971,0.80208,0.81176,0.211153,0.07965,0.002519,0.1883,0.198,0.2029,0.2091,0.2211,0.0,0.0,0.0,0.0,0.0,0.0,0.0,0.0,0.788847,0.07965,0.002519,0.7789,0.7909,0.7971,0.802,0.8117,0.0,0.0,0.0,0.0,0.0,0.0,0.0,0.0,0.788847,0.07965,0.002519,0.7789,0.7909,0.7971,0.802,0.8117
95.0,0.203193,0.00807,0.000257,0.18824,0.19792,0.2029,0.2087,0.2192,0.0,0.0,0.0,0.0,0.0,0.0,0.0,0.0,0.796807,0.00808,0.000257,0.7808,0.7913,0.7971,0.80208,0.81176,0.0,0.0,0.0,0.0,0.0,0.0,0.0,0.0,0.796807,0.00807,0.000257,0.7808,0.7913,0.7971,0.80208,0.81176,0.211153,0.07965,0.002519,0.1883,0.198,0.2029,0.2091,0.2211,0.0,0.0,0.0,0.0,0.0,0.0,0.0,0.0,0.788847,0.07965,0.002519,0.7789,0.7909,0.7971,0.802,0.8117,0.0,0.0,0.0,0.0,0.0,0.0,0.0,0.0,0.788847,0.07965,0.002519,0.7789,0.7909,0.7971,0.802,0.8117
95.5,0.203193,0.00807,0.000257,0.18824,0.19792,0.2029,0.2087,0.2192,0.0,0.0,0.0,0.0,0.0,0.0,0.0,0.0,0.796807,0.00808,0.000257,0.7808,0.7913,0.7971,0.80208,0.81176,0.0,0.0,0.0,0.0,0.0,0.0,0.0,0.0,0.796807,0.00807,0.000257,0.7808,0.7913,0.7971,0.80208,0.81176,0.211153,0.07965,0.002519,0.1883,0.198,0.2029,0.2091,0.2211,0.0,0.0,0.0,0.0,0.0,0.0,0.0,0.0,0.788847,0.07965,0.002519,0.7789,0.7909,0.7971,0.802,0.8117,0.0,0.0,0.0,0.0,0.0,0.0,0.0,0.0,0.788847,0.07965,0.002519,0.7789,0.7909,0.7971,0.802,0.8117
96.0,0.203193,0.00807,0.000257,0.18824,0.19792,0.2029,0.2087,0.2192,0.0,0.0,0.0,0.0,0.0,0.0,0.0,0.0,0.796807,0.00808,0.000257,0.7808,0.7913,0.7971,0.80208,0.81176,0.0,0.0,0.0,0.0,0.0,0.0,0.0,0.0,0.796807,0.00807,0.000257,0.7808,0.7913,0.7971,0.80208,0.81176,0.211153,0.07965,0.002519,0.1883,0.198,0.2029,0.2091,0.2211,0.0,0.0,0.0,0.0,0.0,0.0,0.0,0.0,0.788847,0.07965,0.002519,0.7789,0.7909,0.7971,0.802,0.8117,0.0,0.0,0.0,0.0,0.0,0.0,0.0,0.0,0.788847,0.07965,0.002519,0.7789,0.7909,0.7971,0.802,0.8117
96.5,0.203193,0.00807,0.000257,0.18824,0.19792,0.2029,0.2087,0.2192,0.0,0.0,0.0,0.0,0.0,0.0,0.0,0.0,0.796807,0.00808,0.000257,0.7808,0.7913,0.7971,0.80208,0.81176,0.0,0.0,0.0,0.0,0.0,0.0,0.0,0.0,0.796807,0.00807,0.000257,0.7808,0.7913,0.7971,0.80208,0.81176,0.211153,0.07965,0.002519,0.1883,0.198,0.2029,0.2091,0.2211,0.0,0.0,0.0,0.0,0.0,0.0,0.0,0.0,0.788847,0.07965,0.002519,0.7789,0.7909,0.7971,0.802,0.8117,0.0,0.0,0.0,0.0,0.0,0.0,0.0,0.0,0.788847,0.07965,0.002519,0.7789,0.7909,0.7971,0.802,0.8117
97.0,0.203193,0.00807,0.000257,0.18824,0.19792,0.2029,0.2087,0.2192,0.0,0.0,0.0,0.0,0.0,0.0,0.0,0.0,0.796807,0.00808,0.000257,0.7808,0.7913,0.7971,0.80208,0.81176,0.0,0.0,0.0,0.0,0.0,0.0,0.0,0.0,0.796807,0.00807,0.000257,0.7808,0.7913,0.7971,0.80208,0.81176,0.211153,0.07965,0.002519,0.1883,0.198,0.2029,0.2091,0.2211,0.0,0.0,0.0,0.0,0.0,0.0,0.0,0.0,0.788847,0.07965,0.002519,0.7789,0.7909,0.7971,0.802,0.8117,0.0,0.0,0.0,0.0,0.0,0.0,0.0,0.0,0.788847,0.07965,0.002519,0.7789,0.7909,0.7971,0.802,0.8117
97.5,0.203193,0.00807,0.000257,0.18824,0.19792,0.2029,0.2087,0.2192,0.0,0.0,0.0,0.0,0.0,0.0,0.0,0.0,0.796807,0.00808,0.000257,0.7808,0.7913,0.7971,0.80208,0.81176,0.0,0.0,0.0,0.0,0.0,0.0,0.0,0.0,0.796807,0.00807,0.000257,0.7808,0.7913,0.7971,0.80208,0.81176,0.211153,0.07965,0.002519,0.1883,0.198,0.2029,0.2091,0.2211,0.0,0.0,0.0,0.0,0.0,0.0,0.0,0.0,0.788847,0.07965,0.002519,0.7789,0.7909,0.7971,0.802,0.8117,0.0,0.0,0.0,0.0,0.0,0.0,0.0,0.0,0.788847,0.07965,0.002519,0.7789,0.7909,0.7971,0.802,0.8117
98.0,0.203193,0.00807,0.000257,0.18824,0.19792,0.2029,0.2087,0.2192,0.0,0.0,0.0,0.0,0.0,0.0,0.0,0.0,0.796807,0.00808,0.000257,0.7808,0.7913,0.7971,0.80208,0.81176,0.0,0.0,0.0,0.0,0.0,0.0,0.0,0.0,0.796807,0.00807,0.000257,0.7808,0.7913,0.7971,0.80208,0.81176,0.211153,0.07965,0.002519,0.1883,0.198,0.2029,0.2091,0.2211,0.0,0.0,0.0,0.0,0.0,0.0,0.0,0.0,0.788847,0.07965,0.002519,0.7789,0.7909,0.7971,0.802,0.8117,0.0,0.0,0.0,0.0,0.0,0.0,0.0,0.0,0.788847,0.07965,0.002519,0.7789,0.7909,0.7971,0.802,0.8117
98.5,0.203193,0.00807,0.000257,0.18824,0.19792,0.2029,0.2087,0.2192,0.0,0.0,0.0,0.0,0.0,0.0,0.0,0.0,0.796807,0.00808,0.000257,0.7808,0.7913,0.7971,0.80208,0.81176,0.0,0.0,0.0,0.0,0.0,0.0,0.0,0.0,0.796807,0.00807,0.000257,0.7808,0.7913,0.7971,0.80208,0.81176,0.211153,0.07965,0.002519,0.1883,0.198,0.2029,0.2091,0.2211,0.0,0.0,0.0,0.0,0.0,0.0,0.0,0.0,0.788847,0.07965,0.002519,0.7789,0.7909,0.7971,0.802,0.8117,0.0,0.0,0.0,0.0,0.0,0.0,0.0,0.0,0.788847,0.07965,0.002519,0.7789,0.7909,0.7971,0.802,0.8117
99.0,0.203193,0.00807,0.000257,0.18824,0.19792,0.2029,0.2087,0.2192,0.0,0.0,0.0,0.0,0.0,0.0,0.0,0.0,0.796807,0.00808,0.000257,0.7808,0.7913,0.7971,0.80208,0.81176,0.0,0.0,0.0,0.0,0.0,0.0,0.0,0.0,0.796807,0.00807,0.000257,0.7808,0.7913,0.7971,0.80208,0.81176,0.211153,0.07965,0.002519,0.1883,0.198,0.2029,0.2091,0.2211,0.0,0.0,0.0,0.0,0.0,0.0,0.0,0.0,0.788847,0.07965,0.002519,0.7789,0.7909,0.7971,0.802,0.8117,0.0,0.0,0.0,0.0,0.0,0.0,0.0,0.0,0.788847,0.07965,0.002519,0.7789,0.7909,0.7971,0.802,0.8117
99.5,0.203193,0.00807,0.000257,0.18824,0.19792,0.2029,0.2087,0.2192,0.0,0.0,0.0,0.0,0.0,0.0,0.0,0.0,0.796807,0.00807,0.000257,0.7808,0.7913,0.7971,0.80208,0.81176,0.0,0.0,0.0,0.0,0.0,0.0,0.0,0.0,0.796807,0.00807,0.000257,0.7808,0.7913,0.7971,0.80208,0.81176,0.211153,0.07965,0.002519,0.1883,0.198,0.2029,0.2091,0.2211,0.0,0.0,0.0,0.0,0.0,0.0,0.0,0.0,0.788847,0.07965,0.002519,0.7789,0.7909,0.7971,0.802,0.8117,0.0,0.0,0.0,0.0,0.0,0.0,0.0,0.0,0.788847,0.07965,0.002519,0.7789,0.7909,0.7971,0.802,0.8117
100.0,0.203193,0.00807,0.000257,0.18824,0.19792,0.2029,0.2087,0.2192,0.0,0.0,0.0,0.0,0.0,0.0,0.0,0.0,0.796807,0.00807,0.000257,0.7808,0.7913,0.7971,0.80208,0.81176,0.0,0.0,0.0,0.0,0.0,0.0,0.0,0.0,0.796807,0.00807,0.000257,0.7808,0.7913,0.7971,0.80208,0.81176,0.211153,0.07965,0.002519,0.1883,0.198,0.2029,0.2091,0.2211,0.0,0.0,0.0,0.0,0.0,0.0,0.0,0.0,0.788847,0.07965,0.002519,0.7789,0.7909,0.7971,0.802,0.8117,0.0,0.0,0.0,0.0,0.0,0.0,0.0,0.0,0.788847,0.07965,0.002519,0.7789,0.7909,0.7971,0.802,0.8117
