t,cond.S.mean,cond.S.sd,cond.S.se,cond.S.q025,cond.S.q25,cond.S.q50,cond.S.q75,cond.S.q975,cond.I.mean,cond.I.sd,cond.I.se,cond.I.q025,cond.I.q25,cond.I.q50,cond.I.q75,cond.I.q975,cond.R.mean,cond.R.sd,cond.R.se,cond.R.q025,cond.R.q25,cond.R.q50,cond.R.q75,cond.R.q975,cond.infectious.mean,cond.infectious.sd,cond.infectious.se,cond.infectious.q025,cond.infectious.q25,cond.infectious.q50,cond.infectious.q75,cond.infectious.q975,cond.cumulative.mean,cond.cumulative.sd,cond.cumulative.se,cond.cumulative.q025,cond.cumulative.q25,cond.cumulative.q50,cond.cumulative.q75,cond.cumulative.q975,uncond.S.mean,uncond.S.sd,uncond.S.se,uncond.S.q025,uncond.S.q25,uncond.S.q50,uncond.S.q75,uncond.S.q975,uncond.I.mean,uncond.I.sd,uncond.I.se,uncond.I.q025,uncond.I.q25,uncond.I.q50,uncond.I.q75,uncond.I.q975,uncond.R.mean,uncond.R.sd,uncond.R.se,uncond.R.q025,uncond.R.q25,uncond.R.q50,uncond.R.q75,uncond.R.q975,uncond.infectious.mean,uncond.infectious.sd,uncond.infectious.se,uncond.infectious.q025,uncond.infectious.q25,uncond.infectious.q50,uncond.infectious.q75,uncond.infectious.q975,uncond.cumulative.mean,uncond.cumulative.sd,uncond.cumulative.se,uncond.cumulative.q025,uncond.cumulative.q25,uncond.cumulative.q50,uncond.cumulative.q75,uncond.cumulative.q975
0.0,0.9999,0.0,0.0,0.9999,0.9999,0.9999,0.9999,0.9999,0.0001,0.0,0.0,0.0001,0.0001,0.0001,0.0001,0.0001,0.0,0.0,0.0,0.0,0.0,0.0,0.0,0.0,0.0001,0.0,0.0,0.0001,0.0001,0.0001,0.0001,0.0001,0.0001,0.0,0.0,0.0001,0.0001,0.0001,0.0001,0.0001,0.9999,0.0,0.0,0.9999,0.9999,0.9999,0.9999,0.9999,0.0001,0.0,0.0,0.0001,0.0001,0.0001,0.0001,0.0001,0.0,0.0,0.0,0.0,0.0,0.0,0.0,0.0,0.0001,0.0,0.0,0.0001,0.0001,0.0001,0.0001,0.0001,0.0001,0.0,0.0,0.0001,0.0001,0.0001,0.0001,0.0001
0.5,0.999833,0.0001,3.0e-6,0.9996,0.9998,0.9999,0.9999,0.9999,0.000162,0.0001,3.0e-6,0.0001,0.0001,0.0001,0.0002,0.0004,5.0e-6,2.0e-5,1.0e-6,0.0,0.0,0.0,0.0,0.0001,0.000162,0.0001,3.0e-6,0.0001,0.0001,0.0001,0.0002,0.0004,0.000167,0.0001,3.0e-6,0.0001,0.0001,0.0001,0.0002,0.0004,0.999853,9.0e-5,2.0e-6,0.9996,0.9998,0.9999,0.9999,0.9999,0.000132,9.0e-5,2.0e-6,0.0,0.0001,0.0001,0.0002,0.0004,1.4e-5,4.0e-5,1.0e-6,0.0,0.0,0.0,0.0,0.0001,0.000132,9.0e-5,2.0e-6,0.0,0.0001,0.0001,0.0002,0.0004,0.000146,9.0e-5,2.0e-6,0.0001,0.0001,0.0001,0.0002,0.0004
1.0,0.99975,0.00018,5.0e-6,0.9993,0.9997,0.9998,0.9999,0.9999,0.00023,0.00017,5.0e-6,0.0001,0.0001,0.0002,0.0003,0.0007,2.0e-5,5.0e-5,1.0e-6,0.0,0.0,0.0,0.0,0.00012,0.00023,0.00017,5.0e-6,0.0001,0.0001,0.0002,0.0003,0.0007,0.00025,0.00018,5.0e-6,0.0001,0.0001,0.0002,0.0003,0.0007,0.999799,0.00016,4.0e-6,0.9994,0.9998,0.9999,0.9999,0.9999,0.000168,0.00016,4.0e-6,0.0,0.0001,0.0001,0.0002,0.0006,3.3e-5,5.0e-5,1.0e-6,0.0,0.0,0.0,0.0001,0.0002,0.000168,0.00016,4.0e-6,0.0,0.0001,0.0001,0.0002,0.0006,0.000201,0.00016,4.0e-6,0.0001,0.0001,0.0001,0.0002,0.0006
1.5,0.999636,0.00029,8.0e-6,0.9988,0.9995,0.9997,0.9998,0.9999,0.000315,0.00025,7.0e-6,0.0001,0.0001,0.0002,0.0004,0.001,4.9e-5,8.0e-5,2.0e-6,0.0,0.0,0.0,0.0001,0.0002,0.000315,0.00025,7.0e-6,0.0001,0.0001,0.0002,0.0004,0.001,0.000364,0.00029,8.0e-6,0.0001,0.0002,0.0003,0.0005,0.0012,0.999728,0.00025,6.0e-6,0.999,0.9997,0.9998,0.9999,0.9999,0.000215,0.00023,5.0e-6,0.0,0.0001,0.0001,0.0003,0.0009,5.7e-5,7.0e-5,2.0e-6,0.0,0.0,0.0,0.0001,0.0002,0.000215,0.00023,5.0e-6,0.0,0.0001,0.0001,0.0003,0.0009,0.000272,0.00025,6.0e-6,0.0001,0.0001,0.0002,0.0003,0.001
2.0,0.999496,0.00043,1.2e-5,0.9984,0.9994,0.9996,0.9998,0.9999,0.000416,0.00036,1.0e-5,0.0001,0.0002,0.0003,0.0005,0.0014,8.8e-5,0.00012,3.0e-6,0.0,0.0,0.0001,0.0001,0.0004,0.000416,0.00036,1.0e-5,0.0001,0.0002,0.0003,0.0005,0.0014,0.000504,0.00043,1.2e-5,0.0001,0.0002,0.0004,0.0006,0.0016,0.999641,0.00038,8.0e-6,0.9986,0.9995,0.9998,0.9999,0.9999,0.000271,0.00033,7.0e-6,0.0,0.0001,0.0002,0.0004,0.0012,8.8e-5,0.0001,2.0e-6,0.0,0.0,0.0001,0.0001,0.0003,0.000271,0.00033,7.0e-6,0.0,0.0001,0.0002,0.0004,0.0012,0.000359,0.00038,8.0e-6,0.0001,0.0001,0.0002,0.0005,0.0014
2.5,0.999321,0.00059,1.7e-5,0.9978,0.9991,0.9995,0.9997,0.9999,0.000539,0.00049,1.4e-5,0.0001,0.0002,0.0004,0.0007,0.0018,0.00014,0.00016,5.0e-6,0.0,0.0,0.0001,0.0002,0.0006,0.000539,0.00049,1.4e-5,0.0001,0.0002,0.0004,0.0007,0.0018,0.000679,0.00059,1.7e-5,0.0001,0.0003,0.0005,0.0009,0.0022,0.999534,0.00053,1.2e-5,0.9981,0.9994,0.9997,0.9999,0.9999,0.000341,0.00045,1.0e-5,0.0,0.0,0.0002,0.0005,0.0016,0.000124,0.00013,3.0e-6,0.0,0.0,0.0001,0.0002,0.0005,0.000341,0.00045,1.0e-5,0.0,0.0,0.0002,0.0005,0.0016,0.000466,0.00053,1.2e-5,0.0001,0.0001,0.0003,0.0006,0.0019
3.0,0.999111,0.00079,2.3e-5,0.9969,0.9988,0.9994,0.9996,0.9999,0.000679,0.00063,1.8e-5,0.0001,0.0002,0.0005,0.0009,0.0023,0.00021,0.00022,6.0e-6,0.0,0.0,0.0002,0.0003,0.0008,0.000679,0.00063,1.8e-5,0.0001,0.0002,0.0005,0.0009,0.0023,0.000889,0.00079,2.3e-5,0.0001,0.0004,0.0006,0.0012,0.0031,0.999407,0.00071,1.6e-5,0.9975,0.9992,0.9997,0.9999,0.9999,0.000422,0.00058,1.3e-5,0.0,0.0,0.0002,0.0006,0.002,0.000171,0.00018,4.0e-6,0.0,0.0001,0.0001,0.0002,0.0007,0.000422,0.00058,1.3e-5,0.0,0.0,0.0002,0.0006,0.002,0.000593,0.00071,1.6e-5,0.0001,0.0001,0.0003,0.0008,0.0025
3.5,0.998848,0.00104,3.0e-5,0.9961,0.9985,0.9992,0.9996,0.9999,0.000847,0.0008,2.3e-5,0.0001,0.0003,0.0006,0.0012,0.0029,0.000305,0.00031,9.0e-6,0.0,0.0001,0.0002,0.0004,0.0011,0.000847,0.0008,2.3e-5,0.0001,0.0003,0.0006,0.0012,0.0029,0.001152,0.00104,3.0e-5,0.0001,0.0004,0.0008,0.0015,0.0039,0.999248,0.00094,2.1e-5,0.9967,0.999,0.9996,0.9999,0.9999,0.00052,0.00074,1.6e-5,0.0,0.0,0.0002,0.0007,0.0026,0.000231,0.00026,6.0e-6,0.0,0.0001,0.0001,0.0003,0.001,0.00052,0.00074,1.6e-5,0.0,0.0,0.0002,0.0007,0.0026,0.000752,0.00094,2.1e-5,0.0001,0.0001,0.0004,0.001,0.0033
4.0,0.998511,0.00136,4.0e-5,0.9949,0.998,0.9989,0.9995,0.9998,0.00107,0.00103,3.0e-5,0.0001,0.0003,0.0008,0.0014,0.0038,0.000419,0.00041,1.2e-5,0.0,0.0001,0.0003,0.0006,0.0016,0.00107,0.00103,3.0e-5,0.0001,0.0003,0.0008,0.0014,0.0038,0.001489,0.00136,4.0e-5,0.0002,0.0005,0.0011,0.002,0.0051,0.999046,0.00124,2.8e-5,0.9956,0.9987,0.9995,0.9999,0.9999,0.000651,0.00095,2.1e-5,0.0,0.0,0.0003,0.0009,0.0032,0.000303,0.00035,8.0e-6,0.0,0.0001,0.0002,0.0004,0.0013,0.000651,0.00095,2.1e-5,0.0,0.0,0.0003,0.0009,0.0032,0.000954,0.00124,2.8e-5,0.0001,0.0001,0.0005,0.0013,0.0044
4.5,0.9981,0.0018,5.2e-5,0.99338,0.9975,0.9987,0.9993,0.9998,0.001333,0.00133,3.8e-5,0.0001,0.0004,0.0009,0.0018,0.00472,0.000567,0.00054,1.6e-5,0.0,0.0002,0.0004,0.0008,0.00202,0.001333,0.00133,3.8e-5,0.0001,0.0004,0.0009,0.0018,0.00472,0.0019,0.0018,5.2e-5,0.0002,0.0007,0.0013,0.0025,0.00662,0.9988,0.00163,3.6e-5,0.9943,0.9984,0.9995,0.9999,0.9999,0.000805,0.00121,2.7e-5,0.0,0.0,0.0003,0.0011,0.0041,0.000395,0.00047,1.1e-5,0.0,0.0001,0.0002,0.0005,0.0018,0.000805,0.00121,2.7e-5,0.0,0.0,0.0003,0.0011,0.0041,0.0012,0.00163,3.6e-5,0.0001,0.0001,0.0005,0.0016,0.0057
5.0,0.997592,0.00232,6.7e-5,0.99158,0.9967,0.9983,0.9992,0.9998,0.001661,0.00169,4.9e-5,0.0001,0.0005,0.0011,0.0023,0.00592,0.000747,0.00071,2.1e-5,0.0,0.0003,0.0005,0.001,0.0026,0.001661,0.00169,4.9e-5,0.0001,0.0005,0.0011,0.0023,0.00592,0.002408,0.00232,6.7e-5,0.0002,0.0008,0.0017,0.0033,0.00842,0.998497,0.0021,4.7e-5,0.9928,0.998,0.9994,0.9999,0.9999,0.000998,0.00153,3.4e-5,0.0,0.0,0.0003,0.0014,0.005,0.000505,0.00063,1.4e-5,0.0,0.0001,0.0003,0.0007,0.0022,0.000998,0.00153,3.4e-5,0.0,0.0,0.0003,0.0014,0.005,0.001503,0.0021,4.7e-5,0.0001,0.0001,0.0006,0.002,0.0072
5.5,0.996968,0.00297,8.6e-5,0.9891,0.9958,0.9979,0.999,0.9998,0.002054,0.00212,6.1e-5,0.0001,0.0006,0.0014,0.0028,0.00762,0.000978,0.00093,2.7e-5,0.0,0.0003,0.0007,0.0013,0.0035,0.002054,0.00212,6.1e-5,0.0001,0.0006,0.0014,0.0028,0.00762,0.003032,0.00297,8.6e-5,0.0002,0.001,0.0021,0.0042,0.0109,0.998125,0.00269,6.0e-5,0.991,0.9975,0.9993,0.9999,0.9999,0.001231,0.00192,4.3e-5,0.0,0.0,0.0004,0.0017,0.0064,0.000644,0.00083,1.9e-5,0.0,0.0001,0.0003,0.0009,0.003,0.001231,0.00192,4.3e-5,0.0,0.0,0.0004,0.0017,0.0064,0.001875,0.00269,6.0e-5,0.0001,0.0001,0.0007,0.0025,0.009
6.0,0.996204,0.00378,0.00011,0.98625,0.9947,0.9974,0.99885,0.9997,0.00253,0.00265,7.7e-5,0.0001,0.00065,0.0017,0.00345,0.00943,0.001265,0.00122,3.5e-5,0.0001,0.0004,0.0009,0.0017,0.0043,0.00253,0.00265,7.7e-5,0.0001,0.00065,0.0017,0.00345,0.00943,0.003796,0.00378,0.00011,0.0003,0.00115,0.0026,0.0053,0.01375,0.997669,0.00342,7.6e-5,0.9885,0.9968,0.9992,0.9999,0.9999,0.001513,0.00239,5.3e-5,0.0,0.0,0.0004,0.0021,0.0081,0.000817,0.00109,2.4e-5,0.0001,0.0001,0.0004,0.0011,0.0037,0.001513,0.00239,5.3e-5,0.0,0.0,0.0004,0.0021,0.0081,0.00233,0.00342,7.6e-5,0.0001,0.0001,0.0008,0.0032,0.0115
6.5,0.995279,0.00477,0.000138,0.9824,0.99345,0.9968,0.9986,0.9997,0.003106,0.0033,9.6e-5,0.0001,0.0007,0.0021,0.00425,0.0119,0.001616,0.00155,4.5e-5,0.0001,0.0006,0.0011,0.0022,0.00545,0.003106,0.0033,9.6e-5,0.0001,0.0007,0.0021,0.00425,0.0119,0.004721,0.00477,0.000138,0.0003,0.0014,0.0032,0.00655,0.0176,0.997118,0.0043,9.6e-5,0.9853,0.9959,0.999,0.9999,0.9999,0.001855,0.00296,6.6e-5,0.0,0.0,0.0005,0.0026,0.0101,0.001027,0.0014,3.1e-5,0.0001,0.0001,0.0004,0.0014,0.0047,0.001855,0.00296,6.6e-5,0.0,0.0,0.0005,0.0026,0.0101,0.002882,0.0043,9.6e-5,0.0001,0.0001,0.001,0.0041,0.0147
7.0,0.994129,0.00598,0.000173,0.9784,0.9918,0.996,0.99835,0.9996,0.00383,0.00407,0.000118,0.0002,0.001,0.0026,0.0054,0.01453,0.002042,0.00199,5.8e-5,0.0001,0.0007,0.0014,0.0028,0.00732,0.00383,0.00407,0.000118,0.0002,0.001,0.0026,0.0054,0.01453,0.005871,0.00598,0.000173,0.0004,0.00165,0.004,0.0082,0.0216,0.996433,0.0054,0.000121,0.9814,0.995,0.9988,0.9999,0.9999,0.002285,0.00366,8.2e-5,0.0,0.0,0.0006,0.0032,0.0127,0.001282,0.00179,4.0e-5,0.0001,0.0001,0.0005,0.0017,0.0059,0.002285,0.00366,8.2e-5,0.0,0.0,0.0006,0.0032,0.0127,0.003567,0.0054,0.000121,0.0001,0.0001,0.0012,0.005,0.0186
7.5,0.99274,0.00744,0.000216,0.97378,0.9898,0.9951,0.9981,0.9996,0.00468,0.00498,0.000144,0.0002,0.0011,0.0031,0.0066,0.01755,0.002579,0.00255,7.4e-5,0.0001,0.0008,0.0018,0.0035,0.0093,0.00468,0.00498,0.000144,0.0002,0.0011,0.0031,0.0066,0.01755,0.00726,0.00744,0.000216,0.0004,0.0019,0.0049,0.0102,0.02622,0.995606,0.00671,0.00015,0.9767,0.9938,0.9986,0.9999,0.9999,0.002791,0.00447,0.0001,0.0,0.0,0.0007,0.004,0.01561,0.001603,0.0023,5.1e-5,0.0001,0.0001,0.0006,0.0022,0.0079,0.002791,0.00447,0.0001,0.0,0.0,0.0007,0.004,0.01561,0.004394,0.00671,0.00015,0.0001,0.0001,0.0014,0.0062,0.0233
8.0,0.991052,0.00921,0.000267,0.9668,0.9873,0.9939,0.9976,0.9995,0.005719,0.00608,0.000176,0.0002,0.0014,0.0038,0.0082,0.022,0.003229,0.00322,9.3e-5,0.0002,0.001,0.0022,0.00445,0.01175,0.005719,0.00608,0.000176,0.0002,0.0014,0.0038,0.0082,0.022,0.008948,0.00921,0.000267,0.0005,0.0024,0.0061,0.0127,0.0332,0.9946,0.00831,0.000186,0.9705,0.9923,0.9984,0.9999,0.9999,0.00341,0.00546,0.000122,0.0,0.0,0.0008,0.0048,0.01881,0.00199,0.0029,6.5e-5,0.0001,0.0001,0.0007,0.0028,0.01,0.00341,0.00546,0.000122,0.0,0.0,0.0008,0.0048,0.01881,0.0054,0.00831,0.000186,0.0001,0.0001,0.0016,0.0077,0.0295
8.5,0.988969,0.01134,0.000328,0.9592,0.98445,0.9925,0.9971,0.99942,0.007009,0.00739,0.000214,0.0002,0.00165,0.0047,0.01,0.02595,0.004022,0.00404,0.000117,0.0002,0.0012,0.0028,0.0056,0.01453,0.007009,0.00739,0.000214,0.0002,0.00165,0.0047,0.01,0.02595,0.011031,0.01134,0.000328,0.00058,0.0029,0.0075,0.01555,0.0408,0.993359,0.01024,0.000229,0.96369,0.99068,0.9981,0.9999,0.9999,0.004178,0.00666,0.000149,0.0,0.0,0.001,0.00582,0.02301,0.002463,0.00365,8.2e-5,0.0001,0.0001,0.0008,0.0035,0.01251,0.004178,0.00666,0.000149,0.0,0.0,0.001,0.00582,0.02301,0.006641,0.01024,0.000229,0.0001,0.0001,0.0019,0.00932,0.03631
9.0,0.98647,0.01391,0.000403,0.95025,0.98115,0.9908,0.9965,0.99932,0.008536,0.00896,0.00026,0.00028,0.002,0.0057,0.0121,0.0321,0.004995,0.00504,0.000146,0.00028,0.0014,0.0034,0.00695,0.01823,0.008536,0.00896,0.00026,0.00028,0.002,0.0057,0.0121,0.0321,0.01353,0.01391,0.000403,0.00068,0.0035,0.0092,0.01885,0.04975,0.991871,0.01257,0.000281,0.9551,0.9885,0.9978,0.9999,0.9999,0.005086,0.00809,0.000181,0.0,0.0,0.0011,0.00702,0.02801,0.003043,0.00455,0.000102,0.0001,0.0001,0.001,0.0044,0.0155,0.005086,0.00809,0.000181,0.0,0.0,0.0011,0.00702,0.02801,0.008129,0.01257,0.000281,0.0001,0.0001,0.0022,0.0115,0.0449
9.5,0.983438,0.01698,0.000492,0.93938,0.97655,0.9887,0.9958,0.9993,0.010398,0.01086,0.000315,0.0003,0.00245,0.0071,0.01485,0.03882,0.006164,0.00622,0.00018,0.0003,0.0017,0.0042,0.0086,0.0222,0.010398,0.01086,0.000315,0.0003,0.00245,0.0071,0.01485,0.03882,0.016562,0.01698,0.000492,0.0007,0.0042,0.0113,0.02345,0.06063,0.990065,0.01538,0.000344,0.94627,0.9858,0.9974,0.9999,0.9999,0.006195,0.00981,0.000219,0.0,0.0,0.0014,0.0089,0.034,0.00374,0.00563,0.000126,0.0001,0.0001,0.0012,0.0054,0.02,0.006195,0.00981,0.000219,0.0,0.0,0.0014,0.0089,0.034,0.009935,0.01538,0.000344,0.0001,0.0001,0.0026,0.0142,0.05373
10.0,0.979809,0.02057,0.000596,0.92667,0.9716,0.9863,0.99485,0.9991,0.012594,0.01302,0.000377,0.0003,0.003,0.0086,0.01805,0.04608,0.007597,0.00767,0.000222,0.0004,0.0021,0.0052,0.0106,0.02715,0.012594,0.01302,0.000377,0.0003,0.003,0.0086,0.01805,0.04608,0.020191,0.02057,0.000596,0.0009,0.00515,0.0137,0.0284,0.07332,0.987904,0.01867,0.000417,0.934,0.98248,0.997,0.9999,0.9999,0.007502,0.01179,0.000264,0.0,0.0,0.0015,0.01102,0.04081,0.004594,0.00695,0.000155,0.0001,0.0001,0.0014,0.0066,0.02471,0.007502,0.01179,0.000264,0.0,0.0,0.0015,0.01102,0.04081,0.012096,0.01867,0.000417,0.0001,0.0001,0.003,0.01753,0.06601
10.5,0.97542,0.02487,0.000721,0.911,0.96515,0.9833,0.9938,0.999,0.015246,0.01558,0.000452,0.0004,0.00355,0.0104,0.02175,0.05515,0.009334,0.00941,0.000273,0.0004,0.0025,0.0065,0.0132,0.0334,0.015246,0.01558,0.000452,0.0004,0.00355,0.0104,0.02175,0.05515,0.02458,0.02487,0.000721,0.001,0.0062,0.0167,0.03485,0.089,0.98529,0.02262,0.000506,0.91949,0.9784,0.99645,0.9999,0.9999,0.009081,0.01416,0.000317,0.0,0.0,0.0019,0.0133,0.04951,0.005629,0.00854,0.000191,0.0001,0.0001,0.0016,0.00812,0.0306,0.009081,0.01416,0.000317,0.0,0.0,0.0019,0.0133,0.04951,0.01471,0.02262,0.000506,0.0001,0.0001,0.00355,0.0216,0.08051
11.0,0.970182,0.02987,0.000865,0.89208,0.95745,0.9794,0.9926,0.9988,0.01837,0.01846,0.000535,0.0004,0.0043,0.0127,0.0267,0.06625,0.011448,0.01154,0.000334,0.0005,0.00305,0.0078,0.0162,0.04122,0.01837,0.01846,0.000535,0.0004,0.0043,0.0127,0.0267,0.06625,0.029818,0.02987,0.000865,0.0012,0.0074,0.0206,0.04255,0.10792,0.982171,0.02725,0.000609,0.90417,0.9736,0.9956,0.9999,0.9999,0.010941,0.01685,0.000377,0.0,0.0,0.0023,0.0162,0.0589,0.006888,0.01048,0.000234,0.0001,0.0001,0.0019,0.00993,0.03703,0.010941,0.01685,0.000377,0.0,0.0,0.0023,0.0162,0.0589,0.017829,0.02725,0.000609,0.0001,0.0001,0.0044,0.0264,0.09583
11.5,0.963958,0.03566,0.001033,0.87218,0.9479,0.9749,0.9911,0.9987,0.022095,0.0218,0.000632,0.0005,0.0053,0.0156,0.03225,0.07928,0.013947,0.01399,0.000405,0.0006,0.0037,0.0095,0.0195,0.05003,0.022095,0.0218,0.000632,0.0005,0.0053,0.0156,0.03225,0.07928,0.036042,0.03566,0.001033,0.0013,0.0089,0.0251,0.0521,0.12782,0.978464,0.03266,0.00073,0.88634,0.96768,0.9947,0.9999,0.9999,0.013159,0.02001,0.000448,0.0,0.0,0.003,0.0196,0.06972,0.008376,0.01274,0.000285,0.0001,0.0001,0.0022,0.01202,0.0458,0.013159,0.02001,0.000448,0.0,0.0,0.003,0.0196,0.06972,0.021536,0.03266,0.00073,0.0001,0.0001,0.0053,0.03233,0.11366
12.0,0.956634,0.04225,0.001224,0.84745,0.93725,0.9695,0.98905,0.9986,0.026409,0.02548,0.000738,0.0005,0.0066,0.0189,0.03895,0.09222,0.016957,0.01692,0.00049,0.0007,0.0043,0.0116,0.024,0.06055,0.026409,0.02548,0.000738,0.0005,0.0066,0.0189,0.03895,0.09222,0.043366,0.04225,0.001224,0.0014,0.01095,0.0305,0.06275,0.15255,0.974102,0.03888,0.000869,0.86408,0.9607,0.9936,0.9999,0.9999,0.015729,0.02355,0.000527,0.0,0.0,0.0036,0.02392,0.0823,0.010169,0.01543,0.000345,0.0001,0.0001,0.0026,0.015,0.0545,0.015729,0.02355,0.000527,0.0,0.0,0.0036,0.02392,0.0823,0.025898,0.03888,0.000869,0.0001,0.0001,0.0064,0.0393,0.13592
12.5,0.948025,0.04968,0.00144,0.82058,0.92375,0.9631,0.9866,0.9985,0.03142,0.02952,0.000855,0.00058,0.0081,0.023,0.047,0.1052,0.020555,0.02034,0.000589,0.00088,0.0053,0.0141,0.02935,0.07315,0.03142,0.02952,0.000855,0.00058,0.0081,0.023,0.047,0.1052,0.051975,0.04968,0.00144,0.0015,0.0134,0.0369,0.07625,0.17942,0.968976,0.046,0.001029,0.83959,0.9525,0.9923,0.9999,0.9999,0.018712,0.02751,0.000615,0.0,0.0,0.0046,0.0289,0.0964,0.012312,0.01861,0.000416,0.0001,0.0001,0.00315,0.0184,0.06504,0.018712,0.02751,0.000615,0.0,0.0,0.0046,0.0289,0.0964,0.031024,0.046,0.001029,0.0001,0.0001,0.0077,0.0475,0.16041
13.0,0.938034,0.05794,0.001679,0.79198,0.9086,0.9547,0.98375,0.99822,0.037129,0.03388,0.000982,0.0007,0.0097,0.0274,0.0557,0.12013,0.024837,0.02427,0.000703,0.00098,0.0064,0.0174,0.0358,0.0878,0.037129,0.03388,0.000982,0.0007,0.0097,0.0274,0.0557,0.12013,0.061966,0.05794,0.001679,0.00178,0.01625,0.0453,0.0914,0.20802,0.963026,0.05402,0.001208,0.8117,0.94308,0.99075,0.9999,0.9999,0.022112,0.03187,0.000713,0.0,0.0,0.0054,0.03472,0.11034,0.014862,0.0223,0.000499,0.0001,0.0001,0.00395,0.0222,0.07783,0.022112,0.03187,0.000713,0.0,0.0,0.0054,0.03472,0.11034,0.036974,0.05402,0.001208,0.0001,0.0001,0.00925,0.05692,0.1883
13.5,0.926563,0.06694,0.00194,0.7598,0.891,0.9453,0.9798,0.998,0.043573,0.03845,0.001114,0.0008,0.0119,0.0336,0.06645,0.13572,0.029864,0.02874,0.000833,0.00108,0.00775,0.0212,0.0433,0.1049,0.043573,0.03845,0.001114,0.0008,0.0119,0.0336,0.06645,0.13572,0.073437,0.06694,0.00194,0.002,0.0202,0.0547,0.109,0.2402,0.956195,0.06293,0.001407,0.78395,0.9314,0.98885,0.9999,0.9999,0.025949,0.03658,0.000818,0.0,0.0,0.00645,0.04125,0.1265,0.017857,0.02653,0.000593,0.0001,0.0001,0.0046,0.0273,0.09332,0.025949,0.03658,0.000818,0.0,0.0,0.00645,0.04125,0.1265,0.043805,0.06293,0.001407,0.0001,0.0001,0.01115,0.0686,0.21605
14.0,0.913412,0.0767,0.002223,0.7268,0.87025,0.9335,0.9756,0.99772,0.050856,0.04328,0.001254,0.001,0.0141,0.0404,0.0775,0.15225,0.035732,0.03376,0.000978,0.00128,0.00955,0.0256,0.05205,0.1225,0.050856,0.04328,0.001254,0.001,0.0141,0.0404,0.0775,0.15225,0.086588,0.0767,0.002223,0.00228,0.0244,0.0665,0.12975,0.2732,0.948363,0.07281,0.001628,0.75091,0.91778,0.9869,0.9999,0.9999,0.030286,0.04169,0.000932,0.0,0.0,0.0076,0.0498,0.14381,0.021351,0.03135,0.000701,0.0001,0.0001,0.00545,0.03283,0.10941,0.030286,0.04169,0.000932,0.0,0.0,0.0076,0.0498,0.14381,0.051637,0.07281,0.001628,0.0001,0.0001,0.0131,0.08222,0.24909
14.5,0.898511,0.08712,0.002524,0.69095,0.84665,0.9194,0.971,0.99742,0.058896,0.04815,0.001395,0.00108,0.01725,0.0485,0.0903,0.16895,0.042593,0.03938,0.001141,0.0013,0.0115,0.0314,0.06255,0.14173,0.058896,0.04815,0.001395,0.00108,0.01725,0.0485,0.0903,0.16895,0.101489,0.08712,0.002524,0.00258,0.029,0.0806,0.15335,0.30905,0.93949,0.08361,0.00187,0.71607,0.9016,0.9844,0.9999,0.9999,0.035074,0.04708,0.001053,0.0,0.0,0.0093,0.05932,0.15742,0.025437,0.03683,0.000824,0.0001,0.0001,0.00655,0.0399,0.12721,0.035074,0.04708,0.001053,0.0,0.0,0.0093,0.05932,0.15742,0.06051,0.08361,0.00187,0.0001,0.0001,0.0156,0.0984,0.28393
15.0,0.881852,0.098,0.00284,0.65538,0.82065,0.9034,0.96515,0.99712,0.067667,0.05296,0.001535,0.0013,0.02125,0.0576,0.105,0.18412,0.050481,0.04557,0.00132,0.0015,0.01425,0.0376,0.07435,0.16488,0.067667,0.05296,0.001535,0.0013,0.02125,0.0576,0.105,0.18412,0.118148,0.098,0.00284,0.00288,0.03485,0.0966,0.17935,0.34462,0.929569,0.09524,0.00213,0.67861,0.88268,0.9812,0.9999,0.9999,0.040297,0.05266,0.001178,0.0,0.0,0.011,0.07092,0.17216,0.030134,0.04296,0.000961,0.0001,0.0001,0.00785,0.04772,0.14662,0.040297,0.05266,0.001178,0.0,0.0,0.011,0.07092,0.17216,0.070431,0.09524,0.00213,0.0001,0.0001,0.0188,0.11732,0.32139
15.5,0.863431,0.10921,0.003164,0.6177,0.7913,0.8856,0.95735,0.99663,0.077039,0.05758,0.001668,0.0015,0.02595,0.0677,0.1202,0.1987,0.05953,0.05232,0.001516,0.0017,0.0173,0.0458,0.0883,0.187,0.077039,0.05758,0.001668,0.0015,0.02595,0.0677,0.1202,0.1987,0.136569,0.10921,0.003164,0.00338,0.04265,0.1144,0.2087,0.3823,0.918599,0.10762,0.002407,0.64146,0.86138,0.97705,0.9999,0.9999,0.045878,0.05834,0.001305,0.0,0.0,0.01375,0.08272,0.18528,0.035523,0.04979,0.001113,0.0001,0.0001,0.0092,0.05753,0.16961,0.045878,0.05834,0.001305,0.0,0.0,0.01375,0.08272,0.18528,0.0814,0.10762,0.002407,0.0001,0.0001,0.02295,0.13862,0.35855
16.0,0.843324,0.12044,0.00349,0.57775,0.7597,0.8636,0.94885,0.9961,0.086937,0.06177,0.00179,0.0019,0.0311,0.0802,0.13665,0.21072,0.06974,0.05956,0.001726,0.0019,0.0209,0.0554,0.10475,0.21162,0.086937,0.06177,0.00179,0.0019,0.0311,0.0802,0.13665,0.21072,0.156676,0.12044,0.00349,0.0039,0.05115,0.1364,0.2403,0.42225,0.906625,0.12057,0.002696,0.6069,0.83568,0.9718,0.9999,0.9999,0.051772,0.06398,0.001431,0.0,0.0,0.0169,0.09643,0.1999,0.041603,0.05725,0.00128,0.0001,0.0001,0.01125,0.06862,0.19491,0.051772,0.06398,0.001431,0.0,0.0,0.0169,0.09643,0.1999,0.093375,0.12057,0.002696,0.0001,0.0001,0.0282,0.16432,0.3931
16.5,0.821591,0.13154,0.003811,0.5431,0.72605,0.8395,0.93765,0.99532,0.097155,0.06544,0.001896,0.0023,0.03755,0.093,0.15135,0.2189,0.081254,0.06723,0.001948,0.00228,0.02485,0.0663,0.12295,0.23815,0.097155,0.06544,0.001896,0.0023,0.03755,0.093,0.15135,0.2189,0.178409,0.13154,0.003811,0.00468,0.06235,0.1605,0.27395,0.4569,0.893684,0.134,0.002996,0.56928,0.80742,0.96435,0.9999,0.9999,0.057857,0.06946,0.001553,0.0,0.0,0.02095,0.11142,0.2113,0.04846,0.06538,0.001462,0.0001,0.0001,0.01335,0.0815,0.21983,0.057857,0.06946,0.001553,0.0,0.0,0.02095,0.11142,0.2113,0.106316,0.134,0.002996,0.0001,0.0001,0.03565,0.19258,0.43072
17.0,0.798338,0.14222,0.004121,0.5094,0.6915,0.8134,0.92525,0.99453,0.107568,0.06833,0.00198,0.0026,0.04535,0.1074,0.1661,0.22538,0.094095,0.07537,0.002184,0.0025,0.0296,0.0786,0.14295,0.26602,0.107568,0.06833,0.00198,0.0026,0.04535,0.1074,0.1661,0.22538,0.201662,0.14222,0.004121,0.00548,0.07475,0.1866,0.3085,0.4906,0.879836,0.14773,0.003303,0.5374,0.77802,0.9576,0.9999,0.9999,0.064057,0.07462,0.001668,0.0,0.0,0.02535,0.1257,0.21901,0.056107,0.07421,0.001659,0.0001,0.0001,0.0159,0.0964,0.24702,0.064057,0.07462,0.001668,0.0,0.0,0.02535,0.1257,0.21901,0.120164,0.14773,0.003303,0.0001,0.0001,0.0424,0.22197,0.4626
17.5,0.773887,0.15238,0.004415,0.4772,0.6552,0.7838,0.91145,0.9936,0.117871,0.07054,0.002044,0.00318,0.0538,0.1231,0.18035,0.22932,0.108242,0.08374,0.002426,0.00298,0.0363,0.0933,0.1649,0.29495,0.117871,0.07054,0.002044,0.00318,0.0538,0.1231,0.18035,0.22932,0.226113,0.15238,0.004415,0.0064,0.08855,0.2162,0.3448,0.5228,0.865276,0.16163,0.003614,0.50217,0.7449,0.94875,0.9999,0.9999,0.070193,0.07944,0.001776,0.0,0.0,0.03095,0.14172,0.2245,0.064531,0.0836,0.001869,0.0001,0.0001,0.01965,0.1127,0.27469,0.070193,0.07944,0.001776,0.0,0.0,0.03095,0.14172,0.2245,0.134724,0.16163,0.003614,0.0001,0.0001,0.05125,0.2551,0.49783
18.0,0.748224,0.16176,0.004687,0.44712,0.61935,0.7506,0.89465,0.9927,0.128193,0.07203,0.002087,0.00403,0.0638,0.138,0.19265,0.23322,0.123583,0.09215,0.00267,0.00348,0.0433,0.11,0.18895,0.3215,0.128193,0.07203,0.002087,0.00403,0.0638,0.138,0.19265,0.23322,0.251776,0.16176,0.004687,0.0073,0.10535,0.2494,0.38065,0.55288,0.849993,0.17559,0.003926,0.47107,0.71008,0.93845,0.9999,0.9999,0.076339,0.08396,0.001877,0.0,0.0,0.03735,0.15708,0.22841,0.073667,0.09341,0.002089,0.0001,0.0001,0.0233,0.1312,0.30462,0.076339,0.08396,0.001877,0.0,0.0,0.03735,0.15708,0.22841,0.150007,0.17559,0.003926,0.0001,0.0001,0.06155,0.28992,0.52893
18.5,0.721864,0.17014,0.00493,0.4195,0.58295,0.7181,0.8748,0.99092,0.13794,0.07263,0.002105,0.00488,0.07495,0.1542,0.20265,0.23355,0.140196,0.1006,0.002915,0.00415,0.0517,0.1278,0.2129,0.35027,0.13794,0.07263,0.002105,0.00488,0.07495,0.1542,0.20265,0.23355,0.278136,0.17014,0.00493,0.00908,0.1252,0.2819,0.41705,0.5805,0.834296,0.18935,0.004234,0.44028,0.6757,0.92485,0.9999,0.9999,0.082144,0.0879,0.001965,0.0,0.0,0.04505,0.17102,0.2302,0.08356,0.10368,0.002318,0.0001,0.0001,0.0288,0.15155,0.3332,0.082144,0.0879,0.001965,0.0,0.0,0.04505,0.17102,0.2302,0.165704,0.18935,0.004234,0.0001,0.0001,0.07515,0.3243,0.55972
19.0,0.694746,0.17754,0.005144,0.39412,0.54735,0.6822,0.85075,0.98868,0.147247,0.07248,0.0021,0.0059,0.08865,0.1689,0.21135,0.23432,0.158006,0.10891,0.003156,0.00468,0.0613,0.1477,0.23865,0.37892,0.147247,0.07248,0.0021,0.0059,0.08865,0.1689,0.21135,0.23432,0.305254,0.17754,0.005144,0.01133,0.14925,0.3178,0.45265,0.60587,0.818147,0.20296,0.004538,0.41389,0.63885,0.91,0.9999,0.9999,0.087686,0.09139,0.002044,0.0,0.0,0.0543,0.18448,0.2319,0.094167,0.1143,0.002556,0.0001,0.0001,0.03505,0.17405,0.35795,0.087686,0.09139,0.002044,0.0,0.0,0.0543,0.18448,0.2319,0.181853,0.20296,0.004538,0.0001,0.0001,0.09,0.36115,0.58611
19.5,0.667337,0.18371,0.005323,0.3718,0.51365,0.6463,0.82605,0.98682,0.155768,0.07151,0.002072,0.0076,0.10155,0.182,0.2156,0.23562,0.176894,0.11697,0.003389,0.00573,0.07385,0.1696,0.2658,0.4063,0.155768,0.07151,0.002072,0.0076,0.10155,0.182,0.2156,0.23562,0.332663,0.18371,0.005323,0.01318,0.17395,0.3537,0.48635,0.6282,0.801825,0.21617,0.004834,0.38949,0.60248,0.89245,0.9999,0.9999,0.09276,0.0943,0.002109,0.0,0.0,0.0649,0.197,0.233,0.105414,0.12518,0.002799,0.0001,0.0001,0.04265,0.1986,0.38613,0.09276,0.0943,0.002109,0.0,0.0,0.0649,0.197,0.233,0.198175,0.21617,0.004834,0.0001,0.0001,0.10755,0.39752,0.61051
20.0,0.639904,0.18856,0.005464,0.3521,0.4825,0.611,0.79585,0.9843,0.163275,0.06967,0.002019,0.00885,0.1163,0.1941,0.21765,0.2356,0.196821,0.1248,0.003616,0.0065,0.08835,0.1924,0.2933,0.43453,0.163275,0.06967,0.002019,0.00885,0.1163,0.1941,0.21765,0.2356,0.360096,0.18856,0.005464,0.0157,0.20415,0.389,0.5175,0.6479,0.785489,0.22888,0.005118,0.36828,0.5687,0.87245,0.9999,0.9999,0.09723,0.09651,0.002158,0.0,0.0,0.0754,0.20432,0.2332,0.117281,0.13635,0.003049,0.0001,0.0001,0.05075,0.22395,0.41382,0.09723,0.09651,0.002158,0.0,0.0,0.0754,0.20432,0.2332,0.214511,0.22888,0.005118,0.0001,0.0001,0.12755,0.4313,0.63173
20.5,0.612636,0.19214,0.005568,0.33498,0.4532,0.5747,0.7663,0.98155,0.169712,0.06729,0.00195,0.01025,0.1307,0.2021,0.2191,0.23575,0.217652,0.13211,0.003828,0.00785,0.1034,0.2175,0.3213,0.4599,0.169712,0.06729,0.00195,0.01025,0.1307,0.2021,0.2191,0.23575,0.387364,0.19214,0.005568,0.01845,0.2337,0.4253,0.5468,0.66502,0.769251,0.24105,0.00539,0.34868,0.53378,0.84975,0.9999,0.9999,0.101064,0.09817,0.002195,0.0,0.0,0.08895,0.2089,0.23281,0.129686,0.1476,0.003301,0.0001,0.0001,0.06195,0.2506,0.43916,0.101064,0.09817,0.002195,0.0,0.0,0.08895,0.2089,0.23281,0.230749,0.24105,0.00539,0.0001,0.0001,0.15025,0.46622,0.65132
21.0,0.585866,0.1945,0.005636,0.31808,0.4251,0.5396,0.7351,0.9774,0.174905,0.06445,0.001867,0.01255,0.146,0.2051,0.2195,0.23575,0.23923,0.13891,0.004025,0.0096,0.12005,0.2449,0.34885,0.48538,0.174905,0.06445,0.001867,0.01255,0.146,0.2051,0.2195,0.23575,0.414134,0.1945,0.005636,0.0226,0.2649,0.4604,0.5749,0.68192,0.753309,0.25262,0.005649,0.33079,0.50152,0.8238,0.9999,0.9999,0.104156,0.09922,0.002219,0.0,0.0,0.10215,0.21162,0.2328,0.142535,0.15893,0.003554,0.0001,0.0001,0.0736,0.27698,0.46454,0.104156,0.09922,0.002219,0.0,0.0,0.10215,0.21162,0.2328,0.246691,0.25262,0.005649,0.0001,0.0001,0.1762,0.49848,0.66921
21.5,0.559592,0.19553,0.005666,0.3028,0.39985,0.5068,0.70055,0.97288,0.179022,0.06132,0.001777,0.01578,0.1599,0.2059,0.2203,0.2344,0.261385,0.14502,0.004202,0.01182,0.13865,0.2731,0.3767,0.50905,0.179022,0.06132,0.001777,0.01578,0.1599,0.2059,0.2203,0.2344,0.440408,0.19553,0.005666,0.02713,0.29945,0.4932,0.60015,0.6972,0.737663,0.26356,0.005893,0.3152,0.4704,0.7952,0.9999,0.9999,0.106608,0.09981,0.002232,0.0,0.0,0.1164,0.21125,0.23271,0.155729,0.17018,0.003805,0.0001,0.0001,0.0884,0.3044,0.49102,0.106608,0.09981,0.002232,0.0,0.0,0.1164,0.21125,0.23271,0.262337,0.26356,0.005893,0.0001,0.0001,0.2048,0.5296,0.6848
22.0,0.534129,0.1953,0.005659,0.29108,0.3771,0.4757,0.66295,0.9675,0.181915,0.05793,0.001679,0.01985,0.1699,0.2054,0.22005,0.23392,0.283956,0.15046,0.00436,0.01405,0.1597,0.3006,0.40505,0.53175,0.181915,0.05793,0.001679,0.01985,0.1699,0.2054,0.22005,0.23392,0.465871,0.1953,0.005659,0.0325,0.33705,0.5243,0.6229,0.70892,0.7225,0.27381,0.006123,0.30109,0.4423,0.7644,0.9999,0.9999,0.108331,0.09986,0.002233,0.0,0.0,0.13005,0.211,0.2321,0.16917,0.18134,0.004055,0.0001,0.0001,0.104,0.3317,0.51405,0.108331,0.09986,0.002233,0.0,0.0,0.13005,0.211,0.2321,0.2775,0.27381,0.006123,0.0001,0.0001,0.2356,0.5577,0.69891
22.5,0.509687,0.19395,0.00562,0.27965,0.35725,0.4483,0.62735,0.95915,0.183498,0.05452,0.00158,0.02478,0.17165,0.2039,0.2193,0.23555,0.306815,0.15515,0.004496,0.0168,0.1829,0.3291,0.43215,0.55418,0.183498,0.05452,0.00158,0.02478,0.17165,0.2039,0.2193,0.23555,0.490313,0.19395,0.00562,0.04085,0.37265,0.5517,0.64275,0.72035,0.707944,0.28335,0.006336,0.28847,0.41542,0.72955,0.9999,0.9999,0.109273,0.09942,0.002223,0.0,0.0,0.1423,0.2096,0.233,0.182783,0.19233,0.004301,0.0001,0.0001,0.1213,0.3607,0.53624,0.109273,0.09942,0.002223,0.0,0.0,0.1423,0.2096,0.233,0.292056,0.28335,0.006336,0.0001,0.0001,0.27045,0.58458,0.71153
23.0,0.486227,0.19151,0.005549,0.26925,0.3403,0.4216,0.59165,0.95055,0.183987,0.05136,0.001488,0.02985,0.1704,0.2012,0.2176,0.23505,0.329787,0.15897,0.004606,0.01985,0.206,0.3585,0.45765,0.57422,0.183987,0.05136,0.001488,0.02985,0.1704,0.2012,0.2176,0.23505,0.513773,0.19151,0.005549,0.04945,0.40835,0.5784,0.6597,0.73075,0.693974,0.29224,0.006535,0.2769,0.39062,0.69635,0.9999,0.9999,0.109564,0.09863,0.002206,0.0,0.0,0.14905,0.20792,0.232,0.196462,0.20304,0.00454,0.0001,0.0001,0.141,0.3882,0.55893,0.109564,0.09863,0.002206,0.0,0.0,0.14905,0.20792,0.232,0.306026,0.29224,0.006535,0.0001,0.0001,0.30365,0.60938,0.7231
23.5,0.463886,0.18815,0.005452,0.2606,0.3237,0.3969,0.5564,0.93967,0.18333,0.04851,0.001406,0.03625,0.1686,0.1979,0.2161,0.23418,0.352783,0.16205,0.004696,0.02333,0.23175,0.3854,0.48135,0.59395,0.18333,0.04851,0.001406,0.03625,0.1686,0.1979,0.2161,0.23418,0.536114,0.18815,0.005452,0.06032,0.4436,0.6031,0.6763,0.7394,0.68067,0.30049,0.006719,0.2685,0.36962,0.66105,0.9999,0.9999,0.109173,0.09747,0.00218,0.0,0.0,0.1488,0.20482,0.2311,0.210156,0.21353,0.004775,0.0001,0.0001,0.1625,0.41528,0.57951,0.109173,0.09747,0.00218,0.0,0.0,0.1488,0.20482,0.2311,0.31933,0.30049,0.006719,0.0001,0.0001,0.33895,0.63038,0.7315
24.0,0.442684,0.1839,0.005329,0.25285,0.3096,0.3746,0.52215,0.92785,0.18171,0.04625,0.00134,0.04448,0.1638,0.1943,0.2143,0.23265,0.375606,0.16425,0.004759,0.02788,0.258,0.4133,0.5063,0.61083,0.18171,0.04625,0.00134,0.04448,0.1638,0.1943,0.2143,0.23265,0.557316,0.1839,0.005329,0.07215,0.47785,0.6254,0.6904,0.74715,0.668044,0.30812,0.00689,0.26008,0.34968,0.6271,0.9999,0.9999,0.108209,0.09608,0.002148,0.0,0.0,0.14425,0.2022,0.2306,0.223747,0.22367,0.005001,0.0001,0.0001,0.18375,0.44178,0.5975,0.108209,0.09608,0.002148,0.0,0.0,0.14425,0.2022,0.2306,0.331956,0.30812,0.00689,0.0001,0.0001,0.3729,0.65032,0.73992
24.5,0.422685,0.17882,0.005182,0.24623,0.2964,0.355,0.4892,0.91415,0.179185,0.04458,0.001292,0.05338,0.1569,0.1898,0.21195,0.23295,0.39813,0.16567,0.004801,0.03463,0.28725,0.4388,0.5291,0.62618,0.179185,0.04458,0.001292,0.05338,0.1569,0.1898,0.21195,0.23295,0.577315,0.17882,0.005182,0.08585,0.5108,0.645,0.7036,0.75378,0.656135,0.31513,0.007047,0.25259,0.33318,0.5945,0.9999,0.9999,0.106705,0.09445,0.002112,0.0,0.0,0.13925,0.198,0.2294,0.237161,0.23346,0.00522,0.0001,0.0001,0.20895,0.4679,0.61401,0.106705,0.09445,0.002112,0.0,0.0,0.13925,0.198,0.2294,0.343865,0.31513,0.007047,0.0001,0.0001,0.4055,0.66682,0.74741
25.0,0.403965,0.17313,0.005017,0.23973,0.2857,0.3372,0.4597,0.89718,0.175625,0.04362,0.001264,0.06208,0.1508,0.1843,0.20945,0.23185,0.42041,0.16627,0.004818,0.04188,0.31545,0.4636,0.54925,0.64178,0.175625,0.04362,0.001264,0.06208,0.1508,0.1843,0.20945,0.23185,0.596035,0.17313,0.005017,0.10283,0.5403,0.6628,0.7143,0.76028,0.644987,0.32157,0.007191,0.24559,0.31875,0.5624,0.9999,0.9999,0.104585,0.09255,0.00207,0.0,0.0,0.135,0.193,0.22871,0.250428,0.24293,0.005432,0.0001,0.0001,0.23505,0.49222,0.62914,0.104585,0.09255,0.00207,0.0,0.0,0.135,0.193,0.22871,0.355013,0.32157,0.007191,0.0001,0.0001,0.4376,0.68125,0.75441
25.5,0.386409,0.16694,0.004837,0.23482,0.2758,0.3212,0.4313,0.87855,0.171484,0.0434,0.001257,0.0721,0.14455,0.177,0.2062,0.23125,0.442106,0.16605,0.004811,0.0505,0.34215,0.4874,0.56985,0.65538,0.171484,0.0434,0.001257,0.0721,0.14455,0.177,0.2062,0.23125,0.613591,0.16694,0.004837,0.12145,0.5687,0.6788,0.7242,0.76518,0.634533,0.32752,0.007324,0.24,0.30592,0.5259,0.9999,0.9999,0.102119,0.0906,0.002026,0.0,0.0,0.12895,0.18715,0.2278,0.263348,0.25195,0.005634,0.0001,0.0001,0.26235,0.51502,0.6449,0.102119,0.0906,0.002026,0.0,0.0,0.12895,0.18715,0.2278,0.365467,0.32752,0.007324,0.0001,0.0001,0.4741,0.69408,0.76
26.0,0.370146,0.16041,0.004648,0.22975,0.26775,0.3072,0.4063,0.85718,0.166632,0.0437,0.001266,0.07622,0.1364,0.1708,0.20265,0.2302,0.463222,0.16509,0.004784,0.06025,0.3707,0.5101,0.5887,0.66875,0.166632,0.0437,0.001266,0.07622,0.1364,0.1708,0.20265,0.2302,0.629854,0.16041,0.004648,0.14282,0.5937,0.6928,0.73225,0.77025,0.624848,0.33297,0.007446,0.23509,0.2938,0.4953,0.9999,0.9999,0.09923,0.08848,0.001978,0.0,0.0,0.1227,0.18035,0.2271,0.275923,0.26057,0.005827,0.0001,0.0001,0.28795,0.5372,0.6584,0.09923,0.08848,0.001978,0.0,0.0,0.1227,0.18035,0.2271,0.375152,0.33297,0.007446,0.0001,0.0001,0.5047,0.7062,0.76491
26.5,0.354965,0.15352,0.004448,0.22522,0.26045,0.2946,0.383,0.83082,0.161315,0.04439,0.001286,0.0795,0.1289,0.1631,0.19825,0.2296,0.483721,0.16342,0.004735,0.07068,0.39795,0.5321,0.60635,0.67952,0.161315,0.04439,0.001286,0.0795,0.1289,0.1631,0.19825,0.2296,0.645035,0.15352,0.004448,0.16918,0.617,0.7054,0.73955,0.77478,0.615807,0.338,0.007558,0.2299,0.28318,0.4645,0.9999,0.9999,0.096063,0.08628,0.001929,0.0,0.0,0.11575,0.1736,0.2268,0.28813,0.26879,0.00601,0.0001,0.0001,0.31645,0.55675,0.67131,0.096063,0.08628,0.001929,0.0,0.0,0.11575,0.1736,0.2268,0.384193,0.338,0.007558,0.0001,0.0001,0.5355,0.71682,0.7701
27.0,0.340874,0.14642,0.004243,0.22133,0.253,0.2834,0.3615,0.80398,0.155615,0.04549,0.001318,0.0754,0.12065,0.1554,0.1951,0.22912,0.503511,0.16116,0.00467,0.08478,0.42545,0.5539,0.6228,0.6906,0.155615,0.04549,0.001318,0.0754,0.12065,0.1554,0.1951,0.22912,0.659126,0.14642,0.004243,0.19602,0.6385,0.7166,0.747,0.77868,0.607416,0.34265,0.007662,0.2264,0.27398,0.436,0.9999,0.9999,0.092669,0.08407,0.00188,0.0,0.0,0.10855,0.1666,0.2249,0.299915,0.27662,0.006185,0.0001,0.0001,0.3438,0.5766,0.6826,0.092669,0.08407,0.00188,0.0,0.0,0.10855,0.1666,0.2249,0.392584,0.34265,0.007662,0.0001,0.0001,0.564,0.72602,0.7736
27.5,0.327901,0.13921,0.004034,0.2181,0.2474,0.2743,0.34295,0.77328,0.149494,0.04669,0.001353,0.07135,0.11225,0.1471,0.1881,0.22695,0.522605,0.15828,0.004586,0.0988,0.452,0.5733,0.638,0.70185,0.149494,0.04669,0.001353,0.07135,0.11225,0.1471,0.1881,0.22695,0.672099,0.13921,0.004034,0.22672,0.65705,0.7257,0.7526,0.7819,0.599691,0.3469,0.007757,0.2228,0.26538,0.409,0.9999,0.9999,0.089024,0.08175,0.001828,0.0,0.0,0.10115,0.15855,0.2237,0.311285,0.28406,0.006352,0.0001,0.0001,0.36925,0.59533,0.6934,0.089024,0.08175,0.001828,0.0,0.0,0.10115,0.15855,0.2237,0.400309,0.3469,0.007757,0.0001,0.0001,0.591,0.73463,0.7772
28.0,0.315952,0.13198,0.003824,0.2153,0.24215,0.2666,0.3262,0.73948,0.143198,0.04792,0.001388,0.06555,0.10415,0.1383,0.18245,0.22702,0.540851,0.15494,0.00449,0.11438,0.47705,0.5918,0.6517,0.7117,0.143198,0.04792,0.001388,0.06555,0.10415,0.1383,0.18245,0.22702,0.684048,0.13198,0.003824,0.26052,0.6738,0.7334,0.75785,0.7847,0.592575,0.35083,0.007845,0.2197,0.2576,0.3859,0.9999,0.9999,0.085274,0.07943,0.001776,0.0,0.0,0.0941,0.15012,0.22321,0.322151,0.2911,0.006509,0.0001,0.0001,0.39635,0.61238,0.7041,0.085274,0.07943,0.001776,0.0,0.0,0.0941,0.15012,0.22321,0.407425,0.35083,0.007845,0.0001,0.0001,0.6141,0.7424,0.7803
28.5,0.304974,0.12487,0.003618,0.21305,0.2377,0.2593,0.31205,0.70578,0.136735,0.04909,0.001423,0.06005,0.09645,0.1294,0.17585,0.22635,0.558291,0.15114,0.004379,0.1334,0.50045,0.6085,0.66385,0.71975,0.136735,0.04909,0.001423,0.06005,0.09645,0.1294,0.17585,0.22635,0.695026,0.12487,0.003618,0.29422,0.68795,0.7407,0.7623,0.78695,0.586038,0.35445,0.007926,0.2166,0.25117,0.3649,0.9999,0.9999,0.081426,0.07708,0.001723,0.0,0.0,0.0868,0.14192,0.2219,0.332536,0.29777,0.006658,0.0001,0.0001,0.4231,0.62815,0.71163,0.081426,0.07708,0.001723,0.0,0.0,0.0868,0.14192,0.2219,0.413962,0.35445,0.007926,0.0001,0.0001,0.6351,0.74882,0.7834
29.0,0.294927,0.11785,0.003415,0.2105,0.2337,0.2531,0.2992,0.66845,0.1301,0.05008,0.001451,0.05748,0.08895,0.1204,0.16875,0.22582,0.574973,0.14701,0.00426,0.15457,0.5225,0.6242,0.676,0.72745,0.1301,0.05008,0.001451,0.05748,0.08895,0.1204,0.16875,0.22582,0.705073,0.11785,0.003415,0.33155,0.7008,0.7469,0.7663,0.7895,0.580055,0.35779,0.008,0.2138,0.24538,0.3466,0.9999,0.9999,0.077475,0.07465,0.001669,0.0,0.0,0.0795,0.1325,0.2208,0.34247,0.30412,0.0068,0.0001,0.0001,0.4486,0.64252,0.72011,0.077475,0.07465,0.001669,0.0,0.0,0.0795,0.1325,0.2208,0.419945,0.35779,0.008,0.0001,0.0001,0.6534,0.75463,0.7862
29.5,0.285741,0.11101,0.003217,0.20855,0.2298,0.2476,0.2887,0.63295,0.123414,0.05085,0.001473,0.05238,0.0823,0.1122,0.1616,0.2256,0.590845,0.14249,0.004129,0.1798,0.5436,0.6388,0.6862,0.73492,0.123414,0.05085,0.001473,0.05238,0.0823,0.1122,0.1616,0.2256,0.714259,0.11101,0.003217,0.36705,0.7113,0.7524,0.7702,0.79145,0.574584,0.36087,0.008069,0.2111,0.24048,0.32975,0.9999,0.9999,0.073493,0.07218,0.001614,0.0,0.0,0.0733,0.12357,0.2205,0.351922,0.31011,0.006934,0.0001,0.0001,0.4748,0.65595,0.72771,0.073493,0.07218,0.001614,0.0,0.0,0.0733,0.12357,0.2205,0.425416,0.36087,0.008069,0.0001,0.0001,0.67025,0.75952,0.7889
30.0,0.277451,0.10444,0.003026,0.2072,0.22655,0.2428,0.279,0.60048,0.116744,0.05131,0.001487,0.04745,0.07635,0.1038,0.15185,0.22397,0.605805,0.13778,0.003993,0.2039,0.56315,0.6525,0.696,0.7412,0.116744,0.05131,0.001487,0.04745,0.07635,0.1038,0.15185,0.22397,0.722549,0.10444,0.003026,0.39952,0.721,0.7572,0.77345,0.7928,0.569648,0.36366,0.008132,0.2093,0.23648,0.31535,0.9999,0.9999,0.069521,0.06966,0.001558,0.0,0.0,0.06765,0.11415,0.21972,0.360831,0.31575,0.00706,0.0001,0.0001,0.4999,0.66772,0.7352,0.069521,0.06966,0.001558,0.0,0.0,0.06765,0.11415,0.21972,0.430352,0.36366,0.008132,0.0001,0.0001,0.68465,0.76352,0.7907
30.5,0.269862,0.09796,0.002839,0.20538,0.22355,0.2381,0.2708,0.56382,0.110134,0.05154,0.001493,0.0431,0.0704,0.0964,0.14265,0.22308,0.620005,0.13283,0.003849,0.22885,0.5832,0.6651,0.7053,0.7475,0.110134,0.05154,0.001493,0.0431,0.0704,0.0964,0.14265,0.22308,0.730138,0.09796,0.002839,0.43618,0.7292,0.7619,0.77645,0.79462,0.565128,0.36623,0.008189,0.2074,0.2327,0.3008,0.9999,0.9999,0.065585,0.06711,0.001501,0.0,0.0,0.0621,0.10635,0.21791,0.369287,0.32108,0.007179,0.0001,0.0001,0.5225,0.67892,0.7415,0.065585,0.06711,0.001501,0.0,0.0,0.0621,0.10635,0.21791,0.434872,0.36623,0.008189,0.0001,0.0001,0.6992,0.7673,0.7926
31.0,0.263002,0.09186,0.002662,0.20388,0.221,0.2341,0.26365,0.53117,0.103615,0.05154,0.001493,0.0398,0.0637,0.089,0.13285,0.22108,0.633383,0.12777,0.003702,0.2561,0.60165,0.6772,0.71385,0.75292,0.103615,0.05154,0.001493,0.0398,0.0637,0.089,0.13285,0.22108,0.736998,0.09186,0.002662,0.46883,0.73635,0.7659,0.779,0.79612,0.561044,0.36859,0.008242,0.2062,0.22958,0.28975,0.9999,0.9999,0.061703,0.06457,0.001444,0.0,0.0,0.0564,0.0986,0.21711,0.377254,0.32611,0.007292,0.0001,0.0001,0.5431,0.68977,0.7471,0.061703,0.06457,0.001444,0.0,0.0,0.0564,0.0986,0.21711,0.438956,0.36859,0.008242,0.0001,0.0001,0.71025,0.77042,0.7938
31.5,0.256807,0.08602,0.002493,0.2025,0.21895,0.2311,0.25655,0.49935,0.097241,0.05109,0.00148,0.036,0.0585,0.0817,0.12545,0.22055,0.645953,0.12252,0.00355,0.28368,0.6189,0.6879,0.7212,0.75832,0.097241,0.05109,0.00148,0.036,0.0585,0.0817,0.12545,0.22055,0.743193,0.08602,0.002493,0.50065,0.74345,0.7689,0.78105,0.7975,0.557354,0.37075,0.00829,0.2049,0.2264,0.28055,0.9999,0.9999,0.057907,0.06191,0.001384,0.0,0.0,0.05175,0.09065,0.2129,0.384739,0.33081,0.007397,0.0001,0.0001,0.5642,0.6991,0.7528,0.057907,0.06191,0.001384,0.0,0.0,0.05175,0.09065,0.2129,0.442646,0.37075,0.00829,0.0001,0.0001,0.71945,0.7736,0.7951
32.0,0.251184,0.08045,0.002331,0.20143,0.2168,0.2282,0.2505,0.46895,0.091113,0.05049,0.001463,0.03265,0.0531,0.0751,0.11715,0.21732,0.657703,0.11731,0.003399,0.31153,0.6344,0.6983,0.72815,0.7627,0.091113,0.05049,0.001463,0.03265,0.0531,0.0751,0.11715,0.21732,0.748816,0.08045,0.002331,0.53105,0.7495,0.7718,0.7832,0.79858,0.554006,0.37272,0.008334,0.20379,0.2237,0.27245,0.9999,0.9999,0.054258,0.05931,0.001326,0.0,0.0,0.0472,0.08385,0.20891,0.391736,0.33524,0.007496,0.0001,0.0001,0.58195,0.7079,0.7581,0.054258,0.05931,0.001326,0.0,0.0,0.0472,0.08385,0.20891,0.445994,0.37272,0.008334,0.0001,0.0001,0.72755,0.7763,0.79621
32.5,0.246114,0.07517,0.002178,0.20018,0.2147,0.2252,0.2455,0.4413,0.085152,0.04969,0.00144,0.0293,0.04865,0.0688,0.10815,0.21522,0.668734,0.11211,0.003249,0.33668,0.64845,0.7068,0.73485,0.76675,0.085152,0.04969,0.00144,0.0293,0.04865,0.0688,0.10815,0.21522,0.753886,0.07517,0.002178,0.5587,0.7545,0.7748,0.7853,0.79982,0.550987,0.37452,0.008375,0.2024,0.2215,0.2649,0.9999,0.9999,0.050708,0.05672,0.001268,0.0,0.0,0.0433,0.07692,0.20352,0.398305,0.33941,0.007589,0.0001,0.0001,0.5993,0.7167,0.7614,0.050708,0.05672,0.001268,0.0,0.0,0.0433,0.07692,0.20352,0.449013,0.37452,0.008375,0.0001,0.0001,0.7351,0.7785,0.7976
33.0,0.241527,0.07009,0.002031,0.19925,0.2132,0.2232,0.24085,0.41165,0.079474,0.04873,0.001412,0.02668,0.04425,0.0631,0.1001,0.20852,0.678999,0.10694,0.003099,0.3663,0.66125,0.7159,0.74055,0.77015,0.079474,0.04873,0.001412,0.02668,0.04425,0.0631,0.1001,0.20852,0.758473,0.07009,0.002031,0.58835,0.75915,0.7768,0.7868,0.80075,0.548255,0.37617,0.008411,0.2013,0.2195,0.2577,0.9999,0.9999,0.047327,0.05418,0.001212,0.0,0.0,0.0392,0.0704,0.19641,0.404418,0.34331,0.007677,0.0001,0.0001,0.6163,0.7242,0.7656,0.047327,0.05418,0.001212,0.0,0.0,0.0392,0.0704,0.19641,0.451745,0.37617,0.008411,0.0001,0.0001,0.7423,0.7805,0.7987
33.5,0.237434,0.06537,0.001894,0.198,0.2118,0.2209,0.2368,0.38782,0.073955,0.04755,0.001378,0.0243,0.04005,0.0574,0.0923,0.20393,0.68861,0.10182,0.00295,0.39292,0.6732,0.7231,0.7459,0.774,0.073955,0.04755,0.001378,0.0243,0.04005,0.0574,0.0923,0.20393,0.762566,0.06537,0.001894,0.61217,0.7632,0.7791,0.7882,0.802,0.545818,0.37765,0.008445,0.2002,0.2177,0.252,0.9999,0.9999,0.04404,0.05162,0.001154,0.0,0.0,0.0356,0.06492,0.18983,0.410142,0.34697,0.007759,0.0001,0.0001,0.63065,0.73092,0.7691,0.04404,0.05162,0.001154,0.0,0.0,0.0356,0.06492,0.18983,0.454182,0.37765,0.008445,0.0001,0.0001,0.748,0.7823,0.7998
34.0,0.233806,0.06092,0.001765,0.1971,0.2106,0.219,0.2336,0.3688,0.068672,0.04615,0.001337,0.0219,0.0366,0.0522,0.08545,0.19765,0.697522,0.09671,0.002802,0.41888,0.68435,0.7298,0.751,0.77765,0.068672,0.04615,0.001337,0.0219,0.0366,0.0522,0.08545,0.19765,0.766194,0.06092,0.001765,0.6312,0.7664,0.781,0.7894,0.8029,0.543657,0.37897,0.008474,0.1995,0.21618,0.2471,0.9999,0.9999,0.040894,0.04903,0.001096,0.0,0.0,0.0325,0.05872,0.18321,0.415448,0.35037,0.007835,0.0001,0.0001,0.6451,0.73732,0.7727,0.040894,0.04903,0.001096,0.0,0.0,0.0325,0.05872,0.18321,0.456343,0.37897,0.008474,0.0001,0.0001,0.7529,0.78382,0.8005
34.5,0.230518,0.05663,0.001641,0.1961,0.2095,0.2174,0.23075,0.34695,0.06373,0.04475,0.001297,0.0196,0.03305,0.0477,0.0789,0.19522,0.705752,0.09176,0.002659,0.4459,0.6941,0.7357,0.7552,0.7803,0.06373,0.04475,0.001297,0.0196,0.03305,0.0477,0.0789,0.19522,0.769482,0.05663,0.001641,0.65305,0.76925,0.7826,0.7905,0.8039,0.541699,0.38018,0.008501,0.1984,0.21468,0.24205,0.9999,0.9999,0.037951,0.04659,0.001042,0.0,0.0,0.0294,0.05365,0.17521,0.42035,0.35354,0.007905,0.0001,0.0001,0.65765,0.7426,0.7756,0.037951,0.04659,0.001042,0.0,0.0,0.0294,0.05365,0.17521,0.458301,0.38018,0.008501,0.0001,0.0001,0.75795,0.78532,0.8016
35.0,0.227593,0.05272,0.001528,0.1955,0.20855,0.2159,0.2282,0.33038,0.05897,0.04315,0.00125,0.01768,0.0301,0.0434,0.0726,0.18615,0.713437,0.08691,0.002518,0.47155,0.70275,0.7409,0.7591,0.7827,0.05897,0.04315,0.00125,0.01768,0.0301,0.0434,0.0726,0.18615,0.772407,0.05272,0.001528,0.66962,0.7718,0.7841,0.79145,0.8045,0.539958,0.38127,0.008526,0.1978,0.2134,0.2381,0.9999,0.9999,0.035117,0.04412,0.000987,0.0,0.0,0.02655,0.04912,0.16491,0.424926,0.35651,0.007972,0.0001,0.0001,0.6711,0.74822,0.7786,0.035117,0.04412,0.000987,0.0,0.0,0.02655,0.04912,0.16491,0.460042,0.38127,0.008526,0.0001,0.0001,0.7619,0.7866,0.8022
35.5,0.224938,0.04897,0.001419,0.19478,0.20745,0.2148,0.22605,0.31532,0.054549,0.04164,0.001207,0.01605,0.0276,0.0396,0.06625,0.17728,0.720513,0.08221,0.002382,0.49525,0.7117,0.7459,0.7629,0.78452,0.054549,0.04164,0.001207,0.01605,0.0276,0.0396,0.06625,0.17728,0.775062,0.04897,0.001419,0.68467,0.77395,0.7852,0.79255,0.80522,0.538377,0.38227,0.008548,0.1971,0.2121,0.23455,0.9999,0.9999,0.032484,0.04183,0.000935,0.0,0.0,0.0241,0.04512,0.15567,0.429139,0.35927,0.008033,0.0001,0.0001,0.6824,0.7525,0.7811,0.032484,0.04183,0.000935,0.0,0.0,0.0241,0.04512,0.15567,0.461623,0.38227,0.008548,0.0001,0.0001,0.76545,0.7879,0.8029
36.0,0.222571,0.04549,0.001318,0.19395,0.2066,0.2136,0.2244,0.30295,0.050361,0.04004,0.00116,0.0146,0.0249,0.0359,0.06055,0.1737,0.727068,0.07765,0.00225,0.51925,0.7192,0.7508,0.76635,0.7871,0.050361,0.04004,0.00116,0.0146,0.0249,0.0359,0.06055,0.1737,0.777429,0.04549,0.001318,0.69705,0.7756,0.7864,0.7934,0.80605,0.536967,0.38317,0.008568,0.1964,0.211,0.23155,0.9999,0.9999,0.02999,0.03957,0.000885,0.0,0.0,0.02175,0.041,0.14842,0.433043,0.36184,0.008091,0.0001,0.0001,0.69225,0.7566,0.7834,0.02999,0.03957,0.000885,0.0,0.0,0.02175,0.041,0.14842,0.463033,0.38317,0.008568,0.0001,0.0001,0.76845,0.789,0.8036
36.5,0.220457,0.04226,0.001225,0.19325,0.2055,0.2125,0.22275,0.29088,0.04641,0.0384,0.001113,0.0129,0.0224,0.033,0.0551,0.16525,0.733133,0.07323,0.002122,0.54052,0.72655,0.7551,0.76945,0.789,0.04641,0.0384,0.001113,0.0129,0.0224,0.033,0.0551,0.16525,0.779543,0.04226,0.001225,0.70912,0.77725,0.7875,0.7945,0.80675,0.535708,0.38399,0.008586,0.1957,0.2102,0.22935,0.9999,0.9999,0.027637,0.03737,0.000836,0.0,0.0,0.0195,0.03722,0.1365,0.436655,0.36423,0.008144,0.0001,0.0001,0.7027,0.76042,0.7859,0.027637,0.03737,0.000836,0.0,0.0,0.0195,0.03722,0.1365,0.464292,0.38399,0.008586,0.0001,0.0001,0.77065,0.7898,0.8043
37.0,0.218588,0.03936,0.001141,0.19275,0.2048,0.2116,0.221,0.28007,0.042712,0.03673,0.001064,0.01158,0.02025,0.0296,0.0501,0.15548,0.738699,0.06898,0.001999,0.56055,0.73245,0.7592,0.7723,0.79042,0.042712,0.03673,0.001064,0.01158,0.02025,0.0296,0.0501,0.15548,0.781412,0.03936,0.001141,0.71992,0.779,0.7884,0.7952,0.80725,0.534595,0.38472,0.008603,0.1952,0.20938,0.2268,0.9999,0.9999,0.025435,0.03525,0.000788,0.0,0.0,0.01765,0.03402,0.12853,0.43997,0.36644,0.008194,0.0001,0.0001,0.71095,0.7641,0.788,0.025435,0.03525,0.000788,0.0,0.0,0.01765,0.03402,0.12853,0.465405,0.38472,0.008603,0.0001,0.0001,0.7732,0.79062,0.8048
37.5,0.216918,0.03673,0.001064,0.19228,0.2039,0.2108,0.2199,0.27125,0.039271,0.03511,0.001017,0.0105,0.0184,0.0271,0.0457,0.14715,0.743811,0.06497,0.001883,0.5798,0.73855,0.7625,0.775,0.79198,0.039271,0.03511,0.001017,0.0105,0.0184,0.0271,0.0457,0.14715,0.783082,0.03673,0.001064,0.72875,0.7801,0.7892,0.7961,0.80772,0.5336,0.38538,0.008617,0.19489,0.2087,0.225,0.9999,0.9999,0.023386,0.03325,0.000743,0.0,0.0,0.01605,0.03082,0.12102,0.443014,0.36849,0.00824,0.0001,0.0001,0.71795,0.7672,0.7898,0.023386,0.03325,0.000743,0.0,0.0,0.01605,0.03082,0.12102,0.4664,0.38538,0.008617,0.0001,0.0001,0.775,0.7913,0.80511
38.0,0.215427,0.03434,0.000995,0.19175,0.2035,0.2101,0.2187,0.26358,0.036036,0.03343,0.000969,0.00955,0.0166,0.0245,0.042,0.13745,0.748537,0.06115,0.001772,0.5981,0.74345,0.7654,0.7773,0.7936,0.036036,0.03343,0.000969,0.00955,0.0166,0.0245,0.042,0.13745,0.784573,0.03434,0.000995,0.73642,0.7813,0.7899,0.7965,0.80825,0.532713,0.38598,0.008631,0.1939,0.208,0.2235,0.9999,0.9999,0.021459,0.03128,0.000699,0.0,0.0,0.0144,0.02792,0.11183,0.445828,0.3704,0.008282,0.0001,0.0001,0.7251,0.7699,0.7912,0.021459,0.03128,0.000699,0.0,0.0,0.0144,0.02792,0.11183,0.467287,0.38598,0.008631,0.0001,0.0001,0.7765,0.792,0.8061
38.5,0.214086,0.03214,0.000931,0.19128,0.2029,0.2095,0.2177,0.25782,0.033079,0.0319,0.000924,0.00838,0.0149,0.022,0.0383,0.12815,0.752835,0.05755,0.001667,0.61462,0.7486,0.7683,0.7794,0.795,0.033079,0.0319,0.000924,0.00838,0.0149,0.022,0.0383,0.12815,0.785914,0.03214,0.000931,0.74218,0.7823,0.7905,0.7971,0.80872,0.531914,0.38653,0.008643,0.1937,0.2075,0.22235,0.9999,0.9999,0.019698,0.02948,0.000659,0.0,0.0,0.0131,0.0255,0.10232,0.448387,0.37215,0.008321,0.0001,0.0001,0.73155,0.7726,0.7929,0.019698,0.02948,0.000659,0.0,0.0,0.0131,0.0255,0.10232,0.468086,0.38653,0.008643,0.0001,0.0001,0.77765,0.7925,0.8063
39.0,0.212894,0.03017,0.000874,0.19105,0.2023,0.2089,0.2167,0.2522,0.030294,0.03022,0.000876,0.0076,0.0135,0.0199,0.0349,0.11798,0.756812,0.05399,0.001565,0.63075,0.75275,0.7711,0.78155,0.79635,0.030294,0.03022,0.000876,0.0076,0.0135,0.0199,0.0349,0.11798,0.787106,0.03017,0.000874,0.7478,0.7833,0.7911,0.7977,0.80895,0.531204,0.38701,0.008654,0.1933,0.2069,0.2212,0.9999,0.9999,0.01804,0.02766,0.000618,0.0,0.0,0.01175,0.0231,0.09482,0.450755,0.37377,0.008358,0.0001,0.0001,0.73765,0.7747,0.7943,0.01804,0.02766,0.000618,0.0,0.0,0.01175,0.0231,0.09482,0.468796,0.38701,0.008654,0.0001,0.0001,0.7788,0.7931,0.8067
39.5,0.21185,0.02841,0.000823,0.19055,0.202,0.2084,0.2157,0.24728,0.027712,0.02858,0.000828,0.00678,0.0122,0.018,0.0315,0.1082,0.760438,0.05074,0.00147,0.64565,0.7568,0.7734,0.7832,0.79752,0.027712,0.02858,0.000828,0.00678,0.0122,0.018,0.0315,0.1082,0.78815,0.02841,0.000823,0.75272,0.7843,0.7916,0.798,0.80945,0.530582,0.38745,0.008664,0.1931,0.2064,0.22025,0.9999,0.9999,0.016503,0.02591,0.000579,0.0,0.0,0.0104,0.021,0.08712,0.452915,0.37527,0.008391,0.0001,0.0001,0.7427,0.7768,0.7956,0.016503,0.02591,0.000579,0.0,0.0,0.0104,0.021,0.08712,0.469418,0.38745,0.008664,0.0001,0.0001,0.77975,0.7936,0.8069
40.0,0.210919,0.02676,0.000776,0.1903,0.2017,0.2079,0.21505,0.24335,0.025325,0.02704,0.000784,0.006,0.011,0.0162,0.02875,0.09962,0.763756,0.04772,0.001383,0.6594,0.76015,0.7754,0.7846,0.79865,0.025325,0.02704,0.000784,0.006,0.011,0.0162,0.02875,0.09962,0.789081,0.02676,0.000776,0.75665,0.78495,0.7921,0.7983,0.8097,0.530028,0.38783,0.008672,0.1925,0.2059,0.2192,0.9999,0.9999,0.015081,0.02429,0.000543,0.0,0.0,0.0094,0.01883,0.0803,0.454891,0.37665,0.008422,0.0001,0.0001,0.7471,0.7789,0.7968,0.015081,0.02429,0.000543,0.0,0.0,0.0094,0.01883,0.0803,0.469972,0.38783,0.008672,0.0001,0.0001,0.7808,0.7941,0.8075
40.5,0.210088,0.0253,0.000733,0.19018,0.20125,0.2073,0.2144,0.23962,0.023125,0.02549,0.000739,0.0053,0.0099,0.0146,0.02595,0.09302,0.766787,0.04486,0.0013,0.67085,0.7635,0.7774,0.78605,0.79977,0.023125,0.02549,0.000739,0.0053,0.0099,0.0146,0.02595,0.09302,0.789912,0.0253,0.000733,0.76038,0.7856,0.7927,0.79875,0.80982,0.529533,0.38818,0.00868,0.1925,0.20558,0.2185,0.9999,0.9999,0.013771,0.02271,0.000508,0.0,0.0,0.0084,0.0169,0.07383,0.456696,0.37793,0.008451,0.0001,0.0001,0.7515,0.7806,0.7981,0.013771,0.02271,0.000508,0.0,0.0,0.0084,0.0169,0.07383,0.470467,0.38818,0.00868,0.0001,0.0001,0.7815,0.79442,0.8075
41.0,0.209353,0.02387,0.000692,0.1901,0.20095,0.2069,0.2138,0.23572,0.021095,0.02393,0.000694,0.00478,0.00895,0.0132,0.0235,0.0856,0.769551,0.04209,0.00122,0.6821,0.76615,0.779,0.7875,0.80092,0.021095,0.02393,0.000694,0.00478,0.00895,0.0132,0.0235,0.0856,0.790647,0.02387,0.000692,0.76427,0.7862,0.7931,0.79905,0.8099,0.529096,0.38849,0.008687,0.1923,0.2052,0.2178,0.9999,0.9999,0.012562,0.02117,0.000473,0.0,0.0,0.0075,0.01543,0.06772,0.458342,0.37909,0.008477,0.0001,0.0001,0.75565,0.782,0.799,0.012562,0.02117,0.000473,0.0,0.0,0.0075,0.01543,0.06772,0.470904,0.38849,0.008687,0.0001,0.0001,0.7822,0.7948,0.8077
41.5,0.208695,0.0225,0.000652,0.1899,0.2005,0.2065,0.2133,0.23335,0.019218,0.02248,0.000651,0.00418,0.0081,0.012,0.0213,0.07885,0.772086,0.03955,0.001146,0.69287,0.76885,0.7807,0.7886,0.80218,0.019218,0.02248,0.000651,0.00418,0.0081,0.012,0.0213,0.07885,0.791305,0.0225,0.000652,0.76665,0.7867,0.7935,0.7995,0.8101,0.528704,0.38876,0.008693,0.1922,0.2049,0.2173,0.9999,0.9999,0.011445,0.01974,0.000442,0.0,0.0,0.0068,0.01382,0.06203,0.459852,0.38017,0.008501,0.0001,0.0001,0.75975,0.78342,0.7997,0.011445,0.01974,0.000442,0.0,0.0,0.0068,0.01382,0.06203,0.471296,0.38876,0.008693,0.0001,0.0001,0.7827,0.7951,0.8078
42.0,0.208116,0.02124,0.000615,0.18985,0.2003,0.2062,0.2128,0.2309,0.017493,0.0211,0.000611,0.0036,0.0073,0.0108,0.01915,0.0728,0.774391,0.03717,0.001077,0.702,0.7708,0.782,0.7898,0.80295,0.017493,0.0211,0.000611,0.0036,0.0073,0.0108,0.01915,0.0728,0.791884,0.02124,0.000615,0.7691,0.7872,0.7938,0.7997,0.81015,0.528359,0.38901,0.008698,0.192,0.2046,0.2167,0.9999,0.9999,0.010417,0.0184,0.000411,0.0,0.0,0.0061,0.0125,0.05692,0.461224,0.38115,0.008523,0.0001,0.0001,0.7627,0.7848,0.8005,0.010417,0.0184,0.000411,0.0,0.0,0.0061,0.0125,0.05692,0.471641,0.38901,0.008698,0.0001,0.0001,0.7833,0.7954,0.808
42.5,0.207587,0.01998,0.000579,0.18965,0.2002,0.2059,0.2124,0.2297,0.015931,0.01975,0.000572,0.0032,0.0065,0.0096,0.01745,0.06607,0.776482,0.03489,0.001011,0.71095,0.77255,0.7835,0.7908,0.80368,0.015931,0.01975,0.000572,0.0032,0.0065,0.0096,0.01745,0.06607,0.792413,0.01998,0.000579,0.7703,0.7876,0.7941,0.7998,0.81035,0.528044,0.38923,0.008703,0.1918,0.2043,0.21615,0.9999,0.9999,0.009487,0.01713,0.000383,0.0,0.0,0.0055,0.0113,0.05211,0.462469,0.38205,0.008543,0.0001,0.0001,0.76535,0.78612,0.8012,0.009487,0.01713,0.000383,0.0,0.0,0.0055,0.0113,0.05211,0.471956,0.38923,0.008703,0.0001,0.0001,0.78385,0.7957,0.8082
43.0,0.207125,0.01887,0.000547,0.1896,0.2,0.2056,0.212,0.22872,0.014488,0.01849,0.000536,0.0029,0.0058,0.0087,0.01565,0.06035,0.778387,0.03279,0.00095,0.71878,0.77415,0.7846,0.79185,0.8041,0.014488,0.01849,0.000536,0.0029,0.0058,0.0087,0.01565,0.06035,0.792875,0.01887,0.000547,0.77128,0.788,0.7944,0.8,0.8104,0.527769,0.38942,0.008708,0.1915,0.2041,0.2156,0.9999,0.9999,0.008628,0.01594,0.000356,0.0,0.0,0.005,0.0101,0.04731,0.463604,0.38287,0.008561,0.0001,0.0001,0.7679,0.7872,0.8016,0.008628,0.01594,0.000356,0.0,0.0,0.005,0.0101,0.04731,0.472231,0.38942,0.008708,0.0001,0.0001,0.7844,0.7959,0.8085
43.5,0.206709,0.01772,0.000513,0.1895,0.19975,0.2054,0.2116,0.22772,0.013185,0.01726,0.0005,0.0026,0.0053,0.0079,0.014,0.05502,0.780107,0.03081,0.000893,0.72475,0.77585,0.7857,0.7927,0.80505,0.013185,0.01726,0.0005,0.0026,0.0053,0.0079,0.014,0.05502,0.793291,0.01772,0.000513,0.77228,0.7884,0.7946,0.80025,0.8105,0.527521,0.38959,0.008712,0.1913,0.20388,0.21525,0.9999,0.9999,0.007852,0.01481,0.000331,0.0,0.0,0.0044,0.00922,0.0429,0.464628,0.38362,0.008578,0.0001,0.0001,0.7702,0.7882,0.80221,0.007852,0.01481,0.000331,0.0,0.0,0.0044,0.00922,0.0429,0.472479,0.38959,0.008712,0.0001,0.0001,0.78475,0.79612,0.8087
44.0,0.206341,0.01655,0.00048,0.1894,0.1995,0.2052,0.2112,0.22695,0.011975,0.01619,0.000469,0.0023,0.0047,0.007,0.0127,0.0497,0.781684,0.02899,0.00084,0.7315,0.77735,0.7867,0.7934,0.80538,0.011975,0.01619,0.000469,0.0023,0.0047,0.007,0.0127,0.0497,0.793659,0.01655,0.00048,0.77305,0.7888,0.7948,0.8005,0.8106,0.527302,0.38974,0.008715,0.1912,0.20368,0.21485,0.9999,0.9999,0.007131,0.01381,0.000309,0.0,0.0,0.0039,0.0083,0.0391,0.465567,0.3843,0.008593,0.0001,0.0001,0.7719,0.78893,0.8033,0.007131,0.01381,0.000309,0.0,0.0,0.0039,0.0083,0.0391,0.472698,0.38974,0.008715,0.0001,0.0001,0.78515,0.79632,0.8088
44.5,0.206006,0.01543,0.000447,0.1893,0.1993,0.205,0.2109,0.22592,0.010865,0.01526,0.000442,0.002,0.0043,0.0064,0.01145,0.04495,0.783129,0.0273,0.000791,0.73705,0.77855,0.7876,0.7942,0.80602,0.010865,0.01526,0.000442,0.002,0.0043,0.0064,0.01145,0.04495,0.793994,0.01543,0.000447,0.77408,0.7891,0.795,0.8007,0.8107,0.527102,0.38988,0.008718,0.191,0.2034,0.21455,0.9999,0.9999,0.00647,0.01292,0.000289,0.0,0.0,0.0035,0.0075,0.03561,0.466428,0.38494,0.008607,0.0001,0.0001,0.7737,0.7895,0.804,0.00647,0.01292,0.000289,0.0,0.0,0.0035,0.0075,0.03561,0.472898,0.38988,0.008718,0.0001,0.0001,0.78545,0.7966,0.809
45.0,0.205705,0.01441,0.000418,0.1893,0.19925,0.2049,0.2107,0.22492,0.009847,0.01436,0.000416,0.0017,0.0039,0.0057,0.0103,0.04053,0.784448,0.02567,0.000744,0.74215,0.78,0.7885,0.795,0.80655,0.009847,0.01436,0.000416,0.0017,0.0039,0.0057,0.0103,0.04053,0.794295,0.01441,0.000418,0.77508,0.7893,0.7951,0.80075,0.8107,0.526923,0.39,0.008721,0.191,0.2033,0.2141,0.9999,0.9999,0.005864,0.01209,0.00027,0.0,0.0,0.0032,0.0067,0.03291,0.467213,0.38552,0.00862,0.0001,0.0001,0.77505,0.7904,0.8046,0.005864,0.01209,0.00027,0.0,0.0,0.0032,0.0067,0.03291,0.473077,0.39,0.008721,0.0001,0.0001,0.7859,0.7967,0.809
45.5,0.205436,0.01349,0.000391,0.18915,0.1992,0.2047,0.21055,0.22402,0.008942,0.01352,0.000392,0.0015,0.0035,0.0051,0.00935,0.03777,0.785621,0.02409,0.000698,0.74708,0.7808,0.7892,0.7957,0.80742,0.008942,0.01352,0.000392,0.0015,0.0035,0.0051,0.00935,0.03777,0.794564,0.01349,0.000391,0.77598,0.78945,0.7953,0.8008,0.81085,0.526763,0.39011,0.008723,0.1909,0.20318,0.2138,0.9999,0.9999,0.005325,0.01132,0.000253,0.0,0.0,0.0029,0.006,0.03001,0.467912,0.38603,0.008632,0.0001,0.0001,0.7762,0.7911,0.80501,0.005325,0.01132,0.000253,0.0,0.0,0.0029,0.006,0.03001,0.473237,0.39011,0.008723,0.0001,0.0001,0.7862,0.79682,0.8091
46.0,0.205197,0.01266,0.000367,0.18915,0.199,0.2045,0.21035,0.22345,0.008113,0.01274,0.000369,0.0014,0.0031,0.0046,0.0084,0.03422,0.786689,0.02262,0.000655,0.751,0.7816,0.7898,0.7963,0.80782,0.008113,0.01274,0.000369,0.0014,0.0031,0.0046,0.0084,0.03422,0.794803,0.01266,0.000367,0.77655,0.78965,0.7955,0.801,0.81085,0.526621,0.39022,0.008725,0.1906,0.203,0.2135,0.9999,0.9999,0.004832,0.01061,0.000237,0.0,0.0,0.0026,0.0054,0.0275,0.468547,0.3865,0.008642,0.0001,0.0001,0.7774,0.7917,0.8054,0.004832,0.01061,0.000237,0.0,0.0,0.0026,0.0054,0.0275,0.473379,0.39022,0.008725,0.0001,0.0001,0.7865,0.797,0.8094
46.5,0.204987,0.01193,0.000346,0.18908,0.1989,0.2044,0.2102,0.2231,0.007362,0.01202,0.000348,0.00128,0.0028,0.0041,0.00745,0.03022,0.78765,0.02127,0.000616,0.7554,0.7825,0.7904,0.7967,0.80812,0.007362,0.01202,0.000348,0.00128,0.0028,0.0041,0.00745,0.03022,0.795013,0.01193,0.000346,0.7769,0.7898,0.7956,0.8011,0.81092,0.526496,0.3903,0.008727,0.1906,0.2029,0.2133,0.9999,0.9999,0.004384,0.00995,0.000223,0.0,0.0,0.0023,0.0049,0.0251,0.46912,0.38693,0.008652,0.0001,0.0001,0.7784,0.7924,0.806,0.004384,0.00995,0.000223,0.0,0.0,0.0023,0.0049,0.0251,0.473504,0.3903,0.008727,0.0001,0.0001,0.7867,0.7971,0.8094
47.0,0.204798,0.01129,0.000327,0.18908,0.1988,0.2043,0.21,0.22275,0.006671,0.01132,0.000328,0.0011,0.0025,0.0037,0.0067,0.02715,0.788531,0.01998,0.000579,0.75827,0.7835,0.7909,0.7973,0.80842,0.006671,0.01132,0.000328,0.0011,0.0025,0.0037,0.0067,0.02715,0.795202,0.01129,0.000327,0.77725,0.79,0.7957,0.8012,0.81092,0.526383,0.39039,0.008729,0.1905,0.2028,0.213,0.9999,0.9999,0.003973,0.00933,0.000209,0.0,0.0,0.002,0.0045,0.023,0.469644,0.38732,0.008661,0.0001,0.0001,0.7795,0.7928,0.8062,0.003973,0.00933,0.000209,0.0,0.0,0.002,0.0045,0.023,0.473617,0.39039,0.008729,0.0001,0.0001,0.787,0.7972,0.8095
47.5,0.204626,0.0107,0.00031,0.189,0.1988,0.2041,0.20985,0.22232,0.006054,0.01068,0.000309,0.0009,0.0022,0.0034,0.0061,0.02518,0.78932,0.01877,0.000544,0.7613,0.78415,0.7914,0.7975,0.80882,0.006054,0.01068,0.000309,0.0009,0.0022,0.0034,0.0061,0.02518,0.795374,0.0107,0.00031,0.77768,0.79015,0.7959,0.8012,0.811,0.526281,0.39046,0.008731,0.1904,0.2027,0.2129,0.9999,0.9999,0.003605,0.00876,0.000196,0.0,0.0,0.0018,0.0041,0.02071,0.470114,0.38767,0.008669,0.0001,0.0001,0.7802,0.7933,0.8064,0.003605,0.00876,0.000196,0.0,0.0,0.0018,0.0041,0.02071,0.473719,0.39046,0.008731,0.0001,0.0001,0.7871,0.7973,0.8096
48.0,0.204481,0.01021,0.000296,0.1889,0.1987,0.204,0.2097,0.22212,0.005479,0.01004,0.000291,0.0008,0.002,0.003,0.00545,0.02248,0.790041,0.01763,0.000511,0.76395,0.785,0.7919,0.798,0.8092,0.005479,0.01004,0.000291,0.0008,0.002,0.003,0.00545,0.02248,0.795519,0.01021,0.000296,0.77788,0.7903,0.796,0.8013,0.8111,0.526194,0.39052,0.008732,0.1904,0.2026,0.2127,0.9999,0.9999,0.003263,0.0082,0.000183,0.0,0.0,0.0016,0.0036,0.0186,0.470543,0.38799,0.008676,0.0001,0.0001,0.7808,0.7937,0.8066,0.003263,0.0082,0.000183,0.0,0.0,0.0016,0.0036,0.0186,0.473806,0.39052,0.008732,0.0001,0.0001,0.7873,0.7974,0.8096
48.5,0.204343,0.00977,0.000283,0.1888,0.1986,0.2039,0.2096,0.22192,0.00497,0.00947,0.000274,0.00078,0.0018,0.0028,0.005,0.02037,0.790687,0.01656,0.00048,0.76625,0.7856,0.7923,0.79835,0.80952,0.00497,0.00947,0.000274,0.00078,0.0018,0.0028,0.005,0.02037,0.795657,0.00977,0.000283,0.77808,0.7904,0.7961,0.8014,0.8112,0.526112,0.39058,0.008734,0.1902,0.2024,0.2126,0.9999,0.9999,0.002959,0.00771,0.000172,0.0,0.0,0.0014,0.0033,0.0172,0.470928,0.38828,0.008682,0.0001,0.0001,0.78155,0.7942,0.8071,0.002959,0.00771,0.000172,0.0,0.0,0.0014,0.0033,0.0172,0.473888,0.39058,0.008734,0.0001,0.0001,0.7874,0.7976,0.8098
49.0,0.204227,0.00944,0.000274,0.18855,0.1986,0.2038,0.2096,0.22182,0.004491,0.00885,0.000256,0.0007,0.0016,0.0025,0.00455,0.01788,0.791282,0.01555,0.000451,0.76788,0.7862,0.7926,0.7987,0.8098,0.004491,0.00885,0.000256,0.0007,0.0016,0.0025,0.00455,0.01788,0.795773,0.00944,0.000274,0.77818,0.7904,0.7962,0.8014,0.81145,0.526043,0.39064,0.008735,0.1902,0.2023,0.21245,0.9999,0.9999,0.002674,0.00717,0.00016,0.0,0.0,0.0013,0.0029,0.01541,0.471283,0.38855,0.008688,0.0001,0.0001,0.7823,0.7945,0.8073,0.002674,0.00717,0.00016,0.0,0.0,0.0013,0.0029,0.01541,0.473957,0.39064,0.008735,0.0001,0.0001,0.78755,0.7977,0.8098
49.5,0.204127,0.00914,0.000265,0.1884,0.19855,0.2037,0.20945,0.22162,0.004048,0.00835,0.000242,0.0005,0.0014,0.0023,0.0041,0.01588,0.791825,0.01468,0.000425,0.76915,0.7866,0.7931,0.799,0.80992,0.004048,0.00835,0.000242,0.0005,0.0014,0.0023,0.0041,0.01588,0.795873,0.00914,0.000265,0.77838,0.79055,0.7963,0.80145,0.8116,0.525983,0.39068,0.008736,0.1901,0.2022,0.2123,0.9999,0.9999,0.002411,0.00675,0.000151,0.0,0.0,0.0011,0.0026,0.0141,0.471606,0.3888,0.008694,0.0001,0.0001,0.7828,0.79482,0.8075,0.002411,0.00675,0.000151,0.0,0.0,0.0011,0.0026,0.0141,0.474017,0.39068,0.008736,0.0001,0.0001,0.7877,0.7978,0.8099
50.0,0.204039,0.00894,0.000259,0.18838,0.1985,0.2037,0.2094,0.22162,0.003654,0.00777,0.000225,0.00048,0.0013,0.002,0.0037,0.01462,0.792307,0.01386,0.000402,0.77045,0.787,0.7934,0.79925,0.81005,0.003654,0.00777,0.000225,0.00048,0.0013,0.002,0.0037,0.01462,0.795961,0.00894,0.000259,0.77838,0.7906,0.7963,0.8015,0.81162,0.525931,0.39072,0.008737,0.1901,0.2022,0.2123,0.9999,0.9999,0.002176,0.00626,0.00014,0.0,0.0,0.001,0.0024,0.0126,0.471893,0.38901,0.008699,0.0001,0.0001,0.78345,0.7952,0.8078,0.002176,0.00626,0.00014,0.0,0.0,0.001,0.0024,0.0126,0.474069,0.39072,0.008737,0.0001,0.0001,0.7877,0.7978,0.8099
50.5,0.203963,0.00879,0.000255,0.18828,0.1984,0.2037,0.20935,0.2213,0.003296,0.00724,0.00021,0.0004,0.0011,0.0018,0.0033,0.01338,0.792741,0.01313,0.000381,0.7714,0.7874,0.7939,0.7995,0.81022,0.003296,0.00724,0.00021,0.0004,0.0011,0.0018,0.0033,0.01338,0.796037,0.00879,0.000255,0.7787,0.79065,0.7963,0.8016,0.81172,0.525886,0.39076,0.008738,0.1901,0.2022,0.2122,0.9999,0.9999,0.001963,0.00581,0.00013,0.0,0.0,0.0009,0.0022,0.0111,0.472151,0.38921,0.008703,0.0001,0.0001,0.7839,0.7955,0.8079,0.001963,0.00581,0.00013,0.0,0.0,0.0009,0.0022,0.0111,0.474114,0.39076,0.008738,0.0001,0.0001,0.7878,0.7978,0.8099
51.0,0.203893,0.00865,0.000251,0.18817,0.19835,0.2036,0.2093,0.22112,0.002978,0.00672,0.000195,0.0003,0.001,0.0016,0.00295,0.01215,0.793129,0.01245,0.000361,0.77208,0.78775,0.7942,0.7997,0.81033,0.002978,0.00672,0.000195,0.0003,0.001,0.0016,0.00295,0.01215,0.796107,0.00865,0.000251,0.77888,0.7907,0.7964,0.80165,0.81182,0.525844,0.39079,0.008738,0.19,0.202,0.21215,0.9999,0.9999,0.001774,0.00539,0.000121,0.0,0.0,0.0008,0.002,0.01,0.472382,0.38939,0.008707,0.0001,0.0001,0.78435,0.79562,0.8081,0.001774,0.00539,0.000121,0.0,0.0,0.0008,0.002,0.01,0.474156,0.39079,0.008738,0.0001,0.0001,0.78785,0.798,0.81
51.5,0.203832,0.00855,0.000248,0.18817,0.1983,0.2036,0.2093,0.22102,0.002685,0.00624,0.000181,0.0003,0.0009,0.0015,0.0027,0.01095,0.793482,0.01186,0.000344,0.77308,0.7882,0.7944,0.7999,0.8105,0.002685,0.00624,0.000181,0.0003,0.0009,0.0015,0.0027,0.01095,0.796168,0.00855,0.000248,0.77898,0.7907,0.7964,0.8017,0.81182,0.525808,0.39082,0.008739,0.19,0.202,0.212,0.9999,0.9999,0.001599,0.00499,0.000112,0.0,0.0,0.0007,0.0018,0.0088,0.472593,0.38955,0.008711,0.0001,0.0001,0.7848,0.7959,0.8083,0.001599,0.00499,0.000112,0.0,0.0,0.0007,0.0018,0.0088,0.474192,0.39082,0.008739,0.0001,0.0001,0.788,0.798,0.81
52.0,0.203778,0.00848,0.000246,0.18808,0.1982,0.2035,0.20925,0.221,0.00242,0.00577,0.000167,0.0002,0.0008,0.0013,0.0024,0.01035,0.793803,0.01134,0.000329,0.7744,0.78855,0.7945,0.8001,0.81062,0.00242,0.00577,0.000167,0.0002,0.0008,0.0013,0.0024,0.01035,0.796222,0.00848,0.000246,0.779,0.79075,0.7965,0.8018,0.81192,0.525775,0.39084,0.00874,0.19,0.202,0.212,0.9999,0.9999,0.001441,0.00461,0.000103,0.0,0.0,0.0006,0.0016,0.008,0.472784,0.3897,0.008714,0.0001,0.0001,0.78515,0.7961,0.8084,0.001441,0.00461,0.000103,0.0,0.0,0.0006,0.0016,0.008,0.474225,0.39084,0.00874,0.0001,0.0001,0.788,0.798,0.81
52.5,0.203732,0.00842,0.000244,0.18805,0.1982,0.2035,0.2092,0.22075,0.00218,0.00532,0.000154,0.0002,0.0007,0.0012,0.0022,0.00913,0.794088,0.01091,0.000316,0.77503,0.7889,0.7947,0.8003,0.81072,0.00218,0.00532,0.000154,0.0002,0.0007,0.0012,0.0022,0.00913,0.796268,0.00842,0.000244,0.77925,0.7908,0.7965,0.8018,0.81195,0.525748,0.39087,0.00874,0.19,0.2019,0.21195,0.9999,0.9999,0.001298,0.00424,9.5e-5,0.0,0.0,0.0006,0.0014,0.0072,0.472954,0.38983,0.008717,0.0001,0.0001,0.78565,0.7964,0.8085,0.001298,0.00424,9.5e-5,0.0,0.0,0.0006,0.0014,0.0072,0.474252,0.39087,0.00874,0.0001,0.0001,0.78805,0.7981,0.81
53.0,0.203692,0.00838,0.000243,0.18805,0.1982,0.2035,0.2092,0.22033,0.001961,0.00492,0.000142,0.0002,0.0006,0.0011,0.0019,0.00832,0.794347,0.01053,0.000305,0.77545,0.7891,0.7949,0.8004,0.81075,0.001961,0.00492,0.000142,0.0002,0.0006,0.0011,0.0019,0.00832,0.796308,0.00838,0.000243,0.77968,0.7908,0.7965,0.8018,0.81195,0.525724,0.39089,0.00874,0.1899,0.20188,0.2119,0.9999,0.9999,0.001168,0.00391,8.7e-5,0.0,0.0,0.0005,0.0013,0.0064,0.473108,0.38995,0.00872,0.0001,0.0001,0.786,0.7965,0.8087,0.001168,0.00391,8.7e-5,0.0,0.0,0.0005,0.0013,0.0064,0.474276,0.39089,0.00874,0.0001,0.0001,0.7881,0.79813,0.8101
53.5,0.203652,0.00832,0.000241,0.18802,0.1981,0.2035,0.20915,0.22028,0.001766,0.00457,0.000132,0.0001,0.0005,0.0009,0.0017,0.00755,0.794582,0.01016,0.000294,0.77625,0.78935,0.795,0.80055,0.81075,0.001766,0.00457,0.000132,0.0001,0.0005,0.0009,0.0017,0.00755,0.796348,0.00832,0.000241,0.77972,0.79085,0.7965,0.8019,0.81197,0.525701,0.3909,0.008741,0.1899,0.2018,0.2119,0.9999,0.9999,0.001051,0.00363,8.1e-5,0.0,0.0,0.0004,0.0011,0.00571,0.473248,0.39006,0.008722,0.0001,0.0001,0.7862,0.7966,0.8089,0.001051,0.00363,8.1e-5,0.0,0.0,0.0004,0.0011,0.00571,0.474299,0.3909,0.008741,0.0001,0.0001,0.7881,0.7982,0.8101
54.0,0.203617,0.00829,0.00024,0.18802,0.1981,0.2035,0.20915,0.22028,0.001588,0.00423,0.000122,0.0001,0.0005,0.0008,0.0015,0.0067,0.794794,0.00986,0.000286,0.77657,0.78955,0.7952,0.8007,0.81075,0.001588,0.00423,0.000122,0.0001,0.0005,0.0008,0.0015,0.0067,0.796383,0.00829,0.00024,0.77972,0.79085,0.7965,0.8019,0.81197,0.52568,0.39092,0.008741,0.1899,0.2018,0.2119,0.9999,0.9999,0.000946,0.00335,7.5e-5,0.0,0.0,0.00035,0.001,0.0054,0.473374,0.39016,0.008724,0.0001,0.0001,0.7866,0.7969,0.809,0.000946,0.00335,7.5e-5,0.0,0.0,0.00035,0.001,0.0054,0.47432,0.39092,0.008741,0.0001,0.0001,0.7881,0.7982,0.8101
54.5,0.203589,0.00827,0.00024,0.18795,0.19805,0.2034,0.2091,0.22028,0.001428,0.0039,0.000113,0.0001,0.0004,0.0008,0.0014,0.00622,0.794983,0.0096,0.000278,0.77703,0.7896,0.7954,0.80085,0.81075,0.001428,0.0039,0.000113,0.0001,0.0004,0.0008,0.0014,0.00622,0.796411,0.00827,0.00024,0.77972,0.7909,0.7966,0.80195,0.81205,0.525663,0.39093,0.008742,0.1899,0.2018,0.21175,0.9999,0.9999,0.00085,0.00309,6.9e-5,0.0,0.0,0.0003,0.0009,0.0048,0.473487,0.39025,0.008726,0.0001,0.0001,0.7867,0.797,0.8092,0.00085,0.00309,6.9e-5,0.0,0.0,0.0003,0.0009,0.0048,0.474337,0.39093,0.008742,0.0001,0.0001,0.78825,0.7982,0.8101
55.0,0.203562,0.00825,0.000239,0.18795,0.19805,0.2034,0.2091,0.2202,0.001287,0.00353,0.000102,0.0001,0.0004,0.0007,0.0013,0.0055,0.795151,0.00934,0.000271,0.77745,0.7899,0.7955,0.801,0.81082,0.001287,0.00353,0.000102,0.0001,0.0004,0.0007,0.0013,0.0055,0.796438,0.00825,0.000239,0.7798,0.7909,0.7966,0.80195,0.81205,0.525647,0.39095,0.008742,0.1899,0.2018,0.2117,0.9999,0.9999,0.000767,0.0028,6.3e-5,0.0,0.0,0.0003,0.0008,0.0043,0.473586,0.39033,0.008728,0.0001,0.0001,0.7867,0.7971,0.8093,0.000767,0.0028,6.3e-5,0.0,0.0,0.0003,0.0008,0.0043,0.474353,0.39095,0.008742,0.0001,0.0001,0.7883,0.7982,0.8101
55.5,0.203542,0.00824,0.000239,0.18795,0.19805,0.2034,0.2091,0.22012,0.001159,0.00321,9.3e-5,0.0001,0.0003,0.0006,0.0011,0.00505,0.795299,0.00915,0.000265,0.77768,0.79,0.7956,0.8011,0.8109,0.001159,0.00321,9.3e-5,0.0001,0.0003,0.0006,0.0011,0.00505,0.796458,0.00824,0.000239,0.77988,0.7909,0.7966,0.80195,0.81205,0.525635,0.39096,0.008742,0.1898,0.2018,0.2117,0.9999,0.9999,0.00069,0.00254,5.7e-5,0.0,0.0,0.0002,0.0007,0.0039,0.473675,0.3904,0.00873,0.0001,0.0001,0.7871,0.79722,0.8095,0.00069,0.00254,5.7e-5,0.0,0.0,0.0002,0.0007,0.0039,0.474365,0.39096,0.008742,0.0001,0.0001,0.7883,0.7982,0.8102
56.0,0.203523,0.00823,0.000238,0.18795,0.198,0.2034,0.20905,0.22012,0.00104,0.00292,8.5e-5,0.0,0.0003,0.0005,0.001,0.00462,0.795438,0.00898,0.00026,0.77788,0.7901,0.7957,0.8012,0.81092,0.00104,0.00292,8.5e-5,0.0,0.0003,0.0005,0.001,0.00462,0.796477,0.00823,0.000238,0.77988,0.79095,0.7966,0.802,0.81205,0.525624,0.39097,0.008742,0.1898,0.2018,0.2117,0.9999,0.9999,0.000619,0.00231,5.2e-5,0.0,0.0,0.0002,0.0007,0.0034,0.473757,0.39047,0.008731,0.0001,0.0001,0.78715,0.7973,0.8096,0.000619,0.00231,5.2e-5,0.0,0.0,0.0002,0.0007,0.0034,0.474376,0.39097,0.008742,0.0001,0.0001,0.7883,0.7982,0.8102
56.5,0.203504,0.00822,0.000238,0.18795,0.198,0.2034,0.20905,0.21988,0.000935,0.00267,7.7e-5,0.0,0.0002,0.0005,0.0009,0.00412,0.795561,0.00885,0.000256,0.77798,0.7902,0.7958,0.8012,0.811,0.000935,0.00267,7.7e-5,0.0,0.0002,0.0005,0.0009,0.00412,0.796496,0.00822,0.000238,0.78012,0.79095,0.7966,0.802,0.81205,0.525612,0.39098,0.008742,0.1898,0.20178,0.2117,0.9999,0.9999,0.000557,0.00211,4.7e-5,0.0,0.0,0.0002,0.0006,0.0033,0.473831,0.39052,0.008732,0.0001,0.0001,0.7874,0.7974,0.8097,0.000557,0.00211,4.7e-5,0.0,0.0,0.0002,0.0006,0.0033,0.474388,0.39098,0.008742,0.0001,0.0001,0.7883,0.79822,0.8102
57.0,0.203486,0.00822,0.000238,0.18795,0.198,0.2034,0.209,0.2198,0.000845,0.00247,7.2e-5,0.0,0.0002,0.0004,0.0008,0.0037,0.795668,0.00875,0.000253,0.778,0.7903,0.7959,0.8013,0.81118,0.000845,0.00247,7.2e-5,0.0,0.0002,0.0004,0.0008,0.0037,0.796514,0.00822,0.000238,0.7802,0.791,0.7966,0.802,0.81205,0.525602,0.39098,0.008743,0.1898,0.2017,0.2117,0.9999,0.9999,0.000503,0.00195,4.4e-5,0.0,0.0,0.0001,0.0005,0.003,0.473895,0.39058,0.008734,0.0001,0.0001,0.7874,0.7975,0.8097,0.000503,0.00195,4.4e-5,0.0,0.0,0.0001,0.0005,0.003,0.474398,0.39098,0.008743,0.0001,0.0001,0.7883,0.7983,0.8102
57.5,0.203474,0.00821,0.000238,0.18788,0.198,0.2034,0.209,0.21965,0.000756,0.00224,6.5e-5,0.0,0.0002,0.0004,0.0007,0.0034,0.79577,0.00865,0.000251,0.77828,0.7904,0.796,0.80135,0.81132,0.000756,0.00224,6.5e-5,0.0,0.0002,0.0004,0.0007,0.0034,0.796526,0.00821,0.000238,0.78035,0.791,0.7966,0.802,0.81212,0.525595,0.39099,0.008743,0.1898,0.2017,0.2117,0.9999,0.9999,0.00045,0.00177,3.9e-5,0.0,0.0,0.0001,0.0004,0.0027,0.473955,0.39062,0.008735,0.0001,0.0001,0.7875,0.7976,0.8097,0.00045,0.00177,3.9e-5,0.0,0.0,0.0001,0.0004,0.0027,0.474405,0.39099,0.008743,0.0001,0.0001,0.7883,0.7983,0.8102
58.0,0.203461,0.00821,0.000238,0.18788,0.198,0.2033,0.209,0.2195,0.000676,0.00201,5.8e-5,0.0,0.0002,0.0003,0.0007,0.00292,0.795863,0.00857,0.000248,0.77838,0.7904,0.7961,0.8014,0.81135,0.000676,0.00201,5.8e-5,0.0,0.0002,0.0003,0.0007,0.00292,0.796539,0.00821,0.000238,0.7805,0.791,0.7967,0.802,0.81212,0.525587,0.391,0.008743,0.1897,0.20168,0.2117,0.9999,0.9999,0.000402,0.00159,3.6e-5,0.0,0.0,0.0001,0.0004,0.0024,0.474011,0.39067,0.008736,0.0001,0.0001,0.7876,0.7976,0.8098,0.000402,0.00159,3.6e-5,0.0,0.0,0.0001,0.0004,0.0024,0.474413,0.391,0.008743,0.0001,0.0001,0.7883,0.79832,0.8103
58.5,0.203451,0.00821,0.000238,0.18788,0.198,0.2033,0.209,0.2194,0.000608,0.00183,5.3e-5,0.0,0.0001,0.0003,0.0006,0.0027,0.795941,0.0085,0.000246,0.77875,0.7905,0.7962,0.80145,0.81135,0.000608,0.00183,5.3e-5,0.0,0.0001,0.0003,0.0006,0.0027,0.796549,0.00821,0.000238,0.7806,0.791,0.7967,0.802,0.81212,0.525581,0.391,0.008743,0.1897,0.20168,0.2117,0.9999,0.9999,0.000362,0.00145,3.2e-5,0.0,0.0,0.0001,0.0004,0.0021,0.474057,0.39071,0.008736,0.0001,0.0001,0.7877,0.7977,0.8098,0.000362,0.00145,3.2e-5,0.0,0.0,0.0001,0.0004,0.0021,0.474419,0.391,0.008743,0.0001,0.0001,0.7883,0.79832,0.8103
59.0,0.203442,0.0082,0.000238,0.18788,0.19795,0.2033,0.209,0.2193,0.000547,0.00169,4.9e-5,0.0,0.0001,0.0003,0.00055,0.0024,0.796011,0.00846,0.000245,0.7788,0.7905,0.7962,0.8015,0.81135,0.000547,0.00169,4.9e-5,0.0,0.0001,0.0003,0.00055,0.0024,0.796558,0.0082,0.000238,0.7807,0.791,0.7967,0.80205,0.81212,0.525576,0.39101,0.008743,0.1897,0.20168,0.2117,0.9999,0.9999,0.000326,0.00133,3.0e-5,0.0,0.0,0.0001,0.0003,0.0019,0.474099,0.39074,0.008737,0.0001,0.0001,0.7877,0.7978,0.8099,0.000326,0.00133,3.0e-5,0.0,0.0,0.0001,0.0003,0.0019,0.474424,0.39101,0.008743,0.0001,0.0001,0.7883,0.79832,0.8103
59.5,0.203433,0.0082,0.000238,0.1878,0.1979,0.2033,0.20895,0.21928,0.000491,0.00154,4.5e-5,0.0,0.0001,0.0002,0.0005,0.0021,0.796076,0.00842,0.000244,0.7789,0.79055,0.7963,0.80155,0.8115,0.000491,0.00154,4.5e-5,0.0,0.0001,0.0002,0.0005,0.0021,0.796567,0.0082,0.000238,0.78073,0.79105,0.7967,0.8021,0.8122,0.52557,0.39101,0.008743,0.1897,0.20168,0.2117,0.9999,0.9999,0.000292,0.00122,2.7e-5,0.0,0.0,0.0001,0.0003,0.0017,0.474137,0.39077,0.008738,0.0001,0.0001,0.7877,0.7979,0.8099,0.000292,0.00122,2.7e-5,0.0,0.0,0.0001,0.0003,0.0017,0.47443,0.39101,0.008743,0.0001,0.0001,0.7883,0.79832,0.8103
60.0,0.203427,0.0082,0.000238,0.1878,0.1979,0.2033,0.20895,0.21922,0.000439,0.00141,4.1e-5,0.0,0.0001,0.0002,0.0004,0.0019,0.796134,0.00838,0.000243,0.77898,0.79065,0.7963,0.8017,0.81152,0.000439,0.00141,4.1e-5,0.0,0.0001,0.0002,0.0004,0.0019,0.796573,0.0082,0.000238,0.78078,0.79105,0.7967,0.8021,0.8122,0.525566,0.39101,0.008743,0.1897,0.2016,0.2117,0.9999,0.9999,0.000262,0.00111,2.5e-5,0.0,0.0,0.0,0.0003,0.0015,0.474172,0.3908,0.008739,0.0001,0.0001,0.7878,0.7979,0.81,0.000262,0.00111,2.5e-5,0.0,0.0,0.0,0.0003,0.0015,0.474434,0.39101,0.008743,0.0001,0.0001,0.7883,0.7984,0.8103
60.5,0.203421,0.0082,0.000238,0.1878,0.1979,0.2033,0.20895,0.2192,0.000394,0.0013,3.8e-5,0.0,0.0001,0.0002,0.0004,0.0018,0.796185,0.00835,0.000242,0.7794,0.7907,0.7964,0.8017,0.81162,0.000394,0.0013,3.8e-5,0.0,0.0001,0.0002,0.0004,0.0018,0.796579,0.0082,0.000238,0.7808,0.79105,0.7967,0.8021,0.8122,0.525563,0.39102,0.008743,0.1897,0.2016,0.2117,0.9999,0.9999,0.000235,0.00102,2.3e-5,0.0,0.0,0.0,0.0002,0.0014,0.474202,0.39082,0.008739,0.0001,0.0001,0.7879,0.7979,0.8101,0.000235,0.00102,2.3e-5,0.0,0.0,0.0,0.0002,0.0014,0.474437,0.39102,0.008743,0.0001,0.0001,0.7883,0.7984,0.8103
61.0,0.203414,0.0082,0.000238,0.1878,0.1979,0.2033,0.2089,0.21915,0.000355,0.00119,3.4e-5,0.0,0.0001,0.0002,0.0003,0.00163,0.796231,0.00832,0.000241,0.77982,0.7907,0.7964,0.8018,0.81168,0.000355,0.00119,3.4e-5,0.0,0.0001,0.0002,0.0003,0.00163,0.796586,0.0082,0.000238,0.78085,0.7911,0.7967,0.8021,0.8122,0.525559,0.39102,0.008743,0.1897,0.2016,0.2117,0.9999,0.9999,0.000211,0.00093,2.1e-5,0.0,0.0,0.0,0.0002,0.0013,0.47423,0.39085,0.00874,0.0001,0.0001,0.7879,0.798,0.8101,0.000211,0.00093,2.1e-5,0.0,0.0,0.0,0.0002,0.0013,0.474441,0.39102,0.008743,0.0001,0.0001,0.7883,0.7984,0.8103
61.5,0.203408,0.0082,0.000238,0.1878,0.1979,0.2033,0.2089,0.21912,0.000317,0.00111,3.2e-5,0.0,0.0,0.0001,0.0003,0.0015,0.796276,0.00829,0.00024,0.77985,0.7908,0.7965,0.8018,0.81175,0.000317,0.00111,3.2e-5,0.0,0.0,0.0001,0.0003,0.0015,0.796592,0.0082,0.000238,0.78088,0.7911,0.7967,0.8021,0.8122,0.525555,0.39102,0.008744,0.1897,0.2016,0.2117,0.9999,0.9999,0.000189,0.00087,1.9e-5,0.0,0.0,0.0,0.0002,0.0011,0.474256,0.39087,0.00874,0.0001,0.0001,0.788,0.7981,0.8101,0.000189,0.00087,1.9e-5,0.0,0.0,0.0,0.0002,0.0011,0.474445,0.39102,0.008744,0.0001,0.0001,0.7883,0.7984,0.8103
62.0,0.203403,0.0082,0.000237,0.1878,0.1979,0.2033,0.2089,0.2191,0.000281,0.00099,2.9e-5,0.0,0.0,0.0001,0.0003,0.0013,0.796315,0.00827,0.00024,0.77985,0.7908,0.7965,0.80185,0.81175,0.000281,0.00099,2.9e-5,0.0,0.0,0.0001,0.0003,0.0013,0.796597,0.0082,0.000237,0.7809,0.7911,0.7967,0.8021,0.8122,0.525552,0.39102,0.008744,0.1896,0.2016,0.2117,0.9999,0.9999,0.000168,0.00077,1.7e-5,0.0,0.0,0.0,0.0002,0.001,0.47428,0.39089,0.008741,0.0001,0.0001,0.788,0.7981,0.8101,0.000168,0.00077,1.7e-5,0.0,0.0,0.0,0.0002,0.001,0.474448,0.39102,0.008744,0.0001,0.0001,0.7883,0.7984,0.8104
62.5,0.203399,0.0082,0.000237,0.1878,0.1979,0.2033,0.2089,0.2191,0.000251,0.00089,2.6e-5,0.0,0.0,0.0001,0.0003,0.0012,0.796349,0.00826,0.000239,0.77988,0.79085,0.7965,0.80195,0.81175,0.000251,0.00089,2.6e-5,0.0,0.0,0.0001,0.0003,0.0012,0.796601,0.0082,0.000237,0.7809,0.7911,0.7967,0.8021,0.8122,0.52555,0.39103,0.008744,0.1896,0.20158,0.2117,0.9999,0.9999,0.00015,0.00069,1.6e-5,0.0,0.0,0.0,0.0001,0.0009,0.4743,0.3909,0.008741,0.0001,0.0001,0.7881,0.7981,0.8101,0.00015,0.00069,1.6e-5,0.0,0.0,0.0,0.0001,0.0009,0.47445,0.39103,0.008744,0.0001,0.0001,0.7883,0.79842,0.8104
63.0,0.203395,0.0082,0.000237,0.1878,0.1979,0.2033,0.2089,0.2191,0.000225,0.0008,2.3e-5,0.0,0.0,0.0001,0.0002,0.0011,0.796379,0.00824,0.000239,0.7799,0.79085,0.7966,0.80195,0.81175,0.000225,0.0008,2.3e-5,0.0,0.0,0.0001,0.0002,0.0011,0.796605,0.0082,0.000237,0.7809,0.7911,0.7967,0.8021,0.8122,0.525548,0.39103,0.008744,0.1895,0.2015,0.2117,0.9999,0.9999,0.000134,0.00063,1.4e-5,0.0,0.0,0.0,0.0001,0.0008,0.474318,0.39092,0.008741,0.0001,0.0001,0.7882,0.7982,0.8101,0.000134,0.00063,1.4e-5,0.0,0.0,0.0,0.0001,0.0008,0.474452,0.39103,0.008744,0.0001,0.0001,0.7883,0.7985,0.8105
63.5,0.203392,0.00819,0.000237,0.1878,0.1979,0.2033,0.2089,0.2191,0.000202,0.00072,2.1e-5,0.0,0.0,0.0001,0.0002,0.001,0.796406,0.00823,0.000238,0.7802,0.79085,0.7966,0.80195,0.81182,0.000202,0.00072,2.1e-5,0.0,0.0,0.0001,0.0002,0.001,0.796608,0.00819,0.000237,0.7809,0.7911,0.7967,0.8021,0.8122,0.525546,0.39103,0.008744,0.1895,0.2015,0.21165,0.9999,0.9999,0.00012,0.00056,1.3e-5,0.0,0.0,0.0,0.0001,0.0008,0.474334,0.39093,0.008741,0.0001,0.0001,0.78825,0.7982,0.8101,0.00012,0.00056,1.3e-5,0.0,0.0,0.0,0.0001,0.0008,0.474454,0.39103,0.008744,0.0001,0.0001,0.78835,0.7985,0.8105
64.0,0.203389,0.0082,0.000237,0.1878,0.1979,0.2033,0.2089,0.2191,0.00018,0.00065,1.9e-5,0.0,0.0,0.0001,0.0002,0.0009,0.796431,0.00822,0.000238,0.78045,0.79085,0.7966,0.802,0.8119,0.00018,0.00065,1.9e-5,0.0,0.0,0.0001,0.0002,0.0009,0.796611,0.0082,0.000237,0.7809,0.7911,0.7967,0.8021,0.8122,0.525544,0.39103,0.008744,0.1895,0.2015,0.21165,0.9999,0.9999,0.000107,0.00051,1.1e-5,0.0,0.0,0.0,0.0001,0.0007,0.474349,0.39094,0.008742,0.0001,0.0001,0.78825,0.7982,0.8101,0.000107,0.00051,1.1e-5,0.0,0.0,0.0,0.0001,0.0007,0.474456,0.39103,0.008744,0.0001,0.0001,0.78835,0.7985,0.8105
64.5,0.203387,0.00819,0.000237,0.1878,0.1979,0.2033,0.2089,0.2191,0.00016,0.00059,1.7e-5,0.0,0.0,0.0001,0.0002,0.0008,0.796454,0.00822,0.000238,0.78065,0.7909,0.7966,0.802,0.81205,0.00016,0.00059,1.7e-5,0.0,0.0,0.0001,0.0002,0.0008,0.796613,0.00819,0.000237,0.7809,0.7911,0.7967,0.8021,0.8122,0.525543,0.39103,0.008744,0.1895,0.2015,0.21165,0.9999,0.9999,9.5e-5,0.00046,1.0e-5,0.0,0.0,0.0,0.0001,0.0006,0.474362,0.39095,0.008742,0.0001,0.0001,0.7883,0.7982,0.8101,9.5e-5,0.00046,1.0e-5,0.0,0.0,0.0,0.0001,0.0006,0.474457,0.39103,0.008744,0.0001,0.0001,0.78835,0.7985,0.8105
65.0,0.203384,0.00819,0.000237,0.18778,0.1979,0.2033,0.2089,0.2191,0.000143,0.00053,1.5e-5,0.0,0.0,0.0,0.0002,0.00072,0.796473,0.00821,0.000238,0.78078,0.7909,0.7966,0.802,0.81205,0.000143,0.00053,1.5e-5,0.0,0.0,0.0,0.0002,0.00072,0.796616,0.00819,0.000237,0.7809,0.7911,0.7967,0.8021,0.81223,0.525541,0.39103,0.008744,0.1895,0.2015,0.21165,0.9999,0.9999,8.5e-5,0.00041,9.0e-6,0.0,0.0,0.0,0.0001,0.0005,0.474374,0.39096,0.008742,0.0001,0.0001,0.7883,0.79822,0.8102,8.5e-5,0.00041,9.0e-6,0.0,0.0,0.0,0.0001,0.0005,0.474459,0.39103,0.008744,0.0001,0.0001,0.78835,0.7985,0.8105
65.5,0.203383,0.00819,0.000237,0.18778,0.1979,0.2033,0.2089,0.2191,0.000126,0.00048,1.4e-5,0.0,0.0,0.0,0.0001,0.0007,0.796491,0.00821,0.000238,0.78078,0.7909,0.7966,0.802,0.81205,0.000126,0.00048,1.4e-5,0.0,0.0,0.0,0.0001,0.0007,0.796617,0.00819,0.000237,0.7809,0.7911,0.7967,0.8021,0.81223,0.52554,0.39103,0.008744,0.1895,0.2015,0.21165,0.9999,0.9999,7.5e-5,0.00038,8.0e-6,0.0,0.0,0.0,0.0001,0.0005,0.474384,0.39097,0.008742,0.0001,0.0001,0.7883,0.7983,0.8102,7.5e-5,0.00038,8.0e-6,0.0,0.0,0.0,0.0001,0.0005,0.47446,0.39103,0.008744,0.0001,0.0001,0.78835,0.7985,0.8105
66.0,0.203381,0.00819,0.000237,0.18778,0.1979,0.2033,0.2089,0.2191,0.000114,0.00045,1.3e-5,0.0,0.0,0.0,0.0001,0.0006,0.796505,0.00821,0.000238,0.78085,0.79095,0.7966,0.802,0.81205,0.000114,0.00045,1.3e-5,0.0,0.0,0.0,0.0001,0.0006,0.796619,0.00819,0.000237,0.7809,0.7911,0.7967,0.8021,0.81223,0.525539,0.39104,0.008744,0.1895,0.2015,0.21165,0.9999,0.9999,6.8e-5,0.00035,8.0e-6,0.0,0.0,0.0,0.0001,0.0004,0.474393,0.39098,0.008743,0.0001,0.0001,0.7883,0.7983,0.8102,6.8e-5,0.00035,8.0e-6,0.0,0.0,0.0,0.0001,0.0004,0.474461,0.39104,0.008744,0.0001,0.0001,0.78835,0.7985,0.8105
66.5,0.203379,0.00819,0.000237,0.18778,0.1979,0.2033,0.20885,0.2191,0.000103,0.00042,1.2e-5,0.0,0.0,0.0,0.0001,0.0005,0.796518,0.0082,0.000238,0.78085,0.791,0.7966,0.802,0.81212,0.000103,0.00042,1.2e-5,0.0,0.0,0.0,0.0001,0.0005,0.796621,0.00819,0.000237,0.7809,0.79115,0.7967,0.8021,0.81223,0.525538,0.39104,0.008744,0.1895,0.2015,0.21165,0.9999,0.9999,6.1e-5,0.00033,7.0e-6,0.0,0.0,0.0,0.0,0.0004,0.474401,0.39099,0.008743,0.0001,0.0001,0.7883,0.7983,0.8102,6.1e-5,0.00033,7.0e-6,0.0,0.0,0.0,0.0,0.0004,0.474462,0.39104,0.008744,0.0001,0.0001,0.78835,0.7985,0.8105
67.0,0.203377,0.00819,0.000237,0.18778,0.1979,0.2033,0.20885,0.2191,9.3e-5,0.00038,1.1e-5,0.0,0.0,0.0,0.0001,0.0005,0.79653,0.0082,0.000238,0.78085,0.791,0.7967,0.802,0.81212,9.3e-5,0.00038,1.1e-5,0.0,0.0,0.0,0.0001,0.0005,0.796623,0.00819,0.000237,0.7809,0.79115,0.7967,0.8021,0.81223,0.525537,0.39104,0.008744,0.1895,0.2015,0.21165,0.9999,0.9999,5.5e-5,0.00029,7.0e-6,0.0,0.0,0.0,0.0,0.0004,0.474408,0.39099,0.008743,0.0001,0.0001,0.7883,0.7983,0.8102,5.5e-5,0.00029,7.0e-6,0.0,0.0,0.0,0.0,0.0004,0.474463,0.39104,0.008744,0.0001,0.0001,0.78835,0.7985,0.8105
67.5,0.203376,0.00819,0.000237,0.18778,0.1979,0.2033,0.20885,0.2191,8.4e-5,0.00035,1.0e-5,0.0,0.0,0.0,0.0001,0.0005,0.796541,0.0082,0.000238,0.78085,0.791,0.7967,0.802,0.8122,8.4e-5,0.00035,1.0e-5,0.0,0.0,0.0,0.0001,0.0005,0.796624,0.00819,0.000237,0.7809,0.79115,0.7967,0.8021,0.81223,0.525536,0.39104,0.008744,0.1895,0.2015,0.21165,0.9999,0.9999,5.0e-5,0.00027,6.0e-6,0.0,0.0,0.0,0.0,0.0003,0.474414,0.391,0.008743,0.0001,0.0001,0.7883,0.7983,0.8102,5.0e-5,0.00027,6.0e-6,0.0,0.0,0.0,0.0,0.0003,0.474464,0.39104,0.008744,0.0001,0.0001,0.78835,0.7985,0.8105
68.0,0.203375,0.00819,0.000237,0.18778,0.1979,0.2033,0.20885,0.2191,7.4e-5,0.0003,9.0e-6,0.0,0.0,0.0,0.0001,0.0005,0.796551,0.0082,0.000238,0.78085,0.791,0.7967,0.80205,0.8122,7.4e-5,0.0003,9.0e-6,0.0,0.0,0.0,0.0001,0.0005,0.796625,0.00819,0.000237,0.7809,0.79115,0.7967,0.8021,0.81223,0.525536,0.39104,0.008744,0.1895,0.2015,0.21165,0.9999,0.9999,4.4e-5,0.00023,5.0e-6,0.0,0.0,0.0,0.0,0.0003,0.47442,0.391,0.008743,0.0001,0.0001,0.7883,0.7984,0.8102,4.4e-5,0.00023,5.0e-6,0.0,0.0,0.0,0.0,0.0003,0.474464,0.39104,0.008744,0.0001,0.0001,0.78835,0.7985,0.8105
68.5,0.203374,0.00819,0.000237,0.18778,0.1979,0.2033,0.20885,0.2191,6.8e-5,0.00027,8.0e-6,0.0,0.0,0.0,0.0001,0.0004,0.796558,0.0082,0.000238,0.78085,0.791,0.7967,0.80205,0.8122,6.8e-5,0.00027,8.0e-6,0.0,0.0,0.0,0.0001,0.0004,0.796626,0.00819,0.000237,0.7809,0.79115,0.7967,0.8021,0.81223,0.525535,0.39104,0.008744,0.1895,0.2015,0.21165,0.9999,0.9999,4.0e-5,0.00021,5.0e-6,0.0,0.0,0.0,0.0,0.0003,0.474425,0.39101,0.008743,0.0001,0.0001,0.7883,0.7984,0.8102,4.0e-5,0.00021,5.0e-6,0.0,0.0,0.0,0.0,0.0003,0.474465,0.39104,0.008744,0.0001,0.0001,0.78835,0.7985,0.8105
69.0,0.203373,0.00819,0.000237,0.18778,0.1979,0.2033,0.20885,0.2191,6.1e-5,0.00025,7.0e-6,0.0,0.0,0.0,0.0001,0.0004,0.796566,0.0082,0.000238,0.78085,0.79105,0.7967,0.8021,0.8122,6.1e-5,0.00025,7.0e-6,0.0,0.0,0.0,0.0001,0.0004,0.796627,0.00819,0.000237,0.7809,0.79115,0.7967,0.8021,0.81223,0.525535,0.39104,0.008744,0.1895,0.2015,0.21165,0.9999,0.9999,3.6e-5,0.00019,4.0e-6,0.0,0.0,0.0,0.0,0.0003,0.474429,0.39101,0.008743,0.0001,0.0001,0.7883,0.7984,0.8102,3.6e-5,0.00019,4.0e-6,0.0,0.0,0.0,0.0,0.0003,0.474465,0.39104,0.008744,0.0001,0.0001,0.78835,0.7985,0.8105
69.5,0.203373,0.00819,0.000237,0.18778,0.1979,0.2033,0.20885,0.2191,5.4e-5,0.00022,6.0e-6,0.0,0.0,0.0,0.0001,0.0003,0.796573,0.0082,0.000237,0.78088,0.79105,0.7967,0.8021,0.8122,5.4e-5,0.00022,6.0e-6,0.0,0.0,0.0,0.0001,0.0003,0.796627,0.00819,0.000237,0.7809,0.79115,0.7967,0.8021,0.81223,0.525534,0.39104,0.008744,0.1895,0.2015,0.21165,0.9999,0.9999,3.2e-5,0.00017,4.0e-6,0.0,0.0,0.0,0.0,0.0003,0.474433,0.39101,0.008743,0.0001,0.0001,0.7883,0.7984,0.8103,3.2e-5,0.00017,4.0e-6,0.0,0.0,0.0,0.0,0.0003,0.474466,0.39104,0.008744,0.0001,0.0001,0.78835,0.7985,0.8105
70.0,0.203372,0.00819,0.000237,0.18778,0.1979,0.2033,0.20885,0.2191,4.9e-5,0.0002,6.0e-6,0.0,0.0,0.0,5.0e-5,0.0003,0.796579,0.0082,0.000237,0.78088,0.79105,0.7967,0.8021,0.8122,4.9e-5,0.0002,6.0e-6,0.0,0.0,0.0,5.0e-5,0.0003,0.796628,0.00819,0.000237,0.7809,0.79115,0.7967,0.8021,0.81223,0.525534,0.39104,0.008744,0.1895,0.2015,0.21165,0.9999,0.9999,2.9e-5,0.00015,3.0e-6,0.0,0.0,0.0,0.0,0.0002,0.474437,0.39102,0.008743,0.0001,0.0001,0.7883,0.7984,0.8103,2.9e-5,0.00015,3.0e-6,0.0,0.0,0.0,0.0,0.0002,0.474466,0.39104,0.008744,0.0001,0.0001,0.78835,0.7985,0.8105
70.5,0.203371,0.00819,0.000237,0.18778,0.1979,0.2033,0.20885,0.2191,4.3e-5,0.00018,5.0e-6,0.0,0.0,0.0,0.0,0.0003,0.796585,0.00819,0.000237,0.7809,0.79105,0.7967,0.8021,0.8122,4.3e-5,0.00018,5.0e-6,0.0,0.0,0.0,0.0,0.0003,0.796629,0.00819,0.000237,0.7809,0.79115,0.7967,0.8021,0.81223,0.525534,0.39104,0.008744,0.1895,0.2015,0.21165,0.9999,0.9999,2.6e-5,0.00014,3.0e-6,0.0,0.0,0.0,0.0,0.0002,0.474441,0.39102,0.008743,0.0001,0.0001,0.7883,0.7984,0.8103,2.6e-5,0.00014,3.0e-6,0.0,0.0,0.0,0.0,0.0002,0.474466,0.39104,0.008744,0.0001,0.0001,0.78835,0.7985,0.8105
71.0,0.203371,0.00819,0.000237,0.18778,0.1979,0.2033,0.20885,0.2191,3.9e-5,0.00017,5.0e-6,0.0,0.0,0.0,0.0,0.0003,0.79659,0.00819,0.000237,0.7809,0.7911,0.7967,0.8021,0.8122,3.9e-5,0.00017,5.0e-6,0.0,0.0,0.0,0.0,0.0003,0.796629,0.00819,0.000237,0.7809,0.79115,0.7967,0.8021,0.81223,0.525533,0.39104,0.008744,0.1895,0.2015,0.21165,0.9999,0.9999,2.3e-5,0.00013,3.0e-6,0.0,0.0,0.0,0.0,0.0002,0.474444,0.39102,0.008744,0.0001,0.0001,0.7883,0.7984,0.8103,2.3e-5,0.00013,3.0e-6,0.0,0.0,0.0,0.0,0.0002,0.474467,0.39104,0.008744,0.0001,0.0001,0.78835,0.7985,0.8105
71.5,0.20337,0.00819,0.000237,0.18778,0.1979,0.2033,0.20885,0.2191,3.4e-5,0.00015,4.0e-6,0.0,0.0,0.0,0.0,0.0003,0.796596,0.00819,0.000237,0.7809,0.7911,0.7967,0.8021,0.8122,3.4e-5,0.00015,4.0e-6,0.0,0.0,0.0,0.0,0.0003,0.79663,0.00819,0.000237,0.7809,0.79115,0.7967,0.8021,0.81223,0.525533,0.39104,0.008744,0.1895,0.2015,0.21165,0.9999,0.9999,2.0e-5,0.00012,3.0e-6,0.0,0.0,0.0,0.0,0.0002,0.474447,0.39102,0.008744,0.0001,0.0001,0.78835,0.7984,0.8103,2.0e-5,0.00012,3.0e-6,0.0,0.0,0.0,0.0,0.0002,0.474467,0.39104,0.008744,0.0001,0.0001,0.78835,0.7985,0.8105
72.0,0.20337,0.00819,0.000237,0.18778,0.1979,0.2033,0.20885,0.2191,3.0e-5,0.00013,4.0e-6,0.0,0.0,0.0,0.0,0.00022,0.7966,0.00819,0.000237,0.7809,0.7911,0.7967,0.8021,0.8122,3.0e-5,0.00013,4.0e-6,0.0,0.0,0.0,0.0,0.00022,0.79663,0.00819,0.000237,0.7809,0.79115,0.7967,0.8021,0.81223,0.525532,0.39104,0.008744,0.1895,0.2015,0.21165,0.9999,0.9999,1.8e-5,0.0001,2.0e-6,0.0,0.0,0.0,0.0,0.0002,0.474449,0.39103,0.008744,0.0001,0.0001,0.78835,0.7984,0.8103,1.8e-5,0.0001,2.0e-6,0.0,0.0,0.0,0.0,0.0002,0.474468,0.39104,0.008744,0.0001,0.0001,0.78835,0.7985,0.8105
72.5,0.203369,0.00819,0.000237,0.18778,0.1979,0.2033,0.20885,0.2191,2.8e-5,0.00012,4.0e-6,0.0,0.0,0.0,0.0,0.0002,0.796603,0.00819,0.000237,0.7809,0.7911,0.7967,0.8021,0.8122,2.8e-5,0.00012,4.0e-6,0.0,0.0,0.0,0.0,0.0002,0.796631,0.00819,0.000237,0.7809,0.79115,0.7967,0.8021,0.81223,0.525532,0.39104,0.008744,0.1895,0.2015,0.21165,0.9999,0.9999,1.7e-5,0.0001,2.0e-6,0.0,0.0,0.0,0.0,0.0002,0.474451,0.39103,0.008744,0.0001,0.0001,0.78835,0.7984,0.8104,1.7e-5,0.0001,2.0e-6,0.0,0.0,0.0,0.0,0.0002,0.474468,0.39104,0.008744,0.0001,0.0001,0.78835,0.7985,0.8105
73.0,0.203369,0.00819,0.000237,0.18778,0.1979,0.2033,0.20885,0.2191,2.5e-5,0.00011,3.0e-6,0.0,0.0,0.0,0.0,0.0002,0.796606,0.00819,0.000237,0.7809,0.7911,0.7967,0.8021,0.8122,2.5e-5,0.00011,3.0e-6,0.0,0.0,0.0,0.0,0.0002,0.796631,0.00819,0.000237,0.7809,0.79115,0.7967,0.8021,0.81223,0.525532,0.39104,0.008744,0.1895,0.2015,0.21165,0.9999,0.9999,1.5e-5,9.0e-5,2.0e-6,0.0,0.0,0.0,0.0,0.0002,0.474453,0.39103,0.008744,0.0001,0.0001,0.78835,0.7984,0.8104,1.5e-5,9.0e-5,2.0e-6,0.0,0.0,0.0,0.0,0.0002,0.474468,0.39104,0.008744,0.0001,0.0001,0.78835,0.7985,0.8105
73.5,0.203369,0.00819,0.000237,0.18778,0.1979,0.2033,0.20885,0.2191,2.2e-5,0.0001,3.0e-6,0.0,0.0,0.0,0.0,0.0002,0.796609,0.00819,0.000237,0.7809,0.7911,0.7967,0.8021,0.8122,2.2e-5,0.0001,3.0e-6,0.0,0.0,0.0,0.0,0.0002,0.796631,0.00819,0.000237,0.7809,0.79115,0.7967,0.8021,0.81223,0.525532,0.39104,0.008744,0.1895,0.2015,0.21165,0.9999,0.9999,1.3e-5,8.0e-5,2.0e-6,0.0,0.0,0.0,0.0,0.0002,0.474455,0.39103,0.008744,0.0001,0.0001,0.78835,0.7984,0.8105,1.3e-5,8.0e-5,2.0e-6,0.0,0.0,0.0,0.0,0.0002,0.474468,0.39104,0.008744,0.0001,0.0001,0.78835,0.7985,0.8105
74.0,0.203369,0.00819,0.000237,0.18778,0.1979,0.2033,0.20885,0.2191,2.0e-5,8.0e-5,2.0e-6,0.0,0.0,0.0,0.0,0.0002,0.796612,0.00819,0.000237,0.7809,0.7911,0.7967,0.8021,0.81223,2.0e-5,8.0e-5,2.0e-6,0.0,0.0,0.0,0.0,0.0002,0.796631,0.00819,0.000237,0.7809,0.79115,0.7967,0.8021,0.81223,0.525532,0.39104,0.008744,0.1895,0.2015,0.21165,0.9999,0.9999,1.2e-5,7.0e-5,1.0e-6,0.0,0.0,0.0,0.0,0.0001,0.474456,0.39103,0.008744,0.0001,0.0001,0.78835,0.7984,0.8105,1.2e-5,7.0e-5,1.0e-6,0.0,0.0,0.0,0.0,0.0001,0.474468,0.39104,0.008744,0.0001,0.0001,0.78835,0.7985,0.8105
74.5,0.203368,0.00819,0.000237,0.18778,0.1979,0.2033,0.20885,0.2191,1.8e-5,7.0e-5,2.0e-6,0.0,0.0,0.0,0.0,0.0002,0.796614,0.00819,0.000237,0.7809,0.7911,0.7967,0.8021,0.81223,1.8e-5,7.0e-5,2.0e-6,0.0,0.0,0.0,0.0,0.0002,0.796632,0.00819,0.000237,0.7809,0.79115,0.7967,0.8021,0.81223,0.525532,0.39104,0.008744,0.1895,0.2015,0.21165,0.9999,0.9999,1.1e-5,6.0e-5,1.0e-6,0.0,0.0,0.0,0.0,0.0001,0.474458,0.39103,0.008744,0.0001,0.0001,0.78835,0.7984,0.8105,1.1e-5,6.0e-5,1.0e-6,0.0,0.0,0.0,0.0,0.0001,0.474468,0.39104,0.008744,0.0001,0.0001,0.78835,0.7985,0.8105
75.0,0.203368,0.00819,0.000237,0.18778,0.1979,0.2033,0.20885,0.2191,1.6e-5,7.0e-5,2.0e-6,0.0,0.0,0.0,0.0,0.0002,0.796616,0.00819,0.000237,0.7809,0.7911,0.7967,0.8021,0.81223,1.6e-5,7.0e-5,2.0e-6,0.0,0.0,0.0,0.0,0.0002,0.796632,0.00819,0.000237,0.7809,0.79115,0.7967,0.8021,0.81223,0.525531,0.39104,0.008744,0.1895,0.2015,0.21165,0.9999,0.9999,9.0e-6,5.0e-5,1.0e-6,0.0,0.0,0.0,0.0,0.0001,0.474459,0.39103,0.008744,0.0001,0.0001,0.78835,0.7984,0.8105,9.0e-6,5.0e-5,1.0e-6,0.0,0.0,0.0,0.0,0.0001,0.474469,0.39104,0.008744,0.0001,0.0001,0.78835,0.7985,0.8105
75.5,0.203367,0.00819,0.000237,0.18778,0.1979,0.2033,0.20885,0.2191,1.4e-5,6.0e-5,2.0e-6,0.0,0.0,0.0,0.0,0.0002,0.796618,0.00819,0.000237,0.7809,0.7911,0.7967,0.8021,0.81223,1.4e-5,6.0e-5,2.0e-6,0.0,0.0,0.0,0.0,0.0002,0.796633,0.00819,0.000237,0.7809,0.79115,0.7967,0.8021,0.81223,0.525531,0.39104,0.008744,0.1895,0.2015,0.2116,0.9999,0.9999,8.0e-6,5.0e-5,1.0e-6,0.0,0.0,0.0,0.0,0.0001,0.47446,0.39104,0.008744,0.0001,0.0001,0.78835,0.7984,0.8105,8.0e-6,5.0e-5,1.0e-6,0.0,0.0,0.0,0.0,0.0001,0.474469,0.39104,0.008744,0.0001,0.0001,0.7884,0.7985,0.8105
76.0,0.203367,0.00819,0.000237,0.18778,0.1979,0.2033,0.20885,0.2191,1.2e-5,6.0e-5,2.0e-6,0.0,0.0,0.0,0.0,0.0002,0.79662,0.00819,0.000237,0.7809,0.7911,0.7967,0.8021,0.81223,1.2e-5,6.0e-5,2.0e-6,0.0,0.0,0.0,0.0,0.0002,0.796633,0.00819,0.000237,0.7809,0.79115,0.7967,0.8021,0.81223,0.525531,0.39104,0.008744,0.1895,0.2015,0.2116,0.9999,0.9999,7.0e-6,5.0e-5,1.0e-6,0.0,0.0,0.0,0.0,0.0001,0.474462,0.39104,0.008744,0.0001,0.0001,0.78835,0.7984,0.8105,7.0e-6,5.0e-5,1.0e-6,0.0,0.0,0.0,0.0,0.0001,0.474469,0.39104,0.008744,0.0001,0.0001,0.7884,0.7985,0.8105
76.5,0.203367,0.00819,0.000237,0.18778,0.1979,0.2033,0.20885,0.2191,1.1e-5,6.0e-5,2.0e-6,0.0,0.0,0.0,0.0,0.0002,0.796622,0.00819,0.000237,0.7809,0.7911,0.7967,0.8021,0.81223,1.1e-5,6.0e-5,2.0e-6,0.0,0.0,0.0,0.0,0.0002,0.796633,0.00819,0.000237,0.7809,0.79115,0.7967,0.8021,0.81223,0.525531,0.39104,0.008744,0.1895,0.2015,0.2116,0.9999,0.9999,7.0e-6,5.0e-5,1.0e-6,0.0,0.0,0.0,0.0,0.0001,0.474462,0.39104,0.008744,0.0001,0.0001,0.78835,0.7984,0.8105,7.0e-6,5.0e-5,1.0e-6,0.0,0.0,0.0,0.0,0.0001,0.474469,0.39104,0.008744,0.0001,0.0001,0.7884,0.7985,0.8105
77.0,0.203367,0.00819,0.000237,0.18778,0.1979,0.2033,0.20885,0.2191,1.0e-5,6.0e-5,2.0e-6,0.0,0.0,0.0,0.0,0.0001,0.796624,0.00819,0.000237,0.7809,0.7911,0.7967,0.8021,0.81223,1.0e-5,6.0e-5,2.0e-6,0.0,0.0,0.0,0.0,0.0001,0.796633,0.00819,0.000237,0.7809,0.79115,0.7967,0.8021,0.81223,0.525531,0.39104,0.008744,0.1895,0.2015,0.2116,0.9999,0.9999,6.0e-6,4.0e-5,1.0e-6,0.0,0.0,0.0,0.0,0.0001,0.474463,0.39104,0.008744,0.0001,0.0001,0.78835,0.7984,0.8105,6.0e-6,4.0e-5,1.0e-6,0.0,0.0,0.0,0.0,0.0001,0.474469,0.39104,0.008744,0.0001,0.0001,0.7884,0.7985,0.8105
77.5,0.203367,0.00819,0.000237,0.18778,0.1979,0.2033,0.20885,0.2191,8.0e-6,5.0e-5,1.0e-6,0.0,0.0,0.0,0.0,0.0001,0.796625,0.00819,0.000237,0.7809,0.79115,0.7967,0.8021,0.81223,8.0e-6,5.0e-5,1.0e-6,0.0,0.0,0.0,0.0,0.0001,0.796633,0.00819,0.000237,0.7809,0.79115,0.7967,0.8021,0.81223,0.525531,0.39104,0.008744,0.1895,0.2015,0.2116,0.9999,0.9999,5.0e-6,4.0e-5,1.0e-6,0.0,0.0,0.0,0.0,0.0001,0.474464,0.39104,0.008744,0.0001,0.0001,0.78835,0.7984,0.8105,5.0e-6,4.0e-5,1.0e-6,0.0,0.0,0.0,0.0,0.0001,0.474469,0.39104,0.008744,0.0001,0.0001,0.7884,0.7985,0.8105
78.0,0.203367,0.00819,0.000237,0.18778,0.1979,0.2033,0.20885,0.2191,7.0e-6,4.0e-5,1.0e-6,0.0,0.0,0.0,0.0,0.0001,0.796626,0.00819,0.000237,0.7809,0.79115,0.7967,0.8021,0.81223,7.0e-6,4.0e-5,1.0e-6,0.0,0.0,0.0,0.0,0.0001,0.796633,0.00819,0.000237,0.7809,0.79115,0.7967,0.8021,0.81223,0.525531,0.39104,0.008744,0.1895,0.2015,0.2116,0.9999,0.9999,4.0e-6,3.0e-5,1.0e-6,0.0,0.0,0.0,0.0,0.0001,0.474465,0.39104,0.008744,0.0001,0.0001,0.78835,0.79842,0.8105,4.0e-6,3.0e-5,1.0e-6,0.0,0.0,0.0,0.0,0.0001,0.474469,0.39104,0.008744,0.0001,0.0001,0.7884,0.7985,0.8105
78.5,0.203366,0.00819,0.000237,0.18778,0.1979,0.2033,0.20885,0.2191,6.0e-6,4.0e-5,1.0e-6,0.0,0.0,0.0,0.0,0.0001,0.796627,0.00819,0.000237,0.7809,0.79115,0.7967,0.8021,0.81223,6.0e-6,4.0e-5,1.0e-6,0.0,0.0,0.0,0.0,0.0001,0.796634,0.00819,0.000237,0.7809,0.79115,0.7967,0.8021,0.81223,0.525531,0.39104,0.008744,0.1895,0.2015,0.2116,0.9999,0.9999,4.0e-6,3.0e-5,1.0e-6,0.0,0.0,0.0,0.0,0.0,0.474466,0.39104,0.008744,0.0001,0.0001,0.78835,0.79842,0.8105,4.0e-6,3.0e-5,1.0e-6,0.0,0.0,0.0,0.0,0.0,0.474469,0.39104,0.008744,0.0001,0.0001,0.7884,0.7985,0.8105
79.0,0.203366,0.00819,0.000237,0.18778,0.1979,0.2033,0.20885,0.2191,6.0e-6,4.0e-5,1.0e-6,0.0,0.0,0.0,0.0,0.0001,0.796628,0.00819,0.000237,0.7809,0.79115,0.7967,0.8021,0.81223,6.0e-6,4.0e-5,1.0e-6,0.0,0.0,0.0,0.0,0.0001,0.796634,0.00819,0.000237,0.7809,0.79115,0.7967,0.8021,0.81223,0.52553,0.39104,0.008744,0.1895,0.2015,0.2116,0.9999,0.9999,4.0e-6,3.0e-5,1.0e-6,0.0,0.0,0.0,0.0,0.0,0.474466,0.39104,0.008744,0.0001,0.0001,0.78835,0.79842,0.8105,4.0e-6,3.0e-5,1.0e-6,0.0,0.0,0.0,0.0,0.0,0.47447,0.39104,0.008744,0.0001,0.0001,0.7884,0.7985,0.8105
79.5,0.203366,0.00819,0.000237,0.18778,0.1979,0.2033,0.20885,0.2191,5.0e-6,4.0e-5,1.0e-6,0.0,0.0,0.0,0.0,0.0001,0.796628,0.00819,0.000237,0.7809,0.79115,0.7967,0.8021,0.81223,5.0e-6,4.0e-5,1.0e-6,0.0,0.0,0.0,0.0,0.0001,0.796634,0.00819,0.000237,0.7809,0.79115,0.7967,0.8021,0.81223,0.52553,0.39104,0.008744,0.1895,0.2015,0.2116,0.9999,0.9999,3.0e-6,3.0e-5,1.0e-6,0.0,0.0,0.0,0.0,0.0,0.474466,0.39104,0.008744,0.0001,0.0001,0.78835,0.79842,0.8105,3.0e-6,3.0e-5,1.0e-6,0.0,0.0,0.0,0.0,0.0,0.47447,0.39104,0.008744,0.0001,0.0001,0.7884,0.7985,0.8105
80.0,0.203366,0.00819,0.000237,0.18778,0.1979,0.2033,0.20885,0.2191,5.0e-6,4.0e-5,1.0e-6,0.0,0.0,0.0,0.0,0.0001,0.796629,0.00819,0.000237,0.7809,0.79115,0.7967,0.8021,0.81223,5.0e-6,4.0e-5,1.0e-6,0.0,0.0,0.0,0.0,0.0001,0.796634,0.00819,0.000237,0.7809,0.79115,0.7967,0.8021,0.81223,0.52553,0.39104,0.008744,0.1895,0.2015,0.2116,0.9999,0.9999,3.0e-6,3.0e-5,1.0e-6,0.0,0.0,0.0,0.0,0.0,0.474467,0.39104,0.008744,0.0001,0.0001,0.78835,0.79842,0.8105,3.0e-6,3.0e-5,1.0e-6,0.0,0.0,0.0,0.0,0.0,0.47447,0.39104,0.008744,0.0001,0.0001,0.7884,0.7985,0.8105
80.5,0.203366,0.00819,0.000237,0.18778,0.1979,0.2033,0.20885,0.2191,4.0e-6,3.0e-5,1.0e-6,0.0,0.0,0.0,0.0,0.0001,0.796629,0.00819,0.000237,0.7809,0.79115,0.7967,0.8021,0.81223,4.0e-6,3.0e-5,1.0e-6,0.0,0.0,0.0,0.0,0.0001,0.796634,0.00819,0.000237,0.7809,0.79115,0.7967,0.8021,0.81223,0.52553,0.39104,0.008744,0.1895,0.2015,0.2116,0.9999,0.9999,3.0e-6,3.0e-5,1.0e-6,0.0,0.0,0.0,0.0,0.0,0.474467,0.39104,0.008744,0.0001,0.0001,0.78835,0.79842,0.8105,3.0e-6,3.0e-5,1.0e-6,0.0,0.0,0.0,0.0,0.0,0.47447,0.39104,0.008744,0.0001,0.0001,0.7884,0.7985,0.8105
81.0,0.203366,0.00819,0.000237,0.18778,0.1979,0.2033,0.20885,0.2191,4.0e-6,3.0e-5,1.0e-6,0.0,0.0,0.0,0.0,0.0001,0.79663,0.00819,0.000237,0.7809,0.79115,0.7967,0.8021,0.81223,4.0e-6,3.0e-5,1.0e-6,0.0,0.0,0.0,0.0,0.0001,0.796634,0.00819,0.000237,0.7809,0.79115,0.7967,0.8021,0.81223,0.52553,0.39104,0.008744,0.1895,0.2015,0.2116,0.9999,0.9999,2.0e-6,2.0e-5,1.0e-6,0.0,0.0,0.0,0.0,0.0,0.474467,0.39104,0.008744,0.0001,0.0001,0.78835,0.79842,0.8105,2.0e-6,2.0e-5,1.0e-6,0.0,0.0,0.0,0.0,0.0,0.47447,0.39104,0.008744,0.0001,0.0001,0.7884,0.7985,0.8105
81.5,0.203366,0.00819,0.000237,0.18778,0.1979,0.2033,0.20885,0.2191,3.0e-6,3.0e-5,1.0e-6,0.0,0.0,0.0,0.0,0.0,0.796631,0.00819,0.000237,0.7809,0.79115,0.7967,0.8021,0.81223,3.0e-6,3.0e-5,1.0e-6,0.0,0.0,0.0,0.0,0.0,0.796634,0.00819,0.000237,0.7809,0.79115,0.7967,0.8021,0.81223,0.52553,0.39104,0.008744,0.1895,0.2015,0.2116,0.9999,0.9999,2.0e-6,2.0e-5,0.0,0.0,0.0,0.0,0.0,0.0,0.474468,0.39104,0.008744,0.0001,0.0001,0.78835,0.79842,0.8105,2.0e-6,2.0e-5,0.0,0.0,0.0,0.0,0.0,0.0,0.47447,0.39104,0.008744,0.0001,0.0001,0.7884,0.7985,0.8105
82.0,0.203366,0.00819,0.000237,0.18778,0.1979,0.2033,0.20885,0.2191,3.0e-6,2.0e-5,1.0e-6,0.0,0.0,0.0,0.0,0.0,0.796631,0.00819,0.000237,0.7809,0.79115,0.7967,0.8021,0.81223,3.0e-6,2.0e-5,1.0e-6,0.0,0.0,0.0,0.0,0.0,0.796634,0.00819,0.000237,0.7809,0.79115,0.7967,0.8021,0.81223,0.52553,0.39104,0.008744,0.1895,0.2015,0.2116,0.9999,0.9999,2.0e-6,2.0e-5,0.0,0.0,0.0,0.0,0.0,0.0,0.474468,0.39104,0.008744,0.0001,0.0001,0.78835,0.7985,0.8105,2.0e-6,2.0e-5,0.0,0.0,0.0,0.0,0.0,0.0,0.47447,0.39104,0.008744,0.0001,0.0001,0.7884,0.7985,0.8105
82.5,0.203366,0.00819,0.000237,0.18778,0.1979,0.2033,0.20885,0.2191,3.0e-6,2.0e-5,1.0e-6,0.0,0.0,0.0,0.0,0.0,0.796631,0.00819,0.000237,0.7809,0.79115,0.7967,0.8021,0.81223,3.0e-6,2.0e-5,1.0e-6,0.0,0.0,0.0,0.0,0.0,0.796634,0.00819,0.000237,0.7809,0.79115,0.7967,0.8021,0.81223,0.52553,0.39104,0.008744,0.1895,0.2015,0.2116,0.9999,0.9999,2.0e-6,2.0e-5,0.0,0.0,0.0,0.0,0.0,0.0,0.474468,0.39104,0.008744,0.0001,0.0001,0.78835,0.7985,0.8105,2.0e-6,2.0e-5,0.0,0.0,0.0,0.0,0.0,0.0,0.47447,0.39104,0.008744,0.0001,0.0001,0.7884,0.7985,0.8105
83.0,0.203366,0.00819,0.000237,0.18778,0.1979,0.2033,0.20885,0.2191,3.0e-6,2.0e-5,1.0e-6,0.0,0.0,0.0,0.0,0.0,0.796632,0.00819,0.000237,0.7809,0.79115,0.7967,0.8021,0.81223,3.0e-6,2.0e-5,1.0e-6,0.0,0.0,0.0,0.0,0.0,0.796634,0.00819,0.000237,0.7809,0.79115,0.7967,0.8021,0.81223,0.52553,0.39104,0.008744,0.1895,0.2015,0.2116,0.9999,0.9999,2.0e-6,2.0e-5,0.0,0.0,0.0,0.0,0.0,0.0,0.474468,0.39104,0.008744,0.0001,0.0001,0.78835,0.7985,0.8105,2.0e-6,2.0e-5,0.0,0.0,0.0,0.0,0.0,0.0,0.47447,0.39104,0.008744,0.0001,0.0001,0.7884,0.7985,0.8105
83.5,0.203366,0.00819,0.000237,0.18778,0.1979,0.2033,0.20885,0.2191,2.0e-6,2.0e-5,1.0e-6,0.0,0.0,0.0,0.0,0.0,0.796632,0.00819,0.000237,0.7809,0.79115,0.7967,0.8021,0.81223,2.0e-6,2.0e-5,1.0e-6,0.0,0.0,0.0,0.0,0.0,0.796634,0.00819,0.000237,0.7809,0.79115,0.7967,0.8021,0.81223,0.52553,0.39104,0.008744,0.1895,0.2015,0.2116,0.9999,0.9999,1.0e-6,1.0e-5,0.0,0.0,0.0,0.0,0.0,0.0,0.474468,0.39104,0.008744,0.0001,0.0001,0.7884,0.7985,0.8105,1.0e-6,1.0e-5,0.0,0.0,0.0,0.0,0.0,0.0,0.47447,0.39104,0.008744,0.0001,0.0001,0.7884,0.7985,0.8105
84.0,0.203366,0.00819,0.000237,0.18778,0.1979,0.2033,0.20885,0.2191,2.0e-6,2.0e-5,1.0e-6,0.0,0.0,0.0,0.0,0.0,0.796632,0.00819,0.000237,0.7809,0.79115,0.7967,0.8021,0.81223,2.0e-6,2.0e-5,1.0e-6,0.0,0.0,0.0,0.0,0.0,0.796634,0.00819,0.000237,0.7809,0.79115,0.7967,0.8021,0.81223,0.52553,0.39104,0.008744,0.1895,0.2015,0.2116,0.9999,0.9999,1.0e-6,1.0e-5,0.0,0.0,0.0,0.0,0.0,0.0,0.474469,0.39104,0.008744,0.0001,0.0001,0.7884,0.7985,0.8105,1.0e-6,1.0e-5,0.0,0.0,0.0,0.0,0.0,0.0,0.47447,0.39104,0.008744,0.0001,0.0001,0.7884,0.7985,0.8105
84.5,0.203366,0.00819,0.000237,0.18778,0.1979,0.2033,0.20885,0.2191,2.0e-6,2.0e-5,0.0,0.0,0.0,0.0,0.0,0.0,0.796632,0.00819,0.000237,0.7809,0.79115,0.7967,0.8021,0.81223,2.0e-6,2.0e-5,0.0,0.0,0.0,0.0,0.0,0.0,0.796634,0.00819,0.000237,0.7809,0.79115,0.7967,0.8021,0.81223,0.52553,0.39104,0.008744,0.1895,0.2015,0.2116,0.9999,0.9999,1.0e-6,1.0e-5,0.0,0.0,0.0,0.0,0.0,0.0,0.474469,0.39104,0.008744,0.0001,0.0001,0.7884,0.7985,0.8105,1.0e-6,1.0e-5,0.0,0.0,0.0,0.0,0.0,0.0,0.47447,0.39104,0.008744,0.0001,0.0001,0.7884,0.7985,0.8105
85.0,0.203366,0.00819,0.000237,0.18778,0.1979,0.2033,0.20885,0.2191,2.0e-6,1.0e-5,0.0,0.0,0.0,0.0,0.0,0.0,0.796633,0.00819,0.000237,0.7809,0.79115,0.7967,0.8021,0.81223,2.0e-6,1.0e-5,0.0,0.0,0.0,0.0,0.0,0.0,0.796634,0.00819,0.000237,0.7809,0.79115,0.7967,0.8021,0.81223,0.52553,0.39104,0.008744,0.1895,0.2015,0.2116,0.9999,0.9999,1.0e-6,1.0e-5,0.0,0.0,0.0,0.0,0.0,0.0,0.474469,0.39104,0.008744,0.0001,0.0001,0.7884,0.7985,0.8105,1.0e-6,1.0e-5,0.0,0.0,0.0,0.0,0.0,0.0,0.47447,0.39104,0.008744,0.0001,0.0001,0.7884,0.7985,0.8105
85.5,0.203366,0.00819,0.000237,0.18778,0.1979,0.2033,0.20885,0.2191,2.0e-6,1.0e-5,0.0,0.0,0.0,0.0,0.0,0.0,0.796633,0.00819,0.000237,0.7809,0.79115,0.7967,0.8021,0.81223,2.0e-6,1.0e-5,0.0,0.0,0.0,0.0,0.0,0.0,0.796634,0.00819,0.000237,0.7809,0.79115,0.7967,0.8021,0.81223,0.52553,0.39104,0.008744,0.1895,0.2015,0.2116,0.9999,0.9999,1.0e-6,1.0e-5,0.0,0.0,0.0,0.0,0.0,0.0,0.474469,0.39104,0.008744,0.0001,0.0001,0.7884,0.7985,0.8105,1.0e-6,1.0e-5,0.0,0.0,0.0,0.0,0.0,0.0,0.47447,0.39104,0.008744,0.0001,0.0001,0.7884,0.7985,0.8105
86.0,0.203366,0.00819,0.000237,0.18778,0.1979,0.2033,0.20885,0.2191,1.0e-6,1.0e-5,0.0,0.0,0.0,0.0,0.0,0.0,0.796633,0.00819,0.000237,0.7809,0.79115,0.7967,0.8021,0.81223,1.0e-6,1.0e-5,0.0,0.0,0.0,0.0,0.0,0.0,0.796634,0.00819,0.000237,0.7809,0.79115,0.7967,0.8021,0.81223,0.52553,0.39104,0.008744,0.1895,0.2015,0.2116,0.9999,0.9999,1.0e-6,1.0e-5,0.0,0.0,0.0,0.0,0.0,0.0,0.474469,0.39104,0.008744,0.0001,0.0001,0.7884,0.7985,0.8105,1.0e-6,1.0e-5,0.0,0.0,0.0,0.0,0.0,0.0,0.47447,0.39104,0.008744,0.0001,0.0001,0.7884,0.7985,0.8105
86.5,0.203366,0.00819,0.000237,0.18778,0.1979,0.2033,0.20885,0.2191,1.0e-6,1.0e-5,0.0,0.0,0.0,0.0,0.0,0.0,0.796633,0.00819,0.000237,0.7809,0.79115,0.7967,0.8021,0.81223,1.0e-6,1.0e-5,0.0,0.0,0.0,0.0,0.0,0.0,0.796634,0.00819,0.000237,0.7809,0.79115,0.7967,0.8021,0.81223,0.52553,0.39104,0.008744,0.1895,0.2015,0.2116,0.9999,0.9999,1.0e-6,1.0e-5,0.0,0.0,0.0,0.0,0.0,0.0,0.474469,0.39104,0.008744,0.0001,0.0001,0.7884,0.7985,0.8105,1.0e-6,1.0e-5,0.0,0.0,0.0,0.0,0.0,0.0,0.47447,0.39104,0.008744,0.0001,0.0001,0.7884,0.7985,0.8105
87.0,0.203366,0.00819,0.000237,0.18778,0.1979,0.2033,0.20885,0.2191,1.0e-6,1.0e-5,0.0,0.0,0.0,0.0,0.0,0.0,0.796633,0.00819,0.000237,0.7809,0.79115,0.7967,0.8021,0.81223,1.0e-6,1.0e-5,0.0,0.0,0.0,0.0,0.0,0.0,0.796634,0.00819,0.000237,0.7809,0.79115,0.7967,0.8021,0.81223,0.52553,0.39104,0.008744,0.1895,0.2015,0.2116,0.9999,0.9999,1.0e-6,1.0e-5,0.0,0.0,0.0,0.0,0.0,0.0,0.474469,0.39104,0.008744,0.0001,0.0001,0.7884,0.7985,0.8105,1.0e-6,1.0e-5,0.0,0.0,0.0,0.0,0.0,0.0,0.47447,0.39104,0.008744,0.0001,0.0001,0.7884,0.7985,0.8105
87.5,0.203366,0.00819,0.000237,0.18778,0.1979,0.2033,0.20885,0.2191,1.0e-6,1.0e-5,0.0,0.0,0.0,0.0,0.0,0.0,0.796633,0.00819,0.000237,0.7809,0.79115,0.7967,0.8021,0.81223,1.0e-6,1.0e-5,0.0,0.0,0.0,0.0,0.0,0.0,0.796634,0.00819,0.000237,0.7809,0.79115,0.7967,0.8021,0.81223,0.52553,0.39104,0.008744,0.1895,0.2015,0.2116,0.9999,0.9999,0.0,1.0e-5,0.0,0.0,0.0,0.0,0.0,0.0,0.474469,0.39104,0.008744,0.0001,0.0001,0.7884,0.7985,0.8105,0.0,1.0e-5,0.0,0.0,0.0,0.0,0.0,0.0,0.47447,0.39104,0.008744,0.0001,0.0001,0.7884,0.7985,0.8105
88.0,0.203366,0.00819,0.000237,0.18778,0.1979,0.2033,0.20885,0.2191,1.0e-6,1.0e-5,0.0,0.0,0.0,0.0,0.0,0.0,0.796633,0.00819,0.000237,0.7809,0.79115,0.7967,0.8021,0.81223,1.0e-6,1.0e-5,0.0,0.0,0.0,0.0,0.0,0.0,0.796634,0.00819,0.000237,0.7809,0.79115,0.7967,0.8021,0.81223,0.52553,0.39104,0.008744,0.1895,0.2015,0.2116,0.9999,0.9999,0.0,1.0e-5,0.0,0.0,0.0,0.0,0.0,0.0,0.474469,0.39104,0.008744,0.0001,0.0001,0.7884,0.7985,0.8105,0.0,1.0e-5,0.0,0.0,0.0,0.0,0.0,0.0,0.47447,0.39104,0.008744,0.0001,0.0001,0.7884,0.7985,0.8105
88.5,0.203366,0.00819,0.000237,0.18778,0.1979,0.2033,0.20885,0.2191,1.0e-6,1.0e-5,0.0,0.0,0.0,0.0,0.0,0.0,0.796633,0.00819,0.000237,0.7809,0.79115,0.7967,0.8021,0.81223,1.0e-6,1.0e-5,0.0,0.0,0.0,0.0,0.0,0.0,0.796634,0.00819,0.000237,0.7809,0.79115,0.7967,0.8021,0.81223,0.52553,0.39104,0.008744,0.1895,0.2015,0.2116,0.9999,0.9999,0.0,1.0e-5,0.0,0.0,0.0,0.0,0.0,0.0,0.474469,0.39104,0.008744,0.0001,0.0001,0.7884,0.7985,0.8105,0.0,1.0e-5,0.0,0.0,0.0,0.0,0.0,0.0,0.47447,0.39104,0.008744,0.0001,0.0001,0.7884,0.7985,0.8105
89.0,0.203366,0.00819,0.000237,0.18778,0.1979,0.2033,0.20885,0.2191,1.0e-6,1.0e-5,0.0,0.0,0.0,0.0,0.0,0.0,0.796634,0.00819,0.000237,0.7809,0.79115,0.7967,0.8021,0.81223,1.0e-6,1.0e-5,0.0,0.0,0.0,0.0,0.0,0.0,0.796634,0.00819,0.000237,0.7809,0.79115,0.7967,0.8021,0.81223,0.52553,0.39104,0.008744,0.1895,0.2015,0.2116,0.9999,0.9999,0.0,1.0e-5,0.0,0.0,0.0,0.0,0.0,0.0,0.474469,0.39104,0.008744,0.0001,0.0001,0.7884,0.7985,0.8105,0.0,1.0e-5,0.0,0.0,0.0,0.0,0.0,0.0,0.47447,0.39104,0.008744,0.0001,0.0001,0.7884,0.7985,0.8105
89.5,0.203366,0.00819,0.000237,0.18778,0.1979,0.2033,0.20885,0.2191,0.0,1.0e-5,0.0,0.0,0.0,0.0,0.0,0.0,0.796634,0.00819,0.000237,0.7809,0.79115,0.7967,0.8021,0.81223,0.0,1.0e-5,0.0,0.0,0.0,0.0,0.0,0.0,0.796634,0.00819,0.000237,0.7809,0.79115,0.7967,0.8021,0.81223,0.52553,0.39104,0.008744,0.1895,0.2015,0.2116,0.9999,0.9999,0.0,0.0,0.0,0.0,0.0,0.0,0.0,0.0,0.47447,0.39104,0.008744,0.0001,0.0001,0.7884,0.7985,0.8105,0.0,0.0,0.0,0.0,0.0,0.0,0.0,0.0,0.47447,0.39104,0.008744,0.0001,0.0001,0.7884,0.7985,0.8105
90.0,0.203366,0.00819,0.000237,0.18778,0.1979,0.2033,0.20885,0.2191,0.0,0.0,0.0,0.0,0.0,0.0,0.0,0.0,0.796634,0.00819,0.000237,0.7809,0.79115,0.7967,0.8021,0.81223,0.0,0.0,0.0,0.0,0.0,0.0,0.0,0.0,0.796634,0.00819,0.000237,0.7809,0.79115,0.7967,0.8021,0.81223,0.52553,0.39104,0.008744,0.1895,0.2015,0.2116,0.9999,0.9999,0.0,0.0,0.0,0.0,0.0,0.0,0.0,0.0,0.47447,0.39104,0.008744,0.0001,0.0001,0.7884,0.7985,0.8105,0.0,0.0,0.0,0.0,0.0,0.0,0.0,0.0,0.47447,0.39104,0.008744,0.0001,0.0001,0.7884,0.7985,0.8105
90.5,0.203366,0.00819,0.000237,0.18778,0.1979,0.2033,0.20885,0.2191,0.0,0.0,0.0,0.0,0.0,0.0,0.0,0.0,0.796634,0.00819,0.000237,0.7809,0.79115,0.7967,0.8021,0.81223,0.0,0.0,0.0,0.0,0.0,0.0,0.0,0.0,0.796634,0.00819,0.000237,0.7809,0.79115,0.7967,0.8021,0.81223,0.52553,0.39104,0.008744,0.1895,0.2015,0.2116,0.9999,0.9999,0.0,0.0,0.0,0.0,0.0,0.0,0.0,0.0,0.47447,0.39104,0.008744,0.0001,0.0001,0.7884,0.7985,0.8105,0.0,0.0,0.0,0.0,0.0,0.0,0.0,0.0,0.47447,0.39104,0.008744,0.0001,0.0001,0.7884,0.7985,0.8105
91.0,0.203366,0.00819,0.000237,0.18778,0.1979,0.2033,0.20885,0.2191,0.0,0.0,0.0,0.0,0.0,0.0,0.0,0.0,0.796634,0.00819,0.000237,0.7809,0.79115,0.7967,0.8021,0.81223,0.0,0.0,0.0,0.0,0.0,0.0,0.0,0.0,0.796634,0.00819,0.000237,0.7809,0.79115,0.7967,0.8021,0.81223,0.52553,0.39104,0.008744,0.1895,0.2015,0.2116,0.9999,0.9999,0.0,0.0,0.0,0.0,0.0,0.0,0.0,0.0,0.47447,0.39104,0.008744,0.0001,0.0001,0.7884,0.7985,0.8105,0.0,0.0,0.0,0.0,0.0,0.0,0.0,0.0,0.47447,0.39104,0.008744,0.0001,0.0001,0.7884,0.7985,0.8105
91.5,0.203366,0.00819,0.000237,0.18778,0.1979,0.2033,0.20885,0.2191,0.0,0.0,0.0,0.0,0.0,0.0,0.0,0.0,0.796634,0.00819,0.000237,0.7809,0.79115,0.7967,0.8021,0.81223,0.0,0.0,0.0,0.0,0.0,0.0,0.0,0.0,0.796634,0.00819,0.000237,0.7809,0.79115,0.7967,0.8021,0.81223,0.52553,0.39104,0.008744,0.1895,0.2015,0.2116,0.9999,0.9999,0.0,0.0,0.0,0.0,0.0,0.0,0.0,0.0,0.47447,0.39104,0.008744,0.0001,0.0001,0.7884,0.7985,0.8105,0.0,0.0,0.0,0.0,0.0,0.0,0.0,0.0,0.47447,0.39104,0.008744,0.0001,0.0001,0.7884,0.7985,0.8105
92.0,0.203366,0.00819,0.000237,0.18778,0.1979,0.2033,0.20885,0.2191,0.0,0.0,0.0,0.0,0.0,0.0,0.0,0.0,0.796634,0.00819,0.000237,0.7809,0.79115,0.7967,0.8021,0.81223,0.0,0.0,0.0,0.0,0.0,0.0,0.0,0.0,0.796634,0.00819,0.000237,0.7809,0.79115,0.7967,0.8021,0.81223,0.52553,0.39104,0.008744,0.1895,0.2015,0.2116,0.9999,0.9999,0.0,0.0,0.0,0.0,0.0,0.0,0.0,0.0,0.47447,0.39104,0.008744,0.0001,0.0001,0.7884,0.7985,0.8105,0.0,0.0,0.0,0.0,0.0,0.0,0.0,0.0,0.47447,0.39104,0.008744,0.0001,0.0001,0.7884,0.7985,0.8105
92.5,0.203366,0.00819,0.000237,0.18778,0.1979,0.2033,0.20885,0.2191,0.0,0.0,0.0,0.0,0.0,0.0,0.0,0.0,0.796634,0.00819,0.000237,0.7809,0.79115,0.7967,0.8021,0.81223,0.0,0.0,0.0,0.0,0.0,0.0,0.0,0.0,0.796634,0.00819,0.000237,0.7809,0.79115,0.7967,0.8021,0.81223,0.52553,0.39104,0.008744,0.1895,0.2015,0.2116,0.9999,0.9999,0.0,0.0,0.0,0.0,0.0,0.0,0.0,0.0,0.47447,0.39104,0.008744,0.0001,0.0001,0.7884,0.7985,0.8105,0.0,0.0,0.0,0.0,0.0,0.0,0.0,0.0,0.47447,0.39104,0.008744,0.0001,0.0001,0.7884,0.7985,0.8105
93.0,0.203366,0.00819,0.000237,0.18778,0.1979,0.2033,0.20885,0.2191,0.0,0.0,0.0,0.0,0.0,0.0,0.0,0.0,0.796634,0.00819,0.000237,0.7809,0.79115,0.7967,0.8021,0.81223,0.0,0.0,0.0,0.0,0.0,0.0,0.0,0.0,0.796634,0.00819,0.000237,0.7809,0.79115,0.7967,0.8021,0.81223,0.52553,0.39104,0.008744,0.1895,0.2015,0.2116,0.9999,0.9999,0.0,0.0,0.0,0.0,0.0,0.0,0.0,0.0,0.47447,0.39104,0.008744,0.0001,0.0001,0.7884,0.7985,0.8105,0.0,0.0,0.0,0.0,0.0,0.0,0.0,0.0,0.47447,0.39104,0.008744,0.0001,0.0001,0.7884,0.7985,0.8105
93.5,0.203366,0.00819,0.000237,0.18778,0.1979,0.2033,0.20885,0.2191,0.0,0.0,0.0,0.0,0.0,0.0,0.0,0.0,0.796634,0.00819,0.000237,0.7809,0.79115,0.7967,0.8021,0.81223,0.0,0.0,0.0,0.0,0.0,0.0,0.0,0.0,0.796634,0.00819,0.000237,0.7809,0.79115,0.7967,0.8021,0.81223,0.52553,0.39104,0.008744,0.1895,0.2015,0.2116,0.9999,0.9999,0.0,0.0,0.0,0.0,0.0,0.0,0.0,0.0,0.47447,0.39104,0.008744,0.0001,0.0001,0.7884,0.7985,0.8105,0.0,0.0,0.0,0.0,0.0,0.0,0.0,0.0,0.47447,0.39104,0.008744,0.0001,0.0001,0.7884,0.7985,0.8105
94.0,0.203366,0.00819,0.000237,0.18778,0.1979,0.2033,0.20885,0.2191,0.0,0.0,0.0,0.0,0.0,0.0,0.0,0.0,0.796634,0.00819,0.000237,0.7809,0.79115,0.7967,0.8021,0.81223,0.0,0.0,0.0,0.0,0.0,0.0,0.0,0.0,0.796634,0.00819,0.000237,0.7809,0.79115,0.7967,0.8021,0.81223,0.52553,0.39104,0.008744,0.1895,0.2015,0.2116,0.9999,0.9999,0.0,0.0,0.0,0.0,0.0,0.0,0.0,0.0,0.47447,0.39104,0.008744,0.0001,0.0001,0.7884,0.7985,0.8105,0.0,0.0,0.0,0.0,0.0,0.0,0.0,0.0,0.47447,0.39104,0.008744,0.0001,0.0001,0.7884,0.7985,0.8105
94.5,0.203366,0.00819,0.000237,0.18778,0.1979,0.2033,0.20885,0.2191,0.0,0.0,0.0,0.0,0.0,0.0,0.0,0.0,0.796634,0.00819,0.000237,0.7809,0.79115,0.7967,0.8021,0.81223,0.0,0.0,0.0,0.0,0.0,0.0,0.0,0.0,0.796634,0.00819,0.000237,0.7809,0.79115,0.7967,0.8021,0.81223,0.52553,0.39104,0.008744,0.1895,0.2015,0.2116,0.9999,0.9999,0.0,0.0,0.0,0.0,0.0,0.0,0.0,0.0,0.47447,0.39104,0.008744,0.0001,0.0001,0.7884,0.7985,0.8105,0.0,0.0,0.0,0.0,0.0,0.0,0.0,0.0,0.47447,0.39104,0.008744,0.0001,0.0001,0.7884,0.7985,0.8105
95.0,0.203366,0.00819,0.000237,0.18778,0.1979,0.2033,0.20885,0.2191,0.0,0.0,0.0,0.0,0.0,0.0,0.0,0.0,0.796634,0.00819,0.000237,0.7809,0.79115,0.7967,0.8021,0.81223,0.0,0.0,0.0,0.0,0.0,0.0,0.0,0.0,0.796634,0.00819,0.000237,0.7809,0.79115,0.7967,0.8021,0.81223,0.52553,0.39104,0.008744,0.1895,0.2015,0.2116,0.9999,0.9999,0.0,0.0,0.0,0.0,0.0,0.0,0.0,0.0,0.47447,0.39104,0.008744,0.0001,0.0001,0.7884,0.7985,0.8105,0.0,0.0,0.0,0.0,0.0,0.0,0.0,0.0,0.47447,0.39104,0.008744,0.0001,0.0001,0.7884,0.7985,0.8105
95.5,0.203366,0.00819,0.000237,0.18778,0.1979,0.2033,0.20885,0.2191,0.0,0.0,0.0,0.0,0.0,0.0,0.0,0.0,0.796634,0.00819,0.000237,0.7809,0.79115,0.7967,0.8021,0.81223,0.0,0.0,0.0,0.0,0.0,0.0,0.0,0.0,0.796634,0.00819,0.000237,0.7809,0.79115,0.7967,0.8021,0.81223,0.52553,0.39104,0.008744,0.1895,0.2015,0.2116,0.9999,0.9999,0.0,0.0,0.0,0.0,0.0,0.0,0.0,0.0,0.47447,0.39104,0.008744,0.0001,0.0001,0.7884,0.7985,0.8105,0.0,0.0,0.0,0.0,0.0,0.0,0.0,0.0,0.47447,0.39104,0.008744,0.0001,0.0001,0.7884,0.7985,0.8105
96.0,0.203366,0.00819,0.000237,0.18778,0.1979,0.2033,0.20885,0.2191,0.0,0.0,0.0,0.0,0.0,0.0,0.0,0.0,0.796634,0.00819,0.000237,0.7809,0.79115,0.7967,0.8021,0.81223,0.0,0.0,0.0,0.0,0.0,0.0,0.0,0.0,0.796634,0.00819,0.000237,0.7809,0.79115,0.7967,0.8021,0.81223,0.52553,0.39104,0.008744,0.1895,0.2015,0.2116,0.9999,0.9999,0.0,0.0,0.0,0.0,0.0,0.0,0.0,0.0,0.47447,0.39104,0.008744,0.0001,0.0001,0.7884,0.7985,0.8105,0.0,0.0,0.0,0.0,0.0,0.0,0.0,0.0,0.47447,0.39104,0.008744,0.0001,0.0001,0.7884,0.7985,0.8105
96.5,0.203366,0.00819,0.000237,0.18778,0.1979,0.2033,0.20885,0.2191,0.0,0.0,0.0,0.0,0.0,0.0,0.0,0.0,0.796634,0.00819,0.000237,0.7809,0.79115,0.7967,0.8021,0.81223,0.0,0.0,0.0,0.0,0.0,0.0,0.0,0.0,0.796634,0.00819,0.000237,0.7809,0.79115,0.7967,0.8021,0.81223,0.52553,0.39104,0.008744,0.1895,0.2015,0.2116,0.9999,0.9999,0.0,0.0,0.0,0.0,0.0,0.0,0.0,0.0,0.47447,0.39104,0.008744,0.0001,0.0001,0.7884,0.7985,0.8105,0.0,0.0,0.0,0.0,0.0,0.0,0.0,0.0,0.47447,0.39104,0.008744,0.0001,0.0001,0.7884,0.7985,0.8105
97.0,0.203366,0.00819,0.000237,0.18778,0.1979,0.2033,0.20885,0.2191,0.0,0.0,0.0,0.0,0.0,0.0,0.0,0.0,0.796634,0.00819,0.000237,0.7809,0.79115,0.7967,0.8021,0.81223,0.0,0.0,0.0,0.0,0.0,0.0,0.0,0.0,0.796634,0.00819,0.000237,0.7809,0.79115,0.7967,0.8021,0.81223,0.52553,0.39104,0.008744,0.1895,0.2015,0.2116,0.9999,0.9999,0.0,0.0,0.0,0.0,0.0,0.0,0.0,0.0,0.47447,0.39104,0.008744,0.0001,0.0001,0.7884,0.7985,0.8105,0.0,0.0,0.0,0.0,0.0,0.0,0.0,0.0,0.47447,0.39104,0.008744,0.0001,0.0001,0.7884,0.7985,0.8105
97.5,0.203366,0.00819,0.000237,0.18778,0.1979,0.2033,0.20885,0.2191,0.0,0.0,0.0,0.0,0.0,0.0,0.0,0.0,0.796634,0.00819,0.000237,0.7809,0.79115,0.7967,0.8021,0.81223,0.0,0.0,0.0,0.0,0.0,0.0,0.0,0.0,0.796634,0.00819,0.000237,0.7809,0.79115,0.7967,0.8021,0.81223,0.52553,0.39104,0.008744,0.1895,0.2015,0.2116,0.9999,0.9999,0.0,0.0,0.0,0.0,0.0,0.0,0.0,0.0,0.47447,0.39104,0.008744,0.0001,0.0001,0.7884,0.7985,0.8105,0.0,0.0,0.0,0.0,0.0,0.0,0.0,0.0,0.47447,0.39104,0.008744,0.0001,0.0001,0.7884,0.7985,0.8105
98.0,0.203366,0.00819,0.000237,0.18778,0.1979,0.2033,0.20885,0.2191,0.0,0.0,0.0,0.0,0.0,0.0,0.0,0.0,0.796634,0.00819,0.000237,0.7809,0.79115,0.7967,0.8021,0.81223,0.0,0.0,0.0,0.0,0.0,0.0,0.0,0.0,0.796634,0.00819,0.000237,0.7809,0.79115,0.7967,0.8021,0.81223,0.52553,0.39104,0.008744,0.1895,0.2015,0.2116,0.9999,0.9999,0.0,0.0,0.0,0.0,0.0,0.0,0.0,0.0,0.47447,0.39104,0.008744,0.0001,0.0001,0.7884,0.7985,0.8105,0.0,0.0,0.0,0.0,0.0,0.0,0.0,0.0,0.47447,0.39104,0.008744,0.0001,0.0001,0.7884,0.7985,0.8105
98.5,0.203366,0.00819,0.000237,0.18778,0.1979,0.2033,0.20885,0.2191,0.0,0.0,0.0,0.0,0.0,0.0,0.0,0.0,0.796634,0.00819,0.000237,0.7809,0.79115,0.7967,0.8021,0.81223,0.0,0.0,0.0,0.0,0.0,0.0,0.0,0.0,0.796634,0.00819,0.000237,0.7809,0.79115,0.7967,0.8021,0.81223,0.52553,0.39104,0.008744,0.1895,0.2015,0.2116,0.9999,0.9999,0.0,0.0,0.0,0.0,0.0,0.0,0.0,0.0,0.47447,0.39104,0.008744,0.0001,0.0001,0.7884,0.7985,0.8105,0.0,0.0,0.0,0.0,0.0,0.0,0.0,0.0,0.47447,0.39104,0.008744,0.0001,0.0001,0.7884,0.7985,0.8105
99.0,0.203366,0.00819,0.000237,0.18778,0.1979,0.2033,0.20885,0.2191,0.0,0.0,0.0,0.0,0.0,0.0,0.0,0.0,0.796634,0.00819,0.000237,0.7809,0.79115,0.7967,0.8021,0.81223,0.0,0.0,0.0,0.0,0.0,0.0,0.0,0.0,0.796634,0.00819,0.000237,0.7809,0.79115,0.7967,0.8021,0.81223,0.52553,0.39104,0.008744,0.1895,0.2015,0.2116,0.9999,0.9999,0.0,0.0,0.0,0.0,0.0,0.0,0.0,0.0,0.47447,0.39104,0.008744,0.0001,0.0001,0.7884,0.7985,0.8105,0.0,0.0,0.0,0.0,0.0,0.0,0.0,0.0,0.47447,0.39104,0.008744,0.0001,0.0001,0.7884,0.7985,0.8105
99.5,0.203366,0.00819,0.000237,0.18778,0.1979,0.2033,0.20885,0.2191,0.0,0.0,0.0,0.0,0.0,0.0,0.0,0.0,0.796634,0.00819,0.000237,0.7809,0.79115,0.7967,0.8021,0.81223,0.0,0.0,0.0,0.0,0.0,0.0,0.0,0.0,0.796634,0.00819,0.000237,0.7809,0.79115,0.7967,0.8021,0.81223,0.52553,0.39104,0.008744,0.1895,0.2015,0.2116,0.9999,0.9999,0.0,0.0,0.0,0.0,0.0,0.0,0.0,0.0,0.47447,0.39104,0.008744,0.0001,0.0001,0.7884,0.7985,0.8105,0.0,0.0,0.0,0.0,0.0,0.0,0.0,0.0,0.47447,0.39104,0.008744,0.0001,0.0001,0.7884,0.7985,0.8105
100.0,0.203366,0.00819,0.000237,0.18778,0.1979,0.2033,0.20885,0.2191,0.0,0.0,0.0,0.0,0.0,0.0,0.0,0.0,0.796634,0.00819,0.000237,0.7809,0.79115,0.7967,0.8021,0.81223,0.0,0.0,0.0,0.0,0.0,0.0,0.0,0.0,0.796634,0.00819,0.000237,0.7809,0.79115,0.7967,0.8021,0.81223,0.52553,0.39104,0.008744,0.1895,0.2015,0.2116,0.9999,0.9999,0.0,0.0,0.0,0.0,0.0,0.0,0.0,0.0,0.47447,0.39104,0.008744,0.0001,0.0001,0.7884,0.7985,0.8105,0.0,0.0,0.0,0.0,0.0,0.0,0.0,0.0,0.47447,0.39104,0.008744,0.0001,0.0001,0.7884,0.7985,0.8105
