t,cond.S.mean,cond.S.sd,cond.S.se,cond.S.q025,cond.S.q25,cond.S.q50,cond.S.q75,cond.S.q975,cond.I.mean,cond.I.sd,cond.I.se,cond.I.q025,cond.I.q25,cond.I.q50,cond.I.q75,cond.I.q975,cond.R.mean,cond.R.sd,cond.R.se,cond.R.q025,cond.R.q25,cond.R.q50,cond.R.q75,cond.R.q975,cond.infectious.mean,cond.infectious.sd,cond.infectious.se,cond.infectious.q025,cond.infectious.q25,cond.infectious.q50,cond.infectious.q75,cond.infectious.q975,cond.cumulative.mean,cond.cumulative.sd,cond.cumulative.se,cond.cumulative.q025,cond.cumulative.q25,cond.cumulative.q50,cond.cumulative.q75,cond.cumulative.q975
0.0,0.99,0.0,0.0,0.99,0.99,0.99,0.99,0.99,0.01,0.0,0.0,0.01,0.01,0.01,0.01,0.01,0.0,0.0,0.0,0.0,0.0,0.0,0.0,0.0,0.01,0.0,0.0,0.01,0.01,0.01,0.01,0.01,0.01,0.0,0.0,0.01,0.01,0.01,0.01,0.01
0.25,0.988996,0.00039,3.9e-5,0.9882,0.9888,0.989,0.9892,0.9897,0.010416,0.00059,5.9e-5,0.0094,0.01,0.0104,0.0108,0.01151,0.000588,0.00038,3.8e-5,0.0,0.0002,0.0006,0.0008,0.0014,0.010416,0.00059,5.9e-5,0.0094,0.01,0.0104,0.0108,0.01151,0.011004,0.00039,3.9e-5,0.0103,0.0108,0.011,0.0112,0.0118
0.5,0.987844,0.00062,6.2e-5,0.9866,0.9874,0.9878,0.9884,0.9888,0.010946,0.0008,8.0e-5,0.0094,0.0104,0.011,0.0114,0.01261,0.00121,0.00051,5.1e-5,0.0004,0.0008,0.0012,0.0014,0.0024,0.010946,0.0008,8.0e-5,0.0094,0.0104,0.011,0.0114,0.01261,0.012156,0.00062,6.2e-5,0.0112,0.0116,0.0122,0.0126,0.0134
0.75,0.986724,0.00088,8.8e-5,0.985,0.9862,0.9868,0.9874,0.9881,0.011308,0.00107,0.000107,0.0094,0.0106,0.0112,0.0118,0.0134,0.001968,0.00059,5.9e-5,0.0011,0.0016,0.0018,0.0022,0.0032,0.011308,0.00107,0.000107,0.0094,0.0106,0.0112,0.0118,0.0134,0.013276,0.00088,8.8e-5,0.0119,0.0126,0.0132,0.0138,0.015
1.0,0.98557,0.00099,9.9e-5,0.9836,0.985,0.9856,0.98625,0.98731,0.0118,0.0012,0.00012,0.0095,0.0112,0.0116,0.0126,0.014,0.00263,0.00064,6.4e-5,0.0016,0.0022,0.0026,0.003,0.00401,0.0118,0.0012,0.00012,0.0095,0.0112,0.0116,0.0126,0.014,0.01443,0.00099,9.9e-5,0.0127,0.01375,0.0144,0.015,0.0164
1.25,0.984272,0.00126,0.000126,0.9819,0.98355,0.9844,0.98505,0.98651,0.012296,0.00138,0.000138,0.00939,0.0114,0.0122,0.0132,0.0151,0.003432,0.0007,7.0e-5,0.0023,0.003,0.0034,0.0038,0.005,0.012296,0.00138,0.000138,0.00939,0.0114,0.0122,0.0132,0.0151,0.015728,0.00126,0.000126,0.0135,0.01495,0.0156,0.01645,0.0181
1.5,0.98288,0.00157,0.000157,0.97999,0.9818,0.983,0.9838,0.98551,0.012926,0.00158,0.000158,0.00989,0.012,0.0128,0.0138,0.01661,0.004194,0.00073,7.3e-5,0.0028,0.0038,0.0042,0.0046,0.00601,0.012926,0.00158,0.000158,0.00989,0.012,0.0128,0.0138,0.01661,0.01712,0.00157,0.000157,0.0145,0.0162,0.017,0.0182,0.02001
1.75,0.981422,0.0018,0.00018,0.97779,0.9802,0.9812,0.9828,0.9847,0.013506,0.00174,0.000174,0.0104,0.0124,0.0135,0.0144,0.01701,0.005072,0.00084,8.4e-5,0.0037,0.0044,0.0048,0.0056,0.0068,0.013506,0.00174,0.000174,0.0104,0.0124,0.0135,0.0144,0.01701,0.018578,0.0018,0.00018,0.0153,0.0172,0.0188,0.0198,0.02221
2.0,0.9799,0.002,0.0002,0.9757,0.97875,0.9798,0.98145,0.9831,0.014164,0.002,0.0002,0.0105,0.0128,0.0142,0.0154,0.0185,0.005936,0.00088,8.8e-5,0.0043,0.00535,0.006,0.0064,0.0078,0.014164,0.002,0.0002,0.0105,0.0128,0.0142,0.0154,0.0185,0.0201,0.002,0.0002,0.0169,0.01855,0.0202,0.02125,0.0243
2.25,0.978238,0.00231,0.000231,0.97388,0.97695,0.9782,0.9798,0.98202,0.014942,0.00224,0.000224,0.0107,0.0134,0.0148,0.0164,0.0197,0.00682,0.00089,8.9e-5,0.005,0.0062,0.0068,0.0074,0.00831,0.014942,0.00224,0.000224,0.0107,0.0134,0.0148,0.0164,0.0197,0.021762,0.00231,0.000231,0.01798,0.0202,0.0218,0.02305,0.02612
2.5,0.976522,0.00257,0.000257,0.9713,0.97515,0.9768,0.9784,0.98072,0.015694,0.00247,0.000247,0.01099,0.0138,0.0158,0.0172,0.02081,0.007784,0.00094,9.4e-5,0.00589,0.007,0.0078,0.0084,0.00972,0.015694,0.00247,0.000247,0.01099,0.0138,0.0158,0.0172,0.02081,0.023478,0.00257,0.000257,0.01928,0.0216,0.0232,0.02485,0.0287
2.75,0.974746,0.00285,0.000285,0.9687,0.9732,0.9748,0.97685,0.97942,0.016496,0.00267,0.000267,0.01157,0.01455,0.0166,0.018,0.0218,0.008758,0.00103,0.000103,0.00659,0.0082,0.0088,0.0096,0.0106,0.016496,0.00267,0.000267,0.01157,0.01455,0.0166,0.018,0.0218,0.025254,0.00285,0.000285,0.02058,0.02315,0.0252,0.0268,0.0313
3.0,0.972894,0.00331,0.000331,0.96638,0.9706,0.9732,0.9755,0.9784,0.01736,0.00304,0.000304,0.0121,0.01495,0.0176,0.01925,0.0233,0.009746,0.0011,0.00011,0.0076,0.009,0.0099,0.0106,0.0116,0.01736,0.00304,0.000304,0.0121,0.01495,0.0176,0.01925,0.0233,0.027106,0.00331,0.000331,0.0216,0.0245,0.0268,0.0294,0.03362
3.25,0.970928,0.00371,0.000371,0.96357,0.96855,0.9712,0.9738,0.97732,0.018356,0.00334,0.000334,0.0127,0.016,0.0189,0.02045,0.02501,0.010716,0.00126,0.000126,0.0084,0.0098,0.0108,0.0118,0.01301,0.018356,0.00334,0.000334,0.0127,0.016,0.0189,0.02045,0.02501,0.029072,0.00371,0.000371,0.02268,0.0262,0.0288,0.03145,0.03643
3.5,0.968742,0.00414,0.000414,0.9612,0.9658,0.9687,0.972,0.97602,0.019368,0.00358,0.000358,0.01318,0.0162,0.0196,0.0218,0.0255,0.01189,0.00143,0.000143,0.00909,0.011,0.0118,0.0128,0.01431,0.019368,0.00358,0.000358,0.01318,0.0162,0.0196,0.0218,0.0255,0.031258,0.00414,0.000414,0.02398,0.028,0.0313,0.0342,0.0388
3.75,0.966432,0.00455,0.000455,0.95819,0.96335,0.9665,0.97005,0.9739,0.020456,0.00381,0.000381,0.01399,0.0172,0.0204,0.0228,0.02732,0.013112,0.00155,0.000155,0.00989,0.0122,0.013,0.0142,0.0156,0.020456,0.00381,0.000381,0.01399,0.0172,0.0204,0.0228,0.02732,0.033568,0.00455,0.000455,0.0261,0.02995,0.0335,0.03665,0.04181
4.0,0.964006,0.00512,0.000512,0.9537,0.9608,0.9636,0.9677,0.97281,0.021482,0.00417,0.000417,0.0146,0.01815,0.0216,0.02445,0.02941,0.014512,0.00163,0.000163,0.0112,0.0136,0.0146,0.01545,0.017,0.021482,0.00417,0.000417,0.0146,0.01815,0.0216,0.02445,0.02941,0.035994,0.00512,0.000512,0.02719,0.0323,0.0364,0.0392,0.0463
4.25,0.96152,0.00557,0.000557,0.95008,0.95775,0.9615,0.9656,0.97132,0.022586,0.00432,0.000432,0.01488,0.01935,0.0229,0.02585,0.0303,0.015894,0.00192,0.000192,0.01219,0.0148,0.016,0.0172,0.0189,0.022586,0.00432,0.000432,0.01488,0.01935,0.0229,0.02585,0.0303,0.03848,0.00557,0.000557,0.02868,0.0344,0.0385,0.04225,0.04992
4.5,0.958842,0.00608,0.000608,0.94575,0.9548,0.9587,0.96345,0.9695,0.023804,0.00458,0.000458,0.01609,0.02075,0.0235,0.027,0.03214,0.017354,0.00207,0.000207,0.0136,0.01595,0.0172,0.0186,0.02112,0.023804,0.00458,0.000458,0.01609,0.02075,0.0235,0.027,0.03214,0.041158,0.00608,0.000608,0.0305,0.03655,0.0413,0.0452,0.05425
4.75,0.956152,0.00665,0.000665,0.94242,0.9521,0.9558,0.96105,0.96781,0.02497,0.00495,0.000495,0.01616,0.02155,0.0251,0.0282,0.03342,0.018878,0.00222,0.000222,0.015,0.0172,0.0188,0.0202,0.0233,0.02497,0.00495,0.000495,0.01616,0.02155,0.0251,0.0282,0.03342,0.043848,0.00665,0.000665,0.03219,0.03895,0.0442,0.0479,0.05758
5.0,0.953288,0.00721,0.000721,0.93848,0.949,0.9531,0.95815,0.96622,0.02622,0.00529,0.000529,0.01679,0.0226,0.0261,0.0296,0.03601,0.020492,0.00251,0.000251,0.0161,0.0186,0.0204,0.022,0.02592,0.02622,0.00529,0.000529,0.01679,0.0226,0.0261,0.0296,0.03601,0.046712,0.00721,0.000721,0.03378,0.04185,0.0469,0.051,0.06152
5.25,0.950122,0.00794,0.000794,0.93298,0.945,0.9501,0.9556,0.9645,0.027752,0.00588,0.000588,0.01729,0.02375,0.0274,0.03165,0.03841,0.022126,0.0028,0.00028,0.0171,0.02,0.022,0.02385,0.02802,0.027752,0.00588,0.000588,0.01729,0.02375,0.0274,0.03165,0.03841,0.049878,0.00794,0.000794,0.0355,0.0444,0.0499,0.055,0.06702
5.5,0.947038,0.00872,0.000872,0.92915,0.94065,0.9471,0.95255,0.96332,0.029184,0.0064,0.00064,0.018,0.02525,0.029,0.0338,0.0393,0.023778,0.0031,0.00031,0.01849,0.0216,0.0234,0.0256,0.0302,0.029184,0.0064,0.00064,0.018,0.02525,0.029,0.0338,0.0393,0.052962,0.00872,0.000872,0.03669,0.04745,0.0529,0.05935,0.07085
5.75,0.943636,0.00936,0.000936,0.9255,0.93615,0.9437,0.95,0.961,0.030646,0.00685,0.000685,0.019,0.0263,0.0304,0.03545,0.04153,0.025718,0.00336,0.000336,0.02,0.0238,0.0256,0.02785,0.03202,0.030646,0.00685,0.000685,0.019,0.0263,0.0304,0.03545,0.04153,0.056364,0.00936,0.000936,0.039,0.05,0.0563,0.06385,0.0745
6.0,0.940128,0.01001,0.001001,0.92108,0.9329,0.9404,0.9467,0.959,0.03206,0.0071,0.00071,0.01999,0.02795,0.0315,0.0363,0.04404,0.027812,0.00375,0.000375,0.02099,0.02495,0.028,0.03005,0.03481,0.03206,0.0071,0.00071,0.01999,0.02795,0.0315,0.0363,0.04404,0.059872,0.01001,0.001001,0.041,0.0533,0.0596,0.0671,0.07892
6.25,0.936626,0.0107,0.00107,0.91648,0.92915,0.9368,0.94425,0.95683,0.033514,0.00736,0.000736,0.02078,0.02875,0.0333,0.0387,0.04701,0.02986,0.00413,0.000413,0.0227,0.0268,0.0301,0.03265,0.03722,0.033514,0.00736,0.000736,0.02078,0.02875,0.0333,0.0387,0.04701,0.063374,0.0107,0.00107,0.04317,0.05575,0.0632,0.07085,0.08352
6.5,0.932812,0.01157,0.001157,0.91218,0.92455,0.9332,0.9406,0.95512,0.03532,0.00782,0.000782,0.02157,0.03105,0.0351,0.04115,0.04914,0.031868,0.00449,0.000449,0.02428,0.0286,0.0322,0.03505,0.04022,0.03532,0.00782,0.000782,0.02157,0.03105,0.0351,0.04115,0.04914,0.067188,0.01157,0.001157,0.04488,0.0594,0.0668,0.07545,0.08783
6.75,0.928704,0.01243,0.001243,0.90698,0.91995,0.9294,0.93805,0.95147,0.03712,0.00823,0.000823,0.02268,0.0325,0.0364,0.0428,0.0518,0.034176,0.00494,0.000494,0.02576,0.03035,0.0346,0.0378,0.0431,0.03712,0.00823,0.000823,0.02268,0.0325,0.0364,0.0428,0.0518,0.071296,0.01243,0.001243,0.04853,0.06195,0.0706,0.08005,0.09302
7.0,0.924534,0.01324,0.001324,0.90053,0.9154,0.9253,0.93365,0.9488,0.039034,0.00862,0.000862,0.02357,0.03415,0.0388,0.04505,0.05517,0.036432,0.00535,0.000535,0.02736,0.03215,0.0366,0.04005,0.04632,0.039034,0.00862,0.000862,0.02357,0.03415,0.0388,0.04505,0.05517,0.075466,0.01324,0.001324,0.0512,0.06635,0.0747,0.0846,0.09947
7.25,0.92014,0.01411,0.001411,0.89598,0.91015,0.9214,0.9304,0.94607,0.041022,0.00907,0.000907,0.02539,0.03515,0.0406,0.04735,0.05642,0.038838,0.00588,0.000588,0.0288,0.0342,0.0393,0.0425,0.05023,0.041022,0.00907,0.000907,0.02539,0.03515,0.0406,0.04735,0.05642,0.07986,0.01411,0.001411,0.05393,0.0696,0.0786,0.08985,0.10402
7.5,0.915482,0.01506,0.001506,0.89031,0.9056,0.9161,0.926,0.94264,0.04308,0.00951,0.000951,0.02728,0.03675,0.0437,0.04965,0.0593,0.041438,0.00637,0.000637,0.03019,0.0368,0.0415,0.0454,0.05352,0.04308,0.00951,0.000951,0.02728,0.03675,0.0437,0.04965,0.0593,0.084518,0.01506,0.001506,0.05736,0.074,0.0839,0.0944,0.10969
7.75,0.91086,0.01596,0.001596,0.8837,0.9,0.9115,0.92115,0.93958,0.045092,0.00994,0.000994,0.0294,0.0391,0.0457,0.05185,0.06217,0.044048,0.00682,0.000682,0.03239,0.03875,0.0439,0.0482,0.05712,0.045092,0.00994,0.000994,0.0294,0.0391,0.0457,0.05185,0.06217,0.08914,0.01596,0.001596,0.06042,0.07885,0.0885,0.1,0.1163
8.0,0.905874,0.0169,0.00169,0.87774,0.89415,0.9057,0.91625,0.93686,0.047382,0.01034,0.001034,0.0302,0.04135,0.0471,0.05415,0.06561,0.046744,0.00731,0.000731,0.03388,0.04095,0.0468,0.0511,0.06092,0.047382,0.01034,0.001034,0.0302,0.04135,0.0471,0.05415,0.06561,0.094126,0.0169,0.00169,0.06314,0.08375,0.0943,0.10585,0.12226
8.25,0.900678,0.01801,0.001801,0.87076,0.8886,0.9008,0.91225,0.93388,0.049494,0.01098,0.001098,0.03068,0.0418,0.0487,0.0575,0.06876,0.049828,0.00779,0.000779,0.03558,0.04405,0.0495,0.05485,0.06529,0.049494,0.01098,0.001098,0.03068,0.0418,0.0487,0.0575,0.06876,0.099322,0.01801,0.001801,0.06612,0.08775,0.0992,0.1114,0.12924
8.5,0.895336,0.01913,0.001913,0.86364,0.88225,0.8948,0.90705,0.93,0.051726,0.0114,0.00114,0.03278,0.0446,0.0516,0.0597,0.07076,0.052938,0.00847,0.000847,0.03747,0.04665,0.053,0.0588,0.06949,0.051726,0.0114,0.00114,0.03278,0.0446,0.0516,0.0597,0.07076,0.104664,0.01913,0.001913,0.07,0.09295,0.1052,0.11775,0.13636
8.75,0.889738,0.02041,0.002041,0.85526,0.87575,0.8898,0.9016,0.92657,0.053996,0.01199,0.001199,0.03419,0.04705,0.0528,0.06165,0.07506,0.056266,0.00909,0.000909,0.03956,0.0501,0.0558,0.0631,0.07416,0.053996,0.01199,0.001199,0.03419,0.04705,0.0528,0.06165,0.07506,0.110262,0.02041,0.002041,0.07344,0.0984,0.1102,0.12425,0.14474
9.0,0.883724,0.02158,0.002158,0.84819,0.86885,0.8848,0.89755,0.92305,0.056548,0.01238,0.001238,0.03496,0.0489,0.0559,0.0651,0.07836,0.059728,0.00993,0.000993,0.04178,0.0536,0.0587,0.06655,0.07978,0.056548,0.01238,0.001238,0.03496,0.0489,0.0559,0.0651,0.07836,0.116276,0.02158,0.002158,0.07695,0.10245,0.1152,0.13115,0.15181
9.25,0.877554,0.02266,0.002266,0.84139,0.8609,0.8792,0.89215,0.91729,0.059004,0.01273,0.001273,0.03694,0.0513,0.0585,0.068,0.08043,0.063442,0.0107,0.00107,0.045,0.05675,0.0625,0.0711,0.08484,0.059004,0.01273,0.001273,0.03694,0.0513,0.0585,0.068,0.08043,0.122446,0.02266,0.002266,0.08271,0.10785,0.1208,0.1391,0.15861
9.5,0.87143,0.02394,0.002394,0.83339,0.8529,0.8724,0.8867,0.91398,0.06136,0.01328,0.001328,0.03879,0.05255,0.0613,0.0708,0.08261,0.06721,0.01146,0.001146,0.0473,0.0603,0.0665,0.0757,0.09044,0.06136,0.01328,0.001328,0.03879,0.05255,0.0613,0.0708,0.08261,0.12857,0.02394,0.002394,0.08602,0.1133,0.1276,0.1471,0.16661
9.75,0.865064,0.02485,0.002485,0.82559,0.8464,0.8648,0.8814,0.909,0.063896,0.01354,0.001354,0.04108,0.055,0.0644,0.07385,0.08497,0.07104,0.01212,0.001212,0.04899,0.06325,0.0703,0.07965,0.09422,0.063896,0.01354,0.001354,0.04108,0.055,0.0644,0.07385,0.08497,0.134936,0.02485,0.002485,0.091,0.1186,0.1352,0.1536,0.17441
10.0,0.858486,0.02607,0.002607,0.8158,0.8388,0.8584,0.87545,0.90396,0.066466,0.01391,0.001391,0.04304,0.0576,0.0672,0.07665,0.08962,0.075048,0.01303,0.001303,0.05099,0.0663,0.0749,0.0844,0.09902,0.066466,0.01391,0.001391,0.04304,0.0576,0.0672,0.07665,0.08962,0.141514,0.02607,0.002607,0.09604,0.12455,0.1416,0.1612,0.1842
10.25,0.851744,0.02721,0.002721,0.80837,0.8317,0.851,0.86925,0.89925,0.068868,0.01416,0.001416,0.04402,0.05935,0.0709,0.0787,0.09264,0.079388,0.01392,0.001392,0.054,0.0695,0.0794,0.08855,0.1055,0.068868,0.01416,0.001416,0.04402,0.05935,0.0709,0.0787,0.09264,0.148256,0.02721,0.002721,0.10075,0.13075,0.149,0.1683,0.19163
10.5,0.844698,0.02829,0.002829,0.7988,0.82475,0.8438,0.86315,0.89465,0.071552,0.01456,0.001456,0.04532,0.0617,0.0726,0.08095,0.09708,0.08375,0.01465,0.001465,0.05636,0.0734,0.084,0.09345,0.11163,0.071552,0.01456,0.001456,0.04532,0.0617,0.0726,0.08095,0.09708,0.155302,0.02829,0.002829,0.10535,0.13685,0.1562,0.17525,0.20121
10.75,0.837738,0.02943,0.002943,0.79046,0.81765,0.8371,0.8561,0.8894,0.073986,0.01507,0.001507,0.04584,0.0646,0.0753,0.0842,0.09981,0.088276,0.01538,0.001538,0.05984,0.07805,0.0884,0.0994,0.11703,0.073986,0.01507,0.001507,0.04584,0.0646,0.0753,0.0842,0.09981,0.162262,0.02943,0.002943,0.1106,0.1439,0.1629,0.18235,0.20954
11.0,0.830488,0.03054,0.003054,0.7814,0.8094,0.8282,0.8503,0.88344,0.076682,0.01549,0.001549,0.04835,0.06695,0.0782,0.08635,0.10487,0.09283,0.01624,0.001624,0.06334,0.0826,0.0929,0.1054,0.12205,0.076682,0.01549,0.001549,0.04835,0.06695,0.0782,0.08635,0.10487,0.169512,0.03054,0.003054,0.11656,0.1497,0.1718,0.1906,0.2186
11.25,0.822978,0.03178,0.003178,0.77114,0.80065,0.8205,0.84185,0.87767,0.079184,0.01598,0.001598,0.04918,0.0691,0.08,0.0897,0.11017,0.097838,0.01705,0.001705,0.06688,0.08695,0.0981,0.11125,0.12834,0.079184,0.01598,0.001598,0.04918,0.0691,0.08,0.0897,0.11017,0.177022,0.03178,0.003178,0.12233,0.15815,0.1795,0.19935,0.22886
11.5,0.81544,0.03281,0.003281,0.76135,0.7928,0.8131,0.8342,0.87192,0.081576,0.01606,0.001606,0.05164,0.07075,0.082,0.0913,0.11261,0.102984,0.01799,0.001799,0.07046,0.09175,0.1034,0.1172,0.13563,0.081576,0.01606,0.001606,0.05164,0.07075,0.082,0.0913,0.11261,0.18456,0.03281,0.003281,0.12808,0.1658,0.1869,0.2072,0.23865
11.75,0.80749,0.03362,0.003362,0.75144,0.78395,0.8045,0.82755,0.86442,0.08411,0.01614,0.001614,0.05544,0.0734,0.0834,0.09485,0.11533,0.1084,0.01883,0.001883,0.0743,0.0951,0.1086,0.12205,0.14101,0.08411,0.01614,0.001614,0.05544,0.0734,0.0834,0.09485,0.11533,0.19251,0.03362,0.003362,0.13558,0.17245,0.1955,0.21605,0.24857
12.0,0.799752,0.03461,0.003461,0.73958,0.77665,0.7975,0.8217,0.85772,0.086526,0.01638,0.001638,0.05832,0.0763,0.0858,0.09725,0.11872,0.113722,0.01965,0.001965,0.07748,0.09965,0.1142,0.12885,0.14804,0.086526,0.01638,0.001638,0.05832,0.0763,0.0858,0.09725,0.11872,0.200248,0.03461,0.003461,0.14228,0.1783,0.2025,0.22335,0.26042
12.25,0.791472,0.03566,0.003566,0.729,0.7685,0.7905,0.8151,0.85055,0.089318,0.01668,0.001668,0.06131,0.07845,0.088,0.101,0.12112,0.11921,0.02048,0.002048,0.08194,0.10665,0.1196,0.13385,0.15505,0.089318,0.01668,0.001668,0.06131,0.07845,0.088,0.101,0.12112,0.208528,0.03566,0.003566,0.14946,0.1849,0.2095,0.2315,0.27101
12.5,0.783376,0.03665,0.003665,0.72058,0.7588,0.783,0.8085,0.84405,0.091776,0.01687,0.001687,0.06388,0.07925,0.0903,0.1036,0.12217,0.124848,0.02134,0.002134,0.08564,0.11205,0.1249,0.13995,0.16242,0.091776,0.01687,0.001687,0.06388,0.07925,0.0903,0.1036,0.12217,0.216624,0.03665,0.003665,0.15595,0.1915,0.217,0.2412,0.27942
12.75,0.77512,0.0375,0.00375,0.71169,0.74995,0.775,0.8005,0.83896,0.094224,0.01684,0.001684,0.06591,0.08135,0.0939,0.10685,0.1238,0.130656,0.02213,0.002213,0.09058,0.1171,0.1304,0.1458,0.16928,0.094224,0.01684,0.001684,0.06591,0.08135,0.0939,0.10685,0.1238,0.22488,0.0375,0.00375,0.16104,0.1995,0.225,0.25005,0.28831
13.0,0.766792,0.03852,0.003852,0.70162,0.74,0.7663,0.79315,0.83256,0.096414,0.01714,0.001714,0.06841,0.08395,0.0951,0.1094,0.12607,0.136794,0.02297,0.002297,0.09655,0.12155,0.1364,0.1518,0.17721,0.096414,0.01714,0.001714,0.06841,0.08395,0.0951,0.1094,0.12607,0.233208,0.03852,0.003852,0.16744,0.20685,0.2337,0.26,0.29838
13.25,0.75843,0.03935,0.003935,0.69222,0.72795,0.757,0.786,0.82586,0.098584,0.01725,0.001725,0.06942,0.0856,0.0979,0.11105,0.12962,0.142986,0.02377,0.002377,0.10182,0.1273,0.143,0.16015,0.18355,0.098584,0.01725,0.001725,0.06942,0.0856,0.0979,0.11105,0.12962,0.24157,0.03935,0.003935,0.17414,0.214,0.243,0.27205,0.30778
13.5,0.749994,0.04018,0.004018,0.68188,0.71865,0.7488,0.7773,0.81892,0.101038,0.01736,0.001736,0.07209,0.0884,0.1008,0.1138,0.13174,0.148968,0.02454,0.002454,0.10626,0.13315,0.15,0.16605,0.18866,0.101038,0.01736,0.001736,0.07209,0.0884,0.1008,0.1138,0.13174,0.250006,0.04018,0.004018,0.18108,0.2227,0.2512,0.28135,0.31812
13.75,0.741394,0.04095,0.004095,0.67315,0.71055,0.7401,0.7694,0.8135,0.102874,0.01733,0.001733,0.07339,0.09055,0.1019,0.1164,0.13432,0.155732,0.02531,0.002531,0.1118,0.139,0.1576,0.1734,0.19806,0.102874,0.01733,0.001733,0.07339,0.09055,0.1019,0.1164,0.13432,0.258606,0.04095,0.004095,0.1865,0.2306,0.2599,0.28945,0.32685
14.0,0.732922,0.04166,0.004166,0.66366,0.70135,0.7315,0.7614,0.80606,0.104986,0.01723,0.001723,0.07582,0.09295,0.104,0.1178,0.13624,0.162092,0.02618,0.002618,0.11679,0.1459,0.1638,0.18025,0.20722,0.104986,0.01723,0.001723,0.07582,0.09295,0.104,0.1178,0.13624,0.267078,0.04166,0.004166,0.19394,0.2386,0.2685,0.29865,0.33635
14.25,0.724456,0.04236,0.004236,0.65622,0.693,0.724,0.75455,0.79979,0.106758,0.01679,0.001679,0.07744,0.0954,0.1063,0.1198,0.13679,0.168786,0.02731,0.002731,0.1221,0.1512,0.1703,0.1876,0.21579,0.106758,0.01679,0.001679,0.07744,0.0954,0.1063,0.1198,0.13679,0.275544,0.04236,0.004236,0.20021,0.24545,0.276,0.307,0.34378
14.5,0.715912,0.04283,0.004283,0.64698,0.68375,0.7162,0.74635,0.7924,0.108704,0.01653,0.001653,0.0803,0.0965,0.1079,0.1213,0.13763,0.175384,0.02793,0.002793,0.12599,0.15715,0.1761,0.19505,0.22368,0.108704,0.01653,0.001653,0.0803,0.0965,0.1079,0.1213,0.13763,0.284088,0.04283,0.004283,0.2076,0.25365,0.2838,0.31625,0.35302
14.75,0.707344,0.04336,0.004336,0.63773,0.6743,0.7065,0.73825,0.78496,0.110388,0.01624,0.001624,0.0842,0.09855,0.1092,0.1225,0.14047,0.182268,0.02886,0.002886,0.13206,0.16355,0.1834,0.20285,0.23324,0.110388,0.01624,0.001624,0.0842,0.09855,0.1092,0.1225,0.14047,0.292656,0.04336,0.004336,0.21504,0.26175,0.2935,0.3257,0.36227
15.0,0.698942,0.04384,0.004384,0.62773,0.6647,0.6983,0.73065,0.77799,0.112068,0.016,0.0016,0.0872,0.10015,0.1113,0.12485,0.14101,0.18899,0.02947,0.002947,0.1372,0.1693,0.1908,0.21025,0.2412,0.112068,0.016,0.0016,0.0872,0.10015,0.1113,0.12485,0.14101,0.301058,0.04384,0.004384,0.22201,0.26935,0.3017,0.3353,0.37227
15.25,0.690276,0.04449,0.004449,0.61807,0.65635,0.6897,0.72125,0.76975,0.113732,0.01569,0.001569,0.08818,0.10275,0.1125,0.12685,0.14185,0.195992,0.0304,0.00304,0.1424,0.1746,0.1967,0.21805,0.24849,0.113732,0.01569,0.001569,0.08818,0.10275,0.1125,0.12685,0.14185,0.309724,0.04449,0.004449,0.23025,0.27875,0.3103,0.34365,0.38193
15.5,0.681674,0.04478,0.004478,0.61033,0.64705,0.68,0.7125,0.7619,0.115292,0.01537,0.001537,0.08892,0.10415,0.1144,0.1277,0.14182,0.203034,0.03121,0.003121,0.14709,0.18165,0.204,0.2255,0.25635,0.115292,0.01537,0.001537,0.08892,0.10415,0.1144,0.1277,0.14182,0.318326,0.04478,0.004478,0.2381,0.2875,0.32,0.35295,0.38967
15.75,0.673088,0.04491,0.004491,0.60041,0.63845,0.6718,0.7044,0.75353,0.116534,0.01467,0.001467,0.09015,0.1061,0.1163,0.12725,0.14082,0.210378,0.03208,0.003208,0.15366,0.18915,0.2123,0.2335,0.2671,0.116534,0.01467,0.001467,0.09015,0.1061,0.1163,0.12725,0.14082,0.326912,0.04491,0.004491,0.24647,0.2956,0.3282,0.36155,0.3996
16.0,0.664684,0.04491,0.004491,0.59242,0.63175,0.664,0.69685,0.74476,0.117448,0.01399,0.001399,0.09099,0.1077,0.1176,0.1278,0.13941,0.217868,0.03279,0.003279,0.161,0.1949,0.2184,0.24165,0.27595,0.117448,0.01399,0.001399,0.09099,0.1077,0.1176,0.1278,0.13941,0.335316,0.04491,0.004491,0.25524,0.30315,0.336,0.36825,0.40758
16.25,0.656634,0.04537,0.004537,0.58437,0.62365,0.6565,0.68965,0.73808,0.11797,0.01374,0.001374,0.09378,0.10815,0.1189,0.1286,0.13958,0.225396,0.03366,0.003366,0.1667,0.20135,0.2248,0.2508,0.28416,0.11797,0.01374,0.001374,0.09378,0.10815,0.1189,0.1286,0.13958,0.343366,0.04537,0.004537,0.26193,0.31035,0.3435,0.37635,0.41563
16.5,0.648252,0.04528,0.004528,0.57494,0.6148,0.648,0.68175,0.72859,0.11897,0.01349,0.001349,0.09337,0.1096,0.1195,0.12985,0.13955,0.232778,0.034,0.0034,0.17329,0.2089,0.2333,0.2577,0.29149,0.11897,0.01349,0.001349,0.09337,0.1096,0.1195,0.12985,0.13955,0.351748,0.04528,0.004528,0.27141,0.31825,0.352,0.3852,0.42506
16.75,0.640264,0.04519,0.004519,0.5673,0.6063,0.6407,0.6745,0.72204,0.119372,0.01275,0.001275,0.09364,0.1096,0.1201,0.1301,0.13994,0.240364,0.03475,0.003475,0.17891,0.21655,0.2406,0.26595,0.30013,0.119372,0.01275,0.001275,0.09364,0.1096,0.1201,0.1301,0.13994,0.359736,0.04519,0.004519,0.27796,0.3255,0.3593,0.3937,0.4327
17.0,0.632236,0.04529,0.004529,0.5591,0.5993,0.6309,0.6669,0.71336,0.119934,0.01245,0.001245,0.09564,0.1113,0.1209,0.1294,0.14033,0.24783,0.03537,0.003537,0.1829,0.22315,0.2478,0.27335,0.307,0.119934,0.01245,0.001245,0.09564,0.1113,0.1209,0.1294,0.14033,0.367764,0.04529,0.004529,0.28663,0.3331,0.3691,0.4007,0.4409
17.25,0.624392,0.04561,0.004561,0.55171,0.59045,0.6226,0.6598,0.70644,0.120512,0.01236,0.001236,0.09586,0.1121,0.1212,0.13005,0.14014,0.255096,0.0359,0.00359,0.19078,0.2305,0.2559,0.2812,0.31621,0.120512,0.01236,0.001236,0.09586,0.1121,0.1212,0.13005,0.14014,0.375608,0.04561,0.004561,0.29356,0.3402,0.3774,0.40955,0.44829
17.5,0.616492,0.04554,0.004554,0.54296,0.58245,0.6144,0.65015,0.69996,0.120856,0.01197,0.001197,0.09539,0.1138,0.1208,0.12955,0.1386,0.262652,0.03639,0.003639,0.19742,0.23785,0.263,0.28885,0.32342,0.120856,0.01197,0.001197,0.09539,0.1138,0.1208,0.12955,0.1386,0.383508,0.04554,0.004554,0.30004,0.34985,0.3856,0.41755,0.45704
17.75,0.608666,0.04526,0.004526,0.53558,0.57615,0.6072,0.64265,0.69266,0.121132,0.0115,0.00115,0.09648,0.114,0.1214,0.1299,0.1391,0.270202,0.03691,0.003691,0.20354,0.245,0.2711,0.297,0.33144,0.121132,0.0115,0.00115,0.09648,0.114,0.1214,0.1299,0.1391,0.391334,0.04526,0.004526,0.30734,0.35735,0.3928,0.42385,0.46442
18.0,0.600916,0.04516,0.004516,0.52828,0.56855,0.5997,0.63365,0.68409,0.121262,0.01116,0.001116,0.09734,0.11385,0.1211,0.1294,0.137,0.277822,0.03753,0.003753,0.2099,0.25305,0.2795,0.30605,0.3392,0.121262,0.01116,0.001116,0.09734,0.11385,0.1211,0.1294,0.137,0.399084,0.04516,0.004516,0.31591,0.36635,0.4003,0.43145,0.47172
18.25,0.593398,0.04499,0.004499,0.52072,0.56005,0.5932,0.62715,0.67573,0.121184,0.01088,0.001088,0.0991,0.11425,0.1221,0.1295,0.13872,0.285418,0.03791,0.003791,0.21589,0.25905,0.2875,0.3134,0.34872,0.121184,0.01088,0.001088,0.0991,0.11425,0.1221,0.1295,0.13872,0.406602,0.04499,0.004499,0.32427,0.37285,0.4068,0.43995,0.47928
18.5,0.586064,0.04465,0.004465,0.51384,0.55155,0.5853,0.6188,0.66624,0.120754,0.01057,0.001057,0.09802,0.1144,0.122,0.12855,0.13542,0.293182,0.03825,0.003825,0.22262,0.26665,0.295,0.3222,0.35846,0.120754,0.01057,0.001057,0.09802,0.1144,0.122,0.12855,0.13542,0.413936,0.04465,0.004465,0.33376,0.3812,0.4147,0.44845,0.48616
18.75,0.578622,0.04436,0.004436,0.50741,0.5425,0.5779,0.6108,0.65763,0.120486,0.01044,0.001044,0.09865,0.11375,0.1218,0.12845,0.13571,0.300892,0.0386,0.00386,0.22958,0.2739,0.3023,0.33035,0.36449,0.120486,0.01044,0.001044,0.09865,0.11375,0.1218,0.12845,0.13571,0.421378,0.04436,0.004436,0.34238,0.3892,0.4221,0.4575,0.49259
19.0,0.57152,0.04383,0.004383,0.50109,0.5361,0.5709,0.6047,0.64813,0.120108,0.01017,0.001017,0.09778,0.11335,0.121,0.128,0.13462,0.308372,0.03898,0.003898,0.23696,0.28065,0.3102,0.33805,0.37305,0.120108,0.01017,0.001017,0.09778,0.11335,0.121,0.128,0.13462,0.42848,0.04383,0.004383,0.35187,0.3953,0.4291,0.4639,0.49891
19.25,0.564774,0.04352,0.004352,0.49608,0.5301,0.5641,0.59645,0.64088,0.119374,0.00974,0.000974,0.0976,0.11335,0.1198,0.12725,0.13383,0.315852,0.03912,0.003912,0.24393,0.2881,0.3179,0.3444,0.3805,0.119374,0.00974,0.000974,0.0976,0.11335,0.1198,0.12725,0.13383,0.435226,0.04352,0.004352,0.35912,0.40355,0.4359,0.4699,0.50392
19.5,0.558166,0.04333,0.004333,0.4904,0.5238,0.5576,0.58845,0.63463,0.1186,0.00979,0.000979,0.09756,0.11235,0.1191,0.12485,0.13452,0.323234,0.03921,0.003921,0.25162,0.29545,0.3237,0.35205,0.38838,0.1186,0.00979,0.000979,0.09756,0.11235,0.1191,0.12485,0.13452,0.441834,0.04333,0.004333,0.36537,0.41155,0.4424,0.4762,0.5096
19.75,0.551362,0.04299,0.004299,0.48306,0.5163,0.5506,0.58045,0.62724,0.117974,0.00927,0.000927,0.09838,0.11195,0.1189,0.1244,0.13311,0.330664,0.03936,0.003936,0.26014,0.3019,0.3321,0.3585,0.39601,0.117974,0.00927,0.000927,0.09838,0.11195,0.1189,0.1244,0.13311,0.448638,0.04299,0.004299,0.37276,0.41955,0.4494,0.4837,0.51693
20.0,0.544822,0.0427,0.00427,0.47859,0.5094,0.5435,0.57255,0.6219,0.11709,0.00915,0.000915,0.09794,0.11215,0.1179,0.1233,0.13163,0.338088,0.03964,0.003964,0.2677,0.30755,0.3393,0.36665,0.40404,0.11709,0.00915,0.000915,0.09794,0.11215,0.1179,0.1233,0.13163,0.455178,0.0427,0.00427,0.3781,0.42745,0.4565,0.4906,0.52141
20.25,0.538414,0.04221,0.004221,0.47306,0.50415,0.5368,0.56545,0.61627,0.116208,0.00883,0.000883,0.09587,0.1112,0.1166,0.12325,0.1308,0.345378,0.03995,0.003995,0.2754,0.31535,0.3461,0.37375,0.41132,0.116208,0.00883,0.000883,0.09587,0.1112,0.1166,0.12325,0.1308,0.461586,0.04221,0.004221,0.38374,0.43455,0.4632,0.49585,0.52693
20.5,0.532134,0.0418,0.00418,0.46787,0.4981,0.5306,0.55735,0.60956,0.115446,0.00893,0.000893,0.09442,0.1102,0.1153,0.12185,0.13001,0.35242,0.03996,0.003996,0.28219,0.32235,0.3527,0.38005,0.41823,0.115446,0.00893,0.000893,0.09442,0.1102,0.1153,0.12185,0.13001,0.467866,0.0418,0.00418,0.39044,0.44265,0.4694,0.5019,0.53212
20.75,0.526156,0.04153,0.004153,0.46306,0.492,0.5239,0.55025,0.60265,0.114204,0.00907,0.000907,0.09478,0.1084,0.1136,0.1209,0.13032,0.35964,0.03994,0.003994,0.29069,0.3296,0.36,0.3877,0.42711,0.114204,0.00907,0.000907,0.09478,0.1084,0.1136,0.1209,0.13032,0.473844,0.04153,0.004153,0.39736,0.44975,0.4761,0.508,0.53694
21.0,0.52023,0.04106,0.004106,0.45826,0.4865,0.5183,0.5437,0.59574,0.112984,0.009,0.0009,0.09351,0.1073,0.113,0.1195,0.12832,0.366786,0.03991,0.003991,0.29744,0.33645,0.3673,0.3954,0.43465,0.112984,0.009,0.0009,0.09351,0.1073,0.113,0.1195,0.12832,0.47977,0.04106,0.004106,0.40426,0.4563,0.4817,0.5135,0.54174
21.25,0.514472,0.04071,0.004071,0.45206,0.4813,0.513,0.5376,0.59017,0.111738,0.00905,0.000905,0.0925,0.10535,0.1121,0.11805,0.12712,0.37379,0.03992,0.003992,0.30421,0.3431,0.3743,0.4017,0.4409,0.111738,0.00905,0.000905,0.0925,0.10535,0.1121,0.11805,0.12712,0.485528,0.04071,0.004071,0.40984,0.4624,0.487,0.5187,0.54794
21.5,0.50899,0.04008,0.004008,0.4481,0.477,0.5073,0.53135,0.58391,0.110156,0.0091,0.00091,0.09197,0.10415,0.1101,0.1154,0.1265,0.380854,0.03987,0.003987,0.31158,0.351,0.3809,0.40905,0.44617,0.110156,0.0091,0.00091,0.09197,0.10415,0.1101,0.1154,0.1265,0.49101,0.04008,0.004008,0.41608,0.46865,0.4927,0.523,0.5519
21.75,0.50349,0.03966,0.003966,0.44308,0.47175,0.5016,0.5255,0.57848,0.108936,0.009,0.0009,0.09066,0.1026,0.1091,0.11445,0.12642,0.387574,0.03999,0.003999,0.31792,0.35695,0.3886,0.4161,0.45304,0.108936,0.009,0.0009,0.09066,0.1026,0.1091,0.11445,0.12642,0.49651,0.03966,0.003966,0.42153,0.4745,0.4984,0.52825,0.55692
22.0,0.498092,0.03912,0.003912,0.43962,0.4663,0.4955,0.51965,0.57448,0.1075,0.00887,0.000887,0.09057,0.1015,0.1078,0.1137,0.12362,0.394408,0.03996,0.003996,0.32609,0.3647,0.395,0.4216,0.46007,0.1075,0.00887,0.000887,0.09057,0.1015,0.1078,0.1137,0.12362,0.501908,0.03912,0.003912,0.42553,0.48035,0.5045,0.5337,0.56038
22.25,0.49298,0.03863,0.003863,0.435,0.4625,0.491,0.51405,0.56882,0.10607,0.00899,0.000899,0.09186,0.09895,0.1069,0.1114,0.12372,0.40095,0.03997,0.003997,0.33275,0.37135,0.401,0.4283,0.46483,0.10607,0.00899,0.000899,0.09186,0.09895,0.1069,0.1114,0.12372,0.50702,0.03863,0.003863,0.43118,0.48595,0.509,0.5375,0.565
22.5,0.488026,0.03797,0.003797,0.4297,0.45845,0.4853,0.50845,0.56428,0.104388,0.00932,0.000932,0.08855,0.0979,0.1048,0.11145,0.12192,0.407586,0.03997,0.003997,0.3397,0.37875,0.4078,0.4352,0.47217,0.104388,0.00932,0.000932,0.08855,0.0979,0.1048,0.11145,0.12192,0.511974,0.03797,0.003797,0.43572,0.49155,0.5147,0.54155,0.5703
22.75,0.483178,0.03753,0.003753,0.42476,0.45435,0.4807,0.503,0.55936,0.102846,0.00951,0.000951,0.08608,0.0964,0.1023,0.1103,0.12054,0.413976,0.03969,0.003969,0.34565,0.3853,0.4143,0.44195,0.47629,0.102846,0.00951,0.000951,0.08608,0.0964,0.1023,0.1103,0.12054,0.516822,0.03753,0.003753,0.44064,0.497,0.5193,0.54565,0.57523
23.0,0.478366,0.03698,0.003698,0.42032,0.44995,0.475,0.49825,0.55432,0.101166,0.00954,0.000954,0.08466,0.09455,0.101,0.1086,0.11841,0.420468,0.0394,0.00394,0.35154,0.3927,0.4205,0.4503,0.48155,0.101166,0.00954,0.000954,0.08466,0.09455,0.101,0.1086,0.11841,0.521634,0.03698,0.003698,0.44568,0.50175,0.525,0.55005,0.57968
23.25,0.473826,0.03644,0.003644,0.41612,0.44755,0.4701,0.49425,0.5489,0.099492,0.00953,0.000953,0.08246,0.09255,0.0997,0.1061,0.11785,0.426682,0.03902,0.003902,0.35766,0.3991,0.4257,0.45735,0.486,0.099492,0.00953,0.000953,0.08246,0.09255,0.0997,0.1061,0.11785,0.526174,0.03644,0.003644,0.4511,0.50575,0.5299,0.55245,0.58388
23.5,0.46935,0.0358,0.00358,0.41246,0.4433,0.4655,0.49,0.54367,0.097588,0.0096,0.00096,0.08003,0.09075,0.0973,0.1052,0.11581,0.433062,0.03878,0.003878,0.36488,0.40695,0.4316,0.46425,0.49098,0.097588,0.0096,0.00096,0.08003,0.09075,0.0973,0.1052,0.11581,0.53065,0.0358,0.00358,0.45633,0.51,0.5345,0.5567,0.58753
23.75,0.46484,0.03514,0.003514,0.40964,0.43875,0.4613,0.48565,0.538,0.09599,0.00953,0.000953,0.07938,0.0897,0.0953,0.1031,0.1152,0.43917,0.03835,0.003835,0.3707,0.4138,0.4385,0.46965,0.49569,0.09599,0.00953,0.000953,0.07938,0.0897,0.0953,0.1031,0.1152,0.53516,0.03514,0.003514,0.462,0.51435,0.5387,0.56125,0.59036
24.0,0.46078,0.03457,0.003457,0.4058,0.4354,0.458,0.4815,0.53279,0.094138,0.00962,0.000962,0.07828,0.08795,0.0931,0.10105,0.11309,0.445082,0.03798,0.003798,0.37556,0.42135,0.4448,0.47445,0.50105,0.094138,0.00962,0.000962,0.07828,0.08795,0.0931,0.10105,0.11309,0.53922,0.03457,0.003457,0.46722,0.5185,0.542,0.5646,0.5942
24.25,0.456774,0.03417,0.003417,0.40169,0.4314,0.4536,0.4778,0.52777,0.09242,0.00953,0.000953,0.0761,0.0858,0.091,0.1,0.10962,0.450806,0.03757,0.003757,0.38026,0.4291,0.4504,0.4794,0.50592,0.09242,0.00953,0.000953,0.0761,0.0858,0.091,0.1,0.10962,0.543226,0.03417,0.003417,0.47223,0.5222,0.5464,0.5686,0.59831
24.5,0.452832,0.0336,0.00336,0.39908,0.4281,0.4499,0.47255,0.52308,0.090592,0.00965,0.000965,0.07436,0.08335,0.0896,0.09805,0.10951,0.456576,0.03738,0.003738,0.38639,0.43525,0.4569,0.4859,0.51166,0.090592,0.00965,0.000965,0.07436,0.08335,0.0896,0.09805,0.10951,0.547168,0.0336,0.00336,0.47692,0.52745,0.5501,0.5719,0.60092
24.75,0.44907,0.033,0.0033,0.39574,0.425,0.4458,0.467,0.51808,0.088866,0.00982,0.000982,0.07189,0.08175,0.0885,0.09605,0.10829,0.462064,0.03706,0.003706,0.39163,0.439,0.4634,0.49135,0.518,0.088866,0.00982,0.000982,0.07189,0.08175,0.0885,0.09605,0.10829,0.55093,0.033,0.0033,0.48192,0.533,0.5542,0.575,0.60426
25.0,0.445358,0.03248,0.003248,0.39322,0.42235,0.4418,0.46275,0.51245,0.087066,0.0099,0.00099,0.07058,0.0792,0.0866,0.09415,0.10607,0.467576,0.03678,0.003678,0.39747,0.4454,0.4693,0.49685,0.52294,0.087066,0.0099,0.00099,0.07058,0.0792,0.0866,0.09415,0.10607,0.554642,0.03248,0.003248,0.48755,0.53725,0.5582,0.57765,0.60678
25.25,0.441698,0.03202,0.003202,0.38992,0.41925,0.4388,0.45785,0.50765,0.085378,0.00993,0.000993,0.0692,0.0777,0.085,0.09225,0.10335,0.472924,0.03657,0.003657,0.40247,0.45135,0.4741,0.50075,0.52883,0.085378,0.00993,0.000993,0.0692,0.0777,0.085,0.09225,0.10335,0.558302,0.03202,0.003202,0.49235,0.54215,0.5612,0.58075,0.61008
25.5,0.438328,0.03163,0.003163,0.38696,0.4165,0.4355,0.45485,0.50235,0.083404,0.00992,0.000992,0.0667,0.07595,0.0828,0.09125,0.10089,0.478268,0.03625,0.003625,0.40764,0.45685,0.4789,0.5055,0.53403,0.083404,0.00992,0.000992,0.0667,0.07595,0.0828,0.09125,0.10089,0.561672,0.03163,0.003163,0.49765,0.54515,0.5645,0.5835,0.61305
25.75,0.434842,0.03124,0.003124,0.38442,0.4137,0.4327,0.45085,0.49752,0.081776,0.00978,0.000978,0.0655,0.075,0.0805,0.0889,0.09914,0.483382,0.03586,0.003586,0.41324,0.4625,0.4845,0.5105,0.5393,0.081776,0.00978,0.000978,0.0655,0.075,0.0805,0.0889,0.09914,0.565158,0.03124,0.003124,0.50248,0.54915,0.5673,0.5863,0.61558
26.0,0.431478,0.03068,0.003068,0.3824,0.4102,0.4291,0.44695,0.49174,0.080086,0.00994,0.000994,0.06257,0.0724,0.0796,0.0874,0.0972,0.488436,0.03554,0.003554,0.41816,0.4678,0.4903,0.5166,0.54352,0.080086,0.00994,0.000994,0.06257,0.0724,0.0796,0.0874,0.0972,0.568522,0.03068,0.003068,0.50827,0.55305,0.5709,0.5898,0.6176
26.25,0.42831,0.03039,0.003039,0.37943,0.40645,0.4254,0.4443,0.48761,0.0783,0.00983,0.000983,0.06135,0.0707,0.0782,0.08485,0.09482,0.49339,0.0351,0.00351,0.42337,0.47335,0.4947,0.52115,0.54841,0.0783,0.00983,0.000983,0.06135,0.0707,0.0782,0.08485,0.09482,0.57169,0.03039,0.003039,0.51239,0.5557,0.5746,0.59355,0.62057
26.5,0.425008,0.02996,0.002996,0.37827,0.4034,0.4223,0.44075,0.48362,0.076534,0.00979,0.000979,0.05979,0.069,0.076,0.08285,0.09242,0.498458,0.03485,0.003485,0.42858,0.4781,0.5001,0.52565,0.55411,0.076534,0.00979,0.000979,0.05979,0.069,0.076,0.08285,0.09242,0.574992,0.02996,0.002996,0.51638,0.55925,0.5777,0.5966,0.62173
26.75,0.422102,0.02958,0.002958,0.37566,0.4009,0.4195,0.43735,0.48043,0.074738,0.01002,0.001002,0.0585,0.06655,0.0751,0.0816,0.09255,0.50316,0.03475,0.003475,0.43365,0.48385,0.5045,0.5301,0.55941,0.074738,0.01002,0.001002,0.0585,0.06655,0.0751,0.0816,0.09255,0.577898,0.02958,0.002958,0.51957,0.56265,0.5805,0.5991,0.62434
27.0,0.419328,0.02909,0.002909,0.37366,0.39845,0.4163,0.43425,0.47804,0.072864,0.01012,0.001012,0.05568,0.0646,0.0738,0.08015,0.09104,0.507808,0.03449,0.003449,0.43974,0.4879,0.5096,0.5339,0.56363,0.072864,0.01012,0.001012,0.05568,0.0646,0.0738,0.08015,0.09104,0.580672,0.02909,0.002909,0.52196,0.56575,0.5837,0.60155,0.62634
27.25,0.41651,0.02853,0.002853,0.37205,0.39625,0.4141,0.4314,0.47472,0.071158,0.00994,0.000994,0.05353,0.0633,0.0722,0.07765,0.08953,0.512332,0.03403,0.003403,0.44478,0.49305,0.5144,0.53845,0.56766,0.071158,0.00994,0.000994,0.05353,0.0633,0.0722,0.07765,0.08953,0.58349,0.02853,0.002853,0.52528,0.5686,0.5859,0.60375,0.62795
27.5,0.41385,0.02815,0.002815,0.36944,0.39385,0.4112,0.4285,0.47123,0.069454,0.00991,0.000991,0.05224,0.0615,0.0701,0.07685,0.08804,0.516696,0.03365,0.003365,0.44947,0.49735,0.518,0.54265,0.57167,0.069454,0.00991,0.000991,0.05224,0.0615,0.0701,0.07685,0.08804,0.58615,0.02815,0.002815,0.52877,0.5715,0.5888,0.60615,0.63056
27.75,0.411328,0.02781,0.002781,0.36656,0.39175,0.4092,0.4259,0.46832,0.06792,0.00984,0.000984,0.05159,0.05975,0.0692,0.07475,0.08747,0.520752,0.03324,0.003324,0.45338,0.50215,0.5221,0.5462,0.57499,0.06792,0.00984,0.000984,0.05159,0.05975,0.0692,0.07475,0.08747,0.588672,0.02781,0.002781,0.53168,0.5741,0.5908,0.60825,0.63344
28.0,0.40885,0.02746,0.002746,0.3642,0.39015,0.4066,0.42335,0.46574,0.066304,0.00988,0.000988,0.0493,0.0582,0.067,0.0727,0.08646,0.524846,0.03284,0.003284,0.458,0.5055,0.5263,0.55025,0.57867,0.066304,0.00988,0.000988,0.0493,0.0582,0.067,0.0727,0.08646,0.59115,0.02746,0.002746,0.53426,0.57665,0.5934,0.60985,0.6358
28.25,0.40647,0.02699,0.002699,0.3624,0.3879,0.4039,0.4208,0.46298,0.064636,0.00994,0.000994,0.047,0.05695,0.0653,0.07195,0.08434,0.528894,0.03237,0.003237,0.462,0.50945,0.5308,0.5532,0.58208,0.064636,0.00994,0.000994,0.047,0.05695,0.0653,0.07195,0.08434,0.59353,0.02699,0.002699,0.53702,0.5792,0.5961,0.6121,0.6376
28.5,0.404154,0.02668,0.002668,0.36042,0.38585,0.4016,0.41825,0.45998,0.063022,0.00989,0.000989,0.04568,0.0557,0.063,0.0698,0.08285,0.532824,0.03203,0.003203,0.4672,0.5139,0.5344,0.5567,0.58704,0.063022,0.00989,0.000989,0.04568,0.0557,0.063,0.0698,0.08285,0.595846,0.02668,0.002668,0.54001,0.58175,0.5984,0.61415,0.63958
28.75,0.40172,0.0264,0.00264,0.35884,0.38385,0.3997,0.41565,0.4572,0.061526,0.00979,0.000979,0.04479,0.05445,0.0617,0.06845,0.07994,0.536754,0.03163,0.003163,0.47184,0.5189,0.5385,0.56025,0.59006,0.061526,0.00979,0.000979,0.04479,0.05445,0.0617,0.06845,0.07994,0.59828,0.0264,0.00264,0.5428,0.58435,0.6003,0.61615,0.64116
29.0,0.399662,0.02612,0.002612,0.35714,0.3816,0.3973,0.41375,0.45491,0.059746,0.00966,0.000966,0.0435,0.05275,0.0604,0.0659,0.07731,0.540592,0.03114,0.003114,0.47628,0.52285,0.5422,0.56295,0.59299,0.059746,0.00966,0.000966,0.0435,0.05275,0.0604,0.0659,0.07731,0.600338,0.02612,0.002612,0.54509,0.58625,0.6027,0.6184,0.64286
29.25,0.397592,0.02572,0.002572,0.35555,0.37975,0.3952,0.4113,0.45272,0.05806,0.0095,0.00095,0.04148,0.0518,0.0586,0.06355,0.07541,0.544348,0.0307,0.00307,0.48046,0.5271,0.5457,0.56675,0.59675,0.05806,0.0095,0.00095,0.04148,0.0518,0.0586,0.06355,0.07541,0.602408,0.02572,0.002572,0.54728,0.5887,0.6048,0.62025,0.64445
29.5,0.395642,0.02542,0.002542,0.35416,0.37825,0.3927,0.4085,0.44997,0.056424,0.00935,0.000935,0.04014,0.04975,0.0569,0.06165,0.07414,0.547934,0.03029,0.003029,0.48539,0.53165,0.5488,0.5699,0.60025,0.056424,0.00935,0.000935,0.04014,0.04975,0.0569,0.06165,0.07414,0.604358,0.02542,0.002542,0.55003,0.5915,0.6073,0.62175,0.64584
29.75,0.393646,0.0251,0.00251,0.35264,0.3762,0.3905,0.40655,0.44768,0.054932,0.00906,0.000906,0.03957,0.04835,0.0548,0.0594,0.07203,0.551422,0.02981,0.002981,0.49133,0.53565,0.5519,0.57305,0.60247,0.054932,0.00906,0.000906,0.03957,0.04835,0.0548,0.0594,0.07203,0.606354,0.0251,0.00251,0.55232,0.59345,0.6095,0.6238,0.64735
30.0,0.391786,0.02489,0.002489,0.35144,0.375,0.3888,0.40515,0.44587,0.053478,0.00891,0.000891,0.03829,0.04695,0.0531,0.05845,0.06996,0.554736,0.02944,0.002944,0.49521,0.53955,0.5556,0.57625,0.60497,0.053478,0.00891,0.000891,0.03829,0.04695,0.0531,0.05845,0.06996,0.608214,0.02489,0.002489,0.55414,0.59485,0.6112,0.625,0.64856
30.25,0.390094,0.02472,0.002472,0.35044,0.37365,0.3871,0.403,0.44406,0.05191,0.00872,0.000872,0.03638,0.0456,0.0517,0.05645,0.0687,0.557996,0.02915,0.002915,0.49838,0.5434,0.5589,0.5792,0.60724,0.05191,0.00872,0.000872,0.03638,0.0456,0.0517,0.05645,0.0687,0.609906,0.02472,0.002472,0.55595,0.597,0.6129,0.62635,0.64956
30.5,0.388262,0.02446,0.002446,0.34928,0.37245,0.3851,0.40145,0.44222,0.05063,0.00855,0.000855,0.03574,0.04465,0.0499,0.05605,0.0659,0.561108,0.02879,0.002879,0.50247,0.5462,0.5617,0.58225,0.60973,0.05063,0.00855,0.000855,0.03574,0.04465,0.0499,0.05605,0.0659,0.611738,0.02446,0.002446,0.55777,0.59855,0.6149,0.62755,0.65072
30.75,0.386592,0.02413,0.002413,0.34838,0.3708,0.3838,0.3994,0.43979,0.049158,0.00851,0.000851,0.03444,0.04335,0.0484,0.05455,0.06573,0.56425,0.02852,0.002852,0.50628,0.5493,0.5652,0.5846,0.6119,0.049158,0.00851,0.000851,0.03444,0.04335,0.0484,0.05455,0.06573,0.613408,0.02413,0.002413,0.56022,0.6006,0.6162,0.6292,0.65162
31.0,0.384942,0.02391,0.002391,0.34698,0.3694,0.3824,0.39785,0.438,0.047784,0.00824,0.000824,0.03366,0.0419,0.0471,0.05325,0.06303,0.567274,0.02816,0.002816,0.51092,0.55215,0.568,0.58785,0.61459,0.047784,0.00824,0.000824,0.03366,0.0419,0.0471,0.05325,0.06303,0.615058,0.02391,0.002391,0.562,0.60215,0.6176,0.6306,0.65302
31.25,0.383372,0.02361,0.002361,0.34586,0.36715,0.381,0.39585,0.43627,0.046486,0.00804,0.000804,0.03258,0.04035,0.0459,0.0519,0.06161,0.570142,0.02781,0.002781,0.51384,0.5548,0.5713,0.5904,0.61688,0.046486,0.00804,0.000804,0.03258,0.04035,0.0459,0.0519,0.06161,0.616628,0.02361,0.002361,0.56373,0.60415,0.619,0.63285,0.65414
31.5,0.381848,0.02329,0.002329,0.34508,0.36575,0.3795,0.39425,0.43472,0.04518,0.00782,0.000782,0.0327,0.03995,0.0445,0.05045,0.06042,0.572972,0.02745,0.002745,0.51702,0.5574,0.574,0.59305,0.61849,0.04518,0.00782,0.000782,0.0327,0.03995,0.0445,0.05045,0.06042,0.618152,0.02329,0.002329,0.56528,0.60575,0.6205,0.63425,0.65491
31.75,0.380344,0.02307,0.002307,0.34428,0.36495,0.3783,0.39225,0.43252,0.043804,0.00761,0.000761,0.03178,0.03815,0.0427,0.0485,0.0577,0.575852,0.02709,0.002709,0.51996,0.5603,0.5767,0.59565,0.62035,0.043804,0.00761,0.000761,0.03178,0.03815,0.0427,0.0485,0.0577,0.619656,0.02307,0.002307,0.56748,0.60775,0.6217,0.63505,0.65572
32.0,0.378854,0.02297,0.002297,0.3437,0.3634,0.3763,0.39055,0.4307,0.0426,0.00746,0.000746,0.03148,0.03695,0.0416,0.04685,0.05672,0.578546,0.02684,0.002684,0.5229,0.5635,0.5792,0.598,0.62214,0.0426,0.00746,0.000746,0.03148,0.03695,0.0416,0.04685,0.05672,0.621146,0.02297,0.002297,0.5693,0.60945,0.6237,0.6366,0.6563
32.25,0.377448,0.02267,0.002267,0.3421,0.3624,0.3746,0.38955,0.42784,0.041364,0.00736,0.000736,0.02996,0.03635,0.0404,0.04565,0.0555,0.581188,0.02663,0.002663,0.52636,0.5672,0.582,0.60055,0.62346,0.041364,0.00736,0.000736,0.02996,0.03635,0.0404,0.04565,0.0555,0.622552,0.02267,0.002267,0.57216,0.61045,0.6254,0.6376,0.6579
32.5,0.376168,0.02247,0.002247,0.34108,0.36075,0.3738,0.38775,0.42606,0.04013,0.00734,0.000734,0.02879,0.0348,0.0391,0.04475,0.05461,0.583702,0.02637,0.002637,0.5292,0.57005,0.5847,0.60225,0.62525,0.04013,0.00734,0.000734,0.02879,0.0348,0.0391,0.04475,0.05461,0.623832,0.02247,0.002247,0.57394,0.61225,0.6262,0.63925,0.65892
32.75,0.374802,0.0222,0.00222,0.3402,0.3594,0.3728,0.3865,0.42468,0.038992,0.00731,0.000731,0.02716,0.0335,0.0382,0.0435,0.0531,0.586206,0.02604,0.002604,0.53178,0.5723,0.5866,0.6045,0.62732,0.038992,0.00731,0.000731,0.02716,0.0335,0.0382,0.0435,0.0531,0.625198,0.0222,0.00222,0.57532,0.6135,0.6272,0.6406,0.6598
33.0,0.373574,0.02207,0.002207,0.3394,0.3583,0.3719,0.3851,0.42318,0.037856,0.00717,0.000717,0.02588,0.0324,0.037,0.042,0.05284,0.58857,0.02569,0.002569,0.53488,0.5749,0.5892,0.6065,0.62872,0.037856,0.00717,0.000717,0.02588,0.0324,0.037,0.042,0.05284,0.626426,0.02207,0.002207,0.57682,0.6149,0.6281,0.6417,0.6606
33.25,0.37238,0.02184,0.002184,0.33888,0.35695,0.3713,0.38395,0.422,0.036676,0.00711,0.000711,0.02468,0.0312,0.0361,0.0412,0.05152,0.590944,0.02541,0.002541,0.53689,0.5775,0.5922,0.60845,0.63054,0.036676,0.00711,0.000711,0.02468,0.0312,0.0361,0.0412,0.05152,0.62762,0.02184,0.002184,0.578,0.61605,0.6287,0.64305,0.66112
33.5,0.371216,0.0216,0.00216,0.33819,0.356,0.3701,0.3829,0.42094,0.035632,0.00714,0.000714,0.02408,0.0302,0.0352,0.03985,0.05041,0.593152,0.0253,0.00253,0.53988,0.57915,0.5944,0.61005,0.63282,0.035632,0.00714,0.000714,0.02408,0.0302,0.0352,0.03985,0.05041,0.628784,0.0216,0.00216,0.57906,0.6171,0.6299,0.644,0.66181
33.75,0.370148,0.02146,0.002146,0.33718,0.3554,0.3692,0.3816,0.4196,0.034562,0.00698,0.000698,0.02329,0.0294,0.034,0.0387,0.04912,0.59529,0.02509,0.002509,0.54226,0.58195,0.5972,0.61175,0.63501,0.034562,0.00698,0.000698,0.02329,0.0294,0.034,0.0387,0.04912,0.629852,0.02146,0.002146,0.5804,0.6184,0.6308,0.6446,0.66282
34.0,0.36906,0.02131,0.002131,0.33628,0.3544,0.3682,0.38055,0.41842,0.033572,0.00683,0.000683,0.02298,0.0282,0.0329,0.0384,0.04761,0.597368,0.02485,0.002485,0.54467,0.5841,0.5991,0.61365,0.637,0.033572,0.00683,0.000683,0.02298,0.0282,0.0329,0.0384,0.04761,0.63094,0.02131,0.002131,0.58158,0.61945,0.6318,0.6456,0.66372
34.25,0.36801,0.02109,0.002109,0.33506,0.3535,0.3673,0.37955,0.41704,0.032576,0.00666,0.000666,0.02259,0.02735,0.0318,0.03665,0.0454,0.599414,0.02445,0.002445,0.54699,0.58625,0.6021,0.61515,0.63836,0.032576,0.00666,0.000666,0.02259,0.02735,0.0318,0.03665,0.0454,0.63199,0.02109,0.002109,0.58296,0.62045,0.6327,0.6465,0.66494
34.5,0.366962,0.02091,0.002091,0.33445,0.35295,0.3661,0.379,0.41575,0.031698,0.00654,0.000654,0.0215,0.0263,0.0312,0.0359,0.0437,0.60134,0.02435,0.002435,0.54956,0.5887,0.6041,0.61745,0.64038,0.031698,0.00654,0.000654,0.0215,0.0263,0.0312,0.0359,0.0437,0.633038,0.02091,0.002091,0.58425,0.621,0.6339,0.64705,0.66554
34.75,0.366016,0.02076,0.002076,0.33386,0.3518,0.3656,0.37855,0.41476,0.03072,0.00656,0.000656,0.02079,0.025,0.0302,0.0348,0.04252,0.603264,0.02417,0.002417,0.55124,0.59055,0.6068,0.61925,0.64196,0.03072,0.00656,0.000656,0.02079,0.025,0.0302,0.0348,0.04252,0.633984,0.02076,0.002076,0.58524,0.62145,0.6344,0.6482,0.66614
35.0,0.36509,0.02066,0.002066,0.33308,0.3511,0.3643,0.37805,0.41355,0.02974,0.00638,0.000638,0.01969,0.02455,0.0294,0.0335,0.04153,0.60517,0.02403,0.002403,0.55374,0.592,0.6087,0.6219,0.64356,0.02974,0.00638,0.000638,0.01969,0.02455,0.0294,0.0335,0.04153,0.63491,0.02066,0.002066,0.58645,0.62195,0.6357,0.6489,0.66692
35.25,0.364188,0.02051,0.002051,0.33248,0.3504,0.3636,0.3775,0.41245,0.028934,0.00633,0.000633,0.01939,0.024,0.0283,0.0327,0.04142,0.606878,0.02388,0.002388,0.55462,0.59435,0.6103,0.62295,0.64465,0.028934,0.00633,0.000633,0.01939,0.024,0.0283,0.0327,0.04142,0.635812,0.02051,0.002051,0.58756,0.6225,0.6364,0.6496,0.66752
35.5,0.363322,0.02044,0.002044,0.3319,0.3497,0.3631,0.37645,0.41184,0.028084,0.00628,0.000628,0.0188,0.0234,0.0274,0.03205,0.04004,0.608594,0.02357,0.002357,0.55601,0.5959,0.6114,0.62425,0.64594,0.028084,0.00628,0.000628,0.0188,0.0234,0.0274,0.03205,0.04004,0.636678,0.02044,0.002044,0.58817,0.62355,0.6369,0.6503,0.6681
35.75,0.362492,0.0203,0.00203,0.33119,0.34885,0.3617,0.3755,0.41084,0.027168,0.00616,0.000616,0.01738,0.0227,0.0264,0.03075,0.04023,0.61034,0.02336,0.002336,0.55814,0.59775,0.6129,0.62555,0.64665,0.027168,0.00616,0.000616,0.01738,0.0227,0.0264,0.03075,0.04023,0.637508,0.0203,0.00203,0.58916,0.6245,0.6383,0.65115,0.66881
36.0,0.361654,0.0202,0.00202,0.33029,0.34775,0.3609,0.37465,0.41015,0.026382,0.00602,0.000602,0.01699,0.0221,0.0254,0.02925,0.03903,0.611964,0.02311,0.002311,0.55996,0.60005,0.6141,0.62705,0.64776,0.026382,0.00602,0.000602,0.01699,0.0221,0.0254,0.02925,0.03903,0.638346,0.0202,0.00202,0.58985,0.62535,0.6391,0.65225,0.66972
36.25,0.360872,0.02007,0.002007,0.32938,0.3468,0.3601,0.37395,0.40913,0.02558,0.00593,0.000593,0.01639,0.02135,0.025,0.0284,0.03871,0.613548,0.02292,0.002292,0.56215,0.60175,0.615,0.6283,0.64846,0.02558,0.00593,0.000593,0.01639,0.02135,0.025,0.0284,0.03871,0.639128,0.02007,0.002007,0.59087,0.62605,0.6399,0.6532,0.67062
36.5,0.360104,0.01993,0.001993,0.32876,0.3463,0.3595,0.37325,0.40842,0.024684,0.00584,0.000584,0.0156,0.02075,0.0238,0.02765,0.038,0.615212,0.02275,0.002275,0.56464,0.603,0.617,0.6302,0.65054,0.024684,0.00584,0.000584,0.0156,0.02075,0.0238,0.02765,0.038,0.639896,0.01993,0.001993,0.59158,0.62675,0.6405,0.6537,0.67124
36.75,0.35932,0.01982,0.001982,0.32784,0.34595,0.3588,0.3726,0.40723,0.023936,0.0057,0.00057,0.01488,0.01995,0.0231,0.02685,0.03602,0.616744,0.02257,0.002257,0.56678,0.60405,0.6192,0.6314,0.6519,0.023936,0.0057,0.00057,0.01488,0.01995,0.0231,0.02685,0.03602,0.64068,0.01982,0.001982,0.59278,0.6274,0.6412,0.65405,0.67216
37.0,0.358692,0.01967,0.001967,0.32753,0.34515,0.3582,0.37205,0.40604,0.023172,0.00548,0.000548,0.01468,0.0193,0.0224,0.0262,0.03473,0.618136,0.02234,0.002234,0.56812,0.6051,0.6201,0.6325,0.65301,0.023172,0.00548,0.000548,0.01468,0.0193,0.0224,0.0262,0.03473,0.641308,0.01967,0.001967,0.59396,0.62795,0.6418,0.65485,0.67247
37.25,0.358004,0.01949,0.001949,0.32733,0.34485,0.3574,0.37125,0.40372,0.022464,0.00549,0.000549,0.0141,0.0188,0.022,0.0252,0.03481,0.619532,0.02222,0.002222,0.56932,0.60655,0.6216,0.6348,0.65414,0.022464,0.00549,0.000549,0.0141,0.0188,0.022,0.0252,0.03481,0.641996,0.01949,0.001949,0.59628,0.62875,0.6426,0.65515,0.67267
37.5,0.35739,0.01932,0.001932,0.32684,0.3444,0.3568,0.37025,0.40207,0.021716,0.00542,0.000542,0.01278,0.01795,0.0213,0.0246,0.03403,0.620894,0.02198,0.002198,0.57102,0.6081,0.6233,0.636,0.65503,0.021716,0.00542,0.000542,0.01278,0.01795,0.0213,0.0246,0.03403,0.64261,0.01932,0.001932,0.59793,0.62975,0.6432,0.6556,0.67316
37.75,0.356738,0.01918,0.001918,0.32612,0.34355,0.3562,0.36935,0.40043,0.021002,0.00539,0.000539,0.0118,0.0179,0.0204,0.02345,0.03272,0.62226,0.02181,0.002181,0.57277,0.6095,0.6246,0.63715,0.65612,0.021002,0.00539,0.000539,0.0118,0.0179,0.0204,0.02345,0.03272,0.643262,0.01918,0.001918,0.59957,0.63065,0.6438,0.65645,0.67388
38.0,0.356176,0.01909,0.001909,0.3258,0.343,0.3555,0.3685,0.39961,0.020252,0.00519,0.000519,0.0115,0.0172,0.0198,0.02285,0.03071,0.623572,0.02159,0.002159,0.57446,0.6105,0.6259,0.6385,0.65726,0.020252,0.00519,0.000519,0.0115,0.0172,0.0198,0.02285,0.03071,0.643824,0.01909,0.001909,0.60039,0.6315,0.6445,0.657,0.6742
38.25,0.35558,0.01896,0.001896,0.3253,0.34195,0.3548,0.368,0.3985,0.019674,0.0051,0.00051,0.0108,0.01675,0.0192,0.02185,0.03032,0.624746,0.02143,0.002143,0.57591,0.6112,0.6265,0.63925,0.65825,0.019674,0.0051,0.00051,0.0108,0.01675,0.0192,0.02185,0.03032,0.64442,0.01896,0.001896,0.6015,0.632,0.6452,0.65805,0.6747
38.5,0.355048,0.01888,0.001888,0.32462,0.3415,0.3543,0.36725,0.39784,0.019016,0.00495,0.000495,0.0106,0.01595,0.0187,0.0212,0.02996,0.625936,0.02125,0.002125,0.5772,0.61285,0.6281,0.6405,0.65936,0.019016,0.00495,0.000495,0.0106,0.01595,0.0187,0.0212,0.02996,0.644952,0.01888,0.001888,0.60216,0.63275,0.6457,0.6585,0.67538
38.75,0.354478,0.01881,0.001881,0.32452,0.34095,0.3536,0.36665,0.39686,0.018394,0.00484,0.000484,0.00999,0.01535,0.0179,0.02025,0.02948,0.627128,0.02111,0.002111,0.57847,0.6141,0.6286,0.64175,0.66056,0.018394,0.00484,0.000484,0.00999,0.01535,0.0179,0.02025,0.02948,0.645522,0.01881,0.001881,0.60314,0.63335,0.6464,0.65905,0.67548
39.0,0.353972,0.01872,0.001872,0.32414,0.3408,0.3531,0.36595,0.3957,0.017696,0.00482,0.000482,0.0095,0.0146,0.0168,0.02005,0.0287,0.628332,0.02089,0.002089,0.57977,0.61515,0.63,0.6425,0.66125,0.017696,0.00482,0.000482,0.0095,0.0146,0.0168,0.02005,0.0287,0.646028,0.01872,0.001872,0.6043,0.63405,0.6469,0.6592,0.67586
39.25,0.35347,0.01866,0.001866,0.32394,0.34035,0.3529,0.36555,0.39483,0.017112,0.00477,0.000477,0.00909,0.014,0.0166,0.01945,0.02829,0.629418,0.02079,0.002079,0.58084,0.6167,0.631,0.64345,0.66244,0.017112,0.00477,0.000477,0.00909,0.014,0.0166,0.01945,0.02829,0.64653,0.01866,0.001866,0.60518,0.63445,0.6471,0.65965,0.67606
39.5,0.35298,0.01856,0.001856,0.32364,0.33955,0.3522,0.3653,0.39422,0.01661,0.0045,0.00045,0.00878,0.0137,0.0164,0.0189,0.02646,0.63041,0.02058,0.002058,0.58284,0.6177,0.6316,0.64415,0.66302,0.01661,0.0045,0.00045,0.00878,0.0137,0.0164,0.0189,0.02646,0.64702,0.01856,0.001856,0.60578,0.6347,0.6478,0.66045,0.67636
39.75,0.352416,0.01845,0.001845,0.32344,0.33915,0.3515,0.36465,0.39322,0.016182,0.00443,0.000443,0.00858,0.0132,0.0158,0.0185,0.02522,0.631402,0.02044,0.002044,0.58386,0.61885,0.6325,0.64505,0.66392,0.016182,0.00443,0.000443,0.00858,0.0132,0.0158,0.0185,0.02522,0.647584,0.01845,0.001845,0.60678,0.63535,0.6485,0.66085,0.67657
40.0,0.351952,0.01844,0.001844,0.32305,0.33875,0.3513,0.3639,0.3924,0.015684,0.00431,0.000431,0.0083,0.01275,0.0153,0.01845,0.02481,0.632364,0.02032,0.002032,0.58483,0.61965,0.633,0.6459,0.66454,0.015684,0.00431,0.000431,0.0083,0.01275,0.0153,0.01845,0.02481,0.648048,0.01844,0.001844,0.6076,0.6361,0.6487,0.66125,0.67696
40.25,0.351524,0.0184,0.00184,0.32218,0.33835,0.3508,0.36365,0.39202,0.01515,0.00424,0.000424,0.00798,0.01235,0.0148,0.0176,0.0238,0.633326,0.02019,0.002019,0.58619,0.62095,0.6335,0.6466,0.66515,0.01515,0.00424,0.000424,0.00798,0.01235,0.0148,0.0176,0.0238,0.648476,0.0184,0.00184,0.60798,0.63635,0.6492,0.66165,0.67782
40.5,0.351098,0.01839,0.001839,0.32179,0.33775,0.3503,0.36295,0.39154,0.014562,0.00413,0.000413,0.0075,0.01175,0.0139,0.017,0.0232,0.63434,0.02003,0.002003,0.58739,0.6214,0.6346,0.6477,0.66596,0.014562,0.00413,0.000413,0.0075,0.01175,0.0139,0.017,0.0232,0.648902,0.01839,0.001839,0.60846,0.63705,0.6497,0.66225,0.67821
40.75,0.350688,0.01836,0.001836,0.32139,0.3374,0.3501,0.3629,0.39106,0.014072,0.00389,0.000389,0.00728,0.0112,0.0136,0.01625,0.02272,0.63524,0.01982,0.001982,0.58862,0.6226,0.6355,0.6482,0.66664,0.014072,0.00389,0.000389,0.00728,0.0112,0.0136,0.01625,0.02272,0.649312,0.01836,0.001836,0.60894,0.6371,0.6499,0.6626,0.67861
41.0,0.350304,0.01832,0.001832,0.3213,0.33715,0.3499,0.3622,0.39038,0.013498,0.00375,0.000375,0.0071,0.01075,0.0128,0.01545,0.02172,0.636198,0.01973,0.001973,0.59014,0.62355,0.6365,0.64925,0.66783,0.013498,0.00375,0.000375,0.0071,0.01075,0.0128,0.01545,0.02172,0.649696,0.01832,0.001832,0.60962,0.6378,0.6501,0.66285,0.6787
41.25,0.349914,0.01828,0.001828,0.3209,0.3368,0.3493,0.36185,0.38912,0.01306,0.00364,0.000364,0.00679,0.0103,0.0128,0.0154,0.02103,0.637026,0.0196,0.00196,0.59139,0.62415,0.6372,0.64965,0.66823,0.01306,0.00364,0.000364,0.00679,0.0103,0.0128,0.0154,0.02103,0.650086,0.01828,0.001828,0.61088,0.63815,0.6507,0.6632,0.6791
41.5,0.34958,0.01825,0.001825,0.3208,0.33615,0.349,0.36165,0.38862,0.012462,0.00349,0.000349,0.0064,0.01,0.0122,0.0144,0.02021,0.637958,0.01944,0.001944,0.5927,0.6253,0.6381,0.6511,0.66891,0.012462,0.00349,0.000349,0.0064,0.01,0.0122,0.0144,0.02021,0.65042,0.01825,0.001825,0.61138,0.63835,0.651,0.66385,0.6792
41.75,0.349216,0.0182,0.00182,0.32059,0.33575,0.3486,0.36105,0.38834,0.012084,0.00351,0.000351,0.00608,0.00975,0.0116,0.0138,0.0199,0.6387,0.01935,0.001935,0.59411,0.62615,0.6388,0.65145,0.66961,0.012084,0.00351,0.000351,0.00608,0.00975,0.0116,0.0138,0.0199,0.650784,0.0182,0.00182,0.61166,0.63895,0.6514,0.66425,0.67941
42.0,0.348838,0.01815,0.001815,0.31997,0.3356,0.3485,0.3603,0.38772,0.011764,0.00342,0.000342,0.00589,0.00935,0.0114,0.0138,0.01931,0.639398,0.01926,0.001926,0.59522,0.62725,0.6391,0.65265,0.66981,0.011764,0.00342,0.000342,0.00589,0.00935,0.0114,0.0138,0.01931,0.651162,0.01815,0.001815,0.61228,0.6397,0.6515,0.6644,0.68003
42.25,0.348482,0.01805,0.001805,0.31977,0.33555,0.3481,0.36015,0.38741,0.011378,0.00332,0.000332,0.00608,0.00895,0.0108,0.01305,0.01872,0.64014,0.01915,0.001915,0.59646,0.62815,0.6401,0.65385,0.67072,0.011378,0.00332,0.000332,0.00608,0.00895,0.0108,0.01305,0.01872,0.651518,0.01805,0.001805,0.61259,0.63985,0.6519,0.66445,0.68023
42.5,0.34815,0.01802,0.001802,0.31946,0.33495,0.348,0.35975,0.3871,0.010986,0.00326,0.000326,0.00608,0.00855,0.0106,0.01285,0.01882,0.640864,0.01903,0.001903,0.59786,0.629,0.6408,0.65465,0.67152,0.010986,0.00326,0.000326,0.00608,0.00855,0.0106,0.01285,0.01882,0.65185,0.01802,0.001802,0.6129,0.64025,0.652,0.66505,0.68054
42.75,0.347836,0.01801,0.001801,0.31937,0.33465,0.3476,0.35955,0.38699,0.010646,0.00322,0.000322,0.00578,0.0082,0.0102,0.0124,0.01862,0.641518,0.01897,0.001897,0.59888,0.62975,0.6415,0.65525,0.67234,0.010646,0.00322,0.000322,0.00578,0.0082,0.0102,0.0124,0.01862,0.652164,0.01801,0.001801,0.61301,0.64045,0.6524,0.66535,0.68063
43.0,0.34755,0.01797,0.001797,0.31897,0.3346,0.3469,0.3593,0.3868,0.010242,0.00309,0.000309,0.00559,0.00815,0.01,0.0118,0.01772,0.642208,0.01883,0.001883,0.59999,0.6304,0.6417,0.65605,0.67282,0.010242,0.00309,0.000309,0.00559,0.00815,0.01,0.0118,0.01772,0.65245,0.01797,0.001797,0.6132,0.6407,0.6531,0.6654,0.68103
43.25,0.347264,0.01791,0.001791,0.31888,0.33445,0.3466,0.3591,0.38632,0.009928,0.00306,0.000306,0.00518,0.00775,0.0098,0.0116,0.01694,0.642808,0.01878,0.001878,0.60088,0.63075,0.6424,0.6566,0.67364,0.009928,0.00306,0.000306,0.00518,0.00775,0.0098,0.0116,0.01694,0.652736,0.01791,0.001791,0.61368,0.6409,0.6534,0.66555,0.68112
43.5,0.346984,0.01785,0.001785,0.31878,0.33415,0.3464,0.35875,0.38612,0.00955,0.00301,0.000301,0.0049,0.00755,0.009,0.0112,0.01642,0.643466,0.01868,0.001868,0.60184,0.63195,0.6431,0.6573,0.67404,0.00955,0.00301,0.000301,0.0049,0.00755,0.009,0.0112,0.01642,0.653016,0.01785,0.001785,0.61388,0.64125,0.6536,0.66585,0.68122
43.75,0.346714,0.01776,0.001776,0.31858,0.33385,0.3463,0.35855,0.3856,0.009218,0.00292,0.000292,0.0046,0.0072,0.0088,0.01065,0.01514,0.644068,0.01861,0.001861,0.60243,0.6322,0.6437,0.65785,0.67445,0.009218,0.00292,0.000292,0.0046,0.0072,0.0088,0.01065,0.01514,0.653286,0.01776,0.001776,0.6144,0.64145,0.6537,0.66615,0.68142
44.0,0.346432,0.01773,0.001773,0.31848,0.33365,0.346,0.3583,0.38528,0.008852,0.00275,0.000275,0.00439,0.0068,0.0085,0.0104,0.0145,0.644716,0.0185,0.00185,0.60351,0.63255,0.6446,0.65865,0.67476,0.008852,0.00275,0.000275,0.00439,0.0068,0.0085,0.0104,0.0145,0.653568,0.01773,0.001773,0.61472,0.6417,0.654,0.66635,0.68152
44.25,0.346202,0.0177,0.00177,0.31839,0.33345,0.3458,0.35805,0.38499,0.008516,0.00266,0.000266,0.00409,0.0068,0.0082,0.01,0.0138,0.645282,0.01843,0.001843,0.60469,0.6333,0.6451,0.6592,0.67485,0.008516,0.00266,0.000266,0.00409,0.0068,0.0082,0.01,0.0138,0.653798,0.0177,0.00177,0.61501,0.64195,0.6542,0.66655,0.68161
44.5,0.345938,0.01765,0.001765,0.3182,0.33295,0.3454,0.3576,0.3847,0.008274,0.00258,0.000258,0.0039,0.0066,0.008,0.00965,0.0132,0.645788,0.01834,0.001834,0.60565,0.6338,0.646,0.6597,0.67494,0.008274,0.00258,0.000258,0.0039,0.0066,0.008,0.00965,0.0132,0.654062,0.01765,0.001765,0.6153,0.6424,0.6546,0.66705,0.6818
44.75,0.345694,0.01762,0.001762,0.3177,0.33295,0.3452,0.3571,0.38408,0.00803,0.00259,0.000259,0.0039,0.0064,0.0078,0.00945,0.01313,0.646276,0.01831,0.001831,0.60623,0.6343,0.6464,0.6603,0.67524,0.00803,0.00259,0.000259,0.0039,0.0064,0.0078,0.00945,0.01313,0.654306,0.01762,0.001762,0.61593,0.6429,0.6548,0.66705,0.6823
45.0,0.34552,0.01761,0.001761,0.31759,0.3328,0.3452,0.3568,0.38388,0.007762,0.00244,0.000244,0.00379,0.00615,0.0076,0.0092,0.01263,0.646718,0.01825,0.001825,0.60701,0.63475,0.6467,0.6605,0.67574,0.007762,0.00244,0.000244,0.00379,0.00615,0.0076,0.0092,0.01263,0.65448,0.01761,0.001761,0.61612,0.6432,0.6548,0.6672,0.68241
45.25,0.34529,0.01756,0.001756,0.31749,0.3326,0.345,0.3563,0.38347,0.00756,0.00244,0.000244,0.0037,0.0058,0.0074,0.009,0.01221,0.64715,0.01819,0.001819,0.60759,0.6352,0.6474,0.6609,0.67636,0.00756,0.00244,0.000244,0.0037,0.0058,0.0074,0.009,0.01221,0.65471,0.01756,0.001756,0.61653,0.6437,0.655,0.6674,0.6825
45.5,0.345072,0.01758,0.001758,0.31719,0.3323,0.3449,0.3561,0.38327,0.007288,0.00234,0.000234,0.0037,0.0056,0.0072,0.00845,0.01181,0.64764,0.01812,0.001812,0.60876,0.63565,0.6482,0.6616,0.67667,0.007288,0.00234,0.000234,0.0037,0.0056,0.0072,0.00845,0.01181,0.654928,0.01758,0.001758,0.61674,0.6439,0.6551,0.6677,0.68281
45.75,0.344878,0.01755,0.001755,0.31638,0.3322,0.3447,0.3559,0.38316,0.007018,0.00226,0.000226,0.0035,0.0054,0.007,0.0082,0.01161,0.648104,0.01809,0.001809,0.60975,0.63605,0.649,0.6622,0.67686,0.007018,0.00226,0.000226,0.0035,0.0054,0.007,0.0082,0.01161,0.655122,0.01755,0.001755,0.61684,0.6441,0.6553,0.6678,0.68362
46.0,0.344714,0.01752,0.001752,0.31598,0.3322,0.3447,0.35555,0.38286,0.006762,0.00222,0.000222,0.00339,0.005,0.0066,0.00785,0.0112,0.648524,0.01807,0.001807,0.61026,0.6365,0.6493,0.66225,0.67726,0.006762,0.00222,0.000222,0.00339,0.005,0.0066,0.00785,0.0112,0.655286,0.01752,0.001752,0.61714,0.64445,0.6553,0.6678,0.68402
46.25,0.344536,0.01749,0.001749,0.31588,0.3322,0.3445,0.3554,0.38235,0.00651,0.00217,0.000217,0.0032,0.00495,0.0062,0.0076,0.0111,0.648954,0.01807,0.001807,0.61064,0.6372,0.6495,0.6626,0.67784,0.00651,0.00217,0.000217,0.0032,0.00495,0.0062,0.0076,0.0111,0.655464,0.01749,0.001749,0.61765,0.6446,0.6555,0.6678,0.68412
46.5,0.344318,0.01745,0.001745,0.31546,0.33175,0.344,0.3551,0.38204,0.00637,0.0022,0.00022,0.0027,0.0048,0.0062,0.0076,0.01091,0.649312,0.01808,0.001808,0.61104,0.63755,0.6499,0.66305,0.67784,0.00637,0.0022,0.00022,0.0027,0.0048,0.0062,0.0076,0.01091,0.655682,0.01745,0.001745,0.61796,0.6449,0.656,0.66825,0.68454
46.75,0.344124,0.01746,0.001746,0.31505,0.33155,0.3436,0.35495,0.38184,0.006188,0.00219,0.000219,0.0027,0.00475,0.0062,0.0074,0.0104,0.649688,0.01804,0.001804,0.61166,0.638,0.6501,0.66305,0.67836,0.006188,0.00219,0.000219,0.0027,0.00475,0.0062,0.0074,0.0104,0.655876,0.01746,0.001746,0.61817,0.64505,0.6564,0.66845,0.68494
47.0,0.343938,0.01745,0.001745,0.31495,0.33135,0.3435,0.35455,0.38164,0.00599,0.00215,0.000215,0.0027,0.0046,0.0059,0.0074,0.01001,0.650072,0.01799,0.001799,0.61195,0.63855,0.6506,0.66325,0.67864,0.00599,0.00215,0.000215,0.0027,0.0046,0.0059,0.0074,0.01001,0.656062,0.01745,0.001745,0.61837,0.64545,0.6565,0.66865,0.68505
47.25,0.343782,0.01743,0.001743,0.31485,0.33115,0.3432,0.35425,0.38142,0.00581,0.00209,0.000209,0.00249,0.0044,0.0058,0.007,0.00991,0.650408,0.01789,0.001789,0.61237,0.639,0.651,0.66345,0.67874,0.00581,0.00209,0.000209,0.00249,0.0044,0.0058,0.007,0.00991,0.656218,0.01743,0.001743,0.61858,0.64575,0.6568,0.66885,0.68516
47.5,0.343614,0.01741,0.001741,0.31454,0.3311,0.3429,0.35405,0.38112,0.005646,0.00208,0.000208,0.0026,0.00435,0.0056,0.0068,0.00971,0.65074,0.01789,0.001789,0.61268,0.63925,0.6514,0.66365,0.67892,0.005646,0.00208,0.000208,0.0026,0.00435,0.0056,0.0068,0.00971,0.656386,0.01741,0.001741,0.61888,0.64595,0.6571,0.6689,0.68546
47.75,0.34347,0.01739,0.001739,0.31454,0.33105,0.3428,0.3538,0.38112,0.00538,0.00204,0.000204,0.0023,0.00415,0.0052,0.00645,0.00942,0.65115,0.01785,0.001785,0.61318,0.63965,0.6516,0.6638,0.67921,0.00538,0.00204,0.000204,0.0023,0.00415,0.0052,0.00645,0.00942,0.65653,0.01739,0.001739,0.61888,0.6462,0.6572,0.66895,0.68546
48.0,0.34332,0.01736,0.001736,0.31422,0.331,0.3426,0.35365,0.3806,0.005206,0.00198,0.000198,0.0022,0.0038,0.0051,0.0062,0.00894,0.651474,0.01782,0.001782,0.61338,0.64005,0.652,0.6642,0.6795,0.005206,0.00198,0.000198,0.0022,0.0038,0.0051,0.0062,0.00894,0.65668,0.01736,0.001736,0.6194,0.64635,0.6574,0.669,0.68578
48.25,0.34316,0.01733,0.001733,0.31391,0.3307,0.3424,0.35345,0.38028,0.005058,0.00198,0.000198,0.0021,0.0036,0.0048,0.006,0.00915,0.651782,0.01782,0.001782,0.6139,0.6404,0.6525,0.66435,0.67981,0.005058,0.00198,0.000198,0.0021,0.0036,0.0048,0.006,0.00915,0.65684,0.01733,0.001733,0.61972,0.64655,0.6576,0.6693,0.68609
48.5,0.343038,0.01729,0.001729,0.3138,0.3307,0.3423,0.3534,0.37998,0.00493,0.00193,0.000193,0.0019,0.0036,0.0047,0.00585,0.00893,0.652032,0.01782,0.001782,0.6139,0.6407,0.6527,0.66455,0.6801,0.00493,0.00193,0.000193,0.0019,0.0036,0.0047,0.00585,0.00893,0.656962,0.01729,0.001729,0.62002,0.6466,0.6577,0.6693,0.6862
48.75,0.342896,0.01724,0.001724,0.31371,0.3307,0.3421,0.35305,0.37936,0.004728,0.00191,0.000191,0.0019,0.00355,0.0045,0.0058,0.00831,0.652376,0.0178,0.00178,0.61472,0.64075,0.6533,0.66505,0.6802,0.004728,0.00191,0.000191,0.0019,0.00355,0.0045,0.0058,0.00831,0.657104,0.01724,0.001724,0.62064,0.64695,0.6579,0.6693,0.68629
49.0,0.342778,0.0172,0.00172,0.31371,0.33055,0.3418,0.35305,0.37884,0.00455,0.00184,0.000184,0.0018,0.0032,0.0045,0.0056,0.00781,0.652672,0.01773,0.001773,0.61545,0.64115,0.6534,0.66525,0.6803,0.00455,0.00184,0.000184,0.0018,0.0032,0.0045,0.0056,0.00781,0.657222,0.0172,0.00172,0.62116,0.64695,0.6582,0.66945,0.68629
49.25,0.342654,0.0172,0.00172,0.3135,0.3302,0.3417,0.3529,0.37863,0.00443,0.00181,0.000181,0.0017,0.00315,0.0044,0.0054,0.00752,0.652916,0.01768,0.001768,0.61556,0.64155,0.6535,0.66565,0.6806,0.00443,0.00181,0.000181,0.0017,0.00315,0.0044,0.0054,0.00752,0.657346,0.0172,0.00172,0.62137,0.6471,0.6583,0.6698,0.6865
49.5,0.342538,0.01715,0.001715,0.3135,0.3302,0.3416,0.3529,0.37821,0.004264,0.00172,0.000172,0.0017,0.003,0.0043,0.0052,0.00711,0.653198,0.01762,0.001762,0.61556,0.64205,0.6538,0.66585,0.68101,0.004264,0.00172,0.000172,0.0017,0.003,0.0043,0.0052,0.00711,0.657462,0.01715,0.001715,0.62179,0.6471,0.6584,0.6698,0.6865
49.75,0.34241,0.01715,0.001715,0.3132,0.33,0.3416,0.35285,0.37801,0.004122,0.0017,0.00017,0.0015,0.003,0.0041,0.00485,0.00712,0.653468,0.01757,0.001757,0.61566,0.6422,0.6541,0.66595,0.68111,0.004122,0.0017,0.00017,0.0015,0.003,0.0041,0.00485,0.00712,0.65759,0.01715,0.001715,0.62199,0.64715,0.6584,0.67,0.6868
50.0,0.342292,0.01712,0.001712,0.3132,0.32995,0.3416,0.35255,0.3778,0.004006,0.00172,0.000172,0.00139,0.0028,0.004,0.0048,0.00671,0.653702,0.01756,0.001756,0.61586,0.64255,0.6544,0.6662,0.68162,0.004006,0.00172,0.000172,0.00139,0.0028,0.004,0.0048,0.00671,0.657708,0.01712,0.001712,0.6222,0.64745,0.6584,0.67005,0.6868
50.25,0.342174,0.0171,0.00171,0.31309,0.32975,0.3414,0.35255,0.37732,0.00387,0.00174,0.000174,0.0012,0.0028,0.0036,0.00465,0.00651,0.653956,0.01757,0.001757,0.61596,0.6429,0.6546,0.6664,0.68193,0.00387,0.00174,0.000174,0.0012,0.0028,0.0036,0.00465,0.00651,0.657826,0.0171,0.00171,0.62268,0.64745,0.6586,0.67025,0.68691
50.5,0.342056,0.01709,0.001709,0.31309,0.32955,0.3413,0.3525,0.37723,0.003764,0.00176,0.000176,0.0012,0.0026,0.0036,0.0046,0.00632,0.65418,0.01758,0.001758,0.61606,0.643,0.6547,0.66705,0.68254,0.003764,0.00176,0.000176,0.0012,0.0026,0.0036,0.0046,0.00632,0.657944,0.01709,0.001709,0.62277,0.6475,0.6587,0.67045,0.68691
50.75,0.341978,0.01707,0.001707,0.31309,0.32955,0.3412,0.35205,0.37704,0.003574,0.00173,0.000173,0.0011,0.0024,0.0034,0.0044,0.006,0.654448,0.01754,0.001754,0.61646,0.6432,0.6551,0.66725,0.68312,0.003574,0.00173,0.000173,0.0011,0.0024,0.0034,0.0044,0.006,0.658022,0.01707,0.001707,0.62296,0.64795,0.6588,0.67045,0.68691
51.0,0.341892,0.01705,0.001705,0.31309,0.3295,0.3411,0.352,0.37685,0.003422,0.00166,0.000166,0.0011,0.0022,0.0032,0.00425,0.00633,0.654686,0.0175,0.00175,0.61727,0.64335,0.6554,0.66745,0.68364,0.003422,0.00166,0.000166,0.0011,0.0022,0.0032,0.00425,0.00633,0.658108,0.01705,0.001705,0.62315,0.648,0.6589,0.6705,0.68691
51.25,0.341792,0.01702,0.001702,0.31309,0.3295,0.3409,0.35185,0.37647,0.003302,0.00165,0.000165,0.0011,0.002,0.003,0.0042,0.00642,0.654906,0.01745,0.001745,0.61788,0.6438,0.6556,0.66765,0.68385,0.003302,0.00165,0.000165,0.0011,0.002,0.003,0.0042,0.00642,0.658208,0.01702,0.001702,0.62353,0.64815,0.6591,0.6705,0.68691
51.5,0.341692,0.01699,0.001699,0.31309,0.3295,0.3408,0.3518,0.37609,0.003208,0.00171,0.000171,0.0011,0.002,0.003,0.00385,0.00691,0.6551,0.01742,0.001742,0.61829,0.6443,0.6558,0.6678,0.68405,0.003208,0.00171,0.000171,0.0011,0.002,0.003,0.00385,0.00691,0.658308,0.01699,0.001699,0.62391,0.6482,0.6592,0.6705,0.68691
51.75,0.341628,0.01697,0.001697,0.31309,0.329,0.3408,0.3518,0.3759,0.003088,0.00169,0.000169,0.0009,0.002,0.003,0.0038,0.00671,0.655284,0.0174,0.00174,0.6184,0.64455,0.656,0.66785,0.68425,0.003088,0.00169,0.000169,0.0009,0.002,0.003,0.0038,0.00671,0.658372,0.01697,0.001697,0.6241,0.6482,0.6592,0.671,0.68691
52.0,0.34156,0.01697,0.001697,0.31298,0.329,0.3408,0.3515,0.37571,0.002946,0.00163,0.000163,0.0009,0.0018,0.0028,0.0036,0.00651,0.655494,0.01735,0.001735,0.61881,0.645,0.6561,0.668,0.68457,0.002946,0.00163,0.000163,0.0009,0.0018,0.0028,0.0036,0.00651,0.65844,0.01697,0.001697,0.62429,0.6485,0.6592,0.671,0.68702
52.25,0.341488,0.01695,0.001695,0.31298,0.32895,0.3408,0.3515,0.37551,0.00284,0.00158,0.000158,0.0008,0.0018,0.0026,0.0034,0.00661,0.655672,0.01731,0.001731,0.61932,0.645,0.6565,0.66825,0.68478,0.00284,0.00158,0.000158,0.0008,0.0018,0.0026,0.0034,0.00661,0.658512,0.01695,0.001695,0.62449,0.6485,0.6592,0.67105,0.68702
52.5,0.341392,0.01695,0.001695,0.31278,0.32875,0.3408,0.3515,0.37551,0.002746,0.00154,0.000154,0.0008,0.0018,0.0026,0.0032,0.00613,0.655862,0.01725,0.001725,0.61984,0.64535,0.6569,0.6685,0.68478,0.002746,0.00154,0.000154,0.0008,0.0018,0.0026,0.0032,0.00613,0.658608,0.01695,0.001695,0.62449,0.6485,0.6592,0.67125,0.68722
52.75,0.3413,0.01695,0.001695,0.31278,0.3286,0.3407,0.35135,0.3754,0.002662,0.00151,0.000151,0.0008,0.0016,0.0025,0.003,0.00635,0.656038,0.01724,0.001724,0.62006,0.6454,0.657,0.66865,0.68498,0.002662,0.00151,0.000151,0.0008,0.0016,0.0025,0.003,0.00635,0.6587,0.01695,0.001695,0.6246,0.64865,0.6593,0.6714,0.68722
53.0,0.341238,0.01693,0.001693,0.31278,0.3286,0.3407,0.35135,0.3753,0.002542,0.00144,0.000144,0.0007,0.0016,0.0024,0.00305,0.00595,0.65622,0.01724,0.001724,0.62046,0.6457,0.6571,0.6689,0.68518,0.002542,0.00144,0.000144,0.0007,0.0016,0.0024,0.00305,0.00595,0.658762,0.01693,0.001693,0.6247,0.64865,0.6593,0.6714,0.68722
53.25,0.341172,0.01693,0.001693,0.31278,0.32855,0.3407,0.3513,0.3753,0.002478,0.00141,0.000141,0.0007,0.0016,0.0024,0.003,0.00562,0.65635,0.0172,0.00172,0.62084,0.64585,0.6571,0.6689,0.68538,0.002478,0.00141,0.000141,0.0007,0.0016,0.0024,0.003,0.00562,0.658828,0.01693,0.001693,0.6247,0.6487,0.6593,0.67145,0.68722
53.5,0.341096,0.01692,0.001692,0.31268,0.32835,0.3407,0.3513,0.3753,0.0024,0.00142,0.000142,0.0006,0.0016,0.0022,0.0028,0.00553,0.656504,0.0172,0.00172,0.62116,0.64595,0.6573,0.6691,0.68568,0.0024,0.00142,0.000142,0.0006,0.0016,0.0022,0.0028,0.00553,0.658904,0.01692,0.001692,0.6247,0.6487,0.6593,0.67165,0.68732
53.75,0.341048,0.01692,0.001692,0.31258,0.32835,0.3407,0.35125,0.3753,0.002308,0.00138,0.000138,0.0006,0.0014,0.0022,0.0028,0.00532,0.656644,0.01719,0.001719,0.62148,0.6463,0.6573,0.6691,0.68579,0.002308,0.00138,0.000138,0.0006,0.0014,0.0022,0.0028,0.00532,0.658952,0.01692,0.001692,0.6247,0.64875,0.6593,0.67165,0.68742
54.0,0.34098,0.01692,0.001692,0.31248,0.3283,0.3406,0.35125,0.3753,0.00225,0.00132,0.000132,0.0005,0.00135,0.0021,0.0027,0.00532,0.65677,0.01718,0.001718,0.6219,0.6463,0.6573,0.6694,0.68589,0.00225,0.00132,0.000132,0.0005,0.00135,0.0021,0.0027,0.00532,0.65902,0.01692,0.001692,0.6247,0.64875,0.6594,0.6717,0.68752
54.25,0.3409,0.01692,0.001692,0.31248,0.3283,0.3406,0.3512,0.3753,0.002184,0.00129,0.000129,0.0005,0.00135,0.002,0.0028,0.00501,0.656916,0.01715,0.001715,0.6219,0.64655,0.6573,0.6694,0.68589,0.002184,0.00129,0.000129,0.0005,0.00135,0.002,0.0028,0.00501,0.6591,0.01692,0.001692,0.6247,0.6488,0.6594,0.6717,0.68752
54.5,0.340848,0.01692,0.001692,0.31248,0.32825,0.3406,0.3512,0.3753,0.0021,0.00127,0.000127,0.0004,0.00135,0.0018,0.0028,0.00471,0.657052,0.01713,0.001713,0.62219,0.64695,0.6573,0.6695,0.68589,0.0021,0.00127,0.000127,0.0004,0.00135,0.0018,0.0028,0.00471,0.659152,0.01692,0.001692,0.6247,0.6488,0.6594,0.67175,0.68752
54.75,0.340794,0.01693,0.001693,0.31228,0.32825,0.3406,0.35105,0.3753,0.002024,0.00123,0.000123,0.0004,0.0012,0.0018,0.0026,0.00471,0.657182,0.01711,0.001711,0.62228,0.64715,0.6577,0.66965,0.6861,0.002024,0.00123,0.000123,0.0004,0.0012,0.0018,0.0026,0.00471,0.659206,0.01693,0.001693,0.6247,0.64895,0.6594,0.67175,0.68772
55.0,0.34074,0.01693,0.001693,0.31228,0.3281,0.3405,0.3509,0.3753,0.001944,0.00117,0.000117,0.0004,0.0012,0.0018,0.00245,0.00431,0.657316,0.0171,0.00171,0.62285,0.64715,0.6577,0.66985,0.6861,0.001944,0.00117,0.000117,0.0004,0.0012,0.0018,0.00245,0.00431,0.65926,0.01693,0.001693,0.6247,0.6491,0.6595,0.6719,0.68772
55.25,0.340684,0.01694,0.001694,0.31218,0.3281,0.3404,0.35085,0.3753,0.00188,0.00116,0.000116,0.0004,0.001,0.0016,0.0024,0.00411,0.657436,0.01711,0.001711,0.62295,0.6473,0.6578,0.66985,0.68631,0.00188,0.00116,0.000116,0.0004,0.001,0.0016,0.0024,0.00411,0.659316,0.01694,0.001694,0.6247,0.64915,0.6596,0.6719,0.68782
55.5,0.34065,0.01695,0.001695,0.31198,0.3281,0.3404,0.35085,0.3753,0.001796,0.00113,0.000113,0.0004,0.001,0.0016,0.0024,0.00421,0.657554,0.0171,0.00171,0.62305,0.64735,0.6579,0.67,0.6864,0.001796,0.00113,0.000113,0.0004,0.001,0.0016,0.0024,0.00421,0.65935,0.01695,0.001695,0.6247,0.64915,0.6596,0.6719,0.68802
55.75,0.340614,0.01695,0.001695,0.31198,0.32805,0.3404,0.35085,0.3753,0.001712,0.00108,0.000108,0.0004,0.001,0.0015,0.0022,0.00421,0.657674,0.01711,0.001711,0.62333,0.64755,0.6579,0.67025,0.6865,0.001712,0.00108,0.000108,0.0004,0.001,0.0015,0.0022,0.00421,0.659386,0.01695,0.001695,0.6247,0.64915,0.6596,0.67195,0.68802
56.0,0.340576,0.01693,0.001693,0.31198,0.32805,0.3404,0.3508,0.3753,0.001632,0.00108,0.000108,0.0004,0.0008,0.0014,0.0022,0.00422,0.657792,0.01713,0.001713,0.62342,0.64785,0.6581,0.67035,0.6866,0.001632,0.00108,0.000108,0.0004,0.0008,0.0014,0.0022,0.00422,0.659424,0.01693,0.001693,0.6247,0.6492,0.6596,0.67195,0.68802
56.25,0.340534,0.01692,0.001692,0.31198,0.328,0.3403,0.3508,0.3753,0.001572,0.00105,0.000105,0.0003,0.0008,0.0012,0.002,0.00401,0.657894,0.01714,0.001714,0.62371,0.64785,0.6581,0.67055,0.6866,0.001572,0.00105,0.000105,0.0003,0.0008,0.0012,0.002,0.00401,0.659466,0.01692,0.001692,0.6247,0.6492,0.6597,0.672,0.68802
56.5,0.340496,0.01691,0.001691,0.31198,0.328,0.3403,0.3508,0.3753,0.00153,0.00101,0.000101,0.0002,0.0008,0.0012,0.00205,0.00381,0.657974,0.01711,0.001711,0.6239,0.64785,0.6581,0.67055,0.6867,0.00153,0.00101,0.000101,0.0002,0.0008,0.0012,0.00205,0.00381,0.659504,0.01691,0.001691,0.6247,0.6492,0.6597,0.672,0.68802
56.75,0.34047,0.0169,0.00169,0.31189,0.328,0.3403,0.3508,0.3753,0.001444,0.00095,9.5e-5,0.0002,0.0008,0.0012,0.002,0.00372,0.658086,0.01712,0.001712,0.624,0.64785,0.6582,0.67085,0.687,0.001444,0.00095,9.5e-5,0.0002,0.0008,0.0012,0.002,0.00372,0.65953,0.0169,0.00169,0.6247,0.6492,0.6597,0.672,0.68811
57.0,0.340436,0.01689,0.001689,0.31189,0.32795,0.3403,0.3508,0.3753,0.001394,0.00094,9.4e-5,0.0001,0.0008,0.0012,0.0018,0.00392,0.65817,0.0171,0.00171,0.62418,0.64795,0.6582,0.6709,0.687,0.001394,0.00094,9.4e-5,0.0001,0.0008,0.0012,0.0018,0.00392,0.659564,0.01689,0.001689,0.6247,0.6492,0.6597,0.67205,0.68811
57.25,0.340404,0.01688,0.001688,0.31189,0.32795,0.3403,0.3508,0.3753,0.001318,0.00093,9.3e-5,0.0001,0.0008,0.0012,0.0018,0.00382,0.658278,0.01709,0.001709,0.62429,0.6482,0.6584,0.6709,0.6871,0.001318,0.00093,9.3e-5,0.0001,0.0008,0.0012,0.0018,0.00382,0.659596,0.01688,0.001688,0.6247,0.6492,0.6597,0.67205,0.68811
57.5,0.340378,0.01688,0.001688,0.31189,0.32795,0.3402,0.3508,0.3753,0.00125,0.00086,8.6e-5,0.0001,0.0006,0.001,0.0018,0.00353,0.658372,0.01708,0.001708,0.62438,0.6484,0.6584,0.6709,0.68729,0.00125,0.00086,8.6e-5,0.0001,0.0006,0.001,0.0018,0.00353,0.659622,0.01688,0.001688,0.6247,0.6492,0.6598,0.67205,0.68811
57.75,0.34033,0.01688,0.001688,0.31189,0.32795,0.3402,0.3508,0.37509,0.001222,0.0009,9.0e-5,0.0001,0.0006,0.001,0.0016,0.00383,0.658448,0.01708,0.001708,0.62438,0.64855,0.6586,0.6709,0.6874,0.001222,0.0009,9.0e-5,0.0001,0.0006,0.001,0.0016,0.00383,0.65967,0.01688,0.001688,0.62491,0.6492,0.6598,0.67205,0.68811
58.0,0.340284,0.01688,0.001688,0.31189,0.32795,0.3401,0.3508,0.37488,0.00118,0.00088,8.8e-5,0.0001,0.0006,0.001,0.0016,0.00352,0.658536,0.01704,0.001704,0.62438,0.6486,0.6586,0.67125,0.6874,0.00118,0.00088,8.8e-5,0.0001,0.0006,0.001,0.0016,0.00352,0.659716,0.01688,0.001688,0.62512,0.6492,0.6599,0.67205,0.68811
58.25,0.340254,0.01687,0.001687,0.31189,0.32795,0.3401,0.3508,0.37478,0.001144,0.00089,8.9e-5,0.0,0.0006,0.0009,0.0016,0.00333,0.658602,0.01704,0.001704,0.62449,0.6486,0.6588,0.6714,0.6874,0.001144,0.00089,8.9e-5,0.0,0.0006,0.0009,0.0016,0.00333,0.659746,0.01687,0.001687,0.62522,0.6492,0.6599,0.67205,0.68811
58.5,0.340238,0.01687,0.001687,0.31189,0.32795,0.3401,0.3508,0.37478,0.001094,0.00085,8.5e-5,0.0,0.0006,0.0008,0.0016,0.00321,0.658668,0.01702,0.001702,0.62449,0.6486,0.6589,0.6714,0.6874,0.001094,0.00085,8.5e-5,0.0,0.0006,0.0008,0.0016,0.00321,0.659762,0.01687,0.001687,0.62522,0.6492,0.6599,0.67205,0.68811
58.75,0.34021,0.01685,0.001685,0.31189,0.32795,0.34,0.3508,0.37467,0.001066,0.00086,8.6e-5,0.0,0.0004,0.0008,0.0016,0.00332,0.658724,0.01702,0.001702,0.62449,0.6486,0.6591,0.67145,0.6875,0.001066,0.00086,8.6e-5,0.0,0.0004,0.0008,0.0016,0.00332,0.65979,0.01685,0.001685,0.62533,0.6492,0.66,0.67205,0.68811
59.0,0.340174,0.01684,0.001684,0.31189,0.32795,0.34,0.35065,0.37457,0.00106,0.00084,8.4e-5,0.0,0.0004,0.0008,0.00145,0.00321,0.658766,0.017,0.0017,0.62449,0.6486,0.6591,0.6716,0.6875,0.00106,0.00084,8.4e-5,0.0,0.0004,0.0008,0.00145,0.00321,0.659826,0.01684,0.001684,0.62543,0.64935,0.66,0.67205,0.68811
59.25,0.340154,0.01684,0.001684,0.31189,0.32795,0.34,0.35065,0.37457,0.001018,0.00081,8.1e-5,0.0,0.0004,0.0008,0.0014,0.00291,0.658828,0.01697,0.001697,0.62449,0.64875,0.6591,0.6716,0.6875,0.001018,0.00081,8.1e-5,0.0,0.0004,0.0008,0.0014,0.00291,0.659846,0.01684,0.001684,0.62543,0.64935,0.66,0.67205,0.68811
59.5,0.34013,0.01682,0.001682,0.31189,0.32795,0.34,0.35065,0.37457,0.000978,0.0008,8.0e-5,0.0,0.0004,0.0008,0.00125,0.0028,0.658892,0.01697,0.001697,0.62449,0.64875,0.6592,0.67165,0.6875,0.000978,0.0008,8.0e-5,0.0,0.0004,0.0008,0.00125,0.0028,0.65987,0.01682,0.001682,0.62543,0.64935,0.66,0.67205,0.68811
59.75,0.340102,0.0168,0.00168,0.31189,0.3278,0.34,0.35065,0.37436,0.000954,0.0008,8.0e-5,0.0,0.0004,0.0008,0.0014,0.00281,0.658944,0.01697,0.001697,0.62449,0.64875,0.6593,0.67165,0.6875,0.000954,0.0008,8.0e-5,0.0,0.0004,0.0008,0.0014,0.00281,0.659898,0.0168,0.00168,0.62564,0.64935,0.66,0.6722,0.68811
60.0,0.340066,0.01681,0.001681,0.31168,0.3278,0.34,0.3506,0.37425,0.000926,0.00079,7.9e-5,0.0,0.0004,0.0006,0.00125,0.00291,0.659008,0.01698,0.001698,0.62449,0.64895,0.6594,0.6718,0.6875,0.000926,0.00079,7.9e-5,0.0,0.0004,0.0006,0.00125,0.00291,0.659934,0.01681,0.001681,0.62575,0.6494,0.66,0.6722,0.68832
60.25,0.340034,0.01679,0.001679,0.31158,0.3278,0.34,0.3506,0.37383,0.000914,0.00079,7.9e-5,0.0,0.0004,0.0006,0.0014,0.0028,0.659052,0.01695,0.001695,0.62449,0.64895,0.6594,0.6718,0.6875,0.000914,0.00079,7.9e-5,0.0,0.0004,0.0006,0.0014,0.0028,0.659966,0.01679,0.001679,0.62617,0.6494,0.66,0.6722,0.68842
60.5,0.340014,0.01678,0.001678,0.31148,0.32765,0.34,0.3506,0.37362,0.000868,0.00077,7.7e-5,0.0,0.0004,0.0006,0.00125,0.0026,0.659118,0.01695,0.001695,0.6246,0.6491,0.6594,0.6718,0.6876,0.000868,0.00077,7.7e-5,0.0,0.0004,0.0006,0.00125,0.0026,0.659986,0.01678,0.001678,0.62638,0.6494,0.66,0.67235,0.68852
60.75,0.33998,0.01677,0.001677,0.31148,0.32765,0.34,0.3506,0.37352,0.00084,0.00076,7.6e-5,0.0,0.0004,0.0006,0.0012,0.00251,0.65918,0.01693,0.001693,0.6246,0.6491,0.6595,0.6718,0.6876,0.00084,0.00076,7.6e-5,0.0,0.0004,0.0006,0.0012,0.00251,0.66002,0.01677,0.001677,0.62648,0.6494,0.66,0.67235,0.68852
61.0,0.33996,0.01677,0.001677,0.31148,0.32765,0.34,0.35045,0.37341,0.000798,0.00076,7.6e-5,0.0,0.0002,0.0006,0.0012,0.0024,0.659242,0.01693,0.001693,0.6246,0.6491,0.6595,0.6719,0.6877,0.000798,0.00076,7.6e-5,0.0,0.0002,0.0006,0.0012,0.0024,0.66004,0.01677,0.001677,0.62659,0.64955,0.66,0.67235,0.68852
61.25,0.339922,0.01676,0.001676,0.31148,0.3275,0.34,0.35045,0.37301,0.000804,0.0008,8.0e-5,0.0,0.0002,0.0006,0.0012,0.00251,0.659274,0.01694,0.001694,0.6246,0.6491,0.6596,0.67195,0.6877,0.000804,0.0008,8.0e-5,0.0,0.0002,0.0006,0.0012,0.00251,0.660078,0.01676,0.001676,0.62699,0.64955,0.66,0.6725,0.68852
61.5,0.339892,0.01676,0.001676,0.31148,0.3275,0.34,0.3504,0.37301,0.0008,0.00081,8.1e-5,0.0,0.0002,0.0006,0.0012,0.0026,0.659308,0.01692,0.001692,0.6246,0.6491,0.6596,0.67195,0.6878,0.0008,0.00081,8.1e-5,0.0,0.0002,0.0006,0.0012,0.0026,0.660108,0.01676,0.001676,0.62699,0.6496,0.66,0.6725,0.68852
61.75,0.339872,0.01675,0.001675,0.31148,0.3275,0.34,0.3504,0.37301,0.000752,0.00081,8.1e-5,0.0,0.0002,0.0006,0.001,0.00261,0.659376,0.01692,0.001692,0.6246,0.6491,0.6597,0.6721,0.688,0.000752,0.00081,8.1e-5,0.0,0.0002,0.0006,0.001,0.00261,0.660128,0.01675,0.001675,0.62699,0.6496,0.66,0.6725,0.68852
62.0,0.339854,0.01675,0.001675,0.31148,0.3275,0.34,0.3504,0.37292,0.000724,0.00079,7.9e-5,0.0,0.0002,0.0005,0.001,0.00261,0.659422,0.0169,0.00169,0.6246,0.6491,0.6597,0.6721,0.688,0.000724,0.00079,7.9e-5,0.0,0.0002,0.0005,0.001,0.00261,0.660146,0.01675,0.001675,0.62708,0.6496,0.66,0.6725,0.68852
62.25,0.339848,0.01675,0.001675,0.31148,0.3275,0.34,0.3504,0.37282,0.000654,0.00074,7.4e-5,0.0,0.0002,0.0004,0.001,0.00241,0.659498,0.01691,0.001691,0.6247,0.6491,0.6597,0.6721,0.68822,0.000654,0.00074,7.4e-5,0.0,0.0002,0.0004,0.001,0.00241,0.660152,0.01675,0.001675,0.62718,0.6496,0.66,0.6725,0.68852
62.5,0.339832,0.01675,0.001675,0.31148,0.3275,0.34,0.3504,0.37282,0.00063,0.00072,7.2e-5,0.0,0.0002,0.0004,0.001,0.00232,0.659538,0.01689,0.001689,0.62481,0.6491,0.6597,0.6721,0.68822,0.00063,0.00072,7.2e-5,0.0,0.0002,0.0004,0.001,0.00232,0.660168,0.01675,0.001675,0.62718,0.6496,0.66,0.6725,0.68852
62.75,0.339824,0.01675,0.001675,0.31148,0.3275,0.34,0.3504,0.37282,0.000596,0.00067,6.7e-5,0.0,0.00015,0.0004,0.00085,0.00211,0.65958,0.01687,0.001687,0.62512,0.64915,0.6597,0.67215,0.68822,0.000596,0.00067,6.7e-5,0.0,0.00015,0.0004,0.00085,0.00211,0.660176,0.01675,0.001675,0.62718,0.6496,0.66,0.6725,0.68852
63.0,0.339812,0.01674,0.001674,0.31148,0.3275,0.34,0.3504,0.37263,0.00057,0.00065,6.5e-5,0.0,0.0,0.0004,0.0008,0.002,0.659618,0.01685,0.001685,0.62522,0.64915,0.6598,0.67215,0.68822,0.00057,0.00065,6.5e-5,0.0,0.0,0.0004,0.0008,0.002,0.660188,0.01674,0.001674,0.62737,0.6496,0.66,0.6725,0.68852
63.25,0.339798,0.01673,0.001673,0.31148,0.3275,0.34,0.3504,0.37254,0.000556,0.00066,6.6e-5,0.0,0.0,0.0004,0.0008,0.002,0.659646,0.01684,0.001684,0.62533,0.64915,0.66,0.67215,0.68822,0.000556,0.00066,6.6e-5,0.0,0.0,0.0004,0.0008,0.002,0.660202,0.01673,0.001673,0.62746,0.6496,0.66,0.6725,0.68852
63.5,0.33979,0.01673,0.001673,0.31148,0.3275,0.34,0.3504,0.37254,0.000522,0.00062,6.2e-5,0.0,0.0,0.0004,0.0008,0.00201,0.659688,0.01683,0.001683,0.62543,0.64915,0.66,0.67215,0.68822,0.000522,0.00062,6.2e-5,0.0,0.0,0.0004,0.0008,0.00201,0.66021,0.01673,0.001673,0.62746,0.6496,0.66,0.6725,0.68852
63.75,0.339782,0.01673,0.001673,0.31148,0.3275,0.34,0.3504,0.37254,0.000494,0.0006,6.0e-5,0.0,0.0,0.0004,0.0008,0.0018,0.659724,0.01683,0.001683,0.62543,0.6492,0.66,0.67215,0.68822,0.000494,0.0006,6.0e-5,0.0,0.0,0.0004,0.0008,0.0018,0.660218,0.01673,0.001673,0.62746,0.6496,0.66,0.6725,0.68852
64.0,0.339768,0.01673,0.001673,0.31148,0.3275,0.34,0.3504,0.37254,0.000482,0.00058,5.8e-5,0.0,0.0,0.0004,0.0008,0.0018,0.65975,0.01684,0.001684,0.62564,0.6492,0.66,0.67215,0.68822,0.000482,0.00058,5.8e-5,0.0,0.0,0.0004,0.0008,0.0018,0.660232,0.01673,0.001673,0.62746,0.6496,0.66,0.6725,0.68852
64.25,0.339754,0.01673,0.001673,0.31148,0.3275,0.34,0.3504,0.37234,0.000454,0.00058,5.8e-5,0.0,0.0,0.0004,0.0008,0.00171,0.659792,0.01683,0.001683,0.62564,0.6492,0.66,0.67215,0.68822,0.000454,0.00058,5.8e-5,0.0,0.0,0.0004,0.0008,0.00171,0.660246,0.01673,0.001673,0.62766,0.6496,0.66,0.6725,0.68852
64.5,0.339738,0.01672,0.001672,0.31148,0.3275,0.34,0.3504,0.37234,0.00045,0.00058,5.8e-5,0.0,0.0,0.0003,0.0008,0.0018,0.659812,0.01683,0.001683,0.62564,0.6492,0.66,0.67215,0.68822,0.00045,0.00058,5.8e-5,0.0,0.0,0.0003,0.0008,0.0018,0.660262,0.01672,0.001672,0.62766,0.6496,0.66,0.6725,0.68852
64.75,0.33973,0.01672,0.001672,0.31148,0.3275,0.34,0.3504,0.37234,0.000432,0.00058,5.8e-5,0.0,0.0,0.0002,0.0006,0.0018,0.659838,0.01684,0.001684,0.62564,0.6492,0.66,0.67215,0.68831,0.000432,0.00058,5.8e-5,0.0,0.0,0.0002,0.0006,0.0018,0.66027,0.01672,0.001672,0.62766,0.6496,0.66,0.6725,0.68852
65.0,0.339714,0.01671,0.001671,0.31148,0.3275,0.34,0.35025,0.37216,0.000424,0.0006,6.0e-5,0.0,0.0,0.0002,0.0006,0.0018,0.659862,0.01683,0.001683,0.62564,0.6492,0.66,0.67215,0.68831,0.000424,0.0006,6.0e-5,0.0,0.0,0.0002,0.0006,0.0018,0.660286,0.01671,0.001671,0.62784,0.64975,0.66,0.6725,0.68852
65.25,0.339696,0.0167,0.00167,0.31148,0.3275,0.34,0.3501,0.37206,0.000414,0.00059,5.9e-5,0.0,0.0,0.0002,0.0006,0.0016,0.65989,0.01683,0.001683,0.62575,0.64935,0.66,0.67215,0.68831,0.000414,0.00059,5.9e-5,0.0,0.0,0.0002,0.0006,0.0016,0.660304,0.0167,0.00167,0.62794,0.6499,0.66,0.6725,0.68852
65.5,0.339684,0.0167,0.00167,0.31148,0.32745,0.34,0.3501,0.37206,0.0004,0.00057,5.7e-5,0.0,0.0,0.0002,0.0006,0.0016,0.659916,0.01683,0.001683,0.62586,0.6495,0.66,0.67215,0.68831,0.0004,0.00057,5.7e-5,0.0,0.0,0.0002,0.0006,0.0016,0.660316,0.0167,0.00167,0.62794,0.6499,0.66,0.67255,0.68852
65.75,0.339674,0.0167,0.00167,0.31148,0.3273,0.34,0.3501,0.37196,0.000384,0.00055,5.5e-5,0.0,0.0,0.0002,0.0006,0.00171,0.659942,0.01681,0.001681,0.62617,0.6495,0.66,0.67215,0.68831,0.000384,0.00055,5.5e-5,0.0,0.0,0.0002,0.0006,0.00171,0.660326,0.0167,0.00167,0.62804,0.6499,0.66,0.6727,0.68852
66.0,0.33966,0.01669,0.001669,0.31148,0.3273,0.34,0.3501,0.37187,0.000374,0.00052,5.2e-5,0.0,0.0,0.0002,0.0006,0.00151,0.659966,0.0168,0.00168,0.62648,0.64955,0.66,0.67215,0.68842,0.000374,0.00052,5.2e-5,0.0,0.0,0.0002,0.0006,0.00151,0.66034,0.01669,0.001669,0.62813,0.6499,0.66,0.6727,0.68852
66.25,0.339648,0.0167,0.00167,0.31148,0.3273,0.34,0.35,0.37187,0.000356,0.0005,5.0e-5,0.0,0.0,0.0002,0.0006,0.0014,0.659996,0.01678,0.001678,0.62659,0.6496,0.66,0.67215,0.68842,0.000356,0.0005,5.0e-5,0.0,0.0,0.0002,0.0006,0.0014,0.660352,0.0167,0.00167,0.62813,0.65,0.66,0.6727,0.68852
66.5,0.339638,0.0167,0.00167,0.31148,0.32715,0.34,0.35,0.37178,0.000342,0.00049,4.9e-5,0.0,0.0,0.0002,0.0006,0.0014,0.66002,0.01677,0.001677,0.6268,0.6496,0.66,0.67215,0.68842,0.000342,0.00049,4.9e-5,0.0,0.0,0.0002,0.0006,0.0014,0.660362,0.0167,0.00167,0.62822,0.65,0.66,0.67285,0.68852
66.75,0.33963,0.0167,0.00167,0.31148,0.32715,0.34,0.35,0.37178,0.000332,0.00048,4.8e-5,0.0,0.0,0.0002,0.0006,0.0014,0.660038,0.01677,0.001677,0.6268,0.6496,0.66,0.67215,0.68842,0.000332,0.00048,4.8e-5,0.0,0.0,0.0002,0.0006,0.0014,0.66037,0.0167,0.00167,0.62822,0.65,0.66,0.67285,0.68852
67.0,0.339618,0.0167,0.00167,0.31148,0.3271,0.34,0.35,0.37178,0.000322,0.00046,4.6e-5,0.0,0.0,0.0002,0.0006,0.0014,0.66006,0.01677,0.001677,0.6269,0.6496,0.66,0.67215,0.68842,0.000322,0.00046,4.6e-5,0.0,0.0,0.0002,0.0006,0.0014,0.660382,0.0167,0.00167,0.62822,0.65,0.66,0.6729,0.68852
67.25,0.339608,0.0167,0.00167,0.31148,0.3271,0.34,0.35,0.37178,0.000326,0.00046,4.6e-5,0.0,0.0,0.0002,0.0006,0.0014,0.660066,0.01676,0.001676,0.62699,0.6496,0.66,0.67215,0.68842,0.000326,0.00046,4.6e-5,0.0,0.0,0.0002,0.0006,0.0014,0.660392,0.0167,0.00167,0.62822,0.65,0.66,0.6729,0.68852
67.5,0.339602,0.01669,0.001669,0.31148,0.3271,0.34,0.35,0.37178,0.000314,0.00044,4.4e-5,0.0,0.0,0.0002,0.00045,0.0014,0.660084,0.01676,0.001676,0.62708,0.6496,0.66,0.67215,0.68852,0.000314,0.00044,4.4e-5,0.0,0.0,0.0002,0.00045,0.0014,0.660398,0.01669,0.001669,0.62822,0.65,0.66,0.6729,0.68852
67.75,0.339592,0.01669,0.001669,0.31148,0.3271,0.34,0.35,0.37178,0.0003,0.00043,4.3e-5,0.0,0.0,0.0001,0.0004,0.0014,0.660108,0.01676,0.001676,0.62718,0.6496,0.66,0.6722,0.68852,0.0003,0.00043,4.3e-5,0.0,0.0,0.0001,0.0004,0.0014,0.660408,0.01669,0.001669,0.62822,0.65,0.66,0.6729,0.68852
68.0,0.339582,0.01668,0.001668,0.31148,0.3271,0.34,0.35,0.37158,0.000288,0.00044,4.4e-5,0.0,0.0,0.0,0.0004,0.00151,0.66013,0.01674,0.001674,0.62737,0.6496,0.66,0.67225,0.68852,0.000288,0.00044,4.4e-5,0.0,0.0,0.0,0.0004,0.00151,0.660418,0.01668,0.001668,0.62841,0.65,0.66,0.6729,0.68852
68.25,0.339574,0.01669,0.001669,0.31148,0.3271,0.34,0.35,0.37149,0.000272,0.00043,4.3e-5,0.0,0.0,0.0,0.0004,0.0014,0.660154,0.01673,0.001673,0.62746,0.6496,0.66,0.67225,0.68852,0.000272,0.00043,4.3e-5,0.0,0.0,0.0,0.0004,0.0014,0.660426,0.01669,0.001669,0.62851,0.65,0.66,0.6729,0.68852
68.5,0.339564,0.01667,0.001667,0.31148,0.3271,0.34,0.35,0.37149,0.000268,0.00044,4.4e-5,0.0,0.0,0.0,0.0004,0.0014,0.660168,0.01673,0.001673,0.62746,0.64975,0.66,0.67225,0.68852,0.000268,0.00044,4.4e-5,0.0,0.0,0.0,0.0004,0.0014,0.660436,0.01667,0.001667,0.62851,0.65,0.66,0.6729,0.68852
68.75,0.33956,0.01667,0.001667,0.31148,0.3271,0.34,0.35,0.37149,0.000254,0.00043,4.3e-5,0.0,0.0,0.0,0.0004,0.00131,0.660186,0.01674,0.001674,0.62756,0.64975,0.66,0.67225,0.68852,0.000254,0.00043,4.3e-5,0.0,0.0,0.0,0.0004,0.00131,0.66044,0.01667,0.001667,0.62851,0.65,0.66,0.6729,0.68852
69.0,0.339546,0.01667,0.001667,0.31148,0.3271,0.34,0.34985,0.37149,0.000248,0.00041,4.1e-5,0.0,0.0,0.0,0.0004,0.0012,0.660206,0.01673,0.001673,0.62766,0.64975,0.66,0.67255,0.68852,0.000248,0.00041,4.1e-5,0.0,0.0,0.0,0.0004,0.0012,0.660454,0.01667,0.001667,0.62851,0.65015,0.66,0.6729,0.68852
69.25,0.33954,0.01666,0.001666,0.31148,0.3271,0.34,0.34985,0.37149,0.00024,0.00042,4.2e-5,0.0,0.0,0.0,0.0004,0.0012,0.66022,0.01673,0.001673,0.62766,0.64975,0.66,0.67255,0.68852,0.00024,0.00042,4.2e-5,0.0,0.0,0.0,0.0004,0.0012,0.66046,0.01666,0.001666,0.62851,0.65015,0.66,0.6729,0.68852
69.5,0.33953,0.01666,0.001666,0.31148,0.3271,0.34,0.34985,0.37149,0.00024,0.00043,4.3e-5,0.0,0.0,0.0,0.0004,0.0012,0.66023,0.01673,0.001673,0.62766,0.6499,0.66,0.67255,0.68852,0.00024,0.00043,4.3e-5,0.0,0.0,0.0,0.0004,0.0012,0.66047,0.01666,0.001666,0.62851,0.65015,0.66,0.6729,0.68852
69.75,0.339526,0.01666,0.001666,0.31148,0.3271,0.34,0.34985,0.37149,0.000224,0.00041,4.1e-5,0.0,0.0,0.0,0.0002,0.0012,0.66025,0.01672,0.001672,0.62775,0.6499,0.66,0.67255,0.68852,0.000224,0.00041,4.1e-5,0.0,0.0,0.0,0.0002,0.0012,0.660474,0.01666,0.001666,0.62851,0.65015,0.66,0.6729,0.68852
70.0,0.339516,0.01666,0.001666,0.31148,0.3271,0.34,0.34985,0.37149,0.000216,0.00042,4.2e-5,0.0,0.0,0.0,0.0002,0.001,0.660268,0.01672,0.001672,0.62784,0.6499,0.66,0.6727,0.68852,0.000216,0.00042,4.2e-5,0.0,0.0,0.0,0.0002,0.001,0.660484,0.01666,0.001666,0.62851,0.65015,0.66,0.6729,0.68852
70.25,0.33951,0.01666,0.001666,0.31148,0.32705,0.34,0.34985,0.37149,0.000214,0.00043,4.3e-5,0.0,0.0,0.0,0.0002,0.001,0.660276,0.01672,0.001672,0.62784,0.6499,0.66,0.6727,0.68852,0.000214,0.00043,4.3e-5,0.0,0.0,0.0,0.0002,0.001,0.66049,0.01666,0.001666,0.62851,0.65015,0.66,0.67295,0.68852
70.5,0.339504,0.01666,0.001666,0.31148,0.32705,0.3399,0.34985,0.37149,0.000214,0.00042,4.2e-5,0.0,0.0,0.0,0.0002,0.00111,0.660282,0.01672,0.001672,0.62794,0.6499,0.66,0.6727,0.68852,0.000214,0.00042,4.2e-5,0.0,0.0,0.0,0.0002,0.00111,0.660496,0.01666,0.001666,0.62851,0.65015,0.6601,0.67295,0.68852
70.75,0.339496,0.01666,0.001666,0.31148,0.32705,0.3399,0.34985,0.37149,0.000202,0.00041,4.1e-5,0.0,0.0,0.0,0.0002,0.00111,0.660302,0.01671,0.001671,0.62794,0.6499,0.66,0.6727,0.68852,0.000202,0.00041,4.1e-5,0.0,0.0,0.0,0.0002,0.00111,0.660504,0.01666,0.001666,0.62851,0.65015,0.6601,0.67295,0.68852
71.0,0.33949,0.01666,0.001666,0.31148,0.32705,0.3399,0.34985,0.37149,0.0002,0.0004,4.0e-5,0.0,0.0,0.0,0.0002,0.00111,0.66031,0.01671,0.001671,0.62794,0.64995,0.66,0.6727,0.68852,0.0002,0.0004,4.0e-5,0.0,0.0,0.0,0.0002,0.00111,0.66051,0.01666,0.001666,0.62851,0.65015,0.6601,0.67295,0.68852
71.25,0.339488,0.01666,0.001666,0.31148,0.32705,0.3399,0.34985,0.37149,0.00019,0.00039,3.9e-5,0.0,0.0,0.0,0.0002,0.00111,0.660322,0.01671,0.001671,0.62804,0.64995,0.66,0.6727,0.68852,0.00019,0.00039,3.9e-5,0.0,0.0,0.0,0.0002,0.00111,0.660512,0.01666,0.001666,0.62851,0.65015,0.6601,0.67295,0.68852
71.5,0.339482,0.01665,0.001665,0.31148,0.32705,0.3399,0.34985,0.37149,0.000184,0.00039,3.9e-5,0.0,0.0,0.0,0.0002,0.001,0.660334,0.0167,0.00167,0.62813,0.64995,0.66,0.6727,0.68852,0.000184,0.00039,3.9e-5,0.0,0.0,0.0,0.0002,0.001,0.660518,0.01665,0.001665,0.62851,0.65015,0.6601,0.67295,0.68852
71.75,0.339478,0.01665,0.001665,0.31148,0.32705,0.3399,0.34985,0.37149,0.000178,0.00037,3.7e-5,0.0,0.0,0.0,0.0002,0.00091,0.660344,0.0167,0.00167,0.62822,0.65,0.66,0.6727,0.68852,0.000178,0.00037,3.7e-5,0.0,0.0,0.0,0.0002,0.00091,0.660522,0.01665,0.001665,0.62851,0.65015,0.6601,0.67295,0.68852
72.0,0.339472,0.01665,0.001665,0.31148,0.32705,0.3399,0.34985,0.37149,0.000166,0.00035,3.5e-5,0.0,0.0,0.0,0.0002,0.00091,0.660362,0.01668,0.001668,0.62832,0.65,0.66,0.6727,0.68852,0.000166,0.00035,3.5e-5,0.0,0.0,0.0,0.0002,0.00091,0.660528,0.01665,0.001665,0.62851,0.65015,0.6601,0.67295,0.68852
72.25,0.339456,0.01665,0.001665,0.31148,0.32705,0.3399,0.34985,0.37149,0.000168,0.00035,3.5e-5,0.0,0.0,0.0,0.0002,0.00091,0.660376,0.01668,0.001668,0.62832,0.65,0.66,0.6727,0.68852,0.000168,0.00035,3.5e-5,0.0,0.0,0.0,0.0002,0.00091,0.660544,0.01665,0.001665,0.62851,0.65015,0.6601,0.67295,0.68852
72.5,0.339454,0.01665,0.001665,0.31148,0.32705,0.3399,0.34985,0.37149,0.000158,0.00033,3.3e-5,0.0,0.0,0.0,0.0002,0.00101,0.660388,0.01667,0.001667,0.62841,0.65,0.66,0.6727,0.68852,0.000158,0.00033,3.3e-5,0.0,0.0,0.0,0.0002,0.00101,0.660546,0.01665,0.001665,0.62851,0.65015,0.6601,0.67295,0.68852
72.75,0.339454,0.01665,0.001665,0.31148,0.32705,0.3399,0.34985,0.37149,0.000154,0.00033,3.3e-5,0.0,0.0,0.0,0.0002,0.00101,0.660392,0.01668,0.001668,0.62841,0.65,0.66,0.6727,0.68852,0.000154,0.00033,3.3e-5,0.0,0.0,0.0,0.0002,0.00101,0.660546,0.01665,0.001665,0.62851,0.65015,0.6601,0.67295,0.68852
73.0,0.339452,0.01664,0.001664,0.31148,0.32705,0.3399,0.34985,0.37149,0.000148,0.00032,3.2e-5,0.0,0.0,0.0,0.0002,0.0008,0.6604,0.01669,0.001669,0.62841,0.65,0.66,0.6727,0.68852,0.000148,0.00032,3.2e-5,0.0,0.0,0.0,0.0002,0.0008,0.660548,0.01664,0.001664,0.62851,0.65015,0.6601,0.67295,0.68852
73.25,0.339448,0.01664,0.001664,0.31148,0.32705,0.3399,0.34985,0.37149,0.000148,0.00033,3.3e-5,0.0,0.0,0.0,0.0002,0.0008,0.660404,0.01668,0.001668,0.62841,0.65,0.66,0.6727,0.68852,0.000148,0.00033,3.3e-5,0.0,0.0,0.0,0.0002,0.0008,0.660552,0.01664,0.001664,0.62851,0.65015,0.6601,0.67295,0.68852
73.5,0.339442,0.01664,0.001664,0.31148,0.32705,0.3399,0.34985,0.37149,0.000148,0.00036,3.6e-5,0.0,0.0,0.0,0.0002,0.0008,0.66041,0.01669,0.001669,0.62841,0.65,0.66,0.6727,0.68852,0.000148,0.00036,3.6e-5,0.0,0.0,0.0,0.0002,0.0008,0.660558,0.01664,0.001664,0.62851,0.65015,0.6601,0.67295,0.68852
73.75,0.339434,0.01663,0.001663,0.31148,0.327,0.3398,0.34985,0.37149,0.000148,0.00035,3.5e-5,0.0,0.0,0.0,0.0002,0.00091,0.660418,0.01668,0.001668,0.62851,0.65,0.66,0.6727,0.68852,0.000148,0.00035,3.5e-5,0.0,0.0,0.0,0.0002,0.00091,0.660566,0.01663,0.001663,0.62851,0.65015,0.6602,0.673,0.68852
74.0,0.339432,0.01663,0.001663,0.31148,0.327,0.3398,0.34985,0.37149,0.000144,0.00036,3.6e-5,0.0,0.0,0.0,0.0002,0.00081,0.660424,0.01668,0.001668,0.62851,0.65,0.66,0.6727,0.68852,0.000144,0.00036,3.6e-5,0.0,0.0,0.0,0.0002,0.00081,0.660568,0.01663,0.001663,0.62851,0.65015,0.6602,0.673,0.68852
74.25,0.339428,0.01663,0.001663,0.31148,0.327,0.3398,0.34985,0.37149,0.000136,0.00034,3.4e-5,0.0,0.0,0.0,0.0002,0.00071,0.660436,0.01668,0.001668,0.62851,0.65,0.66,0.67275,0.68852,0.000136,0.00034,3.4e-5,0.0,0.0,0.0,0.0002,0.00071,0.660572,0.01663,0.001663,0.62851,0.65015,0.6602,0.673,0.68852
74.5,0.33942,0.01663,0.001663,0.31148,0.327,0.3398,0.34985,0.37149,0.000132,0.00033,3.3e-5,0.0,0.0,0.0,0.0002,0.00071,0.660448,0.01667,0.001667,0.62851,0.65015,0.66,0.67275,0.68852,0.000132,0.00033,3.3e-5,0.0,0.0,0.0,0.0002,0.00071,0.66058,0.01663,0.001663,0.62851,0.65015,0.6602,0.673,0.68852
74.75,0.339418,0.01663,0.001663,0.31148,0.327,0.3398,0.34985,0.37149,0.000126,0.00031,3.1e-5,0.0,0.0,0.0,0.0002,0.0008,0.660456,0.01666,0.001666,0.62851,0.65015,0.66,0.67275,0.68852,0.000126,0.00031,3.1e-5,0.0,0.0,0.0,0.0002,0.0008,0.660582,0.01663,0.001663,0.62851,0.65015,0.6602,0.673,0.68852
75.0,0.339414,0.01662,0.001662,0.31148,0.327,0.3398,0.34985,0.37149,0.000124,0.00031,3.1e-5,0.0,0.0,0.0,0.0002,0.0008,0.660462,0.01665,0.001665,0.62851,0.65015,0.66,0.67275,0.68852,0.000124,0.00031,3.1e-5,0.0,0.0,0.0,0.0002,0.0008,0.660586,0.01662,0.001662,0.62851,0.65015,0.6602,0.673,0.68852
75.25,0.339408,0.01662,0.001662,0.31148,0.327,0.3398,0.34985,0.37149,0.000118,0.00033,3.3e-5,0.0,0.0,0.0,0.0,0.0008,0.660474,0.01665,0.001665,0.62851,0.65015,0.66,0.6728,0.68852,0.000118,0.00033,3.3e-5,0.0,0.0,0.0,0.0,0.0008,0.660592,0.01662,0.001662,0.62851,0.65015,0.6602,0.673,0.68852
75.5,0.339404,0.01661,0.001661,0.31148,0.327,0.3398,0.34985,0.37149,0.000118,0.00032,3.2e-5,0.0,0.0,0.0,0.0,0.0008,0.660478,0.01664,0.001664,0.62851,0.65015,0.66,0.6728,0.68852,0.000118,0.00032,3.2e-5,0.0,0.0,0.0,0.0,0.0008,0.660596,0.01661,0.001661,0.62851,0.65015,0.6602,0.673,0.68852
75.75,0.339404,0.01661,0.001661,0.31148,0.327,0.3398,0.34985,0.37149,0.00011,0.00029,2.9e-5,0.0,0.0,0.0,0.0,0.0008,0.660486,0.01664,0.001664,0.62851,0.65015,0.66,0.6728,0.68852,0.00011,0.00029,2.9e-5,0.0,0.0,0.0,0.0,0.0008,0.660596,0.01661,0.001661,0.62851,0.65015,0.6602,0.673,0.68852
76.0,0.339402,0.01662,0.001662,0.31148,0.32685,0.3398,0.34985,0.37149,0.00011,0.00029,2.9e-5,0.0,0.0,0.0,0.0,0.0008,0.660488,0.01664,0.001664,0.62851,0.65015,0.66,0.6728,0.68852,0.00011,0.00029,2.9e-5,0.0,0.0,0.0,0.0,0.0008,0.660598,0.01662,0.001662,0.62851,0.65015,0.6602,0.67315,0.68852
76.25,0.339402,0.01662,0.001662,0.31148,0.32685,0.3398,0.34985,0.37149,0.000104,0.00027,2.7e-5,0.0,0.0,0.0,0.0,0.0008,0.660494,0.01664,0.001664,0.62851,0.65015,0.66,0.6728,0.68852,0.000104,0.00027,2.7e-5,0.0,0.0,0.0,0.0,0.0008,0.660598,0.01662,0.001662,0.62851,0.65015,0.6602,0.67315,0.68852
76.5,0.3394,0.01662,0.001662,0.31148,0.32685,0.3398,0.34985,0.37149,0.000102,0.00026,2.6e-5,0.0,0.0,0.0,0.0,0.0008,0.660498,0.01663,0.001663,0.62851,0.65015,0.66,0.6728,0.68852,0.000102,0.00026,2.6e-5,0.0,0.0,0.0,0.0,0.0008,0.6606,0.01662,0.001662,0.62851,0.65015,0.6602,0.67315,0.68852
76.75,0.339398,0.01661,0.001661,0.31148,0.32685,0.3398,0.34985,0.37149,9.8e-5,0.00025,2.5e-5,0.0,0.0,0.0,0.0,0.00071,0.660504,0.01663,0.001663,0.62851,0.65015,0.66,0.6728,0.68852,9.8e-5,0.00025,2.5e-5,0.0,0.0,0.0,0.0,0.00071,0.660602,0.01661,0.001661,0.62851,0.65015,0.6602,0.67315,0.68852
77.0,0.339398,0.01661,0.001661,0.31148,0.32685,0.3398,0.34985,0.37149,9.4e-5,0.00025,2.5e-5,0.0,0.0,0.0,0.0,0.0006,0.660508,0.01663,0.001663,0.62851,0.65015,0.66,0.6728,0.68852,9.4e-5,0.00025,2.5e-5,0.0,0.0,0.0,0.0,0.0006,0.660602,0.01661,0.001661,0.62851,0.65015,0.6602,0.67315,0.68852
77.25,0.339394,0.01662,0.001662,0.31148,0.32685,0.3398,0.34985,0.37149,9.6e-5,0.00026,2.6e-5,0.0,0.0,0.0,0.0,0.00071,0.66051,0.01663,0.001663,0.62851,0.65015,0.66,0.6728,0.68852,9.6e-5,0.00026,2.6e-5,0.0,0.0,0.0,0.0,0.00071,0.660606,0.01662,0.001662,0.62851,0.65015,0.6602,0.67315,0.68852
77.5,0.339394,0.01662,0.001662,0.31148,0.32685,0.3398,0.34985,0.37149,8.6e-5,0.00023,2.3e-5,0.0,0.0,0.0,0.0,0.00071,0.66052,0.01662,0.001662,0.62851,0.65015,0.66,0.6728,0.68852,8.6e-5,0.00023,2.3e-5,0.0,0.0,0.0,0.0,0.00071,0.660606,0.01662,0.001662,0.62851,0.65015,0.6602,0.67315,0.68852
77.75,0.339392,0.01662,0.001662,0.31148,0.32685,0.3398,0.34985,0.37149,8.0e-5,0.00021,2.1e-5,0.0,0.0,0.0,0.0,0.00071,0.660528,0.01662,0.001662,0.62851,0.65015,0.66,0.67285,0.68852,8.0e-5,0.00021,2.1e-5,0.0,0.0,0.0,0.0,0.00071,0.660608,0.01662,0.001662,0.62851,0.65015,0.6602,0.67315,0.68852
78.0,0.33939,0.01663,0.001663,0.31148,0.3267,0.3398,0.34985,0.37149,7.6e-5,0.00021,2.1e-5,0.0,0.0,0.0,0.0,0.00071,0.660534,0.01662,0.001662,0.62851,0.65015,0.6601,0.67285,0.68852,7.6e-5,0.00021,2.1e-5,0.0,0.0,0.0,0.0,0.00071,0.66061,0.01663,0.001663,0.62851,0.65015,0.6602,0.6733,0.68852
78.25,0.339388,0.01663,0.001663,0.31148,0.3267,0.3398,0.34985,0.37149,7.6e-5,0.00022,2.2e-5,0.0,0.0,0.0,0.0,0.0008,0.660536,0.01662,0.001662,0.62851,0.65015,0.6601,0.67285,0.68852,7.6e-5,0.00022,2.2e-5,0.0,0.0,0.0,0.0,0.0008,0.660612,0.01663,0.001663,0.62851,0.65015,0.6602,0.6733,0.68852
78.5,0.33938,0.01663,0.001663,0.31148,0.3267,0.3398,0.34985,0.37149,7.8e-5,0.00022,2.2e-5,0.0,0.0,0.0,0.0,0.0008,0.660542,0.01662,0.001662,0.62851,0.65015,0.6601,0.67285,0.68852,7.8e-5,0.00022,2.2e-5,0.0,0.0,0.0,0.0,0.0008,0.66062,0.01663,0.001663,0.62851,0.65015,0.6602,0.6733,0.68852
78.75,0.33938,0.01663,0.001663,0.31148,0.3267,0.3398,0.34985,0.37149,7.8e-5,0.00022,2.2e-5,0.0,0.0,0.0,0.0,0.0008,0.660542,0.01662,0.001662,0.62851,0.65015,0.6601,0.67285,0.68852,7.8e-5,0.00022,2.2e-5,0.0,0.0,0.0,0.0,0.0008,0.66062,0.01663,0.001663,0.62851,0.65015,0.6602,0.6733,0.68852
79.0,0.339372,0.01664,0.001664,0.31148,0.3267,0.3398,0.34985,0.37149,8.0e-5,0.00023,2.3e-5,0.0,0.0,0.0,0.0,0.00091,0.660548,0.01662,0.001662,0.62851,0.65015,0.6601,0.67285,0.68852,8.0e-5,0.00023,2.3e-5,0.0,0.0,0.0,0.0,0.00091,0.660628,0.01664,0.001664,0.62851,0.65015,0.6602,0.6733,0.68852
79.25,0.33937,0.01664,0.001664,0.31148,0.3267,0.3398,0.34985,0.37149,7.6e-5,0.00022,2.2e-5,0.0,0.0,0.0,0.0,0.0008,0.660554,0.01661,0.001661,0.62851,0.65015,0.6601,0.67285,0.68852,7.6e-5,0.00022,2.2e-5,0.0,0.0,0.0,0.0,0.0008,0.66063,0.01664,0.001664,0.62851,0.65015,0.6602,0.6733,0.68852
79.5,0.339368,0.01664,0.001664,0.31148,0.3267,0.3398,0.34985,0.37149,7.4e-5,0.00021,2.1e-5,0.0,0.0,0.0,0.0,0.0008,0.660558,0.01661,0.001661,0.62851,0.65015,0.6601,0.67285,0.68852,7.4e-5,0.00021,2.1e-5,0.0,0.0,0.0,0.0,0.0008,0.660632,0.01664,0.001664,0.62851,0.65015,0.6602,0.6733,0.68852
79.75,0.339368,0.01664,0.001664,0.31148,0.3267,0.3398,0.34985,0.37149,6.4e-5,0.00018,1.8e-5,0.0,0.0,0.0,0.0,0.0006,0.660568,0.01661,0.001661,0.62851,0.65015,0.6601,0.67285,0.68852,6.4e-5,0.00018,1.8e-5,0.0,0.0,0.0,0.0,0.0006,0.660632,0.01664,0.001664,0.62851,0.65015,0.6602,0.6733,0.68852
80.0,0.339368,0.01664,0.001664,0.31148,0.3267,0.3398,0.34985,0.37149,6.0e-5,0.00018,1.8e-5,0.0,0.0,0.0,0.0,0.0006,0.660572,0.01662,0.001662,0.62851,0.65015,0.6601,0.67285,0.68852,6.0e-5,0.00018,1.8e-5,0.0,0.0,0.0,0.0,0.0006,0.660632,0.01664,0.001664,0.62851,0.65015,0.6602,0.6733,0.68852
80.25,0.339368,0.01664,0.001664,0.31148,0.3267,0.3398,0.34985,0.37149,5.0e-5,0.00015,1.5e-5,0.0,0.0,0.0,0.0,0.0004,0.660582,0.01662,0.001662,0.62851,0.65015,0.6601,0.67315,0.68852,5.0e-5,0.00015,1.5e-5,0.0,0.0,0.0,0.0,0.0004,0.660632,0.01664,0.001664,0.62851,0.65015,0.6602,0.6733,0.68852
80.5,0.339368,0.01664,0.001664,0.31148,0.3267,0.3398,0.34985,0.37149,4.8e-5,0.00015,1.5e-5,0.0,0.0,0.0,0.0,0.0004,0.660584,0.01662,0.001662,0.62851,0.65015,0.6601,0.67315,0.68852,4.8e-5,0.00015,1.5e-5,0.0,0.0,0.0,0.0,0.0004,0.660632,0.01664,0.001664,0.62851,0.65015,0.6602,0.6733,0.68852
80.75,0.339368,0.01664,0.001664,0.31148,0.3267,0.3398,0.34985,0.37149,4.8e-5,0.00015,1.5e-5,0.0,0.0,0.0,0.0,0.0004,0.660584,0.01662,0.001662,0.62851,0.65015,0.6601,0.67315,0.68852,4.8e-5,0.00015,1.5e-5,0.0,0.0,0.0,0.0,0.0004,0.660632,0.01664,0.001664,0.62851,0.65015,0.6602,0.6733,0.68852
81.0,0.339364,0.01664,0.001664,0.31148,0.3264,0.3398,0.34985,0.37149,4.8e-5,0.00015,1.5e-5,0.0,0.0,0.0,0.0,0.0004,0.660588,0.01662,0.001662,0.62851,0.65015,0.6601,0.67315,0.68852,4.8e-5,0.00015,1.5e-5,0.0,0.0,0.0,0.0,0.0004,0.660636,0.01664,0.001664,0.62851,0.65015,0.6602,0.6736,0.68852
81.25,0.339364,0.01664,0.001664,0.31148,0.3264,0.3398,0.34985,0.37149,4.8e-5,0.00015,1.5e-5,0.0,0.0,0.0,0.0,0.0004,0.660588,0.01662,0.001662,0.62851,0.65015,0.6601,0.67315,0.68852,4.8e-5,0.00015,1.5e-5,0.0,0.0,0.0,0.0,0.0004,0.660636,0.01664,0.001664,0.62851,0.65015,0.6602,0.6736,0.68852
81.5,0.339362,0.01664,0.001664,0.31148,0.3264,0.3398,0.34985,0.37149,4.8e-5,0.00015,1.5e-5,0.0,0.0,0.0,0.0,0.0004,0.66059,0.01663,0.001663,0.62851,0.65015,0.6601,0.67315,0.68852,4.8e-5,0.00015,1.5e-5,0.0,0.0,0.0,0.0,0.0004,0.660638,0.01664,0.001664,0.62851,0.65015,0.6602,0.6736,0.68852
81.75,0.339362,0.01664,0.001664,0.31148,0.3264,0.3398,0.34985,0.37149,4.6e-5,0.00014,1.4e-5,0.0,0.0,0.0,0.0,0.0004,0.660592,0.01662,0.001662,0.62851,0.65015,0.6601,0.67315,0.68852,4.6e-5,0.00014,1.4e-5,0.0,0.0,0.0,0.0,0.0004,0.660638,0.01664,0.001664,0.62851,0.65015,0.6602,0.6736,0.68852
82.0,0.339358,0.01665,0.001665,0.31148,0.3264,0.3398,0.34985,0.37149,5.0e-5,0.00016,1.6e-5,0.0,0.0,0.0,0.0,0.0004,0.660592,0.01662,0.001662,0.62851,0.65015,0.6601,0.67315,0.68852,5.0e-5,0.00016,1.6e-5,0.0,0.0,0.0,0.0,0.0004,0.660642,0.01665,0.001665,0.62851,0.65015,0.6602,0.6736,0.68852
82.25,0.339358,0.01665,0.001665,0.31148,0.3264,0.3398,0.34985,0.37149,5.0e-5,0.00016,1.6e-5,0.0,0.0,0.0,0.0,0.0004,0.660592,0.01662,0.001662,0.62851,0.65015,0.6601,0.67315,0.68852,5.0e-5,0.00016,1.6e-5,0.0,0.0,0.0,0.0,0.0004,0.660642,0.01665,0.001665,0.62851,0.65015,0.6602,0.6736,0.68852
82.5,0.339358,0.01665,0.001665,0.31148,0.3264,0.3398,0.34985,0.37149,4.4e-5,0.00015,1.5e-5,0.0,0.0,0.0,0.0,0.0004,0.660598,0.01663,0.001663,0.62851,0.65015,0.6601,0.6733,0.68852,4.4e-5,0.00015,1.5e-5,0.0,0.0,0.0,0.0,0.0004,0.660642,0.01665,0.001665,0.62851,0.65015,0.6602,0.6736,0.68852
82.75,0.339356,0.01664,0.001664,0.31148,0.3264,0.3398,0.34985,0.37149,3.8e-5,0.00014,1.4e-5,0.0,0.0,0.0,0.0,0.0004,0.660606,0.01663,0.001663,0.62851,0.65015,0.6601,0.67345,0.68852,3.8e-5,0.00014,1.4e-5,0.0,0.0,0.0,0.0,0.0004,0.660644,0.01664,0.001664,0.62851,0.65015,0.6602,0.6736,0.68852
83.0,0.339354,0.01664,0.001664,0.31148,0.3264,0.3398,0.34985,0.37149,3.8e-5,0.00014,1.4e-5,0.0,0.0,0.0,0.0,0.00031,0.660608,0.01663,0.001663,0.62851,0.65015,0.6601,0.67345,0.68852,3.8e-5,0.00014,1.4e-5,0.0,0.0,0.0,0.0,0.00031,0.660646,0.01664,0.001664,0.62851,0.65015,0.6602,0.6736,0.68852
83.25,0.339352,0.01664,0.001664,0.31148,0.3264,0.3398,0.34985,0.37149,3.8e-5,0.00014,1.4e-5,0.0,0.0,0.0,0.0,0.00041,0.66061,0.01663,0.001663,0.62851,0.65015,0.6601,0.67345,0.68852,3.8e-5,0.00014,1.4e-5,0.0,0.0,0.0,0.0,0.00041,0.660648,0.01664,0.001664,0.62851,0.65015,0.6602,0.6736,0.68852
83.5,0.339352,0.01664,0.001664,0.31148,0.3264,0.3398,0.34985,0.37149,3.2e-5,0.00011,1.1e-5,0.0,0.0,0.0,0.0,0.00031,0.660616,0.01663,0.001663,0.62851,0.65015,0.6601,0.67345,0.68852,3.2e-5,0.00011,1.1e-5,0.0,0.0,0.0,0.0,0.00031,0.660648,0.01664,0.001664,0.62851,0.65015,0.6602,0.6736,0.68852
83.75,0.339352,0.01664,0.001664,0.31148,0.3264,0.3398,0.34985,0.37149,3.0e-5,0.00011,1.1e-5,0.0,0.0,0.0,0.0,0.00031,0.660618,0.01663,0.001663,0.62851,0.65015,0.6601,0.67345,0.68852,3.0e-5,0.00011,1.1e-5,0.0,0.0,0.0,0.0,0.00031,0.660648,0.01664,0.001664,0.62851,0.65015,0.6602,0.6736,0.68852
84.0,0.339352,0.01664,0.001664,0.31148,0.3264,0.3398,0.34985,0.37149,2.6e-5,0.00011,1.1e-5,0.0,0.0,0.0,0.0,0.00031,0.660622,0.01663,0.001663,0.62851,0.65015,0.6601,0.67345,0.68852,2.6e-5,0.00011,1.1e-5,0.0,0.0,0.0,0.0,0.00031,0.660648,0.01664,0.001664,0.62851,0.65015,0.6602,0.6736,0.68852
84.25,0.339352,0.01664,0.001664,0.31148,0.3264,0.3398,0.34985,0.37149,2.6e-5,0.00011,1.1e-5,0.0,0.0,0.0,0.0,0.00031,0.660622,0.01663,0.001663,0.62851,0.65015,0.6601,0.67345,0.68852,2.6e-5,0.00011,1.1e-5,0.0,0.0,0.0,0.0,0.00031,0.660648,0.01664,0.001664,0.62851,0.65015,0.6602,0.6736,0.68852
84.5,0.339352,0.01664,0.001664,0.31148,0.3264,0.3398,0.34985,0.37149,2.6e-5,0.00011,1.1e-5,0.0,0.0,0.0,0.0,0.00031,0.660622,0.01663,0.001663,0.62851,0.65015,0.6601,0.67345,0.68852,2.6e-5,0.00011,1.1e-5,0.0,0.0,0.0,0.0,0.00031,0.660648,0.01664,0.001664,0.62851,0.65015,0.6602,0.6736,0.68852
84.75,0.339352,0.01664,0.001664,0.31148,0.3264,0.3398,0.34985,0.37149,2.6e-5,0.00011,1.1e-5,0.0,0.0,0.0,0.0,0.00031,0.660622,0.01663,0.001663,0.62851,0.65015,0.6601,0.67345,0.68852,2.6e-5,0.00011,1.1e-5,0.0,0.0,0.0,0.0,0.00031,0.660648,0.01664,0.001664,0.62851,0.65015,0.6602,0.6736,0.68852
85.0,0.339352,0.01664,0.001664,0.31148,0.3264,0.3398,0.34985,0.37149,2.6e-5,0.00011,1.1e-5,0.0,0.0,0.0,0.0,0.00031,0.660622,0.01663,0.001663,0.62851,0.65015,0.6601,0.67345,0.68852,2.6e-5,0.00011,1.1e-5,0.0,0.0,0.0,0.0,0.00031,0.660648,0.01664,0.001664,0.62851,0.65015,0.6602,0.6736,0.68852
85.25,0.339352,0.01664,0.001664,0.31148,0.3264,0.3398,0.34985,0.37149,2.4e-5,9.0e-5,9.0e-6,0.0,0.0,0.0,0.0,0.00031,0.660624,0.01664,0.001664,0.62851,0.65015,0.6601,0.67345,0.68852,2.4e-5,9.0e-5,9.0e-6,0.0,0.0,0.0,0.0,0.00031,0.660648,0.01664,0.001664,0.62851,0.65015,0.6602,0.6736,0.68852
85.5,0.339352,0.01664,0.001664,0.31148,0.3264,0.3398,0.34985,0.37149,2.2e-5,9.0e-5,9.0e-6,0.0,0.0,0.0,0.0,0.00031,0.660626,0.01663,0.001663,0.62851,0.65015,0.6601,0.67345,0.68852,2.2e-5,9.0e-5,9.0e-6,0.0,0.0,0.0,0.0,0.00031,0.660648,0.01664,0.001664,0.62851,0.65015,0.6602,0.6736,0.68852
85.75,0.339352,0.01664,0.001664,0.31148,0.3264,0.3398,0.34985,0.37149,2.2e-5,9.0e-5,9.0e-6,0.0,0.0,0.0,0.0,0.00031,0.660626,0.01663,0.001663,0.62851,0.65015,0.6601,0.67345,0.68852,2.2e-5,9.0e-5,9.0e-6,0.0,0.0,0.0,0.0,0.00031,0.660648,0.01664,0.001664,0.62851,0.65015,0.6602,0.6736,0.68852
86.0,0.33935,0.01665,0.001665,0.31148,0.3264,0.3398,0.34985,0.37149,2.4e-5,0.0001,1.0e-5,0.0,0.0,0.0,0.0,0.00031,0.660626,0.01663,0.001663,0.62851,0.65015,0.6601,0.67345,0.68852,2.4e-5,0.0001,1.0e-5,0.0,0.0,0.0,0.0,0.00031,0.66065,0.01665,0.001665,0.62851,0.65015,0.6602,0.6736,0.68852
86.25,0.33935,0.01665,0.001665,0.31148,0.3264,0.3398,0.34985,0.37149,2.4e-5,0.0001,1.0e-5,0.0,0.0,0.0,0.0,0.00031,0.660626,0.01663,0.001663,0.62851,0.65015,0.6601,0.67345,0.68852,2.4e-5,0.0001,1.0e-5,0.0,0.0,0.0,0.0,0.00031,0.66065,0.01665,0.001665,0.62851,0.65015,0.6602,0.6736,0.68852
86.5,0.33935,0.01665,0.001665,0.31148,0.3264,0.3398,0.34985,0.37149,2.4e-5,0.0001,1.0e-5,0.0,0.0,0.0,0.0,0.00031,0.660626,0.01663,0.001663,0.62851,0.65015,0.6601,0.67345,0.68852,2.4e-5,0.0001,1.0e-5,0.0,0.0,0.0,0.0,0.00031,0.66065,0.01665,0.001665,0.62851,0.65015,0.6602,0.6736,0.68852
86.75,0.33935,0.01665,0.001665,0.31148,0.3264,0.3398,0.34985,0.37149,2.4e-5,0.0001,1.0e-5,0.0,0.0,0.0,0.0,0.00031,0.660626,0.01663,0.001663,0.62851,0.65015,0.6601,0.67345,0.68852,2.4e-5,0.0001,1.0e-5,0.0,0.0,0.0,0.0,0.00031,0.66065,0.01665,0.001665,0.62851,0.65015,0.6602,0.6736,0.68852
87.0,0.339348,0.01665,0.001665,0.31148,0.3264,0.3398,0.34985,0.37149,2.4e-5,0.0001,1.0e-5,0.0,0.0,0.0,0.0,0.00031,0.660628,0.01664,0.001664,0.62851,0.65015,0.6601,0.67345,0.68852,2.4e-5,0.0001,1.0e-5,0.0,0.0,0.0,0.0,0.00031,0.660652,0.01665,0.001665,0.62851,0.65015,0.6602,0.6736,0.68852
87.25,0.339348,0.01665,0.001665,0.31148,0.3264,0.3398,0.34985,0.37149,2.4e-5,0.0001,1.0e-5,0.0,0.0,0.0,0.0,0.00031,0.660628,0.01664,0.001664,0.62851,0.65015,0.6601,0.67345,0.68852,2.4e-5,0.0001,1.0e-5,0.0,0.0,0.0,0.0,0.00031,0.660652,0.01665,0.001665,0.62851,0.65015,0.6602,0.6736,0.68852
87.5,0.339346,0.01665,0.001665,0.31148,0.3264,0.3398,0.34985,0.37149,2.6e-5,0.00011,1.1e-5,0.0,0.0,0.0,0.0,0.0004,0.660628,0.01664,0.001664,0.62851,0.65015,0.6601,0.67345,0.68852,2.6e-5,0.00011,1.1e-5,0.0,0.0,0.0,0.0,0.0004,0.660654,0.01665,0.001665,0.62851,0.65015,0.6602,0.6736,0.68852
87.75,0.339346,0.01665,0.001665,0.31148,0.3264,0.3398,0.34985,0.37149,2.6e-5,0.00011,1.1e-5,0.0,0.0,0.0,0.0,0.0004,0.660628,0.01664,0.001664,0.62851,0.65015,0.6601,0.67345,0.68852,2.6e-5,0.00011,1.1e-5,0.0,0.0,0.0,0.0,0.0004,0.660654,0.01665,0.001665,0.62851,0.65015,0.6602,0.6736,0.68852
88.0,0.339346,0.01665,0.001665,0.31148,0.3264,0.3398,0.34985,0.37149,2.4e-5,0.0001,1.0e-5,0.0,0.0,0.0,0.0,0.0004,0.66063,0.01664,0.001664,0.62851,0.65015,0.6601,0.67345,0.68852,2.4e-5,0.0001,1.0e-5,0.0,0.0,0.0,0.0,0.0004,0.660654,0.01665,0.001665,0.62851,0.65015,0.6602,0.6736,0.68852
88.25,0.339346,0.01665,0.001665,0.31148,0.3264,0.3398,0.34985,0.37149,2.0e-5,8.0e-5,8.0e-6,0.0,0.0,0.0,0.0,0.00031,0.660634,0.01664,0.001664,0.62851,0.65015,0.6601,0.67345,0.68852,2.0e-5,8.0e-5,8.0e-6,0.0,0.0,0.0,0.0,0.00031,0.660654,0.01665,0.001665,0.62851,0.65015,0.6602,0.6736,0.68852
88.5,0.339346,0.01665,0.001665,0.31148,0.3264,0.3398,0.34985,0.37149,1.8e-5,7.0e-5,7.0e-6,0.0,0.0,0.0,0.0,0.0002,0.660636,0.01664,0.001664,0.62851,0.65015,0.6601,0.67345,0.68852,1.8e-5,7.0e-5,7.0e-6,0.0,0.0,0.0,0.0,0.0002,0.660654,0.01665,0.001665,0.62851,0.65015,0.6602,0.6736,0.68852
88.75,0.339346,0.01665,0.001665,0.31148,0.3264,0.3398,0.34985,0.37149,1.6e-5,6.0e-5,6.0e-6,0.0,0.0,0.0,0.0,0.0002,0.660638,0.01664,0.001664,0.62851,0.65015,0.6601,0.67345,0.68852,1.6e-5,6.0e-5,6.0e-6,0.0,0.0,0.0,0.0,0.0002,0.660654,0.01665,0.001665,0.62851,0.65015,0.6602,0.6736,0.68852
89.0,0.339346,0.01665,0.001665,0.31148,0.3264,0.3398,0.34985,0.37149,1.6e-5,6.0e-5,6.0e-6,0.0,0.0,0.0,0.0,0.0002,0.660638,0.01664,0.001664,0.62851,0.65015,0.6601,0.67345,0.68852,1.6e-5,6.0e-5,6.0e-6,0.0,0.0,0.0,0.0,0.0002,0.660654,0.01665,0.001665,0.62851,0.65015,0.6602,0.6736,0.68852
89.25,0.339346,0.01665,0.001665,0.31148,0.3264,0.3398,0.34985,0.37149,1.4e-5,5.0e-5,5.0e-6,0.0,0.0,0.0,0.0,0.0002,0.66064,0.01665,0.001665,0.62851,0.65015,0.6601,0.67345,0.68852,1.4e-5,5.0e-5,5.0e-6,0.0,0.0,0.0,0.0,0.0002,0.660654,0.01665,0.001665,0.62851,0.65015,0.6602,0.6736,0.68852
89.5,0.339346,0.01665,0.001665,0.31148,0.3264,0.3398,0.34985,0.37149,1.4e-5,5.0e-5,5.0e-6,0.0,0.0,0.0,0.0,0.0002,0.66064,0.01665,0.001665,0.62851,0.65015,0.6601,0.67345,0.68852,1.4e-5,5.0e-5,5.0e-6,0.0,0.0,0.0,0.0,0.0002,0.660654,0.01665,0.001665,0.62851,0.65015,0.6602,0.6736,0.68852
89.75,0.339346,0.01665,0.001665,0.31148,0.3264,0.3398,0.34985,0.37149,1.4e-5,5.0e-5,5.0e-6,0.0,0.0,0.0,0.0,0.0002,0.66064,0.01665,0.001665,0.62851,0.65015,0.6601,0.67345,0.68852,1.4e-5,5.0e-5,5.0e-6,0.0,0.0,0.0,0.0,0.0002,0.660654,0.01665,0.001665,0.62851,0.65015,0.6602,0.6736,0.68852
90.0,0.339346,0.01665,0.001665,0.31148,0.3264,0.3398,0.34985,0.37149,1.4e-5,5.0e-5,5.0e-6,0.0,0.0,0.0,0.0,0.0002,0.66064,0.01665,0.001665,0.62851,0.65015,0.6601,0.67345,0.68852,1.4e-5,5.0e-5,5.0e-6,0.0,0.0,0.0,0.0,0.0002,0.660654,0.01665,0.001665,0.62851,0.65015,0.6602,0.6736,0.68852
90.25,0.339346,0.01665,0.001665,0.31148,0.3264,0.3398,0.34985,0.37149,1.4e-5,5.0e-5,5.0e-6,0.0,0.0,0.0,0.0,0.0002,0.66064,0.01665,0.001665,0.62851,0.65015,0.6601,0.67345,0.68852,1.4e-5,5.0e-5,5.0e-6,0.0,0.0,0.0,0.0,0.0002,0.660654,0.01665,0.001665,0.62851,0.65015,0.6602,0.6736,0.68852
90.5,0.339346,0.01665,0.001665,0.31148,0.3264,0.3398,0.34985,0.37149,1.4e-5,5.0e-5,5.0e-6,0.0,0.0,0.0,0.0,0.0002,0.66064,0.01665,0.001665,0.62851,0.65015,0.6601,0.67345,0.68852,1.4e-5,5.0e-5,5.0e-6,0.0,0.0,0.0,0.0,0.0002,0.660654,0.01665,0.001665,0.62851,0.65015,0.6602,0.6736,0.68852
90.75,0.339346,0.01665,0.001665,0.31148,0.3264,0.3398,0.34985,0.37149,1.4e-5,5.0e-5,5.0e-6,0.0,0.0,0.0,0.0,0.0002,0.66064,0.01665,0.001665,0.62851,0.65015,0.6601,0.67345,0.68852,1.4e-5,5.0e-5,5.0e-6,0.0,0.0,0.0,0.0,0.0002,0.660654,0.01665,0.001665,0.62851,0.65015,0.6602,0.6736,0.68852
91.0,0.339346,0.01665,0.001665,0.31148,0.3264,0.3398,0.34985,0.37149,1.2e-5,5.0e-5,5.0e-6,0.0,0.0,0.0,0.0,0.0002,0.660642,0.01665,0.001665,0.62851,0.65015,0.6601,0.67345,0.68852,1.2e-5,5.0e-5,5.0e-6,0.0,0.0,0.0,0.0,0.0002,0.660654,0.01665,0.001665,0.62851,0.65015,0.6602,0.6736,0.68852
91.25,0.339346,0.01665,0.001665,0.31148,0.3264,0.3398,0.34985,0.37149,1.2e-5,5.0e-5,5.0e-6,0.0,0.0,0.0,0.0,0.0002,0.660642,0.01665,0.001665,0.62851,0.65015,0.6601,0.67345,0.68852,1.2e-5,5.0e-5,5.0e-6,0.0,0.0,0.0,0.0,0.0002,0.660654,0.01665,0.001665,0.62851,0.65015,0.6602,0.6736,0.68852
91.5,0.339344,0.01666,0.001666,0.31148,0.3264,0.3398,0.34985,0.37149,1.4e-5,6.0e-5,6.0e-6,0.0,0.0,0.0,0.0,0.0002,0.660642,0.01665,0.001665,0.62851,0.65015,0.6601,0.67345,0.68852,1.4e-5,6.0e-5,6.0e-6,0.0,0.0,0.0,0.0,0.0002,0.660656,0.01666,0.001666,0.62851,0.65015,0.6602,0.6736,0.68852
91.75,0.339344,0.01666,0.001666,0.31148,0.3264,0.3398,0.34985,0.37149,1.2e-5,6.0e-5,6.0e-6,0.0,0.0,0.0,0.0,0.0002,0.660644,0.01665,0.001665,0.62851,0.65015,0.6601,0.67345,0.68852,1.2e-5,6.0e-5,6.0e-6,0.0,0.0,0.0,0.0,0.0002,0.660656,0.01666,0.001666,0.62851,0.65015,0.6602,0.6736,0.68852
92.0,0.339344,0.01666,0.001666,0.31148,0.3264,0.3398,0.34985,0.37149,1.2e-5,6.0e-5,6.0e-6,0.0,0.0,0.0,0.0,0.0002,0.660644,0.01665,0.001665,0.62851,0.65015,0.6601,0.67345,0.68852,1.2e-5,6.0e-5,6.0e-6,0.0,0.0,0.0,0.0,0.0002,0.660656,0.01666,0.001666,0.62851,0.65015,0.6602,0.6736,0.68852
92.25,0.339344,0.01666,0.001666,0.31148,0.3264,0.3398,0.34985,0.37149,1.0e-5,5.0e-5,5.0e-6,0.0,0.0,0.0,0.0,0.0002,0.660646,0.01665,0.001665,0.62851,0.65015,0.6602,0.67345,0.68852,1.0e-5,5.0e-5,5.0e-6,0.0,0.0,0.0,0.0,0.0002,0.660656,0.01666,0.001666,0.62851,0.65015,0.6602,0.6736,0.68852
92.5,0.339344,0.01666,0.001666,0.31148,0.3264,0.3398,0.34985,0.37149,1.0e-5,5.0e-5,5.0e-6,0.0,0.0,0.0,0.0,0.0002,0.660646,0.01665,0.001665,0.62851,0.65015,0.6602,0.67345,0.68852,1.0e-5,5.0e-5,5.0e-6,0.0,0.0,0.0,0.0,0.0002,0.660656,0.01666,0.001666,0.62851,0.65015,0.6602,0.6736,0.68852
92.75,0.339344,0.01666,0.001666,0.31148,0.3264,0.3398,0.34985,0.37149,8.0e-6,4.0e-5,4.0e-6,0.0,0.0,0.0,0.0,0.0002,0.660648,0.01665,0.001665,0.62851,0.65015,0.6602,0.67345,0.68852,8.0e-6,4.0e-5,4.0e-6,0.0,0.0,0.0,0.0,0.0002,0.660656,0.01666,0.001666,0.62851,0.65015,0.6602,0.6736,0.68852
93.0,0.339344,0.01666,0.001666,0.31148,0.3264,0.3398,0.34985,0.37149,8.0e-6,4.0e-5,4.0e-6,0.0,0.0,0.0,0.0,0.0002,0.660648,0.01665,0.001665,0.62851,0.65015,0.6602,0.67345,0.68852,8.0e-6,4.0e-5,4.0e-6,0.0,0.0,0.0,0.0,0.0002,0.660656,0.01666,0.001666,0.62851,0.65015,0.6602,0.6736,0.68852
93.25,0.339344,0.01666,0.001666,0.31148,0.3264,0.3398,0.34985,0.37149,8.0e-6,4.0e-5,4.0e-6,0.0,0.0,0.0,0.0,0.0002,0.660648,0.01665,0.001665,0.62851,0.65015,0.6602,0.67345,0.68852,8.0e-6,4.0e-5,4.0e-6,0.0,0.0,0.0,0.0,0.0002,0.660656,0.01666,0.001666,0.62851,0.65015,0.6602,0.6736,0.68852
93.5,0.339342,0.01666,0.001666,0.31148,0.32635,0.3398,0.34985,0.37149,1.0e-5,5.0e-5,5.0e-6,0.0,0.0,0.0,0.0,0.0002,0.660648,0.01665,0.001665,0.62851,0.65015,0.6602,0.67345,0.68852,1.0e-5,5.0e-5,5.0e-6,0.0,0.0,0.0,0.0,0.0002,0.660658,0.01666,0.001666,0.62851,0.65015,0.6602,0.67365,0.68852
93.75,0.339342,0.01666,0.001666,0.31148,0.32635,0.3398,0.34985,0.37149,1.0e-5,5.0e-5,5.0e-6,0.0,0.0,0.0,0.0,0.0002,0.660648,0.01665,0.001665,0.62851,0.65015,0.6602,0.67345,0.68852,1.0e-5,5.0e-5,5.0e-6,0.0,0.0,0.0,0.0,0.0002,0.660658,0.01666,0.001666,0.62851,0.65015,0.6602,0.67365,0.68852
94.0,0.339342,0.01666,0.001666,0.31148,0.32635,0.3398,0.34985,0.37149,1.0e-5,5.0e-5,5.0e-6,0.0,0.0,0.0,0.0,0.0002,0.660648,0.01665,0.001665,0.62851,0.65015,0.6602,0.67345,0.68852,1.0e-5,5.0e-5,5.0e-6,0.0,0.0,0.0,0.0,0.0002,0.660658,0.01666,0.001666,0.62851,0.65015,0.6602,0.67365,0.68852
94.25,0.339342,0.01666,0.001666,0.31148,0.32635,0.3398,0.34985,0.37149,8.0e-6,5.0e-5,5.0e-6,0.0,0.0,0.0,0.0,0.00011,0.66065,0.01666,0.001666,0.62851,0.65015,0.6602,0.67345,0.68852,8.0e-6,5.0e-5,5.0e-6,0.0,0.0,0.0,0.0,0.00011,0.660658,0.01666,0.001666,0.62851,0.65015,0.6602,0.67365,0.68852
94.5,0.339342,0.01666,0.001666,0.31148,0.32635,0.3398,0.34985,0.37149,8.0e-6,5.0e-5,5.0e-6,0.0,0.0,0.0,0.0,0.00011,0.66065,0.01666,0.001666,0.62851,0.65015,0.6602,0.67345,0.68852,8.0e-6,5.0e-5,5.0e-6,0.0,0.0,0.0,0.0,0.00011,0.660658,0.01666,0.001666,0.62851,0.65015,0.6602,0.67365,0.68852
94.75,0.339342,0.01666,0.001666,0.31148,0.32635,0.3398,0.34985,0.37149,6.0e-6,3.0e-5,3.0e-6,0.0,0.0,0.0,0.0,0.00011,0.660652,0.01666,0.001666,0.62851,0.65015,0.6602,0.6736,0.68852,6.0e-6,3.0e-5,3.0e-6,0.0,0.0,0.0,0.0,0.00011,0.660658,0.01666,0.001666,0.62851,0.65015,0.6602,0.67365,0.68852
95.0,0.339342,0.01666,0.001666,0.31148,0.32635,0.3398,0.34985,0.37149,6.0e-6,3.0e-5,3.0e-6,0.0,0.0,0.0,0.0,0.00011,0.660652,0.01666,0.001666,0.62851,0.65015,0.6602,0.6736,0.68852,6.0e-6,3.0e-5,3.0e-6,0.0,0.0,0.0,0.0,0.00011,0.660658,0.01666,0.001666,0.62851,0.65015,0.6602,0.67365,0.68852
95.25,0.339342,0.01666,0.001666,0.31148,0.32635,0.3398,0.34985,0.37149,6.0e-6,3.0e-5,3.0e-6,0.0,0.0,0.0,0.0,0.00011,0.660652,0.01666,0.001666,0.62851,0.65015,0.6602,0.6736,0.68852,6.0e-6,3.0e-5,3.0e-6,0.0,0.0,0.0,0.0,0.00011,0.660658,0.01666,0.001666,0.62851,0.65015,0.6602,0.67365,0.68852
95.5,0.33934,0.01666,0.001666,0.31148,0.32635,0.3398,0.34985,0.37149,6.0e-6,4.0e-5,4.0e-6,0.0,0.0,0.0,0.0,0.0,0.660654,0.01666,0.001666,0.62851,0.65015,0.6602,0.6736,0.68852,6.0e-6,4.0e-5,4.0e-6,0.0,0.0,0.0,0.0,0.0,0.66066,0.01666,0.001666,0.62851,0.65015,0.6602,0.67365,0.68852
95.75,0.33934,0.01666,0.001666,0.31148,0.32635,0.3398,0.34985,0.37149,6.0e-6,4.0e-5,4.0e-6,0.0,0.0,0.0,0.0,0.0,0.660654,0.01666,0.001666,0.62851,0.65015,0.6602,0.6736,0.68852,6.0e-6,4.0e-5,4.0e-6,0.0,0.0,0.0,0.0,0.0,0.66066,0.01666,0.001666,0.62851,0.65015,0.6602,0.67365,0.68852
96.0,0.33934,0.01666,0.001666,0.31148,0.32635,0.3398,0.34985,0.37149,6.0e-6,4.0e-5,4.0e-6,0.0,0.0,0.0,0.0,0.0,0.660654,0.01666,0.001666,0.62851,0.65015,0.6602,0.6736,0.68852,6.0e-6,4.0e-5,4.0e-6,0.0,0.0,0.0,0.0,0.0,0.66066,0.01666,0.001666,0.62851,0.65015,0.6602,0.67365,0.68852
96.25,0.33934,0.01666,0.001666,0.31148,0.32635,0.3398,0.34985,0.37149,6.0e-6,4.0e-5,4.0e-6,0.0,0.0,0.0,0.0,0.0,0.660654,0.01666,0.001666,0.62851,0.65015,0.6602,0.6736,0.68852,6.0e-6,4.0e-5,4.0e-6,0.0,0.0,0.0,0.0,0.0,0.66066,0.01666,0.001666,0.62851,0.65015,0.6602,0.67365,0.68852
96.5,0.33934,0.01666,0.001666,0.31148,0.32635,0.3398,0.34985,0.37149,6.0e-6,4.0e-5,4.0e-6,0.0,0.0,0.0,0.0,0.0,0.660654,0.01666,0.001666,0.62851,0.65015,0.6602,0.6736,0.68852,6.0e-6,4.0e-5,4.0e-6,0.0,0.0,0.0,0.0,0.0,0.66066,0.01666,0.001666,0.62851,0.65015,0.6602,0.67365,0.68852
96.75,0.33934,0.01666,0.001666,0.31148,0.32635,0.3398,0.34985,0.37149,6.0e-6,4.0e-5,4.0e-6,0.0,0.0,0.0,0.0,0.0,0.660654,0.01666,0.001666,0.62851,0.65015,0.6602,0.6736,0.68852,6.0e-6,4.0e-5,4.0e-6,0.0,0.0,0.0,0.0,0.0,0.66066,0.01666,0.001666,0.62851,0.65015,0.6602,0.67365,0.68852
97.0,0.33934,0.01666,0.001666,0.31148,0.32635,0.3398,0.34985,0.37149,6.0e-6,4.0e-5,4.0e-6,0.0,0.0,0.0,0.0,0.0,0.660654,0.01666,0.001666,0.62851,0.65015,0.6602,0.6736,0.68852,6.0e-6,4.0e-5,4.0e-6,0.0,0.0,0.0,0.0,0.0,0.66066,0.01666,0.001666,0.62851,0.65015,0.6602,0.67365,0.68852
97.25,0.33934,0.01666,0.001666,0.31148,0.32635,0.3398,0.34985,0.37149,6.0e-6,4.0e-5,4.0e-6,0.0,0.0,0.0,0.0,0.0,0.660654,0.01666,0.001666,0.62851,0.65015,0.6602,0.6736,0.68852,6.0e-6,4.0e-5,4.0e-6,0.0,0.0,0.0,0.0,0.0,0.66066,0.01666,0.001666,0.62851,0.65015,0.6602,0.67365,0.68852
97.5,0.33934,0.01666,0.001666,0.31148,0.32635,0.3398,0.34985,0.37149,6.0e-6,4.0e-5,4.0e-6,0.0,0.0,0.0,0.0,0.0,0.660654,0.01666,0.001666,0.62851,0.65015,0.6602,0.6736,0.68852,6.0e-6,4.0e-5,4.0e-6,0.0,0.0,0.0,0.0,0.0,0.66066,0.01666,0.001666,0.62851,0.65015,0.6602,0.67365,0.68852
97.75,0.33934,0.01666,0.001666,0.31148,0.32635,0.3398,0.34985,0.37149,6.0e-6,4.0e-5,4.0e-6,0.0,0.0,0.0,0.0,0.0,0.660654,0.01666,0.001666,0.62851,0.65015,0.6602,0.6736,0.68852,6.0e-6,4.0e-5,4.0e-6,0.0,0.0,0.0,0.0,0.0,0.66066,0.01666,0.001666,0.62851,0.65015,0.6602,0.67365,0.68852
98.0,0.33934,0.01666,0.001666,0.31148,0.32635,0.3398,0.34985,0.37149,6.0e-6,4.0e-5,4.0e-6,0.0,0.0,0.0,0.0,0.0,0.660654,0.01666,0.001666,0.62851,0.65015,0.6602,0.6736,0.68852,6.0e-6,4.0e-5,4.0e-6,0.0,0.0,0.0,0.0,0.0,0.66066,0.01666,0.001666,0.62851,0.65015,0.6602,0.67365,0.68852
98.25,0.33934,0.01666,0.001666,0.31148,0.32635,0.3398,0.34985,0.37149,6.0e-6,4.0e-5,4.0e-6,0.0,0.0,0.0,0.0,0.0,0.660654,0.01666,0.001666,0.62851,0.65015,0.6602,0.6736,0.68852,6.0e-6,4.0e-5,4.0e-6,0.0,0.0,0.0,0.0,0.0,0.66066,0.01666,0.001666,0.62851,0.65015,0.6602,0.67365,0.68852
98.5,0.33934,0.01666,0.001666,0.31148,0.32635,0.3398,0.34985,0.37149,6.0e-6,4.0e-5,4.0e-6,0.0,0.0,0.0,0.0,0.0,0.660654,0.01666,0.001666,0.62851,0.65015,0.6602,0.6736,0.68852,6.0e-6,4.0e-5,4.0e-6,0.0,0.0,0.0,0.0,0.0,0.66066,0.01666,0.001666,0.62851,0.65015,0.6602,0.67365,0.68852
98.75,0.33934,0.01666,0.001666,0.31148,0.32635,0.3398,0.34985,0.37149,6.0e-6,4.0e-5,4.0e-6,0.0,0.0,0.0,0.0,0.0,0.660654,0.01666,0.001666,0.62851,0.65015,0.6602,0.6736,0.68852,6.0e-6,4.0e-5,4.0e-6,0.0,0.0,0.0,0.0,0.0,0.66066,0.01666,0.001666,0.62851,0.65015,0.6602,0.67365,0.68852
99.0,0.33934,0.01666,0.001666,0.31148,0.32635,0.3398,0.34985,0.37149,6.0e-6,4.0e-5,4.0e-6,0.0,0.0,0.0,0.0,0.0,0.660654,0.01666,0.001666,0.62851,0.65015,0.6602,0.6736,0.68852,6.0e-6,4.0e-5,4.0e-6,0.0,0.0,0.0,0.0,0.0,0.66066,0.01666,0.001666,0.62851,0.65015,0.6602,0.67365,0.68852
99.25,0.33934,0.01666,0.001666,0.31148,0.32635,0.3398,0.34985,0.37149,6.0e-6,4.0e-5,4.0e-6,0.0,0.0,0.0,0.0,0.0,0.660654,0.01666,0.001666,0.62851,0.65015,0.6602,0.6736,0.68852,6.0e-6,4.0e-5,4.0e-6,0.0,0.0,0.0,0.0,0.0,0.66066,0.01666,0.001666,0.62851,0.65015,0.6602,0.67365,0.68852
99.5,0.33934,0.01666,0.001666,0.31148,0.32635,0.3398,0.34985,0.37149,6.0e-6,4.0e-5,4.0e-6,0.0,0.0,0.0,0.0,0.0,0.660654,0.01666,0.001666,0.62851,0.65015,0.6602,0.6736,0.68852,6.0e-6,4.0e-5,4.0e-6,0.0,0.0,0.0,0.0,0.0,0.66066,0.01666,0.001666,0.62851,0.65015,0.6602,0.67365,0.68852
99.75,0.33934,0.01666,0.001666,0.31148,0.32635,0.3398,0.34985,0.37149,6.0e-6,4.0e-5,4.0e-6,0.0,0.0,0.0,0.0,0.0,0.660654,0.01666,0.001666,0.62851,0.65015,0.6602,0.6736,0.68852,6.0e-6,4.0e-5,4.0e-6,0.0,0.0,0.0,0.0,0.0,0.66066,0.01666,0.001666,0.62851,0.65015,0.6602,0.67365,0.68852
100.0,0.33934,0.01666,0.001666,0.31148,0.32635,0.3398,0.34985,0.37149,6.0e-6,4.0e-5,4.0e-6,0.0,0.0,0.0,0.0,0.0,0.660654,0.01666,0.001666,0.62851,0.65015,0.6602,0.6736,0.68852,6.0e-6,4.0e-5,4.0e-6,0.0,0.0,0.0,0.0,0.0,0.66066,0.01666,0.001666,0.62851,0.65015,0.6602,0.67365,0.68852
