t,cond.S_a.mean,cond.S_a.sd,cond.S_a.se,cond.S_a.q025,cond.S_a.q25,cond.S_a.q50,cond.S_a.q75,cond.S_a.q975,cond.S_b.mean,cond.S_b.sd,cond.S_b.se,cond.S_b.q025,cond.S_b.q25,cond.S_b.q50,cond.S_b.q75,cond.S_b.q975,cond.I_a.mean,cond.I_a.sd,cond.I_a.se,cond.I_a.q025,cond.I_a.q25,cond.I_a.q50,cond.I_a.q75,cond.I_a.q975,cond.I_b.mean,cond.I_b.sd,cond.I_b.se,cond.I_b.q025,cond.I_b.q25,cond.I_b.q50,cond.I_b.q75,cond.I_b.q975,cond.R_a.mean,cond.R_a.sd,cond.R_a.se,cond.R_a.q025,cond.R_a.q25,cond.R_a.q50,cond.R_a.q75,cond.R_a.q975,cond.R_b.mean,cond.R_b.sd,cond.R_b.se,cond.R_b.q025,cond.R_b.q25,cond.R_b.q50,cond.R_b.q75,cond.R_b.q975,cond.infectious.mean,cond.infectious.sd,cond.infectious.se,cond.infectious.q025,cond.infectious.q25,cond.infectious.q50,cond.infectious.q75,cond.infectious.q975,cond.cumulative.mean,cond.cumulative.sd,cond.cumulative.se,cond.cumulative.q025,cond.cumulative.q25,cond.cumulative.q50,cond.cumulative.q75,cond.cumulative.q975
0.0,0.495,0.0,0.0,0.495,0.495,0.495,0.495,0.495,0.495,0.0,0.0,0.495,0.495,0.495,0.495,0.495,0.005,0.0,0.0,0.005,0.005,0.005,0.005,0.005,0.005,0.0,0.0,0.005,0.005,0.005,0.005,0.005,0.0,0.0,0.0,0.0,0.0,0.0,0.0,0.0,0.0,0.0,0.0,0.0,0.0,0.0,0.0,0.0,0.01,0.0,0.0,0.01,0.01,0.01,0.01,0.01,0.01,0.0,0.0,0.01,0.01,0.01,0.01,0.01
0.25,0.494035,0.00034,2.4e-5,0.4933,0.4938,0.4941,0.4943,0.4946,0.494255,0.00028,2.0e-5,0.4937,0.4941,0.4943,0.4945,0.4947,0.005647,0.00039,2.8e-5,0.0049,0.0054,0.0056,0.0059,0.0065,0.005409,0.00034,2.4e-5,0.0048,0.0052,0.0054,0.0056,0.0061,0.000319,0.00017,1.2e-5,0.0,0.0002,0.0003,0.0004,0.0007,0.000336,0.00018,1.2e-5,0.0001,0.0002,0.0003,0.0004,0.0007,0.011056,0.00056,3.9e-5,0.01,0.0107,0.011,0.0115,0.0122,0.01171,0.00045,3.2e-5,0.0109,0.0114,0.0117,0.012,0.0125
0.5,0.49297,0.0005,3.5e-5,0.492,0.49268,0.493,0.4933,0.4938,0.493473,0.00045,3.2e-5,0.4925,0.4932,0.4935,0.4938,0.4943,0.006342,0.00055,3.9e-5,0.0054,0.006,0.0063,0.0067,0.0075,0.005855,0.00051,3.6e-5,0.0047,0.0055,0.0059,0.0062,0.0068,0.000688,0.00026,1.8e-5,0.0003,0.0005,0.0007,0.0009,0.0012,0.000672,0.00026,1.8e-5,0.0002,0.0005,0.0007,0.0008,0.0012,0.012196,0.00082,5.8e-5,0.0106,0.0116,0.0121,0.01283,0.0136,0.013556,0.0007,4.9e-5,0.0124,0.01308,0.0135,0.014,0.0151
0.75,0.49173,0.00071,5.0e-5,0.4902,0.4913,0.49175,0.4922,0.493,0.492609,0.00058,4.1e-5,0.4914,0.49228,0.4926,0.493,0.4937,0.00718,0.00075,5.3e-5,0.0058,0.0067,0.0071,0.00762,0.00861,0.006362,0.00063,4.5e-5,0.0052,0.006,0.0064,0.0068,0.0076,0.00109,0.0003,2.1e-5,0.0005,0.0009,0.0011,0.0013,0.0016,0.00103,0.0003,2.2e-5,0.0005,0.0008,0.001,0.0012,0.0016,0.013542,0.00106,7.5e-5,0.0114,0.0128,0.01355,0.0143,0.0155,0.015662,0.00095,6.7e-5,0.0139,0.015,0.0156,0.0163,0.0177
1.0,0.490396,0.00088,6.2e-5,0.4885,0.48988,0.4904,0.491,0.4919,0.491706,0.00071,5.0e-5,0.4903,0.49128,0.4918,0.4922,0.493,0.008046,0.00092,6.5e-5,0.0065,0.0074,0.008,0.0085,0.01011,0.006835,0.00077,5.4e-5,0.0054,0.00638,0.0068,0.0073,0.0084,0.001558,0.00034,2.4e-5,0.0009,0.0013,0.0016,0.0018,0.0022,0.001459,0.00035,2.4e-5,0.0008,0.0012,0.0015,0.0017,0.0021,0.014881,0.00129,9.1e-5,0.0124,0.01408,0.0148,0.0158,0.0173,0.017898,0.00119,8.4e-5,0.0158,0.017,0.0178,0.0188,0.0201
1.25,0.488952,0.00106,7.5e-5,0.4867,0.4884,0.48905,0.4897,0.4908,0.490703,0.0008,5.7e-5,0.4891,0.4902,0.49075,0.4912,0.4922,0.008954,0.00108,7.6e-5,0.0071,0.0082,0.0089,0.0095,0.0115,0.007419,0.00085,6.0e-5,0.0059,0.0069,0.0074,0.0079,0.0092,0.002095,0.00038,2.7e-5,0.0014,0.0018,0.0021,0.0023,0.0029,0.001878,0.0004,2.9e-5,0.0011,0.0016,0.0019,0.0022,0.0026,0.016374,0.00148,0.000105,0.0136,0.0154,0.01625,0.01722,0.0192,0.020346,0.00144,0.000102,0.0179,0.0194,0.0202,0.0213,0.0231
1.5,0.487426,0.00127,9.0e-5,0.4847,0.4866,0.4876,0.4883,0.4895,0.489677,0.00093,6.5e-5,0.4878,0.4891,0.4897,0.49022,0.4916,0.009894,0.00123,8.7e-5,0.0078,0.0091,0.0098,0.01052,0.0126,0.007967,0.00091,6.4e-5,0.0062,0.0073,0.008,0.00853,0.01,0.00268,0.00043,3.0e-5,0.0019,0.0024,0.0027,0.003,0.0035,0.002357,0.00045,3.2e-5,0.0015,0.002,0.0023,0.0027,0.0032,0.01786,0.00169,0.000119,0.0149,0.01658,0.01775,0.01883,0.02111,0.022897,0.00177,0.000125,0.02,0.0216,0.0228,0.0239,0.0263
1.75,0.485737,0.00153,0.000108,0.4821,0.4849,0.4859,0.48682,0.4883,0.488603,0.00111,7.8e-5,0.4865,0.48788,0.4886,0.4894,0.49081,0.010924,0.00143,0.000101,0.0087,0.0098,0.0107,0.0118,0.01411,0.008516,0.00106,7.5e-5,0.0063,0.0078,0.00845,0.00922,0.0105,0.003339,0.00049,3.5e-5,0.0024,0.003,0.0033,0.0037,0.0042,0.002881,0.00048,3.4e-5,0.0019,0.0025,0.0029,0.0032,0.0038,0.019441,0.002,0.000141,0.0158,0.018,0.0193,0.0208,0.02351,0.025661,0.00215,0.000152,0.0222,0.02418,0.0255,0.02692,0.0305
2.0,0.483885,0.0018,0.000128,0.4799,0.4828,0.48415,0.48512,0.487,0.487398,0.0013,9.2e-5,0.4846,0.4865,0.4874,0.4883,0.4897,0.012048,0.00166,0.000117,0.0091,0.0109,0.0118,0.01302,0.0157,0.00918,0.00122,8.6e-5,0.0069,0.0083,0.0091,0.0101,0.0117,0.004067,0.00058,4.1e-5,0.0031,0.0036,0.004,0.0045,0.0052,0.003422,0.00052,3.7e-5,0.0024,0.0031,0.0034,0.00372,0.0045,0.021228,0.00234,0.000166,0.0169,0.0195,0.02115,0.0228,0.02592,0.028718,0.00258,0.000183,0.02419,0.0268,0.0286,0.0303,0.03391
2.25,0.481954,0.00202,0.000143,0.47749,0.4808,0.4823,0.4833,0.4855,0.486066,0.00148,0.000105,0.4832,0.48507,0.4862,0.487,0.4888,0.013202,0.00182,0.000129,0.01,0.01198,0.013,0.01422,0.01701,0.009892,0.00137,9.7e-5,0.00729,0.009,0.00975,0.01082,0.0127,0.004844,0.00065,4.6e-5,0.0039,0.0043,0.0048,0.0053,0.006,0.004042,0.00061,4.3e-5,0.0029,0.0037,0.004,0.0044,0.0053,0.023094,0.00263,0.000186,0.018,0.02128,0.0229,0.0248,0.02823,0.031979,0.00296,0.000209,0.0262,0.03,0.03185,0.0339,0.0384
2.5,0.479867,0.00229,0.000162,0.47517,0.4785,0.4802,0.48132,0.48351,0.484642,0.00161,0.000114,0.4814,0.4835,0.4849,0.4858,0.4876,0.01445,0.00201,0.000142,0.011,0.01318,0.0142,0.0156,0.01891,0.010649,0.00143,0.000101,0.0081,0.00977,0.01045,0.0118,0.0134,0.005683,0.00074,5.2e-5,0.0044,0.0051,0.0057,0.0062,0.0073,0.004709,0.00063,4.4e-5,0.0035,0.0043,0.0047,0.0051,0.006,0.025099,0.00289,0.000204,0.01999,0.0232,0.0248,0.0267,0.03191,0.035492,0.00335,0.000237,0.02929,0.03328,0.0353,0.0375,0.04282
2.75,0.477558,0.00261,0.000185,0.47129,0.47598,0.47795,0.4792,0.4819,0.483121,0.00179,0.000126,0.4796,0.482,0.4832,0.48422,0.4864,0.015816,0.00227,0.00016,0.01189,0.01438,0.01555,0.0171,0.021,0.01146,0.00154,0.000109,0.0088,0.01048,0.01135,0.01253,0.0146,0.006625,0.00082,5.8e-5,0.0052,0.006,0.00665,0.0072,0.0083,0.005419,0.00069,4.9e-5,0.004,0.005,0.0055,0.0059,0.0068,0.027277,0.00325,0.00023,0.02119,0.0251,0.02705,0.0289,0.0353,0.03932,0.00382,0.00027,0.03239,0.0367,0.03895,0.04132,0.0482
3.0,0.475072,0.00291,0.000206,0.4684,0.47318,0.4754,0.4771,0.48021,0.481537,0.00196,0.000138,0.4778,0.4804,0.4817,0.4828,0.485,0.017278,0.00243,0.000172,0.01278,0.0156,0.0171,0.0188,0.0231,0.012301,0.00161,0.000114,0.0095,0.0112,0.0121,0.0135,0.0155,0.00765,0.00093,6.6e-5,0.006,0.00698,0.00755,0.0083,0.0097,0.006162,0.00078,5.5e-5,0.0046,0.0056,0.00615,0.0067,0.0076,0.029579,0.00353,0.00025,0.0226,0.02728,0.02955,0.0317,0.0381,0.043391,0.0043,0.000304,0.0351,0.0406,0.0433,0.0458,0.0535
3.25,0.472405,0.00325,0.00023,0.46519,0.47038,0.47265,0.4745,0.47811,0.479779,0.00224,0.000158,0.4752,0.4784,0.4799,0.48112,0.484,0.018863,0.00267,0.000189,0.01388,0.017,0.0189,0.02022,0.0252,0.013242,0.00184,0.00013,0.0098,0.012,0.0131,0.01453,0.0167,0.008732,0.00104,7.3e-5,0.0071,0.00798,0.0086,0.0094,0.0111,0.00698,0.00083,5.9e-5,0.0053,0.0064,0.0069,0.0076,0.0086,0.032104,0.004,0.000283,0.02479,0.02978,0.0321,0.0343,0.04122,0.047816,0.0049,0.000347,0.03869,0.04498,0.0477,0.05062,0.0594
3.5,0.469587,0.00363,0.000257,0.46128,0.4673,0.4697,0.4721,0.4765,0.477912,0.00251,0.000177,0.4725,0.4763,0.47795,0.4796,0.48261,0.020433,0.00292,0.000207,0.0146,0.0186,0.0205,0.02203,0.02742,0.014215,0.00205,0.000145,0.0104,0.0127,0.01405,0.0157,0.0183,0.00998,0.00116,8.2e-5,0.008,0.0092,0.0098,0.0108,0.0125,0.007872,0.00094,6.6e-5,0.0062,0.0072,0.0078,0.0085,0.0097,0.034648,0.00443,0.000313,0.0262,0.03188,0.0346,0.037,0.04511,0.0525,0.00551,0.000389,0.04258,0.0489,0.05205,0.0555,0.0652
3.75,0.46652,0.00409,0.000289,0.45658,0.46418,0.4668,0.4691,0.4745,0.475913,0.00282,0.000199,0.4699,0.47418,0.4761,0.4779,0.4813,0.022189,0.0032,0.000226,0.01619,0.0201,0.0221,0.02372,0.0306,0.015265,0.00225,0.000159,0.0114,0.0136,0.0151,0.01662,0.01981,0.01129,0.00129,9.1e-5,0.0092,0.0104,0.01105,0.01202,0.0141,0.008822,0.00105,7.5e-5,0.007,0.0081,0.0087,0.00943,0.011,0.037455,0.00487,0.000344,0.02887,0.03458,0.03735,0.04002,0.04881,0.057567,0.00623,0.000441,0.0462,0.05372,0.0573,0.0613,0.0722
4.0,0.463232,0.00456,0.000322,0.45119,0.46087,0.46335,0.46628,0.47152,0.473784,0.00308,0.000218,0.46719,0.47188,0.4738,0.4758,0.4799,0.024057,0.00352,0.000249,0.01758,0.0218,0.02405,0.02592,0.03301,0.016411,0.00241,0.000171,0.012,0.01478,0.01645,0.0179,0.0211,0.012712,0.00142,0.0001,0.0103,0.0117,0.0125,0.0136,0.0159,0.009804,0.00113,8.0e-5,0.0077,0.0091,0.0097,0.0105,0.0121,0.040468,0.0054,0.000382,0.03069,0.03718,0.0404,0.0432,0.05271,0.062984,0.00701,0.000496,0.05038,0.05858,0.0627,0.06712,0.07911
4.25,0.459732,0.00508,0.000359,0.44686,0.4568,0.4599,0.4632,0.469,0.471472,0.00341,0.000241,0.46468,0.4694,0.4717,0.47372,0.47811,0.026039,0.00387,0.000274,0.01919,0.02365,0.02605,0.028,0.03562,0.017673,0.00259,0.000183,0.01269,0.01598,0.0176,0.01933,0.0226,0.014229,0.00163,0.000115,0.0115,0.013,0.0142,0.0153,0.01781,0.010855,0.00126,8.9e-5,0.0086,0.01,0.01075,0.0116,0.0136,0.043712,0.00592,0.000419,0.03297,0.03997,0.0435,0.0468,0.0578,0.068796,0.00782,0.000553,0.05389,0.06348,0.06855,0.07323,0.08721
4.5,0.455982,0.00564,0.000399,0.44226,0.4529,0.4562,0.45985,0.4663,0.469026,0.00377,0.000266,0.46098,0.46688,0.4692,0.4714,0.4761,0.028088,0.00417,0.000295,0.02089,0.02547,0.0277,0.0304,0.03831,0.018972,0.00279,0.000198,0.0139,0.0171,0.0189,0.02072,0.02481,0.01593,0.00187,0.000132,0.0128,0.0146,0.01575,0.01713,0.02021,0.012003,0.00137,9.7e-5,0.0095,0.0111,0.01185,0.0129,0.0148,0.047059,0.00643,0.000455,0.035,0.04315,0.04675,0.0504,0.06162,0.074992,0.00871,0.000616,0.05888,0.0692,0.07455,0.07983,0.0949
4.75,0.452004,0.00608,0.00043,0.43619,0.44867,0.4524,0.4562,0.4635,0.466353,0.00417,0.000295,0.45719,0.464,0.4666,0.46932,0.4744,0.03026,0.00441,0.000312,0.022,0.02748,0.03035,0.03233,0.04093,0.020421,0.00309,0.000218,0.0147,0.01818,0.02,0.0224,0.0268,0.017737,0.00209,0.000148,0.01439,0.01638,0.01755,0.01892,0.02242,0.013226,0.00149,0.000105,0.0103,0.01228,0.0131,0.0142,0.0161,0.05068,0.00693,0.00049,0.03867,0.046,0.0506,0.0545,0.06621,0.081644,0.0095,0.000672,0.06377,0.07525,0.0811,0.08712,0.10323
5.0,0.447762,0.0066,0.000467,0.43048,0.4441,0.44785,0.4522,0.45961,0.463514,0.00451,0.000319,0.45399,0.4609,0.4636,0.4668,0.47162,0.032572,0.00469,0.000332,0.024,0.02968,0.03265,0.03492,0.04392,0.021922,0.00327,0.000231,0.01609,0.01965,0.02175,0.024,0.0289,0.019667,0.00233,0.000165,0.0158,0.01797,0.0195,0.0211,0.02551,0.014564,0.00163,0.000115,0.0116,0.0135,0.0145,0.0157,0.01771,0.054494,0.00735,0.00052,0.04109,0.04977,0.05435,0.05825,0.0712,0.088725,0.01034,0.000731,0.06926,0.08145,0.08825,0.0948,0.11252
5.25,0.443217,0.00725,0.000513,0.42527,0.43935,0.4433,0.44802,0.45512,0.460448,0.0049,0.000346,0.45059,0.4573,0.4606,0.4641,0.46902,0.035008,0.00507,0.000358,0.0263,0.03178,0.035,0.03772,0.04685,0.023543,0.00347,0.000245,0.0175,0.021,0.0232,0.0259,0.0308,0.021775,0.00259,0.000183,0.0174,0.0201,0.0216,0.02322,0.0281,0.016009,0.00181,0.000128,0.0126,0.0147,0.0161,0.0171,0.0198,0.058551,0.00798,0.000564,0.04478,0.05318,0.05825,0.06302,0.07694,0.096335,0.01141,0.000807,0.07607,0.0885,0.09615,0.10295,0.12251
5.5,0.438406,0.00778,0.00055,0.41955,0.43457,0.43865,0.4434,0.45155,0.457176,0.00535,0.000379,0.44569,0.45378,0.45705,0.4612,0.4668,0.03756,0.00534,0.000377,0.02809,0.03405,0.0377,0.0403,0.05073,0.025338,0.00375,0.000265,0.01909,0.02272,0.0251,0.0276,0.0334,0.024034,0.0029,0.000205,0.0188,0.022,0.0238,0.02582,0.03082,0.017486,0.002,0.000141,0.0141,0.0158,0.0175,0.0185,0.0214,0.062899,0.00854,0.000604,0.04809,0.057,0.0629,0.0677,0.08401,0.104419,0.01241,0.000878,0.08267,0.09585,0.10415,0.1108,0.13432
5.75,0.433323,0.00837,0.000592,0.41267,0.42935,0.4335,0.4385,0.44804,0.45382,0.00583,0.000412,0.44208,0.45045,0.45415,0.45792,0.4639,0.040227,0.00562,0.000397,0.03038,0.03668,0.04025,0.04312,0.05451,0.027049,0.00407,0.000288,0.0202,0.02418,0.0266,0.02942,0.036,0.02645,0.00317,0.000224,0.0202,0.02448,0.02625,0.0282,0.03303,0.01913,0.0022,0.000156,0.0153,0.01737,0.0192,0.0203,0.0236,0.067276,0.00912,0.000645,0.0511,0.06098,0.06685,0.0725,0.08855,0.112856,0.01347,0.000952,0.09015,0.10325,0.11245,0.1201,0.14502
6.0,0.427923,0.00897,0.000634,0.40693,0.42355,0.4283,0.43375,0.44405,0.450304,0.00628,0.000444,0.43698,0.44668,0.4507,0.45502,0.461,0.043019,0.0059,0.000417,0.0323,0.03918,0.0429,0.04635,0.0575,0.028775,0.00426,0.000302,0.0215,0.0258,0.02835,0.03122,0.03821,0.029058,0.0035,0.000247,0.02258,0.02658,0.0288,0.0312,0.03702,0.020921,0.00246,0.000174,0.0167,0.01907,0.0209,0.0225,0.02561,0.071794,0.0096,0.000679,0.0542,0.06508,0.0714,0.0769,0.09463,0.121773,0.0145,0.001026,0.09617,0.11098,0.12175,0.12915,0.15621
6.25,0.422194,0.00958,0.000678,0.39979,0.4178,0.4225,0.42843,0.43992,0.446428,0.0067,0.000473,0.43228,0.4428,0.44705,0.4515,0.4576,0.04596,0.00621,0.000439,0.03528,0.0419,0.0457,0.0489,0.0608,0.030809,0.00445,0.000314,0.0228,0.0277,0.03055,0.03342,0.04081,0.031846,0.00384,0.000271,0.025,0.0291,0.0317,0.034,0.04083,0.022763,0.00272,0.000192,0.01829,0.0207,0.02265,0.02455,0.02821,0.076769,0.01004,0.00071,0.0594,0.07008,0.07635,0.08202,0.1,0.131378,0.0155,0.001096,0.10495,0.1199,0.13165,0.13835,0.16872
6.5,0.416327,0.01028,0.000727,0.3933,0.41122,0.4165,0.4232,0.43541,0.442573,0.00711,0.000502,0.4268,0.43857,0.443,0.44795,0.4543,0.048866,0.00659,0.000466,0.03727,0.0448,0.0487,0.05232,0.06411,0.032656,0.00466,0.00033,0.02449,0.02948,0.0325,0.03542,0.04252,0.034807,0.00418,0.000296,0.0277,0.032,0.0346,0.03713,0.04424,0.024771,0.00293,0.000207,0.0199,0.02248,0.02455,0.02662,0.0308,0.081522,0.01068,0.000755,0.0629,0.07458,0.0812,0.08783,0.10592,0.1411,0.01665,0.001177,0.11305,0.12867,0.14105,0.14885,0.18043
6.75,0.410068,0.01096,0.000775,0.38375,0.40465,0.4103,0.41722,0.43033,0.438329,0.00755,0.000534,0.4212,0.4342,0.43865,0.44385,0.4508,0.05196,0.0069,0.000488,0.03928,0.0476,0.0517,0.0558,0.06795,0.034783,0.00491,0.000347,0.0262,0.0311,0.03445,0.03752,0.0452,0.037973,0.00454,0.000321,0.03027,0.0351,0.03765,0.0404,0.0495,0.026888,0.00315,0.000223,0.0215,0.02458,0.02655,0.02882,0.03302,0.086743,0.01128,0.000798,0.06699,0.07905,0.0865,0.0931,0.1131,0.151604,0.01782,0.00126,0.12008,0.1382,0.15175,0.16012,0.19481
7.0,0.403623,0.0117,0.000827,0.37496,0.39758,0.40365,0.41215,0.42535,0.433951,0.00804,0.000568,0.41649,0.4293,0.4346,0.44002,0.4473,0.055086,0.00731,0.000517,0.04089,0.05038,0.05525,0.05922,0.07291,0.036946,0.00508,0.000359,0.028,0.0331,0.03675,0.0399,0.0475,0.041291,0.00487,0.000344,0.03299,0.03828,0.0411,0.04402,0.05301,0.029103,0.00342,0.000242,0.02339,0.02668,0.02875,0.0311,0.036,0.092032,0.0119,0.000842,0.0704,0.08388,0.09185,0.09887,0.1207,0.162426,0.01905,0.001347,0.12739,0.14798,0.16235,0.1725,0.20852
7.25,0.396852,0.01232,0.000871,0.36648,0.3902,0.39655,0.4056,0.42023,0.429427,0.00854,0.000604,0.41079,0.4243,0.4295,0.4357,0.44361,0.058281,0.00746,0.000528,0.0437,0.0533,0.0587,0.06272,0.07475,0.039128,0.00527,0.000373,0.0297,0.036,0.0389,0.04192,0.0497,0.044867,0.00534,0.000378,0.03579,0.0415,0.0445,0.0477,0.05762,0.031444,0.00372,0.000263,0.0251,0.02888,0.0312,0.0336,0.0388,0.09741,0.01225,0.000867,0.07529,0.08913,0.0975,0.10455,0.12533,0.173721,0.02018,0.001427,0.1364,0.15897,0.17425,0.1844,0.22073
7.5,0.389885,0.01307,0.000924,0.35829,0.38235,0.38935,0.39942,0.41492,0.424598,0.00906,0.000641,0.40409,0.41942,0.42475,0.43122,0.43932,0.061424,0.00784,0.000554,0.046,0.05585,0.06185,0.06615,0.07835,0.041398,0.00547,0.000387,0.03216,0.0378,0.0414,0.0446,0.05191,0.04869,0.00571,0.000404,0.03858,0.04477,0.04855,0.0517,0.0623,0.034004,0.00407,0.000288,0.02749,0.0309,0.0336,0.0364,0.04231,0.102822,0.01281,0.000906,0.0788,0.0942,0.10315,0.11042,0.13042,0.185517,0.02143,0.001515,0.14669,0.1702,0.1852,0.19748,0.23426
7.75,0.382616,0.01374,0.000972,0.34878,0.37478,0.3824,0.3925,0.40892,0.419522,0.00953,0.000674,0.39935,0.41398,0.4196,0.42633,0.43631,0.064709,0.00809,0.000572,0.04918,0.05918,0.0646,0.06945,0.08321,0.043862,0.00565,0.000399,0.0331,0.04018,0.0438,0.04722,0.05422,0.052675,0.00617,0.000436,0.04187,0.04828,0.0529,0.05592,0.06732,0.036616,0.00434,0.000307,0.02959,0.03348,0.0363,0.03913,0.0451,0.108571,0.01324,0.000936,0.08379,0.0999,0.1092,0.11605,0.13683,0.197862,0.02257,0.001596,0.1573,0.18188,0.19845,0.21082,0.24943
8.0,0.375369,0.01431,0.001012,0.33968,0.36765,0.3747,0.3855,0.40411,0.414296,0.01,0.000707,0.39354,0.40838,0.41435,0.42145,0.432,0.067844,0.0082,0.00058,0.05129,0.06228,0.0679,0.07215,0.0864,0.046206,0.00576,0.000408,0.0352,0.0425,0.04645,0.0498,0.05702,0.056787,0.00666,0.000471,0.0448,0.05248,0.05695,0.06035,0.07241,0.039497,0.00472,0.000334,0.03199,0.036,0.0393,0.0423,0.04922,0.11405,0.01347,0.000953,0.08918,0.1053,0.11465,0.12213,0.14212,0.210334,0.02362,0.00167,0.167,0.19335,0.21185,0.22368,0.26452
8.25,0.367802,0.01488,0.001052,0.3302,0.3596,0.36745,0.37813,0.3978,0.408894,0.01048,0.000741,0.3862,0.40328,0.4086,0.41635,0.42744,0.071118,0.0083,0.000587,0.05498,0.06592,0.0712,0.07555,0.08951,0.0487,0.00596,0.000421,0.03738,0.0449,0.04905,0.0525,0.05975,0.06108,0.00714,0.000505,0.0479,0.05615,0.0615,0.0649,0.07781,0.042406,0.00502,0.000355,0.0343,0.03888,0.04205,0.04538,0.05292,0.119818,0.01372,0.00097,0.09408,0.11122,0.121,0.12767,0.14797,0.223304,0.02465,0.001743,0.17746,0.2059,0.2247,0.237,0.27916
8.5,0.360038,0.01538,0.001087,0.32298,0.35108,0.35935,0.37062,0.38924,0.403312,0.01103,0.00078,0.38097,0.39723,0.40285,0.41158,0.42226,0.07441,0.00836,0.000591,0.05869,0.06848,0.07415,0.0797,0.09301,0.051066,0.0062,0.000438,0.03969,0.04695,0.0515,0.05505,0.06262,0.065552,0.0076,0.000538,0.05179,0.06048,0.06585,0.0697,0.08383,0.045622,0.00534,0.000378,0.0368,0.04148,0.04505,0.04882,0.05671,0.125476,0.014,0.00099,0.09925,0.11675,0.1261,0.13343,0.15457,0.23665,0.02571,0.001818,0.18942,0.21875,0.23775,0.25112,0.29416
8.75,0.35196,0.01583,0.001119,0.31486,0.34238,0.3514,0.36285,0.38187,0.397652,0.01145,0.00081,0.37508,0.39135,0.39675,0.40662,0.41765,0.077648,0.00842,0.000596,0.06169,0.07185,0.0776,0.08338,0.09591,0.053404,0.00625,0.000442,0.04228,0.04898,0.05355,0.0575,0.06501,0.070392,0.00807,0.000571,0.0558,0.06518,0.07075,0.07458,0.08991,0.048944,0.00577,0.000408,0.0391,0.04475,0.0482,0.05238,0.06102,0.131052,0.01409,0.000997,0.10532,0.12202,0.13215,0.13985,0.1605,0.250388,0.02658,0.00188,0.20054,0.23235,0.2517,0.26605,0.3082
9.0,0.343794,0.01617,0.001144,0.30636,0.33455,0.34315,0.35422,0.37514,0.39179,0.01191,0.000842,0.36829,0.38488,0.39115,0.4004,0.41311,0.080876,0.00832,0.000588,0.06508,0.07568,0.08075,0.0866,0.09811,0.055827,0.00642,0.000454,0.044,0.0513,0.0559,0.06022,0.06752,0.075331,0.00858,0.000607,0.059,0.06963,0.0756,0.0802,0.09565,0.052383,0.00611,0.000432,0.04219,0.0482,0.052,0.05582,0.0657,0.136702,0.01412,0.000998,0.11134,0.12812,0.1378,0.14553,0.1658,0.264416,0.02735,0.001934,0.21422,0.24612,0.2659,0.2805,0.32291
9.25,0.33569,0.01653,0.001169,0.29837,0.32608,0.33565,0.34573,0.36783,0.385808,0.01231,0.000871,0.36208,0.3778,0.38525,0.39465,0.4087,0.083764,0.00827,0.000585,0.06808,0.07858,0.0834,0.08932,0.1016,0.058205,0.00648,0.000459,0.04599,0.05368,0.0588,0.06233,0.06982,0.080546,0.00899,0.000636,0.06358,0.07475,0.081,0.0859,0.10138,0.055986,0.00645,0.000456,0.0451,0.05118,0.05575,0.05955,0.06973,0.141969,0.01409,0.000996,0.11604,0.13328,0.14285,0.15153,0.1704,0.278502,0.02809,0.001986,0.22832,0.25995,0.28015,0.29515,0.33916
9.5,0.327542,0.01694,0.001198,0.2897,0.31773,0.3278,0.33798,0.36091,0.37961,0.01269,0.000897,0.35479,0.37162,0.37895,0.38868,0.4042,0.086545,0.00821,0.000581,0.07098,0.0813,0.08655,0.09178,0.10323,0.06064,0.00657,0.000465,0.04819,0.056,0.0609,0.0652,0.07312,0.085913,0.00953,0.000674,0.06797,0.0796,0.08585,0.0916,0.1068,0.059751,0.00673,0.000476,0.0479,0.05485,0.0597,0.06365,0.07383,0.147184,0.01413,0.000999,0.11949,0.13868,0.14775,0.15685,0.17525,0.292848,0.02889,0.002043,0.24018,0.2737,0.29415,0.31008,0.35541
9.75,0.319324,0.01718,0.001215,0.28098,0.30862,0.31955,0.33012,0.35351,0.373383,0.01312,0.000928,0.34798,0.36538,0.37225,0.383,0.3989,0.089216,0.00814,0.000576,0.07399,0.0839,0.089,0.09452,0.105,0.063004,0.00666,0.000471,0.04999,0.05878,0.06365,0.0677,0.07521,0.09146,0.00991,0.000701,0.07316,0.08472,0.09165,0.09722,0.11339,0.063613,0.00708,0.0005,0.0512,0.05808,0.0634,0.06762,0.07825,0.152219,0.01409,0.000997,0.12439,0.14277,0.1523,0.1612,0.17981,0.307293,0.02954,0.002089,0.25219,0.28758,0.30865,0.325,0.36948
10.0,0.311085,0.01743,0.001232,0.27278,0.30068,0.31075,0.32215,0.3459,0.366972,0.01341,0.000948,0.34126,0.3588,0.3658,0.3772,0.39203,0.091767,0.00789,0.000558,0.07618,0.08748,0.09165,0.097,0.10711,0.065432,0.00669,0.000473,0.0527,0.06117,0.06565,0.0703,0.07711,0.097148,0.01039,0.000735,0.07848,0.0896,0.09695,0.10325,0.11959,0.067597,0.0074,0.000523,0.0542,0.06208,0.06755,0.072,0.08222,0.157198,0.0138,0.000976,0.12995,0.1494,0.15745,0.1663,0.18383,0.321944,0.03005,0.002125,0.26599,0.30348,0.323,0.33988,0.38529
10.25,0.302763,0.01754,0.001241,0.26448,0.29145,0.302,0.31405,0.33802,0.36053,0.01373,0.000971,0.33359,0.35187,0.3595,0.3712,0.38625,0.094362,0.00766,0.000542,0.07935,0.08978,0.0943,0.09925,0.1097,0.067729,0.00672,0.000475,0.05489,0.0637,0.0677,0.07262,0.07982,0.102875,0.01077,0.000761,0.08288,0.09518,0.10275,0.1094,0.126,0.071741,0.00779,0.000551,0.0579,0.06608,0.0718,0.07585,0.08662,0.162091,0.01364,0.000965,0.13523,0.1541,0.1623,0.17072,0.1891,0.336707,0.03048,0.002156,0.27964,0.3183,0.33825,0.35552,0.40048
10.5,0.294619,0.0176,0.001245,0.25686,0.2834,0.29435,0.3058,0.32942,0.35396,0.01404,0.000993,0.32668,0.34565,0.3528,0.36422,0.37906,0.096571,0.00747,0.000528,0.08164,0.09198,0.0967,0.1012,0.11161,0.069962,0.00679,0.00048,0.05679,0.066,0.06975,0.0749,0.0819,0.10881,0.01116,0.000789,0.08789,0.1011,0.10875,0.11572,0.13372,0.076078,0.00817,0.000578,0.06158,0.07018,0.07595,0.0809,0.09161,0.166533,0.0135,0.000954,0.14083,0.15748,0.16635,0.17545,0.19212,0.351421,0.03085,0.002182,0.29417,0.33302,0.35305,0.36995,0.41558
10.75,0.286558,0.01771,0.001252,0.24836,0.27505,0.28585,0.2978,0.32262,0.347314,0.01427,0.001009,0.32049,0.33855,0.34605,0.35732,0.37424,0.098516,0.00726,0.000513,0.08299,0.09392,0.0989,0.10322,0.11281,0.072106,0.00672,0.000475,0.05858,0.06775,0.0724,0.07682,0.08411,0.114927,0.01152,0.000815,0.0935,0.107,0.11495,0.12182,0.14071,0.080579,0.00849,0.000601,0.0649,0.0746,0.08045,0.0855,0.097,0.170622,0.01316,0.000931,0.14572,0.16238,0.17075,0.17982,0.19382,0.366128,0.03115,0.002203,0.30737,0.34665,0.36845,0.38492,0.43154
11.0,0.278599,0.01777,0.001257,0.24049,0.2671,0.27785,0.28965,0.31502,0.340794,0.01448,0.001024,0.31318,0.3316,0.339,0.35118,0.36842,0.100211,0.00716,0.000506,0.08438,0.09565,0.10045,0.1051,0.11401,0.074133,0.00667,0.000472,0.0608,0.06998,0.0741,0.07862,0.08553,0.12119,0.01181,0.000835,0.09918,0.11342,0.12125,0.12802,0.14728,0.085072,0.00883,0.000625,0.06898,0.0785,0.0849,0.09075,0.10151,0.174344,0.01293,0.000914,0.15055,0.16552,0.17445,0.18342,0.19841,0.380607,0.03143,0.002223,0.32155,0.36035,0.38335,0.39952,0.44528
11.25,0.270624,0.01782,0.00126,0.23269,0.25948,0.2699,0.28202,0.30712,0.334192,0.01457,0.001031,0.3066,0.32495,0.33305,0.34458,0.3625,0.101826,0.00701,0.000496,0.08746,0.09728,0.1022,0.10662,0.11541,0.07605,0.0065,0.00046,0.06358,0.07168,0.07645,0.08072,0.0875,0.12755,0.01214,0.000859,0.10457,0.11975,0.1279,0.13448,0.15399,0.089758,0.00915,0.000647,0.07297,0.08288,0.0897,0.09582,0.10731,0.177877,0.01254,0.000887,0.15515,0.17,0.17835,0.1861,0.20201,0.395184,0.03153,0.002229,0.33519,0.37487,0.39775,0.41478,0.4587
11.5,0.262752,0.01766,0.001248,0.22579,0.251,0.262,0.27387,0.29851,0.327682,0.01465,0.001036,0.30039,0.31855,0.326,0.3377,0.35494,0.103203,0.00666,0.000471,0.08965,0.09935,0.1033,0.10762,0.11673,0.077791,0.0063,0.000445,0.06558,0.07365,0.07815,0.08222,0.0891,0.134045,0.01243,0.000879,0.11049,0.12572,0.1347,0.14062,0.16147,0.094528,0.00949,0.000671,0.07776,0.08745,0.09455,0.10085,0.11261,0.180994,0.01196,0.000846,0.15726,0.17332,0.18135,0.18858,0.20363,0.409567,0.03143,0.002223,0.35084,0.38985,0.41245,0.42878,0.47316
11.75,0.255061,0.01754,0.00124,0.2185,0.24382,0.25445,0.2664,0.29092,0.321204,0.01468,0.001038,0.29447,0.31195,0.31965,0.3313,0.34836,0.104346,0.0063,0.000446,0.09159,0.1009,0.1048,0.10842,0.11625,0.079309,0.00602,0.000425,0.06689,0.07558,0.0799,0.0838,0.0894,0.140593,0.01286,0.00091,0.11649,0.13205,0.1411,0.1475,0.16847,0.099488,0.00981,0.000693,0.08225,0.0921,0.09945,0.10615,0.11822,0.183655,0.01123,0.000794,0.15948,0.17645,0.1842,0.19025,0.2055,0.423736,0.03135,0.002217,0.36745,0.40418,0.4268,0.44263,0.48698
12.0,0.247534,0.01733,0.001225,0.21246,0.23598,0.24685,0.2586,0.28203,0.314736,0.01478,0.001045,0.28779,0.30515,0.3128,0.32508,0.34356,0.105325,0.00593,0.000419,0.0931,0.1019,0.10535,0.1093,0.11661,0.08075,0.00593,0.000419,0.0681,0.0771,0.0812,0.08528,0.09101,0.147142,0.01312,0.000928,0.12249,0.13838,0.14785,0.15455,0.17525,0.104513,0.01014,0.000717,0.08674,0.09742,0.105,0.11108,0.12383,0.186076,0.01072,0.000758,0.16314,0.18008,0.1864,0.1932,0.20583,0.43773,0.03127,0.002211,0.38147,0.4178,0.4401,0.4575,0.50014
12.25,0.240275,0.01708,0.001208,0.20565,0.22945,0.2395,0.25095,0.27403,0.30848,0.01481,0.001047,0.28256,0.29898,0.30675,0.3183,0.33686,0.105996,0.00568,0.000401,0.09418,0.1024,0.10645,0.10982,0.1163,0.081932,0.00576,0.000408,0.06929,0.0782,0.0822,0.08612,0.0916,0.153729,0.01336,0.000945,0.12779,0.14495,0.1545,0.16135,0.1824,0.109588,0.01042,0.000737,0.09094,0.1022,0.10995,0.1162,0.13031,0.187927,0.01023,0.000723,0.16677,0.18168,0.1886,0.19502,0.2078,0.451245,0.03107,0.002197,0.39399,0.43185,0.45355,0.47135,0.51352
12.5,0.23324,0.01691,0.001196,0.1985,0.22228,0.23225,0.24365,0.26741,0.302251,0.01479,0.001046,0.27618,0.29258,0.301,0.31195,0.33067,0.10641,0.0054,0.000382,0.09489,0.10298,0.1067,0.10972,0.1169,0.08298,0.00558,0.000395,0.07089,0.07918,0.0833,0.08672,0.09301,0.16035,0.01364,0.000964,0.13389,0.15098,0.16135,0.1679,0.18972,0.114769,0.01065,0.000753,0.09541,0.1069,0.11505,0.12178,0.13501,0.18939,0.00966,0.000683,0.1681,0.18315,0.1904,0.19568,0.20711,0.464508,0.03089,0.002185,0.40765,0.44502,0.4664,0.48468,0.52611
12.75,0.226343,0.01666,0.001178,0.192,0.21482,0.2254,0.23682,0.2607,0.29609,0.01471,0.00104,0.27066,0.28658,0.29465,0.30605,0.3241,0.10668,0.00532,0.000376,0.0949,0.10345,0.1069,0.1104,0.1171,0.08401,0.00541,0.000382,0.07299,0.08047,0.08485,0.08783,0.09343,0.166976,0.01367,0.000967,0.14078,0.15838,0.16795,0.17478,0.19672,0.119901,0.01082,0.000765,0.10053,0.1124,0.1208,0.12685,0.14031,0.19069,0.00939,0.000664,0.17129,0.18462,0.1915,0.1975,0.20761,0.477567,0.03055,0.00216,0.42192,0.45857,0.4794,0.49735,0.53622
13.0,0.219697,0.01632,0.001154,0.18589,0.20848,0.2185,0.2298,0.25251,0.29008,0.0146,0.001032,0.26558,0.28065,0.28875,0.30042,0.31889,0.106675,0.00512,0.000362,0.096,0.1036,0.1068,0.11003,0.11621,0.084787,0.00514,0.000363,0.07459,0.08168,0.08505,0.08833,0.09373,0.173628,0.01372,0.00097,0.14725,0.16518,0.1745,0.1815,0.2032,0.125133,0.01112,0.000786,0.10551,0.1173,0.1261,0.13212,0.1467,0.191463,0.0089,0.000629,0.17218,0.18522,0.192,0.19822,0.20671,0.490224,0.03014,0.002131,0.43582,0.47158,0.49225,0.51038,0.54832
13.25,0.213244,0.0159,0.001124,0.18128,0.20278,0.21195,0.223,0.24426,0.284163,0.01451,0.001026,0.25999,0.2747,0.2826,0.29417,0.31446,0.106395,0.00484,0.000342,0.09629,0.1034,0.10655,0.10965,0.11534,0.085359,0.00498,0.000352,0.07509,0.08258,0.08565,0.08902,0.094,0.180361,0.01385,0.000979,0.15369,0.17182,0.1812,0.18792,0.20962,0.130477,0.0113,0.000799,0.1104,0.12248,0.13175,0.1372,0.1519,0.191754,0.00847,0.000599,0.17368,0.18575,0.19225,0.19775,0.2073,0.502593,0.02965,0.002096,0.44936,0.4843,0.5049,0.52213,0.55873
13.5,0.207021,0.01559,0.001102,0.17599,0.19648,0.2057,0.21625,0.23762,0.278412,0.01446,0.001023,0.2539,0.269,0.27655,0.2889,0.30921,0.105803,0.00481,0.00034,0.096,0.1028,0.10615,0.1095,0.1144,0.085754,0.00487,0.000345,0.07588,0.0828,0.08595,0.0894,0.09402,0.187177,0.01386,0.00098,0.15969,0.17935,0.18785,0.19422,0.2174,0.135834,0.01156,0.000817,0.11501,0.1273,0.13695,0.14265,0.15791,0.191556,0.00828,0.000585,0.1737,0.1857,0.1923,0.19732,0.2057,0.514566,0.02927,0.00207,0.46288,0.4961,0.51795,0.5339,0.56845
13.75,0.200992,0.01522,0.001076,0.17094,0.191,0.19955,0.2098,0.23062,0.272796,0.01429,0.00101,0.24919,0.26348,0.27125,0.28288,0.30362,0.10514,0.00467,0.00033,0.09598,0.10208,0.1053,0.1087,0.11283,0.085979,0.00463,0.000327,0.0768,0.08288,0.08625,0.08932,0.09403,0.193868,0.01391,0.000983,0.16638,0.18572,0.19455,0.20148,0.22282,0.141224,0.0118,0.000834,0.11923,0.13282,0.1422,0.1484,0.1642,0.191118,0.00791,0.000559,0.17588,0.18585,0.19195,0.197,0.20411,0.526211,0.0287,0.002029,0.47482,0.50853,0.52875,0.54515,0.57946
14.0,0.195208,0.01484,0.001049,0.16509,0.18468,0.19355,0.20392,0.2245,0.267307,0.01412,0.000999,0.24398,0.25833,0.26545,0.27718,0.29773,0.104319,0.00465,0.000329,0.09519,0.10167,0.1044,0.1075,0.1123,0.086074,0.00464,0.000328,0.07708,0.08308,0.08625,0.08962,0.09372,0.200473,0.01392,0.000985,0.17307,0.19262,0.2013,0.20835,0.2303,0.14662,0.01194,0.000844,0.12375,0.13848,0.14775,0.15412,0.16982,0.190392,0.0078,0.000551,0.1754,0.18508,0.1911,0.19622,0.20322,0.537485,0.02814,0.00199,0.48718,0.5202,0.5401,0.55662,0.59041
14.25,0.189682,0.01441,0.001019,0.1597,0.17918,0.18865,0.19848,0.2166,0.262015,0.01388,0.000982,0.2387,0.25318,0.2605,0.27185,0.29244,0.103428,0.00457,0.000323,0.0942,0.10078,0.1034,0.10655,0.11123,0.085926,0.00458,0.000324,0.07679,0.0831,0.0861,0.0892,0.09341,0.206889,0.01399,0.000989,0.17943,0.1994,0.20785,0.21472,0.23562,0.152058,0.01196,0.000845,0.12879,0.14385,0.1531,0.15937,0.17454,0.189355,0.00756,0.000535,0.17539,0.18435,0.18965,0.19512,0.20193,0.548302,0.02746,0.001942,0.49884,0.53165,0.5504,0.56742,0.59974
14.5,0.184452,0.0141,0.000997,0.15578,0.17428,0.18345,0.1929,0.211,0.256963,0.01376,0.000973,0.23439,0.2481,0.2555,0.2666,0.28606,0.102161,0.00462,0.000327,0.09289,0.0991,0.10235,0.1052,0.11111,0.085568,0.00448,0.000317,0.0766,0.08308,0.0857,0.0887,0.0933,0.213387,0.01393,0.000985,0.18513,0.20593,0.2142,0.2214,0.2421,0.157468,0.01197,0.000846,0.13368,0.14918,0.1585,0.1656,0.18032,0.18773,0.00757,0.000535,0.1739,0.18275,0.1886,0.19285,0.20163,0.558586,0.02701,0.00191,0.50936,0.5421,0.5609,0.57735,0.60892
14.75,0.179352,0.01368,0.000967,0.15108,0.16928,0.17855,0.18785,0.20523,0.251963,0.0135,0.000954,0.2299,0.2429,0.2504,0.26105,0.28122,0.100857,0.00458,0.000324,0.0915,0.0977,0.10125,0.1036,0.1095,0.08519,0.00429,0.000304,0.077,0.08238,0.0852,0.08802,0.0929,0.21979,0.0139,0.000983,0.19144,0.21185,0.22065,0.22802,0.2477,0.162847,0.01203,0.00085,0.13955,0.1543,0.16415,0.17062,0.18533,0.186048,0.00745,0.000527,0.17239,0.1808,0.1863,0.19112,0.2007,0.568684,0.02634,0.001862,0.51947,0.55218,0.57125,0.58702,0.61706
15.0,0.174487,0.01326,0.000937,0.14727,0.16518,0.17345,0.1824,0.20053,0.247167,0.01329,0.000939,0.22558,0.23868,0.24575,0.2561,0.27543,0.099445,0.00474,0.000335,0.08988,0.09648,0.09945,0.1024,0.1086,0.084591,0.00419,0.000296,0.07629,0.08188,0.0845,0.08722,0.0922,0.226067,0.0139,0.000983,0.19774,0.218,0.22635,0.23442,0.2541,0.168241,0.01211,0.000856,0.14524,0.1599,0.16955,0.1764,0.19055,0.184037,0.00737,0.000521,0.16919,0.179,0.184,0.1892,0.19831,0.578346,0.02571,0.001818,0.53054,0.56235,0.58065,0.59705,0.62653
15.25,0.169862,0.01292,0.000913,0.1431,0.1601,0.169,0.178,0.19602,0.242492,0.013,0.000919,0.2211,0.23332,0.24125,0.25105,0.27052,0.097915,0.00477,0.000337,0.08849,0.09488,0.0982,0.1007,0.1064,0.084026,0.00421,0.000298,0.07539,0.08135,0.0839,0.08672,0.0925,0.232223,0.01384,0.000979,0.20386,0.2236,0.23255,0.24012,0.25971,0.173482,0.01212,0.000857,0.14965,0.16518,0.1747,0.18098,0.19594,0.18194,0.00751,0.000531,0.16679,0.1766,0.18195,0.18708,0.1963,0.587645,0.02509,0.001774,0.53998,0.57155,0.58965,0.6052,0.63473
15.5,0.165435,0.01251,0.000885,0.13989,0.15598,0.1652,0.17375,0.19054,0.238009,0.01272,0.000899,0.21768,0.2293,0.23695,0.24642,0.26451,0.096201,0.00483,0.000341,0.0864,0.0934,0.0962,0.0991,0.1042,0.083285,0.00418,0.000296,0.07488,0.0805,0.08305,0.0862,0.0917,0.238364,0.01372,0.00097,0.21134,0.22918,0.23905,0.24668,0.2655,0.178706,0.01213,0.000858,0.15513,0.17015,0.1802,0.18625,0.2011,0.179486,0.00757,0.000535,0.1639,0.1745,0.1799,0.18492,0.19361,0.596556,0.0244,0.001726,0.54822,0.58068,0.5982,0.6141,0.64241
15.75,0.161259,0.01209,0.000855,0.13689,0.15198,0.16145,0.1695,0.18575,0.23361,0.0125,0.000884,0.2136,0.22555,0.2325,0.24187,0.25891,0.094467,0.0048,0.00034,0.08469,0.0913,0.09455,0.09743,0.1027,0.082459,0.00424,0.000299,0.0734,0.07985,0.0823,0.08525,0.0908,0.244274,0.0136,0.000962,0.21549,0.23538,0.24495,0.25265,0.2708,0.183931,0.01219,0.000862,0.16002,0.1752,0.18505,0.19155,0.2069,0.176926,0.00767,0.000543,0.15989,0.17162,0.1771,0.1824,0.19072,0.605131,0.02376,0.00168,0.55844,0.58928,0.6061,0.62248,0.65012
16.0,0.157366,0.0117,0.000828,0.13388,0.14827,0.15735,0.16508,0.18134,0.229398,0.0123,0.00087,0.2099,0.22128,0.22875,0.23695,0.25421,0.092437,0.00487,0.000344,0.08179,0.08928,0.0925,0.09582,0.10102,0.081508,0.0042,0.000297,0.0735,0.0786,0.0814,0.08412,0.08953,0.250197,0.01357,0.00096,0.22187,0.2417,0.25085,0.2582,0.27681,0.189094,0.01224,0.000865,0.16446,0.18058,0.1901,0.19698,0.21141,0.173946,0.00775,0.000548,0.15768,0.1684,0.1738,0.17955,0.18751,0.613236,0.02318,0.001639,0.56671,0.59725,0.6146,0.62995,0.65681
16.25,0.153641,0.01134,0.000802,0.13009,0.1449,0.1541,0.1612,0.17619,0.225351,0.01202,0.00085,0.206,0.21735,0.22425,0.23275,0.24991,0.090408,0.0049,0.000346,0.08085,0.08768,0.0903,0.09372,0.09952,0.080518,0.00412,0.000292,0.07298,0.0778,0.08055,0.08312,0.08822,0.255952,0.01337,0.000945,0.22789,0.2476,0.2568,0.26415,0.2818,0.19413,0.01222,0.000864,0.16819,0.1856,0.195,0.20232,0.21526,0.170926,0.00779,0.000551,0.15509,0.1659,0.1705,0.17682,0.18573,0.621008,0.02253,0.001593,0.57633,0.6055,0.62255,0.63715,0.66341
16.5,0.150084,0.01097,0.000775,0.1274,0.14162,0.15035,0.15763,0.17295,0.221511,0.01179,0.000834,0.20308,0.21368,0.2203,0.22922,0.24612,0.088315,0.00507,0.000358,0.07838,0.08528,0.0883,0.0918,0.09774,0.079341,0.00407,0.000287,0.07198,0.0766,0.07915,0.082,0.08723,0.261601,0.01326,0.000937,0.23368,0.25335,0.26275,0.2702,0.28587,0.199148,0.01225,0.000866,0.17309,0.19048,0.20015,0.20752,0.21928,0.167656,0.00798,0.000564,0.15148,0.16282,0.16695,0.17302,0.18312,0.628404,0.02193,0.001551,0.58526,0.61387,0.6296,0.64465,0.6697
16.75,0.146647,0.01058,0.000748,0.12519,0.13828,0.147,0.15382,0.16892,0.217794,0.01156,0.000817,0.1991,0.21005,0.2163,0.2253,0.2414,0.08629,0.00518,0.000366,0.07629,0.08278,0.08645,0.0902,0.09643,0.078132,0.00411,0.000291,0.07049,0.07538,0.0782,0.08092,0.0857,0.267064,0.01307,0.000924,0.23938,0.25958,0.26815,0.27542,0.29116,0.204074,0.01214,0.000858,0.178,0.19532,0.2053,0.2126,0.22486,0.164422,0.00813,0.000575,0.14878,0.15935,0.16415,0.17002,0.17938,0.635559,0.0213,0.001506,0.59428,0.62128,0.63685,0.65115,0.6752
17.0,0.143398,0.01021,0.000722,0.12298,0.13548,0.1438,0.15007,0.16483,0.214274,0.01138,0.000805,0.1956,0.20678,0.21325,0.22138,0.23821,0.084183,0.00511,0.000361,0.07399,0.08078,0.0846,0.08742,0.09408,0.076744,0.00418,0.000295,0.0687,0.07418,0.0765,0.07983,0.0852,0.272419,0.01285,0.000909,0.24606,0.26448,0.27335,0.2809,0.29652,0.208982,0.01212,0.000857,0.18289,0.20068,0.21005,0.21745,0.23061,0.160928,0.00816,0.000577,0.14469,0.1559,0.16105,0.16655,0.17814,0.642328,0.02074,0.001466,0.59987,0.62825,0.64325,0.65765,0.68014
17.25,0.14028,0.00989,0.000699,0.12049,0.1327,0.14045,0.14672,0.16172,0.210917,0.01114,0.000787,0.1928,0.20345,0.20975,0.21822,0.2344,0.082151,0.00522,0.000369,0.0714,0.0786,0.0824,0.0854,0.09342,0.07532,0.00422,0.000299,0.0675,0.07268,0.07515,0.07862,0.08381,0.277568,0.01273,0.0009,0.25186,0.2697,0.27835,0.2862,0.30171,0.213763,0.01207,0.000853,0.18839,0.2058,0.2148,0.2221,0.235,0.157471,0.00835,0.00059,0.14189,0.15187,0.1576,0.16282,0.17465,0.648803,0.02016,0.001426,0.60778,0.6348,0.65025,0.664,0.68573
17.5,0.137366,0.0096,0.000679,0.11819,0.1295,0.1372,0.14372,0.15792,0.207717,0.01087,0.000769,0.1902,0.2001,0.2069,0.21535,0.2312,0.080108,0.00523,0.00037,0.0694,0.0765,0.0803,0.08333,0.09122,0.073782,0.00414,0.000293,0.0661,0.0711,0.0736,0.07655,0.0822,0.282525,0.01255,0.000888,0.25727,0.27435,0.28315,0.29092,0.30631,0.218502,0.01194,0.000844,0.19388,0.20995,0.22,0.2268,0.2394,0.15389,0.00837,0.000592,0.13778,0.14872,0.1542,0.15872,0.17083,0.654917,0.0196,0.001386,0.61526,0.64092,0.6561,0.67032,0.69005
17.75,0.134606,0.00935,0.000661,0.1159,0.12718,0.1346,0.1407,0.15481,0.204612,0.01061,0.00075,0.1876,0.19678,0.204,0.21175,0.2281,0.077904,0.00521,0.000368,0.06759,0.0744,0.0782,0.0812,0.08864,0.072352,0.00413,0.000292,0.06469,0.06948,0.0718,0.0753,0.0803,0.28749,0.01234,0.000872,0.26218,0.27935,0.2882,0.2959,0.31021,0.223035,0.01185,0.000838,0.1983,0.2149,0.2245,0.23132,0.24392,0.150257,0.00839,0.000594,0.13449,0.14475,0.1508,0.1556,0.16697,0.660781,0.01906,0.001348,0.62182,0.64722,0.6623,0.67605,0.69494
18.0,0.132012,0.00904,0.000639,0.1142,0.12487,0.1317,0.1377,0.15131,0.201583,0.01039,0.000734,0.18508,0.19418,0.20125,0.2089,0.22246,0.075646,0.00519,0.000367,0.0653,0.07235,0.07575,0.0787,0.08577,0.070936,0.00415,0.000293,0.0638,0.0681,0.07055,0.07392,0.0789,0.292342,0.01206,0.000853,0.26767,0.28455,0.29265,0.3002,0.31472,0.227481,0.01174,0.00083,0.2034,0.2197,0.22895,0.23542,0.24832,0.146582,0.0084,0.000594,0.1307,0.14118,0.1472,0.15195,0.16319,0.666405,0.01848,0.001307,0.62882,0.65345,0.66805,0.68102,0.7002
18.25,0.129514,0.00876,0.000619,0.11279,0.12258,0.1296,0.13522,0.1481,0.198739,0.01018,0.00072,0.1821,0.19148,0.19825,0.20582,0.21867,0.073597,0.00518,0.000366,0.0629,0.0702,0.0738,0.07672,0.08388,0.069422,0.00412,0.000292,0.0626,0.06637,0.0692,0.07202,0.0775,0.29689,0.01183,0.000837,0.27278,0.28965,0.29735,0.30525,0.31822,0.231838,0.01166,0.000824,0.20858,0.22325,0.2333,0.23982,0.25161,0.143019,0.00845,0.000597,0.12737,0.13735,0.14355,0.14792,0.16028,0.671747,0.01798,0.001271,0.63497,0.65918,0.67325,0.6849,0.70402
18.5,0.127149,0.00851,0.000602,0.11158,0.1208,0.1269,0.13295,0.145,0.196002,0.00991,0.000701,0.1797,0.18888,0.19545,0.20332,0.21508,0.071414,0.00515,0.000364,0.0613,0.06808,0.0717,0.07452,0.08175,0.067862,0.0042,0.000297,0.06069,0.0648,0.0676,0.07073,0.07582,0.301438,0.01154,0.000816,0.27709,0.29498,0.302,0.30962,0.3229,0.236135,0.01154,0.000816,0.21336,0.22785,0.2377,0.2441,0.2553,0.139276,0.00853,0.000603,0.12368,0.1339,0.1395,0.14425,0.15719,0.67685,0.01745,0.001234,0.6408,0.6647,0.6783,0.69012,0.7083
18.75,0.124964,0.00827,0.000585,0.11009,0.11867,0.1246,0.13105,0.14252,0.193445,0.00976,0.00069,0.17769,0.1858,0.19265,0.2006,0.2126,0.069197,0.005,0.000354,0.05889,0.066,0.0694,0.07215,0.07952,0.066274,0.00423,0.000299,0.05919,0.063,0.066,0.06912,0.0747,0.305839,0.01124,0.000795,0.28273,0.29935,0.30625,0.314,0.32692,0.240281,0.01139,0.000805,0.21738,0.23218,0.2416,0.2486,0.25871,0.135471,0.00844,0.000597,0.1196,0.1301,0.13565,0.14053,0.15393,0.68159,0.01705,0.001205,0.64628,0.66985,0.6832,0.69442,0.71171
19.0,0.122806,0.0081,0.000573,0.10779,0.11672,0.12255,0.12832,0.13972,0.190997,0.00954,0.000675,0.17509,0.18388,0.1902,0.19772,0.20939,0.067081,0.00497,0.000351,0.0569,0.06378,0.0673,0.07,0.07861,0.064645,0.00421,0.000298,0.05719,0.06158,0.0645,0.06742,0.0731,0.310112,0.01109,0.000784,0.28704,0.30405,0.31065,0.3179,0.33084,0.244358,0.01124,0.000795,0.221,0.237,0.24525,0.25268,0.26281,0.131726,0.00841,0.000595,0.1164,0.1262,0.13185,0.13643,0.14947,0.686197,0.01665,0.001177,0.65129,0.67408,0.6882,0.69845,0.71541
19.25,0.12083,0.00784,0.000554,0.10648,0.11498,0.1206,0.12628,0.13732,0.188648,0.00932,0.000659,0.17338,0.18168,0.1881,0.19528,0.20659,0.064881,0.00502,0.000355,0.05469,0.0617,0.06515,0.0676,0.07652,0.06304,0.00428,0.000303,0.05569,0.0598,0.063,0.0657,0.0712,0.314288,0.01093,0.000773,0.29104,0.30778,0.3147,0.32215,0.33532,0.248313,0.01108,0.000783,0.22499,0.24068,0.2496,0.2566,0.26621,0.127921,0.00857,0.000606,0.1113,0.12208,0.12805,0.13323,0.1474,0.690522,0.01612,0.00114,0.65689,0.6793,0.69245,0.70235,0.71852
19.5,0.11892,0.00759,0.000537,0.10499,0.1135,0.1187,0.12413,0.13512,0.186391,0.00911,0.000644,0.17119,0.1791,0.18575,0.19222,0.20397,0.062752,0.00495,0.00035,0.05309,0.0598,0.06285,0.06535,0.07353,0.061428,0.00434,0.000307,0.054,0.05818,0.0613,0.064,0.0703,0.318328,0.01072,0.000758,0.29536,0.3119,0.3186,0.32608,0.33823,0.252181,0.01093,0.000773,0.2288,0.24482,0.2533,0.26045,0.26981,0.12418,0.00857,0.000606,0.10929,0.1186,0.1244,0.12865,0.141,0.694689,0.01566,0.001107,0.66277,0.68403,0.6963,0.70602,0.72142
19.75,0.117078,0.00736,0.000521,0.10369,0.11188,0.11675,0.12223,0.1331,0.184264,0.00898,0.000635,0.16918,0.17718,0.18365,0.19002,0.20166,0.060745,0.00492,0.000348,0.0508,0.0577,0.0608,0.06345,0.07122,0.0597,0.00439,0.000311,0.0518,0.05648,0.05945,0.06233,0.0689,0.322176,0.01054,0.000745,0.29907,0.31588,0.3227,0.32955,0.3428,0.256036,0.01079,0.000763,0.23318,0.2488,0.2571,0.2643,0.27352,0.120445,0.00863,0.00061,0.1048,0.11498,0.121,0.12522,0.138,0.698657,0.01531,0.001082,0.66759,0.68785,0.70045,0.70975,0.725
20.0,0.115356,0.00717,0.000507,0.10289,0.1103,0.1149,0.12018,0.13101,0.182204,0.00881,0.000623,0.16727,0.17505,0.18185,0.1881,0.19914,0.05868,0.00481,0.00034,0.04909,0.0559,0.05865,0.06125,0.06863,0.058034,0.00431,0.000305,0.05008,0.0551,0.0579,0.0607,0.0661,0.325965,0.01033,0.00073,0.30308,0.31915,0.32635,0.3334,0.3463,0.259761,0.01062,0.000751,0.2368,0.25298,0.26085,0.26752,0.27703,0.116714,0.0085,0.000601,0.1011,0.11098,0.1171,0.12123,0.13401,0.70244,0.01492,0.001055,0.67148,0.69252,0.7037,0.7137,0.72782
20.25,0.113716,0.00697,0.000493,0.1012,0.10885,0.1135,0.1185,0.12872,0.18029,0.00861,0.000609,0.16549,0.17307,0.1799,0.18608,0.19664,0.05667,0.0048,0.000339,0.0475,0.05392,0.05645,0.05945,0.06693,0.056427,0.00436,0.000308,0.04878,0.05345,0.0566,0.05882,0.0644,0.329613,0.01016,0.000719,0.30728,0.3229,0.3298,0.3369,0.34932,0.263283,0.0105,0.000742,0.24088,0.25642,0.2642,0.27115,0.28101,0.113098,0.00852,0.000603,0.0977,0.10778,0.1135,0.1176,0.13061,0.705993,0.01452,0.001027,0.67686,0.69572,0.70765,0.71725,0.731
20.5,0.11215,0.00683,0.000483,0.1002,0.1074,0.11185,0.11672,0.12682,0.178503,0.00847,0.000599,0.1641,0.17158,0.17815,0.1842,0.19522,0.054727,0.00474,0.000335,0.0456,0.05177,0.0545,0.0579,0.06451,0.054758,0.00433,0.000306,0.0467,0.05188,0.0547,0.05737,0.0626,0.333123,0.0099,0.0007,0.31096,0.32648,0.3334,0.34042,0.3525,0.266738,0.01037,0.000733,0.24466,0.26,0.26745,0.2747,0.2841,0.109486,0.00842,0.000595,0.0938,0.10378,0.10895,0.11442,0.12582,0.709346,0.01423,0.001006,0.68055,0.69905,0.71105,0.7204,0.73334
20.75,0.110734,0.00667,0.000471,0.09878,0.10608,0.11035,0.1155,0.12451,0.176687,0.00832,0.000588,0.16319,0.1697,0.1763,0.18203,0.1935,0.052784,0.00471,0.000333,0.04458,0.05,0.0524,0.0559,0.06232,0.053162,0.00434,0.000307,0.0453,0.0503,0.05335,0.05612,0.0611,0.336482,0.0097,0.000686,0.31399,0.33012,0.33695,0.34363,0.35482,0.27015,0.01028,0.000727,0.24856,0.26358,0.2706,0.27818,0.2878,0.105946,0.00843,0.000596,0.0906,0.10028,0.1053,0.11082,0.1227,0.712578,0.01389,0.000983,0.68426,0.7026,0.71425,0.72322,0.7364
21.0,0.10935,0.00651,0.00046,0.0977,0.1048,0.109,0.11382,0.1231,0.174973,0.00816,0.000577,0.1618,0.16818,0.1745,0.1805,0.1912,0.050928,0.00457,0.000323,0.04269,0.04788,0.0506,0.05365,0.06042,0.051566,0.0043,0.000304,0.0436,0.0488,0.0516,0.0544,0.0602,0.339722,0.00946,0.000669,0.3174,0.3335,0.3401,0.34682,0.35812,0.27346,0.0101,0.000714,0.25279,0.26688,0.27405,0.28085,0.2908,0.102494,0.00828,0.000586,0.0873,0.09718,0.10195,0.10692,0.11877,0.715676,0.01358,0.00096,0.68865,0.70585,0.71665,0.7264,0.73911
21.25,0.108045,0.00642,0.000454,0.09639,0.10355,0.1075,0.11255,0.12112,0.173389,0.008,0.000566,0.1604,0.1669,0.1731,0.17895,0.18892,0.049134,0.00447,0.000316,0.0413,0.04668,0.04885,0.05182,0.05831,0.049938,0.00425,0.000301,0.0425,0.04708,0.0499,0.05282,0.0581,0.342821,0.00921,0.000651,0.32179,0.33698,0.3427,0.3499,0.3611,0.276672,0.00999,0.000706,0.25639,0.27022,0.27725,0.28428,0.2936,0.099073,0.0081,0.000573,0.084,0.09388,0.099,0.1038,0.11554,0.718566,0.01333,0.000942,0.69204,0.7089,0.71945,0.72895,0.74151
21.5,0.106805,0.00631,0.000446,0.0952,0.10217,0.1064,0.11142,0.11924,0.171835,0.00782,0.000553,0.159,0.16562,0.17165,0.17732,0.18671,0.04739,0.00434,0.000307,0.03968,0.0448,0.04705,0.0501,0.05662,0.048423,0.00428,0.000302,0.04078,0.0457,0.0485,0.05152,0.0565,0.345805,0.00899,0.000636,0.32519,0.34008,0.34645,0.35262,0.36361,0.279742,0.00986,0.000698,0.26095,0.27358,0.2802,0.2876,0.29631,0.095813,0.00797,0.000564,0.08109,0.0905,0.09605,0.1008,0.11191,0.72136,0.01303,0.000921,0.69614,0.71198,0.72265,0.7312,0.7439
21.75,0.105629,0.0062,0.000438,0.0943,0.10148,0.1051,0.1101,0.11841,0.170387,0.00774,0.000547,0.15808,0.16382,0.17045,0.17545,0.18522,0.045646,0.00429,0.000303,0.0378,0.0431,0.04535,0.048,0.05521,0.046882,0.00411,0.000291,0.03899,0.04427,0.0468,0.04982,0.0543,0.348725,0.00885,0.000626,0.32848,0.34318,0.34925,0.35583,0.36591,0.282731,0.00965,0.000682,0.26514,0.27655,0.28285,0.2903,0.29901,0.092528,0.00776,0.000548,0.07839,0.0874,0.09225,0.09732,0.10903,0.723984,0.01282,0.000907,0.69826,0.71428,0.7256,0.73362,0.74592
22.0,0.104529,0.00607,0.000429,0.0935,0.1003,0.10415,0.10868,0.1172,0.169018,0.00762,0.000539,0.15668,0.1626,0.16935,0.17425,0.1841,0.043898,0.00416,0.000294,0.03669,0.04128,0.0436,0.0463,0.0533,0.04531,0.00405,0.000286,0.0375,0.0427,0.0453,0.04803,0.0528,0.351573,0.00862,0.00061,0.3319,0.34597,0.35195,0.35832,0.36733,0.285671,0.00951,0.000673,0.26865,0.27945,0.28585,0.29292,0.30222,0.089209,0.00757,0.000535,0.07538,0.0844,0.08895,0.09442,0.10483,0.726452,0.01256,0.000888,0.69999,0.71705,0.72785,0.73562,0.74783
22.25,0.103498,0.00596,0.000422,0.0926,0.0993,0.1028,0.10762,0.11591,0.167756,0.00753,0.000532,0.1552,0.16178,0.1682,0.17255,0.1823,0.042289,0.00407,0.000288,0.03509,0.0398,0.04215,0.0447,0.05101,0.04385,0.00398,0.000281,0.0361,0.04138,0.04385,0.04652,0.05072,0.354213,0.00839,0.000593,0.3352,0.34872,0.35445,0.3606,0.36934,0.288394,0.00939,0.000664,0.27096,0.282,0.28875,0.29555,0.30491,0.08614,0.00741,0.000524,0.0721,0.0815,0.08535,0.09098,0.10155,0.728747,0.01234,0.000872,0.70348,0.7194,0.7294,0.7382,0.75021
22.5,0.102521,0.0059,0.000417,0.0916,0.09845,0.102,0.10662,0.11432,0.166522,0.00741,0.000524,0.15449,0.1605,0.16665,0.17095,0.1806,0.040685,0.00392,0.000278,0.0335,0.0381,0.0404,0.0431,0.04881,0.042379,0.00388,0.000275,0.03469,0.0399,0.0423,0.04495,0.04911,0.356794,0.00818,0.000579,0.33909,0.35148,0.3569,0.36285,0.37195,0.2911,0.00923,0.000652,0.27423,0.2852,0.2911,0.2979,0.30712,0.083064,0.00717,0.000507,0.06969,0.0788,0.0824,0.08812,0.09773,0.730957,0.01217,0.000861,0.70655,0.72215,0.7317,0.74047,0.75161
22.75,0.101594,0.0058,0.00041,0.09099,0.09768,0.1009,0.10575,0.11331,0.165369,0.00734,0.000519,0.15318,0.1595,0.16555,0.16995,0.1792,0.039098,0.00388,0.000274,0.0322,0.0364,0.03895,0.04145,0.04671,0.040928,0.00386,0.000273,0.0333,0.0383,0.0409,0.04343,0.0481,0.359308,0.00802,0.000567,0.34239,0.354,0.3595,0.3651,0.37375,0.293704,0.00912,0.000645,0.27676,0.2877,0.2937,0.30078,0.30951,0.080025,0.00709,0.000502,0.06659,0.07547,0.07935,0.08512,0.09384,0.733038,0.01201,0.000849,0.70926,0.7238,0.7338,0.74245,0.7534
23.0,0.100708,0.00568,0.000401,0.09019,0.0968,0.1,0.1049,0.11241,0.164226,0.00723,0.000511,0.15218,0.15855,0.16445,0.16892,0.17761,0.037573,0.0039,0.000276,0.0307,0.03498,0.0373,0.0401,0.0452,0.039587,0.00382,0.00027,0.032,0.0371,0.0394,0.04212,0.0469,0.36172,0.00786,0.000556,0.34528,0.35688,0.3619,0.3674,0.37584,0.296186,0.00904,0.000639,0.27898,0.29048,0.29615,0.30312,0.3119,0.07716,0.00708,0.000501,0.0634,0.0727,0.0763,0.08202,0.09311,0.735066,0.01177,0.000832,0.71138,0.7258,0.73585,0.7443,0.7548
23.25,0.09986,0.00557,0.000394,0.0893,0.09628,0.0993,0.10365,0.1118,0.163166,0.00717,0.000507,0.15157,0.1575,0.16335,0.16785,0.17642,0.036123,0.00382,0.00027,0.0292,0.0335,0.03595,0.0387,0.04421,0.03816,0.00374,0.000265,0.0309,0.0358,0.0379,0.04062,0.04502,0.364017,0.0077,0.000545,0.34778,0.35935,0.36415,0.3696,0.3783,0.298674,0.00895,0.000633,0.28147,0.29313,0.2987,0.30535,0.3143,0.074284,0.00694,0.000491,0.0613,0.07008,0.07335,0.07933,0.08954,0.736974,0.01157,0.000818,0.71389,0.72817,0.73715,0.7458,0.7562
23.5,0.099041,0.00549,0.000388,0.0886,0.09538,0.09855,0.103,0.1108,0.162131,0.00711,0.000503,0.15,0.1563,0.1623,0.16682,0.17503,0.034705,0.00373,0.000264,0.0281,0.0321,0.03435,0.03713,0.0426,0.03682,0.00364,0.000257,0.02989,0.03438,0.0368,0.0393,0.0438,0.366254,0.00758,0.000536,0.34999,0.36148,0.36655,0.37203,0.3802,0.301048,0.00879,0.000621,0.28428,0.2953,0.3009,0.30782,0.31631,0.071526,0.00681,0.000481,0.0593,0.0674,0.07055,0.0762,0.08614,0.738828,0.01146,0.00081,0.71609,0.73005,0.73945,0.74758,0.7585
23.75,0.098263,0.00544,0.000385,0.08819,0.09472,0.0977,0.10215,0.11,0.161147,0.00708,0.000501,0.14908,0.15522,0.1611,0.16595,0.17393,0.03336,0.0036,0.000255,0.0271,0.0309,0.03315,0.03563,0.0406,0.035512,0.00354,0.00025,0.0288,0.033,0.03535,0.03785,0.0426,0.368377,0.00739,0.000522,0.35209,0.3635,0.3687,0.3737,0.382,0.303342,0.0086,0.000608,0.28716,0.29782,0.3033,0.31022,0.31831,0.068872,0.00658,0.000465,0.0572,0.06478,0.068,0.0737,0.08235,0.74059,0.01134,0.000802,0.718,0.73205,0.74125,0.7494,0.76
24.0,0.097506,0.00538,0.000381,0.0875,0.09395,0.09695,0.1012,0.10881,0.160204,0.00698,0.000493,0.14789,0.15407,0.1603,0.1651,0.17291,0.03205,0.00353,0.000249,0.0256,0.02968,0.0319,0.0344,0.03911,0.034285,0.0034,0.00024,0.028,0.03208,0.0339,0.0364,0.04122,0.370444,0.00725,0.000513,0.35517,0.36575,0.37065,0.37572,0.3834,0.305511,0.00841,0.000595,0.28956,0.29998,0.3054,0.31227,0.31981,0.066334,0.00634,0.000448,0.05499,0.0626,0.0655,0.0708,0.07896,0.74229,0.01116,0.000789,0.7199,0.73385,0.7426,0.7508,0.76141
24.25,0.096818,0.00528,0.000373,0.0871,0.09338,0.0962,0.1005,0.10781,0.159334,0.00697,0.000493,0.14767,0.15348,0.15935,0.1643,0.1722,0.03076,0.00343,0.000242,0.0245,0.0285,0.03075,0.03292,0.0377,0.033059,0.00329,0.000233,0.0267,0.0308,0.0327,0.03505,0.03932,0.372423,0.00714,0.000505,0.35759,0.36785,0.3724,0.37725,0.3852,0.307607,0.00829,0.000586,0.29178,0.30208,0.30725,0.31433,0.32171,0.063819,0.00615,0.000435,0.05289,0.0601,0.06295,0.06773,0.07673,0.743849,0.01103,0.00078,0.722,0.73527,0.7439,0.75242,0.76271
24.5,0.096153,0.00521,0.000368,0.08659,0.09288,0.0957,0.0998,0.10652,0.158457,0.0069,0.000488,0.14697,0.1527,0.1583,0.16312,0.17121,0.029534,0.00333,0.000235,0.0233,0.02738,0.02915,0.0318,0.03611,0.031928,0.00325,0.00023,0.0257,0.0297,0.0316,0.03372,0.03871,0.374314,0.00704,0.000498,0.36,0.36978,0.37445,0.379,0.3866,0.309614,0.00822,0.000582,0.29389,0.30423,0.30945,0.31618,0.32361,0.061462,0.00601,0.000425,0.05049,0.0577,0.06065,0.06542,0.07402,0.745391,0.01089,0.00077,0.72437,0.73708,0.7454,0.75385,0.76392
24.75,0.095514,0.00512,0.000362,0.08609,0.0923,0.095,0.0989,0.10532,0.15767,0.00685,0.000484,0.14608,0.15215,0.1577,0.1624,0.1706,0.028344,0.00326,0.000231,0.02269,0.0263,0.0279,0.03052,0.03463,0.030733,0.00312,0.00022,0.02509,0.0287,0.03055,0.0323,0.03771,0.376141,0.00694,0.000491,0.36188,0.37168,0.37685,0.38092,0.388,0.311598,0.0081,0.000572,0.29619,0.30635,0.3112,0.31792,0.3259,0.059077,0.00583,0.000412,0.04918,0.0555,0.05815,0.06282,0.07172,0.746816,0.01076,0.000761,0.72579,0.7384,0.7467,0.7553,0.7656
25.0,0.094922,0.00507,0.000358,0.0853,0.09188,0.0945,0.0982,0.1051,0.156894,0.00679,0.00048,0.14529,0.1514,0.157,0.16172,0.16961,0.027159,0.00312,0.00022,0.02228,0.025,0.0266,0.02925,0.03341,0.029594,0.00305,0.000215,0.0241,0.0276,0.02945,0.0314,0.03562,0.377919,0.00678,0.000479,0.36409,0.37385,0.3785,0.38275,0.38982,0.313512,0.00797,0.000564,0.2984,0.3082,0.31315,0.3197,0.3277,0.056753,0.00563,0.000398,0.0466,0.0532,0.05595,0.0607,0.06891,0.748184,0.01064,0.000752,0.7277,0.74008,0.748,0.75647,0.76642
25.25,0.094382,0.00501,0.000354,0.08509,0.0915,0.094,0.0976,0.1045,0.156172,0.00674,0.000477,0.1443,0.15078,0.15635,0.16092,0.16891,0.026021,0.00307,0.000217,0.02079,0.0238,0.0257,0.02792,0.0321,0.028498,0.00301,0.000213,0.0231,0.0266,0.0283,0.03007,0.03462,0.379597,0.00667,0.000472,0.36578,0.37528,0.38,0.38403,0.39142,0.31533,0.00791,0.000559,0.3006,0.31008,0.31515,0.32175,0.3288,0.054519,0.00554,0.000392,0.0443,0.051,0.05355,0.05842,0.06661,0.749446,0.01051,0.000743,0.7289,0.74115,0.7492,0.75773,0.76762
25.5,0.093878,0.00497,0.000351,0.08469,0.0909,0.0936,0.09703,0.10381,0.155503,0.00674,0.000476,0.1434,0.15012,0.15545,0.16015,0.16792,0.024953,0.00299,0.000211,0.01959,0.0228,0.0245,0.02685,0.03071,0.027409,0.00293,0.000207,0.0222,0.0255,0.0272,0.02912,0.0334,0.381169,0.00652,0.000461,0.367,0.37678,0.3818,0.38552,0.39301,0.317088,0.00785,0.000555,0.3026,0.31152,0.31685,0.32332,0.3301,0.052362,0.00539,0.000381,0.0429,0.0492,0.0514,0.05608,0.0642,0.750619,0.01045,0.000739,0.73029,0.7425,0.7506,0.7587,0.76882
25.75,0.09339,0.00491,0.000347,0.08419,0.09047,0.0932,0.0964,0.10332,0.154883,0.00672,0.000475,0.1426,0.14958,0.15485,0.1595,0.16742,0.023903,0.00296,0.00021,0.0187,0.0218,0.02365,0.02602,0.02951,0.026279,0.00286,0.000202,0.0208,0.0244,0.0262,0.0277,0.03162,0.382707,0.00646,0.000457,0.36899,0.37848,0.38315,0.3872,0.3948,0.318838,0.00778,0.00055,0.3043,0.31355,0.31875,0.32535,0.3313,0.050182,0.00529,0.000374,0.04089,0.0467,0.0495,0.0537,0.06023,0.751727,0.01035,0.000732,0.73149,0.74348,0.7517,0.7598,0.77021
26.0,0.092933,0.00488,0.000345,0.0836,0.09,0.09285,0.096,0.10292,0.154276,0.00671,0.000474,0.1421,0.14928,0.1543,0.1589,0.16692,0.02285,0.00289,0.000204,0.018,0.0208,0.0225,0.0247,0.0289,0.025269,0.00283,0.0002,0.0199,0.0234,0.02525,0.02682,0.03072,0.384216,0.00632,0.000447,0.37119,0.3802,0.3845,0.38832,0.39561,0.320455,0.00767,0.000542,0.30618,0.3153,0.32045,0.327,0.33282,0.048119,0.00517,0.000365,0.0387,0.04477,0.0475,0.05182,0.05802,0.752791,0.01029,0.000728,0.73288,0.74468,0.7526,0.76062,0.77122
26.25,0.092491,0.00484,0.000342,0.0833,0.08965,0.09235,0.09555,0.1025,0.153695,0.00669,0.000473,0.14169,0.14865,0.15385,0.15822,0.1663,0.021892,0.00281,0.000199,0.0169,0.02008,0.0214,0.02385,0.02742,0.024358,0.00279,0.000197,0.0191,0.02258,0.0243,0.02613,0.0303,0.385618,0.00623,0.00044,0.37268,0.3816,0.38605,0.38975,0.39711,0.321948,0.00771,0.000545,0.30738,0.31652,0.32225,0.32852,0.33502,0.04625,0.00509,0.00036,0.0374,0.0431,0.04545,0.0497,0.05602,0.753815,0.01025,0.000725,0.73398,0.7462,0.7539,0.76165,0.77192
26.5,0.092106,0.00481,0.00034,0.0831,0.08918,0.092,0.09522,0.10191,0.153127,0.00668,0.000472,0.1411,0.14798,0.1533,0.1579,0.166,0.020912,0.00272,0.000192,0.0161,0.0191,0.0206,0.02275,0.0269,0.023397,0.00272,0.000192,0.01849,0.0216,0.02325,0.0251,0.02931,0.386982,0.00608,0.00043,0.37409,0.38298,0.38715,0.39125,0.39764,0.323476,0.00763,0.00054,0.30918,0.3179,0.3236,0.33045,0.33641,0.044309,0.00491,0.000347,0.0355,0.04118,0.0435,0.04758,0.0548,0.754767,0.0102,0.000721,0.73498,0.74698,0.7549,0.76242,0.77291
26.75,0.091713,0.00478,0.000338,0.08279,0.089,0.09165,0.09472,0.10141,0.152604,0.00664,0.000469,0.14069,0.14772,0.15275,0.15722,0.16531,0.019996,0.0026,0.000184,0.01559,0.0182,0.0196,0.02162,0.0254,0.022518,0.00264,0.000186,0.0177,0.0207,0.02245,0.0242,0.0281,0.388291,0.00595,0.000421,0.3755,0.38448,0.38845,0.39215,0.39863,0.324878,0.00754,0.000533,0.31097,0.31958,0.325,0.3317,0.33791,0.042514,0.00473,0.000334,0.0341,0.0395,0.0419,0.04565,0.05222,0.755684,0.01011,0.000715,0.73658,0.74838,0.7557,0.7631,0.77353
27.0,0.091321,0.00473,0.000334,0.08269,0.08848,0.0911,0.0943,0.10091,0.152088,0.00662,0.000468,0.14029,0.14708,0.15235,0.1567,0.16481,0.019144,0.00254,0.00018,0.0146,0.0175,0.0187,0.02092,0.02452,0.021626,0.00258,0.000182,0.01719,0.01978,0.02155,0.02332,0.02681,0.389536,0.00585,0.000414,0.3768,0.38578,0.3896,0.39345,0.39993,0.326286,0.0075,0.00053,0.31236,0.3208,0.3263,0.3326,0.33904,0.040769,0.00461,0.000326,0.03229,0.03797,0.04005,0.0439,0.0499,0.756591,0.01001,0.000708,0.7374,0.74908,0.75675,0.76395,0.77461
27.25,0.090974,0.00471,0.000333,0.0825,0.08807,0.09075,0.0939,0.1005,0.151591,0.00656,0.000464,0.1399,0.14677,0.15165,0.15592,0.16412,0.018342,0.0025,0.000177,0.0139,0.0166,0.0179,0.0199,0.0239,0.02079,0.00254,0.00018,0.01639,0.019,0.02075,0.02242,0.02601,0.390684,0.00578,0.000409,0.37829,0.38698,0.39085,0.39452,0.40084,0.327619,0.00743,0.000525,0.31359,0.3223,0.32755,0.33383,0.34023,0.039132,0.00453,0.000321,0.03119,0.0364,0.0386,0.04182,0.0481,0.757435,0.00991,0.000701,0.73898,0.7501,0.75745,0.76455,0.7754
27.5,0.090635,0.00468,0.000331,0.08239,0.08788,0.0904,0.0935,0.10001,0.151112,0.00653,0.000462,0.13978,0.1462,0.15125,0.1555,0.16332,0.017553,0.00243,0.000172,0.0134,0.01598,0.0172,0.0191,0.02281,0.020027,0.00247,0.000175,0.0156,0.0182,0.0199,0.0218,0.02503,0.391812,0.00572,0.000404,0.3794,0.38815,0.39205,0.39558,0.40162,0.328861,0.00736,0.000521,0.31488,0.3236,0.32885,0.3351,0.34142,0.03758,0.00443,0.000313,0.02979,0.0346,0.037,0.04072,0.04651,0.758253,0.00984,0.000696,0.74018,0.75112,0.75825,0.76535,0.77661
27.75,0.090317,0.00466,0.000329,0.082,0.08757,0.0901,0.09312,0.0997,0.150692,0.00651,0.00046,0.13968,0.14598,0.15075,0.155,0.16282,0.016775,0.00234,0.000166,0.0128,0.0151,0.01645,0.01842,0.0218,0.01923,0.00242,0.000171,0.0151,0.0174,0.0191,0.0209,0.02461,0.392908,0.00564,0.000399,0.3807,0.38918,0.3933,0.39675,0.40253,0.330077,0.00729,0.000515,0.31609,0.325,0.3301,0.3361,0.34243,0.036005,0.0043,0.000304,0.02849,0.0332,0.0355,0.03902,0.045,0.75899,0.00978,0.000692,0.74089,0.7518,0.75895,0.76635,0.77761
28.0,0.090012,0.00463,0.000327,0.08169,0.0871,0.0898,0.09272,0.09921,0.150299,0.00649,0.000459,0.13927,0.14548,0.1503,0.15472,0.16242,0.016061,0.00232,0.000164,0.0122,0.0144,0.0158,0.0176,0.0209,0.018467,0.00231,0.000163,0.0146,0.0169,0.01825,0.0201,0.02352,0.393926,0.00559,0.000395,0.38238,0.39028,0.39415,0.39735,0.40392,0.331234,0.0072,0.000509,0.3172,0.3264,0.33145,0.33753,0.34323,0.034528,0.00414,0.000293,0.0272,0.0317,0.03395,0.0375,0.04272,0.759688,0.00973,0.000688,0.74168,0.7524,0.75975,0.76688,0.7783
28.25,0.089719,0.00461,0.000326,0.08149,0.0868,0.08955,0.0924,0.099,0.149909,0.00646,0.000457,0.13898,0.14518,0.1499,0.15437,0.16192,0.015375,0.00224,0.000158,0.0117,0.0139,0.0151,0.0168,0.0204,0.017731,0.0022,0.000156,0.0142,0.0162,0.0176,0.0191,0.0228,0.394907,0.00553,0.000391,0.38388,0.39118,0.3951,0.39862,0.4051,0.33236,0.00711,0.000503,0.3185,0.3275,0.33245,0.33845,0.34414,0.033105,0.00398,0.000281,0.02609,0.0303,0.0326,0.0359,0.04074,0.760372,0.00967,0.000684,0.74268,0.753,0.7605,0.76745,0.77851
28.5,0.089458,0.00459,0.000325,0.08119,0.08668,0.08915,0.0922,0.0986,0.149505,0.00643,0.000454,0.13838,0.1448,0.1495,0.15402,0.16162,0.014686,0.00222,0.000157,0.0111,0.0131,0.0144,0.01612,0.0197,0.017034,0.00212,0.00015,0.0135,0.01548,0.01705,0.0183,0.0212,0.395856,0.00548,0.000387,0.38468,0.39215,0.3961,0.39938,0.406,0.333461,0.00704,0.000498,0.31988,0.3287,0.3332,0.33945,0.34544,0.03172,0.00386,0.000273,0.0247,0.0292,0.03135,0.03422,0.0393,0.761037,0.00961,0.00068,0.74328,0.75378,0.7613,0.76808,0.77882
28.75,0.089196,0.00459,0.000325,0.08109,0.0862,0.08875,0.0919,0.0983,0.149166,0.00641,0.000454,0.13808,0.14448,0.1491,0.1538,0.16121,0.014073,0.00215,0.000152,0.0105,0.0126,0.01385,0.01552,0.0186,0.01629,0.00207,0.000147,0.0127,0.0148,0.0162,0.0177,0.0202,0.396731,0.00538,0.000381,0.38587,0.39298,0.3969,0.4005,0.40642,0.334544,0.00699,0.000494,0.32118,0.3298,0.3345,0.34042,0.34644,0.030363,0.00378,0.000267,0.02359,0.0279,0.0298,0.03283,0.03791,0.761638,0.00958,0.000678,0.7438,0.75438,0.76215,0.76865,0.77902
29.0,0.088963,0.00458,0.000324,0.08099,0.086,0.0886,0.0917,0.0982,0.148822,0.00639,0.000452,0.13749,0.1442,0.1488,0.15363,0.16091,0.01343,0.00207,0.000147,0.0101,0.0119,0.0131,0.01472,0.0178,0.015642,0.00207,0.000146,0.012,0.0143,0.01555,0.017,0.0197,0.397608,0.00531,0.000376,0.38717,0.39417,0.3979,0.40112,0.40711,0.335537,0.00696,0.000492,0.32228,0.33098,0.33535,0.3413,0.34754,0.029072,0.00371,0.000262,0.0223,0.0266,0.02855,0.03142,0.03641,0.762216,0.00954,0.000674,0.7443,0.755,0.7627,0.76935,0.77952
29.25,0.08873,0.00456,0.000322,0.0806,0.08585,0.0884,0.09135,0.0979,0.148499,0.00639,0.000452,0.1371,0.1438,0.14855,0.1534,0.1606,0.012857,0.00203,0.000143,0.00979,0.0114,0.01255,0.0141,0.0174,0.015022,0.00205,0.000145,0.0115,0.01368,0.015,0.0163,0.0192,0.398413,0.00525,0.000371,0.38787,0.395,0.3986,0.40185,0.4078,0.336479,0.00691,0.000489,0.32348,0.33208,0.336,0.34202,0.34844,0.027879,0.00363,0.000257,0.02119,0.0254,0.0273,0.0301,0.03541,0.762771,0.00952,0.000673,0.7446,0.75527,0.7631,0.76993,0.78001
29.5,0.088507,0.00454,0.000321,0.08059,0.08555,0.0881,0.0911,0.09761,0.148213,0.00637,0.000451,0.1371,0.14348,0.14835,0.15302,0.1604,0.012274,0.00199,0.000141,0.00919,0.01088,0.0119,0.01342,0.0168,0.0144,0.00194,0.000137,0.0108,0.0132,0.0143,0.01562,0.01832,0.39922,0.00521,0.000368,0.38868,0.3958,0.3996,0.40275,0.40841,0.337386,0.00686,0.000485,0.32448,0.33288,0.3371,0.34292,0.34894,0.026674,0.00349,0.000247,0.0203,0.0243,0.0262,0.0284,0.0343,0.76328,0.00947,0.000669,0.74519,0.75595,0.7637,0.7702,0.7803
29.75,0.088288,0.00452,0.000319,0.0802,0.08528,0.08785,0.09082,0.09721,0.14792,0.00634,0.000448,0.1366,0.1432,0.1479,0.1528,0.1598,0.011744,0.00195,0.000138,0.0085,0.01037,0.0114,0.01292,0.0161,0.013809,0.0019,0.000135,0.0104,0.01267,0.0137,0.015,0.0179,0.399968,0.00515,0.000364,0.38948,0.3964,0.4003,0.40328,0.40921,0.33827,0.00686,0.000485,0.32558,0.33377,0.3379,0.34385,0.35051,0.025553,0.0034,0.00024,0.0194,0.02328,0.02515,0.02732,0.03291,0.763792,0.00941,0.000665,0.74569,0.7562,0.7642,0.77057,0.781
30.0,0.088077,0.00449,0.000317,0.08,0.085,0.0877,0.09062,0.0972,0.147654,0.00632,0.000447,0.13639,0.1429,0.1478,0.15263,0.1593,0.011266,0.00192,0.000136,0.0079,0.01,0.011,0.01235,0.0156,0.01324,0.00186,0.000132,0.0098,0.01208,0.0132,0.0144,0.0169,0.400658,0.00511,0.000361,0.39038,0.39728,0.4008,0.4039,0.40981,0.339106,0.00683,0.000483,0.3263,0.33458,0.339,0.34455,0.35121,0.024506,0.00335,0.000237,0.0182,0.0223,0.0243,0.0262,0.03171,0.764269,0.00934,0.00066,0.74639,0.75688,0.76455,0.77085,0.78131
30.25,0.087874,0.00446,0.000315,0.08,0.0847,0.08755,0.09052,0.0969,0.147386,0.00629,0.000445,0.1362,0.1427,0.14745,0.15242,0.15881,0.010792,0.00189,0.000133,0.0077,0.0094,0.0105,0.01193,0.015,0.012731,0.00181,0.000128,0.0091,0.0115,0.0127,0.0138,0.0167,0.401334,0.00508,0.000359,0.3909,0.39828,0.40155,0.4046,0.4105,0.339884,0.00678,0.00048,0.3271,0.33538,0.33965,0.3451,0.35181,0.023522,0.00328,0.000232,0.0175,0.0213,0.02315,0.02522,0.03101,0.76474,0.00929,0.000657,0.7468,0.75735,0.76505,0.77125,0.78152
30.5,0.087677,0.00444,0.000314,0.08,0.08455,0.0872,0.0904,0.0965,0.147134,0.00628,0.000444,0.13579,0.1424,0.1473,0.1521,0.15842,0.010313,0.00182,0.000129,0.0073,0.009,0.01,0.0115,0.0143,0.012181,0.00174,0.000123,0.0088,0.011,0.0121,0.0133,0.01621,0.402009,0.00503,0.000355,0.3916,0.399,0.4022,0.40515,0.4113,0.340684,0.00672,0.000475,0.32829,0.33618,0.3406,0.34585,0.35261,0.022494,0.00316,0.000224,0.017,0.0205,0.0221,0.02415,0.02961,0.765188,0.00926,0.000655,0.74739,0.75785,0.7654,0.77175,0.78231
30.75,0.0875,0.00443,0.000313,0.07989,0.08438,0.08705,0.09022,0.0964,0.146898,0.00625,0.000442,0.13569,0.14228,0.14695,0.15163,0.15812,0.009869,0.00174,0.000123,0.0068,0.0087,0.0096,0.01092,0.0135,0.011619,0.00167,0.000118,0.0086,0.0105,0.0116,0.0127,0.01551,0.402631,0.00498,0.000352,0.39219,0.39948,0.4028,0.4059,0.41162,0.341482,0.00668,0.000472,0.32889,0.33708,0.34135,0.3469,0.35312,0.021488,0.00301,0.000213,0.016,0.01938,0.02095,0.02315,0.02821,0.765602,0.00923,0.000653,0.74799,0.75825,0.7659,0.77218,0.78241
31.0,0.087345,0.00441,0.000312,0.0797,0.0842,0.087,0.09002,0.096,0.146696,0.00625,0.000442,0.13568,0.14218,0.1467,0.1515,0.15782,0.00943,0.00169,0.00012,0.0066,0.0082,0.0092,0.0104,0.013,0.011115,0.00165,0.000117,0.0081,0.0099,0.011,0.0122,0.0151,0.403225,0.00493,0.000349,0.39279,0.3999,0.4035,0.4062,0.41211,0.34219,0.00664,0.00047,0.3296,0.3379,0.3422,0.34742,0.354,0.020544,0.00296,0.000209,0.0152,0.0184,0.0201,0.0223,0.0271,0.765959,0.0092,0.000651,0.74829,0.75862,0.7661,0.77258,0.78242
31.25,0.087199,0.00439,0.00031,0.0796,0.0842,0.0868,0.0899,0.09581,0.146483,0.00625,0.000442,0.13529,0.14192,0.14655,0.15122,0.15772,0.009025,0.00164,0.000116,0.0065,0.0078,0.0087,0.01,0.01281,0.010662,0.00157,0.000111,0.0077,0.00958,0.0105,0.0118,0.01411,0.403776,0.0049,0.000346,0.39359,0.40027,0.4041,0.4066,0.41271,0.342855,0.00664,0.00047,0.3301,0.3384,0.3427,0.34812,0.35491,0.019687,0.00285,0.000201,0.0147,0.0177,0.0193,0.0214,0.0261,0.766318,0.00919,0.000649,0.7487,0.75895,0.7666,0.77285,0.78262
31.5,0.087049,0.00436,0.000308,0.0794,0.08408,0.0867,0.08972,0.09561,0.146272,0.00623,0.00044,0.13499,0.14172,0.14635,0.15092,0.15742,0.008597,0.0016,0.000113,0.006,0.0074,0.0083,0.0095,0.0123,0.01025,0.00152,0.000107,0.0076,0.0092,0.0101,0.0113,0.01351,0.404354,0.00485,0.000343,0.39458,0.4011,0.40485,0.4071,0.4133,0.343479,0.0066,0.000467,0.33089,0.33932,0.3433,0.34855,0.35541,0.018846,0.00278,0.000197,0.0141,0.0169,0.0185,0.02043,0.02482,0.76668,0.00913,0.000645,0.7492,0.75948,0.7671,0.77305,0.78292
31.75,0.086894,0.00436,0.000308,0.07939,0.0839,0.08655,0.08962,0.0956,0.146054,0.00623,0.000441,0.1347,0.14138,0.14615,0.1507,0.15731,0.00822,0.00157,0.000111,0.0057,0.007,0.00795,0.0092,0.0117,0.009878,0.00146,0.000104,0.0072,0.0088,0.0098,0.0108,0.013,0.404886,0.00483,0.000342,0.39509,0.4018,0.4052,0.40752,0.41361,0.344068,0.00659,0.000466,0.33178,0.33967,0.34395,0.3491,0.35582,0.018098,0.00271,0.000192,0.0134,0.0162,0.0177,0.01972,0.0237,0.767052,0.00913,0.000646,0.7498,0.75958,0.7673,0.77332,0.78332
32.0,0.086764,0.00436,0.000309,0.07919,0.0837,0.08645,0.08952,0.0956,0.14587,0.00622,0.00044,0.1345,0.1412,0.14595,0.1505,0.15712,0.007878,0.00152,0.000107,0.0056,0.0068,0.00765,0.0089,0.0114,0.009452,0.00142,0.000101,0.0068,0.0085,0.00935,0.0103,0.01212,0.405358,0.00478,0.000338,0.3953,0.4022,0.40575,0.4082,0.41401,0.344678,0.00656,0.000464,0.33258,0.34038,0.3443,0.3497,0.35642,0.01733,0.00259,0.000183,0.013,0.0155,0.017,0.01883,0.02281,0.767365,0.00911,0.000644,0.75009,0.75988,0.7676,0.77347,0.78382
32.25,0.08663,0.00435,0.000307,0.07909,0.08368,0.0863,0.0893,0.0954,0.145684,0.00622,0.00044,0.1343,0.14115,0.1458,0.1503,0.15701,0.007508,0.00146,0.000103,0.00519,0.0065,0.0073,0.0084,0.0107,0.009058,0.00146,0.000103,0.0065,0.00807,0.0089,0.0099,0.01192,0.405862,0.00473,0.000335,0.3959,0.40298,0.4064,0.4087,0.41431,0.345257,0.00654,0.000463,0.33289,0.34085,0.345,0.35005,0.35682,0.016566,0.00257,0.000182,0.0122,0.0148,0.01645,0.018,0.0225,0.767685,0.00909,0.000643,0.75049,0.76035,0.768,0.774,0.78392
32.5,0.086511,0.00433,0.000306,0.07909,0.0835,0.08615,0.08912,0.0953,0.145511,0.00621,0.000439,0.1343,0.1408,0.1457,0.15012,0.157,0.007183,0.0014,9.9e-5,0.0049,0.0062,0.007,0.00803,0.0104,0.008692,0.00141,0.0001,0.0062,0.0077,0.00865,0.0096,0.01151,0.406306,0.00468,0.000331,0.3965,0.40358,0.4066,0.40902,0.41451,0.345796,0.00651,0.00046,0.33348,0.34135,0.3456,0.35052,0.35742,0.015875,0.00248,0.000176,0.0114,0.0141,0.0157,0.0174,0.0214,0.767978,0.00906,0.00064,0.75089,0.7606,0.76845,0.77435,0.78441
32.75,0.086376,0.00432,0.000305,0.07908,0.0833,0.0859,0.08905,0.095,0.145334,0.00618,0.000437,0.1342,0.1407,0.14545,0.14982,0.15651,0.006867,0.0014,9.9e-5,0.0045,0.0059,0.0067,0.00762,0.0102,0.008318,0.0014,9.9e-5,0.0059,0.0074,0.0082,0.0092,0.011,0.406757,0.00468,0.000331,0.39709,0.40405,0.4071,0.4095,0.41462,0.346348,0.00649,0.000459,0.33379,0.34185,0.3462,0.3511,0.3582,0.015184,0.00247,0.000175,0.01089,0.0135,0.015,0.0167,0.02041,0.76829,0.00902,0.000638,0.7511,0.76102,0.7688,0.775,0.78481
33.0,0.086261,0.00429,0.000303,0.07888,0.08325,0.0859,0.0888,0.0948,0.145176,0.00618,0.000437,0.13399,0.1406,0.1453,0.14962,0.15631,0.006591,0.00135,9.5e-5,0.0042,0.0056,0.0064,0.0072,0.0098,0.007984,0.00136,9.6e-5,0.0057,0.0071,0.0079,0.0089,0.0107,0.407148,0.00465,0.000329,0.39768,0.4043,0.40755,0.40982,0.41512,0.346841,0.00646,0.000457,0.33448,0.34238,0.3467,0.35152,0.35861,0.014575,0.00238,0.000168,0.01069,0.01298,0.0143,0.01593,0.01961,0.768563,0.00899,0.000635,0.7514,0.76118,0.769,0.77522,0.78512
33.25,0.08615,0.00429,0.000303,0.07888,0.083,0.0857,0.08865,0.09451,0.145025,0.00617,0.000437,0.1338,0.1406,0.14515,0.14955,0.15611,0.006291,0.00132,9.4e-5,0.0039,0.0053,0.0061,0.007,0.00931,0.007635,0.00133,9.4e-5,0.0054,0.00678,0.0075,0.00842,0.01021,0.407558,0.00461,0.000326,0.39829,0.40488,0.4078,0.41022,0.41562,0.34734,0.00644,0.000455,0.33489,0.34298,0.34725,0.35195,0.3592,0.013926,0.00234,0.000165,0.0102,0.0122,0.0137,0.0153,0.01881,0.768824,0.00898,0.000635,0.7516,0.7613,0.7692,0.77548,0.78512
33.5,0.08604,0.00426,0.000301,0.07868,0.083,0.0856,0.08862,0.09441,0.144878,0.00615,0.000435,0.1337,0.1405,0.145,0.14945,0.15571,0.006023,0.00126,8.9e-5,0.0037,0.00518,0.0059,0.0067,0.0089,0.007309,0.00132,9.3e-5,0.0049,0.0064,0.0072,0.0081,0.0099,0.407938,0.00457,0.000323,0.3988,0.40518,0.40825,0.41065,0.41593,0.347813,0.00642,0.000454,0.3355,0.3435,0.34785,0.35242,0.35961,0.013332,0.00225,0.000159,0.0096,0.01168,0.01315,0.0148,0.01801,0.769083,0.00893,0.000632,0.75209,0.76158,0.76965,0.77572,0.78532
33.75,0.085956,0.00426,0.000301,0.07867,0.083,0.0855,0.0885,0.09441,0.144746,0.00615,0.000435,0.1337,0.1404,0.14475,0.14942,0.15571,0.005736,0.00123,8.7e-5,0.0036,0.0049,0.0056,0.00642,0.0083,0.006986,0.00131,9.3e-5,0.0047,0.006,0.0069,0.0077,0.00971,0.408308,0.00455,0.000322,0.39909,0.40555,0.4087,0.41102,0.41642,0.348268,0.0064,0.000452,0.33629,0.34398,0.3484,0.3528,0.36021,0.012723,0.00221,0.000157,0.0089,0.0111,0.01265,0.01402,0.0175,0.769299,0.00893,0.000631,0.75258,0.76175,0.7698,0.77585,0.78552
34.0,0.085863,0.00425,0.0003,0.07857,0.08288,0.0854,0.08842,0.09421,0.144624,0.00614,0.000434,0.1335,0.1403,0.1446,0.14932,0.1556,0.005472,0.00121,8.5e-5,0.0035,0.0047,0.0053,0.0061,0.0081,0.006673,0.00128,9.1e-5,0.0045,0.0057,0.0066,0.0074,0.0094,0.408665,0.00453,0.00032,0.39959,0.40588,0.409,0.41142,0.41672,0.348703,0.00634,0.000449,0.3367,0.3442,0.34875,0.35318,0.3606,0.012146,0.00215,0.000152,0.0083,0.0105,0.0121,0.01342,0.0167,0.769513,0.00891,0.00063,0.75278,0.76205,0.7701,0.77595,0.78572
34.25,0.085764,0.00423,0.000299,0.07847,0.08278,0.0853,0.0883,0.09411,0.144508,0.00612,0.000433,0.1334,0.14018,0.1446,0.14915,0.1553,0.005247,0.00117,8.3e-5,0.0032,0.0044,0.00515,0.0059,0.0079,0.006386,0.00124,8.8e-5,0.0042,0.0055,0.0062,0.0072,0.00901,0.408989,0.00451,0.000319,0.39999,0.40617,0.4092,0.41172,0.41683,0.349106,0.00633,0.000448,0.3369,0.3448,0.34915,0.35355,0.36091,0.011633,0.0021,0.000149,0.008,0.01008,0.01145,0.01292,0.01591,0.769728,0.00888,0.000628,0.75298,0.76235,0.7702,0.7761,0.78592
34.5,0.085688,0.00423,0.000299,0.07838,0.08278,0.0853,0.0883,0.09401,0.144392,0.00611,0.000432,0.1333,0.14,0.14455,0.14907,0.15521,0.004988,0.00111,7.9e-5,0.0029,0.00428,0.00485,0.0058,0.0073,0.006108,0.00122,8.6e-5,0.004,0.0052,0.006,0.0068,0.0087,0.409325,0.00448,0.000316,0.4006,0.40665,0.4097,0.41212,0.41713,0.3495,0.00631,0.000446,0.33759,0.34528,0.3495,0.35412,0.36101,0.011096,0.00202,0.000143,0.0076,0.0095,0.0111,0.0124,0.0153,0.76992,0.00887,0.000627,0.75328,0.7626,0.7703,0.77622,0.78632
34.75,0.085599,0.00424,0.0003,0.07818,0.0827,0.0853,0.0883,0.09401,0.144288,0.00611,0.000432,0.1332,0.13998,0.14445,0.14905,0.155,0.004783,0.00108,7.6e-5,0.0028,0.0041,0.0047,0.00542,0.007,0.005823,0.00117,8.3e-5,0.0038,0.005,0.0057,0.00642,0.0083,0.409618,0.00446,0.000315,0.401,0.407,0.4099,0.41262,0.41742,0.349888,0.0063,0.000446,0.33789,0.34552,0.34995,0.35432,0.36161,0.010606,0.00196,0.000139,0.0069,0.0091,0.0106,0.0117,0.01451,0.770113,0.00886,0.000626,0.75377,0.7627,0.77065,0.7764,0.78671
35.0,0.08552,0.00423,0.000299,0.07808,0.0826,0.0852,0.0882,0.09392,0.144182,0.0061,0.000431,0.1331,0.13988,0.1444,0.14882,0.15481,0.004584,0.00104,7.3e-5,0.0027,0.0039,0.0046,0.0052,0.00651,0.005579,0.00116,8.2e-5,0.0037,0.0048,0.0055,0.0062,0.0079,0.409897,0.00444,0.000314,0.40149,0.40725,0.4102,0.41282,0.41811,0.350238,0.00631,0.000446,0.33848,0.34592,0.35035,0.35462,0.36181,0.010162,0.00191,0.000135,0.0067,0.0087,0.0101,0.0113,0.0141,0.770298,0.00884,0.000625,0.75407,0.7631,0.7708,0.7766,0.78701
35.25,0.085452,0.00423,0.000299,0.07808,0.0825,0.08515,0.08812,0.09392,0.144076,0.0061,0.000431,0.1329,0.1398,0.1443,0.14858,0.15471,0.004388,0.00101,7.1e-5,0.0026,0.0037,0.0043,0.005,0.0063,0.005368,0.00113,8.0e-5,0.0034,0.00458,0.0053,0.006,0.0076,0.410161,0.00442,0.000313,0.4017,0.40748,0.41045,0.4131,0.4184,0.350556,0.00629,0.000444,0.33869,0.3462,0.3507,0.35495,0.36221,0.009756,0.00186,0.000131,0.0066,0.0083,0.0097,0.0109,0.0135,0.770473,0.00883,0.000624,0.75417,0.76327,0.7709,0.77682,0.7874
35.5,0.085381,0.00422,0.000299,0.07798,0.0825,0.0851,0.08792,0.09391,0.143974,0.00608,0.00043,0.1329,0.13977,0.14425,0.14853,0.15442,0.004206,0.00098,6.9e-5,0.0025,0.0036,0.0042,0.0048,0.0061,0.005165,0.0011,7.8e-5,0.0033,0.0044,0.005,0.0059,0.00751,0.410413,0.00442,0.000312,0.40228,0.40775,0.4108,0.4135,0.4187,0.350861,0.00627,0.000443,0.33958,0.3465,0.35095,0.35522,0.3627,0.009372,0.00181,0.000128,0.0063,0.0079,0.0093,0.01042,0.0132,0.770646,0.0088,0.000622,0.75437,0.76358,0.7711,0.77693,0.7875
35.75,0.085311,0.00422,0.000298,0.07798,0.08248,0.0851,0.08792,0.09381,0.143876,0.00607,0.000429,0.1329,0.1397,0.14425,0.14842,0.15442,0.004037,0.00096,6.8e-5,0.0024,0.0034,0.004,0.0046,0.0059,0.004945,0.00107,7.6e-5,0.0032,0.00418,0.0048,0.0057,0.0072,0.410652,0.0044,0.000311,0.40239,0.408,0.4111,0.4136,0.41881,0.351178,0.00627,0.000443,0.34017,0.34685,0.3512,0.35563,0.36281,0.008982,0.00177,0.000125,0.00599,0.0076,0.0089,0.01012,0.01223,0.770813,0.00878,0.000621,0.75446,0.76385,0.7712,0.777,0.78761
36.0,0.08526,0.00421,0.000298,0.07798,0.08248,0.0851,0.08792,0.09372,0.143796,0.00607,0.000429,0.13289,0.1397,0.1442,0.14825,0.15441,0.003839,0.00093,6.6e-5,0.0023,0.0032,0.0038,0.0044,0.0057,0.004711,0.00105,7.4e-5,0.003,0.004,0.0046,0.00542,0.0068,0.410901,0.00439,0.00031,0.40259,0.40822,0.4114,0.41372,0.4191,0.351493,0.00626,0.000443,0.34037,0.34722,0.3515,0.35592,0.3636,0.00855,0.00172,0.000122,0.0056,0.0072,0.0085,0.0096,0.01191,0.770945,0.00878,0.000621,0.75456,0.76398,0.7713,0.77722,0.78771
36.25,0.085202,0.00421,0.000298,0.07798,0.08238,0.085,0.0879,0.09372,0.14371,0.00607,0.000429,0.13289,0.1396,0.1441,0.14822,0.15441,0.003644,0.00088,6.2e-5,0.0021,0.003,0.0036,0.0042,0.00531,0.004508,0.00102,7.2e-5,0.0029,0.0037,0.0045,0.0051,0.0067,0.411154,0.00436,0.000309,0.40298,0.40845,0.4116,0.414,0.4193,0.351782,0.00624,0.000441,0.34077,0.3474,0.35185,0.35612,0.3638,0.008151,0.00167,0.000118,0.0054,0.0069,0.0081,0.0092,0.01181,0.771087,0.00878,0.000621,0.75476,0.7641,0.7714,0.77738,0.78781
36.5,0.085148,0.00421,0.000298,0.07798,0.08218,0.0849,0.0878,0.09362,0.143642,0.00607,0.000429,0.13279,0.13958,0.14405,0.14812,0.15431,0.003474,0.00086,6.1e-5,0.0021,0.0029,0.0034,0.004,0.00511,0.00431,0.00099,7.0e-5,0.0027,0.00358,0.00425,0.0049,0.0062,0.411378,0.00435,0.000308,0.40338,0.40868,0.4118,0.4142,0.4194,0.352048,0.00624,0.000441,0.34098,0.34767,0.3521,0.3564,0.364,0.007784,0.00161,0.000114,0.0052,0.0065,0.00775,0.0088,0.01141,0.77121,0.00877,0.00062,0.75486,0.76418,0.77155,0.77747,0.78781
36.75,0.085098,0.0042,0.000297,0.07788,0.08218,0.08485,0.0878,0.09352,0.143564,0.00607,0.000429,0.13279,0.13948,0.14405,0.14802,0.15421,0.003335,0.00084,5.9e-5,0.0019,0.0028,0.0033,0.0039,0.005,0.004117,0.00093,6.5e-5,0.0026,0.0034,0.004,0.0048,0.0059,0.411566,0.00434,0.000307,0.40358,0.40888,0.41195,0.41433,0.41941,0.352319,0.0062,0.000438,0.34138,0.348,0.35245,0.3566,0.36411,0.007452,0.00152,0.000108,0.0051,0.00628,0.0073,0.0085,0.01081,0.771338,0.00876,0.000619,0.75516,0.76435,0.7717,0.77767,0.78802
37.0,0.085049,0.0042,0.000297,0.07787,0.0821,0.08485,0.08772,0.09352,0.14349,0.00606,0.000429,0.1327,0.1393,0.1439,0.14785,0.15412,0.003182,0.00085,6.0e-5,0.0018,0.00258,0.0031,0.0038,0.0049,0.003957,0.00092,6.5e-5,0.0025,0.0033,0.0038,0.0046,0.0059,0.411769,0.00435,0.000308,0.40368,0.409,0.41215,0.4146,0.4199,0.352553,0.0062,0.000438,0.34158,0.3482,0.3527,0.35682,0.36421,0.00714,0.00152,0.000108,0.0048,0.006,0.007,0.0081,0.0106,0.771461,0.00875,0.000619,0.75555,0.7645,0.7718,0.77772,0.78802
37.25,0.084994,0.00418,0.000296,0.07778,0.0821,0.0848,0.0876,0.09342,0.143416,0.00606,0.000429,0.1327,0.1393,0.1439,0.14777,0.15402,0.003046,0.00083,5.8e-5,0.0016,0.0024,0.003,0.0036,0.00471,0.003797,0.00089,6.3e-5,0.0024,0.0032,0.0036,0.0044,0.00551,0.411959,0.00435,0.000307,0.40369,0.40908,0.4124,0.41472,0.41991,0.352786,0.00616,0.000436,0.34178,0.3484,0.3528,0.35712,0.36432,0.006844,0.00147,0.000104,0.0047,0.0056,0.0067,0.0078,0.01,0.77159,0.00874,0.000618,0.75594,0.76475,0.77195,0.77788,0.78821
37.5,0.084937,0.00418,0.000296,0.07778,0.08208,0.08475,0.08752,0.09341,0.143354,0.00606,0.000429,0.1324,0.13928,0.1438,0.14772,0.15402,0.002919,0.00081,5.7e-5,0.0016,0.0023,0.00285,0.0035,0.0045,0.00364,0.00089,6.3e-5,0.0023,0.003,0.0035,0.0043,0.0056,0.412143,0.00432,0.000306,0.40388,0.4092,0.4126,0.415,0.41991,0.353006,0.00616,0.000436,0.34208,0.3486,0.3529,0.35742,0.36452,0.006559,0.00145,0.000103,0.0043,0.0053,0.0065,0.0076,0.0098,0.771708,0.00872,0.000617,0.75604,0.7648,0.77195,0.77788,0.78831
37.75,0.084902,0.00418,0.000296,0.07778,0.082,0.08475,0.08752,0.09341,0.143296,0.00605,0.000428,0.1324,0.13928,0.1437,0.1477,0.15402,0.00278,0.00079,5.6e-5,0.0015,0.00217,0.0027,0.0033,0.00421,0.003472,0.0009,6.4e-5,0.0021,0.0028,0.0033,0.0041,0.00531,0.412318,0.00431,0.000305,0.40408,0.4095,0.41265,0.4152,0.4201,0.353231,0.00616,0.000436,0.34247,0.3488,0.3531,0.3576,0.36481,0.006253,0.00143,0.000101,0.004,0.0052,0.0061,0.0073,0.0094,0.771801,0.00871,0.000616,0.75644,0.76495,0.77215,0.77795,0.78841
38.0,0.084861,0.00418,0.000295,0.07778,0.08188,0.0847,0.0875,0.09341,0.143234,0.00605,0.000427,0.1324,0.13918,0.1436,0.14755,0.15392,0.002656,0.00078,5.5e-5,0.0013,0.002,0.00265,0.0032,0.0041,0.003314,0.00087,6.1e-5,0.002,0.0026,0.0032,0.00392,0.0052,0.412483,0.00433,0.000306,0.40418,0.4096,0.4128,0.41532,0.42021,0.353452,0.00614,0.000434,0.34268,0.34905,0.3533,0.3578,0.36481,0.005971,0.0014,9.9e-5,0.0037,0.0049,0.0059,0.007,0.00881,0.771906,0.0087,0.000615,0.75654,0.76508,0.7722,0.77808,0.78841
38.25,0.084823,0.00417,0.000295,0.07778,0.0818,0.08465,0.08742,0.09341,0.143176,0.00604,0.000427,0.13239,0.13918,0.1435,0.14755,0.15392,0.002528,0.00076,5.4e-5,0.0013,0.0019,0.0025,0.003,0.004,0.003186,0.00085,6.0e-5,0.0019,0.0025,0.0031,0.00372,0.005,0.412648,0.00432,0.000305,0.40438,0.4098,0.413,0.4156,0.42051,0.353639,0.00613,0.000434,0.34287,0.34918,0.35345,0.35802,0.36482,0.005713,0.00135,9.6e-5,0.0035,0.0046,0.0057,0.0067,0.0086,0.772001,0.00869,0.000614,0.75664,0.76518,0.77225,0.77808,0.78842
38.5,0.084785,0.00417,0.000295,0.07777,0.08178,0.08465,0.08733,0.09341,0.143124,0.00604,0.000427,0.13239,0.13918,0.14345,0.1475,0.15392,0.002425,0.00075,5.3e-5,0.0012,0.0018,0.0024,0.00292,0.0039,0.003048,0.00082,5.8e-5,0.0019,0.0024,0.0029,0.0036,0.0047,0.41279,0.00431,0.000305,0.40459,0.40995,0.41315,0.4157,0.42061,0.353828,0.00611,0.000432,0.34297,0.34928,0.3537,0.35822,0.36501,0.005473,0.00132,9.3e-5,0.0033,0.00448,0.0054,0.0064,0.0082,0.772091,0.00868,0.000613,0.75693,0.7654,0.77235,0.77822,0.78852
38.75,0.084751,0.00417,0.000295,0.07768,0.08178,0.08455,0.0873,0.09341,0.143067,0.00603,0.000427,0.13239,0.13908,0.1434,0.14742,0.15372,0.002317,0.00075,5.3e-5,0.0011,0.0017,0.0023,0.0028,0.0038,0.002921,0.0008,5.7e-5,0.0017,0.0023,0.0028,0.0034,0.0046,0.412932,0.0043,0.000304,0.40459,0.41008,0.4134,0.4159,0.42061,0.354011,0.0061,0.000432,0.34298,0.3494,0.3538,0.3584,0.36521,0.005238,0.0013,9.2e-5,0.0032,0.00428,0.0052,0.0061,0.0081,0.772182,0.00867,0.000613,0.75703,0.7655,0.7724,0.77832,0.78872
39.0,0.084722,0.00417,0.000295,0.07748,0.08178,0.08455,0.08722,0.09341,0.143018,0.00604,0.000427,0.13238,0.139,0.1433,0.14732,0.15372,0.002203,0.00072,5.1e-5,0.001,0.0017,0.0022,0.0027,0.0036,0.002802,0.00077,5.4e-5,0.0017,0.0022,0.0027,0.0033,0.00441,0.413074,0.00429,0.000303,0.4047,0.4103,0.4135,0.41602,0.42081,0.35418,0.00609,0.000431,0.34327,0.34968,0.35405,0.35852,0.36531,0.005004,0.00125,8.8e-5,0.0031,0.004,0.005,0.00582,0.0078,0.772259,0.00867,0.000613,0.75704,0.76568,0.77245,0.77832,0.78891
39.25,0.084697,0.00417,0.000295,0.07748,0.0817,0.08455,0.0872,0.09341,0.142975,0.00603,0.000426,0.13238,0.139,0.14305,0.1473,0.15362,0.002097,0.00071,5.0e-5,0.001,0.0016,0.00205,0.0026,0.00351,0.002666,0.00077,5.4e-5,0.0015,0.0021,0.0025,0.0032,0.0045,0.413206,0.00429,0.000303,0.40489,0.41037,0.41365,0.4162,0.42111,0.354358,0.00607,0.000429,0.34357,0.34977,0.3541,0.35865,0.3655,0.004764,0.00123,8.7e-5,0.0029,0.0038,0.0047,0.0056,0.00731,0.772328,0.00866,0.000612,0.75714,0.7657,0.7725,0.77842,0.78891
39.5,0.084668,0.00417,0.000295,0.07748,0.08168,0.08455,0.0872,0.09341,0.142934,0.00602,0.000426,0.13238,0.139,0.143,0.14722,0.15353,0.001995,0.00069,4.9e-5,0.0008,0.0015,0.0019,0.0025,0.0034,0.002544,0.00074,5.2e-5,0.0014,0.002,0.0024,0.003,0.0042,0.413336,0.00428,0.000303,0.40509,0.41058,0.41375,0.4162,0.42121,0.354521,0.00606,0.000429,0.34377,0.35002,0.3543,0.35875,0.3655,0.00454,0.00119,8.4e-5,0.0027,0.0036,0.0045,0.0053,0.00711,0.772397,0.00866,0.000612,0.75714,0.7658,0.7725,0.7785,0.78892
39.75,0.08464,0.00417,0.000295,0.07748,0.0816,0.0845,0.08712,0.09331,0.142884,0.00602,0.000426,0.13228,0.13898,0.14285,0.1472,0.15352,0.001909,0.00068,4.8e-5,0.0008,0.0014,0.0018,0.00232,0.0034,0.002433,0.00071,5.0e-5,0.0014,0.0019,0.0023,0.0029,0.0041,0.41345,0.00428,0.000303,0.40509,0.41075,0.4138,0.4164,0.42122,0.354684,0.00605,0.000428,0.34387,0.35018,0.35455,0.3591,0.36561,0.004342,0.00116,8.2e-5,0.0026,0.0034,0.00425,0.0051,0.0068,0.772476,0.00866,0.000612,0.75724,0.7658,0.77255,0.77852,0.78892
40.0,0.084611,0.00417,0.000295,0.07748,0.0816,0.0845,0.0871,0.09331,0.142849,0.00601,0.000425,0.13228,0.13898,0.14285,0.14712,0.15352,0.001818,0.00067,4.7e-5,0.0007,0.0013,0.0017,0.0023,0.0034,0.002316,0.00067,4.7e-5,0.0013,0.0018,0.0022,0.0027,0.0039,0.413572,0.00427,0.000302,0.4051,0.41088,0.4139,0.4164,0.42142,0.354836,0.00605,0.000428,0.34397,0.3502,0.3547,0.3591,0.36581,0.004133,0.00112,7.9e-5,0.0023,0.0033,0.004,0.0049,0.0066,0.772541,0.00865,0.000612,0.75724,0.76602,0.77255,0.7786,0.78902
40.25,0.084587,0.00417,0.000295,0.07748,0.0816,0.08445,0.0871,0.09331,0.142809,0.00601,0.000425,0.13218,0.13888,0.14285,0.14712,0.15352,0.001744,0.00065,4.6e-5,0.0007,0.0013,0.0017,0.00213,0.0032,0.00221,0.00066,4.7e-5,0.0012,0.0017,0.0021,0.0027,0.0037,0.41367,0.00426,0.000301,0.40539,0.4109,0.41405,0.4165,0.42151,0.354981,0.00606,0.000428,0.34408,0.35048,0.35495,0.35922,0.366,0.003953,0.00109,7.7e-5,0.0021,0.0031,0.0038,0.0047,0.0062,0.772604,0.00865,0.000611,0.75725,0.76612,0.7727,0.7786,0.78902
40.5,0.084564,0.00417,0.000295,0.07748,0.0815,0.0844,0.0871,0.09331,0.142773,0.00601,0.000425,0.13218,0.13885,0.14285,0.1471,0.15352,0.001664,0.00063,4.5e-5,0.0006,0.0012,0.00155,0.002,0.0032,0.002099,0.00065,4.6e-5,0.0011,0.0016,0.002,0.0025,0.0036,0.413772,0.00425,0.0003,0.4054,0.41108,0.41415,0.41652,0.42161,0.355128,0.00606,0.000429,0.34418,0.3506,0.3552,0.3594,0.3661,0.003762,0.00105,7.4e-5,0.002,0.003,0.0036,0.0045,0.0059,0.772663,0.00865,0.000611,0.75744,0.76615,0.7727,0.77862,0.78912
40.75,0.084545,0.00417,0.000295,0.07748,0.0815,0.0843,0.0871,0.09331,0.142742,0.00601,0.000425,0.13218,0.13885,0.1428,0.14702,0.15352,0.001578,0.00061,4.3e-5,0.0006,0.0012,0.0015,0.0019,0.0031,0.001991,0.00061,4.3e-5,0.001,0.0015,0.002,0.0024,0.0033,0.413877,0.00424,0.0003,0.4056,0.4111,0.4142,0.41652,0.42161,0.355266,0.00604,0.000427,0.34418,0.3508,0.35525,0.35952,0.3663,0.003569,0.00099,7.0e-5,0.0018,0.0029,0.0035,0.0042,0.0057,0.772713,0.00865,0.000611,0.75744,0.76615,0.7727,0.77865,0.78913
41.0,0.084523,0.00417,0.000295,0.07748,0.0815,0.0843,0.08702,0.09331,0.142708,0.006,0.000424,0.13218,0.13885,0.14275,0.14702,0.15352,0.001501,0.00058,4.1e-5,0.0006,0.0011,0.0015,0.0018,0.0029,0.001906,0.0006,4.2e-5,0.001,0.00148,0.0019,0.0023,0.0032,0.413975,0.00422,0.000298,0.4057,0.41128,0.4144,0.4167,0.42161,0.355387,0.00604,0.000427,0.34428,0.351,0.3553,0.3597,0.3664,0.003407,0.00096,6.8e-5,0.0018,0.0027,0.0033,0.004,0.0055,0.77277,0.00864,0.000611,0.75744,0.76615,0.77275,0.77872,0.78913
41.25,0.084498,0.00417,0.000295,0.07748,0.0815,0.08425,0.08702,0.09321,0.142676,0.006,0.000424,0.13208,0.13882,0.14275,0.14702,0.15352,0.00144,0.00056,4.0e-5,0.0005,0.001,0.0014,0.00172,0.00271,0.001822,0.00058,4.1e-5,0.001,0.0013,0.0018,0.0022,0.0031,0.414062,0.00422,0.000298,0.4057,0.41138,0.4146,0.4168,0.42161,0.355502,0.00604,0.000427,0.34439,0.351,0.3554,0.35972,0.3666,0.003262,0.00094,6.6e-5,0.0017,0.0026,0.0032,0.0039,0.0053,0.772826,0.00864,0.000611,0.75755,0.76615,0.77275,0.77875,0.78913
41.5,0.084473,0.00418,0.000295,0.07747,0.08147,0.0842,0.08702,0.09321,0.142652,0.006,0.000424,0.13198,0.13868,0.14275,0.147,0.15352,0.001374,0.00055,3.9e-5,0.0005,0.001,0.0013,0.0017,0.0026,0.001744,0.00056,4.0e-5,0.0009,0.0013,0.0017,0.0021,0.0029,0.414152,0.00421,0.000298,0.4058,0.41152,0.4146,0.41692,0.42161,0.355604,0.00605,0.000428,0.34449,0.35118,0.3555,0.3599,0.3666,0.003118,0.00091,6.4e-5,0.0015,0.0025,0.0031,0.0036,0.00511,0.772876,0.00864,0.000611,0.75755,0.76618,0.77285,0.77875,0.78913
41.75,0.084455,0.00418,0.000296,0.07747,0.08147,0.0842,0.08702,0.09321,0.142629,0.006,0.000424,0.13198,0.13868,0.14275,0.147,0.15352,0.001314,0.00054,3.8e-5,0.0005,0.001,0.0013,0.0016,0.0025,0.001649,0.00054,3.8e-5,0.0007,0.0013,0.0016,0.002,0.0027,0.414232,0.0042,0.000297,0.4058,0.41165,0.4146,0.4171,0.42161,0.355723,0.00604,0.000427,0.3447,0.35125,0.3555,0.36003,0.36661,0.002963,0.00088,6.2e-5,0.0014,0.00238,0.0029,0.0035,0.005,0.772917,0.00865,0.000611,0.75755,0.76628,0.77285,0.77875,0.78914
42.0,0.084442,0.00418,0.000296,0.07747,0.08147,0.0842,0.08702,0.09321,0.142597,0.00599,0.000424,0.13198,0.1386,0.14265,0.147,0.15343,0.001238,0.00051,3.6e-5,0.0004,0.0009,0.0012,0.0015,0.0024,0.001595,0.00052,3.7e-5,0.0008,0.0012,0.0016,0.002,0.0027,0.41432,0.00419,0.000296,0.4059,0.4117,0.41465,0.41712,0.42162,0.355808,0.00604,0.000427,0.34489,0.35135,0.35555,0.3601,0.36671,0.002833,0.00085,6.0e-5,0.0014,0.00228,0.0028,0.0033,0.0048,0.772961,0.00865,0.000611,0.75765,0.76628,0.77285,0.77883,0.78914
42.25,0.084425,0.00419,0.000296,0.07737,0.08147,0.0842,0.08702,0.09311,0.14257,0.006,0.000424,0.13198,0.1386,0.14265,0.14692,0.15343,0.001181,0.0005,3.5e-5,0.0004,0.0008,0.0011,0.0014,0.00221,0.001519,0.0005,3.5e-5,0.0007,0.0012,0.0015,0.0019,0.0026,0.414394,0.0042,0.000297,0.4059,0.41178,0.4148,0.4173,0.42162,0.355911,0.00603,0.000426,0.34509,0.35148,0.3556,0.36012,0.36672,0.0027,0.00082,5.8e-5,0.0013,0.0022,0.0026,0.00312,0.00451,0.773005,0.00865,0.000612,0.75775,0.7663,0.7729,0.7789,0.78924
42.5,0.084409,0.00419,0.000296,0.07737,0.0814,0.0842,0.08702,0.09311,0.142545,0.006,0.000424,0.13188,0.1385,0.1426,0.14692,0.15343,0.001117,0.00047,3.3e-5,0.0004,0.0008,0.00105,0.0014,0.002,0.001452,0.00048,3.4e-5,0.0007,0.0011,0.0014,0.0018,0.0025,0.414474,0.00419,0.000296,0.4061,0.41185,0.4148,0.4173,0.42162,0.356003,0.00602,0.000426,0.34509,0.3517,0.3557,0.3602,0.36672,0.002568,0.00078,5.5e-5,0.0013,0.002,0.0025,0.0029,0.0044,0.773046,0.00865,0.000612,0.75775,0.7663,0.7729,0.779,0.78924
42.75,0.084396,0.00418,0.000296,0.07737,0.0814,0.08415,0.08702,0.09311,0.142521,0.006,0.000424,0.13188,0.13838,0.1426,0.14692,0.15343,0.001072,0.00045,3.2e-5,0.0004,0.0008,0.001,0.0014,0.002,0.001384,0.00047,3.3e-5,0.0006,0.00108,0.0013,0.00172,0.0024,0.414532,0.00418,0.000296,0.4061,0.41198,0.4149,0.4173,0.42162,0.356096,0.00602,0.000426,0.34519,0.3517,0.3559,0.3602,0.36691,0.002456,0.00076,5.4e-5,0.0013,0.0019,0.0024,0.0028,0.0042,0.773084,0.00865,0.000612,0.75776,0.76638,0.77295,0.779,0.78924
43.0,0.084381,0.00418,0.000296,0.07737,0.0814,0.0841,0.08702,0.09311,0.142501,0.006,0.000424,0.13188,0.13838,0.14255,0.14692,0.15343,0.001025,0.00043,3.1e-5,0.0003,0.0007,0.001,0.0013,0.0019,0.001322,0.00045,3.2e-5,0.0005,0.001,0.0013,0.0016,0.0022,0.414595,0.00418,0.000296,0.4062,0.412,0.4149,0.41732,0.42172,0.356178,0.00603,0.000426,0.3453,0.35178,0.35595,0.36022,0.36702,0.002346,0.00073,5.1e-5,0.0012,0.0019,0.0023,0.0027,0.00391,0.773118,0.00865,0.000612,0.75776,0.76638,0.773,0.779,0.78924
43.25,0.084366,0.00419,0.000296,0.07737,0.0814,0.0841,0.087,0.09311,0.142477,0.006,0.000424,0.13188,0.1383,0.14255,0.14685,0.15343,0.000984,0.00043,3.0e-5,0.0003,0.0007,0.00095,0.0013,0.0018,0.001275,0.00045,3.2e-5,0.0005,0.0009,0.0013,0.0016,0.0021,0.414651,0.00418,0.000296,0.40629,0.41208,0.41495,0.4176,0.42172,0.356249,0.00602,0.000426,0.34549,0.3518,0.35595,0.36022,0.36702,0.002258,0.00071,5.0e-5,0.001,0.0018,0.0022,0.0026,0.0038,0.773158,0.00865,0.000612,0.75786,0.7664,0.7731,0.779,0.78924
43.5,0.084353,0.00418,0.000296,0.07737,0.08138,0.0841,0.087,0.09302,0.142458,0.006,0.000424,0.13188,0.13828,0.14255,0.14685,0.15343,0.000935,0.00042,3.0e-5,0.0002,0.0006,0.0009,0.0012,0.0018,0.001223,0.00043,3.0e-5,0.0004,0.0009,0.0012,0.0015,0.0021,0.414712,0.0042,0.000297,0.40629,0.4121,0.41495,0.4176,0.42193,0.356319,0.00602,0.000426,0.34549,0.3519,0.35595,0.36042,0.36702,0.002159,0.0007,4.9e-5,0.0009,0.0016,0.0021,0.0026,0.0037,0.773189,0.00865,0.000612,0.75796,0.76655,0.77315,0.77903,0.78924
43.75,0.084341,0.00418,0.000295,0.07737,0.0813,0.0841,0.087,0.09292,0.142433,0.006,0.000424,0.13188,0.13818,0.14255,0.1468,0.15343,0.000884,0.00042,2.9e-5,0.0002,0.0006,0.0009,0.0012,0.0017,0.001166,0.00041,2.9e-5,0.0004,0.0009,0.0011,0.0015,0.0019,0.414775,0.0042,0.000297,0.40639,0.4122,0.415,0.4177,0.42193,0.356402,0.00602,0.000425,0.34559,0.35198,0.356,0.36062,0.36702,0.002049,0.00068,4.8e-5,0.0009,0.0016,0.002,0.0024,0.0036,0.773226,0.00865,0.000612,0.75816,0.76655,0.7732,0.77903,0.78924
44.0,0.084332,0.00418,0.000296,0.07737,0.0813,0.0841,0.08692,0.09292,0.142413,0.00599,0.000424,0.13188,0.1381,0.14255,0.14672,0.15343,0.000836,0.0004,2.8e-5,0.0002,0.0005,0.0008,0.0011,0.0017,0.001116,0.0004,2.8e-5,0.0003,0.0008,0.0011,0.0014,0.0018,0.414833,0.00419,0.000296,0.40639,0.41227,0.415,0.41772,0.42193,0.356472,0.00602,0.000426,0.34559,0.35212,0.35605,0.3607,0.36702,0.001951,0.00066,4.7e-5,0.0008,0.0015,0.0019,0.0023,0.00331,0.773255,0.00865,0.000612,0.75825,0.76655,0.7732,0.77903,0.78924
44.25,0.084321,0.00418,0.000296,0.07737,0.0813,0.0841,0.08692,0.09292,0.142397,0.006,0.000424,0.13188,0.1381,0.14255,0.14672,0.15343,0.000796,0.00039,2.7e-5,0.0002,0.0005,0.0007,0.0011,0.0017,0.001071,0.00039,2.8e-5,0.0004,0.0008,0.0011,0.0013,0.0019,0.414884,0.00418,0.000296,0.40639,0.4123,0.41505,0.4178,0.42193,0.356533,0.00602,0.000426,0.34559,0.35222,0.35625,0.3607,0.36702,0.001867,0.00064,4.5e-5,0.0008,0.0014,0.0018,0.0023,0.0033,0.773283,0.00865,0.000612,0.75835,0.76658,0.77325,0.7791,0.78934
44.5,0.084312,0.00418,0.000296,0.07737,0.08128,0.0841,0.08692,0.09292,0.142384,0.006,0.000424,0.13188,0.1381,0.1425,0.14672,0.15343,0.000763,0.00038,2.7e-5,0.0002,0.0005,0.0007,0.001,0.0016,0.000999,0.00038,2.7e-5,0.0003,0.0008,0.001,0.0012,0.0017,0.414925,0.00417,0.000295,0.40659,0.41238,0.4151,0.4178,0.42193,0.356617,0.006,0.000424,0.34579,0.35228,0.3563,0.36075,0.36702,0.001762,0.00061,4.3e-5,0.0007,0.0014,0.0017,0.0022,0.003,0.773304,0.00865,0.000612,0.75855,0.7667,0.77325,0.77912,0.78944
44.75,0.084304,0.00419,0.000296,0.07737,0.08128,0.0841,0.08692,0.09292,0.14237,0.00599,0.000424,0.13188,0.1381,0.1425,0.14672,0.15343,0.000714,0.00036,2.6e-5,0.0001,0.0005,0.0007,0.0009,0.0015,0.000952,0.00037,2.6e-5,0.0003,0.0007,0.0009,0.0012,0.0017,0.414981,0.00417,0.000295,0.40659,0.41247,0.4152,0.4179,0.42203,0.356678,0.00601,0.000425,0.34579,0.3523,0.35635,0.36075,0.36712,0.001666,0.00059,4.2e-5,0.0007,0.00127,0.0016,0.0021,0.0029,0.773326,0.00865,0.000612,0.75865,0.76678,0.77325,0.77912,0.78944
45.0,0.084294,0.00418,0.000296,0.07737,0.08128,0.0841,0.08692,0.09292,0.142352,0.00599,0.000424,0.13188,0.1381,0.1425,0.1467,0.15343,0.000684,0.00035,2.5e-5,0.0001,0.0005,0.0006,0.0009,0.0014,0.000901,0.00036,2.5e-5,0.0003,0.0006,0.0009,0.0011,0.0017,0.415022,0.00418,0.000296,0.4066,0.41247,0.4152,0.4179,0.42203,0.356746,0.00601,0.000425,0.34579,0.3523,0.3565,0.36082,0.36713,0.001585,0.00057,4.0e-5,0.0006,0.0012,0.0015,0.002,0.0027,0.773353,0.00865,0.000612,0.75865,0.76678,0.7734,0.7792,0.78944
45.25,0.084284,0.00418,0.000296,0.07737,0.08128,0.0841,0.08692,0.09292,0.142342,0.00599,0.000424,0.13188,0.1381,0.1425,0.1467,0.15342,0.000655,0.00035,2.5e-5,0.0001,0.0004,0.0006,0.00082,0.0014,0.000851,0.00035,2.5e-5,0.0002,0.0006,0.0008,0.0011,0.0016,0.41506,0.00418,0.000296,0.4066,0.41247,0.41525,0.4179,0.42203,0.356807,0.00602,0.000425,0.34579,0.35238,0.3566,0.3609,0.36722,0.001506,0.00056,4.0e-5,0.0006,0.0011,0.0015,0.0019,0.0027,0.773374,0.00865,0.000612,0.75866,0.76678,0.7734,0.7792,0.78944
45.5,0.084274,0.00418,0.000296,0.07737,0.08128,0.0841,0.08692,0.09292,0.142328,0.00599,0.000424,0.13188,0.1381,0.14245,0.1467,0.15342,0.000627,0.00034,2.4e-5,0.0001,0.0004,0.0006,0.0008,0.0013,0.000809,0.00034,2.4e-5,0.0002,0.0006,0.0008,0.0011,0.0015,0.415099,0.00418,0.000296,0.4066,0.41247,0.4153,0.4179,0.42203,0.356862,0.00602,0.000426,0.34579,0.3524,0.35665,0.3609,0.36722,0.001436,0.00055,3.9e-5,0.0005,0.001,0.0013,0.0018,0.0025,0.773398,0.00865,0.000612,0.75876,0.76685,0.7734,0.7792,0.78944
45.75,0.084266,0.00418,0.000296,0.07737,0.08128,0.08405,0.08692,0.09292,0.142316,0.00599,0.000423,0.13188,0.1381,0.14245,0.1467,0.15342,0.0006,0.00033,2.3e-5,0.0001,0.0004,0.0006,0.0008,0.0013,0.000779,0.00032,2.3e-5,0.0002,0.0005,0.0008,0.001,0.0014,0.415133,0.00418,0.000296,0.4066,0.41258,0.41535,0.4179,0.42203,0.356906,0.00601,0.000425,0.34579,0.3524,0.3567,0.36095,0.36732,0.001379,0.00053,3.7e-5,0.0004,0.001,0.0013,0.0017,0.00241,0.773418,0.00865,0.000612,0.75876,0.76693,0.77345,0.77922,0.78944
46.0,0.08426,0.00418,0.000296,0.07737,0.08128,0.084,0.08692,0.09292,0.1423,0.00599,0.000424,0.13188,0.13805,0.14245,0.1467,0.15342,0.000574,0.00031,2.2e-5,0.0001,0.0003,0.0005,0.0008,0.0012,0.000752,0.00031,2.2e-5,0.0002,0.0005,0.00075,0.001,0.0014,0.415166,0.00418,0.000296,0.40669,0.4126,0.41535,0.41792,0.42203,0.356949,0.00601,0.000425,0.34588,0.3525,0.3567,0.36095,0.36742,0.001326,0.00051,3.6e-5,0.0004,0.001,0.0013,0.0017,0.0023,0.773441,0.00865,0.000612,0.75885,0.76693,0.77345,0.77922,0.78954
46.25,0.084253,0.00418,0.000296,0.07737,0.08128,0.084,0.08692,0.09292,0.142287,0.00599,0.000424,0.13178,0.13802,0.14245,0.1467,0.15342,0.000547,0.0003,2.1e-5,0.0001,0.0003,0.0005,0.0007,0.0012,0.000722,0.00031,2.2e-5,0.0002,0.0005,0.0007,0.0009,0.0014,0.4152,0.00419,0.000296,0.40669,0.4126,0.41545,0.41792,0.42213,0.356991,0.00601,0.000425,0.34598,0.35258,0.35675,0.36098,0.36742,0.00127,0.00049,3.5e-5,0.0004,0.0009,0.0012,0.0016,0.0023,0.773461,0.00865,0.000612,0.75886,0.76695,0.7735,0.77922,0.78964
46.5,0.084244,0.00418,0.000296,0.07737,0.08128,0.084,0.08685,0.09292,0.142276,0.00599,0.000424,0.13169,0.13802,0.14245,0.14662,0.15342,0.000519,0.00029,2.1e-5,0.0001,0.0003,0.0005,0.0007,0.0012,0.000695,0.00031,2.2e-5,0.0002,0.00048,0.0007,0.0009,0.0014,0.415237,0.00419,0.000296,0.40679,0.41268,0.41545,0.41802,0.42223,0.35703,0.006,0.000425,0.34598,0.3526,0.35675,0.36105,0.36742,0.001214,0.00049,3.5e-5,0.0004,0.0009,0.0012,0.0015,0.0022,0.77348,0.00865,0.000612,0.75895,0.76698,0.7735,0.77922,0.78964
46.75,0.084236,0.00418,0.000296,0.07737,0.08128,0.08395,0.08685,0.09292,0.142264,0.00599,0.000424,0.13159,0.13802,0.1424,0.14655,0.15342,0.000495,0.00028,2.0e-5,0.0001,0.0003,0.0005,0.00062,0.0011,0.00066,0.00031,2.2e-5,0.0002,0.0004,0.0007,0.0009,0.0012,0.415269,0.00419,0.000296,0.40679,0.4127,0.4155,0.4181,0.42223,0.357076,0.006,0.000424,0.34598,0.3527,0.3568,0.3612,0.36752,0.001155,0.00048,3.4e-5,0.0003,0.0008,0.0011,0.0015,0.0021,0.7735,0.00866,0.000612,0.75895,0.76698,0.7735,0.77922,0.78964
47.0,0.08423,0.00419,0.000296,0.07737,0.08128,0.08395,0.08685,0.09292,0.142256,0.00599,0.000423,0.13159,0.138,0.1424,0.14655,0.15342,0.000473,0.00027,1.9e-5,0.0,0.0003,0.0005,0.0006,0.001,0.000623,0.0003,2.1e-5,0.0002,0.0004,0.0006,0.0008,0.0012,0.415297,0.00419,0.000296,0.40679,0.4127,0.4155,0.41813,0.42223,0.357122,0.006,0.000424,0.34598,0.35278,0.35685,0.3614,0.36752,0.001096,0.00047,3.3e-5,0.0003,0.0008,0.0011,0.0014,0.002,0.773514,0.00866,0.000612,0.75895,0.76698,0.7735,0.77922,0.78964
47.25,0.084226,0.00418,0.000296,0.07737,0.08128,0.0839,0.08685,0.09292,0.14225,0.00599,0.000423,0.13159,0.138,0.1424,0.14655,0.15342,0.000444,0.00027,1.9e-5,0.0,0.0003,0.0004,0.0006,0.001,0.000588,0.00029,2.1e-5,0.0001,0.0003,0.0006,0.0008,0.0011,0.41533,0.00419,0.000296,0.40679,0.4127,0.41555,0.41822,0.42223,0.357163,0.006,0.000424,0.34608,0.35278,0.35695,0.3614,0.36752,0.001032,0.00045,3.2e-5,0.0003,0.0007,0.001,0.0013,0.002,0.773524,0.00866,0.000612,0.75896,0.76698,0.7735,0.77922,0.78974
47.5,0.084219,0.00418,0.000296,0.07737,0.08128,0.08385,0.08683,0.09292,0.142242,0.00599,0.000423,0.13159,0.138,0.1424,0.14648,0.15342,0.000423,0.00026,1.8e-5,0.0,0.0002,0.0004,0.0006,0.001,0.000565,0.00029,2.0e-5,0.0001,0.0003,0.0006,0.0008,0.0011,0.415358,0.00419,0.000296,0.40689,0.4128,0.41555,0.41822,0.42224,0.357193,0.006,0.000424,0.34608,0.35278,0.357,0.36142,0.36752,0.000988,0.00044,3.1e-5,0.0003,0.0007,0.0009,0.0013,0.0019,0.77354,0.00865,0.000612,0.75896,0.76698,0.7735,0.77922,0.78974
47.75,0.084214,0.00418,0.000296,0.07737,0.0812,0.08385,0.08683,0.09292,0.142232,0.00598,0.000423,0.13149,0.138,0.1424,0.14648,0.15342,0.000403,0.00024,1.7e-5,0.0,0.0002,0.0004,0.0005,0.0009,0.00054,0.00028,2.0e-5,0.0001,0.0003,0.0005,0.0007,0.0011,0.415383,0.00419,0.000296,0.40689,0.4128,0.4157,0.41833,0.42224,0.357228,0.006,0.000424,0.34608,0.35295,0.357,0.3615,0.36752,0.000943,0.00043,3.0e-5,0.0003,0.0006,0.0009,0.0012,0.0019,0.773554,0.00865,0.000612,0.75896,0.76698,0.7735,0.77922,0.78974
48.0,0.084208,0.00418,0.000296,0.07737,0.0812,0.08385,0.08683,0.09291,0.142226,0.00598,0.000423,0.13149,0.138,0.1424,0.14648,0.15342,0.000384,0.00024,1.7e-5,0.0,0.0002,0.0004,0.0005,0.0009,0.00052,0.00027,1.9e-5,0.0001,0.0003,0.0005,0.0007,0.0011,0.415407,0.00419,0.000296,0.40689,0.4128,0.4157,0.41833,0.42224,0.357255,0.00599,0.000424,0.34618,0.35295,0.357,0.3615,0.36752,0.000904,0.00042,3.0e-5,0.0002,0.0006,0.0009,0.0012,0.0017,0.773566,0.00865,0.000612,0.75896,0.767,0.7735,0.77922,0.78974
48.25,0.084203,0.00418,0.000296,0.07737,0.0812,0.08385,0.08683,0.09291,0.142216,0.00598,0.000423,0.13149,0.138,0.1424,0.14648,0.15342,0.00037,0.00024,1.7e-5,0.0,0.0002,0.0003,0.0005,0.0009,0.000492,0.00027,1.9e-5,0.0001,0.0003,0.00045,0.0007,0.001,0.415428,0.00419,0.000297,0.40689,0.4128,0.4157,0.41833,0.42224,0.357292,0.006,0.000424,0.34618,0.35295,0.357,0.3616,0.36762,0.000861,0.00042,3.0e-5,0.0001,0.0005,0.0008,0.00112,0.0017,0.773581,0.00865,0.000612,0.75896,0.76708,0.7735,0.77922,0.78974
48.5,0.084199,0.00419,0.000296,0.07727,0.0812,0.08385,0.08683,0.09291,0.14221,0.00598,0.000423,0.13149,0.138,0.1424,0.14648,0.15342,0.000355,0.00024,1.7e-5,0.0,0.0002,0.0003,0.0005,0.0009,0.000464,0.00026,1.8e-5,0.0001,0.0003,0.0004,0.0006,0.001,0.415446,0.00419,0.000297,0.40689,0.4128,0.41575,0.4184,0.42224,0.357327,0.006,0.000424,0.34618,0.35295,0.35705,0.3616,0.36772,0.000819,0.0004,2.9e-5,0.0001,0.0005,0.0008,0.0011,0.0016,0.773592,0.00865,0.000612,0.75896,0.76708,0.7735,0.77922,0.78974
48.75,0.084194,0.00418,0.000296,0.07727,0.0812,0.08385,0.08683,0.09291,0.142204,0.00598,0.000423,0.1313,0.138,0.1424,0.14648,0.15342,0.00034,0.00024,1.7e-5,0.0,0.0002,0.0003,0.0005,0.0009,0.000442,0.00025,1.8e-5,0.0001,0.0002,0.0004,0.0006,0.001,0.415466,0.0042,0.000297,0.40689,0.41288,0.41575,0.41842,0.42224,0.357354,0.00599,0.000424,0.34628,0.35298,0.3571,0.36162,0.36772,0.000782,0.0004,2.8e-5,0.0001,0.0005,0.0007,0.001,0.0015,0.773603,0.00865,0.000612,0.75896,0.76708,0.7735,0.77922,0.78974
49.0,0.08419,0.00418,0.000296,0.07727,0.0812,0.08385,0.08683,0.09291,0.1422,0.00598,0.000423,0.1313,0.138,0.1424,0.14648,0.15342,0.000324,0.00023,1.6e-5,0.0,0.0002,0.0003,0.0004,0.0009,0.000412,0.00024,1.7e-5,0.0,0.0002,0.0004,0.0006,0.00091,0.415485,0.00419,0.000297,0.40689,0.4129,0.41575,0.41842,0.42224,0.357388,0.00599,0.000424,0.34628,0.35298,0.3571,0.36162,0.36772,0.000737,0.00038,2.7e-5,0.0001,0.0005,0.0007,0.001,0.0015,0.773609,0.00865,0.000612,0.75896,0.76708,0.77355,0.77922,0.78974
49.25,0.084184,0.00419,0.000296,0.07727,0.0812,0.08385,0.08683,0.09291,0.142194,0.00598,0.000423,0.1313,0.138,0.1424,0.14648,0.15342,0.000312,0.00022,1.6e-5,0.0,0.0001,0.0003,0.0004,0.0008,0.000389,0.00024,1.7e-5,0.0,0.0002,0.0004,0.0006,0.0009,0.415505,0.0042,0.000297,0.40689,0.4129,0.41575,0.41845,0.42234,0.357417,0.00599,0.000424,0.34628,0.35298,0.3571,0.36162,0.36772,0.000701,0.00037,2.6e-5,0.0001,0.0004,0.0007,0.001,0.0014,0.773622,0.00865,0.000612,0.75896,0.7671,0.77355,0.77922,0.78974
49.5,0.084181,0.00419,0.000296,0.07727,0.0812,0.08385,0.08683,0.09291,0.142189,0.00597,0.000422,0.1313,0.13798,0.1424,0.1464,0.15342,0.000294,0.00021,1.5e-5,0.0,0.0001,0.0003,0.0004,0.0008,0.00037,0.00023,1.6e-5,0.0,0.0002,0.0003,0.0005,0.0008,0.415525,0.00419,0.000297,0.40689,0.4129,0.41575,0.41845,0.42234,0.357441,0.00599,0.000424,0.34628,0.35308,0.35715,0.3617,0.36772,0.000664,0.00036,2.5e-5,0.0001,0.0004,0.0006,0.0009,0.0013,0.77363,0.00865,0.000612,0.75896,0.7671,0.77355,0.7793,0.78974
49.75,0.084175,0.00419,0.000296,0.07727,0.0812,0.08385,0.08683,0.09291,0.142181,0.00597,0.000422,0.1313,0.13798,0.1424,0.1464,0.15342,0.000279,0.0002,1.4e-5,0.0,0.0001,0.0003,0.0004,0.0008,0.000355,0.00023,1.6e-5,0.0,0.0002,0.0003,0.0005,0.0008,0.415547,0.0042,0.000297,0.40689,0.41298,0.4158,0.41845,0.42234,0.357464,0.00599,0.000424,0.34628,0.35315,0.35715,0.36173,0.36772,0.000634,0.00034,2.4e-5,0.0001,0.0004,0.0006,0.0008,0.0013,0.773644,0.00865,0.000612,0.75896,0.7671,0.7736,0.7793,0.78974
50.0,0.084173,0.00418,0.000296,0.07727,0.0812,0.08385,0.08683,0.09291,0.142175,0.00597,0.000422,0.1313,0.13798,0.1424,0.1464,0.15342,0.000268,0.0002,1.4e-5,0.0,0.0001,0.0003,0.0004,0.0008,0.000338,0.00023,1.6e-5,0.0,0.0001,0.0003,0.0005,0.0008,0.41556,0.0042,0.000297,0.40689,0.41298,0.4158,0.41845,0.42244,0.357487,0.006,0.000424,0.34628,0.35318,0.3572,0.36173,0.36782,0.000606,0.00034,2.4e-5,0.0001,0.0004,0.0006,0.0008,0.0013,0.773652,0.00865,0.000612,0.75896,0.7671,0.77365,0.7793,0.78974
50.25,0.084168,0.00418,0.000296,0.07727,0.0812,0.08385,0.08683,0.09291,0.142171,0.00597,0.000422,0.1313,0.13798,0.1424,0.1464,0.15342,0.000255,0.0002,1.4e-5,0.0,0.0001,0.0002,0.0003,0.0008,0.000322,0.00022,1.6e-5,0.0,0.0001,0.0003,0.0005,0.0008,0.415576,0.0042,0.000297,0.40689,0.41298,0.4158,0.41852,0.42244,0.357508,0.006,0.000424,0.34628,0.35318,0.35725,0.36173,0.36782,0.000576,0.00033,2.3e-5,0.0001,0.0003,0.0005,0.0008,0.0013,0.77366,0.00865,0.000612,0.75896,0.7671,0.77365,0.7793,0.78974
50.5,0.084166,0.00418,0.000296,0.07727,0.0812,0.08385,0.08683,0.09291,0.142166,0.00597,0.000422,0.1313,0.13798,0.1424,0.1464,0.15342,0.000244,0.0002,1.4e-5,0.0,0.0001,0.0002,0.0003,0.0008,0.000305,0.00021,1.5e-5,0.0,0.0001,0.0003,0.0004,0.0008,0.41559,0.00419,0.000297,0.40689,0.413,0.41585,0.4186,0.42253,0.357529,0.006,0.000424,0.34628,0.3532,0.35725,0.36175,0.36782,0.000548,0.00032,2.2e-5,0.0001,0.0003,0.0005,0.0008,0.0012,0.773667,0.00865,0.000612,0.75896,0.7671,0.77365,0.7793,0.78974
50.75,0.084164,0.00418,0.000296,0.07727,0.0812,0.08385,0.08683,0.09291,0.142162,0.00597,0.000422,0.1313,0.13798,0.1424,0.1464,0.15342,0.000231,0.00019,1.4e-5,0.0,0.0001,0.0002,0.0003,0.0007,0.000296,0.00021,1.5e-5,0.0,0.0001,0.0003,0.0004,0.0007,0.415606,0.00419,0.000296,0.40689,0.413,0.41585,0.41862,0.42253,0.357542,0.00599,0.000424,0.34628,0.3532,0.35725,0.36175,0.36782,0.000528,0.00031,2.2e-5,0.0001,0.0003,0.0005,0.0007,0.0012,0.773675,0.00865,0.000612,0.75896,0.7671,0.77365,0.7793,0.78984
51.0,0.08416,0.00419,0.000296,0.07727,0.0812,0.08385,0.08683,0.09291,0.142159,0.00597,0.000422,0.1313,0.13798,0.1424,0.1464,0.15341,0.000214,0.00019,1.3e-5,0.0,0.0001,0.0002,0.0003,0.0006,0.00028,0.00021,1.5e-5,0.0,0.0001,0.0003,0.0004,0.0007,0.415626,0.00419,0.000297,0.40689,0.413,0.41585,0.41862,0.42253,0.357561,0.00599,0.000424,0.34628,0.3532,0.35725,0.36182,0.36792,0.000495,0.0003,2.1e-5,0.0,0.0003,0.0004,0.0007,0.0011,0.773682,0.00865,0.000612,0.75896,0.7671,0.77365,0.7793,0.78984
51.25,0.084159,0.00419,0.000296,0.07727,0.0812,0.08385,0.08683,0.09291,0.142155,0.00597,0.000422,0.1313,0.13798,0.1424,0.1464,0.15341,0.000202,0.00018,1.3e-5,0.0,0.0001,0.0002,0.0003,0.0006,0.000266,0.0002,1.4e-5,0.0,0.0001,0.0002,0.0004,0.0007,0.41564,0.00419,0.000297,0.40689,0.413,0.4159,0.41862,0.42253,0.357579,0.00599,0.000424,0.34628,0.3532,0.3573,0.36185,0.36792,0.000468,0.00029,2.1e-5,0.0,0.0003,0.0004,0.0007,0.0011,0.773686,0.00865,0.000612,0.75896,0.7671,0.77365,0.7793,0.78984
51.5,0.084156,0.00418,0.000296,0.07727,0.0812,0.08385,0.08683,0.09281,0.142153,0.00597,0.000422,0.1313,0.13798,0.1424,0.1464,0.15341,0.00019,0.00017,1.2e-5,0.0,0.0001,0.0002,0.0003,0.0006,0.00025,0.0002,1.4e-5,0.0,0.0001,0.0002,0.0003,0.0007,0.415654,0.00419,0.000297,0.40689,0.413,0.4159,0.4187,0.42253,0.357597,0.00599,0.000423,0.34638,0.35328,0.3573,0.36185,0.36802,0.000441,0.00028,2.0e-5,0.0,0.0003,0.0004,0.0006,0.001,0.773691,0.00865,0.000612,0.75896,0.76718,0.77365,0.7793,0.78984
51.75,0.084155,0.00418,0.000296,0.07727,0.0812,0.08385,0.08683,0.09281,0.142151,0.00597,0.000422,0.1313,0.13798,0.1424,0.1464,0.15341,0.00018,0.00017,1.2e-5,0.0,0.0001,0.0001,0.00022,0.0006,0.000238,0.00019,1.3e-5,0.0,0.0001,0.0002,0.00032,0.0007,0.415665,0.0042,0.000297,0.40689,0.413,0.4159,0.4187,0.42253,0.357611,0.00599,0.000424,0.34638,0.35328,0.3573,0.36185,0.36802,0.000419,0.00027,1.9e-5,0.0,0.0002,0.0004,0.0006,0.001,0.773694,0.00865,0.000611,0.75896,0.76718,0.77365,0.7793,0.78984
52.0,0.084154,0.00418,0.000296,0.07727,0.0812,0.08385,0.08683,0.09281,0.142145,0.00597,0.000422,0.1312,0.13798,0.1424,0.1464,0.15341,0.000171,0.00016,1.1e-5,0.0,0.0001,0.0001,0.0002,0.0005,0.000232,0.00018,1.3e-5,0.0,0.0001,0.0002,0.0003,0.0006,0.415674,0.00419,0.000296,0.40689,0.413,0.4159,0.4187,0.42253,0.357623,0.00599,0.000423,0.34638,0.35328,0.3573,0.36185,0.36802,0.000403,0.00026,1.9e-5,0.0,0.0002,0.00035,0.0006,0.0009,0.7737,0.00865,0.000611,0.75896,0.76718,0.7737,0.7793,0.78984
52.25,0.084152,0.00418,0.000296,0.07727,0.0812,0.08385,0.08683,0.09281,0.142141,0.00596,0.000422,0.1312,0.13798,0.1424,0.1464,0.15341,0.000162,0.00016,1.1e-5,0.0,8.0e-5,0.0001,0.0002,0.0005,0.000223,0.00018,1.3e-5,0.0,0.0001,0.0002,0.0003,0.0006,0.415686,0.0042,0.000297,0.40689,0.413,0.4159,0.4187,0.42273,0.357636,0.00599,0.000423,0.34638,0.3533,0.3574,0.36185,0.36812,0.000385,0.00025,1.8e-5,0.0,0.0002,0.0003,0.0006,0.0009,0.773706,0.00864,0.000611,0.75896,0.76718,0.7737,0.7793,0.78984
52.5,0.08415,0.00419,0.000296,0.07727,0.0812,0.08385,0.08683,0.09281,0.142139,0.00597,0.000422,0.1312,0.13798,0.1424,0.1464,0.15341,0.000155,0.00016,1.1e-5,0.0,0.0,0.0001,0.0002,0.0005,0.000208,0.00018,1.2e-5,0.0,0.0001,0.0002,0.0003,0.0006,0.415695,0.00419,0.000297,0.40689,0.413,0.4159,0.4187,0.42273,0.357653,0.00598,0.000423,0.34638,0.35338,0.3574,0.36185,0.36812,0.000364,0.00026,1.8e-5,0.0,0.0002,0.0003,0.0005,0.0009,0.773711,0.00865,0.000612,0.75896,0.76718,0.7737,0.7793,0.78984
52.75,0.084148,0.00419,0.000296,0.07727,0.0812,0.08385,0.08683,0.09281,0.142136,0.00597,0.000422,0.1312,0.13798,0.1424,0.1464,0.15341,0.000153,0.00016,1.1e-5,0.0,0.0,0.0001,0.0002,0.0005,0.000196,0.00016,1.2e-5,0.0,0.0001,0.0002,0.0003,0.0005,0.4157,0.00419,0.000297,0.40689,0.413,0.4159,0.4187,0.42273,0.357668,0.00598,0.000423,0.34638,0.35338,0.35745,0.36185,0.36822,0.000349,0.00025,1.7e-5,0.0,0.0002,0.0003,0.0005,0.0008,0.773716,0.00865,0.000612,0.75896,0.76718,0.7737,0.7793,0.78984
53.0,0.084145,0.00419,0.000296,0.07727,0.0812,0.0838,0.08683,0.09281,0.142136,0.00596,0.000422,0.1312,0.13798,0.1424,0.1464,0.15341,0.000143,0.00014,1.0e-5,0.0,0.0,0.0001,0.0002,0.0005,0.000183,0.00015,1.1e-5,0.0,0.0001,0.0002,0.0003,0.0005,0.415712,0.0042,0.000297,0.40689,0.413,0.41595,0.4187,0.42273,0.357681,0.00598,0.000423,0.34638,0.35338,0.3575,0.36185,0.36841,0.000326,0.00023,1.6e-5,0.0,0.0002,0.0003,0.0005,0.0008,0.773719,0.00865,0.000611,0.75896,0.76718,0.7737,0.7793,0.78984
53.25,0.084144,0.00419,0.000296,0.07727,0.0812,0.0838,0.08683,0.09281,0.142133,0.00597,0.000422,0.1312,0.13798,0.1424,0.1464,0.15341,0.000135,0.00014,1.0e-5,0.0,0.0,0.0001,0.0002,0.0005,0.000174,0.00015,1.0e-5,0.0,0.0001,0.00015,0.0003,0.0005,0.415722,0.0042,0.000297,0.40689,0.413,0.41595,0.4187,0.42273,0.357693,0.00599,0.000423,0.34638,0.35338,0.35755,0.36185,0.36851,0.000309,0.00022,1.6e-5,0.0,0.0001,0.0003,0.0004,0.0008,0.773723,0.00865,0.000611,0.75896,0.76718,0.7737,0.7793,0.78984
53.5,0.084142,0.00419,0.000296,0.07727,0.0812,0.0838,0.08683,0.09281,0.142132,0.00596,0.000422,0.1312,0.13798,0.1424,0.1464,0.15341,0.000128,0.00013,9.0e-6,0.0,0.0,0.0001,0.0002,0.0005,0.000169,0.00015,1.0e-5,0.0,0.0001,0.0001,0.0003,0.0005,0.41573,0.0042,0.000297,0.40689,0.413,0.41595,0.41872,0.42273,0.357699,0.00599,0.000423,0.34638,0.35338,0.35755,0.36193,0.36851,0.000297,0.00022,1.5e-5,0.0,0.0001,0.0003,0.0004,0.0008,0.773726,0.00865,0.000611,0.75896,0.76718,0.7737,0.7793,0.78984
53.75,0.08414,0.00419,0.000296,0.07727,0.0812,0.0838,0.08683,0.09281,0.14213,0.00596,0.000422,0.1312,0.13798,0.1424,0.1464,0.15341,0.00012,0.00013,9.0e-6,0.0,0.0,0.0001,0.0002,0.0004,0.00016,0.00015,1.0e-5,0.0,0.0,0.0001,0.0002,0.0005,0.415739,0.0042,0.000297,0.40699,0.413,0.41595,0.41872,0.42273,0.357711,0.00599,0.000423,0.34638,0.35338,0.35755,0.36193,0.36851,0.00028,0.00021,1.5e-5,0.0,0.0001,0.0002,0.0004,0.0008,0.77373,0.00865,0.000611,0.75896,0.76718,0.77375,0.7793,0.78984
54.0,0.08414,0.00419,0.000296,0.07727,0.0812,0.0838,0.08683,0.09281,0.142128,0.00596,0.000422,0.1312,0.13798,0.1424,0.14638,0.15341,0.000112,0.00012,9.0e-6,0.0,0.0,0.0001,0.0002,0.0004,0.000152,0.00014,1.0e-5,0.0,0.0,0.0001,0.0002,0.0005,0.415748,0.0042,0.000297,0.40699,0.41308,0.41595,0.41872,0.42273,0.35772,0.00598,0.000423,0.34639,0.35338,0.35755,0.36193,0.36851,0.000265,0.00021,1.5e-5,0.0,0.0001,0.0002,0.0004,0.0008,0.773732,0.00865,0.000611,0.75896,0.76718,0.77375,0.7793,0.78984
54.25,0.084138,0.00419,0.000296,0.07727,0.0812,0.0838,0.08683,0.09281,0.142126,0.00596,0.000422,0.1312,0.13798,0.1424,0.14638,0.15341,0.00011,0.00012,9.0e-6,0.0,0.0,0.0001,0.0002,0.0004,0.000148,0.00014,1.0e-5,0.0,0.0,0.0001,0.0002,0.0005,0.415752,0.0042,0.000297,0.40699,0.41308,0.41595,0.41872,0.42273,0.357726,0.00598,0.000423,0.34639,0.35338,0.35755,0.36195,0.36851,0.000258,0.00021,1.5e-5,0.0,0.0001,0.0002,0.0004,0.0008,0.773736,0.00865,0.000611,0.75896,0.76718,0.77375,0.7793,0.78984
54.5,0.084137,0.00419,0.000296,0.07727,0.0812,0.0838,0.08683,0.09281,0.142123,0.00596,0.000422,0.1312,0.13798,0.1424,0.14638,0.15341,0.000105,0.00012,9.0e-6,0.0,0.0,0.0001,0.0002,0.0004,0.00014,0.00013,9.0e-6,0.0,0.0,0.0001,0.0002,0.0004,0.415758,0.00419,0.000297,0.40699,0.41308,0.41595,0.41872,0.42273,0.357737,0.00598,0.000423,0.34658,0.35338,0.35755,0.36195,0.36851,0.000246,0.0002,1.4e-5,0.0,0.0001,0.0002,0.0004,0.0008,0.77374,0.00865,0.000611,0.75896,0.76718,0.77375,0.7793,0.78984
54.75,0.084136,0.00419,0.000296,0.07727,0.0812,0.0838,0.08683,0.09281,0.142122,0.00596,0.000422,0.1312,0.13798,0.1424,0.14638,0.15341,9.8e-5,0.00011,8.0e-6,0.0,0.0,0.0001,0.00012,0.0004,0.000132,0.00013,9.0e-6,0.0,0.0,0.0001,0.0002,0.0004,0.415766,0.00419,0.000296,0.40699,0.41308,0.41595,0.41872,0.42273,0.357746,0.00598,0.000423,0.34658,0.35338,0.35755,0.36195,0.36851,0.000231,0.00019,1.4e-5,0.0,0.0001,0.0002,0.0003,0.0007,0.773742,0.00865,0.000611,0.75896,0.76718,0.77375,0.7793,0.78984
55.0,0.084136,0.00419,0.000296,0.07727,0.0812,0.0838,0.08683,0.09281,0.142119,0.00596,0.000422,0.1312,0.13798,0.1424,0.14635,0.15341,9.0e-5,0.0001,7.0e-6,0.0,0.0,0.0001,0.0001,0.0003,0.000126,0.00012,9.0e-6,0.0,0.0,0.0001,0.0002,0.0004,0.415774,0.00419,0.000296,0.40709,0.41308,0.416,0.41872,0.42273,0.357755,0.00598,0.000423,0.34658,0.35338,0.35755,0.36195,0.36851,0.000216,0.00018,1.3e-5,0.0,0.0001,0.0002,0.0003,0.0007,0.773745,0.00865,0.000612,0.75896,0.76718,0.7738,0.7793,0.78984
55.25,0.084134,0.00419,0.000296,0.07727,0.0812,0.0838,0.08683,0.09281,0.142117,0.00596,0.000422,0.1312,0.13798,0.1424,0.14635,0.15341,8.4e-5,0.00011,8.0e-6,0.0,0.0,0.0001,0.0001,0.0004,0.000119,0.00012,9.0e-6,0.0,0.0,0.0001,0.0002,0.0004,0.415782,0.00419,0.000296,0.40709,0.41308,0.416,0.41872,0.42273,0.357764,0.00597,0.000422,0.34659,0.35338,0.35755,0.36198,0.3686,0.000204,0.00018,1.3e-5,0.0,0.0001,0.0002,0.0003,0.0007,0.77375,0.00865,0.000611,0.75896,0.76718,0.7738,0.7793,0.78984
55.5,0.084133,0.00419,0.000296,0.07727,0.0812,0.0838,0.08683,0.09281,0.142113,0.00596,0.000421,0.1312,0.13798,0.1424,0.1463,0.15341,8.2e-5,0.0001,7.0e-6,0.0,0.0,0.0001,0.0001,0.0003,0.000118,0.00013,9.0e-6,0.0,0.0,0.0001,0.0002,0.0004,0.415786,0.00419,0.000296,0.40709,0.41308,0.416,0.41872,0.42273,0.357768,0.00597,0.000422,0.34659,0.35338,0.35755,0.36198,0.3686,0.0002,0.00018,1.3e-5,0.0,0.0001,0.0002,0.0003,0.0007,0.773754,0.00865,0.000611,0.75896,0.76718,0.7738,0.7793,0.78984
55.75,0.084133,0.00419,0.000296,0.07727,0.0812,0.0838,0.08683,0.09281,0.142111,0.00596,0.000421,0.1312,0.13798,0.1424,0.1463,0.15341,7.9e-5,0.0001,7.0e-6,0.0,0.0,0.0001,0.0001,0.0003,0.000114,0.00013,9.0e-6,0.0,0.0,0.0001,0.0002,0.0004,0.415788,0.00419,0.000296,0.40709,0.41308,0.416,0.41872,0.42273,0.357774,0.00597,0.000422,0.34659,0.35338,0.35755,0.36198,0.3686,0.000193,0.00017,1.2e-5,0.0,0.0001,0.0002,0.0003,0.0006,0.773756,0.00865,0.000611,0.75896,0.76718,0.7738,0.7793,0.78984
56.0,0.084133,0.00419,0.000296,0.07727,0.0812,0.0838,0.08683,0.09281,0.14211,0.00596,0.000421,0.1312,0.13798,0.1424,0.1463,0.15341,7.3e-5,0.0001,7.0e-6,0.0,0.0,0.0,0.0001,0.0003,0.000107,0.00012,9.0e-6,0.0,0.0,0.0001,0.0002,0.0004,0.415795,0.00419,0.000296,0.40709,0.41308,0.416,0.41872,0.42273,0.357784,0.00597,0.000422,0.34659,0.35338,0.3576,0.36198,0.3686,0.000179,0.00017,1.2e-5,0.0,0.0,0.0001,0.0003,0.0006,0.773758,0.00864,0.000611,0.75896,0.76718,0.7738,0.7793,0.78984
56.25,0.084131,0.00419,0.000296,0.07727,0.0812,0.0838,0.08683,0.09281,0.142107,0.00596,0.000421,0.1312,0.13798,0.1424,0.1463,0.15341,7.0e-5,0.0001,7.0e-6,0.0,0.0,0.0,0.0001,0.0003,0.0001,0.00013,9.0e-6,0.0,0.0,0.0001,0.00012,0.0004,0.415799,0.00419,0.000296,0.40709,0.41308,0.41605,0.41872,0.42273,0.357793,0.00597,0.000422,0.34659,0.35338,0.3576,0.36198,0.3686,0.00017,0.00017,1.2e-5,0.0,0.0,0.0001,0.0002,0.0006,0.773762,0.00864,0.000611,0.75896,0.76718,0.7738,0.77932,0.78984
56.5,0.08413,0.00419,0.000296,0.07727,0.0812,0.0838,0.08683,0.09281,0.142106,0.00596,0.000421,0.1312,0.13798,0.1424,0.1463,0.15341,6.6e-5,9.0e-5,7.0e-6,0.0,0.0,0.0,0.0001,0.0003,9.4e-5,0.00012,9.0e-6,0.0,0.0,0.0001,0.0001,0.0004,0.415804,0.00419,0.000296,0.40709,0.41308,0.41605,0.41872,0.42273,0.3578,0.00597,0.000422,0.34659,0.35338,0.3576,0.362,0.3686,0.00016,0.00017,1.2e-5,0.0,0.0,0.0001,0.0002,0.0006,0.773764,0.00865,0.000611,0.75896,0.76718,0.7738,0.77932,0.78984
56.75,0.08413,0.00419,0.000296,0.07727,0.0812,0.0838,0.08683,0.09281,0.142104,0.00596,0.000421,0.1312,0.13798,0.1424,0.1463,0.15341,6.3e-5,9.0e-5,6.0e-6,0.0,0.0,0.0,0.0001,0.0003,9.2e-5,0.00012,8.0e-6,0.0,0.0,0.0001,0.0001,0.0004,0.415808,0.00419,0.000296,0.40709,0.41308,0.41605,0.41872,0.42273,0.357804,0.00597,0.000422,0.34659,0.35338,0.3576,0.362,0.3687,0.000155,0.00016,1.1e-5,0.0,0.0,0.0001,0.0002,0.0006,0.773767,0.00865,0.000611,0.75896,0.76718,0.7738,0.77932,0.78984
57.0,0.084129,0.00419,0.000296,0.07727,0.0812,0.0838,0.08683,0.09281,0.142102,0.00596,0.000422,0.1312,0.13798,0.1424,0.1463,0.15341,6.0e-5,9.0e-5,6.0e-6,0.0,0.0,0.0,0.0001,0.0003,9.0e-5,0.00012,8.0e-6,0.0,0.0,0.0001,0.0001,0.0004,0.415812,0.00418,0.000296,0.40709,0.41315,0.41605,0.41872,0.42273,0.357808,0.00597,0.000422,0.34659,0.35345,0.3576,0.362,0.3687,0.00015,0.00016,1.1e-5,0.0,0.0,0.0001,0.0002,0.0006,0.77377,0.00865,0.000611,0.75896,0.76718,0.7738,0.77932,0.78984
57.25,0.084128,0.00419,0.000296,0.07727,0.0812,0.0838,0.08683,0.09281,0.142101,0.00596,0.000422,0.1312,0.13798,0.1424,0.1463,0.15341,5.4e-5,8.0e-5,6.0e-6,0.0,0.0,0.0,0.0001,0.0003,8.6e-5,0.00012,8.0e-6,0.0,0.0,0.0,0.0001,0.0004,0.415818,0.00419,0.000296,0.40709,0.41315,0.41605,0.41872,0.42273,0.357813,0.00597,0.000422,0.34659,0.35345,0.3576,0.362,0.3687,0.00014,0.00015,1.1e-5,0.0,0.0,0.0001,0.0002,0.0005,0.773771,0.00865,0.000612,0.75896,0.76718,0.7738,0.77932,0.78984
57.5,0.084128,0.00419,0.000296,0.07727,0.0812,0.0838,0.08683,0.09281,0.1421,0.00596,0.000422,0.1312,0.13798,0.1424,0.1463,0.15341,5.2e-5,8.0e-5,6.0e-6,0.0,0.0,0.0,0.0001,0.0003,8.2e-5,0.00011,8.0e-6,0.0,0.0,0.0,0.0001,0.0004,0.415821,0.00419,0.000296,0.40709,0.41315,0.41605,0.41872,0.42273,0.357819,0.00597,0.000422,0.34659,0.35345,0.3576,0.362,0.3687,0.000133,0.00015,1.0e-5,0.0,0.0,0.0001,0.0002,0.0005,0.773772,0.00865,0.000612,0.75896,0.76718,0.7738,0.77932,0.78984
57.75,0.084128,0.00419,0.000296,0.07727,0.0812,0.0838,0.08683,0.09281,0.142098,0.00596,0.000422,0.1312,0.13798,0.1424,0.1463,0.15341,4.8e-5,7.0e-5,5.0e-6,0.0,0.0,0.0,0.0001,0.0002,7.7e-5,0.00011,8.0e-6,0.0,0.0,0.0,0.0001,0.0004,0.415825,0.00419,0.000296,0.40709,0.41315,0.41605,0.41872,0.42273,0.357826,0.00596,0.000422,0.34659,0.35348,0.3576,0.362,0.3687,0.000125,0.00014,1.0e-5,0.0,0.0,0.0001,0.0002,0.0005,0.773775,0.00865,0.000611,0.75896,0.76725,0.7738,0.77932,0.78984
58.0,0.084125,0.00419,0.000296,0.07727,0.0812,0.0838,0.08683,0.09281,0.142095,0.00596,0.000422,0.13119,0.13798,0.1424,0.1463,0.15341,4.7e-5,7.0e-5,5.0e-6,0.0,0.0,0.0,0.0001,0.0002,7.6e-5,0.00011,8.0e-6,0.0,0.0,0.0,0.0001,0.0004,0.415828,0.00419,0.000296,0.40709,0.41315,0.41605,0.41872,0.42273,0.357829,0.00597,0.000422,0.34659,0.3535,0.3576,0.362,0.3687,0.000123,0.00014,1.0e-5,0.0,0.0,0.0001,0.0002,0.0005,0.773779,0.00865,0.000611,0.75896,0.7674,0.7738,0.77932,0.78984
58.25,0.084124,0.00419,0.000296,0.07727,0.0812,0.0838,0.08683,0.09281,0.142094,0.00596,0.000422,0.13119,0.13798,0.1424,0.1463,0.15341,4.5e-5,7.0e-5,5.0e-6,0.0,0.0,0.0,0.0001,0.0002,7.3e-5,0.00011,8.0e-6,0.0,0.0,0.0,0.0001,0.0004,0.415831,0.00419,0.000296,0.40709,0.41318,0.4161,0.41872,0.42273,0.357834,0.00596,0.000422,0.34659,0.35358,0.3576,0.362,0.3687,0.000118,0.00014,1.0e-5,0.0,0.0,0.0001,0.0002,0.0005,0.773782,0.00865,0.000612,0.75896,0.7674,0.7738,0.77932,0.78984
58.5,0.084123,0.00419,0.000296,0.07727,0.0812,0.0838,0.08683,0.09281,0.142092,0.00596,0.000422,0.13119,0.13798,0.1424,0.1463,0.15341,4.4e-5,7.0e-5,5.0e-6,0.0,0.0,0.0,0.0001,0.0002,7.0e-5,0.00011,8.0e-6,0.0,0.0,0.0,0.0001,0.0004,0.415834,0.00419,0.000296,0.40709,0.41318,0.4161,0.41872,0.42273,0.357838,0.00596,0.000422,0.34659,0.35358,0.3576,0.362,0.3687,0.000114,0.00014,1.0e-5,0.0,0.0,0.0001,0.0002,0.0005,0.773784,0.00865,0.000612,0.75896,0.7674,0.7738,0.7794,0.78984
58.75,0.084123,0.00419,0.000296,0.07727,0.0812,0.0838,0.08683,0.09281,0.142092,0.00596,0.000422,0.13119,0.13798,0.1424,0.1463,0.15341,4.2e-5,7.0e-5,5.0e-6,0.0,0.0,0.0,0.0001,0.0002,6.6e-5,0.0001,7.0e-6,0.0,0.0,0.0,0.0001,0.0004,0.415834,0.00419,0.000296,0.40709,0.41318,0.4161,0.41872,0.42273,0.357842,0.00596,0.000421,0.34659,0.35358,0.3576,0.362,0.3687,0.000109,0.00013,9.0e-6,0.0,0.0,0.0001,0.0002,0.0005,0.773784,0.00865,0.000612,0.75896,0.7674,0.7738,0.7794,0.78984
59.0,0.084122,0.00419,0.000296,0.07727,0.0812,0.0838,0.08683,0.09281,0.142092,0.00596,0.000422,0.13119,0.13798,0.1424,0.1463,0.15341,4.1e-5,7.0e-5,5.0e-6,0.0,0.0,0.0,0.0001,0.0002,6.4e-5,0.0001,7.0e-6,0.0,0.0,0.0,0.0001,0.0003,0.415838,0.00419,0.000296,0.40709,0.41318,0.4161,0.41872,0.42273,0.357844,0.00596,0.000421,0.34659,0.35358,0.3576,0.362,0.3687,0.000104,0.00013,9.0e-6,0.0,0.0,0.0001,0.0002,0.0005,0.773786,0.00865,0.000612,0.75896,0.7674,0.7738,0.7794,0.78984
59.25,0.084121,0.00419,0.000296,0.07727,0.0812,0.0838,0.08683,0.09281,0.142091,0.00596,0.000422,0.13119,0.13798,0.1424,0.1463,0.15341,4.0e-5,7.0e-5,5.0e-6,0.0,0.0,0.0,0.0001,0.0002,5.9e-5,0.0001,7.0e-6,0.0,0.0,0.0,0.0001,0.0003,0.415839,0.00419,0.000296,0.40709,0.41318,0.4161,0.41872,0.42273,0.35785,0.00596,0.000421,0.34659,0.3536,0.3576,0.362,0.3687,9.9e-5,0.00012,9.0e-6,0.0,0.0,0.0001,0.0002,0.0005,0.773788,0.00865,0.000612,0.75896,0.76748,0.7738,0.7794,0.78984
59.5,0.08412,0.00419,0.000296,0.07727,0.0812,0.0838,0.08683,0.09281,0.14209,0.00596,0.000422,0.13119,0.13798,0.1424,0.1463,0.15341,3.8e-5,7.0e-5,5.0e-6,0.0,0.0,0.0,0.0001,0.0002,5.8e-5,0.0001,7.0e-6,0.0,0.0,0.0,0.0001,0.0003,0.415842,0.00419,0.000296,0.40709,0.41318,0.4161,0.41872,0.42273,0.357852,0.00596,0.000421,0.34659,0.3536,0.3576,0.362,0.3687,9.6e-5,0.00012,9.0e-6,0.0,0.0,0.0001,0.0002,0.0004,0.773789,0.00865,0.000612,0.75896,0.76748,0.7738,0.7794,0.78984
59.75,0.08412,0.00419,0.000296,0.07727,0.0812,0.0838,0.08683,0.09281,0.14209,0.00596,0.000421,0.13119,0.13798,0.1424,0.1463,0.15341,3.7e-5,7.0e-5,5.0e-6,0.0,0.0,0.0,0.0001,0.0002,5.6e-5,0.0001,7.0e-6,0.0,0.0,0.0,0.0001,0.0003,0.415843,0.00419,0.000296,0.40709,0.41318,0.4161,0.41872,0.42273,0.357855,0.00596,0.000421,0.34659,0.35368,0.3576,0.362,0.3687,9.3e-5,0.00012,9.0e-6,0.0,0.0,0.0001,0.0001,0.0005,0.77379,0.00865,0.000612,0.75896,0.76748,0.7738,0.7794,0.78984
60.0,0.08412,0.00419,0.000296,0.07727,0.0812,0.0838,0.08683,0.09281,0.142089,0.00596,0.000421,0.13119,0.13798,0.1424,0.1463,0.15341,3.7e-5,7.0e-5,5.0e-6,0.0,0.0,0.0,0.0001,0.0002,5.2e-5,9.0e-5,6.0e-6,0.0,0.0,0.0,0.0001,0.0003,0.415844,0.00419,0.000296,0.40709,0.41318,0.4161,0.41872,0.42273,0.357859,0.00596,0.000421,0.34659,0.35368,0.3576,0.36203,0.3688,8.9e-5,0.00012,8.0e-6,0.0,0.0,5.0e-5,0.0001,0.0004,0.773791,0.00865,0.000612,0.75896,0.76748,0.7738,0.77942,0.78984
