t,cond.S.mean,cond.S.sd,cond.S.se,cond.S.q025,cond.S.q25,cond.S.q50,cond.S.q75,cond.S.q975,cond.I.mean,cond.I.sd,cond.I.se,cond.I.q025,cond.I.q25,cond.I.q50,cond.I.q75,cond.I.q975,cond.R.mean,cond.R.sd,cond.R.se,cond.R.q025,cond.R.q25,cond.R.q50,cond.R.q75,cond.R.q975,cond.infectious.mean,cond.infectious.sd,cond.infectious.se,cond.infectious.q025,cond.infectious.q25,cond.infectious.q50,cond.infectious.q75,cond.infectious.q975,cond.cumulative.mean,cond.cumulative.sd,cond.cumulative.se,cond.cumulative.q025,cond.cumulative.q25,cond.cumulative.q50,cond.cumulative.q75,cond.cumulative.q975
0.0,0.99,0.0,0.0,0.99,0.99,0.99,0.99,0.99,0.01,0.0,0.0,0.01,0.01,0.01,0.01,0.01,0.0,0.0,0.0,0.0,0.0,0.0,0.0,0.0,0.01,0.0,0.0,0.01,0.01,0.01,0.01,0.01,0.01,0.0,0.0,0.01,0.01,0.01,0.01,0.01
0.25,0.98872,0.00062,6.2e-5,0.9875,0.9882,0.9888,0.9892,0.9898,0.010644,0.00071,7.1e-5,0.0096,0.0102,0.0106,0.0112,0.0122,0.000636,0.00033,3.3e-5,0.0001,0.0004,0.0006,0.0008,0.0014,0.010644,0.00071,7.1e-5,0.0096,0.0102,0.0106,0.0112,0.0122,0.01128,0.00062,6.2e-5,0.0102,0.0108,0.0112,0.0118,0.0125
0.5,0.98747,0.00088,8.8e-5,0.98559,0.9868,0.9876,0.988,0.989,0.011166,0.00085,8.5e-5,0.00969,0.0106,0.0112,0.0118,0.0128,0.001364,0.00049,4.9e-5,0.0006,0.001,0.0014,0.0016,0.0024,0.011166,0.00085,8.5e-5,0.00969,0.0106,0.0112,0.0118,0.0128,0.01253,0.00088,8.8e-5,0.011,0.012,0.0124,0.0132,0.01441
0.75,0.986104,0.00111,0.000111,0.98419,0.9852,0.9861,0.987,0.9883,0.011902,0.00117,0.000117,0.0101,0.011,0.0118,0.0128,0.01421,0.001994,0.00064,6.4e-5,0.0008,0.0016,0.0018,0.0024,0.00351,0.011902,0.00117,0.000117,0.0101,0.011,0.0118,0.0128,0.01421,0.013896,0.00111,0.000111,0.01169,0.013,0.0139,0.0148,0.01581
1.0,0.984654,0.00132,0.000132,0.9822,0.9836,0.985,0.9856,0.9866,0.012566,0.00137,0.000137,0.01039,0.0114,0.0124,0.0136,0.01531,0.00278,0.00076,7.6e-5,0.0017,0.00235,0.0026,0.0032,0.00472,0.012566,0.00137,0.000137,0.01039,0.0114,0.0124,0.0136,0.01531,0.015346,0.00132,0.000132,0.0134,0.0144,0.015,0.0164,0.0178
1.25,0.98329,0.00153,0.000153,0.9802,0.982,0.9835,0.9844,0.9859,0.013108,0.00163,0.000163,0.0104,0.012,0.013,0.0142,0.01611,0.003602,0.00092,9.2e-5,0.0022,0.003,0.0036,0.0042,0.00561,0.013108,0.00163,0.000163,0.0104,0.012,0.013,0.0142,0.01611,0.01671,0.00153,0.000153,0.0141,0.0156,0.0165,0.018,0.0198
1.5,0.981822,0.00178,0.000178,0.97839,0.9804,0.982,0.9832,0.9846,0.013702,0.00183,0.000183,0.01039,0.0124,0.0134,0.01505,0.0167,0.004476,0.00096,9.6e-5,0.0027,0.0038,0.0046,0.005,0.0064,0.013702,0.00183,0.000183,0.01039,0.0124,0.0134,0.01505,0.0167,0.018178,0.00178,0.000178,0.0154,0.0168,0.018,0.0196,0.02161
1.75,0.980328,0.00204,0.000204,0.97629,0.979,0.9805,0.9816,0.984,0.014288,0.00203,0.000203,0.0104,0.0128,0.0141,0.016,0.01833,0.005384,0.001,0.0001,0.0038,0.0046,0.0054,0.006,0.00751,0.014288,0.00203,0.000203,0.0104,0.0128,0.0141,0.016,0.01833,0.019672,0.00204,0.000204,0.016,0.0184,0.0195,0.021,0.02371
2.0,0.978724,0.00236,0.000236,0.9745,0.977,0.9788,0.98045,0.98301,0.014966,0.00224,0.000224,0.01059,0.01335,0.015,0.01665,0.0191,0.00631,0.00102,0.000102,0.0046,0.0056,0.0062,0.007,0.0082,0.014966,0.00224,0.000224,0.01059,0.01335,0.015,0.01665,0.0191,0.021276,0.00236,0.000236,0.01699,0.01955,0.0212,0.023,0.0255
2.25,0.977064,0.00267,0.000267,0.97188,0.9754,0.9772,0.97885,0.98241,0.015644,0.00251,0.000251,0.01019,0.0142,0.0156,0.0174,0.0206,0.007292,0.00108,0.000108,0.0055,0.0064,0.0073,0.008,0.0096,0.015644,0.00251,0.000251,0.01019,0.0142,0.0156,0.0174,0.0206,0.022936,0.00267,0.000267,0.01759,0.02115,0.0228,0.0246,0.02812
2.5,0.975302,0.00292,0.000292,0.96959,0.97355,0.9753,0.9772,0.98132,0.016368,0.00266,0.000266,0.01088,0.0148,0.0162,0.018,0.02181,0.00833,0.00117,0.000117,0.0065,0.0074,0.0081,0.00905,0.01091,0.016368,0.00266,0.000266,0.01088,0.0148,0.0162,0.018,0.02181,0.024698,0.00292,0.000292,0.01868,0.0228,0.0247,0.02645,0.03041
2.75,0.97342,0.00323,0.000323,0.96719,0.9714,0.9737,0.97545,0.98012,0.017146,0.00289,0.000289,0.01169,0.0154,0.0168,0.019,0.02321,0.009434,0.00129,0.000129,0.0074,0.0086,0.0093,0.0104,0.01192,0.017146,0.00289,0.000289,0.01169,0.0154,0.0168,0.019,0.02321,0.02658,0.00323,0.000323,0.01988,0.02455,0.0263,0.0286,0.03281
3.0,0.971488,0.00351,0.000351,0.9653,0.96935,0.9718,0.9736,0.97833,0.018062,0.00303,0.000303,0.0121,0.01635,0.0179,0.02,0.0238,0.01045,0.00142,0.000142,0.0084,0.0094,0.0103,0.0114,0.0132,0.018062,0.00303,0.000303,0.0121,0.01635,0.0179,0.02,0.0238,0.028512,0.00351,0.000351,0.02168,0.0264,0.0282,0.03065,0.0347
3.25,0.969686,0.00382,0.000382,0.963,0.96735,0.9699,0.9722,0.97692,0.018818,0.00321,0.000321,0.01238,0.0168,0.0188,0.0208,0.02481,0.011496,0.00151,0.000151,0.0092,0.0102,0.0114,0.0124,0.01441,0.018818,0.00321,0.000321,0.01238,0.0168,0.0188,0.0208,0.02481,0.030314,0.00382,0.000382,0.02308,0.0278,0.0301,0.03265,0.037
3.5,0.967662,0.00403,0.000403,0.96088,0.9644,0.9678,0.9702,0.97561,0.019668,0.00333,0.000333,0.01297,0.01775,0.0194,0.022,0.0256,0.01267,0.00163,0.000163,0.0102,0.01155,0.0124,0.01365,0.016,0.019668,0.00333,0.000333,0.01297,0.01775,0.0194,0.022,0.0256,0.032338,0.00403,0.000403,0.02439,0.0298,0.0322,0.0356,0.03912
3.75,0.965552,0.00451,0.000451,0.95758,0.96275,0.9658,0.9686,0.97481,0.020456,0.00369,0.000369,0.0133,0.0184,0.0203,0.02285,0.0276,0.013992,0.00177,0.000177,0.0109,0.01275,0.0138,0.0152,0.01711,0.020456,0.00369,0.000369,0.0133,0.0184,0.0203,0.02285,0.0276,0.034448,0.00451,0.000451,0.02519,0.0314,0.0342,0.03725,0.04242
4.0,0.963224,0.00497,0.000497,0.95388,0.9604,0.9633,0.96645,0.97382,0.021372,0.00389,0.000389,0.0141,0.01885,0.0214,0.0242,0.0292,0.015404,0.00195,0.000195,0.01188,0.01395,0.0154,0.01685,0.0188,0.021372,0.00389,0.000389,0.0141,0.01885,0.0214,0.0242,0.0292,0.036776,0.00497,0.000497,0.02618,0.03355,0.0367,0.0396,0.04613
4.25,0.960816,0.00542,0.000542,0.95068,0.9577,0.961,0.9644,0.97254,0.022476,0.00412,0.000412,0.0152,0.0198,0.0226,0.0254,0.03001,0.016708,0.00221,0.000221,0.0127,0.0152,0.0169,0.0182,0.021,0.022476,0.00412,0.000412,0.0152,0.0198,0.0226,0.0254,0.03001,0.039184,0.00542,0.000542,0.02746,0.0356,0.039,0.0423,0.04932
4.5,0.95852,0.00584,0.000584,0.94728,0.9548,0.9587,0.9613,0.97092,0.023446,0.00439,0.000439,0.01549,0.0209,0.0235,0.02605,0.03151,0.018034,0.00235,0.000235,0.0139,0.0164,0.0181,0.01965,0.02261,0.023446,0.00439,0.000439,0.01549,0.0209,0.0235,0.02605,0.03151,0.04148,0.00584,0.000584,0.02908,0.0387,0.0413,0.0452,0.05273
4.75,0.95602,0.00623,0.000623,0.9445,0.95195,0.9561,0.9594,0.96914,0.024446,0.00457,0.000457,0.01546,0.0216,0.0244,0.027,0.0328,0.019534,0.00261,0.000261,0.0151,0.0178,0.0194,0.0214,0.02443,0.024446,0.00457,0.000457,0.01546,0.0216,0.0244,0.027,0.0328,0.04398,0.00623,0.000623,0.03086,0.0406,0.0439,0.04805,0.0555
5.0,0.953236,0.00675,0.000675,0.94068,0.9486,0.9535,0.9571,0.96732,0.025724,0.00485,0.000485,0.01638,0.023,0.0255,0.0286,0.03541,0.02104,0.00277,0.000277,0.01639,0.0192,0.0208,0.02285,0.02621,0.025724,0.00485,0.000485,0.01638,0.023,0.0255,0.0286,0.03541,0.046764,0.00675,0.000675,0.03267,0.0429,0.0465,0.0514,0.05932
5.25,0.95052,0.00733,0.000733,0.9369,0.9455,0.9505,0.9547,0.96566,0.026854,0.00529,0.000529,0.0172,0.0234,0.0264,0.03025,0.0381,0.022626,0.00296,0.000296,0.0175,0.0207,0.0223,0.0248,0.028,0.026854,0.00529,0.000529,0.0172,0.0234,0.0264,0.03025,0.0381,0.04948,0.00733,0.000733,0.03434,0.0453,0.0495,0.0545,0.06311
5.5,0.947642,0.00772,0.000772,0.93318,0.94215,0.9478,0.95205,0.96325,0.027968,0.00537,0.000537,0.01828,0.02455,0.0277,0.0316,0.03932,0.02439,0.0033,0.00033,0.01808,0.02235,0.0242,0.0268,0.0303,0.027968,0.00537,0.000537,0.01828,0.02455,0.0277,0.0316,0.03932,0.052358,0.00772,0.000772,0.03675,0.04795,0.0522,0.05785,0.06682
5.75,0.944618,0.00815,0.000815,0.92898,0.93935,0.9452,0.9496,0.96064,0.029288,0.00547,0.000547,0.01914,0.02545,0.029,0.0328,0.04063,0.026094,0.00363,0.000363,0.01898,0.02395,0.026,0.0285,0.03311,0.029288,0.00547,0.000547,0.01914,0.02545,0.029,0.0328,0.04063,0.055382,0.00815,0.000815,0.03936,0.0504,0.0548,0.06065,0.07102
6.0,0.94131,0.0087,0.00087,0.9239,0.9355,0.9423,0.94645,0.95843,0.030722,0.00578,0.000578,0.01996,0.02665,0.0306,0.03445,0.0423,0.027968,0.0039,0.00039,0.0203,0.0256,0.0278,0.0306,0.03542,0.030722,0.00578,0.000578,0.01996,0.02665,0.0306,0.03445,0.0423,0.05869,0.0087,0.00087,0.04157,0.05355,0.0577,0.0645,0.07611
6.25,0.938014,0.00915,0.000915,0.91916,0.93215,0.9385,0.94345,0.95604,0.031994,0.00586,0.000586,0.02148,0.0281,0.0319,0.03585,0.0438,0.029992,0.00421,0.000421,0.02198,0.0274,0.0302,0.0326,0.03801,0.031994,0.00586,0.000586,0.02148,0.0281,0.0319,0.03585,0.0438,0.061986,0.00915,0.000915,0.04396,0.05655,0.0615,0.06785,0.08084
6.5,0.934556,0.0098,0.00098,0.91508,0.92795,0.9349,0.94035,0.95312,0.033362,0.00617,0.000617,0.0227,0.029,0.0335,0.0374,0.0447,0.032082,0.00439,0.000439,0.02359,0.02895,0.032,0.03465,0.04061,0.033362,0.00617,0.000617,0.0227,0.029,0.0335,0.0374,0.0447,0.065444,0.0098,0.00098,0.04688,0.05965,0.0651,0.07205,0.08492
6.75,0.93105,0.01022,0.001022,0.90986,0.92455,0.9314,0.93765,0.95058,0.034686,0.00625,0.000625,0.02299,0.0301,0.0346,0.039,0.0473,0.034264,0.00468,0.000468,0.0245,0.03125,0.0342,0.03685,0.04361,0.034686,0.00625,0.000625,0.02299,0.0301,0.0346,0.039,0.0473,0.06895,0.01022,0.001022,0.04942,0.06235,0.0686,0.07545,0.09014
7.0,0.927322,0.01075,0.001075,0.9041,0.92025,0.9274,0.9347,0.94748,0.036268,0.00647,0.000647,0.02446,0.0315,0.0363,0.0399,0.04964,0.03641,0.00501,0.000501,0.0259,0.0328,0.0363,0.03905,0.04651,0.036268,0.00647,0.000647,0.02446,0.0315,0.0363,0.0399,0.04964,0.072678,0.01075,0.001075,0.05252,0.0653,0.0726,0.07975,0.0959
7.25,0.923506,0.01131,0.001131,0.8986,0.9165,0.924,0.93195,0.94454,0.037802,0.00666,0.000666,0.02624,0.033,0.038,0.042,0.05212,0.038692,0.00542,0.000542,0.0274,0.0348,0.0385,0.04225,0.0495,0.037802,0.00666,0.000666,0.02624,0.033,0.038,0.042,0.05212,0.076494,0.01131,0.001131,0.05546,0.06805,0.076,0.0835,0.1014
7.5,0.919388,0.01183,0.001183,0.89258,0.9122,0.9196,0.92735,0.9409,0.039548,0.00699,0.000699,0.02656,0.0345,0.0398,0.0443,0.05452,0.041064,0.00568,0.000568,0.02959,0.037,0.0405,0.04465,0.0521,0.039548,0.00699,0.000699,0.02656,0.0345,0.0398,0.0443,0.05452,0.080612,0.01183,0.001183,0.05909,0.07265,0.0804,0.0878,0.10742
7.75,0.915238,0.0125,0.00125,0.8876,0.9068,0.9151,0.92365,0.9379,0.041226,0.00721,0.000721,0.02806,0.03565,0.0413,0.0466,0.05594,0.043536,0.00608,0.000608,0.0319,0.03955,0.0437,0.04675,0.05552,0.041226,0.00721,0.000721,0.02806,0.03565,0.0413,0.0466,0.05594,0.084762,0.0125,0.00125,0.0621,0.07635,0.0849,0.0932,0.1124
8.0,0.910916,0.01323,0.001323,0.88158,0.90275,0.9106,0.9197,0.9346,0.04288,0.00763,0.000763,0.02997,0.03775,0.0422,0.04825,0.05915,0.046204,0.0065,0.00065,0.0345,0.04215,0.0459,0.05005,0.05904,0.04288,0.00763,0.000763,0.02997,0.03775,0.0422,0.04825,0.05915,0.089084,0.01323,0.001323,0.0654,0.0803,0.0894,0.09725,0.11842
8.25,0.906274,0.01393,0.001393,0.87606,0.8975,0.9059,0.9158,0.93134,0.044764,0.00789,0.000789,0.03129,0.03935,0.0444,0.0502,0.06119,0.048962,0.00705,0.000705,0.03596,0.0446,0.0485,0.0531,0.0633,0.044764,0.00789,0.000789,0.03129,0.03935,0.0444,0.0502,0.06119,0.093726,0.01393,0.001393,0.06866,0.0842,0.0941,0.1025,0.12394
8.5,0.901652,0.01473,0.001473,0.87155,0.8938,0.9009,0.9104,0.9279,0.04659,0.00817,0.000817,0.03258,0.04085,0.047,0.0522,0.06356,0.051758,0.00752,0.000752,0.0386,0.04715,0.0516,0.0559,0.0673,0.04659,0.00817,0.000817,0.03258,0.04085,0.047,0.0522,0.06356,0.098348,0.01473,0.001473,0.07209,0.0896,0.0991,0.1062,0.12845
8.75,0.896838,0.01528,0.001528,0.86535,0.888,0.8969,0.90685,0.9247,0.04839,0.00833,0.000833,0.03338,0.04195,0.0486,0.0548,0.06463,0.054772,0.008,0.0008,0.04029,0.0499,0.0546,0.0598,0.07202,0.04839,0.00833,0.000833,0.03338,0.04195,0.0486,0.0548,0.06463,0.103162,0.01528,0.001528,0.0753,0.09315,0.1031,0.112,0.13465
9.0,0.89195,0.01608,0.001608,0.85857,0.8821,0.8918,0.9029,0.92074,0.050254,0.00898,0.000898,0.03458,0.0427,0.0498,0.05695,0.06781,0.057796,0.00822,0.000822,0.0424,0.0528,0.0574,0.06305,0.07492,0.050254,0.00898,0.000898,0.03458,0.0427,0.0498,0.05695,0.06781,0.10805,0.01608,0.001608,0.07926,0.0971,0.1082,0.1179,0.14143
9.25,0.886738,0.01694,0.001694,0.85308,0.87575,0.8867,0.8973,0.91654,0.052132,0.00942,0.000942,0.03539,0.04475,0.0513,0.05855,0.07012,0.06113,0.0087,0.00087,0.04459,0.0555,0.0608,0.06685,0.0787,0.052132,0.00942,0.000942,0.03539,0.04475,0.0513,0.05855,0.07012,0.113262,0.01694,0.001694,0.08346,0.1027,0.1133,0.12425,0.14692
9.5,0.881408,0.01781,0.001781,0.84554,0.8702,0.881,0.89285,0.91404,0.054172,0.00974,0.000974,0.03638,0.04725,0.0541,0.0605,0.07146,0.06442,0.00923,0.000923,0.04716,0.0584,0.064,0.0707,0.08375,0.054172,0.00974,0.000974,0.03638,0.04725,0.0541,0.0605,0.07146,0.118592,0.01781,0.001781,0.08596,0.10715,0.119,0.1298,0.15446
9.75,0.875966,0.01865,0.001865,0.8395,0.86395,0.876,0.88815,0.91012,0.056246,0.01001,0.001001,0.0386,0.04915,0.056,0.06335,0.07496,0.067788,0.00977,0.000977,0.04974,0.0616,0.0678,0.07385,0.08698,0.056246,0.01001,0.001001,0.0386,0.04915,0.056,0.06335,0.07496,0.124034,0.01865,0.001865,0.08988,0.11185,0.124,0.13605,0.16051
10.0,0.870512,0.01948,0.001948,0.83257,0.8584,0.8707,0.88315,0.9065,0.058054,0.01046,0.001046,0.03959,0.05095,0.0574,0.0654,0.07839,0.071434,0.01021,0.001021,0.05226,0.0647,0.0708,0.07825,0.0929,0.058054,0.01046,0.001046,0.03959,0.05095,0.0574,0.0654,0.07839,0.129488,0.01948,0.001948,0.0935,0.11685,0.1293,0.1416,0.16743
10.25,0.864758,0.02048,0.002048,0.82492,0.85165,0.8639,0.87745,0.90242,0.060116,0.01094,0.001094,0.04108,0.0522,0.0594,0.0686,0.08122,0.075126,0.01075,0.001075,0.05446,0.0686,0.0747,0.08125,0.097,0.060116,0.01094,0.001094,0.04108,0.0522,0.0594,0.0686,0.08122,0.135242,0.02048,0.002048,0.09758,0.12255,0.1361,0.14835,0.17509
10.5,0.85869,0.02154,0.002154,0.81612,0.84355,0.8582,0.87315,0.89672,0.06234,0.01136,0.001136,0.04168,0.0546,0.0609,0.07065,0.08285,0.07897,0.01139,0.001139,0.05668,0.0718,0.0788,0.085,0.10305,0.06234,0.01136,0.001136,0.04168,0.0546,0.0609,0.07065,0.08285,0.14131,0.02154,0.002154,0.10328,0.12685,0.1418,0.15645,0.18388
10.75,0.852494,0.02231,0.002231,0.80844,0.83745,0.8511,0.8681,0.8922,0.064604,0.01153,0.001153,0.0435,0.0564,0.0638,0.07305,0.08562,0.082902,0.01195,0.001195,0.05937,0.07525,0.0824,0.08985,0.10763,0.064604,0.01153,0.001153,0.0435,0.0564,0.0638,0.07305,0.08562,0.147506,0.02231,0.002231,0.1078,0.1319,0.1489,0.16255,0.19156
11.0,0.846274,0.02315,0.002315,0.80096,0.8299,0.8452,0.86215,0.88772,0.06667,0.01171,0.001171,0.04486,0.05895,0.0662,0.075,0.0878,0.087056,0.01269,0.001269,0.06299,0.078,0.0866,0.0949,0.11336,0.06667,0.01171,0.001171,0.04486,0.05895,0.0662,0.075,0.0878,0.153726,0.02315,0.002315,0.11228,0.13785,0.1548,0.1701,0.19905
11.25,0.839764,0.02384,0.002384,0.79306,0.8229,0.8386,0.8546,0.88252,0.06888,0.01186,0.001186,0.04624,0.06175,0.0685,0.07765,0.09112,0.091356,0.01317,0.001317,0.06615,0.08275,0.0912,0.09865,0.11766,0.06888,0.01186,0.001186,0.04624,0.06175,0.0685,0.07765,0.09112,0.160236,0.02384,0.002384,0.11748,0.1454,0.1614,0.1771,0.20694
11.5,0.833278,0.02459,0.002459,0.78683,0.81585,0.8318,0.84885,0.87801,0.071022,0.01201,0.001201,0.0476,0.06295,0.0714,0.0799,0.09321,0.0957,0.01378,0.001378,0.06964,0.0862,0.0961,0.10285,0.12387,0.071022,0.01201,0.001201,0.0476,0.06295,0.0714,0.0799,0.09321,0.166722,0.02459,0.002459,0.12199,0.15115,0.1682,0.18415,0.21317
11.75,0.826572,0.02554,0.002554,0.77722,0.8081,0.8258,0.8424,0.87341,0.073228,0.01224,0.001224,0.04914,0.0651,0.0738,0.08145,0.09641,0.1002,0.01445,0.001445,0.07359,0.09065,0.1001,0.10775,0.1292,0.073228,0.01224,0.001224,0.04914,0.0651,0.0738,0.08145,0.09641,0.173428,0.02554,0.002554,0.12659,0.1576,0.1742,0.1919,0.22278
12.0,0.819832,0.02643,0.002643,0.77041,0.7998,0.8186,0.837,0.8687,0.075256,0.01247,0.001247,0.05115,0.06635,0.0758,0.0842,0.09762,0.104912,0.01511,0.001511,0.07768,0.09555,0.1052,0.1124,0.13471,0.075256,0.01247,0.001247,0.05115,0.06635,0.0758,0.0842,0.09762,0.180168,0.02643,0.002643,0.1313,0.163,0.1814,0.2002,0.22959
12.25,0.81282,0.02735,0.002735,0.76288,0.7911,0.8119,0.8305,0.86416,0.077566,0.01283,0.001283,0.053,0.0679,0.0777,0.08585,0.10166,0.109614,0.01566,0.001566,0.08169,0.0998,0.11,0.119,0.1407,0.077566,0.01283,0.001283,0.053,0.0679,0.0777,0.08585,0.10166,0.18718,0.02735,0.002735,0.13584,0.1695,0.1881,0.2089,0.23712
12.5,0.805534,0.02782,0.002782,0.75398,0.7836,0.8037,0.82345,0.85856,0.079864,0.01251,0.001251,0.05557,0.0715,0.0804,0.0883,0.10324,0.114602,0.0163,0.00163,0.08639,0.10365,0.1152,0.12455,0.14556,0.079864,0.01251,0.001251,0.05557,0.0715,0.0804,0.0883,0.10324,0.194466,0.02782,0.002782,0.14144,0.17655,0.1963,0.2164,0.24602
12.75,0.798208,0.02884,0.002884,0.74517,0.7762,0.7967,0.8166,0.85192,0.082072,0.01293,0.001293,0.0573,0.07345,0.0827,0.09005,0.10524,0.11972,0.01692,0.001692,0.09039,0.1079,0.121,0.13015,0.15178,0.082072,0.01293,0.001293,0.0573,0.07345,0.0827,0.09005,0.10524,0.201792,0.02884,0.002884,0.14808,0.1834,0.2033,0.2238,0.25484
13.0,0.7906,0.0297,0.00297,0.73682,0.76775,0.7886,0.80955,0.84614,0.084478,0.01326,0.001326,0.05915,0.0754,0.0844,0.09285,0.10922,0.124922,0.01753,0.001753,0.0947,0.11285,0.1259,0.1367,0.15774,0.084478,0.01326,0.001326,0.05915,0.0754,0.0844,0.09285,0.10922,0.2094,0.0297,0.00297,0.15386,0.19045,0.2114,0.23225,0.26318
13.25,0.783162,0.03059,0.003059,0.72991,0.75775,0.7812,0.8032,0.84048,0.086586,0.01334,0.001334,0.06246,0.0778,0.0875,0.095,0.10822,0.130252,0.0184,0.00184,0.09858,0.1174,0.1307,0.14265,0.16536,0.086586,0.01334,0.001334,0.06246,0.0778,0.0875,0.095,0.10822,0.216838,0.03059,0.003059,0.15952,0.1968,0.2188,0.24225,0.27009
13.5,0.775512,0.03171,0.003171,0.71994,0.74905,0.7735,0.79745,0.8345,0.088926,0.01395,0.001395,0.06477,0.07795,0.0891,0.09865,0.1105,0.135562,0.01898,0.001898,0.10188,0.12215,0.1355,0.1499,0.17164,0.088926,0.01395,0.001395,0.06477,0.07795,0.0891,0.09865,0.1105,0.224488,0.03171,0.003171,0.1655,0.20255,0.2265,0.25095,0.28007
13.75,0.767502,0.03257,0.003257,0.71096,0.74075,0.7661,0.79025,0.82624,0.091442,0.01422,0.001422,0.06668,0.08175,0.0907,0.10105,0.1149,0.141056,0.01964,0.001964,0.1056,0.12815,0.1413,0.1565,0.1782,0.091442,0.01422,0.001422,0.06668,0.08175,0.0907,0.10105,0.1149,0.232498,0.03257,0.003257,0.17376,0.20975,0.2339,0.25925,0.28904
14.0,0.75939,0.03327,0.003327,0.7016,0.7336,0.7584,0.7833,0.81899,0.093776,0.01423,0.001423,0.06877,0.0838,0.0937,0.10505,0.11712,0.146834,0.02039,0.002039,0.1097,0.13295,0.1466,0.1632,0.18474,0.093776,0.01423,0.001423,0.06877,0.0838,0.0937,0.10505,0.11712,0.24061,0.03327,0.003327,0.181,0.2167,0.2416,0.2664,0.29841
14.25,0.751158,0.03417,0.003417,0.69277,0.7247,0.7491,0.7738,0.81156,0.09596,0.01446,0.001446,0.0716,0.0862,0.0966,0.1068,0.12021,0.152882,0.02106,0.002106,0.11368,0.1385,0.1535,0.169,0.19152,0.09596,0.01446,0.001446,0.0716,0.0862,0.0966,0.1068,0.12021,0.248842,0.03417,0.003417,0.18844,0.2262,0.2509,0.2753,0.30724
14.5,0.742706,0.03479,0.003479,0.68345,0.71435,0.7401,0.76615,0.8027,0.098334,0.01434,0.001434,0.07375,0.088,0.0989,0.109,0.12295,0.15896,0.02173,0.002173,0.11863,0.1437,0.1589,0.17735,0.19872,0.098334,0.01434,0.001434,0.07375,0.088,0.0989,0.109,0.12295,0.257294,0.03479,0.003479,0.1973,0.23385,0.2599,0.28565,0.31655
14.75,0.734454,0.03564,0.003564,0.67432,0.70575,0.732,0.7588,0.7969,0.100456,0.01452,0.001452,0.07557,0.0903,0.1016,0.11165,0.1248,0.16509,0.02253,0.002253,0.1228,0.1501,0.166,0.18455,0.20592,0.100456,0.01452,0.001452,0.07557,0.0903,0.1016,0.11165,0.1248,0.265546,0.03564,0.003564,0.2031,0.2412,0.268,0.29425,0.32568
15.0,0.725994,0.03666,0.003666,0.66328,0.6951,0.7226,0.7534,0.79083,0.102524,0.01477,0.001477,0.07719,0.092,0.1041,0.11345,0.1294,0.171482,0.02333,0.002333,0.12802,0.1561,0.1727,0.19235,0.2138,0.102524,0.01477,0.001477,0.07719,0.092,0.1041,0.11345,0.1294,0.274006,0.03666,0.003666,0.20917,0.2466,0.2774,0.3049,0.33672
15.25,0.71763,0.03755,0.003755,0.6537,0.6864,0.7144,0.74485,0.78463,0.104696,0.01477,0.001477,0.07977,0.0935,0.1057,0.1153,0.13101,0.177674,0.02416,0.002416,0.13304,0.16145,0.1785,0.198,0.21978,0.104696,0.01477,0.001477,0.07977,0.0935,0.1057,0.1153,0.13101,0.28237,0.03755,0.003755,0.21537,0.25515,0.2856,0.3136,0.3463
15.5,0.709266,0.0383,0.00383,0.64468,0.6784,0.7053,0.7355,0.77854,0.106502,0.01487,0.001487,0.0814,0.09485,0.1078,0.11765,0.13305,0.184232,0.02496,0.002496,0.13783,0.16755,0.1848,0.2036,0.22885,0.106502,0.01487,0.001487,0.0814,0.09485,0.1078,0.11765,0.13305,0.290734,0.0383,0.00383,0.22146,0.2645,0.2947,0.3216,0.35533
15.75,0.700644,0.03881,0.003881,0.63399,0.6698,0.6975,0.7281,0.77005,0.108354,0.01467,0.001467,0.08258,0.09855,0.1091,0.1191,0.13352,0.191002,0.0257,0.00257,0.14397,0.17385,0.1923,0.2117,0.23742,0.108354,0.01467,0.001467,0.08258,0.09855,0.1091,0.1191,0.13352,0.299356,0.03881,0.003881,0.22995,0.2719,0.3025,0.3302,0.36601
16.0,0.691904,0.03945,0.003945,0.6243,0.6612,0.6899,0.71965,0.76214,0.110486,0.01465,0.001465,0.0836,0.09945,0.1111,0.12085,0.13672,0.19761,0.02638,0.002638,0.14924,0.17905,0.1993,0.2199,0.24446,0.110486,0.01465,0.001465,0.0836,0.09945,0.1111,0.12085,0.13672,0.308096,0.03945,0.003945,0.23786,0.28035,0.3101,0.3388,0.3757
16.25,0.683212,0.03995,0.003995,0.61446,0.65305,0.6817,0.7124,0.75332,0.112258,0.01445,0.001445,0.08628,0.1016,0.1132,0.12305,0.1374,0.20453,0.02726,0.002726,0.155,0.1857,0.2079,0.22735,0.25276,0.112258,0.01445,0.001445,0.08628,0.1016,0.1132,0.12305,0.1374,0.316788,0.03995,0.003995,0.24668,0.2876,0.3183,0.34695,0.38554
16.5,0.674624,0.04078,0.004078,0.60478,0.6441,0.6744,0.70555,0.74464,0.113598,0.01458,0.001458,0.08844,0.1036,0.1146,0.12475,0.13987,0.211778,0.02802,0.002802,0.16086,0.1928,0.2146,0.2351,0.26116,0.113598,0.01458,0.001458,0.08844,0.1036,0.1146,0.12475,0.13987,0.325376,0.04078,0.004078,0.25536,0.29445,0.3256,0.3559,0.39522
16.75,0.66591,0.04137,0.004137,0.59566,0.63435,0.6647,0.6963,0.73781,0.115186,0.01463,0.001463,0.09017,0.1043,0.1162,0.12565,0.14161,0.218904,0.0288,0.00288,0.16638,0.19975,0.222,0.24245,0.26855,0.115186,0.01463,0.001463,0.09017,0.1043,0.1162,0.12565,0.14161,0.33409,0.04137,0.004137,0.26219,0.3037,0.3353,0.36565,0.40434
17.0,0.65737,0.04176,0.004176,0.58496,0.6262,0.656,0.6878,0.73025,0.116628,0.01427,0.001427,0.0912,0.10615,0.1176,0.12635,0.14485,0.226002,0.0296,0.00296,0.17251,0.205,0.2286,0.24995,0.27833,0.116628,0.01427,0.001427,0.0912,0.10615,0.1176,0.12635,0.14485,0.34263,0.04176,0.004176,0.26975,0.3122,0.344,0.3738,0.41504
17.25,0.648666,0.04217,0.004217,0.57617,0.6157,0.6471,0.6794,0.72354,0.118094,0.01433,0.001433,0.09128,0.1085,0.1186,0.1288,0.14333,0.23324,0.03023,0.003023,0.17879,0.21285,0.2359,0.2564,0.28684,0.118094,0.01433,0.001433,0.09128,0.1085,0.1186,0.1288,0.14333,0.351334,0.04217,0.004217,0.27646,0.3206,0.3529,0.3843,0.42383
17.5,0.639986,0.0427,0.00427,0.56698,0.60665,0.6389,0.6721,0.71556,0.119372,0.01425,0.001425,0.09257,0.1097,0.1207,0.12825,0.14554,0.240642,0.03098,0.003098,0.18498,0.2196,0.2434,0.2654,0.29597,0.119372,0.01425,0.001425,0.09257,0.1097,0.1207,0.12825,0.14554,0.360014,0.0427,0.00427,0.28444,0.3279,0.3611,0.39335,0.43302
17.75,0.631348,0.0433,0.00433,0.55794,0.59815,0.629,0.6636,0.7092,0.12038,0.01394,0.001394,0.09389,0.11095,0.1205,0.1291,0.14676,0.248272,0.03191,0.003191,0.19142,0.2263,0.2511,0.2751,0.30426,0.12038,0.01394,0.001394,0.09389,0.11095,0.1205,0.1291,0.14676,0.368652,0.0433,0.00433,0.2908,0.3364,0.371,0.40185,0.44206
18.0,0.622716,0.0436,0.00436,0.54966,0.5904,0.6202,0.65375,0.70085,0.121678,0.01379,0.001379,0.09548,0.11275,0.1225,0.1296,0.14749,0.255606,0.03261,0.003261,0.19757,0.2331,0.2585,0.28195,0.31241,0.121678,0.01379,0.001379,0.09548,0.11275,0.1225,0.1296,0.14749,0.377284,0.0436,0.00436,0.29915,0.34625,0.3798,0.4096,0.45034
18.25,0.614274,0.04401,0.004401,0.53944,0.58225,0.6105,0.64545,0.69233,0.122572,0.01356,0.001356,0.09568,0.113,0.1243,0.13145,0.14599,0.263154,0.03318,0.003318,0.20566,0.24135,0.2653,0.2882,0.32098,0.122572,0.01356,0.001356,0.09568,0.113,0.1243,0.13145,0.14599,0.385726,0.04401,0.004401,0.30766,0.35455,0.3895,0.41775,0.46056
18.5,0.60594,0.04435,0.004435,0.53155,0.5739,0.6026,0.6366,0.68508,0.12335,0.01328,0.001328,0.09606,0.11435,0.124,0.1322,0.14634,0.27071,0.03402,0.003402,0.21119,0.2483,0.2729,0.29815,0.33058,0.12335,0.01328,0.001328,0.09606,0.11435,0.124,0.1322,0.14634,0.39406,0.04435,0.004435,0.31492,0.3634,0.3974,0.4261,0.46845
18.75,0.597318,0.04455,0.004455,0.52324,0.565,0.5941,0.6286,0.67825,0.124262,0.01302,0.001302,0.09642,0.1167,0.1243,0.13265,0.14712,0.27842,0.03466,0.003466,0.21746,0.25595,0.2798,0.3067,0.33856,0.124262,0.01302,0.001302,0.09642,0.1167,0.1243,0.13265,0.14712,0.402682,0.04455,0.004455,0.32176,0.3714,0.4059,0.435,0.47676
19.0,0.588694,0.04466,0.004466,0.5139,0.5571,0.584,0.6205,0.67083,0.125154,0.01269,0.001269,0.09684,0.11845,0.1265,0.13235,0.14842,0.286152,0.03533,0.003533,0.22478,0.2622,0.2879,0.3139,0.34685,0.125154,0.01269,0.001269,0.09684,0.11845,0.1265,0.13235,0.14842,0.411306,0.04466,0.004466,0.32917,0.3795,0.416,0.4429,0.4861
19.25,0.580304,0.04523,0.004523,0.50358,0.54865,0.5751,0.6138,0.66443,0.125482,0.01281,0.001281,0.0968,0.11855,0.1259,0.1327,0.14732,0.294214,0.03592,0.003592,0.2316,0.26985,0.2959,0.3224,0.35617,0.125482,0.01281,0.001281,0.0968,0.11855,0.1259,0.1327,0.14732,0.419696,0.04523,0.004523,0.33557,0.3862,0.4249,0.45135,0.49642
19.5,0.5721,0.04509,0.004509,0.49373,0.5406,0.5668,0.6044,0.65706,0.125868,0.01226,0.001226,0.09844,0.1188,0.1263,0.1327,0.14671,0.302032,0.0365,0.00365,0.23937,0.277,0.3039,0.33005,0.36436,0.125868,0.01226,0.001226,0.09844,0.1188,0.1263,0.1327,0.14671,0.4279,0.04509,0.004509,0.34295,0.3956,0.4332,0.4594,0.50627
19.75,0.563954,0.04497,0.004497,0.48573,0.53235,0.5584,0.5951,0.64855,0.12599,0.01173,0.001173,0.09899,0.1186,0.1269,0.13325,0.14701,0.310056,0.03697,0.003697,0.24597,0.2844,0.3112,0.3382,0.37332,0.12599,0.01173,0.001173,0.09899,0.1186,0.1269,0.13325,0.14701,0.436046,0.04497,0.004497,0.35145,0.4049,0.4416,0.46765,0.51427
20.0,0.55567,0.04509,0.004509,0.47736,0.52295,0.55,0.5862,0.64027,0.126422,0.01154,0.001154,0.09829,0.1188,0.1269,0.1342,0.14712,0.317908,0.03754,0.003754,0.25318,0.28955,0.3195,0.34595,0.38109,0.126422,0.01154,0.001154,0.09829,0.1188,0.1269,0.1342,0.14712,0.44433,0.04509,0.004509,0.35973,0.4138,0.45,0.47705,0.52264
20.25,0.54755,0.04477,0.004477,0.46943,0.51455,0.5418,0.57635,0.63153,0.126832,0.01092,0.001092,0.10266,0.11975,0.1272,0.134,0.14685,0.325618,0.03806,0.003806,0.2592,0.29575,0.3272,0.35475,0.39036,0.126832,0.01092,0.001092,0.10266,0.11975,0.1272,0.134,0.14685,0.45245,0.04477,0.004477,0.36847,0.42365,0.4582,0.48545,0.53057
20.5,0.539704,0.0447,0.00447,0.4602,0.5056,0.5337,0.56855,0.62402,0.126634,0.01077,0.001077,0.1055,0.12015,0.127,0.13405,0.14571,0.333662,0.03834,0.003834,0.26736,0.30305,0.3343,0.3647,0.39954,0.126634,0.01077,0.001077,0.1055,0.12015,0.127,0.13405,0.14571,0.460296,0.0447,0.00447,0.37598,0.43145,0.4663,0.4944,0.53981
20.75,0.531976,0.0446,0.00446,0.4528,0.49845,0.5258,0.56145,0.61704,0.12653,0.01052,0.001052,0.10598,0.1199,0.1275,0.1331,0.14529,0.341494,0.03868,0.003868,0.27448,0.3108,0.3435,0.37055,0.4076,0.12653,0.01052,0.001052,0.10598,0.1199,0.1275,0.1331,0.14529,0.468024,0.0446,0.00446,0.38296,0.43855,0.4742,0.50155,0.54721
21.0,0.524198,0.04441,0.004441,0.4465,0.4915,0.5187,0.55405,0.61045,0.126396,0.01024,0.001024,0.1042,0.1209,0.1268,0.1325,0.14477,0.349406,0.0389,0.00389,0.28334,0.31895,0.3517,0.38075,0.41598,0.126396,0.01024,0.001024,0.1042,0.1209,0.1268,0.1325,0.14477,0.475802,0.04441,0.004441,0.38955,0.44595,0.4813,0.5085,0.5535
21.25,0.516764,0.04435,0.004435,0.43868,0.48455,0.5096,0.54715,0.60352,0.12606,0.01,0.001,0.10465,0.12085,0.1267,0.13235,0.1442,0.357176,0.03916,0.003916,0.28958,0.32595,0.3597,0.3885,0.42311,0.12606,0.01,0.001,0.10465,0.12085,0.1267,0.13235,0.1442,0.483236,0.04435,0.004435,0.39648,0.45285,0.4904,0.51545,0.56132
21.5,0.509264,0.04424,0.004424,0.43049,0.4767,0.5015,0.53955,0.59542,0.125702,0.01001,0.001001,0.1066,0.12015,0.1264,0.13165,0.14301,0.365034,0.03948,0.003948,0.2968,0.3348,0.3686,0.3964,0.43014,0.125702,0.01001,0.001001,0.1066,0.12015,0.1264,0.13165,0.14301,0.490736,0.04424,0.004424,0.40458,0.46045,0.4985,0.5233,0.56951
21.75,0.502064,0.04398,0.004398,0.42429,0.4704,0.4945,0.53215,0.58895,0.12505,0.00969,0.000969,0.10574,0.1188,0.1257,0.1308,0.14352,0.372886,0.03966,0.003966,0.30356,0.34275,0.3769,0.40435,0.43663,0.12505,0.00969,0.000969,0.10574,0.1188,0.1257,0.1308,0.14352,0.497936,0.04398,0.004398,0.41105,0.46785,0.5055,0.5296,0.57571
22.0,0.49498,0.04365,0.004365,0.41694,0.46505,0.4862,0.5257,0.58073,0.124204,0.00973,0.000973,0.10726,0.11835,0.1244,0.13055,0.14322,0.380816,0.03976,0.003976,0.30894,0.35065,0.3845,0.41205,0.44541,0.124204,0.00973,0.000973,0.10726,0.11835,0.1244,0.13055,0.14322,0.50502,0.04365,0.004365,0.41927,0.4743,0.5138,0.53495,0.58306
22.25,0.48803,0.04346,0.004346,0.41162,0.4565,0.4788,0.51745,0.57312,0.123548,0.00979,0.000979,0.10806,0.11705,0.1243,0.13055,0.14117,0.388422,0.03997,0.003997,0.31576,0.3588,0.3918,0.42005,0.45208,0.123548,0.00979,0.000979,0.10806,0.11705,0.1243,0.13055,0.14117,0.51197,0.04346,0.004346,0.42688,0.48255,0.5212,0.5435,0.58838
22.5,0.48128,0.04312,0.004312,0.4051,0.44955,0.4734,0.5094,0.56503,0.122632,0.00958,0.000958,0.10626,0.11625,0.1223,0.12865,0.13881,0.396088,0.03996,0.003996,0.32228,0.36645,0.3983,0.4258,0.45939,0.122632,0.00958,0.000958,0.10626,0.11625,0.1223,0.12865,0.13881,0.51872,0.04312,0.004312,0.43497,0.4906,0.5266,0.55045,0.5949
22.75,0.474558,0.04282,0.004282,0.39935,0.44475,0.4663,0.5025,0.55811,0.12155,0.00961,0.000961,0.10368,0.11595,0.1207,0.12745,0.13918,0.403892,0.04008,0.004008,0.32947,0.37495,0.4061,0.4345,0.46911,0.12155,0.00961,0.000961,0.10368,0.11595,0.1207,0.12745,0.13918,0.525442,0.04282,0.004282,0.4419,0.4975,0.5337,0.55525,0.60065
23.0,0.468024,0.04241,0.004241,0.39428,0.43835,0.4588,0.4945,0.55118,0.120368,0.00948,0.000948,0.10266,0.1141,0.1198,0.12595,0.13838,0.411608,0.04017,0.004017,0.33783,0.38325,0.4151,0.4418,0.47671,0.120368,0.00948,0.000948,0.10266,0.1141,0.1198,0.12595,0.13838,0.531976,0.04241,0.004241,0.44882,0.5055,0.5412,0.56165,0.60573
23.25,0.461488,0.04209,0.004209,0.3889,0.4319,0.4523,0.48815,0.54423,0.119506,0.00966,0.000966,0.10177,0.11355,0.1191,0.12565,0.1366,0.419006,0.04033,0.004033,0.34516,0.3908,0.4234,0.4495,0.48598,0.119506,0.00966,0.000966,0.10177,0.11355,0.1191,0.12565,0.1366,0.538512,0.04209,0.004209,0.45577,0.51185,0.5477,0.5681,0.6111
23.5,0.45524,0.04155,0.004155,0.3823,0.42735,0.4447,0.4814,0.5373,0.1182,0.00943,0.000943,0.10086,0.11255,0.1172,0.12505,0.13518,0.42656,0.04036,0.004036,0.35196,0.39865,0.4316,0.4571,0.49426,0.1182,0.00943,0.000943,0.10086,0.11255,0.1172,0.12505,0.13518,0.54476,0.04155,0.004155,0.4627,0.5186,0.5553,0.57265,0.6177
23.75,0.449112,0.04115,0.004115,0.3768,0.4214,0.4397,0.476,0.53122,0.116796,0.00903,0.000903,0.10115,0.11095,0.1159,0.1234,0.13342,0.434092,0.04041,0.004041,0.35838,0.4058,0.4386,0.46355,0.50186,0.116796,0.00903,0.000903,0.10115,0.11095,0.1159,0.1234,0.13342,0.550888,0.04115,0.004115,0.46878,0.524,0.5603,0.5786,0.62319
24.0,0.443146,0.04063,0.004063,0.37186,0.41615,0.4355,0.46895,0.52492,0.115594,0.00909,0.000909,0.09958,0.11055,0.1153,0.12245,0.13272,0.44126,0.0405,0.00405,0.36541,0.41355,0.4466,0.4707,0.50941,0.115594,0.00909,0.000909,0.09958,0.11055,0.1153,0.12245,0.13272,0.556854,0.04063,0.004063,0.47508,0.53105,0.5645,0.58385,0.62814
24.25,0.437438,0.04011,0.004011,0.36728,0.4102,0.4289,0.4618,0.51934,0.114056,0.00861,0.000861,0.09799,0.10865,0.1132,0.12085,0.13081,0.448506,0.0405,0.00405,0.37164,0.42065,0.4553,0.47775,0.51552,0.114056,0.00861,0.000861,0.09799,0.10865,0.1132,0.12085,0.13081,0.562562,0.04011,0.004011,0.48066,0.5382,0.5711,0.5898,0.63272
24.5,0.43166,0.03981,0.003981,0.36173,0.4043,0.4242,0.4551,0.51352,0.112808,0.00885,0.000885,0.09579,0.10655,0.1127,0.11945,0.12952,0.455532,0.04036,0.004036,0.37914,0.4271,0.4616,0.48555,0.52317,0.112808,0.00885,0.000885,0.09579,0.10655,0.1127,0.11945,0.12952,0.56834,0.03981,0.003981,0.48648,0.5449,0.5758,0.5957,0.63827
24.75,0.426342,0.03935,0.003935,0.35758,0.39955,0.4196,0.44895,0.50761,0.111082,0.00901,0.000901,0.0939,0.1062,0.1108,0.11725,0.1284,0.462576,0.04006,0.004006,0.38701,0.43435,0.4688,0.49205,0.5306,0.111082,0.00901,0.000901,0.0939,0.1062,0.1108,0.11725,0.1284,0.573658,0.03935,0.003935,0.49239,0.55105,0.5804,0.60045,0.64241
25.0,0.42103,0.03891,0.003891,0.3533,0.3947,0.4142,0.44415,0.50232,0.10933,0.00913,0.000913,0.09128,0.10385,0.1091,0.1155,0.12641,0.46964,0.03999,0.003999,0.39398,0.4411,0.4752,0.4997,0.53756,0.10933,0.00913,0.000913,0.09128,0.10385,0.1091,0.1155,0.12641,0.57897,0.03891,0.003891,0.49768,0.55585,0.5858,0.6053,0.6467
25.25,0.415712,0.03823,0.003823,0.34824,0.38895,0.4085,0.43875,0.49554,0.10789,0.00896,0.000896,0.0911,0.10265,0.1081,0.1144,0.12371,0.476398,0.03987,0.003987,0.40002,0.448,0.4823,0.5063,0.54336,0.10789,0.00896,0.000896,0.0911,0.10265,0.1081,0.1144,0.12371,0.584288,0.03823,0.003823,0.50446,0.56125,0.5915,0.61105,0.65176
25.5,0.410626,0.03783,0.003783,0.34512,0.3838,0.4036,0.4331,0.49138,0.106126,0.00891,0.000891,0.08979,0.1011,0.1056,0.1131,0.12302,0.483248,0.03976,0.003976,0.40613,0.4545,0.49,0.5123,0.5513,0.106126,0.00891,0.000891,0.08979,0.1011,0.1056,0.1131,0.12302,0.589374,0.03783,0.003783,0.50861,0.5669,0.5964,0.6162,0.65488
25.75,0.40581,0.0374,0.00374,0.34058,0.3797,0.3997,0.4281,0.48528,0.104482,0.00905,0.000905,0.08929,0.09885,0.1049,0.11105,0.12048,0.489708,0.03958,0.003958,0.41233,0.4621,0.4962,0.5179,0.55719,0.104482,0.00905,0.000905,0.08929,0.09885,0.1049,0.11105,0.12048,0.59419,0.0374,0.00374,0.51472,0.5719,0.6003,0.6203,0.65942
26.0,0.400962,0.0369,0.00369,0.33674,0.3751,0.3958,0.4212,0.48001,0.102778,0.00898,0.000898,0.0864,0.0976,0.1028,0.1096,0.11792,0.49626,0.03936,0.003936,0.41792,0.46845,0.502,0.5237,0.56463,0.102778,0.00898,0.000898,0.0864,0.0976,0.1028,0.1096,0.11792,0.599038,0.0369,0.00369,0.51999,0.5788,0.6042,0.6249,0.66326
26.25,0.396204,0.03651,0.003651,0.33274,0.37,0.3913,0.4174,0.47534,0.100978,0.00891,0.000891,0.08357,0.09555,0.1006,0.1073,0.11572,0.502818,0.03945,0.003945,0.42578,0.47485,0.5092,0.52965,0.57225,0.100978,0.00891,0.000891,0.08357,0.09555,0.1006,0.1073,0.11572,0.603796,0.03651,0.003651,0.52466,0.5826,0.6087,0.63,0.66727
26.5,0.391636,0.03604,0.003604,0.32926,0.3658,0.3863,0.4128,0.4705,0.099264,0.00896,0.000896,0.08316,0.0944,0.0988,0.10555,0.1151,0.5091,0.03924,0.003924,0.43178,0.4828,0.5155,0.5355,0.57968,0.099264,0.00896,0.000896,0.08316,0.0944,0.0988,0.10555,0.1151,0.608364,0.03604,0.003604,0.52949,0.5872,0.6137,0.6342,0.67074
26.75,0.387294,0.03546,0.003546,0.32552,0.363,0.3815,0.4086,0.46574,0.097396,0.00898,0.000898,0.08046,0.09235,0.0976,0.1035,0.11363,0.51531,0.03904,0.003904,0.43679,0.4895,0.5224,0.54265,0.58586,0.097396,0.00898,0.000898,0.08046,0.09235,0.0976,0.1035,0.11363,0.612706,0.03546,0.003546,0.53426,0.5914,0.6185,0.637,0.67448
27.0,0.383144,0.03499,0.003499,0.3226,0.35935,0.3774,0.40435,0.46018,0.095706,0.0088,0.00088,0.07873,0.0908,0.0962,0.10125,0.11092,0.52115,0.0386,0.00386,0.44299,0.495,0.5288,0.54965,0.59119,0.095706,0.0088,0.00088,0.07873,0.0908,0.0962,0.10125,0.11092,0.616856,0.03499,0.003499,0.53982,0.59565,0.6226,0.64065,0.6774
27.25,0.379032,0.03431,0.003431,0.31922,0.3553,0.3725,0.4001,0.45391,0.094072,0.00895,0.000895,0.07717,0.08875,0.0941,0.1,0.1102,0.526896,0.03847,0.003847,0.4489,0.5023,0.534,0.5557,0.59692,0.094072,0.00895,0.000895,0.07717,0.08875,0.0941,0.1,0.1102,0.620968,0.03431,0.003431,0.54609,0.5999,0.6275,0.6447,0.68079
27.5,0.37484,0.03375,0.003375,0.31631,0.35095,0.3694,0.39475,0.4487,0.092592,0.00892,0.000892,0.07698,0.08755,0.0921,0.0981,0.10861,0.532568,0.03812,0.003812,0.45557,0.5088,0.5398,0.56045,0.6027,0.092592,0.00892,0.000892,0.07698,0.08755,0.0921,0.0981,0.10861,0.62516,0.03375,0.003375,0.5513,0.60525,0.6306,0.64905,0.68369
27.75,0.37092,0.03326,0.003326,0.31342,0.3468,0.3663,0.39045,0.44402,0.090842,0.00907,0.000907,0.07445,0.0855,0.0905,0.09595,0.10921,0.538238,0.0379,0.00379,0.46168,0.51375,0.5451,0.5665,0.60848,0.090842,0.00907,0.000907,0.07445,0.0855,0.0905,0.09595,0.10921,0.62908,0.03326,0.003326,0.55598,0.60955,0.6337,0.6532,0.68658
28.0,0.367328,0.03278,0.003278,0.31024,0.3431,0.3629,0.386,0.43994,0.088874,0.0092,0.00092,0.07279,0.08275,0.0881,0.0943,0.10764,0.543798,0.03767,0.003767,0.46779,0.5188,0.5498,0.57345,0.61466,0.088874,0.0092,0.00092,0.07279,0.08275,0.0881,0.0943,0.10764,0.632672,0.03278,0.003278,0.56006,0.614,0.6371,0.6569,0.68976
28.25,0.363626,0.03228,0.003228,0.30744,0.3392,0.3596,0.38225,0.43491,0.087046,0.00942,0.000942,0.0706,0.08055,0.0868,0.0931,0.10562,0.549328,0.03735,0.003735,0.47377,0.52455,0.5559,0.57765,0.61895,0.087046,0.00942,0.000942,0.0706,0.08055,0.0868,0.0931,0.10562,0.636374,0.03228,0.003228,0.56509,0.61775,0.6404,0.6608,0.69257
28.5,0.359956,0.03163,0.003163,0.30522,0.3356,0.3551,0.3776,0.43078,0.085514,0.00972,0.000972,0.06928,0.07845,0.0851,0.0918,0.10543,0.55453,0.03711,0.003711,0.47878,0.5309,0.5617,0.58295,0.62291,0.085514,0.00972,0.000972,0.06928,0.07845,0.0851,0.0918,0.10543,0.640044,0.03163,0.003163,0.56922,0.6224,0.6449,0.6644,0.69477
28.75,0.356536,0.03095,0.003095,0.30275,0.3327,0.3527,0.37425,0.42594,0.08347,0.00983,0.000983,0.06735,0.07645,0.0831,0.0904,0.10366,0.559994,0.03677,0.003677,0.48477,0.5356,0.5664,0.5875,0.62814,0.08347,0.00983,0.000983,0.06735,0.07645,0.0831,0.0904,0.10366,0.643464,0.03095,0.003095,0.57406,0.62575,0.6473,0.6673,0.69725
29.0,0.353244,0.03061,0.003061,0.30054,0.32995,0.3494,0.37035,0.42226,0.08166,0.0098,0.00098,0.06492,0.07535,0.0814,0.0888,0.1023,0.565096,0.0364,0.00364,0.49086,0.5403,0.5704,0.5915,0.6324,0.08166,0.0098,0.00098,0.06492,0.07535,0.0814,0.0888,0.1023,0.646756,0.03061,0.003061,0.57774,0.62965,0.6506,0.67005,0.69946
29.25,0.350008,0.03016,0.003016,0.29858,0.3275,0.347,0.3675,0.41803,0.079996,0.00963,0.000963,0.06335,0.0732,0.0794,0.0863,0.0988,0.569996,0.03576,0.003576,0.49726,0.5459,0.5749,0.59675,0.63464,0.079996,0.00963,0.000963,0.06335,0.0732,0.0794,0.0863,0.0988,0.649992,0.03016,0.003016,0.58197,0.6325,0.653,0.6725,0.70142
29.5,0.346976,0.02957,0.002957,0.29638,0.32535,0.343,0.36365,0.41442,0.07805,0.00939,0.000939,0.06073,0.0716,0.0771,0.0844,0.09662,0.574974,0.03525,0.003525,0.50364,0.5517,0.5802,0.6004,0.63803,0.07805,0.00939,0.000939,0.06073,0.0716,0.0771,0.0844,0.09662,0.653024,0.02957,0.002957,0.58558,0.63635,0.657,0.67465,0.70362
29.75,0.343836,0.02908,0.002908,0.29435,0.3234,0.3406,0.3603,0.4103,0.076392,0.00926,0.000926,0.06093,0.0701,0.0752,0.0832,0.0945,0.579772,0.03484,0.003484,0.50747,0.5567,0.5848,0.60385,0.6419,0.076392,0.00926,0.000926,0.06093,0.0701,0.0752,0.0832,0.0945,0.656164,0.02908,0.002908,0.5897,0.6397,0.6594,0.6766,0.70565
30.0,0.34094,0.0287,0.00287,0.29128,0.32115,0.3375,0.3571,0.40712,0.074626,0.00916,0.000916,0.0607,0.06745,0.0736,0.081,0.09341,0.584434,0.03439,0.003439,0.51198,0.56345,0.5892,0.6079,0.6444,0.074626,0.00916,0.000916,0.0607,0.06745,0.0736,0.081,0.09341,0.65906,0.0287,0.00287,0.59288,0.6429,0.6625,0.67885,0.70872
30.25,0.338054,0.02836,0.002836,0.2891,0.31845,0.3344,0.3542,0.40403,0.07273,0.00892,0.000892,0.05806,0.06615,0.072,0.07905,0.08983,0.589216,0.03406,0.003406,0.51807,0.56835,0.5937,0.61245,0.64794,0.07273,0.00892,0.000892,0.05806,0.06615,0.072,0.07905,0.08983,0.661946,0.02836,0.002836,0.59597,0.6458,0.6656,0.68155,0.7109
30.5,0.335214,0.02795,0.002795,0.28712,0.31525,0.332,0.35145,0.39987,0.071038,0.00892,0.000892,0.05574,0.06455,0.0701,0.07725,0.087,0.593748,0.03371,0.003371,0.52249,0.57375,0.5988,0.6176,0.65246,0.071038,0.00892,0.000892,0.05574,0.06455,0.0701,0.07725,0.087,0.664786,0.02795,0.002795,0.60013,0.64855,0.668,0.68475,0.71288
30.75,0.332468,0.0275,0.00275,0.28512,0.31285,0.3295,0.34825,0.39545,0.06951,0.00907,0.000907,0.05446,0.06355,0.0691,0.0766,0.0858,0.598022,0.03347,0.003347,0.52719,0.57825,0.6026,0.621,0.65614,0.06951,0.00907,0.000907,0.05446,0.06355,0.0691,0.0766,0.0858,0.667532,0.0275,0.00275,0.60455,0.65175,0.6705,0.68715,0.71488
31.0,0.329864,0.02708,0.002708,0.28403,0.31025,0.3258,0.34505,0.39234,0.067768,0.00924,0.000924,0.05348,0.0605,0.067,0.075,0.08414,0.602368,0.03319,0.003319,0.53167,0.5831,0.607,0.6253,0.66074,0.067768,0.00924,0.000924,0.05348,0.0605,0.067,0.075,0.08414,0.670136,0.02708,0.002708,0.60766,0.65495,0.6742,0.68975,0.71597
31.25,0.327348,0.02668,0.002668,0.28247,0.30795,0.3229,0.34215,0.38956,0.066146,0.00908,0.000908,0.05186,0.0588,0.0655,0.07245,0.08183,0.606506,0.03264,0.003264,0.53639,0.5873,0.6108,0.63055,0.66367,0.066146,0.00908,0.000908,0.05186,0.0588,0.0655,0.07245,0.08183,0.672652,0.02668,0.002668,0.61044,0.65785,0.6771,0.69205,0.71753
31.5,0.324912,0.02619,0.002619,0.28018,0.3049,0.32,0.339,0.38631,0.064468,0.00912,0.000912,0.04956,0.0568,0.0635,0.07115,0.08014,0.61062,0.03222,0.003222,0.54147,0.592,0.6158,0.6343,0.66729,0.064468,0.00912,0.000912,0.04956,0.0568,0.0635,0.07115,0.08014,0.675088,0.02619,0.002619,0.61369,0.661,0.68,0.6951,0.71982
31.75,0.322554,0.0258,0.00258,0.27898,0.3027,0.3181,0.3359,0.38393,0.062736,0.00895,0.000895,0.04679,0.05615,0.0625,0.06925,0.07854,0.61471,0.03169,0.003169,0.54637,0.5962,0.6194,0.6373,0.66974,0.062736,0.00895,0.000895,0.04679,0.05615,0.0625,0.06925,0.07854,0.677446,0.0258,0.00258,0.61607,0.6641,0.6819,0.6973,0.72102
32.0,0.320194,0.02534,0.002534,0.27778,0.3006,0.3159,0.33395,0.38088,0.061222,0.00907,0.000907,0.04442,0.0539,0.0611,0.0679,0.07803,0.618584,0.03136,0.003136,0.55037,0.5998,0.6231,0.64065,0.67271,0.061222,0.00907,0.000907,0.04442,0.0539,0.0611,0.0679,0.07803,0.679806,0.02534,0.002534,0.61912,0.66605,0.6841,0.6994,0.72222
32.25,0.317916,0.02497,0.002497,0.27593,0.29855,0.314,0.3323,0.37826,0.059688,0.00895,0.000895,0.04391,0.05275,0.0594,0.066,0.07654,0.622396,0.03086,0.003086,0.55559,0.6053,0.6262,0.644,0.67458,0.059688,0.00895,0.000895,0.04391,0.05275,0.0594,0.066,0.07654,0.682084,0.02497,0.002497,0.62174,0.6677,0.686,0.70145,0.72407
32.5,0.315502,0.0246,0.00246,0.27433,0.2969,0.3115,0.32955,0.37472,0.058504,0.00912,0.000912,0.04226,0.05145,0.0575,0.0659,0.07695,0.625994,0.0306,0.00306,0.55859,0.60815,0.6298,0.6476,0.67817,0.058504,0.00912,0.000912,0.04226,0.05145,0.0575,0.0659,0.07695,0.684498,0.0246,0.00246,0.62528,0.67045,0.6885,0.7031,0.72567
32.75,0.313282,0.02421,0.002421,0.27284,0.29455,0.3094,0.32615,0.37162,0.056992,0.00914,0.000914,0.0397,0.05035,0.0556,0.06405,0.07462,0.629726,0.03031,0.003031,0.56356,0.6132,0.6333,0.65065,0.68196,0.056992,0.00914,0.000914,0.0397,0.05035,0.0556,0.06405,0.07462,0.686718,0.02421,0.002421,0.62838,0.67385,0.6906,0.70545,0.72716
33.0,0.311204,0.02399,0.002399,0.27062,0.2932,0.3081,0.32425,0.36923,0.055682,0.009,0.0009,0.03908,0.0484,0.054,0.06255,0.07341,0.633114,0.02987,0.002987,0.56696,0.6171,0.6366,0.6541,0.68546,0.055682,0.009,0.0009,0.03908,0.0484,0.054,0.06255,0.07341,0.688796,0.02399,0.002399,0.63077,0.67575,0.6919,0.7068,0.72938
33.25,0.309204,0.02362,0.002362,0.26962,0.29145,0.3068,0.3232,0.36624,0.054252,0.00898,0.000898,0.03824,0.0478,0.0521,0.06145,0.07212,0.636544,0.02948,0.002948,0.56999,0.6206,0.6397,0.65805,0.68804,0.054252,0.00898,0.000898,0.03824,0.0478,0.0521,0.06145,0.07212,0.690796,0.02362,0.002362,0.63376,0.6768,0.6932,0.70855,0.73038
33.5,0.307336,0.02335,0.002335,0.26831,0.2892,0.3053,0.32055,0.36344,0.05277,0.00895,0.000895,0.03685,0.0462,0.0509,0.06025,0.07119,0.639894,0.02915,0.002915,0.5737,0.62495,0.6428,0.6609,0.69122,0.05277,0.00895,0.000895,0.03685,0.0462,0.0509,0.06025,0.07119,0.692664,0.02335,0.002335,0.63656,0.67945,0.6947,0.7108,0.73169
33.75,0.305488,0.02305,0.002305,0.2671,0.2885,0.3033,0.3194,0.36136,0.051228,0.00886,0.000886,0.03517,0.045,0.0499,0.05805,0.06992,0.643284,0.02885,0.002885,0.57678,0.62765,0.6463,0.66345,0.69383,0.051228,0.00886,0.000886,0.03517,0.045,0.0499,0.05805,0.06992,0.694512,0.02305,0.002305,0.63864,0.6806,0.6967,0.7115,0.7329
34.0,0.303886,0.02272,0.002272,0.26621,0.28735,0.3022,0.3172,0.35874,0.04959,0.00864,0.000864,0.03388,0.04375,0.0478,0.0552,0.06737,0.646524,0.02838,0.002838,0.58057,0.6326,0.6493,0.66655,0.69601,0.04959,0.00864,0.000864,0.03388,0.04375,0.0478,0.0552,0.06737,0.696114,0.02272,0.002272,0.64126,0.6828,0.6978,0.71265,0.7338
34.25,0.302302,0.02246,0.002246,0.26489,0.28615,0.3007,0.3153,0.35621,0.048016,0.00825,0.000825,0.03399,0.0429,0.0459,0.053,0.06499,0.649682,0.02799,0.002799,0.58408,0.63555,0.652,0.66935,0.69862,0.048016,0.00825,0.000825,0.03399,0.0429,0.0459,0.053,0.06499,0.697698,0.02246,0.002246,0.64379,0.6847,0.6993,0.71385,0.73511
34.5,0.300618,0.0222,0.00222,0.26389,0.2853,0.2996,0.31355,0.35432,0.046594,0.00807,0.000807,0.03266,0.0412,0.0445,0.0515,0.06294,0.652788,0.02746,0.002746,0.58809,0.6391,0.6555,0.67305,0.70041,0.046594,0.00807,0.000807,0.03266,0.0412,0.0445,0.0515,0.06294,0.699382,0.0222,0.00222,0.64569,0.68645,0.7004,0.7147,0.73611
34.75,0.29907,0.02184,0.002184,0.26318,0.2836,0.2978,0.3125,0.35124,0.045226,0.00795,0.000795,0.0312,0.04015,0.0436,0.0508,0.06172,0.655704,0.02714,0.002714,0.59166,0.64205,0.6583,0.6752,0.702,0.045226,0.00795,0.000795,0.0312,0.04015,0.0436,0.0508,0.06172,0.70093,0.02184,0.002184,0.64876,0.6875,0.7022,0.7164,0.73682
35.0,0.297616,0.02165,0.002165,0.26212,0.2819,0.2968,0.31095,0.3485,0.043922,0.00789,0.000789,0.03018,0.03895,0.0424,0.0493,0.06045,0.658462,0.02687,0.002687,0.59497,0.6444,0.6614,0.6786,0.70415,0.043922,0.00789,0.000789,0.03018,0.03895,0.0424,0.0493,0.06045,0.702384,0.02165,0.002165,0.65149,0.68905,0.7032,0.7181,0.73788
35.25,0.295994,0.02139,0.002139,0.26093,0.2801,0.2945,0.30945,0.34581,0.04285,0.00792,0.000792,0.02928,0.0374,0.0418,0.04785,0.05832,0.661156,0.02657,0.002657,0.59979,0.64725,0.6637,0.6809,0.70692,0.04285,0.00792,0.000792,0.02928,0.0374,0.0418,0.04785,0.05832,0.704006,0.02139,0.002139,0.65419,0.69055,0.7055,0.7199,0.73907
35.5,0.29459,0.02111,0.002111,0.26002,0.2791,0.2924,0.30775,0.34398,0.04149,0.00766,0.000766,0.02858,0.03615,0.04,0.04685,0.05663,0.66392,0.02621,0.002621,0.60367,0.65035,0.6664,0.68325,0.70891,0.04149,0.00766,0.000766,0.02858,0.03615,0.04,0.04685,0.05663,0.70541,0.02111,0.002111,0.65602,0.69225,0.7076,0.7209,0.73998
35.75,0.293138,0.02087,0.002087,0.25932,0.278,0.2904,0.30615,0.34161,0.040336,0.00755,0.000755,0.0285,0.035,0.0394,0.04565,0.05595,0.666526,0.02585,0.002585,0.60696,0.6535,0.6681,0.6861,0.71138,0.040336,0.00755,0.000755,0.0285,0.035,0.0394,0.04565,0.05595,0.706862,0.02087,0.002087,0.6584,0.69385,0.7096,0.722,0.74068
36.0,0.291766,0.02065,0.002065,0.25874,0.2767,0.2884,0.30505,0.33993,0.039194,0.0074,0.00074,0.02673,0.0342,0.0382,0.04465,0.0542,0.66904,0.02546,0.002546,0.61009,0.65625,0.6713,0.6886,0.71327,0.039194,0.0074,0.00074,0.02673,0.0342,0.0382,0.04465,0.0542,0.708234,0.02065,0.002065,0.66007,0.69495,0.7116,0.7233,0.74126
36.25,0.290488,0.02041,0.002041,0.25805,0.2761,0.2871,0.30405,0.3382,0.037952,0.00727,0.000727,0.02586,0.03335,0.0374,0.043,0.05241,0.67156,0.02501,0.002501,0.61328,0.65845,0.6734,0.69095,0.71547,0.037952,0.00727,0.000727,0.02586,0.03335,0.0374,0.043,0.05241,0.709512,0.02041,0.002041,0.6618,0.69595,0.7129,0.7239,0.74195
36.5,0.289236,0.02021,0.002021,0.25679,0.275,0.2862,0.30305,0.33607,0.03691,0.00725,0.000725,0.02486,0.0322,0.0362,0.04115,0.05162,0.673854,0.02475,0.002475,0.6157,0.6601,0.6761,0.69255,0.71656,0.03691,0.00725,0.000725,0.02486,0.0322,0.0362,0.04115,0.05162,0.710764,0.02021,0.002021,0.66393,0.69695,0.7138,0.725,0.74321
36.75,0.288002,0.01999,0.001999,0.25596,0.27395,0.2851,0.3015,0.33276,0.03581,0.00695,0.000695,0.02418,0.03095,0.0351,0.0397,0.05032,0.676188,0.02431,0.002431,0.61949,0.6622,0.6787,0.69355,0.71795,0.03581,0.00695,0.000695,0.02418,0.03095,0.0351,0.0397,0.05032,0.711998,0.01999,0.001999,0.66724,0.6985,0.7149,0.72605,0.74404
37.0,0.286802,0.01986,0.001986,0.25515,0.273,0.2843,0.3003,0.33076,0.034728,0.00679,0.000679,0.02286,0.0302,0.0345,0.03905,0.04857,0.67847,0.02402,0.002402,0.62342,0.6647,0.6809,0.69575,0.71967,0.034728,0.00679,0.000679,0.02286,0.0302,0.0345,0.03905,0.04857,0.713198,0.01986,0.001986,0.66924,0.6997,0.7157,0.727,0.74485
37.25,0.285582,0.01971,0.001971,0.25374,0.27195,0.2832,0.2991,0.32876,0.033722,0.00676,0.000676,0.02156,0.0293,0.0329,0.03805,0.04797,0.680696,0.02377,0.002377,0.62702,0.6676,0.6827,0.69805,0.72106,0.033722,0.00676,0.000676,0.02156,0.0293,0.0329,0.03805,0.04797,0.714418,0.01971,0.001971,0.67124,0.7009,0.7168,0.72805,0.74626
37.5,0.28454,0.01955,0.001955,0.25305,0.27095,0.282,0.2982,0.3274,0.03265,0.00659,0.000659,0.02124,0.0284,0.0321,0.037,0.04628,0.68281,0.02351,0.002351,0.6296,0.669,0.685,0.6999,0.72225,0.03265,0.00659,0.000659,0.02124,0.0284,0.0321,0.037,0.04628,0.71546,0.01955,0.001955,0.6726,0.7018,0.718,0.72905,0.74694
37.75,0.283482,0.01933,0.001933,0.25236,0.26995,0.2812,0.2975,0.32619,0.031672,0.0065,0.00065,0.02075,0.02775,0.0307,0.03625,0.0459,0.684846,0.02322,0.002322,0.6326,0.6716,0.6869,0.70185,0.72418,0.031672,0.0065,0.00065,0.02075,0.02775,0.0307,0.03625,0.0459,0.716518,0.01933,0.001933,0.67382,0.7025,0.7188,0.73005,0.74764
38.0,0.282498,0.01914,0.001914,0.25198,0.269,0.2803,0.2965,0.32519,0.030664,0.00639,0.000639,0.01985,0.02655,0.0296,0.03485,0.04458,0.686838,0.02292,0.002292,0.63558,0.6731,0.6891,0.7033,0.72518,0.030664,0.00639,0.000639,0.01985,0.02655,0.0296,0.03485,0.04458,0.717502,0.01914,0.001914,0.67482,0.7035,0.7197,0.731,0.74802
38.25,0.28156,0.01894,0.001894,0.2512,0.268,0.2789,0.29545,0.32346,0.0297,0.00629,0.000629,0.01842,0.0258,0.0286,0.0335,0.0433,0.68874,0.02261,0.002261,0.638,0.6746,0.6904,0.70465,0.72607,0.0297,0.00629,0.000629,0.01842,0.0258,0.0286,0.0335,0.0433,0.71844,0.01894,0.001894,0.67654,0.70455,0.7211,0.732,0.7488
38.5,0.280604,0.01887,0.001887,0.25048,0.26755,0.2784,0.29365,0.32206,0.028838,0.00629,0.000629,0.01747,0.02495,0.0277,0.0327,0.04243,0.690558,0.02237,0.002237,0.64007,0.67695,0.6918,0.70605,0.72766,0.028838,0.00629,0.000629,0.01747,0.02495,0.0277,0.0327,0.04243,0.719396,0.01887,0.001887,0.67794,0.70635,0.7216,0.73245,0.74952
38.75,0.279648,0.0187,0.00187,0.25018,0.2665,0.2781,0.29295,0.32045,0.02795,0.00634,0.000634,0.01697,0.02355,0.0271,0.03205,0.04192,0.692402,0.02223,0.002223,0.64229,0.6794,0.694,0.7079,0.72938,0.02795,0.00634,0.000634,0.01697,0.02355,0.0271,0.03205,0.04192,0.720352,0.0187,0.00187,0.67955,0.70705,0.7219,0.7335,0.74982
39.0,0.278758,0.01863,0.001863,0.24946,0.2656,0.2775,0.2919,0.31917,0.027078,0.00621,0.000621,0.01696,0.023,0.0259,0.0311,0.04071,0.694164,0.02193,0.002193,0.64498,0.68125,0.696,0.7092,0.73018,0.027078,0.00621,0.000621,0.01696,0.023,0.0259,0.0311,0.04071,0.721242,0.01863,0.001863,0.68084,0.7081,0.7225,0.7344,0.75054
39.25,0.277862,0.01855,0.001855,0.24845,0.26535,0.2762,0.29055,0.318,0.026284,0.00614,0.000614,0.0166,0.0221,0.0251,0.03,0.03883,0.695854,0.02173,0.002173,0.64678,0.6826,0.6978,0.71065,0.73147,0.026284,0.00614,0.000614,0.0166,0.0221,0.0251,0.03,0.03883,0.722138,0.01855,0.001855,0.682,0.70945,0.7238,0.73465,0.75154
39.5,0.277096,0.01845,0.001845,0.24826,0.26435,0.2749,0.2897,0.31656,0.025378,0.00597,0.000597,0.01598,0.0211,0.0243,0.02905,0.03751,0.697526,0.02145,0.002145,0.64888,0.6841,0.6994,0.7122,0.73276,0.025378,0.00597,0.000597,0.01598,0.0211,0.0243,0.02905,0.03751,0.722904,0.01845,0.001845,0.68344,0.7103,0.7251,0.73565,0.75175
39.75,0.276324,0.01831,0.001831,0.24758,0.2634,0.2739,0.28925,0.31567,0.024528,0.00581,0.000581,0.01519,0.02035,0.0235,0.02815,0.0361,0.699148,0.02121,0.002121,0.65091,0.68605,0.7008,0.71365,0.73424,0.024528,0.00581,0.000581,0.01519,0.02035,0.0235,0.02815,0.0361,0.723676,0.01831,0.001831,0.68433,0.71075,0.7261,0.7366,0.75242
40.0,0.275582,0.01813,0.001813,0.247,0.263,0.2731,0.2884,0.31448,0.023796,0.00576,0.000576,0.0145,0.0196,0.0228,0.0275,0.0355,0.700622,0.02102,0.002102,0.65268,0.68675,0.7027,0.7151,0.73514,0.023796,0.00576,0.000576,0.0145,0.0196,0.0228,0.0275,0.0355,0.724418,0.01813,0.001813,0.68552,0.7116,0.7269,0.737,0.753
40.25,0.27482,0.01804,0.001804,0.24659,0.26205,0.2725,0.2869,0.31346,0.023094,0.00561,0.000561,0.0145,0.01895,0.022,0.0268,0.03544,0.702086,0.02079,0.002079,0.65506,0.6885,0.7041,0.7174,0.73621,0.023094,0.00561,0.000561,0.0145,0.01895,0.022,0.0268,0.03544,0.72518,0.01804,0.001804,0.68654,0.7131,0.7275,0.73795,0.75341
40.5,0.274134,0.01795,0.001795,0.2463,0.261,0.2721,0.28625,0.31222,0.022318,0.00549,0.000549,0.01419,0.01855,0.0214,0.026,0.0347,0.703548,0.02063,0.002063,0.65696,0.6902,0.7058,0.7184,0.7374,0.022318,0.00549,0.000549,0.01419,0.01855,0.0214,0.026,0.0347,0.725866,0.01795,0.001795,0.68778,0.71375,0.7279,0.739,0.7537
40.75,0.27347,0.01786,0.001786,0.2463,0.2599,0.2719,0.28565,0.3111,0.021652,0.00535,0.000535,0.01328,0.0179,0.0208,0.0248,0.03353,0.704878,0.02047,0.002047,0.65886,0.69185,0.707,0.7193,0.73812,0.021652,0.00535,0.000535,0.01328,0.0179,0.0208,0.0248,0.03353,0.72653,0.01786,0.001786,0.6889,0.71435,0.7281,0.7401,0.7537
41.0,0.272842,0.01772,0.001772,0.2457,0.2596,0.2715,0.28525,0.30991,0.020998,0.00518,0.000518,0.01277,0.01755,0.02,0.02405,0.03182,0.70616,0.02025,0.002025,0.66091,0.6926,0.7084,0.7205,0.73873,0.020998,0.00518,0.000518,0.01277,0.01755,0.02,0.02405,0.03182,0.727158,0.01772,0.001772,0.69008,0.71475,0.7285,0.7404,0.7543
41.25,0.272194,0.01764,0.001764,0.2454,0.25895,0.2708,0.2842,0.30892,0.020368,0.00508,0.000508,0.01228,0.017,0.0195,0.0235,0.03081,0.707438,0.02005,0.002005,0.66313,0.6943,0.7095,0.72165,0.73912,0.020368,0.00508,0.000508,0.01228,0.017,0.0195,0.0235,0.03081,0.727806,0.01764,0.001764,0.69108,0.7158,0.7292,0.74105,0.7546
41.5,0.271584,0.01754,0.001754,0.2451,0.2583,0.2702,0.28335,0.30792,0.019816,0.00504,0.000504,0.01179,0.01635,0.0192,0.023,0.03021,0.7086,0.01993,0.001993,0.66432,0.6949,0.7105,0.7227,0.74052,0.019816,0.00504,0.000504,0.01179,0.01635,0.0192,0.023,0.03021,0.728416,0.01754,0.001754,0.69208,0.71665,0.7298,0.7417,0.7549
41.75,0.270964,0.01747,0.001747,0.24448,0.25775,0.2697,0.28295,0.30651,0.019206,0.00499,0.000499,0.011,0.01575,0.0188,0.02185,0.02961,0.70983,0.01983,0.001983,0.6657,0.69575,0.7114,0.72405,0.7416,0.019206,0.00499,0.000499,0.011,0.01575,0.0188,0.02185,0.02961,0.729036,0.01747,0.001747,0.6935,0.71705,0.7303,0.74225,0.75552
42.0,0.270368,0.01729,0.001729,0.24408,0.25715,0.2695,0.28205,0.30551,0.018668,0.00489,0.000489,0.01058,0.015,0.0179,0.0216,0.0287,0.710964,0.01968,0.001968,0.66756,0.697,0.713,0.7245,0.7423,0.018668,0.00489,0.000489,0.01058,0.015,0.0179,0.0216,0.0287,0.729632,0.01729,0.001729,0.69448,0.71795,0.7305,0.74285,0.75592
42.25,0.269808,0.01713,0.001713,0.2437,0.25675,0.2692,0.281,0.3046,0.018126,0.00464,0.000464,0.01008,0.0146,0.0172,0.02105,0.02732,0.712066,0.01943,0.001943,0.66978,0.6987,0.7141,0.7254,0.7429,0.018126,0.00464,0.000464,0.01008,0.0146,0.0172,0.02105,0.02732,0.730192,0.01713,0.001713,0.6954,0.719,0.7308,0.74325,0.7563
42.5,0.269238,0.01701,0.001701,0.2434,0.256,0.2686,0.2803,0.30361,0.01751,0.00456,0.000456,0.00969,0.014,0.0168,0.02045,0.0267,0.713252,0.0193,0.00193,0.67126,0.7,0.7153,0.7268,0.74352,0.01751,0.00456,0.000456,0.00969,0.014,0.0168,0.02045,0.0267,0.730762,0.01701,0.001701,0.69639,0.7197,0.7314,0.744,0.7566
42.75,0.268702,0.01701,0.001701,0.24298,0.2551,0.2682,0.27975,0.30282,0.016984,0.00451,0.000451,0.00969,0.0136,0.0161,0.0198,0.02653,0.714314,0.01919,0.001919,0.67284,0.70175,0.7163,0.7282,0.74441,0.016984,0.00451,0.000451,0.00969,0.0136,0.0161,0.0198,0.02653,0.731298,0.01701,0.001701,0.69718,0.72025,0.7318,0.7449,0.75702
43.0,0.26819,0.01692,0.001692,0.24278,0.25465,0.2679,0.2791,0.30153,0.016388,0.00438,0.000438,0.00928,0.013,0.0158,0.01925,0.02521,0.715422,0.01905,0.001905,0.67454,0.7024,0.7173,0.7292,0.7453,0.016388,0.00438,0.000438,0.00928,0.013,0.0158,0.01925,0.02521,0.73181,0.01692,0.001692,0.69848,0.7209,0.7321,0.74535,0.75722
43.25,0.26772,0.01684,0.001684,0.24228,0.2544,0.2673,0.2784,0.30054,0.015918,0.00429,0.000429,0.0089,0.0124,0.0152,0.019,0.02502,0.716362,0.01883,0.001883,0.67576,0.70375,0.7189,0.72995,0.74552,0.015918,0.00429,0.000429,0.0089,0.0124,0.0152,0.019,0.02502,0.73228,0.01684,0.001684,0.69946,0.7216,0.7327,0.7456,0.75772
43.5,0.267214,0.01674,0.001674,0.24188,0.2541,0.2669,0.27765,0.2997,0.015548,0.00426,0.000426,0.0084,0.01235,0.0147,0.01865,0.02453,0.717238,0.0187,0.00187,0.67668,0.7047,0.7195,0.73065,0.74622,0.015548,0.00426,0.000426,0.0084,0.01235,0.0147,0.01865,0.02453,0.732786,0.01674,0.001674,0.7003,0.72235,0.7331,0.7459,0.75813
43.75,0.266758,0.0167,0.00167,0.24088,0.2535,0.2665,0.2768,0.29861,0.01509,0.00413,0.000413,0.0084,0.0122,0.0142,0.0182,0.02394,0.718152,0.01853,0.001853,0.67766,0.7053,0.7198,0.7317,0.74672,0.01509,0.00413,0.000413,0.0084,0.0122,0.0142,0.0182,0.02394,0.733242,0.0167,0.00167,0.70139,0.7232,0.7335,0.7465,0.75912
44.0,0.266322,0.01666,0.001666,0.24077,0.2529,0.2662,0.27625,0.29792,0.014592,0.004,0.0004,0.00839,0.01175,0.014,0.0174,0.02332,0.719086,0.01839,0.001839,0.67916,0.7069,0.7209,0.7328,0.7472,0.014592,0.004,0.0004,0.00839,0.01175,0.014,0.0174,0.02332,0.733678,0.01666,0.001666,0.70208,0.72375,0.7338,0.7471,0.75923
44.25,0.2659,0.0166,0.00166,0.24066,0.25275,0.266,0.2759,0.29701,0.014164,0.00393,0.000393,0.00789,0.01115,0.0136,0.01665,0.0225,0.719936,0.01823,0.001823,0.68038,0.70775,0.7214,0.73325,0.74792,0.014164,0.00393,0.000393,0.00789,0.01115,0.0136,0.01665,0.0225,0.7341,0.0166,0.00166,0.70299,0.7241,0.734,0.74725,0.75934
44.5,0.265466,0.01658,0.001658,0.24036,0.252,0.2659,0.27545,0.29632,0.013768,0.00388,0.000388,0.00779,0.01075,0.0134,0.0164,0.02253,0.720766,0.01814,0.001814,0.68206,0.7085,0.7221,0.73405,0.74882,0.013768,0.00388,0.000388,0.00779,0.01075,0.0134,0.0164,0.02253,0.734534,0.01658,0.001658,0.70368,0.72455,0.7341,0.748,0.75964
44.75,0.265046,0.0166,0.00166,0.23986,0.25165,0.2657,0.2752,0.29603,0.0133,0.00369,0.000369,0.0077,0.0105,0.0129,0.0154,0.02162,0.721654,0.01801,0.001801,0.68398,0.70965,0.7234,0.735,0.74962,0.0133,0.00369,0.000369,0.0077,0.0105,0.0129,0.0154,0.02162,0.734954,0.0166,0.00166,0.70397,0.7248,0.7343,0.74835,0.76014
45.0,0.264656,0.01655,0.001655,0.23967,0.2513,0.2652,0.27475,0.29584,0.01285,0.00363,0.000363,0.0074,0.00995,0.0124,0.0152,0.02081,0.722494,0.01796,0.001796,0.68509,0.71065,0.7241,0.73585,0.75032,0.01285,0.00363,0.000363,0.0074,0.00995,0.0124,0.0152,0.02081,0.735344,0.01655,0.001655,0.70416,0.72525,0.7348,0.7487,0.76032
45.25,0.26429,0.01646,0.001646,0.23958,0.2511,0.2648,0.2744,0.29544,0.012448,0.00352,0.000352,0.0071,0.0098,0.0119,0.01445,0.01963,0.723262,0.0179,0.00179,0.6862,0.71145,0.7252,0.7364,0.7511,0.012448,0.00352,0.000352,0.0071,0.0098,0.0119,0.01445,0.01963,0.73571,0.01646,0.001646,0.70456,0.7256,0.7352,0.7489,0.76042
45.5,0.26387,0.0164,0.00164,0.23919,0.2508,0.2645,0.27415,0.29497,0.01216,0.00344,0.000344,0.0068,0.0096,0.0118,0.01445,0.019,0.72397,0.01781,0.001781,0.68752,0.712,0.7258,0.73705,0.75162,0.01216,0.00344,0.000344,0.0068,0.0096,0.0118,0.01445,0.019,0.73613,0.0164,0.00164,0.70504,0.72585,0.7355,0.7492,0.76081
45.75,0.263468,0.01636,0.001636,0.23899,0.25,0.264,0.27385,0.29388,0.011798,0.00343,0.000343,0.00639,0.00915,0.0114,0.0144,0.0185,0.724734,0.01773,0.001773,0.68843,0.7131,0.7267,0.73765,0.75222,0.011798,0.00343,0.000343,0.00639,0.00915,0.0114,0.0144,0.0185,0.736532,0.01636,0.001636,0.70612,0.72615,0.736,0.75,0.76101
46.0,0.263104,0.0163,0.00163,0.2388,0.2494,0.2635,0.27325,0.2932,0.011462,0.00327,0.000327,0.00619,0.0088,0.0112,0.01365,0.01803,0.725434,0.01758,0.001758,0.69004,0.71395,0.727,0.7387,0.7526,0.011462,0.00327,0.000327,0.00619,0.0088,0.0112,0.01365,0.01803,0.736896,0.0163,0.00163,0.7068,0.72675,0.7365,0.7506,0.7612
46.25,0.262756,0.01624,0.001624,0.2387,0.24915,0.2633,0.2729,0.2923,0.01111,0.0032,0.00032,0.00598,0.0086,0.0109,0.01345,0.01701,0.726134,0.01753,0.001753,0.69094,0.7146,0.7278,0.73905,0.7533,0.01111,0.0032,0.00032,0.00598,0.0086,0.0109,0.01345,0.01701,0.737244,0.01624,0.001624,0.7077,0.7271,0.7367,0.75085,0.7613
46.5,0.26239,0.01621,0.001621,0.2386,0.2481,0.263,0.27225,0.2918,0.010782,0.00312,0.000312,0.0057,0.0082,0.0106,0.013,0.01651,0.726828,0.01743,0.001743,0.69217,0.7158,0.7282,0.73925,0.75381,0.010782,0.00312,0.000312,0.0057,0.0082,0.0106,0.013,0.01651,0.73761,0.01621,0.001621,0.7082,0.72775,0.737,0.7519,0.7614
46.75,0.262082,0.01613,0.001613,0.23839,0.248,0.263,0.2716,0.29128,0.010406,0.00307,0.000307,0.0055,0.00775,0.0103,0.0126,0.01592,0.727512,0.01737,0.001737,0.69315,0.7164,0.7285,0.7405,0.7547,0.010406,0.00307,0.000307,0.0055,0.00775,0.0103,0.0126,0.01592,0.737918,0.01613,0.001613,0.70872,0.7284,0.737,0.752,0.76161
47.0,0.261782,0.01608,0.001608,0.23829,0.2476,0.2626,0.27155,0.29099,0.01004,0.00304,0.000304,0.00548,0.0074,0.0099,0.012,0.01541,0.728178,0.01728,0.001728,0.69437,0.71735,0.7291,0.74145,0.755,0.01004,0.00304,0.000304,0.00548,0.0074,0.0099,0.012,0.01541,0.738218,0.01608,0.001608,0.70902,0.72845,0.7374,0.7524,0.76171
47.25,0.261508,0.01604,0.001604,0.2381,0.2476,0.2623,0.2713,0.29088,0.009674,0.00299,0.000299,0.00528,0.00715,0.0098,0.0116,0.0152,0.728818,0.01718,0.001718,0.69588,0.718,0.7297,0.74205,0.7555,0.009674,0.00299,0.000299,0.00528,0.00715,0.0098,0.0116,0.0152,0.738492,0.01604,0.001604,0.70912,0.7287,0.7377,0.7524,0.7619
47.5,0.261222,0.016,0.0016,0.2379,0.2474,0.2619,0.27115,0.29026,0.009422,0.00296,0.000296,0.0049,0.00715,0.0092,0.0114,0.01472,0.729356,0.01712,0.001712,0.69698,0.71875,0.73,0.7424,0.75602,0.009422,0.00296,0.000296,0.0049,0.00715,0.0092,0.0114,0.01472,0.738778,0.016,0.0016,0.70974,0.72885,0.7381,0.7526,0.7621
47.75,0.260916,0.01596,0.001596,0.2376,0.2474,0.2614,0.2709,0.29006,0.009092,0.00289,0.000289,0.0048,0.0066,0.009,0.0112,0.01413,0.729992,0.01704,0.001704,0.69799,0.7198,0.7303,0.74305,0.75642,0.009092,0.00289,0.000289,0.0048,0.0066,0.009,0.0112,0.01413,0.739084,0.01596,0.001596,0.70994,0.7291,0.7386,0.7526,0.7624
48.0,0.260674,0.01589,0.001589,0.2372,0.24725,0.2613,0.27085,0.28986,0.008758,0.00285,0.000285,0.0044,0.0064,0.0087,0.0107,0.0139,0.730568,0.01702,0.001702,0.6984,0.72055,0.7309,0.7433,0.75662,0.008758,0.00285,0.000285,0.0044,0.0064,0.0087,0.0107,0.0139,0.739326,0.01589,0.001589,0.71014,0.72915,0.7387,0.75275,0.7628
48.25,0.260438,0.01585,0.001585,0.2371,0.24695,0.261,0.27055,0.28965,0.00844,0.00276,0.000276,0.0042,0.0062,0.0085,0.0104,0.0133,0.731122,0.01698,0.001698,0.6991,0.72095,0.7317,0.7444,0.75712,0.00844,0.00276,0.000276,0.0042,0.0062,0.0085,0.0104,0.0133,0.739562,0.01585,0.001585,0.71035,0.72945,0.739,0.75305,0.7629
48.5,0.26021,0.01579,0.001579,0.2371,0.2467,0.2608,0.27005,0.28935,0.008112,0.00266,0.000266,0.0038,0.00595,0.008,0.01,0.01292,0.731678,0.01685,0.001685,0.69989,0.7218,0.7321,0.74485,0.75722,0.008112,0.00266,0.000266,0.0038,0.00595,0.008,0.01,0.01292,0.73979,0.01579,0.001579,0.71066,0.72995,0.7392,0.7533,0.7629
48.75,0.259976,0.01574,0.001574,0.2369,0.2465,0.2604,0.2698,0.28925,0.007846,0.0026,0.00026,0.0035,0.0058,0.0075,0.0098,0.01311,0.732178,0.01674,0.001674,0.70088,0.7225,0.7324,0.7452,0.75742,0.007846,0.0026,0.00026,0.0035,0.0058,0.0075,0.0098,0.01311,0.740024,0.01574,0.001574,0.71075,0.7302,0.7396,0.7535,0.7631
49.0,0.259726,0.01573,0.001573,0.23639,0.2462,0.2602,0.2696,0.28916,0.007614,0.00253,0.000253,0.0033,0.00575,0.0072,0.0094,0.0124,0.73266,0.01667,0.001667,0.70128,0.723,0.7327,0.7462,0.75752,0.007614,0.00253,0.000253,0.0033,0.00575,0.0072,0.0094,0.0124,0.740274,0.01573,0.001573,0.71084,0.7304,0.7398,0.7538,0.76361
49.25,0.259494,0.01571,0.001571,0.23629,0.2458,0.26,0.2692,0.28905,0.007394,0.0025,0.00025,0.00328,0.0056,0.007,0.0092,0.0124,0.733112,0.01665,0.001665,0.70179,0.72335,0.7333,0.7469,0.75771,0.007394,0.0025,0.00025,0.00328,0.0056,0.007,0.0092,0.0124,0.740506,0.01571,0.001571,0.71095,0.7308,0.74,0.7542,0.76371
49.5,0.259274,0.01566,0.001566,0.23619,0.2456,0.2597,0.2691,0.28894,0.007188,0.00246,0.000246,0.00318,0.0054,0.0069,0.00885,0.0122,0.733538,0.01659,0.001659,0.7029,0.7237,0.7337,0.74705,0.75801,0.007188,0.00246,0.000246,0.00318,0.0054,0.0069,0.00885,0.0122,0.740726,0.01566,0.001566,0.71106,0.7309,0.7403,0.7544,0.76381
49.75,0.259068,0.01561,0.001561,0.2361,0.2456,0.2594,0.2689,0.28836,0.006946,0.00245,0.000245,0.003,0.005,0.0066,0.0084,0.01201,0.733986,0.01655,0.001655,0.70319,0.72395,0.7343,0.7476,0.75852,0.006946,0.00245,0.000245,0.003,0.005,0.0066,0.0084,0.01201,0.740932,0.01561,0.001561,0.71164,0.7311,0.7406,0.7544,0.7639
50.0,0.258836,0.01556,0.001556,0.2359,0.2454,0.2591,0.2686,0.28786,0.006734,0.00246,0.000246,0.0029,0.0048,0.0062,0.0082,0.01172,0.73443,0.01648,0.001648,0.70348,0.7243,0.7347,0.7482,0.75872,0.006734,0.00246,0.000246,0.0029,0.0048,0.0062,0.0082,0.01172,0.741164,0.01556,0.001556,0.71214,0.7314,0.7409,0.7546,0.7641
50.25,0.258654,0.01553,0.001553,0.23579,0.24535,0.259,0.26845,0.28756,0.006568,0.00246,0.000246,0.00279,0.0046,0.006,0.0079,0.01161,0.734778,0.01644,0.001644,0.70348,0.72485,0.735,0.7487,0.75914,0.006568,0.00246,0.000246,0.00279,0.0046,0.006,0.0079,0.01161,0.741346,0.01553,0.001553,0.71244,0.73155,0.741,0.75465,0.76421
50.5,0.258426,0.01551,0.001551,0.2357,0.24495,0.2586,0.26805,0.28736,0.006358,0.00242,0.000242,0.00249,0.0044,0.006,0.00765,0.0114,0.735216,0.01636,0.001636,0.70408,0.7258,0.7353,0.74925,0.75943,0.006358,0.00242,0.000242,0.00249,0.0044,0.006,0.00765,0.0114,0.741574,0.01551,0.001551,0.71264,0.73195,0.7414,0.75505,0.7643
50.75,0.258242,0.01547,0.001547,0.2356,0.24475,0.2585,0.2678,0.28694,0.006168,0.00236,0.000236,0.00249,0.0044,0.0057,0.0076,0.01091,0.73559,0.0163,0.00163,0.70428,0.72615,0.7354,0.75005,0.75984,0.006168,0.00236,0.000236,0.00249,0.0044,0.0057,0.0076,0.01091,0.741758,0.01547,0.001547,0.71306,0.7322,0.7415,0.75525,0.7644
51.0,0.25806,0.01543,0.001543,0.2355,0.2446,0.2583,0.26765,0.28654,0.005932,0.00233,0.000233,0.0024,0.0042,0.0056,0.0073,0.0106,0.736008,0.01626,0.001626,0.70488,0.72655,0.7358,0.7508,0.75994,0.005932,0.00233,0.000233,0.0024,0.0042,0.0056,0.0073,0.0106,0.74194,0.01543,0.001543,0.71346,0.73235,0.7417,0.7554,0.7645
51.25,0.2579,0.01539,0.001539,0.2353,0.2446,0.2582,0.2676,0.28632,0.005712,0.00232,0.000232,0.00228,0.004,0.0053,0.00705,0.01031,0.736388,0.01619,0.001619,0.70526,0.72725,0.7362,0.751,0.76024,0.005712,0.00232,0.000232,0.00228,0.004,0.0053,0.00705,0.01031,0.7421,0.01539,0.001539,0.71368,0.7324,0.7418,0.7554,0.7647
51.5,0.257738,0.01536,0.001536,0.2353,0.24455,0.258,0.2674,0.28612,0.005464,0.00227,0.000227,0.00228,0.0038,0.005,0.0067,0.01,0.736798,0.01618,0.001618,0.70604,0.72785,0.7366,0.7512,0.76072,0.005464,0.00227,0.000227,0.00228,0.0038,0.005,0.0067,0.01,0.742262,0.01536,0.001536,0.71388,0.7326,0.742,0.75545,0.7647
51.75,0.257578,0.01533,0.001533,0.2353,0.2445,0.2575,0.2669,0.28612,0.005278,0.00227,0.000227,0.00219,0.0036,0.0048,0.00665,0.01011,0.737144,0.01615,0.001615,0.70624,0.72805,0.7369,0.7512,0.76103,0.005278,0.00227,0.000227,0.00219,0.0036,0.0048,0.00665,0.01011,0.742422,0.01533,0.001533,0.71388,0.7331,0.7425,0.7555,0.7647
52.0,0.257428,0.01532,0.001532,0.2351,0.24435,0.2574,0.2668,0.28582,0.005116,0.00217,0.000217,0.00219,0.00355,0.0046,0.00645,0.00991,0.737456,0.01607,0.001607,0.70674,0.72805,0.7376,0.7514,0.76123,0.005116,0.00217,0.000217,0.00219,0.00355,0.0046,0.00645,0.00991,0.742572,0.01532,0.001532,0.71418,0.7332,0.7426,0.75565,0.7649
52.25,0.257286,0.01531,0.001531,0.2349,0.24415,0.2572,0.26665,0.28562,0.004972,0.00212,0.000212,0.0019,0.0034,0.0045,0.00605,0.00931,0.737742,0.01601,0.001601,0.70704,0.7284,0.7376,0.7516,0.76162,0.004972,0.00212,0.000212,0.0019,0.0034,0.0045,0.00605,0.00931,0.742714,0.01531,0.001531,0.71438,0.73335,0.7428,0.75585,0.7651
52.5,0.25713,0.01528,0.001528,0.2345,0.2438,0.2571,0.26665,0.28551,0.004852,0.00207,0.000207,0.0017,0.0034,0.0045,0.0062,0.00932,0.738018,0.01592,0.001592,0.70754,0.72865,0.7377,0.752,0.76182,0.004852,0.00207,0.000207,0.0017,0.0034,0.0045,0.0062,0.00932,0.74287,0.01528,0.001528,0.71448,0.73335,0.7429,0.7562,0.7655
52.75,0.256972,0.01522,0.001522,0.2345,0.24375,0.2571,0.2663,0.2853,0.004688,0.00205,0.000205,0.0017,0.0032,0.0042,0.00605,0.00931,0.73834,0.01588,0.001588,0.70804,0.72885,0.738,0.7523,0.76232,0.004688,0.00205,0.000205,0.0017,0.0032,0.0042,0.00605,0.00931,0.743028,0.01522,0.001522,0.7147,0.7337,0.7429,0.75625,0.7655
53.0,0.256828,0.0152,0.00152,0.2343,0.24355,0.2569,0.2662,0.2851,0.004538,0.00203,0.000203,0.0015,0.003,0.0042,0.006,0.00892,0.738634,0.01589,0.001589,0.70824,0.7292,0.7385,0.7523,0.7628,0.004538,0.00203,0.000203,0.0015,0.003,0.0042,0.006,0.00892,0.743172,0.0152,0.00152,0.7149,0.7338,0.7431,0.75645,0.7657
53.25,0.256698,0.01513,0.001513,0.2343,0.24335,0.2568,0.2662,0.28472,0.004386,0.00199,0.000199,0.0015,0.00295,0.004,0.0055,0.00881,0.738916,0.01584,0.001584,0.70874,0.72925,0.7391,0.7525,0.76301,0.004386,0.00199,0.000199,0.0015,0.00295,0.004,0.0055,0.00881,0.743302,0.01513,0.001513,0.71528,0.7338,0.7432,0.75665,0.7657
53.5,0.256546,0.01511,0.001511,0.2341,0.24335,0.2567,0.2659,0.28452,0.004236,0.00197,0.000197,0.0014,0.0028,0.0039,0.00545,0.00832,0.739218,0.0158,0.00158,0.70942,0.7295,0.7393,0.75285,0.76312,0.004236,0.00197,0.000197,0.0014,0.0028,0.0039,0.00545,0.00832,0.743454,0.01511,0.001511,0.71548,0.7341,0.7433,0.75665,0.7659
53.75,0.25645,0.01509,0.001509,0.23388,0.24325,0.2567,0.2657,0.28431,0.004058,0.00188,0.000188,0.00139,0.0026,0.0039,0.0052,0.00802,0.739492,0.01575,0.001575,0.71014,0.7298,0.7397,0.75305,0.76341,0.004058,0.00188,0.000188,0.00139,0.0026,0.0039,0.0052,0.00802,0.74355,0.01509,0.001509,0.7157,0.7343,0.7433,0.75675,0.76612
54.0,0.256316,0.01508,0.001508,0.2337,0.2431,0.2567,0.2657,0.284,0.003982,0.00186,0.000186,0.0014,0.0026,0.0038,0.00505,0.00771,0.739702,0.01569,0.001569,0.71035,0.73,0.7399,0.7532,0.76352,0.003982,0.00186,0.000186,0.0014,0.0026,0.0038,0.00505,0.00771,0.743684,0.01508,0.001508,0.716,0.7343,0.7433,0.7569,0.7663
54.25,0.256212,0.01505,0.001505,0.2336,0.2431,0.2566,0.26555,0.28381,0.003844,0.00185,0.000185,0.0011,0.0024,0.0037,0.005,0.00761,0.739944,0.01566,0.001566,0.71066,0.7303,0.7399,0.7534,0.76362,0.003844,0.00185,0.000185,0.0011,0.0024,0.0037,0.005,0.00761,0.743788,0.01505,0.001505,0.71619,0.73445,0.7434,0.7569,0.7664
54.5,0.256102,0.01502,0.001502,0.2334,0.2431,0.2564,0.2655,0.28381,0.003718,0.00175,0.000175,0.0011,0.0024,0.0036,0.0048,0.00731,0.74018,0.01561,0.001561,0.71076,0.73055,0.7399,0.7536,0.76372,0.003718,0.00175,0.000175,0.0011,0.0024,0.0036,0.0048,0.00731,0.743898,0.01502,0.001502,0.71619,0.7345,0.7436,0.7569,0.7666
54.75,0.256026,0.01501,0.001501,0.23329,0.2431,0.2564,0.2655,0.28381,0.003566,0.00171,0.000171,0.001,0.0022,0.0034,0.0046,0.00721,0.740408,0.01558,0.001558,0.71097,0.73105,0.7402,0.7537,0.76392,0.003566,0.00171,0.000171,0.001,0.0022,0.0034,0.0046,0.00721,0.743974,0.01501,0.001501,0.71619,0.7345,0.7436,0.7569,0.7667
55.0,0.255916,0.01498,0.001498,0.2331,0.2431,0.2564,0.2653,0.2837,0.003452,0.00166,0.000166,0.001,0.0022,0.0034,0.00445,0.0072,0.740632,0.01554,0.001554,0.71158,0.7314,0.7403,0.754,0.76392,0.003452,0.00166,0.000166,0.001,0.0022,0.0034,0.00445,0.0072,0.744084,0.01498,0.001498,0.7163,0.7347,0.7436,0.7569,0.7669
55.25,0.255822,0.01495,0.001495,0.2331,0.24305,0.2564,0.2651,0.28341,0.003346,0.0016,0.00016,0.0009,0.0022,0.0033,0.0042,0.00701,0.740832,0.01552,0.001552,0.71206,0.7316,0.7404,0.75425,0.76402,0.003346,0.0016,0.00016,0.0009,0.0022,0.0033,0.0042,0.00701,0.744178,0.01495,0.001495,0.71659,0.7349,0.7436,0.75695,0.7669
55.5,0.255688,0.01493,0.001493,0.23279,0.243,0.2563,0.26505,0.283,0.00329,0.00159,0.000159,0.0009,0.002,0.0033,0.00425,0.00691,0.741022,0.01551,0.001551,0.71238,0.73165,0.7406,0.75465,0.76402,0.00329,0.00159,0.000159,0.0009,0.002,0.0033,0.00425,0.00691,0.744312,0.01493,0.001493,0.717,0.73495,0.7437,0.757,0.76721
55.75,0.255598,0.01492,0.001492,0.23268,0.243,0.2561,0.26505,0.283,0.003172,0.00159,0.000159,0.0009,0.0018,0.0032,0.0042,0.00661,0.74123,0.01546,0.001546,0.7127,0.7317,0.7409,0.7547,0.76442,0.003172,0.00159,0.000159,0.0009,0.0018,0.0032,0.0042,0.00661,0.744402,0.01492,0.001492,0.717,0.73495,0.7439,0.757,0.76732
56.0,0.2555,0.01492,0.001492,0.23268,0.243,0.256,0.265,0.2829,0.003062,0.00154,0.000154,0.00079,0.0018,0.003,0.004,0.0064,0.741438,0.01543,0.001543,0.7127,0.73185,0.741,0.755,0.76452,0.003062,0.00154,0.000154,0.00079,0.0018,0.003,0.004,0.0064,0.7445,0.01492,0.001492,0.71709,0.735,0.744,0.757,0.76732
56.25,0.25541,0.0149,0.00149,0.23268,0.24285,0.2559,0.26485,0.28281,0.002994,0.00155,0.000155,0.0006,0.0016,0.0028,0.004,0.0062,0.741596,0.01544,0.001544,0.7127,0.73205,0.7415,0.755,0.76461,0.002994,0.00155,0.000155,0.0006,0.0016,0.0028,0.004,0.0062,0.74459,0.0149,0.00149,0.71719,0.73515,0.7441,0.75715,0.76732
56.5,0.25531,0.0149,0.00149,0.23268,0.2427,0.2559,0.26485,0.2827,0.002908,0.00152,0.000152,0.0008,0.0016,0.0028,0.004,0.0062,0.741782,0.01543,0.001543,0.71299,0.73215,0.7416,0.7552,0.7647,0.002908,0.00152,0.000152,0.0008,0.0016,0.0028,0.004,0.0062,0.74469,0.0149,0.00149,0.7173,0.73515,0.7441,0.7573,0.76732
56.75,0.255254,0.01488,0.001488,0.23259,0.24255,0.2559,0.2648,0.2827,0.00279,0.00146,0.000146,0.0008,0.0016,0.0027,0.0038,0.0059,0.741956,0.01539,0.001539,0.71319,0.73215,0.7417,0.7556,0.76481,0.00279,0.00146,0.000146,0.0008,0.0016,0.0027,0.0038,0.0059,0.744746,0.01488,0.001488,0.7173,0.7352,0.7441,0.75745,0.76741
57.0,0.255166,0.01483,0.001483,0.2325,0.2425,0.2558,0.26465,0.2827,0.002704,0.00144,0.000144,0.0007,0.0016,0.0026,0.0038,0.006,0.74213,0.01535,0.001535,0.7135,0.73235,0.7421,0.75565,0.76521,0.002704,0.00144,0.000144,0.0007,0.0016,0.0026,0.0038,0.006,0.744834,0.01483,0.001483,0.7173,0.73535,0.7442,0.7575,0.7675
57.25,0.2551,0.01482,0.001482,0.2325,0.24235,0.2558,0.26465,0.2827,0.002586,0.00139,0.000139,0.0007,0.0014,0.0025,0.0036,0.0058,0.742314,0.01533,0.001533,0.7138,0.73235,0.7424,0.7558,0.7655,0.002586,0.00139,0.000139,0.0007,0.0014,0.0025,0.0036,0.0058,0.7449,0.01482,0.001482,0.7173,0.73535,0.7442,0.75765,0.7675
57.5,0.255022,0.01482,0.001482,0.2324,0.24235,0.2557,0.26465,0.2826,0.002486,0.00136,0.000136,0.00059,0.0014,0.0024,0.0034,0.00561,0.742492,0.01529,0.001529,0.714,0.7324,0.7425,0.756,0.76561,0.002486,0.00136,0.000136,0.00059,0.0014,0.0024,0.0034,0.00561,0.744978,0.01482,0.001482,0.7174,0.73535,0.7443,0.75765,0.7676
57.75,0.254938,0.01478,0.001478,0.23229,0.2423,0.2555,0.2646,0.2823,0.00243,0.00132,0.000132,0.0005,0.00135,0.0024,0.0032,0.00551,0.742632,0.01524,0.001524,0.7144,0.73255,0.7426,0.75605,0.76571,0.00243,0.00132,0.000132,0.0005,0.00135,0.0024,0.0032,0.00551,0.745062,0.01478,0.001478,0.7177,0.7354,0.7445,0.7577,0.7677
58.0,0.254896,0.01476,0.001476,0.23229,0.24215,0.2554,0.26445,0.2823,0.002308,0.0013,0.00013,0.0004,0.0012,0.0023,0.003,0.00551,0.742796,0.01523,0.001523,0.7145,0.73275,0.7429,0.75625,0.76581,0.002308,0.0013,0.00013,0.0004,0.0012,0.0023,0.003,0.00551,0.745104,0.01476,0.001476,0.7177,0.73555,0.7446,0.75785,0.7677
58.25,0.254816,0.01474,0.001474,0.23229,0.24215,0.2551,0.2643,0.2822,0.002274,0.00134,0.000134,0.0004,0.0012,0.0021,0.0032,0.00552,0.74291,0.01519,0.001519,0.71479,0.73295,0.7429,0.75625,0.76581,0.002274,0.00134,0.000134,0.0004,0.0012,0.0021,0.0032,0.00552,0.745184,0.01474,0.001474,0.7178,0.7357,0.7449,0.75785,0.7677
58.5,0.254764,0.01475,0.001475,0.23229,0.242,0.2551,0.26415,0.2822,0.002184,0.00128,0.000128,0.0003,0.0012,0.002,0.003,0.0054,0.743052,0.01515,0.001515,0.71488,0.7332,0.7432,0.7565,0.76591,0.002184,0.00128,0.000128,0.0003,0.0012,0.002,0.003,0.0054,0.745236,0.01475,0.001475,0.7178,0.73585,0.7449,0.758,0.7677
58.75,0.254708,0.01473,0.001473,0.23229,0.242,0.2551,0.26415,0.2822,0.002086,0.0012,0.00012,0.0004,0.0012,0.0019,0.0028,0.0048,0.743206,0.01509,0.001509,0.7153,0.7334,0.7433,0.75665,0.76601,0.002086,0.0012,0.00012,0.0004,0.0012,0.0019,0.0028,0.0048,0.745292,0.01473,0.001473,0.7178,0.73585,0.7449,0.758,0.7677
59.0,0.254646,0.01472,0.001472,0.23229,0.24195,0.255,0.2641,0.2822,0.002016,0.00119,0.000119,0.0003,0.001,0.0018,0.0028,0.0048,0.743338,0.01505,0.001505,0.71558,0.7334,0.7434,0.75685,0.7661,0.002016,0.00119,0.000119,0.0003,0.001,0.0018,0.0028,0.0048,0.745354,0.01472,0.001472,0.7178,0.7359,0.745,0.75805,0.7677
59.25,0.25459,0.01471,0.001471,0.23229,0.24195,0.2548,0.2641,0.28201,0.00197,0.00119,0.000119,0.0002,0.001,0.0018,0.0028,0.0046,0.74344,0.01502,0.001502,0.71568,0.73355,0.7434,0.75685,0.7663,0.00197,0.00119,0.000119,0.0002,0.001,0.0018,0.0028,0.0046,0.74541,0.01471,0.001471,0.71799,0.7359,0.7452,0.75805,0.7677
59.5,0.254524,0.01468,0.001468,0.23229,0.2419,0.2547,0.2641,0.2819,0.001924,0.00118,0.000118,0.0002,0.001,0.0018,0.0026,0.0048,0.743552,0.01501,0.001501,0.71568,0.7338,0.7434,0.757,0.7665,0.001924,0.00118,0.000118,0.0002,0.001,0.0018,0.0026,0.0048,0.745476,0.01468,0.001468,0.7181,0.7359,0.7453,0.7581,0.7677
59.75,0.254472,0.01469,0.001469,0.23229,0.2419,0.2547,0.2641,0.2819,0.001854,0.00112,0.000112,0.0002,0.001,0.0018,0.0024,0.00451,0.743674,0.01497,0.001497,0.71578,0.734,0.7435,0.75705,0.7666,0.001854,0.00112,0.000112,0.0002,0.001,0.0018,0.0024,0.00451,0.745528,0.01469,0.001469,0.7181,0.7359,0.7453,0.7581,0.7677
60.0,0.254418,0.01467,0.001467,0.23229,0.2419,0.2546,0.2641,0.2817,0.001786,0.00113,0.000113,0.0001,0.0008,0.0017,0.0024,0.0046,0.743796,0.01495,0.001495,0.71578,0.73415,0.7435,0.75705,0.7667,0.001786,0.00113,0.000113,0.0001,0.0008,0.0017,0.0024,0.0046,0.745582,0.01467,0.001467,0.7183,0.7359,0.7454,0.7581,0.7677
60.25,0.25438,0.01467,0.001467,0.23229,0.2419,0.2545,0.26405,0.2817,0.001674,0.00108,0.000108,0.0001,0.0008,0.0016,0.0022,0.00431,0.743946,0.01493,0.001493,0.71639,0.7344,0.7435,0.75705,0.7669,0.001674,0.00108,0.000108,0.0001,0.0008,0.0016,0.0022,0.00431,0.74562,0.01467,0.001467,0.7183,0.73595,0.7455,0.7581,0.7677
60.5,0.25434,0.01467,0.001467,0.23229,0.2419,0.2545,0.26385,0.2817,0.00161,0.00107,0.000107,0.0001,0.0008,0.0016,0.0022,0.00401,0.74405,0.01491,0.001491,0.71659,0.7347,0.7435,0.75705,0.7669,0.00161,0.00107,0.000107,0.0001,0.0008,0.0016,0.0022,0.00401,0.74566,0.01467,0.001467,0.7183,0.73615,0.7455,0.7581,0.7677
60.75,0.25428,0.01467,0.001467,0.23229,0.2419,0.2545,0.2635,0.2816,0.00159,0.00109,0.000109,0.0001,0.0008,0.0014,0.0022,0.00421,0.74413,0.0149,0.00149,0.7167,0.7347,0.7435,0.75705,0.7669,0.00159,0.00109,0.000109,0.0001,0.0008,0.0014,0.0022,0.00421,0.74572,0.01467,0.001467,0.7184,0.7365,0.7455,0.7581,0.7677
61.0,0.254234,0.01466,0.001466,0.23229,0.2419,0.2543,0.2635,0.2815,0.001556,0.00105,0.000105,0.0001,0.0008,0.0014,0.002,0.004,0.74421,0.01488,0.001488,0.7169,0.73475,0.7437,0.7571,0.76701,0.001556,0.00105,0.000105,0.0001,0.0008,0.0014,0.002,0.004,0.745766,0.01466,0.001466,0.7185,0.7365,0.7457,0.7581,0.7677
61.25,0.254172,0.01465,0.001465,0.23229,0.2419,0.2541,0.2635,0.28131,0.001518,0.00105,0.000105,0.0001,0.0008,0.0014,0.002,0.00401,0.74431,0.01486,0.001486,0.71699,0.73475,0.7437,0.7573,0.7673,0.001518,0.00105,0.000105,0.0001,0.0008,0.0014,0.002,0.00401,0.745828,0.01465,0.001465,0.7187,0.7365,0.7459,0.7581,0.7677
61.5,0.25411,0.01464,0.001464,0.23229,0.2419,0.2541,0.26335,0.28131,0.001498,0.00102,0.000102,0.0001,0.00075,0.0014,0.002,0.0038,0.744392,0.01483,0.001483,0.71708,0.73495,0.7437,0.7573,0.7673,0.001498,0.00102,0.000102,0.0001,0.00075,0.0014,0.002,0.0038,0.74589,0.01464,0.001464,0.7187,0.73665,0.7459,0.7581,0.7677
61.75,0.254072,0.01465,0.001465,0.23229,0.2419,0.2541,0.26335,0.2812,0.001442,0.00098,9.8e-5,0.0001,0.00075,0.0014,0.002,0.0036,0.744486,0.01483,0.001483,0.71719,0.73495,0.744,0.75745,0.7673,0.001442,0.00098,9.8e-5,0.0001,0.00075,0.0014,0.002,0.0036,0.745928,0.01465,0.001465,0.7188,0.73665,0.7459,0.7581,0.7677
62.0,0.254028,0.01465,0.001465,0.23229,0.24175,0.2541,0.26335,0.2812,0.00139,0.00094,9.4e-5,0.0001,0.0006,0.0012,0.002,0.00351,0.744582,0.01481,0.001481,0.7175,0.73495,0.744,0.7576,0.7674,0.00139,0.00094,9.4e-5,0.0001,0.0006,0.0012,0.002,0.00351,0.745972,0.01465,0.001465,0.7188,0.73665,0.7459,0.75825,0.7677
62.25,0.253986,0.01466,0.001466,0.23229,0.24175,0.254,0.26335,0.2812,0.001344,0.00093,9.3e-5,0.0001,0.0006,0.0012,0.002,0.0034,0.74467,0.0148,0.00148,0.71759,0.73495,0.744,0.7576,0.7674,0.001344,0.00093,9.3e-5,0.0001,0.0006,0.0012,0.002,0.0034,0.746014,0.01466,0.001466,0.7188,0.73665,0.746,0.75825,0.7677
62.5,0.25395,0.01465,0.001465,0.23229,0.2416,0.2539,0.26335,0.2812,0.001274,0.00091,9.1e-5,0.0,0.0006,0.001,0.0018,0.0034,0.744776,0.01479,0.001479,0.71759,0.7353,0.744,0.75765,0.7674,0.001274,0.00091,9.1e-5,0.0,0.0006,0.001,0.0018,0.0034,0.74605,0.01465,0.001465,0.7188,0.73665,0.7461,0.7584,0.7677
62.75,0.253928,0.01465,0.001465,0.23229,0.2416,0.2539,0.26335,0.2812,0.001224,0.00088,8.8e-5,0.0,0.0006,0.001,0.0018,0.0034,0.744848,0.01478,0.001478,0.71759,0.7353,0.7441,0.75765,0.7674,0.001224,0.00088,8.8e-5,0.0,0.0006,0.001,0.0018,0.0034,0.746072,0.01465,0.001465,0.7188,0.73665,0.7461,0.7584,0.7677
63.0,0.253906,0.01464,0.001464,0.23229,0.2416,0.2538,0.2633,0.2812,0.001182,0.00086,8.6e-5,0.0,0.0006,0.001,0.0016,0.0034,0.744912,0.01477,0.001477,0.7177,0.7353,0.7443,0.75765,0.7674,0.001182,0.00086,8.6e-5,0.0,0.0006,0.001,0.0016,0.0034,0.746094,0.01464,0.001464,0.7188,0.7367,0.7462,0.7584,0.7677
63.25,0.253866,0.01463,0.001463,0.23229,0.2416,0.2538,0.26325,0.2812,0.001146,0.00083,8.3e-5,0.0,0.0006,0.001,0.0016,0.0032,0.744988,0.01477,0.001477,0.7177,0.73545,0.7444,0.75765,0.7674,0.001146,0.00083,8.3e-5,0.0,0.0006,0.001,0.0016,0.0032,0.746134,0.01463,0.001463,0.7188,0.73675,0.7462,0.7584,0.7677
63.5,0.253836,0.01462,0.001462,0.23229,0.2415,0.2538,0.26325,0.28111,0.001098,0.00081,8.1e-5,0.0,0.0006,0.0008,0.0016,0.00291,0.745066,0.01476,0.001476,0.7178,0.73545,0.7444,0.75765,0.7674,0.001098,0.00081,8.1e-5,0.0,0.0006,0.0008,0.0016,0.00291,0.746164,0.01462,0.001462,0.7189,0.73675,0.7462,0.7585,0.7677
63.75,0.253812,0.01462,0.001462,0.23229,0.24145,0.2537,0.26325,0.281,0.001046,0.0008,8.0e-5,0.0,0.0004,0.0008,0.0014,0.0028,0.745142,0.01475,0.001475,0.7179,0.73545,0.7447,0.75765,0.7674,0.001046,0.0008,8.0e-5,0.0,0.0004,0.0008,0.0014,0.0028,0.746188,0.01462,0.001462,0.719,0.73675,0.7463,0.75855,0.7677
64.0,0.253784,0.01462,0.001462,0.23229,0.24145,0.2536,0.2631,0.281,0.001006,0.00078,7.8e-5,0.0,0.0004,0.0008,0.0014,0.0026,0.74521,0.01475,0.001475,0.718,0.7355,0.7447,0.75785,0.7675,0.001006,0.00078,7.8e-5,0.0,0.0004,0.0008,0.0014,0.0026,0.746216,0.01462,0.001462,0.719,0.7369,0.7464,0.75855,0.7677
64.25,0.253746,0.01462,0.001462,0.23229,0.24145,0.2536,0.263,0.281,0.00098,0.00078,7.8e-5,0.0,0.0004,0.0008,0.0014,0.0028,0.745274,0.01475,0.001475,0.718,0.7357,0.7447,0.75785,0.76761,0.00098,0.00078,7.8e-5,0.0,0.0004,0.0008,0.0014,0.0028,0.746254,0.01462,0.001462,0.719,0.737,0.7464,0.75855,0.7677
64.5,0.253712,0.0146,0.00146,0.23229,0.24145,0.2536,0.263,0.281,0.000962,0.00078,7.8e-5,0.0,0.0004,0.0008,0.0014,0.0028,0.745326,0.01477,0.001477,0.718,0.73585,0.7448,0.758,0.76761,0.000962,0.00078,7.8e-5,0.0,0.0004,0.0008,0.0014,0.0028,0.746288,0.0146,0.00146,0.719,0.737,0.7464,0.75855,0.7677
64.75,0.253674,0.01458,0.001458,0.23229,0.24145,0.2535,0.263,0.281,0.000934,0.00077,7.7e-5,0.0,0.0004,0.0008,0.0014,0.00281,0.745392,0.01476,0.001476,0.718,0.73585,0.7448,0.758,0.76761,0.000934,0.00077,7.7e-5,0.0,0.0004,0.0008,0.0014,0.00281,0.746326,0.01458,0.001458,0.719,0.737,0.7465,0.75855,0.7677
65.0,0.253642,0.01457,0.001457,0.23229,0.24145,0.2534,0.263,0.281,0.00091,0.00075,7.5e-5,0.0,0.0004,0.0008,0.0014,0.00271,0.745448,0.01475,0.001475,0.7181,0.736,0.7449,0.758,0.7677,0.00091,0.00075,7.5e-5,0.0,0.0004,0.0008,0.0014,0.00271,0.746358,0.01457,0.001457,0.719,0.737,0.7466,0.75855,0.7677
65.25,0.253622,0.01457,0.001457,0.23229,0.24145,0.2534,0.263,0.281,0.000872,0.00074,7.4e-5,0.0,0.0002,0.0006,0.00125,0.00271,0.745506,0.01475,0.001475,0.7181,0.73615,0.7451,0.758,0.7677,0.000872,0.00074,7.4e-5,0.0,0.0002,0.0006,0.00125,0.00271,0.746378,0.01457,0.001457,0.719,0.737,0.7466,0.75855,0.7677
65.5,0.253598,0.01455,0.001455,0.23229,0.24145,0.2534,0.263,0.281,0.000846,0.00072,7.2e-5,0.0,0.0002,0.0006,0.0012,0.0026,0.745556,0.01474,0.001474,0.7181,0.73615,0.7452,0.7582,0.7677,0.000846,0.00072,7.2e-5,0.0,0.0002,0.0006,0.0012,0.0026,0.746402,0.01455,0.001455,0.719,0.737,0.7466,0.75855,0.7677
65.75,0.253588,0.01455,0.001455,0.23229,0.24145,0.2534,0.263,0.281,0.0008,0.00069,6.9e-5,0.0,0.0002,0.0006,0.0012,0.0026,0.745612,0.01472,0.001472,0.71828,0.73615,0.7453,0.7584,0.7677,0.0008,0.00069,6.9e-5,0.0,0.0002,0.0006,0.0012,0.0026,0.746412,0.01455,0.001455,0.719,0.737,0.7466,0.75855,0.7677
66.0,0.253552,0.01452,0.001452,0.23229,0.24145,0.2534,0.263,0.2809,0.000792,0.00068,6.8e-5,0.0,0.00035,0.0006,0.0012,0.00231,0.745656,0.0147,0.00147,0.71839,0.7362,0.7453,0.7584,0.7677,0.000792,0.00068,6.8e-5,0.0,0.00035,0.0006,0.0012,0.00231,0.746448,0.01452,0.001452,0.7191,0.737,0.7466,0.75855,0.7677
66.25,0.253532,0.01452,0.001452,0.23229,0.24145,0.2534,0.263,0.2809,0.000752,0.00063,6.3e-5,0.0,0.0002,0.0006,0.00105,0.0022,0.745716,0.01468,0.001468,0.71839,0.73635,0.7453,0.7584,0.7677,0.000752,0.00063,6.3e-5,0.0,0.0002,0.0006,0.00105,0.0022,0.746468,0.01452,0.001452,0.7191,0.737,0.7466,0.75855,0.7677
66.5,0.253502,0.01451,0.001451,0.23229,0.24145,0.2533,0.263,0.2809,0.000742,0.00062,6.2e-5,0.0,0.0002,0.0006,0.001,0.002,0.745756,0.01467,0.001467,0.71839,0.73635,0.7454,0.75845,0.7677,0.000742,0.00062,6.2e-5,0.0,0.0002,0.0006,0.001,0.002,0.746498,0.01451,0.001451,0.7191,0.737,0.7467,0.75855,0.7677
66.75,0.253484,0.0145,0.00145,0.23229,0.24145,0.2533,0.263,0.2809,0.000724,0.00061,6.1e-5,0.0,0.0002,0.0006,0.00105,0.00191,0.745792,0.01466,0.001466,0.71839,0.73635,0.7454,0.75845,0.7677,0.000724,0.00061,6.1e-5,0.0,0.0002,0.0006,0.00105,0.00191,0.746516,0.0145,0.00145,0.7191,0.737,0.7467,0.75855,0.7677
67.0,0.253466,0.01449,0.001449,0.23229,0.24145,0.2533,0.263,0.2809,0.000704,0.00061,6.1e-5,0.0,0.0002,0.0006,0.00105,0.002,0.74583,0.01466,0.001466,0.71839,0.73635,0.7454,0.75845,0.7677,0.000704,0.00061,6.1e-5,0.0,0.0002,0.0006,0.00105,0.002,0.746534,0.01449,0.001449,0.7191,0.737,0.7467,0.75855,0.7677
67.25,0.253446,0.01449,0.001449,0.23229,0.24145,0.2533,0.263,0.2809,0.000666,0.00059,5.9e-5,0.0,0.0002,0.0004,0.001,0.00211,0.745888,0.01464,0.001464,0.71848,0.7367,0.7455,0.75845,0.7677,0.000666,0.00059,5.9e-5,0.0,0.0002,0.0004,0.001,0.00211,0.746554,0.01449,0.001449,0.7191,0.737,0.7467,0.75855,0.7677
67.5,0.253432,0.01448,0.001448,0.23229,0.24145,0.2533,0.263,0.2809,0.000646,0.00056,5.6e-5,0.0,0.0002,0.0006,0.001,0.002,0.745922,0.01463,0.001463,0.71848,0.7367,0.7456,0.75845,0.7677,0.000646,0.00056,5.6e-5,0.0,0.0002,0.0006,0.001,0.002,0.746568,0.01448,0.001448,0.7191,0.737,0.7467,0.75855,0.7677
67.75,0.253402,0.01447,0.001447,0.23229,0.24145,0.2533,0.263,0.2809,0.000634,0.00054,5.4e-5,0.0,0.0002,0.0005,0.001,0.00191,0.745964,0.01463,0.001463,0.71859,0.7367,0.7457,0.75845,0.7677,0.000634,0.00054,5.4e-5,0.0,0.0002,0.0005,0.001,0.00191,0.746598,0.01447,0.001447,0.7191,0.737,0.7467,0.75855,0.7677
68.0,0.253392,0.01446,0.001446,0.23229,0.24145,0.2533,0.263,0.2809,0.00061,0.00054,5.4e-5,0.0,0.0002,0.0004,0.001,0.002,0.745998,0.01464,0.001464,0.71859,0.73685,0.7458,0.75845,0.7677,0.00061,0.00054,5.4e-5,0.0,0.0002,0.0004,0.001,0.002,0.746608,0.01446,0.001446,0.7191,0.737,0.7467,0.75855,0.7677
68.25,0.253376,0.01445,0.001445,0.23229,0.24145,0.2533,0.263,0.2809,0.000602,0.00054,5.4e-5,0.0,0.0002,0.0004,0.001,0.00191,0.746022,0.01463,0.001463,0.7187,0.73685,0.7459,0.75845,0.7677,0.000602,0.00054,5.4e-5,0.0,0.0002,0.0004,0.001,0.00191,0.746624,0.01445,0.001445,0.7191,0.737,0.7467,0.75855,0.7677
68.5,0.253364,0.01444,0.001444,0.23229,0.24145,0.2533,0.263,0.2809,0.000586,0.00053,5.3e-5,0.0,0.0002,0.0004,0.001,0.00191,0.74605,0.01462,0.001462,0.7187,0.7369,0.7459,0.7585,0.7677,0.000586,0.00053,5.3e-5,0.0,0.0002,0.0004,0.001,0.00191,0.746636,0.01444,0.001444,0.7191,0.737,0.7467,0.75855,0.7677
68.75,0.25334,0.01442,0.001442,0.23229,0.24145,0.2533,0.263,0.2809,0.00058,0.00054,5.4e-5,0.0,0.0002,0.0004,0.00085,0.0018,0.74608,0.01463,0.001463,0.7187,0.73695,0.746,0.7585,0.7677,0.00058,0.00054,5.4e-5,0.0,0.0002,0.0004,0.00085,0.0018,0.74666,0.01442,0.001442,0.7191,0.737,0.7467,0.75855,0.7677
69.0,0.25332,0.0144,0.00144,0.23229,0.24145,0.2533,0.263,0.2809,0.000584,0.00055,5.5e-5,0.0,0.0002,0.0004,0.00085,0.00171,0.746096,0.01462,0.001462,0.7188,0.73695,0.7461,0.7585,0.7677,0.000584,0.00055,5.5e-5,0.0,0.0002,0.0004,0.00085,0.00171,0.74668,0.0144,0.00144,0.7191,0.737,0.7467,0.75855,0.7677
69.25,0.253298,0.0144,0.00144,0.23229,0.2413,0.2533,0.263,0.2809,0.000586,0.00056,5.6e-5,0.0,0.0002,0.0004,0.0008,0.0016,0.746116,0.0146,0.00146,0.7188,0.737,0.7462,0.7585,0.7677,0.000586,0.00056,5.6e-5,0.0,0.0002,0.0004,0.0008,0.0016,0.746702,0.0144,0.00144,0.7191,0.737,0.7467,0.7587,0.7677
69.5,0.253284,0.0144,0.00144,0.23229,0.2413,0.2533,0.263,0.2809,0.000552,0.00054,5.4e-5,0.0,0.0002,0.0004,0.0008,0.00171,0.746164,0.01459,0.001459,0.7188,0.737,0.7462,0.7585,0.7677,0.000552,0.00054,5.4e-5,0.0,0.0002,0.0004,0.0008,0.00171,0.746716,0.0144,0.00144,0.7191,0.737,0.7467,0.7587,0.7677
69.75,0.25327,0.01439,0.001439,0.23229,0.2413,0.2533,0.263,0.2809,0.000532,0.00054,5.4e-5,0.0,0.0002,0.0004,0.0008,0.0018,0.746198,0.01457,0.001457,0.7188,0.737,0.7463,0.7585,0.7677,0.000532,0.00054,5.4e-5,0.0,0.0002,0.0004,0.0008,0.0018,0.74673,0.01439,0.001439,0.7191,0.737,0.7467,0.7587,0.7677
70.0,0.253254,0.01438,0.001438,0.23229,0.2413,0.2533,0.263,0.2809,0.000512,0.00054,5.4e-5,0.0,0.0002,0.0004,0.0008,0.0018,0.746234,0.01456,0.001456,0.7188,0.737,0.7463,0.7585,0.7677,0.000512,0.00054,5.4e-5,0.0,0.0002,0.0004,0.0008,0.0018,0.746746,0.01438,0.001438,0.7191,0.737,0.7467,0.7587,0.7677
70.25,0.25323,0.01438,0.001438,0.23229,0.2413,0.2533,0.263,0.2809,0.000498,0.00054,5.4e-5,0.0,0.0002,0.0004,0.0008,0.0018,0.746272,0.01456,0.001456,0.7188,0.737,0.7464,0.7585,0.7677,0.000498,0.00054,5.4e-5,0.0,0.0002,0.0004,0.0008,0.0018,0.74677,0.01438,0.001438,0.7191,0.737,0.7467,0.7587,0.7677
70.5,0.253218,0.01436,0.001436,0.23229,0.2413,0.2533,0.263,0.2809,0.000484,0.00054,5.4e-5,0.0,0.00015,0.0003,0.0006,0.00171,0.746298,0.01454,0.001454,0.7189,0.737,0.7465,0.7585,0.7677,0.000484,0.00054,5.4e-5,0.0,0.00015,0.0003,0.0006,0.00171,0.746782,0.01436,0.001436,0.7191,0.737,0.7467,0.7587,0.7677
70.75,0.25321,0.01436,0.001436,0.23229,0.2413,0.2533,0.263,0.2809,0.000468,0.00053,5.3e-5,0.0,0.0,0.0002,0.0006,0.00171,0.746322,0.01454,0.001454,0.7189,0.737,0.7465,0.7585,0.7677,0.000468,0.00053,5.3e-5,0.0,0.0,0.0002,0.0006,0.00171,0.74679,0.01436,0.001436,0.7191,0.737,0.7467,0.7587,0.7677
71.0,0.253194,0.01435,0.001435,0.23229,0.2413,0.2533,0.263,0.2809,0.00045,0.00051,5.1e-5,0.0,0.0,0.0002,0.0006,0.00171,0.746356,0.01449,0.001449,0.7189,0.737,0.7465,0.7585,0.7677,0.00045,0.00051,5.1e-5,0.0,0.0,0.0002,0.0006,0.00171,0.746806,0.01435,0.001435,0.7191,0.737,0.7467,0.7587,0.7677
71.25,0.253166,0.01433,0.001433,0.23229,0.2413,0.2533,0.263,0.2809,0.000456,0.00053,5.3e-5,0.0,0.0,0.0002,0.0006,0.00191,0.746378,0.01448,0.001448,0.7189,0.737,0.7465,0.7585,0.7677,0.000456,0.00053,5.3e-5,0.0,0.0,0.0002,0.0006,0.00191,0.746834,0.01433,0.001433,0.7191,0.737,0.7467,0.7587,0.7677
71.5,0.253158,0.01432,0.001432,0.23229,0.2413,0.2533,0.263,0.2809,0.000434,0.00052,5.2e-5,0.0,0.0,0.0002,0.0006,0.00171,0.746408,0.01448,0.001448,0.7189,0.737,0.7467,0.7585,0.7677,0.000434,0.00052,5.2e-5,0.0,0.0,0.0002,0.0006,0.00171,0.746842,0.01432,0.001432,0.7191,0.737,0.7467,0.7587,0.7677
71.75,0.253142,0.01431,0.001431,0.23229,0.2413,0.2533,0.26285,0.2809,0.00042,0.00051,5.1e-5,0.0,0.0,0.0002,0.0006,0.00171,0.746438,0.01447,0.001447,0.7189,0.737,0.7467,0.75855,0.7677,0.00042,0.00051,5.1e-5,0.0,0.0,0.0002,0.0006,0.00171,0.746858,0.01431,0.001431,0.7191,0.73715,0.7467,0.7587,0.7677
72.0,0.253128,0.0143,0.00143,0.23229,0.2413,0.2533,0.26285,0.2809,0.000412,0.00052,5.2e-5,0.0,0.0,0.0002,0.0006,0.0018,0.74646,0.01447,0.001447,0.7189,0.737,0.7467,0.7587,0.7677,0.000412,0.00052,5.2e-5,0.0,0.0,0.0002,0.0006,0.0018,0.746872,0.0143,0.00143,0.7191,0.73715,0.7467,0.7587,0.7677
72.25,0.253112,0.01431,0.001431,0.23229,0.2413,0.2533,0.2628,0.2809,0.00041,0.00051,5.1e-5,0.0,0.0,0.0002,0.0006,0.0018,0.746478,0.01447,0.001447,0.7189,0.737,0.7467,0.7587,0.7677,0.00041,0.00051,5.1e-5,0.0,0.0,0.0002,0.0006,0.0018,0.746888,0.01431,0.001431,0.7191,0.7372,0.7467,0.7587,0.7677
72.5,0.253102,0.0143,0.00143,0.23229,0.2413,0.2533,0.2628,0.2809,0.000398,0.00051,5.1e-5,0.0,0.0,0.0002,0.0006,0.00171,0.7465,0.01446,0.001446,0.7189,0.737,0.7467,0.7587,0.7677,0.000398,0.00051,5.1e-5,0.0,0.0,0.0002,0.0006,0.00171,0.746898,0.0143,0.00143,0.7191,0.7372,0.7467,0.7587,0.7677
72.75,0.25309,0.01429,0.001429,0.23229,0.2413,0.2533,0.2628,0.2809,0.000398,0.00052,5.2e-5,0.0,0.0,0.0002,0.0006,0.0018,0.746512,0.01446,0.001446,0.7189,0.737,0.7467,0.7587,0.7677,0.000398,0.00052,5.2e-5,0.0,0.0,0.0002,0.0006,0.0018,0.74691,0.01429,0.001429,0.7191,0.7372,0.7467,0.7587,0.7677
73.0,0.253082,0.01428,0.001428,0.23229,0.2413,0.2533,0.26265,0.2809,0.000388,0.00051,5.1e-5,0.0,0.0,0.0002,0.0004,0.0018,0.74653,0.01445,0.001445,0.7189,0.737,0.7467,0.7587,0.7677,0.000388,0.00051,5.1e-5,0.0,0.0,0.0002,0.0004,0.0018,0.746918,0.01428,0.001428,0.7191,0.73735,0.7467,0.7587,0.7677
73.25,0.253066,0.01427,0.001427,0.23229,0.2413,0.2533,0.26265,0.2809,0.00038,0.00049,4.9e-5,0.0,0.0,0.0002,0.0004,0.0018,0.746554,0.01443,0.001443,0.7189,0.737,0.7467,0.7587,0.7677,0.00038,0.00049,4.9e-5,0.0,0.0,0.0002,0.0004,0.0018,0.746934,0.01427,0.001427,0.7191,0.73735,0.7467,0.7587,0.7677
73.5,0.253058,0.01427,0.001427,0.23229,0.2413,0.2533,0.26265,0.2809,0.00037,0.00048,4.8e-5,0.0,0.0,0.0002,0.0004,0.00171,0.746572,0.01441,0.001441,0.7189,0.737,0.7467,0.7587,0.7677,0.00037,0.00048,4.8e-5,0.0,0.0,0.0002,0.0004,0.00171,0.746942,0.01427,0.001427,0.7191,0.73735,0.7467,0.7587,0.7677
73.75,0.253044,0.01426,0.001426,0.23229,0.2413,0.2533,0.26265,0.28081,0.000364,0.00047,4.7e-5,0.0,0.0,0.0002,0.0004,0.0016,0.746592,0.0144,0.00144,0.719,0.737,0.7467,0.7587,0.7677,0.000364,0.00047,4.7e-5,0.0,0.0,0.0002,0.0004,0.0016,0.746956,0.01426,0.001426,0.71919,0.73735,0.7467,0.7587,0.7677
74.0,0.253032,0.01426,0.001426,0.23229,0.2413,0.2533,0.2625,0.28081,0.000354,0.00046,4.6e-5,0.0,0.0,0.0002,0.00045,0.0016,0.746614,0.01439,0.001439,0.71919,0.737,0.7467,0.7587,0.7677,0.000354,0.00046,4.6e-5,0.0,0.0,0.0002,0.00045,0.0016,0.746968,0.01426,0.001426,0.71919,0.7375,0.7467,0.7587,0.7677
74.25,0.253024,0.01425,0.001425,0.23229,0.2413,0.2533,0.2625,0.28081,0.000342,0.00045,4.5e-5,0.0,0.0,0.0002,0.0004,0.0014,0.746634,0.01438,0.001438,0.71919,0.737,0.7467,0.7587,0.7677,0.000342,0.00045,4.5e-5,0.0,0.0,0.0002,0.0004,0.0014,0.746976,0.01425,0.001425,0.71919,0.7375,0.7467,0.7587,0.7677
74.5,0.253022,0.01426,0.001426,0.23229,0.2413,0.2533,0.2625,0.28081,0.000322,0.00042,4.2e-5,0.0,0.0,0.0002,0.0004,0.0014,0.746656,0.01437,0.001437,0.71919,0.737,0.7467,0.7587,0.7677,0.000322,0.00042,4.2e-5,0.0,0.0,0.0002,0.0004,0.0014,0.746978,0.01426,0.001426,0.71919,0.7375,0.7467,0.7587,0.7677
74.75,0.253014,0.01425,0.001425,0.23229,0.2413,0.2533,0.26245,0.28081,0.000306,0.0004,4.0e-5,0.0,0.0,0.0002,0.0004,0.0014,0.74668,0.01435,0.001435,0.71919,0.737,0.7467,0.7587,0.7677,0.000306,0.0004,4.0e-5,0.0,0.0,0.0002,0.0004,0.0014,0.746986,0.01425,0.001425,0.71919,0.73755,0.7467,0.7587,0.7677
75.0,0.253008,0.01425,0.001425,0.23229,0.2413,0.2533,0.26245,0.28081,0.000304,0.0004,4.0e-5,0.0,0.0,0.0002,0.0004,0.0014,0.746688,0.01435,0.001435,0.71919,0.737,0.7467,0.7587,0.7677,0.000304,0.0004,4.0e-5,0.0,0.0,0.0002,0.0004,0.0014,0.746992,0.01425,0.001425,0.71919,0.73755,0.7467,0.7587,0.7677
75.25,0.252998,0.01424,0.001424,0.23229,0.2413,0.2533,0.26245,0.28081,0.000284,0.00039,3.9e-5,0.0,0.0,0.0002,0.0004,0.0014,0.746718,0.01433,0.001433,0.71919,0.73715,0.7467,0.7587,0.7677,0.000284,0.00039,3.9e-5,0.0,0.0,0.0002,0.0004,0.0014,0.747002,0.01424,0.001424,0.71919,0.73755,0.7467,0.7587,0.7677
75.5,0.252986,0.01423,0.001423,0.23229,0.2413,0.2533,0.26245,0.28081,0.000276,0.00038,3.8e-5,0.0,0.0,0.0002,0.0004,0.0012,0.746738,0.01432,0.001432,0.71919,0.7373,0.7467,0.7587,0.7677,0.000276,0.00038,3.8e-5,0.0,0.0,0.0002,0.0004,0.0012,0.747014,0.01423,0.001423,0.71919,0.73755,0.7467,0.7587,0.7677
75.75,0.25298,0.01422,0.001422,0.23229,0.2413,0.2533,0.26245,0.28081,0.000266,0.00038,3.8e-5,0.0,0.0,0.0002,0.0004,0.00131,0.746754,0.01432,0.001432,0.71919,0.7373,0.7467,0.7587,0.7677,0.000266,0.00038,3.8e-5,0.0,0.0,0.0002,0.0004,0.00131,0.74702,0.01422,0.001422,0.71919,0.73755,0.7467,0.7587,0.7677
76.0,0.252974,0.01423,0.001423,0.23229,0.2413,0.2533,0.26245,0.28081,0.000246,0.00036,3.6e-5,0.0,0.0,0.0001,0.0004,0.00131,0.74678,0.01431,0.001431,0.71919,0.7373,0.7467,0.7587,0.7677,0.000246,0.00036,3.6e-5,0.0,0.0,0.0001,0.0004,0.00131,0.747026,0.01423,0.001423,0.71919,0.73755,0.7467,0.7587,0.7677
76.25,0.252972,0.01423,0.001423,0.23229,0.2413,0.2533,0.26245,0.28081,0.000232,0.00033,3.3e-5,0.0,0.0,0.0,0.0004,0.0012,0.746796,0.01432,0.001432,0.71919,0.7373,0.7467,0.7587,0.7677,0.000232,0.00033,3.3e-5,0.0,0.0,0.0,0.0004,0.0012,0.747028,0.01423,0.001423,0.71919,0.73755,0.7467,0.7587,0.7677
76.5,0.252964,0.01422,0.001422,0.23229,0.2413,0.2533,0.26245,0.28081,0.000232,0.00033,3.3e-5,0.0,0.0,0.0,0.0004,0.0012,0.746804,0.01431,0.001431,0.71919,0.7373,0.7467,0.7587,0.7677,0.000232,0.00033,3.3e-5,0.0,0.0,0.0,0.0004,0.0012,0.747036,0.01422,0.001422,0.71919,0.73755,0.7467,0.7587,0.7677
76.75,0.252962,0.01422,0.001422,0.23229,0.2413,0.2533,0.26245,0.28081,0.000222,0.00033,3.3e-5,0.0,0.0,0.0,0.0004,0.0012,0.746816,0.0143,0.00143,0.71919,0.73745,0.7467,0.7587,0.7677,0.000222,0.00033,3.3e-5,0.0,0.0,0.0,0.0004,0.0012,0.747038,0.01422,0.001422,0.71919,0.73755,0.7467,0.7587,0.7677
77.0,0.252962,0.01422,0.001422,0.23229,0.2413,0.2533,0.26245,0.28081,0.00019,0.00029,2.9e-5,0.0,0.0,0.0,0.0002,0.001,0.746848,0.01428,0.001428,0.71919,0.73745,0.7467,0.7587,0.7677,0.00019,0.00029,2.9e-5,0.0,0.0,0.0,0.0002,0.001,0.747038,0.01422,0.001422,0.71919,0.73755,0.7467,0.7587,0.7677
77.25,0.252958,0.01422,0.001422,0.23229,0.2413,0.2533,0.2624,0.28081,0.000184,0.00028,2.8e-5,0.0,0.0,0.0,0.0002,0.001,0.746858,0.01427,0.001427,0.71919,0.73745,0.7467,0.7587,0.7677,0.000184,0.00028,2.8e-5,0.0,0.0,0.0,0.0002,0.001,0.747042,0.01422,0.001422,0.71919,0.7376,0.7467,0.7587,0.7677
77.5,0.25295,0.01422,0.001422,0.23229,0.2413,0.2533,0.2624,0.28081,0.000184,0.00029,2.9e-5,0.0,0.0,0.0,0.0002,0.001,0.746866,0.01426,0.001426,0.71919,0.73745,0.7467,0.7587,0.7677,0.000184,0.00029,2.9e-5,0.0,0.0,0.0,0.0002,0.001,0.74705,0.01422,0.001422,0.71919,0.7376,0.7467,0.7587,0.7677
77.75,0.252948,0.01422,0.001422,0.23229,0.2413,0.2533,0.2624,0.28081,0.000178,0.00028,2.8e-5,0.0,0.0,0.0,0.0002,0.001,0.746874,0.01426,0.001426,0.71919,0.7375,0.7467,0.7587,0.7677,0.000178,0.00028,2.8e-5,0.0,0.0,0.0,0.0002,0.001,0.747052,0.01422,0.001422,0.71919,0.7376,0.7467,0.7587,0.7677
78.0,0.252944,0.01422,0.001422,0.23229,0.2413,0.2533,0.2624,0.28081,0.00017,0.00027,2.7e-5,0.0,0.0,0.0,0.0002,0.00091,0.746886,0.01426,0.001426,0.71919,0.7375,0.7467,0.7587,0.7677,0.00017,0.00027,2.7e-5,0.0,0.0,0.0,0.0002,0.00091,0.747056,0.01422,0.001422,0.71919,0.7376,0.7467,0.7587,0.7677
78.25,0.25294,0.01422,0.001422,0.23229,0.2413,0.2533,0.2624,0.28081,0.000172,0.00029,2.9e-5,0.0,0.0,0.0,0.0002,0.00091,0.746888,0.01426,0.001426,0.71919,0.7375,0.7467,0.7587,0.7677,0.000172,0.00029,2.9e-5,0.0,0.0,0.0,0.0002,0.00091,0.74706,0.01422,0.001422,0.71919,0.7376,0.7467,0.7587,0.7677
78.5,0.25293,0.01421,0.001421,0.23229,0.2413,0.2533,0.2624,0.28081,0.00017,0.00031,3.1e-5,0.0,0.0,0.0,0.0002,0.00091,0.7469,0.01425,0.001425,0.71919,0.7375,0.7467,0.7587,0.7677,0.00017,0.00031,3.1e-5,0.0,0.0,0.0,0.0002,0.00091,0.74707,0.01421,0.001421,0.71919,0.7376,0.7467,0.7587,0.7677
78.75,0.252922,0.01421,0.001421,0.23229,0.2413,0.2533,0.2624,0.28081,0.000172,0.00031,3.1e-5,0.0,0.0,0.0,0.0002,0.00091,0.746906,0.01425,0.001425,0.71919,0.7375,0.7467,0.7587,0.7677,0.000172,0.00031,3.1e-5,0.0,0.0,0.0,0.0002,0.00091,0.747078,0.01421,0.001421,0.71919,0.7376,0.7467,0.7587,0.7677
79.0,0.25292,0.01421,0.001421,0.23229,0.2413,0.2533,0.2624,0.28081,0.000164,0.00031,3.1e-5,0.0,0.0,0.0,0.0002,0.001,0.746916,0.01425,0.001425,0.71919,0.7375,0.7467,0.7587,0.7677,0.000164,0.00031,3.1e-5,0.0,0.0,0.0,0.0002,0.001,0.74708,0.01421,0.001421,0.71919,0.7376,0.7467,0.7587,0.7677
79.25,0.252914,0.0142,0.00142,0.23229,0.2413,0.2533,0.2624,0.28081,0.00015,0.00029,2.9e-5,0.0,0.0,0.0,0.0002,0.001,0.746936,0.01425,0.001425,0.71919,0.7375,0.7467,0.7587,0.7677,0.00015,0.00029,2.9e-5,0.0,0.0,0.0,0.0002,0.001,0.747086,0.0142,0.00142,0.71919,0.7376,0.7467,0.7587,0.7677
79.5,0.252908,0.0142,0.00142,0.23229,0.2413,0.2533,0.2624,0.28081,0.000144,0.0003,3.0e-5,0.0,0.0,0.0,0.0002,0.00091,0.746948,0.01424,0.001424,0.71919,0.7375,0.7467,0.7587,0.7677,0.000144,0.0003,3.0e-5,0.0,0.0,0.0,0.0002,0.00091,0.747092,0.0142,0.00142,0.71919,0.7376,0.7467,0.7587,0.7677
79.75,0.252904,0.0142,0.00142,0.23229,0.2413,0.2533,0.2624,0.28081,0.000146,0.00031,3.1e-5,0.0,0.0,0.0,0.0002,0.00091,0.74695,0.01425,0.001425,0.71919,0.7375,0.7467,0.7587,0.7677,0.000146,0.00031,3.1e-5,0.0,0.0,0.0,0.0002,0.00091,0.747096,0.0142,0.00142,0.71919,0.7376,0.7467,0.7587,0.7677
80.0,0.252902,0.01421,0.001421,0.23229,0.2413,0.2533,0.2624,0.28081,0.000134,0.00027,2.7e-5,0.0,0.0,0.0,0.0002,0.0008,0.746964,0.01424,0.001424,0.71919,0.7375,0.7467,0.7587,0.7677,0.000134,0.00027,2.7e-5,0.0,0.0,0.0,0.0002,0.0008,0.747098,0.01421,0.001421,0.71919,0.7376,0.7467,0.7587,0.7677
80.25,0.252896,0.01421,0.001421,0.23229,0.2413,0.2533,0.26225,0.28081,0.000134,0.00029,2.9e-5,0.0,0.0,0.0,0.0002,0.0008,0.74697,0.01424,0.001424,0.71919,0.7375,0.7467,0.7587,0.7677,0.000134,0.00029,2.9e-5,0.0,0.0,0.0,0.0002,0.0008,0.747104,0.01421,0.001421,0.71919,0.73775,0.7467,0.7587,0.7677
80.5,0.252886,0.01419,0.001419,0.23229,0.2413,0.2533,0.26225,0.28081,0.000132,0.00029,2.9e-5,0.0,0.0,0.0,0.0002,0.00091,0.746982,0.01423,0.001423,0.71919,0.7375,0.7467,0.7587,0.7677,0.000132,0.00029,2.9e-5,0.0,0.0,0.0,0.0002,0.00091,0.747114,0.01419,0.001419,0.71919,0.73775,0.7467,0.7587,0.7677
80.75,0.252886,0.01419,0.001419,0.23229,0.2413,0.2533,0.26225,0.28081,0.000128,0.00029,2.9e-5,0.0,0.0,0.0,0.0002,0.00091,0.746986,0.01422,0.001422,0.71919,0.73755,0.7467,0.7587,0.7677,0.000128,0.00029,2.9e-5,0.0,0.0,0.0,0.0002,0.00091,0.747114,0.01419,0.001419,0.71919,0.73775,0.7467,0.7587,0.7677
81.0,0.25288,0.01419,0.001419,0.23229,0.2413,0.2533,0.26225,0.28081,0.000126,0.00029,2.9e-5,0.0,0.0,0.0,0.0002,0.00101,0.746994,0.01423,0.001423,0.71919,0.73755,0.7467,0.7587,0.7677,0.000126,0.00029,2.9e-5,0.0,0.0,0.0,0.0002,0.00101,0.74712,0.01419,0.001419,0.71919,0.73775,0.7467,0.7587,0.7677
81.25,0.252874,0.01419,0.001419,0.23229,0.2413,0.2533,0.26225,0.28081,0.000124,0.00028,2.8e-5,0.0,0.0,0.0,0.0002,0.001,0.747002,0.01422,0.001422,0.71919,0.73755,0.7467,0.7587,0.7677,0.000124,0.00028,2.8e-5,0.0,0.0,0.0,0.0002,0.001,0.747126,0.01419,0.001419,0.71919,0.73775,0.7467,0.7587,0.7677
81.5,0.252874,0.01419,0.001419,0.23229,0.2413,0.2533,0.26225,0.28081,0.00011,0.00025,2.5e-5,0.0,0.0,0.0,0.0,0.00091,0.747016,0.01422,0.001422,0.71919,0.7376,0.7467,0.7587,0.7677,0.00011,0.00025,2.5e-5,0.0,0.0,0.0,0.0,0.00091,0.747126,0.01419,0.001419,0.71919,0.73775,0.7467,0.7587,0.7677
81.75,0.25287,0.01419,0.001419,0.23229,0.2413,0.2533,0.26225,0.28081,0.000104,0.00025,2.5e-5,0.0,0.0,0.0,0.0,0.00091,0.747026,0.01422,0.001422,0.71919,0.7376,0.7467,0.7587,0.7677,0.000104,0.00025,2.5e-5,0.0,0.0,0.0,0.0,0.00091,0.74713,0.01419,0.001419,0.71919,0.73775,0.7467,0.7587,0.7677
82.0,0.252866,0.01419,0.001419,0.23229,0.2413,0.2533,0.26225,0.28081,9.6e-5,0.00024,2.4e-5,0.0,0.0,0.0,0.0,0.001,0.747038,0.01422,0.001422,0.71919,0.7376,0.7467,0.7587,0.7677,9.6e-5,0.00024,2.4e-5,0.0,0.0,0.0,0.0,0.001,0.747134,0.01419,0.001419,0.71919,0.73775,0.7467,0.7587,0.7677
82.25,0.252864,0.01419,0.001419,0.23229,0.2413,0.2533,0.26225,0.28081,9.2e-5,0.00023,2.3e-5,0.0,0.0,0.0,0.0,0.001,0.747044,0.01422,0.001422,0.71919,0.7376,0.7467,0.7587,0.7677,9.2e-5,0.00023,2.3e-5,0.0,0.0,0.0,0.0,0.001,0.747136,0.01419,0.001419,0.71919,0.73775,0.7467,0.7587,0.7677
82.5,0.252862,0.01419,0.001419,0.23229,0.2413,0.2533,0.26225,0.28081,9.0e-5,0.00023,2.3e-5,0.0,0.0,0.0,0.0,0.001,0.747048,0.01422,0.001422,0.71919,0.7376,0.7467,0.7587,0.7677,9.0e-5,0.00023,2.3e-5,0.0,0.0,0.0,0.0,0.001,0.747138,0.01419,0.001419,0.71919,0.73775,0.7467,0.7587,0.7677
82.75,0.25286,0.01419,0.001419,0.23229,0.2413,0.2532,0.26225,0.28081,8.0e-5,0.00021,2.1e-5,0.0,0.0,0.0,0.0,0.00091,0.74706,0.01423,0.001423,0.71919,0.7376,0.7467,0.7587,0.7677,8.0e-5,0.00021,2.1e-5,0.0,0.0,0.0,0.0,0.00091,0.74714,0.01419,0.001419,0.71919,0.73775,0.7468,0.7587,0.7677
83.0,0.252858,0.01419,0.001419,0.23229,0.2413,0.2532,0.26225,0.28081,7.2e-5,0.00019,1.9e-5,0.0,0.0,0.0,0.0,0.0008,0.74707,0.01422,0.001422,0.71919,0.7376,0.7467,0.7587,0.7677,7.2e-5,0.00019,1.9e-5,0.0,0.0,0.0,0.0,0.0008,0.747142,0.01419,0.001419,0.71919,0.73775,0.7468,0.7587,0.7677
83.25,0.252858,0.01419,0.001419,0.23229,0.2413,0.2532,0.26225,0.28081,6.2e-5,0.00017,1.7e-5,0.0,0.0,0.0,0.0,0.00071,0.74708,0.01422,0.001422,0.71919,0.73775,0.7467,0.7587,0.7677,6.2e-5,0.00017,1.7e-5,0.0,0.0,0.0,0.0,0.00071,0.747142,0.01419,0.001419,0.71919,0.73775,0.7468,0.7587,0.7677
83.5,0.252858,0.01419,0.001419,0.23229,0.2413,0.2532,0.26225,0.28081,5.4e-5,0.00015,1.5e-5,0.0,0.0,0.0,0.0,0.0004,0.747088,0.01422,0.001422,0.71919,0.73775,0.7467,0.7587,0.7677,5.4e-5,0.00015,1.5e-5,0.0,0.0,0.0,0.0,0.0004,0.747142,0.01419,0.001419,0.71919,0.73775,0.7468,0.7587,0.7677
83.75,0.252858,0.01419,0.001419,0.23229,0.2413,0.2532,0.26225,0.28081,5.2e-5,0.00015,1.5e-5,0.0,0.0,0.0,0.0,0.0004,0.74709,0.01422,0.001422,0.71919,0.73775,0.7467,0.7587,0.7677,5.2e-5,0.00015,1.5e-5,0.0,0.0,0.0,0.0,0.0004,0.747142,0.01419,0.001419,0.71919,0.73775,0.7468,0.7587,0.7677
84.0,0.252858,0.01419,0.001419,0.23229,0.2413,0.2532,0.26225,0.28081,4.8e-5,0.00015,1.5e-5,0.0,0.0,0.0,0.0,0.0004,0.747094,0.01421,0.001421,0.71919,0.73775,0.7467,0.7587,0.7677,4.8e-5,0.00015,1.5e-5,0.0,0.0,0.0,0.0,0.0004,0.747142,0.01419,0.001419,0.71919,0.73775,0.7468,0.7587,0.7677
84.25,0.252858,0.01419,0.001419,0.23229,0.2413,0.2532,0.26225,0.28081,4.6e-5,0.00014,1.4e-5,0.0,0.0,0.0,0.0,0.0004,0.747096,0.01421,0.001421,0.71919,0.73775,0.7467,0.7587,0.7677,4.6e-5,0.00014,1.4e-5,0.0,0.0,0.0,0.0,0.0004,0.747142,0.01419,0.001419,0.71919,0.73775,0.7468,0.7587,0.7677
84.5,0.252854,0.01419,0.001419,0.23229,0.2413,0.2532,0.26225,0.28081,4.2e-5,0.00015,1.5e-5,0.0,0.0,0.0,0.0,0.0004,0.747104,0.01421,0.001421,0.71919,0.73775,0.7468,0.7587,0.7677,4.2e-5,0.00015,1.5e-5,0.0,0.0,0.0,0.0,0.0004,0.747146,0.01419,0.001419,0.71919,0.73775,0.7468,0.7587,0.7677
84.75,0.252854,0.01419,0.001419,0.23229,0.2413,0.2532,0.26225,0.28081,3.6e-5,0.00012,1.2e-5,0.0,0.0,0.0,0.0,0.0004,0.74711,0.01421,0.001421,0.71919,0.73775,0.7468,0.7587,0.7677,3.6e-5,0.00012,1.2e-5,0.0,0.0,0.0,0.0,0.0004,0.747146,0.01419,0.001419,0.71919,0.73775,0.7468,0.7587,0.7677
85.0,0.252854,0.01419,0.001419,0.23229,0.2413,0.2532,0.26225,0.28081,3.6e-5,0.00012,1.2e-5,0.0,0.0,0.0,0.0,0.0004,0.74711,0.01421,0.001421,0.71919,0.73775,0.7468,0.7587,0.7677,3.6e-5,0.00012,1.2e-5,0.0,0.0,0.0,0.0,0.0004,0.747146,0.01419,0.001419,0.71919,0.73775,0.7468,0.7587,0.7677
85.25,0.252854,0.01419,0.001419,0.23229,0.2413,0.2532,0.26225,0.28081,3.4e-5,0.00011,1.1e-5,0.0,0.0,0.0,0.0,0.0004,0.747112,0.01421,0.001421,0.71919,0.73775,0.7468,0.7587,0.7677,3.4e-5,0.00011,1.1e-5,0.0,0.0,0.0,0.0,0.0004,0.747146,0.01419,0.001419,0.71919,0.73775,0.7468,0.7587,0.7677
85.5,0.252852,0.01419,0.001419,0.23229,0.2413,0.2532,0.26225,0.28081,3.2e-5,0.0001,1.0e-5,0.0,0.0,0.0,0.0,0.0004,0.747116,0.0142,0.00142,0.71919,0.73775,0.7468,0.7587,0.7677,3.2e-5,0.0001,1.0e-5,0.0,0.0,0.0,0.0,0.0004,0.747148,0.01419,0.001419,0.71919,0.73775,0.7468,0.7587,0.7677
85.75,0.252852,0.01419,0.001419,0.23229,0.2413,0.2532,0.26225,0.28081,2.6e-5,8.0e-5,8.0e-6,0.0,0.0,0.0,0.0,0.00031,0.747122,0.0142,0.00142,0.71919,0.73775,0.7468,0.7587,0.7677,2.6e-5,8.0e-5,8.0e-6,0.0,0.0,0.0,0.0,0.00031,0.747148,0.01419,0.001419,0.71919,0.73775,0.7468,0.7587,0.7677
86.0,0.25285,0.01418,0.001418,0.23229,0.2413,0.2532,0.26225,0.28081,2.8e-5,9.0e-5,9.0e-6,0.0,0.0,0.0,0.0,0.0004,0.747122,0.0142,0.00142,0.71919,0.73775,0.7468,0.7587,0.7677,2.8e-5,9.0e-5,9.0e-6,0.0,0.0,0.0,0.0,0.0004,0.74715,0.01418,0.001418,0.71919,0.73775,0.7468,0.7587,0.7677
86.25,0.25285,0.01418,0.001418,0.23229,0.2413,0.2532,0.26225,0.28081,2.6e-5,8.0e-5,8.0e-6,0.0,0.0,0.0,0.0,0.00031,0.747124,0.0142,0.00142,0.71919,0.73775,0.7468,0.7587,0.7677,2.6e-5,8.0e-5,8.0e-6,0.0,0.0,0.0,0.0,0.00031,0.74715,0.01418,0.001418,0.71919,0.73775,0.7468,0.7587,0.7677
86.5,0.25285,0.01418,0.001418,0.23229,0.2413,0.2532,0.26225,0.28081,2.4e-5,8.0e-5,8.0e-6,0.0,0.0,0.0,0.0,0.0002,0.747126,0.01419,0.001419,0.71919,0.73775,0.7468,0.7587,0.7677,2.4e-5,8.0e-5,8.0e-6,0.0,0.0,0.0,0.0,0.0002,0.74715,0.01418,0.001418,0.71919,0.73775,0.7468,0.7587,0.7677
86.75,0.25285,0.01418,0.001418,0.23229,0.2413,0.2532,0.26225,0.28081,2.2e-5,7.0e-5,7.0e-6,0.0,0.0,0.0,0.0,0.0002,0.747128,0.01419,0.001419,0.71919,0.73775,0.7468,0.7587,0.7677,2.2e-5,7.0e-5,7.0e-6,0.0,0.0,0.0,0.0,0.0002,0.74715,0.01418,0.001418,0.71919,0.73775,0.7468,0.7587,0.7677
87.0,0.25285,0.01418,0.001418,0.23229,0.2413,0.2532,0.26225,0.28081,2.2e-5,7.0e-5,7.0e-6,0.0,0.0,0.0,0.0,0.0002,0.747128,0.01419,0.001419,0.71919,0.73775,0.7468,0.7587,0.7677,2.2e-5,7.0e-5,7.0e-6,0.0,0.0,0.0,0.0,0.0002,0.74715,0.01418,0.001418,0.71919,0.73775,0.7468,0.7587,0.7677
87.25,0.252848,0.01418,0.001418,0.23229,0.2413,0.2532,0.26225,0.28081,2.2e-5,7.0e-5,7.0e-6,0.0,0.0,0.0,0.0,0.0002,0.74713,0.01419,0.001419,0.71919,0.73775,0.7468,0.7587,0.7677,2.2e-5,7.0e-5,7.0e-6,0.0,0.0,0.0,0.0,0.0002,0.747152,0.01418,0.001418,0.71919,0.73775,0.7468,0.7587,0.7677
87.5,0.252848,0.01418,0.001418,0.23229,0.2413,0.2532,0.26225,0.28081,1.8e-5,7.0e-5,7.0e-6,0.0,0.0,0.0,0.0,0.0002,0.747134,0.01419,0.001419,0.71919,0.73775,0.7468,0.7587,0.7677,1.8e-5,7.0e-5,7.0e-6,0.0,0.0,0.0,0.0,0.0002,0.747152,0.01418,0.001418,0.71919,0.73775,0.7468,0.7587,0.7677
87.75,0.252848,0.01418,0.001418,0.23229,0.2413,0.2532,0.26225,0.28081,1.8e-5,7.0e-5,7.0e-6,0.0,0.0,0.0,0.0,0.0002,0.747134,0.01419,0.001419,0.71919,0.73775,0.7468,0.7587,0.7677,1.8e-5,7.0e-5,7.0e-6,0.0,0.0,0.0,0.0,0.0002,0.747152,0.01418,0.001418,0.71919,0.73775,0.7468,0.7587,0.7677
88.0,0.252848,0.01418,0.001418,0.23229,0.2413,0.2532,0.26225,0.28081,1.6e-5,6.0e-5,6.0e-6,0.0,0.0,0.0,0.0,0.0002,0.747136,0.01419,0.001419,0.71919,0.73775,0.7468,0.7587,0.7677,1.6e-5,6.0e-5,6.0e-6,0.0,0.0,0.0,0.0,0.0002,0.747152,0.01418,0.001418,0.71919,0.73775,0.7468,0.7587,0.7677
88.25,0.252848,0.01418,0.001418,0.23229,0.2413,0.2532,0.26225,0.28081,1.6e-5,6.0e-5,6.0e-6,0.0,0.0,0.0,0.0,0.0002,0.747136,0.01419,0.001419,0.71919,0.73775,0.7468,0.7587,0.7677,1.6e-5,6.0e-5,6.0e-6,0.0,0.0,0.0,0.0,0.0002,0.747152,0.01418,0.001418,0.71919,0.73775,0.7468,0.7587,0.7677
88.5,0.252848,0.01418,0.001418,0.23229,0.2413,0.2532,0.26225,0.28081,1.6e-5,6.0e-5,6.0e-6,0.0,0.0,0.0,0.0,0.0002,0.747136,0.01419,0.001419,0.71919,0.73775,0.7468,0.7587,0.7677,1.6e-5,6.0e-5,6.0e-6,0.0,0.0,0.0,0.0,0.0002,0.747152,0.01418,0.001418,0.71919,0.73775,0.7468,0.7587,0.7677
88.75,0.252848,0.01418,0.001418,0.23229,0.2413,0.2532,0.26225,0.28081,1.6e-5,6.0e-5,6.0e-6,0.0,0.0,0.0,0.0,0.0002,0.747136,0.01419,0.001419,0.71919,0.73775,0.7468,0.7587,0.7677,1.6e-5,6.0e-5,6.0e-6,0.0,0.0,0.0,0.0,0.0002,0.747152,0.01418,0.001418,0.71919,0.73775,0.7468,0.7587,0.7677
89.0,0.252848,0.01418,0.001418,0.23229,0.2413,0.2532,0.26225,0.28081,1.4e-5,6.0e-5,6.0e-6,0.0,0.0,0.0,0.0,0.0002,0.747138,0.01419,0.001419,0.71919,0.73775,0.7468,0.7587,0.7677,1.4e-5,6.0e-5,6.0e-6,0.0,0.0,0.0,0.0,0.0002,0.747152,0.01418,0.001418,0.71919,0.73775,0.7468,0.7587,0.7677
89.25,0.252848,0.01418,0.001418,0.23229,0.2413,0.2532,0.26225,0.28081,1.4e-5,6.0e-5,6.0e-6,0.0,0.0,0.0,0.0,0.0002,0.747138,0.01419,0.001419,0.71919,0.73775,0.7468,0.7587,0.7677,1.4e-5,6.0e-5,6.0e-6,0.0,0.0,0.0,0.0,0.0002,0.747152,0.01418,0.001418,0.71919,0.73775,0.7468,0.7587,0.7677
89.5,0.252848,0.01418,0.001418,0.23229,0.2413,0.2532,0.26225,0.28081,1.2e-5,6.0e-5,6.0e-6,0.0,0.0,0.0,0.0,0.0002,0.74714,0.01419,0.001419,0.71919,0.73775,0.7468,0.7587,0.7677,1.2e-5,6.0e-5,6.0e-6,0.0,0.0,0.0,0.0,0.0002,0.747152,0.01418,0.001418,0.71919,0.73775,0.7468,0.7587,0.7677
89.75,0.252848,0.01418,0.001418,0.23229,0.2413,0.2532,0.26225,0.28081,1.2e-5,6.0e-5,6.0e-6,0.0,0.0,0.0,0.0,0.0002,0.74714,0.01419,0.001419,0.71919,0.73775,0.7468,0.7587,0.7677,1.2e-5,6.0e-5,6.0e-6,0.0,0.0,0.0,0.0,0.0002,0.747152,0.01418,0.001418,0.71919,0.73775,0.7468,0.7587,0.7677
90.0,0.252848,0.01418,0.001418,0.23229,0.2413,0.2532,0.26225,0.28081,1.0e-5,4.0e-5,4.0e-6,0.0,0.0,0.0,0.0,0.0002,0.747142,0.01419,0.001419,0.71919,0.73775,0.7468,0.7587,0.7677,1.0e-5,4.0e-5,4.0e-6,0.0,0.0,0.0,0.0,0.0002,0.747152,0.01418,0.001418,0.71919,0.73775,0.7468,0.7587,0.7677
90.25,0.252848,0.01418,0.001418,0.23229,0.2413,0.2532,0.26225,0.28081,1.0e-5,4.0e-5,4.0e-6,0.0,0.0,0.0,0.0,0.0002,0.747142,0.01419,0.001419,0.71919,0.73775,0.7468,0.7587,0.7677,1.0e-5,4.0e-5,4.0e-6,0.0,0.0,0.0,0.0,0.0002,0.747152,0.01418,0.001418,0.71919,0.73775,0.7468,0.7587,0.7677
90.5,0.252848,0.01418,0.001418,0.23229,0.2413,0.2532,0.26225,0.28081,1.0e-5,4.0e-5,4.0e-6,0.0,0.0,0.0,0.0,0.0002,0.747142,0.01419,0.001419,0.71919,0.73775,0.7468,0.7587,0.7677,1.0e-5,4.0e-5,4.0e-6,0.0,0.0,0.0,0.0,0.0002,0.747152,0.01418,0.001418,0.71919,0.73775,0.7468,0.7587,0.7677
90.75,0.252848,0.01418,0.001418,0.23229,0.2413,0.2532,0.26225,0.28081,6.0e-6,3.0e-5,3.0e-6,0.0,0.0,0.0,0.0,0.00011,0.747146,0.01418,0.001418,0.71919,0.73775,0.7468,0.7587,0.7677,6.0e-6,3.0e-5,3.0e-6,0.0,0.0,0.0,0.0,0.00011,0.747152,0.01418,0.001418,0.71919,0.73775,0.7468,0.7587,0.7677
91.0,0.252848,0.01418,0.001418,0.23229,0.2413,0.2532,0.26225,0.28081,6.0e-6,3.0e-5,3.0e-6,0.0,0.0,0.0,0.0,0.00011,0.747146,0.01418,0.001418,0.71919,0.73775,0.7468,0.7587,0.7677,6.0e-6,3.0e-5,3.0e-6,0.0,0.0,0.0,0.0,0.00011,0.747152,0.01418,0.001418,0.71919,0.73775,0.7468,0.7587,0.7677
91.25,0.252848,0.01418,0.001418,0.23229,0.2413,0.2532,0.26225,0.28081,6.0e-6,3.0e-5,3.0e-6,0.0,0.0,0.0,0.0,0.00011,0.747146,0.01418,0.001418,0.71919,0.73775,0.7468,0.7587,0.7677,6.0e-6,3.0e-5,3.0e-6,0.0,0.0,0.0,0.0,0.00011,0.747152,0.01418,0.001418,0.71919,0.73775,0.7468,0.7587,0.7677
91.5,0.252848,0.01418,0.001418,0.23229,0.2413,0.2532,0.26225,0.28081,6.0e-6,3.0e-5,3.0e-6,0.0,0.0,0.0,0.0,0.00011,0.747146,0.01418,0.001418,0.71919,0.73775,0.7468,0.7587,0.7677,6.0e-6,3.0e-5,3.0e-6,0.0,0.0,0.0,0.0,0.00011,0.747152,0.01418,0.001418,0.71919,0.73775,0.7468,0.7587,0.7677
91.75,0.252848,0.01418,0.001418,0.23229,0.2413,0.2532,0.26225,0.28081,4.0e-6,3.0e-5,3.0e-6,0.0,0.0,0.0,0.0,0.0,0.747148,0.01418,0.001418,0.71919,0.73775,0.7468,0.7587,0.7677,4.0e-6,3.0e-5,3.0e-6,0.0,0.0,0.0,0.0,0.0,0.747152,0.01418,0.001418,0.71919,0.73775,0.7468,0.7587,0.7677
92.0,0.252848,0.01418,0.001418,0.23229,0.2413,0.2532,0.26225,0.28081,4.0e-6,3.0e-5,3.0e-6,0.0,0.0,0.0,0.0,0.0,0.747148,0.01418,0.001418,0.71919,0.73775,0.7468,0.7587,0.7677,4.0e-6,3.0e-5,3.0e-6,0.0,0.0,0.0,0.0,0.0,0.747152,0.01418,0.001418,0.71919,0.73775,0.7468,0.7587,0.7677
92.25,0.252848,0.01418,0.001418,0.23229,0.2413,0.2532,0.26225,0.28081,4.0e-6,3.0e-5,3.0e-6,0.0,0.0,0.0,0.0,0.0,0.747148,0.01418,0.001418,0.71919,0.73775,0.7468,0.7587,0.7677,4.0e-6,3.0e-5,3.0e-6,0.0,0.0,0.0,0.0,0.0,0.747152,0.01418,0.001418,0.71919,0.73775,0.7468,0.7587,0.7677
92.5,0.252848,0.01418,0.001418,0.23229,0.2413,0.2532,0.26225,0.28081,4.0e-6,3.0e-5,3.0e-6,0.0,0.0,0.0,0.0,0.0,0.747148,0.01418,0.001418,0.71919,0.73775,0.7468,0.7587,0.7677,4.0e-6,3.0e-5,3.0e-6,0.0,0.0,0.0,0.0,0.0,0.747152,0.01418,0.001418,0.71919,0.73775,0.7468,0.7587,0.7677
92.75,0.252848,0.01418,0.001418,0.23229,0.2413,0.2532,0.26225,0.28081,4.0e-6,3.0e-5,3.0e-6,0.0,0.0,0.0,0.0,0.0,0.747148,0.01418,0.001418,0.71919,0.73775,0.7468,0.7587,0.7677,4.0e-6,3.0e-5,3.0e-6,0.0,0.0,0.0,0.0,0.0,0.747152,0.01418,0.001418,0.71919,0.73775,0.7468,0.7587,0.7677
93.0,0.252848,0.01418,0.001418,0.23229,0.2413,0.2532,0.26225,0.28081,4.0e-6,3.0e-5,3.0e-6,0.0,0.0,0.0,0.0,0.0,0.747148,0.01418,0.001418,0.71919,0.73775,0.7468,0.7587,0.7677,4.0e-6,3.0e-5,3.0e-6,0.0,0.0,0.0,0.0,0.0,0.747152,0.01418,0.001418,0.71919,0.73775,0.7468,0.7587,0.7677
93.25,0.252848,0.01418,0.001418,0.23229,0.2413,0.2532,0.26225,0.28081,4.0e-6,3.0e-5,3.0e-6,0.0,0.0,0.0,0.0,0.0,0.747148,0.01418,0.001418,0.71919,0.73775,0.7468,0.7587,0.7677,4.0e-6,3.0e-5,3.0e-6,0.0,0.0,0.0,0.0,0.0,0.747152,0.01418,0.001418,0.71919,0.73775,0.7468,0.7587,0.7677
93.5,0.252848,0.01418,0.001418,0.23229,0.2413,0.2532,0.26225,0.28081,4.0e-6,3.0e-5,3.0e-6,0.0,0.0,0.0,0.0,0.0,0.747148,0.01418,0.001418,0.71919,0.73775,0.7468,0.7587,0.7677,4.0e-6,3.0e-5,3.0e-6,0.0,0.0,0.0,0.0,0.0,0.747152,0.01418,0.001418,0.71919,0.73775,0.7468,0.7587,0.7677
93.75,0.252846,0.01418,0.001418,0.23229,0.24115,0.2532,0.26225,0.28081,6.0e-6,4.0e-5,4.0e-6,0.0,0.0,0.0,0.0,0.0,0.747148,0.01418,0.001418,0.71919,0.73775,0.7468,0.7587,0.7677,6.0e-6,4.0e-5,4.0e-6,0.0,0.0,0.0,0.0,0.0,0.747154,0.01418,0.001418,0.71919,0.73775,0.7468,0.75885,0.7677
94.0,0.252846,0.01418,0.001418,0.23229,0.24115,0.2532,0.26225,0.28081,6.0e-6,4.0e-5,4.0e-6,0.0,0.0,0.0,0.0,0.0,0.747148,0.01418,0.001418,0.71919,0.73775,0.7468,0.7587,0.7677,6.0e-6,4.0e-5,4.0e-6,0.0,0.0,0.0,0.0,0.0,0.747154,0.01418,0.001418,0.71919,0.73775,0.7468,0.75885,0.7677
94.25,0.252846,0.01418,0.001418,0.23229,0.24115,0.2532,0.26225,0.28081,6.0e-6,4.0e-5,4.0e-6,0.0,0.0,0.0,0.0,0.0,0.747148,0.01418,0.001418,0.71919,0.73775,0.7468,0.7587,0.7677,6.0e-6,4.0e-5,4.0e-6,0.0,0.0,0.0,0.0,0.0,0.747154,0.01418,0.001418,0.71919,0.73775,0.7468,0.75885,0.7677
94.5,0.252844,0.01418,0.001418,0.23229,0.24115,0.2532,0.26225,0.28081,8.0e-6,6.0e-5,6.0e-6,0.0,0.0,0.0,0.0,0.0,0.747148,0.01418,0.001418,0.71919,0.73775,0.7468,0.7587,0.7677,8.0e-6,6.0e-5,6.0e-6,0.0,0.0,0.0,0.0,0.0,0.747156,0.01418,0.001418,0.71919,0.73775,0.7468,0.75885,0.7677
94.75,0.252844,0.01418,0.001418,0.23229,0.24115,0.2532,0.26225,0.28081,6.0e-6,4.0e-5,4.0e-6,0.0,0.0,0.0,0.0,0.0,0.74715,0.01418,0.001418,0.71919,0.73775,0.7468,0.7587,0.7677,6.0e-6,4.0e-5,4.0e-6,0.0,0.0,0.0,0.0,0.0,0.747156,0.01418,0.001418,0.71919,0.73775,0.7468,0.75885,0.7677
95.0,0.252844,0.01418,0.001418,0.23229,0.24115,0.2532,0.26225,0.28081,4.0e-6,3.0e-5,3.0e-6,0.0,0.0,0.0,0.0,0.0,0.747152,0.01418,0.001418,0.71919,0.73775,0.7468,0.7587,0.7677,4.0e-6,3.0e-5,3.0e-6,0.0,0.0,0.0,0.0,0.0,0.747156,0.01418,0.001418,0.71919,0.73775,0.7468,0.75885,0.7677
95.25,0.252844,0.01418,0.001418,0.23229,0.24115,0.2532,0.26225,0.28081,4.0e-6,3.0e-5,3.0e-6,0.0,0.0,0.0,0.0,0.0,0.747152,0.01418,0.001418,0.71919,0.73775,0.7468,0.7587,0.7677,4.0e-6,3.0e-5,3.0e-6,0.0,0.0,0.0,0.0,0.0,0.747156,0.01418,0.001418,0.71919,0.73775,0.7468,0.75885,0.7677
95.5,0.252844,0.01418,0.001418,0.23229,0.24115,0.2532,0.26225,0.28081,4.0e-6,3.0e-5,3.0e-6,0.0,0.0,0.0,0.0,0.0,0.747152,0.01418,0.001418,0.71919,0.73775,0.7468,0.7587,0.7677,4.0e-6,3.0e-5,3.0e-6,0.0,0.0,0.0,0.0,0.0,0.747156,0.01418,0.001418,0.71919,0.73775,0.7468,0.75885,0.7677
95.75,0.252844,0.01418,0.001418,0.23229,0.24115,0.2532,0.26225,0.28081,4.0e-6,3.0e-5,3.0e-6,0.0,0.0,0.0,0.0,0.0,0.747152,0.01418,0.001418,0.71919,0.73775,0.7468,0.7587,0.7677,4.0e-6,3.0e-5,3.0e-6,0.0,0.0,0.0,0.0,0.0,0.747156,0.01418,0.001418,0.71919,0.73775,0.7468,0.75885,0.7677
96.0,0.252844,0.01418,0.001418,0.23229,0.24115,0.2532,0.26225,0.28081,4.0e-6,3.0e-5,3.0e-6,0.0,0.0,0.0,0.0,0.0,0.747152,0.01418,0.001418,0.71919,0.73775,0.7468,0.7587,0.7677,4.0e-6,3.0e-5,3.0e-6,0.0,0.0,0.0,0.0,0.0,0.747156,0.01418,0.001418,0.71919,0.73775,0.7468,0.75885,0.7677
96.25,0.252844,0.01418,0.001418,0.23229,0.24115,0.2532,0.26225,0.28081,4.0e-6,3.0e-5,3.0e-6,0.0,0.0,0.0,0.0,0.0,0.747152,0.01418,0.001418,0.71919,0.73775,0.7468,0.7587,0.7677,4.0e-6,3.0e-5,3.0e-6,0.0,0.0,0.0,0.0,0.0,0.747156,0.01418,0.001418,0.71919,0.73775,0.7468,0.75885,0.7677
96.5,0.252842,0.01418,0.001418,0.23229,0.241,0.2532,0.26225,0.28081,6.0e-6,4.0e-5,4.0e-6,0.0,0.0,0.0,0.0,0.0,0.747152,0.01418,0.001418,0.71919,0.73775,0.7468,0.7587,0.7677,6.0e-6,4.0e-5,4.0e-6,0.0,0.0,0.0,0.0,0.0,0.747158,0.01418,0.001418,0.71919,0.73775,0.7468,0.759,0.7677
96.75,0.252842,0.01418,0.001418,0.23229,0.241,0.2532,0.26225,0.28081,6.0e-6,4.0e-5,4.0e-6,0.0,0.0,0.0,0.0,0.0,0.747152,0.01418,0.001418,0.71919,0.73775,0.7468,0.7587,0.7677,6.0e-6,4.0e-5,4.0e-6,0.0,0.0,0.0,0.0,0.0,0.747158,0.01418,0.001418,0.71919,0.73775,0.7468,0.759,0.7677
97.0,0.252842,0.01418,0.001418,0.23229,0.241,0.2532,0.26225,0.28081,6.0e-6,4.0e-5,4.0e-6,0.0,0.0,0.0,0.0,0.0,0.747152,0.01418,0.001418,0.71919,0.73775,0.7468,0.7587,0.7677,6.0e-6,4.0e-5,4.0e-6,0.0,0.0,0.0,0.0,0.0,0.747158,0.01418,0.001418,0.71919,0.73775,0.7468,0.759,0.7677
97.25,0.252842,0.01418,0.001418,0.23229,0.241,0.2532,0.26225,0.28081,6.0e-6,4.0e-5,4.0e-6,0.0,0.0,0.0,0.0,0.0,0.747152,0.01418,0.001418,0.71919,0.73775,0.7468,0.7587,0.7677,6.0e-6,4.0e-5,4.0e-6,0.0,0.0,0.0,0.0,0.0,0.747158,0.01418,0.001418,0.71919,0.73775,0.7468,0.759,0.7677
97.5,0.252842,0.01418,0.001418,0.23229,0.241,0.2532,0.26225,0.28081,6.0e-6,4.0e-5,4.0e-6,0.0,0.0,0.0,0.0,0.0,0.747152,0.01418,0.001418,0.71919,0.73775,0.7468,0.7587,0.7677,6.0e-6,4.0e-5,4.0e-6,0.0,0.0,0.0,0.0,0.0,0.747158,0.01418,0.001418,0.71919,0.73775,0.7468,0.759,0.7677
97.75,0.252842,0.01418,0.001418,0.23229,0.241,0.2532,0.26225,0.28081,6.0e-6,4.0e-5,4.0e-6,0.0,0.0,0.0,0.0,0.0,0.747152,0.01418,0.001418,0.71919,0.73775,0.7468,0.7587,0.7677,6.0e-6,4.0e-5,4.0e-6,0.0,0.0,0.0,0.0,0.0,0.747158,0.01418,0.001418,0.71919,0.73775,0.7468,0.759,0.7677
98.0,0.252842,0.01418,0.001418,0.23229,0.241,0.2532,0.26225,0.28081,6.0e-6,4.0e-5,4.0e-6,0.0,0.0,0.0,0.0,0.0,0.747152,0.01418,0.001418,0.71919,0.73775,0.7468,0.7587,0.7677,6.0e-6,4.0e-5,4.0e-6,0.0,0.0,0.0,0.0,0.0,0.747158,0.01418,0.001418,0.71919,0.73775,0.7468,0.759,0.7677
98.25,0.25284,0.01418,0.001418,0.23229,0.241,0.2532,0.26225,0.28081,8.0e-6,6.0e-5,6.0e-6,0.0,0.0,0.0,0.0,0.0,0.747152,0.01418,0.001418,0.71919,0.73775,0.7468,0.7587,0.7677,8.0e-6,6.0e-5,6.0e-6,0.0,0.0,0.0,0.0,0.0,0.74716,0.01418,0.001418,0.71919,0.73775,0.7468,0.759,0.7677
98.5,0.25284,0.01418,0.001418,0.23229,0.241,0.2532,0.26225,0.28081,6.0e-6,4.0e-5,4.0e-6,0.0,0.0,0.0,0.0,0.0,0.747154,0.01418,0.001418,0.71919,0.73775,0.7468,0.75885,0.7677,6.0e-6,4.0e-5,4.0e-6,0.0,0.0,0.0,0.0,0.0,0.74716,0.01418,0.001418,0.71919,0.73775,0.7468,0.759,0.7677
98.75,0.25284,0.01418,0.001418,0.23229,0.241,0.2532,0.26225,0.28081,6.0e-6,4.0e-5,4.0e-6,0.0,0.0,0.0,0.0,0.0,0.747154,0.01418,0.001418,0.71919,0.73775,0.7468,0.75885,0.7677,6.0e-6,4.0e-5,4.0e-6,0.0,0.0,0.0,0.0,0.0,0.74716,0.01418,0.001418,0.71919,0.73775,0.7468,0.759,0.7677
99.0,0.25284,0.01418,0.001418,0.23229,0.241,0.2532,0.26225,0.28081,6.0e-6,4.0e-5,4.0e-6,0.0,0.0,0.0,0.0,0.0,0.747154,0.01418,0.001418,0.71919,0.73775,0.7468,0.75885,0.7677,6.0e-6,4.0e-5,4.0e-6,0.0,0.0,0.0,0.0,0.0,0.74716,0.01418,0.001418,0.71919,0.73775,0.7468,0.759,0.7677
99.25,0.25284,0.01418,0.001418,0.23229,0.241,0.2532,0.26225,0.28081,6.0e-6,4.0e-5,4.0e-6,0.0,0.0,0.0,0.0,0.0,0.747154,0.01418,0.001418,0.71919,0.73775,0.7468,0.75885,0.7677,6.0e-6,4.0e-5,4.0e-6,0.0,0.0,0.0,0.0,0.0,0.74716,0.01418,0.001418,0.71919,0.73775,0.7468,0.759,0.7677
99.5,0.25284,0.01418,0.001418,0.23229,0.241,0.2532,0.26225,0.28081,6.0e-6,4.0e-5,4.0e-6,0.0,0.0,0.0,0.0,0.0,0.747154,0.01418,0.001418,0.71919,0.73775,0.7468,0.75885,0.7677,6.0e-6,4.0e-5,4.0e-6,0.0,0.0,0.0,0.0,0.0,0.74716,0.01418,0.001418,0.71919,0.73775,0.7468,0.759,0.7677
99.75,0.25284,0.01418,0.001418,0.23229,0.241,0.2532,0.26225,0.28081,6.0e-6,4.0e-5,4.0e-6,0.0,0.0,0.0,0.0,0.0,0.747154,0.01418,0.001418,0.71919,0.73775,0.7468,0.75885,0.7677,6.0e-6,4.0e-5,4.0e-6,0.0,0.0,0.0,0.0,0.0,0.74716,0.01418,0.001418,0.71919,0.73775,0.7468,0.759,0.7677
100.0,0.25284,0.01418,0.001418,0.23229,0.241,0.2532,0.26225,0.28081,6.0e-6,4.0e-5,4.0e-6,0.0,0.0,0.0,0.0,0.0,0.747154,0.01418,0.001418,0.71919,0.73775,0.7468,0.75885,0.7677,6.0e-6,4.0e-5,4.0e-6,0.0,0.0,0.0,0.0,0.0,0.74716,0.01418,0.001418,0.71919,0.73775,0.7468,0.759,0.7677
