t,cond.S.mean,cond.S.sd,cond.S.se,cond.S.q025,cond.S.q25,cond.S.q50,cond.S.q75,cond.S.q975,cond.I.mean,cond.I.sd,cond.I.se,cond.I.q025,cond.I.q25,cond.I.q50,cond.I.q75,cond.I.q975,cond.R.mean,cond.R.sd,cond.R.se,cond.R.q025,cond.R.q25,cond.R.q50,cond.R.q75,cond.R.q975,cond.infectious.mean,cond.infectious.sd,cond.infectious.se,cond.infectious.q025,cond.infectious.q25,cond.infectious.q50,cond.infectious.q75,cond.infectious.q975,cond.cumulative.mean,cond.cumulative.sd,cond.cumulative.se,cond.cumulative.q025,cond.cumulative.q25,cond.cumulative.q50,cond.cumulative.q75,cond.cumulative.q975
0.0,0.99,0.0,0.0,0.99,0.99,0.99,0.99,0.99,0.01,0.0,0.0,0.01,0.01,0.01,0.01,0.01,0.0,0.0,0.0,0.0,0.0,0.0,0.0,0.0,0.01,0.0,0.0,0.01,0.01,0.01,0.01,0.01,0.01,0.0,0.0,0.01,0.01,0.01,0.01,0.01
0.25,0.988784,0.0005,5.0e-5,0.9878,0.98855,0.9888,0.9892,0.9896,0.010578,0.00061,6.1e-5,0.0096,0.0102,0.0106,0.011,0.0116,0.000638,0.00032,3.2e-5,0.0002,0.0004,0.0006,0.0008,0.0014,0.010578,0.00061,6.1e-5,0.0096,0.0102,0.0106,0.011,0.0116,0.011216,0.0005,5.0e-5,0.0104,0.0108,0.0112,0.01145,0.0122
0.5,0.98748,0.00074,7.4e-5,0.9861,0.987,0.9875,0.988,0.9888,0.01116,0.00085,8.5e-5,0.00969,0.0106,0.011,0.0118,0.0125,0.00136,0.00047,4.7e-5,0.0006,0.001,0.0014,0.0016,0.0022,0.01116,0.00085,8.5e-5,0.00969,0.0106,0.011,0.0118,0.0125,0.01252,0.00074,7.4e-5,0.0112,0.012,0.0125,0.013,0.0139
0.75,0.986084,0.00103,0.000103,0.9838,0.9854,0.986,0.9868,0.988,0.011874,0.00111,0.000111,0.01,0.011,0.0118,0.0126,0.014,0.002042,0.00062,6.2e-5,0.0011,0.0016,0.002,0.0024,0.00351,0.011874,0.00111,0.000111,0.01,0.011,0.0118,0.0126,0.014,0.013916,0.00103,0.000103,0.012,0.0132,0.014,0.0146,0.0162
1.0,0.984572,0.00126,0.000126,0.98199,0.98375,0.9846,0.9854,0.9869,0.01256,0.0013,0.00013,0.0102,0.01175,0.0126,0.0134,0.01491,0.002868,0.00073,7.3e-5,0.0018,0.0022,0.0028,0.0034,0.00471,0.01256,0.0013,0.00013,0.0102,0.01175,0.0126,0.0134,0.01491,0.015428,0.00126,0.000126,0.0131,0.0146,0.0154,0.01625,0.01801
1.25,0.98295,0.00158,0.000158,0.9799,0.98195,0.983,0.98405,0.986,0.013356,0.00166,0.000166,0.0104,0.0122,0.0132,0.01445,0.01651,0.003694,0.00086,8.6e-5,0.0021,0.00315,0.0036,0.00425,0.00541,0.013356,0.00166,0.000166,0.0104,0.0122,0.0132,0.01445,0.01651,0.01705,0.00158,0.000158,0.014,0.01595,0.017,0.01805,0.02011
1.5,0.981282,0.00182,0.000182,0.9777,0.9802,0.9814,0.9826,0.9841,0.014182,0.00192,0.000192,0.0105,0.0128,0.0141,0.0154,0.01793,0.004536,0.00085,8.5e-5,0.003,0.004,0.0044,0.00505,0.00632,0.014182,0.00192,0.000192,0.0105,0.0128,0.0141,0.0154,0.01793,0.018718,0.00182,0.000182,0.0159,0.0174,0.0186,0.0198,0.0223
1.75,0.97952,0.0022,0.00022,0.9754,0.97815,0.9799,0.9812,0.983,0.015038,0.00214,0.000214,0.0115,0.01335,0.0149,0.0166,0.01931,0.005442,0.00084,8.4e-5,0.0039,0.0048,0.0053,0.006,0.00721,0.015038,0.00214,0.000214,0.0115,0.01335,0.0149,0.0166,0.01931,0.02048,0.0022,0.00022,0.017,0.0188,0.0201,0.02185,0.0246
2.0,0.977694,0.00255,0.000255,0.97279,0.97555,0.9783,0.9798,0.9815,0.015926,0.00238,0.000238,0.0119,0.014,0.0159,0.01765,0.02081,0.00638,0.00093,9.3e-5,0.0051,0.0056,0.0062,0.007,0.00831,0.015926,0.00238,0.000238,0.0119,0.014,0.0159,0.01765,0.02081,0.022306,0.00255,0.000255,0.01849,0.0202,0.0217,0.02445,0.02721
2.25,0.975716,0.00285,0.000285,0.96948,0.9737,0.9761,0.9782,0.9797,0.0169,0.00261,0.000261,0.0128,0.015,0.0166,0.0188,0.02201,0.007384,0.00106,0.000106,0.0055,0.0066,0.0072,0.0082,0.0096,0.0169,0.00261,0.000261,0.0128,0.015,0.0166,0.0188,0.02201,0.024284,0.00285,0.000285,0.0203,0.0218,0.0239,0.0263,0.03052
2.5,0.973588,0.0033,0.00033,0.96658,0.9714,0.9742,0.9762,0.9783,0.017922,0.00297,0.000297,0.0131,0.01575,0.0174,0.0198,0.0241,0.00849,0.00117,0.000117,0.0065,0.0076,0.0084,0.0092,0.0108,0.017922,0.00297,0.000297,0.0131,0.01575,0.0174,0.0198,0.0241,0.026412,0.0033,0.00033,0.0217,0.0238,0.0258,0.0286,0.03342
2.75,0.971424,0.00377,0.000377,0.96348,0.96915,0.9722,0.9742,0.9768,0.018924,0.00333,0.000333,0.01378,0.0164,0.0185,0.0208,0.02581,0.009652,0.0013,0.00013,0.0075,0.00875,0.0096,0.0104,0.0125,0.018924,0.00333,0.000333,0.01378,0.0164,0.0185,0.0208,0.02581,0.028576,0.00377,0.000377,0.0232,0.0258,0.0278,0.03085,0.03652
3.0,0.968956,0.00411,0.000411,0.95979,0.9664,0.9696,0.97205,0.9749,0.020166,0.00351,0.000351,0.0151,0.0176,0.0197,0.022,0.02793,0.010878,0.00144,0.000144,0.00849,0.00995,0.0108,0.0116,0.0138,0.020166,0.00351,0.000351,0.0151,0.0176,0.0197,0.022,0.02793,0.031044,0.00411,0.000411,0.0251,0.02795,0.0304,0.0336,0.04021
3.25,0.966576,0.00465,0.000465,0.95624,0.96355,0.9678,0.97,0.9729,0.021256,0.00389,0.000389,0.01549,0.0184,0.0205,0.0236,0.02963,0.012168,0.00158,0.000158,0.0093,0.0112,0.012,0.0132,0.0157,0.021256,0.00389,0.000389,0.01549,0.0184,0.0205,0.0236,0.02963,0.033424,0.00465,0.000465,0.02709,0.03,0.0322,0.03645,0.04376
3.5,0.963868,0.00524,0.000524,0.95248,0.9606,0.9654,0.9676,0.97081,0.022624,0.00434,0.000434,0.01568,0.01935,0.0219,0.02505,0.03221,0.013508,0.00182,0.000182,0.011,0.0124,0.0134,0.01445,0.0186,0.022624,0.00434,0.000434,0.01568,0.01935,0.0219,0.02505,0.03221,0.036132,0.00524,0.000524,0.02919,0.0324,0.0346,0.0394,0.04753
3.75,0.961184,0.00585,0.000585,0.94858,0.95755,0.9621,0.9658,0.9692,0.023778,0.0048,0.00048,0.0159,0.02015,0.0232,0.0261,0.03421,0.015038,0.00195,0.000195,0.0118,0.0138,0.0148,0.01605,0.0206,0.023778,0.0048,0.00048,0.0159,0.02015,0.0232,0.0261,0.03421,0.038816,0.00585,0.000585,0.0308,0.0342,0.0379,0.04245,0.05142
4.0,0.95829,0.00649,0.000649,0.94478,0.95415,0.959,0.9634,0.96722,0.02515,0.00526,0.000526,0.01549,0.0214,0.0242,0.02835,0.0364,0.01656,0.00216,0.000216,0.01319,0.0152,0.0163,0.0178,0.02201,0.02515,0.00526,0.000526,0.01549,0.0214,0.0242,0.02835,0.0364,0.04171,0.00649,0.000649,0.03278,0.0366,0.041,0.04585,0.05522
4.25,0.955264,0.00717,0.000717,0.94086,0.94975,0.9566,0.961,0.96581,0.026596,0.0057,0.00057,0.01658,0.02235,0.0264,0.0304,0.04,0.01814,0.00237,0.000237,0.0144,0.01655,0.018,0.0198,0.0229,0.026596,0.0057,0.00057,0.01658,0.02235,0.0264,0.0304,0.04,0.044736,0.00717,0.000717,0.03419,0.039,0.0434,0.05025,0.05914
4.5,0.952088,0.00776,0.000776,0.93559,0.94655,0.953,0.95805,0.96336,0.028178,0.006,0.0006,0.01765,0.02375,0.0277,0.0318,0.0412,0.019734,0.00256,0.000256,0.0156,0.01795,0.0195,0.0214,0.02482,0.028178,0.006,0.0006,0.01765,0.02375,0.0277,0.0318,0.0412,0.047912,0.00776,0.000776,0.03664,0.04195,0.047,0.05345,0.06441
4.75,0.948678,0.00859,0.000859,0.92988,0.9433,0.9497,0.95545,0.96096,0.029738,0.00652,0.000652,0.0188,0.0248,0.029,0.03285,0.04372,0.021584,0.00276,0.000276,0.01739,0.0194,0.0212,0.0234,0.02662,0.029738,0.00652,0.000652,0.0188,0.0248,0.029,0.03285,0.04372,0.051322,0.00859,0.000859,0.03904,0.04455,0.0503,0.0567,0.07012
5.0,0.945154,0.00925,0.000925,0.92406,0.9395,0.9464,0.95225,0.95845,0.03142,0.00674,0.000674,0.0207,0.02635,0.0312,0.03465,0.04583,0.023426,0.00315,0.000315,0.019,0.021,0.0228,0.0254,0.0299,0.03142,0.00674,0.000674,0.0207,0.02635,0.0312,0.03465,0.04583,0.054846,0.00925,0.000925,0.04155,0.04775,0.0536,0.0605,0.07595
5.25,0.941426,0.01006,0.001006,0.91888,0.93555,0.9424,0.9493,0.95583,0.033124,0.00726,0.000726,0.0223,0.02795,0.0324,0.03645,0.0489,0.02545,0.00345,0.000345,0.0207,0.0226,0.0247,0.028,0.03263,0.033124,0.00726,0.000726,0.0223,0.02795,0.0324,0.03645,0.0489,0.058574,0.01006,0.001006,0.04417,0.0507,0.0576,0.06445,0.08112
5.5,0.937604,0.01079,0.001079,0.91344,0.9314,0.9387,0.9462,0.95326,0.034812,0.00761,0.000761,0.02319,0.029,0.0341,0.0384,0.05201,0.027584,0.00384,0.000384,0.0221,0.0244,0.0268,0.0302,0.03576,0.034812,0.00761,0.000761,0.02319,0.029,0.0341,0.0384,0.05201,0.062396,0.01079,0.001079,0.04674,0.0538,0.0613,0.0686,0.08656
5.75,0.933598,0.01157,0.001157,0.90754,0.9266,0.935,0.9423,0.95048,0.036666,0.00787,0.000787,0.02358,0.0314,0.0358,0.0406,0.05402,0.029736,0.00431,0.000431,0.0237,0.02635,0.0289,0.033,0.03907,0.036666,0.00787,0.000787,0.02358,0.0314,0.0358,0.0406,0.05402,0.066402,0.01157,0.001157,0.04952,0.0577,0.065,0.0734,0.09246
6.0,0.92929,0.01256,0.001256,0.9007,0.9227,0.9311,0.93845,0.94827,0.038706,0.00839,0.000839,0.02399,0.03295,0.0375,0.04245,0.05781,0.032004,0.0048,0.00048,0.02519,0.028,0.0312,0.0354,0.04244,0.038706,0.00839,0.000839,0.02399,0.03295,0.0375,0.04245,0.05781,0.07071,0.01256,0.001256,0.05173,0.06155,0.0689,0.0773,0.0993
6.25,0.92472,0.01344,0.001344,0.89386,0.91705,0.9269,0.9348,0.94558,0.04069,0.00868,0.000868,0.02415,0.0353,0.04,0.045,0.06024,0.03459,0.0055,0.00055,0.0267,0.03035,0.0337,0.0384,0.04761,0.04069,0.00868,0.000868,0.02415,0.0353,0.04,0.045,0.06024,0.07528,0.01344,0.001344,0.05442,0.0652,0.0731,0.08295,0.10615
6.5,0.919958,0.01438,0.001438,0.88705,0.91145,0.922,0.92985,0.94318,0.042852,0.00913,0.000913,0.02579,0.0372,0.042,0.0473,0.06354,0.03719,0.00597,0.000597,0.0291,0.0329,0.0362,0.04155,0.05063,0.042852,0.00913,0.000913,0.02579,0.0372,0.042,0.0473,0.06354,0.080042,0.01438,0.001438,0.05682,0.07015,0.078,0.08855,0.11296
6.75,0.915016,0.01528,0.001528,0.88004,0.9061,0.9162,0.9256,0.93987,0.04498,0.00957,0.000957,0.02786,0.0382,0.0445,0.0503,0.06583,0.040004,0.00645,0.000645,0.0314,0.0348,0.0389,0.04505,0.0539,0.04498,0.00957,0.000957,0.02786,0.0382,0.0445,0.0503,0.06583,0.084984,0.01528,0.001528,0.06013,0.0744,0.0838,0.0939,0.11997
7.0,0.909788,0.01631,0.001631,0.87304,0.89975,0.911,0.92145,0.93611,0.047276,0.01007,0.001007,0.02899,0.0402,0.0466,0.05255,0.06841,0.042936,0.00704,0.000704,0.0333,0.0375,0.042,0.0482,0.05813,0.047276,0.01007,0.001007,0.02899,0.0402,0.0466,0.05255,0.06841,0.090212,0.01631,0.001631,0.06389,0.07855,0.089,0.10025,0.12697
7.25,0.904554,0.01712,0.001712,0.86558,0.89405,0.906,0.9162,0.93298,0.049382,0.01039,0.001039,0.03097,0.04235,0.0488,0.0543,0.07181,0.046064,0.00754,0.000754,0.0351,0.03995,0.0446,0.05145,0.06202,0.049382,0.01039,0.001039,0.03097,0.04235,0.0488,0.0543,0.07181,0.095446,0.01712,0.001712,0.06702,0.0838,0.094,0.10595,0.13442
7.5,0.898914,0.0182,0.00182,0.8584,0.88805,0.9004,0.91195,0.92916,0.051872,0.01092,0.001092,0.0329,0.0442,0.0509,0.05765,0.07477,0.049214,0.00818,0.000818,0.03598,0.04275,0.0479,0.05525,0.06754,0.051872,0.01092,0.001092,0.0329,0.0442,0.0509,0.05765,0.07477,0.101086,0.0182,0.00182,0.07083,0.08805,0.0996,0.11195,0.1416
7.75,0.893208,0.01924,0.001924,0.8509,0.8816,0.8946,0.90585,0.92412,0.054272,0.01122,0.001122,0.0344,0.0467,0.0535,0.06065,0.07681,0.05252,0.00883,0.000883,0.03808,0.04565,0.0504,0.0588,0.07282,0.054272,0.01122,0.001122,0.0344,0.0467,0.0535,0.06065,0.07681,0.106792,0.01924,0.001924,0.07589,0.09415,0.1054,0.1184,0.1491
8.0,0.887198,0.0205,0.00205,0.84158,0.87555,0.8883,0.9014,0.92003,0.056876,0.01191,0.001191,0.035,0.04895,0.0558,0.06265,0.0816,0.055926,0.00953,0.000953,0.04078,0.0487,0.0543,0.0626,0.07822,0.056876,0.01191,0.001191,0.035,0.04895,0.0558,0.06265,0.0816,0.112802,0.0205,0.00205,0.07997,0.0986,0.1117,0.12445,0.15842
8.25,0.880842,0.02177,0.002177,0.83298,0.8702,0.8823,0.8962,0.91613,0.05965,0.01261,0.001261,0.03596,0.0506,0.0586,0.06595,0.08675,0.059508,0.01011,0.001011,0.0439,0.052,0.0579,0.06625,0.08272,0.05965,0.01261,0.001261,0.03596,0.0506,0.0586,0.06595,0.08675,0.119158,0.02177,0.002177,0.08388,0.1038,0.1177,0.1298,0.16702
8.5,0.874398,0.02298,0.002298,0.82376,0.86325,0.8753,0.8911,0.91291,0.062208,0.01307,0.001307,0.03708,0.0536,0.0623,0.06845,0.09067,0.063394,0.01099,0.001099,0.04649,0.05555,0.0623,0.07165,0.08894,0.062208,0.01307,0.001307,0.03708,0.0536,0.0623,0.06845,0.09067,0.125602,0.02298,0.002298,0.0871,0.1089,0.1247,0.13675,0.17624
8.75,0.867514,0.02421,0.002421,0.81526,0.8557,0.8693,0.8834,0.90902,0.065234,0.0134,0.00134,0.039,0.0566,0.0647,0.0721,0.09484,0.067252,0.01189,0.001189,0.0485,0.0589,0.0659,0.07475,0.0947,0.065234,0.0134,0.00134,0.039,0.0566,0.0647,0.0721,0.09484,0.132486,0.02421,0.002421,0.09098,0.1166,0.1307,0.1443,0.18474
9.0,0.860488,0.02526,0.002526,0.80413,0.8472,0.8625,0.87775,0.90374,0.068058,0.01372,0.001372,0.04104,0.05835,0.0672,0.0751,0.09797,0.071454,0.01264,0.001264,0.05026,0.0626,0.0699,0.0796,0.10042,0.068058,0.01372,0.001372,0.04104,0.05835,0.0672,0.0751,0.09797,0.139512,0.02526,0.002526,0.09626,0.12225,0.1375,0.1528,0.19587
9.25,0.853226,0.02667,0.002667,0.7938,0.84015,0.8545,0.87185,0.89894,0.071102,0.0142,0.00142,0.04238,0.0618,0.0706,0.0777,0.10308,0.075672,0.01354,0.001354,0.05298,0.0662,0.0742,0.0846,0.10654,0.071102,0.0142,0.00142,0.04238,0.0618,0.0706,0.0777,0.10308,0.146774,0.02667,0.002667,0.10106,0.12815,0.1455,0.15985,0.2062
9.5,0.84552,0.02788,0.002788,0.78192,0.831,0.8466,0.8647,0.89325,0.074288,0.01465,0.001465,0.04568,0.065,0.0748,0.08195,0.10824,0.080192,0.0143,0.00143,0.05646,0.0706,0.0785,0.08975,0.11279,0.074288,0.01465,0.001465,0.04568,0.065,0.0748,0.08195,0.10824,0.15448,0.02788,0.002788,0.10675,0.1353,0.1534,0.169,0.21808
9.75,0.83768,0.02932,0.002932,0.77137,0.82295,0.8392,0.85745,0.88884,0.077416,0.01538,0.001538,0.0481,0.06815,0.077,0.08465,0.11363,0.084904,0.01497,0.001497,0.05959,0.07435,0.0832,0.09445,0.11893,0.077416,0.01538,0.001538,0.0481,0.06815,0.077,0.08465,0.11363,0.16232,0.02932,0.002932,0.11116,0.14255,0.1608,0.17705,0.22863
10.0,0.829606,0.03038,0.003038,0.76106,0.8144,0.8315,0.8498,0.88278,0.08056,0.01559,0.001559,0.051,0.0709,0.0801,0.0876,0.11764,0.089834,0.01581,0.001581,0.06306,0.07865,0.0884,0.09925,0.12511,0.08056,0.01559,0.001559,0.051,0.0709,0.0801,0.0876,0.11764,0.170394,0.03038,0.003038,0.11722,0.1502,0.1685,0.1856,0.23894
10.25,0.821256,0.0319,0.00319,0.74924,0.8053,0.8253,0.8415,0.87677,0.083926,0.01626,0.001626,0.0529,0.074,0.0833,0.0915,0.12146,0.094818,0.01665,0.001665,0.06662,0.08275,0.0941,0.1048,0.13328,0.083926,0.01626,0.001626,0.0529,0.074,0.0833,0.0915,0.12146,0.178744,0.0319,0.00319,0.12323,0.1585,0.1747,0.1947,0.25076
10.5,0.812632,0.03319,0.003319,0.73799,0.79555,0.8161,0.8333,0.8705,0.087194,0.01681,0.001681,0.05637,0.0766,0.086,0.0954,0.1241,0.100174,0.0175,0.00175,0.06965,0.0876,0.0994,0.1102,0.14083,0.087194,0.01681,0.001681,0.05637,0.0766,0.086,0.0954,0.1241,0.187368,0.03319,0.003319,0.1295,0.1667,0.1839,0.20445,0.26201
10.75,0.803792,0.03441,0.003441,0.72718,0.7872,0.8061,0.8248,0.86492,0.090486,0.01709,0.001709,0.05684,0.07875,0.0899,0.0978,0.12618,0.105722,0.0185,0.00185,0.07486,0.09265,0.1048,0.11575,0.14896,0.090486,0.01709,0.001709,0.05684,0.07875,0.0899,0.0978,0.12618,0.196208,0.03441,0.003441,0.13509,0.1752,0.1939,0.2128,0.27282
11.0,0.794628,0.03555,0.003555,0.71468,0.7784,0.797,0.8154,0.85872,0.093966,0.01735,0.001735,0.06027,0.0829,0.0946,0.10105,0.12954,0.111406,0.0194,0.00194,0.07959,0.0979,0.1111,0.12175,0.15646,0.093966,0.01735,0.001735,0.06027,0.0829,0.0946,0.10105,0.12954,0.205372,0.03555,0.003555,0.14127,0.1846,0.203,0.2216,0.28532
11.25,0.785494,0.03672,0.003672,0.70419,0.76755,0.7876,0.807,0.85343,0.097224,0.01753,0.001753,0.06208,0.08635,0.0975,0.10565,0.13266,0.117282,0.02043,0.002043,0.08388,0.1027,0.1168,0.1276,0.16528,0.097224,0.01753,0.001753,0.06208,0.08635,0.0975,0.10565,0.13266,0.214506,0.03672,0.003672,0.14657,0.193,0.2124,0.23245,0.29581
11.5,0.776336,0.03793,0.003793,0.69399,0.7579,0.7792,0.7984,0.84692,0.10021,0.01772,0.001772,0.0645,0.08915,0.1004,0.10925,0.135,0.123454,0.02153,0.002153,0.08764,0.108,0.1232,0.13545,0.17394,0.10021,0.01772,0.001772,0.0645,0.08915,0.1004,0.10925,0.135,0.223664,0.03793,0.003793,0.15307,0.2016,0.2208,0.2421,0.30601
11.75,0.76687,0.03895,0.003895,0.68268,0.7487,0.7698,0.7901,0.83934,0.103336,0.01793,0.001793,0.06768,0.09135,0.1035,0.11225,0.13881,0.129794,0.02245,0.002245,0.09078,0.11395,0.1299,0.14085,0.18183,0.103336,0.01793,0.001793,0.06768,0.09135,0.1035,0.11225,0.13881,0.23313,0.03895,0.003895,0.16066,0.2099,0.2302,0.2513,0.31733
12.0,0.757066,0.04015,0.004015,0.66984,0.73805,0.76,0.7807,0.83339,0.10659,0.0182,0.00182,0.06834,0.0947,0.107,0.1172,0.14133,0.136344,0.02343,0.002343,0.0953,0.12045,0.1355,0.14795,0.19032,0.10659,0.0182,0.00182,0.06834,0.0947,0.107,0.1172,0.14133,0.242934,0.04015,0.004015,0.16661,0.2193,0.24,0.26195,0.33016
12.25,0.74703,0.04136,0.004136,0.65554,0.72655,0.7478,0.772,0.82603,0.10989,0.01822,0.001822,0.07168,0.0988,0.1089,0.12065,0.14554,0.14308,0.02484,0.002484,0.0993,0.1267,0.1422,0.1547,0.19962,0.10989,0.01822,0.001822,0.07168,0.0988,0.1089,0.12065,0.14554,0.25297,0.04136,0.004136,0.17398,0.228,0.2522,0.27345,0.34446
12.5,0.737034,0.04223,0.004223,0.64428,0.7162,0.7383,0.76145,0.8191,0.112608,0.01806,0.001806,0.07336,0.10035,0.1108,0.1232,0.14836,0.150358,0.02581,0.002581,0.10431,0.13315,0.149,0.163,0.20782,0.112608,0.01806,0.001806,0.07336,0.10035,0.1108,0.1232,0.14836,0.262966,0.04223,0.004223,0.1809,0.23855,0.2617,0.2838,0.35572
12.75,0.72656,0.04327,0.004327,0.63168,0.7052,0.7293,0.75145,0.8108,0.115876,0.01824,0.001824,0.07647,0.10355,0.1134,0.1268,0.15128,0.157564,0.02679,0.002679,0.1096,0.14075,0.1556,0.16985,0.21841,0.115876,0.01824,0.001824,0.07647,0.10355,0.1134,0.1268,0.15128,0.27344,0.04327,0.004327,0.1892,0.24855,0.2707,0.2948,0.36832
13.0,0.716024,0.04401,0.004401,0.61837,0.69335,0.7181,0.74275,0.8033,0.119006,0.0179,0.00179,0.07875,0.10705,0.1183,0.13,0.15343,0.16497,0.0279,0.00279,0.11529,0.1478,0.1634,0.1769,0.22902,0.119006,0.0179,0.00179,0.07875,0.10705,0.1183,0.13,0.15343,0.283976,0.04401,0.004401,0.1967,0.25725,0.2819,0.30665,0.38163
13.25,0.705256,0.04481,0.004481,0.60619,0.68175,0.7068,0.73305,0.79342,0.12217,0.01763,0.001763,0.08373,0.10945,0.1227,0.13235,0.15663,0.172574,0.02898,0.002898,0.12029,0.1556,0.1707,0.18585,0.23916,0.12217,0.01763,0.001763,0.08373,0.10945,0.1227,0.13235,0.15663,0.294744,0.04481,0.004481,0.20658,0.26695,0.2932,0.31825,0.39381
13.5,0.694602,0.0457,0.00457,0.5949,0.67125,0.6961,0.7219,0.78534,0.125058,0.01745,0.001745,0.08538,0.11265,0.1243,0.1362,0.15755,0.18034,0.03015,0.003015,0.12776,0.16285,0.1783,0.1947,0.24832,0.125058,0.01745,0.001745,0.08538,0.11265,0.1243,0.1362,0.15755,0.305398,0.0457,0.00457,0.21466,0.2781,0.3039,0.32875,0.4051
13.75,0.68397,0.04627,0.004627,0.58404,0.66045,0.6856,0.7117,0.77684,0.127728,0.01726,0.001726,0.08768,0.11535,0.1278,0.1391,0.15914,0.188302,0.03102,0.003102,0.13406,0.1702,0.1859,0.20365,0.25742,0.127728,0.01726,0.001726,0.08768,0.11535,0.1278,0.1391,0.15914,0.31603,0.04627,0.004627,0.22316,0.2883,0.3144,0.33955,0.41596
14.0,0.673202,0.04693,0.004693,0.57237,0.6492,0.6734,0.7021,0.7682,0.130278,0.01723,0.001723,0.09076,0.11855,0.1319,0.14265,0.16065,0.19652,0.0318,0.00318,0.14104,0.1777,0.1945,0.21365,0.26821,0.130278,0.01723,0.001723,0.09076,0.11855,0.1319,0.14265,0.16065,0.326798,0.04693,0.004693,0.2318,0.2979,0.3266,0.3508,0.42762
14.25,0.662198,0.04734,0.004734,0.562,0.6374,0.6618,0.69305,0.75841,0.1331,0.01693,0.001693,0.09562,0.12215,0.1339,0.145,0.1627,0.204702,0.03262,0.003262,0.14712,0.1859,0.2026,0.22275,0.277,0.1331,0.01693,0.001693,0.09562,0.12215,0.1339,0.145,0.1627,0.337802,0.04734,0.004734,0.24159,0.30695,0.3382,0.3626,0.438
14.5,0.651368,0.04796,0.004796,0.55058,0.62535,0.6503,0.68235,0.74976,0.13551,0.017,0.0017,0.09915,0.12415,0.1358,0.14715,0.16442,0.213122,0.03345,0.003345,0.1534,0.1921,0.2114,0.23255,0.28732,0.13551,0.017,0.0017,0.09915,0.12415,0.1358,0.14715,0.16442,0.348632,0.04796,0.004796,0.25024,0.31765,0.3497,0.37465,0.44942
14.75,0.640772,0.04849,0.004849,0.53724,0.6144,0.6396,0.6719,0.74135,0.137614,0.017,0.0017,0.1027,0.1266,0.1381,0.1499,0.16887,0.221614,0.03413,0.003413,0.16004,0.20055,0.2211,0.2403,0.29734,0.137614,0.017,0.0017,0.1027,0.1266,0.1381,0.1499,0.16887,0.359228,0.04849,0.004849,0.25865,0.3281,0.3604,0.3856,0.46276
15.0,0.62976,0.04899,0.004899,0.52555,0.604,0.6279,0.66005,0.73268,0.140168,0.01658,0.001658,0.1046,0.1297,0.1408,0.15175,0.17185,0.230072,0.03513,0.003513,0.16691,0.20795,0.2305,0.24795,0.30682,0.140168,0.01658,0.001658,0.1046,0.1297,0.1408,0.15175,0.17185,0.37024,0.04899,0.004899,0.26731,0.33995,0.3721,0.396,0.47445
15.25,0.618768,0.0493,0.00493,0.51276,0.5919,0.6176,0.6509,0.72359,0.142284,0.01629,0.001629,0.10752,0.1333,0.1415,0.1541,0.17043,0.238948,0.036,0.0036,0.17351,0.2165,0.239,0.25695,0.317,0.142284,0.01629,0.001629,0.10752,0.1333,0.1415,0.1541,0.17043,0.381232,0.0493,0.00493,0.27641,0.3491,0.3824,0.4081,0.48724
15.5,0.60792,0.04947,0.004947,0.5008,0.5793,0.6067,0.63945,0.71426,0.144132,0.01571,0.001571,0.11048,0.13405,0.1445,0.15505,0.17132,0.247948,0.03685,0.003685,0.17936,0.22515,0.2475,0.2666,0.32751,0.144132,0.01571,0.001571,0.11048,0.13405,0.1445,0.15505,0.17132,0.39208,0.04947,0.004947,0.28574,0.36055,0.3933,0.4207,0.4992
15.75,0.59711,0.04961,0.004961,0.49084,0.5684,0.5959,0.6286,0.7055,0.145798,0.01524,0.001524,0.11336,0.1371,0.146,0.15685,0.17292,0.257092,0.03756,0.003756,0.1862,0.2338,0.2571,0.27755,0.33794,0.145798,0.01524,0.001524,0.11336,0.1371,0.146,0.15685,0.17292,0.40289,0.04961,0.004961,0.2945,0.3714,0.4041,0.4316,0.50916
16.0,0.586484,0.04959,0.004959,0.47949,0.55925,0.5852,0.6171,0.69501,0.147324,0.01451,0.001451,0.11846,0.13795,0.1485,0.1564,0.17263,0.266192,0.03828,0.003828,0.19138,0.24315,0.2657,0.286,0.34845,0.147324,0.01451,0.001451,0.11846,0.13795,0.1485,0.1564,0.17263,0.413516,0.04959,0.004959,0.30499,0.3829,0.4148,0.44075,0.52051
16.25,0.575792,0.04962,0.004962,0.47017,0.54615,0.5741,0.6076,0.68621,0.14879,0.01409,0.001409,0.1209,0.1388,0.15,0.15945,0.1726,0.275418,0.03911,0.003911,0.19742,0.2516,0.2736,0.29425,0.35889,0.14879,0.01409,0.001409,0.1209,0.1388,0.15,0.15945,0.1726,0.424208,0.04962,0.004962,0.31379,0.3924,0.4259,0.45385,0.52983
16.5,0.56511,0.04951,0.004951,0.46034,0.53545,0.5635,0.5964,0.67616,0.15017,0.01361,0.001361,0.12304,0.1408,0.1503,0.16175,0.1711,0.28472,0.03957,0.003957,0.20562,0.2607,0.2839,0.30495,0.36962,0.15017,0.01361,0.001361,0.12304,0.1408,0.1503,0.16175,0.1711,0.43489,0.04951,0.004951,0.32384,0.4036,0.4365,0.46455,0.53966
16.75,0.555028,0.04933,0.004933,0.45288,0.5238,0.5516,0.5863,0.6662,0.150826,0.01356,0.001356,0.12554,0.141,0.1519,0.16185,0.17072,0.294146,0.0399,0.00399,0.21464,0.2706,0.2938,0.3143,0.37951,0.150826,0.01356,0.001356,0.12554,0.141,0.1519,0.16185,0.17072,0.444972,0.04933,0.004933,0.33379,0.4137,0.4484,0.4762,0.54712
17.0,0.544716,0.04922,0.004922,0.44324,0.5134,0.5412,0.5771,0.6542,0.151762,0.0131,0.00131,0.1279,0.1434,0.153,0.1621,0.17152,0.303522,0.04043,0.004043,0.22284,0.27955,0.3038,0.3248,0.39042,0.151762,0.0131,0.00131,0.1279,0.1434,0.153,0.1621,0.17152,0.455284,0.04922,0.004922,0.3458,0.4229,0.4588,0.4866,0.55675
17.25,0.53472,0.04886,0.004886,0.4342,0.5041,0.5314,0.5655,0.64329,0.152308,0.01212,0.001212,0.12977,0.14575,0.1542,0.16125,0.17091,0.312972,0.04094,0.004094,0.2306,0.28875,0.3136,0.3327,0.40227,0.152308,0.01212,0.001212,0.12977,0.14575,0.1542,0.16125,0.17091,0.46528,0.04886,0.004886,0.35671,0.4345,0.4686,0.4959,0.5658
17.5,0.52478,0.04827,0.004827,0.4266,0.49425,0.5228,0.5561,0.6316,0.15259,0.01168,0.001168,0.1296,0.1448,0.1537,0.16105,0.17184,0.32263,0.04122,0.004122,0.23846,0.29925,0.3234,0.3411,0.41273,0.15259,0.01168,0.001168,0.1296,0.1448,0.1537,0.16105,0.17184,0.47522,0.04827,0.004827,0.3684,0.4439,0.4772,0.50575,0.5734
17.75,0.514936,0.04771,0.004771,0.41812,0.48595,0.5117,0.5477,0.62,0.152938,0.01079,0.001079,0.1302,0.1446,0.1544,0.16045,0.17015,0.332126,0.04147,0.004147,0.24575,0.3073,0.3318,0.35345,0.42292,0.152938,0.01079,0.001079,0.1302,0.1446,0.1544,0.16045,0.17015,0.485064,0.04771,0.004771,0.38,0.4523,0.4883,0.51405,0.58188
18.0,0.505628,0.04754,0.004754,0.40917,0.4754,0.5013,0.53665,0.61181,0.152548,0.01054,0.001054,0.1295,0.14555,0.1544,0.1596,0.16952,0.341824,0.04182,0.004182,0.2546,0.31765,0.342,0.3637,0.43358,0.152548,0.01054,0.001054,0.1295,0.14555,0.1544,0.1596,0.16952,0.494372,0.04754,0.004754,0.38819,0.46335,0.4987,0.5246,0.59082
18.25,0.496142,0.04724,0.004724,0.40098,0.46585,0.4915,0.52685,0.60286,0.15267,0.01026,0.001026,0.13059,0.1466,0.1551,0.15925,0.1695,0.351188,0.04217,0.004217,0.26458,0.32615,0.3515,0.37315,0.44228,0.15267,0.01026,0.001026,0.13059,0.1466,0.1551,0.15925,0.1695,0.503858,0.04724,0.004724,0.39714,0.47315,0.5085,0.53415,0.59903
18.5,0.486538,0.04664,0.004664,0.39302,0.45855,0.4827,0.51715,0.59113,0.15285,0.0099,0.00099,0.13065,0.14605,0.1538,0.15985,0.1711,0.360612,0.04256,0.004256,0.2727,0.3368,0.3612,0.3827,0.45156,0.15285,0.0099,0.00099,0.13065,0.14605,0.1538,0.15985,0.1711,0.513462,0.04664,0.004664,0.40887,0.48285,0.5173,0.54145,0.60699
18.75,0.47748,0.0462,0.00462,0.38455,0.45095,0.4734,0.5078,0.57971,0.152424,0.01005,0.001005,0.13066,0.1466,0.1537,0.1597,0.17172,0.370096,0.04278,0.004278,0.28116,0.34475,0.371,0.39275,0.46231,0.152424,0.01005,0.001005,0.13066,0.1466,0.1537,0.1597,0.17172,0.52252,0.0462,0.00462,0.4203,0.4922,0.5266,0.54905,0.61545
19.0,0.468808,0.0456,0.00456,0.37796,0.44185,0.4644,0.4988,0.57085,0.15151,0.00982,0.000982,0.1317,0.144,0.1528,0.15845,0.16863,0.379682,0.043,0.0043,0.29002,0.3529,0.3814,0.4034,0.47124,0.15151,0.00982,0.000982,0.1317,0.144,0.1528,0.15845,0.16863,0.531192,0.0456,0.00456,0.42916,0.5012,0.5356,0.55815,0.62204
19.25,0.460242,0.04487,0.004487,0.37136,0.43295,0.4561,0.4905,0.55942,0.150672,0.00968,0.000968,0.13158,0.1436,0.1525,0.15785,0.16761,0.389086,0.04294,0.004294,0.29794,0.3637,0.391,0.4122,0.4798,0.150672,0.00968,0.000968,0.13158,0.1436,0.1525,0.15785,0.16761,0.539758,0.04487,0.004487,0.44058,0.5095,0.5439,0.56705,0.62864
19.5,0.45182,0.04429,0.004429,0.36525,0.4237,0.4477,0.4818,0.55081,0.149652,0.00972,0.000972,0.13188,0.1418,0.1508,0.15685,0.1677,0.398528,0.04277,0.004277,0.30708,0.37215,0.3989,0.42165,0.48949,0.149652,0.00972,0.000972,0.13188,0.1418,0.1508,0.15685,0.1677,0.54818,0.04429,0.004429,0.44919,0.5182,0.5523,0.5763,0.63475
19.75,0.443468,0.04361,0.004361,0.35814,0.4154,0.439,0.4731,0.54201,0.148608,0.00972,0.000972,0.13058,0.14085,0.1499,0.15565,0.16614,0.407924,0.04263,0.004263,0.31761,0.38325,0.4095,0.42985,0.498,0.148608,0.00972,0.000972,0.13058,0.14085,0.1499,0.15565,0.16614,0.556532,0.04361,0.004361,0.45799,0.5269,0.561,0.5846,0.64186
20.0,0.43522,0.04275,0.004275,0.35246,0.40815,0.4314,0.4642,0.53262,0.147938,0.00938,0.000938,0.13052,0.1402,0.1483,0.1547,0.16461,0.416842,0.04274,0.004274,0.32564,0.3905,0.4195,0.4397,0.50707,0.147938,0.00938,0.000938,0.13052,0.1402,0.1483,0.1547,0.16461,0.56478,0.04275,0.004275,0.46738,0.5358,0.5686,0.59185,0.64754
20.25,0.42739,0.04201,0.004201,0.34628,0.40045,0.4237,0.4556,0.52121,0.146328,0.0095,0.00095,0.12883,0.1384,0.1478,0.15325,0.1638,0.426282,0.04258,0.004258,0.33479,0.40065,0.4304,0.4495,0.51506,0.146328,0.0095,0.00095,0.12883,0.1384,0.1478,0.15325,0.1638,0.57261,0.04201,0.004201,0.47879,0.5444,0.5763,0.59955,0.65372
20.5,0.419812,0.0412,0.00412,0.3397,0.39285,0.4159,0.44705,0.5128,0.145042,0.00966,0.000966,0.12714,0.13715,0.1458,0.1516,0.16274,0.435146,0.04269,0.004269,0.34358,0.4088,0.4387,0.4584,0.52274,0.145042,0.00966,0.000966,0.12714,0.13715,0.1458,0.1516,0.16274,0.580188,0.0412,0.00412,0.4872,0.55295,0.5841,0.60715,0.6603
20.75,0.412336,0.04032,0.004032,0.33558,0.3855,0.4078,0.4391,0.50329,0.143798,0.00995,0.000995,0.12406,0.13575,0.1436,0.1508,0.16145,0.443866,0.04248,0.004248,0.3531,0.41795,0.4474,0.4666,0.53014,0.143798,0.00995,0.000995,0.12406,0.13575,0.1436,0.1508,0.16145,0.587664,0.04032,0.004032,0.49671,0.5609,0.5922,0.6145,0.66442
21.0,0.40507,0.03974,0.003974,0.33064,0.37885,0.4009,0.43175,0.49598,0.14192,0.01024,0.001024,0.12144,0.1342,0.1422,0.14905,0.1601,0.45301,0.04228,0.004228,0.3602,0.42775,0.4556,0.4758,0.53804,0.14192,0.01024,0.001024,0.12144,0.1342,0.1422,0.14905,0.1601,0.59493,0.03974,0.003974,0.50403,0.56825,0.5991,0.62115,0.66936
21.25,0.39796,0.03905,0.003905,0.32638,0.37175,0.3948,0.42405,0.48706,0.14006,0.01047,0.001047,0.1193,0.1325,0.141,0.1472,0.1587,0.46198,0.04192,0.004192,0.37123,0.4357,0.4644,0.486,0.54598,0.14006,0.01047,0.001047,0.1193,0.1325,0.141,0.1472,0.1587,0.60204,0.03905,0.003905,0.51294,0.57595,0.6052,0.62825,0.67362
21.5,0.39124,0.03856,0.003856,0.3218,0.3649,0.388,0.41695,0.47884,0.138248,0.01053,0.001053,0.1175,0.13055,0.1392,0.1451,0.15674,0.470512,0.04165,0.004165,0.3794,0.4441,0.4734,0.49575,0.55479,0.138248,0.01053,0.001053,0.1175,0.13055,0.1392,0.1451,0.15674,0.60876,0.03856,0.003856,0.52116,0.58305,0.612,0.6351,0.6782
21.75,0.384642,0.03768,0.003768,0.31659,0.35865,0.382,0.4088,0.46983,0.136292,0.01039,0.001039,0.11548,0.1294,0.1377,0.1435,0.15582,0.479066,0.04158,0.004158,0.388,0.45115,0.4815,0.50415,0.56234,0.136292,0.01039,0.001039,0.11548,0.1294,0.1377,0.1435,0.15582,0.615358,0.03768,0.003768,0.53018,0.5912,0.618,0.64135,0.68341
22.0,0.378344,0.037,0.0037,0.31226,0.35195,0.3758,0.40145,0.4618,0.13398,0.01064,0.001064,0.11139,0.1273,0.1343,0.1409,0.15381,0.487676,0.04146,0.004146,0.39569,0.4603,0.491,0.513,0.56926,0.13398,0.01064,0.001064,0.11139,0.1273,0.1343,0.1409,0.15381,0.621656,0.037,0.0037,0.5382,0.59855,0.6242,0.64805,0.68774
22.25,0.372232,0.03627,0.003627,0.30764,0.34505,0.3707,0.39435,0.45339,0.131858,0.01097,0.001097,0.10794,0.12505,0.1321,0.13885,0.15224,0.49591,0.04116,0.004116,0.40338,0.46795,0.5,0.51985,0.57645,0.131858,0.01097,0.001097,0.10794,0.12505,0.1321,0.13885,0.15224,0.627768,0.03627,0.003627,0.54662,0.60565,0.6293,0.65495,0.69236
22.5,0.366192,0.03562,0.003562,0.30326,0.33925,0.3637,0.38705,0.4455,0.129718,0.01101,0.001101,0.10691,0.1222,0.1296,0.137,0.14978,0.50409,0.04087,0.004087,0.41124,0.47565,0.508,0.5288,0.58448,0.129718,0.01101,0.001101,0.10691,0.1222,0.1296,0.137,0.14978,0.633808,0.03562,0.003562,0.5545,0.61295,0.6363,0.66075,0.69674
22.75,0.360354,0.03483,0.003483,0.29964,0.33275,0.3573,0.38155,0.43723,0.127694,0.01131,0.001131,0.1054,0.1198,0.1285,0.1352,0.14847,0.511952,0.04041,0.004041,0.42062,0.4849,0.5158,0.538,0.59143,0.127694,0.01131,0.001131,0.1054,0.1198,0.1285,0.1352,0.14847,0.639646,0.03483,0.003483,0.56277,0.61845,0.6427,0.66725,0.70036
23.0,0.354672,0.03392,0.003392,0.2948,0.3284,0.3533,0.3738,0.4278,0.125508,0.01154,0.001154,0.10288,0.118,0.1261,0.1318,0.14841,0.51982,0.03995,0.003995,0.42832,0.4934,0.5243,0.54615,0.59709,0.125508,0.01154,0.001154,0.10288,0.118,0.1261,0.1318,0.14841,0.645328,0.03392,0.003392,0.5722,0.6262,0.6467,0.6716,0.70521
23.25,0.349328,0.03326,0.003326,0.29092,0.32385,0.348,0.36805,0.42009,0.123106,0.01147,0.001147,0.10097,0.11635,0.1236,0.13025,0.14584,0.527566,0.0393,0.00393,0.43768,0.50075,0.5324,0.55325,0.60295,0.123106,0.01147,0.001147,0.10097,0.11635,0.1236,0.13025,0.14584,0.650672,0.03326,0.003326,0.57991,0.63195,0.652,0.67615,0.70908
23.5,0.34402,0.03255,0.003255,0.28625,0.31935,0.3429,0.36235,0.4122,0.120786,0.01156,0.001156,0.09806,0.11335,0.1214,0.127,0.14465,0.535194,0.03896,0.003896,0.44612,0.5093,0.5391,0.56085,0.61016,0.120786,0.01156,0.001156,0.09806,0.11335,0.1214,0.127,0.14465,0.65598,0.03255,0.003255,0.5878,0.63765,0.6571,0.68065,0.71375
23.75,0.339164,0.03203,0.003203,0.28217,0.3143,0.3387,0.35785,0.4034,0.118206,0.01167,0.001167,0.09708,0.1102,0.1183,0.12545,0.14178,0.54263,0.0384,0.00384,0.4545,0.51695,0.5468,0.5685,0.61644,0.118206,0.01167,0.001167,0.09708,0.1102,0.1183,0.12545,0.14178,0.660836,0.03203,0.003203,0.5966,0.64215,0.6613,0.6857,0.71782
24.0,0.33444,0.0313,0.00313,0.27834,0.311,0.3338,0.3521,0.39756,0.115536,0.01167,0.001167,0.09406,0.1074,0.1157,0.1221,0.13836,0.550024,0.03801,0.003801,0.46426,0.52445,0.5537,0.5763,0.62234,0.115536,0.01167,0.001167,0.09406,0.1074,0.1157,0.1221,0.13836,0.66556,0.0313,0.00313,0.60244,0.6479,0.6662,0.689,0.72166
24.25,0.3298,0.03082,0.003082,0.27526,0.30705,0.3294,0.34805,0.39176,0.113174,0.01149,0.001149,0.09124,0.10575,0.1135,0.1207,0.1348,0.557026,0.03739,0.003739,0.47474,0.5314,0.5591,0.58255,0.62905,0.113174,0.01149,0.001149,0.09124,0.10575,0.1135,0.1207,0.1348,0.6702,0.03082,0.003082,0.60824,0.65195,0.6706,0.69295,0.72474
24.5,0.325396,0.03013,0.003013,0.27248,0.3032,0.3249,0.3445,0.38666,0.110736,0.01153,0.001153,0.08976,0.1032,0.1116,0.11785,0.1326,0.563868,0.03697,0.003697,0.48246,0.53875,0.5668,0.5891,0.63471,0.110736,0.01153,0.001153,0.08976,0.1032,0.1116,0.11785,0.1326,0.674604,0.03013,0.003013,0.61334,0.6555,0.6751,0.6968,0.72752
24.75,0.32106,0.0295,0.00295,0.26969,0.2998,0.32,0.33845,0.38165,0.108182,0.01175,0.001175,0.08648,0.10055,0.109,0.1152,0.1305,0.570758,0.03659,0.003659,0.4906,0.5468,0.5746,0.5958,0.64111,0.108182,0.01175,0.001175,0.08648,0.10055,0.109,0.1152,0.1305,0.67894,0.0295,0.00295,0.61835,0.66155,0.68,0.7002,0.73031
25.0,0.316696,0.02885,0.002885,0.26685,0.29585,0.3159,0.3338,0.37689,0.105674,0.01184,0.001184,0.08222,0.09795,0.1068,0.11275,0.12836,0.57763,0.03609,0.003609,0.49866,0.5538,0.5808,0.60305,0.64674,0.105674,0.01184,0.001184,0.08222,0.09795,0.1068,0.11275,0.12836,0.683304,0.02885,0.002885,0.62311,0.6662,0.6841,0.70415,0.73315
25.25,0.312538,0.02845,0.002845,0.26356,0.2903,0.3111,0.32925,0.37228,0.103428,0.01169,0.001169,0.08064,0.09595,0.104,0.1104,0.12627,0.584034,0.03558,0.003558,0.50617,0.562,0.5873,0.6078,0.6514,0.103428,0.01169,0.001169,0.08064,0.09595,0.104,0.1104,0.12627,0.687462,0.02845,0.002845,0.62772,0.67075,0.6889,0.7097,0.73644
25.5,0.308836,0.02791,0.002791,0.26116,0.287,0.3072,0.32445,0.36798,0.10047,0.01157,0.001157,0.07706,0.0941,0.1008,0.1077,0.12306,0.590694,0.03484,0.003484,0.51202,0.5692,0.5948,0.61365,0.6559,0.10047,0.01157,0.001157,0.07706,0.0941,0.1008,0.1077,0.12306,0.691164,0.02791,0.002791,0.63203,0.67555,0.6928,0.713,0.73885
25.75,0.305062,0.02739,0.002739,0.25808,0.28295,0.3031,0.3207,0.36396,0.09819,0.01159,0.001159,0.07404,0.09165,0.0989,0.10575,0.1197,0.596748,0.03448,0.003448,0.52089,0.57545,0.6008,0.6202,0.6611,0.09819,0.01159,0.001159,0.07404,0.09165,0.0989,0.10575,0.1197,0.694938,0.02739,0.002739,0.63604,0.6793,0.6969,0.71705,0.74192
26.0,0.301352,0.02701,0.002701,0.25422,0.2807,0.2991,0.3161,0.36084,0.095758,0.0117,0.00117,0.07095,0.08855,0.0969,0.1027,0.11615,0.60289,0.03403,0.003403,0.52859,0.5818,0.6053,0.6253,0.665,0.095758,0.0117,0.00117,0.07095,0.08855,0.0969,0.1027,0.11615,0.698648,0.02701,0.002701,0.63916,0.6839,0.7009,0.7193,0.74578
26.25,0.297928,0.02657,0.002657,0.25202,0.2782,0.2954,0.31285,0.35697,0.09322,0.01154,0.001154,0.06826,0.0865,0.0939,0.1007,0.11447,0.608852,0.0335,0.00335,0.53638,0.58915,0.6112,0.6311,0.66905,0.09322,0.01154,0.001154,0.06826,0.0865,0.0939,0.1007,0.11447,0.702072,0.02657,0.002657,0.64303,0.68715,0.7046,0.7218,0.74798
26.5,0.294454,0.02606,0.002606,0.24993,0.27475,0.2934,0.30855,0.35344,0.091008,0.01173,0.001173,0.06579,0.08395,0.0915,0.09905,0.11285,0.614538,0.03304,0.003304,0.54343,0.5945,0.617,0.6366,0.67364,0.091008,0.01173,0.001173,0.06579,0.08395,0.0915,0.09905,0.11285,0.705546,0.02606,0.002606,0.64657,0.69145,0.7066,0.72525,0.75007
26.75,0.291268,0.02566,0.002566,0.24727,0.27145,0.2898,0.3048,0.34962,0.088586,0.01156,0.001156,0.06376,0.0816,0.0889,0.09565,0.11034,0.620146,0.03236,0.003236,0.55064,0.60005,0.6224,0.6423,0.67859,0.088586,0.01156,0.001156,0.06376,0.0816,0.0889,0.09565,0.11034,0.708732,0.02566,0.002566,0.65038,0.6952,0.7102,0.72855,0.75272
27.0,0.288274,0.02519,0.002519,0.24529,0.2685,0.287,0.3018,0.34614,0.086212,0.01151,0.001151,0.06122,0.0799,0.086,0.0931,0.10795,0.625514,0.03189,0.003189,0.55614,0.6052,0.627,0.6476,0.68248,0.086212,0.01151,0.001151,0.06122,0.0799,0.086,0.0931,0.10795,0.711726,0.02519,0.002519,0.65386,0.6982,0.713,0.7315,0.75472
27.25,0.285118,0.02465,0.002465,0.243,0.266,0.2842,0.2988,0.34186,0.084248,0.01145,0.001145,0.0597,0.07835,0.0845,0.0905,0.1059,0.630634,0.03141,0.003141,0.56178,0.61085,0.6314,0.65195,0.68688,0.084248,0.01145,0.001145,0.0597,0.07835,0.0845,0.0905,0.1059,0.714882,0.02465,0.002465,0.65814,0.7012,0.7158,0.734,0.757
27.5,0.282278,0.02413,0.002413,0.24099,0.2644,0.2812,0.29575,0.33914,0.081736,0.01134,0.001134,0.05798,0.07545,0.0814,0.08865,0.10481,0.635986,0.03092,0.003092,0.56782,0.61695,0.6364,0.65815,0.69064,0.081736,0.01134,0.001134,0.05798,0.07545,0.0814,0.08865,0.10481,0.717722,0.02413,0.002413,0.66086,0.70425,0.7188,0.7356,0.75901
27.75,0.279372,0.02362,0.002362,0.23899,0.2622,0.2788,0.2911,0.33449,0.079568,0.0114,0.00114,0.05642,0.07305,0.079,0.08645,0.10274,0.64106,0.03049,0.003049,0.57417,0.6225,0.642,0.6626,0.69392,0.079568,0.0114,0.00114,0.05642,0.07305,0.079,0.08645,0.10274,0.720628,0.02362,0.002362,0.66551,0.7089,0.7212,0.7378,0.76101
28.0,0.276764,0.02325,0.002325,0.23729,0.25975,0.2755,0.2888,0.33088,0.07733,0.01115,0.001115,0.05454,0.07035,0.0766,0.0838,0.0998,0.645906,0.03006,0.003006,0.58035,0.6276,0.6475,0.668,0.6976,0.07733,0.01115,0.001115,0.05454,0.07035,0.0766,0.0838,0.0998,0.723236,0.02325,0.002325,0.66912,0.7112,0.7245,0.74025,0.7627
28.25,0.274178,0.02276,0.002276,0.2356,0.2585,0.2726,0.28645,0.32712,0.075124,0.01087,0.001087,0.05198,0.0691,0.0742,0.0824,0.09554,0.650698,0.02935,0.002935,0.58639,0.63355,0.6512,0.67335,0.70165,0.075124,0.01087,0.001087,0.05198,0.0691,0.0742,0.0824,0.09554,0.725822,0.02276,0.002276,0.67288,0.71355,0.7274,0.7415,0.7644
28.5,0.271688,0.0225,0.00225,0.23337,0.25655,0.2702,0.28365,0.32372,0.072734,0.01067,0.001067,0.0508,0.0662,0.0714,0.07915,0.09435,0.655578,0.02879,0.002879,0.59436,0.6382,0.6559,0.6775,0.70584,0.072734,0.01067,0.001067,0.0508,0.0662,0.0714,0.07915,0.09435,0.728312,0.0225,0.00225,0.67628,0.71635,0.7298,0.74345,0.76663
28.75,0.26928,0.02214,0.002214,0.23108,0.25455,0.2675,0.2812,0.3207,0.070588,0.01049,0.001049,0.04859,0.06455,0.0697,0.07675,0.09276,0.660132,0.02836,0.002836,0.60042,0.64375,0.6605,0.6812,0.70862,0.070588,0.01049,0.001049,0.04859,0.06455,0.0697,0.07675,0.09276,0.73072,0.02214,0.002214,0.6793,0.7188,0.7325,0.74545,0.76892
29.0,0.267006,0.02175,0.002175,0.22886,0.25255,0.2658,0.2792,0.31709,0.068448,0.01018,0.001018,0.0473,0.06235,0.0676,0.07485,0.09059,0.664546,0.02778,0.002778,0.60719,0.64725,0.6648,0.68485,0.71222,0.068448,0.01018,0.001018,0.0473,0.06235,0.0676,0.07485,0.09059,0.732994,0.02175,0.002175,0.68291,0.7208,0.7342,0.74745,0.77114
29.25,0.264796,0.02139,0.002139,0.22738,0.25065,0.2634,0.2759,0.31353,0.066454,0.01002,0.001002,0.04566,0.06015,0.0658,0.0728,0.08673,0.66875,0.02741,0.002741,0.61214,0.65175,0.6692,0.68875,0.71551,0.066454,0.01002,0.001002,0.04566,0.06015,0.0658,0.0728,0.08673,0.735204,0.02139,0.002139,0.68647,0.7241,0.7366,0.74935,0.77262
29.5,0.26258,0.02116,0.002116,0.22568,0.24865,0.2611,0.2741,0.31017,0.064594,0.00976,0.000976,0.04411,0.05895,0.0639,0.0706,0.08362,0.672826,0.02711,0.002711,0.61756,0.65515,0.6741,0.69225,0.7187,0.064594,0.00976,0.000976,0.04411,0.05895,0.0639,0.0706,0.08362,0.73742,0.02116,0.002116,0.68983,0.7259,0.7389,0.75135,0.77432
29.75,0.260468,0.02092,0.002092,0.2238,0.2474,0.2593,0.27205,0.30781,0.062748,0.0095,0.00095,0.04352,0.0578,0.0623,0.06835,0.08115,0.676784,0.02658,0.002658,0.62282,0.65955,0.6777,0.6954,0.72209,0.062748,0.0095,0.00095,0.04352,0.0578,0.0623,0.06835,0.08115,0.739532,0.02092,0.002092,0.69219,0.72795,0.7407,0.7526,0.7762
30.0,0.25847,0.02064,0.002064,0.22237,0.2452,0.2575,0.2701,0.30583,0.060832,0.00933,0.000933,0.04122,0.05615,0.06,0.06645,0.07911,0.680698,0.02619,0.002619,0.62717,0.6632,0.6817,0.69955,0.72574,0.060832,0.00933,0.000933,0.04122,0.05615,0.06,0.06645,0.07911,0.74153,0.02064,0.002064,0.69417,0.7299,0.7425,0.7548,0.77763
30.25,0.256412,0.02034,0.002034,0.22075,0.24335,0.2548,0.2679,0.30392,0.058992,0.00923,0.000923,0.04044,0.05435,0.058,0.06445,0.07924,0.684596,0.02567,0.002567,0.6328,0.6685,0.6855,0.70225,0.72824,0.058992,0.00923,0.000923,0.04044,0.05435,0.058,0.06445,0.07924,0.743588,0.02034,0.002034,0.69608,0.7321,0.7452,0.75665,0.77925
30.5,0.254482,0.02006,0.002006,0.21913,0.24245,0.253,0.2656,0.30119,0.057206,0.00902,0.000902,0.03942,0.05175,0.057,0.0628,0.07797,0.688312,0.02521,0.002521,0.63706,0.6731,0.6889,0.7059,0.73114,0.057206,0.00902,0.000902,0.03942,0.05175,0.057,0.0628,0.07797,0.745518,0.02006,0.002006,0.69881,0.7344,0.747,0.75755,0.78087
30.75,0.252602,0.01979,0.001979,0.21792,0.2405,0.2509,0.2644,0.29858,0.055638,0.00882,0.000882,0.03861,0.0501,0.0552,0.0607,0.07541,0.69176,0.02486,0.002486,0.64047,0.6763,0.6933,0.7098,0.73401,0.055638,0.00882,0.000882,0.03861,0.0501,0.0552,0.0607,0.07541,0.747398,0.01979,0.001979,0.70142,0.7356,0.7491,0.7595,0.78208
31.0,0.250924,0.01946,0.001946,0.21704,0.2388,0.2494,0.26245,0.29696,0.0539,0.00891,0.000891,0.03552,0.048,0.0536,0.05885,0.073,0.695176,0.02458,0.002458,0.64382,0.68025,0.6968,0.7133,0.73752,0.0539,0.00891,0.000891,0.03552,0.048,0.0536,0.05885,0.073,0.749076,0.01946,0.001946,0.70304,0.73755,0.7506,0.7612,0.78296
31.25,0.249246,0.01922,0.001922,0.21614,0.23735,0.2478,0.2615,0.29499,0.05241,0.00881,0.000881,0.03431,0.04635,0.0518,0.058,0.07181,0.698344,0.0242,0.00242,0.647,0.68365,0.7,0.71615,0.7405,0.05241,0.00881,0.000881,0.03431,0.04635,0.0518,0.058,0.07181,0.750754,0.01922,0.001922,0.70501,0.7385,0.7522,0.76265,0.78386
31.5,0.247738,0.019,0.0019,0.21495,0.23615,0.2467,0.25975,0.29296,0.050642,0.00859,0.000859,0.03364,0.04475,0.0502,0.05545,0.06879,0.70162,0.02372,0.002372,0.65058,0.6879,0.7028,0.71935,0.74284,0.050642,0.00859,0.000859,0.03364,0.04475,0.0502,0.05545,0.06879,0.752262,0.019,0.0019,0.70704,0.74025,0.7533,0.76385,0.78505
31.75,0.246244,0.01884,0.001884,0.21376,0.2346,0.2446,0.25785,0.29106,0.049,0.00831,0.000831,0.03197,0.0434,0.0487,0.05405,0.06682,0.704756,0.02326,0.002326,0.6547,0.69055,0.7067,0.7225,0.74534,0.049,0.00831,0.000831,0.03197,0.0434,0.0487,0.05405,0.06682,0.753756,0.01884,0.001884,0.70894,0.74215,0.7554,0.7654,0.78624
32.0,0.244764,0.01866,0.001866,0.21266,0.23315,0.2426,0.25635,0.28914,0.047398,0.00823,0.000823,0.03107,0.0423,0.0468,0.05245,0.06516,0.707838,0.023,0.0023,0.65778,0.694,0.7092,0.7252,0.74816,0.047398,0.00823,0.000823,0.03107,0.0423,0.0468,0.05245,0.06516,0.755236,0.01866,0.001866,0.71086,0.74365,0.7574,0.76685,0.78734
32.25,0.243316,0.01848,0.001848,0.21144,0.23165,0.2415,0.255,0.28674,0.046066,0.00814,0.000814,0.03048,0.041,0.0451,0.051,0.06376,0.710618,0.02264,0.002264,0.66109,0.6976,0.7112,0.7276,0.75068,0.046066,0.00814,0.000814,0.03048,0.041,0.0451,0.051,0.06376,0.756684,0.01848,0.001848,0.71326,0.745,0.7585,0.76835,0.78856
32.5,0.241976,0.01827,0.001827,0.20996,0.2304,0.2401,0.2531,0.28484,0.044588,0.00799,0.000799,0.0293,0.0392,0.0438,0.04925,0.06178,0.713436,0.02234,0.002234,0.66433,0.70115,0.714,0.7306,0.75285,0.044588,0.00799,0.000799,0.0293,0.0392,0.0438,0.04925,0.06178,0.758024,0.01827,0.001827,0.71516,0.7469,0.7599,0.7696,0.79004
32.75,0.240606,0.01811,0.001811,0.20886,0.22955,0.2387,0.25145,0.28353,0.043314,0.00781,0.000781,0.02938,0.03835,0.0428,0.0475,0.06056,0.71608,0.02205,0.002205,0.66742,0.70365,0.7167,0.7329,0.75498,0.043314,0.00781,0.000781,0.02938,0.03835,0.0428,0.0475,0.06056,0.759394,0.01811,0.001811,0.71647,0.74855,0.7613,0.77045,0.79114
33.0,0.239278,0.01797,0.001797,0.20796,0.228,0.2374,0.2504,0.28109,0.041878,0.00756,0.000756,0.02826,0.0374,0.041,0.04585,0.05854,0.718844,0.02153,0.002153,0.67092,0.70755,0.7188,0.7347,0.75668,0.041878,0.00756,0.000756,0.02826,0.0374,0.041,0.04585,0.05854,0.760722,0.01797,0.001797,0.71891,0.7496,0.7626,0.772,0.79204
33.25,0.238068,0.01783,0.001783,0.20706,0.22695,0.2361,0.2489,0.2788,0.040594,0.00742,0.000742,0.02766,0.03615,0.0397,0.0448,0.05728,0.721338,0.02132,0.002132,0.67424,0.7096,0.7215,0.73655,0.75842,0.040594,0.00742,0.000742,0.02766,0.03615,0.0397,0.0448,0.05728,0.761932,0.01783,0.001783,0.7212,0.7511,0.7639,0.77305,0.79294
33.5,0.236882,0.0177,0.00177,0.20595,0.2261,0.2348,0.2476,0.27646,0.039298,0.00738,0.000738,0.02616,0.035,0.0383,0.0436,0.05645,0.72382,0.02113,0.002113,0.6761,0.7128,0.7244,0.7384,0.76078,0.039298,0.00738,0.000738,0.02616,0.035,0.0383,0.0436,0.05645,0.763118,0.0177,0.00177,0.72354,0.7524,0.7652,0.7739,0.79405
33.75,0.235676,0.01758,0.001758,0.2043,0.22545,0.2335,0.2459,0.27496,0.038086,0.00726,0.000726,0.02548,0.034,0.037,0.042,0.05567,0.726238,0.02084,0.002084,0.6787,0.7152,0.7265,0.74,0.76286,0.038086,0.00726,0.000726,0.02548,0.034,0.037,0.042,0.05567,0.764324,0.01758,0.001758,0.72504,0.7541,0.7665,0.77455,0.7957
34.0,0.234588,0.01746,0.001746,0.20368,0.22445,0.2322,0.24485,0.27302,0.036938,0.00728,0.000728,0.02496,0.0328,0.0356,0.0403,0.05459,0.728474,0.02073,0.002073,0.6801,0.71785,0.7291,0.74205,0.76491,0.036938,0.00728,0.000728,0.02496,0.0328,0.0356,0.0403,0.05459,0.765412,0.01746,0.001746,0.72698,0.75515,0.7678,0.77555,0.79632
34.25,0.23362,0.01729,0.001729,0.20308,0.22385,0.2313,0.24405,0.27152,0.0357,0.00704,0.000704,0.02434,0.0314,0.0348,0.03945,0.0532,0.73068,0.02046,0.002046,0.68297,0.7195,0.7317,0.74385,0.76667,0.0357,0.00704,0.000704,0.02434,0.0314,0.0348,0.03945,0.0532,0.76638,0.01729,0.001729,0.72848,0.75595,0.7687,0.77615,0.79692
34.5,0.232538,0.01721,0.001721,0.20248,0.22295,0.2304,0.2428,0.27003,0.034648,0.00686,0.000686,0.02306,0.03,0.0341,0.03835,0.0516,0.732814,0.02015,0.002015,0.68519,0.7221,0.7337,0.7458,0.76863,0.034648,0.00686,0.000686,0.02306,0.03,0.0341,0.03835,0.0516,0.767462,0.01721,0.001721,0.72997,0.7572,0.7696,0.77705,0.79752
34.75,0.231552,0.01712,0.001712,0.2016,0.22245,0.229,0.24115,0.26862,0.033548,0.00676,0.000676,0.02228,0.02895,0.033,0.037,0.04933,0.7349,0.01991,0.001991,0.68707,0.72375,0.7354,0.74735,0.77012,0.033548,0.00676,0.000676,0.02228,0.02895,0.033,0.037,0.04933,0.768448,0.01712,0.001712,0.73138,0.75885,0.771,0.77755,0.7984
35.0,0.230588,0.01691,0.001691,0.2011,0.22155,0.2278,0.2397,0.2669,0.03243,0.00665,0.000665,0.0213,0.0276,0.0316,0.0365,0.04833,0.736982,0.01982,0.001982,0.68937,0.72545,0.7377,0.74945,0.7721,0.03243,0.00665,0.000665,0.0213,0.0276,0.0316,0.0365,0.04833,0.769412,0.01691,0.001691,0.7331,0.7603,0.7722,0.77845,0.7989
35.25,0.229684,0.01677,0.001677,0.2005,0.22045,0.2269,0.23905,0.2652,0.031454,0.00656,0.000656,0.02088,0.02715,0.0308,0.03525,0.04794,0.738862,0.01957,0.001957,0.69148,0.7271,0.74,0.75095,0.77381,0.031454,0.00656,0.000656,0.02088,0.02715,0.0308,0.03525,0.04794,0.770316,0.01677,0.001677,0.7348,0.76095,0.7731,0.77955,0.7995
35.5,0.228832,0.0167,0.00167,0.19959,0.21985,0.226,0.2386,0.26372,0.030342,0.00651,0.000651,0.0193,0.026,0.0296,0.03345,0.04623,0.740826,0.01942,0.001942,0.69368,0.7292,0.7422,0.7529,0.77571,0.030342,0.00651,0.000651,0.0193,0.026,0.0296,0.03345,0.04623,0.771168,0.0167,0.00167,0.73628,0.7614,0.774,0.78015,0.80041
35.75,0.228006,0.01657,0.001657,0.1989,0.2186,0.2253,0.2365,0.26234,0.029294,0.00627,0.000627,0.01899,0.02495,0.0285,0.0324,0.04372,0.7427,0.01914,0.001914,0.69602,0.73075,0.7439,0.756,0.7767,0.029294,0.00627,0.000627,0.01899,0.02495,0.0285,0.0324,0.04372,0.771994,0.01657,0.001657,0.73766,0.7635,0.7747,0.7814,0.8011
36.0,0.227186,0.01648,0.001648,0.1984,0.218,0.2244,0.23575,0.26112,0.02833,0.00612,0.000612,0.01837,0.02415,0.0276,0.03125,0.04278,0.744484,0.01887,0.001887,0.6995,0.7331,0.7458,0.7571,0.7775,0.02833,0.00612,0.000612,0.01837,0.02415,0.0276,0.03125,0.04278,0.772814,0.01648,0.001648,0.73888,0.76425,0.7756,0.782,0.8016
36.25,0.22645,0.01641,0.001641,0.1983,0.21785,0.2239,0.2352,0.25941,0.027336,0.00603,0.000603,0.01788,0.0232,0.0262,0.03045,0.04204,0.746214,0.01871,0.001871,0.7025,0.7348,0.7479,0.75845,0.77841,0.027336,0.00603,0.000603,0.01788,0.0232,0.0262,0.03045,0.04204,0.77355,0.01641,0.001641,0.74059,0.7648,0.7761,0.78215,0.8017
36.5,0.225606,0.01629,0.001629,0.1976,0.2169,0.2231,0.23455,0.25822,0.026542,0.00589,0.000589,0.01679,0.02295,0.0253,0.02985,0.04074,0.747852,0.01853,0.001853,0.70414,0.73615,0.7493,0.75915,0.77981,0.026542,0.00589,0.000589,0.01679,0.02295,0.0253,0.02985,0.04074,0.774394,0.01629,0.001629,0.74178,0.76545,0.7769,0.7831,0.8024
36.75,0.224884,0.01626,0.001626,0.19719,0.21605,0.2225,0.23375,0.25732,0.025696,0.00569,0.000569,0.01588,0.02195,0.0247,0.0285,0.03926,0.74942,0.01841,0.001841,0.70608,0.7376,0.7512,0.7607,0.78122,0.025696,0.00569,0.000569,0.01588,0.02195,0.0247,0.0285,0.03926,0.775116,0.01626,0.001626,0.74268,0.76625,0.7775,0.78395,0.80281
37.0,0.224204,0.01623,0.001623,0.19668,0.2155,0.2218,0.2331,0.25582,0.024812,0.00542,0.000542,0.01549,0.02155,0.0244,0.0277,0.03824,0.750984,0.01814,0.001814,0.70877,0.73915,0.7527,0.763,0.78264,0.024812,0.00542,0.000542,0.01549,0.02155,0.0244,0.0277,0.03824,0.775796,0.01623,0.001623,0.74418,0.7669,0.7782,0.7845,0.80332
37.25,0.22361,0.01618,0.001618,0.19588,0.21475,0.221,0.2321,0.25512,0.023758,0.0052,0.00052,0.01438,0.0208,0.0231,0.02665,0.03622,0.752632,0.01809,0.001809,0.71049,0.74075,0.7545,0.7646,0.7841,0.023758,0.0052,0.00052,0.01438,0.0208,0.0231,0.02665,0.03622,0.77639,0.01618,0.001618,0.74488,0.7679,0.779,0.78525,0.80411
37.5,0.222954,0.01606,0.001606,0.19539,0.2144,0.2204,0.23155,0.25452,0.022916,0.00495,0.000495,0.01416,0.02015,0.0223,0.02555,0.03432,0.75413,0.01796,0.001796,0.7122,0.7423,0.756,0.7655,0.7857,0.022916,0.00495,0.000495,0.01416,0.02015,0.0223,0.02555,0.03432,0.777046,0.01606,0.001606,0.74548,0.76845,0.7796,0.7856,0.80461
37.75,0.222312,0.016,0.0016,0.19488,0.2136,0.2196,0.2307,0.25333,0.02209,0.0048,0.00048,0.01396,0.01935,0.0216,0.025,0.03245,0.755598,0.01781,0.001781,0.71429,0.7441,0.7575,0.76645,0.78721,0.02209,0.0048,0.00048,0.01396,0.01935,0.0216,0.025,0.03245,0.777688,0.016,0.0016,0.74666,0.7693,0.7804,0.7864,0.80512
38.0,0.221704,0.01591,0.001591,0.19418,0.2131,0.2192,0.23005,0.25276,0.021262,0.0048,0.00048,0.01335,0.01855,0.0207,0.0238,0.03145,0.757034,0.0177,0.00177,0.7162,0.7458,0.7591,0.7681,0.78821,0.021262,0.0048,0.00048,0.01335,0.01855,0.0207,0.0238,0.03145,0.778296,0.01591,0.001591,0.74724,0.76995,0.7808,0.7869,0.80582
38.25,0.221124,0.01585,0.001585,0.19368,0.21235,0.2185,0.22935,0.25196,0.020554,0.00463,0.000463,0.01255,0.0179,0.0201,0.02285,0.03144,0.758322,0.01748,0.001748,0.7181,0.74735,0.7607,0.76895,0.78912,0.020554,0.00463,0.000463,0.01255,0.0179,0.0201,0.02285,0.03144,0.778876,0.01585,0.001585,0.74804,0.77065,0.7815,0.78765,0.80632
38.5,0.220576,0.01582,0.001582,0.1926,0.21115,0.2182,0.22915,0.25149,0.019756,0.00444,0.000444,0.01236,0.01715,0.0194,0.022,0.02984,0.759668,0.01734,0.001734,0.7203,0.74875,0.7621,0.77,0.7901,0.019756,0.00444,0.000444,0.01236,0.01715,0.0194,0.022,0.02984,0.779424,0.01582,0.001582,0.74851,0.77085,0.7818,0.78885,0.8074
38.75,0.220026,0.01584,0.001584,0.1921,0.2104,0.2176,0.22835,0.25098,0.019112,0.00426,0.000426,0.01228,0.01675,0.0187,0.02085,0.0287,0.760862,0.0172,0.00172,0.7218,0.74995,0.7634,0.771,0.79121,0.019112,0.00426,0.000426,0.01228,0.01675,0.0187,0.02085,0.0287,0.779974,0.01584,0.001584,0.74902,0.77165,0.7824,0.7896,0.80791
39.0,0.219512,0.01582,0.001582,0.1916,0.2099,0.2172,0.2279,0.25028,0.01844,0.004,0.0004,0.0123,0.0161,0.0179,0.0198,0.0274,0.762048,0.01705,0.001705,0.72341,0.75145,0.7649,0.77175,0.79221,0.01844,0.004,0.0004,0.0123,0.0161,0.0179,0.0198,0.0274,0.780488,0.01582,0.001582,0.74972,0.7721,0.7828,0.7901,0.8084
39.25,0.219066,0.0158,0.00158,0.1913,0.2094,0.2168,0.22775,0.24998,0.01773,0.00386,0.000386,0.01219,0.0152,0.0172,0.0192,0.02661,0.763204,0.01687,0.001687,0.72556,0.75335,0.7661,0.77245,0.79272,0.01773,0.00386,0.000386,0.01219,0.0152,0.0172,0.0192,0.02661,0.780934,0.0158,0.00158,0.75002,0.77225,0.7832,0.7906,0.8087
39.5,0.218602,0.01574,0.001574,0.19089,0.20895,0.2166,0.2274,0.24898,0.01703,0.0038,0.00038,0.01138,0.0146,0.0166,0.0184,0.02612,0.764368,0.01679,0.001679,0.72636,0.7547,0.7674,0.7739,0.79363,0.01703,0.0038,0.00038,0.01138,0.0146,0.0166,0.0184,0.02612,0.781398,0.01574,0.001574,0.75102,0.7726,0.7834,0.79105,0.8091
39.75,0.218148,0.01575,0.001575,0.19059,0.20855,0.216,0.2268,0.24858,0.01646,0.00364,0.000364,0.01108,0.0144,0.0161,0.01785,0.02491,0.765392,0.01672,0.001672,0.72888,0.7558,0.7682,0.77485,0.79492,0.01646,0.00364,0.000364,0.01108,0.0144,0.0161,0.01785,0.02491,0.781852,0.01575,0.001575,0.75142,0.7732,0.784,0.79145,0.80941
40.0,0.217664,0.01574,0.001574,0.1903,0.2082,0.2158,0.22665,0.24751,0.015942,0.00356,0.000356,0.0104,0.0132,0.0156,0.0175,0.02472,0.766394,0.01664,0.001664,0.73068,0.7567,0.7688,0.77585,0.79563,0.015942,0.00356,0.000356,0.0104,0.0132,0.0156,0.0175,0.02472,0.782336,0.01574,0.001574,0.75249,0.77335,0.7842,0.7918,0.8097
40.25,0.217176,0.01571,0.001571,0.19,0.2078,0.2154,0.22585,0.2472,0.015492,0.00353,0.000353,0.0101,0.01315,0.0151,0.01725,0.02443,0.767332,0.01665,0.001665,0.7313,0.7577,0.7696,0.7769,0.79732,0.015492,0.00353,0.000353,0.0101,0.01315,0.0151,0.01725,0.02443,0.782824,0.01571,0.001571,0.7528,0.77415,0.7846,0.7922,0.81
40.5,0.216798,0.01569,0.001569,0.1894,0.20735,0.215,0.2256,0.24648,0.015016,0.0035,0.00035,0.00939,0.0126,0.0148,0.0168,0.0235,0.768186,0.01662,0.001662,0.732,0.7591,0.7705,0.77775,0.79842,0.015016,0.0035,0.00035,0.00939,0.0126,0.0148,0.0168,0.0235,0.783202,0.01569,0.001569,0.75352,0.7744,0.785,0.79265,0.8106
40.75,0.216424,0.01569,0.001569,0.1893,0.207,0.2145,0.22525,0.24628,0.014482,0.00333,0.000333,0.00888,0.0122,0.0144,0.01625,0.02241,0.769094,0.01657,0.001657,0.73339,0.76005,0.7714,0.77855,0.7993,0.014482,0.00333,0.000333,0.00888,0.0122,0.0144,0.01625,0.02241,0.783576,0.01569,0.001569,0.75372,0.77475,0.7855,0.793,0.8107
41.0,0.216014,0.01565,0.001565,0.1891,0.20675,0.214,0.22505,0.24608,0.014058,0.00328,0.000328,0.0087,0.01175,0.014,0.01565,0.0219,0.769928,0.01644,0.001644,0.73479,0.7613,0.7723,0.7791,0.8001,0.014058,0.00328,0.000328,0.0087,0.01175,0.014,0.01565,0.0219,0.783986,0.01565,0.001565,0.75392,0.77495,0.786,0.79325,0.8109
41.25,0.215658,0.0156,0.00156,0.18899,0.2064,0.2134,0.225,0.24558,0.013546,0.0032,0.00032,0.00819,0.01135,0.0136,0.01505,0.0213,0.770796,0.01642,0.001642,0.73637,0.76225,0.7737,0.7797,0.80102,0.013546,0.0032,0.00032,0.00819,0.01135,0.0136,0.01505,0.0213,0.784342,0.0156,0.00156,0.75442,0.775,0.7866,0.7936,0.81101
41.5,0.215312,0.01553,0.001553,0.18868,0.2062,0.2133,0.22445,0.24539,0.013094,0.00309,0.000309,0.0082,0.0112,0.0128,0.01445,0.0199,0.771594,0.01639,0.001639,0.73686,0.76275,0.7747,0.78055,0.80182,0.013094,0.00309,0.000309,0.0082,0.0112,0.0128,0.01445,0.0199,0.784688,0.01553,0.001553,0.75462,0.77555,0.7867,0.7938,0.81132
41.75,0.214978,0.01546,0.001546,0.18827,0.2058,0.2133,0.2243,0.2449,0.012562,0.00303,0.000303,0.0078,0.0106,0.012,0.01405,0.01951,0.77246,0.01625,0.001625,0.73846,0.7637,0.7754,0.7815,0.80201,0.012562,0.00303,0.000303,0.0078,0.0106,0.012,0.01405,0.01951,0.785022,0.01546,0.001546,0.7551,0.7757,0.7867,0.7942,0.81172
42.0,0.214682,0.01543,0.001543,0.18808,0.20575,0.2129,0.22385,0.2449,0.012108,0.00292,0.000292,0.00759,0.0102,0.0116,0.0136,0.0187,0.77321,0.01622,0.001622,0.73986,0.7641,0.7758,0.782,0.80272,0.012108,0.00292,0.000292,0.00759,0.0102,0.0116,0.0136,0.0187,0.785318,0.01543,0.001543,0.7551,0.77615,0.7871,0.79425,0.81192
42.25,0.214362,0.01539,0.001539,0.18798,0.2056,0.2126,0.22315,0.2446,0.011712,0.00284,0.000284,0.00719,0.00995,0.0113,0.0132,0.01841,0.773926,0.01617,0.001617,0.74148,0.7646,0.7769,0.78255,0.80302,0.011712,0.00284,0.000284,0.00719,0.00995,0.0113,0.0132,0.01841,0.785638,0.01539,0.001539,0.7554,0.77685,0.7874,0.7944,0.81202
42.5,0.214076,0.01537,0.001537,0.18757,0.2051,0.2123,0.2225,0.2444,0.011312,0.00281,0.000281,0.00729,0.0094,0.0106,0.01305,0.01781,0.774612,0.01608,0.001608,0.74248,0.7652,0.7775,0.7829,0.80381,0.011312,0.00281,0.000281,0.00729,0.0094,0.0106,0.01305,0.01781,0.785924,0.01537,0.001537,0.75561,0.7775,0.7877,0.7949,0.81243
42.75,0.213762,0.01534,0.001534,0.18746,0.20475,0.2117,0.22215,0.24409,0.011,0.00285,0.000285,0.0069,0.009,0.0104,0.0128,0.0176,0.775238,0.01597,0.001597,0.74368,0.7659,0.7782,0.78345,0.80462,0.011,0.00285,0.000285,0.0069,0.009,0.0104,0.0128,0.0176,0.786238,0.01534,0.001534,0.75591,0.77785,0.7883,0.79525,0.81254
43.0,0.21345,0.01534,0.001534,0.18706,0.2042,0.2114,0.22195,0.24378,0.010674,0.00273,0.000273,0.0066,0.009,0.0102,0.01205,0.017,0.775876,0.01589,0.001589,0.74466,0.7667,0.7785,0.7843,0.80502,0.010674,0.00273,0.000273,0.0066,0.009,0.0102,0.01205,0.017,0.78655,0.01534,0.001534,0.75622,0.77805,0.7886,0.7958,0.81294
43.25,0.213156,0.01534,0.001534,0.18686,0.20405,0.211,0.2215,0.24367,0.01037,0.00268,0.000268,0.0062,0.00855,0.0098,0.012,0.01662,0.776474,0.01582,0.001582,0.74546,0.7673,0.7789,0.78485,0.80532,0.01037,0.00268,0.000268,0.0062,0.00855,0.0098,0.012,0.01662,0.786844,0.01534,0.001534,0.75633,0.7785,0.789,0.79595,0.81314
43.5,0.212836,0.01531,0.001531,0.18676,0.204,0.2109,0.22145,0.24336,0.01007,0.0026,0.00026,0.006,0.008,0.0096,0.01145,0.01661,0.777094,0.01576,0.001576,0.74614,0.7681,0.7794,0.78575,0.80582,0.01007,0.0026,0.00026,0.006,0.008,0.0096,0.01145,0.01661,0.787164,0.01531,0.001531,0.75664,0.77855,0.7891,0.796,0.81324
43.75,0.212548,0.01532,0.001532,0.18655,0.20385,0.2106,0.22145,0.24317,0.009728,0.00241,0.000241,0.00599,0.008,0.0096,0.011,0.01592,0.777724,0.01578,0.001578,0.74664,0.76835,0.7804,0.78655,0.80601,0.009728,0.00241,0.000241,0.00599,0.008,0.0096,0.011,0.01592,0.787452,0.01532,0.001532,0.75683,0.77855,0.7894,0.79615,0.81345
44.0,0.21228,0.01527,0.001527,0.18655,0.2037,0.2104,0.2211,0.24276,0.00939,0.00245,0.000245,0.0056,0.00755,0.0091,0.01065,0.01531,0.77833,0.01577,0.001577,0.74754,0.7689,0.7809,0.7871,0.80701,0.00939,0.00245,0.000245,0.0056,0.00755,0.0091,0.01065,0.01531,0.78772,0.01527,0.001527,0.75724,0.7789,0.7896,0.7963,0.81345
44.25,0.212054,0.01527,0.001527,0.18604,0.2034,0.2101,0.221,0.24257,0.00902,0.00234,0.000234,0.0054,0.0074,0.0086,0.01,0.0148,0.778926,0.01579,0.001579,0.74824,0.7693,0.7813,0.7877,0.8073,0.00902,0.00234,0.000234,0.0054,0.0074,0.0086,0.01,0.0148,0.787946,0.01527,0.001527,0.75744,0.779,0.7899,0.7966,0.81396
44.5,0.211816,0.01524,0.001524,0.18586,0.20335,0.2098,0.22065,0.24257,0.00866,0.00225,0.000225,0.0049,0.00735,0.0082,0.0098,0.01382,0.779524,0.01578,0.001578,0.74904,0.76965,0.7817,0.7882,0.8075,0.00866,0.00225,0.000225,0.0049,0.00735,0.0082,0.0098,0.01382,0.788184,0.01524,0.001524,0.75744,0.77935,0.7902,0.79665,0.81414
44.75,0.21163,0.01524,0.001524,0.18556,0.2032,0.2095,0.22055,0.24247,0.008328,0.00216,0.000216,0.00469,0.0068,0.008,0.0096,0.0132,0.780042,0.01578,0.001578,0.7499,0.7698,0.7822,0.78865,0.80782,0.008328,0.00216,0.000216,0.00469,0.0068,0.008,0.0096,0.0132,0.78837,0.01524,0.001524,0.75753,0.77945,0.7905,0.7968,0.81444
45.0,0.21143,0.0152,0.00152,0.18546,0.2027,0.2091,0.22055,0.24247,0.008098,0.00216,0.000216,0.00439,0.00675,0.0076,0.00945,0.0129,0.780472,0.01581,0.001581,0.7504,0.77035,0.7827,0.7892,0.80841,0.008098,0.00216,0.000216,0.00439,0.00675,0.0076,0.00945,0.0129,0.78857,0.0152,0.00152,0.75753,0.77945,0.7909,0.7973,0.81454
45.25,0.211236,0.01522,0.001522,0.18526,0.2027,0.2089,0.22025,0.24227,0.007826,0.00213,0.000213,0.0043,0.0064,0.0074,0.00905,0.0126,0.780938,0.01575,0.001575,0.75088,0.77075,0.783,0.78965,0.80881,0.007826,0.00213,0.000213,0.0043,0.0064,0.0074,0.00905,0.0126,0.788764,0.01522,0.001522,0.75773,0.77975,0.7911,0.7973,0.81474
45.5,0.211044,0.01521,0.001521,0.18496,0.20255,0.2089,0.2199,0.24218,0.007446,0.00204,0.000204,0.0042,0.0062,0.007,0.00865,0.0117,0.78151,0.0157,0.00157,0.75136,0.77115,0.7837,0.7902,0.8093,0.007446,0.00204,0.000204,0.0042,0.0062,0.007,0.00865,0.0117,0.788956,0.01521,0.001521,0.75782,0.7801,0.7911,0.79745,0.81504
45.75,0.210836,0.01521,0.001521,0.18468,0.2022,0.2088,0.2195,0.24186,0.007158,0.00194,0.000194,0.00409,0.006,0.0066,0.00825,0.01112,0.782006,0.01565,0.001565,0.75165,0.77155,0.7842,0.79065,0.81,0.007158,0.00194,0.000194,0.00409,0.006,0.0066,0.00825,0.01112,0.789164,0.01521,0.001521,0.75814,0.7805,0.7912,0.7978,0.81533
46.0,0.210676,0.01519,0.001519,0.18448,0.20195,0.2084,0.2194,0.24176,0.006916,0.00197,0.000197,0.00399,0.0056,0.0064,0.0081,0.01093,0.782408,0.01566,0.001566,0.75184,0.77195,0.7845,0.79105,0.81041,0.006916,0.00197,0.000197,0.00399,0.0056,0.0064,0.0081,0.01093,0.789324,0.01519,0.001519,0.75824,0.7806,0.7916,0.79805,0.81552
46.25,0.210496,0.01519,0.001519,0.18428,0.2017,0.2082,0.2189,0.24167,0.006678,0.00194,0.000194,0.0039,0.0054,0.0064,0.00785,0.01101,0.782826,0.01562,0.001562,0.75224,0.77235,0.785,0.79145,0.8105,0.006678,0.00194,0.000194,0.0039,0.0054,0.0064,0.00785,0.01101,0.789504,0.01519,0.001519,0.75833,0.7811,0.7918,0.7983,0.81572
46.5,0.21036,0.01514,0.001514,0.18428,0.2015,0.2081,0.2189,0.24126,0.006412,0.00192,0.000192,0.0037,0.005,0.0062,0.00745,0.01072,0.783228,0.01564,0.001564,0.75254,0.77275,0.7854,0.7917,0.8105,0.006412,0.00192,0.000192,0.0037,0.005,0.0062,0.00745,0.01072,0.78964,0.01514,0.001514,0.75874,0.7811,0.7919,0.7985,0.81572
46.75,0.210224,0.0151,0.00151,0.18418,0.2013,0.2081,0.2186,0.24086,0.0062,0.00187,0.000187,0.0036,0.005,0.0059,0.00725,0.01053,0.783576,0.0156,0.00156,0.75314,0.77295,0.7858,0.7922,0.81072,0.0062,0.00187,0.000187,0.0036,0.005,0.0059,0.00725,0.01053,0.789776,0.0151,0.00151,0.75914,0.7814,0.7919,0.7987,0.81582
47.0,0.210062,0.01505,0.001505,0.18418,0.20075,0.208,0.2183,0.24076,0.00597,0.00185,0.000185,0.0032,0.0048,0.0056,0.007,0.01022,0.783968,0.01552,0.001552,0.75363,0.7733,0.7866,0.7926,0.81081,0.00597,0.00185,0.000185,0.0032,0.0048,0.0056,0.007,0.01022,0.789938,0.01505,0.001505,0.75924,0.7817,0.792,0.79925,0.81582
47.25,0.209924,0.01505,0.001505,0.18418,0.2005,0.2078,0.2181,0.24056,0.005716,0.00181,0.000181,0.0031,0.0046,0.0054,0.00685,0.00991,0.78436,0.01551,0.001551,0.75383,0.77415,0.787,0.7932,0.81122,0.005716,0.00181,0.000181,0.0031,0.0046,0.0054,0.00685,0.00991,0.790076,0.01505,0.001505,0.75944,0.7819,0.7922,0.7995,0.81582
47.5,0.209738,0.01504,0.001504,0.1839,0.20035,0.2078,0.2181,0.24035,0.005576,0.0018,0.00018,0.003,0.0042,0.0054,0.00645,0.00931,0.784686,0.01549,0.001549,0.75424,0.77425,0.7875,0.7934,0.81163,0.005576,0.0018,0.00018,0.003,0.0042,0.0054,0.00645,0.00931,0.790262,0.01504,0.001504,0.75966,0.7819,0.7922,0.79965,0.8161
47.75,0.209572,0.01501,0.001501,0.1839,0.20015,0.2077,0.2181,0.24014,0.005426,0.00172,0.000172,0.0029,0.0042,0.0052,0.00645,0.00921,0.785002,0.01548,0.001548,0.75474,0.77465,0.7877,0.7935,0.81174,0.005426,0.00172,0.000172,0.0029,0.0042,0.0052,0.00645,0.00921,0.790428,0.01501,0.001501,0.75986,0.7819,0.7923,0.79985,0.8161
48.0,0.209448,0.01499,0.001499,0.1839,0.19975,0.2077,0.2181,0.24004,0.00523,0.00174,0.000174,0.0028,0.00415,0.005,0.0062,0.00921,0.785322,0.01548,0.001548,0.75485,0.77515,0.7879,0.794,0.81194,0.00523,0.00174,0.000174,0.0028,0.00415,0.005,0.0062,0.00921,0.790552,0.01499,0.001499,0.75996,0.7819,0.7923,0.80025,0.8161
48.25,0.209292,0.015,0.0015,0.1836,0.1995,0.2077,0.2181,0.23954,0.005074,0.00166,0.000166,0.0028,0.004,0.005,0.006,0.0086,0.785634,0.01546,0.001546,0.75505,0.77535,0.7881,0.7944,0.81204,0.005074,0.00166,0.000166,0.0028,0.004,0.005,0.006,0.0086,0.790708,0.015,0.0015,0.76046,0.7819,0.7923,0.8005,0.8164
48.5,0.209174,0.01498,0.001498,0.1835,0.1995,0.2077,0.21785,0.23954,0.004918,0.00165,0.000165,0.0024,0.0038,0.0047,0.0058,0.00831,0.785908,0.01548,0.001548,0.75547,0.7754,0.7884,0.79485,0.81236,0.004918,0.00165,0.000165,0.0024,0.0038,0.0047,0.0058,0.00831,0.790826,0.01498,0.001498,0.76046,0.78215,0.7923,0.8005,0.8165
48.75,0.209056,0.01496,0.001496,0.1834,0.1995,0.2075,0.21765,0.23954,0.004726,0.00157,0.000157,0.0023,0.00375,0.0046,0.0056,0.0076,0.786218,0.01544,0.001544,0.75587,0.77605,0.7887,0.79505,0.81264,0.004726,0.00157,0.000157,0.0023,0.00375,0.0046,0.0056,0.0076,0.790944,0.01496,0.001496,0.76046,0.78235,0.7925,0.8005,0.8166
49.0,0.208932,0.01494,0.001494,0.1831,0.19945,0.2075,0.21725,0.23945,0.00457,0.00153,0.000153,0.0022,0.00375,0.0042,0.0054,0.0076,0.786498,0.01543,0.001543,0.75598,0.77675,0.7889,0.7952,0.81305,0.00457,0.00153,0.000153,0.0022,0.00375,0.0042,0.0054,0.0076,0.791068,0.01494,0.001494,0.76055,0.78275,0.7925,0.80055,0.8169
49.25,0.208812,0.01492,0.001492,0.18289,0.1993,0.2075,0.217,0.23934,0.004426,0.0015,0.00015,0.0021,0.0036,0.0042,0.0052,0.0074,0.786762,0.01536,0.001536,0.75648,0.77725,0.7891,0.79545,0.81314,0.004426,0.0015,0.00015,0.0021,0.0036,0.0042,0.0052,0.0074,0.791188,0.01492,0.001492,0.76066,0.783,0.7925,0.8007,0.81712
49.5,0.208664,0.0149,0.00149,0.18289,0.19895,0.2075,0.21685,0.23934,0.004338,0.00149,0.000149,0.0019,0.00355,0.0042,0.00505,0.00751,0.786998,0.01531,0.001531,0.75678,0.77735,0.7892,0.7957,0.81343,0.004338,0.00149,0.000149,0.0019,0.00355,0.0042,0.00505,0.00751,0.791336,0.0149,0.00149,0.76066,0.78315,0.7925,0.80105,0.81712
49.75,0.208554,0.01487,0.001487,0.18289,0.19895,0.2075,0.21685,0.23914,0.00419,0.00145,0.000145,0.0019,0.0032,0.004,0.00485,0.00731,0.787256,0.01529,0.001529,0.75688,0.7774,0.7895,0.796,0.81381,0.00419,0.00145,0.000145,0.0019,0.0032,0.004,0.00485,0.00731,0.791446,0.01487,0.001487,0.76086,0.78315,0.7925,0.80105,0.81712
50.0,0.208458,0.01485,0.001485,0.18278,0.19875,0.2075,0.21665,0.23903,0.004004,0.00138,0.000138,0.0017,0.0032,0.004,0.00465,0.00691,0.787538,0.01526,0.001526,0.75751,0.77775,0.7895,0.79645,0.81412,0.004004,0.00138,0.000138,0.0017,0.0032,0.004,0.00465,0.00691,0.791542,0.01485,0.001485,0.76097,0.78335,0.7925,0.80125,0.81722
50.25,0.208348,0.01484,0.001484,0.18278,0.19875,0.2074,0.2165,0.23892,0.003878,0.00135,0.000135,0.0017,0.003,0.0038,0.0046,0.0066,0.787774,0.01522,0.001522,0.75771,0.7781,0.7899,0.7966,0.81421,0.003878,0.00135,0.000135,0.0017,0.003,0.0038,0.0046,0.0066,0.791652,0.01484,0.001484,0.76108,0.7835,0.7926,0.80125,0.81722
50.5,0.208248,0.01481,0.001481,0.18278,0.19875,0.2072,0.2164,0.23873,0.00374,0.00134,0.000134,0.0016,0.003,0.0038,0.0046,0.0064,0.788012,0.01518,0.001518,0.75791,0.7783,0.7902,0.79685,0.8143,0.00374,0.00134,0.000134,0.0016,0.003,0.0038,0.0046,0.0064,0.791752,0.01481,0.001481,0.76128,0.7836,0.7928,0.80125,0.81722
50.75,0.208148,0.01479,0.001479,0.18278,0.19855,0.2072,0.2159,0.23873,0.003604,0.00135,0.000135,0.0013,0.0028,0.0036,0.0042,0.00661,0.788248,0.01516,0.001516,0.75822,0.7787,0.7903,0.79705,0.8145,0.003604,0.00135,0.000135,0.0013,0.0028,0.0036,0.0042,0.00661,0.791852,0.01479,0.001479,0.76128,0.7841,0.7928,0.80145,0.81722
51.0,0.208058,0.01479,0.001479,0.18278,0.19855,0.2071,0.2158,0.23873,0.003478,0.00132,0.000132,0.0014,0.00275,0.0034,0.0042,0.00652,0.788464,0.01513,0.001513,0.75852,0.779,0.7903,0.7974,0.8145,0.003478,0.00132,0.000132,0.0014,0.00275,0.0034,0.0042,0.00652,0.791942,0.01479,0.001479,0.76128,0.7842,0.7929,0.80145,0.81722
51.25,0.207964,0.01478,0.001478,0.18278,0.1985,0.2071,0.21535,0.23852,0.003394,0.00127,0.000127,0.0013,0.0026,0.0034,0.0042,0.00611,0.788642,0.0151,0.00151,0.75852,0.7793,0.7904,0.7974,0.81472,0.003394,0.00127,0.000127,0.0013,0.0026,0.0034,0.0042,0.00611,0.792036,0.01478,0.001478,0.76148,0.78465,0.7929,0.8015,0.81722
51.5,0.207886,0.01481,0.001481,0.18278,0.1985,0.2069,0.21535,0.23842,0.003266,0.0012,0.00012,0.0013,0.00255,0.0032,0.004,0.0059,0.788848,0.01508,0.001508,0.75862,0.7795,0.7909,0.7976,0.81472,0.003266,0.0012,0.00012,0.0013,0.00255,0.0032,0.004,0.0059,0.792114,0.01481,0.001481,0.76158,0.78465,0.7931,0.8015,0.81722
51.75,0.2078,0.01482,0.001482,0.18268,0.1982,0.2068,0.21535,0.23842,0.003164,0.0012,0.00012,0.0013,0.0024,0.0032,0.0038,0.0058,0.789036,0.01505,0.001505,0.75882,0.78,0.7911,0.79785,0.81481,0.003164,0.0012,0.00012,0.0013,0.0024,0.0032,0.0038,0.0058,0.7922,0.01482,0.001482,0.76158,0.78465,0.7932,0.8018,0.81732
52.0,0.20769,0.01481,0.001481,0.18248,0.1982,0.2066,0.21515,0.23842,0.00311,0.0012,0.00012,0.001,0.0024,0.0031,0.0038,0.0056,0.7892,0.01504,0.001504,0.75893,0.7802,0.7914,0.798,0.81501,0.00311,0.0012,0.00012,0.001,0.0024,0.0031,0.0038,0.0056,0.79231,0.01481,0.001481,0.76158,0.78485,0.7934,0.8018,0.81752
52.25,0.207594,0.0148,0.00148,0.18239,0.19815,0.2066,0.21515,0.23832,0.00301,0.00115,0.000115,0.0011,0.0022,0.003,0.0038,0.00551,0.789396,0.01503,0.001503,0.75904,0.7806,0.7917,0.7982,0.81512,0.00301,0.00115,0.000115,0.0011,0.0022,0.003,0.0038,0.00551,0.792406,0.0148,0.00148,0.76168,0.78485,0.7934,0.80185,0.81761
52.5,0.20753,0.0148,0.00148,0.18228,0.19815,0.2065,0.21515,0.23832,0.00291,0.0011,0.00011,0.001,0.0022,0.003,0.0036,0.0052,0.78956,0.01498,0.001498,0.75914,0.7806,0.7921,0.79825,0.81521,0.00291,0.0011,0.00011,0.001,0.0022,0.003,0.0036,0.0052,0.79247,0.0148,0.00148,0.76168,0.78485,0.7935,0.80185,0.81772
52.75,0.207454,0.01479,0.001479,0.18218,0.198,0.2062,0.215,0.23821,0.002814,0.0011,0.00011,0.0009,0.002,0.003,0.0034,0.00501,0.789732,0.01497,0.001497,0.75944,0.7808,0.7921,0.7984,0.8157,0.002814,0.0011,0.00011,0.0009,0.002,0.003,0.0034,0.00501,0.792546,0.01479,0.001479,0.76179,0.785,0.7938,0.802,0.81782
53.0,0.207386,0.01478,0.001478,0.18218,0.1978,0.2061,0.215,0.23812,0.002744,0.00109,0.000109,0.0008,0.002,0.0028,0.00325,0.0052,0.78987,0.01496,0.001496,0.75954,0.78115,0.7923,0.7985,0.8157,0.002744,0.00109,0.000109,0.0008,0.002,0.0028,0.00325,0.0052,0.792614,0.01478,0.001478,0.76188,0.785,0.7939,0.8022,0.81782
53.25,0.20734,0.01477,0.001477,0.18218,0.1978,0.2058,0.21495,0.23802,0.002604,0.00107,0.000107,0.0007,0.00195,0.0026,0.0032,0.005,0.790056,0.01497,0.001497,0.75986,0.7814,0.7923,0.799,0.81592,0.002604,0.00107,0.000107,0.0007,0.00195,0.0026,0.0032,0.005,0.79266,0.01477,0.001477,0.76198,0.78505,0.7942,0.8022,0.81782
53.5,0.207272,0.01475,0.001475,0.18218,0.1977,0.2057,0.21475,0.23782,0.0025,0.00102,0.000102,0.0006,0.0018,0.0024,0.0032,0.00451,0.790228,0.01497,0.001497,0.76015,0.78185,0.7924,0.7993,0.81601,0.0025,0.00102,0.000102,0.0006,0.0018,0.0024,0.0032,0.00451,0.792728,0.01475,0.001475,0.76218,0.78525,0.7943,0.8023,0.81782
53.75,0.207214,0.01473,0.001473,0.18208,0.1977,0.2057,0.21445,0.23772,0.0024,0.00101,0.000101,0.0005,0.00175,0.0022,0.00305,0.0044,0.790386,0.01495,0.001495,0.76025,0.782,0.7925,0.79965,0.8161,0.0024,0.00101,0.000101,0.0005,0.00175,0.0022,0.00305,0.0044,0.792786,0.01473,0.001473,0.76228,0.78555,0.7943,0.8023,0.81792
54.0,0.207134,0.01472,0.001472,0.18208,0.1977,0.2056,0.21415,0.23752,0.002304,0.00101,0.000101,0.0005,0.0016,0.0022,0.003,0.0046,0.790562,0.01496,0.001496,0.76036,0.78215,0.7925,0.7999,0.8161,0.002304,0.00101,0.000101,0.0005,0.0016,0.0022,0.003,0.0046,0.792866,0.01472,0.001472,0.76249,0.78585,0.7944,0.8023,0.81792
54.25,0.207062,0.01472,0.001472,0.18208,0.1975,0.2056,0.21395,0.23741,0.002228,0.00097,9.7e-5,0.00059,0.0016,0.0022,0.0028,0.00431,0.79071,0.01495,0.001495,0.76057,0.78245,0.7925,0.8001,0.81621,0.002228,0.00097,9.7e-5,0.00059,0.0016,0.0022,0.0028,0.00431,0.792938,0.01472,0.001472,0.76259,0.78605,0.7944,0.8025,0.81792
54.5,0.207004,0.01471,0.001471,0.18208,0.19735,0.2056,0.21395,0.23741,0.002172,0.00098,9.8e-5,0.00059,0.0016,0.002,0.0028,0.00431,0.790824,0.01491,0.001491,0.76077,0.7828,0.7926,0.8004,0.81621,0.002172,0.00098,9.8e-5,0.00059,0.0016,0.002,0.0028,0.00431,0.792996,0.01471,0.001471,0.76259,0.78605,0.7944,0.80265,0.81792
54.75,0.20693,0.01469,0.001469,0.18186,0.19735,0.2056,0.21395,0.2372,0.00213,0.00097,9.7e-5,0.00059,0.00155,0.002,0.00265,0.00421,0.79094,0.01489,0.001489,0.76077,0.7829,0.7926,0.80045,0.81631,0.00213,0.00097,9.7e-5,0.00059,0.00155,0.002,0.00265,0.00421,0.79307,0.01469,0.001469,0.7628,0.78605,0.7944,0.80265,0.81814
55.0,0.206874,0.01469,0.001469,0.18186,0.1973,0.2056,0.2139,0.2371,0.002044,0.00095,9.5e-5,0.0005,0.0014,0.0019,0.0026,0.00392,0.791082,0.01488,0.001488,0.76106,0.78335,0.7927,0.8008,0.81661,0.002044,0.00095,9.5e-5,0.0005,0.0014,0.0019,0.0026,0.00392,0.793126,0.01469,0.001469,0.7629,0.7861,0.7944,0.8027,0.81814
55.25,0.206804,0.01465,0.001465,0.18186,0.1973,0.2055,0.2137,0.23701,0.002016,0.00096,9.6e-5,0.00039,0.0014,0.0018,0.00245,0.00392,0.79118,0.01487,0.001487,0.76117,0.7834,0.7928,0.8008,0.81661,0.002016,0.00096,9.6e-5,0.00039,0.0014,0.0018,0.00245,0.00392,0.793196,0.01465,0.001465,0.76299,0.7863,0.7945,0.8027,0.81814
55.5,0.206756,0.01465,0.001465,0.18186,0.1973,0.2055,0.2137,0.23701,0.001952,0.00097,9.7e-5,0.0003,0.0014,0.0018,0.0024,0.00401,0.791292,0.01486,0.001486,0.76128,0.78375,0.7928,0.8009,0.81681,0.001952,0.00097,9.7e-5,0.0003,0.0014,0.0018,0.0024,0.00401,0.793244,0.01465,0.001465,0.76299,0.7863,0.7945,0.8027,0.81814
55.75,0.206698,0.01463,0.001463,0.18186,0.1973,0.2054,0.2137,0.2369,0.001872,0.00093,9.3e-5,0.0003,0.0012,0.0018,0.0024,0.0038,0.79143,0.01484,0.001484,0.76148,0.78375,0.7928,0.8009,0.81681,0.001872,0.00093,9.3e-5,0.0003,0.0012,0.0018,0.0024,0.0038,0.793302,0.01463,0.001463,0.7631,0.7863,0.7946,0.8027,0.81814
56.0,0.206656,0.01464,0.001464,0.18186,0.1973,0.2053,0.2137,0.2369,0.001808,0.00093,9.3e-5,0.0003,0.0012,0.0016,0.0022,0.00391,0.791536,0.01482,0.001482,0.76178,0.7838,0.7928,0.8009,0.8169,0.001808,0.00093,9.3e-5,0.0003,0.0012,0.0016,0.0022,0.00391,0.793344,0.01464,0.001464,0.7631,0.7863,0.7947,0.8027,0.81814
56.25,0.206606,0.01462,0.001462,0.18186,0.1973,0.2053,0.21365,0.2369,0.001732,0.00091,9.1e-5,0.0003,0.001,0.0016,0.0022,0.00371,0.791662,0.01485,0.001485,0.76188,0.78395,0.7928,0.8011,0.81721,0.001732,0.00091,9.1e-5,0.0003,0.001,0.0016,0.0022,0.00371,0.793394,0.01462,0.001462,0.7631,0.78635,0.7947,0.8027,0.81814
56.5,0.206556,0.01461,0.001461,0.18186,0.1973,0.2051,0.2136,0.2368,0.001678,0.0009,9.0e-5,0.00019,0.001,0.0016,0.00205,0.00371,0.791766,0.01483,0.001483,0.76188,0.78395,0.7929,0.8011,0.81721,0.001678,0.0009,9.0e-5,0.00019,0.001,0.0016,0.00205,0.00371,0.793444,0.01461,0.001461,0.7632,0.7864,0.7949,0.8027,0.81814
56.75,0.206518,0.0146,0.00146,0.18186,0.1973,0.2051,0.21355,0.2368,0.001608,0.00092,9.2e-5,0.00019,0.001,0.0014,0.0022,0.00392,0.791874,0.01482,0.001482,0.7621,0.7843,0.7929,0.8014,0.81732,0.001608,0.00092,9.2e-5,0.00019,0.001,0.0014,0.0022,0.00392,0.793482,0.0146,0.00146,0.7632,0.78645,0.7949,0.8027,0.81814
57.0,0.206468,0.01458,0.001458,0.18186,0.1973,0.2051,0.21355,0.2367,0.001558,0.00088,8.8e-5,0.00019,0.00095,0.0014,0.00205,0.00351,0.791974,0.01481,0.001481,0.76239,0.78435,0.7929,0.8016,0.81732,0.001558,0.00088,8.8e-5,0.00019,0.00095,0.0014,0.00205,0.00351,0.793532,0.01458,0.001458,0.7633,0.78645,0.7949,0.8027,0.81814
57.25,0.206424,0.01458,0.001458,0.18186,0.1973,0.2051,0.21355,0.2367,0.001506,0.00084,8.4e-5,0.0001,0.00095,0.0014,0.002,0.0034,0.79207,0.01481,0.001481,0.76239,0.7845,0.7929,0.8016,0.81732,0.001506,0.00084,8.4e-5,0.0001,0.00095,0.0014,0.002,0.0034,0.793576,0.01458,0.001458,0.7633,0.78645,0.7949,0.8027,0.81814
57.5,0.206388,0.01457,0.001457,0.18186,0.1973,0.2051,0.2135,0.2367,0.001436,0.00083,8.3e-5,0.0001,0.0008,0.0014,0.002,0.00331,0.792176,0.01478,0.001478,0.76239,0.7845,0.793,0.80165,0.81732,0.001436,0.00083,8.3e-5,0.0001,0.0008,0.0014,0.002,0.00331,0.793612,0.01457,0.001457,0.7633,0.7865,0.7949,0.8027,0.81814
57.75,0.206358,0.01457,0.001457,0.18186,0.1973,0.2051,0.2135,0.2367,0.001378,0.00081,8.1e-5,0.0001,0.0008,0.0014,0.0018,0.00321,0.792264,0.01477,0.001477,0.7626,0.78485,0.793,0.8018,0.81742,0.001378,0.00081,8.1e-5,0.0001,0.0008,0.0014,0.0018,0.00321,0.793642,0.01457,0.001457,0.7633,0.7865,0.7949,0.8027,0.81814
58.0,0.206312,0.01455,0.001455,0.18186,0.1973,0.205,0.21345,0.2367,0.00134,0.00083,8.3e-5,0.0001,0.0006,0.0012,0.0018,0.00331,0.792348,0.01478,0.001478,0.7626,0.78495,0.7931,0.8018,0.81742,0.00134,0.00083,8.3e-5,0.0001,0.0006,0.0012,0.0018,0.00331,0.793688,0.01455,0.001455,0.7633,0.78655,0.795,0.8027,0.81814
58.25,0.206286,0.01455,0.001455,0.18186,0.19715,0.205,0.2134,0.2366,0.001284,0.00081,8.1e-5,0.0001,0.0006,0.0011,0.0016,0.00331,0.79243,0.01476,0.001476,0.7627,0.7851,0.7932,0.8018,0.81752,0.001284,0.00081,8.1e-5,0.0001,0.0006,0.0011,0.0016,0.00331,0.793714,0.01455,0.001455,0.7634,0.7866,0.795,0.80285,0.81814
58.5,0.206242,0.01453,0.001453,0.18186,0.197,0.205,0.2134,0.23651,0.001242,0.00078,7.8e-5,0.0,0.0006,0.001,0.0016,0.00311,0.792516,0.01474,0.001474,0.7629,0.78515,0.7933,0.802,0.81763,0.001242,0.00078,7.8e-5,0.0,0.0006,0.001,0.0016,0.00311,0.793758,0.01453,0.001453,0.76349,0.7866,0.795,0.803,0.81814
58.75,0.206214,0.01454,0.001454,0.18186,0.197,0.205,0.2134,0.23651,0.001194,0.00075,7.5e-5,0.0,0.0006,0.001,0.0016,0.003,0.792592,0.01474,0.001474,0.7629,0.78515,0.7936,0.80205,0.81763,0.001194,0.00075,7.5e-5,0.0,0.0006,0.001,0.0016,0.003,0.793786,0.01454,0.001454,0.76349,0.7866,0.795,0.803,0.81814
59.0,0.206188,0.01454,0.001454,0.18186,0.197,0.205,0.2134,0.23641,0.001164,0.00072,7.2e-5,0.0,0.0006,0.001,0.0016,0.003,0.792648,0.01474,0.001474,0.7629,0.78515,0.7936,0.80225,0.81783,0.001164,0.00072,7.2e-5,0.0,0.0006,0.001,0.0016,0.003,0.793812,0.01454,0.001454,0.76359,0.7866,0.795,0.803,0.81814
59.25,0.206158,0.01455,0.001455,0.18186,0.197,0.2049,0.2134,0.23641,0.00112,0.00069,6.9e-5,0.0,0.0006,0.001,0.0014,0.00261,0.792722,0.01472,0.001472,0.7629,0.78515,0.7936,0.80225,0.81783,0.00112,0.00069,6.9e-5,0.0,0.0006,0.001,0.0014,0.00261,0.793842,0.01455,0.001455,0.76359,0.7866,0.7951,0.803,0.81814
59.5,0.206128,0.01455,0.001455,0.18186,0.197,0.2049,0.2134,0.23641,0.001084,0.00066,6.6e-5,0.0,0.0006,0.001,0.0014,0.00251,0.792788,0.01469,0.001469,0.7629,0.78555,0.7936,0.80225,0.81783,0.001084,0.00066,6.6e-5,0.0,0.0006,0.001,0.0014,0.00251,0.793872,0.01455,0.001455,0.76359,0.7866,0.7951,0.803,0.81814
59.75,0.206102,0.01454,0.001454,0.18177,0.197,0.2048,0.2134,0.23641,0.001048,0.00065,6.5e-5,0.0,0.0006,0.001,0.0014,0.00251,0.79285,0.0147,0.00147,0.7629,0.7857,0.7936,0.8024,0.81783,0.001048,0.00065,6.5e-5,0.0,0.0006,0.001,0.0014,0.00251,0.793898,0.01454,0.001454,0.76359,0.7866,0.7952,0.803,0.81823
60.0,0.206074,0.01454,0.001454,0.18177,0.197,0.2048,0.2134,0.23641,0.001022,0.00065,6.5e-5,0.0,0.0006,0.001,0.0014,0.00251,0.792904,0.01469,0.001469,0.7629,0.78575,0.7937,0.80245,0.81783,0.001022,0.00065,6.5e-5,0.0,0.0006,0.001,0.0014,0.00251,0.793926,0.01454,0.001454,0.76359,0.7866,0.7952,0.803,0.81823
60.25,0.206056,0.01453,0.001453,0.18177,0.197,0.2047,0.2131,0.23641,0.000982,0.00063,6.3e-5,0.0,0.00055,0.0009,0.0012,0.0024,0.792962,0.0147,0.00147,0.7629,0.78575,0.794,0.80245,0.81794,0.000982,0.00063,6.3e-5,0.0,0.00055,0.0009,0.0012,0.0024,0.793944,0.01453,0.001453,0.76359,0.7869,0.7953,0.803,0.81823
60.5,0.206036,0.01453,0.001453,0.18177,0.197,0.2047,0.2131,0.23641,0.00095,0.00061,6.1e-5,0.0,0.0004,0.0008,0.0012,0.0024,0.793014,0.01469,0.001469,0.7629,0.78575,0.794,0.8026,0.81794,0.00095,0.00061,6.1e-5,0.0,0.0004,0.0008,0.0012,0.0024,0.793964,0.01453,0.001453,0.76359,0.7869,0.7953,0.803,0.81823
60.75,0.206016,0.01454,0.001454,0.18177,0.19695,0.2047,0.2131,0.23641,0.000912,0.00061,6.1e-5,0.0,0.0004,0.0008,0.0012,0.00251,0.793072,0.01468,0.001468,0.7629,0.78575,0.794,0.80265,0.81794,0.000912,0.00061,6.1e-5,0.0,0.0004,0.0008,0.0012,0.00251,0.793984,0.01454,0.001454,0.76359,0.7869,0.7953,0.80305,0.81823
61.0,0.20599,0.01452,0.001452,0.18177,0.19695,0.2046,0.2131,0.23632,0.000882,0.00059,5.9e-5,0.0,0.0004,0.0008,0.0012,0.0024,0.793128,0.01467,0.001467,0.7629,0.7858,0.794,0.8028,0.81794,0.000882,0.00059,5.9e-5,0.0,0.0004,0.0008,0.0012,0.0024,0.79401,0.01452,0.001452,0.76368,0.7869,0.7954,0.80305,0.81823
61.25,0.205974,0.01452,0.001452,0.18177,0.19695,0.2046,0.2131,0.23632,0.000834,0.00058,5.8e-5,0.0,0.0004,0.0008,0.0012,0.00231,0.793192,0.01465,0.001465,0.7629,0.78585,0.7941,0.8028,0.81794,0.000834,0.00058,5.8e-5,0.0,0.0004,0.0008,0.0012,0.00231,0.794026,0.01452,0.001452,0.76368,0.7869,0.7954,0.80305,0.81823
61.5,0.205948,0.01451,0.001451,0.18167,0.19695,0.2046,0.2131,0.23632,0.00081,0.00056,5.6e-5,0.0,0.0004,0.0008,0.0012,0.00231,0.793242,0.01463,0.001463,0.76308,0.78585,0.7943,0.8028,0.81794,0.00081,0.00056,5.6e-5,0.0,0.0004,0.0008,0.0012,0.00231,0.794052,0.01451,0.001451,0.76368,0.7869,0.7954,0.80305,0.81834
61.75,0.205924,0.01451,0.001451,0.18167,0.1968,0.2046,0.21295,0.23632,0.000798,0.00054,5.4e-5,0.0,0.0004,0.0008,0.001,0.0022,0.793278,0.01461,0.001461,0.76319,0.78585,0.7944,0.8028,0.81803,0.000798,0.00054,5.4e-5,0.0,0.0004,0.0008,0.001,0.0022,0.794076,0.01451,0.001451,0.76368,0.78705,0.7954,0.8032,0.81834
62.0,0.205902,0.0145,0.00145,0.18167,0.1968,0.2044,0.21295,0.23632,0.000776,0.00054,5.4e-5,0.0,0.0004,0.0006,0.001,0.00211,0.793322,0.01459,0.001459,0.76319,0.78595,0.7945,0.8028,0.81803,0.000776,0.00054,5.4e-5,0.0,0.0004,0.0006,0.001,0.00211,0.794098,0.0145,0.00145,0.76368,0.78705,0.7956,0.8032,0.81834
62.25,0.205886,0.01449,0.001449,0.18167,0.1968,0.2044,0.21295,0.23622,0.000746,0.00053,5.3e-5,0.0,0.0004,0.0006,0.001,0.00211,0.793368,0.01457,0.001457,0.76319,0.786,0.7945,0.8028,0.81803,0.000746,0.00053,5.3e-5,0.0,0.0004,0.0006,0.001,0.00211,0.794114,0.01449,0.001449,0.76378,0.78705,0.7956,0.8032,0.81834
62.5,0.205862,0.01449,0.001449,0.18167,0.1968,0.2044,0.21295,0.23622,0.000722,0.00054,5.4e-5,0.0,0.0004,0.0006,0.001,0.00212,0.793416,0.01456,0.001456,0.7634,0.786,0.7945,0.8028,0.81803,0.000722,0.00054,5.4e-5,0.0,0.0004,0.0006,0.001,0.00212,0.794138,0.01449,0.001449,0.76378,0.78705,0.7956,0.8032,0.81834
62.75,0.205848,0.01448,0.001448,0.18167,0.1968,0.2043,0.21295,0.23622,0.000702,0.00054,5.4e-5,0.0,0.0004,0.0006,0.001,0.00212,0.79345,0.01456,0.001456,0.7634,0.7863,0.7946,0.8028,0.81803,0.000702,0.00054,5.4e-5,0.0,0.0004,0.0006,0.001,0.00212,0.794152,0.01448,0.001448,0.76378,0.78705,0.7957,0.8032,0.81834
63.0,0.20582,0.01448,0.001448,0.18167,0.1968,0.2043,0.21295,0.23622,0.000686,0.00054,5.4e-5,0.0,0.0004,0.0006,0.001,0.00221,0.793494,0.01455,0.001455,0.7634,0.78645,0.7946,0.80285,0.81803,0.000686,0.00054,5.4e-5,0.0,0.0004,0.0006,0.001,0.00221,0.79418,0.01448,0.001448,0.76378,0.78705,0.7957,0.8032,0.81834
63.25,0.205806,0.01448,0.001448,0.18167,0.1968,0.204,0.21295,0.23622,0.000654,0.00053,5.3e-5,0.0,0.0002,0.0006,0.00085,0.00221,0.79354,0.01454,0.001454,0.7634,0.78645,0.7947,0.80285,0.81803,0.000654,0.00053,5.3e-5,0.0,0.0002,0.0006,0.00085,0.00221,0.794194,0.01448,0.001448,0.76378,0.78705,0.796,0.8032,0.81834
63.5,0.205786,0.01448,0.001448,0.18167,0.1968,0.2038,0.21295,0.23622,0.00063,0.00051,5.1e-5,0.0,0.0002,0.0006,0.0008,0.00181,0.793584,0.01453,0.001453,0.7634,0.7865,0.7949,0.80285,0.81803,0.00063,0.00051,5.1e-5,0.0,0.0002,0.0006,0.0008,0.00181,0.794214,0.01448,0.001448,0.76378,0.78705,0.7962,0.8032,0.81834
63.75,0.205772,0.01448,0.001448,0.18167,0.1968,0.2038,0.21295,0.23622,0.0006,0.0005,5.0e-5,0.0,0.0002,0.0006,0.0008,0.00181,0.793628,0.01451,0.001451,0.7634,0.78655,0.7949,0.80285,0.81814,0.0006,0.0005,5.0e-5,0.0,0.0002,0.0006,0.0008,0.00181,0.794228,0.01448,0.001448,0.76378,0.78705,0.7962,0.8032,0.81834
64.0,0.205754,0.01448,0.001448,0.18167,0.19675,0.2038,0.21295,0.23622,0.000572,0.00049,4.9e-5,0.0,0.0002,0.0004,0.0008,0.00192,0.793674,0.01451,0.001451,0.7634,0.78655,0.7949,0.80285,0.81814,0.000572,0.00049,4.9e-5,0.0,0.0002,0.0004,0.0008,0.00192,0.794246,0.01448,0.001448,0.76378,0.78705,0.7962,0.80325,0.81834
64.25,0.205734,0.01448,0.001448,0.18167,0.19675,0.2037,0.21295,0.23622,0.000556,0.00049,4.9e-5,0.0,0.0002,0.0004,0.0008,0.00161,0.79371,0.0145,0.00145,0.7634,0.78655,0.7951,0.80285,0.81824,0.000556,0.00049,4.9e-5,0.0,0.0002,0.0004,0.0008,0.00161,0.794266,0.01448,0.001448,0.76378,0.78705,0.7963,0.80325,0.81834
64.5,0.205722,0.01449,0.001449,0.18157,0.19675,0.2037,0.21295,0.23622,0.00052,0.00045,4.5e-5,0.0,0.0002,0.0004,0.0008,0.0016,0.793758,0.01451,0.001451,0.7634,0.78655,0.7952,0.80285,0.81824,0.00052,0.00045,4.5e-5,0.0,0.0002,0.0004,0.0008,0.0016,0.794278,0.01449,0.001449,0.76378,0.78705,0.7963,0.80325,0.81843
64.75,0.205708,0.01449,0.001449,0.18157,0.19675,0.2037,0.21295,0.23622,0.000498,0.00043,4.3e-5,0.0,0.0002,0.0004,0.0008,0.00151,0.793794,0.01451,0.001451,0.7634,0.7866,0.7953,0.80285,0.81824,0.000498,0.00043,4.3e-5,0.0,0.0002,0.0004,0.0008,0.00151,0.794292,0.01449,0.001449,0.76378,0.78705,0.7963,0.80325,0.81843
65.0,0.20569,0.01449,0.001449,0.18157,0.19675,0.2036,0.21295,0.23622,0.000484,0.00044,4.4e-5,0.0,0.0002,0.0004,0.0006,0.0016,0.793826,0.0145,0.00145,0.76349,0.78675,0.7953,0.80285,0.81824,0.000484,0.00044,4.4e-5,0.0,0.0002,0.0004,0.0006,0.0016,0.79431,0.01449,0.001449,0.76378,0.78705,0.7964,0.80325,0.81843
65.25,0.205684,0.01449,0.001449,0.18157,0.19675,0.2036,0.21295,0.23622,0.000456,0.00043,4.3e-5,0.0,0.0002,0.0004,0.0006,0.0016,0.79386,0.01451,0.001451,0.76349,0.78675,0.7953,0.80285,0.81824,0.000456,0.00043,4.3e-5,0.0,0.0002,0.0004,0.0006,0.0016,0.794316,0.01449,0.001449,0.76378,0.78705,0.7964,0.80325,0.81843
65.5,0.205678,0.01449,0.001449,0.18157,0.19675,0.2036,0.21295,0.23622,0.000436,0.00043,4.3e-5,0.0,0.0002,0.0004,0.0006,0.0016,0.793886,0.0145,0.00145,0.76349,0.7869,0.7953,0.80285,0.81824,0.000436,0.00043,4.3e-5,0.0,0.0002,0.0004,0.0006,0.0016,0.794322,0.01449,0.001449,0.76378,0.78705,0.7964,0.80325,0.81843
65.75,0.205658,0.01448,0.001448,0.18157,0.19675,0.2036,0.21295,0.23603,0.000432,0.00043,4.3e-5,0.0,0.0002,0.0004,0.0006,0.00171,0.79391,0.01451,0.001451,0.76349,0.7869,0.7953,0.803,0.81824,0.000432,0.00043,4.3e-5,0.0,0.0002,0.0004,0.0006,0.00171,0.794342,0.01448,0.001448,0.76397,0.78705,0.7964,0.80325,0.81843
66.0,0.205648,0.01448,0.001448,0.18157,0.19675,0.2036,0.21295,0.23603,0.00041,0.00041,4.1e-5,0.0,0.0002,0.0004,0.0006,0.00151,0.793942,0.01451,0.001451,0.76349,0.7869,0.7954,0.803,0.81824,0.00041,0.00041,4.1e-5,0.0,0.0002,0.0004,0.0006,0.00151,0.794352,0.01448,0.001448,0.76397,0.78705,0.7964,0.80325,0.81843
66.25,0.205642,0.01448,0.001448,0.18157,0.19675,0.2036,0.21295,0.23594,0.00039,0.00038,3.8e-5,0.0,0.0002,0.0002,0.0006,0.0014,0.793968,0.01452,0.001452,0.76349,0.7869,0.7954,0.803,0.81824,0.00039,0.00038,3.8e-5,0.0,0.0002,0.0002,0.0006,0.0014,0.794358,0.01448,0.001448,0.76406,0.78705,0.7964,0.80325,0.81843
66.5,0.205626,0.01447,0.001447,0.18157,0.19675,0.2036,0.21295,0.23594,0.000392,0.00038,3.8e-5,0.0,0.0002,0.0002,0.0006,0.0014,0.793982,0.01451,0.001451,0.76349,0.7869,0.7954,0.803,0.81824,0.000392,0.00038,3.8e-5,0.0,0.0002,0.0002,0.0006,0.0014,0.794374,0.01447,0.001447,0.76406,0.78705,0.7964,0.80325,0.81843
66.75,0.205612,0.01447,0.001447,0.18157,0.19675,0.2035,0.21295,0.23594,0.000376,0.00038,3.8e-5,0.0,0.0,0.0002,0.0006,0.00131,0.794012,0.01451,0.001451,0.76359,0.78705,0.7955,0.80305,0.81824,0.000376,0.00038,3.8e-5,0.0,0.0,0.0002,0.0006,0.00131,0.794388,0.01447,0.001447,0.76406,0.78705,0.7965,0.80325,0.81843
67.0,0.20561,0.01447,0.001447,0.18157,0.19675,0.2035,0.21295,0.23594,0.00036,0.00037,3.7e-5,0.0,0.0,0.0002,0.0006,0.00131,0.79403,0.01451,0.001451,0.76368,0.78705,0.7955,0.80305,0.81824,0.00036,0.00037,3.7e-5,0.0,0.0,0.0002,0.0006,0.00131,0.79439,0.01447,0.001447,0.76406,0.78705,0.7965,0.80325,0.81843
67.25,0.205596,0.01447,0.001447,0.18157,0.19675,0.2035,0.21295,0.23584,0.000352,0.00037,3.7e-5,0.0,0.0,0.0002,0.00045,0.0012,0.794052,0.01451,0.001451,0.76368,0.78705,0.7955,0.8031,0.81824,0.000352,0.00037,3.7e-5,0.0,0.0,0.0002,0.00045,0.0012,0.794404,0.01447,0.001447,0.76416,0.78705,0.7965,0.80325,0.81843
67.5,0.205586,0.01447,0.001447,0.18157,0.19675,0.2035,0.21295,0.23584,0.00034,0.00037,3.7e-5,0.0,0.0,0.0002,0.0004,0.0012,0.794074,0.01451,0.001451,0.76378,0.78705,0.7956,0.8031,0.81824,0.00034,0.00037,3.7e-5,0.0,0.0,0.0002,0.0004,0.0012,0.794414,0.01447,0.001447,0.76416,0.78705,0.7965,0.80325,0.81843
67.75,0.205576,0.01447,0.001447,0.18157,0.19675,0.2035,0.21295,0.23584,0.00033,0.00038,3.8e-5,0.0,0.0,0.0002,0.0004,0.00131,0.794094,0.0145,0.00145,0.76397,0.78705,0.7956,0.8031,0.81824,0.00033,0.00038,3.8e-5,0.0,0.0,0.0002,0.0004,0.00131,0.794424,0.01447,0.001447,0.76416,0.78705,0.7965,0.80325,0.81843
68.0,0.205562,0.01446,0.001446,0.18157,0.19675,0.2035,0.21295,0.23584,0.000322,0.00039,3.9e-5,0.0,0.0,0.0002,0.0004,0.0014,0.794116,0.01449,0.001449,0.76406,0.78705,0.7956,0.8031,0.81824,0.000322,0.00039,3.9e-5,0.0,0.0,0.0002,0.0004,0.0014,0.794438,0.01446,0.001446,0.76416,0.78705,0.7965,0.80325,0.81843
68.25,0.205556,0.01447,0.001447,0.18157,0.19675,0.2035,0.21295,0.23584,0.000304,0.00038,3.8e-5,0.0,0.0,0.0002,0.0004,0.0012,0.79414,0.01448,0.001448,0.76406,0.78705,0.7958,0.80325,0.81824,0.000304,0.00038,3.8e-5,0.0,0.0,0.0002,0.0004,0.0012,0.794444,0.01447,0.001447,0.76416,0.78705,0.7965,0.80325,0.81843
68.5,0.205544,0.01446,0.001446,0.18157,0.19675,0.2035,0.21295,0.23584,0.000294,0.00037,3.7e-5,0.0,0.0,0.0002,0.0004,0.0012,0.794162,0.01448,0.001448,0.76406,0.78705,0.7959,0.80325,0.81824,0.000294,0.00037,3.7e-5,0.0,0.0,0.0002,0.0004,0.0012,0.794456,0.01446,0.001446,0.76416,0.78705,0.7965,0.80325,0.81843
68.75,0.205534,0.01446,0.001446,0.18157,0.19675,0.2035,0.21295,0.23584,0.00028,0.00037,3.7e-5,0.0,0.0,0.0002,0.0004,0.00111,0.794186,0.01448,0.001448,0.76406,0.78705,0.796,0.80325,0.81824,0.00028,0.00037,3.7e-5,0.0,0.0,0.0002,0.0004,0.00111,0.794466,0.01446,0.001446,0.76416,0.78705,0.7965,0.80325,0.81843
69.0,0.205526,0.01446,0.001446,0.18157,0.19675,0.2035,0.21295,0.23584,0.000266,0.00036,3.6e-5,0.0,0.0,0.0002,0.0004,0.001,0.794208,0.01448,0.001448,0.76406,0.78705,0.796,0.80325,0.81824,0.000266,0.00036,3.6e-5,0.0,0.0,0.0002,0.0004,0.001,0.794474,0.01446,0.001446,0.76416,0.78705,0.7965,0.80325,0.81843
69.25,0.205522,0.01446,0.001446,0.18157,0.19675,0.2035,0.21295,0.23584,0.000258,0.00035,3.5e-5,0.0,0.0,0.0002,0.0004,0.001,0.79422,0.01448,0.001448,0.76406,0.78705,0.796,0.80325,0.81824,0.000258,0.00035,3.5e-5,0.0,0.0,0.0002,0.0004,0.001,0.794478,0.01446,0.001446,0.76416,0.78705,0.7965,0.80325,0.81843
69.5,0.20552,0.01446,0.001446,0.18157,0.19675,0.2035,0.21295,0.23584,0.000246,0.00033,3.3e-5,0.0,0.0,0.0002,0.0004,0.001,0.794234,0.01447,0.001447,0.76406,0.78705,0.796,0.80325,0.81824,0.000246,0.00033,3.3e-5,0.0,0.0,0.0002,0.0004,0.001,0.79448,0.01446,0.001446,0.76416,0.78705,0.7965,0.80325,0.81843
69.75,0.205516,0.01446,0.001446,0.18157,0.19675,0.2035,0.21295,0.23584,0.000236,0.00033,3.3e-5,0.0,0.0,0.0002,0.0004,0.00091,0.794248,0.01447,0.001447,0.76406,0.78705,0.7961,0.80325,0.81824,0.000236,0.00033,3.3e-5,0.0,0.0,0.0002,0.0004,0.00091,0.794484,0.01446,0.001446,0.76416,0.78705,0.7965,0.80325,0.81843
70.0,0.205512,0.01446,0.001446,0.18157,0.19675,0.2035,0.21295,0.23584,0.000224,0.00032,3.2e-5,0.0,0.0,0.0,0.0004,0.00091,0.794264,0.01447,0.001447,0.76406,0.78705,0.7961,0.80325,0.81824,0.000224,0.00032,3.2e-5,0.0,0.0,0.0,0.0004,0.00091,0.794488,0.01446,0.001446,0.76416,0.78705,0.7965,0.80325,0.81843
70.25,0.205504,0.01446,0.001446,0.18157,0.19675,0.2034,0.21295,0.23584,0.000226,0.00032,3.2e-5,0.0,0.0,0.0,0.0004,0.0008,0.79427,0.01447,0.001447,0.76406,0.78705,0.7961,0.80325,0.81824,0.000226,0.00032,3.2e-5,0.0,0.0,0.0,0.0004,0.0008,0.794496,0.01446,0.001446,0.76416,0.78705,0.7966,0.80325,0.81843
70.5,0.205502,0.01446,0.001446,0.18157,0.1966,0.2034,0.21295,0.23584,0.000224,0.00032,3.2e-5,0.0,0.0,0.0,0.0004,0.0008,0.794274,0.01447,0.001447,0.76406,0.78705,0.7962,0.80325,0.81824,0.000224,0.00032,3.2e-5,0.0,0.0,0.0,0.0004,0.0008,0.794498,0.01446,0.001446,0.76416,0.78705,0.7966,0.8034,0.81843
70.75,0.205494,0.01446,0.001446,0.18157,0.1966,0.2034,0.21295,0.23584,0.000212,0.00032,3.2e-5,0.0,0.0,0.0,0.0004,0.00091,0.794294,0.01447,0.001447,0.76406,0.78705,0.7963,0.80325,0.81824,0.000212,0.00032,3.2e-5,0.0,0.0,0.0,0.0004,0.00091,0.794506,0.01446,0.001446,0.76416,0.78705,0.7966,0.8034,0.81843
71.0,0.205492,0.01445,0.001445,0.18157,0.1966,0.2034,0.21295,0.23584,0.000202,0.00031,3.1e-5,0.0,0.0,0.0,0.0004,0.0008,0.794306,0.01447,0.001447,0.76406,0.78705,0.7963,0.80325,0.81824,0.000202,0.00031,3.1e-5,0.0,0.0,0.0,0.0004,0.0008,0.794508,0.01445,0.001445,0.76416,0.78705,0.7966,0.8034,0.81843
71.25,0.205484,0.01445,0.001445,0.18157,0.1966,0.2034,0.21295,0.23584,0.000198,0.00031,3.1e-5,0.0,0.0,0.0,0.0004,0.001,0.794318,0.01447,0.001447,0.76406,0.78705,0.7963,0.80325,0.81824,0.000198,0.00031,3.1e-5,0.0,0.0,0.0,0.0004,0.001,0.794516,0.01445,0.001445,0.76416,0.78705,0.7966,0.8034,0.81843
71.5,0.205482,0.01445,0.001445,0.18157,0.1966,0.2034,0.21295,0.23584,0.00018,0.00027,2.7e-5,0.0,0.0,0.0,0.00025,0.0008,0.794338,0.01446,0.001446,0.76406,0.78705,0.7964,0.80325,0.81834,0.00018,0.00027,2.7e-5,0.0,0.0,0.0,0.00025,0.0008,0.794518,0.01445,0.001445,0.76416,0.78705,0.7966,0.8034,0.81843
71.75,0.205478,0.01445,0.001445,0.18157,0.1966,0.2034,0.21295,0.23584,0.000178,0.00027,2.7e-5,0.0,0.0,0.0,0.0004,0.0008,0.794344,0.01446,0.001446,0.76406,0.78705,0.7964,0.80325,0.81834,0.000178,0.00027,2.7e-5,0.0,0.0,0.0,0.0004,0.0008,0.794522,0.01445,0.001445,0.76416,0.78705,0.7966,0.8034,0.81843
72.0,0.20547,0.01445,0.001445,0.18157,0.1966,0.2034,0.21295,0.23584,0.000176,0.00027,2.7e-5,0.0,0.0,0.0,0.0004,0.0008,0.794354,0.01446,0.001446,0.76406,0.78705,0.7964,0.80325,0.81834,0.000176,0.00027,2.7e-5,0.0,0.0,0.0,0.0004,0.0008,0.79453,0.01445,0.001445,0.76416,0.78705,0.7966,0.8034,0.81843
72.25,0.205468,0.01444,0.001444,0.18157,0.1966,0.2034,0.21295,0.23584,0.00017,0.00025,2.5e-5,0.0,0.0,0.0,0.0004,0.0008,0.794362,0.01446,0.001446,0.76406,0.78705,0.7964,0.80325,0.81834,0.00017,0.00025,2.5e-5,0.0,0.0,0.0,0.0004,0.0008,0.794532,0.01444,0.001444,0.76416,0.78705,0.7966,0.8034,0.81843
72.5,0.205466,0.01444,0.001444,0.18157,0.1966,0.2034,0.21295,0.23584,0.000162,0.00024,2.4e-5,0.0,0.0,0.0,0.0004,0.0008,0.794372,0.01446,0.001446,0.76406,0.78705,0.7964,0.80325,0.81834,0.000162,0.00024,2.4e-5,0.0,0.0,0.0,0.0004,0.0008,0.794534,0.01444,0.001444,0.76416,0.78705,0.7966,0.8034,0.81843
72.75,0.205466,0.01444,0.001444,0.18157,0.1966,0.2034,0.21295,0.23584,0.000152,0.00022,2.2e-5,0.0,0.0,0.0,0.0004,0.00071,0.794382,0.01446,0.001446,0.76406,0.78705,0.7964,0.80325,0.81834,0.000152,0.00022,2.2e-5,0.0,0.0,0.0,0.0004,0.00071,0.794534,0.01444,0.001444,0.76416,0.78705,0.7966,0.8034,0.81843
73.0,0.205462,0.01444,0.001444,0.18157,0.1966,0.2034,0.21295,0.23584,0.000146,0.00023,2.3e-5,0.0,0.0,0.0,0.00025,0.0008,0.794392,0.01446,0.001446,0.76406,0.78705,0.7964,0.80325,0.81834,0.000146,0.00023,2.3e-5,0.0,0.0,0.0,0.00025,0.0008,0.794538,0.01444,0.001444,0.76416,0.78705,0.7966,0.8034,0.81843
73.25,0.20546,0.01444,0.001444,0.18157,0.1966,0.2034,0.21295,0.23584,0.00014,0.00022,2.2e-5,0.0,0.0,0.0,0.0002,0.0008,0.7944,0.01447,0.001447,0.76406,0.78705,0.7964,0.80325,0.81834,0.00014,0.00022,2.2e-5,0.0,0.0,0.0,0.0002,0.0008,0.79454,0.01444,0.001444,0.76416,0.78705,0.7966,0.8034,0.81843
73.5,0.205456,0.01444,0.001444,0.18157,0.1966,0.2034,0.21295,0.23584,0.000132,0.00022,2.2e-5,0.0,0.0,0.0,0.0002,0.0008,0.794412,0.01447,0.001447,0.76406,0.78705,0.7965,0.80325,0.81834,0.000132,0.00022,2.2e-5,0.0,0.0,0.0,0.0002,0.0008,0.794544,0.01444,0.001444,0.76416,0.78705,0.7966,0.8034,0.81843
73.75,0.205452,0.01444,0.001444,0.18157,0.1966,0.2034,0.21295,0.23575,0.00013,0.00022,2.2e-5,0.0,0.0,0.0,0.0002,0.00071,0.794418,0.01447,0.001447,0.76406,0.78705,0.7965,0.80325,0.81834,0.00013,0.00022,2.2e-5,0.0,0.0,0.0,0.0002,0.00071,0.794548,0.01444,0.001444,0.76425,0.78705,0.7966,0.8034,0.81843
74.0,0.205448,0.01444,0.001444,0.18157,0.1966,0.2034,0.21295,0.23575,0.000126,0.00022,2.2e-5,0.0,0.0,0.0,0.0002,0.00071,0.794426,0.01446,0.001446,0.76406,0.78705,0.7965,0.80325,0.81834,0.000126,0.00022,2.2e-5,0.0,0.0,0.0,0.0002,0.00071,0.794552,0.01444,0.001444,0.76425,0.78705,0.7966,0.8034,0.81843
74.25,0.205448,0.01444,0.001444,0.18157,0.1966,0.2034,0.21295,0.23575,0.000122,0.00021,2.1e-5,0.0,0.0,0.0,0.0002,0.0006,0.79443,0.01447,0.001447,0.76406,0.78705,0.7965,0.80325,0.81834,0.000122,0.00021,2.1e-5,0.0,0.0,0.0,0.0002,0.0006,0.794552,0.01444,0.001444,0.76425,0.78705,0.7966,0.8034,0.81843
74.5,0.205442,0.01445,0.001445,0.18157,0.19655,0.2034,0.21295,0.23575,0.000118,0.00021,2.1e-5,0.0,0.0,0.0,0.0002,0.0006,0.79444,0.01446,0.001446,0.76406,0.78705,0.7965,0.80325,0.81834,0.000118,0.00021,2.1e-5,0.0,0.0,0.0,0.0002,0.0006,0.794558,0.01445,0.001445,0.76425,0.78705,0.7966,0.80345,0.81843
74.75,0.205434,0.01444,0.001444,0.18157,0.19655,0.2034,0.21295,0.23565,0.000118,0.00021,2.1e-5,0.0,0.0,0.0,0.0002,0.0006,0.794448,0.01446,0.001446,0.76406,0.78705,0.7965,0.80325,0.81834,0.000118,0.00021,2.1e-5,0.0,0.0,0.0,0.0002,0.0006,0.794566,0.01444,0.001444,0.76435,0.78705,0.7966,0.80345,0.81843
75.0,0.205434,0.01444,0.001444,0.18157,0.19655,0.2034,0.21295,0.23565,0.000114,0.0002,2.0e-5,0.0,0.0,0.0,0.0002,0.0006,0.794452,0.01446,0.001446,0.76406,0.78705,0.7965,0.80325,0.81834,0.000114,0.0002,2.0e-5,0.0,0.0,0.0,0.0002,0.0006,0.794566,0.01444,0.001444,0.76435,0.78705,0.7966,0.80345,0.81843
75.25,0.205432,0.01444,0.001444,0.18157,0.19655,0.2034,0.21295,0.23565,0.000112,0.0002,2.0e-5,0.0,0.0,0.0,0.0002,0.00071,0.794456,0.01447,0.001447,0.76406,0.78705,0.7965,0.80325,0.81834,0.000112,0.0002,2.0e-5,0.0,0.0,0.0,0.0002,0.00071,0.794568,0.01444,0.001444,0.76435,0.78705,0.7966,0.80345,0.81843
75.5,0.205428,0.01444,0.001444,0.18157,0.1965,0.2034,0.21295,0.23565,0.000112,0.0002,2.0e-5,0.0,0.0,0.0,0.0002,0.00071,0.79446,0.01446,0.001446,0.76406,0.78705,0.7965,0.80325,0.81834,0.000112,0.0002,2.0e-5,0.0,0.0,0.0,0.0002,0.00071,0.794572,0.01444,0.001444,0.76435,0.78705,0.7966,0.8035,0.81843
75.75,0.205426,0.01444,0.001444,0.18157,0.1965,0.2034,0.21295,0.23565,0.00011,0.00021,2.1e-5,0.0,0.0,0.0,0.0002,0.00071,0.794464,0.01446,0.001446,0.76406,0.78705,0.7965,0.80325,0.81834,0.00011,0.00021,2.1e-5,0.0,0.0,0.0,0.0002,0.00071,0.794574,0.01444,0.001444,0.76435,0.78705,0.7966,0.8035,0.81843
76.0,0.20542,0.01444,0.001444,0.18157,0.1965,0.2034,0.21295,0.23565,0.000108,0.00022,2.2e-5,0.0,0.0,0.0,0.0002,0.0008,0.794472,0.01446,0.001446,0.76416,0.78705,0.7965,0.80325,0.81834,0.000108,0.00022,2.2e-5,0.0,0.0,0.0,0.0002,0.0008,0.79458,0.01444,0.001444,0.76435,0.78705,0.7966,0.8035,0.81843
76.25,0.205414,0.01444,0.001444,0.18157,0.1965,0.2034,0.21295,0.23565,0.000106,0.00021,2.1e-5,0.0,0.0,0.0,0.0002,0.0008,0.79448,0.01446,0.001446,0.76416,0.78705,0.7965,0.80325,0.81843,0.000106,0.00021,2.1e-5,0.0,0.0,0.0,0.0002,0.0008,0.794586,0.01444,0.001444,0.76435,0.78705,0.7966,0.8035,0.81843
76.5,0.205412,0.01444,0.001444,0.18157,0.1965,0.2034,0.21295,0.23565,0.000102,0.00021,2.1e-5,0.0,0.0,0.0,0.0002,0.00071,0.794486,0.01446,0.001446,0.76416,0.78705,0.7965,0.80325,0.81843,0.000102,0.00021,2.1e-5,0.0,0.0,0.0,0.0002,0.00071,0.794588,0.01444,0.001444,0.76435,0.78705,0.7966,0.8035,0.81843
76.75,0.205408,0.01443,0.001443,0.18157,0.1965,0.2034,0.21295,0.23556,9.8e-5,0.00021,2.1e-5,0.0,0.0,0.0,5.0e-5,0.00071,0.794494,0.01446,0.001446,0.76416,0.78705,0.7965,0.80325,0.81843,9.8e-5,0.00021,2.1e-5,0.0,0.0,0.0,5.0e-5,0.00071,0.794592,0.01443,0.001443,0.76444,0.78705,0.7966,0.8035,0.81843
77.0,0.205406,0.01443,0.001443,0.18157,0.1965,0.2034,0.21295,0.23556,9.2e-5,0.0002,2.0e-5,0.0,0.0,0.0,0.0,0.0006,0.794502,0.01445,0.001445,0.76425,0.78705,0.7965,0.80325,0.81843,9.2e-5,0.0002,2.0e-5,0.0,0.0,0.0,0.0,0.0006,0.794594,0.01443,0.001443,0.76444,0.78705,0.7966,0.8035,0.81843
77.25,0.205402,0.01444,0.001444,0.18157,0.1965,0.2034,0.21295,0.23556,8.6e-5,0.00019,1.9e-5,0.0,0.0,0.0,0.0,0.0006,0.794512,0.01445,0.001445,0.76425,0.78705,0.7965,0.80325,0.81843,8.6e-5,0.00019,1.9e-5,0.0,0.0,0.0,0.0,0.0006,0.794598,0.01444,0.001444,0.76444,0.78705,0.7966,0.8035,0.81843
77.5,0.205402,0.01444,0.001444,0.18157,0.1965,0.2034,0.21295,0.23556,7.2e-5,0.00016,1.6e-5,0.0,0.0,0.0,0.0,0.0006,0.794526,0.01445,0.001445,0.76435,0.78705,0.7965,0.8034,0.81843,7.2e-5,0.00016,1.6e-5,0.0,0.0,0.0,0.0,0.0006,0.794598,0.01444,0.001444,0.76444,0.78705,0.7966,0.8035,0.81843
77.75,0.205402,0.01444,0.001444,0.18157,0.1965,0.2034,0.21295,0.23556,7.0e-5,0.00016,1.6e-5,0.0,0.0,0.0,0.0,0.0006,0.794528,0.01445,0.001445,0.76435,0.78705,0.7965,0.8034,0.81843,7.0e-5,0.00016,1.6e-5,0.0,0.0,0.0,0.0,0.0006,0.794598,0.01444,0.001444,0.76444,0.78705,0.7966,0.8035,0.81843
78.0,0.205402,0.01444,0.001444,0.18157,0.1965,0.2034,0.21295,0.23556,6.4e-5,0.00015,1.5e-5,0.0,0.0,0.0,0.0,0.0006,0.794534,0.01444,0.001444,0.76435,0.78705,0.7965,0.8034,0.81843,6.4e-5,0.00015,1.5e-5,0.0,0.0,0.0,0.0,0.0006,0.794598,0.01444,0.001444,0.76444,0.78705,0.7966,0.8035,0.81843
78.25,0.2054,0.01443,0.001443,0.18157,0.1965,0.2034,0.21295,0.23556,6.2e-5,0.00015,1.5e-5,0.0,0.0,0.0,0.0,0.0006,0.794538,0.01444,0.001444,0.76435,0.78705,0.7965,0.8034,0.81843,6.2e-5,0.00015,1.5e-5,0.0,0.0,0.0,0.0,0.0006,0.7946,0.01443,0.001443,0.76444,0.78705,0.7966,0.8035,0.81843
78.5,0.205398,0.01444,0.001444,0.18157,0.1965,0.2034,0.21295,0.23556,5.8e-5,0.00014,1.4e-5,0.0,0.0,0.0,0.0,0.00051,0.794544,0.01444,0.001444,0.76435,0.78705,0.7965,0.80345,0.81843,5.8e-5,0.00014,1.4e-5,0.0,0.0,0.0,0.0,0.00051,0.794602,0.01444,0.001444,0.76444,0.78705,0.7966,0.8035,0.81843
78.75,0.205398,0.01444,0.001444,0.18157,0.1965,0.2034,0.21295,0.23556,5.2e-5,0.00013,1.3e-5,0.0,0.0,0.0,0.0,0.00051,0.79455,0.01443,0.001443,0.76435,0.78705,0.7965,0.80345,0.81843,5.2e-5,0.00013,1.3e-5,0.0,0.0,0.0,0.0,0.00051,0.794602,0.01444,0.001444,0.76444,0.78705,0.7966,0.8035,0.81843
79.0,0.205398,0.01444,0.001444,0.18157,0.1965,0.2034,0.21295,0.23556,4.4e-5,0.00012,1.2e-5,0.0,0.0,0.0,0.0,0.0004,0.794558,0.01443,0.001443,0.76435,0.78705,0.7965,0.80345,0.81843,4.4e-5,0.00012,1.2e-5,0.0,0.0,0.0,0.0,0.0004,0.794602,0.01444,0.001444,0.76444,0.78705,0.7966,0.8035,0.81843
79.25,0.205396,0.01444,0.001444,0.18157,0.1965,0.2034,0.21295,0.23556,4.2e-5,0.00012,1.2e-5,0.0,0.0,0.0,0.0,0.0004,0.794562,0.01443,0.001443,0.76435,0.78705,0.7966,0.80345,0.81843,4.2e-5,0.00012,1.2e-5,0.0,0.0,0.0,0.0,0.0004,0.794604,0.01444,0.001444,0.76444,0.78705,0.7966,0.8035,0.81843
79.5,0.205392,0.01444,0.001444,0.18157,0.1965,0.2034,0.21295,0.23556,4.2e-5,0.00012,1.2e-5,0.0,0.0,0.0,0.0,0.0004,0.794566,0.01443,0.001443,0.76435,0.78705,0.7966,0.80345,0.81843,4.2e-5,0.00012,1.2e-5,0.0,0.0,0.0,0.0,0.0004,0.794608,0.01444,0.001444,0.76444,0.78705,0.7966,0.8035,0.81843
79.75,0.205392,0.01444,0.001444,0.18157,0.1965,0.2034,0.21295,0.23556,4.2e-5,0.00012,1.2e-5,0.0,0.0,0.0,0.0,0.0004,0.794566,0.01443,0.001443,0.76435,0.78705,0.7966,0.80345,0.81843,4.2e-5,0.00012,1.2e-5,0.0,0.0,0.0,0.0,0.0004,0.794608,0.01444,0.001444,0.76444,0.78705,0.7966,0.8035,0.81843
80.0,0.20539,0.01444,0.001444,0.18157,0.1965,0.2034,0.21295,0.23556,4.4e-5,0.00013,1.3e-5,0.0,0.0,0.0,0.0,0.00051,0.794566,0.01443,0.001443,0.76435,0.78705,0.7966,0.80345,0.81843,4.4e-5,0.00013,1.3e-5,0.0,0.0,0.0,0.0,0.00051,0.79461,0.01444,0.001444,0.76444,0.78705,0.7966,0.8035,0.81843
80.25,0.205388,0.01444,0.001444,0.18157,0.1965,0.2034,0.21295,0.23556,4.4e-5,0.00013,1.3e-5,0.0,0.0,0.0,0.0,0.00051,0.794568,0.01443,0.001443,0.76435,0.78705,0.7966,0.80345,0.81843,4.4e-5,0.00013,1.3e-5,0.0,0.0,0.0,0.0,0.00051,0.794612,0.01444,0.001444,0.76444,0.78705,0.7966,0.8035,0.81843
80.5,0.205386,0.01444,0.001444,0.18157,0.1965,0.2034,0.21295,0.23546,4.6e-5,0.00014,1.4e-5,0.0,0.0,0.0,0.0,0.00051,0.794568,0.01443,0.001443,0.76435,0.78705,0.7966,0.80345,0.81843,4.6e-5,0.00014,1.4e-5,0.0,0.0,0.0,0.0,0.00051,0.794614,0.01444,0.001444,0.76454,0.78705,0.7966,0.8035,0.81843
80.75,0.205386,0.01444,0.001444,0.18157,0.1965,0.2034,0.21295,0.23546,4.4e-5,0.00013,1.3e-5,0.0,0.0,0.0,0.0,0.0004,0.79457,0.01444,0.001444,0.76435,0.78705,0.7966,0.80345,0.81843,4.4e-5,0.00013,1.3e-5,0.0,0.0,0.0,0.0,0.0004,0.794614,0.01444,0.001444,0.76454,0.78705,0.7966,0.8035,0.81843
81.0,0.205382,0.01444,0.001444,0.18157,0.1965,0.2034,0.21295,0.23546,4.4e-5,0.00013,1.3e-5,0.0,0.0,0.0,0.0,0.00051,0.794574,0.01444,0.001444,0.76435,0.78705,0.7966,0.80345,0.81843,4.4e-5,0.00013,1.3e-5,0.0,0.0,0.0,0.0,0.00051,0.794618,0.01444,0.001444,0.76454,0.78705,0.7966,0.8035,0.81843
81.25,0.20538,0.01444,0.001444,0.18157,0.1965,0.2034,0.21295,0.23546,4.4e-5,0.00014,1.4e-5,0.0,0.0,0.0,0.0,0.0006,0.794576,0.01444,0.001444,0.76435,0.78705,0.7966,0.80345,0.81843,4.4e-5,0.00014,1.4e-5,0.0,0.0,0.0,0.0,0.0006,0.79462,0.01444,0.001444,0.76454,0.78705,0.7966,0.8035,0.81843
81.5,0.205378,0.01444,0.001444,0.18157,0.1965,0.2034,0.21295,0.23546,4.0e-5,0.00013,1.3e-5,0.0,0.0,0.0,0.0,0.00051,0.794582,0.01444,0.001444,0.76435,0.78705,0.7966,0.8035,0.81843,4.0e-5,0.00013,1.3e-5,0.0,0.0,0.0,0.0,0.00051,0.794622,0.01444,0.001444,0.76454,0.78705,0.7966,0.8035,0.81843
81.75,0.205376,0.01443,0.001443,0.18157,0.1965,0.2034,0.21295,0.23546,3.6e-5,0.00013,1.3e-5,0.0,0.0,0.0,0.0,0.00051,0.794588,0.01445,0.001445,0.76435,0.78705,0.7966,0.8035,0.81843,3.6e-5,0.00013,1.3e-5,0.0,0.0,0.0,0.0,0.00051,0.794624,0.01443,0.001443,0.76454,0.78705,0.7966,0.8035,0.81843
82.0,0.205376,0.01443,0.001443,0.18157,0.1965,0.2034,0.21295,0.23546,3.4e-5,0.00012,1.2e-5,0.0,0.0,0.0,0.0,0.00051,0.79459,0.01444,0.001444,0.76444,0.78705,0.7966,0.8035,0.81843,3.4e-5,0.00012,1.2e-5,0.0,0.0,0.0,0.0,0.00051,0.794624,0.01443,0.001443,0.76454,0.78705,0.7966,0.8035,0.81843
82.25,0.205376,0.01443,0.001443,0.18157,0.1965,0.2034,0.21295,0.23546,3.2e-5,0.00012,1.2e-5,0.0,0.0,0.0,0.0,0.00051,0.794592,0.01444,0.001444,0.76444,0.78705,0.7966,0.8035,0.81843,3.2e-5,0.00012,1.2e-5,0.0,0.0,0.0,0.0,0.00051,0.794624,0.01443,0.001443,0.76454,0.78705,0.7966,0.8035,0.81843
82.5,0.205372,0.01443,0.001443,0.18157,0.1965,0.2034,0.21295,0.23546,3.4e-5,0.00013,1.3e-5,0.0,0.0,0.0,0.0,0.00051,0.794594,0.01444,0.001444,0.76454,0.78705,0.7966,0.8035,0.81843,3.4e-5,0.00013,1.3e-5,0.0,0.0,0.0,0.0,0.00051,0.794628,0.01443,0.001443,0.76454,0.78705,0.7966,0.8035,0.81843
82.75,0.205372,0.01443,0.001443,0.18157,0.1965,0.2034,0.21295,0.23546,2.8e-5,0.00011,1.1e-5,0.0,0.0,0.0,0.0,0.00031,0.7946,0.01444,0.001444,0.76454,0.78705,0.7966,0.8035,0.81843,2.8e-5,0.00011,1.1e-5,0.0,0.0,0.0,0.0,0.00031,0.794628,0.01443,0.001443,0.76454,0.78705,0.7966,0.8035,0.81843
83.0,0.20537,0.01443,0.001443,0.18157,0.1965,0.2034,0.21295,0.23546,2.4e-5,9.0e-5,9.0e-6,0.0,0.0,0.0,0.0,0.00031,0.794606,0.01443,0.001443,0.76454,0.78705,0.7966,0.8035,0.81843,2.4e-5,9.0e-5,9.0e-6,0.0,0.0,0.0,0.0,0.00031,0.79463,0.01443,0.001443,0.76454,0.78705,0.7966,0.8035,0.81843
83.25,0.205368,0.01443,0.001443,0.18157,0.1965,0.2034,0.21295,0.23546,2.6e-5,0.0001,1.0e-5,0.0,0.0,0.0,0.0,0.0004,0.794606,0.01443,0.001443,0.76454,0.78705,0.7966,0.8035,0.81843,2.6e-5,0.0001,1.0e-5,0.0,0.0,0.0,0.0,0.0004,0.794632,0.01443,0.001443,0.76454,0.78705,0.7966,0.8035,0.81843
83.5,0.205364,0.01442,0.001442,0.18157,0.1965,0.2034,0.21295,0.23546,2.8e-5,0.0001,1.0e-5,0.0,0.0,0.0,0.0,0.0004,0.794608,0.01443,0.001443,0.76454,0.78705,0.7966,0.8035,0.81843,2.8e-5,0.0001,1.0e-5,0.0,0.0,0.0,0.0,0.0004,0.794636,0.01442,0.001442,0.76454,0.78705,0.7966,0.8035,0.81843
83.75,0.205364,0.01442,0.001442,0.18157,0.1965,0.2034,0.21295,0.23546,2.8e-5,0.0001,1.0e-5,0.0,0.0,0.0,0.0,0.0004,0.794608,0.01443,0.001443,0.76454,0.78705,0.7966,0.8035,0.81843,2.8e-5,0.0001,1.0e-5,0.0,0.0,0.0,0.0,0.0004,0.794636,0.01442,0.001442,0.76454,0.78705,0.7966,0.8035,0.81843
84.0,0.205364,0.01442,0.001442,0.18157,0.1965,0.2034,0.21295,0.23546,2.6e-5,0.0001,1.0e-5,0.0,0.0,0.0,0.0,0.0004,0.79461,0.01443,0.001443,0.76454,0.78705,0.7966,0.8035,0.81843,2.6e-5,0.0001,1.0e-5,0.0,0.0,0.0,0.0,0.0004,0.794636,0.01442,0.001442,0.76454,0.78705,0.7966,0.8035,0.81843
84.25,0.205362,0.01442,0.001442,0.18157,0.1965,0.2034,0.21295,0.23546,2.6e-5,0.0001,1.0e-5,0.0,0.0,0.0,0.0,0.0004,0.794612,0.01443,0.001443,0.76454,0.78705,0.7966,0.8035,0.81843,2.6e-5,0.0001,1.0e-5,0.0,0.0,0.0,0.0,0.0004,0.794638,0.01442,0.001442,0.76454,0.78705,0.7966,0.8035,0.81843
84.5,0.205362,0.01442,0.001442,0.18157,0.1965,0.2034,0.21295,0.23546,2.6e-5,0.0001,1.0e-5,0.0,0.0,0.0,0.0,0.0004,0.794612,0.01443,0.001443,0.76454,0.78705,0.7966,0.8035,0.81843,2.6e-5,0.0001,1.0e-5,0.0,0.0,0.0,0.0,0.0004,0.794638,0.01442,0.001442,0.76454,0.78705,0.7966,0.8035,0.81843
84.75,0.205362,0.01442,0.001442,0.18157,0.1965,0.2034,0.21295,0.23546,2.6e-5,0.0001,1.0e-5,0.0,0.0,0.0,0.0,0.0004,0.794612,0.01443,0.001443,0.76454,0.78705,0.7966,0.8035,0.81843,2.6e-5,0.0001,1.0e-5,0.0,0.0,0.0,0.0,0.0004,0.794638,0.01442,0.001442,0.76454,0.78705,0.7966,0.8035,0.81843
85.0,0.205362,0.01442,0.001442,0.18157,0.1965,0.2034,0.21295,0.23546,2.4e-5,0.0001,1.0e-5,0.0,0.0,0.0,0.0,0.0004,0.794614,0.01442,0.001442,0.76454,0.78705,0.7966,0.8035,0.81843,2.4e-5,0.0001,1.0e-5,0.0,0.0,0.0,0.0,0.0004,0.794638,0.01442,0.001442,0.76454,0.78705,0.7966,0.8035,0.81843
85.25,0.205362,0.01442,0.001442,0.18157,0.1965,0.2034,0.21295,0.23546,2.0e-5,9.0e-5,9.0e-6,0.0,0.0,0.0,0.0,0.0004,0.794618,0.01443,0.001443,0.76454,0.78705,0.7966,0.8035,0.81843,2.0e-5,9.0e-5,9.0e-6,0.0,0.0,0.0,0.0,0.0004,0.794638,0.01442,0.001442,0.76454,0.78705,0.7966,0.8035,0.81843
85.5,0.20536,0.01443,0.001443,0.18157,0.1965,0.2034,0.21295,0.23546,1.6e-5,8.0e-5,8.0e-6,0.0,0.0,0.0,0.0,0.00031,0.794624,0.01443,0.001443,0.76454,0.78705,0.7966,0.8035,0.81843,1.6e-5,8.0e-5,8.0e-6,0.0,0.0,0.0,0.0,0.00031,0.79464,0.01443,0.001443,0.76454,0.78705,0.7966,0.8035,0.81843
85.75,0.20536,0.01443,0.001443,0.18157,0.1965,0.2034,0.21295,0.23546,1.6e-5,8.0e-5,8.0e-6,0.0,0.0,0.0,0.0,0.00031,0.794624,0.01443,0.001443,0.76454,0.78705,0.7966,0.8035,0.81843,1.6e-5,8.0e-5,8.0e-6,0.0,0.0,0.0,0.0,0.00031,0.79464,0.01443,0.001443,0.76454,0.78705,0.7966,0.8035,0.81843
86.0,0.205356,0.01442,0.001442,0.18157,0.1965,0.2034,0.21295,0.23546,1.8e-5,9.0e-5,9.0e-6,0.0,0.0,0.0,0.0,0.00031,0.794626,0.01443,0.001443,0.76454,0.78705,0.7966,0.8035,0.81843,1.8e-5,9.0e-5,9.0e-6,0.0,0.0,0.0,0.0,0.00031,0.794644,0.01442,0.001442,0.76454,0.78705,0.7966,0.8035,0.81843
86.25,0.205356,0.01442,0.001442,0.18157,0.1965,0.2034,0.21295,0.23546,1.8e-5,9.0e-5,9.0e-6,0.0,0.0,0.0,0.0,0.00031,0.794626,0.01443,0.001443,0.76454,0.78705,0.7966,0.8035,0.81843,1.8e-5,9.0e-5,9.0e-6,0.0,0.0,0.0,0.0,0.00031,0.794644,0.01442,0.001442,0.76454,0.78705,0.7966,0.8035,0.81843
86.5,0.205356,0.01442,0.001442,0.18157,0.1965,0.2034,0.21295,0.23546,1.8e-5,9.0e-5,9.0e-6,0.0,0.0,0.0,0.0,0.00031,0.794626,0.01443,0.001443,0.76454,0.78705,0.7966,0.8035,0.81843,1.8e-5,9.0e-5,9.0e-6,0.0,0.0,0.0,0.0,0.00031,0.794644,0.01442,0.001442,0.76454,0.78705,0.7966,0.8035,0.81843
86.75,0.205356,0.01442,0.001442,0.18157,0.1965,0.2034,0.21295,0.23546,1.8e-5,9.0e-5,9.0e-6,0.0,0.0,0.0,0.0,0.00031,0.794626,0.01443,0.001443,0.76454,0.78705,0.7966,0.8035,0.81843,1.8e-5,9.0e-5,9.0e-6,0.0,0.0,0.0,0.0,0.00031,0.794644,0.01442,0.001442,0.76454,0.78705,0.7966,0.8035,0.81843
87.0,0.205354,0.01442,0.001442,0.18157,0.1965,0.2034,0.21295,0.23546,1.8e-5,9.0e-5,9.0e-6,0.0,0.0,0.0,0.0,0.00031,0.794628,0.01443,0.001443,0.76454,0.78705,0.7966,0.8035,0.81843,1.8e-5,9.0e-5,9.0e-6,0.0,0.0,0.0,0.0,0.00031,0.794646,0.01442,0.001442,0.76454,0.78705,0.7966,0.8035,0.81843
87.25,0.205352,0.01442,0.001442,0.18157,0.1965,0.2034,0.21295,0.23546,1.8e-5,9.0e-5,9.0e-6,0.0,0.0,0.0,0.0,0.00031,0.79463,0.01443,0.001443,0.76454,0.78705,0.7966,0.8035,0.81843,1.8e-5,9.0e-5,9.0e-6,0.0,0.0,0.0,0.0,0.00031,0.794648,0.01442,0.001442,0.76454,0.78705,0.7966,0.8035,0.81843
87.5,0.205352,0.01442,0.001442,0.18157,0.1965,0.2034,0.21295,0.23546,1.8e-5,9.0e-5,9.0e-6,0.0,0.0,0.0,0.0,0.00031,0.79463,0.01443,0.001443,0.76454,0.78705,0.7966,0.8035,0.81843,1.8e-5,9.0e-5,9.0e-6,0.0,0.0,0.0,0.0,0.00031,0.794648,0.01442,0.001442,0.76454,0.78705,0.7966,0.8035,0.81843
87.75,0.205352,0.01442,0.001442,0.18157,0.1965,0.2034,0.21295,0.23546,1.8e-5,9.0e-5,9.0e-6,0.0,0.0,0.0,0.0,0.00031,0.79463,0.01443,0.001443,0.76454,0.78705,0.7966,0.8035,0.81843,1.8e-5,9.0e-5,9.0e-6,0.0,0.0,0.0,0.0,0.00031,0.794648,0.01442,0.001442,0.76454,0.78705,0.7966,0.8035,0.81843
88.0,0.205352,0.01442,0.001442,0.18157,0.1965,0.2034,0.21295,0.23546,1.8e-5,9.0e-5,9.0e-6,0.0,0.0,0.0,0.0,0.00031,0.79463,0.01443,0.001443,0.76454,0.78705,0.7966,0.8035,0.81843,1.8e-5,9.0e-5,9.0e-6,0.0,0.0,0.0,0.0,0.00031,0.794648,0.01442,0.001442,0.76454,0.78705,0.7966,0.8035,0.81843
88.25,0.205352,0.01442,0.001442,0.18157,0.1965,0.2034,0.21295,0.23546,1.8e-5,9.0e-5,9.0e-6,0.0,0.0,0.0,0.0,0.00031,0.79463,0.01443,0.001443,0.76454,0.78705,0.7966,0.8035,0.81843,1.8e-5,9.0e-5,9.0e-6,0.0,0.0,0.0,0.0,0.00031,0.794648,0.01442,0.001442,0.76454,0.78705,0.7966,0.8035,0.81843
88.5,0.205352,0.01442,0.001442,0.18157,0.1965,0.2034,0.21295,0.23546,1.8e-5,9.0e-5,9.0e-6,0.0,0.0,0.0,0.0,0.00031,0.79463,0.01443,0.001443,0.76454,0.78705,0.7966,0.8035,0.81843,1.8e-5,9.0e-5,9.0e-6,0.0,0.0,0.0,0.0,0.00031,0.794648,0.01442,0.001442,0.76454,0.78705,0.7966,0.8035,0.81843
88.75,0.205352,0.01442,0.001442,0.18157,0.1965,0.2034,0.21295,0.23546,1.8e-5,9.0e-5,9.0e-6,0.0,0.0,0.0,0.0,0.00031,0.79463,0.01443,0.001443,0.76454,0.78705,0.7966,0.8035,0.81843,1.8e-5,9.0e-5,9.0e-6,0.0,0.0,0.0,0.0,0.00031,0.794648,0.01442,0.001442,0.76454,0.78705,0.7966,0.8035,0.81843
89.0,0.205352,0.01442,0.001442,0.18157,0.1965,0.2034,0.21295,0.23546,1.4e-5,8.0e-5,8.0e-6,0.0,0.0,0.0,0.0,0.0002,0.794634,0.01443,0.001443,0.76454,0.78705,0.7966,0.8035,0.81843,1.4e-5,8.0e-5,8.0e-6,0.0,0.0,0.0,0.0,0.0002,0.794648,0.01442,0.001442,0.76454,0.78705,0.7966,0.8035,0.81843
89.25,0.20535,0.01442,0.001442,0.18157,0.1965,0.2034,0.21295,0.23546,1.4e-5,9.0e-5,9.0e-6,0.0,0.0,0.0,0.0,0.00011,0.794636,0.01443,0.001443,0.76454,0.78705,0.7966,0.8035,0.81843,1.4e-5,9.0e-5,9.0e-6,0.0,0.0,0.0,0.0,0.00011,0.79465,0.01442,0.001442,0.76454,0.78705,0.7966,0.8035,0.81843
89.5,0.20535,0.01442,0.001442,0.18157,0.1965,0.2034,0.21295,0.23546,1.2e-5,9.0e-5,9.0e-6,0.0,0.0,0.0,0.0,0.0,0.794638,0.01443,0.001443,0.76454,0.78705,0.7966,0.8035,0.81843,1.2e-5,9.0e-5,9.0e-6,0.0,0.0,0.0,0.0,0.0,0.79465,0.01442,0.001442,0.76454,0.78705,0.7966,0.8035,0.81843
89.75,0.20535,0.01442,0.001442,0.18157,0.1965,0.2034,0.21295,0.23546,1.0e-5,7.0e-5,7.0e-6,0.0,0.0,0.0,0.0,0.0,0.79464,0.01443,0.001443,0.76454,0.78705,0.7966,0.8035,0.81843,1.0e-5,7.0e-5,7.0e-6,0.0,0.0,0.0,0.0,0.0,0.79465,0.01442,0.001442,0.76454,0.78705,0.7966,0.8035,0.81843
90.0,0.20535,0.01442,0.001442,0.18157,0.1965,0.2034,0.21295,0.23546,1.0e-5,7.0e-5,7.0e-6,0.0,0.0,0.0,0.0,0.0,0.79464,0.01443,0.001443,0.76454,0.78705,0.7966,0.8035,0.81843,1.0e-5,7.0e-5,7.0e-6,0.0,0.0,0.0,0.0,0.0,0.79465,0.01442,0.001442,0.76454,0.78705,0.7966,0.8035,0.81843
90.25,0.20535,0.01442,0.001442,0.18157,0.1965,0.2034,0.21295,0.23546,1.0e-5,7.0e-5,7.0e-6,0.0,0.0,0.0,0.0,0.0,0.79464,0.01443,0.001443,0.76454,0.78705,0.7966,0.8035,0.81843,1.0e-5,7.0e-5,7.0e-6,0.0,0.0,0.0,0.0,0.0,0.79465,0.01442,0.001442,0.76454,0.78705,0.7966,0.8035,0.81843
90.5,0.20535,0.01442,0.001442,0.18157,0.1965,0.2034,0.21295,0.23546,1.0e-5,7.0e-5,7.0e-6,0.0,0.0,0.0,0.0,0.0,0.79464,0.01443,0.001443,0.76454,0.78705,0.7966,0.8035,0.81843,1.0e-5,7.0e-5,7.0e-6,0.0,0.0,0.0,0.0,0.0,0.79465,0.01442,0.001442,0.76454,0.78705,0.7966,0.8035,0.81843
90.75,0.20535,0.01442,0.001442,0.18157,0.1965,0.2034,0.21295,0.23546,1.0e-5,7.0e-5,7.0e-6,0.0,0.0,0.0,0.0,0.0,0.79464,0.01443,0.001443,0.76454,0.78705,0.7966,0.8035,0.81843,1.0e-5,7.0e-5,7.0e-6,0.0,0.0,0.0,0.0,0.0,0.79465,0.01442,0.001442,0.76454,0.78705,0.7966,0.8035,0.81843
91.0,0.205348,0.01442,0.001442,0.18157,0.1965,0.2034,0.21295,0.23546,1.2e-5,8.0e-5,8.0e-6,0.0,0.0,0.0,0.0,0.0,0.79464,0.01443,0.001443,0.76454,0.78705,0.7966,0.8035,0.81843,1.2e-5,8.0e-5,8.0e-6,0.0,0.0,0.0,0.0,0.0,0.794652,0.01442,0.001442,0.76454,0.78705,0.7966,0.8035,0.81843
91.25,0.205348,0.01442,0.001442,0.18157,0.1965,0.2034,0.21295,0.23546,1.0e-5,7.0e-5,7.0e-6,0.0,0.0,0.0,0.0,0.0,0.794642,0.01442,0.001442,0.76454,0.78705,0.7966,0.8035,0.81843,1.0e-5,7.0e-5,7.0e-6,0.0,0.0,0.0,0.0,0.0,0.794652,0.01442,0.001442,0.76454,0.78705,0.7966,0.8035,0.81843
91.5,0.205348,0.01442,0.001442,0.18157,0.1965,0.2034,0.21295,0.23546,1.0e-5,7.0e-5,7.0e-6,0.0,0.0,0.0,0.0,0.0,0.794642,0.01442,0.001442,0.76454,0.78705,0.7966,0.8035,0.81843,1.0e-5,7.0e-5,7.0e-6,0.0,0.0,0.0,0.0,0.0,0.794652,0.01442,0.001442,0.76454,0.78705,0.7966,0.8035,0.81843
91.75,0.205348,0.01442,0.001442,0.18157,0.1965,0.2034,0.21295,0.23546,1.0e-5,7.0e-5,7.0e-6,0.0,0.0,0.0,0.0,0.0,0.794642,0.01442,0.001442,0.76454,0.78705,0.7966,0.8035,0.81843,1.0e-5,7.0e-5,7.0e-6,0.0,0.0,0.0,0.0,0.0,0.794652,0.01442,0.001442,0.76454,0.78705,0.7966,0.8035,0.81843
92.0,0.205346,0.01442,0.001442,0.18157,0.1965,0.2034,0.21295,0.23546,1.2e-5,9.0e-5,9.0e-6,0.0,0.0,0.0,0.0,0.0,0.794642,0.01442,0.001442,0.76454,0.78705,0.7966,0.8035,0.81843,1.2e-5,9.0e-5,9.0e-6,0.0,0.0,0.0,0.0,0.0,0.794654,0.01442,0.001442,0.76454,0.78705,0.7966,0.8035,0.81843
92.25,0.205344,0.01441,0.001441,0.18157,0.1965,0.2034,0.21295,0.23546,1.4e-5,0.0001,1.0e-5,0.0,0.0,0.0,0.0,0.0,0.794642,0.01442,0.001442,0.76454,0.78705,0.7966,0.8035,0.81843,1.4e-5,0.0001,1.0e-5,0.0,0.0,0.0,0.0,0.0,0.794656,0.01441,0.001441,0.76454,0.78705,0.7966,0.8035,0.81843
92.5,0.205344,0.01441,0.001441,0.18157,0.1965,0.2034,0.21295,0.23546,1.4e-5,0.0001,1.0e-5,0.0,0.0,0.0,0.0,0.0,0.794642,0.01442,0.001442,0.76454,0.78705,0.7966,0.8035,0.81843,1.4e-5,0.0001,1.0e-5,0.0,0.0,0.0,0.0,0.0,0.794656,0.01441,0.001441,0.76454,0.78705,0.7966,0.8035,0.81843
92.75,0.205344,0.01441,0.001441,0.18157,0.1965,0.2034,0.21295,0.23546,1.4e-5,0.0001,1.0e-5,0.0,0.0,0.0,0.0,0.0,0.794642,0.01442,0.001442,0.76454,0.78705,0.7966,0.8035,0.81843,1.4e-5,0.0001,1.0e-5,0.0,0.0,0.0,0.0,0.0,0.794656,0.01441,0.001441,0.76454,0.78705,0.7966,0.8035,0.81843
93.0,0.205344,0.01441,0.001441,0.18157,0.1965,0.2034,0.21295,0.23546,1.4e-5,0.0001,1.0e-5,0.0,0.0,0.0,0.0,0.0,0.794642,0.01442,0.001442,0.76454,0.78705,0.7966,0.8035,0.81843,1.4e-5,0.0001,1.0e-5,0.0,0.0,0.0,0.0,0.0,0.794656,0.01441,0.001441,0.76454,0.78705,0.7966,0.8035,0.81843
93.25,0.205344,0.01441,0.001441,0.18157,0.1965,0.2034,0.21295,0.23546,1.4e-5,0.0001,1.0e-5,0.0,0.0,0.0,0.0,0.0,0.794642,0.01442,0.001442,0.76454,0.78705,0.7966,0.8035,0.81843,1.4e-5,0.0001,1.0e-5,0.0,0.0,0.0,0.0,0.0,0.794656,0.01441,0.001441,0.76454,0.78705,0.7966,0.8035,0.81843
93.5,0.205344,0.01441,0.001441,0.18157,0.1965,0.2034,0.21295,0.23546,1.4e-5,0.0001,1.0e-5,0.0,0.0,0.0,0.0,0.0,0.794642,0.01442,0.001442,0.76454,0.78705,0.7966,0.8035,0.81843,1.4e-5,0.0001,1.0e-5,0.0,0.0,0.0,0.0,0.0,0.794656,0.01441,0.001441,0.76454,0.78705,0.7966,0.8035,0.81843
93.75,0.205344,0.01441,0.001441,0.18157,0.1965,0.2034,0.21295,0.23546,1.2e-5,8.0e-5,8.0e-6,0.0,0.0,0.0,0.0,0.0,0.794644,0.01442,0.001442,0.76454,0.78705,0.7966,0.8035,0.81843,1.2e-5,8.0e-5,8.0e-6,0.0,0.0,0.0,0.0,0.0,0.794656,0.01441,0.001441,0.76454,0.78705,0.7966,0.8035,0.81843
94.0,0.205344,0.01441,0.001441,0.18157,0.1965,0.2034,0.21295,0.23546,1.0e-5,7.0e-5,7.0e-6,0.0,0.0,0.0,0.0,0.0,0.794646,0.01442,0.001442,0.76454,0.78705,0.7966,0.8035,0.81843,1.0e-5,7.0e-5,7.0e-6,0.0,0.0,0.0,0.0,0.0,0.794656,0.01441,0.001441,0.76454,0.78705,0.7966,0.8035,0.81843
94.25,0.205342,0.01441,0.001441,0.18157,0.1965,0.2034,0.21295,0.23546,1.0e-5,7.0e-5,7.0e-6,0.0,0.0,0.0,0.0,0.0,0.794648,0.01442,0.001442,0.76454,0.78705,0.7966,0.8035,0.81843,1.0e-5,7.0e-5,7.0e-6,0.0,0.0,0.0,0.0,0.0,0.794658,0.01441,0.001441,0.76454,0.78705,0.7966,0.8035,0.81843
94.5,0.205342,0.01441,0.001441,0.18157,0.1965,0.2034,0.21295,0.23546,8.0e-6,6.0e-5,6.0e-6,0.0,0.0,0.0,0.0,0.0,0.79465,0.01442,0.001442,0.76454,0.78705,0.7966,0.8035,0.81843,8.0e-6,6.0e-5,6.0e-6,0.0,0.0,0.0,0.0,0.0,0.794658,0.01441,0.001441,0.76454,0.78705,0.7966,0.8035,0.81843
94.75,0.205342,0.01441,0.001441,0.18157,0.1965,0.2034,0.21295,0.23546,8.0e-6,6.0e-5,6.0e-6,0.0,0.0,0.0,0.0,0.0,0.79465,0.01442,0.001442,0.76454,0.78705,0.7966,0.8035,0.81843,8.0e-6,6.0e-5,6.0e-6,0.0,0.0,0.0,0.0,0.0,0.794658,0.01441,0.001441,0.76454,0.78705,0.7966,0.8035,0.81843
95.0,0.205342,0.01441,0.001441,0.18157,0.1965,0.2034,0.21295,0.23546,8.0e-6,6.0e-5,6.0e-6,0.0,0.0,0.0,0.0,0.0,0.79465,0.01442,0.001442,0.76454,0.78705,0.7966,0.8035,0.81843,8.0e-6,6.0e-5,6.0e-6,0.0,0.0,0.0,0.0,0.0,0.794658,0.01441,0.001441,0.76454,0.78705,0.7966,0.8035,0.81843
95.25,0.205342,0.01441,0.001441,0.18157,0.1965,0.2034,0.21295,0.23546,8.0e-6,6.0e-5,6.0e-6,0.0,0.0,0.0,0.0,0.0,0.79465,0.01442,0.001442,0.76454,0.78705,0.7966,0.8035,0.81843,8.0e-6,6.0e-5,6.0e-6,0.0,0.0,0.0,0.0,0.0,0.794658,0.01441,0.001441,0.76454,0.78705,0.7966,0.8035,0.81843
95.5,0.205342,0.01441,0.001441,0.18157,0.1965,0.2034,0.21295,0.23546,6.0e-6,4.0e-5,4.0e-6,0.0,0.0,0.0,0.0,0.0,0.794652,0.01442,0.001442,0.76454,0.78705,0.7966,0.8035,0.81843,6.0e-6,4.0e-5,4.0e-6,0.0,0.0,0.0,0.0,0.0,0.794658,0.01441,0.001441,0.76454,0.78705,0.7966,0.8035,0.81843
95.75,0.205342,0.01441,0.001441,0.18157,0.1965,0.2034,0.21295,0.23546,6.0e-6,4.0e-5,4.0e-6,0.0,0.0,0.0,0.0,0.0,0.794652,0.01442,0.001442,0.76454,0.78705,0.7966,0.8035,0.81843,6.0e-6,4.0e-5,4.0e-6,0.0,0.0,0.0,0.0,0.0,0.794658,0.01441,0.001441,0.76454,0.78705,0.7966,0.8035,0.81843
96.0,0.205342,0.01441,0.001441,0.18157,0.1965,0.2034,0.21295,0.23546,4.0e-6,3.0e-5,3.0e-6,0.0,0.0,0.0,0.0,0.0,0.794654,0.01442,0.001442,0.76454,0.78705,0.7966,0.8035,0.81843,4.0e-6,3.0e-5,3.0e-6,0.0,0.0,0.0,0.0,0.0,0.794658,0.01441,0.001441,0.76454,0.78705,0.7966,0.8035,0.81843
96.25,0.205342,0.01441,0.001441,0.18157,0.1965,0.2034,0.21295,0.23546,2.0e-6,2.0e-5,2.0e-6,0.0,0.0,0.0,0.0,0.0,0.794656,0.01442,0.001442,0.76454,0.78705,0.7966,0.8035,0.81843,2.0e-6,2.0e-5,2.0e-6,0.0,0.0,0.0,0.0,0.0,0.794658,0.01441,0.001441,0.76454,0.78705,0.7966,0.8035,0.81843
96.5,0.205342,0.01441,0.001441,0.18157,0.1965,0.2034,0.21295,0.23546,2.0e-6,2.0e-5,2.0e-6,0.0,0.0,0.0,0.0,0.0,0.794656,0.01442,0.001442,0.76454,0.78705,0.7966,0.8035,0.81843,2.0e-6,2.0e-5,2.0e-6,0.0,0.0,0.0,0.0,0.0,0.794658,0.01441,0.001441,0.76454,0.78705,0.7966,0.8035,0.81843
96.75,0.205342,0.01441,0.001441,0.18157,0.1965,0.2034,0.21295,0.23546,2.0e-6,2.0e-5,2.0e-6,0.0,0.0,0.0,0.0,0.0,0.794656,0.01442,0.001442,0.76454,0.78705,0.7966,0.8035,0.81843,2.0e-6,2.0e-5,2.0e-6,0.0,0.0,0.0,0.0,0.0,0.794658,0.01441,0.001441,0.76454,0.78705,0.7966,0.8035,0.81843
97.0,0.205342,0.01441,0.001441,0.18157,0.1965,0.2034,0.21295,0.23546,2.0e-6,2.0e-5,2.0e-6,0.0,0.0,0.0,0.0,0.0,0.794656,0.01442,0.001442,0.76454,0.78705,0.7966,0.8035,0.81843,2.0e-6,2.0e-5,2.0e-6,0.0,0.0,0.0,0.0,0.0,0.794658,0.01441,0.001441,0.76454,0.78705,0.7966,0.8035,0.81843
97.25,0.20534,0.01441,0.001441,0.18157,0.1965,0.2034,0.21295,0.23546,4.0e-6,4.0e-5,4.0e-6,0.0,0.0,0.0,0.0,0.0,0.794656,0.01442,0.001442,0.76454,0.78705,0.7966,0.8035,0.81843,4.0e-6,4.0e-5,4.0e-6,0.0,0.0,0.0,0.0,0.0,0.79466,0.01441,0.001441,0.76454,0.78705,0.7966,0.8035,0.81843
97.5,0.20534,0.01441,0.001441,0.18157,0.1965,0.2034,0.21295,0.23546,2.0e-6,2.0e-5,2.0e-6,0.0,0.0,0.0,0.0,0.0,0.794658,0.01441,0.001441,0.76454,0.78705,0.7966,0.8035,0.81843,2.0e-6,2.0e-5,2.0e-6,0.0,0.0,0.0,0.0,0.0,0.79466,0.01441,0.001441,0.76454,0.78705,0.7966,0.8035,0.81843
97.75,0.20534,0.01441,0.001441,0.18157,0.1965,0.2034,0.21295,0.23546,2.0e-6,2.0e-5,2.0e-6,0.0,0.0,0.0,0.0,0.0,0.794658,0.01441,0.001441,0.76454,0.78705,0.7966,0.8035,0.81843,2.0e-6,2.0e-5,2.0e-6,0.0,0.0,0.0,0.0,0.0,0.79466,0.01441,0.001441,0.76454,0.78705,0.7966,0.8035,0.81843
98.0,0.20534,0.01441,0.001441,0.18157,0.1965,0.2034,0.21295,0.23546,2.0e-6,2.0e-5,2.0e-6,0.0,0.0,0.0,0.0,0.0,0.794658,0.01441,0.001441,0.76454,0.78705,0.7966,0.8035,0.81843,2.0e-6,2.0e-5,2.0e-6,0.0,0.0,0.0,0.0,0.0,0.79466,0.01441,0.001441,0.76454,0.78705,0.7966,0.8035,0.81843
98.25,0.20534,0.01441,0.001441,0.18157,0.1965,0.2034,0.21295,0.23546,2.0e-6,2.0e-5,2.0e-6,0.0,0.0,0.0,0.0,0.0,0.794658,0.01441,0.001441,0.76454,0.78705,0.7966,0.8035,0.81843,2.0e-6,2.0e-5,2.0e-6,0.0,0.0,0.0,0.0,0.0,0.79466,0.01441,0.001441,0.76454,0.78705,0.7966,0.8035,0.81843
98.5,0.20534,0.01441,0.001441,0.18157,0.1965,0.2034,0.21295,0.23546,2.0e-6,2.0e-5,2.0e-6,0.0,0.0,0.0,0.0,0.0,0.794658,0.01441,0.001441,0.76454,0.78705,0.7966,0.8035,0.81843,2.0e-6,2.0e-5,2.0e-6,0.0,0.0,0.0,0.0,0.0,0.79466,0.01441,0.001441,0.76454,0.78705,0.7966,0.8035,0.81843
98.75,0.20534,0.01441,0.001441,0.18157,0.1965,0.2034,0.21295,0.23546,2.0e-6,2.0e-5,2.0e-6,0.0,0.0,0.0,0.0,0.0,0.794658,0.01441,0.001441,0.76454,0.78705,0.7966,0.8035,0.81843,2.0e-6,2.0e-5,2.0e-6,0.0,0.0,0.0,0.0,0.0,0.79466,0.01441,0.001441,0.76454,0.78705,0.7966,0.8035,0.81843
99.0,0.20534,0.01441,0.001441,0.18157,0.1965,0.2034,0.21295,0.23546,2.0e-6,2.0e-5,2.0e-6,0.0,0.0,0.0,0.0,0.0,0.794658,0.01441,0.001441,0.76454,0.78705,0.7966,0.8035,0.81843,2.0e-6,2.0e-5,2.0e-6,0.0,0.0,0.0,0.0,0.0,0.79466,0.01441,0.001441,0.76454,0.78705,0.7966,0.8035,0.81843
99.25,0.20534,0.01441,0.001441,0.18157,0.1965,0.2034,0.21295,0.23546,2.0e-6,2.0e-5,2.0e-6,0.0,0.0,0.0,0.0,0.0,0.794658,0.01441,0.001441,0.76454,0.78705,0.7966,0.8035,0.81843,2.0e-6,2.0e-5,2.0e-6,0.0,0.0,0.0,0.0,0.0,0.79466,0.01441,0.001441,0.76454,0.78705,0.7966,0.8035,0.81843
99.5,0.20534,0.01441,0.001441,0.18157,0.1965,0.2034,0.21295,0.23546,2.0e-6,2.0e-5,2.0e-6,0.0,0.0,0.0,0.0,0.0,0.794658,0.01441,0.001441,0.76454,0.78705,0.7966,0.8035,0.81843,2.0e-6,2.0e-5,2.0e-6,0.0,0.0,0.0,0.0,0.0,0.79466,0.01441,0.001441,0.76454,0.78705,0.7966,0.8035,0.81843
99.75,0.20534,0.01441,0.001441,0.18157,0.1965,0.2034,0.21295,0.23546,2.0e-6,2.0e-5,2.0e-6,0.0,0.0,0.0,0.0,0.0,0.794658,0.01441,0.001441,0.76454,0.78705,0.7966,0.8035,0.81843,2.0e-6,2.0e-5,2.0e-6,0.0,0.0,0.0,0.0,0.0,0.79466,0.01441,0.001441,0.76454,0.78705,0.7966,0.8035,0.81843
100.0,0.20534,0.01441,0.001441,0.18157,0.1965,0.2034,0.21295,0.23546,2.0e-6,2.0e-5,2.0e-6,0.0,0.0,0.0,0.0,0.0,0.794658,0.01441,0.001441,0.76454,0.78705,0.7966,0.8035,0.81843,2.0e-6,2.0e-5,2.0e-6,0.0,0.0,0.0,0.0,0.0,0.79466,0.01441,0.001441,0.76454,0.78705,0.7966,0.8035,0.81843
