run,final_size,peak_t,peak_value,major,realised.clustering,realised.erased_fraction,realised.excess_degree,realised.mean_degree
1,0.493,9.698227,0.166,1,0.00813583,0.0035545,5.04221,3.364
2,0.476,9.867938,0.163,1,0.00720202,0.00535714,4.98564,3.342
3,0.526,14.319496,0.145,1,0.00557427,0.00817757,5.07126,3.396
4,0.435,12.008602,0.124,1,0.0078064,0.00493827,4.76799,3.224
5,0.474,11.200683,0.137,1,0.00534079,0.00609756,4.82454,3.26
6,0.475,12.021717,0.13,1,0.00578629,0.00612745,4.7947,3.244
7,0.435,10.938125,0.118,1,0.00719041,0.00561097,4.70846,3.19
8,0.487,20.340166,0.121,1,0.0104484,0.00773196,4.47468,3.08
9,0.56,9.337573,0.189,1,0.00871996,0.0097254,5.16753,3.462
10,0.468,13.024552,0.091,1,0.00739098,0.00481928,4.91404,3.304
11,0.518,15.737891,0.143,1,0.00931677,0.007109,4.99523,3.352
12,0.487,14.830002,0.132,1,0.0094304,0.00905797,4.84644,3.282
13,0.49,9.46012,0.14,1,0.00678562,0.00547445,4.86728,3.27
14,0.528,15.821762,0.174,1,0.00996413,0.00561097,4.71912,3.19
15,0.498,11.431376,0.147,1,0.00695461,0.00360577,4.94331,3.316
16,0.542,11.125961,0.171,1,0.00569332,0.0054878,4.84611,3.262
17,0.538,16.966885,0.165,1,0.00683126,0.00535714,4.99342,3.342
18,0.48,11.287459,0.13,1,0.00660147,0.00954654,4.92771,3.32
19,0.529,11.455318,0.164,1,0.00895736,0.007109,4.99582,3.352
20,0.494,13.729152,0.146,1,0.00709034,0.00434243,4.74517,3.21
21,0.455,10.187552,0.147,1,0.00480384,0.00561097,4.69843,3.19
22,0.489,13.628465,0.131,1,0.00622837,0.00757576,4.59606,3.144
23,0.513,8.654945,0.127,1,0.00945378,0.00294811,5.06682,3.382
24,0.467,16.400738,0.109,1,0.00616836,0.00478469,4.96875,3.328
25,0.395,17.669362,0.083,1,0.00560399,0.00484262,4.88443,3.288
26,0.505,11.273759,0.14,1,0.00486042,0.0108173,4.87485,3.292
27,0.501,12.525413,0.157,1,0.00780282,0.00483092,4.89927,3.296
28,0.505,17.833407,0.122,1,0.00580481,0.0077381,4.96041,3.334
29,0.474,14.404347,0.114,1,0.0084964,0.00185185,4.80396,3.234
30,0.011,0.0,0.01,0,0.00810612,0.00362319,4.93455,3.3
31,0.492,10.629207,0.157,1,0.00638978,0.00473934,5.03036,3.36
32,0.489,16.946857,0.114,1,0.00589143,0.00636132,4.56402,3.124
33,0.532,11.938455,0.161,1,0.0102006,0.00464037,5.14161,3.432
34,0.503,10.725038,0.164,1,0.00803702,0.00479616,4.94699,3.32
35,0.524,8.453199,0.163,1,0.00826743,0.00535714,4.99461,3.342
36,0.537,10.482096,0.167,1,0.00747863,0.00415677,5.02326,3.354
37,0.534,15.910451,0.133,1,0.00696702,0.00761124,5.08083,3.39
38,0.469,6.369685,0.137,1,0.0066482,0.00573394,5.20473,3.468
39,0.472,9.132944,0.156,1,0.00369256,0.00753769,4.62785,3.16
40,0.503,8.34276,0.139,1,0.00789771,0.00364964,4.86996,3.276
41,0.449,20.60213,0.105,1,0.00774593,0.0037037,4.79926,3.228
42,0.45,15.455044,0.121,1,0.00487317,0.00485437,4.87988,3.28
43,0.53,21.311425,0.167,1,0.0062212,0.00234742,5.10588,3.4
44,0.508,10.056351,0.159,1,0.0068741,0.00656325,4.98018,3.33
45,0.513,16.213361,0.157,1,0.0123196,0.00295508,5.05216,3.374
46,0.476,12.886346,0.139,1,0.0091631,0.0059952,4.93667,3.316
47,0.475,9.825547,0.139,1,0.00630642,0.00543478,4.91014,3.294
48,0.435,11.814676,0.13,1,0.0063244,0.00543478,4.89617,3.294
49,0.546,10.040285,0.162,1,0.0107023,0.00688073,5.17898,3.464
50,0.477,13.192978,0.098,1,0.00967612,0.00625,4.67987,3.18
51,0.433,13.7232,0.112,1,0.00489263,0.00814536,4.64814,3.166
52,0.561,14.214433,0.165,1,0.00533063,0.00306373,4.84266,3.254
53,0.504,11.470228,0.164,1,0.00880075,0.0053066,5.05157,3.374
54,0.532,12.575949,0.142,1,0.0059261,0.00528169,5.07729,3.39
55,0.554,12.409676,0.18,1,0.00663408,0.00528169,5.06903,3.39
56,0.483,6.574198,0.143,1,0.0070825,0.00722892,4.8835,3.296
57,0.447,13.0447,0.094,1,0.00626714,0.00433168,4.7601,3.218
58,0.48,10.16801,0.164,1,0.00593023,0.00294811,5.08575,3.382
59,0.445,13.942602,0.122,1,0.00703545,0.00631313,4.60546,3.148
60,0.529,10.307493,0.164,1,0.00989283,0.00413712,5.03917,3.37
61,0.473,9.77973,0.128,1,0.00705271,0.00483092,4.90413,3.296
62,0.54,8.021222,0.199,1,0.0101151,0.00644028,5.06836,3.394
63,0.452,12.47085,0.132,1,0.00651623,0.00714286,4.96823,3.336
64,0.507,12.3928,0.135,1,0.00763451,0.00656325,4.95616,3.33
65,0.49,12.72442,0.102,1,0.00605602,0.00426829,4.85364,3.266
66,0.539,20.692094,0.107,1,0.0056444,0.0035461,5.04389,3.372
67,0.496,10.477582,0.138,1,0.00854311,0.00638051,5.12493,3.426
68,0.519,7.717355,0.181,1,0.0080205,0.00574713,5.18902,3.46
69,0.502,20.67287,0.179,1,0.00748809,0.002331,5.14836,3.424
70,0.517,10.242607,0.146,1,0.00792602,0.00344037,5.2267,3.476
71,0.535,12.519617,0.168,1,0.00719835,0.00117096,5.13013,3.412
72,0.525,11.849661,0.167,1,0.00760043,0.00654762,4.96645,3.338
73,0.544,15.747405,0.128,1,0.0053719,0.00755668,4.6066,3.152
74,0.508,11.335544,0.167,1,0.00646939,0.00653207,4.98924,3.346
75,0.527,13.494819,0.156,1,0.00759768,0.00536993,4.97421,3.334
76,0.502,11.08323,0.161,1,0.00694529,0.00360577,4.94994,3.316
77,0.432,13.242813,0.113,1,0.0110378,0.00609756,4.83558,3.26
78,0.482,14.181605,0.13,1,0.0086727,0.00486618,4.86308,3.272
79,0.496,17.890931,0.099,1,0.00911392,0.00487805,4.84069,3.264
80,0.49,12.135877,0.167,1,0.00696226,0.00301205,4.94683,3.31
81,0.542,11.429703,0.197,1,0.00935119,0.00468384,5.09529,3.4
82,0.475,9.831741,0.148,1,0.00573682,0.00593824,4.99821,3.348
83,0.44,20.30863,0.12,1,0.00695339,0.00369458,4.79975,3.236
84,0.519,11.063871,0.158,1,0.00593105,0.00422705,4.90782,3.298
85,0.485,18.137706,0.108,1,0.00485195,0.00544794,4.89227,3.286
86,0.532,12.398467,0.18,1,0.00530911,0.00591017,5.03924,3.364
87,0.51,12.104709,0.139,1,0.00715525,0.00341686,5.27086,3.5
88,0.455,10.11411,0.129,1,0.00786321,0.00304136,4.88835,3.278
89,0.492,10.831292,0.131,1,0.00688073,0.00536993,4.96941,3.334
90,0.509,24.135626,0.137,1,0.00798162,0.0041866,4.96637,3.33
91,0.527,13.88605,0.145,1,0.00644776,0.00712589,5.00897,3.344
92,0.54,11.036741,0.136,1,0.00809574,0.00588235,5.0432,3.38
93,0.555,14.105583,0.133,1,0.0088968,0.01,5.00891,3.366
94,0.512,18.218488,0.141,1,0.0101555,0.00726392,4.86341,3.28
95,0.537,15.752955,0.139,1,0.00829016,0.00584112,5.10282,3.404
96,0.489,13.244903,0.124,1,0.00985357,0.00692695,4.63348,3.154
97,0.493,14.60961,0.149,1,0.00733415,0.0045977,5.19573,3.464
98,0.481,16.965013,0.108,1,0.00647654,0.00580046,5.13477,3.428
99,0.49,18.706585,0.102,1,0.00898672,0.00555556,4.76598,3.222
100,0.515,12.002628,0.142,1,0.00700042,0.00505618,5.32355,3.542
101,0.442,5.605865,0.142,1,0.00682335,0.00305623,4.85224,3.262
102,0.544,14.661859,0.148,1,0.00643486,0.00348028,5.156,3.436
103,0.511,14.25158,0.159,1,0.00737387,0.00737101,4.78342,3.232
104,0.502,10.947128,0.175,1,0.00857143,0.00768322,5.00298,3.358
105,0.489,9.89326,0.128,1,0.00640934,0.00193299,4.5326,3.098
106,0.507,15.147447,0.155,1,0.00715503,0.00580046,5.13711,3.428
107,0.491,16.752146,0.126,1,0.00650261,0.00551471,4.83241,3.246
108,0.453,9.7235,0.093,1,0.00430231,0.00514139,4.50452,3.096
109,0.553,12.248217,0.159,1,0.00969575,0.00574713,5.18671,3.46
110,0.503,15.728444,0.125,1,0.0061657,0.00429975,4.80259,3.242
111,0.458,12.70155,0.113,1,0.00702393,0.00309406,4.77219,3.222
112,0.523,13.139446,0.157,1,0.00779896,0.00959233,4.88983,3.304
113,0.524,16.135757,0.159,1,0.00802419,0.00470588,5.08215,3.384
114,0.546,12.619155,0.168,1,0.0107028,0.00533175,5.00834,3.358
115,0.579,11.94664,0.159,1,0.0089011,0.00514874,5.23289,3.478
116,0.476,9.097068,0.153,1,0.00792648,0.00525701,5.11157,3.406
117,0.487,13.055236,0.121,1,0.00552995,0.00497512,4.74688,3.2
118,0.46,13.953055,0.123,1,0.0098085,0.00529412,5.06446,3.382
119,0.512,15.050481,0.124,1,0.00678477,0.00606796,4.85897,3.276
120,0.473,8.025028,0.122,1,0.00945414,0.00748848,5.1567,3.446
121,0.507,9.822683,0.172,1,0.00691156,0.00490196,4.81096,3.248
122,0.447,15.955356,0.092,1,0.00963082,0.00483092,4.91444,3.296
123,0.014,0.111519,0.011,0,0.0084507,0.00480769,4.93056,3.312
124,0.519,9.338943,0.17,1,0.00861531,0.00364964,4.8895,3.276
125,0.488,11.436299,0.143,1,0.00765795,0.00428922,4.82154,3.25
126,0.492,13.521696,0.129,1,0.0065397,0.00524476,5.10603,3.414
127,0.482,16.6363,0.121,1,0.00786557,0.00651659,5.00358,3.354
128,0.468,7.372107,0.154,1,0.00866948,0.0041866,4.98799,3.33
129,0.384,13.0088,0.112,1,0.00715611,0.0025,4.72807,3.192
130,0.435,8.276727,0.153,1,0.00640784,0.00786925,4.85601,3.278
131,0.514,17.799708,0.12,1,0.00489625,0.00529412,5.07274,3.382
132,0.021,0.284925,0.012,0,0.00454792,0.00566893,5.26511,3.508
133,0.462,11.27258,0.141,1,0.0034965,0.00582902,4.47166,3.07
134,0.523,10.753649,0.168,1,0.00724177,0.00609756,4.82883,3.26
135,0.478,10.929044,0.135,1,0.00997208,0.00806452,4.70356,3.198
136,0.535,9.33802,0.169,1,0.00726057,0.00642523,5.10112,3.402
137,0.494,8.328103,0.13,1,0.00570994,0.00427873,4.83794,3.258
138,0.569,9.591049,0.17,1,0.00886154,0.00362319,4.92424,3.3
139,0.466,9.220542,0.149,1,0.0069752,0.00344828,5.20877,3.468
140,0.352,12.612302,0.073,1,0.00564051,0.00726392,4.86463,3.28
141,0.539,16.508929,0.162,1,0.00684584,0.00366748,4.83926,3.26
142,0.52,12.219335,0.149,1,0.00942598,0.0029976,4.97595,3.326
143,0.477,10.348248,0.13,1,0.00633069,0.00423729,4.89726,3.29
144,0.528,10.89714,0.136,1,0.00722338,0.00456621,5.23911,3.488
145,0.469,14.528559,0.119,1,0.0077752,0.00690955,4.63694,3.162
146,0.022,0.898912,0.011,0,0.00639731,0.00747126,5.15924,3.454
147,0.478,10.419578,0.157,1,0.00488477,0.00243902,4.8802,3.272
148,0.398,10.100238,0.096,1,0.0074813,0.00507614,4.60332,3.136
149,0.537,8.419893,0.162,1,0.00718358,0.00523256,5.12566,3.422
150,0.448,9.81137,0.14,1,0.0100859,0.00182482,4.89397,3.282
151,0.471,9.099753,0.119,1,0.00832686,0.00573394,5.19435,3.468
152,0.02,0.0,0.01,0,0.00707547,0.00618812,4.75218,3.212
153,0.508,9.875704,0.156,1,0.00751195,0.00752315,5.12303,3.43
154,0.539,11.926023,0.14,1,0.00903196,0.00410798,5.08898,3.394
155,0.545,10.366462,0.188,1,0.00657462,0.00683371,5.2328,3.488
156,0.517,10.2064,0.141,1,0.0118379,0.00298329,5.00479,3.342
157,0.498,12.830539,0.145,1,0.00763729,0.00359712,4.9633,3.324
158,0.497,16.572726,0.15,1,0.00805467,0.00894988,4.93317,3.322
159,0.435,13.939359,0.141,1,0.00807211,0.00501253,4.68073,3.176
160,0.52,10.458098,0.161,1,0.00941204,0.00761124,5.07729,3.39
161,0.458,11.905362,0.117,1,0.00737554,0.00481928,4.92433,3.304
162,0.477,8.916869,0.137,1,0.00886839,0.00533175,5.03693,3.358
163,0.025,1.267112,0.014,0,0.00776153,0.00462963,5.1686,3.44
164,0.022,0.732751,0.014,0,0.00598355,0.00364078,4.88551,3.284
165,0.542,16.490773,0.151,1,0.0073144,0.00717703,4.94157,3.32
166,0.49,7.05983,0.148,1,0.00872093,0.00352941,5.07674,3.388
167,0.468,10.287761,0.144,1,0.0069973,0.00481928,4.93099,3.304
168,0.524,11.253757,0.16,1,0.00668151,0.00588235,5.04793,3.38
169,0.569,12.668197,0.192,1,0.00655851,0.00176056,5.10935,3.402
170,0.522,12.423886,0.158,1,0.00896486,0.00298329,5.00658,3.342
171,0.56,9.766466,0.15,1,0.00801323,0.00670732,4.82627,3.258
172,0.031,1.147321,0.014,0,0.00663331,0.00411765,5.07561,3.386
173,0.522,8.775112,0.15,1,0.00483425,0.00351288,5.10458,3.404
174,0.478,14.326652,0.121,1,0.00787205,0.00304136,4.88286,3.278
175,0.418,10.482166,0.104,1,0.00810214,0.00301932,4.93398,3.302
176,0.56,13.440433,0.145,1,0.0073776,0.00576037,5.18308,3.452
177,0.516,15.227533,0.136,1,0.00701836,0.00353774,5.05858,3.38
178,0.481,16.111021,0.144,1,0.00794989,0.00536993,4.9802,3.334
179,0.558,9.68613,0.204,1,0.00709699,0.00290023,5.16405,3.438
180,0.445,17.705998,0.117,1,0.00758821,0.00366748,4.85092,3.26
181,0.524,12.919908,0.143,1,0.0073776,0.00518433,5.18008,3.454
182,0.461,10.131446,0.132,1,0.00823456,0.0066586,4.88422,3.282
183,0.375,7.254479,0.118,1,0.00739625,0.00126904,4.6385,3.148
184,0.479,13.843192,0.138,1,0.00778669,0.00472813,5.03325,3.368
185,0.482,9.508036,0.144,1,0.0049936,0.0036855,4.81504,3.244
186,0.461,8.27421,0.14,1,0.00541516,0.00381679,4.59898,3.132
187,0.467,11.868843,0.139,1,0.00649433,0.00367647,4.82964,3.252
188,0.486,12.912302,0.135,1,0.00741438,0.00236967,5.04572,3.368
189,0.505,11.086846,0.148,1,0.00776915,0.00242131,4.92051,3.296
190,0.436,8.437774,0.147,1,0.00425039,0.00369458,4.79852,3.236
191,0.026,0.069445,0.013,0,0.00638147,0.00531915,5.02793,3.366
192,0.496,9.195897,0.161,1,0.00933684,0.00535714,4.9994,3.342
193,0.476,10.131105,0.164,1,0.00610722,0.00864055,5.13771,3.442
194,0.516,8.978494,0.173,1,0.00733586,0.00480769,4.93901,3.312
195,0.526,11.645599,0.161,1,0.00944717,0.00470588,5.06738,3.384
196,0.491,12.899235,0.152,1,0.00576997,0.00369458,4.82015,3.236
197,0.523,10.389147,0.141,1,0.00644346,0.006691,4.84691,3.266
198,0.508,9.215967,0.154,1,0.00481481,0.00422705,4.91207,3.298
199,0.563,11.678012,0.157,1,0.0107961,0.00625,5.243,3.498
200,0.452,9.569847,0.12,1,0.00465056,0.00857843,4.7843,3.236
201,0.47,16.285485,0.143,1,0.00895625,0.0029274,5.11392,3.406
202,0.494,10.034114,0.142,1,0.00864055,0.00409836,5.10288,3.402
203,0.453,12.941077,0.117,1,0.00592008,0.00242131,4.9199,3.296
204,0.483,17.239277,0.11,1,0.00618632,0.00833333,4.94838,3.332
205,0.516,11.482443,0.152,1,0.00938043,0.00815851,5.07344,3.404
206,0.53,10.356312,0.162,1,0.00429492,0.00178998,5.01016,3.346
207,0.51,10.0703,0.156,1,0.00432673,0.00434243,4.75202,3.21
208,0.563,15.358695,0.185,1,0.00748979,0.00291375,5.1502,3.422
209,0.433,15.852218,0.09,1,0.00650842,0.00428922,4.82215,3.25
210,0.501,11.398321,0.143,1,0.0105993,0.0049505,4.75249,3.216
211,0.43,9.541563,0.1,1,0.00842809,0.005,4.69535,3.184
212,0.479,14.121221,0.134,1,0.00708383,0.00414692,5.03867,3.362
213,0.523,10.213994,0.135,1,0.011694,0.00403226,5.19318,3.458
214,0.42,10.120503,0.119,1,0.00937989,0.00555556,4.76474,3.222
215,0.555,11.017584,0.179,1,0.0082496,0.00393258,5.33277,3.546
216,0.461,12.660197,0.111,1,0.00409734,0.00603865,4.89307,3.292
217,0.48,18.637395,0.124,1,0.00653199,0.0077381,4.95921,3.334
218,0.452,18.893909,0.12,1,0.0099954,0.0046729,5.10798,3.408
219,0.021,0.0,0.01,0,0.00306973,0.00260417,4.4654,3.064
220,0.467,19.258886,0.109,1,0.00723415,0.00831354,4.96647,3.34
221,0.504,11.161602,0.164,1,0.00675355,0.0070922,5.02381,3.36
222,0.495,20.574554,0.139,1,0.00621905,0.00351288,5.10165,3.404
223,0.532,8.626714,0.172,1,0.00840246,0.00565611,5.28043,3.516
224,0.482,9.245519,0.139,1,0.00526885,0.0056391,4.66415,3.174
225,0.491,11.228939,0.124,1,0.00476623,0.00406977,5.14419,3.426
226,0.472,7.967096,0.151,1,0.00433241,0.00434243,4.74579,3.21
227,0.459,10.580304,0.152,1,0.00805833,0.00490196,4.81404,3.248
228,0.488,9.004358,0.135,1,0.00659582,0.00717703,4.93193,3.32
229,0.516,10.099107,0.155,1,0.00653595,0.0046729,5.11796,3.408
230,0.471,10.279454,0.124,1,0.00758621,0.00582751,5.09965,3.412
231,0.466,10.512664,0.128,1,0.00750357,0.00943396,4.99762,3.36
232,0.526,13.744301,0.142,1,0.0101219,0.00569476,5.26231,3.492
233,0.502,12.433138,0.154,1,0.00784485,0.00738636,5.25358,3.494
234,0.512,11.585785,0.14,1,0.00944166,0.00470588,5.07033,3.384
235,0.486,6.882558,0.155,1,0.00564972,0.00413712,5.04214,3.37
236,0.438,22.087968,0.081,1,0.00721347,0.004375,4.69931,3.186
237,0.459,14.66173,0.117,1,0.00759013,0.0054878,4.84672,3.262
238,0.494,10.29426,0.169,1,0.00486336,0.00410798,5.08898,3.394
239,0.535,17.310777,0.148,1,0.0067743,0.00520833,5.15241,3.438
240,0.514,11.133374,0.185,1,0.00929789,0.00357143,5.01135,3.348
241,0.445,10.254365,0.144,1,0.00591483,0.00310945,4.7461,3.206
242,0.432,11.590271,0.13,1,0.0077749,0.0060241,4.91091,3.3
243,0.525,10.831738,0.167,1,0.00783875,0.00484262,4.88869,3.288
244,0.532,11.522217,0.168,1,0.00977907,0.00596659,4.97179,3.332
245,0.455,11.576565,0.143,1,0.00712589,0.00406032,5.1491,3.434
246,0.483,14.845299,0.129,1,0.0072789,0.0071599,4.95373,3.328
247,0.526,23.324686,0.104,1,0.00614902,0.00358852,4.97839,3.332
248,0.471,12.483789,0.13,1,0.00503291,0.00431034,4.79221,3.234
249,0.53,10.51204,0.157,1,0.00865129,0.0017321,5.21457,3.458
250,0.518,11.081241,0.139,1,0.00954545,0.00638051,5.13719,3.426
251,0.538,11.245836,0.175,1,0.00967973,0.00535714,5.00778,3.342
252,0.544,12.093833,0.167,1,0.00803821,0.00528169,5.06431,3.39
253,0.496,11.199059,0.154,1,0.00986506,0.00580046,5.14527,3.428
254,0.493,13.413962,0.141,1,0.00961424,0.00941176,5.00297,3.368
255,0.483,14.90158,0.114,1,0.00447094,0.00724638,4.89781,3.288
256,0.486,17.393021,0.136,1,0.00831025,0.00183374,4.86344,3.266
257,0.478,11.860772,0.143,1,0.00791738,0.0046729,5.11444,3.408
258,0.489,10.582821,0.145,1,0.00879666,0.00520833,5.15823,3.438
259,0.477,9.45191,0.136,1,0.010367,0.00475059,5.00716,3.352
260,0.472,9.961531,0.122,1,0.00733969,0.0067402,4.79087,3.242
261,0.527,10.025135,0.173,1,0.00792102,0.00699301,5.11209,3.408
262,0.462,14.72538,0.126,1,0.00449775,0.00424757,4.87751,3.282
263,0.413,21.0035,0.103,1,0.0087375,0.00366748,4.84479,3.26
264,0.533,12.59877,0.161,1,0.00711744,0.0070922,5.01786,3.36
265,0.471,14.9852,0.12,1,0.00948767,0.0054878,4.84672,3.262
266,0.456,15.607335,0.108,1,0.00491184,0.00365854,4.85924,3.268
267,0.524,9.364516,0.12,1,0.00970641,0.00535714,4.99402,3.342
268,0.499,12.71483,0.116,1,0.00631657,0.0078125,4.89037,3.302
269,0.447,11.411466,0.131,1,0.00642075,0.00183374,4.86405,3.266
270,0.513,14.012464,0.129,1,0.008428,0.0059952,4.93788,3.316
271,0.485,15.168835,0.131,1,0.00884842,0.004914,4.81358,3.24
272,0.49,8.648482,0.173,1,0.00551809,0.00361446,4.93047,3.308
273,0.462,26.026249,0.116,1,0.00696822,0.00480769,4.93961,3.312
274,0.016,0.27889,0.012,0,0.00640623,0.00304878,4.86911,3.27
275,0.477,9.218213,0.121,1,0.00917,0.0035461,5.04508,3.372
276,0.543,7.556324,0.156,1,0.00765957,0.0100446,5.29876,3.548
277,0.536,9.980475,0.181,1,0.00681574,0.00416667,4.9988,3.346
278,0.522,9.74653,0.151,1,0.0069293,0.00429975,4.80753,3.242
279,0.538,12.420465,0.168,1,0.0071461,0.00580046,5.14352,3.428
280,0.49,16.052223,0.126,1,0.00692925,0.00479616,4.95542,3.32
281,0.515,10.690877,0.16,1,0.00655359,0.004914,4.8037,3.24
282,0.573,9.489348,0.173,1,0.00467446,0.00688073,5.18764,3.464
283,0.512,8.615803,0.182,1,0.00681329,0.00534442,4.99463,3.35
284,0.436,10.623536,0.128,1,0.00746269,0.00303398,4.89349,3.286
285,0.501,9.684154,0.146,1,0.0070555,0.00589623,5.04389,3.372
286,0.494,12.947039,0.152,1,0.00818452,0.00363196,4.89915,3.292
287,0.466,17.847642,0.145,1,0.00673801,0.00559701,4.73358,3.198
288,0.475,10.939533,0.13,1,0.0063197,0.00484262,4.90876,3.288
289,0.547,8.544155,0.197,1,0.00533491,0.00473934,5.02083,3.36
290,0.405,11.58253,0.113,1,0.00606061,0.0031407,4.67864,3.174
291,0.494,12.854344,0.136,1,0.00881731,0.00821596,5.03314,3.38
292,0.5,18.123423,0.112,1,0.00517301,0.00582751,5.09906,3.412
293,0.475,8.849917,0.135,1,0.00655817,0.0071599,4.94832,3.328
294,0.512,12.24619,0.148,1,0.00896712,0.00230415,5.21536,3.464
295,0.504,9.448107,0.162,1,0.0052356,0.00605327,4.88551,3.284
296,0.492,10.456787,0.131,1,0.00978852,0.0029976,4.97595,3.326
297,0.485,10.495402,0.159,1,0.00768974,0.00403226,5.18971,3.458
298,0.495,17.325401,0.144,1,0.00692219,0.0036855,4.80949,3.244
299,0.497,10.14394,0.165,1,0.00912387,0.00704225,5.0526,3.384
300,0.488,11.701256,0.142,1,0.0095732,0.00498753,4.71241,3.192
301,0.49,8.297196,0.156,1,0.00893744,0.00543478,4.89132,3.294
302,0.542,10.928597,0.181,1,0.00433213,0.00654762,4.97903,3.338
303,0.491,8.284691,0.113,1,0.00638298,0.00648585,5.02077,3.37
304,0.423,8.15046,0.071,1,0.00495595,0.00797267,5.2124,3.484
305,0.479,13.871614,0.125,1,0.00654854,0.00794621,4.79852,3.246
306,0.506,15.193167,0.151,1,0.00563063,0.00485437,4.87317,3.28
307,0.402,15.382256,0.089,1,0.00683995,0.00395778,4.35695,3.02
308,0.447,10.420725,0.145,1,0.0088541,0.00612745,4.80456,3.244
309,0.469,15.611575,0.143,1,0.00717103,0.00945626,4.99224,3.352
310,0.522,7.973764,0.149,1,0.00572905,0.0051963,5.16657,3.446
311,0.458,10.618972,0.101,1,0.00721154,0.00366748,4.84908,3.26
312,0.497,16.46812,0.156,1,0.00476506,0.00682382,4.71893,3.202
313,0.471,11.288159,0.124,1,0.00531982,0.0054878,4.84059,3.262
314,0.469,15.499234,0.12,1,0.0071608,0.00425791,4.86255,3.274
315,0.526,9.137796,0.181,1,0.00978565,0.00761124,5.06431,3.39
316,0.483,11.20165,0.139,1,0.00598504,0.00544794,4.88131,3.286
317,0.553,12.790408,0.173,1,0.00813856,0.00446429,5.3722,3.568
318,0.519,11.177974,0.201,1,0.00469314,0.00595238,4.97605,3.34
319,0.5,11.581889,0.147,1,0.00782845,0.002331,5.14836,3.424
320,0.504,11.169273,0.164,1,0.00791272,0.0047619,4.98864,3.344
321,0.506,9.862709,0.168,1,0.00641406,0.0070922,5.01131,3.36
322,0.546,11.226065,0.165,1,0.00660028,0.00526932,5.08299,3.398
323,0.444,15.91417,0.133,1,0.00536536,0.00307125,4.82317,3.246
324,0.51,15.205143,0.124,1,0.00783941,0.00650118,5.00833,3.362
325,0.491,16.26869,0.133,1,0.00610307,0.00520833,5.14718,3.438
326,0.495,9.925095,0.129,1,0.00755668,0.00400458,5.24469,3.482
327,0.396,14.693838,0.092,1,0.00499744,0.0036855,4.81134,3.244
328,0.376,13.04465,0.095,1,0.00839481,0.00488998,4.82924,3.256
329,0.445,11.569088,0.131,1,0.00914734,0.00285388,5.25644,3.494
330,0.523,11.633214,0.155,1,0.00809411,0.00678733,5.27677,3.512
331,0.492,15.634513,0.13,1,0.00816882,0.00406977,5.14536,3.426
332,0.5,9.708168,0.123,1,0.00801115,0.00294118,5.08142,3.39
333,0.456,12.414873,0.115,1,0.00945465,0.00505051,4.63071,3.152
334,0.508,12.402736,0.148,1,0.00758853,0.00595238,4.97126,3.34
335,0.494,13.733113,0.127,1,0.00900431,0.00555556,4.75667,3.222
336,0.471,13.120046,0.091,1,0.00770171,0.00777512,4.93068,3.318
337,0.494,11.288665,0.159,1,0.00894988,0.00886525,4.99702,3.354
338,0.509,11.47385,0.14,1,0.00768335,0.00817757,5.05889,3.396
339,0.478,10.012072,0.145,1,0.00566038,0.00304878,4.86239,3.27
340,0.532,9.16132,0.11,1,0.00493671,0.00487805,4.84069,3.264
341,0.501,13.697237,0.131,1,0.00648772,0.00367647,4.83456,3.252
342,0.57,8.98117,0.185,1,0.00794839,0.00525701,5.09748,3.406
343,0.532,12.808657,0.144,1,0.00968583,0.00603865,4.89247,3.292
344,0.479,11.97544,0.143,1,0.00978793,0.00243902,4.87103,3.272
345,0.46,17.160629,0.121,1,0.00745195,0.00679012,4.75388,3.218
346,0.529,8.049683,0.136,1,0.005881,0.00293427,5.10418,3.398
347,0.44,13.783544,0.126,1,0.00562976,0.00629291,5.21531,3.474
348,0.569,22.300281,0.144,1,0.00452261,0.00304878,4.8685,3.27
349,0.575,13.43479,0.183,1,0.00844872,0.0035461,5.05457,3.372
350,0.459,14.675861,0.124,1,0.00653176,0.0036855,4.81381,3.244
351,0.5,12.211834,0.157,1,0.00586941,0.00480769,4.93841,3.312
352,0.543,10.931591,0.177,1,0.00824448,0.00457666,5.22816,3.48
353,0.542,11.353296,0.149,1,0.00706631,0.00648585,5.03917,3.37
354,0.519,12.633059,0.168,1,0.00543338,0.00614251,4.7775,3.236
355,0.41,12.903296,0.119,1,0.00774393,0.00796569,4.78567,3.238
356,0.466,9.698633,0.103,1,0.00746562,0.0049505,4.74813,3.216
357,0.478,21.271968,0.147,1,0.00785536,0.00544794,4.88131,3.286
358,0.484,15.500536,0.143,1,0.00542145,0.00614251,4.78801,3.236
359,0.557,10.148259,0.183,1,0.00901659,0.00654762,4.98382,3.338
360,0.47,13.186132,0.114,1,0.00918836,0.00672372,4.82215,3.25
361,0.554,11.936149,0.164,1,0.00693081,0.00293427,5.09535,3.398
362,0.565,11.899121,0.16,1,0.00795932,0.00516055,5.21383,3.47
363,0.468,10.392167,0.133,1,0.00688156,0.00596659,4.97179,3.332
364,0.441,17.906699,0.089,1,0.0052774,0.00626566,4.65952,3.172
365,0.53,7.977343,0.166,1,0.0043914,0.00748848,5.15438,3.446
366,0.487,16.33433,0.137,1,0.00487409,0.00689223,4.65994,3.17
367,0.401,14.145241,0.116,1,0.00781555,0.00738916,4.76241,3.224
368,0.492,12.975883,0.132,1,0.00674317,0.00414692,5.02855,3.362
369,0.467,9.226549,0.133,1,0.00670308,0.00121655,4.90621,3.284
370,0.502,17.080412,0.118,1,0.00595238,0.00662651,4.89024,3.298
371,0.523,11.668211,0.177,1,0.00650013,0.00367647,4.82534,3.252
372,0.49,8.284239,0.151,1,0.0082074,0.00617284,4.7677,3.22
373,0.457,15.110564,0.132,1,0.00716891,0.00667476,4.85706,3.274
374,0.476,11.684596,0.143,1,0.00483092,0.00423729,4.9076,3.29
375,0.545,12.421892,0.176,1,0.00683699,0.00653207,4.98326,3.346
376,0.454,8.778382,0.147,1,0.0103584,0.00297619,5.01433,3.35
377,0.432,8.937548,0.135,1,0.0077797,0.0060241,4.90788,3.3
378,0.535,10.60982,0.129,1,0.00722195,0.00358852,4.98679,3.332
379,0.415,9.096148,0.11,1,0.00729834,0.0036855,4.81504,3.244
380,0.569,10.774481,0.169,1,0.00771684,0.00553097,5.40545,3.596
381,0.558,11.221521,0.155,1,0.00831985,0.00468384,5.09059,3.4
382,0.554,8.684564,0.175,1,0.00951949,0.00923788,5.14219,3.432
383,0.543,9.811044,0.156,1,0.00841845,0.00691244,5.16763,3.448
384,0.365,11.990282,0.117,1,0.0068615,0.00550122,4.83712,3.254
385,0.503,10.153121,0.171,1,0.00647172,0.00653207,4.98745,3.346
386,0.487,12.218008,0.131,1,0.00532481,0.00414692,5.02736,3.362
387,0.474,12.566086,0.132,1,0.00695376,0.0059952,4.94391,3.316
388,0.445,11.996266,0.113,1,0.00853816,0.0037037,4.78934,3.228
389,0.504,10.441023,0.15,1,0.00753318,0.0047619,5.00179,3.344
390,0.585,11.091712,0.16,1,0.00629195,0.00558036,5.35129,3.564
391,0.436,15.149911,0.101,1,0.00811309,0.00600962,4.91838,3.308
392,0.448,19.427146,0.114,1,0.00745098,0.00310174,4.76042,3.214
393,0.503,7.364754,0.202,1,0.00806156,0.00480769,4.94384,3.312
394,0.468,9.979394,0.13,1,0.00749574,0.002331,5.14311,3.424
395,0.524,15.415188,0.143,1,0.00536993,0.00357143,5.00597,3.348
396,0.51,8.259125,0.167,1,0.00860242,0.00544794,4.88192,3.286
397,0.513,11.802421,0.176,1,0.00804388,0.00539568,4.94575,3.318
398,0.476,12.918267,0.12,1,0.00575126,0.0047619,4.99163,3.344
399,0.505,13.356062,0.157,1,0.0121317,0.00352113,5.09717,3.396
400,0.496,8.426865,0.149,1,0.00598451,0.0053066,5.05157,3.374
401,0.45,10.550136,0.111,1,0.00635425,0.00559701,4.7242,3.198
402,0.506,13.292657,0.144,1,0.00648337,0.00357995,4.98743,3.34
403,0.523,12.446159,0.135,1,0.00903288,0.00890736,4.97484,3.338
404,0.491,15.495723,0.121,1,0.006687,0.00471698,5.04976,3.376
405,0.494,11.202639,0.155,1,0.00954288,0.00589623,5.0344,3.372
406,0.501,17.097473,0.137,1,0.00490884,0.00704225,5.05674,3.384
407,0.526,11.212034,0.165,1,0.00593575,0.00702576,5.06604,3.392
408,0.501,27.159518,0.105,1,0.00677796,0.00546117,4.86089,3.278
409,0.516,9.773133,0.162,1,0.00773976,0.00862069,5.16812,3.45
410,0.495,10.574494,0.156,1,0.00959147,0.00414692,5.0238,3.362
411,0.013,0.232503,0.011,0,0.00776531,0.00340909,5.2862,3.508
412,0.447,12.191137,0.126,1,0.0111282,0.00307125,4.81701,3.246
413,0.534,10.362673,0.17,1,0.00769859,0.00353774,5.07278,3.38
414,0.504,12.782621,0.156,1,0.00556793,0.00302663,4.9071,3.294
415,0.455,10.343238,0.148,1,0.00740741,0.0060241,4.90909,3.3
416,0.51,16.044353,0.134,1,0.00529973,0.00413712,5.03917,3.37
417,0.467,10.447424,0.152,1,0.00699816,0.00421687,4.9274,3.306
418,0.474,13.383503,0.143,1,0.0108147,0.00239234,4.98921,3.336
419,0.482,16.275814,0.141,1,0.0061665,0.00123457,4.81088,3.236
420,0.507,10.359659,0.184,1,0.00686086,0.00536993,4.9838,3.334
421,0.545,10.477862,0.158,1,0.00886062,0.00291375,5.14494,3.422
422,0.539,11.816102,0.152,1,0.0101493,0.00529412,5.06919,3.382
423,0.479,21.200198,0.127,1,0.00881646,0.00746269,4.69048,3.192
424,0.442,10.369211,0.142,1,0.0046673,0.0047619,4.99761,3.344
425,0.516,12.802125,0.147,1,0.00789771,0.00425791,4.87294,3.274
426,0.462,15.037204,0.122,1,0.0116869,0.0023753,5.04226,3.36
427,0.519,14.274951,0.176,1,0.00891123,0.00292056,5.12771,3.414
428,0.492,16.377962,0.13,1,0.00587443,0.0059952,4.92823,3.316
429,0.519,7.73346,0.167,1,0.00512237,0.00465116,5.13143,3.424
430,0.493,14.202729,0.118,1,0.00983235,0.00547445,4.85199,3.27
431,0.435,11.890578,0.109,1,0.00732303,0.00469484,5.07252,3.392
432,0.476,9.28246,0.161,1,0.00595081,0.00497512,4.72625,3.2
433,0.479,9.663574,0.14,1,0.00951336,0.00360577,4.94511,3.316
434,0.563,9.032834,0.177,1,0.00901019,0.00800493,4.75357,3.222
435,0.523,16.740531,0.135,1,0.00885142,0.0044843,5.34347,3.552
436,0.496,14.126528,0.141,1,0.00594501,0.00423729,4.90821,3.29
437,0.477,12.35816,0.116,1,0.0117005,0.00738916,4.77171,3.224
438,0.536,8.53616,0.15,1,0.00913631,0.00717703,4.94518,3.32
439,0.51,11.187618,0.153,1,0.00829427,0.00417661,4.98442,3.338
440,0.459,8.331362,0.147,1,0.00546908,0.00446429,4.56823,3.122
441,0.516,10.274899,0.154,1,0.00871882,0.00180288,4.9717,3.322
442,0.511,12.386093,0.14,1,0.00634398,0.00413712,5.05163,3.37
443,0.489,11.426282,0.167,1,0.00645527,0.00464037,5.14569,3.432
444,0.479,12.368171,0.145,1,0.00754039,0.00593824,4.99104,3.348
445,0.496,11.669158,0.154,1,0.00940779,0.00536993,4.97361,3.334
446,0.54,9.483796,0.168,1,0.00954003,0.00522042,5.13411,3.43
447,0.511,14.980476,0.134,1,0.00885478,0.00472813,5.02969,3.368
448,0.495,11.627505,0.139,1,0.00452646,0.00817757,5.0742,3.396
449,0.458,13.100684,0.106,1,0.00574346,0.00490196,4.82451,3.248
450,0.476,12.933536,0.124,1,0.005763,0.00535714,4.98444,3.342
451,0.432,9.985862,0.114,1,0.00572519,0.00503778,4.64304,3.16
452,0.471,12.348597,0.112,1,0.00752823,0.00546117,4.86272,3.278
453,0.583,9.949427,0.198,1,0.00743863,0.00543478,4.89739,3.294
454,0.448,18.853609,0.092,1,0.00685888,0.00609756,4.83006,3.26
455,0.503,9.169658,0.158,1,0.00811409,0.00481928,4.92373,3.304
456,0.512,11.10115,0.134,1,0.00875861,0.00704225,5.06087,3.384
457,0.531,16.004806,0.142,1,0.00685591,0.00417661,4.98143,3.338
458,0.486,9.342535,0.145,1,0.00639258,0.00364964,4.87057,3.276
459,0.482,15.572029,0.129,1,0.00691333,0.00184729,4.81863,3.242
460,0.518,15.821016,0.123,1,0.00747105,0.00664251,4.88207,3.29
461,0.528,7.779654,0.165,1,0.0050006,0.00297619,5.01433,3.35
462,0.498,13.306777,0.127,1,0.00862069,0.00573394,5.21799,3.468
463,0.544,11.776116,0.164,1,0.00871671,0.0029976,4.96693,3.326
464,0.509,11.530767,0.172,1,0.00819867,0.00356295,5.01549,3.356
465,0.481,10.744858,0.132,1,0.00624593,0.00371287,4.77329,3.22
466,0.545,13.533882,0.144,1,0.00790306,0.0044843,5.34347,3.552
467,0.429,10.022063,0.099,1,0.0076297,0.00731707,4.83047,3.256
468,0.552,15.886468,0.161,1,0.00892449,0.00639535,5.1141,3.418
469,0.545,22.288968,0.151,1,0.00928686,0.00582751,5.11254,3.412
470,0.589,10.363169,0.177,1,0.00819206,0.00580046,5.12777,3.428
471,0.527,9.333885,0.148,1,0.00743187,0.00938967,5.02192,3.376
472,0.489,10.55331,0.138,1,0.00619595,0.00614251,4.78801,3.236
473,0.514,9.603936,0.114,1,0.00685279,0.00427873,4.83732,3.258
474,0.525,11.923608,0.18,1,0.00582666,0.00598086,4.95668,3.324
475,0.517,9.014921,0.153,1,0.00669879,0.00821596,5.03491,3.38
476,0.517,12.573992,0.138,1,0.00629151,0.0104895,5.05477,3.396
477,0.501,14.792801,0.142,1,0.0058609,0.00859951,4.75713,3.228
478,0.46,15.823153,0.125,1,0.00746562,0.0049505,4.74813,3.216
479,0.52,13.04787,0.133,1,0.00588158,0.00433168,4.75513,3.218
480,0.49,7.820961,0.157,1,0.00825723,0.00364964,4.87973,3.276
481,0.438,14.574136,0.119,1,0.0073152,0.00612745,4.80395,3.244
482,0.475,11.858891,0.141,1,0.00700026,0.000620347,4.78833,3.222
483,0.453,12.962987,0.104,1,0.00697765,0.00431034,4.78602,3.234
484,0.524,12.794371,0.154,1,0.0111954,0.00303398,4.89288,3.286
485,0.497,12.093533,0.132,1,0.00734746,0.00730337,5.31466,3.534
486,0.5,8.475958,0.143,1,0.00767754,0.00733496,4.81219,3.248
487,0.528,13.472251,0.17,1,0.00958693,0.00997653,5.0083,3.374
488,0.419,17.391558,0.094,1,0.00838881,0.00561097,4.70846,3.19
489,0.447,14.449478,0.13,1,0.0101246,0.00432099,4.77619,3.226
490,0.529,9.241003,0.169,1,0.00661406,0.00759346,5.0724,3.398
491,0.52,10.455997,0.159,1,0.00893997,0.00169683,5.32351,3.53
492,0.444,8.84487,0.128,1,0.00776288,0.00705882,5.03673,3.376
493,0.017,0.0,0.01,0,0.00847354,0.00301932,4.93216,3.302
494,0.46,21.660158,0.124,1,0.00905141,0.00358852,4.97359,3.332
495,0.474,11.058547,0.133,1,0.00812916,0.00406032,5.15842,3.434
496,0.488,14.192316,0.143,1,0.00964988,0.00483092,4.90473,3.296
497,0.5,9.803162,0.171,1,0.00791747,0.00535714,4.98863,3.342
498,0.493,13.083147,0.142,1,0.00881754,0.00520833,5.14602,3.438
499,0.47,9.917503,0.142,1,0.0066294,0.00919118,4.75758,3.234
500,0.488,12.931059,0.133,1,0.0115149,0.0047619,4.98624,3.344
501,0.544,9.575472,0.199,1,0.00872483,0.00576037,5.17961,3.452
502,0.539,8.193966,0.146,1,0.00994789,0.00473934,5.02619,3.36
503,0.478,14.362301,0.136,1,0.00957878,0.00600962,4.92322,3.308
504,0.529,15.255691,0.153,1,0.00711221,0.00864055,5.14701,3.442
505,0.435,19.143243,0.09,1,0.00509029,0.00180288,4.96749,3.322
506,0.487,12.712289,0.145,1,0.007105,0.00462963,5.15523,3.44
507,0.511,10.501984,0.16,1,0.00824668,0.00886525,4.98927,3.354
508,0.447,12.168214,0.12,1,0.00681655,0.0047619,5.0012,3.344
509,0.519,12.820858,0.159,1,0.00742942,0.00363196,4.90644,3.292
510,0.478,9.870919,0.166,1,0.00754027,0.00117096,5.13072,3.412
511,0.594,9.927183,0.188,1,0.00849185,0.00636574,5.14386,3.434
512,0.531,9.184227,0.176,1,0.00521545,0.00603865,4.89247,3.292
513,0.554,12.866841,0.167,1,0.00769859,0.00353774,5.07278,3.38
514,0.47,16.401609,0.112,1,0.0105323,0.00290698,5.14869,3.43
515,0.469,8.794658,0.159,1,0.00461976,0.00591017,5.01902,3.364
516,0.459,6.517827,0.112,1,0.00853586,0.00533175,5.02382,3.358
517,0.534,10.781372,0.153,1,0.00583942,0.00717703,4.95181,3.32
518,0.448,10.435984,0.12,1,0.00509091,0.00240385,4.96988,3.32
519,0.494,12.797261,0.156,1,0.00523299,0.00785024,4.88497,3.286
520,0.53,7.594271,0.169,1,0.00942973,0.00347222,5.17305,3.444
521,0.478,9.246144,0.124,1,0.00840336,0.00488998,4.82432,3.256
522,0.557,10.331398,0.166,1,0.00466459,0.0045977,5.19861,3.464
523,0.475,10.226361,0.152,1,0.00584439,0.00360577,4.95356,3.316
524,0.566,9.67868,0.15,1,0.00345269,0.00307125,4.81824,3.246
525,0.501,9.641953,0.163,1,0.00933825,0.00525701,5.09336,3.406
526,0.523,10.791248,0.149,1,0.00468872,0.00859951,4.75713,3.228
527,0.479,11.446516,0.131,1,0.00742574,0.00543478,4.90589,3.294
528,0.477,11.773811,0.165,1,0.00545587,0.00359712,4.9627,3.324
529,0.031,3.603999,0.013,0,0.00966832,0.0074813,4.67776,3.184
530,0.495,13.422709,0.165,1,0.00838993,0.00375,4.71079,3.188
531,0.526,10.017932,0.175,1,0.00829458,0.00728155,4.86369,3.272
532,0.405,8.993175,0.109,1,0.00641283,0.00561097,4.69279,3.19
533,0.533,11.17104,0.153,1,0.00973618,0.00447427,5.36629,3.56
534,0.447,9.306308,0.118,1,0.00427295,0.00185644,4.78797,3.226
535,0.448,12.725565,0.127,1,0.00863363,0.00364964,4.87912,3.276
536,0.442,11.595117,0.103,1,0.00911508,0.00366748,4.84601,3.26
537,0.461,9.781313,0.128,1,0.00748316,0.00605327,4.88307,3.284
538,0.519,10.709674,0.141,1,0.00654796,0.00584112,5.11457,3.404
539,0.503,13.4432,0.156,1,0.00699391,0.00432099,4.78673,3.226
540,0.553,12.467122,0.17,1,0.0111474,0.00577367,5.15738,3.444
541,0.518,10.101118,0.128,1,0.00774893,0.00857843,4.78554,3.236
542,0.48,13.532626,0.157,1,0.00658527,0.00379747,4.63088,3.148
543,0.512,12.452111,0.165,1,0.00471984,0.0071599,4.96575,3.328
544,0.512,8.452377,0.152,1,0.00483571,0.00543478,4.89678,3.294
545,0.456,6.969665,0.158,1,0.00849126,0.00481928,4.91889,3.304
546,0.028,2.584024,0.013,0,0.00771803,0.0067402,4.79581,3.242
547,0.504,11.694992,0.176,1,0.00866739,0.00477327,4.98022,3.336
548,0.525,11.650845,0.163,1,0.00561728,0.00724638,4.87287,3.288
549,0.451,11.361554,0.111,1,0.00888626,0.00533175,5.0268,3.358
550,0.492,14.582505,0.144,1,0.00735294,0.00421687,4.93648,3.306
551,0.471,11.201485,0.139,1,0.00840848,0.00420673,4.95232,3.314
552,0.472,12.908144,0.104,1,0.00733496,0.00377834,4.6536,3.164
553,0.539,12.783981,0.157,1,0.0081541,0.0023753,5.0369,3.36
554,0.518,16.302983,0.126,1,0.00825754,0.0047619,4.99761,3.344
555,0.518,11.788235,0.138,1,0.00619534,0.00240385,4.95904,3.32
556,0.428,13.279064,0.108,1,0.00734694,0.00294811,5.07096,3.382
557,0.471,9.718936,0.165,1,0.00543413,0.00536993,4.96761,3.334
558,0.426,11.197795,0.117,1,0.00532569,0.00441919,4.64363,3.154
559,0.489,11.700237,0.164,1,0.0121937,0.00534442,4.99403,3.35
560,0.557,12.060825,0.171,1,0.0073478,0.00761124,5.05841,3.39
561,0.46,10.239428,0.12,1,0.00280112,0.00623441,4.70326,3.188
562,0.496,16.588231,0.126,1,0.00648525,0.00609756,4.82454,3.26
563,0.447,11.911327,0.093,1,0.00590261,0.00779376,4.9136,3.31
564,0.508,16.286199,0.11,1,0.00804803,0.00428922,4.81723,3.25
565,0.509,11.853623,0.149,1,0.00538471,0.00416667,4.99522,3.346
566,0.455,10.40192,0.162,1,0.0049612,0.00367647,4.83456,3.252
567,0.481,14.020939,0.131,1,0.00655696,0.004914,4.80123,3.24
568,0.492,16.233832,0.115,1,0.00571501,0.00427873,4.83364,3.258
569,0.533,14.716646,0.171,1,0.00926696,0.00533175,5.0131,3.358
570,0.485,14.71625,0.141,1,0.00784656,0.00364078,4.88977,3.284
571,0.55,9.517285,0.191,1,0.00812338,0.0035545,5.04994,3.364
572,0.467,9.877913,0.141,1,0.00642398,0.00547445,4.85566,3.27
573,0.468,10.887632,0.115,1,0.00749906,0.00726392,4.87866,3.28
574,0.478,10.039363,0.13,1,0.00444939,0.0060241,4.90364,3.3
575,0.522,10.590449,0.157,1,0.00749286,0.00768322,5.00774,3.358
576,0.468,17.075373,0.12,1,0.0101313,0.00605327,4.86906,3.284
577,0.369,14.967469,0.11,1,0.00841751,0.00510204,4.56923,3.12
578,0.539,10.282095,0.184,1,0.00721067,0.00119904,4.9946,3.332
579,0.45,11.095088,0.139,1,0.00782998,0.00603865,4.88821,3.292
580,0.511,10.784163,0.173,1,0.00507671,0.00520833,5.15649,3.438
581,0.466,10.774553,0.123,1,0.00852273,0.00543478,4.9156,3.294
582,0.494,12.033778,0.165,1,0.00744417,0.0035545,5.03151,3.364
583,0.562,7.246815,0.172,1,0.00609618,0.00348028,5.156,3.436
584,0.51,11.326418,0.169,1,0.00776288,0.00764706,5.03972,3.374
585,0.437,7.955582,0.137,1,0.00668852,0.00618812,4.74782,3.212
586,0.505,7.306014,0.186,1,0.00624494,0.00526932,5.08946,3.398
587,0.424,12.225868,0.119,1,0.00679728,0.0068408,4.69818,3.194
588,0.473,9.309395,0.167,1,0.0125962,0.00382653,4.57426,3.124
589,0.516,12.227183,0.16,1,0.0121835,0.00357143,5.00119,3.348
590,0.487,14.918338,0.157,1,0.00406554,0.00661058,4.91047,3.306
591,0.549,11.955034,0.189,1,0.00589777,0.00681818,5.23799,3.496
592,0.565,10.004393,0.179,1,0.0122714,0.00595238,4.97725,3.34
593,0.494,8.13751,0.16,1,0.00572519,0.00315657,4.64598,3.158
594,0.428,16.152648,0.114,1,0.00662252,0.00897129,4.92094,3.314
595,0.553,12.112579,0.162,1,0.00815985,0.00502232,5.36119,3.566
596,0.537,11.680825,0.169,1,0.00900277,0.00409836,5.09347,3.402
597,0.415,8.771532,0.129,1,0.00710812,0.00304136,4.89262,3.278
598,0.433,12.669125,0.138,1,0.00536056,0.00550122,4.81561,3.254
599,0.483,9.852144,0.145,1,0.00605917,0.00119332,5.02808,3.348
600,0.492,14.494897,0.137,1,0.00861746,0.00845411,4.87637,3.284
601,0.505,8.94596,0.156,1,0.00799903,0.0124408,4.94961,3.334
602,0.408,11.381336,0.113,1,0.00698758,0.00737101,4.78218,3.232
603,0.47,10.648055,0.136,1,0.00641787,0.00475059,5.02029,3.352
604,0.491,16.987498,0.126,1,0.00498212,0.00123153,4.82614,3.244
605,0.46,14.918897,0.128,1,0.00849629,0.00376884,4.67528,3.172
606,0.47,9.297715,0.143,1,0.00810512,0.00719424,4.91727,3.312
607,0.596,8.824835,0.202,1,0.00701169,0.00574713,5.19364,3.46
608,0.437,14.368657,0.12,1,0.00470035,0.00982801,4.75124,3.224
609,0.483,12.572391,0.161,1,0.00724988,0.0041866,4.97057,3.33
610,0.492,9.054374,0.148,1,0.00882852,0.00750577,5.13962,3.438
611,0.526,7.899028,0.19,1,0.00868936,0.00358852,4.97359,3.332
612,0.467,12.081335,0.125,1,0.0071599,0.00357143,5.00597,3.348
613,0.517,13.175062,0.136,1,0.00635356,0.00424757,4.89153,3.282
614,0.507,14.802379,0.133,1,0.00723589,0.00358852,4.97719,3.332
615,0.507,9.885434,0.162,1,0.0082457,0.00827423,4.98689,3.356
616,0.526,16.180732,0.149,1,0.00737878,0.00471698,5.05806,3.376
617,0.504,15.083521,0.139,1,0.00713838,0.00786925,4.87187,3.278
618,0.406,11.9192,0.096,1,0.00568586,0.00825472,5.01902,3.364
619,0.451,19.327553,0.108,1,0.00635039,0.00364078,4.89099,3.284
620,0.546,13.48062,0.151,1,0.00891266,0.00415677,5.01789,3.354
621,0.506,14.025794,0.133,1,0.00799722,0.00410798,5.08427,3.394
622,0.468,10.119091,0.149,1,0.00890614,0.00639535,5.12463,3.418
623,0.408,13.572699,0.129,1,0.00656007,0.00253165,4.64277,3.152
624,0.544,14.357477,0.144,1,0.00768574,0.00539568,4.94093,3.318
625,0.521,7.438293,0.164,1,0.00823782,0.00651659,4.99463,3.354
626,0.519,9.680747,0.17,1,0.00708847,0.00248756,4.74938,3.208
627,0.494,18.614167,0.115,1,0.00827338,0.00712589,4.98804,3.344
628,0.455,11.0351,0.117,1,0.00676478,0.00238095,5.02745,3.352
629,0.517,10.6509,0.151,1,0.00641603,0.00577367,5.15912,3.444
630,0.51,9.97421,0.17,1,0.00672721,0.00917431,5.16146,3.456
631,0.521,9.19523,0.157,1,0.00856735,0.00534442,5.01731,3.35
632,0.461,12.580098,0.139,1,0.00791738,0.00408879,5.11144,3.41
633,0.514,9.113099,0.182,1,0.00861022,0.00572082,5.21231,3.476
634,0.47,11.722222,0.148,1,0.00628156,0.00481928,4.91465,3.304
635,0.478,15.061494,0.144,1,0.0064006,0.00486618,4.87042,3.272
636,0.507,13.998398,0.121,1,0.00610609,0.00428922,4.83754,3.25
637,0.499,9.703209,0.153,1,0.00422089,0.00471698,5.05273,3.376
638,0.379,8.763137,0.107,1,0.00728062,0.00428922,4.81785,3.25
639,0.475,11.951128,0.133,1,0.006375,0.00845411,4.87211,3.284
640,0.527,15.46071,0.169,1,0.00631344,0.00483092,4.9017,3.296
641,0.474,22.945906,0.093,1,0.00778643,0.0060241,4.90364,3.3
642,0.539,13.858589,0.155,1,0.0059754,0.00762911,5.04731,3.382
643,0.487,14.110535,0.133,1,0.0053374,0.00790754,4.82465,3.262
644,0.543,11.473471,0.173,1,0.00543725,0.00636574,5.14153,3.434
645,0.547,12.734913,0.158,1,0.00778517,0.00520833,5.1559,3.438
646,0.506,13.029899,0.143,1,0.0072667,0.00490196,4.83005,3.248
647,0.444,11.190116,0.125,1,0.00774393,0.00246914,4.79455,3.232
648,0.512,8.757897,0.159,1,0.00974635,0.00304136,4.88286,3.278
649,0.456,18.415558,0.1,1,0.00645161,0.0074813,4.67337,3.184
650,0.487,11.770707,0.141,1,0.00640512,0.00561097,4.69843,3.19
651,0.511,10.295006,0.18,1,0.010636,0.00620767,5.28563,3.522
652,0.515,8.478302,0.154,1,0.00779423,0.00432099,4.77247,3.226
653,0.4,15.420146,0.079,1,0.00693909,0.00612745,4.79778,3.244
654,0.401,8.750006,0.11,1,0.0072,0.00561097,4.70219,3.19
655,0.478,9.447056,0.139,1,0.00872093,0.00528169,5.07375,3.39
656,0.485,8.514868,0.151,1,0.00612714,0.00611247,4.81796,3.252
657,0.521,9.229917,0.174,1,0.00767731,0.00360577,4.94934,3.316
658,0.484,12.274864,0.13,1,0.00838965,0.00586854,5.06612,3.388
659,0.428,11.513184,0.122,1,0.00655864,0.00675676,4.80891,3.234
660,0.508,7.956475,0.173,1,0.00918993,0.00522042,5.13936,3.43
661,0.489,9.242205,0.121,1,0.00684685,0.00714286,4.99101,3.336
662,0.5,11.727626,0.125,1,0.00705145,0.00800493,4.75357,3.222
663,0.47,9.181637,0.13,1,0.00652174,0.00490196,4.81527,3.248
664,0.513,12.447782,0.175,1,0.00890716,0.00524476,5.13005,3.414
665,0.43,12.195894,0.108,1,0.0100771,0.00664251,4.88632,3.29
666,0.463,16.632553,0.136,1,0.00679694,0.00765306,4.53856,3.112
667,0.542,10.40677,0.18,1,0.0105499,0.00395034,5.31671,3.53
668,0.436,7.512384,0.139,1,0.00810289,0.00307882,4.80235,3.238
669,0.451,13.00872,0.123,1,0.012385,0.00296209,5.03743,3.366
670,0.481,11.52394,0.119,1,0.00637102,0.00424757,4.87812,3.282
671,0.465,13.16286,0.132,1,0.00738483,0.00762911,5.04494,3.382
672,0.46,6.777238,0.151,1,0.0068741,0.00771971,4.9623,3.342
673,0.463,11.662546,0.119,1,0.0056243,0.00364964,4.88462,3.276
674,0.523,13.21831,0.145,1,0.00961432,0.00629291,5.20956,3.474
675,0.501,9.648444,0.166,1,0.00816375,0.00473934,5.03095,3.36
676,0.513,13.519662,0.158,1,0.00758887,0.0018797,4.715,3.186
677,0.465,9.214986,0.15,1,0.00923873,0.0130952,4.89626,3.316
678,0.541,10.185236,0.143,1,0.00678648,0.00547445,4.86667,3.27
679,0.457,12.349906,0.14,1,0.0064508,0.00183824,4.85328,3.258
680,0.42,15.095186,0.123,1,0.00591133,0.0044757,4.56326,3.114
681,0.441,13.734002,0.099,1,0.006399,0.00546117,4.86272,3.278
682,0.468,13.240284,0.136,1,0.00898428,0.00243309,4.88659,3.28
683,0.518,8.275973,0.166,1,0.00676972,0.00520833,5.1559,3.438
684,0.444,13.762137,0.134,1,0.0101496,0.00433168,4.77626,3.218
685,0.421,9.929136,0.112,1,0.00787402,0.00546117,4.88164,3.278
686,0.473,12.930285,0.105,1,0.00630252,0.00422705,4.90722,3.298
687,0.433,16.984486,0.091,1,0.00781454,0.00555556,4.76598,3.222
688,0.428,8.545489,0.117,1,0.00633245,0.00497512,4.7375,3.2
689,0.448,13.30295,0.105,1,0.00496924,0.00591017,5.02497,3.364
690,0.372,20.568591,0.072,1,0.00514212,0.00767263,4.51095,3.104
691,0.458,15.795236,0.132,1,0.00356888,0.00592417,5.00954,3.356
692,0.526,10.602469,0.174,1,0.00871992,0.00352941,5.07733,3.388
693,0.505,10.943714,0.158,1,0.00875044,0.00353774,5.0716,3.38
694,0.497,13.375827,0.14,1,0.00732951,0.00672646,5.31264,3.544
695,0.47,9.355244,0.119,1,0.00972739,0.00712589,4.98026,3.344
696,0.452,11.259136,0.134,1,0.00651152,0.00358852,4.97779,3.332
697,0.449,12.897571,0.137,1,0.00459162,0.00381679,4.5894,3.132
698,0.51,12.770753,0.177,1,0.00718358,0.0034965,5.12865,3.42
699,0.508,9.145259,0.122,1,0.00587698,0.00740741,4.76182,3.216
700,0.454,12.984009,0.118,1,0.00883596,0.00672372,4.80554,3.25
701,0.539,13.883804,0.153,1,0.00609839,0.00626566,4.65259,3.172
702,0.51,16.358009,0.138,1,0.00760369,0.00872093,5.09091,3.41
703,0.524,13.393924,0.178,1,0.0076447,0.00538278,4.9555,3.326
704,0.491,12.263055,0.159,1,0.00754039,0.00653207,4.99402,3.346
705,0.45,12.232246,0.105,1,0.00581889,0.00240385,4.96928,3.32
706,0.509,11.413419,0.172,1,0.00755139,0.00508906,4.57225,3.128
707,0.414,16.394878,0.111,1,0.00798479,0.0054878,4.83752,3.262
708,0.479,8.944692,0.127,1,0.00762125,0.00759346,5.09712,3.398
709,0.537,13.503943,0.162,1,0.00874432,0.00411765,5.06615,3.386
710,0.439,20.831001,0.103,1,0.0066133,0.00410798,5.07896,3.394
711,0.447,9.112553,0.123,1,0.00953039,0.00506329,4.6056,3.144
712,0.445,12.183235,0.114,1,0.00605755,0.00426829,4.85242,3.266
713,0.552,8.093978,0.171,1,0.00946571,0.00669643,5.34157,3.56
714,0.518,10.959919,0.16,1,0.00682226,0.0047619,4.99701,3.344
715,0.505,14.279351,0.147,1,0.00961538,0.00415677,5.02326,3.354
716,0.466,11.268298,0.125,1,0.00837032,0.00488998,4.84337,3.256
717,0.466,13.715362,0.127,1,0.00779773,0.0111502,5.02315,3.37
718,0.026,1.319675,0.011,0,0.00764382,0.005,4.68405,3.184
719,0.426,7.996266,0.112,1,0.00664928,0.00555556,4.76102,3.222
720,0.494,10.39308,0.169,1,0.0053178,0.00729927,4.83946,3.264
721,0.491,9.139138,0.127,1,0.00898957,0.00829384,4.98387,3.348
722,0.514,12.630839,0.129,1,0.00777935,0.0023753,5.05,3.36
723,0.503,12.502197,0.16,1,0.00700779,0.00403226,5.19954,3.458
724,0.414,11.919978,0.098,1,0.0075,0.00618812,4.73225,3.212
725,0.537,14.994388,0.181,1,0.0083877,0.00411765,5.07029,3.386
726,0.437,20.028552,0.113,1,0.00829876,0.0056962,4.60216,3.142
727,0.019,0.357697,0.011,0,0.00536377,0.00443038,4.62238,3.146
728,0.464,11.431951,0.155,1,0.00569106,0.00377834,4.66498,3.164
729,0.457,11.805785,0.113,1,0.00518775,0.00302663,4.9156,3.294
730,0.462,21.504095,0.111,1,0.00535788,0.00443038,4.62746,3.146
731,0.527,11.87096,0.16,1,0.00663146,0.00600962,4.92322,3.308
732,0.497,10.198819,0.178,1,0.00628638,0.00876168,5.06187,3.394
733,0.496,11.176752,0.148,1,0.0112495,0.00656325,4.96517,3.33
734,0.505,18.541279,0.128,1,0.00643163,0.00357143,5.01553,3.348
735,0.571,11.033707,0.161,1,0.00481486,0.00408879,5.11613,3.41
736,0.505,8.185823,0.161,1,0.00952165,0.00348837,5.14702,3.428
737,0.499,15.966547,0.117,1,0.0064869,0.00609756,4.82331,3.26
738,0.495,13.210363,0.156,1,0.00775012,0.00471698,5.04502,3.376
739,0.526,13.611471,0.18,1,0.00741875,0.00648585,5.03976,3.37
740,0.462,14.332163,0.101,1,0.00963524,0.00524476,5.10721,3.414
741,0.483,14.661357,0.133,1,0.00537093,0.00461894,5.18387,3.448
742,0.495,6.905839,0.147,1,0.00819876,0.00303398,4.89957,3.286
743,0.463,13.102403,0.151,1,0.0100587,0.00770142,4.98567,3.35
744,0.47,10.180352,0.121,1,0.0072667,0.00550122,4.82114,3.254
745,0.457,11.161651,0.148,1,0.00919486,0.0105386,5.01953,3.38
746,0.509,11.543381,0.151,1,0.00595238,0.00423729,4.90213,3.29
747,0.553,12.224662,0.156,1,0.00677561,0.00498753,4.71617,3.192
748,0.474,12.649839,0.109,1,0.00457841,0.00488998,4.82985,3.256
749,0.494,10.724139,0.143,1,0.00703977,0.00471698,5.04917,3.376
750,0.471,19.168114,0.121,1,0.00726744,0.00833333,4.95558,3.332
751,0.443,13.658466,0.126,1,0.011921,0.00664251,4.89544,3.29
752,0.475,7.382246,0.158,1,0.00602485,0.00546117,4.86089,3.278
753,0.492,10.973061,0.134,1,0.00736529,0.00308642,4.79195,3.23
754,0.515,8.774629,0.172,1,0.00719152,0.0090799,4.84178,3.274
755,0.488,12.242342,0.153,1,0.00567913,0.00591017,5.02497,3.364
756,0.47,9.500665,0.124,1,0.00863102,0.0112028,4.97436,3.354
757,0.275,16.605082,0.062,1,0.00545302,0.00191816,4.58168,3.122
758,0.541,12.441494,0.142,1,0.0055483,0.00568182,5.25257,3.5
759,0.479,11.174169,0.154,1,0.0066597,0.00679012,4.75948,3.218
760,0.489,9.125847,0.136,1,0.00934803,0.00653207,4.98745,3.346
761,0.5,9.22412,0.143,1,0.00625217,0.00410798,5.08957,3.394
762,0.531,10.326104,0.18,1,0.00821713,0.00605327,4.8916,3.284
763,0.492,12.151754,0.159,1,0.00690088,0.00391499,5.37002,3.562
764,0.448,18.57877,0.133,1,0.00918602,0.00672372,4.82338,3.25
765,0.499,13.032067,0.13,1,0.00811574,0.0053066,5.03972,3.374
766,0.542,7.107074,0.176,1,0.00761421,0.0054878,4.83139,3.262
767,0.535,12.424352,0.16,1,0.00707547,0.00633641,5.16174,3.45
768,0.431,14.244163,0.103,1,0.00655864,0.00307882,4.80296,3.238
769,0.52,11.203485,0.15,1,0.0107434,0.00623583,5.2567,3.506
770,0.544,9.190476,0.179,1,0.00944424,0.0029976,4.96633,3.326
771,0.506,14.153644,0.159,1,0.00692588,0.00300481,4.96082,3.318
772,0.542,7.741213,0.201,1,0.00423838,0.00733496,4.79433,3.248
773,0.463,9.748782,0.132,1,0.00766551,0.00469484,5.07665,3.392
774,0.511,13.776608,0.146,1,0.00730105,0.00479616,4.9506,3.32
775,0.553,11.285858,0.178,1,0.00538186,0.00551471,4.80838,3.246
776,0.471,12.075659,0.115,1,0.00567967,0.00728155,4.84291,3.272
777,0.491,10.124013,0.159,1,0.00543549,0.00737101,4.78156,3.232
778,0.499,14.693225,0.141,1,0.00174703,0.00235849,5.07447,3.384
779,0.453,11.374832,0.131,1,0.00817996,0.00378788,4.64829,3.156
780,0.526,11.117644,0.176,1,0.0075254,0.00547445,4.87645,3.27
781,0.493,17.88927,0.132,1,0.00952614,0.00539568,4.9355,3.318
782,0.366,12.241369,0.105,1,0.00528957,0.00628141,4.66056,3.164
783,0.464,11.489207,0.151,1,0.00673233,0.00243309,4.89085,3.28
784,0.492,12.605593,0.115,1,0.00749064,0.00485437,4.88415,3.28
785,0.535,22.703951,0.14,1,0.00567644,0.00591017,5.02735,3.364
786,0.51,11.192941,0.125,1,0.00625978,0.0067734,4.75387,3.226
787,0.435,13.703291,0.098,1,0.00412345,0.00485437,4.87988,3.28
788,0.504,16.180322,0.1,1,0.00634881,0.00484262,4.88625,3.288
789,0.547,15.479046,0.132,1,0.00809236,0.00453515,5.2779,3.512
790,0.468,9.61929,0.147,1,0.0045535,0.00366748,4.85031,3.26
791,0.509,14.435721,0.149,1,0.00679299,0.00297619,5.00955,3.35
792,0.566,12.687069,0.18,1,0.00758945,0.00654762,4.97364,3.338
793,0.476,7.965973,0.149,1,0.00961114,0.00572082,5.20829,3.476
794,0.535,10.249781,0.193,1,0.00497766,0.00550122,4.81561,3.254
795,0.504,9.627113,0.165,1,0.00690521,0.00723831,5.36063,3.566
796,0.417,16.347002,0.101,1,0.00829563,0.00667476,4.86011,3.274
797,0.537,12.311172,0.179,1,0.00679785,0.00593824,5.00896,3.348
798,0.469,7.929989,0.143,1,0.00929432,0.00582751,5.10844,3.412
799,0.466,11.996735,0.104,1,0.00799787,0.00498753,4.7005,3.192
800,0.473,14.21133,0.136,1,0.00709927,0.00544794,4.88679,3.286
801,0.487,9.160571,0.165,1,0.00598429,0.00724638,4.87895,3.288
802,0.521,10.919033,0.168,1,0.0102916,0.00983796,5.11105,3.422
803,0.53,12.786196,0.166,1,0.00714286,0.00592417,5.00596,3.356
804,0.518,12.496552,0.172,1,0.00629444,0.00819672,5.06434,3.388
805,0.403,11.525087,0.093,1,0.00881789,0.00672372,4.81538,3.25
806,0.536,8.542208,0.177,1,0.00703977,0.00588235,5.0432,3.38
807,0.523,9.748758,0.147,1,0.00609206,0.00635104,5.15049,3.442
808,0.47,7.885766,0.147,1,0.0089116,0.00297619,5.02448,3.35
809,0.523,10.33404,0.151,1,0.00853749,0.00543478,4.9071,3.294
810,0.526,13.642759,0.16,1,0.00578871,0.00596659,4.97719,3.332
811,0.366,17.803416,0.066,1,0.00682183,0.00623441,4.69009,3.188
812,0.542,11.224068,0.163,1,0.00929859,0.00699301,5.11209,3.408
813,0.57,8.907636,0.201,1,0.00747158,0.00397727,5.26811,3.506
814,0.504,12.916996,0.159,1,0.00607518,0.00729927,4.8413,3.264
815,0.466,10.766887,0.132,1,0.0106504,0.00427873,4.84162,3.258
816,0.507,14.623192,0.136,1,0.0087382,0.00411765,5.0697,3.386
817,0.472,9.836953,0.139,1,0.00616607,0.00379747,4.63659,3.148
818,0.492,8.312532,0.174,1,0.00640704,0.00606796,4.85958,3.276
819,0.452,11.869121,0.091,1,0.00813848,0.00123762,4.79616,3.228
820,0.532,8.340619,0.154,1,0.0077764,0.00462963,5.15872,3.44
821,0.462,9.868493,0.131,1,0.0129342,0.00362319,4.92,3.3
822,0.495,20.917213,0.132,1,0.00581395,0.00431034,4.78664,3.234
823,0.514,11.736015,0.167,1,0.00770777,0.00289352,5.19559,3.446
824,0.511,11.64212,0.145,1,0.0061665,0.00612745,4.79901,3.244
825,0.422,10.002998,0.109,1,0.00747686,0.00650118,5.01249,3.362
826,0.473,12.774129,0.147,1,0.00736829,0.00600962,4.92322,3.308
827,0.584,7.637608,0.192,1,0.0101727,0.00337838,5.33164,3.54
828,0.446,12.386705,0.135,1,0.00529038,0.00647059,5.03612,3.378
829,0.459,10.784872,0.119,1,0.00563557,0.00546117,4.87187,3.278
830,0.38,18.629968,0.096,1,0.00799787,0.00375,4.7064,3.188
831,0.499,10.574739,0.167,1,0.00608982,0.00245098,4.84152,3.256
832,0.426,14.160767,0.102,1,0.00679819,0.00375,4.7064,3.188
833,0.493,14.608491,0.118,1,0.00762804,0.00596659,4.95738,3.332
834,0.502,14.55279,0.154,1,0.00646204,0.00501253,4.67758,3.176
835,0.543,10.242734,0.19,1,0.00603979,0.00296912,5.02918,3.358
836,0.504,8.974739,0.139,1,0.00473239,0.0091954,5.14791,3.448
837,0.532,15.161008,0.144,1,0.00627075,0.00721154,4.92312,3.304
838,0.458,9.176021,0.123,1,0.00850822,0.00575448,4.53505,3.11
839,0.546,13.298322,0.164,1,0.00840608,0.00510204,5.28718,3.51
840,0.555,9.173066,0.196,1,0.0105718,0.00406977,5.13543,3.426
841,0.446,12.050346,0.141,1,0.00957574,0.003125,4.71411,3.19
842,0.482,11.861208,0.142,1,0.00393279,0.00475059,5.00656,3.352
843,0.507,21.787785,0.185,1,0.00726832,0.0077381,4.95201,3.334
844,0.489,10.860516,0.147,1,0.0084319,0.00704225,5.04669,3.384
845,0.491,17.798689,0.153,1,0.00670974,0.00843373,4.88943,3.292
846,0.486,13.561108,0.137,1,0.00806169,0.00529412,5.0615,3.382
847,0.462,9.381865,0.129,1,0.00840229,0.00670732,4.82198,3.258
848,0.453,24.139515,0.093,1,0.00805524,0.00672372,4.81292,3.25
849,0.031,4.595436,0.012,0,0.00694614,0.00360577,4.94934,3.316
850,0.504,18.367399,0.142,1,0.00689572,0.00596659,4.96158,3.332
851,0.489,16.735484,0.133,1,0.00685392,0.00251256,4.68577,3.176
852,0.506,18.06384,0.141,1,0.00833032,0.00596659,4.97179,3.332
853,0.489,12.750783,0.131,1,0.00720971,0.0054878,4.84733,3.262
854,0.542,17.99511,0.136,1,0.00484773,0.00544794,4.89653,3.286
855,0.48,16.261334,0.135,1,0.00116475,0.00857843,4.77565,3.236
856,0.509,11.003413,0.134,1,0.007249,0.00239808,4.97416,3.328
857,0.527,9.462551,0.173,1,0.00924718,0.00473934,5.02083,3.36
858,0.426,20.162226,0.096,1,0.00627943,0.00372208,4.75965,3.212
859,0.519,11.072172,0.156,1,0.00717391,0.00511364,5.25414,3.502
860,0.498,12.550881,0.151,1,0.00840996,0.00347222,5.17886,3.444
861,0.521,10.117839,0.155,1,0.00473346,0.00977011,5.14974,3.446
862,0.506,12.668271,0.172,1,0.0069776,0.00480769,4.93297,3.312
863,0.493,11.931398,0.17,1,0.0075413,0.0047619,4.99641,3.344
864,0.5,8.069827,0.174,1,0.0091029,0.00373134,4.73159,3.204
865,0.516,15.795856,0.129,1,0.00819867,0.00533175,5.01251,3.358
866,0.521,8.488332,0.18,1,0.00654387,0.00478469,4.95913,3.328
867,0.513,14.346916,0.141,1,0.00633052,0.00688073,5.19861,3.464
868,0.482,16.098151,0.113,1,0.00926696,0.00650118,5.00714,3.362
869,0.525,12.281236,0.171,1,0.00490884,0.00529412,5.05973,3.382
870,0.508,11.889099,0.137,1,0.00926455,0.004662,5.11885,3.416
871,0.469,9.469579,0.15,1,0.00910364,0.00470588,5.06383,3.384
872,0.528,11.452774,0.145,1,0.00749813,0.0066586,4.87629,3.282
873,0.481,7.684546,0.138,1,0.00831697,0.00584112,5.08637,3.404
874,0.429,8.605611,0.104,1,0.00775958,0.00181598,4.92359,3.298
875,0.525,10.434314,0.126,1,0.00872803,0.00586854,5.07261,3.388
876,0.468,9.204598,0.139,1,0.00731144,0.00552826,4.81532,3.238
877,0.518,12.408159,0.149,1,0.00639488,0.00992556,4.70301,3.192
878,0.453,10.419515,0.14,1,0.00635893,0.00472813,5.04276,3.368
879,0.449,11.491638,0.128,1,0.00918042,0.0068408,4.70632,3.194
880,0.469,15.423756,0.134,1,0.00602168,0.0037594,4.7,3.18
881,0.487,10.90422,0.146,1,0.00657895,0.00657895,4.9416,3.322
882,0.464,22.687498,0.11,1,0.00775194,0.00181598,4.92844,3.298
883,0.54,8.582743,0.155,1,0.00769513,0.00420673,4.94086,3.314
884,0.451,11.53875,0.115,1,0.00786419,0.00424757,4.88178,3.282
885,0.018,0.0,0.01,0,0.0105045,0.0067734,4.78053,3.226
886,0.553,12.495033,0.159,1,0.0106607,0.0102506,5.18124,3.476
887,0.475,18.18098,0.149,1,0.00350877,0.00432099,4.77061,3.226
888,0.518,14.729567,0.149,1,0.0073933,0.00347222,5.18409,3.444
889,0.511,11.619581,0.147,1,0.0079739,0.00536993,4.96521,3.334
890,0.562,9.175372,0.174,1,0.00507557,0.00462963,5.15465,3.44
891,0.548,15.122191,0.16,1,0.00823782,0.00534442,5.0006,3.35
892,0.545,12.286239,0.144,1,0.00601486,0.00472813,5.03504,3.368
893,0.546,11.155067,0.156,1,0.00800371,0.00410798,5.08014,3.394
894,0.558,7.922855,0.161,1,0.00772479,0.00333333,5.41193,3.588
895,0.493,8.605931,0.168,1,0.00833032,0.0041866,4.97477,3.33
896,0.522,15.243474,0.147,1,0.00553642,0.00542169,4.92308,3.302
897,0.43,10.052799,0.093,1,0.00882677,0.00481928,4.93765,3.304
898,0.541,9.815582,0.218,1,0.00604974,0.00461894,5.17749,3.448
899,0.499,32.004398,0.09,1,0.00617363,0.004914,4.79938,3.24
900,0.506,11.409924,0.127,1,0.00980155,0.00656325,4.96336,3.33
901,0.51,9.724587,0.171,1,0.00808898,0.00347222,5.16899,3.444
902,0.476,14.225256,0.124,1,0.00668064,0.0049505,4.74751,3.216
903,0.506,16.262613,0.117,1,0.00676183,0.00364964,4.87546,3.276
904,0.39,16.850206,0.098,1,0.0103737,0.00375,4.71706,3.188
905,0.394,16.588544,0.096,1,0.00576685,0.00379747,4.62706,3.148
906,0.533,13.617171,0.172,1,0.0065326,0.00551471,4.81023,3.246
907,0.456,10.009719,0.145,1,0.00897105,0.00814536,4.6475,3.166
908,0.463,11.536346,0.139,1,0.00673117,0.00446429,4.56823,3.122
909,0.488,28.656125,0.126,1,0.00768872,0.00761124,5.06431,3.39
910,0.479,8.814856,0.141,1,0.00921069,0.00733496,4.81342,3.248
911,0.471,12.077985,0.106,1,0.00834139,0.00833333,4.96519,3.332
912,0.471,9.684479,0.129,1,0.00932811,0.00314861,4.67277,3.166
913,0.497,12.519363,0.13,1,0.00894454,0.007109,5.00298,3.352
914,0.467,13.242046,0.123,1,0.00371701,0.00423729,4.90638,3.29
915,0.384,11.670806,0.086,1,0.00821202,0.00484262,4.88869,3.288
916,0.533,13.577213,0.166,1,0.00472269,0.0071599,4.96274,3.328
917,0.451,15.669763,0.112,1,0.00882353,0.00413712,5.04451,3.37
918,0.433,14.248843,0.116,1,0.0060675,0.00305623,4.8504,3.262
919,0.432,16.330119,0.108,1,0.00672291,0.00620347,4.73533,3.204
920,0.49,11.128516,0.15,1,0.00519391,0.00584112,5.09048,3.404
921,0.509,10.840624,0.159,1,0.00984497,0.00750577,5.14078,3.438
922,0.473,15.164169,0.129,1,0.00881627,0.0035461,5.04567,3.372
923,0.486,17.264455,0.091,1,0.0055409,0.00435323,4.73454,3.202
924,0.477,13.388161,0.14,1,0.00536733,0.00404157,5.18435,3.45
925,0.539,13.579194,0.161,1,0.00995969,0.00650118,5.01725,3.362
926,0.459,8.789096,0.121,1,0.00776627,0.00362319,4.91636,3.3
927,0.451,10.388538,0.118,1,0.00568489,0.00314861,4.66709,3.166
928,0.523,12.828545,0.163,1,0.00773386,0.00540865,4.92205,3.31
929,0.523,19.742338,0.144,1,0.00578662,0.00358852,4.97899,3.332
930,0.512,9.349309,0.181,1,0.00698529,0.00540865,4.93051,3.31
931,0.448,13.712845,0.118,1,0.00508607,0.00310174,4.77162,3.214
932,0.479,14.827101,0.153,1,0.0103219,0.00421687,4.92317,3.306
933,0.434,13.770344,0.138,1,0.0106541,0.00582751,5.11665,3.412
934,0.504,11.30191,0.17,1,0.00895634,0.00303398,4.89288,3.286
935,0.447,9.356646,0.126,1,0.00729647,0.00184729,4.81925,3.242
936,0.498,13.290051,0.121,1,0.0102041,0.00788835,4.85505,3.27
937,0.539,11.36787,0.159,1,0.00935279,0.00424757,4.88665,3.282
938,0.478,14.927166,0.135,1,0.00911277,0.00729927,4.8413,3.264
939,0.517,10.815773,0.143,1,0.00608108,0.00348028,5.1688,3.436
940,0.531,12.721792,0.168,1,0.00868097,0.00358852,4.97839,3.332
941,0.467,8.246729,0.143,1,0.0113689,0.00408879,5.10733,3.41
942,0.464,9.353369,0.149,1,0.00816933,0.00543478,4.90528,3.294
943,0.487,13.772837,0.114,1,0.00488293,0.00182927,4.87905,3.274
944,0.526,16.533972,0.131,1,0.0063701,0.00505618,5.31846,3.542
945,0.482,7.403216,0.138,1,0.00898849,0.00653207,4.98745,3.346
946,0.534,10.334526,0.157,1,0.005,0.00297619,5.01493,3.35
947,0.522,10.854467,0.177,1,0.00746888,0.00296912,5.02382,3.358
948,0.417,9.313017,0.116,1,0.00498781,0.00402299,5.206,3.466
949,0.512,11.328092,0.125,1,0.00982916,0.00704225,5.05083,3.384
950,0.435,27.958261,0.112,1,0.00740335,0.00505051,4.62817,3.152
951,0.43,17.318144,0.107,1,0.00701754,0.00493827,4.77357,3.224
952,0.466,13.563821,0.126,1,0.00561122,0.00250627,4.70163,3.184
953,0.513,10.822304,0.139,1,0.00689215,0.00611247,4.81857,3.252
954,0.509,11.404569,0.135,1,0.00761949,0.00757576,5.08632,3.406
955,0.534,9.825788,0.151,1,0.00825161,0.00593824,4.99522,3.348
956,0.507,11.242726,0.139,1,0.00684656,0.00438596,4.68785,3.178
957,0.498,9.321492,0.151,1,0.011527,0.00543478,4.8986,3.294
958,0.5,14.475125,0.125,1,0.00785251,0.0034965,5.1386,3.42
959,0.449,12.755225,0.125,1,0.00404585,0.00188917,4.67823,3.17
960,0.462,7.468052,0.147,1,0.00863039,0.00364964,4.88095,3.276
961,0.498,13.831053,0.155,1,0.00706806,0.00434243,4.76012,3.21
962,0.459,13.668188,0.134,1,0.00903501,0.00243902,4.87103,3.272
963,0.484,18.32429,0.141,1,0.00564617,0.00546117,4.86272,3.278
964,0.511,16.160263,0.13,1,0.00967867,0.00308642,4.79814,3.23
965,0.484,11.196409,0.115,1,0.00995091,0.0025,4.72243,3.192
966,0.548,8.930703,0.155,1,0.00880759,0.00750577,5.15183,3.438
967,0.521,11.656856,0.161,1,0.00609829,0.0047619,5.00179,3.344
968,0.509,13.22897,0.133,1,0.00581043,0.0029976,4.96753,3.326
969,0.496,16.150169,0.146,1,0.00628931,0.00528169,5.06549,3.39
970,0.458,7.754036,0.161,1,0.00905688,0.00478469,4.97656,3.328
971,0.56,11.298622,0.175,1,0.00960398,0.00473934,5.02024,3.36
972,0.476,13.273043,0.116,1,0.0103935,0.00543478,4.9071,3.294
973,0.51,15.844967,0.151,1,0.0104819,0.00771971,4.96709,3.342
974,0.454,11.46815,0.114,1,0.00621842,0.00737101,4.77661,3.232
975,0.552,9.372724,0.179,1,0.00678441,0.00844595,5.27314,3.522
976,0.469,12.86908,0.123,1,0.00680701,0.00426829,4.85793,3.266
977,0.475,7.269205,0.126,1,0.00985162,0.00479616,4.95301,3.32
978,0.475,10.22889,0.137,1,0.00773671,0.00600962,4.92322,3.308
979,0.469,15.327416,0.106,1,0.00916847,0.00731707,4.82371,3.256
980,0.472,9.702631,0.138,1,0.00697333,0.00480769,4.93599,3.312
981,0.457,10.743436,0.138,1,0.00576258,0.0036855,4.81443,3.244
982,0.422,13.458022,0.144,1,0.0064,0.00623441,4.70514,3.188
983,0.51,11.941078,0.159,1,0.0078264,0.00473934,5.01964,3.36
984,0.524,13.086551,0.158,1,0.00768067,0.00586854,5.07261,3.388
985,0.52,14.908637,0.163,1,0.00705467,0.00413712,5.04748,3.37
986,0.549,9.694843,0.186,1,0.0113954,0.00632184,5.17698,3.458
987,0.014,0.119666,0.011,0,0.00874636,0.00300481,4.96203,3.318
988,0.49,14.523498,0.13,1,0.00730012,0.00700935,5.07647,3.4
989,0.504,11.903635,0.137,1,0.00650611,0.00407925,5.12639,3.418
990,0.445,13.708234,0.125,1,0.00576258,0.00672372,4.80554,3.25
991,0.544,10.640729,0.17,1,0.00940018,0.00404157,5.18029,3.45
992,0.421,14.406014,0.1,1,0.00845179,0.0036855,4.81443,3.244
993,0.474,11.001967,0.152,1,0.00600525,0.00845411,4.86784,3.284
994,0.54,17.748917,0.153,1,0.00667491,0.0060241,4.90303,3.3
995,0.531,9.058048,0.163,1,0.00830354,0.00699301,5.08862,3.408
996,0.472,9.154541,0.142,1,0.0081781,0.00406977,5.13952,3.426
997,0.469,9.867643,0.106,1,0.00788391,0.00581395,5.11813,3.42
998,0.561,10.82514,0.173,1,0.00846154,0.00672372,4.8,3.25
999,0.492,9.376085,0.176,1,0.00715909,0.00752315,5.1312,3.43
1000,0.504,17.45419,0.12,1,0.00715611,0.001875,4.72511,3.194
1001,0.506,11.502756,0.153,1,0.00616509,0.004662,5.12822,3.416
1002,0.499,10.812083,0.153,1,0.0066256,0.00817757,5.06655,3.396
1003,0.478,15.751468,0.115,1,0.0107081,0.00641026,5.09384,3.41
1004,0.483,8.497815,0.135,1,0.00733969,0.00794621,4.78497,3.246
1005,0.428,20.345161,0.128,1,0.00711344,0.00544794,4.87705,3.286
1006,0.482,10.816171,0.118,1,0.00748223,0.00605327,4.88368,3.284
1007,0.484,11.974093,0.135,1,0.00340265,0.006691,4.85915,3.266
1008,0.423,13.590487,0.129,1,0.00675195,0.00650118,5.02201,3.362
1009,0.523,11.657219,0.15,1,0.00825446,0.00172414,5.23086,3.474
1010,0.405,8.048827,0.142,1,0.00750626,0.00571066,4.59094,3.134
1011,0.479,11.526216,0.166,1,0.00772653,0.00236407,5.06043,3.376
1012,0.459,12.580179,0.138,1,0.00652351,0.00628141,4.65107,3.164
1013,0.47,17.62119,0.106,1,0.00725099,0.00367647,4.83456,3.252
1014,0.538,9.610444,0.151,1,0.00749744,0.00406977,5.13894,3.426
1015,0.532,8.091252,0.177,1,0.00654236,0.00625,5.24357,3.498
1016,0.507,10.522574,0.151,1,0.00930233,0.00573394,5.20761,3.468
1017,0.522,12.266856,0.176,1,0.00504262,0.00357995,4.98743,3.34
1018,0.483,20.159665,0.134,1,0.00983248,0.00598086,4.95668,3.324
1019,0.471,10.606995,0.144,1,0.00776928,0.00589623,5.03855,3.372
1020,0.451,10.829238,0.15,1,0.00621496,0.00360577,4.94934,3.316
1021,0.452,12.822839,0.117,1,0.00636625,0.00424757,4.88178,3.282
1022,0.574,10.850056,0.192,1,0.00635369,0.0053066,5.03794,3.374
1023,0.526,11.779024,0.144,1,0.00885687,0.00531915,5.03149,3.366
1024,0.477,14.656188,0.11,1,0.0093361,0.00525701,5.09454,3.406
1025,0.455,12.123594,0.106,1,0.00839825,0.00300481,4.95238,3.318
1026,0.446,14.443929,0.117,1,0.00749911,0.00415677,5.00954,3.354
1027,0.424,10.341969,0.124,1,0.00794204,0.00634518,4.58301,3.132
1028,0.518,13.022337,0.155,1,0.00680029,0.00651659,4.99821,3.354
1029,0.521,11.170888,0.123,1,0.00908981,0.00359712,4.9645,3.324
1030,0.477,9.453177,0.138,1,0.00858704,0.0067734,4.76503,3.226
1031,0.463,13.821376,0.141,1,0.00568028,0.0075,4.65617,3.176
1032,0.435,10.149533,0.145,1,0.00689376,0.0075,4.65869,3.176
1033,0.5,9.362295,0.124,1,0.00658135,0.00657895,4.9398,3.322
1034,0.526,13.472841,0.129,1,0.00703878,0.00422705,4.91086,3.298
1035,0.518,14.316264,0.142,1,0.00795354,0.00608273,4.84761,3.268
1036,0.438,21.103361,0.114,1,0.00829876,0.00365854,4.8672,3.268
1037,0.531,13.864618,0.156,1,0.00572724,0.00534442,5.00358,3.35
1038,0.463,13.283872,0.127,1,0.00799903,0.00359712,4.9645,3.324
1039,0.426,7.624321,0.113,1,0.00668064,0.00372208,4.75342,3.212
1040,0.476,8.262689,0.183,1,0.00863516,0.00535714,4.98983,3.342
1041,0.492,11.453636,0.162,1,0.00539568,0.00612745,4.79901,3.244
1042,0.516,10.00353,0.165,1,0.00770433,0.00173611,5.19188,3.45
1043,0.467,9.805175,0.137,1,0.00727096,0.00478469,4.95913,3.328
1044,0.435,13.657105,0.127,1,0.00596083,0.00448718,4.53703,3.106
1045,0.493,10.521098,0.128,1,0.006684,0.00543478,4.90528,3.294
1046,0.488,10.097842,0.169,1,0.00810313,0.00421687,4.9274,3.306
1047,0.526,11.25743,0.166,1,0.00812721,0.00413712,5.03858,3.37
1048,0.548,11.693627,0.143,1,0.00957447,0.00506757,5.31975,3.534
1049,0.565,8.41571,0.17,1,0.00875657,0.00529412,5.06505,3.382
1050,0.488,13.522494,0.13,1,0.00758821,0.00608273,4.83905,3.268
1051,0.527,9.338657,0.205,1,0.00888255,0.00626424,5.22579,3.49
1052,0.507,10.012907,0.154,1,0.0113415,0.00659472,4.9487,3.314
1053,0.571,12.16051,0.157,1,0.0054563,0.00731982,5.30176,3.526
1054,0.404,15.263505,0.095,1,0.00724269,0.00731707,4.83415,3.256
1055,0.525,11.294621,0.159,1,0.00710419,0.00748848,5.14684,3.446
1056,0.498,11.907079,0.169,1,0.007829,0.00603865,4.88882,3.292
1057,0.495,12.176966,0.128,1,0.00809954,0.0053066,5.04979,3.374
1058,0.495,8.696068,0.147,1,0.00992404,0.00659472,4.92577,3.314
1059,0.563,11.577798,0.187,1,0.00682982,0.00752315,5.12245,3.43
1060,0.475,8.563755,0.158,1,0.00785536,0.00605327,4.88429,3.284
1061,0.451,22.779117,0.125,1,0.00609173,0.00593824,5.00119,3.348
1062,0.542,10.085205,0.173,1,0.00787761,0.004662,5.12822,3.416
1063,0.495,9.074313,0.171,1,0.00839927,0.00539568,4.95178,3.318
1064,0.489,7.460885,0.18,1,0.00901659,0.00299043,4.9898,3.334
1065,0.501,13.250223,0.149,1,0.00767824,0.00539568,4.94575,3.318
1066,0.503,11.896788,0.166,1,0.00915681,0.00306373,4.83282,3.254
1067,0.451,9.13338,0.137,1,0.00859492,0.00424757,4.89214,3.282
1068,0.543,9.904396,0.169,1,0.00698243,0.00352941,5.07261,3.388
1069,0.464,12.918562,0.133,1,0.0111207,0.0060241,4.90485,3.3
1070,0.439,16.607432,0.086,1,0.00735895,0.00628141,4.63843,3.164
1071,0.479,15.106062,0.114,1,0.00652253,0.00536993,4.96641,3.334
1072,0.521,11.71624,0.134,1,0.00539222,0.0067402,4.80506,3.242
1073,0.472,13.457507,0.144,1,0.00728661,0.00468384,5.08588,3.4
1074,0.45,11.059684,0.111,1,0.00603055,0.00438596,4.69604,3.178
1075,0.562,8.607447,0.158,1,0.00566856,0.00517241,5.19757,3.462
1076,0.408,10.263977,0.127,1,0.00574084,0.00629723,4.63625,3.156
1077,0.522,11.165891,0.204,1,0.0109335,0.0053066,5.04209,3.374
1078,0.488,13.427252,0.116,1,0.00813218,0.00431034,4.79097,3.234
1079,0.492,12.276958,0.16,1,0.00838415,0.00427873,4.83241,3.258
1080,0.441,17.821341,0.119,1,0.00689469,0.00314861,4.67277,3.166
1081,0.489,10.81396,0.153,1,0.00766438,0.0056391,4.6862,3.174
1082,0.504,13.703882,0.146,1,0.00593619,0.00662651,4.90358,3.298
1083,0.436,8.454716,0.099,1,0.00611081,0.00814536,4.65193,3.166
1084,0.516,10.628882,0.145,1,0.00803506,0.00598086,4.94224,3.324
1085,0.561,10.097337,0.182,1,0.0071676,0.00416667,5.00359,3.346
1086,0.016,0.028665,0.011,0,0.00610169,0.00692841,5.14535,3.44
1087,0.405,7.971435,0.116,1,0.00953429,0.00120773,4.94619,3.308
1088,0.511,9.922376,0.148,1,0.00747367,0.002331,5.15829,3.424
1089,0.524,14.86706,0.136,1,0.00894988,0.0047619,5.01196,3.344
1090,0.448,13.3594,0.122,1,0.00573687,0.00428922,4.82708,3.25
1091,0.544,11.878997,0.148,1,0.00511542,0.00802469,4.74424,3.214
1092,0.022,0.0,0.01,0,0.00771303,0.00540865,4.93535,3.31
1093,0.452,10.805844,0.098,1,0.00976043,0.00196335,4.4341,3.05
1094,0.545,13.932798,0.123,1,0.00652568,0.00536993,4.96401,3.334
1095,0.506,12.299134,0.141,1,0.00711255,0.00243309,4.88659,3.28
1096,0.482,8.140815,0.136,1,0.00876979,0.00717703,4.94578,3.32
1097,0.525,18.927499,0.146,1,0.00621891,0.00444162,4.61185,3.138
1098,0.404,12.645871,0.118,1,0.00778715,0.00432099,4.77681,3.226
1099,0.506,16.818465,0.143,1,0.00628492,0.00529412,5.08102,3.382
1100,0.493,11.595184,0.131,1,0.00722804,0.00654762,4.97364,3.338
1101,0.398,11.140756,0.104,1,0.00639915,0.00375,4.70577,3.188
1102,0.482,13.398473,0.146,1,0.00696992,0.00777512,4.92948,3.318
1103,0.49,10.649103,0.136,1,0.0068156,0.0090799,4.83995,3.274
1104,0.457,10.729069,0.108,1,0.00584719,0.0067734,4.77123,3.226
1105,0.427,8.209427,0.131,1,0.00767263,0.00672372,4.81231,3.25
1106,0.574,9.832422,0.2,1,0.0089495,0.003386,5.31484,3.532
1107,0.487,12.47809,0.134,1,0.00743977,0.0035545,5.03448,3.364
1108,0.519,10.969781,0.172,1,0.00670316,0.00461894,5.192,3.448
1109,0.489,10.015979,0.162,1,0.00914411,0.00894988,4.93799,3.322
1110,0.472,10.387844,0.14,1,0.00549048,0.00717703,4.93735,3.32
1111,0.505,11.239884,0.166,1,0.00574919,0.00298329,4.99641,3.342
1112,0.518,9.310908,0.184,1,0.00760778,0.00449438,5.34086,3.544
1113,0.48,11.462006,0.112,1,0.00619275,0.00737101,4.79641,3.232
1114,0.546,10.092176,0.17,1,0.00701836,0.00529412,5.05559,3.382
1115,0.516,13.07509,0.137,1,0.00634501,0.00497512,4.72813,3.2
1116,0.482,8.502933,0.165,1,0.00599401,0.00546117,4.88591,3.278
1117,0.484,22.41907,0.118,1,0.00774351,0.0075188,4.6471,3.168
1118,0.476,14.466523,0.116,1,0.00574025,0.0047619,5.0012,3.344
1119,0.558,13.807737,0.181,1,0.00609465,0.007109,4.99284,3.352
1120,0.435,17.182804,0.114,1,0.00593668,0.00435323,4.73454,3.202
1121,0.482,7.061781,0.122,1,0.00868034,0.00847458,4.85287,3.276
1122,0.415,9.578597,0.131,1,0.00918197,0.00381679,4.59004,3.132
1123,0.438,11.726878,0.11,1,0.00543675,0.00596659,4.96819,3.332
1124,0.5,10.445012,0.132,1,0.00717432,0.00486618,4.85636,3.272
1125,0.477,12.944085,0.147,1,0.00535988,0.00428922,4.82215,3.25
1126,0.52,7.994089,0.187,1,0.00732959,0.00719424,4.94324,3.312
1127,0.574,11.066608,0.178,1,0.00801453,0.0100671,5.28701,3.54
1128,0.481,17.505263,0.13,1,0.0109984,0.00659472,4.93844,3.314
1129,0.537,9.6921,0.164,1,0.00906243,0.00518433,5.17545,3.454
1130,0.495,6.925137,0.151,1,0.00765661,0.00410798,5.07955,3.394
1131,0.482,9.93305,0.139,1,0.00506329,0.00654762,4.97004,3.338
1132,0.471,12.370955,0.14,1,0.00537891,0.00416667,5.0006,3.346
1133,0.493,9.268064,0.164,1,0.00591922,0.00644028,5.0772,3.394
1134,0.46,10.352097,0.151,1,0.00395935,0.00804455,4.72676,3.206
1135,0.421,15.370294,0.1,1,0.00828185,0.00496278,4.74252,3.208
1136,0.53,11.86932,0.15,1,0.0043088,0.00298329,5.0,3.342
1137,0.514,11.599686,0.183,1,0.00960398,0.00650118,5.01725,3.362
1138,0.476,14.257881,0.144,1,0.00771104,0.008125,4.65784,3.174
1139,0.524,14.461805,0.164,1,0.00899388,0.0047619,4.98744,3.344
1140,0.52,13.287598,0.166,1,0.00878774,0.00462963,5.16047,3.44
1141,0.475,13.191057,0.114,1,0.00690625,0.00490196,4.81466,3.248
1142,0.5,12.111473,0.15,1,0.00734694,0.0064554,5.06497,3.386
1143,0.512,10.897866,0.153,1,0.00695814,0.00702576,5.08432,3.392
1144,0.511,14.878806,0.157,1,0.00862862,0.00351288,5.10693,3.404
1145,0.504,11.194845,0.17,1,0.00525026,0.00529412,5.0686,3.382
1146,0.484,10.801995,0.155,1,0.00572246,0.007109,5.00477,3.352
1147,0.58,7.590966,0.18,1,0.00543171,0.00694444,5.14977,3.432
1148,0.512,12.953048,0.147,1,0.00715611,0.001875,4.72511,3.194
1149,0.523,11.395048,0.142,1,0.0069024,0.00656325,4.95976,3.33
1150,0.43,15.351845,0.101,1,0.00682335,0.00487805,4.84926,3.264
1151,0.493,11.095695,0.111,1,0.0052658,0.00425791,4.87233,3.274
1152,0.503,13.252305,0.189,1,0.00454233,0.00253807,4.6215,3.144
1153,0.428,12.459827,0.099,1,0.00578893,0.0026178,4.4206,3.048
1154,0.396,17.221003,0.086,1,0.00763683,0.00575448,4.54727,3.11
1155,0.501,7.014826,0.136,1,0.00693018,0.00429975,4.80691,3.242
1156,0.541,21.595885,0.13,1,0.00963855,0.0046729,5.11444,3.408
1157,0.527,15.045871,0.129,1,0.00696907,0.00480769,4.93901,3.312
1158,0.441,19.356111,0.088,1,0.00625081,0.00371287,4.76957,3.22
1159,0.524,9.123639,0.166,1,0.00722146,0.00408879,5.11672,3.41
1160,0.566,11.936395,0.186,1,0.00742727,0.00498891,5.40056,3.59
1161,0.465,10.886593,0.132,1,0.00988593,0.00366748,4.84049,3.26
1162,0.469,11.584896,0.133,1,0.00643696,0.00426829,4.85181,3.266
1163,0.487,11.758928,0.164,1,0.00696311,0.00420673,4.94025,3.314
1164,0.501,9.732866,0.171,1,0.00575742,0.00551471,4.81577,3.246
1165,0.48,13.091592,0.159,1,0.00950756,0.00657895,4.93919,3.322
1166,0.511,7.089467,0.122,1,0.00935011,0.00468384,5.09588,3.4
1167,0.503,11.765455,0.147,1,0.00816375,0.00707547,5.019,3.368
1168,0.382,16.507664,0.091,1,0.00564516,0.0031407,4.68809,3.174
1169,0.491,18.737139,0.136,1,0.00681388,0.00426829,4.85303,3.266
1170,0.461,12.417868,0.13,1,0.00806039,0.00733496,4.81281,3.248
1171,0.505,9.141626,0.126,1,0.00678562,0.00365854,4.87026,3.268
1172,0.486,14.960409,0.135,1,0.00765306,0.00625,4.68428,3.18
1173,0.478,8.601555,0.148,1,0.00764818,0.002457,4.83067,3.248
1174,0.496,13.010992,0.155,1,0.00873515,0.00528169,5.06549,3.39
1175,0.536,12.838696,0.138,1,0.0119849,0.00407925,5.12639,3.418
1176,0.477,17.447207,0.148,1,0.00687373,0.00488998,4.82555,3.256
1177,0.524,11.832309,0.125,1,0.00750256,0.00406977,5.13543,3.426
1178,0.521,11.957138,0.144,1,0.00839776,0.0018797,4.70935,3.186
1179,0.487,11.44975,0.169,1,0.0060241,0.00304878,4.87339,3.27
1180,0.482,11.260216,0.144,1,0.0101144,0.00299043,4.982,3.334
1181,0.518,8.443579,0.173,1,0.00817148,0.00533175,5.02918,3.358
1182,0.487,11.491598,0.122,1,0.00798258,0.0041866,4.96577,3.33
1183,0.495,14.393162,0.14,1,0.00660536,0.00432099,4.78673,3.226
1184,0.524,18.92163,0.136,1,0.00826446,0.00298329,4.99641,3.342
1185,0.475,12.633836,0.139,1,0.00494525,0.00648585,5.04036,3.37
1186,0.517,12.056918,0.167,1,0.00503175,0.0047619,4.99222,3.344
1187,0.495,8.116495,0.14,1,0.00964217,0.00786517,5.28539,3.532
1188,0.491,15.284619,0.092,1,0.00752068,0.00546117,4.8676,3.278
1189,0.48,9.817443,0.124,1,0.00675422,0.00304136,4.87797,3.278
1190,0.496,9.104373,0.143,1,0.00714097,0.00497512,4.72625,3.2
1191,0.506,11.30787,0.144,1,0.00942598,0.00180288,4.98194,3.322
1192,0.434,12.370337,0.125,1,0.00638893,0.003125,4.71034,3.19
1193,0.52,8.177513,0.153,1,0.00777874,0.00422705,4.91146,3.298
1194,0.564,12.734715,0.152,1,0.0103057,0.00697674,5.113,3.416
1195,0.425,14.366407,0.143,1,0.00793441,0.00311721,4.72921,3.198
1196,0.513,12.000037,0.188,1,0.0110988,0.00362319,4.91455,3.3
1197,0.52,9.319902,0.18,1,0.00715584,0.00694444,5.13054,3.432
1198,0.488,8.000445,0.144,1,0.00894775,0.00357143,5.00717,3.348
1199,0.414,11.871811,0.097,1,0.00524738,0.00424757,4.87751,3.282
1200,0.522,13.579939,0.132,1,0.00696311,0.00301205,4.94622,3.31
1201,0.527,8.873528,0.174,1,0.0059726,0.00295508,5.06165,3.374
1202,0.5,11.489091,0.148,1,0.00626714,0.00679012,4.7601,3.218
1203,0.511,12.138057,0.157,1,0.00705533,0.00543478,4.90528,3.294
1204,0.477,14.591846,0.128,1,0.00759686,0.0054878,4.84243,3.262
1205,0.483,11.969097,0.119,1,0.00525,0.00485437,4.87805,3.28
1206,0.492,10.818233,0.13,1,0.00729129,0.00835322,4.95126,3.324
1207,0.512,10.586746,0.163,1,0.00849649,0.00481928,4.91586,3.304
1208,0.513,8.915603,0.163,1,0.00624133,0.00526932,5.09241,3.398
1209,0.52,12.653366,0.179,1,0.00504262,0.00417661,4.99041,3.338
1210,0.52,10.120125,0.167,1,0.0073478,0.00294811,5.07037,3.382
1211,0.502,10.645459,0.146,1,0.00563972,0.00458716,5.2091,3.472
1212,0.412,11.905327,0.101,1,0.00722795,0.00685786,4.68989,3.186
1213,0.467,11.463764,0.144,1,0.00957829,0.00375,4.71581,3.188
1214,0.518,14.183829,0.139,1,0.00606493,0.00238095,5.0173,3.352
1215,0.499,11.345718,0.145,1,0.00547845,0.00717703,4.94819,3.32
1216,0.475,12.938695,0.15,1,0.00617284,0.004914,4.8,3.24
1217,0.519,12.032125,0.129,1,0.00483481,0.00584112,5.104,3.404
1218,0.56,11.829635,0.118,1,0.00974026,0.00888889,5.35202,3.568
1219,0.507,8.780167,0.157,1,0.0058609,0.00371287,4.76894,3.22
1220,0.52,7.756579,0.165,1,0.00727315,0.00757576,5.08632,3.406
1221,0.526,13.161714,0.169,1,0.00702329,0.00588235,5.05503,3.38
1222,0.457,11.939627,0.142,1,0.00624388,0.00897129,4.92939,3.314
1223,0.018,0.770734,0.013,0,0.0064159,0.00547445,4.86177,3.27
1224,0.492,10.436563,0.144,1,0.00530035,0.00788835,4.84648,3.27
1225,0.528,10.586181,0.164,1,0.00792353,0.00606796,4.85409,3.276
1226,0.467,11.629528,0.119,1,0.00775671,0.0107656,4.91052,3.308
1227,0.449,11.615648,0.118,1,0.00653009,0.00490196,4.80911,3.248
1228,0.478,15.961056,0.123,1,0.0101313,0.00364964,4.88095,3.276
1229,0.533,10.768528,0.143,1,0.00768156,0.00352941,5.07202,3.388
1230,0.454,14.591184,0.105,1,0.00957702,0.00498753,4.71053,3.192
1231,0.457,7.995093,0.134,1,0.010663,0.00692695,4.63855,3.154
1232,0.449,8.525963,0.161,1,0.00749906,0.00605327,4.87272,3.284
1233,0.527,8.748186,0.128,1,0.00674237,0.00414692,5.02915,3.362
1234,0.547,9.705113,0.181,1,0.00759253,0.00225225,5.35158,3.544
1235,0.472,9.991135,0.164,1,0.00542215,0.00492611,4.79332,3.232
1236,0.53,11.858323,0.134,1,0.00727754,0.00572082,5.21807,3.476
1237,0.485,15.037772,0.136,1,0.0040239,0.00717703,4.94036,3.32
1238,0.514,10.912534,0.165,1,0.00799225,0.00359712,4.96871,3.324
1239,0.485,16.458058,0.137,1,0.00635593,0.00511509,4.55013,3.112
1240,0.474,10.02887,0.138,1,0.0082182,0.007109,5.00955,3.352
1241,0.535,12.598707,0.144,1,0.00720681,0.00399543,5.24814,3.49
1242,0.508,10.382408,0.184,1,0.0113346,0.00539568,4.94575,3.318
1243,0.473,9.858345,0.143,1,0.00881273,0.00480769,4.93357,3.312
1244,0.408,14.82779,0.104,1,0.00787608,0.00740741,4.73756,3.216
1245,0.463,10.2348,0.146,1,0.00764563,0.00538278,4.9549,3.326
1246,0.5,11.699844,0.162,1,0.00861376,0.0029274,5.11274,3.406
1247,0.492,11.111722,0.16,1,0.00523169,0.00605327,4.88916,3.284
1248,0.538,10.323893,0.207,1,0.0072942,0.00642523,5.0776,3.402
1249,0.511,10.227238,0.19,1,0.00497689,0.00650118,5.02023,3.362
1250,0.485,13.67802,0.123,1,0.00830933,0.00573394,5.20531,3.468
1251,0.528,13.819822,0.182,1,0.00738397,0.00704225,5.04255,3.384
1252,0.497,11.281384,0.128,1,0.00768344,0.00733496,4.8085,3.248
1253,0.529,11.922892,0.166,1,0.0104555,0.00417661,4.98562,3.338
1254,0.535,9.986938,0.175,1,0.00756994,0.00740319,5.22949,3.486
1255,0.477,16.783746,0.174,1,0.00775098,0.00301932,4.92308,3.302
1256,0.513,10.266405,0.135,1,0.00619435,0.00431034,4.79221,3.234
1257,0.511,15.436535,0.147,1,0.0086197,0.0029274,5.10922,3.406
1258,0.52,7.963279,0.153,1,0.00705302,0.00236967,5.05166,3.368
1259,0.494,14.14805,0.138,1,0.00715665,0.00694444,5.12995,3.432
1260,0.525,9.922746,0.174,1,0.0057725,0.00808314,5.14261,3.436
1261,0.475,10.689704,0.12,1,0.00441501,0.00361446,4.92987,3.308
1262,0.526,14.66531,0.139,1,0.00818452,0.00543478,4.89617,3.294
1263,0.471,17.265381,0.118,1,0.00799215,0.00446429,4.56887,3.122
1264,0.476,14.789591,0.119,1,0.00786863,0.0034965,5.12807,3.42
1265,0.521,11.662391,0.129,1,0.0081938,0.00768322,5.01549,3.358
1266,0.474,18.590445,0.108,1,0.00662252,0.00540865,4.92689,3.31
1267,0.486,10.950159,0.134,1,0.00583303,0.00657895,4.95424,3.322
1268,0.472,7.36333,0.151,1,0.00844098,0.00307125,4.81762,3.246
1269,0.469,9.24334,0.132,1,0.00767558,0.00611247,4.8075,3.252
1270,0.441,10.776511,0.139,1,0.00721848,0.00417661,4.98023,3.338
1271,0.465,13.333897,0.112,1,0.00878585,0.00420673,4.94568,3.314
1272,0.376,11.933083,0.083,1,0.00607533,0.0056391,4.6673,3.174
1273,0.523,9.167026,0.139,1,0.00637819,0.00485437,4.87561,3.28
1274,0.498,12.980181,0.154,1,0.0072,0.00561097,4.70219,3.19
1275,0.526,9.827206,0.17,1,0.00458716,0.00914634,4.82954,3.25
1276,0.445,11.233456,0.126,1,0.00561517,0.00424757,4.88361,3.282
1277,0.459,15.062991,0.095,1,0.00493716,0.00911458,4.39159,3.044
1278,0.535,10.787032,0.155,1,0.00750715,0.00475059,5.00716,3.352
1279,0.481,16.977548,0.12,1,0.00501792,0.00534442,4.99701,3.35
1280,0.486,15.776294,0.154,1,0.00341902,0.00488998,4.85074,3.256
1281,0.487,10.887568,0.144,1,0.00986121,0.00360577,4.95416,3.316
1282,0.52,11.842915,0.165,1,0.00660104,0.00526932,5.0824,3.398
1283,0.419,17.49929,0.084,1,0.00350832,0.00615764,4.76828,3.228
1284,0.522,14.26224,0.144,1,0.0065918,0.00777512,4.93791,3.318
1285,0.509,6.689708,0.14,1,0.00622559,0.0059952,4.94089,3.316
1286,0.538,13.629844,0.15,1,0.0063762,0.003125,4.71975,3.19
1287,0.516,11.368754,0.14,1,0.00904923,0.00714286,4.96882,3.336
1288,0.489,13.981881,0.124,1,0.00650096,0.00550122,4.82176,3.254
1289,0.499,11.168509,0.151,1,0.00865152,0.00584112,5.09342,3.404
1290,0.551,9.943475,0.179,1,0.0096828,0.00574713,5.19364,3.46
1291,0.449,10.6701,0.142,1,0.00686995,0.00771971,4.96529,3.342
1292,0.522,24.406867,0.12,1,0.00726686,0.00438596,4.67653,3.178
1293,0.023,0.0,0.01,0,0.00834492,0.00788835,4.83731,3.27
1294,0.502,10.597133,0.119,1,0.00555234,0.00700935,5.08529,3.4
1295,0.483,9.316511,0.166,1,0.00548446,0.00480769,4.95471,3.312
1296,0.49,9.582027,0.156,1,0.0114128,0.00618812,4.74658,3.212
1297,0.469,13.400134,0.132,1,0.00708339,0.00484262,4.89477,3.288
1298,0.524,14.310861,0.131,1,0.00843727,0.00420673,4.93543,3.314
1299,0.479,11.491805,0.146,1,0.00740828,0.00589623,5.04389,3.372
1300,0.501,11.75721,0.135,1,0.00811192,0.00236967,5.05107,3.368
1301,0.51,11.328047,0.151,1,0.00798149,0.00642523,5.0823,3.402
1302,0.441,12.490859,0.109,1,0.0113065,0.00425791,4.86255,3.274
1303,0.415,16.735432,0.086,1,0.00744903,0.0049505,4.75871,3.216
1304,0.535,11.123207,0.158,1,0.00727876,0.00428922,4.81908,3.25
1305,0.537,11.164726,0.172,1,0.00932791,0.00416667,4.99821,3.346
1306,0.455,12.983807,0.118,1,0.00939419,0.00595238,4.97186,3.34
1307,0.522,9.37566,0.181,1,0.00797503,0.00352113,5.09541,3.396
1308,0.473,7.654628,0.128,1,0.00510452,0.00598086,4.95066,3.324
1309,0.535,7.760706,0.169,1,0.00777605,0.00615764,4.78067,3.228
1310,0.501,10.600351,0.148,1,0.00646397,0.00653207,4.99342,3.346
1311,0.422,11.181447,0.087,1,0.00792553,0.00667476,4.85583,3.274
1312,0.523,9.643463,0.158,1,0.00851833,0.00431034,4.79159,3.234
1313,0.476,8.634323,0.13,1,0.00718047,0.00593824,4.99164,3.348
1314,0.527,9.432226,0.186,1,0.00643123,0.00520833,5.1559,3.438
1315,0.501,10.857961,0.162,1,0.00781347,0.00543478,4.89557,3.294
1316,0.48,10.235746,0.132,1,0.0103397,0.00481928,4.91768,3.304
1317,0.479,13.847252,0.108,1,0.0073538,0.00470588,5.06324,3.384
1318,0.446,23.16721,0.125,1,0.00573468,0.00851582,4.81411,3.26
1319,0.521,11.028222,0.174,1,0.00891021,0.00639535,5.12229,3.418
1320,0.469,18.200787,0.117,1,0.00768761,0.00717703,4.93675,3.32
1321,0.502,9.996158,0.166,1,0.00865281,0.00771971,4.97965,3.342
1322,0.519,11.064298,0.157,1,0.00929539,0.00582751,5.10785,3.412
1323,0.49,17.955836,0.13,1,0.00710732,0.00473934,5.025,3.36
1324,0.501,12.587573,0.129,1,0.00701836,0.00236407,5.06457,3.376
1325,0.489,9.004686,0.181,1,0.00897503,0.00493827,4.76923,3.224
1326,0.603,10.276934,0.195,1,0.0082706,0.00337838,5.32825,3.54
1327,0.412,10.74045,0.118,1,0.00483221,0.00438596,4.68848,3.178
1328,0.502,15.268605,0.159,1,0.00614418,0.00316456,4.65016,3.15
1329,0.549,17.568886,0.101,1,0.00856429,0.00475059,5.01611,3.352
1330,0.488,11.972778,0.157,1,0.00706132,0.00413712,5.04273,3.37
1331,0.489,11.237157,0.138,1,0.00795053,0.00547445,4.84648,3.27
1332,0.506,14.566784,0.124,1,0.00539985,0.00307882,4.8042,3.238
1333,0.514,11.359882,0.122,1,0.00699816,0.00481928,4.93039,3.304
1334,0.45,37.165628,0.097,1,0.00535141,0.00533175,5.00834,3.358
1335,0.477,9.796994,0.16,1,0.00874192,0.00367647,4.85424,3.252
1336,0.58,11.170656,0.204,1,0.00577969,0.00174825,5.1512,3.426
1337,0.536,10.022258,0.164,1,0.00607649,0.00770142,5.01075,3.35
1338,0.531,9.729955,0.186,1,0.00686314,0.00625,4.67358,3.18
1339,0.455,8.82921,0.107,1,0.00854595,0.00423729,4.90821,3.29
1340,0.417,13.309432,0.104,1,0.00797236,0.00375,4.72146,3.188
1341,0.474,12.642076,0.129,1,0.00745527,0.00423729,4.8924,3.29
1342,0.52,17.513802,0.121,1,0.0047866,0.00498753,4.71241,3.192
1343,0.507,20.062318,0.145,1,0.00712411,0.00606796,4.88462,3.276
1344,0.419,14.32535,0.105,1,0.00405132,0.00376884,4.66898,3.172
1345,0.562,15.105258,0.149,1,0.00701836,0.00353774,5.05858,3.38
1346,0.501,11.568382,0.155,1,0.00669643,0.00618812,4.74222,3.212
1347,0.472,9.339056,0.135,1,0.00670391,0.00664251,4.89666,3.29
1348,0.46,13.270867,0.135,1,0.00438363,0.00559701,4.70794,3.198
1349,0.517,9.35022,0.165,1,0.0106407,0.00524476,5.12009,3.414
1350,0.447,6.919806,0.155,1,0.00701625,0.0060241,4.92364,3.3
1351,0.512,11.914876,0.167,1,0.00556135,0.00235294,5.08903,3.392
1352,0.487,11.62007,0.151,1,0.00690156,0.0029976,4.96633,3.326
1353,0.462,10.746779,0.131,1,0.0064729,0.00306373,4.84266,3.254
1354,0.512,8.358473,0.137,1,0.00607533,0.00376884,4.67024,3.172
1355,0.542,9.535256,0.165,1,0.00735024,0.00181159,4.93829,3.306
1356,0.351,12.231194,0.106,1,0.00516944,0.00769231,4.49871,3.096
1357,0.534,12.192319,0.175,1,0.011617,0.00588235,5.0426,3.38
1358,0.536,12.302916,0.194,1,0.00700779,0.00517241,5.19353,3.462
1359,0.462,16.427396,0.139,1,0.00611933,0.002457,4.83005,3.248
1360,0.478,21.892924,0.126,1,0.00662596,0.00615764,4.7689,3.228
1361,0.546,10.641574,0.168,1,0.0088056,0.00520833,5.153,3.438
1362,0.503,14.510137,0.165,1,0.00784687,0.00415677,5.0155,3.354
1363,0.445,8.807574,0.144,1,0.00538302,0.00506329,4.60878,3.144
1364,0.436,16.852244,0.113,1,0.0105086,0.00493827,4.78164,3.224
1365,0.431,33.104931,0.058,1,0.00720961,0.0037594,4.71069,3.18
1366,0.551,8.943133,0.185,1,0.0107364,0.00791855,5.25713,3.508
1367,0.453,9.575523,0.139,1,0.0100116,0.004914,4.80926,3.24
1368,0.499,10.781947,0.149,1,0.0084517,0.00589623,5.05279,3.372
1369,0.545,11.060051,0.184,1,0.00837891,0.00644028,5.06364,3.394
1370,0.487,20.182444,0.108,1,0.0098158,0.00835322,4.9651,3.324
1371,0.396,15.400293,0.121,1,0.00866575,0.00506329,4.62468,3.144
1372,0.501,15.144577,0.15,1,0.00806263,0.00177305,5.0669,3.378
1373,0.429,12.965268,0.109,1,0.00860993,0.00243309,4.88659,3.28
1374,0.455,9.330203,0.122,1,0.0109533,0.00689223,4.66562,3.17
1375,0.463,14.776631,0.113,1,0.00586625,0.00618812,4.77646,3.212
1376,0.513,15.912269,0.137,1,0.00807636,0.00659472,4.9318,3.314
1377,0.553,11.708361,0.189,1,0.0070597,0.00662651,4.8963,3.298
1378,0.52,13.107504,0.144,1,0.00615484,0.00678733,5.27392,3.512
1379,0.456,9.274584,0.171,1,0.00785536,0.00304136,4.89323,3.278
1380,0.524,13.040453,0.154,1,0.0103459,0.00453515,5.28417,3.512
1381,0.505,16.539064,0.149,1,0.0071997,0.00608273,4.84517,3.268
1382,0.477,18.5879,0.144,1,0.00536673,0.00551471,4.82193,3.246
1383,0.554,9.806921,0.161,1,0.00697984,0.00686499,5.19931,3.472
1384,0.524,14.45363,0.137,1,0.0113117,0.00639535,5.12112,3.418
1385,0.423,13.637193,0.115,1,0.00748648,0.00444162,4.5972,3.138
1386,0.48,10.676384,0.139,1,0.00794989,0.00179856,4.98619,3.33
1387,0.473,12.677118,0.135,1,0.00823422,0.0049505,4.75808,3.216
1388,0.559,12.285206,0.166,1,0.00841333,0.00565611,5.27361,3.516
1389,0.515,9.034793,0.17,1,0.00670974,0.00303398,4.89836,3.286
1390,0.55,13.965018,0.149,1,0.00685479,0.00407925,5.12171,3.418
1391,0.51,12.019388,0.126,1,0.00696235,0.00552826,4.79061,3.238
1392,0.45,10.166421,0.138,1,0.0066437,0.00481928,4.9201,3.304
1393,0.475,9.441631,0.116,1,0.00412706,0.00785024,4.86671,3.286
1394,0.5,12.982583,0.159,1,0.00606493,0.00533175,5.00834,3.358
1395,0.505,10.413221,0.131,1,0.0105529,0.00570776,5.22216,3.484
1396,0.519,17.968939,0.161,1,0.00792375,0.00408879,5.10733,3.41
1397,0.527,8.092489,0.169,1,0.00588711,0.00468384,5.09588,3.4
1398,0.495,8.662025,0.15,1,0.0072088,0.00305623,4.84795,3.262
1399,0.445,11.777848,0.101,1,0.00752575,0.00311721,4.73671,3.198
1400,0.497,14.266684,0.144,1,0.00348927,0.00492611,4.78837,3.232
1401,0.491,8.942816,0.134,1,0.00857633,0.00581395,5.11404,3.42
1402,0.415,10.626771,0.104,1,0.00598451,0.00705882,5.04858,3.376
1403,0.511,12.373112,0.16,1,0.00755034,0.00535714,4.99342,3.342
1404,0.554,17.470766,0.15,1,0.00613718,0.00833333,4.988,3.332
1405,0.494,11.858995,0.133,1,0.00542038,0.00477327,4.97722,3.336
1406,0.469,10.530005,0.113,1,0.00894309,0.00502513,4.65909,3.168
1407,0.572,19.994607,0.124,1,0.00863363,0.00726392,4.87317,3.28
1408,0.469,13.639724,0.132,1,0.00696954,0.00614251,4.78863,3.236
1409,0.473,11.875502,0.136,1,0.0075179,0.00534442,5.00299,3.35
1410,0.49,10.685453,0.142,1,0.00887574,0.00533175,5.03276,3.358
1411,0.587,11.780659,0.194,1,0.00686185,0.004662,5.11944,3.416
1412,0.501,26.278552,0.094,1,0.00518314,0.00525701,5.09806,3.406
1413,0.487,18.466723,0.091,1,0.00578183,0.00307882,4.80729,3.238
1414,0.4,10.065163,0.092,1,0.00680726,0.00250627,4.70603,3.184
1415,0.402,8.967784,0.136,1,0.00570676,0.0038961,4.45502,3.068
1416,0.472,16.506303,0.137,1,0.00534632,0.00415677,5.01908,3.354
1417,0.458,11.773935,0.109,1,0.00957408,0.00719424,4.91969,3.312
1418,0.524,9.254362,0.193,1,0.0093318,0.00757576,5.09689,3.406
1419,0.477,13.005653,0.144,1,0.00722433,0.00427873,4.84346,3.258
1420,0.444,9.283919,0.117,1,0.00705606,0.00310174,4.76229,3.214
1421,0.446,11.903067,0.142,1,0.00643863,0.00810474,4.68573,3.182
1422,0.594,10.993057,0.187,1,0.00814111,0.00446429,5.37052,3.568
1423,0.514,12.723353,0.187,1,0.010251,0.00589623,5.03381,3.372
1424,0.43,15.132459,0.119,1,0.00586854,0.00617284,4.76273,3.22
1425,0.501,13.788325,0.156,1,0.00708383,0.00531915,5.03268,3.366
1426,0.44,7.803511,0.143,1,0.0072974,0.0036855,4.81566,3.244
1427,0.505,20.51597,0.139,1,0.00407005,0.00422705,4.91692,3.298
1428,0.461,12.274594,0.106,1,0.00466744,0.00919118,4.76994,3.234
1429,0.458,15.232222,0.135,1,0.00843035,0.005,4.6941,3.184
1430,0.519,10.794142,0.183,1,0.00657895,0.00409836,5.09347,3.402
1431,0.528,8.848614,0.166,1,0.00713719,0.00636574,5.14094,3.434
1432,0.446,10.707701,0.133,1,0.00626382,0.00362319,4.93455,3.3
1433,0.5,12.454864,0.145,1,0.00944262,0.00556931,4.74487,3.214
1434,0.443,11.373279,0.134,1,0.00602732,0.0037594,4.6956,3.18
1435,0.497,11.718464,0.147,1,0.00909281,0.00502232,5.36624,3.566
1436,0.553,10.291178,0.193,1,0.00428878,0.00593824,5.01434,3.348
1437,0.501,17.555878,0.168,1,0.00684438,0.00654762,4.98981,3.338
1438,0.424,22.676875,0.101,1,0.00533469,0.00609756,4.83006,3.26
1439,0.522,8.955436,0.182,1,0.00859409,0.00401376,5.2251,3.474
1440,0.469,16.842178,0.108,1,0.00829427,0.00535714,4.97846,3.342
1441,0.459,12.449365,0.121,1,0.0065404,0.0093985,4.642,3.162
1442,0.463,12.887232,0.128,1,0.00536353,0.00475059,5.00597,3.352
1443,0.492,15.199053,0.131,1,0.00831339,0.00608273,4.85863,3.268
1444,0.491,6.788587,0.177,1,0.00651424,0.00428922,4.81785,3.25
1445,0.448,11.040879,0.127,1,0.00796767,0.00642523,5.09112,3.402
1446,0.48,12.923087,0.123,1,0.00763257,0.00685786,4.68801,3.186
1447,0.459,10.791313,0.116,1,0.00882786,0.00659472,4.92215,3.314
1448,0.52,13.300568,0.149,1,0.00985453,0.0087822,5.03485,3.386
1449,0.489,10.324147,0.138,1,0.00975546,0.00309406,4.77219,3.222
1450,0.51,11.302643,0.158,1,0.00762804,0.0029976,4.96633,3.326
1451,0.515,15.123745,0.139,1,0.00946372,0.00761124,5.04956,3.39
1452,0.518,11.558538,0.171,1,0.00518519,0.0060241,4.90909,3.3
1453,0.475,11.426427,0.113,1,0.00791557,0.00249377,4.7375,3.2
1454,0.428,8.73483,0.137,1,0.00560468,0.00484262,4.88382,3.288
1455,0.475,13.580853,0.143,1,0.00621648,0.00360577,4.94813,3.316
1456,0.543,9.695808,0.191,1,0.00592373,0.00542169,4.90793,3.302
1457,0.567,12.605386,0.198,1,0.00849057,0.00296209,5.03862,3.366
1458,0.481,9.068314,0.142,1,0.00545388,0.00656325,4.95556,3.33
1459,0.501,9.774962,0.14,1,0.00546093,0.00615764,4.76518,3.228
1460,0.501,10.135038,0.157,1,0.00360924,0.00477327,4.98321,3.336
1461,0.522,13.612802,0.155,1,0.00823529,0.0049505,4.75746,3.216
1462,0.5,10.633196,0.18,1,0.0031767,0.00497512,4.72188,3.2
1463,0.525,10.44953,0.153,1,0.0103046,0.00350467,5.11958,3.412
1464,0.51,10.908395,0.135,1,0.00938967,0.00248139,4.76866,3.216
1465,0.489,7.417984,0.153,1,0.00489796,0.00628141,4.64602,3.164
1466,0.526,14.772343,0.158,1,0.00700444,0.00470588,5.06265,3.384
1467,0.436,14.570072,0.102,1,0.00597907,0.00544794,4.88618,3.286
1468,0.476,12.299302,0.124,1,0.0105813,0.0049505,4.76057,3.216
1469,0.517,9.854613,0.161,1,0.00916393,0.00348837,5.15694,3.428
1470,0.51,12.870159,0.166,1,0.00798828,0.00806452,4.69731,3.198
1471,0.373,9.965287,0.097,1,0.00659794,0.00379747,4.62198,3.148
1472,0.552,13.971125,0.194,1,0.00715746,0.00465116,5.14136,3.424
1473,0.565,9.033062,0.186,1,0.00597279,0.00516055,5.21095,3.47
1474,0.511,15.901609,0.143,1,0.00966818,0.00357995,5.01677,3.34
1475,0.513,10.03391,0.164,1,0.00410091,0.00484262,4.89477,3.288
1476,0.446,13.188473,0.137,1,0.00969185,0.00783133,4.88646,3.294
1477,0.411,9.192622,0.135,1,0.00656793,0.00369458,4.79913,3.236
1478,0.497,9.528749,0.13,1,0.00974612,0.00477327,4.98261,3.336
1479,0.436,10.773658,0.125,1,0.00717961,0.00416667,4.99522,3.346
1480,0.485,14.395046,0.126,1,0.00624512,0.00493827,4.76799,3.224
1481,0.514,9.466881,0.176,1,0.00810081,0.00635104,5.16444,3.442
1482,0.5,10.768034,0.136,1,0.00610454,0.00670732,4.82689,3.258
1483,0.487,23.585626,0.151,1,0.00487145,0.00626566,4.65952,3.172
1484,0.504,20.490002,0.128,1,0.00853116,0.0060241,4.90182,3.3
1485,0.554,13.185823,0.149,1,0.00560809,0.00286697,5.22944,3.478
1486,0.454,13.576806,0.137,1,0.00733119,0.00855746,4.79346,3.244
1487,0.464,10.779374,0.125,1,0.00995497,0.00766509,5.01367,3.366
1488,0.469,10.182751,0.128,1,0.0099373,0.00591017,5.02556,3.364
1489,0.532,11.028794,0.169,1,0.00875716,0.0051963,5.16947,3.446
1490,0.458,18.867694,0.104,1,0.0077436,0.00788288,5.27696,3.524
1491,0.432,11.9174,0.089,1,0.0057629,0.00568182,4.6273,3.15
1492,0.452,17.973143,0.121,1,0.005156,0.00311721,4.73046,3.198
1493,0.484,14.081151,0.167,1,0.010534,0.0029976,4.96633,3.326
1494,0.498,14.364844,0.138,1,0.00872214,0.00757576,4.59478,3.144
1495,0.533,15.412158,0.177,1,0.00792317,0.00595238,4.98802,3.34
1496,0.459,12.556785,0.101,1,0.00671062,0.00764706,5.03497,3.374
1497,0.459,8.197574,0.134,1,0.00446595,0.00664251,4.9003,3.29
1498,0.519,10.062874,0.157,1,0.00650462,0.00407925,5.12756,3.418
1499,0.493,10.253405,0.156,1,0.00450732,0.0066586,4.86715,3.282
1500,0.451,20.242541,0.117,1,0.00372055,0.00631313,4.61055,3.148
1501,0.475,12.583663,0.136,1,0.00387642,0.00236967,5.05523,3.368
1502,0.49,12.780164,0.124,1,0.00742224,0.00764706,5.03142,3.374
1503,0.456,12.376381,0.132,1,0.00768816,0.0056391,4.67171,3.174
1504,0.547,9.569343,0.218,1,0.00945307,0.00405093,5.16328,3.442
1505,0.463,14.66465,0.134,1,0.00733496,0.00377834,4.6536,3.164
1506,0.479,16.441413,0.125,1,0.0080551,0.00177305,5.07164,3.378
1507,0.504,9.777061,0.154,1,0.00978091,0.00433168,4.76569,3.218
1508,0.499,11.207962,0.13,1,0.00913186,0.00479616,4.94759,3.32
1509,0.501,17.543245,0.114,1,0.00897868,0.0066586,4.88665,3.282
1510,0.557,12.589874,0.15,1,0.00740076,0.00576037,5.16686,3.452
1511,0.464,9.902175,0.138,1,0.0051705,0.00721154,4.91707,3.304
1512,0.475,12.797216,0.141,1,0.00785238,0.00862069,4.74596,3.22
1513,0.407,11.041246,0.128,1,0.00707362,0.00372208,4.75342,3.212
1514,0.47,15.138929,0.111,1,0.00755367,0.001875,4.72511,3.194
1515,0.537,10.674555,0.186,1,0.00436946,0.0071599,4.95132,3.328
1516,0.555,13.381634,0.179,1,0.00876872,0.00539568,4.94937,3.318
1517,0.509,11.213657,0.157,1,0.00461047,0.00591017,5.02913,3.364
1518,0.497,8.203786,0.152,1,0.00656682,0.00641026,5.09091,3.41
1519,0.392,30.958166,0.073,1,0.00698056,0.00441919,4.63285,3.154
1520,0.429,8.131844,0.133,1,0.0080504,0.0064554,5.06261,3.386
1521,0.542,11.737997,0.168,1,0.00661011,0.00627854,5.21367,3.482
1522,0.529,19.461429,0.139,1,0.0067743,0.00692841,5.14942,3.44
1523,0.521,11.512584,0.155,1,0.0088433,0.00589623,5.03025,3.372
1524,0.451,8.922041,0.119,1,0.00487409,0.00689223,4.65994,3.17
1525,0.472,14.436438,0.118,1,0.0096728,0.00357143,5.00239,3.348
1526,0.374,8.508898,0.104,1,0.00491555,0.00667476,4.84667,3.274
1527,0.487,8.89015,0.145,1,0.0070562,0.00603865,4.90765,3.292
1528,0.513,15.116709,0.128,1,0.00776066,0.00577367,5.16318,3.444
1529,0.464,12.740943,0.143,1,0.00704134,0.00371287,4.76335,3.22
1530,0.557,11.165416,0.16,1,0.00354275,0.00823529,5.02254,3.372
1531,0.41,17.155212,0.098,1,0.00707057,0.00632911,4.59427,3.14
1532,0.457,12.567457,0.11,1,0.00780437,0.0067734,4.76627,3.226
1533,0.514,13.015023,0.135,1,0.00792222,0.00417661,4.99161,3.338
1534,0.487,8.226046,0.117,1,0.0073152,0.004914,4.80988,3.24
1535,0.404,10.77784,0.105,1,0.00798828,0.00498753,4.70614,3.192
1536,0.489,8.692589,0.152,1,0.00672646,0.00424757,4.89214,3.282
1537,0.463,13.954122,0.122,1,0.00602766,0.00119048,5.04231,3.356
1538,0.5,7.849476,0.19,1,0.00679623,0.007109,5.00418,3.352
1539,0.452,9.860649,0.137,1,0.00863309,0.00310174,4.75731,3.214
1540,0.497,9.081076,0.135,1,0.00781861,0.00738916,4.76055,3.224
1541,0.426,17.407998,0.097,1,0.00763068,0.00488998,4.82985,3.256
1542,0.418,11.534288,0.13,1,0.00455719,0.00657895,4.3596,3.02
1543,0.513,9.114608,0.156,1,0.00645234,0.00464037,5.14802,3.432
1544,0.449,10.254859,0.109,1,0.00440411,0.0068408,4.69192,3.194
1545,0.451,10.072938,0.127,1,0.004858,0.00364078,4.88916,3.284
1546,0.48,11.705844,0.143,1,0.00771626,0.00439698,4.66057,3.17
1547,0.506,12.056001,0.13,1,0.00836364,0.00419664,4.96689,3.322
1548,0.494,14.796232,0.16,1,0.00620797,0.00308642,4.78762,3.23
1549,0.537,11.983749,0.164,1,0.00650759,0.00536993,4.9778,3.334
1550,0.47,16.119562,0.112,1,0.00736016,0.00540865,4.92568,3.31
1551,0.51,17.305395,0.155,1,0.00765209,0.0036855,4.83416,3.244
1552,0.43,12.654938,0.117,1,0.00721428,0.00487805,4.8413,3.264
1553,0.561,10.209109,0.177,1,0.00733676,0.0059952,4.93245,3.316
1554,0.474,11.055538,0.13,1,0.00649268,0.00367647,4.83087,3.252
1555,0.507,14.240399,0.159,1,0.00717513,0.0104938,4.69495,3.206
1556,0.556,11.950596,0.152,1,0.00692121,0.00815851,5.09342,3.404
1557,0.504,11.816643,0.142,1,0.005821,0.00598086,4.96149,3.324
1558,0.504,10.100445,0.156,1,0.00620212,0.00300481,4.9566,3.318
1559,0.51,12.384588,0.14,1,0.00673989,0.00605327,4.87942,3.284
1560,0.514,11.848614,0.146,1,0.00799903,0.00240385,4.97048,3.32
1561,0.505,12.981889,0.155,1,0.00577965,0.00477327,4.97902,3.336
1562,0.534,6.660351,0.147,1,0.0074983,0.00522042,5.13236,3.43
1563,0.521,15.95524,0.146,1,0.00933287,0.00699301,5.09331,3.408
1564,0.495,11.332994,0.143,1,0.00743931,0.00433168,4.76196,3.218
1565,0.479,17.341029,0.092,1,0.00719808,0.00375,4.7064,3.188
1566,0.422,13.904694,0.112,1,0.00567184,0.00251889,4.67487,3.168
1567,0.53,14.310421,0.118,1,0.00743662,0.00290023,5.16289,3.438
1568,0.48,13.967656,0.128,1,0.00563976,0.0053066,5.04505,3.374
1569,0.528,13.534555,0.173,1,0.00448018,0.00813953,5.10258,3.412
1570,0.481,8.565624,0.153,1,0.00953778,0.00181159,4.94737,3.306
1571,0.566,12.469216,0.182,1,0.00612106,0.00406977,5.15003,3.426
1572,0.469,14.447496,0.136,1,0.00745386,0.00766509,5.02198,3.366
1573,0.535,11.269894,0.159,1,0.00581466,0.00656325,4.95796,3.33
1574,0.537,15.667777,0.146,1,0.00804976,0.00360577,4.94511,3.316
1575,0.518,10.52389,0.15,1,0.00438363,0.00436409,4.71384,3.194
1576,0.517,18.19239,0.132,1,0.00845666,0.00471698,5.04384,3.376
1577,0.472,10.28298,0.104,1,0.00839268,0.00488998,4.83047,3.256
1578,0.467,18.655802,0.093,1,0.00584036,0.00247525,4.77978,3.224
1579,0.426,15.375037,0.102,1,0.00753769,0.0069797,4.57764,3.13
1580,0.466,11.375133,0.132,1,0.00795948,0.00596659,4.97719,3.332
1581,0.491,16.881517,0.145,1,0.0119984,0.00746269,4.69987,3.192
1582,0.43,12.811515,0.105,1,0.00785242,0.00726392,4.89207,3.28
1583,0.475,10.224158,0.17,1,0.00516351,0.00301932,4.92671,3.302
1584,0.443,11.567022,0.111,1,0.00369004,0.0093985,4.62808,3.162
1585,0.466,9.917613,0.13,1,0.0117259,0.00540865,4.94683,3.31
1586,0.468,10.884485,0.119,1,0.00323407,0.00376884,4.67907,3.172
1587,0.474,13.258359,0.142,1,0.00619579,0.00317259,4.62317,3.142
1588,0.466,17.395362,0.146,1,0.00495364,0.00427873,4.83303,3.258
1589,0.421,14.254011,0.115,1,0.00562324,0.005,4.69158,3.184
1590,0.49,14.747593,0.125,1,0.00793351,0.00547445,4.85688,3.27
1591,0.503,13.584383,0.151,1,0.00778302,0.00531915,5.03862,3.366
1592,0.509,15.394915,0.171,1,0.00969529,0.00584112,5.09048,3.404
1593,0.527,12.247354,0.16,1,0.0116378,0.00359712,4.9633,3.324
1594,0.497,12.4127,0.155,1,0.007249,0.0041866,4.97117,3.33
1595,0.514,12.907354,0.169,1,0.00936092,0.00700935,5.09,3.4
1596,0.484,12.34567,0.131,1,0.00667408,0.00630734,5.18754,3.466
1597,0.511,11.008678,0.161,1,0.00895522,0.00603865,4.88457,3.292
1598,0.528,10.137183,0.158,1,0.00636267,0.00472813,5.03979,3.368
1599,0.508,15.794607,0.179,1,0.00878156,0.00539568,4.94213,3.318
1600,0.457,8.997142,0.138,1,0.00497195,0.002457,4.83005,3.248
1601,0.471,10.434201,0.142,1,0.00641429,0.00547445,4.863,3.27
1602,0.495,12.066425,0.172,1,0.0102675,0.00609756,4.83988,3.26
1603,0.464,13.37006,0.096,1,0.00852905,0.0060241,4.90303,3.3
1604,0.496,15.854212,0.131,1,0.00703217,0.00371287,4.76957,3.22
1605,0.485,13.143692,0.151,1,0.00783188,0.00738916,4.75248,3.224
1606,0.44,19.185283,0.11,1,0.00806156,0.00480769,4.94384,3.312
1607,0.441,14.131851,0.098,1,0.0052879,0.00764706,5.04446,3.374
1608,0.52,18.048289,0.134,1,0.00567322,0.00728155,4.84841,3.272
1609,0.502,14.077026,0.108,1,0.00854913,0.00543478,4.90043,3.294
1610,0.44,13.823113,0.11,1,0.00931343,0.00357143,5.00299,3.348
1611,0.482,15.751664,0.13,1,0.00527241,0.00547445,4.87217,3.27
1612,0.478,11.982167,0.151,1,0.0091923,0.00600962,4.93289,3.308
1613,0.503,9.824899,0.153,1,0.00738916,0.00309406,4.78833,3.222
1614,0.482,16.440546,0.15,1,0.00696056,0.0058548,5.07656,3.396
1615,0.483,12.481142,0.149,1,0.00699988,0.00600962,4.92322,3.308
1616,0.479,10.96168,0.136,1,0.00682145,0.00888626,4.99462,3.346
1617,0.536,11.866785,0.148,1,0.00728774,0.0071599,4.94772,3.328
1618,0.424,10.101834,0.117,1,0.00756757,0.00595238,4.98503,3.34
1619,0.445,16.7081,0.117,1,0.0100792,0.00358852,5.0024,3.332
1620,0.491,12.799947,0.124,1,0.0055786,0.00449871,4.51323,3.098
1621,0.574,15.949858,0.17,1,0.00488652,0.00511364,5.25928,3.502
1622,0.364,23.191956,0.085,1,0.00364409,0.00526316,4.35582,3.024
1623,0.509,18.083797,0.14,1,0.00914077,0.00539568,4.94575,3.318
1624,0.496,15.339356,0.134,1,0.00622407,0.00659472,4.94508,3.314
1625,0.568,9.676572,0.181,1,0.00507671,0.00520833,5.15649,3.438
1626,0.484,13.003573,0.114,1,0.00633855,0.00783133,4.88525,3.294
1627,0.509,10.845715,0.183,1,0.00626921,0.00600962,4.91838,3.308
1628,0.506,17.40699,0.127,1,0.00782454,0.00650118,5.01785,3.362
1629,0.53,14.643601,0.138,1,0.00533365,0.00591017,5.01605,3.364
1630,0.472,11.919099,0.143,1,0.0057955,0.0019084,4.61887,3.138
1631,0.498,16.09521,0.135,1,0.0061665,0.00552826,4.80791,3.238
1632,0.525,9.821221,0.156,1,0.00791855,0.00426829,4.87201,3.266
1633,0.454,11.71237,0.133,1,0.00747242,0.00650118,5.01547,3.362
1634,0.551,12.324987,0.161,1,0.00795957,0.00487805,4.84988,3.264
1635,0.423,14.07859,0.067,1,0.00490731,0.00315657,4.64598,3.158
1636,0.583,11.051696,0.187,1,0.00583324,0.004662,5.11885,3.416
1637,0.547,9.27105,0.15,1,0.00474997,0.00742574,4.72506,3.208
1638,0.474,12.614758,0.133,1,0.00807537,0.0051963,5.1747,3.446
1639,0.459,9.720746,0.129,1,0.00980278,0.00470588,5.06442,3.384
1640,0.482,17.046817,0.135,1,0.0080265,0.00611247,4.82718,3.252
1641,0.469,11.121491,0.143,1,0.00413793,0.00425791,4.87172,3.274
1642,0.016,0.0,0.01,0,0.00725913,0.00514874,5.22829,3.478
1643,0.49,10.177402,0.142,1,0.00969546,0.00603865,4.88761,3.292
1644,0.517,11.650757,0.164,1,0.00885718,0.00301932,4.92368,3.302
1645,0.508,8.353053,0.145,1,0.0112523,0.00359712,4.97292,3.324
1646,0.476,9.997079,0.152,1,0.00621601,0.00919118,4.77551,3.234
1647,0.523,13.684479,0.152,1,0.00440367,0.00837321,4.93064,3.316
1648,0.422,12.982309,0.089,1,0.00830625,0.00595238,4.97425,3.34
1649,0.504,12.308265,0.133,1,0.00696945,0.00528169,5.07906,3.39
1650,0.486,13.729268,0.133,1,0.00793937,0.00831354,4.97784,3.34
1651,0.46,15.778418,0.151,1,0.00753679,0.00416667,4.99641,3.346
1652,0.5,9.352183,0.126,1,0.00573535,0.00441919,4.64363,3.154
1653,0.479,8.744876,0.147,1,0.0125149,0.00357143,5.01195,3.348
1654,0.377,18.798949,0.091,1,0.00786267,0.00434243,4.75452,3.21
1655,0.466,10.615803,0.158,1,0.00879443,0.00361446,4.94982,3.308
1656,0.428,7.986661,0.126,1,0.00840218,0.00446429,4.57463,3.122
1657,0.492,15.039386,0.113,1,0.00505172,0.00595238,4.97844,3.34
1658,0.515,14.924009,0.111,1,0.0080061,0.00550122,4.83651,3.254
1659,0.502,17.515933,0.144,1,0.00899604,0.00535714,4.98923,3.342
1660,0.493,10.979192,0.149,1,0.00640854,0.00623441,4.69887,3.188
1661,0.511,9.251085,0.162,1,0.00684857,0.00568182,5.25657,3.5
1662,0.438,12.31728,0.122,1,0.0125348,0.00245098,4.85135,3.256
1663,0.016,0.0,0.01,0,0.00767077,0.00539568,4.95057,3.318
1664,0.492,10.112914,0.162,1,0.00843388,0.00471698,5.05746,3.376
1665,0.524,11.132809,0.179,1,0.00636943,0.00648585,5.03145,3.37
1666,0.499,8.670268,0.155,1,0.00562456,0.00412736,5.05269,3.378
1667,0.518,11.646824,0.149,1,0.00798682,0.00609756,4.83926,3.26
1668,0.514,6.525726,0.135,1,0.00717867,0.00523256,5.12916,3.422
1669,0.453,10.871462,0.13,1,0.00681574,0.0106132,4.98391,3.356
1670,0.506,9.676388,0.159,1,0.00821824,0.00581395,5.12339,3.42
1671,0.462,13.469727,0.113,1,0.00748818,0.00618812,4.73973,3.212
1672,0.483,15.091709,0.138,1,0.00616729,0.00369458,4.81026,3.236
1673,0.491,14.590594,0.136,1,0.00816049,0.00348837,5.14761,3.428
1674,0.493,12.505081,0.146,1,0.00636069,0.00605327,4.88307,3.284
1675,0.481,7.947532,0.172,1,0.00890667,0.00614251,4.78801,3.236
1676,0.542,9.780606,0.182,1,0.00748574,0.00238095,5.02148,3.352
1677,0.391,14.070317,0.102,1,0.00526514,0.00546117,4.86699,3.278
1678,0.534,14.534226,0.132,1,0.00865551,0.00872093,5.08211,3.41
1679,0.489,11.784945,0.147,1,0.00536353,0.00357143,5.01195,3.348
1680,0.469,13.761194,0.097,1,0.00573379,0.00566751,4.63901,3.158
1681,0.482,14.555163,0.156,1,0.00994083,0.00707547,5.01781,3.368
1682,0.52,9.818352,0.164,1,0.00877604,0.0087822,5.04784,3.386
1683,0.513,9.478236,0.162,1,0.00668234,0.00543478,4.9065,3.294
1684,0.463,9.520699,0.155,1,0.00931283,0.0044757,4.5517,3.114
1685,0.442,16.948864,0.142,1,0.00725076,0.00596659,4.96699,3.332
1686,0.474,13.465618,0.104,1,0.00630408,0.00363196,4.91495,3.292
1687,0.457,12.519905,0.163,1,0.00721636,0.00623441,4.69448,3.188
1688,0.464,12.366865,0.123,1,0.00793951,0.000612745,4.86511,3.262
1689,0.554,11.209299,0.179,1,0.00998558,0.00345622,5.20983,3.46
1690,0.444,15.608023,0.108,1,0.0100251,0.00416667,5.00837,3.346
1691,0.432,11.064934,0.126,1,0.00561879,0.00579897,4.49838,3.086
1692,0.499,11.306065,0.163,1,0.00601344,0.00296209,5.03922,3.366
1693,0.421,17.531301,0.112,1,0.00397141,0.00374065,4.72716,3.196
1694,0.54,7.353875,0.159,1,0.00820838,0.00229358,5.25115,3.48
1695,0.018,0.0,0.01,0,0.00708075,0.00423729,4.89362,3.29
1696,0.474,9.388921,0.135,1,0.00603622,0.00667476,4.85767,3.274
1697,0.029,4.327975,0.012,0,0.00784314,0.0049505,4.75746,3.216
1698,0.477,12.871208,0.144,1,0.00863413,0.00357995,4.99341,3.34
1699,0.45,15.94452,0.109,1,0.00823314,0.00433168,4.75575,3.218
1700,0.555,14.800164,0.15,1,0.00722804,0.00654762,4.97364,3.338
1701,0.507,12.37885,0.147,1,0.00848756,0.00648585,5.03442,3.37
1702,0.529,11.05995,0.162,1,0.00624847,0.00659472,4.92577,3.314
1703,0.48,10.165845,0.162,1,0.00915241,0.00559701,4.71482,3.198
1704,0.578,7.217165,0.214,1,0.00805585,0.00565611,5.29579,3.516
1705,0.503,13.635181,0.132,1,0.00759494,0.00358852,4.97899,3.332
1706,0.479,13.320899,0.152,1,0.00755763,0.00487805,4.86458,3.264
1707,0.555,10.24385,0.195,1,0.00779221,0.00290698,5.16327,3.43
1708,0.519,14.016541,0.126,1,0.00699056,0.00411765,5.0697,3.386
1709,0.554,13.586099,0.164,1,0.00842993,0.00236407,5.05983,3.376
1710,0.519,11.453667,0.156,1,0.0071844,0.00868056,5.11909,3.426
1711,0.536,13.425626,0.167,1,0.00758011,0.00234742,5.12176,3.4
1712,0.496,15.178948,0.164,1,0.00656117,0.00246914,4.81002,3.232
1713,0.505,9.038309,0.16,1,0.0065442,0.00408879,5.1085,3.41
1714,0.452,10.013301,0.146,1,0.00567108,0.008125,4.66667,3.174
1715,0.459,21.538805,0.123,1,0.00661603,0.00361446,4.9347,3.308
1716,0.419,14.020494,0.105,1,0.00728863,0.00419664,4.95605,3.322
1717,0.563,12.124515,0.188,1,0.00591167,0.0058548,5.08068,3.396
1718,0.481,12.085202,0.113,1,0.00855809,0.00432099,4.78115,3.226
1719,0.501,13.609195,0.121,1,0.00678477,0.00606796,4.85897,3.276
1720,0.48,13.477368,0.122,1,0.00544465,0.00348837,5.14352,3.428
1721,0.429,9.682502,0.117,1,0.00717703,0.00547445,4.85749,3.27
1722,0.442,22.763869,0.094,1,0.00711522,0.00485437,4.88476,3.28
1723,0.498,10.203369,0.149,1,0.00657494,0.00539568,4.95057,3.318
1724,0.501,12.695999,0.137,1,0.00676099,0.00786925,4.87309,3.278
1725,0.449,12.091795,0.133,1,0.0101168,0.00477327,4.97782,3.336
1726,0.487,12.90016,0.123,1,0.00658234,0.00246914,4.79455,3.232
1727,0.45,11.543655,0.134,1,0.0085036,0.00707547,5.02791,3.368
1728,0.527,9.471221,0.185,1,0.00629811,0.00586854,5.06139,3.388
1729,0.51,11.781742,0.14,1,0.00758098,0.0046729,5.10915,3.408
1730,0.529,15.599854,0.135,1,0.00526778,0.00905797,4.85862,3.282
1731,0.514,9.258969,0.163,1,0.00942783,0.00284738,5.27013,3.502
1732,0.52,15.586305,0.169,1,0.00742974,0.00844595,5.27371,3.522
1733,0.498,15.379523,0.124,1,0.00836867,0.00460829,5.18634,3.456
1734,0.514,10.276941,0.137,1,0.0111276,0.00543478,4.91075,3.294
1735,0.525,10.630277,0.167,1,0.00665041,0.0045977,5.20901,3.464
1736,0.524,17.195122,0.121,1,0.00676268,0.00364964,4.87485,3.276
1737,0.523,11.789266,0.159,1,0.00674336,0.00311721,4.72983,3.198
1738,0.509,12.01893,0.147,1,0.00476731,0.00752315,5.13703,3.43
1739,0.491,8.842103,0.127,1,0.00966241,0.00475059,5.00179,3.352
1740,0.475,17.498828,0.12,1,0.00797771,0.00729927,4.83885,3.264
1741,0.513,12.347733,0.136,1,0.00419092,0.00586854,5.07084,3.388
1742,0.524,10.43287,0.164,1,0.00811268,0.00520833,5.16289,3.438
1743,0.409,15.22759,0.087,1,0.00490129,0.00690955,4.64579,3.162
1744,0.525,15.066312,0.138,1,0.00596158,0.00458716,5.21774,3.472
1745,0.45,10.176495,0.143,1,0.0081938,0.00592417,5.01847,3.356
1746,0.546,12.716461,0.164,1,0.0107189,0.00397727,5.26868,3.506
1747,0.456,13.296428,0.107,1,0.00840122,0.00670732,4.82259,3.258
1748,0.523,15.352636,0.128,1,0.0100584,0.00724638,4.89842,3.288
1749,0.532,8.266125,0.194,1,0.00765395,0.00528169,5.08732,3.39
1750,0.482,13.972373,0.149,1,0.00795756,0.00477327,4.97242,3.336
1751,0.487,14.674053,0.123,1,0.00810413,0.00301932,4.93277,3.302
1752,0.518,10.235542,0.165,1,0.00686086,0.0041866,4.98979,3.33
1753,0.479,10.133152,0.12,1,0.0109012,0.00538278,4.96452,3.326
1754,0.499,9.230901,0.17,1,0.00683699,0.00357995,4.99222,3.34
1755,0.482,9.160112,0.151,1,0.00914867,0.00367647,4.8401,3.252
1756,0.506,16.365536,0.156,1,0.00750894,0.00357143,5.01195,3.348
1757,0.459,10.442737,0.13,1,0.00814796,0.00492611,4.78465,3.232
1758,0.495,14.296097,0.146,1,0.00885792,0.00473934,5.03988,3.36
1759,0.5,10.71646,0.169,1,0.00769231,0.00574713,5.18497,3.46
1760,0.541,8.860111,0.18,1,0.00656606,0.00699301,5.09448,3.408
1761,0.542,14.426658,0.172,1,0.00743187,0.00531915,5.03684,3.366
1762,0.504,14.016389,0.147,1,0.00967367,0.00614251,4.79172,3.236
1763,0.561,13.985675,0.151,1,0.00937838,0.00595238,4.98024,3.34
1764,0.492,9.550673,0.156,1,0.00842034,0.00405093,5.17548,3.442
1765,0.51,15.24292,0.131,1,0.00612731,0.00694444,5.13578,3.432
1766,0.467,14.109869,0.125,1,0.00709034,0.00434243,4.74517,3.21
1767,0.523,12.913588,0.129,1,0.00907716,0.0022779,5.28196,3.504
1768,0.464,14.903047,0.112,1,0.00670352,0.0053066,5.04031,3.374
1769,0.518,10.086787,0.152,1,0.00861759,0.00770142,4.98806,3.35
1770,0.434,12.04914,0.108,1,0.00552777,0.00496278,4.73691,3.208
1771,0.47,11.08386,0.158,1,0.00934472,0.00468384,5.09882,3.4
1772,0.489,9.666804,0.129,1,0.00787106,0.00424757,4.87751,3.282
1773,0.535,11.175452,0.173,1,0.00513816,0.00407925,5.12463,3.418
1774,0.495,10.507085,0.141,1,0.0121327,0.00415677,5.01312,3.354
1775,0.488,9.42529,0.123,1,0.00840029,0.00717703,4.94819,3.32
1776,0.48,13.050462,0.148,1,0.00423403,0.00551471,4.80222,3.246
1777,0.552,10.136303,0.144,1,0.00670916,0.00461894,5.18735,3.448
1778,0.485,10.097962,0.129,1,0.00737015,0.00647059,5.06098,3.378
1779,0.457,13.965351,0.126,1,0.00745156,0.00843373,4.89186,3.292
1780,0.489,6.839675,0.159,1,0.00771586,0.00540865,4.93353,3.31
1781,0.458,15.590194,0.142,1,0.00775996,0.00308642,4.78762,3.23
1782,0.438,12.816544,0.133,1,0.00555872,0.00385604,4.52645,3.1
1783,0.502,14.303834,0.148,1,0.00660157,0.00317259,4.62826,3.142
1784,0.507,21.674579,0.152,1,0.00703596,0.00518433,5.18471,3.454
1785,0.538,9.956034,0.178,1,0.00818331,0.00625,5.24014,3.498
1786,0.486,14.477031,0.104,1,0.00533078,0.00690955,4.62745,3.162
1787,0.469,12.777051,0.152,1,0.00667452,0.00679012,4.74891,3.218
1788,0.518,10.425448,0.151,1,0.00539633,0.00653207,4.98446,3.346
1789,0.489,10.779614,0.157,1,0.00439131,0.0059952,4.94451,3.316
1790,0.447,12.054091,0.151,1,0.00854933,0.00377834,4.65803,3.164
1791,0.561,13.383709,0.15,1,0.00491106,0.00512528,5.24499,3.494
1792,0.501,16.365483,0.139,1,0.00888012,0.00362319,4.91394,3.3
1793,0.538,11.243759,0.161,1,0.010346,0.00230947,5.20197,3.456
1794,0.467,12.782563,0.137,1,0.00723066,0.00477327,4.97482,3.336
1795,0.544,10.273321,0.186,1,0.00668857,0.0035461,5.05457,3.372
1796,0.489,10.539513,0.113,1,0.00500064,0.00551471,4.8053,3.246
1797,0.501,18.222482,0.127,1,0.0070667,0.00603865,4.90036,3.292
1798,0.53,12.040633,0.175,1,0.00915232,0.00738636,5.25358,3.494
1799,0.5,16.765465,0.109,1,0.00751409,0.00726392,4.8689,3.28
1800,0.463,13.243809,0.113,1,0.00556517,0.00959233,4.89467,3.304
1801,0.508,11.085358,0.148,1,0.00823704,0.00639535,5.11469,3.418
1802,0.496,12.041021,0.14,1,0.00635593,0.00589623,5.03915,3.372
1803,0.493,11.265573,0.128,1,0.0068799,0.0041866,4.97598,3.33
1804,0.483,12.408729,0.113,1,0.00663199,0.00615764,4.76456,3.228
1805,0.464,16.920124,0.092,1,0.00712307,0.00864198,4.72042,3.212
1806,0.51,10.965745,0.14,1,0.00931249,0.0046729,5.10446,3.408
1807,0.491,9.367427,0.152,1,0.00545827,0.00638051,5.13368,3.426
1808,0.475,11.33392,0.142,1,0.00551109,0.00618812,4.74533,3.212
1809,0.463,12.571763,0.107,1,0.00737907,0.00441919,4.64046,3.154
1810,0.514,15.596169,0.148,1,0.00906125,0.00831354,4.95629,3.34
1811,0.481,13.133555,0.151,1,0.00456194,0.00529412,5.05559,3.382
1812,0.535,10.927557,0.175,1,0.00736558,0.00241546,4.93099,3.304
1813,0.457,9.957968,0.146,1,0.00794893,0.00595238,4.97186,3.34
1814,0.51,12.041043,0.149,1,0.00783104,0.00533175,5.01965,3.358
1815,0.561,12.319867,0.158,1,0.00763359,0.00598086,4.9657,3.324
1816,0.534,7.771415,0.178,1,0.00847649,0.00406032,5.15317,3.434
1817,0.494,13.073557,0.159,1,0.00649741,0.00299043,4.9856,3.334
1818,0.487,11.653573,0.18,1,0.00780539,0.00980392,4.75681,3.232
1819,0.46,15.269824,0.115,1,0.007829,0.00303398,4.89775,3.286
1820,0.5,20.127271,0.119,1,0.00756575,0.00417661,4.98922,3.338
1821,0.429,11.450974,0.122,1,0.00887216,0.00438596,4.68156,3.178
1822,0.454,10.886063,0.113,1,0.00685192,0.00488998,4.84091,3.256
1823,0.485,10.295407,0.167,1,0.00800874,0.00240385,4.96446,3.32
1824,0.516,22.833926,0.16,1,0.00658778,0.00539568,4.94093,3.318
1825,0.491,9.274473,0.149,1,0.00697674,0.00586854,5.07674,3.388
1826,0.493,10.987108,0.134,1,0.00576793,0.00406032,5.14968,3.434
1827,0.498,10.589364,0.147,1,0.00551471,0.00361446,4.93349,3.308
1828,0.484,9.80062,0.146,1,0.00563768,0.00667476,4.87599,3.274
1829,0.522,13.978469,0.141,1,0.00776448,0.00284091,5.28376,3.51
1830,0.556,12.908801,0.182,1,0.00449342,0.00395928,5.30778,3.522
1831,0.445,9.358726,0.141,1,0.00706899,0.00800493,4.74178,3.222
1832,0.458,16.663588,0.099,1,0.0065326,0.00672372,4.80431,3.25
1833,0.384,12.193607,0.096,1,0.00979192,0.00440806,4.65085,3.162
1834,0.476,16.097501,0.148,1,0.00542005,0.00308642,4.79814,3.23
1835,0.468,12.266745,0.133,1,0.00578629,0.0067402,4.79766,3.242
1836,0.525,11.93715,0.152,1,0.00624311,0.00540865,4.93595,3.31
1837,0.56,10.747009,0.18,1,0.00670904,0.00472813,5.04513,3.368
1838,0.452,10.356151,0.097,1,0.00555418,0.00242131,4.91626,3.296
1839,0.472,10.483778,0.126,1,0.00998592,0.0036855,4.81566,3.244
1840,0.481,12.500284,0.123,1,0.00664842,0.00371287,4.7646,3.22
1841,0.477,19.314596,0.09,1,0.00729749,0.00300481,4.956,3.318
1842,0.49,14.499471,0.148,1,0.00716981,0.00728155,4.85941,3.272
1843,0.489,14.502274,0.134,1,0.00864878,0.00364964,4.87057,3.276
1844,0.391,10.824242,0.116,1,0.00634501,0.00497512,4.72813,3.2
1845,0.453,11.352174,0.102,1,0.00736529,0.00614251,4.78307,3.236
1846,0.456,13.138148,0.123,1,0.00908879,0.00411765,5.06911,3.386
1847,0.502,10.118537,0.132,1,0.00831025,0.00516055,5.20173,3.47
1848,0.437,16.812805,0.081,1,0.00940767,0.00469484,5.07665,3.392
1849,0.461,8.7586,0.097,1,0.00578183,0.00429975,4.80136,3.242
1850,0.544,9.202573,0.173,1,0.00682361,0.00923788,5.12413,3.432
1851,0.547,8.39282,0.198,1,0.00766438,0.0056391,4.6862,3.174
1852,0.487,16.323087,0.137,1,0.00736829,0.00481928,4.92918,3.304
1853,0.52,9.290094,0.173,1,0.0060099,0.00823529,5.03321,3.372
1854,0.548,11.543058,0.146,1,0.00535141,0.00238095,5.0173,3.352
1855,0.48,11.71616,0.144,1,0.00860564,0.00485437,4.88902,3.28
1856,0.466,8.88958,0.128,1,0.00564972,0.00905797,4.85375,3.282
1857,0.446,11.350236,0.12,1,0.00825796,0.00680693,4.75327,3.21
1858,0.485,13.379862,0.13,1,0.00899673,0.00566751,4.64598,3.158
1859,0.359,9.978388,0.097,1,0.00758281,0.00498753,4.7099,3.192
1860,0.461,11.238387,0.116,1,0.00663562,0.00470588,5.07683,3.384
1861,0.532,6.889301,0.14,1,0.00603757,0.00404157,5.18493,3.45
1862,0.53,8.051222,0.186,1,0.0110245,0.00403226,5.19375,3.458
1863,0.49,11.111496,0.132,1,0.00907563,0.00576037,5.17092,3.452
1864,0.475,11.238201,0.126,1,0.00890318,0.00841346,4.90121,3.3
1865,0.469,12.766595,0.119,1,0.00858574,0.00534442,5.00657,3.35
1866,0.381,22.005107,0.076,1,0.00766577,0.00428922,4.81662,3.25
1867,0.468,9.902725,0.143,1,0.00790826,0.00802469,4.72122,3.214
1868,0.445,15.694855,0.115,1,0.00900901,0.00617284,4.75714,3.22
1869,0.565,8.17857,0.176,1,0.00868074,0.00395928,5.29869,3.522
1870,0.478,9.642081,0.149,1,0.00924254,0.00394144,5.32109,3.538
1871,0.405,8.416815,0.139,1,0.00345711,0.00184729,4.81801,3.242
1872,0.542,11.493596,0.147,1,0.00851692,0.00522042,5.13469,3.43
1873,0.525,10.282351,0.146,1,0.00440131,0.00635104,5.14875,3.442
1874,0.491,11.42674,0.132,1,0.00734304,0.00480769,4.93418,3.312
1875,0.475,9.517201,0.129,1,0.00782167,0.00371287,4.7646,3.22
1876,0.563,11.741256,0.18,1,0.0071885,0.00925926,5.11916,3.424
1877,0.487,9.896377,0.157,1,0.00692521,0.00409836,5.09347,3.402
1878,0.498,9.537343,0.133,1,0.00740452,0.00432099,4.77247,3.226
1879,0.498,13.789106,0.143,1,0.00555335,0.00311721,4.72983,3.198
1880,0.468,20.640301,0.097,1,0.00789078,0.00485437,4.86829,3.28
1881,0.543,12.981882,0.159,1,0.00739413,0.00404157,5.17449,3.45
1882,0.525,9.513938,0.162,1,0.00807963,0.00236407,5.05924,3.376
1883,0.528,9.067143,0.187,1,0.00699464,0.00819672,5.06375,3.388
1884,0.468,16.368499,0.142,1,0.00601524,0.00623441,4.69322,3.188
1885,0.469,11.788446,0.14,1,0.00931566,0.00534442,4.99881,3.35
1886,0.499,12.146245,0.152,1,0.0048877,0.00352941,5.07261,3.388
1887,0.482,10.6157,0.157,1,0.0098729,0.00694444,5.1352,3.432
1888,0.449,8.93545,0.147,1,0.00746758,0.00679012,4.74394,3.218
1889,0.493,10.798474,0.16,1,0.00993125,0.00367647,4.83026,3.252
1890,0.475,14.27115,0.129,1,0.00712946,0.00182927,4.88393,3.274
1891,0.46,24.639552,0.078,1,0.00590116,0.00661058,4.92075,3.306
1892,0.494,10.46738,0.118,1,0.00677281,0.0070922,5.00952,3.36
1893,0.493,12.41654,0.164,1,0.0110619,0.00301932,4.92792,3.302
1894,0.434,17.486263,0.09,1,0.0109446,0.00555556,4.76412,3.222
1895,0.442,9.239823,0.131,1,0.00363881,0.0075,4.67254,3.176
1896,0.478,14.256876,0.127,1,0.00532995,0.00790754,4.83139,3.262
1897,0.556,17.180667,0.126,1,0.0090821,0.00833333,4.95678,3.332
1898,0.452,12.317585,0.141,1,0.00559571,0.00411765,5.06675,3.386
1899,0.437,13.877588,0.113,1,0.00722215,0.004375,4.69366,3.186
1900,0.545,9.974524,0.181,1,0.00913809,0.00348028,5.15949,3.436
1901,0.538,9.481296,0.163,1,0.00924601,0.00514874,5.22427,3.478
1902,0.473,24.573308,0.123,1,0.00624205,0.0058548,5.09482,3.396
1903,0.495,11.699182,0.147,1,0.00712166,0.00356295,5.02086,3.356
1904,0.445,18.031457,0.082,1,0.00846262,0.00551471,4.8053,3.246
1905,0.487,13.514682,0.151,1,0.00771726,0.00747126,5.17719,3.454
1906,0.492,13.417134,0.08,1,0.00703308,0.00186104,4.77191,3.218
1907,0.458,11.276698,0.152,1,0.00856124,0.00651659,5.01491,3.354
1908,0.541,16.356881,0.143,1,0.00361011,0.00477327,4.98201,3.336
1909,0.503,9.782862,0.159,1,0.00828455,0.00287356,5.21787,3.47
1910,0.514,19.664954,0.153,1,0.00698487,0.00702576,5.06486,3.392
1911,0.466,9.676813,0.162,1,0.00447316,0.00603865,4.88943,3.292
1912,0.494,10.993173,0.162,1,0.00521112,0.00623441,4.69511,3.188
1913,0.44,13.285287,0.12,1,0.00585632,0.00371287,4.77267,3.22
1914,0.543,12.335118,0.171,1,0.00657439,0.00584112,5.09401,3.404
1915,0.492,9.354152,0.168,1,0.00770548,0.00719424,4.9372,3.312
1916,0.551,11.654283,0.164,1,0.00824866,0.00238663,5.00299,3.344
1917,0.494,11.019791,0.152,1,0.0055165,0.00397727,5.27382,3.506
1918,0.546,12.275846,0.169,1,0.00857927,0.004662,5.11827,3.416
1919,0.541,13.298093,0.164,1,0.00648195,0.00670732,4.82996,3.258
1920,0.527,10.494423,0.175,1,0.00913396,0.00806452,5.14983,3.444
1921,0.504,10.938017,0.147,1,0.00646474,0.00593824,4.98984,3.348
1922,0.52,17.201485,0.154,1,0.00737101,0.00661058,4.92438,3.306
1923,0.499,13.208395,0.15,1,0.00893551,0.0037037,4.78439,3.228
1924,0.402,10.77918,0.11,1,0.00757274,0.00744417,4.70438,3.2
1925,0.537,16.179196,0.157,1,0.00749197,0.00533175,5.00834,3.358
1926,0.53,15.696391,0.118,1,0.00883002,0.00361446,4.92987,3.308
1927,0.433,17.570415,0.125,1,0.00725468,0.00970874,4.81434,3.264
1928,0.418,7.196568,0.137,1,0.00804495,0.00731707,4.8102,3.256
1929,0.494,13.853953,0.139,1,0.00767637,0.00539568,4.94696,3.318
1930,0.427,17.735464,0.105,1,0.00671224,0.00485437,4.90549,3.28
1931,0.495,11.069985,0.136,1,0.00572792,0.00593824,5.00597,3.348
1932,0.52,13.200942,0.159,1,0.00859291,0.00534442,5.00239,3.35
1933,0.51,11.05657,0.175,1,0.0100394,0.00945626,4.99224,3.352
1934,0.526,9.587146,0.149,1,0.00924703,0.00514874,5.22369,3.478
1935,0.499,17.370724,0.092,1,0.00733155,0.00352941,5.07261,3.388
1936,0.477,17.462077,0.127,1,0.00761513,0.00596659,4.96579,3.332
1937,0.503,9.613905,0.17,1,0.0048877,0.00411765,5.07561,3.386
1938,0.519,11.141794,0.163,1,0.00943908,0.00511364,5.26385,3.502
1939,0.495,10.651435,0.147,1,0.00713928,0.0066586,4.86533,3.282
1940,0.373,10.23734,0.103,1,0.00802139,0.00670732,4.82136,3.258
1941,0.493,13.293633,0.141,1,0.00606443,0.00910194,4.84691,3.266
1942,0.529,9.540138,0.155,1,0.00618893,0.00341686,5.26286,3.5
1943,0.54,10.368961,0.171,1,0.00689504,0.00343249,5.24512,3.484
1944,0.534,10.429431,0.182,1,0.00654704,0.00538278,4.95971,3.326
1945,0.479,9.228508,0.143,1,0.00640945,0.00905797,4.84887,3.282
1946,0.495,12.002347,0.141,1,0.0058299,0.00925926,5.10981,3.424
1947,0.475,8.82871,0.141,1,0.00762125,0.00759346,5.09712,3.398
1948,0.497,10.347208,0.147,1,0.00572956,0.00428922,4.83323,3.25
1949,0.519,10.412916,0.167,1,0.00991432,0.00480769,4.93357,3.312
1950,0.532,10.841798,0.179,1,0.00495926,0.00531915,5.03209,3.366
1951,0.576,9.429598,0.164,1,0.00844521,0.00454545,5.27169,3.504
1952,0.521,11.305691,0.157,1,0.00593575,0.00761124,5.06903,3.39
1953,0.412,10.473136,0.117,1,0.00699493,0.00505051,4.62627,3.152
1954,0.437,21.649858,0.085,1,0.00418463,0.00609756,4.83804,3.26
1955,0.457,11.965196,0.118,1,0.00696954,0.00735294,4.78272,3.24
1956,0.474,13.272331,0.106,1,0.00661684,0.0101432,4.91923,3.318
1957,0.505,9.740646,0.167,1,0.00886565,0.00580046,5.13302,3.428
1958,0.497,6.648238,0.143,1,0.00728332,0.00538278,4.9537,3.326
1959,0.516,9.752047,0.165,1,0.00802419,0.00586854,5.07615,3.388
1960,0.504,15.543974,0.142,1,0.0061509,0.00441919,4.63919,3.154
1961,0.506,9.91539,0.155,1,0.00612318,0.00239234,4.99341,3.336
1962,0.396,12.749214,0.1,1,0.00845865,0.00647059,5.03967,3.378
1963,0.512,8.369032,0.175,1,0.00737735,0.00721154,4.92312,3.304
1964,0.466,20.957198,0.129,1,0.00691962,0.00525701,5.0916,3.406
1965,0.488,18.797713,0.092,1,0.00358185,0.00928218,4.70831,3.202
1966,0.454,9.549965,0.142,1,0.00681363,0.00561097,4.69279,3.19
1967,0.554,16.253732,0.119,1,0.00524738,0.00424757,4.87751,3.282
1968,0.588,9.927129,0.2,1,0.00689488,0.0041866,4.96517,3.33
1969,0.45,9.889829,0.136,1,0.00609975,0.007109,4.98866,3.352
1970,0.429,18.119336,0.091,1,0.00763154,0.00623441,4.6857,3.188
1971,0.466,9.519664,0.161,1,0.00597833,0.00484262,4.88382,3.288
1972,0.534,15.172154,0.163,1,0.00892244,0.00350467,5.12427,3.412
1973,0.49,10.23547,0.137,1,0.00861244,0.00593824,4.99403,3.348
1974,0.509,8.871048,0.183,1,0.00578941,0.00536993,4.97361,3.334
1975,0.467,8.426555,0.136,1,0.00586854,0.00556931,4.77162,3.214
1976,0.529,17.805834,0.131,1,0.00856225,0.00238095,5.0173,3.352
1977,0.514,12.086653,0.164,1,0.0065775,0.00343249,5.23651,3.484
1978,0.508,12.697964,0.149,1,0.00903301,0.0058548,5.08539,3.396
1979,0.487,11.354319,0.143,1,0.00702668,0.00617284,4.77329,3.22
1980,0.482,13.376087,0.119,1,0.00824691,0.00304136,4.88286,3.278
1981,0.507,13.369266,0.129,1,0.00969363,0.00298329,5.0006,3.342
1982,0.541,8.272679,0.141,1,0.00776244,0.00481928,4.91283,3.304
1983,0.473,15.661047,0.116,1,0.00671406,0.00558313,4.73862,3.206
1984,0.482,15.722728,0.12,1,0.00750375,0.00304136,4.87858,3.278
1985,0.488,10.890911,0.152,1,0.00830816,0.00486618,4.85575,3.272
1986,0.534,8.370579,0.158,1,0.0110485,0.00234742,5.11118,3.4
1987,0.537,11.838055,0.153,1,0.00670352,0.00880282,5.03434,3.378
1988,0.387,11.169063,0.101,1,0.00710801,0.00445293,4.58466,3.13
1989,0.49,13.593997,0.147,1,0.00873418,0.00851582,4.84663,3.26
1990,0.455,11.305715,0.115,1,0.00818288,0.00980392,4.76423,3.232
1991,0.435,9.855799,0.143,1,0.00320399,0.00766509,5.00713,3.366
1992,0.493,9.718781,0.153,1,0.00597689,0.00436409,4.71446,3.194
1993,0.592,9.567747,0.188,1,0.0066482,0.00686499,5.19873,3.472
1994,0.5,9.736737,0.177,1,0.00956938,0.00638051,5.12434,3.426
1995,0.51,14.426151,0.134,1,0.00808526,0.00181159,4.93829,3.306
1996,0.488,9.427002,0.137,1,0.00779037,0.0035545,5.03686,3.364
1997,0.448,13.671528,0.117,1,0.00567875,0.00439698,4.66625,3.17
1998,0.516,7.81206,0.19,1,0.00834314,0.00507901,5.30289,3.526
1999,0.439,9.39301,0.11,1,0.00656117,0.00492611,4.81002,3.232
2000,0.512,12.030691,0.162,1,0.00777874,0.00422705,4.91146,3.298
