t,cond.S.mean,cond.S.sd,cond.S.se,cond.S.q025,cond.S.q25,cond.S.q50,cond.S.q75,cond.S.q975,cond.I.mean,cond.I.sd,cond.I.se,cond.I.q025,cond.I.q25,cond.I.q50,cond.I.q75,cond.I.q975,cond.R.mean,cond.R.sd,cond.R.se,cond.R.q025,cond.R.q25,cond.R.q50,cond.R.q75,cond.R.q975,cond.infectious.mean,cond.infectious.sd,cond.infectious.se,cond.infectious.q025,cond.infectious.q25,cond.infectious.q50,cond.infectious.q75,cond.infectious.q975,cond.cumulative.mean,cond.cumulative.sd,cond.cumulative.se,cond.cumulative.q025,cond.cumulative.q25,cond.cumulative.q50,cond.cumulative.q75,cond.cumulative.q975,uncond.S.mean,uncond.S.sd,uncond.S.se,uncond.S.q025,uncond.S.q25,uncond.S.q50,uncond.S.q75,uncond.S.q975,uncond.I.mean,uncond.I.sd,uncond.I.se,uncond.I.q025,uncond.I.q25,uncond.I.q50,uncond.I.q75,uncond.I.q975,uncond.R.mean,uncond.R.sd,uncond.R.se,uncond.R.q025,uncond.R.q25,uncond.R.q50,uncond.R.q75,uncond.R.q975,uncond.infectious.mean,uncond.infectious.sd,uncond.infectious.se,uncond.infectious.q025,uncond.infectious.q25,uncond.infectious.q50,uncond.infectious.q75,uncond.infectious.q975,uncond.cumulative.mean,uncond.cumulative.sd,uncond.cumulative.se,uncond.cumulative.q025,uncond.cumulative.q25,uncond.cumulative.q50,uncond.cumulative.q75,uncond.cumulative.q975
0.0,0.99,0.0,0.0,0.99,0.99,0.99,0.99,0.99,0.01,0.0,0.0,0.01,0.01,0.01,0.01,0.01,0.0,0.0,0.0,0.0,0.0,0.0,0.0,0.0,0.01,0.0,0.0,0.01,0.01,0.01,0.01,0.01,0.01,0.0,0.0,0.01,0.01,0.01,0.01,0.01,0.99,0.0,0.0,0.99,0.99,0.99,0.99,0.99,0.01,0.0,0.0,0.01,0.01,0.01,0.01,0.01,0.0,0.0,0.0,0.0,0.0,0.0,0.0,0.0,0.01,0.0,0.0,0.01,0.01,0.01,0.01,0.01,0.01,0.0,0.0,0.01,0.01,0.01,0.01,0.01
1.0,0.979928,0.00151,0.000108,0.97728,0.97892,0.9799,0.9809,0.983,0.016859,0.0015,0.000106,0.014,0.0158,0.0168,0.0179,0.01964,0.003214,0.0005,3.6e-5,0.0024,0.0029,0.0032,0.0035,0.0043,0.016859,0.0015,0.000106,0.014,0.0158,0.0168,0.0179,0.01964,0.0201,0.00151,0.000107,0.01709,0.0191,0.0201,0.0211,0.02281,0.97991,0.00153,0.000108,0.9771,0.9789,0.9799,0.9809,0.983,0.016872,0.00151,0.000107,0.014,0.0158,0.0168,0.0179,0.02,0.003218,0.0005,3.5e-5,0.0024,0.0029,0.0032,0.0035,0.0043,0.016872,0.00151,0.000107,0.014,0.0158,0.0168,0.0179,0.02,0.020118,0.00152,0.000107,0.0171,0.0191,0.0201,0.0211,0.0229
2.0,0.96524,0.00329,0.000234,0.95877,0.96312,0.9653,0.9673,0.97151,0.02629,0.00297,0.000211,0.02118,0.02425,0.02635,0.0279,0.03254,0.00847,0.00097,6.9e-5,0.00659,0.0078,0.0084,0.00917,0.01041,0.02629,0.00297,0.000211,0.02118,0.02425,0.02635,0.0279,0.03254,0.034902,0.00328,0.000233,0.02869,0.0329,0.03485,0.03708,0.04123,0.965187,0.00332,0.000235,0.9584,0.96288,0.96525,0.9673,0.9715,0.026327,0.00298,0.000211,0.0212,0.02435,0.0264,0.02792,0.03252,0.008486,0.00097,6.9e-5,0.0066,0.0078,0.00845,0.0092,0.0104,0.026327,0.00298,0.000211,0.0212,0.02435,0.0264,0.02792,0.03252,0.034956,0.00331,0.000234,0.0287,0.0329,0.0349,0.03713,0.04161
3.0,0.943936,0.00607,0.000431,0.93117,0.94015,0.9445,0.94728,0.95449,0.039687,0.00504,0.000358,0.03117,0.03652,0.0392,0.0428,0.05012,0.016377,0.00164,0.000116,0.0134,0.0153,0.0163,0.0175,0.02001,0.039687,0.00504,0.000358,0.03117,0.03652,0.0392,0.0428,0.05012,0.056451,0.00608,0.000432,0.046,0.0531,0.0561,0.06028,0.06923,0.943868,0.00608,0.00043,0.93119,0.94008,0.9443,0.94722,0.95443,0.039728,0.00503,0.000356,0.03119,0.03658,0.0392,0.04282,0.0501,0.016404,0.00165,0.000117,0.0134,0.0153,0.0163,0.0175,0.02,0.039728,0.00503,0.000356,0.03119,0.03658,0.0392,0.04282,0.0501,0.056519,0.00609,0.000431,0.04607,0.0531,0.05615,0.0604,0.06921
4.0,0.914266,0.00993,0.000706,0.89258,0.9081,0.9154,0.91998,0.93066,0.057702,0.00749,0.000533,0.04478,0.05292,0.0567,0.06287,0.0734,0.028032,0.00304,0.000216,0.02266,0.02592,0.0278,0.0299,0.03423,0.057702,0.00749,0.000533,0.04478,0.05292,0.0567,0.06287,0.0734,0.086548,0.00998,0.000709,0.07024,0.08083,0.0855,0.09295,0.1085,0.914141,0.00996,0.000704,0.89259,0.90785,0.91535,0.91992,0.93055,0.057776,0.00749,0.00053,0.0448,0.05298,0.0568,0.06315,0.07327,0.028083,0.00307,0.000217,0.02268,0.02598,0.02785,0.03,0.0346,0.057776,0.00749,0.00053,0.0448,0.05298,0.0568,0.06315,0.07327,0.086672,0.01001,0.000708,0.07035,0.08088,0.08575,0.09305,0.1085
5.0,0.873997,0.01498,0.001065,0.84108,0.86455,0.876,0.88258,0.8971,0.081461,0.01069,0.00076,0.06519,0.07452,0.0799,0.08818,0.10561,0.044542,0.00492,0.00035,0.03598,0.04128,0.0443,0.04755,0.05523,0.081461,0.01069,0.00076,0.06519,0.07452,0.0799,0.08818,0.10561,0.127541,0.0151,0.001073,0.10466,0.11902,0.12545,0.13732,0.16073,0.873793,0.01505,0.001064,0.84116,0.86425,0.8758,0.88252,0.8971,0.081594,0.01073,0.000758,0.0652,0.07458,0.0799,0.08828,0.1056,0.044613,0.00495,0.00035,0.036,0.04142,0.04435,0.0477,0.05521,0.081594,0.01073,0.000758,0.0652,0.07458,0.0799,0.08828,0.1056,0.127745,0.01516,0.001072,0.10468,0.11908,0.12555,0.13765,0.16065
6.0,0.822488,0.02047,0.001455,0.77707,0.8092,0.82475,0.83525,0.85493,0.110082,0.01373,0.000976,0.08821,0.10138,0.10845,0.11905,0.14039,0.06743,0.00749,0.000532,0.05426,0.0623,0.0669,0.07232,0.08372,0.110082,0.01373,0.000976,0.08821,0.10138,0.10845,0.11905,0.14039,0.18017,0.02072,0.001473,0.14769,0.16727,0.17785,0.19378,0.22606,0.822163,0.02063,0.001459,0.77716,0.8088,0.82465,0.83515,0.85491,0.110304,0.01385,0.000979,0.08827,0.10152,0.1086,0.11918,0.14026,0.067533,0.00752,0.000532,0.05428,0.0623,0.067,0.07265,0.0837,0.110304,0.01385,0.000979,0.08827,0.10152,0.1086,0.11918,0.14026,0.180499,0.02088,0.001476,0.14776,0.16743,0.178,0.1941,0.22595
7.0,0.759707,0.02598,0.001846,0.70094,0.7426,0.763,0.777,0.80264,0.143062,0.01606,0.001141,0.11717,0.13238,0.14135,0.15313,0.17875,0.097232,0.01076,0.000764,0.07963,0.09022,0.09615,0.1043,0.1221,0.143062,0.01606,0.001141,0.11717,0.13238,0.14135,0.15313,0.17875,0.244566,0.02639,0.001875,0.20036,0.22742,0.2412,0.26243,0.30309,0.759271,0.02621,0.001853,0.70105,0.74218,0.76275,0.777,0.80261,0.143332,0.01621,0.001146,0.11719,0.13252,0.14165,0.15365,0.17872,0.097397,0.01083,0.000766,0.07968,0.09028,0.09625,0.10442,0.1221,0.143332,0.01621,0.001146,0.11719,0.13252,0.14165,0.15365,0.17872,0.245012,0.02663,0.001883,0.20039,0.22748,0.2417,0.26277,0.3029
8.0,0.689034,0.02996,0.002129,0.62478,0.66842,0.6911,0.70928,0.74161,0.176206,0.01675,0.00119,0.14469,0.16363,0.17595,0.18858,0.21043,0.13476,0.0143,0.001016,0.10997,0.12538,0.13385,0.1431,0.16563,0.176206,0.01675,0.00119,0.14469,0.16363,0.17595,0.18858,0.21043,0.317503,0.0306,0.002175,0.26397,0.2972,0.3151,0.3387,0.3825,0.688506,0.03028,0.002141,0.62479,0.6677,0.69035,0.70922,0.7416,0.1765,0.01693,0.001197,0.14476,0.16368,0.1765,0.18902,0.21041,0.134994,0.01442,0.00102,0.10999,0.12552,0.1339,0.14332,0.16561,0.1765,0.01693,0.001197,0.14476,0.16368,0.1765,0.18902,0.21041,0.318041,0.03092,0.002186,0.26406,0.2972,0.3153,0.33925,0.38243
9.0,0.614895,0.03207,0.002279,0.54906,0.59508,0.615,0.63668,0.67221,0.20561,0.01578,0.001121,0.1747,0.19382,0.20545,0.2168,0.2374,0.179495,0.01767,0.001256,0.14996,0.1679,0.17835,0.18958,0.21705,0.20561,0.01578,0.001121,0.1747,0.19382,0.20545,0.2168,0.2374,0.394691,0.03301,0.002346,0.33737,0.37262,0.39385,0.416,0.46324,0.614348,0.03238,0.002289,0.54915,0.59395,0.6147,0.63662,0.6722,0.205841,0.01588,0.001123,0.17483,0.19388,0.2057,0.21718,0.23733,0.179811,0.01786,0.001263,0.14999,0.1681,0.1786,0.18988,0.21695,0.205841,0.01588,0.001123,0.17483,0.19388,0.2057,0.21718,0.23733,0.39525,0.03332,0.002356,0.33739,0.37268,0.39405,0.4174,0.46321
10.0,0.543603,0.03159,0.002245,0.48125,0.52162,0.54335,0.56605,0.60268,0.226652,0.01382,0.000982,0.1991,0.21702,0.22645,0.23618,0.25232,0.229745,0.01993,0.001417,0.19656,0.21772,0.2278,0.24232,0.27123,0.226652,0.01382,0.000982,0.1991,0.21702,0.22645,0.23618,0.25232,0.470123,0.03289,0.002337,0.41101,0.44675,0.46965,0.4918,0.53447,0.54302,0.03197,0.00226,0.48109,0.52112,0.5431,0.56595,0.60249,0.226893,0.01397,0.000988,0.19917,0.21708,0.22665,0.23625,0.25461,0.230088,0.02013,0.001423,0.19658,0.21778,0.22795,0.24253,0.27101,0.226893,0.01397,0.000988,0.19917,0.21708,0.22665,0.23625,0.25461,0.470722,0.03327,0.002352,0.41134,0.44705,0.4702,0.49308,0.53442
11.0,0.479169,0.02933,0.002084,0.42229,0.4602,0.4785,0.49945,0.53595,0.237837,0.01061,0.000754,0.21766,0.23043,0.23835,0.2455,0.25877,0.282994,0.02179,0.001549,0.24545,0.2692,0.28155,0.2971,0.3285,0.237837,0.01061,0.000754,0.21766,0.23043,0.23835,0.2455,0.25877,0.539672,0.03093,0.002198,0.48216,0.51772,0.54015,0.56018,0.5988,0.478635,0.02966,0.002097,0.42236,0.45875,0.478,0.49935,0.53592,0.237971,0.01065,0.000753,0.21769,0.23048,0.23855,0.2456,0.25872,0.283394,0.02204,0.001559,0.24548,0.2692,0.2816,0.29732,0.3285,0.237971,0.01065,0.000753,0.21769,0.23048,0.23855,0.2456,0.25872,0.54023,0.03127,0.002211,0.48238,0.51778,0.54035,0.56132,0.59867
12.0,0.424753,0.02622,0.001864,0.37775,0.40662,0.42465,0.44145,0.47527,0.238847,0.00802,0.00057,0.22338,0.23315,0.2388,0.24405,0.25541,0.3364,0.02261,0.001607,0.29409,0.32082,0.33595,0.35215,0.38183,0.238847,0.00802,0.00057,0.22338,0.23315,0.2388,0.24405,0.25541,0.600331,0.02819,0.002003,0.54489,0.5827,0.59985,0.6186,0.65227,0.424267,0.02654,0.001877,0.37588,0.40612,0.4241,0.44135,0.47502,0.238887,0.00799,0.000565,0.22339,0.23325,0.23885,0.2441,0.2554,0.336846,0.02294,0.001622,0.2941,0.32088,0.33615,0.35268,0.3821,0.238887,0.00799,0.000565,0.22339,0.23325,0.23885,0.2441,0.2554,0.600844,0.02851,0.002016,0.5449,0.5827,0.60025,0.61942,0.6543
13.0,0.380762,0.0224,0.001592,0.34169,0.36545,0.38115,0.39488,0.42775,0.231176,0.00745,0.000529,0.21583,0.22705,0.23145,0.2358,0.24621,0.388062,0.02233,0.001587,0.34837,0.37183,0.3876,0.40255,0.43185,0.231176,0.00745,0.000529,0.21583,0.22705,0.23145,0.2358,0.24621,0.651621,0.02467,0.001753,0.60044,0.635,0.6516,0.66918,0.69616,0.380344,0.02268,0.001603,0.34158,0.36518,0.38095,0.39482,0.42772,0.231148,0.00741,0.000524,0.21588,0.22715,0.2314,0.2358,0.2462,0.388508,0.02266,0.001602,0.34859,0.37187,0.3883,0.40295,0.43251,0.231148,0.00741,0.000524,0.21588,0.22715,0.2314,0.2358,0.2462,0.652073,0.02496,0.001765,0.60054,0.635,0.6521,0.66938,0.69691
14.0,0.346493,0.01929,0.001371,0.3127,0.333,0.3464,0.35872,0.3879,0.217437,0.00786,0.000559,0.20208,0.2123,0.218,0.22275,0.23301,0.436069,0.02151,0.001529,0.39356,0.41982,0.43655,0.44945,0.47733,0.217437,0.00786,0.000559,0.20208,0.2123,0.218,0.22275,0.23301,0.694219,0.02188,0.001555,0.64814,0.6789,0.69415,0.70998,0.73344,0.346131,0.01954,0.001382,0.31269,0.33265,0.3461,0.35858,0.3879,0.21737,0.00785,0.000555,0.2021,0.2122,0.21795,0.22265,0.233,0.4365,0.02184,0.001544,0.39365,0.42027,0.4368,0.44985,0.47772,0.21737,0.00785,0.000555,0.2021,0.2122,0.21795,0.22265,0.233,0.694618,0.02213,0.001565,0.64825,0.6791,0.6945,0.7104,0.7339
15.0,0.320723,0.01636,0.001163,0.29218,0.30927,0.3202,0.33135,0.35351,0.199947,0.00856,0.000608,0.18309,0.1953,0.20015,0.2049,0.21431,0.47933,0.02034,0.001445,0.44166,0.46488,0.47915,0.49345,0.51614,0.199947,0.00856,0.000608,0.18309,0.1953,0.20015,0.2049,0.21431,0.729137,0.01912,0.001359,0.69036,0.71685,0.729,0.74358,0.76314,0.320416,0.01657,0.001171,0.29114,0.30885,0.32,0.33125,0.3535,0.199845,0.00858,0.000606,0.1831,0.1951,0.2001,0.2049,0.21424,0.479739,0.02065,0.00146,0.44202,0.46522,0.47955,0.49385,0.51781,0.199845,0.00858,0.000606,0.1831,0.1951,0.2001,0.2049,0.21424,0.729488,0.01934,0.001368,0.69045,0.71695,0.72915,0.74412,0.76364
16.0,0.302647,0.01416,0.001007,0.276,0.29172,0.30245,0.31128,0.3335,0.180371,0.00895,0.000636,0.16136,0.1754,0.18105,0.18548,0.1955,0.516982,0.01869,0.001329,0.48071,0.50472,0.5163,0.53048,0.5505,0.180371,0.00895,0.000636,0.16136,0.1754,0.18105,0.18548,0.1955,0.757295,0.01702,0.001209,0.7236,0.74602,0.7577,0.77062,0.78908,0.302397,0.01432,0.001012,0.27599,0.29145,0.3022,0.31122,0.33343,0.180266,0.00897,0.000634,0.16139,0.1754,0.181,0.18542,0.1953,0.517338,0.01894,0.001339,0.48077,0.50478,0.51635,0.53075,0.553,0.180266,0.00897,0.000634,0.16139,0.1754,0.181,0.18542,0.1953,0.757609,0.01722,0.001218,0.72366,0.74608,0.7578,0.7708,0.79
17.0,0.290198,0.01237,0.000879,0.26669,0.28115,0.2905,0.29775,0.31318,0.160849,0.00876,0.000622,0.14337,0.15552,0.16025,0.16628,0.17697,0.548953,0.01676,0.001191,0.51633,0.538,0.5487,0.5607,0.58051,0.160849,0.00876,0.000622,0.14337,0.15552,0.16025,0.16628,0.17697,0.780452,0.01537,0.001092,0.75124,0.77025,0.7808,0.79265,0.80884,0.289992,0.01248,0.000882,0.2667,0.28068,0.29035,0.29765,0.31313,0.160732,0.00879,0.000622,0.14339,0.15515,0.1602,0.16622,0.17686,0.549275,0.01699,0.001201,0.51638,0.538,0.5488,0.56185,0.58061,0.160732,0.00879,0.000622,0.14339,0.15515,0.1602,0.16622,0.17686,0.780737,0.01556,0.0011,0.75135,0.77035,0.78105,0.79293,0.8094
18.0,0.282371,0.01098,0.000781,0.26199,0.27442,0.2831,0.2894,0.30315,0.142343,0.00836,0.000594,0.12535,0.137,0.14225,0.1478,0.158,0.575285,0.01501,0.001067,0.54562,0.56482,0.5752,0.58553,0.60305,0.142343,0.00836,0.000594,0.12535,0.137,0.14225,0.1478,0.158,0.799713,0.01406,0.000999,0.77267,0.79032,0.8001,0.8105,0.82565,0.282211,0.01104,0.000781,0.26199,0.27422,0.2829,0.2892,0.30312,0.14223,0.0084,0.000594,0.12538,0.1369,0.14215,0.1478,0.158,0.575559,0.01518,0.001073,0.54567,0.56488,0.57545,0.5858,0.60302,0.14223,0.0084,0.000594,0.12538,0.1369,0.14215,0.1478,0.158,0.799961,0.01421,0.001004,0.77269,0.79038,0.8004,0.81072,0.82555
19.0,0.278171,0.0099,0.000704,0.25857,0.27192,0.27855,0.28512,0.29714,0.125017,0.00805,0.000572,0.10815,0.11995,0.1244,0.1304,0.13994,0.596812,0.01334,0.000948,0.56928,0.58848,0.5974,0.60645,0.62062,0.125017,0.00805,0.000572,0.10815,0.11995,0.1244,0.1304,0.13994,0.815731,0.013,0.000924,0.79108,0.80662,0.81595,0.82515,0.83963,0.278028,0.00996,0.000704,0.25866,0.27175,0.2785,0.28497,0.29711,0.12493,0.00805,0.00057,0.10818,0.11967,0.1244,0.1304,0.13991,0.597042,0.01347,0.000953,0.56929,0.58862,0.5975,0.60668,0.62061,0.12493,0.00805,0.00057,0.10818,0.11967,0.1244,0.1304,0.13991,0.815968,0.01315,0.00093,0.79109,0.80708,0.81605,0.82538,0.84065
20.0,0.276644,0.00928,0.00066,0.25679,0.27078,0.27675,0.28318,0.2948,0.109478,0.00748,0.000532,0.09338,0.10482,0.10925,0.1141,0.12303,0.613878,0.01204,0.000856,0.58723,0.60675,0.61345,0.6224,0.63476,0.109478,0.00748,0.000532,0.09338,0.10482,0.10925,0.1141,0.12303,0.829371,0.0121,0.00086,0.80806,0.821,0.82935,0.8383,0.85212,0.276544,0.00929,0.000657,0.2568,0.2704,0.2767,0.28312,0.2948,0.109406,0.00748,0.000529,0.0934,0.10457,0.10915,0.1141,0.12294,0.614051,0.0121,0.000856,0.58734,0.60685,0.61365,0.62292,0.63459,0.109406,0.00748,0.000529,0.0934,0.10457,0.10915,0.1141,0.12294,0.829588,0.01223,0.000865,0.80808,0.821,0.82945,0.83853,0.85243
21.0,0.277454,0.00867,0.000616,0.25978,0.2724,0.2771,0.2831,0.29376,0.095535,0.00704,0.0005,0.08222,0.0911,0.0949,0.1001,0.11044,0.627012,0.01061,0.000754,0.60247,0.62065,0.6269,0.63478,0.64681,0.095535,0.00704,0.0005,0.08222,0.0911,0.0949,0.1001,0.11044,0.840905,0.01143,0.000812,0.82169,0.83333,0.8412,0.84888,0.86141,0.277375,0.00866,0.000613,0.2598,0.27237,0.27705,0.2831,0.29365,0.095449,0.00705,0.000499,0.08228,0.09078,0.0949,0.1001,0.11041,0.627176,0.01068,0.000755,0.60256,0.62075,0.6272,0.63485,0.64674,0.095449,0.00705,0.000499,0.08228,0.09078,0.0949,0.1001,0.11041,0.8411,0.01154,0.000816,0.8217,0.83338,0.84145,0.84942,0.86147
22.0,0.280145,0.00865,0.000615,0.26178,0.27522,0.27965,0.2861,0.2972,0.083175,0.00656,0.000466,0.07082,0.0794,0.08205,0.0879,0.09613,0.636679,0.00976,0.000694,0.61456,0.6305,0.6366,0.6438,0.65405,0.083175,0.00656,0.000466,0.07082,0.0794,0.08205,0.0879,0.09613,0.850902,0.01106,0.000786,0.83174,0.84325,0.85155,0.85875,0.87095,0.280072,0.00864,0.000611,0.2618,0.2752,0.2796,0.2861,0.29713,0.08308,0.00659,0.000466,0.07087,0.07935,0.082,0.0879,0.09611,0.636847,0.00986,0.000697,0.61459,0.6305,0.6369,0.6441,0.65544,0.08308,0.00659,0.000466,0.07087,0.07935,0.082,0.0879,0.09611,0.851084,0.01116,0.000789,0.83178,0.84335,0.8518,0.85902,0.87085
23.0,0.28451,0.00851,0.000605,0.2663,0.27932,0.28415,0.29013,0.30317,0.072301,0.0059,0.000419,0.06109,0.0685,0.0715,0.0765,0.08414,0.64319,0.009,0.000639,0.62489,0.63762,0.64335,0.6491,0.65968,0.072301,0.0059,0.000419,0.06109,0.0685,0.0715,0.0765,0.08414,0.859421,0.01066,0.000758,0.84059,0.85172,0.8602,0.86735,0.87823,0.284456,0.00848,0.0006,0.2663,0.27928,0.28395,0.28998,0.30312,0.072226,0.00592,0.000419,0.0611,0.06828,0.0715,0.0765,0.08412,0.643317,0.00904,0.000639,0.62496,0.63768,0.64345,0.64922,0.65956,0.072226,0.00592,0.000419,0.0611,0.06828,0.0715,0.0765,0.08412,0.859589,0.01074,0.00076,0.84066,0.85178,0.8604,0.8675,0.87821
24.0,0.289842,0.00852,0.000605,0.27404,0.28412,0.2891,0.29575,0.30778,0.063017,0.00552,0.000392,0.05328,0.0594,0.06275,0.06655,0.07422,0.647141,0.00859,0.00061,0.63154,0.6411,0.64745,0.6533,0.66253,0.063017,0.00552,0.000392,0.05328,0.0594,0.06275,0.06655,0.07422,0.866996,0.01037,0.000737,0.84689,0.85932,0.86735,0.8745,0.88512,0.289806,0.00848,0.0006,0.27408,0.28418,0.289,0.29565,0.30773,0.062951,0.00554,0.000392,0.05329,0.0593,0.0627,0.06645,0.0742,0.647244,0.00861,0.000609,0.63158,0.6411,0.64755,0.65338,0.66244,0.062951,0.00554,0.000392,0.05329,0.0593,0.0627,0.06645,0.0742,0.867149,0.01043,0.000738,0.8469,0.85938,0.86755,0.87452,0.8851
25.0,0.296327,0.00853,0.000606,0.28038,0.29082,0.29565,0.30175,0.31504,0.054851,0.00488,0.000347,0.04574,0.05132,0.0546,0.058,0.06402,0.648822,0.00818,0.000582,0.63465,0.64385,0.6485,0.65447,0.66451,0.054851,0.00488,0.000347,0.04574,0.05132,0.0546,0.058,0.06402,0.873532,0.01019,0.000724,0.85402,0.86642,0.8735,0.8806,0.89084,0.296287,0.0085,0.000601,0.28039,0.29078,0.2956,0.30165,0.31501,0.05481,0.00488,0.000345,0.04578,0.0513,0.05445,0.058,0.06401,0.648903,0.00818,0.000579,0.63475,0.64395,0.6486,0.65455,0.6645,0.05481,0.00488,0.000345,0.04578,0.0513,0.05445,0.058,0.06401,0.873688,0.01026,0.000725,0.85414,0.86648,0.8736,0.88095,0.89074
26.0,0.303432,0.00858,0.00061,0.28827,0.29775,0.30255,0.30935,0.32145,0.047821,0.00456,0.000324,0.04,0.04475,0.0472,0.0506,0.05741,0.648747,0.00806,0.000572,0.63376,0.64393,0.6485,0.6539,0.66417,0.047821,0.00456,0.000324,0.04,0.04475,0.0472,0.0506,0.05741,0.87941,0.01008,0.000716,0.85903,0.87212,0.87975,0.88658,0.89723,0.303388,0.00855,0.000605,0.28829,0.29768,0.3025,0.30885,0.32142,0.047784,0.00457,0.000323,0.04,0.0447,0.0472,0.0506,0.0574,0.648828,0.00806,0.00057,0.63386,0.64398,0.6486,0.65403,0.66412,0.047784,0.00457,0.000323,0.04,0.0447,0.0472,0.0506,0.0574,0.879557,0.01013,0.000717,0.85908,0.87218,0.8799,0.8868,0.89721
27.0,0.311292,0.00857,0.000609,0.29569,0.30562,0.3106,0.31718,0.32937,0.041821,0.00419,0.000298,0.03463,0.0387,0.04155,0.0446,0.05027,0.646887,0.00797,0.000567,0.63195,0.64165,0.6467,0.65228,0.66094,0.041821,0.00419,0.000298,0.03463,0.0387,0.04155,0.0446,0.05027,0.884525,0.00997,0.000708,0.86436,0.87732,0.8854,0.89128,0.90257,0.311251,0.00855,0.000604,0.2957,0.3056,0.3106,0.31712,0.32932,0.041798,0.00419,0.000296,0.03467,0.0387,0.04155,0.0446,0.05022,0.646951,0.00796,0.000563,0.63198,0.64175,0.6469,0.6523,0.66091,0.041798,0.00419,0.000296,0.03467,0.0387,0.04155,0.0446,0.05022,0.88467,0.01002,0.000709,0.86439,0.87738,0.8855,0.89148,0.90252
28.0,0.319603,0.00866,0.000615,0.3038,0.31362,0.31945,0.3246,0.33818,0.036615,0.00373,0.000265,0.02987,0.0341,0.0361,0.0391,0.0439,0.643782,0.00789,0.00056,0.62642,0.63888,0.6439,0.649,0.65839,0.036615,0.00373,0.000265,0.02987,0.0341,0.0361,0.0391,0.0439,0.889045,0.00989,0.000703,0.86825,0.88168,0.8896,0.89573,0.90732,0.319568,0.00863,0.00061,0.30387,0.31348,0.31945,0.3246,0.33812,0.036595,0.00372,0.000263,0.02989,0.0341,0.0361,0.0391,0.0439,0.643837,0.00787,0.000556,0.62647,0.63902,0.64395,0.64902,0.65833,0.036595,0.00372,0.000263,0.02989,0.0341,0.0361,0.0391,0.0439,0.889184,0.00994,0.000703,0.86828,0.88183,0.8897,0.8959,0.90731
29.0,0.32826,0.00876,0.000623,0.3137,0.3224,0.3277,0.3334,0.34658,0.032305,0.00345,0.000245,0.02617,0.0298,0.0321,0.03467,0.03912,0.639435,0.00795,0.000565,0.6226,0.63448,0.6395,0.64468,0.65301,0.032305,0.00345,0.000245,0.02617,0.0298,0.0321,0.03467,0.03912,0.893267,0.00981,0.000697,0.87271,0.88602,0.8939,0.89978,0.91065,0.328222,0.00874,0.000618,0.31383,0.32238,0.3277,0.3334,0.34653,0.032282,0.00344,0.000244,0.02619,0.02978,0.032,0.03463,0.03911,0.639497,0.00794,0.000562,0.62267,0.63462,0.6396,0.6447,0.653,0.032282,0.00344,0.000244,0.02619,0.02978,0.032,0.03463,0.03911,0.893398,0.00986,0.000697,0.87284,0.88608,0.89405,0.89992,0.91062
30.0,0.337283,0.00872,0.00062,0.32216,0.33105,0.3373,0.3425,0.35519,0.028469,0.00322,0.000229,0.02267,0.02622,0.0282,0.0305,0.03501,0.634248,0.00785,0.000558,0.61705,0.6296,0.6341,0.639,0.64922,0.028469,0.00322,0.000229,0.02267,0.02622,0.0282,0.0305,0.03501,0.897052,0.00975,0.000693,0.87724,0.88993,0.89795,0.9033,0.91442,0.337235,0.0087,0.000615,0.32225,0.331,0.33715,0.3425,0.35513,0.028454,0.00321,0.000227,0.02269,0.0262,0.0282,0.0305,0.035,0.63431,0.00784,0.000554,0.61708,0.6296,0.63415,0.63905,0.6492,0.028454,0.00321,0.000227,0.02269,0.0262,0.0282,0.0305,0.035,0.897182,0.0098,0.000693,0.87742,0.88998,0.8981,0.90342,0.9144
31.0,0.346528,0.0086,0.000611,0.33146,0.34062,0.34645,0.3517,0.3639,0.025173,0.00302,0.000215,0.01929,0.0231,0.025,0.0269,0.03114,0.628298,0.00769,0.000546,0.6107,0.62373,0.62815,0.6331,0.64136,0.025173,0.00302,0.000215,0.01929,0.0231,0.025,0.0269,0.03114,0.900511,0.00964,0.000685,0.88165,0.89358,0.9013,0.90688,0.9171,0.346482,0.00858,0.000607,0.33156,0.34052,0.34645,0.3517,0.3639,0.02516,0.00301,0.000213,0.0193,0.0231,0.025,0.0269,0.03111,0.628358,0.00768,0.000543,0.6107,0.62378,0.62835,0.63312,0.64132,0.02516,0.00301,0.000213,0.0193,0.0231,0.025,0.0269,0.03111,0.90064,0.00968,0.000685,0.88188,0.89372,0.90135,0.907,0.91704
32.0,0.35578,0.00866,0.000616,0.34024,0.3498,0.35585,0.3611,0.37404,0.022415,0.00288,0.000205,0.01699,0.0206,0.0222,0.0242,0.0288,0.621805,0.00779,0.000554,0.60508,0.61712,0.6221,0.62665,0.63544,0.022415,0.00288,0.000205,0.01699,0.0206,0.0222,0.0242,0.0288,0.903619,0.00957,0.00068,0.88437,0.89648,0.9046,0.90995,0.92023,0.355739,0.00864,0.000611,0.34028,0.34977,0.35585,0.3611,0.37401,0.02241,0.00287,0.000203,0.017,0.0206,0.0222,0.0242,0.0288,0.621851,0.00777,0.00055,0.60516,0.61718,0.62215,0.62672,0.63541,0.02241,0.00287,0.000203,0.017,0.0206,0.0222,0.0242,0.0288,0.903745,0.00961,0.00068,0.88452,0.89662,0.9047,0.91013,0.92021
33.0,0.365312,0.00857,0.000609,0.35064,0.35922,0.36525,0.3702,0.38404,0.019979,0.00268,0.000191,0.01518,0.0181,0.0198,0.0216,0.0259,0.614709,0.00765,0.000544,0.59788,0.6105,0.61515,0.61908,0.62887,0.019979,0.00268,0.000191,0.01518,0.0181,0.0198,0.0216,0.0259,0.906506,0.00955,0.000679,0.8871,0.89962,0.9073,0.91278,0.92342,0.365275,0.00854,0.000604,0.35068,0.3592,0.36515,0.3702,0.38401,0.019965,0.00268,0.000189,0.01519,0.0181,0.0198,0.0216,0.0259,0.61476,0.00764,0.00054,0.59789,0.6105,0.6152,0.6191,0.62882,0.019965,0.00268,0.000189,0.01519,0.0181,0.0198,0.0216,0.0259,0.906624,0.00958,0.000678,0.88723,0.89968,0.9074,0.91282,0.9234
34.0,0.374778,0.00863,0.000613,0.35937,0.36882,0.37535,0.38052,0.39258,0.017901,0.00262,0.000187,0.0131,0.0162,0.0177,0.01967,0.02381,0.607321,0.00771,0.000548,0.59078,0.60228,0.60735,0.61258,0.62067,0.017901,0.00262,0.000187,0.0131,0.0162,0.0177,0.01967,0.02381,0.909219,0.00962,0.000683,0.88997,0.90252,0.9099,0.91538,0.92626,0.374741,0.00861,0.000609,0.35939,0.36878,0.37535,0.38038,0.39253,0.01789,0.00261,0.000185,0.0131,0.0162,0.01765,0.01962,0.0238,0.607369,0.0077,0.000544,0.59079,0.60242,0.6074,0.6126,0.62056,0.01789,0.00261,0.000185,0.0131,0.0162,0.01765,0.01962,0.0238,0.909334,0.00964,0.000682,0.89012,0.90257,0.91,0.91558,0.92622
35.0,0.384551,0.00879,0.000625,0.36845,0.37882,0.38505,0.39,0.40285,0.016156,0.00247,0.000175,0.0113,0.0145,0.01585,0.01768,0.02162,0.599293,0.00788,0.00056,0.58258,0.59412,0.5993,0.6048,0.6134,0.016156,0.00247,0.000175,0.0113,0.0145,0.01585,0.01768,0.02162,0.911648,0.00967,0.000687,0.89335,0.9049,0.91245,0.91757,0.92896,0.384529,0.00876,0.000619,0.36855,0.37878,0.38505,0.39,0.40282,0.016138,0.00246,0.000174,0.0113,0.0145,0.0158,0.01763,0.02161,0.599333,0.00787,0.000556,0.5826,0.59418,0.5993,0.6048,0.61333,0.016138,0.00246,0.000174,0.0113,0.0145,0.0158,0.01763,0.02161,0.911759,0.00969,0.000686,0.89358,0.9049,0.91255,0.91765,0.92892
36.0,0.394254,0.00872,0.00062,0.37715,0.38872,0.39445,0.40007,0.41203,0.014598,0.00232,0.000165,0.01069,0.0129,0.0144,0.016,0.01954,0.591147,0.00778,0.000553,0.57464,0.5858,0.59125,0.5964,0.60473,0.014598,0.00232,0.000165,0.01069,0.0129,0.0144,0.016,0.01954,0.913962,0.00973,0.000692,0.89572,0.90698,0.9148,0.9199,0.9313,0.394244,0.00869,0.000614,0.37718,0.38878,0.39445,0.40003,0.41201,0.014576,0.00232,0.000164,0.0107,0.0129,0.0144,0.016,0.01952,0.59118,0.00776,0.000548,0.57468,0.5858,0.59125,0.59642,0.60458,0.014576,0.00232,0.000164,0.0107,0.0129,0.0144,0.016,0.01952,0.914069,0.00975,0.000689,0.89597,0.90712,0.915,0.92022,0.93123
37.0,0.403773,0.00883,0.000627,0.38601,0.39822,0.4043,0.40915,0.42193,0.013199,0.00217,0.000154,0.00985,0.0116,0.0131,0.01468,0.01792,0.583027,0.00789,0.000561,0.56587,0.57743,0.5832,0.5882,0.59656,0.013199,0.00217,0.000154,0.00985,0.0116,0.0131,0.01468,0.01792,0.916114,0.00991,0.000704,0.89719,0.90877,0.91685,0.92238,0.93378,0.403769,0.00879,0.000622,0.38607,0.39828,0.4043,0.40905,0.42191,0.013176,0.00217,0.000154,0.00988,0.0116,0.01305,0.01462,0.01791,0.583056,0.00787,0.000556,0.56589,0.57747,0.5832,0.58825,0.59639,0.013176,0.00217,0.000154,0.00988,0.0116,0.01305,0.01462,0.01791,0.916214,0.00992,0.000702,0.8974,0.90893,0.91705,0.92252,0.93372
38.0,0.413312,0.00882,0.000627,0.39588,0.40685,0.4138,0.41858,0.43116,0.012107,0.00206,0.000146,0.00849,0.01052,0.0119,0.0135,0.0163,0.574581,0.00789,0.000561,0.55802,0.56932,0.5747,0.57977,0.58841,0.012107,0.00206,0.000146,0.00849,0.01052,0.0119,0.0135,0.0163,0.918159,0.01001,0.000712,0.89834,0.911,0.9188,0.92515,0.93652,0.413314,0.0088,0.000622,0.39589,0.40695,0.4138,0.41882,0.43112,0.012071,0.00208,0.000147,0.0083,0.0105,0.0119,0.0135,0.0163,0.574614,0.00788,0.000557,0.55808,0.56938,0.5747,0.5798,0.5884,0.012071,0.00208,0.000147,0.0083,0.0105,0.0119,0.0135,0.0163,0.918249,0.01001,0.000708,0.89852,0.911,0.919,0.9252,0.9365
39.0,0.422711,0.00884,0.000628,0.40606,0.41625,0.42275,0.42838,0.44034,0.011128,0.00198,0.000141,0.00729,0.0097,0.011,0.0126,0.01482,0.566161,0.00796,0.000566,0.55059,0.56115,0.5662,0.5717,0.581,0.011128,0.00198,0.000141,0.00729,0.0097,0.011,0.0126,0.01482,0.920122,0.01012,0.000719,0.89981,0.91305,0.9207,0.92708,0.93808,0.422712,0.00882,0.000623,0.40609,0.41627,0.42275,0.42845,0.44031,0.011097,0.002,0.000141,0.0073,0.0096,0.011,0.0126,0.01481,0.566192,0.00795,0.000562,0.5506,0.56125,0.5662,0.5717,0.58094,0.011097,0.002,0.000141,0.0073,0.0096,0.011,0.0126,0.01481,0.920204,0.01011,0.000715,0.89994,0.91315,0.9208,0.92712,0.93803
40.0,0.432076,0.00892,0.000634,0.41519,0.4257,0.43185,0.4381,0.44972,0.010268,0.00199,0.000141,0.0067,0.0089,0.0102,0.0117,0.01431,0.557656,0.00803,0.00057,0.54179,0.5521,0.5578,0.56328,0.57281,0.010268,0.00199,0.000141,0.0067,0.0089,0.0102,0.0117,0.01431,0.921938,0.01028,0.000731,0.90104,0.91465,0.9218,0.92938,0.94072,0.432088,0.0089,0.000629,0.4152,0.4257,0.43185,0.43812,0.4497,0.010236,0.00201,0.000142,0.0067,0.00888,0.01015,0.0117,0.0143,0.557676,0.00801,0.000566,0.5418,0.5521,0.5578,0.56333,0.5728,0.010236,0.00201,0.000142,0.0067,0.00888,0.01015,0.0117,0.0143,0.922012,0.01027,0.000726,0.90115,0.91475,0.92205,0.9294,0.94071
41.0,0.441459,0.00904,0.000642,0.42488,0.4351,0.44125,0.44785,0.4584,0.009524,0.00191,0.000136,0.00639,0.0081,0.0094,0.01078,0.01321,0.549017,0.00816,0.00058,0.53359,0.54338,0.5494,0.55448,0.56433,0.009524,0.00191,0.000136,0.00639,0.0081,0.0094,0.01078,0.01321,0.923656,0.01037,0.000737,0.90323,0.91625,0.92375,0.93095,0.94242,0.44148,0.00902,0.000638,0.42489,0.4351,0.44125,0.4479,0.45833,0.0095,0.00192,0.000136,0.0063,0.00807,0.00935,0.01072,0.01321,0.549021,0.00814,0.000576,0.5336,0.54352,0.5494,0.5545,0.56431,0.0095,0.00192,0.000136,0.0063,0.00807,0.00935,0.01072,0.01321,0.923725,0.01035,0.000732,0.90334,0.91655,0.9239,0.93102,0.94241
42.0,0.450671,0.00912,0.000648,0.43359,0.4442,0.451,0.45705,0.4688,0.00887,0.0019,0.000135,0.00569,0.0074,0.00875,0.01008,0.01281,0.540459,0.00827,0.000588,0.52469,0.53472,0.54075,0.54608,0.55712,0.00887,0.0019,0.000135,0.00569,0.0074,0.00875,0.01008,0.01281,0.92532,0.01054,0.000749,0.90512,0.91813,0.92575,0.93262,0.94442,0.450703,0.00911,0.000644,0.43366,0.4442,0.451,0.45715,0.4688,0.008844,0.00191,0.000135,0.0055,0.00738,0.0087,0.01002,0.0128,0.540453,0.00825,0.000584,0.5247,0.53468,0.54075,0.54612,0.55711,0.008844,0.00191,0.000135,0.0055,0.00738,0.0087,0.01002,0.0128,0.925381,0.01052,0.000744,0.90524,0.91818,0.92585,0.93275,0.94441
43.0,0.459771,0.00902,0.000641,0.44236,0.45342,0.46005,0.46638,0.47762,0.008379,0.00192,0.000137,0.00509,0.00692,0.0082,0.0097,0.01211,0.531851,0.00817,0.000581,0.51637,0.52635,0.53235,0.53738,0.54762,0.008379,0.00192,0.000137,0.00509,0.00692,0.0082,0.0097,0.01211,0.926946,0.01067,0.000758,0.90683,0.91985,0.92745,0.93428,0.94632,0.459808,0.00901,0.000637,0.44239,0.45348,0.46005,0.4664,0.47761,0.008352,0.00193,0.000137,0.005,0.0069,0.0082,0.0097,0.0121,0.531841,0.00815,0.000576,0.51639,0.52628,0.53235,0.53732,0.54761,0.008352,0.00193,0.000137,0.005,0.0069,0.0082,0.0097,0.0121,0.927002,0.01064,0.000752,0.90694,0.91995,0.92745,0.9343,0.9463
44.0,0.468584,0.00905,0.000643,0.45197,0.46232,0.4682,0.4749,0.48614,0.007993,0.00188,0.000133,0.00489,0.0065,0.0078,0.0095,0.01154,0.523423,0.00832,0.000591,0.50728,0.51792,0.52385,0.5295,0.53934,0.007993,0.00188,0.000133,0.00489,0.0065,0.0078,0.0095,0.01154,0.928549,0.01077,0.000766,0.90814,0.92122,0.9292,0.93618,0.94782,0.468621,0.00904,0.000639,0.45199,0.46238,0.4682,0.47493,0.48611,0.007964,0.00189,0.000134,0.0047,0.0064,0.0078,0.0095,0.01151,0.523414,0.0083,0.000587,0.5073,0.51788,0.52385,0.5295,0.53932,0.007964,0.00189,0.000134,0.0047,0.0064,0.0078,0.0095,0.01151,0.928597,0.01074,0.00076,0.90818,0.92128,0.9292,0.9363,0.9478
45.0,0.477528,0.0091,0.000647,0.46049,0.47112,0.47755,0.484,0.49554,0.007585,0.00187,0.000133,0.0044,0.0062,0.0076,0.0088,0.0116,0.514887,0.00832,0.000591,0.49873,0.50895,0.51525,0.52065,0.5305,0.007585,0.00187,0.000133,0.0044,0.0062,0.0076,0.0088,0.0116,0.930092,0.01089,0.000774,0.90969,0.92272,0.9307,0.93738,0.94982,0.47757,0.0091,0.000643,0.4605,0.47118,0.47755,0.48405,0.49552,0.007554,0.00189,0.000133,0.0044,0.00618,0.0076,0.0088,0.0116,0.514876,0.00831,0.000587,0.49878,0.5089,0.51525,0.52055,0.5305,0.007554,0.00189,0.000133,0.0044,0.00618,0.0076,0.0088,0.0116,0.930133,0.01086,0.000768,0.9097,0.92277,0.9307,0.93745,0.9498
46.0,0.486319,0.00919,0.000653,0.46849,0.47982,0.486,0.4927,0.50425,0.007213,0.00193,0.000137,0.00408,0.0059,0.0071,0.0084,0.0114,0.506468,0.00839,0.000596,0.48998,0.5004,0.507,0.5124,0.52252,0.007213,0.00193,0.000137,0.00408,0.0059,0.0071,0.0084,0.0114,0.931576,0.01107,0.000786,0.91123,0.92392,0.9323,0.93928,0.95203,0.486367,0.00919,0.00065,0.4685,0.47988,0.486,0.49272,0.50422,0.007181,0.00195,0.000138,0.0038,0.00588,0.0071,0.0084,0.0114,0.506452,0.00838,0.000592,0.49,0.5003,0.507,0.5124,0.52251,0.007181,0.00195,0.000138,0.0038,0.00588,0.0071,0.0084,0.0114,0.931607,0.01103,0.00078,0.91128,0.92398,0.9323,0.93932,0.95201
47.0,0.494854,0.00921,0.000654,0.47788,0.4884,0.49495,0.50115,0.51322,0.006968,0.00197,0.00014,0.00358,0.00552,0.00685,0.00818,0.01122,0.498178,0.00834,0.000593,0.48179,0.49225,0.4983,0.50418,0.51364,0.006968,0.00197,0.00014,0.00358,0.00552,0.00685,0.00818,0.01122,0.933084,0.0112,0.000796,0.91193,0.9255,0.93375,0.94115,0.95375,0.494909,0.00921,0.000651,0.4779,0.4884,0.49495,0.5012,0.5132,0.006934,0.00199,0.000141,0.0034,0.0055,0.0068,0.00812,0.01121,0.498157,0.00833,0.000589,0.4818,0.4922,0.4983,0.50412,0.51361,0.006934,0.00199,0.000141,0.0034,0.0055,0.0068,0.00812,0.01121,0.933106,0.01116,0.000789,0.91198,0.9257,0.93375,0.94105,0.95372
48.0,0.503299,0.00928,0.000659,0.48708,0.4968,0.5038,0.50968,0.52154,0.006787,0.00205,0.000145,0.0033,0.0053,0.0066,0.008,0.01121,0.489914,0.00845,0.0006,0.47308,0.48362,0.4901,0.4959,0.50531,0.006787,0.00205,0.000145,0.0033,0.0053,0.0066,0.008,0.01121,0.934572,0.01135,0.000807,0.91307,0.9269,0.93525,0.94245,0.95594,0.503376,0.00929,0.000657,0.4871,0.4968,0.5039,0.50972,0.52151,0.006746,0.00208,0.000147,0.0032,0.0052,0.0066,0.008,0.0112,0.489878,0.00844,0.000597,0.4731,0.48358,0.4901,0.4959,0.5053,0.006746,0.00208,0.000147,0.0032,0.0052,0.0066,0.008,0.0112,0.934582,0.01131,0.0008,0.91309,0.9269,0.93525,0.94235,0.95592
49.0,0.511585,0.00941,0.000669,0.49516,0.50503,0.51165,0.51745,0.53033,0.006614,0.00216,0.000153,0.00319,0.0049,0.00635,0.00788,0.01111,0.481801,0.00847,0.000602,0.46459,0.47622,0.4817,0.48755,0.49654,0.006614,0.00216,0.000153,0.00319,0.0049,0.00635,0.00788,0.01111,0.936057,0.01157,0.000822,0.91488,0.92792,0.9366,0.94433,0.95712,0.511669,0.00943,0.000667,0.49519,0.50507,0.51185,0.5175,0.53031,0.006572,0.00219,0.000155,0.00299,0.0049,0.0063,0.00782,0.0111,0.481759,0.00847,0.000599,0.4646,0.47618,0.4817,0.48745,0.49652,0.006572,0.00219,0.000155,0.00299,0.0049,0.0063,0.00782,0.0111,0.936056,0.01153,0.000815,0.91496,0.92798,0.9366,0.94418,0.95711
50.0,0.519734,0.00969,0.000689,0.50186,0.51255,0.51985,0.5257,0.53931,0.006468,0.00223,0.000158,0.00289,0.0049,0.0063,0.00798,0.01115,0.473798,0.00863,0.000613,0.45732,0.4683,0.4741,0.4795,0.48923,0.006468,0.00223,0.000158,0.00289,0.0049,0.0063,0.00798,0.01115,0.937556,0.01179,0.000838,0.9167,0.9293,0.93785,0.94585,0.95922,0.51982,0.00971,0.000687,0.50189,0.51265,0.51995,0.5258,0.5393,0.006424,0.00226,0.00016,0.00279,0.0049,0.00625,0.00793,0.01112,0.473756,0.00863,0.00061,0.45738,0.46828,0.4741,0.4795,0.48921,0.006424,0.00226,0.00016,0.00279,0.0049,0.00625,0.00793,0.01112,0.937545,0.01174,0.00083,0.91684,0.9295,0.93785,0.94575,0.95921
51.0,0.527629,0.00973,0.000692,0.50896,0.52048,0.5277,0.5335,0.54771,0.006347,0.00219,0.000155,0.00248,0.0047,0.00615,0.0077,0.0109,0.466024,0.00872,0.00062,0.44888,0.4605,0.4661,0.47235,0.48154,0.006347,0.00219,0.000155,0.00248,0.0047,0.00615,0.0077,0.0109,0.939061,0.01195,0.000849,0.9178,0.93142,0.9391,0.94715,0.96135,0.527728,0.00975,0.000689,0.50898,0.52062,0.528,0.5335,0.5477,0.0063,0.00222,0.000157,0.0023,0.0047,0.0061,0.0077,0.0109,0.465971,0.00871,0.000616,0.4489,0.46042,0.466,0.47225,0.48151,0.0063,0.00222,0.000157,0.0023,0.0047,0.0061,0.0077,0.0109,0.939037,0.0119,0.000842,0.91793,0.93148,0.9391,0.94705,0.96132
52.0,0.535223,0.00958,0.000681,0.51658,0.52767,0.53565,0.54142,0.55501,0.006342,0.00225,0.00016,0.0023,0.0048,0.00605,0.0077,0.01177,0.458434,0.00856,0.000608,0.44188,0.45282,0.45865,0.46458,0.47376,0.006342,0.00225,0.00016,0.0023,0.0048,0.00605,0.0077,0.01177,0.940665,0.01211,0.00086,0.91849,0.9326,0.9407,0.94862,0.96367,0.535335,0.00962,0.00068,0.51659,0.52782,0.5358,0.54152,0.555,0.006296,0.00229,0.000162,0.0021,0.0047,0.006,0.0077,0.01172,0.45837,0.00856,0.000606,0.44189,0.4528,0.4586,0.46452,0.47372,0.006296,0.00229,0.000162,0.0021,0.0047,0.006,0.0077,0.01172,0.940629,0.01206,0.000853,0.91856,0.93252,0.9407,0.94808,0.96362
53.0,0.542784,0.00969,0.000689,0.52448,0.5359,0.5435,0.54858,0.56231,0.006368,0.00231,0.000164,0.0025,0.00462,0.0063,0.0077,0.01154,0.450848,0.00862,0.000613,0.43433,0.44512,0.45095,0.4568,0.46741,0.006368,0.00231,0.000164,0.0025,0.00462,0.0063,0.0077,0.01154,0.942267,0.01232,0.000876,0.91924,0.9348,0.9421,0.94995,0.96517,0.542909,0.00974,0.000688,0.52449,0.5359,0.54365,0.5489,0.5623,0.006321,0.00234,0.000166,0.0022,0.0046,0.00625,0.0077,0.01151,0.45077,0.00863,0.000611,0.43438,0.44502,0.4509,0.4568,0.4674,0.006321,0.00234,0.000166,0.0022,0.0046,0.00625,0.0077,0.01151,0.942219,0.01228,0.000868,0.91928,0.93475,0.9421,0.94985,0.96499
54.0,0.550066,0.00992,0.000705,0.52989,0.5434,0.5506,0.55562,0.57028,0.00642,0.00231,0.000164,0.00269,0.0048,0.00615,0.0078,0.01161,0.443514,0.00876,0.000623,0.42578,0.43822,0.44345,0.4493,0.46092,0.00642,0.00231,0.000164,0.00269,0.0048,0.00615,0.0078,0.01161,0.943927,0.0126,0.000895,0.91968,0.9359,0.94335,0.95178,0.96847,0.5502,0.00997,0.000705,0.5299,0.5434,0.5507,0.55582,0.57023,0.006369,0.00235,0.000166,0.00259,0.0048,0.0061,0.0078,0.0116,0.443431,0.00877,0.00062,0.42579,0.43812,0.44335,0.4493,0.4609,0.006369,0.00235,0.000166,0.00259,0.0048,0.0061,0.0078,0.0116,0.943864,0.01256,0.000888,0.9197,0.93587,0.9433,0.95172,0.96836
55.0,0.55723,0.01021,0.000725,0.53636,0.55012,0.5583,0.56323,0.57804,0.006518,0.00244,0.000173,0.00269,0.00482,0.0062,0.0081,0.01223,0.436253,0.00895,0.000636,0.41864,0.43092,0.43615,0.4421,0.45323,0.006518,0.00244,0.000173,0.00269,0.00482,0.0062,0.0081,0.01223,0.945661,0.01292,0.000919,0.92066,0.9376,0.94535,0.954,0.97218,0.55736,0.01025,0.000725,0.53638,0.55018,0.5583,0.56355,0.57801,0.006463,0.00248,0.000176,0.00238,0.0048,0.00615,0.0081,0.01221,0.436176,0.00895,0.000633,0.41868,0.43078,0.43605,0.4421,0.45314,0.006463,0.00248,0.000176,0.00238,0.0048,0.00615,0.0081,0.01221,0.945583,0.01289,0.000912,0.92069,0.93752,0.945,0.954,0.97213
56.0,0.564068,0.01033,0.000734,0.54239,0.55703,0.56475,0.57005,0.58531,0.006615,0.00246,0.000175,0.00259,0.0049,0.00625,0.00818,0.01211,0.429317,0.00898,0.000639,0.41173,0.4235,0.4287,0.43548,0.44663,0.006615,0.00246,0.000175,0.00259,0.0049,0.00625,0.00818,0.01211,0.947383,0.01324,0.000941,0.92125,0.93898,0.94685,0.95538,0.97487,0.564216,0.0104,0.000735,0.54246,0.55708,0.56485,0.57012,0.5853,0.006558,0.00251,0.000178,0.00239,0.0049,0.0062,0.00812,0.01211,0.429226,0.009,0.000637,0.41178,0.4235,0.42865,0.43542,0.44654,0.006558,0.00251,0.000178,0.00239,0.0049,0.0062,0.00812,0.01211,0.947289,0.01322,0.000935,0.92128,0.93888,0.9468,0.95532,0.97482
57.0,0.570761,0.01055,0.00075,0.5496,0.56347,0.5713,0.57702,0.59121,0.006801,0.00261,0.000185,0.00259,0.0051,0.00645,0.00818,0.01243,0.422438,0.00912,0.000648,0.40465,0.4164,0.4218,0.4286,0.44062,0.006801,0.00261,0.000185,0.00259,0.0051,0.00645,0.00818,0.01243,0.949238,0.01359,0.000966,0.92266,0.94058,0.9485,0.9569,0.97822,0.570912,0.01062,0.000751,0.54974,0.56363,0.5713,0.57757,0.59143,0.006742,0.00266,0.000188,0.00238,0.0051,0.00635,0.00812,0.01241,0.422346,0.00913,0.000646,0.40468,0.41638,0.42175,0.4286,0.4406,0.006742,0.00266,0.000188,0.00238,0.0051,0.00635,0.00812,0.01241,0.949128,0.01358,0.00096,0.92275,0.9405,0.94845,0.9569,0.97821
58.0,0.577117,0.01081,0.000769,0.55467,0.56932,0.57755,0.58383,0.59862,0.007003,0.00274,0.000195,0.00257,0.0052,0.0066,0.00848,0.01281,0.41588,0.00928,0.00066,0.39766,0.41005,0.4155,0.42237,0.43464,0.007003,0.00274,0.000195,0.00257,0.0052,0.0066,0.00848,0.01281,0.951162,0.01396,0.000992,0.92375,0.9422,0.95055,0.95885,0.98082,0.577286,0.01091,0.000771,0.55469,0.56938,0.5777,0.5841,0.59883,0.006942,0.00279,0.000197,0.0021,0.0051,0.0066,0.00842,0.0128,0.415772,0.00932,0.000659,0.39768,0.40985,0.4154,0.42233,0.43461,0.006942,0.00279,0.000197,0.0021,0.0051,0.0066,0.00842,0.0128,0.951036,0.01395,0.000986,0.92385,0.94195,0.95045,0.95855,0.9808
59.0,0.583308,0.0113,0.000803,0.55997,0.5754,0.58325,0.591,0.6055,0.007242,0.00298,0.000211,0.00259,0.0052,0.0068,0.00885,0.01335,0.40945,0.0095,0.000675,0.39107,0.40365,0.40925,0.41627,0.4278,0.007242,0.00298,0.000211,0.00259,0.0052,0.0068,0.00885,0.01335,0.953217,0.01443,0.001025,0.92448,0.94372,0.953,0.9617,0.98281,0.583491,0.0114,0.000806,0.56006,0.5754,0.58355,0.59115,0.60553,0.007178,0.00303,0.000214,0.00229,0.00518,0.0068,0.00875,0.01332,0.409331,0.00954,0.000675,0.39109,0.40345,0.40915,0.41623,0.42773,0.007178,0.00303,0.000214,0.00229,0.00518,0.0068,0.00875,0.01332,0.95307,0.01444,0.001021,0.92456,0.9437,0.95275,0.9617,0.98274
60.0,0.58931,0.01176,0.000836,0.56426,0.5812,0.5894,0.5974,0.61137,0.007586,0.0031,0.000221,0.00259,0.0055,0.00715,0.00927,0.01402,0.403104,0.00982,0.000698,0.38465,0.3967,0.403,0.40988,0.42265,0.007586,0.0031,0.000221,0.00259,0.0055,0.00715,0.00927,0.01402,0.955421,0.01495,0.001062,0.92555,0.9463,0.95505,0.96372,0.98547,0.589512,0.01188,0.00084,0.56429,0.5812,0.58955,0.5975,0.61221,0.007517,0.00316,0.000224,0.00219,0.0055,0.0071,0.00922,0.01401,0.402971,0.00986,0.000698,0.38468,0.39618,0.403,0.40982,0.42262,0.007517,0.00316,0.000224,0.00219,0.0055,0.0071,0.00922,0.01401,0.955254,0.01497,0.001059,0.92558,0.9453,0.955,0.96358,0.98536
61.0,0.594896,0.01224,0.00087,0.57031,0.58662,0.5948,0.60285,0.61821,0.007914,0.00318,0.000226,0.0026,0.00582,0.0075,0.0097,0.01482,0.39719,0.01014,0.000721,0.37821,0.39065,0.39715,0.4043,0.41763,0.007914,0.00318,0.000226,0.0026,0.00582,0.0075,0.0097,0.01482,0.957698,0.01553,0.001104,0.92638,0.94802,0.9582,0.96717,0.98809,0.59511,0.01237,0.000875,0.57044,0.58668,0.595,0.60315,0.61832,0.007839,0.00325,0.000229,0.00249,0.0058,0.0075,0.0097,0.01481,0.397051,0.01019,0.000721,0.37827,0.3905,0.3971,0.4043,0.41761,0.007839,0.00325,0.000229,0.00249,0.0058,0.0075,0.0097,0.01481,0.95751,0.01557,0.001101,0.92639,0.9473,0.95785,0.96712,0.98796
62.0,0.600448,0.01265,0.000899,0.57673,0.5922,0.60045,0.60895,0.62445,0.008254,0.0034,0.000242,0.00269,0.00592,0.00775,0.01008,0.01625,0.391297,0.01035,0.000736,0.37189,0.38482,0.39165,0.3984,0.4125,0.008254,0.0034,0.000242,0.00269,0.00592,0.00775,0.01008,0.01625,0.960092,0.01615,0.001148,0.92803,0.94958,0.9605,0.97002,0.99108,0.600688,0.01282,0.000906,0.57691,0.5924,0.60055,0.60905,0.6251,0.008176,0.00347,0.000246,0.00249,0.0059,0.0077,0.01002,0.01622,0.391135,0.01044,0.000738,0.37176,0.38468,0.3916,0.3982,0.4125,0.008176,0.00347,0.000246,0.00249,0.0059,0.0077,0.01002,0.01622,0.959882,0.01621,0.001146,0.92808,0.94923,0.9604,0.96988,0.99089
63.0,0.605508,0.01318,0.000936,0.58055,0.59682,0.6055,0.61397,0.63,0.00869,0.0036,0.000256,0.00269,0.0063,0.00825,0.0109,0.01684,0.385802,0.01067,0.000758,0.3659,0.37875,0.38595,0.39318,0.40794,0.00869,0.0036,0.000256,0.00269,0.0063,0.00825,0.0109,0.01684,0.962699,0.01682,0.001195,0.92895,0.9519,0.96315,0.97358,0.99506,0.605769,0.01338,0.000946,0.58078,0.59688,0.60565,0.61412,0.63001,0.008607,0.00368,0.00026,0.00239,0.0062,0.0082,0.0109,0.01681,0.385624,0.01077,0.000762,0.3659,0.37868,0.3856,0.39312,0.40791,0.008607,0.00368,0.00026,0.00239,0.0062,0.0082,0.0109,0.01681,0.962463,0.01691,0.001195,0.92898,0.9512,0.96295,0.97352,0.99489
64.0,0.610379,0.01383,0.000983,0.58368,0.6007,0.60985,0.61922,0.63504,0.009157,0.00379,0.000269,0.00309,0.0064,0.0086,0.01178,0.01672,0.380464,0.01114,0.000792,0.36019,0.37362,0.381,0.38838,0.40422,0.009157,0.00379,0.000269,0.00309,0.0064,0.0086,0.01178,0.01672,0.965457,0.01757,0.001248,0.92996,0.9535,0.9663,0.9768,0.99977,0.61066,0.01405,0.000994,0.58383,0.6007,0.61015,0.61953,0.6368,0.009069,0.00387,0.000274,0.00299,0.00638,0.0086,0.01172,0.01671,0.380271,0.01126,0.000796,0.36007,0.37338,0.38095,0.38832,0.4042,0.009069,0.00387,0.000274,0.00299,0.00638,0.0086,0.01172,0.01671,0.965194,0.01768,0.00125,0.92999,0.9532,0.96565,0.9768,0.99972
65.0,0.615101,0.01443,0.001026,0.5857,0.60522,0.61515,0.62385,0.64254,0.009748,0.00398,0.000283,0.00308,0.007,0.00915,0.01243,0.01743,0.375151,0.01155,0.000821,0.35388,0.36822,0.37585,0.383,0.39742,0.009748,0.00398,0.000283,0.00308,0.007,0.00915,0.01243,0.01743,0.968385,0.01836,0.001305,0.93094,0.956,0.96805,0.9805,1.00397,0.615417,0.01471,0.00104,0.58577,0.60528,0.61545,0.6246,0.64311,0.009655,0.00407,0.000287,0.0029,0.0069,0.00905,0.01228,0.01734,0.374928,0.01172,0.000829,0.3536,0.3682,0.37575,0.3828,0.39721,0.009655,0.00407,0.000287,0.0029,0.0069,0.00905,0.01228,0.01734,0.968094,0.01851,0.001309,0.93098,0.95582,0.96785,0.9805,1.00392
66.0,0.619255,0.01522,0.001082,0.5884,0.60963,0.61885,0.62868,0.64854,0.010441,0.00431,0.000306,0.003,0.00742,0.0101,0.01327,0.01954,0.370305,0.01201,0.000854,0.34864,0.363,0.3708,0.37822,0.39261,0.010441,0.00431,0.000306,0.003,0.00742,0.0101,0.01327,0.01954,0.971615,0.01932,0.001373,0.93202,0.9585,0.97145,0.9851,1.00939,0.619588,0.01551,0.001097,0.58846,0.60968,0.6193,0.62882,0.65033,0.010339,0.0044,0.000311,0.0029,0.00738,0.01005,0.01322,0.01951,0.370073,0.01218,0.000861,0.34666,0.36275,0.3708,0.37808,0.3924,0.010339,0.0044,0.000311,0.0029,0.00738,0.01005,0.01322,0.01951,0.971292,0.0195,0.001379,0.93207,0.9582,0.9711,0.9851,1.00933
67.0,0.622968,0.01622,0.001153,0.59078,0.61258,0.62345,0.633,0.65459,0.011283,0.00472,0.000336,0.00348,0.0078,0.01085,0.01438,0.02152,0.365749,0.01266,0.0009,0.34249,0.35822,0.36595,0.374,0.39068,0.011283,0.00472,0.000336,0.00348,0.0078,0.01085,0.01438,0.02152,0.975146,0.02036,0.001447,0.93302,0.96152,0.97515,0.98908,1.01566,0.623325,0.01653,0.001169,0.59093,0.61292,0.62435,0.63302,0.65602,0.011173,0.00482,0.000341,0.00269,0.0077,0.0108,0.01432,0.02144,0.365501,0.01284,0.000908,0.34106,0.35805,0.3657,0.374,0.3905,0.011173,0.00482,0.000341,0.00269,0.0077,0.0108,0.01432,0.02144,0.974788,0.02058,0.001455,0.93308,0.96148,0.97485,0.98882,1.01562
68.0,0.626458,0.01714,0.001218,0.59192,0.61562,0.6267,0.63585,0.66132,0.01217,0.00506,0.00036,0.00328,0.0084,0.0117,0.01548,0.02339,0.361372,0.01324,0.000941,0.33643,0.3539,0.362,0.3703,0.38786,0.01217,0.00506,0.00036,0.00328,0.0084,0.0117,0.01548,0.02339,0.978997,0.02145,0.001525,0.93532,0.96495,0.97915,0.99422,1.02094,0.626851,0.0175,0.001238,0.59197,0.61568,0.62705,0.63613,0.663,0.012054,0.00517,0.000365,0.00278,0.00838,0.0117,0.01543,0.02333,0.361096,0.01346,0.000952,0.33554,0.35367,0.36185,0.3703,0.38782,0.012054,0.00517,0.000365,0.00278,0.00838,0.0117,0.01543,0.02333,0.978604,0.02171,0.001535,0.93476,0.96458,0.979,0.99388,1.02085
69.0,0.629416,0.01835,0.001304,0.59037,0.61852,0.63005,0.64017,0.66588,0.013105,0.00544,0.000387,0.00355,0.00872,0.01305,0.0171,0.02516,0.357479,0.01407,0.001,0.33096,0.34942,0.3578,0.3662,0.385,0.013105,0.00544,0.000387,0.00355,0.00872,0.01305,0.0171,0.02516,0.983156,0.02277,0.001618,0.93714,0.96892,0.98255,0.99862,1.02669,0.629842,0.01875,0.001326,0.59039,0.61858,0.6302,0.64075,0.66743,0.012978,0.00556,0.000393,0.0029,0.0086,0.0128,0.0171,0.02512,0.35718,0.01431,0.001012,0.33034,0.34928,0.35775,0.3662,0.38487,0.012978,0.00556,0.000393,0.0029,0.0086,0.0128,0.0171,0.02512,0.982722,0.02307,0.001631,0.93488,0.9674,0.98205,0.99828,1.02663
70.0,0.63211,0.01949,0.001385,0.59172,0.61928,0.63265,0.64407,0.67113,0.014076,0.00572,0.000407,0.00359,0.0095,0.0137,0.01808,0.02611,0.353814,0.0149,0.001059,0.32489,0.345,0.35365,0.36285,0.38304,0.014076,0.00572,0.000407,0.00359,0.0095,0.0137,0.01808,0.02611,0.987635,0.02406,0.00171,0.93928,0.97162,0.9866,1.0041,1.03352,0.63256,0.01991,0.001408,0.59177,0.61962,0.63275,0.64425,0.67301,0.01394,0.00585,0.000414,0.00338,0.00938,0.0137,0.01802,0.02604,0.3535,0.01516,0.001072,0.32466,0.34488,0.3534,0.36275,0.38282,0.01394,0.00585,0.000414,0.00338,0.00938,0.0137,0.01802,0.02604,0.987157,0.02442,0.001727,0.93773,0.9713,0.9865,1.0041,1.03351
71.0,0.634349,0.0208,0.001478,0.59171,0.62015,0.6352,0.64778,0.67668,0.015275,0.00621,0.000441,0.00418,0.01042,0.0149,0.0198,0.02799,0.350375,0.01573,0.001118,0.31918,0.34122,0.35075,0.36025,0.381,0.015275,0.00621,0.000441,0.00418,0.01042,0.0149,0.0198,0.02799,0.992518,0.02555,0.001816,0.94154,0.97622,0.9905,1.01095,1.04146,0.634837,0.02126,0.001503,0.59177,0.62025,0.6352,0.64813,0.67861,0.015125,0.00636,0.00045,0.00329,0.0103,0.0148,0.0198,0.02787,0.350037,0.01601,0.001132,0.31898,0.3408,0.3507,0.36015,0.3808,0.015125,0.00636,0.00045,0.00329,0.0103,0.0148,0.0198,0.02787,0.991991,0.02596,0.001836,0.9407,0.97585,0.99035,1.01065,1.04142
72.0,0.635997,0.02207,0.001568,0.59024,0.6215,0.63585,0.65045,0.68094,0.016524,0.00658,0.000468,0.00449,0.01132,0.0161,0.02115,0.03082,0.347479,0.01664,0.001183,0.3146,0.33782,0.3475,0.3579,0.38063,0.016524,0.00658,0.000468,0.00449,0.01132,0.0161,0.02115,0.03082,0.997759,0.02705,0.001922,0.94377,0.98005,0.9955,1.0168,1.04974,0.636534,0.02261,0.001598,0.59028,0.6215,0.63605,0.65152,0.68243,0.016362,0.00675,0.000477,0.0033,0.0112,0.01605,0.02105,0.03081,0.347105,0.01698,0.001201,0.31379,0.33765,0.34735,0.3579,0.38054,0.016362,0.00675,0.000477,0.0033,0.0112,0.01605,0.02105,0.03081,0.99718,0.02753,0.001947,0.94212,0.9795,0.99515,1.0166,1.04971
73.0,0.637181,0.02343,0.001665,0.58808,0.6216,0.636,0.65318,0.68531,0.017883,0.00698,0.000496,0.00577,0.01258,0.0175,0.02298,0.03136,0.344936,0.01759,0.00125,0.3099,0.33482,0.34455,0.3563,0.38096,0.017883,0.00698,0.000496,0.00577,0.01258,0.0175,0.02298,0.03136,1.00347,0.0287,0.00204,0.94498,0.98432,1.00175,1.02418,1.05781,0.637762,0.02403,0.001699,0.58809,0.6218,0.6362,0.65352,0.68742,0.017706,0.00717,0.000507,0.0037,0.0122,0.0175,0.02292,0.03132,0.344532,0.01796,0.00127,0.30817,0.33408,0.3445,0.3559,0.38092,0.017706,0.00717,0.000507,0.0037,0.0122,0.0175,0.02292,0.03132,1.002833,0.02926,0.002069,0.94462,0.9836,1.0017,1.02413,1.05774
74.0,0.637782,0.02495,0.001773,0.58853,0.62183,0.63525,0.65558,0.68967,0.019431,0.00742,0.000527,0.00576,0.01365,0.01895,0.02505,0.03323,0.342786,0.01862,0.001324,0.30435,0.33132,0.3423,0.3545,0.37994,0.019431,0.00742,0.000527,0.00576,0.01365,0.01895,0.02505,0.03323,1.009739,0.03052,0.002169,0.94677,0.98862,1.00765,1.03145,1.06727,0.638419,0.02563,0.001812,0.58865,0.62187,0.6356,0.65572,0.6918,0.019237,0.00763,0.00054,0.00479,0.01342,0.01885,0.02495,0.03321,0.342343,0.01905,0.001347,0.30329,0.3311,0.3423,0.3543,0.37992,0.019237,0.00763,0.00054,0.00479,0.01342,0.01885,0.02495,0.03321,1.00904,0.03117,0.002204,0.9447,0.98795,1.00745,1.03095,1.06722
75.0,0.637812,0.02663,0.001892,0.58753,0.62038,0.6369,0.65615,0.69174,0.021183,0.00799,0.000567,0.00665,0.01472,0.0209,0.02745,0.03501,0.341005,0.01977,0.001405,0.3,0.32758,0.3415,0.35365,0.37991,0.021183,0.00799,0.000567,0.00665,0.01472,0.0209,0.02745,0.03501,1.016546,0.03254,0.002312,0.94859,0.99402,1.01445,1.03858,1.07603,0.638518,0.02742,0.001939,0.58758,0.62113,0.63735,0.65672,0.69561,0.020972,0.00822,0.000581,0.00569,0.01462,0.0208,0.02735,0.035,0.34051,0.02028,0.001434,0.2988,0.3271,0.34125,0.35315,0.37984,0.020972,0.00822,0.000581,0.00569,0.01462,0.0208,0.02735,0.035,1.015779,0.03327,0.002353,0.94769,0.9939,1.01415,1.03852,1.07594
76.0,0.637137,0.02862,0.002034,0.58433,0.6183,0.63675,0.65725,0.69498,0.023118,0.0087,0.000618,0.00628,0.0162,0.02275,0.02998,0.03811,0.339745,0.02106,0.001497,0.29592,0.32562,0.3412,0.35288,0.38074,0.023118,0.0087,0.000618,0.00628,0.0162,0.02275,0.02998,0.03811,1.024017,0.03486,0.002478,0.95225,0.99958,1.0226,1.0479,1.08821,0.637916,0.02953,0.002088,0.58438,0.6183,0.6372,0.65815,0.69874,0.022887,0.00895,0.000633,0.00579,0.016,0.02265,0.02992,0.0381,0.339197,0.02166,0.001532,0.29496,0.3254,0.3409,0.35282,0.38064,0.022887,0.00895,0.000633,0.00579,0.016,0.02265,0.02992,0.0381,1.023175,0.03569,0.002524,0.95,0.99935,1.0219,1.0475,1.0882
77.0,0.635655,0.03057,0.002173,0.57997,0.61365,0.63505,0.6576,0.69761,0.025306,0.00931,0.000662,0.00909,0.018,0.0255,0.03278,0.04142,0.339039,0.02247,0.001597,0.29449,0.32418,0.34065,0.35325,0.38364,0.025306,0.00931,0.000662,0.00909,0.018,0.0255,0.03278,0.04142,1.032151,0.03711,0.002637,0.95536,1.00575,1.03045,1.05815,1.09944,0.636506,0.03158,0.002233,0.58012,0.61375,0.63535,0.6587,0.70031,0.025053,0.0096,0.000679,0.0063,0.0178,0.0253,0.03272,0.04141,0.338441,0.02315,0.001637,0.2904,0.32355,0.33995,0.35315,0.38361,0.025053,0.0096,0.000679,0.0063,0.0178,0.0253,0.03272,0.04141,1.031227,0.03806,0.002691,0.95347,1.00548,1.0304,1.05785,1.09934
78.0,0.633673,0.03247,0.002308,0.57758,0.6098,0.634,0.65818,0.7018,0.027483,0.00977,0.000695,0.00942,0.02012,0.02765,0.0353,0.04303,0.338843,0.02395,0.001702,0.29092,0.3226,0.33965,0.35438,0.38495,0.027483,0.00977,0.000695,0.00942,0.02012,0.02765,0.0353,0.04303,1.040981,0.03941,0.002801,0.95726,1.013,1.04185,1.06832,1.11092,0.634601,0.03361,0.002377,0.57786,0.6102,0.63425,0.65948,0.70323,0.027208,0.0101,0.000714,0.00749,0.01988,0.0276,0.0353,0.04301,0.338191,0.0247,0.001747,0.28834,0.32218,0.3395,0.35432,0.38492,0.027208,0.0101,0.000714,0.00749,0.01988,0.0276,0.0353,0.04301,1.039969,0.04049,0.002863,0.95636,1.01182,1.0412,1.06798,1.11084
79.0,0.630811,0.03456,0.002456,0.5729,0.60467,0.63055,0.65705,0.70408,0.029955,0.01032,0.000733,0.01025,0.02235,0.0306,0.03847,0.04563,0.339234,0.02553,0.001814,0.28739,0.32168,0.3399,0.35735,0.38673,0.029955,0.01032,0.000733,0.01025,0.02235,0.0306,0.03847,0.04563,1.050612,0.04188,0.002976,0.96156,1.02105,1.05095,1.08168,1.12466,0.631823,0.03584,0.002534,0.57336,0.60542,0.63145,0.6578,0.7063,0.029655,0.01069,0.000756,0.00917,0.02205,0.0305,0.03842,0.04561,0.338521,0.02638,0.001865,0.28407,0.32148,0.33955,0.35725,0.38664,0.029655,0.01069,0.000756,0.00917,0.02205,0.0305,0.03842,0.04561,1.049504,0.04311,0.003049,0.95969,1.0197,1.05065,1.08162,1.12462
80.0,0.627296,0.03662,0.002603,0.56718,0.59893,0.6267,0.6559,0.70652,0.032656,0.0108,0.000767,0.01119,0.02442,0.0333,0.04158,0.04973,0.340048,0.02714,0.001929,0.28314,0.32032,0.341,0.36005,0.3877,0.032656,0.0108,0.000767,0.01119,0.02442,0.0333,0.04158,0.04973,1.060941,0.04439,0.003154,0.96621,1.02915,1.06335,1.09522,1.13839,0.628394,0.03805,0.00269,0.56766,0.59998,0.62805,0.65622,0.7086,0.032329,0.01122,0.000794,0.01007,0.0241,0.0332,0.04152,0.04971,0.339277,0.02808,0.001986,0.28147,0.31975,0.3405,0.35915,0.38757,0.032329,0.01122,0.000794,0.01007,0.0241,0.0332,0.04152,0.04971,1.05973,0.04579,0.003238,0.96356,1.02875,1.06285,1.09468,1.13833
81.0,0.622803,0.03851,0.002737,0.56054,0.59227,0.6207,0.651,0.707,0.035503,0.01113,0.000791,0.01242,0.02752,0.0362,0.04445,0.05391,0.341694,0.0288,0.002047,0.28108,0.3209,0.3416,0.36372,0.39114,0.035503,0.01113,0.000791,0.01242,0.02752,0.0362,0.04445,0.05391,1.072281,0.04675,0.003322,0.97339,1.03838,1.07765,1.10865,1.15302,0.624003,0.04014,0.002838,0.56104,0.59242,0.62125,0.65195,0.71063,0.035148,0.01163,0.000822,0.011,0.0272,0.03595,0.04415,0.0539,0.340849,0.02987,0.002112,0.27914,0.31958,0.34135,0.36318,0.39092,0.035148,0.01163,0.000822,0.011,0.0272,0.03595,0.04415,0.0539,1.070956,0.04835,0.003419,0.96676,1.03775,1.07665,1.10855,1.15301
82.0,0.617614,0.04035,0.002868,0.55105,0.58478,0.61595,0.64772,0.70855,0.038442,0.01152,0.000819,0.01487,0.02962,0.0398,0.04698,0.05742,0.343944,0.03038,0.002159,0.27798,0.32145,0.34545,0.36635,0.39511,0.038442,0.01152,0.000819,0.01487,0.02962,0.0398,0.04698,0.05742,1.08436,0.0491,0.003489,0.98093,1.0497,1.08825,1.12205,1.16602,0.618922,0.04222,0.002985,0.55135,0.58512,0.6167,0.64825,0.71094,0.038058,0.01209,0.000855,0.01329,0.0295,0.0398,0.04692,0.05741,0.343021,0.0316,0.002235,0.27578,0.32102,0.345,0.36625,0.39497,0.038058,0.01209,0.000855,0.01329,0.0295,0.0398,0.04692,0.05741,1.082914,0.05094,0.003602,0.97198,1.04932,1.0881,1.12195,1.16587
83.0,0.61161,0.04239,0.003012,0.54408,0.57615,0.61075,0.6417,0.70948,0.041409,0.01188,0.000845,0.01736,0.0336,0.0425,0.05007,0.0612,0.346981,0.03225,0.002292,0.27669,0.32377,0.3482,0.372,0.40121,0.041409,0.01188,0.000845,0.01736,0.0336,0.0425,0.05007,0.0612,1.09727,0.05158,0.003666,0.98728,1.06188,1.10315,1.13755,1.18214,0.613033,0.0445,0.003147,0.5443,0.57645,0.61105,0.64245,0.7116,0.040995,0.01253,0.000886,0.01429,0.0334,0.04245,0.05003,0.06113,0.345972,0.03363,0.002378,0.27436,0.32315,0.34795,0.372,0.40114,0.040995,0.01253,0.000886,0.01429,0.0334,0.04245,0.05003,0.06113,1.095695,0.05368,0.003795,0.97874,1.06092,1.10275,1.13725,1.18198
84.0,0.604849,0.04429,0.003147,0.53519,0.56782,0.60395,0.63558,0.70826,0.044433,0.01198,0.000851,0.01998,0.03742,0.0452,0.05308,0.06413,0.350718,0.03413,0.002425,0.2753,0.32545,0.35235,0.37705,0.40815,0.044433,0.01198,0.000851,0.01998,0.03742,0.0452,0.05308,0.06413,1.110991,0.05391,0.003831,0.99258,1.0741,1.11655,1.15375,1.19851,0.606402,0.0467,0.003302,0.5352,0.56788,0.6044,0.6361,0.71112,0.043988,0.01271,0.000899,0.01528,0.037,0.045,0.05302,0.06405,0.34961,0.03571,0.002525,0.27363,0.32493,0.35155,0.37695,0.40798,0.043988,0.01271,0.000899,0.01528,0.037,0.045,0.05302,0.06405,1.10928,0.05629,0.003981,0.98765,1.0735,1.1164,1.15345,1.19844
85.0,0.59722,0.04593,0.003264,0.52498,0.56052,0.59405,0.62718,0.7034,0.047614,0.01213,0.000862,0.02104,0.0411,0.04885,0.05668,0.06742,0.355167,0.03579,0.002543,0.27362,0.32942,0.35565,0.38328,0.4157,0.047614,0.01213,0.000862,0.02104,0.0411,0.04885,0.05668,0.06742,1.125671,0.05609,0.003986,0.99984,1.08638,1.132,1.1701,1.21337,0.59891,0.04871,0.003444,0.525,0.56058,0.5945,0.6288,0.71152,0.047137,0.01297,0.000917,0.01881,0.04102,0.04865,0.05642,0.06741,0.353953,0.03761,0.00266,0.27226,0.32865,0.3552,0.38322,0.41557,0.047137,0.01297,0.000917,0.01881,0.04102,0.04865,0.05642,0.06741,1.123812,0.05881,0.004159,0.99476,1.0859,1.13115,1.1701,1.21312
86.0,0.58913,0.04717,0.003352,0.51592,0.55185,0.5845,0.6184,0.69888,0.050609,0.01191,0.000846,0.02416,0.0443,0.0516,0.05915,0.0711,0.360261,0.03744,0.002661,0.27279,0.3353,0.36105,0.39068,0.41961,0.050609,0.01191,0.000846,0.02416,0.0443,0.0516,0.05915,0.0711,1.14096,0.05795,0.004118,1.00962,1.09988,1.1489,1.18648,1.23181,0.590952,0.05032,0.003558,0.51597,0.55195,0.5853,0.61952,0.70746,0.050103,0.01288,0.000911,0.02046,0.04385,0.0514,0.05905,0.0711,0.358946,0.0395,0.002793,0.27139,0.33465,0.3608,0.39042,0.4194,0.050103,0.01288,0.000911,0.02046,0.04385,0.0514,0.05905,0.0711,1.138948,0.06105,0.004317,1.00266,1.0992,1.1466,1.18623,1.23174
87.0,0.58037,0.04799,0.003411,0.50816,0.54275,0.5744,0.61025,0.69134,0.053677,0.01152,0.000819,0.02747,0.0471,0.05505,0.0616,0.07361,0.365954,0.03882,0.002759,0.27321,0.34105,0.36745,0.39735,0.42642,0.053677,0.01152,0.000819,0.02747,0.0471,0.05505,0.0616,0.07361,1.157025,0.05945,0.004225,1.02281,1.1151,1.1644,1.20358,1.2494,0.582313,0.05154,0.003644,0.50818,0.54285,0.57465,0.6123,0.69946,0.05314,0.01265,0.000895,0.02386,0.0468,0.0549,0.0616,0.0736,0.364547,0.04109,0.002906,0.27177,0.34048,0.3674,0.39725,0.42634,0.05314,0.01265,0.000895,0.02386,0.0468,0.0549,0.0616,0.0736,1.154853,0.06299,0.004454,1.01388,1.11315,1.16405,1.20352,1.2494
88.0,0.571325,0.04856,0.003451,0.4998,0.5325,0.5631,0.60055,0.68408,0.056394,0.01105,0.000785,0.03015,0.04975,0.05795,0.06438,0.07522,0.372281,0.04017,0.002855,0.27828,0.34718,0.3748,0.40452,0.4345,0.056394,0.01105,0.000785,0.03015,0.04975,0.05795,0.06438,0.07522,1.173506,0.06051,0.004301,1.03549,1.13275,1.18225,1.22088,1.26686,0.573406,0.05259,0.003719,0.49994,0.5341,0.56385,0.60202,0.69422,0.05583,0.01235,0.000873,0.02683,0.04957,0.05785,0.06412,0.07521,0.370764,0.04274,0.003022,0.27186,0.34638,0.37445,0.40438,0.43443,0.05583,0.01235,0.000873,0.02683,0.04957,0.05785,0.06412,0.07521,1.171169,0.06457,0.004566,1.0264,1.13112,1.18215,1.22042,1.26682
89.0,0.561899,0.04859,0.003453,0.49012,0.52455,0.5526,0.5899,0.67467,0.058841,0.01061,0.000754,0.03335,0.05245,0.0604,0.06585,0.07731,0.37926,0.0411,0.002921,0.28236,0.3538,0.3832,0.4116,0.44081,0.058841,0.01061,0.000754,0.03335,0.05245,0.0604,0.06585,0.07731,1.190482,0.06122,0.004351,1.04842,1.14873,1.2015,1.23802,1.28181,0.564112,0.05314,0.003758,0.49017,0.52545,0.55355,0.59055,0.68771,0.058252,0.01208,0.000854,0.03104,0.0523,0.06035,0.06575,0.0773,0.377636,0.04398,0.00311,0.275,0.35348,0.383,0.4116,0.4408,0.058252,0.01208,0.000854,0.03104,0.0523,0.06035,0.06575,0.0773,1.187975,0.06585,0.004656,1.03873,1.14777,1.2002,1.23768,1.28167
90.0,0.552175,0.04821,0.003426,0.4827,0.516,0.5428,0.5779,0.67165,0.061252,0.00992,0.000705,0.03736,0.0553,0.06205,0.0672,0.07807,0.386573,0.0419,0.002978,0.28905,0.36072,0.39145,0.41898,0.44745,0.061252,0.00992,0.000705,0.03736,0.0553,0.06205,0.0672,0.07807,1.207861,0.06149,0.00437,1.06304,1.16668,1.21995,1.2545,1.29794,0.554522,0.05338,0.003774,0.48284,0.516,0.544,0.58008,0.6793,0.06064,0.01161,0.000821,0.03637,0.05518,0.06195,0.0672,0.07802,0.384838,0.04514,0.003192,0.2793,0.35935,0.3907,0.41892,0.44728,0.06064,0.01161,0.000821,0.03637,0.05518,0.06195,0.0672,0.07802,1.20518,0.06677,0.004721,1.05346,1.16562,1.2192,1.2535,1.29785
91.0,0.542583,0.0472,0.003354,0.47268,0.5071,0.53415,0.56812,0.66144,0.063081,0.00925,0.000657,0.04225,0.05742,0.06335,0.06895,0.07932,0.394336,0.0422,0.002999,0.2962,0.36875,0.40055,0.4271,0.45485,0.063081,0.00925,0.000657,0.04225,0.05742,0.06335,0.06895,0.07932,1.225295,0.06115,0.004346,1.08166,1.18618,1.2382,1.27032,1.31357,0.545069,0.05311,0.003755,0.4727,0.5071,0.535,0.57065,0.66904,0.06245,0.01115,0.000788,0.04088,0.0574,0.06325,0.06885,0.07931,0.392481,0.04588,0.003244,0.2844,0.36542,0.40035,0.4265,0.45468,0.06245,0.01115,0.000788,0.04088,0.0574,0.06325,0.06885,0.07931,1.222441,0.06718,0.00475,1.07097,1.1839,1.2375,1.26878,1.31346
92.0,0.532958,0.04571,0.003248,0.46782,0.4986,0.52355,0.55665,0.6485,0.064744,0.00886,0.00063,0.04532,0.05948,0.06445,0.07085,0.0806,0.402297,0.04232,0.003007,0.30339,0.3778,0.40965,0.43385,0.46192,0.064744,0.00886,0.00063,0.04532,0.05948,0.06445,0.07085,0.0806,1.242926,0.06029,0.004284,1.10016,1.20555,1.2559,1.28545,1.32961,0.535584,0.05248,0.003711,0.46801,0.4988,0.5244,0.55948,0.66198,0.064097,0.01093,0.000773,0.04427,0.05915,0.0644,0.07075,0.0806,0.400319,0.0465,0.003288,0.29292,0.37622,0.4087,0.43375,0.4619,0.064097,0.01093,0.000773,0.04427,0.05915,0.0644,0.07075,0.0806,1.239895,0.06717,0.00475,1.09291,1.20408,1.25525,1.28495,1.32954
93.0,0.523599,0.04383,0.003115,0.46153,0.4921,0.51505,0.54385,0.63188,0.065967,0.00885,0.000629,0.04749,0.0608,0.06575,0.07225,0.0828,0.410434,0.04185,0.002974,0.30696,0.38732,0.4196,0.44188,0.46903,0.065967,0.00885,0.000629,0.04749,0.0608,0.06575,0.07225,0.0828,1.260428,0.05891,0.004186,1.12094,1.22482,1.27355,1.30105,1.34645,0.526356,0.05156,0.003646,0.46171,0.4925,0.5158,0.54445,0.64992,0.065307,0.01099,0.000777,0.0472,0.06048,0.06555,0.07215,0.08274,0.408336,0.04661,0.003296,0.30216,0.38632,0.4195,0.44182,0.46894,0.065307,0.01099,0.000777,0.0472,0.06048,0.06555,0.07215,0.08274,1.257222,0.06677,0.004721,1.11208,1.22332,1.2733,1.30075,1.34635
94.0,0.514458,0.04157,0.002954,0.45758,0.48505,0.5072,0.5327,0.61573,0.066968,0.00884,0.000628,0.04902,0.0612,0.0676,0.07295,0.08366,0.418574,0.04088,0.002905,0.31582,0.39632,0.4267,0.44888,0.47622,0.066968,0.00884,0.000628,0.04902,0.0612,0.0676,0.07295,0.08366,1.277838,0.05731,0.004073,1.14174,1.24388,1.29085,1.3182,1.35948,0.517343,0.05039,0.003563,0.45759,0.48515,0.5073,0.53432,0.62987,0.066298,0.01104,0.000781,0.04739,0.06102,0.06755,0.07285,0.08356,0.416359,0.04628,0.003273,0.31153,0.3944,0.4265,0.44842,0.4762,0.066298,0.01104,0.000781,0.04739,0.06102,0.06755,0.07285,0.08356,1.274457,0.06625,0.004685,1.13515,1.243,1.2902,1.3182,1.35929
95.0,0.505628,0.03889,0.002764,0.45113,0.47748,0.4996,0.52248,0.60362,0.067412,0.00919,0.000653,0.05128,0.0606,0.0679,0.07348,0.08427,0.42696,0.03981,0.002829,0.32615,0.4062,0.43555,0.45528,0.4831,0.067412,0.00919,0.000653,0.05128,0.0606,0.0679,0.07348,0.08427,1.295083,0.05508,0.003914,1.16713,1.26328,1.3061,1.33475,1.37352,0.508641,0.049,0.003465,0.45124,0.47782,0.4998,0.52268,0.60913,0.066738,0.01135,0.000803,0.04916,0.06055,0.06775,0.07342,0.08422,0.424621,0.04597,0.003251,0.31923,0.40502,0.43485,0.45522,0.48304,0.066738,0.01135,0.000803,0.04916,0.06055,0.06775,0.07342,0.08422,1.291531,0.06526,0.004615,1.15738,1.26162,1.3049,1.33385,1.3733
96.0,0.497305,0.03621,0.002573,0.44428,0.47102,0.4927,0.51298,0.58846,0.067463,0.00993,0.000706,0.04946,0.05952,0.0674,0.0738,0.0851,0.435232,0.03848,0.002734,0.33853,0.41512,0.4432,0.46312,0.48981,0.067463,0.00993,0.000706,0.04946,0.05952,0.0674,0.0738,0.0851,1.311977,0.05277,0.00375,1.18394,1.28238,1.32155,1.3484,1.38703,0.500448,0.04776,0.003377,0.44429,0.47108,0.4931,0.5133,0.5957,0.066788,0.01195,0.000845,0.04719,0.05928,0.0672,0.0738,0.08504,0.432763,0.04552,0.003219,0.32707,0.41448,0.44255,0.46278,0.4898,0.066788,0.01195,0.000845,0.04719,0.05928,0.0672,0.0738,0.08504,1.308256,0.0643,0.004547,1.17832,1.28138,1.3206,1.348,1.38694
97.0,0.489495,0.03339,0.002373,0.43967,0.46628,0.4855,0.50248,0.56882,0.067206,0.01069,0.000759,0.0486,0.05912,0.0664,0.074,0.08894,0.443299,0.03678,0.002614,0.35294,0.42442,0.4497,0.47068,0.49686,0.067206,0.01069,0.000759,0.0486,0.05912,0.0664,0.074,0.08894,1.32858,0.05012,0.003562,1.20548,1.30285,1.33665,1.36402,1.40042,0.492748,0.04644,0.003284,0.43969,0.46662,0.48605,0.50348,0.58183,0.066534,0.01257,0.000889,0.04666,0.05895,0.06625,0.074,0.08892,0.440718,0.04475,0.003164,0.34058,0.42365,0.44965,0.47062,0.49682,0.066534,0.01257,0.000889,0.04666,0.05895,0.06625,0.074,0.08892,1.324692,0.06318,0.004467,1.19894,1.30142,1.3364,1.36348,1.40041
98.0,0.482497,0.03056,0.002171,0.43846,0.46155,0.47795,0.4928,0.55755,0.066497,0.01153,0.000819,0.04546,0.05865,0.06485,0.07408,0.09124,0.451006,0.0349,0.00248,0.36249,0.43432,0.45835,0.47667,0.50105,0.066497,0.01153,0.000819,0.04546,0.05865,0.06485,0.07408,0.09124,1.344578,0.0474,0.003369,1.22912,1.3202,1.3532,1.38035,1.41286,0.485859,0.04526,0.003201,0.43855,0.46165,0.47855,0.49302,0.56931,0.065832,0.01325,0.000937,0.04497,0.05845,0.06475,0.07402,0.09115,0.448309,0.04392,0.003106,0.35896,0.43348,0.4579,0.47663,0.50095,0.065832,0.01325,0.000937,0.04497,0.05845,0.06475,0.07402,0.09115,1.34053,0.06209,0.00439,1.2189,1.31847,1.3523,1.37945,1.41282
99.0,0.4761,0.02795,0.001987,0.43568,0.45762,0.47125,0.48745,0.54224,0.065474,0.01213,0.000862,0.04576,0.05637,0.064,0.07275,0.09173,0.458426,0.03281,0.002332,0.37472,0.44255,0.4631,0.48278,0.50452,0.065474,0.01213,0.000862,0.04576,0.05637,0.064,0.07275,0.09173,1.360024,0.0446,0.00317,1.2561,1.33653,1.3684,1.39292,1.42226,0.479559,0.04432,0.003134,0.43569,0.45788,0.4714,0.48772,0.55109,0.064819,0.01372,0.00097,0.04517,0.0562,0.0637,0.07265,0.09165,0.455622,0.04299,0.00304,0.37224,0.44222,0.46285,0.48252,0.50444,0.064819,0.01372,0.00097,0.04517,0.0562,0.0637,0.07265,0.09165,1.355822,0.06104,0.004316,1.24359,1.33335,1.3681,1.39198,1.42215
100.0,0.470382,0.02526,0.001795,0.43085,0.45475,0.4666,0.48208,0.53271,0.06412,0.01271,0.000903,0.04532,0.05422,0.0625,0.07115,0.0933,0.465498,0.03038,0.002159,0.39195,0.45192,0.4705,0.48745,0.50849,0.06412,0.01271,0.000903,0.04532,0.05422,0.0625,0.07115,0.0933,1.375037,0.0416,0.002957,1.28066,1.3518,1.38285,1.40488,1.43146,0.473932,0.04343,0.003071,0.43088,0.45485,0.46675,0.48248,0.5428,0.063479,0.01417,0.001002,0.0436,0.05418,0.0623,0.07105,0.09323,0.462589,0.0419,0.002963,0.38353,0.45145,0.4696,0.48735,0.50843,0.063479,0.01417,0.001002,0.0436,0.05418,0.0623,0.07105,0.09323,1.370685,0.05999,0.004242,1.2636,1.34965,1.3822,1.40442,1.43135
101.0,0.465464,0.02311,0.001642,0.42638,0.452,0.4639,0.47748,0.52488,0.062694,0.01304,0.000926,0.04328,0.05268,0.06175,0.06965,0.08961,0.471842,0.02806,0.001994,0.402,0.46215,0.4761,0.492,0.51251,0.062694,0.01304,0.000926,0.04328,0.05268,0.06175,0.06965,0.08961,1.389319,0.03885,0.002761,1.3058,1.37052,1.3963,1.41685,1.44353,0.469099,0.04294,0.003036,0.4264,0.452,0.46405,0.47832,0.53062,0.062067,0.0144,0.001018,0.04289,0.0526,0.0617,0.06935,0.08921,0.468834,0.04099,0.002898,0.39475,0.46072,0.47485,0.492,0.5125,0.062067,0.0144,0.001018,0.04289,0.0526,0.0617,0.06935,0.08921,1.384824,0.0592,0.004186,1.28407,1.36738,1.396,1.41655,1.44351
102.0,0.461256,0.02132,0.001515,0.42368,0.44802,0.4592,0.47238,0.51405,0.060953,0.0133,0.000945,0.04243,0.05058,0.05945,0.06778,0.08935,0.477791,0.02572,0.001828,0.41855,0.46918,0.48085,0.49508,0.51395,0.060953,0.0133,0.000945,0.04243,0.05058,0.05945,0.06778,0.08935,1.403025,0.03621,0.002574,1.32941,1.38245,1.40875,1.42775,1.45542,0.464968,0.04268,0.003018,0.42382,0.44808,0.4594,0.47252,0.52082,0.060344,0.01457,0.00103,0.04108,0.05048,0.05935,0.06773,0.08885,0.474689,0.04016,0.00284,0.40612,0.46702,0.48065,0.49502,0.51385,0.060344,0.01457,0.00103,0.04108,0.05048,0.05935,0.06773,0.08885,1.398392,0.0586,0.004143,1.30441,1.38178,1.40865,1.42765,1.45541
103.0,0.457747,0.01994,0.001417,0.418,0.44653,0.4576,0.4688,0.50358,0.05914,0.01315,0.000934,0.0412,0.0493,0.05755,0.06602,0.09246,0.483113,0.02328,0.001655,0.42666,0.47422,0.48675,0.4985,0.51783,0.05914,0.01315,0.000934,0.0412,0.0493,0.05755,0.06602,0.09246,1.416094,0.03382,0.002403,1.33929,1.39655,1.42075,1.4394,1.46767,0.461534,0.04266,0.003017,0.418,0.44657,0.45765,0.46902,0.50901,0.058549,0.01435,0.001015,0.04109,0.04925,0.05745,0.06588,0.09236,0.479918,0.0394,0.002786,0.4191,0.473,0.4866,0.4979,0.51781,0.058549,0.01435,0.001015,0.04109,0.04925,0.05745,0.06588,0.09236,1.411331,0.05822,0.004117,1.32659,1.39612,1.4206,1.439,1.46762
104.0,0.454946,0.01933,0.001374,0.41518,0.44292,0.4553,0.46638,0.5002,0.057202,0.01309,0.00093,0.0389,0.0474,0.05525,0.06365,0.0887,0.487852,0.02146,0.001525,0.43426,0.4778,0.4905,0.50073,0.52211,0.057202,0.01309,0.00093,0.0389,0.0474,0.05525,0.06365,0.0887,1.428691,0.03169,0.002252,1.35162,1.40728,1.43215,1.45045,1.47942,0.45879,0.04289,0.003033,0.41519,0.44298,0.4555,0.46718,0.50162,0.05663,0.01422,0.001005,0.03867,0.0471,0.055,0.06335,0.0883,0.48458,0.039,0.002757,0.42791,0.47745,0.4904,0.50058,0.5221,0.05663,0.01422,0.001005,0.03867,0.0471,0.055,0.06335,0.0883,1.423802,0.05808,0.004107,1.34755,1.40672,1.43145,1.45015,1.47941
105.0,0.452814,0.01902,0.001352,0.41563,0.44022,0.4537,0.46418,0.49752,0.055173,0.01287,0.000915,0.03753,0.04552,0.0528,0.06192,0.08702,0.492013,0.01996,0.001418,0.44186,0.4809,0.4943,0.50402,0.5247,0.055173,0.01287,0.000915,0.03753,0.04552,0.0528,0.06192,0.08702,1.440641,0.02986,0.002122,1.36733,1.42225,1.44325,1.4607,1.48842,0.456714,0.04326,0.003059,0.41568,0.44028,0.45395,0.465,0.49836,0.054622,0.01394,0.000986,0.03649,0.04538,0.0526,0.06178,0.08681,0.488665,0.03886,0.002748,0.43534,0.48025,0.4943,0.50368,0.52463,0.054622,0.01394,0.000986,0.03649,0.04538,0.0526,0.06178,0.08681,1.435633,0.05813,0.00411,1.36146,1.42108,1.44285,1.4605,1.48821
106.0,0.451186,0.01902,0.001352,0.4151,0.4384,0.4516,0.4626,0.49318,0.05316,0.01253,0.00089,0.0358,0.04385,0.0514,0.0596,0.08607,0.495654,0.0184,0.001308,0.44898,0.48635,0.4976,0.50668,0.52811,0.05316,0.01253,0.00089,0.0358,0.04385,0.0514,0.0596,0.08607,1.452071,0.02821,0.002005,1.38798,1.4336,1.45395,1.47075,1.49963,0.455132,0.04367,0.003088,0.4151,0.4388,0.45175,0.46273,0.4947,0.052628,0.01354,0.000958,0.03489,0.0437,0.05135,0.0594,0.08582,0.49224,0.03867,0.002734,0.44822,0.48622,0.49755,0.50662,0.52804,0.052628,0.01354,0.000958,0.03489,0.0437,0.05135,0.0594,0.08582,1.446948,0.0583,0.004123,1.37798,1.43322,1.45365,1.47065,1.49948
107.0,0.450487,0.01933,0.001373,0.41292,0.43875,0.45205,0.46298,0.48844,0.050903,0.01195,0.000849,0.0343,0.04152,0.049,0.05687,0.08265,0.498611,0.01754,0.001246,0.45618,0.4898,0.4994,0.50927,0.53322,0.050903,0.01195,0.000849,0.0343,0.04152,0.049,0.05687,0.08265,1.462716,0.02683,0.001907,1.40453,1.44638,1.46405,1.4807,1.50834,0.454467,0.04411,0.003119,0.41298,0.43885,0.4522,0.46355,0.49246,0.050393,0.01293,0.000914,0.03357,0.04148,0.04865,0.05682,0.08249,0.495139,0.03877,0.002742,0.4536,0.48955,0.49875,0.50923,0.5332,0.050393,0.01293,0.000914,0.03357,0.04148,0.04865,0.05682,0.08249,1.457487,0.0586,0.004143,1.39555,1.4446,1.46385,1.4803,1.50811
108.0,0.450251,0.01962,0.001394,0.41197,0.43722,0.45145,0.4634,0.48676,0.048561,0.01144,0.000813,0.03265,0.04062,0.04615,0.05425,0.07964,0.501188,0.01682,0.001195,0.45927,0.49228,0.50155,0.51072,0.53404,0.048561,0.01144,0.000813,0.03265,0.04062,0.04615,0.05425,0.07964,1.472927,0.02564,0.001822,1.41974,1.4562,1.4745,1.49015,1.52014,0.454256,0.04446,0.003144,0.41199,0.43788,0.4521,0.46375,0.4964,0.048076,0.01237,0.000875,0.03187,0.0405,0.0461,0.05415,0.07962,0.497669,0.03889,0.00275,0.45675,0.4918,0.5015,0.51058,0.53394,0.048076,0.01237,0.000875,0.03187,0.0405,0.0461,0.05415,0.07962,1.467596,0.05899,0.004171,1.4119,1.45588,1.47445,1.49005,1.52011
109.0,0.450798,0.02001,0.001422,0.41125,0.43905,0.4513,0.46482,0.48616,0.046262,0.01094,0.000777,0.03136,0.0385,0.044,0.05185,0.07822,0.502939,0.01644,0.001168,0.46292,0.49382,0.5031,0.51347,0.53375,0.046262,0.01094,0.000777,0.03136,0.0385,0.044,0.05185,0.07822,1.482499,0.02463,0.00175,1.43451,1.46715,1.48465,1.4988,1.52768,0.454827,0.04485,0.003171,0.41142,0.43915,0.45145,0.46518,0.49578,0.0458,0.01182,0.000836,0.03068,0.03847,0.04395,0.05175,0.07821,0.499373,0.03916,0.002769,0.46026,0.49348,0.50295,0.51342,0.53372,0.0458,0.01182,0.000836,0.03068,0.03847,0.04395,0.05175,0.07821,1.477073,0.05942,0.004202,1.42548,1.46625,1.48455,1.4988,1.52749
110.0,0.451696,0.02051,0.001457,0.41148,0.4384,0.45275,0.4672,0.48487,0.044101,0.01036,0.000736,0.03007,0.03692,0.04155,0.04988,0.07217,0.504203,0.01637,0.001163,0.46845,0.494,0.504,0.5145,0.53481,0.044101,0.01036,0.000736,0.03007,0.03692,0.04155,0.04988,0.07217,1.491667,0.02384,0.001694,1.44863,1.47627,1.4918,1.5079,1.53559,0.455746,0.04526,0.0032,0.4119,0.439,0.453,0.46745,0.49702,0.04366,0.0112,0.000792,0.02949,0.0365,0.0415,0.04982,0.07199,0.500595,0.03951,0.002794,0.4666,0.49375,0.50375,0.5145,0.5348,0.04366,0.0112,0.000792,0.02949,0.0365,0.0415,0.04982,0.07199,1.486148,0.05994,0.004239,1.44113,1.47595,1.49145,1.5075,1.53526
111.0,0.453007,0.02081,0.001479,0.41331,0.44102,0.45355,0.46818,0.48702,0.042085,0.00975,0.000693,0.02819,0.0349,0.04,0.04758,0.06514,0.504909,0.01644,0.001169,0.47184,0.49398,0.50445,0.51488,0.53672,0.042085,0.00975,0.000693,0.02819,0.0349,0.04,0.04758,0.06514,1.500388,0.02304,0.001637,1.45717,1.4843,1.50005,1.51578,1.5427,0.457073,0.04554,0.00322,0.41377,0.44108,0.45385,0.46883,0.49782,0.041664,0.01057,0.000747,0.0281,0.0349,0.03985,0.04753,0.06485,0.501264,0.03987,0.002819,0.46849,0.4939,0.50435,0.51482,0.53671,0.041664,0.01057,0.000747,0.0281,0.0349,0.03985,0.04753,0.06485,1.494783,0.06044,0.004273,1.45458,1.4836,1.49955,1.51573,1.54217
112.0,0.454764,0.02131,0.001514,0.41189,0.44312,0.4557,0.4697,0.48948,0.040193,0.00927,0.000659,0.02739,0.03362,0.03875,0.04528,0.06413,0.505043,0.01678,0.001193,0.47406,0.49372,0.504,0.51508,0.53792,0.040193,0.00927,0.000659,0.02739,0.03362,0.03875,0.04528,0.06413,1.508685,0.02246,0.001596,1.46606,1.4921,1.5068,1.5239,1.55027,0.458838,0.04583,0.003241,0.41223,0.44318,0.4558,0.47043,0.4997,0.039792,0.01006,0.000711,0.02649,0.0335,0.0387,0.04522,0.06405,0.501371,0.04025,0.002846,0.46872,0.4933,0.50395,0.51502,0.53791,0.039792,0.01006,0.000711,0.02649,0.0335,0.0387,0.04522,0.06405,1.502996,0.06099,0.004313,1.46407,1.49185,1.5063,1.5235,1.54962
113.0,0.456973,0.02163,0.001537,0.41197,0.44435,0.45745,0.47267,0.49334,0.038311,0.00879,0.000625,0.02509,0.0322,0.03705,0.04258,0.06102,0.504716,0.01735,0.001233,0.47444,0.4923,0.5036,0.51445,0.53862,0.038311,0.00879,0.000625,0.02509,0.0322,0.03705,0.04258,0.06102,1.516609,0.02196,0.001561,1.47487,1.50193,1.5152,1.53365,1.55732,0.461048,0.04599,0.003252,0.41219,0.44465,0.4575,0.47283,0.50001,0.037928,0.00954,0.000675,0.0249,0.03188,0.037,0.04252,0.06101,0.501024,0.04067,0.002876,0.46844,0.49208,0.5036,0.51435,0.53861,0.037928,0.00954,0.000675,0.0249,0.03188,0.037,0.04252,0.06101,1.510841,0.06155,0.004352,1.47148,1.50138,1.51465,1.53295,1.55671
114.0,0.459468,0.02199,0.001563,0.41206,0.44712,0.4599,0.4748,0.49595,0.036497,0.00825,0.000586,0.0238,0.03085,0.0351,0.04078,0.05664,0.504035,0.01777,0.001263,0.47315,0.49142,0.50335,0.51368,0.53892,0.036497,0.00825,0.000586,0.0238,0.03085,0.0351,0.04078,0.05664,1.524225,0.02174,0.001545,1.48244,1.51113,1.5231,1.5403,1.56414,0.463544,0.04618,0.003265,0.41208,0.44718,0.46015,0.4759,0.50121,0.036132,0.00898,0.000635,0.0233,0.03058,0.0351,0.04072,0.05655,0.500324,0.04103,0.002901,0.46632,0.49118,0.50325,0.51362,0.53878,0.036132,0.00898,0.000635,0.0233,0.03058,0.0351,0.04072,0.05655,1.518381,0.06218,0.004397,1.47908,1.51048,1.5228,1.5403,1.56351
115.0,0.462246,0.02242,0.001593,0.41588,0.44855,0.4628,0.47905,0.49943,0.034753,0.00787,0.000559,0.02269,0.0295,0.0333,0.0392,0.05357,0.503001,0.01814,0.001289,0.47065,0.49002,0.503,0.513,0.53721,0.034753,0.00787,0.000559,0.02269,0.0295,0.0333,0.0392,0.05357,1.53143,0.02154,0.001531,1.4914,1.51832,1.52985,1.54692,1.57036,0.46632,0.04636,0.003278,0.41623,0.44905,0.46305,0.48008,0.50263,0.034405,0.00856,0.000606,0.02238,0.02928,0.03315,0.039,0.05352,0.499274,0.04132,0.002922,0.46788,0.48975,0.50275,0.5128,0.53687,0.034405,0.00856,0.000606,0.02238,0.02928,0.03315,0.039,0.05352,1.525514,0.06279,0.00444,1.48808,1.5182,1.52975,1.54638,1.56979
116.0,0.465413,0.0227,0.001613,0.41946,0.45053,0.46555,0.48298,0.50337,0.033135,0.00743,0.000528,0.02205,0.0278,0.032,0.03745,0.05031,0.501453,0.0186,0.001322,0.46788,0.48745,0.5007,0.5121,0.53648,0.033135,0.00743,0.000528,0.02205,0.0278,0.032,0.03745,0.05031,1.538351,0.02148,0.001527,1.49678,1.52505,1.53785,1.55465,1.57672,0.469484,0.04647,0.003286,0.41989,0.45057,0.46565,0.48345,0.50448,0.032804,0.0081,0.000573,0.0206,0.02778,0.032,0.03735,0.05024,0.497712,0.04164,0.002945,0.46349,0.48715,0.50055,0.5121,0.53603,0.032804,0.0081,0.000573,0.0206,0.02778,0.032,0.03735,0.05024,1.532365,0.06342,0.004484,1.49457,1.52488,1.5377,1.55455,1.57617
117.0,0.468557,0.02298,0.001633,0.42028,0.45375,0.4693,0.48455,0.50572,0.031869,0.00703,0.000499,0.02037,0.027,0.0308,0.03588,0.0477,0.499574,0.01907,0.001355,0.46596,0.4854,0.4983,0.5094,0.53861,0.031869,0.00703,0.000499,0.02037,0.027,0.0308,0.03588,0.0477,1.545108,0.02156,0.001533,1.50321,1.53062,1.54445,1.56168,1.58635,0.47262,0.04653,0.003291,0.42069,0.45385,0.4693,0.48603,0.50724,0.031551,0.00768,0.000543,0.01989,0.02675,0.03075,0.03582,0.04764,0.495829,0.0419,0.002963,0.46187,0.48477,0.49815,0.5094,0.53847,0.031551,0.00768,0.000543,0.01989,0.02675,0.03075,0.03582,0.04764,1.539054,0.06408,0.004531,1.50167,1.53055,1.5443,1.56142,1.58612
118.0,0.472058,0.02311,0.001642,0.4209,0.4567,0.47335,0.4878,0.5081,0.030628,0.0068,0.000483,0.01959,0.02628,0.0296,0.0349,0.04633,0.497314,0.01929,0.001371,0.46511,0.48292,0.4962,0.50812,0.53639,0.030628,0.0068,0.000483,0.01959,0.02628,0.0296,0.0349,0.04633,1.551668,0.02157,0.001533,1.50949,1.53692,1.5516,1.56672,1.59461,0.476113,0.04653,0.00329,0.4211,0.4573,0.4738,0.48812,0.51105,0.030322,0.00743,0.000525,0.01927,0.0258,0.0296,0.0349,0.04631,0.493565,0.04203,0.002972,0.46048,0.48228,0.496,0.50798,0.53633,0.030322,0.00743,0.000525,0.01927,0.0258,0.0296,0.0349,0.04631,1.545549,0.0647,0.004575,1.5068,1.53668,1.5512,1.56658,1.5946
119.0,0.47544,0.02318,0.001648,0.42174,0.46122,0.47735,0.4909,0.51302,0.029618,0.00642,0.000456,0.01928,0.02522,0.02885,0.03398,0.0437,0.494942,0.01968,0.001398,0.46209,0.48225,0.4938,0.50588,0.53544,0.029618,0.00642,0.000456,0.01928,0.02522,0.02885,0.03398,0.0437,1.558142,0.02154,0.001531,1.51511,1.54355,1.5581,1.57255,1.59974,0.479483,0.04646,0.003285,0.42178,0.46128,0.47755,0.49115,0.51413,0.029321,0.00704,0.000498,0.01798,0.025,0.0288,0.03392,0.0437,0.491196,0.04219,0.002983,0.45951,0.48028,0.4934,0.50582,0.53528,0.029321,0.00704,0.000498,0.01798,0.025,0.0288,0.03392,0.0437,1.551959,0.0653,0.004617,1.51217,1.54308,1.55805,1.57245,1.59965
120.0,0.479097,0.02329,0.001655,0.42654,0.4644,0.48145,0.49488,0.51822,0.028554,0.00611,0.000434,0.0183,0.02465,0.0278,0.0324,0.04272,0.492348,0.01999,0.001421,0.45915,0.47915,0.49115,0.50398,0.53382,0.028554,0.00611,0.000434,0.0183,0.02465,0.0278,0.0324,0.04272,1.564364,0.02171,0.001543,1.5215,1.5497,1.56425,1.57848,1.60762,0.483125,0.04638,0.003279,0.42658,0.4644,0.48165,0.4959,0.51893,0.028268,0.00671,0.000475,0.0179,0.02435,0.0278,0.0322,0.04271,0.488606,0.0423,0.002991,0.45627,0.47742,0.4911,0.50392,0.53361,0.028268,0.00671,0.000475,0.0179,0.02435,0.0278,0.0322,0.04271,1.558118,0.06594,0.004663,1.51828,1.54928,1.564,1.57842,1.60761
121.0,0.482703,0.02357,0.001675,0.43281,0.46715,0.48425,0.49915,0.52164,0.027655,0.00589,0.000419,0.01818,0.02362,0.02705,0.03098,0.04016,0.489642,0.02037,0.001448,0.45426,0.47528,0.4886,0.50258,0.53174,0.027655,0.00589,0.000419,0.01818,0.02362,0.02705,0.03098,0.04016,1.570505,0.02187,0.001554,1.52682,1.55542,1.5703,1.58448,1.61359,0.48672,0.04643,0.003283,0.43314,0.46725,0.4853,0.49948,0.52377,0.027378,0.00648,0.000458,0.0175,0.02355,0.02695,0.03092,0.04012,0.485902,0.04246,0.003002,0.45367,0.47508,0.4882,0.50232,0.53145,0.027378,0.00648,0.000458,0.0175,0.02355,0.02695,0.03092,0.04012,1.564197,0.06657,0.004707,1.52472,1.55495,1.5702,1.58442,1.6134
122.0,0.486374,0.02352,0.001671,0.43878,0.47045,0.4892,0.5018,0.52564,0.026924,0.00568,0.000404,0.01778,0.0229,0.02655,0.03018,0.0389,0.486702,0.02051,0.001457,0.45282,0.47195,0.4857,0.4995,0.52724,0.026924,0.00568,0.000404,0.01778,0.0229,0.02655,0.03018,0.0389,1.576563,0.02206,0.001568,1.53278,1.56195,1.57585,1.59088,1.61983,0.490382,0.04632,0.003275,0.4392,0.47055,0.48925,0.5021,0.52755,0.026655,0.00626,0.000442,0.01698,0.02288,0.02645,0.03012,0.0389,0.482964,0.04251,0.003006,0.45113,0.47158,0.48545,0.4993,0.52681,0.026655,0.00626,0.000442,0.01698,0.02288,0.02645,0.03012,0.0389,1.570195,0.0672,0.004752,1.53226,1.56178,1.5755,1.59083,1.61968
123.0,0.490153,0.0235,0.00167,0.44558,0.4734,0.49365,0.50602,0.5289,0.026267,0.00536,0.000381,0.01629,0.0227,0.02615,0.02905,0.03816,0.483581,0.0207,0.001471,0.44906,0.46895,0.48205,0.49648,0.52717,0.026267,0.00536,0.000381,0.01629,0.0227,0.02615,0.02905,0.03816,1.582491,0.02224,0.00158,1.53978,1.567,1.5818,1.59655,1.62662,0.494144,0.04617,0.003265,0.44613,0.4734,0.494,0.50622,0.53328,0.026004,0.00594,0.00042,0.01579,0.0227,0.02605,0.02895,0.03812,0.479852,0.04252,0.003006,0.44609,0.4688,0.48185,0.49622,0.52706,0.026004,0.00594,0.00042,0.01579,0.0227,0.02605,0.02895,0.03812,1.576064,0.06782,0.004796,1.53764,1.5668,1.5813,1.59645,1.62654
124.0,0.493981,0.02336,0.00166,0.45191,0.4772,0.4971,0.50808,0.53299,0.025758,0.00524,0.000372,0.0164,0.02222,0.02535,0.02868,0.0366,0.480261,0.02086,0.001483,0.44498,0.46562,0.47845,0.49472,0.52293,0.025758,0.00524,0.000372,0.0164,0.02222,0.02535,0.02868,0.0366,1.588387,0.02241,0.001593,1.54645,1.5734,1.5876,1.60208,1.63204,0.497959,0.04599,0.003252,0.45244,0.4774,0.49775,0.50855,0.53843,0.025501,0.00581,0.000411,0.01509,0.02207,0.0252,0.02862,0.0366,0.47654,0.04252,0.003007,0.44408,0.46522,0.4776,0.49458,0.52278,0.025501,0.00581,0.000411,0.01509,0.02207,0.0252,0.02862,0.0366,1.581901,0.06843,0.004839,1.54292,1.57255,1.58755,1.60202,1.63202
125.0,0.497677,0.02332,0.001657,0.45487,0.48105,0.50055,0.5116,0.53694,0.025329,0.00526,0.000374,0.01605,0.02172,0.02525,0.0285,0.0374,0.476993,0.02089,0.001485,0.44095,0.46252,0.4751,0.49118,0.51691,0.025329,0.00526,0.000374,0.01605,0.02172,0.02525,0.0285,0.0374,1.594339,0.02279,0.00162,1.55077,1.57812,1.59375,1.60927,1.63824,0.501638,0.04582,0.00324,0.45536,0.48135,0.50155,0.51255,0.54256,0.025076,0.00581,0.000411,0.01519,0.02138,0.02515,0.0285,0.0374,0.473286,0.04242,0.003,0.43884,0.4622,0.47405,0.49092,0.5165,0.025076,0.00581,0.000411,0.01519,0.02138,0.02515,0.0285,0.0374,1.587794,0.06912,0.004887,1.54847,1.57795,1.59355,1.60922,1.63821
126.0,0.501324,0.02333,0.001658,0.45677,0.48518,0.50445,0.5159,0.5412,0.024719,0.00517,0.000367,0.0152,0.0212,0.0246,0.0278,0.03603,0.473958,0.02099,0.001492,0.43793,0.45962,0.4705,0.4889,0.51322,0.024719,0.00517,0.000367,0.0152,0.0212,0.0246,0.0278,0.03603,1.600088,0.02306,0.001639,1.55561,1.58375,1.6001,1.61528,1.6443,0.505269,0.04569,0.003231,0.45712,0.48532,0.5049,0.51642,0.54698,0.024471,0.0057,0.000403,0.0143,0.0211,0.02455,0.0278,0.03601,0.47026,0.04239,0.002998,0.43406,0.45942,0.4703,0.4889,0.51268,0.024471,0.0057,0.000403,0.0143,0.0211,0.02455,0.0278,0.03601,1.593486,0.06975,0.004932,1.55242,1.58355,1.59985,1.61522,1.64423
127.0,0.505135,0.02328,0.001654,0.45866,0.48862,0.5079,0.5198,0.54602,0.024235,0.00509,0.000362,0.01576,0.0206,0.02395,0.0276,0.03432,0.47063,0.02106,0.001496,0.43415,0.45692,0.46735,0.48588,0.51018,0.024235,0.00509,0.000362,0.01576,0.0206,0.02395,0.0276,0.03432,1.605671,0.02341,0.001664,1.56024,1.5888,1.6058,1.62147,1.64913,0.50906,0.04549,0.003216,0.45882,0.48868,0.50825,0.5209,0.55009,0.023993,0.00561,0.000397,0.01419,0.0205,0.02385,0.0276,0.0343,0.466948,0.04228,0.00299,0.4322,0.45655,0.46695,0.48582,0.50966,0.023993,0.00561,0.000397,0.01419,0.0205,0.02385,0.0276,0.0343,1.599013,0.07039,0.004977,1.55744,1.58858,1.60565,1.62142,1.64898
128.0,0.508897,0.02306,0.001639,0.46259,0.4925,0.51145,0.52283,0.5502,0.023876,0.00497,0.000353,0.0153,0.02012,0.0235,0.0272,0.03374,0.467227,0.02101,0.001493,0.43043,0.4531,0.46455,0.48255,0.50677,0.023876,0.00497,0.000353,0.0153,0.02012,0.0235,0.0272,0.03374,1.611302,0.02376,0.001688,1.56486,1.59452,1.61175,1.62735,1.65494,0.512804,0.04522,0.003197,0.4626,0.4925,0.5117,0.52382,0.55337,0.023637,0.00549,0.000388,0.0134,0.0201,0.0235,0.0272,0.03372,0.463559,0.04214,0.00298,0.42744,0.45288,0.46435,0.48245,0.50632,0.023637,0.00549,0.000388,0.0134,0.0201,0.0235,0.0272,0.03372,1.604587,0.07103,0.005023,1.56234,1.59372,1.61155,1.62705,1.65478
129.0,0.512589,0.02298,0.001633,0.46653,0.49572,0.5151,0.52688,0.55452,0.023624,0.005,0.000355,0.01539,0.02012,0.02355,0.02708,0.03444,0.463786,0.02094,0.001488,0.4257,0.4501,0.4611,0.479,0.50351,0.023624,0.005,0.000355,0.01539,0.02012,0.02355,0.02708,0.03444,1.61694,0.02424,0.001723,1.56885,1.59945,1.61785,1.63265,1.66119,0.516476,0.04501,0.003183,0.46671,0.49578,0.51605,0.5273,0.55562,0.023388,0.0055,0.000389,0.01338,0.02008,0.0235,0.02702,0.03442,0.460136,0.04195,0.002967,0.42501,0.44985,0.4606,0.4788,0.50317,0.023388,0.0055,0.000389,0.01338,0.02008,0.0235,0.02702,0.03442,1.610169,0.07172,0.005072,1.56598,1.59922,1.61755,1.63255,1.66093
130.0,0.516122,0.02272,0.001615,0.47278,0.49928,0.51885,0.53038,0.55935,0.023587,0.00501,0.000356,0.01502,0.0203,0.0234,0.02715,0.03321,0.46029,0.02078,0.001477,0.42206,0.4469,0.45775,0.47538,0.50233,0.023587,0.00501,0.000356,0.01502,0.0203,0.0234,0.02715,0.03321,1.622662,0.02465,0.001752,1.57544,1.60458,1.6235,1.63878,1.66784,0.519988,0.0447,0.00316,0.4732,0.49942,0.5189,0.53045,0.56084,0.023352,0.00551,0.000389,0.0131,0.02017,0.0234,0.02705,0.0332,0.456661,0.04169,0.002948,0.41924,0.44668,0.4576,0.47512,0.50224,0.023352,0.00551,0.000389,0.0131,0.02017,0.0234,0.02705,0.0332,1.615833,0.0724,0.005119,1.5708,1.60418,1.6233,1.63872,1.66761
131.0,0.519605,0.02253,0.001601,0.47668,0.50355,0.52155,0.5334,0.56289,0.023291,0.00491,0.000349,0.01418,0.0201,0.0231,0.0267,0.03302,0.457104,0.02071,0.001471,0.41808,0.44405,0.4543,0.47248,0.49932,0.023291,0.00491,0.000349,0.01418,0.0201,0.0231,0.0267,0.03302,1.628286,0.02507,0.001782,1.5813,1.60948,1.6292,1.64507,1.67451,0.523451,0.04443,0.003142,0.47702,0.50365,0.522,0.53385,0.56441,0.023059,0.00541,0.000383,0.01368,0.02008,0.02305,0.0267,0.03301,0.45349,0.04151,0.002935,0.41656,0.44388,0.45405,0.47222,0.49924,0.023059,0.00541,0.000383,0.01368,0.02008,0.02305,0.0267,0.03301,1.621401,0.07307,0.005167,1.57658,1.609,1.62885,1.64503,1.67444
132.0,0.522941,0.02238,0.00159,0.48073,0.50752,0.52495,0.53685,0.56587,0.023248,0.00503,0.000357,0.01337,0.01993,0.023,0.02698,0.03325,0.453811,0.0206,0.001464,0.41528,0.44092,0.4514,0.46922,0.49619,0.023248,0.00503,0.000357,0.01337,0.01993,0.023,0.02698,0.03325,1.634003,0.0256,0.001819,1.5862,1.6147,1.63415,1.65302,1.68122,0.526774,0.04425,0.003129,0.48104,0.50758,0.5252,0.537,0.56675,0.023016,0.00551,0.00039,0.01297,0.01978,0.0229,0.02692,0.03322,0.45021,0.04135,0.002924,0.41329,0.44068,0.4512,0.46908,0.49613,0.023016,0.00551,0.00039,0.01297,0.01978,0.0229,0.02692,0.03322,1.62706,0.07378,0.005217,1.58264,1.6139,1.6339,1.65288,1.6812
133.0,0.526291,0.0221,0.00157,0.483,0.51185,0.5284,0.54095,0.56597,0.023112,0.00497,0.000353,0.01352,0.01993,0.0227,0.0267,0.03215,0.450597,0.02043,0.001452,0.4134,0.43755,0.44935,0.46502,0.49305,0.023112,0.00497,0.000353,0.01352,0.01993,0.0227,0.0267,0.03215,1.639705,0.02593,0.001843,1.59106,1.6212,1.64015,1.65882,1.68652,0.530106,0.04395,0.003108,0.4832,0.51215,0.52845,0.54145,0.56748,0.02288,0.00545,0.000386,0.01249,0.0197,0.0226,0.0267,0.03212,0.447013,0.04113,0.002908,0.41118,0.43708,0.44925,0.46488,0.49302,0.02288,0.00545,0.000386,0.01249,0.0197,0.0226,0.0267,0.03212,1.632706,0.07443,0.005263,1.58964,1.6197,1.6401,1.65868,1.6863
134.0,0.529574,0.02194,0.001559,0.4867,0.51507,0.5309,0.54392,0.56853,0.023046,0.00507,0.00036,0.01319,0.02015,0.0226,0.02678,0.03242,0.44738,0.02035,0.001446,0.41071,0.43422,0.44605,0.46158,0.48781,0.023046,0.00507,0.00036,0.01319,0.02015,0.0226,0.02678,0.03242,1.645419,0.02629,0.001868,1.59746,1.6269,1.64585,1.6655,1.6949,0.533373,0.04373,0.003092,0.48683,0.51523,0.5313,0.54432,0.5728,0.022816,0.00554,0.000392,0.013,0.02008,0.02255,0.02672,0.0324,0.443811,0.04095,0.002895,0.40825,0.43368,0.44595,0.46152,0.4876,0.022816,0.00554,0.000392,0.013,0.02008,0.02255,0.02672,0.0324,1.638362,0.07509,0.00531,1.59518,1.6246,1.6457,1.6655,1.69483
135.0,0.53257,0.02187,0.001555,0.49087,0.51762,0.5337,0.5471,0.57216,0.023188,0.00514,0.000365,0.01328,0.0201,0.0228,0.02648,0.03345,0.444241,0.02033,0.001445,0.40728,0.43152,0.4421,0.45875,0.48392,0.023188,0.00514,0.000365,0.01328,0.0201,0.0228,0.02648,0.03345,1.651336,0.02673,0.0019,1.60158,1.6306,1.6514,1.67258,1.7017,0.536356,0.04359,0.003082,0.49096,0.51768,0.5339,0.54722,0.57422,0.022956,0.00561,0.000397,0.0127,0.01988,0.02275,0.02642,0.03342,0.440688,0.04081,0.002886,0.40562,0.4308,0.44195,0.45865,0.48357,0.022956,0.00561,0.000397,0.0127,0.01988,0.02275,0.02642,0.03342,1.644221,0.0758,0.00536,1.60047,1.62972,1.65095,1.67232,1.70157
136.0,0.535613,0.02163,0.001537,0.49485,0.5212,0.5368,0.54965,0.57432,0.023207,0.00512,0.000364,0.01344,0.01975,0.02305,0.0263,0.03401,0.44118,0.02021,0.001437,0.40448,0.42822,0.4395,0.45548,0.48002,0.023207,0.00512,0.000364,0.01344,0.01975,0.02305,0.0263,0.03401,1.657264,0.0271,0.001926,1.60756,1.63673,1.65665,1.67898,1.71083,0.539386,0.04335,0.003066,0.49488,0.5214,0.5369,0.54998,0.57669,0.022975,0.0056,0.000396,0.0126,0.01967,0.023,0.0263,0.034,0.437639,0.04064,0.002874,0.40379,0.42798,0.439,0.45542,0.47968,0.022975,0.0056,0.000396,0.0126,0.01967,0.023,0.0263,0.034,1.650089,0.07648,0.005408,1.60664,1.6359,1.65655,1.67892,1.71081
137.0,0.538517,0.02139,0.00152,0.49916,0.52362,0.53915,0.55265,0.57644,0.023423,0.00517,0.000368,0.01366,0.0202,0.0233,0.02678,0.03321,0.43806,0.02,0.001421,0.4015,0.4263,0.43635,0.45128,0.47537,0.023423,0.00517,0.000368,0.01366,0.0202,0.0233,0.02678,0.03321,1.663211,0.02751,0.001955,1.61423,1.64158,1.66355,1.68608,1.71771,0.542277,0.04312,0.003049,0.49932,0.52388,0.5393,0.5535,0.57938,0.023189,0.00565,0.0004,0.01319,0.02002,0.0233,0.02672,0.0332,0.434534,0.04041,0.002857,0.39954,0.42528,0.43575,0.45122,0.47499,0.023189,0.00565,0.0004,0.01319,0.02002,0.0233,0.02672,0.0332,1.655977,0.07718,0.005457,1.61086,1.6412,1.66305,1.68602,1.71757
138.0,0.541064,0.02125,0.00151,0.50078,0.52582,0.5415,0.55592,0.57746,0.023802,0.00537,0.000381,0.0138,0.01993,0.02345,0.0272,0.03397,0.435134,0.01977,0.001405,0.39767,0.4229,0.4346,0.44778,0.47224,0.023802,0.00537,0.000381,0.0138,0.01993,0.02345,0.0272,0.03397,1.66938,0.02814,0.002,1.62096,1.64688,1.66875,1.6916,1.72548,0.544813,0.04295,0.003037,0.50079,0.52607,0.5419,0.5565,0.58268,0.023563,0.00584,0.000413,0.01369,0.01988,0.02335,0.0272,0.03393,0.431624,0.04016,0.00284,0.39638,0.42282,0.4342,0.44772,0.47202,0.023563,0.00584,0.000413,0.01369,0.01988,0.02335,0.0272,0.03393,1.662085,0.07797,0.005514,1.61496,1.64675,1.6686,1.6916,1.72542
139.0,0.543458,0.02116,0.001504,0.50499,0.52852,0.54385,0.55822,0.58041,0.024142,0.00556,0.000395,0.01486,0.02062,0.0237,0.0283,0.0357,0.432399,0.01946,0.001383,0.39538,0.41962,0.4319,0.44462,0.46966,0.024142,0.00556,0.000395,0.01486,0.02062,0.0237,0.0283,0.0357,1.675724,0.02876,0.002044,1.62747,1.65298,1.6755,1.69925,1.73443,0.5472,0.04285,0.00303,0.5052,0.52858,0.5441,0.5593,0.58394,0.023901,0.00604,0.000427,0.0141,0.0205,0.0236,0.0283,0.0357,0.428899,0.03993,0.002823,0.39484,0.41922,0.43185,0.44448,0.46962,0.023901,0.00604,0.000427,0.0141,0.0205,0.0236,0.0283,0.0357,1.668365,0.07879,0.005571,1.62096,1.65253,1.67465,1.69815,1.73441
140.0,0.545787,0.02108,0.001498,0.50746,0.5309,0.5455,0.56105,0.58399,0.024342,0.00567,0.000403,0.01459,0.02043,0.0238,0.02855,0.03531,0.429871,0.01933,0.001374,0.39531,0.41685,0.4293,0.4423,0.4657,0.024342,0.00567,0.000403,0.01459,0.02043,0.0238,0.02855,0.03531,1.682022,0.02932,0.002084,1.63223,1.66022,1.6807,1.70625,1.74334,0.549522,0.04275,0.003023,0.50748,0.5309,0.54625,0.56178,0.58526,0.024099,0.00614,0.000434,0.01439,0.0201,0.02375,0.02845,0.0353,0.42638,0.03978,0.002813,0.39249,0.41668,0.42915,0.4423,0.46563,0.024099,0.00614,0.000434,0.01439,0.0201,0.02375,0.02845,0.0353,1.6746,0.07958,0.005627,1.62697,1.659,1.68015,1.70595,1.74331
141.0,0.547663,0.021,0.001493,0.51103,0.532,0.54705,0.56295,0.58484,0.024733,0.00583,0.000415,0.0149,0.02037,0.0243,0.0289,0.03612,0.427604,0.01925,0.001368,0.39308,0.4142,0.4276,0.44047,0.46507,0.024733,0.00583,0.000415,0.0149,0.02037,0.0243,0.0289,0.03612,1.688618,0.02988,0.002124,1.63756,1.66638,1.68695,1.71265,1.74988,0.551397,0.04271,0.00302,0.51121,0.532,0.5473,0.56345,0.59009,0.024486,0.00631,0.000446,0.01478,0.02017,0.0243,0.0289,0.03611,0.424117,0.03971,0.002808,0.39135,0.41378,0.42745,0.44043,0.46502,0.024486,0.00631,0.000446,0.01478,0.02017,0.0243,0.0289,0.03611,1.68113,0.08039,0.005685,1.63545,1.6658,1.68635,1.71235,1.74982
142.0,0.549603,0.02106,0.001497,0.51313,0.53382,0.54885,0.56465,0.58686,0.025013,0.00588,0.000418,0.01567,0.02062,0.02435,0.02928,0.03711,0.425384,0.01908,0.001356,0.39169,0.41195,0.4252,0.4389,0.46015,0.025013,0.00588,0.000418,0.01567,0.02062,0.02435,0.02928,0.03711,1.695152,0.03054,0.00217,1.64222,1.67292,1.69365,1.7193,1.75588,0.553332,0.04269,0.003019,0.51344,0.53388,0.5489,0.56543,0.59348,0.024762,0.00636,0.00045,0.0152,0.0203,0.0243,0.02922,0.0371,0.421906,0.03955,0.002797,0.39117,0.41082,0.42485,0.4389,0.45998,0.024762,0.00636,0.00045,0.0152,0.0203,0.0243,0.02922,0.0371,1.687598,0.08124,0.005745,1.6403,1.672,1.69305,1.7179,1.75569
143.0,0.551266,0.02115,0.001503,0.51533,0.53582,0.551,0.56718,0.58923,0.025501,0.00593,0.000422,0.01556,0.0215,0.02535,0.0296,0.0374,0.423233,0.01909,0.001357,0.38902,0.40942,0.4229,0.43722,0.45865,0.025501,0.00593,0.000422,0.01556,0.0215,0.02535,0.0296,0.0374,1.701902,0.03113,0.002213,1.64719,1.679,1.69905,1.72585,1.76178,0.554992,0.04271,0.00302,0.51564,0.53608,0.55105,0.5674,0.59601,0.025245,0.00643,0.000455,0.0144,0.0214,0.02525,0.0296,0.0374,0.419762,0.03949,0.002793,0.3872,0.40898,0.4228,0.43708,0.45848,0.025245,0.00643,0.000455,0.0144,0.0214,0.02525,0.0296,0.0374,1.694281,0.08209,0.005805,1.6447,1.6776,1.699,1.72575,1.76166
144.0,0.552836,0.02116,0.001504,0.5156,0.53832,0.55315,0.56718,0.5925,0.025885,0.006,0.000426,0.0152,0.0218,0.02575,0.0302,0.0374,0.421278,0.01897,0.001348,0.3885,0.4073,0.4218,0.43535,0.45632,0.025885,0.006,0.000426,0.0152,0.0218,0.02575,0.0302,0.0374,1.708728,0.03178,0.002258,1.65332,1.68442,1.70585,1.73202,1.76926,0.556555,0.04265,0.003016,0.51594,0.53838,0.55345,0.56822,0.59539,0.025627,0.0065,0.00046,0.01478,0.02165,0.02565,0.0302,0.0374,0.417818,0.03934,0.002782,0.38381,0.40705,0.42175,0.43485,0.4563,0.025627,0.0065,0.00046,0.01478,0.02165,0.02565,0.0302,0.0374,1.701039,0.08296,0.005866,1.64898,1.68425,1.7058,1.73188,1.76915
145.0,0.554234,0.02138,0.001519,0.51459,0.54058,0.5537,0.56818,0.59509,0.026277,0.0062,0.00044,0.01606,0.02182,0.02585,0.0307,0.03804,0.419489,0.01908,0.001356,0.38551,0.4051,0.4201,0.4339,0.45198,0.026277,0.0062,0.00044,0.01606,0.02182,0.02585,0.0307,0.03804,1.715677,0.03246,0.002307,1.66026,1.69137,1.7131,1.7393,1.77734,0.557954,0.04278,0.003025,0.51493,0.54072,0.5542,0.56898,0.5976,0.026014,0.0067,0.000474,0.01523,0.0218,0.02575,0.0307,0.03802,0.416032,0.03937,0.002784,0.37937,0.40458,0.42005,0.4339,0.45159,0.026014,0.0067,0.000474,0.01523,0.0218,0.02575,0.0307,0.03802,1.707919,0.08386,0.00593,1.65407,1.69085,1.71265,1.7393,1.77732
146.0,0.555217,0.02165,0.001538,0.51257,0.54228,0.55505,0.57,0.59759,0.026967,0.00645,0.000458,0.01558,0.02245,0.0265,0.0313,0.04073,0.417816,0.01911,0.001358,0.3821,0.40372,0.4194,0.43178,0.45045,0.026967,0.00645,0.000458,0.01558,0.02245,0.0265,0.0313,0.04073,1.723008,0.03319,0.002359,1.66687,1.69865,1.7208,1.7466,1.78427,0.558939,0.04292,0.003035,0.51266,0.54242,0.55575,0.57065,0.60055,0.026697,0.00696,0.000492,0.01524,0.02218,0.02645,0.0313,0.04071,0.414364,0.03934,0.002782,0.38054,0.40285,0.4192,0.43172,0.45008,0.026697,0.00696,0.000492,0.01524,0.02218,0.02645,0.0313,0.04071,1.715176,0.08482,0.005998,1.65938,1.6978,1.72045,1.7458,1.78422
147.0,0.556152,0.02182,0.00155,0.51426,0.54282,0.5551,0.56998,0.59821,0.027615,0.00655,0.000466,0.01609,0.02352,0.02715,0.03167,0.04058,0.416233,0.01918,0.001363,0.3802,0.40245,0.417,0.43012,0.45025,0.027615,0.00655,0.000466,0.01609,0.02352,0.02715,0.03167,0.04058,1.73047,0.03383,0.002404,1.66957,1.70558,1.7281,1.75562,1.79101,0.559876,0.04303,0.003043,0.51429,0.54308,0.5557,0.57028,0.60379,0.027339,0.00708,0.0005,0.01485,0.02315,0.0271,0.03162,0.04053,0.412785,0.03933,0.002781,0.3775,0.40217,0.41685,0.42958,0.45002,0.027339,0.00708,0.0005,0.01485,0.02315,0.0271,0.03162,0.04053,1.722563,0.08575,0.006064,1.66476,1.70525,1.72715,1.75548,1.791
148.0,0.556761,0.02204,0.001566,0.51446,0.54313,0.55685,0.57103,0.60152,0.028437,0.00665,0.000472,0.01688,0.02422,0.02815,0.03258,0.04124,0.414803,0.0193,0.001372,0.37849,0.4017,0.41565,0.42715,0.45198,0.028437,0.00665,0.000472,0.01688,0.02422,0.02815,0.03258,0.04124,1.738206,0.03461,0.00246,1.67587,1.71298,1.73495,1.7643,1.79921,0.560495,0.04322,0.003056,0.51455,0.54317,0.55735,0.57163,0.60621,0.028153,0.0072,0.000509,0.01448,0.02388,0.0281,0.03252,0.04121,0.411352,0.03941,0.002787,0.37518,0.40088,0.4152,0.42705,0.45193,0.028153,0.0072,0.000509,0.01448,0.02388,0.0281,0.03252,0.04121,1.730222,0.08677,0.006135,1.66994,1.71257,1.7339,1.7641,1.7992
149.0,0.557146,0.02217,0.001575,0.51446,0.54265,0.55745,0.5714,0.6057,0.029331,0.00672,0.000477,0.01706,0.025,0.0294,0.03378,0.04204,0.413523,0.01928,0.00137,0.37597,0.40102,0.41445,0.425,0.44967,0.029331,0.00672,0.000477,0.01706,0.025,0.0294,0.03378,0.04204,1.746223,0.03529,0.002508,1.68281,1.721,1.7433,1.77242,1.80906,0.560888,0.04336,0.003066,0.51449,0.54275,0.5577,0.57165,0.60864,0.029038,0.0073,0.000516,0.0143,0.02458,0.02925,0.03372,0.04201,0.410074,0.03939,0.002785,0.37361,0.40082,0.4139,0.425,0.44962,0.029038,0.0073,0.000516,0.0143,0.02458,0.02925,0.03372,0.04201,1.738159,0.08777,0.006206,1.67458,1.7204,1.74325,1.77207,1.80902
150.0,0.55718,0.02258,0.001605,0.51409,0.54155,0.5572,0.57235,0.60762,0.030041,0.00675,0.00048,0.01705,0.0261,0.0298,0.03475,0.04267,0.412779,0.01957,0.00139,0.3744,0.40072,0.4126,0.42432,0.44978,0.030041,0.00675,0.00048,0.01705,0.0261,0.0298,0.03475,0.04267,1.754426,0.03603,0.00256,1.68878,1.73002,1.7526,1.77942,1.81878,0.560941,0.04373,0.003092,0.5141,0.54165,0.5575,0.57282,0.6096,0.029741,0.00735,0.00052,0.01595,0.0259,0.0298,0.03465,0.04262,0.409319,0.03963,0.002802,0.37052,0.40052,0.4124,0.42418,0.44973,0.029741,0.00735,0.00052,0.01595,0.0259,0.0298,0.03465,0.04262,1.74628,0.08881,0.00628,1.67907,1.72888,1.7523,1.77928,1.81873
151.0,0.557078,0.0229,0.001627,0.51303,0.54228,0.55645,0.5721,0.60508,0.030916,0.00692,0.000492,0.01758,0.02692,0.0308,0.0352,0.04374,0.412006,0.01976,0.001404,0.3722,0.40072,0.41155,0.4239,0.44975,0.030916,0.00692,0.000492,0.01758,0.02692,0.0308,0.0352,0.04374,1.762842,0.03677,0.002613,1.69493,1.73812,1.76235,1.79,1.82765,0.56085,0.04398,0.00311,0.51308,0.54242,0.55695,0.57222,0.60958,0.030607,0.00754,0.000533,0.01677,0.02685,0.03075,0.0352,0.04372,0.408543,0.03974,0.00281,0.36617,0.3999,0.41125,0.4237,0.44972,0.030607,0.00754,0.000533,0.01677,0.02685,0.03075,0.0352,0.04372,1.754612,0.08988,0.006356,1.6843,1.73745,1.76195,1.79,1.82762
152.0,0.556534,0.02314,0.001645,0.51056,0.54265,0.55675,0.57145,0.60465,0.03186,0.00711,0.000505,0.01848,0.02718,0.0316,0.03625,0.04543,0.411606,0.01988,0.001412,0.36877,0.39918,0.41205,0.42435,0.45013,0.03186,0.00711,0.000505,0.01848,0.02718,0.0316,0.03625,0.04543,1.771551,0.03743,0.00266,1.70308,1.74555,1.7731,1.79998,1.83563,0.560322,0.04425,0.003129,0.51059,0.54275,0.55695,0.57178,0.60848,0.031541,0.00775,0.000548,0.0174,0.02705,0.0316,0.03615,0.04541,0.408136,0.03986,0.002819,0.36547,0.3988,0.41175,0.42425,0.45011,0.031541,0.00775,0.000548,0.0174,0.02705,0.0316,0.03615,0.04541,1.763233,0.09094,0.006431,1.6917,1.74428,1.7723,1.79972,1.83554
153.0,0.555939,0.02345,0.001667,0.5099,0.54218,0.55525,0.5714,0.60486,0.032659,0.00731,0.000519,0.01903,0.02792,0.03285,0.0377,0.04643,0.411402,0.02009,0.001428,0.36909,0.39818,0.4115,0.424,0.45006,0.032659,0.00731,0.000519,0.01903,0.02792,0.03285,0.0377,0.04643,1.780417,0.0381,0.002708,1.70932,1.75333,1.7825,1.81042,1.84654,0.559742,0.04454,0.00315,0.50997,0.54232,0.55575,0.5717,0.60641,0.032332,0.00797,0.000563,0.01797,0.0279,0.03255,0.0377,0.04641,0.407925,0.04003,0.002831,0.36437,0.3978,0.4109,0.424,0.45002,0.032332,0.00797,0.000563,0.01797,0.0279,0.03255,0.0377,0.04641,1.772011,0.09202,0.006507,1.70098,1.75298,1.782,1.81028,1.84652
154.0,0.55497,0.02385,0.001695,0.50876,0.5408,0.5548,0.5703,0.60448,0.033496,0.0076,0.00054,0.01855,0.02812,0.0334,0.03847,0.04771,0.411534,0.02029,0.001442,0.36866,0.39842,0.41165,0.42395,0.45097,0.033496,0.0076,0.00054,0.01855,0.02812,0.0334,0.03847,0.04771,1.789557,0.03884,0.00276,1.71448,1.7625,1.79255,1.81995,1.85758,0.558796,0.04494,0.003178,0.50879,0.5408,0.5552,0.57118,0.60584,0.033161,0.00827,0.000585,0.01759,0.0281,0.03335,0.03842,0.0477,0.408042,0.04025,0.002846,0.36644,0.39812,0.41125,0.42385,0.45092,0.033161,0.00827,0.000585,0.01759,0.0281,0.03335,0.03842,0.0477,1.781059,0.09316,0.006587,1.70988,1.76,1.79205,1.81965,1.85752
155.0,0.55394,0.02441,0.001734,0.50866,0.53945,0.5523,0.56985,0.60437,0.034467,0.0078,0.000554,0.01915,0.02902,0.035,0.03973,0.04844,0.411593,0.0206,0.001464,0.36949,0.39862,0.4111,0.42378,0.4522,0.034467,0.0078,0.000554,0.01915,0.02902,0.035,0.03973,0.04844,1.798926,0.03964,0.002817,1.71998,1.77148,1.80235,1.83032,1.86695,0.557794,0.04546,0.003215,0.50876,0.53975,0.55255,0.57045,0.60566,0.034122,0.00849,0.0006,0.018,0.02898,0.03485,0.03958,0.04842,0.408084,0.04056,0.002868,0.36476,0.39828,0.4109,0.42352,0.45213,0.034122,0.00849,0.0006,0.018,0.02898,0.03485,0.03958,0.04842,1.790335,0.09434,0.006671,1.71819,1.77092,1.8012,1.83018,1.86672
156.0,0.552633,0.02484,0.001766,0.50648,0.53615,0.55065,0.56908,0.60339,0.035222,0.00776,0.000552,0.02007,0.03,0.03515,0.04065,0.04931,0.412145,0.02094,0.001488,0.36965,0.39918,0.41225,0.42472,0.45285,0.035222,0.00776,0.000552,0.02007,0.03,0.03515,0.04065,0.04931,1.808438,0.04039,0.002871,1.72903,1.77945,1.81185,1.83962,1.8791,0.556513,0.04592,0.003247,0.50649,0.53625,0.5507,0.56972,0.60551,0.03487,0.00849,0.0006,0.01936,0.02978,0.0351,0.04055,0.0493,0.408618,0.0409,0.002892,0.3667,0.39898,0.412,0.42458,0.45275,0.03487,0.00849,0.0006,0.01936,0.02978,0.0351,0.04055,0.0493,1.799752,0.09551,0.006754,1.7261,1.77898,1.8113,1.83888,1.87897
157.0,0.550974,0.02514,0.001786,0.50485,0.53452,0.5494,0.56755,0.59986,0.036026,0.00785,0.000558,0.02098,0.0304,0.0356,0.04172,0.05024,0.412999,0.02125,0.00151,0.36972,0.39958,0.41355,0.42588,0.45318,0.036026,0.00785,0.000558,0.02098,0.0304,0.0356,0.04172,0.05024,1.818185,0.04096,0.002911,1.7381,1.78908,1.8213,1.84978,1.88894,0.554888,0.04636,0.003278,0.50495,0.53458,0.54955,0.56795,0.60632,0.035666,0.0086,0.000608,0.02009,0.03018,0.03555,0.04158,0.05021,0.409447,0.04127,0.002918,0.36782,0.39888,0.41335,0.42582,0.45306,0.035666,0.0086,0.000608,0.02009,0.03018,0.03555,0.04158,0.05021,1.809402,0.09664,0.006833,1.73454,1.78788,1.82085,1.84872,1.88884
158.0,0.549126,0.02559,0.001819,0.50296,0.5324,0.5474,0.56558,0.5998,0.036955,0.0081,0.000576,0.02255,0.0313,0.0365,0.04293,0.05249,0.413919,0.02163,0.001538,0.36997,0.4013,0.41485,0.42832,0.45572,0.036955,0.0081,0.000576,0.02255,0.0313,0.0365,0.04293,0.05249,1.828233,0.04153,0.002952,1.7459,1.79878,1.83095,1.86045,1.89822,0.553076,0.04691,0.003317,0.50298,0.5324,0.54775,0.56612,0.60359,0.036585,0.00886,0.000627,0.0216,0.0311,0.0365,0.04277,0.05243,0.410339,0.04169,0.002948,0.36766,0.39933,0.4148,0.42818,0.4557,0.036585,0.00886,0.000627,0.0216,0.0311,0.0365,0.04277,0.05243,1.819349,0.09778,0.006914,1.74236,1.79695,1.83075,1.86035,1.89814
159.0,0.547243,0.02595,0.001844,0.50214,0.52935,0.5444,0.56382,0.59837,0.037781,0.0082,0.000583,0.02326,0.0318,0.03785,0.04312,0.05412,0.414976,0.02195,0.00156,0.37041,0.40042,0.41535,0.42918,0.45472,0.037781,0.0082,0.000583,0.02326,0.0318,0.03785,0.04312,0.05412,1.838336,0.04203,0.002987,1.75464,1.8086,1.84125,1.8716,1.908,0.551221,0.04734,0.003347,0.50225,0.52945,0.54455,0.56455,0.6007,0.037403,0.00898,0.000635,0.0226,0.03162,0.03765,0.04298,0.05411,0.411377,0.04203,0.002972,0.36825,0.40018,0.41515,0.42912,0.45471,0.037403,0.00898,0.000635,0.0226,0.03162,0.03765,0.04298,0.05411,1.829351,0.0989,0.006994,1.75254,1.80768,1.84015,1.8716,1.90794
160.0,0.545365,0.02643,0.001879,0.49774,0.5266,0.5426,0.56245,0.59795,0.038598,0.00834,0.000592,0.0243,0.03202,0.0387,0.04427,0.05404,0.416037,0.02228,0.001584,0.37252,0.40052,0.41735,0.4309,0.45549,0.038598,0.00834,0.000592,0.0243,0.03202,0.0387,0.04427,0.05404,1.848647,0.04258,0.003026,1.76428,1.81838,1.8516,1.8823,1.92027,0.549372,0.04785,0.003384,0.49778,0.5266,0.5432,0.56262,0.60201,0.038212,0.00914,0.000647,0.02418,0.0318,0.03865,0.04422,0.05402,0.412415,0.04239,0.002997,0.36706,0.39958,0.41715,0.4309,0.45543,0.038212,0.00914,0.000647,0.02418,0.0318,0.03865,0.04422,0.05402,1.839559,0.10007,0.007076,1.76327,1.81742,1.85005,1.8821,1.92016
161.0,0.543368,0.02686,0.001909,0.49514,0.52537,0.54155,0.5613,0.59788,0.039085,0.00832,0.000591,0.02454,0.03252,0.03865,0.04508,0.05472,0.417547,0.02259,0.001606,0.37338,0.40162,0.4185,0.4331,0.45711,0.039085,0.00832,0.000591,0.02454,0.03252,0.03865,0.04508,0.05472,1.858955,0.04306,0.00306,1.77399,1.82962,1.86065,1.8922,1.9309,0.547408,0.04836,0.003419,0.49518,0.52552,0.54225,0.56165,0.59995,0.038694,0.00915,0.000647,0.0234,0.03238,0.0385,0.04502,0.0547,0.413898,0.04278,0.003025,0.36728,0.40092,0.41835,0.4331,0.4571,0.038694,0.00915,0.000647,0.0234,0.03238,0.0385,0.04502,0.0547,1.849764,0.1012,0.007156,1.77331,1.82895,1.85945,1.8922,1.93057
162.0,0.54119,0.02718,0.001932,0.49286,0.52188,0.5388,0.55998,0.59622,0.039782,0.00838,0.000596,0.02565,0.03333,0.0396,0.04548,0.05687,0.419028,0.02292,0.001629,0.37409,0.40385,0.4208,0.43442,0.45912,0.039782,0.00838,0.000596,0.02565,0.03333,0.0396,0.04548,0.05687,1.869445,0.04354,0.003094,1.78529,1.84137,1.873,1.90452,1.94206,0.545261,0.04879,0.00345,0.49288,0.52202,0.5389,0.56025,0.60014,0.039384,0.00924,0.000653,0.0238,0.03308,0.0395,0.04543,0.05683,0.415355,0.04316,0.003052,0.36949,0.40302,0.42065,0.43428,0.45911,0.039384,0.00924,0.000653,0.0238,0.03308,0.0395,0.04543,0.05683,1.860149,0.10235,0.007237,1.78399,1.84065,1.87095,1.90418,1.94148
163.0,0.538689,0.02742,0.001948,0.49043,0.51933,0.5358,0.55702,0.59442,0.040581,0.00827,0.000588,0.02589,0.03382,0.0408,0.04595,0.05766,0.42073,0.02321,0.001649,0.37332,0.40568,0.4228,0.43698,0.46224,0.040581,0.00827,0.000588,0.02589,0.03382,0.0408,0.04595,0.05766,1.880263,0.04393,0.003122,1.79693,1.8538,1.8844,1.9145,1.95131,0.542798,0.04924,0.003481,0.49068,0.51937,0.5363,0.55768,0.59862,0.040175,0.00917,0.000649,0.02568,0.03358,0.0408,0.04585,0.05762,0.417026,0.04356,0.00308,0.37223,0.40545,0.422,0.43692,0.46222,0.040175,0.00917,0.000649,0.02568,0.03358,0.0408,0.04585,0.05762,1.870858,0.10349,0.007318,1.79272,1.85308,1.8832,1.9139,1.9507
164.0,0.536471,0.02752,0.001956,0.48737,0.51672,0.5345,0.55452,0.59413,0.041036,0.00819,0.000582,0.02699,0.0349,0.04115,0.0469,0.0576,0.422493,0.0235,0.00167,0.37505,0.40728,0.42465,0.43868,0.46365,0.041036,0.00819,0.000582,0.02699,0.0349,0.04115,0.0469,0.0576,1.890917,0.04403,0.003129,1.80916,1.86528,1.89395,1.92432,1.96271,0.540615,0.04959,0.003506,0.48752,0.51678,0.53495,0.55538,0.59674,0.040625,0.00912,0.000645,0.02657,0.03478,0.04105,0.0469,0.05753,0.418759,0.04397,0.003109,0.3717,0.40698,0.42425,0.43862,0.46362,0.040625,0.00912,0.000645,0.02657,0.03478,0.04105,0.0469,0.05753,1.881405,0.1045,0.007389,1.80362,1.86452,1.89345,1.92418,1.96224
165.0,0.53411,0.02741,0.001948,0.4841,0.51462,0.5323,0.55228,0.59122,0.041619,0.00809,0.000575,0.0281,0.03598,0.0412,0.04698,0.05881,0.424271,0.02359,0.001677,0.37518,0.40935,0.4272,0.44105,0.46612,0.041619,0.00809,0.000575,0.0281,0.03598,0.0412,0.04698,0.05881,1.901748,0.04418,0.00314,1.81964,1.8766,1.90555,1.93632,1.97375,0.538287,0.0498,0.003521,0.4841,0.51468,0.5326,0.55272,0.59261,0.041202,0.00906,0.000641,0.0278,0.03588,0.0411,0.04692,0.0588,0.420511,0.04425,0.003129,0.37363,0.40895,0.42705,0.44075,0.4661,0.041202,0.00906,0.000641,0.0278,0.03588,0.0411,0.04692,0.0588,1.892128,0.10554,0.007463,1.81594,1.87615,1.90535,1.93618,1.97345
166.0,0.531504,0.02752,0.001956,0.48316,0.5114,0.52885,0.5506,0.58845,0.042203,0.00793,0.000564,0.02968,0.03672,0.04185,0.0471,0.05962,0.426293,0.02394,0.001701,0.37797,0.41022,0.4297,0.44182,0.46882,0.042203,0.00793,0.000564,0.02968,0.03672,0.04185,0.0471,0.05962,1.912762,0.04429,0.003148,1.83048,1.88692,1.9159,1.94728,1.98572,0.535718,0.05017,0.003548,0.48318,0.5114,0.52915,0.55167,0.59176,0.041781,0.00894,0.000632,0.02883,0.0367,0.0417,0.0471,0.05961,0.4225,0.04471,0.003161,0.37328,0.40978,0.42925,0.44168,0.46868,0.041781,0.00894,0.000632,0.02883,0.0367,0.0417,0.0471,0.05961,1.903033,0.10659,0.007537,1.82465,1.88585,1.91535,1.94722,1.98558
167.0,0.528978,0.02753,0.001956,0.48077,0.5088,0.52745,0.54795,0.58644,0.042664,0.00774,0.00055,0.02919,0.037,0.0424,0.04738,0.05912,0.428358,0.02392,0.0017,0.37806,0.4124,0.4313,0.44502,0.47049,0.042664,0.00774,0.00055,0.02919,0.037,0.0424,0.04738,0.05912,1.923806,0.0444,0.003155,1.84163,1.89643,1.92795,1.9582,1.9978,0.533226,0.05045,0.003568,0.48079,0.5088,0.5282,0.54885,0.58803,0.042238,0.0088,0.000622,0.0283,0.03688,0.04235,0.04732,0.05911,0.424537,0.04494,0.003177,0.37566,0.41148,0.43025,0.44488,0.47043,0.042238,0.0088,0.000622,0.0283,0.03688,0.04235,0.04732,0.05911,1.913966,0.10764,0.007611,1.83332,1.89588,1.92745,1.9582,1.99774
168.0,0.526448,0.02728,0.001939,0.47718,0.50778,0.52585,0.54412,0.5842,0.042887,0.00759,0.000539,0.03007,0.0374,0.0426,0.04807,0.05922,0.430665,0.02405,0.001709,0.38312,0.41402,0.4329,0.44638,0.47275,0.042887,0.00759,0.000539,0.03007,0.0374,0.0426,0.04807,0.05922,1.934908,0.04423,0.003143,1.85187,1.90533,1.93865,1.97072,2.00798,0.530728,0.05059,0.003577,0.4772,0.50792,0.52625,0.54482,0.58561,0.042458,0.00868,0.000614,0.02877,0.03728,0.0425,0.04803,0.05921,0.426814,0.04526,0.0032,0.37719,0.41335,0.4328,0.44632,0.47265,0.042458,0.00868,0.000614,0.02877,0.03728,0.0425,0.04803,0.05921,1.924957,0.10858,0.007678,1.84511,1.9045,1.93825,1.97018,2.00793
169.0,0.524115,0.02701,0.001919,0.47555,0.5055,0.5231,0.54168,0.57826,0.043129,0.00736,0.000523,0.0301,0.03792,0.0429,0.04832,0.0582,0.432756,0.02394,0.001701,0.38438,0.41732,0.4359,0.4503,0.47464,0.043129,0.00736,0.000523,0.0301,0.03792,0.0429,0.04832,0.0582,1.94586,0.04418,0.00314,1.86196,1.91575,1.9494,1.98035,2.0203,0.528428,0.05073,0.003587,0.47565,0.5059,0.52405,0.54327,0.58142,0.042698,0.00849,0.0006,0.02946,0.0377,0.04285,0.04818,0.0582,0.428874,0.04546,0.003215,0.38018,0.4165,0.4357,0.4499,0.47461,0.042698,0.00849,0.0006,0.02946,0.0377,0.04285,0.04818,0.0582,1.935799,0.10956,0.007747,1.85509,1.9152,1.94805,1.98025,2.02017
170.0,0.521664,0.0267,0.001897,0.47236,0.50382,0.5207,0.54,0.5741,0.043427,0.00732,0.00052,0.03004,0.03802,0.04335,0.04845,0.05846,0.43491,0.02396,0.001703,0.3874,0.41902,0.4368,0.4521,0.47702,0.043427,0.00732,0.00052,0.03004,0.03802,0.04335,0.04845,0.05846,1.956977,0.044,0.003127,1.87175,1.92702,1.9592,1.98908,2.03291,0.52601,0.05085,0.003596,0.47239,0.50388,0.5209,0.5404,0.57901,0.042992,0.00848,0.000599,0.02899,0.0379,0.0433,0.04835,0.05842,0.430997,0.04573,0.003234,0.38158,0.41812,0.43665,0.4521,0.477,0.042992,0.00848,0.000599,0.02899,0.0379,0.0433,0.04835,0.05842,1.946805,0.1105,0.007814,1.86546,1.92635,1.95775,1.98882,2.0329
171.0,0.519448,0.0265,0.001884,0.4707,0.5011,0.5192,0.53785,0.56868,0.043669,0.00726,0.000516,0.03128,0.03863,0.0438,0.04848,0.05744,0.436883,0.02394,0.001702,0.38843,0.42055,0.4381,0.4535,0.47931,0.043669,0.00726,0.000516,0.03128,0.03863,0.0438,0.04848,0.05744,1.967933,0.04391,0.003121,1.88162,1.93732,1.9693,2.00005,2.0425,0.523824,0.05099,0.003606,0.47077,0.5011,0.51955,0.53835,0.57476,0.043232,0.00843,0.000596,0.03014,0.03858,0.0437,0.04842,0.05741,0.432944,0.04595,0.003249,0.38571,0.42005,0.43765,0.4535,0.47924,0.043232,0.00843,0.000596,0.03014,0.03858,0.0437,0.04842,0.05741,1.957652,0.11147,0.007882,1.87938,1.937,1.969,1.99975,2.0423
172.0,0.517193,0.02608,0.001853,0.46902,0.49932,0.51655,0.53388,0.56505,0.04376,0.00724,0.000514,0.03046,0.03865,0.04375,0.04855,0.05707,0.439046,0.02384,0.001694,0.39043,0.42337,0.4393,0.45512,0.48173,0.04376,0.00724,0.000514,0.03046,0.03865,0.04375,0.04855,0.05707,1.978921,0.04354,0.003094,1.8939,1.94848,1.9794,2.01105,2.05501,0.521602,0.05106,0.00361,0.46914,0.49938,0.51675,0.53418,0.57323,0.043322,0.00842,0.000596,0.02979,0.03847,0.04365,0.04845,0.05703,0.435075,0.04617,0.003265,0.38915,0.42285,0.4393,0.45498,0.48171,0.043322,0.00842,0.000596,0.02979,0.03847,0.04365,0.04845,0.05703,1.968529,0.11234,0.007944,1.89078,1.94812,1.97895,2.01075,2.05487
173.0,0.514986,0.02562,0.001821,0.46677,0.49825,0.5135,0.5319,0.56472,0.043708,0.00723,0.000514,0.03048,0.0388,0.0434,0.04868,0.05713,0.441306,0.02362,0.001679,0.39375,0.4258,0.4417,0.45748,0.48422,0.043708,0.00723,0.000514,0.03048,0.0388,0.0434,0.04868,0.05713,1.989828,0.04319,0.003069,1.90841,1.96108,1.9898,2.0212,2.06677,0.519422,0.05106,0.003611,0.46692,0.49835,0.51365,0.5322,0.56994,0.04327,0.00841,0.000595,0.02997,0.03858,0.0433,0.04862,0.05698,0.437307,0.0463,0.003274,0.39089,0.42475,0.4416,0.45742,0.4842,0.04327,0.00841,0.000595,0.02997,0.03858,0.0433,0.04862,0.05698,1.979328,0.11321,0.008005,1.90202,1.95975,1.9895,2.0212,2.06666
174.0,0.513018,0.0254,0.001805,0.46264,0.49522,0.51165,0.52965,0.56454,0.043458,0.00726,0.000516,0.03118,0.03902,0.04265,0.0481,0.05886,0.443524,0.02344,0.001665,0.39899,0.42768,0.4434,0.46028,0.48782,0.043458,0.00726,0.000516,0.03118,0.03902,0.04265,0.0481,0.05886,2.000637,0.04288,0.003047,1.91664,1.97212,1.99985,2.03145,2.07822,0.517483,0.05121,0.003621,0.46275,0.49528,0.51175,0.53038,0.56584,0.043023,0.00843,0.000596,0.02949,0.03868,0.0426,0.0481,0.05882,0.439494,0.04647,0.003286,0.39289,0.4275,0.44295,0.46022,0.4878,0.043023,0.00843,0.000596,0.02949,0.03868,0.0426,0.0481,0.05882,1.990028,0.11409,0.008068,1.91221,1.97158,1.9998,2.03135,2.07807
175.0,0.511161,0.02495,0.001773,0.4607,0.4956,0.51105,0.52682,0.56365,0.043208,0.00726,0.000516,0.0296,0.0383,0.04215,0.0486,0.05767,0.445631,0.02323,0.001651,0.4021,0.42995,0.44595,0.46278,0.48931,0.043208,0.00726,0.000516,0.0296,0.0383,0.04215,0.0486,0.05767,2.011315,0.04235,0.00301,1.92902,1.98262,2.01035,2.04125,2.08888,0.515657,0.05126,0.003624,0.46084,0.4956,0.51125,0.52752,0.5668,0.042775,0.00841,0.000595,0.02918,0.0383,0.0421,0.0486,0.05762,0.441568,0.04666,0.003299,0.39688,0.4298,0.44545,0.46252,0.48924,0.042775,0.00841,0.000595,0.02918,0.0383,0.0421,0.0486,0.05762,2.000599,0.11489,0.008124,1.92236,1.98215,2.01005,2.04115,2.08876
176.0,0.509573,0.02448,0.00174,0.45896,0.49442,0.5094,0.52572,0.56202,0.042842,0.00741,0.000527,0.0297,0.0375,0.04205,0.04832,0.05704,0.447585,0.02285,0.001624,0.40368,0.43302,0.4485,0.46315,0.49091,0.042842,0.00741,0.000527,0.0297,0.0375,0.04205,0.04832,0.05704,2.021828,0.04192,0.002979,1.93817,1.99255,2.01995,2.05053,2.09866,0.514095,0.05127,0.003625,0.45906,0.49488,0.5098,0.52652,0.56661,0.042414,0.00853,0.000603,0.02968,0.0373,0.0419,0.04778,0.05701,0.443491,0.04674,0.003305,0.40148,0.43145,0.44825,0.46305,0.49077,0.042414,0.00853,0.000603,0.02968,0.0373,0.0419,0.04778,0.05701,2.011008,0.11571,0.008182,1.93229,1.99222,2.01975,2.05037,2.09848
177.0,0.508124,0.02407,0.001711,0.45945,0.4917,0.50875,0.52405,0.55729,0.042701,0.00747,0.000531,0.03036,0.03702,0.04205,0.04768,0.05824,0.449175,0.02268,0.001612,0.40326,0.43405,0.44975,0.46445,0.49262,0.042701,0.00747,0.000531,0.03036,0.03702,0.04205,0.04768,0.05824,2.032259,0.0414,0.002942,1.94907,2.0047,2.0319,2.05933,2.10621,0.512666,0.05124,0.003623,0.45948,0.4917,0.5091,0.52468,0.563,0.042273,0.00856,0.000605,0.0298,0.037,0.04195,0.04762,0.05822,0.445061,0.04683,0.003312,0.40133,0.43325,0.4496,0.46435,0.49254,0.042273,0.00856,0.000605,0.0298,0.037,0.04195,0.04762,0.05822,2.021334,0.1165,0.008237,1.9444,2.00412,2.03145,2.05917,2.10587
178.0,0.506728,0.02376,0.001689,0.46036,0.49062,0.5076,0.52288,0.55448,0.042446,0.00739,0.000525,0.03088,0.03632,0.0418,0.0478,0.0568,0.450825,0.02234,0.001588,0.40452,0.43672,0.45085,0.46652,0.49512,0.042446,0.00739,0.000525,0.03088,0.03632,0.0418,0.0478,0.0568,2.042667,0.0409,0.002906,1.96016,2.01535,2.04225,2.06938,2.11599,0.511289,0.05127,0.003625,0.46039,0.49087,0.50785,0.52325,0.56175,0.042022,0.00848,0.0006,0.0306,0.03628,0.0416,0.0478,0.0568,0.446689,0.04687,0.003314,0.40179,0.4364,0.45035,0.46618,0.49504,0.042022,0.00848,0.0006,0.0306,0.03628,0.0416,0.0478,0.0568,2.031638,0.11729,0.008294,1.95539,2.01458,2.0422,2.06932,2.11566
179.0,0.505455,0.02338,0.001662,0.46073,0.49052,0.5059,0.52108,0.54943,0.042143,0.0074,0.000526,0.03029,0.03645,0.0417,0.0473,0.05733,0.452403,0.02188,0.001555,0.40888,0.43742,0.4517,0.46735,0.49673,0.042143,0.0074,0.000526,0.03029,0.03645,0.0417,0.0473,0.05733,2.052968,0.04037,0.002869,1.9726,2.0265,2.05255,2.07868,2.1238,0.510033,0.05125,0.003624,0.46084,0.49058,0.5062,0.52155,0.56066,0.041722,0.00848,0.0006,0.02989,0.03638,0.04165,0.0473,0.05731,0.448245,0.04683,0.003312,0.40188,0.43708,0.4514,0.46725,0.49658,0.041722,0.00848,0.0006,0.02989,0.03638,0.04165,0.0473,0.05731,2.041836,0.11808,0.00835,1.96626,2.02492,2.05245,2.07843,2.1234
180.0,0.504315,0.02312,0.001643,0.45819,0.49098,0.5039,0.5193,0.54838,0.041915,0.00754,0.000536,0.02979,0.03602,0.0409,0.0469,0.05712,0.45377,0.02149,0.001527,0.41027,0.43922,0.4533,0.46832,0.49767,0.041915,0.00754,0.000536,0.02979,0.03602,0.0409,0.0469,0.05712,2.063212,0.03987,0.002834,1.98376,2.03552,2.06365,2.08855,2.13329,0.508912,0.0513,0.003627,0.45826,0.49112,0.50405,0.51982,0.55778,0.041496,0.00859,0.000608,0.02898,0.03597,0.04075,0.0469,0.0571,0.449593,0.04683,0.003312,0.4061,0.4384,0.4532,0.46818,0.49762,0.041496,0.00859,0.000608,0.02898,0.03597,0.04075,0.0469,0.0571,2.051978,0.11888,0.008406,1.97678,2.035,2.0633,2.08845,2.13303
181.0,0.503341,0.02281,0.001621,0.45748,0.48938,0.50215,0.5178,0.54704,0.041396,0.00765,0.000544,0.02991,0.03585,0.0403,0.04608,0.05777,0.455263,0.02114,0.001503,0.41219,0.44015,0.4553,0.46938,0.49694,0.041396,0.00765,0.000544,0.02991,0.03585,0.0403,0.04608,0.05777,2.073303,0.03933,0.002795,1.99623,2.04538,2.07365,2.09968,2.14431,0.507952,0.05129,0.003627,0.45749,0.48972,0.50275,0.5181,0.5518,0.040982,0.00866,0.000613,0.02817,0.03565,0.04015,0.04602,0.05772,0.451066,0.04685,0.003313,0.4082,0.43968,0.45475,0.46932,0.49692,0.040982,0.00866,0.000613,0.02817,0.03565,0.04015,0.04602,0.05772,2.061968,0.11965,0.00846,1.9886,2.04465,2.0727,2.09902,2.1443
182.0,0.502597,0.02253,0.001601,0.45787,0.48855,0.5011,0.5174,0.54573,0.04093,0.00772,0.000548,0.02813,0.0353,0.03965,0.04598,0.05805,0.456473,0.02082,0.00148,0.41704,0.4415,0.45615,0.47008,0.49718,0.04093,0.00772,0.000548,0.02813,0.0353,0.03965,0.04598,0.05805,2.08325,0.03877,0.002755,2.00788,2.05582,2.08445,2.10965,2.15436,0.507224,0.05131,0.003628,0.45796,0.48865,0.50125,0.5176,0.54824,0.04052,0.00869,0.000615,0.02669,0.035,0.03955,0.04593,0.05795,0.452256,0.0469,0.003316,0.40935,0.44108,0.45595,0.47002,0.49713,0.04052,0.00869,0.000615,0.02669,0.035,0.03955,0.04593,0.05795,2.071816,0.1204,0.008514,2.00055,2.05418,2.08375,2.10955,2.15432
183.0,0.501955,0.02245,0.001596,0.45558,0.48795,0.50105,0.51747,0.54084,0.040437,0.00776,0.000551,0.02726,0.03463,0.0399,0.04578,0.05825,0.457608,0.02054,0.001459,0.4177,0.44302,0.458,0.47045,0.49753,0.040437,0.00776,0.000551,0.02726,0.03463,0.0399,0.04578,0.05825,2.092931,0.03831,0.002723,2.01896,2.06503,2.09375,2.11888,2.16506,0.506597,0.05141,0.003635,0.45566,0.48805,0.5014,0.5181,0.55025,0.040033,0.00871,0.000616,0.02637,0.0345,0.03985,0.04572,0.05822,0.45337,0.04694,0.003319,0.41381,0.4429,0.45795,0.47035,0.49751,0.040033,0.00871,0.000616,0.02637,0.0345,0.03985,0.04572,0.05822,2.0814,0.12118,0.008568,2.01435,2.06398,2.0931,2.11822,2.16495
184.0,0.501573,0.02227,0.001583,0.45544,0.4874,0.5013,0.5166,0.53923,0.039942,0.00769,0.000547,0.02676,0.03432,0.03945,0.045,0.05612,0.458484,0.02029,0.001442,0.41808,0.44522,0.45885,0.47097,0.49772,0.039942,0.00769,0.000547,0.02676,0.03432,0.03945,0.045,0.05612,2.102455,0.03784,0.002689,2.02938,2.07445,2.1036,2.12792,2.1745,0.506223,0.0514,0.003635,0.45554,0.4876,0.5015,0.5176,0.54998,0.039543,0.00863,0.00061,0.02498,0.03415,0.03935,0.045,0.05611,0.454234,0.04696,0.00332,0.41518,0.44452,0.4586,0.47093,0.49771,0.039543,0.00863,0.00061,0.02498,0.03415,0.03935,0.045,0.05611,2.090828,0.12193,0.008622,2.02686,2.0734,2.10265,2.12758,2.1743
185.0,0.501402,0.02235,0.001588,0.4548,0.48705,0.501,0.51668,0.5409,0.039443,0.00775,0.000551,0.02574,0.0339,0.0391,0.0444,0.05604,0.459156,0.02029,0.001442,0.41903,0.44582,0.45935,0.47118,0.49954,0.039443,0.00775,0.000551,0.02574,0.0339,0.0391,0.0444,0.05604,2.11188,0.03729,0.00265,2.03979,2.08342,2.11085,2.1376,2.1837,0.506062,0.05153,0.003644,0.45494,0.48715,0.5011,0.51737,0.55042,0.039048,0.00866,0.000612,0.02448,0.0337,0.03895,0.0444,0.05595,0.454889,0.0471,0.00333,0.41462,0.44568,0.4592,0.47112,0.49951,0.039048,0.00866,0.000612,0.02448,0.0337,0.03895,0.0444,0.05595,2.100159,0.12266,0.008673,2.03939,2.08282,2.1103,2.1374,2.18357
186.0,0.501373,0.02238,0.001591,0.45559,0.4864,0.50165,0.5167,0.53925,0.038927,0.00774,0.00055,0.02558,0.03302,0.0384,0.04362,0.05514,0.4597,0.02004,0.001424,0.42198,0.44712,0.4607,0.47225,0.49962,0.038927,0.00774,0.00055,0.02558,0.03302,0.0384,0.04362,0.05514,2.121109,0.03691,0.002623,2.05119,2.09432,2.1215,2.1462,2.19132,0.50604,0.05161,0.003649,0.45573,0.4864,0.5019,0.51705,0.54986,0.038538,0.00862,0.00061,0.02468,0.03278,0.03835,0.04348,0.05511,0.455422,0.0471,0.003331,0.4139,0.44652,0.46015,0.47195,0.4996,0.038538,0.00862,0.00061,0.02468,0.03278,0.03835,0.04348,0.05511,2.109296,0.12343,0.008728,2.04946,2.09352,2.12005,2.1458,2.19117
187.0,0.501448,0.02229,0.001584,0.4555,0.48685,0.50115,0.5163,0.54245,0.038382,0.00779,0.000553,0.02558,0.03322,0.0375,0.04348,0.05409,0.46017,0.01979,0.001407,0.42672,0.44853,0.4606,0.47355,0.50043,0.038382,0.00779,0.000553,0.02558,0.03322,0.0375,0.04348,0.05409,2.130214,0.0365,0.002594,2.0634,2.10473,2.1302,2.1556,2.20033,0.506122,0.05162,0.00365,0.4555,0.48735,0.50165,0.51642,0.547,0.037998,0.00864,0.000611,0.02297,0.03295,0.03745,0.04343,0.05403,0.45588,0.0471,0.003331,0.4168,0.44798,0.4603,0.47305,0.50034,0.037998,0.00864,0.000611,0.02297,0.03295,0.03745,0.04343,0.05403,2.11831,0.12417,0.00878,2.05868,2.10405,2.12945,2.1554,2.20031
188.0,0.50167,0.02221,0.001578,0.45678,0.4883,0.50105,0.51658,0.54266,0.037831,0.00752,0.000534,0.02521,0.03297,0.03685,0.043,0.05331,0.460499,0.01987,0.001412,0.42567,0.44785,0.46115,0.47405,0.50236,0.037831,0.00752,0.000534,0.02521,0.03297,0.03685,0.043,0.05331,2.139173,0.03611,0.002566,2.07463,2.11295,2.13825,2.1636,2.208,0.506349,0.05164,0.003651,0.4568,0.4883,0.5012,0.51682,0.5458,0.037452,0.00838,0.000592,0.02287,0.03275,0.0368,0.043,0.0533,0.456198,0.04723,0.00334,0.41765,0.4468,0.4611,0.47395,0.50226,0.037452,0.00838,0.000592,0.02287,0.03275,0.0368,0.043,0.0533,2.12718,0.12492,0.008833,2.06709,2.11198,2.1374,2.1636,2.20794
189.0,0.502164,0.02218,0.001576,0.45886,0.48732,0.5033,0.5174,0.5433,0.037282,0.00733,0.000521,0.02447,0.03233,0.03625,0.04227,0.0527,0.460554,0.01978,0.001406,0.42481,0.44673,0.46065,0.47308,0.50037,0.037282,0.00733,0.000521,0.02447,0.03233,0.03625,0.04227,0.0527,2.148075,0.0358,0.002545,2.08706,2.1222,2.14605,2.17162,2.21822,0.506846,0.05165,0.003652,0.45889,0.48738,0.50335,0.51778,0.54542,0.036909,0.00819,0.000579,0.02373,0.0322,0.0362,0.04222,0.05264,0.456245,0.04727,0.003343,0.41712,0.44638,0.4606,0.47282,0.50012,0.036909,0.00819,0.000579,0.02373,0.0322,0.0362,0.04222,0.05264,2.135992,0.12568,0.008887,2.07683,2.12085,2.146,2.17148,2.2182
190.0,0.502816,0.02216,0.001575,0.46043,0.48845,0.50435,0.5166,0.54422,0.036771,0.00719,0.000511,0.02502,0.03175,0.0358,0.04188,0.05114,0.460414,0.01957,0.001391,0.42267,0.44762,0.46045,0.47322,0.50104,0.036771,0.00719,0.000511,0.02502,0.03175,0.0358,0.04188,0.05114,2.156785,0.03556,0.002527,2.09628,2.13117,2.15465,2.17988,2.22559,0.507495,0.05162,0.00365,0.46068,0.48855,0.50455,0.51685,0.5459,0.036403,0.00804,0.000569,0.02332,0.03167,0.0357,0.04182,0.05112,0.456102,0.04721,0.003338,0.41966,0.44748,0.46025,0.47308,0.50088,0.036403,0.00804,0.000569,0.02332,0.03167,0.0357,0.04182,0.05112,2.144616,0.12644,0.008941,2.08347,2.13082,2.1537,2.17963,2.22553
191.0,0.503321,0.02206,0.001568,0.46242,0.48878,0.5042,0.51705,0.54413,0.03642,0.00722,0.000513,0.02442,0.0317,0.03535,0.04135,0.05077,0.46026,0.01941,0.001379,0.4236,0.4474,0.46015,0.47412,0.49853,0.03642,0.00722,0.000513,0.02442,0.0317,0.03535,0.04135,0.05077,2.165475,0.03525,0.002505,2.10495,2.1418,2.16275,2.18778,2.23417,0.508,0.05158,0.003647,0.4628,0.48952,0.5042,0.51748,0.54605,0.036056,0.00805,0.000569,0.02214,0.0317,0.0353,0.04125,0.05066,0.455945,0.04718,0.003336,0.41958,0.4465,0.4599,0.47398,0.49844,0.036056,0.00805,0.000569,0.02214,0.0317,0.0353,0.04125,0.05066,2.153218,0.12719,0.008994,2.09018,2.13995,2.1625,2.18773,2.23412
192.0,0.503943,0.02198,0.001562,0.46609,0.48895,0.50515,0.51822,0.54536,0.035956,0.00709,0.000504,0.02295,0.03133,0.0353,0.04058,0.04964,0.460102,0.01935,0.001375,0.42431,0.44678,0.45995,0.47355,0.49854,0.035956,0.00709,0.000504,0.02295,0.03133,0.0353,0.04058,0.04964,2.174082,0.03505,0.002491,2.11197,2.1503,2.17185,2.19698,2.24113,0.50862,0.05152,0.003643,0.46663,0.48925,0.50525,0.51915,0.54873,0.035596,0.00791,0.000559,0.02037,0.0312,0.03525,0.04052,0.04955,0.455784,0.04718,0.003336,0.42169,0.4463,0.45985,0.47305,0.49845,0.035596,0.00791,0.000559,0.02037,0.0312,0.03525,0.04052,0.04955,2.161739,0.12796,0.009048,2.09934,2.14915,2.1717,2.19693,2.24104
193.0,0.504653,0.02193,0.001559,0.46566,0.48915,0.5054,0.52,0.54544,0.035563,0.00709,0.000504,0.02246,0.03112,0.03515,0.0402,0.05091,0.459784,0.01929,0.001371,0.42319,0.44698,0.45985,0.4732,0.49667,0.035563,0.00709,0.000504,0.02246,0.03112,0.03515,0.0402,0.05091,2.182616,0.03484,0.002476,2.1177,2.1602,2.1814,2.206,2.24934,0.509326,0.05148,0.00364,0.46616,0.48925,0.50575,0.52052,0.55091,0.035207,0.00789,0.000558,0.02047,0.03098,0.0351,0.0402,0.05077,0.455466,0.04716,0.003335,0.42082,0.44665,0.4592,0.4728,0.49662,0.035207,0.00789,0.000558,0.02047,0.03098,0.0351,0.0402,0.05077,2.170188,0.12872,0.009102,2.10711,2.15995,2.1805,2.206,2.24931
194.0,0.505657,0.02225,0.001582,0.46589,0.48955,0.5068,0.51905,0.54815,0.034941,0.00701,0.000498,0.02216,0.0303,0.0347,0.03962,0.05077,0.459402,0.01952,0.001387,0.42236,0.44695,0.4594,0.47315,0.4952,0.034941,0.00701,0.000498,0.02216,0.0303,0.0347,0.03962,0.05077,2.190812,0.03486,0.002477,2.12337,2.16885,2.1904,2.21495,2.25567,0.510327,0.05158,0.003647,0.4663,0.48985,0.5068,0.52245,0.55533,0.034592,0.0078,0.000551,0.0184,0.03018,0.03465,0.03947,0.05072,0.455081,0.04727,0.003343,0.42076,0.44625,0.45905,0.47305,0.49506,0.034592,0.0078,0.000551,0.0184,0.03018,0.03465,0.03947,0.05072,2.178302,0.12952,0.009158,2.11538,2.1687,2.1898,2.21485,2.25562
195.0,0.506531,0.02225,0.001581,0.46666,0.49022,0.50705,0.51965,0.54936,0.034475,0.00692,0.000491,0.02116,0.0299,0.0341,0.0393,0.05031,0.458994,0.01947,0.001384,0.4229,0.44678,0.45825,0.47287,0.49511,0.034475,0.00692,0.000491,0.02116,0.0299,0.0341,0.0393,0.05031,2.199011,0.03487,0.002478,2.12918,2.17672,2.19925,2.22325,2.26245,0.511198,0.05156,0.003646,0.46702,0.49048,0.50725,0.52085,0.55655,0.034131,0.00769,0.000544,0.02008,0.02988,0.03395,0.0393,0.0503,0.454671,0.04727,0.003343,0.42082,0.44585,0.4582,0.47283,0.49484,0.034131,0.00769,0.000544,0.02008,0.02988,0.03395,0.0393,0.0503,2.186419,0.13031,0.009214,2.12279,2.17595,2.19855,2.22235,2.26235
196.0,0.507536,0.0224,0.001592,0.46639,0.4918,0.5077,0.5211,0.55168,0.034087,0.00679,0.000483,0.02186,0.02962,0.0341,0.0388,0.04792,0.458377,0.01966,0.001397,0.41969,0.44585,0.45775,0.47258,0.4932,0.034087,0.00679,0.000483,0.02186,0.02962,0.0341,0.0388,0.04792,2.20711,0.03505,0.002491,2.13516,2.18455,2.2075,2.23115,2.27041,0.512198,0.05157,0.003647,0.46666,0.4918,0.5079,0.5225,0.56,0.033746,0.00757,0.000535,0.02125,0.02948,0.0339,0.0388,0.04791,0.454056,0.04734,0.003347,0.41748,0.44478,0.45755,0.47172,0.4928,0.033746,0.00757,0.000535,0.02125,0.02948,0.0339,0.0388,0.04791,2.194437,0.13113,0.009273,2.12903,2.18248,2.2069,2.23105,2.27027
197.0,0.508615,0.02239,0.001591,0.46697,0.4938,0.5076,0.5245,0.5562,0.033683,0.00677,0.000481,0.02129,0.0291,0.03345,0.03835,0.04834,0.457702,0.01971,0.001401,0.41768,0.44522,0.4576,0.4717,0.49275,0.033683,0.00677,0.000481,0.02129,0.0291,0.03345,0.03835,0.04834,2.215188,0.03511,0.002495,2.14078,2.19112,2.2155,2.23875,2.27843,0.513274,0.05155,0.003645,0.46712,0.494,0.5076,0.52525,0.55932,0.033347,0.00753,0.000532,0.02079,0.02908,0.0333,0.03825,0.04831,0.453379,0.04737,0.00335,0.41539,0.4446,0.4575,0.4715,0.49232,0.033347,0.00753,0.000532,0.02079,0.02908,0.0333,0.03825,0.04831,2.202434,0.13193,0.009329,2.13624,2.19075,2.2148,2.23845,2.27828
198.0,0.50973,0.02254,0.001601,0.46718,0.4956,0.50785,0.52538,0.5578,0.033212,0.00666,0.000473,0.02048,0.02905,0.0329,0.0375,0.04752,0.457058,0.01976,0.001404,0.41732,0.4464,0.45685,0.47162,0.4926,0.033212,0.00666,0.000473,0.02048,0.02905,0.0329,0.0375,0.04752,2.223198,0.03526,0.002506,2.14842,2.2002,2.2232,2.24735,2.28685,0.514382,0.05153,0.003644,0.4672,0.4958,0.50815,0.52628,0.56014,0.03288,0.00741,0.000524,0.0198,0.0289,0.03285,0.0375,0.04751,0.452738,0.04736,0.003349,0.4136,0.4458,0.4566,0.47148,0.49233,0.03288,0.00741,0.000524,0.0198,0.0289,0.03285,0.0375,0.04751,2.210364,0.13274,0.009386,2.14566,2.19907,2.22245,2.24705,2.28675
199.0,0.510918,0.02254,0.001602,0.46863,0.49725,0.5084,0.52678,0.55628,0.032825,0.00645,0.000458,0.02106,0.02872,0.0327,0.0369,0.04631,0.456257,0.01993,0.001416,0.41657,0.4443,0.45605,0.46988,0.49512,0.032825,0.00645,0.000458,0.02106,0.02872,0.0327,0.0369,0.04631,2.23111,0.03542,0.002517,2.15624,2.20882,2.23185,2.25555,2.29688,0.515566,0.0515,0.003641,0.46868,0.49735,0.50885,0.5269,0.56194,0.032497,0.0072,0.000509,0.01988,0.02837,0.0326,0.0369,0.0463,0.451938,0.04743,0.003354,0.40999,0.44355,0.45535,0.46962,0.49511,0.032497,0.0072,0.000509,0.01988,0.02837,0.0326,0.0369,0.0463,2.218196,0.13354,0.009443,2.14983,2.20718,2.231,2.25545,2.29683
200.0,0.512177,0.02249,0.001598,0.4702,0.4983,0.51,0.5281,0.5599,0.032517,0.00642,0.000456,0.02035,0.02858,0.03215,0.0365,0.04543,0.455307,0.01993,0.001416,0.41509,0.44247,0.4558,0.46902,0.49505,0.032517,0.00642,0.000456,0.02035,0.02858,0.03215,0.0365,0.04543,2.23893,0.03546,0.00252,2.16472,2.21645,2.23895,2.26425,2.305,0.516816,0.05141,0.003635,0.47027,0.4985,0.5104,0.5286,0.56241,0.032192,0.00716,0.000507,0.01889,0.02848,0.0321,0.0365,0.04541,0.450992,0.04738,0.003351,0.4089,0.44175,0.4555,0.46888,0.49502,0.032192,0.00716,0.000507,0.01889,0.02848,0.0321,0.0365,0.04541,2.225938,0.1343,0.009497,2.1567,2.21512,2.2388,2.26335,2.305
201.0,0.513437,0.02251,0.0016,0.47307,0.49865,0.512,0.52988,0.5612,0.032136,0.00631,0.000448,0.02067,0.02815,0.0321,0.03608,0.04461,0.454427,0.01992,0.001415,0.41244,0.4406,0.4559,0.46745,0.49264,0.032136,0.00631,0.000448,0.02067,0.02815,0.0321,0.03608,0.04461,2.246704,0.03558,0.002528,2.17228,2.22397,2.24665,2.2709,2.31258,0.518069,0.05135,0.003631,0.47309,0.49895,0.51205,0.5312,0.56381,0.031814,0.00705,0.000498,0.01949,0.02808,0.03185,0.03602,0.0446,0.450116,0.04735,0.003348,0.40748,0.44042,0.45555,0.46735,0.49261,0.031814,0.00705,0.000498,0.01949,0.02808,0.03185,0.03602,0.0446,2.233635,0.13508,0.009552,2.16599,2.22263,2.2465,2.2709,2.31246
202.0,0.514786,0.02225,0.001581,0.47553,0.5005,0.5136,0.52975,0.55904,0.031989,0.00613,0.000436,0.02007,0.028,0.0321,0.03568,0.04482,0.453225,0.02,0.001421,0.40977,0.4393,0.4553,0.46522,0.49072,0.031989,0.00613,0.000436,0.02007,0.028,0.0321,0.03568,0.04482,2.254502,0.03566,0.002534,2.17976,2.2308,2.25575,2.278,2.32022,0.519408,0.05114,0.003616,0.47558,0.5007,0.5137,0.5306,0.56633,0.031669,0.00689,0.000487,0.01949,0.0279,0.03185,0.03563,0.04481,0.448923,0.0473,0.003345,0.40733,0.4391,0.455,0.46508,0.49071,0.031669,0.00689,0.000487,0.01949,0.0279,0.03185,0.03563,0.04481,2.241355,0.13585,0.009606,2.17558,2.23022,2.2547,2.2778,2.32014
203.0,0.515884,0.0224,0.001592,0.47686,0.5012,0.5148,0.53103,0.56224,0.031927,0.00617,0.000439,0.02,0.02762,0.0318,0.03615,0.04504,0.452189,0.02013,0.00143,0.40852,0.43792,0.4539,0.46488,0.48936,0.031927,0.00617,0.000439,0.02,0.02762,0.0318,0.03615,0.04504,2.262439,0.03588,0.00255,2.18752,2.23878,2.2639,2.28568,2.32834,0.520502,0.05117,0.003618,0.47695,0.5014,0.51525,0.53142,0.56792,0.031608,0.00692,0.000489,0.0195,0.02758,0.0318,0.03605,0.04502,0.44789,0.04732,0.003346,0.40678,0.43718,0.45365,0.46462,0.48926,0.031608,0.00692,0.000489,0.0195,0.02758,0.0318,0.03605,0.04502,2.249213,0.13668,0.009665,2.1844,2.23785,2.26365,2.28562,2.32831
204.0,0.517007,0.02253,0.001601,0.47743,0.5012,0.5161,0.53152,0.56493,0.031791,0.00619,0.00044,0.02025,0.02752,0.0315,0.03592,0.04482,0.451202,0.02023,0.001438,0.40846,0.4359,0.45315,0.46495,0.4877,0.031791,0.00619,0.00044,0.02025,0.02752,0.0315,0.03592,0.04482,2.270305,0.03604,0.002561,2.19674,2.24765,2.2702,2.29355,2.3361,0.521616,0.05115,0.003617,0.47748,0.5014,0.51625,0.5333,0.56814,0.031474,0.00693,0.00049,0.019,0.0273,0.0314,0.03578,0.04481,0.44691,0.04731,0.003345,0.40518,0.4357,0.45295,0.46485,0.48764,0.031474,0.00693,0.00049,0.019,0.0273,0.0314,0.03578,0.04481,2.257,0.13748,0.009721,2.19179,2.24708,2.2696,2.29325,2.33603
205.0,0.51842,0.0226,0.001606,0.4771,0.50272,0.518,0.53265,0.56502,0.031541,0.00627,0.000445,0.02034,0.02722,0.0312,0.03592,0.04492,0.450039,0.02028,0.001441,0.41066,0.43455,0.45095,0.4639,0.48577,0.031541,0.00627,0.000445,0.02034,0.02722,0.0312,0.03592,0.04492,2.278022,0.03613,0.002568,2.2036,2.25655,2.27785,2.2998,2.3468,0.523021,0.05111,0.003614,0.47716,0.50317,0.51855,0.53388,0.568,0.031226,0.00698,0.000494,0.01918,0.02718,0.0311,0.03578,0.04491,0.445753,0.04728,0.003343,0.40376,0.43402,0.4507,0.4633,0.48566,0.031226,0.00698,0.000494,0.01918,0.02718,0.0311,0.03578,0.04491,2.26464,0.13824,0.009775,2.19986,2.25575,2.277,2.2998,2.3468
206.0,0.519642,0.02237,0.00159,0.48076,0.50412,0.51965,0.5342,0.56248,0.031507,0.00617,0.000438,0.02007,0.02758,0.03105,0.0356,0.04432,0.448852,0.02035,0.001447,0.40954,0.43445,0.4507,0.46268,0.4851,0.031507,0.00617,0.000438,0.02007,0.02758,0.03105,0.0356,0.04432,2.285812,0.03623,0.002575,2.21098,2.26492,2.2851,2.30718,2.35458,0.524235,0.05093,0.003602,0.48098,0.50418,0.5198,0.53468,0.57164,0.031191,0.00689,0.000487,0.01939,0.0275,0.031,0.0356,0.04431,0.444573,0.04723,0.00334,0.40352,0.43348,0.45055,0.46222,0.48503,0.031191,0.00689,0.000487,0.01939,0.0275,0.031,0.0356,0.04431,2.272352,0.13902,0.00983,2.20875,2.26405,2.2848,2.30712,2.35446
207.0,0.520974,0.02217,0.001575,0.48209,0.5069,0.52075,0.53438,0.56251,0.031336,0.00611,0.000434,0.02019,0.02742,0.0306,0.035,0.04367,0.44769,0.02037,0.001448,0.40449,0.434,0.4493,0.46142,0.48384,0.031336,0.00611,0.000434,0.02019,0.02742,0.0306,0.035,0.04367,2.293481,0.03637,0.002584,2.2188,2.27248,2.29345,2.31438,2.3645,0.525556,0.05075,0.003589,0.48223,0.5069,0.52135,0.5347,0.57127,0.031022,0.00683,0.000483,0.02,0.0272,0.03045,0.035,0.04362,0.443421,0.04716,0.003335,0.40354,0.4334,0.44915,0.46088,0.48381,0.031022,0.00683,0.000483,0.02,0.0272,0.03045,0.035,0.04362,2.279944,0.13979,0.009885,2.21489,2.27205,2.2928,2.31392,2.36437
208.0,0.522095,0.02203,0.001566,0.48206,0.50775,0.52275,0.5354,0.56481,0.031256,0.00633,0.00045,0.0199,0.02725,0.03085,0.03508,0.04482,0.446649,0.02024,0.001438,0.40436,0.4318,0.4482,0.46,0.48393,0.031256,0.00633,0.00045,0.0199,0.02725,0.03085,0.03508,0.04482,2.301262,0.03642,0.002588,2.22614,2.28025,2.30105,2.32172,2.373,0.52667,0.05062,0.00358,0.48209,0.50785,0.5228,0.53567,0.57128,0.030943,0.00702,0.000497,0.01938,0.0272,0.03075,0.03502,0.0448,0.442387,0.04704,0.003326,0.40058,0.43145,0.44805,0.4596,0.48391,0.030943,0.00702,0.000497,0.01938,0.0272,0.03075,0.03502,0.0448,2.287647,0.14056,0.009939,2.22309,2.27958,2.3002,2.32118,2.37287
209.0,0.523445,0.02208,0.001569,0.48417,0.50795,0.524,0.5378,0.56635,0.031082,0.0065,0.000462,0.02028,0.0269,0.0307,0.0353,0.0447,0.445473,0.02013,0.001431,0.4047,0.4327,0.44685,0.45822,0.48223,0.031082,0.0065,0.000462,0.02028,0.0269,0.0307,0.0353,0.0447,2.308908,0.03661,0.002602,2.23395,2.28755,2.31,2.3303,2.37779,0.52801,0.05056,0.003575,0.48432,0.50825,0.5245,0.53792,0.57182,0.030771,0.00717,0.000507,0.0188,0.02672,0.0306,0.0351,0.04464,0.441218,0.04692,0.003318,0.3995,0.43237,0.44655,0.45808,0.48208,0.030771,0.00717,0.000507,0.0188,0.02672,0.0306,0.0351,0.04464,2.295216,0.14134,0.009994,2.22981,2.28655,2.3077,2.3299,2.37746
210.0,0.524605,0.02194,0.001559,0.48335,0.50988,0.52455,0.53818,0.56933,0.031139,0.00654,0.000465,0.02048,0.0261,0.03085,0.0352,0.04572,0.444256,0.02014,0.001431,0.40589,0.43172,0.44475,0.45728,0.48136,0.031139,0.00654,0.000465,0.02048,0.0261,0.03085,0.0352,0.04572,2.316721,0.03673,0.00261,2.24393,2.295,2.31775,2.33785,2.38196,0.529163,0.05043,0.003566,0.48345,0.51002,0.5247,0.53898,0.57276,0.030828,0.00721,0.00051,0.01967,0.026,0.0308,0.035,0.0457,0.440009,0.04686,0.003314,0.39674,0.43142,0.4446,0.45722,0.48119,0.030828,0.00721,0.00051,0.01967,0.026,0.0308,0.035,0.0457,2.302952,0.14213,0.01005,2.23675,2.29412,2.317,2.33755,2.38145
211.0,0.525556,0.02175,0.001545,0.48334,0.51058,0.5238,0.53967,0.56987,0.031248,0.00655,0.000465,0.02038,0.02632,0.0305,0.03545,0.0454,0.443196,0.01994,0.001417,0.40434,0.43105,0.4435,0.45592,0.48051,0.031248,0.00655,0.000465,0.02038,0.02632,0.0305,0.03545,0.0454,2.32464,0.03685,0.002619,2.25212,2.301,2.32455,2.34558,2.38765,0.530108,0.0503,0.003556,0.48338,0.51072,0.52425,0.54015,0.57208,0.030936,0.00722,0.000511,0.0196,0.02618,0.0305,0.03535,0.04534,0.438957,0.04671,0.003303,0.39592,0.43052,0.44315,0.45578,0.4805,0.030936,0.00722,0.000511,0.0196,0.02618,0.0305,0.03535,0.04534,2.310792,0.14292,0.010106,2.24483,2.30032,2.3245,2.34532,2.38702
212.0,0.526609,0.02173,0.001545,0.48559,0.51222,0.5258,0.541,0.56931,0.031265,0.00646,0.000459,0.0199,0.0262,0.0309,0.036,0.04363,0.442126,0.01985,0.001411,0.39974,0.42985,0.44175,0.4553,0.48026,0.031265,0.00646,0.000459,0.0199,0.0262,0.0309,0.036,0.04363,2.332454,0.03694,0.002625,2.25805,2.30863,2.332,2.35368,2.39756,0.531155,0.05024,0.003553,0.4856,0.51248,0.5261,0.54137,0.57708,0.030952,0.00715,0.000505,0.01939,0.02618,0.03075,0.036,0.04355,0.437892,0.04662,0.003297,0.39613,0.42968,0.4412,0.4553,0.48015,0.030952,0.00715,0.000505,0.01939,0.02618,0.03075,0.036,0.04355,2.318527,0.1437,0.010161,2.25426,2.30682,2.33195,2.35342,2.39699
213.0,0.527436,0.02167,0.00154,0.48687,0.51425,0.5264,0.54262,0.57063,0.031383,0.0066,0.000469,0.01899,0.02622,0.03135,0.03595,0.04385,0.441181,0.01967,0.001398,0.40115,0.42905,0.44215,0.45415,0.4794,0.031383,0.0066,0.000469,0.01899,0.02622,0.03135,0.03595,0.04385,2.34053,0.03709,0.002636,2.26694,2.31615,2.3411,2.3629,2.40841,0.531979,0.05018,0.003548,0.48689,0.51435,0.5264,0.54302,0.57929,0.031069,0.00728,0.000515,0.0187,0.026,0.0313,0.03585,0.04382,0.436952,0.0465,0.003288,0.39663,0.42872,0.4418,0.45405,0.47933,0.031069,0.00728,0.000515,0.0187,0.026,0.0313,0.03585,0.04382,2.326523,0.14451,0.010219,2.26264,2.31598,2.3403,2.3629,2.408
214.0,0.528256,0.02161,0.001536,0.48553,0.51408,0.5273,0.5434,0.5713,0.03151,0.0069,0.00049,0.01849,0.02645,0.03145,0.03655,0.04401,0.440234,0.01946,0.001383,0.40118,0.4275,0.4416,0.4538,0.47844,0.03151,0.0069,0.00049,0.01849,0.02645,0.03145,0.03655,0.04401,2.348477,0.03726,0.002648,2.2747,2.3241,2.3492,2.3729,2.41938,0.532795,0.05013,0.003545,0.48558,0.51422,0.5274,0.5446,0.57855,0.031195,0.00755,0.000534,0.01829,0.02638,0.0314,0.03645,0.044,0.43601,0.04637,0.003279,0.39601,0.42738,0.44145,0.4536,0.47835,0.031195,0.00755,0.000534,0.01829,0.02638,0.0314,0.03645,0.044,2.33439,0.14532,0.010276,2.26775,2.32365,2.3489,2.3727,2.41913
215.0,0.528985,0.02174,0.001545,0.48711,0.51495,0.5283,0.5439,0.57434,0.031613,0.00703,0.000499,0.0185,0.02592,0.0319,0.03718,0.04492,0.439402,0.01948,0.001384,0.40057,0.42678,0.4412,0.45295,0.47604,0.031613,0.00703,0.000499,0.0185,0.02592,0.0319,0.03718,0.04492,2.356488,0.03751,0.002666,2.28264,2.33085,2.3566,2.3825,2.42787,0.533521,0.05015,0.003546,0.48724,0.51505,0.5285,0.54422,0.57635,0.031297,0.00767,0.000542,0.01829,0.0258,0.03185,0.03713,0.0449,0.435182,0.04634,0.003277,0.39398,0.42602,0.44105,0.45265,0.47594,0.031297,0.00767,0.000542,0.01829,0.0258,0.03185,0.03713,0.0449,2.342321,0.14616,0.010335,2.2774,2.33032,2.3564,2.3825,2.42762
216.0,0.529818,0.02169,0.001542,0.48894,0.51642,0.5294,0.5442,0.57359,0.031715,0.00716,0.000509,0.01799,0.02602,0.03195,0.0369,0.04514,0.438468,0.01939,0.001378,0.39958,0.42528,0.43925,0.4518,0.47358,0.031715,0.00716,0.000509,0.01799,0.02602,0.03195,0.0369,0.04514,2.364542,0.0377,0.002679,2.2907,2.33882,2.3647,2.39172,2.43692,0.534349,0.05009,0.003542,0.48898,0.51648,0.5294,0.54472,0.57839,0.031398,0.00779,0.000551,0.01769,0.02582,0.03185,0.0369,0.04512,0.434253,0.04626,0.003271,0.39237,0.42468,0.4388,0.4516,0.47353,0.031398,0.00779,0.000551,0.01769,0.02582,0.03185,0.0369,0.04512,2.350294,0.14698,0.010393,2.28798,2.3376,2.3642,2.39138,2.43684
217.0,0.530269,0.02186,0.001554,0.49022,0.5158,0.5297,0.54485,0.5755,0.032126,0.00719,0.000511,0.01928,0.02638,0.03215,0.0372,0.04492,0.437605,0.01936,0.001376,0.39717,0.42453,0.43825,0.45118,0.47472,0.032126,0.00719,0.000511,0.01928,0.02638,0.03215,0.0372,0.04492,2.37284,0.03802,0.002702,2.29928,2.34732,2.372,2.40018,2.44439,0.534799,0.05016,0.003547,0.49041,0.516,0.5299,0.5449,0.58215,0.031805,0.00784,0.000554,0.0186,0.02615,0.03205,0.0372,0.04491,0.433396,0.0462,0.003267,0.39166,0.42438,0.43775,0.45112,0.4747,0.031805,0.00784,0.000554,0.0186,0.02615,0.03205,0.0372,0.04491,2.35851,0.14787,0.010456,2.29755,2.34592,2.37155,2.40012,2.44433
218.0,0.530856,0.02212,0.001572,0.4895,0.51535,0.5304,0.54545,0.5785,0.032196,0.00711,0.000505,0.01977,0.0268,0.0324,0.0373,0.04631,0.436948,0.01928,0.00137,0.39511,0.4236,0.4377,0.4497,0.47357,0.032196,0.00711,0.000505,0.01977,0.0268,0.0324,0.0373,0.04631,2.380963,0.03842,0.002731,2.30613,2.35408,2.38095,2.41037,2.45241,0.535384,0.05024,0.003553,0.48963,0.51545,0.5307,0.54585,0.58235,0.031874,0.00777,0.000549,0.01918,0.02658,0.03235,0.0373,0.0463,0.432742,0.04613,0.003262,0.39322,0.42345,0.43755,0.4497,0.47352,0.031874,0.00777,0.000549,0.01918,0.02658,0.03235,0.0373,0.0463,2.366552,0.14875,0.010518,2.3043,2.35337,2.3807,2.40932,2.4524
219.0,0.531152,0.02243,0.001594,0.4909,0.51473,0.53055,0.54592,0.5814,0.032517,0.00719,0.000511,0.01908,0.0272,0.03235,0.03718,0.04781,0.436332,0.0194,0.001379,0.39588,0.42248,0.4378,0.4497,0.47228,0.032517,0.00719,0.000511,0.01908,0.0272,0.03235,0.03718,0.04781,2.389406,0.03878,0.002756,2.31524,2.36195,2.3896,2.41842,2.46225,0.535678,0.05037,0.003561,0.49097,0.51478,0.5307,0.54682,0.58411,0.032192,0.00785,0.000555,0.0183,0.0272,0.0322,0.03713,0.0478,0.43213,0.04614,0.003263,0.39158,0.42218,0.43765,0.4497,0.47222,0.032192,0.00785,0.000555,0.0183,0.0272,0.0322,0.03713,0.0478,2.37491,0.14966,0.010582,2.30883,2.36077,2.3894,2.41788,2.46222
220.0,0.531583,0.02249,0.001598,0.4924,0.51555,0.5304,0.54718,0.57944,0.032636,0.00729,0.000518,0.01929,0.0272,0.0326,0.03758,0.04764,0.435781,0.01947,0.001384,0.39603,0.42212,0.43665,0.44898,0.47073,0.032636,0.00729,0.000518,0.01929,0.0272,0.0326,0.03758,0.04764,2.397643,0.03915,0.002782,2.32082,2.37045,2.3977,2.4254,2.47064,0.536109,0.05039,0.003563,0.49246,0.51605,0.53075,0.54785,0.58273,0.032309,0.00795,0.000562,0.01868,0.02685,0.0325,0.03752,0.04762,0.431582,0.04615,0.003264,0.3914,0.422,0.4366,0.44873,0.47071,0.032309,0.00795,0.000562,0.01868,0.02685,0.0325,0.03752,0.04762,2.383065,0.15055,0.010645,2.3154,2.36865,2.39745,2.4248,2.47054
221.0,0.531955,0.02286,0.001625,0.49246,0.51538,0.53095,0.54847,0.57944,0.032782,0.00732,0.000521,0.0189,0.0278,0.0328,0.0376,0.04847,0.435264,0.01965,0.001396,0.39357,0.42178,0.4357,0.44832,0.46915,0.032782,0.00732,0.000521,0.0189,0.0278,0.0328,0.0376,0.04847,2.406044,0.03958,0.002813,2.32558,2.37862,2.40575,2.43135,2.47807,0.536481,0.05056,0.003575,0.49269,0.51552,0.53125,0.54892,0.58411,0.032454,0.00799,0.000565,0.0178,0.02752,0.03275,0.0376,0.04842,0.431065,0.04622,0.003268,0.39073,0.42152,0.4355,0.44798,0.46898,0.032454,0.00799,0.000565,0.0178,0.02752,0.03275,0.0376,0.04842,2.391382,0.15146,0.01071,2.31986,2.37768,2.4053,2.43105,2.47796
222.0,0.532047,0.02298,0.001633,0.4922,0.51582,0.5317,0.54927,0.58132,0.032993,0.00743,0.000528,0.01789,0.0279,0.033,0.03808,0.04846,0.434959,0.01963,0.001395,0.3926,0.4221,0.436,0.44798,0.4681,0.032993,0.00743,0.000528,0.01789,0.0279,0.033,0.03808,0.04846,2.414553,0.03995,0.002839,2.33215,2.38727,2.41355,2.44163,2.48711,0.536578,0.05064,0.003581,0.4924,0.51588,0.53185,0.54952,0.58215,0.032663,0.0081,0.000572,0.01779,0.02765,0.0329,0.03802,0.04842,0.430758,0.04623,0.003269,0.39079,0.42135,0.43555,0.44792,0.4679,0.032663,0.0081,0.000572,0.01779,0.02765,0.0329,0.03802,0.04842,2.399806,0.15238,0.010775,2.32489,2.38675,2.4132,2.44067,2.4871
223.0,0.532361,0.02318,0.001647,0.49134,0.51655,0.53245,0.5494,0.57972,0.033124,0.00741,0.000527,0.01853,0.02792,0.03295,0.0386,0.04789,0.434515,0.01982,0.001408,0.39251,0.42115,0.43565,0.44873,0.47001,0.033124,0.00741,0.000527,0.01853,0.02792,0.03295,0.0386,0.04789,2.422999,0.04039,0.00287,2.33933,2.39755,2.4225,2.44913,2.49542,0.536893,0.05075,0.003589,0.49144,0.51665,0.533,0.54988,0.58339,0.032793,0.00808,0.000571,0.0175,0.02787,0.0329,0.0384,0.04783,0.430314,0.04631,0.003275,0.38837,0.42045,0.4353,0.44857,0.47,0.032793,0.00808,0.000571,0.0175,0.02787,0.0329,0.0384,0.04783,2.408167,0.15331,0.010841,2.33304,2.39627,2.42215,2.44818,2.49541
224.0,0.532415,0.02374,0.001687,0.49066,0.51683,0.5313,0.54947,0.58185,0.033309,0.00756,0.000538,0.01868,0.0279,0.03345,0.03835,0.04872,0.434277,0.02012,0.00143,0.394,0.41995,0.4361,0.44888,0.46903,0.033309,0.00756,0.000538,0.01868,0.0279,0.03345,0.03835,0.04872,2.431575,0.0411,0.002921,2.34805,2.4057,2.4304,2.45627,2.50385,0.53695,0.05103,0.003608,0.49069,0.51688,0.5318,0.54962,0.58537,0.032975,0.00823,0.000582,0.0175,0.02778,0.0334,0.03825,0.04864,0.430075,0.04645,0.003284,0.38749,0.41943,0.43545,0.44882,0.46881,0.032975,0.00823,0.000582,0.0175,0.02778,0.0334,0.03825,0.04864,2.416657,0.15432,0.010912,2.33696,2.40518,2.4299,2.45622,2.50348
225.0,0.532604,0.02401,0.001706,0.48827,0.51632,0.531,0.549,0.58086,0.033603,0.00753,0.000535,0.01904,0.02795,0.03395,0.03842,0.04973,0.433793,0.02038,0.001448,0.39209,0.41902,0.4344,0.44828,0.46922,0.033603,0.00753,0.000535,0.01904,0.02795,0.03395,0.03842,0.04973,2.44015,0.04157,0.002954,2.35576,2.41542,2.43945,2.46555,2.51108,0.537139,0.05115,0.003617,0.48829,0.51658,0.5311,0.54937,0.589,0.033267,0.00821,0.00058,0.0175,0.02787,0.03385,0.03827,0.04964,0.429594,0.04653,0.00329,0.39033,0.41848,0.4333,0.44822,0.46907,0.033267,0.00821,0.00058,0.0175,0.02787,0.03385,0.03827,0.04964,2.425147,0.15527,0.010979,2.34128,2.4128,2.4385,2.46545,2.51049
226.0,0.532601,0.02414,0.001716,0.48658,0.51668,0.5317,0.54847,0.57967,0.033836,0.00749,0.000532,0.01946,0.0284,0.03405,0.0388,0.04923,0.433563,0.02057,0.001462,0.39311,0.41833,0.4341,0.44755,0.47027,0.033836,0.00749,0.000532,0.01946,0.0284,0.03405,0.0388,0.04923,2.448783,0.04202,0.002986,2.36606,2.4219,2.44995,2.47585,2.52007,0.537137,0.05123,0.003623,0.48666,0.51682,0.5319,0.54902,0.58591,0.033498,0.00818,0.000578,0.01829,0.0281,0.03385,0.0386,0.04915,0.429364,0.04661,0.003296,0.3901,0.41805,0.43345,0.44745,0.47002,0.033498,0.00818,0.000578,0.01829,0.0281,0.03385,0.0386,0.04915,2.433693,0.15622,0.011046,2.34746,2.42092,2.4476,2.47555,2.51942
227.0,0.532479,0.02457,0.001746,0.48631,0.5163,0.5318,0.5491,0.57922,0.033932,0.00771,0.000548,0.01997,0.02802,0.03395,0.0385,0.05201,0.433589,0.02077,0.001476,0.39397,0.41888,0.4335,0.44605,0.46974,0.033932,0.00771,0.000548,0.01997,0.02802,0.03395,0.0385,0.05201,2.457457,0.04262,0.003029,2.3766,2.4301,2.4579,2.4839,2.53522,0.537021,0.05148,0.00364,0.48637,0.5165,0.53195,0.5493,0.5836,0.033593,0.00838,0.000593,0.01896,0.0279,0.03385,0.0385,0.052,0.429386,0.04674,0.003305,0.38718,0.4186,0.433,0.44595,0.46964,0.033593,0.00838,0.000593,0.01896,0.0279,0.03385,0.0385,0.052,2.442281,0.15721,0.011117,2.35316,2.42932,2.457,2.4835,2.53487
228.0,0.532458,0.02477,0.001761,0.48507,0.51473,0.5322,0.54905,0.58029,0.034167,0.00758,0.000539,0.02058,0.02892,0.034,0.0391,0.05136,0.433375,0.02103,0.001494,0.39271,0.41908,0.43395,0.44663,0.47112,0.034167,0.00758,0.000539,0.02058,0.02892,0.034,0.0391,0.05136,2.466222,0.04311,0.003063,2.38651,2.43805,2.4662,2.4915,2.55077,0.537004,0.05161,0.003649,0.48516,0.51478,0.53235,0.54962,0.58228,0.033826,0.00828,0.000585,0.01888,0.02865,0.0339,0.0391,0.05126,0.429171,0.04686,0.003314,0.38448,0.41865,0.4338,0.44647,0.47111,0.033826,0.00828,0.000585,0.01888,0.02865,0.0339,0.0391,0.05126,2.450958,0.15818,0.011185,2.359,2.43675,2.4659,2.4915,2.55072
229.0,0.532296,0.0251,0.001784,0.48411,0.51473,0.5319,0.5496,0.58165,0.034502,0.0076,0.00054,0.02115,0.029,0.03455,0.0395,0.05232,0.433202,0.02136,0.001518,0.39178,0.41862,0.4341,0.44667,0.47297,0.034502,0.0076,0.00054,0.02115,0.029,0.03455,0.0395,0.05232,2.475078,0.04359,0.003097,2.39268,2.44642,2.476,2.50183,2.56356,0.536846,0.05181,0.003663,0.48417,0.51478,0.53275,0.54982,0.58473,0.034157,0.0083,0.000587,0.01958,0.02882,0.03445,0.0395,0.0523,0.428996,0.04703,0.003325,0.38649,0.41828,0.43385,0.44642,0.47292,0.034157,0.0083,0.000587,0.01958,0.02882,0.03445,0.0395,0.0523,2.459726,0.15916,0.011255,2.369,2.44578,2.4747,2.50087,2.56352
230.0,0.532046,0.02516,0.001788,0.48299,0.51405,0.532,0.55032,0.58075,0.034604,0.00739,0.000525,0.02133,0.0293,0.0345,0.039,0.0495,0.43335,0.02156,0.001532,0.39226,0.4197,0.4339,0.44785,0.47294,0.034604,0.00739,0.000525,0.02133,0.0293,0.0345,0.039,0.0495,2.483896,0.04402,0.003128,2.39806,2.45492,2.4853,2.51138,2.57279,0.536603,0.05189,0.003669,0.483,0.51415,0.53215,0.5504,0.58822,0.034257,0.00812,0.000574,0.0202,0.02928,0.0345,0.039,0.0495,0.42914,0.04716,0.003335,0.38783,0.41912,0.4337,0.44775,0.47291,0.034257,0.00812,0.000574,0.0202,0.02928,0.0345,0.039,0.0495,2.468455,0.16013,0.011323,2.37989,2.4543,2.4848,2.51132,2.5724
231.0,0.531625,0.02545,0.001809,0.48274,0.51362,0.5319,0.54888,0.58086,0.035028,0.00738,0.000525,0.02188,0.0296,0.0349,0.03938,0.04937,0.433347,0.02179,0.001549,0.39314,0.41955,0.4334,0.4492,0.47556,0.035028,0.00738,0.000525,0.02188,0.0296,0.0349,0.03938,0.04937,2.492964,0.04454,0.003166,2.40375,2.46345,2.4943,2.52012,2.58289,0.536189,0.0521,0.003684,0.48291,0.51388,0.532,0.54953,0.59013,0.034678,0.00813,0.000575,0.02146,0.02955,0.03475,0.03912,0.04932,0.429133,0.0473,0.003344,0.38977,0.4189,0.4332,0.4488,0.47546,0.034678,0.00813,0.000575,0.02146,0.02955,0.03475,0.03912,0.04932,2.477433,0.16114,0.011394,2.39226,2.46252,2.49395,2.51958,2.58217
232.0,0.531445,0.02556,0.001816,0.4831,0.51495,0.53115,0.54922,0.58248,0.035271,0.00737,0.000524,0.0219,0.0305,0.0349,0.04,0.05081,0.433284,0.02193,0.001559,0.39064,0.4182,0.4332,0.44945,0.47603,0.035271,0.00737,0.000524,0.0219,0.0305,0.0349,0.04,0.05081,2.501931,0.04509,0.003204,2.40887,2.47125,2.5047,2.52945,2.59362,0.536014,0.05219,0.003691,0.48317,0.51505,0.5314,0.54932,0.59135,0.034919,0.00814,0.000575,0.02027,0.03028,0.0348,0.04,0.0508,0.429067,0.04739,0.003351,0.38802,0.41775,0.43275,0.44935,0.47581,0.034919,0.00814,0.000575,0.02027,0.03028,0.0348,0.04,0.0508,2.48631,0.16215,0.011466,2.40048,2.46983,2.50425,2.52915,2.59287
233.0,0.531152,0.02566,0.001824,0.48298,0.51422,0.53035,0.5481,0.58349,0.035507,0.00734,0.000521,0.02218,0.03145,0.03485,0.04008,0.05046,0.433342,0.02223,0.00158,0.39202,0.4187,0.43335,0.4485,0.47768,0.035507,0.00734,0.000521,0.02218,0.03145,0.03485,0.04008,0.05046,2.510987,0.04547,0.003232,2.41871,2.4788,2.51375,2.54038,2.60202,0.535726,0.05229,0.003697,0.48313,0.51428,0.5306,0.5485,0.59294,0.035152,0.00811,0.000574,0.02154,0.03125,0.0348,0.04002,0.05035,0.429122,0.04755,0.003362,0.3848,0.4181,0.43325,0.4483,0.47756,0.035152,0.00811,0.000574,0.02154,0.03125,0.0348,0.04002,0.05035,2.495275,0.16312,0.011535,2.40868,2.47788,2.51245,2.54032,2.60127
234.0,0.530531,0.02595,0.001844,0.48118,0.51305,0.5297,0.54715,0.58379,0.035918,0.00753,0.000535,0.02185,0.0317,0.0356,0.0403,0.05165,0.433551,0.02249,0.001599,0.39204,0.41872,0.4337,0.44908,0.47903,0.035918,0.00753,0.000535,0.02185,0.0317,0.0356,0.0403,0.05165,2.520234,0.04599,0.003268,2.42687,2.4881,2.52445,2.5512,2.61164,0.535114,0.0525,0.003712,0.48146,0.51315,0.52985,0.54748,0.59371,0.035559,0.00831,0.000587,0.02088,0.03155,0.0356,0.0403,0.05148,0.429327,0.04771,0.003373,0.38281,0.41848,0.43355,0.44882,0.47901,0.035559,0.00831,0.000587,0.02088,0.03155,0.0356,0.0403,0.05148,2.50443,0.16415,0.011607,2.42031,2.48742,2.5241,2.5508,2.61095
235.0,0.529967,0.02616,0.001859,0.47952,0.51332,0.52915,0.5468,0.58335,0.036159,0.00753,0.000535,0.02189,0.0314,0.036,0.04123,0.05205,0.433874,0.02267,0.001611,0.38991,0.419,0.4343,0.4486,0.47754,0.036159,0.00753,0.000535,0.02189,0.0314,0.036,0.04123,0.05205,2.529533,0.04636,0.003295,2.43911,2.49953,2.5341,2.56203,2.61912,0.534558,0.05268,0.003725,0.47964,0.51338,0.5294,0.54698,0.59602,0.035797,0.00831,0.000588,0.02155,0.03128,0.0359,0.04108,0.05189,0.429644,0.04785,0.003383,0.38109,0.41878,0.43405,0.4486,0.47745,0.035797,0.00831,0.000588,0.02155,0.03128,0.0359,0.04108,0.05189,2.513636,0.16515,0.011678,2.42498,2.49768,2.5339,2.56048,2.61837
236.0,0.529414,0.02627,0.001867,0.48049,0.51285,0.52875,0.54658,0.58429,0.036362,0.00742,0.000527,0.02249,0.03162,0.03635,0.0409,0.05412,0.434224,0.02295,0.001631,0.38836,0.41942,0.43425,0.44948,0.478,0.036362,0.00742,0.000527,0.02249,0.03162,0.03635,0.0409,0.05412,2.538796,0.04666,0.003316,2.45248,2.50927,2.54345,2.57048,2.63033,0.534013,0.0528,0.003733,0.48076,0.51295,0.52885,0.5475,0.59468,0.035998,0.00823,0.000582,0.02124,0.03148,0.0362,0.0409,0.05411,0.429989,0.04802,0.003396,0.3786,0.41872,0.4339,0.44942,0.47787,0.035998,0.00823,0.000582,0.02124,0.03148,0.0362,0.0409,0.05411,2.522806,0.16612,0.011746,2.43262,2.50692,2.5433,2.57043,2.62964
237.0,0.528661,0.02633,0.001871,0.47981,0.51242,0.5277,0.54637,0.58552,0.036677,0.00737,0.000524,0.02228,0.03205,0.03655,0.0404,0.05373,0.434663,0.0231,0.001642,0.38808,0.42032,0.4348,0.44972,0.48022,0.036677,0.00737,0.000524,0.02228,0.03205,0.03655,0.0404,0.05373,2.548169,0.04689,0.003332,2.45866,2.51792,2.5524,2.58015,2.64239,0.533268,0.0529,0.003741,0.48,0.51268,0.52805,0.54703,0.59479,0.03631,0.00819,0.000579,0.02089,0.032,0.03645,0.0404,0.05371,0.430422,0.04814,0.003404,0.3764,0.41982,0.4347,0.44958,0.48021,0.03631,0.00819,0.000579,0.02089,0.032,0.03645,0.0404,0.05371,2.532085,0.16708,0.011814,2.44144,2.51758,2.5517,2.57925,2.64186
238.0,0.52804,0.02631,0.00187,0.47797,0.51182,0.5275,0.54435,0.58814,0.036807,0.00732,0.00052,0.0223,0.0318,0.0366,0.04095,0.05344,0.435154,0.02328,0.001655,0.3869,0.42028,0.4355,0.4506,0.48008,0.036807,0.00732,0.00052,0.0223,0.0318,0.0366,0.04095,0.05344,2.557438,0.04713,0.003349,2.4642,2.52765,2.5619,2.5891,2.6539,0.532656,0.05297,0.003745,0.47812,0.51208,0.52755,0.54548,0.59268,0.036438,0.00816,0.000577,0.02176,0.03178,0.03645,0.04085,0.05342,0.430906,0.04829,0.003415,0.37598,0.41955,0.4354,0.4506,0.47983,0.036438,0.00816,0.000577,0.02176,0.03178,0.03645,0.04085,0.05342,2.541262,0.16803,0.011882,2.4499,2.5258,2.56015,2.5891,2.65356
239.0,0.527417,0.02635,0.001873,0.47988,0.51127,0.5258,0.54252,0.59063,0.036887,0.00727,0.000517,0.02268,0.03142,0.03665,0.04125,0.05311,0.435696,0.0234,0.001663,0.38677,0.4225,0.4366,0.45005,0.48153,0.036887,0.00727,0.000517,0.02268,0.03142,0.03665,0.04125,0.05311,2.566791,0.04733,0.003364,2.46981,2.5364,2.5712,2.59935,2.66594,0.53204,0.05305,0.003751,0.48002,0.51142,0.52585,0.54412,0.59138,0.036518,0.00811,0.000574,0.02019,0.0314,0.03655,0.04115,0.0531,0.431442,0.04841,0.003423,0.37646,0.42035,0.4364,0.44995,0.48138,0.036518,0.00811,0.000574,0.02019,0.0314,0.03655,0.04115,0.0531,2.550521,0.16898,0.011949,2.45706,2.53598,2.5701,2.59925,2.66584
240.0,0.526625,0.02611,0.001856,0.4817,0.511,0.5254,0.54012,0.58761,0.037123,0.00717,0.00051,0.02346,0.03208,0.0368,0.04135,0.05304,0.436252,0.02337,0.001661,0.3855,0.42145,0.43685,0.45128,0.48199,0.037123,0.00717,0.00051,0.02346,0.03208,0.0368,0.04135,0.05304,2.576248,0.04742,0.00337,2.47664,2.54498,2.5806,2.6083,2.67614,0.531258,0.05302,0.003749,0.48176,0.511,0.52545,0.5416,0.59126,0.036752,0.00804,0.000568,0.0207,0.03188,0.0368,0.04125,0.05302,0.43199,0.04845,0.003426,0.37628,0.42072,0.4365,0.45122,0.48193,0.036752,0.00804,0.000568,0.0207,0.03188,0.0368,0.04125,0.05302,2.559884,0.16991,0.012015,2.46396,2.5445,2.57975,2.6081,2.67612
241.0,0.525862,0.02608,0.001853,0.48297,0.50988,0.52425,0.53925,0.58585,0.037227,0.00716,0.000509,0.02399,0.0326,0.0371,0.0411,0.05361,0.436912,0.02326,0.001653,0.38278,0.4225,0.4374,0.45162,0.4803,0.037227,0.00716,0.000509,0.02399,0.0326,0.0371,0.0411,0.05361,2.58571,0.04765,0.003386,2.48448,2.55472,2.58845,2.6183,2.68446,0.530506,0.05309,0.003754,0.48319,0.51002,0.52435,0.53998,0.5907,0.036854,0.00804,0.000568,0.0226,0.03258,0.03695,0.0411,0.0536,0.43264,0.04849,0.003429,0.37798,0.42148,0.4374,0.45128,0.48016,0.036854,0.00804,0.000568,0.0226,0.03258,0.03695,0.0411,0.0536,2.569251,0.17089,0.012083,2.46982,2.5542,2.58805,2.6181,2.68435
242.0,0.525105,0.02608,0.001854,0.48205,0.51,0.5223,0.53815,0.58223,0.037377,0.00716,0.000509,0.02469,0.03272,0.0369,0.04125,0.0522,0.437518,0.02348,0.001669,0.38064,0.42342,0.43945,0.45182,0.48083,0.037377,0.00716,0.000509,0.02469,0.03272,0.0369,0.04125,0.0522,2.595253,0.04763,0.003385,2.49381,2.5664,2.5973,2.62888,2.69344,0.529758,0.05318,0.003761,0.48208,0.5102,0.52255,0.53915,0.58866,0.037004,0.00804,0.000569,0.02438,0.03252,0.0369,0.04115,0.05214,0.433238,0.04867,0.003441,0.37889,0.4232,0.4393,0.45168,0.48081,0.037004,0.00804,0.000569,0.02438,0.03252,0.0369,0.04115,0.05214,2.578698,0.1718,0.012148,2.47771,2.5652,2.59725,2.62782,2.69342
243.0,0.524191,0.02588,0.001839,0.48119,0.50955,0.52185,0.53658,0.57905,0.037522,0.0069,0.00049,0.02544,0.033,0.037,0.04128,0.05272,0.438287,0.02347,0.001668,0.38443,0.42475,0.43965,0.45218,0.48007,0.037522,0.0069,0.00049,0.02544,0.033,0.037,0.04128,0.05272,2.604846,0.04773,0.003392,2.50154,2.57642,2.6074,2.6379,2.70043,0.528858,0.0532,0.003762,0.4814,0.50965,0.52215,0.53855,0.58871,0.037146,0.00782,0.000553,0.0247,0.03295,0.0369,0.04122,0.05271,0.433996,0.04876,0.003448,0.3807,0.4238,0.43945,0.45192,0.47996,0.037146,0.00782,0.000553,0.0247,0.03295,0.0369,0.04122,0.05271,2.588196,0.17274,0.012215,2.48775,2.57548,2.60725,2.6379,2.70034
244.0,0.523672,0.0255,0.001812,0.47782,0.50975,0.52035,0.5363,0.57997,0.037299,0.00675,0.00048,0.0261,0.03283,0.03685,0.0414,0.05219,0.439029,0.02332,0.001657,0.38376,0.4268,0.4408,0.4528,0.47806,0.037299,0.00675,0.00048,0.0261,0.03283,0.03685,0.0414,0.05219,2.614137,0.04758,0.003381,2.50937,2.58655,2.61655,2.64568,2.70927,0.528346,0.05308,0.003754,0.47794,0.50985,0.5205,0.53702,0.5885,0.036926,0.00768,0.000543,0.02539,0.03278,0.03675,0.0414,0.05213,0.434727,0.04878,0.003449,0.38124,0.4263,0.44045,0.4526,0.47795,0.036926,0.00768,0.000543,0.02539,0.03278,0.03675,0.0414,0.05213,2.597394,0.17359,0.012275,2.49813,2.5859,2.6162,2.64562,2.70922
245.0,0.522939,0.02515,0.001787,0.47582,0.50868,0.51985,0.5364,0.57627,0.037322,0.00685,0.000487,0.0249,0.0324,0.0369,0.0417,0.05289,0.439738,0.02308,0.00164,0.3866,0.42805,0.44185,0.45368,0.47899,0.037322,0.00685,0.000487,0.0249,0.0324,0.0369,0.0417,0.05289,2.623617,0.04751,0.003376,2.51643,2.5963,2.6267,2.65445,2.71772,0.527624,0.053,0.003748,0.47588,0.50882,0.5199,0.53662,0.58462,0.036949,0.00777,0.000549,0.02457,0.03225,0.0368,0.0417,0.05283,0.435427,0.04875,0.003447,0.38356,0.4274,0.4414,0.45362,0.47893,0.036949,0.00777,0.000549,0.02457,0.03225,0.0368,0.0417,0.05283,2.606779,0.17448,0.012338,2.51039,2.59575,2.6252,2.65435,2.7177
246.0,0.522383,0.02483,0.001765,0.47458,0.50845,0.51925,0.5353,0.5736,0.037468,0.00691,0.000491,0.02436,0.03283,0.0373,0.0418,0.05182,0.440149,0.02284,0.001623,0.39013,0.42795,0.44205,0.45405,0.47891,0.037468,0.00691,0.000491,0.02436,0.03283,0.0373,0.0418,0.05182,2.632993,0.04737,0.003367,2.52633,2.6054,2.6361,2.66608,2.72514,0.527075,0.05293,0.003742,0.47472,0.50855,0.5193,0.5358,0.58513,0.037093,0.00783,0.000553,0.0237,0.03258,0.0372,0.0418,0.0518,0.435832,0.04869,0.003443,0.3838,0.4276,0.44185,0.45395,0.47884,0.037093,0.00783,0.000553,0.0237,0.03258,0.0372,0.0418,0.0518,2.616061,0.17535,0.012399,2.52126,2.60422,2.63475,2.66582,2.72504
247.0,0.521731,0.02461,0.001749,0.47521,0.5069,0.5192,0.53517,0.57349,0.037573,0.00703,0.0005,0.02389,0.03238,0.0371,0.04255,0.05144,0.440696,0.02247,0.001597,0.39047,0.4289,0.44375,0.454,0.47996,0.037573,0.00703,0.0005,0.02389,0.03238,0.0371,0.04255,0.05144,2.642506,0.04723,0.003357,2.53986,2.61525,2.64485,2.6732,2.73315,0.526431,0.0529,0.003741,0.47534,0.5071,0.51945,0.53622,0.5857,0.037198,0.00794,0.000561,0.0235,0.03208,0.03685,0.04245,0.05142,0.436371,0.04859,0.003436,0.38484,0.42815,0.44355,0.454,0.47985,0.037198,0.00794,0.000561,0.0235,0.03208,0.03685,0.04245,0.05142,2.625478,0.17622,0.012461,2.53286,2.61398,2.6446,2.6732,2.73305
248.0,0.521124,0.02426,0.001724,0.47626,0.50585,0.5195,0.53498,0.57242,0.037547,0.0069,0.000491,0.02485,0.0327,0.03725,0.04232,0.05104,0.441329,0.0222,0.001578,0.39195,0.42945,0.4452,0.45398,0.48192,0.037547,0.0069,0.000491,0.02485,0.0327,0.03725,0.04232,0.05104,2.651947,0.04713,0.00335,2.55232,2.6247,2.65325,2.6842,2.73973,0.525832,0.0528,0.003734,0.47629,0.50615,0.5195,0.5356,0.5833,0.037172,0.00782,0.000553,0.0236,0.0326,0.0372,0.04218,0.05102,0.436996,0.04854,0.003432,0.38554,0.4284,0.445,0.45392,0.48184,0.037172,0.00782,0.000553,0.0236,0.0326,0.0372,0.04218,0.05102,2.634826,0.17711,0.012523,2.54246,2.62295,2.65305,2.6832,2.73958
249.0,0.520599,0.02409,0.001712,0.47556,0.50402,0.51915,0.53408,0.57254,0.037605,0.00677,0.000481,0.0252,0.03283,0.0375,0.04227,0.05123,0.441796,0.02212,0.001572,0.39458,0.4294,0.4449,0.45395,0.48402,0.037605,0.00677,0.000481,0.0252,0.03283,0.0375,0.04227,0.05123,2.661332,0.04698,0.003338,2.56407,2.63528,2.66185,2.6934,2.74711,0.525316,0.0528,0.003733,0.47559,0.50508,0.5194,0.53452,0.58132,0.037229,0.00771,0.000545,0.02438,0.03278,0.0374,0.04222,0.05121,0.437456,0.04856,0.003434,0.38656,0.42918,0.4447,0.45385,0.484,0.037229,0.00771,0.000545,0.02438,0.03278,0.0374,0.04222,0.05121,2.644116,0.17797,0.012584,2.55115,2.63225,2.66115,2.6928,2.7469
250.0,0.520155,0.02381,0.001692,0.4749,0.50435,0.5196,0.53308,0.57363,0.037586,0.00682,0.000485,0.02537,0.03335,0.03725,0.04268,0.05231,0.442259,0.02179,0.001549,0.39551,0.42922,0.4448,0.45452,0.48432,0.037586,0.00682,0.000485,0.02537,0.03335,0.03725,0.04268,0.05231,2.670646,0.04675,0.003323,2.57374,2.64482,2.6707,2.70238,2.75422,0.524876,0.05272,0.003728,0.4749,0.50465,0.5198,0.53355,0.57812,0.03721,0.00776,0.000548,0.0246,0.03317,0.03715,0.04262,0.0523,0.437913,0.04847,0.003427,0.38705,0.42865,0.4447,0.45438,0.48431,0.03721,0.00776,0.000548,0.0246,0.03317,0.03715,0.04262,0.0523,2.653338,0.17881,0.012644,2.55794,2.6395,2.66955,2.70232,2.75394
251.0,0.519638,0.02339,0.001662,0.47568,0.50322,0.5186,0.53238,0.57167,0.037511,0.00666,0.000474,0.02549,0.03325,0.037,0.04268,0.05162,0.442852,0.02159,0.001534,0.39505,0.42965,0.4448,0.45598,0.48471,0.037511,0.00666,0.000474,0.02549,0.03325,0.037,0.04268,0.05162,2.679976,0.0465,0.003304,2.58143,2.65355,2.67895,2.71268,2.76208,0.524367,0.0526,0.003719,0.4757,0.50328,0.51885,0.53262,0.57373,0.037136,0.00761,0.000538,0.02398,0.0331,0.03695,0.04242,0.05161,0.438498,0.04845,0.003426,0.38997,0.42922,0.4446,0.45592,0.4847,0.037136,0.00761,0.000538,0.02398,0.0331,0.03695,0.04242,0.05161,2.662575,0.17964,0.012702,2.56932,2.65162,2.6786,2.71262,2.7619
252.0,0.518983,0.02302,0.001636,0.47609,0.50248,0.5183,0.5307,0.5701,0.037769,0.00676,0.00048,0.026,0.03322,0.03775,0.04258,0.05296,0.443247,0.0215,0.001528,0.39641,0.43222,0.445,0.45658,0.48482,0.037769,0.00676,0.00048,0.026,0.03322,0.03775,0.04258,0.05296,2.689557,0.04609,0.003275,2.59211,2.6624,2.68865,2.7232,2.7729,0.523719,0.0525,0.003712,0.4761,0.50282,0.5184,0.5311,0.5729,0.037392,0.00771,0.000545,0.02478,0.03302,0.0376,0.04252,0.05292,0.438889,0.04845,0.003426,0.39272,0.43108,0.44485,0.45652,0.48481,0.037392,0.00771,0.000545,0.02478,0.03302,0.0376,0.04252,0.05292,2.672059,0.18046,0.01276,2.58033,2.65968,2.68825,2.723,2.7729
253.0,0.518293,0.02253,0.001601,0.47678,0.50285,0.5176,0.53065,0.56737,0.037802,0.00678,0.000482,0.0261,0.03317,0.0377,0.04227,0.05216,0.443905,0.02103,0.001495,0.39824,0.43168,0.4452,0.4581,0.48276,0.037802,0.00678,0.000482,0.0261,0.03317,0.0377,0.04227,0.05216,2.699015,0.0458,0.003255,2.60237,2.67025,2.69955,2.73225,2.78111,0.523039,0.05237,0.003703,0.4768,0.50295,0.5178,0.53098,0.57004,0.037424,0.00773,0.000546,0.0239,0.03308,0.03765,0.04222,0.05212,0.439537,0.04833,0.003417,0.39528,0.4311,0.4448,0.4579,0.48272,0.037424,0.00773,0.000546,0.0239,0.03308,0.03765,0.04222,0.05212,2.681423,0.1813,0.01282,2.59134,2.66808,2.6985,2.73215,2.78097
254.0,0.517791,0.02238,0.001591,0.47663,0.50282,0.51735,0.53068,0.56624,0.037886,0.007,0.000497,0.0238,0.0328,0.0375,0.0423,0.05033,0.444323,0.0208,0.001478,0.39849,0.4327,0.4451,0.45802,0.4831,0.037886,0.007,0.000497,0.0238,0.0328,0.0375,0.0423,0.05033,2.708504,0.04559,0.00324,2.61377,2.67908,2.7085,2.74125,2.79187,0.522542,0.05236,0.003702,0.47668,0.50288,0.51795,0.53082,0.56709,0.037508,0.00792,0.00056,0.0236,0.03275,0.0375,0.0423,0.05024,0.439951,0.04827,0.003413,0.39548,0.43225,0.445,0.45788,0.4831,0.037508,0.00792,0.00056,0.0236,0.03275,0.0375,0.0423,0.05024,2.690817,0.18216,0.012881,2.60324,2.67858,2.7081,2.74095,2.79176
255.0,0.517299,0.02202,0.001565,0.47627,0.50448,0.51595,0.53092,0.56326,0.03784,0.00712,0.000506,0.02458,0.03262,0.0376,0.0424,0.05132,0.444861,0.02039,0.001449,0.39794,0.43415,0.44545,0.45942,0.48333,0.03784,0.00712,0.000506,0.02458,0.03262,0.0376,0.0424,0.05132,2.717886,0.04518,0.00321,2.6257,2.68852,2.7187,2.75072,2.80234,0.522057,0.05226,0.003696,0.47629,0.50462,0.5161,0.5317,0.56588,0.037462,0.00803,0.000568,0.02339,0.03248,0.03755,0.0424,0.05131,0.440482,0.04816,0.003405,0.39657,0.43408,0.44505,0.45908,0.48324,0.037462,0.00803,0.000568,0.02339,0.03248,0.03755,0.0424,0.05131,2.700105,0.18297,0.012938,2.61429,2.6881,2.71855,2.74998,2.80231
256.0,0.516804,0.02184,0.001552,0.47569,0.5037,0.51605,0.5308,0.55897,0.037661,0.00729,0.000518,0.02469,0.0323,0.0374,0.04262,0.05178,0.445535,0.02001,0.001422,0.40172,0.43378,0.4457,0.45835,0.48132,0.037661,0.00729,0.000518,0.02469,0.0323,0.0374,0.04262,0.05178,2.727221,0.04487,0.003189,2.6368,2.69825,2.72715,2.7598,2.81023,0.521568,0.05225,0.003695,0.47576,0.5037,0.5162,0.53132,0.56903,0.037284,0.00816,0.000577,0.02279,0.03228,0.03735,0.04228,0.05166,0.441148,0.04808,0.0034,0.39795,0.43338,0.4455,0.45825,0.48118,0.037284,0.00816,0.000577,0.02279,0.03228,0.03735,0.04228,0.05166,2.709347,0.1838,0.012996,2.62614,2.69752,2.7266,2.7588,2.81014
257.0,0.516293,0.02171,0.001543,0.47588,0.50262,0.51595,0.53035,0.55517,0.037505,0.00733,0.000521,0.02476,0.0318,0.03735,0.04168,0.05192,0.446202,0.01975,0.001403,0.40297,0.43542,0.4467,0.45955,0.48102,0.037505,0.00733,0.000521,0.02476,0.0318,0.03735,0.04168,0.05192,2.736546,0.0446,0.00317,2.64784,2.70852,2.73525,2.76902,2.8185,0.521063,0.05225,0.003695,0.47589,0.50268,0.5161,0.53093,0.56808,0.03713,0.00819,0.000579,0.02333,0.03167,0.0372,0.04162,0.0519,0.441807,0.04804,0.003397,0.39998,0.43508,0.44645,0.45945,0.48094,0.03713,0.00819,0.000579,0.02333,0.03167,0.0372,0.04162,0.0519,2.718579,0.18464,0.013056,2.63892,2.70725,2.73515,2.76888,2.81843
258.0,0.516088,0.02166,0.00154,0.47665,0.50262,0.51715,0.53028,0.55592,0.037329,0.00742,0.000527,0.02564,0.03225,0.0372,0.04188,0.05233,0.446583,0.0195,0.001386,0.40388,0.4347,0.44745,0.4588,0.48165,0.037329,0.00742,0.000527,0.02564,0.03225,0.0372,0.04188,0.05233,2.745786,0.04425,0.003145,2.65979,2.71802,2.7443,2.7775,2.82894,0.520862,0.05227,0.003696,0.47668,0.50268,0.5174,0.53082,0.56579,0.036956,0.00827,0.000585,0.02384,0.03195,0.03715,0.04182,0.05231,0.442183,0.04799,0.003393,0.40079,0.4342,0.44735,0.4588,0.48162,0.036956,0.00827,0.000585,0.02384,0.03195,0.03715,0.04182,0.05231,2.727726,0.18545,0.013113,2.65243,2.71777,2.7439,2.7773,2.82892
259.0,0.515806,0.02169,0.001541,0.4762,0.50195,0.51735,0.52992,0.55716,0.037189,0.00754,0.000536,0.02477,0.0318,0.03695,0.04195,0.05085,0.447005,0.01931,0.001373,0.40893,0.43508,0.4488,0.4587,0.48374,0.037189,0.00754,0.000536,0.02477,0.0318,0.03695,0.04195,0.05085,2.754966,0.04394,0.003123,2.66788,2.72762,2.7519,2.78695,2.83636,0.520584,0.05231,0.003699,0.47627,0.50205,0.5176,0.53195,0.56615,0.036817,0.00837,0.000592,0.02229,0.0317,0.0368,0.04185,0.05082,0.4426,0.04796,0.003391,0.40282,0.43485,0.4486,0.4585,0.48372,0.036817,0.00837,0.000592,0.02229,0.0317,0.0368,0.04185,0.05082,2.736814,0.18626,0.013171,2.66458,2.72643,2.75085,2.78685,2.83625
260.0,0.515579,0.0218,0.001549,0.47547,0.49985,0.5163,0.53018,0.55834,0.037039,0.00778,0.000553,0.02395,0.03142,0.0368,0.0422,0.05099,0.447381,0.01919,0.001364,0.41173,0.4353,0.4481,0.45895,0.4823,0.037039,0.00778,0.000553,0.02395,0.03142,0.0368,0.0422,0.05099,2.764076,0.0436,0.003098,2.67597,2.7365,2.7609,2.79435,2.8447,0.52036,0.05239,0.003705,0.47556,0.49995,0.51645,0.5304,0.56161,0.036669,0.00858,0.000607,0.022,0.03118,0.0367,0.0422,0.05093,0.442971,0.04796,0.003391,0.40471,0.43505,0.44785,0.45865,0.48216,0.036669,0.00858,0.000607,0.022,0.03118,0.0367,0.0422,0.05093,2.745833,0.18707,0.013228,2.67432,2.735,2.75965,2.79405,2.84456
261.0,0.515192,0.0219,0.001556,0.47504,0.5,0.51545,0.53032,0.55788,0.036896,0.00782,0.000556,0.02446,0.031,0.03675,0.04177,0.05185,0.447912,0.01911,0.001358,0.41369,0.43525,0.44775,0.4599,0.48303,0.036896,0.00782,0.000556,0.02446,0.031,0.03675,0.04177,0.05185,2.773268,0.04333,0.00308,2.68398,2.74502,2.77115,2.80438,2.85406,0.519979,0.05248,0.003711,0.47508,0.5,0.5162,0.5306,0.56333,0.036527,0.00861,0.000608,0.02268,0.03085,0.0367,0.04172,0.05182,0.443494,0.04799,0.003393,0.40603,0.43512,0.44765,0.4597,0.48301,0.036527,0.00861,0.000608,0.02268,0.03085,0.0367,0.04172,0.05182,2.754933,0.1879,0.013287,2.68278,2.74442,2.77065,2.80412,2.85402
262.0,0.515229,0.02217,0.001575,0.47479,0.50015,0.5162,0.52985,0.55821,0.036525,0.00771,0.000548,0.02398,0.03082,0.03585,0.04175,0.05131,0.448245,0.01913,0.00136,0.41198,0.43502,0.44775,0.46018,0.4826,0.036525,0.00771,0.000548,0.02398,0.03082,0.03585,0.04175,0.05131,2.782113,0.04315,0.003066,2.69309,2.75435,2.77935,2.8127,2.8643,0.520017,0.0526,0.00372,0.4748,0.50045,0.5163,0.53018,0.56145,0.03616,0.00849,0.0006,0.0235,0.0306,0.0358,0.04165,0.0513,0.443823,0.04805,0.003397,0.40548,0.43448,0.44755,0.46012,0.48253,0.03616,0.00849,0.0006,0.0235,0.0306,0.0358,0.04165,0.0513,2.76369,0.18872,0.013344,2.69189,2.7525,2.77835,2.8127,2.86423
263.0,0.515374,0.0224,0.001592,0.471,0.49972,0.51715,0.53078,0.55913,0.036299,0.00772,0.000549,0.02337,0.0306,0.0354,0.04128,0.05212,0.448327,0.01916,0.001362,0.40948,0.43528,0.4471,0.4609,0.48347,0.036299,0.00772,0.000549,0.02337,0.0306,0.0354,0.04128,0.05212,2.790972,0.04298,0.003055,2.70824,2.76262,2.78705,2.82098,2.87345,0.520162,0.0527,0.003727,0.47106,0.50078,0.5172,0.5315,0.56129,0.035936,0.0085,0.000601,0.0223,0.0304,0.03535,0.04122,0.0521,0.443903,0.04808,0.0034,0.40726,0.43478,0.4468,0.4607,0.48342,0.035936,0.0085,0.000601,0.0223,0.0304,0.03535,0.04122,0.0521,2.77246,0.18954,0.013403,2.70084,2.76165,2.7865,2.82092,2.87342
264.0,0.51554,0.02254,0.001602,0.47267,0.5013,0.5171,0.53075,0.55658,0.036081,0.00766,0.000544,0.02235,0.0309,0.03475,0.04148,0.05064,0.448379,0.01921,0.001366,0.40939,0.4346,0.44695,0.46202,0.48385,0.036081,0.00766,0.000544,0.02235,0.0309,0.03475,0.04148,0.05064,2.79983,0.04294,0.003052,2.71876,2.77098,2.7946,2.82968,2.88014,0.520328,0.05277,0.003731,0.47282,0.5015,0.5173,0.53165,0.5636,0.03572,0.00843,0.000596,0.02148,0.03068,0.0347,0.04142,0.05062,0.443952,0.04812,0.003403,0.40704,0.43448,0.4467,0.46188,0.48375,0.03572,0.00843,0.000596,0.02148,0.03068,0.0347,0.04142,0.05062,2.78123,0.19039,0.013463,2.7081,2.7703,2.79405,2.82942,2.87998
265.0,0.515606,0.02274,0.001616,0.47126,0.5018,0.5176,0.53112,0.55484,0.035984,0.00763,0.000542,0.02148,0.03017,0.0348,0.0416,0.05044,0.44841,0.01934,0.001375,0.40977,0.4358,0.4468,0.4618,0.48395,0.035984,0.00763,0.000542,0.02148,0.03017,0.0348,0.0416,0.05044,2.808681,0.04277,0.00304,2.72536,2.78067,2.80295,2.83955,2.88801,0.520395,0.05285,0.003737,0.47129,0.502,0.51805,0.53182,0.5638,0.035624,0.0084,0.000594,0.0209,0.0301,0.03475,0.0416,0.05042,0.443982,0.04818,0.003407,0.40598,0.43512,0.4466,0.4616,0.48392,0.035624,0.0084,0.000594,0.0209,0.0301,0.03475,0.0416,0.05042,2.789992,0.19121,0.013521,2.71688,2.77908,2.8028,2.83945,2.88787
266.0,0.515943,0.02298,0.001633,0.47163,0.50115,0.51835,0.5323,0.55689,0.035653,0.00752,0.000534,0.0217,0.0302,0.03445,0.04118,0.05066,0.448404,0.0195,0.001386,0.41142,0.43562,0.4464,0.46218,0.48472,0.035653,0.00752,0.000534,0.0217,0.0302,0.03445,0.04118,0.05066,2.81733,0.04283,0.003044,2.73334,2.79022,2.8128,2.8484,2.89656,0.520728,0.05292,0.003742,0.47168,0.50125,0.51865,0.53248,0.56355,0.035296,0.00828,0.000586,0.02019,0.0301,0.03425,0.04112,0.05062,0.443975,0.04825,0.003412,0.40893,0.43552,0.4459,0.46212,0.4847,0.035296,0.00828,0.000586,0.02019,0.0301,0.03425,0.04112,0.05062,2.798555,0.19207,0.013581,2.72758,2.79,2.812,2.8484,2.89646
267.0,0.516395,0.0231,0.001642,0.47222,0.50132,0.5184,0.53315,0.55775,0.035396,0.0074,0.000526,0.02082,0.03012,0.0344,0.03997,0.04907,0.448209,0.01959,0.001392,0.41038,0.43463,0.4464,0.46108,0.48372,0.035396,0.0074,0.000526,0.02082,0.03012,0.0344,0.03997,0.04907,2.825906,0.04272,0.003036,2.74333,2.7993,2.8232,2.85745,2.90484,0.521179,0.05297,0.003745,0.4724,0.50158,0.5193,0.53352,0.56228,0.035042,0.00817,0.000577,0.01939,0.03,0.0343,0.03992,0.04896,0.443779,0.0483,0.003415,0.40837,0.4343,0.44605,0.46102,0.48358,0.035042,0.00817,0.000577,0.01939,0.03,0.0343,0.03992,0.04896,2.807045,0.19288,0.013639,2.73865,2.79888,2.8225,2.85715,2.90481
268.0,0.516855,0.02331,0.001656,0.4722,0.50132,0.51895,0.53425,0.55823,0.035103,0.00741,0.000527,0.02106,0.0298,0.0341,0.04047,0.04903,0.448042,0.01981,0.001408,0.41134,0.43382,0.44675,0.46192,0.48643,0.035103,0.00741,0.000527,0.02106,0.0298,0.0341,0.04047,0.04903,2.834454,0.04258,0.003026,2.75158,2.80688,2.8327,2.86558,2.91249,0.521635,0.05302,0.003749,0.47226,0.50158,0.5196,0.53445,0.56158,0.034752,0.00816,0.000577,0.019,0.02938,0.03395,0.04043,0.04901,0.443613,0.04838,0.003421,0.40729,0.43375,0.44655,0.46178,0.48641,0.034752,0.00816,0.000577,0.019,0.02938,0.03395,0.04043,0.04901,2.815507,0.19368,0.013695,2.74665,2.80552,2.83195,2.86533,2.91243
269.0,0.517124,0.02348,0.001669,0.4716,0.50238,0.52005,0.53483,0.55862,0.034844,0.00718,0.00051,0.02146,0.02985,0.0339,0.0405,0.04847,0.448032,0.02015,0.001432,0.41066,0.43352,0.44665,0.46087,0.48785,0.034844,0.00718,0.00051,0.02146,0.02985,0.0339,0.0405,0.04847,2.843103,0.04245,0.003017,2.76246,2.81428,2.841,2.87448,2.92186,0.521903,0.05309,0.003754,0.4716,0.50273,0.5202,0.5351,0.55982,0.034496,0.00794,0.000562,0.0192,0.02978,0.03355,0.0405,0.04842,0.443602,0.04853,0.003432,0.40679,0.43322,0.44625,0.46083,0.48775,0.034496,0.00794,0.000562,0.0192,0.02978,0.03355,0.0405,0.04842,2.82407,0.19449,0.013753,2.75496,2.81325,2.8407,2.87302,2.92168
270.0,0.517596,0.02359,0.001676,0.47198,0.50322,0.51945,0.53508,0.55941,0.034768,0.0071,0.000505,0.02244,0.03012,0.03425,0.03923,0.04911,0.447636,0.02044,0.001452,0.41039,0.433,0.44615,0.46052,0.48625,0.034768,0.0071,0.000505,0.02244,0.03012,0.03425,0.03923,0.04911,2.85172,0.04236,0.00301,2.7717,2.82208,2.8504,2.88445,2.93101,0.522371,0.0531,0.003755,0.472,0.50328,0.51965,0.53575,0.56191,0.03442,0.00787,0.000557,0.01909,0.0301,0.03415,0.03908,0.0491,0.443209,0.04862,0.003438,0.40656,0.43215,0.44535,0.46038,0.48608,0.03442,0.00787,0.000557,0.01909,0.0301,0.03415,0.03908,0.0491,2.8326,0.19531,0.013811,2.76468,2.82018,2.85,2.88415,2.9308
271.0,0.517909,0.02373,0.001686,0.47058,0.50262,0.51965,0.53528,0.55892,0.034693,0.00705,0.000501,0.02238,0.03002,0.034,0.03975,0.04882,0.447398,0.02061,0.001465,0.4106,0.43265,0.4449,0.4606,0.48692,0.034693,0.00705,0.000501,0.02238,0.03002,0.034,0.03975,0.04882,2.860281,0.04239,0.003013,2.78093,2.82975,2.8601,2.89232,2.94035,0.522682,0.05315,0.003758,0.47059,0.50268,0.52005,0.53575,0.5604,0.034346,0.00782,0.000553,0.01939,0.02998,0.03395,0.03965,0.04881,0.442972,0.04868,0.003442,0.40678,0.43255,0.44465,0.4602,0.4869,0.034346,0.00782,0.000553,0.01939,0.02998,0.03395,0.03965,0.04881,2.841076,0.19615,0.01387,2.7733,2.82812,2.8595,2.89218,2.94012
272.0,0.518252,0.02374,0.001687,0.47036,0.50193,0.5203,0.53608,0.55884,0.034733,0.00693,0.000493,0.02168,0.03,0.0341,0.0398,0.04832,0.447016,0.02072,0.001473,0.41179,0.4317,0.44455,0.46067,0.48648,0.034733,0.00693,0.000493,0.02168,0.03,0.0341,0.0398,0.04832,2.868961,0.04231,0.003007,2.79137,2.8388,2.8684,2.90008,2.94987,0.523022,0.05313,0.003757,0.47039,0.50238,0.5206,0.53612,0.56202,0.034386,0.00772,0.000546,0.02059,0.02998,0.03395,0.0398,0.0483,0.442592,0.0487,0.003444,0.40779,0.43128,0.4443,0.46022,0.48636,0.034386,0.00772,0.000546,0.02059,0.02998,0.03395,0.0398,0.0483,2.849669,0.19698,0.013929,2.78045,2.83565,2.8682,2.89983,2.94976
273.0,0.518692,0.02374,0.001687,0.47289,0.50282,0.51875,0.53685,0.55974,0.034675,0.00704,0.0005,0.0208,0.03,0.03435,0.0396,0.0498,0.446633,0.02079,0.001478,0.41049,0.43075,0.44425,0.46087,0.48641,0.034675,0.00704,0.0005,0.0208,0.03,0.03435,0.0396,0.0498,2.877543,0.04221,0.003,2.79746,2.8469,2.87845,2.90832,2.95726,0.523459,0.0531,0.003754,0.47296,0.50288,0.51895,0.53692,0.5646,0.034328,0.00781,0.000552,0.02069,0.02998,0.03425,0.0396,0.0498,0.442213,0.0487,0.003444,0.40895,0.43048,0.44405,0.46083,0.4864,0.034328,0.00781,0.000552,0.02069,0.02998,0.03425,0.0396,0.0498,2.858166,0.1978,0.013986,2.79118,2.84478,2.87805,2.90798,2.95716
274.0,0.518902,0.02365,0.001681,0.47377,0.5026,0.519,0.53588,0.55898,0.034828,0.00702,0.000499,0.0217,0.0306,0.0342,0.039,0.04824,0.44627,0.02089,0.001484,0.40972,0.43072,0.44455,0.46068,0.48692,0.034828,0.00702,0.000499,0.0217,0.0306,0.0342,0.039,0.04824,2.886247,0.04213,0.002994,2.80538,2.85607,2.8887,2.91738,2.96578,0.523667,0.05304,0.003751,0.47379,0.5028,0.51985,0.53655,0.56784,0.03448,0.0078,0.000551,0.0201,0.03058,0.0341,0.039,0.04822,0.441853,0.04872,0.003445,0.40768,0.43048,0.44435,0.46042,0.48691,0.03448,0.0078,0.000551,0.0201,0.03058,0.0341,0.039,0.04822,2.866782,0.19863,0.014045,2.80224,2.85445,2.88765,2.91692,2.96573
275.0,0.519379,0.02378,0.00169,0.47506,0.50395,0.51945,0.5362,0.55787,0.034608,0.00701,0.000498,0.02144,0.03045,0.03375,0.03897,0.05001,0.446014,0.02105,0.001496,0.40898,0.4309,0.44565,0.46105,0.48744,0.034608,0.00701,0.000498,0.02144,0.03045,0.03375,0.03897,0.05001,2.894708,0.04218,0.002997,2.81358,2.8666,2.89735,2.92492,2.97205,0.524141,0.05307,0.003753,0.47508,0.50405,0.5197,0.5367,0.57147,0.034262,0.00778,0.00055,0.0197,0.03032,0.0337,0.03892,0.05,0.441598,0.04878,0.003449,0.40625,0.43048,0.4455,0.46055,0.48742,0.034262,0.00778,0.00055,0.0197,0.03032,0.0337,0.03892,0.05,2.875159,0.19946,0.014104,2.81145,2.86308,2.8971,2.92478,2.97202
276.0,0.519719,0.02387,0.001697,0.4761,0.5036,0.51945,0.5361,0.56058,0.03459,0.0069,0.000491,0.02075,0.0301,0.0341,0.0388,0.05031,0.445691,0.02115,0.001503,0.41011,0.4307,0.44545,0.4606,0.48781,0.03459,0.0069,0.000491,0.02075,0.0301,0.0341,0.0388,0.05031,2.903283,0.04231,0.003007,2.82178,2.87452,2.9062,2.93215,2.97972,0.524479,0.05309,0.003754,0.4761,0.5036,0.51965,0.53645,0.5723,0.034244,0.00769,0.000544,0.01998,0.0299,0.0341,0.0388,0.0503,0.441276,0.0488,0.003451,0.40468,0.43018,0.4453,0.4606,0.4878,0.034244,0.00769,0.000544,0.01998,0.0299,0.0341,0.0388,0.0503,2.883648,0.20033,0.014165,2.81809,2.87258,2.90555,2.93145,2.97971
277.0,0.520029,0.02378,0.00169,0.47818,0.5036,0.51995,0.5372,0.56081,0.034577,0.0068,0.000483,0.02144,0.02952,0.03445,0.0388,0.04983,0.445394,0.02122,0.001508,0.40868,0.4293,0.44445,0.46025,0.48754,0.034577,0.0068,0.000483,0.02144,0.02952,0.03445,0.0388,0.04983,2.911932,0.04223,0.003001,2.82886,2.88202,2.9158,2.9393,2.98554,0.524788,0.05304,0.00375,0.47826,0.5036,0.5201,0.53752,0.57431,0.034231,0.0076,0.000537,0.02029,0.02948,0.0344,0.0388,0.04981,0.440981,0.04882,0.003452,0.40096,0.42918,0.4439,0.46015,0.48751,0.034231,0.0076,0.000537,0.02029,0.02948,0.0344,0.0388,0.04981,2.892211,0.20115,0.014224,2.82399,2.88138,2.9154,2.9389,2.98532
278.0,0.520503,0.02364,0.00168,0.47918,0.50275,0.52035,0.53688,0.56263,0.034435,0.00663,0.000471,0.02189,0.02972,0.0344,0.03875,0.0494,0.445062,0.02106,0.001497,0.40936,0.42978,0.4443,0.45965,0.4866,0.034435,0.00663,0.000471,0.02189,0.02972,0.0344,0.03875,0.0494,2.920425,0.04226,0.003003,2.83598,2.89115,2.92365,2.94892,2.99324,0.525259,0.05295,0.003744,0.47933,0.50285,0.52055,0.53705,0.576,0.034091,0.00744,0.000526,0.02136,0.0296,0.03425,0.03865,0.0494,0.44065,0.04874,0.003446,0.40122,0.4293,0.44415,0.45915,0.48647,0.034091,0.00744,0.000526,0.02136,0.0296,0.03425,0.03865,0.0494,2.900618,0.20199,0.014283,2.83224,2.89022,2.92345,2.94878,2.99308
279.0,0.520787,0.02344,0.001666,0.47626,0.503,0.52115,0.53702,0.56608,0.034356,0.00676,0.00048,0.02191,0.0302,0.03435,0.03868,0.04942,0.444858,0.02093,0.001487,0.40985,0.42968,0.44455,0.45988,0.48518,0.034356,0.00676,0.00048,0.02191,0.0302,0.03435,0.03868,0.04942,2.928994,0.04241,0.003014,2.84386,2.8996,2.9317,2.95822,3.00141,0.52554,0.05284,0.003737,0.47628,0.5034,0.52125,0.53727,0.57529,0.034012,0.00755,0.000534,0.01988,0.02988,0.0343,0.03863,0.0494,0.440447,0.04867,0.003441,0.39862,0.4294,0.4442,0.45982,0.48512,0.034012,0.00755,0.000534,0.01988,0.02988,0.0343,0.03863,0.0494,2.909102,0.20286,0.014344,2.84113,2.89855,2.93115,2.95808,3.00127
280.0,0.521229,0.02349,0.00167,0.47796,0.50315,0.522,0.53625,0.56763,0.034125,0.00663,0.000471,0.02168,0.02995,0.0338,0.03838,0.04785,0.444646,0.02096,0.00149,0.40825,0.42935,0.4443,0.46035,0.48468,0.034125,0.00663,0.000471,0.02168,0.02995,0.0338,0.03838,0.04785,2.93742,0.04257,0.003025,2.85324,2.90835,2.9404,2.96747,3.01084,0.525979,0.05283,0.003736,0.47805,0.50325,0.52215,0.53662,0.57349,0.033784,0.00742,0.000525,0.0213,0.02988,0.03375,0.03832,0.04782,0.440238,0.04867,0.003442,0.39906,0.429,0.4443,0.46025,0.48462,0.033784,0.00742,0.000525,0.0213,0.02988,0.03375,0.03832,0.04782,2.917444,0.20371,0.014405,2.84757,2.90692,2.9397,2.96703,3.01081
281.0,0.521754,0.02341,0.001664,0.47832,0.50317,0.5226,0.5367,0.56994,0.034048,0.0064,0.000455,0.02218,0.03007,0.034,0.0381,0.04741,0.444198,0.02086,0.001482,0.40549,0.429,0.44455,0.46025,0.48155,0.034048,0.0064,0.000455,0.02218,0.03007,0.034,0.0381,0.04741,2.945884,0.04271,0.003036,2.86009,2.91592,2.94875,2.9761,3.0186,0.5265,0.05275,0.00373,0.47837,0.50352,0.5231,0.53703,0.57486,0.033707,0.00722,0.00051,0.0219,0.02988,0.0339,0.0381,0.0474,0.439793,0.04859,0.003436,0.39496,0.42878,0.4439,0.45995,0.48145,0.033707,0.00722,0.00051,0.0219,0.02988,0.0339,0.0381,0.0474,2.925824,0.20457,0.014465,2.85392,2.91515,2.9483,2.9757,3.01847
282.0,0.52219,0.02334,0.001659,0.47959,0.50385,0.52235,0.5366,0.56919,0.033958,0.00637,0.000453,0.02278,0.02952,0.03415,0.03778,0.04693,0.443852,0.02084,0.001481,0.40576,0.42965,0.44435,0.4608,0.48255,0.033958,0.00637,0.000453,0.02278,0.02952,0.03415,0.03778,0.04693,2.954309,0.04283,0.003043,2.86994,2.9246,2.95805,2.9839,3.02981,0.526932,0.05269,0.003726,0.47973,0.50395,0.52255,0.53705,0.57244,0.033618,0.00719,0.000508,0.02188,0.02942,0.034,0.03772,0.04691,0.43945,0.04856,0.003433,0.39422,0.42892,0.4439,0.4608,0.48252,0.033618,0.00719,0.000508,0.02188,0.02942,0.034,0.03772,0.04691,2.934164,0.20541,0.014525,2.86198,2.92312,2.95755,2.9839,3.0298
283.0,0.522421,0.02312,0.001643,0.48131,0.5043,0.522,0.5373,0.56761,0.034094,0.00637,0.000453,0.02288,0.0295,0.03415,0.0382,0.04664,0.443484,0.02084,0.001481,0.40469,0.42992,0.44315,0.46052,0.48224,0.034094,0.00637,0.000453,0.02288,0.0295,0.03415,0.0382,0.04664,2.96291,0.04291,0.00305,2.87969,2.93378,2.9674,2.99185,3.037,0.52716,0.05257,0.003717,0.48137,0.5043,0.5221,0.53772,0.56988,0.033754,0.00719,0.000509,0.0225,0.02938,0.03405,0.0382,0.04661,0.439086,0.04852,0.003431,0.39507,0.42948,0.44305,0.46018,0.48221,0.033754,0.00719,0.000509,0.0225,0.02938,0.03405,0.0382,0.04661,2.942679,0.20627,0.014585,2.87269,2.93262,2.967,2.99175,3.03687
284.0,0.52294,0.02294,0.001631,0.48378,0.5054,0.52225,0.53705,0.56923,0.034287,0.00636,0.000452,0.02388,0.02982,0.034,0.0385,0.04701,0.442773,0.02075,0.001474,0.40215,0.42982,0.4415,0.45952,0.48132,0.034287,0.00636,0.000452,0.02388,0.02982,0.034,0.0385,0.04701,2.971404,0.04304,0.003059,2.88915,2.94345,2.9742,3.00115,3.04534,0.527674,0.05246,0.003709,0.48386,0.5056,0.52255,0.53755,0.57121,0.033944,0.00719,0.000508,0.02339,0.02975,0.034,0.0385,0.04701,0.438382,0.04843,0.003424,0.3969,0.42925,0.44135,0.45918,0.48131,0.033944,0.00719,0.000508,0.02339,0.02975,0.034,0.0385,0.04701,2.951088,0.20713,0.014646,2.88206,2.9417,2.97355,3.00065,3.04511
285.0,0.523258,0.0229,0.001628,0.48282,0.506,0.5224,0.53765,0.57051,0.034222,0.00625,0.000444,0.02419,0.02985,0.0334,0.03835,0.0478,0.44252,0.02068,0.00147,0.40092,0.42988,0.4428,0.45835,0.48015,0.034222,0.00625,0.000444,0.02419,0.02985,0.0334,0.03835,0.0478,2.979876,0.0432,0.00307,2.89669,2.95145,2.9845,3.00982,3.05385,0.52799,0.05242,0.003707,0.48287,0.506,0.5226,0.53792,0.57163,0.03388,0.00709,0.000502,0.024,0.0296,0.03335,0.03825,0.0478,0.43813,0.04839,0.003422,0.39809,0.4296,0.4427,0.45785,0.48012,0.03388,0.00709,0.000502,0.024,0.0296,0.03335,0.03825,0.0478,2.959475,0.20798,0.014707,2.88827,2.95077,2.98365,3.00968,3.05355
286.0,0.523467,0.0228,0.001621,0.48218,0.50772,0.52215,0.5384,0.5711,0.03431,0.00625,0.000444,0.02467,0.02975,0.03345,0.0386,0.04715,0.442223,0.02054,0.00146,0.40157,0.43002,0.44335,0.4581,0.4796,0.03431,0.00625,0.000444,0.02467,0.02975,0.03345,0.0386,0.04715,2.988547,0.04345,0.003088,2.90536,2.9612,2.99265,3.01918,3.06122,0.528198,0.05236,0.003703,0.4822,0.50778,0.5222,0.53858,0.57312,0.033967,0.0071,0.000502,0.02319,0.0296,0.0334,0.0386,0.04712,0.437834,0.04831,0.003416,0.40087,0.4294,0.4433,0.4579,0.47954,0.033967,0.0071,0.000502,0.02319,0.0296,0.0334,0.0386,0.04712,2.96806,0.20888,0.01477,2.89693,2.9603,2.9906,3.01912,3.0608
287.0,0.52384,0.02277,0.001618,0.48174,0.50883,0.52225,0.53948,0.5728,0.034108,0.00636,0.000452,0.02346,0.02972,0.0335,0.0385,0.04743,0.442052,0.02049,0.001456,0.40225,0.4287,0.4432,0.45745,0.47869,0.034108,0.00636,0.000452,0.02346,0.02972,0.0335,0.0385,0.04743,2.997001,0.04364,0.003101,2.91238,2.9713,2.9997,3.0278,3.06966,0.528568,0.05232,0.0037,0.48178,0.50888,0.52235,0.5397,0.57425,0.033767,0.00718,0.000508,0.02269,0.0294,0.0334,0.0385,0.04741,0.437665,0.04828,0.003414,0.39967,0.42808,0.44305,0.45735,0.4785,0.033767,0.00718,0.000508,0.02269,0.0294,0.0334,0.0385,0.04741,2.976429,0.20975,0.014831,2.90504,2.97018,2.99945,3.0274,3.06929
288.0,0.524108,0.02254,0.001602,0.48234,0.50935,0.5227,0.5396,0.57381,0.034173,0.00645,0.000458,0.02298,0.02955,0.03345,0.03847,0.04652,0.44172,0.02036,0.001447,0.4,0.42882,0.4424,0.4571,0.47872,0.034173,0.00645,0.000458,0.02298,0.02955,0.03345,0.03847,0.04652,3.005602,0.04378,0.003112,2.92165,2.9802,3.01135,3.0351,3.08466,0.528834,0.05221,0.003691,0.48238,0.50945,0.52275,0.53995,0.57433,0.033831,0.00726,0.000514,0.02199,0.02935,0.03335,0.03842,0.0465,0.437335,0.0482,0.003408,0.39816,0.42828,0.4424,0.4567,0.47857,0.033831,0.00726,0.000514,0.02199,0.02935,0.03335,0.03842,0.0465,2.984944,0.21062,0.014893,2.9115,2.97938,3.0102,3.0351,3.08462
289.0,0.524401,0.02255,0.001602,0.48462,0.50945,0.5231,0.54038,0.57199,0.034186,0.00635,0.000451,0.02325,0.02942,0.0335,0.03853,0.04621,0.441413,0.02035,0.001446,0.3984,0.42842,0.44265,0.45605,0.47834,0.034186,0.00635,0.000451,0.02325,0.02942,0.0335,0.03853,0.04621,3.014126,0.04402,0.003128,2.92932,2.99035,3.0196,3.04462,3.09242,0.529125,0.0522,0.003691,0.48468,0.50955,0.5234,0.5407,0.57463,0.033844,0.00718,0.000508,0.02259,0.02928,0.03335,0.03838,0.0462,0.43703,0.04818,0.003407,0.3955,0.42768,0.44255,0.45595,0.47832,0.033844,0.00718,0.000508,0.02259,0.02928,0.03335,0.03838,0.0462,2.993382,0.2115,0.014955,2.9179,2.98788,3.0196,3.04408,3.09234
290.0,0.524572,0.02241,0.001593,0.48402,0.51022,0.5229,0.53942,0.57072,0.034344,0.00638,0.000454,0.0229,0.0297,0.0337,0.03853,0.04597,0.441084,0.02036,0.001447,0.39827,0.42728,0.4427,0.45572,0.47766,0.034344,0.00638,0.000454,0.0229,0.0297,0.0337,0.03853,0.04597,3.022836,0.04416,0.003138,2.93872,2.99738,3.0277,3.0531,3.09762,0.529296,0.05213,0.003686,0.48408,0.51028,0.52305,0.54072,0.57187,0.034,0.00722,0.00051,0.02268,0.0297,0.0336,0.03838,0.04592,0.436703,0.04816,0.003405,0.39458,0.42715,0.44235,0.45558,0.47762,0.034,0.00722,0.00051,0.02268,0.0297,0.0336,0.03838,0.04592,3.002006,0.21237,0.015017,2.92686,2.99622,3.02725,3.0517,3.09741
291.0,0.524588,0.02227,0.001583,0.48387,0.50982,0.524,0.53945,0.57001,0.034619,0.00656,0.000466,0.02396,0.0301,0.03355,0.0393,0.04794,0.440793,0.02043,0.001452,0.39605,0.4273,0.44175,0.45455,0.47764,0.034619,0.00656,0.000466,0.02396,0.0301,0.03355,0.0393,0.04794,3.031576,0.04429,0.003148,2.94798,3.0056,3.035,3.0606,3.10528,0.529312,0.05207,0.003682,0.48389,0.50988,0.5243,0.54072,0.57107,0.034272,0.00738,0.000522,0.02269,0.0301,0.03345,0.0393,0.04791,0.436415,0.04817,0.003406,0.39506,0.4266,0.44155,0.45445,0.47762,0.034272,0.00738,0.000522,0.02269,0.0301,0.03345,0.0393,0.04791,3.010659,0.21325,0.015079,2.9338,3.00348,3.03455,3.0604,3.10503
292.0,0.524477,0.02201,0.001564,0.48307,0.51055,0.5235,0.5387,0.56822,0.034846,0.00675,0.00048,0.02288,0.03012,0.0337,0.03968,0.04803,0.440677,0.02027,0.00144,0.39664,0.42742,0.4415,0.4537,0.4757,0.034846,0.00675,0.00048,0.02288,0.03012,0.0337,0.03968,0.04803,3.040455,0.04447,0.00316,2.95853,3.0128,3.04435,3.06945,3.11425,0.529203,0.05198,0.003675,0.48309,0.51065,0.52425,0.5409,0.56979,0.034498,0.00756,0.000535,0.0225,0.0299,0.0335,0.03963,0.04801,0.4363,0.04809,0.003401,0.3957,0.4265,0.44135,0.4537,0.4755,0.034498,0.00756,0.000535,0.0225,0.0299,0.0335,0.03963,0.04801,3.019448,0.21416,0.015143,2.94072,3.01148,3.04395,3.06895,3.11408
293.0,0.524562,0.02175,0.001546,0.48394,0.5105,0.5242,0.54078,0.56638,0.034867,0.00682,0.000484,0.02328,0.03002,0.03425,0.0397,0.04743,0.440571,0.02008,0.001427,0.39833,0.42778,0.4414,0.45398,0.47588,0.034867,0.00682,0.000484,0.02328,0.03002,0.03425,0.0397,0.04743,3.049211,0.04454,0.003165,2.96656,3.02055,3.05375,3.07718,3.12529,0.529288,0.05187,0.003668,0.48398,0.5107,0.5243,0.54115,0.56935,0.034518,0.00762,0.000539,0.02208,0.03,0.0342,0.0397,0.04741,0.436193,0.04802,0.003396,0.39558,0.42715,0.44115,0.45392,0.47583,0.034518,0.00762,0.000539,0.02208,0.03,0.0342,0.0397,0.04741,3.028117,0.21503,0.015205,2.94945,3.02018,3.0531,3.07712,3.12523
294.0,0.52467,0.02152,0.001529,0.48506,0.50982,0.5247,0.53998,0.56739,0.034824,0.00688,0.000489,0.02188,0.0297,0.0346,0.0392,0.04831,0.440506,0.01988,0.001413,0.39882,0.4268,0.44075,0.45348,0.47606,0.034824,0.00688,0.000489,0.02188,0.0297,0.0346,0.0392,0.04831,3.057914,0.04463,0.003172,2.97361,3.0281,3.06305,3.08715,3.1332,0.529396,0.05177,0.003661,0.48522,0.50988,0.5247,0.54015,0.56867,0.034476,0.00768,0.000543,0.02152,0.02942,0.0345,0.0392,0.0483,0.436129,0.04794,0.00339,0.39648,0.42652,0.4401,0.45322,0.47595,0.034476,0.00768,0.000543,0.02152,0.02942,0.0345,0.0392,0.0483,3.036732,0.2159,0.015266,2.9587,3.02775,3.06135,3.08705,3.13294
295.0,0.524697,0.02147,0.001526,0.48408,0.5108,0.5253,0.5389,0.56627,0.034913,0.00699,0.000497,0.02156,0.02995,0.03465,0.0394,0.04901,0.440389,0.01965,0.001396,0.4006,0.4268,0.44125,0.45288,0.47591,0.034913,0.00699,0.000497,0.02156,0.02995,0.03465,0.0394,0.04901,3.066677,0.0447,0.003176,2.98076,3.03705,3.07175,3.0956,3.14433,0.529423,0.05175,0.00366,0.48422,0.5108,0.52555,0.53947,0.56983,0.034564,0.00778,0.00055,0.02096,0.0298,0.03455,0.0394,0.049,0.436012,0.04784,0.003383,0.39758,0.42552,0.44075,0.45282,0.4759,0.034564,0.00778,0.00055,0.02096,0.0298,0.03455,0.0394,0.049,3.045408,0.21676,0.015328,2.96721,3.03538,3.07065,3.0956,3.14411
296.0,0.524577,0.02133,0.001516,0.48618,0.50923,0.5264,0.53818,0.563,0.035112,0.0072,0.000512,0.0217,0.03002,0.03465,0.0403,0.04921,0.440311,0.01944,0.001382,0.40164,0.42658,0.4413,0.453,0.47608,0.035112,0.0072,0.000512,0.0217,0.03002,0.03465,0.0403,0.04921,3.075553,0.04491,0.003192,2.98617,3.0467,3.08065,3.10523,3.15487,0.529305,0.05171,0.003657,0.48653,0.50927,0.52685,0.53842,0.5708,0.03476,0.00798,0.000564,0.02125,0.02972,0.0346,0.0403,0.0492,0.435935,0.04775,0.003376,0.3967,0.42582,0.44105,0.453,0.47602,0.03476,0.00798,0.000564,0.02125,0.02972,0.0346,0.0403,0.0492,3.054196,0.21767,0.015392,2.9756,3.04438,3.07935,3.10508,3.15482
297.0,0.524564,0.02126,0.001511,0.48423,0.50878,0.5266,0.53748,0.56365,0.035185,0.00736,0.000523,0.02277,0.02982,0.035,0.04047,0.0494,0.440251,0.01925,0.001368,0.4026,0.4266,0.4406,0.45318,0.4755,0.035185,0.00736,0.000523,0.02277,0.02982,0.035,0.04047,0.0494,3.084445,0.04509,0.003205,2.99269,3.05745,3.0898,3.11513,3.16154,0.529292,0.0517,0.003655,0.48454,0.50932,0.52675,0.53772,0.5702,0.034833,0.00812,0.000574,0.01995,0.0298,0.03485,0.04022,0.0494,0.435874,0.04768,0.003371,0.39918,0.4259,0.4403,0.45292,0.47543,0.034833,0.00812,0.000574,0.01995,0.0298,0.03485,0.04022,0.0494,3.062998,0.21858,0.015456,2.9864,3.05332,3.0895,3.11498,3.16131
298.0,0.524534,0.02144,0.001524,0.48188,0.50883,0.52675,0.53775,0.56353,0.035221,0.00757,0.000538,0.02184,0.03005,0.0346,0.04038,0.05053,0.440245,0.01921,0.001365,0.40229,0.42675,0.4397,0.4532,0.47604,0.035221,0.00757,0.000538,0.02184,0.03005,0.0346,0.04038,0.05053,3.09333,0.04532,0.003221,3.0023,3.06408,3.0967,3.12528,3.1723,0.529264,0.05178,0.003661,0.48189,0.50888,0.52735,0.53822,0.57055,0.034869,0.00831,0.000588,0.02053,0.02958,0.03455,0.04032,0.05051,0.435867,0.04766,0.00337,0.3993,0.42643,0.43955,0.4532,0.47602,0.034869,0.00831,0.000588,0.02053,0.02958,0.03455,0.04032,0.05051,3.071794,0.21949,0.015521,2.99321,3.06352,3.09645,3.12482,3.1721
299.0,0.524639,0.02143,0.001523,0.48516,0.50905,0.52675,0.53733,0.56432,0.035116,0.0077,0.000548,0.02079,0.0301,0.03445,0.04008,0.05062,0.440245,0.01905,0.001354,0.40493,0.4279,0.4396,0.45358,0.47544,0.035116,0.0077,0.000548,0.02079,0.0301,0.03445,0.04008,0.05062,3.102105,0.04548,0.003232,3.01005,3.07212,3.1066,3.13495,3.18278,0.529369,0.05178,0.003661,0.48532,0.50935,0.52685,0.53772,0.56486,0.034764,0.00843,0.000596,0.02004,0.02988,0.0344,0.04002,0.0506,0.435866,0.04762,0.003367,0.39998,0.42752,0.43935,0.45332,0.47528,0.034764,0.00843,0.000596,0.02004,0.02988,0.0344,0.04002,0.0506,3.080482,0.22038,0.015583,2.99723,3.07038,3.1056,3.13485,3.18272
300.0,0.524494,0.02158,0.001534,0.48455,0.51142,0.52605,0.5377,0.56465,0.035346,0.00785,0.000558,0.02077,0.02942,0.03495,0.041,0.05051,0.44016,0.01887,0.001341,0.40668,0.42865,0.4392,0.45328,0.47608,0.035346,0.00785,0.000558,0.02077,0.02942,0.03495,0.041,0.05051,3.11108,0.04562,0.003242,3.01813,3.0808,3.1152,3.14448,3.19251,0.529226,0.05186,0.003667,0.48465,0.51148,0.52635,0.53815,0.5673,0.034992,0.00857,0.000606,0.01987,0.02938,0.03485,0.041,0.0505,0.435781,0.04754,0.003362,0.40029,0.4285,0.43895,0.45322,0.47603,0.034992,0.00857,0.000606,0.01987,0.02938,0.03485,0.041,0.0505,3.089368,0.22129,0.015647,3.00258,3.0806,3.1149,3.14402,3.19244
